PhaseView,Run,Trial,Key,Time,Location,Direction,MazeType,Diamonds,WallBumped
0,3,7,1,834.9636,4 4,West,2,0,0
0,3,7,1,835.4727,4 4,South,2,0,0
0,3,7,3,836.0297,4 4,West,2,0,0
0,3,7,3,836.5471,4 4,North,2,0,0
0,3,7,2,838.2726,3 4,North,2,0,0
0,3,7,2,838.8539,2 4,North,2,0,0
0,3,7,2,839.4536,1 4,North,2,0,0
0,3,7,2,839.9676,0 4,North,2,0,0
0,3,7,1,840.9337,0 4,West,2,0,0
0,3,7,1,841.9008,0 4,South,2,0,0
0,3,7,2,842.5961,1 4,South,2,0,0
0,3,7,3,843.1412,1 4,West,2,0,0
0,3,7,2,843.7428,1 3,West,2,0,0
0,3,7,1,844.2896,1 3,South,2,0,0
0,3,7,2,844.9316,2 3,South,2,0,0
0,3,7,3,845.52,2 3,West,2,0,0
0,3,7,2,846.3018,2 2,West,2,0,0
0,3,7,6,846.7,2 2,West,2,1,0
0,3,7,3,846.9045,2 2,North,2,1,0
0,3,7,2,847.5066,1 2,North,2,1,0
0,3,7,2,848.0455,0 2,North,2,1,0
0,3,7,1,849.0255,0 2,West,2,1,0
0,3,7,2,849.601,0 1,West,2,1,0
0,3,7,2,850.261,0 0,West,2,1,0
0,3,7,3,850.8155,0 0,North,2,1,0
0,3,7,3,851.4375,0 0,East,2,1,0
0,3,7,2,852.0023,0 1,East,2,1,0
0,3,7,2,852.5594,0 2,East,2,1,0
0,3,7,3,853.0866,0 2,South,2,1,0
0,3,7,2,853.6495,1 2,South,2,1,0
0,3,7,2,854.1904,2 2,South,2,1,0
0,3,7,1,854.7218,2 2,East,2,1,0
0,3,7,2,855.2805,2 3,East,2,1,0
0,3,7,1,855.7948,2 3,North,2,1,0
0,3,7,2,856.3403,1 3,North,2,1,0
0,3,7,3,856.8964,1 3,East,2,1,0
0,3,7,2,857.4781,1 4,East,2,1,0
0,3,7,3,858.032,1 4,South,2,1,0
0,3,7,2,858.6053,2 4,South,2,1,0
0,3,7,2,859.1335,3 4,South,2,1,0
0,3,7,6,859.52,3 4,South,2,2,0
0,3,7,2,859.6674,4 4,South,2,2,0
0,3,7,3,860.1951,4 4,West,2,2,0
0,3,7,3,860.766,4 4,North,2,2,0
0,3,7,1,861.7466,4 4,West,2,2,0
0,3,7,2,862.5576,4 3,West,2,2,0
0,3,7,2,863.1174,4 2,West,2,2,0
0,3,7,3,863.6804,4 2,North,2,2,0
0,3,7,2,864.3038,3 2,North,2,2,0
0,3,7,3,864.8321,3 2,East,2,2,0
0,3,7,1,865.441,3 2,North,2,2,0
0,3,7,1,866.0369,3 2,West,2,2,0
0,3,7,2,866.6209,3 1,West,2,2,0
0,3,7,3,867.1987,3 1,North,2,2,0
0,3,7,2,867.8061,2 1,North,2,2,0
0,3,7,2,868.3558,1 1,North,2,2,0
0,3,7,1,868.8831,1 1,West,2,2,0
0,3,7,2,869.459,1 0,West,2,2,0
0,3,7,1,870.4305,1 0,South,2,2,0
0,3,7,2,871.0239,2 0,South,2,2,0
0,3,7,2,871.5504,3 0,South,2,2,0
0,3,7,2,872.1155,4 0,South,2,2,0
0,3,7,1,872.9441,4 0,East,2,2,0
0,3,7,2,873.5677,4 1,East,2,2,0
0,3,7,1,874.1401,4 1,North,2,2,0
0,3,7,1,874.7107,4 1,West,2,2,0
0,3,7,2,875.2826,4 0,West,2,2,0
0,3,7,3,876.1324,4 0,North,2,2,0
0,3,7,2,876.7532,3 0,North,2,2,0
0,3,7,2,877.3663,2 0,North,2,2,0
0,3,7,2,877.9329,1 0,North,2,2,0
0,3,7,3,878.483,1 0,East,2,2,0
0,3,7,2,879.0591,1 1,East,2,2,0
0,3,7,3,879.5837,1 1,South,2,2,0
0,3,7,2,880.1607,2 1,South,2,2,0
0,3,7,2,880.8445,3 1,South,2,2,0
0,3,7,1,881.7791,3 1,East,2,2,0
0,3,7,2,882.3572,3 2,East,2,2,0
0,3,7,3,883.2787,3 2,South,2,2,0
0,3,7,2,883.8749,4 2,South,2,2,0
0,3,7,1,884.4806,4 2,East,2,2,0
0,3,7,2,885.076,4 3,East,2,2,0
0,3,7,2,885.5867,4 4,East,2,2,0
0,3,7,1,886.3405,4 4,North,2,2,0
0,3,7,2,887.0094,3 4,North,2,2,0
0,3,7,2,887.5498,2 4,North,2,2,0
0,3,7,2,888.445,1 4,North,2,2,0
0,3,7,2,889.2191,0 4,North,2,2,0
0,3,7,3,890.4664,0 4,East,2,2,0
0,3,7,3,891.0413,0 4,South,2,2,0
0,3,7,2,891.6454,1 4,South,2,2,0
0,3,7,3,892.1924,1 4,West,2,2,0
0,3,7,2,892.7858,1 3,West,2,2,0
0,3,7,6,893.2,1 3,West,2,3,0
0,3,7,1,893.4265,1 3,South,2,3,0
0,3,7,2,894.1089,2 3,South,2,3,0
0,3,7,3,894.6865,2 3,West,2,3,0
0,3,7,3,895.2458,2 3,North,2,3,0
0,3,7,1,898.4813,2 3,West,2,3,0
0,3,7,1,899.7928,2 3,South,2,3,0
0,3,7,3,900.3527,2 3,West,2,3,0
0,3,7,2,900.9347,2 2,West,2,3,0
0,3,7,3,901.4727,2 2,North,2,3,0
0,3,7,2,902.0126,1 2,North,2,3,0
0,3,7,2,902.5908,0 2,North,2,3,0
0,3,7,1,903.139,0 2,West,2,3,0
0,3,7,2,903.7122,0 1,West,2,3,0
0,3,7,1,904.2722,0 1,South,2,3,0
0,3,7,1,904.8393,0 1,East,2,3,0
0,3,7,2,905.3772,0 2,East,2,3,0
0,3,7,3,905.8882,0 2,South,2,3,0
0,3,7,2,906.4458,1 2,South,2,3,0
0,3,7,2,906.9586,2 2,South,2,3,0
0,3,7,1,907.8369,2 2,East,2,3,0
0,3,7,2,908.4681,2 3,East,2,3,0
0,3,7,1,909.3615,2 3,North,2,3,0
0,3,7,2,909.9741,1 3,North,2,3,0
0,3,7,3,910.5484,1 3,East,2,3,0
0,3,7,2,911.1505,1 4,East,2,3,0
0,3,7,3,911.7104,1 4,South,2,3,0
0,3,7,2,912.3019,2 4,South,2,3,0
0,3,7,2,912.8315,3 4,South,2,3,0
0,3,7,2,913.4059,4 4,South,2,3,0
0,3,7,3,913.9171,4 4,West,2,3,0
0,3,7,2,914.5296,4 3,West,2,3,0
0,3,7,2,915.0778,4 2,West,2,3,0
0,3,7,3,915.6148,4 2,North,2,3,0
0,3,7,2,916.1779,3 2,North,2,3,0
0,3,7,3,916.7532,3 2,East,2,3,0
0,3,7,1,917.376,3 2,North,2,3,0
0,3,7,1,918.0007,3 2,West,2,3,0
0,3,7,2,918.5417,3 1,West,2,3,0
0,3,7,3,919.0726,3 1,North,2,3,0
0,3,7,2,919.6968,2 1,North,2,3,0
0,3,7,2,920.2743,1 1,North,2,3,0
0,3,7,1,920.8155,1 1,West,2,3,0
0,3,7,2,921.3781,1 0,West,2,3,0
0,3,7,1,921.9072,1 0,South,2,3,0
0,3,7,2,922.5003,2 0,South,2,3,0
0,3,7,2,923.4254,3 0,South,2,3,0
0,3,7,2,923.9996,4 0,South,2,3,0
0,3,7,1,924.5919,4 0,East,2,3,0
0,3,7,2,925.1898,4 1,East,2,3,0
0,3,7,6,925.6,4 1,East,2,4,0
0,3,7,1,925.8229,4 1,North,2,4,0
0,3,7,1,926.4201,4 1,West,2,4,0
0,3,7,2,927.0273,4 0,West,2,4,0
0,3,7,3,927.649,4 0,North,2,4,0
0,3,7,2,928.4501,3 0,North,2,4,0
0,3,7,2,929.0073,2 0,North,2,4,0
0,3,7,2,929.5734,1 0,North,2,4,0
0,3,7,3,930.1486,1 0,East,2,4,0
0,3,7,3,930.877,1 0,South,2,4,0
0,3,7,1,931.5192,1 0,East,2,4,0
0,3,7,2,932.2778,1 1,East,2,4,0
0,3,7,3,932.8185,1 1,South,2,4,0
0,3,7,2,933.414,2 1,South,2,4,0
0,3,7,2,933.9543,3 1,South,2,4,0
0,3,7,1,934.5118,3 1,East,2,4,0
0,3,7,2,935.1051,3 2,East,2,4,0
0,3,7,3,935.6837,3 2,South,2,4,0
0,3,7,2,936.289,4 2,South,2,4,0
0,3,7,1,936.8666,4 2,East,2,4,0
0,3,7,2,937.4865,4 3,East,2,4,0
0,3,7,2,938.1005,4 4,East,2,4,0
0,3,7,1,938.7561,4 4,North,2,4,0
0,3,7,1,939.3111,4 4,West,2,4,0
0,3,7,3,940.67,4 4,North,2,4,0
0,3,7,2,941.286,3 4,North,2,4,0
0,3,7,2,941.9033,2 4,North,2,4,0
0,3,7,2,942.4168,1 4,North,2,4,0
0,3,7,2,943.3159,0 4,North,2,4,0
0,3,7,6,943.7,0 4,North,2,5,0
0,3,7,1,943.858,0 4,West,2,5,0
0,3,7,1,944.4506,0 4,South,2,5,0
0,3,7,2,945.0259,1 4,South,2,5,0
0,3,7,3,945.5813,1 4,West,2,5,0
0,3,7,2,946.2118,1 3,West,2,5,0
0,3,7,1,946.7879,1 3,South,2,5,0
0,3,7,2,947.365,2 3,South,2,5,0
0,3,7,3,947.9337,2 3,West,2,5,0
0,3,7,2,948.53,2 2,West,2,5,0
0,3,7,3,949.0604,2 2,North,2,5,0
0,3,7,2,949.5735,1 2,North,2,5,0
0,3,7,2,950.1131,0 2,North,2,5,0
0,3,7,1,950.6606,0 2,West,2,5,0
0,3,7,2,951.2132,0 1,West,2,5,0
0,3,7,6,951.62,0 1,West,2,6,0
0,3,7,3,951.796,0 1,North,2,6,0
0,3,7,3,952.4201,0 1,East,2,6,0
0,3,7,2,952.9651,0 2,East,2,6,0
0,3,7,3,953.501,0 2,South,2,6,0
0,3,7,2,954.0611,1 2,South,2,6,0
0,3,7,2,954.6116,2 2,South,2,6,0
0,3,7,2,955.3981,2 2,South,2,6,0
0,3,7,1,955.7125,2 2,East,2,6,0
0,3,7,2,956.2902,2 3,East,2,6,0
0,3,7,1,957.1021,2 3,North,2,6,0
0,3,7,2,957.6644,1 3,North,2,6,0
0,3,7,3,958.2571,1 3,East,2,6,0
0,3,7,2,958.8204,1 4,East,2,6,0
0,3,7,6,959.24,1 4,East,2,7,0
0,3,7,1,959.6042,1 4,North,2,7,0
0,3,7,1,960.3854,1 4,West,2,7,0
0,3,7,1,960.9592,1 4,South,2,7,0
0,3,7,2,961.5197,2 4,South,2,7,0
0,3,7,2,962.1184,3 4,South,2,7,0
0,3,7,2,962.6707,4 4,South,2,7,0
0,3,7,3,963.442,4 4,West,2,7,0
0,3,7,2,964.288,4 3,West,2,7,0
0,3,7,2,964.9765,4 2,West,2,7,0
0,3,7,3,965.5206,4 2,North,2,7,0
0,3,7,2,966.1342,3 2,North,2,7,0
0,3,7,1,966.6601,3 2,West,2,7,0
0,3,7,2,967.3429,3 1,West,2,7,0
0,3,7,3,967.9176,3 1,North,2,7,0
0,3,7,2,968.6843,2 1,North,2,7,0
0,3,7,2,969.2454,1 1,North,2,7,0
0,3,7,1,969.7756,1 1,West,2,7,0
0,3,7,2,970.3423,1 0,West,2,7,0
0,3,7,6,970.74,1 0,West,2,8,0
2,3,7,1,975.9653,4 4,West,2,0,0
2,3,7,3,976.9317,4 4,North,2,0,0
2,3,7,2,977.5884,3 4,North,2,0,0
2,3,7,2,978.1431,2 4,North,2,0,0
2,3,7,2,979.171,1 4,North,2,0,0
2,3,7,1,979.7607,1 4,West,2,0,0
2,3,7,2,980.4191,1 3,West,2,0,0
2,3,7,1,981.0075,1 3,South,2,0,0
2,3,7,2,981.5869,2 3,South,2,0,0
2,3,7,3,982.2278,2 3,West,2,0,0
2,3,7,2,982.7852,2 2,West,2,0,0
2,3,7,6,983.2,2 2,West,2,1,0
2,3,7,3,983.4224,2 2,North,2,1,0
2,3,7,3,983.9644,2 2,East,2,1,0
2,3,7,3,984.4976,2 2,South,2,1,0
2,3,7,1,985.3964,2 2,East,2,1,0
2,3,7,2,986.0156,2 3,East,2,1,0
2,3,7,3,986.5895,2 3,South,2,1,0
2,3,7,2,987.123,2 3,South,2,1,1
2,3,7,1,987.6711,2 3,East,2,1,1
2,3,7,1,988.4971,2 3,North,2,1,1
2,3,7,2,989.069,1 3,North,2,1,1
2,3,7,3,989.6516,1 3,East,2,1,1
2,3,7,2,990.5085,1 4,East,2,1,1
2,3,7,3,991.1196,1 4,South,2,1,1
2,3,7,2,991.7171,2 4,South,2,1,1
2,3,7,2,992.2852,3 4,South,2,1,1
2,3,7,6,992.66,3 4,South,2,2,1
2,3,7,3,992.8671,3 4,West,2,2,1
2,3,7,3,993.4131,3 4,North,2,2,1
2,3,7,2,994.207,2 4,North,2,2,1
2,3,7,2,994.7345,1 4,North,2,2,1
2,3,7,1,995.2454,1 4,West,2,2,1
2,3,7,2,995.8079,1 3,West,2,2,1
2,3,7,6,996.22,1 3,West,2,3,1
2,3,7,1,996.5344,1 3,South,2,3,1
2,3,7,1,997.1237,1 3,East,2,3,1
2,3,7,2,997.679,1 4,East,2,3,1
2,3,7,3,998.2213,1 4,South,2,3,1
2,3,7,2,998.8635,2 4,South,2,3,1
2,3,7,2,999.4863,3 4,South,2,3,1
2,3,7,2,1000.067,4 4,South,2,3,1
2,3,7,3,1000.737,4 4,West,2,3,1
2,3,7,2,1001.335,4 3,West,2,3,1
2,3,7,2,1001.965,4 2,West,2,3,1
2,3,7,3,1002.672,4 2,North,2,3,1
2,3,7,2,1003.281,3 2,North,2,3,1
2,3,7,2,1004.085,3 2,North,2,3,2
2,3,7,1,1004.531,3 2,West,2,3,2
2,3,7,2,1005.247,3 1,West,2,3,2
2,3,7,3,1005.823,3 1,North,2,3,2
2,3,7,2,1006.397,2 1,North,2,3,2
2,3,7,1,1007.006,2 1,West,2,3,2
2,3,7,2,1007.589,2 1,West,2,3,3
2,3,7,1,1008.05,2 1,South,2,3,3
2,3,7,3,1010.279,2 1,West,2,3,3
2,3,7,3,1010.806,2 1,North,2,3,3
2,3,7,2,1011.407,1 1,North,2,3,3
2,3,7,1,1011.933,1 1,West,2,3,3
2,3,7,2,1012.51,1 0,West,2,3,3
2,3,7,1,1013.042,1 0,South,2,3,3
2,3,7,2,1013.646,2 0,South,2,3,3
2,3,7,2,1014.239,3 0,South,2,3,3
2,3,7,2,1014.877,4 0,South,2,3,3
2,3,7,1,1015.439,4 0,East,2,3,3
2,3,7,2,1015.968,4 1,East,2,3,3
2,3,7,6,1016.38,4 1,East,2,4,3
2,3,7,1,1016.578,4 1,North,2,4,3
2,3,7,1,1017.157,4 1,West,2,4,3
2,3,7,2,1017.742,4 0,West,2,4,3
2,3,7,3,1018.308,4 0,North,2,4,3
2,3,7,2,1018.885,3 0,North,2,4,3
2,3,7,2,1020.032,2 0,North,2,4,3
2,3,7,6,1020.42,2 0,North,2,5,3
2,3,7,3,1020.912,2 0,East,2,5,3
2,3,7,3,1021.653,2 0,South,2,5,3
2,3,7,2,1022.288,3 0,South,2,5,3
2,3,7,1,1022.886,3 0,East,2,5,3
2,3,7,2,1023.458,3 0,East,2,5,4
2,3,7,1,1023.891,3 0,North,2,5,4
2,3,7,2,1024.418,2 0,North,2,5,4
2,3,7,3,1025.069,2 0,East,2,5,4
2,3,7,2,1025.647,2 0,East,2,5,5
2,3,7,1,1026.142,2 0,North,2,5,5
2,3,7,2,1026.765,1 0,North,2,5,5
2,3,7,3,1027.44,1 0,East,2,5,5
2,3,7,2,1028.144,1 1,East,2,5,5
2,3,7,3,1029.042,1 1,South,2,5,5
2,3,7,2,1029.732,2 1,South,2,5,5
2,3,7,2,1030.339,3 1,South,2,5,5
2,3,7,1,1030.912,3 1,East,2,5,5
2,3,7,2,1031.55,3 2,East,2,5,5
2,3,7,3,1032.141,3 2,South,2,5,5
2,3,7,2,1032.752,4 2,South,2,5,5
2,3,7,1,1033.314,4 2,East,2,5,5
2,3,7,2,1033.843,4 3,East,2,5,5
2,3,7,2,1034.401,4 4,East,2,5,5
2,3,7,1,1035.053,4 4,North,2,5,5
2,3,7,2,1035.613,3 4,North,2,5,5
2,3,7,2,1036.189,2 4,North,2,5,5
2,3,7,2,1036.804,1 4,North,2,5,5
2,3,7,2,1037.429,0 4,North,2,5,5
2,3,7,1,1037.954,0 4,West,2,5,5
2,3,7,2,1038.559,0 3,West,2,5,5
2,3,7,2,1039.137,0 3,West,2,5,6
2,3,7,1,1041.235,0 3,South,2,5,6
2,3,7,1,1041.76,0 3,East,2,5,6
2,3,7,2,1042.355,0 4,East,2,5,6
2,3,7,3,1042.989,0 4,South,2,5,6
2,3,7,2,1043.557,1 4,South,2,5,6
2,3,7,3,1044.196,1 4,West,2,5,6
2,3,7,2,1044.948,1 3,West,2,5,6
2,3,7,1,1045.488,1 3,South,2,5,6
2,3,7,2,1046.064,2 3,South,2,5,6
2,3,7,3,1046.672,2 3,West,2,5,6
2,3,7,2,1047.248,2 2,West,2,5,6
2,3,7,3,1047.875,2 2,North,2,5,6
2,3,7,2,1048.493,1 2,North,2,5,6
2,3,7,2,1049.055,0 2,North,2,5,6
2,3,7,6,1049.44,0 2,North,2,6,6
2,3,7,1,1049.669,0 2,West,2,6,6
2,3,7,1,1050.325,0 2,South,2,6,6
2,3,7,2,1052.26,1 2,South,2,6,6
2,3,7,1,1052.853,1 2,East,2,6,6
2,3,7,3,1053.511,1 2,South,2,6,6
2,3,7,2,1054.099,2 2,South,2,6,6
2,3,7,1,1054.686,2 2,East,2,6,6
2,3,7,2,1055.229,2 3,East,2,6,6
2,3,7,1,1055.774,2 3,North,2,6,6
2,3,7,2,1056.32,1 3,North,2,6,6
2,3,7,3,1057.236,1 3,East,2,6,6
2,3,7,2,1058.334,1 4,East,2,6,6
2,3,7,3,1058.982,1 4,South,2,6,6
2,3,7,2,1059.537,2 4,South,2,6,6
2,3,7,2,1060.194,3 4,South,2,6,6
2,3,7,3,1060.722,3 4,West,2,6,6
2,3,7,1,1061.426,3 4,South,2,6,6
2,3,7,2,1062.021,4 4,South,2,6,6
2,3,7,3,1062.624,4 4,West,2,6,6
2,3,7,2,1063.286,4 3,West,2,6,6
2,3,7,2,1063.857,4 2,West,2,6,6
2,3,7,3,1064.435,4 2,North,2,6,6
2,3,7,2,1064.981,3 2,North,2,6,6
2,3,7,2,1065.585,3 2,North,2,6,7
2,3,7,1,1065.988,3 2,West,2,6,7
2,3,7,2,1066.565,3 1,West,2,6,7
2,3,7,6,1066.98,3 1,West,2,7,7
2,3,7,3,1067.567,3 1,North,2,7,7
2,3,7,3,1068.11,3 1,East,2,7,7
2,3,7,1,1068.797,3 1,North,2,7,7
2,3,7,3,1069.39,3 1,East,2,7,7
2,3,7,3,1070.019,3 1,South,2,7,7
2,3,7,1,1071.236,3 1,East,2,7,7
2,3,7,2,1071.924,3 2,East,2,7,7
2,3,7,3,1072.51,3 2,South,2,7,7
2,3,7,2,1073.109,4 2,South,2,7,7
2,3,7,1,1073.667,4 2,East,2,7,7
2,3,7,2,1074.326,4 3,East,2,7,7
2,3,7,1,1074.913,4 3,North,2,7,7
2,3,7,2,1075.55,4 3,North,2,7,8
2,3,7,3,1076,4 3,East,2,7,8
2,3,7,2,1076.612,4 4,East,2,7,8
2,3,7,1,1077.184,4 4,North,2,7,8
2,3,7,2,1077.715,3 4,North,2,7,8
2,3,7,2,1078.486,2 4,North,2,7,8
2,3,7,2,1079.076,1 4,North,2,7,8
2,3,7,6,1079.46,1 4,North,2,8,8
0,3,8,1,1082.838,4 4,West,2,0,8
0,3,8,2,1083.475,4 3,West,2,0,8
0,3,8,2,1084.032,4 2,West,2,0,8
0,3,8,3,1084.547,4 2,North,2,0,8
0,3,8,2,1085.092,3 2,North,2,0,8
0,3,8,3,1085.648,3 2,East,2,0,8
0,3,8,1,1086.244,3 2,North,2,0,8
0,3,8,1,1086.802,3 2,West,2,0,8
0,3,8,2,1087.396,3 1,West,2,0,8
0,3,8,3,1087.984,3 1,North,2,0,8
0,3,8,2,1088.541,2 1,North,2,0,8
0,3,8,2,1089.166,1 1,North,2,0,8
0,3,8,1,1089.693,1 1,West,2,0,8
0,3,8,2,1090.224,1 0,West,2,0,8
0,3,8,1,1090.851,1 0,South,2,0,8
0,3,8,1,1091.684,1 0,East,2,0,8
0,3,8,2,1092.402,1 1,East,2,0,8
0,3,8,3,1093.119,1 1,South,2,0,8
0,3,8,2,1093.714,2 1,South,2,0,8
0,3,8,2,1094.271,3 1,South,2,0,8
0,3,8,1,1094.817,3 1,East,2,0,8
0,3,8,2,1095.375,3 2,East,2,0,8
0,3,8,3,1096.31,3 2,South,2,0,8
0,3,8,2,1096.894,4 2,South,2,0,8
0,3,8,1,1097.456,4 2,East,2,0,8
0,3,8,2,1097.972,4 3,East,2,0,8
0,3,8,1,1098.895,4 3,North,2,0,8
0,3,8,3,1099.453,4 3,East,2,0,8
0,3,8,2,1100.08,4 4,East,2,0,8
0,3,8,1,1100.927,4 4,North,2,0,8
0,3,8,2,1101.471,3 4,North,2,0,8
0,3,8,2,1102.065,2 4,North,2,0,8
0,3,8,2,1102.687,1 4,North,2,0,8
0,3,8,2,1103.204,0 4,North,2,0,8
0,3,8,1,1104.162,0 4,West,2,0,8
0,3,8,1,1104.691,0 4,South,2,0,8
0,3,8,2,1105.294,1 4,South,2,0,8
0,3,8,3,1105.823,1 4,West,2,0,8
0,3,8,2,1106.382,1 3,West,2,0,8
0,3,8,1,1107.188,1 3,South,2,0,8
0,3,8,2,1107.81,2 3,South,2,0,8
0,3,8,6,1108.2,2 3,South,2,1,8
0,3,8,3,1108.435,2 3,West,2,1,8
0,3,8,2,1109.013,2 2,West,2,1,8
0,3,8,3,1109.554,2 2,North,2,1,8
0,3,8,2,1110.1,1 2,North,2,1,8
0,3,8,2,1110.661,0 2,North,2,1,8
0,3,8,1,1111.234,0 2,West,2,1,8
0,3,8,2,1111.79,0 1,West,2,1,8
0,3,8,1,1112.318,0 1,South,2,1,8
0,3,8,1,1112.943,0 1,East,2,1,8
0,3,8,2,1113.535,0 2,East,2,1,8
0,3,8,3,1114.065,0 2,South,2,1,8
0,3,8,2,1114.67,1 2,South,2,1,8
0,3,8,2,1115.203,2 2,South,2,1,8
0,3,8,1,1115.782,2 2,East,2,1,8
0,3,8,2,1116.368,2 3,East,2,1,8
0,3,8,1,1116.943,2 3,North,2,1,8
0,3,8,2,1117.506,1 3,North,2,1,8
0,3,8,3,1118.063,1 3,East,2,1,8
0,3,8,2,1118.644,1 4,East,2,1,8
0,3,8,1,1119.247,1 4,North,2,1,8
0,3,8,1,1119.886,1 4,West,2,1,8
0,3,8,1,1120.75,1 4,South,2,1,8
0,3,8,2,1121.317,2 4,South,2,1,8
0,3,8,2,1122.175,3 4,South,2,1,8
0,3,8,2,1122.722,4 4,South,2,1,8
0,3,8,3,1123.605,4 4,West,2,1,8
0,3,8,2,1124.208,4 3,West,2,1,8
0,3,8,2,1124.72,4 2,West,2,1,8
0,3,8,3,1125.605,4 2,North,2,1,8
0,3,8,2,1126.179,3 2,North,2,1,8
0,3,8,6,1126.56,3 2,North,2,2,8
0,3,8,3,1126.729,3 2,East,2,2,8
0,3,8,1,1127.293,3 2,North,2,2,8
0,3,8,1,1127.907,3 2,West,2,2,8
0,3,8,2,1128.589,3 1,West,2,2,8
0,3,8,3,1129.279,3 1,North,2,2,8
0,3,8,2,1129.905,2 1,North,2,2,8
0,3,8,6,1130.28,2 1,North,2,3,8
0,3,8,2,1130.449,1 1,North,2,3,8
0,3,8,1,1131.009,1 1,West,2,3,8
0,3,8,2,1131.619,1 0,West,2,3,8
0,3,8,1,1132.13,1 0,South,2,3,8
0,3,8,1,1133.072,1 0,East,2,3,8
0,3,8,2,1133.697,1 1,East,2,3,8
0,3,8,3,1134.208,1 1,South,2,3,8
0,3,8,2,1134.801,2 1,South,2,3,8
0,3,8,2,1135.362,3 1,South,2,3,8
0,3,8,6,1135.74,3 1,South,2,4,8
0,3,8,1,1135.904,3 1,East,2,4,8
0,3,8,2,1136.469,3 2,East,2,4,8
0,3,8,2,1136.99,3 3,East,2,4,8
0,3,8,6,1137.4,3 3,East,2,5,8
0,3,8,3,1137.557,3 3,South,2,5,8
0,3,8,3,1138.068,3 3,West,2,5,8
0,3,8,2,1138.662,3 2,West,2,5,8
0,3,8,1,1139.181,3 2,South,2,5,8
0,3,8,2,1139.741,4 2,South,2,5,8
0,3,8,1,1140.325,4 2,East,2,5,8
0,3,8,2,1140.851,4 3,East,2,5,8
0,3,8,2,1141.827,4 4,East,2,5,8
0,3,8,1,1142.403,4 4,North,2,5,8
0,3,8,2,1143.011,3 4,North,2,5,8
0,3,8,2,1143.569,2 4,North,2,5,8
0,3,8,2,1144.501,1 4,North,2,5,8
0,3,8,1,1145.373,1 4,West,2,5,8
0,3,8,2,1146.099,1 3,West,2,5,8
0,3,8,1,1147.01,1 3,South,2,5,8
0,3,8,2,1147.614,2 3,South,2,5,8
0,3,8,3,1148.173,2 3,West,2,5,8
0,3,8,2,1148.77,2 2,West,2,5,8
0,3,8,3,1149.346,2 2,North,2,5,8
0,3,8,2,1149.893,1 2,North,2,5,8
0,3,8,2,1150.43,0 2,North,2,5,8
0,3,8,1,1150.977,0 2,West,2,5,8
0,3,8,2,1151.502,0 1,West,2,5,8
0,3,8,1,1152.389,0 1,South,2,5,8
0,3,8,1,1153.199,0 1,East,2,5,8
0,3,8,2,1153.759,0 2,East,2,5,8
0,3,8,3,1154.286,0 2,South,2,5,8
0,3,8,2,1154.883,1 2,South,2,5,8
0,3,8,2,1155.413,2 2,South,2,5,8
0,3,8,1,1155.988,2 2,East,2,5,8
0,3,8,2,1156.498,2 3,East,2,5,8
0,3,8,1,1157.061,2 3,North,2,5,8
0,3,8,2,1157.633,1 3,North,2,5,8
0,3,8,3,1158.181,1 3,East,2,5,8
0,3,8,2,1158.77,1 4,East,2,5,8
0,3,8,3,1159.359,1 4,South,2,5,8
0,3,8,2,1159.874,2 4,South,2,5,8
0,3,8,2,1160.531,3 4,South,2,5,8
0,3,8,2,1161.092,4 4,South,2,5,8
0,3,8,3,1161.654,4 4,West,2,5,8
0,3,8,2,1162.211,4 3,West,2,5,8
0,3,8,2,1162.757,4 2,West,2,5,8
0,3,8,3,1163.318,4 2,North,2,5,8
0,3,8,2,1163.92,3 2,North,2,5,8
0,3,8,3,1164.452,3 2,East,2,5,8
0,3,8,3,1165.037,3 2,South,2,5,8
0,3,8,3,1165.651,3 2,West,2,5,8
0,3,8,2,1166.239,3 1,West,2,5,8
0,3,8,3,1166.797,3 1,North,2,5,8
0,3,8,2,1167.411,2 1,North,2,5,8
0,3,8,2,1167.948,1 1,North,2,5,8
0,3,8,1,1168.56,1 1,West,2,5,8
0,3,8,2,1169.09,1 0,West,2,5,8
0,3,8,1,1169.681,1 0,South,2,5,8
0,3,8,2,1170.277,2 0,South,2,5,8
0,3,8,2,1170.799,3 0,South,2,5,8
0,3,8,6,1171.18,3 0,South,2,6,8
0,3,8,2,1171.362,4 0,South,2,6,8
0,3,8,1,1172.301,4 0,East,2,6,8
0,3,8,1,1172.913,4 0,North,2,6,8
0,3,8,2,1173.474,3 0,North,2,6,8
0,3,8,2,1173.983,2 0,North,2,6,8
0,3,8,2,1174.878,1 0,North,2,6,8
0,3,8,3,1175.472,1 0,East,2,6,8
0,3,8,2,1176.031,1 1,East,2,6,8
0,3,8,3,1176.61,1 1,South,2,6,8
0,3,8,2,1177.249,2 1,South,2,6,8
0,3,8,2,1177.824,3 1,South,2,6,8
0,3,8,1,1178.371,3 1,East,2,6,8
0,3,8,3,1178.973,3 1,South,2,6,8
0,3,8,1,1179.858,3 1,East,2,6,8
0,3,8,2,1180.528,3 2,East,2,6,8
0,3,8,3,1181.105,3 2,South,2,6,8
0,3,8,2,1181.709,4 2,South,2,6,8
0,3,8,1,1182.37,4 2,East,2,6,8
0,3,8,2,1182.941,4 3,East,2,6,8
0,3,8,2,1183.534,4 4,East,2,6,8
0,3,8,1,1184.125,4 4,North,2,6,8
0,3,8,2,1184.721,3 4,North,2,6,8
0,3,8,2,1185.295,2 4,North,2,6,8
0,3,8,6,1185.68,2 4,North,2,7,8
0,3,8,2,1185.844,1 4,North,2,7,8
0,3,8,1,1186.397,1 4,West,2,7,8
0,3,8,2,1187.106,1 3,West,2,7,8
0,3,8,1,1187.65,1 3,South,2,7,8
0,3,8,2,1188.245,2 3,South,2,7,8
0,3,8,3,1188.916,2 3,West,2,7,8
0,3,8,2,1189.475,2 2,West,2,7,8
0,3,8,3,1190.061,2 2,North,2,7,8
0,3,8,2,1190.636,1 2,North,2,7,8
0,3,8,6,1191.02,1 2,North,2,8,8
2,3,8,2,1193.871,3 4,North,2,0,0
2,3,8,2,1194.467,2 4,North,2,0,0
2,3,8,2,1194.995,1 4,North,2,0,0
2,3,8,1,1195.589,1 4,West,2,0,0
2,3,8,2,1196.173,1 3,West,2,0,0
2,3,8,1,1196.742,1 3,South,2,0,0
2,3,8,2,1197.346,2 3,South,2,0,0
2,3,8,6,1197.72,2 3,South,2,1,0
2,3,8,3,1197.903,2 3,West,2,1,0
2,3,8,3,1200.15,2 3,North,2,1,0
2,3,8,2,1200.755,1 3,North,2,1,0
2,3,8,3,1201.36,1 3,East,2,1,0
2,3,8,2,1201.906,1 4,East,2,1,0
2,3,8,3,1202.565,1 4,South,2,1,0
2,3,8,2,1203.085,2 4,South,2,1,0
2,3,8,2,1204.013,3 4,South,2,1,0
2,3,8,2,1204.594,4 4,South,2,1,0
2,3,8,3,1205.234,4 4,West,2,1,0
2,3,8,2,1205.773,4 3,West,2,1,0
2,3,8,2,1206.338,4 2,West,2,1,0
2,3,8,3,1206.895,4 2,North,2,1,0
2,3,8,2,1207.456,3 2,North,2,1,0
2,3,8,6,1207.84,3 2,North,2,2,0
2,3,8,2,1208.372,3 2,North,2,2,1
2,3,8,1,1208.839,3 2,West,2,2,1
2,3,8,2,1209.41,3 1,West,2,2,1
2,3,8,3,1210.06,3 1,North,2,2,1
2,3,8,2,1210.609,2 1,North,2,2,1
2,3,8,6,1211,2 1,North,2,3,1
2,3,8,1,1211.423,2 1,West,2,3,1
2,3,8,1,1212.005,2 1,South,2,3,1
2,3,8,3,1212.786,2 1,West,2,3,1
2,3,8,2,1213.442,2 1,West,2,3,2
2,3,8,1,1213.886,2 1,South,2,3,2
2,3,8,2,1214.464,3 1,South,2,3,2
2,3,8,6,1214.84,3 1,South,2,4,2
2,3,8,1,1215.519,3 1,East,2,4,2
2,3,8,1,1216.066,3 1,North,2,4,2
2,3,8,2,1216.627,2 1,North,2,4,2
2,3,8,3,1217.245,2 1,East,2,4,2
2,3,8,2,1217.814,2 1,East,2,4,3
2,3,8,1,1218.403,2 1,North,2,4,3
2,3,8,2,1219.07,1 1,North,2,4,3
2,3,8,3,1219.618,1 1,East,2,4,3
2,3,8,2,1220.238,1 1,East,2,4,4
2,3,8,1,1221.024,1 1,North,2,4,4
2,3,8,2,1221.828,1 1,North,2,4,5
2,3,8,1,1222.208,1 1,West,2,4,5
2,3,8,2,1222.902,1 0,West,2,4,5
2,3,8,1,1223.535,1 0,South,2,4,5
2,3,8,2,1224.269,2 0,South,2,4,5
2,3,8,1,1225.347,2 0,East,2,4,5
2,3,8,2,1225.985,2 0,East,2,4,6
2,3,8,3,1226.338,2 0,South,2,4,6
2,3,8,2,1227.587,3 0,South,2,4,6
2,3,8,2,1228.404,4 0,South,2,4,6
2,3,8,1,1229.039,4 0,East,2,4,6
2,3,8,1,1229.917,4 0,North,2,4,6
2,3,8,2,1230.597,3 0,North,2,4,6
2,3,8,2,1231.268,2 0,North,2,4,6
2,3,8,3,1232.719,2 0,East,2,4,6
2,3,8,1,1233.393,2 0,North,2,4,6
2,3,8,2,1234.03,1 0,North,2,4,6
2,3,8,3,1234.659,1 0,East,2,4,6
2,3,8,2,1235.296,1 1,East,2,4,6
2,3,8,3,1235.968,1 1,South,2,4,6
2,3,8,2,1236.637,2 1,South,2,4,6
2,3,8,2,1237.265,3 1,South,2,4,6
2,3,8,1,1237.917,3 1,East,2,4,6
2,3,8,2,1238.498,3 2,East,2,4,6
2,3,8,3,1239.266,3 2,South,2,4,6
2,3,8,2,1240.356,4 2,South,2,4,6
2,3,8,1,1240.966,4 2,East,2,4,6
2,3,8,2,1241.534,4 3,East,2,4,6
2,3,8,2,1242.094,4 4,East,2,4,6
2,3,8,1,1242.67,4 4,North,2,4,6
2,3,8,2,1243.235,3 4,North,2,4,6
2,3,8,2,1243.789,2 4,North,2,4,6
2,3,8,2,1244.406,1 4,North,2,4,6
2,3,8,2,1245.376,0 4,North,2,4,6
2,3,8,1,1245.97,0 4,West,2,4,6
2,3,8,2,1246.518,0 3,West,2,4,6
2,3,8,6,1246.94,0 3,West,2,5,6
2,3,8,1,1247.182,0 3,South,2,5,6
2,3,8,1,1247.763,0 3,East,2,5,6
2,3,8,2,1248.34,0 4,East,2,5,6
2,3,8,3,1248.914,0 4,South,2,5,6
2,3,8,2,1249.494,1 4,South,2,5,6
2,3,8,2,1250.017,2 4,South,2,5,6
2,3,8,2,1250.565,3 4,South,2,5,6
2,3,8,6,1250.94,3 4,South,2,6,6
2,3,8,3,1251.158,3 4,West,2,6,6
2,3,8,3,1251.741,3 4,North,2,6,6
2,3,8,1,1252.465,3 4,West,2,6,6
2,3,8,1,1253.159,3 4,South,2,6,6
2,3,8,2,1253.745,4 4,South,2,6,6
2,3,8,3,1254.341,4 4,West,2,6,6
2,3,8,2,1255.021,4 3,West,2,6,6
2,3,8,2,1255.664,4 2,West,2,6,6
2,3,8,3,1256.373,4 2,North,2,6,6
2,3,8,2,1256.993,3 2,North,2,6,6
2,3,8,1,1257.652,3 2,West,2,6,6
2,3,8,2,1258.307,3 1,West,2,6,6
2,3,8,3,1258.911,3 1,North,2,6,6
2,3,8,2,1259.589,2 1,North,2,6,6
2,3,8,2,1260.179,1 1,North,2,6,6
2,3,8,6,1260.56,1 1,North,2,7,6
2,3,8,1,1260.767,1 1,West,2,7,6
2,3,8,1,1261.293,1 1,South,2,7,6
2,3,8,1,1261.95,1 1,East,2,7,6
2,3,8,3,1262.575,1 1,South,2,7,6
2,3,8,2,1263.238,2 1,South,2,7,6
2,3,8,2,1263.799,3 1,South,2,7,6
2,3,8,1,1264.401,3 1,East,2,7,6
2,3,8,2,1265.022,3 2,East,2,7,6
2,3,8,3,1265.621,3 2,South,2,7,6
2,3,8,2,1266.242,4 2,South,2,7,6
2,3,8,1,1266.787,4 2,East,2,7,6
2,3,8,2,1267.697,4 3,East,2,7,6
2,3,8,2,1268.327,4 4,East,2,7,6
2,3,8,1,1268.893,4 4,North,2,7,6
2,3,8,2,1269.508,3 4,North,2,7,6
2,3,8,2,1270.063,2 4,North,2,7,6
2,3,8,6,1270.44,2 4,North,2,8,6
0,3,9,2,1273.502,3 4,North,2,0,6
0,3,9,6,1273.88,3 4,North,2,1,6
0,3,9,2,1274.065,2 4,North,2,1,6
0,3,9,2,1274.625,1 4,North,2,1,6
0,3,9,1,1275.199,1 4,West,2,1,6
0,3,9,2,1275.777,1 3,West,2,1,6
0,3,9,6,1276.18,1 3,West,2,2,6
0,3,9,1,1276.344,1 3,South,2,2,6
0,3,9,2,1276.9,2 3,South,2,2,6
0,3,9,3,1277.469,2 3,West,2,2,6
0,3,9,2,1278.017,2 2,West,2,2,6
0,3,9,3,1278.561,2 2,North,2,2,6
0,3,9,2,1279.184,1 2,North,2,2,6
0,3,9,2,1279.741,0 2,North,2,2,6
0,3,9,1,1280.307,0 2,West,2,2,6
0,3,9,2,1280.829,0 1,West,2,2,6
0,3,9,1,1281.396,0 1,South,2,2,6
0,3,9,1,1281.988,0 1,East,2,2,6
0,3,9,2,1282.501,0 2,East,2,2,6
0,3,9,3,1283.059,0 2,South,2,2,6
0,3,9,2,1283.599,1 2,South,2,2,6
0,3,9,2,1284.198,2 2,South,2,2,6
0,3,9,1,1284.786,2 2,East,2,2,6
0,3,9,2,1285.348,2 3,East,2,2,6
0,3,9,1,1285.904,2 3,North,2,2,6
0,3,9,2,1286.479,1 3,North,2,2,6
0,3,9,3,1287.044,1 3,East,2,2,6
0,3,9,2,1287.603,1 4,East,2,2,6
0,3,9,3,1288.11,1 4,South,2,2,6
0,3,9,2,1288.638,2 4,South,2,2,6
0,3,9,2,1289.174,3 4,South,2,2,6
0,3,9,2,1289.682,4 4,South,2,2,6
0,3,9,3,1290.212,4 4,West,2,2,6
0,3,9,2,1290.786,4 3,West,2,2,6
0,3,9,2,1291.741,4 2,West,2,2,6
0,3,9,3,1292.309,4 2,North,2,2,6
0,3,9,2,1292.884,3 2,North,2,2,6
0,3,9,3,1293.442,3 2,East,2,2,6
0,3,9,3,1294.241,3 2,South,2,2,6
0,3,9,3,1294.846,3 2,West,2,2,6
0,3,9,2,1295.471,3 1,West,2,2,6
0,3,9,3,1296.013,3 1,North,2,2,6
0,3,9,2,1296.564,2 1,North,2,2,6
0,3,9,2,1297.077,1 1,North,2,2,6
0,3,9,1,1297.935,1 1,West,2,2,6
0,3,9,2,1298.513,1 0,West,2,2,6
0,3,9,1,1299.039,1 0,South,2,2,6
0,3,9,2,1299.669,2 0,South,2,2,6
0,3,9,6,1300.04,2 0,South,2,3,6
0,3,9,2,1300.197,3 0,South,2,3,6
0,3,9,2,1300.9,4 0,South,2,3,6
0,3,9,6,1301.28,4 0,South,2,4,6
0,3,9,1,1301.453,4 0,East,2,4,6
0,3,9,1,1302.206,4 0,North,2,4,6
0,3,9,2,1302.766,3 0,North,2,4,6
0,3,9,2,1303.317,2 0,North,2,4,6
0,3,9,2,1304.287,1 0,North,2,4,6
0,3,9,3,1304.918,1 0,East,2,4,6
0,3,9,2,1305.487,1 1,East,2,4,6
0,3,9,3,1306.022,1 1,South,2,4,6
0,3,9,2,1306.596,2 1,South,2,4,6
0,3,9,2,1307.503,3 1,South,2,4,6
0,3,9,1,1308.08,3 1,East,2,4,6
0,3,9,2,1308.624,3 2,East,2,4,6
0,3,9,3,1309.172,3 2,South,2,4,6
0,3,9,2,1309.759,4 2,South,2,4,6
0,3,9,1,1310.307,4 2,East,2,4,6
0,3,9,2,1310.869,4 3,East,2,4,6
0,3,9,2,1311.405,4 4,East,2,4,6
0,3,9,6,1311.8,4 4,East,2,5,6
0,3,9,1,1311.984,4 4,North,2,5,6
0,3,9,2,1312.525,3 4,North,2,5,6
0,3,9,2,1313.046,2 4,North,2,5,6
0,3,9,2,1313.713,1 4,North,2,5,6
0,3,9,1,1314.258,1 4,West,2,5,6
0,3,9,2,1314.866,1 3,West,2,5,6
0,3,9,1,1315.441,1 3,South,2,5,6
0,3,9,2,1316.062,2 3,South,2,5,6
0,3,9,3,1316.595,2 3,West,2,5,6
0,3,9,2,1317.152,2 2,West,2,5,6
0,3,9,6,1317.58,2 2,West,2,6,6
0,3,9,3,1317.693,2 2,North,2,6,6
0,3,9,2,1318.246,1 2,North,2,6,6
0,3,9,2,1318.786,0 2,North,2,6,6
0,3,9,1,1319.615,0 2,West,2,6,6
0,3,9,2,1320.246,0 1,West,2,6,6
0,3,9,1,1320.803,0 1,South,2,6,6
0,3,9,1,1321.397,0 1,East,2,6,6
0,3,9,2,1321.981,0 2,East,2,6,6
0,3,9,3,1322.51,0 2,South,2,6,6
0,3,9,2,1323.055,1 2,South,2,6,6
0,3,9,2,1323.605,2 2,South,2,6,6
0,3,9,1,1324.495,2 2,East,2,6,6
0,3,9,2,1325.09,2 3,East,2,6,6
0,3,9,1,1325.666,2 3,North,2,6,6
0,3,9,2,1326.285,1 3,North,2,6,6
0,3,9,3,1326.801,1 3,East,2,6,6
0,3,9,2,1327.41,1 4,East,2,6,6
0,3,9,1,1327.954,1 4,North,2,6,6
0,3,9,1,1328.478,1 4,West,2,6,6
0,3,9,1,1329.203,1 4,South,2,6,6
0,3,9,2,1329.855,2 4,South,2,6,6
0,3,9,2,1330.381,3 4,South,2,6,6
0,3,9,2,1330.957,4 4,South,2,6,6
0,3,9,3,1331.584,4 4,West,2,6,6
0,3,9,2,1332.095,4 3,West,2,6,6
0,3,9,2,1332.607,4 2,West,2,6,6
0,3,9,3,1333.125,4 2,North,2,6,6
0,3,9,2,1333.728,3 2,North,2,6,6
0,3,9,1,1334.278,3 2,West,2,6,6
0,3,9,2,1334.864,3 1,West,2,6,6
0,3,9,3,1335.741,3 1,North,2,6,6
0,3,9,2,1336.27,2 1,North,2,6,6
0,3,9,2,1336.784,1 1,North,2,6,6
0,3,9,6,1337.16,1 1,North,2,7,6
0,3,9,1,1337.395,1 1,West,2,7,6
0,3,9,2,1337.989,1 0,West,2,7,6
0,3,9,1,1338.515,1 0,South,2,7,6
0,3,9,2,1339.391,2 0,South,2,7,6
0,3,9,2,1339.937,3 0,South,2,7,6
0,3,9,1,1340.738,3 0,East,2,7,6
0,3,9,1,1341.486,3 0,North,2,7,6
0,3,9,2,1342.099,2 0,North,2,7,6
0,3,9,2,1342.645,1 0,North,2,7,6
0,3,9,3,1343.185,1 0,East,2,7,6
0,3,9,2,1343.764,1 1,East,2,7,6
0,3,9,3,1344.685,1 1,South,2,7,6
0,3,9,2,1345.262,2 1,South,2,7,6
0,3,9,2,1345.81,3 1,South,2,7,6
0,3,9,1,1346.321,3 1,East,2,7,6
0,3,9,2,1346.886,3 2,East,2,7,6
0,3,9,3,1347.406,3 2,South,2,7,6
0,3,9,2,1348.24,4 2,South,2,7,6
0,3,9,1,1348.788,4 2,East,2,7,6
0,3,9,2,1349.342,4 3,East,2,7,6
0,3,9,2,1350.305,4 4,East,2,7,6
0,3,9,1,1350.823,4 4,North,2,7,6
0,3,9,2,1351.378,3 4,North,2,7,6
0,3,9,2,1351.967,2 4,North,2,7,6
0,3,9,2,1352.493,1 4,North,2,7,6
0,3,9,6,1352.88,1 4,North,2,8,6
2,3,9,2,1355.701,3 4,North,2,0,0
2,3,9,6,1356.08,3 4,North,2,1,0
2,3,9,2,1356.654,2 4,North,2,1,0
2,3,9,2,1357.181,1 4,North,2,1,0
2,3,9,1,1357.749,1 4,West,2,1,0
2,3,9,2,1358.673,1 3,West,2,1,0
2,3,9,6,1359.08,1 3,West,2,2,0
2,3,9,1,1359.733,1 3,South,2,2,0
2,3,9,1,1360.27,1 3,East,2,2,0
2,3,9,2,1360.847,1 4,East,2,2,0
2,3,9,3,1361.43,1 4,South,2,2,0
2,3,9,2,1362.018,2 4,South,2,2,0
2,3,9,2,1362.548,3 4,South,2,2,0
2,3,9,2,1363.375,4 4,South,2,2,0
2,3,9,3,1364.02,4 4,West,2,2,0
2,3,9,2,1364.624,4 3,West,2,2,0
2,3,9,2,1365.188,4 2,West,2,2,0
2,3,9,3,1365.842,4 2,North,2,2,0
2,3,9,2,1366.43,3 2,North,2,2,0
2,3,9,1,1367.054,3 2,West,2,2,0
2,3,9,2,1367.631,3 1,West,2,2,0
2,3,9,3,1368.245,3 1,North,2,2,0
2,3,9,2,1368.837,2 1,North,2,2,0
2,3,9,2,1369.493,1 1,North,2,2,0
2,3,9,1,1370.132,1 1,West,2,2,0
2,3,9,2,1370.765,1 0,West,2,2,0
2,3,9,1,1371.397,1 0,South,2,2,0
2,3,9,2,1371.983,2 0,South,2,2,0
2,3,9,6,1372.36,2 0,South,2,3,0
2,3,9,1,1372.727,2 0,East,2,3,0
2,3,9,3,1373.247,2 0,South,2,3,0
2,3,9,2,1373.873,3 0,South,2,3,0
2,3,9,2,1374.413,4 0,South,2,3,0
2,3,9,6,1374.8,4 0,South,2,4,0
2,3,9,1,1375.011,4 0,East,2,4,0
2,3,9,1,1375.604,4 0,North,2,4,0
2,3,9,2,1376.205,3 0,North,2,4,0
2,3,9,2,1376.816,2 0,North,2,4,0
2,3,9,2,1378.356,1 0,North,2,4,0
2,3,9,3,1379.029,1 0,East,2,4,0
2,3,9,2,1379.619,1 1,East,2,4,0
2,3,9,3,1380.274,1 1,South,2,4,0
2,3,9,2,1380.964,2 1,South,2,4,0
2,3,9,2,1381.534,3 1,South,2,4,0
2,3,9,1,1382.149,3 1,East,2,4,0
2,3,9,2,1382.849,3 2,East,2,4,0
2,3,9,3,1383.486,3 2,South,2,4,0
2,3,9,2,1384.049,4 2,South,2,4,0
2,3,9,1,1384.64,4 2,East,2,4,0
2,3,9,2,1385.265,4 3,East,2,4,0
2,3,9,2,1385.844,4 4,East,2,4,0
2,3,9,1,1386.468,4 4,North,2,4,0
2,3,9,2,1387.072,3 4,North,2,4,0
2,3,9,2,1387.664,2 4,North,2,4,0
2,3,9,2,1388.469,1 4,North,2,4,0
2,3,9,6,1388.86,1 4,North,2,5,0
2,3,9,1,1389.253,1 4,West,2,5,0
2,3,9,2,1390.402,1 3,West,2,5,0
2,3,9,3,1393.31,1 3,North,2,5,0
2,3,9,2,1393.969,1 3,North,2,5,1
2,3,9,1,1394.451,1 3,West,2,5,1
2,3,9,2,1395.087,1 3,West,2,5,2
2,3,9,1,1396.065,1 3,South,2,5,2
2,3,9,1,1396.622,1 3,East,2,5,2
2,3,9,2,1397.233,1 4,East,2,5,2
2,3,9,3,1397.806,1 4,South,2,5,2
2,3,9,2,1398.365,2 4,South,2,5,2
2,3,9,2,1398.93,3 4,South,2,5,2
2,3,9,2,1399.537,4 4,South,2,5,2
2,3,9,3,1400.132,4 4,West,2,5,2
2,3,9,2,1400.738,4 3,West,2,5,2
2,3,9,2,1401.332,4 2,West,2,5,2
2,3,9,3,1401.985,4 2,North,2,5,2
2,3,9,2,1402.613,3 2,North,2,5,2
2,3,9,1,1403.188,3 2,West,2,5,2
2,3,9,2,1403.921,3 1,West,2,5,2
2,3,9,3,1404.533,3 1,North,2,5,2
2,3,9,2,1405.238,2 1,North,2,5,2
2,3,9,2,1405.808,1 1,North,2,5,2
2,3,9,3,1406.372,1 1,East,2,5,2
2,3,9,2,1407.089,1 1,East,2,5,3
2,3,9,1,1407.54,1 1,North,2,5,3
2,3,9,2,1409.696,1 1,North,2,5,4
2,3,9,1,1410.065,1 1,West,2,5,4
2,3,9,1,1410.741,1 1,South,2,5,4
2,3,9,2,1411.312,2 1,South,2,5,4
2,3,9,2,1411.856,3 1,South,2,5,4
2,3,9,2,1412.448,3 1,South,2,5,5
2,3,9,1,1412.975,3 1,East,2,5,5
2,3,9,2,1413.55,3 2,East,2,5,5
2,3,9,3,1414.177,3 2,South,2,5,5
2,3,9,2,1414.769,4 2,South,2,5,5
2,3,9,1,1415.43,4 2,East,2,5,5
2,3,9,2,1415.997,4 3,East,2,5,5
2,3,9,2,1416.559,4 4,East,2,5,5
2,3,9,1,1417.134,4 4,North,2,5,5
2,3,9,2,1417.699,3 4,North,2,5,5
2,3,9,2,1418.223,2 4,North,2,5,5
2,3,9,2,1418.958,1 4,North,2,5,5
2,3,9,1,1419.572,1 4,West,2,5,5
2,3,9,2,1420.305,1 3,West,2,5,5
2,3,9,3,1421.172,1 3,North,2,5,5
2,3,9,1,1422.098,1 3,West,2,5,5
2,3,9,3,1422.67,1 3,North,2,5,5
2,3,9,2,1423.348,1 3,North,2,5,6
2,3,9,1,1423.839,1 3,West,2,5,6
2,3,9,2,1424.433,1 3,West,2,5,7
2,3,9,1,1425.06,1 3,South,2,5,7
2,3,9,1,1426.433,1 3,East,2,5,7
2,3,9,2,1427.054,1 4,East,2,5,7
2,3,9,1,1427.584,1 4,North,2,5,7
2,3,9,2,1428.197,0 4,North,2,5,7
2,3,9,1,1428.751,0 4,West,2,5,7
2,3,9,2,1429.666,0 3,West,2,5,7
2,3,9,2,1430.289,0 3,West,2,5,8
2,3,9,1,1430.821,0 3,South,2,5,8
2,3,9,1,1431.346,0 3,East,2,5,8
2,3,9,2,1431.949,0 4,East,2,5,8
2,3,9,2,1432.511,0 4,East,2,5,8
2,3,9,3,1432.881,0 4,South,2,5,8
2,3,9,2,1433.438,1 4,South,2,5,8
2,3,9,2,1434.031,2 4,South,2,5,8
2,3,9,2,1434.629,3 4,South,2,5,8
2,3,9,2,1435.189,4 4,South,2,5,8
2,3,9,3,1435.762,4 4,West,2,5,8
2,3,9,2,1436.354,4 3,West,2,5,8
2,3,9,2,1436.881,4 2,West,2,5,8
2,3,9,3,1437.472,4 2,North,2,5,8
2,3,9,2,1438.078,3 2,North,2,5,8
2,3,9,1,1439.281,3 2,West,2,5,8
2,3,9,2,1439.878,3 1,West,2,5,8
2,3,9,3,1440.449,3 1,North,2,5,8
2,3,9,2,1441.086,2 1,North,2,5,8
2,3,9,2,1441.635,1 1,North,2,5,8
2,3,9,3,1442.274,1 1,East,2,5,8
2,3,9,2,1442.885,1 1,East,2,5,9
2,3,9,1,1443.266,1 1,North,2,5,9
2,3,9,2,1443.892,1 1,North,2,5,10
2,3,9,1,1444.222,1 1,West,2,5,10
2,3,9,2,1444.818,1 0,West,2,5,10
2,3,9,3,1445.377,1 0,North,2,5,10
2,3,9,2,1445.924,1 0,North,2,5,11
2,3,9,3,1446.37,1 0,East,2,5,11
2,3,9,2,1447.009,1 1,East,2,5,11
2,3,9,3,1447.986,1 1,South,2,5,11
2,3,9,2,1448.656,2 1,South,2,5,11
2,3,9,1,1449.46,2 1,East,2,5,11
2,3,9,2,1450.173,2 1,East,2,5,12
2,3,9,3,1450.48,2 1,South,2,5,12
2,3,9,2,1451.11,3 1,South,2,5,12
2,3,9,1,1451.664,3 1,East,2,5,12
2,3,9,2,1452.323,3 2,East,2,5,12
2,3,9,2,1453.2,3 3,East,2,5,12
2,3,9,1,1453.84,3 3,North,2,5,12
2,3,9,2,1454.752,3 3,North,2,5,13
2,3,9,3,1455.344,3 3,East,2,5,13
2,3,9,3,1455.937,3 3,South,2,5,13
2,3,9,2,1456.496,3 3,South,2,5,14
2,3,9,3,1457.008,3 3,West,2,5,14
2,3,9,2,1457.792,3 2,West,2,5,14
2,3,9,1,1458.383,3 2,South,2,5,14
2,3,9,2,1458.948,4 2,South,2,5,14
2,3,9,1,1459.6,4 2,East,2,5,14
2,3,9,2,1460.167,4 3,East,2,5,14
2,3,9,2,1460.706,4 4,East,2,5,14
2,3,9,1,1461.282,4 4,North,2,5,14
2,3,9,2,1461.936,3 4,North,2,5,14
2,3,9,2,1462.502,2 4,North,2,5,14
2,3,9,2,1463.214,1 4,North,2,5,14
2,3,9,1,1463.857,1 4,West,2,5,14
2,3,9,2,1464.45,1 3,West,2,5,14
2,3,9,2,1465.077,1 3,West,2,5,15
2,3,9,3,1465.519,1 3,North,2,5,15
2,3,9,2,1466.211,1 3,North,2,5,16
2,3,9,1,1466.751,1 3,West,2,5,16
2,3,9,1,1467.277,1 3,South,2,5,16
2,3,9,2,1467.854,2 3,South,2,5,16
2,3,9,3,1468.531,2 3,West,2,5,16
2,3,9,2,1469.139,2 2,West,2,5,16
2,3,9,3,1469.715,2 2,North,2,5,16
2,3,9,2,1470.275,1 2,North,2,5,16
2,3,9,6,1470.66,1 2,North,2,6,16
2,3,9,1,1471.443,1 2,West,2,6,16
2,3,9,1,1472.688,1 2,South,2,6,16
2,3,9,2,1473.282,2 2,South,2,6,16
2,3,9,1,1473.813,2 2,East,2,6,16
2,3,9,2,1474.406,2 3,East,2,6,16
2,3,9,1,1474.93,2 3,North,2,6,16
2,3,9,2,1475.493,1 3,North,2,6,16
2,3,9,3,1476.093,1 3,East,2,6,16
2,3,9,2,1476.688,1 4,East,2,6,16
2,3,9,3,1477.251,1 4,South,2,6,16
2,3,9,2,1478.084,2 4,South,2,6,16
2,3,9,2,1478.661,3 4,South,2,6,16
2,3,9,2,1479.22,4 4,South,2,6,16
2,3,9,3,1479.815,4 4,West,2,6,16
2,3,9,2,1480.418,4 3,West,2,6,16
2,3,9,2,1480.947,4 2,West,2,6,16
2,3,9,3,1481.552,4 2,North,2,6,16
2,3,9,2,1482.526,3 2,North,2,6,16
2,3,9,1,1483.069,3 2,West,2,6,16
2,3,9,2,1483.696,3 1,West,2,6,16
2,3,9,3,1484.415,3 1,North,2,6,16
2,3,9,2,1485.074,2 1,North,2,6,16
2,3,9,6,1485.46,2 1,North,2,7,16
2,3,9,1,1485.618,2 1,West,2,7,16
2,3,9,1,1486.211,2 1,South,2,7,16
2,3,9,1,1486.738,2 1,East,2,7,16
2,3,9,3,1487.286,2 1,South,2,7,16
2,3,9,2,1487.92,3 1,South,2,7,16
2,3,9,1,1488.435,3 1,East,2,7,16
2,3,9,2,1489.139,3 2,East,2,7,16
2,3,9,3,1489.73,3 2,South,2,7,16
2,3,9,2,1490.324,4 2,South,2,7,16
2,3,9,1,1490.897,4 2,East,2,7,16
2,3,9,2,1491.542,4 3,East,2,7,16
2,3,9,2,1492.194,4 4,East,2,7,16
2,3,9,1,1492.742,4 4,North,2,7,16
2,3,9,2,1493.472,3 4,North,2,7,16
2,3,9,2,1493.998,2 4,North,2,7,16
2,3,9,1,1494.659,2 4,West,2,7,16
2,3,9,2,1495.379,2 4,West,2,7,17
2,3,9,3,1495.713,2 4,North,2,7,17
2,3,9,2,1497.01,1 4,North,2,7,17
2,3,9,1,1497.615,1 4,West,2,7,17
2,3,9,2,1498.196,1 3,West,2,7,17
2,3,9,1,1498.815,1 3,South,2,7,17
2,3,9,2,1499.345,2 3,South,2,7,17
2,3,9,6,1499.72,2 3,South,2,8,17
0,4,10,2,1502.532,3 4,North,2,0,17
0,4,10,2,1503.374,2 4,North,2,0,17
0,4,10,2,1503.903,1 4,North,2,0,17
0,4,10,1,1504.446,1 4,West,2,0,17
0,4,10,2,1505.027,1 3,West,2,0,17
0,4,10,1,1505.54,1 3,South,2,0,17
0,4,10,2,1506.082,2 3,South,2,0,17
0,4,10,6,1506.46,2 3,South,2,1,17
0,4,10,3,1506.674,2 3,West,2,1,17
0,4,10,2,1507.187,2 2,West,2,1,17
0,4,10,3,1507.7,2 2,North,2,1,17
0,4,10,2,1508.237,1 2,North,2,1,17
0,4,10,2,1508.787,0 2,North,2,1,17
0,4,10,1,1509.775,0 2,West,2,1,17
0,4,10,2,1510.669,0 1,West,2,1,17
0,4,10,2,1511.214,0 0,West,2,1,17
0,4,10,3,1511.76,0 0,North,2,1,17
0,4,10,3,1512.35,0 0,East,2,1,17
0,4,10,2,1512.878,0 1,East,2,1,17
0,4,10,2,1513.395,0 2,East,2,1,17
0,4,10,3,1514.227,0 2,South,2,1,17
0,4,10,2,1514.867,1 2,South,2,1,17
0,4,10,2,1515.429,2 2,South,2,1,17
0,4,10,1,1515.99,2 2,East,2,1,17
0,4,10,2,1516.565,2 3,East,2,1,17
0,4,10,1,1517.151,2 3,North,2,1,17
0,4,10,2,1517.726,1 3,North,2,1,17
0,4,10,3,1518.287,1 3,East,2,1,17
0,4,10,2,1518.868,1 4,East,2,1,17
0,4,10,1,1519.469,1 4,North,2,1,17
0,4,10,2,1520.032,0 4,North,2,1,17
0,4,10,1,1520.594,0 4,West,2,1,17
0,4,10,1,1521.461,0 4,South,2,1,17
0,4,10,2,1522.034,1 4,South,2,1,17
0,4,10,2,1522.787,2 4,South,2,1,17
0,4,10,2,1523.389,3 4,South,2,1,17
0,4,10,2,1523.919,4 4,South,2,1,17
0,4,10,3,1524.771,4 4,West,2,1,17
0,4,10,2,1525.334,4 3,West,2,1,17
0,4,10,2,1525.872,4 2,West,2,1,17
0,4,10,3,1526.437,4 2,North,2,1,17
0,4,10,2,1526.992,3 2,North,2,1,17
0,4,10,1,1527.935,3 2,West,2,1,17
0,4,10,2,1528.578,3 1,West,2,1,17
0,4,10,3,1529.394,3 1,North,2,1,17
0,4,10,2,1529.968,2 1,North,2,1,17
0,4,10,6,1530.34,2 1,North,2,2,17
0,4,10,2,1530.514,1 1,North,2,2,17
0,4,10,1,1531.072,1 1,West,2,2,17
0,4,10,2,1531.665,1 0,West,2,2,17
0,4,10,1,1532.21,1 0,South,2,2,17
0,4,10,2,1532.766,2 0,South,2,2,17
0,4,10,1,1533.342,2 0,East,2,2,17
0,4,10,1,1534.211,2 0,North,2,2,17
0,4,10,2,1534.806,1 0,North,2,2,17
0,4,10,3,1535.365,1 0,East,2,2,17
0,4,10,2,1535.999,1 1,East,2,2,17
0,4,10,3,1536.608,1 1,South,2,2,17
0,4,10,2,1537.186,2 1,South,2,2,17
0,4,10,2,1537.725,3 1,South,2,2,17
0,4,10,1,1538.675,3 1,East,2,2,17
0,4,10,2,1539.25,3 2,East,2,2,17
0,4,10,6,1539.66,3 2,East,2,3,17
0,4,10,3,1539.81,3 2,South,2,3,17
0,4,10,2,1540.401,4 2,South,2,3,17
0,4,10,1,1540.947,4 2,East,2,3,17
0,4,10,2,1541.518,4 3,East,2,3,17
0,4,10,2,1542.037,4 4,East,2,3,17
0,4,10,1,1542.591,4 4,North,2,3,17
0,4,10,2,1543.165,3 4,North,2,3,17
0,4,10,2,1543.709,2 4,North,2,3,17
0,4,10,2,1544.526,1 4,North,2,3,17
0,4,10,1,1545.06,1 4,West,2,3,17
0,4,10,2,1545.774,1 3,West,2,3,17
0,4,10,1,1546.305,1 3,South,2,3,17
0,4,10,2,1547.122,2 3,South,2,3,17
0,4,10,6,1547.5,2 3,South,2,4,17
0,4,10,3,1547.998,2 3,West,2,4,17
0,4,10,2,1548.817,2 2,West,2,4,17
0,4,10,3,1549.629,2 2,North,2,4,17
0,4,10,2,1550.26,1 2,North,2,4,17
0,4,10,2,1550.802,0 2,North,2,4,17
0,4,10,1,1551.363,0 2,West,2,4,17
0,4,10,1,1552.048,0 2,South,2,4,17
0,4,10,2,1552.624,1 2,South,2,4,17
0,4,10,2,1553.183,2 2,South,2,4,17
0,4,10,1,1553.732,2 2,East,2,4,17
0,4,10,2,1554.676,2 3,East,2,4,17
0,4,10,1,1555.525,2 3,North,2,4,17
0,4,10,2,1556.173,1 3,North,2,4,17
0,4,10,3,1556.82,1 3,East,2,4,17
0,4,10,2,1557.478,1 4,East,2,4,17
0,4,10,1,1558.077,1 4,North,2,4,17
0,4,10,1,1558.612,1 4,West,2,4,17
0,4,10,1,1559.28,1 4,South,2,4,17
0,4,10,2,1559.92,2 4,South,2,4,17
0,4,10,2,1560.436,3 4,South,2,4,17
0,4,10,2,1561.054,4 4,South,2,4,17
0,4,10,3,1561.598,4 4,West,2,4,17
0,4,10,2,1562.143,4 3,West,2,4,17
0,4,10,2,1562.662,4 2,West,2,4,17
0,4,10,3,1563.233,4 2,North,2,4,17
0,4,10,2,1563.844,3 2,North,2,4,17
0,4,10,1,1564.356,3 2,West,2,4,17
0,4,10,2,1564.959,3 1,West,2,4,17
0,4,10,3,1565.537,3 1,North,2,4,17
0,4,10,2,1566.115,2 1,North,2,4,17
0,4,10,2,1567.041,1 1,North,2,4,17
0,4,10,1,1567.569,1 1,West,2,4,17
0,4,10,2,1568.143,1 0,West,2,4,17
0,4,10,6,1568.56,1 0,West,2,5,17
0,4,10,1,1568.69,1 0,South,2,5,17
0,4,10,2,1569.222,2 0,South,2,5,17
0,4,10,2,1569.747,3 0,South,2,5,17
0,4,10,1,1570.303,3 0,East,2,5,17
0,4,10,1,1570.992,3 0,North,2,5,17
0,4,10,2,1571.549,2 0,North,2,5,17
0,4,10,2,1572.078,1 0,North,2,5,17
0,4,10,3,1572.691,1 0,East,2,5,17
0,4,10,2,1573.207,1 1,East,2,5,17
0,4,10,3,1574.099,1 1,South,2,5,17
0,4,10,2,1574.798,2 1,South,2,5,17
0,4,10,2,1575.357,3 1,South,2,5,17
0,4,10,1,1575.974,3 1,East,2,5,17
0,4,10,2,1576.607,3 2,East,2,5,17
0,4,10,3,1577.205,3 2,South,2,5,17
0,4,10,2,1577.841,4 2,South,2,5,17
0,4,10,1,1578.445,4 2,East,2,5,17
0,4,10,2,1579.413,4 3,East,2,5,17
0,4,10,2,1579.999,4 4,East,2,5,17
0,4,10,6,1580.4,4 4,East,2,6,17
0,4,10,1,1580.578,4 4,North,2,6,17
0,4,10,2,1581.172,3 4,North,2,6,17
0,4,10,6,1581.56,3 4,North,2,7,17
0,4,10,2,1581.713,2 4,North,2,7,17
0,4,10,2,1582.292,1 4,North,2,7,17
0,4,10,1,1583.167,1 4,West,2,7,17
0,4,10,2,1583.891,1 3,West,2,7,17
0,4,10,1,1584.431,1 3,South,2,7,17
0,4,10,2,1585.043,2 3,South,2,7,17
0,4,10,3,1585.633,2 3,West,2,7,17
0,4,10,2,1586.238,2 2,West,2,7,17
0,4,10,6,1586.64,2 2,West,2,8,17
2,4,10,2,1589.789,3 4,North,2,0,0
2,4,10,2,1590.307,2 4,North,2,0,0
2,4,10,2,1591.183,1 4,North,2,0,0
2,4,10,1,1591.694,1 4,West,2,0,0
2,4,10,2,1592.324,1 3,West,2,0,0
2,4,10,1,1593.173,1 3,South,2,0,0
2,4,10,2,1593.827,2 3,South,2,0,0
2,4,10,6,1594.2,2 3,South,2,1,0
2,4,10,3,1594.451,2 3,West,2,1,0
2,4,10,2,1595.124,2 2,West,2,1,0
2,4,10,3,1595.749,2 2,North,2,1,0
2,4,10,3,1596.367,2 2,East,2,1,0
2,4,10,2,1596.98,2 3,East,2,1,0
2,4,10,1,1597.582,2 3,North,2,1,0
2,4,10,2,1598.212,1 3,North,2,1,0
2,4,10,3,1598.766,1 3,East,2,1,0
2,4,10,2,1599.389,1 4,East,2,1,0
2,4,10,3,1599.983,1 4,South,2,1,0
2,4,10,2,1600.56,2 4,South,2,1,0
2,4,10,2,1601.088,3 4,South,2,1,0
2,4,10,2,1601.636,4 4,South,2,1,0
2,4,10,3,1602.368,4 4,West,2,1,0
2,4,10,2,1602.975,4 3,West,2,1,0
2,4,10,2,1603.535,4 2,West,2,1,0
2,4,10,3,1604.149,4 2,North,2,1,0
2,4,10,2,1604.766,3 2,North,2,1,0
2,4,10,1,1605.379,3 2,West,2,1,0
2,4,10,2,1605.985,3 1,West,2,1,0
2,4,10,3,1606.541,3 1,North,2,1,0
2,4,10,2,1607.057,2 1,North,2,1,0
2,4,10,6,1607.44,2 1,North,2,2,0
2,4,10,1,1607.67,2 1,West,2,2,0
2,4,10,1,1608.434,2 1,South,2,2,0
2,4,10,2,1609.075,3 1,South,2,2,0
2,4,10,1,1609.714,3 1,East,2,2,0
2,4,10,2,1610.318,3 2,East,2,2,0
2,4,10,6,1610.72,3 2,East,2,3,0
2,4,10,1,1610.913,3 2,North,2,3,0
2,4,10,3,1611.757,3 2,East,2,3,0
2,4,10,3,1612.692,3 2,South,2,3,0
2,4,10,2,1613.324,4 2,South,2,3,0
2,4,10,1,1613.953,4 2,East,2,3,0
2,4,10,2,1614.541,4 3,East,2,3,0
2,4,10,2,1615.213,4 4,East,2,3,0
2,4,10,1,1615.888,4 4,North,2,3,0
2,4,10,2,1616.495,3 4,North,2,3,0
2,4,10,2,1617.053,2 4,North,2,3,0
2,4,10,2,1617.636,1 4,North,2,3,0
2,4,10,1,1618.338,1 4,West,2,3,0
2,4,10,2,1618.963,1 3,West,2,3,0
2,4,10,1,1619.581,1 3,South,2,3,0
2,4,10,2,1620.178,2 3,South,2,3,0
2,4,10,6,1620.56,2 3,South,2,4,0
2,4,10,3,1620.771,2 3,West,2,4,0
2,4,10,3,1621.357,2 3,North,2,4,0
2,4,10,3,1621.939,2 3,East,2,4,0
2,4,10,1,1622.485,2 3,North,2,4,0
2,4,10,2,1623.086,1 3,North,2,4,0
2,4,10,3,1623.63,1 3,East,2,4,0
2,4,10,2,1624.258,1 4,East,2,4,0
2,4,10,6,1624.66,1 4,East,2,5,0
2,4,10,3,1624.925,1 4,South,2,5,0
2,4,10,3,1625.509,1 4,West,2,5,0
2,4,10,3,1626.098,1 4,North,2,5,0
2,4,10,1,1627.631,1 4,West,2,5,0
2,4,10,2,1628.382,1 3,West,2,5,0
2,4,10,1,1628.959,1 3,South,2,5,0
2,4,10,2,1629.555,2 3,South,2,5,0
2,4,10,3,1630.144,2 3,West,2,5,0
2,4,10,2,1630.724,2 2,West,2,5,0
2,4,10,3,1631.314,2 2,North,2,5,0
2,4,10,2,1631.924,1 2,North,2,5,0
2,4,10,2,1632.466,0 2,North,2,5,0
2,4,10,6,1632.84,0 2,North,2,6,0
2,4,10,1,1633.093,0 2,West,2,6,0
2,4,10,1,1633.7,0 2,South,2,6,0
2,4,10,2,1634.356,1 2,South,2,6,0
2,4,10,2,1634.932,2 2,South,2,6,0
2,4,10,1,1635.502,2 2,East,2,6,0
2,4,10,2,1636.096,2 3,East,2,6,0
2,4,10,1,1636.625,2 3,North,2,6,0
2,4,10,2,1637.186,1 3,North,2,6,0
2,4,10,3,1637.761,1 3,East,2,6,0
2,4,10,2,1638.317,1 4,East,2,6,0
2,4,10,1,1638.832,1 4,North,2,6,0
2,4,10,2,1639.411,0 4,North,2,6,0
2,4,10,1,1640.016,0 4,West,2,6,0
2,4,10,2,1640.613,0 3,West,2,6,0
2,4,10,6,1641.02,0 3,West,2,7,0
2,4,10,3,1641.15,0 3,North,2,7,0
2,4,10,3,1641.698,0 3,East,2,7,0
2,4,10,2,1642.269,0 4,East,2,7,0
2,4,10,3,1642.784,0 4,South,2,7,0
2,4,10,2,1643.329,1 4,South,2,7,0
2,4,10,2,1644.065,2 4,South,2,7,0
2,4,10,2,1644.58,3 4,South,2,7,0
2,4,10,2,1645.522,4 4,South,2,7,0
2,4,10,3,1646.115,4 4,West,2,7,0
2,4,10,2,1646.693,4 3,West,2,7,0
2,4,10,2,1647.249,4 2,West,2,7,0
2,4,10,3,1647.776,4 2,North,2,7,0
2,4,10,2,1648.336,3 2,North,2,7,0
2,4,10,1,1648.902,3 2,West,2,7,0
2,4,10,2,1649.443,3 1,West,2,7,0
2,4,10,6,1649.86,3 1,West,2,8,0
0,4,11,2,1653.12,3 4,North,2,0,0
0,4,11,2,1653.648,2 4,North,2,0,0
0,4,11,2,1654.194,1 4,North,2,0,0
0,4,11,1,1655.157,1 4,West,2,0,0
0,4,11,2,1655.789,1 3,West,2,0,0
0,4,11,1,1656.335,1 3,South,2,0,0
0,4,11,2,1656.932,2 3,South,2,0,0
0,4,11,3,1657.502,2 3,West,2,0,0
0,4,11,2,1658.083,2 2,West,2,0,0
0,4,11,3,1658.642,2 2,North,2,0,0
0,4,11,2,1659.218,1 2,North,2,0,0
0,4,11,2,1659.779,0 2,North,2,0,0
0,4,11,6,1660.16,0 2,North,2,1,0
0,4,11,1,1660.368,0 2,West,2,1,0
0,4,11,1,1660.978,0 2,South,2,1,0
0,4,11,2,1661.613,1 2,South,2,1,0
0,4,11,2,1662.237,2 2,South,2,1,0
0,4,11,1,1662.769,2 2,East,2,1,0
0,4,11,2,1663.346,2 3,East,2,1,0
0,4,11,1,1663.907,2 3,North,2,1,0
0,4,11,2,1664.463,1 3,North,2,1,0
0,4,11,3,1665.008,1 3,East,2,1,0
0,4,11,2,1665.585,1 4,East,2,1,0
0,4,11,1,1666.15,1 4,North,2,1,0
0,4,11,2,1666.674,0 4,North,2,1,0
0,4,11,6,1667.06,0 4,North,2,2,0
0,4,11,6,1667.08,0 4,North,2,3,0
0,4,11,1,1667.217,0 4,West,2,3,0
0,4,11,1,1667.789,0 4,South,2,3,0
0,4,11,2,1668.368,1 4,South,2,3,0
0,4,11,2,1668.901,2 4,South,2,3,0
0,4,11,2,1669.519,3 4,South,2,3,0
0,4,11,2,1670.095,4 4,South,2,3,0
0,4,11,3,1671.043,4 4,West,2,3,0
0,4,11,2,1671.645,4 3,West,2,3,0
0,4,11,2,1672.194,4 2,West,2,3,0
0,4,11,3,1672.766,4 2,North,2,3,0
0,4,11,2,1673.333,3 2,North,2,3,0
0,4,11,1,1673.89,3 2,West,2,3,0
0,4,11,2,1674.483,3 1,West,2,3,0
0,4,11,3,1675.037,3 1,North,2,3,0
0,4,11,3,1675.998,3 1,East,2,3,0
0,4,11,1,1676.642,3 1,North,2,3,0
0,4,11,2,1677.294,2 1,North,2,3,0
0,4,11,2,1677.889,1 1,North,2,3,0
0,4,11,1,1678.464,1 1,West,2,3,0
0,4,11,2,1679.045,1 0,West,2,3,0
0,4,11,1,1679.63,1 0,South,2,3,0
0,4,11,2,1680.163,2 0,South,2,3,0
0,4,11,2,1680.688,3 0,South,2,3,0
0,4,11,2,1681.251,4 0,South,2,3,0
0,4,11,1,1682.205,4 0,East,2,3,0
0,4,11,1,1682.753,4 0,North,2,3,0
0,4,11,2,1683.283,3 0,North,2,3,0
0,4,11,2,1683.795,2 0,North,2,3,0
0,4,11,2,1684.338,1 0,North,2,3,0
0,4,11,3,1684.849,1 0,East,2,3,0
0,4,11,2,1685.381,1 1,East,2,3,0
0,4,11,3,1686.352,1 1,South,2,3,0
0,4,11,2,1686.918,2 1,South,2,3,0
0,4,11,2,1687.475,3 1,South,2,3,0
0,4,11,1,1688.016,3 1,East,2,3,0
0,4,11,2,1688.592,3 2,East,2,3,0
0,4,11,2,1689.454,3 3,East,2,3,0
0,4,11,3,1690.418,3 3,South,2,3,0
0,4,11,3,1691.005,3 3,West,2,3,0
0,4,11,2,1691.535,3 2,West,2,3,0
0,4,11,1,1692.077,3 2,South,2,3,0
0,4,11,2,1692.64,4 2,South,2,3,0
0,4,11,1,1693.237,4 2,East,2,3,0
0,4,11,2,1693.761,4 3,East,2,3,0
0,4,11,2,1694.675,4 4,East,2,3,0
0,4,11,1,1695.316,4 4,North,2,3,0
0,4,11,2,1695.855,3 4,North,2,3,0
0,4,11,2,1696.818,2 4,North,2,3,0
0,4,11,2,1697.407,1 4,North,2,3,0
0,4,11,1,1697.949,1 4,West,2,3,0
0,4,11,2,1698.541,1 3,West,2,3,0
0,4,11,1,1699.087,1 3,South,2,3,0
0,4,11,2,1699.677,2 3,South,2,3,0
0,4,11,3,1700.208,2 3,West,2,3,0
0,4,11,2,1700.755,2 2,West,2,3,0
0,4,11,3,1701.266,2 2,North,2,3,0
0,4,11,2,1701.779,1 2,North,2,3,0
0,4,11,2,1702.781,0 2,North,2,3,0
0,4,11,1,1703.377,0 2,West,2,3,0
0,4,11,2,1703.988,0 1,West,2,3,0
0,4,11,6,1704.4,0 1,West,2,4,0
0,4,11,3,1704.525,0 1,North,2,4,0
0,4,11,3,1705.091,0 1,East,2,4,0
0,4,11,2,1705.712,0 2,East,2,4,0
0,4,11,3,1706.308,0 2,South,2,4,0
0,4,11,2,1706.893,1 2,South,2,4,0
0,4,11,2,1707.455,2 2,South,2,4,0
0,4,11,1,1707.967,2 2,East,2,4,0
0,4,11,2,1708.562,2 3,East,2,4,0
0,4,11,1,1709.375,2 3,North,2,4,0
0,4,11,2,1709.957,1 3,North,2,4,0
0,4,11,3,1710.496,1 3,East,2,4,0
0,4,11,2,1711.105,1 4,East,2,4,0
0,4,11,1,1711.621,1 4,North,2,4,0
0,4,11,1,1712.526,1 4,West,2,4,0
0,4,11,1,1713.149,1 4,South,2,4,0
0,4,11,2,1713.696,2 4,South,2,4,0
0,4,11,2,1714.224,3 4,South,2,4,0
0,4,11,2,1714.817,4 4,South,2,4,0
0,4,11,3,1715.711,4 4,West,2,4,0
0,4,11,2,1716.405,4 3,West,2,4,0
0,4,11,2,1717.33,4 2,West,2,4,0
0,4,11,3,1717.951,4 2,North,2,4,0
0,4,11,2,1718.479,3 2,North,2,4,0
0,4,11,1,1718.989,3 2,West,2,4,0
0,4,11,2,1719.634,3 1,West,2,4,0
0,4,11,3,1720.196,3 1,North,2,4,0
0,4,11,2,1720.801,2 1,North,2,4,0
0,4,11,6,1721.18,2 1,North,2,5,0
0,4,11,2,1721.378,1 1,North,2,5,0
0,4,11,1,1721.917,1 1,West,2,5,0
0,4,11,2,1722.559,1 0,West,2,5,0
0,4,11,1,1723.153,1 0,South,2,5,0
0,4,11,1,1723.712,1 0,East,2,5,0
0,4,11,3,1724.465,1 0,South,2,5,0
0,4,11,1,1725.108,1 0,East,2,5,0
0,4,11,2,1725.693,1 1,East,2,5,0
0,4,11,3,1726.322,1 1,South,2,5,0
0,4,11,2,1726.88,2 1,South,2,5,0
0,4,11,2,1727.427,3 1,South,2,5,0
0,4,11,1,1727.95,3 1,East,2,5,0
0,4,11,2,1728.486,3 2,East,2,5,0
0,4,11,3,1729.007,3 2,South,2,5,0
0,4,11,2,1729.586,4 2,South,2,5,0
0,4,11,1,1730.125,4 2,East,2,5,0
0,4,11,2,1730.654,4 3,East,2,5,0
0,4,11,6,1731.06,4 3,East,2,6,0
0,4,11,2,1731.195,4 4,East,2,6,0
0,4,11,1,1731.713,4 4,North,2,6,0
0,4,11,2,1732.241,3 4,North,2,6,0
0,4,11,2,1733.057,2 4,North,2,6,0
0,4,11,2,1733.622,1 4,North,2,6,0
0,4,11,1,1734.131,1 4,West,2,6,0
0,4,11,3,1734.671,1 4,North,2,6,0
0,4,11,2,1735.285,0 4,North,2,6,0
0,4,11,1,1735.821,0 4,West,2,6,0
0,4,11,2,1736.365,0 3,West,2,6,0
0,4,11,6,1736.78,0 3,West,2,7,0
0,4,11,3,1736.899,0 3,North,2,7,0
0,4,11,3,1737.458,0 3,East,2,7,0
0,4,11,2,1738.029,0 4,East,2,7,0
0,4,11,3,1738.867,0 4,South,2,7,0
0,4,11,2,1739.462,1 4,South,2,7,0
0,4,11,2,1740.077,2 4,South,2,7,0
0,4,11,2,1740.592,3 4,South,2,7,0
0,4,11,2,1741.105,4 4,South,2,7,0
0,4,11,6,1741.48,4 4,South,2,8,0
2,4,11,2,1745.166,3 4,North,2,0,0
2,4,11,2,1746.02,2 4,North,2,0,0
2,4,11,2,1746.576,1 4,North,2,0,0
2,4,11,2,1747.166,0 4,North,2,0,0
2,4,11,1,1747.779,0 4,West,2,0,0
2,4,11,2,1748.385,0 3,West,2,0,0
2,4,11,1,1750.5,0 3,South,2,0,0
2,4,11,1,1751.069,0 3,East,2,0,0
2,4,11,2,1751.663,0 4,East,2,0,0
2,4,11,3,1752.208,0 4,South,2,0,0
2,4,11,2,1752.721,1 4,South,2,0,0
2,4,11,3,1753.245,1 4,West,2,0,0
2,4,11,2,1753.795,1 3,West,2,0,0
2,4,11,1,1754.356,1 3,South,2,0,0
2,4,11,2,1754.914,2 3,South,2,0,0
2,4,11,3,1755.534,2 3,West,2,0,0
2,4,11,2,1756.096,2 2,West,2,0,0
2,4,11,3,1756.656,2 2,North,2,0,0
2,4,11,2,1757.168,1 2,North,2,0,0
2,4,11,2,1757.732,0 2,North,2,0,0
2,4,11,6,1758.12,0 2,North,2,1,0
2,4,11,1,1758.277,0 2,West,2,1,0
2,4,11,1,1758.788,0 2,South,2,1,0
2,4,11,2,1759.376,1 2,South,2,1,0
2,4,11,2,1759.97,2 2,South,2,1,0
2,4,11,1,1760.863,2 2,East,2,1,0
2,4,11,2,1761.426,2 3,East,2,1,0
2,4,11,1,1761.969,2 3,North,2,1,0
2,4,11,2,1762.494,1 3,North,2,1,0
2,4,11,3,1763.106,1 3,East,2,1,0
2,4,11,2,1763.62,1 4,East,2,1,0
2,4,11,1,1764.214,1 4,North,2,1,0
2,4,11,2,1764.783,0 4,North,2,1,0
2,4,11,6,1765.16,0 4,North,2,2,0
2,4,11,6,1765.18,0 4,North,2,3,0
2,4,11,3,1765.342,0 4,East,2,3,0
2,4,11,3,1766.213,0 4,South,2,3,0
2,4,11,2,1766.849,1 4,South,2,3,0
2,4,11,3,1767.405,1 4,West,2,3,0
2,4,11,2,1768.134,1 3,West,2,3,0
2,4,11,1,1768.706,1 3,South,2,3,0
2,4,11,2,1769.279,2 3,South,2,3,0
2,4,11,3,1769.842,2 3,West,2,3,0
2,4,11,2,1770.562,2 2,West,2,3,0
2,4,11,3,1771.104,2 2,North,2,3,0
2,4,11,2,1771.615,1 2,North,2,3,0
2,4,11,2,1772.131,0 2,North,2,3,0
2,4,11,1,1772.669,0 2,West,2,3,0
2,4,11,2,1773.188,0 1,West,2,3,0
2,4,11,6,1773.6,0 1,West,2,4,0
2,4,11,1,1773.775,0 1,South,2,4,0
2,4,11,1,1774.372,0 1,East,2,4,0
2,4,11,2,1774.996,0 2,East,2,4,0
2,4,11,3,1775.584,0 2,South,2,4,0
2,4,11,2,1776.229,1 2,South,2,4,0
2,4,11,2,1776.845,2 2,South,2,4,0
2,4,11,1,1777.412,2 2,East,2,4,0
2,4,11,2,1777.936,2 3,East,2,4,0
2,4,11,1,1778.481,2 3,North,2,4,0
2,4,11,2,1778.995,1 3,North,2,4,0
2,4,11,3,1779.584,1 3,East,2,4,0
2,4,11,2,1780.157,1 4,East,2,4,0
2,4,11,3,1780.705,1 4,South,2,4,0
2,4,11,2,1781.348,2 4,South,2,4,0
2,4,11,2,1782.278,3 4,South,2,4,0
2,4,11,2,1782.881,4 4,South,2,4,0
2,4,11,3,1783.501,4 4,West,2,4,0
2,4,11,2,1784.084,4 3,West,2,4,0
2,4,11,2,1784.675,4 2,West,2,4,0
2,4,11,3,1785.299,4 2,North,2,4,0
2,4,11,2,1785.809,3 2,North,2,4,0
2,4,11,1,1786.413,3 2,West,2,4,0
2,4,11,2,1786.959,3 1,West,2,4,0
2,4,11,3,1787.539,3 1,North,2,4,0
2,4,11,2,1788.11,2 1,North,2,4,0
2,4,11,2,1788.677,1 1,North,2,4,0
2,4,11,6,1789.06,1 1,North,2,5,0
2,4,11,1,1789.281,1 1,West,2,5,0
2,4,11,1,1789.843,1 1,South,2,5,0
2,4,11,2,1790.403,2 1,South,2,5,0
2,4,11,3,1792.419,2 1,West,2,5,0
2,4,11,2,1793.039,2 1,West,2,5,1
2,4,11,1,1793.493,2 1,South,2,5,1
2,4,11,2,1794.069,3 1,South,2,5,1
2,4,11,3,1794.659,3 1,West,2,5,1
2,4,11,3,1796.146,3 1,North,2,5,1
2,4,11,2,1796.766,2 1,North,2,5,1
2,4,11,2,1797.439,1 1,North,2,5,1
2,4,11,1,1797.952,1 1,West,2,5,1
2,4,11,2,1798.545,1 0,West,2,5,1
2,4,11,1,1799.104,1 0,South,2,5,1
2,4,11,2,1799.679,2 0,South,2,5,1
2,4,11,2,1800.244,3 0,South,2,5,1
2,4,11,6,1800.62,3 0,South,2,6,1
2,4,11,1,1800.996,3 0,East,2,6,1
2,4,11,1,1801.566,3 0,North,2,6,1
2,4,11,2,1802.193,2 0,North,2,6,1
2,4,11,2,1802.814,1 0,North,2,6,1
2,4,11,3,1803.373,1 0,East,2,6,1
2,4,11,2,1803.972,1 1,East,2,6,1
2,4,11,3,1804.64,1 1,South,2,6,1
2,4,11,2,1805.283,2 1,South,2,6,1
2,4,11,2,1805.84,3 1,South,2,6,1
2,4,11,1,1806.405,3 1,East,2,6,1
2,4,11,2,1806.944,3 2,East,2,6,1
2,4,11,3,1807.542,3 2,South,2,6,1
2,4,11,2,1808.095,4 2,South,2,6,1
2,4,11,1,1808.687,4 2,East,2,6,1
2,4,11,2,1809.233,4 3,East,2,6,1
2,4,11,2,1809.742,4 4,East,2,6,1
2,4,11,1,1810.337,4 4,North,2,6,1
2,4,11,2,1810.959,3 4,North,2,6,1
2,4,11,2,1811.486,2 4,North,2,6,1
2,4,11,6,1811.86,2 4,North,2,7,1
2,4,11,1,1812.13,2 4,West,2,7,1
2,4,11,3,1812.849,2 4,North,2,7,1
2,4,11,2,1813.477,1 4,North,2,7,1
2,4,11,1,1814.015,1 4,West,2,7,1
2,4,11,2,1814.597,1 3,West,2,7,1
2,4,11,1,1815.156,1 3,South,2,7,1
2,4,11,2,1815.775,2 3,South,2,7,1
2,4,11,3,1816.432,2 3,West,2,7,1
2,4,11,2,1817.106,2 2,West,2,7,1
2,4,11,3,1817.684,2 2,North,2,7,1
2,4,11,2,1818.303,1 2,North,2,7,1
2,4,11,6,1818.68,1 2,North,2,8,1
0,4,12,2,1822.544,3 4,North,2,0,1
0,4,12,2,1823.135,2 4,North,2,0,1
0,4,12,2,1823.729,1 4,North,2,0,1
0,4,12,1,1824.245,1 4,West,2,0,1
0,4,12,2,1825.013,1 3,West,2,0,1
0,4,12,1,1825.54,1 3,South,2,0,1
0,4,12,2,1826.195,2 3,South,2,0,1
0,4,12,3,1826.755,2 3,West,2,0,1
0,4,12,2,1827.297,2 2,West,2,0,1
0,4,12,3,1827.823,2 2,North,2,0,1
0,4,12,2,1828.401,1 2,North,2,0,1
0,4,12,2,1828.949,0 2,North,2,0,1
0,4,12,1,1829.869,0 2,West,2,0,1
0,4,12,1,1830.564,0 2,South,2,0,1
0,4,12,2,1831.122,1 2,South,2,0,1
0,4,12,2,1831.661,2 2,South,2,0,1
0,4,12,1,1832.172,2 2,East,2,0,1
0,4,12,2,1832.752,2 3,East,2,0,1
0,4,12,1,1833.28,2 3,North,2,0,1
0,4,12,2,1833.842,1 3,North,2,0,1
0,4,12,3,1834.67,1 3,East,2,0,1
0,4,12,2,1835.233,1 4,East,2,0,1
0,4,12,3,1835.983,1 4,South,2,0,1
0,4,12,2,1836.564,2 4,South,2,0,1
0,4,12,2,1837.518,3 4,South,2,0,1
0,4,12,2,1838.112,4 4,South,2,0,1
0,4,12,3,1838.693,4 4,West,2,0,1
0,4,12,2,1839.268,4 3,West,2,0,1
0,4,12,3,1840.079,4 3,North,2,0,1
0,4,12,1,1840.654,4 3,West,2,0,1
0,4,12,2,1841.313,4 2,West,2,0,1
0,4,12,3,1842.146,4 2,North,2,0,1
0,4,12,2,1842.785,3 2,North,2,0,1
0,4,12,6,1843.16,3 2,North,2,1,1
0,4,12,3,1843.461,3 2,East,2,1,1
0,4,12,1,1844.002,3 2,North,2,1,1
0,4,12,1,1844.562,3 2,West,2,1,1
0,4,12,2,1845.156,3 1,West,2,1,1
0,4,12,3,1845.715,3 1,North,2,1,1
0,4,12,2,1846.321,2 1,North,2,1,1
0,4,12,2,1846.863,1 1,North,2,1,1
0,4,12,1,1847.427,1 1,West,2,1,1
0,4,12,2,1847.982,1 0,West,2,1,1
0,4,12,1,1848.548,1 0,South,2,1,1
0,4,12,2,1849.101,2 0,South,2,1,1
0,4,12,2,1850.032,3 0,South,2,1,1
0,4,12,2,1850.645,4 0,South,2,1,1
0,4,12,6,1851.02,4 0,South,2,2,1
0,4,12,1,1851.251,4 0,East,2,2,1
0,4,12,1,1851.892,4 0,North,2,2,1
0,4,12,2,1852.453,3 0,North,2,2,1
0,4,12,2,1853.022,2 0,North,2,2,1
0,4,12,2,1853.617,1 0,North,2,2,1
0,4,12,3,1854.192,1 0,East,2,2,1
0,4,12,2,1854.798,1 1,East,2,2,1
0,4,12,3,1855.389,1 1,South,2,2,1
0,4,12,2,1856.004,2 1,South,2,2,1
0,4,12,2,1856.513,3 1,South,2,2,1
0,4,12,1,1857.073,3 1,East,2,2,1
0,4,12,2,1857.603,3 2,East,2,2,1
0,4,12,3,1858.131,3 2,South,2,2,1
0,4,12,2,1858.689,4 2,South,2,2,1
0,4,12,1,1859.217,4 2,East,2,2,1
0,4,12,2,1859.774,4 3,East,2,2,1
0,4,12,2,1860.291,4 4,East,2,2,1
0,4,12,1,1861.213,4 4,North,2,2,1
0,4,12,2,1861.761,3 4,North,2,2,1
0,4,12,2,1862.676,2 4,North,2,2,1
0,4,12,2,1863.213,1 4,North,2,2,1
0,4,12,1,1863.757,1 4,West,2,2,1
0,4,12,2,1864.354,1 3,West,2,2,1
0,4,12,1,1864.911,1 3,South,2,2,1
0,4,12,2,1865.489,2 3,South,2,2,1
0,4,12,3,1866.047,2 3,West,2,2,1
0,4,12,2,1866.606,2 2,West,2,2,1
0,4,12,3,1867.405,2 2,North,2,2,1
0,4,12,2,1868.02,1 2,North,2,2,1
0,4,12,6,1868.4,1 2,North,2,3,1
0,4,12,2,1868.579,0 2,North,2,3,1
0,4,12,1,1869.119,0 2,West,2,3,1
0,4,12,2,1869.757,0 1,West,2,3,1
0,4,12,1,1870.321,0 1,South,2,3,1
0,4,12,1,1870.896,0 1,East,2,3,1
0,4,12,2,1871.473,0 2,East,2,3,1
0,4,12,3,1872.049,0 2,South,2,3,1
0,4,12,2,1872.962,1 2,South,2,3,1
0,4,12,2,1873.637,2 2,South,2,3,1
0,4,12,1,1874.261,2 2,East,2,3,1
0,4,12,2,1874.818,2 3,East,2,3,1
0,4,12,1,1875.396,2 3,North,2,3,1
0,4,12,2,1875.972,1 3,North,2,3,1
0,4,12,3,1876.5,1 3,East,2,3,1
0,4,12,2,1877.053,1 4,East,2,3,1
0,4,12,3,1877.789,1 4,South,2,3,1
0,4,12,2,1878.367,2 4,South,2,3,1
0,4,12,2,1878.895,3 4,South,2,3,1
0,4,12,2,1879.478,4 4,South,2,3,1
0,4,12,3,1880.061,4 4,West,2,3,1
0,4,12,2,1880.625,4 3,West,2,3,1
0,4,12,2,1881.181,4 2,West,2,3,1
0,4,12,3,1881.745,4 2,North,2,3,1
0,4,12,2,1882.387,3 2,North,2,3,1
0,4,12,1,1882.898,3 2,West,2,3,1
0,4,12,2,1883.473,3 1,West,2,3,1
0,4,12,3,1884.052,3 1,North,2,3,1
0,4,12,3,1885.057,3 1,East,2,3,1
0,4,12,1,1885.629,3 1,North,2,3,1
0,4,12,2,1886.26,2 1,North,2,3,1
0,4,12,2,1886.783,1 1,North,2,3,1
0,4,12,1,1887.375,1 1,West,2,3,1
0,4,12,2,1887.94,1 0,West,2,3,1
0,4,12,1,1888.467,1 0,South,2,3,1
0,4,12,2,1889.014,2 0,South,2,3,1
0,4,12,2,1889.821,3 0,South,2,3,1
0,4,12,1,1890.386,3 0,East,2,3,1
0,4,12,3,1890.979,3 0,South,2,3,1
0,4,12,2,1891.553,4 0,South,2,3,1
0,4,12,1,1892.095,4 0,East,2,3,1
0,4,12,2,1892.689,4 1,East,2,3,1
0,4,12,6,1893.1,4 1,East,2,4,1
0,4,12,1,1893.246,4 1,North,2,4,1
0,4,12,1,1893.812,4 1,West,2,4,1
0,4,12,2,1894.414,4 0,West,2,4,1
0,4,12,3,1894.958,4 0,North,2,4,1
0,4,12,2,1895.524,3 0,North,2,4,1
0,4,12,2,1896.052,2 0,North,2,4,1
0,4,12,2,1896.643,1 0,North,2,4,1
0,4,12,3,1897.492,1 0,East,2,4,1
0,4,12,2,1898.11,1 1,East,2,4,1
0,4,12,3,1898.69,1 1,South,2,4,1
0,4,12,2,1899.779,2 1,South,2,4,1
0,4,12,2,1900.658,3 1,South,2,4,1
0,4,12,1,1901.203,3 1,East,2,4,1
0,4,12,2,1901.853,3 2,East,2,4,1
0,4,12,3,1902.433,3 2,South,2,4,1
0,4,12,2,1903.073,4 2,South,2,4,1
0,4,12,1,1903.668,4 2,East,2,4,1
0,4,12,2,1904.288,4 3,East,2,4,1
0,4,12,2,1904.819,4 4,East,2,4,1
0,4,12,1,1905.696,4 4,North,2,4,1
0,4,12,2,1906.258,3 4,North,2,4,1
0,4,12,2,1906.8,2 4,North,2,4,1
0,4,12,2,1907.392,1 4,North,2,4,1
0,4,12,1,1907.919,1 4,West,2,4,1
0,4,12,2,1908.598,1 3,West,2,4,1
0,4,12,1,1909.108,1 3,South,2,4,1
0,4,12,2,1909.794,2 3,South,2,4,1
0,4,12,3,1910.388,2 3,West,2,4,1
0,4,12,2,1910.966,2 2,West,2,4,1
0,4,12,3,1911.523,2 2,North,2,4,1
0,4,12,2,1912.118,1 2,North,2,4,1
0,4,12,2,1912.674,0 2,North,2,4,1
0,4,12,6,1913.06,0 2,North,2,5,1
0,4,12,1,1913.346,0 2,West,2,5,1
0,4,12,2,1913.885,0 1,West,2,5,1
0,4,12,6,1914.3,0 1,West,2,6,1
0,4,12,1,1914.428,0 1,South,2,6,1
0,4,12,1,1915.028,0 1,East,2,6,1
0,4,12,2,1915.654,0 2,East,2,6,1
0,4,12,3,1916.349,0 2,South,2,6,1
0,4,12,2,1916.964,1 2,South,2,6,1
0,4,12,2,1917.599,2 2,South,2,6,1
0,4,12,1,1918.16,2 2,East,2,6,1
0,4,12,2,1918.783,2 3,East,2,6,1
0,4,12,1,1919.36,2 3,North,2,6,1
0,4,12,2,1919.923,1 3,North,2,6,1
0,4,12,3,1920.48,1 3,East,2,6,1
0,4,12,2,1921.07,1 4,East,2,6,1
0,4,12,3,1921.615,1 4,South,2,6,1
0,4,12,2,1922.176,2 4,South,2,6,1
0,4,12,6,1922.56,2 4,South,2,7,1
0,4,12,3,1922.898,2 4,West,2,7,1
0,4,12,3,1923.444,2 4,North,2,7,1
0,4,12,2,1924.045,1 4,North,2,7,1
0,4,12,1,1924.608,1 4,West,2,7,1
0,4,12,1,1925.313,1 4,South,2,7,1
0,4,12,3,1925.858,1 4,West,2,7,1
0,4,12,2,1926.452,1 3,West,2,7,1
0,4,12,1,1926.966,1 3,South,2,7,1
0,4,12,2,1927.534,2 3,South,2,7,1
0,4,12,3,1928.047,2 3,West,2,7,1
0,4,12,2,1928.614,2 2,West,2,7,1
0,4,12,6,1929.02,2 2,West,2,8,1
2,4,12,1,1932.164,4 4,West,2,0,0
2,4,12,2,1933.054,4 3,West,2,0,0
2,4,12,2,1933.68,4 2,West,2,0,0
2,4,12,3,1934.21,4 2,North,2,0,0
2,4,12,2,1934.835,3 2,North,2,0,0
2,4,12,6,1935.22,3 2,North,2,1,0
2,4,12,3,1935.588,3 2,East,2,1,0
2,4,12,3,1936.525,3 2,South,2,1,0
2,4,12,3,1937.122,3 2,West,2,1,0
2,4,12,3,1937.726,3 2,North,2,1,0
2,4,12,1,1938.53,3 2,West,2,1,0
2,4,12,2,1939.252,3 1,West,2,1,0
2,4,12,3,1940.242,3 1,North,2,1,0
2,4,12,2,1940.863,2 1,North,2,1,0
2,4,12,2,1941.395,1 1,North,2,1,0
2,4,12,1,1941.987,1 1,West,2,1,0
2,4,12,2,1942.575,1 0,West,2,1,0
2,4,12,1,1943.118,1 0,South,2,1,0
2,4,12,2,1943.683,2 0,South,2,1,0
2,4,12,2,1944.64,3 0,South,2,1,0
2,4,12,2,1945.217,4 0,South,2,1,0
2,4,12,6,1945.58,4 0,South,2,2,0
2,4,12,1,1945.828,4 0,East,2,2,0
2,4,12,1,1946.402,4 0,North,2,2,0
2,4,12,2,1946.966,3 0,North,2,2,0
2,4,12,2,1947.517,2 0,North,2,2,0
2,4,12,2,1948.177,1 0,North,2,2,0
2,4,12,3,1948.786,1 0,East,2,2,0
2,4,12,2,1949.358,1 1,East,2,2,0
2,4,12,3,1949.936,1 1,South,2,2,0
2,4,12,2,1950.56,2 1,South,2,2,0
2,4,12,2,1951.151,3 1,South,2,2,0
2,4,12,1,1951.745,3 1,East,2,2,0
2,4,12,2,1952.29,3 2,East,2,2,0
2,4,12,3,1952.805,3 2,South,2,2,0
2,4,12,2,1953.342,4 2,South,2,2,0
2,4,12,1,1953.877,4 2,East,2,2,0
2,4,12,2,1954.446,4 3,East,2,2,0
2,4,12,2,1954.976,4 4,East,2,2,0
2,4,12,1,1955.581,4 4,North,2,2,0
2,4,12,2,1956.159,3 4,North,2,2,0
2,4,12,2,1957.088,2 4,North,2,2,0
2,4,12,2,1957.712,1 4,North,2,2,0
2,4,12,1,1958.351,1 4,West,2,2,0
2,4,12,2,1958.943,1 3,West,2,2,0
2,4,12,2,1959.456,1 3,West,2,2,1
2,4,12,2,1959.83,1 3,West,2,2,2
2,4,12,3,1960.196,1 3,North,2,2,2
2,4,12,1,1961.347,1 3,West,2,2,2
2,4,12,1,1961.89,1 3,South,2,2,2
2,4,12,2,1962.517,2 3,South,2,2,2
2,4,12,3,1963.118,2 3,West,2,2,2
2,4,12,2,1963.717,2 2,West,2,2,2
2,4,12,3,1964.309,2 2,North,2,2,2
2,4,12,2,1964.88,1 2,North,2,2,2
2,4,12,6,1965.26,1 2,North,2,3,2
2,4,12,1,1965.427,1 2,West,2,3,2
2,4,12,1,1966.066,1 2,South,2,3,2
2,4,12,2,1967.298,2 2,South,2,3,2
2,4,12,1,1967.809,2 2,East,2,3,2
2,4,12,2,1968.382,2 3,East,2,3,2
2,4,12,1,1968.944,2 3,North,2,3,2
2,4,12,2,1969.52,1 3,North,2,3,2
2,4,12,3,1970.083,1 3,East,2,3,2
2,4,12,2,1970.66,1 4,East,2,3,2
2,4,12,3,1971.261,1 4,South,2,3,2
2,4,12,2,1971.838,2 4,South,2,3,2
2,4,12,2,1972.404,3 4,South,2,3,2
2,4,12,2,1973.006,4 4,South,2,3,2
2,4,12,3,1973.571,4 4,West,2,3,2
2,4,12,2,1974.226,4 3,West,2,3,2
2,4,12,2,1975.173,4 2,West,2,3,2
2,4,12,3,1976.083,4 2,North,2,3,2
2,4,12,2,1976.814,3 2,North,2,3,2
2,4,12,1,1977.439,3 2,West,2,3,2
2,4,12,2,1978.038,3 1,West,2,3,2
2,4,12,3,1978.88,3 1,North,2,3,2
2,4,12,2,1979.489,2 1,North,2,3,2
2,4,12,2,1980.068,1 1,North,2,3,2
2,4,12,1,1980.661,1 1,West,2,3,2
2,4,12,2,1981.266,1 0,West,2,3,2
2,4,12,1,1981.83,1 0,South,2,3,2
2,4,12,2,1982.483,2 0,South,2,3,2
2,4,12,2,1983.069,3 0,South,2,3,2
2,4,12,2,1983.666,4 0,South,2,3,2
2,4,12,1,1984.261,4 0,East,2,3,2
2,4,12,2,1984.831,4 1,East,2,3,2
2,4,12,6,1985.24,4 1,East,2,4,2
2,4,12,3,1985.391,4 1,South,2,4,2
2,4,12,3,1985.967,4 1,West,2,4,2
2,4,12,2,1986.546,4 0,West,2,4,2
2,4,12,3,1987.092,4 0,North,2,4,2
2,4,12,2,1987.797,3 0,North,2,4,2
2,4,12,2,1988.382,2 0,North,2,4,2
2,4,12,6,1988.76,2 0,North,2,5,2
2,4,12,2,1989.54,1 0,North,2,5,2
2,4,12,3,1990.077,1 0,East,2,5,2
2,4,12,2,1990.623,1 1,East,2,5,2
2,4,12,3,1991.184,1 1,South,2,5,2
2,4,12,2,1991.829,2 1,South,2,5,2
2,4,12,2,1992.39,3 1,South,2,5,2
2,4,12,1,1992.916,3 1,East,2,5,2
2,4,12,2,1993.47,3 2,East,2,5,2
2,4,12,3,1993.981,3 2,South,2,5,2
2,4,12,2,1994.528,4 2,South,2,5,2
2,4,12,1,1995.141,4 2,East,2,5,2
2,4,12,2,1995.664,4 3,East,2,5,2
2,4,12,2,1996.224,4 4,East,2,5,2
2,4,12,1,1997.122,4 4,North,2,5,2
2,4,12,2,1997.712,3 4,North,2,5,2
2,4,12,2,1998.277,2 4,North,2,5,2
2,4,12,2,1998.803,1 4,North,2,5,2
2,4,12,1,1999.412,1 4,West,2,5,2
2,4,12,2,1999.956,1 3,West,2,5,2
2,4,12,1,2000.543,1 3,South,2,5,2
2,4,12,2,2001.19,2 3,South,2,5,2
2,4,12,3,2001.798,2 3,West,2,5,2
2,4,12,2,2002.358,2 2,West,2,5,2
2,4,12,3,2002.928,2 2,North,2,5,2
2,4,12,2,2003.538,1 2,North,2,5,2
2,4,12,2,2004.11,0 2,North,2,5,2
2,4,12,1,2004.653,0 2,West,2,5,2
2,4,12,2,2005.218,0 1,West,2,5,2
2,4,12,6,2005.64,0 1,West,2,6,2
2,4,12,1,2005.781,0 1,South,2,6,2
2,4,12,1,2006.353,0 1,East,2,6,2
2,4,12,2,2006.965,0 2,East,2,6,2
2,4,12,3,2007.83,0 2,South,2,6,2
2,4,12,1,2008.673,0 2,East,2,6,2
2,4,12,3,2009.427,0 2,South,2,6,2
2,4,12,2,2010.608,1 2,South,2,6,2
2,4,12,2,2011.234,2 2,South,2,6,2
2,4,12,1,2011.781,2 2,East,2,6,2
2,4,12,2,2012.405,2 3,East,2,6,2
2,4,12,1,2012.977,2 3,North,2,6,2
2,4,12,2,2013.54,1 3,North,2,6,2
2,4,12,3,2014.131,1 3,East,2,6,2
2,4,12,2,2014.708,1 4,East,2,6,2
2,4,12,3,2015.222,1 4,South,2,6,2
2,4,12,2,2015.76,2 4,South,2,6,2
2,4,12,2,2016.295,3 4,South,2,6,2
2,4,12,2,2016.863,4 4,South,2,6,2
2,4,12,3,2017.762,4 4,West,2,6,2
2,4,12,2,2018.422,4 3,West,2,6,2
2,4,12,2,2019.01,4 2,West,2,6,2
2,4,12,3,2019.585,4 2,North,2,6,2
2,4,12,2,2020.197,3 2,North,2,6,2
2,4,12,1,2020.753,3 2,West,2,6,2
2,4,12,2,2021.311,3 1,West,2,6,2
2,4,12,3,2022.116,3 1,North,2,6,2
2,4,12,2,2022.707,2 1,North,2,6,2
2,4,12,2,2023.248,1 1,North,2,6,2
2,4,12,1,2023.905,1 1,West,2,6,2
2,4,12,2,2024.451,1 0,West,2,6,2
2,4,12,1,2024.993,1 0,South,2,6,2
2,4,12,2,2025.605,2 0,South,2,6,2
2,4,12,2,2026.149,3 0,South,2,6,2
2,4,12,6,2026.52,3 0,South,2,7,2
2,4,12,1,2026.755,3 0,East,2,7,2
2,4,12,1,2027.583,3 0,North,2,7,2
2,4,12,2,2028.147,2 0,North,2,7,2
2,4,12,3,2028.719,2 0,East,2,7,2
2,4,12,2,2029.267,2 0,East,2,7,3
2,4,12,2,2029.697,2 0,East,2,7,4
2,4,12,1,2030.061,2 0,North,2,7,4
2,4,12,2,2030.69,1 0,North,2,7,4
2,4,12,3,2031.539,1 0,East,2,7,4
2,4,12,2,2032.158,1 1,East,2,7,4
2,4,12,3,2032.989,1 1,South,2,7,4
2,4,12,2,2033.653,2 1,South,2,7,4
2,4,12,6,2034.04,2 1,South,2,8,4
0,5,13,1,2234.945,4 4,West,3,0,4
0,5,13,2,2236.589,4 3,West,3,0,4
0,5,13,2,2237.173,4 2,West,3,0,4
0,5,13,2,2237.7,4 1,West,3,0,4
0,5,13,2,2238.237,4 0,West,3,0,4
0,5,13,3,2238.829,4 0,North,3,0,4
0,5,13,3,2239.762,4 0,East,3,0,4
0,5,13,2,2240.389,4 1,East,3,0,4
0,5,13,2,2240.899,4 2,East,3,0,4
0,5,13,1,2241.796,4 2,North,3,0,4
0,5,13,2,2242.402,3 2,North,3,0,4
0,5,13,1,2242.932,3 2,West,3,0,4
0,5,13,2,2243.716,3 1,West,3,0,4
0,5,13,2,2244.274,3 0,West,3,0,4
0,5,13,3,2245.345,3 0,North,3,0,4
0,5,13,2,2245.938,2 0,North,3,0,4
0,5,13,6,2246.32,2 0,North,3,1,4
0,5,13,3,2246.88,2 0,East,3,1,4
0,5,13,3,2248.115,2 0,South,3,1,4
0,5,13,1,2248.661,2 0,East,3,1,4
0,5,13,1,2249.265,2 0,North,3,1,4
0,5,13,2,2249.83,1 0,North,3,1,4
0,5,13,3,2250.529,1 0,East,3,1,4
0,5,13,2,2251.106,1 1,East,3,1,4
0,5,13,3,2251.987,1 1,South,3,1,4
0,5,13,1,2252.767,1 1,East,3,1,4
0,5,13,1,2253.389,1 1,North,3,1,4
0,5,13,1,2254.003,1 1,West,3,1,4
0,5,13,1,2254.576,1 1,South,3,1,4
0,5,13,2,2255.188,2 1,South,3,1,4
0,5,13,1,2255.7,2 1,East,3,1,4
0,5,13,2,2256.306,2 2,East,3,1,4
0,5,13,1,2257.027,2 2,North,3,1,4
0,5,13,2,2257.622,1 2,North,3,1,4
0,5,13,2,2258.479,0 2,North,3,1,4
0,5,13,1,2259.006,0 2,West,3,1,4
0,5,13,1,2259.697,0 2,South,3,1,4
0,5,13,2,2260.275,1 2,South,3,1,4
0,5,13,2,2260.851,2 2,South,3,1,4
0,5,13,3,2261.409,2 2,West,3,1,4
0,5,13,2,2261.956,2 1,West,3,1,4
0,5,13,3,2262.848,2 1,North,3,1,4
0,5,13,2,2263.443,1 1,North,3,1,4
0,5,13,1,2263.999,1 1,West,3,1,4
0,5,13,2,2264.593,1 0,West,3,1,4
0,5,13,1,2265.329,1 0,South,3,1,4
0,5,13,2,2265.92,2 0,South,3,1,4
0,5,13,2,2266.466,3 0,South,3,1,4
0,5,13,1,2267.062,3 0,East,3,1,4
0,5,13,2,2267.599,3 1,East,3,1,4
0,5,13,2,2268.147,3 2,East,3,1,4
0,5,13,3,2268.677,3 2,South,3,1,4
0,5,13,2,2269.28,4 2,South,3,1,4
0,5,13,1,2270.115,4 2,East,3,1,4
0,5,13,1,2270.725,4 2,North,3,1,4
0,5,13,1,2271.474,4 2,West,3,1,4
0,5,13,3,2272.131,4 2,North,3,1,4
0,5,13,3,2272.686,4 2,East,3,1,4
0,5,13,2,2273.365,4 3,East,3,1,4
0,5,13,2,2273.938,4 4,East,3,1,4
0,5,13,1,2274.783,4 4,North,3,1,4
0,5,13,2,2275.44,3 4,North,3,1,4
0,5,13,1,2276.015,3 4,West,3,1,4
0,5,13,2,2276.656,3 3,West,3,1,4
0,5,13,3,2277.204,3 3,North,3,1,4
0,5,13,2,2277.872,2 3,North,3,1,4
0,5,13,2,2278.386,1 3,North,3,1,4
0,5,13,2,2279.233,0 3,North,3,1,4
0,5,13,3,2280.032,0 3,East,3,1,4
0,5,13,2,2280.691,0 4,East,3,1,4
0,5,13,3,2281.584,0 4,South,3,1,4
0,5,13,2,2282.176,1 4,South,3,1,4
0,5,13,6,2282.56,1 4,South,3,2,4
0,5,13,3,2283.075,1 4,West,3,2,4
0,5,13,3,2283.68,1 4,North,3,2,4
0,5,13,2,2284.292,0 4,North,3,2,4
0,5,13,6,2284.68,0 4,North,3,3,4
0,5,13,1,2284.879,0 4,West,3,3,4
0,5,13,2,2285.488,0 3,West,3,3,4
0,5,13,1,2286.047,0 3,South,3,3,4
0,5,13,2,2286.641,1 3,South,3,3,4
0,5,13,2,2287.181,2 3,South,3,3,4
0,5,13,2,2287.795,3 3,South,3,3,4
0,5,13,1,2288.323,3 3,East,3,3,4
0,5,13,2,2288.897,3 4,East,3,3,4
0,5,13,3,2289.829,3 4,South,3,3,4
0,5,13,2,2290.413,4 4,South,3,3,4
0,5,13,3,2290.958,4 4,West,3,3,4
0,5,13,2,2291.555,4 3,West,3,3,4
0,5,13,2,2292.132,4 2,West,3,3,4
0,5,13,3,2292.704,4 2,North,3,3,4
0,5,13,2,2293.309,3 2,North,3,3,4
0,5,13,1,2293.854,3 2,West,3,3,4
0,5,13,2,2294.706,3 1,West,3,3,4
0,5,13,2,2295.236,3 0,West,3,3,4
0,5,13,3,2296.084,3 0,North,3,3,4
0,5,13,2,2296.705,2 0,North,3,3,4
0,5,13,2,2297.31,1 0,North,3,3,4
0,5,13,3,2297.868,1 0,East,3,3,4
0,5,13,2,2298.401,1 1,East,3,3,4
0,5,13,3,2298.948,1 1,South,3,3,4
0,5,13,2,2299.572,2 1,South,3,3,4
0,5,13,6,2299.94,2 1,South,3,4,4
0,5,13,1,2300.127,2 1,East,3,4,4
0,5,13,2,2300.671,2 2,East,3,4,4
0,5,13,1,2301.269,2 2,North,3,4,4
0,5,13,1,2302.005,2 2,West,3,4,4
0,5,13,3,2302.531,2 2,North,3,4,4
0,5,13,2,2303.135,1 2,North,3,4,4
0,5,13,2,2303.693,0 2,North,3,4,4
0,5,13,1,2304.286,0 2,West,3,4,4
0,5,13,1,2304.896,0 2,South,3,4,4
0,5,13,2,2305.458,1 2,South,3,4,4
0,5,13,2,2306.052,2 2,South,3,4,4
0,5,13,3,2306.879,2 2,West,3,4,4
0,5,13,2,2307.472,2 1,West,3,4,4
0,5,13,3,2308.03,2 1,North,3,4,4
0,5,13,2,2308.687,1 1,North,3,4,4
0,5,13,1,2309.283,1 1,West,3,4,4
0,5,13,2,2309.921,1 0,West,3,4,4
0,5,13,1,2310.469,1 0,South,3,4,4
0,5,13,2,2311.089,2 0,South,3,4,4
0,5,13,2,2311.6,3 0,South,3,4,4
0,5,13,1,2312.385,3 0,East,3,4,4
0,5,13,2,2312.961,3 1,East,3,4,4
0,5,13,2,2313.501,3 2,East,3,4,4
0,5,13,3,2314.034,3 2,South,3,4,4
0,5,13,2,2314.644,4 2,South,3,4,4
0,5,13,1,2315.205,4 2,East,3,4,4
0,5,13,2,2315.796,4 3,East,3,4,4
0,5,13,6,2316.2,4 3,East,3,5,4
0,5,13,2,2316.335,4 4,East,3,5,4
0,5,13,1,2316.917,4 4,North,3,5,4
0,5,13,1,2317.583,4 4,West,3,5,4
0,5,13,2,2318.358,4 3,West,3,5,4
0,5,13,2,2318.931,4 2,West,3,5,4
0,5,13,2,2319.587,4 1,West,3,5,4
0,5,13,2,2320.229,4 0,West,3,5,4
0,5,13,6,2320.64,4 0,West,3,6,4
0,5,13,3,2320.805,4 0,North,3,6,4
0,5,13,3,2321.344,4 0,East,3,6,4
0,5,13,2,2321.923,4 1,East,3,6,4
0,5,13,2,2322.462,4 2,East,3,6,4
0,5,13,1,2323.263,4 2,North,3,6,4
0,5,13,2,2325.293,3 2,North,3,6,4
0,5,13,1,2326.158,3 2,West,3,6,4
0,5,13,2,2326.829,3 1,West,3,6,4
0,5,13,2,2327.362,3 0,West,3,6,4
0,5,13,3,2327.955,3 0,North,3,6,4
0,5,13,2,2328.513,2 0,North,3,6,4
0,5,13,2,2329.118,1 0,North,3,6,4
0,5,13,3,2329.661,1 0,East,3,6,4
0,5,13,2,2330.88,1 1,East,3,6,4
0,5,13,3,2331.438,1 1,South,3,6,4
0,5,13,2,2332.035,2 1,South,3,6,4
0,5,13,1,2332.55,2 1,East,3,6,4
0,5,13,2,2333.17,2 2,East,3,6,4
0,5,13,1,2333.732,2 2,North,3,6,4
0,5,13,2,2334.257,1 2,North,3,6,4
0,5,13,2,2334.814,0 2,North,3,6,4
0,5,13,1,2335.378,0 2,West,3,6,4
0,5,13,1,2336,0 2,South,3,6,4
0,5,13,2,2336.529,1 2,South,3,6,4
0,5,13,2,2337.101,2 2,South,3,6,4
0,5,13,3,2337.982,2 2,West,3,6,4
0,5,13,2,2338.645,2 1,West,3,6,4
0,5,13,3,2339.156,2 1,North,3,6,4
0,5,13,2,2339.728,1 1,North,3,6,4
0,5,13,1,2340.462,1 1,West,3,6,4
0,5,13,2,2341.141,1 0,West,3,6,4
0,5,13,1,2341.708,1 0,South,3,6,4
0,5,13,2,2342.349,2 0,South,3,6,4
0,5,13,2,2342.908,3 0,South,3,6,4
0,5,13,1,2343.677,3 0,East,3,6,4
0,5,13,1,2344.434,3 0,North,3,6,4
0,5,13,3,2345.091,3 0,East,3,6,4
0,5,13,2,2345.715,3 1,East,3,6,4
0,5,13,2,2346.284,3 2,East,3,6,4
0,5,13,3,2346.833,3 2,South,3,6,4
0,5,13,2,2347.477,4 2,South,3,6,4
0,5,13,1,2348.032,4 2,East,3,6,4
0,5,13,2,2348.626,4 3,East,3,6,4
0,5,13,2,2349.184,4 4,East,3,6,4
0,5,13,1,2349.78,4 4,North,3,6,4
0,5,13,2,2350.404,3 4,North,3,6,4
0,5,13,1,2350.942,3 4,West,3,6,4
0,5,13,2,2351.522,3 3,West,3,6,4
0,5,13,6,2351.94,3 3,West,3,7,4
0,5,13,3,2352.08,3 3,North,3,7,4
0,5,13,2,2354.403,2 3,North,3,7,4
0,5,13,2,2354.932,1 3,North,3,7,4
0,5,13,2,2355.568,0 3,North,3,7,4
0,5,13,3,2356.469,0 3,East,3,7,4
0,5,13,2,2357.073,0 4,East,3,7,4
0,5,13,3,2357.825,0 4,South,3,7,4
0,5,13,3,2358.403,0 4,West,3,7,4
0,5,13,2,2359.09,0 3,West,3,7,4
0,5,13,1,2359.696,0 3,South,3,7,4
0,5,13,2,2360.322,1 3,South,3,7,4
0,5,13,2,2360.883,2 3,South,3,7,4
0,5,13,2,2361.763,3 3,South,3,7,4
0,5,13,1,2362.322,3 3,East,3,7,4
0,5,13,2,2362.925,3 4,East,3,7,4
0,5,13,3,2363.539,3 4,South,3,7,4
0,5,13,2,2364.065,4 4,South,3,7,4
0,5,13,3,2364.658,4 4,West,3,7,4
0,5,13,2,2365.252,4 3,West,3,7,4
0,5,13,2,2365.779,4 2,West,3,7,4
0,5,13,3,2366.644,4 2,North,3,7,4
0,5,13,2,2367.231,3 2,North,3,7,4
0,5,13,1,2367.876,3 2,West,3,7,4
0,5,13,2,2368.639,3 1,West,3,7,4
0,5,13,2,2369.267,3 0,West,3,7,4
0,5,13,3,2369.795,3 0,North,3,7,4
0,5,13,2,2370.493,2 0,North,3,7,4
0,5,13,2,2371.059,1 0,North,3,7,4
0,5,13,6,2371.44,1 0,North,3,8,4
2,5,13,1,2375.235,4 4,West,3,0,0
2,5,13,2,2376.114,4 3,West,3,0,0
2,5,13,2,2376.785,4 2,West,3,0,0
2,5,13,3,2377.379,4 2,North,3,0,0
2,5,13,2,2378.164,3 2,North,3,0,0
2,5,13,1,2378.835,3 2,West,3,0,0
2,5,13,2,2379.473,3 1,West,3,0,0
2,5,13,2,2380.323,3 0,West,3,0,0
2,5,13,3,2380.926,3 0,North,3,0,0
2,5,13,2,2381.492,2 0,North,3,0,0
2,5,13,6,2381.88,2 0,North,3,1,0
2,5,13,2,2382.342,1 0,North,3,1,0
2,5,13,3,2382.897,1 0,East,3,1,0
2,5,13,3,2384.052,1 0,South,3,1,0
2,5,13,1,2385.936,1 0,East,3,1,0
2,5,13,3,2387.462,1 0,South,3,1,0
2,5,13,2,2388.288,2 0,South,3,1,0
2,5,13,2,2389.198,3 0,South,3,1,0
2,5,13,1,2389.857,3 0,East,3,1,0
2,5,13,2,2390.964,3 1,East,3,1,0
2,5,13,2,2391.709,3 2,East,3,1,0
2,5,13,3,2392.355,3 2,South,3,1,0
2,5,13,2,2392.96,4 2,South,3,1,0
2,5,13,1,2393.541,4 2,East,3,1,0
2,5,13,2,2394.157,4 3,East,3,1,0
2,5,13,2,2394.752,4 4,East,3,1,0
2,5,13,1,2395.376,4 4,North,3,1,0
2,5,13,2,2395.955,3 4,North,3,1,0
2,5,13,1,2397.219,3 4,West,3,1,0
2,5,13,2,2398.098,3 3,West,3,1,0
2,5,13,3,2398.754,3 3,North,3,1,0
2,5,13,2,2399.406,2 3,North,3,1,0
2,5,13,2,2399.966,1 3,North,3,1,0
2,5,13,2,2400.548,0 3,North,3,1,0
2,5,13,3,2401.071,0 3,East,3,1,0
2,5,13,2,2401.668,0 4,East,3,1,0
2,5,13,3,2402.321,0 4,South,3,1,0
2,5,13,2,2402.833,1 4,South,3,1,0
2,5,13,6,2403.2,1 4,South,3,2,0
2,5,13,3,2403.423,1 4,West,3,2,0
2,5,13,3,2403.936,1 4,North,3,2,0
2,5,13,2,2404.541,0 4,North,3,2,0
2,5,13,6,2404.92,0 4,North,3,3,0
2,5,13,1,2405.156,0 4,West,3,3,0
2,5,13,2,2405.798,0 3,West,3,3,0
2,5,13,1,2406.384,0 3,South,3,3,0
2,5,13,2,2407.085,1 3,South,3,3,0
2,5,13,2,2408.931,2 3,South,3,3,0
2,5,13,2,2409.758,3 3,South,3,3,0
2,5,13,1,2410.531,3 3,East,3,3,0
2,5,13,3,2413.968,3 3,South,3,3,0
2,5,13,1,2414.657,3 3,East,3,3,0
2,5,13,2,2415.357,3 4,East,3,3,0
2,5,13,3,2415.999,3 4,South,3,3,0
2,5,13,2,2416.605,4 4,South,3,3,0
2,5,13,3,2417.313,4 4,West,3,3,0
2,5,13,2,2417.92,4 3,West,3,3,0
2,5,13,2,2418.916,4 2,West,3,3,0
2,5,13,3,2419.493,4 2,North,3,3,0
2,5,13,2,2420.192,3 2,North,3,3,0
2,5,13,1,2420.833,3 2,West,3,3,0
2,5,13,3,2421.793,3 2,North,3,3,0
2,5,13,1,2422.525,3 2,West,3,3,0
2,5,13,2,2423.55,3 1,West,3,3,0
2,5,13,3,2424.306,3 1,North,3,3,0
2,5,13,2,2425.124,3 1,North,3,3,1
2,5,13,1,2425.524,3 1,West,3,3,1
2,5,13,2,2426.21,3 0,West,3,3,1
2,5,13,3,2426.831,3 0,North,3,3,1
2,5,13,2,2427.793,2 0,North,3,3,1
2,5,13,2,2428.589,1 0,North,3,3,1
2,5,13,3,2429.185,1 0,East,3,3,1
2,5,13,2,2429.824,1 1,East,3,3,1
2,5,13,3,2430.449,1 1,South,3,3,1
2,5,13,2,2431.028,2 1,South,3,3,1
2,5,13,6,2431.4,2 1,South,3,4,1
2,5,13,1,2431.698,2 1,East,3,4,1
2,5,13,2,2432.415,2 2,East,3,4,1
2,5,13,1,2433.085,2 2,North,3,4,1
2,5,13,2,2433.734,1 2,North,3,4,1
2,5,13,2,2434.354,0 2,North,3,4,1
2,5,13,3,2435.06,0 2,East,3,4,1
2,5,13,3,2436.463,0 2,South,3,4,1
2,5,13,2,2437.204,1 2,South,3,4,1
2,5,13,2,2437.797,2 2,South,3,4,1
2,5,13,3,2438.402,2 2,West,3,4,1
2,5,13,2,2439.04,2 1,West,3,4,1
2,5,13,3,2439.997,2 1,North,3,4,1
2,5,13,2,2440.691,1 1,North,3,4,1
2,5,13,1,2441.341,1 1,West,3,4,1
2,5,13,2,2442.018,1 0,West,3,4,1
2,5,13,1,2442.642,1 0,South,3,4,1
2,5,13,2,2443.294,2 0,South,3,4,1
2,5,13,2,2444.116,3 0,South,3,4,1
2,5,13,1,2444.772,3 0,East,3,4,1
2,5,13,2,2445.392,3 1,East,3,4,1
2,5,13,2,2446.326,3 2,East,3,4,1
2,5,13,3,2446.962,3 2,South,3,4,1
2,5,13,2,2447.555,4 2,South,3,4,1
2,5,13,1,2448.128,4 2,East,3,4,1
2,5,13,2,2448.753,4 3,East,3,4,1
2,5,13,2,2449.477,4 4,East,3,4,1
2,5,13,1,2450.061,4 4,North,3,4,1
2,5,13,1,2452.087,4 4,West,3,4,1
2,5,13,3,2452.615,4 4,North,3,4,1
2,5,13,2,2453.319,3 4,North,3,4,1
2,5,13,1,2453.95,3 4,West,3,4,1
2,5,13,2,2454.558,3 3,West,3,4,1
2,5,13,3,2455.203,3 3,North,3,4,1
2,5,13,2,2455.854,2 3,North,3,4,1
2,5,13,2,2456.406,1 3,North,3,4,1
2,5,13,2,2456.978,0 3,North,3,4,1
2,5,13,3,2457.521,0 3,East,3,4,1
2,5,13,2,2458.081,0 4,East,3,4,1
2,5,13,3,2458.705,0 4,South,3,4,1
2,5,13,2,2459.281,1 4,South,3,4,1
2,5,13,2,2459.826,2 4,South,3,4,1
2,5,13,6,2460.2,2 4,South,3,5,1
2,5,13,3,2460.386,2 4,West,3,5,1
2,5,13,3,2460.917,2 4,North,3,5,1
2,5,13,2,2461.549,1 4,North,3,5,1
2,5,13,2,2462.065,0 4,North,3,5,1
2,5,13,1,2462.627,0 4,West,3,5,1
2,5,13,2,2463.183,0 3,West,3,5,1
2,5,13,1,2463.796,0 3,South,3,5,1
2,5,13,2,2464.367,1 3,South,3,5,1
2,5,13,2,2464.909,2 3,South,3,5,1
2,5,13,2,2465.837,3 3,South,3,5,1
2,5,13,6,2466.22,3 3,South,3,6,1
2,5,13,1,2466.397,3 3,East,3,6,1
2,5,13,2,2466.964,3 4,East,3,6,1
2,5,13,3,2467.556,3 4,South,3,6,1
2,5,13,2,2468.097,4 4,South,3,6,1
2,5,13,3,2468.701,4 4,West,3,6,1
2,5,13,2,2469.583,4 3,West,3,6,1
2,5,13,2,2470.398,4 2,West,3,6,1
2,5,13,3,2470.992,4 2,North,3,6,1
2,5,13,2,2471.553,3 2,North,3,6,1
2,5,13,1,2472.214,3 2,West,3,6,1
2,5,13,2,2472.782,3 1,West,3,6,1
2,5,13,2,2473.443,3 0,West,3,6,1
2,5,13,3,2474.036,3 0,North,3,6,1
2,5,13,2,2474.67,2 0,North,3,6,1
2,5,13,2,2475.284,1 0,North,3,6,1
2,5,13,6,2475.68,1 0,North,3,7,1
2,5,13,3,2475.906,1 0,East,3,7,1
2,5,13,3,2476.718,1 0,South,3,7,1
2,5,13,2,2477.459,2 0,South,3,7,1
2,5,13,2,2478.014,3 0,South,3,7,1
2,5,13,1,2478.622,3 0,East,3,7,1
2,5,13,2,2479.141,3 1,East,3,7,1
2,5,13,2,2479.748,3 2,East,3,7,1
2,5,13,3,2480.309,3 2,South,3,7,1
2,5,13,2,2480.893,4 2,South,3,7,1
2,5,13,6,2481.28,4 2,South,3,8,1
0,5,14,1,2484.625,4 4,West,3,0,1
0,5,14,2,2485.378,4 3,West,3,0,1
0,5,14,2,2485.969,4 2,West,3,0,1
0,5,14,3,2486.525,4 2,North,3,0,1
0,5,14,2,2487.221,3 2,North,3,0,1
0,5,14,1,2487.918,3 2,West,3,0,1
0,5,14,2,2488.609,3 1,West,3,0,1
0,5,14,2,2489.186,3 0,West,3,0,1
0,5,14,3,2489.727,3 0,North,3,0,1
0,5,14,2,2490.301,2 0,North,3,0,1
0,5,14,2,2490.866,1 0,North,3,0,1
0,5,14,3,2491.379,1 0,East,3,0,1
0,5,14,2,2491.92,1 1,East,3,0,1
0,5,14,6,2492.34,1 1,East,3,1,1
0,5,14,3,2492.433,1 1,South,3,1,1
0,5,14,2,2493.052,2 1,South,3,1,1
0,5,14,1,2493.614,2 1,East,3,1,1
0,5,14,2,2494.164,2 2,East,3,1,1
0,5,14,1,2494.677,2 2,North,3,1,1
0,5,14,2,2495.31,1 2,North,3,1,1
0,5,14,2,2495.874,0 2,North,3,1,1
0,5,14,1,2496.404,0 2,West,3,1,1
0,5,14,1,2496.996,0 2,South,3,1,1
0,5,14,2,2497.549,1 2,South,3,1,1
0,5,14,2,2498.113,2 2,South,3,1,1
0,5,14,3,2498.655,2 2,West,3,1,1
0,5,14,2,2499.504,2 1,West,3,1,1
0,5,14,3,2500.414,2 1,North,3,1,1
0,5,14,2,2501.055,1 1,North,3,1,1
0,5,14,1,2501.621,1 1,West,3,1,1
0,5,14,2,2502.221,1 0,West,3,1,1
0,5,14,1,2503.058,1 0,South,3,1,1
0,5,14,2,2503.68,2 0,South,3,1,1
0,5,14,2,2504.223,3 0,South,3,1,1
0,5,14,1,2504.815,3 0,East,3,1,1
0,5,14,2,2505.391,3 1,East,3,1,1
0,5,14,2,2505.949,3 2,East,3,1,1
0,5,14,3,2506.789,3 2,South,3,1,1
0,5,14,2,2507.454,4 2,South,3,1,1
0,5,14,1,2507.999,4 2,East,3,1,1
0,5,14,1,2508.561,4 2,North,3,1,1
0,5,14,3,2509.071,4 2,East,3,1,1
0,5,14,2,2509.652,4 3,East,3,1,1
0,5,14,2,2510.247,4 4,East,3,1,1
0,5,14,1,2511.165,4 4,North,3,1,1
0,5,14,2,2511.797,3 4,North,3,1,1
0,5,14,1,2512.352,3 4,West,3,1,1
0,5,14,2,2512.981,3 3,West,3,1,1
0,5,14,6,2513.38,3 3,West,3,2,1
0,5,14,3,2513.534,3 3,North,3,2,1
0,5,14,2,2514.112,2 3,North,3,2,1
0,5,14,6,2514.5,2 3,North,3,3,1
0,5,14,2,2514.621,1 3,North,3,3,1
0,5,14,2,2515.149,0 3,North,3,3,1
0,5,14,3,2515.694,0 3,East,3,3,1
0,5,14,2,2516.241,0 4,East,3,3,1
0,5,14,3,2516.785,0 4,South,3,3,1
0,5,14,3,2517.349,0 4,West,3,3,1
0,5,14,2,2517.997,0 3,West,3,3,1
0,5,14,1,2518.567,0 3,South,3,3,1
0,5,14,2,2519.14,1 3,South,3,3,1
0,5,14,2,2520.038,2 3,South,3,3,1
0,5,14,2,2520.655,3 3,South,3,3,1
0,5,14,1,2521.218,3 3,East,3,3,1
0,5,14,2,2521.857,3 4,East,3,3,1
0,5,14,3,2522.641,3 4,South,3,3,1
0,5,14,2,2523.297,4 4,South,3,3,1
0,5,14,3,2523.868,4 4,West,3,3,1
0,5,14,2,2524.385,4 3,West,3,3,1
0,5,14,2,2525.298,4 2,West,3,3,1
0,5,14,3,2525.843,4 2,North,3,3,1
0,5,14,2,2526.398,3 2,North,3,3,1
0,5,14,1,2526.932,3 2,West,3,3,1
0,5,14,2,2527.443,3 1,West,3,3,1
0,5,14,2,2528.017,3 0,West,3,3,1
0,5,14,3,2528.687,3 0,North,3,3,1
0,5,14,2,2529.283,2 0,North,3,3,1
0,5,14,2,2529.794,1 0,North,3,3,1
0,5,14,3,2530.389,1 0,East,3,3,1
0,5,14,2,2530.942,1 1,East,3,3,1
0,5,14,3,2531.55,1 1,South,3,3,1
0,5,14,2,2532.115,2 1,South,3,3,1
0,5,14,6,2532.5,2 1,South,3,4,1
0,5,14,1,2532.724,2 1,East,3,4,1
0,5,14,2,2533.357,2 2,East,3,4,1
0,5,14,1,2533.967,2 2,North,3,4,1
0,5,14,2,2534.561,1 2,North,3,4,1
0,5,14,1,2535.183,1 2,West,3,4,1
0,5,14,1,2535.694,1 2,South,3,4,1
0,5,14,2,2536.24,2 2,South,3,4,1
0,5,14,3,2536.753,2 2,West,3,4,1
0,5,14,2,2537.393,2 1,West,3,4,1
0,5,14,3,2537.948,2 1,North,3,4,1
0,5,14,2,2538.541,1 1,North,3,4,1
0,5,14,6,2538.92,1 1,North,3,5,1
0,5,14,1,2539.087,1 1,West,3,5,1
0,5,14,2,2539.653,1 0,West,3,5,1
0,5,14,1,2540.189,1 0,South,3,5,1
0,5,14,2,2540.785,2 0,South,3,5,1
0,5,14,6,2541.16,2 0,South,3,6,1
0,5,14,2,2541.327,3 0,South,3,6,1
0,5,14,1,2541.89,3 0,East,3,6,1
0,5,14,2,2542.429,3 1,East,3,6,1
0,5,14,2,2542.98,3 2,East,3,6,1
0,5,14,3,2543.526,3 2,South,3,6,1
0,5,14,2,2544.144,4 2,South,3,6,1
0,5,14,3,2544.689,4 2,West,3,6,1
0,5,14,2,2545.281,4 1,West,3,6,1
0,5,14,2,2545.828,4 0,West,3,6,1
0,5,14,6,2546.24,4 0,West,3,7,1
0,5,14,3,2546.355,4 0,North,3,7,1
0,5,14,3,2546.897,4 0,East,3,7,1
0,5,14,2,2547.446,4 1,East,3,7,1
0,5,14,2,2548.303,4 2,East,3,7,1
0,5,14,2,2549.087,4 3,East,3,7,1
0,5,14,2,2549.682,4 4,East,3,7,1
0,5,14,1,2550.223,4 4,North,3,7,1
0,5,14,2,2550.74,3 4,North,3,7,1
0,5,14,1,2551.268,3 4,West,3,7,1
0,5,14,2,2551.837,3 3,West,3,7,1
0,5,14,3,2552.669,3 3,North,3,7,1
0,5,14,2,2553.229,2 3,North,3,7,1
0,5,14,2,2553.918,1 3,North,3,7,1
0,5,14,2,2554.547,0 3,North,3,7,1
0,5,14,6,2554.94,0 3,North,3,8,1
2,5,14,1,2558.054,4 4,West,3,0,0
2,5,14,2,2558.577,4 3,West,3,0,0
2,5,14,2,2559.171,4 2,West,3,0,0
2,5,14,3,2559.745,4 2,North,3,0,0
2,5,14,2,2560.335,3 2,North,3,0,0
2,5,14,1,2560.932,3 2,West,3,0,0
2,5,14,2,2561.473,3 1,West,3,0,0
2,5,14,2,2562.017,3 0,West,3,0,0
2,5,14,3,2562.609,3 0,North,3,0,0
2,5,14,2,2563.187,2 0,North,3,0,0
2,5,14,2,2563.733,1 0,North,3,0,0
2,5,14,3,2564.243,1 0,East,3,0,0
2,5,14,2,2565.119,1 1,East,3,0,0
2,5,14,6,2565.52,1 1,East,3,1,0
2,5,14,3,2565.869,1 1,South,3,1,0
2,5,14,2,2567.648,2 1,South,3,1,0
2,5,14,1,2568.465,2 1,East,3,1,0
2,5,14,2,2569.901,2 2,East,3,1,0
2,5,14,1,2570.913,2 2,North,3,1,0
2,5,14,1,2571.841,2 2,West,3,1,0
2,5,14,2,2572.483,2 1,West,3,1,0
2,5,14,3,2573.037,2 1,North,3,1,0
2,5,14,2,2573.6,1 1,North,3,1,0
2,5,14,1,2574.527,1 1,West,3,1,0
2,5,14,2,2575.103,1 0,West,3,1,0
2,5,14,1,2575.695,1 0,South,3,1,0
2,5,14,2,2576.243,2 0,South,3,1,0
2,5,14,2,2576.819,3 0,South,3,1,0
2,5,14,1,2577.425,3 0,East,3,1,0
2,5,14,2,2578.004,3 1,East,3,1,0
2,5,14,2,2578.563,3 2,East,3,1,0
2,5,14,3,2579.183,3 2,South,3,1,0
2,5,14,2,2579.759,4 2,South,3,1,0
2,5,14,1,2580.352,4 2,East,3,1,0
2,5,14,2,2580.898,4 3,East,3,1,0
2,5,14,1,2581.582,4 3,North,3,1,0
2,5,14,3,2582.511,4 3,East,3,1,0
2,5,14,2,2583.134,4 4,East,3,1,0
2,5,14,1,2583.728,4 4,North,3,1,0
2,5,14,2,2584.335,3 4,North,3,1,0
2,5,14,1,2584.948,3 4,West,3,1,0
2,5,14,2,2585.491,3 3,West,3,1,0
2,5,14,6,2585.9,3 3,West,3,2,0
2,5,14,3,2586.131,3 3,North,3,2,0
2,5,14,2,2586.735,2 3,North,3,2,0
2,5,14,6,2587.12,2 3,North,3,3,0
2,5,14,3,2587.538,2 3,East,3,3,0
2,5,14,3,2588.147,2 3,South,3,3,0
2,5,14,2,2588.738,3 3,South,3,3,0
2,5,14,1,2589.312,3 3,East,3,3,0
2,5,14,2,2589.906,3 4,East,3,3,0
2,5,14,3,2590.432,3 4,South,3,3,0
2,5,14,2,2590.98,4 4,South,3,3,0
2,5,14,3,2591.49,4 4,West,3,3,0
2,5,14,2,2592.084,4 3,West,3,3,0
2,5,14,2,2593.024,4 2,West,3,3,0
2,5,14,3,2593.616,4 2,North,3,3,0
2,5,14,2,2594.242,3 2,North,3,3,0
2,5,14,1,2594.868,3 2,West,3,3,0
2,5,14,2,2595.472,3 1,West,3,3,0
2,5,14,2,2596.049,3 0,West,3,3,0
2,5,14,3,2596.621,3 0,North,3,3,0
2,5,14,2,2597.149,2 0,North,3,3,0
2,5,14,2,2597.809,1 0,North,3,3,0
2,5,14,3,2598.413,1 0,East,3,3,0
2,5,14,2,2598.994,1 1,East,3,3,0
2,5,14,3,2599.551,1 1,South,3,3,0
2,5,14,2,2600.145,2 1,South,3,3,0
2,5,14,6,2600.52,2 1,South,3,4,0
2,5,14,1,2600.692,2 1,East,3,4,0
2,5,14,1,2601.823,2 1,North,3,4,0
2,5,14,3,2602.612,2 1,East,3,4,0
2,5,14,1,2605.139,2 1,North,3,4,0
2,5,14,2,2605.697,1 1,North,3,4,0
2,5,14,1,2606.293,1 1,West,3,4,0
2,5,14,2,2606.897,1 0,West,3,4,0
2,5,14,1,2607.429,1 0,South,3,4,0
2,5,14,2,2607.955,2 0,South,3,4,0
2,5,14,2,2608.577,3 0,South,3,4,0
2,5,14,1,2609.172,3 0,East,3,4,0
2,5,14,2,2609.775,3 1,East,3,4,0
2,5,14,2,2610.429,3 2,East,3,4,0
2,5,14,3,2611.005,3 2,South,3,4,0
2,5,14,2,2611.589,4 2,South,3,4,0
2,5,14,1,2612.15,4 2,East,3,4,0
2,5,14,2,2612.707,4 3,East,3,4,0
2,5,14,2,2613.293,4 4,East,3,4,0
2,5,14,1,2613.839,4 4,North,3,4,0
2,5,14,2,2614.419,3 4,North,3,4,0
2,5,14,6,2614.8,3 4,North,3,5,0
2,5,14,1,2615.181,3 4,West,3,5,0
2,5,14,1,2615.777,3 4,South,3,5,0
2,5,14,2,2616.353,4 4,South,3,5,0
2,5,14,3,2616.957,4 4,West,3,5,0
2,5,14,2,2617.533,4 3,West,3,5,0
2,5,14,2,2618.116,4 2,West,3,5,0
2,5,14,6,2618.52,4 2,West,3,6,0
2,5,14,3,2618.722,4 2,North,3,6,0
2,5,14,2,2619.31,3 2,North,3,6,0
2,5,14,1,2619.921,3 2,West,3,6,0
2,5,14,2,2620.518,3 1,West,3,6,0
2,5,14,2,2621.053,3 0,West,3,6,0
2,5,14,6,2621.46,3 0,West,3,7,0
2,5,14,3,2621.648,3 0,North,3,7,0
2,5,14,2,2622.358,2 0,North,3,7,0
2,5,14,2,2622.93,1 0,North,3,7,0
2,5,14,3,2623.506,1 0,East,3,7,0
2,5,14,2,2624.383,1 1,East,3,7,0
2,5,14,3,2626.109,1 1,South,3,7,0
2,5,14,2,2626.694,2 1,South,3,7,0
2,5,14,1,2627.282,2 1,East,3,7,0
2,5,14,2,2627.821,2 2,East,3,7,0
2,5,14,6,2628.22,2 2,East,3,8,0
0,5,15,1,2631.837,4 4,West,3,0,0
0,5,15,2,2632.514,4 3,West,3,0,0
0,5,15,2,2633.09,4 2,West,3,0,0
0,5,15,3,2633.631,4 2,North,3,0,0
0,5,15,2,2634.239,3 2,North,3,0,0
0,5,15,1,2634.83,3 2,West,3,0,0
0,5,15,2,2635.397,3 1,West,3,0,0
0,5,15,2,2635.97,3 0,West,3,0,0
0,5,15,3,2636.516,3 0,North,3,0,0
0,5,15,2,2637.071,2 0,North,3,0,0
0,5,15,2,2637.647,1 0,North,3,0,0
0,5,15,3,2638.221,1 0,East,3,0,0
0,5,15,2,2638.787,1 1,East,3,0,0
0,5,15,3,2639.316,1 1,South,3,0,0
0,5,15,2,2639.92,2 1,South,3,0,0
0,5,15,1,2640.485,2 1,East,3,0,0
0,5,15,2,2640.994,2 2,East,3,0,0
0,5,15,6,2641.4,2 2,East,3,1,0
0,5,15,1,2641.54,2 2,North,3,1,0
0,5,15,1,2642.371,2 2,West,3,1,0
0,5,15,3,2643.14,2 2,North,3,1,0
0,5,15,2,2643.759,1 2,North,3,1,0
0,5,15,1,2644.354,1 2,West,3,1,0
0,5,15,1,2645.296,1 2,South,3,1,0
0,5,15,3,2645.812,1 2,West,3,1,0
0,5,15,3,2646.406,1 2,North,3,1,0
0,5,15,2,2647.005,0 2,North,3,1,0
0,5,15,1,2647.605,0 2,West,3,1,0
0,5,15,1,2648.141,0 2,South,3,1,0
0,5,15,2,2648.719,1 2,South,3,1,0
0,5,15,2,2649.268,2 2,South,3,1,0
0,5,15,3,2649.837,2 2,West,3,1,0
0,5,15,2,2650.402,2 1,West,3,1,0
0,5,15,3,2650.913,2 1,North,3,1,0
0,5,15,2,2651.527,1 1,North,3,1,0
0,5,15,1,2652.082,1 1,West,3,1,0
0,5,15,2,2652.637,1 0,West,3,1,0
0,5,15,1,2653.185,1 0,South,3,1,0
0,5,15,2,2654.017,2 0,South,3,1,0
0,5,15,2,2654.573,3 0,South,3,1,0
0,5,15,1,2655.122,3 0,East,3,1,0
0,5,15,2,2655.637,3 1,East,3,1,0
0,5,15,2,2656.198,3 2,East,3,1,0
0,5,15,3,2656.756,3 2,South,3,1,0
0,5,15,2,2657.358,4 2,South,3,1,0
0,5,15,3,2657.926,4 2,West,3,1,0
0,5,15,3,2658.787,4 2,North,3,1,0
0,5,15,3,2659.408,4 2,East,3,1,0
0,5,15,2,2660.255,4 3,East,3,1,0
0,5,15,2,2660.803,4 4,East,3,1,0
0,5,15,1,2661.348,4 4,North,3,1,0
0,5,15,2,2661.907,3 4,North,3,1,0
0,5,15,1,2662.482,3 4,West,3,1,0
0,5,15,2,2663.061,3 3,West,3,1,0
0,5,15,3,2663.602,3 3,North,3,1,0
0,5,15,2,2664.161,2 3,North,3,1,0
0,5,15,2,2664.704,1 3,North,3,1,0
0,5,15,2,2665.268,0 3,North,3,1,0
0,5,15,3,2665.806,0 3,East,3,1,0
0,5,15,2,2666.787,0 4,East,3,1,0
0,5,15,3,2667.36,0 4,South,3,1,0
0,5,15,2,2668.018,1 4,South,3,1,0
0,5,15,2,2668.559,2 4,South,3,1,0
0,5,15,6,2668.94,2 4,South,3,2,0
0,5,15,3,2669.142,2 4,West,3,2,0
0,5,15,3,2669.68,2 4,North,3,2,0
0,5,15,2,2670.276,1 4,North,3,2,0
0,5,15,2,2670.852,0 4,North,3,2,0
0,5,15,1,2671.405,0 4,West,3,2,0
0,5,15,2,2671.941,0 3,West,3,2,0
0,5,15,1,2672.463,0 3,South,3,2,0
0,5,15,2,2673.043,1 3,South,3,2,0
0,5,15,6,2673.42,1 3,South,3,3,0
0,5,15,2,2673.568,2 3,South,3,3,0
0,5,15,2,2674.173,3 3,South,3,3,0
0,5,15,1,2674.703,3 3,East,3,3,0
0,5,15,2,2675.261,3 4,East,3,3,0
0,5,15,3,2675.79,3 4,South,3,3,0
0,5,15,2,2676.306,4 4,South,3,3,0
0,5,15,3,2677.216,4 4,West,3,3,0
0,5,15,2,2677.782,4 3,West,3,3,0
0,5,15,2,2678.788,4 2,West,3,3,0
0,5,15,3,2679.378,4 2,North,3,3,0
0,5,15,2,2679.956,3 2,North,3,3,0
0,5,15,1,2680.525,3 2,West,3,3,0
0,5,15,2,2681.085,3 1,West,3,3,0
0,5,15,2,2681.615,3 0,West,3,3,0
0,5,15,3,2682.174,3 0,North,3,3,0
0,5,15,2,2682.722,2 0,North,3,3,0
0,5,15,2,2683.251,1 0,North,3,3,0
0,5,15,6,2683.64,1 0,North,3,4,0
0,5,15,3,2683.794,1 0,East,3,4,0
0,5,15,2,2684.711,1 1,East,3,4,0
0,5,15,3,2685.25,1 1,South,3,4,0
0,5,15,2,2685.838,2 1,South,3,4,0
0,5,15,3,2686.4,2 1,West,3,4,0
0,5,15,3,2686.932,2 1,North,3,4,0
0,5,15,2,2687.585,1 1,North,3,4,0
0,5,15,1,2688.125,1 1,West,3,4,0
0,5,15,2,2688.654,1 0,West,3,4,0
0,5,15,1,2689.221,1 0,South,3,4,0
0,5,15,2,2689.855,2 0,South,3,4,0
0,5,15,2,2690.446,3 0,South,3,4,0
0,5,15,6,2690.82,3 0,South,3,5,0
0,5,15,1,2690.964,3 0,East,3,5,0
0,5,15,2,2691.521,3 1,East,3,5,0
0,5,15,2,2692.101,3 2,East,3,5,0
0,5,15,3,2692.612,3 2,South,3,5,0
0,5,15,2,2693.199,4 2,South,3,5,0
0,5,15,3,2693.746,4 2,West,3,5,0
0,5,15,1,2694.271,4 2,South,3,5,0
0,5,15,1,2694.901,4 2,East,3,5,0
0,5,15,2,2695.476,4 3,East,3,5,0
0,5,15,2,2696.034,4 4,East,3,5,0
0,5,15,1,2696.581,4 4,North,3,5,0
0,5,15,2,2697.108,3 4,North,3,5,0
0,5,15,1,2697.628,3 4,West,3,5,0
0,5,15,2,2698.253,3 3,West,3,5,0
0,5,15,3,2699.22,3 3,North,3,5,0
0,5,15,2,2699.779,2 3,North,3,5,0
0,5,15,6,2700.16,2 3,North,3,6,0
0,5,15,2,2700.621,1 3,North,3,6,0
0,5,15,2,2701.197,0 3,North,3,6,0
0,5,15,3,2701.728,0 3,East,3,6,0
0,5,15,2,2702.321,0 4,East,3,6,0
0,5,15,3,2702.886,0 4,South,3,6,0
0,5,15,3,2703.421,0 4,West,3,6,0
0,5,15,2,2703.999,0 3,West,3,6,0
0,5,15,1,2704.548,0 3,South,3,6,0
0,5,15,2,2705.072,1 3,South,3,6,0
0,5,15,2,2705.712,2 3,South,3,6,0
0,5,15,2,2706.291,3 3,South,3,6,0
0,5,15,1,2706.882,3 3,East,3,6,0
0,5,15,2,2707.439,3 4,East,3,6,0
0,5,15,3,2707.985,3 4,South,3,6,0
0,5,15,2,2708.559,4 4,South,3,6,0
0,5,15,3,2709.085,4 4,West,3,6,0
0,5,15,2,2709.679,4 3,West,3,6,0
0,5,15,2,2710.198,4 2,West,3,6,0
0,5,15,3,2710.752,4 2,North,3,6,0
0,5,15,2,2711.329,3 2,North,3,6,0
0,5,15,1,2711.869,3 2,West,3,6,0
0,5,15,2,2712.447,3 1,West,3,6,0
0,5,15,2,2713.357,3 0,West,3,6,0
0,5,15,3,2713.879,3 0,North,3,6,0
0,5,15,2,2714.415,2 0,North,3,6,0
0,5,15,2,2714.973,1 0,North,3,6,0
0,5,15,3,2715.486,1 0,East,3,6,0
0,5,15,2,2716.003,1 1,East,3,6,0
0,5,15,3,2716.915,1 1,South,3,6,0
0,5,15,2,2717.538,2 1,South,3,6,0
0,5,15,1,2718.097,2 1,East,3,6,0
0,5,15,2,2718.739,2 2,East,3,6,0
0,5,15,1,2719.635,2 2,North,3,6,0
0,5,15,2,2720.239,1 2,North,3,6,0
0,5,15,2,2720.758,0 2,North,3,6,0
0,5,15,6,2721.14,0 2,North,3,7,0
0,5,15,1,2721.328,0 2,West,3,7,0
0,5,15,1,2721.876,0 2,South,3,7,0
0,5,15,2,2722.501,1 2,South,3,7,0
0,5,15,2,2723.071,2 2,South,3,7,0
0,5,15,3,2723.666,2 2,West,3,7,0
0,5,15,2,2724.255,2 1,West,3,7,0
0,5,15,3,2724.829,2 1,North,3,7,0
0,5,15,2,2725.421,1 1,North,3,7,0
0,5,15,1,2725.94,1 1,West,3,7,0
0,5,15,2,2726.513,1 0,West,3,7,0
0,5,15,1,2727.373,1 0,South,3,7,0
0,5,15,2,2727.956,2 0,South,3,7,0
0,5,15,2,2728.797,3 0,South,3,7,0
0,5,15,1,2729.373,3 0,East,3,7,0
0,5,15,2,2729.919,3 1,East,3,7,0
0,5,15,2,2730.451,3 2,East,3,7,0
0,5,15,3,2730.995,3 2,South,3,7,0
0,5,15,2,2731.585,4 2,South,3,7,0
0,5,15,3,2732.163,4 2,West,3,7,0
0,5,15,1,2732.721,4 2,South,3,7,0
0,5,15,1,2733.296,4 2,East,3,7,0
0,5,15,2,2733.869,4 3,East,3,7,0
0,5,15,2,2734.435,4 4,East,3,7,0
0,5,15,1,2735.087,4 4,North,3,7,0
0,5,15,2,2735.699,3 4,North,3,7,0
0,5,15,1,2736.237,3 4,West,3,7,0
0,5,15,2,2736.836,3 3,West,3,7,0
0,5,15,3,2737.359,3 3,North,3,7,0
0,5,15,2,2737.951,2 3,North,3,7,0
0,5,15,2,2738.483,1 3,North,3,7,0
0,5,15,2,2739.086,0 3,North,3,7,0
0,5,15,3,2739.634,0 3,East,3,7,0
0,5,15,2,2740.211,0 4,East,3,7,0
0,5,15,3,2740.739,0 4,South,3,7,0
0,5,15,2,2741.293,1 4,South,3,7,0
0,5,15,2,2741.842,2 4,South,3,7,0
0,5,15,6,2742.22,2 4,South,3,8,0
2,5,15,1,2746.611,4 4,West,3,0,0
2,5,15,2,2747.201,4 3,West,3,0,0
2,5,15,2,2747.776,4 2,West,3,0,0
2,5,15,3,2748.416,4 2,North,3,0,0
2,5,15,2,2748.994,3 2,North,3,0,0
2,5,15,1,2749.566,3 2,West,3,0,0
2,5,15,2,2750.21,3 1,West,3,0,0
2,5,15,2,2750.764,3 0,West,3,0,0
2,5,15,3,2751.315,3 0,North,3,0,0
2,5,15,2,2751.889,2 0,North,3,0,0
2,5,15,2,2752.464,1 0,North,3,0,0
2,5,15,3,2753.039,1 0,East,3,0,0
2,5,15,2,2753.63,1 1,East,3,0,0
2,5,15,3,2754.595,1 1,South,3,0,0
2,5,15,2,2755.165,2 1,South,3,0,0
2,5,15,1,2755.763,2 1,East,3,0,0
2,5,15,2,2756.357,2 2,East,3,0,0
2,5,15,6,2756.76,2 2,East,3,1,0
2,5,15,1,2756.917,2 2,North,3,1,0
2,5,15,1,2757.621,2 2,West,3,1,0
2,5,15,2,2758.162,2 1,West,3,1,0
2,5,15,3,2758.801,2 1,North,3,1,0
2,5,15,2,2759.408,1 1,North,3,1,0
2,5,15,1,2760.019,1 1,West,3,1,0
2,5,15,2,2760.66,1 0,West,3,1,0
2,5,15,1,2761.297,1 0,South,3,1,0
2,5,15,2,2761.871,2 0,South,3,1,0
2,5,15,2,2762.406,3 0,South,3,1,0
2,5,15,1,2763.021,3 0,East,3,1,0
2,5,15,2,2763.602,3 1,East,3,1,0
2,5,15,2,2764.144,3 2,East,3,1,0
2,5,15,3,2764.75,3 2,South,3,1,0
2,5,15,2,2765.362,4 2,South,3,1,0
2,5,15,1,2765.942,4 2,East,3,1,0
2,5,15,2,2766.592,4 3,East,3,1,0
2,5,15,2,2767.149,4 4,East,3,1,0
2,5,15,1,2767.745,4 4,North,3,1,0
2,5,15,2,2768.369,3 4,North,3,1,0
2,5,15,1,2768.979,3 4,West,3,1,0
2,5,15,2,2769.597,3 3,West,3,1,0
2,5,15,3,2770.214,3 3,North,3,1,0
2,5,15,2,2770.783,2 3,North,3,1,0
2,5,15,2,2771.344,1 3,North,3,1,0
2,5,15,2,2771.886,0 3,North,3,1,0
2,5,15,3,2772.436,0 3,East,3,1,0
2,5,15,2,2772.998,0 4,East,3,1,0
2,5,15,3,2773.522,0 4,South,3,1,0
2,5,15,2,2774.062,1 4,South,3,1,0
2,5,15,2,2774.596,2 4,South,3,1,0
2,5,15,6,2774.96,2 4,South,3,2,0
2,5,15,3,2775.204,2 4,West,3,2,0
2,5,15,3,2775.776,2 4,North,3,2,0
2,5,15,2,2776.433,1 4,North,3,2,0
2,5,15,2,2777.07,0 4,North,3,2,0
2,5,15,1,2777.653,0 4,West,3,2,0
2,5,15,2,2778.303,0 3,West,3,2,0
2,5,15,1,2778.912,0 3,South,3,2,0
2,5,15,2,2783.406,1 3,South,3,2,0
2,5,15,6,2783.78,1 3,South,3,3,0
2,5,15,3,2784.141,1 3,West,3,3,0
2,5,15,1,2785.088,1 3,South,3,3,0
2,5,15,2,2785.765,2 3,South,3,3,0
2,5,15,2,2786.307,3 3,South,3,3,0
2,5,15,1,2786.899,3 3,East,3,3,0
2,5,15,2,2787.445,3 4,East,3,3,0
2,5,15,3,2787.98,3 4,South,3,3,0
2,5,15,2,2788.579,4 4,South,3,3,0
2,5,15,3,2789.103,4 4,West,3,3,0
2,5,15,2,2789.679,4 3,West,3,3,0
2,5,15,2,2790.245,4 2,West,3,3,0
2,5,15,3,2790.82,4 2,North,3,3,0
2,5,15,2,2791.344,3 2,North,3,3,0
2,5,15,1,2791.92,3 2,West,3,3,0
2,5,15,2,2792.469,3 1,West,3,3,0
2,5,15,2,2793.043,3 0,West,3,3,0
2,5,15,3,2793.586,3 0,North,3,3,0
2,5,15,2,2794.24,2 0,North,3,3,0
2,5,15,2,2795.376,1 0,North,3,3,0
2,5,15,6,2795.76,1 0,North,3,4,0
2,5,15,3,2795.901,1 0,East,3,4,0
2,5,15,3,2796.597,1 0,South,3,4,0
2,5,15,2,2797.283,2 0,South,3,4,0
2,5,15,2,2798.669,3 0,South,3,4,0
2,5,15,1,2799.312,3 0,East,3,4,0
2,5,15,2,2799.885,3 1,East,3,4,0
2,5,15,2,2800.53,3 2,East,3,4,0
2,5,15,3,2801.101,3 2,South,3,4,0
2,5,15,2,2801.702,4 2,South,3,4,0
2,5,15,3,2802.224,4 2,West,3,4,0
2,5,15,2,2802.799,4 1,West,3,4,0
2,5,15,2,2803.356,4 0,West,3,4,0
2,5,15,6,2803.76,4 0,West,3,5,0
2,5,15,3,2803.935,4 0,North,3,5,0
2,5,15,3,2804.465,4 0,East,3,5,0
2,5,15,2,2805.009,4 1,East,3,5,0
2,5,15,2,2805.599,4 2,East,3,5,0
2,5,15,1,2806.226,4 2,North,3,5,0
2,5,15,2,2806.832,3 2,North,3,5,0
2,5,15,1,2807.458,3 2,West,3,5,0
2,5,15,2,2808.036,3 1,West,3,5,0
2,5,15,2,2808.591,3 0,West,3,5,0
2,5,15,3,2809.135,3 0,North,3,5,0
2,5,15,2,2809.681,2 0,North,3,5,0
2,5,15,2,2810.206,1 0,North,3,5,0
2,5,15,3,2811.142,1 0,East,3,5,0
2,5,15,2,2811.742,1 1,East,3,5,0
2,5,15,3,2812.749,1 1,South,3,5,0
2,5,15,2,2813.365,2 1,South,3,5,0
2,5,15,6,2813.74,2 1,South,3,6,0
2,5,15,1,2813.902,2 1,East,3,6,0
2,5,15,1,2814.719,2 1,North,3,6,0
2,5,15,2,2815.298,1 1,North,3,6,0
2,5,15,1,2815.823,1 1,West,3,6,0
2,5,15,2,2816.399,1 0,West,3,6,0
2,5,15,1,2816.963,1 0,South,3,6,0
2,5,15,2,2817.519,2 0,South,3,6,0
2,5,15,2,2818.093,3 0,South,3,6,0
2,5,15,1,2818.719,3 0,East,3,6,0
2,5,15,2,2819.294,3 1,East,3,6,0
2,5,15,2,2819.853,3 2,East,3,6,0
2,5,15,3,2820.451,3 2,South,3,6,0
2,5,15,2,2821.086,4 2,South,3,6,0
2,5,15,1,2821.618,4 2,East,3,6,0
2,5,15,2,2822.177,4 3,East,3,6,0
2,5,15,2,2822.804,4 4,East,3,6,0
2,5,15,1,2823.348,4 4,North,3,6,0
2,5,15,2,2823.926,3 4,North,3,6,0
2,5,15,1,2824.51,3 4,West,3,6,0
2,5,15,2,2825.053,3 3,West,3,6,0
2,5,15,6,2825.46,3 3,West,3,7,0
2,5,15,1,2826.1,3 3,South,3,7,0
2,5,15,1,2827.023,3 3,East,3,7,0
2,5,15,2,2827.57,3 4,East,3,7,0
2,5,15,3,2828.172,3 4,South,3,7,0
2,5,15,2,2828.723,4 4,South,3,7,0
2,5,15,3,2829.363,4 4,West,3,7,0
2,5,15,2,2829.936,4 3,West,3,7,0
2,5,15,2,2830.498,4 2,West,3,7,0
2,5,15,2,2831.126,4 1,West,3,7,0
2,5,15,6,2831.54,4 1,West,3,8,0
0,6,16,1,2835.28,4 4,West,3,0,0
0,6,16,2,2835.853,4 3,West,3,0,0
0,6,16,2,2836.431,4 2,West,3,0,0
0,6,16,3,2836.958,4 2,North,3,0,0
0,6,16,2,2837.535,3 2,North,3,0,0
0,6,16,1,2838.093,3 2,West,3,0,0
0,6,16,2,2838.69,3 1,West,3,0,0
0,6,16,2,2839.249,3 0,West,3,0,0
0,6,16,3,2840.191,3 0,North,3,0,0
0,6,16,2,2840.756,2 0,North,3,0,0
0,6,16,6,2841.14,2 0,North,3,1,0
0,6,16,2,2841.311,1 0,North,3,1,0
0,6,16,3,2841.821,1 0,East,3,1,0
0,6,16,2,2842.39,1 1,East,3,1,0
0,6,16,3,2842.902,1 1,South,3,1,0
0,6,16,2,2843.49,2 1,South,3,1,0
0,6,16,1,2844.069,2 1,East,3,1,0
0,6,16,2,2844.674,2 2,East,3,1,0
0,6,16,1,2845.19,2 2,North,3,1,0
0,6,16,2,2845.775,1 2,North,3,1,0
0,6,16,2,2846.34,0 2,North,3,1,0
0,6,16,1,2846.894,0 2,West,3,1,0
0,6,16,1,2847.525,0 2,South,3,1,0
0,6,16,2,2848.064,1 2,South,3,1,0
0,6,16,2,2848.606,2 2,South,3,1,0
0,6,16,3,2849.43,2 2,West,3,1,0
0,6,16,2,2849.999,2 1,West,3,1,0
0,6,16,3,2850.849,2 1,North,3,1,0
0,6,16,2,2851.492,1 1,North,3,1,0
0,6,16,1,2852.032,1 1,West,3,1,0
0,6,16,2,2852.606,1 0,West,3,1,0
0,6,16,1,2853.154,1 0,South,3,1,0
0,6,16,2,2853.7,2 0,South,3,1,0
0,6,16,2,2854.222,3 0,South,3,1,0
0,6,16,1,2854.836,3 0,East,3,1,0
0,6,16,2,2855.349,3 1,East,3,1,0
0,6,16,2,2855.871,3 2,East,3,1,0
0,6,16,3,2856.885,3 2,South,3,1,0
0,6,16,2,2857.469,4 2,South,3,1,0
0,6,16,3,2857.985,4 2,West,3,1,0
0,6,16,3,2858.532,4 2,North,3,1,0
0,6,16,3,2859.056,4 2,East,3,1,0
0,6,16,2,2859.633,4 3,East,3,1,0
0,6,16,2,2860.178,4 4,East,3,1,0
0,6,16,1,2860.723,4 4,North,3,1,0
0,6,16,2,2861.25,3 4,North,3,1,0
0,6,16,1,2861.765,3 4,West,3,1,0
0,6,16,2,2862.387,3 3,West,3,1,0
0,6,16,3,2862.929,3 3,North,3,1,0
0,6,16,2,2863.486,2 3,North,3,1,0
0,6,16,6,2863.86,2 3,North,3,2,0
0,6,16,2,2864.255,1 3,North,3,2,0
0,6,16,2,2864.773,0 3,North,3,2,0
0,6,16,3,2865.67,0 3,East,3,2,0
0,6,16,2,2866.211,0 4,East,3,2,0
0,6,16,3,2866.771,0 4,South,3,2,0
0,6,16,3,2867.328,0 4,West,3,2,0
0,6,16,2,2867.892,0 3,West,3,2,0
0,6,16,1,2868.485,0 3,South,3,2,0
0,6,16,2,2869.043,1 3,South,3,2,0
0,6,16,2,2869.557,2 3,South,3,2,0
0,6,16,2,2870.163,3 3,South,3,2,0
0,6,16,1,2870.689,3 3,East,3,2,0
0,6,16,2,2871.215,3 4,East,3,2,0
0,6,16,3,2872.064,3 4,South,3,2,0
0,6,16,2,2872.627,4 4,South,3,2,0
0,6,16,3,2873.217,4 4,West,3,2,0
0,6,16,2,2873.762,4 3,West,3,2,0
0,6,16,2,2874.702,4 2,West,3,2,0
0,6,16,3,2875.229,4 2,North,3,2,0
0,6,16,2,2875.823,3 2,North,3,2,0
0,6,16,1,2876.45,3 2,West,3,2,0
0,6,16,2,2876.997,3 1,West,3,2,0
0,6,16,2,2877.522,3 0,West,3,2,0
0,6,16,6,2877.94,3 0,West,3,3,0
0,6,16,3,2878.451,3 0,North,3,3,0
0,6,16,2,2879.04,2 0,North,3,3,0
0,6,16,2,2879.586,1 0,North,3,3,0
0,6,16,3,2880.159,1 0,East,3,3,0
0,6,16,2,2880.767,1 1,East,3,3,0
0,6,16,3,2881.493,1 1,South,3,3,0
0,6,16,2,2882.05,2 1,South,3,3,0
0,6,16,1,2882.572,2 1,East,3,3,0
0,6,16,2,2883.238,2 2,East,3,3,0
0,6,16,1,2883.795,2 2,North,3,3,0
0,6,16,2,2884.436,1 2,North,3,3,0
0,6,16,2,2884.974,0 2,North,3,3,0
0,6,16,1,2885.556,0 2,West,3,3,0
0,6,16,2,2886.081,0 1,West,3,3,0
0,6,16,1,2886.863,0 1,South,3,3,0
0,6,16,1,2887.428,0 1,East,3,3,0
0,6,16,2,2888.097,0 2,East,3,3,0
0,6,16,3,2888.675,0 2,South,3,3,0
0,6,16,2,2889.245,1 2,South,3,3,0
0,6,16,2,2889.794,2 2,South,3,3,0
0,6,16,3,2890.8,2 2,West,3,3,0
0,6,16,2,2891.377,2 1,West,3,3,0
0,6,16,3,2891.952,2 1,North,3,3,0
0,6,16,2,2892.526,1 1,North,3,3,0
0,6,16,1,2893.073,1 1,West,3,3,0
0,6,16,2,2893.619,1 0,West,3,3,0
0,6,16,1,2894.148,1 0,South,3,3,0
0,6,16,2,2894.675,2 0,South,3,3,0
0,6,16,2,2895.232,3 0,South,3,3,0
0,6,16,1,2895.791,3 0,East,3,3,0
0,6,16,2,2896.352,3 1,East,3,3,0
0,6,16,2,2896.883,3 2,East,3,3,0
0,6,16,6,2897.3,3 2,East,3,4,0
0,6,16,3,2897.418,3 2,South,3,4,0
0,6,16,2,2897.999,4 2,South,3,4,0
0,6,16,1,2898.573,4 2,East,3,4,0
0,6,16,2,2899.167,4 3,East,3,4,0
0,6,16,2,2899.715,4 4,East,3,4,0
0,6,16,6,2900.12,4 4,East,3,5,0
0,6,16,1,2900.254,4 4,North,3,5,0
0,6,16,2,2900.867,3 4,North,3,5,0
0,6,16,1,2901.376,3 4,West,3,5,0
0,6,16,2,2901.924,3 3,West,3,5,0
0,6,16,3,2902.806,3 3,North,3,5,0
0,6,16,2,2903.492,2 3,North,3,5,0
0,6,16,6,2903.88,2 3,North,3,6,0
0,6,16,2,2904.038,1 3,North,3,6,0
0,6,16,2,2904.641,0 3,North,3,6,0
0,6,16,3,2905.315,0 3,East,3,6,0
0,6,16,2,2905.871,0 4,East,3,6,0
0,6,16,3,2906.496,0 4,South,3,6,0
0,6,16,3,2907.1,0 4,West,3,6,0
0,6,16,2,2907.698,0 3,West,3,6,0
0,6,16,1,2908.364,0 3,South,3,6,0
0,6,16,2,2908.947,1 3,South,3,6,0
0,6,16,2,2909.493,2 3,South,3,6,0
0,6,16,2,2910.083,3 3,South,3,6,0
0,6,16,1,2910.638,3 3,East,3,6,0
0,6,16,2,2911.22,3 4,East,3,6,0
0,6,16,3,2911.844,3 4,South,3,6,0
0,6,16,2,2912.445,4 4,South,3,6,0
0,6,16,3,2912.961,4 4,West,3,6,0
0,6,16,2,2913.553,4 3,West,3,6,0
0,6,16,3,2914.495,4 3,North,3,6,0
0,6,16,1,2915.089,4 3,West,3,6,0
0,6,16,2,2915.635,4 2,West,3,6,0
0,6,16,3,2916.159,4 2,North,3,6,0
0,6,16,2,2916.733,3 2,North,3,6,0
0,6,16,1,2917.301,3 2,West,3,6,0
0,6,16,2,2917.838,3 1,West,3,6,0
0,6,16,2,2918.387,3 0,West,3,6,0
0,6,16,3,2918.981,3 0,North,3,6,0
0,6,16,2,2919.553,2 0,North,3,6,0
0,6,16,2,2920.147,1 0,North,3,6,0
0,6,16,3,2920.752,1 0,East,3,6,0
0,6,16,2,2921.319,1 1,East,3,6,0
0,6,16,3,2921.877,1 1,South,3,6,0
0,6,16,2,2922.454,2 1,South,3,6,0
0,6,16,1,2923.405,2 1,East,3,6,0
0,6,16,2,2924.048,2 2,East,3,6,0
0,6,16,1,2924.628,2 2,North,3,6,0
0,6,16,2,2925.215,1 2,North,3,6,0
0,6,16,6,2925.6,1 2,North,3,7,0
0,6,16,6,2925.62,1 2,North,3,8,0
2,6,16,1,2929.103,4 4,West,3,0,0
2,6,16,2,2929.774,4 3,West,3,0,0
2,6,16,2,2930.349,4 2,West,3,0,0
2,6,16,3,2930.982,4 2,North,3,0,0
2,6,16,2,2931.549,3 2,North,3,0,0
2,6,16,1,2932.147,3 2,West,3,0,0
2,6,16,2,2932.718,3 1,West,3,0,0
2,6,16,2,2933.301,3 0,West,3,0,0
2,6,16,3,2933.893,3 0,North,3,0,0
2,6,16,2,2934.45,2 0,North,3,0,0
2,6,16,6,2934.84,2 0,North,3,1,0
2,6,16,3,2935.412,2 0,East,3,1,0
2,6,16,3,2936.003,2 0,South,3,1,0
2,6,16,2,2936.659,3 0,South,3,1,0
2,6,16,1,2937.217,3 0,East,3,1,0
2,6,16,2,2938.5,3 1,East,3,1,0
2,6,16,2,2939.269,3 2,East,3,1,0
2,6,16,3,2939.792,3 2,South,3,1,0
2,6,16,2,2940.368,4 2,South,3,1,0
2,6,16,1,2940.928,4 2,East,3,1,0
2,6,16,2,2941.536,4 3,East,3,1,0
2,6,16,2,2942.118,4 4,East,3,1,0
2,6,16,1,2942.719,4 4,North,3,1,0
2,6,16,2,2943.313,3 4,North,3,1,0
2,6,16,1,2943.869,3 4,West,3,1,0
2,6,16,2,2944.446,3 3,West,3,1,0
2,6,16,3,2944.989,3 3,North,3,1,0
2,6,16,2,2945.537,2 3,North,3,1,0
2,6,16,6,2945.92,2 3,North,3,2,0
2,6,16,1,2946.158,2 3,West,3,2,0
2,6,16,1,2946.726,2 3,South,3,2,0
2,6,16,2,2947.294,3 3,South,3,2,0
2,6,16,1,2947.86,3 3,East,3,2,0
2,6,16,2,2948.464,3 4,East,3,2,0
2,6,16,3,2949.006,3 4,South,3,2,0
2,6,16,2,2949.557,4 4,South,3,2,0
2,6,16,3,2950.13,4 4,West,3,2,0
2,6,16,2,2950.698,4 3,West,3,2,0
2,6,16,2,2951.267,4 2,West,3,2,0
2,6,16,3,2951.809,4 2,North,3,2,0
2,6,16,2,2952.367,3 2,North,3,2,0
2,6,16,1,2952.895,3 2,West,3,2,0
2,6,16,2,2953.51,3 1,West,3,2,0
2,6,16,2,2954.044,3 0,West,3,2,0
2,6,16,6,2954.46,3 0,West,3,3,0
2,6,16,3,2954.638,3 0,North,3,3,0
2,6,16,3,2955.237,3 0,East,3,3,0
2,6,16,2,2956.047,3 1,East,3,3,0
2,6,16,2,2956.599,3 2,East,3,3,0
2,6,16,6,2957,3 2,East,3,4,0
2,6,16,3,2957.375,3 2,South,3,4,0
2,6,16,3,2957.903,3 2,West,3,4,0
2,6,16,3,2958.447,3 2,North,3,4,0
2,6,16,3,2959.298,3 2,East,3,4,0
2,6,16,3,2960.149,3 2,South,3,4,0
2,6,16,2,2960.755,4 2,South,3,4,0
2,6,16,1,2961.328,4 2,East,3,4,0
2,6,16,2,2961.905,4 3,East,3,4,0
2,6,16,2,2962.484,4 4,East,3,4,0
2,6,16,1,2963.087,4 4,North,3,4,0
2,6,16,2,2963.638,3 4,North,3,4,0
2,6,16,1,2964.24,3 4,West,3,4,0
2,6,16,2,2964.798,3 3,West,3,4,0
2,6,16,3,2965.33,3 3,North,3,4,0
2,6,16,2,2965.876,2 3,North,3,4,0
2,6,16,2,2966.416,1 3,North,3,4,0
2,6,16,2,2966.973,0 3,North,3,4,0
2,6,16,6,2967.36,0 3,North,3,5,0
2,6,16,3,2967.94,0 3,East,3,5,0
2,6,16,3,2968.45,0 3,South,3,5,0
2,6,16,2,2969.022,1 3,South,3,5,0
2,6,16,2,2969.6,2 3,South,3,5,0
2,6,16,2,2970.544,3 3,South,3,5,0
2,6,16,1,2971.155,3 3,East,3,5,0
2,6,16,2,2971.713,3 4,East,3,5,0
2,6,16,3,2972.245,3 4,South,3,5,0
2,6,16,2,2972.804,4 4,South,3,5,0
2,6,16,3,2973.332,4 4,West,3,5,0
2,6,16,2,2973.91,4 3,West,3,5,0
2,6,16,2,2974.894,4 2,West,3,5,0
2,6,16,3,2975.55,4 2,North,3,5,0
2,6,16,2,2976.099,3 2,North,3,5,0
2,6,16,1,2976.734,3 2,West,3,5,0
2,6,16,2,2977.312,3 1,West,3,5,0
2,6,16,2,2977.876,3 0,West,3,5,0
2,6,16,3,2978.418,3 0,North,3,5,0
2,6,16,2,2978.964,2 0,North,3,5,0
2,6,16,2,2979.537,1 0,North,3,5,0
2,6,16,6,2979.92,1 0,North,3,6,0
2,6,16,3,2980.052,1 0,East,3,6,0
2,6,16,3,2980.639,1 0,South,3,6,0
2,6,16,2,2981.246,2 0,South,3,6,0
2,6,16,2,2981.828,3 0,South,3,6,0
2,6,16,1,2982.47,3 0,East,3,6,0
2,6,16,2,2983.06,3 1,East,3,6,0
2,6,16,2,2983.638,3 2,East,3,6,0
2,6,16,3,2984.244,3 2,South,3,6,0
2,6,16,2,2984.838,4 2,South,3,6,0
2,6,16,3,2985.396,4 2,West,3,6,0
2,6,16,2,2985.967,4 1,West,3,6,0
2,6,16,2,2986.561,4 0,West,3,6,0
2,6,16,6,2986.98,4 0,West,3,7,0
2,6,16,1,2987.136,4 0,South,3,7,0
2,6,16,1,2987.746,4 0,East,3,7,0
2,6,16,2,2988.35,4 1,East,3,7,0
2,6,16,2,2988.943,4 2,East,3,7,0
2,6,16,1,2989.522,4 2,North,3,7,0
2,6,16,3,2990.127,4 2,East,3,7,0
2,6,16,2,2990.736,4 3,East,3,7,0
2,6,16,2,2991.312,4 4,East,3,7,0
2,6,16,1,2991.877,4 4,North,3,7,0
2,6,16,2,2992.432,3 4,North,3,7,0
2,6,16,1,2993.013,3 4,West,3,7,0
2,6,16,2,2993.6,3 3,West,3,7,0
2,6,16,3,2994.198,3 3,North,3,7,0
2,6,16,2,2994.783,2 3,North,3,7,0
2,6,16,2,2995.366,1 3,North,3,7,0
2,6,16,2,2995.918,0 3,North,3,7,0
2,6,16,3,2996.893,0 3,East,3,7,0
2,6,16,2,2997.459,0 4,East,3,7,0
2,6,16,6,2997.86,0 4,East,3,8,0
0,6,17,2,3001.028,3 4,North,3,0,0
0,6,17,6,3001.4,3 4,North,3,1,0
0,6,17,1,3001.57,3 4,West,3,1,0
0,6,17,2,3002.175,3 3,West,3,1,0
0,6,17,3,3002.705,3 3,North,3,1,0
0,6,17,2,3003.271,2 3,North,3,1,0
0,6,17,2,3003.955,1 3,North,3,1,0
0,6,17,2,3004.561,0 3,North,3,1,0
0,6,17,3,3005.089,0 3,East,3,1,0
0,6,17,3,3005.651,0 3,South,3,1,0
0,6,17,2,3006.545,1 3,South,3,1,0
0,6,17,2,3007.426,2 3,South,3,1,0
0,6,17,2,3008.048,3 3,South,3,1,0
0,6,17,1,3008.88,3 3,East,3,1,0
0,6,17,2,3009.49,3 4,East,3,1,0
0,6,17,3,3010.259,3 4,South,3,1,0
0,6,17,2,3010.853,4 4,South,3,1,0
0,6,17,3,3011.438,4 4,West,3,1,0
0,6,17,2,3011.967,4 3,West,3,1,0
0,6,17,2,3012.526,4 2,West,3,1,0
0,6,17,3,3013.299,4 2,North,3,1,0
0,6,17,2,3013.949,3 2,North,3,1,0
0,6,17,1,3014.641,3 2,West,3,1,0
0,6,17,2,3015.199,3 1,West,3,1,0
0,6,17,2,3015.734,3 0,West,3,1,0
0,6,17,3,3016.27,3 0,North,3,1,0
0,6,17,2,3016.787,2 0,North,3,1,0
0,6,17,2,3017.441,1 0,North,3,1,0
0,6,17,3,3018.003,1 0,East,3,1,0
0,6,17,2,3018.525,1 1,East,3,1,0
0,6,17,6,3018.94,1 1,East,3,2,0
0,6,17,3,3019.106,1 1,South,3,2,0
0,6,17,2,3019.664,2 1,South,3,2,0
0,6,17,3,3020.343,2 1,West,3,2,0
0,6,17,3,3020.877,2 1,North,3,2,0
0,6,17,2,3021.422,1 1,North,3,2,0
0,6,17,1,3022,1 1,West,3,2,0
0,6,17,2,3022.576,1 0,West,3,2,0
0,6,17,1,3023.104,1 0,South,3,2,0
0,6,17,2,3023.622,2 0,South,3,2,0
0,6,17,2,3024.158,3 0,South,3,2,0
0,6,17,6,3024.54,3 0,South,3,3,0
0,6,17,1,3024.722,3 0,East,3,3,0
0,6,17,2,3025.263,3 1,East,3,3,0
0,6,17,2,3025.794,3 2,East,3,3,0
0,6,17,3,3026.526,3 2,South,3,3,0
0,6,17,2,3027.117,4 2,South,3,3,0
0,6,17,3,3027.68,4 2,West,3,3,0
0,6,17,3,3028.196,4 2,North,3,3,0
0,6,17,3,3028.736,4 2,East,3,3,0
0,6,17,2,3029.268,4 3,East,3,3,0
0,6,17,2,3029.808,4 4,East,3,3,0
0,6,17,1,3030.334,4 4,North,3,3,0
0,6,17,2,3030.898,3 4,North,3,3,0
0,6,17,1,3031.409,3 4,West,3,3,0
0,6,17,2,3031.967,3 3,West,3,3,0
0,6,17,3,3032.545,3 3,North,3,3,0
0,6,17,2,3033.084,2 3,North,3,3,0
0,6,17,2,3033.601,1 3,North,3,3,0
0,6,17,6,3033.98,1 3,North,3,4,0
0,6,17,2,3034.145,0 3,North,3,4,0
0,6,17,3,3034.671,0 3,East,3,4,0
0,6,17,2,3035.264,0 4,East,3,4,0
0,6,17,3,3036.134,0 4,South,3,4,0
0,6,17,3,3036.677,0 4,West,3,4,0
0,6,17,2,3037.31,0 3,West,3,4,0
0,6,17,1,3037.906,0 3,South,3,4,0
0,6,17,2,3038.448,1 3,South,3,4,0
0,6,17,2,3038.984,2 3,South,3,4,0
0,6,17,2,3039.892,3 3,South,3,4,0
0,6,17,1,3040.415,3 3,East,3,4,0
0,6,17,2,3040.959,3 4,East,3,4,0
0,6,17,3,3041.47,3 4,South,3,4,0
0,6,17,2,3042.083,4 4,South,3,4,0
0,6,17,3,3042.591,4 4,West,3,4,0
0,6,17,2,3043.185,4 3,West,3,4,0
0,6,17,2,3044.1,4 2,West,3,4,0
0,6,17,3,3044.673,4 2,North,3,4,0
0,6,17,2,3045.26,3 2,North,3,4,0
0,6,17,1,3045.805,3 2,West,3,4,0
0,6,17,2,3046.353,3 1,West,3,4,0
0,6,17,2,3046.962,3 0,West,3,4,0
0,6,17,3,3047.539,3 0,North,3,4,0
0,6,17,2,3048.115,2 0,North,3,4,0
0,6,17,2,3048.627,1 0,North,3,4,0
0,6,17,3,3049.14,1 0,East,3,4,0
0,6,17,2,3049.7,1 1,East,3,4,0
0,6,17,3,3050.258,1 1,South,3,4,0
0,6,17,2,3050.832,2 1,South,3,4,0
0,6,17,6,3051.2,2 1,South,3,5,0
0,6,17,1,3051.375,2 1,East,3,5,0
0,6,17,2,3051.907,2 2,East,3,5,0
0,6,17,1,3052.428,2 2,North,3,5,0
0,6,17,2,3052.959,1 2,North,3,5,0
0,6,17,2,3053.492,0 2,North,3,5,0
0,6,17,1,3054.048,0 2,West,3,5,0
0,6,17,1,3054.925,0 2,South,3,5,0
0,6,17,2,3055.604,1 2,South,3,5,0
0,6,17,2,3056.517,2 2,South,3,5,0
0,6,17,3,3057.441,2 2,West,3,5,0
0,6,17,2,3058.175,2 1,West,3,5,0
0,6,17,3,3058.739,2 1,North,3,5,0
0,6,17,2,3059.334,1 1,North,3,5,0
0,6,17,1,3059.855,1 1,West,3,5,0
0,6,17,2,3060.56,1 0,West,3,5,0
0,6,17,1,3061.117,1 0,South,3,5,0
0,6,17,2,3061.789,2 0,South,3,5,0
0,6,17,2,3062.349,3 0,South,3,5,0
0,6,17,1,3062.915,3 0,East,3,5,0
0,6,17,2,3063.49,3 1,East,3,5,0
0,6,17,2,3064.125,3 2,East,3,5,0
0,6,17,6,3064.54,3 2,East,3,6,0
0,6,17,3,3064.653,3 2,South,3,6,0
0,6,17,2,3065.264,4 2,South,3,6,0
0,6,17,1,3065.825,4 2,East,3,6,0
0,6,17,2,3066.368,4 3,East,3,6,0
0,6,17,2,3066.927,4 4,East,3,6,0
0,6,17,1,3067.868,4 4,North,3,6,0
0,6,17,1,3068.433,4 4,West,3,6,0
0,6,17,3,3069.011,4 4,North,3,6,0
0,6,17,2,3069.615,3 4,North,3,6,0
0,6,17,1,3070.162,3 4,West,3,6,0
0,6,17,2,3070.719,3 3,West,3,6,0
0,6,17,3,3071.597,3 3,North,3,6,0
0,6,17,2,3072.255,2 3,North,3,6,0
0,6,17,2,3072.879,1 3,North,3,6,0
0,6,17,2,3073.584,0 3,North,3,6,0
0,6,17,3,3074.113,0 3,East,3,6,0
0,6,17,2,3074.687,0 4,East,3,6,0
0,6,17,3,3075.293,0 4,South,3,6,0
0,6,17,3,3075.822,0 4,West,3,6,0
0,6,17,2,3076.464,0 3,West,3,6,0
0,6,17,1,3077.061,0 3,South,3,6,0
0,6,17,2,3077.971,1 3,South,3,6,0
0,6,17,2,3078.496,2 3,South,3,6,0
0,6,17,2,3079.137,3 3,South,3,6,0
0,6,17,1,3079.734,3 3,East,3,6,0
0,6,17,2,3080.431,3 4,East,3,6,0
0,6,17,3,3081.357,3 4,South,3,6,0
0,6,17,2,3081.933,4 4,South,3,6,0
0,6,17,3,3082.561,4 4,West,3,6,0
0,6,17,2,3083.221,4 3,West,3,6,0
0,6,17,2,3083.797,4 2,West,3,6,0
0,6,17,3,3084.354,4 2,North,3,6,0
0,6,17,2,3084.941,3 2,North,3,6,0
0,6,17,1,3085.54,3 2,West,3,6,0
0,6,17,2,3086.162,3 1,West,3,6,0
0,6,17,2,3086.742,3 0,West,3,6,0
0,6,17,3,3087.345,3 0,North,3,6,0
0,6,17,2,3087.874,2 0,North,3,6,0
0,6,17,2,3088.469,1 0,North,3,6,0
0,6,17,3,3089.011,1 0,East,3,6,0
0,6,17,2,3089.599,1 1,East,3,6,0
0,6,17,3,3090.197,1 1,South,3,6,0
0,6,17,2,3090.802,2 1,South,3,6,0
0,6,17,1,3091.344,2 1,East,3,6,0
0,6,17,2,3091.92,2 2,East,3,6,0
0,6,17,6,3092.32,2 2,East,3,7,0
0,6,17,1,3092.48,2 2,North,3,7,0
0,6,17,2,3093.094,1 2,North,3,7,0
0,6,17,2,3093.603,0 2,North,3,7,0
0,6,17,1,3094.159,0 2,West,3,7,0
0,6,17,1,3094.75,0 2,South,3,7,0
0,6,17,2,3095.301,1 2,South,3,7,0
0,6,17,2,3095.888,2 2,South,3,7,0
0,6,17,3,3096.465,2 2,West,3,7,0
0,6,17,2,3097.041,2 1,West,3,7,0
0,6,17,3,3097.601,2 1,North,3,7,0
0,6,17,2,3098.148,1 1,North,3,7,0
0,6,17,1,3098.669,1 1,West,3,7,0
0,6,17,2,3099.28,1 0,West,3,7,0
0,6,17,1,3099.826,1 0,South,3,7,0
0,6,17,2,3100.421,2 0,South,3,7,0
0,6,17,2,3100.998,3 0,South,3,7,0
0,6,17,1,3101.536,3 0,East,3,7,0
0,6,17,2,3102.094,3 1,East,3,7,0
0,6,17,2,3102.721,3 2,East,3,7,0
0,6,17,3,3103.277,3 2,South,3,7,0
0,6,17,2,3103.869,4 2,South,3,7,0
0,6,17,1,3104.405,4 2,East,3,7,0
0,6,17,2,3104.998,4 3,East,3,7,0
0,6,17,6,3105.4,4 3,East,3,8,0
2,6,17,2,3110.481,3 4,North,3,0,0
2,6,17,6,3110.86,3 4,North,3,1,0
2,6,17,1,3111.232,3 4,West,3,1,0
2,6,17,1,3111.762,3 4,South,3,1,0
2,6,17,2,3112.336,4 4,South,3,1,0
2,6,17,3,3112.94,4 4,West,3,1,0
2,6,17,2,3113.534,4 3,West,3,1,0
2,6,17,2,3114.145,4 2,West,3,1,0
2,6,17,3,3114.751,4 2,North,3,1,0
2,6,17,2,3115.36,3 2,North,3,1,0
2,6,17,1,3115.906,3 2,West,3,1,0
2,6,17,2,3116.513,3 1,West,3,1,0
2,6,17,2,3117.116,3 0,West,3,1,0
2,6,17,3,3117.757,3 0,North,3,1,0
2,6,17,2,3118.321,2 0,North,3,1,0
2,6,17,2,3118.868,1 0,North,3,1,0
2,6,17,3,3119.406,1 0,East,3,1,0
2,6,17,2,3119.951,1 1,East,3,1,0
2,6,17,6,3120.36,1 1,East,3,2,0
2,6,17,3,3120.519,1 1,South,3,2,0
2,6,17,3,3121.073,1 1,West,3,2,0
2,6,17,2,3121.629,1 0,West,3,2,0
2,6,17,1,3122.211,1 0,South,3,2,0
2,6,17,2,3122.804,2 0,South,3,2,0
2,6,17,2,3123.375,3 0,South,3,2,0
2,6,17,6,3123.76,3 0,South,3,3,0
2,6,17,1,3123.939,3 0,East,3,3,0
2,6,17,2,3125.426,3 1,East,3,3,0
2,6,17,2,3125.965,3 2,East,3,3,0
2,6,17,3,3126.545,3 2,South,3,3,0
2,6,17,2,3127.126,4 2,South,3,3,0
2,6,17,1,3127.745,4 2,East,3,3,0
2,6,17,2,3128.274,4 3,East,3,3,0
2,6,17,2,3128.833,4 4,East,3,3,0
2,6,17,1,3129.346,4 4,North,3,3,0
2,6,17,2,3129.888,3 4,North,3,3,0
2,6,17,1,3130.701,3 4,West,3,3,0
2,6,17,2,3131.278,3 3,West,3,3,0
2,6,17,3,3131.892,3 3,North,3,3,0
2,6,17,2,3132.448,2 3,North,3,3,0
2,6,17,2,3132.981,1 3,North,3,3,0
2,6,17,6,3133.36,1 3,North,3,4,0
2,6,17,3,3133.585,1 3,East,3,4,0
2,6,17,3,3134.115,1 3,South,3,4,0
2,6,17,2,3134.659,2 3,South,3,4,0
2,6,17,2,3135.87,3 3,South,3,4,0
2,6,17,1,3136.481,3 3,East,3,4,0
2,6,17,2,3137.073,3 4,East,3,4,0
2,6,17,3,3137.619,3 4,South,3,4,0
2,6,17,2,3138.183,4 4,South,3,4,0
2,6,17,6,3138.56,4 4,South,3,5,0
2,6,17,3,3138.771,4 4,West,3,5,0
2,6,17,2,3139.444,4 3,West,3,5,0
2,6,17,2,3140.038,4 2,West,3,5,0
2,6,17,3,3140.625,4 2,North,3,5,0
2,6,17,2,3141.204,3 2,North,3,5,0
2,6,17,1,3141.742,3 2,West,3,5,0
2,6,17,2,3142.274,3 1,West,3,5,0
2,6,17,6,3142.68,3 1,West,3,6,0
2,6,17,3,3142.833,3 1,North,3,6,0
2,6,17,3,3143.366,3 1,East,3,6,0
2,6,17,2,3143.923,3 2,East,3,6,0
2,6,17,3,3144.512,3 2,South,3,6,0
2,6,17,2,3145.117,4 2,South,3,6,0
2,6,17,1,3145.698,4 2,East,3,6,0
2,6,17,2,3146.276,4 3,East,3,6,0
2,6,17,2,3146.835,4 4,East,3,6,0
2,6,17,1,3147.391,4 4,North,3,6,0
2,6,17,2,3147.92,3 4,North,3,6,0
2,6,17,1,3148.496,3 4,West,3,6,0
2,6,17,2,3149.092,3 3,West,3,6,0
2,6,17,3,3149.661,3 3,North,3,6,0
2,6,17,2,3150.278,2 3,North,3,6,0
2,6,17,2,3150.818,1 3,North,3,6,0
2,6,17,2,3151.381,0 3,North,3,6,0
2,6,17,3,3151.933,0 3,East,3,6,0
2,6,17,2,3152.898,0 4,East,3,6,0
2,6,17,3,3153.472,0 4,South,3,6,0
2,6,17,2,3154.031,1 4,South,3,6,0
2,6,17,2,3154.626,2 4,South,3,6,0
2,6,17,6,3155,2 4,South,3,7,0
2,6,17,3,3155.205,2 4,West,3,7,0
2,6,17,3,3155.765,2 4,North,3,7,0
2,6,17,2,3156.305,1 4,North,3,7,0
2,6,17,2,3156.882,0 4,North,3,7,0
2,6,17,1,3157.457,0 4,West,3,7,0
2,6,17,2,3157.985,0 3,West,3,7,0
2,6,17,1,3158.56,0 3,South,3,7,0
2,6,17,2,3159.14,1 3,South,3,7,0
2,6,17,2,3159.682,2 3,South,3,7,0
2,6,17,2,3160.292,3 3,South,3,7,0
2,6,17,1,3160.849,3 3,East,3,7,0
2,6,17,2,3161.394,3 4,East,3,7,0
2,6,17,3,3161.999,3 4,South,3,7,0
2,6,17,2,3162.578,4 4,South,3,7,0
2,6,17,3,3163.125,4 4,West,3,7,0
2,6,17,2,3163.759,4 3,West,3,7,0
2,6,17,2,3164.353,4 2,West,3,7,0
2,6,17,2,3164.927,4 1,West,3,7,0
2,6,17,6,3165.34,4 1,West,3,8,0
0,6,18,2,3168.7,3 4,North,3,0,0
0,6,18,1,3169.277,3 4,West,3,0,0
0,6,18,2,3169.988,3 3,West,3,0,0
0,6,18,3,3170.67,3 3,North,3,0,0
0,6,18,2,3171.264,2 3,North,3,0,0
0,6,18,2,3171.795,1 3,North,3,0,0
0,6,18,2,3172.357,0 3,North,3,0,0
0,6,18,3,3172.883,0 3,East,3,0,0
0,6,18,2,3173.44,0 4,East,3,0,0
0,6,18,3,3173.985,0 4,South,3,0,0
0,6,18,2,3174.544,1 4,South,3,0,0
0,6,18,6,3174.92,1 4,South,3,1,0
0,6,18,3,3175.078,1 4,West,3,1,0
0,6,18,3,3176.036,1 4,North,3,1,0
0,6,18,2,3176.643,0 4,North,3,1,0
0,6,18,1,3177.168,0 4,West,3,1,0
0,6,18,2,3177.733,0 3,West,3,1,0
0,6,18,1,3178.32,0 3,South,3,1,0
0,6,18,2,3178.917,1 3,South,3,1,0
0,6,18,2,3179.551,2 3,South,3,1,0
0,6,18,2,3180.109,3 3,South,3,1,0
0,6,18,1,3180.688,3 3,East,3,1,0
0,6,18,2,3181.264,3 4,East,3,1,0
0,6,18,3,3181.811,3 4,South,3,1,0
0,6,18,2,3182.368,4 4,South,3,1,0
0,6,18,3,3182.899,4 4,West,3,1,0
0,6,18,2,3183.422,4 3,West,3,1,0
0,6,18,2,3183.956,4 2,West,3,1,0
0,6,18,3,3184.867,4 2,North,3,1,0
0,6,18,2,3185.426,3 2,North,3,1,0
0,6,18,1,3185.999,3 2,West,3,1,0
0,6,18,2,3186.597,3 1,West,3,1,0
0,6,18,2,3187.156,3 0,West,3,1,0
0,6,18,3,3187.743,3 0,North,3,1,0
0,6,18,2,3188.289,2 0,North,3,1,0
0,6,18,2,3188.837,1 0,North,3,1,0
0,6,18,3,3189.44,1 0,East,3,1,0
0,6,18,2,3189.999,1 1,East,3,1,0
0,6,18,3,3190.578,1 1,South,3,1,0
0,6,18,2,3191.09,2 1,South,3,1,0
0,6,18,6,3191.48,2 1,South,3,2,0
0,6,18,1,3191.696,2 1,East,3,2,0
0,6,18,2,3192.325,2 2,East,3,2,0
0,6,18,1,3192.925,2 2,North,3,2,0
0,6,18,2,3193.54,1 2,North,3,2,0
0,6,18,2,3194.067,0 2,North,3,2,0
0,6,18,1,3194.606,0 2,West,3,2,0
0,6,18,1,3195.133,0 2,South,3,2,0
0,6,18,2,3195.648,1 2,South,3,2,0
0,6,18,2,3196.204,2 2,South,3,2,0
0,6,18,3,3196.784,2 2,West,3,2,0
0,6,18,2,3197.426,2 1,West,3,2,0
0,6,18,1,3198.098,2 1,South,3,2,0
0,6,18,2,3198.646,2 1,South,3,2,0
0,6,18,1,3199.187,2 1,East,3,2,0
0,6,18,2,3199.871,2 2,East,3,2,0
0,6,18,1,3200.708,2 2,North,3,2,0
0,6,18,1,3201.681,2 2,West,3,2,0
0,6,18,2,3203.01,2 1,West,3,2,0
0,6,18,3,3203.568,2 1,North,3,2,0
0,6,18,2,3204.227,1 1,North,3,2,0
0,6,18,1,3204.869,1 1,West,3,2,0
0,6,18,2,3205.438,1 0,West,3,2,0
0,6,18,1,3206.013,1 0,South,3,2,0
0,6,18,2,3206.557,2 0,South,3,2,0
0,6,18,2,3207.085,3 0,South,3,2,0
0,6,18,1,3207.597,3 0,East,3,2,0
0,6,18,2,3208.128,3 1,East,3,2,0
0,6,18,2,3208.688,3 2,East,3,2,0
0,6,18,3,3209.197,3 2,South,3,2,0
0,6,18,2,3209.745,4 2,South,3,2,0
0,6,18,3,3210.309,4 2,West,3,2,0
0,6,18,3,3211.137,4 2,North,3,2,0
0,6,18,3,3212,4 2,East,3,2,0
0,6,18,2,3212.56,4 3,East,3,2,0
0,6,18,2,3213.174,4 4,East,3,2,0
0,6,18,1,3214.033,4 4,North,3,2,0
0,6,18,2,3214.58,3 4,North,3,2,0
0,6,18,1,3215.484,3 4,West,3,2,0
0,6,18,2,3216.128,3 3,West,3,2,0
0,6,18,3,3216.881,3 3,North,3,2,0
0,6,18,2,3217.439,2 3,North,3,2,0
0,6,18,2,3218.127,1 3,North,3,2,0
0,6,18,2,3218.704,0 3,North,3,2,0
0,6,18,3,3219.23,0 3,East,3,2,0
0,6,18,2,3219.765,0 4,East,3,2,0
0,6,18,6,3220.18,0 4,East,3,3,0
0,6,18,3,3220.674,0 4,South,3,3,0
0,6,18,3,3221.201,0 4,West,3,3,0
0,6,18,2,3221.776,0 3,West,3,3,0
0,6,18,1,3222.333,0 3,South,3,3,0
0,6,18,2,3222.911,1 3,South,3,3,0
0,6,18,2,3223.458,2 3,South,3,3,0
0,6,18,2,3224.035,3 3,South,3,3,0
0,6,18,1,3224.563,3 3,East,3,3,0
0,6,18,2,3225.118,3 4,East,3,3,0
0,6,18,3,3225.986,3 4,South,3,3,0
0,6,18,2,3226.548,4 4,South,3,3,0
0,6,18,3,3227.165,4 4,West,3,3,0
0,6,18,2,3227.758,4 3,West,3,3,0
0,6,18,2,3228.771,4 2,West,3,3,0
0,6,18,3,3229.341,4 2,North,3,3,0
0,6,18,2,3229.951,3 2,North,3,3,0
0,6,18,1,3230.51,3 2,West,3,3,0
0,6,18,2,3231.158,3 1,West,3,3,0
0,6,18,2,3231.715,3 0,West,3,3,0
0,6,18,3,3232.242,3 0,North,3,3,0
0,6,18,2,3232.813,2 0,North,3,3,0
0,6,18,2,3233.329,1 0,North,3,3,0
0,6,18,6,3233.72,1 0,North,3,4,0
0,6,18,3,3233.872,1 0,East,3,4,0
0,6,18,2,3234.429,1 1,East,3,4,0
0,6,18,3,3235.269,1 1,South,3,4,0
0,6,18,2,3235.826,2 1,South,3,4,0
0,6,18,1,3236.445,2 1,East,3,4,0
0,6,18,2,3237.068,2 2,East,3,4,0
0,6,18,1,3237.634,2 2,North,3,4,0
0,6,18,2,3238.261,1 2,North,3,4,0
0,6,18,2,3238.804,0 2,North,3,4,0
0,6,18,1,3239.566,0 2,West,3,4,0
0,6,18,1,3240.1,0 2,South,3,4,0
0,6,18,2,3240.641,1 2,South,3,4,0
0,6,18,2,3241.199,2 2,South,3,4,0
0,6,18,3,3241.747,2 2,West,3,4,0
0,6,18,2,3242.355,2 1,West,3,4,0
0,6,18,3,3242.928,2 1,North,3,4,0
0,6,18,2,3243.54,1 1,North,3,4,0
0,6,18,1,3244.097,1 1,West,3,4,0
0,6,18,2,3244.653,1 0,West,3,4,0
0,6,18,1,3245.169,1 0,South,3,4,0
0,6,18,2,3245.762,2 0,South,3,4,0
0,6,18,2,3246.74,3 0,South,3,4,0
0,6,18,1,3247.278,3 0,East,3,4,0
0,6,18,2,3247.79,3 1,East,3,4,0
0,6,18,2,3248.387,3 2,East,3,4,0
0,6,18,3,3248.897,3 2,South,3,4,0
0,6,18,2,3249.408,4 2,South,3,4,0
0,6,18,3,3250.289,4 2,West,3,4,0
0,6,18,2,3250.991,4 1,West,3,4,0
0,6,18,2,3251.501,4 0,West,3,4,0
0,6,18,6,3251.92,4 0,West,3,5,0
0,6,18,3,3252.047,4 0,North,3,5,0
0,6,18,3,3252.593,4 0,East,3,5,0
0,6,18,2,3253.14,4 1,East,3,5,0
0,6,18,2,3253.714,4 2,East,3,5,0
0,6,18,2,3254.225,4 3,East,3,5,0
0,6,18,2,3254.79,4 4,East,3,5,0
0,6,18,1,3255.38,4 4,North,3,5,0
0,6,18,2,3255.918,3 4,North,3,5,0
0,6,18,1,3256.449,3 4,West,3,5,0
0,6,18,2,3257.045,3 3,West,3,5,0
0,6,18,3,3257.585,3 3,North,3,5,0
0,6,18,2,3258.134,2 3,North,3,5,0
0,6,18,2,3259.025,1 3,North,3,5,0
0,6,18,2,3259.619,0 3,North,3,5,0
0,6,18,3,3260.165,0 3,East,3,5,0
0,6,18,2,3260.675,0 4,East,3,5,0
0,6,18,3,3261.201,0 4,South,3,5,0
0,6,18,3,3261.747,0 4,West,3,5,0
0,6,18,2,3262.368,0 3,West,3,5,0
0,6,18,1,3263.107,0 3,South,3,5,0
0,6,18,2,3263.693,1 3,South,3,5,0
0,6,18,2,3264.354,2 3,South,3,5,0
0,6,18,2,3265.008,3 3,South,3,5,0
0,6,18,1,3265.789,3 3,East,3,5,0
0,6,18,2,3266.483,3 4,East,3,5,0
0,6,18,3,3267.103,3 4,South,3,5,0
0,6,18,2,3267.762,4 4,South,3,5,0
0,6,18,3,3268.42,4 4,West,3,5,0
0,6,18,2,3268.974,4 3,West,3,5,0
0,6,18,2,3269.54,4 2,West,3,5,0
0,6,18,3,3270.448,4 2,North,3,5,0
0,6,18,2,3271.053,3 2,North,3,5,0
0,6,18,1,3271.67,3 2,West,3,5,0
0,6,18,2,3272.257,3 1,West,3,5,0
0,6,18,2,3272.813,3 0,West,3,5,0
0,6,18,3,3273.359,3 0,North,3,5,0
0,6,18,2,3273.874,2 0,North,3,5,0
0,6,18,2,3274.404,1 0,North,3,5,0
0,6,18,3,3274.944,1 0,East,3,5,0
0,6,18,2,3275.492,1 1,East,3,5,0
0,6,18,6,3275.9,1 1,East,3,6,0
0,6,18,3,3276.482,1 1,South,3,6,0
0,6,18,2,3277.039,2 1,South,3,6,0
0,6,18,3,3277.683,2 1,West,3,6,0
0,6,18,3,3278.257,2 1,North,3,6,0
0,6,18,2,3279.026,1 1,North,3,6,0
0,6,18,1,3279.583,1 1,West,3,6,0
0,6,18,2,3280.205,1 0,West,3,6,0
0,6,18,1,3280.829,1 0,South,3,6,0
0,6,18,2,3281.366,2 0,South,3,6,0
0,6,18,6,3281.74,2 0,South,3,7,0
0,6,18,2,3282.303,3 0,South,3,7,0
0,6,18,1,3282.86,3 0,East,3,7,0
0,6,18,2,3283.633,3 1,East,3,7,0
0,6,18,2,3284.144,3 2,East,3,7,0
0,6,18,3,3284.691,3 2,South,3,7,0
0,6,18,2,3285.284,4 2,South,3,7,0
0,6,18,6,3285.66,4 2,South,3,8,0
2,6,18,1,3289.654,4 4,West,3,0,0
2,6,18,3,3290.256,4 4,North,3,0,0
2,6,18,2,3290.925,3 4,North,3,0,0
2,6,18,1,3291.524,3 4,West,3,0,0
2,6,18,2,3292.1,3 3,West,3,0,0
2,6,18,3,3292.66,3 3,North,3,0,0
2,6,18,2,3293.295,2 3,North,3,0,0
2,6,18,2,3293.854,1 3,North,3,0,0
2,6,18,2,3294.399,0 3,North,3,0,0
2,6,18,3,3294.931,0 3,East,3,0,0
2,6,18,2,3295.484,0 4,East,3,0,0
2,6,18,3,3296.03,0 4,South,3,0,0
2,6,18,2,3296.579,1 4,South,3,0,0
2,6,18,6,3296.96,1 4,South,3,1,0
2,6,18,3,3297.495,1 4,West,3,1,0
2,6,18,3,3298.416,1 4,North,3,1,0
2,6,18,2,3299.061,0 4,North,3,1,0
2,6,18,1,3299.683,0 4,West,3,1,0
2,6,18,2,3300.262,0 3,West,3,1,0
2,6,18,1,3300.818,0 3,South,3,1,0
2,6,18,2,3301.398,1 3,South,3,1,0
2,6,18,2,3301.985,2 3,South,3,1,0
2,6,18,2,3302.548,3 3,South,3,1,0
2,6,18,1,3303.139,3 3,East,3,1,0
2,6,18,2,3303.695,3 4,East,3,1,0
2,6,18,3,3304.209,3 4,South,3,1,0
2,6,18,2,3304.743,4 4,South,3,1,0
2,6,18,3,3305.473,4 4,West,3,1,0
2,6,18,2,3306.413,4 3,West,3,1,0
2,6,18,2,3306.98,4 2,West,3,1,0
2,6,18,3,3307.565,4 2,North,3,1,0
2,6,18,2,3308.143,3 2,North,3,1,0
2,6,18,1,3308.813,3 2,West,3,1,0
2,6,18,2,3309.391,3 1,West,3,1,0
2,6,18,2,3309.972,3 0,West,3,1,0
2,6,18,3,3310.494,3 0,North,3,1,0
2,6,18,2,3311.068,2 0,North,3,1,0
2,6,18,2,3311.631,1 0,North,3,1,0
2,6,18,3,3312.239,1 0,East,3,1,0
2,6,18,2,3312.848,1 1,East,3,1,0
2,6,18,3,3313.397,1 1,South,3,1,0
2,6,18,2,3314.258,2 1,South,3,1,0
2,6,18,6,3314.64,2 1,South,3,2,0
2,6,18,1,3314.948,2 1,East,3,2,0
2,6,18,1,3315.555,2 1,North,3,2,0
2,6,18,2,3316.109,1 1,North,3,2,0
2,6,18,1,3316.738,1 1,West,3,2,0
2,6,18,2,3317.344,1 0,West,3,2,0
2,6,18,1,3317.965,1 0,South,3,2,0
2,6,18,2,3318.53,2 0,South,3,2,0
2,6,18,2,3319.105,3 0,South,3,2,0
2,6,18,1,3319.749,3 0,East,3,2,0
2,6,18,2,3320.319,3 1,East,3,2,0
2,6,18,2,3320.899,3 2,East,3,2,0
2,6,18,3,3321.508,3 2,South,3,2,0
2,6,18,2,3322.101,4 2,South,3,2,0
2,6,18,1,3322.671,4 2,East,3,2,0
2,6,18,2,3323.237,4 3,East,3,2,0
2,6,18,2,3323.745,4 4,East,3,2,0
2,6,18,1,3324.39,4 4,North,3,2,0
2,6,18,2,3325.359,3 4,North,3,2,0
2,6,18,1,3325.99,3 4,West,3,2,0
2,6,18,2,3326.641,3 3,West,3,2,0
2,6,18,3,3327.279,3 3,North,3,2,0
2,6,18,2,3327.891,2 3,North,3,2,0
2,6,18,2,3328.496,1 3,North,3,2,0
2,6,18,2,3329.087,0 3,North,3,2,0
2,6,18,3,3329.665,0 3,East,3,2,0
2,6,18,2,3330.225,0 4,East,3,2,0
2,6,18,6,3330.64,0 4,East,3,3,0
2,6,18,3,3330.74,0 4,South,3,3,0
2,6,18,3,3331.281,0 4,West,3,3,0
2,6,18,2,3331.862,0 3,West,3,3,0
2,6,18,1,3332.446,0 3,South,3,3,0
2,6,18,2,3333.043,1 3,South,3,3,0
2,6,18,2,3333.605,2 3,South,3,3,0
2,6,18,2,3334.176,3 3,South,3,3,0
2,6,18,1,3334.766,3 3,East,3,3,0
2,6,18,3,3336.644,3 3,South,3,3,0
2,6,18,1,3337.297,3 3,East,3,3,0
2,6,18,2,3337.889,3 4,East,3,3,0
2,6,18,3,3338.461,3 4,South,3,3,0
2,6,18,2,3339.084,4 4,South,3,3,0
2,6,18,3,3339.629,4 4,West,3,3,0
2,6,18,2,3340.242,4 3,West,3,3,0
2,6,18,2,3340.82,4 2,West,3,3,0
2,6,18,3,3341.441,4 2,North,3,3,0
2,6,18,2,3342.036,3 2,North,3,3,0
2,6,18,1,3342.614,3 2,West,3,3,0
2,6,18,2,3343.183,3 1,West,3,3,0
2,6,18,2,3343.727,3 0,West,3,3,0
2,6,18,3,3344.258,3 0,North,3,3,0
2,6,18,2,3344.813,2 0,North,3,3,0
2,6,18,2,3345.378,1 0,North,3,3,0
2,6,18,6,3345.76,1 0,North,3,4,0
2,6,18,3,3345.951,1 0,East,3,4,0
2,6,18,3,3346.496,1 0,South,3,4,0
2,6,18,2,3347.058,2 0,South,3,4,0
2,6,18,2,3348.126,3 0,South,3,4,0
2,6,18,1,3348.685,3 0,East,3,4,0
2,6,18,2,3349.278,3 1,East,3,4,0
2,6,18,2,3350.26,3 2,East,3,4,0
2,6,18,3,3350.798,3 2,South,3,4,0
2,6,18,2,3351.373,4 2,South,3,4,0
2,6,18,1,3351.941,4 2,East,3,4,0
2,6,18,2,3352.517,4 3,East,3,4,0
2,6,18,2,3353.439,4 4,East,3,4,0
2,6,18,1,3354.03,4 4,North,3,4,0
2,6,18,2,3354.625,3 4,North,3,4,0
2,6,18,1,3355.15,3 4,West,3,4,0
2,6,18,2,3355.728,3 3,West,3,4,0
2,6,18,6,3356.14,3 3,West,3,5,0
2,6,18,3,3356.275,3 3,North,3,5,0
2,6,18,3,3357.582,3 3,East,3,5,0
2,6,18,2,3358.109,3 4,East,3,5,0
2,6,18,3,3358.639,3 4,South,3,5,0
2,6,18,2,3359.199,4 4,South,3,5,0
2,6,18,3,3359.74,4 4,West,3,5,0
2,6,18,2,3360.353,4 3,West,3,5,0
2,6,18,2,3360.899,4 2,West,3,5,0
2,6,18,3,3361.521,4 2,North,3,5,0
2,6,18,2,3362.147,3 2,North,3,5,0
2,6,18,1,3362.687,3 2,West,3,5,0
2,6,18,2,3363.281,3 1,West,3,5,0
2,6,18,2,3363.919,3 0,West,3,5,0
2,6,18,3,3364.47,3 0,North,3,5,0
2,6,18,2,3365.028,2 0,North,3,5,0
2,6,18,2,3365.59,1 0,North,3,5,0
2,6,18,3,3366.127,1 0,East,3,5,0
2,6,18,2,3366.708,1 1,East,3,5,0
2,6,18,3,3367.268,1 1,South,3,5,0
2,6,18,2,3367.824,2 1,South,3,5,0
2,6,18,1,3368.413,2 1,East,3,5,0
2,6,18,2,3368.932,2 2,East,3,5,0
2,6,18,6,3369.34,2 2,East,3,6,0
2,6,18,1,3369.533,2 2,North,3,6,0
2,6,18,1,3370.143,2 2,West,3,6,0
2,6,18,2,3370.737,2 1,West,3,6,0
2,6,18,3,3371.28,2 1,North,3,6,0
2,6,18,2,3371.822,1 1,North,3,6,0
2,6,18,1,3372.385,1 1,West,3,6,0
2,6,18,2,3372.932,1 0,West,3,6,0
2,6,18,1,3373.484,1 0,South,3,6,0
2,6,18,2,3374.062,2 0,South,3,6,0
2,6,18,2,3374.597,3 0,South,3,6,0
2,6,18,1,3375.117,3 0,East,3,6,0
2,6,18,2,3375.646,3 1,East,3,6,0
2,6,18,2,3376.198,3 2,East,3,6,0
2,6,18,3,3376.768,3 2,South,3,6,0
2,6,18,2,3377.327,4 2,South,3,6,0
2,6,18,3,3377.86,4 2,West,3,6,0
2,6,18,2,3378.703,4 1,West,3,6,0
2,6,18,6,3379.12,4 1,West,3,7,0
2,6,18,3,3379.245,4 1,North,3,7,0
2,6,18,3,3380.192,4 1,East,3,7,0
2,6,18,2,3381.04,4 2,East,3,7,0
2,6,18,1,3381.635,4 2,North,3,7,0
2,6,18,2,3383.156,3 2,North,3,7,0
2,6,18,1,3383.711,3 2,West,3,7,0
2,6,18,2,3384.289,3 1,West,3,7,0
2,6,18,2,3384.879,3 0,West,3,7,0
2,6,18,3,3385.413,3 0,North,3,7,0
2,6,18,2,3385.953,2 0,North,3,7,0
2,6,18,2,3386.497,1 0,North,3,7,0
2,6,18,3,3387.055,1 0,East,3,7,0
2,6,18,2,3387.57,1 1,East,3,7,0
2,6,18,3,3388.146,1 1,South,3,7,0
2,6,18,2,3388.704,2 1,South,3,7,0
2,6,18,1,3389.409,2 1,East,3,7,0
2,6,18,2,3389.966,2 2,East,3,7,0
2,6,18,1,3390.516,2 2,North,3,7,0
2,6,18,2,3391.076,1 2,North,3,7,0
2,6,18,6,3391.46,1 2,North,3,8,0
