PhaseView,Run,Trial,Key,Time,Location,Direction,MazeType,Diamonds,WallBumped
0,3,7,2,928.4678,3 4,North,2,0,11
0,3,7,3,931.9933,3 4,East,2,0,11
0,3,7,3,932.5327,3 4,South,2,0,11
0,3,7,2,933.1285,4 4,South,2,0,11
0,3,7,3,933.6844,4 4,West,2,0,11
0,3,7,2,936.0536,4 3,West,2,0,11
0,3,7,2,937.9377,4 2,West,2,0,11
0,3,7,6,938.34,4 2,West,2,1,11
0,3,7,3,938.8867,4 2,North,2,1,11
0,3,7,3,940.4865,4 2,East,2,1,11
0,3,7,1,941.7039,4 2,North,2,1,11
0,3,7,2,942.49,3 2,North,2,1,11
0,3,7,3,943.6537,3 2,East,2,1,11
0,3,7,3,944.7545,3 2,South,2,1,11
0,3,7,3,945.5246,3 2,West,2,1,11
0,3,7,2,946.2753,3 1,West,2,1,11
0,3,7,3,946.8524,3 1,North,2,1,11
0,3,7,2,947.7018,2 1,North,2,1,11
0,3,7,2,948.8032,1 1,North,2,1,11
0,3,7,1,949.3624,1 1,West,2,1,11
0,3,7,2,950.0852,1 0,West,2,1,11
0,3,7,1,950.6443,1 0,South,2,1,11
0,3,7,2,951.4103,2 0,South,2,1,11
0,3,7,6,951.8,2 0,South,2,2,11
0,3,7,2,953.1376,3 0,South,2,2,11
0,3,7,2,953.7983,4 0,South,2,2,11
0,3,7,1,954.6893,4 0,East,2,2,11
0,3,7,2,955.7342,4 1,East,2,2,11
0,3,7,3,956.4676,4 1,South,2,2,11
0,3,7,3,957.0286,4 1,West,2,2,11
0,3,7,2,957.7351,4 0,West,2,2,11
0,3,7,3,958.4048,4 0,North,2,2,11
0,3,7,2,959.3315,3 0,North,2,2,11
0,3,7,2,959.9388,2 0,North,2,2,11
0,3,7,2,960.9824,1 0,North,2,2,11
0,3,7,3,961.5445,1 0,East,2,2,11
0,3,7,3,968.2281,1 0,South,2,2,11
0,3,7,1,976.5019,1 0,East,2,2,11
0,3,7,2,977.2236,1 1,East,2,2,11
0,3,7,6,977.64,1 1,East,2,3,11
0,3,7,3,980.0529,1 1,South,2,3,11
0,3,7,2,981.0294,2 1,South,2,3,11
0,3,7,2,985.7346,3 1,South,2,3,11
0,3,7,1,986.3071,3 1,East,2,3,11
0,3,7,2,987.0581,3 2,East,2,3,11
0,3,7,3,987.8297,3 2,South,2,3,11
0,3,7,2,988.4863,4 2,South,2,3,11
0,3,7,1,989.0472,4 2,East,2,3,11
0,3,7,2,989.9746,4 3,East,2,3,11
0,3,7,2,990.6189,4 4,East,2,3,11
0,3,7,1,991.4265,4 4,North,2,3,11
0,3,7,1,992.404,4 4,West,2,3,11
0,3,7,3,994.6331,4 4,North,2,3,11
0,3,7,2,995.2897,3 4,North,2,3,11
0,3,7,2,996.1823,2 4,North,2,3,11
0,3,7,6,996.56,2 4,North,2,4,11
0,3,7,2,997.2537,1 4,North,2,4,11
0,3,7,1,997.9266,1 4,West,2,4,11
0,3,7,3,998.9497,1 4,North,2,4,11
0,3,7,2,999.5961,0 4,North,2,4,11
0,3,7,1,1000.345,0 4,West,2,4,11
0,3,7,3,1001.073,0 4,North,2,4,11
0,3,7,3,1001.863,0 4,East,2,4,11
0,3,7,3,1002.602,0 4,South,2,4,11
0,3,7,2,1003.285,1 4,South,2,4,11
0,3,7,3,1003.817,1 4,West,2,4,11
0,3,7,2,1004.647,1 3,West,2,4,11
0,3,7,1,1005.188,1 3,South,2,4,11
0,3,7,2,1005.788,2 3,South,2,4,11
0,3,7,3,1006.675,2 3,West,2,4,11
0,3,7,2,1007.354,2 2,West,2,4,11
0,3,7,3,1007.877,2 2,North,2,4,11
0,3,7,2,1008.42,1 2,North,2,4,11
0,3,7,1,1009.202,1 2,West,2,4,11
0,3,7,3,1009.891,1 2,North,2,4,11
0,3,7,2,1010.556,0 2,North,2,4,11
0,3,7,1,1011.143,0 2,West,2,4,11
0,3,7,2,1011.72,0 1,West,2,4,11
0,3,7,6,1012.12,0 1,West,2,5,11
0,3,7,2,1012.793,0 0,West,2,5,11
0,3,7,3,1013.706,0 0,North,2,5,11
0,3,7,3,1014.292,0 0,East,2,5,11
0,3,7,2,1014.983,0 1,East,2,5,11
0,3,7,2,1015.593,0 2,East,2,5,11
0,3,7,3,1016.436,0 2,South,2,5,11
0,3,7,2,1018.261,1 2,South,2,5,11
0,3,7,2,1018.842,2 2,South,2,5,11
0,3,7,1,1019.433,2 2,East,2,5,11
0,3,7,2,1020.314,2 3,East,2,5,11
0,3,7,1,1021.017,2 3,North,2,5,11
0,3,7,2,1021.669,1 3,North,2,5,11
0,3,7,3,1022.248,1 3,East,2,5,11
0,3,7,2,1022.919,1 4,East,2,5,11
0,3,7,6,1023.32,1 4,East,2,6,11
0,3,7,3,1023.669,1 4,South,2,6,11
0,3,7,1,1024.33,1 4,East,2,6,11
0,3,7,1,1024.993,1 4,North,2,6,11
0,3,7,2,1025.778,0 4,North,2,6,11
0,3,7,6,1026.16,0 4,North,2,7,11
0,3,7,1,1026.632,0 4,West,2,7,11
0,3,7,1,1027.289,0 4,South,2,7,11
0,3,7,2,1027.877,1 4,South,2,7,11
0,3,7,3,1028.437,1 4,West,2,7,11
0,3,7,1,1029.256,1 4,South,2,7,11
0,3,7,2,1029.826,2 4,South,2,7,11
0,3,7,2,1030.422,3 4,South,2,7,11
0,3,7,2,1031.048,4 4,South,2,7,11
0,3,7,3,1031.928,4 4,West,2,7,11
0,3,7,2,1032.504,4 3,West,2,7,11
0,3,7,2,1033.095,4 2,West,2,7,11
0,3,7,3,1033.655,4 2,North,2,7,11
0,3,7,2,1034.196,3 2,North,2,7,11
0,3,7,1,1034.851,3 2,West,2,7,11
0,3,7,2,1035.673,3 1,West,2,7,11
0,3,7,3,1036.361,3 1,North,2,7,11
0,3,7,2,1036.931,2 1,North,2,7,11
0,3,7,2,1037.446,1 1,North,2,7,11
0,3,7,1,1038.246,1 1,West,2,7,11
0,3,7,2,1038.843,1 0,West,2,7,11
0,3,7,6,1039.26,1 0,West,2,8,11
2,3,7,1,1044.121,4 4,West,2,0,0
2,3,7,2,1045.515,4 3,West,2,0,0
2,3,7,2,1046.084,4 2,West,2,0,0
2,3,7,6,1046.5,4 2,West,2,1,0
2,3,7,3,1047.079,4 2,North,2,1,0
2,3,7,3,1047.639,4 2,East,2,1,0
2,3,7,2,1048.458,4 3,East,2,1,0
2,3,7,2,1049.027,4 4,East,2,1,0
2,3,7,1,1049.56,4 4,North,2,1,0
2,3,7,2,1050.298,3 4,North,2,1,0
2,3,7,2,1050.948,2 4,North,2,1,0
2,3,7,6,1051.32,2 4,North,2,2,0
2,3,7,1,1051.701,2 4,West,2,2,0
2,3,7,3,1056.342,2 4,North,2,2,0
2,3,7,2,1057.011,1 4,North,2,2,0
2,3,7,2,1058.098,0 4,North,2,2,0
2,3,7,1,1058.677,0 4,West,2,2,0
2,3,7,2,1059.529,0 3,West,2,2,0
2,3,7,1,1060.39,0 3,South,2,2,0
2,3,7,2,1061.046,0 3,South,2,2,1
2,3,7,3,1061.515,0 3,West,2,2,1
2,3,7,2,1062.212,0 3,West,2,2,2
2,3,7,3,1062.917,0 3,North,2,2,2
2,3,7,3,1063.553,0 3,East,2,2,2
2,3,7,2,1064.149,0 4,East,2,2,2
2,3,7,3,1064.769,0 4,South,2,2,2
2,3,7,2,1065.401,1 4,South,2,2,2
2,3,7,3,1066.212,1 4,West,2,2,2
2,3,7,2,1066.906,1 3,West,2,2,2
2,3,7,2,1068.874,1 3,West,2,2,3
2,3,7,1,1069.37,1 3,South,2,2,3
2,3,7,2,1071.075,2 3,South,2,2,3
2,3,7,3,1071.831,2 3,West,2,2,3
2,3,7,2,1072.627,2 2,West,2,2,3
2,3,7,2,1074.182,2 2,West,2,2,4
2,3,7,3,1074.549,2 2,North,2,2,4
2,3,7,2,1075.302,1 2,North,2,2,4
2,3,7,1,1076.515,1 2,West,2,2,4
2,3,7,2,1077.203,1 2,West,2,2,5
2,3,7,3,1077.828,1 2,North,2,2,5
2,3,7,2,1078.546,0 2,North,2,2,5
2,3,7,1,1079.176,0 2,West,2,2,5
2,3,7,2,1079.799,0 1,West,2,2,5
2,3,7,1,1081.094,0 1,South,2,2,5
2,3,7,2,1081.924,0 1,South,2,2,6
2,3,7,3,1082.308,0 1,West,2,2,6
2,3,7,2,1082.946,0 0,West,2,2,6
2,3,7,1,1083.605,0 0,South,2,2,6
2,3,7,2,1084.293,0 0,South,2,2,7
2,3,7,1,1086.36,0 0,East,2,2,7
2,3,7,2,1087.106,0 1,East,2,2,7
2,3,7,3,1089.112,0 1,South,2,2,7
2,3,7,2,1089.858,0 1,South,2,2,8
2,3,7,1,1090.297,0 1,East,2,2,8
2,3,7,2,1090.986,0 2,East,2,2,8
2,3,7,3,1091.755,0 2,South,2,2,8
2,3,7,2,1092.45,1 2,South,2,2,8
2,3,7,1,1094.953,1 2,East,2,2,8
2,3,7,2,1095.602,1 2,East,2,2,9
2,3,7,3,1096.197,1 2,South,2,2,9
2,3,7,2,1096.874,2 2,South,2,2,9
2,3,7,3,1098.698,2 2,West,2,2,9
2,3,7,2,1099.394,2 2,West,2,2,10
2,3,7,1,1099.832,2 2,South,2,2,10
2,3,7,2,1100.631,2 2,South,2,2,11
2,3,7,1,1101.321,2 2,East,2,2,11
2,3,7,2,1104.036,2 3,East,2,2,11
2,3,7,3,1105.316,2 3,South,2,2,11
2,3,7,2,1106.274,2 3,South,2,2,12
2,3,7,1,1106.755,2 3,East,2,2,12
2,3,7,2,1107.476,2 3,East,2,2,13
2,3,7,1,1108.084,2 3,North,2,2,13
2,3,7,2,1108.79,1 3,North,2,2,13
2,3,7,3,1109.769,1 3,East,2,2,13
2,3,7,2,1110.403,1 4,East,2,2,13
2,3,7,3,1111.141,1 4,South,2,2,13
2,3,7,2,1111.737,2 4,South,2,2,13
2,3,7,2,1112.31,3 4,South,2,2,13
2,3,7,2,1113.4,4 4,South,2,2,13
2,3,7,3,1113.994,4 4,West,2,2,13
2,3,7,2,1114.755,4 3,West,2,2,13
2,3,7,2,1115.367,4 2,West,2,2,13
2,3,7,2,1117.365,4 2,West,2,2,14
2,3,7,3,1117.978,4 2,North,2,2,14
2,3,7,2,1118.578,3 2,North,2,2,14
2,3,7,2,1123.098,3 2,North,2,2,15
2,3,7,1,1123.588,3 2,West,2,2,15
2,3,7,2,1124.169,3 1,West,2,2,15
2,3,7,3,1124.85,3 1,North,2,2,15
2,3,7,2,1125.701,2 1,North,2,2,15
2,3,7,1,1126.418,2 1,West,2,2,15
2,3,7,2,1126.994,2 1,West,2,2,16
2,3,7,3,1127.382,2 1,North,2,2,16
2,3,7,2,1128.025,1 1,North,2,2,16
2,3,7,1,1128.619,1 1,West,2,2,16
2,3,7,2,1129.273,1 0,West,2,2,16
2,3,7,6,1129.68,1 0,West,2,3,16
2,3,7,3,1130.041,1 0,North,2,3,16
2,3,7,3,1131.034,1 0,East,2,3,16
2,3,7,2,1132.312,1 1,East,2,3,16
2,3,7,2,1133.398,1 1,East,2,3,17
2,3,7,3,1133.733,1 1,South,2,3,17
2,3,7,2,1134.344,2 1,South,2,3,17
2,3,7,2,1134.935,3 1,South,2,3,17
2,3,7,1,1135.769,3 1,East,2,3,17
2,3,7,2,1136.372,3 2,East,2,3,17
2,3,7,3,1137.752,3 2,South,2,3,17
2,3,7,2,1138.408,4 2,South,2,3,17
2,3,7,1,1138.98,4 2,East,2,3,17
2,3,7,2,1139.578,4 3,East,2,3,17
2,3,7,6,1139.98,4 3,East,2,4,17
2,3,7,1,1140.244,4 3,North,2,4,17
2,3,7,3,1141.082,4 3,East,2,4,17
2,3,7,2,1141.687,4 4,East,2,4,17
2,3,7,1,1142.246,4 4,North,2,4,17
2,3,7,2,1142.89,3 4,North,2,4,17
2,3,7,2,1143.59,2 4,North,2,4,17
2,3,7,2,1144.262,1 4,North,2,4,17
2,3,7,6,1144.64,1 4,North,2,5,17
2,3,7,1,1145,1 4,West,2,5,17
2,3,7,3,1147.095,1 4,North,2,5,17
2,3,7,2,1148.057,0 4,North,2,5,17
2,3,7,1,1148.922,0 4,West,2,5,17
2,3,7,2,1151.366,0 3,West,2,5,17
2,3,7,3,1152.838,0 3,North,2,5,17
2,3,7,3,1153.509,0 3,East,2,5,17
2,3,7,2,1154.194,0 4,East,2,5,17
2,3,7,3,1154.887,0 4,South,2,5,17
2,3,7,2,1155.617,1 4,South,2,5,17
2,3,7,3,1156.244,1 4,West,2,5,17
2,3,7,2,1156.951,1 3,West,2,5,17
2,3,7,3,1158.181,1 3,North,2,5,17
2,3,7,1,1159.637,1 3,West,2,5,17
2,3,7,2,1160.305,1 3,West,2,5,18
2,3,7,3,1160.7,1 3,North,2,5,18
2,3,7,2,1161.367,1 3,North,2,5,19
2,3,7,1,1161.8,1 3,West,2,5,19
2,3,7,1,1162.406,1 3,South,2,5,19
2,3,7,2,1163.238,2 3,South,2,5,19
2,3,7,3,1163.813,2 3,West,2,5,19
2,3,7,2,1164.501,2 2,West,2,5,19
2,3,7,3,1165.064,2 2,North,2,5,19
2,3,7,2,1165.605,1 2,North,2,5,19
2,3,7,2,1166.23,0 2,North,2,5,19
2,3,7,6,1166.62,0 2,North,2,6,19
2,3,7,1,1167.094,0 2,West,2,6,19
2,3,7,1,1167.911,0 2,South,2,6,19
2,3,7,1,1168.503,0 2,East,2,6,19
2,3,7,3,1169.49,0 2,South,2,6,19
2,3,7,2,1170.234,1 2,South,2,6,19
2,3,7,2,1170.756,2 2,South,2,6,19
2,3,7,1,1171.715,2 2,East,2,6,19
2,3,7,2,1172.23,2 3,East,2,6,19
2,3,7,1,1172.776,2 3,North,2,6,19
2,3,7,2,1173.622,1 3,North,2,6,19
2,3,7,3,1174.167,1 3,East,2,6,19
2,3,7,2,1174.794,1 4,East,2,6,19
2,3,7,3,1175.307,1 4,South,2,6,19
2,3,7,2,1176.134,2 4,South,2,6,19
2,3,7,2,1177.137,3 4,South,2,6,19
2,3,7,2,1178.248,4 4,South,2,6,19
2,3,7,3,1178.842,4 4,West,2,6,19
2,3,7,2,1179.514,4 3,West,2,6,19
2,3,7,3,1180.229,4 3,North,2,6,19
2,3,7,2,1181.083,4 3,North,2,6,20
2,3,7,1,1181.496,4 3,West,2,6,20
2,3,7,2,1182.329,4 2,West,2,6,20
2,3,7,3,1182.996,4 2,North,2,6,20
2,3,7,2,1183.7,3 2,North,2,6,20
2,3,7,3,1184.342,3 2,East,2,6,20
2,3,7,2,1184.953,3 3,East,2,6,20
2,3,7,6,1185.36,3 3,East,2,7,20
2,3,7,1,1186.26,3 3,North,2,7,20
2,3,7,1,1186.807,3 3,West,2,7,20
2,3,7,2,1187.652,3 2,West,2,7,20
2,3,7,2,1189.123,3 1,West,2,7,20
2,3,7,3,1189.783,3 1,North,2,7,20
2,3,7,2,1190.594,2 1,North,2,7,20
2,3,7,2,1193.002,1 1,North,2,7,20
2,3,7,2,1194.743,1 1,North,2,7,21
2,3,7,1,1195.138,1 1,West,2,7,21
2,3,7,3,1196.793,1 1,North,2,7,21
2,3,7,3,1197.398,1 1,East,2,7,21
2,3,7,2,1198.011,1 1,East,2,7,22
2,3,7,1,1198.442,1 1,North,2,7,22
2,3,7,1,1199.059,1 1,West,2,7,22
2,3,7,2,1199.684,1 0,West,2,7,22
2,3,7,3,1200.277,1 0,North,2,7,22
2,3,7,2,1200.914,1 0,North,2,7,23
2,3,7,3,1201.494,1 0,East,2,7,23
2,3,7,2,1203.641,1 1,East,2,7,23
2,3,7,3,1204.261,1 1,South,2,7,23
2,3,7,2,1205.431,2 1,South,2,7,23
2,3,7,2,1206.04,3 1,South,2,7,23
2,3,7,1,1206.585,3 1,East,2,7,23
2,3,7,2,1207.111,3 2,East,2,7,23
2,3,7,3,1207.972,3 2,South,2,7,23
2,3,7,2,1208.594,4 2,South,2,7,23
2,3,7,1,1209.428,4 2,East,2,7,23
2,3,7,2,1209.976,4 3,East,2,7,23
2,3,7,2,1210.597,4 4,East,2,7,23
2,3,7,1,1211.145,4 4,North,2,7,23
2,3,7,2,1211.771,3 4,North,2,7,23
2,3,7,2,1212.404,2 4,North,2,7,23
2,3,7,2,1213.125,1 4,North,2,7,23
2,3,7,1,1213.782,1 4,West,2,7,23
2,3,7,2,1215.595,1 3,West,2,7,23
2,3,7,2,1216.402,1 3,West,2,7,24
2,3,7,1,1216.969,1 3,South,2,7,24
2,3,7,2,1217.543,2 3,South,2,7,24
2,3,7,3,1218.068,2 3,West,2,7,24
2,3,7,2,1218.649,2 2,West,2,7,24
2,3,7,3,1219.478,2 2,North,2,7,24
2,3,7,2,1220.035,1 2,North,2,7,24
2,3,7,2,1220.993,0 2,North,2,7,24
2,3,7,1,1221.653,0 2,West,2,7,24
2,3,7,2,1222.298,0 1,West,2,7,24
2,3,7,6,1222.72,0 1,West,2,8,24
0,3,8,2,1229.508,3 4,North,2,0,24
0,3,8,6,1229.9,3 4,North,2,1,24
0,3,8,2,1230.084,2 4,North,2,1,24
0,3,8,2,1230.596,1 4,North,2,1,24
0,3,8,2,1231.251,0 4,North,2,1,24
0,3,8,1,1232.235,0 4,West,2,1,24
0,3,8,3,1232.981,0 4,North,2,1,24
0,3,8,1,1233.496,0 4,West,2,1,24
0,3,8,1,1234.083,0 4,South,2,1,24
0,3,8,2,1234.665,1 4,South,2,1,24
0,3,8,3,1235.38,1 4,West,2,1,24
0,3,8,2,1236.217,1 3,West,2,1,24
0,3,8,6,1236.62,1 3,West,2,2,24
0,3,8,1,1236.76,1 3,South,2,2,24
0,3,8,2,1237.619,2 3,South,2,2,24
0,3,8,3,1238.194,2 3,West,2,2,24
0,3,8,2,1238.986,2 2,West,2,2,24
0,3,8,3,1239.529,2 2,North,2,2,24
0,3,8,2,1240.07,1 2,North,2,2,24
0,3,8,2,1240.92,0 2,North,2,2,24
0,3,8,6,1241.3,0 2,North,2,3,24
0,3,8,1,1241.495,0 2,West,2,3,24
0,3,8,2,1242.29,0 1,West,2,3,24
0,3,8,2,1243.399,0 0,West,2,3,24
0,3,8,3,1244.521,0 0,North,2,3,24
0,3,8,3,1245.174,0 0,East,2,3,24
0,3,8,2,1245.942,0 1,East,2,3,24
0,3,8,2,1246.455,0 2,East,2,3,24
0,3,8,3,1247.352,0 2,South,2,3,24
0,3,8,2,1247.897,1 2,South,2,3,24
0,3,8,2,1248.474,2 2,South,2,3,24
0,3,8,1,1249.142,2 2,East,2,3,24
0,3,8,2,1249.763,2 3,East,2,3,24
0,3,8,1,1250.517,2 3,North,2,3,24
0,3,8,2,1251.141,1 3,North,2,3,24
0,3,8,3,1251.654,1 3,East,2,3,24
0,3,8,2,1252.259,1 4,East,2,3,24
0,3,8,1,1252.777,1 4,North,2,3,24
0,3,8,2,1253.411,0 4,North,2,3,24
0,3,8,1,1253.962,0 4,West,2,3,24
0,3,8,1,1254.644,0 4,South,2,3,24
0,3,8,2,1255.177,1 4,South,2,3,24
0,3,8,2,1255.797,2 4,South,2,3,24
0,3,8,2,1256.404,3 4,South,2,3,24
0,3,8,2,1257.227,4 4,South,2,3,24
0,3,8,3,1257.739,4 4,West,2,3,24
0,3,8,2,1258.29,4 3,West,2,3,24
0,3,8,6,1258.7,4 3,West,2,4,24
0,3,8,2,1258.919,4 2,West,2,4,24
0,3,8,3,1259.43,4 2,North,2,4,24
0,3,8,2,1259.99,3 2,North,2,4,24
0,3,8,3,1260.771,3 2,East,2,4,24
0,3,8,1,1261.589,3 2,North,2,4,24
0,3,8,1,1262.265,3 2,West,2,4,24
0,3,8,2,1262.855,3 1,West,2,4,24
0,3,8,3,1263.763,3 1,North,2,4,24
0,3,8,2,1264.437,2 1,North,2,4,24
0,3,8,2,1265.041,1 1,North,2,4,24
0,3,8,1,1265.767,1 1,West,2,4,24
0,3,8,2,1266.41,1 0,West,2,4,24
0,3,8,1,1267.202,1 0,South,2,4,24
0,3,8,1,1268.276,1 0,East,2,4,24
0,3,8,2,1268.838,1 1,East,2,4,24
0,3,8,3,1269.625,1 1,South,2,4,24
0,3,8,2,1270.243,2 1,South,2,4,24
0,3,8,2,1270.997,3 1,South,2,4,24
0,3,8,1,1271.543,3 1,East,2,4,24
0,3,8,2,1272.393,3 2,East,2,4,24
0,3,8,3,1273.11,3 2,South,2,4,24
0,3,8,2,1273.747,4 2,South,2,4,24
0,3,8,1,1274.31,4 2,East,2,4,24
0,3,8,2,1274.937,4 3,East,2,4,24
0,3,8,2,1275.544,4 4,East,2,4,24
0,3,8,1,1276.325,4 4,North,2,4,24
0,3,8,2,1276.902,3 4,North,2,4,24
0,3,8,2,1277.445,2 4,North,2,4,24
0,3,8,2,1277.957,1 4,North,2,4,24
0,3,8,1,1278.819,1 4,West,2,4,24
0,3,8,3,1279.691,1 4,North,2,4,24
0,3,8,1,1280.326,1 4,West,2,4,24
0,3,8,2,1280.916,1 3,West,2,4,24
0,3,8,1,1281.639,1 3,South,2,4,24
0,3,8,2,1282.277,2 3,South,2,4,24
0,3,8,3,1283.099,2 3,West,2,4,24
0,3,8,2,1283.671,2 2,West,2,4,24
0,3,8,3,1284.37,2 2,North,2,4,24
0,3,8,2,1285.252,1 2,North,2,4,24
0,3,8,6,1285.64,1 2,North,2,5,24
0,3,8,2,1285.943,0 2,North,2,5,24
0,3,8,1,1286.771,0 2,West,2,5,24
0,3,8,2,1287.381,0 1,West,2,5,24
0,3,8,2,1287.989,0 0,West,2,5,24
0,3,8,3,1288.531,0 0,North,2,5,24
0,3,8,3,1289.397,0 0,East,2,5,24
0,3,8,2,1290.039,0 1,East,2,5,24
0,3,8,2,1290.596,0 2,East,2,5,24
0,3,8,3,1291.303,0 2,South,2,5,24
0,3,8,2,1291.846,1 2,South,2,5,24
0,3,8,2,1292.402,2 2,South,2,5,24
0,3,8,1,1293.192,2 2,East,2,5,24
0,3,8,2,1293.732,2 3,East,2,5,24
0,3,8,1,1294.361,2 3,North,2,5,24
0,3,8,2,1294.968,1 3,North,2,5,24
0,3,8,3,1295.781,1 3,East,2,5,24
0,3,8,2,1296.492,1 4,East,2,5,24
0,3,8,3,1297.306,1 4,South,2,5,24
0,3,8,3,1297.881,1 4,West,2,5,24
0,3,8,3,1298.709,1 4,North,2,5,24
0,3,8,2,1299.305,0 4,North,2,5,24
0,3,8,1,1300.071,0 4,West,2,5,24
0,3,8,2,1300.66,0 3,West,2,5,24
0,3,8,6,1301.08,0 3,West,2,6,24
0,3,8,3,1301.814,0 3,North,2,6,24
0,3,8,3,1302.419,0 3,East,2,6,24
0,3,8,2,1302.98,0 4,East,2,6,24
0,3,8,3,1303.8,0 4,South,2,6,24
0,3,8,2,1304.53,1 4,South,2,6,24
0,3,8,3,1305.221,1 4,West,2,6,24
0,3,8,1,1305.826,1 4,South,2,6,24
0,3,8,2,1306.441,2 4,South,2,6,24
0,3,8,2,1306.969,3 4,South,2,6,24
0,3,8,2,1307.752,4 4,South,2,6,24
0,3,8,3,1308.453,4 4,West,2,6,24
0,3,8,2,1309.013,4 3,West,2,6,24
0,3,8,2,1309.69,4 2,West,2,6,24
0,3,8,3,1310.467,4 2,North,2,6,24
0,3,8,2,1311.219,3 2,North,2,6,24
0,3,8,1,1311.894,3 2,West,2,6,24
0,3,8,2,1312.531,3 1,West,2,6,24
0,3,8,3,1313.24,3 1,North,2,6,24
0,3,8,2,1313.973,2 1,North,2,6,24
0,3,8,6,1314.36,2 1,North,2,7,24
0,3,8,2,1314.546,1 1,North,2,7,24
0,3,8,1,1315.224,1 1,West,2,7,24
0,3,8,2,1315.746,1 0,West,2,7,24
0,3,8,1,1316.357,1 0,South,2,7,24
0,3,8,1,1316.972,1 0,East,2,7,24
0,3,8,2,1317.752,1 1,East,2,7,24
0,3,8,3,1318.28,1 1,South,2,7,24
0,3,8,2,1318.969,2 1,South,2,7,24
0,3,8,2,1319.576,3 1,South,2,7,24
0,3,8,1,1320.131,3 1,East,2,7,24
0,3,8,2,1320.776,3 2,East,2,7,24
0,3,8,3,1321.635,3 2,South,2,7,24
0,3,8,2,1322.179,4 2,South,2,7,24
0,3,8,1,1322.856,4 2,East,2,7,24
0,3,8,2,1323.511,4 3,East,2,7,24
0,3,8,2,1324.217,4 4,East,2,7,24
0,3,8,1,1324.787,4 4,North,2,7,24
0,3,8,2,1325.362,3 4,North,2,7,24
0,3,8,2,1325.89,2 4,North,2,7,24
0,3,8,2,1326.426,1 4,North,2,7,24
0,3,8,1,1327.225,1 4,West,2,7,24
0,3,8,2,1328.104,1 3,West,2,7,24
0,3,8,1,1328.693,1 3,South,2,7,24
0,3,8,2,1329.237,2 3,South,2,7,24
0,3,8,3,1329.941,2 3,West,2,7,24
0,3,8,2,1330.839,2 2,West,2,7,24
0,3,8,3,1331.605,2 2,North,2,7,24
0,3,8,2,1332.12,1 2,North,2,7,24
0,3,8,2,1332.883,0 2,North,2,7,24
0,3,8,1,1333.554,0 2,West,2,7,24
0,3,8,2,1334.149,0 1,West,2,7,24
0,3,8,2,1334.787,0 0,West,2,7,24
0,3,8,6,1335.2,0 0,West,2,8,24
2,3,8,1,1338.435,4 4,West,2,0,0
2,3,8,3,1339.298,4 4,North,2,0,0
2,3,8,2,1343.163,3 4,North,2,0,0
2,3,8,2,1344.133,2 4,North,2,0,0
2,3,8,2,1345.192,1 4,North,2,0,0
2,3,8,1,1345.975,1 4,West,2,0,0
2,3,8,2,1346.635,1 3,West,2,0,0
2,3,8,1,1347.206,1 3,South,2,0,0
2,3,8,2,1347.785,2 3,South,2,0,0
2,3,8,3,1348.596,2 3,West,2,0,0
2,3,8,2,1349.234,2 2,West,2,0,0
2,3,8,2,1349.818,2 2,West,2,0,1
2,3,8,3,1350.259,2 2,North,2,0,1
2,3,8,2,1350.889,1 2,North,2,0,1
2,3,8,2,1351.636,0 2,North,2,0,1
2,3,8,1,1352.215,0 2,West,2,0,1
2,3,8,2,1352.793,0 1,West,2,0,1
2,3,8,2,1353.316,0 0,West,2,0,1
2,3,8,6,1353.72,0 0,West,2,1,1
2,3,8,1,1353.942,0 0,South,2,1,1
2,3,8,1,1354.516,0 0,East,2,1,1
2,3,8,2,1355.081,0 1,East,2,1,1
2,3,8,2,1355.704,0 2,East,2,1,1
2,3,8,3,1356.314,0 2,South,2,1,1
2,3,8,2,1356.979,1 2,South,2,1,1
2,3,8,3,1358.357,1 2,West,2,1,1
2,3,8,2,1358.968,1 2,West,2,1,2
2,3,8,1,1359.362,1 2,South,2,1,2
2,3,8,2,1359.973,2 2,South,2,1,2
2,3,8,3,1361.282,2 2,West,2,1,2
2,3,8,2,1362.133,2 2,West,2,1,3
2,3,8,1,1362.488,2 2,South,2,1,3
2,3,8,1,1363.3,2 2,East,2,1,3
2,3,8,2,1364.035,2 3,East,2,1,3
2,3,8,1,1365.08,2 3,North,2,1,3
2,3,8,2,1365.654,1 3,North,2,1,3
2,3,8,3,1366.22,1 3,East,2,1,3
2,3,8,2,1367.015,1 4,East,2,1,3
2,3,8,3,1367.798,1 4,South,2,1,3
2,3,8,2,1368.403,2 4,South,2,1,3
2,3,8,2,1368.971,3 4,South,2,1,3
2,3,8,2,1369.687,4 4,South,2,1,3
2,3,8,3,1370.532,4 4,West,2,1,3
2,3,8,2,1371.275,4 3,West,2,1,3
2,3,8,2,1371.906,4 2,West,2,1,3
2,3,8,3,1372.569,4 2,North,2,1,3
2,3,8,2,1373.242,3 2,North,2,1,3
2,3,8,1,1373.83,3 2,West,2,1,3
2,3,8,2,1374.459,3 1,West,2,1,3
2,3,8,3,1374.987,3 1,North,2,1,3
2,3,8,2,1375.626,2 1,North,2,1,3
2,3,8,6,1376,2 1,North,2,2,3
2,3,8,3,1376.713,2 1,East,2,2,3
2,3,8,1,1377.446,2 1,North,2,2,3
2,3,8,2,1380.884,1 1,North,2,2,3
2,3,8,3,1384.299,1 1,East,2,2,3
2,3,8,2,1384.998,1 1,East,2,2,4
2,3,8,1,1385.333,1 1,North,2,2,4
2,3,8,2,1386.132,1 1,North,2,2,5
2,3,8,1,1386.681,1 1,West,2,2,5
2,3,8,2,1388.025,1 0,West,2,2,5
2,3,8,1,1389.641,1 0,South,2,2,5
2,3,8,1,1390.152,1 0,East,2,2,5
2,3,8,2,1390.791,1 1,East,2,2,5
2,3,8,3,1391.705,1 1,South,2,2,5
2,3,8,2,1392.466,2 1,South,2,2,5
2,3,8,2,1393.538,3 1,South,2,2,5
2,3,8,1,1394.198,3 1,East,2,2,5
2,3,8,2,1394.809,3 2,East,2,2,5
2,3,8,3,1395.506,3 2,South,2,2,5
2,3,8,2,1396.265,4 2,South,2,2,5
2,3,8,1,1396.825,4 2,East,2,2,5
2,3,8,2,1397.353,4 3,East,2,2,5
2,3,8,2,1397.943,4 4,East,2,2,5
2,3,8,1,1398.547,4 4,North,2,2,5
2,3,8,2,1399.316,3 4,North,2,2,5
2,3,8,2,1399.875,2 4,North,2,2,5
2,3,8,2,1400.938,1 4,North,2,2,5
2,3,8,2,1401.961,0 4,North,2,2,5
2,3,8,1,1402.551,0 4,West,2,2,5
2,3,8,2,1403.254,0 3,West,2,2,5
2,3,8,2,1404.003,0 3,West,2,2,6
2,3,8,3,1404.803,0 3,North,2,2,6
2,3,8,3,1405.523,0 3,East,2,2,6
2,3,8,2,1406.085,0 4,East,2,2,6
2,3,8,3,1406.802,0 4,South,2,2,6
2,3,8,2,1407.514,1 4,South,2,2,6
2,3,8,3,1408.034,1 4,West,2,2,6
2,3,8,2,1408.807,1 3,West,2,2,6
2,3,8,1,1409.448,1 3,South,2,2,6
2,3,8,2,1410.17,2 3,South,2,2,6
2,3,8,3,1410.758,2 3,West,2,2,6
2,3,8,2,1411.367,2 2,West,2,2,6
2,3,8,3,1411.897,2 2,North,2,2,6
2,3,8,2,1412.423,1 2,North,2,2,6
2,3,8,2,1412.939,0 2,North,2,2,6
2,3,8,6,1413.32,0 2,North,2,3,6
2,3,8,1,1413.529,0 2,West,2,3,6
2,3,8,1,1414.104,0 2,South,2,3,6
2,3,8,1,1414.644,0 2,East,2,3,6
2,3,8,3,1415.557,0 2,South,2,3,6
2,3,8,2,1416.21,1 2,South,2,3,6
2,3,8,1,1417.399,1 2,East,2,3,6
2,3,8,3,1419.315,1 2,South,2,3,6
2,3,8,1,1420.043,1 2,East,2,3,6
2,3,8,2,1420.745,1 2,East,2,3,7
2,3,8,3,1421.145,1 2,South,2,3,7
2,3,8,1,1421.829,1 2,East,2,3,7
2,3,8,1,1422.427,1 2,North,2,3,7
2,3,8,2,1423.03,0 2,North,2,3,7
2,3,8,3,1423.831,0 2,East,2,3,7
2,3,8,2,1424.49,0 2,East,2,3,8
2,3,8,3,1424.867,0 2,South,2,3,8
2,3,8,3,1425.449,0 2,West,2,3,8
2,3,8,1,1426.086,0 2,South,2,3,8
2,3,8,2,1426.713,1 2,South,2,3,8
2,3,8,2,1427.337,2 2,South,2,3,8
2,3,8,1,1427.97,2 2,East,2,3,8
2,3,8,2,1428.627,2 3,East,2,3,8
2,3,8,1,1429.193,2 3,North,2,3,8
2,3,8,2,1429.748,1 3,North,2,3,8
2,3,8,6,1430.14,1 3,North,2,4,8
2,3,8,3,1430.361,1 3,East,2,4,8
2,3,8,3,1430.918,1 3,South,2,4,8
2,3,8,1,1431.973,1 3,East,2,4,8
2,3,8,2,1432.619,1 4,East,2,4,8
2,3,8,3,1433.362,1 4,South,2,4,8
2,3,8,3,1434.003,1 4,West,2,4,8
2,3,8,1,1434.58,1 4,South,2,4,8
2,3,8,2,1435.267,2 4,South,2,4,8
2,3,8,2,1435.913,3 4,South,2,4,8
2,3,8,2,1436.529,4 4,South,2,4,8
2,3,8,3,1437.458,4 4,West,2,4,8
2,3,8,2,1438.167,4 3,West,2,4,8
2,3,8,2,1438.697,4 2,West,2,4,8
2,3,8,3,1439.283,4 2,North,2,4,8
2,3,8,2,1439.826,3 2,North,2,4,8
2,3,8,1,1440.394,3 2,West,2,4,8
2,3,8,2,1440.936,3 1,West,2,4,8
2,3,8,6,1441.34,3 1,West,2,5,8
2,3,8,3,1441.733,3 1,North,2,5,8
2,3,8,3,1442.392,3 1,East,2,5,8
2,3,8,2,1443.027,3 2,East,2,5,8
2,3,8,3,1443.587,3 2,South,2,5,8
2,3,8,2,1444.104,4 2,South,2,5,8
2,3,8,1,1444.803,4 2,East,2,5,8
2,3,8,2,1445.467,4 3,East,2,5,8
2,3,8,2,1446.007,4 4,East,2,5,8
2,3,8,1,1446.708,4 4,North,2,5,8
2,3,8,2,1447.285,3 4,North,2,5,8
2,3,8,2,1447.864,2 4,North,2,5,8
2,3,8,2,1448.377,1 4,North,2,5,8
2,3,8,2,1449.188,0 4,North,2,5,8
2,3,8,1,1450.004,0 4,West,2,5,8
2,3,8,2,1450.583,0 3,West,2,5,8
2,3,8,6,1451,0 3,West,2,6,8
2,3,8,3,1451.386,0 3,North,2,6,8
2,3,8,3,1452.085,0 3,East,2,6,8
2,3,8,2,1452.613,0 4,East,2,6,8
2,3,8,3,1453.401,0 4,South,2,6,8
2,3,8,2,1454.612,1 4,South,2,6,8
2,3,8,2,1455.242,2 4,South,2,6,8
2,3,8,2,1455.862,3 4,South,2,6,8
2,3,8,2,1456.567,4 4,South,2,6,8
2,3,8,3,1457.082,4 4,West,2,6,8
2,3,8,2,1457.843,4 3,West,2,6,8
2,3,8,2,1458.436,4 2,West,2,6,8
2,3,8,3,1458.983,4 2,North,2,6,8
2,3,8,2,1459.498,3 2,North,2,6,8
2,3,8,1,1460.036,3 2,West,2,6,8
2,3,8,2,1460.599,3 1,West,2,6,8
2,3,8,1,1461.271,3 1,South,2,6,8
2,3,8,2,1461.848,3 1,South,2,6,9
2,3,8,3,1464.947,3 1,West,2,6,9
2,3,8,3,1467.81,3 1,North,2,6,9
2,3,8,2,1468.594,2 1,North,2,6,9
2,3,8,1,1469.223,2 1,West,2,6,9
2,3,8,2,1469.867,2 1,West,2,6,10
2,3,8,1,1470.467,2 1,South,2,6,10
2,3,8,2,1471.099,3 1,South,2,6,10
2,3,8,3,1471.691,3 1,West,2,6,10
2,3,8,2,1472.435,3 1,West,2,6,11
2,3,8,1,1472.869,3 1,South,2,6,11
2,3,8,1,1473.64,3 1,East,2,6,11
2,3,8,2,1474.243,3 2,East,2,6,11
2,3,8,3,1474.805,3 2,South,2,6,11
2,3,8,2,1475.402,4 2,South,2,6,11
2,3,8,3,1475.993,4 2,West,2,6,11
2,3,8,2,1476.616,4 2,West,2,6,12
2,3,8,3,1477.689,4 2,North,2,6,12
2,3,8,2,1479.701,3 2,North,2,6,12
2,3,8,2,1480.309,3 2,North,2,6,13
2,3,8,1,1480.89,3 2,West,2,6,13
2,3,8,2,1481.48,3 1,West,2,6,13
2,3,8,3,1482.074,3 1,North,2,6,13
2,3,8,2,1482.745,2 1,North,2,6,13
2,3,8,1,1483.45,2 1,West,2,6,13
2,3,8,2,1484.073,2 1,West,2,6,14
2,3,8,3,1484.471,2 1,North,2,6,14
2,3,8,2,1485.018,1 1,North,2,6,14
2,3,8,1,1485.641,1 1,West,2,6,14
2,3,8,2,1486.181,1 0,West,2,6,14
2,3,8,1,1486.714,1 0,South,2,6,14
2,3,8,2,1487.452,2 0,South,2,6,14
2,3,8,2,1488.052,3 0,South,2,6,14
2,3,8,2,1488.804,4 0,South,2,6,14
2,3,8,1,1489.378,4 0,East,2,6,14
2,3,8,2,1490.082,4 1,East,2,6,14
2,3,8,6,1490.5,4 1,East,2,7,14
2,3,8,3,1490.773,4 1,South,2,7,14
2,3,8,2,1491.53,4 1,South,2,7,14
2,3,8,3,1491.956,4 1,West,2,7,14
2,3,8,2,1492.565,4 0,West,2,7,14
2,3,8,3,1493.575,4 0,North,2,7,14
2,3,8,2,1494.229,3 0,North,2,7,14
2,3,8,2,1494.757,2 0,North,2,7,14
2,3,8,2,1495.364,1 0,North,2,7,14
2,3,8,3,1496.088,1 0,East,2,7,14
2,3,8,2,1496.786,1 1,East,2,7,14
2,3,8,3,1498.28,1 1,South,2,7,14
2,3,8,2,1498.85,2 1,South,2,7,14
2,3,8,1,1499.526,2 1,East,2,7,14
2,3,8,2,1500.245,2 1,East,2,7,15
2,3,8,1,1501.187,2 1,North,2,7,15
2,3,8,2,1501.766,1 1,North,2,7,15
2,3,8,3,1502.37,1 1,East,2,7,15
2,3,8,2,1503.733,1 1,East,2,7,16
2,3,8,3,1504.185,1 1,South,2,7,16
2,3,8,2,1505.147,2 1,South,2,7,16
2,3,8,2,1505.749,3 1,South,2,7,16
2,3,8,1,1506.389,3 1,East,2,7,16
2,3,8,2,1506.984,3 2,East,2,7,16
2,3,8,3,1507.526,3 2,South,2,7,16
2,3,8,2,1508.055,4 2,South,2,7,16
2,3,8,1,1508.84,4 2,East,2,7,16
2,3,8,2,1509.61,4 3,East,2,7,16
2,3,8,2,1510.211,4 4,East,2,7,16
2,3,8,1,1511.079,4 4,North,2,7,16
2,3,8,2,1511.859,3 4,North,2,7,16
2,3,8,2,1512.645,2 4,North,2,7,16
2,3,8,2,1513.206,1 4,North,2,7,16
2,3,8,2,1514.155,0 4,North,2,7,16
2,3,8,3,1515.816,0 4,East,2,7,16
2,3,8,3,1516.37,0 4,South,2,7,16
2,3,8,2,1516.899,1 4,South,2,7,16
2,3,8,3,1517.493,1 4,West,2,7,16
2,3,8,2,1518.076,1 3,West,2,7,16
2,3,8,1,1518.858,1 3,South,2,7,16
2,3,8,2,1519.417,2 3,South,2,7,16
2,3,8,3,1519.961,2 3,West,2,7,16
2,3,8,2,1520.503,2 2,West,2,7,16
2,3,8,6,1520.92,2 2,West,2,8,16
0,3,9,1,1525.223,4 4,West,2,0,16
0,3,9,3,1526.034,4 4,North,2,0,16
0,3,9,2,1527.028,3 4,North,2,0,16
0,3,9,2,1527.592,2 4,North,2,0,16
0,3,9,2,1528.326,1 4,North,2,0,16
0,3,9,2,1529.015,0 4,North,2,0,16
0,3,9,1,1529.602,0 4,West,2,0,16
0,3,9,1,1530.58,0 4,South,2,0,16
0,3,9,2,1531.252,1 4,South,2,0,16
0,3,9,3,1531.943,1 4,West,2,0,16
0,3,9,2,1532.596,1 3,West,2,0,16
0,3,9,1,1533.226,1 3,South,2,0,16
0,3,9,2,1533.834,2 3,South,2,0,16
0,3,9,3,1534.565,2 3,West,2,0,16
0,3,9,2,1535.365,2 2,West,2,0,16
0,3,9,3,1535.907,2 2,North,2,0,16
0,3,9,2,1536.516,1 2,North,2,0,16
0,3,9,2,1537.418,0 2,North,2,0,16
0,3,9,1,1537.976,0 2,West,2,0,16
0,3,9,2,1538.551,0 1,West,2,0,16
0,3,9,3,1539.254,0 1,North,2,0,16
0,3,9,3,1539.767,0 1,East,2,0,16
0,3,9,2,1540.338,0 2,East,2,0,16
0,3,9,3,1540.996,0 2,South,2,0,16
0,3,9,2,1541.561,1 2,South,2,0,16
0,3,9,2,1542.136,2 2,South,2,0,16
0,3,9,1,1542.681,2 2,East,2,0,16
0,3,9,2,1543.205,2 3,East,2,0,16
0,3,9,1,1543.75,2 3,North,2,0,16
0,3,9,2,1544.535,1 3,North,2,0,16
0,3,9,3,1545.35,1 3,East,2,0,16
0,3,9,2,1545.923,1 4,East,2,0,16
0,3,9,3,1546.551,1 4,South,2,0,16
0,3,9,2,1547.173,2 4,South,2,0,16
0,3,9,2,1547.818,3 4,South,2,0,16
0,3,9,2,1548.363,4 4,South,2,0,16
0,3,9,3,1548.937,4 4,West,2,0,16
0,3,9,2,1549.475,4 3,West,2,0,16
0,3,9,2,1550.307,4 2,West,2,0,16
0,3,9,3,1551.109,4 2,North,2,0,16
0,3,9,2,1551.686,3 2,North,2,0,16
0,3,9,3,1552.434,3 2,East,2,0,16
0,3,9,1,1553.143,3 2,North,2,0,16
0,3,9,1,1553.73,3 2,West,2,0,16
0,3,9,2,1554.329,3 1,West,2,0,16
0,3,9,3,1555.226,3 1,North,2,0,16
0,3,9,2,1556.006,2 1,North,2,0,16
0,3,9,2,1556.649,1 1,North,2,0,16
0,3,9,1,1557.272,1 1,West,2,0,16
0,3,9,2,1557.961,1 0,West,2,0,16
0,3,9,1,1558.5,1 0,South,2,0,16
0,3,9,2,1559.078,2 0,South,2,0,16
0,3,9,2,1559.706,3 0,South,2,0,16
0,3,9,6,1560.08,3 0,South,2,1,16
0,3,9,2,1560.483,4 0,South,2,1,16
0,3,9,1,1561.001,4 0,East,2,1,16
0,3,9,1,1561.762,4 0,North,2,1,16
0,3,9,2,1562.325,3 0,North,2,1,16
0,3,9,2,1562.904,2 0,North,2,1,16
0,3,9,2,1563.434,1 0,North,2,1,16
0,3,9,3,1563.996,1 0,East,2,1,16
0,3,9,2,1564.567,1 1,East,2,1,16
0,3,9,3,1565.315,1 1,South,2,1,16
0,3,9,2,1565.913,2 1,South,2,1,16
0,3,9,2,1566.791,3 1,South,2,1,16
0,3,9,1,1567.445,3 1,East,2,1,16
0,3,9,2,1568.138,3 2,East,2,1,16
0,3,9,3,1568.675,3 2,South,2,1,16
0,3,9,2,1569.225,4 2,South,2,1,16
0,3,9,1,1569.738,4 2,East,2,1,16
0,3,9,2,1570.648,4 3,East,2,1,16
0,3,9,2,1571.177,4 4,East,2,1,16
0,3,9,1,1571.943,4 4,North,2,1,16
0,3,9,2,1572.466,3 4,North,2,1,16
0,3,9,2,1573.11,2 4,North,2,1,16
0,3,9,2,1573.778,1 4,North,2,1,16
0,3,9,1,1574.387,1 4,West,2,1,16
0,3,9,2,1575.127,1 3,West,2,1,16
0,3,9,1,1575.852,1 3,South,2,1,16
0,3,9,2,1576.458,2 3,South,2,1,16
0,3,9,6,1576.84,2 3,South,2,2,16
0,3,9,3,1577.339,2 3,West,2,2,16
0,3,9,3,1578.213,2 3,North,2,2,16
0,3,9,1,1578.858,2 3,West,2,2,16
0,3,9,2,1579.995,2 2,West,2,2,16
0,3,9,3,1580.76,2 2,North,2,2,16
0,3,9,2,1581.34,1 2,North,2,2,16
0,3,9,2,1581.943,0 2,North,2,2,16
0,3,9,1,1582.579,0 2,West,2,2,16
0,3,9,2,1583.155,0 1,West,2,2,16
0,3,9,3,1583.705,0 1,North,2,2,16
0,3,9,3,1584.466,0 1,East,2,2,16
0,3,9,2,1585.065,0 2,East,2,2,16
0,3,9,3,1585.572,0 2,South,2,2,16
0,3,9,2,1586.249,1 2,South,2,2,16
0,3,9,2,1586.884,2 2,South,2,2,16
0,3,9,1,1587.524,2 2,East,2,2,16
0,3,9,2,1588.183,2 3,East,2,2,16
0,3,9,1,1588.708,2 3,North,2,2,16
0,3,9,2,1589.24,1 3,North,2,2,16
0,3,9,3,1589.849,1 3,East,2,2,16
0,3,9,2,1590.373,1 4,East,2,2,16
0,3,9,1,1591.16,1 4,North,2,2,16
0,3,9,2,1591.689,0 4,North,2,2,16
0,3,9,1,1592.258,0 4,West,2,2,16
0,3,9,1,1592.772,0 4,South,2,2,16
0,3,9,2,1593.474,1 4,South,2,2,16
0,3,9,2,1594.116,2 4,South,2,2,16
0,3,9,2,1594.776,3 4,South,2,2,16
0,3,9,2,1595.443,4 4,South,2,2,16
0,3,9,3,1596.294,4 4,West,2,2,16
0,3,9,2,1596.918,4 3,West,2,2,16
0,3,9,2,1597.479,4 2,West,2,2,16
0,3,9,3,1598.116,4 2,North,2,2,16
0,3,9,2,1598.745,3 2,North,2,2,16
0,3,9,3,1599.411,3 2,East,2,2,16
0,3,9,1,1600.25,3 2,North,2,2,16
0,3,9,1,1600.859,3 2,West,2,2,16
0,3,9,2,1601.595,3 1,West,2,2,16
0,3,9,3,1602.262,3 1,North,2,2,16
0,3,9,2,1602.919,2 1,North,2,2,16
0,3,9,2,1603.714,1 1,North,2,2,16
0,3,9,1,1604.484,1 1,West,2,2,16
0,3,9,2,1605.062,1 0,West,2,2,16
0,3,9,1,1605.746,1 0,South,2,2,16
0,3,9,2,1606.323,2 0,South,2,2,16
0,3,9,2,1606.964,3 0,South,2,2,16
0,3,9,2,1607.572,4 0,South,2,2,16
0,3,9,6,1607.96,4 0,South,2,3,16
0,3,9,3,1608.088,4 0,West,2,3,16
0,3,9,3,1608.937,4 0,North,2,3,16
0,3,9,2,1609.56,3 0,North,2,3,16
0,3,9,2,1610.115,2 0,North,2,3,16
0,3,9,2,1610.807,1 0,North,2,3,16
0,3,9,3,1611.396,1 0,East,2,3,16
0,3,9,2,1611.977,1 1,East,2,3,16
0,3,9,3,1612.743,1 1,South,2,3,16
0,3,9,2,1613.655,2 1,South,2,3,16
0,3,9,2,1614.312,3 1,South,2,3,16
0,3,9,6,1614.68,3 1,South,2,4,16
0,3,9,1,1615.058,3 1,East,2,4,16
0,3,9,2,1615.687,3 2,East,2,4,16
0,3,9,3,1616.49,3 2,South,2,4,16
0,3,9,2,1617.156,4 2,South,2,4,16
0,3,9,1,1617.879,4 2,East,2,4,16
0,3,9,1,1618.58,4 2,North,2,4,16
0,3,9,1,1620.73,4 2,West,2,4,16
0,3,9,3,1621.54,4 2,North,2,4,16
0,3,9,3,1622.195,4 2,East,2,4,16
0,3,9,2,1622.802,4 3,East,2,4,16
0,3,9,2,1623.595,4 4,East,2,4,16
0,3,9,1,1624.228,4 4,North,2,4,16
0,3,9,2,1624.843,3 4,North,2,4,16
0,3,9,2,1625.523,2 4,North,2,4,16
0,3,9,2,1626.181,1 4,North,2,4,16
0,3,9,1,1626.938,1 4,West,2,4,16
0,3,9,1,1627.766,1 4,South,2,4,16
0,3,9,3,1628.325,1 4,West,2,4,16
0,3,9,2,1628.915,1 3,West,2,4,16
0,3,9,1,1629.545,1 3,South,2,4,16
0,3,9,2,1630.137,2 3,South,2,4,16
0,3,9,3,1630.71,2 3,West,2,4,16
0,3,9,2,1631.303,2 2,West,2,4,16
0,3,9,6,1631.72,2 2,West,2,5,16
0,3,9,3,1631.83,2 2,North,2,5,16
0,3,9,2,1632.604,1 2,North,2,5,16
0,3,9,2,1633.253,0 2,North,2,5,16
0,3,9,1,1633.862,0 2,West,2,5,16
0,3,9,1,1634.727,0 2,South,2,5,16
0,3,9,2,1635.268,1 2,South,2,5,16
0,3,9,2,1635.835,2 2,South,2,5,16
0,3,9,1,1636.423,2 2,East,2,5,16
0,3,9,2,1636.964,2 3,East,2,5,16
0,3,9,1,1637.624,2 3,North,2,5,16
0,3,9,2,1638.375,1 3,North,2,5,16
0,3,9,3,1638.98,1 3,East,2,5,16
0,3,9,2,1639.538,1 4,East,2,5,16
0,3,9,1,1640.227,1 4,North,2,5,16
0,3,9,1,1641.049,1 4,West,2,5,16
0,3,9,1,1641.579,1 4,South,2,5,16
0,3,9,2,1642.099,2 4,South,2,5,16
0,3,9,2,1642.713,3 4,South,2,5,16
0,3,9,2,1643.384,4 4,South,2,5,16
0,3,9,3,1644.246,4 4,West,2,5,16
0,3,9,2,1644.867,4 3,West,2,5,16
0,3,9,2,1645.434,4 2,West,2,5,16
0,3,9,3,1646.214,4 2,North,2,5,16
0,3,9,2,1646.747,3 2,North,2,5,16
0,3,9,1,1647.34,3 2,West,2,5,16
0,3,9,3,1648.036,3 2,North,2,5,16
0,3,9,3,1649.191,3 2,East,2,5,16
0,3,9,1,1649.828,3 2,North,2,5,16
0,3,9,1,1650.356,3 2,West,2,5,16
0,3,9,2,1650.871,3 1,West,2,5,16
0,3,9,3,1651.401,3 1,North,2,5,16
0,3,9,2,1651.978,2 1,North,2,5,16
0,3,9,2,1652.595,1 1,North,2,5,16
0,3,9,1,1653.11,1 1,West,2,5,16
0,3,9,2,1653.913,1 0,West,2,5,16
0,3,9,1,1654.456,1 0,South,2,5,16
0,3,9,2,1655.093,2 0,South,2,5,16
0,3,9,2,1655.642,3 0,South,2,5,16
0,3,9,2,1656.217,4 0,South,2,5,16
0,3,9,1,1656.907,4 0,East,2,5,16
0,3,9,2,1657.604,4 1,East,2,5,16
0,3,9,6,1658,4 1,East,2,6,16
0,3,9,1,1658.394,4 1,North,2,6,16
0,3,9,1,1659.011,4 1,West,2,6,16
0,3,9,2,1659.588,4 0,West,2,6,16
0,3,9,3,1660.406,4 0,North,2,6,16
0,3,9,2,1661.028,3 0,North,2,6,16
0,3,9,2,1661.66,2 0,North,2,6,16
0,3,9,2,1662.547,1 0,North,2,6,16
0,3,9,3,1663.06,1 0,East,2,6,16
0,3,9,2,1663.619,1 1,East,2,6,16
0,3,9,3,1664.153,1 1,South,2,6,16
0,3,9,2,1664.678,2 1,South,2,6,16
0,3,9,2,1665.304,3 1,South,2,6,16
0,3,9,1,1665.862,3 1,East,2,6,16
0,3,9,2,1666.472,3 2,East,2,6,16
0,3,9,6,1666.88,3 2,East,2,7,16
0,3,9,3,1667.35,3 2,South,2,7,16
0,3,9,1,1668.052,3 2,East,2,7,16
0,3,9,2,1668.613,3 3,East,2,7,16
0,3,9,6,1669.02,3 3,East,2,8,16
2,3,9,1,1672.011,4 4,West,2,0,0
2,3,9,2,1672.949,4 3,West,2,0,0
2,3,9,2,1673.658,4 2,West,2,0,0
2,3,9,3,1674.293,4 2,North,2,0,0
2,3,9,2,1674.855,3 2,North,2,0,0
2,3,9,1,1675.404,3 2,West,2,0,0
2,3,9,2,1675.927,3 1,West,2,0,0
2,3,9,6,1676.34,3 1,West,2,1,0
2,3,9,3,1677.082,3 1,North,2,1,0
2,3,9,2,1677.826,2 1,North,2,1,0
2,3,9,2,1678.951,1 1,North,2,1,0
2,3,9,1,1679.576,1 1,West,2,1,0
2,3,9,2,1680.162,1 0,West,2,1,0
2,3,9,1,1680.899,1 0,South,2,1,0
2,3,9,2,1681.476,2 0,South,2,1,0
2,3,9,2,1682.053,3 0,South,2,1,0
2,3,9,2,1682.615,4 0,South,2,1,0
2,3,9,6,1682.98,4 0,South,2,2,0
2,3,9,3,1683.174,4 0,West,2,2,0
2,3,9,3,1683.691,4 0,North,2,2,0
2,3,9,3,1684.548,4 0,East,2,2,0
2,3,9,1,1685.276,4 0,North,2,2,0
2,3,9,2,1685.88,3 0,North,2,2,0
2,3,9,2,1686.756,2 0,North,2,2,0
2,3,9,2,1687.556,1 0,North,2,2,0
2,3,9,3,1688.279,1 0,East,2,2,0
2,3,9,2,1688.9,1 1,East,2,2,0
2,3,9,3,1689.434,1 1,South,2,2,0
2,3,9,2,1689.955,2 1,South,2,2,0
2,3,9,2,1690.69,3 1,South,2,2,0
2,3,9,1,1691.285,3 1,East,2,2,0
2,3,9,2,1691.832,3 2,East,2,2,0
2,3,9,2,1692.691,3 3,East,2,2,0
2,3,9,6,1693.1,3 3,East,2,3,0
2,3,9,3,1693.557,3 3,South,2,3,0
2,3,9,3,1694.086,3 3,West,2,3,0
2,3,9,2,1694.708,3 2,West,2,3,0
2,3,9,3,1695.464,3 2,North,2,3,0
2,3,9,1,1696.309,3 2,West,2,3,0
2,3,9,2,1698.483,3 1,West,2,3,0
2,3,9,3,1699.145,3 1,North,2,3,0
2,3,9,2,1699.746,2 1,North,2,3,0
2,3,9,2,1700.327,1 1,North,2,3,0
2,3,9,6,1700.7,1 1,North,2,4,0
2,3,9,1,1701.126,1 1,West,2,4,0
2,3,9,1,1701.73,1 1,South,2,4,0
2,3,9,2,1702.531,2 1,South,2,4,0
2,3,9,2,1703.179,3 1,South,2,4,0
2,3,9,1,1703.898,3 1,East,2,4,0
2,3,9,2,1704.729,3 2,East,2,4,0
2,3,9,3,1705.27,3 2,South,2,4,0
2,3,9,2,1705.945,4 2,South,2,4,0
2,3,9,1,1706.631,4 2,East,2,4,0
2,3,9,2,1707.224,4 3,East,2,4,0
2,3,9,2,1708.038,4 4,East,2,4,0
2,3,9,1,1708.709,4 4,North,2,4,0
2,3,9,2,1709.319,3 4,North,2,4,0
2,3,9,6,1709.7,3 4,North,2,5,0
2,3,9,2,1710.5,2 4,North,2,5,0
2,3,9,2,1711.589,1 4,North,2,5,0
2,3,9,1,1712.217,1 4,West,2,5,0
2,3,9,2,1712.905,1 3,West,2,5,0
2,3,9,1,1714.104,1 3,South,2,5,0
2,3,9,2,1714.711,2 3,South,2,5,0
2,3,9,3,1715.493,2 3,West,2,5,0
2,3,9,2,1716.15,2 2,West,2,5,0
2,3,9,3,1716.758,2 2,North,2,5,0
2,3,9,2,1717.349,1 2,North,2,5,0
2,3,9,6,1717.72,1 2,North,2,6,0
2,3,9,3,1718.266,1 2,East,2,6,0
2,3,9,3,1718.821,1 2,South,2,6,0
2,3,9,2,1719.66,2 2,South,2,6,0
2,3,9,1,1720.218,2 2,East,2,6,0
2,3,9,2,1720.866,2 3,East,2,6,0
2,3,9,1,1721.382,2 3,North,2,6,0
2,3,9,2,1721.976,1 3,North,2,6,0
2,3,9,3,1722.791,1 3,East,2,6,0
2,3,9,2,1723.337,1 4,East,2,6,0
2,3,9,3,1723.86,1 4,South,2,6,0
2,3,9,2,1724.514,2 4,South,2,6,0
2,3,9,2,1725.187,3 4,South,2,6,0
2,3,9,2,1725.829,4 4,South,2,6,0
2,3,9,3,1726.626,4 4,West,2,6,0
2,3,9,2,1727.289,4 3,West,2,6,0
2,3,9,2,1728.132,4 2,West,2,6,0
2,3,9,3,1728.786,4 2,North,2,6,0
2,3,9,2,1729.369,3 2,North,2,6,0
2,3,9,1,1730.165,3 2,West,2,6,0
2,3,9,2,1730.675,3 1,West,2,6,0
2,3,9,3,1731.528,3 1,North,2,6,0
2,3,9,2,1732.086,2 1,North,2,6,0
2,3,9,2,1732.984,1 1,North,2,6,0
2,3,9,1,1733.605,1 1,West,2,6,0
2,3,9,2,1734.229,1 0,West,2,6,0
2,3,9,1,1734.87,1 0,South,2,6,0
2,3,9,2,1735.381,2 0,South,2,6,0
2,3,9,2,1736.019,3 0,South,2,6,0
2,3,9,6,1736.4,3 0,South,2,7,0
2,3,9,1,1736.84,3 0,East,2,7,0
2,3,9,1,1737.831,3 0,North,2,7,0
2,3,9,2,1738.443,2 0,North,2,7,0
2,3,9,6,1738.82,2 0,North,2,8,0
0,4,10,1,1742.79,4 4,West,2,0,0
0,4,10,3,1743.303,4 4,North,2,0,0
0,4,10,2,1743.944,3 4,North,2,0,0
0,4,10,2,1744.563,2 4,North,2,0,0
0,4,10,2,1745.179,1 4,North,2,0,0
0,4,10,1,1745.989,1 4,West,2,0,0
0,4,10,2,1746.777,1 3,West,2,0,0
0,4,10,1,1747.288,1 3,South,2,0,0
0,4,10,2,1747.882,2 3,South,2,0,0
0,4,10,3,1748.473,2 3,West,2,0,0
0,4,10,2,1749.067,2 2,West,2,0,0
0,4,10,6,1749.48,2 2,West,2,1,0
0,4,10,3,1749.911,2 2,North,2,1,0
0,4,10,2,1750.741,1 2,North,2,1,0
0,4,10,2,1751.465,0 2,North,2,1,0
0,4,10,1,1752.042,0 2,West,2,1,0
0,4,10,1,1752.659,0 2,South,2,1,0
0,4,10,2,1753.433,1 2,South,2,1,0
0,4,10,2,1754.035,2 2,South,2,1,0
0,4,10,1,1754.774,2 2,East,2,1,0
0,4,10,2,1755.403,2 3,East,2,1,0
0,4,10,1,1755.977,2 3,North,2,1,0
0,4,10,2,1756.563,1 3,North,2,1,0
0,4,10,3,1757.222,1 3,East,2,1,0
0,4,10,2,1758.02,1 4,East,2,1,0
0,4,10,1,1758.587,1 4,North,2,1,0
0,4,10,1,1759.298,1 4,West,2,1,0
0,4,10,3,1760.057,1 4,North,2,1,0
0,4,10,2,1760.597,0 4,North,2,1,0
0,4,10,1,1761.205,0 4,West,2,1,0
0,4,10,2,1761.739,0 3,West,2,1,0
0,4,10,6,1762.14,0 3,West,2,2,0
0,4,10,3,1762.263,0 3,North,2,2,0
0,4,10,3,1762.807,0 3,East,2,2,0
0,4,10,2,1763.495,0 4,East,2,2,0
0,4,10,3,1764.137,0 4,South,2,2,0
0,4,10,2,1764.776,1 4,South,2,2,0
0,4,10,2,1765.365,2 4,South,2,2,0
0,4,10,2,1766.018,3 4,South,2,2,0
0,4,10,2,1766.633,4 4,South,2,2,0
0,4,10,3,1767.239,4 4,West,2,2,0
0,4,10,2,1767.784,4 3,West,2,2,0
0,4,10,2,1768.37,4 2,West,2,2,0
0,4,10,3,1768.979,4 2,North,2,2,0
0,4,10,2,1769.736,3 2,North,2,2,0
0,4,10,1,1770.354,3 2,West,2,2,0
0,4,10,2,1770.981,3 1,West,2,2,0
0,4,10,3,1771.591,3 1,North,2,2,0
0,4,10,2,1772.277,2 1,North,2,2,0
0,4,10,2,1772.825,1 1,North,2,2,0
0,4,10,1,1773.526,1 1,West,2,2,0
0,4,10,2,1774.409,1 0,West,2,2,0
0,4,10,6,1774.82,1 0,West,2,3,0
0,4,10,1,1774.934,1 0,South,2,3,0
0,4,10,2,1775.716,2 0,South,2,3,0
0,4,10,2,1776.244,3 0,South,2,3,0
0,4,10,2,1777.142,4 0,South,2,3,0
0,4,10,1,1777.897,4 0,East,2,3,0
0,4,10,1,1778.485,4 0,North,2,3,0
0,4,10,2,1779.145,3 0,North,2,3,0
0,4,10,2,1779.795,2 0,North,2,3,0
0,4,10,2,1780.436,1 0,North,2,3,0
0,4,10,3,1781.027,1 0,East,2,3,0
0,4,10,2,1781.827,1 1,East,2,3,0
0,4,10,3,1782.418,1 1,South,2,3,0
0,4,10,2,1783.074,2 1,South,2,3,0
0,4,10,2,1783.593,3 1,South,2,3,0
0,4,10,1,1784.228,3 1,East,2,3,0
0,4,10,2,1785.017,3 2,East,2,3,0
0,4,10,3,1785.736,3 2,South,2,3,0
0,4,10,2,1786.31,4 2,South,2,3,0
0,4,10,1,1786.936,4 2,East,2,3,0
0,4,10,2,1787.62,4 3,East,2,3,0
0,4,10,6,1788.02,4 3,East,2,4,0
0,4,10,2,1788.138,4 4,East,2,4,0
0,4,10,1,1788.709,4 4,North,2,4,0
0,4,10,2,1789.269,3 4,North,2,4,0
0,4,10,2,1789.815,2 4,North,2,4,0
0,4,10,2,1790.362,1 4,North,2,4,0
0,4,10,1,1791.173,1 4,West,2,4,0
0,4,10,2,1791.72,1 3,West,2,4,0
0,4,10,1,1792.442,1 3,South,2,4,0
0,4,10,2,1793.052,2 3,South,2,4,0
0,4,10,3,1793.587,2 3,West,2,4,0
0,4,10,2,1794.37,2 2,West,2,4,0
0,4,10,3,1794.951,2 2,North,2,4,0
0,4,10,2,1795.62,1 2,North,2,4,0
0,4,10,2,1796.22,0 2,North,2,4,0
0,4,10,6,1796.6,0 2,North,2,5,0
0,4,10,1,1796.955,0 2,West,2,5,0
0,4,10,1,1797.465,0 2,South,2,5,0
0,4,10,2,1798.2,1 2,South,2,5,0
0,4,10,2,1798.711,2 2,South,2,5,0
0,4,10,1,1799.365,2 2,East,2,5,0
0,4,10,2,1800.005,2 3,East,2,5,0
0,4,10,1,1800.738,2 3,North,2,5,0
0,4,10,2,1801.301,1 3,North,2,5,0
0,4,10,3,1801.975,1 3,East,2,5,0
0,4,10,2,1802.771,1 4,East,2,5,0
0,4,10,3,1803.48,1 4,South,2,5,0
0,4,10,2,1804.151,2 4,South,2,5,0
0,4,10,6,1804.52,2 4,South,2,6,0
0,4,10,3,1804.836,2 4,West,2,6,0
0,4,10,3,1805.53,2 4,North,2,6,0
0,4,10,2,1806.363,1 4,North,2,6,0
0,4,10,2,1806.948,0 4,North,2,6,0
0,4,10,1,1807.668,0 4,West,2,6,0
0,4,10,1,1808.484,0 4,South,2,6,0
0,4,10,2,1809.131,1 4,South,2,6,0
0,4,10,2,1809.699,2 4,South,2,6,0
0,4,10,2,1810.338,3 4,South,2,6,0
0,4,10,2,1810.932,4 4,South,2,6,0
0,4,10,3,1811.482,4 4,West,2,6,0
0,4,10,2,1812.042,4 3,West,2,6,0
0,4,10,2,1812.684,4 2,West,2,6,0
0,4,10,3,1813.205,4 2,North,2,6,0
0,4,10,2,1813.851,3 2,North,2,6,0
0,4,10,6,1814.24,3 2,North,2,7,0
0,4,10,1,1814.746,3 2,West,2,7,0
0,4,10,3,1815.574,3 2,North,2,7,0
0,4,10,3,1816.23,3 2,East,2,7,0
0,4,10,1,1816.852,3 2,North,2,7,0
0,4,10,1,1817.513,3 2,West,2,7,0
0,4,10,2,1818.123,3 1,West,2,7,0
0,4,10,3,1818.793,3 1,North,2,7,0
0,4,10,2,1819.347,2 1,North,2,7,0
0,4,10,2,1820.124,1 1,North,2,7,0
0,4,10,1,1820.876,1 1,West,2,7,0
0,4,10,2,1821.718,1 0,West,2,7,0
0,4,10,1,1822.297,1 0,South,2,7,0
0,4,10,2,1822.876,2 0,South,2,7,0
0,4,10,2,1823.434,3 0,South,2,7,0
0,4,10,6,1823.82,3 0,South,2,8,0
2,4,10,1,1831.717,4 4,West,2,0,0
2,4,10,2,1832.375,4 3,West,2,0,0
2,4,10,6,1832.78,4 3,West,2,1,0
2,4,10,2,1833.335,4 2,West,2,1,0
2,4,10,3,1834.01,4 2,North,2,1,0
2,4,10,3,1837.272,4 2,East,2,1,0
2,4,10,2,1838.026,4 3,East,2,1,0
2,4,10,2,1838.94,4 4,East,2,1,0
2,4,10,3,1839.458,4 4,South,2,1,0
2,4,10,3,1840.13,4 4,West,2,1,0
2,4,10,2,1840.812,4 3,West,2,1,0
2,4,10,2,1841.368,4 2,West,2,1,0
2,4,10,3,1841.908,4 2,North,2,1,0
2,4,10,2,1842.467,3 2,North,2,1,0
2,4,10,1,1843.018,3 2,West,2,1,0
2,4,10,2,1843.561,3 1,West,2,1,0
2,4,10,3,1844.425,3 1,North,2,1,0
2,4,10,2,1844.951,2 1,North,2,1,0
2,4,10,2,1845.676,1 1,North,2,1,0
2,4,10,1,1846.213,1 1,West,2,1,0
2,4,10,2,1846.823,1 0,West,2,1,0
2,4,10,6,1847.24,1 0,West,2,2,0
2,4,10,1,1847.38,1 0,South,2,2,0
2,4,10,1,1848.071,1 0,East,2,2,0
2,4,10,2,1848.634,1 1,East,2,2,0
2,4,10,3,1849.522,1 1,South,2,2,0
2,4,10,2,1850.169,2 1,South,2,2,0
2,4,10,2,1851.717,3 1,South,2,2,0
2,4,10,1,1852.309,3 1,East,2,2,0
2,4,10,2,1852.921,3 2,East,2,2,0
2,4,10,1,1853.589,3 2,North,2,2,0
2,4,10,3,1855.316,3 2,East,2,2,0
2,4,10,2,1855.914,3 3,East,2,2,0
2,4,10,3,1856.52,3 3,South,2,2,0
2,4,10,2,1857.067,3 3,South,2,2,1
2,4,10,3,1857.658,3 3,West,2,2,1
2,4,10,2,1858.25,3 2,West,2,2,1
2,4,10,1,1858.774,3 2,South,2,2,1
2,4,10,2,1859.35,4 2,South,2,2,1
2,4,10,1,1859.895,4 2,East,2,2,1
2,4,10,2,1860.551,4 3,East,2,2,1
2,4,10,2,1861.19,4 4,East,2,2,1
2,4,10,1,1861.754,4 4,North,2,2,1
2,4,10,2,1862.264,3 4,North,2,2,1
2,4,10,2,1863.06,2 4,North,2,2,1
2,4,10,2,1863.638,1 4,North,2,2,1
2,4,10,1,1864.309,1 4,West,2,2,1
2,4,10,2,1864.949,1 3,West,2,2,1
2,4,10,1,1865.528,1 3,South,2,2,1
2,4,10,2,1866.07,2 3,South,2,2,1
2,4,10,3,1866.843,2 3,West,2,2,1
2,4,10,2,1867.386,2 2,West,2,2,1
2,4,10,6,1867.8,2 2,West,2,3,1
2,4,10,3,1868.073,2 2,North,2,3,1
2,4,10,3,1868.599,2 2,East,2,3,1
2,4,10,2,1869.17,2 3,East,2,3,1
2,4,10,1,1869.716,2 3,North,2,3,1
2,4,10,2,1870.309,1 3,North,2,3,1
2,4,10,3,1870.837,1 3,East,2,3,1
2,4,10,2,1871.414,1 4,East,2,3,1
2,4,10,1,1872.073,1 4,North,2,3,1
2,4,10,2,1872.933,0 4,North,2,3,1
2,4,10,1,1873.447,0 4,West,2,3,1
2,4,10,2,1874.152,0 3,West,2,3,1
2,4,10,6,1874.56,0 3,West,2,4,1
2,4,10,1,1874.795,0 3,South,2,4,1
2,4,10,1,1875.321,0 3,East,2,4,1
2,4,10,2,1875.859,0 4,East,2,4,1
2,4,10,3,1876.665,0 4,South,2,4,1
2,4,10,3,1877.475,0 4,West,2,4,1
2,4,10,1,1878.377,0 4,South,2,4,1
2,4,10,2,1879.16,1 4,South,2,4,1
2,4,10,2,1880.197,2 4,South,2,4,1
2,4,10,2,1880.725,3 4,South,2,4,1
2,4,10,2,1881.259,4 4,South,2,4,1
2,4,10,3,1881.909,4 4,West,2,4,1
2,4,10,2,1882.515,4 3,West,2,4,1
2,4,10,2,1883.352,4 2,West,2,4,1
2,4,10,3,1884.168,4 2,North,2,4,1
2,4,10,2,1884.807,3 2,North,2,4,1
2,4,10,1,1885.347,3 2,West,2,4,1
2,4,10,2,1885.892,3 1,West,2,4,1
2,4,10,3,1886.65,3 1,North,2,4,1
2,4,10,2,1887.205,2 1,North,2,4,1
2,4,10,2,1887.844,1 1,North,2,4,1
2,4,10,1,1888.379,1 1,West,2,4,1
2,4,10,2,1888.996,1 0,West,2,4,1
2,4,10,1,1889.547,1 0,South,2,4,1
2,4,10,2,1890.152,2 0,South,2,4,1
2,4,10,6,1890.52,2 0,South,2,5,1
2,4,10,1,1891.076,2 0,East,2,5,1
2,4,10,1,1892.058,2 0,North,2,5,1
2,4,10,2,1892.825,1 0,North,2,5,1
2,4,10,3,1893.461,1 0,East,2,5,1
2,4,10,2,1894.084,1 1,East,2,5,1
2,4,10,3,1894.665,1 1,South,2,5,1
2,4,10,2,1895.219,2 1,South,2,5,1
2,4,10,2,1896.038,3 1,South,2,5,1
2,4,10,1,1896.603,3 1,East,2,5,1
2,4,10,2,1897.251,3 2,East,2,5,1
2,4,10,3,1897.813,3 2,South,2,5,1
2,4,10,2,1898.39,4 2,South,2,5,1
2,4,10,1,1898.902,4 2,East,2,5,1
2,4,10,2,1899.556,4 3,East,2,5,1
2,4,10,2,1900.232,4 4,East,2,5,1
2,4,10,1,1900.874,4 4,North,2,5,1
2,4,10,2,1901.51,3 4,North,2,5,1
2,4,10,2,1902.123,2 4,North,2,5,1
2,4,10,2,1903.032,1 4,North,2,5,1
2,4,10,1,1903.796,1 4,West,2,5,1
2,4,10,2,1904.435,1 3,West,2,5,1
2,4,10,6,1904.84,1 3,West,2,6,1
2,4,10,1,1905.237,1 3,South,2,6,1
2,4,10,1,1905.96,1 3,East,2,6,1
2,4,10,2,1906.534,1 4,East,2,6,1
2,4,10,3,1907.065,1 4,South,2,6,1
2,4,10,2,1907.623,2 4,South,2,6,1
2,4,10,2,1908.163,3 4,South,2,6,1
2,4,10,2,1908.964,4 4,South,2,6,1
2,4,10,3,1909.797,4 4,West,2,6,1
2,4,10,2,1910.326,4 3,West,2,6,1
2,4,10,2,1910.999,4 2,West,2,6,1
2,4,10,6,1911.4,4 2,West,2,7,1
2,4,10,3,1911.609,4 2,North,2,7,1
2,4,10,3,1912.268,4 2,East,2,7,1
2,4,10,2,1912.859,4 3,East,2,7,1
2,4,10,2,1913.381,4 4,East,2,7,1
2,4,10,1,1914.122,4 4,North,2,7,1
2,4,10,2,1914.652,3 4,North,2,7,1
2,4,10,2,1915.267,2 4,North,2,7,1
2,4,10,2,1916.181,1 4,North,2,7,1
2,4,10,1,1916.819,1 4,West,2,7,1
2,4,10,2,1917.404,1 3,West,2,7,1
2,4,10,1,1918.09,1 3,South,2,7,1
2,4,10,2,1918.648,2 3,South,2,7,1
2,4,10,6,1919.04,2 3,South,2,8,1
0,4,11,1,1922.825,4 4,West,2,0,1
0,4,11,3,1923.493,4 4,North,2,0,1
0,4,11,2,1924.071,3 4,North,2,0,1
0,4,11,2,1924.581,2 4,North,2,0,1
0,4,11,2,1925.208,1 4,North,2,0,1
0,4,11,1,1925.795,1 4,West,2,0,1
0,4,11,2,1926.325,1 3,West,2,0,1
0,4,11,6,1926.74,1 3,West,2,1,1
0,4,11,1,1926.855,1 3,South,2,1,1
0,4,11,2,1928.298,2 3,South,2,1,1
0,4,11,3,1929.032,2 3,West,2,1,1
0,4,11,2,1929.622,2 2,West,2,1,1
0,4,11,3,1930.308,2 2,North,2,1,1
0,4,11,2,1930.98,1 2,North,2,1,1
0,4,11,2,1931.547,0 2,North,2,1,1
0,4,11,1,1932.217,0 2,West,2,1,1
0,4,11,1,1932.854,0 2,South,2,1,1
0,4,11,2,1933.459,1 2,South,2,1,1
0,4,11,2,1934.101,2 2,South,2,1,1
0,4,11,1,1934.692,2 2,East,2,1,1
0,4,11,2,1935.305,2 3,East,2,1,1
0,4,11,1,1935.914,2 3,North,2,1,1
0,4,11,2,1936.457,1 3,North,2,1,1
0,4,11,3,1937.13,1 3,East,2,1,1
0,4,11,2,1937.641,1 4,East,2,1,1
0,4,11,1,1938.418,1 4,North,2,1,1
0,4,11,1,1939.143,1 4,West,2,1,1
0,4,11,1,1939.797,1 4,South,2,1,1
0,4,11,2,1940.329,2 4,South,2,1,1
0,4,11,2,1940.867,3 4,South,2,1,1
0,4,11,2,1941.593,4 4,South,2,1,1
0,4,11,3,1942.33,4 4,West,2,1,1
0,4,11,2,1943.032,4 3,West,2,1,1
0,4,11,2,1943.684,4 2,West,2,1,1
0,4,11,3,1944.242,4 2,North,2,1,1
0,4,11,2,1944.774,3 2,North,2,1,1
0,4,11,3,1945.636,3 2,East,2,1,1
0,4,11,1,1946.459,3 2,North,2,1,1
0,4,11,1,1947.094,3 2,West,2,1,1
0,4,11,2,1947.683,3 1,West,2,1,1
0,4,11,3,1948.196,3 1,North,2,1,1
0,4,11,2,1948.9,2 1,North,2,1,1
0,4,11,2,1949.442,1 1,North,2,1,1
0,4,11,1,1950.027,1 1,West,2,1,1
0,4,11,2,1950.617,1 0,West,2,1,1
0,4,11,1,1951.204,1 0,South,2,1,1
0,4,11,2,1951.718,2 0,South,2,1,1
0,4,11,2,1952.314,3 0,South,2,1,1
0,4,11,2,1952.971,4 0,South,2,1,1
0,4,11,6,1953.36,4 0,South,2,2,1
0,4,11,1,1953.704,4 0,East,2,2,1
0,4,11,1,1954.219,4 0,North,2,2,1
0,4,11,2,1954.84,3 0,North,2,2,1
0,4,11,2,1955.604,2 0,North,2,2,1
0,4,11,2,1956.203,1 0,North,2,2,1
0,4,11,3,1957.176,1 0,East,2,2,1
0,4,11,2,1957.94,1 1,East,2,2,1
0,4,11,3,1958.557,1 1,South,2,2,1
0,4,11,2,1959.146,2 1,South,2,2,1
0,4,11,2,1959.714,3 1,South,2,2,1
0,4,11,1,1960.228,3 1,East,2,2,1
0,4,11,2,1960.868,3 2,East,2,2,1
0,4,11,2,1961.432,3 3,East,2,2,1
0,4,11,6,1961.84,3 3,East,2,3,1
0,4,11,3,1962.034,3 3,South,2,3,1
0,4,11,3,1962.601,3 3,West,2,3,1
0,4,11,2,1963.221,3 2,West,2,3,1
0,4,11,1,1963.976,3 2,South,2,3,1
0,4,11,2,1964.566,4 2,South,2,3,1
0,4,11,1,1965.17,4 2,East,2,3,1
0,4,11,2,1965.816,4 3,East,2,3,1
0,4,11,2,1966.634,4 4,East,2,3,1
0,4,11,1,1967.354,4 4,North,2,3,1
0,4,11,2,1967.971,3 4,North,2,3,1
0,4,11,2,1968.502,2 4,North,2,3,1
0,4,11,2,1969.348,1 4,North,2,3,1
0,4,11,1,1969.944,1 4,West,2,3,1
0,4,11,2,1970.619,1 3,West,2,3,1
0,4,11,1,1971.528,1 3,South,2,3,1
0,4,11,2,1972.13,2 3,South,2,3,1
0,4,11,3,1972.724,2 3,West,2,3,1
0,4,11,2,1973.434,2 2,West,2,3,1
0,4,11,3,1974.211,2 2,North,2,3,1
0,4,11,2,1974.727,1 2,North,2,3,1
0,4,11,6,1975.12,1 2,North,2,4,1
0,4,11,2,1975.307,0 2,North,2,4,1
0,4,11,1,1975.942,0 2,West,2,4,1
0,4,11,1,1976.55,0 2,South,2,4,1
0,4,11,2,1977.332,1 2,South,2,4,1
0,4,11,2,1977.96,2 2,South,2,4,1
0,4,11,1,1978.74,2 2,East,2,4,1
0,4,11,1,1979.387,2 2,North,2,4,1
0,4,11,3,1979.975,2 2,East,2,4,1
0,4,11,2,1980.516,2 3,East,2,4,1
0,4,11,1,1981.156,2 3,North,2,4,1
0,4,11,2,1981.706,1 3,North,2,4,1
0,4,11,3,1982.361,1 3,East,2,4,1
0,4,11,2,1982.938,1 4,East,2,4,1
0,4,11,1,1983.554,1 4,North,2,4,1
0,4,11,2,1984.148,0 4,North,2,4,1
0,4,11,6,1984.52,0 4,North,2,5,1
0,4,11,1,1984.728,0 4,West,2,5,1
0,4,11,1,1985.546,0 4,South,2,5,1
0,4,11,2,1986.07,1 4,South,2,5,1
0,4,11,2,1986.662,2 4,South,2,5,1
0,4,11,2,1987.335,3 4,South,2,5,1
0,4,11,2,1988.012,4 4,South,2,5,1
0,4,11,3,1988.883,4 4,West,2,5,1
0,4,11,2,1989.483,4 3,West,2,5,1
0,4,11,2,1990.33,4 2,West,2,5,1
0,4,11,3,1990.966,4 2,North,2,5,1
0,4,11,2,1991.546,3 2,North,2,5,1
0,4,11,1,1992.103,3 2,West,2,5,1
0,4,11,2,1992.664,3 1,West,2,5,1
0,4,11,6,1993.08,3 1,West,2,6,1
0,4,11,3,1993.219,3 1,North,2,6,1
0,4,11,2,1994.436,2 1,North,2,6,1
0,4,11,3,1995.399,2 1,East,2,6,1
0,4,11,3,1996.322,2 1,South,2,6,1
0,4,11,1,1996.836,2 1,East,2,6,1
0,4,11,3,1997.701,2 1,South,2,6,1
0,4,11,3,1998.279,2 1,West,2,6,1
0,4,11,3,1999.03,2 1,North,2,6,1
0,4,11,2,1999.819,1 1,North,2,6,1
0,4,11,1,2000.391,1 1,West,2,6,1
0,4,11,2,2001.162,1 0,West,2,6,1
0,4,11,1,2001.734,1 0,South,2,6,1
0,4,11,2,2002.264,2 0,South,2,6,1
0,4,11,2,2002.908,3 0,South,2,6,1
0,4,11,2,2003.559,4 0,South,2,6,1
0,4,11,1,2004.202,4 0,East,2,6,1
0,4,11,1,2005.082,4 0,North,2,6,1
0,4,11,2,2005.752,3 0,North,2,6,1
0,4,11,2,2006.402,2 0,North,2,6,1
0,4,11,2,2006.997,1 0,North,2,6,1
0,4,11,3,2007.523,1 0,East,2,6,1
0,4,11,2,2008.085,1 1,East,2,6,1
0,4,11,3,2008.715,1 1,South,2,6,1
0,4,11,2,2009.317,2 1,South,2,6,1
0,4,11,2,2009.895,3 1,South,2,6,1
0,4,11,1,2010.52,3 1,East,2,6,1
0,4,11,2,2011.336,3 2,East,2,6,1
0,4,11,3,2011.979,3 2,South,2,6,1
0,4,11,2,2012.52,4 2,South,2,6,1
0,4,11,1,2013.113,4 2,East,2,6,1
0,4,11,2,2013.682,4 3,East,2,6,1
0,4,11,2,2014.232,4 4,East,2,6,1
0,4,11,1,2014.886,4 4,North,2,6,1
0,4,11,2,2015.426,3 4,North,2,6,1
0,4,11,2,2016.037,2 4,North,2,6,1
0,4,11,2,2016.55,1 4,North,2,6,1
0,4,11,6,2016.94,1 4,North,2,7,1
0,4,11,2,2017.096,0 4,North,2,7,1
0,4,11,1,2017.699,0 4,West,2,7,1
0,4,11,1,2018.308,0 4,South,2,7,1
0,4,11,2,2019.144,1 4,South,2,7,1
0,4,11,3,2019.731,1 4,West,2,7,1
0,4,11,2,2020.34,1 3,West,2,7,1
0,4,11,1,2020.931,1 3,South,2,7,1
0,4,11,2,2021.491,2 3,South,2,7,1
0,4,11,3,2022.038,2 3,West,2,7,1
0,4,11,2,2022.661,2 2,West,2,7,1
0,4,11,3,2023.322,2 2,North,2,7,1
0,4,11,2,2023.979,1 2,North,2,7,1
0,4,11,2,2024.552,0 2,North,2,7,1
0,4,11,1,2025.21,0 2,West,2,7,1
0,4,11,1,2026.066,0 2,South,2,7,1
0,4,11,2,2026.631,1 2,South,2,7,1
0,4,11,2,2027.284,2 2,South,2,7,1
0,4,11,1,2027.812,2 2,East,2,7,1
0,4,11,2,2028.441,2 3,East,2,7,1
0,4,11,1,2029.318,2 3,North,2,7,1
0,4,11,2,2030.036,1 3,North,2,7,1
0,4,11,3,2030.597,1 3,East,2,7,1
0,4,11,2,2031.145,1 4,East,2,7,1
0,4,11,3,2031.931,1 4,South,2,7,1
0,4,11,2,2032.442,2 4,South,2,7,1
0,4,11,2,2032.969,3 4,South,2,7,1
0,4,11,2,2033.959,4 4,South,2,7,1
0,4,11,3,2034.602,4 4,West,2,7,1
0,4,11,2,2035.14,4 3,West,2,7,1
0,4,11,2,2035.703,4 2,West,2,7,1
0,4,11,3,2036.22,4 2,North,2,7,1
0,4,11,2,2036.777,3 2,North,2,7,1
0,4,11,1,2037.369,3 2,West,2,7,1
0,4,11,2,2038.178,3 1,West,2,7,1
0,4,11,3,2038.777,3 1,North,2,7,1
0,4,11,2,2039.3,2 1,North,2,7,1
0,4,11,2,2040.074,1 1,North,2,7,1
0,4,11,6,2040.46,1 1,North,2,8,1
2,4,11,1,2043.958,4 4,West,2,0,0
2,4,11,2,2044.979,4 3,West,2,0,0
2,4,11,2,2045.547,4 2,West,2,0,0
2,4,11,3,2046.114,4 2,North,2,0,0
2,4,11,2,2046.693,3 2,North,2,0,0
2,4,11,1,2047.221,3 2,West,2,0,0
2,4,11,2,2047.749,3 1,West,2,0,0
2,4,11,3,2048.505,3 1,North,2,0,0
2,4,11,2,2049.08,2 1,North,2,0,0
2,4,11,2,2049.597,1 1,North,2,0,0
2,4,11,1,2050.451,1 1,West,2,0,0
2,4,11,3,2052.378,1 1,North,2,0,0
2,4,11,1,2054.356,1 1,West,2,0,0
2,4,11,3,2055.767,1 1,North,2,0,0
2,4,11,2,2056.554,1 1,North,2,0,1
2,4,11,1,2056.97,1 1,West,2,0,1
2,4,11,2,2057.498,1 0,West,2,0,1
2,4,11,1,2058.058,1 0,South,2,0,1
2,4,11,2,2058.628,2 0,South,2,0,1
2,4,11,2,2059.275,3 0,South,2,0,1
2,4,11,2,2059.876,4 0,South,2,0,1
2,4,11,6,2060.24,4 0,South,2,1,1
2,4,11,1,2060.588,4 0,East,2,1,1
2,4,11,1,2061.193,4 0,North,2,1,1
2,4,11,2,2061.767,3 0,North,2,1,1
2,4,11,2,2062.357,2 0,North,2,1,1
2,4,11,3,2062.951,2 0,East,2,1,1
2,4,11,2,2063.475,2 0,East,2,1,2
2,4,11,1,2064.06,2 0,North,2,1,2
2,4,11,2,2064.933,1 0,North,2,1,2
2,4,11,3,2065.493,1 0,East,2,1,2
2,4,11,2,2066.068,1 1,East,2,1,2
2,4,11,3,2066.658,1 1,South,2,1,2
2,4,11,2,2067.227,2 1,South,2,1,2
2,4,11,1,2068.583,2 1,East,2,1,2
2,4,11,2,2069.115,2 1,East,2,1,3
2,4,11,3,2069.688,2 1,South,2,1,3
2,4,11,2,2070.389,3 1,South,2,1,3
2,4,11,1,2070.953,3 1,East,2,1,3
2,4,11,2,2071.548,3 2,East,2,1,3
2,4,11,3,2072.165,3 2,South,2,1,3
2,4,11,2,2072.825,4 2,South,2,1,3
2,4,11,1,2073.369,4 2,East,2,1,3
2,4,11,2,2074.004,4 3,East,2,1,3
2,4,11,2,2074.634,4 4,East,2,1,3
2,4,11,1,2075.188,4 4,North,2,1,3
2,4,11,2,2075.993,3 4,North,2,1,3
2,4,11,2,2076.809,2 4,North,2,1,3
2,4,11,2,2077.607,1 4,North,2,1,3
2,4,11,1,2078.244,1 4,West,2,1,3
2,4,11,2,2078.923,1 3,West,2,1,3
2,4,11,6,2079.34,1 3,West,2,2,3
2,4,11,1,2080.182,1 3,South,2,2,3
2,4,11,3,2080.97,1 3,West,2,2,3
2,4,11,3,2081.607,1 3,North,2,2,3
2,4,11,3,2082.296,1 3,East,2,2,3
2,4,11,2,2082.934,1 4,East,2,2,3
2,4,11,3,2083.447,1 4,South,2,2,3
2,4,11,2,2084.052,2 4,South,2,2,3
2,4,11,2,2084.681,3 4,South,2,2,3
2,4,11,2,2085.415,4 4,South,2,2,3
2,4,11,3,2086.051,4 4,West,2,2,3
2,4,11,2,2086.598,4 3,West,2,2,3
2,4,11,2,2087.194,4 2,West,2,2,3
2,4,11,3,2087.705,4 2,North,2,2,3
2,4,11,2,2088.259,3 2,North,2,2,3
2,4,11,1,2089.114,3 2,West,2,2,3
2,4,11,2,2089.667,3 1,West,2,2,3
2,4,11,6,2090.08,3 1,West,2,3,3
2,4,11,3,2090.33,3 1,North,2,3,3
2,4,11,3,2090.919,3 1,East,2,3,3
2,4,11,2,2091.525,3 2,East,2,3,3
2,4,11,3,2092.138,3 2,South,2,3,3
2,4,11,2,2092.716,4 2,South,2,3,3
2,4,11,1,2093.413,4 2,East,2,3,3
2,4,11,2,2093.989,4 3,East,2,3,3
2,4,11,2,2094.649,4 4,East,2,3,3
2,4,11,1,2095.204,4 4,North,2,3,3
2,4,11,2,2095.733,3 4,North,2,3,3
2,4,11,2,2096.355,2 4,North,2,3,3
2,4,11,2,2096.962,1 4,North,2,3,3
2,4,11,6,2097.34,1 4,North,2,4,3
2,4,11,1,2097.562,1 4,West,2,4,3
2,4,11,3,2100.871,1 4,North,2,4,3
2,4,11,1,2101.707,1 4,West,2,4,3
2,4,11,2,2102.29,1 3,West,2,4,3
2,4,11,1,2102.899,1 3,South,2,4,3
2,4,11,2,2103.448,2 3,South,2,4,3
2,4,11,3,2104.34,2 3,West,2,4,3
2,4,11,2,2104.984,2 2,West,2,4,3
2,4,11,3,2105.564,2 2,North,2,4,3
2,4,11,2,2106.137,1 2,North,2,4,3
2,4,11,2,2106.742,0 2,North,2,4,3
2,4,11,6,2107.12,0 2,North,2,5,3
2,4,11,1,2107.268,0 2,West,2,5,3
2,4,11,1,2108.214,0 2,South,2,5,3
2,4,11,2,2108.984,1 2,South,2,5,3
2,4,11,2,2109.545,2 2,South,2,5,3
2,4,11,1,2110.115,2 2,East,2,5,3
2,4,11,2,2110.728,2 3,East,2,5,3
2,4,11,1,2111.282,2 3,North,2,5,3
2,4,11,2,2111.896,1 3,North,2,5,3
2,4,11,3,2112.425,1 3,East,2,5,3
2,4,11,2,2112.982,1 4,East,2,5,3
2,4,11,3,2113.816,1 4,South,2,5,3
2,4,11,2,2114.394,2 4,South,2,5,3
2,4,11,6,2114.76,2 4,South,2,6,3
2,4,11,3,2115.061,2 4,West,2,6,3
2,4,11,3,2116.603,2 4,North,2,6,3
2,4,11,2,2117.192,1 4,North,2,6,3
2,4,11,1,2117.732,1 4,West,2,6,3
2,4,11,2,2118.362,1 3,West,2,6,3
2,4,11,1,2118.917,1 3,South,2,6,3
2,4,11,2,2119.495,2 3,South,2,6,3
2,4,11,3,2120.023,2 3,West,2,6,3
2,4,11,2,2120.585,2 2,West,2,6,3
2,4,11,3,2121.443,2 2,North,2,6,3
2,4,11,2,2121.976,1 2,North,2,6,3
2,4,11,6,2122.36,1 2,North,2,7,3
2,4,11,1,2123.273,1 2,West,2,7,3
2,4,11,3,2125.699,1 2,North,2,7,3
2,4,11,2,2126.883,0 2,North,2,7,3
2,4,11,1,2127.496,0 2,West,2,7,3
2,4,11,2,2128.197,0 1,West,2,7,3
2,4,11,6,2128.62,0 1,West,2,8,3
0,4,12,1,2131.963,4 4,West,2,0,3
0,4,12,2,2132.635,4 3,West,2,0,3
0,4,12,2,2133.194,4 2,West,2,0,3
0,4,12,6,2133.6,4 2,West,2,1,3
0,4,12,3,2133.737,4 2,North,2,1,3
0,4,12,2,2134.268,3 2,North,2,1,3
0,4,12,3,2134.808,3 2,East,2,1,3
0,4,12,1,2135.369,3 2,North,2,1,3
0,4,12,1,2135.893,3 2,West,2,1,3
0,4,12,2,2136.434,3 1,West,2,1,3
0,4,12,3,2137.128,3 1,North,2,1,3
0,4,12,2,2137.669,2 1,North,2,1,3
0,4,12,2,2138.236,1 1,North,2,1,3
0,4,12,1,2138.834,1 1,West,2,1,3
0,4,12,2,2139.704,1 0,West,2,1,3
0,4,12,1,2140.376,1 0,South,2,1,3
0,4,12,1,2140.998,1 0,East,2,1,3
0,4,12,3,2141.578,1 0,South,2,1,3
0,4,12,2,2142.232,2 0,South,2,1,3
0,4,12,2,2142.808,3 0,South,2,1,3
0,4,12,2,2143.336,4 0,South,2,1,3
0,4,12,1,2144.211,4 0,East,2,1,3
0,4,12,1,2144.914,4 0,North,2,1,3
0,4,12,2,2145.573,3 0,North,2,1,3
0,4,12,2,2146.195,2 0,North,2,1,3
0,4,12,2,2146.773,1 0,North,2,1,3
0,4,12,3,2147.658,1 0,East,2,1,3
0,4,12,2,2148.214,1 1,East,2,1,3
0,4,12,3,2148.95,1 1,South,2,1,3
0,4,12,2,2149.768,2 1,South,2,1,3
0,4,12,2,2150.348,3 1,South,2,1,3
0,4,12,1,2151.14,3 1,East,2,1,3
0,4,12,2,2151.75,3 2,East,2,1,3
0,4,12,3,2152.662,3 2,South,2,1,3
0,4,12,2,2153.269,4 2,South,2,1,3
0,4,12,1,2153.972,4 2,East,2,1,3
0,4,12,2,2154.635,4 3,East,2,1,3
0,4,12,2,2155.158,4 4,East,2,1,3
0,4,12,1,2155.833,4 4,North,2,1,3
0,4,12,2,2156.372,3 4,North,2,1,3
0,4,12,6,2156.76,3 4,North,2,2,3
0,4,12,2,2156.921,2 4,North,2,2,3
0,4,12,2,2157.734,1 4,North,2,2,3
0,4,12,1,2158.585,1 4,West,2,2,3
0,4,12,1,2159.416,1 4,South,2,2,3
0,4,12,3,2159.938,1 4,West,2,2,3
0,4,12,2,2160.547,1 3,West,2,2,3
0,4,12,1,2161.474,1 3,South,2,2,3
0,4,12,2,2162.043,2 3,South,2,2,3
0,4,12,3,2162.789,2 3,West,2,2,3
0,4,12,2,2163.586,2 2,West,2,2,3
0,4,12,3,2164.195,2 2,North,2,2,3
0,4,12,2,2164.86,1 2,North,2,2,3
0,4,12,2,2165.43,0 2,North,2,2,3
0,4,12,1,2166.009,0 2,West,2,2,3
0,4,12,1,2167.045,0 2,South,2,2,3
0,4,12,2,2167.653,1 2,South,2,2,3
0,4,12,2,2168.215,2 2,South,2,2,3
0,4,12,1,2168.729,2 2,East,2,2,3
0,4,12,2,2169.319,2 3,East,2,2,3
0,4,12,1,2170.183,2 3,North,2,2,3
0,4,12,2,2170.729,1 3,North,2,2,3
0,4,12,3,2171.498,1 3,East,2,2,3
0,4,12,2,2172.121,1 4,East,2,2,3
0,4,12,3,2172.667,1 4,South,2,2,3
0,4,12,2,2173.27,2 4,South,2,2,3
0,4,12,2,2173.817,3 4,South,2,2,3
0,4,12,2,2174.424,4 4,South,2,2,3
0,4,12,3,2175.42,4 4,West,2,2,3
0,4,12,2,2175.974,4 3,West,2,2,3
0,4,12,2,2176.555,4 2,West,2,2,3
0,4,12,3,2177.353,4 2,North,2,2,3
0,4,12,2,2177.911,3 2,North,2,2,3
0,4,12,1,2178.452,3 2,West,2,2,3
0,4,12,3,2179.718,3 2,North,2,2,3
0,4,12,3,2180.296,3 2,East,2,2,3
0,4,12,1,2181.097,3 2,North,2,2,3
0,4,12,1,2181.637,3 2,West,2,2,3
0,4,12,2,2182.215,3 1,West,2,2,3
0,4,12,3,2182.971,3 1,North,2,2,3
0,4,12,2,2183.714,2 1,North,2,2,3
0,4,12,2,2184.409,1 1,North,2,2,3
0,4,12,1,2184.92,1 1,West,2,2,3
0,4,12,2,2185.432,1 0,West,2,2,3
0,4,12,1,2186.263,1 0,South,2,2,3
0,4,12,2,2187.095,2 0,South,2,2,3
0,4,12,6,2187.46,2 0,South,2,3,3
0,4,12,2,2188.124,3 0,South,2,3,3
0,4,12,2,2188.764,4 0,South,2,3,3
0,4,12,1,2189.338,4 0,East,2,3,3
0,4,12,1,2189.883,4 0,North,2,3,3
0,4,12,2,2190.408,3 0,North,2,3,3
0,4,12,2,2191.253,2 0,North,2,3,3
0,4,12,2,2191.897,1 0,North,2,3,3
0,4,12,3,2192.441,1 0,East,2,3,3
0,4,12,2,2193.081,1 1,East,2,3,3
0,4,12,3,2193.607,1 1,South,2,3,3
0,4,12,2,2194.149,2 1,South,2,3,3
0,4,12,2,2194.664,3 1,South,2,3,3
0,4,12,1,2195.555,3 1,East,2,3,3
0,4,12,2,2196.131,3 2,East,2,3,3
0,4,12,3,2196.886,3 2,South,2,3,3
0,4,12,2,2197.512,4 2,South,2,3,3
0,4,12,1,2198.037,4 2,East,2,3,3
0,4,12,2,2198.862,4 3,East,2,3,3
0,4,12,2,2199.429,4 4,East,2,3,3
0,4,12,1,2200.307,4 4,North,2,3,3
0,4,12,2,2200.875,3 4,North,2,3,3
0,4,12,2,2201.397,2 4,North,2,3,3
0,4,12,2,2202.277,1 4,North,2,3,3
0,4,12,1,2202.871,1 4,West,2,3,3
0,4,12,2,2203.573,1 3,West,2,3,3
0,4,12,1,2204.13,1 3,South,2,3,3
0,4,12,2,2204.901,2 3,South,2,3,3
0,4,12,3,2205.667,2 3,West,2,3,3
0,4,12,2,2206.18,2 2,West,2,3,3
0,4,12,3,2206.713,2 2,North,2,3,3
0,4,12,2,2207.257,1 2,North,2,3,3
0,4,12,2,2207.924,0 2,North,2,3,3
0,4,12,1,2208.453,0 2,West,2,3,3
0,4,12,2,2209.143,0 1,West,2,3,3
0,4,12,6,2209.56,0 1,West,2,4,3
0,4,12,3,2209.683,0 1,North,2,4,3
0,4,12,3,2210.347,0 1,East,2,4,3
0,4,12,2,2210.887,0 2,East,2,4,3
0,4,12,3,2211.8,0 2,South,2,4,3
0,4,12,2,2212.343,1 2,South,2,4,3
0,4,12,2,2212.868,2 2,South,2,4,3
0,4,12,1,2213.669,2 2,East,2,4,3
0,4,12,2,2214.364,2 3,East,2,4,3
0,4,12,6,2214.78,2 3,East,2,5,3
0,4,12,1,2214.906,2 3,North,2,5,3
0,4,12,1,2215.833,2 3,West,2,5,3
0,4,12,2,2216.615,2 2,West,2,5,3
0,4,12,3,2217.191,2 2,North,2,5,3
0,4,12,2,2217.877,1 2,North,2,5,3
0,4,12,2,2218.469,0 2,North,2,5,3
0,4,12,1,2219.114,0 2,West,2,5,3
0,4,12,1,2219.686,0 2,South,2,5,3
0,4,12,2,2220.235,1 2,South,2,5,3
0,4,12,2,2220.819,2 2,South,2,5,3
0,4,12,1,2221.593,2 2,East,2,5,3
0,4,12,2,2222.259,2 3,East,2,5,3
0,4,12,1,2222.818,2 3,North,2,5,3
0,4,12,2,2223.366,1 3,North,2,5,3
0,4,12,3,2224.228,1 3,East,2,5,3
0,4,12,2,2224.823,1 4,East,2,5,3
0,4,12,1,2225.379,1 4,North,2,5,3
0,4,12,1,2225.973,1 4,West,2,5,3
0,4,12,1,2226.534,1 4,South,2,5,3
0,4,12,2,2227.076,2 4,South,2,5,3
0,4,12,2,2227.72,3 4,South,2,5,3
0,4,12,2,2228.421,4 4,South,2,5,3
0,4,12,3,2229.275,4 4,West,2,5,3
0,4,12,2,2229.795,4 3,West,2,5,3
0,4,12,2,2230.391,4 2,West,2,5,3
0,4,12,3,2231.35,4 2,North,2,5,3
0,4,12,2,2231.955,3 2,North,2,5,3
0,4,12,3,2232.505,3 2,East,2,5,3
0,4,12,1,2233.031,3 2,North,2,5,3
0,4,12,1,2233.591,3 2,West,2,5,3
0,4,12,2,2234.408,3 1,West,2,5,3
0,4,12,3,2235.22,3 1,North,2,5,3
0,4,12,2,2236.051,2 1,North,2,5,3
0,4,12,2,2236.888,1 1,North,2,5,3
0,4,12,1,2237.67,1 1,West,2,5,3
0,4,12,2,2238.292,1 0,West,2,5,3
0,4,12,1,2239.017,1 0,South,2,5,3
0,4,12,2,2239.591,2 0,South,2,5,3
0,4,12,2,2240.118,3 0,South,2,5,3
0,4,12,2,2240.936,4 0,South,2,5,3
0,4,12,1,2241.522,4 0,East,2,5,3
0,4,12,2,2242.104,4 1,East,2,5,3
0,4,12,6,2242.52,4 1,East,2,6,3
0,4,12,1,2242.62,4 1,North,2,6,3
0,4,12,1,2243.191,4 1,West,2,6,3
0,4,12,2,2243.74,4 0,West,2,6,3
0,4,12,3,2244.564,4 0,North,2,6,3
0,4,12,2,2245.22,3 0,North,2,6,3
0,4,12,2,2245.826,2 0,North,2,6,3
0,4,12,2,2246.377,1 0,North,2,6,3
0,4,12,3,2246.892,1 0,East,2,6,3
0,4,12,2,2247.416,1 1,East,2,6,3
0,4,12,3,2248.259,1 1,South,2,6,3
0,4,12,2,2248.968,2 1,South,2,6,3
0,4,12,2,2249.605,3 1,South,2,6,3
0,4,12,1,2250.439,3 1,East,2,6,3
0,4,12,2,2251.017,3 2,East,2,6,3
0,4,12,3,2251.781,3 2,South,2,6,3
0,4,12,2,2252.378,4 2,South,2,6,3
0,4,12,1,2253.27,4 2,East,2,6,3
0,4,12,2,2253.8,4 3,East,2,6,3
0,4,12,2,2254.403,4 4,East,2,6,3
0,4,12,1,2254.932,4 4,North,2,6,3
0,4,12,2,2255.479,3 4,North,2,6,3
0,4,12,2,2256.346,2 4,North,2,6,3
0,4,12,2,2256.903,1 4,North,2,6,3
0,4,12,1,2257.524,1 4,West,2,6,3
0,4,12,2,2258.084,1 3,West,2,6,3
0,4,12,1,2258.66,1 3,South,2,6,3
0,4,12,2,2259.506,2 3,South,2,6,3
0,4,12,3,2260.211,2 3,West,2,6,3
0,4,12,2,2260.743,2 2,West,2,6,3
0,4,12,3,2261.476,2 2,North,2,6,3
0,4,12,2,2262.389,1 2,North,2,6,3
0,4,12,2,2262.948,0 2,North,2,6,3
0,4,12,1,2263.459,0 2,West,2,6,3
0,4,12,2,2264.1,0 1,West,2,6,3
0,4,12,2,2264.643,0 0,West,2,6,3
0,4,12,6,2265.06,0 0,West,2,7,3
0,4,12,3,2265.499,0 0,North,2,7,3
0,4,12,3,2266.122,0 0,East,2,7,3
0,4,12,2,2266.696,0 1,East,2,7,3
0,4,12,2,2267.21,0 2,East,2,7,3
0,4,12,3,2268.043,0 2,South,2,7,3
0,4,12,2,2268.679,1 2,South,2,7,3
0,4,12,2,2269.512,2 2,South,2,7,3
0,4,12,1,2270.168,2 2,East,2,7,3
0,4,12,2,2270.791,2 3,East,2,7,3
0,4,12,1,2271.349,2 3,North,2,7,3
0,4,12,2,2271.972,1 3,North,2,7,3
0,4,12,3,2272.803,1 3,East,2,7,3
0,4,12,2,2273.417,1 4,East,2,7,3
0,4,12,1,2273.955,1 4,North,2,7,3
0,4,12,1,2274.612,1 4,West,2,7,3
0,4,12,1,2275.271,1 4,South,2,7,3
0,4,12,2,2275.794,2 4,South,2,7,3
0,4,12,2,2276.454,3 4,South,2,7,3
0,4,12,2,2277.051,4 4,South,2,7,3
0,4,12,3,2277.749,4 4,West,2,7,3
0,4,12,2,2278.298,4 3,West,2,7,3
0,4,12,2,2278.826,4 2,West,2,7,3
0,4,12,3,2279.363,4 2,North,2,7,3
0,4,12,2,2279.877,3 2,North,2,7,3
0,4,12,1,2280.953,3 2,West,2,7,3
0,4,12,2,2281.619,3 1,West,2,7,3
0,4,12,3,2282.132,3 1,North,2,7,3
0,4,12,2,2282.695,2 1,North,2,7,3
0,4,12,6,2283.08,2 1,North,2,8,3
2,4,12,2,2286.34,3 4,North,2,0,0
2,4,12,2,2287.186,2 4,North,2,0,0
2,4,12,2,2287.971,1 4,North,2,0,0
2,4,12,1,2288.569,1 4,West,2,0,0
2,4,12,2,2289.238,1 3,West,2,0,0
2,4,12,1,2289.813,1 3,South,2,0,0
2,4,12,2,2290.372,2 3,South,2,0,0
2,4,12,6,2290.74,2 3,South,2,1,0
2,4,12,3,2290.883,2 3,West,2,1,0
2,4,12,3,2291.397,2 3,North,2,1,0
2,4,12,2,2292.151,1 3,North,2,1,0
2,4,12,3,2292.821,1 3,East,2,1,0
2,4,12,2,2293.399,1 4,East,2,1,0
2,4,12,3,2294.07,1 4,South,2,1,0
2,4,12,2,2294.626,2 4,South,2,1,0
2,4,12,2,2295.158,3 4,South,2,1,0
2,4,12,2,2295.682,4 4,South,2,1,0
2,4,12,3,2296.293,4 4,West,2,1,0
2,4,12,2,2296.805,4 3,West,2,1,0
2,4,12,2,2297.385,4 2,West,2,1,0
2,4,12,3,2298.25,4 2,North,2,1,0
2,4,12,2,2298.841,3 2,North,2,1,0
2,4,12,1,2299.4,3 2,West,2,1,0
2,4,12,2,2299.992,3 1,West,2,1,0
2,4,12,3,2300.617,3 1,North,2,1,0
2,4,12,2,2301.315,2 1,North,2,1,0
2,4,12,2,2302.115,1 1,North,2,1,0
2,4,12,1,2302.742,1 1,West,2,1,0
2,4,12,2,2303.29,1 0,West,2,1,0
2,4,12,1,2303.803,1 0,South,2,1,0
2,4,12,2,2304.458,2 0,South,2,1,0
2,4,12,2,2304.972,3 0,South,2,1,0
2,4,12,2,2305.495,4 0,South,2,1,0
2,4,12,1,2306.043,4 0,East,2,1,0
2,4,12,2,2306.699,4 1,East,2,1,0
2,4,12,6,2307.12,4 1,East,2,2,0
2,4,12,3,2307.224,4 1,South,2,2,0
2,4,12,3,2307.882,4 1,West,2,2,0
2,4,12,2,2308.443,4 0,West,2,2,0
2,4,12,3,2309.29,4 0,North,2,2,0
2,4,12,2,2309.91,3 0,North,2,2,0
2,4,12,2,2310.436,2 0,North,2,2,0
2,4,12,2,2310.996,1 0,North,2,2,0
2,4,12,3,2311.593,1 0,East,2,2,0
2,4,12,2,2312.148,1 1,East,2,2,0
2,4,12,3,2312.7,1 1,South,2,2,0
2,4,12,2,2313.235,2 1,South,2,2,0
2,4,12,1,2313.817,2 1,East,2,2,0
2,4,12,3,2315.155,2 1,South,2,2,0
2,4,12,2,2315.909,3 1,South,2,2,0
2,4,12,1,2316.551,3 1,East,2,2,0
2,4,12,2,2317.171,3 2,East,2,2,0
2,4,12,3,2317.715,3 2,South,2,2,0
2,4,12,2,2318.234,4 2,South,2,2,0
2,4,12,1,2318.953,4 2,East,2,2,0
2,4,12,2,2319.619,4 3,East,2,2,0
2,4,12,2,2320.151,4 4,East,2,2,0
2,4,12,1,2320.695,4 4,North,2,2,0
2,4,12,2,2321.257,3 4,North,2,2,0
2,4,12,6,2321.64,3 4,North,2,3,0
2,4,12,1,2322.04,3 4,West,2,3,0
2,4,12,3,2325.573,3 4,North,2,3,0
2,4,12,2,2326.947,2 4,North,2,3,0
2,4,12,2,2327.565,1 4,North,2,3,0
2,4,12,1,2328.212,1 4,West,2,3,0
2,4,12,2,2328.787,1 3,West,2,3,0
2,4,12,1,2329.368,1 3,South,2,3,0
2,4,12,2,2329.956,2 3,South,2,3,0
2,4,12,3,2330.499,2 3,West,2,3,0
2,4,12,2,2331.044,2 2,West,2,3,0
2,4,12,3,2331.605,2 2,North,2,3,0
2,4,12,2,2332.169,1 2,North,2,3,0
2,4,12,2,2332.723,0 2,North,2,3,0
2,4,12,1,2333.578,0 2,West,2,3,0
2,4,12,2,2334.087,0 1,West,2,3,0
2,4,12,2,2334.678,0 0,West,2,3,0
2,4,12,6,2335.08,0 0,West,2,4,0
2,4,12,1,2335.254,0 0,South,2,4,0
2,4,12,1,2335.766,0 0,East,2,4,0
2,4,12,2,2336.3,0 1,East,2,4,0
2,4,12,2,2336.858,0 2,East,2,4,0
2,4,12,3,2337.418,0 2,South,2,4,0
2,4,12,2,2338.007,1 2,South,2,4,0
2,4,12,2,2340.986,2 2,South,2,4,0
2,4,12,1,2341.748,2 2,East,2,4,0
2,4,12,2,2342.341,2 3,East,2,4,0
2,4,12,1,2342.872,2 3,North,2,4,0
2,4,12,2,2343.75,1 3,North,2,4,0
2,4,12,3,2344.852,1 3,East,2,4,0
2,4,12,2,2345.522,1 4,East,2,4,0
2,4,12,3,2346.194,1 4,South,2,4,0
2,4,12,2,2346.744,2 4,South,2,4,0
2,4,12,2,2347.284,3 4,South,2,4,0
2,4,12,2,2347.845,4 4,South,2,4,0
2,4,12,3,2348.379,4 4,West,2,4,0
2,4,12,2,2348.918,4 3,West,2,4,0
2,4,12,2,2349.429,4 2,West,2,4,0
2,4,12,3,2350.314,4 2,North,2,4,0
2,4,12,2,2350.859,3 2,North,2,4,0
2,4,12,1,2351.449,3 2,West,2,4,0
2,4,12,2,2352.01,3 1,West,2,4,0
2,4,12,3,2352.838,3 1,North,2,4,0
2,4,12,2,2353.384,2 1,North,2,4,0
2,4,12,6,2353.76,2 1,North,2,5,0
2,4,12,1,2354.121,2 1,West,2,5,0
2,4,12,1,2354.699,2 1,South,2,5,0
2,4,12,3,2355.284,2 1,West,2,5,0
2,4,12,3,2355.861,2 1,North,2,5,0
2,4,12,2,2356.485,1 1,North,2,5,0
2,4,12,1,2357.252,1 1,West,2,5,0
2,4,12,2,2357.906,1 0,West,2,5,0
2,4,12,1,2358.516,1 0,South,2,5,0
2,4,12,2,2359.035,2 0,South,2,5,0
2,4,12,2,2359.555,3 0,South,2,5,0
2,4,12,6,2359.94,3 0,South,2,6,0
2,4,12,1,2360.261,3 0,East,2,6,0
2,4,12,1,2360.807,3 0,North,2,6,0
2,4,12,2,2361.371,2 0,North,2,6,0
2,4,12,2,2363.238,1 0,North,2,6,0
2,4,12,3,2363.865,1 0,East,2,6,0
2,4,12,2,2364.44,1 1,East,2,6,0
2,4,12,6,2364.86,1 1,East,2,7,0
2,4,12,3,2365.128,1 1,South,2,7,0
2,4,12,2,2366.024,2 1,South,2,7,0
2,4,12,2,2366.89,3 1,South,2,7,0
2,4,12,1,2367.512,3 1,East,2,7,0
2,4,12,2,2368.086,3 2,East,2,7,0
2,4,12,3,2369.154,3 2,South,2,7,0
2,4,12,2,2370.187,4 2,South,2,7,0
2,4,12,1,2370.748,4 2,East,2,7,0
2,4,12,2,2371.304,4 3,East,2,7,0
2,4,12,2,2371.827,4 4,East,2,7,0
2,4,12,1,2372.36,4 4,North,2,7,0
2,4,12,2,2372.883,3 4,North,2,7,0
2,4,12,2,2373.703,2 4,North,2,7,0
2,4,12,2,2374.25,1 4,North,2,7,0
2,4,12,2,2374.852,0 4,North,2,7,0
2,4,12,6,2375.22,0 4,North,2,8,0
0,5,13,1,2604.981,4 4,West,3,0,0
0,5,13,3,2606.294,4 4,North,3,0,0
0,5,13,1,2607.177,4 4,West,3,0,0
0,5,13,2,2607.866,4 3,West,3,0,0
0,5,13,6,2608.28,4 3,West,3,1,0
0,5,13,2,2610.983,4 2,West,3,1,0
0,5,13,2,2611.669,4 1,West,3,1,0
0,5,13,2,2612.313,4 0,West,3,1,0
0,5,13,3,2612.919,4 0,North,3,1,0
0,5,13,3,2613.595,4 0,East,3,1,0
0,5,13,2,2614.277,4 1,East,3,1,0
0,5,13,2,2614.901,4 2,East,3,1,0
0,5,13,1,2616.074,4 2,North,3,1,0
0,5,13,2,2616.921,3 2,North,3,1,0
0,5,13,1,2617.492,3 2,West,3,1,0
0,5,13,2,2618.15,3 1,West,3,1,0
0,5,13,2,2618.804,3 0,West,3,1,0
0,5,13,3,2619.333,3 0,North,3,1,0
0,5,13,2,2619.911,2 0,North,3,1,0
0,5,13,2,2620.517,1 0,North,3,1,0
0,5,13,3,2621.049,1 0,East,3,1,0
0,5,13,2,2621.619,1 1,East,3,1,0
0,5,13,3,2622.152,1 1,South,3,1,0
0,5,13,2,2622.692,2 1,South,3,1,0
0,5,13,1,2623.243,2 1,East,3,1,0
0,5,13,2,2623.813,2 2,East,3,1,0
0,5,13,1,2624.404,2 2,North,3,1,0
0,5,13,2,2624.986,1 2,North,3,1,0
0,5,13,2,2625.524,0 2,North,3,1,0
0,5,13,1,2626.403,0 2,West,3,1,0
0,5,13,2,2626.954,0 1,West,3,1,0
0,5,13,2,2627.558,0 0,West,3,1,0
0,5,13,3,2628.124,0 0,North,3,1,0
0,5,13,3,2628.746,0 0,East,3,1,0
0,5,13,2,2629.315,0 1,East,3,1,0
0,5,13,2,2629.865,0 2,East,3,1,0
0,5,13,3,2630.405,0 2,South,3,1,0
0,5,13,2,2631.203,1 2,South,3,1,0
0,5,13,2,2631.979,2 2,South,3,1,0
0,5,13,3,2632.966,2 2,West,3,1,0
0,5,13,2,2633.848,2 1,West,3,1,0
0,5,13,3,2634.613,2 1,North,3,1,0
0,5,13,2,2635.255,1 1,North,3,1,0
0,5,13,1,2635.863,1 1,West,3,1,0
0,5,13,2,2636.602,1 0,West,3,1,0
0,5,13,1,2637.235,1 0,South,3,1,0
0,5,13,2,2637.85,2 0,South,3,1,0
0,5,13,2,2638.372,3 0,South,3,1,0
0,5,13,1,2638.921,3 0,East,3,1,0
0,5,13,2,2639.5,3 1,East,3,1,0
0,5,13,2,2640.071,3 2,East,3,1,0
0,5,13,3,2640.596,3 2,South,3,1,0
0,5,13,2,2641.144,4 2,South,3,1,0
0,5,13,1,2642.021,4 2,East,3,1,0
0,5,13,2,2642.595,4 3,East,3,1,0
0,5,13,2,2643.177,4 4,East,3,1,0
0,5,13,1,2643.925,4 4,North,3,1,0
0,5,13,2,2644.467,3 4,North,3,1,0
0,5,13,1,2645.123,3 4,West,3,1,0
0,5,13,2,2645.684,3 3,West,3,1,0
0,5,13,3,2646.235,3 3,North,3,1,0
0,5,13,2,2646.759,2 3,North,3,1,0
0,5,13,2,2647.352,1 3,North,3,1,0
0,5,13,2,2648.006,0 3,North,3,1,0
0,5,13,3,2648.556,0 3,East,3,1,0
0,5,13,2,2649.208,0 4,East,3,1,0
0,5,13,3,2649.74,0 4,South,3,1,0
0,5,13,2,2650.363,1 4,South,3,1,0
0,5,13,6,2650.74,1 4,South,3,2,0
0,5,13,2,2651.011,2 4,South,3,2,0
0,5,13,3,2651.812,2 4,West,3,2,0
0,5,13,3,2652.394,2 4,North,3,2,0
0,5,13,2,2652.963,1 4,North,3,2,0
0,5,13,2,2653.989,0 4,North,3,2,0
0,5,13,1,2657.971,0 4,West,3,2,0
0,5,13,2,2658.884,0 3,West,3,2,0
0,5,13,1,2659.416,0 3,South,3,2,0
0,5,13,2,2660.327,1 3,South,3,2,0
0,5,13,2,2660.939,2 3,South,3,2,0
0,5,13,2,2661.51,3 3,South,3,2,0
0,5,13,1,2663.994,3 3,East,3,2,0
0,5,13,2,2664.581,3 4,East,3,2,0
0,5,13,3,2665.219,3 4,South,3,2,0
0,5,13,2,2666.074,4 4,South,3,2,0
0,5,13,3,2666.604,4 4,West,3,2,0
0,5,13,2,2667.369,4 3,West,3,2,0
0,5,13,2,2668.644,4 2,West,3,2,0
0,5,13,3,2669.66,4 2,North,3,2,0
0,5,13,2,2670.709,3 2,North,3,2,0
0,5,13,1,2671.605,3 2,West,3,2,0
0,5,13,2,2672.195,3 1,West,3,2,0
0,5,13,2,2672.759,3 0,West,3,2,0
0,5,13,3,2673.572,3 0,North,3,2,0
0,5,13,2,2674.236,2 0,North,3,2,0
0,5,13,2,2675.129,1 0,North,3,2,0
0,5,13,3,2675.928,1 0,East,3,2,0
0,5,13,2,2676.678,1 1,East,3,2,0
0,5,13,3,2677.336,1 1,South,3,2,0
0,5,13,2,2677.896,2 1,South,3,2,0
0,5,13,1,2678.456,2 1,East,3,2,0
0,5,13,2,2678.983,2 2,East,3,2,0
0,5,13,6,2679.4,2 2,East,3,3,0
0,5,13,1,2679.512,2 2,North,3,3,0
0,5,13,2,2680.026,1 2,North,3,3,0
0,5,13,2,2680.585,0 2,North,3,3,0
0,5,13,1,2681.099,0 2,West,3,3,0
0,5,13,3,2682.554,0 2,North,3,3,0
0,5,13,3,2683.238,0 2,East,3,3,0
0,5,13,3,2683.864,0 2,South,3,3,0
0,5,13,2,2684.571,1 2,South,3,3,0
0,5,13,2,2685.173,2 2,South,3,3,0
0,5,13,3,2685.988,2 2,West,3,3,0
0,5,13,2,2686.634,2 1,West,3,3,0
0,5,13,3,2687.572,2 1,North,3,3,0
0,5,13,2,2688.188,1 1,North,3,3,0
0,5,13,1,2688.747,1 1,West,3,3,0
0,5,13,2,2689.334,1 0,West,3,3,0
0,5,13,6,2689.74,1 0,West,3,4,0
0,5,13,1,2689.891,1 0,South,3,4,0
0,5,13,2,2690.569,2 0,South,3,4,0
0,5,13,2,2691.11,3 0,South,3,4,0
0,5,13,1,2691.976,3 0,East,3,4,0
0,5,13,2,2692.643,3 1,East,3,4,0
0,5,13,2,2693.273,3 2,East,3,4,0
0,5,13,6,2693.68,3 2,East,3,5,0
0,5,13,3,2693.786,3 2,South,3,5,0
0,5,13,2,2694.403,4 2,South,3,5,0
0,5,13,1,2694.971,4 2,East,3,5,0
0,5,13,1,2695.557,4 2,North,3,5,0
0,5,13,1,2696.099,4 2,West,3,5,0
0,5,13,2,2696.79,4 1,West,3,5,0
0,5,13,2,2697.369,4 0,West,3,5,0
0,5,13,6,2697.78,4 0,West,3,6,0
0,5,13,3,2697.914,4 0,North,3,6,0
0,5,13,3,2698.484,4 0,East,3,6,0
0,5,13,2,2700.41,4 1,East,3,6,0
0,5,13,2,2701.258,4 2,East,3,6,0
0,5,13,2,2701.82,4 3,East,3,6,0
0,5,13,2,2702.483,4 4,East,3,6,0
0,5,13,1,2703.317,4 4,North,3,6,0
0,5,13,2,2704.135,3 4,North,3,6,0
0,5,13,1,2704.777,3 4,West,3,6,0
0,5,13,2,2705.369,3 3,West,3,6,0
0,5,13,3,2705.961,3 3,North,3,6,0
0,5,13,2,2706.571,2 3,North,3,6,0
0,5,13,2,2707.266,1 3,North,3,6,0
0,5,13,2,2707.924,0 3,North,3,6,0
0,5,13,3,2710.213,0 3,East,3,6,0
0,5,13,2,2710.875,0 4,East,3,6,0
0,5,13,3,2711.395,0 4,South,3,6,0
0,5,13,2,2712.019,1 4,South,3,6,0
0,5,13,2,2712.696,2 4,South,3,6,0
0,5,13,3,2713.315,2 4,West,3,6,0
0,5,13,3,2714.036,2 4,North,3,6,0
0,5,13,2,2714.663,1 4,North,3,6,0
0,5,13,2,2715.241,0 4,North,3,6,0
0,5,13,1,2715.818,0 4,West,3,6,0
0,5,13,2,2716.406,0 3,West,3,6,0
0,5,13,1,2716.997,0 3,South,3,6,0
0,5,13,2,2717.523,1 3,South,3,6,0
0,5,13,2,2718.067,2 3,South,3,6,0
0,5,13,2,2718.582,3 3,South,3,6,0
0,5,13,1,2719.478,3 3,East,3,6,0
0,5,13,2,2720.102,3 4,East,3,6,0
0,5,13,3,2720.635,3 4,South,3,6,0
0,5,13,2,2721.211,4 4,South,3,6,0
0,5,13,3,2722.057,4 4,West,3,6,0
0,5,13,2,2722.662,4 3,West,3,6,0
0,5,13,2,2723.204,4 2,West,3,6,0
0,5,13,3,2724.069,4 2,North,3,6,0
0,5,13,2,2724.792,3 2,North,3,6,0
0,5,13,1,2725.786,3 2,West,3,6,0
0,5,13,2,2726.388,3 1,West,3,6,0
0,5,13,2,2726.899,3 0,West,3,6,0
0,5,13,3,2727.755,3 0,North,3,6,0
0,5,13,2,2728.362,2 0,North,3,6,0
0,5,13,2,2729.188,1 0,North,3,6,0
0,5,13,3,2729.85,1 0,East,3,6,0
0,5,13,2,2730.476,1 1,East,3,6,0
0,5,13,3,2731.018,1 1,South,3,6,0
0,5,13,2,2731.816,2 1,South,3,6,0
0,5,13,1,2732.443,2 1,East,3,6,0
0,5,13,2,2732.986,2 2,East,3,6,0
0,5,13,1,2733.531,2 2,North,3,6,0
0,5,13,2,2734.088,1 2,North,3,6,0
0,5,13,6,2734.46,1 2,North,3,7,0
0,5,13,2,2734.707,0 2,North,3,7,0
0,5,13,1,2735.466,0 2,West,3,7,0
0,5,13,1,2736.38,0 2,South,3,7,0
0,5,13,2,2736.949,1 2,South,3,7,0
0,5,13,2,2737.813,2 2,South,3,7,0
0,5,13,3,2738.422,2 2,West,3,7,0
0,5,13,2,2739.014,2 1,West,3,7,0
0,5,13,6,2739.42,2 1,West,3,8,0
2,5,13,1,2743.527,4 4,West,3,0,0
2,5,13,2,2744.908,4 3,West,3,0,0
2,5,13,2,2745.475,4 2,West,3,0,0
2,5,13,3,2746.042,4 2,North,3,0,0
2,5,13,2,2746.614,3 2,North,3,0,0
2,5,13,6,2747,3 2,North,3,1,0
2,5,13,3,2747.878,3 2,East,3,1,0
2,5,13,3,2748.421,3 2,South,3,1,0
2,5,13,2,2749.062,4 2,South,3,1,0
2,5,13,1,2749.623,4 2,East,3,1,0
2,5,13,2,2750.19,4 3,East,3,1,0
2,5,13,2,2750.73,4 4,East,3,1,0
2,5,13,1,2751.256,4 4,North,3,1,0
2,5,13,2,2751.795,3 4,North,3,1,0
2,5,13,1,2752.531,3 4,West,3,1,0
2,5,13,2,2753.082,3 3,West,3,1,0
2,5,13,3,2753.948,3 3,North,3,1,0
2,5,13,2,2754.553,2 3,North,3,1,0
2,5,13,3,2758.136,2 3,East,3,1,0
2,5,13,2,2758.853,2 3,East,3,1,1
2,5,13,1,2759.348,2 3,North,3,1,1
2,5,13,2,2760.266,1 3,North,3,1,1
2,5,13,3,2760.906,1 3,East,3,1,1
2,5,13,2,2761.511,1 3,East,3,1,2
2,5,13,1,2761.958,1 3,North,3,1,2
2,5,13,2,2762.663,0 3,North,3,1,2
2,5,13,3,2763.243,0 3,East,3,1,2
2,5,13,2,2763.831,0 4,East,3,1,2
2,5,13,3,2764.443,0 4,South,3,1,2
2,5,13,2,2765.062,1 4,South,3,1,2
2,5,13,6,2765.44,1 4,South,3,2,2
2,5,13,2,2765.652,2 4,South,3,2,2
2,5,13,3,2766.916,2 4,West,3,2,2
2,5,13,3,2767.478,2 4,North,3,2,2
2,5,13,2,2768.184,1 4,North,3,2,2
2,5,13,2,2768.698,0 4,North,3,2,2
2,5,13,1,2769.477,0 4,West,3,2,2
2,5,13,2,2770.131,0 3,West,3,2,2
2,5,13,1,2770.745,0 3,South,3,2,2
2,5,13,2,2771.336,1 3,South,3,2,2
2,5,13,2,2771.927,2 3,South,3,2,2
2,5,13,2,2772.502,3 3,South,3,2,2
2,5,13,1,2773.095,3 3,East,3,2,2
2,5,13,2,2773.641,3 4,East,3,2,2
2,5,13,3,2774.475,3 4,South,3,2,2
2,5,13,2,2775.083,4 4,South,3,2,2
2,5,13,3,2775.706,4 4,West,3,2,2
2,5,13,2,2776.247,4 3,West,3,2,2
2,5,13,2,2776.87,4 2,West,3,2,2
2,5,13,3,2777.419,4 2,North,3,2,2
2,5,13,2,2777.991,3 2,North,3,2,2
2,5,13,2,2781.512,3 2,North,3,2,3
2,5,13,1,2781.962,3 2,West,3,2,3
2,5,13,2,2782.583,3 1,West,3,2,3
2,5,13,2,2783.158,3 0,West,3,2,3
2,5,13,3,2783.722,3 0,North,3,2,3
2,5,13,2,2784.279,2 0,North,3,2,3
2,5,13,2,2785.081,1 0,North,3,2,3
2,5,13,3,2785.67,1 0,East,3,2,3
2,5,13,2,2786.227,1 1,East,3,2,3
2,5,13,3,2787.083,1 1,South,3,2,3
2,5,13,2,2787.829,2 1,South,3,2,3
2,5,13,1,2788.44,2 1,East,3,2,3
2,5,13,2,2789.03,2 2,East,3,2,3
2,5,13,6,2789.44,2 2,East,3,3,3
2,5,13,1,2789.688,2 2,North,3,3,3
2,5,13,1,2790.375,2 2,West,3,3,3
2,5,13,2,2790.999,2 1,West,3,3,3
2,5,13,3,2791.861,2 1,North,3,3,3
2,5,13,2,2792.484,1 1,North,3,3,3
2,5,13,1,2793.059,1 1,West,3,3,3
2,5,13,2,2793.609,1 0,West,3,3,3
2,5,13,1,2794.151,1 0,South,3,3,3
2,5,13,2,2794.698,2 0,South,3,3,3
2,5,13,2,2795.227,3 0,South,3,3,3
2,5,13,2,2796.026,3 0,South,3,3,4
2,5,13,1,2796.539,3 0,East,3,3,4
2,5,13,2,2797.318,3 1,East,3,3,4
2,5,13,2,2797.88,3 2,East,3,3,4
2,5,13,3,2798.803,3 2,South,3,3,4
2,5,13,2,2799.754,4 2,South,3,3,4
2,5,13,1,2800.521,4 2,East,3,3,4
2,5,13,2,2802.116,4 3,East,3,3,4
2,5,13,2,2802.646,4 4,East,3,3,4
2,5,13,1,2803.192,4 4,North,3,3,4
2,5,13,2,2803.801,3 4,North,3,3,4
2,5,13,1,2804.571,3 4,West,3,3,4
2,5,13,2,2805.192,3 3,West,3,3,4
2,5,13,6,2805.6,3 3,West,3,4,4
2,5,13,3,2805.897,3 3,North,3,4,4
2,5,13,3,2807.047,3 3,East,3,4,4
2,5,13,2,2807.691,3 4,East,3,4,4
2,5,13,3,2808.534,3 4,South,3,4,4
2,5,13,2,2809.306,4 4,South,3,4,4
2,5,13,3,2809.899,4 4,West,3,4,4
2,5,13,2,2810.467,4 3,West,3,4,4
2,5,13,2,2811.013,4 2,West,3,4,4
2,5,13,3,2811.579,4 2,North,3,4,4
2,5,13,2,2812.103,3 2,North,3,4,4
2,5,13,1,2812.635,3 2,West,3,4,4
2,5,13,2,2813.56,3 1,West,3,4,4
2,5,13,2,2814.116,3 0,West,3,4,4
2,5,13,3,2814.678,3 0,North,3,4,4
2,5,13,2,2815.196,2 0,North,3,4,4
2,5,13,2,2815.715,1 0,North,3,4,4
2,5,13,3,2816.324,1 0,East,3,4,4
2,5,13,2,2817.384,1 1,East,3,4,4
2,5,13,3,2817.991,1 1,South,3,4,4
2,5,13,2,2818.564,2 1,South,3,4,4
2,5,13,6,2818.94,2 1,South,3,5,4
2,5,13,1,2819.274,2 1,East,3,5,4
2,5,13,1,2819.843,2 1,North,3,5,4
2,5,13,3,2820.425,2 1,East,3,5,4
2,5,13,2,2821.034,2 2,East,3,5,4
2,5,13,1,2821.594,2 2,North,3,5,4
2,5,13,2,2822.131,1 2,North,3,5,4
2,5,13,6,2822.52,1 2,North,3,6,4
2,5,13,1,2822.707,1 2,West,3,6,4
2,5,13,1,2823.338,1 2,South,3,6,4
2,5,13,2,2823.901,2 2,South,3,6,4
2,5,13,3,2824.412,2 2,West,3,6,4
2,5,13,2,2824.947,2 1,West,3,6,4
2,5,13,1,2826.822,2 1,South,3,6,4
2,5,13,2,2827.482,2 1,South,3,6,5
2,5,13,3,2827.926,2 1,West,3,6,5
2,5,13,2,2828.677,2 1,West,3,6,6
2,5,13,3,2829.399,2 1,North,3,6,6
2,5,13,2,2830.165,1 1,North,3,6,6
2,5,13,1,2830.808,1 1,West,3,6,6
2,5,13,2,2831.396,1 0,West,3,6,6
2,5,13,1,2832.007,1 0,South,3,6,6
2,5,13,2,2832.564,2 0,South,3,6,6
2,5,13,2,2833.192,3 0,South,3,6,6
2,5,13,1,2833.782,3 0,East,3,6,6
2,5,13,2,2834.309,3 1,East,3,6,6
2,5,13,2,2834.861,3 2,East,3,6,6
2,5,13,3,2836.044,3 2,South,3,6,6
2,5,13,2,2836.666,4 2,South,3,6,6
2,5,13,1,2837.236,4 2,East,3,6,6
2,5,13,2,2837.795,4 3,East,3,6,6
2,5,13,2,2838.328,4 4,East,3,6,6
2,5,13,1,2838.853,4 4,North,3,6,6
2,5,13,2,2839.415,3 4,North,3,6,6
2,5,13,1,2839.941,3 4,West,3,6,6
2,5,13,2,2840.487,3 3,West,3,6,6
2,5,13,3,2841.356,3 3,North,3,6,6
2,5,13,2,2842.165,2 3,North,3,6,6
2,5,13,2,2844.103,1 3,North,3,6,6
2,5,13,3,2844.62,1 3,East,3,6,6
2,5,13,2,2846.476,1 3,East,3,6,7
2,5,13,1,2846.979,1 3,North,3,6,7
2,5,13,2,2847.783,0 3,North,3,6,7
2,5,13,3,2848.492,0 3,East,3,6,7
2,5,13,2,2849.175,0 4,East,3,6,7
2,5,13,3,2849.717,0 4,South,3,6,7
2,5,13,2,2850.428,1 4,South,3,6,7
2,5,13,2,2850.965,2 4,South,3,6,7
2,5,13,6,2851.34,2 4,South,3,7,7
2,5,13,3,2851.576,2 4,West,3,7,7
2,5,13,3,2852.09,2 4,North,3,7,7
2,5,13,2,2852.765,1 4,North,3,7,7
2,5,13,2,2853.32,0 4,North,3,7,7
2,5,13,1,2853.845,0 4,West,3,7,7
2,5,13,2,2854.42,0 3,West,3,7,7
2,5,13,1,2854.947,0 3,South,3,7,7
2,5,13,2,2855.479,1 3,South,3,7,7
2,5,13,2,2856.371,2 3,South,3,7,7
2,5,13,2,2857.03,3 3,South,3,7,7
2,5,13,1,2857.596,3 3,East,3,7,7
2,5,13,2,2858.17,3 4,East,3,7,7
2,5,13,3,2858.682,3 4,South,3,7,7
2,5,13,2,2859.507,4 4,South,3,7,7
2,5,13,3,2860.04,4 4,West,3,7,7
2,5,13,2,2860.693,4 3,West,3,7,7
2,5,13,2,2861.289,4 2,West,3,7,7
2,5,13,3,2861.818,4 2,North,3,7,7
2,5,13,2,2862.378,3 2,North,3,7,7
2,5,13,1,2862.906,3 2,West,3,7,7
2,5,13,2,2863.446,3 1,West,3,7,7
2,5,13,6,2863.86,3 1,West,3,8,7
0,5,14,1,2867.706,4 4,West,3,0,7
0,5,14,3,2868.331,4 4,North,3,0,7
0,5,14,2,2868.891,3 4,North,3,0,7
0,5,14,1,2869.699,3 4,West,3,0,7
0,5,14,2,2870.342,3 3,West,3,0,7
0,5,14,6,2870.76,3 3,West,3,1,7
0,5,14,3,2871.156,3 3,North,3,1,7
0,5,14,2,2871.734,2 3,North,3,1,7
0,5,14,2,2872.277,1 3,North,3,1,7
0,5,14,2,2873.19,0 3,North,3,1,7
0,5,14,3,2873.767,0 3,East,3,1,7
0,5,14,2,2874.38,0 4,East,3,1,7
0,5,14,3,2875.22,0 4,South,3,1,7
0,5,14,2,2875.818,1 4,South,3,1,7
0,5,14,2,2876.376,2 4,South,3,1,7
0,5,14,6,2876.76,2 4,South,3,2,7
0,5,14,3,2877.156,2 4,West,3,2,7
0,5,14,3,2877.736,2 4,North,3,2,7
0,5,14,2,2878.26,1 4,North,3,2,7
0,5,14,2,2878.823,0 4,North,3,2,7
0,5,14,1,2879.833,0 4,West,3,2,7
0,5,14,2,2880.346,0 3,West,3,2,7
0,5,14,1,2880.886,0 3,South,3,2,7
0,5,14,2,2881.4,1 3,South,3,2,7
0,5,14,2,2882.284,2 3,South,3,2,7
0,5,14,2,2882.932,3 3,South,3,2,7
0,5,14,1,2883.525,3 3,East,3,2,7
0,5,14,2,2884.083,3 4,East,3,2,7
0,5,14,3,2884.918,3 4,South,3,2,7
0,5,14,2,2885.541,4 4,South,3,2,7
0,5,14,3,2886.107,4 4,West,3,2,7
0,5,14,2,2886.68,4 3,West,3,2,7
0,5,14,2,2887.221,4 2,West,3,2,7
0,5,14,3,2888.163,4 2,North,3,2,7
0,5,14,2,2888.741,3 2,North,3,2,7
0,5,14,1,2889.258,3 2,West,3,2,7
0,5,14,2,2889.799,3 1,West,3,2,7
0,5,14,2,2890.342,3 0,West,3,2,7
0,5,14,3,2891.195,3 0,North,3,2,7
0,5,14,2,2891.752,2 0,North,3,2,7
0,5,14,2,2892.634,1 0,North,3,2,7
0,5,14,3,2893.203,1 0,East,3,2,7
0,5,14,2,2893.844,1 1,East,3,2,7
0,5,14,6,2894.26,1 1,East,3,3,7
0,5,14,3,2894.379,1 1,South,3,3,7
0,5,14,2,2894.969,2 1,South,3,3,7
0,5,14,1,2895.492,2 1,East,3,3,7
0,5,14,2,2896.027,2 2,East,3,3,7
0,5,14,1,2896.922,2 2,North,3,3,7
0,5,14,2,2897.797,1 2,North,3,3,7
0,5,14,2,2898.423,0 2,North,3,3,7
0,5,14,6,2898.8,0 2,North,3,4,7
0,5,14,1,2899.287,0 2,West,3,4,7
0,5,14,1,2900.023,0 2,South,3,4,7
0,5,14,2,2900.551,1 2,South,3,4,7
0,5,14,2,2901.173,2 2,South,3,4,7
0,5,14,3,2901.96,2 2,West,3,4,7
0,5,14,2,2902.531,2 1,West,3,4,7
0,5,14,3,2903.347,2 1,North,3,4,7
0,5,14,2,2903.896,1 1,North,3,4,7
0,5,14,1,2904.419,1 1,West,3,4,7
0,5,14,2,2905.238,1 0,West,3,4,7
0,5,14,1,2905.836,1 0,South,3,4,7
0,5,14,2,2906.375,2 0,South,3,4,7
0,5,14,2,2906.887,3 0,South,3,4,7
0,5,14,1,2907.708,3 0,East,3,4,7
0,5,14,2,2908.251,3 1,East,3,4,7
0,5,14,2,2908.794,3 2,East,3,4,7
0,5,14,3,2909.62,3 2,South,3,4,7
0,5,14,2,2910.197,4 2,South,3,4,7
0,5,14,3,2910.811,4 2,West,3,4,7
0,5,14,2,2911.341,4 1,West,3,4,7
0,5,14,6,2911.74,4 1,West,3,5,7
0,5,14,3,2912.189,4 1,North,3,5,7
0,5,14,3,2912.748,4 1,East,3,5,7
0,5,14,2,2913.686,4 2,East,3,5,7
0,5,14,2,2914.293,4 3,East,3,5,7
0,5,14,2,2914.871,4 4,East,3,5,7
0,5,14,1,2915.417,4 4,North,3,5,7
0,5,14,2,2915.996,3 4,North,3,5,7
0,5,14,1,2916.535,3 4,West,3,5,7
0,5,14,2,2917.067,3 3,West,3,5,7
0,5,14,3,2917.83,3 3,North,3,5,7
0,5,14,2,2918.378,2 3,North,3,5,7
0,5,14,6,2918.76,2 3,North,3,6,7
0,5,14,2,2918.887,1 3,North,3,6,7
0,5,14,2,2919.429,0 3,North,3,6,7
0,5,14,3,2919.957,0 3,East,3,6,7
0,5,14,2,2920.515,0 4,East,3,6,7
0,5,14,3,2921.036,0 4,South,3,6,7
0,5,14,3,2921.603,0 4,West,3,6,7
0,5,14,2,2922.163,0 3,West,3,6,7
0,5,14,1,2923.02,0 3,South,3,6,7
0,5,14,2,2923.574,1 3,South,3,6,7
0,5,14,2,2924.483,2 3,South,3,6,7
0,5,14,2,2925.063,3 3,South,3,6,7
0,5,14,1,2925.589,3 3,East,3,6,7
0,5,14,2,2926.137,3 4,East,3,6,7
0,5,14,6,2926.54,3 4,East,3,7,7
0,5,14,3,2927.052,3 4,South,3,7,7
0,5,14,2,2927.561,4 4,South,3,7,7
0,5,14,3,2928.33,4 4,West,3,7,7
0,5,14,2,2929.239,4 3,West,3,7,7
0,5,14,2,2929.879,4 2,West,3,7,7
0,5,14,3,2930.42,4 2,North,3,7,7
0,5,14,2,2930.988,3 2,North,3,7,7
0,5,14,1,2931.578,3 2,West,3,7,7
0,5,14,2,2932.102,3 1,West,3,7,7
0,5,14,2,2932.627,3 0,West,3,7,7
0,5,14,3,2933.43,3 0,North,3,7,7
0,5,14,2,2934.275,2 0,North,3,7,7
0,5,14,2,2934.828,1 0,North,3,7,7
0,5,14,3,2935.644,1 0,East,3,7,7
0,5,14,2,2936.539,1 1,East,3,7,7
0,5,14,3,2937.112,1 1,South,3,7,7
0,5,14,2,2937.671,2 1,South,3,7,7
0,5,14,1,2938.203,2 1,East,3,7,7
0,5,14,2,2938.747,2 2,East,3,7,7
0,5,14,1,2939.291,2 2,North,3,7,7
0,5,14,2,2939.88,1 2,North,3,7,7
0,5,14,2,2940.44,0 2,North,3,7,7
0,5,14,1,2940.987,0 2,West,3,7,7
0,5,14,2,2941.498,0 1,West,3,7,7
0,5,14,2,2942.04,0 0,West,3,7,7
0,5,14,3,2942.885,0 0,North,3,7,7
0,5,14,3,2943.752,0 0,East,3,7,7
0,5,14,2,2944.358,0 1,East,3,7,7
0,5,14,2,2945.146,0 2,East,3,7,7
0,5,14,3,2945.829,0 2,South,3,7,7
0,5,14,2,2946.47,1 2,South,3,7,7
0,5,14,2,2947.451,2 2,South,3,7,7
0,5,14,3,2948.107,2 2,West,3,7,7
0,5,14,2,2948.715,2 1,West,3,7,7
0,5,14,3,2949.235,2 1,North,3,7,7
0,5,14,2,2949.764,1 1,North,3,7,7
0,5,14,1,2950.277,1 1,West,3,7,7
0,5,14,2,2950.828,1 0,West,3,7,7
0,5,14,1,2951.45,1 0,South,3,7,7
0,5,14,2,2952.009,2 0,South,3,7,7
0,5,14,2,2952.565,3 0,South,3,7,7
0,5,14,1,2953.125,3 0,East,3,7,7
0,5,14,2,2953.658,3 1,East,3,7,7
0,5,14,2,2954.57,3 2,East,3,7,7
0,5,14,3,2955.13,3 2,South,3,7,7
0,5,14,2,2955.735,4 2,South,3,7,7
0,5,14,3,2956.283,4 2,West,3,7,7
0,5,14,1,2956.859,4 2,South,3,7,7
0,5,14,1,2957.434,4 2,East,3,7,7
0,5,14,2,2957.947,4 3,East,3,7,7
0,5,14,2,2958.504,4 4,East,3,7,7
0,5,14,1,2959.43,4 4,North,3,7,7
0,5,14,2,2960.029,3 4,North,3,7,7
0,5,14,1,2960.568,3 4,West,3,7,7
0,5,14,2,2961.083,3 3,West,3,7,7
0,5,14,3,2961.91,3 3,North,3,7,7
0,5,14,2,2962.535,2 3,North,3,7,7
0,5,14,2,2963.115,1 3,North,3,7,7
0,5,14,2,2963.72,0 3,North,3,7,7
0,5,14,3,2964.375,0 3,East,3,7,7
0,5,14,2,2964.979,0 4,East,3,7,7
0,5,14,6,2965.38,0 4,East,3,8,7
2,5,14,1,2968.694,4 4,West,3,0,0
2,5,14,2,2969.558,4 3,West,3,0,0
2,5,14,2,2970.393,4 2,West,3,0,0
2,5,14,2,2973.302,4 1,West,3,0,0
2,5,14,6,2973.72,4 1,West,3,1,0
2,5,14,3,2974.074,4 1,North,3,1,0
2,5,14,3,2974.696,4 1,East,3,1,0
2,5,14,2,2975.211,4 2,East,3,1,0
2,5,14,2,2975.799,4 3,East,3,1,0
2,5,14,2,2976.435,4 4,East,3,1,0
2,5,14,1,2977.018,4 4,North,3,1,0
2,5,14,2,2977.558,3 4,North,3,1,0
2,5,14,1,2978.107,3 4,West,3,1,0
2,5,14,2,2979.164,3 3,West,3,1,0
2,5,14,3,2979.715,3 3,North,3,1,0
2,5,14,2,2980.284,2 3,North,3,1,0
2,5,14,2,2980.836,1 3,North,3,1,0
2,5,14,2,2981.451,0 3,North,3,1,0
2,5,14,3,2981.973,0 3,East,3,1,0
2,5,14,2,2982.514,0 4,East,3,1,0
2,5,14,3,2983.029,0 4,South,3,1,0
2,5,14,2,2983.96,1 4,South,3,1,0
2,5,14,2,2984.586,2 4,South,3,1,0
2,5,14,6,2984.96,2 4,South,3,2,0
2,5,14,3,2985.494,2 4,West,3,2,0
2,5,14,3,2986.084,2 4,North,3,2,0
2,5,14,2,2986.695,1 4,North,3,2,0
2,5,14,2,2987.275,0 4,North,3,2,0
2,5,14,1,2988.121,0 4,West,3,2,0
2,5,14,2,2988.677,0 3,West,3,2,0
2,5,14,1,2989.271,0 3,South,3,2,0
2,5,14,2,2989.927,1 3,South,3,2,0
2,5,14,2,2990.557,2 3,South,3,2,0
2,5,14,2,2991.225,3 3,South,3,2,0
2,5,14,6,2991.6,3 3,South,3,3,0
2,5,14,1,2991.897,3 3,East,3,3,0
2,5,14,1,2992.455,3 3,North,3,3,0
2,5,14,3,2993.065,3 3,East,3,3,0
2,5,14,2,2993.687,3 4,East,3,3,0
2,5,14,3,2994.23,3 4,South,3,3,0
2,5,14,2,2994.828,4 4,South,3,3,0
2,5,14,3,2995.371,4 4,West,3,3,0
2,5,14,2,2995.959,4 3,West,3,3,0
2,5,14,2,2996.522,4 2,West,3,3,0
2,5,14,3,2997.197,4 2,North,3,3,0
2,5,14,2,2997.78,3 2,North,3,3,0
2,5,14,1,2998.47,3 2,West,3,3,0
2,5,14,2,2999.1,3 1,West,3,3,0
2,5,14,3,2999.627,3 1,North,3,3,0
2,5,14,1,3000.279,3 1,West,3,3,0
2,5,14,2,3000.884,3 0,West,3,3,0
2,5,14,3,3001.67,3 0,North,3,3,0
2,5,14,2,3002.293,2 0,North,3,3,0
2,5,14,2,3002.939,1 0,North,3,3,0
2,5,14,3,3003.636,1 0,East,3,3,0
2,5,14,2,3004.324,1 1,East,3,3,0
2,5,14,3,3008.409,1 1,South,3,3,0
2,5,14,2,3008.923,2 1,South,3,3,0
2,5,14,1,3009.477,2 1,East,3,3,0
2,5,14,2,3010.103,2 2,East,3,3,0
2,5,14,1,3010.683,2 2,North,3,3,0
2,5,14,2,3011.607,1 2,North,3,3,0
2,5,14,2,3012.219,0 2,North,3,3,0
2,5,14,6,3012.6,0 2,North,3,4,0
2,5,14,1,3012.824,0 2,West,3,4,0
2,5,14,1,3013.335,0 2,South,3,4,0
2,5,14,2,3013.896,1 2,South,3,4,0
2,5,14,2,3014.458,2 2,South,3,4,0
2,5,14,3,3015.035,2 2,West,3,4,0
2,5,14,2,3015.637,2 1,West,3,4,0
2,5,14,3,3016.442,2 1,North,3,4,0
2,5,14,2,3017.035,1 1,North,3,4,0
2,5,14,1,3017.562,1 1,West,3,4,0
2,5,14,2,3018.148,1 0,West,3,4,0
2,5,14,1,3018.694,1 0,South,3,4,0
2,5,14,2,3019.27,2 0,South,3,4,0
2,5,14,6,3019.64,2 0,South,3,5,0
2,5,14,1,3019.813,2 0,East,3,5,0
2,5,14,3,3020.356,2 0,South,3,5,0
2,5,14,2,3020.901,3 0,South,3,5,0
2,5,14,1,3021.414,3 0,East,3,5,0
2,5,14,2,3021.924,3 1,East,3,5,0
2,5,14,2,3022.475,3 2,East,3,5,0
2,5,14,3,3023.049,3 2,South,3,5,0
2,5,14,2,3023.604,4 2,South,3,5,0
2,5,14,6,3023.98,4 2,South,3,6,0
2,5,14,1,3024.138,4 2,East,3,6,0
2,5,14,1,3024.652,4 2,North,3,6,0
2,5,14,1,3025.174,4 2,West,3,6,0
2,5,14,2,3025.961,4 1,West,3,6,0
2,5,14,3,3026.616,4 1,North,3,6,0
2,5,14,3,3027.268,4 1,East,3,6,0
2,5,14,2,3027.881,4 2,East,3,6,0
2,5,14,1,3028.477,4 2,North,3,6,0
2,5,14,2,3029.066,3 2,North,3,6,0
2,5,14,1,3029.692,3 2,West,3,6,0
2,5,14,2,3030.234,3 1,West,3,6,0
2,5,14,2,3030.804,3 0,West,3,6,0
2,5,14,3,3031.318,3 0,North,3,6,0
2,5,14,2,3031.896,2 0,North,3,6,0
2,5,14,2,3032.425,1 0,North,3,6,0
2,5,14,6,3032.8,1 0,North,3,7,0
2,5,14,3,3032.979,1 0,East,3,7,0
2,5,14,3,3033.563,1 0,South,3,7,0
2,5,14,2,3034.147,2 0,South,3,7,0
2,5,14,2,3034.904,3 0,South,3,7,0
2,5,14,1,3035.483,3 0,East,3,7,0
2,5,14,2,3036.041,3 1,East,3,7,0
2,5,14,2,3037.53,3 2,East,3,7,0
2,5,14,3,3038.102,3 2,South,3,7,0
2,5,14,2,3038.708,4 2,South,3,7,0
2,5,14,3,3039.289,4 2,West,3,7,0
2,5,14,2,3039.849,4 1,West,3,7,0
2,5,14,2,3040.406,4 0,West,3,7,0
2,5,14,6,3040.82,4 0,West,3,8,0
0,5,15,1,3044.521,4 4,West,3,0,0
0,5,15,3,3045.959,4 4,North,3,0,0
0,5,15,2,3046.708,3 4,North,3,0,0
0,5,15,1,3047.38,3 4,West,3,0,0
0,5,15,2,3047.913,3 3,West,3,0,0
0,5,15,3,3048.515,3 3,North,3,0,0
0,5,15,2,3049.176,2 3,North,3,0,0
0,5,15,2,3049.784,1 3,North,3,0,0
0,5,15,2,3050.404,0 3,North,3,0,0
0,5,15,3,3050.971,0 3,East,3,0,0
0,5,15,2,3051.593,0 4,East,3,0,0
0,5,15,3,3052.15,0 4,South,3,0,0
0,5,15,3,3052.711,0 4,West,3,0,0
0,5,15,2,3053.3,0 3,West,3,0,0
0,5,15,1,3053.833,0 3,South,3,0,0
0,5,15,2,3054.395,1 3,South,3,0,0
0,5,15,2,3054.952,2 3,South,3,0,0
0,5,15,2,3055.563,3 3,South,3,0,0
0,5,15,1,3056.133,3 3,East,3,0,0
0,5,15,2,3056.682,3 4,East,3,0,0
0,5,15,3,3057.493,3 4,South,3,0,0
0,5,15,2,3058.099,4 4,South,3,0,0
0,5,15,3,3058.65,4 4,West,3,0,0
0,5,15,2,3059.193,4 3,West,3,0,0
0,5,15,2,3060.038,4 2,West,3,0,0
0,5,15,3,3060.585,4 2,North,3,0,0
0,5,15,2,3061.156,3 2,North,3,0,0
0,5,15,1,3061.703,3 2,West,3,0,0
0,5,15,2,3062.293,3 1,West,3,0,0
0,5,15,2,3062.856,3 0,West,3,0,0
0,5,15,3,3063.368,3 0,North,3,0,0
0,5,15,2,3063.901,2 0,North,3,0,0
0,5,15,2,3064.889,1 0,North,3,0,0
0,5,15,3,3065.433,1 0,East,3,0,0
0,5,15,2,3065.957,1 1,East,3,0,0
0,5,15,3,3066.503,1 1,South,3,0,0
0,5,15,2,3067.015,2 1,South,3,0,0
0,5,15,1,3067.53,2 1,East,3,0,0
0,5,15,2,3068.056,2 2,East,3,0,0
0,5,15,1,3068.967,2 2,North,3,0,0
0,5,15,2,3069.48,1 2,North,3,0,0
0,5,15,2,3070.022,0 2,North,3,0,0
0,5,15,1,3070.565,0 2,West,3,0,0
0,5,15,2,3071.076,0 1,West,3,0,0
0,5,15,6,3071.48,0 1,West,3,1,0
0,5,15,3,3072.008,0 1,North,3,1,0
0,5,15,3,3072.708,0 1,East,3,1,0
0,5,15,2,3073.323,0 2,East,3,1,0
0,5,15,3,3073.843,0 2,South,3,1,0
0,5,15,2,3074.377,1 2,South,3,1,0
0,5,15,2,3074.895,2 2,South,3,1,0
0,5,15,3,3075.751,2 2,West,3,1,0
0,5,15,2,3076.297,2 1,West,3,1,0
0,5,15,3,3076.828,2 1,North,3,1,0
0,5,15,2,3077.349,1 1,North,3,1,0
0,5,15,1,3078.186,1 1,West,3,1,0
0,5,15,2,3079.013,1 0,West,3,1,0
0,5,15,1,3079.64,1 0,South,3,1,0
0,5,15,2,3080.152,2 0,South,3,1,0
0,5,15,2,3080.732,3 0,South,3,1,0
0,5,15,1,3081.302,3 0,East,3,1,0
0,5,15,2,3081.836,3 1,East,3,1,0
0,5,15,2,3082.391,3 2,East,3,1,0
0,5,15,3,3083.303,3 2,South,3,1,0
0,5,15,2,3083.94,4 2,South,3,1,0
0,5,15,6,3084.32,4 2,South,3,2,0
0,5,15,3,3084.476,4 2,West,3,2,0
0,5,15,3,3085.003,4 2,North,3,2,0
0,5,15,3,3085.525,4 2,East,3,2,0
0,5,15,1,3086.393,4 2,North,3,2,0
0,5,15,3,3087.253,4 2,East,3,2,0
0,5,15,2,3087.786,4 3,East,3,2,0
0,5,15,2,3088.326,4 4,East,3,2,0
0,5,15,1,3088.869,4 4,North,3,2,0
0,5,15,2,3089.544,3 4,North,3,2,0
0,5,15,1,3090.283,3 4,West,3,2,0
0,5,15,2,3091.032,3 3,West,3,2,0
0,5,15,3,3091.645,3 3,North,3,2,0
0,5,15,2,3092.263,2 3,North,3,2,0
0,5,15,2,3092.804,1 3,North,3,2,0
0,5,15,2,3093.35,0 3,North,3,2,0
0,5,15,6,3093.74,0 3,North,3,3,0
0,5,15,3,3094.01,0 3,East,3,3,0
0,5,15,2,3094.568,0 4,East,3,3,0
0,5,15,3,3095.096,0 4,South,3,3,0
0,5,15,3,3095.606,0 4,West,3,3,0
0,5,15,2,3096.149,0 3,West,3,3,0
0,5,15,1,3097.045,0 3,South,3,3,0
0,5,15,2,3097.677,1 3,South,3,3,0
0,5,15,2,3098.282,2 3,South,3,3,0
0,5,15,2,3098.839,3 3,South,3,3,0
0,5,15,1,3099.385,3 3,East,3,3,0
0,5,15,2,3099.988,3 4,East,3,3,0
0,5,15,3,3100.888,3 4,South,3,3,0
0,5,15,2,3101.43,4 4,South,3,3,0
0,5,15,3,3102.005,4 4,West,3,3,0
0,5,15,2,3102.564,4 3,West,3,3,0
0,5,15,2,3103.092,4 2,West,3,3,0
0,5,15,3,3104.01,4 2,North,3,3,0
0,5,15,2,3104.582,3 2,North,3,3,0
0,5,15,1,3105.433,3 2,West,3,3,0
0,5,15,2,3106.052,3 1,West,3,3,0
0,5,15,6,3106.46,3 1,West,3,4,0
0,5,15,2,3106.821,3 0,West,3,4,0
0,5,15,3,3107.593,3 0,North,3,4,0
0,5,15,2,3108.173,2 0,North,3,4,0
0,5,15,2,3108.692,1 0,North,3,4,0
0,5,15,3,3109.252,1 0,East,3,4,0
0,5,15,2,3109.765,1 1,East,3,4,0
0,5,15,3,3110.309,1 1,South,3,4,0
0,5,15,2,3110.841,2 1,South,3,4,0
0,5,15,1,3111.707,2 1,East,3,4,0
0,5,15,2,3112.234,2 2,East,3,4,0
0,5,15,1,3112.906,2 2,North,3,4,0
0,5,15,2,3113.429,1 2,North,3,4,0
0,5,15,2,3113.94,0 2,North,3,4,0
0,5,15,1,3114.793,0 2,West,3,4,0
0,5,15,1,3115.341,0 2,South,3,4,0
0,5,15,2,3115.911,1 2,South,3,4,0
0,5,15,2,3116.454,2 2,South,3,4,0
0,5,15,3,3117.015,2 2,West,3,4,0
0,5,15,2,3117.88,2 1,West,3,4,0
0,5,15,3,3118.438,2 1,North,3,4,0
0,5,15,2,3118.97,1 1,North,3,4,0
0,5,15,1,3119.53,1 1,West,3,4,0
0,5,15,2,3120.1,1 0,West,3,4,0
0,5,15,1,3120.677,1 0,South,3,4,0
0,5,15,2,3121.236,2 0,South,3,4,0
0,5,15,2,3122.214,3 0,South,3,4,0
0,5,15,1,3122.743,3 0,East,3,4,0
0,5,15,2,3123.336,3 1,East,3,4,0
0,5,15,2,3123.881,3 2,East,3,4,0
0,5,15,3,3124.488,3 2,South,3,4,0
0,5,15,2,3125.14,4 2,South,3,4,0
0,5,15,3,3126.004,4 2,West,3,4,0
0,5,15,3,3126.825,4 2,North,3,4,0
0,5,15,3,3127.501,4 2,East,3,4,0
0,5,15,2,3128.264,4 3,East,3,4,0
0,5,15,2,3128.891,4 4,East,3,4,0
0,5,15,1,3129.447,4 4,North,3,4,0
0,5,15,2,3130.02,3 4,North,3,4,0
0,5,15,1,3130.548,3 4,West,3,4,0
0,5,15,2,3131.082,3 3,West,3,4,0
0,5,15,3,3131.895,3 3,North,3,4,0
0,5,15,2,3132.422,2 3,North,3,4,0
0,5,15,2,3132.983,1 3,North,3,4,0
0,5,15,6,3133.36,1 3,North,3,5,0
0,5,15,2,3133.973,0 3,North,3,5,0
0,5,15,3,3134.52,0 3,East,3,5,0
0,5,15,2,3135.115,0 4,East,3,5,0
0,5,15,3,3135.636,0 4,South,3,5,0
0,5,15,3,3136.613,0 4,West,3,5,0
0,5,15,2,3137.237,0 3,West,3,5,0
0,5,15,1,3137.781,0 3,South,3,5,0
0,5,15,2,3138.327,1 3,South,3,5,0
0,5,15,2,3139.194,2 3,South,3,5,0
0,5,15,2,3139.783,3 3,South,3,5,0
0,5,15,1,3140.345,3 3,East,3,5,0
0,5,15,2,3140.924,3 4,East,3,5,0
0,5,15,3,3141.659,3 4,South,3,5,0
0,5,15,2,3142.218,4 4,South,3,5,0
0,5,15,3,3142.749,4 4,West,3,5,0
0,5,15,2,3143.259,4 3,West,3,5,0
0,5,15,2,3143.799,4 2,West,3,5,0
0,5,15,3,3144.621,4 2,North,3,5,0
0,5,15,2,3145.221,3 2,North,3,5,0
0,5,15,1,3145.833,3 2,West,3,5,0
0,5,15,2,3146.392,3 1,West,3,5,0
0,5,15,2,3146.954,3 0,West,3,5,0
0,5,15,3,3147.844,3 0,North,3,5,0
0,5,15,2,3148.41,2 0,North,3,5,0
0,5,15,2,3148.953,1 0,North,3,5,0
0,5,15,3,3149.498,1 0,East,3,5,0
0,5,15,2,3150.093,1 1,East,3,5,0
0,5,15,3,3150.645,1 1,South,3,5,0
0,5,15,2,3151.158,2 1,South,3,5,0
0,5,15,1,3151.676,2 1,East,3,5,0
0,5,15,2,3152.25,2 2,East,3,5,0
0,5,15,1,3152.795,2 2,North,3,5,0
0,5,15,2,3153.719,1 2,North,3,5,0
0,5,15,2,3154.308,0 2,North,3,5,0
0,5,15,1,3154.819,0 2,West,3,5,0
0,5,15,2,3155.675,0 1,West,3,5,0
0,5,15,2,3156.541,0 0,West,3,5,0
0,5,15,6,3156.94,0 0,West,3,6,0
0,5,15,3,3157.128,0 0,North,3,6,0
0,5,15,3,3157.802,0 0,East,3,6,0
0,5,15,2,3158.364,0 1,East,3,6,0
0,5,15,2,3158.999,0 2,East,3,6,0
0,5,15,3,3159.739,0 2,South,3,6,0
0,5,15,2,3160.379,1 2,South,3,6,0
0,5,15,2,3161.334,2 2,South,3,6,0
0,5,15,3,3161.898,2 2,West,3,6,0
0,5,15,2,3162.472,2 1,West,3,6,0
0,5,15,3,3163.012,2 1,North,3,6,0
0,5,15,2,3163.542,1 1,North,3,6,0
0,5,15,1,3164.068,1 1,West,3,6,0
0,5,15,2,3164.649,1 0,West,3,6,0
0,5,15,1,3165.171,1 0,South,3,6,0
0,5,15,2,3165.703,2 0,South,3,6,0
0,5,15,6,3166.08,2 0,South,3,7,0
0,5,15,2,3166.266,3 0,South,3,7,0
0,5,15,6,3166.64,3 0,South,3,8,0
2,5,15,2,3170.267,3 4,North,3,0,0
2,5,15,1,3171.109,3 4,West,3,0,0
2,5,15,3,3172.299,3 4,North,3,0,0
2,5,15,1,3175.511,3 4,West,3,0,0
2,5,15,3,3176.074,3 4,North,3,0,0
2,5,15,3,3176.916,3 4,East,3,0,0
2,5,15,3,3177.461,3 4,South,3,0,0
2,5,15,2,3178.106,4 4,South,3,0,0
2,5,15,3,3178.916,4 4,West,3,0,0
2,5,15,2,3179.495,4 3,West,3,0,0
2,5,15,2,3180.041,4 2,West,3,0,0
2,5,15,3,3180.676,4 2,North,3,0,0
2,5,15,2,3181.306,3 2,North,3,0,0
2,5,15,1,3181.94,3 2,West,3,0,0
2,5,15,2,3182.486,3 1,West,3,0,0
2,5,15,2,3183.06,3 0,West,3,0,0
2,5,15,3,3183.593,3 0,North,3,0,0
2,5,15,2,3184.438,2 0,North,3,0,0
2,5,15,2,3185.051,1 0,North,3,0,0
2,5,15,3,3185.594,1 0,East,3,0,0
2,5,15,2,3186.121,1 1,East,3,0,0
2,5,15,3,3186.644,1 1,South,3,0,0
2,5,15,2,3187.194,2 1,South,3,0,0
2,5,15,1,3187.72,2 1,East,3,0,0
2,5,15,2,3188.265,2 2,East,3,0,0
2,5,15,1,3188.809,2 2,North,3,0,0
2,5,15,2,3189.371,1 2,North,3,0,0
2,5,15,2,3190.347,0 2,North,3,0,0
2,5,15,1,3190.989,0 2,West,3,0,0
2,5,15,2,3191.556,0 1,West,3,0,0
2,5,15,6,3191.96,0 1,West,3,1,0
2,5,15,3,3192.485,0 1,North,3,1,0
2,5,15,3,3193.176,0 1,East,3,1,0
2,5,15,2,3193.944,0 2,East,3,1,0
2,5,15,3,3194.551,0 2,South,3,1,0
2,5,15,2,3195.4,1 2,South,3,1,0
2,5,15,2,3196.5,2 2,South,3,1,0
2,5,15,3,3197.176,2 2,West,3,1,0
2,5,15,2,3198.427,2 1,West,3,1,0
2,5,15,3,3199.335,2 1,North,3,1,0
2,5,15,2,3199.98,1 1,North,3,1,0
2,5,15,1,3200.612,1 1,West,3,1,0
2,5,15,2,3201.225,1 0,West,3,1,0
2,5,15,1,3201.817,1 0,South,3,1,0
2,5,15,2,3202.392,2 0,South,3,1,0
2,5,15,2,3203,3 0,South,3,1,0
2,5,15,1,3203.542,3 0,East,3,1,0
2,5,15,2,3204.072,3 1,East,3,1,0
2,5,15,2,3204.652,3 2,East,3,1,0
2,5,15,3,3205.301,3 2,South,3,1,0
2,5,15,2,3205.893,4 2,South,3,1,0
2,5,15,6,3206.28,4 2,South,3,2,0
2,5,15,3,3206.467,4 2,West,3,2,0
2,5,15,3,3207.037,4 2,North,3,2,0
2,5,15,2,3207.719,3 2,North,3,2,0
2,5,15,1,3208.276,3 2,West,3,2,0
2,5,15,2,3208.906,3 1,West,3,2,0
2,5,15,6,3209.32,3 1,West,3,3,0
2,5,15,3,3209.56,3 1,North,3,3,0
2,5,15,3,3210.169,3 1,East,3,3,0
2,5,15,2,3210.728,3 2,East,3,3,0
2,5,15,3,3211.268,3 2,South,3,3,0
2,5,15,2,3211.814,4 2,South,3,3,0
2,5,15,1,3212.633,4 2,East,3,3,0
2,5,15,2,3213.208,4 3,East,3,3,0
2,5,15,2,3213.735,4 4,East,3,3,0
2,5,15,1,3214.299,4 4,North,3,3,0
2,5,15,2,3214.933,3 4,North,3,3,0
2,5,15,1,3215.483,3 4,West,3,3,0
2,5,15,2,3216.025,3 3,West,3,3,0
2,5,15,3,3216.548,3 3,North,3,3,0
2,5,15,2,3217.062,2 3,North,3,3,0
2,5,15,2,3217.575,1 3,North,3,3,0
2,5,15,6,3217.96,1 3,North,3,4,0
2,5,15,2,3218.555,0 3,North,3,4,0
2,5,15,3,3219.114,0 3,East,3,4,0
2,5,15,3,3219.688,0 3,South,3,4,0
2,5,15,2,3220.346,1 3,South,3,4,0
2,5,15,2,3220.889,2 3,South,3,4,0
2,5,15,1,3221.719,2 3,East,3,4,0
2,5,15,3,3223.083,2 3,South,3,4,0
2,5,15,2,3223.692,3 3,South,3,4,0
2,5,15,1,3224.247,3 3,East,3,4,0
2,5,15,2,3224.887,3 4,East,3,4,0
2,5,15,3,3225.687,3 4,South,3,4,0
2,5,15,2,3226.292,4 4,South,3,4,0
2,5,15,3,3226.902,4 4,West,3,4,0
2,5,15,2,3227.429,4 3,West,3,4,0
2,5,15,2,3228.052,4 2,West,3,4,0
2,5,15,3,3228.794,4 2,North,3,4,0
2,5,15,2,3229.381,3 2,North,3,4,0
2,5,15,1,3229.958,3 2,West,3,4,0
2,5,15,2,3230.52,3 1,West,3,4,0
2,5,15,2,3231.354,3 0,West,3,4,0
2,5,15,3,3231.943,3 0,North,3,4,0
2,5,15,2,3232.506,2 0,North,3,4,0
2,5,15,2,3233.081,1 0,North,3,4,0
2,5,15,3,3233.655,1 0,East,3,4,0
2,5,15,2,3234.265,1 1,East,3,4,0
2,5,15,3,3234.79,1 1,South,3,4,0
2,5,15,2,3235.366,2 1,South,3,4,0
2,5,15,1,3236.214,2 1,East,3,4,0
2,5,15,2,3236.793,2 2,East,3,4,0
2,5,15,1,3237.413,2 2,North,3,4,0
2,5,15,2,3238.014,1 2,North,3,4,0
2,5,15,1,3238.633,1 2,West,3,4,0
2,5,15,3,3239.321,1 2,North,3,4,0
2,5,15,2,3239.907,0 2,North,3,4,0
2,5,15,1,3240.489,0 2,West,3,4,0
2,5,15,2,3241.016,0 1,West,3,4,0
2,5,15,2,3241.595,0 0,West,3,4,0
2,5,15,6,3242,0 0,West,3,5,0
2,5,15,3,3242.6,0 0,North,3,5,0
2,5,15,3,3243.259,0 0,East,3,5,0
2,5,15,2,3243.876,0 1,East,3,5,0
2,5,15,2,3244.491,0 2,East,3,5,0
2,5,15,3,3245.079,0 2,South,3,5,0
2,5,15,2,3245.652,1 2,South,3,5,0
2,5,15,2,3246.277,2 2,South,3,5,0
2,5,15,3,3246.868,2 2,West,3,5,0
2,5,15,2,3247.46,2 1,West,3,5,0
2,5,15,3,3248.027,2 1,North,3,5,0
2,5,15,2,3248.621,1 1,North,3,5,0
2,5,15,1,3249.444,1 1,West,3,5,0
2,5,15,2,3250.021,1 0,West,3,5,0
2,5,15,1,3250.6,1 0,South,3,5,0
2,5,15,2,3251.188,2 0,South,3,5,0
2,5,15,2,3251.707,3 0,South,3,5,0
2,5,15,1,3252.294,3 0,East,3,5,0
2,5,15,2,3252.859,3 1,East,3,5,0
2,5,15,2,3253.413,3 2,East,3,5,0
2,5,15,3,3254.006,3 2,South,3,5,0
2,5,15,2,3254.555,4 2,South,3,5,0
2,5,15,1,3255.126,4 2,East,3,5,0
2,5,15,2,3255.74,4 3,East,3,5,0
2,5,15,6,3256.14,4 3,East,3,6,0
2,5,15,1,3256.598,4 3,North,3,6,0
2,5,15,3,3257.4,4 3,East,3,6,0
2,5,15,2,3258.038,4 4,East,3,6,0
2,5,15,1,3258.6,4 4,North,3,6,0
2,5,15,2,3259.19,3 4,North,3,6,0
2,5,15,1,3259.785,3 4,West,3,6,0
2,5,15,2,3260.327,3 3,West,3,6,0
2,5,15,3,3261.099,3 3,North,3,6,0
2,5,15,2,3261.629,2 3,North,3,6,0
2,5,15,2,3262.214,1 3,North,3,6,0
2,5,15,2,3262.733,0 3,North,3,6,0
2,5,15,3,3263.333,0 3,East,3,6,0
2,5,15,2,3264.009,0 4,East,3,6,0
2,5,15,6,3264.42,0 4,East,3,7,0
2,5,15,3,3264.553,0 4,South,3,7,0
2,5,15,3,3265.145,0 4,West,3,7,0
2,5,15,2,3265.895,0 3,West,3,7,0
2,5,15,6,3266.3,0 3,West,3,8,0
0,6,16,1,3275.163,4 4,West,3,0,0
0,6,16,3,3275.789,4 4,North,3,0,0
0,6,16,2,3276.341,3 4,North,3,0,0
0,6,16,1,3276.853,3 4,West,3,0,0
0,6,16,2,3277.719,3 3,West,3,0,0
0,6,16,6,3278.14,3 3,West,3,1,0
0,6,16,3,3278.345,3 3,North,3,1,0
0,6,16,2,3278.955,2 3,North,3,1,0
0,6,16,2,3279.597,1 3,North,3,1,0
0,6,16,2,3280.267,0 3,North,3,1,0
0,6,16,3,3280.823,0 3,East,3,1,0
0,6,16,2,3281.403,0 4,East,3,1,0
0,6,16,3,3281.988,0 4,South,3,1,0
0,6,16,3,3282.603,0 4,West,3,1,0
0,6,16,2,3283.207,0 3,West,3,1,0
0,6,16,1,3283.781,0 3,South,3,1,0
0,6,16,2,3284.295,1 3,South,3,1,0
0,6,16,2,3284.874,2 3,South,3,1,0
0,6,16,2,3285.501,3 3,South,3,1,0
0,6,16,1,3286.332,3 3,East,3,1,0
0,6,16,2,3286.902,3 4,East,3,1,0
0,6,16,3,3287.511,3 4,South,3,1,0
0,6,16,2,3288.085,4 4,South,3,1,0
0,6,16,3,3288.667,4 4,West,3,1,0
0,6,16,2,3289.236,4 3,West,3,1,0
0,6,16,2,3289.822,4 2,West,3,1,0
0,6,16,6,3290.24,4 2,West,3,2,0
0,6,16,3,3290.443,4 2,North,3,2,0
0,6,16,2,3291.031,3 2,North,3,2,0
0,6,16,1,3291.656,3 2,West,3,2,0
0,6,16,2,3292.183,3 1,West,3,2,0
0,6,16,2,3292.761,3 0,West,3,2,0
0,6,16,3,3293.323,3 0,North,3,2,0
0,6,16,2,3293.88,2 0,North,3,2,0
0,6,16,2,3294.428,1 0,North,3,2,0
0,6,16,3,3295.076,1 0,East,3,2,0
0,6,16,2,3295.591,1 1,East,3,2,0
0,6,16,3,3296.219,1 1,South,3,2,0
0,6,16,2,3296.813,2 1,South,3,2,0
0,6,16,1,3297.348,2 1,East,3,2,0
0,6,16,2,3298.23,2 2,East,3,2,0
0,6,16,1,3298.741,2 2,North,3,2,0
0,6,16,2,3299.371,1 2,North,3,2,0
0,6,16,2,3299.9,0 2,North,3,2,0
0,6,16,1,3300.503,0 2,West,3,2,0
0,6,16,1,3301.029,0 2,South,3,2,0
0,6,16,2,3301.604,1 2,South,3,2,0
0,6,16,2,3302.135,2 2,South,3,2,0
0,6,16,3,3302.666,2 2,West,3,2,0
0,6,16,2,3303.516,2 1,West,3,2,0
0,6,16,3,3304.105,2 1,North,3,2,0
0,6,16,2,3304.676,1 1,North,3,2,0
0,6,16,1,3305.292,1 1,West,3,2,0
0,6,16,2,3306.041,1 0,West,3,2,0
0,6,16,1,3306.725,1 0,South,3,2,0
0,6,16,2,3307.428,2 0,South,3,2,0
0,6,16,2,3308.296,3 0,South,3,2,0
0,6,16,1,3309.124,3 0,East,3,2,0
0,6,16,2,3309.738,3 1,East,3,2,0
0,6,16,2,3310.614,3 2,East,3,2,0
0,6,16,3,3311.243,3 2,South,3,2,0
0,6,16,2,3311.85,4 2,South,3,2,0
0,6,16,1,3312.477,4 2,East,3,2,0
0,6,16,2,3313.178,4 3,East,3,2,0
0,6,16,2,3313.813,4 4,East,3,2,0
0,6,16,1,3314.599,4 4,North,3,2,0
0,6,16,2,3315.148,3 4,North,3,2,0
0,6,16,1,3315.718,3 4,West,3,2,0
0,6,16,2,3316.326,3 3,West,3,2,0
0,6,16,3,3317.211,3 3,North,3,2,0
0,6,16,2,3318.023,2 3,North,3,2,0
0,6,16,6,3318.4,2 3,North,3,3,0
0,6,16,2,3318.532,1 3,North,3,3,0
0,6,16,2,3319.38,0 3,North,3,3,0
0,6,16,3,3320.071,0 3,East,3,3,0
0,6,16,2,3320.717,0 4,East,3,3,0
0,6,16,3,3321.273,0 4,South,3,3,0
0,6,16,3,3322.151,0 4,West,3,3,0
0,6,16,2,3322.781,0 3,West,3,3,0
0,6,16,1,3323.351,0 3,South,3,3,0
0,6,16,2,3323.99,1 3,South,3,3,0
0,6,16,2,3324.501,2 3,South,3,3,0
0,6,16,2,3325.068,3 3,South,3,3,0
0,6,16,1,3325.915,3 3,East,3,3,0
0,6,16,2,3326.538,3 4,East,3,3,0
0,6,16,3,3327.238,3 4,South,3,3,0
0,6,16,2,3327.804,4 4,South,3,3,0
0,6,16,3,3328.422,4 4,West,3,3,0
0,6,16,2,3329.095,4 3,West,3,3,0
0,6,16,2,3329.658,4 2,West,3,3,0
0,6,16,2,3330.181,4 1,West,3,3,0
0,6,16,2,3331.035,4 0,West,3,3,0
0,6,16,6,3331.44,4 0,West,3,4,0
0,6,16,3,3331.748,4 0,North,3,4,0
0,6,16,3,3332.278,4 0,East,3,4,0
0,6,16,2,3332.791,4 1,East,3,4,0
0,6,16,2,3333.341,4 2,East,3,4,0
0,6,16,2,3333.867,4 3,East,3,4,0
0,6,16,2,3334.517,4 4,East,3,4,0
0,6,16,1,3335.035,4 4,North,3,4,0
0,6,16,1,3336.022,4 4,West,3,4,0
0,6,16,3,3336.887,4 4,North,3,4,0
0,6,16,2,3337.429,3 4,North,3,4,0
0,6,16,1,3337.977,3 4,West,3,4,0
0,6,16,2,3338.488,3 3,West,3,4,0
0,6,16,3,3339.339,3 3,North,3,4,0
0,6,16,2,3339.975,2 3,North,3,4,0
0,6,16,2,3340.505,1 3,North,3,4,0
0,6,16,2,3341.092,0 3,North,3,4,0
0,6,16,3,3341.654,0 3,East,3,4,0
0,6,16,2,3342.295,0 4,East,3,4,0
0,6,16,6,3342.7,0 4,East,3,5,0
0,6,16,3,3342.828,0 4,South,3,5,0
0,6,16,3,3343.435,0 4,West,3,5,0
0,6,16,2,3344.198,0 3,West,3,5,0
0,6,16,1,3344.809,0 3,South,3,5,0
0,6,16,2,3345.43,1 3,South,3,5,0
0,6,16,2,3345.942,2 3,South,3,5,0
0,6,16,2,3346.778,3 3,South,3,5,0
0,6,16,1,3347.353,3 3,East,3,5,0
0,6,16,2,3347.958,3 4,East,3,5,0
0,6,16,3,3348.473,3 4,South,3,5,0
0,6,16,2,3349.002,4 4,South,3,5,0
0,6,16,3,3349.576,4 4,West,3,5,0
0,6,16,2,3350.22,4 3,West,3,5,0
0,6,16,2,3350.755,4 2,West,3,5,0
0,6,16,3,3351.844,4 2,North,3,5,0
0,6,16,2,3352.49,3 2,North,3,5,0
0,6,16,1,3353.172,3 2,West,3,5,0
0,6,16,2,3353.812,3 1,West,3,5,0
0,6,16,2,3354.394,3 0,West,3,5,0
0,6,16,3,3355.144,3 0,North,3,5,0
0,6,16,2,3355.74,2 0,North,3,5,0
0,6,16,6,3356.12,2 0,North,3,6,0
0,6,16,2,3356.363,1 0,North,3,6,0
0,6,16,3,3357.015,1 0,East,3,6,0
0,6,16,2,3357.531,1 1,East,3,6,0
0,6,16,3,3358.12,1 1,South,3,6,0
0,6,16,2,3358.708,2 1,South,3,6,0
0,6,16,1,3359.259,2 1,East,3,6,0
0,6,16,2,3359.833,2 2,East,3,6,0
0,6,16,1,3360.443,2 2,North,3,6,0
0,6,16,2,3361.306,1 2,North,3,6,0
0,6,16,2,3361.878,0 2,North,3,6,0
0,6,16,1,3362.713,0 2,West,3,6,0
0,6,16,1,3363.317,0 2,South,3,6,0
0,6,16,2,3363.977,1 2,South,3,6,0
0,6,16,2,3364.568,2 2,South,3,6,0
0,6,16,3,3365.208,2 2,West,3,6,0
0,6,16,2,3365.72,2 1,West,3,6,0
0,6,16,3,3366.283,2 1,North,3,6,0
0,6,16,2,3367.126,1 1,North,3,6,0
0,6,16,1,3367.658,1 1,West,3,6,0
0,6,16,2,3368.267,1 0,West,3,6,0
0,6,16,1,3368.826,1 0,South,3,6,0
0,6,16,2,3369.563,2 0,South,3,6,0
0,6,16,2,3370.153,3 0,South,3,6,0
0,6,16,1,3370.793,3 0,East,3,6,0
0,6,16,2,3371.42,3 1,East,3,6,0
0,6,16,2,3372.202,3 2,East,3,6,0
0,6,16,3,3372.937,3 2,South,3,6,0
0,6,16,2,3373.494,4 2,South,3,6,0
0,6,16,1,3374.156,4 2,East,3,6,0
0,6,16,2,3374.696,4 3,East,3,6,0
0,6,16,6,3375.1,4 3,East,3,7,0
0,6,16,1,3375.256,4 3,North,3,7,0
0,6,16,1,3376.056,4 3,West,3,7,0
0,6,16,3,3376.745,4 3,North,3,7,0
0,6,16,3,3377.332,4 3,East,3,7,0
0,6,16,2,3377.86,4 4,East,3,7,0
0,6,16,1,3378.55,4 4,North,3,7,0
0,6,16,2,3379.221,3 4,North,3,7,0
0,6,16,1,3379.881,3 4,West,3,7,0
0,6,16,2,3380.521,3 3,West,3,7,0
0,6,16,3,3381.147,3 3,North,3,7,0
0,6,16,2,3381.673,2 3,North,3,7,0
0,6,16,2,3382.318,1 3,North,3,7,0
0,6,16,2,3382.826,0 3,North,3,7,0
0,6,16,6,3383.2,0 3,North,3,8,0
2,6,16,1,3386.404,4 4,West,3,0,0
2,6,16,2,3387.448,4 3,West,3,0,0
2,6,16,2,3387.958,4 2,West,3,0,0
2,6,16,2,3388.568,4 1,West,3,0,0
2,6,16,2,3390.23,4 0,West,3,0,0
2,6,16,6,3390.64,4 0,West,3,1,0
2,6,16,3,3390.787,4 0,North,3,1,0
2,6,16,3,3391.395,4 0,East,3,1,0
2,6,16,2,3392.23,4 1,East,3,1,0
2,6,16,2,3392.772,4 2,East,3,1,0
2,6,16,2,3393.641,4 3,East,3,1,0
2,6,16,2,3394.205,4 4,East,3,1,0
2,6,16,1,3394.885,4 4,North,3,1,0
2,6,16,2,3395.591,3 4,North,3,1,0
2,6,16,1,3396.167,3 4,West,3,1,0
2,6,16,2,3396.71,3 3,West,3,1,0
2,6,16,3,3397.319,3 3,North,3,1,0
2,6,16,2,3397.899,2 3,North,3,1,0
2,6,16,6,3398.28,2 3,North,3,2,0
2,6,16,2,3398.677,1 3,North,3,2,0
2,6,16,2,3399.269,0 3,North,3,2,0
2,6,16,3,3399.813,0 3,East,3,2,0
2,6,16,2,3400.392,0 4,East,3,2,0
2,6,16,3,3400.907,0 4,South,3,2,0
2,6,16,2,3401.835,1 4,South,3,2,0
2,6,16,6,3402.22,1 4,South,3,3,0
2,6,16,3,3402.405,1 4,West,3,3,0
2,6,16,3,3402.956,1 4,North,3,3,0
2,6,16,2,3403.572,0 4,North,3,3,0
2,6,16,1,3404.087,0 4,West,3,3,0
2,6,16,2,3404.68,0 3,West,3,3,0
2,6,16,1,3405.225,0 3,South,3,3,0
2,6,16,2,3405.75,1 3,South,3,3,0
2,6,16,2,3406.619,2 3,South,3,3,0
2,6,16,2,3407.257,3 3,South,3,3,0
2,6,16,6,3407.64,3 3,South,3,4,0
2,6,16,1,3407.884,3 3,East,3,4,0
2,6,16,2,3408.47,3 4,East,3,4,0
2,6,16,3,3409.092,3 4,South,3,4,0
2,6,16,2,3409.69,4 4,South,3,4,0
2,6,16,3,3410.281,4 4,West,3,4,0
2,6,16,2,3411.034,4 3,West,3,4,0
2,6,16,2,3411.575,4 2,West,3,4,0
2,6,16,3,3412.182,4 2,North,3,4,0
2,6,16,2,3412.763,3 2,North,3,4,0
2,6,16,1,3413.416,3 2,West,3,4,0
2,6,16,2,3413.941,3 1,West,3,4,0
2,6,16,2,3414.472,3 0,West,3,4,0
2,6,16,3,3415.211,3 0,North,3,4,0
2,6,16,2,3416.009,2 0,North,3,4,0
2,6,16,6,3416.4,2 0,North,3,5,0
2,6,16,2,3416.906,1 0,North,3,5,0
2,6,16,3,3417.507,1 0,East,3,5,0
2,6,16,2,3418.091,1 1,East,3,5,0
2,6,16,3,3418.633,1 1,South,3,5,0
2,6,16,2,3419.194,2 1,South,3,5,0
2,6,16,1,3419.734,2 1,East,3,5,0
2,6,16,2,3420.315,2 2,East,3,5,0
2,6,16,1,3420.885,2 2,North,3,5,0
2,6,16,2,3421.448,1 2,North,3,5,0
2,6,16,2,3421.974,0 2,North,3,5,0
2,6,16,1,3422.5,0 2,West,3,5,0
2,6,16,2,3423.012,0 1,West,3,5,0
2,6,16,6,3423.42,0 1,West,3,6,0
2,6,16,1,3423.605,0 1,South,3,6,0
2,6,16,1,3424.121,0 1,East,3,6,0
2,6,16,2,3424.714,0 2,East,3,6,0
2,6,16,3,3425.636,0 2,South,3,6,0
2,6,16,2,3426.227,1 2,South,3,6,0
2,6,16,2,3426.826,2 2,South,3,6,0
2,6,16,3,3427.607,2 2,West,3,6,0
2,6,16,2,3428.179,2 1,West,3,6,0
2,6,16,3,3428.707,2 1,North,3,6,0
2,6,16,2,3429.274,1 1,North,3,6,0
2,6,16,1,3429.847,1 1,West,3,6,0
2,6,16,2,3430.405,1 0,West,3,6,0
2,6,16,1,3430.996,1 0,South,3,6,0
2,6,16,2,3431.558,2 0,South,3,6,0
2,6,16,2,3432.213,3 0,South,3,6,0
2,6,16,1,3432.805,3 0,East,3,6,0
2,6,16,2,3433.354,3 1,East,3,6,0
2,6,16,2,3433.945,3 2,East,3,6,0
2,6,16,3,3434.508,3 2,South,3,6,0
2,6,16,2,3435.113,4 2,South,3,6,0
2,6,16,1,3435.657,4 2,East,3,6,0
2,6,16,2,3436.168,4 3,East,3,6,0
2,6,16,2,3436.762,4 4,East,3,6,0
2,6,16,1,3437.287,4 4,North,3,6,0
2,6,16,2,3437.942,3 4,North,3,6,0
2,6,16,1,3438.509,3 4,West,3,6,0
2,6,16,2,3439.064,3 3,West,3,6,0
2,6,16,3,3439.701,3 3,North,3,6,0
2,6,16,2,3440.299,2 3,North,3,6,0
2,6,16,2,3440.826,1 3,North,3,6,0
2,6,16,2,3441.337,0 3,North,3,6,0
2,6,16,3,3442.133,0 3,East,3,6,0
2,6,16,2,3442.827,0 4,East,3,6,0
2,6,16,3,3443.352,0 4,South,3,6,0
2,6,16,2,3444.268,1 4,South,3,6,0
2,6,16,2,3444.853,2 4,South,3,6,0
2,6,16,6,3445.24,2 4,South,3,7,0
2,6,16,3,3445.369,2 4,West,3,7,0
2,6,16,3,3445.959,2 4,North,3,7,0
2,6,16,2,3446.524,1 4,North,3,7,0
2,6,16,2,3447.094,0 4,North,3,7,0
2,6,16,1,3447.642,0 4,West,3,7,0
2,6,16,2,3448.229,0 3,West,3,7,0
2,6,16,1,3448.81,0 3,South,3,7,0
2,6,16,2,3449.353,1 3,South,3,7,0
2,6,16,2,3450.086,2 3,South,3,7,0
2,6,16,2,3450.743,3 3,South,3,7,0
2,6,16,1,3451.353,3 3,East,3,7,0
2,6,16,2,3451.88,3 4,East,3,7,0
2,6,16,3,3452.411,3 4,South,3,7,0
2,6,16,2,3453.211,4 4,South,3,7,0
2,6,16,3,3453.93,4 4,West,3,7,0
2,6,16,2,3454.728,4 3,West,3,7,0
2,6,16,2,3455.341,4 2,West,3,7,0
2,6,16,3,3455.962,4 2,North,3,7,0
2,6,16,2,3456.552,3 2,North,3,7,0
2,6,16,1,3457.13,3 2,West,3,7,0
2,6,16,2,3457.724,3 1,West,3,7,0
2,6,16,2,3458.299,3 0,West,3,7,0
2,6,16,3,3458.812,3 0,North,3,7,0
2,6,16,2,3459.367,2 0,North,3,7,0
2,6,16,2,3460.298,1 0,North,3,7,0
2,6,16,3,3460.906,1 0,East,3,7,0
2,6,16,2,3461.51,1 1,East,3,7,0
2,6,16,3,3462.062,1 1,South,3,7,0
2,6,16,2,3462.629,2 1,South,3,7,0
2,6,16,1,3463.208,2 1,East,3,7,0
2,6,16,2,3463.781,2 2,East,3,7,0
2,6,16,1,3464.34,2 2,North,3,7,0
2,6,16,2,3464.854,1 2,North,3,7,0
2,6,16,2,3465.397,0 2,North,3,7,0
2,6,16,6,3465.78,0 2,North,3,8,0
0,6,17,2,3476.714,3 4,North,3,0,0
0,6,17,6,3477.1,3 4,North,3,1,0
0,6,17,1,3477.657,3 4,West,3,1,0
0,6,17,2,3478.233,3 3,West,3,1,0
0,6,17,3,3478.805,3 3,North,3,1,0
0,6,17,2,3479.671,2 3,North,3,1,0
0,6,17,2,3480.234,1 3,North,3,1,0
0,6,17,2,3480.874,0 3,North,3,1,0
0,6,17,3,3481.415,0 3,East,3,1,0
0,6,17,2,3482.02,0 4,East,3,1,0
0,6,17,3,3482.568,0 4,South,3,1,0
0,6,17,3,3483.382,0 4,West,3,1,0
0,6,17,2,3484.02,0 3,West,3,1,0
0,6,17,1,3484.679,0 3,South,3,1,0
0,6,17,2,3485.291,1 3,South,3,1,0
0,6,17,2,3485.803,2 3,South,3,1,0
0,6,17,2,3486.551,3 3,South,3,1,0
0,6,17,1,3487.129,3 3,East,3,1,0
0,6,17,2,3487.686,3 4,East,3,1,0
0,6,17,3,3488.345,3 4,South,3,1,0
0,6,17,2,3488.868,4 4,South,3,1,0
0,6,17,3,3489.509,4 4,West,3,1,0
0,6,17,2,3490.153,4 3,West,3,1,0
0,6,17,2,3490.728,4 2,West,3,1,0
0,6,17,3,3491.512,4 2,North,3,1,0
0,6,17,2,3492.108,3 2,North,3,1,0
0,6,17,1,3492.644,3 2,West,3,1,0
0,6,17,2,3493.196,3 1,West,3,1,0
0,6,17,2,3493.748,3 0,West,3,1,0
0,6,17,3,3494.694,3 0,North,3,1,0
0,6,17,2,3495.273,2 0,North,3,1,0
0,6,17,2,3496.054,1 0,North,3,1,0
0,6,17,3,3496.757,1 0,East,3,1,0
0,6,17,2,3497.273,1 1,East,3,1,0
0,6,17,3,3497.961,1 1,South,3,1,0
0,6,17,2,3498.54,2 1,South,3,1,0
0,6,17,1,3499.32,2 1,East,3,1,0
0,6,17,2,3499.875,2 2,East,3,1,0
0,6,17,1,3500.429,2 2,North,3,1,0
0,6,17,2,3501.132,1 2,North,3,1,0
0,6,17,6,3501.52,1 2,North,3,2,0
0,6,17,2,3501.8,0 2,North,3,2,0
0,6,17,1,3502.395,0 2,West,3,2,0
0,6,17,1,3503.322,0 2,South,3,2,0
0,6,17,2,3503.884,1 2,South,3,2,0
0,6,17,2,3504.456,2 2,South,3,2,0
0,6,17,3,3505.333,2 2,West,3,2,0
0,6,17,2,3505.849,2 1,West,3,2,0
0,6,17,3,3506.362,2 1,North,3,2,0
0,6,17,2,3506.875,1 1,North,3,2,0
0,6,17,1,3507.387,1 1,West,3,2,0
0,6,17,2,3507.927,1 0,West,3,2,0
0,6,17,1,3508.438,1 0,South,3,2,0
0,6,17,2,3509.112,2 0,South,3,2,0
0,6,17,2,3509.671,3 0,South,3,2,0
0,6,17,6,3510.06,3 0,South,3,3,0
0,6,17,1,3510.184,3 0,East,3,3,0
0,6,17,2,3510.709,3 1,East,3,3,0
0,6,17,2,3511.507,3 2,East,3,3,0
0,6,17,3,3512.068,3 2,South,3,3,0
0,6,17,2,3512.681,4 2,South,3,3,0
0,6,17,1,3513.226,4 2,East,3,3,0
0,6,17,1,3513.764,4 2,North,3,3,0
0,6,17,3,3514.406,4 2,East,3,3,0
0,6,17,2,3515.156,4 3,East,3,3,0
0,6,17,1,3515.734,4 3,North,3,3,0
0,6,17,1,3516.282,4 3,West,3,3,0
0,6,17,3,3516.794,4 3,North,3,3,0
0,6,17,3,3517.428,4 3,East,3,3,0
0,6,17,2,3518.026,4 4,East,3,3,0
0,6,17,1,3518.564,4 4,North,3,3,0
0,6,17,2,3519.444,3 4,North,3,3,0
0,6,17,1,3520.26,3 4,West,3,3,0
0,6,17,2,3521.032,3 3,West,3,3,0
0,6,17,3,3521.608,3 3,North,3,3,0
0,6,17,2,3522.165,2 3,North,3,3,0
0,6,17,2,3522.775,1 3,North,3,3,0
0,6,17,2,3523.383,0 3,North,3,3,0
0,6,17,3,3524.045,0 3,East,3,3,0
0,6,17,2,3524.964,0 4,East,3,3,0
0,6,17,3,3525.541,0 4,South,3,3,0
0,6,17,3,3526.18,0 4,West,3,3,0
0,6,17,2,3526.71,0 3,West,3,3,0
0,6,17,1,3527.255,0 3,South,3,3,0
0,6,17,2,3527.896,1 3,South,3,3,0
0,6,17,2,3528.41,2 3,South,3,3,0
0,6,17,2,3529.239,3 3,South,3,3,0
0,6,17,1,3529.817,3 3,East,3,3,0
0,6,17,2,3530.407,3 4,East,3,3,0
0,6,17,3,3530.951,3 4,South,3,3,0
0,6,17,2,3531.461,4 4,South,3,3,0
0,6,17,3,3531.973,4 4,West,3,3,0
0,6,17,2,3532.837,4 3,West,3,3,0
0,6,17,2,3533.369,4 2,West,3,3,0
0,6,17,3,3534.011,4 2,North,3,3,0
0,6,17,2,3534.604,3 2,North,3,3,0
0,6,17,1,3535.189,3 2,West,3,3,0
0,6,17,2,3535.828,3 1,West,3,3,0
0,6,17,2,3536.451,3 0,West,3,3,0
0,6,17,3,3537.242,3 0,North,3,3,0
0,6,17,2,3537.979,2 0,North,3,3,0
0,6,17,2,3538.518,1 0,North,3,3,0
0,6,17,3,3539.226,1 0,East,3,3,0
0,6,17,2,3540.075,1 1,East,3,3,0
0,6,17,3,3540.999,1 1,South,3,3,0
0,6,17,2,3541.646,2 1,South,3,3,0
0,6,17,1,3542.169,2 1,East,3,3,0
0,6,17,2,3542.74,2 2,East,3,3,0
0,6,17,6,3543.16,2 2,East,3,4,0
0,6,17,1,3543.287,2 2,North,3,4,0
0,6,17,1,3543.83,2 2,West,3,4,0
0,6,17,2,3544.363,2 1,West,3,4,0
0,6,17,3,3545.235,2 1,North,3,4,0
0,6,17,2,3545.815,1 1,North,3,4,0
0,6,17,1,3546.388,1 1,West,3,4,0
0,6,17,2,3546.987,1 0,West,3,4,0
0,6,17,6,3547.4,1 0,West,3,5,0
0,6,17,3,3547.861,1 0,North,3,5,0
0,6,17,3,3548.374,1 0,East,3,5,0
0,6,17,2,3548.92,1 1,East,3,5,0
0,6,17,3,3549.444,1 1,South,3,5,0
0,6,17,2,3549.956,2 1,South,3,5,0
0,6,17,1,3550.761,2 1,East,3,5,0
0,6,17,2,3551.591,2 2,East,3,5,0
0,6,17,1,3552.185,2 2,North,3,5,0
0,6,17,2,3552.811,1 2,North,3,5,0
0,6,17,2,3553.69,0 2,North,3,5,0
0,6,17,6,3554.08,0 2,North,3,6,0
0,6,17,1,3554.356,0 2,West,3,6,0
0,6,17,1,3555.499,0 2,South,3,6,0
0,6,17,2,3556.795,1 2,South,3,6,0
0,6,17,3,3557.846,1 2,West,3,6,0
0,6,17,3,3558.453,1 2,North,3,6,0
0,6,17,2,3559.028,0 2,North,3,6,0
0,6,17,1,3560.042,0 2,West,3,6,0
0,6,17,3,3561.063,0 2,North,3,6,0
0,6,17,3,3561.613,0 2,East,3,6,0
0,6,17,3,3562.421,0 2,South,3,6,0
0,6,17,2,3562.933,1 2,South,3,6,0
0,6,17,2,3563.574,2 2,South,3,6,0
0,6,17,3,3564.1,2 2,West,3,6,0
0,6,17,2,3564.728,2 1,West,3,6,0
0,6,17,3,3565.238,2 1,North,3,6,0
0,6,17,2,3565.83,1 1,North,3,6,0
0,6,17,1,3566.427,1 1,West,3,6,0
0,6,17,2,3567.037,1 0,West,3,6,0
0,6,17,1,3567.623,1 0,South,3,6,0
0,6,17,2,3568.183,2 0,South,3,6,0
0,6,17,2,3568.985,3 0,South,3,6,0
0,6,17,1,3569.591,3 0,East,3,6,0
0,6,17,2,3570.189,3 1,East,3,6,0
0,6,17,6,3570.6,3 1,East,3,7,0
0,6,17,2,3570.885,3 2,East,3,7,0
0,6,17,3,3571.743,3 2,South,3,7,0
0,6,17,2,3572.364,4 2,South,3,7,0
0,6,17,3,3572.938,4 2,West,3,7,0
0,6,17,3,3573.531,4 2,North,3,7,0
0,6,17,3,3574.118,4 2,East,3,7,0
0,6,17,2,3574.649,4 3,East,3,7,0
0,6,17,2,3575.179,4 4,East,3,7,0
0,6,17,1,3575.74,4 4,North,3,7,0
0,6,17,2,3576.277,3 4,North,3,7,0
0,6,17,1,3576.851,3 4,West,3,7,0
0,6,17,2,3577.383,3 3,West,3,7,0
0,6,17,3,3577.899,3 3,North,3,7,0
0,6,17,2,3578.421,2 3,North,3,7,0
0,6,17,2,3579.107,1 3,North,3,7,0
0,6,17,2,3579.624,0 3,North,3,7,0
0,6,17,3,3580.298,0 3,East,3,7,0
0,6,17,2,3581.227,0 4,East,3,7,0
0,6,17,3,3581.831,0 4,South,3,7,0
0,6,17,2,3582.436,1 4,South,3,7,0
0,6,17,6,3582.82,1 4,South,3,8,0
2,6,17,1,3593.462,4 4,West,3,0,0
2,6,17,2,3594.58,4 3,West,3,0,0
2,6,17,2,3595.175,4 2,West,3,0,0
2,6,17,3,3595.723,4 2,North,3,0,0
2,6,17,2,3596.262,3 2,North,3,0,0
2,6,17,1,3596.821,3 2,West,3,0,0
2,6,17,2,3597.354,3 1,West,3,0,0
2,6,17,2,3598.185,3 0,West,3,0,0
2,6,17,3,3598.699,3 0,North,3,0,0
2,6,17,2,3599.371,2 0,North,3,0,0
2,6,17,2,3599.911,1 0,North,3,0,0
2,6,17,3,3600.469,1 0,East,3,0,0
2,6,17,2,3601.034,1 1,East,3,0,0
2,6,17,3,3601.846,1 1,South,3,0,0
2,6,17,2,3602.47,2 1,South,3,0,0
2,6,17,1,3603.063,2 1,East,3,0,0
2,6,17,2,3603.613,2 2,East,3,0,0
2,6,17,1,3604.164,2 2,North,3,0,0
2,6,17,2,3605.03,1 2,North,3,0,0
2,6,17,2,3605.67,0 2,North,3,0,0
2,6,17,6,3606.04,0 2,North,3,1,0
2,6,17,1,3606.243,0 2,West,3,1,0
2,6,17,1,3606.886,0 2,South,3,1,0
2,6,17,2,3607.542,1 2,South,3,1,0
2,6,17,2,3608.122,2 2,South,3,1,0
2,6,17,3,3608.7,2 2,West,3,1,0
2,6,17,2,3609.577,2 1,West,3,1,0
2,6,17,2,3610.887,2 1,West,3,1,1
2,6,17,3,3611.284,2 1,North,3,1,1
2,6,17,2,3611.944,1 1,North,3,1,1
2,6,17,1,3612.535,1 1,West,3,1,1
2,6,17,2,3613.093,1 0,West,3,1,1
2,6,17,1,3613.702,1 0,South,3,1,1
2,6,17,2,3614.406,2 0,South,3,1,1
2,6,17,2,3614.982,3 0,South,3,1,1
2,6,17,1,3615.561,3 0,East,3,1,1
2,6,17,2,3616.134,3 1,East,3,1,1
2,6,17,2,3616.694,3 2,East,3,1,1
2,6,17,3,3617.307,3 2,South,3,1,1
2,6,17,2,3617.863,4 2,South,3,1,1
2,6,17,1,3618.664,4 2,East,3,1,1
2,6,17,2,3619.288,4 3,East,3,1,1
2,6,17,2,3619.847,4 4,East,3,1,1
2,6,17,1,3620.421,4 4,North,3,1,1
2,6,17,2,3620.955,3 4,North,3,1,1
2,6,17,6,3621.34,3 4,North,3,2,1
2,6,17,1,3622.473,3 4,West,3,2,1
2,6,17,3,3623.14,3 4,North,3,2,1
2,6,17,3,3623.801,3 4,East,3,2,1
2,6,17,3,3624.373,3 4,South,3,2,1
2,6,17,2,3624.971,4 4,South,3,2,1
2,6,17,3,3625.525,4 4,West,3,2,1
2,6,17,2,3626.085,4 3,West,3,2,1
2,6,17,2,3626.699,4 2,West,3,2,1
2,6,17,3,3627.256,4 2,North,3,2,1
2,6,17,2,3627.837,3 2,North,3,2,1
2,6,17,1,3628.404,3 2,West,3,2,1
2,6,17,2,3629.259,3 1,West,3,2,1
2,6,17,2,3629.978,3 0,West,3,2,1
2,6,17,3,3630.522,3 0,North,3,2,1
2,6,17,2,3631.099,2 0,North,3,2,1
2,6,17,2,3633.147,1 0,North,3,2,1
2,6,17,3,3633.72,1 0,East,3,2,1
2,6,17,2,3634.282,1 1,East,3,2,1
2,6,17,3,3634.825,1 1,South,3,2,1
2,6,17,2,3635.364,2 1,South,3,2,1
2,6,17,1,3635.908,2 1,East,3,2,1
2,6,17,2,3636.423,2 2,East,3,2,1
2,6,17,1,3636.964,2 2,North,3,2,1
2,6,17,2,3637.908,1 2,North,3,2,1
2,6,17,6,3638.28,1 2,North,3,3,1
2,6,17,3,3639.3,1 2,East,3,3,1
2,6,17,3,3639.864,1 2,South,3,3,1
2,6,17,2,3640.71,2 2,South,3,3,1
2,6,17,3,3641.61,2 2,West,3,3,1
2,6,17,2,3642.197,2 1,West,3,3,1
2,6,17,3,3642.742,2 1,North,3,3,1
2,6,17,2,3643.287,1 1,North,3,3,1
2,6,17,1,3643.862,1 1,West,3,3,1
2,6,17,2,3644.744,1 0,West,3,3,1
2,6,17,1,3645.43,1 0,South,3,3,1
2,6,17,2,3646.037,2 0,South,3,3,1
2,6,17,2,3646.66,3 0,South,3,3,1
2,6,17,1,3647.288,3 0,East,3,3,1
2,6,17,2,3647.835,3 1,East,3,3,1
2,6,17,2,3648.454,3 2,East,3,3,1
2,6,17,3,3649.115,3 2,South,3,3,1
2,6,17,2,3649.719,4 2,South,3,3,1
2,6,17,1,3650.329,4 2,East,3,3,1
2,6,17,2,3650.887,4 3,East,3,3,1
2,6,17,2,3651.527,4 4,East,3,3,1
2,6,17,1,3652.1,4 4,North,3,3,1
2,6,17,2,3652.661,3 4,North,3,3,1
2,6,17,1,3653.27,3 4,West,3,3,1
2,6,17,2,3653.869,3 3,West,3,3,1
2,6,17,3,3654.458,3 3,North,3,3,1
2,6,17,2,3655.062,2 3,North,3,3,1
2,6,17,2,3655.578,1 3,North,3,3,1
2,6,17,2,3656.134,0 3,North,3,3,1
2,6,17,6,3656.52,0 3,North,3,4,1
2,6,17,3,3656.844,0 3,East,3,4,1
2,6,17,3,3657.412,0 3,South,3,4,1
2,6,17,2,3658.006,1 3,South,3,4,1
2,6,17,2,3658.54,2 3,South,3,4,1
2,6,17,1,3659.34,2 3,East,3,4,1
2,6,17,3,3659.925,2 3,South,3,4,1
2,6,17,2,3660.509,3 3,South,3,4,1
2,6,17,2,3661.428,3 3,South,3,4,2
2,6,17,1,3661.863,3 3,East,3,4,2
2,6,17,2,3662.461,3 4,East,3,4,2
2,6,17,3,3663.002,3 4,South,3,4,2
2,6,17,2,3663.795,4 4,South,3,4,2
2,6,17,3,3664.33,4 4,West,3,4,2
2,6,17,2,3664.936,4 3,West,3,4,2
2,6,17,2,3665.596,4 2,West,3,4,2
2,6,17,3,3666.437,4 2,North,3,4,2
2,6,17,2,3666.988,3 2,North,3,4,2
2,6,17,1,3667.737,3 2,West,3,4,2
2,6,17,2,3668.364,3 1,West,3,4,2
2,6,17,2,3669.021,3 0,West,3,4,2
2,6,17,3,3669.543,3 0,North,3,4,2
2,6,17,2,3670.09,2 0,North,3,4,2
2,6,17,2,3670.823,1 0,North,3,4,2
2,6,17,6,3671.2,1 0,North,3,5,2
2,6,17,3,3671.482,1 0,East,3,5,2
2,6,17,3,3672.331,1 0,South,3,5,2
2,6,17,2,3673.036,2 0,South,3,5,2
2,6,17,2,3673.708,3 0,South,3,5,2
2,6,17,1,3674.343,3 0,East,3,5,2
2,6,17,2,3674.922,3 1,East,3,5,2
2,6,17,2,3675.482,3 2,East,3,5,2
2,6,17,3,3676.044,3 2,South,3,5,2
2,6,17,2,3676.627,4 2,South,3,5,2
2,6,17,1,3677.573,4 2,East,3,5,2
2,6,17,2,3678.181,4 3,East,3,5,2
2,6,17,2,3679.012,4 4,East,3,5,2
2,6,17,1,3679.645,4 4,North,3,5,2
2,6,17,2,3680.28,3 4,North,3,5,2
2,6,17,1,3680.871,3 4,West,3,5,2
2,6,17,2,3681.462,3 3,West,3,5,2
2,6,17,3,3682.006,3 3,North,3,5,2
2,6,17,2,3682.615,2 3,North,3,5,2
2,6,17,2,3683.223,1 3,North,3,5,2
2,6,17,2,3683.882,0 3,North,3,5,2
2,6,17,3,3684.494,0 3,East,3,5,2
2,6,17,2,3685.099,0 4,East,3,5,2
2,6,17,6,3685.5,0 4,East,3,6,2
2,6,17,3,3685.734,0 4,South,3,6,2
2,6,17,3,3686.345,0 4,West,3,6,2
2,6,17,2,3686.956,0 3,West,3,6,2
2,6,17,1,3687.511,0 3,South,3,6,2
2,6,17,2,3688.101,1 3,South,3,6,2
2,6,17,2,3688.661,2 3,South,3,6,2
2,6,17,2,3689.578,3 3,South,3,6,2
2,6,17,1,3690.182,3 3,East,3,6,2
2,6,17,2,3690.796,3 4,East,3,6,2
2,6,17,3,3691.32,3 4,South,3,6,2
2,6,17,2,3691.947,4 4,South,3,6,2
2,6,17,3,3692.523,4 4,West,3,6,2
2,6,17,2,3693.109,4 3,West,3,6,2
2,6,17,6,3693.52,4 3,West,3,7,2
2,6,17,3,3693.908,4 3,North,3,7,2
2,6,17,1,3694.515,4 3,West,3,7,2
2,6,17,2,3695.188,4 2,West,3,7,2
2,6,17,2,3695.897,4 1,West,3,7,2
2,6,17,6,3696.32,4 1,West,3,8,2
0,6,18,1,3704.839,4 4,West,3,0,2
0,6,18,2,3705.533,4 3,West,3,0,2
0,6,18,2,3706.09,4 2,West,3,0,2
0,6,18,2,3706.684,4 1,West,3,0,2
0,6,18,6,3707.1,4 1,West,3,1,2
0,6,18,3,3707.575,4 1,North,3,1,2
0,6,18,3,3708.155,4 1,East,3,1,2
0,6,18,2,3708.667,4 2,East,3,1,2
0,6,18,1,3709.244,4 2,North,3,1,2
0,6,18,1,3709.911,4 2,West,3,1,2
0,6,18,3,3710.761,4 2,North,3,1,2
0,6,18,3,3711.396,4 2,East,3,1,2
0,6,18,2,3711.929,4 3,East,3,1,2
0,6,18,2,3712.537,4 4,East,3,1,2
0,6,18,1,3713.132,4 4,North,3,1,2
0,6,18,2,3713.879,3 4,North,3,1,2
0,6,18,1,3714.411,3 4,West,3,1,2
0,6,18,2,3714.982,3 3,West,3,1,2
0,6,18,3,3715.803,3 3,North,3,1,2
0,6,18,2,3716.363,2 3,North,3,1,2
0,6,18,2,3716.984,1 3,North,3,1,2
0,6,18,6,3717.36,1 3,North,3,2,2
0,6,18,2,3717.53,0 3,North,3,2,2
0,6,18,3,3718.068,0 3,East,3,2,2
0,6,18,2,3718.74,0 4,East,3,2,2
0,6,18,3,3719.45,0 4,South,3,2,2
0,6,18,3,3719.961,0 4,West,3,2,2
0,6,18,2,3720.52,0 3,West,3,2,2
0,6,18,1,3721.052,0 3,South,3,2,2
0,6,18,2,3721.931,1 3,South,3,2,2
0,6,18,2,3722.551,2 3,South,3,2,2
0,6,18,2,3723.113,3 3,South,3,2,2
0,6,18,1,3723.628,3 3,East,3,2,2
0,6,18,2,3724.185,3 4,East,3,2,2
0,6,18,3,3725.001,3 4,South,3,2,2
0,6,18,2,3725.579,4 4,South,3,2,2
0,6,18,3,3726.118,4 4,West,3,2,2
0,6,18,2,3726.675,4 3,West,3,2,2
0,6,18,2,3727.224,4 2,West,3,2,2
0,6,18,3,3727.752,4 2,North,3,2,2
0,6,18,2,3728.264,3 2,North,3,2,2
0,6,18,1,3728.79,3 2,West,3,2,2
0,6,18,2,3729.35,3 1,West,3,2,2
0,6,18,2,3729.863,3 0,West,3,2,2
0,6,18,3,3730.691,3 0,North,3,2,2
0,6,18,2,3731.636,2 0,North,3,2,2
0,6,18,2,3732.187,1 0,North,3,2,2
0,6,18,3,3732.709,1 0,East,3,2,2
0,6,18,2,3733.274,1 1,East,3,2,2
0,6,18,3,3734.105,1 1,South,3,2,2
0,6,18,2,3734.646,2 1,South,3,2,2
0,6,18,1,3735.222,2 1,East,3,2,2
0,6,18,2,3735.773,2 2,East,3,2,2
0,6,18,1,3736.345,2 2,North,3,2,2
0,6,18,2,3737.194,1 2,North,3,2,2
0,6,18,2,3737.734,0 2,North,3,2,2
0,6,18,1,3738.276,0 2,West,3,2,2
0,6,18,2,3738.844,0 1,West,3,2,2
0,6,18,6,3739.26,0 1,West,3,3,2
0,6,18,2,3739.731,0 0,West,3,3,2
0,6,18,1,3740.696,0 0,South,3,3,2
0,6,18,1,3741.302,0 0,East,3,3,2
0,6,18,2,3741.884,0 1,East,3,3,2
0,6,18,2,3742.459,0 2,East,3,3,2
0,6,18,3,3743.017,0 2,South,3,3,2
0,6,18,2,3743.613,1 2,South,3,3,2
0,6,18,2,3744.406,2 2,South,3,3,2
0,6,18,3,3745.081,2 2,West,3,3,2
0,6,18,2,3745.707,2 1,West,3,3,2
0,6,18,3,3746.285,2 1,North,3,3,2
0,6,18,2,3746.823,1 1,North,3,3,2
0,6,18,1,3747.348,1 1,West,3,3,2
0,6,18,2,3747.897,1 0,West,3,3,2
0,6,18,1,3748.439,1 0,South,3,3,2
0,6,18,2,3748.951,2 0,South,3,3,2
0,6,18,2,3749.464,3 0,South,3,3,2
0,6,18,1,3750.349,3 0,East,3,3,2
0,6,18,2,3750.902,3 1,East,3,3,2
0,6,18,2,3751.838,3 2,East,3,3,2
0,6,18,3,3752.569,3 2,South,3,3,2
0,6,18,2,3753.158,4 2,South,3,3,2
0,6,18,3,3753.734,4 2,West,3,3,2
0,6,18,3,3754.565,4 2,North,3,3,2
0,6,18,3,3755.192,4 2,East,3,3,2
0,6,18,2,3755.739,4 3,East,3,3,2
0,6,18,2,3756.612,4 4,East,3,3,2
0,6,18,1,3757.191,4 4,North,3,3,2
0,6,18,2,3757.772,3 4,North,3,3,2
0,6,18,1,3758.312,3 4,West,3,3,2
0,6,18,2,3758.921,3 3,West,3,3,2
0,6,18,3,3759.446,3 3,North,3,3,2
0,6,18,2,3759.978,2 3,North,3,3,2
0,6,18,2,3760.597,1 3,North,3,3,2
0,6,18,2,3761.224,0 3,North,3,3,2
0,6,18,3,3761.861,0 3,East,3,3,2
0,6,18,2,3762.459,0 4,East,3,3,2
0,6,18,3,3763.493,0 4,South,3,3,2
0,6,18,2,3764.041,1 4,South,3,3,2
0,6,18,2,3764.584,2 4,South,3,3,2
0,6,18,6,3764.96,2 4,South,3,4,2
0,6,18,3,3765.13,2 4,West,3,4,2
0,6,18,3,3765.645,2 4,North,3,4,2
0,6,18,2,3766.168,1 4,North,3,4,2
0,6,18,2,3766.758,0 4,North,3,4,2
0,6,18,1,3767.27,0 4,West,3,4,2
0,6,18,2,3767.781,0 3,West,3,4,2
0,6,18,1,3768.36,0 3,South,3,4,2
0,6,18,2,3769.223,1 3,South,3,4,2
0,6,18,2,3769.863,2 3,South,3,4,2
0,6,18,2,3770.424,3 3,South,3,4,2
0,6,18,1,3771.013,3 3,East,3,4,2
0,6,18,2,3771.544,3 4,East,3,4,2
0,6,18,3,3772.084,3 4,South,3,4,2
0,6,18,2,3772.62,4 4,South,3,4,2
0,6,18,3,3773.159,4 4,West,3,4,2
0,6,18,2,3774.088,4 3,West,3,4,2
0,6,18,2,3774.684,4 2,West,3,4,2
0,6,18,3,3775.595,4 2,North,3,4,2
0,6,18,2,3776.156,3 2,North,3,4,2
0,6,18,1,3776.748,3 2,West,3,4,2
0,6,18,2,3777.29,3 1,West,3,4,2
0,6,18,2,3777.863,3 0,West,3,4,2
0,6,18,3,3778.86,3 0,North,3,4,2
0,6,18,2,3779.381,2 0,North,3,4,2
0,6,18,2,3780.294,1 0,North,3,4,2
0,6,18,3,3780.876,1 0,East,3,4,2
0,6,18,2,3781.428,1 1,East,3,4,2
0,6,18,3,3782.008,1 1,South,3,4,2
0,6,18,2,3782.533,2 1,South,3,4,2
0,6,18,1,3783.047,2 1,East,3,4,2
0,6,18,2,3783.591,2 2,East,3,4,2
0,6,18,1,3784.154,2 2,North,3,4,2
0,6,18,2,3785.031,1 2,North,3,4,2
0,6,18,2,3785.685,0 2,North,3,4,2
0,6,18,1,3786.197,0 2,West,3,4,2
0,6,18,2,3786.749,0 1,West,3,4,2
0,6,18,2,3787.319,0 0,West,3,4,2
0,6,18,6,3787.72,0 0,West,3,5,2
0,6,18,3,3787.863,0 0,North,3,5,2
0,6,18,3,3788.459,0 0,East,3,5,2
0,6,18,2,3789.022,0 1,East,3,5,2
0,6,18,2,3789.556,0 2,East,3,5,2
0,6,18,3,3790.423,0 2,South,3,5,2
0,6,18,2,3790.968,1 2,South,3,5,2
0,6,18,2,3791.498,2 2,South,3,5,2
0,6,18,3,3792.327,2 2,West,3,5,2
0,6,18,2,3792.957,2 1,West,3,5,2
0,6,18,3,3793.469,2 1,North,3,5,2
0,6,18,2,3794.01,1 1,North,3,5,2
0,6,18,6,3794.4,1 1,North,3,6,2
0,6,18,1,3794.529,1 1,West,3,6,2
0,6,18,2,3795.046,1 0,West,3,6,2
0,6,18,1,3795.588,1 0,South,3,6,2
0,6,18,2,3796.12,2 0,South,3,6,2
0,6,18,2,3796.631,3 0,South,3,6,2
0,6,18,1,3797.571,3 0,East,3,6,2
0,6,18,2,3798.134,3 1,East,3,6,2
0,6,18,2,3798.988,3 2,East,3,6,2
0,6,18,6,3799.4,3 2,East,3,7,2
0,6,18,3,3799.513,3 2,South,3,7,2
0,6,18,3,3800.092,3 2,West,3,7,2
0,6,18,2,3800.761,3 1,West,3,7,2
0,6,18,2,3801.494,3 0,West,3,7,2
0,6,18,3,3802.005,3 0,North,3,7,2
0,6,18,3,3802.632,3 0,East,3,7,2
0,6,18,2,3803.176,3 1,East,3,7,2
0,6,18,2,3803.835,3 2,East,3,7,2
0,6,18,3,3804.714,3 2,South,3,7,2
0,6,18,2,3805.349,4 2,South,3,7,2
0,6,18,3,3805.973,4 2,West,3,7,2
0,6,18,3,3806.538,4 2,North,3,7,2
0,6,18,3,3807.083,4 2,East,3,7,2
0,6,18,2,3807.625,4 3,East,3,7,2
0,6,18,2,3808.186,4 4,East,3,7,2
0,6,18,1,3808.717,4 4,North,3,7,2
0,6,18,2,3809.259,3 4,North,3,7,2
0,6,18,1,3809.799,3 4,West,3,7,2
0,6,18,2,3810.343,3 3,West,3,7,2
0,6,18,3,3810.884,3 3,North,3,7,2
0,6,18,2,3811.435,2 3,North,3,7,2
0,6,18,2,3812.006,1 3,North,3,7,2
0,6,18,2,3812.564,0 3,North,3,7,2
0,6,18,3,3813.417,0 3,East,3,7,2
0,6,18,2,3813.994,0 4,East,3,7,2
0,6,18,3,3814.63,0 4,South,3,7,2
0,6,18,3,3815.272,0 4,West,3,7,2
0,6,18,2,3815.957,0 3,West,3,7,2
0,6,18,1,3816.522,0 3,South,3,7,2
0,6,18,2,3817.115,1 3,South,3,7,2
0,6,18,2,3817.627,2 3,South,3,7,2
0,6,18,2,3818.443,3 3,South,3,7,2
0,6,18,1,3819.066,3 3,East,3,7,2
0,6,18,2,3819.652,3 4,East,3,7,2
0,6,18,3,3820.428,3 4,South,3,7,2
0,6,18,2,3821.035,4 4,South,3,7,2
0,6,18,3,3821.677,4 4,West,3,7,2
0,6,18,2,3822.311,4 3,West,3,7,2
0,6,18,2,3822.909,4 2,West,3,7,2
0,6,18,3,3823.719,4 2,North,3,7,2
0,6,18,2,3824.315,3 2,North,3,7,2
0,6,18,1,3824.86,3 2,West,3,7,2
0,6,18,2,3825.526,3 1,West,3,7,2
0,6,18,2,3826.085,3 0,West,3,7,2
0,6,18,3,3826.615,3 0,North,3,7,2
0,6,18,2,3827.22,2 0,North,3,7,2
0,6,18,2,3827.77,1 0,North,3,7,2
0,6,18,3,3828.292,1 0,East,3,7,2
0,6,18,2,3828.845,1 1,East,3,7,2
0,6,18,3,3829.796,1 1,South,3,7,2
0,6,18,2,3830.427,2 1,South,3,7,2
0,6,18,6,3830.82,2 1,South,3,8,2
2,6,18,1,3836.633,4 4,West,3,0,0
2,6,18,2,3837.464,4 3,West,3,0,0
2,6,18,2,3838.04,4 2,West,3,0,0
2,6,18,3,3838.585,4 2,North,3,0,0
2,6,18,2,3839.111,3 2,North,3,0,0
2,6,18,6,3839.5,3 2,North,3,1,0
2,6,18,1,3841.365,3 2,West,3,1,0
2,6,18,2,3841.898,3 1,West,3,1,0
2,6,18,2,3842.502,3 0,West,3,1,0
2,6,18,3,3843.063,3 0,North,3,1,0
2,6,18,2,3843.659,2 0,North,3,1,0
2,6,18,2,3844.235,1 0,North,3,1,0
2,6,18,3,3844.755,1 0,East,3,1,0
2,6,18,2,3845.702,1 1,East,3,1,0
2,6,18,3,3846.332,1 1,South,3,1,0
2,6,18,2,3846.94,2 1,South,3,1,0
2,6,18,1,3847.531,2 1,East,3,1,0
2,6,18,2,3848.091,2 2,East,3,1,0
2,6,18,1,3848.636,2 2,North,3,1,0
2,6,18,2,3849.18,1 2,North,3,1,0
2,6,18,2,3850.021,0 2,North,3,1,0
2,6,18,1,3850.583,0 2,West,3,1,0
2,6,18,2,3851.162,0 1,West,3,1,0
2,6,18,6,3851.58,0 1,West,3,2,0
2,6,18,1,3851.852,0 1,South,3,2,0
2,6,18,1,3852.389,0 1,East,3,2,0
2,6,18,2,3853,0 2,East,3,2,0
2,6,18,3,3853.837,0 2,South,3,2,0
2,6,18,2,3854.522,1 2,South,3,2,0
2,6,18,2,3855.196,2 2,South,3,2,0
2,6,18,3,3855.813,2 2,West,3,2,0
2,6,18,2,3856.406,2 1,West,3,2,0
2,6,18,3,3856.952,2 1,North,3,2,0
2,6,18,2,3857.54,1 1,North,3,2,0
2,6,18,1,3858.074,1 1,West,3,2,0
2,6,18,2,3858.678,1 0,West,3,2,0
2,6,18,1,3859.27,1 0,South,3,2,0
2,6,18,2,3859.848,2 0,South,3,2,0
2,6,18,2,3860.406,3 0,South,3,2,0
2,6,18,1,3860.998,3 0,East,3,2,0
2,6,18,2,3861.545,3 1,East,3,2,0
2,6,18,2,3862.133,3 2,East,3,2,0
2,6,18,3,3862.723,3 2,South,3,2,0
2,6,18,2,3863.308,4 2,South,3,2,0
2,6,18,1,3863.861,4 2,East,3,2,0
2,6,18,2,3864.438,4 3,East,3,2,0
2,6,18,2,3864.971,4 4,East,3,2,0
2,6,18,1,3865.526,4 4,North,3,2,0
2,6,18,2,3866.118,3 4,North,3,2,0
2,6,18,1,3866.646,3 4,West,3,2,0
2,6,18,2,3867.16,3 3,West,3,2,0
2,6,18,3,3867.704,3 3,North,3,2,0
2,6,18,2,3868.283,2 3,North,3,2,0
2,6,18,2,3868.872,1 3,North,3,2,0
2,6,18,6,3869.26,1 3,North,3,3,0
2,6,18,3,3869.518,1 3,East,3,3,0
2,6,18,3,3870.058,1 3,South,3,3,0
2,6,18,2,3870.615,2 3,South,3,3,0
2,6,18,2,3871.157,3 3,South,3,3,0
2,6,18,1,3871.686,3 3,East,3,3,0
2,6,18,2,3872.236,3 4,East,3,3,0
2,6,18,3,3873.195,3 4,South,3,3,0
2,6,18,2,3873.717,4 4,South,3,3,0
2,6,18,3,3874.281,4 4,West,3,3,0
2,6,18,2,3874.811,4 3,West,3,3,0
2,6,18,2,3875.386,4 2,West,3,3,0
2,6,18,3,3875.963,4 2,North,3,3,0
2,6,18,2,3876.506,3 2,North,3,3,0
2,6,18,1,3877.094,3 2,West,3,3,0
2,6,18,2,3877.677,3 1,West,3,3,0
2,6,18,2,3878.328,3 0,West,3,3,0
2,6,18,3,3878.871,3 0,North,3,3,0
2,6,18,2,3879.418,2 0,North,3,3,0
2,6,18,2,3880.391,1 0,North,3,3,0
2,6,18,3,3881.002,1 0,East,3,3,0
2,6,18,2,3881.624,1 1,East,3,3,0
2,6,18,3,3882.157,1 1,South,3,3,0
2,6,18,2,3882.679,2 1,South,3,3,0
2,6,18,6,3883.06,2 1,South,3,4,0
2,6,18,1,3883.369,2 1,East,3,4,0
2,6,18,1,3883.93,2 1,North,3,4,0
2,6,18,2,3884.635,1 1,North,3,4,0
2,6,18,3,3886.052,1 1,East,3,4,0
2,6,18,3,3886.694,1 1,South,3,4,0
2,6,18,2,3887.339,2 1,South,3,4,0
2,6,18,1,3887.979,2 1,East,3,4,0
2,6,18,2,3888.604,2 2,East,3,4,0
2,6,18,1,3889.179,2 2,North,3,4,0
2,6,18,2,3889.77,1 2,North,3,4,0
2,6,18,2,3890.363,0 2,North,3,4,0
2,6,18,1,3890.924,0 2,West,3,4,0
2,6,18,2,3891.46,0 1,West,3,4,0
2,6,18,2,3892.088,0 0,West,3,4,0
2,6,18,6,3892.5,0 0,West,3,5,0
2,6,18,3,3892.635,0 0,North,3,5,0
2,6,18,3,3893.255,0 0,East,3,5,0
2,6,18,3,3893.834,0 0,South,3,5,0
2,6,18,1,3894.457,0 0,East,3,5,0
2,6,18,2,3895.03,0 1,East,3,5,0
2,6,18,2,3895.636,0 2,East,3,5,0
2,6,18,3,3896.388,0 2,South,3,5,0
2,6,18,2,3897.014,1 2,South,3,5,0
2,6,18,2,3897.641,2 2,South,3,5,0
2,6,18,3,3898.277,2 2,West,3,5,0
2,6,18,2,3898.892,2 1,West,3,5,0
2,6,18,3,3899.428,2 1,North,3,5,0
2,6,18,2,3900.012,1 1,North,3,5,0
2,6,18,6,3900.4,1 1,North,3,6,0
2,6,18,1,3900.665,1 1,West,3,6,0
2,6,18,2,3901.253,1 0,West,3,6,0
2,6,18,1,3901.865,1 0,South,3,6,0
2,6,18,2,3902.491,2 0,South,3,6,0
2,6,18,2,3903.046,3 0,South,3,6,0
2,6,18,6,3903.42,3 0,South,3,7,0
2,6,18,1,3903.656,3 0,East,3,7,0
2,6,18,2,3904.201,3 1,East,3,7,0
2,6,18,2,3904.78,3 2,East,3,7,0
2,6,18,3,3905.402,3 2,South,3,7,0
2,6,18,2,3906.076,4 2,South,3,7,0
2,6,18,6,3906.46,4 2,South,3,8,0
