PhaseView,Run,Trial,Key,Time,Location,Direction,MazeType,Diamonds,WallBumped
0,3,7,2,1265.208,3 4,North,2,0,5
0,3,7,2,1266.696,2 4,North,2,0,5
0,3,7,2,1268.008,1 4,North,2,0,5
0,3,7,1,1269.265,1 4,West,2,0,5
0,3,7,3,1270.45,1 4,North,2,0,5
0,3,7,1,1272.866,1 4,West,2,0,5
0,3,7,2,1274.931,1 3,West,2,0,5
0,3,7,1,1275.591,1 3,South,2,0,5
0,3,7,2,1276.374,2 3,South,2,0,5
0,3,7,3,1277.14,2 3,West,2,0,5
0,3,7,2,1277.977,2 2,West,2,0,5
0,3,7,3,1278.561,2 2,North,2,0,5
0,3,7,2,1279.319,1 2,North,2,0,5
0,3,7,2,1280.213,0 2,North,2,0,5
0,3,7,1,1281.024,0 2,West,2,0,5
0,3,7,2,1282.022,0 1,West,2,0,5
0,3,7,2,1282.658,0 0,West,2,0,5
0,3,7,3,1284.163,0 0,North,2,0,5
0,3,7,3,1285.233,0 0,East,2,0,5
0,3,7,2,1285.937,0 1,East,2,0,5
0,3,7,2,1286.455,0 2,East,2,0,5
0,3,7,3,1287.345,0 2,South,2,0,5
0,3,7,2,1288,1 2,South,2,0,5
0,3,7,2,1289.098,2 2,South,2,0,5
0,3,7,1,1290.087,2 2,East,2,0,5
0,3,7,2,1290.806,2 3,East,2,0,5
0,3,7,1,1291.778,2 3,North,2,0,5
0,3,7,2,1292.466,1 3,North,2,0,5
0,3,7,3,1293.031,1 3,East,2,0,5
0,3,7,2,1293.737,1 4,East,2,0,5
0,3,7,3,1294.76,1 4,South,2,0,5
0,3,7,2,1295.361,2 4,South,2,0,5
0,3,7,2,1295.937,3 4,South,2,0,5
0,3,7,3,1296.678,3 4,West,2,0,5
0,3,7,1,1297.33,3 4,South,2,0,5
0,3,7,2,1297.877,4 4,South,2,0,5
0,3,7,3,1298.712,4 4,West,2,0,5
0,3,7,2,1299.4,4 3,West,2,0,5
0,3,7,3,1300.213,4 3,North,2,0,5
0,3,7,1,1300.809,4 3,West,2,0,5
0,3,7,2,1301.522,4 2,West,2,0,5
0,3,7,3,1302.869,4 2,North,2,0,5
0,3,7,2,1303.699,3 2,North,2,0,5
0,3,7,1,1310.946,3 2,West,2,0,5
0,3,7,2,1312.135,3 1,West,2,0,5
0,3,7,3,1312.769,3 1,North,2,0,5
0,3,7,2,1313.544,2 1,North,2,0,5
0,3,7,2,1314.408,1 1,North,2,0,5
0,3,7,6,1314.78,1 1,North,2,1,5
0,3,7,1,1318.792,1 1,West,2,1,5
0,3,7,3,1320.954,1 1,North,2,1,5
0,3,7,3,1321.783,1 1,East,2,1,5
0,3,7,3,1322.705,1 1,South,2,1,5
0,3,7,3,1326.964,1 1,West,2,1,5
0,3,7,3,1327.623,1 1,North,2,1,5
0,3,7,1,1328.162,1 1,West,2,1,5
0,3,7,2,1328.966,1 0,West,2,1,5
0,3,7,1,1329.616,1 0,South,2,1,5
0,3,7,2,1330.697,2 0,South,2,1,5
0,3,7,2,1331.879,3 0,South,2,1,5
0,3,7,2,1332.689,4 0,South,2,1,5
0,3,7,1,1333.335,4 0,East,2,1,5
0,3,7,3,1335.349,4 0,South,2,1,5
0,3,7,3,1336.086,4 0,West,2,1,5
0,3,7,3,1337.032,4 0,North,2,1,5
0,3,7,2,1337.685,3 0,North,2,1,5
0,3,7,2,1338.659,2 0,North,2,1,5
0,3,7,2,1339.386,1 0,North,2,1,5
0,3,7,3,1339.895,1 0,East,2,1,5
0,3,7,2,1340.674,1 1,East,2,1,5
0,3,7,3,1341.237,1 1,South,2,1,5
0,3,7,2,1342.097,2 1,South,2,1,5
0,3,7,1,1342.854,2 1,East,2,1,5
0,3,7,2,1343.684,2 1,East,2,1,5
0,3,7,3,1344.357,2 1,South,2,1,5
0,3,7,2,1345.045,3 1,South,2,1,5
0,3,7,1,1345.632,3 1,East,2,1,5
0,3,7,2,1346.458,3 2,East,2,1,5
0,3,7,3,1347.349,3 2,South,2,1,5
0,3,7,2,1348.756,4 2,South,2,1,5
0,3,7,1,1353.802,4 2,East,2,1,5
0,3,7,2,1354.76,4 3,East,2,1,5
0,3,7,6,1355.16,4 3,East,2,2,5
0,3,7,2,1356.486,4 4,East,2,2,5
0,3,7,1,1357.303,4 4,North,2,2,5
0,3,7,2,1358.418,3 4,North,2,2,5
0,3,7,2,1359.144,2 4,North,2,2,5
0,3,7,2,1360.482,1 4,North,2,2,5
0,3,7,1,1361.093,1 4,West,2,2,5
0,3,7,2,1363.969,1 3,West,2,2,5
0,3,7,1,1364.677,1 3,South,2,2,5
0,3,7,2,1365.602,2 3,South,2,2,5
0,3,7,3,1366.371,2 3,West,2,2,5
0,3,7,2,1367.072,2 2,West,2,2,5
0,3,7,3,1367.97,2 2,North,2,2,5
0,3,7,2,1368.644,1 2,North,2,2,5
0,3,7,2,1369.154,0 2,North,2,2,5
0,3,7,1,1370.07,0 2,West,2,2,5
0,3,7,2,1371.03,0 1,West,2,2,5
0,3,7,6,1371.44,0 1,West,2,3,5
0,3,7,1,1378.051,0 1,South,2,3,5
0,3,7,1,1379.009,0 1,East,2,3,5
0,3,7,2,1379.786,0 2,East,2,3,5
0,3,7,3,1380.786,0 2,South,2,3,5
0,3,7,2,1381.382,1 2,South,2,3,5
0,3,7,2,1382.21,2 2,South,2,3,5
0,3,7,1,1383.129,2 2,East,2,3,5
0,3,7,2,1383.685,2 3,East,2,3,5
0,3,7,1,1384.245,2 3,North,2,3,5
0,3,7,2,1385.127,1 3,North,2,3,5
0,3,7,6,1385.5,1 3,North,2,4,5
0,3,7,3,1386.068,1 3,East,2,4,5
0,3,7,2,1386.625,1 4,East,2,4,5
0,3,7,1,1387.187,1 4,North,2,4,5
0,3,7,2,1388.164,0 4,North,2,4,5
0,3,7,6,1388.54,0 4,North,2,5,5
0,3,7,1,1389.909,0 4,West,2,5,5
0,3,7,1,1390.886,0 4,South,2,5,5
0,3,7,2,1391.602,1 4,South,2,5,5
0,3,7,2,1392.516,2 4,South,2,5,5
0,3,7,2,1393.316,3 4,South,2,5,5
0,3,7,2,1397.874,4 4,South,2,5,5
0,3,7,3,1398.822,4 4,West,2,5,5
0,3,7,2,1399.954,4 3,West,2,5,5
0,3,7,2,1400.66,4 2,West,2,5,5
0,3,7,3,1401.254,4 2,North,2,5,5
0,3,7,2,1401.988,3 2,North,2,5,5
0,3,7,6,1402.38,3 2,North,2,6,5
0,3,7,1,1403.201,3 2,West,2,6,5
0,3,7,2,1403.985,3 1,West,2,6,5
0,3,7,3,1404.934,3 1,North,2,6,5
0,3,7,2,1405.568,2 1,North,2,6,5
0,3,7,2,1406.279,1 1,North,2,6,5
0,3,7,1,1407.171,1 1,West,2,6,5
0,3,7,2,1407.843,1 0,West,2,6,5
0,3,7,1,1408.677,1 0,South,2,6,5
0,3,7,1,1410.233,1 0,East,2,6,5
0,3,7,2,1410.913,1 1,East,2,6,5
0,3,7,3,1411.446,1 1,South,2,6,5
0,3,7,2,1412.038,2 1,South,2,6,5
0,3,7,2,1412.85,3 1,South,2,6,5
0,3,7,1,1413.685,3 1,East,2,6,5
0,3,7,2,1414.384,3 2,East,2,6,5
0,3,7,3,1415.461,3 2,South,2,6,5
0,3,7,2,1416.086,4 2,South,2,6,5
0,3,7,1,1416.905,4 2,East,2,6,5
0,3,7,2,1417.842,4 3,East,2,6,5
0,3,7,2,1418.759,4 4,East,2,6,5
0,3,7,1,1419.589,4 4,North,2,6,5
0,3,7,2,1420.245,3 4,North,2,6,5
0,3,7,2,1420.871,2 4,North,2,6,5
0,3,7,2,1421.474,1 4,North,2,6,5
0,3,7,1,1422.497,1 4,West,2,6,5
0,3,7,3,1423.414,1 4,North,2,6,5
0,3,7,2,1424.464,0 4,North,2,6,5
0,3,7,1,1425.376,0 4,West,2,6,5
0,3,7,1,1426.261,0 4,South,2,6,5
0,3,7,2,1426.818,1 4,South,2,6,5
0,3,7,3,1427.78,1 4,West,2,6,5
0,3,7,2,1428.387,1 3,West,2,6,5
0,3,7,1,1429.36,1 3,South,2,6,5
0,3,7,2,1430.181,2 3,South,2,6,5
0,3,7,3,1430.722,2 3,West,2,6,5
0,3,7,2,1431.346,2 2,West,2,6,5
0,3,7,3,1431.921,2 2,North,2,6,5
0,3,7,2,1432.755,1 2,North,2,6,5
0,3,7,2,1433.303,0 2,North,2,6,5
0,3,7,1,1433.859,0 2,West,2,6,5
0,3,7,2,1434.535,0 1,West,2,6,5
0,3,7,2,1435.138,0 0,West,2,6,5
0,3,7,6,1435.54,0 0,West,2,7,5
0,3,7,3,1437.383,0 0,North,2,7,5
0,3,7,3,1438.037,0 0,East,2,7,5
0,3,7,2,1438.882,0 1,East,2,7,5
0,3,7,2,1439.522,0 2,East,2,7,5
0,3,7,3,1440.423,0 2,South,2,7,5
0,3,7,2,1440.999,1 2,South,2,7,5
0,3,7,2,1441.635,2 2,South,2,7,5
0,3,7,1,1442.538,2 2,East,2,7,5
0,3,7,2,1443.076,2 3,East,2,7,5
0,3,7,1,1443.906,2 3,North,2,7,5
0,3,7,2,1444.499,1 3,North,2,7,5
0,3,7,3,1445.508,1 3,East,2,7,5
0,3,7,2,1446.194,1 4,East,2,7,5
0,3,7,3,1446.712,1 4,South,2,7,5
0,3,7,2,1447.717,2 4,South,2,7,5
0,3,7,2,1448.68,3 4,South,2,7,5
0,3,7,6,1449.06,3 4,South,2,8,5
2,3,7,1,1452.07,4 4,West,2,0,0
2,3,7,3,1455.782,4 4,North,2,0,0
2,3,7,1,1459.193,4 4,West,2,0,0
2,3,7,2,1460.198,4 3,West,2,0,0
2,3,7,2,1460.928,4 2,West,2,0,0
2,3,7,3,1461.717,4 2,North,2,0,0
2,3,7,2,1462.534,3 2,North,2,0,0
2,3,7,2,1463.35,3 2,North,2,0,1
2,3,7,1,1463.846,3 2,West,2,0,1
2,3,7,2,1464.417,3 1,West,2,0,1
2,3,7,3,1465.377,3 1,North,2,0,1
2,3,7,2,1466.034,2 1,North,2,0,1
2,3,7,2,1466.775,1 1,North,2,0,1
2,3,7,6,1467.16,1 1,North,2,1,1
2,3,7,1,1467.88,1 1,West,2,1,1
2,3,7,1,1468.496,1 1,South,2,1,1
2,3,7,1,1472.405,1 1,East,2,1,1
2,3,7,2,1472.953,1 1,East,2,1,2
2,3,7,3,1473.506,1 1,South,2,1,2
2,3,7,2,1474.132,2 1,South,2,1,2
2,3,7,1,1474.838,2 1,East,2,1,2
2,3,7,2,1475.473,2 1,East,2,1,3
2,3,7,3,1476.027,2 1,South,2,1,3
2,3,7,2,1476.644,3 1,South,2,1,3
2,3,7,1,1477.393,3 1,East,2,1,3
2,3,7,2,1477.975,3 2,East,2,1,3
2,3,7,3,1478.497,3 2,South,2,1,3
2,3,7,2,1479.122,4 2,South,2,1,3
2,3,7,1,1479.656,4 2,East,2,1,3
2,3,7,2,1480.215,4 3,East,2,1,3
2,3,7,6,1480.62,4 3,East,2,2,3
2,3,7,2,1481.591,4 4,East,2,2,3
2,3,7,1,1482.566,4 4,North,2,2,3
2,3,7,2,1483.241,3 4,North,2,2,3
2,3,7,6,1483.62,3 4,North,2,3,3
2,3,7,3,1484.151,3 4,East,2,3,3
2,3,7,3,1485.011,3 4,South,2,3,3
2,3,7,3,1485.892,3 4,West,2,3,3
2,3,7,2,1487.734,3 4,West,2,3,4
2,3,7,3,1488.434,3 4,North,2,3,4
2,3,7,2,1489.034,2 4,North,2,3,4
2,3,7,1,1489.994,2 4,West,2,3,4
2,3,7,2,1490.582,2 4,West,2,3,5
2,3,7,3,1491.147,2 4,North,2,3,5
2,3,7,2,1491.748,1 4,North,2,3,5
2,3,7,1,1492.325,1 4,West,2,3,5
2,3,7,2,1492.871,1 3,West,2,3,5
2,3,7,2,1493.669,1 3,West,2,3,6
2,3,7,3,1494.325,1 3,North,2,3,6
2,3,7,2,1494.977,1 3,North,2,3,7
2,3,7,3,1495.762,1 3,East,2,3,7
2,3,7,2,1496.641,1 4,East,2,3,7
2,3,7,3,1497.193,1 4,South,2,3,7
2,3,7,2,1497.927,2 4,South,2,3,7
2,3,7,3,1498.57,2 4,West,2,3,7
2,3,7,2,1499.158,2 4,West,2,3,8
2,3,7,1,1499.811,2 4,South,2,3,8
2,3,7,2,1500.466,3 4,South,2,3,8
2,3,7,3,1500.978,3 4,West,2,3,8
2,3,7,2,1501.649,3 4,West,2,3,9
2,3,7,1,1502.308,3 4,South,2,3,9
2,3,7,2,1503.046,4 4,South,2,3,9
2,3,7,3,1503.572,4 4,West,2,3,9
2,3,7,2,1504.325,4 3,West,2,3,9
2,3,7,3,1505.366,4 3,North,2,3,9
2,3,7,2,1505.973,4 3,North,2,3,10
2,3,7,1,1506.535,4 3,West,2,3,10
2,3,7,2,1507.288,4 2,West,2,3,10
2,3,7,3,1508.195,4 2,North,2,3,10
2,3,7,2,1508.819,3 2,North,2,3,10
2,3,7,2,1509.639,3 2,North,2,3,11
2,3,7,1,1510.345,3 2,West,2,3,11
2,3,7,2,1510.965,3 1,West,2,3,11
2,3,7,3,1511.481,3 1,North,2,3,11
2,3,7,2,1512.326,2 1,North,2,3,11
2,3,7,2,1513.239,1 1,North,2,3,11
2,3,7,2,1514.176,1 1,North,2,3,12
2,3,7,1,1514.755,1 1,West,2,3,12
2,3,7,2,1515.272,1 0,West,2,3,12
2,3,7,3,1515.815,1 0,North,2,3,12
2,3,7,2,1516.385,1 0,North,2,3,13
2,3,7,3,1517.234,1 0,East,2,3,13
2,3,7,2,1518.073,1 1,East,2,3,13
2,3,7,1,1519.258,1 1,North,2,3,13
2,3,7,2,1520.003,1 1,North,2,3,14
2,3,7,1,1520.857,1 1,West,2,3,14
2,3,7,3,1523.155,1 1,North,2,3,14
2,3,7,3,1524.064,1 1,East,2,3,14
2,3,7,2,1524.773,1 1,East,2,3,15
2,3,7,1,1527.237,1 1,North,2,3,15
2,3,7,1,1528.278,1 1,West,2,3,15
2,3,7,1,1529.635,1 1,South,2,3,15
2,3,7,2,1530.36,2 1,South,2,3,15
2,3,7,3,1531.812,2 1,West,2,3,15
2,3,7,2,1532.434,2 1,West,2,3,16
2,3,7,3,1533.444,2 1,North,2,3,16
2,3,7,3,1539.395,2 1,East,2,3,16
2,3,7,3,1540.39,2 1,South,2,3,16
2,3,7,1,1541.153,2 1,East,2,3,16
2,3,7,2,1541.77,2 1,East,2,3,17
2,3,7,3,1542.198,2 1,South,2,3,17
2,3,7,2,1542.743,3 1,South,2,3,17
2,3,7,1,1543.288,3 1,East,2,3,17
2,3,7,2,1544.177,3 2,East,2,3,17
2,3,7,1,1545.027,3 2,North,2,3,17
2,3,7,2,1545.652,3 2,North,2,3,18
2,3,7,3,1546.357,3 2,East,2,3,18
2,3,7,2,1546.977,3 3,East,2,3,18
2,3,7,1,1547.574,3 3,North,2,3,18
2,3,7,2,1548.1,3 3,North,2,3,19
2,3,7,3,1548.693,3 3,East,2,3,19
2,3,7,2,1549.288,3 3,East,2,3,20
2,3,7,3,1549.993,3 3,South,2,3,20
2,3,7,2,1550.964,3 3,South,2,3,21
2,3,7,3,1551.574,3 3,West,2,3,21
2,3,7,2,1552.289,3 2,West,2,3,21
2,3,7,3,1553.424,3 2,North,2,3,21
2,3,7,2,1554.021,3 2,North,2,3,22
2,3,7,1,1554.613,3 2,West,2,3,22
2,3,7,1,1555.673,3 2,South,2,3,22
2,3,7,2,1556.641,4 2,South,2,3,22
2,3,7,3,1557.382,4 2,West,2,3,22
2,3,7,2,1558.452,4 2,West,2,3,23
2,3,7,1,1559.111,4 2,South,2,3,23
2,3,7,1,1559.988,4 2,East,2,3,23
2,3,7,2,1560.981,4 3,East,2,3,23
2,3,7,1,1562.074,4 3,North,2,3,23
2,3,7,2,1563.344,4 3,North,2,3,24
2,3,7,3,1563.984,4 3,East,2,3,24
2,3,7,2,1564.826,4 4,East,2,3,24
2,3,7,1,1567.159,4 4,North,2,3,24
2,3,7,2,1567.729,3 4,North,2,3,24
2,3,7,2,1568.305,2 4,North,2,3,24
2,3,7,2,1568.951,1 4,North,2,3,24
2,3,7,2,1570.178,0 4,North,2,3,24
2,3,7,1,1571.347,0 4,West,2,3,24
2,3,7,2,1572.241,0 3,West,2,3,24
2,3,7,2,1572.953,0 3,West,2,3,25
2,3,7,1,1573.656,0 3,South,2,3,25
2,3,7,2,1574.371,0 3,South,2,3,26
2,3,7,3,1575.785,0 3,West,2,3,26
2,3,7,3,1576.452,0 3,North,2,3,26
2,3,7,3,1577.539,0 3,East,2,3,26
2,3,7,2,1578.306,0 4,East,2,3,26
2,3,7,3,1579.047,0 4,South,2,3,26
2,3,7,2,1579.829,1 4,South,2,3,26
2,3,7,2,1580.628,2 4,South,2,3,26
2,3,7,3,1581.303,2 4,West,2,3,26
2,3,7,2,1582.216,2 4,West,2,3,27
2,3,7,1,1583.059,2 4,South,2,3,27
2,3,7,2,1583.825,3 4,South,2,3,27
2,3,7,3,1584.405,3 4,West,2,3,27
2,3,7,2,1585.141,3 4,West,2,3,28
2,3,7,1,1585.717,3 4,South,2,3,28
2,3,7,2,1586.453,4 4,South,2,3,28
2,3,7,3,1587.029,4 4,West,2,3,28
2,3,7,2,1587.768,4 3,West,2,3,28
2,3,7,2,1588.631,4 2,West,2,3,28
2,3,7,3,1589.317,4 2,North,2,3,28
2,3,7,2,1590.276,3 2,North,2,3,28
2,3,7,2,1591.269,3 2,North,2,3,29
2,3,7,1,1591.989,3 2,West,2,3,29
2,3,7,2,1592.691,3 1,West,2,3,29
2,3,7,3,1593.458,3 1,North,2,3,29
2,3,7,2,1594.099,2 1,North,2,3,29
2,3,7,1,1594.985,2 1,West,2,3,29
2,3,7,2,1596.003,2 1,West,2,3,30
2,3,7,3,1596.598,2 1,North,2,3,30
2,3,7,2,1597.185,1 1,North,2,3,30
2,3,7,1,1598.327,1 1,West,2,3,30
2,3,7,2,1598.934,1 0,West,2,3,30
2,3,7,3,1599.479,1 0,North,2,3,30
2,3,7,2,1600.215,1 0,North,2,3,31
2,3,7,3,1600.84,1 0,East,2,3,31
2,3,7,1,1601.793,1 0,North,2,3,31
2,3,7,1,1604.209,1 0,West,2,3,31
2,3,7,2,1604.834,1 0,West,2,3,31
2,3,7,3,1605.642,1 0,North,2,3,31
2,3,7,3,1606.341,1 0,East,2,3,31
2,3,7,2,1607.714,1 1,East,2,3,31
2,3,7,1,1608.659,1 1,North,2,3,31
2,3,7,2,1609.463,1 1,North,2,3,32
2,3,7,3,1610.072,1 1,East,2,3,32
2,3,7,2,1610.762,1 1,East,2,3,33
2,3,7,3,1613.32,1 1,South,2,3,33
2,3,7,2,1614.691,2 1,South,2,3,33
2,3,7,1,1616.071,2 1,East,2,3,33
2,3,7,2,1617.122,2 1,East,2,3,34
2,3,7,3,1618.036,2 1,South,2,3,34
2,3,7,2,1618.947,3 1,South,2,3,34
2,3,7,1,1619.857,3 1,East,2,3,34
2,3,7,2,1620.89,3 2,East,2,3,34
2,3,7,1,1621.737,3 2,North,2,3,34
2,3,7,2,1622.505,3 2,North,2,3,35
2,3,7,3,1623.16,3 2,East,2,3,35
2,3,7,3,1624.593,3 2,South,2,3,35
2,3,7,2,1625.396,4 2,South,2,3,35
2,3,7,1,1625.987,4 2,East,2,3,35
2,3,7,2,1626.63,4 3,East,2,3,35
2,3,7,1,1627.161,4 3,North,2,3,35
2,3,7,2,1627.703,4 3,North,2,3,36
2,3,7,3,1628.342,4 3,East,2,3,36
2,3,7,2,1635.365,4 4,East,2,3,36
2,3,7,1,1636.242,4 4,North,2,3,36
2,3,7,2,1636.899,3 4,North,2,3,36
2,3,7,2,1637.69,2 4,North,2,3,36
2,3,7,2,1638.389,1 4,North,2,3,36
2,3,7,2,1639.159,0 4,North,2,3,36
2,3,7,1,1640.129,0 4,West,2,3,36
2,3,7,2,1640.786,0 3,West,2,3,36
2,3,7,1,1642.625,0 3,South,2,3,36
2,3,7,2,1643.333,0 3,South,2,3,37
2,3,7,3,1644.054,0 3,West,2,3,37
2,3,7,2,1644.721,0 3,West,2,3,38
2,3,7,3,1645.69,0 3,North,2,3,38
2,3,7,3,1646.417,0 3,East,2,3,38
2,3,7,3,1647.365,0 3,South,2,3,38
2,3,7,2,1648.035,0 3,South,2,3,39
2,3,7,1,1648.789,0 3,East,2,3,39
2,3,7,2,1649.441,0 4,East,2,3,39
2,3,7,3,1649.987,0 4,South,2,3,39
2,3,7,2,1650.597,1 4,South,2,3,39
2,3,7,3,1651.19,1 4,West,2,3,39
2,3,7,3,1651.846,1 4,North,2,3,39
2,3,7,1,1652.642,1 4,West,2,3,39
2,3,7,2,1653.319,1 3,West,2,3,39
2,3,7,2,1654.053,1 3,West,2,3,40
2,3,7,1,1654.882,1 3,South,2,3,40
2,3,7,2,1655.525,2 3,South,2,3,40
2,3,7,3,1656.038,2 3,West,2,3,40
2,3,7,2,1656.704,2 2,West,2,3,40
2,3,7,3,1657.332,2 2,North,2,3,40
2,3,7,2,1659.361,1 2,North,2,3,40
2,3,7,1,1659.975,1 2,West,2,3,40
2,3,7,2,1660.625,1 2,West,2,3,41
2,3,7,3,1661.22,1 2,North,2,3,41
2,3,7,2,1661.844,0 2,North,2,3,41
2,3,7,1,1662.436,0 2,West,2,3,41
2,3,7,2,1663.025,0 1,West,2,3,41
2,3,7,2,1663.784,0 0,West,2,3,41
2,3,7,6,1664.2,0 0,West,2,4,41
2,3,7,1,1666.408,0 0,South,2,4,41
2,3,7,1,1668.76,0 0,East,2,4,41
2,3,7,2,1669.655,0 1,East,2,4,41
2,3,7,2,1670.296,0 2,East,2,4,41
2,3,7,3,1670.961,0 2,South,2,4,41
2,3,7,2,1671.576,1 2,South,2,4,41
2,3,7,2,1672.663,2 2,South,2,4,41
2,3,7,2,1673.385,2 2,South,2,4,42
2,3,7,1,1674.402,2 2,East,2,4,42
2,3,7,2,1675.089,2 3,East,2,4,42
2,3,7,3,1675.653,2 3,South,2,4,42
2,3,7,2,1676.306,2 3,South,2,4,43
2,3,7,3,1676.95,2 3,West,2,4,43
2,3,7,3,1677.493,2 3,North,2,4,43
2,3,7,1,1678.277,2 3,West,2,4,43
2,3,7,2,1678.979,2 2,West,2,4,43
2,3,7,2,1679.667,2 2,West,2,4,44
2,3,7,1,1680.373,2 2,South,2,4,44
2,3,7,3,1681.304,2 2,West,2,4,44
2,3,7,1,1682.449,2 2,South,2,4,44
2,3,7,1,1683.193,2 2,East,2,4,44
2,3,7,2,1684.042,2 3,East,2,4,44
2,3,7,3,1684.74,2 3,South,2,4,44
2,3,7,2,1685.352,2 3,South,2,4,45
2,3,7,1,1685.841,2 3,East,2,4,45
2,3,7,2,1686.4,2 3,East,2,4,46
2,3,7,2,1687.027,2 3,East,2,4,47
2,3,7,1,1687.46,2 3,North,2,4,47
2,3,7,2,1688.486,1 3,North,2,4,47
2,3,7,3,1689.046,1 3,East,2,4,47
2,3,7,2,1689.672,1 4,East,2,4,47
2,3,7,3,1690.264,1 4,South,2,4,47
2,3,7,2,1691.015,2 4,South,2,4,47
2,3,7,2,1691.84,3 4,South,2,4,47
2,3,7,3,1692.695,3 4,West,2,4,47
2,3,7,2,1693.297,3 4,West,2,4,48
2,3,7,1,1693.89,3 4,South,2,4,48
2,3,7,2,1694.656,4 4,South,2,4,48
2,3,7,3,1695.185,4 4,West,2,4,48
2,3,7,2,1695.89,4 3,West,2,4,48
2,3,7,3,1696.553,4 3,North,2,4,48
2,3,7,2,1697.207,4 3,North,2,4,49
2,3,7,1,1697.801,4 3,West,2,4,49
2,3,7,2,1698.452,4 2,West,2,4,49
2,3,7,3,1699.4,4 2,North,2,4,49
2,3,7,2,1700.103,3 2,North,2,4,49
2,3,7,6,1700.48,3 2,North,2,5,49
2,3,7,1,1709.736,3 2,West,2,5,49
2,3,7,3,1711.473,3 2,North,2,5,49
2,3,7,2,1714.034,3 2,North,2,5,50
2,3,7,1,1714.682,3 2,West,2,5,50
2,3,7,2,1715.349,3 1,West,2,5,50
2,3,7,3,1715.875,3 1,North,2,5,50
2,3,7,2,1716.582,2 1,North,2,5,50
2,3,7,2,1717.402,1 1,North,2,5,50
2,3,7,2,1718.341,1 1,North,2,5,51
2,3,7,3,1718.922,1 1,East,2,5,51
2,3,7,2,1719.589,1 1,East,2,5,52
2,3,7,1,1720.307,1 1,North,2,5,52
2,3,7,1,1720.903,1 1,West,2,5,52
2,3,7,2,1721.573,1 0,West,2,5,52
2,3,7,3,1722.535,1 0,North,2,5,52
2,3,7,2,1723.19,1 0,North,2,5,53
2,3,7,3,1724.113,1 0,East,2,5,53
2,3,7,1,1725.657,1 0,North,2,5,53
2,3,7,3,1727.719,1 0,East,2,5,53
2,3,7,2,1728.485,1 1,East,2,5,53
2,3,7,3,1730.097,1 1,South,2,5,53
2,3,7,2,1730.808,2 1,South,2,5,53
2,3,7,1,1731.321,2 1,East,2,5,53
2,3,7,2,1732.31,2 1,East,2,5,54
2,3,7,3,1732.966,2 1,South,2,5,54
2,3,7,2,1734.098,3 1,South,2,5,54
2,3,7,1,1734.737,3 1,East,2,5,54
2,3,7,2,1735.282,3 2,East,2,5,54
2,3,7,1,1736.257,3 2,North,2,5,54
2,3,7,2,1736.903,3 2,North,2,5,55
2,3,7,3,1737.51,3 2,East,2,5,55
2,3,7,2,1738.291,3 3,East,2,5,55
2,3,7,1,1738.807,3 3,North,2,5,55
2,3,7,2,1739.729,3 3,North,2,5,56
2,3,7,3,1740.233,3 3,East,2,5,56
2,3,7,2,1740.914,3 3,East,2,5,57
2,3,7,3,1741.608,3 3,South,2,5,57
2,3,7,2,1742.458,3 3,South,2,5,58
2,3,7,3,1742.968,3 3,West,2,5,58
2,3,7,2,1743.639,3 2,West,2,5,58
2,3,7,1,1744.339,3 2,South,2,5,58
2,3,7,2,1745.093,4 2,South,2,5,58
2,3,7,2,1745.635,4 2,South,2,5,58
2,3,7,1,1746.13,4 2,East,2,5,58
2,3,7,2,1746.724,4 3,East,2,5,58
2,3,7,2,1747.312,4 4,East,2,5,58
2,3,7,1,1747.974,4 4,North,2,5,58
2,3,7,2,1748.567,3 4,North,2,5,58
2,3,7,2,1749.236,2 4,North,2,5,58
2,3,7,2,1749.858,1 4,North,2,5,58
2,3,7,2,1750.73,0 4,North,2,5,58
2,3,7,1,1751.431,0 4,West,2,5,58
2,3,7,2,1752.13,0 3,West,2,5,58
2,3,7,2,1752.674,0 3,West,2,5,59
2,3,7,1,1753.673,0 3,South,2,5,59
2,3,7,3,1754.755,0 3,West,2,5,59
2,3,7,1,1756.087,0 3,South,2,5,59
2,3,7,2,1758.186,0 3,South,2,5,60
2,3,7,1,1760.149,0 3,East,2,5,60
2,3,7,2,1760.79,0 4,East,2,5,60
2,3,7,3,1761.417,0 4,South,2,5,60
2,3,7,2,1762.09,1 4,South,2,5,60
2,3,7,3,1762.976,1 4,West,2,5,60
2,3,7,2,1763.653,1 3,West,2,5,60
2,3,7,2,1764.677,1 3,West,2,5,61
2,3,7,3,1765.192,1 3,North,2,5,61
2,3,7,2,1765.731,1 3,North,2,5,62
2,3,7,1,1766.325,1 3,West,2,5,62
2,3,7,1,1767.097,1 3,South,2,5,62
2,3,7,2,1767.801,2 3,South,2,5,62
2,3,7,3,1768.401,2 3,West,2,5,62
2,3,7,2,1769.048,2 2,West,2,5,62
2,3,7,3,1769.591,2 2,North,2,5,62
2,3,7,2,1770.153,1 2,North,2,5,62
2,3,7,2,1770.697,0 2,North,2,5,62
2,3,7,1,1771.268,0 2,West,2,5,62
2,3,7,2,1771.818,0 1,West,2,5,62
2,3,7,6,1772.24,0 1,West,2,6,62
2,3,7,1,1773.99,0 1,South,2,6,62
2,3,7,1,1775.029,0 1,East,2,6,62
2,3,7,3,1777.754,0 1,South,2,6,62
2,3,7,2,1778.665,0 1,South,2,6,63
2,3,7,1,1779.235,0 1,East,2,6,63
2,3,7,2,1779.875,0 2,East,2,6,63
2,3,7,3,1780.691,0 2,South,2,6,63
2,3,7,2,1781.204,1 2,South,2,6,63
2,3,7,1,1781.875,1 2,East,2,6,63
2,3,7,2,1782.472,1 2,East,2,6,64
2,3,7,1,1783.219,1 2,North,2,6,64
2,3,7,2,1784.005,0 2,North,2,6,64
2,3,7,3,1784.977,0 2,East,2,6,64
2,3,7,2,1785.641,0 2,East,2,6,65
2,3,7,3,1786.36,0 2,South,2,6,65
2,3,7,2,1787.298,1 2,South,2,6,65
2,3,7,2,1788.059,2 2,South,2,6,65
2,3,7,1,1788.723,2 2,East,2,6,65
2,3,7,2,1789.412,2 3,East,2,6,65
2,3,7,1,1789.937,2 3,North,2,6,65
2,3,7,2,1790.513,1 3,North,2,6,65
2,3,7,6,1790.9,1 3,North,2,7,65
2,3,7,1,1791.718,1 3,West,2,7,65
2,3,7,2,1793.835,1 3,West,2,7,66
2,3,7,1,1794.386,1 3,South,2,7,66
2,3,7,2,1794.966,2 3,South,2,7,66
2,3,7,3,1795.923,2 3,West,2,7,66
2,3,7,2,1796.583,2 2,West,2,7,66
2,3,7,2,1797.353,2 2,West,2,7,67
2,3,7,3,1797.909,2 2,North,2,7,67
2,3,7,2,1798.484,1 2,North,2,7,67
2,3,7,1,1799.059,1 2,West,2,7,67
2,3,7,2,1799.762,1 2,West,2,7,68
2,3,7,3,1800.241,1 2,North,2,7,68
2,3,7,2,1800.906,0 2,North,2,7,68
2,3,7,1,1801.495,0 2,West,2,7,68
2,3,7,2,1802.135,0 1,West,2,7,68
2,3,7,2,1802.76,0 0,West,2,7,68
2,3,7,1,1803.783,0 0,South,2,7,68
2,3,7,2,1804.497,0 0,South,2,7,69
2,3,7,1,1805.411,0 0,East,2,7,69
2,3,7,2,1806.131,0 1,East,2,7,69
2,3,7,3,1806.696,0 1,South,2,7,69
2,3,7,2,1808.086,0 1,South,2,7,70
2,3,7,1,1808.632,0 1,East,2,7,70
2,3,7,2,1809.35,0 2,East,2,7,70
2,3,7,2,1810.353,0 2,East,2,7,71
2,3,7,3,1811.079,0 2,South,2,7,71
2,3,7,2,1811.622,1 2,South,2,7,71
2,3,7,3,1812.231,1 2,West,2,7,71
2,3,7,2,1812.885,1 2,West,2,7,72
2,3,7,1,1813.528,1 2,South,2,7,72
2,3,7,2,1814.152,2 2,South,2,7,72
2,3,7,3,1815.17,2 2,West,2,7,72
2,3,7,2,1815.847,2 2,West,2,7,73
2,3,7,1,1816.423,2 2,South,2,7,73
2,3,7,2,1817.126,2 2,South,2,7,74
2,3,7,1,1817.892,2 2,East,2,7,74
2,3,7,2,1818.935,2 3,East,2,7,74
2,3,7,3,1819.652,2 3,South,2,7,74
2,3,7,2,1820.291,2 3,South,2,7,75
2,3,7,1,1821.01,2 3,East,2,7,75
2,3,7,2,1821.827,2 3,East,2,7,76
2,3,7,1,1822.547,2 3,North,2,7,76
2,3,7,2,1823.14,1 3,North,2,7,76
2,3,7,3,1823.827,1 3,East,2,7,76
2,3,7,2,1824.566,1 4,East,2,7,76
2,3,7,3,1825.266,1 4,South,2,7,76
2,3,7,2,1826.081,2 4,South,2,7,76
2,3,7,2,1826.744,3 4,South,2,7,76
2,3,7,3,1827.428,3 4,West,2,7,76
2,3,7,2,1828.228,3 4,West,2,7,77
2,3,7,1,1829.058,3 4,South,2,7,77
2,3,7,1,1830.086,3 4,East,2,7,77
2,3,7,1,1830.629,3 4,North,2,7,77
2,3,7,1,1831.397,3 4,West,2,7,77
2,3,7,3,1838.711,3 4,North,2,7,77
2,3,7,2,1839.619,2 4,North,2,7,77
2,3,7,2,1840.292,1 4,North,2,7,77
2,3,7,2,1840.892,0 4,North,2,7,77
2,3,7,1,1841.553,0 4,West,2,7,77
2,3,7,2,1842.425,0 3,West,2,7,77
2,3,7,2,1843.048,0 3,West,2,7,78
2,3,7,1,1843.715,0 3,South,2,7,78
2,3,7,2,1844.721,0 3,South,2,7,79
2,3,7,1,1845.621,0 3,East,2,7,79
2,3,7,2,1846.341,0 4,East,2,7,79
2,3,7,3,1847.334,0 4,South,2,7,79
2,3,7,2,1848.036,1 4,South,2,7,79
2,3,7,3,1849.075,1 4,West,2,7,79
2,3,7,2,1849.843,1 3,West,2,7,79
2,3,7,2,1850.536,1 3,West,2,7,80
2,3,7,1,1851.383,1 3,South,2,7,80
2,3,7,3,1852.312,1 3,West,2,7,80
2,3,7,3,1853.128,1 3,North,2,7,80
2,3,7,2,1853.827,1 3,North,2,7,81
2,3,7,1,1854.353,1 3,West,2,7,81
2,3,7,1,1855.156,1 3,South,2,7,81
2,3,7,2,1855.874,2 3,South,2,7,81
2,3,7,3,1856.405,2 3,West,2,7,81
2,3,7,2,1857.143,2 2,West,2,7,81
2,3,7,3,1857.858,2 2,North,2,7,81
2,3,7,2,1858.419,1 2,North,2,7,81
2,3,7,1,1858.962,1 2,West,2,7,81
2,3,7,2,1859.591,1 2,West,2,7,82
2,3,7,3,1860.21,1 2,North,2,7,82
2,3,7,2,1860.819,0 2,North,2,7,82
2,3,7,1,1861.523,0 2,West,2,7,82
2,3,7,2,1862.212,0 1,West,2,7,82
2,3,7,1,1863.365,0 1,South,2,7,82
2,3,7,2,1863.928,0 1,South,2,7,83
2,3,7,3,1864.58,0 1,West,2,7,83
2,3,7,2,1865.297,0 0,West,2,7,83
2,3,7,1,1865.975,0 0,South,2,7,83
2,3,7,2,1866.866,0 0,South,2,7,84
2,3,7,3,1867.432,0 0,West,2,7,84
2,3,7,3,1868.777,0 0,North,2,7,84
2,3,7,3,1869.495,0 0,East,2,7,84
2,3,7,2,1870.26,0 1,East,2,7,84
2,3,7,3,1871.138,0 1,South,2,7,84
2,3,7,2,1871.906,0 1,South,2,7,85
2,3,7,1,1872.472,0 1,East,2,7,85
2,3,7,2,1873.16,0 2,East,2,7,85
2,3,7,3,1873.762,0 2,South,2,7,85
2,3,7,2,1874.566,1 2,South,2,7,85
2,3,7,3,1875.283,1 2,West,2,7,85
2,3,7,2,1876.467,1 2,West,2,7,86
2,3,7,1,1877.031,1 2,South,2,7,86
2,3,7,2,1877.702,2 2,South,2,7,86
2,3,7,3,1878.661,2 2,West,2,7,86
2,3,7,2,1879.434,2 2,West,2,7,87
2,3,7,1,1879.909,2 2,South,2,7,87
2,3,7,2,1880.632,2 2,South,2,7,88
2,3,7,1,1881.96,2 2,East,2,7,88
2,3,7,2,1882.741,2 3,East,2,7,88
2,3,7,3,1883.353,2 3,South,2,7,88
2,3,7,2,1884.005,2 3,South,2,7,89
2,3,7,1,1884.579,2 3,East,2,7,89
2,3,7,2,1885.242,2 3,East,2,7,90
2,3,7,1,1886.089,2 3,North,2,7,90
2,3,7,2,1886.728,1 3,North,2,7,90
2,3,7,3,1887.285,1 3,East,2,7,90
2,3,7,2,1887.969,1 4,East,2,7,90
2,3,7,3,1888.658,1 4,South,2,7,90
2,3,7,2,1889.331,2 4,South,2,7,90
2,3,7,2,1889.946,3 4,South,2,7,90
2,3,7,3,1890.498,3 4,West,2,7,90
2,3,7,2,1891.121,3 4,West,2,7,91
2,3,7,1,1891.762,3 4,South,2,7,91
2,3,7,2,1892.545,4 4,South,2,7,91
2,3,7,3,1893.09,4 4,West,2,7,91
2,3,7,2,1893.641,4 3,West,2,7,91
2,3,7,2,1894.179,4 2,West,2,7,91
2,3,7,2,1894.969,4 2,West,2,7,92
2,3,7,3,1895.523,4 2,North,2,7,92
2,3,7,2,1896.118,3 2,North,2,7,92
2,3,7,1,1896.657,3 2,West,2,7,92
2,3,7,2,1897.505,3 1,West,2,7,92
2,3,7,3,1898.274,3 1,North,2,7,92
2,3,7,2,1899.009,2 1,North,2,7,92
2,3,7,1,1899.684,2 1,West,2,7,92
2,3,7,2,1900.336,2 1,West,2,7,93
2,3,7,3,1900.966,2 1,North,2,7,93
2,3,7,2,1901.586,1 1,North,2,7,93
2,3,7,1,1902.545,1 1,West,2,7,93
2,3,7,2,1903.22,1 0,West,2,7,93
2,3,7,6,1903.62,1 0,West,2,8,93
0,3,8,2,1916.266,3 4,North,2,0,93
0,3,8,2,1918.433,2 4,North,2,0,93
0,3,8,2,1919.044,1 4,North,2,0,93
0,3,8,2,1919.703,0 4,North,2,0,93
0,3,8,1,1920.616,0 4,West,2,0,93
0,3,8,3,1927.425,0 4,North,2,0,93
0,3,8,1,1928.739,0 4,West,2,0,93
0,3,8,1,1929.304,0 4,South,2,0,93
0,3,8,2,1930.024,1 4,South,2,0,93
0,3,8,3,1930.632,1 4,West,2,0,93
0,3,8,3,1931.254,1 4,North,2,0,93
0,3,8,1,1932.167,1 4,West,2,0,93
0,3,8,2,1932.821,1 3,West,2,0,93
0,3,8,1,1935.396,1 3,South,2,0,93
0,3,8,2,1938.822,2 3,South,2,0,93
0,3,8,3,1939.593,2 3,West,2,0,93
0,3,8,2,1941.268,2 2,West,2,0,93
0,3,8,3,1941.781,2 2,North,2,0,93
0,3,8,2,1943.201,1 2,North,2,0,93
0,3,8,2,1943.825,0 2,North,2,0,93
0,3,8,1,1944.562,0 2,West,2,0,93
0,3,8,3,1946.421,0 2,North,2,0,93
0,3,8,1,1947.731,0 2,West,2,0,93
0,3,8,1,1948.629,0 2,South,2,0,93
0,3,8,3,1950.007,0 2,West,2,0,93
0,3,8,2,1950.934,0 1,West,2,0,93
0,3,8,3,1953.028,0 1,North,2,0,93
0,3,8,3,1953.666,0 1,East,2,0,93
0,3,8,2,1954.629,0 2,East,2,0,93
0,3,8,3,1955.57,0 2,South,2,0,93
0,3,8,2,1958.792,1 2,South,2,0,93
0,3,8,2,1959.801,2 2,South,2,0,93
0,3,8,1,1960.455,2 2,East,2,0,93
0,3,8,2,1961.25,2 3,East,2,0,93
0,3,8,1,1962.121,2 3,North,2,0,93
0,3,8,2,1962.809,1 3,North,2,0,93
0,3,8,3,1963.319,1 3,East,2,0,93
0,3,8,2,1964.292,1 4,East,2,0,93
0,3,8,3,1964.855,1 4,South,2,0,93
0,3,8,2,1965.474,2 4,South,2,0,93
0,3,8,2,1966.098,3 4,South,2,0,93
0,3,8,2,1966.649,4 4,South,2,0,93
0,3,8,3,1967.25,4 4,West,2,0,93
0,3,8,2,1968.08,4 3,West,2,0,93
0,3,8,2,1968.689,4 2,West,2,0,93
0,3,8,3,1969.715,4 2,North,2,0,93
0,3,8,2,1970.36,3 2,North,2,0,93
0,3,8,1,1970.945,3 2,West,2,0,93
0,3,8,2,1971.783,3 1,West,2,0,93
0,3,8,3,1972.419,3 1,North,2,0,93
0,3,8,2,1973.074,2 1,North,2,0,93
0,3,8,2,1974.153,1 1,North,2,0,93
0,3,8,1,1974.984,1 1,West,2,0,93
0,3,8,2,1975.749,1 0,West,2,0,93
0,3,8,1,1976.402,1 0,South,2,0,93
0,3,8,2,1981.572,2 0,South,2,0,93
0,3,8,2,1982.231,3 0,South,2,0,93
0,3,8,2,1982.833,4 0,South,2,0,93
0,3,8,6,1983.2,4 0,South,2,1,93
0,3,8,3,1985.367,4 0,West,2,1,93
0,3,8,1,1986.024,4 0,South,2,1,93
0,3,8,1,1986.866,4 0,East,2,1,93
0,3,8,1,1987.554,4 0,North,2,1,93
0,3,8,2,1988.595,3 0,North,2,1,93
0,3,8,2,1989.426,2 0,North,2,1,93
0,3,8,2,1990.214,1 0,North,2,1,93
0,3,8,3,1990.789,1 0,East,2,1,93
0,3,8,2,1991.426,1 1,East,2,1,93
0,3,8,3,1992.629,1 1,South,2,1,93
0,3,8,2,1993.395,2 1,South,2,1,93
0,3,8,2,1994.13,3 1,South,2,1,93
0,3,8,1,1995.125,3 1,East,2,1,93
0,3,8,2,1995.748,3 2,East,2,1,93
0,3,8,3,1996.629,3 2,South,2,1,93
0,3,8,2,1997.298,4 2,South,2,1,93
0,3,8,1,1998.234,4 2,East,2,1,93
0,3,8,2,1998.913,4 3,East,2,1,93
0,3,8,2,1999.429,4 4,East,2,1,93
0,3,8,1,2000.369,4 4,North,2,1,93
0,3,8,2,2001.394,3 4,North,2,1,93
0,3,8,2,2002.008,2 4,North,2,1,93
0,3,8,2,2002.537,1 4,North,2,1,93
0,3,8,2,2003.446,0 4,North,2,1,93
0,3,8,1,2004.281,0 4,West,2,1,93
0,3,8,1,2005.386,0 4,South,2,1,93
0,3,8,2,2012.452,1 4,South,2,1,93
0,3,8,3,2013.205,1 4,West,2,1,93
0,3,8,2,2014.593,1 3,West,2,1,93
0,3,8,1,2015.301,1 3,South,2,1,93
0,3,8,2,2016.134,2 3,South,2,1,93
0,3,8,3,2016.817,2 3,West,2,1,93
0,3,8,2,2017.481,2 2,West,2,1,93
0,3,8,3,2018.516,2 2,North,2,1,93
0,3,8,2,2021.17,1 2,North,2,1,93
0,3,8,6,2021.56,1 2,North,2,2,93
0,3,8,1,2022.723,1 2,West,2,2,93
0,3,8,1,2023.361,1 2,South,2,2,93
0,3,8,1,2024.022,1 2,East,2,2,93
0,3,8,1,2024.769,1 2,North,2,2,93
0,3,8,2,2025.786,0 2,North,2,2,93
0,3,8,1,2026.341,0 2,West,2,2,93
0,3,8,3,2027.781,0 2,North,2,2,93
0,3,8,3,2028.343,0 2,East,2,2,93
0,3,8,3,2029.218,0 2,South,2,2,93
0,3,8,3,2030.132,0 2,West,2,2,93
0,3,8,1,2031.01,0 2,South,2,2,93
0,3,8,2,2031.746,1 2,South,2,2,93
0,3,8,2,2032.612,2 2,South,2,2,93
0,3,8,1,2033.217,2 2,East,2,2,93
0,3,8,2,2033.832,2 3,East,2,2,93
0,3,8,1,2034.672,2 3,North,2,2,93
0,3,8,2,2035.417,1 3,North,2,2,93
0,3,8,3,2035.945,1 3,East,2,2,93
0,3,8,2,2036.645,1 4,East,2,2,93
0,3,8,3,2037.302,1 4,South,2,2,93
0,3,8,2,2038.103,2 4,South,2,2,93
0,3,8,6,2038.48,2 4,South,2,3,93
0,3,8,2,2039.09,3 4,South,2,3,93
0,3,8,2,2039.656,4 4,South,2,3,93
0,3,8,3,2040.521,4 4,West,2,3,93
0,3,8,3,2042.641,4 4,North,2,3,93
0,3,8,1,2044.87,4 4,West,2,3,93
0,3,8,2,2045.843,4 3,West,2,3,93
0,3,8,3,2046.817,4 3,North,2,3,93
0,3,8,1,2047.347,4 3,West,2,3,93
0,3,8,2,2047.923,4 2,West,2,3,93
0,3,8,3,2048.756,4 2,North,2,3,93
0,3,8,2,2049.699,3 2,North,2,3,93
0,3,8,1,2050.424,3 2,West,2,3,93
0,3,8,2,2051.266,3 1,West,2,3,93
0,3,8,3,2052.049,3 1,North,2,3,93
0,3,8,2,2052.788,2 1,North,2,3,93
0,3,8,1,2053.701,2 1,West,2,3,93
0,3,8,3,2054.344,2 1,North,2,3,93
0,3,8,2,2055.061,1 1,North,2,3,93
0,3,8,1,2055.713,1 1,West,2,3,93
0,3,8,2,2056.419,1 0,West,2,3,93
0,3,8,6,2056.82,1 0,West,2,4,93
0,3,8,2,2058.231,1 0,West,2,4,93
0,3,8,1,2058.871,1 0,South,2,4,93
0,3,8,2,2060.601,2 0,South,2,4,93
0,3,8,2,2061.185,3 0,South,2,4,93
0,3,8,1,2062.069,3 0,East,2,4,93
0,3,8,3,2062.902,3 0,South,2,4,93
0,3,8,2,2063.553,4 0,South,2,4,93
0,3,8,1,2064.339,4 0,East,2,4,93
0,3,8,2,2064.98,4 1,East,2,4,93
0,3,8,3,2066.546,4 1,South,2,4,93
0,3,8,3,2067.192,4 1,West,2,4,93
0,3,8,2,2067.832,4 0,West,2,4,93
0,3,8,3,2068.678,4 0,North,2,4,93
0,3,8,2,2069.3,3 0,North,2,4,93
0,3,8,2,2069.889,2 0,North,2,4,93
0,3,8,2,2070.746,1 0,North,2,4,93
0,3,8,3,2071.528,1 0,East,2,4,93
0,3,8,2,2072.183,1 1,East,2,4,93
0,3,8,3,2072.819,1 1,South,2,4,93
0,3,8,2,2073.443,2 1,South,2,4,93
0,3,8,1,2074.294,2 1,East,2,4,93
0,3,8,3,2074.823,2 1,South,2,4,93
0,3,8,2,2075.408,3 1,South,2,4,93
0,3,8,1,2076.295,3 1,East,2,4,93
0,3,8,2,2076.833,3 2,East,2,4,93
0,3,8,3,2077.657,3 2,South,2,4,93
0,3,8,2,2078.233,4 2,South,2,4,93
0,3,8,1,2078.773,4 2,East,2,4,93
0,3,8,2,2079.33,4 3,East,2,4,93
0,3,8,2,2080.054,4 4,East,2,4,93
0,3,8,1,2080.87,4 4,North,2,4,93
0,3,8,2,2081.539,3 4,North,2,4,93
0,3,8,2,2082.418,2 4,North,2,4,93
0,3,8,2,2083.049,1 4,North,2,4,93
0,3,8,2,2083.634,0 4,North,2,4,93
0,3,8,1,2084.405,0 4,West,2,4,93
0,3,8,2,2085.319,0 3,West,2,4,93
0,3,8,6,2085.72,0 3,West,2,5,93
0,3,8,3,2087.51,0 3,North,2,5,93
0,3,8,3,2088.342,0 3,East,2,5,93
0,3,8,2,2089.06,0 4,East,2,5,93
0,3,8,3,2089.801,0 4,South,2,5,93
0,3,8,2,2090.451,1 4,South,2,5,93
0,3,8,3,2091.573,1 4,West,2,5,93
0,3,8,2,2092.536,1 3,West,2,5,93
0,3,8,1,2093.16,1 3,South,2,5,93
0,3,8,2,2093.765,2 3,South,2,5,93
0,3,8,3,2094.314,2 3,West,2,5,93
0,3,8,2,2094.934,2 2,West,2,5,93
0,3,8,3,2095.653,2 2,North,2,5,93
0,3,8,2,2096.41,1 2,North,2,5,93
0,3,8,2,2097.507,0 2,North,2,5,93
0,3,8,1,2098.104,0 2,West,2,5,93
0,3,8,2,2098.705,0 1,West,2,5,93
0,3,8,3,2099.876,0 1,North,2,5,93
0,3,8,3,2100.609,0 1,East,2,5,93
0,3,8,2,2101.539,0 2,East,2,5,93
0,3,8,3,2102.483,0 2,South,2,5,93
0,3,8,2,2103.034,1 2,South,2,5,93
0,3,8,2,2103.944,2 2,South,2,5,93
0,3,8,1,2104.596,2 2,East,2,5,93
0,3,8,2,2105.221,2 3,East,2,5,93
0,3,8,1,2106.086,2 3,North,2,5,93
0,3,8,2,2106.769,1 3,North,2,5,93
0,3,8,3,2107.285,1 3,East,2,5,93
0,3,8,2,2107.991,1 4,East,2,5,93
0,3,8,3,2108.532,1 4,South,2,5,93
0,3,8,2,2109.537,2 4,South,2,5,93
0,3,8,2,2110.168,3 4,South,2,5,93
0,3,8,3,2110.918,3 4,West,2,5,93
0,3,8,1,2111.557,3 4,South,2,5,93
0,3,8,2,2112.177,4 4,South,2,5,93
0,3,8,3,2112.95,4 4,West,2,5,93
0,3,8,3,2113.825,4 4,North,2,5,93
0,3,8,1,2114.677,4 4,West,2,5,93
0,3,8,2,2115.336,4 3,West,2,5,93
0,3,8,2,2116.314,4 2,West,2,5,93
0,3,8,3,2117.059,4 2,North,2,5,93
0,3,8,2,2117.765,3 2,North,2,5,93
0,3,8,1,2118.377,3 2,West,2,5,93
0,3,8,2,2119.026,3 1,West,2,5,93
0,3,8,3,2119.589,3 1,North,2,5,93
0,3,8,2,2120.231,2 1,North,2,5,93
0,3,8,2,2120.817,1 1,North,2,5,93
0,3,8,1,2121.732,1 1,West,2,5,93
0,3,8,2,2122.516,1 0,West,2,5,93
0,3,8,1,2123.713,1 0,South,2,5,93
0,3,8,2,2124.58,2 0,South,2,5,93
0,3,8,6,2124.96,2 0,South,2,6,93
0,3,8,2,2126.63,3 0,South,2,6,93
0,3,8,2,2127.274,4 0,South,2,6,93
0,3,8,1,2127.783,4 0,East,2,6,93
0,3,8,2,2128.678,4 1,East,2,6,93
0,3,8,3,2129.445,4 1,South,2,6,93
0,3,8,3,2130.313,4 1,West,2,6,93
0,3,8,2,2131.19,4 0,West,2,6,93
0,3,8,3,2132.02,4 0,North,2,6,93
0,3,8,2,2132.678,3 0,North,2,6,93
0,3,8,2,2133.682,2 0,North,2,6,93
0,3,8,2,2134.581,1 0,North,2,6,93
0,3,8,3,2135.617,1 0,East,2,6,93
0,3,8,2,2136.166,1 1,East,2,6,93
0,3,8,3,2137.06,1 1,South,2,6,93
0,3,8,2,2137.814,2 1,South,2,6,93
0,3,8,2,2138.837,3 1,South,2,6,93
0,3,8,6,2139.2,3 1,South,2,7,93
0,3,8,1,2139.94,3 1,East,2,7,93
0,3,8,2,2140.744,3 2,East,2,7,93
0,3,8,2,2141.848,3 3,East,2,7,93
0,3,8,6,2142.26,3 3,East,2,8,93
2,3,8,2,2150.568,3 4,North,2,0,0
2,3,8,2,2151.174,2 4,North,2,0,0
2,3,8,2,2151.96,1 4,North,2,0,0
2,3,8,2,2152.82,0 4,North,2,0,0
2,3,8,1,2153.365,0 4,West,2,0,0
2,3,8,3,2155.188,0 4,North,2,0,0
2,3,8,3,2155.734,0 4,East,2,0,0
2,3,8,3,2156.336,0 4,South,2,0,0
2,3,8,2,2156.897,1 4,South,2,0,0
2,3,8,3,2157.875,1 4,West,2,0,0
2,3,8,2,2158.514,1 3,West,2,0,0
2,3,8,2,2159.208,1 3,West,2,0,1
2,3,8,1,2159.985,1 3,South,2,0,1
2,3,8,2,2160.791,2 3,South,2,0,1
2,3,8,2,2162.21,2 3,South,2,0,2
2,3,8,3,2162.912,2 3,West,2,0,2
2,3,8,2,2163.926,2 2,West,2,0,2
2,3,8,3,2164.498,2 2,North,2,0,2
2,3,8,2,2165.089,1 2,North,2,0,2
2,3,8,6,2165.46,1 2,North,2,1,2
2,3,8,3,2166.17,1 2,East,2,1,2
2,3,8,3,2166.695,1 2,South,2,1,2
2,3,8,3,2167.237,1 2,West,2,1,2
2,3,8,2,2170.919,1 2,West,2,1,3
2,3,8,1,2171.476,1 2,South,2,1,3
2,3,8,2,2172.083,2 2,South,2,1,3
2,3,8,3,2172.628,2 2,West,2,1,3
2,3,8,2,2173.237,2 2,West,2,1,4
2,3,8,1,2173.763,2 2,South,2,1,4
2,3,8,2,2174.421,2 2,South,2,1,5
2,3,8,3,2175.169,2 2,West,2,1,5
2,3,8,3,2176.006,2 2,North,2,1,5
2,3,8,2,2176.617,1 2,North,2,1,5
2,3,8,3,2177.17,1 2,East,2,1,5
2,3,8,2,2177.829,1 2,East,2,1,6
2,3,8,1,2178.484,1 2,North,2,1,6
2,3,8,2,2179.146,0 2,North,2,1,6
2,3,8,1,2179.738,0 2,West,2,1,6
2,3,8,2,2180.555,0 1,West,2,1,6
2,3,8,1,2181.271,0 1,South,2,1,6
2,3,8,2,2181.895,0 1,South,2,1,7
2,3,8,3,2182.498,0 1,West,2,1,7
2,3,8,2,2183.16,0 0,West,2,1,7
2,3,8,1,2183.795,0 0,South,2,1,7
2,3,8,2,2184.457,0 0,South,2,1,8
2,3,8,1,2185.129,0 0,East,2,1,8
2,3,8,3,2186.439,0 0,South,2,1,8
2,3,8,3,2187.029,0 0,West,2,1,8
2,3,8,2,2188.179,0 0,West,2,1,8
2,3,8,1,2188.961,0 0,South,2,1,8
2,3,8,1,2189.892,0 0,East,2,1,8
2,3,8,2,2190.665,0 1,East,2,1,8
2,3,8,3,2191.382,0 1,South,2,1,8
2,3,8,2,2192.15,0 1,South,2,1,9
2,3,8,1,2192.647,0 1,East,2,1,9
2,3,8,2,2193.364,0 2,East,2,1,9
2,3,8,3,2193.88,0 2,South,2,1,9
2,3,8,2,2194.468,1 2,South,2,1,9
2,3,8,3,2195.113,1 2,West,2,1,9
2,3,8,2,2195.721,1 2,West,2,1,10
2,3,8,1,2196.344,1 2,South,2,1,10
2,3,8,2,2196.997,2 2,South,2,1,10
2,3,8,3,2197.525,2 2,West,2,1,10
2,3,8,2,2198.196,2 2,West,2,1,11
2,3,8,1,2198.709,2 2,South,2,1,11
2,3,8,2,2199.331,2 2,South,2,1,12
2,3,8,1,2200.199,2 2,East,2,1,12
2,3,8,2,2200.808,2 3,East,2,1,12
2,3,8,3,2201.318,2 3,South,2,1,12
2,3,8,2,2201.826,2 3,South,2,1,13
2,3,8,1,2202.501,2 3,East,2,1,13
2,3,8,2,2203.202,2 3,East,2,1,14
2,3,8,1,2204.21,2 3,North,2,1,14
2,3,8,2,2204.901,1 3,North,2,1,14
2,3,8,3,2205.664,1 3,East,2,1,14
2,3,8,2,2206.29,1 4,East,2,1,14
2,3,8,3,2206.853,1 4,South,2,1,14
2,3,8,2,2207.525,2 4,South,2,1,14
2,3,8,3,2208.13,2 4,West,2,1,14
2,3,8,2,2208.753,2 4,West,2,1,15
2,3,8,1,2209.364,2 4,South,2,1,15
2,3,8,2,2210.106,3 4,South,2,1,15
2,3,8,2,2211.271,4 4,South,2,1,15
2,3,8,3,2213.588,4 4,West,2,1,15
2,3,8,3,2214.404,4 4,North,2,1,15
2,3,8,2,2224.776,3 4,North,2,1,15
2,3,8,2,2225.335,2 4,North,2,1,15
2,3,8,1,2225.911,2 4,West,2,1,15
2,3,8,2,2232.042,2 4,West,2,1,16
2,3,8,3,2232.743,2 4,North,2,1,16
2,3,8,2,2233.476,1 4,North,2,1,16
2,3,8,1,2234.42,1 4,West,2,1,16
2,3,8,2,2235.126,1 3,West,2,1,16
2,3,8,2,2235.751,1 3,West,2,1,17
2,3,8,3,2236.435,1 3,North,2,1,17
2,3,8,2,2237.092,1 3,North,2,1,18
2,3,8,3,2238.005,1 3,East,2,1,18
2,3,8,3,2238.666,1 3,South,2,1,18
2,3,8,2,2239.285,2 3,South,2,1,18
2,3,8,2,2239.921,2 3,South,2,1,19
2,3,8,1,2240.437,2 3,East,2,1,19
2,3,8,2,2241.063,2 3,East,2,1,20
2,3,8,1,2241.83,2 3,North,2,1,20
2,3,8,2,2242.582,1 3,North,2,1,20
2,3,8,3,2243.107,1 3,East,2,1,20
2,3,8,2,2243.795,1 4,East,2,1,20
2,3,8,3,2244.497,1 4,South,2,1,20
2,3,8,2,2245.219,2 4,South,2,1,20
2,3,8,2,2245.959,3 4,South,2,1,20
2,3,8,2,2246.712,4 4,South,2,1,20
2,3,8,3,2247.395,4 4,West,2,1,20
2,3,8,2,2249.43,4 3,West,2,1,20
2,3,8,2,2250.226,4 2,West,2,1,20
2,3,8,2,2251.129,4 2,West,2,1,21
2,3,8,3,2251.658,4 2,North,2,1,21
2,3,8,2,2252.387,3 2,North,2,1,21
2,3,8,1,2253.032,3 2,West,2,1,21
2,3,8,2,2253.698,3 1,West,2,1,21
2,3,8,3,2254.225,3 1,North,2,1,21
2,3,8,2,2254.849,2 1,North,2,1,21
2,3,8,1,2255.382,2 1,West,2,1,21
2,3,8,2,2255.988,2 1,West,2,1,22
2,3,8,1,2256.567,2 1,South,2,1,22
2,3,8,2,2257.219,3 1,South,2,1,22
2,3,8,3,2257.865,3 1,West,2,1,22
2,3,8,2,2258.52,3 1,West,2,1,23
2,3,8,1,2259.591,3 1,South,2,1,23
2,3,8,2,2260.104,3 1,South,2,1,24
2,3,8,1,2261.047,3 1,East,2,1,24
2,3,8,2,2261.689,3 2,East,2,1,24
2,3,8,3,2262.234,3 2,South,2,1,24
2,3,8,2,2262.865,4 2,South,2,1,24
2,3,8,3,2263.448,4 2,West,2,1,24
2,3,8,2,2264.035,4 2,West,2,1,25
2,3,8,1,2264.979,4 2,South,2,1,25
2,3,8,1,2265.75,4 2,East,2,1,25
2,3,8,1,2267.605,4 2,North,2,1,25
2,3,8,2,2268.965,3 2,North,2,1,25
2,3,8,1,2270.759,3 2,West,2,1,25
2,3,8,3,2272.615,3 2,North,2,1,25
2,3,8,1,2273.921,3 2,West,2,1,25
2,3,8,3,2274.809,3 2,North,2,1,25
2,3,8,2,2275.425,3 2,North,2,1,26
2,3,8,1,2276.052,3 2,West,2,1,26
2,3,8,2,2276.693,3 1,West,2,1,26
2,3,8,3,2277.219,3 1,North,2,1,26
2,3,8,2,2277.799,2 1,North,2,1,26
2,3,8,1,2278.314,2 1,West,2,1,26
2,3,8,2,2278.824,2 1,West,2,1,27
2,3,8,2,2279.48,2 1,West,2,1,28
2,3,8,1,2280.081,2 1,South,2,1,28
2,3,8,2,2280.742,3 1,South,2,1,28
2,3,8,3,2281.461,3 1,West,2,1,28
2,3,8,2,2282.155,3 1,West,2,1,29
2,3,8,3,2282.755,3 1,North,2,1,29
2,3,8,1,2285.412,3 1,West,2,1,29
2,3,8,1,2286.082,3 1,South,2,1,29
2,3,8,2,2286.708,3 1,South,2,1,30
2,3,8,3,2288.008,3 1,West,2,1,30
2,3,8,3,2288.833,3 1,North,2,1,30
2,3,8,3,2289.637,3 1,East,2,1,30
2,3,8,2,2290.292,3 2,East,2,1,30
2,3,8,1,2291.239,3 2,North,2,1,30
2,3,8,2,2292.026,3 2,North,2,1,31
2,3,8,1,2292.675,3 2,West,2,1,31
2,3,8,2,2293.529,3 1,West,2,1,31
2,3,8,3,2295.062,3 1,North,2,1,31
2,3,8,3,2295.683,3 1,East,2,1,31
2,3,8,3,2296.678,3 1,South,2,1,31
2,3,8,2,2297.434,3 1,South,2,1,32
2,3,8,1,2298.082,3 1,East,2,1,32
2,3,8,2,2298.674,3 2,East,2,1,32
2,3,8,3,2299.699,3 2,South,2,1,32
2,3,8,1,2300.666,3 2,East,2,1,32
2,3,8,1,2301.267,3 2,North,2,1,32
2,3,8,2,2302.715,3 2,North,2,1,33
2,3,8,1,2303.193,3 2,West,2,1,33
2,3,8,2,2303.786,3 1,West,2,1,33
2,3,8,3,2305.57,3 1,North,2,1,33
2,3,8,2,2306.468,2 1,North,2,1,33
2,3,8,1,2307.334,2 1,West,2,1,33
2,3,8,2,2308.042,2 1,West,2,1,34
2,3,8,3,2308.707,2 1,North,2,1,34
2,3,8,2,2309.379,1 1,North,2,1,34
2,3,8,1,2310.021,1 1,West,2,1,34
2,3,8,2,2310.758,1 0,West,2,1,34
2,3,8,1,2311.41,1 0,South,2,1,34
2,3,8,2,2312.1,2 0,South,2,1,34
2,3,8,6,2312.48,2 0,South,2,2,34
2,3,8,1,2320.641,2 0,East,2,2,34
2,3,8,1,2321.363,2 0,North,2,2,34
2,3,8,2,2323.508,1 0,North,2,2,34
2,3,8,3,2324.24,1 0,East,2,2,34
2,3,8,2,2325.013,1 1,East,2,2,34
2,3,8,2,2325.786,1 1,East,2,2,35
2,3,8,1,2326.358,1 1,North,2,2,35
2,3,8,2,2327.041,1 1,North,2,2,36
2,3,8,3,2327.697,1 1,East,2,2,36
2,3,8,3,2328.866,1 1,South,2,2,36
2,3,8,2,2329.673,2 1,South,2,2,36
2,3,8,1,2330.226,2 1,East,2,2,36
2,3,8,2,2330.872,2 1,East,2,2,37
2,3,8,3,2331.522,2 1,South,2,2,37
2,3,8,2,2332.147,3 1,South,2,2,37
2,3,8,1,2332.713,3 1,East,2,2,37
2,3,8,2,2333.609,3 2,East,2,2,37
2,3,8,1,2334.692,3 2,North,2,2,37
2,3,8,2,2335.362,3 2,North,2,2,38
2,3,8,3,2335.938,3 2,East,2,2,38
2,3,8,2,2336.833,3 3,East,2,2,38
2,3,8,1,2337.686,3 3,North,2,2,38
2,3,8,2,2338.374,3 3,North,2,2,39
2,3,8,3,2338.968,3 3,East,2,2,39
2,3,8,2,2339.668,3 3,East,2,2,40
2,3,8,3,2340.341,3 3,South,2,2,40
2,3,8,2,2340.949,3 3,South,2,2,41
2,3,8,3,2341.526,3 3,West,2,2,41
2,3,8,2,2342.134,3 2,West,2,2,41
2,3,8,1,2342.715,3 2,South,2,2,41
2,3,8,2,2343.335,4 2,South,2,2,41
2,3,8,1,2344.187,4 2,East,2,2,41
2,3,8,2,2344.85,4 3,East,2,2,41
2,3,8,2,2345.475,4 4,East,2,2,41
2,3,8,1,2346.28,4 4,North,2,2,41
2,3,8,2,2350.627,3 4,North,2,2,41
2,3,8,2,2351.289,2 4,North,2,2,41
2,3,8,2,2351.844,1 4,North,2,2,41
2,3,8,1,2354.771,1 4,West,2,2,41
2,3,8,2,2355.412,1 3,West,2,2,41
2,3,8,3,2355.96,1 3,North,2,2,41
2,3,8,2,2356.915,1 3,North,2,2,42
2,3,8,1,2357.511,1 3,West,2,2,42
2,3,8,2,2358.035,1 3,West,2,2,43
2,3,8,3,2358.868,1 3,North,2,2,43
2,3,8,3,2359.784,1 3,East,2,2,43
2,3,8,2,2360.417,1 4,East,2,2,43
2,3,8,1,2361.026,1 4,North,2,2,43
2,3,8,2,2361.671,0 4,North,2,2,43
2,3,8,1,2362.324,0 4,West,2,2,43
2,3,8,2,2362.995,0 3,West,2,2,43
2,3,8,2,2363.733,0 3,West,2,2,44
2,3,8,1,2364.533,0 3,South,2,2,44
2,3,8,2,2365.445,0 3,South,2,2,45
2,3,8,1,2366.136,0 3,East,2,2,45
2,3,8,2,2366.79,0 4,East,2,2,45
2,3,8,3,2367.393,0 4,South,2,2,45
2,3,8,2,2368.115,1 4,South,2,2,45
2,3,8,3,2368.742,1 4,West,2,2,45
2,3,8,2,2369.447,1 3,West,2,2,45
2,3,8,2,2370.198,1 3,West,2,2,46
2,3,8,3,2370.754,1 3,North,2,2,46
2,3,8,2,2371.282,1 3,North,2,2,47
2,3,8,1,2372.181,1 3,West,2,2,47
2,3,8,1,2372.794,1 3,South,2,2,47
2,3,8,2,2373.778,2 3,South,2,2,47
2,3,8,3,2374.294,2 3,West,2,2,47
2,3,8,2,2374.899,2 2,West,2,2,47
2,3,8,3,2375.873,2 2,North,2,2,47
2,3,8,2,2376.577,1 2,North,2,2,47
2,3,8,2,2377.235,0 2,North,2,2,47
2,3,8,6,2377.62,0 2,North,2,3,47
2,3,8,1,2378.594,0 2,West,2,3,47
2,3,8,1,2379.542,0 2,South,2,3,47
2,3,8,1,2382.518,0 2,East,2,3,47
2,3,8,3,2383.156,0 2,South,2,3,47
2,3,8,2,2383.905,1 2,South,2,3,47
2,3,8,2,2384.643,2 2,South,2,3,47
2,3,8,3,2385.283,2 2,West,2,3,47
2,3,8,2,2385.891,2 2,West,2,3,48
2,3,8,1,2386.485,2 2,South,2,3,48
2,3,8,2,2387.097,2 2,South,2,3,49
2,3,8,1,2387.825,2 2,East,2,3,49
2,3,8,2,2388.532,2 3,East,2,3,49
2,3,8,3,2389.059,2 3,South,2,3,49
2,3,8,2,2389.651,2 3,South,2,3,50
2,3,8,1,2390.457,2 3,East,2,3,50
2,3,8,2,2391.109,2 3,East,2,3,51
2,3,8,1,2391.939,2 3,North,2,3,51
2,3,8,2,2392.55,1 3,North,2,3,51
2,3,8,3,2393.48,1 3,East,2,3,51
2,3,8,2,2394.085,1 4,East,2,3,51
2,3,8,3,2394.727,1 4,South,2,3,51
2,3,8,2,2395.442,2 4,South,2,3,51
2,3,8,2,2396.451,3 4,South,2,3,51
2,3,8,3,2397.099,3 4,West,2,3,51
2,3,8,1,2399.154,3 4,South,2,3,51
2,3,8,3,2400.289,3 4,West,2,3,51
2,3,8,2,2400.931,3 4,West,2,3,52
2,3,8,1,2401.474,3 4,South,2,3,52
2,3,8,2,2402.133,4 4,South,2,3,52
2,3,8,3,2402.659,4 4,West,2,3,52
2,3,8,2,2403.365,4 3,West,2,3,52
2,3,8,2,2404.099,4 2,West,2,3,52
2,3,8,2,2404.935,4 2,West,2,3,53
2,3,8,3,2405.593,4 2,North,2,3,53
2,3,8,2,2406.201,3 2,North,2,3,53
2,3,8,1,2406.74,3 2,West,2,3,53
2,3,8,2,2407.489,3 1,West,2,3,53
2,3,8,2,2408.374,3 1,West,2,3,54
2,3,8,3,2409.031,3 1,North,2,3,54
2,3,8,2,2409.626,2 1,North,2,3,54
2,3,8,1,2410.15,2 1,West,2,3,54
2,3,8,2,2410.745,2 1,West,2,3,55
2,3,8,1,2411.527,2 1,South,2,3,55
2,3,8,2,2412.929,3 1,South,2,3,55
2,3,8,1,2416.409,3 1,East,2,3,55
2,3,8,3,2417.226,3 1,South,2,3,55
2,3,8,2,2417.905,3 1,South,2,3,56
2,3,8,3,2419.361,3 1,West,2,3,56
2,3,8,1,2420.809,3 1,South,2,3,56
2,3,8,1,2421.53,3 1,East,2,3,56
2,3,8,2,2422.229,3 2,East,2,3,56
2,3,8,3,2423.153,3 2,South,2,3,56
2,3,8,2,2423.841,4 2,South,2,3,56
2,3,8,3,2424.471,4 2,West,2,3,56
2,3,8,2,2425.172,4 2,West,2,3,57
2,3,8,3,2426.114,4 2,North,2,3,57
2,3,8,3,2427.122,4 2,East,2,3,57
2,3,8,2,2427.925,4 3,East,2,3,57
2,3,8,1,2428.826,4 3,North,2,3,57
2,3,8,2,2429.411,4 3,North,2,3,58
2,3,8,1,2430.106,4 3,West,2,3,58
2,3,8,2,2431.32,4 2,West,2,3,58
2,3,8,3,2432.067,4 2,North,2,3,58
2,3,8,2,2432.677,3 2,North,2,3,58
2,3,8,2,2433.274,3 2,North,2,3,59
2,3,8,1,2433.91,3 2,West,2,3,59
2,3,8,2,2434.53,3 1,West,2,3,59
2,3,8,3,2435.426,3 1,North,2,3,59
2,3,8,2,2436.036,2 1,North,2,3,59
2,3,8,1,2436.626,2 1,West,2,3,59
2,3,8,2,2437.38,2 1,West,2,3,60
2,3,8,1,2438.134,2 1,South,2,3,60
2,3,8,2,2438.679,3 1,South,2,3,60
2,3,8,3,2439.283,3 1,West,2,3,60
2,3,8,2,2439.975,3 1,West,2,3,61
2,3,8,1,2443.751,3 1,South,2,3,61
2,3,8,2,2444.771,3 1,South,2,3,62
2,3,8,1,2445.334,3 1,East,2,3,62
2,3,8,2,2446.001,3 2,East,2,3,62
2,3,8,2,2446.658,3 3,East,2,3,62
2,3,8,2,2447.528,3 3,East,2,3,63
2,3,8,1,2448.168,3 3,North,2,3,63
2,3,8,2,2448.76,3 3,North,2,3,64
2,3,8,3,2449.782,3 3,East,2,3,64
2,3,8,3,2450.36,3 3,South,2,3,64
2,3,8,2,2451.111,3 3,South,2,3,65
2,3,8,3,2451.684,3 3,West,2,3,65
2,3,8,2,2452.278,3 2,West,2,3,65
2,3,8,1,2452.802,3 2,South,2,3,65
2,3,8,2,2453.428,4 2,South,2,3,65
2,3,8,1,2454.009,4 2,East,2,3,65
2,3,8,2,2454.613,4 3,East,2,3,65
2,3,8,2,2455.17,4 4,East,2,3,65
2,3,8,1,2455.988,4 4,North,2,3,65
2,3,8,3,2456.918,4 4,East,2,3,65
2,3,8,2,2457.529,4 4,East,2,3,65
2,3,8,2,2458.085,4 4,East,2,3,65
2,3,8,1,2458.455,4 4,North,2,3,65
2,3,8,2,2459.204,3 4,North,2,3,65
2,3,8,2,2459.847,2 4,North,2,3,65
2,3,8,2,2460.708,1 4,North,2,3,65
2,3,8,1,2461.476,1 4,West,2,3,65
2,3,8,2,2464.194,1 3,West,2,3,65
2,3,8,2,2465.028,1 3,West,2,3,66
2,3,8,1,2465.754,1 3,South,2,3,66
2,3,8,2,2466.34,2 3,South,2,3,66
2,3,8,3,2467.346,2 3,West,2,3,66
2,3,8,2,2467.941,2 2,West,2,3,66
2,3,8,3,2468.501,2 2,North,2,3,66
2,3,8,2,2469.138,1 2,North,2,3,66
2,3,8,2,2469.748,0 2,North,2,3,66
2,3,8,1,2470.838,0 2,West,2,3,66
2,3,8,2,2471.673,0 1,West,2,3,66
2,3,8,1,2472.278,0 1,South,2,3,66
2,3,8,2,2472.888,0 1,South,2,3,67
2,3,8,1,2473.875,0 1,East,2,3,67
2,3,8,2,2474.568,0 2,East,2,3,67
2,3,8,3,2475.508,0 2,South,2,3,67
2,3,8,2,2476.276,1 2,South,2,3,67
2,3,8,3,2477.258,1 2,West,2,3,67
2,3,8,2,2477.939,1 2,West,2,3,68
2,3,8,1,2478.438,1 2,South,2,3,68
2,3,8,2,2479.095,2 2,South,2,3,68
2,3,8,3,2480.041,2 2,West,2,3,68
2,3,8,2,2480.708,2 2,West,2,3,69
2,3,8,1,2481.224,2 2,South,2,3,69
2,3,8,2,2481.842,2 2,South,2,3,70
2,3,8,1,2482.805,2 2,East,2,3,70
2,3,8,2,2483.575,2 3,East,2,3,70
2,3,8,3,2484.449,2 3,South,2,3,70
2,3,8,2,2485.137,2 3,South,2,3,71
2,3,8,1,2485.827,2 3,East,2,3,71
2,3,8,2,2486.63,2 3,East,2,3,72
2,3,8,1,2487.337,2 3,North,2,3,72
2,3,8,2,2487.975,1 3,North,2,3,72
2,3,8,1,2488.818,1 3,West,2,3,72
2,3,8,2,2492.538,1 3,West,2,3,73
2,3,8,1,2499.178,1 3,South,2,3,73
2,3,8,2,2500.195,2 3,South,2,3,73
2,3,8,3,2500.965,2 3,West,2,3,73
2,3,8,2,2502.165,2 2,West,2,3,73
2,3,8,2,2503.059,2 2,West,2,3,74
2,3,8,1,2503.623,2 2,South,2,3,74
2,3,8,2,2504.299,2 2,South,2,3,75
2,3,8,3,2505.126,2 2,West,2,3,75
2,3,8,3,2506.083,2 2,North,2,3,75
2,3,8,2,2506.777,1 2,North,2,3,75
2,3,8,1,2507.754,1 2,West,2,3,75
2,3,8,2,2508.385,1 2,West,2,3,76
2,3,8,3,2509.138,1 2,North,2,3,76
2,3,8,3,2510.153,1 2,East,2,3,76
2,3,8,2,2511.29,1 2,East,2,3,77
2,3,8,3,2512.057,1 2,South,2,3,77
2,3,8,2,2512.694,2 2,South,2,3,77
2,3,8,3,2513.365,2 2,West,2,3,77
2,3,8,2,2514.164,2 2,West,2,3,78
2,3,8,1,2515.016,2 2,South,2,3,78
2,3,8,1,2515.72,2 2,East,2,3,78
2,3,8,2,2516.465,2 3,East,2,3,78
2,3,8,2,2517.172,2 3,East,2,3,79
2,3,8,3,2517.88,2 3,South,2,3,79
2,3,8,2,2518.517,2 3,South,2,3,80
2,3,8,3,2519.249,2 3,West,2,3,80
2,3,8,2,2519.846,2 2,West,2,3,80
2,3,8,1,2522.762,2 2,South,2,3,80
2,3,8,2,2523.363,2 2,South,2,3,81
2,3,8,3,2523.953,2 2,West,2,3,81
2,3,8,2,2524.631,2 2,West,2,3,82
2,3,8,3,2525.577,2 2,North,2,3,82
2,3,8,3,2526.356,2 2,East,2,3,82
2,3,8,2,2527.043,2 3,East,2,3,82
2,3,8,1,2527.683,2 3,North,2,3,82
2,3,8,2,2528.295,1 3,North,2,3,82
2,3,8,2,2528.964,1 3,North,2,3,83
2,3,8,1,2529.545,1 3,West,2,3,83
2,3,8,2,2530.135,1 3,West,2,3,84
2,3,8,3,2531.35,1 3,North,2,3,84
2,3,8,3,2531.908,1 3,East,2,3,84
2,3,8,2,2532.532,1 4,East,2,3,84
2,3,8,2,2533.492,1 4,East,2,3,84
2,3,8,1,2533.989,1 4,North,2,3,84
2,3,8,2,2534.548,0 4,North,2,3,84
2,3,8,1,2536.035,0 4,West,2,3,84
2,3,8,2,2537.06,0 3,West,2,3,84
2,3,8,2,2537.731,0 3,West,2,3,85
2,3,8,1,2538.471,0 3,South,2,3,85
2,3,8,2,2539.205,0 3,South,2,3,86
2,3,8,1,2540.162,0 3,East,2,3,86
2,3,8,2,2541.14,0 4,East,2,3,86
2,3,8,3,2541.881,0 4,South,2,3,86
2,3,8,2,2542.63,1 4,South,2,3,86
2,3,8,3,2543.473,1 4,West,2,3,86
2,3,8,2,2544.12,1 3,West,2,3,86
2,3,8,1,2544.961,1 3,South,2,3,86
2,3,8,2,2545.721,2 3,South,2,3,86
2,3,8,3,2546.246,2 3,West,2,3,86
2,3,8,2,2546.918,2 2,West,2,3,86
2,3,8,1,2547.656,2 2,South,2,3,86
2,3,8,2,2548.257,2 2,South,2,3,87
2,3,8,3,2548.898,2 2,West,2,3,87
2,3,8,2,2549.53,2 2,West,2,3,88
2,3,8,3,2550.424,2 2,North,2,3,88
2,3,8,3,2551.156,2 2,East,2,3,88
2,3,8,2,2551.873,2 3,East,2,3,88
2,3,8,3,2552.801,2 3,South,2,3,88
2,3,8,3,2553.746,2 3,West,2,3,88
2,3,8,1,2555.334,2 3,South,2,3,88
2,3,8,2,2556.198,2 3,South,2,3,89
2,3,8,1,2556.841,2 3,East,2,3,89
2,3,8,2,2557.522,2 3,East,2,3,90
2,3,8,1,2558.245,2 3,North,2,3,90
2,3,8,2,2558.904,1 3,North,2,3,90
2,3,8,3,2559.433,1 3,East,2,3,90
2,3,8,2,2560.056,1 4,East,2,3,90
2,3,8,3,2560.698,1 4,South,2,3,90
2,3,8,3,2561.467,1 4,West,2,3,90
2,3,8,1,2568.841,1 4,South,2,3,90
2,3,8,2,2569.528,2 4,South,2,3,90
2,3,8,2,2570.353,3 4,South,2,3,90
2,3,8,3,2571.058,3 4,West,2,3,90
2,3,8,2,2571.746,3 4,West,2,3,91
2,3,8,1,2572.424,3 4,South,2,3,91
2,3,8,2,2574.485,4 4,South,2,3,91
2,3,8,3,2575.059,4 4,West,2,3,91
2,3,8,2,2575.785,4 3,West,2,3,91
2,3,8,2,2576.453,4 2,West,2,3,91
2,3,8,2,2577.188,4 2,West,2,3,92
2,3,8,3,2577.81,4 2,North,2,3,92
2,3,8,2,2578.473,3 2,North,2,3,92
2,3,8,1,2579.064,3 2,West,2,3,92
2,3,8,2,2579.748,3 1,West,2,3,92
2,3,8,1,2582.729,3 1,South,2,3,92
2,3,8,2,2583.429,3 1,South,2,3,93
2,3,8,3,2583.927,3 1,West,2,3,93
2,3,8,2,2584.601,3 1,West,2,3,94
2,3,8,3,2585.189,3 1,North,2,3,94
2,3,8,2,2585.81,2 1,North,2,3,94
2,3,8,1,2586.933,2 1,West,2,3,94
2,3,8,2,2587.62,2 1,West,2,3,95
2,3,8,3,2588.17,2 1,North,2,3,95
2,3,8,2,2588.903,1 1,North,2,3,95
2,3,8,1,2589.537,1 1,West,2,3,95
2,3,8,2,2590.12,1 0,West,2,3,95
2,3,8,1,2590.97,1 0,South,2,3,95
2,3,8,2,2591.706,2 0,South,2,3,95
2,3,8,2,2592.338,3 0,South,2,3,95
2,3,8,2,2593.143,4 0,South,2,3,95
2,3,8,6,2593.52,4 0,South,2,4,95
2,3,8,3,2595.703,4 0,West,2,4,95
2,3,8,3,2596.276,4 0,North,2,4,95
2,3,8,3,2597.205,4 0,East,2,4,95
2,3,8,1,2598.283,4 0,North,2,4,95
2,3,8,2,2598.999,3 0,North,2,4,95
2,3,8,3,2599.595,3 0,East,2,4,95
2,3,8,2,2600.393,3 0,East,2,4,96
2,3,8,3,2601.05,3 0,South,2,4,96
2,3,8,2,2601.829,4 0,South,2,4,96
2,3,8,1,2602.408,4 0,East,2,4,96
2,3,8,2,2602.979,4 1,East,2,4,96
2,3,8,1,2603.543,4 1,North,2,4,96
2,3,8,2,2604.085,4 1,North,2,4,97
2,3,8,1,2605.217,4 1,West,2,4,97
2,3,8,1,2606.226,4 1,South,2,4,97
2,3,8,3,2606.995,4 1,West,2,4,97
2,3,8,2,2607.537,4 0,West,2,4,97
2,3,8,2,2608.2,4 0,West,2,4,97
2,3,8,3,2608.481,4 0,North,2,4,97
2,3,8,2,2609.146,3 0,North,2,4,97
2,3,8,2,2609.846,2 0,North,2,4,97
2,3,8,3,2610.406,2 0,East,2,4,97
2,3,8,2,2611.09,2 0,East,2,4,98
2,3,8,3,2614.344,2 0,South,2,4,98
2,3,8,1,2615.652,2 0,East,2,4,98
2,3,8,1,2616.453,2 0,North,2,4,98
2,3,8,2,2617.17,1 0,North,2,4,98
2,3,8,3,2617.682,1 0,East,2,4,98
2,3,8,2,2618.312,1 1,East,2,4,98
2,3,8,3,2619.25,1 1,South,2,4,98
2,3,8,2,2619.896,2 1,South,2,4,98
2,3,8,2,2620.467,3 1,South,2,4,98
2,3,8,6,2620.84,3 1,South,2,5,98
2,3,8,3,2622.998,3 1,West,2,5,98
2,3,8,3,2623.585,3 1,North,2,5,98
2,3,8,2,2629.729,2 1,North,2,5,98
2,3,8,1,2630.644,2 1,West,2,5,98
2,3,8,2,2631.241,2 1,West,2,5,99
2,3,8,3,2631.761,2 1,North,2,5,99
2,3,8,2,2632.327,1 1,North,2,5,99
2,3,8,1,2633.173,1 1,West,2,5,99
2,3,8,2,2633.815,1 0,West,2,5,99
2,3,8,6,2634.22,1 0,West,2,6,99
2,3,8,3,2634.838,1 0,North,2,6,99
2,3,8,3,2635.397,1 0,East,2,6,99
2,3,8,3,2637.729,1 0,South,2,6,99
2,3,8,2,2638.551,2 0,South,2,6,99
2,3,8,1,2639.446,2 0,East,2,6,99
2,3,8,2,2640.068,2 0,East,2,6,100
2,3,8,1,2640.762,2 0,North,2,6,100
2,3,8,2,2641.336,1 0,North,2,6,100
2,3,8,3,2641.907,1 0,East,2,6,100
2,3,8,2,2642.434,1 1,East,2,6,100
2,3,8,2,2643.032,1 1,East,2,6,101
2,3,8,3,2643.509,1 1,South,2,6,101
2,3,8,2,2644.099,2 1,South,2,6,101
2,3,8,1,2644.611,2 1,East,2,6,101
2,3,8,2,2645.219,2 1,East,2,6,102
2,3,8,1,2645.832,2 1,North,2,6,102
2,3,8,2,2646.372,1 1,North,2,6,102
2,3,8,3,2646.936,1 1,East,2,6,102
2,3,8,2,2647.46,1 1,East,2,6,103
2,3,8,1,2648.213,1 1,North,2,6,103
2,3,8,2,2648.914,1 1,North,2,6,104
2,3,8,1,2649.906,1 1,West,2,6,104
2,3,8,2,2650.52,1 0,West,2,6,104
2,3,8,3,2651.221,1 0,North,2,6,104
2,3,8,2,2651.798,1 0,North,2,6,105
2,3,8,1,2652.499,1 0,West,2,6,105
2,3,8,1,2653.258,1 0,South,2,6,105
2,3,8,2,2653.843,2 0,South,2,6,105
2,3,8,1,2654.629,2 0,East,2,6,105
2,3,8,2,2656.082,2 0,East,2,6,106
2,3,8,3,2656.578,2 0,South,2,6,106
2,3,8,2,2657.315,3 0,South,2,6,106
2,3,8,1,2658.086,3 0,East,2,6,106
2,3,8,2,2658.841,3 0,East,2,6,107
2,3,8,3,2659.354,3 0,South,2,6,107
2,3,8,2,2660.088,4 0,South,2,6,107
2,3,8,1,2660.762,4 0,East,2,6,107
2,3,8,2,2661.427,4 1,East,2,6,107
2,3,8,2,2662.167,4 1,East,2,6,108
2,3,8,1,2662.874,4 1,North,2,6,108
2,3,8,2,2663.538,4 1,North,2,6,109
2,3,8,1,2664.282,4 1,West,2,6,109
2,3,8,2,2664.897,4 0,West,2,6,109
2,3,8,3,2665.569,4 0,North,2,6,109
2,3,8,2,2666.262,3 0,North,2,6,109
2,3,8,2,2666.971,2 0,North,2,6,109
2,3,8,3,2667.576,2 0,East,2,6,109
2,3,8,2,2668.213,2 0,East,2,6,110
2,3,8,1,2668.853,2 0,North,2,6,110
2,3,8,3,2669.554,2 0,East,2,6,110
2,3,8,3,2670.197,2 0,South,2,6,110
2,3,8,2,2670.916,3 0,South,2,6,110
2,3,8,1,2671.496,3 0,East,2,6,110
2,3,8,2,2672.149,3 0,East,2,6,111
2,3,8,1,2672.743,3 0,North,2,6,111
2,3,8,2,2673.477,2 0,North,2,6,111
2,3,8,3,2674.052,2 0,East,2,6,111
2,3,8,2,2674.738,2 0,East,2,6,112
2,3,8,1,2675.195,2 0,North,2,6,112
2,3,8,2,2675.991,1 0,North,2,6,112
2,3,8,3,2677.109,1 0,East,2,6,112
2,3,8,2,2677.861,1 1,East,2,6,112
2,3,8,2,2678.442,1 1,East,2,6,113
2,3,8,1,2679.226,1 1,North,2,6,113
2,3,8,2,2680.098,1 1,North,2,6,114
2,3,8,1,2680.777,1 1,West,2,6,114
2,3,8,2,2681.412,1 0,West,2,6,114
2,3,8,3,2682.035,1 0,North,2,6,114
2,3,8,2,2682.758,1 0,North,2,6,115
2,3,8,3,2683.448,1 0,East,2,6,115
2,3,8,2,2684.184,1 1,East,2,6,115
2,3,8,2,2685.01,1 1,East,2,6,116
2,3,8,3,2685.493,1 1,South,2,6,116
2,3,8,2,2686.198,2 1,South,2,6,116
2,3,8,1,2687.062,2 1,East,2,6,116
2,3,8,2,2687.689,2 1,East,2,6,117
2,3,8,3,2688.137,2 1,South,2,6,117
2,3,8,2,2688.778,3 1,South,2,6,117
2,3,8,1,2689.314,3 1,East,2,6,117
2,3,8,2,2689.897,3 2,East,2,6,117
2,3,8,1,2690.69,3 2,North,2,6,117
2,3,8,2,2691.235,3 2,North,2,6,118
2,3,8,3,2691.702,3 2,East,2,6,118
2,3,8,2,2692.322,3 3,East,2,6,118
2,3,8,2,2692.867,3 3,East,2,6,119
2,3,8,1,2693.526,3 3,North,2,6,119
2,3,8,2,2694.1,3 3,North,2,6,120
2,3,8,3,2694.692,3 3,East,2,6,120
2,3,8,3,2695.38,3 3,South,2,6,120
2,3,8,2,2696.072,3 3,South,2,6,121
2,3,8,3,2696.727,3 3,West,2,6,121
2,3,8,2,2697.318,3 2,West,2,6,121
2,3,8,1,2697.881,3 2,South,2,6,121
2,3,8,2,2698.475,4 2,South,2,6,121
2,3,8,1,2699.075,4 2,East,2,6,121
2,3,8,2,2699.746,4 3,East,2,6,121
2,3,8,2,2700.401,4 4,East,2,6,121
2,3,8,1,2700.979,4 4,North,2,6,121
2,3,8,2,2701.525,3 4,North,2,6,121
2,3,8,2,2702.214,2 4,North,2,6,121
2,3,8,6,2702.6,2 4,North,2,7,121
2,3,8,3,2705.028,2 4,East,2,7,121
2,3,8,3,2705.591,2 4,South,2,7,121
2,3,8,3,2706.39,2 4,West,2,7,121
2,3,8,3,2707.622,2 4,North,2,7,121
2,3,8,1,2709.652,2 4,West,2,7,121
2,3,8,2,2710.712,2 4,West,2,7,122
2,3,8,3,2711.465,2 4,North,2,7,122
2,3,8,2,2712.084,1 4,North,2,7,122
2,3,8,1,2713.094,1 4,West,2,7,122
2,3,8,2,2713.703,1 3,West,2,7,122
2,3,8,2,2714.41,1 3,West,2,7,123
2,3,8,1,2715,1 3,South,2,7,123
2,3,8,2,2715.542,2 3,South,2,7,123
2,3,8,3,2716.056,2 3,West,2,7,123
2,3,8,2,2716.567,2 2,West,2,7,123
2,3,8,6,2716.98,2 2,West,2,8,123
0,3,9,2,2734.227,3 4,North,2,0,123
0,3,9,2,2734.854,2 4,North,2,0,123
0,3,9,2,2735.447,1 4,North,2,0,123
0,3,9,2,2736.217,0 4,North,2,0,123
0,3,9,1,2736.9,0 4,West,2,0,123
0,3,9,3,2738.868,0 4,North,2,0,123
0,3,9,1,2740.897,0 4,West,2,0,123
0,3,9,1,2741.86,0 4,South,2,0,123
0,3,9,2,2742.681,1 4,South,2,0,123
0,3,9,3,2743.866,1 4,West,2,0,123
0,3,9,2,2744.453,1 3,West,2,0,123
0,3,9,1,2744.963,1 3,South,2,0,123
0,3,9,2,2745.814,2 3,South,2,0,123
0,3,9,3,2746.534,2 3,West,2,0,123
0,3,9,2,2747.19,2 2,West,2,0,123
0,3,9,3,2747.795,2 2,North,2,0,123
0,3,9,2,2748.44,1 2,North,2,0,123
0,3,9,2,2749.063,0 2,North,2,0,123
0,3,9,1,2750.039,0 2,West,2,0,123
0,3,9,2,2750.979,0 1,West,2,0,123
0,3,9,2,2751.557,0 0,West,2,0,123
0,3,9,3,2752.954,0 0,North,2,0,123
0,3,9,2,2753.721,0 0,North,2,0,123
0,3,9,3,2754.022,0 0,East,2,0,123
0,3,9,2,2754.695,0 1,East,2,0,123
0,3,9,2,2755.618,0 2,East,2,0,123
0,3,9,3,2756.519,0 2,South,2,0,123
0,3,9,2,2757.194,1 2,South,2,0,123
0,3,9,1,2758.137,1 2,East,2,0,123
0,3,9,3,2758.953,1 2,South,2,0,123
0,3,9,2,2759.626,2 2,South,2,0,123
0,3,9,1,2760.758,2 2,East,2,0,123
0,3,9,2,2761.432,2 3,East,2,0,123
0,3,9,1,2762.328,2 3,North,2,0,123
0,3,9,2,2762.978,1 3,North,2,0,123
0,3,9,3,2763.811,1 3,East,2,0,123
0,3,9,2,2764.338,1 4,East,2,0,123
0,3,9,3,2765.203,1 4,South,2,0,123
0,3,9,2,2768.162,2 4,South,2,0,123
0,3,9,2,2768.739,3 4,South,2,0,123
0,3,9,2,2769.588,4 4,South,2,0,123
0,3,9,3,2770.265,4 4,West,2,0,123
0,3,9,2,2771.274,4 3,West,2,0,123
0,3,9,3,2772.105,4 3,North,2,0,123
0,3,9,1,2772.643,4 3,West,2,0,123
0,3,9,2,2773.266,4 2,West,2,0,123
0,3,9,3,2773.812,4 2,North,2,0,123
0,3,9,2,2774.354,3 2,North,2,0,123
0,3,9,1,2775.272,3 2,West,2,0,123
0,3,9,2,2775.975,3 1,West,2,0,123
0,3,9,3,2776.563,3 1,North,2,0,123
0,3,9,2,2777.283,2 1,North,2,0,123
0,3,9,2,2778.1,1 1,North,2,0,123
0,3,9,1,2778.678,1 1,West,2,0,123
0,3,9,2,2779.332,1 0,West,2,0,123
0,3,9,1,2780.049,1 0,South,2,0,123
0,3,9,1,2781.161,1 0,East,2,0,123
0,3,9,3,2781.73,1 0,South,2,0,123
0,3,9,2,2782.306,2 0,South,2,0,123
0,3,9,2,2782.949,3 0,South,2,0,123
0,3,9,6,2783.32,3 0,South,2,1,123
0,3,9,3,2784.726,3 0,West,2,1,123
0,3,9,3,2785.497,3 0,North,2,1,123
0,3,9,2,2786.389,2 0,North,2,1,123
0,3,9,2,2787.225,1 0,North,2,1,123
0,3,9,3,2787.954,1 0,East,2,1,123
0,3,9,2,2788.657,1 1,East,2,1,123
0,3,9,3,2789.17,1 1,South,2,1,123
0,3,9,2,2789.832,2 1,South,2,1,123
0,3,9,2,2790.629,3 1,South,2,1,123
0,3,9,1,2791.497,3 1,East,2,1,123
0,3,9,2,2792.178,3 2,East,2,1,123
0,3,9,3,2793.033,3 2,South,2,1,123
0,3,9,2,2793.762,4 2,South,2,1,123
0,3,9,1,2794.376,4 2,East,2,1,123
0,3,9,2,2795.57,4 3,East,2,1,123
0,3,9,2,2796.134,4 4,East,2,1,123
0,3,9,2,2796.709,4 4,East,2,1,123
0,3,9,1,2797.144,4 4,North,2,1,123
0,3,9,2,2799.699,3 4,North,2,1,123
0,3,9,2,2800.258,2 4,North,2,1,123
0,3,9,2,2801.62,1 4,North,2,1,123
0,3,9,1,2802.294,1 4,West,2,1,123
0,3,9,3,2802.803,1 4,North,2,1,123
0,3,9,1,2803.416,1 4,West,2,1,123
0,3,9,2,2804.067,1 3,West,2,1,123
0,3,9,1,2804.647,1 3,South,2,1,123
0,3,9,2,2805.336,2 3,South,2,1,123
0,3,9,3,2805.848,2 3,West,2,1,123
0,3,9,2,2806.537,2 2,West,2,1,123
0,3,9,3,2807.051,2 2,North,2,1,123
0,3,9,2,2810.505,1 2,North,2,1,123
0,3,9,2,2811.074,0 2,North,2,1,123
0,3,9,6,2811.46,0 2,North,2,2,123
0,3,9,1,2812.057,0 2,West,2,2,123
0,3,9,2,2813.272,0 1,West,2,2,123
0,3,9,3,2814.774,0 1,North,2,2,123
0,3,9,3,2815.363,0 1,East,2,2,123
0,3,9,2,2816.086,0 2,East,2,2,123
0,3,9,3,2817.001,0 2,South,2,2,123
0,3,9,2,2817.683,1 2,South,2,2,123
0,3,9,2,2818.697,2 2,South,2,2,123
0,3,9,1,2819.222,2 2,East,2,2,123
0,3,9,2,2820.337,2 3,East,2,2,123
0,3,9,6,2820.74,2 3,East,2,3,123
0,3,9,1,2821.318,2 3,North,2,3,123
0,3,9,2,2821.986,1 3,North,2,3,123
0,3,9,3,2822.68,1 3,East,2,3,123
0,3,9,2,2823.335,1 4,East,2,3,123
0,3,9,3,2824.394,1 4,South,2,3,123
0,3,9,2,2824.995,2 4,South,2,3,123
0,3,9,2,2825.586,3 4,South,2,3,123
0,3,9,3,2826.29,3 4,West,2,3,123
0,3,9,1,2826.949,3 4,South,2,3,123
0,3,9,2,2827.606,4 4,South,2,3,123
0,3,9,3,2828.216,4 4,West,2,3,123
0,3,9,2,2829.044,4 3,West,2,3,123
0,3,9,2,2830.055,4 2,West,2,3,123
0,3,9,3,2830.705,4 2,North,2,3,123
0,3,9,2,2831.289,3 2,North,2,3,123
0,3,9,1,2831.959,3 2,West,2,3,123
0,3,9,2,2832.659,3 1,West,2,3,123
0,3,9,3,2833.209,3 1,North,2,3,123
0,3,9,2,2833.787,2 1,North,2,3,123
0,3,9,2,2834.665,1 1,North,2,3,123
0,3,9,1,2835.574,1 1,West,2,3,123
0,3,9,2,2836.212,1 0,West,2,3,123
0,3,9,1,2836.842,1 0,South,2,3,123
0,3,9,3,2837.667,1 0,West,2,3,123
0,3,9,3,2838.918,1 0,North,2,3,123
0,3,9,2,2839.577,1 0,North,2,3,123
0,3,9,3,2840.021,1 0,East,2,3,123
0,3,9,2,2840.915,1 1,East,2,3,123
0,3,9,3,2841.606,1 1,South,2,3,123
0,3,9,2,2842.226,2 1,South,2,3,123
0,3,9,2,2842.79,3 1,South,2,3,123
0,3,9,1,2843.349,3 1,East,2,3,123
0,3,9,2,2843.897,3 2,East,2,3,123
0,3,9,3,2844.597,3 2,South,2,3,123
0,3,9,2,2845.201,4 2,South,2,3,123
0,3,9,1,2846.167,4 2,East,2,3,123
0,3,9,2,2846.786,4 3,East,2,3,123
0,3,9,2,2847.417,4 4,East,2,3,123
0,3,9,1,2848.274,4 4,North,2,3,123
0,3,9,2,2848.933,3 4,North,2,3,123
0,3,9,2,2849.46,2 4,North,2,3,123
0,3,9,2,2850.322,1 4,North,2,3,123
0,3,9,2,2850.905,0 4,North,2,3,123
0,3,9,1,2851.671,0 4,West,2,3,123
0,3,9,1,2852.375,0 4,South,2,3,123
0,3,9,3,2855.256,0 4,West,2,3,123
0,3,9,1,2855.897,0 4,South,2,3,123
0,3,9,2,2856.807,1 4,South,2,3,123
0,3,9,3,2857.767,1 4,West,2,3,123
0,3,9,2,2858.323,1 3,West,2,3,123
0,3,9,1,2859.363,1 3,South,2,3,123
0,3,9,2,2860.148,2 3,South,2,3,123
0,3,9,3,2860.746,2 3,West,2,3,123
0,3,9,2,2861.493,2 2,West,2,3,123
0,3,9,3,2862.129,2 2,North,2,3,123
0,3,9,2,2862.873,1 2,North,2,3,123
0,3,9,2,2863.498,0 2,North,2,3,123
0,3,9,1,2864.116,0 2,West,2,3,123
0,3,9,2,2864.756,0 1,West,2,3,123
0,3,9,3,2865.809,0 1,North,2,3,123
0,3,9,3,2866.409,0 1,East,2,3,123
0,3,9,2,2867.401,0 2,East,2,3,123
0,3,9,3,2868.273,0 2,South,2,3,123
0,3,9,2,2868.889,1 2,South,2,3,123
0,3,9,2,2869.573,2 2,South,2,3,123
0,3,9,1,2870.134,2 2,East,2,3,123
0,3,9,2,2871.074,2 3,East,2,3,123
0,3,9,1,2871.67,2 3,North,2,3,123
0,3,9,2,2872.227,1 3,North,2,3,123
0,3,9,3,2873.076,1 3,East,2,3,123
0,3,9,3,2873.656,1 3,South,2,3,123
0,3,9,1,2874.677,1 3,East,2,3,123
0,3,9,2,2875.447,1 4,East,2,3,123
0,3,9,1,2876.184,1 4,North,2,3,123
0,3,9,3,2877.494,1 4,East,2,3,123
0,3,9,3,2878.498,1 4,South,2,3,123
0,3,9,2,2879.337,2 4,South,2,3,123
0,3,9,2,2880.308,3 4,South,2,3,123
0,3,9,2,2881.178,4 4,South,2,3,123
0,3,9,3,2882.146,4 4,West,2,3,123
0,3,9,2,2882.788,4 3,West,2,3,123
0,3,9,2,2883.4,4 2,West,2,3,123
0,3,9,3,2883.946,4 2,North,2,3,123
0,3,9,2,2884.456,3 2,North,2,3,123
0,3,9,3,2885.361,3 2,East,2,3,123
0,3,9,1,2885.955,3 2,North,2,3,123
0,3,9,1,2886.79,3 2,West,2,3,123
0,3,9,2,2887.393,3 1,West,2,3,123
0,3,9,3,2888.278,3 1,North,2,3,123
0,3,9,2,2888.853,2 1,North,2,3,123
0,3,9,1,2889.489,2 1,West,2,3,123
0,3,9,3,2890.101,2 1,North,2,3,123
0,3,9,2,2890.723,1 1,North,2,3,123
0,3,9,1,2891.594,1 1,West,2,3,123
0,3,9,2,2892.337,1 0,West,2,3,123
0,3,9,1,2893.188,1 0,South,2,3,123
0,3,9,3,2895.448,1 0,West,2,3,123
0,3,9,3,2895.976,1 0,North,2,3,123
0,3,9,3,2896.808,1 0,East,2,3,123
0,3,9,2,2897.441,1 1,East,2,3,123
0,3,9,3,2898.325,1 1,South,2,3,123
0,3,9,2,2899.111,2 1,South,2,3,123
0,3,9,2,2899.717,3 1,South,2,3,123
0,3,9,1,2900.329,3 1,East,2,3,123
0,3,9,2,2901.03,3 2,East,2,3,123
0,3,9,3,2901.588,3 2,South,2,3,123
0,3,9,2,2902.31,4 2,South,2,3,123
0,3,9,1,2902.867,4 2,East,2,3,123
0,3,9,2,2903.508,4 3,East,2,3,123
0,3,9,2,2904.233,4 4,East,2,3,123
0,3,9,1,2905.237,4 4,North,2,3,123
0,3,9,2,2906.212,3 4,North,2,3,123
0,3,9,2,2906.842,2 4,North,2,3,123
0,3,9,2,2907.369,1 4,North,2,3,123
0,3,9,1,2908.805,1 4,West,2,3,123
0,3,9,2,2909.849,1 3,West,2,3,123
0,3,9,1,2910.757,1 3,South,2,3,123
0,3,9,2,2911.371,2 3,South,2,3,123
0,3,9,3,2912.034,2 3,West,2,3,123
0,3,9,2,2912.628,2 2,West,2,3,123
0,3,9,3,2913.494,2 2,North,2,3,123
0,3,9,2,2914.163,1 2,North,2,3,123
0,3,9,2,2914.693,0 2,North,2,3,123
0,3,9,2,2915.24,0 2,North,2,3,123
0,3,9,1,2915.666,0 2,West,2,3,123
0,3,9,2,2916.325,0 1,West,2,3,123
0,3,9,2,2917.24,0 0,West,2,3,123
0,3,9,2,2917.843,0 0,West,2,3,123
0,3,9,2,2918.26,0 0,West,2,3,123
0,3,9,1,2918.555,0 0,South,2,3,123
0,3,9,2,2919.224,0 0,South,2,3,123
0,3,9,1,2919.65,0 0,East,2,3,123
0,3,9,2,2920.409,0 1,East,2,3,123
0,3,9,2,2921.043,0 2,East,2,3,123
0,3,9,3,2921.635,0 2,South,2,3,123
0,3,9,2,2922.546,1 2,South,2,3,123
0,3,9,2,2923.106,2 2,South,2,3,123
0,3,9,1,2923.667,2 2,East,2,3,123
0,3,9,2,2924.661,2 3,East,2,3,123
0,3,9,1,2925.765,2 3,North,2,3,123
0,3,9,2,2926.44,1 3,North,2,3,123
0,3,9,3,2927.299,1 3,East,2,3,123
0,3,9,2,2928.371,1 4,East,2,3,123
0,3,9,3,2929.155,1 4,South,2,3,123
0,3,9,2,2929.945,2 4,South,2,3,123
0,3,9,2,2930.596,3 4,South,2,3,123
0,3,9,2,2931.78,4 4,South,2,3,123
0,3,9,3,2932.597,4 4,West,2,3,123
0,3,9,3,2933.203,4 4,North,2,3,123
0,3,9,1,2933.798,4 4,West,2,3,123
0,3,9,2,2934.514,4 3,West,2,3,123
0,3,9,2,2935.431,4 2,West,2,3,123
0,3,9,3,2936.131,4 2,North,2,3,123
0,3,9,2,2936.793,3 2,North,2,3,123
0,3,9,1,2937.719,3 2,West,2,3,123
0,3,9,2,2938.328,3 1,West,2,3,123
0,3,9,3,2938.962,3 1,North,2,3,123
0,3,9,2,2939.699,2 1,North,2,3,123
0,3,9,2,2940.291,1 1,North,2,3,123
0,3,9,1,2941.205,1 1,West,2,3,123
0,3,9,2,2941.977,1 0,West,2,3,123
0,3,9,1,2942.611,1 0,South,2,3,123
0,3,9,3,2943.682,1 0,West,2,3,123
0,3,9,3,2944.377,1 0,North,2,3,123
0,3,9,3,2945.139,1 0,East,2,3,123
0,3,9,2,2945.85,1 1,East,2,3,123
0,3,9,3,2946.505,1 1,South,2,3,123
0,3,9,2,2947.17,2 1,South,2,3,123
0,3,9,2,2947.737,3 1,South,2,3,123
0,3,9,1,2948.707,3 1,East,2,3,123
0,3,9,2,2949.461,3 2,East,2,3,123
0,3,9,3,2950.306,3 2,South,2,3,123
0,3,9,2,2950.995,4 2,South,2,3,123
0,3,9,1,2951.818,4 2,East,2,3,123
0,3,9,2,2952.469,4 3,East,2,3,123
0,3,9,1,2953.333,4 3,North,2,3,123
0,3,9,3,2953.859,4 3,East,2,3,123
0,3,9,2,2954.66,4 4,East,2,3,123
0,3,9,1,2955.394,4 4,North,2,3,123
0,3,9,2,2957.078,3 4,North,2,3,123
0,3,9,2,2958.01,2 4,North,2,3,123
0,3,9,2,2958.772,1 4,North,2,3,123
0,3,9,2,2959.336,0 4,North,2,3,123
0,3,9,1,2960.05,0 4,West,2,3,123
0,3,9,3,2960.801,0 4,North,2,3,123
0,3,9,1,2963.143,0 4,West,2,3,123
0,3,9,1,2964.084,0 4,South,2,3,123
0,3,9,2,2965.098,1 4,South,2,3,123
0,3,9,3,2965.851,1 4,West,2,3,123
0,3,9,2,2966.642,1 3,West,2,3,123
0,3,9,1,2967.417,1 3,South,2,3,123
0,3,9,2,2968.218,2 3,South,2,3,123
0,3,9,3,2968.774,2 3,West,2,3,123
0,3,9,2,2969.403,2 2,West,2,3,123
0,3,9,3,2969.953,2 2,North,2,3,123
0,3,9,2,2970.633,1 2,North,2,3,123
0,3,9,2,2971.354,0 2,North,2,3,123
0,3,9,1,2972.193,0 2,West,2,3,123
0,3,9,2,2973.106,0 1,West,2,3,123
0,3,9,1,2978.838,0 1,South,2,3,123
0,3,9,1,2980.225,0 1,East,2,3,123
0,3,9,2,2982.714,0 2,East,2,3,123
0,3,9,3,2983.459,0 2,South,2,3,123
0,3,9,2,2984.163,1 2,South,2,3,123
0,3,9,2,2984.873,2 2,South,2,3,123
0,3,9,1,2985.414,2 2,East,2,3,123
0,3,9,2,2986.019,2 3,East,2,3,123
0,3,9,1,2986.833,2 3,North,2,3,123
0,3,9,2,2987.53,1 3,North,2,3,123
0,3,9,3,2988.369,1 3,East,2,3,123
0,3,9,2,2989.075,1 4,East,2,3,123
0,3,9,3,2989.922,1 4,South,2,3,123
0,3,9,3,2990.898,1 4,West,2,3,123
0,3,9,3,2991.467,1 4,North,2,3,123
0,3,9,1,2993.048,1 4,West,2,3,123
0,3,9,1,2993.577,1 4,South,2,3,123
0,3,9,2,2994.154,2 4,South,2,3,123
0,3,9,2,2995.109,3 4,South,2,3,123
0,3,9,2,2995.978,4 4,South,2,3,123
0,3,9,3,2996.646,4 4,West,2,3,123
0,3,9,2,2997.4,4 3,West,2,3,123
0,3,9,2,2998.281,4 2,West,2,3,123
0,3,9,3,2998.984,4 2,North,2,3,123
0,3,9,2,2999.675,3 2,North,2,3,123
0,3,9,3,3000.564,3 2,East,2,3,123
0,3,9,1,3002.641,3 2,North,2,3,123
0,3,9,1,3003.201,3 2,West,2,3,123
0,3,9,2,3003.896,3 1,West,2,3,123
0,3,9,3,3004.504,3 1,North,2,3,123
0,3,9,2,3005.13,2 1,North,2,3,123
0,3,9,2,3006.233,1 1,North,2,3,123
0,3,9,1,3006.921,1 1,West,2,3,123
0,3,9,2,3007.592,1 0,West,2,3,123
0,3,9,1,3008.244,1 0,South,2,3,123
0,3,9,3,3009.41,1 0,West,2,3,123
0,3,9,3,3010.52,1 0,North,2,3,123
0,3,9,3,3011.334,1 0,East,2,3,123
0,3,9,3,3012.035,1 0,South,2,3,123
0,3,9,2,3012.643,2 0,South,2,3,123
0,3,9,2,3013.288,3 0,South,2,3,123
0,3,9,2,3014.164,4 0,South,2,3,123
0,3,9,1,3014.84,4 0,East,2,3,123
0,3,9,2,3015.816,4 1,East,2,3,123
0,3,9,6,3016.22,4 1,East,2,4,123
0,3,9,3,3017.204,4 1,South,2,4,123
0,3,9,3,3017.942,4 1,West,2,4,123
0,3,9,2,3018.834,4 0,West,2,4,123
0,3,9,3,3019.992,4 0,North,2,4,123
0,3,9,2,3020.898,3 0,North,2,4,123
0,3,9,2,3021.448,2 0,North,2,4,123
0,3,9,2,3021.995,1 0,North,2,4,123
0,3,9,3,3022.599,1 0,East,2,4,123
0,3,9,2,3023.162,1 1,East,2,4,123
0,3,9,3,3024.1,1 1,South,2,4,123
0,3,9,2,3024.744,2 1,South,2,4,123
0,3,9,2,3025.349,3 1,South,2,4,123
0,3,9,1,3025.927,3 1,East,2,4,123
0,3,9,2,3026.729,3 2,East,2,4,123
0,3,9,3,3027.575,3 2,South,2,4,123
0,3,9,2,3028.201,4 2,South,2,4,123
0,3,9,1,3028.777,4 2,East,2,4,123
0,3,9,2,3029.315,4 3,East,2,4,123
0,3,9,2,3029.862,4 4,East,2,4,123
0,3,9,1,3030.805,4 4,North,2,4,123
0,3,9,2,3031.493,3 4,North,2,4,123
0,3,9,2,3032.09,2 4,North,2,4,123
0,3,9,2,3032.803,1 4,North,2,4,123
0,3,9,2,3033.529,0 4,North,2,4,123
0,3,9,1,3034.059,0 4,West,2,4,123
0,3,9,1,3034.74,0 4,South,2,4,123
0,3,9,2,3035.29,1 4,South,2,4,123
0,3,9,3,3036.033,1 4,West,2,4,123
0,3,9,2,3037.074,1 3,West,2,4,123
0,3,9,1,3037.801,1 3,South,2,4,123
0,3,9,2,3038.455,2 3,South,2,4,123
0,3,9,3,3038.996,2 3,West,2,4,123
0,3,9,2,3039.51,2 2,West,2,4,123
0,3,9,6,3039.92,2 2,West,2,5,123
0,3,9,3,3040.443,2 2,North,2,5,123
0,3,9,3,3041.351,2 2,East,2,5,123
0,3,9,2,3042.035,2 3,East,2,5,123
0,3,9,1,3042.963,2 3,North,2,5,123
0,3,9,2,3043.555,1 3,North,2,5,123
0,3,9,3,3044.377,1 3,East,2,5,123
0,3,9,2,3044.903,1 4,East,2,5,123
0,3,9,6,3045.32,1 4,East,2,6,123
0,3,9,3,3045.686,1 4,South,2,6,123
0,3,9,3,3046.611,1 4,West,2,6,123
0,3,9,1,3048.434,1 4,South,2,6,123
0,3,9,2,3049.014,2 4,South,2,6,123
0,3,9,2,3050.167,3 4,South,2,6,123
0,3,9,2,3050.95,4 4,South,2,6,123
0,3,9,3,3051.604,4 4,West,2,6,123
0,3,9,2,3052.472,4 3,West,2,6,123
0,3,9,2,3053.012,4 2,West,2,6,123
0,3,9,6,3053.44,4 2,West,2,7,123
0,3,9,3,3053.923,4 2,North,2,7,123
0,3,9,2,3054.499,3 2,North,2,7,123
0,3,9,1,3055.33,3 2,West,2,7,123
0,3,9,2,3055.945,3 1,West,2,7,123
0,3,9,3,3056.772,3 1,North,2,7,123
0,3,9,2,3057.432,2 1,North,2,7,123
0,3,9,6,3057.82,2 1,North,2,8,123
2,3,9,1,3063.796,4 4,West,2,0,0
2,3,9,3,3065.946,4 4,North,2,0,0
2,3,9,1,3067.066,4 4,West,2,0,0
2,3,9,2,3069.451,4 3,West,2,0,0
2,3,9,3,3070.325,4 3,North,2,0,0
2,3,9,2,3071.066,4 3,North,2,0,1
2,3,9,1,3071.734,4 3,West,2,0,1
2,3,9,2,3072.322,4 2,West,2,0,1
2,3,9,6,3072.74,4 2,West,2,1,1
2,3,9,3,3073.813,4 2,North,2,1,1
2,3,9,2,3078.357,3 2,North,2,1,1
2,3,9,3,3079.076,3 2,East,2,1,1
2,3,9,2,3079.859,3 3,East,2,1,1
2,3,9,1,3080.5,3 3,North,2,1,1
2,3,9,2,3081.129,3 3,North,2,1,2
2,3,9,1,3081.682,3 3,West,2,1,2
2,3,9,2,3082.265,3 2,West,2,1,2
2,3,9,3,3083.237,3 2,North,2,1,2
2,3,9,2,3083.956,3 2,North,2,1,3
2,3,9,1,3084.501,3 2,West,2,1,3
2,3,9,2,3085.466,3 1,West,2,1,3
2,3,9,3,3086.087,3 1,North,2,1,3
2,3,9,2,3086.728,2 1,North,2,1,3
2,3,9,3,3087.24,2 1,East,2,1,3
2,3,9,2,3087.85,2 1,East,2,1,4
2,3,9,3,3088.372,2 1,South,2,1,4
2,3,9,2,3089,3 1,South,2,1,4
2,3,9,1,3090.035,3 1,East,2,1,4
2,3,9,2,3090.619,3 2,East,2,1,4
2,3,9,3,3091.249,3 2,South,2,1,4
2,3,9,2,3091.94,4 2,South,2,1,4
2,3,9,1,3093.107,4 2,East,2,1,4
2,3,9,2,3094.002,4 3,East,2,1,4
2,3,9,1,3094.785,4 3,North,2,1,4
2,3,9,3,3099.273,4 3,East,2,1,4
2,3,9,1,3099.926,4 3,North,2,1,4
2,3,9,2,3100.474,4 3,North,2,1,5
2,3,9,3,3100.978,4 3,East,2,1,5
2,3,9,2,3101.57,4 4,East,2,1,5
2,3,9,1,3102.116,4 4,North,2,1,5
2,3,9,2,3102.63,3 4,North,2,1,5
2,3,9,2,3103.415,2 4,North,2,1,5
2,3,9,1,3103.944,2 4,West,2,1,5
2,3,9,2,3104.583,2 4,West,2,1,6
2,3,9,3,3105.239,2 4,North,2,1,6
2,3,9,2,3106.722,1 4,North,2,1,6
2,3,9,1,3107.35,1 4,West,2,1,6
2,3,9,2,3108.088,1 3,West,2,1,6
2,3,9,1,3108.677,1 3,South,2,1,6
2,3,9,2,3109.333,2 3,South,2,1,6
2,3,9,6,3109.7,2 3,South,2,2,6
2,3,9,3,3110.531,2 3,West,2,2,6
2,3,9,1,3112.997,2 3,South,2,2,6
2,3,9,2,3113.865,2 3,South,2,2,7
2,3,9,3,3114.519,2 3,West,2,2,7
2,3,9,2,3115.209,2 2,West,2,2,7
2,3,9,2,3115.912,2 2,West,2,2,8
2,3,9,1,3116.45,2 2,South,2,2,8
2,3,9,2,3117.033,2 2,South,2,2,9
2,3,9,3,3117.626,2 2,West,2,2,9
2,3,9,3,3118.162,2 2,North,2,2,9
2,3,9,2,3118.744,1 2,North,2,2,9
2,3,9,1,3119.702,1 2,West,2,2,9
2,3,9,2,3120.344,1 2,West,2,2,10
2,3,9,3,3120.98,1 2,North,2,2,10
2,3,9,3,3121.554,1 2,East,2,2,10
2,3,9,2,3122.178,1 2,East,2,2,11
2,3,9,3,3122.695,1 2,South,2,2,11
2,3,9,2,3123.27,2 2,South,2,2,11
2,3,9,2,3124.647,2 2,South,2,2,12
2,3,9,1,3125.298,2 2,East,2,2,12
2,3,9,2,3126.218,2 3,East,2,2,12
2,3,9,2,3126.802,2 3,East,2,2,13
2,3,9,1,3127.449,2 3,North,2,2,13
2,3,9,2,3127.993,1 3,North,2,2,13
2,3,9,3,3128.52,1 3,East,2,2,13
2,3,9,2,3129.301,1 4,East,2,2,13
2,3,9,1,3130.212,1 4,North,2,2,13
2,3,9,1,3131.187,1 4,West,2,2,13
2,3,9,3,3132.547,1 4,North,2,2,13
2,3,9,1,3137.192,1 4,West,2,2,13
2,3,9,3,3140.581,1 4,North,2,2,13
2,3,9,1,3141.139,1 4,West,2,2,13
2,3,9,2,3141.75,1 3,West,2,2,13
2,3,9,2,3142.644,1 3,West,2,2,14
2,3,9,3,3143.285,1 3,North,2,2,14
2,3,9,2,3144.006,1 3,North,2,2,15
2,3,9,1,3144.74,1 3,West,2,2,15
2,3,9,1,3145.54,1 3,South,2,2,15
2,3,9,2,3146.903,2 3,South,2,2,15
2,3,9,3,3147.465,2 3,West,2,2,15
2,3,9,2,3148.488,2 2,West,2,2,15
2,3,9,2,3149.698,2 2,West,2,2,16
2,3,9,1,3150.245,2 2,South,2,2,16
2,3,9,2,3150.809,2 2,South,2,2,17
2,3,9,3,3151.49,2 2,West,2,2,17
2,3,9,3,3152.455,2 2,North,2,2,17
2,3,9,2,3153.123,1 2,North,2,2,17
2,3,9,1,3153.685,1 2,West,2,2,17
2,3,9,2,3154.248,1 2,West,2,2,18
2,3,9,3,3154.728,1 2,North,2,2,18
2,3,9,2,3155.335,0 2,North,2,2,18
2,3,9,1,3156.403,0 2,West,2,2,18
2,3,9,2,3157.009,0 1,West,2,2,18
2,3,9,2,3157.706,0 0,West,2,2,18
2,3,9,1,3158.482,0 0,South,2,2,18
2,3,9,2,3160.337,0 0,South,2,2,19
2,3,9,1,3160.916,0 0,East,2,2,19
2,3,9,2,3161.797,0 1,East,2,2,19
2,3,9,3,3162.643,0 1,South,2,2,19
2,3,9,2,3163.365,0 1,South,2,2,20
2,3,9,1,3164.019,0 1,East,2,2,20
2,3,9,2,3164.82,0 2,East,2,2,20
2,3,9,3,3165.716,0 2,South,2,2,20
2,3,9,2,3166.39,1 2,South,2,2,20
2,3,9,2,3167.875,2 2,South,2,2,20
2,3,9,3,3168.483,2 2,West,2,2,20
2,3,9,2,3169.219,2 2,West,2,2,21
2,3,9,1,3169.745,2 2,South,2,2,21
2,3,9,2,3170.385,2 2,South,2,2,22
2,3,9,3,3170.952,2 2,West,2,2,22
2,3,9,3,3171.81,2 2,North,2,2,22
2,3,9,3,3175.956,2 2,East,2,2,22
2,3,9,3,3176.612,2 2,South,2,2,22
2,3,9,2,3177.29,2 2,South,2,2,23
2,3,9,1,3181.849,2 2,East,2,2,23
2,3,9,1,3182.744,2 2,North,2,2,23
2,3,9,2,3183.496,1 2,North,2,2,23
2,3,9,2,3184.182,0 2,North,2,2,23
2,3,9,1,3184.779,0 2,West,2,2,23
2,3,9,2,3185.313,0 1,West,2,2,23
2,3,9,2,3186.246,0 0,West,2,2,23
2,3,9,1,3187.457,0 0,South,2,2,23
2,3,9,2,3188.235,0 0,South,2,2,24
2,3,9,1,3188.916,0 0,East,2,2,24
2,3,9,2,3189.65,0 1,East,2,2,24
2,3,9,3,3190.553,0 1,South,2,2,24
2,3,9,2,3191.236,0 1,South,2,2,25
2,3,9,1,3191.958,0 1,East,2,2,25
2,3,9,2,3192.679,0 2,East,2,2,25
2,3,9,3,3193.256,0 2,South,2,2,25
2,3,9,2,3193.94,1 2,South,2,2,25
2,3,9,3,3194.714,1 2,West,2,2,25
2,3,9,2,3195.302,1 2,West,2,2,26
2,3,9,1,3195.879,1 2,South,2,2,26
2,3,9,2,3196.532,2 2,South,2,2,26
2,3,9,3,3197.446,2 2,West,2,2,26
2,3,9,2,3198.121,2 2,West,2,2,27
2,3,9,1,3198.561,2 2,South,2,2,27
2,3,9,2,3199.289,2 2,South,2,2,28
2,3,9,1,3200.085,2 2,East,2,2,28
2,3,9,2,3200.725,2 3,East,2,2,28
2,3,9,3,3201.46,2 3,South,2,2,28
2,3,9,2,3202.137,2 3,South,2,2,29
2,3,9,1,3202.762,2 3,East,2,2,29
2,3,9,2,3203.38,2 3,East,2,2,30
2,3,9,1,3204.12,2 3,North,2,2,30
2,3,9,2,3204.673,1 3,North,2,2,30
2,3,9,3,3205.189,1 3,East,2,2,30
2,3,9,2,3205.891,1 4,East,2,2,30
2,3,9,3,3206.65,1 4,South,2,2,30
2,3,9,2,3207.35,2 4,South,2,2,30
2,3,9,2,3208.003,3 4,South,2,2,30
2,3,9,3,3208.699,3 4,West,2,2,30
2,3,9,2,3209.539,3 4,West,2,2,31
2,3,9,1,3210.102,3 4,South,2,2,31
2,3,9,2,3210.872,4 4,South,2,2,31
2,3,9,3,3211.457,4 4,West,2,2,31
2,3,9,2,3212.102,4 3,West,2,2,31
2,3,9,2,3212.839,4 2,West,2,2,31
2,3,9,2,3213.512,4 2,West,2,2,32
2,3,9,3,3214.023,4 2,North,2,2,32
2,3,9,2,3214.69,3 2,North,2,2,32
2,3,9,1,3215.656,3 2,West,2,2,32
2,3,9,2,3216.409,3 1,West,2,2,32
2,3,9,1,3216.964,3 1,South,2,2,32
2,3,9,2,3217.637,3 1,South,2,2,33
2,3,9,3,3218.196,3 1,West,2,2,33
2,3,9,2,3218.935,3 1,West,2,2,34
2,3,9,3,3219.817,3 1,North,2,2,34
2,3,9,2,3220.439,2 1,North,2,2,34
2,3,9,3,3220.97,2 1,East,2,2,34
2,3,9,3,3222.228,2 1,South,2,2,34
2,3,9,2,3222.903,3 1,South,2,2,34
2,3,9,1,3223.412,3 1,East,2,2,34
2,3,9,2,3224.072,3 2,East,2,2,34
2,3,9,3,3224.969,3 2,South,2,2,34
2,3,9,2,3225.699,4 2,South,2,2,34
2,3,9,3,3226.597,4 2,West,2,2,34
2,3,9,2,3227.252,4 2,West,2,2,35
2,3,9,3,3231.558,4 2,North,2,2,35
2,3,9,2,3232.952,3 2,North,2,2,35
2,3,9,1,3233.847,3 2,West,2,2,35
2,3,9,2,3237.75,3 1,West,2,2,35
2,3,9,2,3238.26,3 1,West,2,2,36
2,3,9,2,3238.81,3 1,West,2,2,37
2,3,9,3,3238.929,3 1,North,2,2,37
2,3,9,2,3239.638,2 1,North,2,2,37
2,3,9,1,3240.502,2 1,West,2,2,37
2,3,9,2,3241.146,2 1,West,2,2,38
2,3,9,3,3241.607,2 1,North,2,2,38
2,3,9,2,3242.327,1 1,North,2,2,38
2,3,9,1,3242.854,1 1,West,2,2,38
2,3,9,2,3243.681,1 0,West,2,2,38
2,3,9,2,3244.36,1 0,West,2,2,38
2,3,9,1,3244.787,1 0,South,2,2,38
2,3,9,2,3245.651,2 0,South,2,2,38
2,3,9,2,3246.343,3 0,South,2,2,38
2,3,9,2,3246.979,4 0,South,2,2,38
2,3,9,1,3247.522,4 0,East,2,2,38
2,3,9,2,3248.149,4 1,East,2,2,38
2,3,9,6,3248.56,4 1,East,2,3,38
2,3,9,1,3253.126,4 1,North,2,3,38
2,3,9,2,3253.849,4 1,North,2,3,39
2,3,9,1,3254.791,4 1,West,2,3,39
2,3,9,2,3255.463,4 0,West,2,3,39
2,3,9,3,3256.008,4 0,North,2,3,39
2,3,9,2,3256.566,3 0,North,2,3,39
2,3,9,2,3257.542,2 0,North,2,3,39
2,3,9,3,3258.242,2 0,East,2,3,39
2,3,9,2,3258.951,2 0,East,2,3,40
2,3,9,1,3259.572,2 0,North,2,3,40
2,3,9,2,3260.231,1 0,North,2,3,40
2,3,9,3,3260.886,1 0,East,2,3,40
2,3,9,2,3261.43,1 1,East,2,3,40
2,3,9,1,3262.362,1 1,North,2,3,40
2,3,9,3,3263.059,1 1,East,2,3,40
2,3,9,2,3263.753,1 1,East,2,3,41
2,3,9,1,3264.251,1 1,North,2,3,41
2,3,9,2,3264.759,1 1,North,2,3,42
2,3,9,3,3265.396,1 1,East,2,3,42
2,3,9,3,3266.023,1 1,South,2,3,42
2,3,9,2,3266.698,2 1,South,2,3,42
2,3,9,1,3267.22,2 1,East,2,3,42
2,3,9,2,3268.169,2 1,East,2,3,43
2,3,9,1,3268.731,2 1,North,2,3,43
2,3,9,3,3269.482,2 1,East,2,3,43
2,3,9,3,3270.804,2 1,South,2,3,43
2,3,9,2,3271.361,3 1,South,2,3,43
2,3,9,1,3272.408,3 1,East,2,3,43
2,3,9,2,3272.97,3 2,East,2,3,43
2,3,9,2,3273.655,3 3,East,2,3,43
2,3,9,1,3274.277,3 3,North,2,3,43
2,3,9,2,3275.013,3 3,North,2,3,44
2,3,9,3,3275.539,3 3,East,2,3,44
2,3,9,2,3276.164,3 3,East,2,3,45
2,3,9,1,3276.721,3 3,North,2,3,45
2,3,9,3,3278.406,3 3,East,2,3,45
2,3,9,3,3279.094,3 3,South,2,3,45
2,3,9,2,3280.339,3 3,South,2,3,46
2,3,9,3,3280.891,3 3,West,2,3,46
2,3,9,2,3281.542,3 2,West,2,3,46
2,3,9,3,3282.451,3 2,North,2,3,46
2,3,9,2,3283.21,3 2,North,2,3,47
2,3,9,1,3284.054,3 2,West,2,3,47
2,3,9,2,3284.675,3 1,West,2,3,47
2,3,9,3,3285.569,3 1,North,2,3,47
2,3,9,2,3286.229,2 1,North,2,3,47
2,3,9,2,3286.851,1 1,North,2,3,47
2,3,9,3,3287.639,1 1,East,2,3,47
2,3,9,2,3288.518,1 1,East,2,3,48
2,3,9,1,3289.045,1 1,North,2,3,48
2,3,9,2,3289.811,1 1,North,2,3,49
2,3,9,3,3290.582,1 1,East,2,3,49
2,3,9,3,3294.616,1 1,South,2,3,49
2,3,9,2,3295.476,2 1,South,2,3,49
2,3,9,1,3296.104,2 1,East,2,3,49
2,3,9,2,3296.729,2 1,East,2,3,50
2,3,9,1,3297.364,2 1,North,2,3,50
2,3,9,3,3298.279,2 1,East,2,3,50
2,3,9,3,3298.867,2 1,South,2,3,50
2,3,9,2,3299.732,3 1,South,2,3,50
2,3,9,1,3300.354,3 1,East,2,3,50
2,3,9,2,3300.873,3 2,East,2,3,50
2,3,9,1,3301.54,3 2,North,2,3,50
2,3,9,2,3302.569,3 2,North,2,3,51
2,3,9,3,3303.16,3 2,East,2,3,51
2,3,9,2,3303.921,3 3,East,2,3,51
2,3,9,1,3304.648,3 3,North,2,3,51
2,3,9,2,3305.315,3 3,North,2,3,52
2,3,9,3,3305.912,3 3,East,2,3,52
2,3,9,2,3306.553,3 3,East,2,3,53
2,3,9,3,3307.207,3 3,South,2,3,53
2,3,9,2,3307.896,3 3,South,2,3,54
2,3,9,3,3308.501,3 3,West,2,3,54
2,3,9,2,3309.081,3 2,West,2,3,54
2,3,9,1,3309.67,3 2,South,2,3,54
2,3,9,2,3310.314,4 2,South,2,3,54
2,3,9,1,3310.998,4 2,East,2,3,54
2,3,9,2,3311.765,4 3,East,2,3,54
2,3,9,2,3312.369,4 4,East,2,3,54
2,3,9,1,3313.105,4 4,North,2,3,54
2,3,9,2,3313.746,3 4,North,2,3,54
2,3,9,2,3314.39,2 4,North,2,3,54
2,3,9,2,3315.031,1 4,North,2,3,54
2,3,9,6,3315.42,1 4,North,2,4,54
2,3,9,1,3317.289,1 4,West,2,4,54
2,3,9,2,3317.976,1 3,West,2,4,54
2,3,9,3,3318.594,1 3,North,2,4,54
2,3,9,2,3319.187,1 3,North,2,4,55
2,3,9,3,3319.859,1 3,East,2,4,55
2,3,9,2,3320.473,1 4,East,2,4,55
2,3,9,1,3320.997,1 4,North,2,4,55
2,3,9,2,3321.623,0 4,North,2,4,55
2,3,9,1,3322.632,0 4,West,2,4,55
2,3,9,2,3323.283,0 3,West,2,4,55
2,3,9,6,3323.7,0 3,West,2,5,55
2,3,9,1,3329.268,0 3,South,2,5,55
2,3,9,2,3330.37,0 3,South,2,5,56
2,3,9,3,3330.983,0 3,West,2,5,56
2,3,9,2,3331.737,0 3,West,2,5,57
2,3,9,3,3332.394,0 3,North,2,5,57
2,3,9,3,3333.458,0 3,East,2,5,57
2,3,9,2,3334.088,0 4,East,2,5,57
2,3,9,3,3334.675,0 4,South,2,5,57
2,3,9,2,3335.301,1 4,South,2,5,57
2,3,9,2,3335.81,2 4,South,2,5,57
2,3,9,3,3336.472,2 4,West,2,5,57
2,3,9,2,3337.176,2 4,West,2,5,58
2,3,9,1,3337.795,2 4,South,2,5,58
2,3,9,2,3338.71,3 4,South,2,5,58
2,3,9,3,3339.377,3 4,West,2,5,58
2,3,9,2,3340.273,3 4,West,2,5,59
2,3,9,1,3340.902,3 4,South,2,5,59
2,3,9,2,3341.656,4 4,South,2,5,59
2,3,9,3,3342.37,4 4,West,2,5,59
2,3,9,2,3343.044,4 3,West,2,5,59
2,3,9,2,3343.782,4 2,West,2,5,59
2,3,9,2,3344.667,4 2,West,2,5,60
2,3,9,3,3345.26,4 2,North,2,5,60
2,3,9,2,3345.896,3 2,North,2,5,60
2,3,9,1,3346.61,3 2,West,2,5,60
2,3,9,2,3347.38,3 1,West,2,5,60
2,3,9,3,3347.992,3 1,North,2,5,60
2,3,9,2,3348.645,2 1,North,2,5,60
2,3,9,6,3349.02,2 1,North,2,6,60
2,3,9,1,3349.809,2 1,West,2,6,60
2,3,9,1,3350.417,2 1,South,2,6,60
2,3,9,1,3351.209,2 1,East,2,6,60
2,3,9,3,3355.187,2 1,South,2,6,60
2,3,9,2,3356.643,3 1,South,2,6,60
2,3,9,1,3357.257,3 1,East,2,6,60
2,3,9,2,3358.005,3 2,East,2,6,60
2,3,9,2,3358.632,3 3,East,2,6,60
2,3,9,6,3359.04,3 3,East,2,7,60
2,3,9,1,3359.527,3 3,North,2,7,60
2,3,9,1,3360.043,3 3,West,2,7,60
2,3,9,2,3363.028,3 2,West,2,7,60
2,3,9,2,3363.541,3 1,West,2,7,60
2,3,9,2,3364.451,3 1,West,2,7,61
2,3,9,3,3365.145,3 1,North,2,7,61
2,3,9,2,3365.699,2 1,North,2,7,61
2,3,9,1,3366.674,2 1,West,2,7,61
2,3,9,2,3367.348,2 1,West,2,7,62
2,3,9,3,3367.986,2 1,North,2,7,62
2,3,9,3,3369.368,2 1,East,2,7,62
2,3,9,3,3369.881,2 1,South,2,7,62
2,3,9,2,3370.885,3 1,South,2,7,62
2,3,9,2,3371.525,3 1,South,2,7,63
2,3,9,3,3372.277,3 1,West,2,7,63
2,3,9,1,3373.16,3 1,South,2,7,63
2,3,9,1,3374.421,3 1,East,2,7,63
2,3,9,2,3374.993,3 2,East,2,7,63
2,3,9,3,3375.507,3 2,South,2,7,63
2,3,9,2,3376.083,4 2,South,2,7,63
2,3,9,3,3377.122,4 2,West,2,7,63
2,3,9,2,3377.672,4 2,West,2,7,64
2,3,9,3,3378.457,4 2,North,2,7,64
2,3,9,2,3379.01,3 2,North,2,7,64
2,3,9,2,3379.959,3 2,North,2,7,65
2,3,9,1,3380.474,3 2,West,2,7,65
2,3,9,2,3381.124,3 1,West,2,7,65
2,3,9,2,3382.101,3 1,West,2,7,66
2,3,9,3,3382.614,3 1,North,2,7,66
2,3,9,3,3383.732,3 1,East,2,7,66
2,3,9,2,3384.548,3 2,East,2,7,66
2,3,9,1,3385.331,3 2,North,2,7,66
2,3,9,2,3385.995,3 2,North,2,7,67
2,3,9,3,3386.472,3 2,East,2,7,67
2,3,9,2,3387.01,3 3,East,2,7,67
2,3,9,1,3387.932,3 3,North,2,7,67
2,3,9,2,3388.456,3 3,North,2,7,68
2,3,9,3,3388.906,3 3,East,2,7,68
2,3,9,2,3389.515,3 3,East,2,7,69
2,3,9,3,3390.229,3 3,South,2,7,69
2,3,9,2,3391.045,3 3,South,2,7,70
2,3,9,3,3391.604,3 3,West,2,7,70
2,3,9,2,3392.244,3 2,West,2,7,70
2,3,9,1,3392.805,3 2,South,2,7,70
2,3,9,2,3393.402,4 2,South,2,7,70
2,3,9,1,3394.033,4 2,East,2,7,70
2,3,9,2,3394.602,4 3,East,2,7,70
2,3,9,2,3395.16,4 4,East,2,7,70
2,3,9,1,3395.737,4 4,North,2,7,70
2,3,9,2,3396.307,3 4,North,2,7,70
2,3,9,2,3396.962,2 4,North,2,7,70
2,3,9,1,3398.039,2 4,West,2,7,70
2,3,9,2,3398.82,2 4,West,2,7,71
2,3,9,3,3399.459,2 4,North,2,7,71
2,3,9,2,3400.164,1 4,North,2,7,71
2,3,9,1,3401.142,1 4,West,2,7,71
2,3,9,2,3401.764,1 3,West,2,7,71
2,3,9,2,3402.442,1 3,West,2,7,72
2,3,9,3,3403.81,1 3,North,2,7,72
2,3,9,2,3404.661,1 3,North,2,7,73
2,3,9,3,3405.394,1 3,East,2,7,73
2,3,9,2,3406.037,1 4,East,2,7,73
2,3,9,3,3406.961,1 4,South,2,7,73
2,3,9,2,3408.05,2 4,South,2,7,73
2,3,9,3,3408.569,2 4,West,2,7,73
2,3,9,2,3411.651,2 4,West,2,7,74
2,3,9,1,3412.327,2 4,South,2,7,74
2,3,9,2,3412.969,3 4,South,2,7,74
2,3,9,3,3413.491,3 4,West,2,7,74
2,3,9,2,3414.133,3 4,West,2,7,75
2,3,9,1,3414.916,3 4,South,2,7,75
2,3,9,2,3415.569,4 4,South,2,7,75
2,3,9,3,3416.152,4 4,West,2,7,75
2,3,9,2,3416.691,4 3,West,2,7,75
2,3,9,2,3417.305,4 2,West,2,7,75
2,3,9,3,3417.921,4 2,North,2,7,75
2,3,9,2,3418.594,3 2,North,2,7,75
2,3,9,1,3419.114,3 2,West,2,7,75
2,3,9,2,3419.749,3 1,West,2,7,75
2,3,9,3,3420.681,3 1,North,2,7,75
2,3,9,2,3421.415,2 1,North,2,7,75
2,3,9,2,3422.117,1 1,North,2,7,75
2,3,9,1,3422.808,1 1,West,2,7,75
2,3,9,2,3423.481,1 0,West,2,7,75
2,3,9,1,3424.462,1 0,South,2,7,75
2,3,9,2,3425.093,2 0,South,2,7,75
2,3,9,2,3425.762,3 0,South,2,7,75
2,3,9,6,3426.14,3 0,South,2,8,75
0,4,10,1,3437.541,4 4,West,2,0,75
0,4,10,3,3438.722,4 4,North,2,0,75
0,4,10,1,3439.507,4 4,West,2,0,75
0,4,10,2,3441.618,4 3,West,2,0,75
0,4,10,2,3443.057,4 2,West,2,0,75
0,4,10,3,3443.77,4 2,North,2,0,75
0,4,10,2,3444.533,3 2,North,2,0,75
0,4,10,6,3444.92,3 2,North,2,1,75
0,4,10,1,3447.514,3 2,West,2,1,75
0,4,10,2,3448.403,3 1,West,2,1,75
0,4,10,3,3449.012,3 1,North,2,1,75
0,4,10,2,3449.78,2 1,North,2,1,75
0,4,10,2,3450.696,1 1,North,2,1,75
0,4,10,6,3451.08,1 1,North,2,2,75
0,4,10,1,3451.895,1 1,West,2,2,75
0,4,10,2,3452.761,1 0,West,2,2,75
0,4,10,1,3453.601,1 0,South,2,2,75
0,4,10,1,3455.923,1 0,East,2,2,75
0,4,10,2,3456.71,1 1,East,2,2,75
0,4,10,3,3457.274,1 1,South,2,2,75
0,4,10,2,3457.926,2 1,South,2,2,75
0,4,10,1,3458.587,2 1,East,2,2,75
0,4,10,3,3459.33,2 1,South,2,2,75
0,4,10,2,3460.022,3 1,South,2,2,75
0,4,10,1,3460.579,3 1,East,2,2,75
0,4,10,2,3461.354,3 2,East,2,2,75
0,4,10,3,3462.249,3 2,South,2,2,75
0,4,10,2,3462.933,4 2,South,2,2,75
0,4,10,1,3463.606,4 2,East,2,2,75
0,4,10,2,3464.265,4 3,East,2,2,75
0,4,10,2,3464.898,4 4,East,2,2,75
0,4,10,1,3465.641,4 4,North,2,2,75
0,4,10,3,3467.321,4 4,East,2,2,75
0,4,10,1,3468.114,4 4,North,2,2,75
0,4,10,2,3468.962,3 4,North,2,2,75
0,4,10,2,3469.653,2 4,North,2,2,75
0,4,10,2,3470.549,1 4,North,2,2,75
0,4,10,2,3471.075,0 4,North,2,2,75
0,4,10,1,3471.767,0 4,West,2,2,75
0,4,10,2,3472.564,0 3,West,2,2,75
0,4,10,6,3472.98,0 3,West,2,3,75
0,4,10,3,3473.605,0 3,North,2,3,75
0,4,10,2,3474.453,0 3,North,2,3,75
0,4,10,3,3474.755,0 3,East,2,3,75
0,4,10,2,3475.348,0 4,East,2,3,75
0,4,10,3,3476.034,0 4,South,2,3,75
0,4,10,2,3476.695,1 4,South,2,3,75
0,4,10,3,3477.506,1 4,West,2,3,75
0,4,10,2,3478.519,1 3,West,2,3,75
0,4,10,1,3479.107,1 3,South,2,3,75
0,4,10,2,3479.827,2 3,South,2,3,75
0,4,10,3,3480.424,2 3,West,2,3,75
0,4,10,2,3481.076,2 2,West,2,3,75
0,4,10,3,3481.705,2 2,North,2,3,75
0,4,10,2,3482.611,1 2,North,2,3,75
0,4,10,2,3483.56,0 2,North,2,3,75
0,4,10,1,3484.193,0 2,West,2,3,75
0,4,10,2,3484.891,0 1,West,2,3,75
0,4,10,2,3485.563,0 0,West,2,3,75
0,4,10,2,3486.216,0 0,West,2,3,75
0,4,10,3,3487.178,0 0,North,2,3,75
0,4,10,3,3488.07,0 0,East,2,3,75
0,4,10,2,3488.667,0 1,East,2,3,75
0,4,10,2,3489.203,0 2,East,2,3,75
0,4,10,3,3489.954,0 2,South,2,3,75
0,4,10,2,3490.674,1 2,South,2,3,75
0,4,10,2,3491.474,2 2,South,2,3,75
0,4,10,1,3492.839,2 2,East,2,3,75
0,4,10,2,3493.77,2 3,East,2,3,75
0,4,10,1,3494.402,2 3,North,2,3,75
0,4,10,2,3495.203,1 3,North,2,3,75
0,4,10,3,3495.751,1 3,East,2,3,75
0,4,10,2,3496.325,1 4,East,2,3,75
0,4,10,3,3496.946,1 4,South,2,3,75
0,4,10,2,3497.511,2 4,South,2,3,75
0,4,10,2,3498.105,3 4,South,2,3,75
0,4,10,3,3498.915,3 4,West,2,3,75
0,4,10,1,3499.75,3 4,South,2,3,75
0,4,10,2,3500.323,4 4,South,2,3,75
0,4,10,3,3501.221,4 4,West,2,3,75
0,4,10,2,3501.827,4 3,West,2,3,75
0,4,10,3,3502.762,4 3,North,2,3,75
0,4,10,1,3503.826,4 3,West,2,3,75
0,4,10,2,3504.484,4 2,West,2,3,75
0,4,10,3,3505.318,4 2,North,2,3,75
0,4,10,2,3506.019,3 2,North,2,3,75
0,4,10,1,3506.663,3 2,West,2,3,75
0,4,10,2,3507.366,3 1,West,2,3,75
0,4,10,3,3507.912,3 1,North,2,3,75
0,4,10,2,3508.563,2 1,North,2,3,75
0,4,10,2,3509.273,1 1,North,2,3,75
0,4,10,1,3509.784,1 1,West,2,3,75
0,4,10,2,3510.532,1 0,West,2,3,75
0,4,10,1,3511.107,1 0,South,2,3,75
0,4,10,3,3516.39,1 0,West,2,3,75
0,4,10,3,3517.049,1 0,North,2,3,75
0,4,10,3,3517.635,1 0,East,2,3,75
0,4,10,2,3518.261,1 1,East,2,3,75
0,4,10,3,3518.775,1 1,South,2,3,75
0,4,10,2,3519.494,2 1,South,2,3,75
0,4,10,2,3520.536,3 1,South,2,3,75
0,4,10,1,3521.188,3 1,East,2,3,75
0,4,10,2,3521.879,3 2,East,2,3,75
0,4,10,3,3522.49,3 2,South,2,3,75
0,4,10,2,3523.077,4 2,South,2,3,75
0,4,10,1,3523.608,4 2,East,2,3,75
0,4,10,2,3525.029,4 3,East,2,3,75
0,4,10,2,3525.96,4 4,East,2,3,75
0,4,10,1,3526.487,4 4,North,2,3,75
0,4,10,2,3527.669,3 4,North,2,3,75
0,4,10,2,3528.313,2 4,North,2,3,75
0,4,10,2,3529.114,1 4,North,2,3,75
0,4,10,1,3529.764,1 4,West,2,3,75
0,4,10,3,3530.773,1 4,North,2,3,75
0,4,10,1,3531.367,1 4,West,2,3,75
0,4,10,2,3532.152,1 3,West,2,3,75
0,4,10,1,3532.729,1 3,South,2,3,75
0,4,10,2,3533.37,2 3,South,2,3,75
0,4,10,3,3534.307,2 3,West,2,3,75
0,4,10,2,3534.994,2 2,West,2,3,75
0,4,10,3,3535.588,2 2,North,2,3,75
0,4,10,2,3536.161,1 2,North,2,3,75
0,4,10,2,3536.713,0 2,North,2,3,75
0,4,10,1,3537.522,0 2,West,2,3,75
0,4,10,2,3538.136,0 1,West,2,3,75
0,4,10,2,3538.947,0 0,West,2,3,75
0,4,10,2,3539.571,0 0,West,2,3,75
0,4,10,3,3539.922,0 0,North,2,3,75
0,4,10,3,3540.804,0 0,East,2,3,75
0,4,10,2,3541.339,0 1,East,2,3,75
0,4,10,2,3542.167,0 2,East,2,3,75
0,4,10,3,3542.696,0 2,South,2,3,75
0,4,10,2,3543.3,1 2,South,2,3,75
0,4,10,2,3543.844,2 2,South,2,3,75
0,4,10,1,3544.391,2 2,East,2,3,75
0,4,10,2,3545.05,2 3,East,2,3,75
0,4,10,1,3546.003,2 3,North,2,3,75
0,4,10,2,3546.634,1 3,North,2,3,75
0,4,10,3,3547.217,1 3,East,2,3,75
0,4,10,2,3547.781,1 4,East,2,3,75
0,4,10,3,3548.504,1 4,South,2,3,75
0,4,10,2,3549.17,2 4,South,2,3,75
0,4,10,2,3550.387,3 4,South,2,3,75
0,4,10,2,3551.313,4 4,South,2,3,75
0,4,10,3,3552.053,4 4,West,2,3,75
0,4,10,2,3552.851,4 3,West,2,3,75
0,4,10,2,3553.382,4 2,West,2,3,75
0,4,10,3,3554.565,4 2,North,2,3,75
0,4,10,2,3555.139,3 2,North,2,3,75
0,4,10,3,3555.762,3 2,East,2,3,75
0,4,10,1,3556.696,3 2,North,2,3,75
0,4,10,1,3557.394,3 2,West,2,3,75
0,4,10,2,3557.989,3 1,West,2,3,75
0,4,10,3,3558.531,3 1,North,2,3,75
0,4,10,2,3559.305,2 1,North,2,3,75
0,4,10,2,3559.835,1 1,North,2,3,75
0,4,10,1,3560.773,1 1,West,2,3,75
0,4,10,2,3561.591,1 0,West,2,3,75
0,4,10,1,3562.322,1 0,South,2,3,75
0,4,10,3,3563.669,1 0,West,2,3,75
0,4,10,1,3564.485,1 0,South,2,3,75
0,4,10,2,3565.331,2 0,South,2,3,75
0,4,10,2,3566.074,3 0,South,2,3,75
0,4,10,2,3566.738,4 0,South,2,3,75
0,4,10,1,3567.654,4 0,East,2,3,75
0,4,10,2,3568.755,4 1,East,2,3,75
0,4,10,6,3569.16,4 1,East,2,4,75
0,4,10,2,3571.057,4 1,East,2,4,75
0,4,10,1,3571.522,4 1,North,2,4,75
0,4,10,1,3572.1,4 1,West,2,4,75
0,4,10,2,3572.648,4 0,West,2,4,75
0,4,10,3,3573.174,4 0,North,2,4,75
0,4,10,2,3574.294,3 0,North,2,4,75
0,4,10,2,3574.964,2 0,North,2,4,75
0,4,10,2,3575.538,1 0,North,2,4,75
0,4,10,3,3576.484,1 0,East,2,4,75
0,4,10,2,3577.109,1 1,East,2,4,75
0,4,10,3,3577.691,1 1,South,2,4,75
0,4,10,2,3578.389,2 1,South,2,4,75
0,4,10,2,3578.994,3 1,South,2,4,75
0,4,10,1,3579.939,3 1,East,2,4,75
0,4,10,2,3580.657,3 2,East,2,4,75
0,4,10,3,3581.525,3 2,South,2,4,75
0,4,10,2,3582.084,4 2,South,2,4,75
0,4,10,1,3582.964,4 2,East,2,4,75
0,4,10,2,3583.623,4 3,East,2,4,75
0,4,10,2,3584.424,4 4,East,2,4,75
0,4,10,1,3585.368,4 4,North,2,4,75
0,4,10,2,3586.226,3 4,North,2,4,75
0,4,10,2,3587.315,2 4,North,2,4,75
0,4,10,2,3588.363,1 4,North,2,4,75
0,4,10,2,3589.163,0 4,North,2,4,75
0,4,10,2,3589.796,0 4,North,2,4,75
0,4,10,1,3590.152,0 4,West,2,4,75
0,4,10,1,3590.841,0 4,South,2,4,75
0,4,10,2,3591.475,1 4,South,2,4,75
0,4,10,3,3592.245,1 4,West,2,4,75
0,4,10,2,3593.237,1 3,West,2,4,75
0,4,10,1,3593.859,1 3,South,2,4,75
0,4,10,2,3594.578,2 3,South,2,4,75
0,4,10,3,3595.109,2 3,West,2,4,75
0,4,10,2,3596.133,2 2,West,2,4,75
0,4,10,3,3596.92,2 2,North,2,4,75
0,4,10,2,3598.259,1 2,North,2,4,75
0,4,10,2,3598.819,0 2,North,2,4,75
0,4,10,6,3599.2,0 2,North,2,5,75
0,4,10,1,3602.034,0 2,West,2,5,75
0,4,10,1,3602.964,0 2,South,2,5,75
0,4,10,2,3603.657,1 2,South,2,5,75
0,4,10,2,3604.585,2 2,South,2,5,75
0,4,10,1,3605.24,2 2,East,2,5,75
0,4,10,2,3605.816,2 3,East,2,5,75
0,4,10,1,3606.345,2 3,North,2,5,75
0,4,10,2,3607.301,1 3,North,2,5,75
0,4,10,3,3607.875,1 3,East,2,5,75
0,4,10,2,3608.393,1 4,East,2,5,75
0,4,10,3,3609.238,1 4,South,2,5,75
0,4,10,2,3610.083,2 4,South,2,5,75
0,4,10,2,3610.744,3 4,South,2,5,75
0,4,10,3,3611.559,3 4,West,2,5,75
0,4,10,1,3612.441,3 4,South,2,5,75
0,4,10,2,3613.138,4 4,South,2,5,75
0,4,10,3,3613.883,4 4,West,2,5,75
0,4,10,2,3614.485,4 3,West,2,5,75
0,4,10,2,3615.109,4 2,West,2,5,75
0,4,10,3,3615.779,4 2,North,2,5,75
0,4,10,2,3616.546,3 2,North,2,5,75
0,4,10,1,3617.352,3 2,West,2,5,75
0,4,10,2,3617.993,3 1,West,2,5,75
0,4,10,3,3618.971,3 1,North,2,5,75
0,4,10,2,3619.657,2 1,North,2,5,75
0,4,10,1,3620.594,2 1,West,2,5,75
0,4,10,3,3621.24,2 1,North,2,5,75
0,4,10,2,3621.815,1 1,North,2,5,75
0,4,10,1,3622.712,1 1,West,2,5,75
0,4,10,2,3623.289,1 0,West,2,5,75
0,4,10,1,3624.28,1 0,South,2,5,75
0,4,10,2,3625.078,2 0,South,2,5,75
0,4,10,6,3625.46,2 0,South,2,6,75
0,4,10,2,3626.518,3 0,South,2,6,75
0,4,10,2,3627.188,4 0,South,2,6,75
0,4,10,1,3627.993,4 0,East,2,6,75
0,4,10,3,3628.979,4 0,South,2,6,75
0,4,10,3,3629.907,4 0,West,2,6,75
0,4,10,3,3630.807,4 0,North,2,6,75
0,4,10,2,3631.462,3 0,North,2,6,75
0,4,10,2,3632.163,2 0,North,2,6,75
0,4,10,2,3633.051,1 0,North,2,6,75
0,4,10,3,3633.671,1 0,East,2,6,75
0,4,10,2,3634.597,1 1,East,2,6,75
0,4,10,3,3635.463,1 1,South,2,6,75
0,4,10,2,3636.258,2 1,South,2,6,75
0,4,10,2,3637.083,3 1,South,2,6,75
0,4,10,1,3637.638,3 1,East,2,6,75
0,4,10,2,3638.242,3 2,East,2,6,75
0,4,10,3,3639.05,3 2,South,2,6,75
0,4,10,2,3639.738,4 2,South,2,6,75
0,4,10,1,3640.486,4 2,East,2,6,75
0,4,10,2,3641.032,4 3,East,2,6,75
0,4,10,2,3641.927,4 4,East,2,6,75
0,4,10,1,3642.708,4 4,North,2,6,75
0,4,10,2,3643.415,3 4,North,2,6,75
0,4,10,2,3644.709,2 4,North,2,6,75
0,4,10,2,3645.243,1 4,North,2,6,75
0,4,10,2,3646.074,0 4,North,2,6,75
0,4,10,6,3646.46,0 4,North,2,7,75
0,4,10,1,3646.855,0 4,West,2,7,75
0,4,10,1,3647.762,0 4,South,2,7,75
0,4,10,2,3648.747,1 4,South,2,7,75
0,4,10,3,3649.752,1 4,West,2,7,75
0,4,10,1,3650.343,1 4,South,2,7,75
0,4,10,2,3651.015,2 4,South,2,7,75
0,4,10,2,3652.13,3 4,South,2,7,75
0,4,10,2,3652.707,4 4,South,2,7,75
0,4,10,3,3653.346,4 4,West,2,7,75
0,4,10,2,3654.118,4 3,West,2,7,75
0,4,10,3,3655.067,4 3,North,2,7,75
0,4,10,1,3656.315,4 3,West,2,7,75
0,4,10,2,3657.176,4 2,West,2,7,75
0,4,10,3,3657.989,4 2,North,2,7,75
0,4,10,2,3658.535,3 2,North,2,7,75
0,4,10,3,3659.157,3 2,East,2,7,75
0,4,10,1,3659.722,3 2,North,2,7,75
0,4,10,1,3660.565,3 2,West,2,7,75
0,4,10,2,3661.368,3 1,West,2,7,75
0,4,10,3,3661.878,3 1,North,2,7,75
0,4,10,2,3662.467,2 1,North,2,7,75
0,4,10,2,3663.395,1 1,North,2,7,75
0,4,10,1,3664.056,1 1,West,2,7,75
0,4,10,2,3664.597,1 0,West,2,7,75
0,4,10,1,3665.219,1 0,South,2,7,75
0,4,10,1,3668.341,1 0,East,2,7,75
0,4,10,2,3668.953,1 1,East,2,7,75
0,4,10,3,3669.845,1 1,South,2,7,75
0,4,10,2,3670.517,2 1,South,2,7,75
0,4,10,1,3671.49,2 1,East,2,7,75
0,4,10,2,3672.05,2 1,East,2,7,75
0,4,10,3,3672.484,2 1,South,2,7,75
0,4,10,2,3673.078,3 1,South,2,7,75
0,4,10,1,3673.905,3 1,East,2,7,75
0,4,10,2,3674.483,3 2,East,2,7,75
0,4,10,3,3675.25,3 2,South,2,7,75
0,4,10,2,3675.787,4 2,South,2,7,75
0,4,10,1,3676.341,4 2,East,2,7,75
0,4,10,2,3676.87,4 3,East,2,7,75
0,4,10,1,3677.779,4 3,North,2,7,75
0,4,10,3,3678.549,4 3,East,2,7,75
0,4,10,2,3679.253,4 4,East,2,7,75
0,4,10,1,3680.052,4 4,North,2,7,75
0,4,10,2,3680.745,3 4,North,2,7,75
0,4,10,2,3681.557,2 4,North,2,7,75
0,4,10,2,3682.388,1 4,North,2,7,75
0,4,10,2,3683.315,0 4,North,2,7,75
0,4,10,1,3683.83,0 4,West,2,7,75
0,4,10,1,3684.457,0 4,South,2,7,75
0,4,10,2,3685.146,1 4,South,2,7,75
0,4,10,3,3685.958,1 4,West,2,7,75
0,4,10,2,3686.562,1 3,West,2,7,75
0,4,10,1,3687.124,1 3,South,2,7,75
0,4,10,2,3687.833,2 3,South,2,7,75
0,4,10,3,3688.469,2 3,West,2,7,75
0,4,10,2,3689.098,2 2,West,2,7,75
0,4,10,3,3689.658,2 2,North,2,7,75
0,4,10,2,3690.246,1 2,North,2,7,75
0,4,10,6,3690.62,1 2,North,2,8,75
2,4,10,2,3704.634,3 4,North,2,0,0
2,4,10,2,3705.954,2 4,North,2,0,0
2,4,10,2,3706.471,1 4,North,2,0,0
2,4,10,2,3707.381,0 4,North,2,0,0
2,4,10,1,3708.083,0 4,West,2,0,0
2,4,10,2,3708.998,0 3,West,2,0,0
2,4,10,2,3710.869,0 3,West,2,0,1
2,4,10,1,3711.303,0 3,South,2,0,1
2,4,10,2,3711.915,0 3,South,2,0,2
2,4,10,1,3712.774,0 3,East,2,0,2
2,4,10,2,3713.449,0 4,East,2,0,2
2,4,10,3,3714.339,0 4,South,2,0,2
2,4,10,2,3715.003,1 4,South,2,0,2
2,4,10,3,3715.971,1 4,West,2,0,2
2,4,10,2,3716.724,1 3,West,2,0,2
2,4,10,1,3717.318,1 3,South,2,0,2
2,4,10,2,3718.04,2 3,South,2,0,2
2,4,10,3,3718.601,2 3,West,2,0,2
2,4,10,2,3719.218,2 2,West,2,0,2
2,4,10,3,3719.797,2 2,North,2,0,2
2,4,10,2,3720.408,1 2,North,2,0,2
2,4,10,1,3721.397,1 2,West,2,0,2
2,4,10,2,3721.972,1 2,West,2,0,3
2,4,10,1,3722.583,1 2,South,2,0,3
2,4,10,2,3723.3,2 2,South,2,0,3
2,4,10,3,3723.861,2 2,West,2,0,3
2,4,10,2,3724.407,2 2,West,2,0,4
2,4,10,3,3724.983,2 2,North,2,0,4
2,4,10,2,3725.508,1 2,North,2,0,4
2,4,10,2,3726.074,0 2,North,2,0,4
2,4,10,1,3726.618,0 2,West,2,0,4
2,4,10,2,3727.129,0 1,West,2,0,4
2,4,10,1,3728.133,0 1,South,2,0,4
2,4,10,2,3728.698,0 1,South,2,0,5
2,4,10,3,3729.605,0 1,West,2,0,5
2,4,10,2,3730.407,0 0,West,2,0,5
2,4,10,1,3730.986,0 0,South,2,0,5
2,4,10,2,3731.669,0 0,South,2,0,6
2,4,10,3,3732.838,0 0,West,2,0,6
2,4,10,2,3733.377,0 0,West,2,0,6
2,4,10,2,3733.768,0 0,West,2,0,6
2,4,10,3,3734.178,0 0,North,2,0,6
2,4,10,3,3734.822,0 0,East,2,0,6
2,4,10,2,3735.622,0 1,East,2,0,6
2,4,10,3,3736.485,0 1,South,2,0,6
2,4,10,1,3737.385,0 1,East,2,0,6
2,4,10,2,3738.07,0 2,East,2,0,6
2,4,10,3,3738.623,0 2,South,2,0,6
2,4,10,2,3739.21,1 2,South,2,0,6
2,4,10,3,3739.798,1 2,West,2,0,6
2,4,10,2,3740.344,1 2,West,2,0,7
2,4,10,1,3740.823,1 2,South,2,0,7
2,4,10,2,3741.445,2 2,South,2,0,7
2,4,10,3,3742.305,2 2,West,2,0,7
2,4,10,2,3742.984,2 2,West,2,0,8
2,4,10,1,3743.492,2 2,South,2,0,8
2,4,10,2,3744.038,2 2,South,2,0,9
2,4,10,1,3744.87,2 2,East,2,0,9
2,4,10,2,3745.481,2 3,East,2,0,9
2,4,10,3,3746.011,2 3,South,2,0,9
2,4,10,2,3746.614,2 3,South,2,0,10
2,4,10,1,3747.225,2 3,East,2,0,10
2,4,10,2,3747.898,2 3,East,2,0,11
2,4,10,1,3748.536,2 3,North,2,0,11
2,4,10,2,3749.16,1 3,North,2,0,11
2,4,10,3,3749.783,1 3,East,2,0,11
2,4,10,2,3750.6,1 4,East,2,0,11
2,4,10,3,3751.378,1 4,South,2,0,11
2,4,10,2,3752.051,2 4,South,2,0,11
2,4,10,2,3752.899,3 4,South,2,0,11
2,4,10,3,3753.818,3 4,West,2,0,11
2,4,10,2,3754.584,3 4,West,2,0,12
2,4,10,1,3755.207,3 4,South,2,0,12
2,4,10,2,3755.898,4 4,South,2,0,12
2,4,10,3,3756.487,4 4,West,2,0,12
2,4,10,2,3757.125,4 3,West,2,0,12
2,4,10,2,3757.91,4 2,West,2,0,12
2,4,10,3,3758.586,4 2,North,2,0,12
2,4,10,2,3759.508,3 2,North,2,0,12
2,4,10,1,3760.147,3 2,West,2,0,12
2,4,10,2,3760.68,3 1,West,2,0,12
2,4,10,3,3761.257,3 1,North,2,0,12
2,4,10,2,3762.249,2 1,North,2,0,12
2,4,10,2,3762.947,1 1,North,2,0,12
2,4,10,6,3763.32,1 1,North,2,1,12
2,4,10,3,3764.308,1 1,East,2,1,12
2,4,10,3,3764.891,1 1,South,2,1,12
2,4,10,3,3765.479,1 1,West,2,1,12
2,4,10,1,3766.741,1 1,South,2,1,12
2,4,10,3,3767.594,1 1,West,2,1,12
2,4,10,2,3768.421,1 0,West,2,1,12
2,4,10,1,3769.073,1 0,South,2,1,12
2,4,10,2,3769.721,2 0,South,2,1,12
2,4,10,6,3770.1,2 0,South,2,2,12
2,4,10,1,3770.839,2 0,East,2,2,12
2,4,10,1,3772.84,2 0,North,2,2,12
2,4,10,2,3773.509,1 0,North,2,2,12
2,4,10,3,3774.042,1 0,East,2,2,12
2,4,10,2,3774.596,1 1,East,2,2,12
2,4,10,2,3775.363,1 1,East,2,2,13
2,4,10,1,3775.972,1 1,North,2,2,13
2,4,10,2,3776.568,1 1,North,2,2,14
2,4,10,3,3777.368,1 1,East,2,2,14
2,4,10,3,3777.909,1 1,South,2,2,14
2,4,10,2,3778.626,2 1,South,2,2,14
2,4,10,1,3779.61,2 1,East,2,2,14
2,4,10,2,3780.274,2 1,East,2,2,15
2,4,10,3,3780.873,2 1,South,2,2,15
2,4,10,2,3781.56,3 1,South,2,2,15
2,4,10,1,3782.519,3 1,East,2,2,15
2,4,10,2,3783.127,3 2,East,2,2,15
2,4,10,1,3783.755,3 2,North,2,2,15
2,4,10,2,3784.378,3 2,North,2,2,16
2,4,10,3,3784.907,3 2,East,2,2,16
2,4,10,2,3785.569,3 3,East,2,2,16
2,4,10,1,3786.163,3 3,North,2,2,16
2,4,10,2,3786.695,3 3,North,2,2,17
2,4,10,3,3787.258,3 3,East,2,2,17
2,4,10,2,3787.924,3 3,East,2,2,18
2,4,10,3,3788.549,3 3,South,2,2,18
2,4,10,3,3789.332,3 3,West,2,2,18
2,4,10,2,3789.922,3 2,West,2,2,18
2,4,10,1,3790.886,3 2,South,2,2,18
2,4,10,2,3791.491,4 2,South,2,2,18
2,4,10,2,3792.134,4 2,South,2,2,18
2,4,10,1,3792.502,4 2,East,2,2,18
2,4,10,2,3793.154,4 3,East,2,2,18
2,4,10,2,3794.136,4 4,East,2,2,18
2,4,10,1,3794.759,4 4,North,2,2,18
2,4,10,2,3795.316,3 4,North,2,2,18
2,4,10,2,3795.845,2 4,North,2,2,18
2,4,10,2,3796.41,1 4,North,2,2,18
2,4,10,1,3797.288,1 4,West,2,2,18
2,4,10,3,3799.379,1 4,North,2,2,18
2,4,10,1,3800.502,1 4,West,2,2,18
2,4,10,2,3801.189,1 3,West,2,2,18
2,4,10,1,3801.842,1 3,South,2,2,18
2,4,10,3,3802.41,1 3,West,2,2,18
2,4,10,2,3803.091,1 3,West,2,2,19
2,4,10,1,3803.577,1 3,South,2,2,19
2,4,10,2,3804.196,2 3,South,2,2,19
2,4,10,3,3805.143,2 3,West,2,2,19
2,4,10,2,3805.815,2 2,West,2,2,19
2,4,10,3,3806.404,2 2,North,2,2,19
2,4,10,2,3807.032,1 2,North,2,2,19
2,4,10,6,3807.42,1 2,North,2,3,19
2,4,10,3,3808.118,1 2,East,2,3,19
2,4,10,3,3811.37,1 2,South,2,3,19
2,4,10,2,3811.978,2 2,South,2,3,19
2,4,10,1,3812.614,2 2,East,2,3,19
2,4,10,2,3813.414,2 3,East,2,3,19
2,4,10,2,3814.217,2 3,East,2,3,20
2,4,10,1,3814.773,2 3,North,2,3,20
2,4,10,2,3815.352,1 3,North,2,3,20
2,4,10,3,3816.235,1 3,East,2,3,20
2,4,10,2,3816.84,1 4,East,2,3,20
2,4,10,3,3817.435,1 4,South,2,3,20
2,4,10,2,3818.12,2 4,South,2,3,20
2,4,10,6,3818.5,2 4,South,2,4,20
2,4,10,1,3819.879,2 4,East,2,4,20
2,4,10,3,3820.834,2 4,South,2,4,20
2,4,10,3,3821.528,2 4,West,2,4,20
2,4,10,1,3822.874,2 4,South,2,4,20
2,4,10,2,3823.848,3 4,South,2,4,20
2,4,10,3,3824.562,3 4,West,2,4,20
2,4,10,2,3825.196,3 4,West,2,4,21
2,4,10,1,3825.624,3 4,South,2,4,21
2,4,10,2,3826.211,4 4,South,2,4,21
2,4,10,3,3826.833,4 4,West,2,4,21
2,4,10,2,3827.431,4 3,West,2,4,21
2,4,10,2,3828.067,4 2,West,2,4,21
2,4,10,6,3828.48,4 2,West,2,5,21
2,4,10,3,3829.031,4 2,North,2,5,21
2,4,10,3,3830.311,4 2,East,2,5,21
2,4,10,2,3832.329,4 3,East,2,5,21
2,4,10,2,3832.929,4 4,East,2,5,21
2,4,10,1,3833.524,4 4,North,2,5,21
2,4,10,2,3834.402,3 4,North,2,5,21
2,4,10,2,3835.382,2 4,North,2,5,21
2,4,10,2,3836.293,1 4,North,2,5,21
2,4,10,6,3836.68,1 4,North,2,6,21
2,4,10,1,3837.433,1 4,West,2,6,21
2,4,10,2,3841.194,1 3,West,2,6,21
2,4,10,1,3841.794,1 3,South,2,6,21
2,4,10,2,3842.394,2 3,South,2,6,21
2,4,10,3,3843.398,2 3,West,2,6,21
2,4,10,2,3844.038,2 2,West,2,6,21
2,4,10,6,3844.44,2 2,West,2,7,21
2,4,10,3,3845.048,2 2,North,2,7,21
2,4,10,2,3846.968,1 2,North,2,7,21
2,4,10,2,3847.896,0 2,North,2,7,21
2,4,10,6,3848.28,0 2,North,2,8,21
0,4,11,2,3854.488,3 4,North,2,0,21
0,4,11,6,3854.86,3 4,North,2,1,21
0,4,11,2,3858.982,2 4,North,2,1,21
0,4,11,2,3859.574,1 4,North,2,1,21
0,4,11,2,3860.118,0 4,North,2,1,21
0,4,11,1,3860.835,0 4,West,2,1,21
0,4,11,1,3862.09,0 4,South,2,1,21
0,4,11,1,3862.872,0 4,East,2,1,21
0,4,11,2,3863.861,0 4,East,2,1,21
0,4,11,3,3864.163,0 4,South,2,1,21
0,4,11,2,3865.096,1 4,South,2,1,21
0,4,11,3,3865.7,1 4,West,2,1,21
0,4,11,2,3866.325,1 3,West,2,1,21
0,4,11,1,3866.902,1 3,South,2,1,21
0,4,11,2,3867.509,2 3,South,2,1,21
0,4,11,3,3868.024,2 3,West,2,1,21
0,4,11,2,3868.564,2 2,West,2,1,21
0,4,11,6,3868.98,2 2,West,2,2,21
0,4,11,3,3869.429,2 2,North,2,2,21
0,4,11,3,3870.405,2 2,East,2,2,21
0,4,11,1,3871.298,2 2,North,2,2,21
0,4,11,2,3872.232,1 2,North,2,2,21
0,4,11,1,3873.268,1 2,West,2,2,21
0,4,11,3,3873.975,1 2,North,2,2,21
0,4,11,2,3874.709,0 2,North,2,2,21
0,4,11,1,3875.571,0 2,West,2,2,21
0,4,11,2,3876.69,0 1,West,2,2,21
0,4,11,2,3877.266,0 0,West,2,2,21
0,4,11,3,3877.974,0 0,North,2,2,21
0,4,11,3,3878.595,0 0,East,2,2,21
0,4,11,2,3879.386,0 1,East,2,2,21
0,4,11,2,3880.154,0 2,East,2,2,21
0,4,11,3,3880.682,0 2,South,2,2,21
0,4,11,2,3881.298,1 2,South,2,2,21
0,4,11,1,3882.162,1 2,East,2,2,21
0,4,11,3,3883.112,1 2,South,2,2,21
0,4,11,2,3883.754,2 2,South,2,2,21
0,4,11,1,3884.611,2 2,East,2,2,21
0,4,11,2,3885.208,2 3,East,2,2,21
0,4,11,1,3885.795,2 3,North,2,2,21
0,4,11,2,3886.359,1 3,North,2,2,21
0,4,11,3,3886.898,1 3,East,2,2,21
0,4,11,2,3887.817,1 4,East,2,2,21
0,4,11,3,3888.345,1 4,South,2,2,21
0,4,11,2,3888.87,2 4,South,2,2,21
0,4,11,2,3889.383,3 4,South,2,2,21
0,4,11,2,3890.355,4 4,South,2,2,21
0,4,11,3,3890.891,4 4,West,2,2,21
0,4,11,2,3891.522,4 3,West,2,2,21
0,4,11,2,3892.986,4 2,West,2,2,21
0,4,11,3,3894.324,4 2,North,2,2,21
0,4,11,2,3895.115,3 2,North,2,2,21
0,4,11,1,3895.737,3 2,West,2,2,21
0,4,11,2,3896.404,3 1,West,2,2,21
0,4,11,6,3896.82,3 1,West,2,3,21
0,4,11,3,3897.474,3 1,North,2,3,21
0,4,11,3,3898.053,3 1,East,2,3,21
0,4,11,1,3899.026,3 1,North,2,3,21
0,4,11,2,3899.623,2 1,North,2,3,21
0,4,11,1,3900.55,2 1,West,2,3,21
0,4,11,3,3901.268,2 1,North,2,3,21
0,4,11,2,3901.877,1 1,North,2,3,21
0,4,11,1,3902.745,1 1,West,2,3,21
0,4,11,2,3903.349,1 0,West,2,3,21
0,4,11,1,3904.215,1 0,South,2,3,21
0,4,11,3,3905.266,1 0,West,2,3,21
0,4,11,1,3906.281,1 0,South,2,3,21
0,4,11,2,3906.902,2 0,South,2,3,21
0,4,11,2,3907.719,3 0,South,2,3,21
0,4,11,2,3908.631,4 0,South,2,3,21
0,4,11,1,3909.321,4 0,East,2,3,21
0,4,11,1,3910.21,4 0,North,2,3,21
0,4,11,2,3910.967,3 0,North,2,3,21
0,4,11,2,3911.799,2 0,North,2,3,21
0,4,11,2,3912.402,1 0,North,2,3,21
0,4,11,3,3913.272,1 0,East,2,3,21
0,4,11,2,3913.928,1 1,East,2,3,21
0,4,11,3,3914.514,1 1,South,2,3,21
0,4,11,2,3915.237,2 1,South,2,3,21
0,4,11,2,3915.754,3 1,South,2,3,21
0,4,11,1,3916.29,3 1,East,2,3,21
0,4,11,2,3916.807,3 2,East,2,3,21
0,4,11,3,3917.593,3 2,South,2,3,21
0,4,11,2,3918.292,4 2,South,2,3,21
0,4,11,1,3918.82,4 2,East,2,3,21
0,4,11,2,3919.354,4 3,East,2,3,21
0,4,11,2,3920.358,4 4,East,2,3,21
0,4,11,1,3921.224,4 4,North,2,3,21
0,4,11,2,3921.927,3 4,North,2,3,21
0,4,11,2,3922.794,2 4,North,2,3,21
0,4,11,2,3923.304,1 4,North,2,3,21
0,4,11,6,3923.7,1 4,North,2,4,21
0,4,11,2,3924.181,0 4,North,2,4,21
0,4,11,1,3924.963,0 4,West,2,4,21
0,4,11,1,3925.842,0 4,South,2,4,21
0,4,11,2,3926.549,1 4,South,2,4,21
0,4,11,3,3927.201,1 4,West,2,4,21
0,4,11,2,3927.752,1 3,West,2,4,21
0,4,11,1,3928.597,1 3,South,2,4,21
0,4,11,2,3929.259,2 3,South,2,4,21
0,4,11,3,3929.779,2 3,West,2,4,21
0,4,11,2,3930.342,2 2,West,2,4,21
0,4,11,3,3931.178,2 2,North,2,4,21
0,4,11,3,3931.813,2 2,East,2,4,21
0,4,11,1,3932.435,2 2,North,2,4,21
0,4,11,3,3933.336,2 2,East,2,4,21
0,4,11,2,3934.264,2 3,East,2,4,21
0,4,11,1,3935.03,2 3,North,2,4,21
0,4,11,2,3935.594,1 3,North,2,4,21
0,4,11,2,3936.44,1 3,North,2,4,21
0,4,11,1,3937.092,1 3,West,2,4,21
0,4,11,1,3937.669,1 3,South,2,4,21
0,4,11,2,3938.482,2 3,South,2,4,21
0,4,11,3,3939.385,2 3,West,2,4,21
0,4,11,2,3940.02,2 2,West,2,4,21
0,4,11,3,3940.662,2 2,North,2,4,21
0,4,11,2,3941.493,1 2,North,2,4,21
0,4,11,2,3942.452,0 2,North,2,4,21
0,4,11,1,3943.145,0 2,West,2,4,21
0,4,11,2,3943.783,0 1,West,2,4,21
0,4,11,6,3944.2,0 1,West,2,5,21
0,4,11,3,3944.698,0 1,North,2,5,21
0,4,11,3,3945.273,0 1,East,2,5,21
0,4,11,2,3945.91,0 2,East,2,5,21
0,4,11,3,3946.44,0 2,South,2,5,21
0,4,11,2,3946.979,1 2,South,2,5,21
0,4,11,2,3947.715,2 2,South,2,5,21
0,4,11,1,3948.561,2 2,East,2,5,21
0,4,11,2,3949.11,2 3,East,2,5,21
0,4,11,1,3949.942,2 3,North,2,5,21
0,4,11,2,3950.552,1 3,North,2,5,21
0,4,11,3,3951.306,1 3,East,2,5,21
0,4,11,2,3951.864,1 4,East,2,5,21
0,4,11,2,3952.531,1 4,East,2,5,21
0,4,11,3,3952.776,1 4,South,2,5,21
0,4,11,2,3953.43,2 4,South,2,5,21
0,4,11,2,3954.149,3 4,South,2,5,21
0,4,11,2,3954.729,4 4,South,2,5,21
0,4,11,3,3955.352,4 4,West,2,5,21
0,4,11,2,3956.292,4 3,West,2,5,21
0,4,11,2,3956.986,4 2,West,2,5,21
0,4,11,3,3957.734,4 2,North,2,5,21
0,4,11,2,3958.359,3 2,North,2,5,21
0,4,11,1,3959.258,3 2,West,2,5,21
0,4,11,2,3959.879,3 1,West,2,5,21
0,4,11,3,3960.522,3 1,North,2,5,21
0,4,11,2,3961.174,2 1,North,2,5,21
0,4,11,2,3961.719,1 1,North,2,5,21
0,4,11,1,3962.344,1 1,West,2,5,21
0,4,11,2,3962.965,1 0,West,2,5,21
0,4,11,1,3963.539,1 0,South,2,5,21
0,4,11,2,3964.294,2 0,South,2,5,21
0,4,11,2,3964.842,3 0,South,2,5,21
0,4,11,2,3965.513,4 0,South,2,5,21
0,4,11,6,3965.9,4 0,South,2,6,21
0,4,11,1,3966.279,4 0,East,2,6,21
0,4,11,3,3966.839,4 0,South,2,6,21
0,4,11,1,3967.433,4 0,East,2,6,21
0,4,11,1,3968.41,4 0,North,2,6,21
0,4,11,2,3969.124,3 0,North,2,6,21
0,4,11,2,3969.635,2 0,North,2,6,21
0,4,11,3,3970.375,2 0,East,2,6,21
0,4,11,2,3971.38,2 0,East,2,6,21
0,4,11,1,3971.785,2 0,North,2,6,21
0,4,11,2,3972.364,1 0,North,2,6,21
0,4,11,3,3972.93,1 0,East,2,6,21
0,4,11,2,3973.506,1 1,East,2,6,21
0,4,11,3,3974.374,1 1,South,2,6,21
0,4,11,2,3974.997,2 1,South,2,6,21
0,4,11,1,3975.819,2 1,East,2,6,21
0,4,11,3,3976.966,2 1,South,2,6,21
0,4,11,2,3977.513,3 1,South,2,6,21
0,4,11,1,3978.153,3 1,East,2,6,21
0,4,11,2,3978.856,3 2,East,2,6,21
0,4,11,2,3979.721,3 3,East,2,6,21
0,4,11,6,3980.12,3 3,East,2,7,21
0,4,11,1,3981.476,3 3,North,2,7,21
0,4,11,1,3982.138,3 3,West,2,7,21
0,4,11,2,3982.802,3 2,West,2,7,21
0,4,11,2,3983.797,3 1,West,2,7,21
0,4,11,3,3984.393,3 1,North,2,7,21
0,4,11,2,3985.046,2 1,North,2,7,21
0,4,11,6,3985.42,2 1,North,2,8,21
2,4,11,2,3993.331,3 4,North,2,0,0
2,4,11,3,3994.298,3 4,East,2,0,0
2,4,11,1,3994.922,3 4,North,2,0,0
2,4,11,1,3995.835,3 4,West,2,0,0
2,4,11,1,3996.888,3 4,South,2,0,0
2,4,11,1,3998.179,3 4,East,2,0,0
2,4,11,3,3998.901,3 4,South,2,0,0
2,4,11,3,3999.684,3 4,West,2,0,0
2,4,11,2,4008.139,3 4,West,2,0,1
2,4,11,2,4008.665,3 4,West,2,0,2
2,4,11,3,4009.78,3 4,North,2,0,2
2,4,11,2,4010.427,2 4,North,2,0,2
2,4,11,1,4011.063,2 4,West,2,0,2
2,4,11,2,4011.672,2 4,West,2,0,3
2,4,11,3,4012.186,2 4,North,2,0,3
2,4,11,2,4013.354,1 4,North,2,0,3
2,4,11,1,4013.944,1 4,West,2,0,3
2,4,11,2,4014.552,1 3,West,2,0,3
2,4,11,3,4015.14,1 3,North,2,0,3
2,4,11,2,4015.829,1 3,North,2,0,4
2,4,11,1,4016.356,1 3,West,2,0,4
2,4,11,2,4017.016,1 3,West,2,0,5
2,4,11,1,4017.589,1 3,South,2,0,5
2,4,11,1,4018.539,1 3,East,2,0,5
2,4,11,2,4019.075,1 4,East,2,0,5
2,4,11,3,4019.589,1 4,South,2,0,5
2,4,11,2,4020.546,2 4,South,2,0,5
2,4,11,3,4021.384,2 4,West,2,0,5
2,4,11,2,4022.34,2 4,West,2,0,6
2,4,11,3,4023.41,2 4,North,2,0,6
2,4,11,3,4024.134,2 4,East,2,0,6
2,4,11,1,4025.016,2 4,North,2,0,6
2,4,11,2,4026.005,1 4,North,2,0,6
2,4,11,2,4026.628,0 4,North,2,0,6
2,4,11,3,4031.621,0 4,East,2,0,6
2,4,11,3,4032.663,0 4,South,2,0,6
2,4,11,2,4033.354,1 4,South,2,0,6
2,4,11,2,4033.88,2 4,South,2,0,6
2,4,11,3,4034.665,2 4,West,2,0,6
2,4,11,2,4035.417,2 4,West,2,0,7
2,4,11,3,4036.1,2 4,North,2,0,7
2,4,11,2,4037.16,1 4,North,2,0,7
2,4,11,1,4038.151,1 4,West,2,0,7
2,4,11,2,4038.826,1 3,West,2,0,7
2,4,11,3,4039.587,1 3,North,2,0,7
2,4,11,2,4040.227,1 3,North,2,0,8
2,4,11,1,4040.823,1 3,West,2,0,8
2,4,11,2,4041.56,1 3,West,2,0,9
2,4,11,1,4042.18,1 3,South,2,0,9
2,4,11,2,4042.824,2 3,South,2,0,9
2,4,11,3,4043.603,2 3,West,2,0,9
2,4,11,2,4044.246,2 2,West,2,0,9
2,4,11,1,4045.094,2 2,South,2,0,9
2,4,11,2,4045.675,2 2,South,2,0,10
2,4,11,3,4046.131,2 2,West,2,0,10
2,4,11,3,4046.678,2 2,North,2,0,10
2,4,11,2,4047.235,1 2,North,2,0,10
2,4,11,1,4048.246,1 2,West,2,0,10
2,4,11,2,4048.858,1 2,West,2,0,11
2,4,11,1,4049.433,1 2,South,2,0,11
2,4,11,2,4050.024,2 2,South,2,0,11
2,4,11,3,4050.594,2 2,West,2,0,11
2,4,11,2,4051.237,2 2,West,2,0,12
2,4,11,1,4051.783,2 2,South,2,0,12
2,4,11,2,4052.347,2 2,South,2,0,13
2,4,11,3,4052.885,2 2,West,2,0,13
2,4,11,3,4053.541,2 2,North,2,0,13
2,4,11,2,4054.23,1 2,North,2,0,13
2,4,11,1,4054.842,1 2,West,2,0,13
2,4,11,2,4055.435,1 2,West,2,0,14
2,4,11,3,4055.897,1 2,North,2,0,14
2,4,11,2,4056.58,0 2,North,2,0,14
2,4,11,1,4057.124,0 2,West,2,0,14
2,4,11,2,4057.675,0 1,West,2,0,14
2,4,11,1,4058.726,0 1,South,2,0,14
2,4,11,2,4059.331,0 1,South,2,0,15
2,4,11,3,4059.818,0 1,West,2,0,15
2,4,11,2,4060.65,0 0,West,2,0,15
2,4,11,3,4061.957,0 0,North,2,0,15
2,4,11,3,4062.563,0 0,East,2,0,15
2,4,11,2,4063.426,0 1,East,2,0,15
2,4,11,2,4064.425,0 2,East,2,0,15
2,4,11,2,4065.174,0 2,East,2,0,16
2,4,11,3,4065.657,0 2,South,2,0,16
2,4,11,2,4066.354,1 2,South,2,0,16
2,4,11,2,4075.483,2 2,South,2,0,16
2,4,11,3,4076.739,2 2,West,2,0,16
2,4,11,2,4077.416,2 2,West,2,0,17
2,4,11,2,4078.12,2 2,West,2,0,18
2,4,11,1,4078.694,2 2,South,2,0,18
2,4,11,2,4079.21,2 2,South,2,0,19
2,4,11,3,4079.986,2 2,West,2,0,19
2,4,11,3,4080.546,2 2,North,2,0,19
2,4,11,3,4081.242,2 2,East,2,0,19
2,4,11,2,4081.929,2 3,East,2,0,19
2,4,11,3,4082.555,2 3,South,2,0,19
2,4,11,2,4083.127,2 3,South,2,0,20
2,4,11,1,4083.781,2 3,East,2,0,20
2,4,11,2,4084.357,2 3,East,2,0,21
2,4,11,1,4085.139,2 3,North,2,0,21
2,4,11,2,4085.657,1 3,North,2,0,21
2,4,11,3,4086.282,1 3,East,2,0,21
2,4,11,2,4086.915,1 4,East,2,0,21
2,4,11,3,4087.557,1 4,South,2,0,21
2,4,11,2,4088.247,2 4,South,2,0,21
2,4,11,2,4088.882,3 4,South,2,0,21
2,4,11,3,4089.558,3 4,West,2,0,21
2,4,11,1,4090.984,3 4,South,2,0,21
2,4,11,2,4091.668,4 4,South,2,0,21
2,4,11,3,4092.293,4 4,West,2,0,21
2,4,11,2,4093.034,4 3,West,2,0,21
2,4,11,2,4093.851,4 2,West,2,0,21
2,4,11,3,4094.598,4 2,North,2,0,21
2,4,11,2,4095.349,3 2,North,2,0,21
2,4,11,1,4095.891,3 2,West,2,0,21
2,4,11,2,4096.625,3 1,West,2,0,21
2,4,11,2,4097.269,3 1,West,2,0,22
2,4,11,1,4097.957,3 1,South,2,0,22
2,4,11,2,4098.564,3 1,South,2,0,23
2,4,11,3,4099.127,3 1,West,2,0,23
2,4,11,3,4099.802,3 1,North,2,0,23
2,4,11,2,4100.435,2 1,North,2,0,23
2,4,11,1,4101.401,2 1,West,2,0,23
2,4,11,2,4101.994,2 1,West,2,0,24
2,4,11,3,4102.601,2 1,North,2,0,24
2,4,11,1,4103.608,2 1,West,2,0,24
2,4,11,1,4104.616,2 1,South,2,0,24
2,4,11,3,4106.411,2 1,West,2,0,24
2,4,11,3,4107.594,2 1,North,2,0,24
2,4,11,2,4108.39,1 1,North,2,0,24
2,4,11,1,4108.906,1 1,West,2,0,24
2,4,11,2,4109.473,1 0,West,2,0,24
2,4,11,1,4110.123,1 0,South,2,0,24
2,4,11,2,4110.664,2 0,South,2,0,24
2,4,11,2,4111.305,3 0,South,2,0,24
2,4,11,2,4111.914,4 0,South,2,0,24
2,4,11,6,4112.28,4 0,South,2,1,24
2,4,11,1,4113.349,4 0,East,2,1,24
2,4,11,1,4122.725,4 0,North,2,1,24
2,4,11,2,4123.559,3 0,North,2,1,24
2,4,11,2,4124.098,2 0,North,2,1,24
2,4,11,3,4124.89,2 0,East,2,1,24
2,4,11,2,4125.592,2 0,East,2,1,25
2,4,11,3,4126.171,2 0,South,2,1,25
2,4,11,2,4126.888,3 0,South,2,1,25
2,4,11,1,4128.002,3 0,East,2,1,25
2,4,11,1,4128.834,3 0,North,2,1,25
2,4,11,2,4129.54,2 0,North,2,1,25
2,4,11,3,4130.775,2 0,East,2,1,25
2,4,11,2,4131.412,2 0,East,2,1,26
2,4,11,1,4131.86,2 0,North,2,1,26
2,4,11,2,4132.406,1 0,North,2,1,26
2,4,11,3,4133.335,1 0,East,2,1,26
2,4,11,2,4133.957,1 1,East,2,1,26
2,4,11,2,4134.727,1 1,East,2,1,27
2,4,11,3,4135.242,1 1,South,2,1,27
2,4,11,2,4135.812,2 1,South,2,1,27
2,4,11,1,4136.746,2 1,East,2,1,27
2,4,11,2,4137.443,2 1,East,2,1,28
2,4,11,3,4137.847,2 1,South,2,1,28
2,4,11,2,4138.389,3 1,South,2,1,28
2,4,11,1,4138.935,3 1,East,2,1,28
2,4,11,2,4139.547,3 2,East,2,1,28
2,4,11,2,4140.218,3 3,East,2,1,28
2,4,11,6,4140.62,3 3,East,2,2,28
2,4,11,1,4141.269,3 3,North,2,2,28
2,4,11,1,4141.925,3 3,West,2,2,28
2,4,11,2,4143.941,3 2,West,2,2,28
2,4,11,3,4144.504,3 2,North,2,2,28
2,4,11,2,4145.092,3 2,North,2,2,29
2,4,11,1,4145.57,3 2,West,2,2,29
2,4,11,2,4146.263,3 1,West,2,2,29
2,4,11,3,4147.162,3 1,North,2,2,29
2,4,11,2,4147.83,2 1,North,2,2,29
2,4,11,6,4148.2,2 1,North,2,3,29
2,4,11,1,4149.012,2 1,West,2,3,29
2,4,11,3,4150.258,2 1,North,2,3,29
2,4,11,2,4151.028,1 1,North,2,3,29
2,4,11,2,4151.96,1 1,North,2,3,30
2,4,11,3,4152.443,1 1,East,2,3,30
2,4,11,2,4153.046,1 1,East,2,3,31
2,4,11,3,4153.73,1 1,South,2,3,31
2,4,11,2,4154.422,2 1,South,2,3,31
2,4,11,1,4155.339,2 1,East,2,3,31
2,4,11,2,4155.954,2 1,East,2,3,32
2,4,11,3,4156.515,2 1,South,2,3,32
2,4,11,2,4157.113,3 1,South,2,3,32
2,4,11,1,4157.656,3 1,East,2,3,32
2,4,11,2,4158.584,3 2,East,2,3,32
2,4,11,2,4159.364,3 3,East,2,3,32
2,4,11,1,4160.005,3 3,North,2,3,32
2,4,11,2,4160.614,3 3,North,2,3,33
2,4,11,3,4161.289,3 3,East,2,3,33
2,4,11,2,4161.96,3 3,East,2,3,34
2,4,11,3,4162.644,3 3,South,2,3,34
2,4,11,2,4163.22,3 3,South,2,3,35
2,4,11,3,4163.894,3 3,West,2,3,35
2,4,11,2,4164.438,3 2,West,2,3,35
2,4,11,1,4165.355,3 2,South,2,3,35
2,4,11,2,4166.084,4 2,South,2,3,35
2,4,11,1,4166.803,4 2,East,2,3,35
2,4,11,2,4167.429,4 3,East,2,3,35
2,4,11,2,4168.135,4 4,East,2,3,35
2,4,11,1,4168.809,4 4,North,2,3,35
2,4,11,2,4169.396,3 4,North,2,3,35
2,4,11,2,4170.076,2 4,North,2,3,35
2,4,11,2,4170.759,1 4,North,2,3,35
2,4,11,2,4171.347,0 4,North,2,3,35
2,4,11,1,4171.942,0 4,West,2,3,35
2,4,11,2,4172.772,0 3,West,2,3,35
2,4,11,2,4173.3,0 3,West,2,3,36
2,4,11,1,4174.196,0 3,South,2,3,36
2,4,11,2,4176.442,0 3,South,2,3,37
2,4,11,3,4177.035,0 3,West,2,3,37
2,4,11,3,4177.91,0 3,North,2,3,37
2,4,11,3,4178.551,0 3,East,2,3,37
2,4,11,2,4179.289,0 4,East,2,3,37
2,4,11,3,4179.844,0 4,South,2,3,37
2,4,11,2,4180.521,1 4,South,2,3,37
2,4,11,3,4181.355,1 4,West,2,3,37
2,4,11,2,4182.134,1 3,West,2,3,37
2,4,11,2,4182.857,1 3,West,2,3,38
2,4,11,3,4183.507,1 3,North,2,3,38
2,4,11,2,4184.197,1 3,North,2,3,39
2,4,11,1,4184.631,1 3,West,2,3,39
2,4,11,1,4185.303,1 3,South,2,3,39
2,4,11,2,4186.146,2 3,South,2,3,39
2,4,11,3,4186.842,2 3,West,2,3,39
2,4,11,2,4187.464,2 2,West,2,3,39
2,4,11,3,4188.035,2 2,North,2,3,39
2,4,11,2,4188.762,1 2,North,2,3,39
2,4,11,1,4189.384,1 2,West,2,3,39
2,4,11,2,4190.026,1 2,West,2,3,40
2,4,11,3,4190.531,1 2,North,2,3,40
2,4,11,2,4191.195,0 2,North,2,3,40
2,4,11,1,4191.781,0 2,West,2,3,40
2,4,11,2,4192.435,0 1,West,2,3,40
2,4,11,2,4193.1,0 0,West,2,3,40
2,4,11,6,4193.5,0 0,West,2,4,40
2,4,11,1,4193.89,0 0,South,2,4,40
2,4,11,1,4196.039,0 0,East,2,4,40
2,4,11,3,4196.632,0 0,South,2,4,40
2,4,11,3,4197.881,0 0,West,2,4,40
2,4,11,3,4198.836,0 0,North,2,4,40
2,4,11,3,4199.986,0 0,East,2,4,40
2,4,11,2,4200.725,0 1,East,2,4,40
2,4,11,3,4201.668,0 1,South,2,4,40
2,4,11,2,4202.328,0 1,South,2,4,41
2,4,11,1,4202.921,0 1,East,2,4,41
2,4,11,2,4203.561,0 2,East,2,4,41
2,4,11,3,4204.458,0 2,South,2,4,41
2,4,11,2,4205.162,1 2,South,2,4,41
2,4,11,2,4205.764,2 2,South,2,4,41
2,4,11,3,4206.36,2 2,West,2,4,41
2,4,11,2,4206.999,2 2,West,2,4,42
2,4,11,1,4207.527,2 2,South,2,4,42
2,4,11,2,4208.1,2 2,South,2,4,43
2,4,11,3,4209.01,2 2,West,2,4,43
2,4,11,3,4209.64,2 2,North,2,4,43
2,4,11,2,4210.392,1 2,North,2,4,43
2,4,11,3,4211.159,1 2,East,2,4,43
2,4,11,2,4211.858,1 2,East,2,4,44
2,4,11,1,4212.616,1 2,North,2,4,44
2,4,11,2,4213.268,0 2,North,2,4,44
2,4,11,3,4213.879,0 2,East,2,4,44
2,4,11,2,4214.728,0 2,East,2,4,45
2,4,11,1,4215.464,0 2,North,2,4,45
2,4,11,1,4216.106,0 2,West,2,4,45
2,4,11,2,4216.626,0 1,West,2,4,45
2,4,11,1,4217.362,0 1,South,2,4,45
2,4,11,2,4218.275,0 1,South,2,4,46
2,4,11,3,4219.794,0 1,West,2,4,46
2,4,11,2,4220.97,0 0,West,2,4,46
2,4,11,1,4222.038,0 0,South,2,4,46
2,4,11,2,4223.621,0 0,South,2,4,47
2,4,11,3,4224.68,0 0,West,2,4,47
2,4,11,3,4225.383,0 0,North,2,4,47
2,4,11,3,4226.007,0 0,East,2,4,47
2,4,11,2,4226.611,0 1,East,2,4,47
2,4,11,2,4227.178,0 2,East,2,4,47
2,4,11,2,4227.763,0 2,East,2,4,48
2,4,11,3,4228.248,0 2,South,2,4,48
2,4,11,2,4229.031,1 2,South,2,4,48
2,4,11,2,4229.735,2 2,South,2,4,48
2,4,11,2,4230.344,2 2,South,2,4,49
2,4,11,3,4231.062,2 2,West,2,4,49
2,4,11,2,4231.634,2 2,West,2,4,50
2,4,11,3,4232.395,2 2,North,2,4,50
2,4,11,2,4233.653,1 2,North,2,4,50
2,4,11,3,4234.228,1 2,East,2,4,50
2,4,11,2,4234.898,1 2,East,2,4,51
2,4,11,3,4235.463,1 2,South,2,4,51
2,4,11,2,4236.024,2 2,South,2,4,51
2,4,11,1,4236.964,2 2,East,2,4,51
2,4,11,2,4237.622,2 3,East,2,4,51
2,4,11,3,4238.266,2 3,South,2,4,51
2,4,11,3,4239.211,2 3,West,2,4,51
2,4,11,1,4240.707,2 3,South,2,4,51
2,4,11,2,4241.451,2 3,South,2,4,52
2,4,11,1,4243.762,2 3,East,2,4,52
2,4,11,2,4244.341,2 3,East,2,4,53
2,4,11,1,4244.923,2 3,North,2,4,53
2,4,11,2,4245.811,1 3,North,2,4,53
2,4,11,3,4246.443,1 3,East,2,4,53
2,4,11,2,4247.077,1 4,East,2,4,53
2,4,11,2,4247.653,1 4,East,2,4,53
2,4,11,2,4248.197,1 4,East,2,4,53
2,4,11,3,4248.665,1 4,South,2,4,53
2,4,11,2,4249.234,2 4,South,2,4,53
2,4,11,2,4249.77,3 4,South,2,4,53
2,4,11,1,4250.359,3 4,East,2,4,53
2,4,11,3,4250.903,3 4,South,2,4,53
2,4,11,3,4251.417,3 4,West,2,4,53
2,4,11,2,4261.843,3 4,West,2,4,54
2,4,11,1,4262.521,3 4,South,2,4,54
2,4,11,2,4263.17,4 4,South,2,4,54
2,4,11,3,4264.103,4 4,West,2,4,54
2,4,11,2,4264.793,4 3,West,2,4,54
2,4,11,2,4265.672,4 2,West,2,4,54
2,4,11,2,4266.725,4 2,West,2,4,55
2,4,11,3,4267.368,4 2,North,2,4,55
2,4,11,2,4267.923,3 2,North,2,4,55
2,4,11,1,4268.826,3 2,West,2,4,55
2,4,11,2,4269.479,3 1,West,2,4,55
2,4,11,6,4269.9,3 1,West,2,5,55
2,4,11,1,4270.84,3 1,South,2,5,55
2,4,11,1,4271.353,3 1,East,2,5,55
2,4,11,1,4272.114,3 1,North,2,5,55
2,4,11,2,4274.402,2 1,North,2,5,55
2,4,11,2,4275.237,1 1,North,2,5,55
2,4,11,2,4275.943,1 1,North,2,5,56
2,4,11,1,4276.451,1 1,West,2,5,56
2,4,11,2,4277.047,1 0,West,2,5,56
2,4,11,6,4277.46,1 0,West,2,6,56
2,4,11,1,4277.891,1 0,South,2,6,56
2,4,11,2,4279.066,2 0,South,2,6,56
2,4,11,2,4279.765,3 0,South,2,6,56
2,4,11,2,4280.628,4 0,South,2,6,56
2,4,11,1,4281.193,4 0,East,2,6,56
2,4,11,2,4281.818,4 1,East,2,6,56
2,4,11,6,4282.22,4 1,East,2,7,56
2,4,11,3,4283.222,4 1,South,2,7,56
2,4,11,1,4283.927,4 1,East,2,7,56
2,4,11,2,4284.761,4 1,East,2,7,57
2,4,11,1,4285.291,4 1,North,2,7,57
2,4,11,2,4285.93,4 1,North,2,7,58
2,4,11,1,4286.582,4 1,West,2,7,58
2,4,11,2,4287.305,4 0,West,2,7,58
2,4,11,3,4287.879,4 0,North,2,7,58
2,4,11,2,4288.459,3 0,North,2,7,58
2,4,11,2,4289.015,2 0,North,2,7,58
2,4,11,3,4289.542,2 0,East,2,7,58
2,4,11,2,4290.386,2 0,East,2,7,59
2,4,11,1,4291.235,2 0,North,2,7,59
2,4,11,2,4291.922,1 0,North,2,7,59
2,4,11,3,4292.452,1 0,East,2,7,59
2,4,11,2,4293.045,1 1,East,2,7,59
2,4,11,3,4293.586,1 1,South,2,7,59
2,4,11,2,4294.195,2 1,South,2,7,59
2,4,11,1,4294.823,2 1,East,2,7,59
2,4,11,2,4295.412,2 1,East,2,7,60
2,4,11,3,4295.907,2 1,South,2,7,60
2,4,11,2,4296.89,3 1,South,2,7,60
2,4,11,2,4297.702,3 1,South,2,7,61
2,4,11,1,4298.312,3 1,East,2,7,61
2,4,11,2,4298.95,3 2,East,2,7,61
2,4,11,2,4299.797,3 3,East,2,7,61
2,4,11,3,4300.402,3 3,South,2,7,61
2,4,11,2,4301.094,3 3,South,2,7,62
2,4,11,3,4301.643,3 3,West,2,7,62
2,4,11,2,4302.312,3 2,West,2,7,62
2,4,11,1,4303.313,3 2,South,2,7,62
2,4,11,2,4304.034,4 2,South,2,7,62
2,4,11,1,4304.713,4 2,East,2,7,62
2,4,11,2,4305.397,4 3,East,2,7,62
2,4,11,6,4305.8,4 3,East,2,8,62
0,4,12,2,4326.005,3 4,North,2,0,62
0,4,12,2,4326.932,2 4,North,2,0,62
0,4,12,2,4327.477,1 4,North,2,0,62
0,4,12,1,4329.22,1 4,West,2,0,62
0,4,12,2,4330.181,1 3,West,2,0,62
0,4,12,6,4330.6,1 3,West,2,1,62
0,4,12,3,4332.195,1 3,North,2,1,62
0,4,12,3,4332.856,1 3,East,2,1,62
0,4,12,1,4334.726,1 3,North,2,1,62
0,4,12,3,4335.51,1 3,East,2,1,62
0,4,12,2,4336.15,1 4,East,2,1,62
0,4,12,3,4336.9,1 4,South,2,1,62
0,4,12,2,4337.851,2 4,South,2,1,62
0,4,12,6,4338.22,2 4,South,2,2,62
0,4,12,1,4338.823,2 4,East,2,2,62
0,4,12,1,4339.369,2 4,North,2,2,62
0,4,12,2,4340.309,1 4,North,2,2,62
0,4,12,2,4341.475,0 4,North,2,2,62
0,4,12,1,4342.357,0 4,West,2,2,62
0,4,12,1,4343.386,0 4,South,2,2,62
0,4,12,2,4344.151,1 4,South,2,2,62
0,4,12,3,4344.971,1 4,West,2,2,62
0,4,12,2,4345.621,1 3,West,2,2,62
0,4,12,1,4346.188,1 3,South,2,2,62
0,4,12,2,4346.875,2 3,South,2,2,62
0,4,12,3,4347.479,2 3,West,2,2,62
0,4,12,2,4348.149,2 2,West,2,2,62
0,4,12,3,4348.697,2 2,North,2,2,62
0,4,12,2,4349.339,1 2,North,2,2,62
0,4,12,2,4349.993,0 2,North,2,2,62
0,4,12,1,4350.585,0 2,West,2,2,62
0,4,12,2,4351.186,0 1,West,2,2,62
0,4,12,2,4351.827,0 0,West,2,2,62
0,4,12,1,4353.675,0 0,South,2,2,62
0,4,12,1,4354.487,0 0,East,2,2,62
0,4,12,2,4355.206,0 1,East,2,2,62
0,4,12,2,4356.101,0 2,East,2,2,62
0,4,12,3,4357.048,0 2,South,2,2,62
0,4,12,2,4357.674,1 2,South,2,2,62
0,4,12,2,4358.563,2 2,South,2,2,62
0,4,12,1,4359.205,2 2,East,2,2,62
0,4,12,2,4359.747,2 3,East,2,2,62
0,4,12,1,4360.375,2 3,North,2,2,62
0,4,12,2,4360.948,1 3,North,2,2,62
0,4,12,3,4361.511,1 3,East,2,2,62
0,4,12,2,4362.069,1 4,East,2,2,62
0,4,12,3,4362.586,1 4,South,2,2,62
0,4,12,2,4363.139,2 4,South,2,2,62
0,4,12,2,4363.77,3 4,South,2,2,62
0,4,12,2,4364.371,4 4,South,2,2,62
0,4,12,3,4365.239,4 4,West,2,2,62
0,4,12,2,4366.085,4 3,West,2,2,62
0,4,12,2,4366.68,4 2,West,2,2,62
0,4,12,3,4367.578,4 2,North,2,2,62
0,4,12,2,4368.293,3 2,North,2,2,62
0,4,12,1,4368.914,3 2,West,2,2,62
0,4,12,2,4369.673,3 1,West,2,2,62
0,4,12,3,4370.231,3 1,North,2,2,62
0,4,12,2,4370.852,2 1,North,2,2,62
0,4,12,2,4371.476,1 1,North,2,2,62
0,4,12,1,4372.232,1 1,West,2,2,62
0,4,12,2,4372.919,1 0,West,2,2,62
0,4,12,1,4373.833,1 0,South,2,2,62
0,4,12,2,4374.615,2 0,South,2,2,62
0,4,12,2,4375.128,3 0,South,2,2,62
0,4,12,6,4375.5,3 0,South,2,3,62
0,4,12,2,4376.18,4 0,South,2,3,62
0,4,12,1,4376.883,4 0,East,2,3,62
0,4,12,1,4377.831,4 0,North,2,3,62
0,4,12,2,4378.547,3 0,North,2,3,62
0,4,12,2,4379.17,2 0,North,2,3,62
0,4,12,2,4380.187,1 0,North,2,3,62
0,4,12,3,4380.95,1 0,East,2,3,62
0,4,12,2,4381.497,1 1,East,2,3,62
0,4,12,3,4382.377,1 1,South,2,3,62
0,4,12,2,4382.961,2 1,South,2,3,62
0,4,12,2,4383.545,3 1,South,2,3,62
0,4,12,1,4384.375,3 1,East,2,3,62
0,4,12,2,4385.093,3 2,East,2,3,62
0,4,12,3,4385.878,3 2,South,2,3,62
0,4,12,2,4386.531,4 2,South,2,3,62
0,4,12,1,4387.56,4 2,East,2,3,62
0,4,12,2,4388.148,4 3,East,2,3,62
0,4,12,2,4389.109,4 4,East,2,3,62
0,4,12,1,4389.673,4 4,North,2,3,62
0,4,12,2,4390.33,3 4,North,2,3,62
0,4,12,2,4390.868,2 4,North,2,3,62
0,4,12,2,4391.561,1 4,North,2,3,62
0,4,12,2,4392.155,0 4,North,2,3,62
0,4,12,1,4392.82,0 4,West,2,3,62
0,4,12,1,4393.461,0 4,South,2,3,62
0,4,12,2,4394.076,1 4,South,2,3,62
0,4,12,3,4394.968,1 4,West,2,3,62
0,4,12,2,4395.571,1 3,West,2,3,62
0,4,12,1,4396.505,1 3,South,2,3,62
0,4,12,2,4397.063,2 3,South,2,3,62
0,4,12,6,4397.44,2 3,South,2,4,62
0,4,12,3,4397.783,2 3,West,2,4,62
0,4,12,2,4398.407,2 2,West,2,4,62
0,4,12,3,4399.222,2 2,North,2,4,62
0,4,12,2,4399.979,1 2,North,2,4,62
0,4,12,2,4400.505,0 2,North,2,4,62
0,4,12,2,4401.367,0 2,North,2,4,62
0,4,12,1,4401.761,0 2,West,2,4,62
0,4,12,2,4402.692,0 1,West,2,4,62
0,4,12,2,4403.222,0 0,West,2,4,62
0,4,12,6,4403.62,0 0,West,2,5,62
0,4,12,1,4404.154,0 0,South,2,5,62
0,4,12,1,4404.684,0 0,East,2,5,62
0,4,12,2,4405.354,0 1,East,2,5,62
0,4,12,2,4406.392,0 2,East,2,5,62
0,4,12,3,4407.032,0 2,South,2,5,62
0,4,12,2,4407.639,1 2,South,2,5,62
0,4,12,2,4408.181,2 2,South,2,5,62
0,4,12,1,4409.154,2 2,East,2,5,62
0,4,12,2,4409.834,2 3,East,2,5,62
0,4,12,1,4410.428,2 3,North,2,5,62
0,4,12,2,4411.031,1 3,North,2,5,62
0,4,12,3,4411.606,1 3,East,2,5,62
0,4,12,2,4412.169,1 4,East,2,5,62
0,4,12,3,4413,1 4,South,2,5,62
0,4,12,2,4413.667,2 4,South,2,5,62
0,4,12,2,4414.516,3 4,South,2,5,62
0,4,12,2,4415.242,4 4,South,2,5,62
0,4,12,3,4416.135,4 4,West,2,5,62
0,4,12,2,4416.757,4 3,West,2,5,62
0,4,12,6,4417.16,4 3,West,2,6,62
0,4,12,2,4417.301,4 2,West,2,6,62
0,4,12,3,4418.152,4 2,North,2,6,62
0,4,12,2,4418.803,3 2,North,2,6,62
0,4,12,1,4419.351,3 2,West,2,6,62
0,4,12,2,4420.022,3 1,West,2,6,62
0,4,12,3,4420.602,3 1,North,2,6,62
0,4,12,2,4421.206,2 1,North,2,6,62
0,4,12,2,4422.138,1 1,North,2,6,62
0,4,12,1,4422.754,1 1,West,2,6,62
0,4,12,2,4423.32,1 0,West,2,6,62
0,4,12,6,4423.72,1 0,West,2,7,62
0,4,12,1,4425.42,1 0,South,2,7,62
0,4,12,1,4426.642,1 0,East,2,7,62
0,4,12,2,4427.208,1 1,East,2,7,62
0,4,12,3,4427.731,1 1,South,2,7,62
0,4,12,2,4428.423,2 1,South,2,7,62
0,4,12,2,4429.474,3 1,South,2,7,62
0,4,12,1,4430.232,3 1,East,2,7,62
0,4,12,2,4430.932,3 2,East,2,7,62
0,4,12,3,4431.538,3 2,South,2,7,62
0,4,12,2,4432.295,4 2,South,2,7,62
0,4,12,6,4432.66,4 2,South,2,8,62
2,4,12,1,4437.621,4 4,West,2,0,0
2,4,12,2,4438.757,4 3,West,2,0,0
2,4,12,6,4439.18,4 3,West,2,1,0
2,4,12,2,4439.287,4 2,West,2,1,0
2,4,12,3,4439.799,4 2,North,2,1,0
2,4,12,3,4440.935,4 2,East,2,1,0
2,4,12,1,4441.96,4 2,North,2,1,0
2,4,12,2,4442.615,3 2,North,2,1,0
2,4,12,3,4443.475,3 2,East,2,1,0
2,4,12,2,4444.107,3 3,East,2,1,0
2,4,12,2,4444.679,3 3,East,2,1,1
2,4,12,1,4445.269,3 3,North,2,1,1
2,4,12,2,4446.212,3 3,North,2,1,2
2,4,12,3,4446.951,3 3,East,2,1,2
2,4,12,3,4447.67,3 3,South,2,1,2
2,4,12,2,4448.422,3 3,South,2,1,3
2,4,12,3,4448.903,3 3,West,2,1,3
2,4,12,2,4449.496,3 2,West,2,1,3
2,4,12,1,4450.491,3 2,South,2,1,3
2,4,12,2,4451.126,4 2,South,2,1,3
2,4,12,2,4451.941,4 2,South,2,1,3
2,4,12,1,4452.312,4 2,East,2,1,3
2,4,12,2,4452.966,4 3,East,2,1,3
2,4,12,2,4453.674,4 4,East,2,1,3
2,4,12,1,4454.438,4 4,North,2,1,3
2,4,12,2,4455.026,3 4,North,2,1,3
2,4,12,2,4455.656,2 4,North,2,1,3
2,4,12,6,4456.04,2 4,North,2,2,3
2,4,12,1,4456.7,2 4,West,2,2,3
2,4,12,2,4461.46,2 4,West,2,2,4
2,4,12,3,4462.728,2 4,North,2,2,4
2,4,12,2,4463.736,1 4,North,2,2,4
2,4,12,1,4466.038,1 4,West,2,2,4
2,4,12,2,4466.68,1 3,West,2,2,4
2,4,12,3,4467.623,1 3,North,2,2,4
2,4,12,2,4468.276,1 3,North,2,2,5
2,4,12,1,4468.866,1 3,West,2,2,5
2,4,12,2,4469.448,1 3,West,2,2,6
2,4,12,1,4470.23,1 3,South,2,2,6
2,4,12,2,4470.794,2 3,South,2,2,6
2,4,12,3,4471.319,2 3,West,2,2,6
2,4,12,2,4471.862,2 2,West,2,2,6
2,4,12,3,4472.776,2 2,North,2,2,6
2,4,12,2,4473.347,1 2,North,2,2,6
2,4,12,2,4473.924,0 2,North,2,2,6
2,4,12,1,4474.854,0 2,West,2,2,6
2,4,12,2,4475.527,0 1,West,2,2,6
2,4,12,2,4476.066,0 0,West,2,2,6
2,4,12,6,4476.48,0 0,West,2,3,6
2,4,12,1,4476.867,0 0,South,2,3,6
2,4,12,1,4477.733,0 0,East,2,3,6
2,4,12,2,4480.056,0 1,East,2,3,6
2,4,12,2,4480.757,0 2,East,2,3,6
2,4,12,3,4481.498,0 2,South,2,3,6
2,4,12,2,4482.154,1 2,South,2,3,6
2,4,12,1,4482.677,1 2,East,2,3,6
2,4,12,2,4483.257,1 2,East,2,3,7
2,4,12,3,4483.96,1 2,South,2,3,7
2,4,12,2,4484.616,2 2,South,2,3,7
2,4,12,1,4485.13,2 2,East,2,3,7
2,4,12,2,4485.75,2 3,East,2,3,7
2,4,12,1,4486.626,2 3,North,2,3,7
2,4,12,2,4487.243,1 3,North,2,3,7
2,4,12,6,4487.62,1 3,North,2,4,7
2,4,12,1,4488.308,1 3,West,2,4,7
2,4,12,1,4488.937,1 3,South,2,4,7
2,4,12,1,4489.563,1 3,East,2,4,7
2,4,12,3,4490.505,1 3,South,2,4,7
2,4,12,2,4491.209,2 3,South,2,4,7
2,4,12,2,4492.198,2 3,South,2,4,8
2,4,12,1,4492.708,2 3,East,2,4,8
2,4,12,2,4493.288,2 3,East,2,4,9
2,4,12,1,4493.914,2 3,North,2,4,9
2,4,12,2,4494.649,1 3,North,2,4,9
2,4,12,3,4495.558,1 3,East,2,4,9
2,4,12,2,4496.515,1 4,East,2,4,9
2,4,12,3,4497.06,1 4,South,2,4,9
2,4,12,2,4497.72,2 4,South,2,4,9
2,4,12,2,4498.667,3 4,South,2,4,9
2,4,12,6,4499.04,3 4,South,2,5,9
2,4,12,1,4499.639,3 4,East,2,5,9
2,4,12,1,4500.164,3 4,North,2,5,9
2,4,12,2,4502.243,2 4,North,2,5,9
2,4,12,2,4503.139,1 4,North,2,5,9
2,4,12,2,4503.804,0 4,North,2,5,9
2,4,12,1,4504.68,0 4,West,2,5,9
2,4,12,2,4505.258,0 3,West,2,5,9
2,4,12,6,4505.68,0 3,West,2,6,9
2,4,12,1,4506.163,0 3,South,2,6,9
2,4,12,1,4507.608,0 3,East,2,6,9
2,4,12,2,4508.329,0 4,East,2,6,9
2,4,12,3,4509.257,0 4,South,2,6,9
2,4,12,2,4509.995,1 4,South,2,6,9
2,4,12,2,4510.727,2 4,South,2,6,9
2,4,12,2,4511.302,3 4,South,2,6,9
2,4,12,2,4511.862,4 4,South,2,6,9
2,4,12,2,4512.436,4 4,South,2,6,9
2,4,12,3,4512.827,4 4,West,2,6,9
2,4,12,2,4513.461,4 3,West,2,6,9
2,4,12,2,4514.132,4 2,West,2,6,9
2,4,12,3,4514.999,4 2,North,2,6,9
2,4,12,2,4515.596,3 2,North,2,6,9
2,4,12,6,4515.98,3 2,North,2,7,9
2,4,12,3,4516.918,3 2,East,2,7,9
2,4,12,2,4517.479,3 3,East,2,7,9
2,4,12,1,4518.314,3 3,North,2,7,9
2,4,12,2,4518.916,3 3,North,2,7,10
2,4,12,1,4519.657,3 3,West,2,7,10
2,4,12,2,4520.235,3 2,West,2,7,10
2,4,12,3,4520.873,3 2,North,2,7,10
2,4,12,2,4521.479,3 2,North,2,7,11
2,4,12,3,4522.1,3 2,East,2,7,11
2,4,12,2,4523.449,3 3,East,2,7,11
2,4,12,2,4524.41,3 3,East,2,7,12
2,4,12,3,4524.835,3 3,South,2,7,12
2,4,12,2,4525.478,3 3,South,2,7,13
2,4,12,3,4526.297,3 3,West,2,7,13
2,4,12,2,4526.964,3 2,West,2,7,13
2,4,12,1,4527.54,3 2,South,2,7,13
2,4,12,2,4528.137,4 2,South,2,7,13
2,4,12,1,4528.964,4 2,East,2,7,13
2,4,12,2,4529.618,4 3,East,2,7,13
2,4,12,2,4530.354,4 4,East,2,7,13
2,4,12,1,4531.367,4 4,North,2,7,13
2,4,12,2,4531.928,3 4,North,2,7,13
2,4,12,3,4532.883,3 4,East,2,7,13
2,4,12,1,4533.477,3 4,North,2,7,13
2,4,12,2,4534.026,2 4,North,2,7,13
2,4,12,1,4534.6,2 4,West,2,7,13
2,4,12,2,4535.175,2 4,West,2,7,14
2,4,12,3,4535.746,2 4,North,2,7,14
2,4,12,2,4536.599,1 4,North,2,7,14
2,4,12,3,4537.318,1 4,East,2,7,14
2,4,12,2,4537.994,1 4,East,2,7,14
2,4,12,1,4538.537,1 4,North,2,7,14
2,4,12,1,4539.715,1 4,West,2,7,14
2,4,12,2,4540.565,1 3,West,2,7,14
2,4,12,1,4541.496,1 3,South,2,7,14
2,4,12,2,4542.171,2 3,South,2,7,14
2,4,12,6,4542.54,2 3,South,2,8,14
0,5,13,2,4970.041,3 4,North,3,0,14
0,5,13,1,4973.396,3 4,West,3,0,14
0,5,13,2,4974.343,3 3,West,3,0,14
0,5,13,3,4974.916,3 3,North,3,0,14
0,5,13,2,4976.182,2 3,North,3,0,14
0,5,13,2,4976.856,1 3,North,3,0,14
0,5,13,2,4977.752,0 3,North,3,0,14
0,5,13,3,4980.165,0 3,East,3,0,14
0,5,13,2,4980.82,0 4,East,3,0,14
0,5,13,3,4981.763,0 4,South,3,0,14
0,5,13,3,4982.882,0 4,West,3,0,14
0,5,13,2,4983.481,0 3,West,3,0,14
0,5,13,1,4984.36,0 3,South,3,0,14
0,5,13,2,4984.936,1 3,South,3,0,14
0,5,13,2,4985.78,2 3,South,3,0,14
0,5,13,2,4986.402,3 3,South,3,0,14
0,5,13,1,4987.287,3 3,East,3,0,14
0,5,13,2,4987.944,3 4,East,3,0,14
0,5,13,3,4988.794,3 4,South,3,0,14
0,5,13,2,4989.367,4 4,South,3,0,14
0,5,13,3,4990.212,4 4,West,3,0,14
0,5,13,2,4991.001,4 3,West,3,0,14
0,5,13,3,4991.922,4 3,North,3,0,14
0,5,13,1,4992.521,4 3,West,3,0,14
0,5,13,2,4993.19,4 2,West,3,0,14
0,5,13,3,4993.771,4 2,North,3,0,14
0,5,13,2,4996.075,3 2,North,3,0,14
0,5,13,1,4996.65,3 2,West,3,0,14
0,5,13,2,4998.218,3 1,West,3,0,14
0,5,13,2,4999.209,3 0,West,3,0,14
0,5,13,3,4999.754,3 0,North,3,0,14
0,5,13,2,5000.395,2 0,North,3,0,14
0,5,13,2,5001.334,1 0,North,3,0,14
0,5,13,3,5002.039,1 0,East,3,0,14
0,5,13,2,5002.899,1 1,East,3,0,14
0,5,13,3,5003.524,1 1,South,3,0,14
0,5,13,2,5004.299,2 1,South,3,0,14
0,5,13,1,5004.938,2 1,East,3,0,14
0,5,13,2,5005.526,2 2,East,3,0,14
0,5,13,1,5006.389,2 2,North,3,0,14
0,5,13,2,5007.399,1 2,North,3,0,14
0,5,13,2,5008.023,0 2,North,3,0,14
0,5,13,6,5008.42,0 2,North,3,1,14
0,5,13,1,5008.938,0 2,West,3,1,14
0,5,13,3,5010.121,0 2,North,3,1,14
0,5,13,1,5011.669,0 2,West,3,1,14
0,5,13,1,5012.476,0 2,South,3,1,14
0,5,13,2,5013.123,1 2,South,3,1,14
0,5,13,2,5013.72,2 2,South,3,1,14
0,5,13,3,5014.372,2 2,West,3,1,14
0,5,13,3,5015.222,2 2,North,3,1,14
0,5,13,1,5018.282,2 2,West,3,1,14
0,5,13,2,5019.27,2 1,West,3,1,14
0,5,13,6,5019.68,2 1,West,3,2,14
0,5,13,3,5020.027,2 1,North,3,2,14
0,5,13,2,5020.629,1 1,North,3,2,14
0,5,13,1,5021.497,1 1,West,3,2,14
0,5,13,2,5022.069,1 0,West,3,2,14
0,5,13,1,5022.986,1 0,South,3,2,14
0,5,13,2,5023.814,2 0,South,3,2,14
0,5,13,2,5024.406,3 0,South,3,2,14
0,5,13,1,5024.917,3 0,East,3,2,14
0,5,13,2,5025.625,3 1,East,3,2,14
0,5,13,2,5026.166,3 2,East,3,2,14
0,5,13,3,5027.034,3 2,South,3,2,14
0,5,13,2,5027.571,4 2,South,3,2,14
0,5,13,1,5028.268,4 2,East,3,2,14
0,5,13,2,5029.191,4 3,East,3,2,14
0,5,13,1,5030.025,4 3,North,3,2,14
0,5,13,3,5030.58,4 3,East,3,2,14
0,5,13,2,5031.125,4 4,East,3,2,14
0,5,13,1,5032.056,4 4,North,3,2,14
0,5,13,2,5032.934,3 4,North,3,2,14
0,5,13,6,5033.32,3 4,North,3,3,14
0,5,13,1,5033.859,3 4,West,3,3,14
0,5,13,2,5034.713,3 3,West,3,3,14
0,5,13,3,5035.272,3 3,North,3,3,14
0,5,13,2,5035.878,2 3,North,3,3,14
0,5,13,2,5036.484,1 3,North,3,3,14
0,5,13,3,5037.292,1 3,East,3,3,14
0,5,13,1,5038.355,1 3,North,3,3,14
0,5,13,2,5038.947,0 3,North,3,3,14
0,5,13,3,5039.833,0 3,East,3,3,14
0,5,13,2,5040.547,0 4,East,3,3,14
0,5,13,3,5041.32,0 4,South,3,3,14
0,5,13,3,5042.01,0 4,West,3,3,14
0,5,13,2,5042.898,0 3,West,3,3,14
0,5,13,1,5043.779,0 3,South,3,3,14
0,5,13,2,5044.403,1 3,South,3,3,14
0,5,13,2,5045.05,2 3,South,3,3,14
0,5,13,1,5045.847,2 3,East,3,3,14
0,5,13,2,5046.392,2 3,East,3,3,14
0,5,13,3,5046.698,2 3,South,3,3,14
0,5,13,2,5047.271,3 3,South,3,3,14
0,5,13,1,5047.911,3 3,East,3,3,14
0,5,13,2,5048.505,3 4,East,3,3,14
0,5,13,3,5049.452,3 4,South,3,3,14
0,5,13,2,5050.071,4 4,South,3,3,14
0,5,13,3,5050.89,4 4,West,3,3,14
0,5,13,2,5051.652,4 3,West,3,3,14
0,5,13,2,5052.454,4 2,West,3,3,14
0,5,13,3,5053.206,4 2,North,3,3,14
0,5,13,2,5053.803,3 2,North,3,3,14
0,5,13,1,5054.41,3 2,West,3,3,14
0,5,13,2,5055.307,3 1,West,3,3,14
0,5,13,2,5056.075,3 0,West,3,3,14
0,5,13,3,5056.855,3 0,North,3,3,14
0,5,13,2,5057.541,2 0,North,3,3,14
0,5,13,2,5058.41,1 0,North,3,3,14
0,5,13,6,5058.8,1 0,North,3,4,14
0,5,13,2,5059.32,1 0,North,3,4,14
0,5,13,3,5059.765,1 0,East,3,4,14
0,5,13,2,5060.569,1 1,East,3,4,14
0,5,13,3,5061.396,1 1,South,3,4,14
0,5,13,2,5062.075,2 1,South,3,4,14
0,5,13,1,5062.728,2 1,East,3,4,14
0,5,13,2,5063.395,2 2,East,3,4,14
0,5,13,1,5063.991,2 2,North,3,4,14
0,5,13,2,5064.651,1 2,North,3,4,14
0,5,13,2,5065.53,0 2,North,3,4,14
0,5,13,1,5066.314,0 2,West,3,4,14
0,5,13,1,5067.431,0 2,South,3,4,14
0,5,13,1,5068.626,0 2,East,3,4,14
0,5,13,3,5069.269,0 2,South,3,4,14
0,5,13,2,5070.026,1 2,South,3,4,14
0,5,13,2,5070.711,2 2,South,3,4,14
0,5,13,3,5071.491,2 2,West,3,4,14
0,5,13,2,5072.375,2 1,West,3,4,14
0,5,13,3,5072.905,2 1,North,3,4,14
0,5,13,2,5073.462,1 1,North,3,4,14
0,5,13,1,5074.228,1 1,West,3,4,14
0,5,13,2,5074.773,1 0,West,3,4,14
0,5,13,1,5075.621,1 0,South,3,4,14
0,5,13,2,5076.132,2 0,South,3,4,14
0,5,13,2,5076.691,3 0,South,3,4,14
0,5,13,1,5077.69,3 0,East,3,4,14
0,5,13,2,5078.582,3 1,East,3,4,14
0,5,13,6,5079,3 1,East,3,5,14
0,5,13,2,5080.088,3 2,East,3,5,14
0,5,13,3,5080.792,3 2,South,3,5,14
0,5,13,2,5081.417,4 2,South,3,5,14
0,5,13,3,5082.282,4 2,West,3,5,14
0,5,13,3,5083.482,4 2,North,3,5,14
0,5,13,1,5084.345,4 2,West,3,5,14
0,5,13,3,5085.212,4 2,North,3,5,14
0,5,13,2,5085.988,3 2,North,3,5,14
0,5,13,1,5086.548,3 2,West,3,5,14
0,5,13,2,5087.338,3 1,West,3,5,14
0,5,13,2,5087.915,3 0,West,3,5,14
0,5,13,3,5088.747,3 0,North,3,5,14
0,5,13,2,5089.32,2 0,North,3,5,14
0,5,13,6,5089.7,2 0,North,3,6,14
0,5,13,2,5089.926,1 0,North,3,6,14
0,5,13,3,5090.618,1 0,East,3,6,14
0,5,13,3,5091.27,1 0,South,3,6,14
0,5,13,1,5092.407,1 0,East,3,6,14
0,5,13,2,5093.012,1 1,East,3,6,14
0,5,13,3,5093.687,1 1,South,3,6,14
0,5,13,2,5094.242,2 1,South,3,6,14
0,5,13,2,5095.059,2 1,South,3,6,14
0,5,13,1,5095.354,2 1,East,3,6,14
0,5,13,2,5095.864,2 2,East,3,6,14
0,5,13,1,5096.727,2 2,North,3,6,14
0,5,13,2,5097.291,1 2,North,3,6,14
0,5,13,6,5097.68,1 2,North,3,7,14
0,5,13,1,5098.118,1 2,West,3,7,14
0,5,13,3,5098.859,1 2,North,3,7,14
0,5,13,2,5099.449,0 2,North,3,7,14
0,5,13,1,5100.186,0 2,West,3,7,14
0,5,13,2,5100.795,0 1,West,3,7,14
0,5,13,2,5101.511,0 0,West,3,7,14
0,5,13,3,5102.265,0 0,North,3,7,14
0,5,13,2,5102.884,0 0,North,3,7,14
0,5,13,3,5103.221,0 0,East,3,7,14
0,5,13,2,5103.927,0 1,East,3,7,14
0,5,13,3,5104.746,0 1,South,3,7,14
0,5,13,1,5105.466,0 1,East,3,7,14
0,5,13,2,5106.312,0 2,East,3,7,14
0,5,13,3,5106.964,0 2,South,3,7,14
0,5,13,2,5107.799,1 2,South,3,7,14
0,5,13,2,5108.394,2 2,South,3,7,14
0,5,13,3,5109.067,2 2,West,3,7,14
0,5,13,2,5109.7,2 1,West,3,7,14
0,5,13,3,5110.406,2 1,North,3,7,14
0,5,13,2,5111.044,1 1,North,3,7,14
0,5,13,1,5111.637,1 1,West,3,7,14
0,5,13,2,5112.155,1 0,West,3,7,14
0,5,13,1,5113.02,1 0,South,3,7,14
0,5,13,2,5113.603,2 0,South,3,7,14
0,5,13,2,5114.184,3 0,South,3,7,14
0,5,13,1,5115.012,3 0,East,3,7,14
0,5,13,2,5115.589,3 1,East,3,7,14
0,5,13,3,5116.424,3 1,South,3,7,14
0,5,13,1,5117.479,3 1,East,3,7,14
0,5,13,2,5118.231,3 2,East,3,7,14
0,5,13,3,5119.047,3 2,South,3,7,14
0,5,13,2,5119.714,4 2,South,3,7,14
0,5,13,3,5120.741,4 2,West,3,7,14
0,5,13,2,5121.442,4 1,West,3,7,14
0,5,13,2,5122.12,4 0,West,3,7,14
0,5,13,6,5122.52,4 0,West,3,8,14
2,5,13,2,5132.824,3 4,North,3,0,0
2,5,13,2,5133.478,3 4,North,3,0,1
2,5,13,1,5134.088,3 4,West,3,0,1
2,5,13,2,5134.924,3 3,West,3,0,1
2,5,13,3,5135.571,3 3,North,3,0,1
2,5,13,2,5136.325,2 3,North,3,0,1
2,5,13,1,5137.259,2 3,West,3,0,1
2,5,13,3,5138.583,2 3,North,3,0,1
2,5,13,2,5139.482,1 3,North,3,0,1
2,5,13,2,5140.085,0 3,North,3,0,1
2,5,13,1,5141.097,0 3,West,3,0,1
2,5,13,2,5141.702,0 3,West,3,0,2
2,5,13,1,5142.28,0 3,South,3,0,2
2,5,13,2,5142.95,1 3,South,3,0,2
2,5,13,3,5143.833,1 3,West,3,0,2
2,5,13,2,5144.521,1 3,West,3,0,3
2,5,13,1,5145.397,1 3,South,3,0,3
2,5,13,2,5146.024,2 3,South,3,0,3
2,5,13,3,5146.616,2 3,West,3,0,3
2,5,13,2,5147.204,2 3,West,3,0,4
2,5,13,1,5147.803,2 3,South,3,0,4
2,5,13,2,5148.408,3 3,South,3,0,4
2,5,13,3,5148.965,3 3,West,3,0,4
2,5,13,2,5149.785,3 3,West,3,0,5
2,5,13,1,5150.387,3 3,South,3,0,5
2,5,13,2,5150.935,3 3,South,3,0,6
2,5,13,1,5151.764,3 3,East,3,0,6
2,5,13,2,5152.322,3 4,East,3,0,6
2,5,13,3,5152.867,3 4,South,3,0,6
2,5,13,2,5153.621,4 4,South,3,0,6
2,5,13,3,5154.292,4 4,West,3,0,6
2,5,13,2,5154.984,4 3,West,3,0,6
2,5,13,2,5155.667,4 2,West,3,0,6
2,5,13,3,5156.333,4 2,North,3,0,6
2,5,13,2,5157.735,3 2,North,3,0,6
2,5,13,2,5158.356,3 2,North,3,0,7
2,5,13,1,5158.873,3 2,West,3,0,7
2,5,13,2,5159.512,3 1,West,3,0,7
2,5,13,3,5160.038,3 1,North,3,0,7
2,5,13,2,5160.851,3 1,North,3,0,8
2,5,13,1,5161.482,3 1,West,3,0,8
2,5,13,2,5162.137,3 0,West,3,0,8
2,5,13,3,5162.828,3 0,North,3,0,8
2,5,13,2,5163.539,2 0,North,3,0,8
2,5,13,3,5164.423,2 0,East,3,0,8
2,5,13,2,5165.082,2 0,East,3,0,9
2,5,13,1,5165.625,2 0,North,3,0,9
2,5,13,2,5166.342,1 0,North,3,0,9
2,5,13,2,5167.675,1 0,North,3,0,10
2,5,13,3,5168.122,1 0,East,3,0,10
2,5,13,2,5168.711,1 1,East,3,0,10
2,5,13,1,5169.51,1 1,North,3,0,10
2,5,13,2,5170.154,1 1,North,3,0,11
2,5,13,3,5170.675,1 1,East,3,0,11
2,5,13,2,5171.338,1 1,East,3,0,12
2,5,13,1,5172.391,1 1,North,3,0,12
2,5,13,1,5173.255,1 1,West,3,0,12
2,5,13,2,5173.908,1 0,West,3,0,12
2,5,13,3,5174.492,1 0,North,3,0,12
2,5,13,2,5175.13,1 0,North,3,0,13
2,5,13,1,5175.75,1 0,West,3,0,13
2,5,13,1,5177.027,1 0,South,3,0,13
2,5,13,1,5177.701,1 0,East,3,0,13
2,5,13,3,5185.417,1 0,South,3,0,13
2,5,13,1,5186.163,1 0,East,3,0,13
2,5,13,2,5186.791,1 1,East,3,0,13
2,5,13,2,5187.37,1 1,East,3,0,14
2,5,13,3,5187.944,1 1,South,3,0,14
2,5,13,2,5188.47,2 1,South,3,0,14
2,5,13,1,5189.416,2 1,East,3,0,14
2,5,13,2,5190.004,2 2,East,3,0,14
2,5,13,3,5190.583,2 2,South,3,0,14
2,5,13,2,5191.623,2 2,South,3,0,15
2,5,13,1,5192.217,2 2,East,3,0,15
2,5,13,2,5193.114,2 2,East,3,0,16
2,5,13,3,5193.624,2 2,South,3,0,16
2,5,13,3,5194.294,2 2,West,3,0,16
2,5,13,2,5194.973,2 1,West,3,0,16
2,5,13,1,5195.509,2 1,South,3,0,16
2,5,13,2,5196.034,2 1,South,3,0,17
2,5,13,3,5198.043,2 1,West,3,0,17
2,5,13,2,5198.675,2 1,West,3,0,18
2,5,13,3,5199.204,2 1,North,3,0,18
2,5,13,2,5199.876,1 1,North,3,0,18
2,5,13,3,5200.471,1 1,East,3,0,18
2,5,13,2,5201.064,1 1,East,3,0,19
2,5,13,1,5201.675,1 1,North,3,0,19
2,5,13,2,5202.389,1 1,North,3,0,20
2,5,13,1,5202.804,1 1,West,3,0,20
2,5,13,2,5203.765,1 0,West,3,0,20
2,5,13,2,5204.504,1 0,West,3,0,20
2,5,13,1,5204.951,1 0,South,3,0,20
2,5,13,2,5205.529,2 0,South,3,0,20
2,5,13,2,5206.231,3 0,South,3,0,20
2,5,13,1,5206.87,3 0,East,3,0,20
2,5,13,2,5207.543,3 1,East,3,0,20
2,5,13,3,5208.087,3 1,South,3,0,20
2,5,13,2,5208.666,3 1,South,3,0,21
2,5,13,1,5209.273,3 1,East,3,0,21
2,5,13,2,5209.868,3 2,East,3,0,21
2,5,13,3,5210.411,3 2,South,3,0,21
2,5,13,2,5210.922,4 2,South,3,0,21
2,5,13,1,5211.75,4 2,East,3,0,21
2,5,13,2,5212.403,4 3,East,3,0,21
2,5,13,2,5213.098,4 4,East,3,0,21
2,5,13,1,5213.88,4 4,North,3,0,21
2,5,13,2,5214.533,3 4,North,3,0,21
2,5,13,2,5215.844,3 4,North,3,0,22
2,5,13,1,5216.467,3 4,West,3,0,22
2,5,13,2,5217.275,3 3,West,3,0,22
2,5,13,3,5217.896,3 3,North,3,0,22
2,5,13,2,5218.873,2 3,North,3,0,22
2,5,13,2,5220.067,1 3,North,3,0,22
2,5,13,3,5221.205,1 3,East,3,0,22
2,5,13,1,5222.085,1 3,North,3,0,22
2,5,13,2,5223.081,0 3,North,3,0,22
2,5,13,1,5223.77,0 3,West,3,0,22
2,5,13,2,5224.47,0 3,West,3,0,23
2,5,13,1,5228.421,0 3,South,3,0,23
2,5,13,2,5229.814,1 3,South,3,0,23
2,5,13,3,5230.693,1 3,West,3,0,23
2,5,13,1,5231.34,1 3,South,3,0,23
2,5,13,2,5232.052,2 3,South,3,0,23
2,5,13,2,5232.852,3 3,South,3,0,23
2,5,13,2,5233.752,3 3,South,3,0,24
2,5,13,1,5234.507,3 3,East,3,0,24
2,5,13,2,5235.123,3 4,East,3,0,24
2,5,13,3,5235.657,3 4,South,3,0,24
2,5,13,2,5236.2,4 4,South,3,0,24
2,5,13,3,5236.757,4 4,West,3,0,24
2,5,13,2,5237.418,4 3,West,3,0,24
2,5,13,2,5237.976,4 2,West,3,0,24
2,5,13,2,5239.062,4 1,West,3,0,24
2,5,13,3,5240.713,4 1,North,3,0,24
2,5,13,2,5244.602,4 1,North,3,0,25
2,5,13,1,5245.155,4 1,West,3,0,25
2,5,13,2,5245.813,4 0,West,3,0,25
2,5,13,3,5246.532,4 0,North,3,0,25
2,5,13,2,5247.08,4 0,North,3,0,26
2,5,13,3,5247.803,4 0,East,3,0,26
2,5,13,2,5248.599,4 1,East,3,0,26
2,5,13,1,5249.193,4 1,North,3,0,26
2,5,13,2,5249.784,4 1,North,3,0,27
2,5,13,3,5250.244,4 1,East,3,0,27
2,5,13,2,5250.809,4 2,East,3,0,27
2,5,13,1,5251.784,4 2,North,3,0,27
2,5,13,2,5252.391,3 2,North,3,0,27
2,5,13,2,5253.139,3 2,North,3,0,28
2,5,13,1,5253.912,3 2,West,3,0,28
2,5,13,2,5254.475,3 1,West,3,0,28
2,5,13,3,5255.079,3 1,North,3,0,28
2,5,13,2,5256.295,3 1,North,3,0,29
2,5,13,1,5256.794,3 1,West,3,0,29
2,5,13,2,5257.335,3 0,West,3,0,29
2,5,13,3,5257.927,3 0,North,3,0,29
2,5,13,2,5258.859,2 0,North,3,0,29
2,5,13,2,5259.579,1 0,North,3,0,29
2,5,13,2,5260.535,1 0,North,3,0,30
2,5,13,3,5261,1 0,East,3,0,30
2,5,13,2,5261.644,1 1,East,3,0,30
2,5,13,1,5262.548,1 1,North,3,0,30
2,5,13,2,5263.228,1 1,North,3,0,31
2,5,13,3,5263.797,1 1,East,3,0,31
2,5,13,2,5264.438,1 1,East,3,0,32
2,5,13,3,5266.275,1 1,South,3,0,32
2,5,13,2,5266.883,2 1,South,3,0,32
2,5,13,1,5267.398,2 1,East,3,0,32
2,5,13,2,5268.168,2 2,East,3,0,32
2,5,13,1,5268.7,2 2,North,3,0,32
2,5,13,2,5269.318,1 2,North,3,0,32
2,5,13,2,5269.988,0 2,North,3,0,32
2,5,13,6,5270.36,0 2,North,3,1,32
2,5,13,3,5271.349,0 2,East,3,1,32
2,5,13,3,5272.339,0 2,South,3,1,32
2,5,13,3,5272.963,0 2,West,3,1,32
2,5,13,2,5275.131,0 1,West,3,1,32
2,5,13,2,5275.779,0 0,West,3,1,32
2,5,13,1,5276.393,0 0,South,3,1,32
2,5,13,2,5276.968,0 0,South,3,1,33
2,5,13,1,5278.248,0 0,East,3,1,33
2,5,13,2,5278.937,0 1,East,3,1,33
2,5,13,3,5279.929,0 1,South,3,1,33
2,5,13,2,5280.643,0 1,South,3,1,34
2,5,13,1,5281.208,0 1,East,3,1,34
2,5,13,2,5281.799,0 2,East,3,1,34
2,5,13,3,5282.696,0 2,South,3,1,34
2,5,13,2,5283.334,1 2,South,3,1,34
2,5,13,2,5284.054,2 2,South,3,1,34
2,5,13,3,5284.615,2 2,West,3,1,34
2,5,13,2,5285.291,2 1,West,3,1,34
2,5,13,2,5285.964,2 1,West,3,1,35
2,5,13,3,5286.612,2 1,North,3,1,35
2,5,13,2,5287.555,1 1,North,3,1,35
2,5,13,1,5288.15,1 1,West,3,1,35
2,5,13,2,5288.775,1 0,West,3,1,35
2,5,13,6,5289.2,1 0,West,3,2,35
2,5,13,1,5290.119,1 0,South,3,2,35
2,5,13,1,5290.979,1 0,East,3,2,35
2,5,13,2,5294.776,1 1,East,3,2,35
2,5,13,3,5295.625,1 1,South,3,2,35
2,5,13,2,5296.617,2 1,South,3,2,35
2,5,13,1,5297.276,2 1,East,3,2,35
2,5,13,2,5297.911,2 2,East,3,2,35
2,5,13,3,5298.425,2 2,South,3,2,35
2,5,13,2,5298.985,2 2,South,3,2,36
2,5,13,1,5299.494,2 2,East,3,2,36
2,5,13,2,5300.086,2 2,East,3,2,37
2,5,13,3,5300.748,2 2,South,3,2,37
2,5,13,3,5301.332,2 2,West,3,2,37
2,5,13,2,5302.028,2 1,West,3,2,37
2,5,13,1,5302.948,2 1,South,3,2,37
2,5,13,2,5303.495,2 1,South,3,2,38
2,5,13,3,5304.148,2 1,West,3,2,38
2,5,13,2,5304.822,2 1,West,3,2,39
2,5,13,3,5305.851,2 1,North,3,2,39
2,5,13,2,5306.473,1 1,North,3,2,39
2,5,13,3,5307.03,1 1,East,3,2,39
2,5,13,2,5307.659,1 1,East,3,2,40
2,5,13,1,5308.516,1 1,North,3,2,40
2,5,13,2,5309.188,1 1,North,3,2,41
2,5,13,1,5309.689,1 1,West,3,2,41
2,5,13,2,5310.295,1 0,West,3,2,41
2,5,13,1,5311.401,1 0,South,3,2,41
2,5,13,2,5312.01,2 0,South,3,2,41
2,5,13,2,5312.692,3 0,South,3,2,41
2,5,13,2,5313.445,3 0,South,3,2,42
2,5,13,1,5313.976,3 0,East,3,2,42
2,5,13,2,5314.572,3 1,East,3,2,42
2,5,13,3,5315.507,3 1,South,3,2,42
2,5,13,2,5316.226,3 1,South,3,2,43
2,5,13,1,5316.775,3 1,East,3,2,43
2,5,13,2,5317.387,3 2,East,3,2,43
2,5,13,3,5317.947,3 2,South,3,2,43
2,5,13,2,5318.646,4 2,South,3,2,43
2,5,13,1,5319.475,4 2,East,3,2,43
2,5,13,2,5320.291,4 3,East,3,2,43
2,5,13,2,5321.082,4 4,East,3,2,43
2,5,13,1,5321.638,4 4,North,3,2,43
2,5,13,2,5322.247,3 4,North,3,2,43
2,5,13,6,5322.64,3 4,North,3,3,43
2,5,13,1,5323.466,3 4,West,3,3,43
2,5,13,1,5333,3 4,South,3,3,43
2,5,13,2,5333.992,4 4,South,3,3,43
2,5,13,3,5334.507,4 4,West,3,3,43
2,5,13,2,5335.208,4 3,West,3,3,43
2,5,13,2,5335.956,4 2,West,3,3,43
2,5,13,2,5336.596,4 1,West,3,3,43
2,5,13,2,5337.412,4 0,West,3,3,43
2,5,13,3,5337.978,4 0,North,3,3,43
2,5,13,2,5338.596,4 0,North,3,3,44
2,5,13,3,5339.21,4 0,East,3,3,44
2,5,13,2,5339.859,4 1,East,3,3,44
2,5,13,1,5340.394,4 1,North,3,3,44
2,5,13,2,5341.048,4 1,North,3,3,45
2,5,13,3,5341.675,4 1,East,3,3,45
2,5,13,2,5342.28,4 2,East,3,3,45
2,5,13,1,5343.254,4 2,North,3,3,45
2,5,13,2,5343.795,3 2,North,3,3,45
2,5,13,1,5344.371,3 2,West,3,3,45
2,5,13,2,5344.916,3 1,West,3,3,45
2,5,13,3,5345.573,3 1,North,3,3,45
2,5,13,2,5346.153,3 1,North,3,3,46
2,5,13,1,5346.701,3 1,West,3,3,46
2,5,13,2,5347.272,3 0,West,3,3,46
2,5,13,3,5348.135,3 0,North,3,3,46
2,5,13,2,5348.788,2 0,North,3,3,46
2,5,13,6,5349.18,2 0,North,3,4,46
2,5,13,3,5349.882,2 0,East,3,4,46
2,5,13,3,5351.356,2 0,South,3,4,46
2,5,13,1,5351.992,2 0,East,3,4,46
2,5,13,2,5352.644,2 0,East,3,4,47
2,5,13,3,5353.061,2 0,South,3,4,47
2,5,13,2,5353.673,3 0,South,3,4,47
2,5,13,1,5354.181,3 0,East,3,4,47
2,5,13,2,5354.727,3 1,East,3,4,47
2,5,13,3,5355.638,3 1,South,3,4,47
2,5,13,2,5356.26,3 1,South,3,4,48
2,5,13,1,5356.695,3 1,East,3,4,48
2,5,13,2,5357.289,3 2,East,3,4,48
2,5,13,3,5358.021,3 2,South,3,4,48
2,5,13,2,5358.643,4 2,South,3,4,48
2,5,13,6,5359.02,4 2,South,3,5,48
2,5,13,1,5359.573,4 2,East,3,5,48
2,5,13,1,5360.247,4 2,North,3,5,48
2,5,13,1,5361.173,4 2,West,3,5,48
2,5,13,3,5362.347,4 2,North,3,5,48
2,5,13,2,5363.002,3 2,North,3,5,48
2,5,13,1,5363.532,3 2,West,3,5,48
2,5,13,2,5364.072,3 1,West,3,5,48
2,5,13,6,5364.48,3 1,West,3,6,48
2,5,13,1,5365.051,3 1,South,3,6,48
2,5,13,1,5365.916,3 1,East,3,6,48
2,5,13,1,5366.468,3 1,North,3,6,48
2,5,13,3,5367.219,3 1,East,3,6,48
2,5,13,3,5368.743,3 1,South,3,6,48
2,5,13,2,5370.074,3 1,South,3,6,49
2,5,13,1,5370.519,3 1,East,3,6,49
2,5,13,2,5371.045,3 2,East,3,6,49
2,5,13,3,5372.133,3 2,South,3,6,49
2,5,13,1,5372.85,3 2,East,3,6,49
2,5,13,2,5373.576,3 2,East,3,6,50
2,5,13,3,5374.164,3 2,South,3,6,50
2,5,13,2,5374.71,4 2,South,3,6,50
2,5,13,1,5375.447,4 2,East,3,6,50
2,5,13,2,5376.024,4 3,East,3,6,50
2,5,13,2,5377.111,4 4,East,3,6,50
2,5,13,1,5377.787,4 4,North,3,6,50
2,5,13,2,5379.108,3 4,North,3,6,50
2,5,13,2,5379.94,3 4,North,3,6,51
2,5,13,1,5380.412,3 4,West,3,6,51
2,5,13,2,5381.078,3 3,West,3,6,51
2,5,13,3,5381.611,3 3,North,3,6,51
2,5,13,2,5382.341,2 3,North,3,6,51
2,5,13,2,5383.158,1 3,North,3,6,51
2,5,13,3,5383.732,1 3,East,3,6,51
2,5,13,2,5384.356,1 3,East,3,6,52
2,5,13,1,5384.892,1 3,North,3,6,52
2,5,13,2,5385.45,0 3,North,3,6,52
2,5,13,3,5386.324,0 3,East,3,6,52
2,5,13,2,5386.922,0 4,East,3,6,52
2,5,13,6,5387.34,0 4,East,3,7,52
2,5,13,3,5387.783,0 4,South,3,7,52
2,5,13,3,5388.42,0 4,West,3,7,52
2,5,13,2,5389.101,0 3,West,3,7,52
2,5,13,1,5389.638,0 3,South,3,7,52
2,5,13,2,5390.228,1 3,South,3,7,52
2,5,13,2,5390.826,2 3,South,3,7,52
2,5,13,1,5391.559,2 3,East,3,7,52
2,5,13,2,5392.194,2 3,East,3,7,53
2,5,13,3,5392.757,2 3,South,3,7,53
2,5,13,2,5393.369,3 3,South,3,7,53
2,5,13,2,5394.345,3 3,South,3,7,54
2,5,13,1,5394.807,3 3,East,3,7,54
2,5,13,2,5395.348,3 4,East,3,7,54
2,5,13,3,5395.891,3 4,South,3,7,54
2,5,13,2,5396.49,4 4,South,3,7,54
2,5,13,3,5397.014,4 4,West,3,7,54
2,5,13,2,5397.667,4 3,West,3,7,54
2,5,13,6,5398.08,4 3,West,3,8,54
0,5,14,2,5407.562,3 4,North,3,0,54
0,5,14,1,5408.661,3 4,West,3,0,54
0,5,14,2,5409.447,3 3,West,3,0,54
0,5,14,6,5409.86,3 3,West,3,1,54
0,5,14,3,5410.148,3 3,North,3,1,54
0,5,14,2,5411.908,2 3,North,3,1,54
0,5,14,2,5412.458,1 3,North,3,1,54
0,5,14,2,5412.968,0 3,North,3,1,54
0,5,14,3,5413.562,0 3,East,3,1,54
0,5,14,2,5414.474,0 4,East,3,1,54
0,5,14,3,5415.045,0 4,South,3,1,54
0,5,14,3,5415.817,0 4,West,3,1,54
0,5,14,2,5416.424,0 3,West,3,1,54
0,5,14,1,5417.446,0 3,South,3,1,54
0,5,14,2,5418.042,1 3,South,3,1,54
0,5,14,2,5419.098,2 3,South,3,1,54
0,5,14,2,5419.628,3 3,South,3,1,54
0,5,14,1,5420.185,3 3,East,3,1,54
0,5,14,2,5420.74,3 4,East,3,1,54
0,5,14,3,5421.508,3 4,South,3,1,54
0,5,14,2,5422.099,4 4,South,3,1,54
0,5,14,3,5422.645,4 4,West,3,1,54
0,5,14,2,5423.256,4 3,West,3,1,54
0,5,14,2,5423.785,4 2,West,3,1,54
0,5,14,3,5425.48,4 2,North,3,1,54
0,5,14,2,5426.019,3 2,North,3,1,54
0,5,14,1,5426.918,3 2,West,3,1,54
0,5,14,2,5427.562,3 1,West,3,1,54
0,5,14,2,5428.375,3 0,West,3,1,54
0,5,14,3,5429.066,3 0,North,3,1,54
0,5,14,2,5429.688,2 0,North,3,1,54
0,5,14,2,5430.244,1 0,North,3,1,54
0,5,14,3,5431.141,1 0,East,3,1,54
0,5,14,2,5431.849,1 1,East,3,1,54
0,5,14,3,5432.472,1 1,South,3,1,54
0,5,14,2,5433.132,2 1,South,3,1,54
0,5,14,1,5433.7,2 1,East,3,1,54
0,5,14,2,5434.229,2 2,East,3,1,54
0,5,14,1,5434.806,2 2,North,3,1,54
0,5,14,2,5435.373,1 2,North,3,1,54
0,5,14,2,5435.909,0 2,North,3,1,54
0,5,14,1,5436.858,0 2,West,3,1,54
0,5,14,2,5437.637,0 1,West,3,1,54
0,5,14,2,5438.389,0 0,West,3,1,54
0,5,14,6,5438.8,0 0,West,3,2,54
0,5,14,3,5439.443,0 0,North,3,2,54
0,5,14,3,5440.267,0 0,East,3,2,54
0,5,14,2,5441.705,0 1,East,3,2,54
0,5,14,2,5442.232,0 2,East,3,2,54
0,5,14,3,5442.764,0 2,South,3,2,54
0,5,14,2,5443.379,1 2,South,3,2,54
0,5,14,2,5444.184,2 2,South,3,2,54
0,5,14,3,5445.146,2 2,West,3,2,54
0,5,14,2,5445.844,2 1,West,3,2,54
0,5,14,3,5446.438,2 1,North,3,2,54
0,5,14,2,5447.06,1 1,North,3,2,54
0,5,14,1,5447.667,1 1,West,3,2,54
0,5,14,2,5448.214,1 0,West,3,2,54
0,5,14,1,5449.108,1 0,South,3,2,54
0,5,14,2,5449.652,2 0,South,3,2,54
0,5,14,2,5450.515,3 0,South,3,2,54
0,5,14,1,5451.06,3 0,East,3,2,54
0,5,14,2,5451.62,3 1,East,3,2,54
0,5,14,3,5452.458,3 1,South,3,2,54
0,5,14,1,5453.016,3 1,East,3,2,54
0,5,14,2,5453.571,3 2,East,3,2,54
0,5,14,3,5454.374,3 2,South,3,2,54
0,5,14,2,5455.003,4 2,South,3,2,54
0,5,14,6,5455.38,4 2,South,3,3,54
0,5,14,3,5455.707,4 2,West,3,3,54
0,5,14,3,5456.438,4 2,North,3,3,54
0,5,14,3,5457.333,4 2,East,3,3,54
0,5,14,2,5458.024,4 3,East,3,3,54
0,5,14,2,5459,4 4,East,3,3,54
0,5,14,1,5459.592,4 4,North,3,3,54
0,5,14,1,5460.567,4 4,West,3,3,54
0,5,14,3,5461.244,4 4,North,3,3,54
0,5,14,2,5462.124,3 4,North,3,3,54
0,5,14,1,5462.792,3 4,West,3,3,54
0,5,14,2,5463.336,3 3,West,3,3,54
0,5,14,3,5464.101,3 3,North,3,3,54
0,5,14,2,5464.904,2 3,North,3,3,54
0,5,14,2,5465.51,1 3,North,3,3,54
0,5,14,2,5466.328,0 3,North,3,3,54
0,5,14,3,5467.097,0 3,East,3,3,54
0,5,14,2,5467.621,0 4,East,3,3,54
0,5,14,6,5468.04,0 4,East,3,4,54
0,5,14,3,5468.282,0 4,South,3,4,54
0,5,14,3,5469.146,0 4,West,3,4,54
0,5,14,2,5469.795,0 3,West,3,4,54
0,5,14,1,5470.396,0 3,South,3,4,54
0,5,14,2,5471.37,1 3,South,3,4,54
0,5,14,2,5472.069,2 3,South,3,4,54
0,5,14,2,5472.616,3 3,South,3,4,54
0,5,14,1,5473.642,3 3,East,3,4,54
0,5,14,2,5474.292,3 4,East,3,4,54
0,5,14,3,5474.82,3 4,South,3,4,54
0,5,14,2,5475.77,4 4,South,3,4,54
0,5,14,3,5476.667,4 4,West,3,4,54
0,5,14,2,5477.434,4 3,West,3,4,54
0,5,14,2,5478.099,4 2,West,3,4,54
0,5,14,3,5481.543,4 2,North,3,4,54
0,5,14,2,5482.616,3 2,North,3,4,54
0,5,14,6,5483,3 2,North,3,5,54
0,5,14,1,5483.66,3 2,West,3,5,54
0,5,14,2,5484.217,3 1,West,3,5,54
0,5,14,3,5485.143,3 1,North,3,5,54
0,5,14,1,5486.165,3 1,West,3,5,54
0,5,14,2,5486.759,3 0,West,3,5,54
0,5,14,3,5487.286,3 0,North,3,5,54
0,5,14,2,5487.862,2 0,North,3,5,54
0,5,14,2,5488.506,1 0,North,3,5,54
0,5,14,3,5489.092,1 0,East,3,5,54
0,5,14,2,5489.753,1 1,East,3,5,54
0,5,14,3,5490.424,1 1,South,3,5,54
0,5,14,2,5491.209,2 1,South,3,5,54
0,5,14,1,5491.815,2 1,East,3,5,54
0,5,14,2,5492.451,2 2,East,3,5,54
0,5,14,1,5492.994,2 2,North,3,5,54
0,5,14,2,5493.571,1 2,North,3,5,54
0,5,14,2,5494.229,0 2,North,3,5,54
0,5,14,1,5494.852,0 2,West,3,5,54
0,5,14,2,5496.375,0 1,West,3,5,54
0,5,14,2,5496.902,0 0,West,3,5,54
0,5,14,3,5497.446,0 0,North,3,5,54
0,5,14,3,5498.106,0 0,East,3,5,54
0,5,14,2,5498.858,0 1,East,3,5,54
0,5,14,2,5499.85,0 2,East,3,5,54
0,5,14,3,5500.409,0 2,South,3,5,54
0,5,14,2,5501.291,1 2,South,3,5,54
0,5,14,2,5501.851,2 2,South,3,5,54
0,5,14,3,5502.612,2 2,West,3,5,54
0,5,14,2,5503.173,2 1,West,3,5,54
0,5,14,3,5503.699,2 1,North,3,5,54
0,5,14,2,5504.31,1 1,North,3,5,54
0,5,14,1,5504.82,1 1,West,3,5,54
0,5,14,2,5505.784,1 0,West,3,5,54
0,5,14,1,5506.444,1 0,South,3,5,54
0,5,14,2,5507.496,2 0,South,3,5,54
0,5,14,2,5508.117,3 0,South,3,5,54
0,5,14,1,5508.628,3 0,East,3,5,54
0,5,14,2,5509.252,3 1,East,3,5,54
0,5,14,2,5509.909,3 2,East,3,5,54
0,5,14,3,5510.44,3 2,South,3,5,54
0,5,14,2,5511.079,4 2,South,3,5,54
0,5,14,1,5511.707,4 2,East,3,5,54
0,5,14,2,5512.405,4 3,East,3,5,54
0,5,14,6,5512.82,4 3,East,3,6,54
0,5,14,1,5513.683,4 3,North,3,6,54
0,5,14,1,5514.612,4 3,West,3,6,54
0,5,14,2,5515.723,4 2,West,3,6,54
0,5,14,3,5516.409,4 2,North,3,6,54
0,5,14,2,5517.018,3 2,North,3,6,54
0,5,14,1,5517.577,3 2,West,3,6,54
0,5,14,2,5518.099,3 1,West,3,6,54
0,5,14,2,5519.029,3 0,West,3,6,54
0,5,14,6,5519.44,3 0,West,3,7,54
0,5,14,3,5519.77,3 0,North,3,7,54
0,5,14,3,5521.043,3 0,East,3,7,54
0,5,14,2,5521.959,3 1,East,3,7,54
0,5,14,2,5522.827,3 2,East,3,7,54
0,5,14,3,5523.643,3 2,South,3,7,54
0,5,14,2,5524.325,4 2,South,3,7,54
0,5,14,3,5524.844,4 2,West,3,7,54
0,5,14,2,5525.547,4 1,West,3,7,54
0,5,14,3,5526.167,4 1,North,3,7,54
0,5,14,3,5526.706,4 1,East,3,7,54
0,5,14,2,5527.367,4 2,East,3,7,54
0,5,14,2,5528.074,4 3,East,3,7,54
0,5,14,2,5528.824,4 4,East,3,7,54
0,5,14,1,5529.465,4 4,North,3,7,54
0,5,14,1,5530.34,4 4,West,3,7,54
0,5,14,3,5530.869,4 4,North,3,7,54
0,5,14,2,5531.42,3 4,North,3,7,54
0,5,14,1,5532.281,3 4,West,3,7,54
0,5,14,2,5532.887,3 3,West,3,7,54
0,5,14,3,5533.72,3 3,North,3,7,54
0,5,14,2,5534.595,2 3,North,3,7,54
0,5,14,2,5535.385,1 3,North,3,7,54
0,5,14,2,5536.088,0 3,North,3,7,54
0,5,14,3,5536.646,0 3,East,3,7,54
0,5,14,3,5537.512,0 3,South,3,7,54
0,5,14,1,5538.614,0 3,East,3,7,54
0,5,14,2,5539.155,0 4,East,3,7,54
0,5,14,3,5539.928,0 4,South,3,7,54
0,5,14,3,5540.74,0 4,West,3,7,54
0,5,14,2,5541.317,0 3,West,3,7,54
0,5,14,1,5542.247,0 3,South,3,7,54
0,5,14,2,5542.811,1 3,South,3,7,54
0,5,14,2,5543.593,2 3,South,3,7,54
0,5,14,2,5544.297,3 3,South,3,7,54
0,5,14,1,5545.082,3 3,East,3,7,54
0,5,14,2,5545.612,3 4,East,3,7,54
0,5,14,3,5546.151,3 4,South,3,7,54
0,5,14,2,5546.68,4 4,South,3,7,54
0,5,14,3,5547.555,4 4,West,3,7,54
0,5,14,2,5548.373,4 3,West,3,7,54
0,5,14,2,5549.205,4 2,West,3,7,54
0,5,14,3,5549.999,4 2,North,3,7,54
0,5,14,2,5550.585,3 2,North,3,7,54
0,5,14,1,5551.46,3 2,West,3,7,54
0,5,14,2,5552.04,3 1,West,3,7,54
0,5,14,2,5552.916,3 0,West,3,7,54
0,5,14,3,5553.802,3 0,North,3,7,54
0,5,14,2,5554.49,2 0,North,3,7,54
0,5,14,2,5555.011,1 0,North,3,7,54
0,5,14,3,5555.976,1 0,East,3,7,54
0,5,14,2,5556.679,1 1,East,3,7,54
0,5,14,3,5557.269,1 1,South,3,7,54
0,5,14,2,5557.941,2 1,South,3,7,54
0,5,14,1,5558.471,2 1,East,3,7,54
0,5,14,2,5559.002,2 2,East,3,7,54
0,5,14,6,5559.4,2 2,East,3,8,54
2,5,14,2,5565.289,3 4,North,3,0,0
2,5,14,1,5566.344,3 4,West,3,0,0
2,5,14,2,5567.18,3 3,West,3,0,0
2,5,14,3,5568.069,3 3,North,3,0,0
2,5,14,2,5568.717,2 3,North,3,0,0
2,5,14,1,5569.737,2 3,West,3,0,0
2,5,14,2,5570.343,2 3,West,3,0,1
2,5,14,3,5571.174,2 3,North,3,0,1
2,5,14,2,5571.876,1 3,North,3,0,1
2,5,14,1,5572.402,1 3,West,3,0,1
2,5,14,2,5573.032,1 3,West,3,0,2
2,5,14,1,5573.577,1 3,South,3,0,2
2,5,14,2,5574.228,2 3,South,3,0,2
2,5,14,2,5574.761,3 3,South,3,0,2
2,5,14,3,5575.556,3 3,West,3,0,2
2,5,14,2,5576.188,3 3,West,3,0,3
2,5,14,1,5577.191,3 3,South,3,0,3
2,5,14,2,5578.229,3 3,South,3,0,4
2,5,14,1,5578.819,3 3,East,3,0,4
2,5,14,2,5579.356,3 4,East,3,0,4
2,5,14,3,5579.88,3 4,South,3,0,4
2,5,14,2,5580.643,4 4,South,3,0,4
2,5,14,2,5581.657,4 4,South,3,0,4
2,5,14,3,5582.056,4 4,West,3,0,4
2,5,14,2,5582.729,4 3,West,3,0,4
2,5,14,3,5583.703,4 3,North,3,0,4
2,5,14,2,5584.5,4 3,North,3,0,5
2,5,14,1,5584.95,4 3,West,3,0,5
2,5,14,2,5585.818,4 2,West,3,0,5
2,5,14,3,5586.471,4 2,North,3,0,5
2,5,14,2,5587.229,3 2,North,3,0,5
2,5,14,2,5588.004,3 2,North,3,0,6
2,5,14,1,5588.518,3 2,West,3,0,6
2,5,14,2,5589.108,3 1,West,3,0,6
2,5,14,3,5589.721,3 1,North,3,0,6
2,5,14,2,5590.292,3 1,North,3,0,7
2,5,14,1,5590.858,3 1,West,3,0,7
2,5,14,2,5591.704,3 0,West,3,0,7
2,5,14,3,5592.614,3 0,North,3,0,7
2,5,14,2,5593.235,2 0,North,3,0,7
2,5,14,3,5593.762,2 0,East,3,0,7
2,5,14,2,5594.456,2 0,East,3,0,8
2,5,14,1,5595.178,2 0,North,3,0,8
2,5,14,2,5595.959,1 0,North,3,0,8
2,5,14,3,5596.536,1 0,East,3,0,8
2,5,14,2,5597.174,1 1,East,3,0,8
2,5,14,2,5597.897,1 1,East,3,0,9
2,5,14,3,5598.355,1 1,South,3,0,9
2,5,14,2,5598.906,2 1,South,3,0,9
2,5,14,1,5599.8,2 1,East,3,0,9
2,5,14,2,5600.467,2 2,East,3,0,9
2,5,14,6,5600.88,2 2,East,3,1,9
2,5,14,3,5601.563,2 2,South,3,1,9
2,5,14,3,5602.411,2 2,West,3,1,9
2,5,14,3,5603.545,2 2,North,3,1,9
2,5,14,3,5608.791,2 2,East,3,1,9
2,5,14,2,5609.882,2 2,East,3,1,10
2,5,14,1,5610.313,2 2,North,3,1,10
2,5,14,2,5610.839,1 2,North,3,1,10
2,5,14,3,5611.354,1 2,East,3,1,10
2,5,14,2,5612.282,1 2,East,3,1,11
2,5,14,1,5612.732,1 2,North,3,1,11
2,5,14,2,5613.273,0 2,North,3,1,11
2,5,14,1,5614.438,0 2,West,3,1,11
2,5,14,2,5615.206,0 1,West,3,1,11
2,5,14,2,5615.852,0 0,West,3,1,11
2,5,14,6,5616.26,0 0,West,3,2,11
2,5,14,3,5616.565,0 0,North,3,2,11
2,5,14,3,5617.268,0 0,East,3,2,11
2,5,14,2,5618.072,0 1,East,3,2,11
2,5,14,2,5618.731,0 2,East,3,2,11
2,5,14,3,5619.317,0 2,South,3,2,11
2,5,14,2,5620.022,1 2,South,3,2,11
2,5,14,1,5620.838,1 2,East,3,2,11
2,5,14,2,5621.589,1 2,East,3,2,12
2,5,14,1,5622.184,1 2,North,3,2,12
2,5,14,3,5623.414,1 2,East,3,2,12
2,5,14,1,5626.389,1 2,North,3,2,12
2,5,14,2,5626.918,0 2,North,3,2,12
2,5,14,3,5627.434,0 2,East,3,2,12
2,5,14,2,5627.995,0 2,East,3,2,13
2,5,14,3,5628.55,0 2,South,3,2,13
2,5,14,3,5629.462,0 2,West,3,2,13
2,5,14,1,5630.132,0 2,South,3,2,13
2,5,14,2,5630.826,1 2,South,3,2,13
2,5,14,1,5631.574,1 2,East,3,2,13
2,5,14,2,5632.791,1 2,East,3,2,14
2,5,14,3,5633.194,1 2,South,3,2,14
2,5,14,2,5633.864,2 2,South,3,2,14
2,5,14,2,5634.584,2 2,South,3,2,15
2,5,14,1,5635.062,2 2,East,3,2,15
2,5,14,2,5635.703,2 2,East,3,2,16
2,5,14,3,5636.276,2 2,South,3,2,16
2,5,14,3,5636.938,2 2,West,3,2,16
2,5,14,2,5637.692,2 1,West,3,2,16
2,5,14,1,5638.252,2 1,South,3,2,16
2,5,14,2,5638.872,2 1,South,3,2,17
2,5,14,3,5639.449,2 1,West,3,2,17
2,5,14,2,5640.131,2 1,West,3,2,18
2,5,14,3,5640.651,2 1,North,3,2,18
2,5,14,2,5641.235,1 1,North,3,2,18
2,5,14,2,5642.182,1 1,North,3,2,19
2,5,14,3,5642.646,1 1,East,3,2,19
2,5,14,2,5643.194,1 1,East,3,2,20
2,5,14,3,5643.881,1 1,South,3,2,20
2,5,14,2,5644.583,2 1,South,3,2,20
2,5,14,1,5645.175,2 1,East,3,2,20
2,5,14,2,5645.877,2 2,East,3,2,20
2,5,14,2,5647.315,2 2,East,3,2,21
2,5,14,1,5647.891,2 2,North,3,2,21
2,5,14,2,5648.502,1 2,North,3,2,21
2,5,14,3,5649.078,1 2,East,3,2,21
2,5,14,1,5650.413,1 2,North,3,2,21
2,5,14,3,5651.238,1 2,East,3,2,21
2,5,14,2,5652.644,1 2,East,3,2,22
2,5,14,1,5653.204,1 2,North,3,2,22
2,5,14,2,5653.828,0 2,North,3,2,22
2,5,14,3,5654.71,0 2,East,3,2,22
2,5,14,2,5655.443,0 2,East,3,2,23
2,5,14,3,5655.946,0 2,South,3,2,23
2,5,14,2,5658.789,1 2,South,3,2,23
2,5,14,1,5659.35,1 2,East,3,2,23
2,5,14,2,5659.987,1 2,East,3,2,24
2,5,14,3,5660.438,1 2,South,3,2,24
2,5,14,2,5661.029,2 2,South,3,2,24
2,5,14,1,5661.958,2 2,East,3,2,24
2,5,14,2,5662.586,2 2,East,3,2,25
2,5,14,3,5662.98,2 2,South,3,2,25
2,5,14,2,5663.636,2 2,South,3,2,26
2,5,14,3,5664.231,2 2,West,3,2,26
2,5,14,2,5665.177,2 1,West,3,2,26
2,5,14,2,5666.467,2 1,West,3,2,27
2,5,14,1,5667.045,2 1,South,3,2,27
2,5,14,2,5667.867,2 1,South,3,2,28
2,5,14,3,5668.403,2 1,West,3,2,28
2,5,14,3,5669.19,2 1,North,3,2,28
2,5,14,2,5669.833,1 1,North,3,2,28
2,5,14,1,5670.408,1 1,West,3,2,28
2,5,14,2,5671.034,1 0,West,3,2,28
2,5,14,2,5671.947,1 0,West,3,2,28
2,5,14,3,5672.742,1 0,North,3,2,28
2,5,14,1,5674.299,1 0,West,3,2,28
2,5,14,3,5674.95,1 0,North,3,2,28
2,5,14,2,5675.626,1 0,North,3,2,29
2,5,14,3,5676.405,1 0,East,3,2,29
2,5,14,2,5677.368,1 1,East,3,2,29
2,5,14,1,5677.988,1 1,North,3,2,29
2,5,14,2,5678.599,1 1,North,3,2,30
2,5,14,3,5679.238,1 1,East,3,2,30
2,5,14,2,5679.891,1 1,East,3,2,31
2,5,14,3,5680.711,1 1,South,3,2,31
2,5,14,2,5681.357,2 1,South,3,2,31
2,5,14,2,5682.155,2 1,South,3,2,32
2,5,14,3,5682.58,2 1,West,3,2,32
2,5,14,2,5683.157,2 1,West,3,2,33
2,5,14,1,5683.676,2 1,South,3,2,33
2,5,14,1,5684.691,2 1,East,3,2,33
2,5,14,2,5685.316,2 2,East,3,2,33
2,5,14,2,5686.9,2 2,East,3,2,34
2,5,14,1,5687.467,2 2,North,3,2,34
2,5,14,2,5688.04,1 2,North,3,2,34
2,5,14,3,5688.566,1 2,East,3,2,34
2,5,14,2,5689.371,1 2,East,3,2,35
2,5,14,1,5689.898,1 2,North,3,2,35
2,5,14,2,5690.437,0 2,North,3,2,35
2,5,14,3,5691.319,0 2,East,3,2,35
2,5,14,2,5691.992,0 2,East,3,2,36
2,5,14,1,5692.489,0 2,North,3,2,36
2,5,14,1,5695.753,0 2,West,3,2,36
2,5,14,1,5696.325,0 2,South,3,2,36
2,5,14,2,5697.431,1 2,South,3,2,36
2,5,14,1,5698.019,1 2,East,3,2,36
2,5,14,2,5699.443,1 2,East,3,2,37
2,5,14,3,5700.154,1 2,South,3,2,37
2,5,14,2,5702.341,2 2,South,3,2,37
2,5,14,2,5703.001,2 2,South,3,2,38
2,5,14,3,5703.563,2 2,West,3,2,38
2,5,14,2,5704.107,2 1,West,3,2,38
2,5,14,3,5705.883,2 1,North,3,2,38
2,5,14,2,5706.549,1 1,North,3,2,38
2,5,14,1,5707.43,1 1,West,3,2,38
2,5,14,2,5708.053,1 0,West,3,2,38
2,5,14,1,5709.011,1 0,South,3,2,38
2,5,14,3,5717.813,1 0,West,3,2,38
2,5,14,2,5718.565,1 0,West,3,2,38
2,5,14,3,5718.905,1 0,North,3,2,38
2,5,14,2,5719.577,1 0,North,3,2,39
2,5,14,3,5720.024,1 0,East,3,2,39
2,5,14,2,5720.634,1 1,East,3,2,39
2,5,14,2,5721.24,1 1,East,3,2,40
2,5,14,3,5722.282,1 1,South,3,2,40
2,5,14,2,5722.857,2 1,South,3,2,40
2,5,14,2,5723.58,2 1,South,3,2,41
2,5,14,3,5724.068,2 1,West,3,2,41
2,5,14,2,5724.934,2 1,West,3,2,42
2,5,14,1,5726.059,2 1,South,3,2,42
2,5,14,1,5726.708,2 1,East,3,2,42
2,5,14,2,5727.447,2 2,East,3,2,42
2,5,14,2,5729.028,2 2,East,3,2,43
2,5,14,1,5729.497,2 2,North,3,2,43
2,5,14,2,5730.187,1 2,North,3,2,43
2,5,14,1,5731.946,1 2,West,3,2,43
2,5,14,2,5732.585,1 2,West,3,2,44
2,5,14,3,5733.11,1 2,North,3,2,44
2,5,14,2,5733.844,0 2,North,3,2,44
2,5,14,3,5735.718,0 2,East,3,2,44
2,5,14,3,5740.243,0 2,South,3,2,44
2,5,14,2,5740.858,1 2,South,3,2,44
2,5,14,1,5741.512,1 2,East,3,2,44
2,5,14,2,5742.093,1 2,East,3,2,45
2,5,14,1,5743.373,1 2,North,3,2,45
2,5,14,2,5743.989,0 2,North,3,2,45
2,5,14,2,5744.597,0 2,North,3,2,45
2,5,14,3,5744.948,0 2,East,3,2,45
2,5,14,2,5745.532,0 2,East,3,2,46
2,5,14,3,5746.122,0 2,South,3,2,46
2,5,14,3,5747.116,0 2,West,3,2,46
2,5,14,1,5747.863,0 2,South,3,2,46
2,5,14,2,5748.615,1 2,South,3,2,46
2,5,14,2,5749.22,2 2,South,3,2,46
2,5,14,1,5750.187,2 2,East,3,2,46
2,5,14,2,5750.905,2 2,East,3,2,47
2,5,14,1,5751.635,2 2,North,3,2,47
2,5,14,2,5752.981,1 2,North,3,2,47
2,5,14,3,5753.524,1 2,East,3,2,47
2,5,14,2,5754.194,1 2,East,3,2,48
2,5,14,3,5754.691,1 2,South,3,2,48
2,5,14,2,5755.351,2 2,South,3,2,48
2,5,14,2,5755.896,2 2,South,3,2,49
2,5,14,3,5756.646,2 2,West,3,2,49
2,5,14,2,5757.29,2 1,West,3,2,49
2,5,14,2,5758.342,2 1,West,3,2,50
2,5,14,3,5758.997,2 1,North,3,2,50
2,5,14,2,5759.589,1 1,North,3,2,50
2,5,14,2,5760.439,1 1,North,3,2,51
2,5,14,3,5761.258,1 1,East,3,2,51
2,5,14,2,5761.961,1 1,East,3,2,52
2,5,14,3,5762.63,1 1,South,3,2,52
2,5,14,2,5763.556,2 1,South,3,2,52
2,5,14,2,5764.394,2 1,South,3,2,53
2,5,14,1,5765.148,2 1,East,3,2,53
2,5,14,2,5765.781,2 2,East,3,2,53
2,5,14,2,5767.001,2 2,East,3,2,54
2,5,14,3,5767.548,2 2,South,3,2,54
2,5,14,2,5768.195,2 2,South,3,2,55
2,5,14,1,5769.05,2 2,East,3,2,55
2,5,14,1,5770.035,2 2,North,3,2,55
2,5,14,2,5770.709,1 2,North,3,2,55
2,5,14,3,5771.32,1 2,East,3,2,55
2,5,14,2,5772.055,1 2,East,3,2,56
2,5,14,1,5773.144,1 2,North,3,2,56
2,5,14,2,5773.883,0 2,North,3,2,56
2,5,14,3,5774.485,0 2,East,3,2,56
2,5,14,2,5775.194,0 2,East,3,2,57
2,5,14,3,5775.961,0 2,South,3,2,57
2,5,14,2,5777.108,1 2,South,3,2,57
2,5,14,2,5777.77,2 2,South,3,2,57
2,5,14,2,5778.403,2 2,South,3,2,58
2,5,14,1,5779.062,2 2,East,3,2,58
2,5,14,2,5779.625,2 2,East,3,2,59
2,5,14,3,5780.154,2 2,South,3,2,59
2,5,14,3,5780.727,2 2,West,3,2,59
2,5,14,2,5781.357,2 1,West,3,2,59
2,5,14,1,5782.665,2 1,South,3,2,59
2,5,14,2,5783.381,2 1,South,3,2,60
2,5,14,3,5783.851,2 1,West,3,2,60
2,5,14,2,5784.534,2 1,West,3,2,61
2,5,14,3,5785.163,2 1,North,3,2,61
2,5,14,2,5785.752,1 1,North,3,2,61
2,5,14,2,5788.356,1 1,North,3,2,62
2,5,14,1,5789.033,1 1,West,3,2,62
2,5,14,2,5789.714,1 0,West,3,2,62
2,5,14,3,5790.724,1 0,North,3,2,62
2,5,14,2,5791.352,1 0,North,3,2,63
2,5,14,1,5791.923,1 0,West,3,2,63
2,5,14,2,5792.693,1 0,West,3,2,63
2,5,14,1,5793.159,1 0,South,3,2,63
2,5,14,2,5793.801,2 0,South,3,2,63
2,5,14,2,5794.453,3 0,South,3,2,63
2,5,14,2,5795.139,3 0,South,3,2,64
2,5,14,1,5795.788,3 0,East,3,2,64
2,5,14,2,5796.506,3 1,East,3,2,64
2,5,14,3,5797.076,3 1,South,3,2,64
2,5,14,2,5797.757,3 1,South,3,2,65
2,5,14,1,5798.326,3 1,East,3,2,65
2,5,14,2,5798.901,3 2,East,3,2,65
2,5,14,3,5799.77,3 2,South,3,2,65
2,5,14,2,5800.42,4 2,South,3,2,65
2,5,14,6,5800.8,4 2,South,3,3,65
2,5,14,1,5801.372,4 2,East,3,3,65
2,5,14,2,5802.698,4 3,East,3,3,65
2,5,14,1,5803.481,4 3,North,3,3,65
2,5,14,2,5804.132,4 3,North,3,3,66
2,5,14,3,5804.618,4 3,East,3,3,66
2,5,14,2,5805.461,4 4,East,3,3,66
2,5,14,1,5806.214,4 4,North,3,3,66
2,5,14,2,5807.092,3 4,North,3,3,66
2,5,14,1,5807.685,3 4,West,3,3,66
2,5,14,2,5808.409,3 3,West,3,3,66
2,5,14,6,5808.82,3 3,West,3,4,66
2,5,14,3,5809.163,3 3,North,3,4,66
2,5,14,1,5812.22,3 3,West,3,4,66
2,5,14,2,5812.853,3 3,West,3,4,67
2,5,14,3,5813.367,3 3,North,3,4,67
2,5,14,2,5813.975,2 3,North,3,4,67
2,5,14,2,5814.584,1 3,North,3,4,67
2,5,14,1,5815.175,1 3,West,3,4,67
2,5,14,2,5816.024,1 3,West,3,4,68
2,5,14,3,5816.5,1 3,North,3,4,68
2,5,14,2,5817.092,0 3,North,3,4,68
2,5,14,1,5817.926,0 3,West,3,4,68
2,5,14,2,5818.547,0 3,West,3,4,69
2,5,14,1,5819.142,0 3,South,3,4,69
2,5,14,3,5820.232,0 3,West,3,4,69
2,5,14,1,5822.997,0 3,South,3,4,69
2,5,14,2,5823.669,1 3,South,3,4,69
2,5,14,3,5824.532,1 3,West,3,4,69
2,5,14,2,5825.22,1 3,West,3,4,70
2,5,14,3,5825.642,1 3,North,3,4,70
2,5,14,2,5826.265,0 3,North,3,4,70
2,5,14,1,5826.778,0 3,West,3,4,70
2,5,14,2,5827.706,0 3,West,3,4,71
2,5,14,1,5828.121,0 3,South,3,4,71
2,5,14,2,5829.036,1 3,South,3,4,71
2,5,14,2,5829.862,2 3,South,3,4,71
2,5,14,3,5830.757,2 3,West,3,4,71
2,5,14,2,5831.432,2 3,West,3,4,72
2,5,14,3,5832.231,2 3,North,3,4,72
2,5,14,2,5833.191,1 3,North,3,4,72
2,5,14,1,5833.796,1 3,West,3,4,72
2,5,14,2,5834.484,1 3,West,3,4,73
2,5,14,1,5834.996,1 3,South,3,4,73
2,5,14,2,5835.7,2 3,South,3,4,73
2,5,14,2,5836.232,3 3,South,3,4,73
2,5,14,3,5837.037,3 3,West,3,4,73
2,5,14,2,5837.685,3 3,West,3,4,74
2,5,14,1,5838.264,3 3,South,3,4,74
2,5,14,2,5838.907,3 3,South,3,4,75
2,5,14,2,5839.492,3 3,South,3,4,76
2,5,14,1,5839.909,3 3,East,3,4,76
2,5,14,2,5840.581,3 4,East,3,4,76
2,5,14,3,5841.21,3 4,South,3,4,76
2,5,14,2,5842.037,4 4,South,3,4,76
2,5,14,2,5842.997,4 4,South,3,4,76
2,5,14,3,5843.708,4 4,West,3,4,76
2,5,14,2,5844.746,4 3,West,3,4,76
2,5,14,2,5845.56,4 2,West,3,4,76
2,5,14,3,5846.328,4 2,North,3,4,76
2,5,14,2,5847.333,3 2,North,3,4,76
2,5,14,1,5848.581,3 2,West,3,4,76
2,5,14,2,5849.427,3 1,West,3,4,76
2,5,14,3,5850.23,3 1,North,3,4,76
2,5,14,2,5850.948,3 1,North,3,4,77
2,5,14,1,5851.604,3 1,West,3,4,77
2,5,14,2,5852.343,3 0,West,3,4,77
2,5,14,3,5853.002,3 0,North,3,4,77
2,5,14,2,5853.754,2 0,North,3,4,77
2,5,14,3,5854.408,2 0,East,3,4,77
2,5,14,1,5855.587,2 0,North,3,4,77
2,5,14,2,5856.329,1 0,North,3,4,77
2,5,14,3,5857.221,1 0,East,3,4,77
2,5,14,2,5858.024,1 1,East,3,4,77
2,5,14,1,5858.708,1 1,North,3,4,77
2,5,14,2,5859.379,1 1,North,3,4,78
2,5,14,1,5860.025,1 1,West,3,4,78
2,5,14,2,5860.633,1 0,West,3,4,78
2,5,14,3,5861.479,1 0,North,3,4,78
2,5,14,2,5862.165,1 0,North,3,4,79
2,5,14,3,5862.678,1 0,East,3,4,79
2,5,14,2,5863.674,1 1,East,3,4,79
2,5,14,2,5864.343,1 1,East,3,4,80
2,5,14,3,5864.982,1 1,South,3,4,80
2,5,14,2,5865.768,2 1,South,3,4,80
2,5,14,1,5866.293,2 1,East,3,4,80
2,5,14,2,5866.853,2 2,East,3,4,80
2,5,14,1,5867.416,2 2,North,3,4,80
2,5,14,2,5867.942,1 2,North,3,4,80
2,5,14,2,5868.534,0 2,North,3,4,80
2,5,14,1,5869.097,0 2,West,3,4,80
2,5,14,2,5869.684,0 1,West,3,4,80
2,5,14,6,5870.1,0 1,West,3,5,80
2,5,14,1,5871.22,0 1,South,3,5,80
2,5,14,1,5872.041,0 1,East,3,5,80
2,5,14,1,5876.696,0 1,North,3,5,80
2,5,14,3,5877.339,0 1,East,3,5,80
2,5,14,2,5877.996,0 2,East,3,5,80
2,5,14,2,5878.756,0 2,East,3,5,81
2,5,14,3,5879.238,0 2,South,3,5,81
2,5,14,2,5879.847,1 2,South,3,5,81
2,5,14,1,5880.407,1 2,East,3,5,81
2,5,14,2,5881.015,1 2,East,3,5,82
2,5,14,3,5881.531,1 2,South,3,5,82
2,5,14,2,5882.613,2 2,South,3,5,82
2,5,14,1,5883.299,2 2,East,3,5,82
2,5,14,2,5884.185,2 2,East,3,5,83
2,5,14,3,5884.742,2 2,South,3,5,83
2,5,14,2,5885.606,2 2,South,3,5,84
2,5,14,3,5886.211,2 2,West,3,5,84
2,5,14,2,5886.821,2 1,West,3,5,84
2,5,14,1,5887.529,2 1,South,3,5,84
2,5,14,2,5888.216,2 1,South,3,5,85
2,5,14,3,5888.723,2 1,West,3,5,85
2,5,14,2,5889.445,2 1,West,3,5,86
2,5,14,3,5890.083,2 1,North,3,5,86
2,5,14,2,5891.047,1 1,North,3,5,86
2,5,14,2,5892.425,1 1,North,3,5,87
2,5,14,1,5893.002,1 1,West,3,5,87
2,5,14,2,5893.668,1 0,West,3,5,87
2,5,14,1,5894.468,1 0,South,3,5,87
2,5,14,3,5896.154,1 0,West,3,5,87
2,5,14,2,5896.708,1 0,West,3,5,87
2,5,14,1,5897.126,1 0,South,3,5,87
2,5,14,2,5899.14,2 0,South,3,5,87
2,5,14,2,5901.989,3 0,South,3,5,87
2,5,14,1,5902.79,3 0,East,3,5,87
2,5,14,2,5908.645,3 1,East,3,5,87
2,5,14,3,5909.271,3 1,South,3,5,87
2,5,14,2,5909.945,3 1,South,3,5,88
2,5,14,1,5910.518,3 1,East,3,5,88
2,5,14,2,5911.066,3 2,East,3,5,88
2,5,14,3,5911.589,3 2,South,3,5,88
2,5,14,2,5912.137,4 2,South,3,5,88
2,5,14,1,5912.971,4 2,East,3,5,88
2,5,14,2,5913.715,4 3,East,3,5,88
2,5,14,2,5914.345,4 4,East,3,5,88
2,5,14,1,5915.193,4 4,North,3,5,88
2,5,14,2,5916.201,3 4,North,3,5,88
2,5,14,2,5918.01,3 4,North,3,5,89
2,5,14,1,5918.454,3 4,West,3,5,89
2,5,14,2,5919.272,3 3,West,3,5,89
2,5,14,3,5919.956,3 3,North,3,5,89
2,5,14,2,5921.275,2 3,North,3,5,89
2,5,14,2,5922.246,1 3,North,3,5,89
2,5,14,2,5922.888,0 3,North,3,5,89
2,5,14,3,5923.497,0 3,East,3,5,89
2,5,14,2,5924.147,0 4,East,3,5,89
2,5,14,3,5924.761,0 4,South,3,5,89
2,5,14,2,5925.386,1 4,South,3,5,89
2,5,14,6,5925.76,1 4,South,3,6,89
2,5,14,3,5928.501,1 4,West,3,6,89
2,5,14,2,5929.276,1 4,West,3,6,90
2,5,14,1,5929.735,1 4,South,3,6,90
2,5,14,2,5930.307,2 4,South,3,6,90
2,5,14,3,5931.235,2 4,West,3,6,90
2,5,14,2,5931.911,2 4,West,3,6,91
2,5,14,3,5932.532,2 4,North,3,6,91
2,5,14,2,5933.482,1 4,North,3,6,91
2,5,14,2,5934.332,0 4,North,3,6,91
2,5,14,1,5935.034,0 4,West,3,6,91
2,5,14,2,5935.685,0 3,West,3,6,91
2,5,14,1,5936.295,0 3,South,3,6,91
2,5,14,2,5936.916,1 3,South,3,6,91
2,5,14,2,5937.516,2 3,South,3,6,91
2,5,14,6,5937.88,2 3,South,3,7,91
2,5,14,3,5938.891,2 3,West,3,7,91
2,5,14,3,5939.611,2 3,North,3,7,91
2,5,14,2,5940.678,1 3,North,3,7,91
2,5,14,6,5941.06,1 3,North,3,8,91
0,5,15,2,5948.409,3 4,North,3,0,91
0,5,15,1,5949.22,3 4,West,3,0,91
0,5,15,2,5950.918,3 3,West,3,0,91
0,5,15,3,5951.763,3 3,North,3,0,91
0,5,15,2,5952.632,2 3,North,3,0,91
0,5,15,2,5953.173,1 3,North,3,0,91
0,5,15,2,5953.685,0 3,North,3,0,91
0,5,15,3,5954.563,0 3,East,3,0,91
0,5,15,2,5955.239,0 4,East,3,0,91
0,5,15,3,5955.784,0 4,South,3,0,91
0,5,15,3,5956.535,0 4,West,3,0,91
0,5,15,2,5957.479,0 3,West,3,0,91
0,5,15,1,5958.122,0 3,South,3,0,91
0,5,15,2,5958.635,1 3,South,3,0,91
0,5,15,2,5959.492,2 3,South,3,0,91
0,5,15,2,5960.355,3 3,South,3,0,91
0,5,15,1,5960.954,3 3,East,3,0,91
0,5,15,2,5961.689,3 4,East,3,0,91
0,5,15,3,5962.263,3 4,South,3,0,91
0,5,15,2,5962.811,4 4,South,3,0,91
0,5,15,3,5963.331,4 4,West,3,0,91
0,5,15,3,5964.294,4 4,North,3,0,91
0,5,15,1,5964.909,4 4,West,3,0,91
0,5,15,2,5965.513,4 3,West,3,0,91
0,5,15,2,5966.155,4 2,West,3,0,91
0,5,15,3,5967.636,4 2,North,3,0,91
0,5,15,2,5968.469,3 2,North,3,0,91
0,5,15,1,5969.163,3 2,West,3,0,91
0,5,15,2,5970.231,3 1,West,3,0,91
0,5,15,2,5970.952,3 0,West,3,0,91
0,5,15,3,5971.657,3 0,North,3,0,91
0,5,15,2,5972.346,2 0,North,3,0,91
0,5,15,2,5973,1 0,North,3,0,91
0,5,15,3,5973.625,1 0,East,3,0,91
0,5,15,2,5974.245,1 1,East,3,0,91
0,5,15,3,5974.757,1 1,South,3,0,91
0,5,15,2,5975.402,2 1,South,3,0,91
0,5,15,1,5976.057,2 1,East,3,0,91
0,5,15,2,5977.176,2 2,East,3,0,91
0,5,15,1,5978.12,2 2,North,3,0,91
0,5,15,2,5978.809,1 2,North,3,0,91
0,5,15,2,5979.338,0 2,North,3,0,91
0,5,15,1,5980.151,0 2,West,3,0,91
0,5,15,1,5981.146,0 2,South,3,0,91
0,5,15,3,5981.706,0 2,West,3,0,91
0,5,15,2,5982.517,0 1,West,3,0,91
0,5,15,6,5982.92,0 1,West,3,1,91
0,5,15,3,5983.66,0 1,North,3,1,91
0,5,15,3,5984.758,0 1,East,3,1,91
0,5,15,2,5985.495,0 2,East,3,1,91
0,5,15,3,5986.645,0 2,South,3,1,91
0,5,15,2,5987.379,1 2,South,3,1,91
0,5,15,2,5988.375,2 2,South,3,1,91
0,5,15,3,5989.011,2 2,West,3,1,91
0,5,15,2,5989.53,2 1,West,3,1,91
0,5,15,3,5990.297,2 1,North,3,1,91
0,5,15,2,5990.987,1 1,North,3,1,91
0,5,15,1,5991.5,1 1,West,3,1,91
0,5,15,2,5992.037,1 0,West,3,1,91
0,5,15,1,5992.983,1 0,South,3,1,91
0,5,15,2,5993.53,2 0,South,3,1,91
0,5,15,2,5994.117,3 0,South,3,1,91
0,5,15,1,5994.628,3 0,East,3,1,91
0,5,15,2,5995.172,3 1,East,3,1,91
0,5,15,2,5995.781,3 2,East,3,1,91
0,5,15,3,5996.597,3 2,South,3,1,91
0,5,15,2,5997.239,4 2,South,3,1,91
0,5,15,2,5997.834,4 2,South,3,1,91
0,5,15,1,5998.36,4 2,East,3,1,91
0,5,15,1,5999.208,4 2,North,3,1,91
0,5,15,1,6000.17,4 2,West,3,1,91
0,5,15,3,6002.072,4 2,North,3,1,91
0,5,15,3,6002.931,4 2,East,3,1,91
0,5,15,2,6003.594,4 3,East,3,1,91
0,5,15,2,6004.17,4 4,East,3,1,91
0,5,15,1,6004.915,4 4,North,3,1,91
0,5,15,2,6005.707,3 4,North,3,1,91
0,5,15,1,6006.264,3 4,West,3,1,91
0,5,15,2,6006.842,3 3,West,3,1,91
0,5,15,3,6007.364,3 3,North,3,1,91
0,5,15,2,6007.987,2 3,North,3,1,91
0,5,15,2,6008.985,1 3,North,3,1,91
0,5,15,6,6009.36,1 3,North,3,2,91
0,5,15,2,6009.507,0 3,North,3,2,91
0,5,15,3,6010.275,0 3,East,3,2,91
0,5,15,3,6010.952,0 3,South,3,2,91
0,5,15,2,6011.738,1 3,South,3,2,91
0,5,15,2,6012.852,2 3,South,3,2,91
0,5,15,2,6013.475,3 3,South,3,2,91
0,5,15,1,6014.264,3 3,East,3,2,91
0,5,15,2,6014.916,3 4,East,3,2,91
0,5,15,3,6015.547,3 4,South,3,2,91
0,5,15,2,6016.085,4 4,South,3,2,91
0,5,15,3,6016.7,4 4,West,3,2,91
0,5,15,2,6017.5,4 3,West,3,2,91
0,5,15,2,6018.055,4 2,West,3,2,91
0,5,15,2,6018.629,4 1,West,3,2,91
0,5,15,6,6019.04,4 1,West,3,3,91
0,5,15,2,6020.168,4 0,West,3,3,91
0,5,15,3,6020.794,4 0,North,3,3,91
0,5,15,3,6021.657,4 0,East,3,3,91
0,5,15,2,6022.189,4 1,East,3,3,91
0,5,15,1,6023.066,4 1,North,3,3,91
0,5,15,3,6024.042,4 1,East,3,3,91
0,5,15,2,6024.647,4 2,East,3,3,91
0,5,15,1,6025.205,4 2,North,3,3,91
0,5,15,2,6025.734,3 2,North,3,3,91
0,5,15,1,6026.629,3 2,West,3,3,91
0,5,15,2,6027.621,3 1,West,3,3,91
0,5,15,2,6028.245,3 0,West,3,3,91
0,5,15,3,6029.076,3 0,North,3,3,91
0,5,15,2,6029.734,2 0,North,3,3,91
0,5,15,2,6030.775,1 0,North,3,3,91
0,5,15,3,6031.369,1 0,East,3,3,91
0,5,15,2,6032.013,1 1,East,3,3,91
0,5,15,3,6032.552,1 1,South,3,3,91
0,5,15,2,6033.158,2 1,South,3,3,91
0,5,15,1,6034.211,2 1,East,3,3,91
0,5,15,2,6034.79,2 2,East,3,3,91
0,5,15,1,6035.705,2 2,North,3,3,91
0,5,15,2,6036.313,1 2,North,3,3,91
0,5,15,1,6036.965,1 2,West,3,3,91
0,5,15,3,6037.511,1 2,North,3,3,91
0,5,15,2,6038.069,0 2,North,3,3,91
0,5,15,1,6038.869,0 2,West,3,3,91
0,5,15,2,6039.622,0 1,West,3,3,91
0,5,15,3,6040.188,0 1,North,3,3,91
0,5,15,3,6040.856,0 1,East,3,3,91
0,5,15,2,6041.496,0 2,East,3,3,91
0,5,15,3,6042.071,0 2,South,3,3,91
0,5,15,2,6042.602,1 2,South,3,3,91
0,5,15,2,6043.162,2 2,South,3,3,91
0,5,15,3,6044.007,2 2,West,3,3,91
0,5,15,2,6044.659,2 1,West,3,3,91
0,5,15,3,6045.235,2 1,North,3,3,91
0,5,15,2,6045.846,1 1,North,3,3,91
0,5,15,1,6046.394,1 1,West,3,3,91
0,5,15,2,6046.932,1 0,West,3,3,91
0,5,15,1,6047.83,1 0,South,3,3,91
0,5,15,2,6048.46,2 0,South,3,3,91
0,5,15,2,6049.131,3 0,South,3,3,91
0,5,15,1,6049.718,3 0,East,3,3,91
0,5,15,2,6050.279,3 1,East,3,3,91
0,5,15,2,6050.794,3 2,East,3,3,91
0,5,15,3,6051.315,3 2,South,3,3,91
0,5,15,3,6052.022,3 2,West,3,3,91
0,5,15,1,6052.696,3 2,South,3,3,91
0,5,15,2,6053.223,4 2,South,3,3,91
0,5,15,3,6053.769,4 2,West,3,3,91
0,5,15,3,6054.595,4 2,North,3,3,91
0,5,15,3,6055.114,4 2,East,3,3,91
0,5,15,2,6055.737,4 3,East,3,3,91
0,5,15,2,6056.408,4 4,East,3,3,91
0,5,15,1,6057.188,4 4,North,3,3,91
0,5,15,2,6057.875,3 4,North,3,3,91
0,5,15,1,6058.469,3 4,West,3,3,91
0,5,15,2,6059.11,3 3,West,3,3,91
0,5,15,3,6059.955,3 3,North,3,3,91
0,5,15,2,6060.597,2 3,North,3,3,91
0,5,15,6,6060.98,2 3,North,3,4,91
0,5,15,2,6061.444,1 3,North,3,4,91
0,5,15,2,6062.265,0 3,North,3,4,91
0,5,15,3,6062.98,0 3,East,3,4,91
0,5,15,3,6063.676,0 3,South,3,4,91
0,5,15,2,6064.524,1 3,South,3,4,91
0,5,15,2,6065.093,2 3,South,3,4,91
0,5,15,1,6065.859,2 3,East,3,4,91
0,5,15,3,6066.377,2 3,South,3,4,91
0,5,15,2,6066.905,3 3,South,3,4,91
0,5,15,1,6067.686,3 3,East,3,4,91
0,5,15,2,6068.665,3 4,East,3,4,91
0,5,15,3,6069.508,3 4,South,3,4,91
0,5,15,2,6070.051,4 4,South,3,4,91
0,5,15,2,6070.678,4 4,South,3,4,91
0,5,15,3,6071.158,4 4,West,3,4,91
0,5,15,3,6071.881,4 4,North,3,4,91
0,5,15,1,6072.981,4 4,West,3,4,91
0,5,15,2,6073.704,4 3,West,3,4,91
0,5,15,2,6074.667,4 2,West,3,4,91
0,5,15,3,6075.332,4 2,North,3,4,91
0,5,15,2,6076.268,3 2,North,3,4,91
0,5,15,1,6076.883,3 2,West,3,4,91
0,5,15,2,6077.785,3 1,West,3,4,91
0,5,15,2,6078.454,3 0,West,3,4,91
0,5,15,3,6079.112,3 0,North,3,4,91
0,5,15,2,6079.837,2 0,North,3,4,91
0,5,15,2,6080.488,1 0,North,3,4,91
0,5,15,3,6081.143,1 0,East,3,4,91
0,5,15,2,6081.719,1 1,East,3,4,91
0,5,15,6,6082.12,1 1,East,3,5,91
0,5,15,3,6082.373,1 1,South,3,5,91
0,5,15,2,6082.995,2 1,South,3,5,91
0,5,15,1,6083.96,2 1,East,3,5,91
0,5,15,2,6084.474,2 2,East,3,5,91
0,5,15,1,6085.4,2 2,North,3,5,91
0,5,15,2,6085.93,1 2,North,3,5,91
0,5,15,2,6086.629,0 2,North,3,5,91
0,5,15,1,6087.531,0 2,West,3,5,91
0,5,15,3,6088.596,0 2,North,3,5,91
0,5,15,3,6089.337,0 2,East,3,5,91
0,5,15,3,6090.23,0 2,South,3,5,91
0,5,15,2,6090.781,1 2,South,3,5,91
0,5,15,2,6091.433,2 2,South,3,5,91
0,5,15,3,6092.313,2 2,West,3,5,91
0,5,15,2,6092.954,2 1,West,3,5,91
0,5,15,3,6093.799,2 1,North,3,5,91
0,5,15,2,6094.46,1 1,North,3,5,91
0,5,15,1,6095.13,1 1,West,3,5,91
0,5,15,2,6095.733,1 0,West,3,5,91
0,5,15,1,6096.355,1 0,South,3,5,91
0,5,15,2,6096.985,2 0,South,3,5,91
0,5,15,2,6097.653,3 0,South,3,5,91
0,5,15,1,6098.487,3 0,East,3,5,91
0,5,15,2,6099.14,3 1,East,3,5,91
0,5,15,2,6099.718,3 2,East,3,5,91
0,5,15,3,6100.515,3 2,South,3,5,91
0,5,15,2,6101.221,4 2,South,3,5,91
0,5,15,2,6101.82,4 2,South,3,5,91
0,5,15,2,6102.325,4 2,South,3,5,91
0,5,15,3,6102.471,4 2,West,3,5,91
0,5,15,3,6103.143,4 2,North,3,5,91
0,5,15,3,6103.975,4 2,East,3,5,91
0,5,15,2,6104.789,4 3,East,3,5,91
0,5,15,2,6105.547,4 4,East,3,5,91
0,5,15,1,6106.373,4 4,North,3,5,91
0,5,15,1,6107.332,4 4,West,3,5,91
0,5,15,2,6108.022,4 3,West,3,5,91
0,5,15,2,6108.614,4 2,West,3,5,91
0,5,15,2,6109.4,4 1,West,3,5,91
0,5,15,3,6110.021,4 1,North,3,5,91
0,5,15,3,6111.047,4 1,East,3,5,91
0,5,15,2,6111.707,4 2,East,3,5,91
0,5,15,2,6112.728,4 3,East,3,5,91
0,5,15,2,6113.896,4 4,East,3,5,91
0,5,15,1,6114.885,4 4,North,3,5,91
0,5,15,2,6115.717,3 4,North,3,5,91
0,5,15,1,6116.3,3 4,West,3,5,91
0,5,15,2,6116.971,3 3,West,3,5,91
0,5,15,3,6117.769,3 3,North,3,5,91
0,5,15,2,6118.377,2 3,North,3,5,91
0,5,15,2,6118.954,1 3,North,3,5,91
0,5,15,2,6119.795,0 3,North,3,5,91
0,5,15,3,6120.359,0 3,East,3,5,91
0,5,15,2,6121.258,0 4,East,3,5,91
0,5,15,3,6122.104,0 4,South,3,5,91
0,5,15,2,6122.922,1 4,South,3,5,91
0,5,15,2,6123.479,2 4,South,3,5,91
0,5,15,6,6123.86,2 4,South,3,6,91
0,5,15,3,6124.455,2 4,West,3,6,91
0,5,15,3,6124.965,2 4,North,3,6,91
0,5,15,2,6125.608,1 4,North,3,6,91
0,5,15,2,6126.199,0 4,North,3,6,91
0,5,15,1,6127.061,0 4,West,3,6,91
0,5,15,2,6127.865,0 3,West,3,6,91
0,5,15,6,6128.28,0 3,West,3,7,91
0,5,15,1,6128.614,0 3,South,3,7,91
0,5,15,2,6129.161,1 3,South,3,7,91
0,5,15,1,6129.882,1 3,East,3,7,91
0,5,15,1,6130.843,1 3,North,3,7,91
0,5,15,2,6131.387,0 3,North,3,7,91
0,5,15,3,6132.229,0 3,East,3,7,91
0,5,15,2,6132.794,0 4,East,3,7,91
0,5,15,3,6133.558,0 4,South,3,7,91
0,5,15,2,6134.217,1 4,South,3,7,91
0,5,15,6,6134.6,1 4,South,3,8,91
2,5,15,2,6140.838,3 4,North,3,0,0
2,5,15,1,6141.576,3 4,West,3,0,0
2,5,15,2,6142.252,3 3,West,3,0,0
2,5,15,3,6142.872,3 3,North,3,0,0
2,5,15,2,6143.562,2 3,North,3,0,0
2,5,15,6,6143.94,2 3,North,3,1,0
2,5,15,3,6151.05,2 3,East,3,1,0
2,5,15,3,6151.737,2 3,South,3,1,0
2,5,15,2,6152.323,3 3,South,3,1,0
2,5,15,1,6152.869,3 3,East,3,1,0
2,5,15,2,6153.399,3 4,East,3,1,0
2,5,15,3,6153.924,3 4,South,3,1,0
2,5,15,2,6154.486,4 4,South,3,1,0
2,5,15,2,6155.032,4 4,South,3,1,0
2,5,15,1,6155.432,4 4,East,3,1,0
2,5,15,1,6156.421,4 4,North,3,1,0
2,5,15,1,6156.981,4 4,West,3,1,0
2,5,15,2,6157.974,4 3,West,3,1,0
2,5,15,2,6158.588,4 2,West,3,1,0
2,5,15,3,6159.412,4 2,North,3,1,0
2,5,15,2,6160.185,3 2,North,3,1,0
2,5,15,1,6160.835,3 2,West,3,1,0
2,5,15,2,6161.54,3 1,West,3,1,0
2,5,15,3,6162.248,3 1,North,3,1,0
2,5,15,2,6163.732,3 1,North,3,1,1
2,5,15,1,6165.158,3 1,West,3,1,1
2,5,15,2,6165.78,3 0,West,3,1,1
2,5,15,3,6166.296,3 0,North,3,1,1
2,5,15,2,6167.082,2 0,North,3,1,1
2,5,15,3,6168.36,2 0,East,3,1,1
2,5,15,2,6169.052,2 0,East,3,1,2
2,5,15,1,6169.72,2 0,North,3,1,2
2,5,15,2,6170.356,1 0,North,3,1,2
2,5,15,3,6171.146,1 0,East,3,1,2
2,5,15,2,6171.768,1 1,East,3,1,2
2,5,15,1,6172.375,1 1,North,3,1,2
2,5,15,2,6173,1 1,North,3,1,3
2,5,15,1,6173.587,1 1,West,3,1,3
2,5,15,2,6174.249,1 0,West,3,1,3
2,5,15,3,6174.821,1 0,North,3,1,3
2,5,15,2,6175.398,1 0,North,3,1,4
2,5,15,3,6175.948,1 0,East,3,1,4
2,5,15,2,6176.827,1 1,East,3,1,4
2,5,15,2,6177.556,1 1,East,3,1,5
2,5,15,1,6178.152,1 1,North,3,1,5
2,5,15,2,6178.712,1 1,North,3,1,6
2,5,15,3,6179.21,1 1,East,3,1,6
2,5,15,3,6179.835,1 1,South,3,1,6
2,5,15,2,6180.554,2 1,South,3,1,6
2,5,15,1,6181.4,2 1,East,3,1,6
2,5,15,2,6182.056,2 2,East,3,1,6
2,5,15,1,6182.838,2 2,North,3,1,6
2,5,15,2,6183.542,1 2,North,3,1,6
2,5,15,2,6184.217,0 2,North,3,1,6
2,5,15,1,6184.807,0 2,West,3,1,6
2,5,15,2,6185.382,0 1,West,3,1,6
2,5,15,6,6185.8,0 1,West,3,2,6
2,5,15,1,6186.404,0 1,South,3,2,6
2,5,15,1,6187.014,0 1,East,3,2,6
2,5,15,1,6190.716,0 1,North,3,2,6
2,5,15,3,6191.384,0 1,East,3,2,6
2,5,15,2,6192.044,0 2,East,3,2,6
2,5,15,2,6192.599,0 2,East,3,2,7
2,5,15,3,6193.133,0 2,South,3,2,7
2,5,15,3,6193.656,0 2,West,3,2,7
2,5,15,2,6194.324,0 1,West,3,2,7
2,5,15,2,6194.885,0 0,West,3,2,7
2,5,15,1,6195.829,0 0,South,3,2,7
2,5,15,2,6196.454,0 0,South,3,2,8
2,5,15,1,6197.059,0 0,East,3,2,8
2,5,15,2,6197.594,0 1,East,3,2,8
2,5,15,3,6198.505,0 1,South,3,2,8
2,5,15,2,6199.141,0 1,South,3,2,9
2,5,15,1,6199.853,0 1,East,3,2,9
2,5,15,2,6200.596,0 2,East,3,2,9
2,5,15,3,6201.43,0 2,South,3,2,9
2,5,15,2,6202.106,1 2,South,3,2,9
2,5,15,3,6202.874,1 2,West,3,2,9
2,5,15,2,6203.499,1 2,West,3,2,10
2,5,15,1,6204.088,1 2,South,3,2,10
2,5,15,2,6204.714,2 2,South,3,2,10
2,5,15,3,6205.306,2 2,West,3,2,10
2,5,15,2,6205.927,2 1,West,3,2,10
2,5,15,1,6206.491,2 1,South,3,2,10
2,5,15,2,6207.016,2 1,South,3,2,11
2,5,15,3,6208.71,2 1,West,3,2,11
2,5,15,3,6209.352,2 1,North,3,2,11
2,5,15,1,6209.965,2 1,West,3,2,11
2,5,15,2,6210.551,2 1,West,3,2,12
2,5,15,1,6211.179,2 1,South,3,2,12
2,5,15,2,6211.819,2 1,South,3,2,13
2,5,15,1,6212.282,2 1,East,3,2,13
2,5,15,2,6212.874,2 2,East,3,2,13
2,5,15,3,6213.589,2 2,South,3,2,13
2,5,15,1,6214.187,2 2,East,3,2,13
2,5,15,2,6214.883,2 2,East,3,2,14
2,5,15,1,6215.499,2 2,North,3,2,14
2,5,15,2,6216.069,1 2,North,3,2,14
2,5,15,3,6216.662,1 2,East,3,2,14
2,5,15,2,6217.35,1 2,East,3,2,15
2,5,15,1,6217.913,1 2,North,3,2,15
2,5,15,2,6218.522,0 2,North,3,2,15
2,5,15,3,6219.483,0 2,East,3,2,15
2,5,15,2,6220.102,0 2,East,3,2,16
2,5,15,3,6220.586,0 2,South,3,2,16
2,5,15,2,6221.558,1 2,South,3,2,16
2,5,15,2,6222.212,2 2,South,3,2,16
2,5,15,2,6222.82,2 2,South,3,2,17
2,5,15,3,6223.381,2 2,West,3,2,17
2,5,15,2,6224.003,2 1,West,3,2,17
2,5,15,1,6224.584,2 1,South,3,2,17
2,5,15,2,6225.228,2 1,South,3,2,18
2,5,15,3,6225.708,2 1,West,3,2,18
2,5,15,2,6226.313,2 1,West,3,2,19
2,5,15,3,6227.228,2 1,North,3,2,19
2,5,15,2,6227.849,1 1,North,3,2,19
2,5,15,1,6228.426,1 1,West,3,2,19
2,5,15,2,6229.06,1 0,West,3,2,19
2,5,15,2,6229.672,1 0,West,3,2,19
2,5,15,1,6230.101,1 0,South,3,2,19
2,5,15,2,6230.964,2 0,South,3,2,19
2,5,15,2,6231.763,3 0,South,3,2,19
2,5,15,2,6232.709,3 0,South,3,2,20
2,5,15,1,6233.164,3 0,East,3,2,20
2,5,15,2,6233.771,3 1,East,3,2,20
2,5,15,3,6234.581,3 1,South,3,2,20
2,5,15,2,6235.242,3 1,South,3,2,21
2,5,15,1,6235.833,3 1,East,3,2,21
2,5,15,2,6236.373,3 2,East,3,2,21
2,5,15,3,6237.252,3 2,South,3,2,21
2,5,15,2,6237.831,4 2,South,3,2,21
2,5,15,1,6238.774,4 2,East,3,2,21
2,5,15,2,6239.667,4 3,East,3,2,21
2,5,15,2,6240.236,4 4,East,3,2,21
2,5,15,1,6241.127,4 4,North,3,2,21
2,5,15,2,6243.72,3 4,North,3,2,21
2,5,15,1,6244.342,3 4,West,3,2,21
2,5,15,2,6245.017,3 3,West,3,2,21
2,5,15,3,6245.79,3 3,North,3,2,21
2,5,15,2,6246.443,2 3,North,3,2,21
2,5,15,2,6247.045,1 3,North,3,2,21
2,5,15,6,6247.42,1 3,North,3,3,21
2,5,15,1,6247.861,1 3,West,3,3,21
2,5,15,1,6248.899,1 3,South,3,3,21
2,5,15,2,6250.364,2 3,South,3,3,21
2,5,15,1,6251.109,2 3,East,3,3,21
2,5,15,2,6251.732,2 3,East,3,3,22
2,5,15,3,6252.342,2 3,South,3,3,22
2,5,15,2,6252.889,3 3,South,3,3,22
2,5,15,1,6253.835,3 3,East,3,3,22
2,5,15,2,6254.451,3 4,East,3,3,22
2,5,15,3,6254.995,3 4,South,3,3,22
2,5,15,2,6255.547,4 4,South,3,3,22
2,5,15,3,6256.297,4 4,West,3,3,22
2,5,15,2,6257.29,4 3,West,3,3,22
2,5,15,2,6258.088,4 2,West,3,3,22
2,5,15,2,6258.662,4 1,West,3,3,22
2,5,15,6,6259.08,4 1,West,3,4,22
2,5,15,3,6261.059,4 1,North,3,4,22
2,5,15,3,6261.834,4 1,East,3,4,22
2,5,15,2,6262.741,4 2,East,3,4,22
2,5,15,2,6263.444,4 3,East,3,4,22
2,5,15,2,6264.074,4 4,East,3,4,22
2,5,15,1,6264.661,4 4,North,3,4,22
2,5,15,2,6265.574,3 4,North,3,4,22
2,5,15,1,6266.618,3 4,West,3,4,22
2,5,15,2,6267.372,3 3,West,3,4,22
2,5,15,3,6268.326,3 3,North,3,4,22
2,5,15,2,6269.028,2 3,North,3,4,22
2,5,15,3,6269.883,2 3,East,3,4,22
2,5,15,2,6270.519,2 3,East,3,4,23
2,5,15,3,6271.575,2 3,South,3,4,23
2,5,15,2,6272.168,3 3,South,3,4,23
2,5,15,1,6273.043,3 3,East,3,4,23
2,5,15,2,6273.675,3 4,East,3,4,23
2,5,15,1,6274.323,3 4,North,3,4,23
2,5,15,2,6274.931,3 4,North,3,4,24
2,5,15,1,6275.606,3 4,West,3,4,24
2,5,15,2,6276.236,3 3,West,3,4,24
2,5,15,3,6277.108,3 3,North,3,4,24
2,5,15,2,6277.833,2 3,North,3,4,24
2,5,15,2,6278.355,1 3,North,3,4,24
2,5,15,2,6279.188,0 3,North,3,4,24
2,5,15,2,6279.869,0 3,North,3,4,24
2,5,15,3,6280.15,0 3,East,3,4,24
2,5,15,2,6280.788,0 4,East,3,4,24
2,5,15,3,6281.492,0 4,South,3,4,24
2,5,15,2,6282.042,1 4,South,3,4,24
2,5,15,2,6282.762,2 4,South,3,4,24
2,5,15,6,6283.14,2 4,South,3,5,24
2,5,15,1,6283.652,2 4,East,3,5,24
2,5,15,1,6284.212,2 4,North,3,5,24
2,5,15,1,6285.46,2 4,West,3,5,24
2,5,15,3,6287.397,2 4,North,3,5,24
2,5,15,1,6288.029,2 4,West,3,5,24
2,5,15,3,6289.16,2 4,North,3,5,24
2,5,15,2,6289.781,1 4,North,3,5,24
2,5,15,2,6290.42,0 4,North,3,5,24
2,5,15,1,6291.077,0 4,West,3,5,24
2,5,15,2,6291.701,0 3,West,3,5,24
2,5,15,1,6292.519,0 3,South,3,5,24
2,5,15,2,6293.222,1 3,South,3,5,24
2,5,15,2,6293.815,2 3,South,3,5,24
2,5,15,2,6294.389,3 3,South,3,5,24
2,5,15,2,6295.271,3 3,South,3,5,25
2,5,15,1,6295.782,3 3,East,3,5,25
2,5,15,2,6296.292,3 4,East,3,5,25
2,5,15,3,6296.922,3 4,South,3,5,25
2,5,15,2,6297.657,4 4,South,3,5,25
2,5,15,3,6298.501,4 4,West,3,5,25
2,5,15,1,6299.604,4 4,South,3,5,25
2,5,15,3,6300.295,4 4,West,3,5,25
2,5,15,2,6300.842,4 3,West,3,5,25
2,5,15,2,6301.429,4 2,West,3,5,25
2,5,15,3,6302.004,4 2,North,3,5,25
2,5,15,2,6302.604,3 2,North,3,5,25
2,5,15,6,6302.98,3 2,North,3,6,25
2,5,15,1,6304.762,3 2,West,3,6,25
2,5,15,1,6305.846,3 2,South,3,6,25
2,5,15,2,6306.661,4 2,South,3,6,25
2,5,15,1,6307.448,4 2,East,3,6,25
2,5,15,2,6308.057,4 3,East,3,6,25
2,5,15,2,6309,4 4,East,3,6,25
2,5,15,2,6309.703,4 4,East,3,6,25
2,5,15,1,6310.099,4 4,North,3,6,25
2,5,15,2,6311.559,3 4,North,3,6,25
2,5,15,1,6312.277,3 4,West,3,6,25
2,5,15,2,6312.893,3 3,West,3,6,25
2,5,15,3,6313.701,3 3,North,3,6,25
2,5,15,2,6314.346,2 3,North,3,6,25
2,5,15,2,6315.308,1 3,North,3,6,25
2,5,15,2,6315.939,0 3,North,3,6,25
2,5,15,6,6316.32,0 3,North,3,7,25
2,5,15,3,6317.043,0 3,East,3,7,25
2,5,15,3,6317.643,0 3,South,3,7,25
2,5,15,3,6318.266,0 3,West,3,7,25
2,5,15,1,6319.207,0 3,South,3,7,25
2,5,15,2,6319.929,1 3,South,3,7,25
2,5,15,2,6321.354,2 3,South,3,7,25
2,5,15,1,6322.211,2 3,East,3,7,25
2,5,15,2,6322.875,2 3,East,3,7,26
2,5,15,3,6323.462,2 3,South,3,7,26
2,5,15,2,6324.09,3 3,South,3,7,26
2,5,15,1,6324.715,3 3,East,3,7,26
2,5,15,2,6325.429,3 4,East,3,7,26
2,5,15,3,6326.118,3 4,South,3,7,26
2,5,15,2,6326.699,4 4,South,3,7,26
2,5,15,2,6327.302,4 4,South,3,7,26
2,5,15,2,6327.781,4 4,South,3,7,26
2,5,15,3,6328.327,4 4,West,3,7,26
2,5,15,2,6329.096,4 3,West,3,7,26
2,5,15,2,6329.643,4 2,West,3,7,26
2,5,15,2,6330.392,4 1,West,3,7,26
2,5,15,2,6331.162,4 0,West,3,7,26
2,5,15,6,6331.58,4 0,West,3,8,26
0,6,16,2,6337.835,3 4,North,3,0,26
0,6,16,1,6338.442,3 4,West,3,0,26
0,6,16,2,6339.028,3 3,West,3,0,26
0,6,16,6,6339.44,3 3,West,3,1,26
0,6,16,3,6339.705,3 3,North,3,1,26
0,6,16,2,6340.408,2 3,North,3,1,26
0,6,16,2,6340.933,1 3,North,3,1,26
0,6,16,3,6341.86,1 3,East,3,1,26
0,6,16,3,6342.472,1 3,South,3,1,26
0,6,16,2,6343.085,2 3,South,3,1,26
0,6,16,2,6344.025,3 3,South,3,1,26
0,6,16,1,6344.62,3 3,East,3,1,26
0,6,16,2,6345.253,3 4,East,3,1,26
0,6,16,3,6346.104,3 4,South,3,1,26
0,6,16,2,6346.631,4 4,South,3,1,26
0,6,16,3,6347.451,4 4,West,3,1,26
0,6,16,2,6348.147,4 3,West,3,1,26
0,6,16,3,6349.112,4 3,North,3,1,26
0,6,16,1,6349.732,4 3,West,3,1,26
0,6,16,2,6350.26,4 2,West,3,1,26
0,6,16,3,6351.091,4 2,North,3,1,26
0,6,16,2,6352.028,3 2,North,3,1,26
0,6,16,1,6352.661,3 2,West,3,1,26
0,6,16,2,6354.537,3 1,West,3,1,26
0,6,16,2,6355.124,3 0,West,3,1,26
0,6,16,3,6355.737,3 0,North,3,1,26
0,6,16,2,6356.821,2 0,North,3,1,26
0,6,16,2,6357.333,1 0,North,3,1,26
0,6,16,3,6358.106,1 0,East,3,1,26
0,6,16,3,6358.916,1 0,South,3,1,26
0,6,16,1,6359.539,1 0,East,3,1,26
0,6,16,2,6360.069,1 1,East,3,1,26
0,6,16,3,6360.774,1 1,South,3,1,26
0,6,16,2,6361.352,2 1,South,3,1,26
0,6,16,1,6361.862,2 1,East,3,1,26
0,6,16,2,6362.411,2 2,East,3,1,26
0,6,16,6,6362.82,2 2,East,3,2,26
0,6,16,1,6363.109,2 2,North,3,2,26
0,6,16,2,6363.797,1 2,North,3,2,26
0,6,16,2,6364.547,0 2,North,3,2,26
0,6,16,1,6365.175,0 2,West,3,2,26
0,6,16,1,6366.125,0 2,South,3,2,26
0,6,16,2,6366.716,1 2,South,3,2,26
0,6,16,2,6367.608,2 2,South,3,2,26
0,6,16,3,6368.148,2 2,West,3,2,26
0,6,16,2,6368.679,2 1,West,3,2,26
0,6,16,3,6369.189,2 1,North,3,2,26
0,6,16,2,6369.755,1 1,North,3,2,26
0,6,16,1,6370.324,1 1,West,3,2,26
0,6,16,2,6370.887,1 0,West,3,2,26
0,6,16,1,6371.397,1 0,South,3,2,26
0,6,16,2,6372.103,2 0,South,3,2,26
0,6,16,2,6372.681,3 0,South,3,2,26
0,6,16,6,6373.06,3 0,South,3,3,26
0,6,16,1,6373.308,3 0,East,3,3,26
0,6,16,2,6373.988,3 1,East,3,3,26
0,6,16,2,6374.551,3 2,East,3,3,26
0,6,16,3,6375.303,3 2,South,3,3,26
0,6,16,2,6375.99,4 2,South,3,3,26
0,6,16,2,6376.611,4 2,South,3,3,26
0,6,16,1,6377.146,4 2,East,3,3,26
0,6,16,1,6377.796,4 2,North,3,3,26
0,6,16,1,6378.697,4 2,West,3,3,26
0,6,16,3,6379.303,4 2,North,3,3,26
0,6,16,3,6380.301,4 2,East,3,3,26
0,6,16,2,6380.936,4 3,East,3,3,26
0,6,16,2,6381.844,4 4,East,3,3,26
0,6,16,1,6382.363,4 4,North,3,3,26
0,6,16,2,6383.191,3 4,North,3,3,26
0,6,16,1,6384.212,3 4,West,3,3,26
0,6,16,2,6384.892,3 3,West,3,3,26
0,6,16,3,6385.414,3 3,North,3,3,26
0,6,16,2,6386.124,2 3,North,3,3,26
0,6,16,2,6386.762,1 3,North,3,3,26
0,6,16,6,6387.14,1 3,North,3,4,26
0,6,16,2,6387.651,0 3,North,3,4,26
0,6,16,2,6388.188,0 3,North,3,4,26
0,6,16,3,6388.472,0 3,East,3,4,26
0,6,16,2,6389.292,0 4,East,3,4,26
0,6,16,3,6390.395,0 4,South,3,4,26
0,6,16,2,6391.128,1 4,South,3,4,26
0,6,16,2,6391.661,2 4,South,3,4,26
0,6,16,3,6392.36,2 4,West,3,4,26
0,6,16,3,6393.613,2 4,North,3,4,26
0,6,16,2,6394.38,1 4,North,3,4,26
0,6,16,2,6395.181,0 4,North,3,4,26
0,6,16,1,6396.085,0 4,West,3,4,26
0,6,16,2,6396.68,0 3,West,3,4,26
0,6,16,1,6397.334,0 3,South,3,4,26
0,6,16,2,6398.072,1 3,South,3,4,26
0,6,16,2,6398.7,2 3,South,3,4,26
0,6,16,2,6399.288,3 3,South,3,4,26
0,6,16,1,6400.149,3 3,East,3,4,26
0,6,16,2,6400.772,3 4,East,3,4,26
0,6,16,3,6401.541,3 4,South,3,4,26
0,6,16,2,6402.182,4 4,South,3,4,26
0,6,16,3,6402.746,4 4,West,3,4,26
0,6,16,2,6403.494,4 3,West,3,4,26
0,6,16,2,6404.374,4 2,West,3,4,26
0,6,16,2,6405.288,4 1,West,3,4,26
0,6,16,2,6405.799,4 0,West,3,4,26
0,6,16,6,6406.22,4 0,West,3,5,26
0,6,16,2,6407.387,4 0,West,3,5,26
0,6,16,3,6407.734,4 0,North,3,5,26
0,6,16,3,6408.552,4 0,East,3,5,26
0,6,16,2,6409.293,4 1,East,3,5,26
0,6,16,2,6410.308,4 2,East,3,5,26
0,6,16,1,6411.341,4 2,North,3,5,26
0,6,16,2,6411.929,3 2,North,3,5,26
0,6,16,3,6413.018,3 2,East,3,5,26
0,6,16,3,6413.735,3 2,South,3,5,26
0,6,16,2,6414.262,4 2,South,3,5,26
0,6,16,1,6414.778,4 2,East,3,5,26
0,6,16,2,6415.305,4 3,East,3,5,26
0,6,16,2,6416.135,4 4,East,3,5,26
0,6,16,1,6417.034,4 4,North,3,5,26
0,6,16,2,6417.607,3 4,North,3,5,26
0,6,16,6,6418,3 4,North,3,6,26
0,6,16,1,6418.292,3 4,West,3,6,26
0,6,16,2,6418.856,3 3,West,3,6,26
0,6,16,3,6419.604,3 3,North,3,6,26
0,6,16,2,6420.316,2 3,North,3,6,26
0,6,16,2,6421.459,1 3,North,3,6,26
0,6,16,2,6422.407,0 3,North,3,6,26
0,6,16,3,6422.971,0 3,East,3,6,26
0,6,16,3,6423.722,0 3,South,3,6,26
0,6,16,2,6424.711,1 3,South,3,6,26
0,6,16,2,6425.573,2 3,South,3,6,26
0,6,16,2,6426.103,3 3,South,3,6,26
0,6,16,1,6426.949,3 3,East,3,6,26
0,6,16,2,6427.591,3 4,East,3,6,26
0,6,16,3,6428.392,3 4,South,3,6,26
0,6,16,2,6429.237,4 4,South,3,6,26
0,6,16,3,6429.971,4 4,West,3,6,26
0,6,16,2,6430.779,4 3,West,3,6,26
0,6,16,2,6431.397,4 2,West,3,6,26
0,6,16,3,6432.348,4 2,North,3,6,26
0,6,16,2,6432.979,3 2,North,3,6,26
0,6,16,1,6433.605,3 2,West,3,6,26
0,6,16,2,6434.297,3 1,West,3,6,26
0,6,16,2,6434.873,3 0,West,3,6,26
0,6,16,3,6435.834,3 0,North,3,6,26
0,6,16,2,6436.484,2 0,North,3,6,26
0,6,16,2,6437.305,1 0,North,3,6,26
0,6,16,3,6438.267,1 0,East,3,6,26
0,6,16,2,6438.854,1 1,East,3,6,26
0,6,16,3,6439.659,1 1,South,3,6,26
0,6,16,2,6440.281,2 1,South,3,6,26
0,6,16,1,6441.131,2 1,East,3,6,26
0,6,16,2,6441.731,2 2,East,3,6,26
0,6,16,1,6442.261,2 2,North,3,6,26
0,6,16,2,6443.013,1 2,North,3,6,26
0,6,16,1,6443.784,1 2,West,3,6,26
0,6,16,3,6444.376,1 2,North,3,6,26
0,6,16,2,6444.902,0 2,North,3,6,26
0,6,16,1,6445.77,0 2,West,3,6,26
0,6,16,2,6446.411,0 1,West,3,6,26
0,6,16,2,6447.354,0 0,West,3,6,26
0,6,16,6,6447.76,0 0,West,3,7,26
0,6,16,3,6448.211,0 0,North,3,7,26
0,6,16,3,6448.772,0 0,East,3,7,26
0,6,16,2,6449.54,0 1,East,3,7,26
0,6,16,2,6450.275,0 2,East,3,7,26
0,6,16,3,6451.078,0 2,South,3,7,26
0,6,16,2,6451.964,1 2,South,3,7,26
0,6,16,2,6452.477,2 2,South,3,7,26
0,6,16,3,6453.244,2 2,West,3,7,26
0,6,16,2,6453.755,2 1,West,3,7,26
0,6,16,3,6454.539,2 1,North,3,7,26
0,6,16,2,6455.114,1 1,North,3,7,26
0,6,16,1,6455.661,1 1,West,3,7,26
0,6,16,2,6456.18,1 0,West,3,7,26
0,6,16,1,6457.181,1 0,South,3,7,26
0,6,16,2,6457.782,2 0,South,3,7,26
0,6,16,1,6458.585,2 0,East,3,7,26
0,6,16,3,6459.706,2 0,South,3,7,26
0,6,16,2,6460.243,3 0,South,3,7,26
0,6,16,1,6460.826,3 0,East,3,7,26
0,6,16,2,6461.397,3 1,East,3,7,26
0,6,16,2,6462.003,3 2,East,3,7,26
0,6,16,3,6462.761,3 2,South,3,7,26
0,6,16,2,6463.604,4 2,South,3,7,26
0,6,16,6,6463.98,4 2,South,3,8,26
2,6,16,2,6471.079,3 4,North,3,0,0
2,6,16,6,6471.46,3 4,North,3,1,0
2,6,16,2,6471.688,3 4,North,3,1,1
2,6,16,1,6472.842,3 4,West,3,1,1
2,6,16,1,6474.092,3 4,South,3,1,1
2,6,16,2,6474.823,4 4,South,3,1,1
2,6,16,3,6475.413,4 4,West,3,1,1
2,6,16,2,6476.104,4 3,West,3,1,1
2,6,16,2,6476.984,4 2,West,3,1,1
2,6,16,6,6477.4,4 2,West,3,2,1
2,6,16,3,6477.88,4 2,North,3,2,1
2,6,16,3,6478.917,4 2,East,3,2,1
2,6,16,2,6479.768,4 3,East,3,2,1
2,6,16,2,6480.394,4 4,East,3,2,1
2,6,16,1,6481.204,4 4,North,3,2,1
2,6,16,2,6483.285,3 4,North,3,2,1
2,6,16,1,6483.973,3 4,West,3,2,1
2,6,16,2,6484.582,3 3,West,3,2,1
2,6,16,6,6485,3 3,West,3,3,1
2,6,16,3,6485.509,3 3,North,3,3,1
2,6,16,2,6490.632,2 3,North,3,3,1
2,6,16,1,6491.56,2 3,West,3,3,1
2,6,16,2,6492.441,2 3,West,3,3,2
2,6,16,3,6492.887,2 3,North,3,3,2
2,6,16,3,6493.732,2 3,East,3,3,2
2,6,16,3,6494.282,2 3,South,3,3,2
2,6,16,2,6494.854,3 3,South,3,3,2
2,6,16,1,6495.795,3 3,East,3,3,2
2,6,16,2,6496.458,3 4,East,3,3,2
2,6,16,3,6497,3 4,South,3,3,2
2,6,16,2,6497.532,4 4,South,3,3,2
2,6,16,2,6498.088,4 4,South,3,3,2
2,6,16,3,6498.458,4 4,West,3,3,2
2,6,16,2,6499.092,4 3,West,3,3,2
2,6,16,2,6499.641,4 2,West,3,3,2
2,6,16,3,6500.489,4 2,North,3,3,2
2,6,16,2,6501.219,3 2,North,3,3,2
2,6,16,1,6502.254,3 2,West,3,3,2
2,6,16,2,6505.638,3 1,West,3,3,2
2,6,16,3,6507.016,3 1,North,3,3,2
2,6,16,2,6507.863,3 1,North,3,3,3
2,6,16,1,6510.747,3 1,West,3,3,3
2,6,16,2,6512.829,3 0,West,3,3,3
2,6,16,3,6513.381,3 0,North,3,3,3
2,6,16,2,6514.148,2 0,North,3,3,3
2,6,16,3,6515.284,2 0,East,3,3,3
2,6,16,3,6516.005,2 0,South,3,3,3
2,6,16,1,6516.569,2 0,East,3,3,3
2,6,16,2,6517.253,2 0,East,3,3,4
2,6,16,3,6517.75,2 0,South,3,3,4
2,6,16,2,6519.559,3 0,South,3,3,4
2,6,16,1,6520.283,3 0,East,3,3,4
2,6,16,2,6521.02,3 1,East,3,3,4
2,6,16,1,6521.639,3 1,North,3,3,4
2,6,16,2,6522.244,3 1,North,3,3,5
2,6,16,3,6523.38,3 1,East,3,3,5
2,6,16,2,6523.892,3 2,East,3,3,5
2,6,16,1,6524.827,3 2,North,3,3,5
2,6,16,2,6525.432,3 2,North,3,3,6
2,6,16,1,6525.994,3 2,West,3,3,6
2,6,16,2,6526.987,3 1,West,3,3,6
2,6,16,2,6527.658,3 0,West,3,3,6
2,6,16,3,6528.299,3 0,North,3,3,6
2,6,16,2,6529.145,2 0,North,3,3,6
2,6,16,3,6529.884,2 0,East,3,3,6
2,6,16,2,6530.518,2 0,East,3,3,7
2,6,16,1,6531.081,2 0,North,3,3,7
2,6,16,2,6531.932,1 0,North,3,3,7
2,6,16,3,6532.587,1 0,East,3,3,7
2,6,16,2,6533.188,1 1,East,3,3,7
2,6,16,3,6533.892,1 1,South,3,3,7
2,6,16,1,6534.772,1 1,East,3,3,7
2,6,16,2,6535.477,1 1,East,3,3,8
2,6,16,3,6535.961,1 1,South,3,3,8
2,6,16,2,6536.522,2 1,South,3,3,8
2,6,16,1,6537.402,2 1,East,3,3,8
2,6,16,2,6538.116,2 2,East,3,3,8
2,6,16,6,6538.52,2 2,East,3,4,8
2,6,16,1,6539.703,2 2,North,3,4,8
2,6,16,1,6545.331,2 2,West,3,4,8
2,6,16,2,6546.221,2 1,West,3,4,8
2,6,16,1,6546.889,2 1,South,3,4,8
2,6,16,2,6547.556,2 1,South,3,4,9
2,6,16,3,6548.054,2 1,West,3,4,9
2,6,16,2,6548.629,2 1,West,3,4,10
2,6,16,1,6549.161,2 1,South,3,4,10
2,6,16,1,6549.877,2 1,East,3,4,10
2,6,16,2,6550.502,2 2,East,3,4,10
2,6,16,3,6551.015,2 2,South,3,4,10
2,6,16,2,6551.67,2 2,South,3,4,11
2,6,16,3,6552.474,2 2,West,3,4,11
2,6,16,2,6553.161,2 1,West,3,4,11
2,6,16,1,6553.704,2 1,South,3,4,11
2,6,16,2,6554.229,2 1,South,3,4,12
2,6,16,3,6554.844,2 1,West,3,4,12
2,6,16,2,6555.417,2 1,West,3,4,13
2,6,16,1,6556.138,2 1,South,3,4,13
2,6,16,1,6556.987,2 1,East,3,4,13
2,6,16,2,6557.652,2 2,East,3,4,13
2,6,16,3,6558.27,2 2,South,3,4,13
2,6,16,2,6558.869,2 2,South,3,4,14
2,6,16,1,6559.924,2 2,East,3,4,14
2,6,16,2,6560.583,2 2,East,3,4,15
2,6,16,1,6561.21,2 2,North,3,4,15
2,6,16,1,6561.901,2 2,West,3,4,15
2,6,16,2,6562.787,2 1,West,3,4,15
2,6,16,2,6563.589,2 1,West,3,4,16
2,6,16,1,6564.167,2 1,South,3,4,16
2,6,16,2,6564.758,2 1,South,3,4,17
2,6,16,3,6565.318,2 1,West,3,4,17
2,6,16,3,6566.059,2 1,North,3,4,17
2,6,16,2,6566.825,1 1,North,3,4,17
2,6,16,2,6567.716,1 1,North,3,4,18
2,6,16,3,6568.459,1 1,East,3,4,18
2,6,16,2,6569.044,1 1,East,3,4,19
2,6,16,1,6571.545,1 1,North,3,4,19
2,6,16,1,6572.679,1 1,West,3,4,19
2,6,16,2,6573.879,1 0,West,3,4,19
2,6,16,1,6575.494,1 0,South,3,4,19
2,6,16,3,6576.791,1 0,West,3,4,19
2,6,16,2,6577.452,1 0,West,3,4,19
2,6,16,3,6577.9,1 0,North,3,4,19
2,6,16,2,6578.836,1 0,North,3,4,20
2,6,16,1,6579.459,1 0,West,3,4,20
2,6,16,1,6580.55,1 0,South,3,4,20
2,6,16,2,6581.192,2 0,South,3,4,20
2,6,16,2,6581.798,3 0,South,3,4,20
2,6,16,2,6582.456,3 0,South,3,4,21
2,6,16,1,6583.127,3 0,East,3,4,21
2,6,16,2,6583.719,3 1,East,3,4,21
2,6,16,3,6584.244,3 1,South,3,4,21
2,6,16,2,6584.821,3 1,South,3,4,22
2,6,16,1,6585.381,3 1,East,3,4,22
2,6,16,2,6585.959,3 2,East,3,4,22
2,6,16,3,6586.826,3 2,South,3,4,22
2,6,16,2,6587.405,4 2,South,3,4,22
2,6,16,2,6588.083,4 2,South,3,4,22
2,6,16,1,6588.387,4 2,East,3,4,22
2,6,16,2,6589.244,4 3,East,3,4,22
2,6,16,2,6589.979,4 4,East,3,4,22
2,6,16,2,6590.602,4 4,East,3,4,22
2,6,16,1,6590.984,4 4,North,3,4,22
2,6,16,1,6593.22,4 4,West,3,4,22
2,6,16,3,6594.051,4 4,North,3,4,22
2,6,16,2,6594.809,3 4,North,3,4,22
2,6,16,1,6595.415,3 4,West,3,4,22
2,6,16,3,6596.613,3 4,North,3,4,22
2,6,16,2,6597.165,3 4,North,3,4,23
2,6,16,1,6597.8,3 4,West,3,4,23
2,6,16,2,6599.019,3 3,West,3,4,23
2,6,16,3,6599.849,3 3,North,3,4,23
2,6,16,2,6600.532,2 3,North,3,4,23
2,6,16,2,6601.181,1 3,North,3,4,23
2,6,16,6,6601.56,1 3,North,3,5,23
2,6,16,1,6602.428,1 3,West,3,5,23
2,6,16,2,6606.392,1 3,West,3,5,24
2,6,16,3,6607.194,1 3,North,3,5,24
2,6,16,3,6609.571,1 3,East,3,5,24
2,6,16,3,6610.167,1 3,South,3,5,24
2,6,16,2,6610.789,2 3,South,3,5,24
2,6,16,2,6611.525,3 3,South,3,5,24
2,6,16,2,6612.484,3 3,South,3,5,25
2,6,16,1,6612.918,3 3,East,3,5,25
2,6,16,2,6613.509,3 4,East,3,5,25
2,6,16,3,6614.316,3 4,South,3,5,25
2,6,16,2,6615.033,4 4,South,3,5,25
2,6,16,3,6616.106,4 4,West,3,5,25
2,6,16,2,6616.695,4 3,West,3,5,25
2,6,16,2,6617.656,4 2,West,3,5,25
2,6,16,2,6618.603,4 1,West,3,5,25
2,6,16,3,6619.687,4 1,North,3,5,25
2,6,16,2,6620.301,4 1,North,3,5,26
2,6,16,3,6620.837,4 1,East,3,5,26
2,6,16,2,6621.642,4 2,East,3,5,26
2,6,16,1,6622.474,4 2,North,3,5,26
2,6,16,2,6623.235,3 2,North,3,5,26
2,6,16,1,6624.117,3 2,West,3,5,26
2,6,16,2,6625.063,3 1,West,3,5,26
2,6,16,3,6626.457,3 1,North,3,5,26
2,6,16,2,6627.846,3 1,North,3,5,27
2,6,16,3,6628.729,3 1,East,3,5,27
2,6,16,1,6629.668,3 1,North,3,5,27
2,6,16,1,6630.581,3 1,West,3,5,27
2,6,16,2,6631.275,3 0,West,3,5,27
2,6,16,3,6631.866,3 0,North,3,5,27
2,6,16,2,6632.598,2 0,North,3,5,27
2,6,16,3,6633.499,2 0,East,3,5,27
2,6,16,2,6634.315,2 0,East,3,5,28
2,6,16,2,6635.353,2 0,East,3,5,29
2,6,16,1,6635.781,2 0,North,3,5,29
2,6,16,2,6636.634,1 0,North,3,5,29
2,6,16,3,6637.512,1 0,East,3,5,29
2,6,16,2,6638.364,1 1,East,3,5,29
2,6,16,1,6639.686,1 1,North,3,5,29
2,6,16,2,6640.341,1 1,North,3,5,30
2,6,16,1,6640.969,1 1,West,3,5,30
2,6,16,2,6641.593,1 0,West,3,5,30
2,6,16,3,6642.219,1 0,North,3,5,30
2,6,16,2,6642.808,1 0,North,3,5,31
2,6,16,3,6643.286,1 0,East,3,5,31
2,6,16,2,6643.878,1 1,East,3,5,31
2,6,16,2,6644.502,1 1,East,3,5,32
2,6,16,2,6645.046,1 1,East,3,5,33
2,6,16,3,6646.31,1 1,South,3,5,33
2,6,16,3,6647.527,1 1,West,3,5,33
2,6,16,2,6648.2,1 0,West,3,5,33
2,6,16,1,6648.727,1 0,South,3,5,33
2,6,16,2,6649.428,2 0,South,3,5,33
2,6,16,1,6650.036,2 0,East,3,5,33
2,6,16,2,6650.695,2 0,East,3,5,34
2,6,16,3,6651.466,2 0,South,3,5,34
2,6,16,2,6652.037,3 0,South,3,5,34
2,6,16,1,6652.966,3 0,East,3,5,34
2,6,16,2,6653.542,3 1,East,3,5,34
2,6,16,2,6654.342,3 2,East,3,5,34
2,6,16,1,6655.016,3 2,North,3,5,34
2,6,16,2,6655.651,3 2,North,3,5,35
2,6,16,3,6656.716,3 2,East,3,5,35
2,6,16,2,6657.62,3 2,East,3,5,36
2,6,16,1,6658.219,3 2,North,3,5,36
2,6,16,1,6659.205,3 2,West,3,5,36
2,6,16,2,6659.997,3 1,West,3,5,36
2,6,16,3,6660.76,3 1,North,3,5,36
2,6,16,2,6661.399,3 1,North,3,5,37
2,6,16,1,6662.068,3 1,West,3,5,37
2,6,16,1,6662.986,3 1,South,3,5,37
2,6,16,2,6663.619,3 1,South,3,5,38
2,6,16,1,6664.204,3 1,East,3,5,38
2,6,16,2,6665.16,3 2,East,3,5,38
2,6,16,3,6665.912,3 2,South,3,5,38
2,6,16,2,6666.539,4 2,South,3,5,38
2,6,16,2,6667.061,4 2,South,3,5,38
2,6,16,3,6667.898,4 2,West,3,5,38
2,6,16,3,6668.477,4 2,North,3,5,38
2,6,16,2,6669.545,3 2,North,3,5,38
2,6,16,1,6670.325,3 2,West,3,5,38
2,6,16,3,6671.702,3 2,North,3,5,38
2,6,16,1,6673.48,3 2,West,3,5,38
2,6,16,2,6674.344,3 1,West,3,5,38
2,6,16,3,6674.964,3 1,North,3,5,38
2,6,16,2,6675.706,3 1,North,3,5,39
2,6,16,1,6677.844,3 1,West,3,5,39
2,6,16,2,6678.536,3 0,West,3,5,39
2,6,16,3,6679.148,3 0,North,3,5,39
2,6,16,2,6679.783,2 0,North,3,5,39
2,6,16,3,6683.132,2 0,East,3,5,39
2,6,16,2,6684.153,2 0,East,3,5,40
2,6,16,1,6685.496,2 0,North,3,5,40
2,6,16,2,6686.539,1 0,North,3,5,40
2,6,16,3,6687.319,1 0,East,3,5,40
2,6,16,2,6688.47,1 1,East,3,5,40
2,6,16,2,6689.275,1 1,East,3,5,41
2,6,16,1,6690.167,1 1,North,3,5,41
2,6,16,2,6690.905,1 1,North,3,5,42
2,6,16,3,6692.092,1 1,East,3,5,42
2,6,16,3,6693.035,1 1,South,3,5,42
2,6,16,2,6693.688,2 1,South,3,5,42
2,6,16,1,6695.099,2 1,East,3,5,42
2,6,16,2,6695.804,2 2,East,3,5,42
2,6,16,1,6696.49,2 2,North,3,5,42
2,6,16,2,6697.177,1 2,North,3,5,42
2,6,16,2,6697.767,0 2,North,3,5,42
2,6,16,1,6698.68,0 2,West,3,5,42
2,6,16,2,6699.321,0 1,West,3,5,42
2,6,16,2,6699.91,0 0,West,3,5,42
2,6,16,6,6700.32,0 0,West,3,6,42
2,6,16,3,6700.81,0 0,North,3,6,42
2,6,16,3,6701.667,0 0,East,3,6,42
2,6,16,2,6703.223,0 1,East,3,6,42
2,6,16,2,6704.09,0 2,East,3,6,42
2,6,16,3,6704.675,0 2,South,3,6,42
2,6,16,2,6705.417,1 2,South,3,6,42
2,6,16,3,6706.252,1 2,West,3,6,42
2,6,16,2,6706.918,1 2,West,3,6,43
2,6,16,1,6707.492,1 2,South,3,6,43
2,6,16,2,6708.169,2 2,South,3,6,43
2,6,16,3,6709.348,2 2,West,3,6,43
2,6,16,2,6710.026,2 1,West,3,6,43
2,6,16,2,6710.713,2 1,West,3,6,44
2,6,16,1,6711.367,2 1,South,3,6,44
2,6,16,2,6712.011,2 1,South,3,6,45
2,6,16,1,6713.245,2 1,East,3,6,45
2,6,16,2,6714.106,2 2,East,3,6,45
2,6,16,3,6714.949,2 2,South,3,6,45
2,6,16,2,6715.749,2 2,South,3,6,46
2,6,16,1,6716.314,2 2,East,3,6,46
2,6,16,2,6716.95,2 2,East,3,6,47
2,6,16,3,6717.467,2 2,South,3,6,47
2,6,16,3,6718.333,2 2,West,3,6,47
2,6,16,2,6718.934,2 1,West,3,6,47
2,6,16,2,6719.671,2 1,West,3,6,48
2,6,16,1,6720.276,2 1,South,3,6,48
2,6,16,3,6721.256,2 1,West,3,6,48
2,6,16,3,6722.005,2 1,North,3,6,48
2,6,16,2,6722.731,1 1,North,3,6,48
2,6,16,1,6723.468,1 1,West,3,6,48
2,6,16,2,6724.198,1 0,West,3,6,48
2,6,16,2,6725.033,1 0,West,3,6,48
2,6,16,1,6725.462,1 0,South,3,6,48
2,6,16,2,6726.22,2 0,South,3,6,48
2,6,16,1,6727.065,2 0,East,3,6,48
2,6,16,2,6727.94,2 0,East,3,6,49
2,6,16,3,6728.408,2 0,South,3,6,49
2,6,16,2,6729.099,3 0,South,3,6,49
2,6,16,1,6729.736,3 0,East,3,6,49
2,6,16,2,6730.473,3 1,East,3,6,49
2,6,16,3,6731.205,3 1,South,3,6,49
2,6,16,2,6731.896,3 1,South,3,6,50
2,6,16,1,6732.49,3 1,East,3,6,50
2,6,16,2,6733.051,3 2,East,3,6,50
2,6,16,3,6733.624,3 2,South,3,6,50
2,6,16,2,6734.211,4 2,South,3,6,50
2,6,16,2,6734.772,4 2,South,3,6,50
2,6,16,1,6735.305,4 2,East,3,6,50
2,6,16,2,6735.875,4 3,East,3,6,50
2,6,16,2,6736.532,4 4,East,3,6,50
2,6,16,1,6737.399,4 4,North,3,6,50
2,6,16,2,6739.197,3 4,North,3,6,50
2,6,16,1,6739.813,3 4,West,3,6,50
2,6,16,2,6740.603,3 3,West,3,6,50
2,6,16,3,6741.525,3 3,North,3,6,50
2,6,16,2,6742.231,2 3,North,3,6,50
2,6,16,6,6742.62,2 3,North,3,7,50
2,6,16,3,6743.454,2 3,East,3,7,50
2,6,16,3,6744.039,2 3,South,3,7,50
2,6,16,3,6744.586,2 3,West,3,7,50
2,6,16,2,6748.028,2 3,West,3,7,51
2,6,16,1,6748.66,2 3,South,3,7,51
2,6,16,2,6749.258,3 3,South,3,7,51
2,6,16,1,6749.994,3 3,East,3,7,51
2,6,16,2,6750.621,3 4,East,3,7,51
2,6,16,3,6751.173,3 4,South,3,7,51
2,6,16,2,6751.752,4 4,South,3,7,51
2,6,16,3,6752.328,4 4,West,3,7,51
2,6,16,2,6752.886,4 3,West,3,7,51
2,6,16,2,6753.607,4 2,West,3,7,51
2,6,16,3,6754.519,4 2,North,3,7,51
2,6,16,2,6755.492,3 2,North,3,7,51
2,6,16,1,6756.134,3 2,West,3,7,51
2,6,16,2,6757.963,3 1,West,3,7,51
2,6,16,3,6758.629,3 1,North,3,7,51
2,6,16,2,6759.818,3 1,North,3,7,52
2,6,16,3,6760.326,3 1,East,3,7,52
2,6,16,2,6761.098,3 2,East,3,7,52
2,6,16,1,6761.7,3 2,North,3,7,52
2,6,16,1,6763.033,3 2,West,3,7,52
2,6,16,2,6763.623,3 1,West,3,7,52
2,6,16,2,6764.179,3 0,West,3,7,52
2,6,16,3,6764.773,3 0,North,3,7,52
2,6,16,2,6765.396,2 0,North,3,7,52
2,6,16,2,6766.059,1 0,North,3,7,52
2,6,16,6,6766.44,1 0,North,3,8,52
0,6,17,2,6771.525,3 4,North,3,0,52
0,6,17,1,6772.056,3 4,West,3,0,52
0,6,17,2,6772.924,3 3,West,3,0,52
0,6,17,3,6773.542,3 3,North,3,0,52
0,6,17,2,6774.329,2 3,North,3,0,52
0,6,17,2,6774.86,1 3,North,3,0,52
0,6,17,3,6775.787,1 3,East,3,0,52
0,6,17,1,6776.812,1 3,North,3,0,52
0,6,17,2,6777.412,0 3,North,3,0,52
0,6,17,3,6778.276,0 3,East,3,0,52
0,6,17,2,6779.299,0 4,East,3,0,52
0,6,17,3,6779.901,0 4,South,3,0,52
0,6,17,3,6780.597,0 4,West,3,0,52
0,6,17,2,6781.476,0 3,West,3,0,52
0,6,17,1,6782.007,0 3,South,3,0,52
0,6,17,2,6782.916,1 3,South,3,0,52
0,6,17,2,6783.492,2 3,South,3,0,52
0,6,17,2,6784.391,3 3,South,3,0,52
0,6,17,1,6784.948,3 3,East,3,0,52
0,6,17,2,6785.56,3 4,East,3,0,52
0,6,17,3,6786.106,3 4,South,3,0,52
0,6,17,2,6786.629,4 4,South,3,0,52
0,6,17,3,6787.51,4 4,West,3,0,52
0,6,17,2,6788.087,4 3,West,3,0,52
0,6,17,2,6788.677,4 2,West,3,0,52
0,6,17,3,6789.798,4 2,North,3,0,52
0,6,17,2,6790.534,3 2,North,3,0,52
0,6,17,1,6792.362,3 2,West,3,0,52
0,6,17,2,6793.173,3 1,West,3,0,52
0,6,17,2,6793.833,3 0,West,3,0,52
0,6,17,3,6794.845,3 0,North,3,0,52
0,6,17,2,6795.721,2 0,North,3,0,52
0,6,17,2,6796.503,1 0,North,3,0,52
0,6,17,3,6797.466,1 0,East,3,0,52
0,6,17,2,6798.63,1 1,East,3,0,52
0,6,17,6,6799.04,1 1,East,3,1,52
0,6,17,3,6802.699,1 1,South,3,1,52
0,6,17,2,6805.116,2 1,South,3,1,52
0,6,17,1,6809.06,2 1,East,3,1,52
0,6,17,2,6809.836,2 2,East,3,1,52
0,6,17,1,6810.508,2 2,North,3,1,52
0,6,17,2,6811.655,1 2,North,3,1,52
0,6,17,2,6812.844,0 2,North,3,1,52
0,6,17,1,6813.401,0 2,West,3,1,52
0,6,17,2,6814.173,0 1,West,3,1,52
0,6,17,1,6814.778,0 1,South,3,1,52
0,6,17,1,6815.653,0 1,East,3,1,52
0,6,17,2,6816.438,0 2,East,3,1,52
0,6,17,3,6816.949,0 2,South,3,1,52
0,6,17,2,6817.542,1 2,South,3,1,52
0,6,17,2,6818.377,2 2,South,3,1,52
0,6,17,3,6819.163,2 2,West,3,1,52
0,6,17,2,6819.987,2 1,West,3,1,52
0,6,17,3,6820.631,2 1,North,3,1,52
0,6,17,2,6821.548,1 1,North,3,1,52
0,6,17,1,6822.437,1 1,West,3,1,52
0,6,17,2,6823.323,1 0,West,3,1,52
0,6,17,1,6823.926,1 0,South,3,1,52
0,6,17,2,6824.485,2 0,South,3,1,52
0,6,17,2,6825.449,3 0,South,3,1,52
0,6,17,1,6826.042,3 0,East,3,1,52
0,6,17,2,6826.601,3 1,East,3,1,52
0,6,17,2,6827.58,3 2,East,3,1,52
0,6,17,3,6828.356,3 2,South,3,1,52
0,6,17,2,6828.951,4 2,South,3,1,52
0,6,17,3,6829.723,4 2,West,3,1,52
0,6,17,2,6830.389,4 1,West,3,1,52
0,6,17,3,6831.179,4 1,North,3,1,52
0,6,17,3,6832.266,4 1,East,3,1,52
0,6,17,2,6832.984,4 2,East,3,1,52
0,6,17,2,6833.719,4 3,East,3,1,52
0,6,17,2,6834.469,4 4,East,3,1,52
0,6,17,1,6835.304,4 4,North,3,1,52
0,6,17,2,6835.908,3 4,North,3,1,52
0,6,17,1,6836.493,3 4,West,3,1,52
0,6,17,2,6837.061,3 3,West,3,1,52
0,6,17,3,6837.85,3 3,North,3,1,52
0,6,17,2,6838.627,2 3,North,3,1,52
0,6,17,2,6839.514,1 3,North,3,1,52
0,6,17,2,6840.281,0 3,North,3,1,52
0,6,17,3,6841.101,0 3,East,3,1,52
0,6,17,3,6841.835,0 3,South,3,1,52
0,6,17,1,6842.873,0 3,East,3,1,52
0,6,17,2,6843.542,0 4,East,3,1,52
0,6,17,3,6844.09,0 4,South,3,1,52
0,6,17,2,6844.627,1 4,South,3,1,52
0,6,17,2,6845.174,2 4,South,3,1,52
0,6,17,6,6845.56,2 4,South,3,2,52
0,6,17,3,6845.896,2 4,West,3,2,52
0,6,17,3,6846.684,2 4,North,3,2,52
0,6,17,2,6847.22,1 4,North,3,2,52
0,6,17,2,6848.038,0 4,North,3,2,52
0,6,17,1,6848.999,0 4,West,3,2,52
0,6,17,2,6849.544,0 3,West,3,2,52
0,6,17,1,6850.443,0 3,South,3,2,52
0,6,17,2,6851.355,1 3,South,3,2,52
0,6,17,2,6851.864,2 3,South,3,2,52
0,6,17,2,6852.792,3 3,South,3,2,52
0,6,17,1,6853.405,3 3,East,3,2,52
0,6,17,2,6854.057,3 4,East,3,2,52
0,6,17,3,6854.652,3 4,South,3,2,52
0,6,17,2,6855.385,4 4,South,3,2,52
0,6,17,3,6856.025,4 4,West,3,2,52
0,6,17,2,6856.693,4 3,West,3,2,52
0,6,17,2,6857.303,4 2,West,3,2,52
0,6,17,2,6857.819,4 1,West,3,2,52
0,6,17,6,6858.24,4 1,West,3,3,52
0,6,17,3,6858.596,4 1,North,3,3,52
0,6,17,3,6859.161,4 1,East,3,3,52
0,6,17,2,6859.933,4 2,East,3,3,52
0,6,17,1,6860.564,4 2,North,3,3,52
0,6,17,2,6861.124,3 2,North,3,3,52
0,6,17,1,6862.024,3 2,West,3,3,52
0,6,17,2,6862.742,3 1,West,3,3,52
0,6,17,2,6863.462,3 0,West,3,3,52
0,6,17,3,6866.313,3 0,North,3,3,52
0,6,17,2,6866.937,2 0,North,3,3,52
0,6,17,2,6867.54,1 0,North,3,3,52
0,6,17,3,6868.487,1 0,East,3,3,52
0,6,17,2,6869.243,1 1,East,3,3,52
0,6,17,3,6869.877,1 1,South,3,3,52
0,6,17,2,6870.598,2 1,South,3,3,52
0,6,17,1,6871.26,2 1,East,3,3,52
0,6,17,2,6871.893,2 2,East,3,3,52
0,6,17,1,6872.508,2 2,North,3,3,52
0,6,17,2,6873.292,1 2,North,3,3,52
0,6,17,2,6873.94,0 2,North,3,3,52
0,6,17,1,6874.676,0 2,West,3,3,52
0,6,17,2,6875.429,0 1,West,3,3,52
0,6,17,1,6876.211,0 1,South,3,3,52
0,6,17,2,6877.061,0 1,South,3,3,52
0,6,17,1,6877.465,0 1,East,3,3,52
0,6,17,2,6878.155,0 2,East,3,3,52
0,6,17,3,6878.902,0 2,South,3,3,52
0,6,17,2,6879.461,1 2,South,3,3,52
0,6,17,2,6880.315,2 2,South,3,3,52
0,6,17,3,6881,2 2,West,3,3,52
0,6,17,2,6881.879,2 1,West,3,3,52
0,6,17,3,6882.425,2 1,North,3,3,52
0,6,17,2,6883.031,1 1,North,3,3,52
0,6,17,1,6883.898,1 1,West,3,3,52
0,6,17,2,6884.49,1 0,West,3,3,52
0,6,17,1,6885.111,1 0,South,3,3,52
0,6,17,2,6885.688,2 0,South,3,3,52
0,6,17,2,6886.284,3 0,South,3,3,52
0,6,17,1,6887.126,3 0,East,3,3,52
0,6,17,2,6887.684,3 1,East,3,3,52
0,6,17,2,6888.236,3 2,East,3,3,52
0,6,17,3,6889.178,3 2,South,3,3,52
0,6,17,2,6889.979,4 2,South,3,3,52
0,6,17,3,6890.646,4 2,West,3,3,52
0,6,17,3,6892.068,4 2,North,3,3,52
0,6,17,3,6892.73,4 2,East,3,3,52
0,6,17,2,6893.271,4 3,East,3,3,52
0,6,17,2,6893.881,4 4,East,3,3,52
0,6,17,1,6894.519,4 4,North,3,3,52
0,6,17,2,6895.144,3 4,North,3,3,52
0,6,17,1,6895.69,3 4,West,3,3,52
0,6,17,2,6896.36,3 3,West,3,3,52
0,6,17,3,6896.872,3 3,North,3,3,52
0,6,17,2,6897.654,2 3,North,3,3,52
0,6,17,2,6898.299,1 3,North,3,3,52
0,6,17,2,6898.902,0 3,North,3,3,52
0,6,17,3,6899.43,0 3,East,3,3,52
0,6,17,2,6899.989,0 4,East,3,3,52
0,6,17,3,6900.6,0 4,South,3,3,52
0,6,17,2,6901.172,1 4,South,3,3,52
0,6,17,6,6901.56,1 4,South,3,4,52
0,6,17,3,6902.042,1 4,West,3,4,52
0,6,17,3,6903.002,1 4,North,3,4,52
0,6,17,2,6903.547,0 4,North,3,4,52
0,6,17,1,6904.475,0 4,West,3,4,52
0,6,17,2,6904.986,0 3,West,3,4,52
0,6,17,1,6905.499,0 3,South,3,4,52
0,6,17,2,6906.437,1 3,South,3,4,52
0,6,17,2,6907.333,2 3,South,3,4,52
0,6,17,6,6907.7,2 3,South,3,5,52
0,6,17,2,6908.074,3 3,South,3,5,52
0,6,17,1,6908.979,3 3,East,3,5,52
0,6,17,2,6909.595,3 4,East,3,5,52
0,6,17,3,6910.216,3 4,South,3,5,52
0,6,17,2,6910.826,4 4,South,3,5,52
0,6,17,3,6911.38,4 4,West,3,5,52
0,6,17,2,6912.077,4 3,West,3,5,52
0,6,17,2,6912.972,4 2,West,3,5,52
0,6,17,3,6913.833,4 2,North,3,5,52
0,6,17,2,6914.647,3 2,North,3,5,52
0,6,17,1,6916.02,3 2,West,3,5,52
0,6,17,2,6916.652,3 1,West,3,5,52
0,6,17,2,6918.044,3 0,West,3,5,52
0,6,17,3,6918.947,3 0,North,3,5,52
0,6,17,2,6919.572,2 0,North,3,5,52
0,6,17,2,6920.119,1 0,North,3,5,52
0,6,17,3,6921.032,1 0,East,3,5,52
0,6,17,2,6921.638,1 1,East,3,5,52
0,6,17,3,6922.181,1 1,South,3,5,52
0,6,17,2,6922.756,2 1,South,3,5,52
0,6,17,1,6923.305,2 1,East,3,5,52
0,6,17,2,6923.827,2 2,East,3,5,52
0,6,17,1,6924.36,2 2,North,3,5,52
0,6,17,2,6924.871,1 2,North,3,5,52
0,6,17,6,6925.26,1 2,North,3,6,52
0,6,17,2,6925.517,0 2,North,3,6,52
0,6,17,1,6926.457,0 2,West,3,6,52
0,6,17,1,6927.316,0 2,South,3,6,52
0,6,17,2,6928.294,1 2,South,3,6,52
0,6,17,2,6929,2 2,South,3,6,52
0,6,17,3,6929.779,2 2,West,3,6,52
0,6,17,2,6930.31,2 1,West,3,6,52
0,6,17,3,6931.188,2 1,North,3,6,52
0,6,17,2,6931.716,1 1,North,3,6,52
0,6,17,1,6932.228,1 1,West,3,6,52
0,6,17,2,6932.747,1 0,West,3,6,52
0,6,17,1,6933.833,1 0,South,3,6,52
0,6,17,2,6934.38,2 0,South,3,6,52
0,6,17,2,6935.38,3 0,South,3,6,52
0,6,17,1,6936.279,3 0,East,3,6,52
0,6,17,2,6936.904,3 1,East,3,6,52
0,6,17,2,6937.415,3 2,East,3,6,52
0,6,17,3,6938.276,3 2,South,3,6,52
0,6,17,2,6938.995,4 2,South,3,6,52
0,6,17,3,6939.879,4 2,West,3,6,52
0,6,17,3,6940.394,4 2,North,3,6,52
0,6,17,3,6940.903,4 2,East,3,6,52
0,6,17,2,6941.484,4 3,East,3,6,52
0,6,17,2,6942.392,4 4,East,3,6,52
0,6,17,1,6943.26,4 4,North,3,6,52
0,6,17,2,6943.867,3 4,North,3,6,52
0,6,17,1,6944.441,3 4,West,3,6,52
0,6,17,2,6945.001,3 3,West,3,6,52
0,6,17,3,6945.578,3 3,North,3,6,52
0,6,17,2,6946.285,2 3,North,3,6,52
0,6,17,2,6947.017,1 3,North,3,6,52
0,6,17,2,6947.82,0 3,North,3,6,52
0,6,17,3,6948.492,0 3,East,3,6,52
0,6,17,2,6949.047,0 4,East,3,6,52
0,6,17,6,6949.46,0 4,East,3,7,52
0,6,17,3,6949.708,0 4,South,3,7,52
0,6,17,3,6950.47,0 4,West,3,7,52
0,6,17,2,6951.435,0 3,West,3,7,52
0,6,17,1,6951.962,0 3,South,3,7,52
0,6,17,2,6953.005,1 3,South,3,7,52
0,6,17,2,6953.735,2 3,South,3,7,52
0,6,17,2,6954.331,3 3,South,3,7,52
0,6,17,1,6954.842,3 3,East,3,7,52
0,6,17,2,6955.351,3 4,East,3,7,52
0,6,17,3,6956.267,3 4,South,3,7,52
0,6,17,2,6956.803,4 4,South,3,7,52
0,6,17,3,6957.348,4 4,West,3,7,52
0,6,17,2,6957.87,4 3,West,3,7,52
0,6,17,2,6958.381,4 2,West,3,7,52
0,6,17,3,6959.116,4 2,North,3,7,52
0,6,17,2,6959.653,3 2,North,3,7,52
0,6,17,1,6960.184,3 2,West,3,7,52
0,6,17,1,6960.745,3 2,South,3,7,52
0,6,17,3,6961.291,3 2,West,3,7,52
0,6,17,2,6961.895,3 1,West,3,7,52
0,6,17,2,6962.421,3 0,West,3,7,52
0,6,17,3,6963.273,3 0,North,3,7,52
0,6,17,2,6963.802,2 0,North,3,7,52
0,6,17,2,6965.002,1 0,North,3,7,52
0,6,17,6,6965.38,1 0,North,3,8,52
2,6,17,1,6972.629,4 4,West,3,0,0
2,6,17,3,6973.992,4 4,North,3,0,0
2,6,17,1,6974.852,4 4,West,3,0,0
2,6,17,2,6975.561,4 3,West,3,0,0
2,6,17,2,6976.78,4 2,West,3,0,0
2,6,17,3,6977.932,4 2,North,3,0,0
2,6,17,2,6978.806,3 2,North,3,0,0
2,6,17,1,6979.523,3 2,West,3,0,0
2,6,17,2,6980.134,3 1,West,3,0,0
2,6,17,2,6981.929,3 0,West,3,0,0
2,6,17,3,6982.581,3 0,North,3,0,0
2,6,17,2,6984.185,2 0,North,3,0,0
2,6,17,2,6985.156,1 0,North,3,0,0
2,6,17,3,6985.928,1 0,East,3,0,0
2,6,17,2,6986.857,1 1,East,3,0,0
2,6,17,6,6987.26,1 1,East,3,1,0
2,6,17,1,6990.778,1 1,North,3,1,0
2,6,17,1,6991.738,1 1,West,3,1,0
2,6,17,2,6992.396,1 0,West,3,1,0
2,6,17,1,6992.997,1 0,South,3,1,0
2,6,17,2,6993.557,2 0,South,3,1,0
2,6,17,1,6994.132,2 0,East,3,1,0
2,6,17,2,6994.644,2 0,East,3,1,1
2,6,17,3,6995.35,2 0,South,3,1,1
2,6,17,2,6995.897,3 0,South,3,1,1
2,6,17,1,6996.409,3 0,East,3,1,1
2,6,17,2,6996.955,3 1,East,3,1,1
2,6,17,3,6997.508,3 1,South,3,1,1
2,6,17,1,6998.583,3 1,East,3,1,1
2,6,17,2,6999.198,3 2,East,3,1,1
2,6,17,3,6999.961,3 2,South,3,1,1
2,6,17,2,7000.517,4 2,South,3,1,1
2,6,17,1,7001.449,4 2,East,3,1,1
2,6,17,2,7002.037,4 3,East,3,1,1
2,6,17,2,7003.063,4 4,East,3,1,1
2,6,17,1,7004.119,4 4,North,3,1,1
2,6,17,2,7005.462,3 4,North,3,1,1
2,6,17,1,7006.135,3 4,West,3,1,1
2,6,17,2,7006.747,3 3,West,3,1,1
2,6,17,3,7007.671,3 3,North,3,1,1
2,6,17,2,7008.355,2 3,North,3,1,1
2,6,17,6,7008.74,2 3,North,3,2,1
2,6,17,3,7009.881,2 3,East,3,2,1
2,6,17,3,7010.726,2 3,South,3,2,1
2,6,17,3,7011.691,2 3,West,3,2,1
2,6,17,1,7012.517,2 3,South,3,2,1
2,6,17,2,7013.291,3 3,South,3,2,1
2,6,17,1,7014.184,3 3,East,3,2,1
2,6,17,2,7014.874,3 4,East,3,2,1
2,6,17,3,7015.512,3 4,South,3,2,1
2,6,17,2,7016.181,4 4,South,3,2,1
2,6,17,2,7016.794,4 4,South,3,2,1
2,6,17,3,7017.212,4 4,West,3,2,1
2,6,17,2,7018.186,4 3,West,3,2,1
2,6,17,2,7019.095,4 2,West,3,2,1
2,6,17,2,7019.832,4 1,West,3,2,1
2,6,17,6,7020.24,4 1,West,3,3,1
2,6,17,3,7020.901,4 1,North,3,3,1
2,6,17,3,7021.607,4 1,East,3,3,1
2,6,17,2,7022.407,4 2,East,3,3,1
2,6,17,2,7023.269,4 3,East,3,3,1
2,6,17,2,7023.849,4 4,East,3,3,1
2,6,17,1,7024.588,4 4,North,3,3,1
2,6,17,2,7025.415,3 4,North,3,3,1
2,6,17,1,7026.189,3 4,West,3,3,1
2,6,17,2,7026.806,3 3,West,3,3,1
2,6,17,3,7027.349,3 3,North,3,3,1
2,6,17,2,7028.076,2 3,North,3,3,1
2,6,17,2,7028.796,1 3,North,3,3,1
2,6,17,2,7029.417,0 3,North,3,3,1
2,6,17,3,7030.01,0 3,East,3,3,1
2,6,17,2,7030.57,0 4,East,3,3,1
2,6,17,3,7031.162,0 4,South,3,3,1
2,6,17,2,7031.724,1 4,South,3,3,1
2,6,17,6,7032.1,1 4,South,3,4,1
2,6,17,1,7032.588,1 4,East,3,4,1
2,6,17,1,7033.189,1 4,North,3,4,1
2,6,17,1,7033.771,1 4,West,3,4,1
2,6,17,3,7034.391,1 4,North,3,4,1
2,6,17,2,7035.11,0 4,North,3,4,1
2,6,17,1,7035.721,0 4,West,3,4,1
2,6,17,2,7036.298,0 3,West,3,4,1
2,6,17,1,7036.852,0 3,South,3,4,1
2,6,17,2,7037.444,1 3,South,3,4,1
2,6,17,1,7038.134,1 3,East,3,4,1
2,6,17,3,7039.222,1 3,South,3,4,1
2,6,17,2,7039.813,2 3,South,3,4,1
2,6,17,1,7040.364,2 3,East,3,4,1
2,6,17,2,7040.97,2 3,East,3,4,2
2,6,17,3,7041.527,2 3,South,3,4,2
2,6,17,2,7042.07,3 3,South,3,4,2
2,6,17,1,7042.73,3 3,East,3,4,2
2,6,17,2,7043.334,3 4,East,3,4,2
2,6,17,3,7043.876,3 4,South,3,4,2
2,6,17,2,7044.486,4 4,South,3,4,2
2,6,17,2,7045.064,4 4,South,3,4,2
2,6,17,3,7045.514,4 4,West,3,4,2
2,6,17,2,7046.552,4 3,West,3,4,2
2,6,17,2,7047.222,4 2,West,3,4,2
2,6,17,3,7047.941,4 2,North,3,4,2
2,6,17,2,7050.285,3 2,North,3,4,2
2,6,17,1,7051.096,3 2,West,3,4,2
2,6,17,2,7051.737,3 1,West,3,4,2
2,6,17,2,7052.281,3 0,West,3,4,2
2,6,17,3,7053.292,3 0,North,3,4,2
2,6,17,2,7053.927,2 0,North,3,4,2
2,6,17,2,7054.541,1 0,North,3,4,2
2,6,17,3,7057.148,1 0,East,3,4,2
2,6,17,2,7058.103,1 1,East,3,4,2
2,6,17,3,7059.433,1 1,South,3,4,2
2,6,17,2,7060.757,2 1,South,3,4,2
2,6,17,1,7061.483,2 1,East,3,4,2
2,6,17,2,7062.28,2 2,East,3,4,2
2,6,17,1,7062.982,2 2,North,3,4,2
2,6,17,2,7063.703,1 2,North,3,4,2
2,6,17,2,7064.293,0 2,North,3,4,2
2,6,17,1,7066.169,0 2,West,3,4,2
2,6,17,2,7066.804,0 1,West,3,4,2
2,6,17,6,7067.22,0 1,West,3,5,2
2,6,17,3,7068.65,0 1,North,3,5,2
2,6,17,3,7069.477,0 1,East,3,5,2
2,6,17,2,7070.293,0 2,East,3,5,2
2,6,17,3,7070.86,0 2,South,3,5,2
2,6,17,2,7071.573,1 2,South,3,5,2
2,6,17,2,7072.198,2 2,South,3,5,2
2,6,17,3,7073.508,2 2,West,3,5,2
2,6,17,2,7074.107,2 1,West,3,5,2
2,6,17,2,7075.208,2 1,West,3,5,3
2,6,17,1,7075.785,2 1,South,3,5,3
2,6,17,2,7076.326,2 1,South,3,5,4
2,6,17,1,7077.541,2 1,East,3,5,4
2,6,17,2,7078.104,2 2,East,3,5,4
2,6,17,3,7079.022,2 2,South,3,5,4
2,6,17,2,7079.718,2 2,South,3,5,5
2,6,17,1,7080.615,2 2,East,3,5,5
2,6,17,1,7081.253,2 2,North,3,5,5
2,6,17,2,7081.9,1 2,North,3,5,5
2,6,17,1,7082.474,1 2,West,3,5,5
2,6,17,2,7083.048,1 2,West,3,5,6
2,6,17,3,7083.574,1 2,North,3,5,6
2,6,17,2,7084.2,0 2,North,3,5,6
2,6,17,1,7085.082,0 2,West,3,5,6
2,6,17,2,7085.688,0 1,West,3,5,6
2,6,17,2,7086.436,0 0,West,3,5,6
2,6,17,2,7087.139,0 0,West,3,5,6
2,6,17,3,7087.723,0 0,North,3,5,6
2,6,17,3,7088.6,0 0,East,3,5,6
2,6,17,2,7089.398,0 1,East,3,5,6
2,6,17,2,7089.963,0 2,East,3,5,6
2,6,17,3,7090.877,0 2,South,3,5,6
2,6,17,2,7091.979,1 2,South,3,5,6
2,6,17,2,7092.55,2 2,South,3,5,6
2,6,17,3,7093.432,2 2,West,3,5,6
2,6,17,2,7094.157,2 1,West,3,5,6
2,6,17,2,7094.796,2 1,West,3,5,7
2,6,17,1,7096.471,2 1,South,3,5,7
2,6,17,2,7097.181,2 1,South,3,5,8
2,6,17,3,7099.944,2 1,West,3,5,8
2,6,17,3,7100.646,2 1,North,3,5,8
2,6,17,2,7101.22,1 1,North,3,5,8
2,6,17,1,7101.948,1 1,West,3,5,8
2,6,17,2,7102.652,1 0,West,3,5,8
2,6,17,1,7103.332,1 0,South,3,5,8
2,6,17,2,7104.004,2 0,South,3,5,8
2,6,17,2,7104.647,3 0,South,3,5,8
2,6,17,6,7105.02,3 0,South,3,6,8
2,6,17,1,7106.364,3 0,East,3,6,8
2,6,17,2,7109.769,3 1,East,3,6,8
2,6,17,2,7110.376,3 2,East,3,6,8
2,6,17,3,7111.015,3 2,South,3,6,8
2,6,17,2,7111.717,4 2,South,3,6,8
2,6,17,2,7112.26,4 2,South,3,6,8
2,6,17,2,7112.727,4 2,South,3,6,8
2,6,17,1,7113.096,4 2,East,3,6,8
2,6,17,2,7113.607,4 3,East,3,6,8
2,6,17,2,7114.138,4 4,East,3,6,8
2,6,17,3,7115.034,4 4,South,3,6,8
2,6,17,2,7115.561,4 4,South,3,6,8
2,6,17,2,7116.067,4 4,South,3,6,8
2,6,17,1,7116.584,4 4,East,3,6,8
2,6,17,1,7117.268,4 4,North,3,6,8
2,6,17,2,7118.086,3 4,North,3,6,8
2,6,17,1,7118.755,3 4,West,3,6,8
2,6,17,2,7119.414,3 3,West,3,6,8
2,6,17,3,7119.928,3 3,North,3,6,8
2,6,17,2,7120.661,2 3,North,3,6,8
2,6,17,2,7122.106,1 3,North,3,6,8
2,6,17,2,7123,0 3,North,3,6,8
2,6,17,3,7123.72,0 3,East,3,6,8
2,6,17,2,7124.376,0 4,East,3,6,8
2,6,17,3,7124.923,0 4,South,3,6,8
2,6,17,2,7125.542,1 4,South,3,6,8
2,6,17,2,7126.468,2 4,South,3,6,8
2,6,17,6,7126.84,2 4,South,3,7,8
2,6,17,1,7127.877,2 4,East,3,7,8
2,6,17,1,7128.747,2 4,North,3,7,8
2,6,17,1,7129.336,2 4,West,3,7,8
2,6,17,2,7130.439,2 4,West,3,7,9
2,6,17,3,7131.194,2 4,North,3,7,9
2,6,17,2,7132.056,1 4,North,3,7,9
2,6,17,2,7132.617,0 4,North,3,7,9
2,6,17,2,7133.347,0 4,North,3,7,9
2,6,17,1,7133.708,0 4,West,3,7,9
2,6,17,2,7134.389,0 3,West,3,7,9
2,6,17,1,7135.339,0 3,South,3,7,9
2,6,17,2,7135.946,1 3,South,3,7,9
2,6,17,2,7136.525,2 3,South,3,7,9
2,6,17,2,7137.076,3 3,South,3,7,9
2,6,17,2,7137.67,3 3,South,3,7,10
2,6,17,1,7138.5,3 3,East,3,7,10
2,6,17,2,7139.112,3 4,East,3,7,10
2,6,17,3,7139.653,3 4,South,3,7,10
2,6,17,2,7140.299,4 4,South,3,7,10
2,6,17,3,7141.034,4 4,West,3,7,10
2,6,17,2,7141.83,4 3,West,3,7,10
2,6,17,2,7144.635,4 2,West,3,7,10
2,6,17,3,7145.175,4 2,North,3,7,10
2,6,17,2,7145.781,3 2,North,3,7,10
2,6,17,6,7146.16,3 2,North,3,8,10
0,6,18,2,7150.422,3 4,North,3,0,10
0,6,18,1,7150.953,3 4,West,3,0,10
0,6,18,2,7151.526,3 3,West,3,0,10
0,6,18,3,7152.603,3 3,North,3,0,10
0,6,18,3,7153.511,3 3,East,3,0,10
0,6,18,2,7154.084,3 4,East,3,0,10
0,6,18,3,7154.6,3 4,South,3,0,10
0,6,18,2,7155.125,4 4,South,3,0,10
0,6,18,3,7156.059,4 4,West,3,0,10
0,6,18,2,7156.66,4 3,West,3,0,10
0,6,18,6,7157.08,4 3,West,3,1,10
0,6,18,3,7157.564,4 3,North,3,1,10
0,6,18,1,7158.314,4 3,West,3,1,10
0,6,18,2,7158.842,4 2,West,3,1,10
0,6,18,3,7160.665,4 2,North,3,1,10
0,6,18,2,7161.351,3 2,North,3,1,10
0,6,18,1,7163.242,3 2,West,3,1,10
0,6,18,2,7163.978,3 1,West,3,1,10
0,6,18,2,7164.629,3 0,West,3,1,10
0,6,18,3,7165.222,3 0,North,3,1,10
0,6,18,2,7165.833,2 0,North,3,1,10
0,6,18,6,7166.22,2 0,North,3,2,10
0,6,18,2,7166.504,1 0,North,3,2,10
0,6,18,3,7167.06,1 0,East,3,2,10
0,6,18,2,7167.781,1 1,East,3,2,10
0,6,18,3,7168.394,1 1,South,3,2,10
0,6,18,2,7169.018,2 1,South,3,2,10
0,6,18,1,7169.624,2 1,East,3,2,10
0,6,18,2,7170.205,2 2,East,3,2,10
0,6,18,1,7171.271,2 2,North,3,2,10
0,6,18,2,7171.893,1 2,North,3,2,10
0,6,18,2,7172.453,0 2,North,3,2,10
0,6,18,1,7173.337,0 2,West,3,2,10
0,6,18,1,7174.155,0 2,South,3,2,10
0,6,18,2,7174.98,1 2,South,3,2,10
0,6,18,2,7175.672,2 2,South,3,2,10
0,6,18,3,7176.443,2 2,West,3,2,10
0,6,18,2,7177.067,2 1,West,3,2,10
0,6,18,3,7177.578,2 1,North,3,2,10
0,6,18,2,7178.596,1 1,North,3,2,10
0,6,18,1,7179.559,1 1,West,3,2,10
0,6,18,2,7180.439,1 0,West,3,2,10
0,6,18,1,7181.155,1 0,South,3,2,10
0,6,18,2,7181.738,2 0,South,3,2,10
0,6,18,2,7182.62,3 0,South,3,2,10
0,6,18,1,7183.149,3 0,East,3,2,10
0,6,18,2,7183.688,3 1,East,3,2,10
0,6,18,6,7184.1,3 1,East,3,3,10
0,6,18,3,7184.412,3 1,South,3,3,10
0,6,18,1,7185.368,3 1,East,3,3,10
0,6,18,2,7185.896,3 2,East,3,3,10
0,6,18,3,7186.749,3 2,South,3,3,10
0,6,18,2,7187.353,4 2,South,3,3,10
0,6,18,2,7188.133,4 2,South,3,3,10
0,6,18,3,7188.501,4 2,West,3,3,10
0,6,18,3,7189.037,4 2,North,3,3,10
0,6,18,3,7189.926,4 2,East,3,3,10
0,6,18,2,7190.457,4 3,East,3,3,10
0,6,18,2,7191.125,4 4,East,3,3,10
0,6,18,1,7192.136,4 4,North,3,3,10
0,6,18,2,7192.709,3 4,North,3,3,10
0,6,18,1,7193.303,3 4,West,3,3,10
0,6,18,2,7193.944,3 3,West,3,3,10
0,6,18,2,7194.628,3 3,West,3,3,10
0,6,18,3,7194.971,3 3,North,3,3,10
0,6,18,2,7195.558,2 3,North,3,3,10
0,6,18,2,7196.156,1 3,North,3,3,10
0,6,18,2,7196.725,0 3,North,3,3,10
0,6,18,6,7197.1,0 3,North,3,4,10
0,6,18,3,7197.386,0 3,East,3,4,10
0,6,18,2,7198.199,0 4,East,3,4,10
0,6,18,3,7199.02,0 4,South,3,4,10
0,6,18,3,7199.606,0 4,West,3,4,10
0,6,18,2,7200.46,0 3,West,3,4,10
0,6,18,1,7201.16,0 3,South,3,4,10
0,6,18,2,7202.196,1 3,South,3,4,10
0,6,18,2,7202.87,2 3,South,3,4,10
0,6,18,2,7203.429,3 3,South,3,4,10
0,6,18,1,7203.949,3 3,East,3,4,10
0,6,18,2,7204.486,3 4,East,3,4,10
0,6,18,3,7205.382,3 4,South,3,4,10
0,6,18,2,7205.964,4 4,South,3,4,10
0,6,18,3,7206.57,4 4,West,3,4,10
0,6,18,2,7207.125,4 3,West,3,4,10
0,6,18,2,7207.641,4 2,West,3,4,10
0,6,18,3,7208.5,4 2,North,3,4,10
0,6,18,2,7209.021,3 2,North,3,4,10
0,6,18,1,7209.573,3 2,West,3,4,10
0,6,18,2,7210.196,3 1,West,3,4,10
0,6,18,2,7210.811,3 0,West,3,4,10
0,6,18,3,7211.7,3 0,North,3,4,10
0,6,18,2,7212.342,2 0,North,3,4,10
0,6,18,2,7212.872,1 0,North,3,4,10
0,6,18,3,7213.705,1 0,East,3,4,10
0,6,18,2,7214.377,1 1,East,3,4,10
0,6,18,3,7214.938,1 1,South,3,4,10
0,6,18,2,7215.477,2 1,South,3,4,10
0,6,18,6,7215.86,2 1,South,3,5,10
0,6,18,1,7216.137,2 1,East,3,5,10
0,6,18,2,7216.66,2 2,East,3,5,10
0,6,18,1,7217.658,2 2,North,3,5,10
0,6,18,2,7218.188,1 2,North,3,5,10
0,6,18,2,7218.756,0 2,North,3,5,10
0,6,18,1,7219.604,0 2,West,3,5,10
0,6,18,3,7220.761,0 2,North,3,5,10
0,6,18,3,7221.703,0 2,East,3,5,10
0,6,18,3,7222.505,0 2,South,3,5,10
0,6,18,2,7223.13,1 2,South,3,5,10
0,6,18,2,7223.739,2 2,South,3,5,10
0,6,18,3,7224.713,2 2,West,3,5,10
0,6,18,2,7225.222,2 1,West,3,5,10
0,6,18,3,7226.084,2 1,North,3,5,10
0,6,18,2,7226.761,1 1,North,3,5,10
0,6,18,1,7227.272,1 1,West,3,5,10
0,6,18,2,7227.828,1 0,West,3,5,10
0,6,18,1,7228.364,1 0,South,3,5,10
0,6,18,2,7228.891,2 0,South,3,5,10
0,6,18,1,7229.815,2 0,East,3,5,10
0,6,18,3,7230.871,2 0,South,3,5,10
0,6,18,2,7231.797,3 0,South,3,5,10
0,6,18,1,7232.409,3 0,East,3,5,10
0,6,18,2,7233.031,3 1,East,3,5,10
0,6,18,2,7233.604,3 2,East,3,5,10
0,6,18,6,7234,3 2,East,3,6,10
0,6,18,3,7234.2,3 2,South,3,6,10
0,6,18,2,7234.804,4 2,South,3,6,10
0,6,18,3,7235.595,4 2,West,3,6,10
0,6,18,3,7236.489,4 2,North,3,6,10
0,6,18,3,7237.349,4 2,East,3,6,10
0,6,18,2,7237.93,4 3,East,3,6,10
0,6,18,2,7238.932,4 4,East,3,6,10
0,6,18,1,7239.845,4 4,North,3,6,10
0,6,18,2,7240.395,3 4,North,3,6,10
0,6,18,1,7240.92,3 4,West,3,6,10
0,6,18,2,7241.46,3 3,West,3,6,10
0,6,18,3,7242.265,3 3,North,3,6,10
0,6,18,2,7242.939,2 3,North,3,6,10
0,6,18,2,7243.545,1 3,North,3,6,10
0,6,18,2,7244.122,0 3,North,3,6,10
0,6,18,3,7244.632,0 3,East,3,6,10
0,6,18,2,7245.275,0 4,East,3,6,10
0,6,18,3,7246.068,0 4,South,3,6,10
0,6,18,3,7246.718,0 4,West,3,6,10
0,6,18,2,7247.676,0 3,West,3,6,10
0,6,18,1,7248.187,0 3,South,3,6,10
0,6,18,2,7249.156,1 3,South,3,6,10
0,6,18,2,7250.136,2 3,South,3,6,10
0,6,18,2,7250.808,3 3,South,3,6,10
0,6,18,1,7251.497,3 3,East,3,6,10
0,6,18,2,7252.036,3 4,East,3,6,10
0,6,18,3,7252.804,3 4,South,3,6,10
0,6,18,2,7253.365,4 4,South,3,6,10
0,6,18,3,7254.118,4 4,West,3,6,10
0,6,18,2,7254.776,4 3,West,3,6,10
0,6,18,2,7255.417,4 2,West,3,6,10
0,6,18,3,7256.102,4 2,North,3,6,10
0,6,18,2,7256.678,3 2,North,3,6,10
0,6,18,1,7257.305,3 2,West,3,6,10
0,6,18,1,7257.892,3 2,South,3,6,10
0,6,18,3,7258.474,3 2,West,3,6,10
0,6,18,2,7259.094,3 1,West,3,6,10
0,6,18,2,7259.7,3 0,West,3,6,10
0,6,18,3,7260.217,3 0,North,3,6,10
0,6,18,2,7260.84,2 0,North,3,6,10
0,6,18,2,7261.403,1 0,North,3,6,10
0,6,18,3,7262.325,1 0,East,3,6,10
0,6,18,2,7262.949,1 1,East,3,6,10
0,6,18,3,7263.526,1 1,South,3,6,10
0,6,18,2,7264.12,2 1,South,3,6,10
0,6,18,1,7264.633,2 1,East,3,6,10
0,6,18,2,7265.146,2 2,East,3,6,10
0,6,18,1,7266.072,2 2,North,3,6,10
0,6,18,2,7266.629,1 2,North,3,6,10
0,6,18,2,7267.657,0 2,North,3,6,10
0,6,18,1,7268.185,0 2,West,3,6,10
0,6,18,2,7269.124,0 1,West,3,6,10
0,6,18,6,7269.54,0 1,West,3,7,10
0,6,18,3,7270.02,0 1,North,3,7,10
0,6,18,3,7270.554,0 1,East,3,7,10
0,6,18,2,7271.173,0 2,East,3,7,10
0,6,18,6,7271.58,0 2,East,3,8,10
2,6,18,1,7276.264,4 4,West,3,0,0
2,6,18,2,7278.068,4 3,West,3,0,0
2,6,18,2,7278.758,4 2,West,3,0,0
2,6,18,3,7279.67,4 2,North,3,0,0
2,6,18,2,7282.039,3 2,North,3,0,0
2,6,18,1,7282.796,3 2,West,3,0,0
2,6,18,2,7283.403,3 1,West,3,0,0
2,6,18,2,7283.948,3 0,West,3,0,0
2,6,18,3,7285.013,3 0,North,3,0,0
2,6,18,2,7285.59,2 0,North,3,0,0
2,6,18,6,7285.98,2 0,North,3,1,0
2,6,18,2,7288.745,1 0,North,3,1,0
2,6,18,3,7290.347,1 0,East,3,1,0
2,6,18,2,7291.028,1 1,East,3,1,0
2,6,18,3,7291.637,1 1,South,3,1,0
2,6,18,2,7292.262,2 1,South,3,1,0
2,6,18,1,7292.777,2 1,East,3,1,0
2,6,18,2,7293.414,2 2,East,3,1,0
2,6,18,1,7294.206,2 2,North,3,1,0
2,6,18,2,7294.806,1 2,North,3,1,0
2,6,18,2,7295.387,0 2,North,3,1,0
2,6,18,6,7295.76,0 2,North,3,2,0
2,6,18,1,7296.485,0 2,West,3,2,0
2,6,18,1,7297.693,0 2,South,3,2,0
2,6,18,2,7299.369,1 2,South,3,2,0
2,6,18,2,7300.363,2 2,South,3,2,0
2,6,18,3,7301.948,2 2,West,3,2,0
2,6,18,2,7302.596,2 1,West,3,2,0
2,6,18,6,7303,2 1,West,3,3,0
2,6,18,1,7303.48,2 1,South,3,3,0
2,6,18,1,7304.454,2 1,East,3,3,0
2,6,18,1,7305.053,2 1,North,3,3,0
2,6,18,3,7305.966,2 1,East,3,3,0
2,6,18,3,7306.858,2 1,South,3,3,0
2,6,18,3,7307.45,2 1,West,3,3,0
2,6,18,2,7308.072,2 1,West,3,3,1
2,6,18,1,7308.556,2 1,South,3,3,1
2,6,18,2,7309.094,2 1,South,3,3,2
2,6,18,1,7309.7,2 1,East,3,3,2
2,6,18,2,7310.33,2 2,East,3,3,2
2,6,18,3,7310.854,2 2,South,3,3,2
2,6,18,2,7311.463,2 2,South,3,3,3
2,6,18,3,7311.941,2 2,West,3,3,3
2,6,18,2,7312.602,2 1,West,3,3,3
2,6,18,1,7313.389,2 1,South,3,3,3
2,6,18,2,7313.956,2 1,South,3,3,4
2,6,18,3,7314.396,2 1,West,3,3,4
2,6,18,2,7314.965,2 1,West,3,3,5
2,6,18,3,7315.322,2 1,North,3,3,5
2,6,18,2,7316.012,1 1,North,3,3,5
2,6,18,2,7317.46,1 1,North,3,3,6
2,6,18,3,7318.041,1 1,East,3,3,6
2,6,18,2,7318.987,1 1,East,3,3,7
2,6,18,1,7319.59,1 1,North,3,3,7
2,6,18,1,7320.284,1 1,West,3,3,7
2,6,18,2,7321.014,1 0,West,3,3,7
2,6,18,2,7321.976,1 0,West,3,3,7
2,6,18,1,7322.394,1 0,South,3,3,7
2,6,18,2,7323.221,2 0,South,3,3,7
2,6,18,2,7323.885,3 0,South,3,3,7
2,6,18,1,7324.505,3 0,East,3,3,7
2,6,18,2,7325.125,3 1,East,3,3,7
2,6,18,2,7325.717,3 2,East,3,3,7
2,6,18,3,7326.585,3 2,South,3,3,7
2,6,18,2,7327.208,4 2,South,3,3,7
2,6,18,2,7327.819,4 2,South,3,3,7
2,6,18,2,7328.295,4 2,South,3,3,7
2,6,18,1,7328.619,4 2,East,3,3,7
2,6,18,2,7329.579,4 3,East,3,3,7
2,6,18,2,7330.537,4 4,East,3,3,7
2,6,18,2,7331.116,4 4,East,3,3,7
2,6,18,3,7331.576,4 4,South,3,3,7
2,6,18,2,7332.106,4 4,South,3,3,7
2,6,18,1,7332.614,4 4,East,3,3,7
2,6,18,1,7333.261,4 4,North,3,3,7
2,6,18,2,7335.037,3 4,North,3,3,7
2,6,18,1,7335.785,3 4,West,3,3,7
2,6,18,2,7336.396,3 3,West,3,3,7
2,6,18,3,7337.255,3 3,North,3,3,7
2,6,18,2,7337.881,2 3,North,3,3,7
2,6,18,2,7338.777,1 3,North,3,3,7
2,6,18,2,7339.307,0 3,North,3,3,7
2,6,18,2,7339.82,0 3,North,3,3,7
2,6,18,3,7340.199,0 3,East,3,3,7
2,6,18,2,7340.732,0 4,East,3,3,7
2,6,18,6,7341.14,0 4,East,3,4,7
2,6,18,3,7341.611,0 4,South,3,4,7
2,6,18,3,7342.123,0 4,West,3,4,7
2,6,18,2,7343.158,0 3,West,3,4,7
2,6,18,1,7343.675,0 3,South,3,4,7
2,6,18,2,7344.231,1 3,South,3,4,7
2,6,18,2,7344.924,2 3,South,3,4,7
2,6,18,1,7345.453,2 3,East,3,4,7
2,6,18,2,7346.091,2 3,East,3,4,8
2,6,18,3,7346.776,2 3,South,3,4,8
2,6,18,2,7347.304,3 3,South,3,4,8
2,6,18,1,7347.821,3 3,East,3,4,8
2,6,18,2,7348.378,3 4,East,3,4,8
2,6,18,3,7349.324,3 4,South,3,4,8
2,6,18,2,7349.886,4 4,South,3,4,8
2,6,18,3,7350.748,4 4,West,3,4,8
2,6,18,2,7352.795,4 3,West,3,4,8
2,6,18,2,7353.477,4 2,West,3,4,8
2,6,18,2,7354.123,4 1,West,3,4,8
2,6,18,3,7354.916,4 1,North,3,4,8
2,6,18,2,7355.494,4 1,North,3,4,9
2,6,18,2,7355.994,4 1,North,3,4,10
2,6,18,3,7356.54,4 1,East,3,4,10
2,6,18,2,7357.45,4 2,East,3,4,10
2,6,18,1,7358.085,4 2,North,3,4,10
2,6,18,2,7358.764,3 2,North,3,4,10
2,6,18,1,7359.371,3 2,West,3,4,10
2,6,18,2,7360.01,3 1,West,3,4,10
2,6,18,6,7360.42,3 1,West,3,5,10
2,6,18,3,7360.999,3 1,North,3,5,10
2,6,18,3,7361.705,3 1,East,3,5,10
2,6,18,2,7362.552,3 2,East,3,5,10
2,6,18,3,7363.077,3 2,South,3,5,10
2,6,18,2,7363.672,4 2,South,3,5,10
2,6,18,1,7364.487,4 2,East,3,5,10
2,6,18,2,7365.125,4 3,East,3,5,10
2,6,18,6,7365.54,4 3,East,3,6,10
2,6,18,2,7365.948,4 4,East,3,6,10
2,6,18,3,7366.553,4 4,South,3,6,10
2,6,18,3,7367.11,4 4,West,3,6,10
2,6,18,3,7367.926,4 4,North,3,6,10
2,6,18,3,7370.887,4 4,East,3,6,10
2,6,18,2,7371.481,4 4,East,3,6,10
2,6,18,3,7371.844,4 4,South,3,6,10
2,6,18,3,7372.547,4 4,West,3,6,10
2,6,18,2,7373.221,4 3,West,3,6,10
2,6,18,2,7373.959,4 2,West,3,6,10
2,6,18,3,7374.564,4 2,North,3,6,10
2,6,18,2,7375.239,3 2,North,3,6,10
2,6,18,1,7375.98,3 2,West,3,6,10
2,6,18,2,7377.014,3 1,West,3,6,10
2,6,18,2,7377.993,3 0,West,3,6,10
2,6,18,3,7378.683,3 0,North,3,6,10
2,6,18,2,7379.286,2 0,North,3,6,10
2,6,18,2,7379.88,1 0,North,3,6,10
2,6,18,3,7380.458,1 0,East,3,6,10
2,6,18,2,7381.125,1 1,East,3,6,10
2,6,18,3,7381.769,1 1,South,3,6,10
2,6,18,2,7382.566,2 1,South,3,6,10
2,6,18,1,7383.24,2 1,East,3,6,10
2,6,18,2,7384.281,2 2,East,3,6,10
2,6,18,1,7384.858,2 2,North,3,6,10
2,6,18,2,7385.498,1 2,North,3,6,10
2,6,18,6,7385.88,1 2,North,3,7,10
2,6,18,3,7392.54,1 2,East,3,7,10
2,6,18,3,7393.077,1 2,South,3,7,10
2,6,18,2,7393.814,2 2,South,3,7,10
2,6,18,2,7394.363,2 2,South,3,7,11
2,6,18,3,7394.923,2 2,West,3,7,11
2,6,18,2,7395.591,2 1,West,3,7,11
2,6,18,1,7396.339,2 1,South,3,7,11
2,6,18,2,7396.95,2 1,South,3,7,12
2,6,18,3,7397.476,2 1,West,3,7,12
2,6,18,2,7398.052,2 1,West,3,7,13
2,6,18,3,7399.511,2 1,North,3,7,13
2,6,18,2,7400.103,1 1,North,3,7,13
2,6,18,1,7400.628,1 1,West,3,7,13
2,6,18,2,7401.177,1 0,West,3,7,13
2,6,18,2,7401.72,1 0,West,3,7,13
2,6,18,1,7402.197,1 0,South,3,7,13
2,6,18,2,7402.714,2 0,South,3,7,13
2,6,18,2,7403.307,3 0,South,3,7,13
2,6,18,1,7403.868,3 0,East,3,7,13
2,6,18,2,7404.413,3 1,East,3,7,13
2,6,18,3,7405.383,3 1,South,3,7,13
2,6,18,2,7405.987,3 1,South,3,7,14
2,6,18,1,7406.579,3 1,East,3,7,14
2,6,18,2,7407.097,3 2,East,3,7,14
2,6,18,3,7407.61,3 2,South,3,7,14
2,6,18,2,7408.187,4 2,South,3,7,14
2,6,18,2,7408.73,4 2,South,3,7,14
2,6,18,1,7409.128,4 2,East,3,7,14
2,6,18,2,7410.245,4 3,East,3,7,14
2,6,18,2,7410.885,4 4,East,3,7,14
2,6,18,1,7411.928,4 4,North,3,7,14
2,6,18,2,7413.882,3 4,North,3,7,14
2,6,18,1,7414.508,3 4,West,3,7,14
2,6,18,2,7415.078,3 3,West,3,7,14
2,6,18,3,7415.989,3 3,North,3,7,14
2,6,18,2,7416.589,2 3,North,3,7,14
2,6,18,2,7417.14,1 3,North,3,7,14
2,6,18,2,7417.755,0 3,North,3,7,14
2,6,18,6,7418.14,0 3,North,3,8,14
