PhaseView,Run,Trial,Key,Time,Location,Direction,MazeType,Diamonds,WallBumped
0,3,7,2,609.4866,3 4,North,2,0,1
0,3,7,2,610.4285,2 4,North,2,0,1
0,3,7,2,611.423,1 4,North,2,0,1
0,3,7,1,613.5637,1 4,West,2,0,1
0,3,7,2,614.8776,1 3,West,2,0,1
0,3,7,1,616.7689,1 3,South,2,0,1
0,3,7,2,617.695,2 3,South,2,0,1
0,3,7,3,618.8177,2 3,West,2,0,1
0,3,7,2,619.9471,2 2,West,2,0,1
0,3,7,3,621.1039,2 2,North,2,0,1
0,3,7,2,622.1754,1 2,North,2,0,1
0,3,7,2,623.5036,0 2,North,2,0,1
0,3,7,1,624.6874,0 2,West,2,0,1
0,3,7,2,625.7086,0 1,West,2,0,1
0,3,7,3,627.8989,0 1,North,2,0,1
0,3,7,3,628.5282,0 1,East,2,0,1
0,3,7,2,629.2595,0 2,East,2,0,1
0,3,7,3,630.1534,0 2,South,2,0,1
0,3,7,2,630.7966,1 2,South,2,0,1
0,3,7,2,631.5985,2 2,South,2,0,1
0,3,7,1,632.4976,2 2,East,2,0,1
0,3,7,2,633.1006,2 3,East,2,0,1
0,3,7,1,634.6184,2 3,North,2,0,1
0,3,7,2,635.2263,1 3,North,2,0,1
0,3,7,3,636.1373,1 3,East,2,0,1
0,3,7,2,636.8978,1 4,East,2,0,1
0,3,7,1,638.429,1 4,North,2,0,1
0,3,7,2,639.3284,0 4,North,2,0,1
0,3,7,1,640.4004,0 4,West,2,0,1
0,3,7,1,642.2817,0 4,South,2,0,1
0,3,7,2,643.0743,1 4,South,2,0,1
0,3,7,2,643.675,2 4,South,2,0,1
0,3,7,2,644.2837,3 4,South,2,0,1
0,3,7,2,644.8476,4 4,South,2,0,1
0,3,7,3,645.4817,4 4,West,2,0,1
0,3,7,2,646.1371,4 3,West,2,0,1
0,3,7,2,647.3942,4 2,West,2,0,1
0,3,7,3,648.4276,4 2,North,2,0,1
0,3,7,2,649.4382,3 2,North,2,0,1
0,3,7,6,649.82,3 2,North,2,1,1
0,3,7,1,650.9058,3 2,West,2,1,1
0,3,7,2,651.7302,3 1,West,2,1,1
0,3,7,3,652.5303,3 1,North,2,1,1
0,3,7,2,653.5322,2 1,North,2,1,1
0,3,7,6,653.92,2 1,North,2,2,1
0,3,7,2,655.1494,1 1,North,2,2,1
0,3,7,1,656.0752,1 1,West,2,2,1
0,3,7,2,656.6871,1 0,West,2,2,1
0,3,7,1,657.3228,1 0,South,2,2,1
0,3,7,2,658.2346,2 0,South,2,2,1
0,3,7,2,659.0725,3 0,South,2,2,1
0,3,7,2,660.4573,4 0,South,2,2,1
0,3,7,1,661.1138,4 0,East,2,2,1
0,3,7,2,661.772,4 1,East,2,2,1
0,3,7,3,663.6015,4 1,South,2,2,1
0,3,7,3,664.1251,4 1,West,2,2,1
0,3,7,2,664.6666,4 0,West,2,2,1
0,3,7,3,665.7604,4 0,North,2,2,1
0,3,7,2,666.3788,3 0,North,2,2,1
0,3,7,2,666.9709,2 0,North,2,2,1
0,3,7,2,667.9337,1 0,North,2,2,1
0,3,7,3,668.5457,1 0,East,2,2,1
0,3,7,2,669.2151,1 1,East,2,2,1
0,3,7,3,670.6705,1 1,South,2,2,1
0,3,7,2,671.2817,2 1,South,2,2,1
0,3,7,2,672.6682,3 1,South,2,2,1
0,3,7,1,673.3724,3 1,East,2,2,1
0,3,7,2,674.3177,3 2,East,2,2,1
0,3,7,3,675.3532,3 2,South,2,2,1
0,3,7,2,676.154,4 2,South,2,2,1
0,3,7,1,676.9771,4 2,East,2,2,1
0,3,7,2,677.8514,4 3,East,2,2,1
0,3,7,2,678.6992,4 4,East,2,2,1
0,3,7,1,679.3896,4 4,North,2,2,1
0,3,7,2,680.3966,3 4,North,2,2,1
0,3,7,2,681.1975,2 4,North,2,2,1
0,3,7,2,682.1596,1 4,North,2,2,1
0,3,7,1,682.7472,1 4,West,2,2,1
0,3,7,3,684.1096,1 4,North,2,2,1
0,3,7,1,685.23,1 4,West,2,2,1
0,3,7,3,685.8203,1 4,North,2,2,1
0,3,7,2,686.7475,0 4,North,2,2,1
0,3,7,1,687.3405,0 4,West,2,2,1
0,3,7,1,688.4469,0 4,South,2,2,1
0,3,7,2,689.0223,1 4,South,2,2,1
0,3,7,3,689.5451,1 4,West,2,2,1
0,3,7,2,690.1461,1 3,West,2,2,1
0,3,7,1,691.0427,1 3,South,2,2,1
0,3,7,2,691.7134,2 3,South,2,2,1
0,3,7,3,692.3502,2 3,West,2,2,1
0,3,7,2,693.0096,2 2,West,2,2,1
0,3,7,3,693.8516,2 2,North,2,2,1
0,3,7,2,694.5381,1 2,North,2,2,1
0,3,7,6,694.92,1 2,North,2,3,1
0,3,7,2,695.7094,0 2,North,2,3,1
0,3,7,1,696.2886,0 2,West,2,3,1
0,3,7,2,696.9564,0 1,West,2,3,1
0,3,7,3,698.3007,0 1,North,2,3,1
0,3,7,3,698.8987,0 1,East,2,3,1
0,3,7,2,699.5827,0 2,East,2,3,1
0,3,7,3,700.2688,0 2,South,2,3,1
0,3,7,2,701.1498,1 2,South,2,3,1
0,3,7,2,701.9521,2 2,South,2,3,1
0,3,7,1,702.4889,2 2,East,2,3,1
0,3,7,2,703.1696,2 3,East,2,3,1
0,3,7,1,703.8068,2 3,North,2,3,1
0,3,7,2,704.509,1 3,North,2,3,1
0,3,7,3,705.2021,1 3,East,2,3,1
0,3,7,2,705.8552,1 4,East,2,3,1
0,3,7,3,706.4807,1 4,South,2,3,1
0,3,7,2,707.0894,2 4,South,2,3,1
0,3,7,2,707.6617,3 4,South,2,3,1
0,3,7,2,708.2418,4 4,South,2,3,1
0,3,7,3,708.8572,4 4,West,2,3,1
0,3,7,2,709.5228,4 3,West,2,3,1
0,3,7,2,710.1534,4 2,West,2,3,1
0,3,7,3,710.7986,4 2,North,2,3,1
0,3,7,2,711.696,3 2,North,2,3,1
0,3,7,3,712.6385,3 2,East,2,3,1
0,3,7,2,713.468,3 3,East,2,3,1
0,3,7,6,713.88,3 3,East,2,4,1
0,3,7,3,714.8959,3 3,South,2,4,1
0,3,7,3,715.4178,3 3,West,2,4,1
0,3,7,2,716.025,3 2,West,2,4,1
0,3,7,2,716.6182,3 1,West,2,4,1
0,3,7,3,717.2291,3 1,North,2,4,1
0,3,7,2,717.867,2 1,North,2,4,1
0,3,7,2,718.495,1 1,North,2,4,1
0,3,7,1,719.566,1 1,West,2,4,1
0,3,7,2,720.1896,1 0,West,2,4,1
0,3,7,1,720.8633,1 0,South,2,4,1
0,3,7,2,721.8744,2 0,South,2,4,1
0,3,7,2,722.5258,3 0,South,2,4,1
0,3,7,2,723.2756,4 0,South,2,4,1
0,3,7,1,723.8892,4 0,East,2,4,1
0,3,7,2,724.6104,4 1,East,2,4,1
0,3,7,3,725.4988,4 1,South,2,4,1
0,3,7,3,726.0583,4 1,West,2,4,1
0,3,7,2,726.9769,4 0,West,2,4,1
0,3,7,3,727.8672,4 0,North,2,4,1
0,3,7,2,728.4655,3 0,North,2,4,1
0,3,7,2,729.0362,2 0,North,2,4,1
0,3,7,2,729.5945,1 0,North,2,4,1
0,3,7,3,730.2028,1 0,East,2,4,1
0,3,7,2,730.7634,1 1,East,2,4,1
0,3,7,3,731.3721,1 1,South,2,4,1
0,3,7,2,732.0096,2 1,South,2,4,1
0,3,7,2,732.5896,3 1,South,2,4,1
0,3,7,1,733.169,3 1,East,2,4,1
0,3,7,2,733.9176,3 2,East,2,4,1
0,3,7,3,734.5281,3 2,South,2,4,1
0,3,7,2,735.0998,4 2,South,2,4,1
0,3,7,1,735.6501,4 2,East,2,4,1
0,3,7,2,736.6405,4 3,East,2,4,1
0,3,7,2,737.2672,4 4,East,2,4,1
0,3,7,1,738.0629,4 4,North,2,4,1
0,3,7,2,738.6392,3 4,North,2,4,1
0,3,7,2,739.2758,2 4,North,2,4,1
0,3,7,2,739.8897,1 4,North,2,4,1
0,3,7,2,740.4262,0 4,North,2,4,1
0,3,7,1,741.3389,0 4,West,2,4,1
0,3,7,3,742.3623,0 4,North,2,4,1
0,3,7,3,742.9587,0 4,East,2,4,1
0,3,7,3,743.8389,0 4,South,2,4,1
0,3,7,2,744.5098,1 4,South,2,4,1
0,3,7,3,745.0397,1 4,West,2,4,1
0,3,7,2,745.6174,1 3,West,2,4,1
0,3,7,1,746.1443,1 3,South,2,4,1
0,3,7,2,746.7055,2 3,South,2,4,1
0,3,7,3,747.242,2 3,West,2,4,1
0,3,7,2,747.8063,2 2,West,2,4,1
0,3,7,2,749.353,2 2,West,2,4,1
0,3,7,3,749.8026,2 2,North,2,4,1
0,3,7,2,750.3835,1 2,North,2,4,1
0,3,7,2,751.0256,0 2,North,2,4,1
0,3,7,1,751.537,0 2,West,2,4,1
0,3,7,2,752.171,0 1,West,2,4,1
0,3,7,2,752.779,0 0,West,2,4,1
0,3,7,6,753.2,0 0,West,2,5,1
0,3,7,3,753.4586,0 0,North,2,5,1
0,3,7,3,754.416,0 0,East,2,5,1
0,3,7,2,755.0043,0 1,East,2,5,1
0,3,7,2,755.6169,0 2,East,2,5,1
0,3,7,3,756.1882,0 2,South,2,5,1
0,3,7,2,756.7518,1 2,South,2,5,1
0,3,7,2,757.2615,2 2,South,2,5,1
0,3,7,1,757.8016,2 2,East,2,5,1
0,3,7,2,758.3865,2 3,East,2,5,1
0,3,7,1,758.9282,2 3,North,2,5,1
0,3,7,2,759.8994,1 3,North,2,5,1
0,3,7,3,760.4773,1 3,East,2,5,1
0,3,7,2,761.0853,1 4,East,2,5,1
0,3,7,6,761.5,1 4,East,2,6,1
0,3,7,3,762.0331,1 4,South,2,6,1
0,3,7,2,762.6218,2 4,South,2,6,1
0,3,7,2,763.657,3 4,South,2,6,1
0,3,7,2,764.2545,4 4,South,2,6,1
0,3,7,3,764.8429,4 4,West,2,6,1
0,3,7,2,765.4672,4 3,West,2,6,1
0,3,7,2,766.0591,4 2,West,2,6,1
0,3,7,3,766.5719,4 2,North,2,6,1
0,3,7,2,767.3253,3 2,North,2,6,1
0,3,7,3,768.0961,3 2,East,2,6,1
0,3,7,1,769.1072,3 2,North,2,6,1
0,3,7,1,769.8021,3 2,West,2,6,1
0,3,7,2,770.62,3 1,West,2,6,1
0,3,7,3,771.2905,3 1,North,2,6,1
0,3,7,2,771.9984,2 1,North,2,6,1
0,3,7,2,772.62,1 1,North,2,6,1
0,3,7,1,773.4583,1 1,West,2,6,1
0,3,7,2,774.1534,1 0,West,2,6,1
0,3,7,1,774.8744,1 0,South,2,6,1
0,3,7,2,775.5487,2 0,South,2,6,1
0,3,7,2,776.1873,3 0,South,2,6,1
0,3,7,2,776.842,4 0,South,2,6,1
0,3,7,1,777.4565,4 0,East,2,6,1
0,3,7,1,778.2189,4 0,North,2,6,1
0,3,7,2,778.8114,3 0,North,2,6,1
0,3,7,2,779.3438,2 0,North,2,6,1
0,3,7,2,779.8867,1 0,North,2,6,1
0,3,7,3,780.4188,1 0,East,2,6,1
0,3,7,3,781.088,1 0,South,2,6,1
0,3,7,1,782.0937,1 0,East,2,6,1
0,3,7,2,782.6671,1 1,East,2,6,1
0,3,7,3,783.2338,1 1,South,2,6,1
0,3,7,2,784.1573,2 1,South,2,6,1
0,3,7,2,784.6988,3 1,South,2,6,1
0,3,7,1,785.3098,3 1,East,2,6,1
0,3,7,3,786.1763,3 1,South,2,6,1
0,3,7,1,786.8432,3 1,East,2,6,1
0,3,7,2,787.6951,3 2,East,2,6,1
0,3,7,3,788.3173,3 2,South,2,6,1
0,3,7,2,788.9277,4 2,South,2,6,1
0,3,7,1,789.8977,4 2,East,2,6,1
0,3,7,2,790.5255,4 3,East,2,6,1
0,3,7,2,791.5048,4 4,East,2,6,1
0,3,7,1,792.049,4 4,North,2,6,1
0,3,7,2,792.7178,3 4,North,2,6,1
0,3,7,2,793.2813,2 4,North,2,6,1
0,3,7,2,793.8338,1 4,North,2,6,1
0,3,7,2,794.9117,0 4,North,2,6,1
0,3,7,1,795.5003,0 4,West,2,6,1
0,3,7,2,796.1296,0 3,West,2,6,1
0,3,7,6,796.54,0 3,West,2,7,1
0,3,7,3,796.7996,0 3,North,2,7,1
0,3,7,3,797.3141,0 3,East,2,7,1
0,3,7,2,797.8541,0 4,East,2,7,1
0,3,7,3,798.4795,0 4,South,2,7,1
0,3,7,2,799.038,1 4,South,2,7,1
0,3,7,3,799.631,1 4,West,2,7,1
0,3,7,2,800.6505,1 3,West,2,7,1
0,3,7,1,801.2963,1 3,South,2,7,1
0,3,7,2,801.9864,2 3,South,2,7,1
0,3,7,6,802.36,2 3,South,2,8,1
3,3,7,2,806.9639,3 4,North,2,0,0
3,3,7,1,807.58,3 4,North,2,0,1
3,3,7,2,808.3475,2 4,North,2,0,1
3,3,7,1,808.9951,2 4,North,2,0,2
3,3,7,2,817.4745,1 4,North,2,0,2
3,3,7,1,818.1695,1 3,North,2,0,2
3,3,7,4,819.0546,2 3,North,2,0,2
3,3,7,4,820.879,2 3,North,2,0,3
3,3,7,1,821.4358,2 2,North,2,0,3
3,3,7,4,822.4291,2 2,North,2,0,4
3,3,7,3,824.3793,2 3,North,2,0,4
3,3,7,3,825.0853,2 3,North,2,0,5
3,3,7,2,825.5331,1 3,North,2,0,5
3,3,7,1,826.1863,1 3,North,2,0,6
3,3,7,2,828.1461,1 3,North,2,0,7
3,3,7,4,829.3474,2 3,North,2,0,7
3,3,7,3,830.1313,2 3,North,2,0,8
3,3,7,1,830.7157,2 2,North,2,0,8
3,3,7,2,831.3704,1 2,North,2,0,8
3,3,7,2,833.0978,0 2,North,2,0,8
3,3,7,4,836.4964,1 2,North,2,0,8
3,3,7,4,837.3408,2 2,North,2,0,8
3,3,7,2,842.0748,1 2,North,2,0,8
3,3,7,2,842.7964,0 2,North,2,0,8
3,3,7,3,843.5376,0 2,North,2,0,9
3,3,7,4,844.1369,1 2,North,2,0,9
3,3,7,3,844.8787,1 2,North,2,0,10
3,3,7,4,845.5662,2 2,North,2,0,10
3,3,7,3,846.2723,2 3,North,2,0,10
3,3,7,2,846.9265,1 3,North,2,0,10
3,3,7,3,847.6501,1 4,North,2,0,10
3,3,7,4,848.4175,2 4,North,2,0,10
3,3,7,4,849.1929,3 4,North,2,0,10
3,3,7,1,850.8622,3 4,North,2,0,11
3,3,7,4,852.1279,4 4,North,2,0,11
3,3,7,1,852.9102,4 3,North,2,0,11
3,3,7,2,853.5955,4 3,North,2,0,12
3,3,7,1,854.395,4 2,North,2,0,12
3,3,7,2,855.1161,3 2,North,2,0,12
3,3,7,3,855.775,3 3,North,2,0,12
3,3,7,6,856.18,3 3,North,2,1,12
3,3,7,1,857.1192,3 2,North,2,1,12
3,3,7,4,857.6961,4 2,North,2,1,12
3,3,7,3,858.3804,4 3,North,2,1,12
3,3,7,3,859.1017,4 4,North,2,1,12
3,3,7,2,861.0512,3 4,North,2,1,12
3,3,7,2,863.5291,2 4,North,2,1,12
3,3,7,2,866.7065,1 4,North,2,1,12
3,3,7,1,870.2745,1 3,North,2,1,12
3,3,7,4,871.2014,2 3,North,2,1,12
3,3,7,1,872.0024,2 2,North,2,1,12
3,3,7,2,872.7675,1 2,North,2,1,12
3,3,7,1,874.4276,1 2,North,2,1,13
3,3,7,2,874.988,0 2,North,2,1,13
3,3,7,1,875.7415,0 1,North,2,1,13
3,3,7,4,876.4785,0 1,North,2,1,14
3,3,7,1,877.0991,0 0,North,2,1,14
3,3,7,4,877.9541,0 0,North,2,1,15
3,3,7,3,879.0812,0 1,North,2,1,15
3,3,7,3,879.9207,0 2,North,2,1,15
3,3,7,3,880.739,0 2,North,2,1,16
3,3,7,4,881.339,1 2,North,2,1,16
3,3,7,4,882.0294,2 2,North,2,1,16
3,3,7,3,882.674,2 3,North,2,1,16
3,3,7,3,883.3375,2 3,North,2,1,17
3,3,7,2,883.9969,1 3,North,2,1,17
3,3,7,3,884.6583,1 4,North,2,1,17
3,3,7,4,885.2919,2 4,North,2,1,17
3,3,7,4,886.0151,3 4,North,2,1,17
3,3,7,4,887.6572,4 4,North,2,1,17
3,3,7,1,888.5228,4 3,North,2,1,17
3,3,7,1,889.7233,4 2,North,2,1,17
3,3,7,2,890.4781,3 2,North,2,1,17
3,3,7,1,891.6424,3 1,North,2,1,17
3,3,7,2,892.3851,2 1,North,2,1,17
3,3,7,6,892.76,2 1,North,2,2,17
3,3,7,4,893.3127,3 1,North,2,2,17
3,3,7,3,893.9954,3 2,North,2,2,17
3,3,7,4,894.623,4 2,North,2,2,17
3,3,7,3,895.2113,4 3,North,2,2,17
3,3,7,3,895.9352,4 4,North,2,2,17
3,3,7,2,896.5913,3 4,North,2,2,17
3,3,7,2,897.2184,2 4,North,2,2,17
3,3,7,2,897.8553,1 4,North,2,2,17
3,3,7,1,898.9761,1 3,North,2,2,17
3,3,7,2,899.5183,1 3,North,2,2,18
3,3,7,1,900.0161,1 3,North,2,2,19
3,3,7,1,900.8828,1 3,North,2,2,20
3,3,7,4,901.6453,2 3,North,2,2,20
3,3,7,2,903.4042,1 3,North,2,2,20
3,3,7,3,904.0438,1 4,North,2,2,20
3,3,7,2,904.9445,0 4,North,2,2,20
3,3,7,1,905.5823,0 3,North,2,2,20
3,3,7,6,905.98,0 3,North,2,3,20
3,3,7,3,906.6918,0 4,North,2,3,20
3,3,7,4,907.4093,1 4,North,2,3,20
3,3,7,4,909.9187,2 4,North,2,3,20
3,3,7,4,910.7309,3 4,North,2,3,20
3,3,7,4,911.5685,4 4,North,2,3,20
3,3,7,2,912.6862,3 4,North,2,3,20
3,3,7,1,915.9466,3 4,North,2,3,21
3,3,7,2,916.4006,2 4,North,2,3,21
3,3,7,1,917.1141,2 4,North,2,3,22
3,3,7,2,917.6002,1 4,North,2,3,22
3,3,7,1,918.9133,1 3,North,2,3,22
3,3,7,4,919.4515,2 3,North,2,3,22
3,3,7,1,920.0776,2 2,North,2,3,22
3,3,7,2,920.7516,1 2,North,2,3,22
3,3,7,2,922.7798,0 2,North,2,3,22
3,3,7,1,923.4373,0 1,North,2,3,22
3,3,7,3,924.3933,0 2,North,2,3,22
3,3,7,4,924.9078,1 2,North,2,3,22
3,3,7,4,925.837,2 2,North,2,3,22
3,3,7,3,926.3477,2 3,North,2,3,22
3,3,7,2,926.9099,1 3,North,2,3,22
3,3,7,3,927.4336,1 4,North,2,3,22
3,3,7,4,928.5143,2 4,North,2,3,22
3,3,7,2,930.7464,1 4,North,2,3,22
3,3,7,4,932.3184,2 4,North,2,3,22
3,3,7,4,932.9879,3 4,North,2,3,22
3,3,7,4,933.8279,4 4,North,2,3,22
3,3,7,1,934.4942,4 3,North,2,3,22
3,3,7,1,935.6639,4 2,North,2,3,22
3,3,7,2,936.4304,3 2,North,2,3,22
3,3,7,2,937.2752,3 2,North,2,3,23
3,3,7,1,937.7418,3 1,North,2,3,23
3,3,7,1,939.3151,3 1,North,2,3,24
3,3,7,4,939.7603,3 1,North,2,3,25
3,3,7,4,940.4982,3 1,North,2,3,26
3,3,7,2,941.0686,2 1,North,2,3,26
3,3,7,1,941.7568,2 1,North,2,3,27
3,3,7,1,942.4464,2 1,North,2,3,28
3,3,7,4,942.8434,3 1,North,2,3,28
3,3,7,2,945.1315,2 1,North,2,3,28
3,3,7,1,946.5746,2 1,North,2,3,29
3,3,7,3,947.934,2 1,North,2,3,30
3,3,7,4,948.5049,3 1,North,2,3,30
3,3,7,1,949.4849,3 1,North,2,3,31
3,3,7,4,950.1437,3 1,North,2,3,32
3,3,7,1,951.0399,3 1,North,2,3,33
3,3,7,2,952.2416,2 1,North,2,3,33
3,3,7,4,956.0275,3 1,North,2,3,33
3,3,7,3,956.7618,3 2,North,2,3,33
3,3,7,4,957.6465,4 2,North,2,3,33
3,3,7,1,958.479,4 2,North,2,3,34
3,3,7,3,960.1566,4 3,North,2,3,34
3,3,7,1,961.2094,4 2,North,2,3,34
3,3,7,2,962.2889,3 2,North,2,3,34
3,3,7,2,962.9853,3 2,North,2,3,35
3,3,7,4,963.7432,4 2,North,2,3,35
3,3,7,3,964.2976,4 3,North,2,3,35
3,3,7,3,964.9456,4 4,North,2,3,35
3,3,7,3,965.6197,4 4,North,2,3,35
3,3,7,2,965.9523,3 4,North,2,3,35
3,3,7,2,967.0256,2 4,North,2,3,35
3,3,7,1,969.4063,2 4,North,2,3,36
3,3,7,2,969.8892,1 4,North,2,3,36
3,3,7,1,970.6592,1 3,North,2,3,36
3,3,7,4,971.3633,2 3,North,2,3,36
3,3,7,1,972.0313,2 2,North,2,3,36
3,3,7,2,972.6823,1 2,North,2,3,36
3,3,7,2,975.3212,0 2,North,2,3,36
3,3,7,1,975.9344,0 1,North,2,3,36
3,3,7,1,976.7848,0 0,North,2,3,36
3,3,7,3,977.5841,0 1,North,2,3,36
3,3,7,3,978.1411,0 2,North,2,3,36
3,3,7,4,978.8323,1 2,North,2,3,36
3,3,7,1,979.5505,1 2,North,2,3,37
3,3,7,2,980.4777,0 2,North,2,3,37
3,3,7,3,981.4219,0 2,North,2,3,38
3,3,7,4,981.9228,1 2,North,2,3,38
3,3,7,4,982.8746,2 2,North,2,3,38
3,3,7,3,983.5516,2 3,North,2,3,38
3,3,7,3,984.144,2 3,North,2,3,39
3,3,7,2,984.8137,1 3,North,2,3,39
3,3,7,3,985.5358,1 4,North,2,3,39
3,3,7,4,987.0733,2 4,North,2,3,39
3,3,7,4,987.7875,3 4,North,2,3,39
3,3,7,4,988.5302,4 4,North,2,3,39
3,3,7,1,989.3116,4 3,North,2,3,39
3,3,7,1,991.4421,4 2,North,2,3,39
3,3,7,1,994.6275,4 2,North,2,3,40
3,3,7,2,995.1995,3 2,North,2,3,40
3,3,7,1,996.3639,3 1,North,2,3,40
3,3,7,1,998.4319,3 1,North,2,3,41
3,3,7,4,999.243,3 1,North,2,3,42
3,3,7,2,1000.025,2 1,North,2,3,42
3,3,7,1,1001.136,2 1,North,2,3,43
3,3,7,3,1002.284,2 1,North,2,3,44
3,3,7,4,1003.097,3 1,North,2,3,44
3,3,7,2,1004.858,2 1,North,2,3,44
3,3,7,4,1005.535,3 1,North,2,3,44
3,3,7,4,1006.898,3 1,North,2,3,45
3,3,7,2,1008.094,2 1,North,2,3,45
3,3,7,3,1008.673,2 1,North,2,3,46
3,3,7,2,1009.501,1 1,North,2,3,46
3,3,7,1,1010.683,1 0,North,2,3,46
3,3,7,4,1011.379,2 0,North,2,3,46
3,3,7,4,1012.011,3 0,North,2,3,46
3,3,7,4,1012.627,4 0,North,2,3,46
3,3,7,6,1013,4 0,North,2,4,46
3,3,7,2,1013.516,3 0,North,2,4,46
3,3,7,2,1014.131,2 0,North,2,4,46
3,3,7,2,1014.75,1 0,North,2,4,46
3,3,7,3,1015.371,1 1,North,2,4,46
3,3,7,4,1015.983,2 1,North,2,4,46
3,3,7,3,1016.641,2 1,North,2,4,47
3,3,7,2,1018.365,1 1,North,2,4,47
3,3,7,3,1019.758,1 1,North,2,4,48
3,3,7,4,1020.234,2 1,North,2,4,48
3,3,7,4,1020.843,3 1,North,2,4,48
3,3,7,3,1021.442,3 2,North,2,4,48
3,3,7,4,1022.557,4 2,North,2,4,48
3,3,7,3,1023.774,4 3,North,2,4,48
3,3,7,3,1024.425,4 4,North,2,4,48
3,3,7,2,1025.026,3 4,North,2,4,48
3,3,7,2,1025.663,2 4,North,2,4,48
3,3,7,2,1026.335,1 4,North,2,4,48
3,3,7,1,1026.956,1 3,North,2,4,48
3,3,7,4,1027.547,2 3,North,2,4,48
3,3,7,6,1027.92,2 3,North,2,5,48
3,3,7,2,1028.446,1 3,North,2,5,48
3,3,7,3,1029.099,1 4,North,2,5,48
3,3,7,4,1029.723,2 4,North,2,5,48
3,3,7,4,1030.318,3 4,North,2,5,48
3,3,7,4,1030.944,4 4,North,2,5,48
3,3,7,1,1031.552,4 3,North,2,5,48
3,3,7,1,1032.527,4 2,North,2,5,48
3,3,7,2,1033.104,3 2,North,2,5,48
3,3,7,6,1033.48,3 2,North,2,6,48
3,3,7,4,1033.77,4 2,North,2,6,48
3,3,7,2,1034.702,3 2,North,2,6,48
3,3,7,2,1035.362,3 2,North,2,6,49
3,3,7,1,1035.964,3 1,North,2,6,49
3,3,7,2,1036.898,2 1,North,2,6,49
3,3,7,1,1037.835,2 1,North,2,6,50
3,3,7,4,1038.432,3 1,North,2,6,50
3,3,7,2,1039.179,2 1,North,2,6,50
3,3,7,2,1039.82,1 1,North,2,6,50
3,3,7,1,1040.355,1 0,North,2,6,50
3,3,7,4,1040.913,2 0,North,2,6,50
3,3,7,6,1041.28,2 0,North,2,7,50
3,3,7,2,1041.587,1 0,North,2,7,50
3,3,7,3,1042.144,1 1,North,2,7,50
3,3,7,4,1043.274,2 1,North,2,7,50
3,3,7,4,1044.177,3 1,North,2,7,50
3,3,7,3,1044.83,3 2,North,2,7,50
3,3,7,4,1045.385,4 2,North,2,7,50
3,3,7,3,1045.954,4 3,North,2,7,50
3,3,7,3,1046.491,4 4,North,2,7,50
3,3,7,3,1047.169,4 4,North,2,7,50
3,3,7,2,1047.587,3 4,North,2,7,50
3,3,7,2,1048.186,2 4,North,2,7,50
3,3,7,2,1048.8,1 4,North,2,7,50
3,3,7,2,1049.442,0 4,North,2,7,50
3,3,7,1,1050.015,0 3,North,2,7,50
3,3,7,1,1050.592,0 3,North,2,7,51
3,3,7,4,1051.001,0 3,North,2,7,52
3,3,7,4,1051.643,0 3,North,2,7,53
3,3,7,1,1052.478,0 3,North,2,7,54
3,3,7,3,1053.28,0 4,North,2,7,54
3,3,7,4,1054.009,1 4,North,2,7,54
3,3,7,4,1056.317,2 4,North,2,7,54
3,3,7,1,1057.33,2 4,North,2,7,55
3,3,7,2,1057.932,1 4,North,2,7,55
3,3,7,4,1058.734,2 4,North,2,7,55
3,3,7,2,1059.372,1 4,North,2,7,55
3,3,7,1,1060.081,1 3,North,2,7,55
3,3,7,4,1060.703,2 3,North,2,7,55
3,3,7,1,1061.357,2 2,North,2,7,55
3,3,7,2,1061.999,1 2,North,2,7,55
3,3,7,2,1062.619,0 2,North,2,7,55
3,3,7,6,1063,0 2,North,2,8,55
0,3,8,2,1087.003,3 4,North,2,0,55
0,3,8,2,1087.582,2 4,North,2,0,55
0,3,8,2,1088.529,1 4,North,2,0,55
0,3,8,2,1089.874,0 4,North,2,0,55
0,3,8,1,1090.61,0 4,West,2,0,55
0,3,8,3,1091.644,0 4,North,2,0,55
0,3,8,1,1094.273,0 4,West,2,0,55
0,3,8,1,1094.879,0 4,South,2,0,55
0,3,8,2,1095.515,1 4,South,2,0,55
0,3,8,3,1096.33,1 4,West,2,0,55
0,3,8,2,1097.885,1 3,West,2,0,55
0,3,8,1,1098.651,1 3,South,2,0,55
0,3,8,2,1099.437,2 3,South,2,0,55
0,3,8,3,1100.382,2 3,West,2,0,55
0,3,8,2,1101.787,2 2,West,2,0,55
0,3,8,3,1103.483,2 2,North,2,0,55
0,3,8,2,1104.298,1 2,North,2,0,55
0,3,8,2,1105.326,0 2,North,2,0,55
0,3,8,1,1106.066,0 2,West,2,0,55
0,3,8,2,1106.843,0 1,West,2,0,55
0,3,8,3,1108.288,0 1,North,2,0,55
0,3,8,3,1108.827,0 1,East,2,0,55
0,3,8,2,1109.55,0 2,East,2,0,55
0,3,8,3,1110.139,0 2,South,2,0,55
0,3,8,2,1110.735,1 2,South,2,0,55
0,3,8,2,1111.307,2 2,South,2,0,55
0,3,8,1,1111.89,2 2,East,2,0,55
0,3,8,2,1112.461,2 3,East,2,0,55
0,3,8,1,1113.042,2 3,North,2,0,55
0,3,8,2,1113.581,1 3,North,2,0,55
0,3,8,3,1114.094,1 3,East,2,0,55
0,3,8,3,1114.713,1 3,South,2,0,55
0,3,8,1,1115.405,1 3,East,2,0,55
0,3,8,2,1116.016,1 4,East,2,0,55
0,3,8,3,1116.976,1 4,South,2,0,55
0,3,8,2,1117.563,2 4,South,2,0,55
0,3,8,2,1118.171,3 4,South,2,0,55
0,3,8,2,1118.761,4 4,South,2,0,55
0,3,8,3,1119.34,4 4,West,2,0,55
0,3,8,2,1119.901,4 3,West,2,0,55
0,3,8,6,1120.32,4 3,West,2,1,55
0,3,8,2,1120.825,4 2,West,2,1,55
0,3,8,3,1121.473,4 2,North,2,1,55
0,3,8,2,1122.081,3 2,North,2,1,55
0,3,8,3,1122.671,3 2,East,2,1,55
0,3,8,1,1123.546,3 2,North,2,1,55
0,3,8,1,1124.14,3 2,West,2,1,55
0,3,8,2,1124.749,3 1,West,2,1,55
0,3,8,3,1125.691,3 1,North,2,1,55
0,3,8,2,1126.268,2 1,North,2,1,55
0,3,8,2,1126.826,1 1,North,2,1,55
0,3,8,1,1127.406,1 1,West,2,1,55
0,3,8,2,1128.079,1 0,West,2,1,55
0,3,8,1,1128.719,1 0,South,2,1,55
0,3,8,2,1129.307,2 0,South,2,1,55
0,3,8,2,1129.838,3 0,South,2,1,55
0,3,8,2,1130.415,4 0,South,2,1,55
0,3,8,1,1130.985,4 0,East,2,1,55
0,3,8,2,1131.661,4 1,East,2,1,55
0,3,8,3,1132.301,4 1,South,2,1,55
0,3,8,3,1132.941,4 1,West,2,1,55
0,3,8,2,1133.519,4 0,West,2,1,55
0,3,8,3,1134.031,4 0,North,2,1,55
0,3,8,2,1134.562,3 0,North,2,1,55
0,3,8,2,1135.296,2 0,North,2,1,55
0,3,8,2,1135.997,1 0,North,2,1,55
0,3,8,3,1136.617,1 0,East,2,1,55
0,3,8,2,1137.347,1 1,East,2,1,55
0,3,8,3,1137.933,1 1,South,2,1,55
0,3,8,2,1138.515,2 1,South,2,1,55
0,3,8,1,1139.209,2 1,East,2,1,55
0,3,8,3,1139.821,2 1,South,2,1,55
0,3,8,2,1140.458,3 1,South,2,1,55
0,3,8,1,1140.99,3 1,East,2,1,55
0,3,8,2,1141.561,3 2,East,2,1,55
0,3,8,3,1142.107,3 2,South,2,1,55
0,3,8,2,1142.649,4 2,South,2,1,55
0,3,8,1,1143.161,4 2,East,2,1,55
0,3,8,2,1144.137,4 3,East,2,1,55
0,3,8,2,1144.719,4 4,East,2,1,55
0,3,8,1,1145.697,4 4,North,2,1,55
0,3,8,2,1146.275,3 4,North,2,1,55
0,3,8,2,1146.811,2 4,North,2,1,55
0,3,8,2,1147.409,1 4,North,2,1,55
0,3,8,2,1147.995,0 4,North,2,1,55
0,3,8,1,1149.021,0 4,West,2,1,55
0,3,8,3,1149.602,0 4,North,2,1,55
0,3,8,3,1150.113,0 4,East,2,1,55
0,3,8,3,1151.055,0 4,South,2,1,55
0,3,8,2,1151.694,1 4,South,2,1,55
0,3,8,3,1152.578,1 4,West,2,1,55
0,3,8,2,1153.185,1 3,West,2,1,55
0,3,8,1,1153.883,1 3,South,2,1,55
0,3,8,2,1154.465,2 3,South,2,1,55
0,3,8,3,1155.01,2 3,West,2,1,55
0,3,8,2,1155.554,2 2,West,2,1,55
0,3,8,3,1156.417,2 2,North,2,1,55
0,3,8,2,1156.986,1 2,North,2,1,55
0,3,8,2,1157.615,0 2,North,2,1,55
0,3,8,1,1158.159,0 2,West,2,1,55
0,3,8,2,1159.067,0 1,West,2,1,55
0,3,8,6,1159.48,0 1,West,2,2,55
0,3,8,2,1159.773,0 0,West,2,2,55
0,3,8,3,1160.78,0 0,North,2,2,55
0,3,8,3,1161.481,0 0,East,2,2,55
0,3,8,2,1162.031,0 1,East,2,2,55
0,3,8,2,1162.602,0 2,East,2,2,55
0,3,8,3,1163.241,0 2,South,2,2,55
0,3,8,2,1163.871,1 2,South,2,2,55
0,3,8,2,1164.473,2 2,South,2,2,55
0,3,8,1,1165.036,2 2,East,2,2,55
0,3,8,2,1165.658,2 3,East,2,2,55
0,3,8,1,1166.237,2 3,North,2,2,55
0,3,8,2,1166.844,1 3,North,2,2,55
0,3,8,3,1167.438,1 3,East,2,2,55
0,3,8,2,1168.093,1 4,East,2,2,55
0,3,8,1,1168.842,1 4,North,2,2,55
0,3,8,2,1169.532,0 4,North,2,2,55
0,3,8,1,1170.093,0 4,West,2,2,55
0,3,8,1,1170.797,0 4,South,2,2,55
0,3,8,2,1171.323,1 4,South,2,2,55
0,3,8,2,1171.835,2 4,South,2,2,55
0,3,8,2,1172.78,3 4,South,2,2,55
0,3,8,2,1173.37,4 4,South,2,2,55
0,3,8,3,1173.995,4 4,West,2,2,55
0,3,8,2,1174.586,4 3,West,2,2,55
0,3,8,2,1175.215,4 2,West,2,2,55
0,3,8,3,1175.802,4 2,North,2,2,55
0,3,8,2,1176.383,3 2,North,2,2,55
0,3,8,1,1176.947,3 2,West,2,2,55
0,3,8,2,1177.549,3 1,West,2,2,55
0,3,8,3,1178.065,3 1,North,2,2,55
0,3,8,2,1178.638,2 1,North,2,2,55
0,3,8,2,1179.55,1 1,North,2,2,55
0,3,8,1,1180.112,1 1,West,2,2,55
0,3,8,2,1180.702,1 0,West,2,2,55
0,3,8,6,1181.12,1 0,West,2,3,55
0,3,8,1,1181.372,1 0,South,2,3,55
0,3,8,2,1181.963,2 0,South,2,3,55
0,3,8,2,1183.661,3 0,South,2,3,55
0,3,8,2,1184.186,4 0,South,2,3,55
0,3,8,3,1184.762,4 0,West,2,3,55
0,3,8,3,1185.709,4 0,North,2,3,55
0,3,8,2,1186.299,3 0,North,2,3,55
0,3,8,2,1186.827,2 0,North,2,3,55
0,3,8,2,1187.407,1 0,North,2,3,55
0,3,8,3,1187.93,1 0,East,2,3,55
0,3,8,2,1188.539,1 1,East,2,3,55
0,3,8,3,1189.088,1 1,South,2,3,55
0,3,8,2,1189.629,2 1,South,2,3,55
0,3,8,2,1190.143,3 1,South,2,3,55
0,3,8,6,1190.52,3 1,South,2,4,55
0,3,8,1,1191.04,3 1,East,2,4,55
0,3,8,2,1191.658,3 2,East,2,4,55
0,3,8,3,1192.173,3 2,South,2,4,55
0,3,8,3,1192.953,3 2,West,2,4,55
0,3,8,1,1193.776,3 2,South,2,4,55
0,3,8,2,1194.329,4 2,South,2,4,55
0,3,8,1,1195.261,4 2,East,2,4,55
0,3,8,2,1195.82,4 3,East,2,4,55
0,3,8,2,1196.381,4 4,East,2,4,55
0,3,8,1,1196.893,4 4,North,2,4,55
0,3,8,2,1197.482,3 4,North,2,4,55
0,3,8,2,1198.122,2 4,North,2,4,55
0,3,8,2,1198.797,1 4,North,2,4,55
0,3,8,2,1199.421,0 4,North,2,4,55
0,3,8,1,1200.255,0 4,West,2,4,55
0,3,8,1,1200.864,0 4,South,2,4,55
0,3,8,2,1201.454,1 4,South,2,4,55
0,3,8,3,1201.966,1 4,West,2,4,55
0,3,8,2,1202.538,1 3,West,2,4,55
0,3,8,1,1203.435,1 3,South,2,4,55
0,3,8,2,1204.159,2 3,South,2,4,55
0,3,8,3,1204.778,2 3,West,2,4,55
0,3,8,2,1205.502,2 2,West,2,4,55
0,3,8,3,1206.066,2 2,North,2,4,55
0,3,8,2,1206.685,1 2,North,2,4,55
0,3,8,2,1207.227,0 2,North,2,4,55
0,3,8,6,1207.62,0 2,North,2,5,55
0,3,8,1,1207.853,0 2,West,2,5,55
0,3,8,1,1208.896,0 2,South,2,5,55
0,3,8,2,1209.586,1 2,South,2,5,55
0,3,8,2,1210.19,2 2,South,2,5,55
0,3,8,1,1210.829,2 2,East,2,5,55
0,3,8,2,1211.645,2 3,East,2,5,55
0,3,8,1,1212.304,2 3,North,2,5,55
0,3,8,2,1213.007,1 3,North,2,5,55
0,3,8,3,1213.803,1 3,East,2,5,55
0,3,8,2,1214.621,1 4,East,2,5,55
0,3,8,3,1215.276,1 4,South,2,5,55
0,3,8,2,1215.882,2 4,South,2,5,55
0,3,8,2,1216.528,3 4,South,2,5,55
0,3,8,2,1217.262,4 4,South,2,5,55
0,3,8,3,1217.869,4 4,West,2,5,55
0,3,8,2,1218.495,4 3,West,2,5,55
0,3,8,2,1219.099,4 2,West,2,5,55
0,3,8,3,1219.707,4 2,North,2,5,55
0,3,8,2,1220.432,3 2,North,2,5,55
0,3,8,3,1221.115,3 2,East,2,5,55
0,3,8,3,1221.804,3 2,South,2,5,55
0,3,8,1,1222.434,3 2,East,2,5,55
0,3,8,1,1223.071,3 2,North,2,5,55
0,3,8,1,1223.903,3 2,West,2,5,55
0,3,8,2,1224.652,3 1,West,2,5,55
0,3,8,3,1225.424,3 1,North,2,5,55
0,3,8,2,1226.094,2 1,North,2,5,55
0,3,8,2,1226.668,1 1,North,2,5,55
0,3,8,1,1227.242,1 1,West,2,5,55
0,3,8,2,1227.871,1 0,West,2,5,55
0,3,8,1,1228.49,1 0,South,2,5,55
0,3,8,2,1229.071,2 0,South,2,5,55
0,3,8,2,1229.587,3 0,South,2,5,55
0,3,8,6,1229.96,3 0,South,2,6,55
0,3,8,2,1230.237,4 0,South,2,6,55
0,3,8,1,1231.023,4 0,East,2,6,55
0,3,8,1,1231.708,4 0,North,2,6,55
0,3,8,2,1232.273,3 0,North,2,6,55
0,3,8,2,1232.863,2 0,North,2,6,55
0,3,8,2,1233.378,1 0,North,2,6,55
0,3,8,3,1233.952,1 0,East,2,6,55
0,3,8,2,1234.571,1 1,East,2,6,55
0,3,8,3,1235.146,1 1,South,2,6,55
0,3,8,2,1235.721,2 1,South,2,6,55
0,3,8,2,1236.302,3 1,South,2,6,55
0,3,8,1,1236.828,3 1,East,2,6,55
0,3,8,2,1237.388,3 2,East,2,6,55
0,3,8,3,1237.947,3 2,South,2,6,55
0,3,8,2,1238.509,4 2,South,2,6,55
0,3,8,1,1239.387,4 2,East,2,6,55
0,3,8,2,1240.218,4 3,East,2,6,55
0,3,8,2,1240.961,4 4,East,2,6,55
0,3,8,1,1241.969,4 4,North,2,6,55
0,3,8,2,1242.827,3 4,North,2,6,55
0,3,8,2,1243.391,2 4,North,2,6,55
0,3,8,2,1243.933,1 4,North,2,6,55
0,3,8,2,1244.844,0 4,North,2,6,55
0,3,8,6,1245.22,0 4,North,2,7,55
0,3,8,1,1245.484,0 4,West,2,7,55
0,3,8,1,1246.236,0 4,South,2,7,55
0,3,8,2,1246.922,1 4,South,2,7,55
0,3,8,2,1247.467,2 4,South,2,7,55
0,3,8,2,1248.01,3 4,South,2,7,55
0,3,8,6,1248.4,3 4,South,2,8,55
3,3,8,2,1252.905,3 4,North,2,0,0
3,3,8,2,1253.738,2 4,North,2,0,0
3,3,8,2,1254.588,1 4,North,2,0,0
3,3,8,4,1256.046,2 4,North,2,0,0
3,3,8,4,1256.938,3 4,North,2,0,0
3,3,8,4,1257.581,4 4,North,2,0,0
3,3,8,1,1258.239,4 3,North,2,0,0
3,3,8,1,1259.245,4 2,North,2,0,0
3,3,8,2,1259.986,3 2,North,2,0,0
3,3,8,2,1265.695,3 2,North,2,0,1
3,3,8,1,1266.33,3 1,North,2,0,1
3,3,8,6,1266.74,3 1,North,2,1,1
3,3,8,3,1267.36,3 2,North,2,1,1
3,3,8,4,1268.045,4 2,North,2,1,1
3,3,8,3,1268.675,4 3,North,2,1,1
3,3,8,3,1269.245,4 4,North,2,1,1
3,3,8,2,1269.9,3 4,North,2,1,1
3,3,8,2,1270.411,2 4,North,2,1,1
3,3,8,2,1270.954,1 4,North,2,1,1
3,3,8,2,1271.49,0 4,North,2,1,1
3,3,8,6,1271.88,0 4,North,2,2,1
3,3,8,4,1272.194,1 4,North,2,2,1
3,3,8,4,1272.874,2 4,North,2,2,1
3,3,8,4,1274.018,3 4,North,2,2,1
3,3,8,4,1274.699,4 4,North,2,2,1
3,3,8,1,1275.472,4 3,North,2,2,1
3,3,8,1,1276.27,4 2,North,2,2,1
3,3,8,2,1277.083,3 2,North,2,2,1
3,3,8,1,1278.223,3 1,North,2,2,1
3,3,8,2,1279.072,2 1,North,2,2,1
3,3,8,2,1279.945,1 1,North,2,2,1
3,3,8,1,1280.718,1 0,North,2,2,1
3,3,8,6,1281.12,1 0,North,2,3,1
3,3,8,3,1281.597,1 1,North,2,3,1
3,3,8,4,1282.419,2 1,North,2,3,1
3,3,8,4,1283.15,3 1,North,2,3,1
3,3,8,3,1283.917,3 2,North,2,3,1
3,3,8,4,1284.732,4 2,North,2,3,1
3,3,8,3,1285.386,4 3,North,2,3,1
3,3,8,3,1286.096,4 4,North,2,3,1
3,3,8,2,1286.857,3 4,North,2,3,1
3,3,8,2,1287.635,2 4,North,2,3,1
3,3,8,2,1288.337,1 4,North,2,3,1
3,3,8,1,1290.238,1 3,North,2,3,1
3,3,8,4,1291.694,2 3,North,2,3,1
3,3,8,1,1292.621,2 2,North,2,3,1
3,3,8,2,1293.696,1 2,North,2,3,1
3,3,8,2,1294.396,0 2,North,2,3,1
3,3,8,6,1294.78,0 2,North,2,4,1
3,3,8,4,1295.152,1 2,North,2,4,1
3,3,8,4,1295.849,2 2,North,2,4,1
3,3,8,3,1296.577,2 3,North,2,4,1
3,3,8,2,1297.346,1 3,North,2,4,1
3,3,8,3,1298.059,1 4,North,2,4,1
3,3,8,4,1298.786,2 4,North,2,4,1
3,3,8,4,1299.404,3 4,North,2,4,1
3,3,8,6,1299.76,3 4,North,2,5,1
3,3,8,4,1300.203,4 4,North,2,5,1
3,3,8,1,1300.829,4 3,North,2,5,1
3,3,8,6,1301.24,4 3,North,2,6,1
3,3,8,3,1301.695,4 4,North,2,6,1
3,3,8,2,1302.319,3 4,North,2,6,1
3,3,8,2,1302.924,2 4,North,2,6,1
3,3,8,6,1303.32,2 4,North,2,7,1
3,3,8,2,1304.192,1 4,North,2,7,1
3,3,8,6,1304.58,1 4,North,2,8,1
0,3,9,2,1308.78,3 4,North,2,0,1
0,3,9,2,1309.353,2 4,North,2,0,1
0,3,9,2,1309.886,1 4,North,2,0,1
0,3,9,1,1310.4,1 4,West,2,0,1
0,3,9,2,1311.133,1 3,West,2,0,1
0,3,9,1,1312.001,1 3,South,2,0,1
0,3,9,2,1312.623,2 3,South,2,0,1
0,3,9,3,1313.198,2 3,West,2,0,1
0,3,9,2,1313.819,2 2,West,2,0,1
0,3,9,3,1314.396,2 2,North,2,0,1
0,3,9,2,1314.911,1 2,North,2,0,1
0,3,9,2,1315.467,0 2,North,2,0,1
0,3,9,1,1316.001,0 2,West,2,0,1
0,3,9,2,1316.542,0 1,West,2,0,1
0,3,9,3,1317.362,0 1,North,2,0,1
0,3,9,3,1318.139,0 1,East,2,0,1
0,3,9,2,1318.813,0 2,East,2,0,1
0,3,9,3,1319.374,0 2,South,2,0,1
0,3,9,2,1319.901,1 2,South,2,0,1
0,3,9,2,1320.446,2 2,South,2,0,1
0,3,9,1,1321.328,2 2,East,2,0,1
0,3,9,2,1321.901,2 3,East,2,0,1
0,3,9,1,1322.685,2 3,North,2,0,1
0,3,9,2,1323.273,1 3,North,2,0,1
0,3,9,3,1323.823,1 3,East,2,0,1
0,3,9,2,1324.46,1 4,East,2,0,1
0,3,9,1,1324.991,1 4,North,2,0,1
0,3,9,2,1325.635,0 4,North,2,0,1
0,3,9,1,1326.526,0 4,West,2,0,1
0,3,9,1,1327.403,0 4,South,2,0,1
0,3,9,2,1328.097,1 4,South,2,0,1
0,3,9,2,1328.633,2 4,South,2,0,1
0,3,9,2,1329.311,3 4,South,2,0,1
0,3,9,2,1329.832,4 4,South,2,0,1
0,3,9,3,1330.382,4 4,West,2,0,1
0,3,9,2,1330.912,4 3,West,2,0,1
0,3,9,3,1331.497,4 3,North,2,0,1
0,3,9,1,1332.094,4 3,West,2,0,1
0,3,9,2,1332.656,4 2,West,2,0,1
0,3,9,2,1333.472,4 2,West,2,0,1
0,3,9,3,1333.538,4 2,North,2,0,1
0,3,9,2,1334.113,3 2,North,2,0,1
0,3,9,1,1334.826,3 2,West,2,0,1
0,3,9,2,1335.436,3 1,West,2,0,1
0,3,9,3,1336.282,3 1,North,2,0,1
0,3,9,2,1336.816,2 1,North,2,0,1
0,3,9,2,1337.342,1 1,North,2,0,1
0,3,9,1,1337.856,1 1,West,2,0,1
0,3,9,2,1338.767,1 0,West,2,0,1
0,3,9,1,1339.328,1 0,South,2,0,1
0,3,9,2,1339.916,2 0,South,2,0,1
0,3,9,6,1340.28,2 0,South,2,1,1
0,3,9,2,1340.649,3 0,South,2,1,1
0,3,9,2,1341.212,4 0,South,2,1,1
0,3,9,1,1341.807,4 0,East,2,1,1
0,3,9,2,1342.418,4 1,East,2,1,1
0,3,9,6,1342.84,4 1,East,2,2,1
0,3,9,1,1343.323,4 1,North,2,2,1
0,3,9,1,1343.933,4 1,West,2,2,1
0,3,9,2,1344.605,4 0,West,2,2,1
0,3,9,3,1345.487,4 0,North,2,2,1
0,3,9,2,1346.169,3 0,North,2,2,1
0,3,9,2,1346.797,2 0,North,2,2,1
0,3,9,2,1347.419,1 0,North,2,2,1
0,3,9,3,1347.993,1 0,East,2,2,1
0,3,9,2,1348.701,1 1,East,2,2,1
0,3,9,3,1349.264,1 1,South,2,2,1
0,3,9,2,1349.832,2 1,South,2,2,1
0,3,9,2,1350.425,3 1,South,2,2,1
0,3,9,1,1351.041,3 1,East,2,2,1
0,3,9,2,1351.793,3 2,East,2,2,1
0,3,9,3,1352.368,3 2,South,2,2,1
0,3,9,2,1352.989,4 2,South,2,2,1
0,3,9,1,1353.505,4 2,East,2,2,1
0,3,9,2,1354.045,4 3,East,2,2,1
0,3,9,2,1354.624,4 4,East,2,2,1
0,3,9,1,1355.147,4 4,North,2,2,1
0,3,9,2,1355.681,3 4,North,2,2,1
0,3,9,2,1356.625,2 4,North,2,2,1
0,3,9,6,1357,2 4,North,2,3,1
0,3,9,2,1357.178,1 4,North,2,3,1
0,3,9,2,1357.729,0 4,North,2,3,1
0,3,9,1,1358.252,0 4,West,2,3,1
0,3,9,2,1359.215,0 3,West,2,3,1
0,3,9,1,1360.153,0 3,South,2,3,1
0,3,9,1,1360.745,0 3,East,2,3,1
0,3,9,2,1361.354,0 4,East,2,3,1
0,3,9,3,1361.916,0 4,South,2,3,1
0,3,9,2,1362.493,1 4,South,2,3,1
0,3,9,3,1363.082,1 4,West,2,3,1
0,3,9,2,1363.681,1 3,West,2,3,1
0,3,9,1,1364.605,1 3,South,2,3,1
0,3,9,2,1365.289,2 3,South,2,3,1
0,3,9,3,1366.033,2 3,West,2,3,1
0,3,9,2,1366.559,2 2,West,2,3,1
0,3,9,3,1367.13,2 2,North,2,3,1
0,3,9,2,1367.721,1 2,North,2,3,1
0,3,9,2,1368.304,0 2,North,2,3,1
0,3,9,1,1368.827,0 2,West,2,3,1
0,3,9,2,1369.455,0 1,West,2,3,1
0,3,9,1,1370.35,0 1,South,2,3,1
0,3,9,1,1370.923,0 1,East,2,3,1
0,3,9,2,1371.522,0 2,East,2,3,1
0,3,9,3,1372.057,0 2,South,2,3,1
0,3,9,2,1372.622,1 2,South,2,3,1
0,3,9,2,1373.198,2 2,South,2,3,1
0,3,9,1,1373.762,2 2,East,2,3,1
0,3,9,2,1374.381,2 3,East,2,3,1
0,3,9,1,1374.923,2 3,North,2,3,1
0,3,9,2,1375.55,1 3,North,2,3,1
0,3,9,3,1376.075,1 3,East,2,3,1
0,3,9,2,1376.633,1 4,East,2,3,1
0,3,9,3,1377.184,1 4,South,2,3,1
0,3,9,2,1377.709,2 4,South,2,3,1
0,3,9,2,1378.289,3 4,South,2,3,1
0,3,9,2,1378.841,4 4,South,2,3,1
0,3,9,3,1379.836,4 4,West,2,3,1
0,3,9,2,1380.409,4 3,West,2,3,1
0,3,9,2,1380.99,4 2,West,2,3,1
0,3,9,3,1381.55,4 2,North,2,3,1
0,3,9,2,1382.186,3 2,North,2,3,1
0,3,9,1,1382.987,3 2,West,2,3,1
0,3,9,2,1383.634,3 1,West,2,3,1
0,3,9,3,1384.159,3 1,North,2,3,1
0,3,9,2,1384.753,2 1,North,2,3,1
0,3,9,2,1385.327,1 1,North,2,3,1
0,3,9,1,1385.918,1 1,West,2,3,1
0,3,9,2,1386.478,1 0,West,2,3,1
0,3,9,1,1387.327,1 0,South,2,3,1
0,3,9,2,1387.946,2 0,South,2,3,1
0,3,9,2,1388.506,3 0,South,2,3,1
0,3,9,2,1389.019,4 0,South,2,3,1
0,3,9,6,1389.4,4 0,South,2,4,1
0,3,9,1,1389.839,4 0,East,2,4,1
0,3,9,1,1390.365,4 0,North,2,4,1
0,3,9,2,1391.31,3 0,North,2,4,1
0,3,9,2,1391.904,2 0,North,2,4,1
0,3,9,2,1392.911,1 0,North,2,4,1
0,3,9,3,1393.434,1 0,East,2,4,1
0,3,9,2,1394.03,1 1,East,2,4,1
0,3,9,3,1394.576,1 1,South,2,4,1
0,3,9,2,1395.13,2 1,South,2,4,1
0,3,9,2,1395.646,3 1,South,2,4,1
0,3,9,1,1396.211,3 1,East,2,4,1
0,3,9,2,1396.784,3 2,East,2,4,1
0,3,9,3,1397.695,3 2,South,2,4,1
0,3,9,2,1398.288,4 2,South,2,4,1
0,3,9,1,1398.94,4 2,East,2,4,1
0,3,9,2,1399.5,4 3,East,2,4,1
0,3,9,2,1400.034,4 4,East,2,4,1
0,3,9,1,1400.957,4 4,North,2,4,1
0,3,9,2,1401.548,3 4,North,2,4,1
0,3,9,2,1402.176,2 4,North,2,4,1
0,3,9,2,1402.699,1 4,North,2,4,1
0,3,9,2,1403.308,0 4,North,2,4,1
0,3,9,1,1403.898,0 4,West,2,4,1
0,3,9,1,1404.467,0 4,South,2,4,1
0,3,9,2,1405.115,1 4,South,2,4,1
0,3,9,3,1405.725,1 4,West,2,4,1
0,3,9,2,1406.429,1 3,West,2,4,1
0,3,9,1,1407.054,1 3,South,2,4,1
0,3,9,2,1407.76,2 3,South,2,4,1
0,3,9,3,1408.337,2 3,West,2,4,1
0,3,9,2,1409.017,2 2,West,2,4,1
0,3,9,6,1409.42,2 2,West,2,5,1
0,3,9,3,1409.565,2 2,North,2,5,1
0,3,9,2,1410.226,1 2,North,2,5,1
0,3,9,3,1411.306,1 2,East,2,5,1
0,3,9,3,1411.887,1 2,South,2,5,1
0,3,9,2,1412.491,2 2,South,2,5,1
0,3,9,1,1413.197,2 2,East,2,5,1
0,3,9,2,1413.839,2 3,East,2,5,1
0,3,9,1,1414.525,2 3,North,2,5,1
0,3,9,2,1415.088,1 3,North,2,5,1
0,3,9,6,1415.46,1 3,North,2,6,1
0,3,9,3,1415.626,1 3,East,2,6,1
0,3,9,2,1416.25,1 4,East,2,6,1
0,3,9,3,1416.828,1 4,South,2,6,1
0,3,9,2,1417.391,2 4,South,2,6,1
0,3,9,2,1418.333,3 4,South,2,6,1
0,3,9,2,1418.905,4 4,South,2,6,1
0,3,9,3,1419.505,4 4,West,2,6,1
0,3,9,2,1420.113,4 3,West,2,6,1
0,3,9,2,1421.085,4 2,West,2,6,1
0,3,9,6,1421.5,4 2,West,2,7,1
0,3,9,3,1422.096,4 2,North,2,7,1
0,3,9,2,1422.858,3 2,North,2,7,1
0,3,9,1,1423.564,3 2,West,2,7,1
0,3,9,2,1424.281,3 1,West,2,7,1
0,3,9,3,1424.94,3 1,North,2,7,1
0,3,9,2,1425.635,2 1,North,2,7,1
0,3,9,2,1426.201,1 1,North,2,7,1
0,3,9,6,1426.58,1 1,North,2,8,1
3,3,9,1,1431.402,4 3,North,2,0,0
3,3,9,1,1432.016,4 2,North,2,0,0
3,3,9,6,1432.42,4 2,North,2,1,0
3,3,9,2,1434.514,3 2,North,2,1,0
3,3,9,2,1436.206,3 2,North,2,1,1
3,3,9,1,1436.714,3 1,North,2,1,1
3,3,9,2,1437.409,2 1,North,2,1,1
3,3,9,2,1438.01,1 1,North,2,1,1
3,3,9,6,1438.4,1 1,North,2,2,1
3,3,9,1,1439.545,1 0,North,2,2,1
3,3,9,4,1440.218,2 0,North,2,2,1
3,3,9,4,1440.922,3 0,North,2,2,1
3,3,9,4,1441.609,4 0,North,2,2,1
3,3,9,6,1441.98,4 0,North,2,3,1
3,3,9,2,1442.332,3 0,North,2,3,1
3,3,9,2,1443.064,2 0,North,2,3,1
3,3,9,2,1443.731,1 0,North,2,3,1
3,3,9,3,1444.526,1 1,North,2,3,1
3,3,9,4,1445.401,2 1,North,2,3,1
3,3,9,4,1450.089,3 1,North,2,3,1
3,3,9,3,1450.937,3 2,North,2,3,1
3,3,9,4,1451.82,4 2,North,2,3,1
3,3,9,3,1452.54,4 3,North,2,3,1
3,3,9,3,1453.25,4 4,North,2,3,1
3,3,9,3,1454.042,4 4,North,2,3,1
3,3,9,1,1454.489,4 3,North,2,3,1
3,3,9,1,1458.4,4 2,North,2,3,1
3,3,9,2,1459.163,3 2,North,2,3,1
3,3,9,1,1459.897,3 1,North,2,3,1
3,3,9,2,1460.588,2 1,North,2,3,1
3,3,9,3,1461.438,2 1,North,2,3,2
3,3,9,4,1462.002,3 1,North,2,3,2
3,3,9,3,1462.7,3 2,North,2,3,2
3,3,9,4,1463.409,4 2,North,2,3,2
3,3,9,3,1464.015,4 3,North,2,3,2
3,3,9,3,1464.591,4 4,North,2,3,2
3,3,9,2,1465.185,3 4,North,2,3,2
3,3,9,2,1465.801,2 4,North,2,3,2
3,3,9,2,1466.447,1 4,North,2,3,2
3,3,9,1,1467.082,1 3,North,2,3,2
3,3,9,4,1467.77,2 3,North,2,3,2
3,3,9,1,1468.479,2 2,North,2,3,2
3,3,9,6,1468.88,2 2,North,2,4,2
3,3,9,4,1470.541,2 2,North,2,4,3
3,3,9,2,1471.424,1 2,North,2,4,3
3,3,9,4,1478.092,2 2,North,2,4,3
3,3,9,3,1478.861,2 3,North,2,4,3
3,3,9,2,1479.599,1 3,North,2,4,3
3,3,9,3,1480.267,1 4,North,2,4,3
3,3,9,4,1480.931,2 4,North,2,4,3
3,3,9,4,1481.601,3 4,North,2,4,3
3,3,9,4,1482.258,4 4,North,2,4,3
3,3,9,1,1482.892,4 3,North,2,4,3
3,3,9,1,1483.586,4 2,North,2,4,3
3,3,9,2,1484.286,3 2,North,2,4,3
3,3,9,1,1488.138,3 1,North,2,4,3
3,3,9,2,1488.705,2 1,North,2,4,3
3,3,9,2,1489.314,1 1,North,2,4,3
3,3,9,1,1489.952,1 0,North,2,4,3
3,3,9,4,1490.573,2 0,North,2,4,3
3,3,9,4,1491.149,3 0,North,2,4,3
3,3,9,4,1491.754,4 0,North,2,4,3
3,3,9,3,1492.41,4 1,North,2,4,3
3,3,9,6,1492.82,4 1,North,2,5,3
3,3,9,1,1493.099,4 0,North,2,5,3
3,3,9,2,1493.723,3 0,North,2,5,3
3,3,9,6,1494.1,3 0,North,2,6,3
3,3,9,2,1494.35,2 0,North,2,6,3
3,3,9,2,1495.049,1 0,North,2,6,3
3,3,9,3,1495.753,1 1,North,2,6,3
3,3,9,4,1496.494,2 1,North,2,6,3
3,3,9,3,1497.264,2 1,North,2,6,4
3,3,9,4,1497.882,3 1,North,2,6,4
3,3,9,3,1498.545,3 2,North,2,6,4
3,3,9,4,1499.267,4 2,North,2,6,4
3,3,9,3,1499.897,4 3,North,2,6,4
3,3,9,3,1500.639,4 4,North,2,6,4
3,3,9,3,1501.214,4 4,North,2,6,4
3,3,9,2,1501.617,3 4,North,2,6,4
3,3,9,2,1502.267,2 4,North,2,6,4
3,3,9,2,1502.923,1 4,North,2,6,4
3,3,9,1,1504.484,1 3,North,2,6,4
3,3,9,6,1504.88,1 3,North,2,7,4
3,3,9,4,1508.953,2 3,North,2,7,4
3,3,9,1,1509.775,2 2,North,2,7,4
3,3,9,2,1510.685,1 2,North,2,7,4
3,3,9,2,1511.386,0 2,North,2,7,4
3,3,9,1,1511.948,0 1,North,2,7,4
3,3,9,1,1512.489,0 0,North,2,7,4
3,3,9,6,1512.9,0 0,North,2,8,4
0,4,10,1,1517.612,4 4,West,2,0,4
0,4,10,3,1518.255,4 4,North,2,0,4
0,4,10,2,1518.913,3 4,North,2,0,4
0,4,10,2,1519.532,2 4,North,2,0,4
0,4,10,2,1520.13,1 4,North,2,0,4
0,4,10,2,1520.945,0 4,North,2,0,4
0,4,10,6,1521.32,0 4,North,2,1,4
0,4,10,1,1521.737,0 4,West,2,1,4
0,4,10,1,1522.414,0 4,South,2,1,4
0,4,10,2,1523.435,1 4,South,2,1,4
0,4,10,3,1524.034,1 4,West,2,1,4
0,4,10,2,1524.634,1 3,West,2,1,4
0,4,10,1,1525.241,1 3,South,2,1,4
0,4,10,2,1525.888,2 3,South,2,1,4
0,4,10,3,1526.51,2 3,West,2,1,4
0,4,10,2,1527.133,2 2,West,2,1,4
0,4,10,3,1527.714,2 2,North,2,1,4
0,4,10,2,1528.272,1 2,North,2,1,4
0,4,10,2,1528.787,0 2,North,2,1,4
0,4,10,1,1529.737,0 2,West,2,1,4
0,4,10,1,1530.286,0 2,South,2,1,4
0,4,10,2,1530.812,1 2,South,2,1,4
0,4,10,2,1531.328,2 2,South,2,1,4
0,4,10,1,1532.177,2 2,East,2,1,4
0,4,10,2,1532.703,2 3,East,2,1,4
0,4,10,1,1533.216,2 3,North,2,1,4
0,4,10,2,1534.061,1 3,North,2,1,4
0,4,10,3,1534.659,1 3,East,2,1,4
0,4,10,2,1535.354,1 4,East,2,1,4
0,4,10,3,1535.948,1 4,South,2,1,4
0,4,10,2,1536.527,2 4,South,2,1,4
0,4,10,2,1537.098,3 4,South,2,1,4
0,4,10,2,1537.662,4 4,South,2,1,4
0,4,10,3,1538.242,4 4,West,2,1,4
0,4,10,2,1538.801,4 3,West,2,1,4
0,4,10,2,1539.371,4 2,West,2,1,4
0,4,10,3,1540.14,4 2,North,2,1,4
0,4,10,2,1540.752,3 2,North,2,1,4
0,4,10,1,1541.407,3 2,West,2,1,4
0,4,10,2,1542.045,3 1,West,2,1,4
0,4,10,3,1542.65,3 1,North,2,1,4
0,4,10,2,1543.232,2 1,North,2,1,4
0,4,10,6,1543.62,2 1,North,2,2,4
0,4,10,2,1544.076,1 1,North,2,2,4
0,4,10,1,1544.667,1 1,West,2,2,4
0,4,10,2,1545.217,1 0,West,2,2,4
0,4,10,1,1545.776,1 0,South,2,2,4
0,4,10,2,1546.337,2 0,South,2,2,4
0,4,10,2,1546.878,3 0,South,2,2,4
0,4,10,2,1547.512,4 0,South,2,2,4
0,4,10,1,1548.073,4 0,East,2,2,4
0,4,10,1,1548.655,4 0,North,2,2,4
0,4,10,2,1549.184,3 0,North,2,2,4
0,4,10,2,1549.737,2 0,North,2,2,4
0,4,10,2,1550.315,1 0,North,2,2,4
0,4,10,3,1551.294,1 0,East,2,2,4
0,4,10,2,1551.87,1 1,East,2,2,4
0,4,10,3,1552.526,1 1,South,2,2,4
0,4,10,2,1553.137,2 1,South,2,2,4
0,4,10,2,1553.744,3 1,South,2,2,4
0,4,10,1,1554.288,3 1,East,2,2,4
0,4,10,2,1554.944,3 2,East,2,2,4
0,4,10,3,1555.565,3 2,South,2,2,4
0,4,10,2,1556.226,4 2,South,2,2,4
0,4,10,1,1556.846,4 2,East,2,2,4
0,4,10,2,1557.472,4 3,East,2,2,4
0,4,10,2,1558.013,4 4,East,2,2,4
0,4,10,1,1558.91,4 4,North,2,2,4
0,4,10,2,1559.517,3 4,North,2,2,4
0,4,10,2,1560.129,2 4,North,2,2,4
0,4,10,2,1560.699,1 4,North,2,2,4
0,4,10,2,1561.338,0 4,North,2,2,4
0,4,10,1,1562.267,0 4,West,2,2,4
0,4,10,2,1562.914,0 3,West,2,2,4
0,4,10,6,1563.32,0 3,West,2,3,4
0,4,10,3,1563.77,0 3,North,2,3,4
0,4,10,3,1564.283,0 3,East,2,3,4
0,4,10,2,1564.973,0 4,East,2,3,4
0,4,10,3,1565.618,0 4,South,2,3,4
0,4,10,2,1566.224,1 4,South,2,3,4
0,4,10,3,1566.811,1 4,West,2,3,4
0,4,10,2,1567.391,1 3,West,2,3,4
0,4,10,1,1568.034,1 3,South,2,3,4
0,4,10,2,1568.652,2 3,South,2,3,4
0,4,10,3,1569.243,2 3,West,2,3,4
0,4,10,2,1569.825,2 2,West,2,3,4
0,4,10,3,1570.379,2 2,North,2,3,4
0,4,10,2,1570.894,1 2,North,2,3,4
0,4,10,2,1571.465,0 2,North,2,3,4
0,4,10,1,1572.044,0 2,West,2,3,4
0,4,10,1,1572.656,0 2,South,2,3,4
0,4,10,2,1573.229,1 2,South,2,3,4
0,4,10,2,1573.745,2 2,South,2,3,4
0,4,10,1,1574.288,2 2,East,2,3,4
0,4,10,2,1575.007,2 3,East,2,3,4
0,4,10,1,1575.977,2 3,North,2,3,4
0,4,10,2,1576.623,1 3,North,2,3,4
0,4,10,3,1577.212,1 3,East,2,3,4
0,4,10,2,1577.802,1 4,East,2,3,4
0,4,10,3,1578.346,1 4,South,2,3,4
0,4,10,2,1578.897,2 4,South,2,3,4
0,4,10,2,1579.41,3 4,South,2,3,4
0,4,10,2,1579.983,4 4,South,2,3,4
0,4,10,3,1580.875,4 4,West,2,3,4
0,4,10,2,1581.423,4 3,West,2,3,4
0,4,10,2,1581.948,4 2,West,2,3,4
0,4,10,3,1582.946,4 2,North,2,3,4
0,4,10,2,1583.563,3 2,North,2,3,4
0,4,10,1,1584.123,3 2,West,2,3,4
0,4,10,2,1584.735,3 1,West,2,3,4
0,4,10,3,1585.586,3 1,North,2,3,4
0,4,10,2,1586.252,2 1,North,2,3,4
0,4,10,2,1586.781,1 1,North,2,3,4
0,4,10,1,1587.307,1 1,West,2,3,4
0,4,10,2,1587.851,1 0,West,2,3,4
0,4,10,6,1588.26,1 0,West,2,4,4
0,4,10,2,1588.817,1 0,West,2,4,4
0,4,10,1,1589.162,1 0,South,2,4,4
0,4,10,2,1589.77,2 0,South,2,4,4
0,4,10,2,1590.301,3 0,South,2,4,4
0,4,10,2,1590.945,4 0,South,2,4,4
0,4,10,1,1591.47,4 0,East,2,4,4
0,4,10,1,1592.337,4 0,North,2,4,4
0,4,10,2,1592.881,3 0,North,2,4,4
0,4,10,2,1593.423,2 0,North,2,4,4
0,4,10,2,1593.977,1 0,North,2,4,4
0,4,10,3,1594.857,1 0,East,2,4,4
0,4,10,2,1595.535,1 1,East,2,4,4
0,4,10,3,1596.111,1 1,South,2,4,4
0,4,10,2,1596.722,2 1,South,2,4,4
0,4,10,2,1597.276,3 1,South,2,4,4
0,4,10,1,1597.81,3 1,East,2,4,4
0,4,10,2,1598.394,3 2,East,2,4,4
0,4,10,3,1598.911,3 2,South,2,4,4
0,4,10,2,1599.433,4 2,South,2,4,4
0,4,10,1,1600.082,4 2,East,2,4,4
0,4,10,2,1600.605,4 3,East,2,4,4
0,4,10,2,1601.129,4 4,East,2,4,4
0,4,10,1,1602.012,4 4,North,2,4,4
0,4,10,2,1602.561,3 4,North,2,4,4
0,4,10,2,1603.517,2 4,North,2,4,4
0,4,10,2,1604.105,1 4,North,2,4,4
0,4,10,2,1604.703,0 4,North,2,4,4
0,4,10,1,1605.225,0 4,West,2,4,4
0,4,10,1,1605.787,0 4,South,2,4,4
0,4,10,2,1606.367,1 4,South,2,4,4
0,4,10,3,1607.276,1 4,West,2,4,4
0,4,10,2,1607.917,1 3,West,2,4,4
0,4,10,1,1608.537,1 3,South,2,4,4
0,4,10,2,1609.146,2 3,South,2,4,4
0,4,10,3,1609.71,2 3,West,2,4,4
0,4,10,2,1610.237,2 2,West,2,4,4
0,4,10,3,1610.818,2 2,North,2,4,4
0,4,10,2,1611.342,1 2,North,2,4,4
0,4,10,2,1612.336,0 2,North,2,4,4
0,4,10,1,1612.905,0 2,West,2,4,4
0,4,10,2,1613.503,0 1,West,2,4,4
0,4,10,6,1613.92,0 1,West,2,5,4
0,4,10,3,1614.287,0 1,North,2,5,4
0,4,10,3,1615.195,0 1,East,2,5,4
0,4,10,2,1615.85,0 2,East,2,5,4
0,4,10,3,1616.432,0 2,South,2,5,4
0,4,10,2,1617.278,1 2,South,2,5,4
0,4,10,2,1618.123,2 2,South,2,5,4
0,4,10,1,1618.974,2 2,East,2,5,4
0,4,10,2,1619.568,2 3,East,2,5,4
0,4,10,1,1620.094,2 3,North,2,5,4
0,4,10,2,1620.731,1 3,North,2,5,4
0,4,10,6,1621.12,1 3,North,2,6,4
0,4,10,3,1621.256,1 3,East,2,6,4
0,4,10,2,1621.858,1 4,East,2,6,4
0,4,10,3,1622.511,1 4,South,2,6,4
0,4,10,3,1623.04,1 4,West,2,6,4
0,4,10,2,1623.738,1 3,West,2,6,4
0,4,10,1,1624.321,1 3,South,2,6,4
0,4,10,2,1624.914,2 3,South,2,6,4
0,4,10,6,1625.28,2 3,South,2,7,4
0,4,10,3,1625.616,2 3,West,2,7,4
0,4,10,3,1626.172,2 3,North,2,7,4
0,4,10,1,1626.744,2 3,West,2,7,4
0,4,10,2,1627.385,2 2,West,2,7,4
0,4,10,3,1628,2 2,North,2,7,4
0,4,10,2,1628.653,1 2,North,2,7,4
0,4,10,6,1629.04,1 2,North,2,8,4
3,4,10,2,1633.419,3 4,North,2,0,0
3,4,10,2,1634.297,2 4,North,2,0,0
3,4,10,2,1634.945,1 4,North,2,0,0
3,4,10,2,1635.533,0 4,North,2,0,0
3,4,10,1,1636.112,0 3,North,2,0,0
3,4,10,6,1636.52,0 3,North,2,1,0
3,4,10,3,1636.721,0 4,North,2,1,0
3,4,10,4,1637.372,1 4,North,2,1,0
3,4,10,4,1637.968,2 4,North,2,1,0
3,4,10,4,1638.865,3 4,North,2,1,0
3,4,10,4,1639.42,4 4,North,2,1,0
3,4,10,1,1640.015,4 3,North,2,1,0
3,4,10,1,1640.605,4 2,North,2,1,0
3,4,10,2,1641.226,3 2,North,2,1,0
3,4,10,1,1642.713,3 1,North,2,1,0
3,4,10,2,1643.374,2 1,North,2,1,0
3,4,10,6,1643.76,2 1,North,2,2,0
3,4,10,4,1646.921,3 1,North,2,2,0
3,4,10,4,1647.549,3 1,North,2,2,1
3,4,10,3,1647.985,3 2,North,2,2,1
3,4,10,4,1648.617,4 2,North,2,2,1
3,4,10,3,1649.166,4 3,North,2,2,1
3,4,10,3,1649.682,4 4,North,2,2,1
3,4,10,2,1650.32,3 4,North,2,2,1
3,4,10,2,1650.862,2 4,North,2,2,1
3,4,10,2,1651.522,1 4,North,2,2,1
3,4,10,1,1652.143,1 3,North,2,2,1
3,4,10,4,1652.745,2 3,North,2,2,1
3,4,10,1,1653.436,2 2,North,2,2,1
3,4,10,2,1654.057,1 2,North,2,2,1
3,4,10,6,1654.44,1 2,North,2,3,1
3,4,10,2,1655.53,0 2,North,2,3,1
3,4,10,1,1656.124,0 1,North,2,3,1
3,4,10,6,1656.52,0 1,North,2,4,1
3,4,10,3,1657.247,0 2,North,2,4,1
3,4,10,4,1658.946,1 2,North,2,4,1
3,4,10,4,1660.015,2 2,North,2,4,1
3,4,10,3,1660.681,2 3,North,2,4,1
3,4,10,2,1661.295,1 3,North,2,4,1
3,4,10,3,1662.748,1 4,North,2,4,1
3,4,10,4,1663.456,2 4,North,2,4,1
3,4,10,4,1664.067,3 4,North,2,4,1
3,4,10,4,1664.832,4 4,North,2,4,1
3,4,10,1,1665.418,4 3,North,2,4,1
3,4,10,1,1666.032,4 2,North,2,4,1
3,4,10,2,1666.734,3 2,North,2,4,1
3,4,10,1,1670.091,3 1,North,2,4,1
3,4,10,2,1670.69,2 1,North,2,4,1
3,4,10,2,1671.361,1 1,North,2,4,1
3,4,10,1,1672.009,1 0,North,2,4,1
3,4,10,6,1672.4,1 0,North,2,5,1
3,4,10,3,1674.898,1 1,North,2,5,1
3,4,10,4,1675.531,2 1,North,2,5,1
3,4,10,4,1676.174,3 1,North,2,5,1
3,4,10,6,1676.54,3 1,North,2,6,1
3,4,10,3,1677.281,3 2,North,2,6,1
3,4,10,4,1678.219,4 2,North,2,6,1
3,4,10,3,1678.8,4 3,North,2,6,1
3,4,10,3,1679.41,4 4,North,2,6,1
3,4,10,2,1680.377,3 4,North,2,6,1
3,4,10,2,1680.993,2 4,North,2,6,1
3,4,10,2,1681.683,1 4,North,2,6,1
3,4,10,1,1682.464,1 3,North,2,6,1
3,4,10,4,1683.201,2 3,North,2,6,1
3,4,10,1,1683.837,2 2,North,2,6,1
3,4,10,2,1684.418,1 2,North,2,6,1
3,4,10,2,1684.969,0 2,North,2,6,1
3,4,10,6,1685.34,0 2,North,2,7,1
3,4,10,4,1685.898,1 2,North,2,7,1
3,4,10,4,1686.553,2 2,North,2,7,1
3,4,10,3,1687.171,2 3,North,2,7,1
3,4,10,2,1687.802,1 3,North,2,7,1
3,4,10,3,1688.361,1 4,North,2,7,1
3,4,10,4,1689.036,2 4,North,2,7,1
3,4,10,4,1689.594,3 4,North,2,7,1
3,4,10,4,1690.203,4 4,North,2,7,1
3,4,10,1,1690.796,4 3,North,2,7,1
3,4,10,1,1691.501,4 2,North,2,7,1
3,4,10,2,1692.161,3 2,North,2,7,1
3,4,10,1,1692.811,3 1,North,2,7,1
3,4,10,2,1693.41,2 1,North,2,7,1
3,4,10,2,1694.032,1 1,North,2,7,1
3,4,10,1,1694.783,1 0,North,2,7,1
3,4,10,4,1695.343,2 0,North,2,7,1
3,4,10,4,1695.945,3 0,North,2,7,1
3,4,10,6,1696.3,3 0,North,2,8,1
0,4,11,2,1701.9,3 4,North,2,0,1
0,4,11,6,1702.28,3 4,North,2,1,1
0,4,11,2,1702.635,2 4,North,2,1,1
0,4,11,3,1703.648,2 4,East,2,1,1
0,4,11,3,1704.49,2 4,South,2,1,1
0,4,11,2,1705.343,3 4,South,2,1,1
0,4,11,2,1705.917,4 4,South,2,1,1
0,4,11,3,1706.476,4 4,West,2,1,1
0,4,11,2,1707.137,4 3,West,2,1,1
0,4,11,2,1707.721,4 2,West,2,1,1
0,4,11,3,1708.283,4 2,North,2,1,1
0,4,11,2,1708.889,3 2,North,2,1,1
0,4,11,1,1709.612,3 2,West,2,1,1
0,4,11,2,1710.217,3 1,West,2,1,1
0,4,11,3,1710.817,3 1,North,2,1,1
0,4,11,2,1711.369,2 1,North,2,1,1
0,4,11,2,1711.979,1 1,North,2,1,1
0,4,11,1,1712.544,1 1,West,2,1,1
0,4,11,2,1713.068,1 0,West,2,1,1
0,4,11,1,1713.657,1 0,South,2,1,1
0,4,11,2,1714.256,2 0,South,2,1,1
0,4,11,2,1715.196,3 0,South,2,1,1
0,4,11,2,1715.784,4 0,South,2,1,1
0,4,11,6,1716.16,4 0,South,2,2,1
0,4,11,1,1716.48,4 0,East,2,2,1
0,4,11,1,1717.104,4 0,North,2,2,1
0,4,11,2,1717.897,3 0,North,2,2,1
0,4,11,2,1718.62,2 0,North,2,2,1
0,4,11,2,1719.162,1 0,North,2,2,1
0,4,11,3,1719.745,1 0,East,2,2,1
0,4,11,3,1720.682,1 0,South,2,2,1
0,4,11,1,1721.274,1 0,East,2,2,1
0,4,11,2,1721.851,1 1,East,2,2,1
0,4,11,3,1722.729,1 1,South,2,2,1
0,4,11,2,1723.355,2 1,South,2,2,1
0,4,11,2,1723.899,3 1,South,2,2,1
0,4,11,1,1724.482,3 1,East,2,2,1
0,4,11,2,1725.072,3 2,East,2,2,1
0,4,11,3,1725.596,3 2,South,2,2,1
0,4,11,2,1726.234,4 2,South,2,2,1
0,4,11,1,1726.762,4 2,East,2,2,1
0,4,11,2,1727.31,4 3,East,2,2,1
0,4,11,2,1727.822,4 4,East,2,2,1
0,4,11,1,1728.753,4 4,North,2,2,1
0,4,11,2,1729.305,3 4,North,2,2,1
0,4,11,2,1729.838,2 4,North,2,2,1
0,4,11,6,1730.22,2 4,North,2,3,1
0,4,11,2,1730.73,1 4,North,2,3,1
0,4,11,2,1731.31,0 4,North,2,3,1
0,4,11,1,1731.917,0 4,West,2,3,1
0,4,11,1,1732.554,0 4,South,2,3,1
0,4,11,2,1733.114,1 4,South,2,3,1
0,4,11,3,1733.641,1 4,West,2,3,1
0,4,11,2,1734.222,1 3,West,2,3,1
0,4,11,1,1734.783,1 3,South,2,3,1
0,4,11,2,1735.327,2 3,South,2,3,1
0,4,11,3,1736.192,2 3,West,2,3,1
0,4,11,2,1736.745,2 2,West,2,3,1
0,4,11,3,1737.327,2 2,North,2,3,1
0,4,11,2,1738.256,1 2,North,2,3,1
0,4,11,2,1738.897,0 2,North,2,3,1
0,4,11,1,1739.468,0 2,West,2,3,1
0,4,11,2,1740.059,0 1,West,2,3,1
0,4,11,3,1740.929,0 1,North,2,3,1
0,4,11,3,1741.451,0 1,East,2,3,1
0,4,11,2,1742.098,0 2,East,2,3,1
0,4,11,2,1742.892,0 2,East,2,3,1
0,4,11,3,1743.388,0 2,South,2,3,1
0,4,11,2,1744.06,1 2,South,2,3,1
0,4,11,2,1744.605,2 2,South,2,3,1
0,4,11,1,1745.182,2 2,East,2,3,1
0,4,11,2,1745.769,2 3,East,2,3,1
0,4,11,1,1746.433,2 3,North,2,3,1
0,4,11,2,1747.021,1 3,North,2,3,1
0,4,11,3,1747.584,1 3,East,2,3,1
0,4,11,2,1748.173,1 4,East,2,3,1
0,4,11,1,1749.104,1 4,North,2,3,1
0,4,11,2,1749.787,0 4,North,2,3,1
0,4,11,1,1750.364,0 4,West,2,3,1
0,4,11,1,1750.953,0 4,South,2,3,1
0,4,11,2,1751.486,1 4,South,2,3,1
0,4,11,2,1752.354,2 4,South,2,3,1
0,4,11,2,1752.942,3 4,South,2,3,1
0,4,11,2,1753.663,4 4,South,2,3,1
0,4,11,3,1754.226,4 4,West,2,3,1
0,4,11,2,1754.769,4 3,West,2,3,1
0,4,11,6,1755.18,4 3,West,2,4,1
0,4,11,2,1755.322,4 2,West,2,4,1
0,4,11,3,1755.922,4 2,North,2,4,1
0,4,11,3,1756.505,4 2,East,2,4,1
0,4,11,1,1757.197,4 2,North,2,4,1
0,4,11,2,1757.835,3 2,North,2,4,1
0,4,11,1,1758.381,3 2,West,2,4,1
0,4,11,2,1758.911,3 1,West,2,4,1
0,4,11,3,1759.456,3 1,North,2,4,1
0,4,11,2,1759.981,2 1,North,2,4,1
0,4,11,2,1760.553,1 1,North,2,4,1
0,4,11,1,1761.12,1 1,West,2,4,1
0,4,11,2,1761.769,1 0,West,2,4,1
0,4,11,1,1762.672,1 0,South,2,4,1
0,4,11,2,1763.265,2 0,South,2,4,1
0,4,11,2,1763.806,3 0,South,2,4,1
0,4,11,6,1764.18,3 0,South,2,5,1
0,4,11,1,1764.575,3 0,East,2,5,1
0,4,11,3,1765.232,3 0,South,2,5,1
0,4,11,2,1765.87,4 0,South,2,5,1
0,4,11,1,1766.428,4 0,East,2,5,1
0,4,11,2,1767.009,4 1,East,2,5,1
0,4,11,6,1767.42,4 1,East,2,6,1
0,4,11,1,1767.549,4 1,North,2,6,1
0,4,11,1,1768.443,4 1,West,2,6,1
0,4,11,2,1769.024,4 0,West,2,6,1
0,4,11,3,1769.595,4 0,North,2,6,1
0,4,11,2,1770.121,3 0,North,2,6,1
0,4,11,2,1770.704,2 0,North,2,6,1
0,4,11,2,1771.276,1 0,North,2,6,1
0,4,11,3,1771.887,1 0,East,2,6,1
0,4,11,2,1772.41,1 1,East,2,6,1
0,4,11,3,1773.016,1 1,South,2,6,1
0,4,11,2,1773.598,2 1,South,2,6,1
0,4,11,2,1774.19,3 1,South,2,6,1
0,4,11,1,1774.753,3 1,East,2,6,1
0,4,11,2,1775.344,3 2,East,2,6,1
0,4,11,6,1775.76,3 2,East,2,7,1
0,4,11,1,1776.284,3 2,North,2,7,1
0,4,11,1,1776.847,3 2,West,2,7,1
0,4,11,1,1777.692,3 2,South,2,7,1
0,4,11,2,1778.362,4 2,South,2,7,1
0,4,11,1,1778.907,4 2,East,2,7,1
0,4,11,2,1779.449,4 3,East,2,7,1
0,4,11,2,1780.057,4 4,East,2,7,1
0,4,11,1,1780.633,4 4,North,2,7,1
0,4,11,2,1781.242,3 4,North,2,7,1
0,4,11,2,1781.785,2 4,North,2,7,1
0,4,11,2,1782.414,1 4,North,2,7,1
0,4,11,2,1783.039,0 4,North,2,7,1
0,4,11,1,1783.61,0 4,West,2,7,1
0,4,11,1,1784.172,0 4,South,2,7,1
0,4,11,2,1784.764,1 4,South,2,7,1
0,4,11,3,1785.362,1 4,West,2,7,1
0,4,11,2,1785.963,1 3,West,2,7,1
0,4,11,1,1786.479,1 3,South,2,7,1
0,4,11,2,1787.099,2 3,South,2,7,1
0,4,11,3,1787.952,2 3,West,2,7,1
0,4,11,2,1788.813,2 2,West,2,7,1
0,4,11,3,1789.328,2 2,North,2,7,1
0,4,11,2,1789.855,1 2,North,2,7,1
0,4,11,2,1790.419,0 2,North,2,7,1
0,4,11,1,1791.344,0 2,West,2,7,1
0,4,11,2,1792.009,0 1,West,2,7,1
0,4,11,2,1792.896,0 0,West,2,7,1
0,4,11,6,1793.3,0 0,West,2,8,1
3,4,11,2,1797.933,3 4,North,2,0,0
3,4,11,6,1798.32,3 4,North,2,1,0
3,4,11,4,1800.202,4 4,North,2,1,0
3,4,11,1,1800.881,4 3,North,2,1,0
3,4,11,1,1802.305,4 2,North,2,1,0
3,4,11,2,1803.005,3 2,North,2,1,0
3,4,11,1,1803.613,3 1,North,2,1,0
3,4,11,2,1804.19,2 1,North,2,1,0
3,4,11,2,1804.78,1 1,North,2,1,0
3,4,11,1,1805.353,1 0,North,2,1,0
3,4,11,4,1805.953,2 0,North,2,1,0
3,4,11,4,1806.512,3 0,North,2,1,0
3,4,11,4,1807.053,4 0,North,2,1,0
3,4,11,3,1807.625,4 1,North,2,1,0
3,4,11,6,1808.02,4 1,North,2,2,0
3,4,11,1,1808.302,4 0,North,2,2,0
3,4,11,2,1808.875,3 0,North,2,2,0
3,4,11,6,1809.26,3 0,North,2,3,0
3,4,11,2,1809.756,2 0,North,2,3,0
3,4,11,2,1810.736,1 0,North,2,3,0
3,4,11,3,1811.342,1 1,North,2,3,0
3,4,11,4,1812.185,2 1,North,2,3,0
3,4,11,4,1813.521,3 1,North,2,3,0
3,4,11,3,1814.202,3 2,North,2,3,0
3,4,11,4,1814.797,4 2,North,2,3,0
3,4,11,3,1815.737,4 3,North,2,3,0
3,4,11,3,1816.363,4 4,North,2,3,0
3,4,11,2,1816.955,3 4,North,2,3,0
3,4,11,2,1817.539,2 4,North,2,3,0
3,4,11,6,1817.92,2 4,North,2,4,0
3,4,11,1,1819.137,2 4,North,2,4,1
3,4,11,4,1819.696,3 4,North,2,4,1
3,4,11,4,1820.334,4 4,North,2,4,1
3,4,11,1,1820.921,4 3,North,2,4,1
3,4,11,1,1821.481,4 2,North,2,4,1
3,4,11,2,1822.048,3 2,North,2,4,1
3,4,11,3,1822.594,3 3,North,2,4,1
3,4,11,6,1823,3 3,North,2,5,1
3,4,11,1,1823.631,3 2,North,2,5,1
3,4,11,4,1824.33,4 2,North,2,5,1
3,4,11,3,1824.937,4 3,North,2,5,1
3,4,11,3,1825.649,4 4,North,2,5,1
3,4,11,2,1826.241,3 4,North,2,5,1
3,4,11,2,1827.234,2 4,North,2,5,1
3,4,11,2,1827.903,1 4,North,2,5,1
3,4,11,6,1828.28,1 4,North,2,6,1
3,4,11,4,1829.024,2 4,North,2,6,1
3,4,11,4,1829.667,3 4,North,2,6,1
3,4,11,4,1830.301,4 4,North,2,6,1
3,4,11,1,1830.906,4 3,North,2,6,1
3,4,11,1,1831.546,4 2,North,2,6,1
3,4,11,2,1832.219,3 2,North,2,6,1
3,4,11,1,1832.877,3 1,North,2,6,1
3,4,11,2,1833.475,2 1,North,2,6,1
3,4,11,2,1834.17,1 1,North,2,6,1
3,4,11,1,1834.83,1 0,North,2,6,1
3,4,11,4,1835.471,2 0,North,2,6,1
3,4,11,6,1835.84,2 0,North,2,7,1
3,4,11,2,1836.832,1 0,North,2,7,1
3,4,11,3,1837.475,1 1,North,2,7,1
3,4,11,4,1838.108,2 1,North,2,7,1
3,4,11,4,1838.846,3 1,North,2,7,1
3,4,11,3,1839.497,3 2,North,2,7,1
3,4,11,4,1840.096,4 2,North,2,7,1
3,4,11,3,1840.684,4 3,North,2,7,1
3,4,11,3,1841.342,4 4,North,2,7,1
3,4,11,2,1841.871,3 4,North,2,7,1
3,4,11,2,1842.413,2 4,North,2,7,1
3,4,11,2,1843.385,1 4,North,2,7,1
3,4,11,2,1844.034,0 4,North,2,7,1
3,4,11,6,1844.42,0 4,North,2,8,1
0,4,12,1,1850.253,4 4,West,2,0,1
0,4,12,3,1851.452,4 4,North,2,0,1
0,4,12,2,1851.986,3 4,North,2,0,1
0,4,12,2,1852.834,2 4,North,2,0,1
0,4,12,2,1853.376,1 4,North,2,0,1
0,4,12,2,1853.917,0 4,North,2,0,1
0,4,12,1,1854.427,0 4,West,2,0,1
0,4,12,1,1855.085,0 4,South,2,0,1
0,4,12,2,1855.599,1 4,South,2,0,1
0,4,12,3,1856.112,1 4,West,2,0,1
0,4,12,2,1856.654,1 3,West,2,0,1
0,4,12,1,1857.167,1 3,South,2,0,1
0,4,12,2,1858.045,2 3,South,2,0,1
0,4,12,3,1858.617,2 3,West,2,0,1
0,4,12,2,1859.209,2 2,West,2,0,1
0,4,12,3,1859.745,2 2,North,2,0,1
0,4,12,2,1860.347,1 2,North,2,0,1
0,4,12,2,1861.227,0 2,North,2,0,1
0,4,12,6,1861.6,0 2,North,2,1,1
0,4,12,2,1861.886,0 2,North,2,1,1
0,4,12,1,1862.353,0 2,West,2,1,1
0,4,12,1,1863.564,0 2,South,2,1,1
0,4,12,2,1864.24,1 2,South,2,1,1
0,4,12,2,1864.795,2 2,South,2,1,1
0,4,12,1,1865.32,2 2,East,2,1,1
0,4,12,2,1865.901,2 3,East,2,1,1
0,4,12,1,1866.462,2 3,North,2,1,1
0,4,12,2,1867.021,1 3,North,2,1,1
0,4,12,3,1867.592,1 3,East,2,1,1
0,4,12,2,1868.141,1 4,East,2,1,1
0,4,12,1,1868.654,1 4,North,2,1,1
0,4,12,2,1869.409,0 4,North,2,1,1
0,4,12,1,1870.32,0 4,West,2,1,1
0,4,12,1,1871.197,0 4,South,2,1,1
0,4,12,2,1871.806,1 4,South,2,1,1
0,4,12,2,1872.719,2 4,South,2,1,1
0,4,12,2,1873.257,3 4,South,2,1,1
0,4,12,2,1873.838,4 4,South,2,1,1
0,4,12,3,1875.052,4 4,West,2,1,1
0,4,12,2,1875.612,4 3,West,2,1,1
0,4,12,3,1876.267,4 3,North,2,1,1
0,4,12,1,1876.781,4 3,West,2,1,1
0,4,12,2,1877.407,4 2,West,2,1,1
0,4,12,3,1877.931,4 2,North,2,1,1
0,4,12,2,1878.513,3 2,North,2,1,1
0,4,12,1,1879.458,3 2,West,2,1,1
0,4,12,2,1880.048,3 1,West,2,1,1
0,4,12,6,1880.46,3 1,West,2,2,1
0,4,12,3,1880.608,3 1,North,2,2,1
0,4,12,3,1881.182,3 1,East,2,2,1
0,4,12,1,1882.383,3 1,North,2,2,1
0,4,12,2,1883.003,2 1,North,2,2,1
0,4,12,2,1883.562,1 1,North,2,2,1
0,4,12,1,1884.104,1 1,West,2,2,1
0,4,12,2,1884.666,1 0,West,2,2,1
0,4,12,1,1885.179,1 0,South,2,2,1
0,4,12,2,1885.73,2 0,South,2,2,1
0,4,12,6,1886.1,2 0,South,2,3,1
0,4,12,2,1886.285,3 0,South,2,3,1
0,4,12,2,1886.891,4 0,South,2,3,1
0,4,12,1,1887.437,4 0,East,2,3,1
0,4,12,1,1888.25,4 0,North,2,3,1
0,4,12,2,1889.033,3 0,North,2,3,1
0,4,12,2,1889.919,2 0,North,2,3,1
0,4,12,2,1890.539,1 0,North,2,3,1
0,4,12,3,1891.12,1 0,East,2,3,1
0,4,12,2,1891.711,1 1,East,2,3,1
0,4,12,6,1892.12,1 1,East,2,4,1
0,4,12,3,1892.257,1 1,South,2,4,1
0,4,12,2,1892.874,2 1,South,2,4,1
0,4,12,2,1893.454,3 1,South,2,4,1
0,4,12,1,1894.128,3 1,East,2,4,1
0,4,12,2,1894.889,3 2,East,2,4,1
0,4,12,3,1895.419,3 2,South,2,4,1
0,4,12,2,1896.306,4 2,South,2,4,1
0,4,12,1,1896.848,4 2,East,2,4,1
0,4,12,2,1897.39,4 3,East,2,4,1
0,4,12,2,1898.065,4 4,East,2,4,1
0,4,12,1,1898.617,4 4,North,2,4,1
0,4,12,2,1899.196,3 4,North,2,4,1
0,4,12,2,1899.823,2 4,North,2,4,1
0,4,12,2,1900.347,1 4,North,2,4,1
0,4,12,2,1900.953,0 4,North,2,4,1
0,4,12,1,1901.549,0 4,West,2,4,1
0,4,12,1,1902.187,0 4,South,2,4,1
0,4,12,2,1902.767,1 4,South,2,4,1
0,4,12,3,1903.395,1 4,West,2,4,1
0,4,12,2,1903.983,1 3,West,2,4,1
0,4,12,1,1904.652,1 3,South,2,4,1
0,4,12,2,1905.29,2 3,South,2,4,1
0,4,12,3,1905.841,2 3,West,2,4,1
0,4,12,2,1906.395,2 2,West,2,4,1
0,4,12,6,1906.8,2 2,West,2,5,1
0,4,12,3,1907.346,2 2,North,2,5,1
0,4,12,2,1907.87,1 2,North,2,5,1
0,4,12,2,1908.432,0 2,North,2,5,1
0,4,12,1,1909.422,0 2,West,2,5,1
0,4,12,1,1909.965,0 2,South,2,5,1
0,4,12,2,1910.479,1 2,South,2,5,1
0,4,12,2,1911.041,2 2,South,2,5,1
0,4,12,1,1911.579,2 2,East,2,5,1
0,4,12,2,1912.353,2 3,East,2,5,1
0,4,12,1,1913.274,2 3,North,2,5,1
0,4,12,2,1913.922,1 3,North,2,5,1
0,4,12,3,1914.768,1 3,East,2,5,1
0,4,12,2,1915.403,1 4,East,2,5,1
0,4,12,1,1915.97,1 4,North,2,5,1
0,4,12,2,1916.491,0 4,North,2,5,1
0,4,12,1,1917.04,0 4,West,2,5,1
0,4,12,1,1917.55,0 4,South,2,5,1
0,4,12,2,1918.426,1 4,South,2,5,1
0,4,12,2,1918.989,2 4,South,2,5,1
0,4,12,2,1919.547,3 4,South,2,5,1
0,4,12,2,1920.078,4 4,South,2,5,1
0,4,12,3,1920.624,4 4,West,2,5,1
0,4,12,2,1921.147,4 3,West,2,5,1
0,4,12,2,1921.697,4 2,West,2,5,1
0,4,12,3,1922.216,4 2,North,2,5,1
0,4,12,2,1922.843,3 2,North,2,5,1
0,4,12,3,1923.472,3 2,East,2,5,1
0,4,12,2,1924.033,3 3,East,2,5,1
0,4,12,6,1924.44,3 3,East,2,6,1
0,4,12,1,1924.923,3 3,North,2,6,1
0,4,12,1,1925.535,3 3,West,2,6,1
0,4,12,2,1926.141,3 2,West,2,6,1
0,4,12,1,1926.72,3 2,South,2,6,1
0,4,12,2,1927.294,4 2,South,2,6,1
0,4,12,6,1927.68,4 2,South,2,7,1
0,4,12,1,1927.849,4 2,East,2,7,1
0,4,12,1,1928.378,4 2,North,2,7,1
0,4,12,2,1928.977,3 2,North,2,7,1
0,4,12,1,1929.5,3 2,West,2,7,1
0,4,12,2,1930.017,3 1,West,2,7,1
0,4,12,3,1930.874,3 1,North,2,7,1
0,4,12,2,1931.452,2 1,North,2,7,1
0,4,12,2,1932.041,1 1,North,2,7,1
0,4,12,1,1932.651,1 1,West,2,7,1
0,4,12,2,1933.162,1 0,West,2,7,1
0,4,12,1,1933.693,1 0,South,2,7,1
0,4,12,2,1934.223,2 0,South,2,7,1
0,4,12,2,1934.735,3 0,South,2,7,1
0,4,12,2,1935.727,4 0,South,2,7,1
0,4,12,1,1936.379,4 0,East,2,7,1
0,4,12,1,1936.894,4 0,North,2,7,1
0,4,12,2,1937.759,3 0,North,2,7,1
0,4,12,2,1938.33,2 0,North,2,7,1
0,4,12,2,1938.873,1 0,North,2,7,1
0,4,12,3,1939.74,1 0,East,2,7,1
0,4,12,2,1940.368,1 1,East,2,7,1
0,4,12,3,1941.216,1 1,South,2,7,1
0,4,12,2,1941.836,2 1,South,2,7,1
0,4,12,2,1942.396,3 1,South,2,7,1
0,4,12,1,1942.937,3 1,East,2,7,1
0,4,12,2,1943.535,3 2,East,2,7,1
0,4,12,3,1944.063,3 2,South,2,7,1
0,4,12,2,1944.634,4 2,South,2,7,1
0,4,12,1,1945.244,4 2,East,2,7,1
0,4,12,1,1945.82,4 2,North,2,7,1
0,4,12,3,1946.767,4 2,East,2,7,1
0,4,12,2,1947.425,4 3,East,2,7,1
0,4,12,2,1947.977,4 4,East,2,7,1
0,4,12,1,1948.538,4 4,North,2,7,1
0,4,12,2,1949.185,3 4,North,2,7,1
0,4,12,2,1950.127,2 4,North,2,7,1
0,4,12,2,1950.669,1 4,North,2,7,1
0,4,12,6,1951.06,1 4,North,2,8,1
3,4,12,1,1957.532,4 3,North,2,0,0
3,4,12,1,1958.184,4 2,North,2,0,0
3,4,12,2,1958.841,3 2,North,2,0,0
3,4,12,1,1959.49,3 1,North,2,0,0
3,4,12,2,1960.058,2 1,North,2,0,0
3,4,12,2,1960.616,1 1,North,2,0,0
3,4,12,6,1961,1 1,North,2,1,0
3,4,12,4,1961.776,2 1,North,2,1,0
3,4,12,4,1962.413,3 1,North,2,1,0
3,4,12,3,1963.083,3 2,North,2,1,0
3,4,12,4,1963.714,4 2,North,2,1,0
3,4,12,3,1964.283,4 3,North,2,1,0
3,4,12,3,1965.597,4 4,North,2,1,0
3,4,12,2,1966.735,3 4,North,2,1,0
3,4,12,2,1967.37,2 4,North,2,1,0
3,4,12,2,1968.587,1 4,North,2,1,0
3,4,12,1,1969.283,1 3,North,2,1,0
3,4,12,4,1970.057,2 3,North,2,1,0
3,4,12,1,1970.777,2 2,North,2,1,0
3,4,12,2,1971.357,1 2,North,2,1,0
3,4,12,2,1971.971,0 2,North,2,1,0
3,4,12,6,1972.34,0 2,North,2,2,0
3,4,12,4,1973.265,1 2,North,2,2,0
3,4,12,4,1973.891,2 2,North,2,2,0
3,4,12,3,1974.527,2 3,North,2,2,0
3,4,12,2,1975.423,1 3,North,2,2,0
3,4,12,3,1976.062,1 4,North,2,2,0
3,4,12,4,1976.754,2 4,North,2,2,0
3,4,12,4,1977.355,3 4,North,2,2,0
3,4,12,4,1978.044,4 4,North,2,2,0
3,4,12,1,1979.613,4 3,North,2,2,0
3,4,12,1,1980.393,4 2,North,2,2,0
3,4,12,2,1981.086,3 2,North,2,2,0
3,4,12,1,1981.791,3 1,North,2,2,0
3,4,12,6,1982.2,3 1,North,2,3,0
3,4,12,3,1989.482,3 2,North,2,3,0
3,4,12,4,1990.124,4 2,North,2,3,0
3,4,12,3,1990.785,4 3,North,2,3,0
3,4,12,3,1991.417,4 4,North,2,3,0
3,4,12,2,1991.977,3 4,North,2,3,0
3,4,12,2,1992.669,2 4,North,2,3,0
3,4,12,2,1993.344,1 4,North,2,3,0
3,4,12,1,1994.029,1 3,North,2,3,0
3,4,12,4,1994.714,2 3,North,2,3,0
3,4,12,1,1995.375,2 2,North,2,3,0
3,4,12,6,1995.78,2 2,North,2,4,0
3,4,12,4,1996.333,2 2,North,2,4,1
3,4,12,3,1996.974,2 3,North,2,4,1
3,4,12,2,1997.643,1 3,North,2,4,1
3,4,12,6,1998.02,1 3,North,2,5,1
3,4,12,3,1999.599,1 4,North,2,5,1
3,4,12,4,2000.302,2 4,North,2,5,1
3,4,12,4,2000.994,3 4,North,2,5,1
3,4,12,4,2001.644,4 4,North,2,5,1
3,4,12,1,2002.335,4 3,North,2,5,1
3,4,12,1,2003.036,4 2,North,2,5,1
3,4,12,6,2003.44,4 2,North,2,6,1
3,4,12,3,2006.484,4 3,North,2,6,1
3,4,12,3,2007.152,4 4,North,2,6,1
3,4,12,2,2007.68,3 4,North,2,6,1
3,4,12,2,2008.289,2 4,North,2,6,1
3,4,12,2,2008.986,1 4,North,2,6,1
3,4,12,1,2009.647,1 3,North,2,6,1
3,4,12,4,2010.32,2 3,North,2,6,1
3,4,12,1,2011.004,2 2,North,2,6,1
3,4,12,2,2011.706,1 2,North,2,6,1
3,4,12,2,2017.374,0 2,North,2,6,1
3,4,12,1,2017.916,0 1,North,2,6,1
3,4,12,1,2018.577,0 0,North,2,6,1
3,4,12,6,2018.98,0 0,North,2,7,1
3,4,12,3,2019.339,0 1,North,2,7,1
3,4,12,3,2020.066,0 2,North,2,7,1
3,4,12,4,2020.738,1 2,North,2,7,1
3,4,12,4,2021.913,2 2,North,2,7,1
3,4,12,3,2022.559,2 3,North,2,7,1
3,4,12,2,2023.244,1 3,North,2,7,1
3,4,12,3,2024.443,1 4,North,2,7,1
3,4,12,4,2025.215,2 4,North,2,7,1
3,4,12,4,2025.95,3 4,North,2,7,1
3,4,12,4,2026.587,4 4,North,2,7,1
3,4,12,1,2027.274,4 3,North,2,7,1
3,4,12,1,2027.969,4 2,North,2,7,1
3,4,12,2,2028.671,3 2,North,2,7,1
3,4,12,1,2029.549,3 1,North,2,7,1
3,4,12,2,2031.36,2 1,North,2,7,1
3,4,12,2,2032.041,1 1,North,2,7,1
3,4,12,1,2032.729,1 0,North,2,7,1
3,4,12,4,2033.353,2 0,North,2,7,1
3,4,12,4,2034.015,3 0,North,2,7,1
3,4,12,4,2034.674,4 0,North,2,7,1
3,4,12,6,2035.04,4 0,North,2,8,1
0,5,13,2,2190.638,3 4,North,3,0,1
0,5,13,1,2191.725,3 4,West,3,0,1
0,5,13,2,2192.651,3 3,West,3,0,1
0,5,13,3,2193.785,3 3,North,3,0,1
0,5,13,2,2194.508,2 3,North,3,0,1
0,5,13,2,2195.389,1 3,North,3,0,1
0,5,13,2,2196.332,0 3,North,3,0,1
0,5,13,3,2197.146,0 3,East,3,0,1
0,5,13,2,2197.992,0 4,East,3,0,1
0,5,13,6,2198.4,0 4,East,3,1,1
0,5,13,3,2198.859,0 4,South,3,1,1
0,5,13,2,2200.555,1 4,South,3,1,1
0,5,13,2,2202.033,2 4,South,3,1,1
0,5,13,1,2203.482,2 4,East,3,1,1
0,5,13,2,2204.207,2 4,East,3,1,1
0,5,13,2,2204.762,2 4,East,3,1,1
0,5,13,1,2205.5,2 4,North,3,1,1
0,5,13,2,2206.461,1 4,North,3,1,1
0,5,13,2,2207.225,0 4,North,3,1,1
0,5,13,1,2208.057,0 4,West,3,1,1
0,5,13,2,2208.989,0 3,West,3,1,1
0,5,13,1,2209.804,0 3,South,3,1,1
0,5,13,2,2210.704,1 3,South,3,1,1
0,5,13,2,2211.552,2 3,South,3,1,1
0,5,13,2,2212.269,3 3,South,3,1,1
0,5,13,1,2213.086,3 3,East,3,1,1
0,5,13,2,2213.962,3 4,East,3,1,1
0,5,13,3,2214.808,3 4,South,3,1,1
0,5,13,2,2215.625,4 4,South,3,1,1
0,5,13,3,2216.418,4 4,West,3,1,1
0,5,13,2,2217.211,4 3,West,3,1,1
0,5,13,2,2218.139,4 2,West,3,1,1
0,5,13,2,2218.973,4 1,West,3,1,1
0,5,13,6,2219.38,4 1,West,3,2,1
0,5,13,2,2220.174,4 0,West,3,2,1
0,5,13,1,2220.938,4 0,South,3,2,1
0,5,13,1,2221.772,4 0,East,3,2,1
0,5,13,2,2222.588,4 1,East,3,2,1
0,5,13,2,2223.453,4 2,East,3,2,1
0,5,13,1,2224.978,4 2,North,3,2,1
0,5,13,2,2225.659,3 2,North,3,2,1
0,5,13,1,2226.297,3 2,West,3,2,1
0,5,13,2,2226.926,3 1,West,3,2,1
0,5,13,2,2227.535,3 0,West,3,2,1
0,5,13,3,2228.107,3 0,North,3,2,1
0,5,13,2,2228.753,2 0,North,3,2,1
0,5,13,2,2229.345,1 0,North,3,2,1
0,5,13,3,2230.24,1 0,East,3,2,1
0,5,13,2,2230.93,1 1,East,3,2,1
0,5,13,3,2231.595,1 1,South,3,2,1
0,5,13,2,2232.288,2 1,South,3,2,1
0,5,13,1,2232.929,2 1,East,3,2,1
0,5,13,2,2233.576,2 2,East,3,2,1
0,5,13,1,2234.208,2 2,North,3,2,1
0,5,13,2,2234.818,1 2,North,3,2,1
0,5,13,2,2235.44,0 2,North,3,2,1
0,5,13,1,2236.028,0 2,West,3,2,1
0,5,13,2,2236.674,0 1,West,3,2,1
0,5,13,2,2237.421,0 0,West,3,2,1
0,5,13,3,2238.061,0 0,North,3,2,1
0,5,13,3,2238.752,0 0,East,3,2,1
0,5,13,2,2239.34,0 1,East,3,2,1
0,5,13,2,2239.978,0 2,East,3,2,1
0,5,13,3,2240.569,0 2,South,3,2,1
0,5,13,2,2241.242,1 2,South,3,2,1
0,5,13,2,2241.853,2 2,South,3,2,1
0,5,13,3,2242.494,2 2,West,3,2,1
0,5,13,2,2243.198,2 1,West,3,2,1
0,5,13,3,2243.808,2 1,North,3,2,1
0,5,13,2,2244.445,1 1,North,3,2,1
0,5,13,1,2245.058,1 1,West,3,2,1
0,5,13,2,2245.721,1 0,West,3,2,1
0,5,13,1,2246.32,1 0,South,3,2,1
0,5,13,2,2246.959,2 0,South,3,2,1
0,5,13,2,2247.562,3 0,South,3,2,1
0,5,13,1,2248.094,3 0,East,3,2,1
0,5,13,2,2248.704,3 1,East,3,2,1
0,5,13,2,2249.356,3 2,East,3,2,1
0,5,13,3,2249.93,3 2,South,3,2,1
0,5,13,2,2250.64,4 2,South,3,2,1
0,5,13,1,2251.282,4 2,East,3,2,1
0,5,13,2,2251.917,4 3,East,3,2,1
0,5,13,2,2252.527,4 4,East,3,2,1
0,5,13,1,2253.105,4 4,North,3,2,1
0,5,13,2,2254.332,3 4,North,3,2,1
0,5,13,1,2255.073,3 4,West,3,2,1
0,5,13,2,2255.817,3 3,West,3,2,1
0,5,13,3,2256.638,3 3,North,3,2,1
0,5,13,2,2257.568,2 3,North,3,2,1
0,5,13,2,2258.285,1 3,North,3,2,1
0,5,13,2,2258.891,0 3,North,3,2,1
0,5,13,3,2259.612,0 3,East,3,2,1
0,5,13,2,2260.332,0 4,East,3,2,1
0,5,13,3,2261.393,0 4,South,3,2,1
0,5,13,2,2262.028,1 4,South,3,2,1
0,5,13,2,2262.667,2 4,South,3,2,1
0,5,13,6,2263.06,2 4,South,3,3,1
0,5,13,1,2263.321,2 4,East,3,3,1
0,5,13,2,2263.984,2 4,East,3,3,1
0,5,13,1,2264.537,2 4,North,3,3,1
0,5,13,2,2265.162,1 4,North,3,3,1
0,5,13,2,2265.811,0 4,North,3,3,1
0,5,13,1,2266.425,0 4,West,3,3,1
0,5,13,2,2267.084,0 3,West,3,3,1
0,5,13,1,2267.802,0 3,South,3,3,1
0,5,13,2,2268.462,1 3,South,3,3,1
0,5,13,2,2269.101,2 3,South,3,3,1
0,5,13,2,2269.73,3 3,South,3,3,1
0,5,13,1,2270.38,3 3,East,3,3,1
0,5,13,2,2271.054,3 4,East,3,3,1
0,5,13,3,2271.713,3 4,South,3,3,1
0,5,13,2,2272.271,4 4,South,3,3,1
0,5,13,2,2272.889,4 4,South,3,3,1
0,5,13,3,2273.418,4 4,West,3,3,1
0,5,13,2,2274.299,4 3,West,3,3,1
0,5,13,2,2274.937,4 2,West,3,3,1
0,5,13,3,2275.833,4 2,North,3,3,1
0,5,13,2,2276.793,3 2,North,3,3,1
0,5,13,1,2277.408,3 2,West,3,3,1
0,5,13,2,2278.062,3 1,West,3,3,1
0,5,13,2,2278.73,3 0,West,3,3,1
0,5,13,3,2279.384,3 0,North,3,3,1
0,5,13,2,2280.06,2 0,North,3,3,1
0,5,13,2,2280.734,1 0,North,3,3,1
0,5,13,3,2281.44,1 0,East,3,3,1
0,5,13,2,2282.128,1 1,East,3,3,1
0,5,13,3,2282.88,1 1,South,3,3,1
0,5,13,2,2284.267,2 1,South,3,3,1
0,5,13,1,2285.114,2 1,East,3,3,1
0,5,13,2,2285.963,2 2,East,3,3,1
0,5,13,1,2286.748,2 2,North,3,3,1
0,5,13,2,2287.488,1 2,North,3,3,1
0,5,13,2,2288.165,0 2,North,3,3,1
0,5,13,1,2288.768,0 2,West,3,3,1
0,5,13,2,2289.389,0 1,West,3,3,1
0,5,13,6,2289.8,0 1,West,3,4,1
0,5,13,1,2290.412,0 1,South,3,4,1
0,5,13,1,2291.038,0 1,East,3,4,1
0,5,13,2,2291.708,0 2,East,3,4,1
0,5,13,3,2292.365,0 2,South,3,4,1
0,5,13,2,2293.034,1 2,South,3,4,1
0,5,13,2,2293.713,2 2,South,3,4,1
0,5,13,6,2294.08,2 2,South,3,5,1
0,5,13,3,2294.281,2 2,West,3,5,1
0,5,13,2,2294.956,2 1,West,3,5,1
0,5,13,3,2295.58,2 1,North,3,5,1
0,5,13,2,2296.238,1 1,North,3,5,1
0,5,13,1,2296.876,1 1,West,3,5,1
0,5,13,2,2297.512,1 0,West,3,5,1
0,5,13,1,2298.16,1 0,South,3,5,1
0,5,13,2,2298.77,2 0,South,3,5,1
0,5,13,2,2299.321,3 0,South,3,5,1
0,5,13,1,2299.882,3 0,East,3,5,1
0,5,13,2,2300.444,3 1,East,3,5,1
0,5,13,2,2301.001,3 2,East,3,5,1
0,5,13,3,2301.6,3 2,South,3,5,1
0,5,13,2,2302.301,4 2,South,3,5,1
0,5,13,3,2302.878,4 2,West,3,5,1
0,5,13,1,2303.647,4 2,South,3,5,1
0,5,13,2,2304.272,4 2,South,3,5,1
0,5,13,1,2304.735,4 2,East,3,5,1
0,5,13,2,2305.37,4 3,East,3,5,1
0,5,13,2,2305.936,4 4,East,3,5,1
0,5,13,1,2306.571,4 4,North,3,5,1
0,5,13,2,2307.401,3 4,North,3,5,1
0,5,13,1,2308.079,3 4,West,3,5,1
0,5,13,2,2308.794,3 3,West,3,5,1
0,5,13,3,2309.481,3 3,North,3,5,1
0,5,13,2,2310.162,2 3,North,3,5,1
0,5,13,2,2310.813,1 3,North,3,5,1
0,5,13,2,2311.536,0 3,North,3,5,1
0,5,13,3,2312.153,0 3,East,3,5,1
0,5,13,2,2312.781,0 4,East,3,5,1
0,5,13,3,2313.357,0 4,South,3,5,1
0,5,13,2,2313.997,1 4,South,3,5,1
0,5,13,6,2314.38,1 4,South,3,6,1
0,5,13,1,2314.656,1 4,East,3,6,1
0,5,13,1,2315.369,1 4,North,3,6,1
0,5,13,2,2316.049,0 4,North,3,6,1
0,5,13,1,2316.674,0 4,West,3,6,1
0,5,13,2,2317.312,0 3,West,3,6,1
0,5,13,1,2318.112,0 3,South,3,6,1
0,5,13,2,2321.834,1 3,South,3,6,1
0,5,13,2,2322.464,2 3,South,3,6,1
0,5,13,2,2323.582,3 3,South,3,6,1
0,5,13,1,2324.251,3 3,East,3,6,1
0,5,13,2,2324.909,3 4,East,3,6,1
0,5,13,3,2325.535,3 4,South,3,6,1
0,5,13,2,2326.192,4 4,South,3,6,1
0,5,13,3,2326.781,4 4,West,3,6,1
0,5,13,2,2327.405,4 3,West,3,6,1
0,5,13,2,2327.985,4 2,West,3,6,1
0,5,13,6,2328.4,4 2,West,3,7,1
0,5,13,3,2328.976,4 2,North,3,7,1
0,5,13,2,2329.662,3 2,North,3,7,1
0,5,13,1,2330.255,3 2,West,3,7,1
0,5,13,2,2330.971,3 1,West,3,7,1
0,5,13,2,2331.63,3 0,West,3,7,1
0,5,13,3,2332.368,3 0,North,3,7,1
0,5,13,2,2332.937,2 0,North,3,7,1
0,5,13,2,2333.566,1 0,North,3,7,1
0,5,13,3,2334.736,1 0,East,3,7,1
0,5,13,2,2335.432,1 1,East,3,7,1
0,5,13,3,2336.137,1 1,South,3,7,1
0,5,13,2,2336.88,2 1,South,3,7,1
0,5,13,1,2337.537,2 1,East,3,7,1
0,5,13,2,2338.189,2 2,East,3,7,1
0,5,13,1,2338.792,2 2,North,3,7,1
0,5,13,2,2339.421,1 2,North,3,7,1
0,5,13,2,2340.11,0 2,North,3,7,1
0,5,13,1,2340.748,0 2,West,3,7,1
0,5,13,2,2341.387,0 1,West,3,7,1
0,5,13,2,2341.968,0 0,West,3,7,1
0,5,13,3,2342.607,0 0,North,3,7,1
0,5,13,3,2343.262,0 0,East,3,7,1
0,5,13,2,2343.947,0 1,East,3,7,1
0,5,13,2,2344.49,0 2,East,3,7,1
0,5,13,3,2345.104,0 2,South,3,7,1
0,5,13,2,2345.752,1 2,South,3,7,1
0,5,13,2,2346.365,2 2,South,3,7,1
0,5,13,3,2346.911,2 2,West,3,7,1
0,5,13,2,2348.41,2 1,West,3,7,1
0,5,13,3,2349.036,2 1,North,3,7,1
0,5,13,2,2350.201,1 1,North,3,7,1
0,5,13,1,2350.812,1 1,West,3,7,1
0,5,13,2,2351.421,1 0,West,3,7,1
0,5,13,1,2352.034,1 0,South,3,7,1
0,5,13,2,2352.639,2 0,South,3,7,1
0,5,13,2,2353.248,3 0,South,3,7,1
0,5,13,1,2353.838,3 0,East,3,7,1
0,5,13,2,2354.641,3 1,East,3,7,1
0,5,13,2,2355.358,3 2,East,3,7,1
0,5,13,3,2355.97,3 2,South,3,7,1
0,5,13,2,2356.637,4 2,South,3,7,1
0,5,13,3,2357.167,4 2,West,3,7,1
0,5,13,1,2359.881,4 2,South,3,7,1
0,5,13,1,2360.553,4 2,East,3,7,1
0,5,13,2,2361.342,4 3,East,3,7,1
0,5,13,2,2361.914,4 4,East,3,7,1
0,5,13,1,2362.589,4 4,North,3,7,1
0,5,13,2,2363.21,3 4,North,3,7,1
0,5,13,6,2363.6,3 4,North,3,8,1
3,5,13,1,2369.471,4 3,North,3,0,0
3,5,13,1,2370.522,4 2,North,3,0,0
3,5,13,6,2370.92,4 2,North,3,1,0
3,5,13,3,2371.662,4 3,North,3,1,0
3,5,13,3,2372.397,4 4,North,3,1,0
3,5,13,2,2373.233,3 4,North,3,1,0
3,5,13,1,2373.952,3 3,North,3,1,0
3,5,13,2,2374.658,2 3,North,3,1,0
3,5,13,2,2379.641,1 3,North,3,1,0
3,5,13,2,2381.193,0 3,North,3,1,0
3,5,13,3,2381.873,0 4,North,3,1,0
3,5,13,6,2382.28,0 4,North,3,2,0
3,5,13,1,2382.939,0 3,North,3,2,0
3,5,13,4,2384.206,1 3,North,3,2,0
3,5,13,4,2385.244,2 3,North,3,2,0
3,5,13,4,2387.441,3 3,North,3,2,0
3,5,13,3,2388.363,3 4,North,3,2,0
3,5,13,4,2389.102,4 4,North,3,2,0
3,5,13,1,2389.898,4 3,North,3,2,0
3,5,13,1,2390.605,4 2,North,3,2,0
3,5,13,2,2391.274,3 2,North,3,2,0
3,5,13,2,2392.017,3 2,North,3,2,1
3,5,13,1,2392.576,3 1,North,3,2,1
3,5,13,2,2395.227,3 1,North,3,2,2
3,5,13,3,2396.002,3 2,North,3,2,2
3,5,13,3,2397.647,3 2,North,3,2,3
3,5,13,4,2398.512,4 2,North,3,2,3
3,5,13,2,2399.47,3 2,North,3,2,3
3,5,13,1,2400.223,3 1,North,3,2,3
3,5,13,4,2400.987,3 1,North,3,2,4
3,5,13,1,2401.547,3 0,North,3,2,4
3,5,13,2,2402.289,2 0,North,3,2,4
3,5,13,2,2405.937,1 0,North,3,2,4
3,5,13,3,2408.014,1 1,North,3,2,4
3,5,13,4,2408.939,2 1,North,3,2,4
3,5,13,3,2409.71,2 2,North,3,2,4
3,5,13,6,2410.12,2 2,North,3,3,4
3,5,13,1,2411.232,2 1,North,3,3,4
3,5,13,2,2411.997,1 1,North,3,3,4
3,5,13,1,2412.687,1 0,North,3,3,4
3,5,13,4,2413.341,2 0,North,3,3,4
3,5,13,4,2414.046,3 0,North,3,3,4
3,5,13,3,2414.734,3 1,North,3,3,4
3,5,13,3,2415.72,3 2,North,3,3,4
3,5,13,4,2416.401,4 2,North,3,3,4
3,5,13,3,2417.07,4 3,North,3,3,4
3,5,13,3,2417.741,4 4,North,3,3,4
3,5,13,2,2418.38,3 4,North,3,3,4
3,5,13,6,2418.76,3 4,North,3,4,4
3,5,13,4,2420.047,4 4,North,3,4,4
3,5,13,1,2420.683,4 3,North,3,4,4
3,5,13,1,2421.327,4 2,North,3,4,4
3,5,13,3,2424.429,4 3,North,3,4,4
3,5,13,3,2425.049,4 4,North,3,4,4
3,5,13,1,2425.674,4 3,North,3,4,4
3,5,13,1,2426.348,4 2,North,3,4,4
3,5,13,2,2427.344,3 2,North,3,4,4
3,5,13,1,2428.347,3 1,North,3,4,4
3,5,13,2,2429.226,3 1,North,3,4,5
3,5,13,1,2429.79,3 0,North,3,4,5
3,5,13,2,2430.97,2 0,North,3,4,5
3,5,13,3,2431.806,2 0,North,3,4,6
3,5,13,2,2432.379,1 0,North,3,4,6
3,5,13,3,2433.518,1 1,North,3,4,6
3,5,13,2,2434.383,1 1,North,3,4,7
3,5,13,3,2434.891,1 1,North,3,4,8
3,5,13,1,2435.402,1 0,North,3,4,8
3,5,13,3,2436.025,1 1,North,3,4,8
3,5,13,4,2436.96,2 1,North,3,4,8
3,5,13,3,2438.924,2 2,North,3,4,8
3,5,13,2,2439.692,1 2,North,3,4,8
3,5,13,2,2440.927,0 2,North,3,4,8
3,5,13,1,2441.625,0 1,North,3,4,8
3,5,13,6,2442.02,0 1,North,3,5,8
3,5,13,3,2443.051,0 2,North,3,5,8
3,5,13,1,2443.755,0 1,North,3,5,8
3,5,13,1,2444.414,0 0,North,3,5,8
3,5,13,4,2445.164,0 0,North,3,5,9
3,5,13,3,2445.781,0 1,North,3,5,9
3,5,13,3,2446.481,0 2,North,3,5,9
3,5,13,4,2447.185,1 2,North,3,5,9
3,5,13,4,2449.818,2 2,North,3,5,9
3,5,13,1,2450.68,2 1,North,3,5,9
3,5,13,4,2456.799,2 1,North,3,5,10
3,5,13,1,2458.27,2 1,North,3,5,11
3,5,13,3,2458.667,2 2,North,3,5,11
3,5,13,4,2459.438,2 2,North,3,5,12
3,5,13,2,2460.458,1 2,North,3,5,12
3,5,13,4,2461.12,2 2,North,3,5,12
3,5,13,1,2461.776,2 1,North,3,5,12
3,5,13,4,2462.928,2 1,North,3,5,13
3,5,13,1,2463.789,2 1,North,3,5,14
3,5,13,2,2464.267,1 1,North,3,5,14
3,5,13,1,2464.961,1 0,North,3,5,14
3,5,13,6,2465.36,1 0,North,3,6,14
3,5,13,3,2466.06,1 1,North,3,6,14
3,5,13,4,2466.717,2 1,North,3,6,14
3,5,13,3,2467.426,2 2,North,3,6,14
3,5,13,4,2468.129,2 2,North,3,6,15
3,5,13,1,2468.799,2 1,North,3,6,15
3,5,13,1,2470.43,2 1,North,3,6,16
3,5,13,2,2471.186,1 1,North,3,6,16
3,5,13,4,2473.163,2 1,North,3,6,16
3,5,13,3,2474.16,2 2,North,3,6,16
3,5,13,4,2480.193,2 2,North,3,6,17
3,5,13,2,2480.785,1 2,North,3,6,17
3,5,13,2,2482.497,0 2,North,3,6,17
3,5,13,3,2483.165,0 2,North,3,6,18
3,5,13,1,2483.761,0 1,North,3,6,18
3,5,13,4,2484.545,0 1,North,3,6,19
3,5,13,1,2485.007,0 0,North,3,6,19
3,5,13,4,2485.871,0 0,North,3,6,20
3,5,13,3,2486.364,0 1,North,3,6,20
3,5,13,3,2486.976,0 2,North,3,6,20
3,5,13,4,2487.578,1 2,North,3,6,20
3,5,13,1,2488.351,1 2,North,3,6,21
3,5,13,4,2488.781,2 2,North,3,6,21
3,5,13,1,2489.42,2 1,North,3,6,21
3,5,13,2,2490.01,1 1,North,3,6,21
3,5,13,1,2490.64,1 0,North,3,6,21
3,5,13,4,2491.235,2 0,North,3,6,21
3,5,13,4,2491.865,3 0,North,3,6,21
3,5,13,3,2492.464,3 1,North,3,6,21
3,5,13,3,2493.164,3 2,North,3,6,21
3,5,13,4,2493.807,4 2,North,3,6,21
3,5,13,3,2494.451,4 3,North,3,6,21
3,5,13,3,2495.106,4 4,North,3,6,21
3,5,13,2,2495.754,3 4,North,3,6,21
3,5,13,1,2496.401,3 3,North,3,6,21
3,5,13,2,2496.993,2 3,North,3,6,21
3,5,13,2,2497.65,1 3,North,3,6,21
3,5,13,2,2498.468,0 3,North,3,6,21
3,5,13,6,2498.84,0 3,North,3,7,21
3,5,13,4,2499.373,1 3,North,3,7,21
3,5,13,4,2500.033,2 3,North,3,7,21
3,5,13,4,2500.658,3 3,North,3,7,21
3,5,13,3,2501.262,3 4,North,3,7,21
3,5,13,4,2501.89,4 4,North,3,7,21
3,5,13,1,2502.591,4 3,North,3,7,21
3,5,13,1,2503.373,4 2,North,3,7,21
3,5,13,1,2504.488,4 1,North,3,7,21
3,5,13,1,2505.138,4 0,North,3,7,21
3,5,13,6,2505.54,4 0,North,3,8,21
0,5,14,2,2509.631,3 4,North,3,0,21
0,5,14,1,2510.221,3 4,West,3,0,21
0,5,14,2,2510.795,3 3,West,3,0,21
0,5,14,3,2511.388,3 3,North,3,0,21
0,5,14,2,2511.965,2 3,North,3,0,21
0,5,14,2,2512.556,1 3,North,3,0,21
0,5,14,2,2513.101,0 3,North,3,0,21
0,5,14,6,2513.48,0 3,North,3,1,21
0,5,14,3,2513.658,0 3,East,3,1,21
0,5,14,2,2514.208,0 4,East,3,1,21
0,5,14,3,2514.749,0 4,South,3,1,21
0,5,14,3,2515.291,0 4,West,3,1,21
0,5,14,2,2515.856,0 3,West,3,1,21
0,5,14,1,2516.761,0 3,South,3,1,21
0,5,14,2,2517.36,1 3,South,3,1,21
0,5,14,2,2517.983,2 3,South,3,1,21
0,5,14,2,2518.542,3 3,South,3,1,21
0,5,14,1,2519.121,3 3,East,3,1,21
0,5,14,2,2519.776,3 4,East,3,1,21
0,5,14,3,2520.347,3 4,South,3,1,21
0,5,14,2,2520.878,4 4,South,3,1,21
0,5,14,3,2521.42,4 4,West,3,1,21
0,5,14,2,2521.948,4 3,West,3,1,21
0,5,14,3,2522.698,4 3,North,3,1,21
0,5,14,1,2523.246,4 3,West,3,1,21
0,5,14,2,2523.872,4 2,West,3,1,21
0,5,14,3,2524.475,4 2,North,3,1,21
0,5,14,2,2525.058,3 2,North,3,1,21
0,5,14,1,2525.658,3 2,West,3,1,21
0,5,14,2,2526.266,3 1,West,3,1,21
0,5,14,2,2526.859,3 0,West,3,1,21
0,5,14,6,2527.26,3 0,West,3,2,21
0,5,14,3,2527.47,3 0,North,3,2,21
0,5,14,2,2528.048,2 0,North,3,2,21
0,5,14,2,2528.609,1 0,North,3,2,21
0,5,14,3,2529.184,1 0,East,3,2,21
0,5,14,2,2529.745,1 1,East,3,2,21
0,5,14,6,2530.16,1 1,East,3,3,21
0,5,14,3,2530.319,1 1,South,3,3,21
0,5,14,2,2530.909,2 1,South,3,3,21
0,5,14,1,2531.472,2 1,East,3,3,21
0,5,14,2,2532.026,2 2,East,3,3,21
0,5,14,1,2532.896,2 2,North,3,3,21
0,5,14,2,2533.417,1 2,North,3,3,21
0,5,14,2,2533.97,0 2,North,3,3,21
0,5,14,1,2534.49,0 2,West,3,3,21
0,5,14,2,2535.001,0 1,West,3,3,21
0,5,14,1,2535.885,0 1,South,3,3,21
0,5,14,1,2536.456,0 1,East,3,3,21
0,5,14,2,2537.018,0 2,East,3,3,21
0,5,14,3,2537.599,0 2,South,3,3,21
0,5,14,2,2538.144,1 2,South,3,3,21
0,5,14,2,2538.7,2 2,South,3,3,21
0,5,14,3,2539.281,2 2,West,3,3,21
0,5,14,2,2539.855,2 1,West,3,3,21
0,5,14,3,2540.481,2 1,North,3,3,21
0,5,14,2,2541.021,1 1,North,3,3,21
0,5,14,1,2541.611,1 1,West,3,3,21
0,5,14,2,2542.218,1 0,West,3,3,21
0,5,14,1,2542.825,1 0,South,3,3,21
0,5,14,2,2543.433,2 0,South,3,3,21
0,5,14,2,2543.983,3 0,South,3,3,21
0,5,14,1,2544.658,3 0,East,3,3,21
0,5,14,2,2545.179,3 1,East,3,3,21
0,5,14,2,2545.708,3 2,East,3,3,21
0,5,14,3,2546.269,3 2,South,3,3,21
0,5,14,2,2546.84,4 2,South,3,3,21
0,5,14,3,2547.374,4 2,West,3,3,21
0,5,14,2,2548.075,4 1,West,3,3,21
0,5,14,1,2548.67,4 1,South,3,3,21
0,5,14,1,2549.342,4 1,East,3,3,21
0,5,14,2,2549.865,4 2,East,3,3,21
0,5,14,2,2550.4,4 3,East,3,3,21
0,5,14,2,2550.923,4 4,East,3,3,21
0,5,14,1,2551.834,4 4,North,3,3,21
0,5,14,2,2552.416,3 4,North,3,3,21
0,5,14,1,2552.937,3 4,West,3,3,21
0,5,14,2,2553.805,3 3,West,3,3,21
0,5,14,6,2554.22,3 3,West,3,4,21
0,5,14,2,2554.701,3 3,West,3,4,21
0,5,14,3,2555.024,3 3,North,3,4,21
0,5,14,2,2555.646,2 3,North,3,4,21
0,5,14,2,2556.171,1 3,North,3,4,21
0,5,14,2,2556.737,0 3,North,3,4,21
0,5,14,3,2557.26,0 3,East,3,4,21
0,5,14,2,2557.772,0 4,East,3,4,21
0,5,14,3,2558.302,0 4,South,3,4,21
0,5,14,3,2558.857,0 4,West,3,4,21
0,5,14,2,2559.406,0 3,West,3,4,21
0,5,14,1,2560.304,0 3,South,3,4,21
0,5,14,2,2560.828,1 3,South,3,4,21
0,5,14,2,2561.392,2 3,South,3,4,21
0,5,14,2,2561.945,3 3,South,3,4,21
0,5,14,1,2562.478,3 3,East,3,4,21
0,5,14,2,2563.181,3 4,East,3,4,21
0,5,14,3,2563.727,3 4,South,3,4,21
0,5,14,2,2564.321,4 4,South,3,4,21
0,5,14,3,2564.862,4 4,West,3,4,21
0,5,14,2,2565.394,4 3,West,3,4,21
0,5,14,2,2566.413,4 2,West,3,4,21
0,5,14,3,2566.974,4 2,North,3,4,21
0,5,14,2,2567.611,3 2,North,3,4,21
0,5,14,1,2568.236,3 2,West,3,4,21
0,5,14,2,2568.846,3 1,West,3,4,21
0,5,14,2,2569.456,3 0,West,3,4,21
0,5,14,3,2569.997,3 0,North,3,4,21
0,5,14,2,2570.568,2 0,North,3,4,21
0,5,14,6,2570.96,2 0,North,3,5,21
0,5,14,2,2571.134,1 0,North,3,5,21
0,5,14,3,2571.753,1 0,East,3,5,21
0,5,14,2,2572.317,1 1,East,3,5,21
0,5,14,3,2572.891,1 1,South,3,5,21
0,5,14,2,2573.424,2 1,South,3,5,21
0,5,14,1,2573.968,2 1,East,3,5,21
0,5,14,2,2574.558,2 2,East,3,5,21
0,5,14,1,2575.433,2 2,North,3,5,21
0,5,14,2,2576.031,1 2,North,3,5,21
0,5,14,2,2576.591,0 2,North,3,5,21
0,5,14,1,2577.151,0 2,West,3,5,21
0,5,14,1,2577.693,0 2,South,3,5,21
0,5,14,2,2578.219,1 2,South,3,5,21
0,5,14,2,2578.762,2 2,South,3,5,21
0,5,14,3,2579.308,2 2,West,3,5,21
0,5,14,2,2579.836,2 1,West,3,5,21
0,5,14,3,2580.396,2 1,North,3,5,21
0,5,14,2,2580.938,1 1,North,3,5,21
0,5,14,1,2581.521,1 1,West,3,5,21
0,5,14,2,2582.075,1 0,West,3,5,21
0,5,14,1,2582.607,1 0,South,3,5,21
0,5,14,2,2583.177,2 0,South,3,5,21
0,5,14,2,2583.739,3 0,South,3,5,21
0,5,14,1,2584.749,3 0,East,3,5,21
0,5,14,2,2585.262,3 1,East,3,5,21
0,5,14,6,2585.68,3 1,East,3,6,21
0,5,14,2,2585.791,3 2,East,3,6,21
0,5,14,3,2586.317,3 2,South,3,6,21
0,5,14,2,2586.942,4 2,South,3,6,21
0,5,14,2,2587.566,4 2,South,3,6,21
0,5,14,3,2587.898,4 2,West,3,6,21
0,5,14,3,2588.779,4 2,North,3,6,21
0,5,14,3,2589.378,4 2,East,3,6,21
0,5,14,2,2590.285,4 3,East,3,6,21
0,5,14,2,2590.801,4 4,East,3,6,21
0,5,14,1,2591.339,4 4,North,3,6,21
0,5,14,2,2591.899,3 4,North,3,6,21
0,5,14,1,2592.43,3 4,West,3,6,21
0,5,14,2,2592.944,3 3,West,3,6,21
0,5,14,3,2593.807,3 3,North,3,6,21
0,5,14,2,2594.38,2 3,North,3,6,21
0,5,14,6,2594.76,2 3,North,3,7,21
0,5,14,2,2594.897,1 3,North,3,7,21
0,5,14,6,2595.28,1 3,North,3,8,21
3,5,14,1,2601.308,4 3,North,3,0,0
3,5,14,1,2601.948,4 2,North,3,0,0
3,5,14,2,2602.619,3 2,North,3,0,0
3,5,14,1,2603.323,3 1,North,3,0,0
3,5,14,1,2604.076,3 0,North,3,0,0
3,5,14,2,2604.792,2 0,North,3,0,0
3,5,14,2,2607.562,1 0,North,3,0,0
3,5,14,3,2608.266,1 1,North,3,0,0
3,5,14,6,2608.66,1 1,North,3,1,0
3,5,14,1,2609.293,1 0,North,3,1,0
3,5,14,4,2609.905,2 0,North,3,1,0
3,5,14,4,2610.579,3 0,North,3,1,0
3,5,14,3,2611.214,3 1,North,3,1,0
3,5,14,3,2614.639,3 2,North,3,1,0
3,5,14,4,2615.227,4 2,North,3,1,0
3,5,14,3,2615.896,4 3,North,3,1,0
3,5,14,3,2616.544,4 4,North,3,1,0
3,5,14,2,2617.137,3 4,North,3,1,0
3,5,14,1,2617.773,3 3,North,3,1,0
3,5,14,6,2618.18,3 3,North,3,2,0
3,5,14,3,2618.937,3 4,North,3,2,0
3,5,14,4,2619.562,4 4,North,3,2,0
3,5,14,1,2620.157,4 3,North,3,2,0
3,5,14,1,2620.83,4 2,North,3,2,0
3,5,14,2,2621.843,3 2,North,3,2,0
3,5,14,1,2622.554,3 1,North,3,2,0
3,5,14,1,2623.93,3 0,North,3,2,0
3,5,14,2,2624.605,2 0,North,3,2,0
3,5,14,3,2626.825,2 0,North,3,2,1
3,5,14,2,2627.25,1 0,North,3,2,1
3,5,14,3,2627.918,1 1,North,3,2,1
3,5,14,4,2628.564,2 1,North,3,2,1
3,5,14,6,2628.92,2 1,North,3,3,1
3,5,14,2,2629.513,1 1,North,3,3,1
3,5,14,1,2630.32,1 0,North,3,3,1
3,5,14,4,2630.974,2 0,North,3,3,1
3,5,14,4,2631.678,3 0,North,3,3,1
3,5,14,6,2632.04,3 0,North,3,4,1
3,5,14,2,2632.515,2 0,North,3,4,1
3,5,14,2,2635.032,1 0,North,3,4,1
3,5,14,3,2635.79,1 1,North,3,4,1
3,5,14,1,2636.99,1 0,North,3,4,1
3,5,14,4,2637.688,2 0,North,3,4,1
3,5,14,3,2638.41,2 0,North,3,4,2
3,5,14,4,2639.418,3 0,North,3,4,2
3,5,14,3,2641.562,3 1,North,3,4,2
3,5,14,4,2642.203,3 1,North,3,4,3
3,5,14,3,2643.311,3 2,North,3,4,3
3,5,14,4,2643.897,4 2,North,3,4,3
3,5,14,3,2644.476,4 3,North,3,4,3
3,5,14,3,2645.043,4 4,North,3,4,3
3,5,14,2,2645.614,3 4,North,3,4,3
3,5,14,1,2646.241,3 3,North,3,4,3
3,5,14,2,2646.792,2 3,North,3,4,3
3,5,14,6,2647.18,2 3,North,3,5,3
3,5,14,4,2649.63,3 3,North,3,5,3
3,5,14,3,2650.219,3 4,North,3,5,3
3,5,14,4,2650.812,4 4,North,3,5,3
3,5,14,1,2651.521,4 3,North,3,5,3
3,5,14,1,2652.153,4 2,North,3,5,3
3,5,14,2,2652.906,3 2,North,3,5,3
3,5,14,1,2653.514,3 1,North,3,5,3
3,5,14,1,2654.144,3 0,North,3,5,3
3,5,14,2,2654.704,2 0,North,3,5,3
3,5,14,2,2657.177,1 0,North,3,5,3
3,5,14,3,2657.838,1 1,North,3,5,3
3,5,14,4,2658.481,2 1,North,3,5,3
3,5,14,3,2659.139,2 2,North,3,5,3
3,5,14,2,2659.769,1 2,North,3,5,3
3,5,14,2,2660.447,0 2,North,3,5,3
3,5,14,6,2660.84,0 2,North,3,6,3
3,5,14,4,2661.488,1 2,North,3,6,3
3,5,14,4,2662.237,2 2,North,3,6,3
3,5,14,1,2662.894,2 1,North,3,6,3
3,5,14,2,2664.539,1 1,North,3,6,3
3,5,14,1,2665.291,1 0,North,3,6,3
3,5,14,4,2666.061,2 0,North,3,6,3
3,5,14,6,2666.42,2 0,North,3,7,3
3,5,14,4,2669.811,3 0,North,3,7,3
3,5,14,3,2670.467,3 1,North,3,7,3
3,5,14,3,2672.561,3 2,North,3,7,3
3,5,14,4,2673.168,4 2,North,3,7,3
3,5,14,3,2673.724,4 3,North,3,7,3
3,5,14,3,2674.296,4 4,North,3,7,3
3,5,14,2,2674.845,3 4,North,3,7,3
3,5,14,1,2675.469,3 3,North,3,7,3
3,5,14,2,2676.03,2 3,North,3,7,3
3,5,14,2,2676.609,1 3,North,3,7,3
3,5,14,6,2677,1 3,North,3,8,3
0,5,15,2,2681.164,3 4,North,3,0,3
0,5,15,1,2681.744,3 4,West,3,0,3
0,5,15,1,2682.395,3 4,South,3,0,3
0,5,15,2,2682.909,4 4,South,3,0,3
0,5,15,3,2683.441,4 4,West,3,0,3
0,5,15,2,2683.962,4 3,West,3,0,3
0,5,15,2,2684.506,4 2,West,3,0,3
0,5,15,3,2685.058,4 2,North,3,0,3
0,5,15,2,2685.629,3 2,North,3,0,3
0,5,15,1,2686.156,3 2,West,3,0,3
0,5,15,2,2686.672,3 1,West,3,0,3
0,5,15,2,2687.611,3 0,West,3,0,3
0,5,15,3,2688.162,3 0,North,3,0,3
0,5,15,2,2688.768,2 0,North,3,0,3
0,5,15,2,2689.295,1 0,North,3,0,3
0,5,15,6,2689.68,1 0,North,3,1,3
0,5,15,3,2690.065,1 0,East,3,1,3
0,5,15,2,2690.655,1 1,East,3,1,3
0,5,15,3,2691.182,1 1,South,3,1,3
0,5,15,2,2691.729,2 1,South,3,1,3
0,5,15,1,2692.763,2 1,East,3,1,3
0,5,15,2,2693.672,2 2,East,3,1,3
0,5,15,1,2694.49,2 2,North,3,1,3
0,5,15,2,2695.036,1 2,North,3,1,3
0,5,15,2,2695.885,0 2,North,3,1,3
0,5,15,6,2696.26,0 2,North,3,2,3
0,5,15,1,2696.473,0 2,West,3,2,3
0,5,15,1,2697.472,0 2,South,3,2,3
0,5,15,2,2698.017,1 2,South,3,2,3
0,5,15,2,2698.621,2 2,South,3,2,3
0,5,15,3,2699.149,2 2,West,3,2,3
0,5,15,2,2699.674,2 1,West,3,2,3
0,5,15,3,2700.264,2 1,North,3,2,3
0,5,15,2,2700.818,1 1,North,3,2,3
0,5,15,1,2701.422,1 1,West,3,2,3
0,5,15,2,2702.011,1 0,West,3,2,3
0,5,15,1,2702.527,1 0,South,3,2,3
0,5,15,2,2703.08,2 0,South,3,2,3
0,5,15,2,2703.616,3 0,South,3,2,3
0,5,15,1,2704.553,3 0,East,3,2,3
0,5,15,2,2705.145,3 1,East,3,2,3
0,5,15,2,2705.674,3 2,East,3,2,3
0,5,15,3,2706.208,3 2,South,3,2,3
0,5,15,2,2706.796,4 2,South,3,2,3
0,5,15,1,2707.338,4 2,East,3,2,3
0,5,15,2,2707.897,4 3,East,3,2,3
0,5,15,2,2708.427,4 4,East,3,2,3
0,5,15,1,2709.312,4 4,North,3,2,3
0,5,15,1,2709.913,4 4,West,3,2,3
0,5,15,2,2710.603,4 3,West,3,2,3
0,5,15,2,2711.312,4 2,West,3,2,3
0,5,15,2,2711.901,4 1,West,3,2,3
0,5,15,2,2712.461,4 0,West,3,2,3
0,5,15,6,2712.88,4 0,West,3,3,3
0,5,15,2,2713.066,4 0,West,3,3,3
0,5,15,1,2713.373,4 0,South,3,3,3
0,5,15,1,2714.009,4 0,East,3,3,3
0,5,15,2,2714.608,4 1,East,3,3,3
0,5,15,2,2715.136,4 2,East,3,3,3
0,5,15,1,2715.754,4 2,North,3,3,3
0,5,15,2,2716.349,3 2,North,3,3,3
0,5,15,6,2716.74,3 2,North,3,4,3
0,5,15,3,2716.928,3 2,East,3,4,3
0,5,15,3,2717.471,3 2,South,3,4,3
0,5,15,2,2718.043,4 2,South,3,4,3
0,5,15,1,2718.701,4 2,East,3,4,3
0,5,15,2,2719.263,4 3,East,3,4,3
0,5,15,2,2719.867,4 4,East,3,4,3
0,5,15,1,2720.75,4 4,North,3,4,3
0,5,15,2,2721.309,3 4,North,3,4,3
0,5,15,1,2721.854,3 4,West,3,4,3
0,5,15,2,2722.417,3 3,West,3,4,3
0,5,15,3,2723.212,3 3,North,3,4,3
0,5,15,2,2723.806,2 3,North,3,4,3
0,5,15,2,2724.354,1 3,North,3,4,3
0,5,15,2,2724.938,0 3,North,3,4,3
0,5,15,3,2725.74,0 3,East,3,4,3
0,5,15,2,2726.33,0 4,East,3,4,3
0,5,15,3,2726.845,0 4,South,3,4,3
0,5,15,3,2727.513,0 4,West,3,4,3
0,5,15,2,2728.096,0 3,West,3,4,3
0,5,15,1,2728.893,0 3,South,3,4,3
0,5,15,2,2729.533,1 3,South,3,4,3
0,5,15,2,2730.11,2 3,South,3,4,3
0,5,15,2,2730.761,3 3,South,3,4,3
0,5,15,1,2731.296,3 3,East,3,4,3
0,5,15,2,2731.888,3 4,East,3,4,3
0,5,15,3,2732.414,3 4,South,3,4,3
0,5,15,2,2733.003,4 4,South,3,4,3
0,5,15,3,2733.566,4 4,West,3,4,3
0,5,15,2,2734.128,4 3,West,3,4,3
0,5,15,2,2734.716,4 2,West,3,4,3
0,5,15,3,2735.77,4 2,North,3,4,3
0,5,15,2,2736.303,3 2,North,3,4,3
0,5,15,1,2737.117,3 2,West,3,4,3
0,5,15,2,2737.698,3 1,West,3,4,3
0,5,15,2,2738.223,3 0,West,3,4,3
0,5,15,3,2739.119,3 0,North,3,4,3
0,5,15,2,2739.681,2 0,North,3,4,3
0,5,15,2,2740.321,1 0,North,3,4,3
0,5,15,3,2740.863,1 0,East,3,4,3
0,5,15,2,2741.401,1 1,East,3,4,3
0,5,15,3,2741.945,1 1,South,3,4,3
0,5,15,2,2742.478,2 1,South,3,4,3
0,5,15,1,2743.305,2 1,East,3,4,3
0,5,15,2,2743.935,2 2,East,3,4,3
0,5,15,1,2744.748,2 2,North,3,4,3
0,5,15,2,2745.324,1 2,North,3,4,3
0,5,15,2,2745.887,0 2,North,3,4,3
0,5,15,1,2746.465,0 2,West,3,4,3
0,5,15,2,2747.016,0 1,West,3,4,3
0,5,15,2,2747.532,0 0,West,3,4,3
0,5,15,6,2747.94,0 0,West,3,5,3
0,5,15,3,2748.157,0 0,North,3,5,3
0,5,15,3,2748.907,0 0,East,3,5,3
0,5,15,2,2749.449,0 1,East,3,5,3
0,5,15,2,2750.041,0 2,East,3,5,3
0,5,15,3,2750.554,0 2,South,3,5,3
0,5,15,2,2751.071,1 2,South,3,5,3
0,5,15,6,2751.44,1 2,South,3,6,3
0,5,15,2,2751.593,2 2,South,3,6,3
0,5,15,3,2752.112,2 2,West,3,6,3
0,5,15,2,2752.637,2 1,West,3,6,3
0,5,15,6,2753.04,2 1,West,3,7,3
0,5,15,3,2753.48,2 1,North,3,7,3
0,5,15,2,2754.082,1 1,North,3,7,3
0,5,15,1,2754.912,1 1,West,3,7,3
0,5,15,2,2755.561,1 0,West,3,7,3
0,5,15,1,2756.107,1 0,South,3,7,3
0,5,15,2,2757.057,2 0,South,3,7,3
0,5,15,2,2757.674,3 0,South,3,7,3
0,5,15,1,2758.208,3 0,East,3,7,3
0,5,15,2,2759.121,3 1,East,3,7,3
0,5,15,2,2759.722,3 2,East,3,7,3
0,5,15,3,2760.289,3 2,South,3,7,3
0,5,15,2,2760.861,4 2,South,3,7,3
0,5,15,1,2761.45,4 2,East,3,7,3
0,5,15,2,2762.047,4 3,East,3,7,3
0,5,15,6,2762.46,4 3,East,3,8,3
3,5,15,1,2766.747,4 3,North,3,0,0
3,5,15,6,2767.16,4 3,North,3,1,0
3,5,15,1,2768.097,4 2,North,3,1,0
3,5,15,2,2768.833,3 2,North,3,1,0
3,5,15,1,2769.474,3 1,North,3,1,0
3,5,15,1,2770.145,3 0,North,3,1,0
3,5,15,2,2770.697,2 0,North,3,1,0
3,5,15,2,2771.358,1 0,North,3,1,0
3,5,15,6,2771.74,1 0,North,3,2,0
3,5,15,3,2773.266,1 1,North,3,2,0
3,5,15,4,2773.857,2 1,North,3,2,0
3,5,15,6,2774.22,2 1,North,3,3,0
3,5,15,3,2775.262,2 2,North,3,3,0
3,5,15,2,2775.841,1 2,North,3,3,0
3,5,15,2,2776.468,0 2,North,3,3,0
3,5,15,1,2777.041,0 1,North,3,3,0
3,5,15,1,2777.688,0 0,North,3,3,0
3,5,15,6,2778.1,0 0,North,3,4,0
3,5,15,3,2778.609,0 1,North,3,4,0
3,5,15,3,2779.252,0 2,North,3,4,0
3,5,15,4,2779.851,1 2,North,3,4,0
3,5,15,4,2781.197,2 2,North,3,4,0
3,5,15,1,2781.822,2 1,North,3,4,0
3,5,15,2,2782.507,1 1,North,3,4,0
3,5,15,1,2783.113,1 0,North,3,4,0
3,5,15,4,2783.745,2 0,North,3,4,0
3,5,15,4,2784.447,3 0,North,3,4,0
3,5,15,3,2785.115,3 1,North,3,4,0
3,5,15,3,2786.401,3 2,North,3,4,0
3,5,15,4,2787.072,4 2,North,3,4,0
3,5,15,3,2787.695,4 3,North,3,4,0
3,5,15,3,2788.377,4 4,North,3,4,0
3,5,15,2,2789.419,3 4,North,3,4,0
3,5,15,1,2790.098,3 3,North,3,4,0
3,5,15,2,2790.731,2 3,North,3,4,0
3,5,15,2,2791.345,1 3,North,3,4,0
3,5,15,2,2792.015,0 3,North,3,4,0
3,5,15,3,2792.862,0 4,North,3,4,0
3,5,15,4,2793.449,1 4,North,3,4,0
3,5,15,4,2794.11,2 4,North,3,4,0
3,5,15,6,2794.48,2 4,North,3,5,0
3,5,15,2,2794.763,1 4,North,3,5,0
3,5,15,2,2795.395,0 4,North,3,5,0
3,5,15,1,2796.001,0 3,North,3,5,0
3,5,15,4,2796.639,1 3,North,3,5,0
3,5,15,4,2797.192,2 3,North,3,5,0
3,5,15,4,2797.84,3 3,North,3,5,0
3,5,15,3,2798.536,3 4,North,3,5,0
3,5,15,4,2799.119,4 4,North,3,5,0
3,5,15,1,2799.757,4 3,North,3,5,0
3,5,15,1,2800.41,4 2,North,3,5,0
3,5,15,2,2801.183,3 2,North,3,5,0
3,5,15,1,2801.74,3 1,North,3,5,0
3,5,15,6,2802.14,3 1,North,3,6,0
3,5,15,1,2803.738,3 0,North,3,6,0
3,5,15,2,2804.32,2 0,North,3,6,0
3,5,15,2,2804.924,1 0,North,3,6,0
3,5,15,3,2806.383,1 1,North,3,6,0
3,5,15,4,2807.067,2 1,North,3,6,0
3,5,15,3,2807.827,2 2,North,3,6,0
3,5,15,2,2808.448,1 2,North,3,6,0
3,5,15,6,2808.84,1 2,North,3,7,0
3,5,15,4,2809.406,2 2,North,3,7,0
3,5,15,1,2810.041,2 1,North,3,7,0
3,5,15,2,2811.049,1 1,North,3,7,0
3,5,15,1,2811.678,1 0,North,3,7,0
3,5,15,4,2812.235,2 0,North,3,7,0
3,5,15,4,2813.231,3 0,North,3,7,0
3,5,15,3,2813.871,3 1,North,3,7,0
3,5,15,4,2814.462,3 1,North,3,7,1
3,5,15,3,2815.034,3 2,North,3,7,1
3,5,15,4,2815.645,4 2,North,3,7,1
3,5,15,3,2816.253,4 3,North,3,7,1
3,5,15,3,2816.895,4 4,North,3,7,1
3,5,15,2,2817.487,3 4,North,3,7,1
3,5,15,1,2818.205,3 3,North,3,7,1
3,5,15,2,2818.953,2 3,North,3,7,1
3,5,15,2,2819.888,1 3,North,3,7,1
3,5,15,2,2821.777,0 3,North,3,7,1
3,5,15,3,2822.384,0 4,North,3,7,1
3,5,15,4,2823.001,1 4,North,3,7,1
3,5,15,6,2823.36,1 4,North,3,8,1
0,6,16,2,2827.665,3 4,North,3,0,1
0,6,16,1,2828.221,3 4,West,3,0,1
0,6,16,2,2828.83,3 3,West,3,0,1
0,6,16,3,2829.401,3 3,North,3,0,1
0,6,16,2,2829.935,2 3,North,3,0,1
0,6,16,6,2830.32,2 3,North,3,1,1
0,6,16,2,2830.493,1 3,North,3,1,1
0,6,16,2,2831.07,0 3,North,3,1,1
0,6,16,3,2831.593,0 3,East,3,1,1
0,6,16,2,2832.125,0 4,East,3,1,1
0,6,16,3,2833.057,0 4,South,3,1,1
0,6,16,3,2833.617,0 4,West,3,1,1
0,6,16,2,2834.169,0 3,West,3,1,1
0,6,16,1,2834.716,0 3,South,3,1,1
0,6,16,2,2835.281,1 3,South,3,1,1
0,6,16,2,2835.833,2 3,South,3,1,1
0,6,16,2,2836.761,3 3,South,3,1,1
0,6,16,1,2837.345,3 3,East,3,1,1
0,6,16,2,2837.945,3 4,East,3,1,1
0,6,16,6,2838.36,3 4,East,3,2,1
0,6,16,3,2838.864,3 4,South,3,2,1
0,6,16,2,2839.482,4 4,South,3,2,1
0,6,16,3,2840.061,4 4,West,3,2,1
0,6,16,2,2840.574,4 3,West,3,2,1
0,6,16,2,2841.55,4 2,West,3,2,1
0,6,16,3,2842.138,4 2,North,3,2,1
0,6,16,2,2842.72,3 2,North,3,2,1
0,6,16,1,2843.36,3 2,West,3,2,1
0,6,16,2,2843.897,3 1,West,3,2,1
0,6,16,2,2844.89,3 0,West,3,2,1
0,6,16,3,2845.441,3 0,North,3,2,1
0,6,16,2,2846.002,2 0,North,3,2,1
0,6,16,2,2846.538,1 0,North,3,2,1
0,6,16,3,2847.08,1 0,East,3,2,1
0,6,16,2,2847.647,1 1,East,3,2,1
0,6,16,3,2848.241,1 1,South,3,2,1
0,6,16,2,2848.765,2 1,South,3,2,1
0,6,16,1,2849.338,2 1,East,3,2,1
0,6,16,2,2849.871,2 2,East,3,2,1
0,6,16,6,2850.28,2 2,East,3,3,1
0,6,16,1,2850.777,2 2,North,3,3,1
0,6,16,2,2851.369,1 2,North,3,3,1
0,6,16,2,2851.905,0 2,North,3,3,1
0,6,16,1,2852.427,0 2,West,3,3,1
0,6,16,1,2852.938,0 2,South,3,3,1
0,6,16,2,2853.514,1 2,South,3,3,1
0,6,16,2,2854.063,2 2,South,3,3,1
0,6,16,3,2854.588,2 2,West,3,3,1
0,6,16,2,2855.18,2 1,West,3,3,1
0,6,16,3,2855.743,2 1,North,3,3,1
0,6,16,2,2856.331,1 1,North,3,3,1
0,6,16,1,2856.989,1 1,West,3,3,1
0,6,16,2,2857.561,1 0,West,3,3,1
0,6,16,1,2858.097,1 0,South,3,3,1
0,6,16,2,2858.652,2 0,South,3,3,1
0,6,16,2,2859.194,3 0,South,3,3,1
0,6,16,1,2859.834,3 0,East,3,3,1
0,6,16,2,2860.783,3 1,East,3,3,1
0,6,16,2,2861.387,3 2,East,3,3,1
0,6,16,3,2861.915,3 2,South,3,3,1
0,6,16,2,2862.495,4 2,South,3,3,1
0,6,16,3,2863.359,4 2,West,3,3,1
0,6,16,1,2864.042,4 2,South,3,3,1
0,6,16,1,2864.622,4 2,East,3,3,1
0,6,16,2,2865.152,4 3,East,3,3,1
0,6,16,2,2865.771,4 4,East,3,3,1
0,6,16,1,2866.304,4 4,North,3,3,1
0,6,16,2,2867.201,3 4,North,3,3,1
0,6,16,1,2867.773,3 4,West,3,3,1
0,6,16,2,2868.346,3 3,West,3,3,1
0,6,16,3,2869.153,3 3,North,3,3,1
0,6,16,2,2869.755,2 3,North,3,3,1
0,6,16,2,2870.635,1 3,North,3,3,1
0,6,16,2,2871.274,0 3,North,3,3,1
0,6,16,3,2871.818,0 3,East,3,3,1
0,6,16,2,2872.38,0 4,East,3,3,1
0,6,16,3,2872.913,0 4,South,3,3,1
0,6,16,2,2873.455,1 4,South,3,3,1
0,6,16,6,2873.84,1 4,South,3,4,1
0,6,16,2,2873.997,2 4,South,3,4,1
0,6,16,1,2874.521,2 4,East,3,4,1
0,6,16,2,2875.055,2 4,East,3,4,1
0,6,16,2,2875.456,2 4,East,3,4,1
0,6,16,1,2875.791,2 4,North,3,4,1
0,6,16,2,2876.408,1 4,North,3,4,1
0,6,16,2,2876.958,0 4,North,3,4,1
0,6,16,1,2877.468,0 4,West,3,4,1
0,6,16,2,2878.065,0 3,West,3,4,1
0,6,16,1,2878.925,0 3,South,3,4,1
0,6,16,2,2879.519,1 3,South,3,4,1
0,6,16,2,2880.078,2 3,South,3,4,1
0,6,16,2,2880.623,3 3,South,3,4,1
0,6,16,1,2881.167,3 3,East,3,4,1
0,6,16,2,2881.743,3 4,East,3,4,1
0,6,16,3,2882.268,3 4,South,3,4,1
0,6,16,2,2882.816,4 4,South,3,4,1
0,6,16,3,2883.358,4 4,West,3,4,1
0,6,16,2,2883.918,4 3,West,3,4,1
0,6,16,2,2884.459,4 2,West,3,4,1
0,6,16,3,2885.036,4 2,North,3,4,1
0,6,16,2,2885.611,3 2,North,3,4,1
0,6,16,1,2886.137,3 2,West,3,4,1
0,6,16,2,2887.021,3 1,West,3,4,1
0,6,16,6,2887.42,3 1,West,3,5,1
0,6,16,2,2887.874,3 0,West,3,5,1
0,6,16,3,2888.461,3 0,North,3,5,1
0,6,16,2,2888.992,2 0,North,3,5,1
0,6,16,2,2889.551,1 0,North,3,5,1
0,6,16,3,2890.427,1 0,East,3,5,1
0,6,16,2,2890.96,1 1,East,3,5,1
0,6,16,3,2891.519,1 1,South,3,5,1
0,6,16,2,2892.042,2 1,South,3,5,1
0,6,16,1,2892.585,2 1,East,3,5,1
0,6,16,2,2893.118,2 2,East,3,5,1
0,6,16,1,2893.672,2 2,North,3,5,1
0,6,16,1,2894.272,2 2,West,3,5,1
0,6,16,3,2894.985,2 2,North,3,5,1
0,6,16,2,2895.564,1 2,North,3,5,1
0,6,16,2,2896.122,0 2,North,3,5,1
0,6,16,1,2896.654,0 2,West,3,5,1
0,6,16,1,2897.167,0 2,South,3,5,1
0,6,16,2,2897.985,1 2,South,3,5,1
0,6,16,2,2898.576,2 2,South,3,5,1
0,6,16,3,2899.114,2 2,West,3,5,1
0,6,16,2,2899.722,2 1,West,3,5,1
0,6,16,3,2900.234,2 1,North,3,5,1
0,6,16,2,2900.784,1 1,North,3,5,1
0,6,16,1,2901.328,1 1,West,3,5,1
0,6,16,2,2901.918,1 0,West,3,5,1
0,6,16,1,2902.496,1 0,South,3,5,1
0,6,16,2,2903.055,2 0,South,3,5,1
0,6,16,2,2903.596,3 0,South,3,5,1
0,6,16,1,2904.129,3 0,East,3,5,1
0,6,16,2,2904.672,3 1,East,3,5,1
0,6,16,2,2905.272,3 2,East,3,5,1
0,6,16,3,2906.143,3 2,South,3,5,1
0,6,16,2,2906.77,4 2,South,3,5,1
0,6,16,3,2907.744,4 2,West,3,5,1
0,6,16,1,2908.396,4 2,South,3,5,1
0,6,16,1,2909.306,4 2,East,3,5,1
0,6,16,2,2909.932,4 3,East,3,5,1
0,6,16,2,2910.474,4 4,East,3,5,1
0,6,16,1,2911.053,4 4,North,3,5,1
0,6,16,2,2911.625,3 4,North,3,5,1
0,6,16,1,2912.175,3 4,West,3,5,1
0,6,16,2,2912.784,3 3,West,3,5,1
0,6,16,3,2913.645,3 3,North,3,5,1
0,6,16,2,2914.208,2 3,North,3,5,1
0,6,16,2,2914.781,1 3,North,3,5,1
0,6,16,2,2915.306,0 3,North,3,5,1
0,6,16,3,2915.934,0 3,East,3,5,1
0,6,16,2,2916.508,0 4,East,3,5,1
0,6,16,3,2917.02,0 4,South,3,5,1
0,6,16,2,2917.583,1 4,South,3,5,1
0,6,16,2,2918.097,2 4,South,3,5,1
0,6,16,6,2918.48,2 4,South,3,6,1
0,6,16,1,2918.606,2 4,East,3,6,1
0,6,16,1,2919.147,2 4,North,3,6,1
0,6,16,2,2919.677,1 4,North,3,6,1
0,6,16,2,2920.202,0 4,North,3,6,1
0,6,16,1,2920.714,0 4,West,3,6,1
0,6,16,2,2921.257,0 3,West,3,6,1
0,6,16,1,2922.137,0 3,South,3,6,1
0,6,16,2,2922.738,1 3,South,3,6,1
0,6,16,6,2923.1,1 3,South,3,7,1
0,6,16,2,2923.706,2 3,South,3,7,1
0,6,16,2,2924.241,3 3,South,3,7,1
0,6,16,1,2924.765,3 3,East,3,7,1
0,6,16,2,2925.325,3 4,East,3,7,1
0,6,16,3,2925.84,3 4,South,3,7,1
0,6,16,2,2926.688,4 4,South,3,7,1
0,6,16,3,2927.242,4 4,West,3,7,1
0,6,16,2,2928.19,4 3,West,3,7,1
0,6,16,2,2928.73,4 2,West,3,7,1
0,6,16,3,2929.262,4 2,North,3,7,1
0,6,16,2,2929.842,3 2,North,3,7,1
0,6,16,1,2930.395,3 2,West,3,7,1
0,6,16,2,2931.005,3 1,West,3,7,1
0,6,16,2,2931.626,3 0,West,3,7,1
0,6,16,3,2932.14,3 0,North,3,7,1
0,6,16,2,2932.688,2 0,North,3,7,1
0,6,16,6,2933.08,2 0,North,3,8,1
3,6,16,2,2941.276,3 4,North,3,0,0
3,6,16,1,2941.873,3 3,North,3,0,0
3,6,16,2,2942.433,2 3,North,3,0,0
3,6,16,2,2943.344,1 3,North,3,0,0
3,6,16,2,2944.013,0 3,North,3,0,0
3,6,16,3,2944.575,0 4,North,3,0,0
3,6,16,4,2945.119,1 4,North,3,0,0
3,6,16,4,2945.691,2 4,North,3,0,0
3,6,16,6,2946.06,2 4,North,3,1,0
3,6,16,2,2946.271,1 4,North,3,1,0
3,6,16,2,2946.881,0 4,North,3,1,0
3,6,16,1,2947.465,0 3,North,3,1,0
3,6,16,4,2948.042,1 3,North,3,1,0
3,6,16,4,2948.665,2 3,North,3,1,0
3,6,16,4,2949.278,3 3,North,3,1,0
3,6,16,3,2949.889,3 4,North,3,1,0
3,6,16,4,2950.494,4 4,North,3,1,0
3,6,16,1,2951.099,4 3,North,3,1,0
3,6,16,1,2951.64,4 2,North,3,1,0
3,6,16,2,2952.258,3 2,North,3,1,0
3,6,16,1,2952.782,3 1,North,3,1,0
3,6,16,6,2953.18,3 1,North,3,2,0
3,6,16,1,2953.697,3 0,North,3,2,0
3,6,16,2,2954.35,2 0,North,3,2,0
3,6,16,6,2954.74,2 0,North,3,3,0
3,6,16,4,2957.198,3 0,North,3,3,0
3,6,16,3,2957.855,3 1,North,3,3,0
3,6,16,3,2958.429,3 2,North,3,3,0
3,6,16,4,2959.008,4 2,North,3,3,0
3,6,16,3,2959.546,4 3,North,3,3,0
3,6,16,3,2960.121,4 4,North,3,3,0
3,6,16,2,2960.683,3 4,North,3,3,0
3,6,16,1,2961.265,3 3,North,3,3,0
3,6,16,2,2961.857,2 3,North,3,3,0
3,6,16,2,2962.416,1 3,North,3,3,0
3,6,16,2,2962.957,0 3,North,3,3,0
3,6,16,3,2963.518,0 4,North,3,3,0
3,6,16,4,2964.113,1 4,North,3,3,0
3,6,16,6,2964.48,1 4,North,3,4,0
3,6,16,2,2964.754,0 4,North,3,4,0
3,6,16,1,2965.296,0 3,North,3,4,0
3,6,16,4,2965.858,1 3,North,3,4,0
3,6,16,4,2966.462,2 3,North,3,4,0
3,6,16,4,2967.057,3 3,North,3,4,0
3,6,16,3,2967.693,3 4,North,3,4,0
3,6,16,4,2968.274,4 4,North,3,4,0
3,6,16,1,2968.878,4 3,North,3,4,0
3,6,16,1,2969.529,4 2,North,3,4,0
3,6,16,2,2970.191,3 2,North,3,4,0
3,6,16,1,2970.729,3 1,North,3,4,0
3,6,16,1,2971.306,3 0,North,3,4,0
3,6,16,6,2971.7,3 0,North,3,5,0
3,6,16,3,2972.527,3 1,North,3,5,0
3,6,16,3,2973.387,3 2,North,3,5,0
3,6,16,4,2973.985,4 2,North,3,5,0
3,6,16,3,2974.572,4 3,North,3,5,0
3,6,16,3,2975.15,4 4,North,3,5,0
3,6,16,2,2976.286,3 4,North,3,5,0
3,6,16,1,2976.858,3 3,North,3,5,0
3,6,16,2,2977.438,2 3,North,3,5,0
3,6,16,2,2977.988,1 3,North,3,5,0
3,6,16,6,2978.36,1 3,North,3,6,0
3,6,16,4,2979.05,2 3,North,3,6,0
3,6,16,4,2979.666,3 3,North,3,6,0
3,6,16,3,2980.257,3 4,North,3,6,0
3,6,16,4,2980.859,4 4,North,3,6,0
3,6,16,1,2981.467,4 3,North,3,6,0
3,6,16,1,2982.056,4 2,North,3,6,0
3,6,16,2,2983.313,3 2,North,3,6,0
3,6,16,1,2983.889,3 1,North,3,6,0
3,6,16,1,2984.49,3 0,North,3,6,0
3,6,16,2,2985.008,2 0,North,3,6,0
3,6,16,2,2991.946,1 0,North,3,6,0
3,6,16,3,2992.525,1 1,North,3,6,0
3,6,16,6,2992.92,1 1,North,3,7,0
3,6,16,1,2993.937,1 0,North,3,7,0
3,6,16,4,2994.537,2 0,North,3,7,0
3,6,16,4,2995.134,3 0,North,3,7,0
3,6,16,3,2995.76,3 1,North,3,7,0
3,6,16,3,2996.333,3 2,North,3,7,0
3,6,16,4,2996.921,4 2,North,3,7,0
3,6,16,2,2997.887,3 2,North,3,7,0
3,6,16,3,2999.218,3 2,North,3,7,1
3,6,16,4,2999.756,4 2,North,3,7,1
3,6,16,3,3000.859,4 3,North,3,7,1
3,6,16,3,3001.532,4 4,North,3,7,1
3,6,16,2,3002.142,3 4,North,3,7,1
3,6,16,1,3002.746,3 3,North,3,7,1
3,6,16,6,3003.16,3 3,North,3,8,1
0,6,17,1,3009.6,4 4,West,3,0,1
0,6,17,2,3010.271,4 3,West,3,0,1
0,6,17,2,3010.794,4 2,West,3,0,1
0,6,17,2,3011.373,4 1,West,3,0,1
0,6,17,2,3011.916,4 0,West,3,0,1
0,6,17,6,3012.32,4 0,West,3,1,1
0,6,17,1,3012.511,4 0,South,3,1,1
0,6,17,1,3013.183,4 0,East,3,1,1
0,6,17,2,3013.761,4 1,East,3,1,1
0,6,17,2,3014.352,4 2,East,3,1,1
0,6,17,1,3014.914,4 2,North,3,1,1
0,6,17,2,3015.504,3 2,North,3,1,1
0,6,17,6,3015.9,3 2,North,3,2,1
0,6,17,1,3016.046,3 2,West,3,2,1
0,6,17,2,3016.591,3 1,West,3,2,1
0,6,17,2,3017.145,3 0,West,3,2,1
0,6,17,3,3017.658,3 0,North,3,2,1
0,6,17,2,3018.202,2 0,North,3,2,1
0,6,17,2,3018.77,1 0,North,3,2,1
0,6,17,3,3019.707,1 0,East,3,2,1
0,6,17,2,3020.251,1 1,East,3,2,1
0,6,17,3,3020.776,1 1,South,3,2,1
0,6,17,2,3021.321,2 1,South,3,2,1
0,6,17,1,3022.172,2 1,East,3,2,1
0,6,17,2,3022.705,2 2,East,3,2,1
0,6,17,1,3023.249,2 2,North,3,2,1
0,6,17,2,3023.784,1 2,North,3,2,1
0,6,17,2,3024.337,0 2,North,3,2,1
0,6,17,1,3025.276,0 2,West,3,2,1
0,6,17,2,3025.821,0 1,West,3,2,1
0,6,17,6,3026.24,0 1,West,3,3,1
0,6,17,1,3026.987,0 1,South,3,3,1
0,6,17,1,3027.515,0 1,East,3,3,1
0,6,17,2,3028.09,0 2,East,3,3,1
0,6,17,3,3028.65,0 2,South,3,3,1
0,6,17,2,3029.214,1 2,South,3,3,1
0,6,17,2,3029.789,2 2,South,3,3,1
0,6,17,3,3030.717,2 2,West,3,3,1
0,6,17,2,3031.243,2 1,West,3,3,1
0,6,17,3,3031.786,2 1,North,3,3,1
0,6,17,2,3032.3,1 1,North,3,3,1
0,6,17,1,3033.164,1 1,West,3,3,1
0,6,17,2,3033.8,1 0,West,3,3,1
0,6,17,1,3034.381,1 0,South,3,3,1
0,6,17,2,3034.993,2 0,South,3,3,1
0,6,17,1,3035.946,2 0,East,3,3,1
0,6,17,3,3036.781,2 0,South,3,3,1
0,6,17,2,3037.451,3 0,South,3,3,1
0,6,17,1,3038.033,3 0,East,3,3,1
0,6,17,2,3038.634,3 1,East,3,3,1
0,6,17,2,3039.521,3 2,East,3,3,1
0,6,17,3,3040.4,3 2,South,3,3,1
0,6,17,2,3040.987,4 2,South,3,3,1
0,6,17,1,3041.519,4 2,East,3,3,1
0,6,17,2,3042.32,4 3,East,3,3,1
0,6,17,6,3042.74,4 3,East,3,4,1
0,6,17,1,3043.245,4 3,North,3,4,1
0,6,17,1,3043.758,4 3,West,3,4,1
0,6,17,3,3044.273,4 3,North,3,4,1
0,6,17,3,3044.786,4 3,East,3,4,1
0,6,17,2,3045.324,4 4,East,3,4,1
0,6,17,1,3046.141,4 4,North,3,4,1
0,6,17,2,3046.731,3 4,North,3,4,1
0,6,17,1,3047.272,3 4,West,3,4,1
0,6,17,2,3048.094,3 3,West,3,4,1
0,6,17,3,3048.609,3 3,North,3,4,1
0,6,17,2,3049.5,2 3,North,3,4,1
0,6,17,2,3050.112,1 3,North,3,4,1
0,6,17,2,3050.956,0 3,North,3,4,1
0,6,17,3,3051.778,0 3,East,3,4,1
0,6,17,2,3052.414,0 4,East,3,4,1
0,6,17,3,3052.946,0 4,South,3,4,1
0,6,17,2,3053.499,1 4,South,3,4,1
0,6,17,3,3054.012,1 4,West,3,4,1
0,6,17,3,3054.556,1 4,North,3,4,1
0,6,17,2,3055.402,0 4,North,3,4,1
0,6,17,1,3055.964,0 4,West,3,4,1
0,6,17,2,3056.545,0 3,West,3,4,1
0,6,17,1,3057.405,0 3,South,3,4,1
0,6,17,2,3058.335,1 3,South,3,4,1
0,6,17,2,3058.859,2 3,South,3,4,1
0,6,17,2,3059.885,3 3,South,3,4,1
0,6,17,1,3060.507,3 3,East,3,4,1
0,6,17,2,3061.05,3 4,East,3,4,1
0,6,17,3,3061.888,3 4,South,3,4,1
0,6,17,2,3062.828,4 4,South,3,4,1
0,6,17,3,3063.625,4 4,West,3,4,1
0,6,17,2,3064.476,4 3,West,3,4,1
0,6,17,2,3064.991,4 2,West,3,4,1
0,6,17,3,3066.322,4 2,North,3,4,1
0,6,17,2,3066.857,3 2,North,3,4,1
0,6,17,1,3067.501,3 2,West,3,4,1
0,6,17,2,3068.12,3 1,West,3,4,1
0,6,17,2,3068.748,3 0,West,3,4,1
0,6,17,3,3069.292,3 0,North,3,4,1
0,6,17,2,3069.899,2 0,North,3,4,1
0,6,17,3,3070.443,2 0,East,3,4,1
0,6,17,1,3071.052,2 0,North,3,4,1
0,6,17,2,3071.694,1 0,North,3,4,1
0,6,17,3,3072.257,1 0,East,3,4,1
0,6,17,2,3072.831,1 1,East,3,4,1
0,6,17,3,3073.403,1 1,South,3,4,1
0,6,17,2,3073.967,2 1,South,3,4,1
0,6,17,1,3074.492,2 1,East,3,4,1
0,6,17,2,3075.134,2 2,East,3,4,1
0,6,17,1,3075.727,2 2,North,3,4,1
0,6,17,2,3076.282,1 2,North,3,4,1
0,6,17,2,3076.824,0 2,North,3,4,1
0,6,17,1,3077.663,0 2,West,3,4,1
0,6,17,2,3078.235,0 1,West,3,4,1
0,6,17,2,3078.8,0 0,West,3,4,1
0,6,17,6,3079.22,0 0,West,3,5,1
0,6,17,2,3079.339,0 0,West,3,5,1
0,6,17,3,3079.69,0 0,North,3,5,1
0,6,17,3,3080.25,0 0,East,3,5,1
0,6,17,2,3080.816,0 1,East,3,5,1
0,6,17,2,3081.769,0 2,East,3,5,1
0,6,17,3,3082.369,0 2,South,3,5,1
0,6,17,2,3082.937,1 2,South,3,5,1
0,6,17,6,3083.32,1 2,South,3,6,1
0,6,17,2,3083.465,2 2,South,3,6,1
0,6,17,3,3084.058,2 2,West,3,6,1
0,6,17,2,3084.621,2 1,West,3,6,1
0,6,17,3,3085.164,2 1,North,3,6,1
0,6,17,2,3085.725,1 1,North,3,6,1
0,6,17,1,3086.269,1 1,West,3,6,1
0,6,17,2,3086.848,1 0,West,3,6,1
0,6,17,1,3087.674,1 0,South,3,6,1
0,6,17,2,3088.32,2 0,South,3,6,1
0,6,17,2,3088.832,3 0,South,3,6,1
0,6,17,1,3089.387,3 0,East,3,6,1
0,6,17,2,3089.952,3 1,East,3,6,1
0,6,17,2,3090.891,3 2,East,3,6,1
0,6,17,3,3091.407,3 2,South,3,6,1
0,6,17,2,3091.949,4 2,South,3,6,1
0,6,17,3,3092.699,4 2,West,3,6,1
0,6,17,1,3093.256,4 2,South,3,6,1
0,6,17,1,3093.775,4 2,East,3,6,1
0,6,17,2,3094.286,4 3,East,3,6,1
0,6,17,2,3095.23,4 4,East,3,6,1
0,6,17,1,3095.809,4 4,North,3,6,1
0,6,17,2,3096.362,3 4,North,3,6,1
0,6,17,1,3096.905,3 4,West,3,6,1
0,6,17,2,3097.439,3 3,West,3,6,1
0,6,17,3,3098.272,3 3,North,3,6,1
0,6,17,2,3098.86,2 3,North,3,6,1
0,6,17,2,3099.754,1 3,North,3,6,1
0,6,17,2,3100.329,0 3,North,3,6,1
0,6,17,6,3100.72,0 3,North,3,7,1
0,6,17,3,3100.864,0 3,East,3,7,1
0,6,17,2,3101.469,0 4,East,3,7,1
0,6,17,3,3101.982,0 4,South,3,7,1
0,6,17,3,3102.56,0 4,West,3,7,1
0,6,17,2,3103.106,0 3,West,3,7,1
0,6,17,1,3103.968,0 3,South,3,7,1
0,6,17,2,3104.541,1 3,South,3,7,1
0,6,17,2,3105.135,2 3,South,3,7,1
0,6,17,2,3105.663,3 3,South,3,7,1
0,6,17,6,3106.04,3 3,South,3,8,1
3,6,17,1,3112.462,4 3,North,3,0,0
3,6,17,1,3113.085,4 2,North,3,0,0
3,6,17,2,3113.708,3 2,North,3,0,0
3,6,17,1,3114.233,3 1,North,3,0,0
3,6,17,1,3114.812,3 0,North,3,0,0
3,6,17,2,3115.385,2 0,North,3,0,0
3,6,17,2,3116.048,1 0,North,3,0,0
3,6,17,3,3116.701,1 1,North,3,0,0
3,6,17,4,3118.541,2 1,North,3,0,0
3,6,17,3,3119.169,2 2,North,3,0,0
3,6,17,2,3119.79,1 2,North,3,0,0
3,6,17,6,3120.18,1 2,North,3,1,0
3,6,17,4,3120.818,2 2,North,3,1,0
3,6,17,1,3121.39,2 1,North,3,1,0
3,6,17,2,3121.985,1 1,North,3,1,0
3,6,17,1,3122.591,1 0,North,3,1,0
3,6,17,4,3123.128,2 0,North,3,1,0
3,6,17,4,3123.705,3 0,North,3,1,0
3,6,17,3,3124.321,3 1,North,3,1,0
3,6,17,3,3124.913,3 2,North,3,1,0
3,6,17,4,3125.49,4 2,North,3,1,0
3,6,17,3,3126.14,4 3,North,3,1,0
3,6,17,3,3126.738,4 4,North,3,1,0
3,6,17,2,3127.313,3 4,North,3,1,0
3,6,17,1,3127.896,3 3,North,3,1,0
3,6,17,6,3128.3,3 3,North,3,2,0
3,6,17,3,3129.132,3 4,North,3,2,0
3,6,17,4,3129.743,4 4,North,3,2,0
3,6,17,1,3130.33,4 3,North,3,2,0
3,6,17,1,3130.861,4 2,North,3,2,0
3,6,17,1,3131.418,4 1,North,3,2,0
3,6,17,1,3132.017,4 0,North,3,2,0
3,6,17,6,3132.42,4 0,North,3,3,0
3,6,17,3,3132.992,4 1,North,3,3,0
3,6,17,3,3133.8,4 2,North,3,3,0
3,6,17,2,3134.543,3 2,North,3,3,0
3,6,17,6,3134.92,3 2,North,3,4,0
3,6,17,4,3135.609,4 2,North,3,4,0
3,6,17,3,3136.206,4 3,North,3,4,0
3,6,17,6,3136.6,4 3,North,3,5,0
3,6,17,1,3137.648,4 2,North,3,5,0
3,6,17,2,3138.218,3 2,North,3,5,0
3,6,17,1,3138.829,3 1,North,3,5,0
3,6,17,1,3140.329,3 0,North,3,5,0
3,6,17,2,3140.92,2 0,North,3,5,0
3,6,17,2,3141.517,1 0,North,3,5,0
3,6,17,3,3142.201,1 1,North,3,5,0
3,6,17,4,3145.76,2 1,North,3,5,0
3,6,17,3,3146.418,2 2,North,3,5,0
3,6,17,6,3146.82,2 2,North,3,6,0
3,6,17,1,3147.388,2 1,North,3,6,0
3,6,17,2,3147.969,1 1,North,3,6,0
3,6,17,1,3148.554,1 0,North,3,6,0
3,6,17,4,3149.481,2 0,North,3,6,0
3,6,17,4,3150.145,3 0,North,3,6,0
3,6,17,3,3151.417,3 1,North,3,6,0
3,6,17,3,3152.143,3 2,North,3,6,0
3,6,17,4,3152.816,4 2,North,3,6,0
3,6,17,3,3153.436,4 3,North,3,6,0
3,6,17,3,3154.026,4 4,North,3,6,0
3,6,17,2,3154.68,3 4,North,3,6,0
3,6,17,6,3155.06,3 4,North,3,7,0
3,6,17,3,3155.929,3 4,North,3,7,0
3,6,17,4,3157.404,4 4,North,3,7,0
3,6,17,1,3158.064,4 3,North,3,7,0
3,6,17,1,3158.704,4 2,North,3,7,0
3,6,17,2,3159.313,3 2,North,3,7,0
3,6,17,1,3159.889,3 1,North,3,7,0
3,6,17,1,3160.747,3 0,North,3,7,0
3,6,17,2,3161.405,2 0,North,3,7,0
3,6,17,2,3162.825,1 0,North,3,7,0
3,6,17,3,3163.466,1 1,North,3,7,0
3,6,17,4,3164.108,2 1,North,3,7,0
3,6,17,3,3164.68,2 2,North,3,7,0
3,6,17,2,3165.229,1 2,North,3,7,0
3,6,17,2,3165.834,0 2,North,3,7,0
3,6,17,6,3166.22,0 2,North,3,8,0
0,6,18,1,3173.753,4 4,West,3,0,0
0,6,18,2,3174.394,4 3,West,3,0,0
0,6,18,2,3174.944,4 2,West,3,0,0
0,6,18,2,3175.453,4 1,West,3,0,0
0,6,18,6,3175.86,4 1,West,3,1,0
0,6,18,3,3176.093,4 1,North,3,1,0
0,6,18,3,3176.656,4 1,East,3,1,0
0,6,18,2,3177.388,4 2,East,3,1,0
0,6,18,2,3177.932,4 3,East,3,1,0
0,6,18,2,3178.494,4 4,East,3,1,0
0,6,18,1,3179.018,4 4,North,3,1,0
0,6,18,2,3179.629,3 4,North,3,1,0
0,6,18,1,3180.207,3 4,West,3,1,0
0,6,18,2,3180.752,3 3,West,3,1,0
0,6,18,3,3181.579,3 3,North,3,1,0
0,6,18,2,3182.122,2 3,North,3,1,0
0,6,18,2,3182.737,1 3,North,3,1,0
0,6,18,2,3183.26,0 3,North,3,1,0
0,6,18,3,3183.805,0 3,East,3,1,0
0,6,18,2,3184.318,0 4,East,3,1,0
0,6,18,3,3184.859,0 4,South,3,1,0
0,6,18,3,3185.42,0 4,West,3,1,0
0,6,18,2,3185.995,0 3,West,3,1,0
0,6,18,1,3186.587,0 3,South,3,1,0
0,6,18,2,3187.181,1 3,South,3,1,0
0,6,18,2,3188.112,2 3,South,3,1,0
0,6,18,2,3188.762,3 3,South,3,1,0
0,6,18,1,3189.325,3 3,East,3,1,0
0,6,18,2,3189.888,3 4,East,3,1,0
0,6,18,3,3190.48,3 4,South,3,1,0
0,6,18,2,3191.097,4 4,South,3,1,0
0,6,18,3,3191.63,4 4,West,3,1,0
0,6,18,2,3192.238,4 3,West,3,1,0
0,6,18,2,3192.75,4 2,West,3,1,0
0,6,18,3,3193.341,4 2,North,3,1,0
0,6,18,2,3193.931,3 2,North,3,1,0
0,6,18,1,3194.496,3 2,West,3,1,0
0,6,18,2,3195.1,3 1,West,3,1,0
0,6,18,2,3195.627,3 0,West,3,1,0
0,6,18,3,3196.237,3 0,North,3,1,0
0,6,18,2,3196.78,2 0,North,3,1,0
0,6,18,2,3197.305,1 0,North,3,1,0
0,6,18,3,3198.12,1 0,East,3,1,0
0,6,18,2,3198.714,1 1,East,3,1,0
0,6,18,3,3199.231,1 1,South,3,1,0
0,6,18,2,3200.129,2 1,South,3,1,0
0,6,18,1,3200.942,2 1,East,3,1,0
0,6,18,2,3201.602,2 2,East,3,1,0
0,6,18,1,3202.14,2 2,North,3,1,0
0,6,18,2,3202.683,1 2,North,3,1,0
0,6,18,2,3203.551,0 2,North,3,1,0
0,6,18,6,3203.94,0 2,North,3,2,0
0,6,18,1,3204.385,0 2,West,3,2,0
0,6,18,2,3204.955,0 1,West,3,2,0
0,6,18,3,3205.566,0 1,North,3,2,0
0,6,18,2,3206.095,0 1,North,3,2,0
0,6,18,3,3206.543,0 1,East,3,2,0
0,6,18,2,3207.122,0 2,East,3,2,0
0,6,18,3,3207.898,0 2,South,3,2,0
0,6,18,2,3208.521,1 2,South,3,2,0
0,6,18,2,3209.071,2 2,South,3,2,0
0,6,18,3,3209.961,2 2,West,3,2,0
0,6,18,2,3210.591,2 1,West,3,2,0
0,6,18,3,3211.426,2 1,North,3,2,0
0,6,18,2,3212.044,1 1,North,3,2,0
0,6,18,6,3212.42,1 1,North,3,3,0
0,6,18,1,3212.602,1 1,West,3,3,0
0,6,18,2,3213.211,1 0,West,3,3,0
0,6,18,1,3213.785,1 0,South,3,3,0
0,6,18,2,3214.383,2 0,South,3,3,0
0,6,18,2,3214.927,3 0,South,3,3,0
0,6,18,1,3215.741,3 0,East,3,3,0
0,6,18,2,3216.312,3 1,East,3,3,0
0,6,18,2,3216.85,3 2,East,3,3,0
0,6,18,2,3217.803,3 2,East,3,3,0
0,6,18,3,3218.225,3 2,South,3,3,0
0,6,18,2,3218.864,4 2,South,3,3,0
0,6,18,3,3219.386,4 2,West,3,3,0
0,6,18,1,3219.993,4 2,South,3,3,0
0,6,18,1,3220.601,4 2,East,3,3,0
0,6,18,2,3221.304,4 3,East,3,3,0
0,6,18,2,3221.839,4 4,East,3,3,0
0,6,18,1,3222.352,4 4,North,3,3,0
0,6,18,2,3223.298,3 4,North,3,3,0
0,6,18,1,3223.869,3 4,West,3,3,0
0,6,18,2,3224.48,3 3,West,3,3,0
0,6,18,3,3225.258,3 3,North,3,3,0
0,6,18,2,3225.867,2 3,North,3,3,0
0,6,18,2,3226.843,1 3,North,3,3,0
0,6,18,2,3227.437,0 3,North,3,3,0
0,6,18,3,3228.111,0 3,East,3,3,0
0,6,18,2,3229.193,0 4,East,3,3,0
0,6,18,6,3229.6,0 4,East,3,4,0
0,6,18,3,3230.138,0 4,South,3,4,0
0,6,18,3,3230.672,0 4,West,3,4,0
0,6,18,3,3231.567,0 4,North,3,4,0
0,6,18,1,3232.139,0 4,West,3,4,0
0,6,18,2,3233.565,0 3,West,3,4,0
0,6,18,1,3234.495,0 3,South,3,4,0
0,6,18,2,3235.087,1 3,South,3,4,0
0,6,18,2,3235.614,2 3,South,3,4,0
0,6,18,2,3236.61,3 3,South,3,4,0
0,6,18,1,3237.262,3 3,East,3,4,0
0,6,18,2,3237.84,3 4,East,3,4,0
0,6,18,3,3238.362,3 4,South,3,4,0
0,6,18,2,3238.894,4 4,South,3,4,0
0,6,18,3,3239.451,4 4,West,3,4,0
0,6,18,2,3240,4 3,West,3,4,0
0,6,18,2,3240.522,4 2,West,3,4,0
0,6,18,3,3241.13,4 2,North,3,4,0
0,6,18,2,3242.061,3 2,North,3,4,0
0,6,18,1,3242.604,3 2,West,3,4,0
0,6,18,2,3243.116,3 1,West,3,4,0
0,6,18,2,3243.641,3 0,West,3,4,0
0,6,18,3,3244.559,3 0,North,3,4,0
0,6,18,2,3245.183,2 0,North,3,4,0
0,6,18,2,3246.077,1 0,North,3,4,0
0,6,18,6,3246.46,1 0,North,3,5,0
0,6,18,3,3246.729,1 0,East,3,5,0
0,6,18,3,3247.386,1 0,South,3,5,0
0,6,18,1,3247.963,1 0,East,3,5,0
0,6,18,2,3248.555,1 1,East,3,5,0
0,6,18,3,3249.192,1 1,South,3,5,0
0,6,18,2,3249.754,2 1,South,3,5,0
0,6,18,6,3250.12,2 1,South,3,6,0
0,6,18,1,3250.33,2 1,East,3,6,0
0,6,18,2,3251.026,2 2,East,3,6,0
0,6,18,1,3251.581,2 2,North,3,6,0
0,6,18,1,3252.396,2 2,West,3,6,0
0,6,18,3,3253.49,2 2,North,3,6,0
0,6,18,2,3254.057,1 2,North,3,6,0
0,6,18,2,3254.921,0 2,North,3,6,0
0,6,18,1,3255.472,0 2,West,3,6,0
0,6,18,2,3256.402,0 1,West,3,6,0
0,6,18,1,3257.152,0 1,South,3,6,0
0,6,18,1,3257.76,0 1,East,3,6,0
0,6,18,2,3258.655,0 2,East,3,6,0
0,6,18,2,3259.722,0 2,East,3,6,0
0,6,18,3,3260.028,0 2,South,3,6,0
0,6,18,2,3260.617,1 2,South,3,6,0
0,6,18,2,3261.144,2 2,South,3,6,0
0,6,18,3,3262.014,2 2,West,3,6,0
0,6,18,2,3262.841,2 1,West,3,6,0
0,6,18,3,3263.497,2 1,North,3,6,0
0,6,18,2,3264.105,1 1,North,3,6,0
0,6,18,1,3264.686,1 1,West,3,6,0
0,6,18,2,3265.227,1 0,West,3,6,0
0,6,18,1,3265.758,1 0,South,3,6,0
0,6,18,2,3266.284,2 0,South,3,6,0
0,6,18,2,3266.845,3 0,South,3,6,0
0,6,18,1,3267.389,3 0,East,3,6,0
0,6,18,2,3268.318,3 1,East,3,6,0
0,6,18,2,3268.923,3 2,East,3,6,0
0,6,18,3,3269.466,3 2,South,3,6,0
0,6,18,2,3269.998,4 2,South,3,6,0
0,6,18,6,3270.38,4 2,South,3,7,0
0,6,18,3,3270.524,4 2,West,3,7,0
0,6,18,1,3271.066,4 2,South,3,7,0
0,6,18,3,3271.615,4 2,West,3,7,0
0,6,18,3,3272.156,4 2,North,3,7,0
0,6,18,2,3272.987,3 2,North,3,7,0
0,6,18,1,3273.561,3 2,West,3,7,0
0,6,18,2,3274.142,3 1,West,3,7,0
0,6,18,2,3274.665,3 0,West,3,7,0
0,6,18,6,3275.08,3 0,West,3,8,0
3,6,18,1,3282.557,4 3,North,3,0,0
3,6,18,1,3283.129,4 2,North,3,0,0
3,6,18,2,3283.725,3 2,North,3,0,0
3,6,18,1,3284.336,3 1,North,3,0,0
3,6,18,1,3284.944,3 0,North,3,0,0
3,6,18,2,3285.628,2 0,North,3,0,0
3,6,18,2,3286.473,1 0,North,3,0,0
3,6,18,3,3287.151,1 1,North,3,0,0
3,6,18,4,3288.076,2 1,North,3,0,0
3,6,18,6,3288.44,2 1,North,3,1,0
3,6,18,2,3288.962,1 1,North,3,1,0
3,6,18,1,3289.58,1 0,North,3,1,0
3,6,18,6,3289.98,1 0,North,3,2,0
3,6,18,4,3291.151,2 0,North,3,2,0
3,6,18,4,3291.826,3 0,North,3,2,0
3,6,18,3,3292.444,3 1,North,3,2,0
3,6,18,3,3293.179,3 2,North,3,2,0
3,6,18,4,3293.848,4 2,North,3,2,0
3,6,18,1,3294.507,4 1,North,3,2,0
3,6,18,6,3294.9,4 1,North,3,3,0
3,6,18,3,3295.225,4 2,North,3,3,0
3,6,18,3,3295.833,4 3,North,3,3,0
3,6,18,3,3296.492,4 4,North,3,3,0
3,6,18,2,3297.104,3 4,North,3,3,0
3,6,18,1,3297.743,3 3,North,3,3,0
3,6,18,2,3298.313,2 3,North,3,3,0
3,6,18,2,3298.944,1 3,North,3,3,0
3,6,18,2,3299.549,0 3,North,3,3,0
3,6,18,3,3300.155,0 4,North,3,3,0
3,6,18,6,3300.56,0 4,North,3,4,0
3,6,18,1,3300.928,0 3,North,3,4,0
3,6,18,4,3301.514,1 3,North,3,4,0
3,6,18,4,3302.157,2 3,North,3,4,0
3,6,18,6,3302.52,2 3,North,3,5,0
3,6,18,4,3303.086,3 3,North,3,5,0
3,6,18,3,3303.834,3 4,North,3,5,0
3,6,18,4,3304.458,4 4,North,3,5,0
3,6,18,1,3305.065,4 3,North,3,5,0
3,6,18,1,3305.612,4 2,North,3,5,0
3,6,18,2,3306.285,3 2,North,3,5,0
3,6,18,1,3306.843,3 1,North,3,5,0
3,6,18,1,3307.502,3 0,North,3,5,0
3,6,18,2,3308.041,2 0,North,3,5,0
3,6,18,2,3308.753,1 0,North,3,5,0
3,6,18,3,3309.355,1 1,North,3,5,0
3,6,18,4,3309.922,2 1,North,3,5,0
3,6,18,3,3310.494,2 2,North,3,5,0
3,6,18,2,3311.074,1 2,North,3,5,0
3,6,18,2,3311.691,0 2,North,3,5,0
3,6,18,1,3312.222,0 1,North,3,5,0
3,6,18,6,3312.62,0 1,North,3,6,0
3,6,18,3,3313.041,0 2,North,3,6,0
3,6,18,4,3313.657,1 2,North,3,6,0
3,6,18,4,3315.867,2 2,North,3,6,0
3,6,18,1,3316.397,2 1,North,3,6,0
3,6,18,2,3317.019,1 1,North,3,6,0
3,6,18,1,3317.615,1 0,North,3,6,0
3,6,18,4,3318.22,2 0,North,3,6,0
3,6,18,4,3318.833,3 0,North,3,6,0
3,6,18,3,3319.45,3 1,North,3,6,0
3,6,18,3,3320.578,3 2,North,3,6,0
3,6,18,4,3321.136,4 2,North,3,6,0
3,6,18,6,3321.5,4 2,North,3,7,0
3,6,18,3,3322.079,4 3,North,3,7,0
3,6,18,3,3323.099,4 4,North,3,7,0
3,6,18,2,3323.905,3 4,North,3,7,0
3,6,18,1,3324.706,3 3,North,3,7,0
3,6,18,2,3325.257,2 3,North,3,7,0
3,6,18,2,3325.848,1 3,North,3,7,0
3,6,18,2,3326.412,0 3,North,3,7,0
3,6,18,6,3326.8,0 3,North,3,8,0
