PhaseView,Run,Trial,Key,Time,Location,Direction,MazeType,Diamonds,WallBumped
0,3,7,2,397.3765,3 4,North,2,0,0
0,3,7,2,398.323,2 4,North,2,0,0
0,3,7,2,398.8912,1 4,North,2,0,0
0,3,7,1,399.5492,1 4,West,2,0,0
0,3,7,2,400.2846,1 3,West,2,0,0
0,3,7,1,400.7962,1 3,South,2,0,0
0,3,7,2,401.3555,2 3,South,2,0,0
0,3,7,3,401.9058,2 3,West,2,0,0
0,3,7,2,402.4665,2 2,West,2,0,0
0,3,7,3,402.9869,2 2,North,2,0,0
0,3,7,2,403.507,1 2,North,2,0,0
0,3,7,2,404.0308,0 2,North,2,0,0
0,3,7,1,404.7867,0 2,West,2,0,0
0,3,7,2,405.379,0 1,West,2,0,0
0,3,7,1,406.1756,0 1,South,2,0,0
0,3,7,1,406.7215,0 1,East,2,0,0
0,3,7,2,407.277,0 2,East,2,0,0
0,3,7,3,407.836,0 2,South,2,0,0
0,3,7,2,408.4126,1 2,South,2,0,0
0,3,7,2,408.9918,2 2,South,2,0,0
0,3,7,1,409.549,2 2,East,2,0,0
0,3,7,2,410.1075,2 3,East,2,0,0
0,3,7,1,411.023,2 3,North,2,0,0
0,3,7,2,411.5678,1 3,North,2,0,0
0,3,7,3,412.1619,1 3,East,2,0,0
0,3,7,2,412.7566,1 4,East,2,0,0
0,3,7,3,413.3946,1 4,South,2,0,0
0,3,7,2,413.9677,2 4,South,2,0,0
0,3,7,2,414.5149,3 4,South,2,0,0
0,3,7,2,415.2983,4 4,South,2,0,0
0,3,7,3,416.2122,4 4,West,2,0,0
0,3,7,2,416.8151,4 3,West,2,0,0
0,3,7,2,417.5524,4 2,West,2,0,0
0,3,7,3,418.1088,4 2,North,2,0,0
0,3,7,2,418.674,3 2,North,2,0,0
0,3,7,1,419.2537,3 2,West,2,0,0
0,3,7,2,419.8404,3 1,West,2,0,0
0,3,7,6,420.24,3 1,West,2,1,0
0,3,7,3,420.4975,3 1,North,2,1,0
0,3,7,2,421.1052,2 1,North,2,1,0
0,3,7,2,421.6589,1 1,North,2,1,0
0,3,7,1,422.2545,1 1,West,2,1,0
0,3,7,2,422.8499,1 0,West,2,1,0
0,3,7,1,423.4427,1 0,South,2,1,0
0,3,7,1,424.1411,1 0,East,2,1,0
0,3,7,3,424.7664,1 0,South,2,1,0
0,3,7,2,425.3233,2 0,South,2,1,0
0,3,7,2,425.907,3 0,South,2,1,0
0,3,7,2,426.7552,4 0,South,2,1,0
0,3,7,1,427.3474,4 0,East,2,1,0
0,3,7,1,428.0927,4 0,North,2,1,0
0,3,7,2,428.7204,3 0,North,2,1,0
0,3,7,2,429.3006,2 0,North,2,1,0
0,3,7,2,430.0157,1 0,North,2,1,0
0,3,7,3,430.5562,1 0,East,2,1,0
0,3,7,2,431.1833,1 1,East,2,1,0
0,3,7,3,431.7259,1 1,South,2,1,0
0,3,7,2,432.321,2 1,South,2,1,0
0,3,7,2,432.8591,3 1,South,2,1,0
0,3,7,1,433.436,3 1,East,2,1,0
0,3,7,2,433.9849,3 2,East,2,1,0
0,3,7,3,434.8783,3 2,South,2,1,0
0,3,7,2,435.5215,4 2,South,2,1,0
0,3,7,1,436.1777,4 2,East,2,1,0
0,3,7,2,436.7324,4 3,East,2,1,0
0,3,7,2,437.3436,4 4,East,2,1,0
0,3,7,1,437.9364,4 4,North,2,1,0
0,3,7,2,438.4921,3 4,North,2,1,0
0,3,7,2,439.0393,2 4,North,2,1,0
0,3,7,2,439.8207,1 4,North,2,1,0
0,3,7,2,440.4337,0 4,North,2,1,0
0,3,7,1,440.9492,0 4,West,2,1,0
0,3,7,1,441.7764,0 4,South,2,1,0
0,3,7,2,442.3337,1 4,South,2,1,0
0,3,7,3,442.9088,1 4,West,2,1,0
0,3,7,2,443.4684,1 3,West,2,1,0
0,3,7,1,444.0175,1 3,South,2,1,0
0,3,7,2,444.6209,2 3,South,2,1,0
0,3,7,6,445,2 3,South,2,2,0
0,3,7,3,445.1712,2 3,West,2,2,0
0,3,7,2,445.725,2 2,West,2,2,0
0,3,7,3,446.2372,2 2,North,2,2,0
0,3,7,2,446.7848,1 2,North,2,2,0
0,3,7,2,447.2952,0 2,North,2,2,0
0,3,7,1,447.8236,0 2,West,2,2,0
0,3,7,2,448.3878,0 1,West,2,2,0
0,3,7,1,449.3605,0 1,South,2,2,0
0,3,7,1,450.2374,0 1,East,2,2,0
0,3,7,2,450.8484,0 2,East,2,2,0
0,3,7,3,451.4253,0 2,South,2,2,0
0,3,7,2,452.0319,1 2,South,2,2,0
0,3,7,2,452.5901,2 2,South,2,2,0
0,3,7,1,453.1478,2 2,East,2,2,0
0,3,7,2,453.7232,2 3,East,2,2,0
0,3,7,1,454.2724,2 3,North,2,2,0
0,3,7,2,454.8279,1 3,North,2,2,0
0,3,7,3,455.3635,1 3,East,2,2,0
0,3,7,2,455.887,1 4,East,2,2,0
0,3,7,1,456.6356,1 4,North,2,2,0
0,3,7,2,457.2164,0 4,North,2,2,0
0,3,7,1,457.7965,0 4,West,2,2,0
0,3,7,1,458.3804,0 4,South,2,2,0
0,3,7,2,458.9786,1 4,South,2,2,0
0,3,7,2,459.5046,2 4,South,2,2,0
0,3,7,2,460.4677,3 4,South,2,2,0
0,3,7,2,461.005,4 4,South,2,2,0
0,3,7,3,461.5315,4 4,West,2,2,0
0,3,7,2,462.077,4 3,West,2,2,0
0,3,7,2,462.6254,4 2,West,2,2,0
0,3,7,3,463.4743,4 2,North,2,2,0
0,3,7,2,464.0038,3 2,North,2,2,0
0,3,7,1,464.5601,3 2,West,2,2,0
0,3,7,2,465.1851,3 1,West,2,2,0
0,3,7,3,465.745,3 1,North,2,2,0
0,3,7,2,466.3032,2 1,North,2,2,0
0,3,7,2,466.8345,1 1,North,2,2,0
0,3,7,2,467.7754,1 1,North,2,2,0
0,3,7,1,467.8112,1 1,West,2,2,0
0,3,7,2,468.4201,1 0,West,2,2,0
0,3,7,6,468.82,1 0,West,2,3,0
0,3,7,1,469.1201,1 0,South,2,3,0
0,3,7,1,469.7566,1 0,East,2,3,0
0,3,7,2,470.335,1 1,East,2,3,0
0,3,7,3,470.8945,1 1,South,2,3,0
0,3,7,2,471.4719,2 1,South,2,3,0
0,3,7,2,472.0165,3 1,South,2,3,0
0,3,7,1,472.5475,3 1,East,2,3,0
0,3,7,2,473.1395,3 2,East,2,3,0
0,3,7,3,473.6968,3 2,South,2,3,0
0,3,7,2,474.2525,4 2,South,2,3,0
0,3,7,1,474.7829,4 2,East,2,3,0
0,3,7,2,475.3576,4 3,East,2,3,0
0,3,7,2,475.8834,4 4,East,2,3,0
0,3,7,1,476.7336,4 4,North,2,3,0
0,3,7,2,477.3122,3 4,North,2,3,0
0,3,7,2,478.2216,2 4,North,2,3,0
0,3,7,2,479.1657,1 4,North,2,3,0
0,3,7,2,479.7427,0 4,North,2,3,0
0,3,7,6,480.12,0 4,North,2,4,0
0,3,7,1,480.2708,0 4,West,2,4,0
0,3,7,1,480.9247,0 4,South,2,4,0
0,3,7,2,481.5394,1 4,South,2,4,0
0,3,7,3,482.1108,1 4,West,2,4,0
0,3,7,2,482.6195,1 3,West,2,4,0
0,3,7,1,483.1851,1 3,South,2,4,0
0,3,7,2,483.7717,2 3,South,2,4,0
0,3,7,3,484.3174,2 3,West,2,4,0
0,3,7,2,484.8478,2 2,West,2,4,0
0,3,7,3,485.3606,2 2,North,2,4,0
0,3,7,2,485.873,1 2,North,2,4,0
0,3,7,2,486.4341,0 2,North,2,4,0
0,3,7,1,486.9793,0 2,West,2,4,0
0,3,7,1,488.1631,0 2,South,2,4,0
0,3,7,2,488.7534,1 2,South,2,4,0
0,3,7,2,489.3138,2 2,South,2,4,0
0,3,7,1,489.8375,2 2,East,2,4,0
0,3,7,2,490.3887,2 3,East,2,4,0
0,3,7,1,490.978,2 3,North,2,4,0
0,3,7,2,491.5728,1 3,North,2,4,0
0,3,7,3,492.0919,1 3,East,2,4,0
0,3,7,2,492.7045,1 4,East,2,4,0
0,3,7,3,493.2607,1 4,South,2,4,0
0,3,7,2,493.7896,2 4,South,2,4,0
0,3,7,2,494.3476,3 4,South,2,4,0
0,3,7,2,494.9151,4 4,South,2,4,0
0,3,7,3,495.5204,4 4,West,2,4,0
0,3,7,2,496.0504,4 3,West,2,4,0
0,3,7,2,496.5919,4 2,West,2,4,0
0,3,7,3,497.1372,4 2,North,2,4,0
0,3,7,2,497.9833,3 2,North,2,4,0
0,3,7,1,498.7859,3 2,West,2,4,0
0,3,7,2,499.3943,3 1,West,2,4,0
0,3,7,3,499.9156,3 1,North,2,4,0
0,3,7,3,500.5646,3 1,East,2,4,0
0,3,7,1,501.1333,3 1,North,2,4,0
0,3,7,2,501.7596,2 1,North,2,4,0
0,3,7,2,502.3227,1 1,North,2,4,0
0,3,7,1,502.883,1 1,West,2,4,0
0,3,7,2,503.5231,1 0,West,2,4,0
0,3,7,1,504.1003,1 0,South,2,4,0
0,3,7,2,505.0193,2 0,South,2,4,0
0,3,7,2,505.9568,3 0,South,2,4,0
0,3,7,6,506.34,3 0,South,2,5,0
0,3,7,2,506.5736,4 0,South,2,5,0
0,3,7,1,507.2048,4 0,East,2,5,0
0,3,7,1,507.9238,4 0,North,2,5,0
0,3,7,2,508.4932,3 0,North,2,5,0
0,3,7,2,509.1219,2 0,North,2,5,0
0,3,7,2,509.6923,1 0,North,2,5,0
0,3,7,3,510.2584,1 0,East,2,5,0
0,3,7,2,510.8275,1 1,East,2,5,0
0,3,7,6,511.24,1 1,East,2,6,0
0,3,7,3,511.3747,1 1,South,2,6,0
0,3,7,2,511.9536,2 1,South,2,6,0
0,3,7,2,512.4841,3 1,South,2,6,0
0,3,7,1,513.0709,3 1,East,2,6,0
0,3,7,2,513.6291,3 2,East,2,6,0
0,3,7,3,514.1614,3 2,South,2,6,0
0,3,7,2,514.7194,4 2,South,2,6,0
0,3,7,1,515.6023,4 2,East,2,6,0
0,3,7,2,516.1421,4 3,East,2,6,0
0,3,7,2,516.7532,4 4,East,2,6,0
0,3,7,1,517.3098,4 4,North,2,6,0
0,3,7,2,517.8751,3 4,North,2,6,0
0,3,7,2,518.4272,2 4,North,2,6,0
0,3,7,2,518.9932,1 4,North,2,6,0
0,3,7,2,519.5388,0 4,North,2,6,0
0,3,7,1,520.3799,0 4,West,2,6,0
0,3,7,1,520.9494,0 4,South,2,6,0
0,3,7,2,521.5688,1 4,South,2,6,0
0,3,7,3,522.0977,1 4,West,2,6,0
0,3,7,2,522.6698,1 3,West,2,6,0
0,3,7,1,523.2478,1 3,South,2,6,0
0,3,7,2,523.8549,2 3,South,2,6,0
0,3,7,3,524.4155,2 3,West,2,6,0
0,3,7,2,524.9585,2 2,West,2,6,0
0,3,7,3,525.522,2 2,North,2,6,0
0,3,7,2,526.0916,1 2,North,2,6,0
0,3,7,6,526.48,1 2,North,2,7,0
0,3,7,2,526.7393,0 2,North,2,7,0
0,3,7,1,527.327,0 2,West,2,7,0
0,3,7,1,527.9865,0 2,South,2,7,0
0,3,7,2,528.5576,1 2,South,2,7,0
0,3,7,2,529.0723,2 2,South,2,7,0
0,3,7,1,529.5897,2 2,East,2,7,0
0,3,7,2,530.2078,2 3,East,2,7,0
0,3,7,1,530.8134,2 3,North,2,7,0
0,3,7,2,531.4559,1 3,North,2,7,0
0,3,7,6,531.84,1 3,North,2,8,0
3,3,7,1,537.5192,4 3,North,2,0,0
3,3,7,2,538.1333,4 3,North,2,0,1
3,3,7,1,538.706,4 2,North,2,0,1
3,3,7,1,539.3716,4 2,North,2,0,2
3,3,7,2,539.9485,3 2,North,2,0,2
3,3,7,1,540.5917,3 1,North,2,0,2
3,3,7,6,541,3 1,North,2,1,2
3,3,7,3,541.4087,3 2,North,2,1,2
3,3,7,4,541.9195,4 2,North,2,1,2
3,3,7,3,542.499,4 3,North,2,1,2
3,3,7,3,543.04,4 4,North,2,1,2
3,3,7,2,543.6155,3 4,North,2,1,2
3,3,7,2,544.1932,2 4,North,2,1,2
3,3,7,1,544.7725,2 4,North,2,1,3
3,3,7,4,545.4438,3 4,North,2,1,3
3,3,7,1,546.3973,3 4,North,2,1,4
3,3,7,4,546.8782,4 4,North,2,1,4
3,3,7,1,547.4899,4 3,North,2,1,4
3,3,7,2,548.1279,4 3,North,2,1,5
3,3,7,1,548.5014,4 2,North,2,1,5
3,3,7,2,549.1017,3 2,North,2,1,5
3,3,7,3,549.6483,3 3,North,2,1,5
3,3,7,2,550.209,3 3,North,2,1,6
3,3,7,1,550.7831,3 2,North,2,1,6
3,3,7,2,551.3592,3 2,North,2,1,7
3,3,7,1,551.8676,3 1,North,2,1,7
3,3,7,2,552.4805,2 1,North,2,1,7
3,3,7,3,553.1178,2 1,North,2,1,8
3,3,7,2,553.5409,1 1,North,2,1,8
3,3,7,3,554.1564,1 1,North,2,1,9
3,3,7,2,554.6064,1 1,North,2,1,10
3,3,7,1,555.0679,1 0,North,2,1,10
3,3,7,2,555.6653,1 0,North,2,1,11
3,3,7,4,556.1962,2 0,North,2,1,11
3,3,7,3,556.8819,2 0,North,2,1,12
3,3,7,2,557.3309,1 0,North,2,1,12
3,3,7,3,557.8762,1 1,North,2,1,12
3,3,7,4,558.4518,2 1,North,2,1,12
3,3,7,4,559.04,3 1,North,2,1,12
3,3,7,4,559.5834,3 1,North,2,1,13
3,3,7,4,559.9848,3 1,North,2,1,14
3,3,7,3,560.6119,3 2,North,2,1,14
3,3,7,3,562.0854,3 3,North,2,1,14
3,3,7,2,562.7152,3 3,North,2,1,15
3,3,7,1,563.3254,3 2,North,2,1,15
3,3,7,2,564.0203,3 2,North,2,1,16
3,3,7,1,564.9003,3 1,North,2,1,16
3,3,7,4,565.4915,3 1,North,2,1,17
3,3,7,2,566.0543,2 1,North,2,1,17
3,3,7,3,566.8365,2 1,North,2,1,18
3,3,7,4,567.3497,3 1,North,2,1,18
3,3,7,3,568.0022,3 2,North,2,1,18
3,3,7,4,568.6411,4 2,North,2,1,18
3,3,7,3,569.2473,4 3,North,2,1,18
3,3,7,2,569.9479,4 3,North,2,1,19
3,3,7,3,570.4612,4 4,North,2,1,19
3,3,7,2,571.0673,3 4,North,2,1,19
3,3,7,1,571.7726,3 4,North,2,1,20
3,3,7,2,572.2214,2 4,North,2,1,20
3,3,7,1,572.8318,2 4,North,2,1,21
3,3,7,2,573.2181,1 4,North,2,1,21
3,3,7,2,573.8575,0 4,North,2,1,21
3,3,7,1,574.4676,0 3,North,2,1,21
3,3,7,4,575.028,0 3,North,2,1,22
3,3,7,3,575.6309,0 4,North,2,1,22
3,3,7,4,576.2543,1 4,North,2,1,22
3,3,7,1,576.788,1 3,North,2,1,22
3,3,7,4,577.3434,2 3,North,2,1,22
3,3,7,6,577.7,2 3,North,2,2,22
3,3,7,2,578.0459,1 3,North,2,2,22
3,3,7,1,578.6564,1 3,North,2,2,23
3,3,7,4,579.1506,2 3,North,2,2,23
3,3,7,2,580.0176,1 3,North,2,2,23
3,3,7,3,580.9438,1 4,North,2,2,23
3,3,7,4,581.5383,2 4,North,2,2,23
3,3,7,4,582.109,3 4,North,2,2,23
3,3,7,4,583.1531,4 4,North,2,2,23
3,3,7,1,584.0195,4 3,North,2,2,23
3,3,7,1,584.5721,4 2,North,2,2,23
3,3,7,1,585.2012,4 2,North,2,2,24
3,3,7,2,585.6819,3 2,North,2,2,24
3,3,7,2,586.2118,3 2,North,2,2,25
3,3,7,1,586.7225,3 1,North,2,2,25
3,3,7,2,587.2838,2 1,North,2,2,25
3,3,7,2,587.9635,1 1,North,2,2,25
3,3,7,6,588.34,1 1,North,2,3,25
3,3,7,4,588.8053,2 1,North,2,3,25
3,3,7,4,589.4413,3 1,North,2,3,25
3,3,7,3,590.0123,3 2,North,2,3,25
3,3,7,4,590.559,4 2,North,2,3,25
3,3,7,3,591.1155,4 3,North,2,3,25
3,3,7,3,591.6985,4 4,North,2,3,25
3,3,7,2,592.274,3 4,North,2,3,25
3,3,7,2,592.881,2 4,North,2,3,25
3,3,7,2,593.4692,1 4,North,2,3,25
3,3,7,2,594.0967,0 4,North,2,3,25
3,3,7,6,594.48,0 4,North,2,4,25
3,3,7,4,594.805,1 4,North,2,4,25
3,3,7,4,595.3428,2 4,North,2,4,25
3,3,7,4,595.8836,3 4,North,2,4,25
3,3,7,1,596.4622,3 4,North,2,4,26
3,3,7,2,596.8994,2 4,North,2,4,26
3,3,7,2,597.4388,1 4,North,2,4,26
3,3,7,1,598.1484,1 3,North,2,4,26
3,3,7,4,598.7416,2 3,North,2,4,26
3,3,7,4,599.3092,2 3,North,2,4,27
3,3,7,1,599.8688,2 2,North,2,4,27
3,3,7,4,600.4652,2 2,North,2,4,28
3,3,7,3,601.0609,2 3,North,2,4,28
3,3,7,2,601.6172,1 3,North,2,4,28
3,3,7,3,602.3024,1 4,North,2,4,28
3,3,7,4,602.9818,2 4,North,2,4,28
3,3,7,4,603.6446,3 4,North,2,4,28
3,3,7,4,604.2429,4 4,North,2,4,28
3,3,7,1,605.1243,4 3,North,2,4,28
3,3,7,1,605.6689,4 2,North,2,4,28
3,3,7,1,606.3061,4 2,North,2,4,29
3,3,7,2,606.8921,3 2,North,2,4,29
3,3,7,3,607.5392,3 3,North,2,4,29
3,3,7,6,607.94,3 3,North,2,5,29
3,3,7,1,608.2759,3 2,North,2,5,29
3,3,7,2,608.9478,3 2,North,2,5,30
3,3,7,1,609.4196,3 1,North,2,5,30
3,3,7,2,610.029,2 1,North,2,5,30
3,3,7,6,610.4,2 1,North,2,6,30
3,3,7,1,611.0533,2 1,North,2,6,31
3,3,7,2,611.476,1 1,North,2,6,31
3,3,7,1,612.0781,1 0,North,2,6,31
3,3,7,6,612.48,1 0,North,2,7,31
3,3,7,3,612.7491,1 1,North,2,7,31
3,3,7,4,613.2937,2 1,North,2,7,31
3,3,7,4,613.9256,3 1,North,2,7,31
3,3,7,3,614.4963,3 2,North,2,7,31
3,3,7,6,614.9,3 2,North,2,8,31
0,3,8,1,619.5191,4 4,West,2,0,31
0,3,8,2,620.2403,4 3,West,2,0,31
0,3,8,6,620.66,4 3,West,2,1,31
0,3,8,2,621.1369,4 2,West,2,1,31
0,3,8,3,621.7122,4 2,North,2,1,31
0,3,8,2,622.2609,3 2,North,2,1,31
0,3,8,1,622.8292,3 2,West,2,1,31
0,3,8,2,623.426,3 1,West,2,1,31
0,3,8,3,623.9973,3 1,North,2,1,31
0,3,8,2,624.5924,2 1,North,2,1,31
0,3,8,2,625.1716,1 1,North,2,1,31
0,3,8,1,625.7433,1 1,West,2,1,31
0,3,8,2,626.2728,1 0,West,2,1,31
0,3,8,1,626.8337,1 0,South,2,1,31
0,3,8,2,627.8709,2 0,South,2,1,31
0,3,8,2,628.4189,3 0,South,2,1,31
0,3,8,2,629.0219,4 0,South,2,1,31
0,3,8,1,629.6188,4 0,East,2,1,31
0,3,8,1,630.189,4 0,North,2,1,31
0,3,8,2,630.7978,3 0,North,2,1,31
0,3,8,2,631.3475,2 0,North,2,1,31
0,3,8,2,631.9323,1 0,North,2,1,31
0,3,8,3,632.5001,1 0,East,2,1,31
0,3,8,2,633.3885,1 1,East,2,1,31
0,3,8,3,633.922,1 1,South,2,1,31
0,3,8,2,634.4799,2 1,South,2,1,31
0,3,8,2,635.0424,3 1,South,2,1,31
0,3,8,1,635.741,3 1,East,2,1,31
0,3,8,2,636.2874,3 2,East,2,1,31
0,3,8,3,636.8613,3 2,South,2,1,31
0,3,8,2,637.4866,4 2,South,2,1,31
0,3,8,1,638.0925,4 2,East,2,1,31
0,3,8,2,638.6554,4 3,East,2,1,31
0,3,8,2,639.2137,4 4,East,2,1,31
0,3,8,1,639.8925,4 4,North,2,1,31
0,3,8,2,640.5143,3 4,North,2,1,31
0,3,8,2,641.1018,2 4,North,2,1,31
0,3,8,2,641.8766,1 4,North,2,1,31
0,3,8,1,642.4815,1 4,West,2,1,31
0,3,8,3,643.0564,1 4,North,2,1,31
0,3,8,2,643.6454,0 4,North,2,1,31
0,3,8,1,644.2546,0 4,West,2,1,31
0,3,8,2,644.811,0 3,West,2,1,31
0,3,8,1,645.438,0 3,South,2,1,31
0,3,8,1,646.0272,0 3,East,2,1,31
0,3,8,2,646.642,0 4,East,2,1,31
0,3,8,3,647.1885,0 4,South,2,1,31
0,3,8,2,647.7736,1 4,South,2,1,31
0,3,8,3,648.3323,1 4,West,2,1,31
0,3,8,2,648.8616,1 3,West,2,1,31
0,3,8,1,649.4113,1 3,South,2,1,31
0,3,8,2,649.9982,2 3,South,2,1,31
0,3,8,3,650.5407,2 3,West,2,1,31
0,3,8,2,651.1318,2 2,West,2,1,31
0,3,8,3,651.6933,2 2,North,2,1,31
0,3,8,2,652.5775,1 2,North,2,1,31
0,3,8,2,653.092,0 2,North,2,1,31
0,3,8,1,653.6826,0 2,West,2,1,31
0,3,8,2,654.2213,0 1,West,2,1,31
0,3,8,2,654.7409,0 0,West,2,1,31
0,3,8,6,655.14,0 0,West,2,2,31
0,3,8,1,655.294,0 0,South,2,2,31
0,3,8,1,655.9177,0 0,East,2,2,31
0,3,8,2,656.6191,0 1,East,2,2,31
0,3,8,2,657.1864,0 2,East,2,2,31
0,3,8,3,657.7942,0 2,South,2,2,31
0,3,8,2,658.4599,1 2,South,2,2,31
0,3,8,2,659.0208,2 2,South,2,2,31
0,3,8,1,659.571,2 2,East,2,2,31
0,3,8,2,660.1253,2 3,East,2,2,31
0,3,8,1,660.7671,2 3,North,2,2,31
0,3,8,2,661.2944,1 3,North,2,2,31
0,3,8,3,661.9348,1 3,East,2,2,31
0,3,8,2,662.5111,1 4,East,2,2,31
0,3,8,1,663.2346,1 4,North,2,2,31
0,3,8,1,663.8917,1 4,West,2,2,31
0,3,8,1,664.6861,1 4,South,2,2,31
0,3,8,2,665.3002,2 4,South,2,2,31
0,3,8,2,665.8381,3 4,South,2,2,31
0,3,8,2,666.4849,4 4,South,2,2,31
0,3,8,3,667.0211,4 4,West,2,2,31
0,3,8,2,667.6146,4 3,West,2,2,31
0,3,8,2,668.1922,4 2,West,2,2,31
0,3,8,6,668.6,4 2,West,2,3,31
0,3,8,3,668.7365,4 2,North,2,3,31
0,3,8,2,669.2837,3 2,North,2,3,31
0,3,8,1,669.9369,3 2,West,2,3,31
0,3,8,2,670.5128,3 1,West,2,3,31
0,3,8,3,671.0872,3 1,North,2,3,31
0,3,8,2,671.6818,2 1,North,2,3,31
0,3,8,2,672.2722,1 1,North,2,3,31
0,3,8,1,672.8668,1 1,West,2,3,31
0,3,8,2,673.4276,1 0,West,2,3,31
0,3,8,1,674.0128,1 0,South,2,3,31
0,3,8,2,674.5716,2 0,South,2,3,31
0,3,8,2,675.1009,3 0,South,2,3,31
0,3,8,2,675.7081,4 0,South,2,3,31
0,3,8,1,676.2892,4 0,East,2,3,31
0,3,8,1,676.8289,4 0,North,2,3,31
0,3,8,2,677.4404,3 0,North,2,3,31
0,3,8,2,677.9996,2 0,North,2,3,31
0,3,8,2,678.5471,1 0,North,2,3,31
0,3,8,3,679.4359,1 0,East,2,3,31
0,3,8,2,680.0187,1 1,East,2,3,31
0,3,8,3,680.5415,1 1,South,2,3,31
0,3,8,2,681.0713,2 1,South,2,3,31
0,3,8,2,681.6317,3 1,South,2,3,31
0,3,8,1,682.1629,3 1,East,2,3,31
0,3,8,2,682.7024,3 2,East,2,3,31
0,3,8,3,683.2275,3 2,South,2,3,31
0,3,8,2,683.8514,4 2,South,2,3,31
0,3,8,1,684.3995,4 2,East,2,3,31
0,3,8,2,684.9756,4 3,East,2,3,31
0,3,8,2,685.569,4 4,East,2,3,31
0,3,8,1,686.1603,4 4,North,2,3,31
0,3,8,2,686.727,3 4,North,2,3,31
0,3,8,2,687.2665,2 4,North,2,3,31
0,3,8,2,687.8403,1 4,North,2,3,31
0,3,8,1,688.4342,1 4,West,2,3,31
0,3,8,3,688.9903,1 4,North,2,3,31
0,3,8,2,689.5526,0 4,North,2,3,31
0,3,8,1,690.1437,0 4,West,2,3,31
0,3,8,2,690.6714,0 3,West,2,3,31
0,3,8,6,691.08,0 3,West,2,4,31
0,3,8,1,691.2532,0 3,South,2,4,31
0,3,8,1,691.8395,0 3,East,2,4,31
0,3,8,2,692.4778,0 4,East,2,4,31
0,3,8,3,693.0603,0 4,South,2,4,31
0,3,8,2,693.644,1 4,South,2,4,31
0,3,8,3,694.1604,1 4,West,2,4,31
0,3,8,2,694.7061,1 3,West,2,4,31
0,3,8,1,695.2603,1 3,South,2,4,31
0,3,8,2,695.809,2 3,South,2,4,31
0,3,8,3,696.3964,2 3,West,2,4,31
0,3,8,2,696.9074,2 2,West,2,4,31
0,3,8,3,697.4358,2 2,North,2,4,31
0,3,8,2,697.9813,1 2,North,2,4,31
0,3,8,2,698.4937,0 2,North,2,4,31
0,3,8,1,699.0613,0 2,West,2,4,31
0,3,8,1,699.7268,0 2,South,2,4,31
0,3,8,2,700.339,1 2,South,2,4,31
0,3,8,2,700.8939,2 2,South,2,4,31
0,3,8,1,701.4053,2 2,East,2,4,31
0,3,8,2,702.0003,2 3,East,2,4,31
0,3,8,1,702.5731,2 3,North,2,4,31
0,3,8,2,703.1672,1 3,North,2,4,31
0,3,8,3,703.7397,1 3,East,2,4,31
0,3,8,2,704.3391,1 4,East,2,4,31
0,3,8,3,704.8644,1 4,South,2,4,31
0,3,8,2,705.4197,2 4,South,2,4,31
0,3,8,2,705.936,3 4,South,2,4,31
0,3,8,2,706.5475,4 4,South,2,4,31
0,3,8,3,707.0911,4 4,West,2,4,31
0,3,8,2,707.6293,4 3,West,2,4,31
0,3,8,2,708.6219,4 2,West,2,4,31
0,3,8,3,709.1475,4 2,North,2,4,31
0,3,8,2,710.0049,3 2,North,2,4,31
0,3,8,1,710.5425,3 2,West,2,4,31
0,3,8,2,711.1212,3 1,West,2,4,31
0,3,8,3,711.6812,3 1,North,2,4,31
0,3,8,2,712.2693,2 1,North,2,4,31
0,3,8,2,712.7993,1 1,North,2,4,31
0,3,8,1,713.3573,1 1,West,2,4,31
0,3,8,2,714.2097,1 0,West,2,4,31
0,3,8,1,714.7675,1 0,South,2,4,31
0,3,8,2,715.332,2 0,South,2,4,31
0,3,8,6,715.72,2 0,South,2,5,31
0,3,8,1,715.8361,2 0,East,2,5,31
0,3,8,1,716.4122,2 0,North,2,5,31
0,3,8,2,717.0373,1 0,North,2,5,31
0,3,8,3,717.6021,1 0,East,2,5,31
0,3,8,2,718.1897,1 1,East,2,5,31
0,3,8,3,718.7961,1 1,South,2,5,31
0,3,8,2,719.3647,2 1,South,2,5,31
0,3,8,2,719.933,3 1,South,2,5,31
0,3,8,1,720.5278,3 1,East,2,5,31
0,3,8,2,721.0864,3 2,East,2,5,31
0,3,8,3,721.6293,3 2,South,2,5,31
0,3,8,2,722.1786,4 2,South,2,5,31
0,3,8,1,722.783,4 2,East,2,5,31
0,3,8,2,723.3483,4 3,East,2,5,31
0,3,8,2,723.9047,4 4,East,2,5,31
0,3,8,1,724.4972,4 4,North,2,5,31
0,3,8,2,725.5168,3 4,North,2,5,31
0,3,8,6,725.9,3 4,North,2,6,31
0,3,8,2,726.0527,2 4,North,2,6,31
0,3,8,2,727.0228,1 4,North,2,6,31
0,3,8,1,727.5683,1 4,West,2,6,31
0,3,8,2,728.1625,1 3,West,2,6,31
0,3,8,1,728.7385,1 3,South,2,6,31
0,3,8,2,729.3242,2 3,South,2,6,31
0,3,8,3,729.9216,2 3,West,2,6,31
0,3,8,2,730.4628,2 2,West,2,6,31
0,3,8,3,730.9943,2 2,North,2,6,31
0,3,8,2,731.8376,1 2,North,2,6,31
0,3,8,2,732.3863,0 2,North,2,6,31
0,3,8,1,732.9429,0 2,West,2,6,31
0,3,8,2,733.4586,0 1,West,2,6,31
0,3,8,6,733.88,0 1,West,2,7,31
0,3,8,1,733.9971,0 1,South,2,7,31
0,3,8,1,734.5753,0 1,East,2,7,31
0,3,8,2,735.1342,0 2,East,2,7,31
0,3,8,3,735.7776,0 2,South,2,7,31
0,3,8,2,736.3154,1 2,South,2,7,31
0,3,8,2,736.8307,2 2,South,2,7,31
0,3,8,1,737.4227,2 2,East,2,7,31
0,3,8,2,737.9692,2 3,East,2,7,31
0,3,8,1,738.4974,2 3,North,2,7,31
0,3,8,2,739.0717,1 3,North,2,7,31
0,3,8,3,739.621,1 3,East,2,7,31
0,3,8,2,740.2713,1 4,East,2,7,31
0,3,8,1,740.8661,1 4,North,2,7,31
0,3,8,1,741.4194,1 4,West,2,7,31
0,3,8,1,742.0648,1 4,South,2,7,31
0,3,8,2,742.64,2 4,South,2,7,31
0,3,8,2,743.1964,3 4,South,2,7,31
0,3,8,2,743.7802,4 4,South,2,7,31
0,3,8,3,744.364,4 4,West,2,7,31
0,3,8,2,744.9285,4 3,West,2,7,31
0,3,8,2,745.4677,4 2,West,2,7,31
0,3,8,3,746.0151,4 2,North,2,7,31
0,3,8,2,746.5718,3 2,North,2,7,31
0,3,8,1,747.1395,3 2,West,2,7,31
0,3,8,2,747.7249,3 1,West,2,7,31
0,3,8,3,748.3046,3 1,North,2,7,31
0,3,8,2,748.8351,2 1,North,2,7,31
0,3,8,2,749.3793,1 1,North,2,7,31
0,3,8,1,749.9563,1 1,West,2,7,31
0,3,8,2,750.5312,1 0,West,2,7,31
0,3,8,1,751.0597,1 0,South,2,7,31
0,3,8,2,751.637,2 0,South,2,7,31
0,3,8,2,752.2103,3 0,South,2,7,31
0,3,8,2,753.0863,4 0,South,2,7,31
0,3,8,6,753.46,4 0,South,2,8,31
3,3,8,2,757.0443,3 4,North,2,0,0
3,3,8,6,757.42,3 4,North,2,1,0
3,3,8,4,757.954,4 4,North,2,1,0
3,3,8,1,758.5959,4 3,North,2,1,0
3,3,8,6,759,4 3,North,2,2,0
3,3,8,2,759.459,4 3,North,2,2,1
3,3,8,3,760.0594,4 4,North,2,2,1
3,3,8,2,760.708,3 4,North,2,2,1
3,3,8,1,761.7618,3 4,North,2,2,2
3,3,8,4,762.3657,4 4,North,2,2,2
3,3,8,1,762.9014,4 3,North,2,2,2
3,3,8,1,763.5245,4 2,North,2,2,2
3,3,8,2,764.0963,3 2,North,2,2,2
3,3,8,1,764.722,3 1,North,2,2,2
3,3,8,2,765.6298,2 1,North,2,2,2
3,3,8,1,766.2853,2 1,North,2,2,3
3,3,8,2,767.7739,1 1,North,2,2,3
3,3,8,1,768.3538,1 0,North,2,2,3
3,3,8,4,769.0114,2 0,North,2,2,3
3,3,8,6,769.38,2 0,North,2,3,3
3,3,8,4,769.9387,3 0,North,2,3,3
3,3,8,2,770.4863,2 0,North,2,3,3
3,3,8,2,771.0229,1 0,North,2,3,3
3,3,8,3,771.5956,1 1,North,2,3,3
3,3,8,4,772.128,2 1,North,2,3,3
3,3,8,3,772.7994,2 1,North,2,3,4
3,3,8,4,773.2957,3 1,North,2,3,4
3,3,8,3,773.8395,3 2,North,2,3,4
3,3,8,4,774.4672,4 2,North,2,3,4
3,3,8,6,774.84,4 2,North,2,4,4
3,3,8,3,775.3445,4 3,North,2,4,4
3,3,8,3,776.3358,4 4,North,2,4,4
3,3,8,2,776.9102,3 4,North,2,4,4
3,3,8,2,777.477,2 4,North,2,4,4
3,3,8,2,778.0973,1 4,North,2,4,4
3,3,8,2,778.9812,0 4,North,2,4,4
3,3,8,1,779.9714,0 3,North,2,4,4
3,3,8,6,780.38,0 3,North,2,5,4
3,3,8,3,780.5954,0 4,North,2,5,4
3,3,8,4,781.1982,1 4,North,2,5,4
3,3,8,6,781.56,1 4,North,2,6,4
3,3,8,1,782.6133,1 3,North,2,6,4
3,3,8,1,783.6047,1 3,North,2,6,5
3,3,8,4,784.2089,2 3,North,2,6,5
3,3,8,1,784.7516,2 2,North,2,6,5
3,3,8,2,785.3409,1 2,North,2,6,5
3,3,8,1,786.0282,1 2,North,2,6,6
3,3,8,2,786.4777,0 2,North,2,6,6
3,3,8,1,787.0688,0 1,North,2,6,6
3,3,8,6,787.48,0 1,North,2,7,6
3,3,8,3,787.8262,0 2,North,2,7,6
3,3,8,4,788.4863,1 2,North,2,7,6
3,3,8,4,789.0107,2 2,North,2,7,6
3,3,8,3,789.5334,2 3,North,2,7,6
3,3,8,2,790.1077,1 3,North,2,7,6
3,3,8,6,790.48,1 3,North,2,8,6
0,3,9,1,793.874,4 4,West,2,0,6
0,3,9,2,794.5082,4 3,West,2,0,6
0,3,9,2,795.5223,4 2,West,2,0,6
0,3,9,3,796.0774,4 2,North,2,0,6
0,3,9,2,796.5902,3 2,North,2,0,6
0,3,9,1,797.1553,3 2,West,2,0,6
0,3,9,2,797.7142,3 1,West,2,0,6
0,3,9,3,798.3409,3 1,North,2,0,6
0,3,9,2,798.8792,2 1,North,2,0,6
0,3,9,2,799.4197,1 1,North,2,0,6
0,3,9,1,799.9493,1 1,West,2,0,6
0,3,9,2,800.479,1 0,West,2,0,6
0,3,9,1,801.0548,1 0,South,2,0,6
0,3,9,2,801.6006,2 0,South,2,0,6
0,3,9,2,802.1306,3 0,South,2,0,6
0,3,9,2,802.6851,4 0,South,2,0,6
0,3,9,1,803.2683,4 0,East,2,0,6
0,3,9,2,803.8062,4 1,East,2,0,6
0,3,9,6,804.22,4 1,East,2,1,6
0,3,9,1,804.3806,4 1,North,2,1,6
0,3,9,1,804.9139,4 1,West,2,1,6
0,3,9,2,805.5057,4 0,West,2,1,6
0,3,9,3,806.3802,4 0,North,2,1,6
0,3,9,2,808.0113,3 0,North,2,1,6
0,3,9,2,808.5718,2 0,North,2,1,6
0,3,9,2,809.1738,1 0,North,2,1,6
0,3,9,3,809.716,1 0,East,2,1,6
0,3,9,2,810.3386,1 1,East,2,1,6
0,3,9,3,810.8994,1 1,South,2,1,6
0,3,9,2,811.4841,2 1,South,2,1,6
0,3,9,2,812.0137,3 1,South,2,1,6
0,3,9,1,812.5887,3 1,East,2,1,6
0,3,9,2,813.1333,3 2,East,2,1,6
0,3,9,2,813.645,3 3,East,2,1,6
0,3,9,6,814.06,3 3,East,2,2,6
0,3,9,3,814.5878,3 3,South,2,2,6
0,3,9,3,815.123,3 3,West,2,2,6
0,3,9,2,815.6784,3 2,West,2,2,6
0,3,9,1,816.2747,3 2,South,2,2,6
0,3,9,2,816.8494,4 2,South,2,2,6
0,3,9,1,817.426,4 2,East,2,2,6
0,3,9,2,818.3817,4 3,East,2,2,6
0,3,9,2,818.9113,4 4,East,2,2,6
0,3,9,1,819.5009,4 4,North,2,2,6
0,3,9,2,820.0482,3 4,North,2,2,6
0,3,9,2,820.6036,2 4,North,2,2,6
0,3,9,2,821.1537,1 4,North,2,2,6
0,3,9,1,821.7089,1 4,West,2,2,6
0,3,9,2,822.271,1 3,West,2,2,6
0,3,9,1,822.8122,1 3,South,2,2,6
0,3,9,2,823.3617,2 3,South,2,2,6
0,3,9,3,823.9177,2 3,West,2,2,6
0,3,9,2,824.466,2 2,West,2,2,6
0,3,9,3,825.0134,2 2,North,2,2,6
0,3,9,2,825.5821,1 2,North,2,2,6
0,3,9,2,826.0927,0 2,North,2,2,6
0,3,9,1,827.011,0 2,West,2,2,6
0,3,9,1,827.9528,0 2,South,2,2,6
0,3,9,2,828.5491,1 2,South,2,2,6
0,3,9,2,829.0875,2 2,South,2,2,6
0,3,9,1,829.6278,2 2,East,2,2,6
0,3,9,2,830.1761,2 3,East,2,2,6
0,3,9,1,830.7241,2 3,North,2,2,6
0,3,9,2,831.248,1 3,North,2,2,6
0,3,9,3,831.823,1 3,East,2,2,6
0,3,9,2,832.4053,1 4,East,2,2,6
0,3,9,3,832.9573,1 4,South,2,2,6
0,3,9,2,833.5016,2 4,South,2,2,6
0,3,9,2,834.0276,3 4,South,2,2,6
0,3,9,2,834.5465,4 4,South,2,2,6
0,3,9,3,835.4216,4 4,West,2,2,6
0,3,9,2,835.9844,4 3,West,2,2,6
0,3,9,2,836.5148,4 2,West,2,2,6
0,3,9,3,837.0256,4 2,North,2,2,6
0,3,9,2,837.6133,3 2,North,2,2,6
0,3,9,1,838.1913,3 2,West,2,2,6
0,3,9,2,838.7859,3 1,West,2,2,6
0,3,9,3,839.3303,3 1,North,2,2,6
0,3,9,2,839.8888,2 1,North,2,2,6
0,3,9,6,840.28,2 1,North,2,3,6
0,3,9,2,840.91,1 1,North,2,3,6
0,3,9,1,841.5003,1 1,West,2,3,6
0,3,9,2,842.0118,1 0,West,2,3,6
0,3,9,1,842.6238,1 0,South,2,3,6
0,3,9,1,843.6691,1 0,East,2,3,6
0,3,9,2,844.2292,1 1,East,2,3,6
0,3,9,3,844.8179,1 1,South,2,3,6
0,3,9,2,845.4421,2 1,South,2,3,6
0,3,9,2,845.9748,3 1,South,2,3,6
0,3,9,1,846.9109,3 1,East,2,3,6
0,3,9,2,847.4603,3 2,East,2,3,6
0,3,9,6,847.86,3 2,East,2,4,6
0,3,9,1,848.0609,3 2,North,2,4,6
0,3,9,1,848.6404,3 2,West,2,4,6
0,3,9,2,849.1811,3 1,West,2,4,6
0,3,9,3,849.7588,3 1,North,2,4,6
0,3,9,2,850.2885,2 1,North,2,4,6
0,3,9,2,850.8306,1 1,North,2,4,6
0,3,9,1,851.665,1 1,West,2,4,6
0,3,9,2,852.1926,1 0,West,2,4,6
0,3,9,1,852.7678,1 0,South,2,4,6
0,3,9,1,853.4766,1 0,East,2,4,6
0,3,9,2,854.1582,1 1,East,2,4,6
0,3,9,3,854.7177,1 1,South,2,4,6
0,3,9,2,855.2917,2 1,South,2,4,6
0,3,9,2,855.8677,3 1,South,2,4,6
0,3,9,1,856.4349,3 1,East,2,4,6
0,3,9,2,857.0233,3 2,East,2,4,6
0,3,9,3,857.5555,3 2,South,2,4,6
0,3,9,2,858.1238,4 2,South,2,4,6
0,3,9,1,858.6907,4 2,East,2,4,6
0,3,9,2,859.2365,4 3,East,2,4,6
0,3,9,2,859.7943,4 4,East,2,4,6
0,3,9,1,860.4146,4 4,North,2,4,6
0,3,9,2,860.991,3 4,North,2,4,6
0,3,9,2,861.9553,2 4,North,2,4,6
0,3,9,6,862.34,2 4,North,2,5,6
0,3,9,2,862.5125,1 4,North,2,5,6
0,3,9,1,863.1013,1 4,West,2,5,6
0,3,9,2,863.6199,1 3,West,2,5,6
0,3,9,1,864.2066,1 3,South,2,5,6
0,3,9,2,864.8521,2 3,South,2,5,6
0,3,9,3,865.4392,2 3,West,2,5,6
0,3,9,2,865.9827,2 2,West,2,5,6
0,3,9,3,866.5424,2 2,North,2,5,6
0,3,9,2,867.105,1 2,North,2,5,6
0,3,9,2,868.0281,0 2,North,2,5,6
0,3,9,6,868.4,0 2,North,2,6,6
0,3,9,1,868.5892,0 2,West,2,6,6
0,3,9,1,869.262,0 2,South,2,6,6
0,3,9,2,869.9012,1 2,South,2,6,6
0,3,9,2,870.5931,2 2,South,2,6,6
0,3,9,1,871.1633,2 2,East,2,6,6
0,3,9,2,871.7721,2 3,East,2,6,6
0,3,9,1,872.3028,2 3,North,2,6,6
0,3,9,2,872.8959,1 3,North,2,6,6
0,3,9,3,873.4713,1 3,East,2,6,6
0,3,9,2,874.0464,1 4,East,2,6,6
0,3,9,6,874.46,1 4,East,2,7,6
0,3,9,3,874.5743,1 4,South,2,7,6
0,3,9,3,875.1051,1 4,West,2,7,6
0,3,9,2,875.6616,1 3,West,2,7,6
0,3,9,1,876.2596,1 3,South,2,7,6
0,3,9,2,876.8008,2 3,South,2,7,6
0,3,9,3,877.3601,2 3,West,2,7,6
0,3,9,2,877.8996,2 2,West,2,7,6
0,3,9,6,878.32,2 2,West,2,8,6
3,3,9,3,880.7819,4 4,North,2,0,0
3,3,9,2,882.0364,3 4,North,2,0,0
3,3,9,2,883.0101,2 4,North,2,0,0
3,3,9,6,883.4,2 4,North,2,1,0
3,3,9,4,883.8286,3 4,North,2,1,0
3,3,9,4,884.6145,4 4,North,2,1,0
3,3,9,1,885.183,4 3,North,2,1,0
3,3,9,1,885.8099,4 2,North,2,1,0
3,3,9,2,886.3695,3 2,North,2,1,0
3,3,9,1,887.02,3 1,North,2,1,0
3,3,9,2,887.5698,2 1,North,2,1,0
3,3,9,2,888.7079,1 1,North,2,1,0
3,3,9,1,889.2366,1 0,North,2,1,0
3,3,9,4,889.8418,2 0,North,2,1,0
3,3,9,4,890.4357,3 0,North,2,1,0
3,3,9,4,891.0573,4 0,North,2,1,0
3,3,9,3,891.6787,4 1,North,2,1,0
3,3,9,6,892.08,4 1,North,2,2,0
3,3,9,1,892.2273,4 0,North,2,2,0
3,3,9,2,892.8125,3 0,North,2,2,0
3,3,9,2,893.329,2 0,North,2,2,0
3,3,9,2,893.9003,1 0,North,2,2,0
3,3,9,3,894.4833,1 1,North,2,2,0
3,3,9,4,895.0883,2 1,North,2,2,0
3,3,9,3,895.7772,2 1,North,2,2,1
3,3,9,4,896.2433,3 1,North,2,2,1
3,3,9,3,896.772,3 2,North,2,2,1
3,3,9,4,897.3613,4 2,North,2,2,1
3,3,9,3,898.3026,4 3,North,2,2,1
3,3,9,3,898.8511,4 4,North,2,2,1
3,3,9,2,899.4415,3 4,North,2,2,1
3,3,9,2,900.0185,2 4,North,2,2,1
3,3,9,2,900.6379,1 4,North,2,2,1
3,3,9,1,901.2847,1 3,North,2,2,1
3,3,9,4,901.8615,2 3,North,2,2,1
3,3,9,1,902.3995,2 2,North,2,2,1
3,3,9,6,902.8,2 2,North,2,3,1
3,3,9,2,903.2825,1 2,North,2,3,1
3,3,9,1,904.1111,1 2,North,2,3,2
3,3,9,2,904.5617,0 2,North,2,3,2
3,3,9,1,905.1228,0 1,North,2,3,2
3,3,9,1,905.7137,0 0,North,2,3,2
3,3,9,6,906.12,0 0,North,2,4,2
3,3,9,3,906.2543,0 1,North,2,4,2
3,3,9,3,906.783,0 2,North,2,4,2
3,3,9,4,907.3741,1 2,North,2,4,2
3,3,9,6,907.74,1 2,North,2,5,2
3,3,9,4,907.9224,2 2,North,2,5,2
3,3,9,3,908.4991,2 3,North,2,5,2
3,3,9,2,909.072,1 3,North,2,5,2
3,3,9,3,910.1633,1 4,North,2,5,2
3,3,9,4,910.7476,2 4,North,2,5,2
3,3,9,4,911.2809,3 4,North,2,5,2
3,3,9,4,911.8416,4 4,North,2,5,2
3,3,9,1,912.3862,4 3,North,2,5,2
3,3,9,1,912.9591,4 2,North,2,5,2
3,3,9,2,913.5913,3 2,North,2,5,2
3,3,9,1,914.2711,3 1,North,2,5,2
3,3,9,2,914.7893,2 1,North,2,5,2
3,3,9,6,915.16,2 1,North,2,6,2
3,3,9,4,916.0677,3 1,North,2,6,2
3,3,9,3,917.0096,3 2,North,2,6,2
3,3,9,4,917.5558,4 2,North,2,6,2
3,3,9,3,918.1154,4 3,North,2,6,2
3,3,9,3,918.6568,4 4,North,2,6,2
3,3,9,2,919.1714,3 4,North,2,6,2
3,3,9,2,919.7307,2 4,North,2,6,2
3,3,9,2,920.3497,1 4,North,2,6,2
3,3,9,1,920.9142,1 3,North,2,6,2
3,3,9,1,921.4368,1 3,North,2,6,3
3,3,9,4,921.8888,2 3,North,2,6,3
3,3,9,1,922.7239,2 2,North,2,6,3
3,3,9,2,923.2475,1 2,North,2,6,3
3,3,9,2,923.8428,0 2,North,2,6,3
3,3,9,6,924.22,0 2,North,2,7,3
3,3,9,4,924.4368,1 2,North,2,7,3
3,3,9,4,925.473,2 2,North,2,7,3
3,3,9,3,926.0503,2 3,North,2,7,3
3,3,9,2,926.6433,1 3,North,2,7,3
3,3,9,3,927.1851,1 4,North,2,7,3
3,3,9,4,927.7275,2 4,North,2,7,3
3,3,9,4,928.3409,3 4,North,2,7,3
3,3,9,4,928.8777,4 4,North,2,7,3
3,3,9,1,929.407,4 3,North,2,7,3
3,3,9,1,929.9393,4 2,North,2,7,3
3,3,9,2,930.5594,3 2,North,2,7,3
3,3,9,1,931.1191,3 1,North,2,7,3
3,3,9,2,931.9683,2 1,North,2,7,3
3,3,9,2,932.9398,1 1,North,2,7,3
3,3,9,1,933.5233,1 0,North,2,7,3
3,3,9,4,934.1164,2 0,North,2,7,3
3,3,9,4,934.6882,3 0,North,2,7,3
3,3,9,4,935.2839,4 0,North,2,7,3
3,3,9,6,935.64,4 0,North,2,8,3
0,4,10,1,938.6771,4 4,West,2,0,3
0,4,10,2,939.199,4 3,West,2,0,3
0,4,10,2,939.7563,4 2,West,2,0,3
0,4,10,3,940.3861,4 2,North,2,0,3
0,4,10,2,940.9271,3 2,North,2,0,3
0,4,10,1,941.4852,3 2,West,2,0,3
0,4,10,2,942.0442,3 1,West,2,0,3
0,4,10,3,942.5721,3 1,North,2,0,3
0,4,10,2,943.1694,2 1,North,2,0,3
0,4,10,2,943.7288,1 1,North,2,0,3
0,4,10,1,944.2573,1 1,West,2,0,3
0,4,10,2,944.7964,1 0,West,2,0,3
0,4,10,1,945.365,1 0,South,2,0,3
0,4,10,1,946.1744,1 0,East,2,0,3
0,4,10,2,946.7537,1 1,East,2,0,3
0,4,10,3,947.2958,1 1,South,2,0,3
0,4,10,2,947.8269,2 1,South,2,0,3
0,4,10,2,948.3493,3 1,South,2,0,3
0,4,10,1,948.8951,3 1,East,2,0,3
0,4,10,2,949.4228,3 2,East,2,0,3
0,4,10,3,949.9558,3 2,South,2,0,3
0,4,10,2,950.5128,4 2,South,2,0,3
0,4,10,1,951.0546,4 2,East,2,0,3
0,4,10,2,951.62,4 3,East,2,0,3
0,4,10,2,952.1609,4 4,East,2,0,3
0,4,10,1,952.7171,4 4,North,2,0,3
0,4,10,2,953.2354,3 4,North,2,0,3
0,4,10,2,954.1259,2 4,North,2,0,3
0,4,10,2,954.725,1 4,North,2,0,3
0,4,10,1,955.2836,1 4,West,2,0,3
0,4,10,2,956.1937,1 3,West,2,0,3
0,4,10,6,956.6,1 3,West,2,1,3
0,4,10,1,956.734,1 3,South,2,1,3
0,4,10,2,957.2967,2 3,South,2,1,3
0,4,10,3,957.8571,2 3,West,2,1,3
0,4,10,2,958.3671,2 2,West,2,1,3
0,4,10,3,959.2167,2 2,North,2,1,3
0,4,10,2,959.7474,1 2,North,2,1,3
0,4,10,2,960.2691,0 2,North,2,1,3
0,4,10,1,961.1957,0 2,West,2,1,3
0,4,10,1,961.7452,0 2,South,2,1,3
0,4,10,2,962.3229,1 2,South,2,1,3
0,4,10,2,962.8479,2 2,South,2,1,3
0,4,10,1,963.4362,2 2,East,2,1,3
0,4,10,2,963.997,2 3,East,2,1,3
0,4,10,1,964.5733,2 3,North,2,1,3
0,4,10,2,965.1389,1 3,North,2,1,3
0,4,10,3,965.7166,1 3,East,2,1,3
0,4,10,2,966.3209,1 4,East,2,1,3
0,4,10,3,966.8688,1 4,South,2,1,3
0,4,10,2,967.3958,2 4,South,2,1,3
0,4,10,2,968.5881,3 4,South,2,1,3
0,4,10,2,969.1365,4 4,South,2,1,3
0,4,10,3,969.6822,4 4,West,2,1,3
0,4,10,2,970.5909,4 3,West,2,1,3
0,4,10,2,971.1231,4 2,West,2,1,3
0,4,10,3,971.7006,4 2,North,2,1,3
0,4,10,2,972.2093,3 2,North,2,1,3
0,4,10,1,972.7482,3 2,West,2,1,3
0,4,10,2,973.28,3 1,West,2,1,3
0,4,10,3,973.84,3 1,North,2,1,3
0,4,10,2,974.3712,2 1,North,2,1,3
0,4,10,2,974.8957,1 1,North,2,1,3
0,4,10,1,975.4931,1 1,West,2,1,3
0,4,10,2,976.0325,1 0,West,2,1,3
0,4,10,1,976.5554,1 0,South,2,1,3
0,4,10,2,977.071,2 0,South,2,1,3
0,4,10,6,977.46,2 0,South,2,2,3
0,4,10,2,977.582,3 0,South,2,2,3
0,4,10,2,978.1398,4 0,South,2,2,3
0,4,10,1,978.6565,4 0,East,2,2,3
0,4,10,1,979.2495,4 0,North,2,2,3
0,4,10,2,979.794,3 0,North,2,2,3
0,4,10,2,980.6522,2 0,North,2,2,3
0,4,10,2,981.1823,1 0,North,2,2,3
0,4,10,3,981.7292,1 0,East,2,2,3
0,4,10,2,982.2887,1 1,East,2,2,3
0,4,10,3,982.8032,1 1,South,2,2,3
0,4,10,2,983.7155,2 1,South,2,2,3
0,4,10,2,984.2676,3 1,South,2,2,3
0,4,10,1,984.7978,3 1,East,2,2,3
0,4,10,2,985.3655,3 2,East,2,2,3
0,4,10,3,986.2379,3 2,South,2,2,3
0,4,10,2,986.7527,4 2,South,2,2,3
0,4,10,6,987.12,4 2,South,2,3,3
0,4,10,3,987.3245,4 2,West,2,3,3
0,4,10,3,987.8431,4 2,North,2,3,3
0,4,10,2,988.4005,3 2,North,2,3,3
0,4,10,1,988.9402,3 2,West,2,3,3
0,4,10,2,989.5013,3 1,West,2,3,3
0,4,10,3,990.0331,3 1,North,2,3,3
0,4,10,2,990.869,2 1,North,2,3,3
0,4,10,2,991.8522,1 1,North,2,3,3
0,4,10,1,992.3872,1 1,West,2,3,3
0,4,10,2,992.8976,1 0,West,2,3,3
0,4,10,1,993.4382,1 0,South,2,3,3
0,4,10,1,994.0613,1 0,East,2,3,3
0,4,10,2,994.658,1 1,East,2,3,3
0,4,10,3,995.2203,1 1,South,2,3,3
0,4,10,2,995.7892,2 1,South,2,3,3
0,4,10,2,996.3195,3 1,South,2,3,3
0,4,10,1,996.8483,3 1,East,2,3,3
0,4,10,2,997.3786,3 2,East,2,3,3
0,4,10,3,997.9515,3 2,South,2,3,3
0,4,10,2,998.4635,4 2,South,2,3,3
0,4,10,1,999.0132,4 2,East,2,3,3
0,4,10,2,999.8694,4 3,East,2,3,3
0,4,10,2,1000.401,4 4,East,2,3,3
0,4,10,1,1000.96,4 4,North,2,3,3
0,4,10,2,1001.509,3 4,North,2,3,3
0,4,10,2,1002.048,2 4,North,2,3,3
0,4,10,2,1002.636,1 4,North,2,3,3
0,4,10,1,1003.201,1 4,West,2,3,3
0,4,10,2,1003.73,1 3,West,2,3,3
0,4,10,1,1004.308,1 3,South,2,3,3
0,4,10,2,1004.862,2 3,South,2,3,3
0,4,10,3,1005.458,2 3,West,2,3,3
0,4,10,2,1005.982,2 2,West,2,3,3
0,4,10,3,1006.579,2 2,North,2,3,3
0,4,10,2,1007.104,1 2,North,2,3,3
0,4,10,2,1007.634,0 2,North,2,3,3
0,4,10,1,1008.255,0 2,West,2,3,3
0,4,10,2,1008.849,0 1,West,2,3,3
0,4,10,2,1009.379,0 0,West,2,3,3
0,4,10,6,1009.78,0 0,West,2,4,3
0,4,10,1,1009.941,0 0,South,2,4,3
0,4,10,2,1010.609,0 0,South,2,4,3
0,4,10,1,1011.073,0 0,East,2,4,3
0,4,10,2,1011.616,0 1,East,2,4,3
0,4,10,2,1012.172,0 2,East,2,4,3
0,4,10,3,1012.757,0 2,South,2,4,3
0,4,10,2,1013.647,1 2,South,2,4,3
0,4,10,2,1014.209,2 2,South,2,4,3
0,4,10,1,1014.77,2 2,East,2,4,3
0,4,10,2,1015.31,2 3,East,2,4,3
0,4,10,1,1015.91,2 3,North,2,4,3
0,4,10,2,1016.445,1 3,North,2,4,3
0,4,10,3,1017.028,1 3,East,2,4,3
0,4,10,2,1017.539,1 4,East,2,4,3
0,4,10,6,1017.94,1 4,East,2,5,3
0,4,10,3,1018.125,1 4,South,2,5,3
0,4,10,3,1018.644,1 4,West,2,5,3
0,4,10,2,1019.391,1 3,West,2,5,3
0,4,10,1,1019.919,1 3,South,2,5,3
0,4,10,2,1020.527,2 3,South,2,5,3
0,4,10,3,1021.04,2 3,West,2,5,3
0,4,10,2,1021.6,2 2,West,2,5,3
0,4,10,3,1022.132,2 2,North,2,5,3
0,4,10,2,1022.719,1 2,North,2,5,3
0,4,10,2,1023.28,0 2,North,2,5,3
0,4,10,1,1023.827,0 2,West,2,5,3
0,4,10,1,1024.817,0 2,South,2,5,3
0,4,10,2,1025.455,1 2,South,2,5,3
0,4,10,2,1026.036,2 2,South,2,5,3
0,4,10,1,1026.606,2 2,East,2,5,3
0,4,10,2,1027.136,2 3,East,2,5,3
0,4,10,1,1027.745,2 3,North,2,5,3
0,4,10,2,1028.337,1 3,North,2,5,3
0,4,10,3,1028.865,1 3,East,2,5,3
0,4,10,2,1029.458,1 4,East,2,5,3
0,4,10,3,1029.999,1 4,South,2,5,3
0,4,10,2,1030.878,2 4,South,2,5,3
0,4,10,2,1031.39,3 4,South,2,5,3
0,4,10,2,1032.11,4 4,South,2,5,3
0,4,10,3,1032.686,4 4,West,2,5,3
0,4,10,2,1033.603,4 3,West,2,5,3
0,4,10,2,1034.113,4 2,West,2,5,3
0,4,10,3,1034.69,4 2,North,2,5,3
0,4,10,2,1035.23,3 2,North,2,5,3
0,4,10,1,1036.18,3 2,West,2,5,3
0,4,10,2,1036.733,3 1,West,2,5,3
0,4,10,3,1037.314,3 1,North,2,5,3
0,4,10,2,1037.893,2 1,North,2,5,3
0,4,10,2,1038.451,1 1,North,2,5,3
0,4,10,1,1039.012,1 1,West,2,5,3
0,4,10,2,1039.901,1 0,West,2,5,3
0,4,10,1,1040.466,1 0,South,2,5,3
0,4,10,2,1041.024,2 0,South,2,5,3
0,4,10,2,1041.565,3 0,South,2,5,3
0,4,10,2,1042.13,4 0,South,2,5,3
0,4,10,1,1042.685,4 0,East,2,5,3
0,4,10,2,1043.197,4 1,East,2,5,3
0,4,10,6,1043.6,4 1,East,2,6,3
0,4,10,1,1043.778,4 1,North,2,6,3
0,4,10,1,1044.303,4 1,West,2,6,3
0,4,10,2,1044.946,4 0,West,2,6,3
0,4,10,3,1045.537,4 0,North,2,6,3
0,4,10,2,1046.084,3 0,North,2,6,3
0,4,10,2,1046.658,2 0,North,2,6,3
0,4,10,2,1047.666,1 0,North,2,6,3
0,4,10,3,1048.194,1 0,East,2,6,3
0,4,10,2,1048.723,1 1,East,2,6,3
0,4,10,3,1049.316,1 1,South,2,6,3
0,4,10,2,1049.854,2 1,South,2,6,3
0,4,10,2,1050.849,3 1,South,2,6,3
0,4,10,1,1051.395,3 1,East,2,6,3
0,4,10,2,1052.208,3 2,East,2,6,3
0,4,10,3,1052.814,3 2,South,2,6,3
0,4,10,2,1053.39,4 2,South,2,6,3
0,4,10,1,1053.956,4 2,East,2,6,3
0,4,10,2,1054.556,4 3,East,2,6,3
0,4,10,2,1055.181,4 4,East,2,6,3
0,4,10,1,1055.779,4 4,North,2,6,3
0,4,10,2,1056.333,3 4,North,2,6,3
0,4,10,2,1056.911,2 4,North,2,6,3
0,4,10,6,1057.3,2 4,North,2,7,3
0,4,10,2,1057.49,1 4,North,2,7,3
0,4,10,2,1058.422,0 4,North,2,7,3
0,4,10,6,1058.8,0 4,North,2,8,3
3,4,10,1,1063.717,4 3,North,2,0,0
3,4,10,1,1064.238,4 2,North,2,0,0
3,4,10,6,1064.64,4 2,North,2,1,0
3,4,10,3,1065.053,4 3,North,2,1,0
3,4,10,3,1066.05,4 4,North,2,1,0
3,4,10,2,1066.592,3 4,North,2,1,0
3,4,10,2,1067.201,2 4,North,2,1,0
3,4,10,2,1067.749,1 4,North,2,1,0
3,4,10,1,1068.322,1 3,North,2,1,0
3,4,10,6,1068.72,1 3,North,2,2,0
3,4,10,3,1069.072,1 4,North,2,2,0
3,4,10,4,1069.604,2 4,North,2,2,0
3,4,10,6,1069.96,2 4,North,2,3,0
3,4,10,4,1070.302,3 4,North,2,3,0
3,4,10,4,1070.818,4 4,North,2,3,0
3,4,10,1,1071.633,4 3,North,2,3,0
3,4,10,1,1072.173,4 2,North,2,3,0
3,4,10,2,1072.771,3 2,North,2,3,0
3,4,10,1,1073.341,3 1,North,2,3,0
3,4,10,2,1074.255,2 1,North,2,3,0
3,4,10,2,1074.846,1 1,North,2,3,0
3,4,10,1,1075.422,1 0,North,2,3,0
3,4,10,4,1076.094,2 0,North,2,3,0
3,4,10,4,1077.007,3 0,North,2,3,0
3,4,10,6,1077.36,3 0,North,2,4,0
3,4,10,2,1077.635,2 0,North,2,4,0
3,4,10,2,1078.58,1 0,North,2,4,0
3,4,10,3,1079.15,1 1,North,2,4,0
3,4,10,4,1079.745,2 1,North,2,4,0
3,4,10,3,1080.402,2 1,North,2,4,1
3,4,10,4,1080.946,3 1,North,2,4,1
3,4,10,3,1081.488,3 2,North,2,4,1
3,4,10,4,1082.161,4 2,North,2,4,1
3,4,10,3,1082.738,4 3,North,2,4,1
3,4,10,3,1083.279,4 4,North,2,4,1
3,4,10,2,1083.844,3 4,North,2,4,1
3,4,10,2,1084.381,2 4,North,2,4,1
3,4,10,2,1084.948,1 4,North,2,4,1
3,4,10,1,1085.469,1 3,North,2,4,1
3,4,10,4,1086.209,2 3,North,2,4,1
3,4,10,1,1086.801,2 2,North,2,4,1
3,4,10,6,1087.2,2 2,North,2,5,1
3,4,10,3,1087.365,2 3,North,2,5,1
3,4,10,2,1087.917,1 3,North,2,5,1
3,4,10,3,1088.517,1 4,North,2,5,1
3,4,10,6,1088.92,1 4,North,2,6,1
3,4,10,1,1089.302,1 3,North,2,6,1
3,4,10,3,1090.222,1 4,North,2,6,1
3,4,10,4,1090.828,2 4,North,2,6,1
3,4,10,4,1091.39,3 4,North,2,6,1
3,4,10,4,1091.938,4 4,North,2,6,1
3,4,10,1,1092.496,4 3,North,2,6,1
3,4,10,1,1093.059,4 2,North,2,6,1
3,4,10,1,1093.773,4 2,North,2,6,2
3,4,10,2,1094.191,3 2,North,2,6,2
3,4,10,1,1094.781,3 1,North,2,6,2
3,4,10,2,1095.3,2 1,North,2,6,2
3,4,10,1,1095.905,2 1,North,2,6,3
3,4,10,2,1096.318,1 1,North,2,6,3
3,4,10,1,1096.849,1 0,North,2,6,3
3,4,10,4,1097.455,2 0,North,2,6,3
3,4,10,6,1097.82,2 0,North,2,7,3
3,4,10,2,1098.276,1 0,North,2,7,3
3,4,10,3,1099.133,1 1,North,2,7,3
3,4,10,4,1099.696,2 1,North,2,7,3
3,4,10,4,1100.22,3 1,North,2,7,3
3,4,10,3,1100.751,3 2,North,2,7,3
3,4,10,4,1101.314,4 2,North,2,7,3
3,4,10,3,1102.237,4 3,North,2,7,3
3,4,10,3,1102.815,4 4,North,2,7,3
3,4,10,2,1103.389,3 4,North,2,7,3
3,4,10,2,1104.382,2 4,North,2,7,3
3,4,10,2,1104.981,1 4,North,2,7,3
3,4,10,1,1105.597,1 3,North,2,7,3
3,4,10,4,1106.213,2 3,North,2,7,3
3,4,10,6,1106.58,2 3,North,2,8,3
0,4,11,1,1109.841,4 4,West,2,0,3
0,4,11,2,1110.384,4 3,West,2,0,3
0,4,11,2,1110.912,4 2,West,2,0,3
0,4,11,3,1111.472,4 2,North,2,0,3
0,4,11,2,1111.983,3 2,North,2,0,3
0,4,11,3,1112.605,3 2,East,2,0,3
0,4,11,2,1113.139,3 3,East,2,0,3
0,4,11,6,1113.54,3 3,East,2,1,3
0,4,11,1,1113.725,3 3,North,2,1,3
0,4,11,1,1114.287,3 3,West,2,1,3
0,4,11,2,1114.818,3 2,West,2,1,3
0,4,11,1,1115.423,3 2,South,2,1,3
0,4,11,3,1115.999,3 2,West,2,1,3
0,4,11,2,1116.524,3 1,West,2,1,3
0,4,11,3,1117.054,3 1,North,2,1,3
0,4,11,2,1117.63,2 1,North,2,1,3
0,4,11,2,1118.512,1 1,North,2,1,3
0,4,11,6,1118.9,1 1,North,2,2,3
0,4,11,1,1119.428,1 1,West,2,2,3
0,4,11,2,1120.37,1 0,West,2,2,3
0,4,11,1,1120.977,1 0,South,2,2,3
0,4,11,2,1121.582,2 0,South,2,2,3
0,4,11,2,1122.129,3 0,South,2,2,3
0,4,11,1,1122.787,3 0,East,2,2,3
0,4,11,1,1123.412,3 0,North,2,2,3
0,4,11,2,1124.034,2 0,North,2,2,3
0,4,11,2,1124.581,1 0,North,2,2,3
0,4,11,3,1125.166,1 0,East,2,2,3
0,4,11,2,1125.716,1 1,East,2,2,3
0,4,11,3,1126.335,1 1,South,2,2,3
0,4,11,2,1126.849,2 1,South,2,2,3
0,4,11,2,1127.379,3 1,South,2,2,3
0,4,11,1,1128.001,3 1,East,2,2,3
0,4,11,2,1128.917,3 2,East,2,2,3
0,4,11,3,1129.438,3 2,South,2,2,3
0,4,11,2,1129.95,4 2,South,2,2,3
0,4,11,1,1130.549,4 2,East,2,2,3
0,4,11,2,1131.123,4 3,East,2,2,3
0,4,11,2,1131.661,4 4,East,2,2,3
0,4,11,1,1132.189,4 4,North,2,2,3
0,4,11,2,1132.739,3 4,North,2,2,3
0,4,11,2,1133.267,2 4,North,2,2,3
0,4,11,2,1133.812,1 4,North,2,2,3
0,4,11,1,1134.367,1 4,West,2,2,3
0,4,11,2,1134.962,1 3,West,2,2,3
0,4,11,1,1135.521,1 3,South,2,2,3
0,4,11,2,1136.07,2 3,South,2,2,3
0,4,11,3,1136.621,2 3,West,2,2,3
0,4,11,2,1137.168,2 2,West,2,2,3
0,4,11,6,1137.58,2 2,West,2,3,3
0,4,11,3,1137.695,2 2,North,2,3,3
0,4,11,2,1138.255,1 2,North,2,3,3
0,4,11,2,1139.248,0 2,North,2,3,3
0,4,11,1,1139.76,0 2,West,2,3,3
0,4,11,2,1140.676,0 1,West,2,3,3
0,4,11,6,1141.08,0 1,West,2,4,3
0,4,11,1,1141.199,0 1,South,2,4,3
0,4,11,1,1141.794,0 1,East,2,4,3
0,4,11,2,1142.4,0 2,East,2,4,3
0,4,11,3,1142.948,0 2,South,2,4,3
0,4,11,2,1143.468,1 2,South,2,4,3
0,4,11,2,1144.048,2 2,South,2,4,3
0,4,11,1,1144.589,2 2,East,2,4,3
0,4,11,2,1145.109,2 3,East,2,4,3
0,4,11,1,1145.711,2 3,North,2,4,3
0,4,11,2,1146.273,1 3,North,2,4,3
0,4,11,3,1146.897,1 3,East,2,4,3
0,4,11,2,1147.442,1 4,East,2,4,3
0,4,11,1,1148.082,1 4,North,2,4,3
0,4,11,1,1148.607,1 4,West,2,4,3
0,4,11,1,1149.148,1 4,South,2,4,3
0,4,11,2,1149.676,2 4,South,2,4,3
0,4,11,2,1150.576,3 4,South,2,4,3
0,4,11,2,1151.107,4 4,South,2,4,3
0,4,11,3,1151.728,4 4,West,2,4,3
0,4,11,2,1152.589,4 3,West,2,4,3
0,4,11,6,1153,4 3,West,2,5,3
0,4,11,2,1153.119,4 2,West,2,5,3
0,4,11,3,1153.716,4 2,North,2,5,3
0,4,11,2,1154.625,3 2,North,2,5,3
0,4,11,1,1155.173,3 2,West,2,5,3
0,4,11,2,1155.762,3 1,West,2,5,3
0,4,11,3,1156.388,3 1,North,2,5,3
0,4,11,2,1156.898,2 1,North,2,5,3
0,4,11,2,1157.484,1 1,North,2,5,3
0,4,11,1,1158.092,1 1,West,2,5,3
0,4,11,2,1158.989,1 0,West,2,5,3
0,4,11,1,1159.554,1 0,South,2,5,3
0,4,11,2,1160.128,2 0,South,2,5,3
0,4,11,2,1160.668,3 0,South,2,5,3
0,4,11,2,1161.262,4 0,South,2,5,3
0,4,11,1,1161.892,4 0,East,2,5,3
0,4,11,1,1162.466,4 0,North,2,5,3
0,4,11,2,1163.054,3 0,North,2,5,3
0,4,11,2,1163.585,2 0,North,2,5,3
0,4,11,2,1164.483,1 0,North,2,5,3
0,4,11,3,1165.005,1 0,East,2,5,3
0,4,11,2,1165.517,1 1,East,2,5,3
0,4,11,3,1166.191,1 1,South,2,5,3
0,4,11,2,1167.005,2 1,South,2,5,3
0,4,11,2,1167.601,3 1,South,2,5,3
0,4,11,1,1168.147,3 1,East,2,5,3
0,4,11,2,1168.674,3 2,East,2,5,3
0,4,11,3,1169.199,3 2,South,2,5,3
0,4,11,2,1169.758,4 2,South,2,5,3
0,4,11,1,1170.333,4 2,East,2,5,3
0,4,11,2,1170.941,4 3,East,2,5,3
0,4,11,2,1171.458,4 4,East,2,5,3
0,4,11,1,1172.015,4 4,North,2,5,3
0,4,11,2,1172.852,3 4,North,2,5,3
0,4,11,2,1173.407,2 4,North,2,5,3
0,4,11,2,1174.028,1 4,North,2,5,3
0,4,11,1,1174.574,1 4,West,2,5,3
0,4,11,2,1175.09,1 3,West,2,5,3
0,4,11,1,1175.694,1 3,South,2,5,3
0,4,11,2,1176.259,2 3,South,2,5,3
0,4,11,3,1176.913,2 3,West,2,5,3
0,4,11,2,1177.461,2 2,West,2,5,3
0,4,11,3,1177.998,2 2,North,2,5,3
0,4,11,2,1178.564,1 2,North,2,5,3
0,4,11,2,1179.102,0 2,North,2,5,3
0,4,11,6,1179.48,0 2,North,2,6,3
0,4,11,1,1179.663,0 2,West,2,6,3
0,4,11,1,1180.19,0 2,South,2,6,3
0,4,11,2,1180.738,1 2,South,2,6,3
0,4,11,2,1181.308,2 2,South,2,6,3
0,4,11,1,1181.906,2 2,East,2,6,3
0,4,11,2,1182.802,2 3,East,2,6,3
0,4,11,1,1183.343,2 3,North,2,6,3
0,4,11,2,1183.917,1 3,North,2,6,3
0,4,11,3,1184.499,1 3,East,2,6,3
0,4,11,2,1185.136,1 4,East,2,6,3
0,4,11,1,1185.698,1 4,North,2,6,3
0,4,11,1,1186.273,1 4,West,2,6,3
0,4,11,1,1186.875,1 4,South,2,6,3
0,4,11,2,1187.422,2 4,South,2,6,3
0,4,11,2,1187.951,3 4,South,2,6,3
0,4,11,2,1188.542,4 4,South,2,6,3
0,4,11,3,1189.058,4 4,West,2,6,3
0,4,11,2,1189.681,4 3,West,2,6,3
0,4,11,2,1190.208,4 2,West,2,6,3
0,4,11,3,1190.772,4 2,North,2,6,3
0,4,11,2,1191.329,3 2,North,2,6,3
0,4,11,1,1191.86,3 2,West,2,6,3
0,4,11,2,1192.463,3 1,West,2,6,3
0,4,11,3,1192.976,3 1,North,2,6,3
0,4,11,2,1193.572,2 1,North,2,6,3
0,4,11,2,1194.547,1 1,North,2,6,3
0,4,11,1,1195.107,1 1,West,2,6,3
0,4,11,2,1195.636,1 0,West,2,6,3
0,4,11,6,1196.04,1 0,West,2,7,3
0,4,11,1,1196.27,1 0,South,2,7,3
0,4,11,1,1196.975,1 0,East,2,7,3
0,4,11,2,1197.63,1 1,East,2,7,3
0,4,11,3,1198.19,1 1,South,2,7,3
0,4,11,2,1198.702,2 1,South,2,7,3
0,4,11,2,1199.281,3 1,South,2,7,3
0,4,11,1,1199.868,3 1,East,2,7,3
0,4,11,2,1200.444,3 2,East,2,7,3
0,4,11,3,1201.003,3 2,South,2,7,3
0,4,11,2,1201.564,4 2,South,2,7,3
0,4,11,1,1202.125,4 2,East,2,7,3
0,4,11,2,1202.708,4 3,East,2,7,3
0,4,11,2,1203.264,4 4,East,2,7,3
0,4,11,1,1203.858,4 4,North,2,7,3
0,4,11,2,1204.435,3 4,North,2,7,3
0,4,11,2,1204.946,2 4,North,2,7,3
0,4,11,2,1205.521,1 4,North,2,7,3
0,4,11,1,1206.048,1 4,West,2,7,3
0,4,11,2,1206.645,1 3,West,2,7,3
0,4,11,1,1207.296,1 3,South,2,7,3
0,4,11,2,1207.855,2 3,South,2,7,3
0,4,11,3,1208.499,2 3,West,2,7,3
0,4,11,2,1209.424,2 2,West,2,7,3
0,4,11,3,1209.967,2 2,North,2,7,3
0,4,11,2,1210.544,1 2,North,2,7,3
0,4,11,6,1210.92,1 2,North,2,8,3
3,4,11,1,1216.176,4 3,North,2,0,0
3,4,11,1,1217.17,4 2,North,2,0,0
3,4,11,2,1217.861,3 2,North,2,0,0
3,4,11,4,1220.129,4 2,North,2,0,0
3,4,11,3,1220.676,4 3,North,2,0,0
3,4,11,3,1221.199,4 4,North,2,0,0
3,4,11,2,1221.788,3 4,North,2,0,0
3,4,11,2,1222.355,2 4,North,2,0,0
3,4,11,2,1222.914,1 4,North,2,0,0
3,4,11,1,1223.485,1 3,North,2,0,0
3,4,11,4,1224,2 3,North,2,0,0
3,4,11,1,1224.549,2 2,North,2,0,0
3,4,11,6,1224.96,2 2,North,2,1,0
3,4,11,3,1225.461,2 3,North,2,1,0
3,4,11,2,1226.404,1 3,North,2,1,0
3,4,11,3,1226.964,1 4,North,2,1,0
3,4,11,4,1227.518,2 4,North,2,1,0
3,4,11,4,1228.07,3 4,North,2,1,0
3,4,11,4,1228.659,4 4,North,2,1,0
3,4,11,1,1229.539,4 3,North,2,1,0
3,4,11,1,1230.114,4 2,North,2,1,0
3,4,11,2,1230.771,3 2,North,2,1,0
3,4,11,1,1231.332,3 1,North,2,1,0
3,4,11,2,1231.933,2 1,North,2,1,0
3,4,11,2,1232.453,1 1,North,2,1,0
3,4,11,1,1233.037,1 0,North,2,1,0
3,4,11,6,1233.44,1 0,North,2,2,0
3,4,11,3,1233.635,1 1,North,2,2,0
3,4,11,4,1234.146,2 1,North,2,2,0
3,4,11,4,1234.703,3 1,North,2,2,0
3,4,11,3,1235.231,3 2,North,2,2,0
3,4,11,4,1236.239,4 2,North,2,2,0
3,4,11,3,1236.766,4 3,North,2,2,0
3,4,11,3,1237.344,4 4,North,2,2,0
3,4,11,2,1237.917,3 4,North,2,2,0
3,4,11,2,1238.868,2 4,North,2,2,0
3,4,11,2,1239.426,1 4,North,2,2,0
3,4,11,1,1240.028,1 3,North,2,2,0
3,4,11,4,1240.56,2 3,North,2,2,0
3,4,11,1,1241.118,2 2,North,2,2,0
3,4,11,2,1241.66,1 2,North,2,2,0
3,4,11,2,1242.206,0 2,North,2,2,0
3,4,11,6,1242.6,0 2,North,2,3,0
3,4,11,4,1242.837,1 2,North,2,3,0
3,4,11,4,1243.709,2 2,North,2,3,0
3,4,11,3,1244.292,2 3,North,2,3,0
3,4,11,2,1244.897,1 3,North,2,3,0
3,4,11,3,1245.476,1 4,North,2,3,0
3,4,11,4,1246.03,2 4,North,2,3,0
3,4,11,4,1246.678,3 4,North,2,3,0
3,4,11,4,1247.265,4 4,North,2,3,0
3,4,11,1,1248.133,4 3,North,2,3,0
3,4,11,1,1248.686,4 2,North,2,3,0
3,4,11,2,1249.359,3 2,North,2,3,0
3,4,11,3,1249.999,3 3,North,2,3,0
3,4,11,6,1250.4,3 3,North,2,4,0
3,4,11,1,1250.624,3 2,North,2,4,0
3,4,11,4,1251.185,4 2,North,2,4,0
3,4,11,3,1251.766,4 3,North,2,4,0
3,4,11,3,1252.307,4 4,North,2,4,0
3,4,11,2,1252.88,3 4,North,2,4,0
3,4,11,2,1253.408,2 4,North,2,4,0
3,4,11,2,1253.957,1 4,North,2,4,0
3,4,11,1,1254.718,1 3,North,2,4,0
3,4,11,4,1255.292,2 3,North,2,4,0
3,4,11,1,1255.869,2 2,North,2,4,0
3,4,11,2,1256.42,1 2,North,2,4,0
3,4,11,2,1256.996,0 2,North,2,4,0
3,4,11,1,1257.583,0 1,North,2,4,0
3,4,11,6,1258,0 1,North,2,5,0
3,4,11,3,1258.134,0 2,North,2,5,0
3,4,11,4,1258.662,1 2,North,2,5,0
3,4,11,4,1259.696,2 2,North,2,5,0
3,4,11,3,1260.259,2 3,North,2,5,0
3,4,11,2,1260.884,1 3,North,2,5,0
3,4,11,3,1261.475,1 4,North,2,5,0
3,4,11,4,1262.061,2 4,North,2,5,0
3,4,11,4,1262.915,3 4,North,2,5,0
3,4,11,6,1263.28,3 4,North,2,6,0
3,4,11,4,1263.878,4 4,North,2,6,0
3,4,11,1,1264.989,4 3,North,2,6,0
3,4,11,1,1265.52,4 2,North,2,6,0
3,4,11,2,1266.127,3 2,North,2,6,0
3,4,11,1,1266.737,3 1,North,2,6,0
3,4,11,2,1267.266,2 1,North,2,6,0
3,4,11,2,1267.829,1 1,North,2,6,0
3,4,11,6,1268.22,1 1,North,2,7,0
3,4,11,4,1268.572,2 1,North,2,7,0
3,4,11,2,1269.365,1 1,North,2,7,0
3,4,11,1,1269.936,1 0,North,2,7,0
3,4,11,4,1270.783,2 0,North,2,7,0
3,4,11,4,1271.311,3 0,North,2,7,0
3,4,11,4,1271.884,4 0,North,2,7,0
3,4,11,3,1272.526,4 1,North,2,7,0
3,4,11,6,1272.92,4 1,North,2,8,0
0,4,12,2,1275.986,3 4,North,2,0,0
0,4,12,6,1276.36,3 4,North,2,1,0
0,4,12,1,1276.708,3 4,West,2,1,0
0,4,12,1,1277.278,3 4,South,2,1,0
0,4,12,2,1277.872,4 4,South,2,1,0
0,4,12,3,1278.445,4 4,West,2,1,0
0,4,12,2,1278.993,4 3,West,2,1,0
0,4,12,2,1279.582,4 2,West,2,1,0
0,4,12,3,1280.129,4 2,North,2,1,0
0,4,12,2,1280.669,3 2,North,2,1,0
0,4,12,1,1281.265,3 2,West,2,1,0
0,4,12,2,1282.175,3 1,West,2,1,0
0,4,12,3,1282.781,3 1,North,2,1,0
0,4,12,2,1283.411,2 1,North,2,1,0
0,4,12,2,1283.924,1 1,North,2,1,0
0,4,12,1,1284.477,1 1,West,2,1,0
0,4,12,2,1285.004,1 0,West,2,1,0
0,4,12,1,1285.585,1 0,South,2,1,0
0,4,12,1,1286.244,1 0,East,2,1,0
0,4,12,2,1286.878,1 1,East,2,1,0
0,4,12,3,1287.42,1 1,South,2,1,0
0,4,12,2,1287.966,2 1,South,2,1,0
0,4,12,2,1288.557,3 1,South,2,1,0
0,4,12,1,1289.184,3 1,East,2,1,0
0,4,12,2,1289.777,3 2,East,2,1,0
0,4,12,3,1290.403,3 2,South,2,1,0
0,4,12,2,1290.99,4 2,South,2,1,0
0,4,12,1,1291.505,4 2,East,2,1,0
0,4,12,2,1292.1,4 3,East,2,1,0
0,4,12,2,1292.684,4 4,East,2,1,0
0,4,12,1,1293.248,4 4,North,2,1,0
0,4,12,2,1293.796,3 4,North,2,1,0
0,4,12,2,1294.372,2 4,North,2,1,0
0,4,12,2,1294.964,1 4,North,2,1,0
0,4,12,1,1295.521,1 4,West,2,1,0
0,4,12,3,1296.175,1 4,North,2,1,0
0,4,12,2,1296.723,0 4,North,2,1,0
0,4,12,1,1297.326,0 4,West,2,1,0
0,4,12,2,1297.853,0 3,West,2,1,0
0,4,12,6,1298.26,0 3,West,2,2,0
0,4,12,1,1298.422,0 3,South,2,2,0
0,4,12,1,1299.042,0 3,East,2,2,0
0,4,12,2,1299.644,0 4,East,2,2,0
0,4,12,3,1300.192,0 4,South,2,2,0
0,4,12,2,1300.784,1 4,South,2,2,0
0,4,12,3,1301.397,1 4,West,2,2,0
0,4,12,2,1301.964,1 3,West,2,2,0
0,4,12,1,1302.59,1 3,South,2,2,0
0,4,12,2,1303.166,2 3,South,2,2,0
0,4,12,3,1303.726,2 3,West,2,2,0
0,4,12,2,1304.276,2 2,West,2,2,0
0,4,12,3,1305.15,2 2,North,2,2,0
0,4,12,2,1305.679,1 2,North,2,2,0
0,4,12,2,1306.21,0 2,North,2,2,0
0,4,12,1,1306.812,0 2,West,2,2,0
0,4,12,1,1307.424,0 2,South,2,2,0
0,4,12,2,1307.983,1 2,South,2,2,0
0,4,12,2,1308.563,2 2,South,2,2,0
0,4,12,1,1309.103,2 2,East,2,2,0
0,4,12,2,1309.666,2 3,East,2,2,0
0,4,12,1,1310.308,2 3,North,2,2,0
0,4,12,2,1310.885,1 3,North,2,2,0
0,4,12,3,1311.524,1 3,East,2,2,0
0,4,12,2,1312.149,1 4,East,2,2,0
0,4,12,3,1312.721,1 4,South,2,2,0
0,4,12,2,1313.285,2 4,South,2,2,0
0,4,12,2,1313.811,3 4,South,2,2,0
0,4,12,2,1314.324,4 4,South,2,2,0
0,4,12,3,1314.896,4 4,West,2,2,0
0,4,12,2,1315.471,4 3,West,2,2,0
0,4,12,2,1315.982,4 2,West,2,2,0
0,4,12,3,1316.559,4 2,North,2,2,0
0,4,12,2,1317.089,3 2,North,2,2,0
0,4,12,1,1317.648,3 2,West,2,2,0
0,4,12,2,1318.238,3 1,West,2,2,0
0,4,12,3,1318.837,3 1,North,2,2,0
0,4,12,2,1319.347,2 1,North,2,2,0
0,4,12,2,1319.909,1 1,North,2,2,0
0,4,12,1,1320.448,1 1,West,2,2,0
0,4,12,2,1321.04,1 0,West,2,2,0
0,4,12,1,1321.596,1 0,South,2,2,0
0,4,12,2,1322.4,2 0,South,2,2,0
0,4,12,2,1323.059,3 0,South,2,2,0
0,4,12,6,1323.42,3 0,South,2,3,0
0,4,12,1,1323.726,3 0,East,2,3,0
0,4,12,1,1324.318,3 0,North,2,3,0
0,4,12,2,1324.914,2 0,North,2,3,0
0,4,12,2,1325.51,1 0,North,2,3,0
0,4,12,3,1326.096,1 0,East,2,3,0
0,4,12,2,1326.636,1 1,East,2,3,0
0,4,12,3,1327.197,1 1,South,2,3,0
0,4,12,2,1327.709,2 1,South,2,3,0
0,4,12,6,1328.08,2 1,South,2,4,0
0,4,12,3,1328.275,2 1,West,2,4,0
0,4,12,3,1328.796,2 1,North,2,4,0
0,4,12,2,1329.381,1 1,North,2,4,0
0,4,12,1,1329.988,1 1,West,2,4,0
0,4,12,2,1330.564,1 0,West,2,4,0
0,4,12,1,1331.138,1 0,South,2,4,0
0,4,12,1,1332.223,1 0,East,2,4,0
0,4,12,2,1332.803,1 1,East,2,4,0
0,4,12,3,1333.372,1 1,South,2,4,0
0,4,12,2,1333.97,2 1,South,2,4,0
0,4,12,2,1334.492,3 1,South,2,4,0
0,4,12,1,1335.089,3 1,East,2,4,0
0,4,12,2,1335.664,3 2,East,2,4,0
0,4,12,6,1336.08,3 2,East,2,5,0
0,4,12,3,1336.257,3 2,South,2,5,0
0,4,12,3,1336.845,3 2,West,2,5,0
0,4,12,2,1337.47,3 1,West,2,5,0
0,4,12,3,1338.046,3 1,North,2,5,0
0,4,12,2,1338.606,2 1,North,2,5,0
0,4,12,2,1339.14,1 1,North,2,5,0
0,4,12,1,1339.648,1 1,West,2,5,0
0,4,12,2,1340.206,1 0,West,2,5,0
0,4,12,1,1340.732,1 0,South,2,5,0
0,4,12,1,1341.377,1 0,East,2,5,0
0,4,12,2,1341.937,1 1,East,2,5,0
0,4,12,3,1342.509,1 1,South,2,5,0
0,4,12,2,1343.037,2 1,South,2,5,0
0,4,12,2,1343.567,3 1,South,2,5,0
0,4,12,1,1344.099,3 1,East,2,5,0
0,4,12,2,1344.654,3 2,East,2,5,0
0,4,12,3,1345.186,3 2,South,2,5,0
0,4,12,2,1345.773,4 2,South,2,5,0
0,4,12,1,1346.317,4 2,East,2,5,0
0,4,12,2,1347.232,4 3,East,2,5,0
0,4,12,2,1347.741,4 4,East,2,5,0
0,4,12,1,1348.319,4 4,North,2,5,0
0,4,12,2,1348.848,3 4,North,2,5,0
0,4,12,2,1349.372,2 4,North,2,5,0
0,4,12,2,1349.986,1 4,North,2,5,0
0,4,12,1,1350.533,1 4,West,2,5,0
0,4,12,2,1351.122,1 3,West,2,5,0
0,4,12,1,1351.644,1 3,South,2,5,0
0,4,12,2,1352.224,2 3,South,2,5,0
0,4,12,6,1352.6,2 3,South,2,6,0
0,4,12,3,1353.136,2 3,West,2,6,0
0,4,12,2,1353.667,2 2,West,2,6,0
0,4,12,3,1354.226,2 2,North,2,6,0
0,4,12,2,1354.767,1 2,North,2,6,0
0,4,12,2,1355.347,0 2,North,2,6,0
0,4,12,1,1355.905,0 2,West,2,6,0
0,4,12,1,1356.461,0 2,South,2,6,0
0,4,12,2,1357.012,1 2,South,2,6,0
0,4,12,2,1357.568,2 2,South,2,6,0
0,4,12,1,1358.128,2 2,East,2,6,0
0,4,12,2,1358.677,2 3,East,2,6,0
0,4,12,1,1359.216,2 3,North,2,6,0
0,4,12,2,1359.775,1 3,North,2,6,0
0,4,12,3,1360.287,1 3,East,2,6,0
0,4,12,2,1360.861,1 4,East,2,6,0
0,4,12,1,1361.406,1 4,North,2,6,0
0,4,12,1,1361.954,1 4,West,2,6,0
0,4,12,1,1362.531,1 4,South,2,6,0
0,4,12,2,1363.087,2 4,South,2,6,0
0,4,12,2,1363.617,3 4,South,2,6,0
0,4,12,2,1364.48,4 4,South,2,6,0
0,4,12,3,1365.027,4 4,West,2,6,0
0,4,12,2,1365.566,4 3,West,2,6,0
0,4,12,2,1366.113,4 2,West,2,6,0
0,4,12,3,1366.644,4 2,North,2,6,0
0,4,12,2,1367.155,3 2,North,2,6,0
0,4,12,1,1367.695,3 2,West,2,6,0
0,4,12,2,1368.242,3 1,West,2,6,0
0,4,12,6,1368.66,3 1,West,2,7,0
0,4,12,3,1369.171,3 1,North,2,7,0
0,4,12,2,1369.823,2 1,North,2,7,0
0,4,12,2,1370.366,1 1,North,2,7,0
0,4,12,1,1370.925,1 1,West,2,7,0
0,4,12,2,1371.474,1 0,West,2,7,0
0,4,12,1,1372.033,1 0,South,2,7,0
0,4,12,2,1372.655,2 0,South,2,7,0
0,4,12,2,1373.469,3 0,South,2,7,0
0,4,12,2,1374.063,4 0,South,2,7,0
0,4,12,6,1374.44,4 0,South,2,8,0
3,4,12,2,1378.066,3 4,North,2,0,0
3,4,12,2,1378.605,2 4,North,2,0,0
3,4,12,2,1379.183,1 4,North,2,0,0
3,4,12,1,1379.726,1 3,North,2,0,0
3,4,12,4,1380.624,2 3,North,2,0,0
3,4,12,6,1380.98,2 3,North,2,1,0
3,4,12,2,1381.459,1 3,North,2,1,0
3,4,12,3,1382.429,1 4,North,2,1,0
3,4,12,4,1382.992,2 4,North,2,1,0
3,4,12,4,1383.532,3 4,North,2,1,0
3,4,12,4,1384.496,4 4,North,2,1,0
3,4,12,1,1385.43,4 3,North,2,1,0
3,4,12,1,1386.052,4 2,North,2,1,0
3,4,12,2,1386.736,3 2,North,2,1,0
3,4,12,1,1387.284,3 1,North,2,1,0
3,4,12,2,1387.846,2 1,North,2,1,0
3,4,12,2,1388.385,1 1,North,2,1,0
3,4,12,1,1388.945,1 0,North,2,1,0
3,4,12,4,1389.52,2 0,North,2,1,0
3,4,12,4,1390.124,3 0,North,2,1,0
3,4,12,4,1390.67,4 0,North,2,1,0
3,4,12,6,1391.02,4 0,North,2,2,0
3,4,12,2,1391.249,3 0,North,2,2,0
3,4,12,2,1391.781,2 0,North,2,2,0
3,4,12,2,1392.319,1 0,North,2,2,0
3,4,12,3,1392.911,1 1,North,2,2,0
3,4,12,4,1393.454,2 1,North,2,2,0
3,4,12,3,1396.204,2 1,North,2,2,1
3,4,12,4,1396.628,3 1,North,2,2,1
3,4,12,3,1397.536,3 2,North,2,2,1
3,4,12,4,1398.176,4 2,North,2,2,1
3,4,12,3,1398.734,4 3,North,2,2,1
3,4,12,3,1399.3,4 4,North,2,2,1
3,4,12,2,1399.878,3 4,North,2,2,1
3,4,12,2,1400.432,2 4,North,2,2,1
3,4,12,2,1401.073,1 4,North,2,2,1
3,4,12,1,1401.634,1 3,North,2,2,1
3,4,12,4,1403.43,2 3,North,2,2,1
3,4,12,1,1404.397,2 2,North,2,2,1
3,4,12,3,1405.041,2 3,North,2,2,1
3,4,12,2,1405.666,1 3,North,2,2,1
3,4,12,3,1406.211,1 4,North,2,2,1
3,4,12,2,1406.784,0 4,North,2,2,1
3,4,12,1,1407.393,0 3,North,2,2,1
3,4,12,6,1407.8,0 3,North,2,3,1
3,4,12,3,1407.996,0 4,North,2,3,1
3,4,12,4,1408.564,1 4,North,2,3,1
3,4,12,4,1409.121,2 4,North,2,3,1
3,4,12,4,1409.676,3 4,North,2,3,1
3,4,12,6,1410.04,3 4,North,2,4,1
3,4,12,4,1410.451,4 4,North,2,4,1
3,4,12,1,1411.005,4 3,North,2,4,1
3,4,12,6,1411.4,4 3,North,2,5,1
3,4,12,3,1411.788,4 4,North,2,5,1
3,4,12,2,1412.323,3 4,North,2,5,1
3,4,12,2,1412.878,2 4,North,2,5,1
3,4,12,2,1413.454,1 4,North,2,5,1
3,4,12,2,1414.045,0 4,North,2,5,1
3,4,12,6,1414.44,0 4,North,2,6,1
3,4,12,4,1414.656,1 4,North,2,6,1
3,4,12,4,1415.223,2 4,North,2,6,1
3,4,12,4,1415.762,3 4,North,2,6,1
3,4,12,4,1416.339,4 4,North,2,6,1
3,4,12,1,1416.915,4 3,North,2,6,1
3,4,12,1,1417.459,4 2,North,2,6,1
3,4,12,2,1418.036,3 2,North,2,6,1
3,4,12,1,1418.56,3 1,North,2,6,1
3,4,12,2,1419.116,2 1,North,2,6,1
3,4,12,6,1419.5,2 1,North,2,7,1
3,4,12,4,1419.774,3 1,North,2,7,1
3,4,12,3,1420.324,3 2,North,2,7,1
3,4,12,4,1421.228,4 2,North,2,7,1
3,4,12,3,1421.762,4 3,North,2,7,1
3,4,12,3,1422.381,4 4,North,2,7,1
3,4,12,2,1422.963,3 4,North,2,7,1
3,4,12,2,1423.509,2 4,North,2,7,1
3,4,12,2,1424.045,1 4,North,2,7,1
3,4,12,1,1424.657,1 3,North,2,7,1
3,4,12,4,1425.168,2 3,North,2,7,1
3,4,12,1,1426.131,2 2,North,2,7,1
3,4,12,2,1426.689,1 2,North,2,7,1
3,4,12,2,1427.214,0 2,North,2,7,1
3,4,12,1,1427.844,0 1,North,2,7,1
3,4,12,1,1428.451,0 0,North,2,7,1
3,4,12,6,1428.86,0 0,North,2,8,1
0,5,13,1,1506.35,4 4,West,3,0,1
0,5,13,2,1506.908,4 3,West,3,0,1
0,5,13,2,1507.486,4 2,West,3,0,1
0,5,13,3,1508.068,4 2,North,3,0,1
0,5,13,2,1508.645,3 2,North,3,0,1
0,5,13,1,1509.196,3 2,West,3,0,1
0,5,13,2,1509.795,3 1,West,3,0,1
0,5,13,2,1510.38,3 0,West,3,0,1
0,5,13,3,1510.926,3 0,North,3,0,1
0,5,13,2,1511.539,2 0,North,3,0,1
0,5,13,2,1512.077,1 0,North,3,0,1
0,5,13,3,1512.607,1 0,East,3,0,1
0,5,13,2,1513.185,1 1,East,3,0,1
0,5,13,3,1513.702,1 1,South,3,0,1
0,5,13,2,1514.259,2 1,South,3,0,1
0,5,13,1,1514.782,2 1,East,3,0,1
0,5,13,2,1515.312,2 2,East,3,0,1
0,5,13,1,1515.872,2 2,North,3,0,1
0,5,13,2,1516.419,1 2,North,3,0,1
0,5,13,2,1516.94,0 2,North,3,0,1
0,5,13,6,1517.32,0 2,North,3,1,1
0,5,13,1,1517.502,0 2,West,3,1,1
0,5,13,1,1518.225,0 2,South,3,1,1
0,5,13,2,1518.963,1 2,South,3,1,1
0,5,13,2,1519.488,2 2,South,3,1,1
0,5,13,3,1520.094,2 2,West,3,1,1
0,5,13,2,1520.655,2 1,West,3,1,1
0,5,13,3,1521.2,2 1,North,3,1,1
0,5,13,2,1521.777,1 1,North,3,1,1
0,5,13,1,1522.316,1 1,West,3,1,1
0,5,13,2,1522.844,1 0,West,3,1,1
0,5,13,1,1523.428,1 0,South,3,1,1
0,5,13,2,1523.987,2 0,South,3,1,1
0,5,13,2,1524.526,3 0,South,3,1,1
0,5,13,1,1525.084,3 0,East,3,1,1
0,5,13,2,1525.95,3 1,East,3,1,1
0,5,13,2,1526.512,3 2,East,3,1,1
0,5,13,3,1527.086,3 2,South,3,1,1
0,5,13,2,1527.661,4 2,South,3,1,1
0,5,13,3,1528.269,4 2,West,3,1,1
0,5,13,2,1528.804,4 1,West,3,1,1
0,5,13,6,1529.22,4 1,West,3,2,1
0,5,13,3,1529.324,4 1,North,3,2,1
0,5,13,3,1529.919,4 1,East,3,2,1
0,5,13,2,1530.464,4 2,East,3,2,1
0,5,13,1,1531.021,4 2,North,3,2,1
0,5,13,2,1531.569,3 2,North,3,2,1
0,5,13,1,1532.156,3 2,West,3,2,1
0,5,13,2,1532.704,3 1,West,3,2,1
0,5,13,2,1533.244,3 0,West,3,2,1
0,5,13,3,1533.827,3 0,North,3,2,1
0,5,13,2,1534.427,2 0,North,3,2,1
0,5,13,2,1535.313,1 0,North,3,2,1
0,5,13,6,1535.7,1 0,North,3,3,1
0,5,13,3,1535.838,1 0,East,3,3,1
0,5,13,2,1536.385,1 1,East,3,3,1
0,5,13,3,1537.2,1 1,South,3,3,1
0,5,13,2,1537.759,2 1,South,3,3,1
0,5,13,6,1538.14,2 1,South,3,4,1
0,5,13,1,1538.32,2 1,East,3,4,1
0,5,13,2,1538.915,2 2,East,3,4,1
0,5,13,1,1539.475,2 2,North,3,4,1
0,5,13,2,1540.001,1 2,North,3,4,1
0,5,13,6,1540.38,1 2,North,3,5,1
0,5,13,2,1540.866,0 2,North,3,5,1
0,5,13,1,1541.394,0 2,West,3,5,1
0,5,13,2,1541.909,0 1,West,3,5,1
0,5,13,6,1542.32,0 1,West,3,6,1
0,5,13,1,1542.452,0 1,South,3,6,1
0,5,13,1,1542.963,0 1,East,3,6,1
0,5,13,2,1543.491,0 2,East,3,6,1
0,5,13,3,1544.076,0 2,South,3,6,1
0,5,13,2,1544.625,1 2,South,3,6,1
0,5,13,2,1545.141,2 2,South,3,6,1
0,5,13,3,1545.716,2 2,West,3,6,1
0,5,13,2,1546.225,2 1,West,3,6,1
0,5,13,3,1546.753,2 1,North,3,6,1
0,5,13,2,1547.68,1 1,North,3,6,1
0,5,13,6,1548.06,1 1,North,3,7,1
0,5,13,3,1548.524,1 1,East,3,7,1
0,5,13,3,1549.052,1 1,South,3,7,1
0,5,13,2,1549.63,2 1,South,3,7,1
0,5,13,1,1550.204,2 1,East,3,7,1
0,5,13,2,1550.771,2 2,East,3,7,1
0,5,13,1,1551.33,2 2,North,3,7,1
0,5,13,2,1551.84,1 2,North,3,7,1
0,5,13,2,1552.434,0 2,North,3,7,1
0,5,13,1,1552.981,0 2,West,3,7,1
0,5,13,2,1553.588,0 1,West,3,7,1
0,5,13,2,1554.117,0 0,West,3,7,1
0,5,13,6,1554.54,0 0,West,3,8,1
3,5,13,1,1558.158,4 3,North,3,0,0
3,5,13,1,1559.122,4 2,North,3,0,0
3,5,13,1,1559.67,4 1,North,3,0,0
3,5,13,6,1560.08,4 1,North,3,1,0
3,5,13,3,1561.622,4 2,North,3,1,0
3,5,13,2,1562.849,3 2,North,3,1,0
3,5,13,1,1563.901,3 1,North,3,1,0
3,5,13,2,1564.464,3 1,North,3,1,1
3,5,13,3,1565.136,3 2,North,3,1,1
3,5,13,2,1565.791,3 2,North,3,1,2
3,5,13,1,1566.212,3 1,North,3,1,2
3,5,13,1,1566.771,3 0,North,3,1,2
3,5,13,2,1567.35,2 0,North,3,1,2
3,5,13,3,1567.95,2 0,North,3,1,3
3,5,13,3,1568.93,2 0,North,3,1,4
3,5,13,2,1569.43,1 0,North,3,1,4
3,5,13,3,1569.966,1 1,North,3,1,4
3,5,13,4,1570.486,2 1,North,3,1,4
3,5,13,3,1571.534,2 2,North,3,1,4
3,5,13,2,1572.116,1 2,North,3,1,4
3,5,13,6,1572.5,1 2,North,3,2,4
3,5,13,2,1573.022,0 2,North,3,2,4
3,5,13,1,1573.589,0 1,North,3,2,4
3,5,13,6,1573.98,0 1,North,3,3,4
3,5,13,3,1574.153,0 2,North,3,3,4
3,5,13,4,1574.67,1 2,North,3,3,4
3,5,13,4,1575.23,2 2,North,3,3,4
3,5,13,1,1575.806,2 1,North,3,3,4
3,5,13,2,1576.369,1 1,North,3,3,4
3,5,13,1,1576.908,1 0,North,3,3,4
3,5,13,4,1577.493,2 0,North,3,3,4
3,5,13,4,1578.047,3 0,North,3,3,4
3,5,13,3,1578.623,3 1,North,3,3,4
3,5,13,3,1579.215,3 2,North,3,3,4
3,5,13,4,1579.776,4 2,North,3,3,4
3,5,13,3,1580.292,4 3,North,3,3,4
3,5,13,3,1580.863,4 4,North,3,3,4
3,5,13,2,1581.746,3 4,North,3,3,4
3,5,13,2,1582.492,3 4,North,3,3,5
3,5,13,1,1583.022,3 3,North,3,3,5
3,5,13,2,1583.552,2 3,North,3,3,5
3,5,13,2,1584.368,1 3,North,3,3,5
3,5,13,6,1584.76,1 3,North,3,4,5
3,5,13,4,1586.063,2 3,North,3,4,5
3,5,13,4,1586.581,3 3,North,3,4,5
3,5,13,3,1587.653,3 4,North,3,4,5
3,5,13,4,1588.478,4 4,North,3,4,5
3,5,13,1,1589.027,4 3,North,3,4,5
3,5,13,1,1589.573,4 2,North,3,4,5
3,5,13,2,1590.274,3 2,North,3,4,5
3,5,13,1,1590.802,3 1,North,3,4,5
3,5,13,1,1591.359,3 0,North,3,4,5
3,5,13,2,1591.906,2 0,North,3,4,5
3,5,13,2,1592.486,1 0,North,3,4,5
3,5,13,3,1593.027,1 1,North,3,4,5
3,5,13,4,1593.885,2 1,North,3,4,5
3,5,13,3,1594.435,2 2,North,3,4,5
3,5,13,2,1595.008,1 2,North,3,4,5
3,5,13,2,1595.698,0 2,North,3,4,5
3,5,13,6,1596.08,0 2,North,3,5,5
3,5,13,4,1596.436,1 2,North,3,5,5
3,5,13,4,1597.348,2 2,North,3,5,5
3,5,13,1,1597.904,2 1,North,3,5,5
3,5,13,2,1598.558,1 1,North,3,5,5
3,5,13,1,1599.149,1 0,North,3,5,5
3,5,13,4,1599.733,2 0,North,3,5,5
3,5,13,4,1600.276,3 0,North,3,5,5
3,5,13,3,1600.844,3 1,North,3,5,5
3,5,13,3,1601.438,3 2,North,3,5,5
3,5,13,4,1602.229,4 2,North,3,5,5
3,5,13,3,1602.851,4 3,North,3,5,5
3,5,13,6,1603.26,4 3,North,3,6,5
3,5,13,1,1603.806,4 2,North,3,6,5
3,5,13,2,1604.385,3 2,North,3,6,5
3,5,13,6,1604.78,3 2,North,3,7,5
3,5,13,4,1605.149,4 2,North,3,7,5
3,5,13,3,1606.068,4 3,North,3,7,5
3,5,13,3,1606.626,4 4,North,3,7,5
3,5,13,2,1607.221,3 4,North,3,7,5
3,5,13,2,1607.779,3 4,North,3,7,6
3,5,13,1,1608.366,3 3,North,3,7,6
3,5,13,2,1608.928,2 3,North,3,7,6
3,5,13,3,1609.758,2 3,North,3,7,7
3,5,13,2,1610.15,1 3,North,3,7,7
3,5,13,3,1611.18,1 3,North,3,7,8
3,5,13,2,1612.757,0 3,North,3,7,8
3,5,13,3,1613.366,0 4,North,3,7,8
3,5,13,4,1613.948,1 4,North,3,7,8
3,5,13,4,1614.516,2 4,North,3,7,8
3,5,13,6,1614.88,2 4,North,3,8,8
0,5,14,1,1617.95,4 4,West,3,0,8
0,5,14,2,1618.575,4 3,West,3,0,8
0,5,14,2,1619.087,4 2,West,3,0,8
0,5,14,6,1619.5,4 2,West,3,1,8
0,5,14,3,1619.939,4 2,North,3,1,8
0,5,14,2,1620.495,3 2,North,3,1,8
0,5,14,1,1621.121,3 2,West,3,1,8
0,5,14,2,1621.663,3 1,West,3,1,8
0,5,14,2,1622.307,3 0,West,3,1,8
0,5,14,3,1622.835,3 0,North,3,1,8
0,5,14,2,1623.44,2 0,North,3,1,8
0,5,14,2,1623.952,1 0,North,3,1,8
0,5,14,3,1624.578,1 0,East,3,1,8
0,5,14,2,1625.119,1 1,East,3,1,8
0,5,14,3,1625.661,1 1,South,3,1,8
0,5,14,2,1626.175,2 1,South,3,1,8
0,5,14,1,1626.705,2 1,East,3,1,8
0,5,14,2,1627.231,2 2,East,3,1,8
0,5,14,1,1627.806,2 2,North,3,1,8
0,5,14,2,1628.708,1 2,North,3,1,8
0,5,14,2,1629.229,0 2,North,3,1,8
0,5,14,1,1629.84,0 2,West,3,1,8
0,5,14,1,1630.415,0 2,South,3,1,8
0,5,14,2,1630.995,1 2,South,3,1,8
0,5,14,2,1631.603,2 2,South,3,1,8
0,5,14,3,1632.165,2 2,West,3,1,8
0,5,14,2,1632.687,2 1,West,3,1,8
0,5,14,3,1633.266,2 1,North,3,1,8
0,5,14,2,1633.842,1 1,North,3,1,8
0,5,14,1,1634.403,1 1,West,3,1,8
0,5,14,2,1634.949,1 0,West,3,1,8
0,5,14,1,1635.521,1 0,South,3,1,8
0,5,14,2,1636.437,2 0,South,3,1,8
0,5,14,2,1636.976,3 0,South,3,1,8
0,5,14,1,1637.554,3 0,East,3,1,8
0,5,14,2,1638.079,3 1,East,3,1,8
0,5,14,2,1638.611,3 2,East,3,1,8
0,5,14,3,1639.134,3 2,South,3,1,8
0,5,14,2,1639.67,4 2,South,3,1,8
0,5,14,3,1640.207,4 2,West,3,1,8
0,5,14,1,1640.732,4 2,South,3,1,8
0,5,14,1,1641.249,4 2,East,3,1,8
0,5,14,2,1641.981,4 3,East,3,1,8
0,5,14,2,1642.544,4 4,East,3,1,8
0,5,14,1,1643.218,4 4,North,3,1,8
0,5,14,1,1644.144,4 4,West,3,1,8
0,5,14,3,1644.723,4 4,North,3,1,8
0,5,14,2,1645.31,3 4,North,3,1,8
0,5,14,1,1645.903,3 4,West,3,1,8
0,5,14,2,1646.527,3 3,West,3,1,8
0,5,14,3,1647.077,3 3,North,3,1,8
0,5,14,2,1647.662,2 3,North,3,1,8
0,5,14,2,1648.221,1 3,North,3,1,8
0,5,14,2,1648.769,0 3,North,3,1,8
0,5,14,3,1649.312,0 3,East,3,1,8
0,5,14,2,1649.857,0 4,East,3,1,8
0,5,14,3,1650.403,0 4,South,3,1,8
0,5,14,2,1651.301,1 4,South,3,1,8
0,5,14,6,1651.68,1 4,South,3,2,8
0,5,14,3,1652.108,1 4,West,3,2,8
0,5,14,3,1652.621,1 4,North,3,2,8
0,5,14,2,1653.234,0 4,North,3,2,8
0,5,14,1,1653.826,0 4,West,3,2,8
0,5,14,2,1654.445,0 3,West,3,2,8
0,5,14,1,1655.042,0 3,South,3,2,8
0,5,14,2,1655.554,1 3,South,3,2,8
0,5,14,2,1656.126,2 3,South,3,2,8
0,5,14,2,1656.684,3 3,South,3,2,8
0,5,14,1,1657.203,3 3,East,3,2,8
0,5,14,2,1657.758,3 4,East,3,2,8
0,5,14,3,1658.402,3 4,South,3,2,8
0,5,14,2,1659.342,4 4,South,3,2,8
0,5,14,3,1659.954,4 4,West,3,2,8
0,5,14,2,1660.69,4 3,West,3,2,8
0,5,14,2,1661.236,4 2,West,3,2,8
0,5,14,3,1661.844,4 2,North,3,2,8
0,5,14,2,1662.45,3 2,North,3,2,8
0,5,14,1,1662.976,3 2,West,3,2,8
0,5,14,2,1663.534,3 1,West,3,2,8
0,5,14,2,1664.081,3 0,West,3,2,8
0,5,14,6,1664.5,3 0,West,3,3,8
0,5,14,3,1664.66,3 0,North,3,3,8
0,5,14,2,1665.181,2 0,North,3,3,8
0,5,14,2,1665.746,1 0,North,3,3,8
0,5,14,3,1666.286,1 0,East,3,3,8
0,5,14,3,1667.182,1 0,South,3,3,8
0,5,14,1,1667.789,1 0,East,3,3,8
0,5,14,2,1668.355,1 1,East,3,3,8
0,5,14,3,1668.944,1 1,South,3,3,8
0,5,14,2,1669.511,2 1,South,3,3,8
0,5,14,1,1670.079,2 1,East,3,3,8
0,5,14,2,1670.637,2 2,East,3,3,8
0,5,14,1,1671.218,2 2,North,3,3,8
0,5,14,2,1671.729,1 2,North,3,3,8
0,5,14,2,1672.318,0 2,North,3,3,8
0,5,14,1,1672.847,0 2,West,3,3,8
0,5,14,1,1673.409,0 2,South,3,3,8
0,5,14,2,1673.988,1 2,South,3,3,8
0,5,14,2,1674.532,2 2,South,3,3,8
0,5,14,3,1675.107,2 2,West,3,3,8
0,5,14,2,1675.666,2 1,West,3,3,8
0,5,14,3,1676.573,2 1,North,3,3,8
0,5,14,2,1677.149,1 1,North,3,3,8
0,5,14,1,1677.725,1 1,West,3,3,8
0,5,14,2,1678.289,1 0,West,3,3,8
0,5,14,1,1678.877,1 0,South,3,3,8
0,5,14,2,1679.46,2 0,South,3,3,8
0,5,14,2,1679.997,3 0,South,3,3,8
0,5,14,1,1680.61,3 0,East,3,3,8
0,5,14,2,1681.134,3 1,East,3,3,8
0,5,14,2,1681.761,3 2,East,3,3,8
0,5,14,3,1682.339,3 2,South,3,3,8
0,5,14,2,1682.894,4 2,South,3,3,8
0,5,14,1,1683.441,4 2,East,3,3,8
0,5,14,2,1684.014,4 3,East,3,3,8
0,5,14,2,1684.573,4 4,East,3,3,8
0,5,14,1,1685.155,4 4,North,3,3,8
0,5,14,2,1685.684,3 4,North,3,3,8
0,5,14,1,1686.259,3 4,West,3,3,8
0,5,14,2,1686.781,3 3,West,3,3,8
0,5,14,3,1687.347,3 3,North,3,3,8
0,5,14,2,1687.891,2 3,North,3,3,8
0,5,14,2,1688.462,1 3,North,3,3,8
0,5,14,6,1688.84,1 3,North,3,4,8
0,5,14,2,1689.022,0 3,North,3,4,8
0,5,14,3,1689.615,0 3,East,3,4,8
0,5,14,2,1690.165,0 4,East,3,4,8
0,5,14,6,1690.58,0 4,East,3,5,8
0,5,14,3,1690.704,0 4,South,3,5,8
0,5,14,3,1691.233,0 4,West,3,5,8
0,5,14,2,1691.774,0 3,West,3,5,8
0,5,14,1,1692.318,0 3,South,3,5,8
0,5,14,2,1692.848,1 3,South,3,5,8
0,5,14,2,1693.36,2 3,South,3,5,8
0,5,14,2,1693.902,3 3,South,3,5,8
0,5,14,1,1694.433,3 3,East,3,5,8
0,5,14,2,1694.963,3 4,East,3,5,8
0,5,14,3,1695.502,3 4,South,3,5,8
0,5,14,2,1696.02,4 4,South,3,5,8
0,5,14,3,1696.604,4 4,West,3,5,8
0,5,14,2,1697.135,4 3,West,3,5,8
0,5,14,2,1697.664,4 2,West,3,5,8
0,5,14,3,1698.58,4 2,North,3,5,8
0,5,14,2,1699.139,3 2,North,3,5,8
0,5,14,1,1700.195,3 2,West,3,5,8
0,5,14,2,1700.735,3 1,West,3,5,8
0,5,14,6,1701.14,3 1,West,3,6,8
0,5,14,2,1701.637,3 0,West,3,6,8
0,5,14,3,1702.656,3 0,North,3,6,8
0,5,14,2,1703.183,2 0,North,3,6,8
0,5,14,2,1703.694,1 0,North,3,6,8
0,5,14,3,1704.273,1 0,East,3,6,8
0,5,14,2,1704.802,1 1,East,3,6,8
0,5,14,3,1705.693,1 1,South,3,6,8
0,5,14,2,1706.289,2 1,South,3,6,8
0,5,14,1,1706.867,2 1,East,3,6,8
0,5,14,2,1707.437,2 2,East,3,6,8
0,5,14,1,1707.95,2 2,North,3,6,8
0,5,14,1,1708.549,2 2,West,3,6,8
0,5,14,3,1709.284,2 2,North,3,6,8
0,5,14,2,1709.823,1 2,North,3,6,8
0,5,14,2,1710.354,0 2,North,3,6,8
0,5,14,1,1710.979,0 2,West,3,6,8
0,5,14,1,1711.535,0 2,South,3,6,8
0,5,14,2,1712.096,1 2,South,3,6,8
0,5,14,2,1712.674,2 2,South,3,6,8
0,5,14,3,1713.199,2 2,West,3,6,8
0,5,14,2,1713.825,2 1,West,3,6,8
0,5,14,3,1714.364,2 1,North,3,6,8
0,5,14,2,1714.957,1 1,North,3,6,8
0,5,14,1,1715.524,1 1,West,3,6,8
0,5,14,2,1716.109,1 0,West,3,6,8
0,5,14,1,1716.703,1 0,South,3,6,8
0,5,14,2,1717.277,2 0,South,3,6,8
0,5,14,2,1717.838,3 0,South,3,6,8
0,5,14,1,1718.404,3 0,East,3,6,8
0,5,14,2,1718.944,3 1,East,3,6,8
0,5,14,2,1719.581,3 2,East,3,6,8
0,5,14,3,1720.124,3 2,South,3,6,8
0,5,14,2,1720.737,4 2,South,3,6,8
0,5,14,3,1721.34,4 2,West,3,6,8
0,5,14,1,1721.888,4 2,South,3,6,8
0,5,14,1,1722.416,4 2,East,3,6,8
0,5,14,2,1722.973,4 3,East,3,6,8
0,5,14,2,1723.606,4 4,East,3,6,8
0,5,14,1,1724.143,4 4,North,3,6,8
0,5,14,2,1724.701,3 4,North,3,6,8
0,5,14,1,1725.248,3 4,West,3,6,8
0,5,14,2,1725.858,3 3,West,3,6,8
0,5,14,3,1726.419,3 3,North,3,6,8
0,5,14,2,1726.992,2 3,North,3,6,8
0,5,14,2,1727.535,1 3,North,3,6,8
0,5,14,2,1728.114,0 3,North,3,6,8
0,5,14,3,1728.661,0 3,East,3,6,8
0,5,14,2,1729.217,0 4,East,3,6,8
0,5,14,3,1729.773,0 4,South,3,6,8
0,5,14,2,1730.35,1 4,South,3,6,8
0,5,14,2,1731.357,2 4,South,3,6,8
0,5,14,6,1731.74,2 4,South,3,7,8
0,5,14,3,1731.892,2 4,West,3,7,8
0,5,14,3,1732.494,2 4,North,3,7,8
0,5,14,2,1733.072,1 4,North,3,7,8
0,5,14,2,1733.604,0 4,North,3,7,8
0,5,14,1,1734.224,0 4,West,3,7,8
0,5,14,2,1735.15,0 3,West,3,7,8
0,5,14,1,1735.728,0 3,South,3,7,8
0,5,14,2,1736.293,1 3,South,3,7,8
0,5,14,2,1736.854,2 3,South,3,7,8
0,5,14,2,1737.422,3 3,South,3,7,8
0,5,14,1,1738.035,3 3,East,3,7,8
0,5,14,2,1738.659,3 4,East,3,7,8
0,5,14,3,1739.2,3 4,South,3,7,8
0,5,14,2,1739.775,4 4,South,3,7,8
0,5,14,3,1740.341,4 4,West,3,7,8
0,5,14,2,1740.915,4 3,West,3,7,8
0,5,14,6,1741.34,4 3,West,3,8,8
3,5,14,2,1744.579,3 4,North,3,0,0
3,5,14,2,1745.119,3 4,North,3,0,1
3,5,14,1,1745.564,3 3,North,3,0,1
3,5,14,2,1746.131,2 3,North,3,0,1
3,5,14,2,1747.455,1 3,North,3,0,1
3,5,14,2,1747.983,0 3,North,3,0,1
3,5,14,3,1748.516,0 4,North,3,0,1
3,5,14,4,1749.171,1 4,North,3,0,1
3,5,14,6,1749.54,1 4,North,3,1,1
3,5,14,2,1749.721,0 4,North,3,1,1
3,5,14,1,1750.734,0 3,North,3,1,1
3,5,14,4,1751.283,1 3,North,3,1,1
3,5,14,4,1751.892,2 3,North,3,1,1
3,5,14,4,1752.482,3 3,North,3,1,1
3,5,14,3,1753.075,3 4,North,3,1,1
3,5,14,4,1753.602,4 4,North,3,1,1
3,5,14,1,1754.149,4 3,North,3,1,1
3,5,14,1,1754.702,4 2,North,3,1,1
3,5,14,2,1755.265,3 2,North,3,1,1
3,5,14,2,1755.792,3 2,North,3,1,2
3,5,14,1,1756.238,3 1,North,3,1,2
3,5,14,6,1756.64,3 1,North,3,2,2
3,5,14,3,1757.376,3 2,North,3,2,2
3,5,14,4,1757.906,4 2,North,3,2,2
3,5,14,3,1758.436,4 3,North,3,2,2
3,5,14,3,1759.025,4 4,North,3,2,2
3,5,14,2,1759.57,3 4,North,3,2,2
3,5,14,1,1760.189,3 3,North,3,2,2
3,5,14,2,1760.71,2 3,North,3,2,2
3,5,14,2,1761.295,1 3,North,3,2,2
3,5,14,6,1761.68,1 3,North,3,3,2
3,5,14,4,1761.98,2 3,North,3,3,2
3,5,14,4,1762.509,3 3,North,3,3,2
3,5,14,3,1763.061,3 4,North,3,3,2
3,5,14,4,1763.573,4 4,North,3,3,2
3,5,14,1,1764.101,4 3,North,3,3,2
3,5,14,1,1764.652,4 2,North,3,3,2
3,5,14,2,1765.212,3 2,North,3,3,2
3,5,14,1,1765.748,3 1,North,3,3,2
3,5,14,1,1766.477,3 0,North,3,3,2
3,5,14,6,1766.88,3 0,North,3,4,2
3,5,14,2,1767.404,2 0,North,3,4,2
3,5,14,2,1767.92,1 0,North,3,4,2
3,5,14,3,1768.513,1 1,North,3,4,2
3,5,14,6,1768.92,1 1,North,3,5,2
3,5,14,4,1769.088,2 1,North,3,5,2
3,5,14,2,1769.648,1 1,North,3,5,2
3,5,14,1,1770.173,1 0,North,3,5,2
3,5,14,4,1770.705,2 0,North,3,5,2
3,5,14,4,1771.266,3 0,North,3,5,2
3,5,14,3,1771.78,3 1,North,3,5,2
3,5,14,3,1772.327,3 2,North,3,5,2
3,5,14,4,1772.912,4 2,North,3,5,2
3,5,14,1,1773.83,4 1,North,3,5,2
3,5,14,1,1774.414,4 0,North,3,5,2
3,5,14,6,1774.82,4 0,North,3,6,2
3,5,14,3,1774.991,4 1,North,3,6,2
3,5,14,3,1775.522,4 2,North,3,6,2
3,5,14,3,1776.611,4 3,North,3,6,2
3,5,14,3,1777.412,4 4,North,3,6,2
3,5,14,2,1777.997,3 4,North,3,6,2
3,5,14,1,1778.657,3 3,North,3,6,2
3,5,14,6,1779.06,3 3,North,3,7,2
3,5,14,3,1779.748,3 4,North,3,7,2
3,5,14,4,1780.323,4 4,North,3,7,2
3,5,14,1,1781.19,4 3,North,3,7,2
3,5,14,1,1781.761,4 2,North,3,7,2
3,5,14,2,1782.32,3 2,North,3,7,2
3,5,14,1,1782.916,3 1,North,3,7,2
3,5,14,1,1783.489,3 0,North,3,7,2
3,5,14,2,1784.101,2 0,North,3,7,2
3,5,14,2,1784.71,1 0,North,3,7,2
3,5,14,3,1785.333,1 1,North,3,7,2
3,5,14,4,1785.877,2 1,North,3,7,2
3,5,14,3,1786.482,2 2,North,3,7,2
3,5,14,6,1786.88,2 2,North,3,8,2
0,5,15,1,1790.046,4 4,West,3,0,2
0,5,15,2,1790.622,4 3,West,3,0,2
0,5,15,2,1791.14,4 2,West,3,0,2
0,5,15,3,1791.714,4 2,North,3,0,2
0,5,15,2,1792.271,3 2,North,3,0,2
0,5,15,6,1792.66,3 2,North,3,1,2
0,5,15,1,1792.815,3 2,West,3,1,2
0,5,15,1,1793.39,3 2,South,3,1,2
0,5,15,2,1794.032,4 2,South,3,1,2
0,5,15,1,1794.623,4 2,East,3,1,2
0,5,15,1,1795.151,4 2,North,3,1,2
0,5,15,2,1795.702,3 2,North,3,1,2
0,5,15,1,1796.254,3 2,West,3,1,2
0,5,15,2,1796.851,3 1,West,3,1,2
0,5,15,2,1797.389,3 0,West,3,1,2
0,5,15,3,1797.906,3 0,North,3,1,2
0,5,15,2,1798.445,2 0,North,3,1,2
0,5,15,2,1798.974,1 0,North,3,1,2
0,5,15,3,1799.541,1 0,East,3,1,2
0,5,15,2,1800.052,1 1,East,3,1,2
0,5,15,3,1800.594,1 1,South,3,1,2
0,5,15,2,1801.171,2 1,South,3,1,2
0,5,15,1,1801.71,2 1,East,3,1,2
0,5,15,2,1802.258,2 2,East,3,1,2
0,5,15,1,1802.849,2 2,North,3,1,2
0,5,15,2,1803.71,1 2,North,3,1,2
0,5,15,2,1804.228,0 2,North,3,1,2
0,5,15,1,1804.802,0 2,West,3,1,2
0,5,15,1,1805.378,0 2,South,3,1,2
0,5,15,2,1805.974,1 2,South,3,1,2
0,5,15,2,1806.532,2 2,South,3,1,2
0,5,15,3,1807.139,2 2,West,3,1,2
0,5,15,2,1807.661,2 1,West,3,1,2
0,5,15,3,1808.27,2 1,North,3,1,2
0,5,15,2,1808.848,1 1,North,3,1,2
0,5,15,1,1809.442,1 1,West,3,1,2
0,5,15,2,1809.999,1 0,West,3,1,2
0,5,15,1,1810.565,1 0,South,3,1,2
0,5,15,2,1811.138,2 0,South,3,1,2
0,5,15,2,1811.648,3 0,South,3,1,2
0,5,15,1,1812.37,3 0,East,3,1,2
0,5,15,2,1812.932,3 1,East,3,1,2
0,5,15,2,1813.474,3 2,East,3,1,2
0,5,15,3,1814.032,3 2,South,3,1,2
0,5,15,2,1814.572,4 2,South,3,1,2
0,5,15,1,1815.107,4 2,East,3,1,2
0,5,15,2,1815.664,4 3,East,3,1,2
0,5,15,2,1816.191,4 4,East,3,1,2
0,5,15,1,1816.749,4 4,North,3,1,2
0,5,15,2,1817.315,3 4,North,3,1,2
0,5,15,1,1817.87,3 4,West,3,1,2
0,5,15,2,1818.449,3 3,West,3,1,2
0,5,15,3,1819.029,3 3,North,3,1,2
0,5,15,2,1819.569,2 3,North,3,1,2
0,5,15,6,1819.96,2 3,North,3,2,2
0,5,15,2,1820.109,1 3,North,3,2,2
0,5,15,2,1820.642,0 3,North,3,2,2
0,5,15,3,1821.18,0 3,East,3,2,2
0,5,15,2,1821.999,0 4,East,3,2,2
0,5,15,3,1822.932,0 4,South,3,2,2
0,5,15,3,1823.507,0 4,West,3,2,2
0,5,15,2,1824.065,0 3,West,3,2,2
0,5,15,1,1824.652,0 3,South,3,2,2
0,5,15,2,1825.25,1 3,South,3,2,2
0,5,15,2,1826.24,2 3,South,3,2,2
0,5,15,2,1826.77,3 3,South,3,2,2
0,5,15,1,1827.356,3 3,East,3,2,2
0,5,15,2,1827.94,3 4,East,3,2,2
0,5,15,3,1828.5,3 4,South,3,2,2
0,5,15,2,1829.045,4 4,South,3,2,2
0,5,15,3,1829.604,4 4,West,3,2,2
0,5,15,2,1830.149,4 3,West,3,2,2
0,5,15,2,1830.676,4 2,West,3,2,2
0,5,15,2,1831.262,4 1,West,3,2,2
0,5,15,2,1831.807,4 0,West,3,2,2
0,5,15,6,1832.22,4 0,West,3,3,2
0,5,15,3,1832.353,4 0,North,3,3,2
0,5,15,3,1832.947,4 0,East,3,3,2
0,5,15,2,1833.486,4 1,East,3,3,2
0,5,15,2,1834.033,4 2,East,3,3,2
0,5,15,1,1835.009,4 2,North,3,3,2
0,5,15,2,1835.648,3 2,North,3,3,2
0,5,15,1,1836.19,3 2,West,3,3,2
0,5,15,2,1836.749,3 1,West,3,3,2
0,5,15,2,1837.278,3 0,West,3,3,2
0,5,15,3,1838.133,3 0,North,3,3,2
0,5,15,2,1838.67,2 0,North,3,3,2
0,5,15,2,1839.18,1 0,North,3,3,2
0,5,15,3,1839.693,1 0,East,3,3,2
0,5,15,2,1840.224,1 1,East,3,3,2
0,5,15,3,1840.781,1 1,South,3,3,2
0,5,15,2,1841.358,2 1,South,3,3,2
0,5,15,1,1842.31,2 1,East,3,3,2
0,5,15,2,1843.26,2 2,East,3,3,2
0,5,15,1,1843.821,2 2,North,3,3,2
0,5,15,2,1844.418,1 2,North,3,3,2
0,5,15,2,1844.958,0 2,North,3,3,2
0,5,15,1,1845.542,0 2,West,3,3,2
0,5,15,1,1846.115,0 2,South,3,3,2
0,5,15,2,1846.732,1 2,South,3,3,2
0,5,15,2,1847.276,2 2,South,3,3,2
0,5,15,3,1847.894,2 2,West,3,3,2
0,5,15,2,1848.498,2 1,West,3,3,2
0,5,15,3,1849.077,2 1,North,3,3,2
0,5,15,2,1849.632,1 1,North,3,3,2
0,5,15,1,1850.188,1 1,West,3,3,2
0,5,15,2,1850.772,1 0,West,3,3,2
0,5,15,1,1851.359,1 0,South,3,3,2
0,5,15,2,1851.934,2 0,South,3,3,2
0,5,15,2,1852.453,3 0,South,3,3,2
0,5,15,1,1853.039,3 0,East,3,3,2
0,5,15,2,1853.601,3 1,East,3,3,2
0,5,15,2,1854.133,3 2,East,3,3,2
0,5,15,3,1854.718,3 2,South,3,3,2
0,5,15,2,1855.262,4 2,South,3,3,2
0,5,15,3,1855.885,4 2,West,3,3,2
0,5,15,1,1856.834,4 2,South,3,3,2
0,5,15,1,1857.349,4 2,East,3,3,2
0,5,15,2,1857.933,4 3,East,3,3,2
0,5,15,2,1858.492,4 4,East,3,3,2
0,5,15,1,1859.057,4 4,North,3,3,2
0,5,15,1,1859.918,4 4,West,3,3,2
0,5,15,3,1860.447,4 4,North,3,3,2
0,5,15,2,1861.037,3 4,North,3,3,2
0,5,15,1,1861.589,3 4,West,3,3,2
0,5,15,2,1862.227,3 3,West,3,3,2
0,5,15,6,1862.64,3 3,West,3,4,2
0,5,15,3,1862.754,3 3,North,3,4,2
0,5,15,2,1863.36,2 3,North,3,4,2
0,5,15,2,1863.892,1 3,North,3,4,2
0,5,15,2,1864.43,0 3,North,3,4,2
0,5,15,3,1865.006,0 3,East,3,4,2
0,5,15,2,1865.571,0 4,East,3,4,2
0,5,15,3,1866.097,0 4,South,3,4,2
0,5,15,3,1866.643,0 4,West,3,4,2
0,5,15,2,1867.18,0 3,West,3,4,2
0,5,15,1,1867.808,0 3,South,3,4,2
0,5,15,2,1868.413,1 3,South,3,4,2
0,5,15,2,1869.009,2 3,South,3,4,2
0,5,15,2,1869.584,3 3,South,3,4,2
0,5,15,1,1870.162,3 3,East,3,4,2
0,5,15,2,1870.755,3 4,East,3,4,2
0,5,15,3,1871.294,3 4,South,3,4,2
0,5,15,2,1871.837,4 4,South,3,4,2
0,5,15,3,1872.413,4 4,West,3,4,2
0,5,15,2,1872.958,4 3,West,3,4,2
0,5,15,2,1873.535,4 2,West,3,4,2
0,5,15,3,1874.099,4 2,North,3,4,2
0,5,15,2,1874.639,3 2,North,3,4,2
0,5,15,1,1875.181,3 2,West,3,4,2
0,5,15,2,1875.777,3 1,West,3,4,2
0,5,15,2,1876.318,3 0,West,3,4,2
0,5,15,3,1876.848,3 0,North,3,4,2
0,5,15,2,1877.404,2 0,North,3,4,2
0,5,15,6,1877.78,2 0,North,3,5,2
0,5,15,2,1877.958,1 0,North,3,5,2
0,5,15,3,1878.511,1 0,East,3,5,2
0,5,15,2,1879.039,1 1,East,3,5,2
0,5,15,3,1879.58,1 1,South,3,5,2
0,5,15,2,1880.146,2 1,South,3,5,2
0,5,15,1,1880.658,2 1,East,3,5,2
0,5,15,2,1881.218,2 2,East,3,5,2
0,5,15,1,1881.731,2 2,North,3,5,2
0,5,15,2,1882.26,1 2,North,3,5,2
0,5,15,2,1882.789,0 2,North,3,5,2
0,5,15,1,1883.344,0 2,West,3,5,2
0,5,15,1,1883.876,0 2,South,3,5,2
0,5,15,2,1884.415,1 2,South,3,5,2
0,5,15,2,1884.975,2 2,South,3,5,2
0,5,15,3,1885.569,2 2,West,3,5,2
0,5,15,2,1886.1,2 1,West,3,5,2
0,5,15,3,1886.639,2 1,North,3,5,2
0,5,15,2,1887.166,1 1,North,3,5,2
0,5,15,1,1887.683,1 1,West,3,5,2
0,5,15,2,1888.24,1 0,West,3,5,2
0,5,15,1,1889.184,1 0,South,3,5,2
0,5,15,2,1889.748,2 0,South,3,5,2
0,5,15,2,1890.285,3 0,South,3,5,2
0,5,15,1,1890.852,3 0,East,3,5,2
0,5,15,2,1891.39,3 1,East,3,5,2
0,5,15,2,1891.902,3 2,East,3,5,2
0,5,15,3,1892.884,3 2,South,3,5,2
0,5,15,2,1893.458,4 2,South,3,5,2
0,5,15,3,1894.002,4 2,West,3,5,2
0,5,15,1,1894.94,4 2,South,3,5,2
0,5,15,1,1895.457,4 2,East,3,5,2
0,5,15,2,1896.031,4 3,East,3,5,2
0,5,15,2,1896.541,4 4,East,3,5,2
0,5,15,1,1897.424,4 4,North,3,5,2
0,5,15,2,1897.954,3 4,North,3,5,2
0,5,15,6,1898.34,3 4,North,3,6,2
0,5,15,1,1898.485,3 4,West,3,6,2
0,5,15,1,1899.222,3 4,South,3,6,2
0,5,15,2,1899.777,4 4,South,3,6,2
0,5,15,3,1900.351,4 4,West,3,6,2
0,5,15,3,1901.007,4 4,North,3,6,2
0,5,15,2,1901.6,3 4,North,3,6,2
0,5,15,1,1902.196,3 4,West,3,6,2
0,5,15,2,1902.813,3 3,West,3,6,2
0,5,15,3,1903.344,3 3,North,3,6,2
0,5,15,2,1903.921,2 3,North,3,6,2
0,5,15,2,1904.897,1 3,North,3,6,2
0,5,15,2,1905.504,0 3,North,3,6,2
0,5,15,3,1906.066,0 3,East,3,6,2
0,5,15,2,1906.979,0 4,East,3,6,2
0,5,15,3,1907.541,0 4,South,3,6,2
0,5,15,3,1908.078,0 4,West,3,6,2
0,5,15,2,1908.671,0 3,West,3,6,2
0,5,15,1,1909.249,0 3,South,3,6,2
0,5,15,2,1909.939,1 3,South,3,6,2
0,5,15,2,1910.462,2 3,South,3,6,2
0,5,15,2,1910.982,3 3,South,3,6,2
0,5,15,1,1911.538,3 3,East,3,6,2
0,5,15,2,1912.178,3 4,East,3,6,2
0,5,15,3,1912.783,3 4,South,3,6,2
0,5,15,2,1913.346,4 4,South,3,6,2
0,5,15,3,1913.891,4 4,West,3,6,2
0,5,15,2,1914.445,4 3,West,3,6,2
0,5,15,2,1914.964,4 2,West,3,6,2
0,5,15,3,1915.508,4 2,North,3,6,2
0,5,15,2,1916.115,3 2,North,3,6,2
0,5,15,1,1916.669,3 2,West,3,6,2
0,5,15,2,1917.248,3 1,West,3,6,2
0,5,15,2,1917.795,3 0,West,3,6,2
0,5,15,3,1918.365,3 0,North,3,6,2
0,5,15,2,1918.932,2 0,North,3,6,2
0,5,15,2,1919.555,1 0,North,3,6,2
0,5,15,3,1920.13,1 0,East,3,6,2
0,5,15,2,1920.645,1 1,East,3,6,2
0,5,15,3,1921.169,1 1,South,3,6,2
0,5,15,2,1921.678,2 1,South,3,6,2
0,5,15,1,1922.19,2 1,East,3,6,2
0,5,15,2,1922.801,2 2,East,3,6,2
0,5,15,6,1923.2,2 2,East,3,7,2
0,5,15,1,1923.326,2 2,North,3,7,2
0,5,15,2,1923.856,1 2,North,3,7,2
0,5,15,2,1924.431,0 2,North,3,7,2
0,5,15,1,1924.977,0 2,West,3,7,2
0,5,15,1,1925.59,0 2,South,3,7,2
0,5,15,2,1926.205,1 2,South,3,7,2
0,5,15,2,1926.735,2 2,South,3,7,2
0,5,15,3,1927.314,2 2,West,3,7,2
0,5,15,2,1927.837,2 1,West,3,7,2
0,5,15,3,1928.404,2 1,North,3,7,2
0,5,15,2,1928.944,1 1,North,3,7,2
0,5,15,1,1929.503,1 1,West,3,7,2
0,5,15,2,1930.062,1 0,West,3,7,2
0,5,15,1,1930.61,1 0,South,3,7,2
0,5,15,2,1931.155,2 0,South,3,7,2
0,5,15,2,1931.694,3 0,South,3,7,2
0,5,15,1,1932.27,3 0,East,3,7,2
0,5,15,2,1932.82,3 1,East,3,7,2
0,5,15,2,1933.381,3 2,East,3,7,2
0,5,15,3,1933.938,3 2,South,3,7,2
0,5,15,2,1934.469,4 2,South,3,7,2
0,5,15,3,1934.997,4 2,West,3,7,2
0,5,15,1,1935.972,4 2,South,3,7,2
0,5,15,1,1936.517,4 2,East,3,7,2
0,5,15,2,1937.055,4 3,East,3,7,2
0,5,15,2,1937.603,4 4,East,3,7,2
0,5,15,1,1938.129,4 4,North,3,7,2
0,5,15,2,1938.658,3 4,North,3,7,2
0,5,15,1,1939.197,3 4,West,3,7,2
0,5,15,2,1939.727,3 3,West,3,7,2
0,5,15,3,1940.287,3 3,North,3,7,2
0,5,15,2,1940.846,2 3,North,3,7,2
0,5,15,2,1941.389,1 3,North,3,7,2
0,5,15,2,1941.964,0 3,North,3,7,2
0,5,15,6,1942.36,0 3,North,3,8,2
3,5,15,1,1945.44,4 3,North,3,0,0
3,5,15,1,1945.985,4 2,North,3,0,0
3,5,15,2,1946.565,3 2,North,3,0,0
3,5,15,1,1947.186,3 1,North,3,0,0
3,5,15,2,1947.775,3 1,North,3,0,1
3,5,15,1,1949.345,3 0,North,3,0,1
3,5,15,4,1949.921,3 0,North,3,0,2
3,5,15,3,1950.63,3 1,North,3,0,2
3,5,15,3,1951.616,3 2,North,3,0,2
3,5,15,4,1952.196,4 2,North,3,0,2
3,5,15,1,1952.737,4 1,North,3,0,2
3,5,15,1,1953.378,4 0,North,3,0,2
3,5,15,6,1953.78,4 0,North,3,1,2
3,5,15,3,1953.891,4 1,North,3,1,2
3,5,15,3,1954.418,4 2,North,3,1,2
3,5,15,3,1954.947,4 3,North,3,1,2
3,5,15,3,1955.535,4 4,North,3,1,2
3,5,15,2,1956.067,3 4,North,3,1,2
3,5,15,1,1956.657,3 3,North,3,1,2
3,5,15,2,1957.603,2 3,North,3,1,2
3,5,15,2,1958.144,1 3,North,3,1,2
3,5,15,2,1958.787,0 3,North,3,1,2
3,5,15,6,1959.18,0 3,North,3,2,2
3,5,15,4,1959.39,1 3,North,3,2,2
3,5,15,4,1960.323,2 3,North,3,2,2
3,5,15,4,1960.901,3 3,North,3,2,2
3,5,15,3,1961.505,3 4,North,3,2,2
3,5,15,4,1962.02,4 4,North,3,2,2
3,5,15,1,1962.559,4 3,North,3,2,2
3,5,15,1,1963.132,4 2,North,3,2,2
3,5,15,2,1963.73,3 2,North,3,2,2
3,5,15,1,1964.26,3 1,North,3,2,2
3,5,15,1,1964.822,3 0,North,3,2,2
3,5,15,2,1965.347,2 0,North,3,2,2
3,5,15,2,1965.957,1 0,North,3,2,2
3,5,15,3,1966.499,1 1,North,3,2,2
3,5,15,4,1967.044,2 1,North,3,2,2
3,5,15,3,1967.57,2 2,North,3,2,2
3,5,15,6,1967.96,2 2,North,3,3,2
3,5,15,1,1968.125,2 1,North,3,3,2
3,5,15,2,1968.659,1 1,North,3,3,2
3,5,15,1,1969.197,1 0,North,3,3,2
3,5,15,4,1969.758,2 0,North,3,3,2
3,5,15,4,1970.349,3 0,North,3,3,2
3,5,15,3,1970.899,3 1,North,3,3,2
3,5,15,3,1971.471,3 2,North,3,3,2
3,5,15,4,1972.03,4 2,North,3,3,2
3,5,15,3,1972.56,4 3,North,3,3,2
3,5,15,3,1973.088,4 4,North,3,3,2
3,5,15,2,1973.634,3 4,North,3,3,2
3,5,15,1,1974.19,3 3,North,3,3,2
3,5,15,6,1974.6,3 3,North,3,4,2
3,5,15,3,1974.982,3 4,North,3,4,2
3,5,15,4,1975.525,4 4,North,3,4,2
3,5,15,1,1976.384,4 3,North,3,4,2
3,5,15,1,1976.948,4 2,North,3,4,2
3,5,15,2,1977.518,3 2,North,3,4,2
3,5,15,1,1978.078,3 1,North,3,4,2
3,5,15,1,1978.639,3 0,North,3,4,2
3,5,15,2,1979.253,2 0,North,3,4,2
3,5,15,6,1979.64,2 0,North,3,5,2
3,5,15,4,1979.939,3 0,North,3,5,2
3,5,15,3,1980.464,3 1,North,3,5,2
3,5,15,3,1981.077,3 2,North,3,5,2
3,5,15,4,1981.681,4 2,North,3,5,2
3,5,15,3,1982.211,4 3,North,3,5,2
3,5,15,3,1982.772,4 4,North,3,5,2
3,5,15,2,1983.348,3 4,North,3,5,2
3,5,15,6,1983.72,3 4,North,3,6,2
3,5,15,4,1984.032,4 4,North,3,6,2
3,5,15,1,1984.55,4 3,North,3,6,2
3,5,15,1,1985.072,4 2,North,3,6,2
3,5,15,6,1985.48,4 2,North,3,7,2
3,5,15,3,1985.758,4 3,North,3,7,2
3,5,15,3,1986.822,4 4,North,3,7,2
3,5,15,2,1987.357,3 4,North,3,7,2
3,5,15,1,1987.935,3 3,North,3,7,2
3,5,15,2,1988.509,2 3,North,3,7,2
3,5,15,2,1989.07,1 3,North,3,7,2
3,5,15,2,1989.662,0 3,North,3,7,2
3,5,15,3,1990.238,0 4,North,3,7,2
3,5,15,6,1990.64,0 4,North,3,8,2
0,6,16,1,1993.651,4 4,West,3,0,2
0,6,16,2,1994.182,4 3,West,3,0,2
0,6,16,6,1994.58,4 3,West,3,1,2
0,6,16,3,1994.75,4 3,North,3,1,2
0,6,16,3,1995.392,4 3,East,3,1,2
0,6,16,2,1995.937,4 4,East,3,1,2
0,6,16,1,1996.493,4 4,North,3,1,2
0,6,16,2,1997.06,3 4,North,3,1,2
0,6,16,1,1997.628,3 4,West,3,1,2
0,6,16,2,1998.225,3 3,West,3,1,2
0,6,16,3,1998.787,3 3,North,3,1,2
0,6,16,2,1999.359,2 3,North,3,1,2
0,6,16,2,1999.874,1 3,North,3,1,2
0,6,16,2,2000.526,0 3,North,3,1,2
0,6,16,3,2001.055,0 3,East,3,1,2
0,6,16,2,2001.605,0 4,East,3,1,2
0,6,16,3,2002.133,0 4,South,3,1,2
0,6,16,3,2002.654,0 4,West,3,1,2
0,6,16,2,2003.214,0 3,West,3,1,2
0,6,16,1,2003.756,0 3,South,3,1,2
0,6,16,2,2004.271,1 3,South,3,1,2
0,6,16,2,2005.235,2 3,South,3,1,2
0,6,16,2,2005.778,3 3,South,3,1,2
0,6,16,1,2006.373,3 3,East,3,1,2
0,6,16,2,2006.928,3 4,East,3,1,2
0,6,16,3,2007.541,3 4,South,3,1,2
0,6,16,2,2008.069,4 4,South,3,1,2
0,6,16,3,2008.609,4 4,West,3,1,2
0,6,16,2,2009.204,4 3,West,3,1,2
0,6,16,2,2010.18,4 2,West,3,1,2
0,6,16,3,2010.725,4 2,North,3,1,2
0,6,16,2,2011.283,3 2,North,3,1,2
0,6,16,1,2011.872,3 2,West,3,1,2
0,6,16,2,2012.432,3 1,West,3,1,2
0,6,16,2,2012.972,3 0,West,3,1,2
0,6,16,3,2013.596,3 0,North,3,1,2
0,6,16,2,2014.114,2 0,North,3,1,2
0,6,16,2,2014.652,1 0,North,3,1,2
0,6,16,3,2015.219,1 0,East,3,1,2
0,6,16,2,2015.75,1 1,East,3,1,2
0,6,16,3,2016.291,1 1,South,3,1,2
0,6,16,2,2016.838,2 1,South,3,1,2
0,6,16,1,2017.398,2 1,East,3,1,2
0,6,16,2,2017.92,2 2,East,3,1,2
0,6,16,6,2018.32,2 2,East,3,2,2
0,6,16,1,2018.483,2 2,North,3,2,2
0,6,16,2,2019.069,1 2,North,3,2,2
0,6,16,1,2019.654,1 2,West,3,2,2
0,6,16,3,2020.285,1 2,North,3,2,2
0,6,16,2,2020.878,0 2,North,3,2,2
0,6,16,1,2021.443,0 2,West,3,2,2
0,6,16,1,2022.13,0 2,South,3,2,2
0,6,16,2,2022.77,1 2,South,3,2,2
0,6,16,2,2023.311,2 2,South,3,2,2
0,6,16,3,2023.872,2 2,West,3,2,2
0,6,16,2,2024.485,2 1,West,3,2,2
0,6,16,3,2025.005,2 1,North,3,2,2
0,6,16,2,2025.55,1 1,North,3,2,2
0,6,16,1,2026.109,1 1,West,3,2,2
0,6,16,2,2026.675,1 0,West,3,2,2
0,6,16,1,2027.206,1 0,South,3,2,2
0,6,16,2,2027.742,2 0,South,3,2,2
0,6,16,2,2028.271,3 0,South,3,2,2
0,6,16,1,2028.818,3 0,East,3,2,2
0,6,16,2,2029.343,3 1,East,3,2,2
0,6,16,2,2029.875,3 2,East,3,2,2
0,6,16,3,2030.829,3 2,South,3,2,2
0,6,16,2,2031.376,4 2,South,3,2,2
0,6,16,3,2032.018,4 2,West,3,2,2
0,6,16,2,2032.563,4 1,West,3,2,2
0,6,16,6,2032.96,4 1,West,3,3,2
0,6,16,3,2033.09,4 1,North,3,3,2
0,6,16,3,2033.679,4 1,East,3,3,2
0,6,16,2,2034.208,4 2,East,3,3,2
0,6,16,1,2034.784,4 2,North,3,3,2
0,6,16,2,2035.342,3 2,North,3,3,2
0,6,16,1,2035.856,3 2,West,3,3,2
0,6,16,2,2036.418,3 1,West,3,3,2
0,6,16,2,2036.948,3 0,West,3,3,2
0,6,16,3,2037.806,3 0,North,3,3,2
0,6,16,2,2038.339,2 0,North,3,3,2
0,6,16,2,2039.312,1 0,North,3,3,2
0,6,16,3,2039.861,1 0,East,3,3,2
0,6,16,2,2040.401,1 1,East,3,3,2
0,6,16,3,2040.99,1 1,South,3,3,2
0,6,16,2,2041.52,2 1,South,3,3,2
0,6,16,1,2042.097,2 1,East,3,3,2
0,6,16,2,2042.656,2 2,East,3,3,2
0,6,16,1,2043.229,2 2,North,3,3,2
0,6,16,2,2043.807,1 2,North,3,3,2
0,6,16,2,2044.337,0 2,North,3,3,2
0,6,16,6,2044.72,0 2,North,3,4,2
0,6,16,1,2044.895,0 2,West,3,4,2
0,6,16,1,2045.49,0 2,South,3,4,2
0,6,16,2,2046.061,1 2,South,3,4,2
0,6,16,2,2046.612,2 2,South,3,4,2
0,6,16,3,2047.228,2 2,West,3,4,2
0,6,16,2,2047.797,2 1,West,3,4,2
0,6,16,3,2048.357,2 1,North,3,4,2
0,6,16,2,2048.877,1 1,North,3,4,2
0,6,16,6,2049.26,1 1,North,3,5,2
0,6,16,3,2049.408,1 1,East,3,5,2
0,6,16,3,2049.925,1 1,South,3,5,2
0,6,16,2,2050.482,2 1,South,3,5,2
0,6,16,1,2051.022,2 1,East,3,5,2
0,6,16,2,2051.572,2 2,East,3,5,2
0,6,16,1,2052.114,2 2,North,3,5,2
0,6,16,2,2052.625,1 2,North,3,5,2
0,6,16,2,2053.155,0 2,North,3,5,2
0,6,16,1,2054.014,0 2,West,3,5,2
0,6,16,2,2054.694,0 1,West,3,5,2
0,6,16,2,2055.564,0 0,West,3,5,2
0,6,16,6,2055.98,0 0,West,3,6,2
0,6,16,1,2056.116,0 0,South,3,6,2
0,6,16,1,2056.671,0 0,East,3,6,2
0,6,16,2,2057.253,0 1,East,3,6,2
0,6,16,2,2057.763,0 2,East,3,6,2
0,6,16,3,2058.321,0 2,South,3,6,2
0,6,16,2,2058.899,1 2,South,3,6,2
0,6,16,2,2059.889,2 2,South,3,6,2
0,6,16,3,2060.45,2 2,West,3,6,2
0,6,16,2,2061.027,2 1,West,3,6,2
0,6,16,3,2061.586,2 1,North,3,6,2
0,6,16,2,2062.179,1 1,North,3,6,2
0,6,16,1,2062.74,1 1,West,3,6,2
0,6,16,2,2063.318,1 0,West,3,6,2
0,6,16,1,2063.838,1 0,South,3,6,2
0,6,16,2,2064.385,2 0,South,3,6,2
0,6,16,2,2064.931,3 0,South,3,6,2
0,6,16,1,2065.49,3 0,East,3,6,2
0,6,16,2,2066.049,3 1,East,3,6,2
0,6,16,2,2066.593,3 2,East,3,6,2
0,6,16,3,2067.197,3 2,South,3,6,2
0,6,16,2,2067.725,4 2,South,3,6,2
0,6,16,3,2068.293,4 2,West,3,6,2
0,6,16,1,2068.836,4 2,South,3,6,2
0,6,16,1,2069.421,4 2,East,3,6,2
0,6,16,2,2069.998,4 3,East,3,6,2
0,6,16,2,2070.559,4 4,East,3,6,2
0,6,16,1,2071.141,4 4,North,3,6,2
0,6,16,2,2072.125,3 4,North,3,6,2
0,6,16,1,2073.073,3 4,West,3,6,2
0,6,16,2,2073.631,3 3,West,3,6,2
0,6,16,3,2074.237,3 3,North,3,6,2
0,6,16,2,2074.782,2 3,North,3,6,2
0,6,16,6,2075.16,2 3,North,3,7,2
0,6,16,2,2075.422,1 3,North,3,7,2
0,6,16,2,2076.02,0 3,North,3,7,2
0,6,16,3,2076.558,0 3,East,3,7,2
0,6,16,2,2077.108,0 4,East,3,7,2
0,6,16,3,2077.648,0 4,South,3,7,2
0,6,16,2,2078.24,1 4,South,3,7,2
0,6,16,6,2078.62,1 4,South,3,8,2
3,6,16,1,2081.423,4 3,North,3,0,0
3,6,16,1,2082.38,4 2,North,3,0,0
3,6,16,2,2083.022,3 2,North,3,0,0
3,6,16,1,2083.632,3 1,North,3,0,0
3,6,16,1,2084.212,3 0,North,3,0,0
3,6,16,2,2084.748,2 0,North,3,0,0
3,6,16,2,2085.328,1 0,North,3,0,0
3,6,16,3,2085.942,1 1,North,3,0,0
3,6,16,6,2086.34,1 1,North,3,1,0
3,6,16,4,2086.893,2 1,North,3,1,0
3,6,16,3,2087.502,2 2,North,3,1,0
3,6,16,6,2087.9,2 2,North,3,2,0
3,6,16,1,2088.068,2 1,North,3,2,0
3,6,16,2,2088.593,1 1,North,3,2,0
3,6,16,1,2089.141,1 0,North,3,2,0
3,6,16,4,2089.663,2 0,North,3,2,0
3,6,16,4,2090.204,3 0,North,3,2,0
3,6,16,3,2090.722,3 1,North,3,2,0
3,6,16,3,2091.714,3 2,North,3,2,0
3,6,16,4,2092.253,4 2,North,3,2,0
3,6,16,1,2092.878,4 1,North,3,2,0
3,6,16,6,2093.28,4 1,North,3,3,0
3,6,16,3,2093.5,4 2,North,3,3,0
3,6,16,3,2094.028,4 3,North,3,3,0
3,6,16,3,2094.597,4 4,North,3,3,0
3,6,16,2,2095.173,3 4,North,3,3,0
3,6,16,1,2095.782,3 3,North,3,3,0
3,6,16,2,2096.703,2 3,North,3,3,0
3,6,16,2,2097.234,1 3,North,3,3,0
3,6,16,2,2097.825,0 3,North,3,3,0
3,6,16,3,2098.382,0 4,North,3,3,0
3,6,16,4,2098.982,1 4,North,3,3,0
3,6,16,6,2099.34,1 4,North,3,4,0
3,6,16,2,2099.54,0 4,North,3,4,0
3,6,16,1,2100.478,0 3,North,3,4,0
3,6,16,4,2101.39,1 3,North,3,4,0
3,6,16,4,2101.925,2 3,North,3,4,0
3,6,16,4,2102.512,3 3,North,3,4,0
3,6,16,3,2103.158,3 4,North,3,4,0
3,6,16,4,2103.683,4 4,North,3,4,0
3,6,16,1,2104.581,4 3,North,3,4,0
3,6,16,1,2105.105,4 2,North,3,4,0
3,6,16,1,2105.676,4 1,North,3,4,0
3,6,16,1,2106.239,4 0,North,3,4,0
3,6,16,6,2106.64,4 0,North,3,5,0
3,6,16,3,2106.788,4 1,North,3,5,0
3,6,16,3,2107.317,4 2,North,3,5,0
3,6,16,3,2107.908,4 3,North,3,5,0
3,6,16,3,2108.449,4 4,North,3,5,0
3,6,16,2,2109.037,3 4,North,3,5,0
3,6,16,1,2109.634,3 3,North,3,5,0
3,6,16,2,2110.16,2 3,North,3,5,0
3,6,16,2,2110.732,1 3,North,3,5,0
3,6,16,6,2111.12,1 3,North,3,6,0
3,6,16,4,2111.265,2 3,North,3,6,0
3,6,16,4,2111.794,3 3,North,3,6,0
3,6,16,3,2112.366,3 4,North,3,6,0
3,6,16,4,2112.91,4 4,North,3,6,0
3,6,16,1,2113.448,4 3,North,3,6,0
3,6,16,1,2114.047,4 2,North,3,6,0
3,6,16,2,2114.573,3 2,North,3,6,0
3,6,16,1,2115.508,3 1,North,3,6,0
3,6,16,1,2116.037,3 0,North,3,6,0
3,6,16,2,2116.613,2 0,North,3,6,0
3,6,16,2,2117.203,1 0,North,3,6,0
3,6,16,6,2117.58,1 0,North,3,7,0
3,6,16,4,2117.841,2 0,North,3,7,0
3,6,16,4,2118.909,3 0,North,3,7,0
3,6,16,3,2119.424,3 1,North,3,7,0
3,6,16,3,2119.982,3 2,North,3,7,0
3,6,16,4,2120.622,4 2,North,3,7,0
3,6,16,3,2121.136,4 3,North,3,7,0
3,6,16,3,2121.677,4 4,North,3,7,0
3,6,16,2,2122.211,3 4,North,3,7,0
3,6,16,1,2122.784,3 3,North,3,7,0
3,6,16,6,2123.18,3 3,North,3,8,0
0,6,17,2,2126.349,3 4,North,3,0,0
0,6,17,6,2126.72,3 4,North,3,1,0
0,6,17,1,2126.927,3 4,West,3,1,0
0,6,17,1,2127.551,3 4,South,3,1,0
0,6,17,2,2128.096,4 4,South,3,1,0
0,6,17,3,2128.64,4 4,West,3,1,0
0,6,17,3,2129.362,4 4,North,3,1,0
0,6,17,2,2129.958,3 4,North,3,1,0
0,6,17,1,2130.542,3 4,West,3,1,0
0,6,17,1,2131.088,3 4,South,3,1,0
0,6,17,2,2131.694,4 4,South,3,1,0
0,6,17,3,2132.325,4 4,West,3,1,0
0,6,17,2,2132.944,4 3,West,3,1,0
0,6,17,2,2133.857,4 2,West,3,1,0
0,6,17,3,2134.396,4 2,North,3,1,0
0,6,17,2,2134.963,3 2,North,3,1,0
0,6,17,1,2135.571,3 2,West,3,1,0
0,6,17,2,2136.166,3 1,West,3,1,0
0,6,17,2,2136.754,3 0,West,3,1,0
0,6,17,3,2137.328,3 0,North,3,1,0
0,6,17,2,2137.853,2 0,North,3,1,0
0,6,17,6,2138.24,2 0,North,3,2,0
0,6,17,2,2138.381,1 0,North,3,2,0
0,6,17,3,2138.981,1 0,East,3,2,0
0,6,17,2,2139.49,1 1,East,3,2,0
0,6,17,3,2140.095,1 1,South,3,2,0
0,6,17,2,2140.963,2 1,South,3,2,0
0,6,17,1,2141.507,2 1,East,3,2,0
0,6,17,2,2142.112,2 2,East,3,2,0
0,6,17,1,2142.653,2 2,North,3,2,0
0,6,17,2,2143.181,1 2,North,3,2,0
0,6,17,2,2143.731,0 2,North,3,2,0
0,6,17,1,2144.332,0 2,West,3,2,0
0,6,17,1,2144.895,0 2,South,3,2,0
0,6,17,2,2145.424,1 2,South,3,2,0
0,6,17,2,2145.985,2 2,South,3,2,0
0,6,17,3,2146.562,2 2,West,3,2,0
0,6,17,2,2147.107,2 1,West,3,2,0
0,6,17,3,2147.652,2 1,North,3,2,0
0,6,17,2,2148.541,1 1,North,3,2,0
0,6,17,1,2149.154,1 1,West,3,2,0
0,6,17,2,2149.812,1 0,West,3,2,0
0,6,17,1,2150.35,1 0,South,3,2,0
0,6,17,2,2150.915,2 0,South,3,2,0
0,6,17,2,2151.526,3 0,South,3,2,0
0,6,17,1,2152.062,3 0,East,3,2,0
0,6,17,2,2152.62,3 1,East,3,2,0
0,6,17,2,2153.181,3 2,East,3,2,0
0,6,17,6,2153.58,3 2,East,3,3,0
0,6,17,3,2153.731,3 2,South,3,3,0
0,6,17,2,2154.304,4 2,South,3,3,0
0,6,17,1,2154.943,4 2,East,3,3,0
0,6,17,2,2155.488,4 3,East,3,3,0
0,6,17,2,2156.047,4 4,East,3,3,0
0,6,17,1,2156.691,4 4,North,3,3,0
0,6,17,2,2157.268,3 4,North,3,3,0
0,6,17,1,2157.823,3 4,West,3,3,0
0,6,17,2,2158.418,3 3,West,3,3,0
0,6,17,3,2158.995,3 3,North,3,3,0
0,6,17,2,2159.538,2 3,North,3,3,0
0,6,17,2,2160.095,1 3,North,3,3,0
0,6,17,2,2160.654,0 3,North,3,3,0
0,6,17,3,2161.266,0 3,East,3,3,0
0,6,17,2,2161.822,0 4,East,3,3,0
0,6,17,3,2162.388,0 4,South,3,3,0
0,6,17,3,2162.942,0 4,West,3,3,0
0,6,17,2,2163.52,0 3,West,3,3,0
0,6,17,1,2164.175,0 3,South,3,3,0
0,6,17,2,2164.754,1 3,South,3,3,0
0,6,17,2,2165.341,2 3,South,3,3,0
0,6,17,2,2165.891,3 3,South,3,3,0
0,6,17,1,2166.527,3 3,East,3,3,0
0,6,17,2,2167.119,3 4,East,3,3,0
0,6,17,3,2167.713,3 4,South,3,3,0
0,6,17,2,2168.277,4 4,South,3,3,0
0,6,17,3,2168.881,4 4,West,3,3,0
0,6,17,2,2169.407,4 3,West,3,3,0
0,6,17,2,2169.97,4 2,West,3,3,0
0,6,17,3,2170.544,4 2,North,3,3,0
0,6,17,2,2171.102,3 2,North,3,3,0
0,6,17,1,2171.682,3 2,West,3,3,0
0,6,17,2,2172.26,3 1,West,3,3,0
0,6,17,2,2172.787,3 0,West,3,3,0
0,6,17,3,2173.373,3 0,North,3,3,0
0,6,17,2,2173.939,2 0,North,3,3,0
0,6,17,2,2174.479,1 0,North,3,3,0
0,6,17,3,2175.027,1 0,East,3,3,0
0,6,17,2,2175.549,1 1,East,3,3,0
0,6,17,3,2176.083,1 1,South,3,3,0
0,6,17,2,2176.641,2 1,South,3,3,0
0,6,17,6,2177.02,2 1,South,3,4,0
0,6,17,1,2177.631,2 1,East,3,4,0
0,6,17,2,2178.174,2 2,East,3,4,0
0,6,17,1,2178.755,2 2,North,3,4,0
0,6,17,2,2179.315,1 2,North,3,4,0
0,6,17,6,2179.7,1 2,North,3,5,0
0,6,17,2,2179.874,0 2,North,3,5,0
0,6,17,1,2180.404,0 2,West,3,5,0
0,6,17,1,2180.961,0 2,South,3,5,0
0,6,17,2,2181.521,1 2,South,3,5,0
0,6,17,2,2182.053,2 2,South,3,5,0
0,6,17,3,2182.612,2 2,West,3,5,0
0,6,17,2,2183.172,2 1,West,3,5,0
0,6,17,3,2183.714,2 1,North,3,5,0
0,6,17,2,2184.26,1 1,North,3,5,0
0,6,17,1,2184.865,1 1,West,3,5,0
0,6,17,2,2185.406,1 0,West,3,5,0
0,6,17,1,2186.02,1 0,South,3,5,0
0,6,17,2,2186.576,2 0,South,3,5,0
0,6,17,2,2187.599,3 0,South,3,5,0
0,6,17,1,2188.194,3 0,East,3,5,0
0,6,17,2,2188.75,3 1,East,3,5,0
0,6,17,2,2189.284,3 2,East,3,5,0
0,6,17,3,2189.903,3 2,South,3,5,0
0,6,17,2,2190.497,4 2,South,3,5,0
0,6,17,3,2191.059,4 2,West,3,5,0
0,6,17,1,2191.602,4 2,South,3,5,0
0,6,17,1,2192.157,4 2,East,3,5,0
0,6,17,2,2192.693,4 3,East,3,5,0
0,6,17,2,2193.214,4 4,East,3,5,0
0,6,17,1,2193.842,4 4,North,3,5,0
0,6,17,2,2194.381,3 4,North,3,5,0
0,6,17,1,2194.962,3 4,West,3,5,0
0,6,17,2,2195.521,3 3,West,3,5,0
0,6,17,6,2195.92,3 3,West,3,6,0
0,6,17,1,2196.112,3 3,South,3,6,0
0,6,17,1,2196.849,3 3,East,3,6,0
0,6,17,2,2197.376,3 4,East,3,6,0
0,6,17,3,2198.002,3 4,South,3,6,0
0,6,17,2,2198.53,4 4,South,3,6,0
0,6,17,3,2199.127,4 4,West,3,6,0
0,6,17,3,2199.709,4 4,North,3,6,0
0,6,17,2,2200.334,3 4,North,3,6,0
0,6,17,1,2200.918,3 4,West,3,6,0
0,6,17,2,2201.535,3 3,West,3,6,0
0,6,17,3,2202.113,3 3,North,3,6,0
0,6,17,2,2202.674,2 3,North,3,6,0
0,6,17,2,2203.236,1 3,North,3,6,0
0,6,17,2,2203.788,0 3,North,3,6,0
0,6,17,3,2204.704,0 3,East,3,6,0
0,6,17,2,2205.599,0 4,East,3,6,0
0,6,17,3,2206.164,0 4,South,3,6,0
0,6,17,3,2206.767,0 4,West,3,6,0
0,6,17,2,2207.327,0 3,West,3,6,0
0,6,17,1,2207.906,0 3,South,3,6,0
0,6,17,2,2208.512,1 3,South,3,6,0
0,6,17,2,2209.073,2 3,South,3,6,0
0,6,17,2,2209.582,3 3,South,3,6,0
0,6,17,1,2210.206,3 3,East,3,6,0
0,6,17,2,2210.771,3 4,East,3,6,0
0,6,17,3,2211.358,3 4,South,3,6,0
0,6,17,2,2211.904,4 4,South,3,6,0
0,6,17,3,2212.516,4 4,West,3,6,0
0,6,17,2,2213.026,4 3,West,3,6,0
0,6,17,2,2213.619,4 2,West,3,6,0
0,6,17,3,2214.557,4 2,North,3,6,0
0,6,17,2,2215.137,3 2,North,3,6,0
0,6,17,1,2215.724,3 2,West,3,6,0
0,6,17,2,2216.291,3 1,West,3,6,0
0,6,17,2,2216.885,3 0,West,3,6,0
0,6,17,3,2217.462,3 0,North,3,6,0
0,6,17,2,2218.046,2 0,North,3,6,0
0,6,17,2,2219.008,1 0,North,3,6,0
0,6,17,6,2219.38,1 0,North,3,7,0
0,6,17,3,2219.614,1 0,East,3,7,0
0,6,17,2,2220.172,1 1,East,3,7,0
0,6,17,3,2220.752,1 1,South,3,7,0
0,6,17,2,2221.329,2 1,South,3,7,0
0,6,17,1,2221.908,2 1,East,3,7,0
0,6,17,2,2222.486,2 2,East,3,7,0
0,6,17,1,2223.088,2 2,North,3,7,0
0,6,17,2,2224.014,1 2,North,3,7,0
0,6,17,2,2224.611,0 2,North,3,7,0
0,6,17,1,2225.215,0 2,West,3,7,0
0,6,17,1,2225.779,0 2,South,3,7,0
0,6,17,2,2226.337,1 2,South,3,7,0
0,6,17,2,2226.909,2 2,South,3,7,0
0,6,17,3,2227.541,2 2,West,3,7,0
0,6,17,2,2228.116,2 1,West,3,7,0
0,6,17,3,2229.006,2 1,North,3,7,0
0,6,17,2,2230.066,1 1,North,3,7,0
0,6,17,1,2230.659,1 1,West,3,7,0
0,6,17,2,2231.443,1 0,West,3,7,0
0,6,17,1,2231.988,1 0,South,3,7,0
0,6,17,2,2232.769,2 0,South,3,7,0
0,6,17,2,2233.297,3 0,South,3,7,0
0,6,17,1,2234.015,3 0,East,3,7,0
0,6,17,2,2234.564,3 1,East,3,7,0
0,6,17,3,2235.294,3 1,South,3,7,0
0,6,17,1,2235.828,3 1,East,3,7,0
0,6,17,2,2236.452,3 2,East,3,7,0
0,6,17,3,2237.053,3 2,South,3,7,0
0,6,17,2,2237.572,4 2,South,3,7,0
0,6,17,1,2238.242,4 2,East,3,7,0
0,6,17,2,2238.769,4 3,East,3,7,0
0,6,17,2,2239.344,4 4,East,3,7,0
0,6,17,1,2239.9,4 4,North,3,7,0
0,6,17,2,2240.467,3 4,North,3,7,0
0,6,17,1,2241.042,3 4,West,3,7,0
0,6,17,2,2241.667,3 3,West,3,7,0
0,6,17,3,2242.34,3 3,North,3,7,0
0,6,17,2,2242.902,2 3,North,3,7,0
0,6,17,2,2243.775,1 3,North,3,7,0
0,6,17,6,2244.16,1 3,North,3,8,0
3,6,17,1,2247.156,4 3,North,3,0,0
3,6,17,1,2248.098,4 2,North,3,0,0
3,6,17,2,2248.708,3 2,North,3,0,0
3,6,17,1,2249.409,3 1,North,3,0,0
3,6,17,1,2250.097,3 0,North,3,0,0
3,6,17,2,2250.653,2 0,North,3,0,0
3,6,17,2,2251.181,1 0,North,3,0,0
3,6,17,6,2251.56,1 0,North,3,1,0
3,6,17,4,2252.097,2 0,North,3,1,0
3,6,17,4,2253.072,3 0,North,3,1,0
3,6,17,3,2253.732,3 1,North,3,1,0
3,6,17,3,2254.413,3 2,North,3,1,0
3,6,17,6,2254.82,3 2,North,3,2,0
3,6,17,1,2255.298,3 1,North,3,2,0
3,6,17,1,2256.144,3 0,North,3,2,0
3,6,17,2,2256.749,2 0,North,3,2,0
3,6,17,6,2257.12,2 0,North,3,3,0
3,6,17,4,2257.349,3 0,North,3,3,0
3,6,17,3,2257.925,3 1,North,3,3,0
3,6,17,3,2258.498,3 2,North,3,3,0
3,6,17,4,2259.073,4 2,North,3,3,0
3,6,17,3,2259.601,4 3,North,3,3,0
3,6,17,3,2260.158,4 4,North,3,3,0
3,6,17,2,2260.751,3 4,North,3,3,0
3,6,17,1,2261.34,3 3,North,3,3,0
3,6,17,2,2261.903,2 3,North,3,3,0
3,6,17,2,2262.513,1 3,North,3,3,0
3,6,17,6,2262.9,1 3,North,3,4,0
3,6,17,2,2263.331,0 3,North,3,4,0
3,6,17,3,2263.887,0 4,North,3,4,0
3,6,17,6,2264.28,0 4,North,3,5,0
3,6,17,1,2264.498,0 3,North,3,5,0
3,6,17,4,2265.087,1 3,North,3,5,0
3,6,17,4,2265.695,2 3,North,3,5,0
3,6,17,6,2266.06,2 3,North,3,6,0
3,6,17,3,2266.854,2 3,North,3,6,1
3,6,17,4,2267.389,3 3,North,3,6,1
3,6,17,3,2267.941,3 4,North,3,6,1
3,6,17,4,2268.772,4 4,North,3,6,1
3,6,17,1,2269.397,4 3,North,3,6,1
3,6,17,1,2269.982,4 2,North,3,6,1
3,6,17,2,2270.626,3 2,North,3,6,1
3,6,17,1,2271.233,3 1,North,3,6,1
3,6,17,1,2271.781,3 0,North,3,6,1
3,6,17,2,2272.367,2 0,North,3,6,1
3,6,17,2,2272.972,1 0,North,3,6,1
3,6,17,3,2273.588,1 1,North,3,6,1
3,6,17,4,2274.148,2 1,North,3,6,1
3,6,17,3,2274.773,2 2,North,3,6,1
3,6,17,2,2275.357,1 2,North,3,6,1
3,6,17,2,2275.922,0 2,North,3,6,1
3,6,17,6,2276.3,0 2,North,3,7,1
3,6,17,4,2276.625,1 2,North,3,7,1
3,6,17,4,2277.182,2 2,North,3,7,1
3,6,17,1,2277.807,2 1,North,3,7,1
3,6,17,2,2278.384,1 1,North,3,7,1
3,6,17,1,2278.941,1 0,North,3,7,1
3,6,17,4,2279.554,2 0,North,3,7,1
3,6,17,4,2280.095,3 0,North,3,7,1
3,6,17,3,2280.673,3 1,North,3,7,1
3,6,17,3,2281.27,3 2,North,3,7,1
3,6,17,4,2281.859,4 2,North,3,7,1
3,6,17,3,2282.373,4 3,North,3,7,1
3,6,17,3,2282.96,4 4,North,3,7,1
3,6,17,2,2283.565,3 4,North,3,7,1
3,6,17,1,2284.177,3 3,North,3,7,1
3,6,17,2,2284.749,2 3,North,3,7,1
3,6,17,2,2285.299,1 3,North,3,7,1
3,6,17,2,2285.949,0 3,North,3,7,1
3,6,17,6,2286.34,0 3,North,3,8,1
0,6,18,1,2289.696,4 4,West,3,0,1
0,6,18,2,2290.319,4 3,West,3,0,1
0,6,18,2,2290.912,4 2,West,3,0,1
0,6,18,6,2291.32,4 2,West,3,1,1
0,6,18,3,2291.487,4 2,North,3,1,1
0,6,18,3,2292.144,4 2,East,3,1,1
0,6,18,2,2292.687,4 3,East,3,1,1
0,6,18,2,2293.285,4 4,East,3,1,1
0,6,18,1,2293.869,4 4,North,3,1,1
0,6,18,2,2294.417,3 4,North,3,1,1
0,6,18,1,2295.021,3 4,West,3,1,1
0,6,18,2,2295.665,3 3,West,3,1,1
0,6,18,3,2296.221,3 3,North,3,1,1
0,6,18,2,2296.818,2 3,North,3,1,1
0,6,18,2,2297.4,1 3,North,3,1,1
0,6,18,2,2298.001,0 3,North,3,1,1
0,6,18,6,2298.38,0 3,North,3,2,1
0,6,18,3,2298.573,0 3,East,3,2,1
0,6,18,2,2299.148,0 4,East,3,2,1
0,6,18,3,2299.715,0 4,South,3,2,1
0,6,18,3,2300.289,0 4,West,3,2,1
0,6,18,2,2300.918,0 3,West,3,2,1
0,6,18,1,2301.504,0 3,South,3,2,1
0,6,18,2,2302.066,1 3,South,3,2,1
0,6,18,2,2302.643,2 3,South,3,2,1
0,6,18,1,2303.284,2 3,East,3,2,1
0,6,18,3,2303.871,2 3,South,3,2,1
0,6,18,2,2304.485,3 3,South,3,2,1
0,6,18,1,2305.07,3 3,East,3,2,1
0,6,18,2,2305.628,3 4,East,3,2,1
0,6,18,3,2306.254,3 4,South,3,2,1
0,6,18,2,2306.829,4 4,South,3,2,1
0,6,18,3,2307.442,4 4,West,3,2,1
0,6,18,2,2308.084,4 3,West,3,2,1
0,6,18,2,2308.668,4 2,West,3,2,1
0,6,18,3,2309.247,4 2,North,3,2,1
0,6,18,2,2309.796,3 2,North,3,2,1
0,6,18,1,2310.369,3 2,West,3,2,1
0,6,18,2,2310.909,3 1,West,3,2,1
0,6,18,6,2311.32,3 1,West,3,3,1
0,6,18,1,2311.525,3 1,South,3,3,1
0,6,18,1,2312.259,3 1,East,3,3,1
0,6,18,2,2312.799,3 2,East,3,3,1
0,6,18,3,2313.36,3 2,South,3,3,1
0,6,18,2,2313.983,4 2,South,3,3,1
0,6,18,1,2314.578,4 2,East,3,3,1
0,6,18,1,2315.122,4 2,North,3,3,1
0,6,18,2,2316.001,3 2,North,3,3,1
0,6,18,1,2316.98,3 2,West,3,3,1
0,6,18,2,2317.586,3 1,West,3,3,1
0,6,18,2,2318.161,3 0,West,3,3,1
0,6,18,3,2318.773,3 0,North,3,3,1
0,6,18,2,2319.381,2 0,North,3,3,1
0,6,18,2,2319.957,1 0,North,3,3,1
0,6,18,3,2320.541,1 0,East,3,3,1
0,6,18,2,2321.089,1 1,East,3,3,1
0,6,18,3,2321.682,1 1,South,3,3,1
0,6,18,2,2322.287,2 1,South,3,3,1
0,6,18,1,2322.893,2 1,East,3,3,1
0,6,18,2,2323.455,2 2,East,3,3,1
0,6,18,1,2324.037,2 2,North,3,3,1
0,6,18,2,2324.606,1 2,North,3,3,1
0,6,18,2,2325.182,0 2,North,3,3,1
0,6,18,1,2325.797,0 2,West,3,3,1
0,6,18,1,2326.374,0 2,South,3,3,1
0,6,18,2,2327.009,1 2,South,3,3,1
0,6,18,2,2327.571,2 2,South,3,3,1
0,6,18,3,2328.131,2 2,West,3,3,1
0,6,18,2,2328.674,2 1,West,3,3,1
0,6,18,3,2329.277,2 1,North,3,3,1
0,6,18,2,2330.156,1 1,North,3,3,1
0,6,18,1,2330.771,1 1,West,3,3,1
0,6,18,2,2331.375,1 0,West,3,3,1
0,6,18,1,2331.997,1 0,South,3,3,1
0,6,18,2,2332.574,2 0,South,3,3,1
0,6,18,2,2333.152,3 0,South,3,3,1
0,6,18,1,2333.713,3 0,East,3,3,1
0,6,18,2,2334.271,3 1,East,3,3,1
0,6,18,2,2334.881,3 2,East,3,3,1
0,6,18,3,2335.49,3 2,South,3,3,1
0,6,18,2,2336.435,4 2,South,3,3,1
0,6,18,1,2337.092,4 2,East,3,3,1
0,6,18,2,2337.633,4 3,East,3,3,1
0,6,18,2,2338.181,4 4,East,3,3,1
0,6,18,1,2338.708,4 4,North,3,3,1
0,6,18,2,2339.285,3 4,North,3,3,1
0,6,18,1,2339.844,3 4,West,3,3,1
0,6,18,2,2340.451,3 3,West,3,3,1
0,6,18,3,2341.039,3 3,North,3,3,1
0,6,18,2,2341.601,2 3,North,3,3,1
0,6,18,2,2342.173,1 3,North,3,3,1
0,6,18,2,2342.788,0 3,North,3,3,1
0,6,18,3,2343.347,0 3,East,3,3,1
0,6,18,2,2344.253,0 4,East,3,3,1
0,6,18,6,2344.66,0 4,East,3,4,1
0,6,18,3,2344.799,0 4,South,3,4,1
0,6,18,3,2345.392,0 4,West,3,4,1
0,6,18,2,2345.951,0 3,West,3,4,1
0,6,18,1,2346.527,0 3,South,3,4,1
0,6,18,2,2347.073,1 3,South,3,4,1
0,6,18,2,2347.615,2 3,South,3,4,1
0,6,18,2,2348.204,3 3,South,3,4,1
0,6,18,1,2348.78,3 3,East,3,4,1
0,6,18,2,2349.617,3 4,East,3,4,1
0,6,18,3,2350.157,3 4,South,3,4,1
0,6,18,2,2350.766,4 4,South,3,4,1
0,6,18,3,2351.315,4 4,West,3,4,1
0,6,18,2,2352.23,4 3,West,3,4,1
0,6,18,2,2352.803,4 2,West,3,4,1
0,6,18,2,2353.599,4 1,West,3,4,1
0,6,18,2,2354.146,4 0,West,3,4,1
0,6,18,6,2354.56,4 0,West,3,5,1
0,6,18,3,2354.702,4 0,North,3,5,1
0,6,18,3,2355.3,4 0,East,3,5,1
0,6,18,2,2355.826,4 1,East,3,5,1
0,6,18,2,2356.366,4 2,East,3,5,1
0,6,18,1,2357.028,4 2,North,3,5,1
0,6,18,2,2357.98,3 2,North,3,5,1
0,6,18,1,2358.514,3 2,West,3,5,1
0,6,18,2,2359.092,3 1,West,3,5,1
0,6,18,2,2359.632,3 0,West,3,5,1
0,6,18,3,2360.244,3 0,North,3,5,1
0,6,18,2,2360.766,2 0,North,3,5,1
0,6,18,2,2361.343,1 0,North,3,5,1
0,6,18,3,2361.886,1 0,East,3,5,1
0,6,18,2,2362.428,1 1,East,3,5,1
0,6,18,3,2362.982,1 1,South,3,5,1
0,6,18,2,2363.533,2 1,South,3,5,1
0,6,18,1,2364.101,2 1,East,3,5,1
0,6,18,2,2364.66,2 2,East,3,5,1
0,6,18,1,2365.235,2 2,North,3,5,1
0,6,18,2,2366.068,1 2,North,3,5,1
0,6,18,2,2366.606,0 2,North,3,5,1
0,6,18,1,2367.174,0 2,West,3,5,1
0,6,18,2,2368.096,0 1,West,3,5,1
0,6,18,6,2368.52,0 1,West,3,6,1
0,6,18,1,2368.644,0 1,South,3,6,1
0,6,18,1,2369.166,0 1,East,3,6,1
0,6,18,2,2369.762,0 2,East,3,6,1
0,6,18,3,2370.302,0 2,South,3,6,1
0,6,18,2,2370.881,1 2,South,3,6,1
0,6,18,2,2371.42,2 2,South,3,6,1
0,6,18,3,2372.029,2 2,West,3,6,1
0,6,18,2,2372.594,2 1,West,3,6,1
0,6,18,3,2373.104,2 1,North,3,6,1
0,6,18,2,2373.664,1 1,North,3,6,1
0,6,18,1,2374.24,1 1,West,3,6,1
0,6,18,2,2374.815,1 0,West,3,6,1
0,6,18,1,2375.38,1 0,South,3,6,1
0,6,18,2,2375.981,2 0,South,3,6,1
0,6,18,2,2376.91,3 0,South,3,6,1
0,6,18,6,2377.28,3 0,South,3,7,1
0,6,18,1,2377.516,3 0,East,3,7,1
0,6,18,2,2378.046,3 1,East,3,7,1
0,6,18,2,2378.593,3 2,East,3,7,1
0,6,18,3,2379.153,3 2,South,3,7,1
0,6,18,2,2379.718,4 2,South,3,7,1
0,6,18,3,2380.26,4 2,West,3,7,1
0,6,18,1,2380.805,4 2,South,3,7,1
0,6,18,1,2381.35,4 2,East,3,7,1
0,6,18,2,2381.904,4 3,East,3,7,1
0,6,18,2,2382.451,4 4,East,3,7,1
0,6,18,1,2383.013,4 4,North,3,7,1
0,6,18,2,2383.601,3 4,North,3,7,1
0,6,18,1,2384.193,3 4,West,3,7,1
0,6,18,2,2384.752,3 3,West,3,7,1
0,6,18,3,2385.405,3 3,North,3,7,1
0,6,18,2,2385.967,2 3,North,3,7,1
0,6,18,2,2386.481,1 3,North,3,7,1
0,6,18,2,2387.075,0 3,North,3,7,1
0,6,18,3,2387.63,0 3,East,3,7,1
0,6,18,2,2388.225,0 4,East,3,7,1
0,6,18,3,2388.771,0 4,South,3,7,1
0,6,18,2,2389.429,1 4,South,3,7,1
0,6,18,2,2389.965,2 4,South,3,7,1
0,6,18,6,2390.34,2 4,South,3,8,1
3,6,18,1,2393.662,4 3,North,3,0,0
3,6,18,1,2394.237,4 2,North,3,0,0
3,6,18,2,2394.815,3 2,North,3,0,0
3,6,18,1,2395.446,3 1,North,3,0,0
3,6,18,1,2396.23,3 0,North,3,0,0
3,6,18,2,2396.752,2 0,North,3,0,0
3,6,18,2,2397.363,1 0,North,3,0,0
3,6,18,3,2397.886,1 1,North,3,0,0
3,6,18,4,2398.42,2 1,North,3,0,0
3,6,18,3,2399.007,2 2,North,3,0,0
3,6,18,2,2399.569,1 2,North,3,0,0
3,6,18,2,2400.115,0 2,North,3,0,0
3,6,18,1,2400.703,0 1,North,3,0,0
3,6,18,6,2401.12,0 1,North,3,1,0
3,6,18,3,2401.233,0 2,North,3,1,0
3,6,18,4,2401.749,1 2,North,3,1,0
3,6,18,4,2402.784,2 2,North,3,1,0
3,6,18,1,2403.742,2 1,North,3,1,0
3,6,18,2,2404.387,1 1,North,3,1,0
3,6,18,1,2405.008,1 0,North,3,1,0
3,6,18,4,2405.602,2 0,North,3,1,0
3,6,18,4,2406.165,3 0,North,3,1,0
3,6,18,3,2406.733,3 1,North,3,1,0
3,6,18,3,2407.296,3 2,North,3,1,0
3,6,18,4,2407.843,4 2,North,3,1,0
3,6,18,1,2408.797,4 1,North,3,1,0
3,6,18,1,2409.378,4 0,North,3,1,0
3,6,18,6,2409.78,4 0,North,3,2,0
3,6,18,3,2409.965,4 1,North,3,2,0
3,6,18,3,2410.933,4 2,North,3,2,0
3,6,18,2,2411.534,3 2,North,3,2,0
3,6,18,1,2412.174,3 1,North,3,2,0
3,6,18,6,2412.58,3 1,North,3,3,0
3,6,18,3,2412.96,3 2,North,3,3,0
3,6,18,1,2413.47,3 1,North,3,3,0
3,6,18,1,2414.048,3 0,North,3,3,0
3,6,18,2,2414.612,2 0,North,3,3,0
3,6,18,2,2415.182,1 0,North,3,3,0
3,6,18,3,2415.795,1 1,North,3,3,0
3,6,18,4,2416.418,2 1,North,3,3,0
3,6,18,3,2416.966,2 2,North,3,3,0
3,6,18,2,2417.521,1 2,North,3,3,0
3,6,18,6,2417.9,1 2,North,3,4,0
3,6,18,4,2418.275,2 2,North,3,4,0
3,6,18,1,2419.181,2 1,North,3,4,0
3,6,18,2,2419.838,1 1,North,3,4,0
3,6,18,1,2420.482,1 0,North,3,4,0
3,6,18,4,2421.076,2 0,North,3,4,0
3,6,18,4,2421.669,3 0,North,3,4,0
3,6,18,3,2422.237,3 1,North,3,4,0
3,6,18,3,2422.802,3 2,North,3,4,0
3,6,18,4,2423.393,4 2,North,3,4,0
3,6,18,3,2424.306,4 3,North,3,4,0
3,6,18,3,2424.86,4 4,North,3,4,0
3,6,18,2,2425.489,3 4,North,3,4,0
3,6,18,6,2425.88,3 4,North,3,5,0
3,6,18,4,2426.399,4 4,North,3,5,0
3,6,18,1,2427.267,4 3,North,3,5,0
3,6,18,1,2427.823,4 2,North,3,5,0
3,6,18,2,2428.437,3 2,North,3,5,0
3,6,18,1,2429.007,3 1,North,3,5,0
3,6,18,1,2429.582,3 0,North,3,5,0
3,6,18,2,2430.181,2 0,North,3,5,0
3,6,18,3,2430.946,2 0,North,3,5,1
3,6,18,2,2431.313,1 0,North,3,5,1
3,6,18,3,2431.825,1 1,North,3,5,1
3,6,18,4,2432.502,2 1,North,3,5,1
3,6,18,6,2432.86,2 1,North,3,6,1
3,6,18,2,2433.264,1 1,North,3,6,1
3,6,18,1,2433.859,1 0,North,3,6,1
3,6,18,4,2434.485,2 0,North,3,6,1
3,6,18,4,2435.056,3 0,North,3,6,1
3,6,18,6,2435.42,3 0,North,3,7,1
3,6,18,2,2435.873,2 0,North,3,7,1
3,6,18,2,2436.402,1 0,North,3,7,1
3,6,18,3,2436.997,1 1,North,3,7,1
3,6,18,4,2437.518,2 1,North,3,7,1
3,6,18,3,2438.115,2 2,North,3,7,1
3,6,18,2,2438.647,1 2,North,3,7,1
3,6,18,2,2439.186,0 2,North,3,7,1
3,6,18,1,2439.765,0 1,North,3,7,1
3,6,18,1,2440.354,0 0,North,3,7,1
3,6,18,6,2440.76,0 0,North,3,8,1
