PhaseView,Run,Trial,Key,Time,Location,Direction,MazeType,Diamonds,WallBumped
0,3,7,2,574.5071,3 4,North,2,0,1
0,3,7,2,575.2928,2 4,North,2,0,1
0,3,7,2,575.9193,1 4,North,2,0,1
0,3,7,1,577.7702,1 4,West,2,0,1
0,3,7,2,578.7972,1 3,West,2,0,1
0,3,7,2,579.34,1 3,West,2,0,1
0,3,7,1,580.012,1 3,South,2,0,1
0,3,7,2,580.8171,2 3,South,2,0,1
0,3,7,3,581.5634,2 3,West,2,0,1
0,3,7,2,582.5231,2 2,West,2,0,1
0,3,7,3,583.3254,2 2,North,2,0,1
0,3,7,2,584.4424,1 2,North,2,0,1
0,3,7,2,585.4096,0 2,North,2,0,1
0,3,7,1,586.0417,0 2,West,2,0,1
0,3,7,2,586.9287,0 1,West,2,0,1
0,3,7,2,588.99,0 0,West,2,0,1
0,3,7,3,591.1359,0 0,North,2,0,1
0,3,7,3,591.9301,0 0,East,2,0,1
0,3,7,2,592.7176,0 1,East,2,0,1
0,3,7,2,593.5643,0 2,East,2,0,1
0,3,7,3,594.0736,0 2,South,2,0,1
0,3,7,2,594.9221,1 2,South,2,0,1
0,3,7,2,595.6908,2 2,South,2,0,1
0,3,7,1,596.4745,2 2,East,2,0,1
0,3,7,2,597.3268,2 3,East,2,0,1
0,3,7,1,597.84,2 3,North,2,0,1
0,3,7,2,598.7045,1 3,North,2,0,1
0,3,7,2,599.3218,1 3,North,2,0,1
0,3,7,3,599.5972,1 3,East,2,0,1
0,3,7,2,600.3157,1 4,East,2,0,1
0,3,7,1,600.8587,1 4,North,2,0,1
0,3,7,2,601.644,0 4,North,2,0,1
0,3,7,2,602.2664,0 4,North,2,0,1
0,3,7,1,602.907,0 4,West,2,0,1
0,3,7,1,603.9968,0 4,South,2,0,1
0,3,7,2,604.7488,1 4,South,2,0,1
0,3,7,2,605.8045,2 4,South,2,0,1
0,3,7,2,606.5736,3 4,South,2,0,1
0,3,7,2,607.3573,4 4,South,2,0,1
0,3,7,3,608.0945,4 4,West,2,0,1
0,3,7,2,608.986,4 3,West,2,0,1
0,3,7,2,609.9012,4 2,West,2,0,1
0,3,7,3,610.5279,4 2,North,2,0,1
0,3,7,2,611.3694,3 2,North,2,0,1
0,3,7,3,611.9952,3 2,East,2,0,1
0,3,7,1,612.5431,3 2,North,2,0,1
0,3,7,1,613.162,3 2,West,2,0,1
0,3,7,2,614.0151,3 1,West,2,0,1
0,3,7,3,614.7515,3 1,North,2,0,1
0,3,7,2,615.4495,2 1,North,2,0,1
0,3,7,2,616.1703,1 1,North,2,0,1
0,3,7,1,616.6835,1 1,West,2,0,1
0,3,7,2,617.4046,1 0,West,2,0,1
0,3,7,1,617.9355,1 0,South,2,0,1
0,3,7,2,618.6999,2 0,South,2,0,1
0,3,7,6,619.08,2 0,South,2,1,1
0,3,7,2,620.3366,3 0,South,2,1,1
0,3,7,2,621.0068,4 0,South,2,1,1
0,3,7,1,621.962,4 0,East,2,1,1
0,3,7,1,623.0874,4 0,North,2,1,1
0,3,7,3,625.5671,4 0,East,2,1,1
0,3,7,1,628.685,4 0,North,2,1,1
0,3,7,2,629.2926,3 0,North,2,1,1
0,3,7,2,630.1261,2 0,North,2,1,1
0,3,7,2,630.9911,1 0,North,2,1,1
0,3,7,3,631.6006,1 0,East,2,1,1
0,3,7,2,632.3157,1 1,East,2,1,1
0,3,7,3,632.8494,1 1,South,2,1,1
0,3,7,2,633.7074,2 1,South,2,1,1
0,3,7,2,634.5051,3 1,South,2,1,1
0,3,7,2,635.0571,3 1,South,2,1,1
0,3,7,1,635.5657,3 1,East,2,1,1
0,3,7,2,636.5753,3 2,East,2,1,1
0,3,7,3,637.4175,3 2,South,2,1,1
0,3,7,1,638.362,3 2,East,2,1,1
0,3,7,3,639.1612,3 2,South,2,1,1
0,3,7,1,639.9155,3 2,East,2,1,1
0,3,7,3,640.4786,3 2,South,2,1,1
0,3,7,2,641.3068,4 2,South,2,1,1
0,3,7,1,641.8578,4 2,East,2,1,1
0,3,7,2,642.5701,4 3,East,2,1,1
0,3,7,2,643.4101,4 4,East,2,1,1
0,3,7,1,643.9485,4 4,North,2,1,1
0,3,7,2,644.7342,3 4,North,2,1,1
0,3,7,2,645.6739,2 4,North,2,1,1
0,3,7,2,646.3981,1 4,North,2,1,1
0,3,7,1,646.9861,1 4,West,2,1,1
0,3,7,3,647.7943,1 4,North,2,1,1
0,3,7,2,648.7815,0 4,North,2,1,1
0,3,7,1,649.362,0 4,West,2,1,1
0,3,7,2,650.1303,0 3,West,2,1,1
0,3,7,6,650.54,0 3,West,2,2,1
0,3,7,6,650.56,0 3,West,2,3,1
0,3,7,3,651.7544,0 3,North,2,3,1
0,3,7,2,652.4174,0 3,North,2,3,1
0,3,7,2,652.9294,0 3,North,2,3,1
0,3,7,3,653.3579,0 3,East,2,3,1
0,3,7,1,654.2504,0 3,North,2,3,1
0,3,7,3,655.121,0 3,East,2,3,1
0,3,7,2,655.9488,0 4,East,2,3,1
0,3,7,3,656.5916,0 4,South,2,3,1
0,3,7,2,657.435,1 4,South,2,3,1
0,3,7,3,658.4897,1 4,West,2,3,1
0,3,7,2,659.5816,1 3,West,2,3,1
0,3,7,1,660.1541,1 3,South,2,3,1
0,3,7,2,660.7643,2 3,South,2,3,1
0,3,7,6,661.14,2 3,South,2,4,1
0,3,7,3,661.6603,2 3,West,2,4,1
0,3,7,2,662.5112,2 2,West,2,4,1
0,3,7,3,663.0528,2 2,North,2,4,1
0,3,7,2,663.8726,1 2,North,2,4,1
0,3,7,2,664.7478,0 2,North,2,4,1
0,3,7,1,665.4171,0 2,West,2,4,1
0,3,7,1,668.2095,0 2,South,2,4,1
0,3,7,2,668.9896,1 2,South,2,4,1
0,3,7,2,669.5836,2 2,South,2,4,1
0,3,7,1,671.4866,2 2,East,2,4,1
0,3,7,2,672.298,2 3,East,2,4,1
0,3,7,1,673.006,2 3,North,2,4,1
0,3,7,2,673.6769,1 3,North,2,4,1
0,3,7,3,674.625,1 3,East,2,4,1
0,3,7,2,675.391,1 4,East,2,4,1
0,3,7,6,675.8,1 4,East,2,5,1
0,3,7,3,676.3325,1 4,South,2,5,1
0,3,7,2,677.0379,2 4,South,2,5,1
0,3,7,2,678.1572,3 4,South,2,5,1
0,3,7,6,678.54,3 4,South,2,6,1
0,3,7,2,679.2477,4 4,South,2,6,1
0,3,7,3,679.7775,4 4,West,2,6,1
0,3,7,2,680.6035,4 3,West,2,6,1
0,3,7,3,681.4542,4 3,North,2,6,1
0,3,7,1,682.3491,4 3,West,2,6,1
0,3,7,2,683.1849,4 2,West,2,6,1
0,3,7,3,683.9496,4 2,North,2,6,1
0,3,7,2,684.7292,3 2,North,2,6,1
0,3,7,1,685.4181,3 2,West,2,6,1
0,3,7,2,686.1868,3 1,West,2,6,1
0,3,7,3,686.7676,3 1,North,2,6,1
0,3,7,2,687.5693,2 1,North,2,6,1
0,3,7,2,688.2703,1 1,North,2,6,1
0,3,7,1,688.8336,1 1,West,2,6,1
0,3,7,2,689.5368,1 0,West,2,6,1
0,3,7,6,689.94,1 0,West,2,7,1
0,3,7,1,691.1521,1 0,South,2,7,1
0,3,7,1,692.1144,1 0,East,2,7,1
0,3,7,2,692.6719,1 1,East,2,7,1
0,3,7,3,693.5697,1 1,South,2,7,1
0,3,7,2,694.2535,2 1,South,2,7,1
0,3,7,2,695.0879,3 1,South,2,7,1
0,3,7,1,695.8066,3 1,East,2,7,1
0,3,7,2,696.5872,3 2,East,2,7,1
0,3,7,3,697.3919,3 2,South,2,7,1
0,3,7,2,698.2729,4 2,South,2,7,1
0,3,7,1,698.8635,4 2,East,2,7,1
0,3,7,2,700.7216,4 3,East,2,7,1
0,3,7,2,702.7838,4 4,East,2,7,1
0,3,7,6,703.2,4 4,East,2,8,1
3,3,7,2,707.9212,3 4,North,2,0,0
3,3,7,1,709.5509,3 4,North,2,0,1
3,3,7,4,710.4933,4 4,North,2,0,1
3,3,7,1,711.146,4 3,North,2,0,1
3,3,7,2,712.6188,4 3,North,2,0,2
3,3,7,1,713.229,4 2,North,2,0,2
3,3,7,2,713.8702,3 2,North,2,0,2
3,3,7,1,715.631,3 1,North,2,0,2
3,3,7,2,716.4113,2 1,North,2,0,2
3,3,7,1,717.306,2 1,North,2,0,3
3,3,7,4,717.7221,3 1,North,2,0,3
3,3,7,1,718.3716,3 1,North,2,0,4
3,3,7,2,719.054,2 1,North,2,0,4
3,3,7,2,719.7098,1 1,North,2,0,4
3,3,7,1,721.0233,1 0,North,2,0,4
3,3,7,4,721.7277,2 0,North,2,0,4
3,3,7,6,722.1,2 0,North,2,1,4
3,3,7,2,722.4615,1 0,North,2,1,4
3,3,7,3,723.0977,1 1,North,2,1,4
3,3,7,4,723.7896,2 1,North,2,1,4
3,3,7,3,724.6266,2 1,North,2,1,5
3,3,7,4,725.3774,3 1,North,2,1,5
3,3,7,3,725.9698,3 2,North,2,1,5
3,3,7,4,726.7779,4 2,North,2,1,5
3,3,7,3,727.4543,4 3,North,2,1,5
3,3,7,3,728.5555,4 4,North,2,1,5
3,3,7,2,729.2165,3 4,North,2,1,5
3,3,7,2,729.8066,2 4,North,2,1,5
3,3,7,2,730.8636,1 4,North,2,1,5
3,3,7,2,731.5529,0 4,North,2,1,5
3,3,7,1,732.186,0 3,North,2,1,5
3,3,7,6,732.58,0 3,North,2,2,5
3,3,7,6,732.6,0 3,North,2,3,5
3,3,7,3,733.0404,0 4,North,2,3,5
3,3,7,4,733.6966,1 4,North,2,3,5
3,3,7,4,734.3383,2 4,North,2,3,5
3,3,7,1,735.161,2 4,North,2,3,6
3,3,7,4,735.5653,3 4,North,2,3,6
3,3,7,4,736.9125,4 4,North,2,3,6
3,3,7,1,737.5663,4 3,North,2,3,6
3,3,7,2,738.1746,4 3,North,2,3,7
3,3,7,3,738.8007,4 4,North,2,3,7
3,3,7,2,739.4404,3 4,North,2,3,7
3,3,7,1,740.0618,3 4,North,2,3,8
3,3,7,2,740.9067,2 4,North,2,3,8
3,3,7,2,741.6637,1 4,North,2,3,8
3,3,7,1,742.3943,1 3,North,2,3,8
3,3,7,4,742.907,2 3,North,2,3,8
3,3,7,6,743.26,2 3,North,2,4,8
3,3,7,4,744.3394,2 3,North,2,4,9
3,3,7,2,744.7356,1 3,North,2,4,9
3,3,7,3,745.6478,1 4,North,2,4,9
3,3,7,4,746.2672,2 4,North,2,4,9
3,3,7,4,746.9247,3 4,North,2,4,9
3,3,7,4,747.5973,4 4,North,2,4,9
3,3,7,1,748.2088,4 3,North,2,4,9
3,3,7,2,748.8271,4 3,North,2,4,10
3,3,7,1,749.5174,4 2,North,2,4,10
3,3,7,2,750.2537,3 2,North,2,4,10
3,3,7,3,750.9069,3 3,North,2,4,10
3,3,7,6,751.32,3 3,North,2,5,10
3,3,7,1,751.8655,3 2,North,2,5,10
3,3,7,4,752.7456,4 2,North,2,5,10
3,3,7,3,754.6535,4 3,North,2,5,10
3,3,7,3,755.5934,4 4,North,2,5,10
3,3,7,2,756.3676,3 4,North,2,5,10
3,3,7,2,757.418,2 4,North,2,5,10
3,3,7,2,758.385,1 4,North,2,5,10
3,3,7,2,759.0421,0 4,North,2,5,10
3,3,7,1,759.6454,0 3,North,2,5,10
3,3,7,1,760.2258,0 3,North,2,5,11
3,3,7,3,760.7854,0 4,North,2,5,11
3,3,7,4,761.4814,1 4,North,2,5,11
3,3,7,1,762.0099,1 3,North,2,5,11
3,3,7,1,762.7836,1 3,North,2,5,12
3,3,7,3,763.3747,1 4,North,2,5,12
3,3,7,4,763.9773,2 4,North,2,5,12
3,3,7,2,764.5098,1 4,North,2,5,12
3,3,7,1,765.212,1 3,North,2,5,12
3,3,7,4,766.2563,2 3,North,2,5,12
3,3,7,1,767.2474,2 2,North,2,5,12
3,3,7,2,767.9068,1 2,North,2,5,12
3,3,7,2,768.6201,0 2,North,2,5,12
3,3,7,6,769,0 2,North,2,6,12
3,3,7,4,769.4332,1 2,North,2,6,12
3,3,7,4,770.0007,2 2,North,2,6,12
3,3,7,3,770.6821,2 3,North,2,6,12
3,3,7,2,771.2903,1 3,North,2,6,12
3,3,7,3,771.9041,1 4,North,2,6,12
3,3,7,4,772.5101,2 4,North,2,6,12
3,3,7,6,772.88,2 4,North,2,7,12
3,3,7,2,773.3377,1 4,North,2,7,12
3,3,7,1,774.0835,1 3,North,2,7,12
3,3,7,4,774.6172,2 3,North,2,7,12
3,3,7,1,775.2186,2 2,North,2,7,12
3,3,7,2,775.8029,1 2,North,2,7,12
3,3,7,6,776.18,1 2,North,2,8,12
0,3,8,2,779.741,3 4,North,2,0,12
0,3,8,2,780.5456,2 4,North,2,0,12
0,3,8,2,781.0906,1 4,North,2,0,12
0,3,8,1,781.7426,1 4,West,2,0,12
0,3,8,2,783.4589,1 3,West,2,0,12
0,3,8,1,784.2716,1 3,South,2,0,12
0,3,8,2,784.8779,2 3,South,2,0,12
0,3,8,3,785.6112,2 3,West,2,0,12
0,3,8,2,786.3135,2 2,West,2,0,12
0,3,8,3,787.0201,2 2,North,2,0,12
0,3,8,2,787.6586,1 2,North,2,0,12
0,3,8,2,788.4944,0 2,North,2,0,12
0,3,8,6,788.88,0 2,North,2,1,12
0,3,8,1,789.2258,0 2,West,2,1,12
0,3,8,1,791.9852,0 2,South,2,1,12
0,3,8,2,792.8898,1 2,South,2,1,12
0,3,8,1,793.7217,1 2,East,2,1,12
0,3,8,3,794.556,1 2,South,2,1,12
0,3,8,2,795.3755,2 2,South,2,1,12
0,3,8,1,795.9011,2 2,East,2,1,12
0,3,8,2,796.8111,2 3,East,2,1,12
0,3,8,1,797.3924,2 3,North,2,1,12
0,3,8,2,798.0256,1 3,North,2,1,12
0,3,8,3,798.5729,1 3,East,2,1,12
0,3,8,2,799.4218,1 4,East,2,1,12
0,3,8,3,800.1759,1 4,South,2,1,12
0,3,8,1,801.744,1 4,East,2,1,12
0,3,8,1,802.687,1 4,North,2,1,12
0,3,8,2,803.5323,0 4,North,2,1,12
0,3,8,1,804.192,0 4,West,2,1,12
0,3,8,3,804.9916,0 4,North,2,1,12
0,3,8,3,805.6902,0 4,East,2,1,12
0,3,8,3,806.4919,0 4,South,2,1,12
0,3,8,2,807.0841,1 4,South,2,1,12
0,3,8,2,808.0164,2 4,South,2,1,12
0,3,8,2,808.6882,3 4,South,2,1,12
0,3,8,2,809.3304,4 4,South,2,1,12
0,3,8,3,809.9512,4 4,West,2,1,12
0,3,8,2,810.7151,4 3,West,2,1,12
0,3,8,2,811.4042,4 2,West,2,1,12
0,3,8,3,812.0953,4 2,North,2,1,12
0,3,8,2,812.7841,3 2,North,2,1,12
0,3,8,1,813.4183,3 2,West,2,1,12
0,3,8,2,814.0333,3 1,West,2,1,12
0,3,8,6,814.44,3 1,West,2,2,12
0,3,8,3,814.937,3 1,North,2,2,12
0,3,8,2,815.6933,2 1,North,2,2,12
0,3,8,2,816.3937,1 1,North,2,2,12
0,3,8,1,816.9421,1 1,West,2,2,12
0,3,8,2,817.5662,1 0,West,2,2,12
0,3,8,1,818.0913,1 0,South,2,2,12
0,3,8,2,818.9376,2 0,South,2,2,12
0,3,8,2,819.579,3 0,South,2,2,12
0,3,8,2,820.2081,4 0,South,2,2,12
0,3,8,1,821.1041,4 0,East,2,2,12
0,3,8,1,822.0901,4 0,North,2,2,12
0,3,8,2,822.7643,3 0,North,2,2,12
0,3,8,2,823.4539,2 0,North,2,2,12
0,3,8,2,824.238,1 0,North,2,2,12
0,3,8,3,824.9256,1 0,East,2,2,12
0,3,8,2,825.6171,1 1,East,2,2,12
0,3,8,3,826.2563,1 1,South,2,2,12
0,3,8,2,826.881,2 1,South,2,2,12
0,3,8,2,827.55,3 1,South,2,2,12
0,3,8,1,828.0605,3 1,East,2,2,12
0,3,8,2,828.9148,3 2,East,2,2,12
0,3,8,3,829.5784,3 2,South,2,2,12
0,3,8,2,830.1282,4 2,South,2,2,12
0,3,8,1,830.7168,4 2,East,2,2,12
0,3,8,1,831.3107,4 2,North,2,2,12
0,3,8,3,832.2872,4 2,East,2,2,12
0,3,8,2,832.9601,4 3,East,2,2,12
0,3,8,2,834.0093,4 4,East,2,2,12
0,3,8,6,834.42,4 4,East,2,3,12
0,3,8,1,835.1364,4 4,North,2,3,12
0,3,8,2,835.9313,3 4,North,2,3,12
0,3,8,2,836.5737,2 4,North,2,3,12
0,3,8,2,837.3759,1 4,North,2,3,12
0,3,8,2,838.1229,0 4,North,2,3,12
0,3,8,1,838.7343,0 4,West,2,3,12
0,3,8,1,839.6114,0 4,South,2,3,12
0,3,8,2,840.1267,1 4,South,2,3,12
0,3,8,3,840.9252,1 4,West,2,3,12
0,3,8,2,841.7396,1 3,West,2,3,12
0,3,8,1,842.5743,1 3,South,2,3,12
0,3,8,1,843.4087,1 3,East,2,3,12
0,3,8,1,843.921,1 3,North,2,3,12
0,3,8,3,844.4588,1 3,East,2,3,12
0,3,8,3,845.4667,1 3,South,2,3,12
0,3,8,2,846.175,2 3,South,2,3,12
0,3,8,3,846.7292,2 3,West,2,3,12
0,3,8,2,847.4973,2 2,West,2,3,12
0,3,8,3,848.2874,2 2,North,2,3,12
0,3,8,2,848.9716,1 2,North,2,3,12
0,3,8,2,849.6737,0 2,North,2,3,12
0,3,8,1,850.4466,0 2,West,2,3,12
0,3,8,1,851.7695,0 2,South,2,3,12
0,3,8,2,852.3848,1 2,South,2,3,12
0,3,8,2,852.9767,2 2,South,2,3,12
0,3,8,1,853.6753,2 2,East,2,3,12
0,3,8,2,854.3693,2 3,East,2,3,12
0,3,8,1,854.9927,2 3,North,2,3,12
0,3,8,2,855.5519,1 3,North,2,3,12
0,3,8,3,856.0647,1 3,East,2,3,12
0,3,8,2,856.5895,1 4,East,2,3,12
0,3,8,3,857.3909,1 4,South,2,3,12
0,3,8,2,858.0804,2 4,South,2,3,12
0,3,8,2,858.6201,3 4,South,2,3,12
0,3,8,2,859.4333,4 4,South,2,3,12
0,3,8,3,860.0175,4 4,West,2,3,12
0,3,8,2,860.6525,4 3,West,2,3,12
0,3,8,2,861.3754,4 2,West,2,3,12
0,3,8,3,862.2069,4 2,North,2,3,12
0,3,8,2,862.7847,3 2,North,2,3,12
0,3,8,1,863.4569,3 2,West,2,3,12
0,3,8,2,864.0748,3 1,West,2,3,12
0,3,8,3,864.6815,3 1,North,2,3,12
0,3,8,2,865.2328,2 1,North,2,3,12
0,3,8,6,865.62,2 1,North,2,4,12
0,3,8,2,865.8392,1 1,North,2,4,12
0,3,8,1,866.369,1 1,West,2,4,12
0,3,8,2,867.3566,1 0,West,2,4,12
0,3,8,1,868.2272,1 0,South,2,4,12
0,3,8,1,869.1139,1 0,East,2,4,12
0,3,8,2,869.6959,1 1,East,2,4,12
0,3,8,3,870.5452,1 1,South,2,4,12
0,3,8,2,871.1972,2 1,South,2,4,12
0,3,8,2,871.738,3 1,South,2,4,12
0,3,8,6,872.12,3 1,South,2,5,12
0,3,8,1,872.6687,3 1,East,2,5,12
0,3,8,2,873.2643,3 2,East,2,5,12
0,3,8,6,873.68,3 2,East,2,6,12
0,3,8,3,874.0114,3 2,South,2,6,12
0,3,8,3,874.5239,3 2,West,2,6,12
0,3,8,1,875.2626,3 2,South,2,6,12
0,3,8,2,876.1371,4 2,South,2,6,12
0,3,8,1,876.8322,4 2,East,2,6,12
0,3,8,2,877.884,4 3,East,2,6,12
0,3,8,2,878.687,4 4,East,2,6,12
0,3,8,1,879.2153,4 4,North,2,6,12
0,3,8,2,880.2407,3 4,North,2,6,12
0,3,8,2,881.2936,2 4,North,2,6,12
0,3,8,2,882.1919,1 4,North,2,6,12
0,3,8,1,882.8032,1 4,West,2,6,12
0,3,8,2,883.3237,1 3,West,2,6,12
0,3,8,6,883.74,1 3,West,2,7,12
0,3,8,1,884.1733,1 3,South,2,7,12
0,3,8,2,885.8019,2 3,South,2,7,12
0,3,8,3,886.6694,2 3,West,2,7,12
0,3,8,2,887.3532,2 2,West,2,7,12
0,3,8,3,887.9637,2 2,North,2,7,12
0,3,8,2,888.5243,1 2,North,2,7,12
0,3,8,2,889.499,0 2,North,2,7,12
0,3,8,1,890.3612,0 2,West,2,7,12
0,3,8,2,895.6429,0 1,West,2,7,12
0,3,8,6,896.06,0 1,West,2,8,12
3,3,8,2,900.6397,3 4,North,2,0,0
3,3,8,2,902.2559,2 4,North,2,0,0
3,3,8,1,903.216,2 4,North,2,0,1
3,3,8,4,903.829,3 4,North,2,0,1
3,3,8,4,904.6424,4 4,North,2,0,1
3,3,8,1,905.2006,4 3,North,2,0,1
3,3,8,2,906.2062,4 3,North,2,0,2
3,3,8,1,906.6193,4 2,North,2,0,2
3,3,8,2,907.2574,3 2,North,2,0,2
3,3,8,2,913.1309,3 2,North,2,0,3
3,3,8,3,913.7051,3 3,North,2,0,3
3,3,8,3,914.2188,3 3,North,2,0,4
3,3,8,1,914.9851,3 2,North,2,0,4
3,3,8,1,915.599,3 1,North,2,0,4
3,3,8,2,916.2224,2 1,North,2,0,4
3,3,8,3,917.307,2 1,North,2,0,5
3,3,8,2,917.7546,1 1,North,2,0,5
3,3,8,3,918.6423,1 1,North,2,0,6
3,3,8,1,919.0106,1 0,North,2,0,6
3,3,8,2,919.5469,1 0,North,2,0,7
3,3,8,3,920.1608,1 1,North,2,0,7
3,3,8,4,921.04,2 1,North,2,0,7
3,3,8,2,921.9944,1 1,North,2,0,7
3,3,8,2,922.6582,1 1,North,2,0,8
3,3,8,3,923.5614,1 1,North,2,0,9
3,3,8,4,924.144,2 1,North,2,0,9
3,3,8,4,925.0823,3 1,North,2,0,9
3,3,8,4,925.7778,3 1,North,2,0,10
3,3,8,3,926.2515,3 2,North,2,0,10
3,3,8,4,927.1304,4 2,North,2,0,10
3,3,8,3,927.7597,4 3,North,2,0,10
3,3,8,3,928.5433,4 4,North,2,0,10
3,3,8,2,930.0983,3 4,North,2,0,10
3,3,8,2,931.0264,2 4,North,2,0,10
3,3,8,1,932.2067,2 4,North,2,0,11
3,3,8,3,932.8118,2 4,North,2,0,11
3,3,8,2,933.1171,1 4,North,2,0,11
3,3,8,1,934.6349,1 3,North,2,0,11
3,3,8,2,935.4574,1 3,North,2,0,12
3,3,8,1,935.8889,1 3,North,2,0,13
3,3,8,1,936.5914,1 3,North,2,0,14
3,3,8,3,937.0971,1 4,North,2,0,14
3,3,8,2,937.7549,0 4,North,2,0,14
3,3,8,1,938.4508,0 3,North,2,0,14
3,3,8,1,939.1346,0 3,North,2,0,15
3,3,8,4,939.9227,0 3,North,2,0,16
3,3,8,3,940.7941,0 4,North,2,0,16
3,3,8,4,941.5032,1 4,North,2,0,16
3,3,8,1,942.156,1 3,North,2,0,16
3,3,8,1,942.9723,1 3,North,2,0,17
3,3,8,4,943.5228,2 3,North,2,0,17
3,3,8,1,944.2335,2 2,North,2,0,17
3,3,8,2,944.8486,1 2,North,2,0,17
3,3,8,2,945.499,0 2,North,2,0,17
3,3,8,6,945.88,0 2,North,2,1,17
3,3,8,4,946.2828,1 2,North,2,1,17
3,3,8,4,946.8794,2 2,North,2,1,17
3,3,8,4,948.7626,2 2,North,2,1,18
3,3,8,1,949.3602,2 2,North,2,1,19
3,3,8,3,950.364,2 3,North,2,1,19
3,3,8,3,951.4013,2 3,North,2,1,20
3,3,8,2,952.2728,1 3,North,2,1,20
3,3,8,3,953.1146,1 4,North,2,1,20
3,3,8,4,953.9,2 4,North,2,1,20
3,3,8,4,954.5568,3 4,North,2,1,20
3,3,8,1,955.1158,3 4,North,2,1,21
3,3,8,4,955.7599,4 4,North,2,1,21
3,3,8,1,956.3322,4 3,North,2,1,21
3,3,8,1,956.9604,4 2,North,2,1,21
3,3,8,2,957.6743,3 2,North,2,1,21
3,3,8,1,958.2551,3 1,North,2,1,21
3,3,8,6,958.66,3 1,North,2,2,21
3,3,8,3,959.0356,3 2,North,2,2,21
3,3,8,4,959.6188,4 2,North,2,2,21
3,3,8,3,960.1897,4 3,North,2,2,21
3,3,8,3,961.1306,4 4,North,2,2,21
3,3,8,6,961.54,4 4,North,2,3,21
3,3,8,1,962.108,4 3,North,2,3,21
3,3,8,1,962.7653,4 2,North,2,3,21
3,3,8,2,963.4196,3 2,North,2,3,21
3,3,8,2,967.2325,3 2,North,2,3,22
3,3,8,1,967.7227,3 1,North,2,3,22
3,3,8,2,968.4122,2 1,North,2,3,22
3,3,8,6,968.8,2 1,North,2,4,22
3,3,8,4,969.401,3 1,North,2,4,22
3,3,8,3,970.0776,3 2,North,2,4,22
3,3,8,4,970.7001,4 2,North,2,4,22
3,3,8,3,971.3428,4 3,North,2,4,22
3,3,8,3,972.3623,4 4,North,2,4,22
3,3,8,2,972.9611,3 4,North,2,4,22
3,3,8,2,973.7444,2 4,North,2,4,22
3,3,8,2,974.378,1 4,North,2,4,22
3,3,8,2,974.9588,0 4,North,2,4,22
3,3,8,6,975.34,0 4,North,2,5,22
3,3,8,4,975.7055,1 4,North,2,5,22
3,3,8,4,976.3707,2 4,North,2,5,22
3,3,8,4,976.9114,3 4,North,2,5,22
3,3,8,4,977.5038,4 4,North,2,5,22
3,3,8,1,978.2053,4 3,North,2,5,22
3,3,8,1,978.845,4 2,North,2,5,22
3,3,8,1,980.4963,4 2,North,2,5,23
3,3,8,2,980.8904,3 2,North,2,5,23
3,3,8,1,981.5705,3 1,North,2,5,23
3,3,8,4,982.1931,3 1,North,2,5,24
3,3,8,1,982.8011,3 1,North,2,5,25
3,3,8,2,983.5349,2 1,North,2,5,25
3,3,8,1,984.0735,2 1,North,2,5,26
3,3,8,2,985.9648,1 1,North,2,5,26
3,3,8,1,986.7162,1 0,North,2,5,26
3,3,8,4,987.2299,2 0,North,2,5,26
3,3,8,4,987.7418,3 0,North,2,5,26
3,3,8,4,988.7188,4 0,North,2,5,26
3,3,8,3,989.3925,4 1,North,2,5,26
3,3,8,6,989.8,4 1,North,2,6,26
3,3,8,1,989.9323,4 0,North,2,6,26
3,3,8,2,990.5764,3 0,North,2,6,26
3,3,8,2,991.1858,2 0,North,2,6,26
3,3,8,2,991.7463,1 0,North,2,6,26
3,3,8,3,992.428,1 1,North,2,6,26
3,3,8,4,993.387,2 1,North,2,6,26
3,3,8,4,994.0286,3 1,North,2,6,26
3,3,8,3,994.8413,3 2,North,2,6,26
3,3,8,4,995.5053,4 2,North,2,6,26
3,3,8,3,996.1297,4 3,North,2,6,26
3,3,8,3,996.847,4 4,North,2,6,26
3,3,8,2,997.4568,3 4,North,2,6,26
3,3,8,2,997.986,2 4,North,2,6,26
3,3,8,2,998.5157,1 4,North,2,6,26
3,3,8,2,999.0493,0 4,North,2,6,26
3,3,8,1,999.588,0 3,North,2,6,26
3,3,8,6,999.98,0 3,North,2,7,26
3,3,8,3,1000.155,0 4,North,2,7,26
3,3,8,4,1000.747,1 4,North,2,7,26
3,3,8,4,1001.34,2 4,North,2,7,26
3,3,8,4,1004.862,3 4,North,2,7,26
3,3,8,6,1005.22,3 4,North,2,8,26
0,3,9,2,1009.611,3 4,North,2,0,26
0,3,9,6,1010,3 4,North,2,1,26
0,3,9,2,1011.786,2 4,North,2,1,26
0,3,9,2,1012.797,1 4,North,2,1,26
0,3,9,1,1013.696,1 4,West,2,1,26
0,3,9,2,1014.445,1 3,West,2,1,26
0,3,9,1,1014.974,1 3,South,2,1,26
0,3,9,2,1015.849,2 3,South,2,1,26
0,3,9,3,1016.667,2 3,West,2,1,26
0,3,9,2,1017.323,2 2,West,2,1,26
0,3,9,3,1018.011,2 2,North,2,1,26
0,3,9,2,1018.666,1 2,North,2,1,26
0,3,9,2,1019.587,0 2,North,2,1,26
0,3,9,1,1020.203,0 2,West,2,1,26
0,3,9,2,1020.798,0 1,West,2,1,26
0,3,9,1,1023.775,0 1,South,2,1,26
0,3,9,1,1024.331,0 1,East,2,1,26
0,3,9,2,1024.989,0 2,East,2,1,26
0,3,9,3,1025.808,0 2,South,2,1,26
0,3,9,2,1026.626,1 2,South,2,1,26
0,3,9,2,1027.265,2 2,South,2,1,26
0,3,9,1,1027.865,2 2,East,2,1,26
0,3,9,2,1028.492,2 3,East,2,1,26
0,3,9,1,1029.196,2 3,North,2,1,26
0,3,9,2,1029.803,1 3,North,2,1,26
0,3,9,3,1030.459,1 3,East,2,1,26
0,3,9,2,1031.081,1 4,East,2,1,26
0,3,9,3,1031.696,1 4,South,2,1,26
0,3,9,2,1032.299,2 4,South,2,1,26
0,3,9,2,1032.99,3 4,South,2,1,26
0,3,9,2,1033.646,4 4,South,2,1,26
0,3,9,3,1034.515,4 4,West,2,1,26
0,3,9,2,1035.28,4 3,West,2,1,26
0,3,9,2,1036.4,4 2,West,2,1,26
0,3,9,3,1037.088,4 2,North,2,1,26
0,3,9,2,1037.884,3 2,North,2,1,26
0,3,9,3,1039.841,3 2,East,2,1,26
0,3,9,3,1040.767,3 2,South,2,1,26
0,3,9,2,1041.618,4 2,South,2,1,26
0,3,9,1,1042.707,4 2,East,2,1,26
0,3,9,2,1043.552,4 3,East,2,1,26
0,3,9,2,1044.091,4 4,East,2,1,26
0,3,9,1,1044.816,4 4,North,2,1,26
0,3,9,1,1045.693,4 4,West,2,1,26
0,3,9,2,1046.431,4 3,West,2,1,26
0,3,9,2,1047.105,4 2,West,2,1,26
0,3,9,3,1047.793,4 2,North,2,1,26
0,3,9,2,1048.473,3 2,North,2,1,26
0,3,9,1,1049.107,3 2,West,2,1,26
0,3,9,2,1049.724,3 1,West,2,1,26
0,3,9,3,1050.558,3 1,North,2,1,26
0,3,9,2,1051.505,2 1,North,2,1,26
0,3,9,2,1052.047,1 1,North,2,1,26
0,3,9,1,1052.783,1 1,West,2,1,26
0,3,9,2,1053.452,1 0,West,2,1,26
0,3,9,1,1054.268,1 0,South,2,1,26
0,3,9,2,1054.866,2 0,South,2,1,26
0,3,9,2,1055.771,3 0,South,2,1,26
0,3,9,6,1056.16,3 0,South,2,2,26
0,3,9,2,1057.164,4 0,South,2,2,26
0,3,9,1,1058.03,4 0,East,2,2,26
0,3,9,1,1058.798,4 0,North,2,2,26
0,3,9,2,1059.904,3 0,North,2,2,26
0,3,9,2,1060.672,2 0,North,2,2,26
0,3,9,2,1061.551,1 0,North,2,2,26
0,3,9,3,1062.126,1 0,East,2,2,26
0,3,9,2,1062.908,1 1,East,2,2,26
0,3,9,3,1063.498,1 1,South,2,2,26
0,3,9,2,1064.144,2 1,South,2,2,26
0,3,9,2,1064.77,3 1,South,2,2,26
0,3,9,1,1065.292,3 1,East,2,2,26
0,3,9,2,1066.029,3 2,East,2,2,26
0,3,9,3,1066.666,3 2,South,2,2,26
0,3,9,2,1067.385,4 2,South,2,2,26
0,3,9,1,1068.01,4 2,East,2,2,26
0,3,9,2,1069.869,4 3,East,2,2,26
0,3,9,2,1070.528,4 4,East,2,2,26
0,3,9,1,1071.15,4 4,North,2,2,26
0,3,9,2,1071.762,3 4,North,2,2,26
0,3,9,2,1072.493,2 4,North,2,2,26
0,3,9,6,1072.88,2 4,North,2,3,26
0,3,9,2,1073.419,1 4,North,2,3,26
0,3,9,2,1074.24,0 4,North,2,3,26
0,3,9,6,1074.62,0 4,North,2,4,26
0,3,9,1,1074.849,0 4,West,2,4,26
0,3,9,1,1075.897,0 4,South,2,4,26
0,3,9,2,1076.442,1 4,South,2,4,26
0,3,9,3,1077.001,1 4,West,2,4,26
0,3,9,2,1077.598,1 3,West,2,4,26
0,3,9,1,1078.147,1 3,South,2,4,26
0,3,9,2,1078.756,2 3,South,2,4,26
0,3,9,3,1079.506,2 3,West,2,4,26
0,3,9,2,1080.093,2 2,West,2,4,26
0,3,9,3,1080.908,2 2,North,2,4,26
0,3,9,2,1081.517,1 2,North,2,4,26
0,3,9,2,1082.401,0 2,North,2,4,26
0,3,9,1,1083.214,0 2,West,2,4,26
0,3,9,2,1083.903,0 1,West,2,4,26
0,3,9,1,1085.433,0 1,South,2,4,26
0,3,9,1,1086.048,0 1,East,2,4,26
0,3,9,2,1086.796,0 2,East,2,4,26
0,3,9,3,1087.507,0 2,South,2,4,26
0,3,9,2,1088.156,1 2,South,2,4,26
0,3,9,2,1088.83,2 2,South,2,4,26
0,3,9,1,1089.373,2 2,East,2,4,26
0,3,9,2,1090.03,2 3,East,2,4,26
0,3,9,1,1090.737,2 3,North,2,4,26
0,3,9,2,1091.314,1 3,North,2,4,26
0,3,9,3,1091.937,1 3,East,2,4,26
0,3,9,2,1092.571,1 4,East,2,4,26
0,3,9,3,1093.373,1 4,South,2,4,26
0,3,9,2,1094.268,2 4,South,2,4,26
0,3,9,2,1094.959,3 4,South,2,4,26
0,3,9,2,1095.658,4 4,South,2,4,26
0,3,9,3,1096.203,4 4,West,2,4,26
0,3,9,2,1096.875,4 3,West,2,4,26
0,3,9,2,1097.452,4 2,West,2,4,26
0,3,9,3,1098.315,4 2,North,2,4,26
0,3,9,2,1098.958,3 2,North,2,4,26
0,3,9,3,1099.616,3 2,East,2,4,26
0,3,9,1,1100.145,3 2,North,2,4,26
0,3,9,1,1100.783,3 2,West,2,4,26
0,3,9,2,1101.374,3 1,West,2,4,26
0,3,9,3,1102.113,3 1,North,2,4,26
0,3,9,2,1102.797,2 1,North,2,4,26
0,3,9,2,1103.41,1 1,North,2,4,26
0,3,9,1,1104.047,1 1,West,2,4,26
0,3,9,2,1104.795,1 0,West,2,4,26
0,3,9,1,1105.47,1 0,South,2,4,26
0,3,9,2,1106.666,2 0,South,2,4,26
0,3,9,2,1107.273,3 0,South,2,4,26
0,3,9,2,1107.823,4 0,South,2,4,26
0,3,9,1,1108.507,4 0,East,2,4,26
0,3,9,2,1109.115,4 1,East,2,4,26
0,3,9,6,1109.52,4 1,East,2,5,26
0,3,9,1,1110.123,4 1,North,2,5,26
0,3,9,1,1110.979,4 1,West,2,5,26
0,3,9,2,1111.792,4 0,West,2,5,26
0,3,9,3,1112.426,4 0,North,2,5,26
0,3,9,2,1114.801,3 0,North,2,5,26
0,3,9,2,1115.577,2 0,North,2,5,26
0,3,9,6,1115.96,2 0,North,2,6,26
0,3,9,2,1116.319,1 0,North,2,6,26
0,3,9,3,1116.947,1 0,East,2,6,26
0,3,9,3,1118.223,1 0,South,2,6,26
0,3,9,2,1118.777,2 0,South,2,6,26
0,3,9,2,1119.451,3 0,South,2,6,26
0,3,9,2,1120.157,4 0,South,2,6,26
0,3,9,1,1120.716,4 0,East,2,6,26
0,3,9,1,1121.554,4 0,North,2,6,26
0,3,9,2,1122.787,3 0,North,2,6,26
0,3,9,2,1123.506,2 0,North,2,6,26
0,3,9,2,1124.286,1 0,North,2,6,26
0,3,9,3,1124.986,1 0,East,2,6,26
0,3,9,3,1125.85,1 0,South,2,6,26
0,3,9,1,1126.545,1 0,East,2,6,26
0,3,9,2,1127.229,1 1,East,2,6,26
0,3,9,3,1127.85,1 1,South,2,6,26
0,3,9,2,1128.623,2 1,South,2,6,26
0,3,9,2,1129.228,3 1,South,2,6,26
0,3,9,1,1129.871,3 1,East,2,6,26
0,3,9,2,1130.595,3 2,East,2,6,26
0,3,9,3,1131.31,3 2,South,2,6,26
0,3,9,2,1131.982,4 2,South,2,6,26
0,3,9,1,1132.561,4 2,East,2,6,26
0,3,9,2,1133.177,4 3,East,2,6,26
0,3,9,2,1133.855,4 4,East,2,6,26
0,3,9,1,1134.753,4 4,North,2,6,26
0,3,9,2,1135.456,3 4,North,2,6,26
0,3,9,2,1136.131,2 4,North,2,6,26
0,3,9,2,1136.963,1 4,North,2,6,26
0,3,9,1,1137.641,1 4,West,2,6,26
0,3,9,2,1138.559,1 3,West,2,6,26
0,3,9,1,1139.232,1 3,South,2,6,26
0,3,9,2,1139.821,2 3,South,2,6,26
0,3,9,3,1140.412,2 3,West,2,6,26
0,3,9,2,1141.135,2 2,West,2,6,26
0,3,9,6,1141.54,2 2,West,2,7,26
0,3,9,3,1141.902,2 2,North,2,7,26
0,3,9,2,1142.654,1 2,North,2,7,26
0,3,9,2,1143.375,0 2,North,2,7,26
0,3,9,1,1144.24,0 2,West,2,7,26
0,3,9,1,1145.211,0 2,South,2,7,26
0,3,9,3,1145.981,0 2,West,2,7,26
0,3,9,2,1146.573,0 1,West,2,7,26
0,3,9,2,1147.216,0 0,West,2,7,26
0,3,9,3,1147.953,0 0,North,2,7,26
0,3,9,3,1148.879,0 0,East,2,7,26
0,3,9,1,1149.833,0 0,North,2,7,26
0,3,9,1,1150.545,0 0,West,2,7,26
0,3,9,2,1151.168,0 0,West,2,7,26
0,3,9,3,1151.531,0 0,North,2,7,26
0,3,9,3,1152.579,0 0,East,2,7,26
0,3,9,2,1153.356,0 1,East,2,7,26
0,3,9,2,1154,0 2,East,2,7,26
0,3,9,3,1154.834,0 2,South,2,7,26
0,3,9,2,1155.466,1 2,South,2,7,26
0,3,9,2,1156.115,2 2,South,2,7,26
0,3,9,1,1156.762,2 2,East,2,7,26
0,3,9,2,1157.331,2 3,East,2,7,26
0,3,9,1,1158.05,2 3,North,2,7,26
0,3,9,2,1158.634,1 3,North,2,7,26
0,3,9,3,1159.314,1 3,East,2,7,26
0,3,9,2,1160.032,1 4,East,2,7,26
0,3,9,3,1160.672,1 4,South,2,7,26
0,3,9,2,1161.578,2 4,South,2,7,26
0,3,9,2,1162.29,3 4,South,2,7,26
0,3,9,2,1162.913,4 4,South,2,7,26
0,3,9,3,1163.553,4 4,West,2,7,26
0,3,9,2,1164.122,4 3,West,2,7,26
0,3,9,6,1164.54,4 3,West,2,8,26
3,3,9,2,1167.955,3 4,North,2,0,0
3,3,9,6,1168.34,3 4,North,2,1,0
3,3,9,4,1170.259,4 4,North,2,1,0
3,3,9,1,1171.229,4 3,North,2,1,0
3,3,9,1,1172.399,4 2,North,2,1,0
3,3,9,2,1173.65,3 2,North,2,1,0
3,3,9,2,1179.218,3 2,North,2,1,1
3,3,9,1,1179.651,3 1,North,2,1,1
3,3,9,2,1180.189,2 1,North,2,1,1
3,3,9,1,1180.816,2 1,North,2,1,2
3,3,9,2,1183.491,1 1,North,2,1,2
3,3,9,1,1184.186,1 0,North,2,1,2
3,3,9,4,1185.343,2 0,North,2,1,2
3,3,9,4,1185.939,3 0,North,2,1,2
3,3,9,6,1186.3,3 0,North,2,2,2
3,3,9,2,1186.747,2 0,North,2,2,2
3,3,9,2,1187.441,1 0,North,2,2,2
3,3,9,3,1188.098,1 1,North,2,2,2
3,3,9,4,1188.975,2 1,North,2,2,2
3,3,9,3,1190.156,2 1,North,2,2,3
3,3,9,4,1190.675,3 1,North,2,2,3
3,3,9,3,1191.934,3 2,North,2,2,3
3,3,9,4,1192.557,4 2,North,2,2,3
3,3,9,3,1193.249,4 3,North,2,2,3
3,3,9,3,1193.965,4 4,North,2,2,3
3,3,9,2,1194.54,3 4,North,2,2,3
3,3,9,2,1195.234,2 4,North,2,2,3
3,3,9,6,1195.62,2 4,North,2,3,3
3,3,9,2,1196.107,1 4,North,2,3,3
3,3,9,2,1196.83,0 4,North,2,3,3
3,3,9,6,1197.22,0 4,North,2,4,3
3,3,9,4,1197.499,1 4,North,2,4,3
3,3,9,4,1198.13,2 4,North,2,4,3
3,3,9,2,1198.94,1 4,North,2,4,3
3,3,9,1,1199.61,1 3,North,2,4,3
3,3,9,4,1200.585,2 3,North,2,4,3
3,3,9,4,1201.277,2 3,North,2,4,4
3,3,9,2,1202.027,1 3,North,2,4,4
3,3,9,1,1202.72,1 3,North,2,4,5
3,3,9,3,1203.585,1 4,North,2,4,5
3,3,9,4,1204.192,2 4,North,2,4,5
3,3,9,1,1204.815,2 4,North,2,4,6
3,3,9,4,1205.441,3 4,North,2,4,6
3,3,9,1,1207.812,3 4,North,2,4,7
3,3,9,3,1208.251,3 4,North,2,4,7
3,3,9,4,1208.306,4 4,North,2,4,7
3,3,9,1,1209.001,4 3,North,2,4,7
3,3,9,1,1209.772,4 2,North,2,4,7
3,3,9,2,1210.414,3 2,North,2,4,7
3,3,9,2,1211.153,3 2,North,2,4,8
3,3,9,1,1211.757,3 1,North,2,4,8
3,3,9,2,1212.399,2 1,North,2,4,8
3,3,9,2,1213.259,1 1,North,2,4,8
3,3,9,6,1213.64,1 1,North,2,5,8
3,3,9,4,1213.898,2 1,North,2,5,8
3,3,9,4,1214.589,3 1,North,2,5,8
3,3,9,3,1215.453,3 2,North,2,5,8
3,3,9,4,1216.185,4 2,North,2,5,8
3,3,9,6,1216.54,4 2,North,2,6,8
3,3,9,2,1216.978,3 2,North,2,6,8
3,3,9,1,1217.619,3 1,North,2,6,8
3,3,9,6,1218.02,3 1,North,2,7,8
3,3,9,3,1218.318,3 2,North,2,7,8
3,3,9,4,1218.972,4 2,North,2,7,8
3,3,9,3,1219.585,4 3,North,2,7,8
3,3,9,3,1220.177,4 4,North,2,7,8
3,3,9,2,1220.702,3 4,North,2,7,8
3,3,9,2,1221.341,2 4,North,2,7,8
3,3,9,2,1221.987,1 4,North,2,7,8
3,3,9,6,1222.38,1 4,North,2,8,8
0,4,10,2,1225.459,3 4,North,2,0,8
0,4,10,2,1226.37,2 4,North,2,0,8
0,4,10,2,1227.165,1 4,North,2,0,8
0,4,10,1,1227.769,1 4,West,2,0,8
0,4,10,2,1228.684,1 3,West,2,0,8
0,4,10,3,1229.69,1 3,North,2,0,8
0,4,10,1,1230.625,1 3,West,2,0,8
0,4,10,1,1231.641,1 3,South,2,0,8
0,4,10,2,1232.258,2 3,South,2,0,8
0,4,10,3,1232.978,2 3,West,2,0,8
0,4,10,2,1233.632,2 2,West,2,0,8
0,4,10,6,1234.04,2 2,West,2,1,8
0,4,10,3,1234.364,2 2,North,2,1,8
0,4,10,2,1235.755,1 2,North,2,1,8
0,4,10,6,1236.14,1 2,North,2,2,8
0,4,10,2,1236.561,0 2,North,2,2,8
0,4,10,1,1237.185,0 2,West,2,2,8
0,4,10,2,1238.653,0 1,West,2,2,8
0,4,10,2,1239.164,0 0,West,2,2,8
0,4,10,3,1239.985,0 0,North,2,2,8
0,4,10,3,1240.778,0 0,East,2,2,8
0,4,10,2,1241.516,0 1,East,2,2,8
0,4,10,2,1242.025,0 2,East,2,2,8
0,4,10,3,1242.603,0 2,South,2,2,8
0,4,10,2,1243.278,1 2,South,2,2,8
0,4,10,2,1243.821,2 2,South,2,2,8
0,4,10,1,1244.731,2 2,East,2,2,8
0,4,10,2,1245.409,2 3,East,2,2,8
0,4,10,1,1246.157,2 3,North,2,2,8
0,4,10,2,1246.749,1 3,North,2,2,8
0,4,10,3,1247.439,1 3,East,2,2,8
0,4,10,2,1248.044,1 4,East,2,2,8
0,4,10,1,1248.617,1 4,North,2,2,8
0,4,10,2,1249.181,0 4,North,2,2,8
0,4,10,1,1249.965,0 4,West,2,2,8
0,4,10,1,1250.562,0 4,South,2,2,8
0,4,10,2,1251.15,1 4,South,2,2,8
0,4,10,2,1251.679,2 4,South,2,2,8
0,4,10,2,1252.193,3 4,South,2,2,8
0,4,10,2,1252.703,4 4,South,2,2,8
0,4,10,3,1253.563,4 4,West,2,2,8
0,4,10,2,1254.129,4 3,West,2,2,8
0,4,10,2,1254.72,4 2,West,2,2,8
0,4,10,3,1255.551,4 2,North,2,2,8
0,4,10,2,1256.251,3 2,North,2,2,8
0,4,10,3,1256.802,3 2,East,2,2,8
0,4,10,2,1257.39,3 3,East,2,2,8
0,4,10,6,1257.8,3 3,East,2,3,8
0,4,10,1,1258.125,3 3,North,2,3,8
0,4,10,1,1258.826,3 3,West,2,3,8
0,4,10,2,1259.569,3 2,West,2,3,8
0,4,10,2,1260.24,3 1,West,2,3,8
0,4,10,3,1260.928,3 1,North,2,3,8
0,4,10,2,1261.615,2 1,North,2,3,8
0,4,10,2,1262.126,1 1,North,2,3,8
0,4,10,1,1262.657,1 1,West,2,3,8
0,4,10,2,1263.234,1 0,West,2,3,8
0,4,10,1,1263.744,1 0,South,2,3,8
0,4,10,2,1264.273,2 0,South,2,3,8
0,4,10,2,1264.802,3 0,South,2,3,8
0,4,10,2,1265.61,4 0,South,2,3,8
0,4,10,1,1266.527,4 0,East,2,3,8
0,4,10,1,1267.342,4 0,North,2,3,8
0,4,10,2,1268.202,3 0,North,2,3,8
0,4,10,2,1268.717,2 0,North,2,3,8
0,4,10,2,1269.741,1 0,North,2,3,8
0,4,10,3,1270.431,1 0,East,2,3,8
0,4,10,2,1271.087,1 1,East,2,3,8
0,4,10,3,1271.725,1 1,South,2,3,8
0,4,10,2,1272.413,2 1,South,2,3,8
0,4,10,2,1273.04,3 1,South,2,3,8
0,4,10,1,1273.681,3 1,East,2,3,8
0,4,10,2,1274.363,3 2,East,2,3,8
0,4,10,3,1274.939,3 2,South,2,3,8
0,4,10,2,1275.567,4 2,South,2,3,8
0,4,10,1,1276.146,4 2,East,2,3,8
0,4,10,2,1277.115,4 3,East,2,3,8
0,4,10,2,1277.663,4 4,East,2,3,8
0,4,10,1,1278.284,4 4,North,2,3,8
0,4,10,2,1278.905,3 4,North,2,3,8
0,4,10,2,1279.855,2 4,North,2,3,8
0,4,10,2,1280.401,1 4,North,2,3,8
0,4,10,6,1280.78,1 4,North,2,4,8
0,4,10,2,1281.179,0 4,North,2,4,8
0,4,10,1,1282.058,0 4,West,2,4,8
0,4,10,1,1282.624,0 4,South,2,4,8
0,4,10,2,1283.163,1 4,South,2,4,8
0,4,10,3,1283.967,1 4,West,2,4,8
0,4,10,2,1284.705,1 3,West,2,4,8
0,4,10,1,1285.323,1 3,South,2,4,8
0,4,10,2,1285.946,2 3,South,2,4,8
0,4,10,3,1286.574,2 3,West,2,4,8
0,4,10,2,1287.245,2 2,West,2,4,8
0,4,10,3,1287.872,2 2,North,2,4,8
0,4,10,2,1288.394,1 2,North,2,4,8
0,4,10,2,1288.912,0 2,North,2,4,8
0,4,10,1,1289.773,0 2,West,2,4,8
0,4,10,1,1290.753,0 2,South,2,4,8
0,4,10,2,1291.678,1 2,South,2,4,8
0,4,10,2,1292.249,2 2,South,2,4,8
0,4,10,1,1292.78,2 2,East,2,4,8
0,4,10,2,1293.338,2 3,East,2,4,8
0,4,10,1,1293.898,2 3,North,2,4,8
0,4,10,2,1295.79,1 3,North,2,4,8
0,4,10,3,1296.319,1 3,East,2,4,8
0,4,10,2,1296.958,1 4,East,2,4,8
0,4,10,3,1297.87,1 4,South,2,4,8
0,4,10,2,1298.511,2 4,South,2,4,8
0,4,10,2,1299.418,3 4,South,2,4,8
0,4,10,2,1300.251,4 4,South,2,4,8
0,4,10,3,1300.94,4 4,West,2,4,8
0,4,10,2,1301.627,4 3,West,2,4,8
0,4,10,2,1302.176,4 2,West,2,4,8
0,4,10,3,1302.762,4 2,North,2,4,8
0,4,10,2,1303.441,3 2,North,2,4,8
0,4,10,3,1304.349,3 2,East,2,4,8
0,4,10,1,1305.168,3 2,North,2,4,8
0,4,10,1,1305.802,3 2,West,2,4,8
0,4,10,2,1306.463,3 1,West,2,4,8
0,4,10,3,1307.083,3 1,North,2,4,8
0,4,10,2,1307.757,2 1,North,2,4,8
0,4,10,2,1308.363,1 1,North,2,4,8
0,4,10,1,1309.025,1 1,West,2,4,8
0,4,10,2,1309.745,1 0,West,2,4,8
0,4,10,1,1310.32,1 0,South,2,4,8
0,4,10,2,1310.896,2 0,South,2,4,8
0,4,10,2,1311.455,3 0,South,2,4,8
0,4,10,6,1311.82,3 0,South,2,5,8
0,4,10,2,1312.172,4 0,South,2,5,8
0,4,10,1,1313.05,4 0,East,2,5,8
0,4,10,1,1314.253,4 0,North,2,5,8
0,4,10,2,1314.962,3 0,North,2,5,8
0,4,10,2,1315.61,2 0,North,2,5,8
0,4,10,2,1316.289,1 0,North,2,5,8
0,4,10,3,1316.877,1 0,East,2,5,8
0,4,10,3,1317.569,1 0,South,2,5,8
0,4,10,1,1318.138,1 0,East,2,5,8
0,4,10,2,1318.746,1 1,East,2,5,8
0,4,10,3,1319.692,1 1,South,2,5,8
0,4,10,2,1320.41,2 1,South,2,5,8
0,4,10,2,1321.005,3 1,South,2,5,8
0,4,10,6,1321.38,3 1,South,2,6,8
0,4,10,1,1321.673,3 1,East,2,6,8
0,4,10,2,1322.272,3 2,East,2,6,8
0,4,10,2,1322.834,3 3,East,2,6,8
0,4,10,6,1323.24,3 3,East,2,7,8
0,4,10,3,1324.155,3 3,South,2,7,8
0,4,10,3,1324.686,3 3,West,2,7,8
0,4,10,2,1325.341,3 2,West,2,7,8
0,4,10,1,1325.855,3 2,South,2,7,8
0,4,10,2,1326.528,4 2,South,2,7,8
0,4,10,1,1327.107,4 2,East,2,7,8
0,4,10,2,1327.713,4 3,East,2,7,8
0,4,10,2,1328.349,4 4,East,2,7,8
0,4,10,1,1329.294,4 4,North,2,7,8
0,4,10,2,1329.949,3 4,North,2,7,8
0,4,10,2,1330.528,2 4,North,2,7,8
0,4,10,2,1331.115,1 4,North,2,7,8
0,4,10,1,1331.985,1 4,West,2,7,8
0,4,10,2,1332.769,1 3,West,2,7,8
0,4,10,1,1333.328,1 3,South,2,7,8
0,4,10,2,1333.881,2 3,South,2,7,8
0,4,10,3,1334.801,2 3,West,2,7,8
0,4,10,2,1335.418,2 2,West,2,7,8
0,4,10,3,1336.112,2 2,North,2,7,8
0,4,10,2,1336.769,1 2,North,2,7,8
0,4,10,2,1337.738,0 2,North,2,7,8
0,4,10,6,1338.12,0 2,North,2,8,8
3,4,10,2,1341.434,3 4,North,2,0,0
3,4,10,4,1342.425,4 4,North,2,0,0
3,4,10,1,1343.038,4 3,North,2,0,0
3,4,10,1,1343.977,4 2,North,2,0,0
3,4,10,2,1344.553,3 2,North,2,0,0
3,4,10,2,1345.169,3 2,North,2,0,1
3,4,10,3,1345.758,3 3,North,2,0,1
3,4,10,1,1346.523,3 2,North,2,0,1
3,4,10,1,1347.065,3 1,North,2,0,1
3,4,10,2,1347.597,2 1,North,2,0,1
3,4,10,3,1348.142,2 1,North,2,0,2
3,4,10,4,1348.998,3 1,North,2,0,2
3,4,10,3,1349.554,3 2,North,2,0,2
3,4,10,3,1350.096,3 3,North,2,0,2
3,4,10,1,1350.863,3 2,North,2,0,2
3,4,10,4,1351.569,4 2,North,2,0,2
3,4,10,3,1352.143,4 3,North,2,0,2
3,4,10,3,1352.703,4 4,North,2,0,2
3,4,10,2,1353.427,3 4,North,2,0,2
3,4,10,2,1354.028,2 4,North,2,0,2
3,4,10,2,1354.569,1 4,North,2,0,2
3,4,10,1,1355.082,1 3,North,2,0,2
3,4,10,1,1355.929,1 3,North,2,0,3
3,4,10,4,1356.393,2 3,North,2,0,3
3,4,10,1,1357.05,2 2,North,2,0,3
3,4,10,6,1357.46,2 2,North,2,1,3
3,4,10,3,1357.584,2 3,North,2,1,3
3,4,10,1,1358.509,2 2,North,2,1,3
3,4,10,2,1359.268,1 2,North,2,1,3
3,4,10,6,1359.64,1 2,North,2,2,3
3,4,10,4,1360.094,2 2,North,2,2,3
3,4,10,3,1360.702,2 3,North,2,2,3
3,4,10,2,1361.371,1 3,North,2,2,3
3,4,10,3,1361.92,1 4,North,2,2,3
3,4,10,4,1362.526,2 4,North,2,2,3
3,4,10,4,1363.07,3 4,North,2,2,3
3,4,10,4,1364.252,4 4,North,2,2,3
3,4,10,1,1364.874,4 3,North,2,2,3
3,4,10,1,1365.485,4 2,North,2,2,3
3,4,10,2,1366.329,3 2,North,2,2,3
3,4,10,3,1367.054,3 3,North,2,2,3
3,4,10,6,1367.46,3 3,North,2,3,3
3,4,10,1,1367.663,3 2,North,2,3,3
3,4,10,4,1368.329,4 2,North,2,3,3
3,4,10,3,1368.954,4 3,North,2,3,3
3,4,10,3,1369.484,4 4,North,2,3,3
3,4,10,2,1370.05,3 4,North,2,3,3
3,4,10,2,1370.684,2 4,North,2,3,3
3,4,10,2,1371.609,1 4,North,2,3,3
3,4,10,6,1372,1 4,North,2,4,3
3,4,10,2,1372.544,0 4,North,2,4,3
3,4,10,1,1373.263,0 3,North,2,4,3
3,4,10,6,1373.66,0 3,North,2,5,3
3,4,10,3,1373.818,0 4,North,2,5,3
3,4,10,3,1374.579,0 4,North,2,5,3
3,4,10,4,1374.909,1 4,North,2,5,3
3,4,10,4,1375.738,2 4,North,2,5,3
3,4,10,4,1376.915,3 4,North,2,5,3
3,4,10,4,1377.507,4 4,North,2,5,3
3,4,10,1,1378.074,4 3,North,2,5,3
3,4,10,1,1378.621,4 2,North,2,5,3
3,4,10,1,1379.156,4 2,North,2,5,4
3,4,10,2,1380.066,3 2,North,2,5,4
3,4,10,1,1380.866,3 1,North,2,5,4
3,4,10,2,1381.994,2 1,North,2,5,4
3,4,10,2,1383.089,1 1,North,2,5,4
3,4,10,1,1384.063,1 0,North,2,5,4
3,4,10,2,1385.123,1 0,North,2,5,5
3,4,10,3,1385.577,1 1,North,2,5,5
3,4,10,2,1386.303,1 1,North,2,5,6
3,4,10,3,1387.326,1 1,North,2,5,7
3,4,10,1,1387.931,1 0,North,2,5,7
3,4,10,3,1389.007,1 1,North,2,5,7
3,4,10,4,1389.645,2 1,North,2,5,7
3,4,10,4,1391.31,3 1,North,2,5,7
3,4,10,2,1391.916,2 1,North,2,5,7
3,4,10,3,1392.595,2 1,North,2,5,8
3,4,10,1,1393.69,2 1,North,2,5,9
3,4,10,2,1394.275,1 1,North,2,5,9
3,4,10,3,1394.835,1 1,North,2,5,10
3,4,10,2,1395.402,1 1,North,2,5,11
3,4,10,1,1395.763,1 0,North,2,5,11
3,4,10,2,1396.434,1 0,North,2,5,12
3,4,10,3,1397.678,1 1,North,2,5,12
3,4,10,4,1398.306,2 1,North,2,5,12
3,4,10,4,1398.891,3 1,North,2,5,12
3,4,10,3,1400.847,3 2,North,2,5,12
3,4,10,4,1401.759,4 2,North,2,5,12
3,4,10,3,1402.352,4 3,North,2,5,12
3,4,10,3,1403.1,4 4,North,2,5,12
3,4,10,2,1403.854,3 4,North,2,5,12
3,4,10,2,1404.546,2 4,North,2,5,12
3,4,10,2,1405.177,1 4,North,2,5,12
3,4,10,1,1406.559,1 3,North,2,5,12
3,4,10,4,1407.163,2 3,North,2,5,12
3,4,10,1,1407.853,2 2,North,2,5,12
3,4,10,2,1408.764,1 2,North,2,5,12
3,4,10,1,1410.269,1 2,North,2,5,13
3,4,10,2,1410.73,0 2,North,2,5,13
3,4,10,1,1411.385,0 1,North,2,5,13
3,4,10,6,1411.8,0 1,North,2,6,13
3,4,10,3,1412.299,0 2,North,2,6,13
3,4,10,4,1413.036,1 2,North,2,6,13
3,4,10,4,1413.664,2 2,North,2,6,13
3,4,10,3,1414.241,2 3,North,2,6,13
3,4,10,3,1414.802,2 3,North,2,6,14
3,4,10,2,1415.241,1 3,North,2,6,14
3,4,10,3,1415.867,1 4,North,2,6,14
3,4,10,4,1416.576,2 4,North,2,6,14
3,4,10,4,1417.117,3 4,North,2,6,14
3,4,10,4,1417.948,4 4,North,2,6,14
3,4,10,1,1418.587,4 3,North,2,6,14
3,4,10,1,1419.264,4 2,North,2,6,14
3,4,10,1,1419.786,4 2,North,2,6,15
3,4,10,2,1420.48,3 2,North,2,6,15
3,4,10,1,1423.405,3 1,North,2,6,15
3,4,10,2,1424.763,2 1,North,2,6,15
3,4,10,1,1425.453,2 1,North,2,6,16
3,4,10,2,1425.964,1 1,North,2,6,16
3,4,10,1,1426.623,1 0,North,2,6,16
3,4,10,4,1427.228,2 0,North,2,6,16
3,4,10,6,1427.6,2 0,North,2,7,16
3,4,10,2,1427.983,1 0,North,2,7,16
3,4,10,3,1428.621,1 1,North,2,7,16
3,4,10,4,1429.247,2 1,North,2,7,16
3,4,10,3,1429.776,2 1,North,2,7,17
3,4,10,4,1431.849,3 1,North,2,7,17
3,4,10,3,1432.544,3 2,North,2,7,17
3,4,10,6,1432.94,3 2,North,2,8,17
0,4,11,2,1438.657,3 4,North,2,0,17
0,4,11,6,1439.04,3 4,North,2,1,17
0,4,11,2,1439.421,2 4,North,2,1,17
0,4,11,2,1440.318,1 4,North,2,1,17
0,4,11,1,1441.009,1 4,West,2,1,17
0,4,11,3,1441.537,1 4,North,2,1,17
0,4,11,1,1442.115,1 4,West,2,1,17
0,4,11,2,1442.767,1 3,West,2,1,17
0,4,11,1,1443.391,1 3,South,2,1,17
0,4,11,2,1444.027,2 3,South,2,1,17
0,4,11,3,1444.619,2 3,West,2,1,17
0,4,11,2,1445.263,2 2,West,2,1,17
0,4,11,3,1446.074,2 2,North,2,1,17
0,4,11,2,1446.672,1 2,North,2,1,17
0,4,11,2,1447.42,0 2,North,2,1,17
0,4,11,1,1448.014,0 2,West,2,1,17
0,4,11,2,1449.226,0 1,West,2,1,17
0,4,11,2,1449.794,0 0,West,2,1,17
0,4,11,3,1450.481,0 0,North,2,1,17
0,4,11,3,1451.053,0 0,East,2,1,17
0,4,11,3,1452.043,0 0,South,2,1,17
0,4,11,1,1452.642,0 0,East,2,1,17
0,4,11,2,1453.307,0 1,East,2,1,17
0,4,11,2,1453.835,0 2,East,2,1,17
0,4,11,3,1454.385,0 2,South,2,1,17
0,4,11,2,1454.957,1 2,South,2,1,17
0,4,11,2,1455.53,2 2,South,2,1,17
0,4,11,1,1456.416,2 2,East,2,1,17
0,4,11,2,1457.906,2 3,East,2,1,17
0,4,11,1,1458.481,2 3,North,2,1,17
0,4,11,2,1459.057,1 3,North,2,1,17
0,4,11,3,1459.627,1 3,East,2,1,17
0,4,11,2,1460.221,1 4,East,2,1,17
0,4,11,3,1460.863,1 4,South,2,1,17
0,4,11,2,1461.664,2 4,South,2,1,17
0,4,11,2,1462.618,3 4,South,2,1,17
0,4,11,2,1463.356,4 4,South,2,1,17
0,4,11,3,1463.953,4 4,West,2,1,17
0,4,11,2,1464.623,4 3,West,2,1,17
0,4,11,2,1465.277,4 2,West,2,1,17
0,4,11,3,1465.836,4 2,North,2,1,17
0,4,11,2,1466.425,3 2,North,2,1,17
0,4,11,1,1466.987,3 2,West,2,1,17
0,4,11,2,1467.567,3 1,West,2,1,17
0,4,11,3,1468.128,3 1,North,2,1,17
0,4,11,2,1468.69,2 1,North,2,1,17
0,4,11,2,1469.28,1 1,North,2,1,17
0,4,11,1,1470.097,1 1,West,2,1,17
0,4,11,2,1470.639,1 0,West,2,1,17
0,4,11,6,1471.06,1 0,West,2,2,17
0,4,11,2,1471.452,1 0,West,2,2,17
0,4,11,1,1471.739,1 0,South,2,2,17
0,4,11,2,1472.878,2 0,South,2,2,17
0,4,11,2,1473.549,3 0,South,2,2,17
0,4,11,2,1474.096,4 0,South,2,2,17
0,4,11,1,1474.907,4 0,East,2,2,17
0,4,11,1,1475.629,4 0,North,2,2,17
0,4,11,2,1476.239,3 0,North,2,2,17
0,4,11,2,1476.762,2 0,North,2,2,17
0,4,11,2,1477.322,1 0,North,2,2,17
0,4,11,3,1477.883,1 0,East,2,2,17
0,4,11,2,1478.587,1 1,East,2,2,17
0,4,11,3,1479.102,1 1,South,2,2,17
0,4,11,2,1479.665,2 1,South,2,2,17
0,4,11,2,1480.587,3 1,South,2,2,17
0,4,11,1,1481.343,3 1,East,2,2,17
0,4,11,2,1482.096,3 2,East,2,2,17
0,4,11,3,1482.761,3 2,South,2,2,17
0,4,11,2,1483.465,4 2,South,2,2,17
0,4,11,1,1484.14,4 2,East,2,2,17
0,4,11,2,1485.023,4 3,East,2,2,17
0,4,11,2,1485.759,4 4,East,2,2,17
0,4,11,1,1486.435,4 4,North,2,2,17
0,4,11,2,1487.106,3 4,North,2,2,17
0,4,11,2,1487.675,2 4,North,2,2,17
0,4,11,2,1488.29,1 4,North,2,2,17
0,4,11,1,1488.846,1 4,West,2,2,17
0,4,11,3,1489.546,1 4,North,2,2,17
0,4,11,1,1490.461,1 4,West,2,2,17
0,4,11,1,1491.181,1 4,South,2,2,17
0,4,11,3,1491.835,1 4,West,2,2,17
0,4,11,2,1492.557,1 3,West,2,2,17
0,4,11,1,1493.165,1 3,South,2,2,17
0,4,11,2,1493.745,2 3,South,2,2,17
0,4,11,3,1494.736,2 3,West,2,2,17
0,4,11,2,1495.521,2 2,West,2,2,17
0,4,11,3,1496.08,2 2,North,2,2,17
0,4,11,2,1496.649,1 2,North,2,2,17
0,4,11,2,1497.343,0 2,North,2,2,17
0,4,11,1,1497.903,0 2,West,2,2,17
0,4,11,2,1498.458,0 1,West,2,2,17
0,4,11,6,1498.86,0 1,West,2,3,17
0,4,11,1,1499.678,0 1,South,2,3,17
0,4,11,1,1500.237,0 1,East,2,3,17
0,4,11,2,1500.922,0 2,East,2,3,17
0,4,11,3,1501.586,0 2,South,2,3,17
0,4,11,2,1502.237,1 2,South,2,3,17
0,4,11,2,1502.922,2 2,South,2,3,17
0,4,11,1,1503.578,2 2,East,2,3,17
0,4,11,2,1504.207,2 3,East,2,3,17
0,4,11,1,1504.795,2 3,North,2,3,17
0,4,11,2,1505.325,1 3,North,2,3,17
0,4,11,3,1505.952,1 3,East,2,3,17
0,4,11,2,1506.481,1 4,East,2,3,17
0,4,11,1,1507.002,1 4,North,2,3,17
0,4,11,2,1507.903,0 4,North,2,3,17
0,4,11,1,1508.783,0 4,West,2,3,17
0,4,11,1,1509.646,0 4,South,2,3,17
0,4,11,2,1510.348,1 4,South,2,3,17
0,4,11,2,1511.211,2 4,South,2,3,17
0,4,11,2,1512.044,3 4,South,2,3,17
0,4,11,2,1512.666,4 4,South,2,3,17
0,4,11,3,1513.245,4 4,West,2,3,17
0,4,11,2,1513.887,4 3,West,2,3,17
0,4,11,2,1514.429,4 2,West,2,3,17
0,4,11,6,1514.84,4 2,West,2,4,17
0,4,11,3,1515.085,4 2,North,2,4,17
0,4,11,2,1515.713,3 2,North,2,4,17
0,4,11,3,1516.301,3 2,East,2,4,17
0,4,11,1,1517.131,3 2,North,2,4,17
0,4,11,1,1517.853,3 2,West,2,4,17
0,4,11,2,1518.528,3 1,West,2,4,17
0,4,11,3,1519.164,3 1,North,2,4,17
0,4,11,2,1519.791,2 1,North,2,4,17
0,4,11,2,1520.317,1 1,North,2,4,17
0,4,11,1,1520.971,1 1,West,2,4,17
0,4,11,2,1521.546,1 0,West,2,4,17
0,4,11,1,1522.141,1 0,South,2,4,17
0,4,11,1,1523.086,1 0,East,2,4,17
0,4,11,2,1523.776,1 1,East,2,4,17
0,4,11,3,1524.368,1 1,South,2,4,17
0,4,11,2,1525.087,2 1,South,2,4,17
0,4,11,2,1525.757,3 1,South,2,4,17
0,4,11,1,1526.417,3 1,East,2,4,17
0,4,11,2,1527.088,3 2,East,2,4,17
0,4,11,3,1527.664,3 2,South,2,4,17
0,4,11,2,1528.43,4 2,South,2,4,17
0,4,11,1,1529.122,4 2,East,2,4,17
0,4,11,2,1529.712,4 3,East,2,4,17
0,4,11,2,1530.258,4 4,East,2,4,17
0,4,11,1,1530.794,4 4,North,2,4,17
0,4,11,2,1531.343,3 4,North,2,4,17
0,4,11,6,1531.72,3 4,North,2,5,17
0,4,11,2,1531.98,2 4,North,2,5,17
0,4,11,2,1532.539,1 4,North,2,5,17
0,4,11,1,1533.485,1 4,West,2,5,17
0,4,11,3,1534.08,1 4,North,2,5,17
0,4,11,2,1534.722,0 4,North,2,5,17
0,4,11,1,1535.552,0 4,West,2,5,17
0,4,11,2,1536.362,0 3,West,2,5,17
0,4,11,6,1536.76,0 3,West,2,6,17
0,4,11,3,1537.392,0 3,North,2,6,17
0,4,11,3,1538.001,0 3,East,2,6,17
0,4,11,2,1538.713,0 4,East,2,6,17
0,4,11,3,1539.615,0 4,South,2,6,17
0,4,11,2,1540.303,1 4,South,2,6,17
0,4,11,3,1540.858,1 4,West,2,6,17
0,4,11,2,1541.47,1 3,West,2,6,17
0,4,11,1,1542.049,1 3,South,2,6,17
0,4,11,2,1542.672,2 3,South,2,6,17
0,4,11,3,1543.546,2 3,West,2,6,17
0,4,11,2,1544.239,2 2,West,2,6,17
0,4,11,3,1544.941,2 2,North,2,6,17
0,4,11,2,1546.317,1 2,North,2,6,17
0,4,11,2,1546.849,0 2,North,2,6,17
0,4,11,1,1547.393,0 2,West,2,6,17
0,4,11,1,1548.398,0 2,South,2,6,17
0,4,11,2,1549.245,1 2,South,2,6,17
0,4,11,2,1549.913,2 2,South,2,6,17
0,4,11,1,1550.445,2 2,East,2,6,17
0,4,11,2,1551.007,2 3,East,2,6,17
0,4,11,1,1551.905,2 3,North,2,6,17
0,4,11,2,1552.509,1 3,North,2,6,17
0,4,11,3,1553.372,1 3,East,2,6,17
0,4,11,2,1554.079,1 4,East,2,6,17
0,4,11,3,1554.734,1 4,South,2,6,17
0,4,11,2,1555.403,2 4,South,2,6,17
0,4,11,2,1555.934,3 4,South,2,6,17
0,4,11,2,1556.643,4 4,South,2,6,17
0,4,11,3,1557.439,4 4,West,2,6,17
0,4,11,2,1558.139,4 3,West,2,6,17
0,4,11,2,1558.686,4 2,West,2,6,17
0,4,11,3,1559.345,4 2,North,2,6,17
0,4,11,2,1560.016,3 2,North,2,6,17
0,4,11,3,1560.801,3 2,East,2,6,17
0,4,11,1,1561.441,3 2,North,2,6,17
0,4,11,1,1562.001,3 2,West,2,6,17
0,4,11,2,1562.51,3 1,West,2,6,17
0,4,11,3,1563.152,3 1,North,2,6,17
0,4,11,2,1563.787,2 1,North,2,6,17
0,4,11,2,1564.799,1 1,North,2,6,17
0,4,11,1,1565.337,1 1,West,2,6,17
0,4,11,2,1566.026,1 0,West,2,6,17
0,4,11,1,1566.573,1 0,South,2,6,17
0,4,11,2,1567.151,2 0,South,2,6,17
0,4,11,2,1568.123,3 0,South,2,6,17
0,4,11,2,1568.689,4 0,South,2,6,17
0,4,11,6,1569.06,4 0,South,2,7,17
0,4,11,1,1569.338,4 0,East,2,7,17
0,4,11,1,1570.287,4 0,North,2,7,17
0,4,11,2,1571.026,3 0,North,2,7,17
0,4,11,2,1571.597,2 0,North,2,7,17
0,4,11,2,1572.144,1 0,North,2,7,17
0,4,11,3,1572.928,1 0,East,2,7,17
0,4,11,2,1573.553,1 1,East,2,7,17
0,4,11,3,1574.128,1 1,South,2,7,17
0,4,11,2,1574.685,2 1,South,2,7,17
0,4,11,2,1575.217,3 1,South,2,7,17
0,4,11,1,1575.794,3 1,East,2,7,17
0,4,11,2,1576.399,3 2,East,2,7,17
0,4,11,3,1577.027,3 2,South,2,7,17
0,4,11,2,1577.758,4 2,South,2,7,17
0,4,11,1,1578.317,4 2,East,2,7,17
0,4,11,2,1578.931,4 3,East,2,7,17
0,4,11,2,1579.467,4 4,East,2,7,17
0,4,11,6,1579.88,4 4,East,2,8,17
3,4,11,2,1583.083,3 4,North,2,0,0
3,4,11,6,1583.46,3 4,North,2,1,0
3,4,11,4,1583.935,4 4,North,2,1,0
3,4,11,1,1587.05,4 3,North,2,1,0
3,4,11,1,1587.76,4 2,North,2,1,0
3,4,11,2,1589.643,3 2,North,2,1,0
3,4,11,1,1590.59,3 1,North,2,1,0
3,4,11,2,1591.233,2 1,North,2,1,0
3,4,11,2,1592.046,1 1,North,2,1,0
3,4,11,1,1592.718,1 0,North,2,1,0
3,4,11,6,1593.12,1 0,North,2,2,0
3,4,11,3,1594.062,1 1,North,2,2,0
3,4,11,4,1594.67,2 1,North,2,2,0
3,4,11,3,1595.291,2 1,North,2,2,1
3,4,11,1,1595.877,2 1,North,2,2,2
3,4,11,4,1596.238,3 1,North,2,2,2
3,4,11,3,1596.816,3 2,North,2,2,2
3,4,11,4,1597.697,4 2,North,2,2,2
3,4,11,3,1598.397,4 3,North,2,2,2
3,4,11,3,1599.038,4 4,North,2,2,2
3,4,11,2,1599.84,3 4,North,2,2,2
3,4,11,2,1600.431,2 4,North,2,2,2
3,4,11,2,1601.199,1 4,North,2,2,2
3,4,11,1,1602.666,1 3,North,2,2,2
3,4,11,4,1603.355,2 3,North,2,2,2
3,4,11,1,1603.922,2 2,North,2,2,2
3,4,11,2,1604.538,1 2,North,2,2,2
3,4,11,1,1605.484,1 2,North,2,2,3
3,4,11,2,1606.764,0 2,North,2,2,3
3,4,11,1,1607.425,0 1,North,2,2,3
3,4,11,6,1607.82,0 1,North,2,3,3
3,4,11,3,1608.193,0 2,North,2,3,3
3,4,11,4,1608.879,1 2,North,2,3,3
3,4,11,4,1609.518,2 2,North,2,3,3
3,4,11,2,1610.322,1 2,North,2,3,3
3,4,11,4,1611.666,2 2,North,2,3,3
3,4,11,3,1612.274,2 3,North,2,3,3
3,4,11,2,1612.8,1 3,North,2,3,3
3,4,11,3,1613.423,1 4,North,2,3,3
3,4,11,4,1614.145,2 4,North,2,3,3
3,4,11,4,1614.748,3 4,North,2,3,3
3,4,11,4,1615.329,4 4,North,2,3,3
3,4,11,1,1615.897,4 3,North,2,3,3
3,4,11,1,1616.417,4 2,North,2,3,3
3,4,11,6,1616.82,4 2,North,2,4,3
3,4,11,3,1617.23,4 3,North,2,4,3
3,4,11,3,1617.771,4 4,North,2,4,3
3,4,11,2,1618.428,3 4,North,2,4,3
3,4,11,2,1619.307,2 4,North,2,4,3
3,4,11,2,1619.835,1 4,North,2,4,3
3,4,11,2,1620.418,0 4,North,2,4,3
3,4,11,6,1620.8,0 4,North,2,5,3
3,4,11,4,1621.151,1 4,North,2,5,3
3,4,11,4,1622.126,2 4,North,2,5,3
3,4,11,4,1622.702,3 4,North,2,5,3
3,4,11,4,1623.218,4 4,North,2,5,3
3,4,11,1,1623.867,4 3,North,2,5,3
3,4,11,1,1624.461,4 2,North,2,5,3
3,4,11,2,1625.199,3 2,North,2,5,3
3,4,11,1,1625.809,3 1,North,2,5,3
3,4,11,2,1626.371,2 1,North,2,5,3
3,4,11,2,1626.953,1 1,North,2,5,3
3,4,11,6,1627.34,1 1,North,2,6,3
3,4,11,4,1627.661,2 1,North,2,6,3
3,4,11,4,1628.24,3 1,North,2,6,3
3,4,11,3,1628.781,3 2,North,2,6,3
3,4,11,4,1629.292,4 2,North,2,6,3
3,4,11,3,1629.913,4 3,North,2,6,3
3,4,11,6,1630.32,4 3,North,2,7,3
3,4,11,3,1630.665,4 4,North,2,7,3
3,4,11,2,1631.344,3 4,North,2,7,3
3,4,11,2,1631.9,2 4,North,2,7,3
3,4,11,2,1632.53,1 4,North,2,7,3
3,4,11,6,1632.92,1 4,North,2,8,3
0,4,12,1,1636.925,4 4,West,2,0,3
0,4,12,2,1637.774,4 3,West,2,0,3
0,4,12,2,1638.369,4 2,West,2,0,3
0,4,12,3,1638.972,4 2,North,2,0,3
0,4,12,2,1639.682,3 2,North,2,0,3
0,4,12,1,1640.496,3 2,West,2,0,3
0,4,12,2,1641.152,3 1,West,2,0,3
0,4,12,3,1641.769,3 1,North,2,0,3
0,4,12,3,1642.558,3 1,East,2,0,3
0,4,12,1,1643.339,3 1,North,2,0,3
0,4,12,2,1644.013,2 1,North,2,0,3
0,4,12,2,1644.705,1 1,North,2,0,3
0,4,12,1,1645.294,1 1,West,2,0,3
0,4,12,2,1645.935,1 0,West,2,0,3
0,4,12,1,1646.511,1 0,South,2,0,3
0,4,12,2,1647.874,2 0,South,2,0,3
0,4,12,2,1648.706,3 0,South,2,0,3
0,4,12,2,1649.355,4 0,South,2,0,3
0,4,12,1,1650.157,4 0,East,2,0,3
0,4,12,1,1650.926,4 0,North,2,0,3
0,4,12,2,1651.627,3 0,North,2,0,3
0,4,12,2,1652.333,2 0,North,2,0,3
0,4,12,2,1653.067,1 0,North,2,0,3
0,4,12,3,1653.726,1 0,East,2,0,3
0,4,12,2,1654.355,1 1,East,2,0,3
0,4,12,3,1655.018,1 1,South,2,0,3
0,4,12,2,1655.662,2 1,South,2,0,3
0,4,12,2,1656.21,3 1,South,2,0,3
0,4,12,1,1656.779,3 1,East,2,0,3
0,4,12,3,1657.711,3 1,South,2,0,3
0,4,12,1,1658.383,3 1,East,2,0,3
0,4,12,2,1659.056,3 2,East,2,0,3
0,4,12,3,1659.579,3 2,South,2,0,3
0,4,12,2,1660.337,4 2,South,2,0,3
0,4,12,1,1660.899,4 2,East,2,0,3
0,4,12,2,1661.549,4 3,East,2,0,3
0,4,12,2,1662.141,4 4,East,2,0,3
0,4,12,1,1663.008,4 4,North,2,0,3
0,4,12,2,1663.632,3 4,North,2,0,3
0,4,12,2,1664.266,2 4,North,2,0,3
0,4,12,2,1664.834,1 4,North,2,0,3
0,4,12,1,1665.467,1 4,West,2,0,3
0,4,12,2,1666.431,1 3,West,2,0,3
0,4,12,6,1666.84,1 3,West,2,1,3
0,4,12,3,1667.324,1 3,North,2,1,3
0,4,12,3,1668.253,1 3,East,2,1,3
0,4,12,2,1668.818,1 4,East,2,1,3
0,4,12,1,1669.344,1 4,North,2,1,3
0,4,12,2,1670.174,0 4,North,2,1,3
0,4,12,1,1670.748,0 4,West,2,1,3
0,4,12,1,1671.306,0 4,South,2,1,3
0,4,12,2,1671.856,1 4,South,2,1,3
0,4,12,3,1672.633,1 4,West,2,1,3
0,4,12,2,1673.45,1 3,West,2,1,3
0,4,12,1,1674.234,1 3,South,2,1,3
0,4,12,2,1674.844,2 3,South,2,1,3
0,4,12,3,1675.406,2 3,West,2,1,3
0,4,12,2,1676.049,2 2,West,2,1,3
0,4,12,3,1676.621,2 2,North,2,1,3
0,4,12,2,1677.2,1 2,North,2,1,3
0,4,12,6,1677.58,1 2,North,2,2,3
0,4,12,2,1677.775,0 2,North,2,2,3
0,4,12,1,1678.301,0 2,West,2,2,3
0,4,12,1,1679.067,0 2,South,2,2,3
0,4,12,2,1679.739,1 2,South,2,2,3
0,4,12,2,1680.384,2 2,South,2,2,3
0,4,12,1,1680.943,2 2,East,2,2,3
0,4,12,2,1681.521,2 3,East,2,2,3
0,4,12,1,1682.098,2 3,North,2,2,3
0,4,12,2,1682.671,1 3,North,2,2,3
0,4,12,3,1683.232,1 3,East,2,2,3
0,4,12,2,1683.777,1 4,East,2,2,3
0,4,12,3,1684.717,1 4,South,2,2,3
0,4,12,2,1685.341,2 4,South,2,2,3
0,4,12,2,1686.033,3 4,South,2,2,3
0,4,12,2,1686.957,4 4,South,2,2,3
0,4,12,3,1687.536,4 4,West,2,2,3
0,4,12,2,1688.046,4 3,West,2,2,3
0,4,12,6,1688.46,4 3,West,2,3,3
0,4,12,2,1688.971,4 2,West,2,3,3
0,4,12,3,1689.757,4 2,North,2,3,3
0,4,12,2,1690.306,3 2,North,2,3,3
0,4,12,1,1690.891,3 2,West,2,3,3
0,4,12,2,1691.565,3 1,West,2,3,3
0,4,12,3,1692.127,3 1,North,2,3,3
0,4,12,2,1692.714,2 1,North,2,3,3
0,4,12,2,1693.295,1 1,North,2,3,3
0,4,12,1,1693.852,1 1,West,2,3,3
0,4,12,2,1694.48,1 0,West,2,3,3
0,4,12,6,1694.88,1 0,West,2,4,3
0,4,12,2,1695.042,1 0,West,2,4,3
0,4,12,1,1695.392,1 0,South,2,4,3
0,4,12,1,1696.298,1 0,East,2,4,3
0,4,12,2,1697.242,1 1,East,2,4,3
0,4,12,3,1697.916,1 1,South,2,4,3
0,4,12,2,1698.656,2 1,South,2,4,3
0,4,12,2,1699.311,3 1,South,2,4,3
0,4,12,6,1699.7,3 1,South,2,5,3
0,4,12,1,1700.08,3 1,East,2,5,3
0,4,12,2,1700.878,3 2,East,2,5,3
0,4,12,3,1701.55,3 2,South,2,5,3
0,4,12,2,1702.24,4 2,South,2,5,3
0,4,12,1,1702.961,4 2,East,2,5,3
0,4,12,1,1703.982,4 2,North,2,5,3
0,4,12,3,1705.324,4 2,East,2,5,3
0,4,12,2,1705.979,4 3,East,2,5,3
0,4,12,2,1706.603,4 4,East,2,5,3
0,4,12,1,1707.134,4 4,North,2,5,3
0,4,12,2,1708.034,3 4,North,2,5,3
0,4,12,2,1708.544,2 4,North,2,5,3
0,4,12,2,1709.083,1 4,North,2,5,3
0,4,12,2,1709.961,0 4,North,2,5,3
0,4,12,1,1710.497,0 4,West,2,5,3
0,4,12,1,1711.37,0 4,South,2,5,3
0,4,12,3,1712.194,0 4,West,2,5,3
0,4,12,1,1713.295,0 4,South,2,5,3
0,4,12,2,1713.919,1 4,South,2,5,3
0,4,12,3,1714.477,1 4,West,2,5,3
0,4,12,2,1715.169,1 3,West,2,5,3
0,4,12,1,1715.852,1 3,South,2,5,3
0,4,12,2,1716.649,2 3,South,2,5,3
0,4,12,3,1717.229,2 3,West,2,5,3
0,4,12,2,1717.913,2 2,West,2,5,3
0,4,12,3,1718.459,2 2,North,2,5,3
0,4,12,2,1719.036,1 2,North,2,5,3
0,4,12,2,1719.626,0 2,North,2,5,3
0,4,12,1,1720.221,0 2,West,2,5,3
0,4,12,1,1721.066,0 2,South,2,5,3
0,4,12,2,1721.616,1 2,South,2,5,3
0,4,12,2,1722.179,2 2,South,2,5,3
0,4,12,1,1723.008,2 2,East,2,5,3
0,4,12,2,1723.714,2 3,East,2,5,3
0,4,12,1,1724.414,2 3,North,2,5,3
0,4,12,2,1725.036,1 3,North,2,5,3
0,4,12,3,1725.548,1 3,East,2,5,3
0,4,12,2,1726.17,1 4,East,2,5,3
0,4,12,3,1726.717,1 4,South,2,5,3
0,4,12,2,1727.311,2 4,South,2,5,3
0,4,12,2,1727.835,3 4,South,2,5,3
0,4,12,2,1728.762,4 4,South,2,5,3
0,4,12,3,1729.31,4 4,West,2,5,3
0,4,12,2,1729.919,4 3,West,2,5,3
0,4,12,2,1730.478,4 2,West,2,5,3
0,4,12,3,1731.359,4 2,North,2,5,3
0,4,12,2,1732.091,3 2,North,2,5,3
0,4,12,1,1734.11,3 2,West,2,5,3
0,4,12,3,1734.767,3 2,North,2,5,3
0,4,12,3,1735.632,3 2,East,2,5,3
0,4,12,1,1736.146,3 2,North,2,5,3
0,4,12,1,1736.811,3 2,West,2,5,3
0,4,12,2,1737.408,3 1,West,2,5,3
0,4,12,3,1738.282,3 1,North,2,5,3
0,4,12,2,1739.073,2 1,North,2,5,3
0,4,12,2,1739.642,1 1,North,2,5,3
0,4,12,1,1740.331,1 1,West,2,5,3
0,4,12,2,1741.057,1 0,West,2,5,3
0,4,12,1,1741.804,1 0,South,2,5,3
0,4,12,2,1742.491,2 0,South,2,5,3
0,4,12,2,1743.099,3 0,South,2,5,3
0,4,12,6,1743.48,3 0,South,2,6,3
0,4,12,2,1743.903,4 0,South,2,6,3
0,4,12,1,1744.547,4 0,East,2,6,3
0,4,12,2,1745.211,4 1,East,2,6,3
0,4,12,1,1746.126,4 1,North,2,6,3
0,4,12,1,1746.65,4 1,West,2,6,3
0,4,12,2,1747.532,4 0,West,2,6,3
0,4,12,3,1748.19,4 0,North,2,6,3
0,4,12,2,1748.861,3 0,North,2,6,3
0,4,12,2,1749.594,2 0,North,2,6,3
0,4,12,2,1750.286,1 0,North,2,6,3
0,4,12,3,1750.939,1 0,East,2,6,3
0,4,12,2,1751.595,1 1,East,2,6,3
0,4,12,3,1752.153,1 1,South,2,6,3
0,4,12,2,1752.749,2 1,South,2,6,3
0,4,12,2,1753.517,3 1,South,2,6,3
0,4,12,1,1754.144,3 1,East,2,6,3
0,4,12,2,1754.731,3 2,East,2,6,3
0,4,12,3,1755.377,3 2,South,2,6,3
0,4,12,2,1755.965,4 2,South,2,6,3
0,4,12,1,1756.528,4 2,East,2,6,3
0,4,12,2,1757.114,4 3,East,2,6,3
0,4,12,2,1757.632,4 4,East,2,6,3
0,4,12,1,1758.188,4 4,North,2,6,3
0,4,12,2,1758.796,3 4,North,2,6,3
0,4,12,2,1759.77,2 4,North,2,6,3
0,4,12,2,1760.289,1 4,North,2,6,3
0,4,12,2,1761.532,0 4,North,2,6,3
0,4,12,1,1762.091,0 4,West,2,6,3
0,4,12,2,1762.609,0 3,West,2,6,3
0,4,12,6,1763.02,0 3,West,2,7,3
0,4,12,1,1763.134,0 3,South,2,7,3
0,4,12,2,1763.802,0 3,South,2,7,3
0,4,12,1,1764.37,0 3,East,2,7,3
0,4,12,2,1764.974,0 4,East,2,7,3
0,4,12,6,1765.38,0 4,East,2,8,3
3,4,12,2,1770.81,3 4,North,2,0,0
3,4,12,2,1771.337,2 4,North,2,0,0
3,4,12,2,1771.875,1 4,North,2,0,0
3,4,12,1,1772.491,1 3,North,2,0,0
3,4,12,6,1772.9,1 3,North,2,1,0
3,4,12,4,1774.06,2 3,North,2,1,0
3,4,12,1,1774.659,2 2,North,2,1,0
3,4,12,2,1775.195,1 2,North,2,1,0
3,4,12,6,1775.58,1 2,North,2,2,0
3,4,12,4,1776.064,2 2,North,2,2,0
3,4,12,3,1776.681,2 3,North,2,2,0
3,4,12,2,1777.297,1 3,North,2,2,0
3,4,12,3,1777.938,1 4,North,2,2,0
3,4,12,4,1778.527,2 4,North,2,2,0
3,4,12,4,1779.1,3 4,North,2,2,0
3,4,12,4,1779.648,4 4,North,2,2,0
3,4,12,1,1780.462,4 3,North,2,2,0
3,4,12,6,1780.86,4 3,North,2,3,0
3,4,12,1,1782.378,4 2,North,2,3,0
3,4,12,2,1783.739,3 2,North,2,3,0
3,4,12,1,1784.338,3 1,North,2,3,0
3,4,12,2,1784.893,2 1,North,2,3,0
3,4,12,2,1785.531,1 1,North,2,3,0
3,4,12,1,1786.111,1 0,North,2,3,0
3,4,12,6,1786.52,1 0,North,2,4,0
3,4,12,3,1786.702,1 1,North,2,4,0
3,4,12,4,1787.307,2 1,North,2,4,0
3,4,12,4,1788.457,3 1,North,2,4,0
3,4,12,6,1788.82,3 1,North,2,5,0
3,4,12,3,1789.628,3 2,North,2,5,0
3,4,12,4,1790.859,4 2,North,2,5,0
3,4,12,3,1791.389,4 3,North,2,5,0
3,4,12,3,1791.979,4 4,North,2,5,0
3,4,12,2,1792.64,3 4,North,2,5,0
3,4,12,2,1793.198,2 4,North,2,5,0
3,4,12,2,1793.9,1 4,North,2,5,0
3,4,12,1,1796.506,1 3,North,2,5,0
3,4,12,4,1797.07,2 3,North,2,5,0
3,4,12,1,1797.599,2 2,North,2,5,0
3,4,12,2,1798.659,1 2,North,2,5,0
3,4,12,1,1799.362,1 2,North,2,5,1
3,4,12,2,1801.122,0 2,North,2,5,1
3,4,12,6,1801.5,0 2,North,2,6,1
3,4,12,4,1801.789,1 2,North,2,6,1
3,4,12,4,1802.346,2 2,North,2,6,1
3,4,12,3,1805.266,2 3,North,2,6,1
3,4,12,2,1805.822,1 3,North,2,6,1
3,4,12,3,1806.403,1 4,North,2,6,1
3,4,12,4,1806.979,2 4,North,2,6,1
3,4,12,4,1807.874,3 4,North,2,6,1
3,4,12,4,1808.558,4 4,North,2,6,1
3,4,12,1,1809.18,4 3,North,2,6,1
3,4,12,1,1809.758,4 2,North,2,6,1
3,4,12,2,1811.342,3 2,North,2,6,1
3,4,12,1,1812.236,3 1,North,2,6,1
3,4,12,2,1812.972,2 1,North,2,6,1
3,4,12,6,1813.36,2 1,North,2,7,1
3,4,12,4,1813.839,3 1,North,2,7,1
3,4,12,3,1814.689,3 2,North,2,7,1
3,4,12,4,1815.425,4 2,North,2,7,1
3,4,12,3,1816.141,4 3,North,2,7,1
3,4,12,3,1816.732,4 4,North,2,7,1
3,4,12,6,1817.14,4 4,North,2,8,1
0,5,13,2,2241.664,3 4,North,3,0,1
0,5,13,1,2242.365,3 4,West,3,0,1
0,5,13,2,2243.057,3 3,West,3,0,1
0,5,13,3,2243.681,3 3,North,3,0,1
0,5,13,2,2244.606,2 3,North,3,0,1
0,5,13,2,2245.346,1 3,North,3,0,1
0,5,13,2,2246.207,0 3,North,3,0,1
0,5,13,3,2248.943,0 3,East,3,0,1
0,5,13,2,2249.994,0 4,East,3,0,1
0,5,13,3,2250.673,0 4,South,3,0,1
0,5,13,2,2251.343,1 4,South,3,0,1
0,5,13,2,2252.016,2 4,South,3,0,1
0,5,13,1,2252.545,2 4,East,3,0,1
0,5,13,1,2253.339,2 4,North,3,0,1
0,5,13,2,2254.091,1 4,North,3,0,1
0,5,13,2,2254.702,0 4,North,3,0,1
0,5,13,1,2255.407,0 4,West,3,0,1
0,5,13,2,2256.002,0 3,West,3,0,1
0,5,13,1,2256.587,0 3,South,3,0,1
0,5,13,2,2257.187,1 3,South,3,0,1
0,5,13,2,2257.788,2 3,South,3,0,1
0,5,13,2,2258.458,3 3,South,3,0,1
0,5,13,1,2259.083,3 3,East,3,0,1
0,5,13,2,2259.63,3 4,East,3,0,1
0,5,13,3,2260.191,3 4,South,3,0,1
0,5,13,2,2260.813,4 4,South,3,0,1
0,5,13,3,2261.536,4 4,West,3,0,1
0,5,13,2,2262.431,4 3,West,3,0,1
0,5,13,2,2263.033,4 2,West,3,0,1
0,5,13,2,2263.614,4 1,West,3,0,1
0,5,13,2,2264.539,4 0,West,3,0,1
0,5,13,6,2264.94,4 0,West,3,1,1
0,5,13,3,2265.148,4 0,North,3,1,1
0,5,13,3,2265.79,4 0,East,3,1,1
0,5,13,2,2266.531,4 1,East,3,1,1
0,5,13,2,2267.119,4 2,East,3,1,1
0,5,13,1,2267.674,4 2,North,3,1,1
0,5,13,2,2268.348,3 2,North,3,1,1
0,5,13,1,2268.938,3 2,West,3,1,1
0,5,13,2,2269.449,3 1,West,3,1,1
0,5,13,2,2270.156,3 0,West,3,1,1
0,5,13,3,2270.749,3 0,North,3,1,1
0,5,13,2,2271.355,2 0,North,3,1,1
0,5,13,2,2271.885,1 0,North,3,1,1
0,5,13,3,2272.441,1 0,East,3,1,1
0,5,13,2,2273.057,1 1,East,3,1,1
0,5,13,3,2273.978,1 1,South,3,1,1
0,5,13,2,2274.592,2 1,South,3,1,1
0,5,13,6,2274.98,2 1,South,3,2,1
0,5,13,1,2275.186,2 1,East,3,2,1
0,5,13,2,2275.776,2 2,East,3,2,1
0,5,13,1,2276.365,2 2,North,3,2,1
0,5,13,2,2277.329,1 2,North,3,2,1
0,5,13,2,2278.042,0 2,North,3,2,1
0,5,13,1,2278.675,0 2,West,3,2,1
0,5,13,1,2279.55,0 2,South,3,2,1
0,5,13,2,2280.209,1 2,South,3,2,1
0,5,13,2,2280.876,2 2,South,3,2,1
0,5,13,3,2281.408,2 2,West,3,2,1
0,5,13,2,2282.22,2 1,West,3,2,1
0,5,13,3,2283.088,2 1,North,3,2,1
0,5,13,2,2283.626,1 1,North,3,2,1
0,5,13,1,2284.298,1 1,West,3,2,1
0,5,13,2,2284.93,1 0,West,3,2,1
0,5,13,1,2285.551,1 0,South,3,2,1
0,5,13,2,2286.146,2 0,South,3,2,1
0,5,13,2,2286.77,3 0,South,3,2,1
0,5,13,1,2287.586,3 0,East,3,2,1
0,5,13,2,2288.202,3 1,East,3,2,1
0,5,13,2,2289.066,3 2,East,3,2,1
0,5,13,3,2289.758,3 2,South,3,2,1
0,5,13,2,2290.513,4 2,South,3,2,1
0,5,13,3,2291.086,4 2,West,3,2,1
0,5,13,1,2291.933,4 2,South,3,2,1
0,5,13,1,2292.478,4 2,East,3,2,1
0,5,13,2,2293.071,4 3,East,3,2,1
0,5,13,2,2293.646,4 4,East,3,2,1
0,5,13,1,2294.269,4 4,North,3,2,1
0,5,13,2,2294.863,3 4,North,3,2,1
0,5,13,1,2295.439,3 4,West,3,2,1
0,5,13,2,2295.978,3 3,West,3,2,1
0,5,13,6,2296.4,3 3,West,3,3,1
0,5,13,3,2296.574,3 3,North,3,3,1
0,5,13,2,2297.198,2 3,North,3,3,1
0,5,13,2,2297.713,1 3,North,3,3,1
0,5,13,2,2298.223,0 3,North,3,3,1
0,5,13,3,2299.131,0 3,East,3,3,1
0,5,13,2,2299.726,0 4,East,3,3,1
0,5,13,3,2300.339,0 4,South,3,3,1
0,5,13,2,2300.991,1 4,South,3,3,1
0,5,13,3,2301.664,1 4,West,3,3,1
0,5,13,3,2302.225,1 4,North,3,3,1
0,5,13,2,2302.912,0 4,North,3,3,1
0,5,13,1,2303.467,0 4,West,3,3,1
0,5,13,2,2304.316,0 3,West,3,3,1
0,5,13,1,2305.162,0 3,South,3,3,1
0,5,13,2,2306.915,1 3,South,3,3,1
0,5,13,2,2307.426,2 3,South,3,3,1
0,5,13,2,2308.08,3 3,South,3,3,1
0,5,13,1,2308.958,3 3,East,3,3,1
0,5,13,2,2309.514,3 4,East,3,3,1
0,5,13,3,2310.065,3 4,South,3,3,1
0,5,13,2,2310.716,4 4,South,3,3,1
0,5,13,3,2311.611,4 4,West,3,3,1
0,5,13,2,2312.347,4 3,West,3,3,1
0,5,13,2,2312.969,4 2,West,3,3,1
0,5,13,3,2313.9,4 2,North,3,3,1
0,5,13,2,2314.527,3 2,North,3,3,1
0,5,13,1,2315.072,3 2,West,3,3,1
0,5,13,2,2315.725,3 1,West,3,3,1
0,5,13,6,2316.14,3 1,West,3,4,1
0,5,13,2,2316.347,3 0,West,3,4,1
0,5,13,3,2316.907,3 0,North,3,4,1
0,5,13,2,2317.547,2 0,North,3,4,1
0,5,13,2,2318.201,1 0,North,3,4,1
0,5,13,3,2318.713,1 0,East,3,4,1
0,5,13,2,2319.343,1 1,East,3,4,1
0,5,13,3,2319.95,1 1,South,3,4,1
0,5,13,2,2320.538,2 1,South,3,4,1
0,5,13,1,2321.09,2 1,East,3,4,1
0,5,13,2,2321.633,2 2,East,3,4,1
0,5,13,1,2322.186,2 2,North,3,4,1
0,5,13,2,2322.764,1 2,North,3,4,1
0,5,13,6,2323.14,1 2,North,3,5,1
0,5,13,2,2323.403,0 2,North,3,5,1
0,5,13,1,2324.218,0 2,West,3,5,1
0,5,13,1,2324.796,0 2,South,3,5,1
0,5,13,2,2325.789,1 2,South,3,5,1
0,5,13,2,2326.395,2 2,South,3,5,1
0,5,13,3,2327.346,2 2,West,3,5,1
0,5,13,2,2327.981,2 1,West,3,5,1
0,5,13,3,2328.522,2 1,North,3,5,1
0,5,13,2,2329.071,1 1,North,3,5,1
0,5,13,6,2329.46,1 1,North,3,6,1
0,5,13,1,2329.999,1 1,West,3,6,1
0,5,13,2,2330.557,1 0,West,3,6,1
0,5,13,1,2331.182,1 0,South,3,6,1
0,5,13,2,2331.824,2 0,South,3,6,1
0,5,13,2,2332.383,3 0,South,3,6,1
0,5,13,1,2332.922,3 0,East,3,6,1
0,5,13,2,2333.5,3 1,East,3,6,1
0,5,13,2,2334.042,3 2,East,3,6,1
0,5,13,3,2334.619,3 2,South,3,6,1
0,5,13,2,2335.259,4 2,South,3,6,1
0,5,13,3,2335.806,4 2,West,3,6,1
0,5,13,2,2336.541,4 1,West,3,6,1
0,5,13,3,2337.163,4 1,North,3,6,1
0,5,13,3,2337.838,4 1,East,3,6,1
0,5,13,2,2338.537,4 2,East,3,6,1
0,5,13,2,2339.057,4 3,East,3,6,1
0,5,13,2,2339.597,4 4,East,3,6,1
0,5,13,1,2340.173,4 4,North,3,6,1
0,5,13,1,2341.073,4 4,West,3,6,1
0,5,13,2,2342.346,4 3,West,3,6,1
0,5,13,2,2343.196,4 2,West,3,6,1
0,5,13,3,2343.809,4 2,North,3,6,1
0,5,13,3,2344.595,4 2,East,3,6,1
0,5,13,2,2345.249,4 3,East,3,6,1
0,5,13,2,2345.769,4 4,East,3,6,1
0,5,13,2,2346.668,4 4,East,3,6,1
0,5,13,1,2346.716,4 4,North,3,6,1
0,5,13,2,2347.405,3 4,North,3,6,1
0,5,13,1,2348.066,3 4,West,3,6,1
0,5,13,2,2348.702,3 3,West,3,6,1
0,5,13,3,2349.216,3 3,North,3,6,1
0,5,13,2,2349.806,2 3,North,3,6,1
0,5,13,2,2350.397,1 3,North,3,6,1
0,5,13,2,2351.069,0 3,North,3,6,1
0,5,13,3,2351.63,0 3,East,3,6,1
0,5,13,2,2352.185,0 4,East,3,6,1
0,5,13,3,2352.733,0 4,South,3,6,1
0,5,13,2,2353.337,1 4,South,3,6,1
0,5,13,2,2353.9,2 4,South,3,6,1
0,5,13,6,2354.28,2 4,South,3,7,1
0,5,13,3,2354.51,2 4,West,3,7,1
0,5,13,3,2355.119,2 4,North,3,7,1
0,5,13,2,2355.696,1 4,North,3,7,1
0,5,13,2,2356.219,0 4,North,3,7,1
0,5,13,1,2356.803,0 4,West,3,7,1
0,5,13,2,2357.329,0 3,West,3,7,1
0,5,13,1,2357.915,0 3,South,3,7,1
0,5,13,2,2358.507,1 3,South,3,7,1
0,5,13,2,2359.086,2 3,South,3,7,1
0,5,13,2,2359.626,3 3,South,3,7,1
0,5,13,1,2360.174,3 3,East,3,7,1
0,5,13,2,2360.75,3 4,East,3,7,1
0,5,13,3,2361.308,3 4,South,3,7,1
0,5,13,2,2361.838,4 4,South,3,7,1
0,5,13,3,2362.394,4 4,West,3,7,1
0,5,13,2,2363.027,4 3,West,3,7,1
0,5,13,3,2363.785,4 3,North,3,7,1
0,5,13,1,2364.334,4 3,West,3,7,1
0,5,13,2,2364.978,4 2,West,3,7,1
0,5,13,3,2365.513,4 2,North,3,7,1
0,5,13,2,2366.139,3 2,North,3,7,1
0,5,13,1,2366.7,3 2,West,3,7,1
0,5,13,2,2367.69,3 1,West,3,7,1
0,5,13,2,2368.25,3 0,West,3,7,1
0,5,13,3,2368.766,3 0,North,3,7,1
0,5,13,2,2369.466,2 0,North,3,7,1
0,5,13,2,2370.286,1 0,North,3,7,1
0,5,13,3,2371.201,1 0,East,3,7,1
0,5,13,2,2371.867,1 1,East,3,7,1
0,5,13,3,2372.7,1 1,South,3,7,1
0,5,13,2,2373.483,2 1,South,3,7,1
0,5,13,6,2373.86,2 1,South,3,8,1
3,5,13,1,2381.31,4 3,North,3,0,0
3,5,13,1,2382.032,4 2,North,3,0,0
3,5,13,2,2382.748,3 2,North,3,0,0
3,5,13,1,2383.369,3 1,North,3,0,0
3,5,13,1,2384.927,3 0,North,3,0,0
3,5,13,4,2385.626,3 0,North,3,0,1
3,5,13,3,2387.129,3 1,North,3,0,1
3,5,13,4,2387.887,3 1,North,3,0,2
3,5,13,1,2389.193,3 0,North,3,0,2
3,5,13,3,2389.842,3 1,North,3,0,2
3,5,13,3,2391.321,3 2,North,3,0,2
3,5,13,4,2391.964,4 2,North,3,0,2
3,5,13,1,2392.588,4 1,North,3,0,2
3,5,13,1,2393.241,4 0,North,3,0,2
3,5,13,6,2393.66,4 0,North,3,1,2
3,5,13,3,2393.792,4 1,North,3,1,2
3,5,13,3,2394.447,4 2,North,3,1,2
3,5,13,2,2395.091,3 2,North,3,1,2
3,5,13,1,2395.89,3 1,North,3,1,2
3,5,13,1,2397.055,3 0,North,3,1,2
3,5,13,2,2397.787,2 0,North,3,1,2
3,5,13,3,2398.449,2 0,North,3,1,3
3,5,13,4,2399.246,3 0,North,3,1,3
3,5,13,3,2399.921,3 1,North,3,1,3
3,5,13,2,2400.592,3 1,North,3,1,4
3,5,13,3,2401.281,3 2,North,3,1,4
3,5,13,4,2402.846,4 2,North,3,1,4
3,5,13,3,2403.611,4 3,North,3,1,4
3,5,13,3,2404.316,4 4,North,3,1,4
3,5,13,2,2406.249,3 4,North,3,1,4
3,5,13,1,2406.848,3 3,North,3,1,4
3,5,13,2,2408.157,2 3,North,3,1,4
3,5,13,1,2408.716,2 3,North,3,1,5
3,5,13,4,2409.406,3 3,North,3,1,5
3,5,13,1,2410.115,3 3,North,3,1,6
3,5,13,2,2411.404,2 3,North,3,1,6
3,5,13,3,2412.111,2 3,North,3,1,7
3,5,13,2,2412.818,1 3,North,3,1,7
3,5,13,1,2413.753,1 3,North,3,1,8
3,5,13,3,2415.712,1 3,North,3,1,9
3,5,13,1,2416.113,1 3,North,3,1,10
3,5,13,1,2416.587,1 3,North,3,1,11
3,5,13,1,2418.323,1 3,North,3,1,12
3,5,13,2,2419.05,0 3,North,3,1,12
3,5,13,1,2419.693,0 3,North,3,1,13
3,5,13,3,2421.038,0 4,North,3,1,13
3,5,13,4,2423.89,1 4,North,3,1,13
3,5,13,4,2425.31,2 4,North,3,1,13
3,5,13,1,2427.036,2 4,North,3,1,14
3,5,13,2,2427.773,1 4,North,3,1,14
3,5,13,1,2428.413,1 4,North,3,1,15
3,5,13,2,2428.88,0 4,North,3,1,15
3,5,13,1,2429.599,0 3,North,3,1,15
3,5,13,4,2430.192,1 3,North,3,1,15
3,5,13,4,2430.77,2 3,North,3,1,15
3,5,13,4,2431.436,3 3,North,3,1,15
3,5,13,2,2432.172,2 3,North,3,1,15
3,5,13,1,2433.362,2 3,North,3,1,16
3,5,13,4,2434.239,3 3,North,3,1,16
3,5,13,1,2434.803,3 3,North,3,1,17
3,5,13,2,2435.29,2 3,North,3,1,17
3,5,13,2,2436.129,1 3,North,3,1,17
3,5,13,1,2436.857,1 3,North,3,1,18
3,5,13,4,2438.524,2 3,North,3,1,18
3,5,13,4,2439.132,3 3,North,3,1,18
3,5,13,3,2444.418,3 4,North,3,1,18
3,5,13,4,2444.985,4 4,North,3,1,18
3,5,13,1,2445.596,4 3,North,3,1,18
3,5,13,1,2446.202,4 2,North,3,1,18
3,5,13,2,2446.746,3 2,North,3,1,18
3,5,13,1,2447.329,3 1,North,3,1,18
3,5,13,2,2447.947,3 1,North,3,1,19
3,5,13,1,2448.797,3 0,North,3,1,19
3,5,13,2,2449.42,2 0,North,3,1,19
3,5,13,3,2450.042,2 0,North,3,1,20
3,5,13,2,2450.99,1 0,North,3,1,20
3,5,13,3,2451.856,1 1,North,3,1,20
3,5,13,4,2452.478,2 1,North,3,1,20
3,5,13,6,2452.84,2 1,North,3,2,20
3,5,13,2,2453.404,1 1,North,3,2,20
3,5,13,1,2454.879,1 0,North,3,2,20
3,5,13,4,2455.538,2 0,North,3,2,20
3,5,13,4,2456.073,3 0,North,3,2,20
3,5,13,3,2457.025,3 1,North,3,2,20
3,5,13,3,2457.582,3 2,North,3,2,20
3,5,13,4,2458.206,4 2,North,3,2,20
3,5,13,3,2458.85,4 3,North,3,2,20
3,5,13,2,2459.823,4 3,North,3,2,21
3,5,13,3,2460.25,4 4,North,3,2,21
3,5,13,2,2460.801,3 4,North,3,2,21
3,5,13,1,2462.252,3 3,North,3,2,21
3,5,13,6,2462.66,3 3,North,3,3,21
3,5,13,3,2462.908,3 4,North,3,3,21
3,5,13,4,2463.498,4 4,North,3,3,21
3,5,13,1,2464.165,4 3,North,3,3,21
3,5,13,1,2464.781,4 2,North,3,3,21
3,5,13,2,2465.435,3 2,North,3,3,21
3,5,13,1,2465.998,3 1,North,3,3,21
3,5,13,6,2466.4,3 1,North,3,4,21
3,5,13,3,2466.569,3 2,North,3,4,21
3,5,13,1,2467.549,3 1,North,3,4,21
3,5,13,1,2469.771,3 0,North,3,4,21
3,5,13,2,2470.381,2 0,North,3,4,21
3,5,13,2,2471.034,1 0,North,3,4,21
3,5,13,3,2471.659,1 1,North,3,4,21
3,5,13,4,2472.256,2 1,North,3,4,21
3,5,13,3,2472.815,2 2,North,3,4,21
3,5,13,6,2473.22,2 2,North,3,5,21
3,5,13,1,2473.772,2 1,North,3,5,21
3,5,13,2,2474.318,1 1,North,3,5,21
3,5,13,1,2474.859,1 0,North,3,5,21
3,5,13,4,2475.457,2 0,North,3,5,21
3,5,13,4,2476.03,3 0,North,3,5,21
3,5,13,3,2476.591,3 1,North,3,5,21
3,5,13,3,2477.115,3 2,North,3,5,21
3,5,13,4,2477.627,4 2,North,3,5,21
3,5,13,6,2477.98,4 2,North,3,6,21
3,5,13,3,2478.41,4 3,North,3,6,21
3,5,13,3,2479.697,4 4,North,3,6,21
3,5,13,2,2480.317,3 4,North,3,6,21
3,5,13,2,2480.939,3 4,North,3,6,22
3,5,13,1,2481.631,3 3,North,3,6,22
3,5,13,2,2482.362,2 3,North,3,6,22
3,5,13,6,2482.74,2 3,North,3,7,22
3,5,13,4,2483.274,3 3,North,3,7,22
3,5,13,3,2483.948,3 4,North,3,7,22
3,5,13,4,2484.546,4 4,North,3,7,22
3,5,13,1,2485.196,4 3,North,3,7,22
3,5,13,1,2485.905,4 2,North,3,7,22
3,5,13,1,2486.539,4 1,North,3,7,22
3,5,13,6,2486.94,4 1,North,3,8,22
0,5,14,2,2490.173,3 4,North,3,0,22
0,5,14,1,2491.004,3 4,West,3,0,22
0,5,14,1,2491.84,3 4,South,3,0,22
0,5,14,2,2492.354,4 4,South,3,0,22
0,5,14,3,2493.164,4 4,West,3,0,22
0,5,14,3,2493.853,4 4,North,3,0,22
0,5,14,1,2494.685,4 4,West,3,0,22
0,5,14,2,2495.392,4 3,West,3,0,22
0,5,14,2,2496.074,4 2,West,3,0,22
0,5,14,3,2496.703,4 2,North,3,0,22
0,5,14,2,2497.358,3 2,North,3,0,22
0,5,14,1,2497.969,3 2,West,3,0,22
0,5,14,2,2498.575,3 1,West,3,0,22
0,5,14,2,2499.552,3 0,West,3,0,22
0,5,14,6,2499.96,3 0,West,3,1,22
0,5,14,3,2500.174,3 0,North,3,1,22
0,5,14,2,2500.766,2 0,North,3,1,22
0,5,14,2,2501.37,1 0,North,3,1,22
0,5,14,6,2501.74,1 0,North,3,2,22
0,5,14,3,2501.931,1 0,East,3,2,22
0,5,14,2,2502.586,1 1,East,3,2,22
0,5,14,3,2503.135,1 1,South,3,2,22
0,5,14,2,2503.711,2 1,South,3,2,22
0,5,14,1,2504.269,2 1,East,3,2,22
0,5,14,2,2504.908,2 2,East,3,2,22
0,5,14,1,2505.42,2 2,North,3,2,22
0,5,14,2,2505.978,1 2,North,3,2,22
0,5,14,2,2506.547,0 2,North,3,2,22
0,5,14,1,2507.387,0 2,West,3,2,22
0,5,14,1,2508.235,0 2,South,3,2,22
0,5,14,2,2508.815,1 2,South,3,2,22
0,5,14,2,2509.337,2 2,South,3,2,22
0,5,14,3,2510.192,2 2,West,3,2,22
0,5,14,2,2510.893,2 1,West,3,2,22
0,5,14,3,2511.537,2 1,North,3,2,22
0,5,14,2,2512.139,1 1,North,3,2,22
0,5,14,1,2512.811,1 1,West,3,2,22
0,5,14,2,2513.437,1 0,West,3,2,22
0,5,14,1,2514.049,1 0,South,3,2,22
0,5,14,2,2514.577,2 0,South,3,2,22
0,5,14,2,2515.2,3 0,South,3,2,22
0,5,14,1,2515.836,3 0,East,3,2,22
0,5,14,2,2516.396,3 1,East,3,2,22
0,5,14,2,2516.987,3 2,East,3,2,22
0,5,14,3,2517.538,3 2,South,3,2,22
0,5,14,2,2518.173,4 2,South,3,2,22
0,5,14,3,2518.766,4 2,West,3,2,22
0,5,14,1,2519.388,4 2,South,3,2,22
0,5,14,1,2520.113,4 2,East,3,2,22
0,5,14,2,2520.794,4 3,East,3,2,22
0,5,14,2,2521.376,4 4,East,3,2,22
0,5,14,1,2521.979,4 4,North,3,2,22
0,5,14,2,2522.56,3 4,North,3,2,22
0,5,14,1,2523.183,3 4,West,3,2,22
0,5,14,2,2523.744,3 3,West,3,2,22
0,5,14,3,2524.316,3 3,North,3,2,22
0,5,14,2,2524.956,2 3,North,3,2,22
0,5,14,2,2525.515,1 3,North,3,2,22
0,5,14,2,2526.076,0 3,North,3,2,22
0,5,14,3,2526.586,0 3,East,3,2,22
0,5,14,2,2527.116,0 4,East,3,2,22
0,5,14,3,2527.664,0 4,South,3,2,22
0,5,14,2,2528.257,1 4,South,3,2,22
0,5,14,6,2528.64,1 4,South,3,3,22
0,5,14,2,2528.808,2 4,South,3,3,22
0,5,14,3,2529.325,2 4,West,3,3,22
0,5,14,3,2530.171,2 4,North,3,3,22
0,5,14,2,2530.843,1 4,North,3,3,22
0,5,14,2,2531.392,0 4,North,3,3,22
0,5,14,1,2532.286,0 4,West,3,3,22
0,5,14,2,2532.835,0 3,West,3,3,22
0,5,14,1,2533.407,0 3,South,3,3,22
0,5,14,2,2533.949,1 3,South,3,3,22
0,5,14,2,2534.461,2 3,South,3,3,22
0,5,14,2,2535.473,3 3,South,3,3,22
0,5,14,1,2536.258,3 3,East,3,3,22
0,5,14,2,2536.985,3 4,East,3,3,22
0,5,14,3,2537.753,3 4,South,3,3,22
0,5,14,2,2538.555,4 4,South,3,3,22
0,5,14,3,2539.203,4 4,West,3,3,22
0,5,14,2,2539.918,4 3,West,3,3,22
0,5,14,2,2540.863,4 2,West,3,3,22
0,5,14,6,2541.28,4 2,West,3,4,22
0,5,14,3,2541.562,4 2,North,3,4,22
0,5,14,2,2542.189,3 2,North,3,4,22
0,5,14,6,2542.58,3 2,North,3,5,22
0,5,14,1,2542.757,3 2,West,3,5,22
0,5,14,2,2543.419,3 1,West,3,5,22
0,5,14,2,2543.981,3 0,West,3,5,22
0,5,14,3,2544.495,3 0,North,3,5,22
0,5,14,2,2545.136,2 0,North,3,5,22
0,5,14,2,2545.744,1 0,North,3,5,22
0,5,14,3,2546.639,1 0,East,3,5,22
0,5,14,2,2547.38,1 1,East,3,5,22
0,5,14,3,2548.015,1 1,South,3,5,22
0,5,14,2,2548.578,2 1,South,3,5,22
0,5,14,1,2549.137,2 1,East,3,5,22
0,5,14,2,2549.681,2 2,East,3,5,22
0,5,14,1,2550.204,2 2,North,3,5,22
0,5,14,2,2551.266,1 2,North,3,5,22
0,5,14,2,2551.833,0 2,North,3,5,22
0,5,14,1,2552.657,0 2,West,3,5,22
0,5,14,1,2553.548,0 2,South,3,5,22
0,5,14,2,2554.86,1 2,South,3,5,22
0,5,14,2,2555.436,2 2,South,3,5,22
0,5,14,3,2556.291,2 2,West,3,5,22
0,5,14,2,2556.946,2 1,West,3,5,22
0,5,14,3,2557.581,2 1,North,3,5,22
0,5,14,2,2558.225,1 1,North,3,5,22
0,5,14,1,2558.861,1 1,West,3,5,22
0,5,14,2,2559.438,1 0,West,3,5,22
0,5,14,1,2559.952,1 0,South,3,5,22
0,5,14,2,2560.492,2 0,South,3,5,22
0,5,14,2,2561.323,3 0,South,3,5,22
0,5,14,1,2562.142,3 0,East,3,5,22
0,5,14,2,2562.731,3 1,East,3,5,22
0,5,14,2,2563.275,3 2,East,3,5,22
0,5,14,3,2563.93,3 2,South,3,5,22
0,5,14,2,2564.527,4 2,South,3,5,22
0,5,14,1,2565.504,4 2,East,3,5,22
0,5,14,2,2566.159,4 3,East,3,5,22
0,5,14,2,2567.164,4 4,East,3,5,22
0,5,14,1,2567.825,4 4,North,3,5,22
0,5,14,1,2568.402,4 4,West,3,5,22
0,5,14,3,2569.055,4 4,North,3,5,22
0,5,14,2,2569.755,3 4,North,3,5,22
0,5,14,1,2570.267,3 4,West,3,5,22
0,5,14,2,2570.813,3 3,West,3,5,22
0,5,14,3,2571.355,3 3,North,3,5,22
0,5,14,2,2571.982,2 3,North,3,5,22
0,5,14,2,2572.987,1 3,North,3,5,22
0,5,14,2,2573.792,0 3,North,3,5,22
0,5,14,3,2574.586,0 3,East,3,5,22
0,5,14,2,2575.166,0 4,East,3,5,22
0,5,14,3,2575.695,0 4,South,3,5,22
0,5,14,2,2576.251,1 4,South,3,5,22
0,5,14,6,2576.64,1 4,South,3,6,22
0,5,14,3,2576.835,1 4,West,3,6,22
0,5,14,3,2577.378,1 4,North,3,6,22
0,5,14,2,2577.967,0 4,North,3,6,22
0,5,14,1,2578.57,0 4,West,3,6,22
0,5,14,2,2579.194,0 3,West,3,6,22
0,5,14,1,2579.964,0 3,South,3,6,22
0,5,14,2,2580.556,1 3,South,3,6,22
0,5,14,2,2581.438,2 3,South,3,6,22
0,5,14,2,2582.332,3 3,South,3,6,22
0,5,14,1,2583.118,3 3,East,3,6,22
0,5,14,2,2583.743,3 4,East,3,6,22
0,5,14,3,2584.4,3 4,South,3,6,22
0,5,14,2,2585.194,4 4,South,3,6,22
0,5,14,3,2585.853,4 4,West,3,6,22
0,5,14,2,2586.527,4 3,West,3,6,22
0,5,14,2,2587.119,4 2,West,3,6,22
0,5,14,3,2587.996,4 2,North,3,6,22
0,5,14,2,2588.634,3 2,North,3,6,22
0,5,14,1,2589.263,3 2,West,3,6,22
0,5,14,2,2589.841,3 1,West,3,6,22
0,5,14,2,2590.718,3 0,West,3,6,22
0,5,14,3,2591.305,3 0,North,3,6,22
0,5,14,2,2591.92,2 0,North,3,6,22
0,5,14,2,2592.465,1 0,North,3,6,22
0,5,14,3,2593.073,1 0,East,3,6,22
0,5,14,2,2593.682,1 1,East,3,6,22
0,5,14,3,2594.223,1 1,South,3,6,22
0,5,14,2,2595.198,2 1,South,3,6,22
0,5,14,1,2595.77,2 1,East,3,6,22
0,5,14,2,2596.332,2 2,East,3,6,22
0,5,14,2,2596.924,2 2,East,3,6,22
0,5,14,1,2597.211,2 2,North,3,6,22
0,5,14,2,2597.738,1 2,North,3,6,22
0,5,14,2,2598.427,0 2,North,3,6,22
0,5,14,1,2599.023,0 2,West,3,6,22
0,5,14,2,2599.582,0 1,West,3,6,22
0,5,14,6,2600,0 1,West,3,7,22
0,5,14,3,2600.203,0 1,North,3,7,22
0,5,14,3,2600.863,0 1,East,3,7,22
0,5,14,2,2601.41,0 2,East,3,7,22
0,5,14,3,2602.009,0 2,South,3,7,22
0,5,14,2,2602.592,1 2,South,3,7,22
0,5,14,2,2603.211,2 2,South,3,7,22
0,5,14,3,2604.125,2 2,West,3,7,22
0,5,14,2,2604.778,2 1,West,3,7,22
0,5,14,3,2605.327,2 1,North,3,7,22
0,5,14,2,2605.903,1 1,North,3,7,22
0,5,14,1,2606.494,1 1,West,3,7,22
0,5,14,2,2607.07,1 0,West,3,7,22
0,5,14,1,2607.675,1 0,South,3,7,22
0,5,14,2,2608.287,2 0,South,3,7,22
0,5,14,2,2608.922,3 0,South,3,7,22
0,5,14,1,2609.553,3 0,East,3,7,22
0,5,14,2,2610.207,3 1,East,3,7,22
0,5,14,2,2610.834,3 2,East,3,7,22
0,5,14,3,2611.393,3 2,South,3,7,22
0,5,14,2,2612.015,4 2,South,3,7,22
0,5,14,3,2612.834,4 2,West,3,7,22
0,5,14,1,2613.452,4 2,South,3,7,22
0,5,14,1,2614.015,4 2,East,3,7,22
0,5,14,1,2614.927,4 2,North,3,7,22
0,5,14,3,2615.802,4 2,East,3,7,22
0,5,14,2,2616.38,4 3,East,3,7,22
0,5,14,2,2616.987,4 4,East,3,7,22
0,5,14,1,2617.569,4 4,North,3,7,22
0,5,14,2,2618.637,3 4,North,3,7,22
0,5,14,6,2619.02,3 4,North,3,8,22
3,5,14,1,2622.366,4 3,North,3,0,0
3,5,14,1,2626.826,4 2,North,3,0,0
3,5,14,2,2627.437,3 2,North,3,0,0
3,5,14,1,2627.999,3 1,North,3,0,0
3,5,14,1,2628.896,3 0,North,3,0,0
3,5,14,6,2629.3,3 0,North,3,1,0
3,5,14,3,2629.568,3 1,North,3,1,0
3,5,14,2,2630.337,3 1,North,3,1,1
3,5,14,1,2631.328,3 0,North,3,1,1
3,5,14,2,2633.185,2 0,North,3,1,1
3,5,14,2,2633.887,1 0,North,3,1,1
3,5,14,6,2634.28,1 0,North,3,2,1
3,5,14,4,2636.554,2 0,North,3,2,1
3,5,14,4,2637.138,3 0,North,3,2,1
3,5,14,3,2638.314,3 1,North,3,2,1
3,5,14,3,2638.922,3 2,North,3,2,1
3,5,14,4,2639.473,4 2,North,3,2,1
3,5,14,3,2640.076,4 3,North,3,2,1
3,5,14,3,2640.666,4 4,North,3,2,1
3,5,14,2,2641.244,3 4,North,3,2,1
3,5,14,1,2641.788,3 3,North,3,2,1
3,5,14,1,2643.436,3 3,North,3,2,2
3,5,14,2,2643.923,2 3,North,3,2,2
3,5,14,1,2644.729,2 3,North,3,2,3
3,5,14,2,2645.785,1 3,North,3,2,3
3,5,14,2,2647.359,0 3,North,3,2,3
3,5,14,3,2648,0 4,North,3,2,3
3,5,14,4,2648.569,1 4,North,3,2,3
3,5,14,6,2648.94,1 4,North,3,3,3
3,5,14,2,2649.153,0 4,North,3,3,3
3,5,14,1,2649.871,0 3,North,3,3,3
3,5,14,4,2650.558,1 3,North,3,3,3
3,5,14,4,2651.167,2 3,North,3,3,3
3,5,14,4,2652.476,3 3,North,3,3,3
3,5,14,3,2653.299,3 4,North,3,3,3
3,5,14,4,2653.905,4 4,North,3,3,3
3,5,14,1,2654.545,4 3,North,3,3,3
3,5,14,1,2655.151,4 2,North,3,3,3
3,5,14,6,2655.56,4 2,North,3,4,3
3,5,14,2,2656.208,3 2,North,3,4,3
3,5,14,1,2656.802,3 1,North,3,4,3
3,5,14,6,2657.2,3 1,North,3,5,3
3,5,14,1,2658.802,3 0,North,3,5,3
3,5,14,2,2659.472,2 0,North,3,5,3
3,5,14,3,2660.107,2 0,North,3,5,4
3,5,14,2,2660.571,1 0,North,3,5,4
3,5,14,3,2662.434,1 1,North,3,5,4
3,5,14,4,2663.071,2 1,North,3,5,4
3,5,14,6,2663.44,2 1,North,3,6,4
3,5,14,2,2663.695,1 1,North,3,6,4
3,5,14,1,2664.414,1 0,North,3,6,4
3,5,14,4,2665.073,2 0,North,3,6,4
3,5,14,4,2665.776,3 0,North,3,6,4
3,5,14,3,2666.368,3 1,North,3,6,4
3,5,14,3,2667.201,3 2,North,3,6,4
3,5,14,6,2667.6,3 2,North,3,7,4
3,5,14,1,2668.067,3 1,North,3,7,4
3,5,14,3,2668.751,3 2,North,3,7,4
3,5,14,4,2669.436,4 2,North,3,7,4
3,5,14,3,2670.049,4 3,North,3,7,4
3,5,14,6,2670.44,4 3,North,3,8,4
0,5,15,2,2673.708,3 4,North,3,0,4
0,5,15,1,2674.689,3 4,West,3,0,4
0,5,15,2,2675.561,3 3,West,3,0,4
0,5,15,3,2676.383,3 3,North,3,0,4
0,5,15,2,2677.019,2 3,North,3,0,4
0,5,15,2,2677.677,1 3,North,3,0,4
0,5,15,2,2678.314,0 3,North,3,0,4
0,5,15,6,2678.7,0 3,North,3,1,4
0,5,15,3,2678.989,0 3,East,3,1,4
0,5,15,2,2679.935,0 4,East,3,1,4
0,5,15,3,2680.528,0 4,South,3,1,4
0,5,15,3,2681.057,0 4,West,3,1,4
0,5,15,2,2681.615,0 3,West,3,1,4
0,5,15,1,2682.298,0 3,South,3,1,4
0,5,15,2,2682.842,1 3,South,3,1,4
0,5,15,2,2683.439,2 3,South,3,1,4
0,5,15,2,2684.108,3 3,South,3,1,4
0,5,15,1,2684.685,3 3,East,3,1,4
0,5,15,2,2685.278,3 4,East,3,1,4
0,5,15,3,2686.163,3 4,South,3,1,4
0,5,15,2,2686.908,4 4,South,3,1,4
0,5,15,3,2687.708,4 4,West,3,1,4
0,5,15,2,2688.48,4 3,West,3,1,4
0,5,15,2,2689.083,4 2,West,3,1,4
0,5,15,2,2689.695,4 1,West,3,1,4
0,5,15,6,2690.1,4 1,West,3,2,4
0,5,15,3,2690.382,4 1,North,3,2,4
0,5,15,3,2690.941,4 1,East,3,2,4
0,5,15,2,2691.567,4 2,East,3,2,4
0,5,15,1,2692.146,4 2,North,3,2,4
0,5,15,2,2692.686,3 2,North,3,2,4
0,5,15,6,2693.08,3 2,North,3,3,4
0,5,15,1,2693.226,3 2,West,3,3,4
0,5,15,2,2693.834,3 1,West,3,3,4
0,5,15,2,2694.477,3 0,West,3,3,4
0,5,15,3,2695.119,3 0,North,3,3,4
0,5,15,2,2695.789,2 0,North,3,3,4
0,5,15,2,2696.412,1 0,North,3,3,4
0,5,15,3,2697.056,1 0,East,3,3,4
0,5,15,2,2697.962,1 1,East,3,3,4
0,5,15,3,2698.522,1 1,South,3,3,4
0,5,15,2,2699.102,2 1,South,3,3,4
0,5,15,1,2699.678,2 1,East,3,3,4
0,5,15,2,2700.241,2 2,East,3,3,4
0,5,15,1,2700.809,2 2,North,3,3,4
0,5,15,2,2701.439,1 2,North,3,3,4
0,5,15,2,2702.063,0 2,North,3,3,4
0,5,15,6,2702.46,0 2,North,3,4,4
0,5,15,1,2702.625,0 2,West,3,4,4
0,5,15,1,2703.228,0 2,South,3,4,4
0,5,15,2,2703.806,1 2,South,3,4,4
0,5,15,2,2704.395,2 2,South,3,4,4
0,5,15,3,2704.946,2 2,West,3,4,4
0,5,15,2,2705.581,2 1,West,3,4,4
0,5,15,3,2706.114,2 1,North,3,4,4
0,5,15,2,2706.65,1 1,North,3,4,4
0,5,15,1,2707.2,1 1,West,3,4,4
0,5,15,2,2707.777,1 0,West,3,4,4
0,5,15,1,2708.333,1 0,South,3,4,4
0,5,15,2,2708.929,2 0,South,3,4,4
0,5,15,2,2709.484,3 0,South,3,4,4
0,5,15,1,2710.032,3 0,East,3,4,4
0,5,15,2,2710.62,3 1,East,3,4,4
0,5,15,2,2711.258,3 2,East,3,4,4
0,5,15,3,2712.177,3 2,South,3,4,4
0,5,15,2,2712.799,4 2,South,3,4,4
0,5,15,3,2713.343,4 2,West,3,4,4
0,5,15,2,2714.032,4 1,West,3,4,4
0,5,15,2,2714.559,4 0,West,3,4,4
0,5,15,6,2714.98,4 0,West,3,5,4
0,5,15,3,2715.116,4 0,North,3,5,4
0,5,15,3,2715.707,4 0,East,3,5,4
0,5,15,2,2716.335,4 1,East,3,5,4
0,5,15,2,2716.846,4 2,East,3,5,4
0,5,15,2,2717.822,4 3,East,3,5,4
0,5,15,2,2718.541,4 4,East,3,5,4
0,5,15,1,2719.07,4 4,North,3,5,4
0,5,15,2,2719.58,3 4,North,3,5,4
0,5,15,1,2720.194,3 4,West,3,5,4
0,5,15,2,2720.793,3 3,West,3,5,4
0,5,15,3,2721.36,3 3,North,3,5,4
0,5,15,2,2721.995,2 3,North,3,5,4
0,5,15,2,2722.559,1 3,North,3,5,4
0,5,15,2,2723.549,0 3,North,3,5,4
0,5,15,6,2723.92,0 3,North,3,6,4
0,5,15,3,2724.129,0 3,East,3,6,4
0,5,15,2,2724.657,0 4,East,3,6,4
0,5,15,3,2725.241,0 4,South,3,6,4
0,5,15,2,2725.817,1 4,South,3,6,4
0,5,15,3,2726.578,1 4,West,3,6,4
0,5,15,3,2727.231,1 4,North,3,6,4
0,5,15,2,2727.787,0 4,North,3,6,4
0,5,15,1,2728.362,0 4,West,3,6,4
0,5,15,2,2728.917,0 3,West,3,6,4
0,5,15,1,2729.794,0 3,South,3,6,4
0,5,15,2,2730.483,1 3,South,3,6,4
0,5,15,2,2731.147,2 3,South,3,6,4
0,5,15,2,2731.839,3 3,South,3,6,4
0,5,15,1,2732.426,3 3,East,3,6,4
0,5,15,2,2733.356,3 4,East,3,6,4
0,5,15,3,2734.114,3 4,South,3,6,4
0,5,15,2,2734.894,4 4,South,3,6,4
0,5,15,3,2735.628,4 4,West,3,6,4
0,5,15,2,2736.738,4 3,West,3,6,4
0,5,15,2,2737.435,4 2,West,3,6,4
0,5,15,3,2738.282,4 2,North,3,6,4
0,5,15,2,2738.907,3 2,North,3,6,4
0,5,15,1,2739.613,3 2,West,3,6,4
0,5,15,2,2740.256,3 1,West,3,6,4
0,5,15,2,2740.812,3 0,West,3,6,4
0,5,15,3,2741.425,3 0,North,3,6,4
0,5,15,2,2742.046,2 0,North,3,6,4
0,5,15,2,2742.575,1 0,North,3,6,4
0,5,15,6,2742.96,1 0,North,3,7,4
0,5,15,3,2743.178,1 0,East,3,7,4
0,5,15,1,2743.938,1 0,North,3,7,4
0,5,15,2,2744.785,1 0,North,3,7,4
0,5,15,3,2745.249,1 0,East,3,7,4
0,5,15,2,2746.159,1 1,East,3,7,4
0,5,15,3,2746.699,1 1,South,3,7,4
0,5,15,2,2747.248,2 1,South,3,7,4
0,5,15,1,2747.81,2 1,East,3,7,4
0,5,15,2,2748.415,2 2,East,3,7,4
0,5,15,1,2748.994,2 2,North,3,7,4
0,5,15,2,2749.647,1 2,North,3,7,4
0,5,15,2,2750.226,0 2,North,3,7,4
0,5,15,1,2751.149,0 2,West,3,7,4
0,5,15,1,2752.03,0 2,South,3,7,4
0,5,15,2,2752.572,1 2,South,3,7,4
0,5,15,2,2753.116,2 2,South,3,7,4
0,5,15,3,2753.97,2 2,West,3,7,4
0,5,15,2,2754.974,2 1,West,3,7,4
0,5,15,3,2755.938,2 1,North,3,7,4
0,5,15,2,2757.308,1 1,North,3,7,4
0,5,15,1,2758.058,1 1,West,3,7,4
0,5,15,2,2758.607,1 0,West,3,7,4
0,5,15,1,2759.436,1 0,South,3,7,4
0,5,15,2,2760.002,2 0,South,3,7,4
0,5,15,2,2760.636,3 0,South,3,7,4
0,5,15,1,2761.187,3 0,East,3,7,4
0,5,15,2,2761.778,3 1,East,3,7,4
0,5,15,2,2762.385,3 2,East,3,7,4
0,5,15,3,2763.039,3 2,South,3,7,4
0,5,15,2,2763.689,4 2,South,3,7,4
0,5,15,3,2764.462,4 2,West,3,7,4
0,5,15,1,2765.118,4 2,South,3,7,4
0,5,15,1,2765.74,4 2,East,3,7,4
0,5,15,2,2766.402,4 3,East,3,7,4
0,5,15,2,2766.944,4 4,East,3,7,4
0,5,15,1,2767.517,4 4,North,3,7,4
0,5,15,2,2768.046,3 4,North,3,7,4
0,5,15,6,2768.42,3 4,North,3,8,4
3,5,15,2,2775.161,3 4,North,3,0,0
3,5,15,1,2776.622,3 3,North,3,0,0
3,5,15,2,2777.741,2 3,North,3,0,0
3,5,15,2,2778.797,1 3,North,3,0,0
3,5,15,2,2779.505,0 3,North,3,0,0
3,5,15,6,2779.9,0 3,North,3,1,0
3,5,15,4,2780.426,1 3,North,3,1,0
3,5,15,4,2781.004,2 3,North,3,1,0
3,5,15,4,2781.707,3 3,North,3,1,0
3,5,15,3,2782.395,3 4,North,3,1,0
3,5,15,4,2782.91,4 4,North,3,1,0
3,5,15,1,2783.531,4 3,North,3,1,0
3,5,15,1,2784.129,4 2,North,3,1,0
3,5,15,1,2784.652,4 1,North,3,1,0
3,5,15,6,2785.06,4 1,North,3,2,0
3,5,15,3,2785.324,4 2,North,3,2,0
3,5,15,2,2785.998,3 2,North,3,2,0
3,5,15,6,2786.38,3 2,North,3,3,0
3,5,15,1,2789.722,3 1,North,3,3,0
3,5,15,1,2790.397,3 0,North,3,3,0
3,5,15,2,2791.087,2 0,North,3,3,0
3,5,15,2,2792.032,1 0,North,3,3,0
3,5,15,3,2792.703,1 1,North,3,3,0
3,5,15,4,2793.34,2 1,North,3,3,0
3,5,15,3,2795.409,2 2,North,3,3,0
3,5,15,2,2796.098,1 2,North,3,3,0
3,5,15,2,2796.74,0 2,North,3,3,0
3,5,15,6,2797.12,0 2,North,3,4,0
3,5,15,4,2797.532,1 2,North,3,4,0
3,5,15,4,2798.156,2 2,North,3,4,0
3,5,15,1,2798.795,2 1,North,3,4,0
3,5,15,2,2799.423,1 1,North,3,4,0
3,5,15,1,2800.047,1 0,North,3,4,0
3,5,15,4,2800.669,2 0,North,3,4,0
3,5,15,4,2801.296,3 0,North,3,4,0
3,5,15,3,2801.875,3 1,North,3,4,0
3,5,15,3,2802.449,3 2,North,3,4,0
3,5,15,4,2803.083,4 2,North,3,4,0
3,5,15,3,2803.66,4 3,North,3,4,0
3,5,15,6,2804.06,4 3,North,3,5,0
3,5,15,3,2804.431,4 4,North,3,5,0
3,5,15,2,2805.226,3 4,North,3,5,0
3,5,15,1,2805.809,3 3,North,3,5,0
3,5,15,2,2807.134,2 3,North,3,5,0
3,5,15,2,2807.699,1 3,North,3,5,0
3,5,15,2,2808.303,0 3,North,3,5,0
3,5,15,3,2808.948,0 4,North,3,5,0
3,5,15,6,2809.34,0 4,North,3,6,0
3,5,15,1,2809.889,0 3,North,3,6,0
3,5,15,4,2810.556,1 3,North,3,6,0
3,5,15,4,2811.089,2 3,North,3,6,0
3,5,15,4,2811.632,3 3,North,3,6,0
3,5,15,3,2812.321,3 4,North,3,6,0
3,5,15,4,2813.375,4 4,North,3,6,0
3,5,15,1,2813.946,4 3,North,3,6,0
3,5,15,1,2814.522,4 2,North,3,6,0
3,5,15,1,2815.148,4 1,North,3,6,0
3,5,15,1,2815.71,4 0,North,3,6,0
3,5,15,6,2816.12,4 0,North,3,7,0
3,5,15,3,2816.283,4 1,North,3,7,0
3,5,15,3,2819.072,4 2,North,3,7,0
3,5,15,2,2819.727,3 2,North,3,7,0
3,5,15,1,2821.697,3 1,North,3,7,0
3,5,15,1,2822.673,3 0,North,3,7,0
3,5,15,2,2823.313,2 0,North,3,7,0
3,5,15,2,2824.029,1 0,North,3,7,0
3,5,15,3,2824.7,1 1,North,3,7,0
3,5,15,4,2825.363,2 1,North,3,7,0
3,5,15,3,2826.185,2 2,North,3,7,0
3,5,15,2,2826.833,1 2,North,3,7,0
3,5,15,6,2827.22,1 2,North,3,8,0
0,6,16,1,2830.995,4 4,West,3,0,0
0,6,16,2,2831.949,4 3,West,3,0,0
0,6,16,2,2832.915,4 2,West,3,0,0
0,6,16,3,2833.482,4 2,North,3,0,0
0,6,16,2,2833.993,3 2,North,3,0,0
0,6,16,1,2834.526,3 2,West,3,0,0
0,6,16,2,2835.135,3 1,West,3,0,0
0,6,16,2,2835.706,3 0,West,3,0,0
0,6,16,3,2836.539,3 0,North,3,0,0
0,6,16,2,2837.134,2 0,North,3,0,0
0,6,16,2,2837.808,1 0,North,3,0,0
0,6,16,3,2838.396,1 0,East,3,0,0
0,6,16,2,2838.976,1 1,East,3,0,0
0,6,16,6,2839.38,1 1,East,3,1,0
0,6,16,3,2839.504,1 1,South,3,1,0
0,6,16,2,2840.09,2 1,South,3,1,0
0,6,16,1,2840.922,2 1,East,3,1,0
0,6,16,2,2841.475,2 2,East,3,1,0
0,6,16,1,2842.058,2 2,North,3,1,0
0,6,16,2,2842.607,1 2,North,3,1,0
0,6,16,2,2843.245,0 2,North,3,1,0
0,6,16,1,2844.061,0 2,West,3,1,0
0,6,16,1,2844.924,0 2,South,3,1,0
0,6,16,2,2845.531,1 2,South,3,1,0
0,6,16,2,2846.092,2 2,South,3,1,0
0,6,16,3,2847.102,2 2,West,3,1,0
0,6,16,2,2847.823,2 1,West,3,1,0
0,6,16,3,2848.523,2 1,North,3,1,0
0,6,16,2,2849.197,1 1,North,3,1,0
0,6,16,1,2849.792,1 1,West,3,1,0
0,6,16,2,2850.457,1 0,West,3,1,0
0,6,16,1,2851.198,1 0,South,3,1,0
0,6,16,2,2851.963,2 0,South,3,1,0
0,6,16,2,2852.529,3 0,South,3,1,0
0,6,16,1,2853.134,3 0,East,3,1,0
0,6,16,2,2853.696,3 1,East,3,1,0
0,6,16,2,2854.32,3 2,East,3,1,0
0,6,16,3,2854.897,3 2,South,3,1,0
0,6,16,2,2855.466,4 2,South,3,1,0
0,6,16,3,2855.983,4 2,West,3,1,0
0,6,16,1,2856.555,4 2,South,3,1,0
0,6,16,1,2857.506,4 2,East,3,1,0
0,6,16,2,2858.177,4 3,East,3,1,0
0,6,16,2,2858.802,4 4,East,3,1,0
0,6,16,1,2859.563,4 4,North,3,1,0
0,6,16,2,2860.106,3 4,North,3,1,0
0,6,16,1,2860.673,3 4,West,3,1,0
0,6,16,2,2861.261,3 3,West,3,1,0
0,6,16,6,2861.68,3 3,West,3,2,0
0,6,16,3,2862.161,3 3,North,3,2,0
0,6,16,2,2862.715,2 3,North,3,2,0
0,6,16,2,2863.694,1 3,North,3,2,0
0,6,16,2,2864.48,0 3,North,3,2,0
0,6,16,3,2865.164,0 3,East,3,2,0
0,6,16,2,2865.759,0 4,East,3,2,0
0,6,16,3,2866.398,0 4,South,3,2,0
0,6,16,3,2867.484,0 4,West,3,2,0
0,6,16,2,2868.128,0 3,West,3,2,0
0,6,16,1,2868.667,0 3,South,3,2,0
0,6,16,2,2869.489,1 3,South,3,2,0
0,6,16,2,2870.029,2 3,South,3,2,0
0,6,16,2,2870.654,3 3,South,3,2,0
0,6,16,1,2871.232,3 3,East,3,2,0
0,6,16,2,2871.772,3 4,East,3,2,0
0,6,16,3,2872.379,3 4,South,3,2,0
0,6,16,2,2872.922,4 4,South,3,2,0
0,6,16,3,2873.553,4 4,West,3,2,0
0,6,16,2,2874.159,4 3,West,3,2,0
0,6,16,2,2875.097,4 2,West,3,2,0
0,6,16,6,2875.5,4 2,West,3,3,0
0,6,16,3,2875.613,4 2,North,3,3,0
0,6,16,2,2876.209,3 2,North,3,3,0
0,6,16,1,2876.802,3 2,West,3,3,0
0,6,16,2,2877.322,3 1,West,3,3,0
0,6,16,2,2877.901,3 0,West,3,3,0
0,6,16,3,2878.801,3 0,North,3,3,0
0,6,16,2,2879.376,2 0,North,3,3,0
0,6,16,2,2879.981,1 0,North,3,3,0
0,6,16,3,2880.554,1 0,East,3,3,0
0,6,16,2,2881.106,1 1,East,3,3,0
0,6,16,3,2881.658,1 1,South,3,3,0
0,6,16,2,2882.208,2 1,South,3,3,0
0,6,16,1,2882.751,2 1,East,3,3,0
0,6,16,2,2883.293,2 2,East,3,3,0
0,6,16,1,2883.817,2 2,North,3,3,0
0,6,16,2,2884.367,1 2,North,3,3,0
0,6,16,2,2884.91,0 2,North,3,3,0
0,6,16,1,2885.485,0 2,West,3,3,0
0,6,16,1,2886.176,0 2,South,3,3,0
0,6,16,2,2886.976,1 2,South,3,3,0
0,6,16,2,2887.596,2 2,South,3,3,0
0,6,16,3,2888.186,2 2,West,3,3,0
0,6,16,2,2888.782,2 1,West,3,3,0
0,6,16,3,2889.37,2 1,North,3,3,0
0,6,16,2,2889.939,1 1,North,3,3,0
0,6,16,1,2890.858,1 1,West,3,3,0
0,6,16,2,2891.549,1 0,West,3,3,0
0,6,16,1,2892.267,1 0,South,3,3,0
0,6,16,2,2892.881,2 0,South,3,3,0
0,6,16,2,2893.514,3 0,South,3,3,0
0,6,16,1,2894.159,3 0,East,3,3,0
0,6,16,2,2897.324,3 1,East,3,3,0
0,6,16,2,2897.885,3 2,East,3,3,0
0,6,16,3,2898.463,3 2,South,3,3,0
0,6,16,2,2899.305,4 2,South,3,3,0
0,6,16,3,2899.851,4 2,West,3,3,0
0,6,16,3,2900.558,4 2,North,3,3,0
0,6,16,3,2901.138,4 2,East,3,3,0
0,6,16,2,2901.823,4 3,East,3,3,0
0,6,16,2,2902.771,4 4,East,3,3,0
0,6,16,1,2903.563,4 4,North,3,3,0
0,6,16,2,2904.237,3 4,North,3,3,0
0,6,16,1,2904.909,3 4,West,3,3,0
0,6,16,2,2906.06,3 3,West,3,3,0
0,6,16,6,2906.48,3 3,West,3,4,0
0,6,16,3,2906.826,3 3,North,3,4,0
0,6,16,2,2908.047,2 3,North,3,4,0
0,6,16,2,2908.658,1 3,North,3,4,0
0,6,16,2,2909.179,0 3,North,3,4,0
0,6,16,2,2910.321,0 3,North,3,4,0
0,6,16,2,2910.86,0 3,North,3,4,0
0,6,16,2,2911.266,0 3,North,3,4,0
0,6,16,3,2911.757,0 3,East,3,4,0
0,6,16,3,2912.929,0 3,South,3,4,0
0,6,16,1,2913.931,0 3,East,3,4,0
0,6,16,2,2914.7,0 4,East,3,4,0
0,6,16,3,2915.296,0 4,South,3,4,0
0,6,16,3,2916.607,0 4,West,3,4,0
0,6,16,2,2917.433,0 3,West,3,4,0
0,6,16,1,2917.994,0 3,South,3,4,0
0,6,16,2,2918.654,1 3,South,3,4,0
0,6,16,2,2919.178,2 3,South,3,4,0
0,6,16,2,2919.739,3 3,South,3,4,0
0,6,16,1,2920.316,3 3,East,3,4,0
0,6,16,2,2920.877,3 4,East,3,4,0
0,6,16,3,2921.419,3 4,South,3,4,0
0,6,16,2,2921.986,4 4,South,3,4,0
0,6,16,3,2922.561,4 4,West,3,4,0
0,6,16,2,2923.148,4 3,West,3,4,0
0,6,16,2,2923.696,4 2,West,3,4,0
0,6,16,3,2924.575,4 2,North,3,4,0
0,6,16,2,2925.18,3 2,North,3,4,0
0,6,16,1,2925.745,3 2,West,3,4,0
0,6,16,2,2926.41,3 1,West,3,4,0
0,6,16,2,2927.057,3 0,West,3,4,0
0,6,16,3,2927.681,3 0,North,3,4,0
0,6,16,2,2928.409,2 0,North,3,4,0
0,6,16,2,2929.053,1 0,North,3,4,0
0,6,16,3,2929.688,1 0,East,3,4,0
0,6,16,2,2930.281,1 1,East,3,4,0
0,6,16,3,2931.1,1 1,South,3,4,0
0,6,16,2,2932.05,2 1,South,3,4,0
0,6,16,1,2932.594,2 1,East,3,4,0
0,6,16,2,2933.164,2 2,East,3,4,0
0,6,16,1,2933.964,2 2,North,3,4,0
0,6,16,2,2934.602,1 2,North,3,4,0
0,6,16,2,2935.133,0 2,North,3,4,0
0,6,16,6,2935.52,0 2,North,3,5,0
0,6,16,1,2935.65,0 2,West,3,5,0
0,6,16,1,2936.586,0 2,South,3,5,0
0,6,16,2,2937.145,1 2,South,3,5,0
0,6,16,2,2937.659,2 2,South,3,5,0
0,6,16,3,2938.527,2 2,West,3,5,0
0,6,16,2,2939.147,2 1,West,3,5,0
0,6,16,3,2939.71,2 1,North,3,5,0
0,6,16,2,2940.41,1 1,North,3,5,0
0,6,16,1,2941.023,1 1,West,3,5,0
0,6,16,2,2941.658,1 0,West,3,5,0
0,6,16,1,2942.177,1 0,South,3,5,0
0,6,16,2,2942.799,2 0,South,3,5,0
0,6,16,2,2943.873,3 0,South,3,5,0
0,6,16,1,2944.555,3 0,East,3,5,0
0,6,16,2,2945.21,3 1,East,3,5,0
0,6,16,2,2945.775,3 2,East,3,5,0
0,6,16,3,2946.381,3 2,South,3,5,0
0,6,16,2,2947.005,4 2,South,3,5,0
0,6,16,1,2947.517,4 2,East,3,5,0
0,6,16,2,2948.125,4 3,East,3,5,0
0,6,16,2,2949.053,4 4,East,3,5,0
0,6,16,6,2949.46,4 4,East,3,6,0
0,6,16,3,2949.95,4 4,South,3,6,0
0,6,16,3,2950.507,4 4,West,3,6,0
0,6,16,3,2951.168,4 4,North,3,6,0
0,6,16,1,2952,4 4,West,3,6,0
0,6,16,2,2952.714,4 3,West,3,6,0
0,6,16,2,2953.357,4 2,West,3,6,0
0,6,16,3,2954.009,4 2,North,3,6,0
0,6,16,2,2954.752,3 2,North,3,6,0
0,6,16,6,2955.14,3 2,North,3,7,0
0,6,16,1,2955.425,3 2,West,3,7,0
0,6,16,2,2956.506,3 1,West,3,7,0
0,6,16,2,2957.154,3 0,West,3,7,0
0,6,16,3,2957.722,3 0,North,3,7,0
0,6,16,3,2958.497,3 0,East,3,7,0
0,6,16,2,2959.033,3 1,East,3,7,0
0,6,16,2,2959.642,3 2,East,3,7,0
0,6,16,3,2960.526,3 2,South,3,7,0
0,6,16,2,2961.245,4 2,South,3,7,0
0,6,16,1,2961.803,4 2,East,3,7,0
0,6,16,2,2963.581,4 3,East,3,7,0
0,6,16,2,2964.178,4 4,East,3,7,0
0,6,16,1,2964.706,4 4,North,3,7,0
0,6,16,2,2965.776,3 4,North,3,7,0
0,6,16,1,2966.331,3 4,West,3,7,0
0,6,16,2,2966.938,3 3,West,3,7,0
0,6,16,3,2967.515,3 3,North,3,7,0
0,6,16,2,2968.03,2 3,North,3,7,0
0,6,16,2,2968.847,1 3,North,3,7,0
0,6,16,2,2969.547,0 3,North,3,7,0
0,6,16,3,2970.209,0 3,East,3,7,0
0,6,16,2,2970.875,0 4,East,3,7,0
0,6,16,3,2971.485,0 4,South,3,7,0
0,6,16,2,2972.219,1 4,South,3,7,0
0,6,16,2,2973.451,2 4,South,3,7,0
0,6,16,6,2973.84,2 4,South,3,8,0
3,6,16,1,2978.653,4 3,North,3,0,0
3,6,16,1,2979.691,4 2,North,3,0,0
3,6,16,2,2980.414,3 2,North,3,0,0
3,6,16,1,2981.037,3 1,North,3,0,0
3,6,16,1,2982.478,3 0,North,3,0,0
3,6,16,2,2983.17,2 0,North,3,0,0
3,6,16,2,2984.543,1 0,North,3,0,0
3,6,16,3,2985.178,1 1,North,3,0,0
3,6,16,6,2985.58,1 1,North,3,1,0
3,6,16,1,2986.715,1 0,North,3,1,0
3,6,16,4,2988.637,2 0,North,3,1,0
3,6,16,4,2989.263,3 0,North,3,1,0
3,6,16,3,2989.81,3 1,North,3,1,0
3,6,16,3,2990.365,3 2,North,3,1,0
3,6,16,4,2990.876,4 2,North,3,1,0
3,6,16,3,2991.417,4 3,North,3,1,0
3,6,16,3,2991.948,4 4,North,3,1,0
3,6,16,2,2992.514,3 4,North,3,1,0
3,6,16,1,2993.487,3 3,North,3,1,0
3,6,16,6,2993.88,3 3,North,3,2,0
3,6,16,3,2994.367,3 4,North,3,2,0
3,6,16,4,2994.962,4 4,North,3,2,0
3,6,16,1,2995.53,4 3,North,3,2,0
3,6,16,1,2996.146,4 2,North,3,2,0
3,6,16,6,2996.56,4 2,North,3,3,0
3,6,16,3,2996.927,4 3,North,3,3,0
3,6,16,3,2997.451,4 4,North,3,3,0
3,6,16,2,2997.995,3 4,North,3,3,0
3,6,16,1,2998.626,3 3,North,3,3,0
3,6,16,6,2999.04,3 3,North,3,4,0
3,6,16,2,2999.642,2 3,North,3,4,0
3,6,16,2,3000.188,1 3,North,3,4,0
3,6,16,2,3000.767,0 3,North,3,4,0
3,6,16,3,3001.358,0 4,North,3,4,0
3,6,16,6,3001.76,0 4,North,3,5,0
3,6,16,1,3002.284,0 3,North,3,5,0
3,6,16,4,3002.864,1 3,North,3,5,0
3,6,16,4,3003.392,2 3,North,3,5,0
3,6,16,6,3003.76,2 3,North,3,6,0
3,6,16,4,3004.326,3 3,North,3,6,0
3,6,16,4,3005.166,3 3,North,3,6,1
3,6,16,3,3005.6,3 4,North,3,6,1
3,6,16,4,3006.282,4 4,North,3,6,1
3,6,16,1,3006.905,4 3,North,3,6,1
3,6,16,1,3007.551,4 2,North,3,6,1
3,6,16,2,3008.096,3 2,North,3,6,1
3,6,16,1,3008.667,3 1,North,3,6,1
3,6,16,6,3009.08,3 1,North,3,7,1
3,6,16,1,3010.121,3 0,North,3,7,1
3,6,16,2,3010.763,2 0,North,3,7,1
3,6,16,6,3011.14,2 0,North,3,8,1
0,6,17,1,3017.134,4 4,West,3,0,1
0,6,17,3,3018.634,4 4,North,3,0,1
0,6,17,2,3019.325,3 4,North,3,0,1
0,6,17,1,3019.872,3 4,West,3,0,1
0,6,17,2,3020.45,3 3,West,3,0,1
0,6,17,3,3021.001,3 3,North,3,0,1
0,6,17,2,3021.626,2 3,North,3,0,1
0,6,17,2,3022.235,1 3,North,3,0,1
0,6,17,2,3023.234,0 3,North,3,0,1
0,6,17,3,3023.97,0 3,East,3,0,1
0,6,17,2,3024.639,0 4,East,3,0,1
0,6,17,3,3025.187,0 4,South,3,0,1
0,6,17,3,3026.112,0 4,West,3,0,1
0,6,17,2,3026.698,0 3,West,3,0,1
0,6,17,1,3027.391,0 3,South,3,0,1
0,6,17,2,3028.624,1 3,South,3,0,1
0,6,17,2,3029.241,2 3,South,3,0,1
0,6,17,2,3029.963,3 3,South,3,0,1
0,6,17,1,3030.782,3 3,East,3,0,1
0,6,17,2,3031.483,3 4,East,3,0,1
0,6,17,3,3032.111,3 4,South,3,0,1
0,6,17,2,3032.799,4 4,South,3,0,1
0,6,17,3,3033.458,4 4,West,3,0,1
0,6,17,2,3034.205,4 3,West,3,0,1
0,6,17,2,3034.802,4 2,West,3,0,1
0,6,17,3,3035.356,4 2,North,3,0,1
0,6,17,2,3036.001,3 2,North,3,0,1
0,6,17,1,3036.734,3 2,West,3,0,1
0,6,17,2,3037.521,3 1,West,3,0,1
0,6,17,2,3038.11,3 0,West,3,0,1
0,6,17,3,3038.639,3 0,North,3,0,1
0,6,17,2,3039.245,2 0,North,3,0,1
0,6,17,2,3039.806,1 0,North,3,0,1
0,6,17,3,3040.687,1 0,East,3,0,1
0,6,17,2,3041.393,1 1,East,3,0,1
0,6,17,3,3042.028,1 1,South,3,0,1
0,6,17,2,3042.587,2 1,South,3,0,1
0,6,17,1,3043.165,2 1,East,3,0,1
0,6,17,2,3043.793,2 2,East,3,0,1
0,6,17,1,3044.345,2 2,North,3,0,1
0,6,17,2,3044.971,1 2,North,3,0,1
0,6,17,2,3045.883,0 2,North,3,0,1
0,6,17,6,3046.26,0 2,North,3,1,1
0,6,17,1,3046.464,0 2,West,3,1,1
0,6,17,1,3047.322,0 2,South,3,1,1
0,6,17,2,3048.015,1 2,South,3,1,1
0,6,17,2,3048.652,2 2,South,3,1,1
0,6,17,3,3049.402,2 2,West,3,1,1
0,6,17,2,3049.999,2 1,West,3,1,1
0,6,17,3,3050.541,2 1,North,3,1,1
0,6,17,2,3051.067,1 1,North,3,1,1
0,6,17,1,3051.743,1 1,West,3,1,1
0,6,17,2,3052.432,1 0,West,3,1,1
0,6,17,6,3052.84,1 0,West,3,2,1
0,6,17,1,3053.07,1 0,South,3,2,1
0,6,17,1,3054.031,1 0,East,3,2,1
0,6,17,2,3054.666,1 1,East,3,2,1
0,6,17,3,3055.321,1 1,South,3,2,1
0,6,17,2,3055.966,2 1,South,3,2,1
0,6,17,1,3056.697,2 1,East,3,2,1
0,6,17,2,3057.325,2 2,East,3,2,1
0,6,17,6,3057.74,2 2,East,3,3,1
0,6,17,1,3057.938,2 2,North,3,3,1
0,6,17,2,3058.844,1 2,North,3,3,1
0,6,17,2,3059.517,0 2,North,3,3,1
0,6,17,1,3060.063,0 2,West,3,3,1
0,6,17,1,3060.809,0 2,South,3,3,1
0,6,17,2,3061.372,1 2,South,3,3,1
0,6,17,2,3061.934,2 2,South,3,3,1
0,6,17,3,3062.818,2 2,West,3,3,1
0,6,17,2,3063.386,2 1,West,3,3,1
0,6,17,3,3064.141,2 1,North,3,3,1
0,6,17,2,3064.81,1 1,North,3,3,1
0,6,17,1,3065.52,1 1,West,3,3,1
0,6,17,2,3066.105,1 0,West,3,3,1
0,6,17,1,3066.703,1 0,South,3,3,1
0,6,17,2,3067.261,2 0,South,3,3,1
0,6,17,2,3067.949,3 0,South,3,3,1
0,6,17,1,3068.585,3 0,East,3,3,1
0,6,17,2,3069.164,3 1,East,3,3,1
0,6,17,2,3070.188,3 2,East,3,3,1
0,6,17,3,3070.784,3 2,South,3,3,1
0,6,17,2,3071.36,4 2,South,3,3,1
0,6,17,3,3072.299,4 2,West,3,3,1
0,6,17,2,3072.973,4 1,West,3,3,1
0,6,17,2,3073.503,4 0,West,3,3,1
0,6,17,6,3073.92,4 0,West,3,4,1
0,6,17,3,3074.016,4 0,North,3,4,1
0,6,17,3,3074.56,4 0,East,3,4,1
0,6,17,2,3075.279,4 1,East,3,4,1
0,6,17,2,3076.225,4 2,East,3,4,1
0,6,17,1,3076.897,4 2,North,3,4,1
0,6,17,2,3077.486,3 2,North,3,4,1
0,6,17,1,3078.049,3 2,West,3,4,1
0,6,17,2,3078.75,3 1,West,3,4,1
0,6,17,2,3079.344,3 0,West,3,4,1
0,6,17,3,3079.854,3 0,North,3,4,1
0,6,17,2,3080.459,2 0,North,3,4,1
0,6,17,2,3081.008,1 0,North,3,4,1
0,6,17,3,3081.917,1 0,East,3,4,1
0,6,17,2,3082.731,1 1,East,3,4,1
0,6,17,3,3083.29,1 1,South,3,4,1
0,6,17,2,3083.809,2 1,South,3,4,1
0,6,17,1,3084.347,2 1,East,3,4,1
0,6,17,2,3085.31,2 2,East,3,4,1
0,6,17,1,3085.916,2 2,North,3,4,1
0,6,17,1,3086.672,2 2,West,3,4,1
0,6,17,2,3087.632,2 1,West,3,4,1
0,6,17,3,3088.449,2 1,North,3,4,1
0,6,17,3,3089.546,2 1,East,3,4,1
0,6,17,2,3090.16,2 2,East,3,4,1
0,6,17,1,3090.682,2 2,North,3,4,1
0,6,17,2,3091.452,1 2,North,3,4,1
0,6,17,2,3092.093,0 2,North,3,4,1
0,6,17,1,3092.713,0 2,West,3,4,1
0,6,17,1,3093.466,0 2,South,3,4,1
0,6,17,2,3094.129,1 2,South,3,4,1
0,6,17,2,3095.53,2 2,South,3,4,1
0,6,17,3,3096.288,2 2,West,3,4,1
0,6,17,2,3097.053,2 1,West,3,4,1
0,6,17,3,3097.74,2 1,North,3,4,1
0,6,17,2,3098.411,1 1,North,3,4,1
0,6,17,1,3099.018,1 1,West,3,4,1
0,6,17,2,3099.676,1 0,West,3,4,1
0,6,17,1,3100.403,1 0,South,3,4,1
0,6,17,2,3101.083,2 0,South,3,4,1
0,6,17,2,3101.741,3 0,South,3,4,1
0,6,17,1,3102.402,3 0,East,3,4,1
0,6,17,2,3103.087,3 1,East,3,4,1
0,6,17,2,3103.696,3 2,East,3,4,1
0,6,17,3,3104.255,3 2,South,3,4,1
0,6,17,2,3104.895,4 2,South,3,4,1
0,6,17,1,3105.642,4 2,East,3,4,1
0,6,17,2,3106.383,4 3,East,3,4,1
0,6,17,2,3106.989,4 4,East,3,4,1
0,6,17,1,3107.565,4 4,North,3,4,1
0,6,17,2,3108.189,3 4,North,3,4,1
0,6,17,1,3108.896,3 4,West,3,4,1
0,6,17,2,3109.481,3 3,West,3,4,1
0,6,17,3,3110.061,3 3,North,3,4,1
0,6,17,2,3110.752,2 3,North,3,4,1
0,6,17,6,3111.14,2 3,North,3,5,1
0,6,17,2,3111.729,1 3,North,3,5,1
0,6,17,2,3112.479,0 3,North,3,5,1
0,6,17,3,3113.082,0 3,East,3,5,1
0,6,17,2,3113.666,0 4,East,3,5,1
0,6,17,3,3114.301,0 4,South,3,5,1
0,6,17,3,3115.008,0 4,West,3,5,1
0,6,17,2,3115.531,0 3,West,3,5,1
0,6,17,1,3116.063,0 3,South,3,5,1
0,6,17,2,3116.654,1 3,South,3,5,1
0,6,17,2,3117.504,2 3,South,3,5,1
0,6,17,2,3118.224,3 3,South,3,5,1
0,6,17,1,3118.786,3 3,East,3,5,1
0,6,17,2,3119.354,3 4,East,3,5,1
0,6,17,3,3119.903,3 4,South,3,5,1
0,6,17,2,3120.478,4 4,South,3,5,1
0,6,17,3,3121.022,4 4,West,3,5,1
0,6,17,2,3121.598,4 3,West,3,5,1
0,6,17,6,3122,4 3,West,3,6,1
0,6,17,2,3122.433,4 2,West,3,6,1
0,6,17,3,3122.953,4 2,North,3,6,1
0,6,17,2,3123.505,3 2,North,3,6,1
0,6,17,1,3124.507,3 2,West,3,6,1
0,6,17,2,3125.066,3 1,West,3,6,1
0,6,17,6,3125.48,3 1,West,3,7,1
0,6,17,6,3125.5,3 1,West,3,8,1
3,6,17,1,3129.707,4 3,North,3,0,0
3,6,17,1,3130.283,4 2,North,3,0,0
3,6,17,2,3131.011,3 2,North,3,0,0
3,6,17,1,3132.255,3 1,North,3,0,0
3,6,17,1,3132.88,3 0,North,3,0,0
3,6,17,2,3133.418,2 0,North,3,0,0
3,6,17,2,3135.882,1 0,North,3,0,0
3,6,17,3,3136.542,1 1,North,3,0,0
3,6,17,4,3137.151,2 1,North,3,0,0
3,6,17,3,3137.793,2 2,North,3,0,0
3,6,17,2,3138.797,1 2,North,3,0,0
3,6,17,2,3139.482,0 2,North,3,0,0
3,6,17,6,3139.86,0 2,North,3,1,0
3,6,17,4,3140.432,1 2,North,3,1,0
3,6,17,4,3141.018,2 2,North,3,1,0
3,6,17,1,3141.634,2 1,North,3,1,0
3,6,17,2,3142.241,1 1,North,3,1,0
3,6,17,1,3142.8,1 0,North,3,1,0
3,6,17,6,3143.2,1 0,North,3,2,0
3,6,17,3,3143.695,1 1,North,3,2,0
3,6,17,4,3144.219,2 1,North,3,2,0
3,6,17,3,3144.748,2 2,North,3,2,0
3,6,17,6,3145.14,2 2,North,3,3,0
3,6,17,1,3145.625,2 1,North,3,3,0
3,6,17,2,3146.417,1 1,North,3,3,0
3,6,17,1,3147.075,1 0,North,3,3,0
3,6,17,4,3147.696,2 0,North,3,3,0
3,6,17,4,3148.269,3 0,North,3,3,0
3,6,17,3,3148.81,3 1,North,3,3,0
3,6,17,3,3149.902,3 2,North,3,3,0
3,6,17,4,3150.443,4 2,North,3,3,0
3,6,17,1,3151.035,4 1,North,3,3,0
3,6,17,1,3151.681,4 0,North,3,3,0
3,6,17,6,3152.08,4 0,North,3,4,0
3,6,17,3,3152.254,4 1,North,3,4,0
3,6,17,3,3152.844,4 2,North,3,4,0
3,6,17,2,3153.5,3 2,North,3,4,0
3,6,17,6,3153.88,3 2,North,3,5,0
3,6,17,4,3154.607,4 2,North,3,5,0
3,6,17,3,3155.407,4 3,North,3,5,0
3,6,17,3,3155.929,4 4,North,3,5,0
3,6,17,2,3156.496,3 4,North,3,5,0
3,6,17,1,3157.025,3 3,North,3,5,0
3,6,17,2,3157.584,2 3,North,3,5,0
3,6,17,6,3157.96,2 3,North,3,6,0
3,6,17,4,3158.394,3 3,North,3,6,0
3,6,17,3,3158.96,3 4,North,3,6,0
3,6,17,4,3159.488,4 4,North,3,6,0
3,6,17,1,3160.077,4 3,North,3,6,0
3,6,17,1,3160.604,4 2,North,3,6,0
3,6,17,2,3161.546,3 2,North,3,6,0
3,6,17,1,3162.107,3 1,North,3,6,0
3,6,17,6,3162.52,3 1,North,3,7,0
3,6,17,1,3163.455,3 0,North,3,7,0
3,6,17,2,3164.106,2 0,North,3,7,0
3,6,17,2,3166.367,1 0,North,3,7,0
3,6,17,3,3166.909,1 1,North,3,7,0
3,6,17,4,3167.518,2 1,North,3,7,0
3,6,17,3,3168.302,2 2,North,3,7,0
3,6,17,2,3169.042,1 2,North,3,7,0
3,6,17,2,3169.748,0 2,North,3,7,0
3,6,17,1,3170.347,0 1,North,3,7,0
3,6,17,6,3170.74,0 1,North,3,8,0
0,6,18,1,3178.125,4 4,West,3,0,0
0,6,18,3,3179.072,4 4,North,3,0,0
0,6,18,2,3180.001,3 4,North,3,0,0
0,6,18,1,3180.541,3 4,West,3,0,0
0,6,18,2,3181.057,3 3,West,3,0,0
0,6,18,3,3181.583,3 3,North,3,0,0
0,6,18,2,3182.143,2 3,North,3,0,0
0,6,18,2,3182.667,1 3,North,3,0,0
0,6,18,2,3183.645,0 3,North,3,0,0
0,6,18,3,3184.272,0 3,East,3,0,0
0,6,18,2,3184.849,0 4,East,3,0,0
0,6,18,6,3185.26,0 4,East,3,1,0
0,6,18,3,3185.371,0 4,South,3,1,0
0,6,18,3,3185.945,0 4,West,3,1,0
0,6,18,2,3186.476,0 3,West,3,1,0
0,6,18,1,3187.035,0 3,South,3,1,0
0,6,18,2,3187.626,1 3,South,3,1,0
0,6,18,2,3188.21,2 3,South,3,1,0
0,6,18,2,3188.781,3 3,South,3,1,0
0,6,18,1,3189.74,3 3,East,3,1,0
0,6,18,2,3190.347,3 4,East,3,1,0
0,6,18,3,3191.067,3 4,South,3,1,0
0,6,18,2,3191.746,4 4,South,3,1,0
0,6,18,3,3192.381,4 4,West,3,1,0
0,6,18,2,3192.939,4 3,West,3,1,0
0,6,18,2,3193.489,4 2,West,3,1,0
0,6,18,3,3194.01,4 2,North,3,1,0
0,6,18,2,3194.531,3 2,North,3,1,0
0,6,18,1,3195.134,3 2,West,3,1,0
0,6,18,2,3195.807,3 1,West,3,1,0
0,6,18,2,3196.396,3 0,West,3,1,0
0,6,18,3,3196.907,3 0,North,3,1,0
0,6,18,2,3197.457,2 0,North,3,1,0
0,6,18,2,3197.999,1 0,North,3,1,0
0,6,18,3,3198.539,1 0,East,3,1,0
0,6,18,2,3199.102,1 1,East,3,1,0
0,6,18,3,3199.627,1 1,South,3,1,0
0,6,18,2,3200.176,2 1,South,3,1,0
0,6,18,6,3200.56,2 1,South,3,2,0
0,6,18,1,3200.961,2 1,East,3,2,0
0,6,18,2,3201.612,2 2,East,3,2,0
0,6,18,1,3202.156,2 2,North,3,2,0
0,6,18,2,3202.688,1 2,North,3,2,0
0,6,18,2,3203.229,0 2,North,3,2,0
0,6,18,1,3203.761,0 2,West,3,2,0
0,6,18,1,3204.715,0 2,South,3,2,0
0,6,18,2,3205.295,1 2,South,3,2,0
0,6,18,2,3205.85,2 2,South,3,2,0
0,6,18,3,3206.734,2 2,West,3,2,0
0,6,18,2,3207.722,2 1,West,3,2,0
0,6,18,3,3208.355,2 1,North,3,2,0
0,6,18,2,3208.942,1 1,North,3,2,0
0,6,18,1,3209.501,1 1,West,3,2,0
0,6,18,2,3210.014,1 0,West,3,2,0
0,6,18,1,3210.545,1 0,South,3,2,0
0,6,18,2,3211.499,2 0,South,3,2,0
0,6,18,2,3212.173,3 0,South,3,2,0
0,6,18,1,3212.954,3 0,East,3,2,0
0,6,18,2,3213.515,3 1,East,3,2,0
0,6,18,2,3214.235,3 2,East,3,2,0
0,6,18,3,3214.784,3 2,South,3,2,0
0,6,18,2,3215.378,4 2,South,3,2,0
0,6,18,3,3215.952,4 2,West,3,2,0
0,6,18,2,3216.499,4 1,West,3,2,0
0,6,18,6,3216.9,4 1,West,3,3,0
0,6,18,3,3217.037,4 1,North,3,3,0
0,6,18,3,3217.584,4 1,East,3,3,0
0,6,18,2,3218.365,4 2,East,3,3,0
0,6,18,2,3219.292,4 3,East,3,3,0
0,6,18,2,3219.882,4 4,East,3,3,0
0,6,18,1,3220.817,4 4,North,3,3,0
0,6,18,2,3221.42,3 4,North,3,3,0
0,6,18,1,3221.933,3 4,West,3,3,0
0,6,18,2,3222.826,3 3,West,3,3,0
0,6,18,3,3223.386,3 3,North,3,3,0
0,6,18,2,3223.985,2 3,North,3,3,0
0,6,18,2,3224.642,1 3,North,3,3,0
0,6,18,2,3225.257,0 3,North,3,3,0
0,6,18,3,3226.155,0 3,East,3,3,0
0,6,18,3,3226.858,0 3,South,3,3,0
0,6,18,1,3227.597,0 3,East,3,3,0
0,6,18,2,3228.156,0 4,East,3,3,0
0,6,18,3,3228.962,0 4,South,3,3,0
0,6,18,2,3229.613,1 4,South,3,3,0
0,6,18,6,3230,1 4,South,3,4,0
0,6,18,3,3230.14,1 4,West,3,4,0
0,6,18,3,3230.832,1 4,North,3,4,0
0,6,18,2,3231.354,0 4,North,3,4,0
0,6,18,1,3231.985,0 4,West,3,4,0
0,6,18,2,3232.562,0 3,West,3,4,0
0,6,18,1,3233.085,0 3,South,3,4,0
0,6,18,2,3233.696,1 3,South,3,4,0
0,6,18,6,3234.06,1 3,South,3,5,0
0,6,18,2,3234.253,2 3,South,3,5,0
0,6,18,2,3234.861,3 3,South,3,5,0
0,6,18,1,3235.773,3 3,East,3,5,0
0,6,18,2,3236.32,3 4,East,3,5,0
0,6,18,3,3236.842,3 4,South,3,5,0
0,6,18,2,3237.546,4 4,South,3,5,0
0,6,18,3,3238.073,4 4,West,3,5,0
0,6,18,2,3238.621,4 3,West,3,5,0
0,6,18,2,3239.292,4 2,West,3,5,0
0,6,18,3,3240.125,4 2,North,3,5,0
0,6,18,2,3240.722,3 2,North,3,5,0
0,6,18,1,3241.324,3 2,West,3,5,0
0,6,18,2,3241.97,3 1,West,3,5,0
0,6,18,2,3242.523,3 0,West,3,5,0
0,6,18,3,3243.051,3 0,North,3,5,0
0,6,18,2,3243.579,2 0,North,3,5,0
0,6,18,2,3244.109,1 0,North,3,5,0
0,6,18,3,3244.652,1 0,East,3,5,0
0,6,18,2,3245.278,1 1,East,3,5,0
0,6,18,3,3245.792,1 1,South,3,5,0
0,6,18,2,3246.386,2 1,South,3,5,0
0,6,18,1,3246.977,2 1,East,3,5,0
0,6,18,2,3247.521,2 2,East,3,5,0
0,6,18,1,3248.063,2 2,North,3,5,0
0,6,18,2,3249.043,1 2,North,3,5,0
0,6,18,2,3249.707,0 2,North,3,5,0
0,6,18,1,3250.319,0 2,West,3,5,0
0,6,18,2,3250.896,0 1,West,3,5,0
0,6,18,6,3251.3,0 1,West,3,6,0
0,6,18,3,3251.471,0 1,North,3,6,0
0,6,18,3,3252.045,0 1,East,3,6,0
0,6,18,2,3252.62,0 2,East,3,6,0
0,6,18,3,3253.226,0 2,South,3,6,0
0,6,18,2,3253.854,1 2,South,3,6,0
0,6,18,2,3254.367,2 2,South,3,6,0
0,6,18,6,3254.74,2 2,South,3,7,0
0,6,18,3,3254.894,2 2,West,3,7,0
0,6,18,2,3255.455,2 1,West,3,7,0
0,6,18,3,3255.996,2 1,North,3,7,0
0,6,18,2,3256.542,1 1,North,3,7,0
0,6,18,1,3257.12,1 1,West,3,7,0
0,6,18,2,3257.661,1 0,West,3,7,0
0,6,18,1,3258.22,1 0,South,3,7,0
0,6,18,2,3258.768,2 0,South,3,7,0
0,6,18,2,3259.372,3 0,South,3,7,0
0,6,18,1,3260.255,3 0,East,3,7,0
0,6,18,2,3264.094,3 1,East,3,7,0
0,6,18,2,3264.734,3 2,East,3,7,0
0,6,18,3,3265.388,3 2,South,3,7,0
0,6,18,2,3266.078,4 2,South,3,7,0
0,6,18,3,3267.042,4 2,West,3,7,0
0,6,18,3,3267.675,4 2,North,3,7,0
0,6,18,3,3268.291,4 2,East,3,7,0
0,6,18,3,3268.864,4 2,South,3,7,0
0,6,18,1,3269.723,4 2,East,3,7,0
0,6,18,2,3270.366,4 3,East,3,7,0
0,6,18,2,3270.972,4 4,East,3,7,0
0,6,18,1,3271.551,4 4,North,3,7,0
0,6,18,2,3272.16,3 4,North,3,7,0
0,6,18,6,3272.54,3 4,North,3,8,0
3,6,18,2,3280.255,3 4,North,3,0,0
3,6,18,1,3281.188,3 3,North,3,0,0
3,6,18,2,3281.849,2 3,North,3,0,0
3,6,18,2,3282.443,1 3,North,3,0,0
3,6,18,2,3283.097,0 3,North,3,0,0
3,6,18,3,3283.666,0 4,North,3,0,0
3,6,18,6,3284.06,0 4,North,3,1,0
3,6,18,1,3284.411,0 3,North,3,1,0
3,6,18,4,3285.058,1 3,North,3,1,0
3,6,18,4,3285.604,2 3,North,3,1,0
3,6,18,4,3286.159,3 3,North,3,1,0
3,6,18,3,3286.765,3 4,North,3,1,0
3,6,18,4,3287.665,4 4,North,3,1,0
3,6,18,1,3288.379,4 3,North,3,1,0
3,6,18,1,3288.957,4 2,North,3,1,0
3,6,18,2,3289.625,3 2,North,3,1,0
3,6,18,1,3290.218,3 1,North,3,1,0
3,6,18,1,3290.833,3 0,North,3,1,0
3,6,18,2,3291.391,2 0,North,3,1,0
3,6,18,2,3292.026,1 0,North,3,1,0
3,6,18,3,3292.686,1 1,North,3,1,0
3,6,18,4,3293.261,2 1,North,3,1,0
3,6,18,6,3293.62,2 1,North,3,2,0
3,6,18,2,3294.205,1 1,North,3,2,0
3,6,18,1,3294.798,1 0,North,3,2,0
3,6,18,4,3295.5,2 0,North,3,2,0
3,6,18,4,3296.095,3 0,North,3,2,0
3,6,18,3,3296.633,3 1,North,3,2,0
3,6,18,3,3297.198,3 2,North,3,2,0
3,6,18,4,3297.824,4 2,North,3,2,0
3,6,18,1,3298.379,4 1,North,3,2,0
3,6,18,6,3298.78,4 1,North,3,3,0
3,6,18,3,3299.069,4 2,North,3,3,0
3,6,18,3,3299.743,4 3,North,3,3,0
3,6,18,3,3300.315,4 4,North,3,3,0
3,6,18,2,3300.906,3 4,North,3,3,0
3,6,18,1,3301.423,3 3,North,3,3,0
3,6,18,2,3302.012,2 3,North,3,3,0
3,6,18,2,3302.617,1 3,North,3,3,0
3,6,18,2,3303.23,0 3,North,3,3,0
3,6,18,3,3303.841,0 4,North,3,3,0
3,6,18,4,3304.497,1 4,North,3,3,0
3,6,18,6,3304.86,1 4,North,3,4,0
3,6,18,2,3305.082,0 4,North,3,4,0
3,6,18,1,3305.727,0 3,North,3,4,0
3,6,18,6,3306.12,0 3,North,3,5,0
3,6,18,4,3306.578,1 3,North,3,5,0
3,6,18,4,3307.116,2 3,North,3,5,0
3,6,18,4,3307.727,3 3,North,3,5,0
3,6,18,3,3308.771,3 4,North,3,5,0
3,6,18,4,3309.321,4 4,North,3,5,0
3,6,18,1,3309.899,4 3,North,3,5,0
3,6,18,1,3310.445,4 2,North,3,5,0
3,6,18,2,3311.58,3 2,North,3,5,0
3,6,18,1,3312.174,3 1,North,3,5,0
3,6,18,1,3312.704,3 0,North,3,5,0
3,6,18,6,3313.1,3 0,North,3,6,0
3,6,18,2,3313.982,2 0,North,3,6,0
3,6,18,2,3314.573,1 0,North,3,6,0
3,6,18,3,3315.147,1 1,North,3,6,0
3,6,18,4,3315.713,2 1,North,3,6,0
3,6,18,3,3316.239,2 2,North,3,6,0
3,6,18,2,3316.813,1 2,North,3,6,0
3,6,18,6,3317.2,1 2,North,3,7,0
3,6,18,4,3317.617,2 2,North,3,7,0
3,6,18,1,3318.225,2 1,North,3,7,0
3,6,18,2,3318.882,1 1,North,3,7,0
3,6,18,1,3319.58,1 0,North,3,7,0
3,6,18,4,3320.335,2 0,North,3,7,0
3,6,18,4,3320.899,3 0,North,3,7,0
3,6,18,3,3321.425,3 1,North,3,7,0
3,6,18,3,3321.949,3 2,North,3,7,0
3,6,18,4,3322.882,4 2,North,3,7,0
3,6,18,1,3323.503,4 1,North,3,7,0
3,6,18,1,3324.123,4 0,North,3,7,0
3,6,18,6,3324.54,4 0,North,3,8,0
