PhaseView,Run,Trial,Key,Time,Location,Direction,MazeType,Diamonds,WallBumped
0,3,7,2,471.2683,3 4,North,2,0,0
0,3,7,2,471.9395,2 4,North,2,0,0
0,3,7,2,472.7694,1 4,North,2,0,0
0,3,7,1,474.239,1 4,West,2,0,0
0,3,7,2,475.1057,1 3,West,2,0,0
0,3,7,1,476.2923,1 3,South,2,0,0
0,3,7,2,476.9146,2 3,South,2,0,0
0,3,7,3,477.4454,2 3,West,2,0,0
0,3,7,2,478.2115,2 2,West,2,0,0
0,3,7,3,478.7867,2 2,North,2,0,0
0,3,7,2,479.6825,1 2,North,2,0,0
0,3,7,1,480.6283,1 2,West,2,0,0
0,3,7,3,481.3958,1 2,North,2,0,0
0,3,7,2,482.0798,0 2,North,2,0,0
0,3,7,1,482.5991,0 2,West,2,0,0
0,3,7,2,483.521,0 1,West,2,0,0
0,3,7,3,484.4379,0 1,North,2,0,0
0,3,7,3,485.1832,0 1,East,2,0,0
0,3,7,2,486.048,0 2,East,2,0,0
0,3,7,3,486.9908,0 2,South,2,0,0
0,3,7,2,487.6653,1 2,South,2,0,0
0,3,7,2,488.5806,2 2,South,2,0,0
0,3,7,1,489.1229,2 2,East,2,0,0
0,3,7,2,489.8129,2 3,East,2,0,0
0,3,7,1,490.3887,2 3,North,2,0,0
0,3,7,2,490.9445,1 3,North,2,0,0
0,3,7,3,491.4933,1 3,East,2,0,0
0,3,7,2,492.3409,1 4,East,2,0,0
0,3,7,3,493.0289,1 4,South,2,0,0
0,3,7,2,493.9527,2 4,South,2,0,0
0,3,7,2,494.8194,3 4,South,2,0,0
0,3,7,3,495.6946,3 4,West,2,0,0
0,3,7,1,496.4978,3 4,South,2,0,0
0,3,7,2,497.0913,4 4,South,2,0,0
0,3,7,3,497.957,4 4,West,2,0,0
0,3,7,2,498.5983,4 3,West,2,0,0
0,3,7,2,499.41,4 2,West,2,0,0
0,3,7,3,500.2236,4 2,North,2,0,0
0,3,7,2,501.1049,3 2,North,2,0,0
0,3,7,1,501.6166,3 2,West,2,0,0
0,3,7,2,502.3087,3 1,West,2,0,0
0,3,7,3,503.1738,3 1,North,2,0,0
0,3,7,2,503.8472,2 1,North,2,0,0
0,3,7,2,504.6227,1 1,North,2,0,0
0,3,7,1,505.5359,1 1,West,2,0,0
0,3,7,2,506.2226,1 0,West,2,0,0
0,3,7,1,507.0896,1 0,South,2,0,0
0,3,7,2,507.8614,2 0,South,2,0,0
0,3,7,2,508.4661,3 0,South,2,0,0
0,3,7,2,509.3462,4 0,South,2,0,0
0,3,7,6,509.72,4 0,South,2,1,0
0,3,7,1,510.0961,4 0,East,2,1,0
0,3,7,1,511.3824,4 0,North,2,1,0
0,3,7,2,512.0861,3 0,North,2,1,0
0,3,7,2,512.69,2 0,North,2,1,0
0,3,7,3,513.4144,2 0,East,2,1,0
0,3,7,1,514.0208,2 0,North,2,1,0
0,3,7,2,514.5492,1 0,North,2,1,0
0,3,7,3,515.3626,1 0,East,2,1,0
0,3,7,2,516.0161,1 1,East,2,1,0
0,3,7,3,516.6934,1 1,South,2,1,0
0,3,7,2,517.3182,2 1,South,2,1,0
0,3,7,2,517.9233,3 1,South,2,1,0
0,3,7,1,518.8365,3 1,East,2,1,0
0,3,7,2,519.4404,3 2,East,2,1,0
0,3,7,3,520.2263,3 2,South,2,1,0
0,3,7,2,520.9457,4 2,South,2,1,0
0,3,7,1,521.815,4 2,East,2,1,0
0,3,7,2,522.5007,4 3,East,2,1,0
0,3,7,2,523.3781,4 4,East,2,1,0
0,3,7,1,523.9035,4 4,North,2,1,0
0,3,7,2,524.6078,3 4,North,2,1,0
0,3,7,2,525.1678,2 4,North,2,1,0
0,3,7,2,526.1974,1 4,North,2,1,0
0,3,7,6,526.58,1 4,North,2,2,0
0,3,7,1,527.3995,1 4,West,2,2,0
0,3,7,3,528.2865,1 4,North,2,2,0
0,3,7,2,528.8521,0 4,North,2,2,0
0,3,7,1,529.655,0 4,West,2,2,0
0,3,7,1,530.3862,0 4,South,2,2,0
0,3,7,2,530.9432,1 4,South,2,2,0
0,3,7,3,531.664,1 4,West,2,2,0
0,3,7,2,532.178,1 3,West,2,2,0
0,3,7,1,533.0109,1 3,South,2,2,0
0,3,7,2,533.6176,2 3,South,2,2,0
0,3,7,3,534.3668,2 3,West,2,2,0
0,3,7,2,535.0602,2 2,West,2,2,0
0,3,7,3,535.5914,2 2,North,2,2,0
0,3,7,2,536.1596,1 2,North,2,2,0
0,3,7,1,536.867,1 2,West,2,2,0
0,3,7,3,537.9219,1 2,North,2,2,0
0,3,7,2,538.7991,0 2,North,2,2,0
0,3,7,1,539.5662,0 2,West,2,2,0
0,3,7,2,540.2785,0 1,West,2,2,0
0,3,7,1,541.3434,0 1,South,2,2,0
0,3,7,1,542.0052,0 1,East,2,2,0
0,3,7,2,542.5917,0 2,East,2,2,0
0,3,7,3,543.3576,0 2,South,2,2,0
0,3,7,2,543.919,1 2,South,2,2,0
0,3,7,2,544.7243,2 2,South,2,2,0
0,3,7,1,545.5892,2 2,East,2,2,0
0,3,7,2,546.2548,2 3,East,2,2,0
0,3,7,1,546.8311,2 3,North,2,2,0
0,3,7,2,547.3492,1 3,North,2,2,0
0,3,7,3,547.8763,1 3,East,2,2,0
0,3,7,2,548.4703,1 4,East,2,2,0
0,3,7,3,549.2225,1 4,South,2,2,0
0,3,7,2,549.8115,2 4,South,2,2,0
0,3,7,2,550.3702,3 4,South,2,2,0
0,3,7,3,551.0441,3 4,West,2,2,0
0,3,7,1,551.5711,3 4,South,2,2,0
0,3,7,2,552.5045,4 4,South,2,2,0
0,3,7,3,553.2643,4 4,West,2,2,0
0,3,7,2,553.8098,4 3,West,2,2,0
0,3,7,2,554.543,4 2,West,2,2,0
0,3,7,3,555.4579,4 2,North,2,2,0
0,3,7,2,556.0145,3 2,North,2,2,0
0,3,7,3,556.914,3 2,East,2,2,0
0,3,7,1,557.8394,3 2,North,2,2,0
0,3,7,1,558.4318,3 2,West,2,2,0
0,3,7,2,559.2368,3 1,West,2,2,0
0,3,7,3,560.1294,3 1,North,2,2,0
0,3,7,2,560.7706,2 1,North,2,2,0
0,3,7,2,561.4426,1 1,North,2,2,0
0,3,7,1,562.2114,1 1,West,2,2,0
0,3,7,2,562.8997,1 0,West,2,2,0
0,3,7,1,563.6638,1 0,South,2,2,0
0,3,7,2,564.4343,2 0,South,2,2,0
0,3,7,2,565.0906,3 0,South,2,2,0
0,3,7,2,565.889,4 0,South,2,2,0
0,3,7,1,566.6235,4 0,East,2,2,0
0,3,7,2,567.2358,4 1,East,2,2,0
0,3,7,6,567.64,4 1,East,2,3,0
0,3,7,1,568.5988,4 1,North,2,3,0
0,3,7,1,569.4868,4 1,West,2,3,0
0,3,7,2,570.2553,4 0,West,2,3,0
0,3,7,3,570.8201,4 0,North,2,3,0
0,3,7,2,571.4297,3 0,North,2,3,0
0,3,7,2,572.1112,2 0,North,2,3,0
0,3,7,2,572.7881,1 0,North,2,3,0
0,3,7,3,573.6201,1 0,East,2,3,0
0,3,7,2,574.3567,1 1,East,2,3,0
0,3,7,3,574.9805,1 1,South,2,3,0
0,3,7,2,575.6153,2 1,South,2,3,0
0,3,7,2,576.3054,3 1,South,2,3,0
0,3,7,1,576.9746,3 1,East,2,3,0
0,3,7,2,577.5888,3 2,East,2,3,0
0,3,7,3,578.1271,3 2,South,2,3,0
0,3,7,2,578.6748,4 2,South,2,3,0
0,3,7,1,579.5727,4 2,East,2,3,0
0,3,7,2,580.1185,4 3,East,2,3,0
0,3,7,2,580.7863,4 4,East,2,3,0
0,3,7,1,581.5598,4 4,North,2,3,0
0,3,7,2,582.1292,3 4,North,2,3,0
0,3,7,2,582.7043,2 4,North,2,3,0
0,3,7,2,583.4291,1 4,North,2,3,0
0,3,7,1,584.3246,1 4,West,2,3,0
0,3,7,3,585.1841,1 4,North,2,3,0
0,3,7,2,585.798,0 4,North,2,3,0
0,3,7,1,586.4785,0 4,West,2,3,0
0,3,7,1,587.4142,0 4,South,2,3,0
0,3,7,2,588.1342,1 4,South,2,3,0
0,3,7,3,588.9955,1 4,West,2,3,0
0,3,7,2,589.5743,1 3,West,2,3,0
0,3,7,1,590.182,1 3,South,2,3,0
0,3,7,2,590.7204,2 3,South,2,3,0
0,3,7,3,591.6841,2 3,West,2,3,0
0,3,7,2,592.551,2 2,West,2,3,0
0,3,7,3,593.2629,2 2,North,2,3,0
0,3,7,2,594.0826,1 2,North,2,3,0
0,3,7,2,594.9756,0 2,North,2,3,0
0,3,7,6,595.36,0 2,North,2,4,0
0,3,7,1,595.6796,0 2,West,2,4,0
0,3,7,1,596.9116,0 2,South,2,4,0
0,3,7,2,597.6708,1 2,South,2,4,0
0,3,7,2,598.3181,2 2,South,2,4,0
0,3,7,1,599.0593,2 2,East,2,4,0
0,3,7,2,599.7305,2 3,East,2,4,0
0,3,7,1,600.3093,2 3,North,2,4,0
0,3,7,2,601.176,1 3,North,2,4,0
0,3,7,3,601.7603,1 3,East,2,4,0
0,3,7,2,602.4983,1 4,East,2,4,0
0,3,7,3,603.4561,1 4,South,2,4,0
0,3,7,2,604.1438,2 4,South,2,4,0
0,3,7,2,604.8521,3 4,South,2,4,0
0,3,7,6,605.24,3 4,South,2,5,0
0,3,7,1,605.5825,3 4,East,2,5,0
0,3,7,3,606.118,3 4,South,2,5,0
0,3,7,2,606.643,4 4,South,2,5,0
0,3,7,3,607.3633,4 4,West,2,5,0
0,3,7,2,607.9851,4 3,West,2,5,0
0,3,7,2,608.6266,4 2,West,2,5,0
0,3,7,6,609.04,4 2,West,2,6,0
0,3,7,3,609.4445,4 2,North,2,6,0
0,3,7,2,610.0511,3 2,North,2,6,0
0,3,7,1,610.9816,3 2,West,2,6,0
0,3,7,2,611.6177,3 1,West,2,6,0
0,3,7,3,612.4548,3 1,North,2,6,0
0,3,7,2,612.9773,2 1,North,2,6,0
0,3,7,6,613.36,2 1,North,2,7,0
0,3,7,2,614.1789,1 1,North,2,7,0
0,3,7,1,614.8802,1 1,West,2,7,0
0,3,7,2,615.5711,1 0,West,2,7,0
0,3,7,1,616.194,1 0,South,2,7,0
0,3,7,1,617.0245,1 0,East,2,7,0
0,3,7,2,617.5917,1 1,East,2,7,0
0,3,7,3,618.3374,1 1,South,2,7,0
0,3,7,2,618.8849,2 1,South,2,7,0
0,3,7,2,619.5406,3 1,South,2,7,0
0,3,7,1,620.1281,3 1,East,2,7,0
0,3,7,2,620.6606,3 2,East,2,7,0
0,3,7,3,621.366,3 2,South,2,7,0
0,3,7,2,621.986,4 2,South,2,7,0
0,3,7,1,622.5795,4 2,East,2,7,0
0,3,7,2,623.2319,4 3,East,2,7,0
0,3,7,2,623.8458,4 4,East,2,7,0
0,3,7,1,624.4532,4 4,North,2,7,0
0,3,7,2,625.1235,3 4,North,2,7,0
0,3,7,2,626.0815,2 4,North,2,7,0
0,3,7,2,626.882,1 4,North,2,7,0
0,3,7,2,627.5995,0 4,North,2,7,0
0,3,7,6,627.98,0 4,North,2,8,0
3,3,7,2,633.7966,3 4,North,2,0,0
3,3,7,6,634.18,3 4,North,2,1,0
3,3,7,1,634.9037,3 4,North,2,1,1
3,3,7,2,635.759,2 4,North,2,1,1
3,3,7,2,636.5494,1 4,North,2,1,1
3,3,7,2,637.2629,0 4,North,2,1,1
3,3,7,1,637.9523,0 3,North,2,1,1
3,3,7,1,638.6322,0 3,North,2,1,2
3,3,7,3,639.4968,0 4,North,2,1,2
3,3,7,4,640.0809,1 4,North,2,1,2
3,3,7,1,640.5916,1 3,North,2,1,2
3,3,7,1,641.5128,1 3,North,2,1,3
3,3,7,3,642.3555,1 4,North,2,1,3
3,3,7,4,642.9786,2 4,North,2,1,3
3,3,7,1,643.6945,2 4,North,2,1,4
3,3,7,2,644.3549,1 4,North,2,1,4
3,3,7,4,646.439,2 4,North,2,1,4
3,3,7,4,647.0563,3 4,North,2,1,4
3,3,7,1,647.7606,3 4,North,2,1,5
3,3,7,4,648.5776,4 4,North,2,1,5
3,3,7,1,649.4116,4 3,North,2,1,5
3,3,7,1,650.1763,4 2,North,2,1,5
3,3,7,2,650.886,3 2,North,2,1,5
3,3,7,2,651.6973,3 2,North,2,1,6
3,3,7,1,652.424,3 1,North,2,1,6
3,3,7,2,653.3114,2 1,North,2,1,6
3,3,7,2,654.2231,1 1,North,2,1,6
3,3,7,2,655.1097,1 1,North,2,1,7
3,3,7,3,655.6644,1 1,North,2,1,8
3,3,7,3,656.0563,1 1,North,2,1,9
3,3,7,3,656.5424,1 1,North,2,1,10
3,3,7,1,657.7745,1 0,North,2,1,10
3,3,7,2,658.4252,1 0,North,2,1,11
3,3,7,3,659.3276,1 1,North,2,1,11
3,3,7,3,660.5139,1 1,North,2,1,12
3,3,7,1,661.5665,1 0,North,2,1,12
3,3,7,4,662.727,2 0,North,2,1,12
3,3,7,2,663.717,1 0,North,2,1,12
3,3,7,2,664.629,1 0,North,2,1,13
3,3,7,4,665.2138,2 0,North,2,1,13
3,3,7,3,665.7478,2 0,North,2,1,14
3,3,7,3,667.0248,2 0,North,2,1,15
3,3,7,2,667.447,1 0,North,2,1,15
3,3,7,3,668.8805,1 1,North,2,1,15
3,3,7,3,669.665,1 1,North,2,1,16
3,3,7,4,670.4944,2 1,North,2,1,16
3,3,7,3,671.3946,2 1,North,2,1,17
3,3,7,2,672.1034,1 1,North,2,1,17
3,3,7,2,673.7767,1 1,North,2,1,18
3,3,7,3,674.4305,1 1,North,2,1,19
3,3,7,4,674.7591,2 1,North,2,1,19
3,3,7,3,675.4541,2 1,North,2,1,20
3,3,7,4,675.9915,3 1,North,2,1,20
3,3,7,3,676.5196,3 2,North,2,1,20
3,3,7,3,677.4611,3 3,North,2,1,20
3,3,7,2,678.2096,3 3,North,2,1,21
3,3,7,1,678.8627,3 2,North,2,1,21
3,3,7,2,679.4607,3 2,North,2,1,22
3,3,7,3,680.0164,3 3,North,2,1,22
3,3,7,3,680.657,3 3,North,2,1,23
3,3,7,3,681.4631,3 3,North,2,1,24
3,3,7,1,682.022,3 2,North,2,1,24
3,3,7,4,684.2275,4 2,North,2,1,24
3,3,7,3,684.8843,4 3,North,2,1,24
3,3,7,3,685.5898,4 4,North,2,1,24
3,3,7,2,686.801,3 4,North,2,1,24
3,3,7,2,687.6634,2 4,North,2,1,24
3,3,7,2,688.4835,1 4,North,2,1,24
3,3,7,2,689.3834,0 4,North,2,1,24
3,3,7,1,690.2409,0 3,North,2,1,24
3,3,7,1,691.2164,0 3,North,2,1,25
3,3,7,3,692.2772,0 4,North,2,1,25
3,3,7,4,693.0598,1 4,North,2,1,25
3,3,7,1,693.8096,1 3,North,2,1,25
3,3,7,2,695.8912,1 3,North,2,1,26
3,3,7,1,696.7558,1 3,North,2,1,27
3,3,7,3,697.5445,1 4,North,2,1,27
3,3,7,1,698.4661,1 3,North,2,1,27
3,3,7,4,699.4735,2 3,North,2,1,27
3,3,7,1,700.3702,2 2,North,2,1,27
3,3,7,2,701.4108,1 2,North,2,1,27
3,3,7,2,703.028,0 2,North,2,1,27
3,3,7,6,703.42,0 2,North,2,2,27
3,3,7,4,704.0968,1 2,North,2,2,27
3,3,7,4,704.8153,2 2,North,2,2,27
3,3,7,1,706.2065,2 2,North,2,2,28
3,3,7,2,706.7689,1 2,North,2,2,28
3,3,7,1,707.6148,1 2,North,2,2,29
3,3,7,4,708.2474,2 2,North,2,2,29
3,3,7,4,709.1536,2 2,North,2,2,30
3,3,7,3,710.0046,2 3,North,2,2,30
3,3,7,4,710.7711,2 3,North,2,2,31
3,3,7,3,712.6385,2 3,North,2,2,32
3,3,7,1,713.5078,2 2,North,2,2,32
3,3,7,1,714.3525,2 2,North,2,2,33
3,3,7,2,714.8806,1 2,North,2,2,33
3,3,7,3,715.6332,1 2,North,2,2,34
3,3,7,1,716.5827,1 2,North,2,2,35
3,3,7,4,717.2664,2 2,North,2,2,35
3,3,7,4,719.9743,2 2,North,2,2,36
3,3,7,1,723.6,2 2,North,2,2,37
3,3,7,2,724.1793,1 2,North,2,2,37
3,3,7,1,724.8515,1 2,North,2,2,38
3,3,7,2,725.4637,0 2,North,2,2,38
3,3,7,1,726.5513,0 1,North,2,2,38
3,3,7,4,727.5253,0 1,North,2,2,39
3,3,7,1,728.1147,0 0,North,2,2,39
3,3,7,4,728.7919,0 0,North,2,2,40
3,3,7,3,729.3831,0 1,North,2,2,40
3,3,7,3,730.0717,0 2,North,2,2,40
3,3,7,4,731.0062,1 2,North,2,2,40
3,3,7,1,732.8351,1 2,North,2,2,41
3,3,7,4,733.4249,2 2,North,2,2,41
3,3,7,4,734.1308,2 2,North,2,2,42
3,3,7,2,735.1265,1 2,North,2,2,42
3,3,7,3,735.9111,1 2,North,2,2,43
3,3,7,4,737.3292,2 2,North,2,2,43
3,3,7,3,739.0093,2 3,North,2,2,43
3,3,7,4,740.2591,2 3,North,2,2,44
3,3,7,3,740.8309,2 3,North,2,2,45
3,3,7,3,741.8422,2 3,North,2,2,46
3,3,7,3,743.3331,2 3,North,2,2,47
3,3,7,1,743.9362,2 2,North,2,2,47
3,3,7,4,744.9149,2 2,North,2,2,48
3,3,7,2,745.4954,1 2,North,2,2,48
3,3,7,3,746.5185,1 2,North,2,2,49
3,3,7,1,747.351,1 2,North,2,2,50
3,3,7,1,748.383,1 2,North,2,2,51
3,3,7,2,749.5262,0 2,North,2,2,51
3,3,7,1,752.0233,0 1,North,2,2,51
3,3,7,1,753.3591,0 0,North,2,2,51
3,3,7,4,754.239,0 0,North,2,2,52
3,3,7,3,754.9323,0 1,North,2,2,52
3,3,7,4,755.5187,0 1,North,2,2,53
3,3,7,3,756.1394,0 2,North,2,2,53
3,3,7,4,756.6568,1 2,North,2,2,53
3,3,7,4,761.0638,2 2,North,2,2,53
3,3,7,4,762.8212,2 2,North,2,2,54
3,3,7,1,765.5549,2 2,North,2,2,55
3,3,7,3,766.6129,2 3,North,2,2,55
3,3,7,2,769.1844,1 3,North,2,2,55
3,3,7,3,770.3363,1 4,North,2,2,55
3,3,7,4,771.1567,2 4,North,2,2,55
3,3,7,4,771.7962,3 4,North,2,2,55
3,3,7,1,772.4214,3 4,North,2,2,56
3,3,7,4,773.5402,4 4,North,2,2,56
3,3,7,1,774.2555,4 3,North,2,2,56
3,3,7,1,774.9155,4 2,North,2,2,56
3,3,7,1,775.6989,4 2,North,2,2,57
3,3,7,2,776.3879,3 2,North,2,2,57
3,3,7,1,778.2632,3 1,North,2,2,57
3,3,7,2,779.2822,2 1,North,2,2,57
3,3,7,6,779.66,2 1,North,2,3,57
3,3,7,4,780.1929,3 1,North,2,3,57
3,3,7,3,780.8022,3 2,North,2,3,57
3,3,7,3,781.5535,3 3,North,2,3,57
3,3,7,6,781.96,3 3,North,2,4,57
3,3,7,1,782.5144,3 2,North,2,4,57
3,3,7,4,783.0865,4 2,North,2,4,57
3,3,7,1,783.7026,4 2,North,2,4,58
3,3,7,2,784.3769,3 2,North,2,4,58
3,3,7,1,785.0118,3 1,North,2,4,58
3,3,7,4,785.701,3 1,North,2,4,59
3,3,7,1,786.2325,3 1,North,2,4,60
3,3,7,3,789.1839,3 2,North,2,4,60
3,3,7,4,790.0383,4 2,North,2,4,60
3,3,7,2,792.8006,3 2,North,2,4,60
3,3,7,2,793.4549,3 2,North,2,4,61
3,3,7,4,794.4031,4 2,North,2,4,61
3,3,7,1,795.2691,4 2,North,2,4,62
3,3,7,2,796.0699,3 2,North,2,4,62
3,3,7,1,797.0096,3 1,North,2,4,62
3,3,7,4,798.4306,3 1,North,2,4,63
3,3,7,1,799.0922,3 1,North,2,4,64
3,3,7,2,800.6415,2 1,North,2,4,64
3,3,7,1,801.4312,2 1,North,2,4,65
3,3,7,2,802.1287,1 1,North,2,4,65
3,3,7,1,802.7747,1 0,North,2,4,65
3,3,7,4,803.4954,2 0,North,2,4,65
3,3,7,4,804.1826,3 0,North,2,4,65
3,3,7,4,804.929,4 0,North,2,4,65
3,3,7,3,805.6342,4 1,North,2,4,65
3,3,7,6,806.04,4 1,North,2,5,65
3,3,7,1,806.817,4 0,North,2,5,65
3,3,7,2,807.3921,3 0,North,2,5,65
3,3,7,2,807.9741,2 0,North,2,5,65
3,3,7,2,808.9174,1 0,North,2,5,65
3,3,7,3,811.0724,1 1,North,2,5,65
3,3,7,3,812.262,1 1,North,2,5,66
3,3,7,4,812.8857,2 1,North,2,5,66
3,3,7,3,813.554,2 1,North,2,5,67
3,3,7,2,814.5369,1 1,North,2,5,67
3,3,7,2,815.3479,1 1,North,2,5,68
3,3,7,1,816.6072,1 0,North,2,5,68
3,3,7,2,817.4938,1 0,North,2,5,69
3,3,7,3,817.9252,1 1,North,2,5,69
3,3,7,3,818.6088,1 1,North,2,5,70
3,3,7,4,819.4556,2 1,North,2,5,70
3,3,7,3,820.2938,2 1,North,2,5,71
3,3,7,4,820.7699,3 1,North,2,5,71
3,3,7,3,821.7429,3 2,North,2,5,71
3,3,7,3,822.5952,3 3,North,2,5,71
3,3,7,3,823.2637,3 3,North,2,5,72
3,3,7,2,824.9155,3 3,North,2,5,73
3,3,7,1,825.5681,3 2,North,2,5,73
3,3,7,2,826.133,3 2,North,2,5,74
3,3,7,1,827.267,3 1,North,2,5,74
3,3,7,2,828.4008,2 1,North,2,5,74
3,3,7,3,829.0712,2 1,North,2,5,75
3,3,7,3,830.7694,2 1,North,2,5,76
3,3,7,4,831.399,3 1,North,2,5,76
3,3,7,3,832.0353,3 2,North,2,5,76
3,3,7,2,832.7032,3 2,North,2,5,77
3,3,7,3,833.673,3 3,North,2,5,77
3,3,7,3,834.3401,3 3,North,2,5,78
3,3,7,2,836.1605,3 3,North,2,5,79
3,3,7,1,836.6259,3 2,North,2,5,79
3,3,7,4,837.4711,4 2,North,2,5,79
3,3,7,3,838.1268,4 3,North,2,5,79
3,3,7,3,838.8958,4 4,North,2,5,79
3,3,7,2,839.5257,3 4,North,2,5,79
3,3,7,2,840.1464,2 4,North,2,5,79
3,3,7,2,840.7693,1 4,North,2,5,79
3,3,7,1,841.4011,1 3,North,2,5,79
3,3,7,6,841.8,1 3,North,2,6,79
3,3,7,3,842.23,1 4,North,2,6,79
3,3,7,4,842.7754,2 4,North,2,6,79
3,3,7,4,843.4122,3 4,North,2,6,79
3,3,7,4,844.0161,4 4,North,2,6,79
3,3,7,1,844.5946,4 3,North,2,6,79
3,3,7,1,845.1399,4 2,North,2,6,79
3,3,7,1,845.6942,4 2,North,2,6,80
3,3,7,2,846.6224,3 2,North,2,6,80
3,3,7,1,848.9328,3 1,North,2,6,80
3,3,7,6,849.34,3 1,North,2,7,80
3,3,7,3,850.0049,3 2,North,2,7,80
3,3,7,4,850.6409,4 2,North,2,7,80
3,3,7,3,851.2037,4 3,North,2,7,80
3,3,7,3,852.183,4 4,North,2,7,80
3,3,7,2,852.8682,3 4,North,2,7,80
3,3,7,2,853.7975,2 4,North,2,7,80
3,3,7,2,854.5287,1 4,North,2,7,80
3,3,7,6,854.92,1 4,North,2,8,80
0,3,8,2,858.3255,3 4,North,2,0,80
0,3,8,2,859.9768,2 4,North,2,0,80
0,3,8,2,861.0617,1 4,North,2,0,80
0,3,8,2,862.7362,0 4,North,2,0,80
0,3,8,1,863.5716,0 4,West,2,0,80
0,3,8,1,864.5107,0 4,South,2,0,80
0,3,8,2,865.2308,1 4,South,2,0,80
0,3,8,3,865.9879,1 4,West,2,0,80
0,3,8,2,866.5113,1 3,West,2,0,80
0,3,8,1,867.3159,1 3,South,2,0,80
0,3,8,2,867.9408,2 3,South,2,0,80
0,3,8,3,868.7048,2 3,West,2,0,80
0,3,8,2,871.2951,2 2,West,2,0,80
0,3,8,3,871.9346,2 2,North,2,0,80
0,3,8,2,872.6083,1 2,North,2,0,80
0,3,8,6,872.98,1 2,North,2,1,80
0,3,8,2,874.0486,0 2,North,2,1,80
0,3,8,1,874.8213,0 2,West,2,1,80
0,3,8,2,876.2923,0 1,West,2,1,80
0,3,8,1,877.1593,0 1,South,2,1,80
0,3,8,1,877.8748,0 1,East,2,1,80
0,3,8,2,878.8397,0 2,East,2,1,80
0,3,8,3,879.4904,0 2,South,2,1,80
0,3,8,3,880.9026,0 2,West,2,1,80
0,3,8,1,881.9055,0 2,South,2,1,80
0,3,8,2,882.9125,1 2,South,2,1,80
0,3,8,2,883.6839,2 2,South,2,1,80
0,3,8,1,884.3095,2 2,East,2,1,80
0,3,8,2,885.1034,2 3,East,2,1,80
0,3,8,1,885.6645,2 3,North,2,1,80
0,3,8,2,886.2316,1 3,North,2,1,80
0,3,8,3,887.2207,1 3,East,2,1,80
0,3,8,2,887.8251,1 4,East,2,1,80
0,3,8,3,888.4478,1 4,South,2,1,80
0,3,8,2,889.0129,2 4,South,2,1,80
0,3,8,6,889.4,2 4,South,2,2,80
0,3,8,2,890.1957,3 4,South,2,2,80
0,3,8,2,890.8849,4 4,South,2,2,80
0,3,8,3,891.4321,4 4,West,2,2,80
0,3,8,2,893.312,4 3,West,2,2,80
0,3,8,2,894.1802,4 2,West,2,2,80
0,3,8,3,894.8052,4 2,North,2,2,80
0,3,8,2,895.5418,3 2,North,2,2,80
0,3,8,1,896.054,3 2,West,2,2,80
0,3,8,3,897.1744,3 2,North,2,2,80
0,3,8,3,897.7604,3 2,East,2,2,80
0,3,8,1,898.6772,3 2,North,2,2,80
0,3,8,1,899.347,3 2,West,2,2,80
0,3,8,2,899.9273,3 1,West,2,2,80
0,3,8,3,900.4384,3 1,North,2,2,80
0,3,8,2,900.9662,2 1,North,2,2,80
0,3,8,2,901.6018,1 1,North,2,2,80
0,3,8,1,902.5501,1 1,West,2,2,80
0,3,8,2,903.2181,1 0,West,2,2,80
0,3,8,1,903.8597,1 0,South,2,2,80
0,3,8,2,904.6147,2 0,South,2,2,80
0,3,8,2,905.3024,3 0,South,2,2,80
0,3,8,6,905.68,3 0,South,2,3,80
0,3,8,2,906.9622,4 0,South,2,3,80
0,3,8,1,907.5999,4 0,East,2,3,80
0,3,8,1,908.5151,4 0,North,2,3,80
0,3,8,2,909.6207,3 0,North,2,3,80
0,3,8,2,910.7211,2 0,North,2,3,80
0,3,8,2,912.2594,1 0,North,2,3,80
0,3,8,3,912.8459,1 0,East,2,3,80
0,3,8,2,913.6363,1 1,East,2,3,80
0,3,8,3,914.2404,1 1,South,2,3,80
0,3,8,2,914.9017,2 1,South,2,3,80
0,3,8,2,915.7479,3 1,South,2,3,80
0,3,8,1,916.6915,3 1,East,2,3,80
0,3,8,2,917.3315,3 2,East,2,3,80
0,3,8,3,917.9661,3 2,South,2,3,80
0,3,8,2,918.7596,4 2,South,2,3,80
0,3,8,1,919.2967,4 2,East,2,3,80
0,3,8,2,919.9345,4 3,East,2,3,80
0,3,8,2,920.6428,4 4,East,2,3,80
0,3,8,1,921.2065,4 4,North,2,3,80
0,3,8,2,921.7508,3 4,North,2,3,80
0,3,8,2,922.3673,2 4,North,2,3,80
0,3,8,2,922.9185,1 4,North,2,3,80
0,3,8,2,923.8097,0 4,North,2,3,80
0,3,8,1,924.4684,0 4,West,2,3,80
0,3,8,2,924.998,0 3,West,2,3,80
0,3,8,6,925.4,0 3,West,2,4,80
0,3,8,1,926.1319,0 3,South,2,4,80
0,3,8,1,926.6718,0 3,East,2,4,80
0,3,8,2,927.4941,0 4,East,2,4,80
0,3,8,3,928.2308,0 4,South,2,4,80
0,3,8,2,928.8332,1 4,South,2,4,80
0,3,8,3,929.506,1 4,West,2,4,80
0,3,8,2,930.319,1 3,West,2,4,80
0,3,8,1,930.9311,1 3,South,2,4,80
0,3,8,2,931.5525,2 3,South,2,4,80
0,3,8,3,932.1332,2 3,West,2,4,80
0,3,8,2,932.7198,2 2,West,2,4,80
0,3,8,3,933.2681,2 2,North,2,4,80
0,3,8,2,933.7963,1 2,North,2,4,80
0,3,8,2,934.4205,0 2,North,2,4,80
0,3,8,1,935.2943,0 2,West,2,4,80
0,3,8,2,935.9246,0 1,West,2,4,80
0,3,8,2,936.6601,0 0,West,2,4,80
0,3,8,6,937.08,0 0,West,2,5,80
0,3,8,1,938.1298,0 0,South,2,5,80
0,3,8,1,938.8961,0 0,East,2,5,80
0,3,8,2,939.7004,0 1,East,2,5,80
0,3,8,2,940.3991,0 2,East,2,5,80
0,3,8,3,940.9764,0 2,South,2,5,80
0,3,8,2,941.6405,1 2,South,2,5,80
0,3,8,2,942.343,2 2,South,2,5,80
0,3,8,1,942.9023,2 2,East,2,5,80
0,3,8,2,944.7119,2 3,East,2,5,80
0,3,8,1,945.27,2 3,North,2,5,80
0,3,8,2,947.5614,1 3,North,2,5,80
0,3,8,3,948.1176,1 3,East,2,5,80
0,3,8,2,948.8795,1 4,East,2,5,80
0,3,8,3,949.399,1 4,South,2,5,80
0,3,8,2,950.6567,2 4,South,2,5,80
0,3,8,1,951.6506,2 4,East,2,5,80
0,3,8,1,952.2095,2 4,North,2,5,80
0,3,8,1,953.4788,2 4,West,2,5,80
0,3,8,1,954.5654,2 4,South,2,5,80
0,3,8,3,955.4269,2 4,West,2,5,80
0,3,8,3,956.288,2 4,North,2,5,80
0,3,8,1,957.2561,2 4,West,2,5,80
0,3,8,1,957.9345,2 4,South,2,5,80
0,3,8,2,958.5309,3 4,South,2,5,80
0,3,8,2,959.1111,4 4,South,2,5,80
0,3,8,3,959.8451,4 4,West,2,5,80
0,3,8,2,960.3868,4 3,West,2,5,80
0,3,8,6,960.8,4 3,West,2,6,80
0,3,8,2,961.2523,4 2,West,2,6,80
0,3,8,3,961.7661,4 2,North,2,6,80
0,3,8,2,962.8384,3 2,North,2,6,80
0,3,8,1,963.5024,3 2,West,2,6,80
0,3,8,2,964.1768,3 1,West,2,6,80
0,3,8,3,964.7546,3 1,North,2,6,80
0,3,8,2,965.4307,2 1,North,2,6,80
0,3,8,2,966.0821,1 1,North,2,6,80
0,3,8,1,966.7875,1 1,West,2,6,80
0,3,8,2,967.7514,1 0,West,2,6,80
0,3,8,1,968.3569,1 0,South,2,6,80
0,3,8,2,969.8416,2 0,South,2,6,80
0,3,8,2,970.5151,3 0,South,2,6,80
0,3,8,2,971.3744,4 0,South,2,6,80
0,3,8,1,972.1307,4 0,East,2,6,80
0,3,8,1,972.9803,4 0,North,2,6,80
0,3,8,2,973.5998,3 0,North,2,6,80
0,3,8,2,974.2251,2 0,North,2,6,80
0,3,8,2,974.9584,1 0,North,2,6,80
0,3,8,3,975.5511,1 0,East,2,6,80
0,3,8,2,976.2562,1 1,East,2,6,80
0,3,8,3,976.8486,1 1,South,2,6,80
0,3,8,2,977.3948,2 1,South,2,6,80
0,3,8,2,978.1116,3 1,South,2,6,80
0,3,8,1,978.6878,3 1,East,2,6,80
0,3,8,2,979.2475,3 2,East,2,6,80
0,3,8,3,979.9081,3 2,South,2,6,80
0,3,8,2,980.4224,4 2,South,2,6,80
0,3,8,1,981.1094,4 2,East,2,6,80
0,3,8,2,981.6505,4 3,East,2,6,80
0,3,8,2,982.3239,4 4,East,2,6,80
0,3,8,1,982.8626,4 4,North,2,6,80
0,3,8,2,983.5415,3 4,North,2,6,80
0,3,8,2,984.2263,2 4,North,2,6,80
0,3,8,2,984.8483,1 4,North,2,6,80
0,3,8,2,985.591,0 4,North,2,6,80
0,3,8,1,986.1753,0 4,West,2,6,80
0,3,8,1,987.2344,0 4,South,2,6,80
0,3,8,2,988.002,1 4,South,2,6,80
0,3,8,3,989.1997,1 4,West,2,6,80
0,3,8,3,990.0953,1 4,North,2,6,80
0,3,8,1,990.8378,1 4,West,2,6,80
0,3,8,2,991.5869,1 3,West,2,6,80
0,3,8,1,992.3195,1 3,South,2,6,80
0,3,8,2,992.9185,2 3,South,2,6,80
0,3,8,3,993.5561,2 3,West,2,6,80
0,3,8,2,994.1829,2 2,West,2,6,80
0,3,8,3,994.772,2 2,North,2,6,80
0,3,8,2,995.3973,1 2,North,2,6,80
0,3,8,2,995.9229,0 2,North,2,6,80
0,3,8,1,996.5026,0 2,West,2,6,80
0,3,8,2,997.0593,0 1,West,2,6,80
0,3,8,6,997.46,0 1,West,2,7,80
0,3,8,1,998.2103,0 1,South,2,7,80
0,3,8,1,998.7873,0 1,East,2,7,80
0,3,8,2,999.3624,0 2,East,2,7,80
0,3,8,3,999.9036,0 2,South,2,7,80
0,3,8,2,1000.495,1 2,South,2,7,80
0,3,8,2,1001.151,2 2,South,2,7,80
0,3,8,1,1001.702,2 2,East,2,7,80
0,3,8,2,1002.244,2 3,East,2,7,80
0,3,8,1,1002.768,2 3,North,2,7,80
0,3,8,2,1003.298,1 3,North,2,7,80
0,3,8,6,1003.68,1 3,North,2,8,80
3,3,8,2,1009.056,3 4,North,2,0,0
3,3,8,2,1009.651,2 4,North,2,0,0
3,3,8,6,1010.04,2 4,North,2,1,0
3,3,8,2,1012.31,1 4,North,2,1,0
3,3,8,1,1014.291,1 3,North,2,1,0
3,3,8,1,1016.095,1 3,North,2,1,1
3,3,8,4,1016.674,2 3,North,2,1,1
3,3,8,1,1017.569,2 2,North,2,1,1
3,3,8,2,1021.015,1 2,North,2,1,1
3,3,8,1,1023.671,1 2,North,2,1,2
3,3,8,4,1024.276,2 2,North,2,1,2
3,3,8,1,1024.917,2 2,North,2,1,3
3,3,8,2,1025.653,1 2,North,2,1,3
3,3,8,2,1026.383,0 2,North,2,1,3
3,3,8,1,1027.135,0 1,North,2,1,3
3,3,8,6,1027.54,0 1,North,2,2,3
3,3,8,3,1028.32,0 2,North,2,2,3
3,3,8,4,1028.935,1 2,North,2,2,3
3,3,8,4,1029.605,2 2,North,2,2,3
3,3,8,1,1030.852,2 2,North,2,2,4
3,3,8,4,1031.455,2 2,North,2,2,5
3,3,8,3,1032.704,2 3,North,2,2,5
3,3,8,3,1034.311,2 3,North,2,2,6
3,3,8,1,1035.092,2 2,North,2,2,6
3,3,8,3,1035.8,2 3,North,2,2,6
3,3,8,4,1036.398,2 3,North,2,2,7
3,3,8,1,1037.105,2 2,North,2,2,7
3,3,8,4,1037.858,2 2,North,2,2,8
3,3,8,1,1038.776,2 2,North,2,2,9
3,3,8,1,1039.463,2 2,North,2,2,10
3,3,8,4,1040.126,2 2,North,2,2,11
3,3,8,4,1040.741,2 2,North,2,2,12
3,3,8,3,1041.268,2 3,North,2,2,12
3,3,8,3,1042.415,2 3,North,2,2,13
3,3,8,2,1042.915,1 3,North,2,2,13
3,3,8,3,1043.504,1 4,North,2,2,13
3,3,8,3,1044.176,1 4,North,2,2,13
3,3,8,4,1044.711,2 4,North,2,2,13
3,3,8,4,1045.348,3 4,North,2,2,13
3,3,8,4,1045.993,4 4,North,2,2,13
3,3,8,1,1046.864,4 3,North,2,2,13
3,3,8,1,1047.573,4 2,North,2,2,13
3,3,8,1,1048.437,4 2,North,2,2,14
3,3,8,2,1049.04,3 2,North,2,2,14
3,3,8,1,1051.001,3 1,North,2,2,14
3,3,8,1,1052.031,3 1,North,2,2,15
3,3,8,4,1052.608,3 1,North,2,2,16
3,3,8,2,1053.987,2 1,North,2,2,16
3,3,8,1,1054.719,2 1,North,2,2,17
3,3,8,2,1055.763,1 1,North,2,2,17
3,3,8,1,1056.535,1 0,North,2,2,17
3,3,8,4,1057.206,2 0,North,2,2,17
3,3,8,4,1057.873,3 0,North,2,2,17
3,3,8,6,1058.24,3 0,North,2,3,17
3,3,8,2,1058.757,2 0,North,2,3,17
3,3,8,2,1059.526,1 0,North,2,3,17
3,3,8,3,1060.335,1 1,North,2,3,17
3,3,8,4,1062.303,2 1,North,2,3,17
3,3,8,3,1064.246,2 1,North,2,3,18
3,3,8,2,1064.735,1 1,North,2,3,18
3,3,8,3,1065.376,1 1,North,2,3,19
3,3,8,4,1066.342,2 1,North,2,3,19
3,3,8,4,1067.055,3 1,North,2,3,19
3,3,8,3,1067.81,3 2,North,2,3,19
3,3,8,3,1069.183,3 3,North,2,3,19
3,3,8,4,1070.023,3 3,North,2,3,20
3,3,8,3,1071.173,3 3,North,2,3,21
3,3,8,2,1072.103,3 3,North,2,3,22
3,3,8,1,1073.279,3 2,North,2,3,22
3,3,8,4,1073.969,4 2,North,2,3,22
3,3,8,3,1074.705,4 3,North,2,3,22
3,3,8,6,1075.1,4 3,North,2,4,22
3,3,8,1,1075.737,4 2,North,2,4,22
3,3,8,2,1076.6,3 2,North,2,4,22
3,3,8,1,1078.456,3 1,North,2,4,22
3,3,8,2,1081.058,2 1,North,2,4,22
3,3,8,1,1081.875,2 1,North,2,4,23
3,3,8,4,1082.626,3 1,North,2,4,23
3,3,8,1,1083.348,3 1,North,2,4,24
3,3,8,2,1083.907,2 1,North,2,4,24
3,3,8,2,1084.547,1 1,North,2,4,24
3,3,8,1,1085.122,1 0,North,2,4,24
3,3,8,4,1085.635,2 0,North,2,4,24
3,3,8,6,1086,2 0,North,2,5,24
3,3,8,2,1086.193,1 0,North,2,5,24
3,3,8,3,1086.723,1 1,North,2,5,24
3,3,8,3,1087.312,1 1,North,2,5,25
3,3,8,4,1087.928,2 1,North,2,5,25
3,3,8,3,1088.662,2 1,North,2,5,26
3,3,8,4,1089.575,3 1,North,2,5,26
3,3,8,3,1090.152,3 2,North,2,5,26
3,3,8,4,1090.77,4 2,North,2,5,26
3,3,8,6,1091.12,4 2,North,2,6,26
3,3,8,2,1091.807,3 2,North,2,6,26
3,3,8,1,1093.298,3 1,North,2,6,26
3,3,8,2,1094.758,2 1,North,2,6,26
3,3,8,3,1095.397,2 1,North,2,6,27
3,3,8,4,1096.208,3 1,North,2,6,27
3,3,8,3,1096.819,3 2,North,2,6,27
3,3,8,2,1097.424,3 2,North,2,6,28
3,3,8,1,1098.115,3 1,North,2,6,28
3,3,8,1,1098.744,3 1,North,2,6,29
3,3,8,2,1099.977,2 1,North,2,6,29
3,3,8,2,1101.248,1 1,North,2,6,29
3,3,8,3,1102.273,1 1,North,2,6,30
3,3,8,2,1105.155,1 1,North,2,6,31
3,3,8,1,1106.039,1 0,North,2,6,31
3,3,8,4,1106.839,2 0,North,2,6,31
3,3,8,3,1107.455,2 0,North,2,6,32
3,3,8,4,1108.053,3 0,North,2,6,32
3,3,8,3,1108.64,3 0,North,2,6,33
3,3,8,2,1109.353,2 0,North,2,6,33
3,3,8,3,1110.419,2 0,North,2,6,34
3,3,8,4,1111.047,3 0,North,2,6,34
3,3,8,3,1111.63,3 0,North,2,6,35
3,3,8,4,1112.419,4 0,North,2,6,35
3,3,8,3,1113.27,4 1,North,2,6,35
3,3,8,3,1113.951,4 1,North,2,6,36
3,3,8,2,1114.646,4 1,North,2,6,37
3,3,8,3,1116.323,4 1,North,2,6,38
3,3,8,1,1116.851,4 0,North,2,6,38
3,3,8,2,1117.507,3 0,North,2,6,38
3,3,8,2,1118.223,2 0,North,2,6,38
3,3,8,2,1119.391,1 0,North,2,6,38
3,3,8,3,1120.081,1 1,North,2,6,38
3,3,8,4,1121.665,2 1,North,2,6,38
3,3,8,3,1122.639,2 1,North,2,6,39
3,3,8,2,1123.348,1 1,North,2,6,39
3,3,8,4,1124.12,2 1,North,2,6,39
3,3,8,4,1124.785,3 1,North,2,6,39
3,3,8,3,1125.983,3 2,North,2,6,39
3,3,8,2,1126.949,3 2,North,2,6,40
3,3,8,3,1127.562,3 3,North,2,6,40
3,3,8,3,1128.434,3 3,North,2,6,41
3,3,8,2,1129.329,3 3,North,2,6,42
3,3,8,4,1130.414,3 3,North,2,6,43
3,3,8,3,1131.319,3 3,North,2,6,44
3,3,8,1,1131.859,3 2,North,2,6,44
3,3,8,4,1133.844,4 2,North,2,6,44
3,3,8,1,1134.544,4 2,North,2,6,45
3,3,8,2,1135.157,3 2,North,2,6,45
3,3,8,1,1136.23,3 1,North,2,6,45
3,3,8,2,1137.074,2 1,North,2,6,45
3,3,8,2,1137.922,1 1,North,2,6,45
3,3,8,3,1138.905,1 1,North,2,6,46
3,3,8,2,1139.349,1 1,North,2,6,47
3,3,8,2,1139.909,1 1,North,2,6,48
3,3,8,2,1140.929,1 1,North,2,6,49
3,3,8,1,1141.583,1 0,North,2,6,49
3,3,8,2,1142.26,1 0,North,2,6,50
3,3,8,3,1143.347,1 1,North,2,6,50
3,3,8,4,1144.019,2 1,North,2,6,50
3,3,8,4,1145.396,3 1,North,2,6,50
3,3,8,4,1146.177,3 1,North,2,6,51
3,3,8,3,1147.303,3 2,North,2,6,51
3,3,8,3,1148.179,3 3,North,2,6,51
3,3,8,3,1148.855,3 3,North,2,6,52
3,3,8,4,1150.152,3 3,North,2,6,53
3,3,8,1,1150.689,3 2,North,2,6,53
3,3,8,4,1151.48,4 2,North,2,6,53
3,3,8,3,1152.566,4 3,North,2,6,53
3,3,8,3,1153.204,4 4,North,2,6,53
3,3,8,2,1153.862,3 4,North,2,6,53
3,3,8,2,1154.579,2 4,North,2,6,53
3,3,8,1,1155.296,2 4,North,2,6,54
3,3,8,2,1155.94,1 4,North,2,6,54
3,3,8,1,1156.627,1 3,North,2,6,54
3,3,8,4,1157.442,2 3,North,2,6,54
3,3,8,1,1158.113,2 2,North,2,6,54
3,3,8,6,1158.52,2 2,North,2,7,54
3,3,8,3,1158.929,2 3,North,2,7,54
3,3,8,2,1159.506,1 3,North,2,7,54
3,3,8,3,1160.067,1 4,North,2,7,54
3,3,8,4,1160.767,2 4,North,2,7,54
3,3,8,4,1161.561,3 4,North,2,7,54
3,3,8,4,1162.327,4 4,North,2,7,54
3,3,8,1,1163.011,4 3,North,2,7,54
3,3,8,1,1163.843,4 2,North,2,7,54
3,3,8,1,1164.613,4 2,North,2,7,55
3,3,8,2,1165.383,3 2,North,2,7,55
3,3,8,1,1166.079,3 1,North,2,7,55
3,3,8,2,1166.929,2 1,North,2,7,55
3,3,8,1,1167.599,2 1,North,2,7,56
3,3,8,4,1168.405,3 1,North,2,7,56
3,3,8,1,1169.145,3 1,North,2,7,57
3,3,8,2,1169.815,2 1,North,2,7,57
3,3,8,2,1170.452,1 1,North,2,7,57
3,3,8,1,1171.157,1 0,North,2,7,57
3,3,8,4,1171.848,2 0,North,2,7,57
3,3,8,4,1172.567,3 0,North,2,7,57
3,3,8,4,1173.284,4 0,North,2,7,57
3,3,8,6,1173.64,4 0,North,2,8,57
0,3,9,2,1176.563,3 4,North,2,0,57
0,3,9,2,1177.222,2 4,North,2,0,57
0,3,9,2,1177.974,1 4,North,2,0,57
0,3,9,2,1178.629,0 4,North,2,0,57
0,3,9,1,1179.333,0 4,West,2,0,57
0,3,9,1,1180.335,0 4,South,2,0,57
0,3,9,2,1181.139,1 4,South,2,0,57
0,3,9,3,1181.714,1 4,West,2,0,57
0,3,9,2,1182.423,1 3,West,2,0,57
0,3,9,1,1183.2,1 3,South,2,0,57
0,3,9,2,1183.891,2 3,South,2,0,57
0,3,9,3,1184.422,2 3,West,2,0,57
0,3,9,2,1185.428,2 2,West,2,0,57
0,3,9,3,1185.96,2 2,North,2,0,57
0,3,9,2,1186.498,1 2,North,2,0,57
0,3,9,2,1187.105,0 2,North,2,0,57
0,3,9,1,1187.633,0 2,West,2,0,57
0,3,9,2,1188.273,0 1,West,2,0,57
0,3,9,1,1188.916,0 1,South,2,0,57
0,3,9,1,1189.426,0 1,East,2,0,57
0,3,9,2,1189.974,0 2,East,2,0,57
0,3,9,3,1190.772,0 2,South,2,0,57
0,3,9,2,1191.332,1 2,South,2,0,57
0,3,9,2,1191.959,2 2,South,2,0,57
0,3,9,1,1192.648,2 2,East,2,0,57
0,3,9,2,1193.264,2 3,East,2,0,57
0,3,9,1,1193.839,2 3,North,2,0,57
0,3,9,2,1194.814,1 3,North,2,0,57
0,3,9,3,1195.352,1 3,East,2,0,57
0,3,9,2,1195.925,1 4,East,2,0,57
0,3,9,3,1196.694,1 4,South,2,0,57
0,3,9,2,1197.268,2 4,South,2,0,57
0,3,9,2,1197.919,3 4,South,2,0,57
0,3,9,2,1198.772,4 4,South,2,0,57
0,3,9,3,1199.508,4 4,West,2,0,57
0,3,9,2,1200.037,4 3,West,2,0,57
0,3,9,2,1200.915,4 2,West,2,0,57
0,3,9,3,1201.663,4 2,North,2,0,57
0,3,9,2,1202.432,3 2,North,2,0,57
0,3,9,6,1202.82,3 2,North,2,1,57
0,3,9,1,1202.961,3 2,West,2,1,57
0,3,9,2,1203.489,3 1,West,2,1,57
0,3,9,3,1204.228,3 1,North,2,1,57
0,3,9,2,1204.757,2 1,North,2,1,57
0,3,9,2,1205.363,1 1,North,2,1,57
0,3,9,1,1206.225,1 1,West,2,1,57
0,3,9,2,1206.864,1 0,West,2,1,57
0,3,9,6,1207.28,1 0,West,2,2,57
0,3,9,1,1207.479,1 0,South,2,2,57
0,3,9,2,1208.223,2 0,South,2,2,57
0,3,9,2,1208.789,3 0,South,2,2,57
0,3,9,2,1209.589,4 0,South,2,2,57
0,3,9,1,1210.165,4 0,East,2,2,57
0,3,9,1,1211.236,4 0,North,2,2,57
0,3,9,2,1211.957,3 0,North,2,2,57
0,3,9,2,1212.663,2 0,North,2,2,57
0,3,9,2,1213.343,1 0,North,2,2,57
0,3,9,3,1213.861,1 0,East,2,2,57
0,3,9,2,1214.545,1 1,East,2,2,57
0,3,9,3,1215.17,1 1,South,2,2,57
0,3,9,2,1215.908,2 1,South,2,2,57
0,3,9,2,1216.582,3 1,South,2,2,57
0,3,9,1,1217.397,3 1,East,2,2,57
0,3,9,2,1218.118,3 2,East,2,2,57
0,3,9,3,1218.695,3 2,South,2,2,57
0,3,9,2,1219.571,4 2,South,2,2,57
0,3,9,1,1220.178,4 2,East,2,2,57
0,3,9,2,1220.706,4 3,East,2,2,57
0,3,9,2,1221.38,4 4,East,2,2,57
0,3,9,1,1222.034,4 4,North,2,2,57
0,3,9,2,1222.64,3 4,North,2,2,57
0,3,9,2,1223.254,2 4,North,2,2,57
0,3,9,2,1223.895,1 4,North,2,2,57
0,3,9,1,1224.691,1 4,West,2,2,57
0,3,9,3,1225.219,1 4,North,2,2,57
0,3,9,1,1226.21,1 4,West,2,2,57
0,3,9,2,1226.976,1 3,West,2,2,57
0,3,9,1,1227.496,1 3,South,2,2,57
0,3,9,2,1228.009,2 3,South,2,2,57
0,3,9,3,1228.865,2 3,West,2,2,57
0,3,9,2,1229.395,2 2,West,2,2,57
0,3,9,6,1229.8,2 2,West,2,3,57
0,3,9,3,1229.987,2 2,North,2,3,57
0,3,9,2,1230.548,1 2,North,2,3,57
0,3,9,2,1231.154,0 2,North,2,3,57
0,3,9,1,1231.712,0 2,West,2,3,57
0,3,9,2,1232.305,0 1,West,2,3,57
0,3,9,1,1232.949,0 1,South,2,3,57
0,3,9,1,1233.651,0 1,East,2,3,57
0,3,9,2,1234.208,0 2,East,2,3,57
0,3,9,3,1234.768,0 2,South,2,3,57
0,3,9,2,1235.28,1 2,South,2,3,57
0,3,9,2,1235.908,2 2,South,2,3,57
0,3,9,1,1236.45,2 2,East,2,3,57
0,3,9,2,1237.074,2 3,East,2,3,57
0,3,9,1,1237.672,2 3,North,2,3,57
0,3,9,2,1238.227,1 3,North,2,3,57
0,3,9,3,1238.803,1 3,East,2,3,57
0,3,9,2,1239.376,1 4,East,2,3,57
0,3,9,3,1239.893,1 4,South,2,3,57
0,3,9,2,1240.424,2 4,South,2,3,57
0,3,9,2,1241.029,3 4,South,2,3,57
0,3,9,2,1241.651,4 4,South,2,3,57
0,3,9,3,1242.559,4 4,West,2,3,57
0,3,9,2,1243.106,4 3,West,2,3,57
0,3,9,2,1243.727,4 2,West,2,3,57
0,3,9,3,1244.339,4 2,North,2,3,57
0,3,9,2,1244.85,3 2,North,2,3,57
0,3,9,1,1245.747,3 2,West,2,3,57
0,3,9,2,1246.36,3 1,West,2,3,57
0,3,9,3,1247.103,3 1,North,2,3,57
0,3,9,2,1247.652,2 1,North,2,3,57
0,3,9,2,1248.402,1 1,North,2,3,57
0,3,9,6,1248.78,1 1,North,2,4,57
0,3,9,1,1249.104,1 1,West,2,4,57
0,3,9,2,1249.778,1 0,West,2,4,57
0,3,9,1,1250.352,1 0,South,2,4,57
0,3,9,2,1250.929,2 0,South,2,4,57
0,3,9,6,1251.3,2 0,South,2,5,57
0,3,9,1,1251.879,2 0,East,2,5,57
0,3,9,3,1252.501,2 0,South,2,5,57
0,3,9,2,1253.077,3 0,South,2,5,57
0,3,9,2,1253.777,4 0,South,2,5,57
0,3,9,1,1254.294,4 0,East,2,5,57
0,3,9,2,1254.995,4 1,East,2,5,57
0,3,9,1,1255.777,4 1,North,2,5,57
0,3,9,1,1256.451,4 1,West,2,5,57
0,3,9,2,1257.008,4 0,West,2,5,57
0,3,9,3,1257.639,4 0,North,2,5,57
0,3,9,3,1258.518,4 0,East,2,5,57
0,3,9,1,1259.504,4 0,North,2,5,57
0,3,9,2,1260.273,3 0,North,2,5,57
0,3,9,3,1261.144,3 0,East,2,5,57
0,3,9,1,1262.673,3 0,North,2,5,57
0,3,9,2,1263.535,2 0,North,2,5,57
0,3,9,2,1264.177,1 0,North,2,5,57
0,3,9,3,1264.772,1 0,East,2,5,57
0,3,9,2,1265.812,1 1,East,2,5,57
0,3,9,3,1266.4,1 1,South,2,5,57
0,3,9,2,1267.137,2 1,South,2,5,57
0,3,9,2,1267.781,3 1,South,2,5,57
0,3,9,1,1268.656,3 1,East,2,5,57
0,3,9,2,1269.411,3 2,East,2,5,57
0,3,9,2,1270.067,3 3,East,2,5,57
0,3,9,6,1270.48,3 3,East,2,6,57
0,3,9,3,1271.764,3 3,South,2,6,57
0,3,9,3,1272.305,3 3,West,2,6,57
0,3,9,2,1273.024,3 2,West,2,6,57
0,3,9,2,1273.62,3 1,West,2,6,57
0,3,9,6,1274.02,3 1,West,2,7,57
0,3,9,1,1274.294,3 1,South,2,7,57
0,3,9,1,1274.882,3 1,East,2,7,57
0,3,9,2,1275.606,3 2,East,2,7,57
0,3,9,3,1276.593,3 2,South,2,7,57
0,3,9,2,1277.219,4 2,South,2,7,57
0,3,9,1,1277.812,4 2,East,2,7,57
0,3,9,2,1278.366,4 3,East,2,7,57
0,3,9,2,1279.024,4 4,East,2,7,57
0,3,9,1,1279.617,4 4,North,2,7,57
0,3,9,2,1280.191,3 4,North,2,7,57
0,3,9,2,1280.832,2 4,North,2,7,57
0,3,9,2,1281.426,1 4,North,2,7,57
0,3,9,2,1282.064,0 4,North,2,7,57
0,3,9,1,1282.58,0 4,West,2,7,57
0,3,9,1,1283.136,0 4,South,2,7,57
0,3,9,2,1283.839,1 4,South,2,7,57
0,3,9,3,1284.743,1 4,West,2,7,57
0,3,9,2,1285.62,1 3,West,2,7,57
0,3,9,1,1286.254,1 3,South,2,7,57
0,3,9,2,1286.962,2 3,South,2,7,57
0,3,9,6,1287.34,2 3,South,2,8,57
3,3,9,1,1291.385,4 3,North,2,0,0
3,3,9,2,1292.351,4 3,North,2,0,1
3,3,9,1,1293.505,4 2,North,2,0,1
3,3,9,2,1294.623,3 2,North,2,0,1
3,3,9,3,1295.567,3 3,North,2,0,1
3,3,9,6,1295.98,3 3,North,2,1,1
3,3,9,1,1297.172,3 2,North,2,1,1
3,3,9,1,1298.084,3 1,North,2,1,1
3,3,9,2,1298.822,2 1,North,2,1,1
3,3,9,2,1299.656,1 1,North,2,1,1
3,3,9,1,1300.47,1 0,North,2,1,1
3,3,9,6,1300.88,1 0,North,2,2,1
3,3,9,3,1301.425,1 1,North,2,2,1
3,3,9,4,1302.613,2 1,North,2,2,1
3,3,9,4,1303.524,3 1,North,2,2,1
3,3,9,6,1303.88,3 1,North,2,3,1
3,3,9,3,1305.496,3 2,North,2,3,1
3,3,9,2,1306.551,3 2,North,2,3,2
3,3,9,3,1307.079,3 3,North,2,3,2
3,3,9,3,1307.894,3 3,North,2,3,3
3,3,9,4,1309.586,3 3,North,2,3,4
3,3,9,1,1310.388,3 2,North,2,3,4
3,3,9,4,1311.047,4 2,North,2,3,4
3,3,9,4,1311.625,4 2,North,2,3,4
3,3,9,3,1311.975,4 3,North,2,3,4
3,3,9,3,1312.566,4 4,North,2,3,4
3,3,9,2,1313.183,3 4,North,2,3,4
3,3,9,2,1313.826,2 4,North,2,3,4
3,3,9,1,1314.462,2 4,North,2,3,5
3,3,9,2,1315.104,1 4,North,2,3,5
3,3,9,1,1315.799,1 3,North,2,3,5
3,3,9,4,1316.659,2 3,North,2,3,5
3,3,9,1,1317.363,2 2,North,2,3,5
3,3,9,6,1317.78,2 2,North,2,4,5
3,3,9,3,1318.24,2 3,North,2,4,5
3,3,9,2,1318.802,1 3,North,2,4,5
3,3,9,3,1319.865,1 4,North,2,4,5
3,3,9,4,1320.805,2 4,North,2,4,5
3,3,9,4,1321.634,3 4,North,2,4,5
3,3,9,4,1322.448,4 4,North,2,4,5
3,3,9,1,1323.094,4 3,North,2,4,5
3,3,9,1,1324.227,4 2,North,2,4,5
3,3,9,2,1324.863,3 2,North,2,4,5
3,3,9,1,1325.615,3 1,North,2,4,5
3,3,9,2,1326.47,2 1,North,2,4,5
3,3,9,2,1327.443,1 1,North,2,4,5
3,3,9,6,1327.82,1 1,North,2,5,5
3,3,9,4,1328.467,2 1,North,2,5,5
3,3,9,4,1329.167,3 1,North,2,5,5
3,3,9,3,1329.777,3 2,North,2,5,5
3,3,9,6,1330.18,3 2,North,2,6,5
3,3,9,1,1330.768,3 1,North,2,6,5
3,3,9,2,1331.431,2 1,North,2,6,5
3,3,9,2,1332.079,1 1,North,2,6,5
3,3,9,2,1333.002,1 1,North,2,6,6
3,3,9,1,1333.477,1 0,North,2,6,6
3,3,9,2,1334.147,1 0,North,2,6,7
3,3,9,3,1334.634,1 1,North,2,6,7
3,3,9,3,1335.271,1 1,North,2,6,8
3,3,9,4,1337.503,2 1,North,2,6,8
3,3,9,3,1338.276,2 1,North,2,6,9
3,3,9,4,1338.968,3 1,North,2,6,9
3,3,9,3,1340.816,3 2,North,2,6,9
3,3,9,3,1342.047,3 3,North,2,6,9
3,3,9,3,1343.3,3 3,North,2,6,10
3,3,9,1,1343.875,3 2,North,2,6,10
3,3,9,4,1344.44,4 2,North,2,6,10
3,3,9,3,1344.992,4 3,North,2,6,10
3,3,9,3,1345.715,4 4,North,2,6,10
3,3,9,2,1346.314,3 4,North,2,6,10
3,3,9,2,1346.88,2 4,North,2,6,10
3,3,9,2,1347.643,1 4,North,2,6,10
3,3,9,2,1348.993,0 4,North,2,6,10
3,3,9,1,1350.52,0 3,North,2,6,10
3,3,9,4,1351.169,0 3,North,2,6,11
3,3,9,1,1351.896,0 3,North,2,6,12
3,3,9,3,1352.815,0 4,North,2,6,12
3,3,9,4,1353.464,1 4,North,2,6,12
3,3,9,1,1354.128,1 3,North,2,6,12
3,3,9,1,1355.137,1 3,North,2,6,13
3,3,9,3,1356.022,1 4,North,2,6,13
3,3,9,4,1357.032,2 4,North,2,6,13
3,3,9,1,1357.608,2 4,North,2,6,14
3,3,9,2,1358.276,1 4,North,2,6,14
3,3,9,2,1358.914,0 4,North,2,6,14
3,3,9,4,1360.197,1 4,North,2,6,14
3,3,9,4,1360.772,2 4,North,2,6,14
3,3,9,1,1361.714,2 4,North,2,6,15
3,3,9,4,1362.198,3 4,North,2,6,15
3,3,9,1,1363.023,3 4,North,2,6,16
3,3,9,4,1363.576,4 4,North,2,6,16
3,3,9,1,1364.245,4 3,North,2,6,16
3,3,9,1,1364.896,4 2,North,2,6,16
3,3,9,2,1365.493,3 2,North,2,6,16
3,3,9,2,1366.099,3 2,North,2,6,17
3,3,9,1,1366.774,3 1,North,2,6,17
3,3,9,2,1367.432,2 1,North,2,6,17
3,3,9,2,1368.432,1 1,North,2,6,17
3,3,9,3,1370.305,1 1,North,2,6,18
3,3,9,2,1370.981,1 1,North,2,6,19
3,3,9,1,1371.568,1 0,North,2,6,19
3,3,9,2,1372.816,1 0,North,2,6,20
3,3,9,3,1373.368,1 1,North,2,6,20
3,3,9,1,1377.96,1 0,North,2,6,20
3,3,9,4,1379.511,2 0,North,2,6,20
3,3,9,3,1380.055,2 0,North,2,6,21
3,3,9,2,1382.513,1 0,North,2,6,21
3,3,9,3,1383.746,1 1,North,2,6,21
3,3,9,3,1384.63,1 1,North,2,6,22
3,3,9,4,1385.189,2 1,North,2,6,22
3,3,9,3,1385.793,2 1,North,2,6,23
3,3,9,3,1388.526,2 1,North,2,6,24
3,3,9,4,1388.965,3 1,North,2,6,24
3,3,9,3,1389.662,3 2,North,2,6,24
3,3,9,4,1390.384,4 2,North,2,6,24
3,3,9,3,1391.972,4 3,North,2,6,24
3,3,9,3,1392.56,4 4,North,2,6,24
3,3,9,2,1393.264,3 4,North,2,6,24
3,3,9,2,1394,2 4,North,2,6,24
3,3,9,2,1394.584,1 4,North,2,6,24
3,3,9,2,1395.352,0 4,North,2,6,24
3,3,9,1,1396.051,0 3,North,2,6,24
3,3,9,1,1397.622,0 3,North,2,6,25
3,3,9,4,1398.17,0 3,North,2,6,26
3,3,9,3,1399.126,0 4,North,2,6,26
3,3,9,4,1399.761,1 4,North,2,6,26
3,3,9,1,1400.416,1 3,North,2,6,26
3,3,9,1,1401.281,1 3,North,2,6,27
3,3,9,4,1402.133,2 3,North,2,6,27
3,3,9,1,1402.849,2 2,North,2,6,27
3,3,9,2,1403.638,1 2,North,2,6,27
3,3,9,1,1404.719,1 2,North,2,6,28
3,3,9,2,1405.414,0 2,North,2,6,28
3,3,9,1,1406.354,0 1,North,2,6,28
3,3,9,1,1407.065,0 0,North,2,6,28
3,3,9,6,1407.46,0 0,North,2,7,28
3,3,9,3,1407.807,0 1,North,2,7,28
3,3,9,3,1408.388,0 2,North,2,7,28
3,3,9,4,1409.183,1 2,North,2,7,28
3,3,9,6,1409.54,1 2,North,2,8,28
0,4,10,2,1412.952,3 4,North,2,0,28
0,4,10,2,1413.556,2 4,North,2,0,28
0,4,10,2,1414.115,1 4,North,2,0,28
0,4,10,1,1414.72,1 4,West,2,0,28
0,4,10,3,1415.287,1 4,North,2,0,28
0,4,10,2,1416.136,0 4,North,2,0,28
0,4,10,1,1416.852,0 4,West,2,0,28
0,4,10,1,1417.392,0 4,South,2,0,28
0,4,10,2,1418.046,1 4,South,2,0,28
0,4,10,3,1418.565,1 4,West,2,0,28
0,4,10,2,1419.487,1 3,West,2,0,28
0,4,10,1,1420.056,1 3,South,2,0,28
0,4,10,2,1420.738,2 3,South,2,0,28
0,4,10,6,1421.1,2 3,South,2,1,28
0,4,10,3,1421.6,2 3,West,2,1,28
0,4,10,2,1422.366,2 2,West,2,1,28
0,4,10,3,1422.983,2 2,North,2,1,28
0,4,10,2,1423.696,1 2,North,2,1,28
0,4,10,2,1424.417,0 2,North,2,1,28
0,4,10,1,1425.04,0 2,West,2,1,28
0,4,10,2,1425.874,0 1,West,2,1,28
0,4,10,1,1426.448,0 1,South,2,1,28
0,4,10,1,1427.235,0 1,East,2,1,28
0,4,10,2,1427.81,0 2,East,2,1,28
0,4,10,3,1428.351,0 2,South,2,1,28
0,4,10,2,1428.902,1 2,South,2,1,28
0,4,10,2,1429.519,2 2,South,2,1,28
0,4,10,1,1430.081,2 2,East,2,1,28
0,4,10,2,1430.728,2 3,East,2,1,28
0,4,10,1,1431.267,2 3,North,2,1,28
0,4,10,2,1432.161,1 3,North,2,1,28
0,4,10,3,1432.994,1 3,East,2,1,28
0,4,10,2,1433.558,1 4,East,2,1,28
0,4,10,3,1434.136,1 4,South,2,1,28
0,4,10,2,1434.703,2 4,South,2,1,28
0,4,10,2,1435.367,3 4,South,2,1,28
0,4,10,2,1436.019,4 4,South,2,1,28
0,4,10,3,1436.624,4 4,West,2,1,28
0,4,10,2,1437.172,4 3,West,2,1,28
0,4,10,2,1437.732,4 2,West,2,1,28
0,4,10,3,1438.639,4 2,North,2,1,28
0,4,10,2,1439.207,3 2,North,2,1,28
0,4,10,1,1439.814,3 2,West,2,1,28
0,4,10,3,1440.565,3 2,North,2,1,28
0,4,10,3,1441.156,3 2,East,2,1,28
0,4,10,1,1441.735,3 2,North,2,1,28
0,4,10,1,1442.437,3 2,West,2,1,28
0,4,10,2,1442.996,3 1,West,2,1,28
0,4,10,3,1443.559,3 1,North,2,1,28
0,4,10,2,1444.183,2 1,North,2,1,28
0,4,10,2,1444.8,1 1,North,2,1,28
0,4,10,1,1445.348,1 1,West,2,1,28
0,4,10,2,1446.008,1 0,West,2,1,28
0,4,10,1,1446.577,1 0,South,2,1,28
0,4,10,2,1447.887,2 0,South,2,1,28
0,4,10,2,1448.454,3 0,South,2,1,28
0,4,10,2,1449.157,4 0,South,2,1,28
0,4,10,1,1449.829,4 0,East,2,1,28
0,4,10,2,1450.464,4 1,East,2,1,28
0,4,10,6,1450.88,4 1,East,2,2,28
0,4,10,1,1451.616,4 1,North,2,2,28
0,4,10,1,1452.175,4 1,West,2,2,28
0,4,10,2,1452.8,4 0,West,2,2,28
0,4,10,3,1453.332,4 0,North,2,2,28
0,4,10,2,1453.958,3 0,North,2,2,28
0,4,10,2,1454.499,2 0,North,2,2,28
0,4,10,2,1455.094,1 0,North,2,2,28
0,4,10,3,1455.816,1 0,East,2,2,28
0,4,10,2,1456.385,1 1,East,2,2,28
0,4,10,3,1457.064,1 1,South,2,2,28
0,4,10,2,1457.718,2 1,South,2,2,28
0,4,10,2,1458.336,3 1,South,2,2,28
0,4,10,1,1459.091,3 1,East,2,2,28
0,4,10,2,1459.831,3 2,East,2,2,28
0,4,10,2,1460.511,3 3,East,2,2,28
0,4,10,6,1460.92,3 3,East,2,3,28
0,4,10,3,1461.824,3 3,South,2,3,28
0,4,10,3,1462.592,3 3,West,2,3,28
0,4,10,2,1463.399,3 2,West,2,3,28
0,4,10,1,1464.197,3 2,South,2,3,28
0,4,10,2,1465.073,4 2,South,2,3,28
0,4,10,1,1465.792,4 2,East,2,3,28
0,4,10,2,1466.725,4 3,East,2,3,28
0,4,10,2,1468.054,4 4,East,2,3,28
0,4,10,1,1468.744,4 4,North,2,3,28
0,4,10,3,1470.517,4 4,East,2,3,28
0,4,10,1,1471.377,4 4,North,2,3,28
0,4,10,2,1472.39,3 4,North,2,3,28
0,4,10,2,1473.301,2 4,North,2,3,28
0,4,10,2,1474.159,1 4,North,2,3,28
0,4,10,2,1474.913,0 4,North,2,3,28
0,4,10,1,1475.666,0 4,West,2,3,28
0,4,10,1,1476.592,0 4,South,2,3,28
0,4,10,2,1477.286,1 4,South,2,3,28
0,4,10,3,1477.86,1 4,West,2,3,28
0,4,10,2,1478.45,1 3,West,2,3,28
0,4,10,1,1478.997,1 3,South,2,3,28
0,4,10,2,1479.586,2 3,South,2,3,28
0,4,10,3,1480.146,2 3,West,2,3,28
0,4,10,2,1480.774,2 2,West,2,3,28
0,4,10,3,1481.286,2 2,North,2,3,28
0,4,10,2,1481.942,1 2,North,2,3,28
0,4,10,2,1482.546,0 2,North,2,3,28
0,4,10,1,1483.06,0 2,West,2,3,28
0,4,10,2,1483.712,0 1,West,2,3,28
0,4,10,1,1484.318,0 1,South,2,3,28
0,4,10,1,1484.965,0 1,East,2,3,28
0,4,10,2,1485.877,0 2,East,2,3,28
0,4,10,3,1486.598,0 2,South,2,3,28
0,4,10,2,1487.141,1 2,South,2,3,28
0,4,10,2,1487.825,2 2,South,2,3,28
0,4,10,1,1488.376,2 2,East,2,3,28
0,4,10,2,1488.992,2 3,East,2,3,28
0,4,10,1,1489.856,2 3,North,2,3,28
0,4,10,2,1490.689,1 3,North,2,3,28
0,4,10,3,1491.2,1 3,East,2,3,28
0,4,10,2,1491.864,1 4,East,2,3,28
0,4,10,1,1492.4,1 4,North,2,3,28
0,4,10,2,1493.023,0 4,North,2,3,28
0,4,10,1,1493.685,0 4,West,2,3,28
0,4,10,1,1494.263,0 4,South,2,3,28
0,4,10,2,1494.881,1 4,South,2,3,28
0,4,10,2,1495.427,2 4,South,2,3,28
0,4,10,2,1495.985,3 4,South,2,3,28
0,4,10,2,1496.583,4 4,South,2,3,28
0,4,10,3,1497.236,4 4,West,2,3,28
0,4,10,2,1497.832,4 3,West,2,3,28
0,4,10,2,1498.656,4 2,West,2,3,28
0,4,10,3,1499.319,4 2,North,2,3,28
0,4,10,2,1499.839,3 2,North,2,3,28
0,4,10,1,1500.531,3 2,West,2,3,28
0,4,10,2,1501.425,3 1,West,2,3,28
0,4,10,3,1502.111,3 1,North,2,3,28
0,4,10,2,1502.643,2 1,North,2,3,28
0,4,10,2,1503.237,1 1,North,2,3,28
0,4,10,1,1503.891,1 1,West,2,3,28
0,4,10,2,1504.468,1 0,West,2,3,28
0,4,10,1,1505.055,1 0,South,2,3,28
0,4,10,2,1505.701,2 0,South,2,3,28
0,4,10,2,1506.29,3 0,South,2,3,28
0,4,10,2,1506.932,4 0,South,2,3,28
0,4,10,6,1507.3,4 0,South,2,4,28
0,4,10,1,1507.606,4 0,East,2,4,28
0,4,10,1,1508.325,4 0,North,2,4,28
0,4,10,2,1509.047,3 0,North,2,4,28
0,4,10,2,1509.697,2 0,North,2,4,28
0,4,10,2,1510.5,1 0,North,2,4,28
0,4,10,3,1511.217,1 0,East,2,4,28
0,4,10,2,1511.83,1 1,East,2,4,28
0,4,10,3,1512.355,1 1,South,2,4,28
0,4,10,2,1512.997,2 1,South,2,4,28
0,4,10,2,1513.651,3 1,South,2,4,28
0,4,10,1,1514.217,3 1,East,2,4,28
0,4,10,2,1514.948,3 2,East,2,4,28
0,4,10,3,1515.525,3 2,South,2,4,28
0,4,10,2,1516.167,4 2,South,2,4,28
0,4,10,1,1516.726,4 2,East,2,4,28
0,4,10,2,1517.349,4 3,East,2,4,28
0,4,10,2,1517.951,4 4,East,2,4,28
0,4,10,1,1518.657,4 4,North,2,4,28
0,4,10,2,1519.254,3 4,North,2,4,28
0,4,10,2,1519.905,2 4,North,2,4,28
0,4,10,2,1520.578,1 4,North,2,4,28
0,4,10,1,1521.27,1 4,West,2,4,28
0,4,10,3,1521.778,1 4,North,2,4,28
0,4,10,1,1522.805,1 4,West,2,4,28
0,4,10,2,1524.93,1 3,West,2,4,28
0,4,10,3,1526.534,1 3,North,2,4,28
0,4,10,1,1527.569,1 3,West,2,4,28
0,4,10,1,1529.122,1 3,South,2,4,28
0,4,10,2,1529.727,2 3,South,2,4,28
0,4,10,3,1530.304,2 3,West,2,4,28
0,4,10,2,1530.949,2 2,West,2,4,28
0,4,10,6,1531.36,2 2,West,2,5,28
0,4,10,3,1531.669,2 2,North,2,5,28
0,4,10,2,1532.416,1 2,North,2,5,28
0,4,10,2,1533.058,0 2,North,2,5,28
0,4,10,1,1533.699,0 2,West,2,5,28
0,4,10,2,1534.592,0 1,West,2,5,28
0,4,10,1,1535.2,0 1,South,2,5,28
0,4,10,1,1535.856,0 1,East,2,5,28
0,4,10,2,1536.504,0 2,East,2,5,28
0,4,10,3,1537.013,0 2,South,2,5,28
0,4,10,2,1537.634,1 2,South,2,5,28
0,4,10,2,1538.164,2 2,South,2,5,28
0,4,10,1,1539.094,2 2,East,2,5,28
0,4,10,2,1539.825,2 3,East,2,5,28
0,4,10,1,1540.421,2 3,North,2,5,28
0,4,10,2,1541.06,1 3,North,2,5,28
0,4,10,3,1541.682,1 3,East,2,5,28
0,4,10,2,1542.456,1 4,East,2,5,28
0,4,10,3,1543.957,1 4,South,2,5,28
0,4,10,2,1545.125,2 4,South,2,5,28
0,4,10,2,1545.747,3 4,South,2,5,28
0,4,10,2,1546.276,4 4,South,2,5,28
0,4,10,3,1546.95,4 4,West,2,5,28
0,4,10,2,1547.508,4 3,West,2,5,28
0,4,10,2,1548.196,4 2,West,2,5,28
0,4,10,3,1548.72,4 2,North,2,5,28
0,4,10,2,1549.28,3 2,North,2,5,28
0,4,10,1,1549.88,3 2,West,2,5,28
0,4,10,2,1550.786,3 1,West,2,5,28
0,4,10,3,1551.38,3 1,North,2,5,28
0,4,10,2,1552.05,2 1,North,2,5,28
0,4,10,2,1552.729,1 1,North,2,5,28
0,4,10,1,1553.528,1 1,West,2,5,28
0,4,10,2,1554.198,1 0,West,2,5,28
0,4,10,6,1554.6,1 0,West,2,6,28
0,4,10,1,1554.899,1 0,South,2,6,28
0,4,10,1,1555.801,1 0,East,2,6,28
0,4,10,2,1556.736,1 1,East,2,6,28
0,4,10,3,1557.413,1 1,South,2,6,28
0,4,10,2,1557.939,2 1,South,2,6,28
0,4,10,2,1558.644,3 1,South,2,6,28
0,4,10,1,1559.172,3 1,East,2,6,28
0,4,10,2,1559.828,3 2,East,2,6,28
0,4,10,3,1560.391,3 2,South,2,6,28
0,4,10,2,1560.911,4 2,South,2,6,28
0,4,10,1,1561.812,4 2,East,2,6,28
0,4,10,2,1562.529,4 3,East,2,6,28
0,4,10,6,1562.94,4 3,East,2,7,28
0,4,10,2,1563.345,4 4,East,2,7,28
0,4,10,1,1563.971,4 4,North,2,7,28
0,4,10,2,1565.087,3 4,North,2,7,28
0,4,10,2,1565.747,2 4,North,2,7,28
0,4,10,2,1566.408,1 4,North,2,7,28
0,4,10,1,1567.013,1 4,West,2,7,28
0,4,10,3,1567.543,1 4,North,2,7,28
0,4,10,2,1568.402,0 4,North,2,7,28
0,4,10,1,1568.928,0 4,West,2,7,28
0,4,10,1,1569.493,0 4,South,2,7,28
0,4,10,2,1570.032,1 4,South,2,7,28
0,4,10,3,1570.712,1 4,West,2,7,28
0,4,10,2,1571.221,1 3,West,2,7,28
0,4,10,1,1571.827,1 3,South,2,7,28
0,4,10,2,1572.403,2 3,South,2,7,28
0,4,10,3,1572.966,2 3,West,2,7,28
0,4,10,2,1573.796,2 2,West,2,7,28
0,4,10,3,1574.307,2 2,North,2,7,28
0,4,10,2,1575.249,1 2,North,2,7,28
0,4,10,2,1576.132,0 2,North,2,7,28
0,4,10,1,1576.767,0 2,West,2,7,28
0,4,10,2,1577.35,0 1,West,2,7,28
0,4,10,1,1578.037,0 1,South,2,7,28
0,4,10,1,1578.691,0 1,East,2,7,28
0,4,10,2,1579.401,0 2,East,2,7,28
0,4,10,3,1580.112,0 2,South,2,7,28
0,4,10,2,1580.625,1 2,South,2,7,28
0,4,10,2,1581.269,2 2,South,2,7,28
0,4,10,1,1581.958,2 2,East,2,7,28
0,4,10,2,1582.496,2 3,East,2,7,28
0,4,10,1,1583.156,2 3,North,2,7,28
0,4,10,2,1583.685,1 3,North,2,7,28
0,4,10,3,1584.404,1 3,East,2,7,28
0,4,10,2,1585.124,1 4,East,2,7,28
0,4,10,3,1585.776,1 4,South,2,7,28
0,4,10,2,1586.341,2 4,South,2,7,28
0,4,10,2,1586.951,3 4,South,2,7,28
0,4,10,2,1587.588,4 4,South,2,7,28
0,4,10,3,1588.241,4 4,West,2,7,28
0,4,10,2,1588.76,4 3,West,2,7,28
0,4,10,2,1589.396,4 2,West,2,7,28
0,4,10,3,1590.048,4 2,North,2,7,28
0,4,10,2,1590.785,3 2,North,2,7,28
0,4,10,1,1591.364,3 2,West,2,7,28
0,4,10,2,1591.877,3 1,West,2,7,28
0,4,10,3,1592.59,3 1,North,2,7,28
0,4,10,2,1593.335,2 1,North,2,7,28
0,4,10,6,1593.72,2 1,North,2,8,28
3,4,10,1,1597.465,4 3,North,2,0,0
3,4,10,1,1598.063,4 2,North,2,0,0
3,4,10,2,1598.577,3 2,North,2,0,0
3,4,10,2,1599.256,3 2,North,2,0,1
3,4,10,1,1599.796,3 1,North,2,0,1
3,4,10,2,1600.421,2 1,North,2,0,1
3,4,10,6,1600.8,2 1,North,2,1,1
3,4,10,4,1601.24,3 1,North,2,1,1
3,4,10,3,1601.874,3 2,North,2,1,1
3,4,10,4,1602.643,4 2,North,2,1,1
3,4,10,3,1603.208,4 3,North,2,1,1
3,4,10,2,1604.726,4 3,North,2,1,2
3,4,10,3,1605.223,4 4,North,2,1,2
3,4,10,2,1605.928,3 4,North,2,1,2
3,4,10,1,1606.645,3 4,North,2,1,3
3,4,10,2,1607.245,2 4,North,2,1,3
3,4,10,1,1608.033,2 4,North,2,1,4
3,4,10,4,1608.658,3 4,North,2,1,4
3,4,10,4,1609.279,4 4,North,2,1,4
3,4,10,1,1609.889,4 3,North,2,1,4
3,4,10,1,1610.519,4 2,North,2,1,4
3,4,10,1,1611.429,4 2,North,2,1,5
3,4,10,2,1612.306,3 2,North,2,1,5
3,4,10,3,1612.884,3 3,North,2,1,5
3,4,10,6,1613.28,3 3,North,2,2,5
3,4,10,1,1613.712,3 2,North,2,2,5
3,4,10,1,1618.359,3 1,North,2,2,5
3,4,10,1,1619.891,3 1,North,2,2,6
3,4,10,4,1620.511,3 1,North,2,2,7
3,4,10,3,1622.536,3 2,North,2,2,7
3,4,10,2,1623.224,3 2,North,2,2,8
3,4,10,1,1624.888,3 1,North,2,2,8
3,4,10,2,1625.617,2 1,North,2,2,8
3,4,10,2,1626.452,1 1,North,2,2,8
3,4,10,1,1627.319,1 0,North,2,2,8
3,4,10,4,1627.983,2 0,North,2,2,8
3,4,10,4,1629.027,3 0,North,2,2,8
3,4,10,4,1629.9,4 0,North,2,2,8
3,4,10,3,1630.643,4 1,North,2,2,8
3,4,10,6,1631.04,4 1,North,2,3,8
3,4,10,1,1631.345,4 0,North,2,3,8
3,4,10,2,1631.974,3 0,North,2,3,8
3,4,10,2,1632.674,2 0,North,2,3,8
3,4,10,3,1633.655,2 0,North,2,3,9
3,4,10,2,1634.273,1 0,North,2,3,9
3,4,10,3,1634.953,1 1,North,2,3,9
3,4,10,4,1636.687,2 1,North,2,3,9
3,4,10,3,1637.604,2 1,North,2,3,10
3,4,10,4,1638.373,3 1,North,2,3,10
3,4,10,3,1639.287,3 2,North,2,3,10
3,4,10,2,1640.166,3 2,North,2,3,11
3,4,10,3,1641.013,3 3,North,2,3,11
3,4,10,1,1642.928,3 2,North,2,3,11
3,4,10,4,1643.983,4 2,North,2,3,11
3,4,10,4,1644.577,4 2,North,2,3,11
3,4,10,3,1644.944,4 3,North,2,3,11
3,4,10,3,1645.622,4 4,North,2,3,11
3,4,10,2,1646.274,3 4,North,2,3,11
3,4,10,2,1647.043,2 4,North,2,3,11
3,4,10,1,1647.894,2 4,North,2,3,12
3,4,10,2,1648.583,1 4,North,2,3,12
3,4,10,1,1649.287,1 3,North,2,3,12
3,4,10,1,1650.103,1 3,North,2,3,13
3,4,10,4,1650.817,2 3,North,2,3,13
3,4,10,1,1651.449,2 2,North,2,3,13
3,4,10,6,1651.86,2 2,North,2,4,13
3,4,10,3,1652.214,2 3,North,2,4,13
3,4,10,2,1652.8,1 3,North,2,4,13
3,4,10,3,1653.415,1 4,North,2,4,13
3,4,10,4,1654.023,2 4,North,2,4,13
3,4,10,4,1654.64,3 4,North,2,4,13
3,4,10,4,1655.231,4 4,North,2,4,13
3,4,10,1,1655.841,4 3,North,2,4,13
3,4,10,1,1656.521,4 2,North,2,4,13
3,4,10,2,1657.207,3 2,North,2,4,13
3,4,10,2,1657.76,3 2,North,2,4,14
3,4,10,1,1658.502,3 1,North,2,4,14
3,4,10,2,1659.989,2 1,North,2,4,14
3,4,10,1,1660.722,2 1,North,2,4,15
3,4,10,4,1661.471,3 1,North,2,4,15
3,4,10,1,1662.118,3 1,North,2,4,16
3,4,10,2,1662.624,2 1,North,2,4,16
3,4,10,4,1663.386,3 1,North,2,4,16
3,4,10,4,1664.083,3 1,North,2,4,17
3,4,10,1,1664.871,3 1,North,2,4,18
3,4,10,2,1665.409,2 1,North,2,4,18
3,4,10,1,1666.841,2 1,North,2,4,19
3,4,10,3,1667.381,2 1,North,2,4,20
3,4,10,2,1667.879,1 1,North,2,4,20
3,4,10,1,1668.624,1 0,North,2,4,20
3,4,10,4,1669.202,2 0,North,2,4,20
3,4,10,4,1669.831,3 0,North,2,4,20
3,4,10,6,1670.2,3 0,North,2,5,20
3,4,10,2,1670.403,2 0,North,2,5,20
3,4,10,2,1670.965,1 0,North,2,5,20
3,4,10,3,1671.7,1 1,North,2,5,20
3,4,10,4,1673.123,2 1,North,2,5,20
3,4,10,3,1674.472,2 1,North,2,5,21
3,4,10,4,1675.057,3 1,North,2,5,21
3,4,10,3,1676.146,3 2,North,2,5,21
3,4,10,4,1676.977,4 2,North,2,5,21
3,4,10,6,1677.34,4 2,North,2,6,21
3,4,10,2,1677.761,3 2,North,2,6,21
3,4,10,1,1678.471,3 1,North,2,6,21
3,4,10,2,1679.119,2 1,North,2,6,21
3,4,10,2,1679.942,1 1,North,2,6,21
3,4,10,1,1681.495,1 0,North,2,6,21
3,4,10,2,1682.21,1 0,North,2,6,22
3,4,10,3,1682.808,1 1,North,2,6,22
3,4,10,2,1683.322,1 1,North,2,6,23
3,4,10,3,1683.923,1 1,North,2,6,24
3,4,10,1,1685.7,1 0,North,2,6,24
3,4,10,2,1686.552,1 0,North,2,6,25
3,4,10,4,1687.04,2 0,North,2,6,25
3,4,10,3,1687.606,2 0,North,2,6,26
3,4,10,2,1689.85,1 0,North,2,6,26
3,4,10,3,1690.647,1 1,North,2,6,26
3,4,10,4,1691.351,2 1,North,2,6,26
3,4,10,4,1692.035,3 1,North,2,6,26
3,4,10,3,1692.77,3 2,North,2,6,26
3,4,10,4,1693.449,4 2,North,2,6,26
3,4,10,3,1694.128,4 3,North,2,6,26
3,4,10,3,1694.818,4 4,North,2,6,26
3,4,10,2,1695.46,3 4,North,2,6,26
3,4,10,2,1696.136,2 4,North,2,6,26
3,4,10,2,1696.856,1 4,North,2,6,26
3,4,10,2,1697.811,0 4,North,2,6,26
3,4,10,1,1699.032,0 3,North,2,6,26
3,4,10,4,1699.894,0 3,North,2,6,27
3,4,10,1,1701.161,0 3,North,2,6,28
3,4,10,3,1702.214,0 4,North,2,6,28
3,4,10,4,1702.853,1 4,North,2,6,28
3,4,10,1,1703.561,1 3,North,2,6,28
3,4,10,1,1704.454,1 3,North,2,6,29
3,4,10,2,1705.11,1 3,North,2,6,30
3,4,10,4,1705.984,2 3,North,2,6,30
3,4,10,1,1706.629,2 2,North,2,6,30
3,4,10,2,1707.382,1 2,North,2,6,30
3,4,10,1,1708.225,1 2,North,2,6,31
3,4,10,2,1708.899,0 2,North,2,6,31
3,4,10,1,1709.639,0 1,North,2,6,31
3,4,10,6,1710.04,0 1,North,2,7,31
3,4,10,3,1710.309,0 2,North,2,7,31
3,4,10,4,1710.914,1 2,North,2,7,31
3,4,10,1,1711.496,1 2,North,2,7,32
3,4,10,4,1712.421,2 2,North,2,7,32
3,4,10,1,1713.381,2 2,North,2,7,33
3,4,10,4,1714.007,2 2,North,2,7,34
3,4,10,3,1714.672,2 3,North,2,7,34
3,4,10,4,1715.345,2 3,North,2,7,35
3,4,10,3,1716.114,2 3,North,2,7,36
3,4,10,2,1717.36,1 3,North,2,7,36
3,4,10,3,1718.32,1 4,North,2,7,36
3,4,10,4,1719.141,2 4,North,2,7,36
3,4,10,4,1719.796,3 4,North,2,7,36
3,4,10,4,1720.721,4 4,North,2,7,36
3,4,10,1,1721.364,4 3,North,2,7,36
3,4,10,1,1721.988,4 2,North,2,7,36
3,4,10,2,1722.613,3 2,North,2,7,36
3,4,10,6,1723,3 2,North,2,8,36
0,4,11,2,1726.473,3 4,North,2,0,36
0,4,11,2,1727.156,2 4,North,2,0,36
0,4,11,2,1727.874,1 4,North,2,0,36
0,4,11,1,1728.56,1 4,West,2,0,36
0,4,11,3,1729.249,1 4,North,2,0,36
0,4,11,2,1729.827,0 4,North,2,0,36
0,4,11,1,1730.423,0 4,West,2,0,36
0,4,11,2,1730.993,0 3,West,2,0,36
0,4,11,6,1731.4,0 3,West,2,1,36
0,4,11,1,1731.701,0 3,South,2,1,36
0,4,11,1,1732.464,0 3,East,2,1,36
0,4,11,2,1733.105,0 4,East,2,1,36
0,4,11,3,1733.749,0 4,South,2,1,36
0,4,11,2,1734.514,1 4,South,2,1,36
0,4,11,2,1735.064,2 4,South,2,1,36
0,4,11,2,1735.624,3 4,South,2,1,36
0,4,11,6,1736,3 4,South,2,2,36
0,4,11,2,1736.336,4 4,South,2,2,36
0,4,11,3,1736.9,4 4,West,2,2,36
0,4,11,2,1737.475,4 3,West,2,2,36
0,4,11,2,1738.084,4 2,West,2,2,36
0,4,11,3,1738.691,4 2,North,2,2,36
0,4,11,2,1739.203,3 2,North,2,2,36
0,4,11,1,1739.879,3 2,West,2,2,36
0,4,11,2,1740.536,3 1,West,2,2,36
0,4,11,3,1741.232,3 1,North,2,2,36
0,4,11,2,1741.763,2 1,North,2,2,36
0,4,11,2,1742.358,1 1,North,2,2,36
0,4,11,1,1742.977,1 1,West,2,2,36
0,4,11,2,1743.602,1 0,West,2,2,36
0,4,11,1,1744.168,1 0,South,2,2,36
0,4,11,2,1744.738,2 0,South,2,2,36
0,4,11,2,1745.332,3 0,South,2,2,36
0,4,11,2,1745.919,4 0,South,2,2,36
0,4,11,1,1746.531,4 0,East,2,2,36
0,4,11,1,1747.569,4 0,North,2,2,36
0,4,11,2,1748.148,3 0,North,2,2,36
0,4,11,2,1748.694,2 0,North,2,2,36
0,4,11,2,1749.217,1 0,North,2,2,36
0,4,11,3,1750.113,1 0,East,2,2,36
0,4,11,2,1750.662,1 1,East,2,2,36
0,4,11,3,1751.263,1 1,South,2,2,36
0,4,11,2,1751.842,2 1,South,2,2,36
0,4,11,2,1752.751,3 1,South,2,2,36
0,4,11,1,1753.445,3 1,East,2,2,36
0,4,11,2,1753.986,3 2,East,2,2,36
0,4,11,3,1754.671,3 2,South,2,2,36
0,4,11,2,1755.286,4 2,South,2,2,36
0,4,11,1,1755.854,4 2,East,2,2,36
0,4,11,2,1756.399,4 3,East,2,2,36
0,4,11,2,1757.04,4 4,East,2,2,36
0,4,11,1,1757.558,4 4,North,2,2,36
0,4,11,2,1758.214,3 4,North,2,2,36
0,4,11,2,1758.872,2 4,North,2,2,36
0,4,11,2,1759.455,1 4,North,2,2,36
0,4,11,1,1760.002,1 4,West,2,2,36
0,4,11,3,1760.644,1 4,North,2,2,36
0,4,11,2,1761.588,0 4,North,2,2,36
0,4,11,1,1762.105,0 4,West,2,2,36
0,4,11,1,1762.71,0 4,South,2,2,36
0,4,11,2,1763.232,1 4,South,2,2,36
0,4,11,3,1763.797,1 4,West,2,2,36
0,4,11,2,1764.723,1 3,West,2,2,36
0,4,11,1,1766.322,1 3,South,2,2,36
0,4,11,2,1766.85,2 3,South,2,2,36
0,4,11,3,1767.583,2 3,West,2,2,36
0,4,11,2,1768.113,2 2,West,2,2,36
0,4,11,3,1768.626,2 2,North,2,2,36
0,4,11,2,1769.232,1 2,North,2,2,36
0,4,11,2,1769.81,0 2,North,2,2,36
0,4,11,6,1770.18,0 2,North,2,3,36
0,4,11,1,1770.671,0 2,West,2,3,36
0,4,11,2,1771.301,0 1,West,2,3,36
0,4,11,1,1772.038,0 1,South,2,3,36
0,4,11,1,1773.617,0 1,East,2,3,36
0,4,11,2,1774.241,0 2,East,2,3,36
0,4,11,3,1774.772,0 2,South,2,3,36
0,4,11,2,1775.363,1 2,South,2,3,36
0,4,11,2,1776.196,2 2,South,2,3,36
0,4,11,1,1776.706,2 2,East,2,3,36
0,4,11,2,1777.465,2 3,East,2,3,36
0,4,11,1,1778.385,2 3,North,2,3,36
0,4,11,2,1779.025,1 3,North,2,3,36
0,4,11,3,1779.647,1 3,East,2,3,36
0,4,11,2,1780.324,1 4,East,2,3,36
0,4,11,3,1780.873,1 4,South,2,3,36
0,4,11,2,1781.67,2 4,South,2,3,36
0,4,11,2,1782.311,3 4,South,2,3,36
0,4,11,2,1783.077,4 4,South,2,3,36
0,4,11,3,1783.936,4 4,West,2,3,36
0,4,11,2,1784.566,4 3,West,2,3,36
0,4,11,2,1785.222,4 2,West,2,3,36
0,4,11,3,1785.959,4 2,North,2,3,36
0,4,11,2,1786.611,3 2,North,2,3,36
0,4,11,1,1787.141,3 2,West,2,3,36
0,4,11,3,1787.958,3 2,North,2,3,36
0,4,11,3,1788.784,3 2,East,2,3,36
0,4,11,1,1789.296,3 2,North,2,3,36
0,4,11,1,1789.879,3 2,West,2,3,36
0,4,11,2,1790.391,3 1,West,2,3,36
0,4,11,3,1791.108,3 1,North,2,3,36
0,4,11,2,1791.794,2 1,North,2,3,36
0,4,11,2,1792.319,1 1,North,2,3,36
0,4,11,1,1792.833,1 1,West,2,3,36
0,4,11,2,1793.477,1 0,West,2,3,36
0,4,11,1,1794.133,1 0,South,2,3,36
0,4,11,2,1794.831,2 0,South,2,3,36
0,4,11,6,1795.22,2 0,South,2,4,36
0,4,11,2,1796.051,3 0,South,2,4,36
0,4,11,2,1796.675,4 0,South,2,4,36
0,4,11,1,1797.347,4 0,East,2,4,36
0,4,11,1,1798.447,4 0,North,2,4,36
0,4,11,2,1799.075,3 0,North,2,4,36
0,4,11,2,1799.775,2 0,North,2,4,36
0,4,11,2,1800.617,1 0,North,2,4,36
0,4,11,3,1801.262,1 0,East,2,4,36
0,4,11,2,1801.815,1 1,East,2,4,36
0,4,11,3,1803.33,1 1,South,2,4,36
0,4,11,2,1803.938,2 1,South,2,4,36
0,4,11,2,1804.592,3 1,South,2,4,36
0,4,11,1,1805.141,3 1,East,2,4,36
0,4,11,2,1805.72,3 2,East,2,4,36
0,4,11,3,1806.262,3 2,South,2,4,36
0,4,11,2,1806.848,4 2,South,2,4,36
0,4,11,1,1807.445,4 2,East,2,4,36
0,4,11,2,1808.054,4 3,East,2,4,36
0,4,11,2,1808.656,4 4,East,2,4,36
0,4,11,1,1809.24,4 4,North,2,4,36
0,4,11,2,1809.865,3 4,North,2,4,36
0,4,11,2,1810.433,2 4,North,2,4,36
0,4,11,2,1811.077,1 4,North,2,4,36
0,4,11,1,1811.782,1 4,West,2,4,36
0,4,11,3,1812.655,1 4,North,2,4,36
0,4,11,2,1813.631,0 4,North,2,4,36
0,4,11,1,1814.167,0 4,West,2,4,36
0,4,11,1,1814.786,0 4,South,2,4,36
0,4,11,2,1815.544,1 4,South,2,4,36
0,4,11,3,1816.167,1 4,West,2,4,36
0,4,11,2,1816.849,1 3,West,2,4,36
0,4,11,1,1817.713,1 3,South,2,4,36
0,4,11,2,1818.403,2 3,South,2,4,36
0,4,11,3,1818.966,2 3,West,2,4,36
0,4,11,2,1819.619,2 2,West,2,4,36
0,4,11,3,1820.178,2 2,North,2,4,36
0,4,11,2,1820.758,1 2,North,2,4,36
0,4,11,2,1821.425,0 2,North,2,4,36
0,4,11,1,1822.002,0 2,West,2,4,36
0,4,11,2,1822.614,0 1,West,2,4,36
0,4,11,6,1823.02,0 1,West,2,5,36
0,4,11,1,1823.478,0 1,South,2,5,36
0,4,11,1,1824.625,0 1,East,2,5,36
0,4,11,2,1825.508,0 2,East,2,5,36
0,4,11,3,1826.127,0 2,South,2,5,36
0,4,11,2,1827.108,1 2,South,2,5,36
0,4,11,2,1827.855,2 2,South,2,5,36
0,4,11,1,1828.407,2 2,East,2,5,36
0,4,11,2,1829.063,2 3,East,2,5,36
0,4,11,1,1829.606,2 3,North,2,5,36
0,4,11,2,1830.165,1 3,North,2,5,36
0,4,11,6,1830.54,1 3,North,2,6,36
0,4,11,3,1830.689,1 3,East,2,6,36
0,4,11,2,1831.303,1 4,East,2,6,36
0,4,11,3,1832.031,1 4,South,2,6,36
0,4,11,2,1832.691,2 4,South,2,6,36
0,4,11,6,1833.06,2 4,South,2,7,36
0,4,11,2,1833.255,3 4,South,2,7,36
0,4,11,2,1834.276,4 4,South,2,7,36
0,4,11,3,1834.786,4 4,West,2,7,36
0,4,11,2,1835.296,4 3,West,2,7,36
0,4,11,2,1835.891,4 2,West,2,7,36
0,4,11,3,1836.582,4 2,North,2,7,36
0,4,11,2,1837.475,3 2,North,2,7,36
0,4,11,3,1838.054,3 2,East,2,7,36
0,4,11,1,1838.853,3 2,North,2,7,36
0,4,11,1,1839.527,3 2,West,2,7,36
0,4,11,2,1840.248,3 1,West,2,7,36
0,4,11,3,1840.787,3 1,North,2,7,36
0,4,11,2,1841.319,2 1,North,2,7,36
0,4,11,2,1841.89,1 1,North,2,7,36
0,4,11,1,1842.486,1 1,West,2,7,36
0,4,11,2,1843.111,1 0,West,2,7,36
0,4,11,1,1843.688,1 0,South,2,7,36
0,4,11,2,1844.341,2 0,South,2,7,36
0,4,11,2,1844.992,3 0,South,2,7,36
0,4,11,2,1845.681,4 0,South,2,7,36
0,4,11,1,1846.287,4 0,East,2,7,36
0,4,11,2,1847.075,4 1,East,2,7,36
0,4,11,1,1847.616,4 1,North,2,7,36
0,4,11,1,1848.182,4 1,West,2,7,36
0,4,11,2,1848.751,4 0,West,2,7,36
0,4,11,3,1849.279,4 0,North,2,7,36
0,4,11,2,1850.16,3 0,North,2,7,36
0,4,11,2,1850.712,2 0,North,2,7,36
0,4,11,2,1851.479,1 0,North,2,7,36
0,4,11,3,1852.16,1 0,East,2,7,36
0,4,11,2,1852.836,1 1,East,2,7,36
0,4,11,3,1853.668,1 1,South,2,7,36
0,4,11,2,1854.303,2 1,South,2,7,36
0,4,11,2,1854.899,3 1,South,2,7,36
0,4,11,1,1855.574,3 1,East,2,7,36
0,4,11,2,1856.181,3 2,East,2,7,36
0,4,11,3,1856.854,3 2,South,2,7,36
0,4,11,2,1857.367,4 2,South,2,7,36
0,4,11,1,1858.276,4 2,East,2,7,36
0,4,11,2,1858.863,4 3,East,2,7,36
0,4,11,2,1859.535,4 4,East,2,7,36
0,4,11,1,1860.147,4 4,North,2,7,36
0,4,11,2,1860.788,3 4,North,2,7,36
0,4,11,2,1861.394,2 4,North,2,7,36
0,4,11,2,1862.02,1 4,North,2,7,36
0,4,11,2,1862.774,0 4,North,2,7,36
0,4,11,6,1863.16,0 4,North,2,8,36
3,4,11,2,1867.016,3 4,North,2,0,0
3,4,11,2,1867.601,2 4,North,2,0,0
3,4,11,6,1867.98,2 4,North,2,1,0
3,4,11,2,1871.075,1 4,North,2,1,0
3,4,11,2,1871.732,0 4,North,2,1,0
3,4,11,1,1872.697,0 3,North,2,1,0
3,4,11,1,1873.777,0 3,North,2,1,1
3,4,11,4,1874.401,0 3,North,2,1,2
3,4,11,3,1875.304,0 4,North,2,1,2
3,4,11,4,1875.928,1 4,North,2,1,2
3,4,11,1,1876.581,1 3,North,2,1,2
3,4,11,1,1877.509,1 3,North,2,1,3
3,4,11,4,1878.521,2 3,North,2,1,3
3,4,11,1,1879.12,2 2,North,2,1,3
3,4,11,1,1879.827,2 2,North,2,1,4
3,4,11,4,1880.767,2 2,North,2,1,5
3,4,11,3,1881.543,2 3,North,2,1,5
3,4,11,4,1882.292,2 3,North,2,1,6
3,4,11,3,1882.8,2 3,North,2,1,7
3,4,11,3,1883.264,2 3,North,2,1,8
3,4,11,3,1883.703,2 3,North,2,1,9
3,4,11,1,1884.192,2 2,North,2,1,9
3,4,11,2,1885.093,1 2,North,2,1,9
3,4,11,1,1886.008,1 2,North,2,1,10
3,4,11,2,1886.544,0 2,North,2,1,10
3,4,11,6,1886.94,0 2,North,2,2,10
3,4,11,4,1887.4,1 2,North,2,2,10
3,4,11,3,1888.696,1 2,North,2,2,11
3,4,11,4,1889.285,2 2,North,2,2,11
3,4,11,3,1892.016,2 3,North,2,2,11
3,4,11,3,1893.044,2 3,North,2,2,12
3,4,11,4,1893.655,2 3,North,2,2,13
3,4,11,1,1894.249,2 2,North,2,2,13
3,4,11,4,1894.901,2 2,North,2,2,14
3,4,11,1,1895.507,2 2,North,2,2,15
3,4,11,2,1896.641,1 2,North,2,2,15
3,4,11,3,1897.285,1 2,North,2,2,16
3,4,11,4,1898.034,2 2,North,2,2,16
3,4,11,3,1898.643,2 3,North,2,2,16
3,4,11,1,1901.012,2 2,North,2,2,16
3,4,11,1,1901.619,2 2,North,2,2,17
3,4,11,2,1902.44,1 2,North,2,2,17
3,4,11,2,1903.284,0 2,North,2,2,17
3,4,11,3,1904.063,0 2,North,2,2,18
3,4,11,4,1904.739,1 2,North,2,2,18
3,4,11,3,1905.377,1 2,North,2,2,19
3,4,11,2,1905.957,0 2,North,2,2,19
3,4,11,1,1907.255,0 1,North,2,2,19
3,4,11,4,1907.889,0 1,North,2,2,20
3,4,11,2,1908.802,0 1,North,2,2,20
3,4,11,3,1909.141,0 2,North,2,2,20
3,4,11,3,1909.86,0 2,North,2,2,21
3,4,11,4,1910.448,1 2,North,2,2,21
3,4,11,1,1911.111,1 2,North,2,2,22
3,4,11,4,1911.796,2 2,North,2,2,22
3,4,11,1,1913.187,2 2,North,2,2,23
3,4,11,2,1913.956,1 2,North,2,2,23
3,4,11,3,1914.488,1 2,North,2,2,24
3,4,11,4,1915.286,2 2,North,2,2,24
3,4,11,3,1915.927,2 3,North,2,2,24
3,4,11,4,1917.112,2 3,North,2,2,25
3,4,11,3,1917.592,2 3,North,2,2,26
3,4,11,3,1918.08,2 3,North,2,2,27
3,4,11,3,1918.659,2 3,North,2,2,28
3,4,11,1,1919.231,2 2,North,2,2,28
3,4,11,3,1920.037,2 3,North,2,2,28
3,4,11,2,1920.616,1 3,North,2,2,28
3,4,11,3,1921.186,1 4,North,2,2,28
3,4,11,4,1921.973,2 4,North,2,2,28
3,4,11,4,1922.547,3 4,North,2,2,28
3,4,11,6,1922.92,3 4,North,2,3,28
3,4,11,2,1923.22,2 4,North,2,3,28
3,4,11,2,1923.832,1 4,North,2,3,28
3,4,11,1,1924.473,1 3,North,2,3,28
3,4,11,4,1925.488,2 3,North,2,3,28
3,4,11,1,1927.104,2 2,North,2,3,28
3,4,11,4,1927.731,2 2,North,2,3,29
3,4,11,1,1928.632,2 2,North,2,3,30
3,4,11,2,1929.759,1 2,North,2,3,30
3,4,11,3,1930.403,1 2,North,2,3,31
3,4,11,4,1932.216,2 2,North,2,3,31
3,4,11,4,1932.848,2 2,North,2,3,32
3,4,11,3,1933.543,2 3,North,2,3,32
3,4,11,2,1934.39,1 3,North,2,3,32
3,4,11,3,1935.316,1 4,North,2,3,32
3,4,11,4,1936.081,2 4,North,2,3,32
3,4,11,4,1936.739,3 4,North,2,3,32
3,4,11,4,1937.385,4 4,North,2,3,32
3,4,11,1,1938.004,4 3,North,2,3,32
3,4,11,1,1938.643,4 2,North,2,3,32
3,4,11,1,1939.382,4 2,North,2,3,33
3,4,11,2,1940.009,3 2,North,2,3,33
3,4,11,1,1940.691,3 1,North,2,3,33
3,4,11,2,1941.459,2 1,North,2,3,33
3,4,11,1,1942.056,2 1,North,2,3,34
3,4,11,4,1942.807,3 1,North,2,3,34
3,4,11,1,1943.48,3 1,North,2,3,35
3,4,11,4,1944.321,3 1,North,2,3,36
3,4,11,3,1945.255,3 2,North,2,3,36
3,4,11,2,1945.953,3 2,North,2,3,37
3,4,11,1,1946.787,3 1,North,2,3,37
3,4,11,1,1947.526,3 1,North,2,3,38
3,4,11,4,1948.179,3 1,North,2,3,39
3,4,11,2,1948.945,2 1,North,2,3,39
3,4,11,2,1951.475,1 1,North,2,3,39
3,4,11,1,1952.517,1 0,North,2,3,39
3,4,11,4,1953.232,2 0,North,2,3,39
3,4,11,6,1953.6,2 0,North,2,4,39
3,4,11,2,1954.019,1 0,North,2,4,39
3,4,11,3,1954.658,1 1,North,2,4,39
3,4,11,6,1955.06,1 1,North,2,5,39
3,4,11,3,1955.665,1 1,North,2,5,40
3,4,11,4,1956.331,2 1,North,2,5,40
3,4,11,4,1956.953,3 1,North,2,5,40
3,4,11,3,1957.907,3 2,North,2,5,40
3,4,11,4,1958.625,4 2,North,2,5,40
3,4,11,3,1959.199,4 3,North,2,5,40
3,4,11,3,1959.766,4 4,North,2,5,40
3,4,11,2,1960.375,3 4,North,2,5,40
3,4,11,2,1962.069,2 4,North,2,5,40
3,4,11,2,1962.756,1 4,North,2,5,40
3,4,11,2,1963.536,0 4,North,2,5,40
3,4,11,1,1964.13,0 3,North,2,5,40
3,4,11,6,1964.54,0 3,North,2,6,40
3,4,11,3,1964.804,0 4,North,2,6,40
3,4,11,4,1965.408,1 4,North,2,6,40
3,4,11,4,1966.197,2 4,North,2,6,40
3,4,11,1,1967.106,2 4,North,2,6,41
3,4,11,4,1967.728,3 4,North,2,6,41
3,4,11,1,1968.452,3 4,North,2,6,42
3,4,11,4,1969.079,4 4,North,2,6,42
3,4,11,1,1969.702,4 3,North,2,6,42
3,4,11,1,1970.336,4 2,North,2,6,42
3,4,11,2,1971.136,3 2,North,2,6,42
3,4,11,2,1972.183,3 2,North,2,6,43
3,4,11,1,1972.769,3 1,North,2,6,43
3,4,11,2,1973.463,2 1,North,2,6,43
3,4,11,2,1974.452,1 1,North,2,6,43
3,4,11,1,1975.128,1 0,North,2,6,43
3,4,11,6,1975.54,1 0,North,2,7,43
3,4,11,3,1975.781,1 1,North,2,7,43
3,4,11,4,1976.39,2 1,North,2,7,43
3,4,11,4,1977.064,3 1,North,2,7,43
3,4,11,3,1977.712,3 2,North,2,7,43
3,4,11,2,1978.336,3 2,North,2,7,44
3,4,11,1,1978.916,3 1,North,2,7,44
3,4,11,2,1979.542,2 1,North,2,7,44
3,4,11,2,1980.168,1 1,North,2,7,44
3,4,11,3,1980.719,1 1,North,2,7,45
3,4,11,4,1981.445,2 1,North,2,7,45
3,4,11,3,1982.038,2 1,North,2,7,46
3,4,11,2,1982.569,1 1,North,2,7,46
3,4,11,2,1983.319,1 1,North,2,7,47
3,4,11,1,1983.952,1 0,North,2,7,47
3,4,11,2,1984.614,1 0,North,2,7,48
3,4,11,3,1985.336,1 1,North,2,7,48
3,4,11,4,1985.942,2 1,North,2,7,48
3,4,11,4,1986.499,3 1,North,2,7,48
3,4,11,4,1987.203,3 1,North,2,7,49
3,4,11,3,1987.734,3 2,North,2,7,49
3,4,11,4,1988.306,4 2,North,2,7,49
3,4,11,3,1989.055,4 3,North,2,7,49
3,4,11,3,1989.812,4 4,North,2,7,49
3,4,11,2,1990.566,3 4,North,2,7,49
3,4,11,2,1991.21,2 4,North,2,7,49
3,4,11,2,1992.02,1 4,North,2,7,49
3,4,11,1,1992.641,1 3,North,2,7,49
3,4,11,1,1993.425,1 3,North,2,7,50
3,4,11,2,1993.939,1 3,North,2,7,51
3,4,11,4,1995.017,2 3,North,2,7,51
3,4,11,1,1995.794,2 2,North,2,7,51
3,4,11,2,1996.501,1 2,North,2,7,51
3,4,11,6,1996.88,1 2,North,2,8,51
0,4,12,2,1999.745,3 4,North,2,0,51
0,4,12,2,2000.357,2 4,North,2,0,51
0,4,12,2,2000.901,1 4,North,2,0,51
0,4,12,2,2001.493,0 4,North,2,0,51
0,4,12,1,2002.039,0 4,West,2,0,51
0,4,12,1,2002.625,0 4,South,2,0,51
0,4,12,2,2003.17,1 4,South,2,0,51
0,4,12,3,2003.766,1 4,West,2,0,51
0,4,12,2,2004.373,1 3,West,2,0,51
0,4,12,1,2005.185,1 3,South,2,0,51
0,4,12,2,2005.798,2 3,South,2,0,51
0,4,12,3,2006.404,2 3,West,2,0,51
0,4,12,2,2006.952,2 2,West,2,0,51
0,4,12,3,2007.527,2 2,North,2,0,51
0,4,12,2,2008.304,1 2,North,2,0,51
0,4,12,2,2009.38,0 2,North,2,0,51
0,4,12,1,2010.04,0 2,West,2,0,51
0,4,12,2,2010.671,0 1,West,2,0,51
0,4,12,2,2011.312,0 0,West,2,0,51
0,4,12,6,2011.72,0 0,West,2,1,51
0,4,12,1,2011.909,0 0,South,2,1,51
0,4,12,1,2012.528,0 0,East,2,1,51
0,4,12,2,2013.234,0 1,East,2,1,51
0,4,12,2,2014.063,0 2,East,2,1,51
0,4,12,3,2014.613,0 2,South,2,1,51
0,4,12,2,2015.17,1 2,South,2,1,51
0,4,12,2,2015.796,2 2,South,2,1,51
0,4,12,1,2016.629,2 2,East,2,1,51
0,4,12,2,2017.302,2 3,East,2,1,51
0,4,12,1,2017.877,2 3,North,2,1,51
0,4,12,2,2018.403,1 3,North,2,1,51
0,4,12,3,2019.396,1 3,East,2,1,51
0,4,12,2,2019.97,1 4,East,2,1,51
0,4,12,6,2020.38,1 4,East,2,2,51
0,4,12,3,2020.726,1 4,South,2,2,51
0,4,12,2,2021.368,2 4,South,2,2,51
0,4,12,2,2021.955,3 4,South,2,2,51
0,4,12,3,2022.691,3 4,West,2,2,51
0,4,12,1,2023.304,3 4,South,2,2,51
0,4,12,2,2023.863,4 4,South,2,2,51
0,4,12,3,2024.823,4 4,West,2,2,51
0,4,12,2,2025.381,4 3,West,2,2,51
0,4,12,2,2026.064,4 2,West,2,2,51
0,4,12,6,2026.48,4 2,West,2,3,51
0,4,12,3,2026.946,4 2,North,2,3,51
0,4,12,2,2027.828,3 2,North,2,3,51
0,4,12,1,2028.372,3 2,West,2,3,51
0,4,12,2,2029.007,3 1,West,2,3,51
0,4,12,3,2029.52,3 1,North,2,3,51
0,4,12,2,2030.097,2 1,North,2,3,51
0,4,12,2,2030.775,1 1,North,2,3,51
0,4,12,6,2031.16,1 1,North,2,4,51
0,4,12,1,2031.328,1 1,West,2,4,51
0,4,12,2,2031.96,1 0,West,2,4,51
0,4,12,1,2032.528,1 0,South,2,4,51
0,4,12,2,2033.143,2 0,South,2,4,51
0,4,12,2,2033.767,3 0,South,2,4,51
0,4,12,6,2034.14,3 0,South,2,5,51
0,4,12,2,2034.544,4 0,South,2,5,51
0,4,12,1,2035.094,4 0,East,2,5,51
0,4,12,2,2035.698,4 1,East,2,5,51
0,4,12,1,2036.551,4 1,North,2,5,51
0,4,12,1,2037.235,4 1,West,2,5,51
0,4,12,2,2037.81,4 0,West,2,5,51
0,4,12,3,2038.575,4 0,North,2,5,51
0,4,12,2,2039.153,3 0,North,2,5,51
0,4,12,2,2039.751,2 0,North,2,5,51
0,4,12,2,2040.421,1 0,North,2,5,51
0,4,12,3,2041.238,1 0,East,2,5,51
0,4,12,2,2041.858,1 1,East,2,5,51
0,4,12,3,2042.402,1 1,South,2,5,51
0,4,12,2,2042.913,2 1,South,2,5,51
0,4,12,2,2043.511,3 1,South,2,5,51
0,4,12,1,2044.023,3 1,East,2,5,51
0,4,12,2,2044.536,3 2,East,2,5,51
0,4,12,3,2045.526,3 2,South,2,5,51
0,4,12,2,2046.131,4 2,South,2,5,51
0,4,12,1,2046.74,4 2,East,2,5,51
0,4,12,2,2047.27,4 3,East,2,5,51
0,4,12,2,2047.874,4 4,East,2,5,51
0,4,12,1,2048.448,4 4,North,2,5,51
0,4,12,2,2049.008,3 4,North,2,5,51
0,4,12,2,2049.634,2 4,North,2,5,51
0,4,12,2,2050.295,1 4,North,2,5,51
0,4,12,1,2050.945,1 4,West,2,5,51
0,4,12,3,2051.479,1 4,North,2,5,51
0,4,12,2,2052.386,0 4,North,2,5,51
0,4,12,1,2053.078,0 4,West,2,5,51
0,4,12,1,2053.745,0 4,South,2,5,51
0,4,12,2,2054.289,1 4,South,2,5,51
0,4,12,3,2055.208,1 4,West,2,5,51
0,4,12,2,2056.149,1 3,West,2,5,51
0,4,12,1,2056.728,1 3,South,2,5,51
0,4,12,2,2057.298,2 3,South,2,5,51
0,4,12,3,2057.83,2 3,West,2,5,51
0,4,12,2,2058.449,2 2,West,2,5,51
0,4,12,3,2059.408,2 2,North,2,5,51
0,4,12,2,2060.047,1 2,North,2,5,51
0,4,12,6,2060.42,1 2,North,2,6,51
0,4,12,2,2060.677,0 2,North,2,6,51
0,4,12,1,2061.215,0 2,West,2,6,51
0,4,12,2,2061.922,0 1,West,2,6,51
0,4,12,1,2062.835,0 1,South,2,6,51
0,4,12,1,2063.525,0 1,East,2,6,51
0,4,12,2,2064.407,0 2,East,2,6,51
0,4,12,3,2064.95,0 2,South,2,6,51
0,4,12,2,2065.57,1 2,South,2,6,51
0,4,12,2,2066.18,2 2,South,2,6,51
0,4,12,1,2066.742,2 2,East,2,6,51
0,4,12,2,2067.353,2 3,East,2,6,51
0,4,12,1,2067.873,2 3,North,2,6,51
0,4,12,2,2068.393,1 3,North,2,6,51
0,4,12,3,2068.911,1 3,East,2,6,51
0,4,12,2,2069.935,1 4,East,2,6,51
0,4,12,3,2070.74,1 4,South,2,6,51
0,4,12,2,2071.296,2 4,South,2,6,51
0,4,12,2,2071.922,3 4,South,2,6,51
0,4,12,2,2072.479,4 4,South,2,6,51
0,4,12,3,2073.302,4 4,West,2,6,51
0,4,12,2,2073.814,4 3,West,2,6,51
0,4,12,3,2074.384,4 3,North,2,6,51
0,4,12,1,2075.111,4 3,West,2,6,51
0,4,12,2,2076.031,4 2,West,2,6,51
0,4,12,3,2076.767,4 2,North,2,6,51
0,4,12,2,2077.345,3 2,North,2,6,51
0,4,12,1,2078.212,3 2,West,2,6,51
0,4,12,2,2078.902,3 1,West,2,6,51
0,4,12,6,2079.32,3 1,West,2,7,51
0,4,12,3,2079.459,3 1,North,2,7,51
0,4,12,3,2080.096,3 1,East,2,7,51
0,4,12,2,2080.743,3 2,East,2,7,51
0,4,12,6,2081.16,3 2,East,2,8,51
3,4,12,1,2085.312,4 3,North,2,0,0
3,4,12,1,2085.936,4 2,North,2,0,0
3,4,12,6,2086.34,4 2,North,2,1,0
3,4,12,2,2087.973,3 2,North,2,1,0
3,4,12,1,2088.58,3 1,North,2,1,0
3,4,12,2,2089.156,2 1,North,2,1,0
3,4,12,2,2090.167,1 1,North,2,1,0
3,4,12,6,2090.56,1 1,North,2,2,0
3,4,12,1,2091.665,1 0,North,2,2,0
3,4,12,2,2092.368,1 0,North,2,2,1
3,4,12,3,2092.932,1 1,North,2,2,1
3,4,12,2,2093.682,1 1,North,2,2,2
3,4,12,3,2094.292,1 1,North,2,2,3
3,4,12,3,2097.305,1 1,North,2,2,4
3,4,12,4,2098.199,2 1,North,2,2,4
3,4,12,4,2099.896,3 1,North,2,2,4
3,4,12,3,2100.463,3 2,North,2,2,4
3,4,12,4,2101.049,4 2,North,2,2,4
3,4,12,3,2101.685,4 3,North,2,2,4
3,4,12,3,2102.261,4 4,North,2,2,4
3,4,12,2,2102.872,3 4,North,2,2,4
3,4,12,2,2103.56,2 4,North,2,2,4
3,4,12,2,2104.262,1 4,North,2,2,4
3,4,12,2,2105.158,0 4,North,2,2,4
3,4,12,1,2105.859,0 3,North,2,2,4
3,4,12,4,2106.515,0 3,North,2,2,5
3,4,12,1,2107.209,0 3,North,2,2,6
3,4,12,3,2107.81,0 4,North,2,2,6
3,4,12,4,2108.596,1 4,North,2,2,6
3,4,12,1,2109.218,1 3,North,2,2,6
3,4,12,1,2110.359,1 3,North,2,2,7
3,4,12,4,2111.041,2 3,North,2,2,7
3,4,12,1,2111.732,2 2,North,2,2,7
3,4,12,2,2112.999,1 2,North,2,2,7
3,4,12,1,2114.577,1 2,North,2,2,8
3,4,12,2,2115.185,0 2,North,2,2,8
3,4,12,1,2116.02,0 1,North,2,2,8
3,4,12,1,2116.688,0 0,North,2,2,8
3,4,12,6,2117.1,0 0,North,2,3,8
3,4,12,3,2117.472,0 1,North,2,3,8
3,4,12,3,2118.181,0 2,North,2,3,8
3,4,12,4,2118.898,1 2,North,2,3,8
3,4,12,4,2122.035,2 2,North,2,3,8
3,4,12,1,2123.746,2 2,North,2,3,9
3,4,12,4,2124.287,2 2,North,2,3,10
3,4,12,3,2124.824,2 3,North,2,3,10
3,4,12,3,2125.712,2 3,North,2,3,11
3,4,12,2,2126.312,1 3,North,2,3,11
3,4,12,3,2126.947,1 4,North,2,3,11
3,4,12,6,2127.36,1 4,North,2,4,11
3,4,12,1,2127.76,1 3,North,2,4,11
3,4,12,3,2128.472,1 4,North,2,4,11
3,4,12,4,2129.24,2 4,North,2,4,11
3,4,12,4,2129.922,3 4,North,2,4,11
3,4,12,4,2130.692,4 4,North,2,4,11
3,4,12,1,2131.461,4 3,North,2,4,11
3,4,12,1,2132.223,4 2,North,2,4,11
3,4,12,2,2133.4,3 2,North,2,4,11
3,4,12,1,2134.008,3 1,North,2,4,11
3,4,12,2,2134.633,2 1,North,2,4,11
3,4,12,1,2135.22,2 1,North,2,4,12
3,4,12,4,2135.969,3 1,North,2,4,12
3,4,12,1,2136.631,3 1,North,2,4,13
3,4,12,4,2137.768,3 1,North,2,4,14
3,4,12,3,2138.648,3 2,North,2,4,14
3,4,12,2,2139.217,3 2,North,2,4,15
3,4,12,1,2141.016,3 1,North,2,4,15
3,4,12,2,2141.654,2 1,North,2,4,15
3,4,12,1,2143.495,2 1,North,2,4,16
3,4,12,2,2144.336,1 1,North,2,4,16
3,4,12,1,2145.151,1 0,North,2,4,16
3,4,12,4,2145.833,2 0,North,2,4,16
3,4,12,4,2146.447,3 0,North,2,4,16
3,4,12,6,2146.8,3 0,North,2,5,16
3,4,12,2,2147.104,2 0,North,2,5,16
3,4,12,2,2147.761,1 0,North,2,5,16
3,4,12,3,2148.599,1 1,North,2,5,16
3,4,12,3,2149.604,1 1,North,2,5,17
3,4,12,4,2150.175,2 1,North,2,5,17
3,4,12,4,2150.902,3 1,North,2,5,17
3,4,12,3,2151.541,3 2,North,2,5,17
3,4,12,4,2152.102,4 2,North,2,5,17
3,4,12,3,2152.678,4 3,North,2,5,17
3,4,12,6,2153.08,4 3,North,2,6,17
3,4,12,1,2153.329,4 2,North,2,6,17
3,4,12,2,2153.865,3 2,North,2,6,17
3,4,12,1,2154.417,3 1,North,2,6,17
3,4,12,6,2154.82,3 1,North,2,7,17
3,4,12,3,2155.015,3 2,North,2,7,17
3,4,12,3,2155.632,3 3,North,2,7,17
3,4,12,1,2156.369,3 2,North,2,7,17
3,4,12,4,2157.017,4 2,North,2,7,17
3,4,12,3,2157.59,4 3,North,2,7,17
3,4,12,3,2158.135,4 4,North,2,7,17
3,4,12,2,2158.818,3 4,North,2,7,17
3,4,12,2,2159.637,2 4,North,2,7,17
3,4,12,2,2160.202,1 4,North,2,7,17
3,4,12,2,2160.97,0 4,North,2,7,17
3,4,12,6,2161.36,0 4,North,2,8,17
0,5,13,2,2177.192,3 4,North,3,0,17
0,5,13,1,2178.232,3 4,West,3,0,17
0,5,13,2,2179.048,3 3,West,3,0,17
0,5,13,3,2179.635,3 3,North,3,0,17
0,5,13,2,2180.615,2 3,North,3,0,17
0,5,13,2,2181.251,1 3,North,3,0,17
0,5,13,2,2181.935,0 3,North,3,0,17
0,5,13,3,2182.585,0 3,East,3,0,17
0,5,13,2,2183.863,0 4,East,3,0,17
0,5,13,3,2184.517,0 4,South,3,0,17
0,5,13,2,2185.206,1 4,South,3,0,17
0,5,13,6,2185.58,1 4,South,3,1,17
0,5,13,3,2186.069,1 4,West,3,1,17
0,5,13,3,2186.737,1 4,North,3,1,17
0,5,13,2,2187.426,0 4,North,3,1,17
0,5,13,1,2188.001,0 4,West,3,1,17
0,5,13,2,2188.759,0 3,West,3,1,17
0,5,13,1,2189.316,0 3,South,3,1,17
0,5,13,2,2189.944,1 3,South,3,1,17
0,5,13,2,2190.583,2 3,South,3,1,17
0,5,13,6,2190.96,2 3,South,3,2,17
0,5,13,2,2191.317,3 3,South,3,2,17
0,5,13,1,2191.923,3 3,East,3,2,17
0,5,13,2,2192.469,3 4,East,3,2,17
0,5,13,3,2193.01,3 4,South,3,2,17
0,5,13,2,2193.558,4 4,South,3,2,17
0,5,13,3,2194.115,4 4,West,3,2,17
0,5,13,2,2194.675,4 3,West,3,2,17
0,5,13,2,2195.297,4 2,West,3,2,17
0,5,13,3,2195.968,4 2,North,3,2,17
0,5,13,2,2196.614,3 2,North,3,2,17
0,5,13,1,2197.135,3 2,West,3,2,17
0,5,13,2,2198.049,3 1,West,3,2,17
0,5,13,2,2198.657,3 0,West,3,2,17
0,5,13,3,2199.216,3 0,North,3,2,17
0,5,13,2,2199.764,2 0,North,3,2,17
0,5,13,2,2200.335,1 0,North,3,2,17
0,5,13,3,2200.855,1 0,East,3,2,17
0,5,13,2,2201.425,1 1,East,3,2,17
0,5,13,3,2202.387,1 1,South,3,2,17
0,5,13,2,2202.975,2 1,South,3,2,17
0,5,13,1,2203.543,2 1,East,3,2,17
0,5,13,2,2204.104,2 2,East,3,2,17
0,5,13,1,2204.628,2 2,North,3,2,17
0,5,13,2,2205.171,1 2,North,3,2,17
0,5,13,6,2205.56,1 2,North,3,3,17
0,5,13,2,2205.855,0 2,North,3,3,17
0,5,13,1,2206.439,0 2,West,3,3,17
0,5,13,2,2207.062,0 1,West,3,3,17
0,5,13,1,2208.084,0 1,South,3,3,17
0,5,13,1,2208.623,0 1,East,3,3,17
0,5,13,2,2209.239,0 2,East,3,3,17
0,5,13,3,2209.76,0 2,South,3,3,17
0,5,13,2,2210.291,1 2,South,3,3,17
0,5,13,2,2210.899,2 2,South,3,3,17
0,5,13,3,2211.765,2 2,West,3,3,17
0,5,13,2,2212.375,2 1,West,3,3,17
0,5,13,3,2212.915,2 1,North,3,3,17
0,5,13,2,2213.46,1 1,North,3,3,17
0,5,13,1,2214.437,1 1,West,3,3,17
0,5,13,2,2214.996,1 0,West,3,3,17
0,5,13,1,2215.553,1 0,South,3,3,17
0,5,13,2,2216.177,2 0,South,3,3,17
0,5,13,2,2216.771,3 0,South,3,3,17
0,5,13,6,2217.16,3 0,South,3,4,17
0,5,13,1,2217.314,3 0,East,3,4,17
0,5,13,2,2217.896,3 1,East,3,4,17
0,5,13,2,2218.496,3 2,East,3,4,17
0,5,13,3,2219.045,3 2,South,3,4,17
0,5,13,2,2219.6,4 2,South,3,4,17
0,5,13,1,2220.534,4 2,East,3,4,17
0,5,13,2,2221.176,4 3,East,3,4,17
0,5,13,6,2221.58,4 3,East,3,5,17
0,5,13,2,2221.89,4 4,East,3,5,17
0,5,13,1,2222.449,4 4,North,3,5,17
0,5,13,2,2223.119,3 4,North,3,5,17
0,5,13,1,2223.649,3 4,West,3,5,17
0,5,13,2,2224.169,3 3,West,3,5,17
0,5,13,3,2225.056,3 3,North,3,5,17
0,5,13,2,2225.91,2 3,North,3,5,17
0,5,13,2,2226.481,1 3,North,3,5,17
0,5,13,2,2227.042,0 3,North,3,5,17
0,5,13,3,2227.698,0 3,East,3,5,17
0,5,13,2,2228.388,0 4,East,3,5,17
0,5,13,3,2229.22,0 4,South,3,5,17
0,5,13,2,2229.775,1 4,South,3,5,17
0,5,13,2,2230.424,2 4,South,3,5,17
0,5,13,3,2231.124,2 4,West,3,5,17
0,5,13,3,2231.713,2 4,North,3,5,17
0,5,13,2,2232.326,1 4,North,3,5,17
0,5,13,2,2232.928,0 4,North,3,5,17
0,5,13,1,2233.748,0 4,West,3,5,17
0,5,13,2,2234.324,0 3,West,3,5,17
0,5,13,1,2234.833,0 3,South,3,5,17
0,5,13,2,2235.393,1 3,South,3,5,17
0,5,13,2,2235.924,2 3,South,3,5,17
0,5,13,2,2236.743,3 3,South,3,5,17
0,5,13,1,2237.335,3 3,East,3,5,17
0,5,13,2,2237.881,3 4,East,3,5,17
0,5,13,3,2238.422,3 4,South,3,5,17
0,5,13,2,2238.968,4 4,South,3,5,17
0,5,13,3,2239.504,4 4,West,3,5,17
0,5,13,2,2240.144,4 3,West,3,5,17
0,5,13,3,2241.919,4 3,North,3,5,17
0,5,13,1,2242.936,4 3,West,3,5,17
0,5,13,2,2243.783,4 2,West,3,5,17
0,5,13,3,2244.337,4 2,North,3,5,17
0,5,13,1,2245.14,4 2,West,3,5,17
0,5,13,2,2245.78,4 1,West,3,5,17
0,5,13,2,2246.751,4 0,West,3,5,17
0,5,13,3,2247.602,4 0,North,3,5,17
0,5,13,3,2248.308,4 0,East,3,5,17
0,5,13,2,2249.027,4 1,East,3,5,17
0,5,13,2,2249.859,4 2,East,3,5,17
0,5,13,1,2251.121,4 2,North,3,5,17
0,5,13,1,2252.695,4 2,West,3,5,17
0,5,13,3,2253.344,4 2,North,3,5,17
0,5,13,3,2254.101,4 2,East,3,5,17
0,5,13,1,2254.837,4 2,North,3,5,17
0,5,13,2,2255.604,3 2,North,3,5,17
0,5,13,1,2256.163,3 2,West,3,5,17
0,5,13,2,2256.743,3 1,West,3,5,17
0,5,13,2,2257.667,3 0,West,3,5,17
0,5,13,3,2258.26,3 0,North,3,5,17
0,5,13,2,2258.933,2 0,North,3,5,17
0,5,13,6,2259.32,2 0,North,3,6,17
0,5,13,2,2259.655,1 0,North,3,6,17
0,5,13,3,2260.233,1 0,East,3,6,17
0,5,13,2,2261.079,1 1,East,3,6,17
0,5,13,3,2261.638,1 1,South,3,6,17
0,5,13,2,2262.226,2 1,South,3,6,17
0,5,13,1,2263.111,2 1,East,3,6,17
0,5,13,2,2263.795,2 2,East,3,6,17
0,5,13,1,2264.319,2 2,North,3,6,17
0,5,13,2,2265.075,1 2,North,3,6,17
0,5,13,2,2265.727,0 2,North,3,6,17
0,5,13,1,2266.274,0 2,West,3,6,17
0,5,13,2,2266.913,0 1,West,3,6,17
0,5,13,1,2267.424,0 1,South,3,6,17
0,5,13,1,2268.148,0 1,East,3,6,17
0,5,13,2,2268.754,0 2,East,3,6,17
0,5,13,3,2269.653,0 2,South,3,6,17
0,5,13,2,2270.402,1 2,South,3,6,17
0,5,13,2,2271.14,2 2,South,3,6,17
0,5,13,3,2271.668,2 2,West,3,6,17
0,5,13,2,2272.341,2 1,West,3,6,17
0,5,13,3,2272.897,2 1,North,3,6,17
0,5,13,2,2273.842,1 1,North,3,6,17
0,5,13,1,2274.374,1 1,West,3,6,17
0,5,13,2,2274.934,1 0,West,3,6,17
0,5,13,1,2275.6,1 0,South,3,6,17
0,5,13,2,2276.127,2 0,South,3,6,17
0,5,13,2,2276.76,3 0,South,3,6,17
0,5,13,1,2277.281,3 0,East,3,6,17
0,5,13,2,2277.91,3 1,East,3,6,17
0,5,13,3,2278.677,3 1,South,3,6,17
0,5,13,1,2279.234,3 1,East,3,6,17
0,5,13,2,2280.055,3 2,East,3,6,17
0,5,13,3,2280.632,3 2,South,3,6,17
0,5,13,2,2281.522,4 2,South,3,6,17
0,5,13,1,2282.05,4 2,East,3,6,17
0,5,13,2,2282.816,4 3,East,3,6,17
0,5,13,2,2283.477,4 4,East,3,6,17
0,5,13,1,2284.063,4 4,North,3,6,17
0,5,13,2,2284.658,3 4,North,3,6,17
0,5,13,6,2285.04,3 4,North,3,7,17
0,5,13,1,2286.722,3 4,West,3,7,17
0,5,13,2,2288.758,3 3,West,3,7,17
0,5,13,3,2290.146,3 3,North,3,7,17
0,5,13,2,2290.927,2 3,North,3,7,17
0,5,13,2,2291.688,1 3,North,3,7,17
0,5,13,2,2292.341,0 3,North,3,7,17
0,5,13,3,2292.964,0 3,East,3,7,17
0,5,13,3,2293.765,0 3,South,3,7,17
0,5,13,1,2294.645,0 3,East,3,7,17
0,5,13,3,2295.849,0 3,South,3,7,17
0,5,13,1,2297.126,0 3,East,3,7,17
0,5,13,3,2298.052,0 3,South,3,7,17
0,5,13,1,2300.037,0 3,East,3,7,17
0,5,13,3,2300.898,0 3,South,3,7,17
0,5,13,1,2302.052,0 3,East,3,7,17
0,5,13,2,2302.769,0 4,East,3,7,17
0,5,13,3,2303.344,0 4,South,3,7,17
0,5,13,2,2304.23,1 4,South,3,7,17
0,5,13,3,2304.771,1 4,West,3,7,17
0,5,13,3,2305.414,1 4,North,3,7,17
0,5,13,2,2306.279,0 4,North,3,7,17
0,5,13,1,2306.919,0 4,West,3,7,17
0,5,13,2,2307.713,0 3,West,3,7,17
0,5,13,1,2308.225,0 3,South,3,7,17
0,5,13,2,2309.471,1 3,South,3,7,17
0,5,13,2,2310.191,2 3,South,3,7,17
0,5,13,2,2311.044,3 3,South,3,7,17
0,5,13,1,2311.689,3 3,East,3,7,17
0,5,13,1,2312.483,3 3,North,3,7,17
0,5,13,3,2314.165,3 3,East,3,7,17
0,5,13,2,2314.735,3 4,East,3,7,17
0,5,13,3,2315.285,3 4,South,3,7,17
0,5,13,2,2316.021,4 4,South,3,7,17
0,5,13,3,2316.722,4 4,West,3,7,17
0,5,13,2,2318.513,4 3,West,3,7,17
0,5,13,2,2319.136,4 2,West,3,7,17
0,5,13,3,2319.798,4 2,North,3,7,17
0,5,13,2,2320.449,3 2,North,3,7,17
0,5,13,1,2320.994,3 2,West,3,7,17
0,5,13,2,2321.65,3 1,West,3,7,17
0,5,13,2,2322.303,3 0,West,3,7,17
0,5,13,3,2323.032,3 0,North,3,7,17
0,5,13,2,2323.798,2 0,North,3,7,17
0,5,13,2,2324.404,1 0,North,3,7,17
0,5,13,3,2324.992,1 0,East,3,7,17
0,5,13,2,2325.67,1 1,East,3,7,17
0,5,13,3,2326.228,1 1,South,3,7,17
0,5,13,2,2326.912,2 1,South,3,7,17
0,5,13,1,2327.444,2 1,East,3,7,17
0,5,13,2,2327.987,2 2,East,3,7,17
0,5,13,1,2328.625,2 2,North,3,7,17
0,5,13,2,2329.151,1 2,North,3,7,17
0,5,13,2,2329.746,0 2,North,3,7,17
0,5,13,1,2330.337,0 2,West,3,7,17
0,5,13,2,2330.864,0 1,West,3,7,17
0,5,13,2,2331.477,0 0,West,3,7,17
0,5,13,6,2331.88,0 0,West,3,8,17
3,5,13,2,2341.363,3 4,North,3,0,0
3,5,13,6,2341.74,3 4,North,3,1,0
3,5,13,1,2344.786,3 3,North,3,1,0
3,5,13,2,2345.353,2 3,North,3,1,0
3,5,13,2,2346.118,1 3,North,3,1,0
3,5,13,1,2346.92,1 3,North,3,1,1
3,5,13,2,2347.585,0 3,North,3,1,1
3,5,13,1,2348.375,0 3,North,3,1,2
3,5,13,3,2348.953,0 4,North,3,1,2
3,5,13,4,2350.674,1 4,North,3,1,2
3,5,13,4,2351.36,2 4,North,3,1,2
3,5,13,4,2352.019,2 4,North,3,1,3
3,5,13,1,2352.644,2 4,North,3,1,4
3,5,13,1,2353.512,2 4,North,3,1,5
3,5,13,2,2353.943,1 4,North,3,1,5
3,5,13,1,2354.563,1 4,North,3,1,6
3,5,13,4,2355.514,2 4,North,3,1,6
3,5,13,4,2356.119,2 4,North,3,1,7
3,5,13,2,2356.736,1 4,North,3,1,7
3,5,13,2,2357.377,0 4,North,3,1,7
3,5,13,1,2357.937,0 3,North,3,1,7
3,5,13,1,2358.565,0 3,North,3,1,8
3,5,13,4,2359.313,1 3,North,3,1,8
3,5,13,1,2360.049,1 3,North,3,1,9
3,5,13,4,2360.618,2 3,North,3,1,9
3,5,13,4,2361.365,3 3,North,3,1,9
3,5,13,3,2364.611,3 4,North,3,1,9
3,5,13,4,2365.303,4 4,North,3,1,9
3,5,13,1,2366.407,4 3,North,3,1,9
3,5,13,1,2367.159,4 2,North,3,1,9
3,5,13,1,2368.272,4 1,North,3,1,9
3,5,13,1,2368.959,4 0,North,3,1,9
3,5,13,3,2369.599,4 1,North,3,1,9
3,5,13,3,2370.227,4 2,North,3,1,9
3,5,13,2,2370.912,3 2,North,3,1,9
3,5,13,1,2371.539,3 1,North,3,1,9
3,5,13,2,2372.305,3 1,North,3,1,10
3,5,13,1,2373.016,3 0,North,3,1,10
3,5,13,2,2373.656,2 0,North,3,1,10
3,5,13,2,2374.562,1 0,North,3,1,10
3,5,13,2,2375.376,1 0,North,3,1,11
3,5,13,3,2375.924,1 1,North,3,1,11
3,5,13,2,2376.545,1 1,North,3,1,12
3,5,13,3,2377.188,1 1,North,3,1,13
3,5,13,4,2378.762,2 1,North,3,1,13
3,5,13,3,2379.344,2 2,North,3,1,13
3,5,13,2,2379.945,1 2,North,3,1,13
3,5,13,2,2380.631,0 2,North,3,1,13
3,5,13,1,2381.38,0 1,North,3,1,13
3,5,13,1,2382.164,0 0,North,3,1,13
3,5,13,6,2382.56,0 0,North,3,2,13
3,5,13,3,2382.932,0 1,North,3,2,13
3,5,13,3,2383.621,0 2,North,3,2,13
3,5,13,4,2384.29,1 2,North,3,2,13
3,5,13,4,2385.05,2 2,North,3,2,13
3,5,13,3,2385.7,2 2,North,3,2,14
3,5,13,2,2386.276,1 2,North,3,2,14
3,5,13,3,2386.95,1 2,North,3,2,15
3,5,13,4,2387.509,2 2,North,3,2,15
3,5,13,4,2388.674,2 2,North,3,2,16
3,5,13,1,2389.215,2 1,North,3,2,16
3,5,13,4,2389.864,2 1,North,3,2,17
3,5,13,1,2390.553,2 1,North,3,2,18
3,5,13,2,2391.427,1 1,North,3,2,18
3,5,13,1,2392.166,1 0,North,3,2,18
3,5,13,4,2392.964,2 0,North,3,2,18
3,5,13,4,2393.768,3 0,North,3,2,18
3,5,13,3,2395.536,3 1,North,3,2,18
3,5,13,3,2396.738,3 2,North,3,2,18
3,5,13,3,2398.389,3 2,North,3,2,19
3,5,13,1,2399.063,3 1,North,3,2,19
3,5,13,1,2402.48,3 0,North,3,2,19
3,5,13,3,2403.248,3 1,North,3,2,19
3,5,13,4,2404.258,3 1,North,3,2,20
3,5,13,3,2404.873,3 2,North,3,2,20
3,5,13,4,2405.488,4 2,North,3,2,20
3,5,13,2,2406.656,3 2,North,3,2,20
3,5,13,4,2407.335,4 2,North,3,2,20
3,5,13,3,2408.886,4 3,North,3,2,20
3,5,13,3,2409.431,4 4,North,3,2,20
3,5,13,2,2409.99,3 4,North,3,2,20
3,5,13,2,2410.76,3 4,North,3,2,21
3,5,13,1,2411.383,3 3,North,3,2,21
3,5,13,2,2412,2 3,North,3,2,21
3,5,13,3,2412.673,2 3,North,3,2,22
3,5,13,2,2413.361,1 3,North,3,2,22
3,5,13,3,2414.105,1 3,North,3,2,23
3,5,13,2,2414.833,0 3,North,3,2,23
3,5,13,3,2415.543,0 4,North,3,2,23
3,5,13,4,2416.169,1 4,North,3,2,23
3,5,13,6,2416.52,1 4,North,3,3,23
3,5,13,2,2416.934,0 4,North,3,3,23
3,5,13,1,2417.816,0 3,North,3,3,23
3,5,13,4,2418.582,1 3,North,3,3,23
3,5,13,4,2419.498,2 3,North,3,3,23
3,5,13,4,2423.747,3 3,North,3,3,23
3,5,13,3,2425.588,3 4,North,3,3,23
3,5,13,4,2427.267,4 4,North,3,3,23
3,5,13,1,2427.973,4 3,North,3,3,23
3,5,13,1,2428.674,4 2,North,3,3,23
3,5,13,2,2429.937,3 2,North,3,3,23
3,5,13,1,2430.76,3 1,North,3,3,23
3,5,13,1,2431.591,3 0,North,3,3,23
3,5,13,6,2432,3 0,North,3,4,23
3,5,13,3,2432.61,3 1,North,3,4,23
3,5,13,2,2433.367,3 1,North,3,4,24
3,5,13,1,2434.135,3 0,North,3,4,24
3,5,13,2,2434.823,2 0,North,3,4,24
3,5,13,3,2435.7,2 0,North,3,4,25
3,5,13,4,2436.5,3 0,North,3,4,25
3,5,13,3,2437.156,3 1,North,3,4,25
3,5,13,3,2437.839,3 2,North,3,4,25
3,5,13,2,2438.518,3 2,North,3,4,26
3,5,13,3,2439.186,3 2,North,3,4,27
3,5,13,4,2439.952,4 2,North,3,4,27
3,5,13,3,2440.631,4 3,North,3,4,27
3,5,13,3,2441.333,4 4,North,3,4,27
3,5,13,2,2441.953,3 4,North,3,4,27
3,5,13,2,2442.626,3 4,North,3,4,28
3,5,13,1,2443.476,3 3,North,3,4,28
3,5,13,2,2447.41,2 3,North,3,4,28
3,5,13,1,2449.616,2 3,North,3,4,29
3,5,13,2,2450.258,1 3,North,3,4,29
3,5,13,1,2450.977,1 3,North,3,4,30
3,5,13,2,2452.101,0 3,North,3,4,30
3,5,13,1,2452.791,0 3,North,3,4,31
3,5,13,4,2453.54,1 3,North,3,4,31
3,5,13,4,2454.425,2 3,North,3,4,31
3,5,13,4,2455.298,3 3,North,3,4,31
3,5,13,1,2455.876,3 3,North,3,4,32
3,5,13,4,2456.531,3 3,North,3,4,33
3,5,13,3,2457.215,3 4,North,3,4,33
3,5,13,4,2457.798,4 4,North,3,4,33
3,5,13,1,2458.423,4 3,North,3,4,33
3,5,13,1,2459.025,4 2,North,3,4,33
3,5,13,2,2459.745,3 2,North,3,4,33
3,5,13,1,2461.08,3 1,North,3,4,33
3,5,13,1,2462.386,3 0,North,3,4,33
3,5,13,2,2463.269,2 0,North,3,4,33
3,5,13,3,2464.073,2 0,North,3,4,34
3,5,13,2,2464.707,1 0,North,3,4,34
3,5,13,3,2465.587,1 1,North,3,4,34
3,5,13,4,2466.305,2 1,North,3,4,34
3,5,13,6,2466.66,2 1,North,3,5,34
3,5,13,2,2467.044,1 1,North,3,5,34
3,5,13,1,2467.7,1 0,North,3,5,34
3,5,13,4,2468.321,2 0,North,3,5,34
3,5,13,4,2470.999,3 0,North,3,5,34
3,5,13,3,2471.924,3 1,North,3,5,34
3,5,13,3,2472.962,3 2,North,3,5,34
3,5,13,4,2473.555,4 2,North,3,5,34
3,5,13,1,2474.231,4 1,North,3,5,34
3,5,13,1,2474.815,4 0,North,3,5,34
3,5,13,6,2475.22,4 0,North,3,6,34
3,5,13,3,2475.431,4 1,North,3,6,34
3,5,13,3,2476.04,4 2,North,3,6,34
3,5,13,3,2476.72,4 3,North,3,6,34
3,5,13,3,2477.511,4 4,North,3,6,34
3,5,13,2,2478.248,3 4,North,3,6,34
3,5,13,1,2478.818,3 3,North,3,6,34
3,5,13,2,2479.449,2 3,North,3,6,34
3,5,13,3,2480.024,2 3,North,3,6,35
3,5,13,2,2480.546,1 3,North,3,6,35
3,5,13,3,2481.216,1 3,North,3,6,36
3,5,13,2,2481.751,0 3,North,3,6,36
3,5,13,3,2482.34,0 4,North,3,6,36
3,5,13,4,2482.913,1 4,North,3,6,36
3,5,13,4,2483.539,2 4,North,3,6,36
3,5,13,6,2483.9,2 4,North,3,7,36
3,5,13,2,2484.24,1 4,North,3,7,36
3,5,13,2,2484.851,0 4,North,3,7,36
3,5,13,1,2485.4,0 3,North,3,7,36
3,5,13,1,2486.033,0 3,North,3,7,37
3,5,13,4,2486.567,1 3,North,3,7,37
3,5,13,4,2487.24,2 3,North,3,7,37
3,5,13,4,2487.863,3 3,North,3,7,37
3,5,13,1,2488.993,3 3,North,3,7,38
3,5,13,3,2489.848,3 4,North,3,7,38
3,5,13,4,2490.469,4 4,North,3,7,38
3,5,13,1,2491.027,4 3,North,3,7,38
3,5,13,1,2491.667,4 2,North,3,7,38
3,5,13,2,2492.323,3 2,North,3,7,38
3,5,13,1,2492.949,3 1,North,3,7,38
3,5,13,6,2493.36,3 1,North,3,8,38
0,5,14,2,2496.451,3 4,North,3,0,38
0,5,14,1,2496.993,3 4,West,3,0,38
0,5,14,2,2497.542,3 3,West,3,0,38
0,5,14,6,2497.96,3 3,West,3,1,38
0,5,14,3,2498.409,3 3,North,3,1,38
0,5,14,2,2498.96,2 3,North,3,1,38
0,5,14,2,2499.606,1 3,North,3,1,38
0,5,14,2,2500.261,0 3,North,3,1,38
0,5,14,3,2500.903,0 3,East,3,1,38
0,5,14,2,2501.525,0 4,East,3,1,38
0,5,14,3,2502.103,0 4,South,3,1,38
0,5,14,2,2503.013,1 4,South,3,1,38
0,5,14,2,2503.6,2 4,South,3,1,38
0,5,14,6,2503.98,2 4,South,3,2,38
0,5,14,3,2504.193,2 4,West,3,2,38
0,5,14,3,2504.822,2 4,North,3,2,38
0,5,14,1,2506.116,2 4,West,3,2,38
0,5,14,1,2507.248,2 4,South,3,2,38
0,5,14,3,2508.184,2 4,West,3,2,38
0,5,14,3,2508.888,2 4,North,3,2,38
0,5,14,2,2509.635,1 4,North,3,2,38
0,5,14,2,2510.292,0 4,North,3,2,38
0,5,14,1,2510.888,0 4,West,3,2,38
0,5,14,2,2511.521,0 3,West,3,2,38
0,5,14,1,2512.102,0 3,South,3,2,38
0,5,14,1,2514.289,0 3,East,3,2,38
0,5,14,2,2515.072,0 4,East,3,2,38
0,5,14,3,2515.601,0 4,South,3,2,38
0,5,14,3,2516.964,0 4,West,3,2,38
0,5,14,1,2517.743,0 4,South,3,2,38
0,5,14,2,2518.897,1 4,South,3,2,38
0,5,14,2,2519.513,2 4,South,3,2,38
0,5,14,3,2520.245,2 4,West,3,2,38
0,5,14,3,2520.815,2 4,North,3,2,38
0,5,14,2,2521.636,1 4,North,3,2,38
0,5,14,2,2522.344,0 4,North,3,2,38
0,5,14,1,2522.935,0 4,West,3,2,38
0,5,14,2,2523.699,0 3,West,3,2,38
0,5,14,1,2524.278,0 3,South,3,2,38
0,5,14,2,2525.094,1 3,South,3,2,38
0,5,14,2,2525.807,2 3,South,3,2,38
0,5,14,2,2526.527,3 3,South,3,2,38
0,5,14,1,2527.153,3 3,East,3,2,38
0,5,14,2,2527.766,3 4,East,3,2,38
0,5,14,3,2528.295,3 4,South,3,2,38
0,5,14,2,2528.912,4 4,South,3,2,38
0,5,14,3,2529.65,4 4,West,3,2,38
0,5,14,2,2530.497,4 3,West,3,2,38
0,5,14,2,2531.055,4 2,West,3,2,38
0,5,14,2,2532.065,4 1,West,3,2,38
0,5,14,6,2532.48,4 1,West,3,3,38
0,5,14,3,2532.789,4 1,North,3,3,38
0,5,14,3,2533.717,4 1,East,3,3,38
0,5,14,2,2534.58,4 2,East,3,3,38
0,5,14,1,2535.558,4 2,North,3,3,38
0,5,14,2,2536.151,3 2,North,3,3,38
0,5,14,6,2536.54,3 2,North,3,4,38
0,5,14,1,2536.678,3 2,West,3,4,38
0,5,14,2,2537.22,3 1,West,3,4,38
0,5,14,2,2537.909,3 0,West,3,4,38
0,5,14,3,2538.501,3 0,North,3,4,38
0,5,14,2,2539.08,2 0,North,3,4,38
0,5,14,2,2539.602,1 0,North,3,4,38
0,5,14,3,2540.281,1 0,East,3,4,38
0,5,14,2,2540.995,1 1,East,3,4,38
0,5,14,3,2541.603,1 1,South,3,4,38
0,5,14,2,2542.232,2 1,South,3,4,38
0,5,14,1,2542.816,2 1,East,3,4,38
0,5,14,2,2543.415,2 2,East,3,4,38
0,5,14,1,2543.958,2 2,North,3,4,38
0,5,14,2,2544.481,1 2,North,3,4,38
0,5,14,2,2545.106,0 2,North,3,4,38
0,5,14,1,2545.654,0 2,West,3,4,38
0,5,14,2,2546.182,0 1,West,3,4,38
0,5,14,1,2546.738,0 1,South,3,4,38
0,5,14,1,2547.41,0 1,East,3,4,38
0,5,14,2,2548.006,0 2,East,3,4,38
0,5,14,3,2548.519,0 2,South,3,4,38
0,5,14,3,2549.702,0 2,West,3,4,38
0,5,14,1,2550.489,0 2,South,3,4,38
0,5,14,2,2551.094,1 2,South,3,4,38
0,5,14,2,2551.785,2 2,South,3,4,38
0,5,14,3,2552.489,2 2,West,3,4,38
0,5,14,2,2553.154,2 1,West,3,4,38
0,5,14,3,2553.673,2 1,North,3,4,38
0,5,14,2,2554.406,1 1,North,3,4,38
0,5,14,1,2554.995,1 1,West,3,4,38
0,5,14,2,2555.656,1 0,West,3,4,38
0,5,14,1,2556.177,1 0,South,3,4,38
0,5,14,2,2556.792,2 0,South,3,4,38
0,5,14,2,2557.408,3 0,South,3,4,38
0,5,14,1,2557.957,3 0,East,3,4,38
0,5,14,1,2559.33,3 0,North,3,4,38
0,5,14,3,2560.229,3 0,East,3,4,38
0,5,14,2,2560.849,3 1,East,3,4,38
0,5,14,1,2562.369,3 1,North,3,4,38
0,5,14,1,2563.12,3 1,West,3,4,38
0,5,14,2,2563.715,3 0,West,3,4,38
0,5,14,3,2564.321,3 0,North,3,4,38
0,5,14,3,2565.151,3 0,East,3,4,38
0,5,14,2,2566.067,3 1,East,3,4,38
0,5,14,2,2566.816,3 2,East,3,4,38
0,5,14,1,2567.523,3 2,North,3,4,38
0,5,14,1,2569.062,3 2,West,3,4,38
0,5,14,1,2569.905,3 2,South,3,4,38
0,5,14,2,2570.454,4 2,South,3,4,38
0,5,14,3,2571.142,4 2,West,3,4,38
0,5,14,2,2571.764,4 1,West,3,4,38
0,5,14,1,2572.323,4 1,South,3,4,38
0,5,14,1,2573.041,4 1,East,3,4,38
0,5,14,2,2574.145,4 2,East,3,4,38
0,5,14,2,2574.677,4 3,East,3,4,38
0,5,14,2,2575.283,4 4,East,3,4,38
0,5,14,1,2576.246,4 4,North,3,4,38
0,5,14,2,2576.959,3 4,North,3,4,38
0,5,14,1,2577.601,3 4,West,3,4,38
0,5,14,2,2578.208,3 3,West,3,4,38
0,5,14,3,2578.787,3 3,North,3,4,38
0,5,14,2,2579.845,2 3,North,3,4,38
0,5,14,2,2580.564,1 3,North,3,4,38
0,5,14,2,2581.265,0 3,North,3,4,38
0,5,14,6,2581.64,0 3,North,3,5,38
0,5,14,3,2581.845,0 3,East,3,5,38
0,5,14,2,2582.617,0 4,East,3,5,38
0,5,14,3,2583.154,0 4,South,3,5,38
0,5,14,3,2584.053,0 4,West,3,5,38
0,5,14,2,2584.679,0 3,West,3,5,38
0,5,14,1,2585.238,0 3,South,3,5,38
0,5,14,2,2586.021,1 3,South,3,5,38
0,5,14,2,2586.602,2 3,South,3,5,38
0,5,14,2,2587.236,3 3,South,3,5,38
0,5,14,1,2587.777,3 3,East,3,5,38
0,5,14,2,2588.307,3 4,East,3,5,38
0,5,14,3,2589.175,3 4,South,3,5,38
0,5,14,2,2589.776,4 4,South,3,5,38
0,5,14,3,2590.342,4 4,West,3,5,38
0,5,14,2,2590.897,4 3,West,3,5,38
0,5,14,2,2591.812,4 2,West,3,5,38
0,5,14,6,2592.22,4 2,West,3,6,38
0,5,14,3,2592.532,4 2,North,3,6,38
0,5,14,3,2593.843,4 2,East,3,6,38
0,5,14,1,2594.505,4 2,North,3,6,38
0,5,14,2,2595.507,3 2,North,3,6,38
0,5,14,1,2596.377,3 2,West,3,6,38
0,5,14,2,2597.48,3 1,West,3,6,38
0,5,14,2,2598.067,3 0,West,3,6,38
0,5,14,3,2598.642,3 0,North,3,6,38
0,5,14,2,2599.33,2 0,North,3,6,38
0,5,14,2,2600.274,1 0,North,3,6,38
0,5,14,3,2600.867,1 0,East,3,6,38
0,5,14,2,2601.519,1 1,East,3,6,38
0,5,14,3,2602.1,1 1,South,3,6,38
0,5,14,2,2602.674,2 1,South,3,6,38
0,5,14,1,2603.222,2 1,East,3,6,38
0,5,14,2,2603.735,2 2,East,3,6,38
0,5,14,6,2604.14,2 2,East,3,7,38
0,5,14,1,2604.641,2 2,North,3,7,38
0,5,14,2,2605.266,1 2,North,3,7,38
0,5,14,2,2605.943,0 2,North,3,7,38
0,5,14,6,2606.32,0 2,North,3,8,38
3,5,14,1,2609.827,4 3,North,3,0,0
3,5,14,1,2610.375,4 2,North,3,0,0
3,5,14,2,2610.97,3 2,North,3,0,0
3,5,14,6,2611.34,3 2,North,3,1,0
3,5,14,4,2611.752,4 2,North,3,1,0
3,5,14,3,2612.326,4 3,North,3,1,0
3,5,14,3,2612.949,4 4,North,3,1,0
3,5,14,2,2613.558,3 4,North,3,1,0
3,5,14,2,2615.028,3 4,North,3,1,1
3,5,14,1,2615.892,3 3,North,3,1,1
3,5,14,2,2621.92,2 3,North,3,1,1
3,5,14,2,2622.579,1 3,North,3,1,1
3,5,14,2,2623.715,0 3,North,3,1,1
3,5,14,6,2624.1,0 3,North,3,2,1
3,5,14,4,2624.658,1 3,North,3,2,1
3,5,14,4,2625.458,2 3,North,3,2,1
3,5,14,4,2627.722,3 3,North,3,2,1
3,5,14,2,2630.597,2 3,North,3,2,1
3,5,14,2,2631.208,1 3,North,3,2,1
3,5,14,2,2631.863,0 3,North,3,2,1
3,5,14,3,2632.516,0 4,North,3,2,1
3,5,14,4,2633.046,1 4,North,3,2,1
3,5,14,4,2633.705,2 4,North,3,2,1
3,5,14,6,2634.06,2 4,North,3,3,1
3,5,14,2,2634.312,1 4,North,3,3,1
3,5,14,2,2634.962,0 4,North,3,3,1
3,5,14,1,2635.606,0 3,North,3,3,1
3,5,14,1,2636.561,0 3,North,3,3,2
3,5,14,4,2637.06,1 3,North,3,3,2
3,5,14,1,2638.278,1 3,North,3,3,3
3,5,14,4,2638.834,2 3,North,3,3,3
3,5,14,1,2645.73,2 3,North,3,3,4
3,5,14,4,2646.417,3 3,North,3,3,4
3,5,14,1,2647.034,3 3,North,3,3,5
3,5,14,3,2647.637,3 4,North,3,3,5
3,5,14,4,2648.177,4 4,North,3,3,5
3,5,14,1,2648.79,4 3,North,3,3,5
3,5,14,1,2649.407,4 2,North,3,3,5
3,5,14,2,2649.984,3 2,North,3,3,5
3,5,14,1,2652.103,3 1,North,3,3,5
3,5,14,2,2655.219,3 1,North,3,3,6
3,5,14,1,2655.666,3 0,North,3,3,6
3,5,14,2,2656.272,2 0,North,3,3,6
3,5,14,3,2656.854,2 0,North,3,3,7
3,5,14,2,2657.474,1 0,North,3,3,7
3,5,14,2,2658.248,1 0,North,3,3,8
3,5,14,3,2658.886,1 1,North,3,3,8
3,5,14,3,2659.625,1 1,North,3,3,9
3,5,14,2,2660.156,1 1,North,3,3,10
3,5,14,3,2661.151,1 1,North,3,3,11
3,5,14,4,2661.542,2 1,North,3,3,11
3,5,14,3,2662.378,2 2,North,3,3,11
3,5,14,2,2663.075,1 2,North,3,3,11
3,5,14,2,2664.098,0 2,North,3,3,11
3,5,14,6,2664.48,0 2,North,3,4,11
3,5,14,4,2665.008,1 2,North,3,4,11
3,5,14,4,2666.52,2 2,North,3,4,11
3,5,14,4,2667.891,2 2,North,3,4,12
3,5,14,1,2668.419,2 1,North,3,4,12
3,5,14,4,2669.136,2 1,North,3,4,13
3,5,14,1,2669.843,2 1,North,3,4,14
3,5,14,3,2670.521,2 2,North,3,4,14
3,5,14,3,2671.487,2 2,North,3,4,15
3,5,14,1,2672.377,2 1,North,3,4,15
3,5,14,4,2673.062,2 1,North,3,4,16
3,5,14,2,2673.572,1 1,North,3,4,16
3,5,14,1,2674.199,1 0,North,3,4,16
3,5,14,4,2674.907,2 0,North,3,4,16
3,5,14,4,2675.668,3 0,North,3,4,16
3,5,14,3,2676.582,3 1,North,3,4,16
3,5,14,3,2677.199,3 2,North,3,4,16
3,5,14,4,2677.815,4 2,North,3,4,16
3,5,14,3,2678.37,4 3,North,3,4,16
3,5,14,6,2678.78,4 3,North,3,5,16
3,5,14,1,2678.98,4 2,North,3,5,16
3,5,14,2,2679.513,3 2,North,3,5,16
3,5,14,1,2680.097,3 1,North,3,5,16
3,5,14,2,2680.609,3 1,North,3,5,17
3,5,14,1,2681.46,3 0,North,3,5,17
3,5,14,2,2682.12,2 0,North,3,5,17
3,5,14,2,2682.805,1 0,North,3,5,17
3,5,14,3,2683.898,1 1,North,3,5,17
3,5,14,2,2684.871,1 1,North,3,5,18
3,5,14,3,2685.493,1 1,North,3,5,19
3,5,14,4,2686.018,2 1,North,3,5,19
3,5,14,3,2686.818,2 2,North,3,5,19
3,5,14,2,2687.488,1 2,North,3,5,19
3,5,14,6,2687.86,1 2,North,3,6,19
3,5,14,4,2688.278,2 2,North,3,6,19
3,5,14,1,2688.949,2 1,North,3,6,19
3,5,14,2,2690.743,1 1,North,3,6,19
3,5,14,1,2692.055,1 0,North,3,6,19
3,5,14,2,2692.833,1 0,North,3,6,20
3,5,14,3,2693.381,1 1,North,3,6,20
3,5,14,2,2693.993,1 1,North,3,6,21
3,5,14,3,2694.549,1 1,North,3,6,22
3,5,14,4,2702.757,2 1,North,3,6,22
3,5,14,3,2703.346,2 2,North,3,6,22
3,5,14,4,2704.151,2 2,North,3,6,23
3,5,14,2,2704.959,1 2,North,3,6,23
3,5,14,3,2705.717,1 2,North,3,6,24
3,5,14,2,2706.265,0 2,North,3,6,24
3,5,14,1,2706.922,0 1,North,3,6,24
3,5,14,6,2707.32,0 1,North,3,7,24
3,5,14,3,2707.528,0 2,North,3,7,24
3,5,14,4,2708.09,1 2,North,3,7,24
3,5,14,1,2708.92,1 2,North,3,7,25
3,5,14,4,2709.716,2 2,North,3,7,25
3,5,14,4,2710.991,2 2,North,3,7,26
3,5,14,3,2711.664,2 2,North,3,7,27
3,5,14,1,2713.192,2 1,North,3,7,27
3,5,14,1,2713.954,2 1,North,3,7,28
3,5,14,4,2714.8,2 1,North,3,7,29
3,5,14,1,2715.459,2 1,North,3,7,30
3,5,14,2,2715.969,1 1,North,3,7,30
3,5,14,3,2716.711,1 1,North,3,7,31
3,5,14,1,2717.685,1 0,North,3,7,31
3,5,14,4,2718.886,2 0,North,3,7,31
3,5,14,4,2722.257,3 0,North,3,7,31
3,5,14,3,2723.157,3 1,North,3,7,31
3,5,14,3,2723.798,3 2,North,3,7,31
3,5,14,4,2724.361,4 2,North,3,7,31
3,5,14,6,2724.72,4 2,North,3,8,31
0,5,15,2,2727.573,3 4,North,3,0,31
0,5,15,1,2728.185,3 4,West,3,0,31
0,5,15,2,2728.887,3 3,West,3,0,31
0,5,15,3,2729.476,3 3,North,3,0,31
0,5,15,2,2730.103,2 3,North,3,0,31
0,5,15,2,2730.726,1 3,North,3,0,31
0,5,15,2,2731.399,0 3,North,3,0,31
0,5,15,3,2732.067,0 3,East,3,0,31
0,5,15,2,2732.79,0 4,East,3,0,31
0,5,15,3,2733.49,0 4,South,3,0,31
0,5,15,3,2735.16,0 4,West,3,0,31
0,5,15,2,2735.765,0 3,West,3,0,31
0,5,15,1,2736.42,0 3,South,3,0,31
0,5,15,2,2736.932,1 3,South,3,0,31
0,5,15,2,2737.59,2 3,South,3,0,31
0,5,15,2,2738.321,3 3,South,3,0,31
0,5,15,1,2738.992,3 3,East,3,0,31
0,5,15,2,2739.625,3 4,East,3,0,31
0,5,15,3,2740.712,3 4,South,3,0,31
0,5,15,2,2741.346,4 4,South,3,0,31
0,5,15,3,2741.856,4 4,West,3,0,31
0,5,15,2,2742.499,4 3,West,3,0,31
0,5,15,2,2743.113,4 2,West,3,0,31
0,5,15,3,2743.765,4 2,North,3,0,31
0,5,15,2,2744.374,3 2,North,3,0,31
0,5,15,1,2744.912,3 2,West,3,0,31
0,5,15,2,2745.432,3 1,West,3,0,31
0,5,15,2,2745.992,3 0,West,3,0,31
0,5,15,3,2746.852,3 0,North,3,0,31
0,5,15,2,2747.383,2 0,North,3,0,31
0,5,15,2,2747.988,1 0,North,3,0,31
0,5,15,3,2748.521,1 0,East,3,0,31
0,5,15,2,2749.527,1 1,East,3,0,31
0,5,15,3,2750.448,1 1,South,3,0,31
0,5,15,2,2750.976,2 1,South,3,0,31
0,5,15,1,2751.842,2 1,East,3,0,31
0,5,15,2,2752.356,2 2,East,3,0,31
0,5,15,1,2752.927,2 2,North,3,0,31
0,5,15,2,2753.457,1 2,North,3,0,31
0,5,15,2,2754.051,0 2,North,3,0,31
0,5,15,1,2754.592,0 2,West,3,0,31
0,5,15,2,2755.139,0 1,West,3,0,31
0,5,15,6,2755.54,0 1,West,3,1,31
0,5,15,1,2756.052,0 1,South,3,1,31
0,5,15,1,2757.556,0 1,East,3,1,31
0,5,15,2,2758.247,0 2,East,3,1,31
0,5,15,3,2758.816,0 2,South,3,1,31
0,5,15,3,2759.461,0 2,West,3,1,31
0,5,15,1,2764.213,0 2,South,3,1,31
0,5,15,3,2765.408,0 2,West,3,1,31
0,5,15,1,2766.435,0 2,South,3,1,31
0,5,15,2,2767.603,1 2,South,3,1,31
0,5,15,2,2769.04,2 2,South,3,1,31
0,5,15,3,2769.683,2 2,West,3,1,31
0,5,15,2,2770.358,2 1,West,3,1,31
0,5,15,3,2770.982,2 1,North,3,1,31
0,5,15,2,2771.605,1 1,North,3,1,31
0,5,15,1,2772.146,1 1,West,3,1,31
0,5,15,2,2772.709,1 0,West,3,1,31
0,5,15,6,2773.12,1 0,West,3,2,31
0,5,15,1,2773.248,1 0,South,3,2,31
0,5,15,2,2774.112,2 0,South,3,2,31
0,5,15,2,2774.775,3 0,South,3,2,31
0,5,15,1,2775.361,3 0,East,3,2,31
0,5,15,2,2776.018,3 1,East,3,2,31
0,5,15,2,2776.695,3 2,East,3,2,31
0,5,15,3,2777.239,3 2,South,3,2,31
0,5,15,2,2777.795,4 2,South,3,2,31
0,5,15,3,2778.728,4 2,West,3,2,31
0,5,15,1,2779.282,4 2,South,3,2,31
0,5,15,1,2780.593,4 2,East,3,2,31
0,5,15,2,2781.205,4 3,East,3,2,31
0,5,15,2,2781.776,4 4,East,3,2,31
0,5,15,1,2782.293,4 4,North,3,2,31
0,5,15,2,2782.867,3 4,North,3,2,31
0,5,15,1,2783.88,3 4,West,3,2,31
0,5,15,2,2784.468,3 3,West,3,2,31
0,5,15,3,2785.056,3 3,North,3,2,31
0,5,15,2,2785.719,2 3,North,3,2,31
0,5,15,2,2786.328,1 3,North,3,2,31
0,5,15,2,2787.633,0 3,North,3,2,31
0,5,15,3,2788.257,0 3,East,3,2,31
0,5,15,2,2788.927,0 4,East,3,2,31
0,5,15,6,2789.34,0 4,East,3,3,31
0,5,15,1,2789.713,0 4,North,3,3,31
0,5,15,1,2791.062,0 4,West,3,3,31
0,5,15,2,2791.797,0 3,West,3,3,31
0,5,15,1,2792.434,0 3,South,3,3,31
0,5,15,2,2793.203,1 3,South,3,3,31
0,5,15,2,2793.83,2 3,South,3,3,31
0,5,15,2,2794.467,3 3,South,3,3,31
0,5,15,1,2795.105,3 3,East,3,3,31
0,5,15,2,2796.143,3 4,East,3,3,31
0,5,15,3,2796.758,3 4,South,3,3,31
0,5,15,2,2797.362,4 4,South,3,3,31
0,5,15,3,2798.002,4 4,West,3,3,31
0,5,15,2,2798.644,4 3,West,3,3,31
0,5,15,2,2799.202,4 2,West,3,3,31
0,5,15,3,2799.792,4 2,North,3,3,31
0,5,15,2,2800.369,3 2,North,3,3,31
0,5,15,1,2801.816,3 2,West,3,3,31
0,5,15,2,2802.385,3 1,West,3,3,31
0,5,15,2,2803.031,3 0,West,3,3,31
0,5,15,3,2803.587,3 0,North,3,3,31
0,5,15,2,2804.148,2 0,North,3,3,31
0,5,15,2,2804.773,1 0,North,3,3,31
0,5,15,3,2805.285,1 0,East,3,3,31
0,5,15,2,2805.824,1 1,East,3,3,31
0,5,15,6,2806.24,1 1,East,3,4,31
0,5,15,3,2806.337,1 1,South,3,4,31
0,5,15,2,2806.855,2 1,South,3,4,31
0,5,15,1,2807.711,2 1,East,3,4,31
0,5,15,2,2808.243,2 2,East,3,4,31
0,5,15,1,2808.787,2 2,North,3,4,31
0,5,15,2,2809.337,1 2,North,3,4,31
0,5,15,2,2809.989,0 2,North,3,4,31
0,5,15,1,2810.535,0 2,West,3,4,31
0,5,15,2,2811.234,0 1,West,3,4,31
0,5,15,1,2811.808,0 1,South,3,4,31
0,5,15,1,2813.28,0 1,East,3,4,31
0,5,15,2,2813.831,0 2,East,3,4,31
0,5,15,3,2814.369,0 2,South,3,4,31
0,5,15,2,2814.88,1 2,South,3,4,31
0,5,15,2,2815.415,2 2,South,3,4,31
0,5,15,3,2815.977,2 2,West,3,4,31
0,5,15,2,2816.768,2 1,West,3,4,31
0,5,15,3,2817.279,2 1,North,3,4,31
0,5,15,2,2817.847,1 1,North,3,4,31
0,5,15,1,2818.407,1 1,West,3,4,31
0,5,15,2,2818.963,1 0,West,3,4,31
0,5,15,1,2819.474,1 0,South,3,4,31
0,5,15,2,2820.051,2 0,South,3,4,31
0,5,15,2,2820.655,3 0,South,3,4,31
0,5,15,1,2821.184,3 0,East,3,4,31
0,5,15,2,2821.713,3 1,East,3,4,31
0,5,15,2,2822.26,3 2,East,3,4,31
0,5,15,3,2823.073,3 2,South,3,4,31
0,5,15,2,2823.639,4 2,South,3,4,31
0,5,15,3,2824.313,4 2,West,3,4,31
0,5,15,2,2825.015,4 1,West,3,4,31
0,5,15,2,2825.6,4 0,West,3,4,31
0,5,15,6,2826,4 0,West,3,5,31
0,5,15,1,2826.18,4 0,South,3,5,31
0,5,15,1,2826.962,4 0,East,3,5,31
0,5,15,2,2827.698,4 1,East,3,5,31
0,5,15,2,2828.423,4 2,East,3,5,31
0,5,15,2,2829.032,4 3,East,3,5,31
0,5,15,2,2829.616,4 4,East,3,5,31
0,5,15,1,2830.152,4 4,North,3,5,31
0,5,15,1,2830.726,4 4,West,3,5,31
0,5,15,3,2831.353,4 4,North,3,5,31
0,5,15,2,2832.296,3 4,North,3,5,31
0,5,15,1,2832.82,3 4,West,3,5,31
0,5,15,2,2834.406,3 3,West,3,5,31
0,5,15,3,2834.983,3 3,North,3,5,31
0,5,15,2,2836.388,2 3,North,3,5,31
0,5,15,2,2836.918,1 3,North,3,5,31
0,5,15,2,2837.458,0 3,North,3,5,31
0,5,15,3,2838.402,0 3,East,3,5,31
0,5,15,2,2839.088,0 4,East,3,5,31
0,5,15,3,2839.605,0 4,South,3,5,31
0,5,15,3,2840.136,0 4,West,3,5,31
0,5,15,2,2840.679,0 3,West,3,5,31
0,5,15,1,2841.361,0 3,South,3,5,31
0,5,15,2,2841.928,1 3,South,3,5,31
0,5,15,2,2842.482,2 3,South,3,5,31
0,5,15,2,2843.123,3 3,South,3,5,31
0,5,15,1,2843.637,3 3,East,3,5,31
0,5,15,2,2844.2,3 4,East,3,5,31
0,5,15,3,2845.091,3 4,South,3,5,31
0,5,15,2,2845.683,4 4,South,3,5,31
0,5,15,3,2846.208,4 4,West,3,5,31
0,5,15,2,2846.789,4 3,West,3,5,31
0,5,15,2,2847.782,4 2,West,3,5,31
0,5,15,3,2848.521,4 2,North,3,5,31
0,5,15,2,2849.234,3 2,North,3,5,31
0,5,15,1,2849.991,3 2,West,3,5,31
0,5,15,2,2850.757,3 1,West,3,5,31
0,5,15,2,2851.409,3 0,West,3,5,31
0,5,15,3,2852.041,3 0,North,3,5,31
0,5,15,2,2852.898,2 0,North,3,5,31
0,5,15,2,2853.569,1 0,North,3,5,31
0,5,15,3,2855.526,1 0,East,3,5,31
0,5,15,2,2856.37,1 1,East,3,5,31
0,5,15,3,2857.029,1 1,South,3,5,31
0,5,15,2,2858.161,2 1,South,3,5,31
0,5,15,6,2858.52,2 1,South,3,6,31
0,5,15,1,2858.815,2 1,East,3,6,31
0,5,15,2,2859.652,2 2,East,3,6,31
0,5,15,1,2860.196,2 2,North,3,6,31
0,5,15,2,2860.934,1 2,North,3,6,31
0,5,15,2,2861.557,0 2,North,3,6,31
0,5,15,1,2862.361,0 2,West,3,6,31
0,5,15,1,2863.318,0 2,South,3,6,31
0,5,15,2,2863.953,1 2,South,3,6,31
0,5,15,2,2864.562,2 2,South,3,6,31
0,5,15,3,2865.2,2 2,West,3,6,31
0,5,15,2,2865.845,2 1,West,3,6,31
0,5,15,3,2866.384,2 1,North,3,6,31
0,5,15,2,2866.959,1 1,North,3,6,31
0,5,15,1,2867.522,1 1,West,3,6,31
0,5,15,2,2868.097,1 0,West,3,6,31
0,5,15,1,2868.616,1 0,South,3,6,31
0,5,15,2,2869.22,2 0,South,3,6,31
0,5,15,2,2869.827,3 0,South,3,6,31
0,5,15,1,2870.567,3 0,East,3,6,31
0,5,15,2,2871.22,3 1,East,3,6,31
0,5,15,2,2871.904,3 2,East,3,6,31
0,5,15,3,2872.512,3 2,South,3,6,31
0,5,15,2,2873.267,4 2,South,3,6,31
0,5,15,1,2874.02,4 2,East,3,6,31
0,5,15,1,2874.72,4 2,North,3,6,31
0,5,15,2,2875.639,3 2,North,3,6,31
0,5,15,1,2876.308,3 2,West,3,6,31
0,5,15,1,2878.292,3 2,South,3,6,31
0,5,15,2,2879.04,4 2,South,3,6,31
0,5,15,1,2879.747,4 2,East,3,6,31
0,5,15,2,2880.417,4 3,East,3,6,31
0,5,15,2,2881.044,4 4,East,3,6,31
0,5,15,1,2881.698,4 4,North,3,6,31
0,5,15,2,2882.244,3 4,North,3,6,31
0,5,15,1,2882.754,3 4,West,3,6,31
0,5,15,2,2883.637,3 3,West,3,6,31
0,5,15,3,2884.361,3 3,North,3,6,31
0,5,15,2,2884.977,2 3,North,3,6,31
0,5,15,2,2885.505,1 3,North,3,6,31
0,5,15,6,2885.88,1 3,North,3,7,31
0,5,15,2,2886.183,0 3,North,3,7,31
0,5,15,3,2886.92,0 3,East,3,7,31
0,5,15,2,2887.543,0 4,East,3,7,31
0,5,15,3,2888.184,0 4,South,3,7,31
0,5,15,3,2888.821,0 4,West,3,7,31
0,5,15,2,2889.689,0 3,West,3,7,31
0,5,15,1,2890.307,0 3,South,3,7,31
0,5,15,2,2890.85,1 3,South,3,7,31
0,5,15,2,2891.552,2 3,South,3,7,31
0,5,15,2,2892.241,3 3,South,3,7,31
0,5,15,1,2892.803,3 3,East,3,7,31
0,5,15,2,2893.508,3 4,East,3,7,31
0,5,15,3,2894.098,3 4,South,3,7,31
0,5,15,2,2894.629,4 4,South,3,7,31
0,5,15,3,2895.249,4 4,West,3,7,31
0,5,15,2,2895.781,4 3,West,3,7,31
0,5,15,2,2896.375,4 2,West,3,7,31
0,5,15,3,2896.962,4 2,North,3,7,31
0,5,15,2,2897.572,3 2,North,3,7,31
0,5,15,1,2898.176,3 2,West,3,7,31
0,5,15,2,2898.879,3 1,West,3,7,31
0,5,15,6,2899.3,3 1,West,3,8,31
3,5,15,1,2902.569,4 3,North,3,0,0
3,5,15,1,2903.202,4 2,North,3,0,0
3,5,15,2,2904.179,3 2,North,3,0,0
3,5,15,1,2905.147,3 1,North,3,0,0
3,5,15,1,2907.439,3 0,North,3,0,0
3,5,15,4,2908.135,3 0,North,3,0,1
3,5,15,3,2909.316,3 1,North,3,0,1
3,5,15,3,2910.182,3 2,North,3,0,1
3,5,15,4,2910.736,4 2,North,3,0,1
3,5,15,4,2911.27,4 2,North,3,0,1
3,5,15,1,2911.537,4 1,North,3,0,1
3,5,15,1,2912.218,4 0,North,3,0,1
3,5,15,6,2912.62,4 0,North,3,1,1
3,5,15,3,2912.791,4 1,North,3,1,1
3,5,15,3,2913.67,4 2,North,3,1,1
3,5,15,2,2914.419,3 2,North,3,1,1
3,5,15,1,2915.219,3 1,North,3,1,1
3,5,15,1,2915.856,3 0,North,3,1,1
3,5,15,2,2917.732,2 0,North,3,1,1
3,5,15,2,2918.408,1 0,North,3,1,1
3,5,15,3,2919.177,1 1,North,3,1,1
3,5,15,2,2920.518,1 1,North,3,1,2
3,5,15,1,2922.754,1 0,North,3,1,2
3,5,15,2,2923.961,1 0,North,3,1,3
3,5,15,3,2924.611,1 1,North,3,1,3
3,5,15,3,2925.296,1 1,North,3,1,4
3,5,15,1,2927.856,1 0,North,3,1,4
3,5,15,4,2929.634,2 0,North,3,1,4
3,5,15,3,2931.095,2 0,North,3,1,5
3,5,15,4,2931.801,3 0,North,3,1,5
3,5,15,3,2932.84,3 1,North,3,1,5
3,5,15,3,2933.575,3 2,North,3,1,5
3,5,15,4,2934.13,4 2,North,3,1,5
3,5,15,3,2934.899,4 3,North,3,1,5
3,5,15,3,2935.476,4 4,North,3,1,5
3,5,15,2,2936.098,3 4,North,3,1,5
3,5,15,1,2938.213,3 3,North,3,1,5
3,5,15,2,2938.867,2 3,North,3,1,5
3,5,15,2,2939.715,1 3,North,3,1,5
3,5,15,2,2940.832,0 3,North,3,1,5
3,5,15,4,2944.201,1 3,North,3,1,5
3,5,15,1,2944.868,1 3,North,3,1,6
3,5,15,4,2945.608,2 3,North,3,1,6
3,5,15,1,2946.244,2 3,North,3,1,7
3,5,15,4,2946.66,3 3,North,3,1,7
3,5,15,1,2947.281,3 3,North,3,1,8
3,5,15,4,2947.846,3 3,North,3,1,9
3,5,15,3,2948.231,3 4,North,3,1,9
3,5,15,4,2948.771,4 4,North,3,1,9
3,5,15,1,2949.36,4 3,North,3,1,9
3,5,15,1,2950.054,4 2,North,3,1,9
3,5,15,2,2950.72,3 2,North,3,1,9
3,5,15,2,2953.554,3 2,North,3,1,10
3,5,15,1,2954.12,3 1,North,3,1,10
3,5,15,2,2957.185,3 1,North,3,1,11
3,5,15,1,2957.304,3 0,North,3,1,11
3,5,15,2,2958.162,2 0,North,3,1,11
3,5,15,2,2958.777,1 0,North,3,1,11
3,5,15,3,2959.497,1 1,North,3,1,11
3,5,15,2,2960.179,1 1,North,3,1,12
3,5,15,1,2960.849,1 0,North,3,1,12
3,5,15,2,2961.426,1 0,North,3,1,13
3,5,15,3,2961.809,1 1,North,3,1,13
3,5,15,3,2962.616,1 1,North,3,1,14
3,5,15,4,2963.187,2 1,North,3,1,14
3,5,15,1,2963.713,2 1,North,3,1,15
3,5,15,2,2967.415,1 1,North,3,1,15
3,5,15,1,2968.1,1 0,North,3,1,15
3,5,15,2,2969.444,1 0,North,3,1,16
3,5,15,4,2970.008,2 0,North,3,1,16
3,5,15,4,2970.592,3 0,North,3,1,16
3,5,15,3,2972.64,3 1,North,3,1,16
3,5,15,3,2973.718,3 2,North,3,1,16
3,5,15,4,2974.545,4 2,North,3,1,16
3,5,15,3,2975.56,4 3,North,3,1,16
3,5,15,3,2976.133,4 4,North,3,1,16
3,5,15,2,2976.772,3 4,North,3,1,16
3,5,15,2,2977.362,3 4,North,3,1,17
3,5,15,1,2978.498,3 3,North,3,1,17
3,5,15,2,2979.095,2 3,North,3,1,17
3,5,15,1,2979.96,2 3,North,3,1,18
3,5,15,2,2980.597,1 3,North,3,1,18
3,5,15,1,2981.398,1 3,North,3,1,19
3,5,15,2,2981.905,0 3,North,3,1,19
3,5,15,1,2982.517,0 3,North,3,1,20
3,5,15,4,2983.411,1 3,North,3,1,20
3,5,15,4,2984.199,2 3,North,3,1,20
3,5,15,4,2985.348,3 3,North,3,1,20
3,5,15,3,2986.006,3 4,North,3,1,20
3,5,15,4,2986.586,4 4,North,3,1,20
3,5,15,1,2987.135,4 3,North,3,1,20
3,5,15,1,2987.683,4 2,North,3,1,20
3,5,15,2,2988.32,3 2,North,3,1,20
3,5,15,1,2988.904,3 1,North,3,1,20
3,5,15,1,2990.404,3 0,North,3,1,20
3,5,15,2,2992.434,2 0,North,3,1,20
3,5,15,3,2993.202,2 0,North,3,1,21
3,5,15,2,2994.304,1 0,North,3,1,21
3,5,15,3,2995.589,1 1,North,3,1,21
3,5,15,3,2996.929,1 1,North,3,1,22
3,5,15,4,2997.565,2 1,North,3,1,22
3,5,15,3,2998.422,2 2,North,3,1,22
3,5,15,2,2999.142,1 2,North,3,1,22
3,5,15,2,2999.912,0 2,North,3,1,22
3,5,15,1,3000.536,0 1,North,3,1,22
3,5,15,6,3000.94,0 1,North,3,2,22
3,5,15,3,3001.203,0 2,North,3,2,22
3,5,15,4,3001.744,1 2,North,3,2,22
3,5,15,4,3002.448,2 2,North,3,2,22
3,5,15,1,3003.138,2 1,North,3,2,22
3,5,15,1,3003.793,2 1,North,3,2,23
3,5,15,4,3004.52,2 1,North,3,2,24
3,5,15,2,3005.205,1 1,North,3,2,24
3,5,15,1,3005.832,1 0,North,3,2,24
3,5,15,4,3006.42,2 0,North,3,2,24
3,5,15,6,3006.78,2 0,North,3,3,24
3,5,15,2,3007.09,1 0,North,3,3,24
3,5,15,3,3007.636,1 1,North,3,3,24
3,5,15,1,3011.843,1 0,North,3,3,24
3,5,15,4,3012.455,2 0,North,3,3,24
3,5,15,4,3013.041,3 0,North,3,3,24
3,5,15,3,3013.655,3 1,North,3,3,24
3,5,15,3,3014.531,3 2,North,3,3,24
3,5,15,4,3015.077,4 2,North,3,3,24
3,5,15,3,3015.623,4 3,North,3,3,24
3,5,15,3,3016.176,4 4,North,3,3,24
3,5,15,2,3016.9,3 4,North,3,3,24
3,5,15,2,3017.556,3 4,North,3,3,25
3,5,15,2,3017.811,3 4,North,3,3,26
3,5,15,1,3018.24,3 3,North,3,3,26
3,5,15,2,3018.952,2 3,North,3,3,26
3,5,15,2,3019.524,1 3,North,3,3,26
3,5,15,2,3020.256,0 3,North,3,3,26
3,5,15,3,3020.976,0 4,North,3,3,26
3,5,15,6,3021.38,0 4,North,3,4,26
3,5,15,1,3021.593,0 3,North,3,4,26
3,5,15,4,3022.536,1 3,North,3,4,26
3,5,15,4,3023.127,2 3,North,3,4,26
3,5,15,4,3023.877,3 3,North,3,4,26
3,5,15,3,3024.503,3 4,North,3,4,26
3,5,15,4,3025.073,4 4,North,3,4,26
3,5,15,1,3025.623,4 3,North,3,4,26
3,5,15,1,3026.214,4 2,North,3,4,26
3,5,15,2,3026.757,3 2,North,3,4,26
3,5,15,1,3027.353,3 1,North,3,4,26
3,5,15,6,3027.76,3 1,North,3,5,26
3,5,15,3,3028.033,3 2,North,3,5,26
3,5,15,1,3028.73,3 1,North,3,5,26
3,5,15,1,3029.347,3 0,North,3,5,26
3,5,15,2,3029.874,2 0,North,3,5,26
3,5,15,2,3030.499,1 0,North,3,5,26
3,5,15,6,3030.88,1 0,North,3,6,26
3,5,15,4,3031.224,2 0,North,3,6,26
3,5,15,4,3032.178,3 0,North,3,6,26
3,5,15,3,3033.079,3 1,North,3,6,26
3,5,15,3,3034.439,3 2,North,3,6,26
3,5,15,4,3037.094,4 2,North,3,6,26
3,5,15,3,3037.722,4 3,North,3,6,26
3,5,15,3,3038.307,4 4,North,3,6,26
3,5,15,2,3039.094,3 4,North,3,6,26
3,5,15,1,3040.996,3 3,North,3,6,26
3,5,15,2,3041.657,2 3,North,3,6,26
3,5,15,6,3042.04,2 3,North,3,7,26
3,5,15,4,3043.094,3 3,North,3,7,26
3,5,15,3,3043.65,3 4,North,3,7,26
3,5,15,4,3044.199,4 4,North,3,7,26
3,5,15,1,3045.144,4 3,North,3,7,26
3,5,15,1,3045.735,4 2,North,3,7,26
3,5,15,2,3046.248,3 2,North,3,7,26
3,5,15,1,3048.663,3 1,North,3,7,26
3,5,15,1,3049.175,3 0,North,3,7,26
3,5,15,2,3049.85,2 0,North,3,7,26
3,5,15,2,3050.388,1 0,North,3,7,26
3,5,15,3,3050.902,1 1,North,3,7,26
3,5,15,6,3051.3,1 1,North,3,8,26
0,6,16,2,3054.291,3 4,North,3,0,26
0,6,16,1,3054.819,3 4,West,3,0,26
0,6,16,2,3055.367,3 3,West,3,0,26
0,6,16,3,3056.096,3 3,North,3,0,26
0,6,16,2,3056.887,2 3,North,3,0,26
0,6,16,2,3057.526,1 3,North,3,0,26
0,6,16,2,3058.247,0 3,North,3,0,26
0,6,16,3,3058.92,0 3,East,3,0,26
0,6,16,2,3059.494,0 4,East,3,0,26
0,6,16,3,3060.128,0 4,South,3,0,26
0,6,16,2,3060.708,1 4,South,3,0,26
0,6,16,1,3061.351,1 4,East,3,0,26
0,6,16,1,3061.891,1 4,North,3,0,26
0,6,16,2,3062.483,0 4,North,3,0,26
0,6,16,1,3063.009,0 4,West,3,0,26
0,6,16,2,3063.528,0 3,West,3,0,26
0,6,16,1,3064.632,0 3,South,3,0,26
0,6,16,2,3065.512,1 3,South,3,0,26
0,6,16,2,3066.055,2 3,South,3,0,26
0,6,16,2,3066.612,3 3,South,3,0,26
0,6,16,1,3067.19,3 3,East,3,0,26
0,6,16,2,3067.752,3 4,East,3,0,26
0,6,16,3,3068.325,3 4,South,3,0,26
0,6,16,2,3068.854,4 4,South,3,0,26
0,6,16,3,3069.449,4 4,West,3,0,26
0,6,16,2,3069.968,4 3,West,3,0,26
0,6,16,2,3070.544,4 2,West,3,0,26
0,6,16,3,3071.092,4 2,North,3,0,26
0,6,16,2,3071.952,3 2,North,3,0,26
0,6,16,1,3072.466,3 2,West,3,0,26
0,6,16,2,3072.978,3 1,West,3,0,26
0,6,16,2,3073.538,3 0,West,3,0,26
0,6,16,3,3074.358,3 0,North,3,0,26
0,6,16,2,3074.914,2 0,North,3,0,26
0,6,16,6,3075.3,2 0,North,3,1,26
0,6,16,1,3075.57,2 0,West,3,1,26
0,6,16,3,3076.136,2 0,North,3,1,26
0,6,16,2,3076.708,1 0,North,3,1,26
0,6,16,3,3077.559,1 0,East,3,1,26
0,6,16,3,3078.288,1 0,South,3,1,26
0,6,16,1,3078.854,1 0,East,3,1,26
0,6,16,2,3079.745,1 1,East,3,1,26
0,6,16,3,3080.388,1 1,South,3,1,26
0,6,16,2,3080.944,2 1,South,3,1,26
0,6,16,1,3081.642,2 1,East,3,1,26
0,6,16,2,3082.152,2 2,East,3,1,26
0,6,16,1,3082.677,2 2,North,3,1,26
0,6,16,2,3083.225,1 2,North,3,1,26
0,6,16,2,3083.859,0 2,North,3,1,26
0,6,16,1,3084.45,0 2,West,3,1,26
0,6,16,1,3085.362,0 2,South,3,1,26
0,6,16,2,3086.004,1 2,South,3,1,26
0,6,16,2,3086.632,2 2,South,3,1,26
0,6,16,3,3087.152,2 2,West,3,1,26
0,6,16,2,3087.688,2 1,West,3,1,26
0,6,16,3,3088.483,2 1,North,3,1,26
0,6,16,2,3089.368,1 1,North,3,1,26
0,6,16,1,3089.956,1 1,West,3,1,26
0,6,16,2,3090.596,1 0,West,3,1,26
0,6,16,1,3091.282,1 0,South,3,1,26
0,6,16,2,3091.921,2 0,South,3,1,26
0,6,16,2,3092.533,3 0,South,3,1,26
0,6,16,1,3093.187,3 0,East,3,1,26
0,6,16,2,3093.763,3 1,East,3,1,26
0,6,16,2,3094.389,3 2,East,3,1,26
0,6,16,3,3094.977,3 2,South,3,1,26
0,6,16,2,3095.524,4 2,South,3,1,26
0,6,16,3,3096.214,4 2,West,3,1,26
0,6,16,3,3096.836,4 2,North,3,1,26
0,6,16,3,3097.346,4 2,East,3,1,26
0,6,16,2,3097.938,4 3,East,3,1,26
0,6,16,2,3098.456,4 4,East,3,1,26
0,6,16,1,3099.248,4 4,North,3,1,26
0,6,16,2,3099.845,3 4,North,3,1,26
0,6,16,1,3100.677,3 4,West,3,1,26
0,6,16,2,3101.236,3 3,West,3,1,26
0,6,16,3,3102.086,3 3,North,3,1,26
0,6,16,2,3102.676,2 3,North,3,1,26
0,6,16,2,3103.592,1 3,North,3,1,26
0,6,16,6,3103.98,1 3,North,3,2,26
0,6,16,1,3104.239,1 3,West,3,2,26
0,6,16,3,3105.114,1 3,North,3,2,26
0,6,16,2,3105.712,0 3,North,3,2,26
0,6,16,3,3106.375,0 3,East,3,2,26
0,6,16,2,3107.094,0 4,East,3,2,26
0,6,16,3,3107.639,0 4,South,3,2,26
0,6,16,3,3108.356,0 4,West,3,2,26
0,6,16,2,3108.868,0 3,West,3,2,26
0,6,16,1,3109.592,0 3,South,3,2,26
0,6,16,2,3110.163,1 3,South,3,2,26
0,6,16,2,3110.759,2 3,South,3,2,26
0,6,16,2,3111.36,3 3,South,3,2,26
0,6,16,1,3111.92,3 3,East,3,2,26
0,6,16,2,3112.479,3 4,East,3,2,26
0,6,16,3,3112.994,3 4,South,3,2,26
0,6,16,2,3113.523,4 4,South,3,2,26
0,6,16,3,3114.479,4 4,West,3,2,26
0,6,16,2,3115.047,4 3,West,3,2,26
0,6,16,2,3115.654,4 2,West,3,2,26
0,6,16,2,3116.229,4 1,West,3,2,26
0,6,16,2,3116.873,4 0,West,3,2,26
0,6,16,6,3117.28,4 0,West,3,3,26
0,6,16,3,3117.442,4 0,North,3,3,26
0,6,16,3,3117.99,4 0,East,3,3,26
0,6,16,2,3118.627,4 1,East,3,3,26
0,6,16,2,3119.157,4 2,East,3,3,26
0,6,16,1,3120.102,4 2,North,3,3,26
0,6,16,2,3120.678,3 2,North,3,3,26
0,6,16,1,3121.232,3 2,West,3,3,26
0,6,16,2,3121.763,3 1,West,3,3,26
0,6,16,2,3122.295,3 0,West,3,3,26
0,6,16,3,3123.128,3 0,North,3,3,26
0,6,16,2,3123.657,2 0,North,3,3,26
0,6,16,2,3124.167,1 0,North,3,3,26
0,6,16,3,3124.679,1 0,East,3,3,26
0,6,16,2,3125.601,1 1,East,3,3,26
0,6,16,3,3126.837,1 1,South,3,3,26
0,6,16,2,3128.866,2 1,South,3,3,26
0,6,16,1,3129.473,2 1,East,3,3,26
0,6,16,2,3130.424,2 2,East,3,3,26
0,6,16,1,3131.033,2 2,North,3,3,26
0,6,16,2,3131.78,1 2,North,3,3,26
0,6,16,2,3132.521,0 2,North,3,3,26
0,6,16,1,3133.3,0 2,West,3,3,26
0,6,16,1,3134.249,0 2,South,3,3,26
0,6,16,2,3135.189,1 2,South,3,3,26
0,6,16,2,3136.02,2 2,South,3,3,26
0,6,16,3,3136.614,2 2,West,3,3,26
0,6,16,2,3137.733,2 1,West,3,3,26
0,6,16,3,3138.455,2 1,North,3,3,26
0,6,16,2,3140.018,1 1,North,3,3,26
0,6,16,1,3140.76,1 1,West,3,3,26
0,6,16,2,3141.51,1 0,West,3,3,26
0,6,16,1,3142.104,1 0,South,3,3,26
0,6,16,2,3142.816,2 0,South,3,3,26
0,6,16,2,3143.494,3 0,South,3,3,26
0,6,16,1,3144.159,3 0,East,3,3,26
0,6,16,2,3144.787,3 1,East,3,3,26
0,6,16,2,3145.415,3 2,East,3,3,26
0,6,16,3,3145.989,3 2,South,3,3,26
0,6,16,2,3146.676,4 2,South,3,3,26
0,6,16,3,3147.202,4 2,West,3,3,26
0,6,16,1,3147.713,4 2,South,3,3,26
0,6,16,1,3148.834,4 2,East,3,3,26
0,6,16,2,3149.4,4 3,East,3,3,26
0,6,16,2,3150.052,4 4,East,3,3,26
0,6,16,1,3150.656,4 4,North,3,3,26
0,6,16,2,3151.204,3 4,North,3,3,26
0,6,16,1,3151.761,3 4,West,3,3,26
0,6,16,2,3152.273,3 3,West,3,3,26
0,6,16,3,3152.82,3 3,North,3,3,26
0,6,16,2,3153.705,2 3,North,3,3,26
0,6,16,6,3154.08,2 3,North,3,4,26
0,6,16,2,3154.23,1 3,North,3,4,26
0,6,16,2,3154.802,0 3,North,3,4,26
0,6,16,3,3155.525,0 3,East,3,4,26
0,6,16,2,3156.505,0 4,East,3,4,26
0,6,16,3,3157.026,0 4,South,3,4,26
0,6,16,3,3158.04,0 4,West,3,4,26
0,6,16,2,3158.608,0 3,West,3,4,26
0,6,16,1,3159.189,0 3,South,3,4,26
0,6,16,2,3159.712,1 3,South,3,4,26
0,6,16,2,3160.472,2 3,South,3,4,26
0,6,16,2,3161.042,3 3,South,3,4,26
0,6,16,1,3161.592,3 3,East,3,4,26
0,6,16,2,3162.197,3 4,East,3,4,26
0,6,16,3,3162.737,3 4,South,3,4,26
0,6,16,2,3163.333,4 4,South,3,4,26
0,6,16,3,3163.893,4 4,West,3,4,26
0,6,16,2,3164.432,4 3,West,3,4,26
0,6,16,2,3165.224,4 2,West,3,4,26
0,6,16,3,3166.115,4 2,North,3,4,26
0,6,16,2,3166.691,3 2,North,3,4,26
0,6,16,1,3167.538,3 2,West,3,4,26
0,6,16,2,3168.405,3 1,West,3,4,26
0,6,16,2,3168.992,3 0,West,3,4,26
0,6,16,3,3169.638,3 0,North,3,4,26
0,6,16,2,3170.452,2 0,North,3,4,26
0,6,16,2,3171.03,1 0,North,3,4,26
0,6,16,3,3171.569,1 0,East,3,4,26
0,6,16,2,3172.101,1 1,East,3,4,26
0,6,16,3,3173.108,1 1,South,3,4,26
0,6,16,1,3175.062,1 1,East,3,4,26
0,6,16,3,3175.702,1 1,South,3,4,26
0,6,16,2,3178.183,2 1,South,3,4,26
0,6,16,1,3178.773,2 1,East,3,4,26
0,6,16,2,3179.428,2 2,East,3,4,26
0,6,16,1,3179.972,2 2,North,3,4,26
0,6,16,2,3180.568,1 2,North,3,4,26
0,6,16,2,3181.157,0 2,North,3,4,26
0,6,16,1,3182.088,0 2,West,3,4,26
0,6,16,2,3182.771,0 1,West,3,4,26
0,6,16,2,3183.415,0 0,West,3,4,26
0,6,16,6,3183.82,0 0,West,3,5,26
0,6,16,1,3183.927,0 0,South,3,5,26
0,6,16,1,3184.777,0 0,East,3,5,26
0,6,16,2,3185.431,0 1,East,3,5,26
0,6,16,2,3186.034,0 2,East,3,5,26
0,6,16,3,3186.803,0 2,South,3,5,26
0,6,16,2,3187.393,1 2,South,3,5,26
0,6,16,2,3188.049,2 2,South,3,5,26
0,6,16,3,3188.582,2 2,West,3,5,26
0,6,16,2,3189.248,2 1,West,3,5,26
0,6,16,6,3189.66,2 1,West,3,6,26
0,6,16,3,3190.1,2 1,North,3,6,26
0,6,16,2,3190.72,1 1,North,3,6,26
0,6,16,1,3191.344,1 1,West,3,6,26
0,6,16,2,3191.958,1 0,West,3,6,26
0,6,16,1,3192.535,1 0,South,3,6,26
0,6,16,2,3193.095,2 0,South,3,6,26
0,6,16,2,3193.718,3 0,South,3,6,26
0,6,16,1,3194.306,3 0,East,3,6,26
0,6,16,2,3194.855,3 1,East,3,6,26
0,6,16,2,3195.423,3 2,East,3,6,26
0,6,16,3,3196.101,3 2,South,3,6,26
0,6,16,2,3196.663,4 2,South,3,6,26
0,6,16,1,3197.201,4 2,East,3,6,26
0,6,16,2,3197.745,4 3,East,3,6,26
0,6,16,2,3198.342,4 4,East,3,6,26
0,6,16,1,3198.932,4 4,North,3,6,26
0,6,16,2,3199.526,3 4,North,3,6,26
0,6,16,1,3200.072,3 4,West,3,6,26
0,6,16,2,3200.613,3 3,West,3,6,26
0,6,16,3,3201.2,3 3,North,3,6,26
0,6,16,2,3201.73,2 3,North,3,6,26
0,6,16,2,3202.352,1 3,North,3,6,26
0,6,16,2,3202.951,0 3,North,3,6,26
0,6,16,3,3203.526,0 3,East,3,6,26
0,6,16,2,3204.071,0 4,East,3,6,26
0,6,16,3,3204.627,0 4,South,3,6,26
0,6,16,2,3205.159,1 4,South,3,6,26
0,6,16,6,3205.54,1 4,South,3,7,26
0,6,16,1,3205.844,1 4,East,3,7,26
0,6,16,1,3206.438,1 4,North,3,7,26
0,6,16,2,3207.03,0 4,North,3,7,26
0,6,16,1,3207.538,0 4,West,3,7,26
0,6,16,2,3208.435,0 3,West,3,7,26
0,6,16,1,3209.129,0 3,South,3,7,26
0,6,16,2,3209.889,1 3,South,3,7,26
0,6,16,2,3210.566,2 3,South,3,7,26
0,6,16,2,3211.142,3 3,South,3,7,26
0,6,16,1,3211.719,3 3,East,3,7,26
0,6,16,2,3212.658,3 4,East,3,7,26
0,6,16,3,3213.169,3 4,South,3,7,26
0,6,16,2,3213.943,4 4,South,3,7,26
0,6,16,3,3214.55,4 4,West,3,7,26
0,6,16,2,3215.088,4 3,West,3,7,26
0,6,16,2,3215.752,4 2,West,3,7,26
0,6,16,2,3216.467,4 1,West,3,7,26
0,6,16,6,3216.88,4 1,West,3,8,26
3,6,16,1,3220.458,4 3,North,3,0,0
3,6,16,1,3221.046,4 2,North,3,0,0
3,6,16,2,3221.634,3 2,North,3,0,0
3,6,16,1,3224.529,3 1,North,3,0,0
3,6,16,1,3225.434,3 0,North,3,0,0
3,6,16,2,3225.973,2 0,North,3,0,0
3,6,16,6,3226.36,2 0,North,3,1,0
3,6,16,4,3226.896,3 0,North,3,1,0
3,6,16,3,3227.703,3 1,North,3,1,0
3,6,16,3,3228.355,3 2,North,3,1,0
3,6,16,4,3229.044,4 2,North,3,1,0
3,6,16,3,3229.57,4 3,North,3,1,0
3,6,16,3,3230.167,4 4,North,3,1,0
3,6,16,2,3230.768,3 4,North,3,1,0
3,6,16,1,3231.401,3 3,North,3,1,0
3,6,16,2,3231.928,2 3,North,3,1,0
3,6,16,2,3232.486,1 3,North,3,1,0
3,6,16,2,3233.027,0 3,North,3,1,0
3,6,16,3,3233.576,0 4,North,3,1,0
3,6,16,4,3234.107,1 4,North,3,1,0
3,6,16,6,3234.46,1 4,North,3,2,0
3,6,16,2,3235.03,0 4,North,3,2,0
3,6,16,1,3235.635,0 3,North,3,2,0
3,6,16,4,3236.229,1 3,North,3,2,0
3,6,16,4,3236.873,2 3,North,3,2,0
3,6,16,4,3237.794,3 3,North,3,2,0
3,6,16,3,3238.456,3 4,North,3,2,0
3,6,16,4,3239.057,4 4,North,3,2,0
3,6,16,1,3239.672,4 3,North,3,2,0
3,6,16,1,3240.692,4 2,North,3,2,0
3,6,16,2,3241.272,3 2,North,3,2,0
3,6,16,1,3242.553,3 1,North,3,2,0
3,6,16,1,3243.202,3 0,North,3,2,0
3,6,16,2,3243.865,2 0,North,3,2,0
3,6,16,2,3244.56,1 0,North,3,2,0
3,6,16,3,3246.104,1 1,North,3,2,0
3,6,16,2,3247.434,1 1,North,3,2,1
3,6,16,3,3250.708,1 1,North,3,2,2
3,6,16,1,3251.766,1 0,North,3,2,2
3,6,16,2,3252.58,1 0,North,3,2,3
3,6,16,4,3253.314,2 0,North,3,2,3
3,6,16,2,3256.92,1 0,North,3,2,3
3,6,16,2,3259.877,1 0,North,3,2,4
3,6,16,4,3262.102,2 0,North,3,2,4
3,6,16,3,3263.602,2 0,North,3,2,5
3,6,16,2,3267.334,1 0,North,3,2,5
3,6,16,2,3268.29,1 0,North,3,2,6
3,6,16,3,3273.493,1 1,North,3,2,6
3,6,16,3,3276.009,1 1,North,3,2,7
3,6,16,2,3276.738,1 1,North,3,2,8
3,6,16,4,3277.57,2 1,North,3,2,8
3,6,16,3,3278.325,2 2,North,3,2,8
3,6,16,2,3278.976,1 2,North,3,2,8
3,6,16,2,3279.673,0 2,North,3,2,8
3,6,16,1,3280.337,0 1,North,3,2,8
3,6,16,1,3280.982,0 0,North,3,2,8
3,6,16,6,3281.38,0 0,North,3,3,8
3,6,16,3,3281.622,0 1,North,3,3,8
3,6,16,3,3282.257,0 2,North,3,3,8
3,6,16,4,3282.87,1 2,North,3,3,8
3,6,16,3,3283.493,1 2,North,3,3,9
3,6,16,4,3284.08,2 2,North,3,3,9
3,6,16,4,3284.744,2 2,North,3,3,10
3,6,16,1,3286.112,2 1,North,3,3,10
3,6,16,4,3286.803,2 1,North,3,3,11
3,6,16,1,3287.402,2 1,North,3,3,12
3,6,16,2,3288.234,1 1,North,3,3,12
3,6,16,1,3288.888,1 0,North,3,3,12
3,6,16,4,3289.561,2 0,North,3,3,12
3,6,16,4,3290.131,3 0,North,3,3,12
3,6,16,3,3290.713,3 1,North,3,3,12
3,6,16,3,3291.27,3 2,North,3,3,12
3,6,16,4,3292.26,4 2,North,3,3,12
3,6,16,3,3292.818,4 3,North,3,3,12
3,6,16,3,3293.466,4 4,North,3,3,12
3,6,16,2,3294.016,3 4,North,3,3,12
3,6,16,1,3294.64,3 3,North,3,3,12
3,6,16,2,3295.239,2 3,North,3,3,12
3,6,16,2,3295.828,1 3,North,3,3,12
3,6,16,6,3296.22,1 3,North,3,4,12
3,6,16,4,3296.393,2 3,North,3,4,12
3,6,16,4,3297.078,3 3,North,3,4,12
3,6,16,3,3297.706,3 4,North,3,4,12
3,6,16,4,3298.278,4 4,North,3,4,12
3,6,16,1,3298.84,4 3,North,3,4,12
3,6,16,1,3299.427,4 2,North,3,4,12
3,6,16,6,3299.82,4 2,North,3,5,12
3,6,16,2,3300.262,3 2,North,3,5,12
3,6,16,1,3300.952,3 1,North,3,5,12
3,6,16,1,3301.529,3 0,North,3,5,12
3,6,16,2,3302.485,2 0,North,3,5,12
3,6,16,2,3303.161,1 0,North,3,5,12
3,6,16,3,3306.119,1 1,North,3,5,12
3,6,16,3,3306.849,1 1,North,3,5,13
3,6,16,4,3307.648,2 1,North,3,5,13
3,6,16,3,3308.23,2 2,North,3,5,13
3,6,16,2,3308.785,1 2,North,3,5,13
3,6,16,2,3309.431,0 2,North,3,5,13
3,6,16,1,3310.032,0 1,North,3,5,13
3,6,16,6,3310.44,0 1,North,3,6,13
3,6,16,3,3310.658,0 2,North,3,6,13
3,6,16,4,3311.238,1 2,North,3,6,13
3,6,16,4,3311.992,2 2,North,3,6,13
3,6,16,1,3313.239,2 1,North,3,6,13
3,6,16,4,3319.976,2 1,North,3,6,14
3,6,16,2,3320.577,1 1,North,3,6,14
3,6,16,1,3321.142,1 0,North,3,6,14
3,6,16,4,3321.666,2 0,North,3,6,14
3,6,16,4,3322.642,3 0,North,3,6,14
3,6,16,3,3324.838,3 1,North,3,6,14
3,6,16,3,3325.509,3 2,North,3,6,14
3,6,16,4,3326.226,4 2,North,3,6,14
3,6,16,3,3326.822,4 3,North,3,6,14
3,6,16,3,3327.427,4 4,North,3,6,14
3,6,16,2,3327.984,3 4,North,3,6,14
3,6,16,1,3328.534,3 3,North,3,6,14
3,6,16,2,3329.09,2 3,North,3,6,14
3,6,16,6,3329.48,2 3,North,3,7,14
3,6,16,4,3329.683,3 3,North,3,7,14
3,6,16,3,3330.229,3 4,North,3,7,14
3,6,16,4,3330.753,4 4,North,3,7,14
3,6,16,1,3331.271,4 3,North,3,7,14
3,6,16,1,3331.848,4 2,North,3,7,14
3,6,16,2,3332.403,3 2,North,3,7,14
3,6,16,1,3332.966,3 1,North,3,7,14
3,6,16,1,3333.521,3 0,North,3,7,14
3,6,16,2,3334.099,2 0,North,3,7,14
3,6,16,2,3334.69,1 0,North,3,7,14
3,6,16,6,3335.08,1 0,North,3,8,14
0,6,17,1,3338.056,4 4,West,3,0,14
0,6,17,3,3338.931,4 4,North,3,0,14
0,6,17,2,3339.478,3 4,North,3,0,14
0,6,17,1,3340.039,3 4,West,3,0,14
0,6,17,2,3340.661,3 3,West,3,0,14
0,6,17,3,3341.174,3 3,North,3,0,14
0,6,17,2,3341.715,2 3,North,3,0,14
0,6,17,2,3342.344,1 3,North,3,0,14
0,6,17,2,3342.968,0 3,North,3,0,14
0,6,17,3,3343.94,0 3,East,3,0,14
0,6,17,2,3344.497,0 4,East,3,0,14
0,6,17,3,3345.045,0 4,South,3,0,14
0,6,17,2,3345.554,1 4,South,3,0,14
0,6,17,1,3346.086,1 4,East,3,0,14
0,6,17,1,3346.753,1 4,North,3,0,14
0,6,17,2,3347.33,0 4,North,3,0,14
0,6,17,1,3347.976,0 4,West,3,0,14
0,6,17,2,3348.647,0 3,West,3,0,14
0,6,17,1,3349.25,0 3,South,3,0,14
0,6,17,2,3349.944,1 3,South,3,0,14
0,6,17,2,3350.545,2 3,South,3,0,14
0,6,17,2,3351.122,3 3,South,3,0,14
0,6,17,1,3351.654,3 3,East,3,0,14
0,6,17,2,3352.6,3 4,East,3,0,14
0,6,17,3,3353.462,3 4,South,3,0,14
0,6,17,2,3354.086,4 4,South,3,0,14
0,6,17,3,3354.641,4 4,West,3,0,14
0,6,17,2,3355.22,4 3,West,3,0,14
0,6,17,2,3355.844,4 2,West,3,0,14
0,6,17,3,3356.423,4 2,North,3,0,14
0,6,17,2,3357.027,3 2,North,3,0,14
0,6,17,1,3357.56,3 2,West,3,0,14
0,6,17,2,3358.073,3 1,West,3,0,14
0,6,17,2,3358.614,3 0,West,3,0,14
0,6,17,3,3359.425,3 0,North,3,0,14
0,6,17,2,3360.098,2 0,North,3,0,14
0,6,17,2,3360.676,1 0,North,3,0,14
0,6,17,3,3361.254,1 0,East,3,0,14
0,6,17,2,3361.926,1 1,East,3,0,14
0,6,17,3,3362.839,1 1,South,3,0,14
0,6,17,2,3363.368,2 1,South,3,0,14
0,6,17,1,3363.955,2 1,East,3,0,14
0,6,17,2,3364.579,2 2,East,3,0,14
0,6,17,1,3365.503,2 2,North,3,0,14
0,6,17,2,3366.167,1 2,North,3,0,14
0,6,17,2,3366.745,0 2,North,3,0,14
0,6,17,1,3367.427,0 2,West,3,0,14
0,6,17,2,3368.098,0 1,West,3,0,14
0,6,17,6,3368.5,0 1,West,3,1,14
0,6,17,1,3369.04,0 1,South,3,1,14
0,6,17,1,3369.617,0 1,East,3,1,14
0,6,17,2,3370.213,0 2,East,3,1,14
0,6,17,3,3370.759,0 2,South,3,1,14
0,6,17,2,3371.281,1 2,South,3,1,14
0,6,17,2,3371.86,2 2,South,3,1,14
0,6,17,3,3372.802,2 2,West,3,1,14
0,6,17,2,3373.38,2 1,West,3,1,14
0,6,17,3,3373.89,2 1,North,3,1,14
0,6,17,2,3374.438,1 1,North,3,1,14
0,6,17,1,3375.44,1 1,West,3,1,14
0,6,17,2,3375.959,1 0,West,3,1,14
0,6,17,1,3376.538,1 0,South,3,1,14
0,6,17,2,3377.057,2 0,South,3,1,14
0,6,17,2,3377.576,3 0,South,3,1,14
0,6,17,1,3378.455,3 0,East,3,1,14
0,6,17,2,3378.97,3 1,East,3,1,14
0,6,17,2,3379.586,3 2,East,3,1,14
0,6,17,6,3380,3 2,East,3,2,14
0,6,17,3,3380.137,3 2,South,3,2,14
0,6,17,2,3380.656,4 2,South,3,2,14
0,6,17,1,3381.553,4 2,East,3,2,14
0,6,17,2,3382.231,4 3,East,3,2,14
0,6,17,6,3382.64,4 3,East,3,3,14
0,6,17,2,3382.833,4 4,East,3,3,14
0,6,17,1,3383.398,4 4,North,3,3,14
0,6,17,1,3384.072,4 4,West,3,3,14
0,6,17,3,3384.775,4 4,North,3,3,14
0,6,17,2,3385.313,3 4,North,3,3,14
0,6,17,1,3386.016,3 4,West,3,3,14
0,6,17,2,3386.693,3 3,West,3,3,14
0,6,17,3,3387.35,3 3,North,3,3,14
0,6,17,2,3387.969,2 3,North,3,3,14
0,6,17,2,3388.578,1 3,North,3,3,14
0,6,17,2,3389.153,0 3,North,3,3,14
0,6,17,3,3389.699,0 3,East,3,3,14
0,6,17,2,3390.392,0 4,East,3,3,14
0,6,17,3,3391.042,0 4,South,3,3,14
0,6,17,2,3391.752,1 4,South,3,3,14
0,6,17,1,3392.308,1 4,East,3,3,14
0,6,17,1,3392.898,1 4,North,3,3,14
0,6,17,2,3393.481,0 4,North,3,3,14
0,6,17,1,3394.114,0 4,West,3,3,14
0,6,17,2,3394.641,0 3,West,3,3,14
0,6,17,1,3395.281,0 3,South,3,3,14
0,6,17,2,3395.794,1 3,South,3,3,14
0,6,17,2,3396.385,2 3,South,3,3,14
0,6,17,2,3396.981,3 3,South,3,3,14
0,6,17,1,3397.552,3 3,East,3,3,14
0,6,17,2,3398.09,3 4,East,3,3,14
0,6,17,3,3398.998,3 4,South,3,3,14
0,6,17,2,3399.555,4 4,South,3,3,14
0,6,17,3,3400.131,4 4,West,3,3,14
0,6,17,2,3400.648,4 3,West,3,3,14
0,6,17,2,3401.233,4 2,West,3,3,14
0,6,17,3,3401.877,4 2,North,3,3,14
0,6,17,2,3402.456,3 2,North,3,3,14
0,6,17,1,3402.977,3 2,West,3,3,14
0,6,17,2,3403.896,3 1,West,3,3,14
0,6,17,2,3404.465,3 0,West,3,3,14
0,6,17,3,3405.157,3 0,North,3,3,14
0,6,17,2,3406.13,2 0,North,3,3,14
0,6,17,2,3406.727,1 0,North,3,3,14
0,6,17,3,3407.397,1 0,East,3,3,14
0,6,17,2,3407.927,1 1,East,3,3,14
0,6,17,3,3408.48,1 1,South,3,3,14
0,6,17,2,3409.027,2 1,South,3,3,14
0,6,17,1,3409.955,2 1,East,3,3,14
0,6,17,2,3410.498,2 2,East,3,3,14
0,6,17,6,3410.9,2 2,East,3,4,14
0,6,17,1,3411.044,2 2,North,3,4,14
0,6,17,2,3411.7,1 2,North,3,4,14
0,6,17,2,3412.352,0 2,North,3,4,14
0,6,17,1,3412.994,0 2,West,3,4,14
0,6,17,1,3413.527,0 2,South,3,4,14
0,6,17,2,3414.149,1 2,South,3,4,14
0,6,17,2,3414.837,2 2,South,3,4,14
0,6,17,3,3415.428,2 2,West,3,4,14
0,6,17,2,3416.145,2 1,West,3,4,14
0,6,17,3,3416.675,2 1,North,3,4,14
0,6,17,2,3417.332,1 1,North,3,4,14
0,6,17,1,3417.904,1 1,West,3,4,14
0,6,17,2,3418.425,1 0,West,3,4,14
0,6,17,1,3419.286,1 0,South,3,4,14
0,6,17,2,3419.812,2 0,South,3,4,14
0,6,17,2,3420.418,3 0,South,3,4,14
0,6,17,1,3420.994,3 0,East,3,4,14
0,6,17,2,3421.573,3 1,East,3,4,14
0,6,17,2,3422.161,3 2,East,3,4,14
0,6,17,3,3423.079,3 2,South,3,4,14
0,6,17,2,3423.664,4 2,South,3,4,14
0,6,17,3,3424.183,4 2,West,3,4,14
0,6,17,1,3424.835,4 2,South,3,4,14
0,6,17,1,3425.553,4 2,East,3,4,14
0,6,17,2,3426.198,4 3,East,3,4,14
0,6,17,2,3426.793,4 4,East,3,4,14
0,6,17,1,3427.361,4 4,North,3,4,14
0,6,17,2,3427.944,3 4,North,3,4,14
0,6,17,1,3428.454,3 4,West,3,4,14
0,6,17,2,3429.444,3 3,West,3,4,14
0,6,17,3,3430.306,3 3,North,3,4,14
0,6,17,2,3430.884,2 3,North,3,4,14
0,6,17,2,3431.713,1 3,North,3,4,14
0,6,17,2,3432.337,0 3,North,3,4,14
0,6,17,6,3432.72,0 3,North,3,5,14
0,6,17,3,3433.08,0 3,East,3,5,14
0,6,17,2,3433.766,0 4,East,3,5,14
0,6,17,3,3434.355,0 4,South,3,5,14
0,6,17,3,3435.076,0 4,West,3,5,14
0,6,17,2,3435.751,0 3,West,3,5,14
0,6,17,1,3436.293,0 3,South,3,5,14
0,6,17,2,3436.978,1 3,South,3,5,14
0,6,17,2,3437.719,2 3,South,3,5,14
0,6,17,2,3438.308,3 3,South,3,5,14
0,6,17,1,3438.836,3 3,East,3,5,14
0,6,17,2,3439.744,3 4,East,3,5,14
0,6,17,6,3440.16,3 4,East,3,6,14
0,6,17,3,3440.288,3 4,South,3,6,14
0,6,17,2,3440.817,4 4,South,3,6,14
0,6,17,3,3441.336,4 4,West,3,6,14
0,6,17,2,3442.26,4 3,West,3,6,14
0,6,17,2,3442.834,4 2,West,3,6,14
0,6,17,3,3443.364,4 2,North,3,6,14
0,6,17,2,3443.875,3 2,North,3,6,14
0,6,17,1,3444.739,3 2,West,3,6,14
0,6,17,2,3445.336,3 1,West,3,6,14
0,6,17,2,3445.922,3 0,West,3,6,14
0,6,17,3,3446.817,3 0,North,3,6,14
0,6,17,2,3447.528,2 0,North,3,6,14
0,6,17,2,3448.151,1 0,North,3,6,14
0,6,17,3,3448.689,1 0,East,3,6,14
0,6,17,2,3449.561,1 1,East,3,6,14
0,6,17,6,3449.98,1 1,East,3,7,14
0,6,17,3,3452.232,1 1,South,3,7,14
0,6,17,2,3452.743,2 1,South,3,7,14
0,6,17,1,3453.664,2 1,East,3,7,14
0,6,17,2,3454.232,2 2,East,3,7,14
0,6,17,1,3454.757,2 2,North,3,7,14
0,6,17,2,3455.353,1 2,North,3,7,14
0,6,17,2,3455.938,0 2,North,3,7,14
0,6,17,1,3456.598,0 2,West,3,7,14
0,6,17,1,3457.122,0 2,South,3,7,14
0,6,17,2,3457.701,1 2,South,3,7,14
0,6,17,2,3458.36,2 2,South,3,7,14
0,6,17,3,3458.905,2 2,West,3,7,14
0,6,17,2,3459.601,2 1,West,3,7,14
0,6,17,3,3460.119,2 1,North,3,7,14
0,6,17,2,3460.792,1 1,North,3,7,14
0,6,17,1,3461.509,1 1,West,3,7,14
0,6,17,2,3462.181,1 0,West,3,7,14
0,6,17,1,3462.884,1 0,South,3,7,14
0,6,17,2,3463.398,2 0,South,3,7,14
0,6,17,2,3464.152,3 0,South,3,7,14
0,6,17,1,3464.695,3 0,East,3,7,14
0,6,17,2,3465.363,3 1,East,3,7,14
0,6,17,6,3465.78,3 1,East,3,8,14
3,6,17,2,3471.065,3 4,North,3,0,0
3,6,17,1,3471.713,3 3,North,3,0,0
3,6,17,2,3472.23,2 3,North,3,0,0
3,6,17,2,3472.776,1 3,North,3,0,0
3,6,17,2,3473.506,0 3,North,3,0,0
3,6,17,6,3473.9,0 3,North,3,1,0
3,6,17,4,3474.323,1 3,North,3,1,0
3,6,17,4,3475.029,2 3,North,3,1,0
3,6,17,4,3475.736,3 3,North,3,1,0
3,6,17,3,3476.28,3 4,North,3,1,0
3,6,17,4,3477.236,4 4,North,3,1,0
3,6,17,1,3477.777,4 3,North,3,1,0
3,6,17,1,3478.337,4 2,North,3,1,0
3,6,17,2,3478.871,3 2,North,3,1,0
3,6,17,6,3479.26,3 2,North,3,2,0
3,6,17,1,3480.633,3 1,North,3,2,0
3,6,17,1,3481.145,3 0,North,3,2,0
3,6,17,2,3481.84,2 0,North,3,2,0
3,6,17,2,3482.851,1 0,North,3,2,0
3,6,17,3,3483.88,1 1,North,3,2,0
3,6,17,4,3484.72,2 1,North,3,2,0
3,6,17,3,3485.273,2 2,North,3,2,0
3,6,17,2,3485.891,1 2,North,3,2,0
3,6,17,2,3486.503,0 2,North,3,2,0
3,6,17,1,3487.433,0 1,North,3,2,0
3,6,17,6,3487.84,0 1,North,3,3,0
3,6,17,3,3488.033,0 2,North,3,3,0
3,6,17,4,3488.624,1 2,North,3,3,0
3,6,17,4,3489.287,2 2,North,3,3,0
3,6,17,6,3489.64,2 2,North,3,4,0
3,6,17,1,3491.876,2 1,North,3,4,0
3,6,17,2,3492.423,1 1,North,3,4,0
3,6,17,1,3492.947,1 0,North,3,4,0
3,6,17,4,3493.527,2 0,North,3,4,0
3,6,17,4,3494.135,3 0,North,3,4,0
3,6,17,6,3494.5,3 0,North,3,5,0
3,6,17,2,3495.17,2 0,North,3,5,0
3,6,17,2,3497.968,1 0,North,3,5,0
3,6,17,3,3498.873,1 1,North,3,5,0
3,6,17,4,3499.409,2 1,North,3,5,0
3,6,17,6,3499.78,2 1,North,3,6,0
3,6,17,2,3500.088,1 1,North,3,6,0
3,6,17,1,3500.631,1 0,North,3,6,0
3,6,17,4,3501.177,2 0,North,3,6,0
3,6,17,4,3501.782,3 0,North,3,6,0
3,6,17,3,3502.306,3 1,North,3,6,0
3,6,17,3,3502.864,3 2,North,3,6,0
3,6,17,4,3503.398,4 2,North,3,6,0
3,6,17,1,3504.242,4 1,North,3,6,0
3,6,17,1,3504.851,4 0,North,3,6,0
3,6,17,6,3505.26,4 0,North,3,7,0
3,6,17,3,3505.413,4 1,North,3,7,0
3,6,17,3,3506.097,4 2,North,3,7,0
3,6,17,2,3506.694,3 2,North,3,7,0
3,6,17,1,3507.268,3 1,North,3,7,0
3,6,17,6,3507.68,3 1,North,3,8,0
0,6,18,2,3510.663,3 4,North,3,0,0
0,6,18,1,3511.201,3 4,West,3,0,0
0,6,18,2,3511.713,3 3,West,3,0,0
0,6,18,1,3512.521,3 3,South,3,0,0
0,6,18,1,3513.137,3 3,East,3,0,0
0,6,18,2,3513.686,3 4,East,3,0,0
0,6,18,3,3514.198,3 4,South,3,0,0
0,6,18,2,3514.724,4 4,South,3,0,0
0,6,18,3,3515.282,4 4,West,3,0,0
0,6,18,2,3515.828,4 3,West,3,0,0
0,6,18,2,3516.389,4 2,West,3,0,0
0,6,18,6,3516.8,4 2,West,3,1,0
0,6,18,3,3516.901,4 2,North,3,1,0
0,6,18,2,3517.415,3 2,North,3,1,0
0,6,18,1,3518.373,3 2,West,3,1,0
0,6,18,2,3518.977,3 1,West,3,1,0
0,6,18,2,3519.579,3 0,West,3,1,0
0,6,18,3,3520.162,3 0,North,3,1,0
0,6,18,2,3520.692,2 0,North,3,1,0
0,6,18,2,3521.248,1 0,North,3,1,0
0,6,18,3,3521.762,1 0,East,3,1,0
0,6,18,2,3522.76,1 1,East,3,1,0
0,6,18,3,3523.3,1 1,South,3,1,0
0,6,18,2,3523.861,2 1,South,3,1,0
0,6,18,1,3524.373,2 1,East,3,1,0
0,6,18,2,3524.905,2 2,East,3,1,0
0,6,18,1,3525.426,2 2,North,3,1,0
0,6,18,2,3526.312,1 2,North,3,1,0
0,6,18,2,3526.946,0 2,North,3,1,0
0,6,18,1,3527.494,0 2,West,3,1,0
0,6,18,2,3528.021,0 1,West,3,1,0
0,6,18,1,3528.563,0 1,South,3,1,0
0,6,18,1,3529.073,0 1,East,3,1,0
0,6,18,2,3529.585,0 2,East,3,1,0
0,6,18,3,3530.311,0 2,South,3,1,0
0,6,18,2,3530.883,1 2,South,3,1,0
0,6,18,2,3531.482,2 2,South,3,1,0
0,6,18,3,3532.021,2 2,West,3,1,0
0,6,18,2,3532.561,2 1,West,3,1,0
0,6,18,3,3533.129,2 1,North,3,1,0
0,6,18,2,3533.649,1 1,North,3,1,0
0,6,18,1,3534.179,1 1,West,3,1,0
0,6,18,2,3534.688,1 0,West,3,1,0
0,6,18,1,3535.749,1 0,South,3,1,0
0,6,18,2,3536.258,2 0,South,3,1,0
0,6,18,2,3536.817,3 0,South,3,1,0
0,6,18,1,3537.417,3 0,East,3,1,0
0,6,18,2,3537.968,3 1,East,3,1,0
0,6,18,2,3538.55,3 2,East,3,1,0
0,6,18,3,3539.207,3 2,South,3,1,0
0,6,18,2,3539.719,4 2,South,3,1,0
0,6,18,1,3540.231,4 2,East,3,1,0
0,6,18,1,3541.094,4 2,North,3,1,0
0,6,18,1,3541.728,4 2,West,3,1,0
0,6,18,3,3542.453,4 2,North,3,1,0
0,6,18,3,3543.124,4 2,East,3,1,0
0,6,18,2,3543.766,4 3,East,3,1,0
0,6,18,2,3544.453,4 4,East,3,1,0
0,6,18,1,3545.073,4 4,North,3,1,0
0,6,18,2,3545.747,3 4,North,3,1,0
0,6,18,1,3546.296,3 4,West,3,1,0
0,6,18,2,3546.809,3 3,West,3,1,0
0,6,18,3,3547.682,3 3,North,3,1,0
0,6,18,2,3548.211,2 3,North,3,1,0
0,6,18,2,3548.805,1 3,North,3,1,0
0,6,18,2,3549.361,0 3,North,3,1,0
0,6,18,3,3550.21,0 3,East,3,1,0
0,6,18,2,3550.773,0 4,East,3,1,0
0,6,18,6,3551.18,0 4,East,3,2,0
0,6,18,3,3551.333,0 4,South,3,2,0
0,6,18,3,3551.957,0 4,West,3,2,0
0,6,18,2,3552.515,0 3,West,3,2,0
0,6,18,1,3553.058,0 3,South,3,2,0
0,6,18,2,3553.573,1 3,South,3,2,0
0,6,18,2,3554.218,2 3,South,3,2,0
0,6,18,2,3554.852,3 3,South,3,2,0
0,6,18,1,3555.365,3 3,East,3,2,0
0,6,18,2,3555.92,3 4,East,3,2,0
0,6,18,3,3556.871,3 4,South,3,2,0
0,6,18,2,3557.393,4 4,South,3,2,0
0,6,18,3,3557.988,4 4,West,3,2,0
0,6,18,2,3558.534,4 3,West,3,2,0
0,6,18,2,3559.078,4 2,West,3,2,0
0,6,18,3,3559.777,4 2,North,3,2,0
0,6,18,2,3560.326,3 2,North,3,2,0
0,6,18,1,3561.204,3 2,West,3,2,0
0,6,18,2,3562.066,3 1,West,3,2,0
0,6,18,2,3562.663,3 0,West,3,2,0
0,6,18,3,3563.174,3 0,North,3,2,0
0,6,18,2,3563.798,2 0,North,3,2,0
0,6,18,2,3564.392,1 0,North,3,2,0
0,6,18,6,3564.78,1 0,North,3,3,0
0,6,18,3,3565.127,1 0,East,3,3,0
0,6,18,2,3565.685,1 1,East,3,3,0
0,6,18,3,3566.226,1 1,South,3,3,0
0,6,18,2,3567.219,2 1,South,3,3,0
0,6,18,1,3567.731,2 1,East,3,3,0
0,6,18,2,3568.309,2 2,East,3,3,0
0,6,18,1,3568.821,2 2,North,3,3,0
0,6,18,2,3569.362,1 2,North,3,3,0
0,6,18,2,3569.977,0 2,North,3,3,0
0,6,18,1,3570.515,0 2,West,3,3,0
0,6,18,1,3571.064,0 2,South,3,3,0
0,6,18,2,3571.59,1 2,South,3,3,0
0,6,18,2,3572.133,2 2,South,3,3,0
0,6,18,3,3572.696,2 2,West,3,3,0
0,6,18,2,3573.409,2 1,West,3,3,0
0,6,18,3,3574.055,2 1,North,3,3,0
0,6,18,2,3574.584,1 1,North,3,3,0
0,6,18,1,3575.142,1 1,West,3,3,0
0,6,18,2,3576.194,1 0,West,3,3,0
0,6,18,1,3576.705,1 0,South,3,3,0
0,6,18,2,3577.488,2 0,South,3,3,0
0,6,18,2,3578.082,3 0,South,3,3,0
0,6,18,1,3578.594,3 0,East,3,3,0
0,6,18,2,3579.125,3 1,East,3,3,0
0,6,18,2,3580.132,3 2,East,3,3,0
0,6,18,3,3580.722,3 2,South,3,3,0
0,6,18,2,3581.287,4 2,South,3,3,0
0,6,18,3,3581.89,4 2,West,3,3,0
0,6,18,3,3582.69,4 2,North,3,3,0
0,6,18,3,3583.288,4 2,East,3,3,0
0,6,18,2,3583.875,4 3,East,3,3,0
0,6,18,2,3584.515,4 4,East,3,3,0
0,6,18,1,3585.08,4 4,North,3,3,0
0,6,18,2,3585.593,3 4,North,3,3,0
0,6,18,1,3586.434,3 4,West,3,3,0
0,6,18,2,3586.977,3 3,West,3,3,0
0,6,18,3,3587.704,3 3,North,3,3,0
0,6,18,2,3588.255,2 3,North,3,3,0
0,6,18,2,3588.887,1 3,North,3,3,0
0,6,18,2,3589.544,0 3,North,3,3,0
0,6,18,3,3590.132,0 3,East,3,3,0
0,6,18,2,3591.076,0 4,East,3,3,0
0,6,18,3,3591.651,0 4,South,3,3,0
0,6,18,2,3592.342,1 4,South,3,3,0
0,6,18,2,3592.961,2 4,South,3,3,0
0,6,18,6,3593.34,2 4,South,3,4,0
0,6,18,1,3593.62,2 4,East,3,4,0
0,6,18,1,3594.182,2 4,North,3,4,0
0,6,18,2,3594.872,1 4,North,3,4,0
0,6,18,2,3595.446,0 4,North,3,4,0
0,6,18,1,3595.991,0 4,West,3,4,0
0,6,18,2,3596.533,0 3,West,3,4,0
0,6,18,1,3597.441,0 3,South,3,4,0
0,6,18,2,3598.022,1 3,South,3,4,0
0,6,18,2,3598.61,2 3,South,3,4,0
0,6,18,2,3599.202,3 3,South,3,4,0
0,6,18,1,3599.751,3 3,East,3,4,0
0,6,18,2,3600.375,3 4,East,3,4,0
0,6,18,3,3600.896,3 4,South,3,4,0
0,6,18,2,3601.848,4 4,South,3,4,0
0,6,18,3,3602.424,4 4,West,3,4,0
0,6,18,2,3602.962,4 3,West,3,4,0
0,6,18,2,3603.588,4 2,West,3,4,0
0,6,18,3,3604.455,4 2,North,3,4,0
0,6,18,2,3604.965,3 2,North,3,4,0
0,6,18,1,3605.73,3 2,West,3,4,0
0,6,18,2,3606.261,3 1,West,3,4,0
0,6,18,2,3606.866,3 0,West,3,4,0
0,6,18,3,3607.48,3 0,North,3,4,0
0,6,18,2,3608.001,2 0,North,3,4,0
0,6,18,2,3608.624,1 0,North,3,4,0
0,6,18,3,3609.172,1 0,East,3,4,0
0,6,18,2,3609.781,1 1,East,3,4,0
0,6,18,3,3610.296,1 1,South,3,4,0
0,6,18,2,3611.301,2 1,South,3,4,0
0,6,18,1,3611.849,2 1,East,3,4,0
0,6,18,2,3612.498,2 2,East,3,4,0
0,6,18,1,3613.081,2 2,North,3,4,0
0,6,18,2,3613.603,1 2,North,3,4,0
0,6,18,6,3613.98,1 2,North,3,5,0
0,6,18,2,3614.343,0 2,North,3,5,0
0,6,18,1,3614.884,0 2,West,3,5,0
0,6,18,1,3615.922,0 2,South,3,5,0
0,6,18,2,3616.482,1 2,South,3,5,0
0,6,18,2,3617.066,2 2,South,3,5,0
0,6,18,3,3617.796,2 2,West,3,5,0
0,6,18,2,3618.357,2 1,West,3,5,0
0,6,18,3,3619.352,2 1,North,3,5,0
0,6,18,2,3620.26,1 1,North,3,5,0
0,6,18,1,3620.962,1 1,West,3,5,0
0,6,18,2,3621.506,1 0,West,3,5,0
0,6,18,1,3622.083,1 0,South,3,5,0
0,6,18,2,3622.708,2 0,South,3,5,0
0,6,18,2,3623.28,3 0,South,3,5,0
0,6,18,6,3623.66,3 0,South,3,6,0
0,6,18,1,3623.828,3 0,East,3,6,0
0,6,18,2,3624.373,3 1,East,3,6,0
0,6,18,2,3625.042,3 2,East,3,6,0
0,6,18,3,3625.606,3 2,South,3,6,0
0,6,18,2,3626.163,4 2,South,3,6,0
0,6,18,3,3626.72,4 2,West,3,6,0
0,6,18,3,3627.286,4 2,North,3,6,0
0,6,18,3,3628.352,4 2,East,3,6,0
0,6,18,2,3628.952,4 3,East,3,6,0
0,6,18,2,3629.555,4 4,East,3,6,0
0,6,18,1,3630.104,4 4,North,3,6,0
0,6,18,2,3630.665,3 4,North,3,6,0
0,6,18,1,3631.223,3 4,West,3,6,0
0,6,18,2,3631.745,3 3,West,3,6,0
0,6,18,3,3632.278,3 3,North,3,6,0
0,6,18,2,3632.801,2 3,North,3,6,0
0,6,18,2,3633.4,1 3,North,3,6,0
0,6,18,2,3633.911,0 3,North,3,6,0
0,6,18,3,3634.565,0 3,East,3,6,0
0,6,18,2,3635.125,0 4,East,3,6,0
0,6,18,3,3635.671,0 4,South,3,6,0
0,6,18,2,3636.227,1 4,South,3,6,0
0,6,18,1,3636.76,1 4,East,3,6,0
0,6,18,1,3637.398,1 4,North,3,6,0
0,6,18,2,3637.953,0 4,North,3,6,0
0,6,18,1,3638.773,0 4,West,3,6,0
0,6,18,2,3639.72,0 3,West,3,6,0
0,6,18,1,3640.375,0 3,South,3,6,0
0,6,18,2,3641.158,1 3,South,3,6,0
0,6,18,2,3641.875,2 3,South,3,6,0
0,6,18,2,3642.53,3 3,South,3,6,0
0,6,18,1,3643.137,3 3,East,3,6,0
0,6,18,2,3643.684,3 4,East,3,6,0
0,6,18,3,3644.246,3 4,South,3,6,0
0,6,18,2,3644.823,4 4,South,3,6,0
0,6,18,3,3645.368,4 4,West,3,6,0
0,6,18,2,3645.944,4 3,West,3,6,0
0,6,18,2,3646.513,4 2,West,3,6,0
0,6,18,3,3647.156,4 2,North,3,6,0
0,6,18,2,3648.049,3 2,North,3,6,0
0,6,18,1,3648.738,3 2,West,3,6,0
0,6,18,2,3649.288,3 1,West,3,6,0
0,6,18,2,3649.894,3 0,West,3,6,0
0,6,18,3,3650.405,3 0,North,3,6,0
0,6,18,2,3651.033,2 0,North,3,6,0
0,6,18,2,3651.639,1 0,North,3,6,0
0,6,18,3,3652.352,1 0,East,3,6,0
0,6,18,2,3652.884,1 1,East,3,6,0
0,6,18,3,3653.881,1 1,South,3,6,0
0,6,18,2,3654.439,2 1,South,3,6,0
0,6,18,1,3655.076,2 1,East,3,6,0
0,6,18,2,3655.668,2 2,East,3,6,0
0,6,18,1,3656.276,2 2,North,3,6,0
0,6,18,2,3656.903,1 2,North,3,6,0
0,6,18,2,3657.491,0 2,North,3,6,0
0,6,18,6,3657.86,0 2,North,3,7,0
0,6,18,1,3658.023,0 2,West,3,7,0
0,6,18,1,3658.857,0 2,South,3,7,0
0,6,18,2,3659.427,1 2,South,3,7,0
0,6,18,2,3660.005,2 2,South,3,7,0
0,6,18,3,3660.515,2 2,West,3,7,0
0,6,18,2,3661.106,2 1,West,3,7,0
0,6,18,3,3662.054,2 1,North,3,7,0
0,6,18,2,3662.889,1 1,North,3,7,0
0,6,18,1,3663.592,1 1,West,3,7,0
0,6,18,2,3664.112,1 0,West,3,7,0
0,6,18,1,3664.69,1 0,South,3,7,0
0,6,18,2,3665.41,2 0,South,3,7,0
0,6,18,2,3665.969,3 0,South,3,7,0
0,6,18,1,3666.519,3 0,East,3,7,0
0,6,18,2,3667.104,3 1,East,3,7,0
0,6,18,2,3667.665,3 2,East,3,7,0
0,6,18,3,3668.271,3 2,South,3,7,0
0,6,18,2,3668.904,4 2,South,3,7,0
0,6,18,3,3669.621,4 2,West,3,7,0
0,6,18,1,3670.336,4 2,South,3,7,0
0,6,18,1,3670.96,4 2,East,3,7,0
0,6,18,2,3671.607,4 3,East,3,7,0
0,6,18,2,3672.23,4 4,East,3,7,0
0,6,18,1,3672.852,4 4,North,3,7,0
0,6,18,2,3673.398,3 4,North,3,7,0
0,6,18,1,3673.976,3 4,West,3,7,0
0,6,18,2,3674.818,3 3,West,3,7,0
0,6,18,6,3675.22,3 3,West,3,8,0
3,6,18,1,3678.95,4 3,North,3,0,0
3,6,18,1,3679.568,4 2,North,3,0,0
3,6,18,2,3680.161,3 2,North,3,0,0
3,6,18,1,3680.776,3 1,North,3,0,0
3,6,18,1,3681.504,3 0,North,3,0,0
3,6,18,2,3682.081,2 0,North,3,0,0
3,6,18,2,3682.744,1 0,North,3,0,0
3,6,18,6,3683.12,1 0,North,3,1,0
3,6,18,4,3683.712,2 0,North,3,1,0
3,6,18,4,3684.327,3 0,North,3,1,0
3,6,18,3,3684.856,3 1,North,3,1,0
3,6,18,3,3685.381,3 2,North,3,1,0
3,6,18,4,3685.914,4 2,North,3,1,0
3,6,18,6,3686.28,4 2,North,3,2,0
3,6,18,2,3686.532,3 2,North,3,2,0
3,6,18,4,3687.474,4 2,North,3,2,0
3,6,18,3,3688.026,4 3,North,3,2,0
3,6,18,3,3688.567,4 4,North,3,2,0
3,6,18,2,3689.241,3 4,North,3,2,0
3,6,18,1,3689.78,3 3,North,3,2,0
3,6,18,2,3690.757,2 3,North,3,2,0
3,6,18,2,3691.594,1 3,North,3,2,0
3,6,18,2,3692.217,0 3,North,3,2,0
3,6,18,3,3692.857,0 4,North,3,2,0
3,6,18,4,3693.45,1 4,North,3,2,0
3,6,18,4,3694.041,2 4,North,3,2,0
3,6,18,6,3694.4,2 4,North,3,3,0
3,6,18,2,3694.641,1 4,North,3,3,0
3,6,18,2,3695.248,0 4,North,3,3,0
3,6,18,1,3695.859,0 3,North,3,3,0
3,6,18,4,3696.516,1 3,North,3,3,0
3,6,18,4,3697.188,2 3,North,3,3,0
3,6,18,4,3697.976,3 3,North,3,3,0
3,6,18,3,3698.594,3 4,North,3,3,0
3,6,18,4,3699.11,4 4,North,3,3,0
3,6,18,1,3699.65,4 3,North,3,3,0
3,6,18,1,3700.197,4 2,North,3,3,0
3,6,18,2,3701.143,3 2,North,3,3,0
3,6,18,1,3701.669,3 1,North,3,3,0
3,6,18,1,3702.192,3 0,North,3,3,0
3,6,18,2,3702.71,2 0,North,3,3,0
3,6,18,2,3703.314,1 0,North,3,3,0
3,6,18,3,3705.81,1 1,North,3,3,0
3,6,18,4,3706.45,2 1,North,3,3,0
3,6,18,3,3707.176,2 2,North,3,3,0
3,6,18,2,3707.824,1 2,North,3,3,0
3,6,18,6,3708.2,1 2,North,3,4,0
3,6,18,4,3708.564,2 2,North,3,4,0
3,6,18,1,3709.154,2 1,North,3,4,0
3,6,18,2,3709.703,1 1,North,3,4,0
3,6,18,1,3710.277,1 0,North,3,4,0
3,6,18,4,3710.801,2 0,North,3,4,0
3,6,18,4,3711.378,3 0,North,3,4,0
3,6,18,3,3711.953,3 1,North,3,4,0
3,6,18,3,3712.48,3 2,North,3,4,0
3,6,18,4,3712.996,4 2,North,3,4,0
3,6,18,1,3713.508,4 1,North,3,4,0
3,6,18,6,3713.92,4 1,North,3,5,0
3,6,18,3,3714.056,4 2,North,3,5,0
3,6,18,3,3714.837,4 3,North,3,5,0
3,6,18,3,3715.4,4 4,North,3,5,0
3,6,18,2,3716.02,3 4,North,3,5,0
3,6,18,6,3716.4,3 4,North,3,6,0
3,6,18,4,3716.593,4 4,North,3,6,0
3,6,18,1,3717.137,4 3,North,3,6,0
3,6,18,1,3717.655,4 2,North,3,6,0
3,6,18,1,3718.568,4 1,North,3,6,0
3,6,18,3,3719.122,4 2,North,3,6,0
3,6,18,2,3720.1,3 2,North,3,6,0
3,6,18,1,3721.003,3 1,North,3,6,0
3,6,18,1,3721.589,3 0,North,3,6,0
3,6,18,2,3722.107,2 0,North,3,6,0
3,6,18,2,3722.807,1 0,North,3,6,0
3,6,18,3,3723.521,1 1,North,3,6,0
3,6,18,6,3723.92,1 1,North,3,7,0
3,6,18,1,3724.456,1 0,North,3,7,0
3,6,18,4,3725.01,2 0,North,3,7,0
3,6,18,4,3725.669,3 0,North,3,7,0
3,6,18,3,3726.242,3 1,North,3,7,0
3,6,18,3,3726.935,3 2,North,3,7,0
3,6,18,4,3727.523,4 2,North,3,7,0
3,6,18,3,3728.087,4 3,North,3,7,0
3,6,18,3,3728.704,4 4,North,3,7,0
3,6,18,2,3729.234,3 4,North,3,7,0
3,6,18,1,3729.796,3 3,North,3,7,0
3,6,18,6,3730.2,3 3,North,3,8,0
