PhaseView,Run,Trial,Key,Time,Location,Direction,MazeType,Diamonds,WallBumped
1,3,7,1,822.4255,4 3,North,2,0,2
1,3,7,1,823.3277,4 2,North,2,0,2
1,3,7,6,823.72,4 2,North,2,1,2
1,3,7,3,824.3795,4 3,North,2,1,2
1,3,7,3,824.9538,4 4,North,2,1,2
1,3,7,2,826.8316,3 4,North,2,1,2
1,3,7,2,827.3776,2 4,North,2,1,2
1,3,7,2,827.897,1 4,North,2,1,2
1,3,7,6,828.28,1 4,North,2,2,2
1,3,7,4,828.9393,2 4,North,2,2,2
1,3,7,4,830.5905,3 4,North,2,2,2
1,3,7,4,831.1015,4 4,North,2,2,2
1,3,7,1,831.7999,4 3,North,2,2,2
1,3,7,1,832.3766,4 2,North,2,2,2
1,3,7,2,832.9279,3 2,North,2,2,2
1,3,7,1,833.4868,3 1,North,2,2,2
1,3,7,2,834.0617,2 1,North,2,2,2
1,3,7,2,835.2332,1 1,North,2,2,2
1,3,7,1,835.8181,1 0,North,2,2,2
1,3,7,4,836.347,2 0,North,2,2,2
1,3,7,4,837.1499,3 0,North,2,2,2
1,3,7,4,837.9028,4 0,North,2,2,2
1,3,7,3,838.4921,4 1,North,2,2,2
1,3,7,6,838.9,4 1,North,2,3,2
1,3,7,1,839.0378,4 0,North,2,3,2
1,3,7,2,839.6955,3 0,North,2,3,2
1,3,7,2,840.4609,2 0,North,2,3,2
1,3,7,2,841.0959,1 0,North,2,3,2
1,3,7,3,841.719,1 1,North,2,3,2
1,3,7,4,842.4301,2 1,North,2,3,2
1,3,7,4,842.9699,3 1,North,2,3,2
1,3,7,3,843.613,3 2,North,2,3,2
1,3,7,4,844.1349,4 2,North,2,3,2
1,3,7,3,844.8549,4 3,North,2,3,2
1,3,7,3,845.4504,4 4,North,2,3,2
1,3,7,2,846.0269,3 4,North,2,3,2
1,3,7,2,847.0221,2 4,North,2,3,2
1,3,7,2,847.5986,1 4,North,2,3,2
1,3,7,2,848.1726,0 4,North,2,3,2
1,3,7,6,848.56,0 4,North,2,4,2
1,3,7,4,848.7432,1 4,North,2,4,2
1,3,7,4,849.7067,2 4,North,2,4,2
1,3,7,4,850.3016,3 4,North,2,4,2
1,3,7,4,850.9254,4 4,North,2,4,2
1,3,7,1,851.4827,4 3,North,2,4,2
1,3,7,6,851.88,4 3,North,2,5,2
1,3,7,1,852.0413,4 2,North,2,5,2
1,3,7,3,852.6555,4 3,North,2,5,2
1,3,7,3,853.2246,4 4,North,2,5,2
1,3,7,2,854.1581,3 4,North,2,5,2
1,3,7,2,854.688,2 4,North,2,5,2
1,3,7,2,855.2625,1 4,North,2,5,2
1,3,7,1,855.8872,1 3,North,2,5,2
1,3,7,4,856.8943,2 3,North,2,5,2
1,3,7,1,857.4789,2 2,North,2,5,2
1,3,7,2,858.0092,1 2,North,2,5,2
1,3,7,2,858.5665,0 2,North,2,5,2
1,3,7,1,859.15,0 1,North,2,5,2
1,3,7,6,859.56,0 1,North,2,6,2
1,3,7,3,859.7379,0 2,North,2,6,2
1,3,7,4,860.2993,1 2,North,2,6,2
1,3,7,6,860.66,1 2,North,2,7,2
1,3,7,4,860.8962,2 2,North,2,7,2
1,3,7,6,861.26,2 2,North,2,8,2
2,3,7,2,867.0569,3 4,North,2,0,0
2,3,7,2,867.6412,2 4,North,2,0,0
2,3,7,1,868.3047,2 4,West,2,0,0
2,3,7,2,869.1531,2 4,West,2,0,1
2,3,7,3,869.6144,2 4,North,2,0,1
2,3,7,2,870.2667,1 4,North,2,0,1
2,3,7,1,870.8103,1 4,West,2,0,1
2,3,7,2,871.4493,1 3,West,2,0,1
2,3,7,2,872.0729,1 3,West,2,0,2
2,3,7,3,872.6835,1 3,North,2,0,2
2,3,7,2,873.3426,1 3,North,2,0,3
2,3,7,1,873.8181,1 3,West,2,0,3
2,3,7,1,874.6333,1 3,South,2,0,3
2,3,7,2,875.2567,2 3,South,2,0,3
2,3,7,3,875.8519,2 3,West,2,0,3
2,3,7,2,876.5455,2 2,West,2,0,3
2,3,7,3,877.4727,2 2,North,2,0,3
2,3,7,2,878.0794,1 2,North,2,0,3
2,3,7,2,878.6664,0 2,North,2,0,3
2,3,7,1,879.2322,0 2,West,2,0,3
2,3,7,2,879.822,0 1,West,2,0,3
2,3,7,6,880.24,0 1,West,2,1,3
2,3,7,1,880.4634,0 1,South,2,1,3
2,3,7,1,881.069,0 1,East,2,1,3
2,3,7,2,881.6956,0 2,East,2,1,3
2,3,7,3,882.249,0 2,South,2,1,3
2,3,7,2,882.8629,1 2,South,2,1,3
2,3,7,2,883.4084,2 2,South,2,1,3
2,3,7,1,883.981,2 2,East,2,1,3
2,3,7,2,884.5681,2 3,East,2,1,3
2,3,7,2,885.1299,2 3,East,2,1,4
2,3,7,3,885.6606,2 3,South,2,1,4
2,3,7,2,886.2565,2 3,South,2,1,5
2,3,7,1,886.688,2 3,East,2,1,5
2,3,7,1,887.2795,2 3,North,2,1,5
2,3,7,2,887.8872,1 3,North,2,1,5
2,3,7,3,888.4067,1 3,East,2,1,5
2,3,7,2,889.1034,1 4,East,2,1,5
2,3,7,2,889.7436,1 4,East,2,1,5
2,3,7,3,890.0008,1 4,South,2,1,5
2,3,7,2,890.5698,2 4,South,2,1,5
2,3,7,2,891.1826,3 4,South,2,1,5
2,3,7,2,891.8068,4 4,South,2,1,5
2,3,7,3,892.3593,4 4,West,2,1,5
2,3,7,2,892.9208,4 3,West,2,1,5
2,3,7,2,893.4833,4 2,West,2,1,5
2,3,7,6,893.9,4 2,West,2,2,5
2,3,7,3,894.2244,4 2,North,2,2,5
2,3,7,3,894.8616,4 2,East,2,2,5
2,3,7,2,895.4703,4 3,East,2,2,5
2,3,7,2,896.0136,4 4,East,2,2,5
2,3,7,1,897.0233,4 4,North,2,2,5
2,3,7,2,897.646,3 4,North,2,2,5
2,3,7,1,898.5068,3 4,West,2,2,5
2,3,7,2,899.101,3 4,West,2,2,6
2,3,7,3,899.485,3 4,North,2,2,6
2,3,7,2,900.076,2 4,North,2,2,6
2,3,7,1,900.6989,2 4,West,2,2,6
2,3,7,2,901.3084,2 4,West,2,2,7
2,3,7,3,902.2809,2 4,North,2,2,7
2,3,7,2,902.8911,1 4,North,2,2,7
2,3,7,1,903.819,1 4,West,2,2,7
2,3,7,2,904.6514,1 3,West,2,2,7
2,3,7,1,905.181,1 3,South,2,2,7
2,3,7,2,905.7946,2 3,South,2,2,7
2,3,7,6,906.18,2 3,South,2,3,7
2,3,7,3,906.5535,2 3,West,2,3,7
2,3,7,3,907.2742,2 3,North,2,3,7
2,3,7,2,907.8218,1 3,North,2,3,7
2,3,7,1,908.3833,1 3,West,2,3,7
2,3,7,2,908.9429,1 3,West,2,3,8
2,3,7,2,909.1345,1 3,West,2,3,9
2,3,7,1,909.5181,1 3,South,2,3,9
2,3,7,2,910.1918,2 3,South,2,3,9
2,3,7,3,910.8983,2 3,West,2,3,9
2,3,7,2,911.5919,2 2,West,2,3,9
2,3,7,3,912.1407,2 2,North,2,3,9
2,3,7,2,912.9748,1 2,North,2,3,9
2,3,7,6,913.36,1 2,North,2,4,9
2,3,7,1,913.6254,1 2,West,2,4,9
2,3,7,1,914.1452,1 2,South,2,4,9
2,3,7,2,914.6674,2 2,South,2,4,9
2,3,7,2,915.2729,2 2,South,2,4,10
2,3,7,3,915.8229,2 2,West,2,4,10
2,3,7,2,916.4316,2 2,West,2,4,11
2,3,7,1,916.8766,2 2,South,2,4,11
2,3,7,1,917.8397,2 2,East,2,4,11
2,3,7,2,918.4593,2 3,East,2,4,11
2,3,7,3,919.0395,2 3,South,2,4,11
2,3,7,2,919.6578,2 3,South,2,4,12
2,3,7,1,920.0751,2 3,East,2,4,12
2,3,7,2,920.7191,2 3,East,2,4,13
2,3,7,1,921.2432,2 3,North,2,4,13
2,3,7,2,921.9016,1 3,North,2,4,13
2,3,7,3,922.6697,1 3,East,2,4,13
2,3,7,2,923.2584,1 4,East,2,4,13
2,3,7,3,923.9365,1 4,South,2,4,13
2,3,7,2,924.5264,2 4,South,2,4,13
2,3,7,2,925.116,3 4,South,2,4,13
2,3,7,3,925.7921,3 4,West,2,4,13
2,3,7,2,926.3627,3 4,West,2,4,14
2,3,7,1,926.8337,3 4,South,2,4,14
2,3,7,2,927.3909,4 4,South,2,4,14
2,3,7,2,927.9506,4 4,South,2,4,14
2,3,7,3,928.2483,4 4,West,2,4,14
2,3,7,2,928.8417,4 3,West,2,4,14
2,3,7,2,929.417,4 2,West,2,4,14
2,3,7,2,929.986,4 2,West,2,4,15
2,3,7,2,930.1559,4 2,West,2,4,16
2,3,7,3,930.5101,4 2,North,2,4,16
2,3,7,2,931.1201,3 2,North,2,4,16
2,3,7,1,931.7603,3 2,West,2,4,16
2,3,7,2,932.2829,3 1,West,2,4,16
2,3,7,1,933.4065,3 1,South,2,4,16
2,3,7,2,934.0278,3 1,South,2,4,17
2,3,7,3,934.6313,3 1,West,2,4,17
2,3,7,2,935.2923,3 1,West,2,4,18
2,3,7,1,935.856,3 1,South,2,4,18
2,3,7,1,938.0589,3 1,East,2,4,18
2,3,7,2,938.5732,3 2,East,2,4,18
2,3,7,3,939.1506,3 2,South,2,4,18
2,3,7,2,939.7255,4 2,South,2,4,18
2,3,7,3,940.2545,4 2,West,2,4,18
2,3,7,2,941.4399,4 2,West,2,4,19
2,3,7,3,941.7187,4 2,North,2,4,19
2,3,7,2,942.27,3 2,North,2,4,19
2,3,7,2,943.403,3 2,North,2,4,20
2,3,7,1,944.1855,3 2,West,2,4,20
2,3,7,2,944.7933,3 1,West,2,4,20
2,3,7,2,945.561,3 1,West,2,4,21
2,3,7,3,945.9999,3 1,North,2,4,21
2,3,7,2,946.522,2 1,North,2,4,21
2,3,7,1,947.0402,2 1,West,2,4,21
2,3,7,2,947.582,2 1,West,2,4,22
2,3,7,1,948.136,2 1,South,2,4,22
2,3,7,2,949.0812,3 1,South,2,4,22
2,3,7,2,950.093,3 1,South,2,4,23
2,3,7,3,951.4521,3 1,West,2,4,23
2,3,7,2,952.3992,3 1,West,2,4,24
2,3,7,3,953.3372,3 1,North,2,4,24
2,3,7,3,953.9361,3 1,East,2,4,24
2,3,7,2,954.5392,3 2,East,2,4,24
2,3,7,1,955.2249,3 2,North,2,4,24
2,3,7,2,955.8241,3 2,North,2,4,25
2,3,7,3,956.3032,3 2,East,2,4,25
2,3,7,2,956.9704,3 3,East,2,4,25
2,3,7,1,957.53,3 3,North,2,4,25
2,3,7,2,958.129,3 3,North,2,4,26
2,3,7,3,959.4335,3 3,East,2,4,26
2,3,7,3,960.0467,3 3,South,2,4,26
2,3,7,2,960.7051,3 3,South,2,4,27
2,3,7,3,961.1804,3 3,West,2,4,27
2,3,7,2,961.8018,3 2,West,2,4,27
2,3,7,1,962.5076,3 2,South,2,4,27
2,3,7,2,963.1135,4 2,South,2,4,27
2,3,7,3,963.9136,4 2,West,2,4,27
2,3,7,3,964.7823,4 2,North,2,4,27
2,3,7,3,965.4196,4 2,East,2,4,27
2,3,7,1,968.4073,4 2,North,2,4,27
2,3,7,2,969.2281,3 2,North,2,4,27
2,3,7,1,970.0494,3 2,West,2,4,27
2,3,7,3,970.8408,3 2,North,2,4,27
2,3,7,2,971.4697,3 2,North,2,4,28
2,3,7,1,971.9857,3 2,West,2,4,28
2,3,7,2,972.5726,3 1,West,2,4,28
2,3,7,2,973.1756,3 1,West,2,4,29
2,3,7,1,973.8187,3 1,South,2,4,29
2,3,7,2,974.5073,3 1,South,2,4,30
2,3,7,2,974.6966,3 1,South,2,4,31
2,3,7,3,974.9839,3 1,West,2,4,31
2,3,7,3,975.5939,3 1,North,2,4,31
2,3,7,2,976.2521,2 1,North,2,4,31
2,3,7,2,976.7813,1 1,North,2,4,31
2,3,7,1,978.0291,1 1,West,2,4,31
2,3,7,2,978.5901,1 0,West,2,4,31
2,3,7,1,979.1328,1 0,South,2,4,31
2,3,7,2,979.7759,2 0,South,2,4,31
2,3,7,2,980.3614,3 0,South,2,4,31
2,3,7,2,980.9402,4 0,South,2,4,31
2,3,7,1,981.545,4 0,East,2,4,31
2,3,7,2,982.2361,4 1,East,2,4,31
2,3,7,6,982.64,4 1,East,2,5,31
2,3,7,1,982.841,4 1,North,2,5,31
2,3,7,1,983.402,4 1,West,2,5,31
2,3,7,2,983.9954,4 0,West,2,5,31
2,3,7,2,984.5406,4 0,West,2,5,31
2,3,7,3,985.1035,4 0,North,2,5,31
2,3,7,2,986.256,3 0,North,2,5,31
2,3,7,2,987.8192,2 0,North,2,5,31
2,3,7,6,988.2,2 0,North,2,6,31
2,3,7,3,988.5735,2 0,East,2,6,31
2,3,7,2,989.2884,2 0,East,2,6,32
2,3,7,3,989.809,2 0,South,2,6,32
2,3,7,2,990.3817,3 0,South,2,6,32
2,3,7,1,991.1038,3 0,East,2,6,32
2,3,7,2,991.7418,3 0,East,2,6,33
2,3,7,1,992.2224,3 0,North,2,6,33
2,3,7,2,992.7945,2 0,North,2,6,33
2,3,7,2,993.4397,1 0,North,2,6,33
2,3,7,3,994.045,1 0,East,2,6,33
2,3,7,2,994.6834,1 1,East,2,6,33
2,3,7,2,995.2628,1 1,East,2,6,34
2,3,7,3,995.7529,1 1,South,2,6,34
2,3,7,2,996.3779,2 1,South,2,6,34
2,3,7,1,996.9048,2 1,East,2,6,34
2,3,7,2,997.4984,2 1,East,2,6,35
2,3,7,1,997.9962,2 1,North,2,6,35
2,3,7,2,998.6541,1 1,North,2,6,35
2,3,7,2,999.2633,1 1,North,2,6,36
2,3,7,3,1000.19,1 1,East,2,6,36
2,3,7,3,1000.857,1 1,South,2,6,36
2,3,7,2,1001.452,2 1,South,2,6,36
2,3,7,2,1002.042,3 1,South,2,6,36
2,3,7,1,1002.651,3 1,East,2,6,36
2,3,7,2,1003.242,3 2,East,2,6,36
2,3,7,1,1003.839,3 2,North,2,6,36
2,3,7,2,1004.425,3 2,North,2,6,37
2,3,7,3,1004.895,3 2,East,2,6,37
2,3,7,2,1005.53,3 3,East,2,6,37
2,3,7,1,1006.062,3 3,North,2,6,37
2,3,7,2,1006.67,3 3,North,2,6,38
2,3,7,3,1007.369,3 3,East,2,6,38
2,3,7,2,1007.998,3 3,East,2,6,39
2,3,7,3,1008.701,3 3,South,2,6,39
2,3,7,2,1009.288,3 3,South,2,6,40
2,3,7,3,1009.742,3 3,West,2,6,40
2,3,7,2,1010.343,3 2,West,2,6,40
2,3,7,1,1011.147,3 2,South,2,6,40
2,3,7,2,1011.737,4 2,South,2,6,40
2,3,7,1,1012.377,4 2,East,2,6,40
2,3,7,2,1013.009,4 3,East,2,6,40
2,3,7,2,1013.575,4 4,East,2,6,40
2,3,7,1,1014.269,4 4,North,2,6,40
2,3,7,2,1014.909,3 4,North,2,6,40
2,3,7,2,1015.453,2 4,North,2,6,40
2,3,7,1,1016.063,2 4,West,2,6,40
2,3,7,2,1016.698,2 4,West,2,6,41
2,3,7,3,1017.113,2 4,North,2,6,41
2,3,7,2,1017.753,1 4,North,2,6,41
2,3,7,1,1018.587,1 4,West,2,6,41
2,3,7,2,1019.194,1 3,West,2,6,41
2,3,7,6,1019.6,1 3,West,2,7,41
2,3,7,1,1019.756,1 3,South,2,7,41
2,3,7,1,1020.379,1 3,East,2,7,41
2,3,7,2,1020.97,1 4,East,2,7,41
2,3,7,3,1022.026,1 4,South,2,7,41
2,3,7,2,1022.617,2 4,South,2,7,41
2,3,7,2,1023.145,3 4,South,2,7,41
2,3,7,3,1023.69,3 4,West,2,7,41
2,3,7,2,1024.29,3 4,West,2,7,42
2,3,7,3,1024.779,3 4,North,2,7,42
2,3,7,2,1025.418,2 4,North,2,7,42
2,3,7,1,1025.981,2 4,West,2,7,42
2,3,7,2,1026.571,2 4,West,2,7,43
2,3,7,1,1026.993,2 4,South,2,7,43
2,3,7,2,1027.594,3 4,South,2,7,43
2,3,7,2,1028.139,4 4,South,2,7,43
2,3,7,3,1028.782,4 4,West,2,7,43
2,3,7,2,1029.432,4 3,West,2,7,43
2,3,7,2,1029.947,4 2,West,2,7,43
2,3,7,3,1030.472,4 2,North,2,7,43
2,3,7,2,1031.136,3 2,North,2,7,43
2,3,7,1,1031.759,3 2,West,2,7,43
2,3,7,3,1032.376,3 2,North,2,7,43
2,3,7,2,1033.001,3 2,North,2,7,44
2,3,7,1,1033.659,3 2,West,2,7,44
2,3,7,2,1034.222,3 1,West,2,7,44
2,3,7,3,1034.737,3 1,North,2,7,44
2,3,7,2,1035.29,2 1,North,2,7,44
2,3,7,1,1035.851,2 1,West,2,7,44
2,3,7,2,1036.433,2 1,West,2,7,45
2,3,7,3,1036.846,2 1,North,2,7,45
2,3,7,2,1037.47,1 1,North,2,7,45
2,3,7,1,1038.041,1 1,West,2,7,45
2,3,7,2,1038.62,1 0,West,2,7,45
2,3,7,2,1039.133,1 0,West,2,7,45
2,3,7,1,1039.488,1 0,South,2,7,45
2,3,7,2,1040.061,2 0,South,2,7,45
2,3,7,2,1040.713,3 0,South,2,7,45
2,3,7,2,1041.292,4 0,South,2,7,45
2,3,7,6,1041.68,4 0,South,2,8,45
1,3,8,2,1046.209,3 4,North,2,0,45
1,3,8,2,1054.476,2 4,North,2,0,45
1,3,8,2,1054.987,1 4,North,2,0,45
1,3,8,1,1055.592,1 3,North,2,0,45
1,3,8,4,1056.112,2 3,North,2,0,45
1,3,8,1,1057.118,2 2,North,2,0,45
1,3,8,2,1057.692,1 2,North,2,0,45
1,3,8,2,1058.204,0 2,North,2,0,45
1,3,8,1,1058.761,0 1,North,2,0,45
1,3,8,1,1059.502,0 0,North,2,0,45
1,3,8,6,1059.9,0 0,North,2,1,45
1,3,8,3,1060.041,0 1,North,2,1,45
1,3,8,3,1060.591,0 2,North,2,1,45
1,3,8,4,1061.152,1 2,North,2,1,45
1,3,8,4,1062.11,2 2,North,2,1,45
1,3,8,3,1062.648,2 3,North,2,1,45
1,3,8,2,1063.242,1 3,North,2,1,45
1,3,8,3,1063.756,1 4,North,2,1,45
1,3,8,4,1064.672,2 4,North,2,1,45
1,3,8,4,1065.194,3 4,North,2,1,45
1,3,8,4,1065.726,4 4,North,2,1,45
1,3,8,1,1066.331,4 3,North,2,1,45
1,3,8,1,1067.568,4 2,North,2,1,45
1,3,8,2,1068.176,3 2,North,2,1,45
1,3,8,1,1068.798,3 1,North,2,1,45
1,3,8,2,1069.744,2 1,North,2,1,45
1,3,8,2,1070.314,1 1,North,2,1,45
1,3,8,6,1070.7,1 1,North,2,2,45
1,3,8,4,1070.888,2 1,North,2,2,45
1,3,8,2,1071.47,1 1,North,2,2,45
1,3,8,1,1072.055,1 0,North,2,2,45
1,3,8,4,1072.641,2 0,North,2,2,45
1,3,8,6,1073,2 0,North,2,3,45
1,3,8,2,1073.177,1 0,North,2,3,45
1,3,8,3,1073.739,1 1,North,2,3,45
1,3,8,4,1074.251,2 1,North,2,3,45
1,3,8,4,1075.067,3 1,North,2,3,45
1,3,8,3,1075.662,3 2,North,2,3,45
1,3,8,4,1076.22,4 2,North,2,3,45
1,3,8,3,1076.813,4 3,North,2,3,45
1,3,8,3,1077.326,4 4,North,2,3,45
1,3,8,2,1077.885,3 4,North,2,3,45
1,3,8,2,1078.842,2 4,North,2,3,45
1,3,8,2,1079.356,1 4,North,2,3,45
1,3,8,2,1079.992,0 4,North,2,3,45
1,3,8,1,1080.617,0 3,North,2,3,45
1,3,8,6,1081.02,0 3,North,2,4,45
1,3,8,3,1081.456,0 4,North,2,4,45
1,3,8,4,1081.976,1 4,North,2,4,45
1,3,8,4,1082.817,2 4,North,2,4,45
1,3,8,4,1083.386,3 4,North,2,4,45
1,3,8,4,1084.203,4 4,North,2,4,45
1,3,8,1,1084.809,4 3,North,2,4,45
1,3,8,1,1085.367,4 2,North,2,4,45
1,3,8,2,1085.992,3 2,North,2,4,45
1,3,8,1,1086.701,3 1,North,2,4,45
1,3,8,2,1087.248,2 1,North,2,4,45
1,3,8,2,1087.805,1 1,North,2,4,45
1,3,8,1,1088.365,1 0,North,2,4,45
1,3,8,4,1089.225,2 0,North,2,4,45
1,3,8,4,1089.784,3 0,North,2,4,45
1,3,8,4,1090.333,4 0,North,2,4,45
1,3,8,6,1090.7,4 0,North,2,5,45
1,3,8,2,1090.922,3 0,North,2,5,45
1,3,8,2,1091.469,2 0,North,2,5,45
1,3,8,2,1092.057,1 0,North,2,5,45
1,3,8,3,1092.586,1 1,North,2,5,45
1,3,8,4,1093.47,2 1,North,2,5,45
1,3,8,4,1094.027,3 1,North,2,5,45
1,3,8,3,1094.603,3 2,North,2,5,45
1,3,8,4,1095.152,4 2,North,2,5,45
1,3,8,3,1096.001,4 3,North,2,5,45
1,3,8,3,1096.556,4 4,North,2,5,45
1,3,8,2,1097.201,3 4,North,2,5,45
1,3,8,6,1097.58,3 4,North,2,6,45
1,3,8,2,1098.031,2 4,North,2,6,45
1,3,8,2,1098.636,1 4,North,2,6,45
1,3,8,1,1099.232,1 3,North,2,6,45
1,3,8,6,1099.64,1 3,North,2,7,45
1,3,8,3,1099.785,1 4,North,2,7,45
1,3,8,1,1100.411,1 3,North,2,7,45
1,3,8,4,1101.025,2 3,North,2,7,45
1,3,8,6,1101.38,2 3,North,2,8,45
2,3,8,2,1104.236,3 4,North,2,0,0
2,3,8,6,1104.62,3 4,North,2,1,0
2,3,8,1,1105.087,3 4,West,2,1,0
2,3,8,3,1105.947,3 4,North,2,1,0
2,3,8,2,1106.527,2 4,North,2,1,0
2,3,8,1,1107.12,2 4,West,2,1,0
2,3,8,2,1107.728,2 4,West,2,1,1
2,3,8,3,1108.217,2 4,North,2,1,1
2,3,8,2,1108.849,1 4,North,2,1,1
2,3,8,1,1109.452,1 4,West,2,1,1
2,3,8,2,1110.091,1 3,West,2,1,1
2,3,8,2,1110.697,1 3,West,2,1,2
2,3,8,3,1112.673,1 3,North,2,1,2
2,3,8,2,1113.295,1 3,North,2,1,3
2,3,8,2,1113.456,1 3,North,2,1,4
2,3,8,1,1113.852,1 3,West,2,1,4
2,3,8,1,1114.393,1 3,South,2,1,4
2,3,8,1,1115.272,1 3,East,2,1,4
2,3,8,2,1115.823,1 4,East,2,1,4
2,3,8,3,1116.414,1 4,South,2,1,4
2,3,8,2,1117.001,2 4,South,2,1,4
2,3,8,2,1117.581,3 4,South,2,1,4
2,3,8,3,1118.156,3 4,West,2,1,4
2,3,8,2,1118.842,3 4,West,2,1,5
2,3,8,1,1119.311,3 4,South,2,1,5
2,3,8,2,1120.042,4 4,South,2,1,5
2,3,8,3,1120.736,4 4,West,2,1,5
2,3,8,2,1121.278,4 3,West,2,1,5
2,3,8,2,1121.869,4 2,West,2,1,5
2,3,8,3,1122.784,4 2,North,2,1,5
2,3,8,2,1123.44,3 2,North,2,1,5
2,3,8,2,1124.025,3 2,North,2,1,6
2,3,8,1,1124.643,3 2,West,2,1,6
2,3,8,2,1125.274,3 1,West,2,1,6
2,3,8,3,1125.822,3 1,North,2,1,6
2,3,8,2,1127.086,2 1,North,2,1,6
2,3,8,2,1127.688,1 1,North,2,1,6
2,3,8,2,1128.316,1 1,North,2,1,7
2,3,8,1,1128.937,1 1,West,2,1,7
2,3,8,2,1129.597,1 0,West,2,1,7
2,3,8,3,1130.248,1 0,North,2,1,7
2,3,8,2,1130.826,1 0,North,2,1,8
2,3,8,3,1131.312,1 0,East,2,1,8
2,3,8,2,1131.823,1 1,East,2,1,8
2,3,8,2,1132.877,1 1,East,2,1,9
2,3,8,3,1133.309,1 1,South,2,1,9
2,3,8,2,1133.865,2 1,South,2,1,9
2,3,8,1,1134.431,2 1,East,2,1,9
2,3,8,2,1135.022,2 1,East,2,1,10
2,3,8,3,1135.521,2 1,South,2,1,10
2,3,8,2,1136.05,3 1,South,2,1,10
2,3,8,2,1136.559,3 1,South,2,1,11
2,3,8,2,1136.943,3 1,South,2,1,12
2,3,8,1,1137.278,3 1,East,2,1,12
2,3,8,2,1137.935,3 2,East,2,1,12
2,3,8,1,1138.682,3 2,North,2,1,12
2,3,8,2,1140.189,3 2,North,2,1,13
2,3,8,3,1140.648,3 2,East,2,1,13
2,3,8,3,1141.277,3 2,South,2,1,13
2,3,8,2,1141.888,4 2,South,2,1,13
2,3,8,1,1142.477,4 2,East,2,1,13
2,3,8,2,1143.232,4 3,East,2,1,13
2,3,8,2,1144.298,4 4,East,2,1,13
2,3,8,1,1144.972,4 4,North,2,1,13
2,3,8,2,1145.594,3 4,North,2,1,13
2,3,8,1,1146.576,3 4,West,2,1,13
2,3,8,2,1147.375,3 4,West,2,1,14
2,3,8,3,1147.817,3 4,North,2,1,14
2,3,8,2,1148.417,2 4,North,2,1,14
2,3,8,1,1148.988,2 4,West,2,1,14
2,3,8,2,1149.689,2 4,West,2,1,15
2,3,8,3,1150.318,2 4,North,2,1,15
2,3,8,2,1150.905,1 4,North,2,1,15
2,3,8,1,1151.517,1 4,West,2,1,15
2,3,8,2,1152.173,1 3,West,2,1,15
2,3,8,2,1152.96,1 3,West,2,1,16
2,3,8,1,1153.531,1 3,South,2,1,16
2,3,8,2,1154.185,2 3,South,2,1,16
2,3,8,3,1155.105,2 3,West,2,1,16
2,3,8,2,1155.761,2 2,West,2,1,16
2,3,8,2,1156.442,2 2,West,2,1,17
2,3,8,3,1156.923,2 2,North,2,1,17
2,3,8,2,1157.481,1 2,North,2,1,17
2,3,8,1,1158.09,1 2,West,2,1,17
2,3,8,2,1158.77,1 2,West,2,1,18
2,3,8,3,1159.548,1 2,North,2,1,18
2,3,8,2,1160.097,0 2,North,2,1,18
2,3,8,1,1160.718,0 2,West,2,1,18
2,3,8,2,1161.297,0 1,West,2,1,18
2,3,8,2,1161.808,0 0,West,2,1,18
2,3,8,6,1162.22,0 0,West,2,2,18
2,3,8,1,1162.508,0 0,South,2,2,18
2,3,8,1,1163.129,0 0,East,2,2,18
2,3,8,2,1163.719,0 1,East,2,2,18
2,3,8,2,1164.319,0 2,East,2,2,18
2,3,8,3,1164.875,0 2,South,2,2,18
2,3,8,2,1165.518,1 2,South,2,2,18
2,3,8,1,1166.337,1 2,East,2,2,18
2,3,8,2,1166.912,1 2,East,2,2,19
2,3,8,3,1167.394,1 2,South,2,2,19
2,3,8,2,1167.945,2 2,South,2,2,19
2,3,8,1,1168.51,2 2,East,2,2,19
2,3,8,2,1169.224,2 3,East,2,2,19
2,3,8,1,1170.079,2 3,North,2,2,19
2,3,8,2,1170.669,1 3,North,2,2,19
2,3,8,6,1171.06,1 3,North,2,3,19
2,3,8,1,1171.278,1 3,West,2,3,19
2,3,8,1,1171.856,1 3,South,2,3,19
2,3,8,2,1172.491,2 3,South,2,3,19
2,3,8,2,1173.166,2 3,South,2,3,20
2,3,8,3,1173.76,2 3,West,2,3,20
2,3,8,2,1174.362,2 2,West,2,3,20
2,3,8,2,1175.036,2 2,West,2,3,21
2,3,8,1,1175.545,2 2,South,2,3,21
2,3,8,1,1176.187,2 2,East,2,3,21
2,3,8,2,1176.776,2 3,East,2,3,21
2,3,8,2,1177.581,2 3,East,2,3,22
2,3,8,3,1178.145,2 3,South,2,3,22
2,3,8,2,1178.682,2 3,South,2,3,23
2,3,8,2,1178.912,2 3,South,2,3,24
2,3,8,3,1179.197,2 3,West,2,3,24
2,3,8,2,1179.744,2 2,West,2,3,24
2,3,8,1,1181.816,2 2,South,2,3,24
2,3,8,2,1182.443,2 2,South,2,3,25
2,3,8,1,1182.864,2 2,East,2,3,25
2,3,8,1,1183.661,2 2,North,2,3,25
2,3,8,2,1184.268,1 2,North,2,3,25
2,3,8,3,1185.025,1 2,East,2,3,25
2,3,8,2,1185.663,1 2,East,2,3,26
2,3,8,2,1185.9,1 2,East,2,3,27
2,3,8,1,1186.257,1 2,North,2,3,27
2,3,8,1,1187.049,1 2,West,2,3,27
2,3,8,1,1188.335,1 2,South,2,3,27
2,3,8,2,1188.959,2 2,South,2,3,27
2,3,8,2,1189.533,2 2,South,2,3,28
2,3,8,3,1190.25,2 2,West,2,3,28
2,3,8,2,1190.849,2 2,West,2,3,29
2,3,8,1,1191.546,2 2,South,2,3,29
2,3,8,1,1192.092,2 2,East,2,3,29
2,3,8,2,1192.684,2 3,East,2,3,29
2,3,8,2,1193.324,2 3,East,2,3,30
2,3,8,2,1193.513,2 3,East,2,3,31
2,3,8,3,1193.866,2 3,South,2,3,31
2,3,8,2,1194.417,2 3,South,2,3,32
2,3,8,2,1194.586,2 3,South,2,3,33
2,3,8,1,1194.939,2 3,East,2,3,33
2,3,8,1,1195.453,2 3,North,2,3,33
2,3,8,2,1196.011,1 3,North,2,3,33
2,3,8,2,1196.593,1 3,North,2,3,34
2,3,8,1,1196.959,1 3,West,2,3,34
2,3,8,1,1197.547,1 3,South,2,3,34
2,3,8,2,1198.221,2 3,South,2,3,34
2,3,8,3,1198.793,2 3,West,2,3,34
2,3,8,2,1199.352,2 2,West,2,3,34
2,3,8,2,1199.898,2 2,West,2,3,35
2,3,8,1,1200.538,2 2,South,2,3,35
2,3,8,2,1201.23,2 2,South,2,3,36
2,3,8,3,1201.643,2 2,West,2,3,36
2,3,8,3,1202.225,2 2,North,2,3,36
2,3,8,2,1202.93,1 2,North,2,3,36
2,3,8,1,1203.578,1 2,West,2,3,36
2,3,8,2,1204.235,1 2,West,2,3,37
2,3,8,3,1204.767,1 2,North,2,3,37
2,3,8,1,1205.92,1 2,West,2,3,37
2,3,8,1,1206.447,1 2,South,2,3,37
2,3,8,2,1207.168,2 2,South,2,3,37
2,3,8,3,1207.744,2 2,West,2,3,37
2,3,8,2,1208.362,2 2,West,2,3,38
2,3,8,1,1208.714,2 2,South,2,3,38
2,3,8,2,1209.293,2 2,South,2,3,39
2,3,8,2,1209.49,2 2,South,2,3,40
2,3,8,1,1209.795,2 2,East,2,3,40
2,3,8,2,1210.433,2 3,East,2,3,40
2,3,8,3,1210.955,2 3,South,2,3,40
2,3,8,2,1211.534,2 3,South,2,3,41
2,3,8,2,1211.741,2 3,South,2,3,42
2,3,8,1,1212.146,2 3,East,2,3,42
2,3,8,2,1212.796,2 3,East,2,3,43
2,3,8,2,1212.993,2 3,East,2,3,44
2,3,8,1,1213.258,2 3,North,2,3,44
2,3,8,2,1213.82,1 3,North,2,3,44
2,3,8,3,1214.333,1 3,East,2,3,44
2,3,8,2,1214.909,1 4,East,2,3,44
2,3,8,3,1215.484,1 4,South,2,3,44
2,3,8,2,1216.093,2 4,South,2,3,44
2,3,8,2,1216.688,3 4,South,2,3,44
2,3,8,2,1217.273,4 4,South,2,3,44
2,3,8,3,1218.028,4 4,West,2,3,44
2,3,8,2,1219.226,4 3,West,2,3,44
2,3,8,2,1219.822,4 2,West,2,3,44
2,3,8,3,1220.664,4 2,North,2,3,44
2,3,8,2,1221.292,3 2,North,2,3,44
2,3,8,2,1221.913,3 2,North,2,3,45
2,3,8,1,1222.411,3 2,West,2,3,45
2,3,8,2,1222.99,3 1,West,2,3,45
2,3,8,3,1223.552,3 1,North,2,3,45
2,3,8,2,1224.123,2 1,North,2,3,45
2,3,8,1,1224.651,2 1,West,2,3,45
2,3,8,2,1225.28,2 1,West,2,3,46
2,3,8,3,1225.753,2 1,North,2,3,46
2,3,8,2,1226.334,1 1,North,2,3,46
2,3,8,1,1226.904,1 1,West,2,3,46
2,3,8,2,1227.503,1 0,West,2,3,46
2,3,8,1,1228.145,1 0,South,2,3,46
2,3,8,2,1228.765,2 0,South,2,3,46
2,3,8,2,1229.455,3 0,South,2,3,46
2,3,8,2,1230.119,4 0,South,2,3,46
2,3,8,6,1230.48,4 0,South,2,4,46
2,3,8,1,1230.718,4 0,East,2,4,46
2,3,8,1,1231.325,4 0,North,2,4,46
2,3,8,2,1231.887,3 0,North,2,4,46
2,3,8,2,1232.499,2 0,North,2,4,46
2,3,8,3,1233.051,2 0,East,2,4,46
2,3,8,2,1233.698,2 0,East,2,4,47
2,3,8,1,1234.233,2 0,North,2,4,47
2,3,8,2,1234.81,1 0,North,2,4,47
2,3,8,3,1235.343,1 0,East,2,4,47
2,3,8,2,1235.994,1 1,East,2,4,47
2,3,8,3,1236.656,1 1,South,2,4,47
2,3,8,1,1237.472,1 1,East,2,4,47
2,3,8,2,1238.143,1 1,East,2,4,48
2,3,8,3,1238.711,1 1,South,2,4,48
2,3,8,2,1239.326,2 1,South,2,4,48
2,3,8,1,1240.492,2 1,East,2,4,48
2,3,8,2,1241.096,2 1,East,2,4,49
2,3,8,3,1241.566,2 1,South,2,4,49
2,3,8,2,1242.126,3 1,South,2,4,49
2,3,8,1,1242.686,3 1,East,2,4,49
2,3,8,2,1243.227,3 2,East,2,4,49
2,3,8,3,1243.777,3 2,South,2,4,49
2,3,8,2,1244.328,4 2,South,2,4,49
2,3,8,1,1245.08,4 2,East,2,4,49
2,3,8,2,1245.641,4 3,East,2,4,49
2,3,8,2,1246.254,4 4,East,2,4,49
2,3,8,1,1246.881,4 4,North,2,4,49
2,3,8,2,1247.453,3 4,North,2,4,49
2,3,8,2,1248.065,2 4,North,2,4,49
2,3,8,6,1248.46,2 4,North,2,5,49
2,3,8,1,1248.763,2 4,West,2,5,49
2,3,8,1,1249.678,2 4,South,2,5,49
2,3,8,2,1250.267,3 4,South,2,5,49
2,3,8,3,1250.841,3 4,West,2,5,49
2,3,8,3,1251.696,3 4,North,2,5,49
2,3,8,1,1252.301,3 4,West,2,5,49
2,3,8,2,1252.943,3 4,West,2,5,50
2,3,8,3,1253.375,3 4,North,2,5,50
2,3,8,2,1253.937,2 4,North,2,5,50
2,3,8,1,1254.527,2 4,West,2,5,50
2,3,8,2,1255.16,2 4,West,2,5,51
2,3,8,1,1255.756,2 4,South,2,5,51
2,3,8,2,1256.316,3 4,South,2,5,51
2,3,8,2,1256.861,4 4,South,2,5,51
2,3,8,3,1257.543,4 4,West,2,5,51
2,3,8,2,1258.125,4 3,West,2,5,51
2,3,8,2,1258.779,4 2,West,2,5,51
2,3,8,3,1259.68,4 2,North,2,5,51
2,3,8,2,1260.295,3 2,North,2,5,51
2,3,8,2,1260.89,3 2,North,2,5,52
2,3,8,1,1261.569,3 2,West,2,5,52
2,3,8,2,1262.496,3 1,West,2,5,52
2,3,8,1,1264.431,3 1,South,2,5,52
2,3,8,1,1265.02,3 1,East,2,5,52
2,3,8,2,1265.63,3 2,East,2,5,52
2,3,8,2,1266.67,3 3,East,2,5,52
2,3,8,3,1267.263,3 3,South,2,5,52
2,3,8,2,1267.833,3 3,South,2,5,53
2,3,8,2,1268.044,3 3,South,2,5,54
2,3,8,2,1268.242,3 3,South,2,5,55
2,3,8,1,1268.49,3 3,East,2,5,55
2,3,8,2,1269.05,3 3,East,2,5,56
2,3,8,2,1269.261,3 3,East,2,5,57
2,3,8,1,1269.547,3 3,North,2,5,57
2,3,8,2,1270.129,3 3,North,2,5,58
2,3,8,2,1270.365,3 3,North,2,5,59
2,3,8,1,1270.717,3 3,West,2,5,59
2,3,8,2,1271.389,3 2,West,2,5,59
2,3,8,1,1271.998,3 2,South,2,5,59
2,3,8,2,1272.697,4 2,South,2,5,59
2,3,8,1,1273.309,4 2,East,2,5,59
2,3,8,2,1273.85,4 3,East,2,5,59
2,3,8,2,1274.522,4 4,East,2,5,59
2,3,8,1,1275.081,4 4,North,2,5,59
2,3,8,2,1275.598,3 4,North,2,5,59
2,3,8,2,1276.192,2 4,North,2,5,59
2,3,8,1,1277.023,2 4,West,2,5,59
2,3,8,2,1277.63,2 4,West,2,5,60
2,3,8,3,1278.06,2 4,North,2,5,60
2,3,8,2,1278.594,1 4,North,2,5,60
2,3,8,1,1279.256,1 4,West,2,5,60
2,3,8,2,1279.887,1 3,West,2,5,60
2,3,8,2,1280.555,1 3,West,2,5,61
2,3,8,2,1280.762,1 3,West,2,5,62
2,3,8,1,1281.116,1 3,South,2,5,62
2,3,8,2,1281.75,2 3,South,2,5,62
2,3,8,3,1282.496,2 3,West,2,5,62
2,3,8,2,1283.101,2 2,West,2,5,62
2,3,8,2,1283.741,2 2,West,2,5,63
2,3,8,3,1284.202,2 2,North,2,5,63
2,3,8,2,1284.783,1 2,North,2,5,63
2,3,8,1,1285.441,1 2,West,2,5,63
2,3,8,2,1286.01,1 2,West,2,5,64
2,3,8,3,1286.444,1 2,North,2,5,64
2,3,8,2,1287.02,0 2,North,2,5,64
2,3,8,1,1287.71,0 2,West,2,5,64
2,3,8,2,1288.361,0 1,West,2,5,64
2,3,8,2,1288.976,0 0,West,2,5,64
2,3,8,1,1289.593,0 0,South,2,5,64
2,3,8,2,1290.318,0 0,South,2,5,65
2,3,8,1,1290.94,0 0,East,2,5,65
2,3,8,2,1291.532,0 1,East,2,5,65
2,3,8,3,1292.057,0 1,South,2,5,65
2,3,8,2,1292.83,0 1,South,2,5,66
2,3,8,1,1293.197,0 1,East,2,5,66
2,3,8,2,1293.835,0 2,East,2,5,66
2,3,8,3,1294.398,0 2,South,2,5,66
2,3,8,2,1295.003,1 2,South,2,5,66
2,3,8,2,1295.628,2 2,South,2,5,66
2,3,8,3,1296.204,2 2,West,2,5,66
2,3,8,2,1296.88,2 2,West,2,5,67
2,3,8,2,1297.07,2 2,West,2,5,68
2,3,8,1,1297.48,2 2,South,2,5,68
2,3,8,2,1298.366,2 2,South,2,5,69
2,3,8,1,1298.875,2 2,East,2,5,69
2,3,8,2,1299.642,2 3,East,2,5,69
2,3,8,2,1300.254,2 3,East,2,5,70
2,3,8,1,1300.827,2 3,North,2,5,70
2,3,8,2,1301.44,1 3,North,2,5,70
2,3,8,3,1301.951,1 3,East,2,5,70
2,3,8,2,1302.522,1 4,East,2,5,70
2,3,8,2,1303.138,1 4,East,2,5,70
2,3,8,3,1303.531,1 4,South,2,5,70
2,3,8,2,1304.045,2 4,South,2,5,70
2,3,8,2,1304.568,3 4,South,2,5,70
2,3,8,2,1305.128,4 4,South,2,5,70
2,3,8,2,1305.706,4 4,South,2,5,70
2,3,8,3,1305.994,4 4,West,2,5,70
2,3,8,2,1306.587,4 3,West,2,5,70
2,3,8,2,1307.151,4 2,West,2,5,70
2,3,8,3,1307.965,4 2,North,2,5,70
2,3,8,2,1308.602,3 2,North,2,5,70
2,3,8,2,1309.245,3 2,North,2,5,71
2,3,8,1,1309.744,3 2,West,2,5,71
2,3,8,2,1310.285,3 1,West,2,5,71
2,3,8,3,1310.829,3 1,North,2,5,71
2,3,8,2,1311.401,2 1,North,2,5,71
2,3,8,1,1311.949,2 1,West,2,5,71
2,3,8,2,1312.589,2 1,West,2,5,72
2,3,8,3,1313.164,2 1,North,2,5,72
2,3,8,2,1313.758,1 1,North,2,5,72
2,3,8,1,1314.348,1 1,West,2,5,72
2,3,8,2,1314.89,1 0,West,2,5,72
2,3,8,6,1315.3,1 0,West,2,6,72
2,3,8,1,1315.446,1 0,South,2,6,72
2,3,8,1,1316.025,1 0,East,2,6,72
2,3,8,2,1316.641,1 1,East,2,6,72
2,3,8,3,1317.179,1 1,South,2,6,72
2,3,8,2,1317.737,2 1,South,2,6,72
2,3,8,1,1318.256,2 1,East,2,6,72
2,3,8,2,1318.864,2 1,East,2,6,73
2,3,8,3,1319.434,2 1,South,2,6,73
2,3,8,2,1320.031,3 1,South,2,6,73
2,3,8,1,1320.575,3 1,East,2,6,73
2,3,8,2,1321.312,3 2,East,2,6,73
2,3,8,3,1321.929,3 2,South,2,6,73
2,3,8,2,1322.586,4 2,South,2,6,73
2,3,8,1,1323.113,4 2,East,2,6,73
2,3,8,2,1323.726,4 3,East,2,6,73
2,3,8,6,1324.14,4 3,East,2,7,73
2,3,8,1,1324.303,4 3,North,2,7,73
2,3,8,1,1325.129,4 3,West,2,7,73
2,3,8,2,1325.69,4 2,West,2,7,73
2,3,8,3,1326.233,4 2,North,2,7,73
2,3,8,2,1326.782,3 2,North,2,7,73
2,3,8,6,1327.16,3 2,North,2,8,73
1,3,9,1,1334.776,4 3,North,2,0,73
1,3,9,1,1335.306,4 2,North,2,0,73
1,3,9,2,1335.821,3 2,North,2,0,73
1,3,9,1,1336.36,3 1,North,2,0,73
1,3,9,2,1336.872,2 1,North,2,0,73
1,3,9,2,1337.439,1 1,North,2,0,73
1,3,9,1,1338.494,1 0,North,2,0,73
1,3,9,6,1338.9,1 0,North,2,1,73
1,3,9,3,1339.12,1 1,North,2,1,73
1,3,9,4,1339.657,2 1,North,2,1,73
1,3,9,4,1340.221,3 1,North,2,1,73
1,3,9,3,1340.808,3 2,North,2,1,73
1,3,9,4,1341.754,4 2,North,2,1,73
1,3,9,3,1342.287,4 3,North,2,1,73
1,3,9,3,1342.826,4 4,North,2,1,73
1,3,9,2,1343.499,3 4,North,2,1,73
1,3,9,2,1344.04,2 4,North,2,1,73
1,3,9,4,1344.714,3 4,North,2,1,73
1,3,9,4,1345.322,4 4,North,2,1,73
1,3,9,2,1346.265,3 4,North,2,1,73
1,3,9,2,1346.798,2 4,North,2,1,73
1,3,9,2,1347.376,1 4,North,2,1,73
1,3,9,1,1348.063,1 3,North,2,1,73
1,3,9,4,1348.65,2 3,North,2,1,73
1,3,9,1,1349.277,2 2,North,2,1,73
1,3,9,2,1349.834,1 2,North,2,1,73
1,3,9,2,1350.431,0 2,North,2,1,73
1,3,9,6,1350.82,0 2,North,2,2,73
1,3,9,4,1351.099,1 2,North,2,2,73
1,3,9,4,1351.88,2 2,North,2,2,73
1,3,9,3,1352.474,2 3,North,2,2,73
1,3,9,2,1353.051,1 3,North,2,2,73
1,3,9,3,1353.609,1 4,North,2,2,73
1,3,9,4,1354.121,2 4,North,2,2,73
1,3,9,4,1354.776,3 4,North,2,2,73
1,3,9,4,1355.386,4 4,North,2,2,73
1,3,9,1,1356.075,4 3,North,2,2,73
1,3,9,1,1356.616,4 2,North,2,2,73
1,3,9,2,1357.228,3 2,North,2,2,73
1,3,9,1,1357.787,3 1,North,2,2,73
1,3,9,2,1358.408,2 1,North,2,2,73
1,3,9,2,1358.943,1 1,North,2,2,73
1,3,9,1,1359.69,1 0,North,2,2,73
1,3,9,4,1360.557,2 0,North,2,2,73
1,3,9,4,1361.112,3 0,North,2,2,73
1,3,9,6,1361.48,3 0,North,2,3,73
1,3,9,2,1361.726,2 0,North,2,3,73
1,3,9,2,1362.282,1 0,North,2,3,73
1,3,9,3,1362.941,1 1,North,2,3,73
1,3,9,4,1363.515,2 1,North,2,3,73
1,3,9,4,1364.591,3 1,North,2,3,73
1,3,9,3,1365.278,3 2,North,2,3,73
1,3,9,4,1365.948,4 2,North,2,3,73
1,3,9,3,1366.569,4 3,North,2,3,73
1,3,9,3,1367.289,4 4,North,2,3,73
1,3,9,2,1367.98,3 4,North,2,3,73
1,3,9,2,1368.719,2 4,North,2,3,73
1,3,9,6,1369.1,2 4,North,2,4,73
1,3,9,4,1369.71,3 4,North,2,4,73
1,3,9,4,1370.976,4 4,North,2,4,73
1,3,9,1,1372.904,4 3,North,2,4,73
1,3,9,1,1373.547,4 2,North,2,4,73
1,3,9,2,1374.129,3 2,North,2,4,73
1,3,9,6,1374.5,3 2,North,2,5,73
1,3,9,1,1375.103,3 1,North,2,5,73
1,3,9,2,1375.736,2 1,North,2,5,73
1,3,9,6,1376.12,2 1,North,2,6,73
1,3,9,4,1376.465,3 1,North,2,6,73
1,3,9,3,1377.056,3 2,North,2,6,73
1,3,9,3,1377.69,3 3,North,2,6,73
1,3,9,6,1378.1,3 3,North,2,7,73
1,3,9,1,1386.986,3 2,North,2,7,73
1,3,9,1,1387.629,3 1,North,2,7,73
1,3,9,6,1388.04,3 1,North,2,8,73
2,3,9,2,1392.287,3 4,North,2,0,0
2,3,9,1,1392.831,3 4,West,2,0,0
2,3,9,2,1393.454,3 4,West,2,0,1
2,3,9,1,1393.918,3 4,South,2,0,1
2,3,9,2,1394.513,4 4,South,2,0,1
2,3,9,3,1395.342,4 4,West,2,0,1
2,3,9,2,1396.074,4 3,West,2,0,1
2,3,9,3,1396.785,4 3,North,2,0,1
2,3,9,2,1397.392,4 3,North,2,0,2
2,3,9,1,1397.804,4 3,West,2,0,2
2,3,9,2,1398.394,4 2,West,2,0,2
2,3,9,3,1398.929,4 2,North,2,0,2
2,3,9,2,1399.536,3 2,North,2,0,2
2,3,9,3,1400.046,3 2,East,2,0,2
2,3,9,2,1400.682,3 3,East,2,0,2
2,3,9,6,1401.1,3 3,East,2,1,2
2,3,9,1,1401.424,3 3,North,2,1,2
2,3,9,1,1402.003,3 3,West,2,1,2
2,3,9,2,1402.745,3 2,West,2,1,2
2,3,9,2,1404.175,3 1,West,2,1,2
2,3,9,3,1404.689,3 1,North,2,1,2
2,3,9,2,1405.367,2 1,North,2,1,2
2,3,9,2,1405.914,1 1,North,2,1,2
2,3,9,1,1406.543,1 1,West,2,1,2
2,3,9,2,1407.183,1 0,West,2,1,2
2,3,9,6,1407.6,1 0,West,2,2,2
2,3,9,1,1407.887,1 0,South,2,2,2
2,3,9,1,1408.412,1 0,East,2,2,2
2,3,9,2,1409.038,1 1,East,2,2,2
2,3,9,3,1409.577,1 1,South,2,2,2
2,3,9,2,1410.21,2 1,South,2,2,2
2,3,9,2,1410.778,3 1,South,2,2,2
2,3,9,6,1411.16,3 1,South,2,3,2
2,3,9,1,1411.341,3 1,East,2,3,2
2,3,9,2,1412.154,3 2,East,2,3,2
2,3,9,1,1412.781,3 2,North,2,3,2
2,3,9,3,1413.512,3 2,East,2,3,2
2,3,9,3,1415.325,3 2,South,2,3,2
2,3,9,2,1415.916,4 2,South,2,3,2
2,3,9,1,1416.634,4 2,East,2,3,2
2,3,9,2,1417.226,4 3,East,2,3,2
2,3,9,2,1417.761,4 4,East,2,3,2
2,3,9,1,1418.336,4 4,North,2,3,2
2,3,9,2,1418.91,3 4,North,2,3,2
2,3,9,2,1419.473,2 4,North,2,3,2
2,3,9,2,1420.075,1 4,North,2,3,2
2,3,9,2,1420.672,0 4,North,2,3,2
2,3,9,1,1421.197,0 4,West,2,3,2
2,3,9,2,1421.82,0 3,West,2,3,2
2,3,9,6,1422.24,0 3,West,2,4,2
2,3,9,1,1422.415,0 3,South,2,4,2
2,3,9,1,1423,0 3,East,2,4,2
2,3,9,2,1423.612,0 4,East,2,4,2
2,3,9,3,1424.16,0 4,South,2,4,2
2,3,9,2,1424.812,1 4,South,2,4,2
2,3,9,2,1425.968,2 4,South,2,4,2
2,3,9,3,1426.64,2 4,West,2,4,2
2,3,9,2,1427.23,2 4,West,2,4,3
2,3,9,1,1427.758,2 4,South,2,4,3
2,3,9,2,1428.409,3 4,South,2,4,3
2,3,9,2,1429.211,4 4,South,2,4,3
2,3,9,3,1429.767,4 4,West,2,4,3
2,3,9,2,1430.41,4 3,West,2,4,3
2,3,9,2,1431.021,4 2,West,2,4,3
2,3,9,3,1431.644,4 2,North,2,4,3
2,3,9,2,1432.504,3 2,North,2,4,3
2,3,9,1,1433.885,3 2,West,2,4,3
2,3,9,2,1434.481,3 1,West,2,4,3
2,3,9,3,1435.021,3 1,North,2,4,3
2,3,9,2,1435.633,2 1,North,2,4,3
2,3,9,6,1436.02,2 1,North,2,5,3
2,3,9,3,1436.185,2 1,East,2,5,3
2,3,9,3,1436.807,2 1,South,2,5,3
2,3,9,2,1437.404,3 1,South,2,5,3
2,3,9,3,1438.202,3 1,West,2,5,3
2,3,9,3,1438.844,3 1,North,2,5,3
2,3,9,2,1439.485,2 1,North,2,5,3
2,3,9,2,1440.031,1 1,North,2,5,3
2,3,9,1,1440.68,1 1,West,2,5,3
2,3,9,2,1441.341,1 0,West,2,5,3
2,3,9,1,1442.012,1 0,South,2,5,3
2,3,9,2,1442.673,2 0,South,2,5,3
2,3,9,2,1443.226,3 0,South,2,5,3
2,3,9,6,1443.6,3 0,South,2,6,3
2,3,9,1,1443.792,3 0,East,2,6,3
2,3,9,1,1444.333,3 0,North,2,6,3
2,3,9,2,1444.992,2 0,North,2,6,3
2,3,9,2,1445.626,1 0,North,2,6,3
2,3,9,3,1446.199,1 0,East,2,6,3
2,3,9,2,1446.857,1 1,East,2,6,3
2,3,9,6,1447.28,1 1,East,2,7,3
2,3,9,3,1447.564,1 1,South,2,7,3
2,3,9,2,1448.257,2 1,South,2,7,3
2,3,9,1,1448.862,2 1,East,2,7,3
2,3,9,2,1449.467,2 1,East,2,7,4
2,3,9,3,1449.979,2 1,South,2,7,4
2,3,9,2,1450.588,3 1,South,2,7,4
2,3,9,1,1451.179,3 1,East,2,7,4
2,3,9,2,1451.835,3 2,East,2,7,4
2,3,9,3,1452.383,3 2,South,2,7,4
2,3,9,2,1452.925,4 2,South,2,7,4
2,3,9,2,1453.469,4 2,South,2,7,4
2,3,9,1,1453.805,4 2,East,2,7,4
2,3,9,2,1454.424,4 3,East,2,7,4
2,3,9,2,1454.97,4 4,East,2,7,4
2,3,9,1,1455.565,4 4,North,2,7,4
2,3,9,2,1456.138,3 4,North,2,7,4
2,3,9,2,1457.166,2 4,North,2,7,4
2,3,9,2,1457.885,1 4,North,2,7,4
2,3,9,6,1458.28,1 4,North,2,8,4
1,4,10,2,1462.872,3 4,North,2,0,4
1,4,10,2,1463.782,2 4,North,2,0,4
1,4,10,2,1464.655,1 4,North,2,0,4
1,4,10,1,1465.373,1 3,North,2,0,4
1,4,10,4,1466.204,2 3,North,2,0,4
1,4,10,1,1466.808,2 2,North,2,0,4
1,4,10,2,1467.367,1 2,North,2,0,4
1,4,10,6,1467.74,1 2,North,2,1,4
1,4,10,4,1467.982,2 2,North,2,1,4
1,4,10,3,1468.568,2 3,North,2,1,4
1,4,10,2,1469.129,1 3,North,2,1,4
1,4,10,3,1469.704,1 4,North,2,1,4
1,4,10,4,1470.432,2 4,North,2,1,4
1,4,10,4,1471.036,3 4,North,2,1,4
1,4,10,4,1471.642,4 4,North,2,1,4
1,4,10,1,1472.206,4 3,North,2,1,4
1,4,10,1,1472.765,4 2,North,2,1,4
1,4,10,2,1473.321,3 2,North,2,1,4
1,4,10,1,1473.851,3 1,North,2,1,4
1,4,10,2,1474.447,2 1,North,2,1,4
1,4,10,6,1474.82,2 1,North,2,2,4
1,4,10,4,1475.374,3 1,North,2,2,4
1,4,10,3,1475.913,3 2,North,2,2,4
1,4,10,4,1476.505,4 2,North,2,2,4
1,4,10,3,1477.022,4 3,North,2,2,4
1,4,10,6,1477.42,4 3,North,2,3,4
1,4,10,3,1477.647,4 4,North,2,3,4
1,4,10,2,1478.233,3 4,North,2,3,4
1,4,10,2,1478.799,2 4,North,2,3,4
1,4,10,2,1479.4,1 4,North,2,3,4
1,4,10,1,1479.983,1 3,North,2,3,4
1,4,10,4,1480.523,2 3,North,2,3,4
1,4,10,1,1481.088,2 2,North,2,3,4
1,4,10,2,1481.614,1 2,North,2,3,4
1,4,10,2,1482.198,0 2,North,2,3,4
1,4,10,6,1482.58,0 2,North,2,4,4
1,4,10,4,1482.797,1 2,North,2,4,4
1,4,10,4,1483.371,2 2,North,2,4,4
1,4,10,3,1483.896,2 3,North,2,4,4
1,4,10,2,1484.424,1 3,North,2,4,4
1,4,10,3,1484.955,1 4,North,2,4,4
1,4,10,4,1485.888,2 4,North,2,4,4
1,4,10,4,1486.904,3 4,North,2,4,4
1,4,10,4,1487.452,4 4,North,2,4,4
1,4,10,1,1488.008,4 3,North,2,4,4
1,4,10,1,1488.535,4 2,North,2,4,4
1,4,10,2,1489.1,3 2,North,2,4,4
1,4,10,1,1489.612,3 1,North,2,4,4
1,4,10,2,1490.638,2 1,North,2,4,4
1,4,10,2,1491.215,1 1,North,2,4,4
1,4,10,1,1492.204,1 0,North,2,4,4
1,4,10,4,1493.146,2 0,North,2,4,4
1,4,10,4,1494.015,3 0,North,2,4,4
1,4,10,4,1494.655,4 0,North,2,4,4
1,4,10,6,1495.02,4 0,North,2,5,4
1,4,10,2,1495.222,3 0,North,2,5,4
1,4,10,2,1495.867,2 0,North,2,5,4
1,4,10,2,1496.425,1 0,North,2,5,4
1,4,10,6,1496.8,1 0,North,2,6,4
1,4,10,3,1496.988,1 1,North,2,6,4
1,4,10,4,1497.657,2 1,North,2,6,4
1,4,10,4,1498.264,3 1,North,2,6,4
1,4,10,3,1498.873,3 2,North,2,6,4
1,4,10,4,1499.518,4 2,North,2,6,4
1,4,10,6,1499.88,4 2,North,2,7,4
1,4,10,3,1500.173,4 3,North,2,7,4
1,4,10,1,1500.825,4 2,North,2,7,4
1,4,10,2,1501.344,3 2,North,2,7,4
1,4,10,1,1501.968,3 1,North,2,7,4
1,4,10,2,1502.604,2 1,North,2,7,4
1,4,10,2,1503.202,1 1,North,2,7,4
1,4,10,1,1503.882,1 0,North,2,7,4
1,4,10,4,1504.528,2 0,North,2,7,4
1,4,10,4,1505.725,3 0,North,2,7,4
1,4,10,6,1506.08,3 0,North,2,8,4
2,4,10,1,1509.262,4 4,West,2,0,0
2,4,10,2,1510.205,4 3,West,2,0,0
2,4,10,2,1510.78,4 2,West,2,0,0
2,4,10,3,1511.403,4 2,North,2,0,0
2,4,10,2,1511.951,3 2,North,2,0,0
2,4,10,2,1513.023,3 2,North,2,0,1
2,4,10,1,1513.552,3 2,West,2,0,1
2,4,10,2,1514.111,3 1,West,2,0,1
2,4,10,3,1514.714,3 1,North,2,0,1
2,4,10,2,1515.256,2 1,North,2,0,1
2,4,10,2,1516.271,1 1,North,2,0,1
2,4,10,1,1516.878,1 1,West,2,0,1
2,4,10,2,1517.469,1 0,West,2,0,1
2,4,10,6,1517.88,1 0,West,2,1,1
2,4,10,1,1518.056,1 0,South,2,1,1
2,4,10,1,1518.607,1 0,East,2,1,1
2,4,10,2,1519.193,1 1,East,2,1,1
2,4,10,2,1519.763,1 1,East,2,1,2
2,4,10,3,1520.223,1 1,South,2,1,2
2,4,10,2,1520.843,2 1,South,2,1,2
2,4,10,1,1521.372,2 1,East,2,1,2
2,4,10,2,1521.995,2 1,East,2,1,3
2,4,10,3,1522.494,2 1,South,2,1,3
2,4,10,2,1523.12,3 1,South,2,1,3
2,4,10,1,1523.673,3 1,East,2,1,3
2,4,10,2,1524.271,3 2,East,2,1,3
2,4,10,3,1524.799,3 2,South,2,1,3
2,4,10,2,1525.312,4 2,South,2,1,3
2,4,10,1,1525.848,4 2,East,2,1,3
2,4,10,2,1526.401,4 3,East,2,1,3
2,4,10,6,1526.8,4 3,East,2,2,3
2,4,10,1,1527.068,4 3,North,2,2,3
2,4,10,1,1527.92,4 3,West,2,2,3
2,4,10,2,1528.568,4 2,West,2,2,3
2,4,10,3,1529.52,4 2,North,2,2,3
2,4,10,2,1530.129,3 2,North,2,2,3
2,4,10,2,1531.053,3 2,North,2,2,4
2,4,10,1,1532.049,3 2,West,2,2,4
2,4,10,3,1532.697,3 2,North,2,2,4
2,4,10,3,1533.291,3 2,East,2,2,4
2,4,10,3,1533.887,3 2,South,2,2,4
2,4,10,2,1534.529,4 2,South,2,2,4
2,4,10,1,1535.437,4 2,East,2,2,4
2,4,10,2,1536.126,4 3,East,2,2,4
2,4,10,2,1536.751,4 4,East,2,2,4
2,4,10,1,1537.356,4 4,North,2,2,4
2,4,10,2,1537.928,3 4,North,2,2,4
2,4,10,2,1538.49,2 4,North,2,2,4
2,4,10,2,1539.055,1 4,North,2,2,4
2,4,10,1,1539.647,1 4,West,2,2,4
2,4,10,2,1540.268,1 3,West,2,2,4
2,4,10,1,1540.785,1 3,South,2,2,4
2,4,10,2,1541.309,2 3,South,2,2,4
2,4,10,3,1542.28,2 3,West,2,2,4
2,4,10,2,1542.895,2 2,West,2,2,4
2,4,10,3,1543.423,2 2,North,2,2,4
2,4,10,2,1543.961,1 2,North,2,2,4
2,4,10,6,1544.34,1 2,North,2,3,4
2,4,10,1,1544.542,1 2,West,2,3,4
2,4,10,1,1545.054,1 2,South,2,3,4
2,4,10,2,1545.63,2 2,South,2,3,4
2,4,10,1,1546.625,2 2,East,2,3,4
2,4,10,2,1547.23,2 3,East,2,3,4
2,4,10,1,1547.822,2 3,North,2,3,4
2,4,10,2,1548.431,1 3,North,2,3,4
2,4,10,3,1548.952,1 3,East,2,3,4
2,4,10,2,1549.58,1 4,East,2,3,4
2,4,10,3,1550.251,1 4,South,2,3,4
2,4,10,2,1550.865,2 4,South,2,3,4
2,4,10,2,1551.438,3 4,South,2,3,4
2,4,10,6,1551.82,3 4,South,2,4,4
2,4,10,3,1551.966,3 4,West,2,4,4
2,4,10,3,1552.556,3 4,North,2,4,4
2,4,10,2,1553.135,2 4,North,2,4,4
2,4,10,1,1553.725,2 4,West,2,4,4
2,4,10,2,1554.315,2 4,West,2,4,5
2,4,10,3,1554.746,2 4,North,2,4,5
2,4,10,2,1555.307,1 4,North,2,4,5
2,4,10,1,1555.87,1 4,West,2,4,5
2,4,10,2,1556.459,1 3,West,2,4,5
2,4,10,1,1557.321,1 3,South,2,4,5
2,4,10,2,1557.887,2 3,South,2,4,5
2,4,10,3,1558.417,2 3,West,2,4,5
2,4,10,2,1558.975,2 2,West,2,4,5
2,4,10,3,1559.495,2 2,North,2,4,5
2,4,10,2,1560.094,1 2,North,2,4,5
2,4,10,2,1560.733,0 2,North,2,4,5
2,4,10,6,1561.12,0 2,North,2,5,5
2,4,10,1,1561.288,0 2,West,2,5,5
2,4,10,1,1561.867,0 2,South,2,5,5
2,4,10,2,1562.442,1 2,South,2,5,5
2,4,10,2,1563.096,2 2,South,2,5,5
2,4,10,1,1563.613,2 2,East,2,5,5
2,4,10,2,1564.219,2 3,East,2,5,5
2,4,10,3,1565.181,2 3,South,2,5,5
2,4,10,2,1565.822,2 3,South,2,5,6
2,4,10,1,1566.332,2 3,East,2,5,6
2,4,10,2,1566.927,2 3,East,2,5,7
2,4,10,1,1567.596,2 3,North,2,5,7
2,4,10,2,1568.184,1 3,North,2,5,7
2,4,10,3,1568.954,1 3,East,2,5,7
2,4,10,2,1569.514,1 4,East,2,5,7
2,4,10,3,1570.03,1 4,South,2,5,7
2,4,10,2,1570.552,2 4,South,2,5,7
2,4,10,2,1571.226,3 4,South,2,5,7
2,4,10,2,1571.82,4 4,South,2,5,7
2,4,10,3,1572.399,4 4,West,2,5,7
2,4,10,2,1572.94,4 3,West,2,5,7
2,4,10,2,1573.502,4 2,West,2,5,7
2,4,10,3,1574.73,4 2,North,2,5,7
2,4,10,2,1575.337,3 2,North,2,5,7
2,4,10,3,1576.33,3 2,East,2,5,7
2,4,10,2,1576.925,3 3,East,2,5,7
2,4,10,6,1577.34,3 3,East,2,6,7
2,4,10,1,1577.528,3 3,North,2,6,7
2,4,10,1,1578.06,3 3,West,2,6,7
2,4,10,2,1578.617,3 2,West,2,6,7
2,4,10,1,1579.144,3 2,South,2,6,7
2,4,10,2,1579.695,4 2,South,2,6,7
2,4,10,6,1580.08,4 2,South,2,7,7
2,4,10,1,1580.718,4 2,East,2,7,7
2,4,10,1,1581.241,4 2,North,2,7,7
2,4,10,1,1582.157,4 2,West,2,7,7
2,4,10,3,1582.894,4 2,North,2,7,7
2,4,10,2,1584.044,3 2,North,2,7,7
2,4,10,1,1584.688,3 2,West,2,7,7
2,4,10,2,1585.322,3 1,West,2,7,7
2,4,10,3,1586.317,3 1,North,2,7,7
2,4,10,2,1586.907,2 1,North,2,7,7
2,4,10,2,1587.918,1 1,North,2,7,7
2,4,10,1,1588.557,1 1,West,2,7,7
2,4,10,2,1589.147,1 0,West,2,7,7
2,4,10,1,1589.721,1 0,South,2,7,7
2,4,10,2,1590.478,2 0,South,2,7,7
2,4,10,2,1591.101,3 0,South,2,7,7
2,4,10,6,1591.48,3 0,South,2,8,7
1,4,11,2,1595.275,3 4,North,2,0,7
1,4,11,2,1595.881,2 4,North,2,0,7
1,4,11,2,1596.529,1 4,North,2,0,7
1,4,11,1,1597.163,1 3,North,2,0,7
1,4,11,4,1597.727,2 3,North,2,0,7
1,4,11,1,1598.331,2 2,North,2,0,7
1,4,11,6,1598.74,2 2,North,2,1,7
1,4,11,3,1598.861,2 3,North,2,1,7
1,4,11,2,1599.483,1 3,North,2,1,7
1,4,11,3,1600.093,1 4,North,2,1,7
1,4,11,2,1601.019,0 4,North,2,1,7
1,4,11,1,1601.657,0 3,North,2,1,7
1,4,11,6,1602.06,0 3,North,2,2,7
1,4,11,3,1602.253,0 4,North,2,2,7
1,4,11,4,1602.825,1 4,North,2,2,7
1,4,11,4,1603.373,2 4,North,2,2,7
1,4,11,6,1603.74,2 4,North,2,3,7
1,4,11,4,1603.997,3 4,North,2,3,7
1,4,11,2,1604.544,2 4,North,2,3,7
1,4,11,2,1605.079,1 4,North,2,3,7
1,4,11,1,1605.659,1 3,North,2,3,7
1,4,11,4,1606.638,2 3,North,2,3,7
1,4,11,1,1607.193,2 2,North,2,3,7
1,4,11,2,1607.743,1 2,North,2,3,7
1,4,11,2,1608.75,0 2,North,2,3,7
1,4,11,1,1609.457,0 1,North,2,3,7
1,4,11,1,1609.979,0 0,North,2,3,7
1,4,11,6,1610.38,0 0,North,2,4,7
1,4,11,3,1610.793,0 1,North,2,4,7
1,4,11,3,1611.416,0 2,North,2,4,7
1,4,11,4,1611.935,1 2,North,2,4,7
1,4,11,4,1612.542,2 2,North,2,4,7
1,4,11,3,1613.128,2 3,North,2,4,7
1,4,11,2,1613.789,1 3,North,2,4,7
1,4,11,6,1614.16,1 3,North,2,5,7
1,4,11,3,1614.379,1 4,North,2,5,7
1,4,11,2,1614.906,0 4,North,2,5,7
1,4,11,6,1615.28,0 4,North,2,6,7
1,4,11,4,1615.616,1 4,North,2,6,7
1,4,11,1,1616.237,1 3,North,2,6,7
1,4,11,4,1616.767,2 3,North,2,6,7
1,4,11,6,1617.12,2 3,North,2,7,7
1,4,11,2,1617.409,1 3,North,2,7,7
1,4,11,3,1617.927,1 4,North,2,7,7
1,4,11,6,1618.34,1 4,North,2,8,7
2,4,11,2,1621.146,3 4,North,2,0,0
2,4,11,2,1621.708,2 4,North,2,0,0
2,4,11,1,1622.24,2 4,West,2,0,0
2,4,11,2,1622.912,2 4,West,2,0,1
2,4,11,3,1623.916,2 4,North,2,0,1
2,4,11,2,1624.554,1 4,North,2,0,1
2,4,11,1,1625.146,1 4,West,2,0,1
2,4,11,2,1625.824,1 3,West,2,0,1
2,4,11,2,1626.539,1 3,West,2,0,2
2,4,11,1,1627.085,1 3,South,2,0,2
2,4,11,2,1627.692,2 3,South,2,0,2
2,4,11,6,1628.08,2 3,South,2,1,2
2,4,11,3,1628.428,2 3,West,2,1,2
2,4,11,3,1629.278,2 3,North,2,1,2
2,4,11,2,1629.999,1 3,North,2,1,2
2,4,11,3,1630.896,1 3,East,2,1,2
2,4,11,2,1631.546,1 4,East,2,1,2
2,4,11,1,1632.415,1 4,North,2,1,2
2,4,11,2,1633.096,0 4,North,2,1,2
2,4,11,6,1633.48,0 4,North,2,2,2
2,4,11,1,1633.821,0 4,West,2,2,2
2,4,11,1,1634.432,0 4,South,2,2,2
2,4,11,2,1635.024,1 4,South,2,2,2
2,4,11,2,1635.582,2 4,South,2,2,2
2,4,11,3,1636.141,2 4,West,2,2,2
2,4,11,3,1637.314,2 4,North,2,2,2
2,4,11,2,1637.937,1 4,North,2,2,2
2,4,11,1,1638.88,1 4,West,2,2,2
2,4,11,2,1639.527,1 3,West,2,2,2
2,4,11,1,1640.689,1 3,South,2,2,2
2,4,11,2,1641.295,2 3,South,2,2,2
2,4,11,3,1641.818,2 3,West,2,2,2
2,4,11,2,1642.491,2 2,West,2,2,2
2,4,11,6,1642.9,2 2,West,2,3,2
2,4,11,3,1643.247,2 2,North,2,3,2
2,4,11,3,1643.807,2 2,East,2,3,2
2,4,11,2,1644.498,2 3,East,2,3,2
2,4,11,1,1645.441,2 3,North,2,3,2
2,4,11,2,1646.158,1 3,North,2,3,2
2,4,11,6,1646.54,1 3,North,2,4,2
2,4,11,3,1646.75,1 3,East,2,4,2
2,4,11,3,1647.609,1 3,South,2,4,2
2,4,11,2,1648.209,2 3,South,2,4,2
2,4,11,1,1648.785,2 3,East,2,4,2
2,4,11,1,1649.358,2 3,North,2,4,2
2,4,11,1,1649.969,2 3,West,2,4,2
2,4,11,2,1650.78,2 2,West,2,4,2
2,4,11,2,1651.354,2 2,West,2,4,3
2,4,11,1,1651.827,2 2,South,2,4,3
2,4,11,2,1652.572,2 2,South,2,4,4
2,4,11,3,1653.167,2 2,West,2,4,4
2,4,11,3,1653.757,2 2,North,2,4,4
2,4,11,3,1655.145,2 2,East,2,4,4
2,4,11,2,1655.953,2 3,East,2,4,4
2,4,11,2,1656.59,2 3,East,2,4,5
2,4,11,1,1657.072,2 3,North,2,4,5
2,4,11,2,1657.722,1 3,North,2,4,5
2,4,11,3,1658.441,1 3,East,2,4,5
2,4,11,2,1659.134,1 4,East,2,4,5
2,4,11,3,1659.775,1 4,South,2,4,5
2,4,11,2,1660.366,2 4,South,2,4,5
2,4,11,2,1660.992,3 4,South,2,4,5
2,4,11,2,1661.548,4 4,South,2,4,5
2,4,11,3,1662.216,4 4,West,2,4,5
2,4,11,2,1662.89,4 3,West,2,4,5
2,4,11,2,1663.514,4 2,West,2,4,5
2,4,11,3,1664.109,4 2,North,2,4,5
2,4,11,2,1664.747,3 2,North,2,4,5
2,4,11,1,1665.276,3 2,West,2,4,5
2,4,11,2,1665.896,3 1,West,2,4,5
2,4,11,3,1666.428,3 1,North,2,4,5
2,4,11,2,1666.992,2 1,North,2,4,5
2,4,11,6,1667.38,2 1,North,2,5,5
2,4,11,3,1667.84,2 1,East,2,5,5
2,4,11,3,1668.461,2 1,South,2,5,5
2,4,11,2,1669.051,3 1,South,2,5,5
2,4,11,3,1669.662,3 1,West,2,5,5
2,4,11,3,1670.286,3 1,North,2,5,5
2,4,11,2,1670.831,2 1,North,2,5,5
2,4,11,2,1671.375,1 1,North,2,5,5
2,4,11,1,1671.917,1 1,West,2,5,5
2,4,11,2,1672.587,1 0,West,2,5,5
2,4,11,2,1673.134,1 0,West,2,5,5
2,4,11,1,1673.439,1 0,South,2,5,5
2,4,11,2,1674.103,2 0,South,2,5,5
2,4,11,2,1674.668,3 0,South,2,5,5
2,4,11,2,1675.272,4 0,South,2,5,5
2,4,11,6,1675.64,4 0,South,2,6,5
2,4,11,1,1675.853,4 0,East,2,6,5
2,4,11,1,1676.38,4 0,North,2,6,5
2,4,11,2,1677.001,3 0,North,2,6,5
2,4,11,2,1677.55,2 0,North,2,6,5
2,4,11,3,1678.142,2 0,East,2,6,5
2,4,11,2,1678.861,2 0,East,2,6,6
2,4,11,1,1679.468,2 0,North,2,6,6
2,4,11,2,1680.009,1 0,North,2,6,6
2,4,11,3,1680.554,1 0,East,2,6,6
2,4,11,2,1681.114,1 1,East,2,6,6
2,4,11,3,1681.673,1 1,South,2,6,6
2,4,11,2,1682.239,2 1,South,2,6,6
2,4,11,1,1682.801,2 1,East,2,6,6
2,4,11,2,1683.338,2 1,East,2,6,7
2,4,11,2,1683.535,2 1,East,2,6,8
2,4,11,3,1683.857,2 1,South,2,6,8
2,4,11,2,1684.493,3 1,South,2,6,8
2,4,11,1,1685.115,3 1,East,2,6,8
2,4,11,2,1685.776,3 2,East,2,6,8
2,4,11,3,1686.383,3 2,South,2,6,8
2,4,11,2,1687.004,4 2,South,2,6,8
2,4,11,1,1687.656,4 2,East,2,6,8
2,4,11,2,1688.185,4 3,East,2,6,8
2,4,11,2,1688.763,4 4,East,2,6,8
2,4,11,1,1689.34,4 4,North,2,6,8
2,4,11,2,1689.913,3 4,North,2,6,8
2,4,11,2,1690.465,2 4,North,2,6,8
2,4,11,6,1690.84,2 4,North,2,7,8
2,4,11,1,1691.021,2 4,West,2,7,8
2,4,11,2,1691.639,2 4,West,2,7,9
2,4,11,1,1692.153,2 4,South,2,7,9
2,4,11,2,1692.733,3 4,South,2,7,9
2,4,11,2,1693.29,4 4,South,2,7,9
2,4,11,3,1693.836,4 4,West,2,7,9
2,4,11,2,1694.381,4 3,West,2,7,9
2,4,11,2,1694.947,4 2,West,2,7,9
2,4,11,3,1695.49,4 2,North,2,7,9
2,4,11,2,1696.057,3 2,North,2,7,9
2,4,11,2,1696.592,3 2,North,2,7,10
2,4,11,1,1697.208,3 2,West,2,7,10
2,4,11,1,1697.898,3 2,South,2,7,10
2,4,11,2,1698.479,4 2,South,2,7,10
2,4,11,1,1699.021,4 2,East,2,7,10
2,4,11,2,1699.661,4 3,East,2,7,10
2,4,11,2,1700.209,4 4,East,2,7,10
2,4,11,1,1700.765,4 4,North,2,7,10
2,4,11,2,1701.377,3 4,North,2,7,10
2,4,11,2,1701.951,2 4,North,2,7,10
2,4,11,2,1702.604,1 4,North,2,7,10
2,4,11,1,1703.169,1 4,West,2,7,10
2,4,11,2,1703.836,1 3,West,2,7,10
2,4,11,1,1704.522,1 3,South,2,7,10
2,4,11,2,1705.116,2 3,South,2,7,10
2,4,11,3,1705.677,2 3,West,2,7,10
2,4,11,2,1706.303,2 2,West,2,7,10
2,4,11,2,1707.167,2 2,West,2,7,11
2,4,11,3,1707.633,2 2,North,2,7,11
2,4,11,2,1708.174,1 2,North,2,7,11
2,4,11,1,1708.703,1 2,West,2,7,11
2,4,11,2,1709.227,1 2,West,2,7,12
2,4,11,2,1709.416,1 2,West,2,7,13
2,4,11,1,1709.979,1 2,South,2,7,13
2,4,11,2,1710.701,2 2,South,2,7,13
2,4,11,3,1711.277,2 2,West,2,7,13
2,4,11,2,1711.866,2 2,West,2,7,14
2,4,11,1,1712.362,2 2,South,2,7,14
2,4,11,3,1713.102,2 2,West,2,7,14
2,4,11,3,1713.614,2 2,North,2,7,14
2,4,11,2,1714.172,1 2,North,2,7,14
2,4,11,1,1714.733,1 2,West,2,7,14
2,4,11,2,1715.424,1 2,West,2,7,15
2,4,11,3,1715.82,1 2,North,2,7,15
2,4,11,1,1716.472,1 2,West,2,7,15
2,4,11,1,1717.023,1 2,South,2,7,15
2,4,11,2,1717.675,2 2,South,2,7,15
2,4,11,2,1718.272,2 2,South,2,7,16
2,4,11,1,1719.551,2 2,East,2,7,16
2,4,11,1,1720.09,2 2,North,2,7,16
2,4,11,2,1722.712,1 2,North,2,7,16
2,4,11,3,1723.417,1 2,East,2,7,16
2,4,11,1,1724.125,1 2,North,2,7,16
2,4,11,1,1724.794,1 2,West,2,7,16
2,4,11,3,1725.344,1 2,North,2,7,16
2,4,11,2,1725.933,0 2,North,2,7,16
2,4,11,1,1726.496,0 2,West,2,7,16
2,4,11,2,1727.138,0 1,West,2,7,16
2,4,11,6,1727.54,0 1,West,2,8,16
1,4,12,2,1730.524,3 4,North,2,0,16
1,4,12,2,1731.08,2 4,North,2,0,16
1,4,12,2,1731.664,1 4,North,2,0,16
1,4,12,1,1732.218,1 3,North,2,0,16
1,4,12,4,1732.832,2 3,North,2,0,16
1,4,12,1,1733.388,2 2,North,2,0,16
1,4,12,2,1734.011,1 2,North,2,0,16
1,4,12,2,1734.557,0 2,North,2,0,16
1,4,12,1,1735.135,0 1,North,2,0,16
1,4,12,6,1735.54,0 1,North,2,1,16
1,4,12,4,1735.769,0 1,North,2,1,16
1,4,12,3,1735.883,0 2,North,2,1,16
1,4,12,4,1736.477,1 2,North,2,1,16
1,4,12,4,1737.087,2 2,North,2,1,16
1,4,12,3,1737.66,2 3,North,2,1,16
1,4,12,2,1738.368,1 3,North,2,1,16
1,4,12,3,1738.976,1 4,North,2,1,16
1,4,12,4,1739.544,2 4,North,2,1,16
1,4,12,4,1740.441,3 4,North,2,1,16
1,4,12,4,1741.071,4 4,North,2,1,16
1,4,12,1,1741.706,4 3,North,2,1,16
1,4,12,1,1742.376,4 2,North,2,1,16
1,4,12,2,1742.988,3 2,North,2,1,16
1,4,12,1,1743.536,3 1,North,2,1,16
1,4,12,2,1744.092,2 1,North,2,1,16
1,4,12,2,1744.632,1 1,North,2,1,16
1,4,12,1,1745.162,1 0,North,2,1,16
1,4,12,4,1745.758,2 0,North,2,1,16
1,4,12,6,1746.12,2 0,North,2,2,16
1,4,12,2,1746.383,1 0,North,2,2,16
1,4,12,3,1746.983,1 1,North,2,2,16
1,4,12,4,1747.645,2 1,North,2,2,16
1,4,12,4,1748.329,3 1,North,2,2,16
1,4,12,6,1748.68,3 1,North,2,3,16
1,4,12,3,1748.94,3 2,North,2,3,16
1,4,12,1,1749.552,3 1,North,2,3,16
1,4,12,2,1750.184,2 1,North,2,3,16
1,4,12,2,1750.769,1 1,North,2,3,16
1,4,12,6,1751.14,1 1,North,2,4,16
1,4,12,4,1751.407,2 1,North,2,4,16
1,4,12,4,1752.01,3 1,North,2,4,16
1,4,12,3,1752.577,3 2,North,2,4,16
1,4,12,3,1753.16,3 3,North,2,4,16
1,4,12,6,1753.56,3 3,North,2,5,16
1,4,12,1,1753.703,3 2,North,2,5,16
1,4,12,1,1754.271,3 1,North,2,5,16
1,4,12,2,1754.856,2 1,North,2,5,16
1,4,12,2,1755.433,1 1,North,2,5,16
1,4,12,1,1756.286,1 0,North,2,5,16
1,4,12,4,1756.825,2 0,North,2,5,16
1,4,12,4,1757.402,3 0,North,2,5,16
1,4,12,4,1758.362,4 0,North,2,5,16
1,4,12,3,1759.288,4 1,North,2,5,16
1,4,12,6,1759.68,4 1,North,2,6,16
1,4,12,1,1759.84,4 0,North,2,6,16
1,4,12,2,1760.382,3 0,North,2,6,16
1,4,12,2,1761.166,2 0,North,2,6,16
1,4,12,2,1761.693,1 0,North,2,6,16
1,4,12,3,1762.251,1 1,North,2,6,16
1,4,12,4,1762.942,2 1,North,2,6,16
1,4,12,4,1763.642,3 1,North,2,6,16
1,4,12,3,1764.302,3 2,North,2,6,16
1,4,12,4,1764.974,4 2,North,2,6,16
1,4,12,3,1765.56,4 3,North,2,6,16
1,4,12,3,1766.2,4 4,North,2,6,16
1,4,12,2,1766.864,3 4,North,2,6,16
1,4,12,6,1767.24,3 4,North,2,7,16
1,4,12,2,1767.566,2 4,North,2,7,16
1,4,12,4,1768.172,3 4,North,2,7,16
1,4,12,4,1768.747,4 4,North,2,7,16
1,4,12,1,1769.449,4 3,North,2,7,16
1,4,12,1,1770.061,4 2,North,2,7,16
1,4,12,2,1770.656,3 2,North,2,7,16
1,4,12,6,1771.04,3 2,North,2,8,16
2,4,12,1,1774.635,4 4,West,2,0,0
2,4,12,2,1775.245,4 3,West,2,0,0
2,4,12,2,1775.867,4 2,West,2,0,0
2,4,12,3,1778.033,4 2,North,2,0,0
2,4,12,2,1778.941,3 2,North,2,0,0
2,4,12,1,1779.548,3 2,West,2,0,0
2,4,12,2,1780.153,3 1,West,2,0,0
2,4,12,3,1780.762,3 1,North,2,0,0
2,4,12,2,1781.393,2 1,North,2,0,0
2,4,12,2,1781.961,1 1,North,2,0,0
2,4,12,1,1782.561,1 1,West,2,0,0
2,4,12,2,1783.241,1 0,West,2,0,0
2,4,12,1,1783.867,1 0,South,2,0,0
2,4,12,2,1784.465,2 0,South,2,0,0
2,4,12,6,1784.84,2 0,South,2,1,0
2,4,12,1,1785.09,2 0,East,2,1,0
2,4,12,1,1785.66,2 0,North,2,1,0
2,4,12,2,1786.287,1 0,North,2,1,0
2,4,12,3,1786.811,1 0,East,2,1,0
2,4,12,2,1787.488,1 1,East,2,1,0
2,4,12,3,1788.506,1 1,South,2,1,0
2,4,12,2,1789.167,2 1,South,2,1,0
2,4,12,2,1789.743,3 1,South,2,1,0
2,4,12,2,1790.353,3 1,South,2,1,1
2,4,12,3,1793.439,3 1,West,2,1,1
2,4,12,3,1794.081,3 1,North,2,1,1
2,4,12,2,1794.719,2 1,North,2,1,1
2,4,12,2,1795.24,1 1,North,2,1,1
2,4,12,1,1795.819,1 1,West,2,1,1
2,4,12,2,1796.407,1 0,West,2,1,1
2,4,12,1,1797.176,1 0,South,2,1,1
2,4,12,2,1797.786,2 0,South,2,1,1
2,4,12,2,1798.653,3 0,South,2,1,1
2,4,12,2,1799.277,4 0,South,2,1,1
2,4,12,1,1799.864,4 0,East,2,1,1
2,4,12,2,1800.575,4 1,East,2,1,1
2,4,12,6,1800.98,4 1,East,2,2,1
2,4,12,1,1801.1,4 1,North,2,2,1
2,4,12,1,1801.8,4 1,West,2,2,1
2,4,12,2,1802.392,4 0,West,2,2,1
2,4,12,3,1802.94,4 0,North,2,2,1
2,4,12,2,1803.562,3 0,North,2,2,1
2,4,12,2,1804.125,2 0,North,2,2,1
2,4,12,2,1804.927,1 0,North,2,2,1
2,4,12,3,1805.472,1 0,East,2,2,1
2,4,12,2,1806.061,1 1,East,2,2,1
2,4,12,3,1806.587,1 1,South,2,2,1
2,4,12,2,1807.162,2 1,South,2,2,1
2,4,12,1,1807.693,2 1,East,2,2,1
2,4,12,2,1808.365,2 1,East,2,2,2
2,4,12,3,1808.865,2 1,South,2,2,2
2,4,12,2,1809.47,3 1,South,2,2,2
2,4,12,1,1810.122,3 1,East,2,2,2
2,4,12,2,1810.769,3 2,East,2,2,2
2,4,12,6,1811.18,3 2,East,2,3,2
2,4,12,3,1811.8,3 2,South,2,3,2
2,4,12,2,1812.429,4 2,South,2,3,2
2,4,12,1,1812.945,4 2,East,2,3,2
2,4,12,2,1813.516,4 3,East,2,3,2
2,4,12,2,1814.09,4 4,East,2,3,2
2,4,12,1,1814.619,4 4,North,2,3,2
2,4,12,2,1815.231,3 4,North,2,3,2
2,4,12,2,1815.803,2 4,North,2,3,2
2,4,12,2,1816.345,1 4,North,2,3,2
2,4,12,6,1816.74,1 4,North,2,4,2
2,4,12,1,1816.892,1 4,West,2,4,2
2,4,12,1,1817.991,1 4,South,2,4,2
2,4,12,2,1818.589,2 4,South,2,4,2
2,4,12,2,1819.114,3 4,South,2,4,2
2,4,12,2,1819.632,4 4,South,2,4,2
2,4,12,3,1820.221,4 4,West,2,4,2
2,4,12,2,1820.767,4 3,West,2,4,2
2,4,12,2,1821.328,4 2,West,2,4,2
2,4,12,3,1821.951,4 2,North,2,4,2
2,4,12,2,1822.528,3 2,North,2,4,2
2,4,12,1,1823.095,3 2,West,2,4,2
2,4,12,2,1824.577,3 1,West,2,4,2
2,4,12,6,1825,3 1,West,2,5,2
2,4,12,3,1825.277,3 1,North,2,5,2
2,4,12,3,1825.914,3 1,East,2,5,2
2,4,12,2,1826.511,3 2,East,2,5,2
2,4,12,3,1827.451,3 2,South,2,5,2
2,4,12,2,1828.064,4 2,South,2,5,2
2,4,12,1,1829.031,4 2,East,2,5,2
2,4,12,2,1829.751,4 3,East,2,5,2
2,4,12,2,1830.286,4 4,East,2,5,2
2,4,12,1,1830.942,4 4,North,2,5,2
2,4,12,2,1831.553,3 4,North,2,5,2
2,4,12,2,1832.092,2 4,North,2,5,2
2,4,12,2,1833.018,1 4,North,2,5,2
2,4,12,2,1833.662,0 4,North,2,5,2
2,4,12,1,1834.315,0 4,West,2,5,2
2,4,12,2,1834.986,0 3,West,2,5,2
2,4,12,6,1835.4,0 3,West,2,6,2
2,4,12,1,1835.593,0 3,South,2,6,2
2,4,12,1,1836.158,0 3,East,2,6,2
2,4,12,2,1836.848,0 4,East,2,6,2
2,4,12,3,1837.536,0 4,South,2,6,2
2,4,12,2,1838.255,1 4,South,2,6,2
2,4,12,3,1839.258,1 4,West,2,6,2
2,4,12,2,1839.883,1 3,West,2,6,2
2,4,12,1,1840.407,1 3,South,2,6,2
2,4,12,2,1841.04,2 3,South,2,6,2
2,4,12,3,1841.675,2 3,West,2,6,2
2,4,12,2,1842.318,2 2,West,2,6,2
2,4,12,2,1843.709,2 2,West,2,6,3
2,4,12,3,1844.19,2 2,North,2,6,3
2,4,12,2,1844.768,1 2,North,2,6,3
2,4,12,1,1845.343,1 2,West,2,6,3
2,4,12,2,1846.019,1 2,West,2,6,4
2,4,12,3,1846.557,1 2,North,2,6,4
2,4,12,2,1847.101,0 2,North,2,6,4
2,4,12,1,1847.72,0 2,West,2,6,4
2,4,12,2,1848.297,0 1,West,2,6,4
2,4,12,1,1848.842,0 1,South,2,6,4
2,4,12,2,1849.391,0 1,South,2,6,5
2,4,12,2,1850.077,0 1,South,2,6,6
2,4,12,3,1850.362,0 1,West,2,6,6
2,4,12,2,1850.906,0 0,West,2,6,6
2,4,12,1,1851.42,0 0,South,2,6,6
2,4,12,2,1852.204,0 0,South,2,6,7
2,4,12,1,1852.781,0 0,East,2,6,7
2,4,12,2,1853.32,0 1,East,2,6,7
2,4,12,2,1853.888,0 2,East,2,6,7
2,4,12,3,1854.48,0 2,South,2,6,7
2,4,12,2,1855.193,1 2,South,2,6,7
2,4,12,2,1855.836,2 2,South,2,6,7
2,4,12,1,1856.574,2 2,East,2,6,7
2,4,12,2,1857.134,2 3,East,2,6,7
2,4,12,2,1857.664,2 3,East,2,6,8
2,4,12,3,1858.471,2 3,South,2,6,8
2,4,12,1,1859.153,2 3,East,2,6,8
2,4,12,1,1859.692,2 3,North,2,6,8
2,4,12,2,1860.319,1 3,North,2,6,8
2,4,12,3,1860.944,1 3,East,2,6,8
2,4,12,2,1861.552,1 4,East,2,6,8
2,4,12,3,1862.145,1 4,South,2,6,8
2,4,12,2,1862.734,2 4,South,2,6,8
2,4,12,2,1863.276,3 4,South,2,6,8
2,4,12,2,1863.848,4 4,South,2,6,8
2,4,12,3,1864.43,4 4,West,2,6,8
2,4,12,2,1864.992,4 3,West,2,6,8
2,4,12,2,1865.566,4 2,West,2,6,8
2,4,12,3,1866.129,4 2,North,2,6,8
2,4,12,2,1866.696,3 2,North,2,6,8
2,4,12,1,1867.211,3 2,West,2,6,8
2,4,12,2,1867.837,3 1,West,2,6,8
2,4,12,3,1868.41,3 1,North,2,6,8
2,4,12,2,1869.019,2 1,North,2,6,8
2,4,12,2,1869.585,1 1,North,2,6,8
2,4,12,6,1869.96,1 1,North,2,7,8
2,4,12,1,1870.186,1 1,West,2,7,8
2,4,12,1,1870.826,1 1,South,2,7,8
2,4,12,2,1871.418,2 1,South,2,7,8
2,4,12,2,1871.944,3 1,South,2,7,8
2,4,12,2,1872.455,3 1,South,2,7,9
2,4,12,1,1873.099,3 1,East,2,7,9
2,4,12,2,1873.679,3 2,East,2,7,9
2,4,12,3,1874.304,3 2,South,2,7,9
2,4,12,2,1874.878,4 2,South,2,7,9
2,4,12,1,1875.402,4 2,East,2,7,9
2,4,12,2,1875.953,4 3,East,2,7,9
2,4,12,2,1876.488,4 4,East,2,7,9
2,4,12,1,1877.024,4 4,North,2,7,9
2,4,12,2,1877.585,3 4,North,2,7,9
2,4,12,2,1878.108,2 4,North,2,7,9
2,4,12,1,1878.683,2 4,West,2,7,9
2,4,12,3,1879.455,2 4,North,2,7,9
2,4,12,2,1880.076,1 4,North,2,7,9
2,4,12,1,1881.039,1 4,West,2,7,9
2,4,12,2,1881.657,1 3,West,2,7,9
2,4,12,1,1882.526,1 3,South,2,7,9
2,4,12,2,1883.121,2 3,South,2,7,9
2,4,12,3,1883.727,2 3,West,2,7,9
2,4,12,2,1884.363,2 2,West,2,7,9
2,4,12,2,1884.94,2 2,West,2,7,10
2,4,12,3,1885.441,2 2,North,2,7,10
2,4,12,2,1885.998,1 2,North,2,7,10
2,4,12,1,1886.766,1 2,West,2,7,10
2,4,12,2,1887.406,1 2,West,2,7,11
2,4,12,3,1887.896,1 2,North,2,7,11
2,4,12,2,1888.43,0 2,North,2,7,11
2,4,12,1,1889.122,0 2,West,2,7,11
2,4,12,2,1889.673,0 1,West,2,7,11
2,4,12,2,1890.256,0 0,West,2,7,11
2,4,12,6,1890.66,0 0,West,2,8,11
1,5,13,2,1924.251,3 4,North,3,0,11
1,5,13,4,1924.818,4 4,North,3,0,11
1,5,13,1,1925.421,4 3,North,3,0,11
1,5,13,1,1926.081,4 2,North,3,0,11
1,5,13,2,1926.713,3 2,North,3,0,11
1,5,13,1,1929.099,3 1,North,3,0,11
1,5,13,1,1929.693,3 0,North,3,0,11
1,5,13,6,1930.1,3 0,North,3,1,11
1,5,13,2,1931.178,2 0,North,3,1,11
1,5,13,2,1931.727,1 0,North,3,1,11
1,5,13,3,1932.379,1 1,North,3,1,11
1,5,13,4,1932.918,2 1,North,3,1,11
1,5,13,3,1933.506,2 2,North,3,1,11
1,5,13,2,1934.135,1 2,North,3,1,11
1,5,13,6,1934.52,1 2,North,3,2,11
1,5,13,4,1935.008,2 2,North,3,2,11
1,5,13,1,1935.611,2 1,North,3,2,11
1,5,13,2,1936.188,1 1,North,3,2,11
1,5,13,1,1936.715,1 0,North,3,2,11
1,5,13,4,1937.312,2 0,North,3,2,11
1,5,13,4,1937.851,3 0,North,3,2,11
1,5,13,3,1938.398,3 1,North,3,2,11
1,5,13,3,1939.001,3 2,North,3,2,11
1,5,13,4,1942.875,4 2,North,3,2,11
1,5,13,1,1943.432,4 1,North,3,2,11
1,5,13,6,1943.84,4 1,North,3,3,11
1,5,13,3,1944.159,4 2,North,3,3,11
1,5,13,3,1944.734,4 3,North,3,3,11
1,5,13,3,1945.374,4 4,North,3,3,11
1,5,13,2,1946.026,3 4,North,3,3,11
1,5,13,1,1946.544,3 3,North,3,3,11
1,5,13,2,1947.166,2 3,North,3,3,11
1,5,13,2,1947.742,1 3,North,3,3,11
1,5,13,6,1948.12,1 3,North,3,4,11
1,5,13,4,1948.539,2 3,North,3,4,11
1,5,13,4,1949.067,3 3,North,3,4,11
1,5,13,3,1949.775,3 4,North,3,4,11
1,5,13,4,1950.379,4 4,North,3,4,11
1,5,13,1,1950.938,4 3,North,3,4,11
1,5,13,1,1951.532,4 2,North,3,4,11
1,5,13,2,1952.184,3 2,North,3,4,11
1,5,13,1,1952.732,3 1,North,3,4,11
1,5,13,1,1953.309,3 0,North,3,4,11
1,5,13,2,1953.966,2 0,North,3,4,11
1,5,13,2,1954.525,1 0,North,3,4,11
1,5,13,3,1955.08,1 1,North,3,4,11
1,5,13,4,1955.6,2 1,North,3,4,11
1,5,13,3,1956.399,2 2,North,3,4,11
1,5,13,2,1956.985,1 2,North,3,4,11
1,5,13,2,1957.532,0 2,North,3,4,11
1,5,13,1,1958.089,0 1,North,3,4,11
1,5,13,6,1958.5,0 1,North,3,5,11
1,5,13,3,1958.619,0 2,North,3,5,11
1,5,13,4,1959.599,1 2,North,3,5,11
1,5,13,4,1960.607,2 2,North,3,5,11
1,5,13,1,1961.209,2 1,North,3,5,11
1,5,13,2,1961.821,1 1,North,3,5,11
1,5,13,1,1962.377,1 0,North,3,5,11
1,5,13,4,1963.103,2 0,North,3,5,11
1,5,13,4,1963.8,3 0,North,3,5,11
1,5,13,4,1964.602,3 0,North,3,5,11
1,5,13,3,1964.673,3 1,North,3,5,11
1,5,13,3,1965.328,3 2,North,3,5,11
1,5,13,4,1965.978,4 2,North,3,5,11
1,5,13,3,1966.526,4 3,North,3,5,11
1,5,13,3,1967.129,4 4,North,3,5,11
1,5,13,2,1967.742,3 4,North,3,5,11
1,5,13,1,1968.279,3 3,North,3,5,11
1,5,13,2,1968.83,2 3,North,3,5,11
1,5,13,6,1969.2,2 3,North,3,6,11
1,5,13,4,1969.433,3 3,North,3,6,11
1,5,13,3,1970.046,3 4,North,3,6,11
1,5,13,4,1970.583,4 4,North,3,6,11
1,5,13,1,1971.113,4 3,North,3,6,11
1,5,13,1,1971.642,4 2,North,3,6,11
1,5,13,2,1972.272,3 2,North,3,6,11
1,5,13,1,1972.799,3 1,North,3,6,11
1,5,13,1,1973.341,3 0,North,3,6,11
1,5,13,2,1973.896,2 0,North,3,6,11
1,5,13,2,1974.415,1 0,North,3,6,11
1,5,13,3,1974.969,1 1,North,3,6,11
1,5,13,4,1975.566,2 1,North,3,6,11
1,5,13,3,1976.138,2 2,North,3,6,11
1,5,13,2,1976.666,1 2,North,3,6,11
1,5,13,2,1977.183,0 2,North,3,6,11
1,5,13,1,1977.951,0 1,North,3,6,11
1,5,13,1,1978.824,0 0,North,3,6,11
1,5,13,6,1979.24,0 0,North,3,7,11
1,5,13,3,1979.449,0 1,North,3,7,11
1,5,13,3,1979.998,0 2,North,3,7,11
1,5,13,4,1980.553,1 2,North,3,7,11
1,5,13,4,1981.099,2 2,North,3,7,11
1,5,13,1,1981.691,2 1,North,3,7,11
1,5,13,2,1982.268,1 1,North,3,7,11
1,5,13,1,1982.815,1 0,North,3,7,11
1,5,13,4,1983.37,2 0,North,3,7,11
1,5,13,4,1983.936,3 0,North,3,7,11
1,5,13,3,1984.474,3 1,North,3,7,11
1,5,13,3,1985.213,3 2,North,3,7,11
1,5,13,4,1985.753,4 2,North,3,7,11
1,5,13,3,1986.335,4 3,North,3,7,11
1,5,13,6,1986.74,4 3,North,3,8,11
2,5,13,1,1990.73,4 4,West,3,0,0
2,5,13,2,1991.293,4 3,West,3,0,0
2,5,13,2,1991.84,4 2,West,3,0,0
2,5,13,3,1992.414,4 2,North,3,0,0
2,5,13,2,1993.042,3 2,North,3,0,0
2,5,13,1,1993.597,3 2,West,3,0,0
2,5,13,2,1994.144,3 1,West,3,0,0
2,5,13,2,1994.698,3 0,West,3,0,0
2,5,13,3,1995.342,3 0,North,3,0,0
2,5,13,2,1995.922,2 0,North,3,0,0
2,5,13,3,1996.497,2 0,East,3,0,0
2,5,13,2,1997.104,2 0,East,3,0,1
2,5,13,1,1997.633,2 0,North,3,0,1
2,5,13,2,1998.185,1 0,North,3,0,1
2,5,13,3,1998.703,1 0,East,3,0,1
2,5,13,2,1999.34,1 1,East,3,0,1
2,5,13,1,1999.979,1 1,North,3,0,1
2,5,13,2,2000.589,1 1,North,3,0,2
2,5,13,3,2001.036,1 1,East,3,0,2
2,5,13,2,2001.577,1 1,East,3,0,3
2,5,13,1,2002.226,1 1,North,3,0,3
2,5,13,1,2003.149,1 1,West,3,0,3
2,5,13,2,2003.674,1 0,West,3,0,3
2,5,13,3,2004.208,1 0,North,3,0,3
2,5,13,2,2004.727,1 0,North,3,0,4
2,5,13,2,2004.957,1 0,North,3,0,5
2,5,13,3,2005.263,1 0,East,3,0,5
2,5,13,2,2005.788,1 1,East,3,0,5
2,5,13,2,2006.347,1 1,East,3,0,6
2,5,13,2,2006.545,1 1,East,3,0,7
2,5,13,3,2006.827,1 1,South,3,0,7
2,5,13,2,2007.339,2 1,South,3,0,7
2,5,13,1,2007.948,2 1,East,3,0,7
2,5,13,2,2008.482,2 2,East,3,0,7
2,5,13,1,2009.057,2 2,North,3,0,7
2,5,13,2,2009.696,1 2,North,3,0,7
2,5,13,2,2010.235,0 2,North,3,0,7
2,5,13,1,2010.801,0 2,West,3,0,7
2,5,13,2,2011.405,0 1,West,3,0,7
2,5,13,6,2011.82,0 1,West,3,1,7
2,5,13,1,2011.949,0 1,South,3,1,7
2,5,13,1,2012.514,0 1,East,3,1,7
2,5,13,2,2013.084,0 2,East,3,1,7
2,5,13,2,2014.077,0 2,East,3,1,8
2,5,13,3,2014.464,0 2,South,3,1,8
2,5,13,2,2015.033,1 2,South,3,1,8
2,5,13,3,2015.904,1 2,West,3,1,8
2,5,13,1,2016.737,1 2,South,3,1,8
2,5,13,2,2017.393,2 2,South,3,1,8
2,5,13,3,2017.93,2 2,West,3,1,8
2,5,13,2,2018.513,2 1,West,3,1,8
2,5,13,2,2019.162,2 1,West,3,1,9
2,5,13,1,2019.626,2 1,South,3,1,9
2,5,13,2,2020.173,2 1,South,3,1,10
2,5,13,3,2020.766,2 1,West,3,1,10
2,5,13,3,2021.29,2 1,North,3,1,10
2,5,13,2,2021.881,1 1,North,3,1,10
2,5,13,1,2022.393,1 1,West,3,1,10
2,5,13,2,2022.924,1 0,West,3,1,10
2,5,13,1,2023.531,1 0,South,3,1,10
2,5,13,2,2024.139,2 0,South,3,1,10
2,5,13,2,2024.842,3 0,South,3,1,10
2,5,13,6,2025.24,3 0,South,3,2,10
2,5,13,1,2025.438,3 0,East,3,2,10
2,5,13,1,2026.096,3 0,North,3,2,10
2,5,13,2,2026.655,2 0,North,3,2,10
2,5,13,2,2027.169,1 0,North,3,2,10
2,5,13,3,2028.044,1 0,East,3,2,10
2,5,13,2,2028.576,1 1,East,3,2,10
2,5,13,2,2029.371,1 1,East,3,2,11
2,5,13,3,2029.881,1 1,South,3,2,11
2,5,13,2,2030.432,2 1,South,3,2,11
2,5,13,1,2031.258,2 1,East,3,2,11
2,5,13,2,2031.875,2 2,East,3,2,11
2,5,13,1,2032.411,2 2,North,3,2,11
2,5,13,2,2033.05,1 2,North,3,2,11
2,5,13,6,2033.44,1 2,North,3,3,11
2,5,13,3,2033.68,1 2,East,3,3,11
2,5,13,3,2034.249,1 2,South,3,3,11
2,5,13,3,2034.778,1 2,West,3,3,11
2,5,13,1,2035.472,1 2,South,3,3,11
2,5,13,2,2036.061,2 2,South,3,3,11
2,5,13,3,2036.872,2 2,West,3,3,11
2,5,13,2,2037.502,2 1,West,3,3,11
2,5,13,3,2038.474,2 1,North,3,3,11
2,5,13,2,2039.13,1 1,North,3,3,11
2,5,13,2,2039.74,1 1,North,3,3,12
2,5,13,1,2040.206,1 1,West,3,3,12
2,5,13,2,2040.989,1 0,West,3,3,12
2,5,13,3,2041.534,1 0,North,3,3,12
2,5,13,2,2042.06,1 0,North,3,3,13
2,5,13,2,2042.271,1 0,North,3,3,14
2,5,13,3,2042.558,1 0,East,3,3,14
2,5,13,2,2043.208,1 1,East,3,3,14
2,5,13,2,2043.759,1 1,East,3,3,15
2,5,13,3,2044.319,1 1,South,3,3,15
2,5,13,2,2044.923,2 1,South,3,3,15
2,5,13,1,2045.435,2 1,East,3,3,15
2,5,13,2,2046.042,2 2,East,3,3,15
2,5,13,1,2046.59,2 2,North,3,3,15
2,5,13,2,2047.247,1 2,North,3,3,15
2,5,13,2,2047.776,0 2,North,3,3,15
2,5,13,1,2048.303,0 2,West,3,3,15
2,5,13,2,2048.891,0 1,West,3,3,15
2,5,13,2,2049.434,0 0,West,3,3,15
2,5,13,6,2049.84,0 0,West,3,4,15
2,5,13,1,2049.993,0 0,South,3,4,15
2,5,13,1,2050.558,0 0,East,3,4,15
2,5,13,2,2051.139,0 1,East,3,4,15
2,5,13,2,2051.657,0 2,East,3,4,15
2,5,13,3,2052.685,0 2,South,3,4,15
2,5,13,2,2053.323,1 2,South,3,4,15
2,5,13,2,2053.899,2 2,South,3,4,15
2,5,13,1,2054.446,2 2,East,3,4,15
2,5,13,2,2055.131,2 2,East,3,4,16
2,5,13,3,2055.752,2 2,South,3,4,16
2,5,13,2,2056.38,2 2,South,3,4,17
2,5,13,1,2056.965,2 2,East,3,4,17
2,5,13,1,2057.778,2 2,North,3,4,17
2,5,13,2,2058.316,1 2,North,3,4,17
2,5,13,3,2058.877,1 2,East,3,4,17
2,5,13,2,2059.438,1 2,East,3,4,18
2,5,13,2,2059.6,1 2,East,3,4,19
2,5,13,3,2059.947,1 2,South,3,4,19
2,5,13,2,2060.573,2 2,South,3,4,19
2,5,13,2,2061.152,2 2,South,3,4,20
2,5,13,2,2061.323,2 2,South,3,4,21
2,5,13,3,2061.597,2 2,West,3,4,21
2,5,13,2,2062.111,2 1,West,3,4,21
2,5,13,1,2062.782,2 1,South,3,4,21
2,5,13,2,2063.353,2 1,South,3,4,22
2,5,13,3,2064.004,2 1,West,3,4,22
2,5,13,2,2064.556,2 1,West,3,4,23
2,5,13,1,2065.13,2 1,South,3,4,23
2,5,13,1,2065.663,2 1,East,3,4,23
2,5,13,2,2066.269,2 2,East,3,4,23
2,5,13,3,2066.894,2 2,South,3,4,23
2,5,13,2,2067.473,2 2,South,3,4,24
2,5,13,1,2067.982,2 2,East,3,4,24
2,5,13,2,2068.575,2 2,East,3,4,25
2,5,13,1,2069.087,2 2,North,3,4,25
2,5,13,2,2069.627,1 2,North,3,4,25
2,5,13,1,2070.137,1 2,West,3,4,25
2,5,13,2,2070.747,1 2,West,3,4,26
2,5,13,1,2071.28,1 2,South,3,4,26
2,5,13,2,2071.819,2 2,South,3,4,26
2,5,13,3,2072.719,2 2,West,3,4,26
2,5,13,2,2073.329,2 1,West,3,4,26
2,5,13,1,2074.332,2 1,South,3,4,26
2,5,13,2,2074.924,2 1,South,3,4,27
2,5,13,3,2075.405,2 1,West,3,4,27
2,5,13,2,2075.949,2 1,West,3,4,28
2,5,13,2,2076.119,2 1,West,3,4,29
2,5,13,3,2076.622,2 1,North,3,4,29
2,5,13,2,2077.133,1 1,North,3,4,29
2,5,13,1,2077.772,1 1,West,3,4,29
2,5,13,2,2078.332,1 0,West,3,4,29
2,5,13,1,2078.984,1 0,South,3,4,29
2,5,13,2,2079.672,2 0,South,3,4,29
2,5,13,2,2080.247,3 0,South,3,4,29
2,5,13,2,2080.841,3 0,South,3,4,30
2,5,13,2,2081.04,3 0,South,3,4,31
2,5,13,1,2081.377,3 0,East,3,4,31
2,5,13,2,2082.076,3 1,East,3,4,31
2,5,13,3,2082.733,3 1,South,3,4,31
2,5,13,2,2083.356,3 1,South,3,4,32
2,5,13,2,2083.546,3 1,South,3,4,33
2,5,13,1,2083.902,3 1,East,3,4,33
2,5,13,2,2084.571,3 2,East,3,4,33
2,5,13,3,2085.119,3 2,South,3,4,33
2,5,13,2,2085.79,4 2,South,3,4,33
2,5,13,1,2086.344,4 2,East,3,4,33
2,5,13,2,2086.914,4 3,East,3,4,33
2,5,13,2,2087.479,4 4,East,3,4,33
2,5,13,1,2088.058,4 4,North,3,4,33
2,5,13,2,2088.621,3 4,North,3,4,33
2,5,13,2,2089.343,3 4,North,3,4,34
2,5,13,1,2089.848,3 4,West,3,4,34
2,5,13,2,2090.378,3 3,West,3,4,34
2,5,13,3,2090.906,3 3,North,3,4,34
2,5,13,2,2091.451,2 3,North,3,4,34
2,5,13,2,2092.028,1 3,North,3,4,34
2,5,13,6,2092.42,1 3,North,3,5,34
2,5,13,3,2092.583,1 3,East,3,5,34
2,5,13,3,2093.23,1 3,South,3,5,34
2,5,13,2,2093.791,2 3,South,3,5,34
2,5,13,2,2094.337,3 3,South,3,5,34
2,5,13,1,2094.927,3 3,East,3,5,34
2,5,13,2,2095.486,3 4,East,3,5,34
2,5,13,3,2096.079,3 4,South,3,5,34
2,5,13,2,2096.61,4 4,South,3,5,34
2,5,13,3,2097.144,4 4,West,3,5,34
2,5,13,2,2097.773,4 3,West,3,5,34
2,5,13,2,2098.315,4 2,West,3,5,34
2,5,13,3,2098.896,4 2,North,3,5,34
2,5,13,2,2099.552,3 2,North,3,5,34
2,5,13,1,2100.08,3 2,West,3,5,34
2,5,13,2,2100.713,3 1,West,3,5,34
2,5,13,6,2101.12,3 1,West,3,6,34
2,5,13,1,2101.342,3 1,South,3,6,34
2,5,13,1,2101.918,3 1,East,3,6,34
2,5,13,2,2102.555,3 2,East,3,6,34
2,5,13,3,2103.133,3 2,South,3,6,34
2,5,13,2,2103.675,4 2,South,3,6,34
2,5,13,6,2104.06,4 2,South,3,7,34
2,5,13,3,2104.624,4 2,West,3,7,34
2,5,13,3,2105.146,4 2,North,3,7,34
2,5,13,2,2105.947,3 2,North,3,7,34
2,5,13,3,2106.493,3 2,East,3,7,34
2,5,13,2,2107.119,3 2,East,3,7,35
2,5,13,3,2107.561,3 2,South,3,7,35
2,5,13,2,2108.096,4 2,South,3,7,35
2,5,13,1,2108.632,4 2,East,3,7,35
2,5,13,2,2109.212,4 3,East,3,7,35
2,5,13,1,2109.816,4 3,North,3,7,35
2,5,13,2,2110.444,4 3,North,3,7,36
2,5,13,3,2110.857,4 3,East,3,7,36
2,5,13,2,2111.416,4 4,East,3,7,36
2,5,13,1,2112.011,4 4,North,3,7,36
2,5,13,2,2112.716,3 4,North,3,7,36
2,5,13,1,2113.28,3 4,West,3,7,36
2,5,13,2,2113.984,3 3,West,3,7,36
2,5,13,6,2114.4,3 3,West,3,8,36
1,5,14,2,2117.639,3 4,North,3,0,36
1,5,14,1,2118.829,3 3,North,3,0,36
1,5,14,2,2121.164,2 3,North,3,0,36
1,5,14,2,2122.042,1 3,North,3,0,36
1,5,14,2,2122.921,0 3,North,3,0,36
1,5,14,3,2123.534,0 4,North,3,0,36
1,5,14,4,2124.047,1 4,North,3,0,36
1,5,14,4,2124.665,2 4,North,3,0,36
1,5,14,6,2125.02,2 4,North,3,1,36
1,5,14,2,2125.292,1 4,North,3,1,36
1,5,14,2,2125.887,0 4,North,3,1,36
1,5,14,1,2126.505,0 3,North,3,1,36
1,5,14,4,2127.184,1 3,North,3,1,36
1,5,14,4,2127.743,2 3,North,3,1,36
1,5,14,4,2128.381,3 3,North,3,1,36
1,5,14,3,2128.937,3 4,North,3,1,36
1,5,14,4,2129.664,4 4,North,3,1,36
1,5,14,1,2130.2,4 3,North,3,1,36
1,5,14,1,2130.847,4 2,North,3,1,36
1,5,14,2,2131.414,3 2,North,3,1,36
1,5,14,1,2132.301,3 1,North,3,1,36
1,5,14,1,2132.813,3 0,North,3,1,36
1,5,14,2,2133.367,2 0,North,3,1,36
1,5,14,2,2133.979,1 0,North,3,1,36
1,5,14,3,2134.544,1 1,North,3,1,36
1,5,14,4,2135.064,2 1,North,3,1,36
1,5,14,3,2135.63,2 2,North,3,1,36
1,5,14,2,2136.602,1 2,North,3,1,36
1,5,14,2,2137.15,0 2,North,3,1,36
1,5,14,6,2137.54,0 2,North,3,2,36
1,5,14,4,2138.04,1 2,North,3,2,36
1,5,14,4,2138.606,2 2,North,3,2,36
1,5,14,1,2139.181,2 1,North,3,2,36
1,5,14,2,2139.739,1 1,North,3,2,36
1,5,14,1,2140.267,1 0,North,3,2,36
1,5,14,4,2140.823,2 0,North,3,2,36
1,5,14,4,2141.359,3 0,North,3,2,36
1,5,14,3,2141.92,3 1,North,3,2,36
1,5,14,3,2142.459,3 2,North,3,2,36
1,5,14,4,2143.449,4 2,North,3,2,36
1,5,14,3,2146.796,4 3,North,3,2,36
1,5,14,3,2147.42,4 4,North,3,2,36
1,5,14,2,2148.08,3 4,North,3,2,36
1,5,14,1,2148.64,3 3,North,3,2,36
1,5,14,2,2149.18,2 3,North,3,2,36
1,5,14,2,2149.755,1 3,North,3,2,36
1,5,14,2,2150.414,0 3,North,3,2,36
1,5,14,3,2150.983,0 4,North,3,2,36
1,5,14,4,2151.579,1 4,North,3,2,36
1,5,14,6,2151.94,1 4,North,3,3,36
1,5,14,2,2152.128,0 4,North,3,3,36
1,5,14,1,2152.665,0 3,North,3,3,36
1,5,14,6,2153.06,0 3,North,3,4,36
1,5,14,4,2153.183,1 3,North,3,4,36
1,5,14,4,2153.693,2 3,North,3,4,36
1,5,14,4,2154.237,3 3,North,3,4,36
1,5,14,3,2154.776,3 4,North,3,4,36
1,5,14,6,2155.18,3 4,North,3,5,36
1,5,14,4,2155.375,4 4,North,3,5,36
1,5,14,1,2155.884,4 3,North,3,5,36
1,5,14,1,2156.479,4 2,North,3,5,36
1,5,14,2,2157.13,3 2,North,3,5,36
1,5,14,1,2157.736,3 1,North,3,5,36
1,5,14,1,2158.397,3 0,North,3,5,36
1,5,14,2,2158.956,2 0,North,3,5,36
1,5,14,2,2159.583,1 0,North,3,5,36
1,5,14,3,2160.177,1 1,North,3,5,36
1,5,14,6,2160.58,1 1,North,3,6,36
1,5,14,1,2161.132,1 0,North,3,6,36
1,5,14,4,2161.737,2 0,North,3,6,36
1,5,14,4,2162.569,3 0,North,3,6,36
1,5,14,3,2163.143,3 1,North,3,6,36
1,5,14,3,2163.673,3 2,North,3,6,36
1,5,14,4,2164.193,4 2,North,3,6,36
1,5,14,3,2164.75,4 3,North,3,6,36
1,5,14,3,2165.711,4 4,North,3,6,36
1,5,14,2,2166.336,3 4,North,3,6,36
1,5,14,1,2166.874,3 3,North,3,6,36
1,5,14,2,2167.421,2 3,North,3,6,36
1,5,14,2,2168.282,1 3,North,3,6,36
1,5,14,2,2169.07,0 3,North,3,6,36
1,5,14,3,2169.692,0 4,North,3,6,36
1,5,14,6,2170.1,0 4,North,3,7,36
1,5,14,1,2170.321,0 3,North,3,7,36
1,5,14,4,2170.857,1 3,North,3,7,36
1,5,14,4,2171.424,2 3,North,3,7,36
1,5,14,4,2172.504,3 3,North,3,7,36
1,5,14,3,2173.117,3 4,North,3,7,36
1,5,14,4,2173.674,4 4,North,3,7,36
1,5,14,1,2174.448,4 3,North,3,7,36
1,5,14,1,2175.057,4 2,North,3,7,36
1,5,14,1,2175.887,4 1,North,3,7,36
1,5,14,1,2176.712,4 0,North,3,7,36
1,5,14,6,2177.12,4 0,North,3,8,36
2,5,14,2,2180.073,3 4,North,3,0,0
2,5,14,1,2182.35,3 4,West,3,0,0
2,5,14,2,2182.954,3 3,West,3,0,0
2,5,14,3,2183.501,3 3,North,3,0,0
2,5,14,2,2184.077,2 3,North,3,0,0
2,5,14,2,2184.626,1 3,North,3,0,0
2,5,14,2,2185.175,0 3,North,3,0,0
2,5,14,6,2185.56,0 3,North,3,1,0
2,5,14,1,2185.721,0 3,West,3,1,0
2,5,14,1,2186.32,0 3,South,3,1,0
2,5,14,2,2186.908,1 3,South,3,1,0
2,5,14,2,2187.468,2 3,South,3,1,0
2,5,14,1,2188.029,2 3,East,3,1,0
2,5,14,2,2188.649,2 3,East,3,1,1
2,5,14,3,2189.194,2 3,South,3,1,1
2,5,14,2,2190.239,3 3,South,3,1,1
2,5,14,1,2190.832,3 3,East,3,1,1
2,5,14,2,2191.441,3 4,East,3,1,1
2,5,14,1,2191.997,3 4,North,3,1,1
2,5,14,2,2192.589,3 4,North,3,1,2
2,5,14,1,2193.152,3 4,West,3,1,2
2,5,14,2,2194.202,3 3,West,3,1,2
2,5,14,3,2194.81,3 3,North,3,1,2
2,5,14,2,2195.481,2 3,North,3,1,2
2,5,14,2,2196.009,1 3,North,3,1,2
2,5,14,2,2196.605,0 3,North,3,1,2
2,5,14,3,2197.148,0 3,East,3,1,2
2,5,14,2,2197.784,0 4,East,3,1,2
2,5,14,3,2198.8,0 4,South,3,1,2
2,5,14,2,2199.37,1 4,South,3,1,2
2,5,14,2,2199.934,2 4,South,3,1,2
2,5,14,6,2200.3,2 4,South,3,2,2
2,5,14,3,2200.796,2 4,West,3,2,2
2,5,14,3,2201.819,2 4,North,3,2,2
2,5,14,2,2202.416,1 4,North,3,2,2
2,5,14,2,2202.988,0 4,North,3,2,2
2,5,14,1,2203.534,0 4,West,3,2,2
2,5,14,2,2204.146,0 3,West,3,2,2
2,5,14,1,2205.117,0 3,South,3,2,2
2,5,14,2,2205.712,1 3,South,3,2,2
2,5,14,2,2206.287,2 3,South,3,2,2
2,5,14,1,2206.945,2 3,East,3,2,2
2,5,14,2,2207.583,2 3,East,3,2,3
2,5,14,3,2208.015,2 3,South,3,2,3
2,5,14,2,2208.624,3 3,South,3,2,3
2,5,14,1,2209.48,3 3,East,3,2,3
2,5,14,2,2210.136,3 4,East,3,2,3
2,5,14,3,2210.992,3 4,South,3,2,3
2,5,14,2,2211.568,4 4,South,3,2,3
2,5,14,3,2212.221,4 4,West,3,2,3
2,5,14,2,2212.811,4 3,West,3,2,3
2,5,14,2,2213.472,4 2,West,3,2,3
2,5,14,2,2214.093,4 1,West,3,2,3
2,5,14,2,2214.702,4 0,West,3,2,3
2,5,14,6,2215.12,4 0,West,3,3,3
2,5,14,3,2215.24,4 0,North,3,3,3
2,5,14,3,2215.869,4 0,East,3,3,3
2,5,14,2,2216.487,4 1,East,3,3,3
2,5,14,2,2217.07,4 2,East,3,3,3
2,5,14,1,2217.612,4 2,North,3,3,3
2,5,14,2,2218.266,3 2,North,3,3,3
2,5,14,1,2219.419,3 2,West,3,3,3
2,5,14,2,2220.015,3 1,West,3,3,3
2,5,14,2,2220.555,3 0,West,3,3,3
2,5,14,3,2221.224,3 0,North,3,3,3
2,5,14,2,2221.822,2 0,North,3,3,3
2,5,14,2,2222.442,1 0,North,3,3,3
2,5,14,3,2222.968,1 0,East,3,3,3
2,5,14,2,2223.516,1 1,East,3,3,3
2,5,14,3,2224.139,1 1,South,3,3,3
2,5,14,2,2224.732,2 1,South,3,3,3
2,5,14,1,2225.25,2 1,East,3,3,3
2,5,14,2,2225.857,2 2,East,3,3,3
2,5,14,1,2226.385,2 2,North,3,3,3
2,5,14,2,2226.912,1 2,North,3,3,3
2,5,14,2,2227.452,0 2,North,3,3,3
2,5,14,6,2227.84,0 2,North,3,4,3
2,5,14,1,2227.997,0 2,West,3,4,3
2,5,14,1,2228.591,0 2,South,3,4,3
2,5,14,3,2229.345,0 2,West,3,4,3
2,5,14,2,2229.913,0 1,West,3,4,3
2,5,14,2,2230.458,0 0,West,3,4,3
2,5,14,1,2231.053,0 0,South,3,4,3
2,5,14,2,2231.68,0 0,South,3,4,4
2,5,14,1,2232.928,0 0,East,3,4,4
2,5,14,2,2233.585,0 1,East,3,4,4
2,5,14,2,2234.14,0 2,East,3,4,4
2,5,14,3,2234.697,0 2,South,3,4,4
2,5,14,2,2235.245,1 2,South,3,4,4
2,5,14,3,2236.259,1 2,West,3,4,4
2,5,14,2,2236.857,1 2,West,3,4,5
2,5,14,1,2237.359,1 2,South,3,4,5
2,5,14,2,2237.981,2 2,South,3,4,5
2,5,14,3,2238.605,2 2,West,3,4,5
2,5,14,2,2239.136,2 1,West,3,4,5
2,5,14,3,2239.819,2 1,North,3,4,5
2,5,14,2,2240.412,1 1,North,3,4,5
2,5,14,1,2240.991,1 1,West,3,4,5
2,5,14,2,2241.533,1 0,West,3,4,5
2,5,14,6,2241.94,1 0,West,3,5,5
2,5,14,1,2242.139,1 0,South,3,5,5
2,5,14,1,2242.925,1 0,East,3,5,5
2,5,14,3,2243.873,1 0,South,3,5,5
2,5,14,2,2244.48,2 0,South,3,5,5
2,5,14,1,2244.992,2 0,East,3,5,5
2,5,14,2,2245.55,2 0,East,3,5,6
2,5,14,1,2246.158,2 0,North,3,5,6
2,5,14,2,2246.717,1 0,North,3,5,6
2,5,14,3,2247.369,1 0,East,3,5,6
2,5,14,2,2247.889,1 1,East,3,5,6
2,5,14,3,2249.551,1 1,South,3,5,6
2,5,14,3,2250.065,1 1,West,3,5,6
2,5,14,2,2250.687,1 0,West,3,5,6
2,5,14,1,2251.673,1 0,South,3,5,6
2,5,14,1,2252.284,1 0,East,3,5,6
2,5,14,2,2252.873,1 1,East,3,5,6
2,5,14,3,2253.44,1 1,South,3,5,6
2,5,14,2,2254.013,2 1,South,3,5,6
2,5,14,3,2254.6,2 1,West,3,5,6
2,5,14,2,2255.245,2 1,West,3,5,7
2,5,14,1,2255.72,2 1,South,3,5,7
2,5,14,2,2256.252,2 1,South,3,5,8
2,5,14,2,2256.558,2 1,South,3,5,9
2,5,14,1,2256.822,2 1,East,3,5,9
2,5,14,1,2257.436,2 1,North,3,5,9
2,5,14,2,2257.983,1 1,North,3,5,9
2,5,14,1,2258.801,1 1,West,3,5,9
2,5,14,2,2259.37,1 0,West,3,5,9
2,5,14,1,2259.933,1 0,South,3,5,9
2,5,14,2,2260.456,2 0,South,3,5,9
2,5,14,2,2261.504,3 0,South,3,5,9
2,5,14,1,2262.239,3 0,East,3,5,9
2,5,14,2,2262.957,3 1,East,3,5,9
2,5,14,3,2263.6,3 1,South,3,5,9
2,5,14,1,2264.575,3 1,East,3,5,9
2,5,14,2,2265.195,3 2,East,3,5,9
2,5,14,3,2265.761,3 2,South,3,5,9
2,5,14,2,2266.343,4 2,South,3,5,9
2,5,14,1,2266.937,4 2,East,3,5,9
2,5,14,2,2267.584,4 3,East,3,5,9
2,5,14,2,2268.158,4 4,East,3,5,9
2,5,14,1,2268.728,4 4,North,3,5,9
2,5,14,2,2269.281,3 4,North,3,5,9
2,5,14,6,2269.66,3 4,North,3,6,9
2,5,14,1,2269.856,3 4,West,3,6,9
2,5,14,2,2270.6,3 3,West,3,6,9
2,5,14,1,2271.441,3 3,South,3,6,9
2,5,14,1,2272.015,3 3,East,3,6,9
2,5,14,2,2272.624,3 4,East,3,6,9
2,5,14,3,2273.256,3 4,South,3,6,9
2,5,14,2,2273.885,4 4,South,3,6,9
2,5,14,3,2274.449,4 4,West,3,6,9
2,5,14,2,2275.041,4 3,West,3,6,9
2,5,14,2,2275.577,4 2,West,3,6,9
2,5,14,3,2276.092,4 2,North,3,6,9
2,5,14,2,2276.65,3 2,North,3,6,9
2,5,14,2,2277.263,3 2,North,3,6,10
2,5,14,1,2277.761,3 2,West,3,6,10
2,5,14,2,2278.379,3 1,West,3,6,10
2,5,14,2,2279.26,3 0,West,3,6,10
2,5,14,3,2279.865,3 0,North,3,6,10
2,5,14,2,2280.397,2 0,North,3,6,10
2,5,14,2,2281.329,1 0,North,3,6,10
2,5,14,3,2281.897,1 0,East,3,6,10
2,5,14,2,2282.413,1 1,East,3,6,10
2,5,14,3,2283.069,1 1,South,3,6,10
2,5,14,2,2283.624,2 1,South,3,6,10
2,5,14,1,2284.191,2 1,East,3,6,10
2,5,14,2,2284.721,2 2,East,3,6,10
2,5,14,6,2285.14,2 2,East,3,7,10
2,5,14,1,2285.277,2 2,North,3,7,10
2,5,14,2,2286.078,1 2,North,3,7,10
2,5,14,1,2286.687,1 2,West,3,7,10
2,5,14,2,2287.247,1 2,West,3,7,11
2,5,14,1,2287.822,1 2,South,3,7,11
2,5,14,2,2288.346,2 2,South,3,7,11
2,5,14,3,2288.922,2 2,West,3,7,11
2,5,14,2,2289.452,2 1,West,3,7,11
2,5,14,3,2290.03,2 1,North,3,7,11
2,5,14,2,2290.593,1 1,North,3,7,11
2,5,14,6,2290.98,1 1,North,3,8,11
1,5,15,1,2294.446,4 3,North,3,0,11
1,5,15,1,2295.483,4 2,North,3,0,11
1,5,15,2,2296.095,3 2,North,3,0,11
1,5,15,1,2296.683,3 1,North,3,0,11
1,5,15,1,2297.305,3 0,North,3,0,11
1,5,15,2,2297.899,2 0,North,3,0,11
1,5,15,6,2298.28,2 0,North,3,1,11
1,5,15,4,2298.457,3 0,North,3,1,11
1,5,15,3,2299.022,3 1,North,3,1,11
1,5,15,3,2299.599,3 2,North,3,1,11
1,5,15,4,2300.159,4 2,North,3,1,11
1,5,15,3,2300.734,4 3,North,3,1,11
1,5,15,3,2301.274,4 4,North,3,1,11
1,5,15,2,2301.851,3 4,North,3,1,11
1,5,15,1,2302.416,3 3,North,3,1,11
1,5,15,6,2302.82,3 3,North,3,2,11
1,5,15,3,2302.992,3 4,North,3,2,11
1,5,15,4,2303.58,4 4,North,3,2,11
1,5,15,1,2304.153,4 3,North,3,2,11
1,5,15,1,2305.191,4 2,North,3,2,11
1,5,15,2,2305.759,3 2,North,3,2,11
1,5,15,1,2306.315,3 1,North,3,2,11
1,5,15,1,2306.833,3 0,North,3,2,11
1,5,15,2,2307.408,2 0,North,3,2,11
1,5,15,2,2307.928,1 0,North,3,2,11
1,5,15,3,2308.493,1 1,North,3,2,11
1,5,15,4,2309.511,2 1,North,3,2,11
1,5,15,3,2310.078,2 2,North,3,2,11
1,5,15,6,2310.48,2 2,North,3,3,11
1,5,15,1,2310.636,2 1,North,3,3,11
1,5,15,2,2311.21,1 1,North,3,3,11
1,5,15,1,2312.077,1 0,North,3,3,11
1,5,15,6,2312.48,1 0,North,3,4,11
1,5,15,4,2312.715,2 0,North,3,4,11
1,5,15,4,2313.244,3 0,North,3,4,11
1,5,15,3,2313.8,3 1,North,3,4,11
1,5,15,6,2314.2,3 1,North,3,5,11
1,5,15,3,2314.796,3 2,North,3,5,11
1,5,15,4,2315.369,4 2,North,3,5,11
1,5,15,6,2315.72,4 2,North,3,6,11
1,5,15,2,2316.153,3 2,North,3,6,11
1,5,15,1,2316.76,3 1,North,3,6,11
1,5,15,1,2317.344,3 0,North,3,6,11
1,5,15,2,2318.238,2 0,North,3,6,11
1,5,15,2,2318.86,1 0,North,3,6,11
1,5,15,3,2319.577,1 1,North,3,6,11
1,5,15,4,2320.104,2 1,North,3,6,11
1,5,15,6,2320.46,2 1,North,3,7,11
1,5,15,2,2321.182,1 1,North,3,7,11
1,5,15,1,2321.755,1 0,North,3,7,11
1,5,15,1,2322.301,1 0,North,3,7,11
1,5,15,4,2322.64,2 0,North,3,7,11
1,5,15,4,2323.259,3 0,North,3,7,11
1,5,15,3,2323.807,3 1,North,3,7,11
1,5,15,3,2324.409,3 2,North,3,7,11
1,5,15,6,2324.82,3 2,North,3,8,11
2,5,15,1,2328.045,4 4,West,3,0,0
2,5,15,2,2328.655,4 3,West,3,0,0
2,5,15,2,2329.344,4 2,West,3,0,0
2,5,15,3,2329.896,4 2,North,3,0,0
2,5,15,2,2330.461,3 2,North,3,0,0
2,5,15,1,2331.039,3 2,West,3,0,0
2,5,15,2,2331.673,3 1,West,3,0,0
2,5,15,2,2332.892,3 0,West,3,0,0
2,5,15,3,2333.437,3 0,North,3,0,0
2,5,15,2,2334.045,2 0,North,3,0,0
2,5,15,2,2334.717,1 0,North,3,0,0
2,5,15,6,2335.1,1 0,North,3,1,0
2,5,15,3,2335.486,1 0,East,3,1,0
2,5,15,3,2336.046,1 0,South,3,1,0
2,5,15,2,2336.621,2 0,South,3,1,0
2,5,15,1,2337.294,2 0,East,3,1,0
2,5,15,2,2337.948,2 0,East,3,1,1
2,5,15,3,2338.417,2 0,South,3,1,1
2,5,15,2,2338.973,3 0,South,3,1,1
2,5,15,1,2339.5,3 0,East,3,1,1
2,5,15,2,2340.139,3 1,East,3,1,1
2,5,15,6,2340.56,3 1,East,3,2,1
2,5,15,1,2340.72,3 1,North,3,2,1
2,5,15,3,2341.536,3 1,East,3,2,1
2,5,15,2,2342.24,3 2,East,3,2,1
2,5,15,2,2344.047,3 2,East,3,2,2
2,5,15,1,2344.587,3 2,North,3,2,2
2,5,15,2,2345.499,3 2,North,3,2,3
2,5,15,3,2348.22,3 2,East,3,2,3
2,5,15,3,2348.913,3 2,South,3,2,3
2,5,15,2,2349.583,4 2,South,3,2,3
2,5,15,1,2350.125,4 2,East,3,2,3
2,5,15,2,2350.666,4 3,East,3,2,3
2,5,15,2,2351.261,4 4,East,3,2,3
2,5,15,1,2351.79,4 4,North,3,2,3
2,5,15,2,2352.382,3 4,North,3,2,3
2,5,15,2,2352.926,3 4,North,3,2,4
2,5,15,1,2353.601,3 4,West,3,2,4
2,5,15,2,2354.152,3 3,West,3,2,4
2,5,15,3,2354.717,3 3,North,3,2,4
2,5,15,2,2355.294,2 3,North,3,2,4
2,5,15,6,2355.68,2 3,North,3,3,4
2,5,15,1,2355.825,2 3,West,3,3,4
2,5,15,1,2356.382,2 3,South,3,3,4
2,5,15,2,2356.988,3 3,South,3,3,4
2,5,15,1,2357.902,3 3,East,3,3,4
2,5,15,2,2358.511,3 4,East,3,3,4
2,5,15,3,2359.165,3 4,South,3,3,4
2,5,15,2,2359.745,4 4,South,3,3,4
2,5,15,3,2360.266,4 4,West,3,3,4
2,5,15,2,2360.831,4 3,West,3,3,4
2,5,15,2,2361.433,4 2,West,3,3,4
2,5,15,3,2361.98,4 2,North,3,3,4
2,5,15,2,2362.654,3 2,North,3,3,4
2,5,15,6,2363.04,3 2,North,3,4,4
2,5,15,1,2363.213,3 2,West,3,4,4
2,5,15,1,2363.872,3 2,South,3,4,4
2,5,15,2,2364.482,4 2,South,3,4,4
2,5,15,1,2365.055,4 2,East,3,4,4
2,5,15,2,2365.657,4 3,East,3,4,4
2,5,15,6,2366.06,4 3,East,3,5,4
2,5,15,1,2366.233,4 3,North,3,5,4
2,5,15,1,2366.906,4 3,West,3,5,4
2,5,15,2,2367.503,4 2,West,3,5,4
2,5,15,3,2368.046,4 2,North,3,5,4
2,5,15,2,2368.606,3 2,North,3,5,4
2,5,15,1,2369.153,3 2,West,3,5,4
2,5,15,2,2369.723,3 1,West,3,5,4
2,5,15,2,2370.253,3 0,West,3,5,4
2,5,15,3,2370.865,3 0,North,3,5,4
2,5,15,2,2371.409,2 0,North,3,5,4
2,5,15,3,2371.993,2 0,East,3,5,4
2,5,15,2,2372.573,2 0,East,3,5,5
2,5,15,1,2373.05,2 0,North,3,5,5
2,5,15,2,2373.6,1 0,North,3,5,5
2,5,15,3,2374.522,1 0,East,3,5,5
2,5,15,2,2375.151,1 1,East,3,5,5
2,5,15,3,2375.661,1 1,South,3,5,5
2,5,15,2,2376.187,2 1,South,3,5,5
2,5,15,6,2376.58,2 1,South,3,6,5
2,5,15,1,2376.76,2 1,East,3,6,5
2,5,15,1,2377.566,2 1,North,3,6,5
2,5,15,2,2378.123,1 1,North,3,6,5
2,5,15,1,2379.296,1 1,West,3,6,5
2,5,15,2,2379.884,1 0,West,3,6,5
2,5,15,1,2380.409,1 0,South,3,6,5
2,5,15,2,2380.958,2 0,South,3,6,5
2,5,15,2,2382.015,3 0,South,3,6,5
2,5,15,1,2382.688,3 0,East,3,6,5
2,5,15,2,2383.325,3 1,East,3,6,5
2,5,15,2,2383.913,3 2,East,3,6,5
2,5,15,3,2384.609,3 2,South,3,6,5
2,5,15,2,2385.26,4 2,South,3,6,5
2,5,15,1,2385.865,4 2,East,3,6,5
2,5,15,2,2386.424,4 3,East,3,6,5
2,5,15,2,2386.99,4 4,East,3,6,5
2,5,15,1,2387.546,4 4,North,3,6,5
2,5,15,2,2388.123,3 4,North,3,6,5
2,5,15,1,2388.689,3 4,West,3,6,5
2,5,15,2,2389.264,3 3,West,3,6,5
2,5,15,6,2389.68,3 3,West,3,7,5
2,5,15,1,2389.854,3 3,South,3,7,5
2,5,15,1,2390.395,3 3,East,3,7,5
2,5,15,2,2390.969,3 4,East,3,7,5
2,5,15,3,2391.552,3 4,South,3,7,5
2,5,15,2,2392.073,4 4,South,3,7,5
2,5,15,3,2392.592,4 4,West,3,7,5
2,5,15,2,2393.134,4 3,West,3,7,5
2,5,15,2,2393.66,4 2,West,3,7,5
2,5,15,3,2394.272,4 2,North,3,7,5
2,5,15,2,2394.785,3 2,North,3,7,5
2,5,15,1,2395.312,3 2,West,3,7,5
2,5,15,3,2396.202,3 2,North,3,7,5
2,5,15,2,2396.75,3 2,North,3,7,6
2,5,15,1,2397.241,3 2,West,3,7,6
2,5,15,2,2397.82,3 1,West,3,7,6
2,5,15,2,2398.67,3 0,West,3,7,6
2,5,15,3,2399.305,3 0,North,3,7,6
2,5,15,2,2399.962,2 0,North,3,7,6
2,5,15,6,2400.34,2 0,North,3,8,6
1,6,16,2,2403.724,3 4,North,3,0,6
1,6,16,1,2404.271,3 3,North,3,0,6
1,6,16,2,2404.781,2 3,North,3,0,6
1,6,16,2,2405.567,1 3,North,3,0,6
1,6,16,2,2406.172,0 3,North,3,0,6
1,6,16,3,2406.72,0 4,North,3,0,6
1,6,16,4,2407.324,1 4,North,3,0,6
1,6,16,4,2407.902,2 4,North,3,0,6
1,6,16,6,2408.26,2 4,North,3,1,6
1,6,16,2,2408.447,1 4,North,3,1,6
1,6,16,2,2408.99,0 4,North,3,1,6
1,6,16,1,2409.709,0 3,North,3,1,6
1,6,16,4,2410.285,1 3,North,3,1,6
1,6,16,4,2410.888,2 3,North,3,1,6
1,6,16,4,2411.455,3 3,North,3,1,6
1,6,16,3,2412.024,3 4,North,3,1,6
1,6,16,4,2412.573,4 4,North,3,1,6
1,6,16,1,2413.083,4 3,North,3,1,6
1,6,16,2,2414.238,4 3,North,3,1,6
1,6,16,1,2414.672,4 2,North,3,1,6
1,6,16,2,2415.201,3 2,North,3,1,6
1,6,16,1,2415.788,3 1,North,3,1,6
1,6,16,1,2416.348,3 0,North,3,1,6
1,6,16,2,2416.896,2 0,North,3,1,6
1,6,16,2,2417.435,1 0,North,3,1,6
1,6,16,3,2418.012,1 1,North,3,1,6
1,6,16,4,2418.525,2 1,North,3,1,6
1,6,16,3,2419.481,2 2,North,3,1,6
1,6,16,2,2420.013,1 2,North,3,1,6
1,6,16,2,2420.571,0 2,North,3,1,6
1,6,16,6,2420.96,0 2,North,3,2,6
1,6,16,4,2421.115,1 2,North,3,2,6
1,6,16,4,2421.662,2 2,North,3,2,6
1,6,16,1,2422.237,2 1,North,3,2,6
1,6,16,6,2422.64,2 1,North,3,3,6
1,6,16,2,2422.847,1 1,North,3,3,6
1,6,16,1,2423.358,1 0,North,3,3,6
1,6,16,4,2424.349,2 0,North,3,3,6
1,6,16,4,2424.897,3 0,North,3,3,6
1,6,16,3,2425.42,3 1,North,3,3,6
1,6,16,3,2425.949,3 2,North,3,3,6
1,6,16,4,2426.477,4 2,North,3,3,6
1,6,16,3,2427.376,4 3,North,3,3,6
1,6,16,3,2427.945,4 4,North,3,3,6
1,6,16,2,2428.54,3 4,North,3,3,6
1,6,16,1,2429.07,3 3,North,3,3,6
1,6,16,6,2429.48,3 3,North,3,4,6
1,6,16,3,2429.618,3 4,North,3,4,6
1,6,16,1,2430.192,3 3,North,3,4,6
1,6,16,2,2430.73,2 3,North,3,4,6
1,6,16,2,2431.26,1 3,North,3,4,6
1,6,16,2,2431.864,0 3,North,3,4,6
1,6,16,3,2432.414,0 4,North,3,4,6
1,6,16,4,2432.954,1 4,North,3,4,6
1,6,16,6,2433.32,1 4,North,3,5,6
1,6,16,2,2433.512,0 4,North,3,5,6
1,6,16,1,2434.534,0 3,North,3,5,6
1,6,16,4,2435.055,1 3,North,3,5,6
1,6,16,4,2435.582,2 3,North,3,5,6
1,6,16,4,2436.11,3 3,North,3,5,6
1,6,16,3,2437.084,3 4,North,3,5,6
1,6,16,4,2437.612,4 4,North,3,5,6
1,6,16,1,2438.151,4 3,North,3,5,6
1,6,16,1,2438.698,4 2,North,3,5,6
1,6,16,2,2439.294,3 2,North,3,5,6
1,6,16,1,2440.281,3 1,North,3,5,6
1,6,16,1,2440.873,3 0,North,3,5,6
1,6,16,6,2441.28,3 0,North,3,6,6
1,6,16,3,2441.642,3 1,North,3,6,6
1,6,16,3,2442.17,3 2,North,3,6,6
1,6,16,4,2442.688,4 2,North,3,6,6
1,6,16,3,2443.615,4 3,North,3,6,6
1,6,16,3,2444.206,4 4,North,3,6,6
1,6,16,2,2444.959,3 4,North,3,6,6
1,6,16,1,2445.543,3 3,North,3,6,6
1,6,16,2,2446.12,2 3,North,3,6,6
1,6,16,6,2446.5,2 3,North,3,7,6
1,6,16,4,2446.735,3 3,North,3,7,6
1,6,16,3,2447.309,3 4,North,3,7,6
1,6,16,6,2447.72,3 4,North,3,8,6
2,6,16,2,2450.809,3 4,North,3,0,0
2,6,16,1,2451.825,3 4,West,3,0,0
2,6,16,2,2452.365,3 3,West,3,0,0
2,6,16,3,2453.032,3 3,North,3,0,0
2,6,16,2,2453.6,2 3,North,3,0,0
2,6,16,6,2453.98,2 3,North,3,1,0
2,6,16,1,2454.189,2 3,West,3,1,0
2,6,16,1,2454.783,2 3,South,3,1,0
2,6,16,2,2455.467,3 3,South,3,1,0
2,6,16,1,2455.977,3 3,East,3,1,0
2,6,16,2,2456.636,3 4,East,3,1,0
2,6,16,6,2457.04,3 4,East,3,2,0
2,6,16,3,2457.163,3 4,South,3,2,0
2,6,16,3,2457.803,3 4,West,3,2,0
2,6,16,1,2458.658,3 4,South,3,2,0
2,6,16,2,2459.265,4 4,South,3,2,0
2,6,16,3,2459.898,4 4,West,3,2,0
2,6,16,2,2460.589,4 3,West,3,2,0
2,6,16,2,2461.17,4 2,West,3,2,0
2,6,16,3,2461.723,4 2,North,3,2,0
2,6,16,2,2462.283,3 2,North,3,2,0
2,6,16,1,2462.895,3 2,West,3,2,0
2,6,16,2,2463.549,3 1,West,3,2,0
2,6,16,3,2464.08,3 1,North,3,2,0
2,6,16,2,2464.72,3 1,North,3,2,1
2,6,16,1,2465.115,3 1,West,3,2,1
2,6,16,2,2465.677,3 0,West,3,2,1
2,6,16,3,2466.273,3 0,North,3,2,1
2,6,16,2,2466.875,2 0,North,3,2,1
2,6,16,6,2467.26,2 0,North,3,3,1
2,6,16,3,2467.422,2 0,East,3,3,1
2,6,16,3,2467.963,2 0,South,3,3,1
2,6,16,2,2468.522,3 0,South,3,3,1
2,6,16,1,2469.047,3 0,East,3,3,1
2,6,16,2,2469.659,3 1,East,3,3,1
2,6,16,6,2470.06,3 1,East,3,4,1
2,6,16,1,2470.431,3 1,North,3,4,1
2,6,16,1,2471.568,3 1,West,3,4,1
2,6,16,2,2472.16,3 0,West,3,4,1
2,6,16,3,2472.715,3 0,North,3,4,1
2,6,16,2,2473.323,2 0,North,3,4,1
2,6,16,2,2474.601,1 0,North,3,4,1
2,6,16,3,2475.147,1 0,East,3,4,1
2,6,16,2,2475.679,1 1,East,3,4,1
2,6,16,3,2476.206,1 1,South,3,4,1
2,6,16,2,2476.842,2 1,South,3,4,1
2,6,16,1,2477.359,2 1,East,3,4,1
2,6,16,2,2477.914,2 2,East,3,4,1
2,6,16,1,2478.443,2 2,North,3,4,1
2,6,16,2,2479.02,1 2,North,3,4,1
2,6,16,6,2479.4,1 2,North,3,5,1
2,6,16,1,2479.584,1 2,West,3,5,1
2,6,16,1,2480.156,1 2,South,3,5,1
2,6,16,2,2480.812,2 2,South,3,5,1
2,6,16,3,2481.356,2 2,West,3,5,1
2,6,16,2,2481.947,2 1,West,3,5,1
2,6,16,3,2482.508,2 1,North,3,5,1
2,6,16,2,2483.128,1 1,North,3,5,1
2,6,16,1,2484.072,1 1,West,3,5,1
2,6,16,2,2484.652,1 0,West,3,5,1
2,6,16,1,2485.224,1 0,South,3,5,1
2,6,16,2,2485.837,2 0,South,3,5,1
2,6,16,2,2486.379,3 0,South,3,5,1
2,6,16,1,2487.233,3 0,East,3,5,1
2,6,16,2,2487.803,3 1,East,3,5,1
2,6,16,2,2488.407,3 2,East,3,5,1
2,6,16,3,2488.976,3 2,South,3,5,1
2,6,16,2,2489.61,4 2,South,3,5,1
2,6,16,1,2490.153,4 2,East,3,5,1
2,6,16,2,2490.731,4 3,East,3,5,1
2,6,16,2,2491.257,4 4,East,3,5,1
2,6,16,1,2491.803,4 4,North,3,5,1
2,6,16,2,2492.416,3 4,North,3,5,1
2,6,16,1,2493.375,3 4,West,3,5,1
2,6,16,2,2494.108,3 3,West,3,5,1
2,6,16,6,2494.52,3 3,West,3,6,1
2,6,16,3,2495.017,3 3,North,3,6,1
2,6,16,1,2495.705,3 3,West,3,6,1
2,6,16,3,2496.241,3 3,North,3,6,1
2,6,16,3,2496.844,3 3,East,3,6,1
2,6,16,2,2497.503,3 4,East,3,6,1
2,6,16,3,2498.079,3 4,South,3,6,1
2,6,16,2,2498.686,4 4,South,3,6,1
2,6,16,3,2499.261,4 4,West,3,6,1
2,6,16,2,2499.833,4 3,West,3,6,1
2,6,16,2,2500.398,4 2,West,3,6,1
2,6,16,3,2500.913,4 2,North,3,6,1
2,6,16,2,2501.52,3 2,North,3,6,1
2,6,16,1,2502.079,3 2,West,3,6,1
2,6,16,2,2502.722,3 1,West,3,6,1
2,6,16,2,2503.569,3 0,West,3,6,1
2,6,16,6,2503.98,3 0,West,3,7,1
2,6,16,3,2504.137,3 0,North,3,7,1
2,6,16,3,2504.699,3 0,East,3,7,1
2,6,16,2,2505.314,3 1,East,3,7,1
2,6,16,2,2505.852,3 2,East,3,7,1
2,6,16,3,2506.377,3 2,South,3,7,1
2,6,16,2,2506.939,4 2,South,3,7,1
2,6,16,1,2507.454,4 2,East,3,7,1
2,6,16,2,2507.995,4 3,East,3,7,1
2,6,16,2,2509.215,4 4,East,3,7,1
2,6,16,1,2509.808,4 4,North,3,7,1
2,6,16,2,2510.844,3 4,North,3,7,1
2,6,16,2,2511.39,3 4,North,3,7,2
2,6,16,1,2511.905,3 4,West,3,7,2
2,6,16,2,2512.491,3 3,West,3,7,2
2,6,16,3,2513.088,3 3,North,3,7,2
2,6,16,2,2513.681,2 3,North,3,7,2
2,6,16,2,2514.222,1 3,North,3,7,2
2,6,16,6,2514.6,1 3,North,3,8,2
1,6,17,1,2517.752,4 3,North,3,0,2
1,6,17,1,2518.264,4 2,North,3,0,2
1,6,17,2,2518.796,3 2,North,3,0,2
1,6,17,1,2519.404,3 1,North,3,0,2
1,6,17,1,2519.992,3 0,North,3,0,2
1,6,17,2,2520.616,2 0,North,3,0,2
1,6,17,2,2521.183,1 0,North,3,0,2
1,6,17,6,2521.56,1 0,North,3,1,2
1,6,17,4,2521.753,2 0,North,3,1,2
1,6,17,4,2522.36,3 0,North,3,1,2
1,6,17,3,2522.88,3 1,North,3,1,2
1,6,17,3,2523.4,3 2,North,3,1,2
1,6,17,6,2523.8,3 2,North,3,2,2
1,6,17,4,2524,4 2,North,3,2,2
1,6,17,3,2524.53,4 3,North,3,2,2
1,6,17,3,2525.067,4 4,North,3,2,2
1,6,17,2,2525.624,3 4,North,3,2,2
1,6,17,1,2526.616,3 3,North,3,2,2
1,6,17,2,2527.342,2 3,North,3,2,2
1,6,17,2,2528.764,1 3,North,3,2,2
1,6,17,2,2529.358,0 3,North,3,2,2
1,6,17,3,2529.944,0 4,North,3,2,2
1,6,17,6,2530.36,0 4,North,3,3,2
1,6,17,1,2530.588,0 3,North,3,3,2
1,6,17,4,2531.278,1 3,North,3,3,2
1,6,17,4,2532.044,2 3,North,3,3,2
1,6,17,4,2532.667,3 3,North,3,3,2
1,6,17,3,2533.339,3 4,North,3,3,2
1,6,17,4,2533.953,4 4,North,3,3,2
1,6,17,1,2534.463,4 3,North,3,3,2
1,6,17,1,2535.039,4 2,North,3,3,2
1,6,17,2,2535.615,3 2,North,3,3,2
1,6,17,1,2536.156,3 1,North,3,3,2
1,6,17,1,2536.748,3 0,North,3,3,2
1,6,17,2,2537.296,2 0,North,3,3,2
1,6,17,6,2537.68,2 0,North,3,4,2
1,6,17,4,2537.963,3 0,North,3,4,2
1,6,17,3,2538.669,3 1,North,3,4,2
1,6,17,6,2539.06,3 1,North,3,5,2
1,6,17,3,2539.287,3 2,North,3,5,2
1,6,17,4,2539.917,4 2,North,3,5,2
1,6,17,3,2540.503,4 3,North,3,5,2
1,6,17,3,2541.05,4 4,North,3,5,2
1,6,17,2,2541.645,3 4,North,3,5,2
1,6,17,1,2542.233,3 3,North,3,5,2
1,6,17,2,2542.847,2 3,North,3,5,2
1,6,17,2,2543.422,1 3,North,3,5,2
1,6,17,6,2543.8,1 3,North,3,6,2
1,6,17,4,2544.03,2 3,North,3,6,2
1,6,17,4,2544.653,3 3,North,3,6,2
1,6,17,3,2545.313,3 4,North,3,6,2
1,6,17,4,2545.915,4 4,North,3,6,2
1,6,17,1,2546.472,4 3,North,3,6,2
1,6,17,1,2547.055,4 2,North,3,6,2
1,6,17,6,2547.46,4 2,North,3,7,2
1,6,17,2,2547.916,3 2,North,3,7,2
1,6,17,1,2548.466,3 1,North,3,7,2
1,6,17,1,2549.116,3 0,North,3,7,2
1,6,17,2,2549.709,2 0,North,3,7,2
1,6,17,2,2550.266,1 0,North,3,7,2
1,6,17,3,2550.908,1 1,North,3,7,2
1,6,17,4,2551.53,2 1,North,3,7,2
1,6,17,3,2552.079,2 2,North,3,7,2
1,6,17,2,2552.715,1 2,North,3,7,2
1,6,17,2,2553.375,0 2,North,3,7,2
1,6,17,1,2554.288,0 1,North,3,7,2
1,6,17,1,2556.511,0 0,North,3,7,2
1,6,17,6,2556.92,0 0,North,3,8,2
2,6,17,1,2560.22,4 4,West,3,0,0
2,6,17,2,2560.749,4 3,West,3,0,0
2,6,17,2,2561.319,4 2,West,3,0,0
2,6,17,3,2561.905,4 2,North,3,0,0
2,6,17,2,2562.472,3 2,North,3,0,0
2,6,17,1,2563.065,3 2,West,3,0,0
2,6,17,2,2563.64,3 1,West,3,0,0
2,6,17,2,2565.07,3 0,West,3,0,0
2,6,17,3,2565.592,3 0,North,3,0,0
2,6,17,2,2566.141,2 0,North,3,0,0
2,6,17,2,2566.76,1 0,North,3,0,0
2,6,17,6,2567.14,1 0,North,3,1,0
2,6,17,3,2567.759,1 0,East,3,1,0
2,6,17,3,2568.376,1 0,South,3,1,0
2,6,17,2,2568.962,2 0,South,3,1,0
2,6,17,1,2569.563,2 0,East,3,1,0
2,6,17,3,2570.45,2 0,South,3,1,0
2,6,17,2,2571.023,3 0,South,3,1,0
2,6,17,1,2571.584,3 0,East,3,1,0
2,6,17,2,2572.193,3 1,East,3,1,0
2,6,17,2,2572.777,3 2,East,3,1,0
2,6,17,3,2573.372,3 2,South,3,1,0
2,6,17,2,2573.95,4 2,South,3,1,0
2,6,17,1,2574.522,4 2,East,3,1,0
2,6,17,2,2575.088,4 3,East,3,1,0
2,6,17,2,2575.641,4 4,East,3,1,0
2,6,17,1,2576.251,4 4,North,3,1,0
2,6,17,2,2576.793,3 4,North,3,1,0
2,6,17,1,2577.385,3 4,West,3,1,0
2,6,17,2,2578.001,3 3,West,3,1,0
2,6,17,3,2578.556,3 3,North,3,1,0
2,6,17,2,2579.182,2 3,North,3,1,0
2,6,17,2,2579.757,1 3,North,3,1,0
2,6,17,2,2580.348,0 3,North,3,1,0
2,6,17,3,2580.92,0 3,East,3,1,0
2,6,17,2,2581.439,0 4,East,3,1,0
2,6,17,6,2581.86,0 4,East,3,2,0
2,6,17,3,2582.046,0 4,South,3,2,0
2,6,17,3,2582.586,0 4,West,3,2,0
2,6,17,2,2583.146,0 3,West,3,2,0
2,6,17,1,2583.707,0 3,South,3,2,0
2,6,17,2,2584.314,1 3,South,3,2,0
2,6,17,6,2584.7,1 3,South,3,3,0
2,6,17,3,2585.213,1 3,West,3,3,0
2,6,17,1,2586.189,1 3,South,3,3,0
2,6,17,2,2586.811,2 3,South,3,3,0
2,6,17,2,2587.487,3 3,South,3,3,0
2,6,17,1,2588.059,3 3,East,3,3,0
2,6,17,2,2588.651,3 4,East,3,3,0
2,6,17,3,2589.392,3 4,South,3,3,0
2,6,17,2,2589.981,4 4,South,3,3,0
2,6,17,3,2590.93,4 4,West,3,3,0
2,6,17,2,2591.658,4 3,West,3,3,0
2,6,17,2,2592.191,4 2,West,3,3,0
2,6,17,3,2592.815,4 2,North,3,3,0
2,6,17,2,2593.453,3 2,North,3,3,0
2,6,17,1,2593.969,3 2,West,3,3,0
2,6,17,2,2594.606,3 1,West,3,3,0
2,6,17,3,2595.312,3 1,North,3,3,0
2,6,17,2,2596.061,3 1,North,3,3,1
2,6,17,1,2596.683,3 1,West,3,3,1
2,6,17,2,2597.242,3 0,West,3,3,1
2,6,17,3,2598.19,3 0,North,3,3,1
2,6,17,2,2598.794,2 0,North,3,3,1
2,6,17,2,2599.738,1 0,North,3,3,1
2,6,17,3,2600.285,1 0,East,3,3,1
2,6,17,2,2600.904,1 1,East,3,3,1
2,6,17,3,2601.451,1 1,South,3,3,1
2,6,17,2,2602.027,2 1,South,3,3,1
2,6,17,1,2602.88,2 1,East,3,3,1
2,6,17,2,2603.514,2 2,East,3,3,1
2,6,17,1,2604.128,2 2,North,3,3,1
2,6,17,2,2604.816,1 2,North,3,3,1
2,6,17,2,2605.423,0 2,North,3,3,1
2,6,17,1,2606.025,0 2,West,3,3,1
2,6,17,2,2606.674,0 1,West,3,3,1
2,6,17,2,2607.277,0 0,West,3,3,1
2,6,17,6,2607.7,0 0,West,3,4,1
2,6,17,1,2607.854,0 0,South,3,4,1
2,6,17,1,2608.528,0 0,East,3,4,1
2,6,17,2,2609.196,0 1,East,3,4,1
2,6,17,3,2609.849,0 1,South,3,4,1
2,6,17,2,2610.474,0 1,South,3,4,2
2,6,17,1,2610.985,0 1,East,3,4,2
2,6,17,2,2611.663,0 2,East,3,4,2
2,6,17,3,2612.218,0 2,South,3,4,2
2,6,17,2,2612.873,1 2,South,3,4,2
2,6,17,3,2613.594,1 2,West,3,4,2
2,6,17,2,2614.221,1 2,West,3,4,3
2,6,17,1,2614.654,1 2,South,3,4,3
2,6,17,2,2615.29,2 2,South,3,4,3
2,6,17,3,2615.808,2 2,West,3,4,3
2,6,17,2,2616.385,2 1,West,3,4,3
2,6,17,3,2617.29,2 1,North,3,4,3
2,6,17,2,2617.841,1 1,North,3,4,3
2,6,17,6,2618.22,1 1,North,3,5,3
2,6,17,3,2618.394,1 1,East,3,5,3
2,6,17,3,2618.973,1 1,South,3,5,3
2,6,17,3,2619.585,1 1,West,3,5,3
2,6,17,2,2620.169,1 0,West,3,5,3
2,6,17,1,2620.757,1 0,South,3,5,3
2,6,17,2,2621.339,2 0,South,3,5,3
2,6,17,2,2622.189,3 0,South,3,5,3
2,6,17,1,2623.452,3 0,East,3,5,3
2,6,17,2,2624.347,3 1,East,3,5,3
2,6,17,3,2624.992,3 1,South,3,5,3
2,6,17,1,2625.595,3 1,East,3,5,3
2,6,17,2,2626.205,3 2,East,3,5,3
2,6,17,3,2626.752,3 2,South,3,5,3
2,6,17,2,2627.342,4 2,South,3,5,3
2,6,17,3,2627.935,4 2,West,3,5,3
2,6,17,2,2628.515,4 1,West,3,5,3
2,6,17,2,2629.089,4 0,West,3,5,3
2,6,17,6,2629.5,4 0,West,3,6,3
2,6,17,3,2629.885,4 0,North,3,6,3
2,6,17,3,2630.704,4 0,East,3,6,3
2,6,17,2,2631.373,4 1,East,3,6,3
2,6,17,2,2631.985,4 2,East,3,6,3
2,6,17,1,2632.622,4 2,North,3,6,3
2,6,17,2,2633.278,3 2,North,3,6,3
2,6,17,6,2633.66,3 2,North,3,7,3
2,6,17,1,2633.885,3 2,West,3,7,3
2,6,17,2,2634.541,3 1,West,3,7,3
2,6,17,3,2635.081,3 1,North,3,7,3
2,6,17,2,2635.693,3 1,North,3,7,4
2,6,17,1,2636.174,3 1,West,3,7,4
2,6,17,2,2636.746,3 0,West,3,7,4
2,6,17,3,2637.341,3 0,North,3,7,4
2,6,17,2,2637.969,2 0,North,3,7,4
2,6,17,3,2638.544,2 0,East,3,7,4
2,6,17,2,2639.114,2 0,East,3,7,5
2,6,17,1,2639.564,2 0,North,3,7,5
2,6,17,2,2640.105,1 0,North,3,7,5
2,6,17,3,2640.671,1 0,East,3,7,5
2,6,17,2,2641.224,1 1,East,3,7,5
2,6,17,3,2641.792,1 1,South,3,7,5
2,6,17,2,2642.377,2 1,South,3,7,5
2,6,17,1,2642.895,2 1,East,3,7,5
2,6,17,2,2643.44,2 2,East,3,7,5
2,6,17,1,2644.314,2 2,North,3,7,5
2,6,17,2,2645.592,1 2,North,3,7,5
2,6,17,1,2646.162,1 2,West,3,7,5
2,6,17,2,2646.824,1 2,West,3,7,6
2,6,17,1,2647.372,1 2,South,3,7,6
2,6,17,3,2648.074,1 2,West,3,7,6
2,6,17,3,2648.943,1 2,North,3,7,6
2,6,17,2,2649.516,0 2,North,3,7,6
2,6,17,1,2650.091,0 2,West,3,7,6
2,6,17,2,2650.729,0 1,West,3,7,6
2,6,17,6,2651.14,0 1,West,3,8,6
1,6,18,1,2654.615,4 3,North,3,0,6
1,6,18,1,2655.154,4 2,North,3,0,6
1,6,18,2,2655.739,3 2,North,3,0,6
1,6,18,1,2656.381,3 1,North,3,0,6
1,6,18,1,2656.983,3 0,North,3,0,6
1,6,18,2,2657.644,2 0,North,3,0,6
1,6,18,2,2658.288,1 0,North,3,0,6
1,6,18,3,2658.871,1 1,North,3,0,6
1,6,18,4,2659.569,2 1,North,3,0,6
1,6,18,3,2660.158,2 2,North,3,0,6
1,6,18,2,2660.747,1 2,North,3,0,6
1,6,18,6,2661.12,1 2,North,3,1,6
1,6,18,4,2661.307,2 2,North,3,1,6
1,6,18,2,2661.918,1 2,North,3,1,6
1,6,18,2,2662.504,0 2,North,3,1,6
1,6,18,1,2663.852,0 1,North,3,1,6
1,6,18,6,2664.26,0 1,North,3,2,6
1,6,18,3,2664.78,0 2,North,3,2,6
1,6,18,4,2665.762,1 2,North,3,2,6
1,6,18,4,2666.733,2 2,North,3,2,6
1,6,18,1,2667.29,2 1,North,3,2,6
1,6,18,2,2667.898,1 1,North,3,2,6
1,6,18,1,2668.575,1 0,North,3,2,6
1,6,18,4,2669.104,2 0,North,3,2,6
1,6,18,4,2669.69,3 0,North,3,2,6
1,6,18,3,2670.652,3 1,North,3,2,6
1,6,18,3,2671.311,3 2,North,3,2,6
1,6,18,4,2671.935,4 2,North,3,2,6
1,6,18,1,2672.475,4 1,North,3,2,6
1,6,18,1,2673.071,4 0,North,3,2,6
1,6,18,6,2673.48,4 0,North,3,3,6
1,6,18,3,2673.798,4 1,North,3,3,6
1,6,18,3,2674.383,4 2,North,3,3,6
1,6,18,2,2675.054,3 2,North,3,3,6
1,6,18,1,2675.61,3 1,North,3,3,6
1,6,18,2,2676.336,3 1,North,3,3,6
1,6,18,1,2676.799,3 0,North,3,3,6
1,6,18,2,2677.383,2 0,North,3,3,6
1,6,18,2,2678.014,1 0,North,3,3,6
1,6,18,3,2678.616,1 1,North,3,3,6
1,6,18,6,2679.02,1 1,North,3,4,6
1,6,18,1,2679.177,1 0,North,3,4,6
1,6,18,3,2679.883,1 1,North,3,4,6
1,6,18,4,2680.429,2 1,North,3,4,6
1,6,18,3,2681.097,2 2,North,3,4,6
1,6,18,6,2681.5,2 2,North,3,5,6
1,6,18,1,2681.646,2 1,North,3,5,6
1,6,18,2,2682.222,1 1,North,3,5,6
1,6,18,1,2682.78,1 0,North,3,5,6
1,6,18,4,2683.354,2 0,North,3,5,6
1,6,18,4,2684.4,3 0,North,3,5,6
1,6,18,3,2685.004,3 1,North,3,5,6
1,6,18,3,2685.531,3 2,North,3,5,6
1,6,18,4,2686.071,4 2,North,3,5,6
1,6,18,1,2686.636,4 1,North,3,5,6
1,6,18,6,2687.04,4 1,North,3,6,6
1,6,18,3,2687.206,4 2,North,3,6,6
1,6,18,3,2687.787,4 3,North,3,6,6
1,6,18,3,2688.343,4 4,North,3,6,6
1,6,18,2,2688.957,3 4,North,3,6,6
1,6,18,1,2689.504,3 3,North,3,6,6
1,6,18,2,2690.032,2 3,North,3,6,6
1,6,18,2,2690.589,1 3,North,3,6,6
1,6,18,2,2691.137,0 3,North,3,6,6
1,6,18,6,2691.52,0 3,North,3,7,6
1,6,18,4,2691.657,1 3,North,3,7,6
1,6,18,4,2692.223,2 3,North,3,7,6
1,6,18,4,2692.781,3 3,North,3,7,6
1,6,18,3,2693.498,3 4,North,3,7,6
1,6,18,4,2694.008,4 4,North,3,7,6
1,6,18,1,2694.943,4 3,North,3,7,6
1,6,18,6,2695.36,4 3,North,3,8,6
2,6,18,1,2698.725,4 4,West,3,0,0
2,6,18,2,2699.246,4 3,West,3,0,0
2,6,18,2,2700.401,4 2,West,3,0,0
2,6,18,3,2701.034,4 2,North,3,0,0
2,6,18,2,2701.612,3 2,North,3,0,0
2,6,18,1,2702.176,3 2,West,3,0,0
2,6,18,2,2702.794,3 1,West,3,0,0
2,6,18,2,2703.45,3 0,West,3,0,0
2,6,18,3,2704.063,3 0,North,3,0,0
2,6,18,2,2704.601,2 0,North,3,0,0
2,6,18,2,2705.135,1 0,North,3,0,0
2,6,18,3,2705.692,1 0,East,3,0,0
2,6,18,2,2706.273,1 1,East,3,0,0
2,6,18,3,2706.84,1 1,South,3,0,0
2,6,18,2,2707.404,2 1,South,3,0,0
2,6,18,1,2708.336,2 1,East,3,0,0
2,6,18,2,2708.875,2 2,East,3,0,0
2,6,18,1,2709.433,2 2,North,3,0,0
2,6,18,2,2710.01,1 2,North,3,0,0
2,6,18,2,2710.57,0 2,North,3,0,0
2,6,18,1,2711.134,0 2,West,3,0,0
2,6,18,2,2711.676,0 1,West,3,0,0
2,6,18,6,2712.1,0 1,West,3,1,0
2,6,18,1,2712.222,0 1,South,3,1,0
2,6,18,1,2712.764,0 1,East,3,1,0
2,6,18,2,2713.373,0 2,East,3,1,0
2,6,18,3,2713.965,0 2,South,3,1,0
2,6,18,2,2714.504,1 2,South,3,1,0
2,6,18,6,2714.88,1 2,South,3,2,0
2,6,18,1,2715.338,1 2,East,3,2,0
2,6,18,1,2715.982,1 2,North,3,2,0
2,6,18,3,2717.519,1 2,East,3,2,0
2,6,18,3,2718.2,1 2,South,3,2,0
2,6,18,2,2718.825,2 2,South,3,2,0
2,6,18,3,2719.884,2 2,West,3,2,0
2,6,18,2,2720.444,2 1,West,3,2,0
2,6,18,3,2721.164,2 1,North,3,2,0
2,6,18,2,2721.722,1 1,North,3,2,0
2,6,18,1,2722.284,1 1,West,3,2,0
2,6,18,2,2722.864,1 0,West,3,2,0
2,6,18,1,2723.417,1 0,South,3,2,0
2,6,18,2,2723.961,2 0,South,3,2,0
2,6,18,2,2724.523,3 0,South,3,2,0
2,6,18,1,2725.086,3 0,East,3,2,0
2,6,18,2,2725.646,3 1,East,3,2,0
2,6,18,2,2726.271,3 2,East,3,2,0
2,6,18,3,2726.849,3 2,South,3,2,0
2,6,18,2,2727.39,4 2,South,3,2,0
2,6,18,1,2728.013,4 2,East,3,2,0
2,6,18,2,2729.12,4 3,East,3,2,0
2,6,18,2,2730.334,4 4,East,3,2,0
2,6,18,1,2730.911,4 4,North,3,2,0
2,6,18,2,2732.802,3 4,North,3,2,0
2,6,18,1,2733.355,3 4,West,3,2,0
2,6,18,2,2733.982,3 3,West,3,2,0
2,6,18,3,2734.615,3 3,North,3,2,0
2,6,18,2,2735.337,2 3,North,3,2,0
2,6,18,2,2735.905,1 3,North,3,2,0
2,6,18,2,2736.505,0 3,North,3,2,0
2,6,18,6,2736.88,0 3,North,3,3,0
2,6,18,1,2737.209,0 3,West,3,3,0
2,6,18,1,2737.771,0 3,South,3,3,0
2,6,18,2,2738.379,1 3,South,3,3,0
2,6,18,2,2738.908,2 3,South,3,3,0
2,6,18,2,2739.675,3 3,South,3,3,0
2,6,18,1,2740.217,3 3,East,3,3,0
2,6,18,2,2740.767,3 4,East,3,3,0
2,6,18,3,2741.294,3 4,South,3,3,0
2,6,18,2,2741.825,4 4,South,3,3,0
2,6,18,3,2742.362,4 4,West,3,3,0
2,6,18,2,2743.372,4 3,West,3,3,0
2,6,18,2,2743.947,4 2,West,3,3,0
2,6,18,3,2744.601,4 2,North,3,3,0
2,6,18,2,2745.211,3 2,North,3,3,0
2,6,18,1,2746.096,3 2,West,3,3,0
2,6,18,2,2746.666,3 1,West,3,3,0
2,6,18,2,2747.181,3 0,West,3,3,0
2,6,18,3,2747.704,3 0,North,3,3,0
2,6,18,2,2748.287,2 0,North,3,3,0
2,6,18,2,2748.81,1 0,North,3,3,0
2,6,18,3,2749.375,1 0,East,3,3,0
2,6,18,2,2749.92,1 1,East,3,3,0
2,6,18,3,2750.477,1 1,South,3,3,0
2,6,18,2,2751.484,2 1,South,3,3,0
2,6,18,1,2752.012,2 1,East,3,3,0
2,6,18,2,2752.571,2 2,East,3,3,0
2,6,18,6,2752.98,2 2,East,3,4,0
2,6,18,1,2753.119,2 2,North,3,4,0
2,6,18,1,2753.787,2 2,West,3,4,0
2,6,18,1,2755.132,2 2,South,3,4,0
2,6,18,2,2755.993,2 2,South,3,4,1
2,6,18,3,2756.573,2 2,West,3,4,1
2,6,18,2,2757.261,2 1,West,3,4,1
2,6,18,3,2757.851,2 1,North,3,4,1
2,6,18,2,2758.432,1 1,North,3,4,1
2,6,18,1,2759.42,1 1,West,3,4,1
2,6,18,2,2760.013,1 0,West,3,4,1
2,6,18,1,2760.557,1 0,South,3,4,1
2,6,18,2,2761.161,2 0,South,3,4,1
2,6,18,2,2762.171,3 0,South,3,4,1
2,6,18,1,2762.817,3 0,East,3,4,1
2,6,18,2,2763.483,3 1,East,3,4,1
2,6,18,2,2764.062,3 2,East,3,4,1
2,6,18,3,2764.689,3 2,South,3,4,1
2,6,18,2,2765.255,4 2,South,3,4,1
2,6,18,1,2765.79,4 2,East,3,4,1
2,6,18,2,2766.382,4 3,East,3,4,1
2,6,18,6,2766.78,4 3,East,3,5,1
2,6,18,1,2766.92,4 3,North,3,5,1
2,6,18,3,2767.69,4 3,East,3,5,1
2,6,18,2,2768.254,4 4,East,3,5,1
2,6,18,1,2768.827,4 4,North,3,5,1
2,6,18,2,2769.409,3 4,North,3,5,1
2,6,18,1,2769.984,3 4,West,3,5,1
2,6,18,2,2770.512,3 3,West,3,5,1
2,6,18,3,2771.083,3 3,North,3,5,1
2,6,18,2,2771.596,2 3,North,3,5,1
2,6,18,2,2772.184,1 3,North,3,5,1
2,6,18,2,2772.784,0 3,North,3,5,1
2,6,18,3,2773.34,0 3,East,3,5,1
2,6,18,2,2773.904,0 4,East,3,5,1
2,6,18,3,2774.441,0 4,South,3,5,1
2,6,18,2,2774.959,1 4,South,3,5,1
2,6,18,6,2775.34,1 4,South,3,6,1
2,6,18,3,2775.532,1 4,West,3,6,1
2,6,18,3,2776.093,1 4,North,3,6,1
2,6,18,2,2776.665,0 4,North,3,6,1
2,6,18,1,2777.241,0 4,West,3,6,1
2,6,18,2,2777.755,0 3,West,3,6,1
2,6,18,1,2778.317,0 3,South,3,6,1
2,6,18,2,2778.895,1 3,South,3,6,1
2,6,18,2,2779.432,2 3,South,3,6,1
2,6,18,1,2779.98,2 3,East,3,6,1
2,6,18,2,2780.57,2 3,East,3,6,2
2,6,18,3,2780.976,2 3,South,3,6,2
2,6,18,2,2781.547,3 3,South,3,6,2
2,6,18,1,2782.079,3 3,East,3,6,2
2,6,18,2,2782.642,3 4,East,3,6,2
2,6,18,3,2783.196,3 4,South,3,6,2
2,6,18,2,2783.724,4 4,South,3,6,2
2,6,18,3,2784.271,4 4,West,3,6,2
2,6,18,2,2784.863,4 3,West,3,6,2
2,6,18,2,2785.809,4 2,West,3,6,2
2,6,18,6,2786.22,4 2,West,3,7,2
2,6,18,3,2786.346,4 2,North,3,7,2
2,6,18,2,2786.992,3 2,North,3,7,2
2,6,18,1,2788.043,3 2,West,3,7,2
2,6,18,2,2788.797,3 1,West,3,7,2
2,6,18,2,2789.321,3 0,West,3,7,2
2,6,18,3,2790.11,3 0,North,3,7,2
2,6,18,2,2790.641,2 0,North,3,7,2
2,6,18,2,2791.212,1 0,North,3,7,2
2,6,18,3,2791.807,1 0,East,3,7,2
2,6,18,2,2792.35,1 1,East,3,7,2
2,6,18,3,2793.329,1 1,South,3,7,2
2,6,18,2,2793.912,2 1,South,3,7,2
2,6,18,6,2794.3,2 1,South,3,8,2
