PhaseView,Run,Trial,Key,Time,Location,Direction,MazeType,Diamonds,WallBumped
0,3,7,1,1756.913,4 4,West,2,0,3
0,3,7,3,1758.176,4 4,North,2,0,3
0,3,7,3,1760.391,4 4,East,2,0,3
0,3,7,2,1761.104,4 4,East,2,0,3
0,3,7,1,1761.653,4 4,North,2,0,3
0,3,7,2,1762.534,3 4,North,2,0,3
0,3,7,2,1763.328,2 4,North,2,0,3
0,3,7,6,1763.7,2 4,North,2,1,3
0,3,7,2,1763.938,1 4,North,2,1,3
0,3,7,1,1764.806,1 4,West,2,1,3
0,3,7,3,1765.718,1 4,North,2,1,3
0,3,7,2,1766.385,0 4,North,2,1,3
0,3,7,1,1767.363,0 4,West,2,1,3
0,3,7,1,1776.607,0 4,South,2,1,3
0,3,7,1,1777.246,0 4,East,2,1,3
0,3,7,3,1778.018,0 4,South,2,1,3
0,3,7,2,1778.626,1 4,South,2,1,3
0,3,7,2,1779.422,2 4,South,2,1,3
0,3,7,2,1780.149,3 4,South,2,1,3
0,3,7,2,1780.862,4 4,South,2,1,3
0,3,7,3,1781.733,4 4,West,2,1,3
0,3,7,3,1782.404,4 4,North,2,1,3
0,3,7,1,1783.04,4 4,West,2,1,3
0,3,7,2,1783.698,4 3,West,2,1,3
0,3,7,2,1784.453,4 2,West,2,1,3
0,3,7,3,1785.07,4 2,North,2,1,3
0,3,7,2,1785.805,3 2,North,2,1,3
0,3,7,3,1786.622,3 2,East,2,1,3
0,3,7,1,1788.758,3 2,North,2,1,3
0,3,7,1,1789.621,3 2,West,2,1,3
0,3,7,2,1790.308,3 1,West,2,1,3
0,3,7,3,1790.87,3 1,North,2,1,3
0,3,7,2,1791.438,2 1,North,2,1,3
0,3,7,2,1792.126,1 1,North,2,1,3
0,3,7,1,1792.688,1 1,West,2,1,3
0,3,7,2,1793.313,1 0,West,2,1,3
0,3,7,1,1793.872,1 0,South,2,1,3
0,3,7,2,1794.478,2 0,South,2,1,3
0,3,7,2,1795.06,3 0,South,2,1,3
0,3,7,2,1795.661,4 0,South,2,1,3
0,3,7,1,1796.452,4 0,East,2,1,3
0,3,7,2,1797.1,4 1,East,2,1,3
0,3,7,3,1798.575,4 1,South,2,1,3
0,3,7,3,1799.102,4 1,West,2,1,3
0,3,7,2,1799.711,4 0,West,2,1,3
0,3,7,3,1800.285,4 0,North,2,1,3
0,3,7,2,1800.917,3 0,North,2,1,3
0,3,7,2,1801.457,2 0,North,2,1,3
0,3,7,2,1802.383,1 0,North,2,1,3
0,3,7,3,1803.905,1 0,East,2,1,3
0,3,7,3,1804.711,1 0,South,2,1,3
0,3,7,2,1805.327,2 0,South,2,1,3
0,3,7,2,1806.129,3 0,South,2,1,3
0,3,7,2,1806.769,4 0,South,2,1,3
0,3,7,1,1807.363,4 0,East,2,1,3
0,3,7,2,1808.257,4 1,East,2,1,3
0,3,7,3,1809.494,4 1,South,2,1,3
0,3,7,3,1810.052,4 1,West,2,1,3
0,3,7,2,1810.805,4 0,West,2,1,3
0,3,7,3,1811.33,4 0,North,2,1,3
0,3,7,2,1811.936,3 0,North,2,1,3
0,3,7,2,1812.819,2 0,North,2,1,3
0,3,7,2,1813.501,1 0,North,2,1,3
0,3,7,3,1814.028,1 0,East,2,1,3
0,3,7,2,1814.656,1 1,East,2,1,3
0,3,7,3,1815.173,1 1,South,2,1,3
0,3,7,2,1815.887,2 1,South,2,1,3
0,3,7,2,1816.445,3 1,South,2,1,3
0,3,7,1,1817.07,3 1,East,2,1,3
0,3,7,2,1818,3 2,East,2,1,3
0,3,7,3,1818.511,3 2,South,2,1,3
0,3,7,2,1819.09,4 2,South,2,1,3
0,3,7,1,1819.646,4 2,East,2,1,3
0,3,7,2,1820.164,4 3,East,2,1,3
0,3,7,2,1820.768,4 4,East,2,1,3
0,3,7,1,1821.285,4 4,North,2,1,3
0,3,7,2,1821.87,3 4,North,2,1,3
0,3,7,2,1822.479,2 4,North,2,1,3
0,3,7,2,1823.043,1 4,North,2,1,3
0,3,7,1,1824.085,1 4,West,2,1,3
0,3,7,2,1824.691,1 3,West,2,1,3
0,3,7,6,1825.1,1 3,West,2,2,3
0,3,7,1,1825.437,1 3,South,2,2,3
0,3,7,2,1826.229,2 3,South,2,2,3
0,3,7,3,1827.075,2 3,West,2,2,3
0,3,7,3,1827.695,2 3,North,2,2,3
0,3,7,1,1828.563,2 3,West,2,2,3
0,3,7,2,1829.269,2 2,West,2,2,3
0,3,7,3,1830.173,2 2,North,2,2,3
0,3,7,2,1830.704,1 2,North,2,2,3
0,3,7,2,1831.57,0 2,North,2,2,3
0,3,7,1,1832.526,0 2,West,2,2,3
0,3,7,2,1833.218,0 1,West,2,2,3
0,3,7,2,1834.049,0 0,West,2,2,3
0,3,7,3,1835.348,0 0,North,2,2,3
0,3,7,3,1835.956,0 0,East,2,2,3
0,3,7,2,1836.733,0 1,East,2,2,3
0,3,7,2,1837.633,0 2,East,2,2,3
0,3,7,3,1838.243,0 2,South,2,2,3
0,3,7,2,1839.029,1 2,South,2,2,3
0,3,7,2,1839.629,2 2,South,2,2,3
0,3,7,1,1840.269,2 2,East,2,2,3
0,3,7,2,1840.783,2 3,East,2,2,3
0,3,7,1,1841.682,2 3,North,2,2,3
0,3,7,2,1842.318,1 3,North,2,2,3
0,3,7,3,1842.848,1 3,East,2,2,3
0,3,7,2,1843.363,1 4,East,2,2,3
0,3,7,1,1844.144,1 4,North,2,2,3
0,3,7,2,1844.661,0 4,North,2,2,3
0,3,7,1,1845.185,0 4,West,2,2,3
0,3,7,1,1845.87,0 4,South,2,2,3
0,3,7,2,1846.661,1 4,South,2,2,3
0,3,7,2,1847.236,2 4,South,2,2,3
0,3,7,2,1847.92,3 4,South,2,2,3
0,3,7,2,1848.869,4 4,South,2,2,3
0,3,7,3,1849.68,4 4,West,2,2,3
0,3,7,3,1850.741,4 4,North,2,2,3
0,3,7,2,1852.016,3 4,North,2,2,3
0,3,7,2,1852.63,2 4,North,2,2,3
0,3,7,2,1853.168,1 4,North,2,2,3
0,3,7,2,1853.734,0 4,North,2,2,3
0,3,7,3,1854.396,0 4,East,2,2,3
0,3,7,3,1855.236,0 4,South,2,2,3
0,3,7,2,1856.037,1 4,South,2,2,3
0,3,7,2,1856.625,2 4,South,2,2,3
0,3,7,2,1857.154,3 4,South,2,2,3
0,3,7,2,1858.13,4 4,South,2,2,3
0,3,7,3,1858.724,4 4,West,2,2,3
0,3,7,2,1861.156,4 3,West,2,2,3
0,3,7,2,1861.83,4 2,West,2,2,3
0,3,7,6,1862.24,4 2,West,2,3,3
0,3,7,3,1862.817,4 2,North,2,3,3
0,3,7,3,1863.396,4 2,East,2,3,3
0,3,7,1,1864.694,4 2,North,2,3,3
0,3,7,3,1866.052,4 2,East,2,3,3
0,3,7,2,1867.07,4 3,East,2,3,3
0,3,7,2,1867.617,4 4,East,2,3,3
0,3,7,1,1868.566,4 4,North,2,3,3
0,3,7,2,1869.447,3 4,North,2,3,3
0,3,7,2,1870.271,2 4,North,2,3,3
0,3,7,2,1870.993,1 4,North,2,3,3
0,3,7,2,1871.569,0 4,North,2,3,3
0,3,7,1,1872.476,0 4,West,2,3,3
0,3,7,1,1873.375,0 4,South,2,3,3
0,3,7,2,1874.126,1 4,South,2,3,3
0,3,7,3,1874.705,1 4,West,2,3,3
0,3,7,2,1875.334,1 3,West,2,3,3
0,3,7,1,1875.893,1 3,South,2,3,3
0,3,7,2,1876.549,2 3,South,2,3,3
0,3,7,3,1878.147,2 3,West,2,3,3
0,3,7,2,1878.854,2 2,West,2,3,3
0,3,7,3,1879.423,2 2,North,2,3,3
0,3,7,2,1880.05,1 2,North,2,3,3
0,3,7,2,1880.833,0 2,North,2,3,3
0,3,7,1,1881.428,0 2,West,2,3,3
0,3,7,2,1882.452,0 1,West,2,3,3
0,3,7,2,1883.175,0 0,West,2,3,3
0,3,7,3,1883.987,0 0,North,2,3,3
0,3,7,3,1884.641,0 0,East,2,3,3
0,3,7,2,1885.344,0 1,East,2,3,3
0,3,7,2,1885.938,0 2,East,2,3,3
0,3,7,3,1886.834,0 2,South,2,3,3
0,3,7,2,1887.441,1 2,South,2,3,3
0,3,7,2,1887.984,2 2,South,2,3,3
0,3,7,1,1888.676,2 2,East,2,3,3
0,3,7,2,1889.247,2 3,East,2,3,3
0,3,7,1,1889.765,2 3,North,2,3,3
0,3,7,2,1890.369,1 3,North,2,3,3
0,3,7,3,1890.976,1 3,East,2,3,3
0,3,7,2,1891.569,1 4,East,2,3,3
0,3,7,3,1892.436,1 4,South,2,3,3
0,3,7,2,1892.983,2 4,South,2,3,3
0,3,7,2,1893.49,3 4,South,2,3,3
0,3,7,2,1894.31,4 4,South,2,3,3
0,3,7,3,1895.102,4 4,West,2,3,3
0,3,7,2,1895.888,4 3,West,2,3,3
0,3,7,2,1896.517,4 2,West,2,3,3
0,3,7,3,1897.249,4 2,North,2,3,3
0,3,7,2,1897.858,3 2,North,2,3,3
0,3,7,3,1898.592,3 2,East,2,3,3
0,3,7,2,1900.534,3 3,East,2,3,3
0,3,7,6,1900.94,3 3,East,2,4,3
0,3,7,1,1901.107,3 3,North,2,4,3
0,3,7,1,1901.886,3 3,West,2,4,3
0,3,7,2,1902.576,3 2,West,2,4,3
0,3,7,2,1903.232,3 1,West,2,4,3
0,3,7,3,1904.128,3 1,North,2,4,3
0,3,7,2,1905.011,2 1,North,2,4,3
0,3,7,2,1905.523,1 1,North,2,4,3
0,3,7,1,1906.466,1 1,West,2,4,3
0,3,7,2,1907.024,1 0,West,2,4,3
0,3,7,1,1907.973,1 0,South,2,4,3
0,3,7,2,1908.645,2 0,South,2,4,3
0,3,7,2,1909.221,3 0,South,2,4,3
0,3,7,1,1909.824,3 0,East,2,4,3
0,3,7,3,1910.498,3 0,South,2,4,3
0,3,7,2,1911.397,4 0,South,2,4,3
0,3,7,1,1912.274,4 0,East,2,4,3
0,3,7,1,1913.105,4 0,North,2,4,3
0,3,7,2,1914.115,3 0,North,2,4,3
0,3,7,2,1916.162,2 0,North,2,4,3
0,3,7,2,1916.816,1 0,North,2,4,3
0,3,7,3,1917.698,1 0,East,2,4,3
0,3,7,2,1918.288,1 1,East,2,4,3
0,3,7,3,1919.04,1 1,South,2,4,3
0,3,7,2,1919.616,2 1,South,2,4,3
0,3,7,2,1920.128,3 1,South,2,4,3
0,3,7,1,1921.077,3 1,East,2,4,3
0,3,7,2,1921.683,3 2,East,2,4,3
0,3,7,3,1922.274,3 2,South,2,4,3
0,3,7,2,1922.82,4 2,South,2,4,3
0,3,7,1,1923.732,4 2,East,2,4,3
0,3,7,1,1924.529,4 2,North,2,4,3
0,3,7,3,1926.259,4 2,East,2,4,3
0,3,7,2,1926.864,4 3,East,2,4,3
0,3,7,2,1927.408,4 4,East,2,4,3
0,3,7,1,1928.269,4 4,North,2,4,3
0,3,7,2,1928.93,3 4,North,2,4,3
0,3,7,2,1929.811,2 4,North,2,4,3
0,3,7,2,1930.494,1 4,North,2,4,3
0,3,7,1,1931.202,1 4,West,2,4,3
0,3,7,2,1931.758,1 3,West,2,4,3
0,3,7,1,1932.708,1 3,South,2,4,3
0,3,7,2,1933.411,2 3,South,2,4,3
0,3,7,3,1934.029,2 3,West,2,4,3
0,3,7,2,1934.928,2 2,West,2,4,3
0,3,7,3,1935.519,2 2,North,2,4,3
0,3,7,2,1936.496,1 2,North,2,4,3
0,3,7,6,1936.88,1 2,North,2,5,3
0,3,7,2,1937.252,0 2,North,2,5,3
0,3,7,1,1938.271,0 2,West,2,5,3
0,3,7,2,1939.141,0 1,West,2,5,3
0,3,7,2,1940.029,0 0,West,2,5,3
0,3,7,6,1940.44,0 0,West,2,6,3
0,3,7,3,1940.774,0 0,North,2,6,3
0,3,7,3,1941.33,0 0,East,2,6,3
0,3,7,2,1941.952,0 1,East,2,6,3
0,3,7,2,1942.626,0 2,East,2,6,3
0,3,7,3,1943.183,0 2,South,2,6,3
0,3,7,2,1943.82,1 2,South,2,6,3
0,3,7,2,1944.418,2 2,South,2,6,3
0,3,7,1,1945.126,2 2,East,2,6,3
0,3,7,2,1945.773,2 3,East,2,6,3
0,3,7,1,1946.669,2 3,North,2,6,3
0,3,7,2,1947.36,1 3,North,2,6,3
0,3,7,3,1947.956,1 3,East,2,6,3
0,3,7,2,1948.773,1 4,East,2,6,3
0,3,7,3,1949.346,1 4,South,2,6,3
0,3,7,3,1950.231,1 4,West,2,6,3
0,3,7,3,1950.82,1 4,North,2,6,3
0,3,7,2,1951.54,0 4,North,2,6,3
0,3,7,1,1952.242,0 4,West,2,6,3
0,3,7,2,1952.868,0 3,West,2,6,3
0,3,7,3,1953.487,0 3,North,2,6,3
0,3,7,3,1954.012,0 3,East,2,6,3
0,3,7,2,1954.676,0 4,East,2,6,3
0,3,7,3,1955.525,0 4,South,2,6,3
0,3,7,3,1956.245,0 4,West,2,6,3
0,3,7,1,1957.205,0 4,South,2,6,3
0,3,7,2,1957.84,1 4,South,2,6,3
0,3,7,3,1958.766,1 4,West,2,6,3
0,3,7,2,1959.598,1 3,West,2,6,3
0,3,7,1,1960.196,1 3,South,2,6,3
0,3,7,2,1960.884,2 3,South,2,6,3
0,3,7,3,1961.476,2 3,West,2,6,3
0,3,7,2,1962.114,2 2,West,2,6,3
0,3,7,3,1962.978,2 2,North,2,6,3
0,3,7,2,1964.661,1 2,North,2,6,3
0,3,7,2,1965.252,0 2,North,2,6,3
0,3,7,1,1965.871,0 2,West,2,6,3
0,3,7,2,1966.448,0 1,West,2,6,3
0,3,7,2,1966.978,0 0,West,2,6,3
0,3,7,3,1967.538,0 0,North,2,6,3
0,3,7,3,1968.079,0 0,East,2,6,3
0,3,7,2,1969.037,0 1,East,2,6,3
0,3,7,2,1969.89,0 2,East,2,6,3
0,3,7,3,1970.481,0 2,South,2,6,3
0,3,7,2,1971.091,1 2,South,2,6,3
0,3,7,2,1971.702,2 2,South,2,6,3
0,3,7,1,1972.215,2 2,East,2,6,3
0,3,7,2,1972.787,2 3,East,2,6,3
0,3,7,1,1973.316,2 3,North,2,6,3
0,3,7,2,1973.851,1 3,North,2,6,3
0,3,7,3,1974.398,1 3,East,2,6,3
0,3,7,2,1974.964,1 4,East,2,6,3
0,3,7,1,1975.939,1 4,North,2,6,3
0,3,7,2,1976.534,0 4,North,2,6,3
0,3,7,1,1977.061,0 4,West,2,6,3
0,3,7,2,1977.59,0 3,West,2,6,3
0,3,7,3,1978.177,0 3,North,2,6,3
0,3,7,3,1978.99,0 3,East,2,6,3
0,3,7,3,1979.565,0 3,South,2,6,3
0,3,7,1,1980.439,0 3,East,2,6,3
0,3,7,2,1981.102,0 4,East,2,6,3
0,3,7,3,1982.072,0 4,South,2,6,3
0,3,7,2,1982.734,1 4,South,2,6,3
0,3,7,3,1983.647,1 4,West,2,6,3
0,3,7,2,1984.321,1 3,West,2,6,3
0,3,7,1,1984.863,1 3,South,2,6,3
0,3,7,2,1985.954,2 3,South,2,6,3
0,3,7,3,1986.477,2 3,West,2,6,3
0,3,7,2,1987.488,2 2,West,2,6,3
0,3,7,3,1988.033,2 2,North,2,6,3
0,3,7,2,1991.2,1 2,North,2,6,3
0,3,7,2,1991.781,0 2,North,2,6,3
0,3,7,3,1992.798,0 2,East,2,6,3
0,3,7,3,1993.406,0 2,South,2,6,3
0,3,7,2,1993.996,1 2,South,2,6,3
0,3,7,2,1994.599,2 2,South,2,6,3
0,3,7,1,1995.568,2 2,East,2,6,3
0,3,7,2,1996.245,2 3,East,2,6,3
0,3,7,1,1996.785,2 3,North,2,6,3
0,3,7,2,1997.382,1 3,North,2,6,3
0,3,7,3,1997.91,1 3,East,2,6,3
0,3,7,2,1998.438,1 4,East,2,6,3
0,3,7,3,1999.299,1 4,South,2,6,3
0,3,7,2,1999.875,2 4,South,2,6,3
0,3,7,2,2000.406,3 4,South,2,6,3
0,3,7,2,2001.235,4 4,South,2,6,3
0,3,7,3,2002.018,4 4,West,2,6,3
0,3,7,3,2004.112,4 4,North,2,6,3
0,3,7,1,2007.668,4 4,West,2,6,3
0,3,7,2,2010.724,4 3,West,2,6,3
0,3,7,6,2011.14,4 3,West,2,7,3
0,3,7,2,2012.102,4 2,West,2,7,3
0,3,7,3,2012.813,4 2,North,2,7,3
0,3,7,2,2013.662,3 2,North,2,7,3
0,3,7,3,2014.357,3 2,East,2,7,3
0,3,7,3,2015.935,3 2,South,2,7,3
0,3,7,2,2016.535,4 2,South,2,7,3
0,3,7,1,2017.438,4 2,East,2,7,3
0,3,7,2,2018.147,4 3,East,2,7,3
0,3,7,2,2019.071,4 4,East,2,7,3
0,3,7,3,2019.792,4 4,South,2,7,3
0,3,7,3,2020.338,4 4,West,2,7,3
0,3,7,2,2021.198,4 3,West,2,7,3
0,3,7,2,2021.766,4 2,West,2,7,3
0,3,7,3,2022.399,4 2,North,2,7,3
0,3,7,3,2024.836,4 2,East,2,7,3
0,3,7,1,2025.566,4 2,North,2,7,3
0,3,7,2,2026.288,3 2,North,2,7,3
0,3,7,1,2026.915,3 2,West,2,7,3
0,3,7,2,2027.583,3 1,West,2,7,3
0,3,7,3,2028.671,3 1,North,2,7,3
0,3,7,3,2029.456,3 1,East,2,7,3
0,3,7,2,2030.225,3 2,East,2,7,3
0,3,7,2,2030.864,3 3,East,2,7,3
0,3,7,1,2031.826,3 3,North,2,7,3
0,3,7,1,2032.339,3 3,West,2,7,3
0,3,7,2,2033.302,3 2,West,2,7,3
0,3,7,1,2036.996,3 2,South,2,7,3
0,3,7,2,2037.587,4 2,South,2,7,3
0,3,7,1,2038.097,4 2,East,2,7,3
0,3,7,2,2039.123,4 3,East,2,7,3
0,3,7,2,2039.678,4 4,East,2,7,3
0,3,7,3,2040.342,4 4,South,2,7,3
0,3,7,3,2041.005,4 4,West,2,7,3
0,3,7,2,2041.678,4 3,West,2,7,3
0,3,7,2,2042.357,4 2,West,2,7,3
0,3,7,3,2042.962,4 2,North,2,7,3
0,3,7,2,2043.619,3 2,North,2,7,3
0,3,7,1,2044.178,3 2,West,2,7,3
0,3,7,2,2044.854,3 1,West,2,7,3
0,3,7,3,2048.369,3 1,North,2,7,3
0,3,7,2,2049.297,2 1,North,2,7,3
0,3,7,2,2049.923,1 1,North,2,7,3
0,3,7,1,2050.514,1 1,West,2,7,3
0,3,7,1,2052.661,1 1,South,2,7,3
0,3,7,2,2053.377,2 1,South,2,7,3
0,3,7,2,2054.003,3 1,South,2,7,3
0,3,7,1,2054.644,3 1,East,2,7,3
0,3,7,1,2055.618,3 1,North,2,7,3
0,3,7,2,2056.339,2 1,North,2,7,3
0,3,7,2,2057.008,1 1,North,2,7,3
0,3,7,1,2057.569,1 1,West,2,7,3
0,3,7,2,2058.781,1 0,West,2,7,3
0,3,7,6,2059.2,1 0,West,2,8,3
2,3,7,1,2062.529,4 4,West,2,0,0
2,3,7,3,2063.9,4 4,North,2,0,0
2,3,7,1,2065.214,4 4,West,2,0,0
2,3,7,3,2066.833,4 4,North,2,0,0
2,3,7,1,2068.687,4 4,West,2,0,0
2,3,7,3,2069.525,4 4,North,2,0,0
2,3,7,2,2070.286,3 4,North,2,0,0
2,3,7,2,2070.853,2 4,North,2,0,0
2,3,7,2,2071.431,1 4,North,2,0,0
2,3,7,1,2072.066,1 4,West,2,0,0
2,3,7,2,2073.187,1 3,West,2,0,0
2,3,7,3,2078.364,1 3,North,2,0,0
2,3,7,2,2079.137,1 3,North,2,0,1
2,3,7,1,2079.694,1 3,West,2,0,1
2,3,7,2,2080.32,1 3,West,2,0,2
2,3,7,1,2081.009,1 3,South,2,0,2
2,3,7,2,2081.585,2 3,South,2,0,2
2,3,7,3,2082.424,2 3,West,2,0,2
2,3,7,2,2083.089,2 2,West,2,0,2
2,3,7,3,2083.646,2 2,North,2,0,2
2,3,7,2,2084.275,1 2,North,2,0,2
2,3,7,2,2085.009,0 2,North,2,0,2
2,3,7,1,2085.681,0 2,West,2,0,2
2,3,7,2,2086.512,0 1,West,2,0,2
2,3,7,2,2087.185,0 0,West,2,0,2
2,3,7,6,2087.6,0 0,West,2,1,2
2,3,7,3,2088.114,0 0,North,2,1,2
2,3,7,3,2088.734,0 0,East,2,1,2
2,3,7,2,2089.375,0 1,East,2,1,2
2,3,7,2,2089.938,0 2,East,2,1,2
2,3,7,3,2090.663,0 2,South,2,1,2
2,3,7,2,2091.3,1 2,South,2,1,2
2,3,7,1,2091.936,1 2,East,2,1,2
2,3,7,2,2092.515,1 2,East,2,1,3
2,3,7,3,2093.267,1 2,South,2,1,3
2,3,7,2,2093.874,2 2,South,2,1,3
2,3,7,1,2094.5,2 2,East,2,1,3
2,3,7,2,2095.043,2 3,East,2,1,3
2,3,7,1,2095.94,2 3,North,2,1,3
2,3,7,2,2096.611,1 3,North,2,1,3
2,3,7,3,2097.222,1 3,East,2,1,3
2,3,7,2,2097.825,1 4,East,2,1,3
2,3,7,3,2098.559,1 4,South,2,1,3
2,3,7,2,2099.212,2 4,South,2,1,3
2,3,7,2,2099.987,3 4,South,2,1,3
2,3,7,2,2100.684,4 4,South,2,1,3
2,3,7,3,2101.251,4 4,West,2,1,3
2,3,7,2,2101.87,4 3,West,2,1,3
2,3,7,2,2102.416,4 2,West,2,1,3
2,3,7,6,2102.84,4 2,West,2,2,3
2,3,7,3,2103.024,4 2,North,2,2,3
2,3,7,3,2106.278,4 2,East,2,2,3
2,3,7,1,2106.817,4 2,North,2,2,3
2,3,7,3,2108.734,4 2,East,2,2,3
2,3,7,2,2109.692,4 3,East,2,2,3
2,3,7,1,2110.324,4 3,North,2,2,3
2,3,7,2,2112.755,4 3,North,2,2,4
2,3,7,3,2115.245,4 3,East,2,2,4
2,3,7,1,2116.865,4 3,North,2,2,4
2,3,7,1,2118.898,4 3,West,2,2,4
2,3,7,2,2120.783,4 2,West,2,2,4
2,3,7,3,2121.408,4 2,North,2,2,4
2,3,7,2,2122,3 2,North,2,2,4
2,3,7,2,2124.721,3 2,North,2,2,5
2,3,7,1,2125.253,3 2,West,2,2,5
2,3,7,2,2125.873,3 1,West,2,2,5
2,3,7,3,2126.517,3 1,North,2,2,5
2,3,7,2,2128.11,2 1,North,2,2,5
2,3,7,2,2129.413,1 1,North,2,2,5
2,3,7,1,2130.015,1 1,West,2,2,5
2,3,7,2,2130.58,1 0,West,2,2,5
2,3,7,6,2130.98,1 0,West,2,3,5
2,3,7,1,2131.375,1 0,South,2,3,5
2,3,7,1,2132.334,1 0,East,2,3,5
2,3,7,2,2133.487,1 1,East,2,3,5
2,3,7,3,2134.166,1 1,South,2,3,5
2,3,7,2,2134.851,2 1,South,2,3,5
2,3,7,2,2135.439,3 1,South,2,3,5
2,3,7,2,2138.846,3 1,South,2,3,6
2,3,7,1,2139.254,3 1,East,2,3,6
2,3,7,2,2139.778,3 2,East,2,3,6
2,3,7,1,2140.741,3 2,North,2,3,6
2,3,7,2,2142.728,3 2,North,2,3,7
2,3,7,3,2143.453,3 2,East,2,3,7
2,3,7,2,2144.326,3 3,East,2,3,7
2,3,7,1,2145.088,3 3,North,2,3,7
2,3,7,2,2147.983,3 3,North,2,3,8
2,3,7,3,2148.672,3 3,East,2,3,8
2,3,7,3,2149.347,3 3,South,2,3,8
2,3,7,2,2150.334,3 3,South,2,3,9
2,3,7,3,2150.85,3 3,West,2,3,9
2,3,7,2,2151.541,3 2,West,2,3,9
2,3,7,1,2152.133,3 2,South,2,3,9
2,3,7,2,2152.755,4 2,South,2,3,9
2,3,7,1,2153.619,4 2,East,2,3,9
2,3,7,2,2154.309,4 3,East,2,3,9
2,3,7,2,2154.867,4 4,East,2,3,9
2,3,7,1,2155.615,4 4,North,2,3,9
2,3,7,2,2156.821,3 4,North,2,3,9
2,3,7,2,2162.482,2 4,North,2,3,9
2,3,7,1,2163.478,2 4,West,2,3,9
2,3,7,3,2167.647,2 4,North,2,3,9
2,3,7,1,2169.537,2 4,West,2,3,9
2,3,7,2,2171.087,2 4,West,2,3,10
2,3,7,1,2171.536,2 4,South,2,3,10
2,3,7,2,2172.215,3 4,South,2,3,10
2,3,7,2,2172.85,4 4,South,2,3,10
2,3,7,3,2173.494,4 4,West,2,3,10
2,3,7,2,2174.076,4 3,West,2,3,10
2,3,7,3,2175.042,4 3,North,2,3,10
2,3,7,1,2175.942,4 3,West,2,3,10
2,3,7,2,2176.711,4 2,West,2,3,10
2,3,7,3,2177.47,4 2,North,2,3,10
2,3,7,1,2179.282,4 2,West,2,3,10
2,3,7,2,2180.128,4 2,West,2,3,11
2,3,7,3,2180.595,4 2,North,2,3,11
2,3,7,2,2181.204,3 2,North,2,3,11
2,3,7,3,2181.761,3 2,East,2,3,11
2,3,7,2,2186.222,3 3,East,2,3,11
2,3,7,1,2187.15,3 3,North,2,3,11
2,3,7,1,2188.321,3 3,West,2,3,11
2,3,7,2,2189.167,3 2,West,2,3,11
2,3,7,1,2189.814,3 2,South,2,3,11
2,3,7,2,2190.515,4 2,South,2,3,11
2,3,7,1,2191.101,4 2,East,2,3,11
2,3,7,2,2191.922,4 3,East,2,3,11
2,3,7,2,2192.577,4 4,East,2,3,11
2,3,7,1,2193.117,4 4,North,2,3,11
2,3,7,2,2195.889,3 4,North,2,3,11
2,3,7,2,2196.822,2 4,North,2,3,11
2,3,7,2,2198.786,1 4,North,2,3,11
2,3,7,1,2199.453,1 4,West,2,3,11
2,3,7,2,2200.254,1 3,West,2,3,11
2,3,7,1,2200.901,1 3,South,2,3,11
2,3,7,2,2201.539,2 3,South,2,3,11
2,3,7,6,2201.92,2 3,South,2,4,11
2,3,7,3,2202.386,2 3,West,2,4,11
2,3,7,2,2203.651,2 2,West,2,4,11
2,3,7,3,2204.31,2 2,North,2,4,11
2,3,7,2,2204.945,1 2,North,2,4,11
2,3,7,6,2205.32,1 2,North,2,5,11
2,3,7,1,2207.522,1 2,West,2,5,11
2,3,7,1,2208.085,1 2,South,2,5,11
2,3,7,2,2208.838,2 2,South,2,5,11
2,3,7,1,2209.473,2 2,East,2,5,11
2,3,7,2,2210.115,2 3,East,2,5,11
2,3,7,1,2210.707,2 3,North,2,5,11
2,3,7,2,2211.299,1 3,North,2,5,11
2,3,7,3,2211.92,1 3,East,2,5,11
2,3,7,2,2212.517,1 4,East,2,5,11
2,3,7,1,2213.047,1 4,North,2,5,11
2,3,7,2,2213.698,0 4,North,2,5,11
2,3,7,1,2214.226,0 4,West,2,5,11
2,3,7,2,2214.752,0 3,West,2,5,11
2,3,7,6,2215.16,0 3,West,2,6,11
2,3,7,3,2215.475,0 3,North,2,6,11
2,3,7,3,2216.414,0 3,East,2,6,11
2,3,7,2,2217.264,0 4,East,2,6,11
2,3,7,3,2217.854,0 4,South,2,6,11
2,3,7,2,2218.708,1 4,South,2,6,11
2,3,7,6,2219.08,1 4,South,2,7,11
2,3,7,3,2219.362,1 4,West,2,7,11
2,3,7,1,2220.176,1 4,South,2,7,11
2,3,7,2,2220.883,2 4,South,2,7,11
2,3,7,2,2221.422,3 4,South,2,7,11
2,3,7,2,2222.037,4 4,South,2,7,11
2,3,7,3,2222.625,4 4,West,2,7,11
2,3,7,2,2224.238,4 3,West,2,7,11
2,3,7,2,2225.726,4 2,West,2,7,11
2,3,7,3,2226.678,4 2,North,2,7,11
2,3,7,2,2227.422,3 2,North,2,7,11
2,3,7,1,2228.038,3 2,West,2,7,11
2,3,7,2,2229.206,3 1,West,2,7,11
2,3,7,6,2229.62,3 1,West,2,8,11
0,3,8,1,2236.077,4 4,West,2,0,11
0,3,8,3,2237.074,4 4,North,2,0,11
0,3,8,2,2238.114,3 4,North,2,0,11
0,3,8,2,2238.898,2 4,North,2,0,11
0,3,8,2,2239.542,1 4,North,2,0,11
0,3,8,2,2240.126,0 4,North,2,0,11
0,3,8,1,2240.661,0 4,West,2,0,11
0,3,8,2,2241.346,0 3,West,2,0,11
0,3,8,3,2242.512,0 3,North,2,0,11
0,3,8,3,2243.454,0 3,East,2,0,11
0,3,8,2,2244.134,0 4,East,2,0,11
0,3,8,3,2244.785,0 4,South,2,0,11
0,3,8,2,2245.373,1 4,South,2,0,11
0,3,8,3,2245.998,1 4,West,2,0,11
0,3,8,1,2246.847,1 4,South,2,0,11
0,3,8,2,2247.647,2 4,South,2,0,11
0,3,8,2,2248.165,3 4,South,2,0,11
0,3,8,2,2248.849,4 4,South,2,0,11
0,3,8,3,2249.49,4 4,West,2,0,11
0,3,8,3,2250.128,4 4,North,2,0,11
0,3,8,2,2250.821,3 4,North,2,0,11
0,3,8,2,2251.43,2 4,North,2,0,11
0,3,8,2,2252.405,1 4,North,2,0,11
0,3,8,1,2253.407,1 4,West,2,0,11
0,3,8,3,2254.465,1 4,North,2,0,11
0,3,8,2,2255.166,0 4,North,2,0,11
0,3,8,1,2255.711,0 4,West,2,0,11
0,3,8,2,2256.271,0 3,West,2,0,11
0,3,8,3,2256.821,0 3,North,2,0,11
0,3,8,3,2257.359,0 3,East,2,0,11
0,3,8,3,2257.874,0 3,South,2,0,11
0,3,8,1,2258.389,0 3,East,2,0,11
0,3,8,2,2259.024,0 4,East,2,0,11
0,3,8,3,2259.54,0 4,South,2,0,11
0,3,8,2,2260.477,1 4,South,2,0,11
0,3,8,3,2261.349,1 4,West,2,0,11
0,3,8,2,2261.916,1 3,West,2,0,11
0,3,8,1,2262.483,1 3,South,2,0,11
0,3,8,2,2263.189,2 3,South,2,0,11
0,3,8,3,2263.838,2 3,West,2,0,11
0,3,8,2,2265.041,2 2,West,2,0,11
0,3,8,3,2265.777,2 2,North,2,0,11
0,3,8,2,2267.086,1 2,North,2,0,11
0,3,8,3,2268.419,1 2,East,2,0,11
0,3,8,3,2269.045,1 2,South,2,0,11
0,3,8,2,2269.778,2 2,South,2,0,11
0,3,8,1,2270.32,2 2,East,2,0,11
0,3,8,2,2270.916,2 3,East,2,0,11
0,3,8,1,2271.502,2 3,North,2,0,11
0,3,8,2,2272.068,1 3,North,2,0,11
0,3,8,3,2272.645,1 3,East,2,0,11
0,3,8,2,2273.238,1 4,East,2,0,11
0,3,8,3,2273.87,1 4,South,2,0,11
0,3,8,2,2274.852,2 4,South,2,0,11
0,3,8,2,2275.445,3 4,South,2,0,11
0,3,8,2,2276.032,4 4,South,2,0,11
0,3,8,1,2276.655,4 4,East,2,0,11
0,3,8,1,2277.249,4 4,North,2,0,11
0,3,8,2,2277.939,3 4,North,2,0,11
0,3,8,2,2278.88,2 4,North,2,0,11
0,3,8,2,2279.503,1 4,North,2,0,11
0,3,8,1,2280.048,1 4,West,2,0,11
0,3,8,2,2280.643,1 3,West,2,0,11
0,3,8,1,2281.182,1 3,South,2,0,11
0,3,8,2,2282.662,2 3,South,2,0,11
0,3,8,3,2284.134,2 3,West,2,0,11
0,3,8,2,2284.719,2 2,West,2,0,11
0,3,8,3,2285.345,2 2,North,2,0,11
0,3,8,2,2285.916,1 2,North,2,0,11
0,3,8,2,2286.484,0 2,North,2,0,11
0,3,8,6,2286.86,0 2,North,2,1,11
0,3,8,1,2287.045,0 2,West,2,1,11
0,3,8,2,2287.618,0 1,West,2,1,11
0,3,8,2,2288.166,0 0,West,2,1,11
0,3,8,3,2288.878,0 0,North,2,1,11
0,3,8,3,2289.394,0 0,East,2,1,11
0,3,8,2,2289.957,0 1,East,2,1,11
0,3,8,2,2290.518,0 2,East,2,1,11
0,3,8,3,2291.074,0 2,South,2,1,11
0,3,8,2,2291.75,1 2,South,2,1,11
0,3,8,2,2292.308,2 2,South,2,1,11
0,3,8,1,2292.831,2 2,East,2,1,11
0,3,8,2,2293.358,2 3,East,2,1,11
0,3,8,1,2293.886,2 3,North,2,1,11
0,3,8,2,2294.45,1 3,North,2,1,11
0,3,8,3,2294.999,1 3,East,2,1,11
0,3,8,2,2295.926,1 4,East,2,1,11
0,3,8,3,2296.851,1 4,South,2,1,11
0,3,8,2,2297.366,2 4,South,2,1,11
0,3,8,2,2298.245,3 4,South,2,1,11
0,3,8,2,2298.781,4 4,South,2,1,11
0,3,8,3,2299.679,4 4,West,2,1,11
0,3,8,2,2300.341,4 3,West,2,1,11
0,3,8,2,2300.976,4 2,West,2,1,11
0,3,8,3,2301.765,4 2,North,2,1,11
0,3,8,2,2302.899,3 2,North,2,1,11
0,3,8,3,2304.03,3 2,East,2,1,11
0,3,8,1,2304.833,3 2,North,2,1,11
0,3,8,1,2305.344,3 2,West,2,1,11
0,3,8,1,2306.579,3 2,South,2,1,11
0,3,8,3,2307.886,3 2,West,2,1,11
0,3,8,2,2308.561,3 1,West,2,1,11
0,3,8,3,2309.123,3 1,North,2,1,11
0,3,8,2,2309.806,2 1,North,2,1,11
0,3,8,6,2310.2,2 1,North,2,2,11
0,3,8,1,2311.217,2 1,West,2,2,11
0,3,8,1,2312.162,2 1,South,2,2,11
0,3,8,2,2312.845,3 1,South,2,2,11
0,3,8,1,2313.374,3 1,East,2,2,11
0,3,8,3,2315.167,3 1,South,2,2,11
0,3,8,3,2315.697,3 1,West,2,2,11
0,3,8,3,2316.695,3 1,North,2,2,11
0,3,8,2,2317.379,2 1,North,2,2,11
0,3,8,2,2317.904,1 1,North,2,2,11
0,3,8,1,2318.431,1 1,West,2,2,11
0,3,8,1,2319.487,1 1,South,2,2,11
0,3,8,2,2320.212,2 1,South,2,2,11
0,3,8,2,2320.781,3 1,South,2,2,11
0,3,8,1,2321.3,3 1,East,2,2,11
0,3,8,1,2324.8,3 1,North,2,2,11
0,3,8,2,2325.424,2 1,North,2,2,11
0,3,8,2,2325.985,1 1,North,2,2,11
0,3,8,1,2326.533,1 1,West,2,2,11
0,3,8,2,2327.299,1 0,West,2,2,11
0,3,8,1,2327.829,1 0,South,2,2,11
0,3,8,2,2328.462,2 0,South,2,2,11
0,3,8,2,2329.037,3 0,South,2,2,11
0,3,8,2,2329.634,4 0,South,2,2,11
0,3,8,1,2330.54,4 0,East,2,2,11
0,3,8,2,2332.172,4 1,East,2,2,11
0,3,8,3,2333.617,4 1,South,2,2,11
0,3,8,3,2334.175,4 1,West,2,2,11
0,3,8,2,2335.693,4 0,West,2,2,11
0,3,8,3,2336.717,4 0,North,2,2,11
0,3,8,2,2337.759,3 0,North,2,2,11
0,3,8,2,2338.307,2 0,North,2,2,11
0,3,8,2,2339.295,1 0,North,2,2,11
0,3,8,3,2339.981,1 0,East,2,2,11
0,3,8,2,2340.723,1 1,East,2,2,11
0,3,8,3,2344.245,1 1,South,2,2,11
0,3,8,2,2347.074,2 1,South,2,2,11
0,3,8,2,2347.636,3 1,South,2,2,11
0,3,8,1,2348.178,3 1,East,2,2,11
0,3,8,2,2349.694,3 2,East,2,2,11
0,3,8,6,2350.1,3 2,East,2,3,11
0,3,8,3,2350.357,3 2,South,2,3,11
0,3,8,2,2351.085,4 2,South,2,3,11
0,3,8,1,2351.773,4 2,East,2,3,11
0,3,8,2,2352.604,4 3,East,2,3,11
0,3,8,2,2353.2,4 4,East,2,3,11
0,3,8,1,2353.875,4 4,North,2,3,11
0,3,8,1,2354.405,4 4,West,2,3,11
0,3,8,2,2355.121,4 3,West,2,3,11
0,3,8,2,2355.66,4 2,West,2,3,11
0,3,8,3,2356.209,4 2,North,2,3,11
0,3,8,2,2357.102,3 2,North,2,3,11
0,3,8,1,2357.875,3 2,West,2,3,11
0,3,8,2,2358.641,3 1,West,2,3,11
0,3,8,3,2360.352,3 1,North,2,3,11
0,3,8,3,2361.261,3 1,East,2,3,11
0,3,8,2,2362.097,3 2,East,2,3,11
0,3,8,3,2362.622,3 2,South,2,3,11
0,3,8,2,2363.222,4 2,South,2,3,11
0,3,8,1,2364.177,4 2,East,2,3,11
0,3,8,2,2364.733,4 3,East,2,3,11
0,3,8,2,2365.657,4 4,East,2,3,11
0,3,8,3,2366.293,4 4,South,2,3,11
0,3,8,3,2366.868,4 4,West,2,3,11
0,3,8,2,2367.621,4 3,West,2,3,11
0,3,8,2,2368.165,4 2,West,2,3,11
0,3,8,3,2369.861,4 2,North,2,3,11
0,3,8,2,2371.44,3 2,North,2,3,11
0,3,8,1,2372.551,3 2,West,2,3,11
0,3,8,2,2374.54,3 1,West,2,3,11
0,3,8,3,2375.174,3 1,North,2,3,11
0,3,8,2,2375.954,2 1,North,2,3,11
0,3,8,2,2376.466,1 1,North,2,3,11
0,3,8,1,2377.136,1 1,West,2,3,11
0,3,8,2,2377.76,1 0,West,2,3,11
0,3,8,1,2378.386,1 0,South,2,3,11
0,3,8,2,2379.01,2 0,South,2,3,11
0,3,8,2,2379.66,3 0,South,2,3,11
0,3,8,2,2380.335,4 0,South,2,3,11
0,3,8,1,2381.215,4 0,East,2,3,11
0,3,8,2,2382.165,4 1,East,2,3,11
0,3,8,3,2382.833,4 1,South,2,3,11
0,3,8,3,2383.382,4 1,West,2,3,11
0,3,8,2,2384.197,4 0,West,2,3,11
0,3,8,3,2384.994,4 0,North,2,3,11
0,3,8,2,2385.858,3 0,North,2,3,11
0,3,8,2,2386.432,2 0,North,2,3,11
0,3,8,2,2386.974,1 0,North,2,3,11
0,3,8,3,2387.6,1 0,East,2,3,11
0,3,8,2,2388.188,1 1,East,2,3,11
0,3,8,3,2389.141,1 1,South,2,3,11
0,3,8,2,2389.711,2 1,South,2,3,11
0,3,8,2,2390.243,3 1,South,2,3,11
0,3,8,1,2390.822,3 1,East,2,3,11
0,3,8,2,2391.343,3 2,East,2,3,11
0,3,8,3,2392.022,3 2,South,2,3,11
0,3,8,2,2392.541,4 2,South,2,3,11
0,3,8,1,2393.456,4 2,East,2,3,11
0,3,8,2,2394.339,4 3,East,2,3,11
0,3,8,2,2395.213,4 4,East,2,3,11
0,3,8,1,2395.731,4 4,North,2,3,11
0,3,8,2,2396.358,3 4,North,2,3,11
0,3,8,2,2396.876,2 4,North,2,3,11
0,3,8,2,2397.776,1 4,North,2,3,11
0,3,8,2,2399.167,0 4,North,2,3,11
0,3,8,1,2399.734,0 4,West,2,3,11
0,3,8,2,2402.052,0 3,West,2,3,11
0,3,8,6,2402.46,0 3,West,2,4,11
0,3,8,3,2402.653,0 3,North,2,4,11
0,3,8,3,2403.572,0 3,East,2,4,11
0,3,8,2,2404.306,0 4,East,2,4,11
0,3,8,3,2404.87,0 4,South,2,4,11
0,3,8,2,2405.523,1 4,South,2,4,11
0,3,8,3,2406.08,1 4,West,2,4,11
0,3,8,2,2406.883,1 3,West,2,4,11
0,3,8,1,2407.746,1 3,South,2,4,11
0,3,8,2,2408.383,2 3,South,2,4,11
0,3,8,2,2410.079,2 3,South,2,4,11
0,3,8,3,2410.804,2 3,West,2,4,11
0,3,8,2,2411.471,2 2,West,2,4,11
0,3,8,3,2412.051,2 2,North,2,4,11
0,3,8,2,2412.59,1 2,North,2,4,11
0,3,8,2,2414.019,0 2,North,2,4,11
0,3,8,1,2414.614,0 2,West,2,4,11
0,3,8,1,2415.668,0 2,South,2,4,11
0,3,8,3,2416.435,0 2,West,2,4,11
0,3,8,2,2417.617,0 1,West,2,4,11
0,3,8,2,2418.196,0 0,West,2,4,11
0,3,8,3,2418.754,0 0,North,2,4,11
0,3,8,3,2419.329,0 0,East,2,4,11
0,3,8,2,2420.054,0 1,East,2,4,11
0,3,8,2,2420.942,0 2,East,2,4,11
0,3,8,3,2421.598,0 2,South,2,4,11
0,3,8,2,2422.198,1 2,South,2,4,11
0,3,8,2,2422.836,2 2,South,2,4,11
0,3,8,1,2423.396,2 2,East,2,4,11
0,3,8,2,2424.051,2 3,East,2,4,11
0,3,8,1,2424.944,2 3,North,2,4,11
0,3,8,2,2425.948,1 3,North,2,4,11
0,3,8,3,2426.622,1 3,East,2,4,11
0,3,8,2,2427.22,1 4,East,2,4,11
0,3,8,1,2427.745,1 4,North,2,4,11
0,3,8,2,2428.317,0 4,North,2,4,11
0,3,8,1,2428.895,0 4,West,2,4,11
0,3,8,3,2429.617,0 4,North,2,4,11
0,3,8,3,2430.156,0 4,East,2,4,11
0,3,8,3,2430.869,0 4,South,2,4,11
0,3,8,2,2431.731,1 4,South,2,4,11
0,3,8,2,2432.31,2 4,South,2,4,11
0,3,8,2,2432.899,3 4,South,2,4,11
0,3,8,2,2433.6,4 4,South,2,4,11
0,3,8,3,2434.509,4 4,West,2,4,11
0,3,8,2,2435.173,4 3,West,2,4,11
0,3,8,2,2435.764,4 2,West,2,4,11
0,3,8,3,2436.34,4 2,North,2,4,11
0,3,8,2,2438.229,3 2,North,2,4,11
0,3,8,1,2438.838,3 2,West,2,4,11
0,3,8,2,2439.789,3 1,West,2,4,11
0,3,8,6,2440.2,3 1,West,2,5,11
0,3,8,3,2440.531,3 1,North,2,5,11
0,3,8,2,2441.22,2 1,North,2,5,11
0,3,8,2,2442.166,1 1,North,2,5,11
0,3,8,1,2442.861,1 1,West,2,5,11
0,3,8,2,2443.486,1 0,West,2,5,11
0,3,8,1,2444.1,1 0,South,2,5,11
0,3,8,2,2446.244,2 0,South,2,5,11
0,3,8,6,2446.62,2 0,South,2,6,11
0,3,8,2,2446.961,3 0,South,2,6,11
0,3,8,2,2447.556,4 0,South,2,6,11
0,3,8,1,2448.257,4 0,East,2,6,11
0,3,8,1,2448.864,4 0,North,2,6,11
0,3,8,2,2449.551,3 0,North,2,6,11
0,3,8,2,2450.099,2 0,North,2,6,11
0,3,8,2,2450.636,1 0,North,2,6,11
0,3,8,3,2451.17,1 0,East,2,6,11
0,3,8,2,2451.757,1 1,East,2,6,11
0,3,8,3,2452.291,1 1,South,2,6,11
0,3,8,2,2452.851,2 1,South,2,6,11
0,3,8,2,2453.408,3 1,South,2,6,11
0,3,8,1,2454.338,3 1,East,2,6,11
0,3,8,2,2455.12,3 2,East,2,6,11
0,3,8,3,2457.008,3 2,South,2,6,11
0,3,8,2,2457.649,4 2,South,2,6,11
0,3,8,3,2459.269,4 2,West,2,6,11
0,3,8,3,2459.985,4 2,North,2,6,11
0,3,8,2,2462.062,3 2,North,2,6,11
0,3,8,3,2463.078,3 2,East,2,6,11
0,3,8,3,2463.637,3 2,South,2,6,11
0,3,8,2,2464.434,4 2,South,2,6,11
0,3,8,1,2464.976,4 2,East,2,6,11
0,3,8,2,2465.618,4 3,East,2,6,11
0,3,8,2,2466.227,4 4,East,2,6,11
0,3,8,1,2466.912,4 4,North,2,6,11
0,3,8,1,2467.966,4 4,West,2,6,11
0,3,8,2,2469.327,4 3,West,2,6,11
0,3,8,2,2469.846,4 2,West,2,6,11
0,3,8,3,2470.481,4 2,North,2,6,11
0,3,8,2,2471.071,3 2,North,2,6,11
0,3,8,3,2471.619,3 2,East,2,6,11
0,3,8,1,2472.636,3 2,North,2,6,11
0,3,8,1,2473.246,3 2,West,2,6,11
0,3,8,2,2474.492,3 1,West,2,6,11
0,3,8,3,2475.503,3 1,North,2,6,11
0,3,8,2,2476.673,2 1,North,2,6,11
0,3,8,2,2478.161,1 1,North,2,6,11
0,3,8,1,2479.19,1 1,West,2,6,11
0,3,8,2,2479.907,1 0,West,2,6,11
0,3,8,1,2480.513,1 0,South,2,6,11
0,3,8,2,2481.263,2 0,South,2,6,11
0,3,8,2,2482.096,3 0,South,2,6,11
0,3,8,2,2482.887,4 0,South,2,6,11
0,3,8,1,2483.695,4 0,East,2,6,11
0,3,8,2,2484.305,4 1,East,2,6,11
0,3,8,1,2484.866,4 1,North,2,6,11
0,3,8,1,2485.662,4 1,West,2,6,11
0,3,8,2,2486.39,4 0,West,2,6,11
0,3,8,3,2486.965,4 0,North,2,6,11
0,3,8,2,2487.804,3 0,North,2,6,11
0,3,8,2,2488.662,2 0,North,2,6,11
0,3,8,2,2489.444,1 0,North,2,6,11
0,3,8,3,2490.13,1 0,East,2,6,11
0,3,8,2,2490.722,1 1,East,2,6,11
0,3,8,3,2491.346,1 1,South,2,6,11
0,3,8,2,2492.209,2 1,South,2,6,11
0,3,8,2,2493.134,3 1,South,2,6,11
0,3,8,1,2493.985,3 1,East,2,6,11
0,3,8,2,2494.85,3 2,East,2,6,11
0,3,8,3,2495.374,3 2,South,2,6,11
0,3,8,2,2496.405,4 2,South,2,6,11
0,3,8,1,2496.917,4 2,East,2,6,11
0,3,8,2,2497.63,4 3,East,2,6,11
0,3,8,2,2498.195,4 4,East,2,6,11
0,3,8,1,2499.124,4 4,North,2,6,11
0,3,8,2,2499.908,3 4,North,2,6,11
0,3,8,2,2500.429,2 4,North,2,6,11
0,3,8,2,2501.329,1 4,North,2,6,11
0,3,8,2,2501.886,0 4,North,2,6,11
0,3,8,1,2502.83,0 4,West,2,6,11
0,3,8,1,2503.523,0 4,South,2,6,11
0,3,8,2,2504.258,1 4,South,2,6,11
0,3,8,3,2504.787,1 4,West,2,6,11
0,3,8,2,2505.405,1 3,West,2,6,11
0,3,8,1,2505.932,1 3,South,2,6,11
0,3,8,2,2506.574,2 3,South,2,6,11
0,3,8,3,2507.174,2 3,West,2,6,11
0,3,8,2,2507.841,2 2,West,2,6,11
0,3,8,3,2508.381,2 2,North,2,6,11
0,3,8,2,2509.029,1 2,North,2,6,11
0,3,8,2,2509.55,0 2,North,2,6,11
0,3,8,1,2510.514,0 2,West,2,6,11
0,3,8,2,2511.295,0 1,West,2,6,11
0,3,8,6,2511.7,0 1,West,2,7,11
0,3,8,2,2511.953,0 0,West,2,7,11
0,3,8,3,2512.707,0 0,North,2,7,11
0,3,8,3,2513.421,0 0,East,2,7,11
0,3,8,2,2514.162,0 1,East,2,7,11
0,3,8,3,2514.819,0 1,South,2,7,11
0,3,8,1,2515.425,0 1,East,2,7,11
0,3,8,2,2516.06,0 2,East,2,7,11
0,3,8,3,2516.981,0 2,South,2,7,11
0,3,8,2,2517.628,1 2,South,2,7,11
0,3,8,2,2518.143,2 2,South,2,7,11
0,3,8,1,2518.783,2 2,East,2,7,11
0,3,8,2,2519.362,2 3,East,2,7,11
0,3,8,1,2520.243,2 3,North,2,7,11
0,3,8,2,2520.867,1 3,North,2,7,11
0,3,8,3,2521.539,1 3,East,2,7,11
0,3,8,2,2522.132,1 4,East,2,7,11
0,3,8,1,2523.316,1 4,North,2,7,11
0,3,8,2,2523.941,0 4,North,2,7,11
0,3,8,1,2524.495,0 4,West,2,7,11
0,3,8,1,2525.091,0 4,South,2,7,11
0,3,8,2,2525.952,1 4,South,2,7,11
0,3,8,2,2526.813,2 4,South,2,7,11
0,3,8,2,2528.629,3 4,South,2,7,11
0,3,8,6,2529,3 4,South,2,8,11
2,3,8,1,2533.039,4 4,West,2,0,0
2,3,8,3,2533.904,4 4,North,2,0,0
2,3,8,2,2535.264,3 4,North,2,0,0
2,3,8,2,2535.908,2 4,North,2,0,0
2,3,8,2,2537.425,1 4,North,2,0,0
2,3,8,1,2538.205,1 4,West,2,0,0
2,3,8,2,2540.43,1 3,West,2,0,0
2,3,8,1,2543.304,1 3,South,2,0,0
2,3,8,2,2543.965,2 3,South,2,0,0
2,3,8,3,2544.693,2 3,West,2,0,0
2,3,8,2,2545.267,2 2,West,2,0,0
2,3,8,3,2545.845,2 2,North,2,0,0
2,3,8,2,2546.579,1 2,North,2,0,0
2,3,8,2,2547.265,0 2,North,2,0,0
2,3,8,6,2547.66,0 2,North,2,1,0
2,3,8,1,2548.146,0 2,West,2,1,0
2,3,8,1,2548.766,0 2,South,2,1,0
2,3,8,2,2549.742,1 2,South,2,1,0
2,3,8,2,2550.366,2 2,South,2,1,0
2,3,8,1,2552.156,2 2,East,2,1,0
2,3,8,2,2552.816,2 3,East,2,1,0
2,3,8,1,2553.477,2 3,North,2,1,0
2,3,8,2,2554.192,1 3,North,2,1,0
2,3,8,3,2555.077,1 3,East,2,1,0
2,3,8,2,2556.003,1 4,East,2,1,0
2,3,8,3,2556.627,1 4,South,2,1,0
2,3,8,2,2557.299,2 4,South,2,1,0
2,3,8,2,2558.112,3 4,South,2,1,0
2,3,8,2,2558.796,4 4,South,2,1,0
2,3,8,3,2559.501,4 4,West,2,1,0
2,3,8,2,2560.332,4 3,West,2,1,0
2,3,8,2,2560.945,4 2,West,2,1,0
2,3,8,3,2561.727,4 2,North,2,1,0
2,3,8,2,2563.932,3 2,North,2,1,0
2,3,8,1,2564.879,3 2,West,2,1,0
2,3,8,2,2566.197,3 1,West,2,1,0
2,3,8,3,2566.9,3 1,North,2,1,0
2,3,8,2,2567.424,2 1,North,2,1,0
2,3,8,6,2567.8,2 1,North,2,2,0
2,3,8,1,2568.26,2 1,West,2,2,0
2,3,8,1,2569.47,2 1,South,2,2,0
2,3,8,1,2570.031,2 1,East,2,2,0
2,3,8,2,2571.764,2 1,East,2,2,1
2,3,8,3,2572.607,2 1,South,2,2,1
2,3,8,2,2573.332,3 1,South,2,2,1
2,3,8,1,2573.983,3 1,East,2,2,1
2,3,8,2,2575.136,3 2,East,2,2,1
2,3,8,3,2575.909,3 2,South,2,2,1
2,3,8,2,2576.916,4 2,South,2,2,1
2,3,8,1,2577.568,4 2,East,2,2,1
2,3,8,2,2578.39,4 3,East,2,2,1
2,3,8,2,2579.124,4 4,East,2,2,1
2,3,8,1,2579.791,4 4,North,2,2,1
2,3,8,2,2580.445,3 4,North,2,2,1
2,3,8,6,2580.84,3 4,North,2,3,1
2,3,8,1,2581.04,3 4,West,2,3,1
2,3,8,3,2581.824,3 4,North,2,3,1
2,3,8,2,2582.512,2 4,North,2,3,1
2,3,8,2,2583.125,1 4,North,2,3,1
2,3,8,2,2583.83,0 4,North,2,3,1
2,3,8,1,2584.446,0 4,West,2,3,1
2,3,8,2,2585.411,0 3,West,2,3,1
2,3,8,2,2586.033,0 3,West,2,3,2
2,3,8,3,2587.342,0 3,North,2,3,2
2,3,8,3,2587.889,0 3,East,2,3,2
2,3,8,2,2588.5,0 4,East,2,3,2
2,3,8,3,2589.027,0 4,South,2,3,2
2,3,8,2,2589.619,1 4,South,2,3,2
2,3,8,3,2590.261,1 4,West,2,3,2
2,3,8,2,2591.876,1 3,West,2,3,2
2,3,8,1,2593.556,1 3,South,2,3,2
2,3,8,2,2594.19,2 3,South,2,3,2
2,3,8,3,2594.831,2 3,West,2,3,2
2,3,8,2,2595.426,2 2,West,2,3,2
2,3,8,3,2596.033,2 2,North,2,3,2
2,3,8,2,2596.673,1 2,North,2,3,2
2,3,8,2,2597.215,0 2,North,2,3,2
2,3,8,1,2597.76,0 2,West,2,3,2
2,3,8,2,2598.373,0 1,West,2,3,2
2,3,8,6,2598.78,0 1,West,2,4,2
2,3,8,3,2598.96,0 1,North,2,4,2
2,3,8,3,2599.486,0 1,East,2,4,2
2,3,8,2,2600.145,0 2,East,2,4,2
2,3,8,3,2600.801,0 2,South,2,4,2
2,3,8,2,2601.396,1 2,South,2,4,2
2,3,8,2,2601.981,2 2,South,2,4,2
2,3,8,6,2602.36,2 2,South,2,5,2
2,3,8,1,2602.579,2 2,East,2,5,2
2,3,8,2,2603.173,2 3,East,2,5,2
2,3,8,1,2603.765,2 3,North,2,5,2
2,3,8,2,2604.404,1 3,North,2,5,2
2,3,8,3,2605.923,1 3,East,2,5,2
2,3,8,2,2606.543,1 4,East,2,5,2
2,3,8,3,2607.101,1 4,South,2,5,2
2,3,8,2,2607.733,2 4,South,2,5,2
2,3,8,3,2608.318,2 4,West,2,5,2
2,3,8,3,2611.631,2 4,North,2,5,2
2,3,8,1,2613.012,2 4,West,2,5,2
2,3,8,1,2613.873,2 4,South,2,5,2
2,3,8,2,2614.909,3 4,South,2,5,2
2,3,8,2,2615.556,4 4,South,2,5,2
2,3,8,3,2616.225,4 4,West,2,5,2
2,3,8,2,2616.87,4 3,West,2,5,2
2,3,8,2,2618.253,4 2,West,2,5,2
2,3,8,3,2618.866,4 2,North,2,5,2
2,3,8,2,2619.522,3 2,North,2,5,2
2,3,8,1,2621.108,3 2,West,2,5,2
2,3,8,2,2621.793,3 1,West,2,5,2
2,3,8,3,2622.437,3 1,North,2,5,2
2,3,8,2,2623.075,2 1,North,2,5,2
2,3,8,2,2623.588,1 1,North,2,5,2
2,3,8,6,2623.98,1 1,North,2,6,2
2,3,8,1,2624.287,1 1,West,2,6,2
2,3,8,1,2624.93,1 1,South,2,6,2
2,3,8,2,2625.747,2 1,South,2,6,2
2,3,8,2,2626.325,3 1,South,2,6,2
2,3,8,1,2627.234,3 1,East,2,6,2
2,3,8,2,2627.875,3 2,East,2,6,2
2,3,8,3,2630.052,3 2,South,2,6,2
2,3,8,2,2630.705,4 2,South,2,6,2
2,3,8,1,2631.282,4 2,East,2,6,2
2,3,8,2,2631.878,4 3,East,2,6,2
2,3,8,6,2632.28,4 3,East,2,7,2
2,3,8,1,2632.465,4 3,North,2,7,2
2,3,8,1,2633.037,4 3,West,2,7,2
2,3,8,2,2633.841,4 2,West,2,7,2
2,3,8,3,2634.674,4 2,North,2,7,2
2,3,8,2,2637.029,3 2,North,2,7,2
2,3,8,1,2637.632,3 2,West,2,7,2
2,3,8,2,2638.532,3 1,West,2,7,2
2,3,8,6,2638.94,3 1,West,2,8,2
0,3,9,2,2647.046,3 4,North,2,0,2
0,3,9,2,2647.582,2 4,North,2,0,2
0,3,9,2,2648.423,1 4,North,2,0,2
0,3,9,2,2648.996,0 4,North,2,0,2
0,3,9,1,2649.917,0 4,West,2,0,2
0,3,9,2,2650.543,0 3,West,2,0,2
0,3,9,3,2651.158,0 3,North,2,0,2
0,3,9,3,2651.741,0 3,East,2,0,2
0,3,9,3,2652.389,0 3,South,2,0,2
0,3,9,1,2652.965,0 3,East,2,0,2
0,3,9,2,2653.605,0 4,East,2,0,2
0,3,9,3,2654.207,0 4,South,2,0,2
0,3,9,2,2654.766,1 4,South,2,0,2
0,3,9,2,2655.437,2 4,South,2,0,2
0,3,9,2,2656.001,3 4,South,2,0,2
0,3,9,2,2656.833,4 4,South,2,0,2
0,3,9,3,2657.445,4 4,West,2,0,2
0,3,9,2,2658.077,4 3,West,2,0,2
0,3,9,2,2658.721,4 2,West,2,0,2
0,3,9,3,2659.628,4 2,North,2,0,2
0,3,9,3,2668.701,4 2,East,2,0,2
0,3,9,3,2669.265,4 2,South,2,0,2
0,3,9,3,2669.935,4 2,West,2,0,2
0,3,9,3,2670.836,4 2,North,2,0,2
0,3,9,2,2671.519,3 2,North,2,0,2
0,3,9,3,2672.237,3 2,East,2,0,2
0,3,9,2,2673.052,3 3,East,2,0,2
0,3,9,1,2673.731,3 3,North,2,0,2
0,3,9,1,2674.573,3 3,West,2,0,2
0,3,9,2,2675.223,3 2,West,2,0,2
0,3,9,2,2675.813,3 1,West,2,0,2
0,3,9,3,2676.405,3 1,North,2,0,2
0,3,9,2,2676.946,2 1,North,2,0,2
0,3,9,2,2677.458,1 1,North,2,0,2
0,3,9,1,2678.369,1 1,West,2,0,2
0,3,9,2,2678.975,1 0,West,2,0,2
0,3,9,1,2679.524,1 0,South,2,0,2
0,3,9,2,2680.158,2 0,South,2,0,2
0,3,9,2,2681.029,3 0,South,2,0,2
0,3,9,2,2681.627,4 0,South,2,0,2
0,3,9,1,2682.24,4 0,East,2,0,2
0,3,9,2,2682.847,4 1,East,2,0,2
0,3,9,3,2683.426,4 1,South,2,0,2
0,3,9,3,2684.309,4 1,West,2,0,2
0,3,9,2,2685.023,4 0,West,2,0,2
0,3,9,3,2685.89,4 0,North,2,0,2
0,3,9,2,2686.564,3 0,North,2,0,2
0,3,9,2,2687.23,2 0,North,2,0,2
0,3,9,2,2687.894,1 0,North,2,0,2
0,3,9,3,2688.559,1 0,East,2,0,2
0,3,9,2,2689.245,1 1,East,2,0,2
0,3,9,3,2690.08,1 1,South,2,0,2
0,3,9,2,2690.768,2 1,South,2,0,2
0,3,9,2,2691.382,3 1,South,2,0,2
0,3,9,1,2691.969,3 1,East,2,0,2
0,3,9,2,2692.623,3 2,East,2,0,2
0,3,9,3,2693.333,3 2,South,2,0,2
0,3,9,2,2694.229,4 2,South,2,0,2
0,3,9,1,2694.916,4 2,East,2,0,2
0,3,9,2,2695.79,4 3,East,2,0,2
0,3,9,2,2696.318,4 4,East,2,0,2
0,3,9,2,2696.914,4 4,East,2,0,2
0,3,9,1,2697.508,4 4,North,2,0,2
0,3,9,2,2698.357,3 4,North,2,0,2
0,3,9,2,2698.917,2 4,North,2,0,2
0,3,9,2,2699.573,1 4,North,2,0,2
0,3,9,1,2700.196,1 4,West,2,0,2
0,3,9,2,2700.766,1 3,West,2,0,2
0,3,9,1,2701.423,1 3,South,2,0,2
0,3,9,2,2702.275,2 3,South,2,0,2
0,3,9,6,2702.64,2 3,South,2,1,2
0,3,9,3,2702.867,2 3,West,2,1,2
0,3,9,2,2703.733,2 2,West,2,1,2
0,3,9,3,2704.354,2 2,North,2,1,2
0,3,9,2,2704.864,1 2,North,2,1,2
0,3,9,2,2705.78,0 2,North,2,1,2
0,3,9,1,2706.34,0 2,West,2,1,2
0,3,9,2,2706.995,0 1,West,2,1,2
0,3,9,2,2707.602,0 0,West,2,1,2
0,3,9,3,2708.322,0 0,North,2,1,2
0,3,9,3,2708.944,0 0,East,2,1,2
0,3,9,2,2709.549,0 1,East,2,1,2
0,3,9,2,2710.177,0 2,East,2,1,2
0,3,9,3,2710.738,0 2,South,2,1,2
0,3,9,2,2711.359,1 2,South,2,1,2
0,3,9,2,2711.942,2 2,South,2,1,2
0,3,9,1,2712.801,2 2,East,2,1,2
0,3,9,2,2713.461,2 3,East,2,1,2
0,3,9,1,2714.128,2 3,North,2,1,2
0,3,9,2,2714.694,1 3,North,2,1,2
0,3,9,3,2715.301,1 3,East,2,1,2
0,3,9,2,2715.874,1 4,East,2,1,2
0,3,9,1,2716.558,1 4,North,2,1,2
0,3,9,1,2717.281,1 4,West,2,1,2
0,3,9,3,2718.084,1 4,North,2,1,2
0,3,9,3,2718.913,1 4,East,2,1,2
0,3,9,3,2719.489,1 4,South,2,1,2
0,3,9,2,2720.142,2 4,South,2,1,2
0,3,9,2,2720.709,3 4,South,2,1,2
0,3,9,2,2721.412,4 4,South,2,1,2
0,3,9,3,2721.969,4 4,West,2,1,2
0,3,9,2,2722.544,4 3,West,2,1,2
0,3,9,3,2723.103,4 3,North,2,1,2
0,3,9,1,2723.631,4 3,West,2,1,2
0,3,9,2,2724.511,4 2,West,2,1,2
0,3,9,3,2725.383,4 2,North,2,1,2
0,3,9,2,2725.932,3 2,North,2,1,2
0,3,9,1,2726.74,3 2,West,2,1,2
0,3,9,2,2727.309,3 1,West,2,1,2
0,3,9,3,2727.871,3 1,North,2,1,2
0,3,9,2,2728.669,2 1,North,2,1,2
0,3,9,2,2729.597,1 1,North,2,1,2
0,3,9,1,2730.197,1 1,West,2,1,2
0,3,9,2,2731.062,1 0,West,2,1,2
0,3,9,1,2731.649,1 0,South,2,1,2
0,3,9,2,2732.176,2 0,South,2,1,2
0,3,9,2,2733.01,3 0,South,2,1,2
0,3,9,2,2733.556,4 0,South,2,1,2
0,3,9,6,2733.94,4 0,South,2,2,2
0,3,9,1,2734.117,4 0,East,2,2,2
0,3,9,1,2734.629,4 0,North,2,2,2
0,3,9,2,2735.143,3 0,North,2,2,2
0,3,9,2,2735.888,2 0,North,2,2,2
0,3,9,2,2736.647,1 0,North,2,2,2
0,3,9,3,2737.187,1 0,East,2,2,2
0,3,9,2,2737.826,1 1,East,2,2,2
0,3,9,3,2738.721,1 1,South,2,2,2
0,3,9,2,2739.383,2 1,South,2,2,2
0,3,9,2,2740.227,3 1,South,2,2,2
0,3,9,1,2740.853,3 1,East,2,2,2
0,3,9,2,2741.493,3 2,East,2,2,2
0,3,9,3,2742.053,3 2,South,2,2,2
0,3,9,2,2742.66,4 2,South,2,2,2
0,3,9,1,2743.202,4 2,East,2,2,2
0,3,9,2,2743.748,4 3,East,2,2,2
0,3,9,2,2744.896,4 4,East,2,2,2
0,3,9,1,2745.533,4 4,North,2,2,2
0,3,9,2,2746.081,3 4,North,2,2,2
0,3,9,2,2746.611,2 4,North,2,2,2
0,3,9,2,2747.315,1 4,North,2,2,2
0,3,9,2,2747.846,0 4,North,2,2,2
0,3,9,1,2748.782,0 4,West,2,2,2
0,3,9,1,2749.524,0 4,South,2,2,2
0,3,9,2,2750.085,1 4,South,2,2,2
0,3,9,3,2750.965,1 4,West,2,2,2
0,3,9,2,2751.571,1 3,West,2,2,2
0,3,9,1,2752.125,1 3,South,2,2,2
0,3,9,2,2752.799,2 3,South,2,2,2
0,3,9,3,2753.33,2 3,West,2,2,2
0,3,9,2,2753.889,2 2,West,2,2,2
0,3,9,6,2754.3,2 2,West,2,3,2
0,3,9,3,2754.82,2 2,North,2,3,2
0,3,9,2,2755.412,1 2,North,2,3,2
0,3,9,2,2755.942,0 2,North,2,3,2
0,3,9,1,2757.063,0 2,West,2,3,2
0,3,9,1,2757.637,0 2,South,2,3,2
0,3,9,2,2758.305,1 2,South,2,3,2
0,3,9,2,2758.899,2 2,South,2,3,2
0,3,9,1,2759.718,2 2,East,2,3,2
0,3,9,2,2760.373,2 3,East,2,3,2
0,3,9,1,2761.334,2 3,North,2,3,2
0,3,9,2,2761.996,1 3,North,2,3,2
0,3,9,3,2762.612,1 3,East,2,3,2
0,3,9,2,2763.14,1 4,East,2,3,2
0,3,9,1,2764.015,1 4,North,2,3,2
0,3,9,1,2764.726,1 4,West,2,3,2
0,3,9,1,2765.298,1 4,South,2,3,2
0,3,9,2,2766.003,2 4,South,2,3,2
0,3,9,2,2766.863,3 4,South,2,3,2
0,3,9,2,2767.558,4 4,South,2,3,2
0,3,9,3,2768.144,4 4,West,2,3,2
0,3,9,2,2769.119,4 3,West,2,3,2
0,3,9,2,2769.932,4 2,West,2,3,2
0,3,9,3,2770.846,4 2,North,2,3,2
0,3,9,2,2771.776,3 2,North,2,3,2
0,3,9,3,2772.5,3 2,East,2,3,2
0,3,9,1,2773.344,3 2,North,2,3,2
0,3,9,1,2773.873,3 2,West,2,3,2
0,3,9,2,2774.661,3 1,West,2,3,2
0,3,9,3,2775.984,3 1,North,2,3,2
0,3,9,2,2776.62,2 1,North,2,3,2
0,3,9,2,2777.214,1 1,North,2,3,2
0,3,9,1,2777.861,1 1,West,2,3,2
0,3,9,2,2778.925,1 0,West,2,3,2
0,3,9,1,2779.494,1 0,South,2,3,2
0,3,9,2,2780.194,2 0,South,2,3,2
0,3,9,2,2781.077,3 0,South,2,3,2
0,3,9,2,2781.596,4 0,South,2,3,2
0,3,9,1,2782.292,4 0,East,2,3,2
0,3,9,2,2782.806,4 1,East,2,3,2
0,3,9,6,2783.22,4 1,East,2,4,2
0,3,9,3,2783.702,4 1,South,2,4,2
0,3,9,3,2784.24,4 1,West,2,4,2
0,3,9,2,2784.796,4 0,West,2,4,2
0,3,9,3,2785.314,4 0,North,2,4,2
0,3,9,2,2786.324,3 0,North,2,4,2
0,3,9,6,2786.7,3 0,North,2,5,2
0,3,9,2,2786.974,2 0,North,2,5,2
0,3,9,3,2787.732,2 0,East,2,5,2
0,3,9,1,2788.676,2 0,North,2,5,2
0,3,9,2,2789.299,1 0,North,2,5,2
0,3,9,3,2789.917,1 0,East,2,5,2
0,3,9,2,2790.547,1 1,East,2,5,2
0,3,9,3,2791.157,1 1,South,2,5,2
0,3,9,2,2791.862,2 1,South,2,5,2
0,3,9,2,2792.546,3 1,South,2,5,2
0,3,9,1,2793.506,3 1,East,2,5,2
0,3,9,2,2794.35,3 2,East,2,5,2
0,3,9,3,2795.126,3 2,South,2,5,2
0,3,9,2,2795.712,4 2,South,2,5,2
0,3,9,1,2796.318,4 2,East,2,5,2
0,3,9,2,2796.845,4 3,East,2,5,2
0,3,9,2,2797.442,4 4,East,2,5,2
0,3,9,1,2798.047,4 4,North,2,5,2
0,3,9,2,2798.575,3 4,North,2,5,2
0,3,9,2,2799.393,2 4,North,2,5,2
0,3,9,2,2800.244,1 4,North,2,5,2
0,3,9,2,2800.908,0 4,North,2,5,2
0,3,9,6,2801.28,0 4,North,2,6,2
0,3,9,1,2801.554,0 4,West,2,6,2
0,3,9,1,2802.212,0 4,South,2,6,2
0,3,9,2,2802.78,1 4,South,2,6,2
0,3,9,3,2803.406,1 4,West,2,6,2
0,3,9,2,2804.368,1 3,West,2,6,2
0,3,9,1,2804.95,1 3,South,2,6,2
0,3,9,2,2805.47,2 3,South,2,6,2
0,3,9,3,2805.99,2 3,West,2,6,2
0,3,9,2,2806.533,2 2,West,2,6,2
0,3,9,3,2807.454,2 2,North,2,6,2
0,3,9,2,2808.004,1 2,North,2,6,2
0,3,9,2,2808.898,0 2,North,2,6,2
0,3,9,1,2809.524,0 2,West,2,6,2
0,3,9,1,2810.375,0 2,South,2,6,2
0,3,9,2,2810.998,1 2,South,2,6,2
0,3,9,2,2811.648,2 2,South,2,6,2
0,3,9,1,2812.237,2 2,East,2,6,2
0,3,9,2,2812.865,2 3,East,2,6,2
0,3,9,1,2813.377,2 3,North,2,6,2
0,3,9,2,2814.148,1 3,North,2,6,2
0,3,9,3,2814.703,1 3,East,2,6,2
0,3,9,2,2815.278,1 4,East,2,6,2
0,3,9,3,2815.797,1 4,South,2,6,2
0,3,9,2,2816.352,2 4,South,2,6,2
0,3,9,2,2816.863,3 4,South,2,6,2
0,3,9,2,2817.423,4 4,South,2,6,2
0,3,9,3,2818.147,4 4,West,2,6,2
0,3,9,3,2819.125,4 4,North,2,6,2
0,3,9,2,2819.79,3 4,North,2,6,2
0,3,9,2,2820.736,2 4,North,2,6,2
0,3,9,2,2821.39,1 4,North,2,6,2
0,3,9,2,2821.955,0 4,North,2,6,2
0,3,9,1,2822.482,0 4,West,2,6,2
0,3,9,3,2823.108,0 4,North,2,6,2
0,3,9,3,2823.619,0 4,East,2,6,2
0,3,9,3,2824.48,0 4,South,2,6,2
0,3,9,2,2825.028,1 4,South,2,6,2
0,3,9,3,2825.889,1 4,West,2,6,2
0,3,9,2,2826.416,1 3,West,2,6,2
0,3,9,1,2826.96,1 3,South,2,6,2
0,3,9,2,2827.52,2 3,South,2,6,2
0,3,9,3,2828.039,2 3,West,2,6,2
0,3,9,2,2828.579,2 2,West,2,6,2
0,3,9,3,2829.502,2 2,North,2,6,2
0,3,9,2,2830.143,1 2,North,2,6,2
0,3,9,2,2830.801,0 2,North,2,6,2
0,3,9,1,2831.505,0 2,West,2,6,2
0,3,9,1,2832.212,0 2,South,2,6,2
0,3,9,2,2832.815,1 2,South,2,6,2
0,3,9,2,2833.38,2 2,South,2,6,2
0,3,9,1,2833.921,2 2,East,2,6,2
0,3,9,2,2834.5,2 3,East,2,6,2
0,3,9,1,2835.414,2 3,North,2,6,2
0,3,9,2,2836.05,1 3,North,2,6,2
0,3,9,3,2836.625,1 3,East,2,6,2
0,3,9,2,2837.519,1 4,East,2,6,2
0,3,9,3,2838.097,1 4,South,2,6,2
0,3,9,2,2838.673,2 4,South,2,6,2
0,3,9,2,2839.476,3 4,South,2,6,2
0,3,9,2,2840.11,4 4,South,2,6,2
0,3,9,3,2840.686,4 4,West,2,6,2
0,3,9,2,2841.265,4 3,West,2,6,2
0,3,9,2,2842.224,4 2,West,2,6,2
0,3,9,3,2842.821,4 2,North,2,6,2
0,3,9,2,2843.792,3 2,North,2,6,2
0,3,9,3,2844.304,3 2,East,2,6,2
0,3,9,2,2845.073,3 3,East,2,6,2
0,3,9,1,2845.821,3 3,North,2,6,2
0,3,9,1,2846.381,3 3,West,2,6,2
0,3,9,2,2847.024,3 2,West,2,6,2
0,3,9,1,2849.685,3 2,South,2,6,2
0,3,9,2,2850.227,4 2,South,2,6,2
0,3,9,3,2850.885,4 2,West,2,6,2
0,3,9,3,2851.981,4 2,North,2,6,2
0,3,9,2,2852.708,3 2,North,2,6,2
0,3,9,1,2853.333,3 2,West,2,6,2
0,3,9,2,2854.069,3 1,West,2,6,2
0,3,9,3,2854.639,3 1,North,2,6,2
0,3,9,2,2855.318,2 1,North,2,6,2
0,3,9,2,2855.919,1 1,North,2,6,2
0,3,9,6,2856.3,1 1,North,2,7,2
0,3,9,1,2856.501,1 1,West,2,7,2
0,3,9,2,2857.11,1 0,West,2,7,2
0,3,9,1,2857.667,1 0,South,2,7,2
0,3,9,2,2858.452,2 0,South,2,7,2
0,3,9,2,2859.057,3 0,South,2,7,2
0,3,9,2,2859.615,4 0,South,2,7,2
0,3,9,1,2860.525,4 0,East,2,7,2
0,3,9,1,2861.074,4 0,North,2,7,2
0,3,9,2,2861.745,3 0,North,2,7,2
0,3,9,2,2862.541,2 0,North,2,7,2
0,3,9,2,2863.276,1 0,North,2,7,2
0,3,9,3,2863.904,1 0,East,2,7,2
0,3,9,2,2864.513,1 1,East,2,7,2
0,3,9,3,2865.061,1 1,South,2,7,2
0,3,9,2,2865.602,2 1,South,2,7,2
0,3,9,2,2866.437,3 1,South,2,7,2
0,3,9,1,2867.056,3 1,East,2,7,2
0,3,9,2,2867.647,3 2,East,2,7,2
0,3,9,3,2868.309,3 2,South,2,7,2
0,3,9,2,2868.866,4 2,South,2,7,2
0,3,9,1,2869.645,4 2,East,2,7,2
0,3,9,2,2870.191,4 3,East,2,7,2
0,3,9,2,2870.71,4 4,East,2,7,2
0,3,9,1,2871.295,4 4,North,2,7,2
0,3,9,2,2871.825,3 4,North,2,7,2
0,3,9,2,2872.678,2 4,North,2,7,2
0,3,9,2,2873.393,1 4,North,2,7,2
0,3,9,6,2873.78,1 4,North,2,8,2
2,3,9,1,2877.029,4 4,West,2,0,0
2,3,9,2,2878.273,4 3,West,2,0,0
2,3,9,2,2880.084,4 2,West,2,0,0
2,3,9,3,2880.717,4 2,North,2,0,0
2,3,9,2,2881.392,3 2,North,2,0,0
2,3,9,1,2882.062,3 2,West,2,0,0
2,3,9,3,2884.67,3 2,North,2,0,0
2,3,9,3,2885.729,3 2,East,2,0,0
2,3,9,3,2886.629,3 2,South,2,0,0
2,3,9,1,2887.59,3 2,East,2,0,0
2,3,9,1,2888.334,3 2,North,2,0,0
2,3,9,3,2890.484,3 2,East,2,0,0
2,3,9,3,2891.606,3 2,South,2,0,0
2,3,9,2,2892.451,4 2,South,2,0,0
2,3,9,1,2893.056,4 2,East,2,0,0
2,3,9,1,2893.782,4 2,North,2,0,0
2,3,9,2,2895.184,3 2,North,2,0,0
2,3,9,1,2895.923,3 2,West,2,0,0
2,3,9,2,2896.606,3 1,West,2,0,0
2,3,9,3,2897.286,3 1,North,2,0,0
2,3,9,2,2898.721,2 1,North,2,0,0
2,3,9,2,2899.344,1 1,North,2,0,0
2,3,9,1,2900.013,1 1,West,2,0,0
2,3,9,2,2901.123,1 0,West,2,0,0
2,3,9,1,2901.742,1 0,South,2,0,0
2,3,9,2,2902.492,2 0,South,2,0,0
2,3,9,2,2903.045,3 0,South,2,0,0
2,3,9,2,2903.58,4 0,South,2,0,0
2,3,9,1,2904.126,4 0,East,2,0,0
2,3,9,2,2904.678,4 1,East,2,0,0
2,3,9,6,2905.1,4 1,East,2,1,0
2,3,9,3,2905.678,4 1,South,2,1,0
2,3,9,3,2906.224,4 1,West,2,1,0
2,3,9,2,2906.883,4 0,West,2,1,0
2,3,9,3,2907.776,4 0,North,2,1,0
2,3,9,2,2908.317,3 0,North,2,1,0
2,3,9,2,2909.313,2 0,North,2,1,0
2,3,9,2,2910.085,1 0,North,2,1,0
2,3,9,3,2910.866,1 0,East,2,1,0
2,3,9,2,2911.486,1 1,East,2,1,0
2,3,9,3,2912.143,1 1,South,2,1,0
2,3,9,2,2913.214,2 1,South,2,1,0
2,3,9,2,2913.811,3 1,South,2,1,0
2,3,9,1,2914.686,3 1,East,2,1,0
2,3,9,2,2915.396,3 2,East,2,1,0
2,3,9,3,2916.021,3 2,South,2,1,0
2,3,9,2,2916.671,4 2,South,2,1,0
2,3,9,1,2917.216,4 2,East,2,1,0
2,3,9,2,2917.805,4 3,East,2,1,0
2,3,9,2,2918.325,4 4,East,2,1,0
2,3,9,1,2918.853,4 4,North,2,1,0
2,3,9,2,2919.407,3 4,North,2,1,0
2,3,9,2,2920.276,2 4,North,2,1,0
2,3,9,2,2920.878,1 4,North,2,1,0
2,3,9,2,2921.616,0 4,North,2,1,0
2,3,9,6,2922,0 4,North,2,2,0
2,3,9,1,2922.324,0 4,West,2,2,0
2,3,9,1,2922.927,0 4,South,2,2,0
2,3,9,2,2923.547,1 4,South,2,2,0
2,3,9,3,2924.432,1 4,West,2,2,0
2,3,9,2,2925.414,1 3,West,2,2,0
2,3,9,1,2926.022,1 3,South,2,2,0
2,3,9,2,2926.548,2 3,South,2,2,0
2,3,9,6,2926.92,2 3,South,2,3,0
2,3,9,3,2927.093,2 3,West,2,3,0
2,3,9,3,2927.982,2 3,North,2,3,0
2,3,9,2,2928.64,1 3,North,2,3,0
2,3,9,3,2929.173,1 3,East,2,3,0
2,3,9,2,2929.773,1 4,East,2,3,0
2,3,9,3,2930.322,1 4,South,2,3,0
2,3,9,2,2930.833,2 4,South,2,3,0
2,3,9,2,2931.409,3 4,South,2,3,0
2,3,9,2,2931.958,4 4,South,2,3,0
2,3,9,3,2932.655,4 4,West,2,3,0
2,3,9,2,2933.762,4 3,West,2,3,0
2,3,9,2,2934.573,4 2,West,2,3,0
2,3,9,3,2935.215,4 2,North,2,3,0
2,3,9,2,2936.454,3 2,North,2,3,0
2,3,9,1,2937.245,3 2,West,2,3,0
2,3,9,2,2937.831,3 1,West,2,3,0
2,3,9,3,2938.45,3 1,North,2,3,0
2,3,9,2,2939.031,2 1,North,2,3,0
2,3,9,2,2939.552,1 1,North,2,3,0
2,3,9,1,2940.468,1 1,West,2,3,0
2,3,9,2,2941.119,1 0,West,2,3,0
2,3,9,1,2941.684,1 0,South,2,3,0
2,3,9,2,2942.323,2 0,South,2,3,0
2,3,9,2,2943.167,3 0,South,2,3,0
2,3,9,2,2943.809,4 0,South,2,3,0
2,3,9,6,2944.18,4 0,South,2,4,0
2,3,9,1,2944.418,4 0,East,2,4,0
2,3,9,1,2945.029,4 0,North,2,4,0
2,3,9,2,2945.698,3 0,North,2,4,0
2,3,9,2,2946.305,2 0,North,2,4,0
2,3,9,2,2947.04,1 0,North,2,4,0
2,3,9,3,2947.636,1 0,East,2,4,0
2,3,9,2,2948.238,1 1,East,2,4,0
2,3,9,3,2948.853,1 1,South,2,4,0
2,3,9,2,2949.44,2 1,South,2,4,0
2,3,9,2,2949.998,3 1,South,2,4,0
2,3,9,1,2950.56,3 1,East,2,4,0
2,3,9,2,2951.19,3 2,East,2,4,0
2,3,9,6,2951.6,3 2,East,2,5,0
2,3,9,3,2951.78,3 2,South,2,5,0
2,3,9,2,2952.466,4 2,South,2,5,0
2,3,9,1,2953.326,4 2,East,2,5,0
2,3,9,2,2953.955,4 3,East,2,5,0
2,3,9,2,2954.93,4 4,East,2,5,0
2,3,9,2,2955.605,4 4,East,2,5,0
2,3,9,1,2956.35,4 4,North,2,5,0
2,3,9,1,2957.075,4 4,West,2,5,0
2,3,9,2,2958.822,4 3,West,2,5,0
2,3,9,2,2959.954,4 2,West,2,5,0
2,3,9,3,2960.785,4 2,North,2,5,0
2,3,9,2,2961.39,3 2,North,2,5,0
2,3,9,1,2962.288,3 2,West,2,5,0
2,3,9,2,2963.139,3 1,West,2,5,0
2,3,9,3,2964.157,3 1,North,2,5,0
2,3,9,2,2966.658,2 1,North,2,5,0
2,3,9,2,2967.298,1 1,North,2,5,0
2,3,9,1,2967.99,1 1,West,2,5,0
2,3,9,2,2969.075,1 0,West,2,5,0
2,3,9,1,2969.651,1 0,South,2,5,0
2,3,9,2,2970.197,2 0,South,2,5,0
2,3,9,6,2970.58,2 0,South,2,6,0
2,3,9,3,2970.993,2 0,West,2,6,0
2,3,9,3,2971.974,2 0,North,2,6,0
2,3,9,2,2972.895,1 0,North,2,6,0
2,3,9,3,2973.501,1 0,East,2,6,0
2,3,9,2,2974.383,1 1,East,2,6,0
2,3,9,3,2974.962,1 1,South,2,6,0
2,3,9,2,2975.646,2 1,South,2,6,0
2,3,9,2,2976.244,3 1,South,2,6,0
2,3,9,1,2977.071,3 1,East,2,6,0
2,3,9,2,2978.982,3 2,East,2,6,0
2,3,9,3,2979.716,3 2,South,2,6,0
2,3,9,2,2980.644,4 2,South,2,6,0
2,3,9,1,2981.248,4 2,East,2,6,0
2,3,9,2,2981.988,4 3,East,2,6,0
2,3,9,2,2982.692,4 4,East,2,6,0
2,3,9,1,2983.327,4 4,North,2,6,0
2,3,9,2,2983.902,3 4,North,2,6,0
2,3,9,2,2984.464,2 4,North,2,6,0
2,3,9,6,2984.86,2 4,North,2,7,0
2,3,9,1,2985.025,2 4,West,2,7,0
2,3,9,1,2985.78,2 4,South,2,7,0
2,3,9,2,2986.428,3 4,South,2,7,0
2,3,9,2,2987.106,4 4,South,2,7,0
2,3,9,3,2987.682,4 4,West,2,7,0
2,3,9,2,2989.62,4 3,West,2,7,0
2,3,9,2,2990.212,4 2,West,2,7,0
2,3,9,3,2990.885,4 2,North,2,7,0
2,3,9,2,2991.492,3 2,North,2,7,0
2,3,9,1,2992.894,3 2,West,2,7,0
2,3,9,2,2993.597,3 1,West,2,7,0
2,3,9,3,2994.21,3 1,North,2,7,0
2,3,9,2,2995.54,2 1,North,2,7,0
2,3,9,2,2997.603,1 1,North,2,7,0
2,3,9,1,2998.146,1 1,West,2,7,0
2,3,9,2,2998.797,1 0,West,2,7,0
2,3,9,1,2999.342,1 0,South,2,7,0
2,3,9,2,2999.936,2 0,South,2,7,0
2,3,9,2,3000.47,3 0,South,2,7,0
2,3,9,6,3000.84,3 0,South,2,8,0
0,4,10,2,3003.345,3 4,North,2,0,0
0,4,10,3,3004.558,3 4,East,2,0,0
0,4,10,2,3005.15,3 4,East,2,0,0
0,4,10,2,3005.645,3 4,East,2,0,0
0,4,10,1,3006.062,3 4,North,2,0,0
0,4,10,2,3006.832,2 4,North,2,0,0
0,4,10,2,3007.761,1 4,North,2,0,0
0,4,10,1,3008.413,1 4,West,2,0,0
0,4,10,2,3009.008,1 3,West,2,0,0
0,4,10,1,3009.889,1 3,South,2,0,0
0,4,10,2,3010.534,2 3,South,2,0,0
0,4,10,3,3011.093,2 3,West,2,0,0
0,4,10,2,3011.681,2 2,West,2,0,0
0,4,10,3,3012.564,2 2,North,2,0,0
0,4,10,2,3013.174,1 2,North,2,0,0
0,4,10,2,3013.712,0 2,North,2,0,0
0,4,10,1,3014.446,0 2,West,2,0,0
0,4,10,1,3014.993,0 2,South,2,0,0
0,4,10,2,3015.622,1 2,South,2,0,0
0,4,10,2,3016.214,2 2,South,2,0,0
0,4,10,1,3017.121,2 2,East,2,0,0
0,4,10,2,3017.708,2 3,East,2,0,0
0,4,10,1,3018.588,2 3,North,2,0,0
0,4,10,2,3019.233,1 3,North,2,0,0
0,4,10,3,3019.78,1 3,East,2,0,0
0,4,10,2,3020.414,1 4,East,2,0,0
0,4,10,3,3020.947,1 4,South,2,0,0
0,4,10,2,3021.542,2 4,South,2,0,0
0,4,10,2,3022.256,3 4,South,2,0,0
0,4,10,2,3022.803,4 4,South,2,0,0
0,4,10,3,3023.683,4 4,West,2,0,0
0,4,10,3,3024.335,4 4,North,2,0,0
0,4,10,1,3025.138,4 4,West,2,0,0
0,4,10,2,3025.794,4 3,West,2,0,0
0,4,10,2,3026.447,4 2,West,2,0,0
0,4,10,3,3026.976,4 2,North,2,0,0
0,4,10,2,3027.503,3 2,North,2,0,0
0,4,10,1,3028.336,3 2,West,2,0,0
0,4,10,2,3029.027,3 1,West,2,0,0
0,4,10,3,3029.633,3 1,North,2,0,0
0,4,10,2,3030.259,2 1,North,2,0,0
0,4,10,2,3030.818,1 1,North,2,0,0
0,4,10,6,3031.2,1 1,North,2,1,0
0,4,10,1,3031.342,1 1,West,2,1,0
0,4,10,2,3031.889,1 0,West,2,1,0
0,4,10,1,3033.153,1 0,South,2,1,0
0,4,10,2,3034.062,2 0,South,2,1,0
0,4,10,2,3034.638,3 0,South,2,1,0
0,4,10,2,3035.166,4 0,South,2,1,0
0,4,10,1,3035.966,4 0,East,2,1,0
0,4,10,1,3036.705,4 0,North,2,1,0
0,4,10,2,3037.315,3 0,North,2,1,0
0,4,10,2,3037.903,2 0,North,2,1,0
0,4,10,3,3038.725,2 0,East,2,1,0
0,4,10,1,3039.55,2 0,North,2,1,0
0,4,10,2,3040.225,1 0,North,2,1,0
0,4,10,3,3040.801,1 0,East,2,1,0
0,4,10,2,3041.414,1 1,East,2,1,0
0,4,10,3,3042.323,1 1,South,2,1,0
0,4,10,2,3042.881,2 1,South,2,1,0
0,4,10,2,3043.89,3 1,South,2,1,0
0,4,10,1,3044.518,3 1,East,2,1,0
0,4,10,2,3045.071,3 2,East,2,1,0
0,4,10,3,3045.63,3 2,South,2,1,0
0,4,10,2,3046.23,4 2,South,2,1,0
0,4,10,1,3047.057,4 2,East,2,1,0
0,4,10,2,3047.876,4 3,East,2,1,0
0,4,10,2,3048.416,4 4,East,2,1,0
0,4,10,1,3049.229,4 4,North,2,1,0
0,4,10,2,3049.778,3 4,North,2,1,0
0,4,10,2,3050.483,2 4,North,2,1,0
0,4,10,2,3051.222,1 4,North,2,1,0
0,4,10,2,3051.827,0 4,North,2,1,0
0,4,10,6,3052.2,0 4,North,2,2,0
0,4,10,1,3052.482,0 4,West,2,2,0
0,4,10,1,3053.022,0 4,South,2,2,0
0,4,10,2,3053.942,1 4,South,2,2,0
0,4,10,3,3054.917,1 4,West,2,2,0
0,4,10,2,3055.811,1 3,West,2,2,0
0,4,10,1,3056.437,1 3,South,2,2,0
0,4,10,2,3057.027,2 3,South,2,2,0
0,4,10,3,3057.855,2 3,West,2,2,0
0,4,10,2,3058.405,2 2,West,2,2,0
0,4,10,3,3059.181,2 2,North,2,2,0
0,4,10,2,3059.741,1 2,North,2,2,0
0,4,10,2,3060.272,0 2,North,2,2,0
0,4,10,1,3061.037,0 2,West,2,2,0
0,4,10,2,3061.604,0 1,West,2,2,0
0,4,10,1,3062.194,0 1,South,2,2,0
0,4,10,1,3063.039,0 1,East,2,2,0
0,4,10,2,3063.823,0 2,East,2,2,0
0,4,10,3,3064.356,0 2,South,2,2,0
0,4,10,2,3064.977,1 2,South,2,2,0
0,4,10,2,3065.521,2 2,South,2,2,0
0,4,10,1,3066.38,2 2,East,2,2,0
0,4,10,2,3067.042,2 3,East,2,2,0
0,4,10,1,3067.937,2 3,North,2,2,0
0,4,10,2,3068.621,1 3,North,2,2,0
0,4,10,3,3069.217,1 3,East,2,2,0
0,4,10,2,3070.11,1 4,East,2,2,0
0,4,10,3,3070.676,1 4,South,2,2,0
0,4,10,2,3071.518,2 4,South,2,2,0
0,4,10,2,3072.384,3 4,South,2,2,0
0,4,10,2,3073.008,4 4,South,2,2,0
0,4,10,3,3073.587,4 4,West,2,2,0
0,4,10,2,3074.126,4 3,West,2,2,0
0,4,10,3,3074.703,4 3,North,2,2,0
0,4,10,1,3075.565,4 3,West,2,2,0
0,4,10,2,3076.193,4 2,West,2,2,0
0,4,10,3,3077.133,4 2,North,2,2,0
0,4,10,2,3077.811,3 2,North,2,2,0
0,4,10,1,3078.323,3 2,West,2,2,0
0,4,10,2,3079.138,3 1,West,2,2,0
0,4,10,3,3079.741,3 1,North,2,2,0
0,4,10,2,3080.69,2 1,North,2,2,0
0,4,10,6,3081.08,2 1,North,2,3,0
0,4,10,2,3081.285,1 1,North,2,3,0
0,4,10,1,3081.903,1 1,West,2,3,0
0,4,10,2,3082.845,1 0,West,2,3,0
0,4,10,1,3083.492,1 0,South,2,3,0
0,4,10,2,3084.07,2 0,South,2,3,0
0,4,10,3,3085.293,2 0,West,2,3,0
0,4,10,3,3085.859,2 0,North,2,3,0
0,4,10,2,3086.495,1 0,North,2,3,0
0,4,10,3,3087.138,1 0,East,2,3,0
0,4,10,2,3087.698,1 1,East,2,3,0
0,4,10,3,3088.349,1 1,South,2,3,0
0,4,10,2,3089.233,2 1,South,2,3,0
0,4,10,2,3090.801,3 1,South,2,3,0
0,4,10,1,3091.429,3 1,East,2,3,0
0,4,10,2,3092,3 2,East,2,3,0
0,4,10,3,3092.64,3 2,South,2,3,0
0,4,10,2,3093.182,4 2,South,2,3,0
0,4,10,1,3093.795,4 2,East,2,3,0
0,4,10,2,3094.321,4 3,East,2,3,0
0,4,10,6,3094.74,4 3,East,2,4,0
0,4,10,1,3095.429,4 3,North,2,4,0
0,4,10,1,3096.085,4 3,West,2,4,0
0,4,10,2,3096.701,4 2,West,2,4,0
0,4,10,3,3097.348,4 2,North,2,4,0
0,4,10,2,3098.264,3 2,North,2,4,0
0,4,10,1,3098.901,3 2,West,2,4,0
0,4,10,2,3099.521,3 1,West,2,4,0
0,4,10,6,3099.94,3 1,West,2,5,0
0,4,10,3,3100.34,3 1,North,2,5,0
0,4,10,3,3101.043,3 1,East,2,5,0
0,4,10,2,3101.951,3 2,East,2,5,0
0,4,10,3,3102.465,3 2,South,2,5,0
0,4,10,2,3103.136,4 2,South,2,5,0
0,4,10,1,3103.774,4 2,East,2,5,0
0,4,10,2,3104.371,4 3,East,2,5,0
0,4,10,2,3104.892,4 4,East,2,5,0
0,4,10,1,3105.602,4 4,North,2,5,0
0,4,10,2,3106.238,3 4,North,2,5,0
0,4,10,2,3106.785,2 4,North,2,5,0
0,4,10,6,3107.16,2 4,North,2,6,0
0,4,10,2,3107.395,1 4,North,2,6,0
0,4,10,6,3107.78,1 4,North,2,7,0
0,4,10,2,3108.037,0 4,North,2,7,0
0,4,10,1,3109.441,0 4,West,2,7,0
0,4,10,1,3109.983,0 4,South,2,7,0
0,4,10,2,3110.75,1 4,South,2,7,0
0,4,10,3,3111.639,1 4,West,2,7,0
0,4,10,2,3112.24,1 3,West,2,7,0
0,4,10,1,3112.819,1 3,South,2,7,0
0,4,10,2,3116.177,2 3,South,2,7,0
0,4,10,6,3116.56,2 3,South,2,8,0
2,4,10,1,3119.999,4 4,West,2,0,0
2,4,10,3,3121.942,4 4,North,2,0,0
2,4,10,2,3122.67,3 4,North,2,0,0
2,4,10,2,3123.508,2 4,North,2,0,0
2,4,10,2,3124.083,1 4,North,2,0,0
2,4,10,6,3124.46,1 4,North,2,1,0
2,4,10,1,3124.786,1 4,West,2,1,0
2,4,10,1,3125.792,1 4,South,2,1,0
2,4,10,2,3126.78,2 4,South,2,1,0
2,4,10,2,3127.294,3 4,South,2,1,0
2,4,10,2,3127.909,4 4,South,2,1,0
2,4,10,3,3128.545,4 4,West,2,1,0
2,4,10,2,3129.966,4 3,West,2,1,0
2,4,10,2,3130.499,4 2,West,2,1,0
2,4,10,3,3131.191,4 2,North,2,1,0
2,4,10,2,3132.245,3 2,North,2,1,0
2,4,10,1,3132.881,3 2,West,2,1,0
2,4,10,2,3133.436,3 1,West,2,1,0
2,4,10,3,3134.078,3 1,North,2,1,0
2,4,10,2,3134.591,2 1,North,2,1,0
2,4,10,6,3134.98,2 1,North,2,2,0
2,4,10,3,3135.28,2 1,East,2,2,0
2,4,10,3,3136.052,2 1,South,2,2,0
2,4,10,2,3136.786,3 1,South,2,2,0
2,4,10,1,3137.615,3 1,East,2,2,0
2,4,10,2,3138.371,3 2,East,2,2,0
2,4,10,3,3139.086,3 2,South,2,2,0
2,4,10,2,3139.747,4 2,South,2,2,0
2,4,10,1,3140.37,4 2,East,2,2,0
2,4,10,2,3141.046,4 3,East,2,2,0
2,4,10,2,3141.872,4 4,East,2,2,0
2,4,10,1,3142.448,4 4,North,2,2,0
2,4,10,2,3143.237,3 4,North,2,2,0
2,4,10,2,3143.872,2 4,North,2,2,0
2,4,10,2,3144.534,1 4,North,2,2,0
2,4,10,1,3145.151,1 4,West,2,2,0
2,4,10,2,3145.828,1 3,West,2,2,0
2,4,10,1,3146.462,1 3,South,2,2,0
2,4,10,2,3147.038,2 3,South,2,2,0
2,4,10,3,3147.588,2 3,West,2,2,0
2,4,10,2,3148.193,2 2,West,2,2,0
2,4,10,3,3148.764,2 2,North,2,2,0
2,4,10,2,3149.294,1 2,North,2,2,0
2,4,10,6,3149.68,1 2,North,2,3,0
2,4,10,3,3150.179,1 2,East,2,3,0
2,4,10,3,3151.039,1 2,South,2,3,0
2,4,10,2,3151.732,2 2,South,2,3,0
2,4,10,1,3152.318,2 2,East,2,3,0
2,4,10,2,3152.879,2 3,East,2,3,0
2,4,10,6,3153.28,2 3,East,2,4,0
2,4,10,1,3153.426,2 3,North,2,4,0
2,4,10,2,3154.015,1 3,North,2,4,0
2,4,10,3,3154.556,1 3,East,2,4,0
2,4,10,2,3155.159,1 4,East,2,4,0
2,4,10,3,3156.402,1 4,South,2,4,0
2,4,10,2,3157.036,2 4,South,2,4,0
2,4,10,2,3157.853,3 4,South,2,4,0
2,4,10,2,3158.437,4 4,South,2,4,0
2,4,10,3,3159.104,4 4,West,2,4,0
2,4,10,3,3159.678,4 4,North,2,4,0
2,4,10,1,3160.449,4 4,West,2,4,0
2,4,10,3,3162.726,4 4,North,2,4,0
2,4,10,2,3164.387,3 4,North,2,4,0
2,4,10,2,3164.994,2 4,North,2,4,0
2,4,10,2,3165.798,1 4,North,2,4,0
2,4,10,1,3166.414,1 4,West,2,4,0
2,4,10,2,3167.123,1 3,West,2,4,0
2,4,10,1,3167.778,1 3,South,2,4,0
2,4,10,2,3168.385,2 3,South,2,4,0
2,4,10,3,3169.025,2 3,West,2,4,0
2,4,10,2,3169.554,2 2,West,2,4,0
2,4,10,3,3170.11,2 2,North,2,4,0
2,4,10,2,3171.618,1 2,North,2,4,0
2,4,10,2,3172.191,0 2,North,2,4,0
2,4,10,1,3172.764,0 2,West,2,4,0
2,4,10,1,3174.685,0 2,South,2,4,0
2,4,10,2,3175.332,1 2,South,2,4,0
2,4,10,2,3175.985,2 2,South,2,4,0
2,4,10,1,3176.589,2 2,East,2,4,0
2,4,10,2,3177.172,2 3,East,2,4,0
2,4,10,1,3177.747,2 3,North,2,4,0
2,4,10,2,3178.279,1 3,North,2,4,0
2,4,10,3,3178.829,1 3,East,2,4,0
2,4,10,2,3179.388,1 4,East,2,4,0
2,4,10,3,3179.935,1 4,South,2,4,0
2,4,10,2,3180.45,2 4,South,2,4,0
2,4,10,2,3181.142,3 4,South,2,4,0
2,4,10,2,3181.713,4 4,South,2,4,0
2,4,10,3,3182.637,4 4,West,2,4,0
2,4,10,2,3183.221,4 3,West,2,4,0
2,4,10,2,3183.825,4 2,West,2,4,0
2,4,10,3,3184.503,4 2,North,2,4,0
2,4,10,2,3185.061,3 2,North,2,4,0
2,4,10,1,3185.743,3 2,West,2,4,0
2,4,10,2,3186.708,3 1,West,2,4,0
2,4,10,3,3187.38,3 1,North,2,4,0
2,4,10,2,3188.002,2 1,North,2,4,0
2,4,10,2,3188.512,1 1,North,2,4,0
2,4,10,6,3188.9,1 1,North,2,5,0
2,4,10,1,3189.164,1 1,West,2,5,0
2,4,10,1,3189.965,1 1,South,2,5,0
2,4,10,2,3190.894,2 1,South,2,5,0
2,4,10,2,3191.885,3 1,South,2,5,0
2,4,10,1,3192.557,3 1,East,2,5,0
2,4,10,2,3193.186,3 2,East,2,5,0
2,4,10,3,3193.826,3 2,South,2,5,0
2,4,10,2,3194.349,4 2,South,2,5,0
2,4,10,1,3194.895,4 2,East,2,5,0
2,4,10,2,3195.509,4 3,East,2,5,0
2,4,10,2,3196.083,4 4,East,2,5,0
2,4,10,1,3196.671,4 4,North,2,5,0
2,4,10,2,3197.744,3 4,North,2,5,0
2,4,10,2,3198.286,2 4,North,2,5,0
2,4,10,2,3198.981,1 4,North,2,5,0
2,4,10,2,3199.588,0 4,North,2,5,0
2,4,10,1,3200.195,0 4,West,2,5,0
2,4,10,2,3200.757,0 3,West,2,5,0
2,4,10,6,3201.18,0 3,West,2,6,0
2,4,10,3,3201.347,0 3,North,2,6,0
2,4,10,3,3201.943,0 3,East,2,6,0
2,4,10,2,3202.496,0 4,East,2,6,0
2,4,10,3,3203.054,0 4,South,2,6,0
2,4,10,2,3203.582,1 4,South,2,6,0
2,4,10,2,3204.126,2 4,South,2,6,0
2,4,10,2,3204.961,3 4,South,2,6,0
2,4,10,2,3205.777,4 4,South,2,6,0
2,4,10,3,3206.333,4 4,West,2,6,0
2,4,10,2,3206.947,4 3,West,2,6,0
2,4,10,2,3207.493,4 2,West,2,6,0
2,4,10,6,3207.9,4 2,West,2,7,0
2,4,10,3,3208.148,4 2,North,2,7,0
2,4,10,2,3208.915,3 2,North,2,7,0
2,4,10,1,3209.792,3 2,West,2,7,0
2,4,10,2,3210.499,3 1,West,2,7,0
2,4,10,6,3210.92,3 1,West,2,8,0
0,4,11,2,3216.526,3 4,North,2,0,0
0,4,11,2,3217.054,2 4,North,2,0,0
0,4,11,2,3217.651,1 4,North,2,0,0
0,4,11,2,3218.323,0 4,North,2,0,0
0,4,11,1,3218.928,0 4,West,2,0,0
0,4,11,1,3219.857,0 4,South,2,0,0
0,4,11,2,3220.446,1 4,South,2,0,0
0,4,11,3,3221.374,1 4,West,2,0,0
0,4,11,2,3221.893,1 3,West,2,0,0
0,4,11,1,3222.817,1 3,South,2,0,0
0,4,11,2,3223.444,2 3,South,2,0,0
0,4,11,3,3224.351,2 3,West,2,0,0
0,4,11,2,3224.961,2 2,West,2,0,0
0,4,11,3,3225.485,2 2,North,2,0,0
0,4,11,2,3226.053,1 2,North,2,0,0
0,4,11,2,3226.591,0 2,North,2,0,0
0,4,11,1,3227.493,0 2,West,2,0,0
0,4,11,2,3228.175,0 1,West,2,0,0
0,4,11,2,3228.704,0 0,West,2,0,0
0,4,11,6,3229.12,0 0,West,2,1,0
0,4,11,3,3229.461,0 0,North,2,1,0
0,4,11,3,3230.34,0 0,East,2,1,0
0,4,11,2,3231.023,0 1,East,2,1,0
0,4,11,2,3231.555,0 2,East,2,1,0
0,4,11,3,3232.447,0 2,South,2,1,0
0,4,11,2,3233.154,1 2,South,2,1,0
0,4,11,2,3233.73,2 2,South,2,1,0
0,4,11,1,3234.323,2 2,East,2,1,0
0,4,11,2,3234.883,2 3,East,2,1,0
0,4,11,1,3235.42,2 3,North,2,1,0
0,4,11,2,3235.969,1 3,North,2,1,0
0,4,11,3,3236.546,1 3,East,2,1,0
0,4,11,2,3237.149,1 4,East,2,1,0
0,4,11,1,3238.066,1 4,North,2,1,0
0,4,11,1,3238.798,1 4,West,2,1,0
0,4,11,3,3239.686,1 4,North,2,1,0
0,4,11,2,3240.262,0 4,North,2,1,0
0,4,11,1,3240.835,0 4,West,2,1,0
0,4,11,1,3241.412,0 4,South,2,1,0
0,4,11,2,3242.114,1 4,South,2,1,0
0,4,11,3,3242.67,1 4,West,2,1,0
0,4,11,2,3243.479,1 3,West,2,1,0
0,4,11,1,3244.132,1 3,South,2,1,0
0,4,11,2,3244.689,2 3,South,2,1,0
0,4,11,3,3245.377,2 3,West,2,1,0
0,4,11,2,3246.357,2 2,West,2,1,0
0,4,11,3,3247.074,2 2,North,2,1,0
0,4,11,2,3247.71,1 2,North,2,1,0
0,4,11,2,3248.656,0 2,North,2,1,0
0,4,11,1,3249.212,0 2,West,2,1,0
0,4,11,2,3249.729,0 1,West,2,1,0
0,4,11,2,3250.255,0 0,West,2,1,0
0,4,11,3,3250.849,0 0,North,2,1,0
0,4,11,3,3251.67,0 0,East,2,1,0
0,4,11,2,3252.272,0 1,East,2,1,0
0,4,11,2,3252.839,0 2,East,2,1,0
0,4,11,3,3253.827,0 2,South,2,1,0
0,4,11,2,3254.365,1 2,South,2,1,0
0,4,11,2,3254.963,2 2,South,2,1,0
0,4,11,1,3255.502,2 2,East,2,1,0
0,4,11,2,3256.063,2 3,East,2,1,0
0,4,11,1,3256.591,2 3,North,2,1,0
0,4,11,2,3257.155,1 3,North,2,1,0
0,4,11,3,3258.063,1 3,East,2,1,0
0,4,11,2,3258.637,1 4,East,2,1,0
0,4,11,3,3259.298,1 4,South,2,1,0
0,4,11,2,3259.89,2 4,South,2,1,0
0,4,11,2,3260.673,3 4,South,2,1,0
0,4,11,2,3261.317,4 4,South,2,1,0
0,4,11,3,3261.89,4 4,West,2,1,0
0,4,11,2,3262.437,4 3,West,2,1,0
0,4,11,2,3262.948,4 2,West,2,1,0
0,4,11,3,3263.891,4 2,North,2,1,0
0,4,11,2,3264.449,3 2,North,2,1,0
0,4,11,6,3264.84,3 2,North,2,2,0
0,4,11,1,3265.311,3 2,West,2,2,0
0,4,11,2,3265.937,3 1,West,2,2,0
0,4,11,3,3266.494,3 1,North,2,2,0
0,4,11,2,3267.35,2 1,North,2,2,0
0,4,11,2,3268.26,1 1,North,2,2,0
0,4,11,1,3268.837,1 1,West,2,2,0
0,4,11,2,3269.374,1 0,West,2,2,0
0,4,11,1,3269.891,1 0,South,2,2,0
0,4,11,2,3270.445,2 0,South,2,2,0
0,4,11,2,3271.311,3 0,South,2,2,0
0,4,11,2,3271.937,4 0,South,2,2,0
0,4,11,1,3273.218,4 0,East,2,2,0
0,4,11,1,3273.747,4 0,North,2,2,0
0,4,11,2,3274.435,3 0,North,2,2,0
0,4,11,2,3274.981,2 0,North,2,2,0
0,4,11,2,3275.509,1 0,North,2,2,0
0,4,11,3,3276.414,1 0,East,2,2,0
0,4,11,2,3277.021,1 1,East,2,2,0
0,4,11,3,3277.621,1 1,South,2,2,0
0,4,11,2,3278.494,2 1,South,2,2,0
0,4,11,2,3279.443,3 1,South,2,2,0
0,4,11,1,3280.018,3 1,East,2,2,0
0,4,11,2,3280.577,3 2,East,2,2,0
0,4,11,3,3281.135,3 2,South,2,2,0
0,4,11,2,3282.065,4 2,South,2,2,0
0,4,11,1,3283.424,4 2,East,2,2,0
0,4,11,2,3284.037,4 3,East,2,2,0
0,4,11,2,3284.893,4 4,East,2,2,0
0,4,11,1,3285.505,4 4,North,2,2,0
0,4,11,2,3286.096,3 4,North,2,2,0
0,4,11,2,3286.958,2 4,North,2,2,0
0,4,11,2,3287.518,1 4,North,2,2,0
0,4,11,2,3288.159,0 4,North,2,2,0
0,4,11,1,3289.04,0 4,West,2,2,0
0,4,11,1,3289.664,0 4,South,2,2,0
0,4,11,2,3290.321,1 4,South,2,2,0
0,4,11,3,3291.197,1 4,West,2,2,0
0,4,11,2,3291.822,1 3,West,2,2,0
0,4,11,1,3292.832,1 3,South,2,2,0
0,4,11,2,3293.408,2 3,South,2,2,0
0,4,11,3,3293.958,2 3,West,2,2,0
0,4,11,2,3294.518,2 2,West,2,2,0
0,4,11,3,3295.055,2 2,North,2,2,0
0,4,11,2,3295.582,1 2,North,2,2,0
0,4,11,1,3296.179,1 2,West,2,2,0
0,4,11,3,3296.734,1 2,North,2,2,0
0,4,11,2,3297.31,0 2,North,2,2,0
0,4,11,1,3297.826,0 2,West,2,2,0
0,4,11,2,3298.342,0 1,West,2,2,0
0,4,11,6,3298.76,0 1,West,2,3,0
0,4,11,3,3298.899,0 1,North,2,3,0
0,4,11,3,3299.827,0 1,East,2,3,0
0,4,11,2,3300.704,0 2,East,2,3,0
0,4,11,3,3301.284,0 2,South,2,3,0
0,4,11,2,3302.19,1 2,South,2,3,0
0,4,11,2,3303.008,2 2,South,2,3,0
0,4,11,1,3303.885,2 2,East,2,3,0
0,4,11,2,3304.533,2 3,East,2,3,0
0,4,11,1,3305.07,2 3,North,2,3,0
0,4,11,2,3305.619,1 3,North,2,3,0
0,4,11,3,3306.496,1 3,East,2,3,0
0,4,11,2,3307.024,1 4,East,2,3,0
0,4,11,3,3307.904,1 4,South,2,3,0
0,4,11,2,3308.692,2 4,South,2,3,0
0,4,11,2,3309.398,3 4,South,2,3,0
0,4,11,2,3309.989,4 4,South,2,3,0
0,4,11,3,3310.527,4 4,West,2,3,0
0,4,11,2,3311.093,4 3,West,2,3,0
0,4,11,2,3311.779,4 2,West,2,3,0
0,4,11,3,3312.455,4 2,North,2,3,0
0,4,11,2,3313.012,3 2,North,2,3,0
0,4,11,1,3313.523,3 2,West,2,3,0
0,4,11,2,3314.111,3 1,West,2,3,0
0,4,11,3,3314.644,3 1,North,2,3,0
0,4,11,2,3315.507,2 1,North,2,3,0
0,4,11,2,3316.354,1 1,North,2,3,0
0,4,11,1,3316.915,1 1,West,2,3,0
0,4,11,2,3317.493,1 0,West,2,3,0
0,4,11,1,3318.031,1 0,South,2,3,0
0,4,11,2,3318.626,2 0,South,2,3,0
0,4,11,2,3319.509,3 0,South,2,3,0
0,4,11,6,3319.9,3 0,South,2,4,0
0,4,11,2,3320.049,4 0,South,2,4,0
0,4,11,1,3320.925,4 0,East,2,4,0
0,4,11,1,3321.438,4 0,North,2,4,0
0,4,11,2,3322.049,3 0,North,2,4,0
0,4,11,2,3322.558,2 0,North,2,4,0
0,4,11,2,3323.412,1 0,North,2,4,0
0,4,11,3,3324.302,1 0,East,2,4,0
0,4,11,2,3325.059,1 1,East,2,4,0
0,4,11,3,3325.648,1 1,South,2,4,0
0,4,11,2,3326.51,2 1,South,2,4,0
0,4,11,2,3327.137,3 1,South,2,4,0
0,4,11,1,3328.029,3 1,East,2,4,0
0,4,11,2,3328.594,3 2,East,2,4,0
0,4,11,3,3329.164,3 2,South,2,4,0
0,4,11,2,3329.713,4 2,South,2,4,0
0,4,11,1,3330.509,4 2,East,2,4,0
0,4,11,2,3331.299,4 3,East,2,4,0
0,4,11,2,3331.983,4 4,East,2,4,0
0,4,11,1,3332.689,4 4,North,2,4,0
0,4,11,2,3333.313,3 4,North,2,4,0
0,4,11,2,3333.923,2 4,North,2,4,0
0,4,11,2,3334.863,1 4,North,2,4,0
0,4,11,1,3335.681,1 4,West,2,4,0
0,4,11,2,3336.285,1 3,West,2,4,0
0,4,11,1,3337.06,1 3,South,2,4,0
0,4,11,2,3337.638,2 3,South,2,4,0
0,4,11,3,3338.531,2 3,West,2,4,0
0,4,11,2,3339.061,2 2,West,2,4,0
0,4,11,3,3339.601,2 2,North,2,4,0
0,4,11,2,3340.463,1 2,North,2,4,0
0,4,11,6,3340.84,1 2,North,2,5,0
0,4,11,2,3341.004,0 2,North,2,5,0
0,4,11,1,3341.807,0 2,West,2,5,0
0,4,11,1,3342.382,0 2,South,2,5,0
0,4,11,2,3343.009,1 2,South,2,5,0
0,4,11,2,3343.523,2 2,South,2,5,0
0,4,11,1,3344.324,2 2,East,2,5,0
0,4,11,2,3344.885,2 3,East,2,5,0
0,4,11,1,3345.472,2 3,North,2,5,0
0,4,11,2,3346.001,1 3,North,2,5,0
0,4,11,3,3346.518,1 3,East,2,5,0
0,4,11,2,3347.061,1 4,East,2,5,0
0,4,11,3,3347.968,1 4,South,2,5,0
0,4,11,2,3348.899,2 4,South,2,5,0
0,4,11,2,3349.743,3 4,South,2,5,0
0,4,11,2,3350.321,4 4,South,2,5,0
0,4,11,3,3350.886,4 4,West,2,5,0
0,4,11,2,3351.412,4 3,West,2,5,0
0,4,11,2,3351.95,4 2,West,2,5,0
0,4,11,3,3352.782,4 2,North,2,5,0
0,4,11,2,3353.328,3 2,North,2,5,0
0,4,11,3,3353.955,3 2,East,2,5,0
0,4,11,2,3354.917,3 3,East,2,5,0
0,4,11,6,3355.32,3 3,East,2,6,0
0,4,11,1,3355.746,3 3,North,2,6,0
0,4,11,1,3356.294,3 3,West,2,6,0
0,4,11,2,3356.911,3 2,West,2,6,0
0,4,11,1,3357.57,3 2,South,2,6,0
0,4,11,2,3358.405,4 2,South,2,6,0
0,4,11,6,3358.78,4 2,South,2,7,0
0,4,11,1,3358.958,4 2,East,2,7,0
0,4,11,1,3359.6,4 2,North,2,7,0
0,4,11,1,3360.127,4 2,West,2,7,0
0,4,11,3,3360.976,4 2,North,2,7,0
0,4,11,2,3361.553,3 2,North,2,7,0
0,4,11,1,3362.354,3 2,West,2,7,0
0,4,11,2,3363.047,3 1,West,2,7,0
0,4,11,3,3363.604,3 1,North,2,7,0
0,4,11,2,3364.419,2 1,North,2,7,0
0,4,11,2,3365.282,1 1,North,2,7,0
0,4,11,1,3365.838,1 1,West,2,7,0
0,4,11,2,3366.366,1 0,West,2,7,0
0,4,11,1,3366.959,1 0,South,2,7,0
0,4,11,2,3367.486,2 0,South,2,7,0
0,4,11,2,3368.18,3 0,South,2,7,0
0,4,11,2,3368.88,4 0,South,2,7,0
0,4,11,3,3369.956,4 0,West,2,7,0
0,4,11,3,3370.708,4 0,North,2,7,0
0,4,11,2,3371.438,3 0,North,2,7,0
0,4,11,2,3372.27,2 0,North,2,7,0
0,4,11,2,3373.072,1 0,North,2,7,0
0,4,11,3,3373.892,1 0,East,2,7,0
0,4,11,2,3374.449,1 1,East,2,7,0
0,4,11,3,3374.983,1 1,South,2,7,0
0,4,11,2,3375.55,2 1,South,2,7,0
0,4,11,2,3376.45,3 1,South,2,7,0
0,4,11,1,3377.009,3 1,East,2,7,0
0,4,11,2,3377.537,3 2,East,2,7,0
0,4,11,3,3378.077,3 2,South,2,7,0
0,4,11,2,3378.9,4 2,South,2,7,0
0,4,11,1,3379.684,4 2,East,2,7,0
0,4,11,2,3380.433,4 3,East,2,7,0
0,4,11,2,3381.111,4 4,East,2,7,0
0,4,11,1,3381.989,4 4,North,2,7,0
0,4,11,2,3382.663,3 4,North,2,7,0
0,4,11,2,3383.285,2 4,North,2,7,0
0,4,11,2,3383.972,1 4,North,2,7,0
0,4,11,1,3384.79,1 4,West,2,7,0
0,4,11,2,3385.325,1 3,West,2,7,0
0,4,11,6,3385.74,1 3,West,2,8,0
2,4,11,1,3389.414,4 4,West,2,0,0
2,4,11,2,3390.582,4 3,West,2,0,0
2,4,11,2,3391.197,4 2,West,2,0,0
2,4,11,3,3391.823,4 2,North,2,0,0
2,4,11,2,3392.421,3 2,North,2,0,0
2,4,11,6,3392.8,3 2,North,2,1,0
2,4,11,1,3393.012,3 2,West,2,1,0
2,4,11,1,3393.718,3 2,South,2,1,0
2,4,11,2,3394.319,4 2,South,2,1,0
2,4,11,1,3394.837,4 2,East,2,1,0
2,4,11,2,3395.36,4 3,East,2,1,0
2,4,11,2,3396.05,4 4,East,2,1,0
2,4,11,1,3396.587,4 4,North,2,1,0
2,4,11,2,3397.153,3 4,North,2,1,0
2,4,11,2,3397.669,2 4,North,2,1,0
2,4,11,2,3398.195,1 4,North,2,1,0
2,4,11,1,3399.102,1 4,West,2,1,0
2,4,11,2,3399.666,1 3,West,2,1,0
2,4,11,6,3400.08,1 3,West,2,2,0
2,4,11,1,3400.501,1 3,South,2,2,0
2,4,11,1,3401.236,1 3,East,2,2,0
2,4,11,2,3402.369,1 4,East,2,2,0
2,4,11,3,3402.995,1 4,South,2,2,0
2,4,11,2,3403.558,2 4,South,2,2,0
2,4,11,2,3404.193,3 4,South,2,2,0
2,4,11,2,3404.773,4 4,South,2,2,0
2,4,11,3,3405.424,4 4,West,2,2,0
2,4,11,2,3406.079,4 3,West,2,2,0
2,4,11,2,3406.605,4 2,West,2,2,0
2,4,11,3,3407.183,4 2,North,2,2,0
2,4,11,2,3407.969,3 2,North,2,2,0
2,4,11,1,3408.935,3 2,West,2,2,0
2,4,11,2,3409.552,3 1,West,2,2,0
2,4,11,3,3410.086,3 1,North,2,2,0
2,4,11,2,3410.688,2 1,North,2,2,0
2,4,11,2,3411.621,1 1,North,2,2,0
2,4,11,1,3412.194,1 1,West,2,2,0
2,4,11,2,3412.784,1 0,West,2,2,0
2,4,11,1,3413.302,1 0,South,2,2,0
2,4,11,2,3414.182,2 0,South,2,2,0
2,4,11,2,3414.707,3 0,South,2,2,0
2,4,11,6,3415.08,3 0,South,2,3,0
2,4,11,1,3415.326,3 0,East,2,3,0
2,4,11,1,3415.837,3 0,North,2,3,0
2,4,11,2,3416.486,2 0,North,2,3,0
2,4,11,2,3417.025,1 0,North,2,3,0
2,4,11,3,3418.032,1 0,East,2,3,0
2,4,11,2,3418.595,1 1,East,2,3,0
2,4,11,3,3419.123,1 1,South,2,3,0
2,4,11,2,3419.806,2 1,South,2,3,0
2,4,11,2,3420.434,3 1,South,2,3,0
2,4,11,1,3421.056,3 1,East,2,3,0
2,4,11,2,3421.619,3 2,East,2,3,0
2,4,11,3,3422.158,3 2,South,2,3,0
2,4,11,2,3422.79,4 2,South,2,3,0
2,4,11,1,3423.365,4 2,East,2,3,0
2,4,11,2,3423.927,4 3,East,2,3,0
2,4,11,2,3424.484,4 4,East,2,3,0
2,4,11,1,3425.457,4 4,North,2,3,0
2,4,11,2,3426.078,3 4,North,2,3,0
2,4,11,2,3426.624,2 4,North,2,3,0
2,4,11,2,3427.199,1 4,North,2,3,0
2,4,11,2,3428.067,0 4,North,2,3,0
2,4,11,6,3428.44,0 4,North,2,4,0
2,4,11,1,3428.656,0 4,West,2,4,0
2,4,11,1,3429.438,0 4,South,2,4,0
2,4,11,2,3430.102,1 4,South,2,4,0
2,4,11,2,3430.688,2 4,South,2,4,0
2,4,11,2,3431.375,3 4,South,2,4,0
2,4,11,2,3432.211,4 4,South,2,4,0
2,4,11,3,3432.813,4 4,West,2,4,0
2,4,11,2,3433.5,4 3,West,2,4,0
2,4,11,2,3434.164,4 2,West,2,4,0
2,4,11,3,3434.74,4 2,North,2,4,0
2,4,11,2,3435.299,3 2,North,2,4,0
2,4,11,1,3435.933,3 2,West,2,4,0
2,4,11,2,3436.566,3 1,West,2,4,0
2,4,11,3,3437.169,3 1,North,2,4,0
2,4,11,2,3438.016,2 1,North,2,4,0
2,4,11,2,3438.576,1 1,North,2,4,0
2,4,11,1,3439.377,1 1,West,2,4,0
2,4,11,2,3440.037,1 0,West,2,4,0
2,4,11,1,3440.604,1 0,South,2,4,0
2,4,11,2,3441.236,2 0,South,2,4,0
2,4,11,2,3442.052,3 0,South,2,4,0
2,4,11,2,3442.947,4 0,South,2,4,0
2,4,11,6,3443.32,4 0,South,2,5,0
2,4,11,3,3443.847,4 0,West,2,5,0
2,4,11,3,3444.413,4 0,North,2,5,0
2,4,11,2,3445.105,3 0,North,2,5,0
2,4,11,2,3445.806,2 0,North,2,5,0
2,4,11,2,3446.516,1 0,North,2,5,0
2,4,11,3,3447.181,1 0,East,2,5,0
2,4,11,2,3447.822,1 1,East,2,5,0
2,4,11,3,3448.478,1 1,South,2,5,0
2,4,11,2,3449.104,2 1,South,2,5,0
2,4,11,2,3449.653,3 1,South,2,5,0
2,4,11,1,3450.373,3 1,East,2,5,0
2,4,11,2,3450.992,3 2,East,2,5,0
2,4,11,2,3451.58,3 3,East,2,5,0
2,4,11,6,3451.98,3 3,East,2,6,0
2,4,11,3,3452.237,3 3,South,2,6,0
2,4,11,3,3452.767,3 3,West,2,6,0
2,4,11,2,3453.457,3 2,West,2,6,0
2,4,11,1,3454.479,3 2,South,2,6,0
2,4,11,2,3455.073,4 2,South,2,6,0
2,4,11,1,3455.636,4 2,East,2,6,0
2,4,11,2,3456.23,4 3,East,2,6,0
2,4,11,2,3456.837,4 4,East,2,6,0
2,4,11,1,3457.387,4 4,North,2,6,0
2,4,11,2,3457.984,3 4,North,2,6,0
2,4,11,2,3458.548,2 4,North,2,6,0
2,4,11,2,3459.152,1 4,North,2,6,0
2,4,11,1,3459.79,1 4,West,2,6,0
2,4,11,2,3464.254,1 3,West,2,6,0
2,4,11,1,3464.943,1 3,South,2,6,0
2,4,11,2,3465.54,2 3,South,2,6,0
2,4,11,3,3466.084,2 3,West,2,6,0
2,4,11,2,3466.66,2 2,West,2,6,0
2,4,11,3,3467.228,2 2,North,2,6,0
2,4,11,2,3467.858,1 2,North,2,6,0
2,4,11,1,3468.607,1 2,West,2,6,0
2,4,11,2,3469.413,1 2,West,2,6,1
2,4,11,3,3470.036,1 2,North,2,6,1
2,4,11,2,3470.59,0 2,North,2,6,1
2,4,11,1,3471.254,0 2,West,2,6,1
2,4,11,2,3473.842,0 1,West,2,6,1
2,4,11,2,3474.519,0 0,West,2,6,1
2,4,11,3,3476.286,0 0,North,2,6,1
2,4,11,3,3476.834,0 0,East,2,6,1
2,4,11,2,3477.476,0 1,East,2,6,1
2,4,11,2,3478.101,0 2,East,2,6,1
2,4,11,3,3478.835,0 2,South,2,6,1
2,4,11,2,3479.822,1 2,South,2,6,1
2,4,11,2,3481.489,2 2,South,2,6,1
2,4,11,1,3482.141,2 2,East,2,6,1
2,4,11,2,3482.772,2 3,East,2,6,1
2,4,11,1,3483.365,2 3,North,2,6,1
2,4,11,2,3483.955,1 3,North,2,6,1
2,4,11,3,3484.515,1 3,East,2,6,1
2,4,11,2,3485.027,1 4,East,2,6,1
2,4,11,3,3485.871,1 4,South,2,6,1
2,4,11,2,3486.462,2 4,South,2,6,1
2,4,11,2,3486.982,3 4,South,2,6,1
2,4,11,2,3487.653,4 4,South,2,6,1
2,4,11,3,3488.211,4 4,West,2,6,1
2,4,11,2,3488.837,4 3,West,2,6,1
2,4,11,2,3489.747,4 2,West,2,6,1
2,4,11,3,3490.294,4 2,North,2,6,1
2,4,11,2,3490.831,3 2,North,2,6,1
2,4,11,1,3491.941,3 2,West,2,6,1
2,4,11,2,3492.883,3 1,West,2,6,1
2,4,11,3,3493.534,3 1,North,2,6,1
2,4,11,2,3495.198,2 1,North,2,6,1
2,4,11,2,3495.808,1 1,North,2,6,1
2,4,11,1,3496.447,1 1,West,2,6,1
2,4,11,2,3497.058,1 0,West,2,6,1
2,4,11,6,3497.46,1 0,West,2,7,1
2,4,11,1,3497.647,1 0,South,2,7,1
2,4,11,1,3498.833,1 0,East,2,7,1
2,4,11,2,3499.859,1 1,East,2,7,1
2,4,11,3,3501.41,1 1,South,2,7,1
2,4,11,2,3502.066,2 1,South,2,7,1
2,4,11,2,3502.695,3 1,South,2,7,1
2,4,11,1,3503.316,3 1,East,2,7,1
2,4,11,2,3503.896,3 2,East,2,7,1
2,4,11,3,3504.514,3 2,South,2,7,1
2,4,11,2,3505.076,4 2,South,2,7,1
2,4,11,1,3505.957,4 2,East,2,7,1
2,4,11,2,3506.627,4 3,East,2,7,1
2,4,11,2,3507.245,4 4,East,2,7,1
2,4,11,1,3507.843,4 4,North,2,7,1
2,4,11,2,3508.467,3 4,North,2,7,1
2,4,11,2,3509.426,2 4,North,2,7,1
2,4,11,2,3510.146,1 4,North,2,7,1
2,4,11,1,3510.772,1 4,West,2,7,1
2,4,11,2,3511.425,1 3,West,2,7,1
2,4,11,1,3512.256,1 3,South,2,7,1
2,4,11,2,3512.803,2 3,South,2,7,1
2,4,11,3,3513.44,2 3,West,2,7,1
2,4,11,2,3514.02,2 2,West,2,7,1
2,4,11,3,3514.607,2 2,North,2,7,1
2,4,11,2,3515.137,1 2,North,2,7,1
2,4,11,2,3516.484,0 2,North,2,7,1
2,4,11,1,3517.069,0 2,West,2,7,1
2,4,11,2,3517.652,0 1,West,2,7,1
2,4,11,2,3518.198,0 0,West,2,7,1
2,4,11,6,3518.6,0 0,West,2,8,1
0,4,12,3,3523.173,4 4,East,2,0,1
0,4,12,3,3523.714,4 4,South,2,0,1
0,4,12,3,3524.613,4 4,West,2,0,1
0,4,12,2,3525.601,4 3,West,2,0,1
0,4,12,2,3526.191,4 2,West,2,0,1
0,4,12,3,3526.739,4 2,North,2,0,1
0,4,12,2,3527.325,3 2,North,2,0,1
0,4,12,1,3527.855,3 2,West,2,0,1
0,4,12,2,3528.493,3 1,West,2,0,1
0,4,12,3,3529.359,3 1,North,2,0,1
0,4,12,2,3529.987,2 1,North,2,0,1
0,4,12,2,3530.644,1 1,North,2,0,1
0,4,12,1,3531.231,1 1,West,2,0,1
0,4,12,2,3531.859,1 0,West,2,0,1
0,4,12,1,3532.397,1 0,South,2,0,1
0,4,12,2,3533.013,2 0,South,2,0,1
0,4,12,2,3533.6,3 0,South,2,0,1
0,4,12,2,3534.176,4 0,South,2,0,1
0,4,12,1,3534.749,4 0,East,2,0,1
0,4,12,1,3535.358,4 0,North,2,0,1
0,4,12,2,3536.114,3 0,North,2,0,1
0,4,12,2,3536.66,2 0,North,2,0,1
0,4,12,2,3537.219,1 0,North,2,0,1
0,4,12,3,3537.731,1 0,East,2,0,1
0,4,12,2,3538.32,1 1,East,2,0,1
0,4,12,3,3538.854,1 1,South,2,0,1
0,4,12,2,3539.375,2 1,South,2,0,1
0,4,12,2,3539.884,3 1,South,2,0,1
0,4,12,1,3540.863,3 1,East,2,0,1
0,4,12,2,3541.781,3 2,East,2,0,1
0,4,12,3,3542.524,3 2,South,2,0,1
0,4,12,2,3543.104,4 2,South,2,0,1
0,4,12,1,3543.634,4 2,East,2,0,1
0,4,12,2,3544.182,4 3,East,2,0,1
0,4,12,2,3544.77,4 4,East,2,0,1
0,4,12,1,3545.326,4 4,North,2,0,1
0,4,12,2,3545.856,3 4,North,2,0,1
0,4,12,2,3546.437,2 4,North,2,0,1
0,4,12,2,3547.394,1 4,North,2,0,1
0,4,12,2,3548.307,0 4,North,2,0,1
0,4,12,1,3548.962,0 4,West,2,0,1
0,4,12,2,3549.55,0 3,West,2,0,1
0,4,12,6,3549.96,0 3,West,2,1,1
0,4,12,3,3550.084,0 3,North,2,1,1
0,4,12,3,3550.976,0 3,East,2,1,1
0,4,12,2,3551.894,0 4,East,2,1,1
0,4,12,3,3552.422,0 4,South,2,1,1
0,4,12,2,3553.029,1 4,South,2,1,1
0,4,12,3,3553.557,1 4,West,2,1,1
0,4,12,2,3554.095,1 3,West,2,1,1
0,4,12,1,3555.006,1 3,South,2,1,1
0,4,12,2,3555.541,2 3,South,2,1,1
0,4,12,3,3556.189,2 3,West,2,1,1
0,4,12,2,3556.719,2 2,West,2,1,1
0,4,12,3,3557.251,2 2,North,2,1,1
0,4,12,2,3557.814,1 2,North,2,1,1
0,4,12,2,3558.335,0 2,North,2,1,1
0,4,12,1,3558.862,0 2,West,2,1,1
0,4,12,2,3559.409,0 1,West,2,1,1
0,4,12,3,3559.971,0 1,North,2,1,1
0,4,12,3,3560.499,0 1,East,2,1,1
0,4,12,2,3561.46,0 2,East,2,1,1
0,4,12,3,3561.987,0 2,South,2,1,1
0,4,12,2,3562.559,1 2,South,2,1,1
0,4,12,2,3563.072,2 2,South,2,1,1
0,4,12,1,3563.982,2 2,East,2,1,1
0,4,12,2,3564.544,2 3,East,2,1,1
0,4,12,1,3565.073,2 3,North,2,1,1
0,4,12,2,3565.621,1 3,North,2,1,1
0,4,12,3,3566.149,1 3,East,2,1,1
0,4,12,2,3566.736,1 4,East,2,1,1
0,4,12,3,3567.254,1 4,South,2,1,1
0,4,12,2,3568.125,2 4,South,2,1,1
0,4,12,2,3568.979,3 4,South,2,1,1
0,4,12,2,3569.568,4 4,South,2,1,1
0,4,12,3,3570.095,4 4,West,2,1,1
0,4,12,2,3570.958,4 3,West,2,1,1
0,4,12,2,3571.477,4 2,West,2,1,1
0,4,12,3,3572.308,4 2,North,2,1,1
0,4,12,2,3572.847,3 2,North,2,1,1
0,4,12,1,3573.358,3 2,West,2,1,1
0,4,12,2,3573.983,3 1,West,2,1,1
0,4,12,3,3574.497,3 1,North,2,1,1
0,4,12,2,3575.377,2 1,North,2,1,1
0,4,12,2,3576.147,1 1,North,2,1,1
0,4,12,1,3576.755,1 1,West,2,1,1
0,4,12,2,3577.363,1 0,West,2,1,1
0,4,12,1,3577.9,1 0,South,2,1,1
0,4,12,2,3578.497,2 0,South,2,1,1
0,4,12,2,3579.024,3 0,South,2,1,1
0,4,12,2,3579.573,4 0,South,2,1,1
0,4,12,6,3579.96,4 0,South,2,2,1
0,4,12,1,3580.085,4 0,East,2,2,1
0,4,12,1,3580.733,4 0,North,2,2,1
0,4,12,2,3581.344,3 0,North,2,2,1
0,4,12,2,3581.855,2 0,North,2,2,1
0,4,12,2,3582.816,1 0,North,2,2,1
0,4,12,3,3583.346,1 0,East,2,2,1
0,4,12,2,3583.878,1 1,East,2,2,1
0,4,12,3,3584.829,1 1,South,2,2,1
0,4,12,2,3585.409,2 1,South,2,2,1
0,4,12,2,3585.99,3 1,South,2,2,1
0,4,12,1,3586.51,3 1,East,2,2,1
0,4,12,2,3587.022,3 2,East,2,2,1
0,4,12,3,3587.602,3 2,South,2,2,1
0,4,12,2,3588.115,4 2,South,2,2,1
0,4,12,1,3589.009,4 2,East,2,2,1
0,4,12,2,3589.526,4 3,East,2,2,1
0,4,12,2,3590.083,4 4,East,2,2,1
0,4,12,1,3590.991,4 4,North,2,2,1
0,4,12,2,3591.934,3 4,North,2,2,1
0,4,12,2,3592.495,2 4,North,2,2,1
0,4,12,2,3593.251,1 4,North,2,2,1
0,4,12,1,3593.779,1 4,West,2,2,1
0,4,12,2,3594.75,1 3,West,2,2,1
0,4,12,1,3595.359,1 3,South,2,2,1
0,4,12,2,3595.921,2 3,South,2,2,1
0,4,12,3,3596.451,2 3,West,2,2,1
0,4,12,2,3597.011,2 2,West,2,2,1
0,4,12,3,3597.555,2 2,North,2,2,1
0,4,12,2,3598.096,1 2,North,2,2,1
0,4,12,2,3599.069,0 2,North,2,2,1
0,4,12,6,3599.46,0 2,North,2,3,1
0,4,12,1,3599.68,0 2,West,2,3,1
0,4,12,1,3600.208,0 2,South,2,3,1
0,4,12,2,3601.102,1 2,South,2,3,1
0,4,12,2,3601.701,2 2,South,2,3,1
0,4,12,1,3602.293,2 2,East,2,3,1
0,4,12,2,3602.83,2 3,East,2,3,1
0,4,12,1,3603.357,2 3,North,2,3,1
0,4,12,2,3603.891,1 3,North,2,3,1
0,4,12,3,3604.781,1 3,East,2,3,1
0,4,12,2,3605.636,1 4,East,2,3,1
0,4,12,3,3606.208,1 4,South,2,3,1
0,4,12,2,3606.755,2 4,South,2,3,1
0,4,12,2,3607.605,3 4,South,2,3,1
0,4,12,2,3608.228,4 4,South,2,3,1
0,4,12,3,3609.106,4 4,West,2,3,1
0,4,12,2,3609.678,4 3,West,2,3,1
0,4,12,3,3610.321,4 3,North,2,3,1
0,4,12,1,3610.846,4 3,West,2,3,1
0,4,12,2,3611.412,4 2,West,2,3,1
0,4,12,3,3612.307,4 2,North,2,3,1
0,4,12,2,3612.961,3 2,North,2,3,1
0,4,12,1,3613.501,3 2,West,2,3,1
0,4,12,2,3614.098,3 1,West,2,3,1
0,4,12,3,3614.982,3 1,North,2,3,1
0,4,12,2,3615.553,2 1,North,2,3,1
0,4,12,2,3616.148,1 1,North,2,3,1
0,4,12,1,3617.057,1 1,West,2,3,1
0,4,12,2,3617.598,1 0,West,2,3,1
0,4,12,6,3618,1 0,West,2,4,1
0,4,12,1,3618.127,1 0,South,2,4,1
0,4,12,1,3618.866,1 0,East,2,4,1
0,4,12,3,3619.532,1 0,South,2,4,1
0,4,12,2,3620.226,2 0,South,2,4,1
0,4,12,2,3620.742,3 0,South,2,4,1
0,4,12,2,3621.648,4 0,South,2,4,1
0,4,12,1,3622.349,4 0,East,2,4,1
0,4,12,2,3622.867,4 1,East,2,4,1
0,4,12,6,3623.28,4 1,East,2,5,1
0,4,12,1,3623.413,4 1,North,2,5,1
0,4,12,1,3624.028,4 1,West,2,5,1
0,4,12,2,3624.702,4 0,West,2,5,1
0,4,12,3,3625.646,4 0,North,2,5,1
0,4,12,2,3626.436,3 0,North,2,5,1
0,4,12,2,3627.268,2 0,North,2,5,1
0,4,12,6,3627.64,2 0,North,2,6,1
0,4,12,2,3627.826,1 0,North,2,6,1
0,4,12,3,3628.72,1 0,East,2,6,1
0,4,12,2,3629.345,1 1,East,2,6,1
0,4,12,3,3629.907,1 1,South,2,6,1
0,4,12,2,3630.444,2 1,South,2,6,1
0,4,12,2,3631.396,3 1,South,2,6,1
0,4,12,1,3631.973,3 1,East,2,6,1
0,4,12,2,3632.501,3 2,East,2,6,1
0,4,12,3,3633.11,3 2,South,2,6,1
0,4,12,2,3633.668,4 2,South,2,6,1
0,4,12,1,3634.595,4 2,East,2,6,1
0,4,12,2,3635.219,4 3,East,2,6,1
0,4,12,2,3635.844,4 4,East,2,6,1
0,4,12,1,3636.39,4 4,North,2,6,1
0,4,12,2,3637.374,3 4,North,2,6,1
0,4,12,6,3637.76,3 4,North,2,7,1
0,4,12,2,3637.894,2 4,North,2,7,1
0,4,12,2,3638.803,1 4,North,2,7,1
0,4,12,2,3639.33,0 4,North,2,7,1
0,4,12,1,3639.916,0 4,West,2,7,1
0,4,12,1,3640.452,0 4,South,2,7,1
0,4,12,2,3641.009,1 4,South,2,7,1
0,4,12,3,3641.926,1 4,West,2,7,1
0,4,12,2,3642.483,1 3,West,2,7,1
0,4,12,1,3643.345,1 3,South,2,7,1
0,4,12,2,3643.94,2 3,South,2,7,1
0,4,12,3,3644.453,2 3,West,2,7,1
0,4,12,2,3644.975,2 2,West,2,7,1
0,4,12,6,3645.38,2 2,West,2,8,1
2,4,12,3,3648.913,4 4,East,2,0,0
2,4,12,1,3649.635,4 4,North,2,0,0
2,4,12,1,3650.178,4 4,West,2,0,0
2,4,12,2,3652.019,4 3,West,2,0,0
2,4,12,2,3652.592,4 2,West,2,0,0
2,4,12,3,3653.287,4 2,North,2,0,0
2,4,12,2,3653.894,3 2,North,2,0,0
2,4,12,1,3654.517,3 2,West,2,0,0
2,4,12,2,3655.157,3 1,West,2,0,0
2,4,12,3,3655.829,3 1,North,2,0,0
2,4,12,2,3657.575,2 1,North,2,0,0
2,4,12,2,3658.114,1 1,North,2,0,0
2,4,12,1,3658.765,1 1,West,2,0,0
2,4,12,2,3659.31,1 0,West,2,0,0
2,4,12,6,3659.72,1 0,West,2,1,0
2,4,12,1,3659.897,1 0,South,2,1,0
2,4,12,1,3660.659,1 0,East,2,1,0
2,4,12,2,3661.278,1 1,East,2,1,0
2,4,12,3,3661.885,1 1,South,2,1,0
2,4,12,2,3662.58,2 1,South,2,1,0
2,4,12,2,3663.494,3 1,South,2,1,0
2,4,12,1,3664.166,3 1,East,2,1,0
2,4,12,2,3664.767,3 2,East,2,1,0
2,4,12,1,3665.375,3 2,North,2,1,0
2,4,12,2,3667.702,3 2,North,2,1,1
2,4,12,1,3668.227,3 2,West,2,1,1
2,4,12,2,3668.845,3 1,West,2,1,1
2,4,12,3,3669.379,3 1,North,2,1,1
2,4,12,2,3670.276,2 1,North,2,1,1
2,4,12,3,3670.941,2 1,East,2,1,1
2,4,12,2,3671.635,2 1,East,2,1,2
2,4,12,3,3672.878,2 1,South,2,1,2
2,4,12,2,3673.456,3 1,South,2,1,2
2,4,12,1,3674.126,3 1,East,2,1,2
2,4,12,2,3674.638,3 2,East,2,1,2
2,4,12,3,3675.267,3 2,South,2,1,2
2,4,12,2,3675.889,4 2,South,2,1,2
2,4,12,1,3676.455,4 2,East,2,1,2
2,4,12,2,3677.026,4 3,East,2,1,2
2,4,12,2,3677.633,4 4,East,2,1,2
2,4,12,1,3678.212,4 4,North,2,1,2
2,4,12,2,3678.8,3 4,North,2,1,2
2,4,12,2,3679.344,2 4,North,2,1,2
2,4,12,2,3680.255,1 4,North,2,1,2
2,4,12,1,3680.869,1 4,West,2,1,2
2,4,12,2,3681.501,1 3,West,2,1,2
2,4,12,1,3682.081,1 3,South,2,1,2
2,4,12,2,3682.628,2 3,South,2,1,2
2,4,12,3,3683.157,2 3,West,2,1,2
2,4,12,2,3683.726,2 2,West,2,1,2
2,4,12,6,3684.14,2 2,West,2,2,2
2,4,12,3,3684.437,2 2,North,2,2,2
2,4,12,3,3685.025,2 2,East,2,2,2
2,4,12,3,3685.725,2 2,South,2,2,2
2,4,12,1,3687.79,2 2,East,2,2,2
2,4,12,2,3688.529,2 3,East,2,2,2
2,4,12,1,3689.17,2 3,North,2,2,2
2,4,12,2,3689.81,1 3,North,2,2,2
2,4,12,3,3690.433,1 3,East,2,2,2
2,4,12,2,3690.973,1 4,East,2,2,2
2,4,12,3,3691.547,1 4,South,2,2,2
2,4,12,2,3692.11,2 4,South,2,2,2
2,4,12,2,3692.694,3 4,South,2,2,2
2,4,12,2,3693.249,4 4,South,2,2,2
2,4,12,3,3693.869,4 4,West,2,2,2
2,4,12,2,3694.453,4 3,West,2,2,2
2,4,12,2,3694.998,4 2,West,2,2,2
2,4,12,3,3695.747,4 2,North,2,2,2
2,4,12,2,3696.383,3 2,North,2,2,2
2,4,12,1,3697.359,3 2,West,2,2,2
2,4,12,2,3698.083,3 1,West,2,2,2
2,4,12,3,3698.753,3 1,North,2,2,2
2,4,12,2,3699.57,2 1,North,2,2,2
2,4,12,2,3700.159,1 1,North,2,2,2
2,4,12,1,3700.849,1 1,West,2,2,2
2,4,12,2,3701.421,1 0,West,2,2,2
2,4,12,1,3701.955,1 0,South,2,2,2
2,4,12,2,3702.529,2 0,South,2,2,2
2,4,12,2,3703.077,3 0,South,2,2,2
2,4,12,2,3703.603,4 0,South,2,2,2
2,4,12,1,3704.516,4 0,East,2,2,2
2,4,12,2,3705.246,4 1,East,2,2,2
2,4,12,6,3705.66,4 1,East,2,3,2
2,4,12,1,3705.824,4 1,North,2,3,2
2,4,12,1,3706.483,4 1,West,2,3,2
2,4,12,2,3707.155,4 0,West,2,3,2
2,4,12,3,3707.774,4 0,North,2,3,2
2,4,12,2,3708.368,3 0,North,2,3,2
2,4,12,2,3709.327,2 0,North,2,3,2
2,4,12,6,3709.72,2 0,North,2,4,2
2,4,12,2,3710.016,1 0,North,2,4,2
2,4,12,3,3710.738,1 0,East,2,4,2
2,4,12,2,3711.28,1 1,East,2,4,2
2,4,12,3,3711.84,1 1,South,2,4,2
2,4,12,2,3712.463,2 1,South,2,4,2
2,4,12,2,3712.975,3 1,South,2,4,2
2,4,12,1,3713.891,3 1,East,2,4,2
2,4,12,2,3714.531,3 2,East,2,4,2
2,4,12,3,3715.197,3 2,South,2,4,2
2,4,12,2,3715.821,4 2,South,2,4,2
2,4,12,1,3716.385,4 2,East,2,4,2
2,4,12,2,3717.06,4 3,East,2,4,2
2,4,12,2,3717.715,4 4,East,2,4,2
2,4,12,1,3718.305,4 4,North,2,4,2
2,4,12,2,3719.061,3 4,North,2,4,2
2,4,12,2,3719.604,2 4,North,2,4,2
2,4,12,2,3720.209,1 4,North,2,4,2
2,4,12,1,3720.863,1 4,West,2,4,2
2,4,12,3,3722.176,1 4,North,2,4,2
2,4,12,1,3723.214,1 4,West,2,4,2
2,4,12,2,3723.989,1 3,West,2,4,2
2,4,12,1,3724.645,1 3,South,2,4,2
2,4,12,2,3725.249,2 3,South,2,4,2
2,4,12,3,3725.908,2 3,West,2,4,2
2,4,12,2,3726.496,2 2,West,2,4,2
2,4,12,3,3727.024,2 2,North,2,4,2
2,4,12,2,3727.75,1 2,North,2,4,2
2,4,12,2,3728.42,0 2,North,2,4,2
2,4,12,6,3728.8,0 2,North,2,5,2
2,4,12,1,3728.998,0 2,West,2,5,2
2,4,12,1,3729.638,0 2,South,2,5,2
2,4,12,2,3730.371,1 2,South,2,5,2
2,4,12,2,3731.062,2 2,South,2,5,2
2,4,12,1,3731.728,2 2,East,2,5,2
2,4,12,2,3732.326,2 3,East,2,5,2
2,4,12,1,3732.945,2 3,North,2,5,2
2,4,12,2,3733.565,1 3,North,2,5,2
2,4,12,3,3734.245,1 3,East,2,5,2
2,4,12,2,3734.787,1 4,East,2,5,2
2,4,12,3,3735.314,1 4,South,2,5,2
2,4,12,2,3735.854,2 4,South,2,5,2
2,4,12,2,3736.738,3 4,South,2,5,2
2,4,12,6,3737.12,3 4,South,2,6,2
2,4,12,3,3737.551,3 4,West,2,6,2
2,4,12,3,3738.486,3 4,North,2,6,2
2,4,12,1,3739.647,3 4,West,2,6,2
2,4,12,3,3741.302,3 4,North,2,6,2
2,4,12,2,3742.166,2 4,North,2,6,2
2,4,12,1,3743.054,2 4,West,2,6,2
2,4,12,3,3744.324,2 4,North,2,6,2
2,4,12,2,3745.119,1 4,North,2,6,2
2,4,12,2,3746.469,0 4,North,2,6,2
2,4,12,3,3747.568,0 4,East,2,6,2
2,4,12,3,3748.193,0 4,South,2,6,2
2,4,12,2,3748.835,1 4,South,2,6,2
2,4,12,3,3749.52,1 4,West,2,6,2
2,4,12,2,3750.096,1 3,West,2,6,2
2,4,12,1,3750.688,1 3,South,2,6,2
2,4,12,2,3751.254,2 3,South,2,6,2
2,4,12,3,3751.874,2 3,West,2,6,2
2,4,12,2,3752.414,2 2,West,2,6,2
2,4,12,3,3753.043,2 2,North,2,6,2
2,4,12,2,3753.652,1 2,North,2,6,2
2,4,12,2,3754.193,0 2,North,2,6,2
2,4,12,1,3754.74,0 2,West,2,6,2
2,4,12,2,3755.282,0 1,West,2,6,2
2,4,12,6,3755.7,0 1,West,2,7,2
2,4,12,1,3756.244,0 1,South,2,7,2
2,4,12,1,3756.865,0 1,East,2,7,2
2,4,12,2,3757.572,0 2,East,2,7,2
2,4,12,3,3758.276,0 2,South,2,7,2
2,4,12,2,3758.836,1 2,South,2,7,2
2,4,12,2,3759.57,2 2,South,2,7,2
2,4,12,1,3760.204,2 2,East,2,7,2
2,4,12,2,3760.895,2 3,East,2,7,2
2,4,12,1,3761.666,2 3,North,2,7,2
2,4,12,2,3762.229,1 3,North,2,7,2
2,4,12,2,3763.598,1 3,North,2,7,3
2,4,12,3,3764.045,1 3,East,2,7,3
2,4,12,2,3764.579,1 4,East,2,7,3
2,4,12,3,3765.185,1 4,South,2,7,3
2,4,12,2,3765.759,2 4,South,2,7,3
2,4,12,2,3766.525,3 4,South,2,7,3
2,4,12,2,3767.243,4 4,South,2,7,3
2,4,12,3,3767.797,4 4,West,2,7,3
2,4,12,2,3768.614,4 3,West,2,7,3
2,4,12,6,3769.02,4 3,West,2,8,3
0,5,13,1,3782.868,4 4,West,3,0,3
0,5,13,3,3784.851,4 4,North,3,0,3
0,5,13,2,3786.338,3 4,North,3,0,3
0,5,13,1,3788.278,3 4,West,3,0,3
0,5,13,2,3789.015,3 3,West,3,0,3
0,5,13,3,3790.044,3 3,North,3,0,3
0,5,13,2,3790.658,2 3,North,3,0,3
0,5,13,2,3791.278,1 3,North,3,0,3
0,5,13,2,3791.838,0 3,North,3,0,3
0,5,13,3,3792.561,0 3,East,3,0,3
0,5,13,2,3793.325,0 4,East,3,0,3
0,5,13,3,3793.893,0 4,South,3,0,3
0,5,13,2,3794.501,1 4,South,3,0,3
0,5,13,2,3795.022,2 4,South,3,0,3
0,5,13,1,3795.606,2 4,East,3,0,3
0,5,13,1,3796.221,2 4,North,3,0,3
0,5,13,2,3796.865,1 4,North,3,0,3
0,5,13,2,3797.425,0 4,North,3,0,3
0,5,13,1,3797.95,0 4,West,3,0,3
0,5,13,2,3798.51,0 3,West,3,0,3
0,5,13,1,3799.427,0 3,South,3,0,3
0,5,13,2,3800.079,1 3,South,3,0,3
0,5,13,2,3800.592,2 3,South,3,0,3
0,5,13,2,3801.151,3 3,South,3,0,3
0,5,13,1,3801.75,3 3,East,3,0,3
0,5,13,2,3802.339,3 4,East,3,0,3
0,5,13,3,3802.93,3 4,South,3,0,3
0,5,13,2,3803.921,4 4,South,3,0,3
0,5,13,3,3804.529,4 4,West,3,0,3
0,5,13,3,3805.105,4 4,North,3,0,3
0,5,13,2,3810.678,3 4,North,3,0,3
0,5,13,1,3811.267,3 4,West,3,0,3
0,5,13,3,3813.012,3 4,North,3,0,3
0,5,13,3,3813.525,3 4,East,3,0,3
0,5,13,3,3814.148,3 4,South,3,0,3
0,5,13,2,3814.832,4 4,South,3,0,3
0,5,13,1,3815.438,4 4,East,3,0,3
0,5,13,1,3815.988,4 4,North,3,0,3
0,5,13,2,3816.995,3 4,North,3,0,3
0,5,13,1,3817.662,3 4,West,3,0,3
0,5,13,2,3818.373,3 3,West,3,0,3
0,5,13,3,3818.944,3 3,North,3,0,3
0,5,13,2,3819.633,2 3,North,3,0,3
0,5,13,2,3820.198,1 3,North,3,0,3
0,5,13,2,3820.847,0 3,North,3,0,3
0,5,13,3,3821.534,0 3,East,3,0,3
0,5,13,2,3822.13,0 4,East,3,0,3
0,5,13,3,3822.72,0 4,South,3,0,3
0,5,13,2,3823.366,1 4,South,3,0,3
0,5,13,2,3823.926,2 4,South,3,0,3
0,5,13,1,3824.516,2 4,East,3,0,3
0,5,13,1,3825.118,2 4,North,3,0,3
0,5,13,2,3825.907,1 4,North,3,0,3
0,5,13,2,3826.515,0 4,North,3,0,3
0,5,13,1,3827.103,0 4,West,3,0,3
0,5,13,2,3827.729,0 3,West,3,0,3
0,5,13,1,3828.288,0 3,South,3,0,3
0,5,13,2,3828.976,1 3,South,3,0,3
0,5,13,2,3829.549,2 3,South,3,0,3
0,5,13,2,3830.237,3 3,South,3,0,3
0,5,13,1,3830.817,3 3,East,3,0,3
0,5,13,2,3831.462,3 4,East,3,0,3
0,5,13,3,3832.044,3 4,South,3,0,3
0,5,13,2,3832.58,4 4,South,3,0,3
0,5,13,3,3833.442,4 4,West,3,0,3
0,5,13,2,3834.079,4 3,West,3,0,3
0,5,13,2,3834.674,4 2,West,3,0,3
0,5,13,2,3835.219,4 1,West,3,0,3
0,5,13,2,3835.763,4 0,West,3,0,3
0,5,13,1,3836.333,4 0,South,3,0,3
0,5,13,1,3837.33,4 0,East,3,0,3
0,5,13,2,3837.984,4 1,East,3,0,3
0,5,13,2,3838.546,4 2,East,3,0,3
0,5,13,2,3839.105,4 3,East,3,0,3
0,5,13,2,3839.653,4 4,East,3,0,3
0,5,13,1,3840.18,4 4,North,3,0,3
0,5,13,2,3840.806,3 4,North,3,0,3
0,5,13,1,3841.382,3 4,West,3,0,3
0,5,13,2,3841.999,3 3,West,3,0,3
0,5,13,3,3842.676,3 3,North,3,0,3
0,5,13,2,3843.284,2 3,North,3,0,3
0,5,13,2,3843.854,1 3,North,3,0,3
0,5,13,2,3844.42,0 3,North,3,0,3
0,5,13,3,3845.361,0 3,East,3,0,3
0,5,13,2,3846.003,0 4,East,3,0,3
0,5,13,3,3846.596,0 4,South,3,0,3
0,5,13,3,3847.213,0 4,West,3,0,3
0,5,13,2,3847.925,0 3,West,3,0,3
0,5,13,1,3848.496,0 3,South,3,0,3
0,5,13,2,3849.055,1 3,South,3,0,3
0,5,13,2,3849.686,2 3,South,3,0,3
0,5,13,2,3850.242,3 3,South,3,0,3
0,5,13,1,3851.183,3 3,East,3,0,3
0,5,13,2,3851.789,3 4,East,3,0,3
0,5,13,3,3852.386,3 4,South,3,0,3
0,5,13,2,3852.96,4 4,South,3,0,3
0,5,13,3,3853.541,4 4,West,3,0,3
0,5,13,2,3854.241,4 3,West,3,0,3
0,5,13,2,3854.844,4 2,West,3,0,3
0,5,13,2,3855.682,4 1,West,3,0,3
0,5,13,2,3856.32,4 0,West,3,0,3
0,5,13,3,3857.046,4 0,North,3,0,3
0,5,13,3,3857.633,4 0,East,3,0,3
0,5,13,2,3858.194,4 1,East,3,0,3
0,5,13,2,3858.78,4 2,East,3,0,3
0,5,13,1,3859.54,4 2,North,3,0,3
0,5,13,2,3860.157,3 2,North,3,0,3
0,5,13,1,3860.732,3 2,West,3,0,3
0,5,13,2,3863.038,3 1,West,3,0,3
0,5,13,2,3863.647,3 0,West,3,0,3
0,5,13,3,3864.416,3 0,North,3,0,3
0,5,13,2,3865.198,2 0,North,3,0,3
0,5,13,2,3865.804,1 0,North,3,0,3
0,5,13,3,3866.452,1 0,East,3,0,3
0,5,13,2,3867.182,1 1,East,3,0,3
0,5,13,3,3867.78,1 1,South,3,0,3
0,5,13,2,3868.353,2 1,South,3,0,3
0,5,13,1,3868.992,2 1,East,3,0,3
0,5,13,2,3869.602,2 2,East,3,0,3
0,5,13,1,3870.173,2 2,North,3,0,3
0,5,13,2,3870.926,1 2,North,3,0,3
0,5,13,2,3871.472,0 2,North,3,0,3
0,5,13,1,3872.012,0 2,West,3,0,3
0,5,13,2,3872.558,0 1,West,3,0,3
0,5,13,6,3872.96,0 1,West,3,1,3
0,5,13,2,3873.107,0 0,West,3,1,3
0,5,13,3,3874.019,0 0,North,3,1,3
0,5,13,3,3874.886,0 0,East,3,1,3
0,5,13,2,3875.743,0 1,East,3,1,3
0,5,13,2,3876.371,0 2,East,3,1,3
0,5,13,3,3876.929,0 2,South,3,1,3
0,5,13,2,3877.508,1 2,South,3,1,3
0,5,13,2,3878.117,2 2,South,3,1,3
0,5,13,6,3878.5,2 2,South,3,2,3
0,5,13,3,3878.723,2 2,West,3,2,3
0,5,13,2,3879.359,2 1,West,3,2,3
0,5,13,3,3879.907,2 1,North,3,2,3
0,5,13,2,3880.465,1 1,North,3,2,3
0,5,13,1,3881.024,1 1,West,3,2,3
0,5,13,2,3881.551,1 0,West,3,2,3
0,5,13,1,3882.128,1 0,South,3,2,3
0,5,13,2,3882.659,2 0,South,3,2,3
0,5,13,2,3883.382,3 0,South,3,2,3
0,5,13,1,3883.903,3 0,East,3,2,3
0,5,13,2,3884.422,3 1,East,3,2,3
0,5,13,2,3885.186,3 2,East,3,2,3
0,5,13,3,3885.745,3 2,South,3,2,3
0,5,13,2,3886.37,4 2,South,3,2,3
0,5,13,3,3886.917,4 2,West,3,2,3
0,5,13,2,3888.053,4 1,West,3,2,3
0,5,13,6,3888.46,4 1,West,3,3,3
0,5,13,2,3888.624,4 0,West,3,3,3
0,5,13,1,3889.573,4 0,South,3,3,3
0,5,13,1,3890.149,4 0,East,3,3,3
0,5,13,2,3890.908,4 1,East,3,3,3
0,5,13,2,3891.458,4 2,East,3,3,3
0,5,13,2,3892.126,4 3,East,3,3,3
0,5,13,2,3892.861,4 4,East,3,3,3
0,5,13,1,3893.398,4 4,North,3,3,3
0,5,13,2,3894.112,3 4,North,3,3,3
0,5,13,1,3894.785,3 4,West,3,3,3
0,5,13,2,3895.558,3 3,West,3,3,3
0,5,13,3,3896.159,3 3,North,3,3,3
0,5,13,2,3896.738,2 3,North,3,3,3
0,5,13,2,3897.377,1 3,North,3,3,3
0,5,13,2,3898.159,0 3,North,3,3,3
0,5,13,3,3898.757,0 3,East,3,3,3
0,5,13,2,3899.311,0 4,East,3,3,3
0,5,13,3,3899.875,0 4,South,3,3,3
0,5,13,2,3900.423,1 4,South,3,3,3
0,5,13,2,3900.945,2 4,South,3,3,3
0,5,13,1,3901.837,2 4,East,3,3,3
0,5,13,1,3902.454,2 4,North,3,3,3
0,5,13,2,3903.071,1 4,North,3,3,3
0,5,13,2,3903.616,0 4,North,3,3,3
0,5,13,1,3904.141,0 4,West,3,3,3
0,5,13,2,3904.756,0 3,West,3,3,3
0,5,13,1,3905.269,0 3,South,3,3,3
0,5,13,2,3905.839,1 3,South,3,3,3
0,5,13,2,3906.388,2 3,South,3,3,3
0,5,13,2,3906.928,3 3,South,3,3,3
0,5,13,1,3907.488,3 3,East,3,3,3
0,5,13,2,3908.053,3 4,East,3,3,3
0,5,13,3,3908.613,3 4,South,3,3,3
0,5,13,2,3909.485,4 4,South,3,3,3
0,5,13,3,3910.002,4 4,West,3,3,3
0,5,13,2,3910.528,4 3,West,3,3,3
0,5,13,2,3911.104,4 2,West,3,3,3
0,5,13,3,3912.045,4 2,North,3,3,3
0,5,13,1,3913.086,4 2,West,3,3,3
0,5,13,3,3913.949,4 2,North,3,3,3
0,5,13,2,3914.606,3 2,North,3,3,3
0,5,13,1,3915.422,3 2,West,3,3,3
0,5,13,2,3916.307,3 1,West,3,3,3
0,5,13,2,3916.846,3 0,West,3,3,3
0,5,13,3,3917.493,3 0,North,3,3,3
0,5,13,2,3918.07,2 0,North,3,3,3
0,5,13,6,3918.46,2 0,North,3,4,3
0,5,13,2,3918.594,1 0,North,3,4,3
0,5,13,3,3919.174,1 0,East,3,4,3
0,5,13,2,3923.153,1 1,East,3,4,3
0,5,13,3,3923.762,1 1,South,3,4,3
0,5,13,2,3924.468,2 1,South,3,4,3
0,5,13,1,3925.11,2 1,East,3,4,3
0,5,13,2,3925.717,2 2,East,3,4,3
0,5,13,1,3926.562,2 2,North,3,4,3
0,5,13,2,3927.552,1 2,North,3,4,3
0,5,13,2,3928.546,0 2,North,3,4,3
0,5,13,1,3929.182,0 2,West,3,4,3
0,5,13,2,3929.858,0 1,West,3,4,3
0,5,13,2,3930.514,0 0,West,3,4,3
0,5,13,1,3931.383,0 0,South,3,4,3
0,5,13,1,3931.934,0 0,East,3,4,3
0,5,13,2,3932.608,0 1,East,3,4,3
0,5,13,2,3933.185,0 2,East,3,4,3
0,5,13,3,3934.111,0 2,South,3,4,3
0,5,13,2,3934.829,1 2,South,3,4,3
0,5,13,2,3935.478,2 2,South,3,4,3
0,5,13,3,3936.048,2 2,West,3,4,3
0,5,13,2,3936.772,2 1,West,3,4,3
0,5,13,3,3937.319,2 1,North,3,4,3
0,5,13,2,3937.887,1 1,North,3,4,3
0,5,13,1,3938.438,1 1,West,3,4,3
0,5,13,2,3939.042,1 0,West,3,4,3
0,5,13,1,3939.98,1 0,South,3,4,3
0,5,13,2,3940.684,2 0,South,3,4,3
0,5,13,2,3941.281,3 0,South,3,4,3
0,5,13,1,3941.868,3 0,East,3,4,3
0,5,13,2,3942.497,3 1,East,3,4,3
0,5,13,2,3943.398,3 2,East,3,4,3
0,5,13,3,3944.013,3 2,South,3,4,3
0,5,13,3,3944.798,3 2,West,3,4,3
0,5,13,1,3945.473,3 2,South,3,4,3
0,5,13,2,3946.099,4 2,South,3,4,3
0,5,13,3,3946.772,4 2,West,3,4,3
0,5,13,1,3947.397,4 2,South,3,4,3
0,5,13,1,3948.019,4 2,East,3,4,3
0,5,13,2,3948.654,4 3,East,3,4,3
0,5,13,2,3949.284,4 4,East,3,4,3
0,5,13,1,3949.823,4 4,North,3,4,3
0,5,13,2,3952.206,3 4,North,3,4,3
0,5,13,1,3952.899,3 4,West,3,4,3
0,5,13,2,3956.239,3 3,West,3,4,3
0,5,13,3,3957.759,3 3,North,3,4,3
0,5,13,2,3958.657,2 3,North,3,4,3
0,5,13,2,3959.198,1 3,North,3,4,3
0,5,13,6,3959.58,1 3,North,3,5,3
0,5,13,2,3959.926,0 3,North,3,5,3
0,5,13,3,3960.51,0 3,East,3,5,3
0,5,13,2,3961.108,0 4,East,3,5,3
0,5,13,3,3962.293,0 4,South,3,5,3
0,5,13,2,3962.896,1 4,South,3,5,3
0,5,13,2,3963.446,2 4,South,3,5,3
0,5,13,1,3963.975,2 4,East,3,5,3
0,5,13,1,3964.56,2 4,North,3,5,3
0,5,13,2,3965.182,1 4,North,3,5,3
0,5,13,2,3965.76,0 4,North,3,5,3
0,5,13,1,3966.302,0 4,West,3,5,3
0,5,13,2,3966.878,0 3,West,3,5,3
0,5,13,1,3967.455,0 3,South,3,5,3
0,5,13,2,3968.045,1 3,South,3,5,3
0,5,13,2,3968.675,2 3,South,3,5,3
0,5,13,2,3969.234,3 3,South,3,5,3
0,5,13,1,3969.838,3 3,East,3,5,3
0,5,13,2,3970.366,3 4,East,3,5,3
0,5,13,3,3970.914,3 4,South,3,5,3
0,5,13,2,3971.43,4 4,South,3,5,3
0,5,13,3,3972.557,4 4,West,3,5,3
0,5,13,3,3973.092,4 4,North,3,5,3
0,5,13,2,3973.902,3 4,North,3,5,3
0,5,13,1,3974.447,3 4,West,3,5,3
0,5,13,2,3975.038,3 3,West,3,5,3
0,5,13,3,3975.714,3 3,North,3,5,3
0,5,13,2,3976.703,2 3,North,3,5,3
0,5,13,2,3977.628,1 3,North,3,5,3
0,5,13,2,3978.258,0 3,North,3,5,3
0,5,13,1,3979.138,0 3,West,3,5,3
0,5,13,1,3979.998,0 3,South,3,5,3
0,5,13,2,3980.626,1 3,South,3,5,3
0,5,13,2,3981.284,2 3,South,3,5,3
0,5,13,2,3981.874,3 3,South,3,5,3
0,5,13,1,3982.725,3 3,East,3,5,3
0,5,13,2,3983.328,3 4,East,3,5,3
0,5,13,3,3983.907,3 4,South,3,5,3
0,5,13,2,3984.499,4 4,South,3,5,3
0,5,13,3,3985.053,4 4,West,3,5,3
0,5,13,2,3985.872,4 3,West,3,5,3
0,5,13,2,3986.836,4 2,West,3,5,3
0,5,13,3,3987.486,4 2,North,3,5,3
0,5,13,2,3988.319,3 2,North,3,5,3
0,5,13,6,3988.7,3 2,North,3,6,3
0,5,13,1,3989.314,3 2,West,3,6,3
0,5,13,2,3991.583,3 1,West,3,6,3
0,5,13,2,3992.228,3 0,West,3,6,3
0,5,13,3,3993.603,3 0,North,3,6,3
0,5,13,2,3994.976,2 0,North,3,6,3
0,5,13,2,3998.18,1 0,North,3,6,3
0,5,13,3,3999.072,1 0,East,3,6,3
0,5,13,2,4000.72,1 1,East,3,6,3
0,5,13,3,4001.358,1 1,South,3,6,3
0,5,13,2,4002.582,2 1,South,3,6,3
0,5,13,1,4003.297,2 1,East,3,6,3
0,5,13,2,4004.101,2 2,East,3,6,3
0,5,13,1,4004.751,2 2,North,3,6,3
0,5,13,2,4005.468,1 2,North,3,6,3
0,5,13,2,4006.094,0 2,North,3,6,3
0,5,13,1,4006.788,0 2,West,3,6,3
0,5,13,2,4007.439,0 1,West,3,6,3
0,5,13,2,4008.064,0 0,West,3,6,3
0,5,13,3,4009.042,0 0,North,3,6,3
0,5,13,3,4009.599,0 0,East,3,6,3
0,5,13,2,4010.368,0 1,East,3,6,3
0,5,13,2,4011.171,0 2,East,3,6,3
0,5,13,3,4012.784,0 2,South,3,6,3
0,5,13,2,4013.631,1 2,South,3,6,3
0,5,13,2,4014.308,2 2,South,3,6,3
0,5,13,3,4015.314,2 2,West,3,6,3
0,5,13,2,4018.257,2 1,West,3,6,3
0,5,13,3,4018.805,2 1,North,3,6,3
0,5,13,2,4019.438,1 1,North,3,6,3
0,5,13,1,4020.065,1 1,West,3,6,3
0,5,13,2,4020.74,1 0,West,3,6,3
0,5,13,1,4021.374,1 0,South,3,6,3
0,5,13,2,4022.514,2 0,South,3,6,3
0,5,13,2,4023.12,3 0,South,3,6,3
0,5,13,1,4023.679,3 0,East,3,6,3
0,5,13,2,4024.307,3 1,East,3,6,3
0,5,13,2,4024.917,3 2,East,3,6,3
0,5,13,3,4025.468,3 2,South,3,6,3
0,5,13,2,4026.209,4 2,South,3,6,3
0,5,13,1,4026.782,4 2,East,3,6,3
0,5,13,1,4027.348,4 2,North,3,6,3
0,5,13,1,4028.469,4 2,West,3,6,3
0,5,13,3,4029.154,4 2,North,3,6,3
0,5,13,2,4030.019,3 2,North,3,6,3
0,5,13,1,4039.313,3 2,West,3,6,3
0,5,13,1,4040.305,3 2,South,3,6,3
0,5,13,3,4043.191,3 2,West,3,6,3
0,5,13,2,4045.143,3 1,West,3,6,3
0,5,13,2,4046.099,3 0,West,3,6,3
0,5,13,3,4050.868,3 0,North,3,6,3
0,5,13,3,4052.094,3 0,East,3,6,3
0,5,13,1,4052.782,3 0,North,3,6,3
0,5,13,2,4054.851,2 0,North,3,6,3
0,5,13,2,4055.75,1 0,North,3,6,3
0,5,13,3,4057.814,1 0,East,3,6,3
0,5,13,3,4063.234,1 0,South,3,6,3
0,5,13,2,4063.937,2 0,South,3,6,3
0,5,13,2,4064.543,3 0,South,3,6,3
0,5,13,1,4065.144,3 0,East,3,6,3
0,5,13,2,4065.886,3 1,East,3,6,3
0,5,13,2,4066.533,3 2,East,3,6,3
0,5,13,3,4067.093,3 2,South,3,6,3
0,5,13,2,4067.678,4 2,South,3,6,3
0,5,13,3,4068.204,4 2,West,3,6,3
0,5,13,3,4068.866,4 2,North,3,6,3
0,5,13,2,4069.582,3 2,North,3,6,3
0,5,13,1,4070.131,3 2,West,3,6,3
0,5,13,2,4070.766,3 1,West,3,6,3
0,5,13,2,4071.373,3 0,West,3,6,3
0,5,13,3,4071.902,3 0,North,3,6,3
0,5,13,3,4073.409,3 0,East,3,6,3
0,5,13,1,4074.029,3 0,North,3,6,3
0,5,13,2,4074.707,2 0,North,3,6,3
0,5,13,2,4075.311,1 0,North,3,6,3
0,5,13,3,4075.886,1 0,East,3,6,3
0,5,13,2,4076.565,1 1,East,3,6,3
0,5,13,3,4079.091,1 1,South,3,6,3
0,5,13,2,4079.715,2 1,South,3,6,3
0,5,13,1,4080.369,2 1,East,3,6,3
0,5,13,2,4081.045,2 2,East,3,6,3
0,5,13,1,4081.73,2 2,North,3,6,3
0,5,13,2,4083.043,1 2,North,3,6,3
0,5,13,2,4083.646,0 2,North,3,6,3
0,5,13,1,4084.229,0 2,West,3,6,3
0,5,13,1,4085.646,0 2,South,3,6,3
0,5,13,2,4086.446,1 2,South,3,6,3
0,5,13,2,4086.993,2 2,South,3,6,3
0,5,13,3,4087.553,2 2,West,3,6,3
0,5,13,3,4088.478,2 2,North,3,6,3
0,5,13,3,4090.339,2 2,East,3,6,3
0,5,13,1,4091.44,2 2,North,3,6,3
0,5,13,1,4092.164,2 2,West,3,6,3
0,5,13,2,4092.932,2 1,West,3,6,3
0,5,13,3,4093.488,2 1,North,3,6,3
0,5,13,2,4094.141,1 1,North,3,6,3
0,5,13,1,4094.678,1 1,West,3,6,3
0,5,13,2,4095.252,1 0,West,3,6,3
0,5,13,1,4095.796,1 0,South,3,6,3
0,5,13,2,4096.381,2 0,South,3,6,3
0,5,13,2,4096.975,3 0,South,3,6,3
0,5,13,1,4097.539,3 0,East,3,6,3
0,5,13,2,4098.086,3 1,East,3,6,3
0,5,13,3,4098.774,3 1,South,3,6,3
0,5,13,1,4099.62,3 1,East,3,6,3
0,5,13,2,4100.271,3 2,East,3,6,3
0,5,13,3,4100.838,3 2,South,3,6,3
0,5,13,2,4101.477,4 2,South,3,6,3
0,5,13,1,4102.066,4 2,East,3,6,3
0,5,13,2,4102.701,4 3,East,3,6,3
0,5,13,2,4103.266,4 4,East,3,6,3
0,5,13,1,4103.839,4 4,North,3,6,3
0,5,13,2,4104.509,3 4,North,3,6,3
0,5,13,1,4105.33,3 4,West,3,6,3
0,5,13,2,4106.063,3 3,West,3,6,3
0,5,13,3,4106.591,3 3,North,3,6,3
0,5,13,2,4107.2,2 3,North,3,6,3
0,5,13,2,4107.78,1 3,North,3,6,3
0,5,13,2,4108.336,0 3,North,3,6,3
0,5,13,3,4108.851,0 3,East,3,6,3
0,5,13,2,4109.397,0 4,East,3,6,3
0,5,13,3,4109.969,0 4,South,3,6,3
0,5,13,2,4110.546,1 4,South,3,6,3
0,5,13,2,4111.093,2 4,South,3,6,3
0,5,13,6,4111.46,2 4,South,3,7,3
0,5,13,1,4112.032,2 4,East,3,7,3
0,5,13,1,4112.558,2 4,North,3,7,3
0,5,13,2,4113.123,1 4,North,3,7,3
0,5,13,2,4113.7,0 4,North,3,7,3
0,5,13,6,4114.08,0 4,North,3,8,3
2,5,13,2,4118.143,3 4,North,3,0,0
2,5,13,2,4118.815,3 4,North,3,0,1
2,5,13,1,4119.554,3 4,West,3,0,1
2,5,13,1,4120.356,3 4,South,3,0,1
2,5,13,2,4121.062,4 4,South,3,0,1
2,5,13,3,4121.648,4 4,West,3,0,1
2,5,13,3,4123.123,4 4,North,3,0,1
2,5,13,2,4124.547,3 4,North,3,0,1
2,5,13,1,4125.104,3 4,West,3,0,1
2,5,13,2,4125.696,3 3,West,3,0,1
2,5,13,3,4126.302,3 3,North,3,0,1
2,5,13,2,4126.997,2 3,North,3,0,1
2,5,13,2,4127.889,1 3,North,3,0,1
2,5,13,2,4128.533,0 3,North,3,0,1
2,5,13,3,4129.167,0 3,East,3,0,1
2,5,13,2,4129.728,0 4,East,3,0,1
2,5,13,3,4130.308,0 4,South,3,0,1
2,5,13,2,4130.886,1 4,South,3,0,1
2,5,13,2,4131.43,2 4,South,3,0,1
2,5,13,6,4131.8,2 4,South,3,1,1
2,5,13,1,4131.969,2 4,East,3,1,1
2,5,13,1,4132.557,2 4,North,3,1,1
2,5,13,2,4133.152,1 4,North,3,1,1
2,5,13,2,4133.679,0 4,North,3,1,1
2,5,13,1,4134.605,0 4,West,3,1,1
2,5,13,2,4135.237,0 3,West,3,1,1
2,5,13,1,4135.761,0 3,South,3,1,1
2,5,13,2,4136.37,1 3,South,3,1,1
2,5,13,2,4136.898,2 3,South,3,1,1
2,5,13,2,4137.491,3 3,South,3,1,1
2,5,13,1,4138.063,3 3,East,3,1,1
2,5,13,2,4138.655,3 4,East,3,1,1
2,5,13,3,4139.25,3 4,South,3,1,1
2,5,13,2,4139.805,4 4,South,3,1,1
2,5,13,3,4140.404,4 4,West,3,1,1
2,5,13,2,4141.008,4 3,West,3,1,1
2,5,13,2,4141.797,4 2,West,3,1,1
2,5,13,2,4142.816,4 1,West,3,1,1
2,5,13,6,4143.22,4 1,West,3,2,1
2,5,13,3,4143.765,4 1,North,3,2,1
2,5,13,3,4144.621,4 1,East,3,2,1
2,5,13,2,4145.27,4 2,East,3,2,1
2,5,13,1,4146.005,4 2,North,3,2,1
2,5,13,2,4146.753,3 2,North,3,2,1
2,5,13,1,4147.38,3 2,West,3,2,1
2,5,13,2,4147.919,3 1,West,3,2,1
2,5,13,2,4149.519,3 0,West,3,2,1
2,5,13,3,4150.256,3 0,North,3,2,1
2,5,13,2,4150.9,2 0,North,3,2,1
2,5,13,6,4151.28,2 0,North,3,3,1
2,5,13,3,4151.716,2 0,East,3,3,1
2,5,13,3,4152.656,2 0,South,3,3,1
2,5,13,2,4153.325,3 0,South,3,3,1
2,5,13,1,4153.873,3 0,East,3,3,1
2,5,13,2,4154.484,3 1,East,3,3,1
2,5,13,2,4155.074,3 2,East,3,3,1
2,5,13,3,4155.663,3 2,South,3,3,1
2,5,13,2,4156.307,4 2,South,3,3,1
2,5,13,1,4156.894,4 2,East,3,3,1
2,5,13,2,4157.457,4 3,East,3,3,1
2,5,13,2,4158.014,4 4,East,3,3,1
2,5,13,1,4158.865,4 4,North,3,3,1
2,5,13,2,4159.58,3 4,North,3,3,1
2,5,13,2,4160.174,3 4,North,3,3,2
2,5,13,1,4160.671,3 4,West,3,3,2
2,5,13,1,4161.478,3 4,South,3,3,2
2,5,13,3,4162.677,3 4,West,3,3,2
2,5,13,2,4163.278,3 3,West,3,3,2
2,5,13,3,4163.934,3 3,North,3,3,2
2,5,13,2,4165.715,2 3,North,3,3,2
2,5,13,2,4166.678,1 3,North,3,3,2
2,5,13,2,4167.489,0 3,North,3,3,2
2,5,13,3,4168.097,0 3,East,3,3,2
2,5,13,2,4168.61,0 4,East,3,3,2
2,5,13,6,4169.02,0 4,East,3,4,2
2,5,13,1,4169.23,0 4,North,3,4,2
2,5,13,1,4169.808,0 4,West,3,4,2
2,5,13,1,4170.502,0 4,South,3,4,2
2,5,13,3,4171.296,0 4,West,3,4,2
2,5,13,2,4171.907,0 3,West,3,4,2
2,5,13,1,4172.511,0 3,South,3,4,2
2,5,13,2,4173.141,1 3,South,3,4,2
2,5,13,2,4173.71,2 3,South,3,4,2
2,5,13,6,4174.1,2 3,South,3,5,2
2,5,13,2,4174.499,3 3,South,3,5,2
2,5,13,1,4176.372,3 3,East,3,5,2
2,5,13,2,4176.926,3 4,East,3,5,2
2,5,13,3,4177.504,3 4,South,3,5,2
2,5,13,2,4178.096,4 4,South,3,5,2
2,5,13,3,4178.644,4 4,West,3,5,2
2,5,13,2,4179.822,4 3,West,3,5,2
2,5,13,2,4180.755,4 2,West,3,5,2
2,5,13,3,4181.379,4 2,North,3,5,2
2,5,13,2,4182.259,3 2,North,3,5,2
2,5,13,6,4182.64,3 2,North,3,6,2
2,5,13,1,4184.175,3 2,West,3,6,2
2,5,13,2,4185.062,3 1,West,3,6,2
2,5,13,2,4185.869,3 0,West,3,6,2
2,5,13,3,4186.547,3 0,North,3,6,2
2,5,13,2,4187.396,2 0,North,3,6,2
2,5,13,2,4188.07,1 0,North,3,6,2
2,5,13,3,4189.73,1 0,East,3,6,2
2,5,13,2,4190.575,1 1,East,3,6,2
2,5,13,3,4192.102,1 1,South,3,6,2
2,5,13,2,4192.72,2 1,South,3,6,2
2,5,13,6,4193.1,2 1,South,3,7,2
2,5,13,2,4194.59,2 1,South,3,7,3
2,5,13,1,4195.221,2 1,East,3,7,3
2,5,13,2,4195.81,2 2,East,3,7,3
2,5,13,6,4196.22,2 2,East,3,8,3
0,5,14,1,4201.342,4 4,West,3,0,3
0,5,14,3,4202.285,4 4,North,3,0,3
0,5,14,2,4203.967,3 4,North,3,0,3
0,5,14,1,4204.67,3 4,West,3,0,3
0,5,14,2,4205.33,3 3,West,3,0,3
0,5,14,3,4205.888,3 3,North,3,0,3
0,5,14,2,4206.565,2 3,North,3,0,3
0,5,14,2,4207.103,1 3,North,3,0,3
0,5,14,2,4207.713,0 3,North,3,0,3
0,5,14,3,4208.26,0 3,East,3,0,3
0,5,14,2,4208.863,0 4,East,3,0,3
0,5,14,3,4209.376,0 4,South,3,0,3
0,5,14,2,4209.99,1 4,South,3,0,3
0,5,14,2,4210.527,2 4,South,3,0,3
0,5,14,1,4211.047,2 4,East,3,0,3
0,5,14,1,4211.583,2 4,North,3,0,3
0,5,14,2,4212.131,1 4,North,3,0,3
0,5,14,2,4212.706,0 4,North,3,0,3
0,5,14,1,4213.62,0 4,West,3,0,3
0,5,14,2,4214.275,0 3,West,3,0,3
0,5,14,1,4214.82,0 3,South,3,0,3
0,5,14,2,4215.423,1 3,South,3,0,3
0,5,14,2,4216.061,2 3,South,3,0,3
0,5,14,2,4216.625,3 3,South,3,0,3
0,5,14,1,4217.235,3 3,East,3,0,3
0,5,14,2,4217.86,3 4,East,3,0,3
0,5,14,3,4218.389,3 4,South,3,0,3
0,5,14,2,4218.946,4 4,South,3,0,3
0,5,14,3,4219.908,4 4,West,3,0,3
0,5,14,2,4220.805,4 3,West,3,0,3
0,5,14,2,4221.566,4 2,West,3,0,3
0,5,14,6,4221.98,4 2,West,3,1,3
0,5,14,3,4222.105,4 2,North,3,1,3
0,5,14,2,4222.846,3 2,North,3,1,3
0,5,14,1,4223.742,3 2,West,3,1,3
0,5,14,2,4224.369,3 1,West,3,1,3
0,5,14,2,4224.997,3 0,West,3,1,3
0,5,14,3,4225.933,3 0,North,3,1,3
0,5,14,2,4226.625,2 0,North,3,1,3
0,5,14,2,4227.181,1 0,North,3,1,3
0,5,14,3,4227.808,1 0,East,3,1,3
0,5,14,2,4228.767,1 1,East,3,1,3
0,5,14,3,4229.316,1 1,South,3,1,3
0,5,14,2,4229.935,2 1,South,3,1,3
0,5,14,1,4230.591,2 1,East,3,1,3
0,5,14,2,4231.261,2 2,East,3,1,3
0,5,14,1,4231.871,2 2,North,3,1,3
0,5,14,2,4232.693,1 2,North,3,1,3
0,5,14,2,4234.27,0 2,North,3,1,3
0,5,14,1,4235.293,0 2,West,3,1,3
0,5,14,2,4236.004,0 1,West,3,1,3
0,5,14,2,4237.022,0 0,West,3,1,3
0,5,14,1,4237.716,0 0,South,3,1,3
0,5,14,1,4238.341,0 0,East,3,1,3
0,5,14,2,4239.009,0 1,East,3,1,3
0,5,14,2,4240.003,0 2,East,3,1,3
0,5,14,3,4240.542,0 2,South,3,1,3
0,5,14,2,4241.267,1 2,South,3,1,3
0,5,14,2,4241.956,2 2,South,3,1,3
0,5,14,3,4243.359,2 2,West,3,1,3
0,5,14,2,4244.015,2 1,West,3,1,3
0,5,14,3,4244.59,2 1,North,3,1,3
0,5,14,2,4245.237,1 1,North,3,1,3
0,5,14,1,4245.836,1 1,West,3,1,3
0,5,14,2,4246.549,1 0,West,3,1,3
0,5,14,1,4247.439,1 0,South,3,1,3
0,5,14,2,4248.145,2 0,South,3,1,3
0,5,14,2,4248.75,3 0,South,3,1,3
0,5,14,1,4249.405,3 0,East,3,1,3
0,5,14,2,4250.141,3 1,East,3,1,3
0,5,14,2,4250.753,3 2,East,3,1,3
0,5,14,3,4251.358,3 2,South,3,1,3
0,5,14,2,4252.034,4 2,South,3,1,3
0,5,14,1,4252.639,4 2,East,3,1,3
0,5,14,2,4253.264,4 3,East,3,1,3
0,5,14,2,4253.87,4 4,East,3,1,3
0,5,14,1,4254.542,4 4,North,3,1,3
0,5,14,2,4255.103,3 4,North,3,1,3
0,5,14,1,4255.651,3 4,West,3,1,3
0,5,14,2,4256.19,3 3,West,3,1,3
0,5,14,6,4256.6,3 3,West,3,2,3
0,5,14,3,4256.724,3 3,North,3,2,3
0,5,14,2,4257.345,2 3,North,3,2,3
0,5,14,2,4257.906,1 3,North,3,2,3
0,5,14,2,4258.511,0 3,North,3,2,3
0,5,14,3,4259.077,0 3,East,3,2,3
0,5,14,2,4259.605,0 4,East,3,2,3
0,5,14,3,4260.433,0 4,South,3,2,3
0,5,14,3,4260.991,0 4,West,3,2,3
0,5,14,2,4261.6,0 3,West,3,2,3
0,5,14,1,4262.15,0 3,South,3,2,3
0,5,14,2,4262.718,1 3,South,3,2,3
0,5,14,2,4263.279,2 3,South,3,2,3
0,5,14,2,4264.432,3 3,South,3,2,3
0,5,14,1,4265.039,3 3,East,3,2,3
0,5,14,2,4265.585,3 4,East,3,2,3
0,5,14,3,4266.526,3 4,South,3,2,3
0,5,14,2,4267.168,4 4,South,3,2,3
0,5,14,3,4267.763,4 4,West,3,2,3
0,5,14,3,4268.4,4 4,North,3,2,3
0,5,14,1,4269.106,4 4,West,3,2,3
0,5,14,2,4269.811,4 3,West,3,2,3
0,5,14,2,4270.533,4 2,West,3,2,3
0,5,14,3,4271.408,4 2,North,3,2,3
0,5,14,2,4272.016,3 2,North,3,2,3
0,5,14,1,4272.599,3 2,West,3,2,3
0,5,14,2,4273.217,3 1,West,3,2,3
0,5,14,3,4273.796,3 1,North,3,2,3
0,5,14,1,4274.382,3 1,West,3,2,3
0,5,14,2,4275.04,3 0,West,3,2,3
0,5,14,3,4275.566,3 0,North,3,2,3
0,5,14,2,4276.174,2 0,North,3,2,3
0,5,14,2,4276.847,1 0,North,3,2,3
0,5,14,3,4277.358,1 0,East,3,2,3
0,5,14,2,4277.997,1 1,East,3,2,3
0,5,14,3,4278.596,1 1,South,3,2,3
0,5,14,2,4279.206,2 1,South,3,2,3
0,5,14,1,4279.777,2 1,East,3,2,3
0,5,14,1,4281.2,2 1,North,3,2,3
0,5,14,2,4281.793,1 1,North,3,2,3
0,5,14,1,4282.704,1 1,West,3,2,3
0,5,14,2,4283.574,1 0,West,3,2,3
0,5,14,1,4284.085,1 0,South,3,2,3
0,5,14,2,4284.787,2 0,South,3,2,3
0,5,14,2,4285.326,3 0,South,3,2,3
0,5,14,1,4286.189,3 0,East,3,2,3
0,5,14,2,4286.976,3 1,East,3,2,3
0,5,14,2,4287.822,3 2,East,3,2,3
0,5,14,3,4288.384,3 2,South,3,2,3
0,5,14,2,4288.911,4 2,South,3,2,3
0,5,14,3,4289.487,4 2,West,3,2,3
0,5,14,3,4290.529,4 2,North,3,2,3
0,5,14,1,4292.708,4 2,West,3,2,3
0,5,14,3,4293.47,4 2,North,3,2,3
0,5,14,2,4294.39,3 2,North,3,2,3
0,5,14,1,4294.961,3 2,West,3,2,3
0,5,14,2,4296.192,3 1,West,3,2,3
0,5,14,2,4296.78,3 0,West,3,2,3
0,5,14,3,4297.36,3 0,North,3,2,3
0,5,14,2,4297.938,2 0,North,3,2,3
0,5,14,2,4298.535,1 0,North,3,2,3
0,5,14,3,4299.093,1 0,East,3,2,3
0,5,14,2,4299.861,1 1,East,3,2,3
0,5,14,3,4300.56,1 1,South,3,2,3
0,5,14,2,4301.238,2 1,South,3,2,3
0,5,14,1,4301.809,2 1,East,3,2,3
0,5,14,2,4302.417,2 2,East,3,2,3
0,5,14,1,4303.009,2 2,North,3,2,3
0,5,14,2,4303.635,1 2,North,3,2,3
0,5,14,2,4304.195,0 2,North,3,2,3
0,5,14,1,4304.75,0 2,West,3,2,3
0,5,14,2,4305.361,0 1,West,3,2,3
0,5,14,2,4305.876,0 0,West,3,2,3
0,5,14,6,4306.28,0 0,West,3,3,3
0,5,14,1,4306.8,0 0,South,3,3,3
0,5,14,1,4307.455,0 0,East,3,3,3
0,5,14,2,4308.288,0 1,East,3,3,3
0,5,14,2,4308.835,0 2,East,3,3,3
0,5,14,3,4309.395,0 2,South,3,3,3
0,5,14,2,4310.003,1 2,South,3,3,3
0,5,14,2,4310.702,2 2,South,3,3,3
0,5,14,3,4311.312,2 2,West,3,3,3
0,5,14,2,4312.017,2 1,West,3,3,3
0,5,14,3,4313.004,2 1,North,3,3,3
0,5,14,2,4313.66,1 1,North,3,3,3
0,5,14,1,4314.318,1 1,West,3,3,3
0,5,14,2,4314.895,1 0,West,3,3,3
0,5,14,1,4315.521,1 0,South,3,3,3
0,5,14,2,4316.173,2 0,South,3,3,3
0,5,14,2,4316.771,3 0,South,3,3,3
0,5,14,1,4317.35,3 0,East,3,3,3
0,5,14,2,4317.967,3 1,East,3,3,3
0,5,14,2,4318.566,3 2,East,3,3,3
0,5,14,3,4319.089,3 2,South,3,3,3
0,5,14,2,4319.684,4 2,South,3,3,3
0,5,14,1,4320.208,4 2,East,3,3,3
0,5,14,2,4320.773,4 3,East,3,3,3
0,5,14,6,4321.18,4 3,East,3,4,3
0,5,14,2,4321.342,4 4,East,3,4,3
0,5,14,1,4321.924,4 4,North,3,4,3
0,5,14,2,4322.48,3 4,North,3,4,3
0,5,14,6,4322.86,3 4,North,3,5,3
0,5,14,1,4323.036,3 4,West,3,5,3
0,5,14,2,4323.571,3 3,West,3,5,3
0,5,14,3,4324.53,3 3,North,3,5,3
0,5,14,2,4325.091,2 3,North,3,5,3
0,5,14,2,4325.669,1 3,North,3,5,3
0,5,14,2,4326.259,0 3,North,3,5,3
0,5,14,3,4326.814,0 3,East,3,5,3
0,5,14,2,4327.377,0 4,East,3,5,3
0,5,14,3,4327.981,0 4,South,3,5,3
0,5,14,3,4328.594,0 4,West,3,5,3
0,5,14,2,4329.189,0 3,West,3,5,3
0,5,14,1,4330.068,0 3,South,3,5,3
0,5,14,2,4330.734,1 3,South,3,5,3
0,5,14,2,4331.379,2 3,South,3,5,3
0,5,14,2,4331.906,3 3,South,3,5,3
0,5,14,1,4332.612,3 3,East,3,5,3
0,5,14,2,4333.197,3 4,East,3,5,3
0,5,14,3,4334.094,3 4,South,3,5,3
0,5,14,2,4334.788,4 4,South,3,5,3
0,5,14,3,4335.314,4 4,West,3,5,3
0,5,14,3,4335.973,4 4,North,3,5,3
0,5,14,1,4336.544,4 4,West,3,5,3
0,5,14,2,4337.086,4 3,West,3,5,3
0,5,14,2,4337.621,4 2,West,3,5,3
0,5,14,3,4338.163,4 2,North,3,5,3
0,5,14,2,4338.876,3 2,North,3,5,3
0,5,14,2,4339.523,3 2,North,3,5,3
0,5,14,1,4339.964,3 2,West,3,5,3
0,5,14,2,4340.736,3 1,West,3,5,3
0,5,14,2,4341.313,3 0,West,3,5,3
0,5,14,3,4341.917,3 0,North,3,5,3
0,5,14,2,4342.511,2 0,North,3,5,3
0,5,14,2,4343.088,1 0,North,3,5,3
0,5,14,3,4343.665,1 0,East,3,5,3
0,5,14,3,4346.469,1 0,South,3,5,3
0,5,14,1,4348.017,1 0,East,3,5,3
0,5,14,2,4348.837,1 1,East,3,5,3
0,5,14,3,4349.436,1 1,South,3,5,3
0,5,14,2,4350.005,2 1,South,3,5,3
0,5,14,1,4350.574,2 1,East,3,5,3
0,5,14,2,4351.28,2 2,East,3,5,3
0,5,14,1,4351.908,2 2,North,3,5,3
0,5,14,2,4352.781,1 2,North,3,5,3
0,5,14,2,4353.309,0 2,North,3,5,3
0,5,14,6,4353.7,0 2,North,3,6,3
0,5,14,1,4353.869,0 2,West,3,6,3
0,5,14,1,4356.033,0 2,South,3,6,3
0,5,14,2,4357.477,1 2,South,3,6,3
0,5,14,2,4358.068,2 2,South,3,6,3
0,5,14,3,4358.725,2 2,West,3,6,3
0,5,14,2,4359.645,2 1,West,3,6,3
0,5,14,3,4360.209,2 1,North,3,6,3
0,5,14,2,4362.946,1 1,North,3,6,3
0,5,14,1,4363.671,1 1,West,3,6,3
0,5,14,2,4364.256,1 0,West,3,6,3
0,5,14,1,4364.851,1 0,South,3,6,3
0,5,14,2,4365.516,2 0,South,3,6,3
0,5,14,2,4366.133,3 0,South,3,6,3
0,5,14,1,4366.717,3 0,East,3,6,3
0,5,14,2,4368.221,3 1,East,3,6,3
0,5,14,2,4368.781,3 2,East,3,6,3
0,5,14,1,4370.803,3 2,North,3,6,3
0,5,14,1,4371.362,3 2,West,3,6,3
0,5,14,2,4372.116,3 1,West,3,6,3
0,5,14,2,4372.784,3 0,West,3,6,3
0,5,14,3,4373.535,3 0,North,3,6,3
0,5,14,2,4374.304,2 0,North,3,6,3
0,5,14,2,4374.979,1 0,North,3,6,3
0,5,14,3,4375.616,1 0,East,3,6,3
0,5,14,2,4376.368,1 1,East,3,6,3
0,5,14,3,4376.946,1 1,South,3,6,3
0,5,14,2,4377.574,2 1,South,3,6,3
0,5,14,1,4378.259,2 1,East,3,6,3
0,5,14,2,4378.829,2 2,East,3,6,3
0,5,14,1,4379.429,2 2,North,3,6,3
0,5,14,2,4379.94,1 2,North,3,6,3
0,5,14,2,4380.469,0 2,North,3,6,3
0,5,14,1,4381.327,0 2,West,3,6,3
0,5,14,1,4381.873,0 2,South,3,6,3
0,5,14,2,4382.511,1 2,South,3,6,3
0,5,14,2,4383.117,2 2,South,3,6,3
0,5,14,3,4383.677,2 2,West,3,6,3
0,5,14,2,4384.325,2 1,West,3,6,3
0,5,14,3,4384.9,2 1,North,3,6,3
0,5,14,2,4385.458,1 1,North,3,6,3
0,5,14,1,4386.035,1 1,West,3,6,3
0,5,14,2,4386.612,1 0,West,3,6,3
0,5,14,1,4387.137,1 0,South,3,6,3
0,5,14,2,4387.712,2 0,South,3,6,3
0,5,14,1,4388.433,2 0,East,3,6,3
0,5,14,3,4388.992,2 0,South,3,6,3
0,5,14,2,4389.518,3 0,South,3,6,3
0,5,14,1,4390.929,3 0,East,3,6,3
0,5,14,1,4392.418,3 0,North,3,6,3
0,5,14,2,4393.124,2 0,North,3,6,3
0,5,14,2,4393.692,1 0,North,3,6,3
0,5,14,3,4394.307,1 0,East,3,6,3
0,5,14,2,4394.943,1 1,East,3,6,3
0,5,14,3,4395.574,1 1,South,3,6,3
0,5,14,2,4398.302,2 1,South,3,6,3
0,5,14,1,4398.83,2 1,East,3,6,3
0,5,14,2,4399.38,2 2,East,3,6,3
0,5,14,1,4400.012,2 2,North,3,6,3
0,5,14,1,4401.124,2 2,West,3,6,3
0,5,14,2,4401.826,2 1,West,3,6,3
0,5,14,3,4402.414,2 1,North,3,6,3
0,5,14,2,4402.991,1 1,North,3,6,3
0,5,14,1,4403.598,1 1,West,3,6,3
0,5,14,2,4404.262,1 0,West,3,6,3
0,5,14,1,4404.978,1 0,South,3,6,3
0,5,14,2,4405.573,2 0,South,3,6,3
0,5,14,2,4406.099,3 0,South,3,6,3
0,5,14,1,4406.774,3 0,East,3,6,3
0,5,14,2,4407.342,3 1,East,3,6,3
0,5,14,2,4407.97,3 2,East,3,6,3
0,5,14,3,4408.53,3 2,South,3,6,3
0,5,14,2,4409.058,4 2,South,3,6,3
0,5,14,1,4409.573,4 2,East,3,6,3
0,5,14,2,4410.112,4 3,East,3,6,3
0,5,14,2,4410.678,4 4,East,3,6,3
0,5,14,1,4411.381,4 4,North,3,6,3
0,5,14,2,4411.956,3 4,North,3,6,3
0,5,14,1,4412.933,3 4,West,3,6,3
0,5,14,2,4413.473,3 3,West,3,6,3
0,5,14,3,4414.466,3 3,North,3,6,3
0,5,14,2,4415.045,2 3,North,3,6,3
0,5,14,2,4415.585,1 3,North,3,6,3
0,5,14,2,4416.115,0 3,North,3,6,3
0,5,14,3,4417.061,0 3,East,3,6,3
0,5,14,2,4417.695,0 4,East,3,6,3
0,5,14,3,4418.206,0 4,South,3,6,3
0,5,14,2,4418.752,1 4,South,3,6,3
0,5,14,6,4419.14,1 4,South,3,7,3
0,5,14,1,4419.361,1 4,East,3,7,3
0,5,14,1,4419.957,1 4,North,3,7,3
0,5,14,2,4420.675,0 4,North,3,7,3
0,5,14,1,4421.296,0 4,West,3,7,3
0,5,14,2,4422.066,0 3,West,3,7,3
0,5,14,1,4422.687,0 3,South,3,7,3
0,5,14,2,4423.295,1 3,South,3,7,3
0,5,14,2,4423.875,2 3,South,3,7,3
0,5,14,2,4424.405,3 3,South,3,7,3
0,5,14,1,4425.396,3 3,East,3,7,3
0,5,14,2,4426.001,3 4,East,3,7,3
0,5,14,3,4426.561,3 4,South,3,7,3
0,5,14,2,4427.108,4 4,South,3,7,3
0,5,14,3,4427.653,4 4,West,3,7,3
0,5,14,2,4428.189,4 3,West,3,7,3
0,5,14,3,4428.853,4 3,North,3,7,3
0,5,14,1,4429.441,4 3,West,3,7,3
0,5,14,2,4430.016,4 2,West,3,7,3
0,5,14,3,4430.54,4 2,North,3,7,3
0,5,14,2,4431.118,3 2,North,3,7,3
0,5,14,1,4431.684,3 2,West,3,7,3
0,5,14,2,4432.213,3 1,West,3,7,3
0,5,14,2,4433.203,3 0,West,3,7,3
0,5,14,3,4433.859,3 0,North,3,7,3
0,5,14,2,4434.543,2 0,North,3,7,3
0,5,14,2,4435.054,1 0,North,3,7,3
0,5,14,3,4435.74,1 0,East,3,7,3
0,5,14,2,4436.428,1 1,East,3,7,3
0,5,14,3,4437.026,1 1,South,3,7,3
0,5,14,2,4437.621,2 1,South,3,7,3
0,5,14,6,4438,2 1,South,3,8,3
2,5,14,1,4441.173,4 4,West,3,0,0
2,5,14,2,4442.374,4 3,West,3,0,0
2,5,14,6,4442.78,4 3,West,3,1,0
2,5,14,3,4443.116,4 3,North,3,1,0
2,5,14,3,4443.95,4 3,East,3,1,0
2,5,14,1,4444.773,4 3,North,3,1,0
2,5,14,1,4446.982,4 3,West,3,1,0
2,5,14,2,4447.795,4 2,West,3,1,0
2,5,14,3,4448.516,4 2,North,3,1,0
2,5,14,2,4449.171,3 2,North,3,1,0
2,5,14,1,4449.905,3 2,West,3,1,0
2,5,14,2,4450.661,3 1,West,3,1,0
2,5,14,2,4452.341,3 0,West,3,1,0
2,5,14,3,4452.993,3 0,North,3,1,0
2,5,14,2,4453.634,2 0,North,3,1,0
2,5,14,2,4454.227,1 0,North,3,1,0
2,5,14,3,4454.941,1 0,East,3,1,0
2,5,14,2,4456.294,1 1,East,3,1,0
2,5,14,3,4457.134,1 1,South,3,1,0
2,5,14,2,4457.778,2 1,South,3,1,0
2,5,14,1,4458.483,2 1,East,3,1,0
2,5,14,2,4459.52,2 2,East,3,1,0
2,5,14,1,4460.135,2 2,North,3,1,0
2,5,14,2,4460.772,1 2,North,3,1,0
2,5,14,2,4461.36,0 2,North,3,1,0
2,5,14,6,4461.74,0 2,North,3,2,0
2,5,14,1,4461.91,0 2,West,3,2,0
2,5,14,1,4462.526,0 2,South,3,2,0
2,5,14,2,4463.317,1 2,South,3,2,0
2,5,14,2,4463.846,2 2,South,3,2,0
2,5,14,3,4464.468,2 2,West,3,2,0
2,5,14,2,4465.108,2 1,West,3,2,0
2,5,14,3,4465.668,2 1,North,3,2,0
2,5,14,2,4466.434,1 1,North,3,2,0
2,5,14,1,4468.708,1 1,West,3,2,0
2,5,14,2,4469.533,1 0,West,3,2,0
2,5,14,1,4470.16,1 0,South,3,2,0
2,5,14,2,4470.803,2 0,South,3,2,0
2,5,14,2,4471.428,3 0,South,3,2,0
2,5,14,1,4472.085,3 0,East,3,2,0
2,5,14,2,4474.143,3 1,East,3,2,0
2,5,14,2,4474.751,3 2,East,3,2,0
2,5,14,3,4475.427,3 2,South,3,2,0
2,5,14,2,4476.613,4 2,South,3,2,0
2,5,14,1,4477.216,4 2,East,3,2,0
2,5,14,2,4478.145,4 3,East,3,2,0
2,5,14,2,4478.869,4 4,East,3,2,0
2,5,14,1,4479.517,4 4,North,3,2,0
2,5,14,1,4484.223,4 4,West,3,2,0
2,5,14,3,4485.414,4 4,North,3,2,0
2,5,14,2,4486.085,3 4,North,3,2,0
2,5,14,1,4486.642,3 4,West,3,2,0
2,5,14,2,4487.182,3 3,West,3,2,0
2,5,14,6,4487.6,3 3,West,3,3,0
2,5,14,3,4487.893,3 3,North,3,3,0
2,5,14,3,4488.517,3 3,East,3,3,0
2,5,14,2,4489.169,3 4,East,3,3,0
2,5,14,3,4489.796,3 4,South,3,3,0
2,5,14,2,4490.418,4 4,South,3,3,0
2,5,14,3,4491.027,4 4,West,3,3,0
2,5,14,2,4491.632,4 3,West,3,3,0
2,5,14,2,4492.226,4 2,West,3,3,0
2,5,14,6,4492.64,4 2,West,3,4,0
2,5,14,3,4492.785,4 2,North,3,4,0
2,5,14,3,4493.686,4 2,East,3,4,0
2,5,14,2,4494.493,4 3,East,3,4,0
2,5,14,2,4495.061,4 4,East,3,4,0
2,5,14,1,4495.651,4 4,North,3,4,0
2,5,14,2,4500.206,3 4,North,3,4,0
2,5,14,6,4500.6,3 4,North,3,5,0
2,5,14,1,4501.059,3 4,West,3,5,0
2,5,14,1,4501.666,3 4,South,3,5,0
2,5,14,2,4502.353,4 4,South,3,5,0
2,5,14,3,4502.962,4 4,West,3,5,0
2,5,14,2,4503.565,4 3,West,3,5,0
2,5,14,2,4504.179,4 2,West,3,5,0
2,5,14,2,4504.733,4 1,West,3,5,0
2,5,14,2,4505.27,4 0,West,3,5,0
2,5,14,6,4505.68,4 0,West,3,6,0
2,5,14,3,4505.824,4 0,North,3,6,0
2,5,14,3,4506.447,4 0,East,3,6,0
2,5,14,2,4507.14,4 1,East,3,6,0
2,5,14,1,4507.713,4 1,North,3,6,0
2,5,14,3,4508.794,4 1,East,3,6,0
2,5,14,2,4509.405,4 2,East,3,6,0
2,5,14,1,4510.071,4 2,North,3,6,0
2,5,14,2,4511.302,3 2,North,3,6,0
2,5,14,1,4511.879,3 2,West,3,6,0
2,5,14,2,4512.77,3 1,West,3,6,0
2,5,14,6,4513.18,3 1,West,3,7,0
2,5,14,3,4513.826,3 1,North,3,7,0
2,5,14,3,4514.546,3 1,East,3,7,0
2,5,14,2,4515.699,3 2,East,3,7,0
2,5,14,3,4516.288,3 2,South,3,7,0
2,5,14,2,4516.908,4 2,South,3,7,0
2,5,14,1,4517.585,4 2,East,3,7,0
2,5,14,1,4518.178,4 2,North,3,7,0
2,5,14,3,4518.769,4 2,East,3,7,0
2,5,14,2,4519.407,4 3,East,3,7,0
2,5,14,2,4520.044,4 4,East,3,7,0
2,5,14,1,4520.654,4 4,North,3,7,0
2,5,14,2,4525.039,3 4,North,3,7,0
2,5,14,1,4525.602,3 4,West,3,7,0
2,5,14,2,4526.212,3 3,West,3,7,0
2,5,14,3,4526.77,3 3,North,3,7,0
2,5,14,2,4527.404,2 3,North,3,7,0
2,5,14,2,4528.305,1 3,North,3,7,0
2,5,14,2,4528.928,0 3,North,3,7,0
2,5,14,3,4529.542,0 3,East,3,7,0
2,5,14,2,4530.097,0 4,East,3,7,0
2,5,14,3,4530.656,0 4,South,3,7,0
2,5,14,2,4531.206,1 4,South,3,7,0
2,5,14,6,4531.58,1 4,South,3,8,0
0,5,15,1,4535.008,4 4,West,3,0,0
0,5,15,2,4535.644,4 3,West,3,0,0
0,5,15,2,4536.575,4 2,West,3,0,0
0,5,15,3,4537.219,4 2,North,3,0,0
0,5,15,2,4537.986,3 2,North,3,0,0
0,5,15,1,4538.545,3 2,West,3,0,0
0,5,15,2,4539.245,3 1,West,3,0,0
0,5,15,2,4539.952,3 0,West,3,0,0
0,5,15,6,4540.36,3 0,West,3,1,0
0,5,15,3,4541.313,3 0,North,3,1,0
0,5,15,2,4541.996,2 0,North,3,1,0
0,5,15,2,4542.645,1 0,North,3,1,0
0,5,15,3,4543.331,1 0,East,3,1,0
0,5,15,2,4546.142,1 1,East,3,1,0
0,5,15,6,4546.56,1 1,East,3,2,0
0,5,15,3,4546.854,1 1,South,3,2,0
0,5,15,2,4547.49,2 1,South,3,2,0
0,5,15,1,4548.127,2 1,East,3,2,0
0,5,15,2,4548.754,2 2,East,3,2,0
0,5,15,1,4549.299,2 2,North,3,2,0
0,5,15,2,4549.965,1 2,North,3,2,0
0,5,15,2,4550.593,0 2,North,3,2,0
0,5,15,1,4551.158,0 2,West,3,2,0
0,5,15,1,4551.861,0 2,South,3,2,0
0,5,15,2,4552.5,1 2,South,3,2,0
0,5,15,2,4553.14,2 2,South,3,2,0
0,5,15,3,4553.762,2 2,West,3,2,0
0,5,15,2,4554.77,2 1,West,3,2,0
0,5,15,3,4555.35,2 1,North,3,2,0
0,5,15,2,4555.939,1 1,North,3,2,0
0,5,15,1,4556.527,1 1,West,3,2,0
0,5,15,2,4557.136,1 0,West,3,2,0
0,5,15,1,4557.702,1 0,South,3,2,0
0,5,15,2,4558.261,2 0,South,3,2,0
0,5,15,2,4558.837,3 0,South,3,2,0
0,5,15,1,4559.761,3 0,East,3,2,0
0,5,15,2,4560.464,3 1,East,3,2,0
0,5,15,2,4561.439,3 2,East,3,2,0
0,5,15,3,4562.109,3 2,South,3,2,0
0,5,15,2,4562.787,4 2,South,3,2,0
0,5,15,3,4563.538,4 2,West,3,2,0
0,5,15,2,4564.372,4 1,West,3,2,0
0,5,15,2,4564.959,4 0,West,3,2,0
0,5,15,6,4565.38,4 0,West,3,3,0
0,5,15,1,4565.873,4 0,South,3,3,0
0,5,15,1,4566.466,4 0,East,3,3,0
0,5,15,2,4567.085,4 1,East,3,3,0
0,5,15,2,4567.761,4 2,East,3,3,0
0,5,15,2,4568.287,4 3,East,3,3,0
0,5,15,2,4568.948,4 4,East,3,3,0
0,5,15,1,4569.598,4 4,North,3,3,0
0,5,15,2,4570.144,3 4,North,3,3,0
0,5,15,1,4571.011,3 4,West,3,3,0
0,5,15,2,4571.6,3 3,West,3,3,0
0,5,15,3,4572.54,3 3,North,3,3,0
0,5,15,2,4573.198,2 3,North,3,3,0
0,5,15,2,4573.845,1 3,North,3,3,0
0,5,15,2,4574.43,0 3,North,3,3,0
0,5,15,3,4575.023,0 3,East,3,3,0
0,5,15,2,4575.581,0 4,East,3,3,0
0,5,15,3,4576.147,0 4,South,3,3,0
0,5,15,2,4576.74,1 4,South,3,3,0
0,5,15,3,4577.277,1 4,West,3,3,0
0,5,15,3,4577.857,1 4,North,3,3,0
0,5,15,2,4578.433,0 4,North,3,3,0
0,5,15,1,4579.025,0 4,West,3,3,0
0,5,15,2,4579.718,0 3,West,3,3,0
0,5,15,1,4580.289,0 3,South,3,3,0
0,5,15,2,4580.846,1 3,South,3,3,0
0,5,15,2,4581.414,2 3,South,3,3,0
0,5,15,2,4582.002,3 3,South,3,3,0
0,5,15,1,4582.916,3 3,East,3,3,0
0,5,15,2,4583.587,3 4,East,3,3,0
0,5,15,3,4584.448,3 4,South,3,3,0
0,5,15,2,4585.091,4 4,South,3,3,0
0,5,15,3,4585.618,4 4,West,3,3,0
0,5,15,2,4586.179,4 3,West,3,3,0
0,5,15,2,4587.184,4 2,West,3,3,0
0,5,15,3,4587.796,4 2,North,3,3,0
0,5,15,2,4588.374,3 2,North,3,3,0
0,5,15,1,4589.251,3 2,West,3,3,0
0,5,15,2,4589.859,3 1,West,3,3,0
0,5,15,6,4590.28,3 1,West,3,4,0
0,5,15,2,4590.421,3 0,West,3,4,0
0,5,15,3,4591.028,3 0,North,3,4,0
0,5,15,2,4591.614,2 0,North,3,4,0
0,5,15,2,4592.192,1 0,North,3,4,0
0,5,15,6,4592.58,1 0,North,3,5,0
0,5,15,3,4592.772,1 0,East,3,5,0
0,5,15,2,4593.471,1 1,East,3,5,0
0,5,15,3,4594.022,1 1,South,3,5,0
0,5,15,2,4594.561,2 1,South,3,5,0
0,5,15,1,4595.071,2 1,East,3,5,0
0,5,15,2,4595.812,2 2,East,3,5,0
0,5,15,1,4596.451,2 2,North,3,5,0
0,5,15,2,4596.982,1 2,North,3,5,0
0,5,15,2,4597.552,0 2,North,3,5,0
0,5,15,1,4598.082,0 2,West,3,5,0
0,5,15,2,4598.628,0 1,West,3,5,0
0,5,15,2,4599.167,0 0,West,3,5,0
0,5,15,1,4599.83,0 0,South,3,5,0
0,5,15,2,4600.774,0 0,South,3,5,0
0,5,15,3,4601.824,0 0,West,3,5,0
0,5,15,1,4602.59,0 0,South,3,5,0
0,5,15,2,4603.62,0 0,South,3,5,0
0,5,15,2,4604.209,0 0,South,3,5,0
0,5,15,3,4606.531,0 0,West,3,5,0
0,5,15,3,4607.423,0 0,North,3,5,0
0,5,15,3,4608.191,0 0,East,3,5,0
0,5,15,2,4609.217,0 1,East,3,5,0
0,5,15,2,4609.813,0 2,East,3,5,0
0,5,15,3,4610.885,0 2,South,3,5,0
0,5,15,2,4611.742,1 2,South,3,5,0
0,5,15,3,4612.545,1 2,West,3,5,0
0,5,15,2,4613.12,1 2,West,3,5,0
0,5,15,3,4613.82,1 2,North,3,5,0
0,5,15,2,4614.403,0 2,North,3,5,0
0,5,15,1,4614.933,0 2,West,3,5,0
0,5,15,1,4615.702,0 2,South,3,5,0
0,5,15,2,4617.494,1 2,South,3,5,0
0,5,15,2,4618.226,2 2,South,3,5,0
0,5,15,3,4618.929,2 2,West,3,5,0
0,5,15,2,4619.91,2 1,West,3,5,0
0,5,15,3,4620.497,2 1,North,3,5,0
0,5,15,2,4621.104,1 1,North,3,5,0
0,5,15,1,4621.798,1 1,West,3,5,0
0,5,15,2,4622.365,1 0,West,3,5,0
0,5,15,1,4623.296,1 0,South,3,5,0
0,5,15,2,4624.068,2 0,South,3,5,0
0,5,15,2,4624.638,3 0,South,3,5,0
0,5,15,1,4625.216,3 0,East,3,5,0
0,5,15,2,4625.893,3 1,East,3,5,0
0,5,15,2,4626.532,3 2,East,3,5,0
0,5,15,3,4627.173,3 2,South,3,5,0
0,5,15,2,4627.759,4 2,South,3,5,0
0,5,15,3,4628.791,4 2,West,3,5,0
0,5,15,2,4629.423,4 1,West,3,5,0
0,5,15,1,4630.078,4 1,South,3,5,0
0,5,15,1,4630.652,4 1,East,3,5,0
0,5,15,2,4631.266,4 2,East,3,5,0
0,5,15,2,4631.854,4 3,East,3,5,0
0,5,15,2,4632.401,4 4,East,3,5,0
0,5,15,1,4632.957,4 4,North,3,5,0
0,5,15,2,4633.534,3 4,North,3,5,0
0,5,15,1,4634.113,3 4,West,3,5,0
0,5,15,2,4634.722,3 3,West,3,5,0
0,5,15,3,4635.263,3 3,North,3,5,0
0,5,15,2,4635.792,2 3,North,3,5,0
0,5,15,2,4636.354,1 3,North,3,5,0
0,5,15,2,4637.318,0 3,North,3,5,0
0,5,15,6,4637.7,0 3,North,3,6,0
0,5,15,3,4638.271,0 3,East,3,6,0
0,5,15,2,4638.944,0 4,East,3,6,0
0,5,15,3,4639.49,0 4,South,3,6,0
0,5,15,3,4640.373,0 4,West,3,6,0
0,5,15,2,4640.979,0 3,West,3,6,0
0,5,15,1,4641.493,0 3,South,3,6,0
0,5,15,2,4642.006,1 3,South,3,6,0
0,5,15,2,4642.912,2 3,South,3,6,0
0,5,15,2,4643.581,3 3,South,3,6,0
0,5,15,1,4644.159,3 3,East,3,6,0
0,5,15,2,4644.738,3 4,East,3,6,0
0,5,15,3,4645.271,3 4,South,3,6,0
0,5,15,2,4645.827,4 4,South,3,6,0
0,5,15,3,4646.397,4 4,West,3,6,0
0,5,15,2,4646.946,4 3,West,3,6,0
0,5,15,2,4647.494,4 2,West,3,6,0
0,5,15,3,4648.078,4 2,North,3,6,0
0,5,15,2,4648.627,3 2,North,3,6,0
0,5,15,1,4649.618,3 2,West,3,6,0
0,5,15,2,4650.257,3 1,West,3,6,0
0,5,15,2,4651.195,3 0,West,3,6,0
0,5,15,3,4651.777,3 0,North,3,6,0
0,5,15,2,4652.323,2 0,North,3,6,0
0,5,15,2,4652.932,1 0,North,3,6,0
0,5,15,3,4653.491,1 0,East,3,6,0
0,5,15,2,4654.032,1 1,East,3,6,0
0,5,15,3,4654.561,1 1,South,3,6,0
0,5,15,2,4655.087,2 1,South,3,6,0
0,5,15,1,4656.006,2 1,East,3,6,0
0,5,15,2,4656.535,2 2,East,3,6,0
0,5,15,1,4657.373,2 2,North,3,6,0
0,5,15,2,4657.952,1 2,North,3,6,0
0,5,15,6,4658.34,1 2,North,3,7,0
0,5,15,2,4658.533,0 2,North,3,7,0
0,5,15,1,4659.061,0 2,West,3,7,0
0,5,15,1,4659.726,0 2,South,3,7,0
0,5,15,2,4660.368,1 2,South,3,7,0
0,5,15,2,4660.959,2 2,South,3,7,0
0,5,15,3,4661.55,2 2,West,3,7,0
0,5,15,2,4662.119,2 1,West,3,7,0
0,5,15,3,4663.09,2 1,North,3,7,0
0,5,15,2,4663.824,1 1,North,3,7,0
0,5,15,1,4664.471,1 1,West,3,7,0
0,5,15,2,4665.134,1 0,West,3,7,0
0,5,15,1,4665.714,1 0,South,3,7,0
0,5,15,2,4666.292,2 0,South,3,7,0
0,5,15,2,4666.879,3 0,South,3,7,0
0,5,15,1,4667.51,3 0,East,3,7,0
0,5,15,2,4668.208,3 1,East,3,7,0
0,5,15,2,4668.739,3 2,East,3,7,0
0,5,15,3,4669.25,3 2,South,3,7,0
0,5,15,2,4669.858,4 2,South,3,7,0
0,5,15,3,4670.404,4 2,West,3,7,0
0,5,15,1,4671.184,4 2,South,3,7,0
0,5,15,1,4671.712,4 2,East,3,7,0
0,5,15,2,4672.693,4 3,East,3,7,0
0,5,15,2,4673.232,4 4,East,3,7,0
0,5,15,1,4673.807,4 4,North,3,7,0
0,5,15,2,4674.357,3 4,North,3,7,0
0,5,15,1,4675.269,3 4,West,3,7,0
0,5,15,2,4675.876,3 3,West,3,7,0
0,5,15,3,4676.556,3 3,North,3,7,0
0,5,15,2,4677.121,2 3,North,3,7,0
0,5,15,6,4677.5,2 3,North,3,8,0
2,5,15,2,4679.966,3 4,North,3,0,0
2,5,15,1,4682.144,3 4,West,3,0,0
2,5,15,2,4682.691,3 3,West,3,0,0
2,5,15,3,4683.295,3 3,North,3,0,0
2,5,15,2,4684.34,2 3,North,3,0,0
2,5,15,6,4684.72,2 3,North,3,1,0
2,5,15,3,4685.524,2 3,East,3,1,0
2,5,15,3,4686.165,2 3,South,3,1,0
2,5,15,2,4686.833,3 3,South,3,1,0
2,5,15,1,4687.533,3 3,East,3,1,0
2,5,15,2,4688.144,3 4,East,3,1,0
2,5,15,3,4688.737,3 4,South,3,1,0
2,5,15,2,4689.278,4 4,South,3,1,0
2,5,15,3,4689.854,4 4,West,3,1,0
2,5,15,2,4690.596,4 3,West,3,1,0
2,5,15,2,4691.2,4 2,West,3,1,0
2,5,15,3,4692.001,4 2,North,3,1,0
2,5,15,2,4692.927,3 2,North,3,1,0
2,5,15,1,4693.863,3 2,West,3,1,0
2,5,15,2,4694.485,3 1,West,3,1,0
2,5,15,2,4695.046,3 0,West,3,1,0
2,5,15,6,4695.46,3 0,West,3,2,0
2,5,15,3,4695.667,3 0,North,3,2,0
2,5,15,3,4697.652,3 0,East,3,2,0
2,5,15,1,4699.156,3 0,North,3,2,0
2,5,15,2,4700.096,2 0,North,3,2,0
2,5,15,2,4700.788,1 0,North,3,2,0
2,5,15,1,4702.992,1 0,West,3,2,0
2,5,15,1,4703.603,1 0,South,3,2,0
2,5,15,2,4704.192,2 0,South,3,2,0
2,5,15,2,4704.783,3 0,South,3,2,0
2,5,15,1,4705.329,3 0,East,3,2,0
2,5,15,2,4706.145,3 1,East,3,2,0
2,5,15,2,4706.817,3 2,East,3,2,0
2,5,15,3,4707.505,3 2,South,3,2,0
2,5,15,2,4708.086,4 2,South,3,2,0
2,5,15,1,4708.612,4 2,East,3,2,0
2,5,15,2,4709.253,4 3,East,3,2,0
2,5,15,2,4710.208,4 4,East,3,2,0
2,5,15,1,4710.784,4 4,North,3,2,0
2,5,15,2,4711.766,3 4,North,3,2,0
2,5,15,1,4712.401,3 4,West,3,2,0
2,5,15,2,4712.957,3 3,West,3,2,0
2,5,15,3,4713.603,3 3,North,3,2,0
2,5,15,2,4714.607,2 3,North,3,2,0
2,5,15,2,4715.136,1 3,North,3,2,0
2,5,15,2,4715.652,0 3,North,3,2,0
2,5,15,6,4716.04,0 3,North,3,3,0
2,5,15,1,4716.288,0 3,West,3,3,0
2,5,15,1,4716.877,0 3,South,3,3,0
2,5,15,2,4717.505,1 3,South,3,3,0
2,5,15,2,4718.044,2 3,South,3,3,0
2,5,15,2,4718.624,3 3,South,3,3,0
2,5,15,1,4719.167,3 3,East,3,3,0
2,5,15,2,4719.71,3 4,East,3,3,0
2,5,15,3,4720.246,3 4,South,3,3,0
2,5,15,2,4721.233,4 4,South,3,3,0
2,5,15,3,4721.829,4 4,West,3,3,0
2,5,15,2,4722.78,4 3,West,3,3,0
2,5,15,2,4723.375,4 2,West,3,3,0
2,5,15,3,4723.932,4 2,North,3,3,0
2,5,15,2,4724.481,3 2,North,3,3,0
2,5,15,1,4725.126,3 2,West,3,3,0
2,5,15,2,4725.647,3 1,West,3,3,0
2,5,15,6,4726.06,3 1,West,3,4,0
2,5,15,3,4726.193,3 1,North,3,4,0
2,5,15,2,4727.729,3 1,North,3,4,1
2,5,15,1,4728.365,3 1,West,3,4,1
2,5,15,2,4728.995,3 0,West,3,4,1
2,5,15,3,4729.59,3 0,North,3,4,1
2,5,15,2,4730.144,2 0,North,3,4,1
2,5,15,2,4730.659,1 0,North,3,4,1
2,5,15,3,4732.639,1 0,East,3,4,1
2,5,15,2,4733.329,1 1,East,3,4,1
2,5,15,3,4735.42,1 1,South,3,4,1
2,5,15,2,4736.018,2 1,South,3,4,1
2,5,15,1,4736.624,2 1,East,3,4,1
2,5,15,2,4737.182,2 2,East,3,4,1
2,5,15,1,4737.781,2 2,North,3,4,1
2,5,15,2,4738.351,1 2,North,3,4,1
2,5,15,6,4738.74,1 2,North,3,5,1
2,5,15,1,4738.914,1 2,West,3,5,1
2,5,15,1,4739.505,1 2,South,3,5,1
2,5,15,2,4740.111,2 2,South,3,5,1
2,5,15,3,4740.702,2 2,West,3,5,1
2,5,15,2,4741.252,2 1,West,3,5,1
2,5,15,3,4741.813,2 1,North,3,5,1
2,5,15,2,4742.806,1 1,North,3,5,1
2,5,15,1,4743.365,1 1,West,3,5,1
2,5,15,2,4743.892,1 0,West,3,5,1
2,5,15,6,4744.3,1 0,West,3,6,1
2,5,15,1,4744.421,1 0,South,3,6,1
2,5,15,2,4744.981,2 0,South,3,6,1
2,5,15,2,4745.558,3 0,South,3,6,1
2,5,15,1,4746.341,3 0,East,3,6,1
2,5,15,2,4746.963,3 1,East,3,6,1
2,5,15,2,4747.5,3 2,East,3,6,1
2,5,15,3,4748.326,3 2,South,3,6,1
2,5,15,2,4748.869,4 2,South,3,6,1
2,5,15,1,4749.762,4 2,East,3,6,1
2,5,15,2,4750.333,4 3,East,3,6,1
2,5,15,2,4750.87,4 4,East,3,6,1
2,5,15,1,4751.648,4 4,North,3,6,1
2,5,15,1,4753.094,4 4,West,3,6,1
2,5,15,3,4754.468,4 4,North,3,6,1
2,5,15,2,4755.137,3 4,North,3,6,1
2,5,15,1,4755.683,3 4,West,3,6,1
2,5,15,2,4756.241,3 3,West,3,6,1
2,5,15,3,4756.773,3 3,North,3,6,1
2,5,15,2,4757.377,2 3,North,3,6,1
2,5,15,2,4758.358,1 3,North,3,6,1
2,5,15,6,4758.74,1 3,North,3,7,1
2,5,15,1,4758.884,1 3,West,3,7,1
2,5,15,1,4759.622,1 3,South,3,7,1
2,5,15,2,4760.324,2 3,South,3,7,1
2,5,15,2,4761.022,3 3,South,3,7,1
2,5,15,1,4761.586,3 3,East,3,7,1
2,5,15,2,4762.167,3 4,East,3,7,1
2,5,15,3,4762.782,3 4,South,3,7,1
2,5,15,2,4763.294,4 4,South,3,7,1
2,5,15,3,4763.97,4 4,West,3,7,1
2,5,15,2,4764.623,4 3,West,3,7,1
2,5,15,2,4765.138,4 2,West,3,7,1
2,5,15,3,4765.682,4 2,North,3,7,1
2,5,15,2,4766.274,3 2,North,3,7,1
2,5,15,1,4767.042,3 2,West,3,7,1
2,5,15,2,4767.571,3 1,West,3,7,1
2,5,15,3,4768.143,3 1,North,3,7,1
2,5,15,2,4769.59,3 1,North,3,7,2
2,5,15,1,4770.13,3 1,West,3,7,2
2,5,15,2,4770.743,3 0,West,3,7,2
2,5,15,3,4771.328,3 0,North,3,7,2
2,5,15,2,4771.888,2 0,North,3,7,2
2,5,15,2,4772.436,1 0,North,3,7,2
2,5,15,3,4773.221,1 0,East,3,7,2
2,5,15,2,4773.844,1 1,East,3,7,2
2,5,15,6,4774.26,1 1,East,3,8,2
0,6,16,2,4777.525,3 4,North,3,0,2
0,6,16,1,4778.093,3 4,West,3,0,2
0,6,16,2,4778.671,3 3,West,3,0,2
0,6,16,3,4779.301,3 3,North,3,0,2
0,6,16,2,4779.871,2 3,North,3,0,2
0,6,16,2,4780.403,1 3,North,3,0,2
0,6,16,2,4780.932,0 3,North,3,0,2
0,6,16,3,4781.458,0 3,East,3,0,2
0,6,16,2,4782.004,0 4,East,3,0,2
0,6,16,3,4782.609,0 4,South,3,0,2
0,6,16,1,4783.231,0 4,East,3,0,2
0,6,16,1,4783.844,0 4,North,3,0,2
0,6,16,1,4784.721,0 4,West,3,0,2
0,6,16,2,4785.364,0 3,West,3,0,2
0,6,16,1,4785.941,0 3,South,3,0,2
0,6,16,2,4786.518,1 3,South,3,0,2
0,6,16,2,4787.167,2 3,South,3,0,2
0,6,16,2,4787.826,3 3,South,3,0,2
0,6,16,1,4788.354,3 3,East,3,0,2
0,6,16,2,4788.959,3 4,East,3,0,2
0,6,16,3,4789.94,3 4,South,3,0,2
0,6,16,2,4790.573,4 4,South,3,0,2
0,6,16,3,4791.42,4 4,West,3,0,2
0,6,16,2,4792.083,4 3,West,3,0,2
0,6,16,2,4792.637,4 2,West,3,0,2
0,6,16,3,4793.17,4 2,North,3,0,2
0,6,16,2,4793.781,3 2,North,3,0,2
0,6,16,1,4794.293,3 2,West,3,0,2
0,6,16,2,4794.831,3 1,West,3,0,2
0,6,16,2,4795.349,3 0,West,3,0,2
0,6,16,3,4796.271,3 0,North,3,0,2
0,6,16,2,4796.893,2 0,North,3,0,2
0,6,16,2,4797.823,1 0,North,3,0,2
0,6,16,3,4798.432,1 0,East,3,0,2
0,6,16,2,4799.345,1 1,East,3,0,2
0,6,16,6,4799.76,1 1,East,3,1,2
0,6,16,3,4799.889,1 1,South,3,1,2
0,6,16,2,4800.468,2 1,South,3,1,2
0,6,16,1,4801.027,2 1,East,3,1,2
0,6,16,2,4801.565,2 2,East,3,1,2
0,6,16,1,4802.143,2 2,North,3,1,2
0,6,16,2,4802.722,1 2,North,3,1,2
0,6,16,2,4803.364,0 2,North,3,1,2
0,6,16,1,4803.921,0 2,West,3,1,2
0,6,16,2,4804.61,0 1,West,3,1,2
0,6,16,2,4805.188,0 0,West,3,1,2
0,6,16,3,4805.821,0 0,North,3,1,2
0,6,16,3,4806.414,0 0,East,3,1,2
0,6,16,2,4807.106,0 1,East,3,1,2
0,6,16,2,4807.662,0 2,East,3,1,2
0,6,16,3,4808.237,0 2,South,3,1,2
0,6,16,2,4808.833,1 2,South,3,1,2
0,6,16,2,4809.452,2 2,South,3,1,2
0,6,16,3,4810.08,2 2,West,3,1,2
0,6,16,2,4810.677,2 1,West,3,1,2
0,6,16,3,4811.231,2 1,North,3,1,2
0,6,16,2,4811.81,1 1,North,3,1,2
0,6,16,1,4812.687,1 1,West,3,1,2
0,6,16,2,4813.427,1 0,West,3,1,2
0,6,16,1,4814.082,1 0,South,3,1,2
0,6,16,2,4814.771,2 0,South,3,1,2
0,6,16,2,4815.728,3 0,South,3,1,2
0,6,16,1,4816.335,3 0,East,3,1,2
0,6,16,2,4816.931,3 1,East,3,1,2
0,6,16,2,4817.539,3 2,East,3,1,2
0,6,16,3,4818.143,3 2,South,3,1,2
0,6,16,2,4818.718,4 2,South,3,1,2
0,6,16,3,4819.648,4 2,West,3,1,2
0,6,16,1,4820.238,4 2,South,3,1,2
0,6,16,1,4820.833,4 2,East,3,1,2
0,6,16,2,4821.571,4 3,East,3,1,2
0,6,16,2,4822.146,4 4,East,3,1,2
0,6,16,1,4823.006,4 4,North,3,1,2
0,6,16,2,4823.695,3 4,North,3,1,2
0,6,16,6,4824.08,3 4,North,3,2,2
0,6,16,1,4824.596,3 4,West,3,2,2
0,6,16,2,4825.252,3 3,West,3,2,2
0,6,16,3,4825.828,3 3,North,3,2,2
0,6,16,2,4826.561,2 3,North,3,2,2
0,6,16,2,4827.075,1 3,North,3,2,2
0,6,16,2,4828.032,0 3,North,3,2,2
0,6,16,6,4828.42,0 3,North,3,3,2
0,6,16,3,4828.64,0 3,East,3,3,2
0,6,16,2,4829.186,0 4,East,3,3,2
0,6,16,3,4829.839,0 4,South,3,3,2
0,6,16,2,4830.357,1 4,South,3,3,2
0,6,16,6,4830.72,1 4,South,3,4,2
0,6,16,1,4830.894,1 4,East,3,4,2
0,6,16,1,4831.476,1 4,North,3,4,2
0,6,16,2,4832.019,0 4,North,3,4,2
0,6,16,1,4832.896,0 4,West,3,4,2
0,6,16,2,4833.501,0 3,West,3,4,2
0,6,16,1,4834.064,0 3,South,3,4,2
0,6,16,2,4834.645,1 3,South,3,4,2
0,6,16,2,4835.51,2 3,South,3,4,2
0,6,16,2,4836.13,3 3,South,3,4,2
0,6,16,1,4836.639,3 3,East,3,4,2
0,6,16,2,4837.235,3 4,East,3,4,2
0,6,16,3,4837.774,3 4,South,3,4,2
0,6,16,2,4838.285,4 4,South,3,4,2
0,6,16,3,4838.899,4 4,West,3,4,2
0,6,16,2,4839.837,4 3,West,3,4,2
0,6,16,2,4840.399,4 2,West,3,4,2
0,6,16,2,4841.077,4 1,West,3,4,2
0,6,16,6,4841.48,4 1,West,3,5,2
0,6,16,3,4841.773,4 1,North,3,5,2
0,6,16,3,4842.705,4 1,East,3,5,2
0,6,16,2,4843.3,4 2,East,3,5,2
0,6,16,1,4843.856,4 2,North,3,5,2
0,6,16,2,4844.722,3 2,North,3,5,2
0,6,16,1,4845.249,3 2,West,3,5,2
0,6,16,2,4845.885,3 1,West,3,5,2
0,6,16,2,4846.461,3 0,West,3,5,2
0,6,16,3,4847.056,3 0,North,3,5,2
0,6,16,2,4847.615,2 0,North,3,5,2
0,6,16,2,4848.192,1 0,North,3,5,2
0,6,16,3,4848.749,1 0,East,3,5,2
0,6,16,2,4849.278,1 1,East,3,5,2
0,6,16,3,4849.831,1 1,South,3,5,2
0,6,16,2,4850.818,2 1,South,3,5,2
0,6,16,1,4851.456,2 1,East,3,5,2
0,6,16,2,4851.967,2 2,East,3,5,2
0,6,16,1,4852.528,2 2,North,3,5,2
0,6,16,2,4853.088,1 2,North,3,5,2
0,6,16,2,4853.665,0 2,North,3,5,2
0,6,16,1,4854.194,0 2,West,3,5,2
0,6,16,1,4854.77,0 2,South,3,5,2
0,6,16,2,4855.318,1 2,South,3,5,2
0,6,16,2,4855.831,2 2,South,3,5,2
0,6,16,3,4856.735,2 2,West,3,5,2
0,6,16,2,4857.342,2 1,West,3,5,2
0,6,16,3,4857.87,2 1,North,3,5,2
0,6,16,2,4858.754,1 1,North,3,5,2
0,6,16,1,4859.619,1 1,West,3,5,2
0,6,16,2,4860.157,1 0,West,3,5,2
0,6,16,1,4860.755,1 0,South,3,5,2
0,6,16,2,4861.292,2 0,South,3,5,2
0,6,16,2,4861.821,3 0,South,3,5,2
0,6,16,1,4862.704,3 0,East,3,5,2
0,6,16,2,4863.217,3 1,East,3,5,2
0,6,16,2,4863.797,3 2,East,3,5,2
0,6,16,3,4864.357,3 2,South,3,5,2
0,6,16,2,4864.937,4 2,South,3,5,2
0,6,16,3,4865.541,4 2,West,3,5,2
0,6,16,2,4866.066,4 1,West,3,5,2
0,6,16,1,4866.7,4 1,South,3,5,2
0,6,16,1,4867.667,4 1,East,3,5,2
0,6,16,2,4868.37,4 2,East,3,5,2
0,6,16,2,4869.311,4 3,East,3,5,2
0,6,16,2,4869.969,4 4,East,3,5,2
0,6,16,1,4870.565,4 4,North,3,5,2
0,6,16,2,4871.153,3 4,North,3,5,2
0,6,16,1,4871.695,3 4,West,3,5,2
0,6,16,2,4872.253,3 3,West,3,5,2
0,6,16,3,4872.785,3 3,North,3,5,2
0,6,16,2,4873.715,2 3,North,3,5,2
0,6,16,2,4874.388,1 3,North,3,5,2
0,6,16,2,4874.998,0 3,North,3,5,2
0,6,16,3,4875.89,0 3,East,3,5,2
0,6,16,2,4876.449,0 4,East,3,5,2
0,6,16,3,4877.004,0 4,South,3,5,2
0,6,16,2,4877.57,1 4,South,3,5,2
0,6,16,2,4878.108,2 4,South,3,5,2
0,6,16,6,4878.48,2 4,South,3,6,2
0,6,16,1,4878.626,2 4,East,3,6,2
0,6,16,1,4879.253,2 4,North,3,6,2
0,6,16,2,4879.857,1 4,North,3,6,2
0,6,16,2,4880.437,0 4,North,3,6,2
0,6,16,1,4880.974,0 4,West,3,6,2
0,6,16,2,4881.55,0 3,West,3,6,2
0,6,16,1,4882.563,0 3,South,3,6,2
0,6,16,2,4883.137,1 3,South,3,6,2
0,6,16,2,4883.678,2 3,South,3,6,2
0,6,16,2,4884.189,3 3,South,3,6,2
0,6,16,1,4885.188,3 3,East,3,6,2
0,6,16,2,4885.774,3 4,East,3,6,2
0,6,16,3,4886.38,3 4,South,3,6,2
0,6,16,2,4886.928,4 4,South,3,6,2
0,6,16,3,4887.486,4 4,West,3,6,2
0,6,16,2,4888.014,4 3,West,3,6,2
0,6,16,2,4888.838,4 2,West,3,6,2
0,6,16,2,4889.697,4 1,West,3,6,2
0,6,16,2,4890.284,4 0,West,3,6,2
0,6,16,6,4890.7,4 0,West,3,7,2
0,6,16,1,4890.816,4 0,South,3,7,2
0,6,16,1,4891.485,4 0,East,3,7,2
0,6,16,2,4892.099,4 1,East,3,7,2
0,6,16,2,4892.902,4 2,East,3,7,2
0,6,16,1,4893.43,4 2,North,3,7,2
0,6,16,2,4894.022,3 2,North,3,7,2
0,6,16,1,4894.597,3 2,West,3,7,2
0,6,16,2,4895.157,3 1,West,3,7,2
0,6,16,2,4895.698,3 0,West,3,7,2
0,6,16,3,4896.229,3 0,North,3,7,2
0,6,16,2,4896.786,2 0,North,3,7,2
0,6,16,2,4897.316,1 0,North,3,7,2
0,6,16,3,4898.003,1 0,East,3,7,2
0,6,16,2,4898.663,1 1,East,3,7,2
0,6,16,3,4899.235,1 1,South,3,7,2
0,6,16,2,4899.773,2 1,South,3,7,2
0,6,16,6,4900.16,2 1,South,3,8,2
2,6,16,1,4903.521,4 4,West,3,0,0
2,6,16,2,4904.687,4 3,West,3,0,0
2,6,16,2,4905.236,4 2,West,3,0,0
2,6,16,3,4905.807,4 2,North,3,0,0
2,6,16,2,4906.414,3 2,North,3,0,0
2,6,16,1,4907.343,3 2,West,3,0,0
2,6,16,2,4908.1,3 1,West,3,0,0
2,6,16,2,4909.138,3 0,West,3,0,0
2,6,16,3,4909.824,3 0,North,3,0,0
2,6,16,2,4910.398,2 0,North,3,0,0
2,6,16,2,4911.044,1 0,North,3,0,0
2,6,16,3,4912.146,1 0,East,3,0,0
2,6,16,2,4912.895,1 1,East,3,0,0
2,6,16,3,4913.472,1 1,South,3,0,0
2,6,16,2,4914.147,2 1,South,3,0,0
2,6,16,6,4914.52,2 1,South,3,1,0
2,6,16,1,4914.77,2 1,East,3,1,0
2,6,16,1,4915.316,2 1,North,3,1,0
2,6,16,2,4916.051,1 1,North,3,1,0
2,6,16,1,4916.883,1 1,West,3,1,0
2,6,16,2,4917.859,1 0,West,3,1,0
2,6,16,1,4918.533,1 0,South,3,1,0
2,6,16,2,4919.215,2 0,South,3,1,0
2,6,16,2,4919.777,3 0,South,3,1,0
2,6,16,1,4920.574,3 0,East,3,1,0
2,6,16,2,4921.234,3 1,East,3,1,0
2,6,16,2,4921.79,3 2,East,3,1,0
2,6,16,3,4922.463,3 2,South,3,1,0
2,6,16,2,4923.026,4 2,South,3,1,0
2,6,16,1,4923.57,4 2,East,3,1,0
2,6,16,2,4924.148,4 3,East,3,1,0
2,6,16,2,4924.705,4 4,East,3,1,0
2,6,16,1,4925.221,4 4,North,3,1,0
2,6,16,2,4925.775,3 4,North,3,1,0
2,6,16,1,4926.307,3 4,West,3,1,0
2,6,16,2,4926.886,3 3,West,3,1,0
2,6,16,3,4927.426,3 3,North,3,1,0
2,6,16,2,4927.98,2 3,North,3,1,0
2,6,16,2,4928.839,1 3,North,3,1,0
2,6,16,2,4929.43,0 3,North,3,1,0
2,6,16,3,4930.382,0 3,East,3,1,0
2,6,16,2,4930.965,0 4,East,3,1,0
2,6,16,3,4931.553,0 4,South,3,1,0
2,6,16,2,4932.1,1 4,South,3,1,0
2,6,16,6,4932.48,1 4,South,3,2,0
2,6,16,1,4932.701,1 4,East,3,2,0
2,6,16,1,4933.27,1 4,North,3,2,0
2,6,16,2,4933.842,0 4,North,3,2,0
2,6,16,1,4934.418,0 4,West,3,2,0
2,6,16,2,4934.93,0 3,West,3,2,0
2,6,16,1,4935.473,0 3,South,3,2,0
2,6,16,2,4936.001,1 3,South,3,2,0
2,6,16,2,4936.958,2 3,South,3,2,0
2,6,16,2,4937.588,3 3,South,3,2,0
2,6,16,1,4938.178,3 3,East,3,2,0
2,6,16,2,4938.719,3 4,East,3,2,0
2,6,16,3,4939.283,3 4,South,3,2,0
2,6,16,2,4939.814,4 4,South,3,2,0
2,6,16,3,4940.477,4 4,West,3,2,0
2,6,16,2,4940.994,4 3,West,3,2,0
2,6,16,2,4941.856,4 2,West,3,2,0
2,6,16,2,4942.429,4 1,West,3,2,0
2,6,16,6,4942.84,4 1,West,3,3,0
2,6,16,1,4942.974,4 1,South,3,3,0
2,6,16,1,4943.55,4 1,East,3,3,0
2,6,16,1,4944.131,4 1,North,3,3,0
2,6,16,3,4945.811,4 1,East,3,3,0
2,6,16,2,4946.53,4 2,East,3,3,0
2,6,16,2,4947.043,4 3,East,3,3,0
2,6,16,2,4947.908,4 4,East,3,3,0
2,6,16,1,4948.484,4 4,North,3,3,0
2,6,16,2,4949.011,3 4,North,3,3,0
2,6,16,1,4949.623,3 4,West,3,3,0
2,6,16,2,4950.144,3 3,West,3,3,0
2,6,16,3,4950.675,3 3,North,3,3,0
2,6,16,2,4951.239,2 3,North,3,3,0
2,6,16,2,4951.778,1 3,North,3,3,0
2,6,16,2,4952.359,0 3,North,3,3,0
2,6,16,6,4952.74,0 3,North,3,4,0
2,6,16,1,4952.994,0 3,West,3,4,0
2,6,16,1,4953.538,0 3,South,3,4,0
2,6,16,2,4954.177,1 3,South,3,4,0
2,6,16,2,4954.821,2 3,South,3,4,0
2,6,16,2,4955.52,3 3,South,3,4,0
2,6,16,1,4956.032,3 3,East,3,4,0
2,6,16,2,4956.577,3 4,East,3,4,0
2,6,16,3,4957.104,3 4,South,3,4,0
2,6,16,2,4958.063,4 4,South,3,4,0
2,6,16,3,4958.621,4 4,West,3,4,0
2,6,16,2,4959.186,4 3,West,3,4,0
2,6,16,2,4959.759,4 2,West,3,4,0
2,6,16,3,4960.387,4 2,North,3,4,0
2,6,16,2,4960.966,3 2,North,3,4,0
2,6,16,1,4961.678,3 2,West,3,4,0
2,6,16,2,4962.196,3 1,West,3,4,0
2,6,16,3,4962.967,3 1,North,3,4,0
2,6,16,1,4964.16,3 1,West,3,4,0
2,6,16,2,4964.804,3 0,West,3,4,0
2,6,16,3,4965.311,3 0,North,3,4,0
2,6,16,2,4965.905,2 0,North,3,4,0
2,6,16,2,4966.433,1 0,North,3,4,0
2,6,16,3,4967.041,1 0,East,3,4,0
2,6,16,2,4967.621,1 1,East,3,4,0
2,6,16,6,4968.04,1 1,East,3,5,0
2,6,16,1,4968.15,1 1,North,3,5,0
2,6,16,3,4968.814,1 1,East,3,5,0
2,6,16,3,4970.15,1 1,South,3,5,0
2,6,16,2,4970.785,2 1,South,3,5,0
2,6,16,1,4971.443,2 1,East,3,5,0
2,6,16,2,4972,2 2,East,3,5,0
2,6,16,1,4972.608,2 2,North,3,5,0
2,6,16,2,4973.635,1 2,North,3,5,0
2,6,16,2,4976.004,0 2,North,3,5,0
2,6,16,1,4976.581,0 2,West,3,5,0
2,6,16,3,4977.938,0 2,North,3,5,0
2,6,16,1,4978.515,0 2,West,3,5,0
2,6,16,1,4979.406,0 2,South,3,5,0
2,6,16,2,4980.093,1 2,South,3,5,0
2,6,16,2,4980.787,2 2,South,3,5,0
2,6,16,3,4981.648,2 2,West,3,5,0
2,6,16,2,4982.222,2 1,West,3,5,0
2,6,16,3,4982.755,2 1,North,3,5,0
2,6,16,2,4983.367,1 1,North,3,5,0
2,6,16,1,4983.909,1 1,West,3,5,0
2,6,16,2,4984.46,1 0,West,3,5,0
2,6,16,1,4985.075,1 0,South,3,5,0
2,6,16,2,4985.688,2 0,South,3,5,0
2,6,16,2,4986.211,3 0,South,3,5,0
2,6,16,1,4986.737,3 0,East,3,5,0
2,6,16,2,4987.316,3 1,East,3,5,0
2,6,16,2,4987.856,3 2,East,3,5,0
2,6,16,3,4988.405,3 2,South,3,5,0
2,6,16,2,4988.932,4 2,South,3,5,0
2,6,16,1,4989.981,4 2,East,3,5,0
2,6,16,2,4990.565,4 3,East,3,5,0
2,6,16,1,4991.648,4 3,North,3,5,0
2,6,16,3,4992.701,4 3,East,3,5,0
2,6,16,2,4993.503,4 4,East,3,5,0
2,6,16,1,4994.014,4 4,North,3,5,0
2,6,16,2,4994.53,3 4,North,3,5,0
2,6,16,1,4995.104,3 4,West,3,5,0
2,6,16,2,4995.684,3 3,West,3,5,0
2,6,16,3,4996.576,3 3,North,3,5,0
2,6,16,2,4997.184,2 3,North,3,5,0
2,6,16,6,4997.56,2 3,North,3,6,0
2,6,16,2,4998.158,1 3,North,3,6,0
2,6,16,2,4998.701,0 3,North,3,6,0
2,6,16,3,4999.683,0 3,East,3,6,0
2,6,16,2,5000.261,0 4,East,3,6,0
2,6,16,6,5000.68,0 4,East,3,7,0
2,6,16,1,5000.784,0 4,North,3,7,0
2,6,16,1,5001.301,0 4,West,3,7,0
2,6,16,1,5001.828,0 4,South,3,7,0
2,6,16,3,5002.55,0 4,West,3,7,0
2,6,16,2,5003.222,0 3,West,3,7,0
2,6,16,1,5003.845,0 3,South,3,7,0
2,6,16,2,5004.58,1 3,South,3,7,0
2,6,16,2,5005.582,2 3,South,3,7,0
2,6,16,2,5006.912,3 3,South,3,7,0
2,6,16,1,5008.658,3 3,East,3,7,0
2,6,16,2,5009.171,3 4,East,3,7,0
2,6,16,3,5009.697,3 4,South,3,7,0
2,6,16,2,5010.212,4 4,South,3,7,0
2,6,16,3,5011.045,4 4,West,3,7,0
2,6,16,2,5011.701,4 3,West,3,7,0
2,6,16,2,5012.276,4 2,West,3,7,0
2,6,16,2,5012.802,4 1,West,3,7,0
2,6,16,2,5013.393,4 0,West,3,7,0
2,6,16,6,5013.8,4 0,West,3,8,0
0,6,17,2,5018.914,3 4,North,3,0,0
0,6,17,1,5019.806,3 4,West,3,0,0
0,6,17,2,5020.368,3 3,West,3,0,0
0,6,17,6,5020.78,3 3,West,3,1,0
0,6,17,3,5020.914,3 3,North,3,1,0
0,6,17,2,5021.759,2 3,North,3,1,0
0,6,17,2,5022.322,1 3,North,3,1,0
0,6,17,2,5022.836,0 3,North,3,1,0
0,6,17,3,5023.493,0 3,East,3,1,0
0,6,17,2,5024.45,0 4,East,3,1,0
0,6,17,3,5025.01,0 4,South,3,1,0
0,6,17,3,5025.539,0 4,West,3,1,0
0,6,17,2,5026.479,0 3,West,3,1,0
0,6,17,1,5027.04,0 3,South,3,1,0
0,6,17,2,5027.649,1 3,South,3,1,0
0,6,17,2,5028.222,2 3,South,3,1,0
0,6,17,2,5028.78,3 3,South,3,1,0
0,6,17,1,5029.654,3 3,East,3,1,0
0,6,17,2,5030.268,3 4,East,3,1,0
0,6,17,3,5030.799,3 4,South,3,1,0
0,6,17,2,5031.317,4 4,South,3,1,0
0,6,17,3,5032.227,4 4,West,3,1,0
0,6,17,2,5033.085,4 3,West,3,1,0
0,6,17,2,5033.663,4 2,West,3,1,0
0,6,17,6,5034.08,4 2,West,3,2,0
0,6,17,3,5034.193,4 2,North,3,2,0
0,6,17,2,5034.722,3 2,North,3,2,0
0,6,17,1,5035.588,3 2,West,3,2,0
0,6,17,2,5036.132,3 1,West,3,2,0
0,6,17,2,5037.026,3 0,West,3,2,0
0,6,17,6,5037.44,3 0,West,3,3,0
0,6,17,3,5037.968,3 0,North,3,3,0
0,6,17,2,5038.544,2 0,North,3,3,0
0,6,17,2,5039.182,1 0,North,3,3,0
0,6,17,3,5039.788,1 0,East,3,3,0
0,6,17,2,5040.34,1 1,East,3,3,0
0,6,17,3,5041.215,1 1,South,3,3,0
0,6,17,2,5041.761,2 1,South,3,3,0
0,6,17,1,5042.292,2 1,East,3,3,0
0,6,17,2,5043.038,2 2,East,3,3,0
0,6,17,1,5043.567,2 2,North,3,3,0
0,6,17,2,5044.467,1 2,North,3,3,0
0,6,17,2,5045.102,0 2,North,3,3,0
0,6,17,1,5045.647,0 2,West,3,3,0
0,6,17,1,5046.222,0 2,South,3,3,0
0,6,17,2,5046.801,1 2,South,3,3,0
0,6,17,2,5047.378,2 2,South,3,3,0
0,6,17,3,5048.357,2 2,West,3,3,0
0,6,17,2,5048.98,2 1,West,3,3,0
0,6,17,3,5049.521,2 1,North,3,3,0
0,6,17,2,5050.447,1 1,North,3,3,0
0,6,17,1,5051.044,1 1,West,3,3,0
0,6,17,2,5051.71,1 0,West,3,3,0
0,6,17,1,5052.597,1 0,South,3,3,0
0,6,17,2,5053.279,2 0,South,3,3,0
0,6,17,2,5054.178,3 0,South,3,3,0
0,6,17,1,5055.027,3 0,East,3,3,0
0,6,17,2,5055.583,3 1,East,3,3,0
0,6,17,2,5056.149,3 2,East,3,3,0
0,6,17,3,5056.722,3 2,South,3,3,0
0,6,17,2,5057.678,4 2,South,3,3,0
0,6,17,1,5058.292,4 2,East,3,3,0
0,6,17,2,5058.837,4 3,East,3,3,0
0,6,17,6,5059.24,4 3,East,3,4,0
0,6,17,2,5059.795,4 4,East,3,4,0
0,6,17,1,5060.389,4 4,North,3,4,0
0,6,17,2,5060.964,3 4,North,3,4,0
0,6,17,1,5061.478,3 4,West,3,4,0
0,6,17,2,5062.046,3 3,West,3,4,0
0,6,17,3,5062.999,3 3,North,3,4,0
0,6,17,2,5063.617,2 3,North,3,4,0
0,6,17,2,5064.205,1 3,North,3,4,0
0,6,17,2,5064.754,0 3,North,3,4,0
0,6,17,3,5065.28,0 3,East,3,4,0
0,6,17,2,5065.844,0 4,East,3,4,0
0,6,17,3,5066.464,0 4,South,3,4,0
0,6,17,3,5066.992,0 4,West,3,4,0
0,6,17,2,5067.939,0 3,West,3,4,0
0,6,17,1,5068.781,0 3,South,3,4,0
0,6,17,2,5069.38,1 3,South,3,4,0
0,6,17,2,5069.921,2 3,South,3,4,0
0,6,17,2,5070.592,3 3,South,3,4,0
0,6,17,1,5071.151,3 3,East,3,4,0
0,6,17,2,5072.112,3 4,East,3,4,0
0,6,17,3,5072.739,3 4,South,3,4,0
0,6,17,2,5073.6,4 4,South,3,4,0
0,6,17,3,5074.242,4 4,West,3,4,0
0,6,17,2,5075.072,4 3,West,3,4,0
0,6,17,2,5076.003,4 2,West,3,4,0
0,6,17,3,5076.636,4 2,North,3,4,0
0,6,17,2,5077.172,3 2,North,3,4,0
0,6,17,6,5077.56,3 2,North,3,5,0
0,6,17,1,5078.054,3 2,West,3,5,0
0,6,17,2,5078.719,3 1,West,3,5,0
0,6,17,2,5079.348,3 0,West,3,5,0
0,6,17,3,5080.05,3 0,North,3,5,0
0,6,17,2,5080.725,2 0,North,3,5,0
0,6,17,2,5081.253,1 0,North,3,5,0
0,6,17,6,5081.64,1 0,North,3,6,0
0,6,17,3,5081.773,1 0,East,3,6,0
0,6,17,2,5082.353,1 1,East,3,6,0
0,6,17,3,5082.884,1 1,South,3,6,0
0,6,17,2,5083.843,2 1,South,3,6,0
0,6,17,1,5084.46,2 1,East,3,6,0
0,6,17,2,5084.978,2 2,East,3,6,0
0,6,17,1,5085.773,2 2,North,3,6,0
0,6,17,2,5086.322,1 2,North,3,6,0
0,6,17,2,5086.896,0 2,North,3,6,0
0,6,17,1,5087.679,0 2,West,3,6,0
0,6,17,2,5088.333,0 1,West,3,6,0
0,6,17,2,5088.88,0 0,West,3,6,0
0,6,17,6,5089.3,0 0,West,3,7,0
0,6,17,1,5089.414,0 0,South,3,7,0
0,6,17,1,5089.979,0 0,East,3,7,0
0,6,17,2,5090.578,0 1,East,3,7,0
0,6,17,2,5091.104,0 2,East,3,7,0
0,6,17,3,5091.713,0 2,South,3,7,0
0,6,17,2,5092.294,1 2,South,3,7,0
0,6,17,2,5092.813,2 2,South,3,7,0
0,6,17,3,5093.342,2 2,West,3,7,0
0,6,17,2,5094.246,2 1,West,3,7,0
0,6,17,3,5094.819,2 1,North,3,7,0
0,6,17,2,5095.375,1 1,North,3,7,0
0,6,17,1,5095.954,1 1,West,3,7,0
0,6,17,2,5096.481,1 0,West,3,7,0
0,6,17,1,5097.409,1 0,South,3,7,0
0,6,17,2,5098.143,2 0,South,3,7,0
0,6,17,6,5098.52,2 0,South,3,8,0
2,6,17,1,5101.941,4 4,West,3,0,0
2,6,17,2,5103.039,4 3,West,3,0,0
2,6,17,6,5103.46,4 3,West,3,1,0
2,6,17,3,5103.745,4 3,North,3,1,0
2,6,17,1,5104.596,4 3,West,3,1,0
2,6,17,2,5105.165,4 2,West,3,1,0
2,6,17,3,5105.792,4 2,North,3,1,0
2,6,17,2,5107.071,3 2,North,3,1,0
2,6,17,1,5107.675,3 2,West,3,1,0
2,6,17,2,5108.928,3 1,West,3,1,0
2,6,17,2,5109.441,3 0,West,3,1,0
2,6,17,3,5109.987,3 0,North,3,1,0
2,6,17,2,5110.885,2 0,North,3,1,0
2,6,17,2,5111.41,1 0,North,3,1,0
2,6,17,6,5111.8,1 0,North,3,2,0
2,6,17,1,5112.304,1 0,West,3,2,0
2,6,17,1,5113.185,1 0,South,3,2,0
2,6,17,1,5113.728,1 0,East,3,2,0
2,6,17,3,5114.453,1 0,South,3,2,0
2,6,17,2,5115.054,2 0,South,3,2,0
2,6,17,2,5115.966,3 0,South,3,2,0
2,6,17,1,5116.581,3 0,East,3,2,0
2,6,17,2,5117.232,3 1,East,3,2,0
2,6,17,2,5118.387,3 2,East,3,2,0
2,6,17,3,5119.222,3 2,South,3,2,0
2,6,17,2,5119.923,4 2,South,3,2,0
2,6,17,6,5120.3,4 2,South,3,3,0
2,6,17,1,5121.123,4 2,East,3,3,0
2,6,17,1,5121.745,4 2,North,3,3,0
2,6,17,2,5124.099,3 2,North,3,3,0
2,6,17,1,5124.774,3 2,West,3,3,0
2,6,17,2,5125.903,3 1,West,3,3,0
2,6,17,2,5126.623,3 0,West,3,3,0
2,6,17,3,5127.229,3 0,North,3,3,0
2,6,17,2,5127.89,2 0,North,3,3,0
2,6,17,2,5128.562,1 0,North,3,3,0
2,6,17,3,5130.371,1 0,East,3,3,0
2,6,17,2,5131.731,1 1,East,3,3,0
2,6,17,3,5132.405,1 1,South,3,3,0
2,6,17,2,5133.086,2 1,South,3,3,0
2,6,17,1,5133.747,2 1,East,3,3,0
2,6,17,2,5134.285,2 2,East,3,3,0
2,6,17,1,5135.029,2 2,North,3,3,0
2,6,17,2,5135.715,1 2,North,3,3,0
2,6,17,2,5136.482,0 2,North,3,3,0
2,6,17,1,5137.076,0 2,West,3,3,0
2,6,17,2,5137.695,0 1,West,3,3,0
2,6,17,2,5138.244,0 0,West,3,3,0
2,6,17,6,5138.66,0 0,West,3,4,0
2,6,17,1,5138.865,0 0,South,3,4,0
2,6,17,1,5139.507,0 0,East,3,4,0
2,6,17,2,5140.159,0 1,East,3,4,0
2,6,17,2,5140.706,0 2,East,3,4,0
2,6,17,3,5141.569,0 2,South,3,4,0
2,6,17,2,5142.381,1 2,South,3,4,0
2,6,17,2,5144.524,2 2,South,3,4,0
2,6,17,3,5145.26,2 2,West,3,4,0
2,6,17,2,5145.84,2 1,West,3,4,0
2,6,17,3,5146.453,2 1,North,3,4,0
2,6,17,2,5147.025,1 1,North,3,4,0
2,6,17,1,5147.646,1 1,West,3,4,0
2,6,17,2,5148.257,1 0,West,3,4,0
2,6,17,1,5148.832,1 0,South,3,4,0
2,6,17,2,5149.457,2 0,South,3,4,0
2,6,17,2,5151.378,3 0,South,3,4,0
2,6,17,1,5152.052,3 0,East,3,4,0
2,6,17,2,5152.675,3 1,East,3,4,0
2,6,17,6,5153.08,3 1,East,3,5,0
2,6,17,2,5153.558,3 2,East,3,5,0
2,6,17,3,5154.85,3 2,South,3,5,0
2,6,17,2,5155.63,4 2,South,3,5,0
2,6,17,1,5156.223,4 2,East,3,5,0
2,6,17,1,5156.967,4 2,North,3,5,0
2,6,17,2,5158.852,3 2,North,3,5,0
2,6,17,1,5159.732,3 2,West,3,5,0
2,6,17,2,5160.308,3 1,West,3,5,0
2,6,17,3,5161.122,3 1,North,3,5,0
2,6,17,1,5162.39,3 1,West,3,5,0
2,6,17,2,5162.982,3 0,West,3,5,0
2,6,17,3,5163.586,3 0,North,3,5,0
2,6,17,2,5164.576,2 0,North,3,5,0
2,6,17,6,5164.96,2 0,North,3,6,0
2,6,17,3,5165.263,2 0,East,3,6,0
2,6,17,3,5165.94,2 0,South,3,6,0
2,6,17,2,5166.676,3 0,South,3,6,0
2,6,17,1,5167.331,3 0,East,3,6,0
2,6,17,2,5167.989,3 1,East,3,6,0
2,6,17,2,5168.644,3 2,East,3,6,0
2,6,17,6,5169.06,3 2,East,3,7,0
2,6,17,1,5169.254,3 2,North,3,7,0
2,6,17,1,5170.161,3 2,West,3,7,0
2,6,17,2,5171.11,3 1,West,3,7,0
2,6,17,2,5171.762,3 0,West,3,7,0
2,6,17,6,5172.18,3 0,West,3,8,0
0,6,18,2,5176.514,3 4,North,3,0,0
0,6,18,1,5177.039,3 4,West,3,0,0
0,6,18,2,5177.67,3 3,West,3,0,0
0,6,18,3,5178.238,3 3,North,3,0,0
0,6,18,2,5178.787,2 3,North,3,0,0
0,6,18,2,5179.376,1 3,North,3,0,0
0,6,18,2,5179.953,0 3,North,3,0,0
0,6,18,3,5180.597,0 3,East,3,0,0
0,6,18,2,5181.521,0 4,East,3,0,0
0,6,18,3,5182.146,0 4,South,3,0,0
0,6,18,3,5182.721,0 4,West,3,0,0
0,6,18,2,5183.308,0 3,West,3,0,0
0,6,18,1,5183.856,0 3,South,3,0,0
0,6,18,2,5184.419,1 3,South,3,0,0
0,6,18,2,5184.979,2 3,South,3,0,0
0,6,18,2,5185.55,3 3,South,3,0,0
0,6,18,1,5186.434,3 3,East,3,0,0
0,6,18,2,5187.019,3 4,East,3,0,0
0,6,18,3,5187.605,3 4,South,3,0,0
0,6,18,2,5188.129,4 4,South,3,0,0
0,6,18,3,5189.076,4 4,West,3,0,0
0,6,18,2,5189.621,4 3,West,3,0,0
0,6,18,2,5190.197,4 2,West,3,0,0
0,6,18,3,5190.801,4 2,North,3,0,0
0,6,18,2,5191.313,3 2,North,3,0,0
0,6,18,1,5191.856,3 2,West,3,0,0
0,6,18,2,5192.415,3 1,West,3,0,0
0,6,18,2,5193.33,3 0,West,3,0,0
0,6,18,3,5193.956,3 0,North,3,0,0
0,6,18,2,5194.482,2 0,North,3,0,0
0,6,18,2,5195.011,1 0,North,3,0,0
0,6,18,3,5195.57,1 0,East,3,0,0
0,6,18,2,5196.517,1 1,East,3,0,0
0,6,18,3,5197.107,1 1,South,3,0,0
0,6,18,2,5197.971,2 1,South,3,0,0
0,6,18,1,5198.737,2 1,East,3,0,0
0,6,18,2,5199.25,2 2,East,3,0,0
0,6,18,6,5199.66,2 2,East,3,1,0
0,6,18,1,5199.835,2 2,North,3,1,0
0,6,18,2,5200.453,1 2,North,3,1,0
0,6,18,2,5200.975,0 2,North,3,1,0
0,6,18,1,5201.565,0 2,West,3,1,0
0,6,18,2,5202.557,0 1,West,3,1,0
0,6,18,6,5202.96,0 1,West,3,2,0
0,6,18,1,5203.244,0 1,South,3,2,0
0,6,18,1,5203.987,0 1,East,3,2,0
0,6,18,2,5204.67,0 2,East,3,2,0
0,6,18,3,5205.286,0 2,South,3,2,0
0,6,18,2,5205.807,1 2,South,3,2,0
0,6,18,2,5206.812,2 2,South,3,2,0
0,6,18,3,5207.505,2 2,West,3,2,0
0,6,18,2,5208.067,2 1,West,3,2,0
0,6,18,3,5208.662,2 1,North,3,2,0
0,6,18,2,5209.566,1 1,North,3,2,0
0,6,18,1,5210.15,1 1,West,3,2,0
0,6,18,2,5210.787,1 0,West,3,2,0
0,6,18,1,5211.344,1 0,South,3,2,0
0,6,18,2,5211.925,2 0,South,3,2,0
0,6,18,2,5212.467,3 0,South,3,2,0
0,6,18,1,5213.041,3 0,East,3,2,0
0,6,18,2,5213.584,3 1,East,3,2,0
0,6,18,2,5214.143,3 2,East,3,2,0
0,6,18,3,5214.675,3 2,South,3,2,0
0,6,18,2,5215.591,4 2,South,3,2,0
0,6,18,3,5216.162,4 2,West,3,2,0
0,6,18,1,5216.822,4 2,South,3,2,0
0,6,18,1,5217.828,4 2,East,3,2,0
0,6,18,2,5218.546,4 3,East,3,2,0
0,6,18,2,5219.152,4 4,East,3,2,0
0,6,18,1,5219.735,4 4,North,3,2,0
0,6,18,2,5220.279,3 4,North,3,2,0
0,6,18,1,5220.798,3 4,West,3,2,0
0,6,18,2,5221.333,3 3,West,3,2,0
0,6,18,3,5221.889,3 3,North,3,2,0
0,6,18,2,5222.406,2 3,North,3,2,0
0,6,18,6,5222.8,2 3,North,3,3,0
0,6,18,2,5222.992,1 3,North,3,3,0
0,6,18,2,5223.953,0 3,North,3,3,0
0,6,18,3,5224.558,0 3,East,3,3,0
0,6,18,2,5225.09,0 4,East,3,3,0
0,6,18,6,5225.5,0 4,East,3,4,0
0,6,18,3,5225.602,0 4,South,3,4,0
0,6,18,3,5226.126,0 4,West,3,4,0
0,6,18,2,5226.663,0 3,West,3,4,0
0,6,18,1,5227.67,0 3,South,3,4,0
0,6,18,2,5228.246,1 3,South,3,4,0
0,6,18,2,5228.813,2 3,South,3,4,0
0,6,18,2,5229.662,3 3,South,3,4,0
0,6,18,1,5230.286,3 3,East,3,4,0
0,6,18,2,5230.862,3 4,East,3,4,0
0,6,18,3,5231.426,3 4,South,3,4,0
0,6,18,2,5231.974,4 4,South,3,4,0
0,6,18,3,5232.558,4 4,West,3,4,0
0,6,18,2,5233.077,4 3,West,3,4,0
0,6,18,2,5233.652,4 2,West,3,4,0
0,6,18,3,5234.215,4 2,North,3,4,0
0,6,18,2,5235.135,3 2,North,3,4,0
0,6,18,1,5235.749,3 2,West,3,4,0
0,6,18,2,5236.671,3 1,West,3,4,0
0,6,18,6,5237.08,3 1,West,3,5,0
0,6,18,2,5237.195,3 0,West,3,5,0
0,6,18,3,5237.748,3 0,North,3,5,0
0,6,18,2,5238.662,2 0,North,3,5,0
0,6,18,2,5239.183,1 0,North,3,5,0
0,6,18,3,5239.741,1 0,East,3,5,0
0,6,18,2,5240.256,1 1,East,3,5,0
0,6,18,3,5240.82,1 1,South,3,5,0
0,6,18,2,5241.378,2 1,South,3,5,0
0,6,18,1,5241.896,2 1,East,3,5,0
0,6,18,2,5242.405,2 2,East,3,5,0
0,6,18,1,5243.331,2 2,North,3,5,0
0,6,18,2,5243.952,1 2,North,3,5,0
0,6,18,2,5244.83,0 2,North,3,5,0
0,6,18,6,5245.22,0 2,North,3,6,0
0,6,18,1,5245.416,0 2,West,3,6,0
0,6,18,1,5245.957,0 2,South,3,6,0
0,6,18,2,5246.52,1 2,South,3,6,0
0,6,18,2,5247.044,2 2,South,3,6,0
0,6,18,3,5247.63,2 2,West,3,6,0
0,6,18,2,5248.462,2 1,West,3,6,0
0,6,18,3,5249.058,2 1,North,3,6,0
0,6,18,2,5250.333,1 1,North,3,6,0
0,6,18,1,5251.047,1 1,West,3,6,0
0,6,18,2,5251.901,1 0,West,3,6,0
0,6,18,1,5252.56,1 0,South,3,6,0
0,6,18,2,5253.428,2 0,South,3,6,0
0,6,18,2,5254.053,3 0,South,3,6,0
0,6,18,1,5254.657,3 0,East,3,6,0
0,6,18,2,5255.254,3 1,East,3,6,0
0,6,18,2,5256.199,3 2,East,3,6,0
0,6,18,3,5256.774,3 2,South,3,6,0
0,6,18,2,5257.326,4 2,South,3,6,0
0,6,18,3,5258.166,4 2,West,3,6,0
0,6,18,1,5258.933,4 2,South,3,6,0
0,6,18,1,5259.455,4 2,East,3,6,0
0,6,18,2,5260.048,4 3,East,3,6,0
0,6,18,2,5260.579,4 4,East,3,6,0
0,6,18,1,5261.119,4 4,North,3,6,0
0,6,18,2,5261.696,3 4,North,3,6,0
0,6,18,1,5262.239,3 4,West,3,6,0
0,6,18,2,5262.79,3 3,West,3,6,0
0,6,18,3,5263.365,3 3,North,3,6,0
0,6,18,2,5263.887,2 3,North,3,6,0
0,6,18,2,5264.687,1 3,North,3,6,0
0,6,18,6,5265.06,1 3,North,3,7,0
0,6,18,2,5265.23,0 3,North,3,7,0
0,6,18,3,5265.842,0 3,East,3,7,0
0,6,18,2,5266.493,0 4,East,3,7,0
0,6,18,3,5267.062,0 4,South,3,7,0
0,6,18,3,5267.76,0 4,West,3,7,0
0,6,18,2,5268.293,0 3,West,3,7,0
0,6,18,1,5269.264,0 3,South,3,7,0
0,6,18,2,5269.905,1 3,South,3,7,0
0,6,18,2,5270.479,2 3,South,3,7,0
0,6,18,2,5271.006,3 3,South,3,7,0
0,6,18,1,5271.972,3 3,East,3,7,0
0,6,18,2,5272.503,3 4,East,3,7,0
0,6,18,3,5273.041,3 4,South,3,7,0
0,6,18,2,5273.559,4 4,South,3,7,0
0,6,18,3,5274.101,4 4,West,3,7,0
0,6,18,2,5274.623,4 3,West,3,7,0
0,6,18,2,5275.253,4 2,West,3,7,0
0,6,18,3,5275.842,4 2,North,3,7,0
0,6,18,2,5276.717,3 2,North,3,7,0
0,6,18,1,5277.316,3 2,West,3,7,0
0,6,18,2,5278.335,3 1,West,3,7,0
0,6,18,2,5278.898,3 0,West,3,7,0
0,6,18,3,5279.474,3 0,North,3,7,0
0,6,18,2,5280.324,2 0,North,3,7,0
0,6,18,2,5280.913,1 0,North,3,7,0
0,6,18,3,5281.518,1 0,East,3,7,0
0,6,18,2,5282.405,1 1,East,3,7,0
0,6,18,3,5282.958,1 1,South,3,7,0
0,6,18,2,5283.491,2 1,South,3,7,0
0,6,18,1,5284.038,2 1,East,3,7,0
0,6,18,2,5284.867,2 2,East,3,7,0
0,6,18,1,5285.49,2 2,North,3,7,0
0,6,18,2,5286.419,1 2,North,3,7,0
0,6,18,6,5286.8,1 2,North,3,8,0
2,6,18,1,5290.582,4 4,West,3,0,0
2,6,18,3,5291.855,4 4,North,3,0,0
2,6,18,1,5293.925,4 4,West,3,0,0
2,6,18,2,5294.577,4 3,West,3,0,0
2,6,18,2,5295.141,4 2,West,3,0,0
2,6,18,3,5295.745,4 2,North,3,0,0
2,6,18,2,5296.321,3 2,North,3,0,0
2,6,18,1,5296.915,3 2,West,3,0,0
2,6,18,2,5297.506,3 1,West,3,0,0
2,6,18,2,5298.02,3 0,West,3,0,0
2,6,18,3,5298.574,3 0,North,3,0,0
2,6,18,2,5299.134,2 0,North,3,0,0
2,6,18,2,5299.648,1 0,North,3,0,0
2,6,18,3,5300.324,1 0,East,3,0,0
2,6,18,2,5300.838,1 1,East,3,0,0
2,6,18,3,5301.396,1 1,South,3,0,0
2,6,18,2,5302.383,2 1,South,3,0,0
2,6,18,1,5303.042,2 1,East,3,0,0
2,6,18,2,5303.582,2 2,East,3,0,0
2,6,18,1,5304.307,2 2,North,3,0,0
2,6,18,2,5304.984,1 2,North,3,0,0
2,6,18,2,5305.533,0 2,North,3,0,0
2,6,18,6,5305.92,0 2,North,3,1,0
2,6,18,1,5306.149,0 2,West,3,1,0
2,6,18,1,5306.721,0 2,South,3,1,0
2,6,18,2,5307.366,1 2,South,3,1,0
2,6,18,2,5307.94,2 2,South,3,1,0
2,6,18,3,5308.593,2 2,West,3,1,0
2,6,18,2,5309.165,2 1,West,3,1,0
2,6,18,3,5309.757,2 1,North,3,1,0
2,6,18,2,5310.278,1 1,North,3,1,0
2,6,18,1,5310.88,1 1,West,3,1,0
2,6,18,2,5311.394,1 0,West,3,1,0
2,6,18,1,5312.018,1 0,South,3,1,0
2,6,18,2,5312.592,2 0,South,3,1,0
2,6,18,2,5313.198,3 0,South,3,1,0
2,6,18,1,5313.746,3 0,East,3,1,0
2,6,18,2,5314.259,3 1,East,3,1,0
2,6,18,6,5314.68,3 1,East,3,2,0
2,6,18,2,5315.36,3 2,East,3,2,0
2,6,18,3,5315.958,3 2,South,3,2,0
2,6,18,2,5316.511,4 2,South,3,2,0
2,6,18,1,5317.056,4 2,East,3,2,0
2,6,18,2,5317.678,4 3,East,3,2,0
2,6,18,2,5318.304,4 4,East,3,2,0
2,6,18,1,5318.835,4 4,North,3,2,0
2,6,18,2,5319.557,3 4,North,3,2,0
2,6,18,1,5320.132,3 4,West,3,2,0
2,6,18,2,5321.299,3 3,West,3,2,0
2,6,18,3,5322.037,3 3,North,3,2,0
2,6,18,2,5322.565,2 3,North,3,2,0
2,6,18,2,5323.171,1 3,North,3,2,0
2,6,18,6,5323.56,1 3,North,3,3,0
2,6,18,1,5323.842,1 3,West,3,3,0
2,6,18,1,5324.494,1 3,South,3,3,0
2,6,18,2,5325.189,2 3,South,3,3,0
2,6,18,2,5325.893,3 3,South,3,3,0
2,6,18,1,5326.494,3 3,East,3,3,0
2,6,18,2,5327.007,3 4,East,3,3,0
2,6,18,3,5327.557,3 4,South,3,3,0
2,6,18,2,5328.129,4 4,South,3,3,0
2,6,18,3,5328.687,4 4,West,3,3,0
2,6,18,2,5329.23,4 3,West,3,3,0
2,6,18,2,5329.824,4 2,West,3,3,0
2,6,18,3,5330.416,4 2,North,3,3,0
2,6,18,2,5330.99,3 2,North,3,3,0
2,6,18,1,5331.711,3 2,West,3,3,0
2,6,18,2,5332.388,3 1,West,3,3,0
2,6,18,2,5332.949,3 0,West,3,3,0
2,6,18,3,5333.496,3 0,North,3,3,0
2,6,18,2,5334.096,2 0,North,3,3,0
2,6,18,2,5334.625,1 0,North,3,3,0
2,6,18,3,5335.151,1 0,East,3,3,0
2,6,18,2,5335.726,1 1,East,3,3,0
2,6,18,3,5336.271,1 1,South,3,3,0
2,6,18,2,5336.852,2 1,South,3,3,0
2,6,18,1,5337.459,2 1,East,3,3,0
2,6,18,2,5338.037,2 2,East,3,3,0
2,6,18,1,5338.596,2 2,North,3,3,0
2,6,18,2,5339.972,1 2,North,3,3,0
2,6,18,2,5340.492,0 2,North,3,3,0
2,6,18,1,5341.426,0 2,West,3,3,0
2,6,18,2,5342.109,0 1,West,3,3,0
2,6,18,6,5342.52,0 1,West,3,4,0
2,6,18,1,5342.677,0 1,South,3,4,0
2,6,18,1,5343.215,0 1,East,3,4,0
2,6,18,2,5343.814,0 2,East,3,4,0
2,6,18,3,5344.398,0 2,South,3,4,0
2,6,18,2,5345.026,1 2,South,3,4,0
2,6,18,2,5345.986,2 2,South,3,4,0
2,6,18,6,5346.36,2 2,South,3,5,0
2,6,18,3,5346.544,2 2,West,3,5,0
2,6,18,2,5347.922,2 1,West,3,5,0
2,6,18,3,5348.436,2 1,North,3,5,0
2,6,18,2,5348.998,1 1,North,3,5,0
2,6,18,1,5349.573,1 1,West,3,5,0
2,6,18,2,5350.163,1 0,West,3,5,0
2,6,18,1,5351.037,1 0,South,3,5,0
2,6,18,2,5351.678,2 0,South,3,5,0
2,6,18,2,5352.662,3 0,South,3,5,0
2,6,18,1,5353.248,3 0,East,3,5,0
2,6,18,2,5353.83,3 1,East,3,5,0
2,6,18,2,5354.349,3 2,East,3,5,0
2,6,18,3,5354.96,3 2,South,3,5,0
2,6,18,2,5355.503,4 2,South,3,5,0
2,6,18,1,5356.047,4 2,East,3,5,0
2,6,18,2,5356.58,4 3,East,3,5,0
2,6,18,2,5357.136,4 4,East,3,5,0
2,6,18,1,5357.685,4 4,North,3,5,0
2,6,18,2,5358.214,3 4,North,3,5,0
2,6,18,6,5358.6,3 4,North,3,6,0
2,6,18,1,5358.88,3 4,West,3,6,0
2,6,18,2,5359.573,3 3,West,3,6,0
2,6,18,3,5360.337,3 3,North,3,6,0
2,6,18,3,5361.261,3 3,East,3,6,0
2,6,18,2,5361.922,3 4,East,3,6,0
2,6,18,3,5362.468,3 4,South,3,6,0
2,6,18,2,5363.041,4 4,South,3,6,0
2,6,18,3,5363.582,4 4,West,3,6,0
2,6,18,2,5364.165,4 3,West,3,6,0
2,6,18,2,5364.691,4 2,West,3,6,0
2,6,18,3,5365.236,4 2,North,3,6,0
2,6,18,2,5365.855,3 2,North,3,6,0
2,6,18,1,5366.421,3 2,West,3,6,0
2,6,18,2,5367.572,3 1,West,3,6,0
2,6,18,2,5368.174,3 0,West,3,6,0
2,6,18,3,5368.751,3 0,North,3,6,0
2,6,18,2,5369.363,2 0,North,3,6,0
2,6,18,2,5370.674,1 0,North,3,6,0
2,6,18,3,5371.39,1 0,East,3,6,0
2,6,18,2,5372.04,1 1,East,3,6,0
2,6,18,3,5372.626,1 1,South,3,6,0
2,6,18,2,5373.445,2 1,South,3,6,0
2,6,18,1,5373.965,2 1,East,3,6,0
2,6,18,2,5374.708,2 2,East,3,6,0
2,6,18,1,5375.235,2 2,North,3,6,0
2,6,18,2,5375.825,1 2,North,3,6,0
2,6,18,6,5376.2,1 2,North,3,7,0
2,6,18,1,5376.478,1 2,West,3,7,0
2,6,18,1,5377.038,1 2,South,3,7,0
2,6,18,2,5377.645,2 2,South,3,7,0
2,6,18,3,5378.239,2 2,West,3,7,0
2,6,18,2,5378.868,2 1,West,3,7,0
2,6,18,3,5379.469,2 1,North,3,7,0
2,6,18,2,5380.081,1 1,North,3,7,0
2,6,18,1,5380.692,1 1,West,3,7,0
2,6,18,2,5382.196,1 0,West,3,7,0
2,6,18,1,5382.849,1 0,South,3,7,0
2,6,18,2,5383.47,2 0,South,3,7,0
2,6,18,2,5384.065,3 0,South,3,7,0
2,6,18,1,5384.751,3 0,East,3,7,0
2,6,18,2,5385.394,3 1,East,3,7,0
2,6,18,2,5385.954,3 2,East,3,7,0
2,6,18,3,5386.622,3 2,South,3,7,0
2,6,18,2,5387.154,4 2,South,3,7,0
2,6,18,1,5388.076,4 2,East,3,7,0
2,6,18,2,5388.747,4 3,East,3,7,0
2,6,18,2,5389.357,4 4,East,3,7,0
2,6,18,1,5389.905,4 4,North,3,7,0
2,6,18,2,5390.5,3 4,North,3,7,0
2,6,18,1,5391.442,3 4,West,3,7,0
2,6,18,2,5392.05,3 3,West,3,7,0
2,6,18,3,5392.717,3 3,North,3,7,0
2,6,18,2,5393.361,2 3,North,3,7,0
2,6,18,2,5393.922,1 3,North,3,7,0
2,6,18,2,5394.574,0 3,North,3,7,0
2,6,18,3,5395.118,0 3,East,3,7,0
2,6,18,2,5395.679,0 4,East,3,7,0
2,6,18,3,5396.208,0 4,South,3,7,0
2,6,18,2,5396.803,1 4,South,3,7,0
2,6,18,2,5397.537,2 4,South,3,7,0
2,6,18,6,5397.92,2 4,South,3,8,0
