PhaseView,Run,Trial,Key,Time,Location,Direction,MazeType,Diamonds,WallBumped
1,3,7,3,896.6185,4 4,North,2,0,1
1,3,7,1,897.356,4 3,North,2,0,1
1,3,7,1,898.3889,4 2,North,2,0,1
1,3,7,2,900.3071,3 2,North,2,0,1
1,3,7,1,901.4764,3 1,North,2,0,1
1,3,7,2,902.2452,2 1,North,2,0,1
1,3,7,2,902.9648,1 1,North,2,0,1
1,3,7,1,903.6713,1 0,North,2,0,1
1,3,7,4,904.3271,2 0,North,2,0,1
1,3,7,6,904.7,2 0,North,2,1,1
1,3,7,2,906.2602,1 0,North,2,1,1
1,3,7,3,906.9713,1 1,North,2,1,1
1,3,7,4,908.0214,2 1,North,2,1,1
1,3,7,4,908.7419,3 1,North,2,1,1
1,3,7,3,909.4178,3 2,North,2,1,1
1,3,7,3,910.0283,3 3,North,2,1,1
1,3,7,6,910.42,3 3,North,2,2,1
1,3,7,1,910.6829,3 2,North,2,2,1
1,3,7,1,911.3188,3 1,North,2,2,1
1,3,7,2,911.9287,2 1,North,2,2,1
1,3,7,2,912.5063,1 1,North,2,2,1
1,3,7,1,913.1569,1 0,North,2,2,1
1,3,7,4,913.7812,2 0,North,2,2,1
1,3,7,4,914.3264,3 0,North,2,2,1
1,3,7,4,914.9859,4 0,North,2,2,1
1,3,7,6,915.34,4 0,North,2,3,1
1,3,7,2,915.5614,3 0,North,2,3,1
1,3,7,2,916.1309,2 0,North,2,3,1
1,3,7,2,916.7635,1 0,North,2,3,1
1,3,7,3,917.3973,1 1,North,2,3,1
1,3,7,4,917.9288,2 1,North,2,3,1
1,3,7,4,918.4832,3 1,North,2,3,1
1,3,7,3,919.0338,3 2,North,2,3,1
1,3,7,4,920.053,4 2,North,2,3,1
1,3,7,3,921.675,4 3,North,2,3,1
1,3,7,3,922.2809,4 4,North,2,3,1
1,3,7,2,923.2361,3 4,North,2,3,1
1,3,7,2,923.8127,2 4,North,2,3,1
1,3,7,6,924.2,2 4,North,2,4,1
1,3,7,4,924.7234,3 4,North,2,4,1
1,3,7,4,925.3524,4 4,North,2,4,1
1,3,7,1,925.993,4 3,North,2,4,1
1,3,7,1,926.5525,4 2,North,2,4,1
1,3,7,2,927.1746,3 2,North,2,4,1
1,3,7,1,927.8202,3 1,North,2,4,1
1,3,7,2,928.6183,2 1,North,2,4,1
1,3,7,2,929.2067,1 1,North,2,4,1
1,3,7,1,929.7495,1 0,North,2,4,1
1,3,7,4,930.3105,2 0,North,2,4,1
1,3,7,4,930.8437,3 0,North,2,4,1
1,3,7,4,931.4323,4 0,North,2,4,1
1,3,7,3,932.0416,4 1,North,2,4,1
1,3,7,6,932.44,4 1,North,2,5,1
1,3,7,1,932.5988,4 0,North,2,5,1
1,3,7,2,933.2195,3 0,North,2,5,1
1,3,7,6,933.6,3 0,North,2,6,1
1,3,7,2,933.8307,2 0,North,2,6,1
1,3,7,2,934.3621,1 0,North,2,6,1
1,3,7,3,934.9363,1 1,North,2,6,1
1,3,7,4,935.8647,2 1,North,2,6,1
1,3,7,4,936.4529,3 1,North,2,6,1
1,3,7,3,937.1156,3 2,North,2,6,1
1,3,7,4,937.7333,4 2,North,2,6,1
1,3,7,6,938.1,4 2,North,2,7,1
1,3,7,2,938.4516,3 2,North,2,7,1
1,3,7,1,939.0024,3 1,North,2,7,1
1,3,7,6,939.4,3 1,North,2,8,1
2,3,7,2,946.3929,3 4,North,2,0,0
2,3,7,2,947.2259,2 4,North,2,0,0
2,3,7,6,947.62,2 4,North,2,1,0
2,3,7,1,948.4088,2 4,West,2,1,0
2,3,7,1,949.259,2 4,South,2,1,0
2,3,7,2,950.1859,3 4,South,2,1,0
2,3,7,3,951.5068,3 4,West,2,1,0
2,3,7,2,952.5701,3 4,West,2,1,1
2,3,7,1,953.0606,3 4,South,2,1,1
2,3,7,2,953.7529,4 4,South,2,1,1
2,3,7,3,954.4354,4 4,West,2,1,1
2,3,7,2,955.2388,4 3,West,2,1,1
2,3,7,2,956.3406,4 2,West,2,1,1
2,3,7,3,957.323,4 2,North,2,1,1
2,3,7,2,958.0233,3 2,North,2,1,1
2,3,7,2,958.7776,3 2,North,2,1,2
2,3,7,1,959.3818,3 2,West,2,1,2
2,3,7,2,960.054,3 1,West,2,1,2
2,3,7,6,960.46,3 1,West,2,2,2
2,3,7,3,961.0486,3 1,North,2,2,2
2,3,7,3,961.6841,3 1,East,2,2,2
2,3,7,2,962.7917,3 2,East,2,2,2
2,3,7,3,963.4946,3 2,South,2,2,2
2,3,7,2,964.1533,4 2,South,2,2,2
2,3,7,6,964.54,4 2,South,2,3,2
2,3,7,1,964.8558,4 2,East,2,3,2
2,3,7,1,965.4637,4 2,North,2,3,2
2,3,7,1,966.1058,4 2,West,2,3,2
2,3,7,2,967.3218,4 2,West,2,3,3
2,3,7,3,967.925,4 2,North,2,3,3
2,3,7,2,968.6436,3 2,North,2,3,3
2,3,7,1,969.3234,3 2,West,2,3,3
2,3,7,2,971.5909,3 1,West,2,3,3
2,3,7,2,973.6548,3 1,West,2,3,4
2,3,7,3,974.1321,3 1,North,2,3,4
2,3,7,2,974.9037,2 1,North,2,3,4
2,3,7,1,975.5614,2 1,West,2,3,4
2,3,7,2,976.2643,2 1,West,2,3,5
2,3,7,3,977.148,2 1,North,2,3,5
2,3,7,2,977.8527,1 1,North,2,3,5
2,3,7,1,978.5389,1 1,West,2,3,5
2,3,7,2,979.5646,1 0,West,2,3,5
2,3,7,1,980.2354,1 0,South,2,3,5
2,3,7,2,980.9328,2 0,South,2,3,5
2,3,7,6,981.32,2 0,South,2,4,5
2,3,7,1,981.6912,2 0,East,2,4,5
2,3,7,1,982.3931,2 0,North,2,4,5
2,3,7,2,983.113,1 0,North,2,4,5
2,3,7,3,983.7544,1 0,East,2,4,5
2,3,7,2,984.4076,1 1,East,2,4,5
2,3,7,2,985.1932,1 1,East,2,4,6
2,3,7,3,985.6253,1 1,South,2,4,6
2,3,7,2,986.2476,2 1,South,2,4,6
2,3,7,1,986.8527,2 1,East,2,4,6
2,3,7,2,987.5878,2 1,East,2,4,7
2,3,7,3,988.0714,2 1,South,2,4,7
2,3,7,2,988.8834,3 1,South,2,4,7
2,3,7,1,989.5595,3 1,East,2,4,7
2,3,7,2,990.1661,3 2,East,2,4,7
2,3,7,1,990.9047,3 2,North,2,4,7
2,3,7,2,991.6029,3 2,North,2,4,8
2,3,7,3,993.4159,3 2,East,2,4,8
2,3,7,2,994.0432,3 3,East,2,4,8
2,3,7,1,994.7547,3 3,North,2,4,8
2,3,7,2,995.4838,3 3,North,2,4,9
2,3,7,3,996.0607,3 3,East,2,4,9
2,3,7,2,996.9072,3 3,East,2,4,10
2,3,7,3,997.2992,3 3,South,2,4,10
2,3,7,2,999.6713,3 3,South,2,4,11
2,3,7,3,1000.186,3 3,West,2,4,11
2,3,7,2,1000.938,3 2,West,2,4,11
2,3,7,1,1001.675,3 2,South,2,4,11
2,3,7,2,1002.572,4 2,South,2,4,11
2,3,7,1,1003.332,4 2,East,2,4,11
2,3,7,1,1004.057,4 2,North,2,4,11
2,3,7,3,1005.654,4 2,East,2,4,11
2,3,7,2,1006.266,4 3,East,2,4,11
2,3,7,2,1006.86,4 4,East,2,4,11
2,3,7,1,1007.445,4 4,North,2,4,11
2,3,7,2,1008.077,3 4,North,2,4,11
2,3,7,2,1008.676,2 4,North,2,4,11
2,3,7,2,1009.411,1 4,North,2,4,11
2,3,7,1,1010.148,1 4,West,2,4,11
2,3,7,2,1010.774,1 3,West,2,4,11
2,3,7,2,1011.427,1 3,West,2,4,12
2,3,7,3,1012.003,1 3,North,2,4,12
2,3,7,2,1012.554,1 3,North,2,4,13
2,3,7,3,1013.323,1 3,East,2,4,13
2,3,7,3,1013.912,1 3,South,2,4,13
2,3,7,2,1014.644,2 3,South,2,4,13
2,3,7,3,1015.323,2 3,West,2,4,13
2,3,7,2,1016.013,2 2,West,2,4,13
2,3,7,3,1016.682,2 2,North,2,4,13
2,3,7,2,1017.332,1 2,North,2,4,13
2,3,7,6,1017.72,1 2,North,2,5,13
2,3,7,1,1018.105,1 2,West,2,5,13
2,3,7,1,1018.729,1 2,South,2,5,13
2,3,7,2,1019.382,2 2,South,2,5,13
2,3,7,1,1020.059,2 2,East,2,5,13
2,3,7,2,1020.684,2 3,East,2,5,13
2,3,7,3,1021.572,2 3,South,2,5,13
2,3,7,2,1022.264,2 3,South,2,5,14
2,3,7,1,1022.724,2 3,East,2,5,14
2,3,7,1,1023.402,2 3,North,2,5,14
2,3,7,3,1025.301,2 3,East,2,5,14
2,3,7,2,1026.022,2 3,East,2,5,15
2,3,7,1,1026.44,2 3,North,2,5,15
2,3,7,2,1027.277,1 3,North,2,5,15
2,3,7,3,1027.944,1 3,East,2,5,15
2,3,7,2,1028.678,1 4,East,2,5,15
2,3,7,3,1029.34,1 4,South,2,5,15
2,3,7,2,1030.189,2 4,South,2,5,15
2,3,7,2,1030.828,3 4,South,2,5,15
2,3,7,2,1031.527,4 4,South,2,5,15
2,3,7,3,1032.149,4 4,West,2,5,15
2,3,7,2,1033.092,4 3,West,2,5,15
2,3,7,2,1033.833,4 2,West,2,5,15
2,3,7,2,1035.052,4 2,West,2,5,16
2,3,7,3,1035.461,4 2,North,2,5,16
2,3,7,2,1037.068,3 2,North,2,5,16
2,3,7,1,1037.688,3 2,West,2,5,16
2,3,7,3,1038.842,3 2,North,2,5,16
2,3,7,2,1039.557,3 2,North,2,5,17
2,3,7,1,1040.054,3 2,West,2,5,17
2,3,7,2,1040.716,3 1,West,2,5,17
2,3,7,2,1041.494,3 1,West,2,5,18
2,3,7,3,1041.96,3 1,North,2,5,18
2,3,7,2,1042.739,2 1,North,2,5,18
2,3,7,1,1043.402,2 1,West,2,5,18
2,3,7,2,1044.25,2 1,West,2,5,19
2,3,7,3,1045.014,2 1,North,2,5,19
2,3,7,2,1045.852,1 1,North,2,5,19
2,3,7,1,1046.457,1 1,West,2,5,19
2,3,7,2,1047.172,1 0,West,2,5,19
2,3,7,1,1047.849,1 0,South,2,5,19
2,3,7,2,1048.572,2 0,South,2,5,19
2,3,7,2,1049.276,3 0,South,2,5,19
2,3,7,6,1049.66,3 0,South,2,6,19
2,3,7,3,1050.181,3 0,West,2,6,19
2,3,7,3,1050.908,3 0,North,2,6,19
2,3,7,2,1052.842,2 0,North,2,6,19
2,3,7,2,1054.331,1 0,North,2,6,19
2,3,7,3,1055.048,1 0,East,2,6,19
2,3,7,2,1055.911,1 1,East,2,6,19
2,3,7,6,1056.32,1 1,East,2,7,19
2,3,7,3,1057.767,1 1,South,2,7,19
2,3,7,3,1058.348,1 1,West,2,7,19
2,3,7,2,1058.985,1 0,West,2,7,19
2,3,7,1,1059.595,1 0,South,2,7,19
2,3,7,2,1060.204,2 0,South,2,7,19
2,3,7,1,1060.773,2 0,East,2,7,19
2,3,7,2,1061.337,2 0,East,2,7,20
2,3,7,3,1061.99,2 0,South,2,7,20
2,3,7,2,1062.728,3 0,South,2,7,20
2,3,7,3,1063.749,3 0,West,2,7,20
2,3,7,3,1064.66,3 0,North,2,7,20
2,3,7,2,1065.318,2 0,North,2,7,20
2,3,7,2,1066.005,1 0,North,2,7,20
2,3,7,3,1066.667,1 0,East,2,7,20
2,3,7,2,1067.398,1 1,East,2,7,20
2,3,7,3,1068.423,1 1,South,2,7,20
2,3,7,2,1069.14,2 1,South,2,7,20
2,3,7,2,1070.007,3 1,South,2,7,20
2,3,7,1,1070.682,3 1,East,2,7,20
2,3,7,2,1071.335,3 2,East,2,7,20
2,3,7,2,1072.042,3 3,East,2,7,20
2,3,7,6,1072.44,3 3,East,2,8,20
1,3,8,1,1079.719,4 3,North,2,0,20
1,3,8,1,1081.22,4 2,North,2,0,20
1,3,8,2,1081.931,3 2,North,2,0,20
1,3,8,6,1082.32,3 2,North,2,1,20
1,3,8,1,1083.372,3 1,North,2,1,20
1,3,8,2,1084.1,2 1,North,2,1,20
1,3,8,2,1084.699,1 1,North,2,1,20
1,3,8,1,1085.562,1 0,North,2,1,20
1,3,8,6,1085.96,1 0,North,2,2,20
1,3,8,3,1086.377,1 1,North,2,2,20
1,3,8,4,1087.078,2 1,North,2,2,20
1,3,8,6,1087.44,2 1,North,2,3,20
1,3,8,4,1088.151,3 1,North,2,3,20
1,3,8,3,1088.841,3 2,North,2,3,20
1,3,8,4,1089.803,4 2,North,2,3,20
1,3,8,3,1090.772,4 3,North,2,3,20
1,3,8,3,1091.528,4 4,North,2,3,20
1,3,8,2,1093.364,3 4,North,2,3,20
1,3,8,2,1093.962,2 4,North,2,3,20
1,3,8,2,1094.598,1 4,North,2,3,20
1,3,8,1,1095.228,1 3,North,2,3,20
1,3,8,4,1096.979,2 3,North,2,3,20
1,3,8,1,1098.451,2 2,North,2,3,20
1,3,8,2,1099.507,1 2,North,2,3,20
1,3,8,2,1100.763,0 2,North,2,3,20
1,3,8,1,1101.764,0 1,North,2,3,20
1,3,8,1,1102.853,0 0,North,2,3,20
1,3,8,6,1103.26,0 0,North,2,4,20
1,3,8,3,1103.683,0 1,North,2,4,20
1,3,8,3,1104.312,0 2,North,2,4,20
1,3,8,4,1104.875,1 2,North,2,4,20
1,3,8,4,1105.675,2 2,North,2,4,20
1,3,8,6,1106.04,2 2,North,2,5,20
1,3,8,3,1106.906,2 3,North,2,5,20
1,3,8,2,1108.26,1 3,North,2,5,20
1,3,8,3,1109.796,1 4,North,2,5,20
1,3,8,6,1110.2,1 4,North,2,6,20
1,3,8,1,1111.015,1 3,North,2,6,20
1,3,8,4,1112.058,2 3,North,2,6,20
1,3,8,6,1112.42,2 3,North,2,7,20
1,3,8,1,1115.396,2 2,North,2,7,20
1,3,8,2,1117.047,1 2,North,2,7,20
1,3,8,2,1118.329,0 2,North,2,7,20
1,3,8,6,1118.7,0 2,North,2,8,20
2,3,8,1,1122.311,4 4,West,2,0,0
2,3,8,2,1125.851,4 3,West,2,0,0
2,3,8,2,1126.508,4 2,West,2,0,0
2,3,8,3,1127.545,4 2,North,2,0,0
2,3,8,2,1128.388,3 2,North,2,0,0
2,3,8,2,1129.066,3 2,North,2,0,1
2,3,8,1,1129.548,3 2,West,2,0,1
2,3,8,2,1130.295,3 1,West,2,0,1
2,3,8,3,1131.02,3 1,North,2,0,1
2,3,8,2,1131.801,2 1,North,2,0,1
2,3,8,6,1132.18,2 1,North,2,1,1
2,3,8,3,1132.869,2 1,East,2,1,1
2,3,8,3,1133.51,2 1,South,2,1,1
2,3,8,2,1134.23,3 1,South,2,1,1
2,3,8,1,1135.238,3 1,East,2,1,1
2,3,8,2,1136.12,3 2,East,2,1,1
2,3,8,3,1136.859,3 2,South,2,1,1
2,3,8,2,1137.594,4 2,South,2,1,1
2,3,8,1,1138.247,4 2,East,2,1,1
2,3,8,2,1138.904,4 3,East,2,1,1
2,3,8,2,1139.517,4 4,East,2,1,1
2,3,8,1,1140.171,4 4,North,2,1,1
2,3,8,2,1140.792,3 4,North,2,1,1
2,3,8,2,1141.382,2 4,North,2,1,1
2,3,8,2,1142.013,1 4,North,2,1,1
2,3,8,1,1143.285,1 4,West,2,1,1
2,3,8,2,1144.761,1 3,West,2,1,1
2,3,8,2,1145.797,1 3,West,2,1,2
2,3,8,3,1146.26,1 3,North,2,1,2
2,3,8,2,1146.987,1 3,North,2,1,3
2,3,8,1,1147.638,1 3,West,2,1,3
2,3,8,1,1148.266,1 3,South,2,1,3
2,3,8,2,1148.937,2 3,South,2,1,3
2,3,8,3,1149.579,2 3,West,2,1,3
2,3,8,2,1150.2,2 2,West,2,1,3
2,3,8,3,1150.794,2 2,North,2,1,3
2,3,8,2,1151.435,1 2,North,2,1,3
2,3,8,2,1152.071,0 2,North,2,1,3
2,3,8,6,1152.46,0 2,North,2,2,3
2,3,8,1,1152.645,0 2,West,2,2,3
2,3,8,1,1153.203,0 2,South,2,2,3
2,3,8,3,1153.75,0 2,West,2,2,3
2,3,8,2,1154.364,0 1,West,2,2,3
2,3,8,2,1155.062,0 0,West,2,2,3
2,3,8,1,1155.639,0 0,South,2,2,3
2,3,8,2,1156.326,0 0,South,2,2,4
2,3,8,1,1157.891,0 0,East,2,2,4
2,3,8,2,1158.987,0 1,East,2,2,4
2,3,8,3,1160.617,0 1,South,2,2,4
2,3,8,2,1161.322,0 1,South,2,2,5
2,3,8,1,1161.831,0 1,East,2,2,5
2,3,8,2,1162.531,0 2,East,2,2,5
2,3,8,3,1163.467,0 2,South,2,2,5
2,3,8,2,1164.107,1 2,South,2,2,5
2,3,8,2,1164.728,2 2,South,2,2,5
2,3,8,2,1165.357,2 2,South,2,2,6
2,3,8,1,1165.96,2 2,East,2,2,6
2,3,8,2,1166.779,2 3,East,2,2,6
2,3,8,3,1167.404,2 3,South,2,2,6
2,3,8,2,1168.182,2 3,South,2,2,7
2,3,8,1,1168.823,2 3,East,2,2,7
2,3,8,1,1169.421,2 3,North,2,2,7
2,3,8,1,1169.991,2 3,West,2,2,7
2,3,8,3,1170.677,2 3,North,2,2,7
2,3,8,3,1172.502,2 3,East,2,2,7
2,3,8,2,1173.491,2 3,East,2,2,8
2,3,8,3,1173.927,2 3,South,2,2,8
2,3,8,3,1174.628,2 3,West,2,2,8
2,3,8,2,1175.324,2 2,West,2,2,8
2,3,8,1,1176.055,2 2,South,2,2,8
2,3,8,2,1177.243,2 2,South,2,2,9
2,3,8,3,1177.817,2 2,West,2,2,9
2,3,8,2,1180.598,2 2,West,2,2,10
2,3,8,1,1181.19,2 2,South,2,2,10
2,3,8,1,1181.962,2 2,East,2,2,10
2,3,8,3,1182.693,2 2,South,2,2,10
2,3,8,1,1183.411,2 2,East,2,2,10
2,3,8,2,1184.201,2 3,East,2,2,10
2,3,8,3,1184.82,2 3,South,2,2,10
2,3,8,2,1185.56,2 3,South,2,2,11
2,3,8,1,1186.041,2 3,East,2,2,11
2,3,8,1,1186.938,2 3,North,2,2,11
2,3,8,3,1187.924,2 3,East,2,2,11
2,3,8,2,1188.524,2 3,East,2,2,12
2,3,8,1,1189.065,2 3,North,2,2,12
2,3,8,2,1189.837,1 3,North,2,2,12
2,3,8,3,1190.453,1 3,East,2,2,12
2,3,8,2,1191.205,1 4,East,2,2,12
2,3,8,3,1191.86,1 4,South,2,2,12
2,3,8,2,1192.516,2 4,South,2,2,12
2,3,8,2,1193.107,3 4,South,2,2,12
2,3,8,2,1193.766,4 4,South,2,2,12
2,3,8,3,1194.341,4 4,West,2,2,12
2,3,8,2,1194.969,4 3,West,2,2,12
2,3,8,2,1195.588,4 2,West,2,2,12
2,3,8,2,1197.195,4 2,West,2,2,13
2,3,8,3,1197.64,4 2,North,2,2,13
2,3,8,2,1199.446,3 2,North,2,2,13
2,3,8,2,1203.814,3 2,North,2,2,14
2,3,8,1,1204.438,3 2,West,2,2,14
2,3,8,2,1205.836,3 1,West,2,2,14
2,3,8,2,1207.237,3 1,West,2,2,15
2,3,8,3,1207.655,3 1,North,2,2,15
2,3,8,2,1208.406,2 1,North,2,2,15
2,3,8,2,1209.349,1 1,North,2,2,15
2,3,8,1,1209.93,1 1,West,2,2,15
2,3,8,2,1210.58,1 0,West,2,2,15
2,3,8,6,1211,1 0,West,2,3,15
2,3,8,3,1211.301,1 0,North,2,3,15
2,3,8,3,1211.939,1 0,East,2,3,15
2,3,8,2,1212.794,1 1,East,2,3,15
2,3,8,3,1213.492,1 1,South,2,3,15
2,3,8,2,1214.202,2 1,South,2,3,15
2,3,8,1,1214.844,2 1,East,2,3,15
2,3,8,2,1216.077,2 1,East,2,3,16
2,3,8,3,1216.603,2 1,South,2,3,16
2,3,8,2,1217.258,3 1,South,2,3,16
2,3,8,1,1218.166,3 1,East,2,3,16
2,3,8,2,1218.905,3 2,East,2,3,16
2,3,8,2,1219.773,3 3,East,2,3,16
2,3,8,1,1220.419,3 3,North,2,3,16
2,3,8,2,1224.089,3 3,North,2,3,17
2,3,8,3,1224.532,3 3,East,2,3,17
2,3,8,3,1225.162,3 3,South,2,3,17
2,3,8,2,1226.187,3 3,South,2,3,18
2,3,8,3,1226.586,3 3,West,2,3,18
2,3,8,2,1227.478,3 2,West,2,3,18
2,3,8,1,1228.072,3 2,South,2,3,18
2,3,8,2,1228.788,4 2,South,2,3,18
2,3,8,1,1229.352,4 2,East,2,3,18
2,3,8,2,1229.961,4 3,East,2,3,18
2,3,8,2,1230.613,4 4,East,2,3,18
2,3,8,1,1231.209,4 4,North,2,3,18
2,3,8,2,1231.768,3 4,North,2,3,18
2,3,8,2,1232.388,2 4,North,2,3,18
2,3,8,1,1233.001,2 4,West,2,3,18
2,3,8,2,1233.672,2 4,West,2,3,19
2,3,8,3,1234.357,2 4,North,2,3,19
2,3,8,2,1235.417,1 4,North,2,3,19
2,3,8,1,1236.038,1 4,West,2,3,19
2,3,8,2,1236.845,1 3,West,2,3,19
2,3,8,1,1237.459,1 3,South,2,3,19
2,3,8,2,1238.185,2 3,South,2,3,19
2,3,8,6,1238.56,2 3,South,2,4,19
2,3,8,3,1240.218,2 3,West,2,4,19
2,3,8,3,1240.838,2 3,North,2,4,19
2,3,8,2,1242.029,1 3,North,2,4,19
2,3,8,3,1242.597,1 3,East,2,4,19
2,3,8,2,1243.286,1 4,East,2,4,19
2,3,8,6,1243.7,1 4,East,2,5,19
2,3,8,3,1244.116,1 4,South,2,5,19
2,3,8,3,1244.707,1 4,West,2,5,19
2,3,8,3,1245.254,1 4,North,2,5,19
2,3,8,2,1245.941,0 4,North,2,5,19
2,3,8,1,1246.507,0 4,West,2,5,19
2,3,8,2,1247.495,0 3,West,2,5,19
2,3,8,2,1248.181,0 3,West,2,5,20
2,3,8,1,1248.774,0 3,South,2,5,20
2,3,8,2,1249.445,0 3,South,2,5,21
2,3,8,1,1250.205,0 3,East,2,5,21
2,3,8,2,1250.884,0 4,East,2,5,21
2,3,8,3,1251.45,0 4,South,2,5,21
2,3,8,2,1252.041,1 4,South,2,5,21
2,3,8,3,1252.618,1 4,West,2,5,21
2,3,8,2,1253.222,1 3,West,2,5,21
2,3,8,2,1253.862,1 3,West,2,5,22
2,3,8,1,1254.393,1 3,South,2,5,22
2,3,8,2,1255.207,2 3,South,2,5,22
2,3,8,3,1255.831,2 3,West,2,5,22
2,3,8,2,1256.692,2 2,West,2,5,22
2,3,8,2,1258.87,2 2,West,2,5,23
2,3,8,3,1259.447,2 2,North,2,5,23
2,3,8,2,1260.17,1 2,North,2,5,23
2,3,8,2,1260.922,0 2,North,2,5,23
2,3,8,1,1261.61,0 2,West,2,5,23
2,3,8,2,1262.2,0 1,West,2,5,23
2,3,8,2,1262.884,0 0,West,2,5,23
2,3,8,6,1263.3,0 0,West,2,6,23
2,3,8,1,1263.994,0 0,South,2,6,23
2,3,8,1,1264.612,0 0,East,2,6,23
2,3,8,2,1265.354,0 1,East,2,6,23
2,3,8,2,1266.027,0 2,East,2,6,23
2,3,8,3,1266.678,0 2,South,2,6,23
2,3,8,2,1267.32,1 2,South,2,6,23
2,3,8,2,1268.148,2 2,South,2,6,23
2,3,8,1,1268.837,2 2,East,2,6,23
2,3,8,2,1269.443,2 3,East,2,6,23
2,3,8,2,1270.427,2 3,East,2,6,24
2,3,8,3,1270.883,2 3,South,2,6,24
2,3,8,2,1271.56,2 3,South,2,6,25
2,3,8,1,1272.298,2 3,East,2,6,25
2,3,8,1,1272.868,2 3,North,2,6,25
2,3,8,2,1273.559,1 3,North,2,6,25
2,3,8,3,1274.183,1 3,East,2,6,25
2,3,8,2,1274.807,1 4,East,2,6,25
2,3,8,3,1275.386,1 4,South,2,6,25
2,3,8,2,1275.947,2 4,South,2,6,25
2,3,8,2,1276.614,3 4,South,2,6,25
2,3,8,6,1277,3 4,South,2,7,25
2,3,8,3,1277.252,3 4,West,2,7,25
2,3,8,1,1277.875,3 4,South,2,7,25
2,3,8,2,1278.484,4 4,South,2,7,25
2,3,8,3,1279.06,4 4,West,2,7,25
2,3,8,2,1279.639,4 3,West,2,7,25
2,3,8,6,1280.06,4 3,West,2,8,25
1,3,9,1,1288.025,4 3,North,2,0,25
1,3,9,3,1288.922,4 4,North,2,0,25
1,3,9,2,1289.64,3 4,North,2,0,25
1,3,9,2,1290.292,2 4,North,2,0,25
1,3,9,2,1290.933,1 4,North,2,0,25
1,3,9,1,1292.139,1 3,North,2,0,25
1,3,9,4,1292.844,2 3,North,2,0,25
1,3,9,1,1293.496,2 2,North,2,0,25
1,3,9,2,1294.085,1 2,North,2,0,25
1,3,9,2,1294.712,0 2,North,2,0,25
1,3,9,1,1295.356,0 1,North,2,0,25
1,3,9,6,1295.76,0 1,North,2,1,25
1,3,9,3,1295.974,0 2,North,2,1,25
1,3,9,4,1296.58,1 2,North,2,1,25
1,3,9,4,1297.177,2 2,North,2,1,25
1,3,9,3,1297.782,2 3,North,2,1,25
1,3,9,2,1298.364,1 3,North,2,1,25
1,3,9,3,1298.932,1 4,North,2,1,25
1,3,9,4,1299.511,2 4,North,2,1,25
1,3,9,4,1300.106,3 4,North,2,1,25
1,3,9,4,1300.743,4 4,North,2,1,25
1,3,9,1,1301.366,4 3,North,2,1,25
1,3,9,6,1301.78,4 3,North,2,2,25
1,3,9,1,1302.249,4 2,North,2,2,25
1,3,9,2,1303.096,3 2,North,2,2,25
1,3,9,1,1304.307,3 1,North,2,2,25
1,3,9,2,1304.953,2 1,North,2,2,25
1,3,9,2,1305.589,1 1,North,2,2,25
1,3,9,6,1305.98,1 1,North,2,3,25
1,3,9,4,1306.371,2 1,North,2,3,25
1,3,9,4,1306.968,3 1,North,2,3,25
1,3,9,3,1307.576,3 2,North,2,3,25
1,3,9,4,1308.118,4 2,North,2,3,25
1,3,9,3,1308.679,4 3,North,2,3,25
1,3,9,3,1309.241,4 4,North,2,3,25
1,3,9,2,1309.86,3 4,North,2,3,25
1,3,9,2,1310.421,2 4,North,2,3,25
1,3,9,2,1310.972,1 4,North,2,3,25
1,3,9,2,1311.578,0 4,North,2,3,25
1,3,9,6,1311.96,0 4,North,2,4,25
1,3,9,4,1312.457,1 4,North,2,4,25
1,3,9,1,1313.092,1 3,North,2,4,25
1,3,9,4,1313.668,2 3,North,2,4,25
1,3,9,1,1314.251,2 2,North,2,4,25
1,3,9,2,1314.823,1 2,North,2,4,25
1,3,9,6,1315.2,1 2,North,2,5,25
1,3,9,4,1315.413,2 2,North,2,5,25
1,3,9,3,1316.037,2 3,North,2,5,25
1,3,9,2,1316.629,1 3,North,2,5,25
1,3,9,3,1317.209,1 4,North,2,5,25
1,3,9,4,1317.785,2 4,North,2,5,25
1,3,9,4,1318.355,3 4,North,2,5,25
1,3,9,6,1318.72,3 4,North,2,6,25
1,3,9,2,1319.253,2 4,North,2,6,25
1,3,9,2,1319.768,1 4,North,2,6,25
1,3,9,2,1320.506,0 4,North,2,6,25
1,3,9,1,1321.123,0 3,North,2,6,25
1,3,9,6,1321.54,0 3,North,2,7,25
1,3,9,3,1321.668,0 4,North,2,7,25
1,3,9,4,1322.267,1 4,North,2,7,25
1,3,9,1,1322.855,1 3,North,2,7,25
1,3,9,6,1323.26,1 3,North,2,8,25
2,3,9,2,1328.902,3 4,North,2,0,0
2,3,9,2,1329.448,2 4,North,2,0,0
2,3,9,2,1330.069,1 4,North,2,0,0
2,3,9,1,1330.777,1 4,West,2,0,0
2,3,9,2,1331.452,1 3,West,2,0,0
2,3,9,3,1332.038,1 3,North,2,0,0
2,3,9,2,1332.694,1 3,North,2,0,1
2,3,9,1,1334.931,1 3,West,2,0,1
2,3,9,2,1335.597,1 3,West,2,0,2
2,3,9,3,1336.059,1 3,North,2,0,2
2,3,9,3,1336.649,1 3,East,2,0,2
2,3,9,2,1337.365,1 4,East,2,0,2
2,3,9,1,1337.929,1 4,North,2,0,2
2,3,9,2,1338.647,0 4,North,2,0,2
2,3,9,1,1339.193,0 4,West,2,0,2
2,3,9,2,1339.784,0 3,West,2,0,2
2,3,9,6,1340.2,0 3,West,2,1,2
2,3,9,3,1340.906,0 3,North,2,1,2
2,3,9,3,1341.433,0 3,East,2,1,2
2,3,9,2,1341.958,0 4,East,2,1,2
2,3,9,3,1342.534,0 4,South,2,1,2
2,3,9,2,1343.094,1 4,South,2,1,2
2,3,9,2,1343.684,2 4,South,2,1,2
2,3,9,2,1344.294,3 4,South,2,1,2
2,3,9,2,1344.984,4 4,South,2,1,2
2,3,9,3,1345.56,4 4,West,2,1,2
2,3,9,3,1346.121,4 4,North,2,1,2
2,3,9,1,1346.763,4 4,West,2,1,2
2,3,9,2,1347.412,4 3,West,2,1,2
2,3,9,2,1348.01,4 2,West,2,1,2
2,3,9,3,1348.58,4 2,North,2,1,2
2,3,9,2,1349.187,3 2,North,2,1,2
2,3,9,2,1349.748,3 2,North,2,1,3
2,3,9,1,1350.344,3 2,West,2,1,3
2,3,9,2,1350.966,3 1,West,2,1,3
2,3,9,3,1351.497,3 1,North,2,1,3
2,3,9,2,1352.084,2 1,North,2,1,3
2,3,9,2,1352.774,1 1,North,2,1,3
2,3,9,6,1353.16,1 1,North,2,2,3
2,3,9,1,1353.574,1 1,West,2,2,3
2,3,9,1,1354.151,1 1,South,2,2,3
2,3,9,2,1354.835,2 1,South,2,2,3
2,3,9,1,1355.419,2 1,East,2,2,3
2,3,9,2,1356.052,2 1,East,2,2,4
2,3,9,3,1356.664,2 1,South,2,2,4
2,3,9,3,1357.755,2 1,West,2,2,4
2,3,9,3,1358.395,2 1,North,2,2,4
2,3,9,1,1359.613,2 1,West,2,2,4
2,3,9,1,1360.153,2 1,South,2,2,4
2,3,9,2,1361.083,3 1,South,2,2,4
2,3,9,1,1361.644,3 1,East,2,2,4
2,3,9,2,1362.229,3 2,East,2,2,4
2,3,9,1,1362.773,3 2,North,2,2,4
2,3,9,2,1363.366,3 2,North,2,2,5
2,3,9,3,1368.604,3 2,East,2,2,5
2,3,9,3,1369.187,3 2,South,2,2,5
2,3,9,2,1370.056,4 2,South,2,2,5
2,3,9,1,1370.602,4 2,East,2,2,5
2,3,9,1,1371.499,4 2,North,2,2,5
2,3,9,3,1372.891,4 2,East,2,2,5
2,3,9,2,1373.515,4 3,East,2,2,5
2,3,9,2,1374.119,4 4,East,2,2,5
2,3,9,1,1374.647,4 4,North,2,2,5
2,3,9,2,1375.236,3 4,North,2,2,5
2,3,9,2,1375.836,2 4,North,2,2,5
2,3,9,1,1376.397,2 4,West,2,2,5
2,3,9,2,1376.949,2 4,West,2,2,6
2,3,9,3,1377.593,2 4,North,2,2,6
2,3,9,2,1378.228,1 4,North,2,2,6
2,3,9,1,1378.78,1 4,West,2,2,6
2,3,9,2,1379.529,1 3,West,2,2,6
2,3,9,2,1380.345,1 3,West,2,2,7
2,3,9,1,1380.844,1 3,South,2,2,7
2,3,9,2,1381.496,2 3,South,2,2,7
2,3,9,3,1382.04,2 3,West,2,2,7
2,3,9,2,1382.652,2 2,West,2,2,7
2,3,9,6,1383.06,2 2,West,2,3,7
2,3,9,3,1384.217,2 2,North,2,3,7
2,3,9,3,1385.174,2 2,East,2,3,7
2,3,9,1,1385.895,2 2,North,2,3,7
2,3,9,3,1387.061,2 2,East,2,3,7
2,3,9,3,1387.925,2 2,South,2,3,7
2,3,9,1,1388.824,2 2,East,2,3,7
2,3,9,2,1389.557,2 3,East,2,3,7
2,3,9,3,1390.115,2 3,South,2,3,7
2,3,9,2,1390.759,2 3,South,2,3,8
2,3,9,1,1391.387,2 3,East,2,3,8
2,3,9,2,1392.234,2 3,East,2,3,9
2,3,9,1,1392.804,2 3,North,2,3,9
2,3,9,2,1393.428,1 3,North,2,3,9
2,3,9,3,1394.313,1 3,East,2,3,9
2,3,9,1,1394.918,1 3,North,2,3,9
2,3,9,2,1395.703,1 3,North,2,3,10
2,3,9,3,1396.196,1 3,East,2,3,10
2,3,9,2,1396.892,1 4,East,2,3,10
2,3,9,3,1397.414,1 4,South,2,3,10
2,3,9,2,1398.012,2 4,South,2,3,10
2,3,9,2,1398.554,3 4,South,2,3,10
2,3,9,2,1399.3,4 4,South,2,3,10
2,3,9,3,1399.994,4 4,West,2,3,10
2,3,9,3,1400.631,4 4,North,2,3,10
2,3,9,1,1401.197,4 4,West,2,3,10
2,3,9,2,1401.82,4 3,West,2,3,10
2,3,9,2,1402.523,4 2,West,2,3,10
2,3,9,3,1403.115,4 2,North,2,3,10
2,3,9,2,1403.736,3 2,North,2,3,10
2,3,9,2,1404.439,3 2,North,2,3,11
2,3,9,1,1405.468,3 2,West,2,3,11
2,3,9,2,1406.054,3 1,West,2,3,11
2,3,9,3,1406.65,3 1,North,2,3,11
2,3,9,1,1408.98,3 1,West,2,3,11
2,3,9,2,1409.626,3 1,West,2,3,12
2,3,9,3,1410.053,3 1,North,2,3,12
2,3,9,2,1410.726,2 1,North,2,3,12
2,3,9,1,1411.272,2 1,West,2,3,12
2,3,9,2,1411.995,2 1,West,2,3,13
2,3,9,3,1412.439,2 1,North,2,3,13
2,3,9,2,1413.113,1 1,North,2,3,13
2,3,9,2,1413.785,1 1,North,2,3,14
2,3,9,1,1414.278,1 1,West,2,3,14
2,3,9,2,1414.953,1 0,West,2,3,14
2,3,9,3,1415.508,1 0,North,2,3,14
2,3,9,2,1416.183,1 0,North,2,3,15
2,3,9,3,1416.708,1 0,East,2,3,15
2,3,9,2,1417.592,1 1,East,2,3,15
2,3,9,2,1418.345,1 1,East,2,3,16
2,3,9,1,1418.804,1 1,North,2,3,16
2,3,9,3,1421.884,1 1,East,2,3,16
2,3,9,3,1422.5,1 1,South,2,3,16
2,3,9,2,1424.027,2 1,South,2,3,16
2,3,9,1,1425.271,2 1,East,2,3,16
2,3,9,3,1425.942,2 1,South,2,3,16
2,3,9,2,1426.678,3 1,South,2,3,16
2,3,9,1,1427.403,3 1,East,2,3,16
2,3,9,2,1428.714,3 2,East,2,3,16
2,3,9,3,1429.637,3 2,South,2,3,16
2,3,9,2,1430.361,4 2,South,2,3,16
2,3,9,1,1430.973,4 2,East,2,3,16
2,3,9,2,1431.562,4 3,East,2,3,16
2,3,9,2,1432.187,4 4,East,2,3,16
2,3,9,1,1432.774,4 4,North,2,3,16
2,3,9,1,1433.479,4 4,West,2,3,16
2,3,9,3,1434.46,4 4,North,2,3,16
2,3,9,2,1435.219,3 4,North,2,3,16
2,3,9,2,1435.812,2 4,North,2,3,16
2,3,9,2,1436.492,1 4,North,2,3,16
2,3,9,1,1438.644,1 4,West,2,3,16
2,3,9,2,1439.339,1 3,West,2,3,16
2,3,9,2,1440.345,1 3,West,2,3,17
2,3,9,3,1440.968,1 3,North,2,3,17
2,3,9,2,1441.51,1 3,North,2,3,18
2,3,9,1,1442.024,1 3,West,2,3,18
2,3,9,1,1442.653,1 3,South,2,3,18
2,3,9,2,1443.435,2 3,South,2,3,18
2,3,9,3,1444.076,2 3,West,2,3,18
2,3,9,2,1444.859,2 2,West,2,3,18
2,3,9,3,1445.992,2 2,North,2,3,18
2,3,9,2,1446.891,1 2,North,2,3,18
2,3,9,2,1447.884,0 2,North,2,3,18
2,3,9,1,1448.508,0 2,West,2,3,18
2,3,9,2,1449.126,0 1,West,2,3,18
2,3,9,6,1449.54,0 1,West,2,4,18
2,3,9,3,1449.815,0 1,North,2,4,18
2,3,9,3,1450.507,0 1,East,2,4,18
2,3,9,3,1451.433,0 1,South,2,4,18
2,3,9,1,1451.962,0 1,East,2,4,18
2,3,9,1,1453.589,0 1,North,2,4,18
2,3,9,3,1455.015,0 1,East,2,4,18
2,3,9,2,1455.723,0 2,East,2,4,18
2,3,9,3,1456.343,0 2,South,2,4,18
2,3,9,2,1457.099,1 2,South,2,4,18
2,3,9,1,1457.798,1 2,East,2,4,18
2,3,9,3,1458.436,1 2,South,2,4,18
2,3,9,2,1459.385,2 2,South,2,4,18
2,3,9,1,1460.053,2 2,East,2,4,18
2,3,9,2,1460.822,2 3,East,2,4,18
2,3,9,1,1461.451,2 3,North,2,4,18
2,3,9,2,1462.181,1 3,North,2,4,18
2,3,9,6,1462.56,1 3,North,2,5,18
2,3,9,1,1463.002,1 3,West,2,5,18
2,3,9,1,1463.579,1 3,South,2,5,18
2,3,9,3,1465.34,1 3,West,2,5,18
2,3,9,3,1465.893,1 3,North,2,5,18
2,3,9,1,1466.741,1 3,West,2,5,18
2,3,9,1,1467.321,1 3,South,2,5,18
2,3,9,2,1467.989,2 3,South,2,5,18
2,3,9,1,1470.083,2 3,East,2,5,18
2,3,9,2,1471.388,2 3,East,2,5,19
2,3,9,3,1472.299,2 3,South,2,5,19
2,3,9,1,1472.907,2 3,East,2,5,19
2,3,9,1,1473.478,2 3,North,2,5,19
2,3,9,2,1474.107,1 3,North,2,5,19
2,3,9,3,1474.714,1 3,East,2,5,19
2,3,9,2,1475.341,1 4,East,2,5,19
2,3,9,3,1476.089,1 4,South,2,5,19
2,3,9,2,1476.728,2 4,South,2,5,19
2,3,9,2,1477.363,3 4,South,2,5,19
2,3,9,2,1477.994,4 4,South,2,5,19
2,3,9,3,1478.55,4 4,West,2,5,19
2,3,9,2,1479.133,4 3,West,2,5,19
2,3,9,2,1479.732,4 2,West,2,5,19
2,3,9,3,1480.314,4 2,North,2,5,19
2,3,9,2,1480.888,3 2,North,2,5,19
2,3,9,6,1481.28,3 2,North,2,6,19
2,3,9,3,1481.801,3 2,East,2,6,19
2,3,9,3,1482.396,3 2,South,2,6,19
2,3,9,3,1483.315,3 2,West,2,6,19
2,3,9,2,1486.405,3 1,West,2,6,19
2,3,9,1,1487.625,3 1,South,2,6,19
2,3,9,3,1488.149,3 1,West,2,6,19
2,3,9,2,1488.97,3 1,West,2,6,20
2,3,9,1,1489.447,3 1,South,2,6,20
2,3,9,2,1490.156,3 1,South,2,6,21
2,3,9,3,1491.032,3 1,West,2,6,21
2,3,9,3,1491.653,3 1,North,2,6,21
2,3,9,2,1492.296,2 1,North,2,6,21
2,3,9,1,1492.916,2 1,West,2,6,21
2,3,9,2,1493.555,2 1,West,2,6,22
2,3,9,1,1494.555,2 1,South,2,6,22
2,3,9,3,1500.856,2 1,West,2,6,22
2,3,9,3,1501.478,2 1,North,2,6,22
2,3,9,3,1502.054,2 1,East,2,6,22
2,3,9,2,1502.696,2 1,East,2,6,23
2,3,9,3,1503.242,2 1,South,2,6,23
2,3,9,2,1503.868,3 1,South,2,6,23
2,3,9,1,1504.63,3 1,East,2,6,23
2,3,9,2,1505.417,3 2,East,2,6,23
2,3,9,1,1505.974,3 2,North,2,6,23
2,3,9,2,1506.617,3 2,North,2,6,24
2,3,9,1,1508.518,3 2,West,2,6,24
2,3,9,1,1511.143,3 2,South,2,6,24
2,3,9,2,1511.907,4 2,South,2,6,24
2,3,9,3,1512.519,4 2,West,2,6,24
2,3,9,2,1513.162,4 2,West,2,6,25
2,3,9,3,1514.043,4 2,North,2,6,25
2,3,9,2,1514.693,3 2,North,2,6,25
2,3,9,1,1515.3,3 2,West,2,6,25
2,3,9,2,1516.167,3 1,West,2,6,25
2,3,9,1,1516.852,3 1,South,2,6,25
2,3,9,2,1517.604,3 1,South,2,6,26
2,3,9,3,1518.149,3 1,West,2,6,26
2,3,9,2,1518.963,3 1,West,2,6,27
2,3,9,3,1519.399,3 1,North,2,6,27
2,3,9,2,1520.101,2 1,North,2,6,27
2,3,9,1,1520.904,2 1,West,2,6,27
2,3,9,2,1521.683,2 1,West,2,6,28
2,3,9,1,1522.18,2 1,South,2,6,28
2,3,9,1,1522.822,2 1,East,2,6,28
2,3,9,2,1523.574,2 1,East,2,6,29
2,3,9,1,1524.101,2 1,North,2,6,29
2,3,9,2,1524.791,1 1,North,2,6,29
2,3,9,1,1525.419,1 1,West,2,6,29
2,3,9,2,1526.122,1 0,West,2,6,29
2,3,9,1,1526.761,1 0,South,2,6,29
2,3,9,2,1527.418,2 0,South,2,6,29
2,3,9,2,1528.091,3 0,South,2,6,29
2,3,9,2,1528.838,4 0,South,2,6,29
2,3,9,6,1529.2,4 0,South,2,7,29
2,3,9,1,1529.511,4 0,East,2,7,29
2,3,9,1,1530.409,4 0,North,2,7,29
2,3,9,2,1531.11,3 0,North,2,7,29
2,3,9,2,1531.766,2 0,North,2,7,29
2,3,9,3,1532.473,2 0,East,2,7,29
2,3,9,2,1533.112,2 0,East,2,7,30
2,3,9,1,1533.737,2 0,North,2,7,30
2,3,9,2,1534.491,1 0,North,2,7,30
2,3,9,3,1535.112,1 0,East,2,7,30
2,3,9,2,1535.897,1 1,East,2,7,30
2,3,9,3,1536.534,1 1,South,2,7,30
2,3,9,2,1537.306,2 1,South,2,7,30
2,3,9,2,1539.158,3 1,South,2,7,30
2,3,9,1,1540.262,3 1,East,2,7,30
2,3,9,2,1541.165,3 2,East,2,7,30
2,3,9,3,1541.768,3 2,South,2,7,30
2,3,9,2,1542.474,4 2,South,2,7,30
2,3,9,3,1543.059,4 2,West,2,7,30
2,3,9,2,1543.706,4 2,West,2,7,31
2,3,9,3,1544.842,4 2,North,2,7,31
2,3,9,2,1545.58,3 2,North,2,7,31
2,3,9,1,1546.293,3 2,West,2,7,31
2,3,9,2,1547.099,3 1,West,2,7,31
2,3,9,1,1547.735,3 1,South,2,7,31
2,3,9,2,1548.47,3 1,South,2,7,32
2,3,9,1,1549.669,3 1,East,2,7,32
2,3,9,2,1550.536,3 2,East,2,7,32
2,3,9,1,1551.207,3 2,North,2,7,32
2,3,9,2,1551.876,3 2,North,2,7,33
2,3,9,1,1552.556,3 2,West,2,7,33
2,3,9,2,1553.448,3 1,West,2,7,33
2,3,9,3,1554.106,3 1,North,2,7,33
2,3,9,2,1554.757,2 1,North,2,7,33
2,3,9,2,1555.846,1 1,North,2,7,33
2,3,9,1,1556.533,1 1,West,2,7,33
2,3,9,2,1557.179,1 0,West,2,7,33
2,3,9,1,1557.782,1 0,South,2,7,33
2,3,9,2,1558.359,2 0,South,2,7,33
2,3,9,2,1559.027,3 0,South,2,7,33
2,3,9,2,1559.684,4 0,South,2,7,33
2,3,9,1,1560.331,4 0,East,2,7,33
2,3,9,2,1561.016,4 1,East,2,7,33
2,3,9,6,1561.42,4 1,East,2,8,33
1,4,10,1,1567.303,4 3,North,2,0,33
1,4,10,1,1568.152,4 2,North,2,0,33
1,4,10,6,1568.56,4 2,North,2,1,33
1,4,10,3,1569.21,4 3,North,2,1,33
1,4,10,3,1569.884,4 4,North,2,1,33
1,4,10,2,1570.458,3 4,North,2,1,33
1,4,10,2,1571.03,2 4,North,2,1,33
1,4,10,2,1571.62,1 4,North,2,1,33
1,4,10,2,1572.458,0 4,North,2,1,33
1,4,10,6,1572.84,0 4,North,2,2,33
1,4,10,4,1573.292,1 4,North,2,2,33
1,4,10,4,1573.845,2 4,North,2,2,33
1,4,10,4,1574.436,3 4,North,2,2,33
1,4,10,4,1575.211,4 4,North,2,2,33
1,4,10,1,1575.878,4 3,North,2,2,33
1,4,10,1,1576.477,4 2,North,2,2,33
1,4,10,2,1577.065,3 2,North,2,2,33
1,4,10,1,1577.636,3 1,North,2,2,33
1,4,10,2,1578.218,2 1,North,2,2,33
1,4,10,2,1578.78,1 1,North,2,2,33
1,4,10,1,1579.333,1 0,North,2,2,33
1,4,10,4,1579.895,2 0,North,2,2,33
1,4,10,4,1580.458,3 0,North,2,2,33
1,4,10,4,1581.029,4 0,North,2,2,33
1,4,10,3,1581.61,4 1,North,2,2,33
1,4,10,6,1582,4 1,North,2,3,33
1,4,10,1,1582.682,4 0,North,2,3,33
1,4,10,2,1583.383,3 0,North,2,3,33
1,4,10,2,1583.994,2 0,North,2,3,33
1,4,10,2,1584.646,1 0,North,2,3,33
1,4,10,3,1585.225,1 1,North,2,3,33
1,4,10,4,1585.787,2 1,North,2,3,33
1,4,10,4,1586.397,3 1,North,2,3,33
1,4,10,3,1587.014,3 2,North,2,3,33
1,4,10,4,1587.639,4 2,North,2,3,33
1,4,10,3,1588.228,4 3,North,2,3,33
1,4,10,3,1588.856,4 4,North,2,3,33
1,4,10,2,1589.528,3 4,North,2,3,33
1,4,10,2,1590.101,2 4,North,2,3,33
1,4,10,2,1590.775,1 4,North,2,3,33
1,4,10,2,1591.559,0 4,North,2,3,33
1,4,10,1,1592.276,0 3,North,2,3,33
1,4,10,6,1592.68,0 3,North,2,4,33
1,4,10,3,1593.044,0 4,North,2,4,33
1,4,10,4,1593.652,1 4,North,2,4,33
1,4,10,4,1594.231,2 4,North,2,4,33
1,4,10,4,1595.32,3 4,North,2,4,33
1,4,10,6,1595.68,3 4,North,2,5,33
1,4,10,2,1596.823,2 4,North,2,5,33
1,4,10,2,1597.69,1 4,North,2,5,33
1,4,10,1,1598.442,1 3,North,2,5,33
1,4,10,4,1599.3,2 3,North,2,5,33
1,4,10,6,1599.66,2 3,North,2,6,33
1,4,10,2,1600.427,1 3,North,2,6,33
1,4,10,3,1601.179,1 4,North,2,6,33
1,4,10,4,1601.867,2 4,North,2,6,33
1,4,10,4,1602.552,3 4,North,2,6,33
1,4,10,4,1603.288,4 4,North,2,6,33
1,4,10,1,1603.99,4 3,North,2,6,33
1,4,10,1,1604.518,4 2,North,2,6,33
1,4,10,2,1605.162,3 2,North,2,6,33
1,4,10,1,1605.787,3 1,North,2,6,33
1,4,10,2,1606.406,2 1,North,2,6,33
1,4,10,2,1607.013,1 1,North,2,6,33
1,4,10,1,1607.672,1 0,North,2,6,33
1,4,10,4,1608.315,2 0,North,2,6,33
1,4,10,4,1608.934,3 0,North,2,6,33
1,4,10,6,1609.3,3 0,North,2,7,33
1,4,10,2,1609.636,2 0,North,2,7,33
1,4,10,4,1610.218,3 0,North,2,7,33
1,4,10,4,1610.872,4 0,North,2,7,33
1,4,10,6,1611.24,4 0,North,2,8,33
2,4,10,2,1614.89,3 4,North,2,0,0
2,4,10,2,1615.45,2 4,North,2,0,0
2,4,10,2,1616.074,1 4,North,2,0,0
2,4,10,1,1616.696,1 4,West,2,0,0
2,4,10,2,1617.255,1 3,West,2,0,0
2,4,10,3,1617.828,1 3,North,2,0,0
2,4,10,2,1618.476,1 3,North,2,0,1
2,4,10,3,1618.904,1 3,East,2,0,1
2,4,10,2,1619.546,1 4,East,2,0,1
2,4,10,1,1620.139,1 4,North,2,0,1
2,4,10,2,1620.797,0 4,North,2,0,1
2,4,10,1,1621.412,0 4,West,2,0,1
2,4,10,2,1622.874,0 3,West,2,0,1
2,4,10,6,1623.3,0 3,West,2,1,1
2,4,10,1,1623.93,0 3,South,2,1,1
2,4,10,1,1624.504,0 3,East,2,1,1
2,4,10,2,1625.165,0 4,East,2,1,1
2,4,10,3,1625.752,0 4,South,2,1,1
2,4,10,2,1626.36,1 4,South,2,1,1
2,4,10,2,1626.953,2 4,South,2,1,1
2,4,10,2,1627.542,3 4,South,2,1,1
2,4,10,2,1628.165,4 4,South,2,1,1
2,4,10,3,1628.771,4 4,West,2,1,1
2,4,10,2,1629.785,4 3,West,2,1,1
2,4,10,2,1630.393,4 2,West,2,1,1
2,4,10,3,1631.012,4 2,North,2,1,1
2,4,10,2,1631.74,3 2,North,2,1,1
2,4,10,1,1632.427,3 2,West,2,1,1
2,4,10,2,1633.142,3 1,West,2,1,1
2,4,10,3,1633.814,3 1,North,2,1,1
2,4,10,2,1634.474,2 1,North,2,1,1
2,4,10,1,1635.174,2 1,West,2,1,1
2,4,10,2,1635.85,2 1,West,2,1,2
2,4,10,3,1636.487,2 1,North,2,1,2
2,4,10,2,1637.178,1 1,North,2,1,2
2,4,10,1,1637.802,1 1,West,2,1,2
2,4,10,2,1638.458,1 0,West,2,1,2
2,4,10,1,1639.115,1 0,South,2,1,2
2,4,10,2,1639.741,2 0,South,2,1,2
2,4,10,2,1640.347,3 0,South,2,1,2
2,4,10,6,1640.72,3 0,South,2,2,2
2,4,10,1,1641.16,3 0,East,2,2,2
2,4,10,1,1641.718,3 0,North,2,2,2
2,4,10,2,1642.359,2 0,North,2,2,2
2,4,10,2,1642.984,1 0,North,2,2,2
2,4,10,3,1643.545,1 0,East,2,2,2
2,4,10,2,1644.168,1 1,East,2,2,2
2,4,10,3,1644.732,1 1,South,2,2,2
2,4,10,2,1645.349,2 1,South,2,2,2
2,4,10,1,1645.959,2 1,East,2,2,2
2,4,10,2,1646.714,2 1,East,2,2,3
2,4,10,3,1647.227,2 1,South,2,2,3
2,4,10,2,1647.878,3 1,South,2,2,3
2,4,10,1,1648.533,3 1,East,2,2,3
2,4,10,2,1649.156,3 2,East,2,2,3
2,4,10,3,1649.756,3 2,South,2,2,3
2,4,10,2,1650.308,4 2,South,2,2,3
2,4,10,6,1650.68,4 2,South,2,3,3
2,4,10,3,1650.923,4 2,West,2,3,3
2,4,10,3,1651.48,4 2,North,2,3,3
2,4,10,3,1652.329,4 2,East,2,3,3
2,4,10,2,1653.979,4 3,East,2,3,3
2,4,10,2,1654.55,4 4,East,2,3,3
2,4,10,1,1655.125,4 4,North,2,3,3
2,4,10,2,1655.755,3 4,North,2,3,3
2,4,10,6,1656.14,3 4,North,2,4,3
2,4,10,1,1656.393,3 4,West,2,4,3
2,4,10,3,1656.98,3 4,North,2,4,3
2,4,10,2,1659.594,2 4,North,2,4,3
2,4,10,1,1660.155,2 4,West,2,4,3
2,4,10,2,1662.326,2 4,West,2,4,4
2,4,10,3,1662.805,2 4,North,2,4,4
2,4,10,2,1663.531,1 4,North,2,4,4
2,4,10,1,1664.422,1 4,West,2,4,4
2,4,10,2,1665.719,1 3,West,2,4,4
2,4,10,1,1666.437,1 3,South,2,4,4
2,4,10,2,1667.174,2 3,South,2,4,4
2,4,10,6,1667.54,2 3,South,2,5,4
2,4,10,3,1668.058,2 3,West,2,5,4
2,4,10,3,1668.604,2 3,North,2,5,4
2,4,10,2,1669.369,1 3,North,2,5,4
2,4,10,3,1669.994,1 3,East,2,5,4
2,4,10,2,1670.613,1 4,East,2,5,4
2,4,10,1,1671.228,1 4,North,2,5,4
2,4,10,2,1671.865,0 4,North,2,5,4
2,4,10,1,1672.49,0 4,West,2,5,4
2,4,10,2,1673.159,0 3,West,2,5,4
2,4,10,2,1673.845,0 3,West,2,5,5
2,4,10,1,1674.378,0 3,South,2,5,5
2,4,10,2,1675.004,0 3,South,2,5,6
2,4,10,1,1676.054,0 3,East,2,5,6
2,4,10,2,1677.74,0 4,East,2,5,6
2,4,10,3,1678.345,0 4,South,2,5,6
2,4,10,2,1678.935,1 4,South,2,5,6
2,4,10,3,1679.653,1 4,West,2,5,6
2,4,10,2,1680.484,1 3,West,2,5,6
2,4,10,1,1681.146,1 3,South,2,5,6
2,4,10,2,1681.766,2 3,South,2,5,6
2,4,10,3,1682.361,2 3,West,2,5,6
2,4,10,2,1683.002,2 2,West,2,5,6
2,4,10,3,1683.605,2 2,North,2,5,6
2,4,10,2,1684.199,1 2,North,2,5,6
2,4,10,2,1684.901,0 2,North,2,5,6
2,4,10,6,1685.28,0 2,North,2,6,6
2,4,10,1,1685.701,0 2,West,2,6,6
2,4,10,1,1686.28,0 2,South,2,6,6
2,4,10,2,1687.11,1 2,South,2,6,6
2,4,10,2,1688.169,2 2,South,2,6,6
2,4,10,1,1688.761,2 2,East,2,6,6
2,4,10,2,1689.356,2 3,East,2,6,6
2,4,10,2,1690.485,2 3,East,2,6,7
2,4,10,3,1690.968,2 3,South,2,6,7
2,4,10,2,1691.528,2 3,South,2,6,8
2,4,10,1,1692.443,2 3,East,2,6,8
2,4,10,1,1692.955,2 3,North,2,6,8
2,4,10,1,1694.604,2 3,West,2,6,8
2,4,10,3,1695.417,2 3,North,2,6,8
2,4,10,2,1696.185,1 3,North,2,6,8
2,4,10,3,1696.86,1 3,East,2,6,8
2,4,10,2,1697.526,1 4,East,2,6,8
2,4,10,3,1698.1,1 4,South,2,6,8
2,4,10,2,1698.711,2 4,South,2,6,8
2,4,10,3,1699.677,2 4,West,2,6,8
2,4,10,3,1700.204,2 4,North,2,6,8
2,4,10,1,1701.388,2 4,West,2,6,8
2,4,10,1,1701.901,2 4,South,2,6,8
2,4,10,2,1702.474,3 4,South,2,6,8
2,4,10,2,1703.116,4 4,South,2,6,8
2,4,10,3,1704.228,4 4,West,2,6,8
2,4,10,2,1704.922,4 3,West,2,6,8
2,4,10,6,1705.34,4 3,West,2,7,8
2,4,10,3,1705.688,4 3,North,2,7,8
2,4,10,3,1706.405,4 3,East,2,7,8
2,4,10,2,1706.987,4 4,East,2,7,8
2,4,10,1,1707.61,4 4,North,2,7,8
2,4,10,2,1708.248,3 4,North,2,7,8
2,4,10,2,1709.244,2 4,North,2,7,8
2,4,10,1,1711.259,2 4,West,2,7,8
2,4,10,3,1712.218,2 4,North,2,7,8
2,4,10,2,1712.889,1 4,North,2,7,8
2,4,10,1,1713.46,1 4,West,2,7,8
2,4,10,2,1714.181,1 3,West,2,7,8
2,4,10,6,1714.6,1 3,West,2,8,8
1,4,11,1,1719.578,4 3,North,2,0,8
1,4,11,1,1720.151,4 2,North,2,0,8
1,4,11,2,1720.825,3 2,North,2,0,8
1,4,11,1,1721.543,3 1,North,2,0,8
1,4,11,2,1722.342,2 1,North,2,0,8
1,4,11,2,1722.948,1 1,North,2,0,8
1,4,11,1,1723.573,1 0,North,2,0,8
1,4,11,4,1724.329,2 0,North,2,0,8
1,4,11,6,1724.7,2 0,North,2,1,8
1,4,11,2,1724.891,1 0,North,2,1,8
1,4,11,3,1725.446,1 1,North,2,1,8
1,4,11,4,1726.419,2 1,North,2,1,8
1,4,11,4,1726.984,3 1,North,2,1,8
1,4,11,3,1727.626,3 2,North,2,1,8
1,4,11,4,1728.168,4 2,North,2,1,8
1,4,11,3,1728.726,4 3,North,2,1,8
1,4,11,6,1729.12,4 3,North,2,2,8
1,4,11,1,1729.495,4 2,North,2,2,8
1,4,11,2,1730.075,3 2,North,2,2,8
1,4,11,1,1730.6,3 1,North,2,2,8
1,4,11,6,1731,3 1,North,2,3,8
1,4,11,3,1732.006,3 2,North,2,3,8
1,4,11,4,1732.696,4 2,North,2,3,8
1,4,11,4,1733.689,4 2,North,2,3,8
1,4,11,3,1734.314,4 3,North,2,3,8
1,4,11,3,1734.875,4 4,North,2,3,8
1,4,11,2,1735.446,3 4,North,2,3,8
1,4,11,2,1736.008,2 4,North,2,3,8
1,4,11,6,1736.38,2 4,North,2,4,8
1,4,11,2,1737.141,1 4,North,2,4,8
1,4,11,4,1738.068,2 4,North,2,4,8
1,4,11,4,1738.697,3 4,North,2,4,8
1,4,11,4,1739.283,4 4,North,2,4,8
1,4,11,1,1739.892,4 3,North,2,4,8
1,4,11,1,1740.426,4 2,North,2,4,8
1,4,11,2,1740.969,3 2,North,2,4,8
1,4,11,1,1741.943,3 1,North,2,4,8
1,4,11,2,1742.619,2 1,North,2,4,8
1,4,11,2,1743.193,1 1,North,2,4,8
1,4,11,6,1743.58,1 1,North,2,5,8
1,4,11,4,1743.767,2 1,North,2,5,8
1,4,11,4,1744.38,3 1,North,2,5,8
1,4,11,3,1744.92,3 2,North,2,5,8
1,4,11,3,1745.528,3 3,North,2,5,8
1,4,11,6,1745.94,3 3,North,2,6,8
1,4,11,1,1746.198,3 2,North,2,6,8
1,4,11,4,1746.775,4 2,North,2,6,8
1,4,11,3,1747.318,4 3,North,2,6,8
1,4,11,3,1747.864,4 4,North,2,6,8
1,4,11,2,1748.789,3 4,North,2,6,8
1,4,11,2,1749.477,2 4,North,2,6,8
1,4,11,2,1750.188,1 4,North,2,6,8
1,4,11,6,1750.56,1 4,North,2,7,8
1,4,11,1,1751.485,1 3,North,2,7,8
1,4,11,6,1751.88,1 3,North,2,8,8
2,4,11,1,1755.668,4 4,West,2,0,0
2,4,11,2,1757.114,4 3,West,2,0,0
2,4,11,2,1757.684,4 2,West,2,0,0
2,4,11,3,1758.294,4 2,North,2,0,0
2,4,11,2,1761.45,3 2,North,2,0,0
2,4,11,2,1762.039,3 2,North,2,0,1
2,4,11,1,1762.614,3 2,West,2,0,1
2,4,11,2,1763.26,3 1,West,2,0,1
2,4,11,3,1763.876,3 1,North,2,0,1
2,4,11,2,1764.503,2 1,North,2,0,1
2,4,11,2,1765.239,1 1,North,2,0,1
2,4,11,6,1765.62,1 1,North,2,1,1
2,4,11,1,1766.118,1 1,West,2,1,1
2,4,11,1,1766.747,1 1,South,2,1,1
2,4,11,2,1767.533,2 1,South,2,1,1
2,4,11,2,1768.376,3 1,South,2,1,1
2,4,11,1,1769.002,3 1,East,2,1,1
2,4,11,2,1769.752,3 2,East,2,1,1
2,4,11,3,1770.406,3 2,South,2,1,1
2,4,11,2,1771.044,4 2,South,2,1,1
2,4,11,1,1771.638,4 2,East,2,1,1
2,4,11,2,1772.277,4 3,East,2,1,1
2,4,11,6,1772.68,4 3,East,2,2,1
2,4,11,1,1772.919,4 3,North,2,2,1
2,4,11,1,1773.642,4 3,West,2,2,1
2,4,11,2,1774.324,4 2,West,2,2,1
2,4,11,3,1776.682,4 2,North,2,2,1
2,4,11,2,1777.333,3 2,North,2,2,1
2,4,11,2,1778.38,3 2,North,2,2,2
2,4,11,1,1778.918,3 2,West,2,2,2
2,4,11,2,1779.658,3 1,West,2,2,2
2,4,11,6,1780.08,3 1,West,2,3,2
2,4,11,3,1781.725,3 1,North,2,3,2
2,4,11,3,1782.389,3 1,East,2,3,2
2,4,11,2,1783.116,3 2,East,2,3,2
2,4,11,3,1783.768,3 2,South,2,3,2
2,4,11,2,1784.501,4 2,South,2,3,2
2,4,11,1,1785.066,4 2,East,2,3,2
2,4,11,2,1785.674,4 3,East,2,3,2
2,4,11,2,1786.263,4 4,East,2,3,2
2,4,11,1,1786.858,4 4,North,2,3,2
2,4,11,2,1787.469,3 4,North,2,3,2
2,4,11,2,1788.039,2 4,North,2,3,2
2,4,11,2,1788.676,1 4,North,2,3,2
2,4,11,6,1789.06,1 4,North,2,4,2
2,4,11,1,1789.444,1 4,West,2,4,2
2,4,11,1,1790.139,1 4,South,2,4,2
2,4,11,2,1790.761,2 4,South,2,4,2
2,4,11,2,1792.052,3 4,South,2,4,2
2,4,11,2,1792.907,4 4,South,2,4,2
2,4,11,3,1793.444,4 4,West,2,4,2
2,4,11,2,1793.995,4 3,West,2,4,2
2,4,11,3,1794.516,4 3,North,2,4,2
2,4,11,2,1795.11,4 3,North,2,4,3
2,4,11,1,1796.616,4 3,West,2,4,3
2,4,11,2,1797.259,4 2,West,2,4,3
2,4,11,3,1797.83,4 2,North,2,4,3
2,4,11,2,1798.377,3 2,North,2,4,3
2,4,11,3,1798.989,3 2,East,2,4,3
2,4,11,2,1799.594,3 3,East,2,4,3
2,4,11,6,1800,3 3,East,2,5,3
2,4,11,1,1800.183,3 3,North,2,5,3
2,4,11,1,1800.781,3 3,West,2,5,3
2,4,11,2,1801.384,3 2,West,2,5,3
2,4,11,1,1801.961,3 2,South,2,5,3
2,4,11,2,1802.55,4 2,South,2,5,3
2,4,11,1,1803.095,4 2,East,2,5,3
2,4,11,2,1803.627,4 3,East,2,5,3
2,4,11,2,1804.17,4 4,East,2,5,3
2,4,11,1,1805.157,4 4,North,2,5,3
2,4,11,2,1805.766,3 4,North,2,5,3
2,4,11,2,1806.317,2 4,North,2,5,3
2,4,11,2,1806.868,1 4,North,2,5,3
2,4,11,2,1807.413,0 4,North,2,5,3
2,4,11,6,1807.8,0 4,North,2,6,3
2,4,11,1,1808.309,0 4,West,2,6,3
2,4,11,1,1808.874,0 4,South,2,6,3
2,4,11,2,1809.465,1 4,South,2,6,3
2,4,11,2,1810.052,2 4,South,2,6,3
2,4,11,2,1810.605,3 4,South,2,6,3
2,4,11,2,1811.13,4 4,South,2,6,3
2,4,11,3,1811.658,4 4,West,2,6,3
2,4,11,2,1812.23,4 3,West,2,6,3
2,4,11,2,1812.792,4 2,West,2,6,3
2,4,11,3,1813.422,4 2,North,2,6,3
2,4,11,2,1814.008,3 2,North,2,6,3
2,4,11,2,1814.79,3 2,North,2,6,4
2,4,11,1,1815.254,3 2,West,2,6,4
2,4,11,2,1815.976,3 1,West,2,6,4
2,4,11,3,1816.604,3 1,North,2,6,4
2,4,11,2,1817.24,2 1,North,2,6,4
2,4,11,6,1817.62,2 1,North,2,7,4
2,4,11,3,1817.911,2 1,East,2,7,4
2,4,11,2,1818.981,2 1,East,2,7,5
2,4,11,3,1819.645,2 1,South,2,7,5
2,4,11,1,1820.661,2 1,East,2,7,5
2,4,11,1,1821.275,2 1,North,2,7,5
2,4,11,2,1822.172,1 1,North,2,7,5
2,4,11,3,1822.838,1 1,East,2,7,5
2,4,11,2,1823.434,1 1,East,2,7,6
2,4,11,1,1824.214,1 1,North,2,7,6
2,4,11,3,1824.843,1 1,East,2,7,6
2,4,11,3,1825.514,1 1,South,2,7,6
2,4,11,1,1826.299,1 1,East,2,7,6
2,4,11,3,1827.88,1 1,South,2,7,6
2,4,11,2,1828.872,2 1,South,2,7,6
2,4,11,2,1830.412,3 1,South,2,7,6
2,4,11,1,1831.157,3 1,East,2,7,6
2,4,11,2,1832.022,3 2,East,2,7,6
2,4,11,3,1832.645,3 2,South,2,7,6
2,4,11,2,1833.237,4 2,South,2,7,6
2,4,11,1,1833.828,4 2,East,2,7,6
2,4,11,2,1834.439,4 3,East,2,7,6
2,4,11,2,1835.044,4 4,East,2,7,6
2,4,11,1,1835.639,4 4,North,2,7,6
2,4,11,2,1836.22,3 4,North,2,7,6
2,4,11,2,1836.86,2 4,North,2,7,6
2,4,11,2,1838.041,1 4,North,2,7,6
2,4,11,1,1838.633,1 4,West,2,7,6
2,4,11,2,1839.285,1 3,West,2,7,6
2,4,11,1,1840.444,1 3,South,2,7,6
2,4,11,2,1841.142,2 3,South,2,7,6
2,4,11,3,1841.784,2 3,West,2,7,6
2,4,11,2,1842.445,2 2,West,2,7,6
2,4,11,6,1842.86,2 2,West,2,8,6
1,4,12,2,1848.088,3 4,North,2,0,6
1,4,12,2,1848.837,2 4,North,2,0,6
1,4,12,2,1849.574,1 4,North,2,0,6
1,4,12,1,1850.233,1 3,North,2,0,6
1,4,12,4,1850.805,2 3,North,2,0,6
1,4,12,1,1851.45,2 2,North,2,0,6
1,4,12,2,1852.084,1 2,North,2,0,6
1,4,12,2,1852.778,0 2,North,2,0,6
1,4,12,6,1853.16,0 2,North,2,1,6
1,4,12,4,1853.461,1 2,North,2,1,6
1,4,12,4,1854.138,2 2,North,2,1,6
1,4,12,3,1854.727,2 3,North,2,1,6
1,4,12,2,1855.338,1 3,North,2,1,6
1,4,12,3,1855.91,1 4,North,2,1,6
1,4,12,4,1856.454,2 4,North,2,1,6
1,4,12,4,1857.064,3 4,North,2,1,6
1,4,12,4,1857.676,4 4,North,2,1,6
1,4,12,1,1858.266,4 3,North,2,1,6
1,4,12,1,1858.792,4 2,North,2,1,6
1,4,12,2,1859.38,3 2,North,2,1,6
1,4,12,1,1859.911,3 1,North,2,1,6
1,4,12,2,1860.475,2 1,North,2,1,6
1,4,12,2,1861.019,1 1,North,2,1,6
1,4,12,1,1861.581,1 0,North,2,1,6
1,4,12,6,1861.98,1 0,North,2,2,6
1,4,12,3,1862.121,1 1,North,2,2,6
1,4,12,4,1862.666,2 1,North,2,2,6
1,4,12,4,1863.319,3 1,North,2,2,6
1,4,12,3,1863.975,3 2,North,2,2,6
1,4,12,4,1864.779,4 2,North,2,2,6
1,4,12,3,1865.468,4 3,North,2,2,6
1,4,12,3,1866.12,4 4,North,2,2,6
1,4,12,2,1866.805,3 4,North,2,2,6
1,4,12,2,1867.386,2 4,North,2,2,6
1,4,12,2,1868.506,1 4,North,2,2,6
1,4,12,1,1869.176,1 3,North,2,2,6
1,4,12,4,1870.264,2 3,North,2,2,6
1,4,12,1,1870.871,2 2,North,2,2,6
1,4,12,2,1871.417,1 2,North,2,2,6
1,4,12,2,1871.979,0 2,North,2,2,6
1,4,12,1,1872.549,0 1,North,2,2,6
1,4,12,6,1872.96,0 1,North,2,3,6
1,4,12,3,1873.147,0 2,North,2,3,6
1,4,12,4,1874.205,1 2,North,2,3,6
1,4,12,4,1874.82,2 2,North,2,3,6
1,4,12,3,1875.453,2 3,North,2,3,6
1,4,12,2,1876.137,1 3,North,2,3,6
1,4,12,3,1876.715,1 4,North,2,3,6
1,4,12,4,1877.257,2 4,North,2,3,6
1,4,12,4,1878.059,3 4,North,2,3,6
1,4,12,4,1878.646,4 4,North,2,3,6
1,4,12,1,1879.271,4 3,North,2,3,6
1,4,12,1,1879.813,4 2,North,2,3,6
1,4,12,2,1880.773,3 2,North,2,3,6
1,4,12,6,1881.14,3 2,North,2,4,6
1,4,12,4,1881.782,4 2,North,2,4,6
1,4,12,3,1882.425,4 3,North,2,4,6
1,4,12,3,1883.18,4 4,North,2,4,6
1,4,12,2,1883.989,3 4,North,2,4,6
1,4,12,2,1884.589,2 4,North,2,4,6
1,4,12,2,1885.244,1 4,North,2,4,6
1,4,12,1,1885.912,1 3,North,2,4,6
1,4,12,4,1886.648,2 3,North,2,4,6
1,4,12,1,1887.256,2 2,North,2,4,6
1,4,12,2,1887.845,1 2,North,2,4,6
1,4,12,2,1888.441,0 2,North,2,4,6
1,4,12,1,1889.067,0 1,North,2,4,6
1,4,12,1,1889.674,0 0,North,2,4,6
1,4,12,6,1890.08,0 0,North,2,5,6
1,4,12,3,1890.469,0 1,North,2,5,6
1,4,12,3,1891.031,0 2,North,2,5,6
1,4,12,4,1891.561,1 2,North,2,5,6
1,4,12,4,1892.183,2 2,North,2,5,6
1,4,12,6,1892.56,2 2,North,2,6,6
1,4,12,3,1892.791,2 3,North,2,6,6
1,4,12,1,1893.763,2 2,North,2,6,6
1,4,12,2,1895.225,1 2,North,2,6,6
1,4,12,6,1895.6,1 2,North,2,7,6
1,4,12,4,1896.089,2 2,North,2,7,6
1,4,12,3,1896.743,2 3,North,2,7,6
1,4,12,2,1897.341,1 3,North,2,7,6
1,4,12,3,1897.947,1 4,North,2,7,6
1,4,12,4,1898.507,2 4,North,2,7,6
1,4,12,4,1899.096,3 4,North,2,7,6
1,4,12,4,1899.674,4 4,North,2,7,6
1,4,12,1,1900.298,4 3,North,2,7,6
1,4,12,1,1900.858,4 2,North,2,7,6
1,4,12,2,1901.684,3 2,North,2,7,6
1,4,12,1,1902.311,3 1,North,2,7,6
1,4,12,2,1902.934,2 1,North,2,7,6
1,4,12,6,1903.32,2 1,North,2,8,6
2,4,12,1,1906.485,4 4,West,2,0,0
2,4,12,3,1907.4,4 4,North,2,0,0
2,4,12,2,1908.251,3 4,North,2,0,0
2,4,12,2,1908.839,2 4,North,2,0,0
2,4,12,1,1909.469,2 4,West,2,0,0
2,4,12,2,1910.052,2 4,West,2,0,1
2,4,12,3,1910.611,2 4,North,2,0,1
2,4,12,2,1911.684,1 4,North,2,0,1
2,4,12,1,1912.294,1 4,West,2,0,1
2,4,12,2,1913.205,1 3,West,2,0,1
2,4,12,1,1914.374,1 3,South,2,0,1
2,4,12,2,1915.061,2 3,South,2,0,1
2,4,12,3,1915.636,2 3,West,2,0,1
2,4,12,2,1916.22,2 2,West,2,0,1
2,4,12,3,1916.792,2 2,North,2,0,1
2,4,12,2,1917.34,1 2,North,2,0,1
2,4,12,1,1917.974,1 2,West,2,0,1
2,4,12,3,1918.598,1 2,North,2,0,1
2,4,12,2,1919.576,0 2,North,2,0,1
2,4,12,1,1920.142,0 2,West,2,0,1
2,4,12,2,1920.729,0 1,West,2,0,1
2,4,12,2,1921.323,0 0,West,2,0,1
2,4,12,6,1921.74,0 0,West,2,1,1
2,4,12,3,1921.928,0 0,North,2,1,1
2,4,12,3,1922.501,0 0,East,2,1,1
2,4,12,2,1923.082,0 1,East,2,1,1
2,4,12,3,1923.67,0 1,South,2,1,1
2,4,12,1,1924.199,0 1,East,2,1,1
2,4,12,2,1924.765,0 2,East,2,1,1
2,4,12,3,1925.287,0 2,South,2,1,1
2,4,12,2,1925.816,1 2,South,2,1,1
2,4,12,2,1926.472,2 2,South,2,1,1
2,4,12,6,1926.84,2 2,South,2,2,1
2,4,12,1,1927.116,2 2,East,2,2,1
2,4,12,1,1927.675,2 2,North,2,2,1
2,4,12,1,1928.259,2 2,West,2,2,1
2,4,12,2,1929.037,2 2,West,2,2,2
2,4,12,3,1929.754,2 2,North,2,2,2
2,4,12,2,1932.246,1 2,North,2,2,2
2,4,12,2,1933.174,0 2,North,2,2,2
2,4,12,1,1934.156,0 2,West,2,2,2
2,4,12,2,1934.91,0 1,West,2,2,2
2,4,12,6,1935.32,0 1,West,2,3,2
2,4,12,1,1935.653,0 1,South,2,3,2
2,4,12,1,1936.28,0 1,East,2,3,2
2,4,12,2,1937.032,0 2,East,2,3,2
2,4,12,3,1937.624,0 2,South,2,3,2
2,4,12,2,1938.314,1 2,South,2,3,2
2,4,12,6,1938.68,1 2,South,2,4,2
2,4,12,3,1939.084,1 2,West,2,4,2
2,4,12,1,1940.263,1 2,South,2,4,2
2,4,12,1,1941.277,1 2,East,2,4,2
2,4,12,3,1941.961,1 2,South,2,4,2
2,4,12,2,1942.696,2 2,South,2,4,2
2,4,12,1,1943.288,2 2,East,2,4,2
2,4,12,2,1943.939,2 3,East,2,4,2
2,4,12,1,1944.518,2 3,North,2,4,2
2,4,12,2,1945.117,1 3,North,2,4,2
2,4,12,3,1945.734,1 3,East,2,4,2
2,4,12,2,1946.295,1 4,East,2,4,2
2,4,12,3,1946.869,1 4,South,2,4,2
2,4,12,2,1947.42,2 4,South,2,4,2
2,4,12,2,1948.021,3 4,South,2,4,2
2,4,12,2,1948.616,4 4,South,2,4,2
2,4,12,3,1949.163,4 4,West,2,4,2
2,4,12,2,1949.725,4 3,West,2,4,2
2,4,12,2,1950.315,4 2,West,2,4,2
2,4,12,3,1951.495,4 2,North,2,4,2
2,4,12,2,1952.169,3 2,North,2,4,2
2,4,12,1,1952.729,3 2,West,2,4,2
2,4,12,3,1953.828,3 2,North,2,4,2
2,4,12,2,1954.47,3 2,North,2,4,3
2,4,12,1,1955.014,3 2,West,2,4,3
2,4,12,2,1955.725,3 1,West,2,4,3
2,4,12,3,1956.856,3 1,North,2,4,3
2,4,12,2,1958.221,2 1,North,2,4,3
2,4,12,1,1958.758,2 1,West,2,4,3
2,4,12,2,1959.385,2 1,West,2,4,4
2,4,12,3,1960.54,2 1,North,2,4,4
2,4,12,2,1961.211,1 1,North,2,4,4
2,4,12,1,1961.788,1 1,West,2,4,4
2,4,12,2,1962.484,1 0,West,2,4,4
2,4,12,1,1963.096,1 0,South,2,4,4
2,4,12,2,1963.748,2 0,South,2,4,4
2,4,12,6,1964.12,2 0,South,2,5,4
2,4,12,1,1964.524,2 0,East,2,5,4
2,4,12,1,1965.173,2 0,North,2,5,4
2,4,12,2,1965.865,1 0,North,2,5,4
2,4,12,3,1966.44,1 0,East,2,5,4
2,4,12,2,1967.029,1 1,East,2,5,4
2,4,12,3,1967.62,1 1,South,2,5,4
2,4,12,2,1968.133,2 1,South,2,5,4
2,4,12,2,1970.282,3 1,South,2,5,4
2,4,12,1,1970.949,3 1,East,2,5,4
2,4,12,2,1971.991,3 2,East,2,5,4
2,4,12,3,1972.613,3 2,South,2,5,4
2,4,12,2,1973.253,4 2,South,2,5,4
2,4,12,1,1973.786,4 2,East,2,5,4
2,4,12,2,1974.444,4 3,East,2,5,4
2,4,12,2,1975.016,4 4,East,2,5,4
2,4,12,1,1975.573,4 4,North,2,5,4
2,4,12,2,1976.124,3 4,North,2,5,4
2,4,12,2,1976.715,2 4,North,2,5,4
2,4,12,6,1977.1,2 4,North,2,6,4
2,4,12,1,1977.34,2 4,West,2,6,4
2,4,12,1,1977.925,2 4,South,2,6,4
2,4,12,3,1978.54,2 4,West,2,6,4
2,4,12,1,1980.635,2 4,South,2,6,4
2,4,12,2,1981.22,3 4,South,2,6,4
2,4,12,2,1982.164,4 4,South,2,6,4
2,4,12,3,1982.693,4 4,West,2,6,4
2,4,12,2,1983.293,4 3,West,2,6,4
2,4,12,2,1983.882,4 2,West,2,6,4
2,4,12,3,1984.473,4 2,North,2,6,4
2,4,12,2,1985.049,3 2,North,2,6,4
2,4,12,2,1985.739,3 2,North,2,6,5
2,4,12,1,1988.58,3 2,West,2,6,5
2,4,12,1,1989.116,3 2,South,2,6,5
2,4,12,2,1989.771,4 2,South,2,6,5
2,4,12,3,1990.375,4 2,West,2,6,5
2,4,12,3,1990.956,4 2,North,2,6,5
2,4,12,2,1991.851,3 2,North,2,6,5
2,4,12,1,1993.116,3 2,West,2,6,5
2,4,12,2,1993.83,3 1,West,2,6,5
2,4,12,3,1994.438,3 1,North,2,6,5
2,4,12,2,1995.101,2 1,North,2,6,5
2,4,12,2,1995.732,1 1,North,2,6,5
2,4,12,1,1996.327,1 1,West,2,6,5
2,4,12,2,1996.95,1 0,West,2,6,5
2,4,12,6,1997.36,1 0,West,2,7,5
2,4,12,1,1997.558,1 0,South,2,7,5
2,4,12,2,1999.348,2 0,South,2,7,5
2,4,12,2,1999.996,3 0,South,2,7,5
2,4,12,2,2000.634,4 0,South,2,7,5
2,4,12,6,2001,4 0,South,2,8,5
1,5,13,2,2034.186,3 4,North,3,0,5
1,5,13,6,2034.56,3 4,North,3,1,5
1,5,13,4,2035.109,4 4,North,3,1,5
1,5,13,1,2035.836,4 3,North,3,1,5
1,5,13,1,2036.424,4 2,North,3,1,5
1,5,13,1,2037.095,4 1,North,3,1,5
1,5,13,6,2037.5,4 1,North,3,2,5
1,5,13,3,2037.944,4 2,North,3,2,5
1,5,13,2,2038.572,3 2,North,3,2,5
1,5,13,1,2039.322,3 1,North,3,2,5
1,5,13,1,2039.96,3 0,North,3,2,5
1,5,13,2,2041.034,2 0,North,3,2,5
1,5,13,2,2041.652,1 0,North,3,2,5
1,5,13,3,2042.266,1 1,North,3,2,5
1,5,13,4,2042.836,2 1,North,3,2,5
1,5,13,3,2043.45,2 2,North,3,2,5
1,5,13,2,2044.102,1 2,North,3,2,5
1,5,13,2,2044.759,0 2,North,3,2,5
1,5,13,6,2045.14,0 2,North,3,3,5
1,5,13,4,2045.783,1 2,North,3,3,5
1,5,13,4,2046.427,2 2,North,3,3,5
1,5,13,6,2046.78,2 2,North,3,4,5
1,5,13,1,2047.699,2 1,North,3,4,5
1,5,13,2,2048.535,1 1,North,3,4,5
1,5,13,1,2049.208,1 0,North,3,4,5
1,5,13,4,2049.88,2 0,North,3,4,5
1,5,13,4,2050.44,3 0,North,3,4,5
1,5,13,3,2051.048,3 1,North,3,4,5
1,5,13,3,2051.621,3 2,North,3,4,5
1,5,13,4,2052.202,4 2,North,3,4,5
1,5,13,3,2053.085,4 3,North,3,4,5
1,5,13,3,2053.766,4 4,North,3,4,5
1,5,13,2,2054.491,3 4,North,3,4,5
1,5,13,1,2055.853,3 3,North,3,4,5
1,5,13,2,2056.637,2 3,North,3,4,5
1,5,13,2,2057.162,1 3,North,3,4,5
1,5,13,2,2058.123,0 3,North,3,4,5
1,5,13,6,2058.5,0 3,North,3,5,5
1,5,13,4,2058.855,1 3,North,3,5,5
1,5,13,4,2059.434,2 3,North,3,5,5
1,5,13,4,2060.008,3 3,North,3,5,5
1,5,13,3,2060.589,3 4,North,3,5,5
1,5,13,4,2061.162,4 4,North,3,5,5
1,5,13,1,2061.864,4 3,North,3,5,5
1,5,13,1,2062.747,4 2,North,3,5,5
1,5,13,6,2063.14,4 2,North,3,6,5
1,5,13,3,2063.587,4 3,North,3,6,5
1,5,13,3,2064.233,4 4,North,3,6,5
1,5,13,2,2064.932,3 4,North,3,6,5
1,5,13,1,2065.525,3 3,North,3,6,5
1,5,13,2,2066.077,2 3,North,3,6,5
1,5,13,2,2066.612,1 3,North,3,6,5
1,5,13,2,2067.18,0 3,North,3,6,5
1,5,13,3,2068.198,0 4,North,3,6,5
1,5,13,6,2068.6,0 4,North,3,7,5
1,5,13,4,2068.811,1 4,North,3,7,5
1,5,13,2,2069.447,0 4,North,3,7,5
1,5,13,1,2070.023,0 3,North,3,7,5
1,5,13,4,2070.552,1 3,North,3,7,5
1,5,13,4,2071.085,2 3,North,3,7,5
1,5,13,4,2071.655,3 3,North,3,7,5
1,5,13,3,2072.308,3 4,North,3,7,5
1,5,13,4,2072.874,4 4,North,3,7,5
1,5,13,1,2073.462,4 3,North,3,7,5
1,5,13,1,2074.053,4 2,North,3,7,5
1,5,13,2,2074.76,3 2,North,3,7,5
1,5,13,1,2075.397,3 1,North,3,7,5
1,5,13,1,2076.042,3 0,North,3,7,5
1,5,13,2,2076.712,2 0,North,3,7,5
1,5,13,2,2077.432,1 0,North,3,7,5
1,5,13,3,2078.566,1 1,North,3,7,5
1,5,13,4,2079.108,2 1,North,3,7,5
1,5,13,3,2079.643,2 2,North,3,7,5
1,5,13,2,2080.326,1 2,North,3,7,5
1,5,13,2,2080.926,0 2,North,3,7,5
1,5,13,1,2081.589,0 1,North,3,7,5
1,5,13,1,2082.214,0 0,North,3,7,5
1,5,13,6,2082.62,0 0,North,3,8,5
2,5,13,2,2087.706,3 4,North,3,0,0
2,5,13,1,2088.598,3 4,West,3,0,0
2,5,13,2,2089.325,3 3,West,3,0,0
2,5,13,3,2090.293,3 3,North,3,0,0
2,5,13,2,2091.031,2 3,North,3,0,0
2,5,13,3,2091.69,2 3,East,3,0,0
2,5,13,2,2092.522,2 3,East,3,0,1
2,5,13,1,2093.06,2 3,North,3,0,1
2,5,13,2,2093.75,1 3,North,3,0,1
2,5,13,2,2094.403,0 3,North,3,0,1
2,5,13,1,2094.985,0 3,West,3,0,1
2,5,13,2,2095.757,0 3,West,3,0,2
2,5,13,1,2096.988,0 3,South,3,0,2
2,5,13,2,2097.687,1 3,South,3,0,2
2,5,13,3,2098.26,1 3,West,3,0,2
2,5,13,2,2099.032,1 3,West,3,0,3
2,5,13,3,2099.69,1 3,North,3,0,3
2,5,13,3,2100.315,1 3,East,3,0,3
2,5,13,3,2100.916,1 3,South,3,0,3
2,5,13,2,2101.445,2 3,South,3,0,3
2,5,13,2,2102.077,3 3,South,3,0,3
2,5,13,1,2103.195,3 3,East,3,0,3
2,5,13,3,2104.218,3 3,South,3,0,3
2,5,13,2,2105.001,3 3,South,3,0,4
2,5,13,1,2105.43,3 3,East,3,0,4
2,5,13,2,2106.28,3 4,East,3,0,4
2,5,13,3,2107.302,3 4,South,3,0,4
2,5,13,2,2107.949,4 4,South,3,0,4
2,5,13,3,2108.554,4 4,West,3,0,4
2,5,13,2,2109.432,4 3,West,3,0,4
2,5,13,3,2109.989,4 3,North,3,0,4
2,5,13,1,2110.825,4 3,West,3,0,4
2,5,13,2,2111.574,4 2,West,3,0,4
2,5,13,3,2112.135,4 2,North,3,0,4
2,5,13,2,2112.756,3 2,North,3,0,4
2,5,13,1,2115.503,3 2,West,3,0,4
2,5,13,3,2116.105,3 2,North,3,0,4
2,5,13,1,2117.252,3 2,West,3,0,4
2,5,13,2,2117.948,3 1,West,3,0,4
2,5,13,3,2118.555,3 1,North,3,0,4
2,5,13,2,2119.141,3 1,North,3,0,5
2,5,13,1,2119.69,3 1,West,3,0,5
2,5,13,2,2120.423,3 0,West,3,0,5
2,5,13,3,2121.363,3 0,North,3,0,5
2,5,13,2,2122.007,2 0,North,3,0,5
2,5,13,2,2122.644,1 0,North,3,0,5
2,5,13,2,2123.565,1 0,North,3,0,6
2,5,13,3,2124.042,1 0,East,3,0,6
2,5,13,2,2124.649,1 1,East,3,0,6
2,5,13,2,2125.262,1 1,East,3,0,7
2,5,13,1,2125.798,1 1,North,3,0,7
2,5,13,2,2126.427,1 1,North,3,0,8
2,5,13,3,2127.048,1 1,East,3,0,8
2,5,13,3,2127.815,1 1,South,3,0,8
2,5,13,2,2128.424,2 1,South,3,0,8
2,5,13,1,2129.084,2 1,East,3,0,8
2,5,13,2,2129.704,2 2,East,3,0,8
2,5,13,1,2130.268,2 2,North,3,0,8
2,5,13,2,2130.948,1 2,North,3,0,8
2,5,13,2,2131.638,0 2,North,3,0,8
2,5,13,6,2132.02,0 2,North,3,1,8
2,5,13,1,2133.511,0 2,West,3,1,8
2,5,13,1,2134.186,0 2,South,3,1,8
2,5,13,2,2135.196,1 2,South,3,1,8
2,5,13,2,2136.101,2 2,South,3,1,8
2,5,13,3,2136.731,2 2,West,3,1,8
2,5,13,2,2137.421,2 1,West,3,1,8
2,5,13,1,2138.025,2 1,South,3,1,8
2,5,13,2,2138.764,2 1,South,3,1,9
2,5,13,3,2139.284,2 1,West,3,1,9
2,5,13,3,2139.912,2 1,North,3,1,9
2,5,13,3,2140.774,2 1,East,3,1,9
2,5,13,2,2141.433,2 2,East,3,1,9
2,5,13,3,2142.008,2 2,South,3,1,9
2,5,13,2,2142.71,2 2,South,3,1,10
2,5,13,3,2143.382,2 2,West,3,1,10
2,5,13,2,2144.267,2 1,West,3,1,10
2,5,13,2,2144.807,2 1,West,3,1,11
2,5,13,3,2145.459,2 1,North,3,1,11
2,5,13,1,2146.134,2 1,West,3,1,11
2,5,13,1,2147.148,2 1,South,3,1,11
2,5,13,3,2147.899,2 1,West,3,1,11
2,5,13,3,2148.508,2 1,North,3,1,11
2,5,13,2,2149.224,1 1,North,3,1,11
2,5,13,1,2149.814,1 1,West,3,1,11
2,5,13,2,2150.567,1 0,West,3,1,11
2,5,13,1,2151.085,1 0,South,3,1,11
2,5,13,2,2151.751,2 0,South,3,1,11
2,5,13,2,2152.36,3 0,South,3,1,11
2,5,13,2,2153.006,3 0,South,3,1,12
2,5,13,1,2153.493,3 0,East,3,1,12
2,5,13,2,2154.168,3 1,East,3,1,12
2,5,13,3,2154.74,3 1,South,3,1,12
2,5,13,2,2155.638,3 1,South,3,1,13
2,5,13,1,2156.376,3 1,East,3,1,13
2,5,13,2,2157.097,3 2,East,3,1,13
2,5,13,3,2157.7,3 2,South,3,1,13
2,5,13,2,2158.473,4 2,South,3,1,13
2,5,13,3,2159.094,4 2,West,3,1,13
2,5,13,2,2159.804,4 1,West,3,1,13
2,5,13,6,2160.22,4 1,West,3,2,13
2,5,13,3,2160.708,4 1,North,3,2,13
2,5,13,3,2163.352,4 1,East,3,2,13
2,5,13,2,2164.372,4 2,East,3,2,13
2,5,13,1,2165.003,4 2,North,3,2,13
2,5,13,2,2165.945,3 2,North,3,2,13
2,5,13,2,2166.583,3 2,North,3,2,14
2,5,13,1,2169.114,3 2,West,3,2,14
2,5,13,2,2170.438,3 1,West,3,2,14
2,5,13,3,2171.085,3 1,North,3,2,14
2,5,13,2,2172.267,3 1,North,3,2,15
2,5,13,1,2173.161,3 1,West,3,2,15
2,5,13,3,2173.8,3 1,North,3,2,15
2,5,13,3,2174.521,3 1,East,3,2,15
2,5,13,1,2176.523,3 1,North,3,2,15
2,5,13,1,2177.193,3 1,West,3,2,15
2,5,13,2,2177.843,3 0,West,3,2,15
2,5,13,3,2178.408,3 0,North,3,2,15
2,5,13,2,2178.989,2 0,North,3,2,15
2,5,13,3,2179.579,2 0,East,3,2,15
2,5,13,2,2180.156,2 0,East,3,2,16
2,5,13,1,2180.759,2 0,North,3,2,16
2,5,13,2,2181.629,1 0,North,3,2,16
2,5,13,3,2182.164,1 0,East,3,2,16
2,5,13,2,2182.79,1 1,East,3,2,16
2,5,13,2,2183.668,1 1,East,3,2,17
2,5,13,3,2184.074,1 1,South,3,2,17
2,5,13,2,2184.792,2 1,South,3,2,17
2,5,13,1,2185.348,2 1,East,3,2,17
2,5,13,2,2185.949,2 2,East,3,2,17
2,5,13,6,2186.36,2 2,East,3,3,17
2,5,13,3,2186.804,2 2,South,3,3,17
2,5,13,3,2187.372,2 2,West,3,3,17
2,5,13,2,2187.978,2 1,West,3,3,17
2,5,13,3,2188.536,2 1,North,3,3,17
2,5,13,2,2189.115,1 1,North,3,3,17
2,5,13,1,2189.754,1 1,West,3,3,17
2,5,13,2,2190.44,1 0,West,3,3,17
2,5,13,3,2191.085,1 0,North,3,3,17
2,5,13,2,2192.828,1 0,North,3,3,18
2,5,13,1,2193.367,1 0,West,3,3,18
2,5,13,1,2193.974,1 0,South,3,3,18
2,5,13,3,2194.871,1 0,West,3,3,18
2,5,13,3,2195.417,1 0,North,3,3,18
2,5,13,3,2196.219,1 0,East,3,3,18
2,5,13,1,2199.683,1 0,North,3,3,18
2,5,13,1,2201.062,1 0,West,3,3,18
2,5,13,1,2201.628,1 0,South,3,3,18
2,5,13,2,2202.264,2 0,South,3,3,18
2,5,13,2,2204.758,3 0,South,3,3,18
2,5,13,1,2205.67,3 0,East,3,3,18
2,5,13,2,2206.535,3 1,East,3,3,18
2,5,13,2,2207.334,3 2,East,3,3,18
2,5,13,3,2208.198,3 2,South,3,3,18
2,5,13,2,2208.902,4 2,South,3,3,18
2,5,13,1,2209.495,4 2,East,3,3,18
2,5,13,2,2210.202,4 3,East,3,3,18
2,5,13,2,2210.826,4 4,East,3,3,18
2,5,13,1,2211.404,4 4,North,3,3,18
2,5,13,2,2212.07,3 4,North,3,3,18
2,5,13,2,2212.718,3 4,North,3,3,19
2,5,13,1,2214.441,3 4,West,3,3,19
2,5,13,2,2215.084,3 3,West,3,3,19
2,5,13,3,2215.676,3 3,North,3,3,19
2,5,13,2,2216.269,2 3,North,3,3,19
2,5,13,3,2216.9,2 3,East,3,3,19
2,5,13,2,2218.109,2 3,East,3,3,20
2,5,13,1,2219.686,2 3,North,3,3,20
2,5,13,2,2220.34,1 3,North,3,3,20
2,5,13,3,2221.045,1 3,East,3,3,20
2,5,13,2,2221.771,1 3,East,3,3,21
2,5,13,1,2222.217,1 3,North,3,3,21
2,5,13,1,2222.907,1 3,West,3,3,21
2,5,13,2,2223.532,1 3,West,3,3,22
2,5,13,3,2224.069,1 3,North,3,3,22
2,5,13,2,2224.732,0 3,North,3,3,22
2,5,13,1,2225.268,0 3,West,3,3,22
2,5,13,2,2226.039,0 3,West,3,3,23
2,5,13,1,2228.469,0 3,South,3,3,23
2,5,13,3,2229.588,0 3,West,3,3,23
2,5,13,1,2230.57,0 3,South,3,3,23
2,5,13,2,2231.844,1 3,South,3,3,23
2,5,13,2,2232.454,2 3,South,3,3,23
2,5,13,1,2233.862,2 3,East,3,3,23
2,5,13,2,2234.536,2 3,East,3,3,24
2,5,13,3,2234.989,2 3,South,3,3,24
2,5,13,2,2235.589,3 3,South,3,3,24
2,5,13,1,2236.168,3 3,East,3,3,24
2,5,13,3,2238.037,3 3,South,3,3,24
2,5,13,1,2238.605,3 3,East,3,3,24
2,5,13,2,2239.306,3 4,East,3,3,24
2,5,13,3,2240.249,3 4,South,3,3,24
2,5,13,2,2240.901,4 4,South,3,3,24
2,5,13,3,2241.545,4 4,West,3,3,24
2,5,13,2,2242.169,4 3,West,3,3,24
2,5,13,2,2242.845,4 2,West,3,3,24
2,5,13,3,2243.446,4 2,North,3,3,24
2,5,13,2,2244.077,3 2,North,3,3,24
2,5,13,2,2245.861,3 2,North,3,3,25
2,5,13,1,2246.398,3 2,West,3,3,25
2,5,13,2,2247.113,3 1,West,3,3,25
2,5,13,3,2247.798,3 1,North,3,3,25
2,5,13,2,2248.505,3 1,North,3,3,26
2,5,13,1,2249.08,3 1,West,3,3,26
2,5,13,2,2249.756,3 0,West,3,3,26
2,5,13,3,2250.36,3 0,North,3,3,26
2,5,13,2,2251.048,2 0,North,3,3,26
2,5,13,2,2252.089,1 0,North,3,3,26
2,5,13,3,2252.969,1 0,East,3,3,26
2,5,13,2,2253.688,1 1,East,3,3,26
2,5,13,1,2254.262,1 1,North,3,3,26
2,5,13,2,2254.84,1 1,North,3,3,27
2,5,13,3,2255.335,1 1,East,3,3,27
2,5,13,2,2256.025,1 1,East,3,3,28
2,5,13,1,2256.572,1 1,North,3,3,28
2,5,13,1,2257.13,1 1,West,3,3,28
2,5,13,2,2257.769,1 0,West,3,3,28
2,5,13,3,2258.324,1 0,North,3,3,28
2,5,13,2,2259.048,1 0,North,3,3,29
2,5,13,3,2259.932,1 0,East,3,3,29
2,5,13,3,2260.604,1 0,South,3,3,29
2,5,13,2,2261.19,2 0,South,3,3,29
2,5,13,1,2261.751,2 0,East,3,3,29
2,5,13,2,2262.469,2 0,East,3,3,30
2,5,13,3,2262.939,2 0,South,3,3,30
2,5,13,2,2263.575,3 0,South,3,3,30
2,5,13,1,2264.148,3 0,East,3,3,30
2,5,13,2,2264.904,3 1,East,3,3,30
2,5,13,1,2265.67,3 1,North,3,3,30
2,5,13,3,2268.085,3 1,East,3,3,30
2,5,13,1,2268.906,3 1,North,3,3,30
2,5,13,3,2269.498,3 1,East,3,3,30
2,5,13,2,2270.205,3 2,East,3,3,30
2,5,13,1,2271.259,3 2,North,3,3,30
2,5,13,2,2272.054,3 2,North,3,3,31
2,5,13,1,2272.456,3 2,West,3,3,31
2,5,13,2,2273.156,3 1,West,3,3,31
2,5,13,3,2273.687,3 1,North,3,3,31
2,5,13,2,2274.424,3 1,North,3,3,32
2,5,13,3,2276.053,3 1,East,3,3,32
2,5,13,1,2276.712,3 1,North,3,3,32
2,5,13,1,2277.341,3 1,West,3,3,32
2,5,13,2,2278.007,3 0,West,3,3,32
2,5,13,3,2278.637,3 0,North,3,3,32
2,5,13,2,2279.381,2 0,North,3,3,32
2,5,13,3,2280.278,2 0,East,3,3,32
2,5,13,2,2281.006,2 0,East,3,3,33
2,5,13,1,2281.464,2 0,North,3,3,33
2,5,13,2,2283.191,1 0,North,3,3,33
2,5,13,3,2284.004,1 0,East,3,3,33
2,5,13,2,2284.619,1 1,East,3,3,33
2,5,13,2,2285.319,1 1,East,3,3,34
2,5,13,1,2285.798,1 1,North,3,3,34
2,5,13,2,2286.426,1 1,North,3,3,35
2,5,13,3,2286.853,1 1,East,3,3,35
2,5,13,3,2287.402,1 1,South,3,3,35
2,5,13,2,2288.023,2 1,South,3,3,35
2,5,13,1,2288.602,2 1,East,3,3,35
2,5,13,2,2289.324,2 2,East,3,3,35
2,5,13,1,2289.948,2 2,North,3,3,35
2,5,13,2,2290.618,1 2,North,3,3,35
2,5,13,2,2291.381,0 2,North,3,3,35
2,5,13,1,2291.896,0 2,West,3,3,35
2,5,13,2,2292.522,0 1,West,3,3,35
2,5,13,2,2293.143,0 0,West,3,3,35
2,5,13,6,2293.56,0 0,West,3,4,35
2,5,13,3,2293.976,0 0,North,3,4,35
2,5,13,3,2294.58,0 0,East,3,4,35
2,5,13,2,2295.227,0 1,East,3,4,35
2,5,13,2,2295.85,0 2,East,3,4,35
2,5,13,3,2296.458,0 2,South,3,4,35
2,5,13,2,2297.034,1 2,South,3,4,35
2,5,13,2,2297.751,2 2,South,3,4,35
2,5,13,1,2298.297,2 2,East,3,4,35
2,5,13,1,2299.256,2 2,North,3,4,35
2,5,13,3,2300.779,2 2,East,3,4,35
2,5,13,3,2301.385,2 2,South,3,4,35
2,5,13,3,2302.536,2 2,West,3,4,35
2,5,13,2,2303.131,2 1,West,3,4,35
2,5,13,1,2303.7,2 1,South,3,4,35
2,5,13,2,2304.413,2 1,South,3,4,36
2,5,13,3,2304.942,2 1,West,3,4,36
2,5,13,2,2305.579,2 1,West,3,4,37
2,5,13,1,2306.346,2 1,South,3,4,37
2,5,13,1,2306.858,2 1,East,3,4,37
2,5,13,1,2307.497,2 1,North,3,4,37
2,5,13,3,2308.165,2 1,East,3,4,37
2,5,13,2,2308.797,2 2,East,3,4,37
2,5,13,3,2309.349,2 2,South,3,4,37
2,5,13,2,2309.994,2 2,South,3,4,38
2,5,13,1,2310.504,2 2,East,3,4,38
2,5,13,2,2311.198,2 2,East,3,4,39
2,5,13,3,2311.725,2 2,South,3,4,39
2,5,13,3,2312.38,2 2,West,3,4,39
2,5,13,3,2313.149,2 2,North,3,4,39
2,5,13,1,2314.105,2 2,West,3,4,39
2,5,13,2,2314.844,2 1,West,3,4,39
2,5,13,3,2315.444,2 1,North,3,4,39
2,5,13,2,2316.089,1 1,North,3,4,39
2,5,13,1,2316.716,1 1,West,3,4,39
2,5,13,2,2317.341,1 0,West,3,4,39
2,5,13,1,2317.973,1 0,South,3,4,39
2,5,13,2,2318.553,2 0,South,3,4,39
2,5,13,2,2319.492,3 0,South,3,4,39
2,5,13,1,2320.183,3 0,East,3,4,39
2,5,13,2,2320.821,3 1,East,3,4,39
2,5,13,2,2321.547,3 2,East,3,4,39
2,5,13,3,2322.23,3 2,South,3,4,39
2,5,13,2,2322.812,4 2,South,3,4,39
2,5,13,1,2323.452,4 2,East,3,4,39
2,5,13,2,2324.09,4 3,East,3,4,39
2,5,13,2,2325.479,4 4,East,3,4,39
2,5,13,1,2326.056,4 4,North,3,4,39
2,5,13,2,2327.032,3 4,North,3,4,39
2,5,13,1,2327.594,3 4,West,3,4,39
2,5,13,2,2328.245,3 3,West,3,4,39
2,5,13,3,2328.829,3 3,North,3,4,39
2,5,13,2,2329.461,2 3,North,3,4,39
2,5,13,6,2329.84,2 3,North,3,5,39
2,5,13,1,2330.133,2 3,West,3,5,39
2,5,13,1,2330.828,2 3,South,3,5,39
2,5,13,2,2331.431,3 3,South,3,5,39
2,5,13,1,2332.107,3 3,East,3,5,39
2,5,13,2,2332.68,3 4,East,3,5,39
2,5,13,3,2333.292,3 4,South,3,5,39
2,5,13,2,2333.866,4 4,South,3,5,39
2,5,13,3,2334.468,4 4,West,3,5,39
2,5,13,2,2335.085,4 3,West,3,5,39
2,5,13,2,2336.312,4 2,West,3,5,39
2,5,13,3,2337.241,4 2,North,3,5,39
2,5,13,2,2337.844,3 2,North,3,5,39
2,5,13,1,2338.842,3 2,West,3,5,39
2,5,13,2,2339.494,3 1,West,3,5,39
2,5,13,3,2340.074,3 1,North,3,5,39
2,5,13,2,2340.679,3 1,North,3,5,40
2,5,13,1,2341.515,3 1,West,3,5,40
2,5,13,2,2342.214,3 0,West,3,5,40
2,5,13,6,2342.62,3 0,West,3,6,40
2,5,13,3,2344.061,3 0,North,3,6,40
2,5,13,3,2344.715,3 0,East,3,6,40
2,5,13,2,2345.366,3 1,East,3,6,40
2,5,13,2,2346.058,3 2,East,3,6,40
2,5,13,3,2346.681,3 2,South,3,6,40
2,5,13,2,2347.288,4 2,South,3,6,40
2,5,13,1,2348.346,4 2,East,3,6,40
2,5,13,2,2349.083,4 3,East,3,6,40
2,5,13,2,2349.667,4 4,East,3,6,40
2,5,13,1,2350.244,4 4,North,3,6,40
2,5,13,2,2350.824,3 4,North,3,6,40
2,5,13,1,2351.386,3 4,West,3,6,40
2,5,13,2,2351.932,3 3,West,3,6,40
2,5,13,3,2352.525,3 3,North,3,6,40
2,5,13,2,2353.172,2 3,North,3,6,40
2,5,13,2,2354.04,1 3,North,3,6,40
2,5,13,3,2354.636,1 3,East,3,6,40
2,5,13,2,2355.241,1 3,East,3,6,41
2,5,13,3,2355.866,1 3,South,3,6,41
2,5,13,2,2356.444,2 3,South,3,6,41
2,5,13,1,2357.018,2 3,East,3,6,41
2,5,13,2,2357.672,2 3,East,3,6,42
2,5,13,1,2358.164,2 3,North,3,6,42
2,5,13,2,2359.515,1 3,North,3,6,42
2,5,13,2,2360.091,0 3,North,3,6,42
2,5,13,3,2360.653,0 3,East,3,6,42
2,5,13,2,2361.308,0 4,East,3,6,42
2,5,13,3,2361.961,0 4,South,3,6,42
2,5,13,2,2362.599,1 4,South,3,6,42
2,5,13,6,2362.98,1 4,South,3,7,42
2,5,13,3,2363.236,1 4,West,3,7,42
2,5,13,3,2363.8,1 4,North,3,7,42
2,5,13,2,2364.36,0 4,North,3,7,42
2,5,13,1,2364.921,0 4,West,3,7,42
2,5,13,2,2365.481,0 3,West,3,7,42
2,5,13,1,2366.042,0 3,South,3,7,42
2,5,13,2,2366.604,1 3,South,3,7,42
2,5,13,2,2367.205,2 3,South,3,7,42
2,5,13,1,2367.77,2 3,East,3,7,42
2,5,13,2,2368.36,2 3,East,3,7,43
2,5,13,3,2368.804,2 3,South,3,7,43
2,5,13,2,2370.245,3 3,South,3,7,43
2,5,13,1,2370.791,3 3,East,3,7,43
2,5,13,2,2371.351,3 4,East,3,7,43
2,5,13,3,2371.866,3 4,South,3,7,43
2,5,13,2,2372.404,4 4,South,3,7,43
2,5,13,3,2372.939,4 4,West,3,7,43
2,5,13,2,2373.481,4 3,West,3,7,43
2,5,13,2,2374.186,4 2,West,3,7,43
2,5,13,3,2374.766,4 2,North,3,7,43
2,5,13,2,2375.351,3 2,North,3,7,43
2,5,13,1,2375.932,3 2,West,3,7,43
2,5,13,3,2376.552,3 2,North,3,7,43
2,5,13,1,2377.702,3 2,West,3,7,43
2,5,13,2,2378.438,3 1,West,3,7,43
2,5,13,3,2379.293,3 1,North,3,7,43
2,5,13,2,2380.268,3 1,North,3,7,44
2,5,13,1,2381.354,3 1,West,3,7,44
2,5,13,2,2381.99,3 0,West,3,7,44
2,5,13,3,2382.534,3 0,North,3,7,44
2,5,13,2,2383.365,2 0,North,3,7,44
2,5,13,6,2383.76,2 0,North,3,8,44
1,5,14,1,2389.91,4 3,North,3,0,44
1,5,14,1,2390.47,4 2,North,3,0,44
1,5,14,1,2391.002,4 1,North,3,0,44
1,5,14,1,2391.546,4 0,North,3,0,44
1,5,14,6,2391.96,4 0,North,3,1,44
1,5,14,3,2392.184,4 1,North,3,1,44
1,5,14,3,2392.716,4 2,North,3,1,44
1,5,14,3,2393.26,4 3,North,3,1,44
1,5,14,3,2393.802,4 4,North,3,1,44
1,5,14,2,2394.456,3 4,North,3,1,44
1,5,14,1,2395.044,3 3,North,3,1,44
1,5,14,2,2395.652,2 3,North,3,1,44
1,5,14,2,2396.406,1 3,North,3,1,44
1,5,14,2,2397.462,0 3,North,3,1,44
1,5,14,3,2398.344,0 4,North,3,1,44
1,5,14,4,2398.918,1 4,North,3,1,44
1,5,14,6,2399.28,1 4,North,3,2,44
1,5,14,2,2399.508,0 4,North,3,2,44
1,5,14,1,2400.485,0 3,North,3,2,44
1,5,14,4,2401.019,1 3,North,3,2,44
1,5,14,4,2401.543,2 3,North,3,2,44
1,5,14,4,2402.428,3 3,North,3,2,44
1,5,14,3,2403.396,3 4,North,3,2,44
1,5,14,4,2404.029,4 4,North,3,2,44
1,5,14,1,2404.598,4 3,North,3,2,44
1,5,14,1,2405.113,4 2,North,3,2,44
1,5,14,2,2405.635,3 2,North,3,2,44
1,5,14,1,2406.603,3 1,North,3,2,44
1,5,14,1,2407.703,3 0,North,3,2,44
1,5,14,2,2409.066,2 0,North,3,2,44
1,5,14,2,2409.7,1 0,North,3,2,44
1,5,14,3,2410.477,1 1,North,3,2,44
1,5,14,4,2411.478,2 1,North,3,2,44
1,5,14,6,2411.84,2 1,North,3,3,44
1,5,14,3,2412.298,2 2,North,3,3,44
1,5,14,1,2412.808,2 1,North,3,3,44
1,5,14,2,2413.351,1 1,North,3,3,44
1,5,14,1,2413.867,1 0,North,3,3,44
1,5,14,4,2414.475,2 0,North,3,3,44
1,5,14,4,2415.03,3 0,North,3,3,44
1,5,14,3,2415.576,3 1,North,3,3,44
1,5,14,3,2416.645,3 2,North,3,3,44
1,5,14,4,2417.19,4 2,North,3,3,44
1,5,14,3,2417.788,4 3,North,3,3,44
1,5,14,3,2418.341,4 4,North,3,3,44
1,5,14,2,2419.03,3 4,North,3,3,44
1,5,14,1,2419.547,3 3,North,3,3,44
1,5,14,2,2420.071,2 3,North,3,3,44
1,5,14,2,2420.631,1 3,North,3,3,44
1,5,14,6,2421.02,1 3,North,3,4,44
1,5,14,4,2421.176,2 3,North,3,4,44
1,5,14,2,2421.749,1 3,North,3,4,44
1,5,14,2,2422.276,0 3,North,3,4,44
1,5,14,3,2422.791,0 4,North,3,4,44
1,5,14,4,2423.804,1 4,North,3,4,44
1,5,14,4,2424.358,2 4,North,3,4,44
1,5,14,6,2424.72,2 4,North,3,5,44
1,5,14,2,2424.922,1 4,North,3,5,44
1,5,14,2,2425.445,0 4,North,3,5,44
1,5,14,1,2426.073,0 3,North,3,5,44
1,5,14,4,2426.617,1 3,North,3,5,44
1,5,14,4,2427.197,2 3,North,3,5,44
1,5,14,4,2427.785,3 3,North,3,5,44
1,5,14,3,2428.329,3 4,North,3,5,44
1,5,14,4,2428.873,4 4,North,3,5,44
1,5,14,1,2429.417,4 3,North,3,5,44
1,5,14,1,2429.944,4 2,North,3,5,44
1,5,14,2,2430.485,3 2,North,3,5,44
1,5,14,1,2431.464,3 1,North,3,5,44
1,5,14,1,2432.072,3 0,North,3,5,44
1,5,14,2,2432.634,2 0,North,3,5,44
1,5,14,2,2433.197,1 0,North,3,5,44
1,5,14,6,2433.58,1 0,North,3,6,44
1,5,14,4,2433.753,2 0,North,3,6,44
1,5,14,4,2434.314,3 0,North,3,6,44
1,5,14,3,2434.857,3 1,North,3,6,44
1,5,14,3,2435.447,3 2,North,3,6,44
1,5,14,6,2435.84,3 2,North,3,7,44
1,5,14,1,2436.358,3 1,North,3,7,44
1,5,14,1,2436.885,3 0,North,3,7,44
1,5,14,2,2437.894,2 0,North,3,7,44
1,5,14,2,2438.533,1 0,North,3,7,44
1,5,14,3,2439.101,1 1,North,3,7,44
1,5,14,4,2439.706,2 1,North,3,7,44
1,5,14,3,2440.39,2 2,North,3,7,44
1,5,14,2,2441.096,1 2,North,3,7,44
1,5,14,6,2441.48,1 2,North,3,8,44
2,5,14,1,2444.842,4 4,West,3,0,0
2,5,14,3,2445.352,4 4,North,3,0,0
2,5,14,2,2446.007,3 4,North,3,0,0
2,5,14,1,2446.557,3 4,West,3,0,0
2,5,14,2,2447.113,3 3,West,3,0,0
2,5,14,3,2447.675,3 3,North,3,0,0
2,5,14,2,2448.231,2 3,North,3,0,0
2,5,14,2,2448.795,1 3,North,3,0,0
2,5,14,3,2449.353,1 3,East,3,0,0
2,5,14,2,2449.933,1 3,East,3,0,1
2,5,14,1,2450.984,1 3,North,3,0,1
2,5,14,2,2451.979,0 3,North,3,0,1
2,5,14,3,2452.521,0 3,East,3,0,1
2,5,14,2,2453.14,0 4,East,3,0,1
2,5,14,3,2453.706,0 4,South,3,0,1
2,5,14,2,2454.267,1 4,South,3,0,1
2,5,14,2,2454.827,2 4,South,3,0,1
2,5,14,6,2455.2,2 4,South,3,1,1
2,5,14,3,2455.383,2 4,West,3,1,1
2,5,14,3,2455.908,2 4,North,3,1,1
2,5,14,2,2456.476,1 4,North,3,1,1
2,5,14,2,2457.021,0 4,North,3,1,1
2,5,14,1,2457.549,0 4,West,3,1,1
2,5,14,2,2458.12,0 3,West,3,1,1
2,5,14,1,2458.661,0 3,South,3,1,1
2,5,14,2,2459.196,1 3,South,3,1,1
2,5,14,6,2459.58,1 3,South,3,2,1
2,5,14,3,2459.927,1 3,West,3,2,1
2,5,14,1,2460.507,1 3,South,3,2,1
2,5,14,2,2461.079,2 3,South,3,2,1
2,5,14,2,2462.328,3 3,South,3,2,1
2,5,14,1,2462.956,3 3,East,3,2,1
2,5,14,2,2463.545,3 4,East,3,2,1
2,5,14,3,2464.072,3 4,South,3,2,1
2,5,14,2,2464.614,4 4,South,3,2,1
2,5,14,3,2465.161,4 4,West,3,2,1
2,5,14,2,2465.701,4 3,West,3,2,1
2,5,14,2,2466.263,4 2,West,3,2,1
2,5,14,3,2466.861,4 2,North,3,2,1
2,5,14,2,2467.397,3 2,North,3,2,1
2,5,14,1,2467.949,3 2,West,3,2,1
2,5,14,2,2468.486,3 1,West,3,2,1
2,5,14,2,2469.047,3 0,West,3,2,1
2,5,14,3,2469.611,3 0,North,3,2,1
2,5,14,2,2470.171,2 0,North,3,2,1
2,5,14,3,2470.684,2 0,East,3,2,1
2,5,14,2,2471.223,2 0,East,3,2,2
2,5,14,1,2472.055,2 0,North,3,2,2
2,5,14,2,2472.842,1 0,North,3,2,2
2,5,14,3,2473.465,1 0,East,3,2,2
2,5,14,2,2474.026,1 1,East,3,2,2
2,5,14,3,2474.621,1 1,South,3,2,2
2,5,14,2,2475.173,2 1,South,3,2,2
2,5,14,6,2475.54,2 1,South,3,3,2
2,5,14,1,2475.801,2 1,East,3,3,2
2,5,14,1,2476.365,2 1,North,3,3,2
2,5,14,2,2477.133,1 1,North,3,3,2
2,5,14,1,2477.718,1 1,West,3,3,2
2,5,14,2,2478.373,1 0,West,3,3,2
2,5,14,1,2478.934,1 0,South,3,3,2
2,5,14,2,2479.541,2 0,South,3,3,2
2,5,14,2,2480.121,3 0,South,3,3,2
2,5,14,1,2480.695,3 0,East,3,3,2
2,5,14,2,2481.672,3 1,East,3,3,2
2,5,14,2,2482.311,3 2,East,3,3,2
2,5,14,3,2482.838,3 2,South,3,3,2
2,5,14,2,2483.367,4 2,South,3,3,2
2,5,14,1,2484.327,4 2,East,3,3,2
2,5,14,2,2484.981,4 3,East,3,3,2
2,5,14,2,2485.563,4 4,East,3,3,2
2,5,14,1,2486.135,4 4,North,3,3,2
2,5,14,2,2486.724,3 4,North,3,3,2
2,5,14,1,2487.342,3 4,West,3,3,2
2,5,14,2,2488.042,3 3,West,3,3,2
2,5,14,3,2488.613,3 3,North,3,3,2
2,5,14,2,2489.214,2 3,North,3,3,2
2,5,14,2,2489.834,1 3,North,3,3,2
2,5,14,2,2491.527,0 3,North,3,3,2
2,5,14,3,2492.106,0 3,East,3,3,2
2,5,14,2,2492.716,0 4,East,3,3,2
2,5,14,3,2493.272,0 4,South,3,3,2
2,5,14,2,2493.832,1 4,South,3,3,2
2,5,14,6,2494.2,1 4,South,3,4,2
2,5,14,3,2494.424,1 4,West,3,4,2
2,5,14,3,2494.969,1 4,North,3,4,2
2,5,14,2,2495.547,0 4,North,3,4,2
2,5,14,1,2496.101,0 4,West,3,4,2
2,5,14,2,2496.649,0 3,West,3,4,2
2,5,14,1,2497.237,0 3,South,3,4,2
2,5,14,2,2497.804,1 3,South,3,4,2
2,5,14,2,2498.359,2 3,South,3,4,2
2,5,14,2,2498.923,3 3,South,3,4,2
2,5,14,1,2499.51,3 3,East,3,4,2
2,5,14,2,2500.115,3 4,East,3,4,2
2,5,14,3,2500.653,3 4,South,3,4,2
2,5,14,2,2501.288,4 4,South,3,4,2
2,5,14,3,2501.814,4 4,West,3,4,2
2,5,14,2,2502.346,4 3,West,3,4,2
2,5,14,2,2503.004,4 2,West,3,4,2
2,5,14,3,2503.563,4 2,North,3,4,2
2,5,14,2,2504.116,3 2,North,3,4,2
2,5,14,1,2506.584,3 2,West,3,4,2
2,5,14,2,2507.179,3 1,West,3,4,2
2,5,14,6,2507.58,3 1,West,3,5,2
2,5,14,3,2507.781,3 1,North,3,5,2
2,5,14,3,2508.358,3 1,East,3,5,2
2,5,14,1,2508.92,3 1,North,3,5,2
2,5,14,1,2509.466,3 1,West,3,5,2
2,5,14,2,2510.054,3 0,West,3,5,2
2,5,14,3,2510.583,3 0,North,3,5,2
2,5,14,2,2511.163,2 0,North,3,5,2
2,5,14,2,2511.734,1 0,North,3,5,2
2,5,14,2,2512.424,1 0,North,3,5,3
2,5,14,3,2513.117,1 0,East,3,5,3
2,5,14,2,2513.685,1 1,East,3,5,3
2,5,14,3,2514.283,1 1,South,3,5,3
2,5,14,1,2514.873,1 1,East,3,5,3
2,5,14,3,2515.789,1 1,South,3,5,3
2,5,14,1,2516.39,1 1,East,3,5,3
2,5,14,2,2517.1,1 1,East,3,5,4
2,5,14,3,2517.579,1 1,South,3,5,4
2,5,14,1,2518.268,1 1,East,3,5,4
2,5,14,1,2518.79,1 1,North,3,5,4
2,5,14,2,2519.812,1 1,North,3,5,5
2,5,14,3,2520.355,1 1,East,3,5,5
2,5,14,3,2520.906,1 1,South,3,5,5
2,5,14,2,2521.612,2 1,South,3,5,5
2,5,14,1,2522.166,2 1,East,3,5,5
2,5,14,2,2522.742,2 2,East,3,5,5
2,5,14,1,2523.289,2 2,North,3,5,5
2,5,14,2,2523.881,1 2,North,3,5,5
2,5,14,6,2524.26,1 2,North,3,6,5
2,5,14,2,2524.828,0 2,North,3,6,5
2,5,14,1,2525.732,0 2,West,3,6,5
2,5,14,2,2526.429,0 1,West,3,6,5
2,5,14,6,2526.84,0 1,West,3,7,5
2,5,14,3,2527.079,0 1,North,3,7,5
2,5,14,3,2527.653,0 1,East,3,7,5
2,5,14,2,2528.261,0 2,East,3,7,5
2,5,14,3,2528.938,0 2,South,3,7,5
2,5,14,2,2529.514,1 2,South,3,7,5
2,5,14,3,2530.071,1 2,West,3,7,5
2,5,14,2,2530.597,1 2,West,3,7,6
2,5,14,1,2533.67,1 2,South,3,7,6
2,5,14,2,2534.263,2 2,South,3,7,6
2,5,14,3,2534.836,2 2,West,3,7,6
2,5,14,2,2535.944,2 1,West,3,7,6
2,5,14,3,2536.485,2 1,North,3,7,6
2,5,14,2,2537.053,1 1,North,3,7,6
2,5,14,6,2537.44,1 1,North,3,8,6
1,5,15,2,2541.354,3 4,North,3,0,6
1,5,15,4,2542.266,4 4,North,3,0,6
1,5,15,1,2542.996,4 3,North,3,0,6
1,5,15,1,2543.547,4 2,North,3,0,6
1,5,15,2,2544.123,3 2,North,3,0,6
1,5,15,1,2545.11,3 1,North,3,0,6
1,5,15,1,2545.671,3 0,North,3,0,6
1,5,15,2,2546.215,2 0,North,3,0,6
1,5,15,2,2546.79,1 0,North,3,0,6
1,5,15,3,2547.306,1 1,North,3,0,6
1,5,15,4,2547.82,2 1,North,3,0,6
1,5,15,3,2548.346,2 2,North,3,0,6
1,5,15,2,2548.855,1 2,North,3,0,6
1,5,15,2,2549.4,0 2,North,3,0,6
1,5,15,1,2549.945,0 1,North,3,0,6
1,5,15,6,2550.36,0 1,North,3,1,6
1,5,15,3,2550.469,0 2,North,3,1,6
1,5,15,4,2551.436,1 2,North,3,1,6
1,5,15,4,2551.979,2 2,North,3,1,6
1,5,15,1,2552.588,2 1,North,3,1,6
1,5,15,2,2553.133,1 1,North,3,1,6
1,5,15,1,2554.075,1 0,North,3,1,6
1,5,15,4,2554.615,2 0,North,3,1,6
1,5,15,4,2555.149,3 0,North,3,1,6
1,5,15,3,2555.687,3 1,North,3,1,6
1,5,15,3,2556.214,3 2,North,3,1,6
1,5,15,4,2557.127,4 2,North,3,1,6
1,5,15,3,2557.717,4 3,North,3,1,6
1,5,15,3,2558.269,4 4,North,3,1,6
1,5,15,2,2558.841,3 4,North,3,1,6
1,5,15,1,2559.405,3 3,North,3,1,6
1,5,15,6,2559.82,3 3,North,3,2,6
1,5,15,3,2559.988,3 4,North,3,2,6
1,5,15,4,2560.552,4 4,North,3,2,6
1,5,15,1,2561.207,4 3,North,3,2,6
1,5,15,1,2561.724,4 2,North,3,2,6
1,5,15,2,2562.294,3 2,North,3,2,6
1,5,15,1,2562.822,3 1,North,3,2,6
1,5,15,1,2563.338,3 0,North,3,2,6
1,5,15,2,2564.406,2 0,North,3,2,6
1,5,15,2,2564.981,1 0,North,3,2,6
1,5,15,3,2565.561,1 1,North,3,2,6
1,5,15,6,2565.96,1 1,North,3,3,6
1,5,15,4,2566.124,2 1,North,3,3,6
1,5,15,3,2566.695,2 2,North,3,3,6
1,5,15,1,2567.252,2 1,North,3,3,6
1,5,15,2,2567.832,1 1,North,3,3,6
1,5,15,1,2568.376,1 0,North,3,3,6
1,5,15,4,2568.901,2 0,North,3,3,6
1,5,15,4,2569.484,3 0,North,3,3,6
1,5,15,3,2570.054,3 1,North,3,3,6
1,5,15,3,2570.679,3 2,North,3,3,6
1,5,15,4,2571.286,4 2,North,3,3,6
1,5,15,3,2572.117,4 3,North,3,3,6
1,5,15,3,2572.724,4 4,North,3,3,6
1,5,15,2,2573.38,3 4,North,3,3,6
1,5,15,1,2573.932,3 3,North,3,3,6
1,5,15,2,2574.953,2 3,North,3,3,6
1,5,15,6,2575.34,2 3,North,3,4,6
1,5,15,4,2575.719,3 3,North,3,4,6
1,5,15,3,2576.374,3 4,North,3,4,6
1,5,15,4,2577.028,4 4,North,3,4,6
1,5,15,1,2577.573,4 3,North,3,4,6
1,5,15,1,2578.107,4 2,North,3,4,6
1,5,15,2,2578.727,3 2,North,3,4,6
1,5,15,1,2579.64,3 1,North,3,4,6
1,5,15,6,2580.04,3 1,North,3,5,6
1,5,15,3,2580.36,3 2,North,3,5,6
1,5,15,4,2580.951,4 2,North,3,5,6
1,5,15,3,2581.54,4 3,North,3,5,6
1,5,15,6,2581.94,4 3,North,3,6,6
1,5,15,1,2582.269,4 2,North,3,6,6
1,5,15,2,2582.84,3 2,North,3,6,6
1,5,15,1,2583.403,3 1,North,3,6,6
1,5,15,1,2583.926,3 0,North,3,6,6
1,5,15,2,2584.571,2 0,North,3,6,6
1,5,15,6,2584.96,2 0,North,3,7,6
1,5,15,4,2585.244,3 0,North,3,7,6
1,5,15,6,2585.62,3 0,North,3,8,6
2,5,15,1,2588.646,4 4,West,3,0,0
2,5,15,2,2589.751,4 3,West,3,0,0
2,5,15,2,2590.855,4 2,West,3,0,0
2,5,15,3,2591.485,4 2,North,3,0,0
2,5,15,2,2592.037,3 2,North,3,0,0
2,5,15,1,2592.599,3 2,West,3,0,0
2,5,15,2,2593.192,3 1,West,3,0,0
2,5,15,2,2593.837,3 0,West,3,0,0
2,5,15,3,2594.421,3 0,North,3,0,0
2,5,15,2,2594.982,2 0,North,3,0,0
2,5,15,6,2595.36,2 0,North,3,1,0
2,5,15,3,2595.564,2 0,East,3,1,0
2,5,15,1,2596.119,2 0,North,3,1,0
2,5,15,2,2597.101,1 0,North,3,1,0
2,5,15,3,2597.787,1 0,East,3,1,0
2,5,15,2,2598.325,1 1,East,3,1,0
2,5,15,3,2598.853,1 1,South,3,1,0
2,5,15,2,2599.396,2 1,South,3,1,0
2,5,15,1,2599.925,2 1,East,3,1,0
2,5,15,2,2600.458,2 2,East,3,1,0
2,5,15,1,2601.021,2 2,North,3,1,0
2,5,15,2,2601.626,1 2,North,3,1,0
2,5,15,2,2603.544,0 2,North,3,1,0
2,5,15,1,2604.077,0 2,West,3,1,0
2,5,15,2,2604.665,0 1,West,3,1,0
2,5,15,6,2605.08,0 1,West,3,2,0
2,5,15,3,2605.23,0 1,North,3,2,0
2,5,15,3,2605.764,0 1,East,3,2,0
2,5,15,2,2606.326,0 2,East,3,2,0
2,5,15,3,2606.857,0 2,South,3,2,0
2,5,15,2,2607.382,1 2,South,3,2,0
2,5,15,2,2607.897,2 2,South,3,2,0
2,5,15,3,2608.442,2 2,West,3,2,0
2,5,15,2,2609.479,2 1,West,3,2,0
2,5,15,3,2610.027,2 1,North,3,2,0
2,5,15,2,2610.586,1 1,North,3,2,0
2,5,15,1,2611.173,1 1,West,3,2,0
2,5,15,2,2611.732,1 0,West,3,2,0
2,5,15,1,2612.247,1 0,South,3,2,0
2,5,15,2,2612.778,2 0,South,3,2,0
2,5,15,2,2614.313,3 0,South,3,2,0
2,5,15,1,2614.884,3 0,East,3,2,0
2,5,15,2,2615.452,3 1,East,3,2,0
2,5,15,2,2616.133,3 2,East,3,2,0
2,5,15,3,2616.677,3 2,South,3,2,0
2,5,15,2,2617.219,4 2,South,3,2,0
2,5,15,1,2617.765,4 2,East,3,2,0
2,5,15,2,2618.333,4 3,East,3,2,0
2,5,15,6,2618.74,4 3,East,3,3,0
2,5,15,1,2619.256,4 3,North,3,3,0
2,5,15,1,2619.853,4 3,West,3,3,0
2,5,15,2,2620.484,4 2,West,3,3,0
2,5,15,3,2621.035,4 2,North,3,3,0
2,5,15,2,2621.623,3 2,North,3,3,0
2,5,15,1,2622.136,3 2,West,3,3,0
2,5,15,2,2622.71,3 1,West,3,3,0
2,5,15,6,2623.12,3 1,West,3,4,0
2,5,15,3,2623.273,3 1,North,3,4,0
2,5,15,3,2623.817,3 1,East,3,4,0
2,5,15,2,2624.41,3 2,East,3,4,0
2,5,15,3,2624.984,3 2,South,3,4,0
2,5,15,2,2625.528,4 2,South,3,4,0
2,5,15,1,2626.469,4 2,East,3,4,0
2,5,15,2,2627.097,4 3,East,3,4,0
2,5,15,2,2627.719,4 4,East,3,4,0
2,5,15,1,2628.266,4 4,North,3,4,0
2,5,15,2,2628.827,3 4,North,3,4,0
2,5,15,1,2629.399,3 4,West,3,4,0
2,5,15,2,2629.927,3 3,West,3,4,0
2,5,15,3,2630.469,3 3,North,3,4,0
2,5,15,2,2631.052,2 3,North,3,4,0
2,5,15,2,2631.607,1 3,North,3,4,0
2,5,15,2,2632.167,0 3,North,3,4,0
2,5,15,3,2632.692,0 3,East,3,4,0
2,5,15,2,2633.224,0 4,East,3,4,0
2,5,15,6,2633.64,0 4,East,3,5,0
2,5,15,3,2634.153,0 4,South,3,5,0
2,5,15,3,2634.716,0 4,West,3,5,0
2,5,15,2,2635.323,0 3,West,3,5,0
2,5,15,1,2635.844,0 3,South,3,5,0
2,5,15,2,2636.382,1 3,South,3,5,0
2,5,15,2,2636.906,2 3,South,3,5,0
2,5,15,2,2637.546,3 3,South,3,5,0
2,5,15,1,2638.154,3 3,East,3,5,0
2,5,15,2,2638.668,3 4,East,3,5,0
2,5,15,3,2639.194,3 4,South,3,5,0
2,5,15,2,2639.737,4 4,South,3,5,0
2,5,15,3,2640.253,4 4,West,3,5,0
2,5,15,2,2640.775,4 3,West,3,5,0
2,5,15,2,2641.325,4 2,West,3,5,0
2,5,15,3,2641.865,4 2,North,3,5,0
2,5,15,2,2642.405,3 2,North,3,5,0
2,5,15,1,2642.938,3 2,West,3,5,0
2,5,15,2,2643.482,3 1,West,3,5,0
2,5,15,2,2644.072,3 0,West,3,5,0
2,5,15,3,2644.596,3 0,North,3,5,0
2,5,15,2,2645.108,2 0,North,3,5,0
2,5,15,2,2645.718,1 0,North,3,5,0
2,5,15,6,2646.1,1 0,North,3,6,0
2,5,15,3,2646.372,1 0,East,3,6,0
2,5,15,3,2646.94,1 0,South,3,6,0
2,5,15,2,2647.495,2 0,South,3,6,0
2,5,15,1,2648.493,2 0,East,3,6,0
2,5,15,1,2649.237,2 0,North,3,6,0
2,5,15,3,2650.139,2 0,East,3,6,0
2,5,15,3,2651.144,2 0,South,3,6,0
2,5,15,2,2651.781,3 0,South,3,6,0
2,5,15,1,2652.344,3 0,East,3,6,0
2,5,15,2,2652.873,3 1,East,3,6,0
2,5,15,2,2654.062,3 2,East,3,6,0
2,5,15,3,2654.602,3 2,South,3,6,0
2,5,15,2,2655.143,4 2,South,3,6,0
2,5,15,6,2655.52,4 2,South,3,7,0
2,5,15,1,2655.704,4 2,East,3,7,0
2,5,15,1,2656.244,4 2,North,3,7,0
2,5,15,3,2657.126,4 2,East,3,7,0
2,5,15,2,2657.978,4 3,East,3,7,0
2,5,15,2,2658.573,4 4,East,3,7,0
2,5,15,1,2659.13,4 4,North,3,7,0
2,5,15,2,2659.703,3 4,North,3,7,0
2,5,15,1,2660.281,3 4,West,3,7,0
2,5,15,2,2660.827,3 3,West,3,7,0
2,5,15,3,2661.387,3 3,North,3,7,0
2,5,15,2,2661.931,2 3,North,3,7,0
2,5,15,2,2662.488,1 3,North,3,7,0
2,5,15,2,2663.066,0 3,North,3,7,0
2,5,15,6,2663.44,0 3,North,3,8,0
1,6,16,1,2666.697,4 3,North,3,0,0
1,6,16,6,2667.1,4 3,North,3,1,0
1,6,16,3,2667.497,4 4,North,3,1,0
1,6,16,2,2668.125,3 4,North,3,1,0
1,6,16,1,2669.194,3 3,North,3,1,0
1,6,16,2,2669.797,2 3,North,3,1,0
1,6,16,2,2670.71,1 3,North,3,1,0
1,6,16,2,2671.271,0 3,North,3,1,0
1,6,16,3,2671.845,0 4,North,3,1,0
1,6,16,4,2672.364,1 4,North,3,1,0
1,6,16,4,2672.9,2 4,North,3,1,0
1,6,16,6,2673.26,2 4,North,3,2,0
1,6,16,2,2673.485,1 4,North,3,2,0
1,6,16,2,2674.536,0 4,North,3,2,0
1,6,16,1,2675.062,0 3,North,3,2,0
1,6,16,4,2675.576,1 3,North,3,2,0
1,6,16,4,2676.14,2 3,North,3,2,0
1,6,16,4,2676.667,3 3,North,3,2,0
1,6,16,3,2677.269,3 4,North,3,2,0
1,6,16,4,2677.85,4 4,North,3,2,0
1,6,16,1,2678.452,4 3,North,3,2,0
1,6,16,1,2679.429,4 2,North,3,2,0
1,6,16,1,2680.022,4 1,North,3,2,0
1,6,16,1,2680.621,4 0,North,3,2,0
1,6,16,6,2681.02,4 0,North,3,3,0
1,6,16,3,2681.176,4 1,North,3,3,0
1,6,16,3,2681.748,4 2,North,3,3,0
1,6,16,3,2682.312,4 3,North,3,3,0
1,6,16,3,2682.875,4 4,North,3,3,0
1,6,16,2,2683.66,3 4,North,3,3,0
1,6,16,1,2684.628,3 3,North,3,3,0
1,6,16,6,2685.04,3 3,North,3,4,0
1,6,16,3,2685.293,3 4,North,3,4,0
1,6,16,1,2686.263,3 3,North,3,4,0
1,6,16,2,2686.825,2 3,North,3,4,0
1,6,16,2,2687.351,1 3,North,3,4,0
1,6,16,2,2687.928,0 3,North,3,4,0
1,6,16,3,2688.491,0 4,North,3,4,0
1,6,16,4,2689.016,1 4,North,3,4,0
1,6,16,6,2689.38,1 4,North,3,5,0
1,6,16,2,2689.608,0 4,North,3,5,0
1,6,16,1,2690.135,0 3,North,3,5,0
1,6,16,6,2690.54,0 3,North,3,6,0
1,6,16,4,2690.73,1 3,North,3,6,0
1,6,16,4,2691.272,2 3,North,3,6,0
1,6,16,4,2692.234,3 3,North,3,6,0
1,6,16,3,2692.779,3 4,North,3,6,0
1,6,16,4,2693.718,4 4,North,3,6,0
1,6,16,1,2694.263,4 3,North,3,6,0
1,6,16,1,2694.824,4 2,North,3,6,0
1,6,16,2,2695.381,3 2,North,3,6,0
1,6,16,1,2695.897,3 1,North,3,6,0
1,6,16,1,2696.921,3 0,North,3,6,0
1,6,16,2,2697.494,2 0,North,3,6,0
1,6,16,2,2698.039,1 0,North,3,6,0
1,6,16,3,2698.645,1 1,North,3,6,0
1,6,16,4,2699.159,2 1,North,3,6,0
1,6,16,3,2699.733,2 2,North,3,6,0
1,6,16,2,2700.68,1 2,North,3,6,0
1,6,16,2,2701.255,0 2,North,3,6,0
1,6,16,1,2701.796,0 1,North,3,6,0
1,6,16,6,2702.2,0 1,North,3,7,0
1,6,16,3,2702.364,0 2,North,3,7,0
1,6,16,4,2702.887,1 2,North,3,7,0
1,6,16,4,2703.412,2 2,North,3,7,0
1,6,16,1,2703.957,2 1,North,3,7,0
1,6,16,2,2704.476,1 1,North,3,7,0
1,6,16,1,2705.434,1 0,North,3,7,0
1,6,16,4,2706.407,2 0,North,3,7,0
1,6,16,4,2706.95,3 0,North,3,7,0
1,6,16,3,2707.513,3 1,North,3,7,0
1,6,16,3,2708.516,3 2,North,3,7,0
1,6,16,4,2709.083,4 2,North,3,7,0
1,6,16,3,2709.691,4 3,North,3,7,0
1,6,16,3,2710.235,4 4,North,3,7,0
1,6,16,2,2710.954,3 4,North,3,7,0
1,6,16,1,2711.494,3 3,North,3,7,0
1,6,16,2,2712.053,2 3,North,3,7,0
1,6,16,2,2712.893,1 3,North,3,7,0
1,6,16,2,2713.833,0 3,North,3,7,0
1,6,16,3,2714.39,0 4,North,3,7,0
1,6,16,6,2714.8,0 4,North,3,8,0
2,6,16,1,2718.251,4 4,West,3,0,0
2,6,16,3,2719.162,4 4,North,3,0,0
2,6,16,2,2719.9,3 4,North,3,0,0
2,6,16,1,2720.439,3 4,West,3,0,0
2,6,16,2,2721.11,3 3,West,3,0,0
2,6,16,3,2722.085,3 3,North,3,0,0
2,6,16,2,2722.694,2 3,North,3,0,0
2,6,16,2,2723.305,1 3,North,3,0,0
2,6,16,2,2723.882,0 3,North,3,0,0
2,6,16,3,2724.453,0 3,East,3,0,0
2,6,16,2,2725.049,0 4,East,3,0,0
2,6,16,3,2725.573,0 4,South,3,0,0
2,6,16,2,2726.084,1 4,South,3,0,0
2,6,16,2,2726.645,2 4,South,3,0,0
2,6,16,6,2727.02,2 4,South,3,1,0
2,6,16,3,2727.252,2 4,West,3,1,0
2,6,16,3,2727.8,2 4,North,3,1,0
2,6,16,2,2728.47,1 4,North,3,1,0
2,6,16,2,2729.032,0 4,North,3,1,0
2,6,16,1,2730.013,0 4,West,3,1,0
2,6,16,2,2730.585,0 3,West,3,1,0
2,6,16,6,2731,0 3,West,3,2,0
2,6,16,1,2731.156,0 3,South,3,2,0
2,6,16,1,2732.046,0 3,East,3,2,0
2,6,16,2,2733.147,0 4,East,3,2,0
2,6,16,3,2733.703,0 4,South,3,2,0
2,6,16,2,2734.302,1 4,South,3,2,0
2,6,16,6,2734.68,1 4,South,3,3,0
2,6,16,3,2734.885,1 4,West,3,3,0
2,6,16,3,2735.451,1 4,North,3,3,0
2,6,16,2,2736.058,0 4,North,3,3,0
2,6,16,1,2736.613,0 4,West,3,3,0
2,6,16,2,2737.176,0 3,West,3,3,0
2,6,16,1,2737.754,0 3,South,3,3,0
2,6,16,2,2738.31,1 3,South,3,3,0
2,6,16,2,2738.827,2 3,South,3,3,0
2,6,16,6,2739.2,2 3,South,3,4,0
2,6,16,3,2739.46,2 3,West,3,4,0
2,6,16,3,2740.407,2 3,North,3,4,0
2,6,16,2,2741.256,1 3,North,3,4,0
2,6,16,2,2741.853,0 3,North,3,4,0
2,6,16,3,2742.443,0 3,East,3,4,0
2,6,16,2,2743.005,0 4,East,3,4,0
2,6,16,6,2743.42,0 4,East,3,5,0
2,6,16,3,2743.594,0 4,South,3,5,0
2,6,16,3,2744.203,0 4,West,3,5,0
2,6,16,2,2744.789,0 3,West,3,5,0
2,6,16,1,2745.301,0 3,South,3,5,0
2,6,16,2,2745.828,1 3,South,3,5,0
2,6,16,2,2746.393,2 3,South,3,5,0
2,6,16,2,2746.998,3 3,South,3,5,0
2,6,16,1,2747.594,3 3,East,3,5,0
2,6,16,2,2748.212,3 4,East,3,5,0
2,6,16,3,2748.777,3 4,South,3,5,0
2,6,16,2,2749.365,4 4,South,3,5,0
2,6,16,3,2749.895,4 4,West,3,5,0
2,6,16,2,2750.411,4 3,West,3,5,0
2,6,16,6,2750.82,4 3,West,3,6,0
2,6,16,3,2751.029,4 3,North,3,6,0
2,6,16,1,2751.956,4 3,West,3,6,0
2,6,16,2,2752.695,4 2,West,3,6,0
2,6,16,3,2753.274,4 2,North,3,6,0
2,6,16,2,2753.833,3 2,North,3,6,0
2,6,16,1,2754.397,3 2,West,3,6,0
2,6,16,2,2755.307,3 1,West,3,6,0
2,6,16,2,2755.917,3 0,West,3,6,0
2,6,16,3,2756.485,3 0,North,3,6,0
2,6,16,2,2757.16,2 0,North,3,6,0
2,6,16,2,2757.771,1 0,North,3,6,0
2,6,16,3,2758.46,1 0,East,3,6,0
2,6,16,2,2759.076,1 1,East,3,6,0
2,6,16,3,2759.624,1 1,South,3,6,0
2,6,16,2,2760.189,2 1,South,3,6,0
2,6,16,1,2763.124,2 1,East,3,6,0
2,6,16,3,2763.869,2 1,South,3,6,0
2,6,16,2,2764.632,2 1,South,3,6,1
2,6,16,1,2765.133,2 1,East,3,6,1
2,6,16,2,2765.767,2 2,East,3,6,1
2,6,16,1,2766.392,2 2,North,3,6,1
2,6,16,2,2767.002,1 2,North,3,6,1
2,6,16,2,2767.559,0 2,North,3,6,1
2,6,16,6,2767.94,0 2,North,3,7,1
2,6,16,1,2768.135,0 2,West,3,7,1
2,6,16,1,2768.714,0 2,South,3,7,1
2,6,16,2,2769.577,1 2,South,3,7,1
2,6,16,2,2771.626,2 2,South,3,7,1
2,6,16,3,2772.248,2 2,West,3,7,1
2,6,16,2,2772.804,2 1,West,3,7,1
2,6,16,3,2773.383,2 1,North,3,7,1
2,6,16,2,2773.941,1 1,North,3,7,1
2,6,16,1,2774.501,1 1,West,3,7,1
2,6,16,2,2775.069,1 0,West,3,7,1
2,6,16,1,2775.62,1 0,South,3,7,1
2,6,16,2,2776.2,2 0,South,3,7,1
2,6,16,2,2776.791,3 0,South,3,7,1
2,6,16,1,2777.396,3 0,East,3,7,1
2,6,16,2,2778.151,3 1,East,3,7,1
2,6,16,2,2778.727,3 2,East,3,7,1
2,6,16,3,2779.301,3 2,South,3,7,1
2,6,16,2,2779.844,4 2,South,3,7,1
2,6,16,1,2780.406,4 2,East,3,7,1
2,6,16,2,2781.005,4 3,East,3,7,1
2,6,16,2,2781.755,4 4,East,3,7,1
2,6,16,1,2782.313,4 4,North,3,7,1
2,6,16,2,2782.972,3 4,North,3,7,1
2,6,16,1,2783.524,3 4,West,3,7,1
2,6,16,2,2784.109,3 3,West,3,7,1
2,6,16,6,2784.52,3 3,West,3,8,1
1,6,17,1,2787.829,4 3,North,3,0,1
1,6,17,1,2788.348,4 2,North,3,0,1
1,6,17,2,2789.414,3 2,North,3,0,1
1,6,17,1,2789.947,3 1,North,3,0,1
1,6,17,1,2790.471,3 0,North,3,0,1
1,6,17,2,2791.126,2 0,North,3,0,1
1,6,17,6,2791.5,2 0,North,3,1,1
1,6,17,4,2792.029,3 0,North,3,1,1
1,6,17,3,2792.793,3 1,North,3,1,1
1,6,17,3,2793.32,3 2,North,3,1,1
1,6,17,6,2793.72,3 2,North,3,2,1
1,6,17,4,2793.85,4 2,North,3,2,1
1,6,17,2,2794.79,3 2,North,3,2,1
1,6,17,1,2795.356,3 1,North,3,2,1
1,6,17,1,2796.293,3 0,North,3,2,1
1,6,17,2,2796.89,2 0,North,3,2,1
1,6,17,2,2797.435,1 0,North,3,2,1
1,6,17,6,2797.82,1 0,North,3,3,1
1,6,17,4,2798.056,2 0,North,3,3,1
1,6,17,2,2798.634,1 0,North,3,3,1
1,6,17,3,2799.158,1 1,North,3,3,1
1,6,17,4,2800.107,2 1,North,3,3,1
1,6,17,6,2800.46,2 1,North,3,4,1
1,6,17,2,2800.716,1 1,North,3,4,1
1,6,17,1,2801.288,1 0,North,3,4,1
1,6,17,4,2801.878,2 0,North,3,4,1
1,6,17,4,2802.424,3 0,North,3,4,1
1,6,17,6,2802.78,3 0,North,3,5,1
1,6,17,3,2803.318,3 1,North,3,5,1
1,6,17,3,2803.942,3 2,North,3,5,1
1,6,17,4,2804.774,4 2,North,3,5,1
1,6,17,1,2805.416,4 1,North,3,5,1
1,6,17,6,2805.82,4 1,North,3,6,1
1,6,17,3,2806.026,4 2,North,3,6,1
1,6,17,2,2806.598,3 2,North,3,6,1
1,6,17,1,2807.124,3 1,North,3,6,1
1,6,17,1,2807.645,3 0,North,3,6,1
1,6,17,2,2808.196,2 0,North,3,6,1
1,6,17,2,2809.193,1 0,North,3,6,1
1,6,17,3,2809.719,1 1,North,3,6,1
1,6,17,4,2810.245,2 1,North,3,6,1
1,6,17,3,2810.887,2 2,North,3,6,1
1,6,17,2,2811.847,1 2,North,3,6,1
1,6,17,2,2812.456,0 2,North,3,6,1
1,6,17,1,2813.034,0 1,North,3,6,1
1,6,17,1,2813.607,0 0,North,3,6,1
1,6,17,6,2814.02,0 0,North,3,7,1
1,6,17,3,2814.188,0 1,North,3,7,1
1,6,17,3,2814.748,0 2,North,3,7,1
1,6,17,4,2815.675,1 2,North,3,7,1
1,6,17,4,2816.267,2 2,North,3,7,1
1,6,17,1,2816.826,2 1,North,3,7,1
1,6,17,2,2817.453,1 1,North,3,7,1
1,6,17,1,2818.004,1 0,North,3,7,1
1,6,17,4,2818.604,2 0,North,3,7,1
1,6,17,4,2819.148,3 0,North,3,7,1
1,6,17,3,2819.719,3 1,North,3,7,1
1,6,17,3,2820.265,3 2,North,3,7,1
1,6,17,4,2820.792,4 2,North,3,7,1
1,6,17,3,2821.388,4 3,North,3,7,1
1,6,17,3,2821.942,4 4,North,3,7,1
1,6,17,2,2822.629,3 4,North,3,7,1
1,6,17,6,2823,3 4,North,3,8,1
2,6,17,1,2826.142,4 4,West,3,0,0
2,6,17,2,2826.747,4 3,West,3,0,0
2,6,17,2,2827.336,4 2,West,3,0,0
2,6,17,3,2827.916,4 2,North,3,0,0
2,6,17,2,2828.472,3 2,North,3,0,0
2,6,17,1,2829.052,3 2,West,3,0,0
2,6,17,2,2829.605,3 1,West,3,0,0
2,6,17,2,2830.234,3 0,West,3,0,0
2,6,17,3,2830.808,3 0,North,3,0,0
2,6,17,2,2831.338,2 0,North,3,0,0
2,6,17,2,2831.899,1 0,North,3,0,0
2,6,17,3,2832.922,1 0,East,3,0,0
2,6,17,2,2833.511,1 1,East,3,0,0
2,6,17,3,2834.12,1 1,South,3,0,0
2,6,17,2,2834.684,2 1,South,3,0,0
2,6,17,1,2835.239,2 1,East,3,0,0
2,6,17,2,2835.864,2 2,East,3,0,0
2,6,17,1,2836.505,2 2,North,3,0,0
2,6,17,2,2837.204,1 2,North,3,0,0
2,6,17,2,2837.82,0 2,North,3,0,0
2,6,17,1,2838.364,0 2,West,3,0,0
2,6,17,2,2838.92,0 1,West,3,0,0
2,6,17,2,2839.502,0 0,West,3,0,0
2,6,17,6,2839.92,0 0,West,3,1,0
2,6,17,3,2840.026,0 0,North,3,1,0
2,6,17,3,2840.644,0 0,East,3,1,0
2,6,17,2,2841.243,0 1,East,3,1,0
2,6,17,2,2841.822,0 2,East,3,1,0
2,6,17,3,2842.468,0 2,South,3,1,0
2,6,17,2,2843.031,1 2,South,3,1,0
2,6,17,2,2843.594,2 2,South,3,1,0
2,6,17,3,2844.169,2 2,West,3,1,0
2,6,17,2,2844.775,2 1,West,3,1,0
2,6,17,3,2845.38,2 1,North,3,1,0
2,6,17,2,2845.994,1 1,North,3,1,0
2,6,17,1,2846.6,1 1,West,3,1,0
2,6,17,2,2847.208,1 0,West,3,1,0
2,6,17,1,2847.848,1 0,South,3,1,0
2,6,17,2,2848.453,2 0,South,3,1,0
2,6,17,1,2849.294,2 0,East,3,1,0
2,6,17,3,2849.828,2 0,South,3,1,0
2,6,17,2,2850.47,3 0,South,3,1,0
2,6,17,1,2851.093,3 0,East,3,1,0
2,6,17,2,2851.687,3 1,East,3,1,0
2,6,17,2,2852.299,3 2,East,3,1,0
2,6,17,6,2852.7,3 2,East,3,2,0
2,6,17,1,2852.922,3 2,North,3,2,0
2,6,17,1,2853.477,3 2,West,3,2,0
2,6,17,2,2854.344,3 1,West,3,2,0
2,6,17,2,2854.902,3 0,West,3,2,0
2,6,17,3,2855.466,3 0,North,3,2,0
2,6,17,2,2856.052,2 0,North,3,2,0
2,6,17,6,2856.44,2 0,North,3,3,0
2,6,17,3,2856.731,2 0,East,3,3,0
2,6,17,3,2857.257,2 0,South,3,3,0
2,6,17,2,2857.948,3 0,South,3,3,0
2,6,17,1,2858.49,3 0,East,3,3,0
2,6,17,2,2859.134,3 1,East,3,3,0
2,6,17,3,2860.232,3 1,South,3,3,0
2,6,17,1,2860.984,3 1,East,3,3,0
2,6,17,2,2861.685,3 2,East,3,3,0
2,6,17,3,2862.296,3 2,South,3,3,0
2,6,17,2,2862.838,4 2,South,3,3,0
2,6,17,1,2863.353,4 2,East,3,3,0
2,6,17,2,2863.959,4 3,East,3,3,0
2,6,17,2,2864.62,4 4,East,3,3,0
2,6,17,1,2865.146,4 4,North,3,3,0
2,6,17,2,2865.758,3 4,North,3,3,0
2,6,17,6,2866.14,3 4,North,3,4,0
2,6,17,1,2866.533,3 4,West,3,4,0
2,6,17,1,2867.063,3 4,South,3,4,0
2,6,17,2,2867.752,4 4,South,3,4,0
2,6,17,3,2868.328,4 4,West,3,4,0
2,6,17,2,2868.935,4 3,West,3,4,0
2,6,17,2,2869.512,4 2,West,3,4,0
2,6,17,3,2870.053,4 2,North,3,4,0
2,6,17,2,2870.632,3 2,North,3,4,0
2,6,17,1,2871.194,3 2,West,3,4,0
2,6,17,2,2871.768,3 1,West,3,4,0
2,6,17,2,2872.349,3 0,West,3,4,0
2,6,17,3,2872.885,3 0,North,3,4,0
2,6,17,2,2873.882,2 0,North,3,4,0
2,6,17,2,2874.444,1 0,North,3,4,0
2,6,17,3,2875.035,1 0,East,3,4,0
2,6,17,2,2875.565,1 1,East,3,4,0
2,6,17,3,2876.119,1 1,South,3,4,0
2,6,17,2,2876.741,2 1,South,3,4,0
2,6,17,1,2877.276,2 1,East,3,4,0
2,6,17,2,2877.86,2 2,East,3,4,0
2,6,17,1,2878.375,2 2,North,3,4,0
2,6,17,2,2878.988,1 2,North,3,4,0
2,6,17,2,2879.556,0 2,North,3,4,0
2,6,17,1,2880.14,0 2,West,3,4,0
2,6,17,2,2880.71,0 1,West,3,4,0
2,6,17,6,2881.12,0 1,West,3,5,0
2,6,17,3,2881.285,0 1,North,3,5,0
2,6,17,3,2881.83,0 1,East,3,5,0
2,6,17,2,2882.39,0 2,East,3,5,0
2,6,17,3,2882.923,0 2,South,3,5,0
2,6,17,2,2883.499,1 2,South,3,5,0
2,6,17,2,2884.549,2 2,South,3,5,0
2,6,17,3,2885.143,2 2,West,3,5,0
2,6,17,2,2885.7,2 1,West,3,5,0
2,6,17,3,2886.378,2 1,North,3,5,0
2,6,17,2,2886.938,1 1,North,3,5,0
2,6,17,1,2887.545,1 1,West,3,5,0
2,6,17,2,2888.124,1 0,West,3,5,0
2,6,17,1,2888.668,1 0,South,3,5,0
2,6,17,2,2889.237,2 0,South,3,5,0
2,6,17,2,2889.849,3 0,South,3,5,0
2,6,17,6,2890.22,3 0,South,3,6,0
2,6,17,1,2890.473,3 0,East,3,6,0
2,6,17,2,2891.128,3 1,East,3,6,0
2,6,17,6,2891.54,3 1,East,3,7,0
2,6,17,1,2891.876,3 1,North,3,7,0
2,6,17,1,2892.855,3 1,West,3,7,0
2,6,17,2,2893.563,3 0,West,3,7,0
2,6,17,3,2894.117,3 0,North,3,7,0
2,6,17,2,2894.667,2 0,North,3,7,0
2,6,17,2,2895.255,1 0,North,3,7,0
2,6,17,6,2895.64,1 0,North,3,8,0
1,6,18,1,2899.354,4 3,North,3,0,0
1,6,18,1,2900.277,4 2,North,3,0,0
1,6,18,2,2900.887,3 2,North,3,0,0
1,6,18,1,2901.412,3 1,North,3,0,0
1,6,18,6,2901.82,3 1,North,3,1,0
1,6,18,3,2901.995,3 2,North,3,1,0
1,6,18,4,2902.553,4 2,North,3,1,0
1,6,18,3,2903.114,4 3,North,3,1,0
1,6,18,3,2904.251,4 4,North,3,1,0
1,6,18,2,2904.888,3 4,North,3,1,0
1,6,18,1,2905.432,3 3,North,3,1,0
1,6,18,2,2905.994,2 3,North,3,1,0
1,6,18,6,2906.38,2 3,North,3,2,0
1,6,18,4,2906.727,3 3,North,3,2,0
1,6,18,3,2907.37,3 4,North,3,2,0
1,6,18,4,2907.931,4 4,North,3,2,0
1,6,18,1,2908.902,4 3,North,3,2,0
1,6,18,1,2909.449,4 2,North,3,2,0
1,6,18,2,2909.977,3 2,North,3,2,0
1,6,18,1,2910.918,3 1,North,3,2,0
1,6,18,1,2911.48,3 0,North,3,2,0
1,6,18,2,2912.025,2 0,North,3,2,0
1,6,18,2,2912.549,1 0,North,3,2,0
1,6,18,3,2913.484,1 1,North,3,2,0
1,6,18,6,2913.88,1 1,North,3,3,0
1,6,18,1,2914.056,1 0,North,3,3,0
1,6,18,3,2915.017,1 1,North,3,3,0
1,6,18,4,2915.628,2 1,North,3,3,0
1,6,18,3,2916.282,2 2,North,3,3,0
1,6,18,2,2917.242,1 2,North,3,3,0
1,6,18,2,2917.829,0 2,North,3,3,0
1,6,18,6,2918.2,0 2,North,3,4,0
1,6,18,4,2918.376,1 2,North,3,4,0
1,6,18,4,2918.949,2 2,North,3,4,0
1,6,18,1,2919.513,2 1,North,3,4,0
1,6,18,2,2920.133,1 1,North,3,4,0
1,6,18,1,2920.74,1 0,North,3,4,0
1,6,18,4,2921.351,2 0,North,3,4,0
1,6,18,4,2921.885,3 0,North,3,4,0
1,6,18,3,2922.405,3 1,North,3,4,0
1,6,18,3,2923.019,3 2,North,3,4,0
1,6,18,4,2923.558,4 2,North,3,4,0
1,6,18,3,2924.073,4 3,North,3,4,0
1,6,18,3,2924.66,4 4,North,3,4,0
1,6,18,2,2925.271,3 4,North,3,4,0
1,6,18,1,2925.813,3 3,North,3,4,0
1,6,18,2,2926.745,2 3,North,3,4,0
1,6,18,2,2927.291,1 3,North,3,4,0
1,6,18,6,2927.68,1 3,North,3,5,0
1,6,18,4,2927.892,2 3,North,3,5,0
1,6,18,4,2928.452,3 3,North,3,5,0
1,6,18,3,2929.097,3 4,North,3,5,0
1,6,18,4,2929.69,4 4,North,3,5,0
1,6,18,1,2930.278,4 3,North,3,5,0
1,6,18,1,2931.146,4 2,North,3,5,0
1,6,18,6,2931.56,4 2,North,3,6,0
1,6,18,2,2932.008,3 2,North,3,6,0
1,6,18,1,2932.838,3 1,North,3,6,0
1,6,18,1,2933.429,3 0,North,3,6,0
1,6,18,2,2933.992,2 0,North,3,6,0
1,6,18,2,2934.51,1 0,North,3,6,0
1,6,18,3,2935.062,1 1,North,3,6,0
1,6,18,4,2935.99,2 1,North,3,6,0
1,6,18,3,2936.52,2 2,North,3,6,0
1,6,18,6,2936.92,2 2,North,3,7,0
1,6,18,1,2937.222,2 1,North,3,7,0
1,6,18,3,2937.804,2 2,North,3,7,0
1,6,18,2,2938.393,1 2,North,3,7,0
1,6,18,6,2938.78,1 2,North,3,8,0
2,6,18,1,2941.738,4 4,West,3,0,0
2,6,18,2,2942.425,4 3,West,3,0,0
2,6,18,2,2943.005,4 2,West,3,0,0
2,6,18,3,2943.541,4 2,North,3,0,0
2,6,18,2,2944.087,3 2,North,3,0,0
2,6,18,1,2944.669,3 2,West,3,0,0
2,6,18,2,2945.212,3 1,West,3,0,0
2,6,18,6,2945.62,3 1,West,3,1,0
2,6,18,3,2945.782,3 1,North,3,1,0
2,6,18,3,2946.342,3 1,East,3,1,0
2,6,18,1,2947.078,3 1,North,3,1,0
2,6,18,1,2947.612,3 1,West,3,1,0
2,6,18,2,2948.538,3 0,West,3,1,0
2,6,18,3,2949.082,3 0,North,3,1,0
2,6,18,2,2949.675,2 0,North,3,1,0
2,6,18,2,2950.313,1 0,North,3,1,0
2,6,18,3,2950.907,1 0,East,3,1,0
2,6,18,2,2951.436,1 1,East,3,1,0
2,6,18,3,2952.505,1 1,South,3,1,0
2,6,18,2,2953.195,2 1,South,3,1,0
2,6,18,1,2953.883,2 1,East,3,1,0
2,6,18,2,2954.521,2 2,East,3,1,0
2,6,18,6,2954.94,2 2,East,3,2,0
2,6,18,3,2955.141,2 2,South,3,2,0
2,6,18,3,2955.723,2 2,West,3,2,0
2,6,18,2,2956.551,2 1,West,3,2,0
2,6,18,3,2957.081,2 1,North,3,2,0
2,6,18,2,2957.704,1 1,North,3,2,0
2,6,18,1,2958.253,1 1,West,3,2,0
2,6,18,2,2958.825,1 0,West,3,2,0
2,6,18,1,2959.35,1 0,South,3,2,0
2,6,18,2,2959.909,2 0,South,3,2,0
2,6,18,2,2960.47,3 0,South,3,2,0
2,6,18,1,2961.033,3 0,East,3,2,0
2,6,18,2,2961.628,3 1,East,3,2,0
2,6,18,2,2962.184,3 2,East,3,2,0
2,6,18,3,2962.779,3 2,South,3,2,0
2,6,18,2,2963.348,4 2,South,3,2,0
2,6,18,1,2963.978,4 2,East,3,2,0
2,6,18,2,2964.537,4 3,East,3,2,0
2,6,18,2,2965.061,4 4,East,3,2,0
2,6,18,1,2965.991,4 4,North,3,2,0
2,6,18,2,2966.599,3 4,North,3,2,0
2,6,18,1,2967.179,3 4,West,3,2,0
2,6,18,2,2968.174,3 3,West,3,2,0
2,6,18,3,2968.779,3 3,North,3,2,0
2,6,18,2,2969.335,2 3,North,3,2,0
2,6,18,2,2969.931,1 3,North,3,2,0
2,6,18,6,2970.32,1 3,North,3,3,0
2,6,18,3,2970.548,1 3,East,3,3,0
2,6,18,3,2971.146,1 3,South,3,3,0
2,6,18,2,2971.741,2 3,South,3,3,0
2,6,18,2,2972.325,3 3,South,3,3,0
2,6,18,1,2972.858,3 3,East,3,3,0
2,6,18,2,2973.398,3 4,East,3,3,0
2,6,18,3,2973.913,3 4,South,3,3,0
2,6,18,2,2974.442,4 4,South,3,3,0
2,6,18,3,2974.985,4 4,West,3,3,0
2,6,18,2,2975.502,4 3,West,3,3,0
2,6,18,2,2976.041,4 2,West,3,3,0
2,6,18,3,2976.633,4 2,North,3,3,0
2,6,18,2,2977.341,3 2,North,3,3,0
2,6,18,1,2978.216,3 2,West,3,3,0
2,6,18,2,2978.827,3 1,West,3,3,0
2,6,18,2,2979.438,3 0,West,3,3,0
2,6,18,3,2979.962,3 0,North,3,3,0
2,6,18,2,2980.571,2 0,North,3,3,0
2,6,18,2,2981.178,1 0,North,3,3,0
2,6,18,3,2981.722,1 0,East,3,3,0
2,6,18,2,2982.25,1 1,East,3,3,0
2,6,18,3,2982.805,1 1,South,3,3,0
2,6,18,2,2983.386,2 1,South,3,3,0
2,6,18,1,2983.93,2 1,East,3,3,0
2,6,18,2,2984.523,2 2,East,3,3,0
2,6,18,1,2985.07,2 2,North,3,3,0
2,6,18,2,2985.608,1 2,North,3,3,0
2,6,18,2,2986.157,0 2,North,3,3,0
2,6,18,6,2986.54,0 2,North,3,4,0
2,6,18,1,2987.082,0 2,West,3,4,0
2,6,18,1,2987.604,0 2,South,3,4,0
2,6,18,1,2988.218,0 2,East,3,4,0
2,6,18,3,2988.73,0 2,South,3,4,0
2,6,18,2,2989.429,1 2,South,3,4,0
2,6,18,2,2990.029,2 2,South,3,4,0
2,6,18,3,2990.573,2 2,West,3,4,0
2,6,18,2,2991.161,2 1,West,3,4,0
2,6,18,3,2991.709,2 1,North,3,4,0
2,6,18,2,2992.279,1 1,North,3,4,0
2,6,18,1,2993.244,1 1,West,3,4,0
2,6,18,2,2993.851,1 0,West,3,4,0
2,6,18,1,2994.533,1 0,South,3,4,0
2,6,18,2,2995.531,2 0,South,3,4,0
2,6,18,2,2998.043,3 0,South,3,4,0
2,6,18,1,2998.647,3 0,East,3,4,0
2,6,18,3,2999.8,3 0,South,3,4,0
2,6,18,2,3002.329,3 0,South,3,4,1
2,6,18,1,3003.127,3 0,East,3,4,1
2,6,18,1,3004.011,3 0,North,3,4,1
2,6,18,3,3005.27,3 0,East,3,4,1
2,6,18,2,3005.911,3 1,East,3,4,1
2,6,18,2,3006.522,3 2,East,3,4,1
2,6,18,3,3007.066,3 2,South,3,4,1
2,6,18,2,3007.588,4 2,South,3,4,1
2,6,18,3,3008.123,4 2,West,3,4,1
2,6,18,2,3008.692,4 1,West,3,4,1
2,6,18,2,3009.254,4 0,West,3,4,1
2,6,18,6,3009.66,4 0,West,3,5,1
2,6,18,3,3009.861,4 0,North,3,5,1
2,6,18,3,3010.43,4 0,East,3,5,1
2,6,18,2,3011.036,4 1,East,3,5,1
2,6,18,2,3011.605,4 2,East,3,5,1
2,6,18,1,3012.267,4 2,North,3,5,1
2,6,18,3,3012.938,4 2,East,3,5,1
2,6,18,1,3013.496,4 2,North,3,5,1
2,6,18,2,3014.166,3 2,North,3,5,1
2,6,18,1,3014.855,3 2,West,3,5,1
2,6,18,2,3015.518,3 1,West,3,5,1
2,6,18,2,3016.532,3 0,West,3,5,1
2,6,18,3,3017.078,3 0,North,3,5,1
2,6,18,2,3017.669,2 0,North,3,5,1
2,6,18,2,3018.252,1 0,North,3,5,1
2,6,18,3,3018.873,1 0,East,3,5,1
2,6,18,2,3019.451,1 1,East,3,5,1
2,6,18,3,3019.995,1 1,South,3,5,1
2,6,18,2,3020.637,2 1,South,3,5,1
2,6,18,1,3021.159,2 1,East,3,5,1
2,6,18,2,3021.752,2 2,East,3,5,1
2,6,18,1,3022.328,2 2,North,3,5,1
2,6,18,2,3022.905,1 2,North,3,5,1
2,6,18,6,3023.28,1 2,North,3,6,1
2,6,18,3,3023.53,1 2,East,3,6,1
2,6,18,3,3024.044,1 2,South,3,6,1
2,6,18,2,3025.209,2 2,South,3,6,1
2,6,18,3,3025.772,2 2,West,3,6,1
2,6,18,2,3026.348,2 1,West,3,6,1
2,6,18,6,3026.76,2 1,West,3,7,1
2,6,18,3,3027.016,2 1,North,3,7,1
2,6,18,3,3027.545,2 1,East,3,7,1
2,6,18,3,3028.109,2 1,South,3,7,1
2,6,18,1,3028.663,2 1,East,3,7,1
2,6,18,1,3029.179,2 1,North,3,7,1
2,6,18,1,3030.666,2 1,West,3,7,1
2,6,18,3,3031.737,2 1,North,3,7,1
2,6,18,2,3032.43,1 1,North,3,7,1
2,6,18,1,3033.049,1 1,West,3,7,1
2,6,18,2,3033.637,1 0,West,3,7,1
2,6,18,1,3034.298,1 0,South,3,7,1
2,6,18,2,3034.965,2 0,South,3,7,1
2,6,18,2,3035.563,3 0,South,3,7,1
2,6,18,1,3036.125,3 0,East,3,7,1
2,6,18,2,3036.716,3 1,East,3,7,1
2,6,18,2,3037.29,3 2,East,3,7,1
2,6,18,3,3038.232,3 2,South,3,7,1
2,6,18,2,3038.813,4 2,South,3,7,1
2,6,18,6,3039.2,4 2,South,3,8,1
