PhaseView,Run,Trial,Key,Time,Location,Direction,MazeType,Diamonds,WallBumped
0,3,7,2,572.0248,3 4,North,2,0,6
0,3,7,2,572.8744,2 4,North,2,0,6
0,3,7,1,573.5937,2 4,West,2,0,6
0,3,7,1,576.1277,2 4,South,2,0,6
0,3,7,1,576.9404,2 4,East,2,0,6
0,3,7,1,577.8864,2 4,North,2,0,6
0,3,7,2,579.0374,1 4,North,2,0,6
0,3,7,1,580.6002,1 4,West,2,0,6
0,3,7,2,581.4503,1 3,West,2,0,6
0,3,7,1,583.0669,1 3,South,2,0,6
0,3,7,2,583.9196,2 3,South,2,0,6
0,3,7,3,584.4876,2 3,West,2,0,6
0,3,7,2,585.3892,2 2,West,2,0,6
0,3,7,6,585.8,2 2,West,2,1,6
0,3,7,3,586.2874,2 2,North,2,1,6
0,3,7,2,587.1761,1 2,North,2,1,6
0,3,7,1,587.9911,1 2,West,2,1,6
0,3,7,3,589.4228,1 2,North,2,1,6
0,3,7,2,590.2819,0 2,North,2,1,6
0,3,7,1,590.7928,0 2,West,2,1,6
0,3,7,2,591.7864,0 1,West,2,1,6
0,3,7,1,594.8068,0 1,South,2,1,6
0,3,7,1,595.8628,0 1,East,2,1,6
0,3,7,2,596.619,0 2,East,2,1,6
0,3,7,3,597.1302,0 2,South,2,1,6
0,3,7,2,598.0162,1 2,South,2,1,6
0,3,7,1,598.8716,1 2,East,2,1,6
0,3,7,3,599.9506,1 2,South,2,1,6
0,3,7,2,600.6517,2 2,South,2,1,6
0,3,7,1,601.1833,2 2,East,2,1,6
0,3,7,2,602.1538,2 3,East,2,1,6
0,3,7,1,603.1502,2 3,North,2,1,6
0,3,7,2,603.936,1 3,North,2,1,6
0,3,7,3,605.0059,1 3,East,2,1,6
0,3,7,2,605.7239,1 4,East,2,1,6
0,3,7,6,606.12,1 4,East,2,2,6
0,3,7,3,606.5757,1 4,South,2,2,6
0,3,7,2,607.6138,2 4,South,2,2,6
0,3,7,2,608.5446,3 4,South,2,2,6
0,3,7,2,609.452,4 4,South,2,2,6
0,3,7,3,610.5928,4 4,West,2,2,6
0,3,7,2,611.377,4 3,West,2,2,6
0,3,7,2,612.4243,4 2,West,2,2,6
0,3,7,6,612.84,4 2,West,2,3,6
0,3,7,3,613.0856,4 2,North,2,3,6
0,3,7,2,613.8045,3 2,North,2,3,6
0,3,7,1,614.3835,3 2,West,2,3,6
0,3,7,2,615.228,3 1,West,2,3,6
0,3,7,3,615.7388,3 1,North,2,3,6
0,3,7,2,616.5374,2 1,North,2,3,6
0,3,7,1,617.4801,2 1,West,2,3,6
0,3,7,3,618.5535,2 1,North,2,3,6
0,3,7,2,619.2455,1 1,North,2,3,6
0,3,7,1,619.7913,1 1,West,2,3,6
0,3,7,2,620.6532,1 0,West,2,3,6
0,3,7,1,621.6788,1 0,South,2,3,6
0,3,7,2,623.1763,2 0,South,2,3,6
0,3,7,2,624.1918,3 0,South,2,3,6
0,3,7,2,625.1287,4 0,South,2,3,6
0,3,7,1,626.1361,4 0,East,2,3,6
0,3,7,1,627.4637,4 0,North,2,3,6
0,3,7,2,628.2512,3 0,North,2,3,6
0,3,7,2,629.2401,2 0,North,2,3,6
0,3,7,2,630.1677,1 0,North,2,3,6
0,3,7,3,630.7656,1 0,East,2,3,6
0,3,7,3,631.4014,1 0,South,2,3,6
0,3,7,1,632.0471,1 0,East,2,3,6
0,3,7,2,632.7656,1 1,East,2,3,6
0,3,7,3,633.2869,1 1,South,2,3,6
0,3,7,3,633.8823,1 1,West,2,3,6
0,3,7,1,634.8925,1 1,South,2,3,6
0,3,7,2,635.6,2 1,South,2,3,6
0,3,7,2,636.5908,3 1,South,2,3,6
0,3,7,1,637.4533,3 1,East,2,3,6
0,3,7,2,638.3288,3 2,East,2,3,6
0,3,7,3,639.2893,3 2,South,2,3,6
0,3,7,2,639.9344,4 2,South,2,3,6
0,3,7,1,640.5122,4 2,East,2,3,6
0,3,7,1,641.7729,4 2,North,2,3,6
0,3,7,3,642.3193,4 2,East,2,3,6
0,3,7,2,642.9113,4 3,East,2,3,6
0,3,7,2,643.8202,4 4,East,2,3,6
0,3,7,1,644.8566,4 4,North,2,3,6
0,3,7,2,645.6284,3 4,North,2,3,6
0,3,7,2,646.6354,2 4,North,2,3,6
0,3,7,2,647.2148,1 4,North,2,3,6
0,3,7,2,648.0099,0 4,North,2,3,6
0,3,7,1,648.5727,0 4,West,2,3,6
0,3,7,2,649.4492,0 3,West,2,3,6
0,3,7,6,649.86,0 3,West,2,4,6
0,3,7,1,651.3414,0 3,South,2,4,6
0,3,7,1,651.8788,0 3,East,2,4,6
0,3,7,2,653.0033,0 4,East,2,4,6
0,3,7,3,653.5612,0 4,South,2,4,6
0,3,7,2,654.413,1 4,South,2,4,6
0,3,7,3,655.3202,1 4,West,2,4,6
0,3,7,1,656.3824,1 4,South,2,4,6
0,3,7,2,656.9739,2 4,South,2,4,6
0,3,7,2,657.5154,3 4,South,2,4,6
0,3,7,2,658.4899,4 4,South,2,4,6
0,3,7,3,659.0187,4 4,West,2,4,6
0,3,7,2,659.7488,4 3,West,2,4,6
0,3,7,2,660.3335,4 2,West,2,4,6
0,3,7,3,661.0829,4 2,North,2,4,6
0,3,7,3,661.6445,4 2,East,2,4,6
0,3,7,1,662.5367,4 2,North,2,4,6
0,3,7,2,663.207,3 2,North,2,4,6
0,3,7,6,663.6,3 2,North,2,5,6
0,3,7,1,664.3322,3 2,West,2,5,6
0,3,7,3,665.4719,3 2,North,2,5,6
0,3,7,3,666.0146,3 2,East,2,5,6
0,3,7,1,667.7757,3 2,North,2,5,6
0,3,7,1,668.447,3 2,West,2,5,6
0,3,7,2,669.0715,3 1,West,2,5,6
0,3,7,3,669.7385,3 1,North,2,5,6
0,3,7,2,670.7283,2 1,North,2,5,6
0,3,7,2,671.6869,1 1,North,2,5,6
0,3,7,1,672.239,1 1,West,2,5,6
0,3,7,2,672.8757,1 0,West,2,5,6
0,3,7,1,673.5486,1 0,South,2,5,6
0,3,7,1,674.8162,1 0,East,2,5,6
0,3,7,2,675.4011,1 1,East,2,5,6
0,3,7,3,676.0314,1 1,South,2,5,6
0,3,7,2,676.7295,2 1,South,2,5,6
0,3,7,2,677.2554,3 1,South,2,5,6
0,3,7,1,677.769,3 1,East,2,5,6
0,3,7,2,678.3167,3 2,East,2,5,6
0,3,7,3,678.9523,3 2,South,2,5,6
0,3,7,2,679.5596,4 2,South,2,5,6
0,3,7,1,680.0883,4 2,East,2,5,6
0,3,7,1,680.6373,4 2,North,2,5,6
0,3,7,3,681.516,4 2,East,2,5,6
0,3,7,2,682.0584,4 3,East,2,5,6
0,3,7,2,682.7295,4 4,East,2,5,6
0,3,7,1,683.853,4 4,North,2,5,6
0,3,7,3,684.6173,4 4,East,2,5,6
0,3,7,1,685.1607,4 4,North,2,5,6
0,3,7,2,685.8217,3 4,North,2,5,6
0,3,7,2,686.5869,2 4,North,2,5,6
0,3,7,2,687.5818,1 4,North,2,5,6
0,3,7,2,688.234,0 4,North,2,5,6
0,3,7,6,688.62,0 4,North,2,6,6
0,3,7,1,689.2137,0 4,West,2,6,6
0,3,7,1,690.535,0 4,South,2,6,6
0,3,7,3,691.3365,0 4,West,2,6,6
0,3,7,1,692.1846,0 4,South,2,6,6
0,3,7,2,692.7966,1 4,South,2,6,6
0,3,7,3,693.6959,1 4,West,2,6,6
0,3,7,2,694.3328,1 3,West,2,6,6
0,3,7,1,694.8626,1 3,South,2,6,6
0,3,7,3,695.5842,1 3,West,2,6,6
0,3,7,1,696.192,1 3,South,2,6,6
0,3,7,2,696.9562,2 3,South,2,6,6
0,3,7,3,697.6316,2 3,West,2,6,6
0,3,7,2,698.2183,2 2,West,2,6,6
0,3,7,3,698.909,2 2,North,2,6,6
0,3,7,2,699.517,1 2,North,2,6,6
0,3,7,2,700.2043,0 2,North,2,6,6
0,3,7,1,700.8942,0 2,West,2,6,6
0,3,7,1,701.4512,0 2,South,2,6,6
0,3,7,2,702.311,1 2,South,2,6,6
0,3,7,2,702.9715,2 2,South,2,6,6
0,3,7,1,703.5606,2 2,East,2,6,6
0,3,7,2,704.3517,2 3,East,2,6,6
0,3,7,1,704.9877,2 3,North,2,6,6
0,3,7,2,705.5915,1 3,North,2,6,6
0,3,7,3,706.2819,1 3,East,2,6,6
0,3,7,2,707.0061,1 4,East,2,6,6
0,3,7,1,707.5316,1 4,North,2,6,6
0,3,7,2,708.392,0 4,North,2,6,6
0,3,7,1,708.9762,0 4,West,2,6,6
0,3,7,2,709.6599,0 3,West,2,6,6
0,3,7,1,711.177,0 3,South,2,6,6
0,3,7,1,712.2166,0 3,East,2,6,6
0,3,7,2,712.8737,0 4,East,2,6,6
0,3,7,3,713.7507,0 4,South,2,6,6
0,3,7,2,714.3798,1 4,South,2,6,6
0,3,7,2,714.9198,2 4,South,2,6,6
0,3,7,2,715.4837,3 4,South,2,6,6
0,3,7,2,716.0154,4 4,South,2,6,6
0,3,7,3,716.5446,4 4,West,2,6,6
0,3,7,3,717.1022,4 4,North,2,6,6
0,3,7,1,717.6446,4 4,West,2,6,6
0,3,7,2,718.3278,4 3,West,2,6,6
0,3,7,3,719.0222,4 3,North,2,6,6
0,3,7,1,719.8848,4 3,West,2,6,6
0,3,7,2,720.4326,4 2,West,2,6,6
0,3,7,3,720.9859,4 2,North,2,6,6
0,3,7,2,721.5157,3 2,North,2,6,6
0,3,7,1,722.0446,3 2,West,2,6,6
0,3,7,2,722.7999,3 1,West,2,6,6
0,3,7,3,723.5011,3 1,North,2,6,6
0,3,7,2,724.188,2 1,North,2,6,6
0,3,7,2,724.7126,1 1,North,2,6,6
0,3,7,1,725.3549,1 1,West,2,6,6
0,3,7,1,725.9172,1 1,South,2,6,6
0,3,7,3,726.4761,1 1,West,2,6,6
0,3,7,2,726.989,1 0,West,2,6,6
0,3,7,1,727.5797,1 0,South,2,6,6
0,3,7,2,728.1376,2 0,South,2,6,6
0,3,7,6,728.52,2 0,South,2,7,6
0,3,7,2,728.7659,3 0,South,2,7,6
0,3,7,1,731.0969,3 0,East,2,7,6
0,3,7,1,731.7401,3 0,North,2,7,6
0,3,7,2,732.3825,2 0,North,2,7,6
0,3,7,2,732.9426,1 0,North,2,7,6
0,3,7,3,733.6169,1 0,East,2,7,6
0,3,7,2,734.1667,1 1,East,2,7,6
0,3,7,3,734.7504,1 1,South,2,7,6
0,3,7,2,735.4385,2 1,South,2,7,6
0,3,7,2,736.128,3 1,South,2,7,6
0,3,7,1,736.8123,3 1,East,2,7,6
0,3,7,2,737.4193,3 2,East,2,7,6
0,3,7,3,738.0139,3 2,South,2,7,6
0,3,7,2,738.5738,4 2,South,2,7,6
0,3,7,1,739.2331,4 2,East,2,7,6
0,3,7,1,739.7888,4 2,North,2,7,6
0,3,7,3,740.3306,4 2,East,2,7,6
0,3,7,2,741.0037,4 3,East,2,7,6
0,3,7,2,741.5331,4 4,East,2,7,6
0,3,7,1,742.1996,4 4,North,2,7,6
0,3,7,1,742.7939,4 4,West,2,7,6
0,3,7,3,743.4787,4 4,North,2,7,6
0,3,7,2,744.0587,3 4,North,2,7,6
0,3,7,2,744.7205,2 4,North,2,7,6
0,3,7,1,745.3393,2 4,West,2,7,6
0,3,7,3,745.993,2 4,North,2,7,6
0,3,7,2,746.7351,1 4,North,2,7,6
0,3,7,1,747.2896,1 4,West,2,7,6
0,3,7,2,748.0787,1 3,West,2,7,6
0,3,7,1,748.6984,1 3,South,2,7,6
0,3,7,2,749.533,2 3,South,2,7,6
0,3,7,3,750.1928,2 3,West,2,7,6
0,3,7,2,750.8242,2 2,West,2,7,6
0,3,7,3,751.3346,2 2,North,2,7,6
0,3,7,2,752.1609,1 2,North,2,7,6
0,3,7,2,752.8433,0 2,North,2,7,6
0,3,7,1,753.399,0 2,West,2,7,6
0,3,7,2,753.9177,0 1,West,2,7,6
0,3,7,6,754.34,0 1,West,2,8,6
3,3,7,2,757.8853,3 4,North,2,0,0
3,3,7,2,759.0553,2 4,North,2,0,0
3,3,7,1,760.0231,2 4,North,2,0,1
3,3,7,2,761.3091,1 4,North,2,0,1
3,3,7,2,763.0703,0 4,North,2,0,1
3,3,7,4,763.613,1 4,North,2,0,1
3,3,7,4,764.6002,2 4,North,2,0,1
3,3,7,4,765.6629,3 4,North,2,0,1
3,3,7,4,766.8255,4 4,North,2,0,1
3,3,7,1,767.4532,4 3,North,2,0,1
3,3,7,2,768.8599,4 3,North,2,0,2
3,3,7,1,769.3677,4 2,North,2,0,2
3,3,7,1,770.4742,4 2,North,2,0,3
3,3,7,2,770.9841,3 2,North,2,0,3
3,3,7,2,772.0413,3 2,North,2,0,4
3,3,7,1,772.593,3 1,North,2,0,4
3,3,7,1,773.5938,3 1,North,2,0,5
3,3,7,2,774.0305,2 1,North,2,0,5
3,3,7,1,774.695,2 1,North,2,0,6
3,3,7,1,775.2311,2 1,North,2,0,7
3,3,7,4,776.0129,3 1,North,2,0,7
3,3,7,1,776.9734,3 1,North,2,0,8
3,3,7,3,777.4662,3 2,North,2,0,8
3,3,7,2,778.074,3 2,North,2,0,9
3,3,7,2,778.865,3 2,North,2,0,10
3,3,7,4,779.4227,4 2,North,2,0,10
3,3,7,3,780.3344,4 3,North,2,0,10
3,3,7,3,781.3439,4 4,North,2,0,10
3,3,7,2,782.1554,3 4,North,2,0,10
3,3,7,2,783.0342,2 4,North,2,0,10
3,3,7,2,783.8391,1 4,North,2,0,10
3,3,7,2,784.8076,0 4,North,2,0,10
3,3,7,2,785.9469,0 4,North,2,0,10
3,3,7,1,786.2653,0 3,North,2,0,10
3,3,7,1,787.2144,0 3,North,2,0,11
3,3,7,4,787.8994,0 3,North,2,0,12
3,3,7,3,789.0003,0 4,North,2,0,12
3,3,7,4,789.8182,1 4,North,2,0,12
3,3,7,4,790.9855,2 4,North,2,0,12
3,3,7,1,791.673,2 4,North,2,0,13
3,3,7,2,792.3806,1 4,North,2,0,13
3,3,7,1,793.3842,1 3,North,2,0,13
3,3,7,4,794.4799,2 3,North,2,0,13
3,3,7,1,795.5427,2 2,North,2,0,13
3,3,7,2,796.5897,1 2,North,2,0,13
3,3,7,1,797.5033,1 2,North,2,0,14
3,3,7,4,798.0638,2 2,North,2,0,14
3,3,7,1,799.097,2 2,North,2,0,15
3,3,7,4,800.2503,2 2,North,2,0,16
3,3,7,3,800.9196,2 3,North,2,0,16
3,3,7,2,801.4529,1 3,North,2,0,16
3,3,7,1,802.1758,1 3,North,2,0,17
3,3,7,2,803.0856,1 3,North,2,0,18
3,3,7,3,803.7234,1 4,North,2,0,18
3,3,7,4,805.6931,2 4,North,2,0,18
3,3,7,4,806.7363,3 4,North,2,0,18
3,3,7,1,807.499,3 4,North,2,0,19
3,3,7,4,808.7049,4 4,North,2,0,19
3,3,7,1,809.5947,4 3,North,2,0,19
3,3,7,1,810.6309,4 2,North,2,0,19
3,3,7,4,811.3857,4 2,North,2,0,19
3,3,7,2,811.7914,3 2,North,2,0,19
3,3,7,1,812.9861,3 1,North,2,0,19
3,3,7,1,814.7612,3 1,North,2,0,20
3,3,7,2,815.3258,2 1,North,2,0,20
3,3,7,1,816.0964,2 1,North,2,0,21
3,3,7,2,816.9129,1 1,North,2,0,21
3,3,7,1,817.9015,1 0,North,2,0,21
3,3,7,4,818.7802,2 0,North,2,0,21
3,3,7,6,819.14,2 0,North,2,1,21
3,3,7,2,819.6584,1 0,North,2,1,21
3,3,7,3,820.3456,1 1,North,2,1,21
3,3,7,4,820.9365,2 1,North,2,1,21
3,3,7,3,821.6761,2 1,North,2,1,22
3,3,7,2,822.9828,1 1,North,2,1,22
3,3,7,3,824.0764,1 1,North,2,1,23
3,3,7,2,824.7462,1 1,North,2,1,24
3,3,7,4,825.5201,2 1,North,2,1,24
3,3,7,4,826.4131,3 1,North,2,1,24
3,3,7,3,826.9855,3 2,North,2,1,24
3,3,7,3,828.2157,3 3,North,2,1,24
3,3,7,3,829.1993,3 3,North,2,1,25
3,3,7,2,830.0309,3 3,North,2,1,26
3,3,7,4,830.4916,3 3,North,2,1,27
3,3,7,4,831.1485,3 3,North,2,1,28
3,3,7,2,831.8159,3 3,North,2,1,29
3,3,7,1,832.5029,3 2,North,2,1,29
3,3,7,2,833.0522,3 2,North,2,1,30
3,3,7,2,833.6443,3 2,North,2,1,31
3,3,7,4,834.0278,4 2,North,2,1,31
3,3,7,3,834.7197,4 3,North,2,1,31
3,3,7,3,835.7047,4 4,North,2,1,31
3,3,7,2,836.5378,3 4,North,2,1,31
3,3,7,2,837.2803,2 4,North,2,1,31
3,3,7,2,838.1301,1 4,North,2,1,31
3,3,7,2,839.1658,0 4,North,2,1,31
3,3,7,6,839.54,0 4,North,2,2,31
3,3,7,2,839.7755,0 4,North,2,2,31
3,3,7,4,840.1075,1 4,North,2,2,31
3,3,7,4,840.8431,2 4,North,2,2,31
3,3,7,4,841.6436,3 4,North,2,2,31
3,3,7,4,842.1887,4 4,North,2,2,31
3,3,7,4,842.716,4 4,North,2,2,31
3,3,7,4,842.9072,4 4,North,2,2,31
3,3,7,1,843.0864,4 3,North,2,2,31
3,3,7,1,843.6278,4 2,North,2,2,31
3,3,7,6,844.04,4 2,North,2,3,31
3,3,7,3,844.5109,4 3,North,2,3,31
3,3,7,3,845.0397,4 4,North,2,3,31
3,3,7,3,845.6713,4 4,North,2,3,31
3,3,7,2,845.9028,3 4,North,2,3,31
3,3,7,2,846.4263,2 4,North,2,3,31
3,3,7,2,847.024,1 4,North,2,3,31
3,3,7,6,847.42,1 4,North,2,4,31
3,3,7,2,847.6279,0 4,North,2,4,31
3,3,7,4,848.3041,1 4,North,2,4,31
3,3,7,4,848.8807,2 4,North,2,4,31
3,3,7,4,849.4412,3 4,North,2,4,31
3,3,7,4,850.0083,4 4,North,2,4,31
3,3,7,1,850.7048,4 3,North,2,4,31
3,3,7,1,851.2281,4 2,North,2,4,31
3,3,7,2,851.809,3 2,North,2,4,31
3,3,7,6,852.2,3 2,North,2,5,31
3,3,7,2,852.3942,3 2,North,2,5,32
3,3,7,4,853.1437,4 2,North,2,5,32
3,3,7,1,854.2036,4 2,North,2,5,33
3,3,7,2,854.7959,3 2,North,2,5,33
3,3,7,1,855.4808,3 1,North,2,5,33
3,3,7,1,856.3669,3 1,North,2,5,34
3,3,7,2,856.9896,2 1,North,2,5,34
3,3,7,1,858.0714,2 1,North,2,5,35
3,3,7,4,858.8325,3 1,North,2,5,35
3,3,7,1,859.4209,3 1,North,2,5,36
3,3,7,4,860.1382,3 1,North,2,5,37
3,3,7,3,860.9095,3 2,North,2,5,37
3,3,7,2,861.9304,3 2,North,2,5,38
3,3,7,1,862.6901,3 1,North,2,5,38
3,3,7,2,863.2068,2 1,North,2,5,38
3,3,7,1,863.9932,2 1,North,2,5,39
3,3,7,2,865.0869,1 1,North,2,5,39
3,3,7,1,866.138,1 0,North,2,5,39
3,3,7,4,866.9398,2 0,North,2,5,39
3,3,7,4,867.6125,3 0,North,2,5,39
3,3,7,6,867.98,3 0,North,2,6,39
3,3,7,2,868.4117,2 0,North,2,6,39
3,3,7,2,869.291,1 0,North,2,6,39
3,3,7,3,870.4622,1 1,North,2,6,39
3,3,7,4,871.4351,2 1,North,2,6,39
3,3,7,3,872.0098,2 1,North,2,6,40
3,3,7,4,872.8562,3 1,North,2,6,40
3,3,7,3,873.53,3 2,North,2,6,40
3,3,7,2,874.2701,3 2,North,2,6,41
3,3,7,1,874.955,3 1,North,2,6,41
3,3,7,3,876.3342,3 2,North,2,6,41
3,3,7,4,877.5507,4 2,North,2,6,41
3,3,7,3,878.6956,4 3,North,2,6,41
3,3,7,3,879.5198,4 4,North,2,6,41
3,3,7,2,880.3531,3 4,North,2,6,41
3,3,7,2,881.2969,2 4,North,2,6,41
3,3,7,1,881.9443,2 4,North,2,6,42
3,3,7,2,883.2816,1 4,North,2,6,42
3,3,7,1,884.2046,1 3,North,2,6,42
3,3,7,4,885.4471,2 3,North,2,6,42
3,3,7,1,886.1354,2 2,North,2,6,42
3,3,7,6,886.54,2 2,North,2,7,42
3,3,7,2,887.1035,1 2,North,2,7,42
3,3,7,6,887.48,1 2,North,2,8,42
0,3,8,2,891.1311,3 4,North,2,0,42
0,3,8,2,892.1187,2 4,North,2,0,42
0,3,8,2,893.1013,1 4,North,2,0,42
0,3,8,1,894.825,1 4,West,2,0,42
0,3,8,1,896.1207,1 4,South,2,0,42
0,3,8,3,896.7445,1 4,West,2,0,42
0,3,8,2,897.3067,1 3,West,2,0,42
0,3,8,1,897.8987,1 3,South,2,0,42
0,3,8,2,898.5517,2 3,South,2,0,42
0,3,8,3,899.6266,2 3,West,2,0,42
0,3,8,2,900.3527,2 2,West,2,0,42
0,3,8,3,900.8914,2 2,North,2,0,42
0,3,8,2,901.6878,1 2,North,2,0,42
0,3,8,1,902.6011,1 2,West,2,0,42
0,3,8,3,903.689,1 2,North,2,0,42
0,3,8,2,904.2026,0 2,North,2,0,42
0,3,8,1,904.7935,0 2,West,2,0,42
0,3,8,2,905.4335,0 1,West,2,0,42
0,3,8,1,907.5602,0 1,South,2,0,42
0,3,8,1,908.5068,0 1,East,2,0,42
0,3,8,2,909.0884,0 2,East,2,0,42
0,3,8,3,909.6624,0 2,South,2,0,42
0,3,8,2,910.4283,1 2,South,2,0,42
0,3,8,2,911.438,2 2,South,2,0,42
0,3,8,1,912.4946,2 2,East,2,0,42
0,3,8,2,913.1811,2 3,East,2,0,42
0,3,8,1,913.7285,2 3,North,2,0,42
0,3,8,2,914.3459,1 3,North,2,0,42
0,3,8,3,915.3533,1 3,East,2,0,42
0,3,8,2,915.9827,1 4,East,2,0,42
0,3,8,3,916.7748,1 4,South,2,0,42
0,3,8,3,917.3091,1 4,West,2,0,42
0,3,8,1,917.8188,1 4,South,2,0,42
0,3,8,2,918.9122,2 4,South,2,0,42
0,3,8,2,919.7521,3 4,South,2,0,42
0,3,8,2,920.7027,4 4,South,2,0,42
0,3,8,3,921.7266,4 4,West,2,0,42
0,3,8,2,922.3197,4 3,West,2,0,42
0,3,8,2,922.9199,4 2,West,2,0,42
0,3,8,3,923.6943,4 2,North,2,0,42
0,3,8,1,924.5051,4 2,West,2,0,42
0,3,8,3,925.1017,4 2,North,2,0,42
0,3,8,2,925.8304,3 2,North,2,0,42
0,3,8,3,926.4894,3 2,East,2,0,42
0,3,8,2,927.0474,3 3,East,2,0,42
0,3,8,6,927.46,3 3,East,2,1,42
0,3,8,1,928.4432,3 3,North,2,1,42
0,3,8,1,929.7213,3 3,West,2,1,42
0,3,8,2,930.43,3 2,West,2,1,42
0,3,8,2,931.0161,3 1,West,2,1,42
0,3,8,3,931.6242,3 1,North,2,1,42
0,3,8,2,932.283,2 1,North,2,1,42
0,3,8,2,933.0488,1 1,North,2,1,42
0,3,8,1,934.0424,1 1,West,2,1,42
0,3,8,2,934.6814,1 0,West,2,1,42
0,3,8,1,935.3762,1 0,South,2,1,42
0,3,8,2,936.2638,2 0,South,2,1,42
0,3,8,2,937.192,3 0,South,2,1,42
0,3,8,2,937.7451,4 0,South,2,1,42
0,3,8,6,938.12,4 0,South,2,2,42
0,3,8,1,938.6172,4 0,East,2,2,42
0,3,8,1,939.8387,4 0,North,2,2,42
0,3,8,2,940.4299,3 0,North,2,2,42
0,3,8,2,941.3876,2 0,North,2,2,42
0,3,8,2,941.959,1 0,North,2,2,42
0,3,8,3,942.4755,1 0,East,2,2,42
0,3,8,2,943.0541,1 1,East,2,2,42
0,3,8,3,943.7266,1 1,South,2,2,42
0,3,8,2,944.4146,2 1,South,2,2,42
0,3,8,2,944.9715,3 1,South,2,2,42
0,3,8,6,945.34,3 1,South,2,3,42
0,3,8,1,945.646,3 1,East,2,3,42
0,3,8,3,946.3464,3 1,South,2,3,42
0,3,8,1,946.9056,3 1,East,2,3,42
0,3,8,2,947.5684,3 2,East,2,3,42
0,3,8,3,948.3817,3 2,South,2,3,42
0,3,8,3,949.0363,3 2,West,2,3,42
0,3,8,1,949.6237,3 2,South,2,3,42
0,3,8,2,950.4072,4 2,South,2,3,42
0,3,8,1,950.9882,4 2,East,2,3,42
0,3,8,1,951.7509,4 2,North,2,3,42
0,3,8,3,952.3516,4 2,East,2,3,42
0,3,8,2,952.9879,4 3,East,2,3,42
0,3,8,2,953.9455,4 4,East,2,3,42
0,3,8,1,954.6204,4 4,North,2,3,42
0,3,8,2,955.361,3 4,North,2,3,42
0,3,8,2,955.9614,2 4,North,2,3,42
0,3,8,2,956.7828,1 4,North,2,3,42
0,3,8,1,957.3395,1 4,West,2,3,42
0,3,8,2,958.1113,1 3,West,2,3,42
0,3,8,1,958.6821,1 3,South,2,3,42
0,3,8,2,959.3683,2 3,South,2,3,42
0,3,8,3,960.0271,2 3,West,2,3,42
0,3,8,2,960.5863,2 2,West,2,3,42
0,3,8,3,961.2952,2 2,North,2,3,42
0,3,8,2,961.9333,1 2,North,2,3,42
0,3,8,2,962.5235,0 2,North,2,3,42
0,3,8,1,963.0829,0 2,West,2,3,42
0,3,8,2,963.7265,0 1,West,2,3,42
0,3,8,1,964.4394,0 1,South,2,3,42
0,3,8,1,965.8035,0 1,East,2,3,42
0,3,8,2,966.4771,0 2,East,2,3,42
0,3,8,3,967.0569,0 2,South,2,3,42
0,3,8,2,967.8237,1 2,South,2,3,42
0,3,8,2,968.5058,2 2,South,2,3,42
0,3,8,1,969.1785,2 2,East,2,3,42
0,3,8,2,969.9436,2 3,East,2,3,42
0,3,8,1,970.542,2 3,North,2,3,42
0,3,8,2,971.1199,1 3,North,2,3,42
0,3,8,3,971.8336,1 3,East,2,3,42
0,3,8,2,972.3435,1 4,East,2,3,42
0,3,8,1,972.9272,1 4,North,2,3,42
0,3,8,1,973.4678,1 4,West,2,3,42
0,3,8,3,974.1101,1 4,North,2,3,42
0,3,8,2,974.7818,0 4,North,2,3,42
0,3,8,1,975.4066,0 4,West,2,3,42
0,3,8,2,976.0637,0 3,West,2,3,42
0,3,8,1,977.6104,0 3,South,2,3,42
0,3,8,1,978.2498,0 3,East,2,3,42
0,3,8,2,978.873,0 4,East,2,3,42
0,3,8,3,979.45,0 4,South,2,3,42
0,3,8,2,980.0488,1 4,South,2,3,42
0,3,8,2,980.6207,2 4,South,2,3,42
0,3,8,2,981.2562,3 4,South,2,3,42
0,3,8,2,981.8665,4 4,South,2,3,42
0,3,8,3,982.5199,4 4,West,2,3,42
0,3,8,2,983.0845,4 3,West,2,3,42
0,3,8,2,983.7115,4 2,West,2,3,42
0,3,8,3,984.2656,4 2,North,2,3,42
0,3,8,2,984.8438,3 2,North,2,3,42
0,3,8,1,985.4225,3 2,West,2,3,42
0,3,8,2,985.9937,3 1,West,2,3,42
0,3,8,3,986.5698,3 1,North,2,3,42
0,3,8,3,987.1525,3 1,East,2,3,42
0,3,8,1,987.7435,3 1,North,2,3,42
0,3,8,2,988.4304,2 1,North,2,3,42
0,3,8,2,988.975,1 1,North,2,3,42
0,3,8,1,989.5815,1 1,West,2,3,42
0,3,8,2,990.1418,1 0,West,2,3,42
0,3,8,6,990.56,1 0,West,2,4,42
0,3,8,2,990.7001,1 0,West,2,4,42
0,3,8,1,991.9117,1 0,South,2,4,42
0,3,8,1,992.6734,1 0,East,2,4,42
0,3,8,2,993.2135,1 1,East,2,4,42
0,3,8,3,993.7421,1 1,South,2,4,42
0,3,8,2,994.3128,2 1,South,2,4,42
0,3,8,2,994.8562,3 1,South,2,4,42
0,3,8,1,995.5511,3 1,East,2,4,42
0,3,8,2,996.1113,3 2,East,2,4,42
0,3,8,3,996.6389,3 2,South,2,4,42
0,3,8,2,997.1992,4 2,South,2,4,42
0,3,8,1,997.7602,4 2,East,2,4,42
0,3,8,1,998.3328,4 2,North,2,4,42
0,3,8,3,998.9031,4 2,East,2,4,42
0,3,8,2,999.5759,4 3,East,2,4,42
0,3,8,2,1000.124,4 4,East,2,4,42
0,3,8,1,1000.714,4 4,North,2,4,42
0,3,8,2,1001.289,3 4,North,2,4,42
0,3,8,2,1001.833,2 4,North,2,4,42
0,3,8,2,1002.44,1 4,North,2,4,42
0,3,8,2,1003.288,0 4,North,2,4,42
0,3,8,1,1003.849,0 4,West,2,4,42
0,3,8,1,1004.801,0 4,South,2,4,42
0,3,8,2,1005.479,1 4,South,2,4,42
0,3,8,3,1006.088,1 4,West,2,4,42
0,3,8,2,1006.737,1 3,West,2,4,42
0,3,8,1,1007.279,1 3,South,2,4,42
0,3,8,2,1007.848,2 3,South,2,4,42
0,3,8,3,1008.538,2 3,West,2,4,42
0,3,8,2,1009.341,2 2,West,2,4,42
0,3,8,2,1009.928,2 2,West,2,4,42
0,3,8,3,1010.217,2 2,North,2,4,42
0,3,8,3,1010.813,2 2,East,2,4,42
0,3,8,1,1011.372,2 2,North,2,4,42
0,3,8,2,1012.175,1 2,North,2,4,42
0,3,8,2,1013.212,0 2,North,2,4,42
0,3,8,6,1013.6,0 2,North,2,5,42
0,3,8,2,1015.131,0 2,North,2,5,42
0,3,8,1,1015.469,0 2,West,2,5,42
0,3,8,1,1016.632,0 2,South,2,5,42
0,3,8,2,1017.449,1 2,South,2,5,42
0,3,8,2,1018.345,2 2,South,2,5,42
0,3,8,1,1018.988,2 2,East,2,5,42
0,3,8,2,1019.833,2 3,East,2,5,42
0,3,8,1,1020.408,2 3,North,2,5,42
0,3,8,2,1021.181,1 3,North,2,5,42
0,3,8,3,1021.705,1 3,East,2,5,42
0,3,8,2,1022.367,1 4,East,2,5,42
0,3,8,3,1023.167,1 4,South,2,5,42
0,3,8,2,1023.74,2 4,South,2,5,42
0,3,8,6,1024.12,2 4,South,2,6,42
0,3,8,3,1024.556,2 4,West,2,6,42
0,3,8,1,1025.085,2 4,South,2,6,42
0,3,8,1,1026.49,2 4,East,2,6,42
0,3,8,1,1027.624,2 4,North,2,6,42
0,3,8,2,1028.414,1 4,North,2,6,42
0,3,8,1,1029.402,1 4,West,2,6,42
0,3,8,3,1029.985,1 4,North,2,6,42
0,3,8,1,1031.322,1 4,West,2,6,42
0,3,8,2,1032.267,1 3,West,2,6,42
0,3,8,1,1032.871,1 3,South,2,6,42
0,3,8,2,1033.64,2 3,South,2,6,42
0,3,8,3,1034.186,2 3,West,2,6,42
0,3,8,2,1034.908,2 2,West,2,6,42
0,3,8,3,1035.45,2 2,North,2,6,42
0,3,8,2,1036.095,1 2,North,2,6,42
0,3,8,1,1036.976,1 2,West,2,6,42
0,3,8,3,1038.039,1 2,North,2,6,42
0,3,8,2,1038.815,0 2,North,2,6,42
0,3,8,1,1039.513,0 2,West,2,6,42
0,3,8,1,1040.345,0 2,South,2,6,42
0,3,8,2,1041.04,1 2,South,2,6,42
0,3,8,2,1042.045,2 2,South,2,6,42
0,3,8,1,1042.583,2 2,East,2,6,42
0,3,8,2,1043.272,2 3,East,2,6,42
0,3,8,1,1044.346,2 3,North,2,6,42
0,3,8,2,1044.891,1 3,North,2,6,42
0,3,8,3,1045.481,1 3,East,2,6,42
0,3,8,2,1046.123,1 4,East,2,6,42
0,3,8,3,1046.687,1 4,South,2,6,42
0,3,8,2,1047.373,2 4,South,2,6,42
0,3,8,2,1048.35,3 4,South,2,6,42
0,3,8,2,1049.374,4 4,South,2,6,42
0,3,8,3,1050.395,4 4,West,2,6,42
0,3,8,2,1051.116,4 3,West,2,6,42
0,3,8,2,1051.959,4 2,West,2,6,42
0,3,8,3,1052.495,4 2,North,2,6,42
0,3,8,2,1053.213,3 2,North,2,6,42
0,3,8,1,1054.313,3 2,West,2,6,42
0,3,8,2,1054.91,3 1,West,2,6,42
0,3,8,3,1055.533,3 1,North,2,6,42
0,3,8,2,1056.186,2 1,North,2,6,42
0,3,8,2,1057.216,1 1,North,2,6,42
0,3,8,6,1057.6,1 1,North,2,7,42
0,3,8,1,1058.398,1 1,West,2,7,42
0,3,8,2,1058.936,1 0,West,2,7,42
0,3,8,1,1059.502,1 0,South,2,7,42
0,3,8,2,1060.14,2 0,South,2,7,42
0,3,8,2,1061.166,3 0,South,2,7,42
0,3,8,2,1062.187,4 0,South,2,7,42
0,3,8,1,1063.256,4 0,East,2,7,42
0,3,8,2,1063.884,4 1,East,2,7,42
0,3,8,1,1065.402,4 1,North,2,7,42
0,3,8,1,1066.312,4 1,West,2,7,42
0,3,8,2,1066.896,4 0,West,2,7,42
0,3,8,3,1067.423,4 0,North,2,7,42
0,3,8,2,1068.093,3 0,North,2,7,42
0,3,8,2,1068.968,2 0,North,2,7,42
0,3,8,2,1070.028,1 0,North,2,7,42
0,3,8,3,1070.575,1 0,East,2,7,42
0,3,8,2,1071.16,1 1,East,2,7,42
0,3,8,3,1071.708,1 1,South,2,7,42
0,3,8,2,1072.331,2 1,South,2,7,42
0,3,8,2,1073.117,3 1,South,2,7,42
0,3,8,1,1074.16,3 1,East,2,7,42
0,3,8,2,1075.005,3 2,East,2,7,42
0,3,8,3,1075.947,3 2,South,2,7,42
0,3,8,2,1077.016,4 2,South,2,7,42
0,3,8,1,1077.63,4 2,East,2,7,42
0,3,8,2,1078.3,4 3,East,2,7,42
0,3,8,2,1079.084,4 4,East,2,7,42
0,3,8,1,1079.629,4 4,North,2,7,42
0,3,8,2,1080.239,3 4,North,2,7,42
0,3,8,2,1080.862,2 4,North,2,7,42
0,3,8,2,1081.599,1 4,North,2,7,42
0,3,8,1,1082.139,1 4,West,2,7,42
0,3,8,2,1082.762,1 3,West,2,7,42
0,3,8,1,1083.417,1 3,South,2,7,42
0,3,8,2,1083.982,2 3,South,2,7,42
0,3,8,3,1084.877,2 3,West,2,7,42
0,3,8,2,1086.063,2 2,West,2,7,42
0,3,8,3,1086.584,2 2,North,2,7,42
0,3,8,2,1087.488,1 2,North,2,7,42
0,3,8,6,1087.88,1 2,North,2,8,42
3,3,8,1,1093.615,4 3,North,2,0,0
3,3,8,1,1094.655,4 2,North,2,0,0
3,3,8,1,1095.658,4 2,North,2,0,1
3,3,8,2,1096.27,3 2,North,2,0,1
3,3,8,1,1096.881,3 1,North,2,0,1
3,3,8,1,1097.71,3 1,North,2,0,2
3,3,8,4,1098.297,3 1,North,2,0,3
3,3,8,3,1099.129,3 2,North,2,0,3
3,3,8,4,1100.288,4 2,North,2,0,3
3,3,8,1,1100.848,4 2,North,2,0,4
3,3,8,2,1101.991,3 2,North,2,0,4
3,3,8,2,1102.991,3 2,North,2,0,5
3,3,8,4,1103.904,4 2,North,2,0,5
3,3,8,1,1104.856,4 2,North,2,0,6
3,3,8,3,1105.801,4 3,North,2,0,6
3,3,8,3,1106.912,4 4,North,2,0,6
3,3,8,2,1107.968,3 4,North,2,0,6
3,3,8,2,1111.721,2 4,North,2,0,6
3,3,8,4,1113.64,3 4,North,2,0,6
3,3,8,1,1114.161,3 4,North,2,0,7
3,3,8,4,1115.463,4 4,North,2,0,7
3,3,8,1,1116.574,4 3,North,2,0,7
3,3,8,1,1117.52,4 2,North,2,0,7
3,3,8,2,1119.273,3 2,North,2,0,7
3,3,8,1,1120.112,3 1,North,2,0,7
3,3,8,4,1121.531,3 1,North,2,0,8
3,3,8,1,1122.287,3 1,North,2,0,9
3,3,8,2,1122.736,2 1,North,2,0,9
3,3,8,1,1123.342,2 1,North,2,0,10
3,3,8,4,1124.253,3 1,North,2,0,10
3,3,8,1,1125.034,3 1,North,2,0,11
3,3,8,3,1125.592,3 2,North,2,0,11
3,3,8,2,1126.127,3 2,North,2,0,12
3,3,8,2,1126.651,3 2,North,2,0,13
3,3,8,4,1127.177,4 2,North,2,0,13
3,3,8,1,1128.19,4 2,North,2,0,14
3,3,8,2,1129.161,3 2,North,2,0,14
3,3,8,1,1130.345,3 1,North,2,0,14
3,3,8,1,1131.369,3 1,North,2,0,15
3,3,8,4,1132.127,3 1,North,2,0,16
3,3,8,2,1133.184,2 1,North,2,0,16
3,3,8,1,1134.076,2 1,North,2,0,17
3,3,8,2,1134.764,1 1,North,2,0,17
3,3,8,1,1135.457,1 0,North,2,0,17
3,3,8,4,1136.332,2 0,North,2,0,17
3,3,8,4,1137.13,3 0,North,2,0,17
3,3,8,4,1137.832,4 0,North,2,0,17
3,3,8,6,1138.2,4 0,North,2,1,17
3,3,8,2,1138.7,3 0,North,2,1,17
3,3,8,2,1139.69,2 0,North,2,1,17
3,3,8,2,1140.529,1 0,North,2,1,17
3,3,8,3,1141.369,1 1,North,2,1,17
3,3,8,3,1142.157,1 1,North,2,1,18
3,3,8,4,1142.866,2 1,North,2,1,18
3,3,8,3,1143.388,2 1,North,2,1,19
3,3,8,3,1143.887,2 1,North,2,1,20
3,3,8,2,1144.264,1 1,North,2,1,20
3,3,8,2,1145.29,1 1,North,2,1,21
3,3,8,4,1146.528,2 1,North,2,1,21
3,3,8,3,1147.04,2 1,North,2,1,22
3,3,8,4,1147.935,3 1,North,2,1,22
3,3,8,3,1148.825,3 2,North,2,1,22
3,3,8,2,1149.565,3 2,North,2,1,23
3,3,8,3,1150.281,3 3,North,2,1,23
3,3,8,3,1151.005,3 3,North,2,1,24
3,3,8,1,1152.044,3 2,North,2,1,24
3,3,8,2,1152.944,3 2,North,2,1,25
3,3,8,4,1153.679,4 2,North,2,1,25
3,3,8,4,1154.808,4 2,North,2,1,25
3,3,8,3,1155.32,4 3,North,2,1,25
3,3,8,3,1156.274,4 4,North,2,1,25
3,3,8,2,1157.18,3 4,North,2,1,25
3,3,8,2,1158.138,2 4,North,2,1,25
3,3,8,2,1158.978,1 4,North,2,1,25
3,3,8,2,1159.981,0 4,North,2,1,25
3,3,8,1,1161.081,0 3,North,2,1,25
3,3,8,1,1162.092,0 3,North,2,1,26
3,3,8,4,1162.781,0 3,North,2,1,27
3,3,8,3,1163.56,0 4,North,2,1,27
3,3,8,4,1164.093,1 4,North,2,1,27
3,3,8,1,1164.826,1 3,North,2,1,27
3,3,8,1,1165.849,1 3,North,2,1,28
3,3,8,4,1166.56,2 3,North,2,1,28
3,3,8,1,1167.466,2 2,North,2,1,28
3,3,8,2,1168.169,1 2,North,2,1,28
3,3,8,6,1168.56,1 2,North,2,2,28
3,3,8,4,1169.138,2 2,North,2,2,28
3,3,8,3,1169.741,2 3,North,2,2,28
3,3,8,3,1170.749,2 3,North,2,2,29
3,3,8,2,1171.4,1 3,North,2,2,29
3,3,8,3,1172.305,1 4,North,2,2,29
3,3,8,4,1173.032,2 4,North,2,2,29
3,3,8,6,1173.4,2 4,North,2,3,29
3,3,8,2,1173.998,1 4,North,2,3,29
3,3,8,2,1175.053,0 4,North,2,3,29
3,3,8,1,1175.918,0 3,North,2,3,29
3,3,8,1,1176.813,0 3,North,2,3,30
3,3,8,4,1177.499,0 3,North,2,3,31
3,3,8,3,1178.048,0 4,North,2,3,31
3,3,8,4,1178.878,1 4,North,2,3,31
3,3,8,4,1179.698,2 4,North,2,3,31
3,3,8,1,1180.296,2 4,North,2,3,32
3,3,8,2,1180.97,1 4,North,2,3,32
3,3,8,1,1181.93,1 3,North,2,3,32
3,3,8,2,1183.422,1 3,North,2,3,33
3,3,8,1,1184.282,1 3,North,2,3,34
3,3,8,4,1184.927,2 3,North,2,3,34
3,3,8,1,1185.484,2 2,North,2,3,34
3,3,8,1,1186.155,2 2,North,2,3,35
3,3,8,1,1187.112,2 2,North,2,3,36
3,3,8,2,1187.561,1 2,North,2,3,36
3,3,8,2,1188.456,0 2,North,2,3,36
3,3,8,6,1188.84,0 2,North,2,4,36
3,3,8,1,1189.692,0 1,North,2,4,36
3,3,8,4,1190.716,0 1,North,2,4,37
3,3,8,1,1191.626,0 0,North,2,4,37
3,3,8,4,1192.137,0 0,North,2,4,38
3,3,8,3,1192.8,0 1,North,2,4,38
3,3,8,1,1194.026,0 0,North,2,4,38
3,3,8,3,1195.04,0 1,North,2,4,38
3,3,8,3,1195.996,0 2,North,2,4,38
3,3,8,4,1196.594,1 2,North,2,4,38
3,3,8,1,1197.312,1 2,North,2,4,39
3,3,8,4,1198.063,2 2,North,2,4,39
3,3,8,1,1198.615,2 2,North,2,4,40
3,3,8,4,1199.708,2 2,North,2,4,41
3,3,8,2,1200.83,1 2,North,2,4,41
3,3,8,1,1202.329,1 2,North,2,4,42
3,3,8,3,1203.403,1 2,North,2,4,43
3,3,8,2,1204.732,0 2,North,2,4,43
3,3,8,3,1205.985,0 2,North,2,4,44
3,3,8,1,1206.927,0 1,North,2,4,44
3,3,8,4,1207.995,0 1,North,2,4,45
3,3,8,1,1208.605,0 0,North,2,4,45
3,3,8,4,1209.48,0 0,North,2,4,46
3,3,8,4,1210.606,0 0,North,2,4,47
3,3,8,3,1210.919,0 1,North,2,4,47
3,3,8,4,1211.933,0 1,North,2,4,48
3,3,8,1,1212.193,0 0,North,2,4,48
3,3,8,2,1213.345,0 0,North,2,4,48
3,3,8,3,1213.92,0 1,North,2,4,48
3,3,8,3,1214.75,0 2,North,2,4,48
3,3,8,3,1215.593,0 2,North,2,4,49
3,3,8,4,1216.663,1 2,North,2,4,49
3,3,8,4,1217.531,2 2,North,2,4,49
3,3,8,1,1218.247,2 2,North,2,4,50
3,3,8,4,1218.864,2 2,North,2,4,51
3,3,8,4,1219.533,2 2,North,2,4,52
3,3,8,3,1219.9,2 3,North,2,4,52
3,3,8,3,1220.649,2 3,North,2,4,53
3,3,8,2,1221.391,1 3,North,2,4,53
3,3,8,3,1222.316,1 4,North,2,4,53
3,3,8,4,1223.191,2 4,North,2,4,53
3,3,8,4,1224.152,3 4,North,2,4,53
3,3,8,1,1224.827,3 4,North,2,4,54
3,3,8,4,1225.438,4 4,North,2,4,54
3,3,8,4,1226.408,4 4,North,2,4,54
3,3,8,1,1226.67,4 3,North,2,4,54
3,3,8,1,1227.696,4 2,North,2,4,54
3,3,8,1,1228.729,4 2,North,2,4,55
3,3,8,2,1229.372,3 2,North,2,4,55
3,3,8,1,1230.187,3 1,North,2,4,55
3,3,8,2,1231.015,2 1,North,2,4,55
3,3,8,2,1232.023,1 1,North,2,4,55
3,3,8,6,1232.4,1 1,North,2,5,55
3,3,8,4,1232.988,2 1,North,2,5,55
3,3,8,4,1234.055,3 1,North,2,5,55
3,3,8,3,1234.973,3 2,North,2,5,55
3,3,8,3,1235.847,3 3,North,2,5,55
3,3,8,3,1236.863,3 3,North,2,5,56
3,3,8,2,1237.88,3 3,North,2,5,57
3,3,8,4,1238.513,3 3,North,2,5,58
3,3,8,1,1239.243,3 2,North,2,5,58
3,3,8,2,1239.832,3 2,North,2,5,59
3,3,8,2,1240.413,3 2,North,2,5,60
3,3,8,4,1240.778,4 2,North,2,5,60
3,3,8,3,1241.598,4 3,North,2,5,60
3,3,8,3,1242.381,4 4,North,2,5,60
3,3,8,2,1243.192,3 4,North,2,5,60
3,3,8,6,1243.58,3 4,North,2,6,60
3,3,8,2,1244.316,2 4,North,2,6,60
3,3,8,1,1245.167,2 4,North,2,6,61
3,3,8,4,1245.866,3 4,North,2,6,61
3,3,8,1,1246.503,3 4,North,2,6,62
3,3,8,1,1247.152,3 4,North,2,6,63
3,3,8,2,1247.711,2 4,North,2,6,63
3,3,8,2,1248.655,1 4,North,2,6,63
3,3,8,1,1249.224,1 3,North,2,6,63
3,3,8,1,1250.267,1 3,North,2,6,64
3,3,8,4,1250.913,2 3,North,2,6,64
3,3,8,1,1251.676,2 2,North,2,6,64
3,3,8,1,1252.62,2 2,North,2,6,65
3,3,8,2,1253.44,1 2,North,2,6,65
3,3,8,1,1254.057,1 2,North,2,6,66
3,3,8,4,1254.746,2 2,North,2,6,66
3,3,8,1,1255.339,2 2,North,2,6,67
3,3,8,4,1255.962,2 2,North,2,6,68
3,3,8,4,1256.648,2 2,North,2,6,69
3,3,8,2,1257.566,1 2,North,2,6,69
3,3,8,1,1258.138,1 2,North,2,6,70
3,3,8,3,1259.048,1 2,North,2,6,71
3,3,8,2,1259.662,0 2,North,2,6,71
3,3,8,1,1260.352,0 1,North,2,6,71
3,3,8,4,1261.194,0 1,North,2,6,72
3,3,8,1,1261.911,0 0,North,2,6,72
3,3,8,4,1262.715,0 0,North,2,6,73
3,3,8,3,1263.825,0 1,North,2,6,73
3,3,8,4,1264.818,0 1,North,2,6,74
3,3,8,1,1265.353,0 0,North,2,6,74
3,3,8,4,1266.078,0 0,North,2,6,75
3,3,8,2,1266.795,0 0,North,2,6,75
3,3,8,3,1267.179,0 1,North,2,6,75
3,3,8,2,1267.962,0 1,North,2,6,75
3,3,8,4,1268.589,0 1,North,2,6,76
3,3,8,3,1269.196,0 2,North,2,6,76
3,3,8,3,1270.186,0 2,North,2,6,77
3,3,8,4,1271.115,1 2,North,2,6,77
3,3,8,4,1272.233,2 2,North,2,6,77
3,3,8,1,1273.304,2 2,North,2,6,78
3,3,8,2,1273.804,1 2,North,2,6,78
3,3,8,1,1274.316,1 2,North,2,6,79
3,3,8,1,1274.781,1 2,North,2,6,80
3,3,8,1,1275.576,1 2,North,2,6,81
3,3,8,3,1276.314,1 2,North,2,6,82
3,3,8,4,1276.975,2 2,North,2,6,82
3,3,8,1,1278.063,2 2,North,2,6,83
3,3,8,4,1278.625,2 2,North,2,6,84
3,3,8,3,1279.354,2 3,North,2,6,84
3,3,8,4,1280.06,2 3,North,2,6,85
3,3,8,3,1280.762,2 3,North,2,6,86
3,3,8,3,1281.545,2 3,North,2,6,87
3,3,8,2,1281.981,1 3,North,2,6,87
3,3,8,3,1282.864,1 4,North,2,6,87
3,3,8,4,1283.742,2 4,North,2,6,87
3,3,8,4,1284.606,3 4,North,2,6,87
3,3,8,4,1285.517,4 4,North,2,6,87
3,3,8,1,1286.385,4 3,North,2,6,87
3,3,8,1,1287.245,4 2,North,2,6,87
3,3,8,1,1288.135,4 2,North,2,6,88
3,3,8,2,1288.783,3 2,North,2,6,88
3,3,8,1,1289.31,3 1,North,2,6,88
3,3,8,2,1290.095,2 1,North,2,6,88
3,3,8,6,1290.48,2 1,North,2,7,88
3,3,8,1,1291.304,2 1,North,2,7,89
3,3,8,2,1291.921,1 1,North,2,7,89
3,3,8,1,1292.605,1 0,North,2,7,89
3,3,8,6,1293.02,1 0,North,2,8,89
0,3,9,2,1298.862,3 4,North,2,0,89
0,3,9,2,1300.01,2 4,North,2,0,89
0,3,9,2,1300.984,1 4,North,2,0,89
0,3,9,2,1301.928,0 4,North,2,0,89
0,3,9,1,1302.479,0 4,West,2,0,89
0,3,9,1,1303.321,0 4,South,2,0,89
0,3,9,2,1304.108,1 4,South,2,0,89
0,3,9,3,1305.24,1 4,West,2,0,89
0,3,9,2,1305.855,1 3,West,2,0,89
0,3,9,1,1306.589,1 3,South,2,0,89
0,3,9,2,1307.228,2 3,South,2,0,89
0,3,9,3,1307.905,2 3,West,2,0,89
0,3,9,2,1308.624,2 2,West,2,0,89
0,3,9,3,1309.294,2 2,North,2,0,89
0,3,9,2,1310.168,1 2,North,2,0,89
0,3,9,2,1311.241,0 2,North,2,0,89
0,3,9,1,1311.759,0 2,West,2,0,89
0,3,9,2,1313.003,0 1,West,2,0,89
0,3,9,1,1315.371,0 1,South,2,0,89
0,3,9,1,1316.329,0 1,East,2,0,89
0,3,9,2,1316.905,0 2,East,2,0,89
0,3,9,3,1317.71,0 2,South,2,0,89
0,3,9,2,1318.684,1 2,South,2,0,89
0,3,9,2,1319.609,2 2,South,2,0,89
0,3,9,1,1320.215,2 2,East,2,0,89
0,3,9,2,1320.936,2 3,East,2,0,89
0,3,9,1,1321.551,2 3,North,2,0,89
0,3,9,2,1322.203,1 3,North,2,0,89
0,3,9,3,1322.816,1 3,East,2,0,89
0,3,9,2,1323.499,1 4,East,2,0,89
0,3,9,3,1324.108,1 4,South,2,0,89
0,3,9,2,1324.825,2 4,South,2,0,89
0,3,9,2,1325.656,3 4,South,2,0,89
0,3,9,2,1326.701,4 4,South,2,0,89
0,3,9,3,1327.402,4 4,West,2,0,89
0,3,9,2,1328.139,4 3,West,2,0,89
0,3,9,2,1328.999,4 2,West,2,0,89
0,3,9,3,1329.537,4 2,North,2,0,89
0,3,9,2,1330.189,3 2,North,2,0,89
0,3,9,1,1330.973,3 2,West,2,0,89
0,3,9,2,1331.755,3 1,West,2,0,89
0,3,9,3,1332.41,3 1,North,2,0,89
0,3,9,3,1333.644,3 1,East,2,0,89
0,3,9,1,1334.345,3 1,North,2,0,89
0,3,9,2,1334.942,2 1,North,2,0,89
0,3,9,2,1335.627,1 1,North,2,0,89
0,3,9,1,1336.202,1 1,West,2,0,89
0,3,9,1,1336.894,1 1,South,2,0,89
0,3,9,3,1337.425,1 1,West,2,0,89
0,3,9,2,1338.376,1 0,West,2,0,89
0,3,9,1,1338.92,1 0,South,2,0,89
0,3,9,1,1339.864,1 0,East,2,0,89
0,3,9,3,1340.912,1 0,South,2,0,89
0,3,9,2,1341.935,2 0,South,2,0,89
0,3,9,2,1343.05,3 0,South,2,0,89
0,3,9,2,1344.073,4 0,South,2,0,89
0,3,9,1,1344.667,4 0,East,2,0,89
0,3,9,2,1345.281,4 1,East,2,0,89
0,3,9,6,1345.68,4 1,East,2,1,89
0,3,9,1,1347.128,4 1,North,2,1,89
0,3,9,1,1348.025,4 1,West,2,1,89
0,3,9,2,1348.828,4 0,West,2,1,89
0,3,9,2,1350.968,4 0,West,2,1,89
0,3,9,3,1351.549,4 0,North,2,1,89
0,3,9,3,1353.004,4 0,East,2,1,89
0,3,9,1,1353.545,4 0,North,2,1,89
0,3,9,2,1354.141,3 0,North,2,1,89
0,3,9,2,1355.089,2 0,North,2,1,89
0,3,9,2,1356.142,1 0,North,2,1,89
0,3,9,3,1356.794,1 0,East,2,1,89
0,3,9,2,1357.979,1 1,East,2,1,89
0,3,9,3,1358.584,1 1,South,2,1,89
0,3,9,2,1359.388,2 1,South,2,1,89
0,3,9,2,1360.444,3 1,South,2,1,89
0,3,9,1,1360.961,3 1,East,2,1,89
0,3,9,2,1361.689,3 2,East,2,1,89
0,3,9,3,1362.8,3 2,South,2,1,89
0,3,9,2,1363.481,4 2,South,2,1,89
0,3,9,1,1364.088,4 2,East,2,1,89
0,3,9,2,1364.826,4 3,East,2,1,89
0,3,9,2,1365.675,4 4,East,2,1,89
0,3,9,1,1366.716,4 4,North,2,1,89
0,3,9,2,1367.47,3 4,North,2,1,89
0,3,9,2,1368.268,2 4,North,2,1,89
0,3,9,2,1369.257,1 4,North,2,1,89
0,3,9,1,1370.173,1 4,West,2,1,89
0,3,9,2,1371.275,1 3,West,2,1,89
0,3,9,1,1371.889,1 3,South,2,1,89
0,3,9,2,1372.472,2 3,South,2,1,89
0,3,9,6,1372.84,2 3,South,2,2,89
0,3,9,3,1373.292,2 3,West,2,2,89
0,3,9,2,1373.887,2 2,West,2,2,89
0,3,9,3,1374.489,2 2,North,2,2,89
0,3,9,2,1375.161,1 2,North,2,2,89
0,3,9,2,1375.937,0 2,North,2,2,89
0,3,9,1,1376.521,0 2,West,2,2,89
0,3,9,2,1377.198,0 1,West,2,2,89
0,3,9,2,1378.364,0 0,West,2,2,89
0,3,9,6,1378.78,0 0,West,2,3,89
0,3,9,1,1379.804,0 0,South,2,3,89
0,3,9,1,1380.683,0 0,East,2,3,89
0,3,9,2,1381.37,0 1,East,2,3,89
0,3,9,2,1382.016,0 2,East,2,3,89
0,3,9,3,1382.686,0 2,South,2,3,89
0,3,9,2,1383.308,1 2,South,2,3,89
0,3,9,2,1384.04,2 2,South,2,3,89
0,3,9,1,1385.084,2 2,East,2,3,89
0,3,9,2,1385.736,2 3,East,2,3,89
0,3,9,1,1386.349,2 3,North,2,3,89
0,3,9,2,1386.911,1 3,North,2,3,89
0,3,9,6,1387.3,1 3,North,2,4,89
0,3,9,3,1387.599,1 3,East,2,4,89
0,3,9,2,1388.218,1 4,East,2,4,89
0,3,9,1,1388.796,1 4,North,2,4,89
0,3,9,2,1389.405,0 4,North,2,4,89
0,3,9,1,1389.966,0 4,West,2,4,89
0,3,9,1,1391.243,0 4,South,2,4,89
0,3,9,2,1394.679,1 4,South,2,4,89
0,3,9,2,1395.689,2 4,South,2,4,89
0,3,9,2,1396.605,3 4,South,2,4,89
0,3,9,2,1397.646,4 4,South,2,4,89
0,3,9,3,1398.41,4 4,West,2,4,89
0,3,9,2,1399.193,4 3,West,2,4,89
0,3,9,2,1399.853,4 2,West,2,4,89
0,3,9,3,1400.894,4 2,North,2,4,89
0,3,9,2,1401.471,3 2,North,2,4,89
0,3,9,1,1401.997,3 2,West,2,4,89
0,3,9,2,1402.535,3 1,West,2,4,89
0,3,9,2,1403.529,3 1,West,2,4,89
0,3,9,3,1403.568,3 1,North,2,4,89
0,3,9,2,1404.526,2 1,North,2,4,89
0,3,9,6,1404.92,2 1,North,2,5,89
0,3,9,2,1405.546,1 1,North,2,5,89
0,3,9,1,1406.608,1 1,West,2,5,89
0,3,9,2,1407.153,1 0,West,2,5,89
0,3,9,1,1407.706,1 0,South,2,5,89
0,3,9,2,1408.776,2 0,South,2,5,89
0,3,9,2,1409.768,3 0,South,2,5,89
0,3,9,2,1410.686,4 0,South,2,5,89
0,3,9,2,1411.802,4 0,South,2,5,89
0,3,9,1,1412.303,4 0,East,2,5,89
0,3,9,1,1413.213,4 0,North,2,5,89
0,3,9,2,1413.866,3 0,North,2,5,89
0,3,9,2,1414.653,2 0,North,2,5,89
0,3,9,3,1415.5,2 0,East,2,5,89
0,3,9,1,1416.056,2 0,North,2,5,89
0,3,9,2,1416.603,1 0,North,2,5,89
0,3,9,3,1417.167,1 0,East,2,5,89
0,3,9,2,1417.772,1 1,East,2,5,89
0,3,9,3,1418.318,1 1,South,2,5,89
0,3,9,2,1419.068,2 1,South,2,5,89
0,3,9,2,1419.787,3 1,South,2,5,89
0,3,9,1,1420.344,3 1,East,2,5,89
0,3,9,2,1420.889,3 2,East,2,5,89
0,3,9,3,1421.408,3 2,South,2,5,89
0,3,9,2,1422.584,4 2,South,2,5,89
0,3,9,1,1423.113,4 2,East,2,5,89
0,3,9,1,1423.658,4 2,North,2,5,89
0,3,9,3,1424.186,4 2,East,2,5,89
0,3,9,2,1424.904,4 3,East,2,5,89
0,3,9,6,1425.32,4 3,East,2,6,89
0,3,9,2,1426.126,4 4,East,2,6,89
0,3,9,1,1426.735,4 4,North,2,6,89
0,3,9,2,1427.693,3 4,North,2,6,89
0,3,9,6,1428.08,3 4,North,2,7,89
0,3,9,3,1428.526,3 4,East,2,7,89
0,3,9,1,1429.567,3 4,North,2,7,89
0,3,9,2,1430.16,2 4,North,2,7,89
0,3,9,2,1430.747,1 4,North,2,7,89
0,3,9,1,1431.325,1 4,West,2,7,89
0,3,9,3,1432.378,1 4,North,2,7,89
0,3,9,1,1433.021,1 4,West,2,7,89
0,3,9,2,1433.679,1 3,West,2,7,89
0,3,9,1,1434.296,1 3,South,2,7,89
0,3,9,2,1434.924,2 3,South,2,7,89
0,3,9,3,1435.533,2 3,West,2,7,89
0,3,9,2,1436.241,2 2,West,2,7,89
0,3,9,3,1436.761,2 2,North,2,7,89
0,3,9,2,1437.36,1 2,North,2,7,89
0,3,9,2,1437.933,0 2,North,2,7,89
0,3,9,1,1438.463,0 2,West,2,7,89
0,3,9,2,1439.04,0 1,West,2,7,89
0,3,9,1,1440.059,0 1,South,2,7,89
0,3,9,1,1440.703,0 1,East,2,7,89
0,3,9,2,1441.214,0 2,East,2,7,89
0,3,9,3,1441.727,0 2,South,2,7,89
0,3,9,3,1442.281,0 2,West,2,7,89
0,3,9,1,1442.843,0 2,South,2,7,89
0,3,9,2,1443.439,1 2,South,2,7,89
0,3,9,2,1443.996,2 2,South,2,7,89
0,3,9,1,1444.68,2 2,East,2,7,89
0,3,9,2,1445.241,2 3,East,2,7,89
0,3,9,1,1445.917,2 3,North,2,7,89
0,3,9,2,1446.506,1 3,North,2,7,89
0,3,9,3,1447.131,1 3,East,2,7,89
0,3,9,2,1447.816,1 4,East,2,7,89
0,3,9,3,1448.376,1 4,South,2,7,89
0,3,9,3,1448.943,1 4,West,2,7,89
0,3,9,1,1449.53,1 4,South,2,7,89
0,3,9,2,1450.157,2 4,South,2,7,89
0,3,9,2,1450.72,3 4,South,2,7,89
0,3,9,2,1451.279,4 4,South,2,7,89
0,3,9,3,1451.998,4 4,West,2,7,89
0,3,9,2,1452.599,4 3,West,2,7,89
0,3,9,2,1453.151,4 2,West,2,7,89
0,3,9,3,1453.756,4 2,North,2,7,89
0,3,9,2,1454.381,3 2,North,2,7,89
0,3,9,1,1454.924,3 2,West,2,7,89
0,3,9,2,1455.567,3 1,West,2,7,89
0,3,9,3,1456.159,3 1,North,2,7,89
0,3,9,2,1456.859,2 1,North,2,7,89
0,3,9,2,1457.465,1 1,North,2,7,89
0,3,9,1,1458.027,1 1,West,2,7,89
0,3,9,2,1458.607,1 0,West,2,7,89
0,3,9,1,1459.211,1 0,South,2,7,89
0,3,9,2,1459.806,2 0,South,2,7,89
0,3,9,2,1460.393,3 0,South,2,7,89
0,3,9,6,1460.76,3 0,South,2,8,89
3,3,9,1,1464.67,4 3,North,2,0,0
3,3,9,6,1465.08,4 3,North,2,1,0
3,3,9,3,1467.822,4 4,North,2,1,0
3,3,9,1,1469.233,4 3,North,2,1,0
3,3,9,1,1470.65,4 2,North,2,1,0
3,3,9,2,1471.321,3 2,North,2,1,0
3,3,9,1,1472.125,3 1,North,2,1,0
3,3,9,2,1472.782,2 1,North,2,1,0
3,3,9,6,1473.16,2 1,North,2,2,0
3,3,9,1,1474.265,2 1,North,2,2,1
3,3,9,1,1474.488,2 1,North,2,2,2
3,3,9,4,1474.812,3 1,North,2,2,2
3,3,9,1,1475.471,3 1,North,2,2,3
3,3,9,1,1475.661,3 1,North,2,2,4
3,3,9,4,1476.014,3 1,North,2,2,5
3,3,9,3,1476.763,3 2,North,2,2,5
3,3,9,4,1477.355,4 2,North,2,2,5
3,3,9,1,1478.911,4 2,North,2,2,6
3,3,9,1,1479.115,4 2,North,2,2,7
3,3,9,3,1479.671,4 3,North,2,2,7
3,3,9,3,1480.8,4 4,North,2,2,7
3,3,9,3,1481.322,4 4,North,2,2,7
3,3,9,2,1481.626,3 4,North,2,2,7
3,3,9,2,1482.25,2 4,North,2,2,7
3,3,9,2,1482.913,1 4,North,2,2,7
3,3,9,2,1483.569,0 4,North,2,2,7
3,3,9,1,1484.524,0 3,North,2,2,7
3,3,9,1,1485.466,0 3,North,2,2,8
3,3,9,1,1485.64,0 3,North,2,2,9
3,3,9,1,1485.833,0 3,North,2,2,10
3,3,9,3,1486.176,0 4,North,2,2,10
3,3,9,4,1486.743,1 4,North,2,2,10
3,3,9,4,1487.33,2 4,North,2,2,10
3,3,9,4,1488.202,3 4,North,2,2,10
3,3,9,1,1489.232,3 4,North,2,2,11
3,3,9,4,1490.24,4 4,North,2,2,11
3,3,9,1,1491.041,4 3,North,2,2,11
3,3,9,1,1491.57,4 2,North,2,2,11
3,3,9,1,1492.508,4 2,North,2,2,12
3,3,9,2,1493.182,3 2,North,2,2,12
3,3,9,1,1493.913,3 1,North,2,2,12
3,3,9,1,1495.099,3 1,North,2,2,13
3,3,9,2,1495.74,2 1,North,2,2,13
3,3,9,1,1496.824,2 1,North,2,2,14
3,3,9,4,1497.613,3 1,North,2,2,14
3,3,9,4,1498.442,3 1,North,2,2,15
3,3,9,3,1500.071,3 2,North,2,2,15
3,3,9,2,1500.992,3 2,North,2,2,16
3,3,9,1,1501.816,3 1,North,2,2,16
3,3,9,2,1503.179,2 1,North,2,2,16
3,3,9,2,1505.183,1 1,North,2,2,16
3,3,9,1,1506.176,1 0,North,2,2,16
3,3,9,4,1506.971,2 0,North,2,2,16
3,3,9,4,1508.011,3 0,North,2,2,16
3,3,9,6,1508.38,3 0,North,2,3,16
3,3,9,4,1509.711,4 0,North,2,3,16
3,3,9,3,1510.545,4 1,North,2,3,16
3,3,9,6,1510.96,4 1,North,2,4,16
3,3,9,1,1511.594,4 0,North,2,4,16
3,3,9,2,1512.512,3 0,North,2,4,16
3,3,9,2,1513.452,2 0,North,2,4,16
3,3,9,2,1514.316,1 0,North,2,4,16
3,3,9,2,1515.16,1 0,North,2,4,17
3,3,9,4,1516.337,2 0,North,2,4,17
3,3,9,4,1517.196,3 0,North,2,4,17
3,3,9,4,1518.063,4 0,North,2,4,17
3,3,9,3,1518.942,4 1,North,2,4,17
3,3,9,3,1519.903,4 1,North,2,4,18
3,3,9,2,1520.735,4 1,North,2,4,19
3,3,9,2,1521.836,4 1,North,2,4,20
3,3,9,1,1522.295,4 0,North,2,4,20
3,3,9,2,1523.119,3 0,North,2,4,20
3,3,9,3,1523.713,3 0,North,2,4,21
3,3,9,2,1524.553,2 0,North,2,4,21
3,3,9,3,1525.514,2 0,North,2,4,22
3,3,9,2,1526.513,1 0,North,2,4,22
3,3,9,3,1527.738,1 1,North,2,4,22
3,3,9,2,1528.688,1 1,North,2,4,23
3,3,9,1,1529.356,1 0,North,2,4,23
3,3,9,3,1530.465,1 1,North,2,4,23
3,3,9,2,1531.784,1 1,North,2,4,24
3,3,9,1,1532.524,1 0,North,2,4,24
3,3,9,2,1533.577,1 0,North,2,4,25
3,3,9,4,1534.365,2 0,North,2,4,25
3,3,9,3,1534.879,2 0,North,2,4,26
3,3,9,3,1535.374,2 0,North,2,4,27
3,3,9,3,1536.338,2 0,North,2,4,28
3,3,9,1,1536.968,2 0,North,2,4,28
3,3,9,4,1537.758,3 0,North,2,4,28
3,3,9,3,1538.426,3 0,North,2,4,29
3,3,9,4,1539.226,4 0,North,2,4,29
3,3,9,3,1540.219,4 1,North,2,4,29
3,3,9,3,1541.015,4 1,North,2,4,30
3,3,9,2,1541.9,4 1,North,2,4,31
3,3,9,1,1542.714,4 0,North,2,4,31
3,3,9,2,1543.567,3 0,North,2,4,31
3,3,9,2,1544.633,2 0,North,2,4,31
3,3,9,3,1545.178,2 0,North,2,4,32
3,3,9,4,1545.935,3 0,North,2,4,32
3,3,9,3,1546.958,3 0,North,2,4,33
3,3,9,2,1547.615,2 0,North,2,4,33
3,3,9,2,1548.553,1 0,North,2,4,33
3,3,9,2,1549.769,1 0,North,2,4,34
3,3,9,3,1550.907,1 1,North,2,4,34
3,3,9,2,1551.886,1 1,North,2,4,35
3,3,9,3,1552.638,1 1,North,2,4,36
3,3,9,4,1553.278,2 1,North,2,4,36
3,3,9,3,1553.963,2 1,North,2,4,37
3,3,9,2,1554.96,1 1,North,2,4,37
3,3,9,1,1556.042,1 0,North,2,4,37
3,3,9,4,1556.747,2 0,North,2,4,37
3,3,9,3,1557.627,2 0,North,2,4,38
3,3,9,4,1558.352,3 0,North,2,4,38
3,3,9,3,1559.041,3 0,North,2,4,39
3,3,9,2,1559.785,2 0,North,2,4,39
3,3,9,3,1560.865,2 0,North,2,4,40
3,3,9,1,1561.582,2 0,North,2,4,40
3,3,9,4,1562.095,3 0,North,2,4,40
3,3,9,3,1563.298,3 0,North,2,4,41
3,3,9,4,1563.803,4 0,North,2,4,41
3,3,9,3,1564.618,4 1,North,2,4,41
3,3,9,3,1565.931,4 1,North,2,4,42
3,3,9,2,1566.593,4 1,North,2,4,43
3,3,9,1,1567.689,4 0,North,2,4,43
3,3,9,2,1568.315,3 0,North,2,4,43
3,3,9,3,1569.069,3 0,North,2,4,44
3,3,9,2,1569.772,2 0,North,2,4,44
3,3,9,3,1570.84,2 0,North,2,4,45
3,3,9,2,1571.548,1 0,North,2,4,45
3,3,9,2,1572.458,1 0,North,2,4,46
3,3,9,3,1573.341,1 1,North,2,4,46
3,3,9,2,1574.048,1 1,North,2,4,47
3,3,9,3,1574.928,1 1,North,2,4,48
3,3,9,1,1575.784,1 0,North,2,4,48
3,3,9,4,1576.734,2 0,North,2,4,48
3,3,9,3,1577.512,2 0,North,2,4,49
3,3,9,3,1578.351,2 0,North,2,4,50
3,3,9,4,1578.699,3 0,North,2,4,50
3,3,9,3,1579.369,3 0,North,2,4,51
3,3,9,4,1580.904,4 0,North,2,4,51
3,3,9,3,1581.818,4 1,North,2,4,51
3,3,9,2,1582.494,4 1,North,2,4,52
3,3,9,1,1583.361,4 0,North,2,4,52
3,3,9,2,1584.266,3 0,North,2,4,52
3,3,9,2,1585.288,2 0,North,2,4,52
3,3,9,3,1586.08,2 0,North,2,4,53
3,3,9,4,1586.849,3 0,North,2,4,53
3,3,9,3,1587.569,3 0,North,2,4,54
3,3,9,2,1588.343,2 0,North,2,4,54
3,3,9,2,1589.672,1 0,North,2,4,54
3,3,9,2,1591.263,1 0,North,2,4,55
3,3,9,3,1592.251,1 1,North,2,4,55
3,3,9,4,1593.506,2 1,North,2,4,55
3,3,9,3,1594.282,2 1,North,2,4,56
3,3,9,4,1595.482,3 1,North,2,4,56
3,3,9,3,1596.123,3 2,North,2,4,56
3,3,9,3,1597.114,3 3,North,2,4,56
3,3,9,3,1598.129,3 3,North,2,4,57
3,3,9,2,1598.991,3 3,North,2,4,58
3,3,9,4,1599.581,3 3,North,2,4,59
3,3,9,1,1600.32,3 2,North,2,4,59
3,3,9,2,1600.961,3 2,North,2,4,60
3,3,9,2,1601.532,3 2,North,2,4,61
3,3,9,4,1602.298,4 2,North,2,4,61
3,3,9,3,1603.113,4 3,North,2,4,61
3,3,9,3,1604.157,4 4,North,2,4,61
3,3,9,2,1605.084,3 4,North,2,4,61
3,3,9,2,1606.046,2 4,North,2,4,61
3,3,9,2,1607.051,1 4,North,2,4,61
3,3,9,2,1608.025,0 4,North,2,4,61
3,3,9,1,1608.961,0 3,North,2,4,61
3,3,9,1,1609.993,0 3,North,2,4,62
3,3,9,4,1610.679,0 3,North,2,4,63
3,3,9,3,1611.546,0 4,North,2,4,63
3,3,9,4,1612.409,1 4,North,2,4,63
3,3,9,1,1613.407,1 3,North,2,4,63
3,3,9,1,1614.713,1 3,North,2,4,64
3,3,9,2,1615.306,1 3,North,2,4,65
3,3,9,4,1615.995,2 3,North,2,4,65
3,3,9,1,1616.682,2 2,North,2,4,65
3,3,9,1,1617.705,2 2,North,2,4,66
3,3,9,2,1618.413,1 2,North,2,4,66
3,3,9,1,1619.386,1 2,North,2,4,67
3,3,9,2,1620.126,0 2,North,2,4,67
3,3,9,1,1620.92,0 1,North,2,4,67
3,3,9,1,1621.944,0 0,North,2,4,67
3,3,9,6,1622.34,0 0,North,2,5,67
3,3,9,3,1622.926,0 1,North,2,5,67
3,3,9,3,1623.946,0 2,North,2,5,67
3,3,9,4,1624.457,1 2,North,2,5,67
3,3,9,3,1625.323,1 2,North,2,5,68
3,3,9,4,1626.092,2 2,North,2,5,68
3,3,9,3,1626.801,2 3,North,2,5,68
3,3,9,6,1627.2,2 3,North,2,6,68
3,3,9,1,1628.286,2 2,North,2,6,68
3,3,9,2,1629.432,1 2,North,2,6,68
3,3,9,1,1630.257,1 2,North,2,6,69
3,3,9,2,1630.953,0 2,North,2,6,69
3,3,9,1,1631.808,0 1,North,2,6,69
3,3,9,6,1632.22,0 1,North,2,7,69
3,3,9,3,1633.003,0 2,North,2,7,69
3,3,9,4,1633.917,1 2,North,2,7,69
3,3,9,4,1635.057,2 2,North,2,7,69
3,3,9,1,1635.834,2 2,North,2,7,70
3,3,9,3,1636.456,2 3,North,2,7,70
3,3,9,4,1637.122,2 3,North,2,7,71
3,3,9,1,1637.774,2 2,North,2,7,71
3,3,9,4,1638.477,2 2,North,2,7,72
3,3,9,2,1639.372,1 2,North,2,7,72
3,3,9,3,1640.202,1 2,North,2,7,73
3,3,9,4,1640.86,2 2,North,2,7,73
3,3,9,3,1641.595,2 3,North,2,7,73
3,3,9,3,1642.553,2 3,North,2,7,74
3,3,9,4,1643.244,2 3,North,2,7,75
3,3,9,2,1643.883,1 3,North,2,7,75
3,3,9,3,1644.648,1 4,North,2,7,75
3,3,9,4,1645.486,2 4,North,2,7,75
3,3,9,4,1646.337,3 4,North,2,7,75
3,3,9,1,1647.183,3 4,North,2,7,76
3,3,9,4,1647.865,4 4,North,2,7,76
3,3,9,1,1648.714,4 3,North,2,7,76
3,3,9,1,1649.453,4 2,North,2,7,76
3,3,9,1,1650.366,4 2,North,2,7,77
3,3,9,2,1650.97,3 2,North,2,7,77
3,3,9,1,1651.662,3 1,North,2,7,77
3,3,9,6,1652.06,3 1,North,2,8,77
0,4,10,2,1658.44,3 4,North,2,0,77
0,4,10,2,1659.53,2 4,North,2,0,77
0,4,10,2,1660.636,1 4,North,2,0,77
0,4,10,1,1661.321,1 4,West,2,0,77
0,4,10,2,1662.571,1 3,West,2,0,77
0,4,10,1,1663.262,1 3,South,2,0,77
0,4,10,2,1663.915,2 3,South,2,0,77
0,4,10,3,1664.553,2 3,West,2,0,77
0,4,10,2,1665.179,2 2,West,2,0,77
0,4,10,3,1665.898,2 2,North,2,0,77
0,4,10,2,1666.571,1 2,North,2,0,77
0,4,10,2,1667.464,0 2,North,2,0,77
0,4,10,6,1667.84,0 2,North,2,1,77
0,4,10,1,1670.877,0 2,West,2,1,77
0,4,10,2,1671.626,0 1,West,2,1,77
0,4,10,1,1673.201,0 1,South,2,1,77
0,4,10,1,1674.173,0 1,East,2,1,77
0,4,10,2,1674.814,0 2,East,2,1,77
0,4,10,3,1675.581,0 2,South,2,1,77
0,4,10,2,1676.352,1 2,South,2,1,77
0,4,10,2,1677.375,2 2,South,2,1,77
0,4,10,1,1677.932,2 2,East,2,1,77
0,4,10,2,1678.747,2 3,East,2,1,77
0,4,10,1,1679.434,2 3,North,2,1,77
0,4,10,2,1680.056,1 3,North,2,1,77
0,4,10,3,1680.688,1 3,East,2,1,77
0,4,10,2,1681.337,1 4,East,2,1,77
0,4,10,3,1681.95,1 4,South,2,1,77
0,4,10,2,1682.601,2 4,South,2,1,77
0,4,10,2,1683.308,3 4,South,2,1,77
0,4,10,2,1684.105,4 4,South,2,1,77
0,4,10,2,1684.906,4 4,South,2,1,77
0,4,10,3,1685.297,4 4,West,2,1,77
0,4,10,2,1685.92,4 3,West,2,1,77
0,4,10,2,1686.686,4 2,West,2,1,77
0,4,10,3,1687.563,4 2,North,2,1,77
0,4,10,2,1688.169,3 2,North,2,1,77
0,4,10,1,1688.81,3 2,West,2,1,77
0,4,10,2,1689.329,3 1,West,2,1,77
0,4,10,3,1689.886,3 1,North,2,1,77
0,4,10,2,1690.508,2 1,North,2,1,77
0,4,10,2,1691.232,1 1,North,2,1,77
0,4,10,1,1692.27,1 1,West,2,1,77
0,4,10,2,1692.825,1 0,West,2,1,77
0,4,10,6,1693.24,1 0,West,2,2,77
0,4,10,2,1693.347,1 0,West,2,2,77
0,4,10,1,1693.773,1 0,South,2,2,77
0,4,10,1,1694.622,1 0,East,2,2,77
0,4,10,2,1695.613,1 1,East,2,2,77
0,4,10,3,1696.209,1 1,South,2,2,77
0,4,10,2,1696.765,2 1,South,2,2,77
0,4,10,2,1697.29,3 1,South,2,2,77
0,4,10,1,1697.856,3 1,East,2,2,77
0,4,10,2,1698.394,3 2,East,2,2,77
0,4,10,3,1699.214,3 2,South,2,2,77
0,4,10,1,1700.136,3 2,East,2,2,77
0,4,10,3,1700.667,3 2,South,2,2,77
0,4,10,2,1701.195,4 2,South,2,2,77
0,4,10,1,1701.866,4 2,East,2,2,77
0,4,10,2,1702.67,4 3,East,2,2,77
0,4,10,2,1703.551,4 4,East,2,2,77
0,4,10,1,1704.153,4 4,North,2,2,77
0,4,10,2,1704.668,3 4,North,2,2,77
0,4,10,2,1705.979,2 4,North,2,2,77
0,4,10,6,1706.36,2 4,North,2,3,77
0,4,10,2,1706.683,1 4,North,2,3,77
0,4,10,1,1707.483,1 4,West,2,3,77
0,4,10,2,1708.523,1 3,West,2,3,77
0,4,10,1,1709.183,1 3,South,2,3,77
0,4,10,2,1709.822,2 3,South,2,3,77
0,4,10,3,1710.4,2 3,West,2,3,77
0,4,10,2,1711.001,2 2,West,2,3,77
0,4,10,3,1711.584,2 2,North,2,3,77
0,4,10,2,1712.239,1 2,North,2,3,77
0,4,10,2,1712.84,0 2,North,2,3,77
0,4,10,1,1713.419,0 2,West,2,3,77
0,4,10,2,1713.985,0 1,West,2,3,77
0,4,10,1,1714.522,0 1,South,2,3,77
0,4,10,1,1715.164,0 1,East,2,3,77
0,4,10,2,1715.841,0 2,East,2,3,77
0,4,10,3,1716.427,0 2,South,2,3,77
0,4,10,3,1716.958,0 2,West,2,3,77
0,4,10,1,1717.645,0 2,South,2,3,77
0,4,10,2,1718.171,1 2,South,2,3,77
0,4,10,2,1718.794,2 2,South,2,3,77
0,4,10,1,1719.407,2 2,East,2,3,77
0,4,10,1,1720.078,2 2,North,2,3,77
0,4,10,3,1720.778,2 2,East,2,3,77
0,4,10,2,1721.453,2 3,East,2,3,77
0,4,10,1,1722.136,2 3,North,2,3,77
0,4,10,2,1722.665,1 3,North,2,3,77
0,4,10,1,1723.631,1 3,West,2,3,77
0,4,10,1,1724.474,1 3,South,2,3,77
0,4,10,2,1725.049,2 3,South,2,3,77
0,4,10,3,1725.694,2 3,West,2,3,77
0,4,10,2,1726.319,2 2,West,2,3,77
0,4,10,3,1727.054,2 2,North,2,3,77
0,4,10,2,1727.789,1 2,North,2,3,77
0,4,10,2,1728.397,0 2,North,2,3,77
0,4,10,1,1729.02,0 2,West,2,3,77
0,4,10,1,1729.96,0 2,South,2,3,77
0,4,10,2,1730.607,1 2,South,2,3,77
0,4,10,2,1731.16,2 2,South,2,3,77
0,4,10,1,1731.772,2 2,East,2,3,77
0,4,10,2,1732.352,2 3,East,2,3,77
0,4,10,1,1733.02,2 3,North,2,3,77
0,4,10,2,1733.663,1 3,North,2,3,77
0,4,10,3,1734.289,1 3,East,2,3,77
0,4,10,2,1734.874,1 4,East,2,3,77
0,4,10,3,1735.468,1 4,South,2,3,77
0,4,10,2,1736.047,2 4,South,2,3,77
0,4,10,2,1736.688,3 4,South,2,3,77
0,4,10,2,1737.293,4 4,South,2,3,77
0,4,10,3,1737.905,4 4,West,2,3,77
0,4,10,2,1738.446,4 3,West,2,3,77
0,4,10,6,1738.86,4 3,West,2,4,77
0,4,10,2,1739.035,4 2,West,2,4,77
0,4,10,3,1739.658,4 2,North,2,4,77
0,4,10,2,1740.226,3 2,North,2,4,77
0,4,10,1,1741.194,3 2,West,2,4,77
0,4,10,2,1741.84,3 1,West,2,4,77
0,4,10,2,1742.557,3 1,West,2,4,77
0,4,10,3,1742.714,3 1,North,2,4,77
0,4,10,2,1743.354,2 1,North,2,4,77
0,4,10,2,1743.932,1 1,North,2,4,77
0,4,10,1,1744.444,1 1,West,2,4,77
0,4,10,1,1745.022,1 1,South,2,4,77
0,4,10,3,1745.658,1 1,West,2,4,77
0,4,10,2,1746.266,1 0,West,2,4,77
0,4,10,1,1746.877,1 0,South,2,4,77
0,4,10,2,1747.416,2 0,South,2,4,77
0,4,10,6,1747.8,2 0,South,2,5,77
0,4,10,2,1748.112,3 0,South,2,5,77
0,4,10,2,1749.517,4 0,South,2,5,77
0,4,10,1,1750.073,4 0,East,2,5,77
0,4,10,2,1750.672,4 1,East,2,5,77
0,4,10,1,1751.289,4 1,North,2,5,77
0,4,10,1,1752.184,4 1,West,2,5,77
0,4,10,2,1752.907,4 0,West,2,5,77
0,4,10,3,1753.484,4 0,North,2,5,77
0,4,10,2,1754.143,3 0,North,2,5,77
0,4,10,2,1754.828,2 0,North,2,5,77
0,4,10,2,1755.339,1 0,North,2,5,77
0,4,10,3,1756.09,1 0,East,2,5,77
0,4,10,2,1756.721,1 1,East,2,5,77
0,4,10,6,1757.14,1 1,East,2,6,77
0,4,10,2,1757.464,1 1,East,2,6,77
0,4,10,3,1757.66,1 1,South,2,6,77
0,4,10,2,1758.255,2 1,South,2,6,77
0,4,10,2,1758.873,3 1,South,2,6,77
0,4,10,1,1759.519,3 1,East,2,6,77
0,4,10,2,1760.135,3 2,East,2,6,77
0,4,10,3,1760.752,3 2,South,2,6,77
0,4,10,2,1761.488,4 2,South,2,6,77
0,4,10,1,1762.112,4 2,East,2,6,77
0,4,10,1,1762.746,4 2,North,2,6,77
0,4,10,3,1763.304,4 2,East,2,6,77
0,4,10,2,1763.96,4 3,East,2,6,77
0,4,10,2,1764.554,4 4,East,2,6,77
0,4,10,1,1765.149,4 4,North,2,6,77
0,4,10,2,1765.776,3 4,North,2,6,77
0,4,10,2,1766.44,2 4,North,2,6,77
0,4,10,2,1767.055,1 4,North,2,6,77
0,4,10,1,1767.615,1 4,West,2,6,77
0,4,10,2,1768.537,1 3,West,2,6,77
0,4,10,1,1769.164,1 3,South,2,6,77
0,4,10,2,1769.736,2 3,South,2,6,77
0,4,10,3,1770.345,2 3,West,2,6,77
0,4,10,2,1770.992,2 2,West,2,6,77
0,4,10,3,1771.561,2 2,North,2,6,77
0,4,10,2,1772.19,1 2,North,2,6,77
0,4,10,2,1772.907,0 2,North,2,6,77
0,4,10,1,1773.552,0 2,West,2,6,77
0,4,10,2,1774.096,0 1,West,2,6,77
0,4,10,1,1774.826,0 1,South,2,6,77
0,4,10,1,1775.439,0 1,East,2,6,77
0,4,10,2,1775.985,0 2,East,2,6,77
0,4,10,3,1776.539,0 2,South,2,6,77
0,4,10,2,1777.099,1 2,South,2,6,77
0,4,10,2,1777.674,2 2,South,2,6,77
0,4,10,1,1778.238,2 2,East,2,6,77
0,4,10,2,1778.781,2 3,East,2,6,77
0,4,10,1,1779.342,2 3,North,2,6,77
0,4,10,2,1779.882,1 3,North,2,6,77
0,4,10,3,1780.396,1 3,East,2,6,77
0,4,10,2,1781.001,1 4,East,2,6,77
0,4,10,1,1781.614,1 4,North,2,6,77
0,4,10,2,1782.17,0 4,North,2,6,77
0,4,10,1,1782.797,0 4,West,2,6,77
0,4,10,1,1783.488,0 4,South,2,6,77
0,4,10,2,1784.03,1 4,South,2,6,77
0,4,10,2,1784.65,2 4,South,2,6,77
0,4,10,2,1785.761,3 4,South,2,6,77
0,4,10,2,1786.395,4 4,South,2,6,77
0,4,10,2,1786.973,4 4,South,2,6,77
0,4,10,3,1787.355,4 4,West,2,6,77
0,4,10,3,1787.935,4 4,North,2,6,77
0,4,10,1,1788.688,4 4,West,2,6,77
0,4,10,2,1789.326,4 3,West,2,6,77
0,4,10,2,1789.984,4 2,West,2,6,77
0,4,10,3,1790.523,4 2,North,2,6,77
0,4,10,2,1791.1,3 2,North,2,6,77
0,4,10,1,1791.738,3 2,West,2,6,77
0,4,10,2,1792.337,3 1,West,2,6,77
0,4,10,3,1792.923,3 1,North,2,6,77
0,4,10,2,1793.554,2 1,North,2,6,77
0,4,10,2,1794.22,1 1,North,2,6,77
0,4,10,1,1794.818,1 1,West,2,6,77
0,4,10,2,1795.359,1 0,West,2,6,77
0,4,10,1,1795.898,1 0,South,2,6,77
0,4,10,2,1796.52,2 0,South,2,6,77
0,4,10,2,1797.128,3 0,South,2,6,77
0,4,10,2,1797.792,4 0,South,2,6,77
0,4,10,6,1798.16,4 0,South,2,7,77
0,4,10,2,1798.4,4 0,South,2,7,77
0,4,10,1,1798.754,4 0,East,2,7,77
0,4,10,2,1799.325,4 1,East,2,7,77
0,4,10,6,1799.74,4 1,East,2,8,77
3,4,10,2,1803.821,3 4,North,2,0,0
3,4,10,2,1804.586,2 4,North,2,0,0
3,4,10,2,1805.29,1 4,North,2,0,0
3,4,10,1,1806.414,1 3,North,2,0,0
3,4,10,2,1807.323,1 3,North,2,0,1
3,4,10,4,1807.919,2 3,North,2,0,1
3,4,10,1,1808.864,2 2,North,2,0,1
3,4,10,2,1809.776,1 2,North,2,0,1
3,4,10,1,1810.51,1 2,North,2,0,2
3,4,10,4,1811.052,2 2,North,2,0,2
3,4,10,1,1811.752,2 2,North,2,0,3
3,4,10,4,1812.808,2 2,North,2,0,4
3,4,10,2,1813.596,1 2,North,2,0,4
3,4,10,2,1814.686,0 2,North,2,0,4
3,4,10,1,1815.481,0 1,North,2,0,4
3,4,10,1,1816.497,0 0,North,2,0,4
3,4,10,4,1817.372,0 0,North,2,0,5
3,4,10,3,1818.155,0 1,North,2,0,5
3,4,10,4,1819.18,0 1,North,2,0,6
3,4,10,1,1819.896,0 0,North,2,0,6
3,4,10,3,1822.127,0 1,North,2,0,6
3,4,10,3,1823.196,0 2,North,2,0,6
3,4,10,3,1824.082,0 2,North,2,0,7
3,4,10,4,1825.081,1 2,North,2,0,7
3,4,10,4,1825.998,2 2,North,2,0,7
3,4,10,1,1826.748,2 2,North,2,0,8
3,4,10,2,1827.34,1 2,North,2,0,8
3,4,10,1,1828.281,1 2,North,2,0,9
3,4,10,3,1829.035,1 2,North,2,0,10
3,4,10,4,1829.691,2 2,North,2,0,10
3,4,10,1,1830.575,2 2,North,2,0,11
3,4,10,3,1831.067,2 3,North,2,0,11
3,4,10,3,1832.078,2 3,North,2,0,12
3,4,10,4,1832.729,2 3,North,2,0,13
3,4,10,1,1833.434,2 2,North,2,0,13
3,4,10,4,1834.191,2 2,North,2,0,14
3,4,10,1,1834.921,2 2,North,2,0,15
3,4,10,2,1835.403,1 2,North,2,0,15
3,4,10,1,1836.106,1 2,North,2,0,16
3,4,10,3,1836.697,1 2,North,2,0,17
3,4,10,4,1837.482,2 2,North,2,0,17
3,4,10,3,1838.265,2 3,North,2,0,17
3,4,10,4,1839.055,2 3,North,2,0,18
3,4,10,3,1839.727,2 3,North,2,0,19
3,4,10,3,1840.72,2 3,North,2,0,20
3,4,10,2,1841.181,1 3,North,2,0,20
3,4,10,3,1841.77,1 4,North,2,0,20
3,4,10,4,1842.682,2 4,North,2,0,20
3,4,10,4,1843.709,3 4,North,2,0,20
3,4,10,1,1844.282,3 4,North,2,0,21
3,4,10,4,1845.25,4 4,North,2,0,21
3,4,10,1,1846.088,4 3,North,2,0,21
3,4,10,2,1846.97,4 3,North,2,0,22
3,4,10,1,1847.595,4 2,North,2,0,22
3,4,10,2,1848.222,3 2,North,2,0,22
3,4,10,1,1848.862,3 1,North,2,0,22
3,4,10,2,1849.531,2 1,North,2,0,22
3,4,10,1,1850.159,2 1,North,2,0,23
3,4,10,4,1850.737,3 1,North,2,0,23
3,4,10,1,1851.85,3 1,North,2,0,24
3,4,10,2,1852.493,2 1,North,2,0,24
3,4,10,2,1853.209,1 1,North,2,0,24
3,4,10,1,1853.803,1 0,North,2,0,24
3,4,10,6,1854.22,1 0,North,2,1,24
3,4,10,3,1854.744,1 1,North,2,1,24
3,4,10,4,1855.376,2 1,North,2,1,24
3,4,10,4,1856.106,3 1,North,2,1,24
3,4,10,4,1857.058,3 1,North,2,1,25
3,4,10,1,1857.647,3 1,North,2,1,26
3,4,10,2,1858.44,2 1,North,2,1,26
3,4,10,3,1859.072,2 1,North,2,1,27
3,4,10,2,1860.028,1 1,North,2,1,27
3,4,10,1,1861.1,1 0,North,2,1,27
3,4,10,4,1861.965,2 0,North,2,1,27
3,4,10,4,1862.859,3 0,North,2,1,27
3,4,10,4,1863.633,4 0,North,2,1,27
3,4,10,3,1864.321,4 1,North,2,1,27
3,4,10,6,1864.72,4 1,North,2,2,27
3,4,10,1,1865.247,4 0,North,2,2,27
3,4,10,2,1865.964,3 0,North,2,2,27
3,4,10,2,1866.59,2 0,North,2,2,27
3,4,10,6,1866.98,2 0,North,2,3,27
3,4,10,2,1867.753,1 0,North,2,3,27
3,4,10,2,1868.734,1 0,North,2,3,28
3,4,10,4,1869.436,2 0,North,2,3,28
3,4,10,3,1870.171,2 0,North,2,3,29
3,4,10,4,1870.803,3 0,North,2,3,29
3,4,10,3,1871.314,3 0,North,2,3,30
3,4,10,3,1871.904,3 0,North,2,3,31
3,4,10,2,1872.239,2 0,North,2,3,31
3,4,10,3,1873.256,2 0,North,2,3,32
3,4,10,4,1873.823,3 0,North,2,3,32
3,4,10,4,1874.618,4 0,North,2,3,32
3,4,10,4,1875.147,4 0,North,2,3,32
3,4,10,3,1875.586,4 1,North,2,3,32
3,4,10,3,1876.382,4 1,North,2,3,33
3,4,10,1,1876.992,4 0,North,2,3,33
3,4,10,2,1877.737,3 0,North,2,3,33
3,4,10,2,1878.761,2 0,North,2,3,33
3,4,10,3,1879.454,2 0,North,2,3,34
3,4,10,2,1880.203,1 0,North,2,3,34
3,4,10,3,1880.762,1 1,North,2,3,34
3,4,10,4,1881.518,2 1,North,2,3,34
3,4,10,3,1882.282,2 1,North,2,3,35
3,4,10,4,1882.859,3 1,North,2,3,35
3,4,10,3,1883.469,3 2,North,2,3,35
3,4,10,3,1884.365,3 3,North,2,3,35
3,4,10,3,1885.234,3 3,North,2,3,36
3,4,10,2,1885.964,3 3,North,2,3,37
3,4,10,4,1886.546,3 3,North,2,3,38
3,4,10,2,1887.245,3 3,North,2,3,39
3,4,10,1,1887.568,3 2,North,2,3,39
3,4,10,2,1888.169,3 2,North,2,3,40
3,4,10,2,1888.771,3 2,North,2,3,41
3,4,10,4,1889.114,4 2,North,2,3,41
3,4,10,3,1889.729,4 3,North,2,3,41
3,4,10,3,1890.521,4 4,North,2,3,41
3,4,10,2,1891.312,3 4,North,2,3,41
3,4,10,2,1892.255,2 4,North,2,3,41
3,4,10,2,1893.135,1 4,North,2,3,41
3,4,10,2,1893.944,0 4,North,2,3,41
3,4,10,6,1894.32,0 4,North,2,4,41
3,4,10,1,1895.163,0 3,North,2,4,41
3,4,10,4,1895.834,0 3,North,2,4,42
3,4,10,3,1896.432,0 4,North,2,4,42
3,4,10,4,1897.213,1 4,North,2,4,42
3,4,10,1,1897.906,1 3,North,2,4,42
3,4,10,6,1898.3,1 3,North,2,5,42
3,4,10,3,1898.847,1 4,North,2,5,42
3,4,10,4,1899.597,2 4,North,2,5,42
3,4,10,6,1899.96,2 4,North,2,6,42
3,4,10,4,1900.464,3 4,North,2,6,42
3,4,10,1,1901.258,3 4,North,2,6,43
3,4,10,2,1901.859,2 4,North,2,6,43
3,4,10,1,1902.578,2 4,North,2,6,44
3,4,10,1,1903.689,2 4,North,2,6,45
3,4,10,4,1904.05,3 4,North,2,6,45
3,4,10,4,1904.944,4 4,North,2,6,45
3,4,10,1,1905.746,4 3,North,2,6,45
3,4,10,1,1906.639,4 2,North,2,6,45
3,4,10,2,1907.37,3 2,North,2,6,45
3,4,10,6,1907.74,3 2,North,2,7,45
3,4,10,4,1908.428,4 2,North,2,7,45
3,4,10,6,1908.78,4 2,North,2,8,45
0,4,11,2,1913.993,3 4,North,2,0,45
0,4,11,2,1915.047,2 4,North,2,0,45
0,4,11,2,1915.944,1 4,North,2,0,45
0,4,11,2,1916.792,0 4,North,2,0,45
0,4,11,1,1918.091,0 4,West,2,0,45
0,4,11,1,1919.039,0 4,South,2,0,45
0,4,11,2,1920.153,1 4,South,2,0,45
0,4,11,3,1920.697,1 4,West,2,0,45
0,4,11,2,1921.374,1 3,West,2,0,45
0,4,11,1,1922.014,1 3,South,2,0,45
0,4,11,2,1922.543,2 3,South,2,0,45
0,4,11,3,1923.146,2 3,West,2,0,45
0,4,11,2,1923.722,2 2,West,2,0,45
0,4,11,3,1924.27,2 2,North,2,0,45
0,4,11,2,1924.797,1 2,North,2,0,45
0,4,11,6,1925.18,1 2,North,2,1,45
0,4,11,2,1928.066,0 2,North,2,1,45
0,4,11,1,1928.638,0 2,West,2,1,45
0,4,11,2,1929.257,0 1,West,2,1,45
0,4,11,1,1930.617,0 1,South,2,1,45
0,4,11,1,1931.498,0 1,East,2,1,45
0,4,11,2,1932.015,0 2,East,2,1,45
0,4,11,3,1932.617,0 2,South,2,1,45
0,4,11,2,1933.145,1 2,South,2,1,45
0,4,11,2,1934.048,2 2,South,2,1,45
0,4,11,1,1935.117,2 2,East,2,1,45
0,4,11,2,1935.769,2 3,East,2,1,45
0,4,11,1,1936.335,2 3,North,2,1,45
0,4,11,2,1936.993,1 3,North,2,1,45
0,4,11,3,1937.66,1 3,East,2,1,45
0,4,11,2,1938.273,1 4,East,2,1,45
0,4,11,3,1938.873,1 4,South,2,1,45
0,4,11,2,1939.568,2 4,South,2,1,45
0,4,11,2,1940.298,3 4,South,2,1,45
0,4,11,2,1941.098,4 4,South,2,1,45
0,4,11,3,1941.66,4 4,West,2,1,45
0,4,11,2,1942.283,4 3,West,2,1,45
0,4,11,2,1943.208,4 2,West,2,1,45
0,4,11,3,1944.267,4 2,North,2,1,45
0,4,11,2,1944.832,3 2,North,2,1,45
0,4,11,1,1945.583,3 2,West,2,1,45
0,4,11,2,1946.141,3 1,West,2,1,45
0,4,11,6,1946.56,3 1,West,2,2,45
0,4,11,2,1947.278,3 1,West,2,2,45
0,4,11,3,1947.711,3 1,North,2,2,45
0,4,11,2,1948.427,2 1,North,2,2,45
0,4,11,2,1949.357,1 1,North,2,2,45
0,4,11,1,1950.504,1 1,West,2,2,45
0,4,11,2,1951.184,1 0,West,2,2,45
0,4,11,1,1951.755,1 0,South,2,2,45
0,4,11,1,1952.539,1 0,East,2,2,45
0,4,11,3,1953.376,1 0,South,2,2,45
0,4,11,2,1953.978,2 0,South,2,2,45
0,4,11,2,1954.78,3 0,South,2,2,45
0,4,11,2,1955.898,4 0,South,2,2,45
0,4,11,1,1956.479,4 0,East,2,2,45
0,4,11,1,1957.448,4 0,North,2,2,45
0,4,11,2,1958.189,3 0,North,2,2,45
0,4,11,2,1959.088,2 0,North,2,2,45
0,4,11,2,1960.092,1 0,North,2,2,45
0,4,11,3,1961.419,1 0,East,2,2,45
0,4,11,2,1962.026,1 1,East,2,2,45
0,4,11,3,1962.649,1 1,South,2,2,45
0,4,11,2,1963.471,2 1,South,2,2,45
0,4,11,2,1964.346,3 1,South,2,2,45
0,4,11,1,1964.958,3 1,East,2,2,45
0,4,11,2,1965.52,3 2,East,2,2,45
0,4,11,3,1966.065,3 2,South,2,2,45
0,4,11,2,1966.632,4 2,South,2,2,45
0,4,11,1,1967.263,4 2,East,2,2,45
0,4,11,2,1967.924,4 3,East,2,2,45
0,4,11,2,1968.666,4 4,East,2,2,45
0,4,11,1,1969.789,4 4,North,2,2,45
0,4,11,2,1970.448,3 4,North,2,2,45
0,4,11,2,1971.149,2 4,North,2,2,45
0,4,11,2,1972.044,1 4,North,2,2,45
0,4,11,1,1972.849,1 4,West,2,2,45
0,4,11,2,1974.015,1 3,West,2,2,45
0,4,11,6,1974.42,1 3,West,2,3,45
0,4,11,1,1974.801,1 3,South,2,3,45
0,4,11,2,1975.355,2 3,South,2,3,45
0,4,11,3,1975.914,2 3,West,2,3,45
0,4,11,2,1976.458,2 2,West,2,3,45
0,4,11,3,1977.006,2 2,North,2,3,45
0,4,11,2,1977.629,1 2,North,2,3,45
0,4,11,2,1978.298,0 2,North,2,3,45
0,4,11,1,1979.39,0 2,West,2,3,45
0,4,11,2,1979.964,0 1,West,2,3,45
0,4,11,1,1980.745,0 1,South,2,3,45
0,4,11,1,1981.694,0 1,East,2,3,45
0,4,11,2,1982.715,0 2,East,2,3,45
0,4,11,3,1983.262,0 2,South,2,3,45
0,4,11,2,1983.867,1 2,South,2,3,45
0,4,11,2,1984.538,2 2,South,2,3,45
0,4,11,1,1985.633,2 2,East,2,3,45
0,4,11,2,1986.206,2 3,East,2,3,45
0,4,11,1,1986.752,2 3,North,2,3,45
0,4,11,2,1987.362,1 3,North,2,3,45
0,4,11,3,1987.885,1 3,East,2,3,45
0,4,11,2,1988.545,1 4,East,2,3,45
0,4,11,3,1989.081,1 4,South,2,3,45
0,4,11,2,1989.688,2 4,South,2,3,45
0,4,11,2,1990.432,3 4,South,2,3,45
0,4,11,2,1991.359,4 4,South,2,3,45
0,4,11,3,1991.883,4 4,West,2,3,45
0,4,11,2,1992.511,4 3,West,2,3,45
0,4,11,2,1993.23,4 2,West,2,3,45
0,4,11,6,1993.64,4 2,West,2,4,45
0,4,11,3,1994.157,4 2,North,2,4,45
0,4,11,2,1994.799,3 2,North,2,4,45
0,4,11,3,1995.403,3 2,East,2,4,45
0,4,11,2,1995.949,3 3,East,2,4,45
0,4,11,6,1996.36,3 3,East,2,5,45
0,4,11,1,1997.276,3 3,North,2,5,45
0,4,11,1,1998.381,3 3,West,2,5,45
0,4,11,2,1998.987,3 2,West,2,5,45
0,4,11,2,1999.648,3 1,West,2,5,45
0,4,11,3,2000.253,3 1,North,2,5,45
0,4,11,2,2000.816,2 1,North,2,5,45
0,4,11,2,2001.583,1 1,North,2,5,45
0,4,11,1,2002.617,1 1,West,2,5,45
0,4,11,2,2003.297,1 0,West,2,5,45
0,4,11,1,2003.852,1 0,South,2,5,45
0,4,11,1,2004.651,1 0,East,2,5,45
0,4,11,3,2005.274,1 0,South,2,5,45
0,4,11,2,2005.85,2 0,South,2,5,45
0,4,11,2,2006.462,3 0,South,2,5,45
0,4,11,2,2007.244,4 0,South,2,5,45
0,4,11,1,2007.79,4 0,East,2,5,45
0,4,11,1,2008.506,4 0,North,2,5,45
0,4,11,2,2009.194,3 0,North,2,5,45
0,4,11,2,2009.791,2 0,North,2,5,45
0,4,11,2,2010.815,1 0,North,2,5,45
0,4,11,3,2011.375,1 0,East,2,5,45
0,4,11,2,2011.996,1 1,East,2,5,45
0,4,11,3,2012.522,1 1,South,2,5,45
0,4,11,2,2013.121,2 1,South,2,5,45
0,4,11,2,2013.756,3 1,South,2,5,45
0,4,11,1,2014.337,3 1,East,2,5,45
0,4,11,2,2014.926,3 2,East,2,5,45
0,4,11,3,2015.612,3 2,South,2,5,45
0,4,11,2,2016.269,4 2,South,2,5,45
0,4,11,1,2016.942,4 2,East,2,5,45
0,4,11,1,2017.678,4 2,North,2,5,45
0,4,11,3,2018.556,4 2,East,2,5,45
0,4,11,2,2019.24,4 3,East,2,5,45
0,4,11,2,2019.884,4 4,East,2,5,45
0,4,11,1,2020.414,4 4,North,2,5,45
0,4,11,2,2021.053,3 4,North,2,5,45
0,4,11,2,2021.708,2 4,North,2,5,45
0,4,11,2,2022.379,1 4,North,2,5,45
0,4,11,6,2022.76,1 4,North,2,6,45
0,4,11,2,2023.279,0 4,North,2,6,45
0,4,11,1,2024.04,0 4,West,2,6,45
0,4,11,2,2024.703,0 3,West,2,6,45
0,4,11,6,2025.12,0 3,West,2,7,45
0,4,11,1,2025.916,0 3,South,2,7,45
0,4,11,1,2026.525,0 3,East,2,7,45
0,4,11,2,2027.178,0 4,East,2,7,45
0,4,11,3,2027.753,0 4,South,2,7,45
0,4,11,2,2028.363,1 4,South,2,7,45
0,4,11,2,2028.968,2 4,South,2,7,45
0,4,11,2,2029.616,3 4,South,2,7,45
0,4,11,6,2030,3 4,South,2,8,45
3,4,11,2,2039.201,3 4,North,2,0,0
3,4,11,6,2039.6,3 4,North,2,1,0
3,4,11,2,2039.738,2 4,North,2,1,0
3,4,11,2,2040.379,1 4,North,2,1,0
3,4,11,1,2040.911,1 3,North,2,1,0
3,4,11,6,2041.32,1 3,North,2,2,0
3,4,11,1,2041.455,1 3,North,2,2,1
3,4,11,3,2041.914,1 4,North,2,2,1
3,4,11,4,2042.722,2 4,North,2,2,1
3,4,11,4,2043.421,3 4,North,2,2,1
3,4,11,4,2044.462,4 4,North,2,2,1
3,4,11,4,2044.977,4 4,North,2,2,1
3,4,11,1,2045.177,4 3,North,2,2,1
3,4,11,1,2045.739,4 2,North,2,2,1
3,4,11,6,2046.14,4 2,North,2,3,1
3,4,11,3,2046.522,4 3,North,2,3,1
3,4,11,2,2047.098,4 3,North,2,3,2
3,4,11,2,2047.329,4 3,North,2,3,3
3,4,11,3,2047.674,4 4,North,2,3,3
3,4,11,3,2048.22,4 4,North,2,3,3
3,4,11,2,2048.44,3 4,North,2,3,3
3,4,11,2,2048.99,2 4,North,2,3,3
3,4,11,4,2049.58,3 4,North,2,3,3
3,4,11,1,2050.241,3 4,North,2,3,4
3,4,11,1,2050.466,3 4,North,2,3,5
3,4,11,2,2050.782,2 4,North,2,3,5
3,4,11,1,2051.36,2 4,North,2,3,6
3,4,11,1,2051.587,2 4,North,2,3,7
3,4,11,4,2052.144,3 4,North,2,3,7
3,4,11,4,2053.359,4 4,North,2,3,7
3,4,11,1,2054.033,4 3,North,2,3,7
3,4,11,2,2055.226,4 3,North,2,3,8
3,4,11,1,2056.017,4 2,North,2,3,8
3,4,11,2,2056.753,3 2,North,2,3,8
3,4,11,3,2057.393,3 3,North,2,3,8
3,4,11,6,2057.8,3 3,North,2,4,8
3,4,11,3,2059.083,3 3,North,2,4,9
3,4,11,1,2059.647,3 2,North,2,4,9
3,4,11,1,2060.905,3 1,North,2,4,9
3,4,11,4,2061.516,3 1,North,2,4,10
3,4,11,3,2062.142,3 2,North,2,4,10
3,4,11,4,2062.712,4 2,North,2,4,10
3,4,11,3,2063.55,4 3,North,2,4,10
3,4,11,3,2064.557,4 4,North,2,4,10
3,4,11,1,2065.977,4 3,North,2,4,10
3,4,11,1,2066.944,4 2,North,2,4,10
3,4,11,1,2068.144,4 2,North,2,4,11
3,4,11,2,2068.632,3 2,North,2,4,11
3,4,11,1,2069.504,3 1,North,2,4,11
3,4,11,1,2070.622,3 1,North,2,4,12
3,4,11,2,2071.144,2 1,North,2,4,12
3,4,11,2,2072.126,1 1,North,2,4,12
3,4,11,2,2073.105,1 1,North,2,4,13
3,4,11,1,2073.616,1 0,North,2,4,13
3,4,11,2,2074.392,1 0,North,2,4,14
3,4,11,3,2075.266,1 1,North,2,4,14
3,4,11,2,2076.076,1 1,North,2,4,15
3,4,11,3,2076.736,1 1,North,2,4,16
3,4,11,1,2077.513,1 0,North,2,4,16
3,4,11,2,2078.633,1 0,North,2,4,17
3,4,11,4,2079.425,2 0,North,2,4,17
3,4,11,3,2080.266,2 0,North,2,4,18
3,4,11,4,2081.272,3 0,North,2,4,18
3,4,11,3,2081.806,3 0,North,2,4,19
3,4,11,4,2082.673,4 0,North,2,4,19
3,4,11,3,2083.531,4 1,North,2,4,19
3,4,11,1,2084.896,4 0,North,2,4,19
3,4,11,2,2085.615,3 0,North,2,4,19
3,4,11,2,2086.639,2 0,North,2,4,19
3,4,11,3,2087.407,2 0,North,2,4,20
3,4,11,4,2088.065,3 0,North,2,4,20
3,4,11,3,2088.606,3 0,North,2,4,21
3,4,11,2,2089.456,2 0,North,2,4,21
3,4,11,3,2090.671,2 0,North,2,4,22
3,4,11,2,2091.259,1 0,North,2,4,22
3,4,11,3,2091.954,1 1,North,2,4,22
3,4,11,4,2092.587,2 1,North,2,4,22
3,4,11,3,2093.296,2 1,North,2,4,23
3,4,11,2,2094.077,1 1,North,2,4,23
3,4,11,2,2094.833,1 1,North,2,4,24
3,4,11,3,2095.805,1 1,North,2,4,25
3,4,11,4,2096.441,2 1,North,2,4,25
3,4,11,3,2097.177,2 1,North,2,4,26
3,4,11,4,2097.825,3 1,North,2,4,26
3,4,11,3,2098.458,3 2,North,2,4,26
3,4,11,4,2099.458,4 2,North,2,4,26
3,4,11,3,2100.22,4 3,North,2,4,26
3,4,11,3,2101.098,4 4,North,2,4,26
3,4,11,2,2101.816,3 4,North,2,4,26
3,4,11,2,2102.683,2 4,North,2,4,26
3,4,11,2,2103.449,1 4,North,2,4,26
3,4,11,2,2104.4,0 4,North,2,4,26
3,4,11,1,2105.263,0 3,North,2,4,26
3,4,11,1,2106.192,0 3,North,2,4,27
3,4,11,4,2107.226,0 3,North,2,4,28
3,4,11,4,2107.795,0 3,North,2,4,29
3,4,11,3,2108.104,0 4,North,2,4,29
3,4,11,4,2108.64,1 4,North,2,4,29
3,4,11,1,2109.423,1 3,North,2,4,29
3,4,11,1,2110.367,1 3,North,2,4,30
3,4,11,2,2110.875,1 3,North,2,4,31
3,4,11,2,2111.49,1 3,North,2,4,32
3,4,11,4,2111.999,2 3,North,2,4,32
3,4,11,1,2112.543,2 2,North,2,4,32
3,4,11,2,2113.31,1 2,North,2,4,32
3,4,11,1,2114.042,1 2,North,2,4,33
3,4,11,2,2114.729,0 2,North,2,4,33
3,4,11,1,2115.506,0 1,North,2,4,33
3,4,11,6,2115.9,0 1,North,2,5,33
3,4,11,1,2116.729,0 0,North,2,5,33
3,4,11,4,2117.563,0 0,North,2,5,34
3,4,11,3,2118.189,0 1,North,2,5,34
3,4,11,4,2118.848,0 1,North,2,5,35
3,4,11,3,2119.533,0 2,North,2,5,35
3,4,11,4,2120.092,1 2,North,2,5,35
3,4,11,1,2121,1 2,North,2,5,36
3,4,11,3,2121.612,1 2,North,2,5,37
3,4,11,4,2122.195,2 2,North,2,5,37
3,4,11,4,2123.151,2 2,North,2,5,38
3,4,11,1,2123.85,2 2,North,2,5,39
3,4,11,3,2124.433,2 3,North,2,5,39
3,4,11,4,2125.151,2 3,North,2,5,40
3,4,11,3,2125.738,2 3,North,2,5,41
3,4,11,2,2126.449,1 3,North,2,5,41
3,4,11,3,2127.194,1 4,North,2,5,41
3,4,11,4,2127.912,2 4,North,2,5,41
3,4,11,4,2128.797,3 4,North,2,5,41
3,4,11,1,2129.53,3 4,North,2,5,42
3,4,11,4,2130.464,4 4,North,2,5,42
3,4,11,1,2131.247,4 3,North,2,5,42
3,4,11,1,2131.982,4 2,North,2,5,42
3,4,11,1,2132.808,4 2,North,2,5,43
3,4,11,1,2133.754,4 2,North,2,5,44
3,4,11,2,2134.221,3 2,North,2,5,44
3,4,11,1,2134.76,3 1,North,2,5,44
3,4,11,1,2135.691,3 1,North,2,5,45
3,4,11,2,2136.273,2 1,North,2,5,45
3,4,11,1,2136.925,2 1,North,2,5,46
3,4,11,4,2137.58,3 1,North,2,5,46
3,4,11,4,2138.478,3 1,North,2,5,47
3,4,11,3,2139.229,3 2,North,2,5,47
3,4,11,2,2139.882,3 2,North,2,5,48
3,4,11,1,2140.765,3 1,North,2,5,48
3,4,11,1,2141.633,3 1,North,2,5,49
3,4,11,4,2142.25,3 1,North,2,5,50
3,4,11,2,2143.073,2 1,North,2,5,50
3,4,11,1,2143.791,2 1,North,2,5,51
3,4,11,2,2144.281,1 1,North,2,5,51
3,4,11,1,2145.008,1 0,North,2,5,51
3,4,11,4,2145.948,2 0,North,2,5,51
3,4,11,4,2146.778,3 0,North,2,5,51
3,4,11,6,2147.14,3 0,North,2,6,51
3,4,11,2,2147.76,2 0,North,2,6,51
3,4,11,3,2148.607,2 0,North,2,6,52
3,4,11,2,2149.169,1 0,North,2,6,52
3,4,11,3,2149.922,1 1,North,2,6,52
3,4,11,4,2150.673,2 1,North,2,6,52
3,4,11,6,2151.04,2 1,North,2,7,52
3,4,11,3,2151.532,2 1,North,2,7,53
3,4,11,2,2152.284,1 1,North,2,7,53
3,4,11,2,2153.371,1 1,North,2,7,54
3,4,11,4,2154.543,2 1,North,2,7,54
3,4,11,3,2155.233,2 1,North,2,7,55
3,4,11,4,2155.809,3 1,North,2,7,55
3,4,11,3,2156.495,3 2,North,2,7,55
3,4,11,3,2157.321,3 3,North,2,7,55
3,4,11,3,2158.193,3 3,North,2,7,56
3,4,11,2,2158.872,3 3,North,2,7,57
3,4,11,4,2159.488,3 3,North,2,7,58
3,4,11,2,2160.106,3 3,North,2,7,59
3,4,11,1,2160.506,3 2,North,2,7,59
3,4,11,2,2161.089,3 2,North,2,7,60
3,4,11,1,2161.93,3 1,North,2,7,60
3,4,11,4,2162.541,3 1,North,2,7,61
3,4,11,3,2163.172,3 2,North,2,7,61
3,4,11,4,2163.768,4 2,North,2,7,61
3,4,11,3,2164.459,4 3,North,2,7,61
3,4,11,3,2165.33,4 4,North,2,7,61
3,4,11,2,2166.184,3 4,North,2,7,61
3,4,11,2,2167.02,2 4,North,2,7,61
3,4,11,2,2167.952,1 4,North,2,7,61
3,4,11,2,2168.882,0 4,North,2,7,61
3,4,11,1,2169.81,0 3,North,2,7,61
3,4,11,6,2170.22,0 3,North,2,8,61
0,4,12,2,2174.737,3 4,North,2,0,61
0,4,12,2,2176.137,2 4,North,2,0,61
0,4,12,2,2177.026,1 4,North,2,0,61
0,4,12,2,2177.834,0 4,North,2,0,61
0,4,12,1,2178.956,0 4,West,2,0,61
0,4,12,1,2179.663,0 4,South,2,0,61
0,4,12,2,2180.24,1 4,South,2,0,61
0,4,12,3,2181.279,1 4,West,2,0,61
0,4,12,2,2182.029,1 3,West,2,0,61
0,4,12,1,2182.684,1 3,South,2,0,61
0,4,12,2,2183.261,2 3,South,2,0,61
0,4,12,3,2183.873,2 3,West,2,0,61
0,4,12,2,2184.559,2 2,West,2,0,61
0,4,12,3,2185.16,2 2,North,2,0,61
0,4,12,2,2186.074,1 2,North,2,0,61
0,4,12,2,2186.911,0 2,North,2,0,61
0,4,12,1,2187.583,0 2,West,2,0,61
0,4,12,2,2188.283,0 1,West,2,0,61
0,4,12,1,2189.146,0 1,South,2,0,61
0,4,12,1,2190.044,0 1,East,2,0,61
0,4,12,2,2190.608,0 2,East,2,0,61
0,4,12,3,2191.32,0 2,South,2,0,61
0,4,12,2,2191.928,1 2,South,2,0,61
0,4,12,2,2192.67,2 2,South,2,0,61
0,4,12,1,2193.56,2 2,East,2,0,61
0,4,12,1,2194.265,2 2,North,2,0,61
0,4,12,3,2194.824,2 2,East,2,0,61
0,4,12,2,2195.343,2 3,East,2,0,61
0,4,12,1,2195.981,2 3,North,2,0,61
0,4,12,2,2196.595,1 3,North,2,0,61
0,4,12,3,2197.229,1 3,East,2,0,61
0,4,12,2,2197.852,1 4,East,2,0,61
0,4,12,3,2198.493,1 4,South,2,0,61
0,4,12,2,2199.101,2 4,South,2,0,61
0,4,12,2,2199.774,3 4,South,2,0,61
0,4,12,2,2200.457,4 4,South,2,0,61
0,4,12,3,2201.132,4 4,West,2,0,61
0,4,12,2,2201.833,4 3,West,2,0,61
0,4,12,2,2202.383,4 2,West,2,0,61
0,4,12,3,2203.162,4 2,North,2,0,61
0,4,12,2,2203.696,3 2,North,2,0,61
0,4,12,3,2204.635,3 2,East,2,0,61
0,4,12,1,2205.182,3 2,North,2,0,61
0,4,12,1,2206.062,3 2,West,2,0,61
0,4,12,2,2206.666,3 1,West,2,0,61
0,4,12,3,2207.32,3 1,North,2,0,61
0,4,12,2,2208.077,2 1,North,2,0,61
0,4,12,2,2208.655,1 1,North,2,0,61
0,4,12,1,2209.465,1 1,West,2,0,61
0,4,12,2,2210.008,1 0,West,2,0,61
0,4,12,1,2210.687,1 0,South,2,0,61
0,4,12,2,2211.385,2 0,South,2,0,61
0,4,12,2,2212.056,3 0,South,2,0,61
0,4,12,6,2212.44,3 0,South,2,1,61
0,4,12,2,2212.701,4 0,South,2,1,61
0,4,12,1,2213.4,4 0,East,2,1,61
0,4,12,2,2214.109,4 1,East,2,1,61
0,4,12,1,2214.863,4 1,North,2,1,61
0,4,12,1,2215.728,4 1,West,2,1,61
0,4,12,2,2216.495,4 0,West,2,1,61
0,4,12,3,2217.342,4 0,North,2,1,61
0,4,12,3,2217.889,4 0,East,2,1,61
0,4,12,3,2218.511,4 0,South,2,1,61
0,4,12,3,2219.106,4 0,West,2,1,61
0,4,12,3,2219.674,4 0,North,2,1,61
0,4,12,2,2221.597,3 0,North,2,1,61
0,4,12,2,2222.43,2 0,North,2,1,61
0,4,12,2,2223.084,1 0,North,2,1,61
0,4,12,3,2223.838,1 0,East,2,1,61
0,4,12,2,2224.616,1 1,East,2,1,61
0,4,12,3,2225.245,1 1,South,2,1,61
0,4,12,2,2225.946,2 1,South,2,1,61
0,4,12,2,2226.592,3 1,South,2,1,61
0,4,12,1,2227.165,3 1,East,2,1,61
0,4,12,2,2227.817,3 2,East,2,1,61
0,4,12,3,2228.462,3 2,South,2,1,61
0,4,12,2,2229.118,4 2,South,2,1,61
0,4,12,2,2229.772,4 2,South,2,1,61
0,4,12,1,2229.935,4 2,East,2,1,61
0,4,12,1,2230.623,4 2,North,2,1,61
0,4,12,3,2231.225,4 2,East,2,1,61
0,4,12,2,2231.753,4 3,East,2,1,61
0,4,12,2,2232.591,4 4,East,2,1,61
0,4,12,2,2233.117,4 4,East,2,1,61
0,4,12,2,2233.289,4 4,East,2,1,61
0,4,12,3,2233.566,4 4,South,2,1,61
0,4,12,3,2235.036,4 4,West,2,1,61
0,4,12,2,2235.625,4 3,West,2,1,61
0,4,12,2,2236.296,4 2,West,2,1,61
0,4,12,3,2236.941,4 2,North,2,1,61
0,4,12,2,2237.674,3 2,North,2,1,61
0,4,12,3,2238.222,3 2,East,2,1,61
0,4,12,1,2239.019,3 2,North,2,1,61
0,4,12,1,2239.982,3 2,West,2,1,61
0,4,12,1,2240.712,3 2,South,2,1,61
0,4,12,2,2241.421,4 2,South,2,1,61
0,4,12,1,2242.187,4 2,East,2,1,61
0,4,12,2,2242.847,4 3,East,2,1,61
0,4,12,2,2243.512,4 4,East,2,1,61
0,4,12,1,2244.108,4 4,North,2,1,61
0,4,12,2,2244.75,3 4,North,2,1,61
0,4,12,2,2245.425,2 4,North,2,1,61
0,4,12,2,2246.062,1 4,North,2,1,61
0,4,12,2,2246.719,0 4,North,2,1,61
0,4,12,1,2247.409,0 4,West,2,1,61
0,4,12,2,2248.169,0 3,West,2,1,61
0,4,12,1,2248.766,0 3,South,2,1,61
0,4,12,1,2249.353,0 3,East,2,1,61
0,4,12,2,2249.881,0 4,East,2,1,61
0,4,12,3,2250.507,0 4,South,2,1,61
0,4,12,2,2251.023,1 4,South,2,1,61
0,4,12,3,2251.613,1 4,West,2,1,61
0,4,12,2,2252.207,1 3,West,2,1,61
0,4,12,1,2253.107,1 3,South,2,1,61
0,4,12,1,2253.634,1 3,East,2,1,61
0,4,12,2,2256.7,1 4,East,2,1,61
0,4,12,3,2257.305,1 4,South,2,1,61
0,4,12,2,2258.049,2 4,South,2,1,61
0,4,12,2,2258.56,3 4,South,2,1,61
0,4,12,2,2259.487,4 4,South,2,1,61
0,4,12,3,2260.11,4 4,West,2,1,61
0,4,12,2,2260.712,4 3,West,2,1,61
0,4,12,2,2261.39,4 2,West,2,1,61
0,4,12,2,2261.916,4 2,West,2,1,61
0,4,12,2,2263.004,4 2,West,2,1,61
0,4,12,2,2263.243,4 2,West,2,1,61
0,4,12,2,2263.722,4 2,West,2,1,61
0,4,12,3,2263.866,4 2,North,2,1,61
0,4,12,2,2264.394,3 2,North,2,1,61
0,4,12,3,2265.424,3 2,East,2,1,61
0,4,12,1,2265.997,3 2,North,2,1,61
0,4,12,1,2266.665,3 2,West,2,1,61
0,4,12,2,2267.194,3 1,West,2,1,61
0,4,12,3,2267.824,3 1,North,2,1,61
0,4,12,2,2268.527,2 1,North,2,1,61
0,4,12,2,2269.215,1 1,North,2,1,61
0,4,12,1,2269.852,1 1,West,2,1,61
0,4,12,2,2270.506,1 0,West,2,1,61
0,4,12,1,2271.217,1 0,South,2,1,61
0,4,12,1,2272.049,1 0,East,2,1,61
0,4,12,3,2272.731,1 0,South,2,1,61
0,4,12,2,2273.385,2 0,South,2,1,61
0,4,12,2,2274.082,3 0,South,2,1,61
0,4,12,2,2274.781,4 0,South,2,1,61
0,4,12,2,2275.486,4 0,South,2,1,61
0,4,12,2,2275.706,4 0,South,2,1,61
0,4,12,1,2276.107,4 0,East,2,1,61
0,4,12,2,2276.654,4 1,East,2,1,61
0,4,12,1,2277.196,4 1,North,2,1,61
0,4,12,1,2277.916,4 1,West,2,1,61
0,4,12,2,2278.616,4 0,West,2,1,61
0,4,12,3,2279.276,4 0,North,2,1,61
0,4,12,2,2279.903,3 0,North,2,1,61
0,4,12,2,2280.431,2 0,North,2,1,61
0,4,12,2,2280.987,1 0,North,2,1,61
0,4,12,2,2283.593,1 0,North,2,1,61
0,4,12,2,2283.968,1 0,North,2,1,61
0,4,12,3,2284.192,1 0,East,2,1,61
0,4,12,2,2284.814,1 1,East,2,1,61
0,4,12,3,2285.465,1 1,South,2,1,61
0,4,12,2,2286.186,2 1,South,2,1,61
0,4,12,2,2286.844,3 1,South,2,1,61
0,4,12,1,2287.516,3 1,East,2,1,61
0,4,12,2,2288.146,3 2,East,2,1,61
0,4,12,3,2288.751,3 2,South,2,1,61
0,4,12,2,2289.439,4 2,South,2,1,61
0,4,12,1,2290.273,4 2,East,2,1,61
0,4,12,1,2291.08,4 2,North,2,1,61
0,4,12,2,2293.121,3 2,North,2,1,61
0,4,12,2,2293.634,3 2,North,2,1,61
0,4,12,1,2294.029,3 2,West,2,1,61
0,4,12,2,2294.665,3 1,West,2,1,61
0,4,12,3,2295.265,3 1,North,2,1,61
0,4,12,2,2295.933,2 1,North,2,1,61
0,4,12,2,2296.542,1 1,North,2,1,61
0,4,12,1,2297.161,1 1,West,2,1,61
0,4,12,2,2297.77,1 0,West,2,1,61
0,4,12,1,2298.368,1 0,South,2,1,61
0,4,12,2,2299,2 0,South,2,1,61
0,4,12,2,2299.723,3 0,South,2,1,61
0,4,12,2,2300.634,4 0,South,2,1,61
0,4,12,2,2301.948,4 0,South,2,1,61
0,4,12,1,2303.208,4 0,East,2,1,61
0,4,12,1,2303.759,4 0,North,2,1,61
0,4,12,2,2304.346,3 0,North,2,1,61
0,4,12,2,2305.007,2 0,North,2,1,61
0,4,12,2,2305.914,1 0,North,2,1,61
0,4,12,2,2306.553,1 0,North,2,1,61
0,4,12,3,2306.766,1 0,East,2,1,61
0,4,12,2,2307.473,1 1,East,2,1,61
0,4,12,3,2308.159,1 1,South,2,1,61
0,4,12,3,2308.747,1 1,West,2,1,61
0,4,12,3,2309.4,1 1,North,2,1,61
0,4,12,3,2310.157,1 1,East,2,1,61
0,4,12,2,2313.721,1 1,East,2,1,61
0,4,12,3,2314.126,1 1,South,2,1,61
0,4,12,2,2314.801,2 1,South,2,1,61
0,4,12,2,2315.47,3 1,South,2,1,61
0,4,12,1,2316.14,3 1,East,2,1,61
0,4,12,2,2316.748,3 2,East,2,1,61
0,4,12,3,2317.261,3 2,South,2,1,61
0,4,12,3,2317.801,3 2,West,2,1,61
0,4,12,2,2318.636,3 1,West,2,1,61
0,4,12,3,2319.422,3 1,North,2,1,61
0,4,12,2,2320.06,2 1,North,2,1,61
0,4,12,2,2320.697,1 1,North,2,1,61
0,4,12,2,2321.42,1 1,North,2,1,61
0,4,12,1,2321.804,1 1,West,2,1,61
0,4,12,1,2322.477,1 1,South,2,1,61
0,4,12,1,2323.057,1 1,East,2,1,61
0,4,12,2,2323.567,1 1,East,2,1,61
0,4,12,3,2323.71,1 1,South,2,1,61
0,4,12,2,2324.593,2 1,South,2,1,61
0,4,12,2,2325.176,3 1,South,2,1,61
0,4,12,2,2325.865,3 1,South,2,1,61
0,4,12,1,2326.174,3 1,East,2,1,61
0,4,12,2,2326.808,3 2,East,2,1,61
0,4,12,3,2327.53,3 2,South,2,1,61
0,4,12,2,2328.145,4 2,South,2,1,61
0,4,12,2,2328.877,4 2,South,2,1,61
0,4,12,2,2332.929,4 2,South,2,1,61
0,4,12,1,2333.338,4 2,East,2,1,61
0,4,12,2,2333.98,4 3,East,2,1,61
0,4,12,2,2334.623,4 4,East,2,1,61
0,4,12,1,2335.165,4 4,North,2,1,61
0,4,12,2,2335.808,3 4,North,2,1,61
0,4,12,2,2336.463,2 4,North,2,1,61
0,4,12,2,2337.033,1 4,North,2,1,61
0,4,12,1,2337.646,1 4,West,2,1,61
0,4,12,2,2338.346,1 3,West,2,1,61
0,4,12,1,2338.91,1 3,South,2,1,61
0,4,12,2,2339.5,2 3,South,2,1,61
0,4,12,3,2340.09,2 3,West,2,1,61
0,4,12,2,2340.714,2 2,West,2,1,61
0,4,12,3,2341.34,2 2,North,2,1,61
0,4,12,3,2342.271,2 2,East,2,1,61
0,4,12,2,2345.183,2 3,East,2,1,61
0,4,12,1,2345.802,2 3,North,2,1,61
0,4,12,1,2346.491,2 3,West,2,1,61
0,4,12,2,2347.026,2 2,West,2,1,61
0,4,12,3,2347.745,2 2,North,2,1,61
0,4,12,2,2348.364,1 2,North,2,1,61
0,4,12,2,2348.952,0 2,North,2,1,61
0,4,12,1,2349.567,0 2,West,2,1,61
0,4,12,2,2350.204,0 1,West,2,1,61
0,4,12,6,2350.62,0 1,West,2,2,61
0,4,12,2,2350.717,0 0,West,2,2,61
0,4,12,1,2354.459,0 0,South,2,2,61
0,4,12,1,2355.248,0 0,East,2,2,61
0,4,12,1,2355.804,0 0,North,2,2,61
0,4,12,3,2366.923,0 0,East,2,2,61
0,4,12,2,2368.527,0 1,East,2,2,61
0,4,12,2,2369.097,0 2,East,2,2,61
0,4,12,3,2369.705,0 2,South,2,2,61
0,4,12,2,2370.384,1 2,South,2,2,61
0,4,12,2,2371.006,2 2,South,2,2,61
0,4,12,1,2371.597,2 2,East,2,2,61
0,4,12,2,2372.208,2 3,East,2,2,61
0,4,12,1,2372.747,2 3,North,2,2,61
0,4,12,2,2373.421,1 3,North,2,2,61
0,4,12,3,2373.976,1 3,East,2,2,61
0,4,12,2,2374.54,1 4,East,2,2,61
0,4,12,3,2375.144,1 4,South,2,2,61
0,4,12,2,2375.753,2 4,South,2,2,61
0,4,12,2,2376.418,3 4,South,2,2,61
0,4,12,2,2377.004,4 4,South,2,2,61
0,4,12,3,2377.629,4 4,West,2,2,61
0,4,12,2,2378.188,4 3,West,2,2,61
0,4,12,2,2378.8,4 2,West,2,2,61
0,4,12,3,2379.387,4 2,North,2,2,61
0,4,12,2,2379.906,3 2,North,2,2,61
0,4,12,6,2380.28,3 2,North,2,3,61
0,4,12,2,2380.51,3 2,North,2,3,61
0,4,12,1,2380.684,3 2,West,2,3,61
0,4,12,2,2381.273,3 1,West,2,3,61
0,4,12,3,2381.825,3 1,North,2,3,61
0,4,12,2,2382.365,2 1,North,2,3,61
0,4,12,2,2382.969,1 1,North,2,3,61
0,4,12,1,2383.583,1 1,West,2,3,61
0,4,12,2,2384.155,1 0,West,2,3,61
0,4,12,1,2384.765,1 0,South,2,3,61
0,4,12,2,2385.473,2 0,South,2,3,61
0,4,12,2,2386.061,3 0,South,2,3,61
0,4,12,1,2387.358,3 0,East,2,3,61
0,4,12,1,2388.079,3 0,North,2,3,61
0,4,12,2,2388.715,2 0,North,2,3,61
0,4,12,2,2389.288,1 0,North,2,3,61
0,4,12,3,2389.865,1 0,East,2,3,61
0,4,12,2,2390.423,1 1,East,2,3,61
0,4,12,3,2391,1 1,South,2,3,61
0,4,12,3,2391.58,1 1,West,2,3,61
0,4,12,1,2392.136,1 1,South,2,3,61
0,4,12,2,2392.752,2 1,South,2,3,61
0,4,12,2,2393.305,3 1,South,2,3,61
0,4,12,1,2393.93,3 1,East,2,3,61
0,4,12,2,2394.458,3 2,East,2,3,61
0,4,12,3,2395.041,3 2,South,2,3,61
0,4,12,2,2395.582,4 2,South,2,3,61
0,4,12,1,2396.177,4 2,East,2,3,61
0,4,12,2,2396.794,4 3,East,2,3,61
0,4,12,2,2397.439,4 4,East,2,3,61
0,4,12,1,2398.065,4 4,North,2,3,61
0,4,12,2,2398.685,3 4,North,2,3,61
0,4,12,2,2399.36,2 4,North,2,3,61
0,4,12,2,2400.014,1 4,North,2,3,61
0,4,12,2,2400.639,0 4,North,2,3,61
0,4,12,6,2401.02,0 4,North,2,4,61
0,4,12,2,2401.457,0 4,North,2,4,61
0,4,12,1,2401.743,0 4,West,2,4,61
0,4,12,1,2402.442,0 4,South,2,4,61
0,4,12,2,2403.165,1 4,South,2,4,61
0,4,12,3,2403.802,1 4,West,2,4,61
0,4,12,2,2404.411,1 3,West,2,4,61
0,4,12,1,2405.04,1 3,South,2,4,61
0,4,12,2,2405.611,2 3,South,2,4,61
0,4,12,3,2406.192,2 3,West,2,4,61
0,4,12,2,2406.812,2 2,West,2,4,61
0,4,12,3,2407.469,2 2,North,2,4,61
0,4,12,2,2408.111,1 2,North,2,4,61
0,4,12,2,2408.719,0 2,North,2,4,61
0,4,12,1,2409.325,0 2,West,2,4,61
0,4,12,2,2409.931,0 1,West,2,4,61
0,4,12,1,2410.576,0 1,South,2,4,61
0,4,12,1,2411.201,0 1,East,2,4,61
0,4,12,2,2411.888,0 2,East,2,4,61
0,4,12,3,2412.477,0 2,South,2,4,61
0,4,12,2,2413.039,1 2,South,2,4,61
0,4,12,2,2413.672,2 2,South,2,4,61
0,4,12,1,2414.266,2 2,East,2,4,61
0,4,12,2,2414.845,2 3,East,2,4,61
0,4,12,1,2415.423,2 3,North,2,4,61
0,4,12,2,2415.984,1 3,North,2,4,61
0,4,12,3,2416.605,1 3,East,2,4,61
0,4,12,2,2417.201,1 4,East,2,4,61
0,4,12,3,2417.768,1 4,South,2,4,61
0,4,12,3,2418.364,1 4,West,2,4,61
0,4,12,1,2418.922,1 4,South,2,4,61
0,4,12,2,2419.577,2 4,South,2,4,61
0,4,12,2,2420.377,3 4,South,2,4,61
0,4,12,2,2420.974,4 4,South,2,4,61
0,4,12,3,2421.656,4 4,West,2,4,61
0,4,12,2,2422.226,4 3,West,2,4,61
0,4,12,2,2422.738,4 2,West,2,4,61
0,4,12,3,2423.277,4 2,North,2,4,61
0,4,12,2,2423.85,3 2,North,2,4,61
0,4,12,1,2424.4,3 2,West,2,4,61
0,4,12,2,2425.105,3 1,West,2,4,61
0,4,12,3,2425.842,3 1,North,2,4,61
0,4,12,2,2426.353,2 1,North,2,4,61
0,4,12,6,2426.74,2 1,North,2,5,61
0,4,12,2,2427.002,1 1,North,2,5,61
0,4,12,1,2427.631,1 1,West,2,5,61
0,4,12,2,2428.203,1 0,West,2,5,61
0,4,12,1,2428.799,1 0,South,2,5,61
0,4,12,2,2429.386,2 0,South,2,5,61
0,4,12,2,2429.936,3 0,South,2,5,61
0,4,12,2,2430.514,4 0,South,2,5,61
0,4,12,1,2431.116,4 0,East,2,5,61
0,4,12,1,2431.672,4 0,North,2,5,61
0,4,12,2,2432.268,3 0,North,2,5,61
0,4,12,2,2432.877,2 0,North,2,5,61
0,4,12,2,2433.532,1 0,North,2,5,61
0,4,12,3,2434.048,1 0,East,2,5,61
0,4,12,2,2434.749,1 1,East,2,5,61
0,4,12,3,2435.45,1 1,South,2,5,61
0,4,12,2,2435.965,2 1,South,2,5,61
0,4,12,2,2436.574,3 1,South,2,5,61
0,4,12,1,2437.339,3 1,East,2,5,61
0,4,12,2,2437.919,3 2,East,2,5,61
0,4,12,3,2438.521,3 2,South,2,5,61
0,4,12,2,2439.083,4 2,South,2,5,61
0,4,12,1,2439.663,4 2,East,2,5,61
0,4,12,2,2440.29,4 3,East,2,5,61
0,4,12,2,2440.942,4 4,East,2,5,61
0,4,12,1,2441.568,4 4,North,2,5,61
0,4,12,2,2442.174,3 4,North,2,5,61
0,4,12,2,2442.829,2 4,North,2,5,61
0,4,12,2,2443.503,1 4,North,2,5,61
0,4,12,2,2444.126,0 4,North,2,5,61
0,4,12,1,2444.754,0 4,West,2,5,61
0,4,12,2,2445.426,0 3,West,2,5,61
0,4,12,1,2446.062,0 3,South,2,5,61
0,4,12,1,2446.719,0 3,East,2,5,61
0,4,12,2,2447.246,0 4,East,2,5,61
0,4,12,3,2447.868,0 4,South,2,5,61
0,4,12,2,2448.414,1 4,South,2,5,61
0,4,12,3,2448.985,1 4,West,2,5,61
0,4,12,2,2449.707,1 3,West,2,5,61
0,4,12,1,2450.255,1 3,South,2,5,61
0,4,12,2,2450.828,2 3,South,2,5,61
0,4,12,3,2451.417,2 3,West,2,5,61
0,4,12,2,2451.995,2 2,West,2,5,61
0,4,12,3,2452.578,2 2,North,2,5,61
0,4,12,3,2453.241,2 2,East,2,5,61
0,4,12,3,2453.952,2 2,South,2,5,61
0,4,12,3,2455.033,2 2,West,2,5,61
0,4,12,1,2455.707,2 2,South,2,5,61
0,4,12,1,2456.383,2 2,East,2,5,61
0,4,12,1,2457.116,2 2,North,2,5,61
0,4,12,3,2457.712,2 2,East,2,5,61
0,4,12,2,2458.329,2 3,East,2,5,61
0,4,12,2,2458.873,2 3,East,2,5,61
0,4,12,2,2459.084,2 3,East,2,5,61
0,4,12,2,2459.295,2 3,East,2,5,61
0,4,12,1,2459.517,2 3,North,2,5,61
0,4,12,2,2460.074,1 3,North,2,5,61
0,4,12,3,2460.65,1 3,East,2,5,61
0,4,12,2,2461.294,1 4,East,2,5,61
0,4,12,3,2461.853,1 4,South,2,5,61
0,4,12,2,2462.815,2 4,South,2,5,61
0,4,12,2,2463.452,3 4,South,2,5,61
0,4,12,2,2464.059,4 4,South,2,5,61
0,4,12,3,2464.626,4 4,West,2,5,61
0,4,12,2,2465.214,4 3,West,2,5,61
0,4,12,2,2465.801,4 2,West,2,5,61
0,4,12,3,2466.399,4 2,North,2,5,61
0,4,12,2,2467.006,3 2,North,2,5,61
0,4,12,1,2467.785,3 2,West,2,5,61
0,4,12,1,2468.319,3 2,South,2,5,61
0,4,12,2,2468.942,4 2,South,2,5,61
0,4,12,3,2469.545,4 2,West,2,5,61
0,4,12,3,2470.456,4 2,North,2,5,61
0,4,12,2,2471.088,3 2,North,2,5,61
0,4,12,1,2471.679,3 2,West,2,5,61
0,4,12,2,2472.302,3 1,West,2,5,61
0,4,12,3,2472.881,3 1,North,2,5,61
0,4,12,2,2473.712,2 1,North,2,5,61
0,4,12,2,2474.331,1 1,North,2,5,61
0,4,12,1,2474.841,1 1,West,2,5,61
0,4,12,2,2475.42,1 0,West,2,5,61
0,4,12,1,2475.982,1 0,South,2,5,61
0,4,12,2,2476.604,2 0,South,2,5,61
0,4,12,2,2477.261,3 0,South,2,5,61
0,4,12,2,2477.889,4 0,South,2,5,61
0,4,12,2,2478.521,4 0,South,2,5,61
0,4,12,1,2478.778,4 0,East,2,5,61
0,4,12,1,2479.375,4 0,North,2,5,61
0,4,12,2,2479.997,3 0,North,2,5,61
0,4,12,2,2480.617,2 0,North,2,5,61
0,4,12,2,2481.231,1 0,North,2,5,61
0,4,12,2,2481.772,1 0,North,2,5,61
0,4,12,3,2482.012,1 0,East,2,5,61
0,4,12,3,2482.706,1 0,South,2,5,61
0,4,12,2,2483.692,2 0,South,2,5,61
0,4,12,2,2484.347,3 0,South,2,5,61
0,4,12,2,2484.989,4 0,South,2,5,61
0,4,12,1,2485.597,4 0,East,2,5,61
0,4,12,1,2486.283,4 0,North,2,5,61
0,4,12,2,2486.843,3 0,North,2,5,61
0,4,12,2,2487.488,2 0,North,2,5,61
0,4,12,2,2488.123,1 0,North,2,5,61
0,4,12,3,2488.729,1 0,East,2,5,61
0,4,12,2,2489.377,1 1,East,2,5,61
0,4,12,3,2489.979,1 1,South,2,5,61
0,4,12,3,2490.498,1 1,West,2,5,61
0,4,12,1,2491.15,1 1,South,2,5,61
0,4,12,2,2491.84,2 1,South,2,5,61
0,4,12,2,2492.489,3 1,South,2,5,61
0,4,12,1,2493.039,3 1,East,2,5,61
0,4,12,2,2493.696,3 2,East,2,5,61
0,4,12,3,2494.347,3 2,South,2,5,61
0,4,12,2,2494.857,4 2,South,2,5,61
0,4,12,1,2495.625,4 2,East,2,5,61
0,4,12,2,2496.206,4 3,East,2,5,61
0,4,12,2,2497.067,4 4,East,2,5,61
0,4,12,1,2497.66,4 4,North,2,5,61
0,4,12,2,2498.265,3 4,North,2,5,61
0,4,12,2,2498.959,2 4,North,2,5,61
0,4,12,2,2499.585,1 4,North,2,5,61
0,4,12,1,2500.235,1 4,West,2,5,61
0,4,12,2,2500.925,1 3,West,2,5,61
0,4,12,1,2501.514,1 3,South,2,5,61
0,4,12,2,2502.16,2 3,South,2,5,61
0,4,12,3,2502.752,2 3,West,2,5,61
0,4,12,2,2503.373,2 2,West,2,5,61
0,4,12,3,2503.966,2 2,North,2,5,61
0,4,12,2,2504.633,1 2,North,2,5,61
0,4,12,2,2505.153,0 2,North,2,5,61
0,4,12,3,2505.79,0 2,East,2,5,61
0,4,12,1,2506.577,0 2,North,2,5,61
0,4,12,1,2507.164,0 2,West,2,5,61
0,4,12,2,2507.692,0 1,West,2,5,61
0,4,12,2,2508.317,0 0,West,2,5,61
0,4,12,6,2508.74,0 0,West,2,6,61
0,4,12,1,2509.945,0 0,South,2,6,61
0,4,12,1,2510.637,0 0,East,2,6,61
0,4,12,2,2511.361,0 1,East,2,6,61
0,4,12,2,2512.024,0 2,East,2,6,61
0,4,12,3,2512.668,0 2,South,2,6,61
0,4,12,2,2513.307,1 2,South,2,6,61
0,4,12,2,2513.947,2 2,South,2,6,61
0,4,12,1,2514.537,2 2,East,2,6,61
0,4,12,2,2515.217,2 3,East,2,6,61
0,4,12,6,2515.62,2 3,East,2,7,61
0,4,12,2,2516.025,2 3,East,2,7,61
0,4,12,1,2516.256,2 3,North,2,7,61
0,4,12,2,2516.766,1 3,North,2,7,61
0,4,12,3,2517.343,1 3,East,2,7,61
0,4,12,2,2517.921,1 4,East,2,7,61
0,4,12,3,2518.505,1 4,South,2,7,61
0,4,12,2,2519.117,2 4,South,2,7,61
0,4,12,2,2519.802,3 4,South,2,7,61
0,4,12,2,2520.463,4 4,South,2,7,61
0,4,12,3,2521.069,4 4,West,2,7,61
0,4,12,2,2521.722,4 3,West,2,7,61
0,4,12,2,2522.37,4 2,West,2,7,61
0,4,12,3,2522.943,4 2,North,2,7,61
0,4,12,2,2523.551,3 2,North,2,7,61
0,4,12,3,2524.378,3 2,East,2,7,61
0,4,12,1,2525.276,3 2,North,2,7,61
0,4,12,1,2525.913,3 2,West,2,7,61
0,4,12,2,2526.59,3 1,West,2,7,61
0,4,12,3,2527.215,3 1,North,2,7,61
0,4,12,2,2527.857,2 1,North,2,7,61
0,4,12,2,2528.513,1 1,North,2,7,61
0,4,12,1,2529.118,1 1,West,2,7,61
0,4,12,2,2529.728,1 0,West,2,7,61
0,4,12,1,2530.362,1 0,South,2,7,61
0,4,12,2,2531.001,2 0,South,2,7,61
0,4,12,1,2531.6,2 0,East,2,7,61
0,4,12,1,2532.205,2 0,North,2,7,61
0,4,12,2,2532.857,1 0,North,2,7,61
0,4,12,3,2533.468,1 0,East,2,7,61
0,4,12,2,2534.012,1 1,East,2,7,61
0,4,12,2,2534.606,1 1,East,2,7,61
0,4,12,3,2534.801,1 1,South,2,7,61
0,4,12,3,2535.345,1 1,West,2,7,61
0,4,12,1,2535.981,1 1,South,2,7,61
0,4,12,2,2536.529,2 1,South,2,7,61
0,4,12,2,2537.146,3 1,South,2,7,61
0,4,12,1,2537.728,3 1,East,2,7,61
0,4,12,2,2538.269,3 2,East,2,7,61
0,4,12,3,2538.812,3 2,South,2,7,61
0,4,12,2,2539.336,4 2,South,2,7,61
0,4,12,1,2539.871,4 2,East,2,7,61
0,4,12,2,2540.447,4 3,East,2,7,61
0,4,12,2,2540.977,4 4,East,2,7,61
0,4,12,1,2541.537,4 4,North,2,7,61
0,4,12,2,2542.065,3 4,North,2,7,61
0,4,12,2,2542.636,2 4,North,2,7,61
0,4,12,2,2543.242,1 4,North,2,7,61
0,4,12,2,2543.848,0 4,North,2,7,61
0,4,12,1,2544.444,0 4,West,2,7,61
0,4,12,1,2545.049,0 4,South,2,7,61
0,4,12,2,2545.659,1 4,South,2,7,61
0,4,12,3,2546.217,1 4,West,2,7,61
0,4,12,2,2546.746,1 3,West,2,7,61
0,4,12,1,2547.346,1 3,South,2,7,61
0,4,12,2,2547.899,2 3,South,2,7,61
0,4,12,3,2548.51,2 3,West,2,7,61
0,4,12,2,2549.074,2 2,West,2,7,61
0,4,12,6,2549.48,2 2,West,2,8,61
3,4,12,2,2557.194,3 4,North,2,0,0
3,4,12,2,2557.804,2 4,North,2,0,0
3,4,12,2,2558.427,1 4,North,2,0,0
3,4,12,2,2559.073,0 4,North,2,0,0
3,4,12,2,2559.693,0 4,North,2,0,0
3,4,12,1,2560.018,0 3,North,2,0,0
3,4,12,1,2560.541,0 3,North,2,0,1
3,4,12,1,2560.745,0 3,North,2,0,2
3,4,12,1,2560.958,0 3,North,2,0,3
3,4,12,4,2561.387,0 3,North,2,0,4
3,4,12,3,2562.094,0 4,North,2,0,4
3,4,12,4,2562.782,1 4,North,2,0,4
3,4,12,1,2563.804,1 3,North,2,0,4
3,4,12,1,2564.766,1 3,North,2,0,5
3,4,12,2,2565.342,1 3,North,2,0,6
3,4,12,4,2566.254,2 3,North,2,0,6
3,4,12,1,2567.075,2 2,North,2,0,6
3,4,12,1,2568.142,2 2,North,2,0,7
3,4,12,2,2568.702,1 2,North,2,0,7
3,4,12,1,2569.467,1 2,North,2,0,8
3,4,12,2,2570.48,0 2,North,2,0,8
3,4,12,1,2571.243,0 1,North,2,0,8
3,4,12,6,2571.64,0 1,North,2,1,8
3,4,12,3,2572.273,0 2,North,2,1,8
3,4,12,4,2573.065,1 2,North,2,1,8
3,4,12,1,2574.028,1 2,North,2,1,9
3,4,12,3,2574.579,1 2,North,2,1,10
3,4,12,4,2575.117,2 2,North,2,1,10
3,4,12,4,2576.057,2 2,North,2,1,11
3,4,12,3,2576.746,2 3,North,2,1,11
3,4,12,4,2577.297,2 3,North,2,1,12
3,4,12,1,2577.969,2 2,North,2,1,12
3,4,12,1,2578.907,2 2,North,2,1,13
3,4,12,2,2580.11,1 2,North,2,1,13
3,4,12,3,2581.042,1 2,North,2,1,14
3,4,12,2,2581.664,0 2,North,2,1,14
3,4,12,3,2582.559,0 2,North,2,1,15
3,4,12,2,2584.177,0 2,North,2,1,15
3,4,12,1,2584.456,0 1,North,2,1,15
3,4,12,1,2585.456,0 0,North,2,1,15
3,4,12,4,2586.395,0 0,North,2,1,16
3,4,12,1,2588.478,0 0,North,2,1,16
3,4,12,4,2589.118,0 0,North,2,1,17
3,4,12,3,2589.859,0 1,North,2,1,17
3,4,12,3,2590.633,0 2,North,2,1,17
3,4,12,3,2591.417,0 2,North,2,1,18
3,4,12,4,2592.317,1 2,North,2,1,18
3,4,12,3,2593.027,1 2,North,2,1,19
3,4,12,4,2593.693,2 2,North,2,1,19
3,4,12,3,2594.639,2 3,North,2,1,19
3,4,12,3,2595.698,2 3,North,2,1,20
3,4,12,4,2596.271,2 3,North,2,1,21
3,4,12,1,2596.808,2 2,North,2,1,21
3,4,12,4,2597.552,2 2,North,2,1,22
3,4,12,1,2598.093,2 2,North,2,1,23
3,4,12,2,2598.842,1 2,North,2,1,23
3,4,12,1,2599.585,1 2,North,2,1,24
3,4,12,3,2600.188,1 2,North,2,1,25
3,4,12,2,2600.94,0 2,North,2,1,25
3,4,12,3,2601.939,0 2,North,2,1,26
3,4,12,4,2602.539,1 2,North,2,1,26
3,4,12,4,2603.466,2 2,North,2,1,26
3,4,12,4,2604.4,2 2,North,2,1,27
3,4,12,3,2605.041,2 3,North,2,1,27
3,4,12,4,2605.724,2 3,North,2,1,28
3,4,12,3,2606.415,2 3,North,2,1,29
3,4,12,2,2607.033,1 3,North,2,1,29
3,4,12,3,2608.025,1 4,North,2,1,29
3,4,12,4,2608.815,2 4,North,2,1,29
3,4,12,4,2609.802,3 4,North,2,1,29
3,4,12,1,2610.588,3 4,North,2,1,30
3,4,12,4,2611.165,4 4,North,2,1,30
3,4,12,1,2611.96,4 3,North,2,1,30
3,4,12,1,2612.778,4 2,North,2,1,30
3,4,12,2,2613.563,3 2,North,2,1,30
3,4,12,6,2613.94,3 2,North,2,2,30
3,4,12,4,2615.145,4 2,North,2,2,30
3,4,12,3,2616.013,4 3,North,2,2,30
3,4,12,3,2616.786,4 4,North,2,2,30
3,4,12,2,2617.649,3 4,North,2,2,30
3,4,12,2,2618.56,2 4,North,2,2,30
3,4,12,2,2619.419,1 4,North,2,2,30
3,4,12,2,2620.986,0 4,North,2,2,30
3,4,12,2,2621.529,0 4,North,2,2,30
3,4,12,1,2621.934,0 3,North,2,2,30
3,4,12,1,2622.723,0 3,North,2,2,31
3,4,12,1,2622.896,0 3,North,2,2,32
3,4,12,1,2623.069,0 3,North,2,2,33
3,4,12,1,2623.262,0 3,North,2,2,34
3,4,12,4,2623.916,0 3,North,2,2,35
3,4,12,3,2624.995,0 4,North,2,2,35
3,4,12,4,2625.924,1 4,North,2,2,35
3,4,12,1,2626.877,1 3,North,2,2,35
3,4,12,1,2627.881,1 3,North,2,2,36
3,4,12,2,2628.507,1 3,North,2,2,37
3,4,12,4,2629.136,2 3,North,2,2,37
3,4,12,1,2629.855,2 2,North,2,2,37
3,4,12,1,2630.861,2 2,North,2,2,38
3,4,12,2,2631.362,1 2,North,2,2,38
3,4,12,1,2632.2,1 2,North,2,2,39
3,4,12,2,2632.782,0 2,North,2,2,39
3,4,12,1,2633.548,0 1,North,2,2,39
3,4,12,1,2634.445,0 0,North,2,2,39
3,4,12,6,2634.84,0 0,North,2,3,39
3,4,12,3,2635.79,0 1,North,2,3,39
3,4,12,3,2636.825,0 2,North,2,3,39
3,4,12,4,2637.433,1 2,North,2,3,39
3,4,12,3,2638.121,1 2,North,2,3,40
3,4,12,4,2638.81,2 2,North,2,3,40
3,4,12,3,2639.422,2 3,North,2,3,40
3,4,12,4,2640.268,2 3,North,2,3,41
3,4,12,3,2640.846,2 3,North,2,3,42
3,4,12,3,2641.628,2 3,North,2,3,43
3,4,12,2,2641.88,1 3,North,2,3,43
3,4,12,4,2642.461,2 3,North,2,3,43
3,4,12,2,2643.181,1 3,North,2,3,43
3,4,12,3,2643.903,1 4,North,2,3,43
3,4,12,4,2644.721,2 4,North,2,3,43
3,4,12,4,2645.434,3 4,North,2,3,43
3,4,12,4,2646.416,4 4,North,2,3,43
3,4,12,1,2647.21,4 3,North,2,3,43
3,4,12,6,2647.62,4 3,North,2,4,43
3,4,12,1,2648.161,4 2,North,2,4,43
3,4,12,1,2649.193,4 2,North,2,4,44
3,4,12,2,2649.721,3 2,North,2,4,44
3,4,12,1,2650.85,3 1,North,2,4,44
3,4,12,1,2651.76,3 1,North,2,4,45
3,4,12,2,2652.209,2 1,North,2,4,45
3,4,12,1,2652.877,2 1,North,2,4,46
3,4,12,2,2653.597,1 1,North,2,4,46
3,4,12,1,2654.331,1 0,North,2,4,46
3,4,12,4,2655.232,2 0,North,2,4,46
3,4,12,4,2655.947,3 0,North,2,4,46
3,4,12,6,2656.32,3 0,North,2,5,46
3,4,12,2,2656.753,2 0,North,2,5,46
3,4,12,2,2657.498,1 0,North,2,5,46
3,4,12,3,2658.268,1 1,North,2,5,46
3,4,12,2,2659.229,1 1,North,2,5,47
3,4,12,3,2659.866,1 1,North,2,5,48
3,4,12,2,2660.43,1 1,North,2,5,49
3,4,12,4,2661.099,2 1,North,2,5,49
3,4,12,3,2661.629,2 1,North,2,5,50
3,4,12,3,2662.173,2 1,North,2,5,51
3,4,12,2,2662.528,1 1,North,2,5,51
3,4,12,3,2663.139,1 1,North,2,5,52
3,4,12,4,2663.82,2 1,North,2,5,52
3,4,12,4,2665.171,3 1,North,2,5,52
3,4,12,3,2665.793,3 2,North,2,5,52
3,4,12,3,2666.812,3 3,North,2,5,52
3,4,12,2,2667.824,3 3,North,2,5,53
3,4,12,3,2668.345,3 3,North,2,5,54
3,4,12,4,2668.976,3 3,North,2,5,55
3,4,12,2,2669.648,3 3,North,2,5,56
3,4,12,1,2670.399,3 2,North,2,5,56
3,4,12,2,2670.992,3 2,North,2,5,57
3,4,12,3,2671.737,3 3,North,2,5,57
3,4,12,2,2672.491,3 3,North,2,5,58
3,4,12,4,2673.088,3 3,North,2,5,59
3,4,12,3,2673.757,3 3,North,2,5,60
3,4,12,2,2674.381,3 3,North,2,5,61
3,4,12,1,2675.017,3 2,North,2,5,61
3,4,12,2,2675.979,3 2,North,2,5,62
3,4,12,1,2676.558,3 1,North,2,5,62
3,4,12,4,2677.273,3 1,North,2,5,63
3,4,12,2,2678.073,2 1,North,2,5,63
3,4,12,3,2678.8,2 1,North,2,5,64
3,4,12,2,2679.666,1 1,North,2,5,64
3,4,12,3,2680.345,1 1,North,2,5,65
3,4,12,2,2680.969,1 1,North,2,5,66
3,4,12,1,2681.642,1 0,North,2,5,66
3,4,12,2,2682.316,1 0,North,2,5,67
3,4,12,3,2683.106,1 1,North,2,5,67
3,4,12,2,2683.805,1 1,North,2,5,68
3,4,12,4,2684.578,2 1,North,2,5,68
3,4,12,3,2685.291,2 1,North,2,5,69
3,4,12,2,2686.03,1 1,North,2,5,69
3,4,12,3,2686.955,1 1,North,2,5,70
3,4,12,2,2687.473,1 1,North,2,5,71
3,4,12,2,2688.253,1 1,North,2,5,72
3,4,12,1,2688.799,1 0,North,2,5,72
3,4,12,4,2690.114,2 0,North,2,5,72
3,4,12,3,2690.959,2 0,North,2,5,73
3,4,12,1,2691.793,2 0,North,2,5,73
3,4,12,4,2692.272,3 0,North,2,5,73
3,4,12,4,2693.273,4 0,North,2,5,73
3,4,12,3,2694.174,4 1,North,2,5,73
3,4,12,1,2695.373,4 0,North,2,5,73
3,4,12,2,2696.154,3 0,North,2,5,73
3,4,12,2,2697.202,2 0,North,2,5,73
3,4,12,3,2697.714,2 0,North,2,5,74
3,4,12,3,2698.301,2 0,North,2,5,75
3,4,12,4,2698.637,3 0,North,2,5,75
3,4,12,3,2699.311,3 0,North,2,5,76
3,4,12,2,2700.057,2 0,North,2,5,76
3,4,12,3,2700.944,2 0,North,2,5,77
3,4,12,2,2701.562,1 0,North,2,5,77
3,4,12,2,2702.413,1 0,North,2,5,78
3,4,12,3,2703.675,1 1,North,2,5,78
3,4,12,2,2704.705,1 1,North,2,5,79
3,4,12,3,2705.276,1 1,North,2,5,80
3,4,12,4,2705.839,2 1,North,2,5,80
3,4,12,3,2706.577,2 1,North,2,5,81
3,4,12,4,2707.538,3 1,North,2,5,81
3,4,12,3,2708.222,3 2,North,2,5,81
3,4,12,2,2709.2,3 2,North,2,5,82
3,4,12,3,2709.708,3 3,North,2,5,82
3,4,12,3,2710.528,3 3,North,2,5,83
3,4,12,2,2711.137,3 3,North,2,5,84
3,4,12,4,2711.81,3 3,North,2,5,85
3,4,12,2,2712.57,3 3,North,2,5,86
3,4,12,4,2712.913,3 3,North,2,5,87
3,4,12,1,2713.247,3 2,North,2,5,87
3,4,12,4,2714.144,4 2,North,2,5,87
3,4,12,3,2714.962,4 3,North,2,5,87
3,4,12,3,2715.755,4 4,North,2,5,87
3,4,12,2,2716.575,3 4,North,2,5,87
3,4,12,2,2717.313,2 4,North,2,5,87
3,4,12,2,2718.107,1 4,North,2,5,87
3,4,12,2,2718.812,0 4,North,2,5,87
3,4,12,1,2719.579,0 3,North,2,5,87
3,4,12,1,2720.285,0 3,North,2,5,88
3,4,12,4,2721.101,0 3,North,2,5,89
3,4,12,2,2721.676,0 3,North,2,5,89
3,4,12,3,2722.169,0 4,North,2,5,89
3,4,12,4,2723.227,1 4,North,2,5,89
3,4,12,1,2723.981,1 3,North,2,5,89
3,4,12,1,2724.913,1 3,North,2,5,90
3,4,12,2,2725.451,1 3,North,2,5,91
3,4,12,4,2726.193,2 3,North,2,5,91
3,4,12,1,2726.766,2 2,North,2,5,91
3,4,12,2,2727.544,1 2,North,2,5,91
3,4,12,2,2728.363,0 2,North,2,5,91
3,4,12,6,2728.76,0 2,North,2,6,91
3,4,12,4,2729.811,1 2,North,2,6,91
3,4,12,4,2730.797,2 2,North,2,6,91
3,4,12,3,2731.36,2 3,North,2,6,91
3,4,12,3,2732.105,2 3,North,2,6,92
3,4,12,2,2732.86,1 3,North,2,6,92
3,4,12,3,2733.585,1 4,North,2,6,92
3,4,12,6,2733.98,1 4,North,2,7,92
3,4,12,4,2734.54,2 4,North,2,7,92
3,4,12,1,2736.286,2 4,North,2,7,93
3,4,12,4,2736.876,3 4,North,2,7,93
3,4,12,1,2737.472,3 4,North,2,7,94
3,4,12,2,2738.078,2 4,North,2,7,94
3,4,12,1,2739.149,2 4,North,2,7,95
3,4,12,4,2739.707,3 4,North,2,7,95
3,4,12,4,2740.609,4 4,North,2,7,95
3,4,12,1,2741.372,4 3,North,2,7,95
3,4,12,1,2742.225,4 2,North,2,7,95
3,4,12,1,2743.054,4 2,North,2,7,96
3,4,12,2,2743.627,3 2,North,2,7,96
3,4,12,1,2744.304,3 1,North,2,7,96
3,4,12,2,2745.019,2 1,North,2,7,96
3,4,12,1,2745.673,2 1,North,2,7,97
3,4,12,2,2746.427,1 1,North,2,7,97
3,4,12,1,2747.069,1 0,North,2,7,97
3,4,12,4,2747.85,2 0,North,2,7,97
3,4,12,4,2748.578,3 0,North,2,7,97
3,4,12,4,2749.313,4 0,North,2,7,97
3,4,12,6,2749.68,4 0,North,2,8,97
0,5,13,2,2803.516,3 4,North,3,0,97
0,5,13,6,2803.9,3 4,North,3,1,97
0,5,13,1,2804.386,3 4,West,3,1,97
0,5,13,2,2805.058,3 3,West,3,1,97
0,5,13,3,2805.708,3 3,North,3,1,97
0,5,13,2,2806.282,2 3,North,3,1,97
0,5,13,2,2807.312,1 3,North,3,1,97
0,5,13,2,2808.318,0 3,North,3,1,97
0,5,13,3,2808.978,0 3,East,3,1,97
0,5,13,2,2809.802,0 4,East,3,1,97
0,5,13,3,2810.49,0 4,South,3,1,97
0,5,13,3,2812.284,0 4,West,3,1,97
0,5,13,2,2812.954,0 3,West,3,1,97
0,5,13,1,2813.743,0 3,South,3,1,97
0,5,13,2,2814.507,1 3,South,3,1,97
0,5,13,2,2815.394,2 3,South,3,1,97
0,5,13,2,2816.413,3 3,South,3,1,97
0,5,13,1,2816.93,3 3,East,3,1,97
0,5,13,2,2817.58,3 4,East,3,1,97
0,5,13,3,2818.256,3 4,South,3,1,97
0,5,13,2,2818.876,4 4,South,3,1,97
0,5,13,3,2819.582,4 4,West,3,1,97
0,5,13,2,2820.28,4 3,West,3,1,97
0,5,13,3,2820.974,4 3,North,3,1,97
0,5,13,1,2821.565,4 3,West,3,1,97
0,5,13,3,2822.539,4 3,North,3,1,97
0,5,13,2,2823.539,4 3,North,3,1,97
0,5,13,1,2824.09,4 3,West,3,1,97
0,5,13,2,2824.864,4 2,West,3,1,97
0,5,13,3,2825.977,4 2,North,3,1,97
0,5,13,2,2826.59,3 2,North,3,1,97
0,5,13,1,2827.281,3 2,West,3,1,97
0,5,13,2,2827.968,3 1,West,3,1,97
0,5,13,2,2828.739,3 0,West,3,1,97
0,5,13,3,2829.359,3 0,North,3,1,97
0,5,13,2,2829.978,2 0,North,3,1,97
0,5,13,6,2830.36,2 0,North,3,2,97
0,5,13,2,2830.862,1 0,North,3,2,97
0,5,13,3,2831.949,1 0,East,3,2,97
0,5,13,2,2832.64,1 1,East,3,2,97
0,5,13,3,2833.742,1 1,South,3,2,97
0,5,13,2,2834.381,2 1,South,3,2,97
0,5,13,1,2834.985,2 1,East,3,2,97
0,5,13,2,2835.609,2 2,East,3,2,97
0,5,13,1,2836.221,2 2,North,3,2,97
0,5,13,2,2837.101,1 2,North,3,2,97
0,5,13,2,2838.125,0 2,North,3,2,97
0,5,13,1,2838.668,0 2,West,3,2,97
0,5,13,2,2839.548,0 1,West,3,2,97
0,5,13,1,2840.958,0 1,South,3,2,97
0,5,13,1,2841.963,0 1,East,3,2,97
0,5,13,2,2842.606,0 2,East,3,2,97
0,5,13,3,2843.312,0 2,South,3,2,97
0,5,13,2,2843.964,1 2,South,3,2,97
0,5,13,2,2844.657,2 2,South,3,2,97
0,5,13,3,2845.186,2 2,West,3,2,97
0,5,13,2,2845.858,2 1,West,3,2,97
0,5,13,3,2846.458,2 1,North,3,2,97
0,5,13,2,2847.087,1 1,North,3,2,97
0,5,13,1,2847.739,1 1,West,3,2,97
0,5,13,2,2848.363,1 0,West,3,2,97
0,5,13,1,2849.041,1 0,South,3,2,97
0,5,13,2,2849.745,2 0,South,3,2,97
0,5,13,2,2850.447,3 0,South,3,2,97
0,5,13,1,2851.042,3 0,East,3,2,97
0,5,13,2,2851.724,3 1,East,3,2,97
0,5,13,2,2852.384,3 2,East,3,2,97
0,5,13,3,2853.5,3 2,South,3,2,97
0,5,13,2,2854.091,4 2,South,3,2,97
0,5,13,1,2854.681,4 2,East,3,2,97
0,5,13,1,2855.313,4 2,North,3,2,97
0,5,13,3,2855.993,4 2,East,3,2,97
0,5,13,2,2857.113,4 3,East,3,2,97
0,5,13,2,2857.915,4 4,East,3,2,97
0,5,13,1,2858.543,4 4,North,3,2,97
0,5,13,2,2859.356,3 4,North,3,2,97
0,5,13,1,2859.977,3 4,West,3,2,97
0,5,13,2,2860.591,3 3,West,3,2,97
0,5,13,3,2861.216,3 3,North,3,2,97
0,5,13,2,2861.79,2 3,North,3,2,97
0,5,13,2,2862.416,1 3,North,3,2,97
0,5,13,3,2863.179,1 3,East,3,2,97
0,5,13,1,2864.256,1 3,North,3,2,97
0,5,13,2,2864.83,0 3,North,3,2,97
0,5,13,3,2865.449,0 3,East,3,2,97
0,5,13,2,2866.015,0 4,East,3,2,97
0,5,13,6,2866.42,0 4,East,3,3,97
0,5,13,3,2866.781,0 4,South,3,3,97
0,5,13,2,2867.403,1 4,South,3,3,97
0,5,13,3,2868.545,1 4,West,3,3,97
0,5,13,3,2869.513,1 4,North,3,3,97
0,5,13,2,2870.059,0 4,North,3,3,97
0,5,13,1,2870.706,0 4,West,3,3,97
0,5,13,2,2871.298,0 3,West,3,3,97
0,5,13,1,2871.915,0 3,South,3,3,97
0,5,13,2,2872.585,1 3,South,3,3,97
0,5,13,2,2873.277,2 3,South,3,3,97
0,5,13,1,2874.044,2 3,East,3,3,97
0,5,13,3,2874.861,2 3,South,3,3,97
0,5,13,2,2875.52,3 3,South,3,3,97
0,5,13,1,2876.19,3 3,East,3,3,97
0,5,13,2,2876.769,3 4,East,3,3,97
0,5,13,3,2877.44,3 4,South,3,3,97
0,5,13,2,2877.984,4 4,South,3,3,97
0,5,13,3,2878.607,4 4,West,3,3,97
0,5,13,2,2879.293,4 3,West,3,3,97
0,5,13,2,2879.984,4 2,West,3,3,97
0,5,13,3,2880.986,4 2,North,3,3,97
0,5,13,2,2881.569,3 2,North,3,3,97
0,5,13,1,2882.254,3 2,West,3,3,97
0,5,13,2,2882.927,3 1,West,3,3,97
0,5,13,2,2883.485,3 0,West,3,3,97
0,5,13,3,2884.097,3 0,North,3,3,97
0,5,13,2,2884.683,2 0,North,3,3,97
0,5,13,2,2885.339,1 0,North,3,3,97
0,5,13,2,2886.401,1 0,North,3,3,97
0,5,13,3,2886.787,1 0,East,3,3,97
0,5,13,2,2887.354,1 1,East,3,3,97
0,5,13,3,2887.882,1 1,South,3,3,97
0,5,13,2,2888.464,2 1,South,3,3,97
0,5,13,6,2888.84,2 1,South,3,4,97
0,5,13,1,2889.1,2 1,East,3,4,97
0,5,13,2,2889.649,2 2,East,3,4,97
0,5,13,1,2890.207,2 2,North,3,4,97
0,5,13,2,2890.781,1 2,North,3,4,97
0,5,13,1,2891.394,1 2,West,3,4,97
0,5,13,3,2892.379,1 2,North,3,4,97
0,5,13,2,2893.372,0 2,North,3,4,97
0,5,13,1,2893.917,0 2,West,3,4,97
0,5,13,2,2895.017,0 1,West,3,4,97
0,5,13,2,2896.331,0 0,West,3,4,97
0,5,13,6,2896.74,0 0,West,3,5,97
0,5,13,1,2897.329,0 0,South,3,5,97
0,5,13,1,2898.41,0 0,East,3,5,97
0,5,13,2,2899.148,0 1,East,3,5,97
0,5,13,2,2899.788,0 2,East,3,5,97
0,5,13,2,2900.827,0 2,East,3,5,97
0,5,13,3,2901.47,0 2,South,3,5,97
0,5,13,2,2902.062,1 2,South,3,5,97
0,5,13,2,2902.576,2 2,South,3,5,97
0,5,13,6,2902.96,2 2,South,3,6,97
0,5,13,3,2903.312,2 2,West,3,6,97
0,5,13,2,2903.905,2 1,West,3,6,97
0,5,13,3,2905.008,2 1,North,3,6,97
0,5,13,2,2905.584,1 1,North,3,6,97
0,5,13,1,2906.169,1 1,West,3,6,97
0,5,13,2,2906.706,1 0,West,3,6,97
0,5,13,6,2907.12,1 0,West,3,7,97
0,5,13,1,2907.292,1 0,South,3,7,97
0,5,13,2,2907.883,2 0,South,3,7,97
0,5,13,2,2908.609,3 0,South,3,7,97
0,5,13,1,2909.185,3 0,East,3,7,97
0,5,13,1,2909.817,3 0,North,3,7,97
0,5,13,2,2910.415,2 0,North,3,7,97
0,5,13,3,2911.086,2 0,East,3,7,97
0,5,13,1,2912.286,2 0,North,3,7,97
0,5,13,2,2913.263,1 0,North,3,7,97
0,5,13,2,2913.836,1 0,North,3,7,97
0,5,13,3,2914.239,1 0,East,3,7,97
0,5,13,2,2914.863,1 1,East,3,7,97
0,5,13,3,2915.471,1 1,South,3,7,97
0,5,13,3,2916.139,1 1,West,3,7,97
0,5,13,2,2917.116,1 0,West,3,7,97
0,5,13,1,2918.234,1 0,South,3,7,97
0,5,13,2,2919.274,2 0,South,3,7,97
0,5,13,2,2920.337,3 0,South,3,7,97
0,5,13,1,2920.928,3 0,East,3,7,97
0,5,13,2,2921.535,3 1,East,3,7,97
0,5,13,2,2922.189,3 2,East,3,7,97
0,5,13,3,2923.274,3 2,South,3,7,97
0,5,13,2,2923.803,4 2,South,3,7,97
0,5,13,3,2924.46,4 2,West,3,7,97
0,5,13,2,2925.082,4 1,West,3,7,97
0,5,13,1,2926.107,4 1,South,3,7,97
0,5,13,1,2926.698,4 1,East,3,7,97
0,5,13,2,2927.392,4 2,East,3,7,97
0,5,13,2,2927.933,4 3,East,3,7,97
0,5,13,2,2928.538,4 4,East,3,7,97
0,5,13,1,2929.049,4 4,North,3,7,97
0,5,13,2,2929.659,3 4,North,3,7,97
0,5,13,1,2930.738,3 4,West,3,7,97
0,5,13,2,2931.322,3 3,West,3,7,97
0,5,13,3,2931.933,3 3,North,3,7,97
0,5,13,2,2932.528,2 3,North,3,7,97
0,5,13,2,2933.12,1 3,North,3,7,97
0,5,13,2,2933.704,0 3,North,3,7,97
0,5,13,3,2934.267,0 3,East,3,7,97
0,5,13,2,2934.85,0 4,East,3,7,97
0,5,13,3,2935.394,0 4,South,3,7,97
0,5,13,2,2935.993,1 4,South,3,7,97
0,5,13,2,2936.556,2 4,South,3,7,97
0,5,13,6,2936.94,2 4,South,3,8,97
3,5,13,2,2944.554,3 4,North,3,0,0
3,5,13,1,2946.415,3 3,North,3,0,0
3,5,13,2,2947.215,2 3,North,3,0,0
3,5,13,1,2947.93,2 3,North,3,0,1
3,5,13,4,2948.681,3 3,North,3,0,1
3,5,13,1,2949.424,3 3,North,3,0,2
3,5,13,1,2950.526,3 3,North,3,0,3
3,5,13,4,2950.85,3 3,North,3,0,4
3,5,13,2,2951.679,2 3,North,3,0,4
3,5,13,2,2952.459,1 3,North,3,0,4
3,5,13,1,2953.329,1 3,North,3,0,5
3,5,13,2,2953.866,0 3,North,3,0,5
3,5,13,1,2954.56,0 3,North,3,0,6
3,5,13,1,2955.646,0 3,North,3,0,7
3,5,13,4,2956.105,1 3,North,3,0,7
3,5,13,1,2956.878,1 3,North,3,0,8
3,5,13,4,2957.486,2 3,North,3,0,8
3,5,13,1,2958.467,2 3,North,3,0,9
3,5,13,3,2959.053,2 3,North,3,0,10
3,5,13,4,2959.643,3 3,North,3,0,10
3,5,13,1,2960.43,3 3,North,3,0,11
3,5,13,4,2961.135,3 3,North,3,0,12
3,5,13,4,2962.042,3 3,North,3,0,13
3,5,13,3,2962.418,3 4,North,3,0,13
3,5,13,4,2963.327,4 4,North,3,0,13
3,5,13,1,2964.267,4 3,North,3,0,13
3,5,13,2,2965.296,4 3,North,3,0,14
3,5,13,1,2965.786,4 2,North,3,0,14
3,5,13,2,2966.632,3 2,North,3,0,14
3,5,13,1,2967.179,3 1,North,3,0,14
3,5,13,1,2968.061,3 0,North,3,0,14
3,5,13,2,2968.811,2 0,North,3,0,14
3,5,13,2,2969.659,1 0,North,3,0,14
3,5,13,6,2970.04,1 0,North,3,1,14
3,5,13,2,2971.196,1 0,North,3,1,15
3,5,13,3,2972.058,1 1,North,3,1,15
3,5,13,2,2972.797,1 1,North,3,1,16
3,5,13,4,2973.454,2 1,North,3,1,16
3,5,13,1,2974.612,2 1,North,3,1,17
3,5,13,4,2975.532,2 1,North,3,1,18
3,5,13,4,2976.922,2 1,North,3,1,19
3,5,13,3,2977.884,2 2,North,3,1,19
3,5,13,2,2978.808,1 2,North,3,1,19
3,5,13,3,2979.793,1 2,North,3,1,20
3,5,13,2,2980.459,0 2,North,3,1,20
3,5,13,3,2981.193,0 2,North,3,1,21
3,5,13,4,2982.515,1 2,North,3,1,21
3,5,13,4,2983.211,2 2,North,3,1,21
3,5,13,3,2984.192,2 2,North,3,1,22
3,5,13,4,2985.089,2 2,North,3,1,23
3,5,13,4,2986.122,2 2,North,3,1,24
3,5,13,3,2987.337,2 2,North,3,1,25
3,5,13,1,2987.993,2 1,North,3,1,25
3,5,13,2,2988.755,1 1,North,3,1,25
3,5,13,1,2989.625,1 0,North,3,1,25
3,5,13,4,2990.707,2 0,North,3,1,25
3,5,13,4,2991.729,3 0,North,3,1,25
3,5,13,3,2992.532,3 1,North,3,1,25
3,5,13,3,2993.497,3 2,North,3,1,25
3,5,13,3,2994.398,3 2,North,3,1,26
3,5,13,2,2995.022,3 2,North,3,1,27
3,5,13,4,2995.617,4 2,North,3,1,27
3,5,13,3,2996.477,4 3,North,3,1,27
3,5,13,3,2997.295,4 4,North,3,1,27
3,5,13,2,2998.17,3 4,North,3,1,27
3,5,13,2,2999.194,3 4,North,3,1,28
3,5,13,2,3000.111,3 4,North,3,1,29
3,5,13,2,3002.877,3 4,North,3,1,30
3,5,13,2,3003.07,3 4,North,3,1,31
3,5,13,2,3003.761,3 4,North,3,1,32
3,5,13,4,3004.225,4 4,North,3,1,32
3,5,13,1,3004.819,4 3,North,3,1,32
3,5,13,2,3005.618,4 3,North,3,1,33
3,5,13,1,3006.277,4 2,North,3,1,33
3,5,13,2,3007.007,3 2,North,3,1,33
3,5,13,2,3007.965,3 2,North,3,1,34
3,5,13,3,3008.73,3 2,North,3,1,35
3,5,13,1,3009.327,3 1,North,3,1,35
3,5,13,2,3010.111,3 1,North,3,1,36
3,5,13,1,3010.781,3 0,North,3,1,36
3,5,13,2,3011.697,2 0,North,3,1,36
3,5,13,3,3013.775,2 0,North,3,1,37
3,5,13,2,3014.249,1 0,North,3,1,37
3,5,13,2,3015.153,1 0,North,3,1,38
3,5,13,3,3015.772,1 1,North,3,1,38
3,5,13,2,3016.59,1 1,North,3,1,39
3,5,13,3,3017.197,1 1,North,3,1,40
3,5,13,2,3017.982,1 1,North,3,1,41
3,5,13,4,3018.425,2 1,North,3,1,41
3,5,13,3,3019.021,2 2,North,3,1,41
3,5,13,2,3019.87,1 2,North,3,1,41
3,5,13,2,3020.752,0 2,North,3,1,41
3,5,13,3,3021.504,0 2,North,3,1,42
3,5,13,3,3022.273,0 2,North,3,1,43
3,5,13,4,3022.585,1 2,North,3,1,43
3,5,13,3,3023.246,1 2,North,3,1,44
3,5,13,2,3024,0 2,North,3,1,44
3,5,13,3,3024.794,0 2,North,3,1,45
3,5,13,4,3025.423,1 2,North,3,1,45
3,5,13,4,3026.523,2 2,North,3,1,45
3,5,13,3,3027.082,2 2,North,3,1,46
3,5,13,2,3027.969,1 2,North,3,1,46
3,5,13,3,3028.669,1 2,North,3,1,47
3,5,13,4,3030.3,2 2,North,3,1,47
3,5,13,3,3031.278,2 2,North,3,1,48
3,5,13,4,3031.875,2 2,North,3,1,49
3,5,13,1,3032.691,2 1,North,3,1,49
3,5,13,4,3033.387,2 1,North,3,1,50
3,5,13,1,3034.014,2 1,North,3,1,51
3,5,13,3,3034.892,2 2,North,3,1,51
3,5,13,2,3035.968,1 2,North,3,1,51
3,5,13,3,3036.783,1 2,North,3,1,52
3,5,13,2,3037.522,0 2,North,3,1,52
3,5,13,3,3038.416,0 2,North,3,1,53
3,5,13,4,3039.153,1 2,North,3,1,53
3,5,13,3,3039.788,1 2,North,3,1,54
3,5,13,1,3040.465,1 2,North,3,1,55
3,5,13,1,3041.187,1 2,North,3,1,56
3,5,13,4,3042.128,2 2,North,3,1,56
3,5,13,4,3043.022,2 2,North,3,1,57
3,5,13,3,3043.839,2 2,North,3,1,58
3,5,13,1,3044.494,2 1,North,3,1,58
3,5,13,4,3045.263,2 1,North,3,1,59
3,5,13,3,3046.121,2 2,North,3,1,59
3,5,13,4,3047.052,2 2,North,3,1,60
3,5,13,2,3047.987,1 2,North,3,1,60
3,5,13,3,3048.684,1 2,North,3,1,61
3,5,13,1,3049.294,1 2,North,3,1,62
3,5,13,2,3050.043,0 2,North,3,1,62
3,5,13,3,3051.185,0 2,North,3,1,63
3,5,13,1,3051.842,0 1,North,3,1,63
3,5,13,1,3052.619,0 0,North,3,1,63
3,5,13,4,3053.515,0 0,North,3,1,64
3,5,13,3,3054.416,0 1,North,3,1,64
3,5,13,4,3055.076,0 1,North,3,1,65
3,5,13,1,3055.672,0 0,North,3,1,65
3,5,13,1,3056.961,0 0,North,3,1,65
3,5,13,4,3057.421,0 0,North,3,1,66
3,5,13,3,3057.915,0 1,North,3,1,66
3,5,13,3,3058.673,0 2,North,3,1,66
3,5,13,3,3059.522,0 2,North,3,1,67
3,5,13,4,3060.382,1 2,North,3,1,67
3,5,13,3,3061.088,1 2,North,3,1,68
3,5,13,3,3062.027,1 2,North,3,1,69
3,5,13,4,3062.428,2 2,North,3,1,69
3,5,13,3,3063.065,2 2,North,3,1,70
3,5,13,4,3063.755,2 2,North,3,1,71
3,5,13,4,3064.505,2 2,North,3,1,72
3,5,13,3,3064.85,2 2,North,3,1,73
3,5,13,1,3065.424,2 1,North,3,1,73
3,5,13,4,3066.058,2 1,North,3,1,74
3,5,13,3,3066.674,2 2,North,3,1,74
3,5,13,4,3067.421,2 2,North,3,1,75
3,5,13,2,3068.072,1 2,North,3,1,75
3,5,13,1,3068.862,1 2,North,3,1,76
3,5,13,2,3069.778,0 2,North,3,1,76
3,5,13,3,3070.745,0 2,North,3,1,77
3,5,13,4,3071.41,1 2,North,3,1,77
3,5,13,4,3073.615,2 2,North,3,1,77
3,5,13,3,3074.681,2 2,North,3,1,78
3,5,13,4,3075.321,2 2,North,3,1,79
3,5,13,1,3076.109,2 1,North,3,1,79
3,5,13,1,3077.084,2 1,North,3,1,80
3,5,13,1,3078.283,2 1,North,3,1,81
3,5,13,2,3079.086,1 1,North,3,1,81
3,5,13,1,3079.747,1 0,North,3,1,81
3,5,13,1,3081.839,1 0,North,3,1,81
3,5,13,4,3082.387,2 0,North,3,1,81
3,5,13,4,3083.228,3 0,North,3,1,81
3,5,13,4,3084.126,3 0,North,3,1,82
3,5,13,4,3085.323,3 0,North,3,1,83
3,5,13,3,3086.369,3 1,North,3,1,83
3,5,13,4,3087.146,3 1,North,3,1,84
3,5,13,1,3087.996,3 0,North,3,1,84
3,5,13,4,3088.881,3 0,North,3,1,85
3,5,13,1,3089.305,3 0,North,3,1,85
3,5,13,4,3089.923,3 0,North,3,1,86
3,5,13,3,3090.366,3 1,North,3,1,86
3,5,13,2,3091.085,3 1,North,3,1,87
3,5,13,3,3091.841,3 2,North,3,1,87
3,5,13,3,3092.752,3 2,North,3,1,88
3,5,13,4,3093.409,4 2,North,3,1,88
3,5,13,3,3094.267,4 3,North,3,1,88
3,5,13,3,3095.15,4 4,North,3,1,88
3,5,13,2,3095.995,3 4,North,3,1,88
3,5,13,2,3097.115,3 4,North,3,1,89
3,5,13,1,3097.884,3 3,North,3,1,89
3,5,13,2,3098.569,2 3,North,3,1,89
3,5,13,3,3099.408,2 3,North,3,1,90
3,5,13,2,3100.033,1 3,North,3,1,90
3,5,13,2,3100.892,0 3,North,3,1,90
3,5,13,3,3101.692,0 4,North,3,1,90
3,5,13,6,3102.1,0 4,North,3,2,90
3,5,13,2,3102.626,0 4,North,3,2,90
3,5,13,1,3103.117,0 3,North,3,2,90
3,5,13,1,3103.963,0 3,North,3,2,91
3,5,13,4,3104.779,1 3,North,3,2,91
3,5,13,4,3105.599,2 3,North,3,2,91
3,5,13,1,3106.457,2 3,North,3,2,92
3,5,13,4,3107.202,3 3,North,3,2,92
3,5,13,1,3107.786,3 3,North,3,2,93
3,5,13,1,3108.7,3 3,North,3,2,94
3,5,13,2,3109.129,2 3,North,3,2,94
3,5,13,1,3109.892,2 3,North,3,2,95
3,5,13,3,3110.555,2 3,North,3,2,96
3,5,13,4,3111.184,3 3,North,3,2,96
3,5,13,4,3111.913,3 3,North,3,2,97
3,5,13,4,3112.652,3 3,North,3,2,98
3,5,13,1,3113.292,3 3,North,3,2,99
3,5,13,2,3113.885,2 3,North,3,2,99
3,5,13,1,3114.847,2 3,North,3,2,100
3,5,13,2,3115.435,1 3,North,3,2,100
3,5,13,1,3116.363,1 3,North,3,2,101
3,5,13,2,3116.957,0 3,North,3,2,101
3,5,13,1,3117.981,0 3,North,3,2,102
3,5,13,3,3118.66,0 4,North,3,2,102
3,5,13,4,3119.565,1 4,North,3,2,102
3,5,13,4,3120.452,2 4,North,3,2,102
3,5,13,4,3121.26,2 4,North,3,2,103
3,5,13,4,3122.077,2 4,North,3,2,104
3,5,13,1,3122.543,2 4,North,3,2,105
3,5,13,2,3123.073,1 4,North,3,2,105
3,5,13,1,3123.856,1 4,North,3,2,106
3,5,13,2,3124.656,0 4,North,3,2,106
3,5,13,1,3125.372,0 3,North,3,2,106
3,5,13,4,3126.623,1 3,North,3,2,106
3,5,13,1,3127.388,1 3,North,3,2,107
3,5,13,2,3127.932,0 3,North,3,2,107
3,5,13,1,3128.645,0 3,North,3,2,108
3,5,13,3,3129.482,0 4,North,3,2,108
3,5,13,4,3130.145,1 4,North,3,2,108
3,5,13,4,3131.042,2 4,North,3,2,108
3,5,13,1,3132.077,2 4,North,3,2,109
3,5,13,4,3132.574,2 4,North,3,2,110
3,5,13,4,3133.247,2 4,North,3,2,111
3,5,13,1,3134.158,2 4,North,3,2,112
3,5,13,2,3134.675,1 4,North,3,2,112
3,5,13,1,3135.405,1 4,North,3,2,113
3,5,13,2,3136.287,0 4,North,3,2,113
3,5,13,1,3137.262,0 3,North,3,2,113
3,5,13,1,3138.21,0 3,North,3,2,114
3,5,13,4,3138.841,1 3,North,3,2,114
3,5,13,1,3139.902,1 3,North,3,2,115
3,5,13,4,3140.642,2 3,North,3,2,115
3,5,13,1,3141.454,2 3,North,3,2,116
3,5,13,4,3142.16,3 3,North,3,2,116
3,5,13,1,3142.927,3 3,North,3,2,117
3,5,13,2,3143.792,2 3,North,3,2,117
3,5,13,3,3144.625,2 3,North,3,2,118
3,5,13,4,3145.311,3 3,North,3,2,118
3,5,13,4,3146.077,3 3,North,3,2,119
3,5,13,4,3146.879,3 3,North,3,2,120
3,5,13,1,3147.499,3 3,North,3,2,121
3,5,13,2,3147.987,2 3,North,3,2,121
3,5,13,3,3148.705,2 3,North,3,2,122
3,5,13,4,3149.313,3 3,North,3,2,122
3,5,13,3,3149.96,3 4,North,3,2,122
3,5,13,4,3150.763,4 4,North,3,2,122
3,5,13,1,3151.633,4 3,North,3,2,122
3,5,13,1,3152.444,4 2,North,3,2,122
3,5,13,2,3153.375,3 2,North,3,2,122
3,5,13,1,3154.015,3 1,North,3,2,122
3,5,13,2,3154.783,3 1,North,3,2,123
3,5,13,1,3155.328,3 0,North,3,2,123
3,5,13,2,3156.113,2 0,North,3,2,123
3,5,13,6,3156.5,2 0,North,3,3,123
3,5,13,4,3157.018,3 0,North,3,3,123
3,5,13,3,3157.774,3 1,North,3,3,123
3,5,13,3,3158.713,3 2,North,3,3,123
3,5,13,3,3159.578,3 2,North,3,3,124
3,5,13,4,3160.351,4 2,North,3,3,124
3,5,13,3,3161.115,4 3,North,3,3,124
3,5,13,3,3162.003,4 4,North,3,3,124
3,5,13,2,3162.827,3 4,North,3,3,124
3,5,13,6,3163.22,3 4,North,3,4,124
3,5,13,2,3163.817,3 4,North,3,4,125
3,5,13,1,3164.546,3 3,North,3,4,125
3,5,13,2,3165.246,2 3,North,3,4,125
3,5,13,6,3165.62,2 3,North,3,5,125
3,5,13,4,3166.154,3 3,North,3,5,125
3,5,13,4,3167.119,3 3,North,3,5,126
3,5,13,1,3167.822,3 3,North,3,5,127
3,5,13,3,3168.411,3 4,North,3,5,127
3,5,13,4,3169.225,4 4,North,3,5,127
3,5,13,1,3170.046,4 3,North,3,5,127
3,5,13,1,3170.991,4 2,North,3,5,127
3,5,13,1,3171.834,4 1,North,3,5,127
3,5,13,6,3172.24,4 1,North,3,6,127
3,5,13,1,3172.718,4 0,North,3,6,127
3,5,13,1,3174.497,4 0,North,3,6,127
3,5,13,2,3175.104,4 0,North,3,6,128
3,5,13,3,3175.675,4 1,North,3,6,128
3,5,13,2,3176.476,4 1,North,3,6,129
3,5,13,3,3177.102,4 2,North,3,6,129
3,5,13,2,3177.731,3 2,North,3,6,129
3,5,13,2,3178.752,3 2,North,3,6,130
3,5,13,1,3179.198,3 1,North,3,6,130
3,5,13,2,3179.841,3 1,North,3,6,131
3,5,13,3,3180.509,3 2,North,3,6,131
3,5,13,3,3181.17,3 2,North,3,6,132
3,5,13,2,3182.153,3 2,North,3,6,133
3,5,13,4,3182.65,4 2,North,3,6,133
3,5,13,3,3183.555,4 3,North,3,6,133
3,5,13,3,3184.266,4 4,North,3,6,133
3,5,13,2,3185.056,3 4,North,3,6,133
3,5,13,2,3185.986,3 4,North,3,6,134
3,5,13,1,3186.897,3 3,North,3,6,134
3,5,13,2,3187.581,2 3,North,3,6,134
3,5,13,1,3188.256,2 3,North,3,6,135
3,5,13,4,3188.923,3 3,North,3,6,135
3,5,13,1,3189.555,3 3,North,3,6,136
3,5,13,3,3190.258,3 4,North,3,6,136
3,5,13,2,3190.829,3 4,North,3,6,137
3,5,13,2,3191.772,3 4,North,3,6,138
3,5,13,1,3192.11,3 3,North,3,6,138
3,5,13,2,3192.797,2 3,North,3,6,138
3,5,13,2,3193.659,1 3,North,3,6,138
3,5,13,1,3194.318,1 3,North,3,6,139
3,5,13,2,3195.213,0 3,North,3,6,139
3,5,13,3,3197.233,0 4,North,3,6,139
3,5,13,1,3198,0 3,North,3,6,139
3,5,13,1,3198.736,0 3,North,3,6,140
3,5,13,4,3199.455,1 3,North,3,6,140
3,5,13,1,3200.154,1 3,North,3,6,141
3,5,13,4,3200.867,2 3,North,3,6,141
3,5,13,1,3201.63,2 3,North,3,6,142
3,5,13,4,3202.57,3 3,North,3,6,142
3,5,13,1,3203.151,3 3,North,3,6,143
3,5,13,4,3203.873,3 3,North,3,6,144
3,5,13,4,3204.745,3 3,North,3,6,145
3,5,13,1,3205.166,3 3,North,3,6,146
3,5,13,3,3205.728,3 4,North,3,6,146
3,5,13,4,3206.713,4 4,North,3,6,146
3,5,13,1,3207.675,4 3,North,3,6,146
3,5,13,1,3208.464,4 2,North,3,6,146
3,5,13,2,3209.313,3 2,North,3,6,146
3,5,13,2,3210.19,3 2,North,3,6,147
3,5,13,1,3210.763,3 1,North,3,6,147
3,5,13,2,3211.617,3 1,North,3,6,148
3,5,13,1,3212.222,3 0,North,3,6,148
3,5,13,2,3213.068,2 0,North,3,6,148
3,5,13,3,3213.803,2 0,North,3,6,149
3,5,13,2,3214.555,1 0,North,3,6,149
3,5,13,3,3215.233,1 1,North,3,6,149
3,5,13,3,3216.142,1 1,North,3,6,150
3,5,13,4,3216.749,2 1,North,3,6,150
3,5,13,3,3217.436,2 2,North,3,6,150
3,5,13,6,3217.84,2 2,North,3,7,150
3,5,13,1,3218.734,2 1,North,3,7,150
3,5,13,1,3219.597,2 1,North,3,7,151
3,5,13,4,3220.705,2 1,North,3,7,152
3,5,13,1,3221.368,2 1,North,3,7,153
3,5,13,2,3221.87,1 1,North,3,7,153
3,5,13,3,3222.592,1 1,North,3,7,154
3,5,13,2,3223.521,1 1,North,3,7,155
3,5,13,4,3224.266,2 1,North,3,7,155
3,5,13,3,3225.089,2 2,North,3,7,155
3,5,13,3,3225.97,2 2,North,3,7,156
3,5,13,2,3226.496,1 2,North,3,7,156
3,5,13,3,3227.293,1 2,North,3,7,157
3,5,13,2,3227.961,0 2,North,3,7,157
3,5,13,3,3228.715,0 2,North,3,7,158
3,5,13,4,3229.837,1 2,North,3,7,158
3,5,13,3,3230.514,1 2,North,3,7,159
3,5,13,2,3231.1,0 2,North,3,7,159
3,5,13,2,3231.823,0 2,North,3,7,159
3,5,13,3,3232.272,0 2,North,3,7,160
3,5,13,1,3233.009,0 1,North,3,7,160
3,5,13,1,3233.98,0 0,North,3,7,160
3,5,13,4,3234.831,0 0,North,3,7,161
3,5,13,3,3235.563,0 1,North,3,7,161
3,5,13,4,3236.233,0 1,North,3,7,162
3,5,13,3,3237.055,0 2,North,3,7,162
3,5,13,4,3237.74,1 2,North,3,7,162
3,5,13,4,3238.522,2 2,North,3,7,162
3,5,13,1,3239.341,2 1,North,3,7,162
3,5,13,3,3240.442,2 2,North,3,7,162
3,5,13,3,3241.387,2 2,North,3,7,163
3,5,13,2,3242.107,1 2,North,3,7,163
3,5,13,3,3242.81,1 2,North,3,7,164
3,5,13,4,3243.469,2 2,North,3,7,164
3,5,13,4,3244.217,2 2,North,3,7,165
3,5,13,4,3244.957,2 2,North,3,7,166
3,5,13,1,3245.634,2 1,North,3,7,166
3,5,13,1,3246.511,2 1,North,3,7,167
3,5,13,2,3247.294,1 1,North,3,7,167
3,5,13,1,3248.01,1 0,North,3,7,167
3,5,13,4,3248.835,2 0,North,3,7,167
3,5,13,3,3249.891,2 0,North,3,7,168
3,5,13,1,3250.526,2 0,North,3,7,168
3,5,13,4,3251.065,3 0,North,3,7,168
3,5,13,3,3252.258,3 1,North,3,7,168
3,5,13,4,3252.912,3 1,North,3,7,169
3,5,13,1,3253.612,3 0,North,3,7,169
3,5,13,4,3254.653,3 0,North,3,7,170
3,5,13,3,3255.308,3 1,North,3,7,170
3,5,13,3,3256.162,3 2,North,3,7,170
3,5,13,4,3256.938,4 2,North,3,7,170
3,5,13,3,3257.611,4 3,North,3,7,170
3,5,13,3,3258.43,4 4,North,3,7,170
3,5,13,2,3259.305,3 4,North,3,7,170
3,5,13,2,3260.162,3 4,North,3,7,171
3,5,13,1,3260.974,3 3,North,3,7,171
3,5,13,2,3261.648,2 3,North,3,7,171
3,5,13,3,3262.531,2 3,North,3,7,172
3,5,13,2,3263.051,1 3,North,3,7,172
3,5,13,3,3263.822,1 3,North,3,7,173
3,5,13,3,3264.784,1 3,North,3,7,174
3,5,13,2,3265.317,0 3,North,3,7,174
3,5,13,3,3266.074,0 4,North,3,7,174
3,5,13,2,3266.714,0 4,North,3,7,174
3,5,13,4,3267.196,1 4,North,3,7,174
3,5,13,6,3267.56,1 4,North,3,8,174
0,5,14,1,3272.427,4 4,West,3,0,174
0,5,14,2,3273.21,4 3,West,3,0,174
0,5,14,2,3274.11,4 2,West,3,0,174
0,5,14,2,3275.151,4 1,West,3,0,174
0,5,14,2,3276.202,4 0,West,3,0,174
0,5,14,6,3276.62,4 0,West,3,1,174
0,5,14,3,3277.537,4 0,North,3,1,174
0,5,14,3,3278.489,4 0,East,3,1,174
0,5,14,2,3279.104,4 1,East,3,1,174
0,5,14,2,3279.985,4 2,East,3,1,174
0,5,14,1,3280.541,4 2,North,3,1,174
0,5,14,2,3281.264,3 2,North,3,1,174
0,5,14,1,3281.916,3 2,West,3,1,174
0,5,14,2,3282.656,3 1,West,3,1,174
0,5,14,2,3283.434,3 0,West,3,1,174
0,5,14,3,3284.049,3 0,North,3,1,174
0,5,14,2,3284.673,2 0,North,3,1,174
0,5,14,2,3285.403,1 0,North,3,1,174
0,5,14,3,3286.091,1 0,East,3,1,174
0,5,14,2,3286.718,1 1,East,3,1,174
0,5,14,3,3287.388,1 1,South,3,1,174
0,5,14,2,3288.122,2 1,South,3,1,174
0,5,14,1,3289.052,2 1,East,3,1,174
0,5,14,2,3289.664,2 2,East,3,1,174
0,5,14,1,3290.315,2 2,North,3,1,174
0,5,14,2,3290.921,1 2,North,3,1,174
0,5,14,6,3291.3,1 2,North,3,2,174
0,5,14,2,3291.811,0 2,North,3,2,174
0,5,14,1,3292.827,0 2,West,3,2,174
0,5,14,2,3294.227,0 1,West,3,2,174
0,5,14,6,3294.64,0 1,West,3,3,174
0,5,14,1,3295.376,0 1,South,3,3,174
0,5,14,2,3296.178,0 1,South,3,3,174
0,5,14,1,3296.56,0 1,East,3,3,174
0,5,14,2,3297.209,0 2,East,3,3,174
0,5,14,3,3297.92,0 2,South,3,3,174
0,5,14,2,3298.618,1 2,South,3,3,174
0,5,14,2,3299.52,2 2,South,3,3,174
0,5,14,3,3300.076,2 2,West,3,3,174
0,5,14,2,3300.786,2 1,West,3,3,174
0,5,14,3,3301.451,2 1,North,3,3,174
0,5,14,2,3305.535,1 1,North,3,3,174
0,5,14,1,3306.861,1 1,West,3,3,174
0,5,14,1,3307.569,1 1,South,3,3,174
0,5,14,3,3308.706,1 1,West,3,3,174
0,5,14,2,3309.248,1 0,West,3,3,174
0,5,14,1,3309.866,1 0,South,3,3,174
0,5,14,1,3310.782,1 0,East,3,3,174
0,5,14,3,3311.309,1 0,South,3,3,174
0,5,14,2,3311.883,2 0,South,3,3,174
0,5,14,2,3312.668,3 0,South,3,3,174
0,5,14,1,3313.499,3 0,East,3,3,174
0,5,14,2,3314.243,3 1,East,3,3,174
0,5,14,2,3314.881,3 2,East,3,3,174
0,5,14,3,3315.519,3 2,South,3,3,174
0,5,14,2,3316.171,4 2,South,3,3,174
0,5,14,3,3317.259,4 2,West,3,3,174
0,5,14,2,3317.841,4 1,West,3,3,174
0,5,14,1,3318.546,4 1,South,3,3,174
0,5,14,1,3319.163,4 1,East,3,3,174
0,5,14,2,3319.786,4 2,East,3,3,174
0,5,14,2,3320.382,4 3,East,3,3,174
0,5,14,2,3320.913,4 4,East,3,3,174
0,5,14,1,3321.517,4 4,North,3,3,174
0,5,14,2,3322.122,3 4,North,3,3,174
0,5,14,1,3322.736,3 4,West,3,3,174
0,5,14,2,3323.278,3 3,West,3,3,174
0,5,14,3,3323.868,3 3,North,3,3,174
0,5,14,2,3324.43,2 3,North,3,3,174
0,5,14,6,3324.8,2 3,North,3,4,174
0,5,14,2,3325.039,1 3,North,3,4,174
0,5,14,2,3325.628,0 3,North,3,4,174
0,5,14,3,3326.254,0 3,East,3,4,174
0,5,14,2,3326.851,0 4,East,3,4,174
0,5,14,3,3327.391,0 4,South,3,4,174
0,5,14,2,3327.92,1 4,South,3,4,174
0,5,14,2,3328.537,2 4,South,3,4,174
0,5,14,1,3329.136,2 4,East,3,4,174
0,5,14,1,3329.742,2 4,North,3,4,174
0,5,14,2,3330.365,1 4,North,3,4,174
0,5,14,2,3330.961,0 4,North,3,4,174
0,5,14,1,3331.549,0 4,West,3,4,174
0,5,14,2,3332.108,0 3,West,3,4,174
0,5,14,1,3332.734,0 3,South,3,4,174
0,5,14,2,3333.324,1 3,South,3,4,174
0,5,14,2,3333.954,2 3,South,3,4,174
0,5,14,2,3334.524,3 3,South,3,4,174
0,5,14,1,3335.169,3 3,East,3,4,174
0,5,14,2,3335.729,3 4,East,3,4,174
0,5,14,3,3336.538,3 4,South,3,4,174
0,5,14,2,3337.116,4 4,South,3,4,174
0,5,14,3,3337.721,4 4,West,3,4,174
0,5,14,3,3338.33,4 4,North,3,4,174
0,5,14,2,3339.019,3 4,North,3,4,174
0,5,14,1,3340.084,3 4,West,3,4,174
0,5,14,2,3340.672,3 3,West,3,4,174
0,5,14,3,3341.242,3 3,North,3,4,174
0,5,14,2,3341.794,2 3,North,3,4,174
0,5,14,2,3342.473,1 3,North,3,4,174
0,5,14,2,3343.071,0 3,North,3,4,174
0,5,14,3,3343.681,0 3,East,3,4,174
0,5,14,2,3344.378,0 4,East,3,4,174
0,5,14,3,3344.977,0 4,South,3,4,174
0,5,14,2,3345.566,1 4,South,3,4,174
0,5,14,2,3346.203,2 4,South,3,4,174
0,5,14,2,3346.834,2 4,South,3,4,174
0,5,14,1,3347.266,2 4,East,3,4,174
0,5,14,3,3347.899,2 4,South,3,4,174
0,5,14,2,3348.493,2 4,South,3,4,174
0,5,14,2,3348.719,2 4,South,3,4,174
0,5,14,1,3349.102,2 4,East,3,4,174
0,5,14,2,3349.916,2 4,East,3,4,174
0,5,14,1,3350.367,2 4,North,3,4,174
0,5,14,2,3350.953,1 4,North,3,4,174
0,5,14,2,3351.616,0 4,North,3,4,174
0,5,14,1,3352.204,0 4,West,3,4,174
0,5,14,1,3352.797,0 4,South,3,4,174
0,5,14,3,3353.483,0 4,West,3,4,174
0,5,14,2,3354.094,0 3,West,3,4,174
0,5,14,1,3354.683,0 3,South,3,4,174
0,5,14,2,3355.229,1 3,South,3,4,174
0,5,14,2,3355.866,2 3,South,3,4,174
0,5,14,2,3356.448,3 3,South,3,4,174
0,5,14,1,3357.051,3 3,East,3,4,174
0,5,14,2,3357.61,3 4,East,3,4,174
0,5,14,3,3358.178,3 4,South,3,4,174
0,5,14,2,3358.86,4 4,South,3,4,174
0,5,14,3,3359.39,4 4,West,3,4,174
0,5,14,2,3359.937,4 3,West,3,4,174
0,5,14,2,3360.606,4 2,West,3,4,174
0,5,14,3,3361.165,4 2,North,3,4,174
0,5,14,2,3361.802,3 2,North,3,4,174
0,5,14,1,3362.351,3 2,West,3,4,174
0,5,14,1,3362.86,3 2,South,3,4,174
0,5,14,3,3363.47,3 2,West,3,4,174
0,5,14,2,3364.067,3 1,West,3,4,174
0,5,14,2,3364.713,3 0,West,3,4,174
0,5,14,3,3365.279,3 0,North,3,4,174
0,5,14,2,3365.819,2 0,North,3,4,174
0,5,14,2,3366.442,1 0,North,3,4,174
0,5,14,3,3367.05,1 0,East,3,4,174
0,5,14,2,3367.69,1 1,East,3,4,174
0,5,14,6,3368.1,1 1,East,3,5,174
0,5,14,3,3368.254,1 1,South,3,5,174
0,5,14,2,3368.794,2 1,South,3,5,174
0,5,14,1,3369.405,2 1,East,3,5,174
0,5,14,2,3369.948,2 2,East,3,5,174
0,5,14,1,3370.51,2 2,North,3,5,174
0,5,14,2,3371.083,1 2,North,3,5,174
0,5,14,2,3371.673,0 2,North,3,5,174
0,5,14,1,3372.233,0 2,West,3,5,174
0,5,14,2,3372.846,0 1,West,3,5,174
0,5,14,1,3373.504,0 1,South,3,5,174
0,5,14,1,3374.161,0 1,East,3,5,174
0,5,14,2,3374.751,0 2,East,3,5,174
0,5,14,3,3375.343,0 2,South,3,5,174
0,5,14,2,3375.933,1 2,South,3,5,174
0,5,14,2,3376.575,2 2,South,3,5,174
0,5,14,3,3377.116,2 2,West,3,5,174
0,5,14,2,3377.677,2 1,West,3,5,174
0,5,14,3,3378.283,2 1,North,3,5,174
0,5,14,2,3378.863,1 1,North,3,5,174
0,5,14,1,3379.489,1 1,West,3,5,174
0,5,14,2,3380.047,1 0,West,3,5,174
0,5,14,1,3380.636,1 0,South,3,5,174
0,5,14,2,3381.23,2 0,South,3,5,174
0,5,14,2,3381.835,3 0,South,3,5,174
0,5,14,1,3382.482,3 0,East,3,5,174
0,5,14,2,3383.082,3 1,East,3,5,174
0,5,14,2,3383.691,3 2,East,3,5,174
0,5,14,3,3384.271,3 2,South,3,5,174
0,5,14,2,3384.832,4 2,South,3,5,174
0,5,14,2,3385.357,4 2,South,3,5,174
0,5,14,2,3385.57,4 2,South,3,5,174
0,5,14,1,3386.355,4 2,East,3,5,174
0,5,14,2,3387.001,4 3,East,3,5,174
0,5,14,2,3387.627,4 4,East,3,5,174
0,5,14,1,3388.223,4 4,North,3,5,174
0,5,14,2,3388.81,3 4,North,3,5,174
0,5,14,1,3389.454,3 4,West,3,5,174
0,5,14,2,3390.032,3 3,West,3,5,174
0,5,14,3,3390.585,3 3,North,3,5,174
0,5,14,2,3391.213,2 3,North,3,5,174
0,5,14,2,3391.851,1 3,North,3,5,174
0,5,14,2,3392.459,0 3,North,3,5,174
0,5,14,6,3392.84,0 3,North,3,6,174
0,5,14,2,3393.136,0 3,North,3,6,174
0,5,14,2,3393.394,0 3,North,3,6,174
0,5,14,3,3393.567,0 3,East,3,6,174
0,5,14,3,3394.21,0 3,South,3,6,174
0,5,14,2,3394.748,1 3,South,3,6,174
0,5,14,2,3395.386,2 3,South,3,6,174
0,5,14,2,3396.249,3 3,South,3,6,174
0,5,14,2,3397.662,3 3,South,3,6,174
0,5,14,1,3398.349,3 3,East,3,6,174
0,5,14,2,3399.002,3 4,East,3,6,174
0,5,14,3,3399.647,3 4,South,3,6,174
0,5,14,2,3400.251,4 4,South,3,6,174
0,5,14,3,3400.874,4 4,West,3,6,174
0,5,14,2,3401.451,4 3,West,3,6,174
0,5,14,2,3402.125,4 2,West,3,6,174
0,5,14,3,3402.655,4 2,North,3,6,174
0,5,14,2,3403.225,3 2,North,3,6,174
0,5,14,1,3403.792,3 2,West,3,6,174
0,5,14,2,3404.363,3 1,West,3,6,174
0,5,14,6,3404.76,3 1,West,3,7,174
0,5,14,2,3405.021,3 0,West,3,7,174
0,5,14,6,3405.44,3 0,West,3,8,174
3,5,14,2,3410.921,3 4,North,3,0,0
3,5,14,2,3411.85,3 4,North,3,0,1
3,5,14,1,3412.461,3 3,North,3,0,1
3,5,14,2,3413.196,2 3,North,3,0,1
3,5,14,2,3414.057,1 3,North,3,0,1
3,5,14,2,3415.023,0 3,North,3,0,1
3,5,14,6,3415.4,0 3,North,3,1,1
3,5,14,4,3416.092,1 3,North,3,1,1
3,5,14,4,3416.947,2 3,North,3,1,1
3,5,14,4,3417.76,3 3,North,3,1,1
3,5,14,1,3418.818,3 3,North,3,1,2
3,5,14,4,3419.395,3 3,North,3,1,3
3,5,14,2,3420.066,2 3,North,3,1,3
3,5,14,1,3420.832,2 3,North,3,1,4
3,5,14,2,3421.741,1 3,North,3,1,4
3,5,14,1,3422.563,1 3,North,3,1,5
3,5,14,3,3423.134,1 3,North,3,1,6
3,5,14,4,3423.714,2 3,North,3,1,6
3,5,14,4,3424.532,3 3,North,3,1,6
3,5,14,3,3425.276,3 4,North,3,1,6
3,5,14,4,3426.079,4 4,North,3,1,6
3,5,14,1,3426.907,4 3,North,3,1,6
3,5,14,1,3427.819,4 2,North,3,1,6
3,5,14,2,3428.623,3 2,North,3,1,6
3,5,14,1,3429.387,3 1,North,3,1,6
3,5,14,1,3430.203,3 0,North,3,1,6
3,5,14,6,3430.6,3 0,North,3,2,6
3,5,14,2,3431.549,2 0,North,3,2,6
3,5,14,2,3432.494,1 0,North,3,2,6
3,5,14,2,3433.392,1 0,North,3,2,7
3,5,14,3,3434.075,1 1,North,3,2,7
3,5,14,2,3434.796,1 1,North,3,2,8
3,5,14,1,3435.58,1 0,North,3,2,8
3,5,14,2,3436.265,1 0,North,3,2,9
3,5,14,3,3436.914,1 1,North,3,2,9
3,5,14,4,3437.626,2 1,North,3,2,9
3,5,14,3,3438.209,2 2,North,3,2,9
3,5,14,2,3438.945,1 2,North,3,2,9
3,5,14,2,3439.755,0 2,North,3,2,9
3,5,14,1,3440.496,0 1,North,3,2,9
3,5,14,6,3440.9,0 1,North,3,3,9
3,5,14,3,3441.33,0 2,North,3,3,9
3,5,14,4,3441.981,1 2,North,3,3,9
3,5,14,6,3442.34,1 2,North,3,4,9
3,5,14,4,3443.003,2 2,North,3,4,9
3,5,14,1,3443.677,2 1,North,3,4,9
3,5,14,6,3444.08,2 1,North,3,5,9
3,5,14,3,3444.492,2 2,North,3,5,9
3,5,14,2,3445.116,1 2,North,3,5,9
3,5,14,2,3445.935,0 2,North,3,5,9
3,5,14,6,3446.32,0 2,North,3,6,9
3,5,14,4,3446.798,1 2,North,3,6,9
3,5,14,3,3447.483,1 2,North,3,6,10
3,5,14,2,3448.251,0 2,North,3,6,10
3,5,14,3,3449.039,0 2,North,3,6,11
3,5,14,2,3449.758,0 2,North,3,6,11
3,5,14,4,3450.379,1 2,North,3,6,11
3,5,14,3,3451.42,1 2,North,3,6,12
3,5,14,3,3452.238,1 2,North,3,6,13
3,5,14,3,3454.41,1 2,North,3,6,14
3,5,14,4,3455.13,2 2,North,3,6,14
3,5,14,3,3455.881,2 2,North,3,6,15
3,5,14,4,3456.896,2 2,North,3,6,16
3,5,14,1,3457.822,2 1,North,3,6,16
3,5,14,2,3458.466,1 1,North,3,6,16
3,5,14,3,3459.201,1 1,North,3,6,17
3,5,14,2,3459.843,1 1,North,3,6,18
3,5,14,4,3460.539,2 1,North,3,6,18
3,5,14,4,3462.067,2 1,North,3,6,19
3,5,14,3,3462.832,2 2,North,3,6,19
3,5,14,3,3463.725,2 2,North,3,6,20
3,5,14,2,3464.271,1 2,North,3,6,20
3,5,14,3,3464.975,1 2,North,3,6,21
3,5,14,4,3465.617,2 2,North,3,6,21
3,5,14,2,3466.649,1 2,North,3,6,21
3,5,14,2,3467.33,0 2,North,3,6,21
3,5,14,3,3468.052,0 2,North,3,6,22
3,5,14,4,3468.961,1 2,North,3,6,22
3,5,14,4,3469.789,2 2,North,3,6,22
3,5,14,4,3470.652,2 2,North,3,6,23
3,5,14,3,3471.322,2 2,North,3,6,24
3,5,14,1,3471.824,2 1,North,3,6,24
3,5,14,4,3472.688,2 1,North,3,6,25
3,5,14,1,3473.434,2 1,North,3,6,26
3,5,14,2,3474.059,1 1,North,3,6,26
3,5,14,1,3474.729,1 0,North,3,6,26
3,5,14,4,3475.533,2 0,North,3,6,26
3,5,14,4,3476.558,3 0,North,3,6,26
3,5,14,3,3477.198,3 1,North,3,6,26
3,5,14,3,3478.03,3 2,North,3,6,26
3,5,14,3,3478.795,3 2,North,3,6,27
3,5,14,3,3479.902,3 2,North,3,6,28
3,5,14,2,3480.88,3 2,North,3,6,29
3,5,14,3,3482.302,3 2,North,3,6,30
3,5,14,4,3483.146,4 2,North,3,6,30
3,5,14,3,3483.97,4 3,North,3,6,30
3,5,14,3,3484.603,4 4,North,3,6,30
3,5,14,2,3485.353,3 4,North,3,6,30
3,5,14,2,3486.138,3 4,North,3,6,31
3,5,14,1,3486.921,3 3,North,3,6,31
3,5,14,2,3487.562,2 3,North,3,6,31
3,5,14,2,3488.321,1 3,North,3,6,31
3,5,14,6,3488.7,1 3,North,3,7,31
3,5,14,2,3489.121,0 3,North,3,7,31
3,5,14,4,3489.954,1 3,North,3,7,31
3,5,14,1,3490.707,1 3,North,3,7,32
3,5,14,2,3491.345,0 3,North,3,7,32
3,5,14,1,3492.094,0 3,North,3,7,33
3,5,14,1,3492.961,0 3,North,3,7,34
3,5,14,4,3493.179,1 3,North,3,7,34
3,5,14,4,3494.305,2 3,North,3,7,34
3,5,14,1,3495.517,2 3,North,3,7,35
3,5,14,1,3497.075,2 3,North,3,7,36
3,5,14,2,3497.699,1 3,North,3,7,36
3,5,14,1,3498.316,1 3,North,3,7,37
3,5,14,4,3498.976,2 3,North,3,7,37
3,5,14,4,3500.251,3 3,North,3,7,37
3,5,14,1,3500.914,3 3,North,3,7,38
3,5,14,1,3502.785,3 3,North,3,7,39
3,5,14,2,3503.473,2 3,North,3,7,39
3,5,14,2,3504.16,1 3,North,3,7,39
3,5,14,2,3505.073,0 3,North,3,7,39
3,5,14,1,3505.756,0 3,North,3,7,40
3,5,14,3,3506.476,0 4,North,3,7,40
3,5,14,4,3507.372,1 4,North,3,7,40
3,5,14,4,3508.141,2 4,North,3,7,40
3,5,14,4,3509.226,2 4,North,3,7,41
3,5,14,1,3509.884,2 4,North,3,7,42
3,5,14,1,3510.494,2 4,North,3,7,43
3,5,14,4,3510.814,2 4,North,3,7,44
3,5,14,4,3511.406,2 4,North,3,7,45
3,5,14,2,3511.979,1 4,North,3,7,45
3,5,14,1,3512.667,1 4,North,3,7,46
3,5,14,2,3513.249,0 4,North,3,7,46
3,5,14,1,3514.015,0 3,North,3,7,46
3,5,14,1,3514.86,0 3,North,3,7,47
3,5,14,4,3515.508,1 3,North,3,7,47
3,5,14,1,3516.306,1 3,North,3,7,48
3,5,14,2,3516.846,0 3,North,3,7,48
3,5,14,4,3518.061,1 3,North,3,7,48
3,5,14,4,3518.754,2 3,North,3,7,48
3,5,14,1,3519.339,2 3,North,3,7,49
3,5,14,4,3519.98,3 3,North,3,7,49
3,5,14,1,3520.634,3 3,North,3,7,50
3,5,14,4,3521.323,3 3,North,3,7,51
3,5,14,4,3521.753,3 3,North,3,7,52
3,5,14,3,3522.687,3 4,North,3,7,52
3,5,14,3,3523.322,3 4,North,3,7,52
3,5,14,4,3523.715,4 4,North,3,7,52
3,5,14,1,3524.541,4 3,North,3,7,52
3,5,14,1,3525.292,4 2,North,3,7,52
3,5,14,1,3526.254,4 1,North,3,7,52
3,5,14,1,3527.115,4 0,North,3,7,52
3,5,14,2,3527.979,4 0,North,3,7,53
3,5,14,2,3528.874,4 0,North,3,7,54
3,5,14,3,3529.708,4 1,North,3,7,54
3,5,14,2,3530.314,4 1,North,3,7,55
3,5,14,1,3531.311,4 0,North,3,7,55
3,5,14,2,3532.459,4 0,North,3,7,56
3,5,14,3,3533.123,4 1,North,3,7,56
3,5,14,3,3533.9,4 2,North,3,7,56
3,5,14,2,3534.942,3 2,North,3,7,56
3,5,14,2,3535.818,3 2,North,3,7,57
3,5,14,1,3536.38,3 1,North,3,7,57
3,5,14,2,3537.087,3 1,North,3,7,58
3,5,14,1,3537.746,3 0,North,3,7,58
3,5,14,2,3538.318,2 0,North,3,7,58
3,5,14,2,3539.072,1 0,North,3,7,58
3,5,14,3,3539.644,1 1,North,3,7,58
3,5,14,6,3540.06,1 1,North,3,8,58
0,5,15,2,3544.506,3 4,North,3,0,58
0,5,15,1,3551.357,3 4,West,3,0,58
0,5,15,2,3551.97,3 3,West,3,0,58
0,5,15,3,3552.554,3 3,North,3,0,58
0,5,15,2,3553.167,2 3,North,3,0,58
0,5,15,2,3553.905,1 3,North,3,0,58
0,5,15,6,3554.28,1 3,North,3,1,58
0,5,15,2,3555.21,0 3,North,3,1,58
0,5,15,3,3555.738,0 3,East,3,1,58
0,5,15,2,3556.339,0 4,East,3,1,58
0,5,15,3,3556.881,0 4,South,3,1,58
0,5,15,2,3557.504,1 4,South,3,1,58
0,5,15,3,3558.512,1 4,West,3,1,58
0,5,15,3,3559.086,1 4,North,3,1,58
0,5,15,2,3559.612,0 4,North,3,1,58
0,5,15,1,3560.222,0 4,West,3,1,58
0,5,15,2,3560.747,0 3,West,3,1,58
0,5,15,1,3561.323,0 3,South,3,1,58
0,5,15,2,3561.917,1 3,South,3,1,58
0,5,15,2,3562.448,2 3,South,3,1,58
0,5,15,2,3563.146,3 3,South,3,1,58
0,5,15,1,3564.177,3 3,East,3,1,58
0,5,15,2,3564.767,3 4,East,3,1,58
0,5,15,3,3565.322,3 4,South,3,1,58
0,5,15,2,3565.905,4 4,South,3,1,58
0,5,15,3,3566.466,4 4,West,3,1,58
0,5,15,2,3567.201,4 3,West,3,1,58
0,5,15,2,3567.81,4 2,West,3,1,58
0,5,15,2,3568.49,4 1,West,3,1,58
0,5,15,6,3568.9,4 1,West,3,2,58
0,5,15,2,3569.05,4 0,West,3,2,58
0,5,15,3,3569.996,4 0,North,3,2,58
0,5,15,3,3570.652,4 0,East,3,2,58
0,5,15,3,3571.295,4 0,South,3,2,58
0,5,15,1,3572.109,4 0,East,3,2,58
0,5,15,2,3572.748,4 1,East,3,2,58
0,5,15,2,3573.258,4 2,East,3,2,58
0,5,15,2,3574.217,4 3,East,3,2,58
0,5,15,2,3574.847,4 4,East,3,2,58
0,5,15,1,3575.595,4 4,North,3,2,58
0,5,15,2,3576.114,3 4,North,3,2,58
0,5,15,1,3576.635,3 4,West,3,2,58
0,5,15,2,3577.313,3 3,West,3,2,58
0,5,15,6,3577.72,3 3,West,3,3,58
0,5,15,3,3577.982,3 3,North,3,3,58
0,5,15,2,3578.671,2 3,North,3,3,58
0,5,15,2,3579.344,1 3,North,3,3,58
0,5,15,2,3580.01,0 3,North,3,3,58
0,5,15,3,3580.721,0 3,East,3,3,58
0,5,15,2,3581.361,0 4,East,3,3,58
0,5,15,3,3582.012,0 4,South,3,3,58
0,5,15,2,3582.636,1 4,South,3,3,58
0,5,15,2,3583.389,2 4,South,3,3,58
0,5,15,1,3584.013,2 4,East,3,3,58
0,5,15,1,3584.704,2 4,North,3,3,58
0,5,15,2,3585.387,1 4,North,3,3,58
0,5,15,2,3586.042,0 4,North,3,3,58
0,5,15,1,3586.703,0 4,West,3,3,58
0,5,15,2,3587.375,0 3,West,3,3,58
0,5,15,1,3588.035,0 3,South,3,3,58
0,5,15,2,3588.731,1 3,South,3,3,58
0,5,15,2,3589.437,2 3,South,3,3,58
0,5,15,2,3590.123,3 3,South,3,3,58
0,5,15,2,3590.779,3 3,South,3,3,58
0,5,15,1,3591.058,3 3,East,3,3,58
0,5,15,2,3591.711,3 4,East,3,3,58
0,5,15,3,3592.369,3 4,South,3,3,58
0,5,15,2,3593.022,4 4,South,3,3,58
0,5,15,3,3593.675,4 4,West,3,3,58
0,5,15,2,3594.444,4 3,West,3,3,58
0,5,15,2,3595.138,4 2,West,3,3,58
0,5,15,6,3595.56,4 2,West,3,4,58
0,5,15,2,3595.839,4 1,West,3,4,58
0,5,15,3,3596.426,4 1,North,3,4,58
0,5,15,3,3597.52,4 1,East,3,4,58
0,5,15,2,3598.031,4 2,East,3,4,58
0,5,15,2,3598.554,4 3,East,3,4,58
0,5,15,2,3599.084,4 4,East,3,4,58
0,5,15,2,3600.027,4 4,East,3,4,58
0,5,15,2,3600.287,4 4,East,3,4,58
0,5,15,2,3600.577,4 4,East,3,4,58
0,5,15,1,3601.913,4 4,North,3,4,58
0,5,15,2,3602.635,3 4,North,3,4,58
0,5,15,1,3603.311,3 4,West,3,4,58
0,5,15,2,3603.966,3 3,West,3,4,58
0,5,15,3,3604.672,3 3,North,3,4,58
0,5,15,3,3605.389,3 3,East,3,4,58
0,5,15,2,3612.588,3 4,East,3,4,58
0,5,15,3,3613.198,3 4,South,3,4,58
0,5,15,2,3613.793,4 4,South,3,4,58
0,5,15,3,3614.361,4 4,West,3,4,58
0,5,15,2,3614.957,4 3,West,3,4,58
0,5,15,2,3615.594,4 2,West,3,4,58
0,5,15,3,3616.16,4 2,North,3,4,58
0,5,15,2,3616.794,3 2,North,3,4,58
0,5,15,1,3617.377,3 2,West,3,4,58
0,5,15,2,3617.964,3 1,West,3,4,58
0,5,15,2,3618.611,3 0,West,3,4,58
0,5,15,3,3619.226,3 0,North,3,4,58
0,5,15,2,3619.822,2 0,North,3,4,58
0,5,15,3,3620.506,2 0,East,3,4,58
0,5,15,2,3632.787,2 0,East,3,4,58
0,5,15,2,3633.196,2 0,East,3,4,58
0,5,15,3,3633.388,2 0,South,3,4,58
0,5,15,2,3633.994,3 0,South,3,4,58
0,5,15,1,3634.556,3 0,East,3,4,58
0,5,15,2,3635.154,3 1,East,3,4,58
0,5,15,2,3635.708,3 2,East,3,4,58
0,5,15,3,3636.251,3 2,South,3,4,58
0,5,15,2,3636.781,4 2,South,3,4,58
0,5,15,3,3637.344,4 2,West,3,4,58
0,5,15,2,3637.901,4 1,West,3,4,58
0,5,15,1,3638.481,4 1,South,3,4,58
0,5,15,2,3639.001,4 1,South,3,4,58
0,5,15,2,3639.212,4 1,South,3,4,58
0,5,15,1,3639.421,4 1,East,3,4,58
0,5,15,2,3639.998,4 2,East,3,4,58
0,5,15,2,3640.609,4 3,East,3,4,58
0,5,15,2,3641.15,4 4,East,3,4,58
0,5,15,2,3641.744,4 4,East,3,4,58
0,5,15,1,3641.936,4 4,North,3,4,58
0,5,15,2,3642.506,3 4,North,3,4,58
0,5,15,1,3643.102,3 4,West,3,4,58
0,5,15,2,3643.789,3 3,West,3,4,58
0,5,15,3,3644.345,3 3,North,3,4,58
0,5,15,2,3645.052,2 3,North,3,4,58
0,5,15,2,3645.633,1 3,North,3,4,58
0,5,15,2,3646.223,0 3,North,3,4,58
0,5,15,3,3646.785,0 3,East,3,4,58
0,5,15,2,3647.321,0 4,East,3,4,58
0,5,15,3,3647.887,0 4,South,3,4,58
0,5,15,2,3648.445,1 4,South,3,4,58
0,5,15,6,3648.82,1 4,South,3,5,58
0,5,15,2,3649.054,2 4,South,3,5,58
0,5,15,1,3649.629,2 4,East,3,5,58
0,5,15,1,3650.188,2 4,North,3,5,58
0,5,15,2,3650.785,1 4,North,3,5,58
0,5,15,2,3651.405,0 4,North,3,5,58
0,5,15,1,3651.971,0 4,West,3,5,58
0,5,15,1,3652.556,0 4,South,3,5,58
0,5,15,3,3653.133,0 4,West,3,5,58
0,5,15,2,3653.741,0 3,West,3,5,58
0,5,15,1,3654.317,0 3,South,3,5,58
0,5,15,2,3654.89,1 3,South,3,5,58
0,5,15,2,3655.468,2 3,South,3,5,58
0,5,15,2,3656.031,3 3,South,3,5,58
0,5,15,2,3656.64,3 3,South,3,5,58
0,5,15,1,3656.86,3 3,East,3,5,58
0,5,15,2,3657.439,3 4,East,3,5,58
0,5,15,3,3658.043,3 4,South,3,5,58
0,5,15,2,3658.621,4 4,South,3,5,58
0,5,15,3,3659.196,4 4,West,3,5,58
0,5,15,2,3659.771,4 3,West,3,5,58
0,5,15,2,3660.33,4 2,West,3,5,58
0,5,15,3,3660.924,4 2,North,3,5,58
0,5,15,2,3661.486,3 2,North,3,5,58
0,5,15,1,3662.05,3 2,West,3,5,58
0,5,15,2,3662.589,3 1,West,3,5,58
0,5,15,2,3663.162,3 0,West,3,5,58
0,5,15,3,3663.737,3 0,North,3,5,58
0,5,15,2,3664.316,2 0,North,3,5,58
0,5,15,2,3664.931,1 0,North,3,5,58
0,5,15,3,3665.534,1 0,East,3,5,58
0,5,15,2,3666.095,1 1,East,3,5,58
0,5,15,3,3666.714,1 1,South,3,5,58
0,5,15,2,3667.266,2 1,South,3,5,58
0,5,15,1,3668.065,2 1,East,3,5,58
0,5,15,2,3668.751,2 2,East,3,5,58
0,5,15,1,3669.361,2 2,North,3,5,58
0,5,15,2,3669.987,1 2,North,3,5,58
0,5,15,2,3670.591,0 2,North,3,5,58
0,5,15,6,3670.98,0 2,North,3,6,58
0,5,15,1,3671.308,0 2,West,3,6,58
0,5,15,1,3672.015,0 2,South,3,6,58
0,5,15,2,3672.624,1 2,South,3,6,58
0,5,15,2,3673.242,2 2,South,3,6,58
0,5,15,2,3673.835,2 2,South,3,6,58
0,5,15,3,3673.998,2 2,West,3,6,58
0,5,15,2,3674.541,2 1,West,3,6,58
0,5,15,3,3675.107,2 1,North,3,6,58
0,5,15,2,3675.666,1 1,North,3,6,58
0,5,15,1,3676.208,1 1,West,3,6,58
0,5,15,2,3676.783,1 0,West,3,6,58
0,5,15,1,3677.323,1 0,South,3,6,58
0,5,15,2,3677.902,2 0,South,3,6,58
0,5,15,2,3678.412,3 0,South,3,6,58
0,5,15,1,3678.942,3 0,East,3,6,58
0,5,15,2,3679.482,3 1,East,3,6,58
0,5,15,2,3680.195,3 2,East,3,6,58
0,5,15,3,3680.729,3 2,South,3,6,58
0,5,15,2,3681.26,4 2,South,3,6,58
0,5,15,2,3681.778,4 2,South,3,6,58
0,5,15,2,3681.962,4 2,South,3,6,58
0,5,15,2,3682.17,4 2,South,3,6,58
0,5,15,1,3682.353,4 2,East,3,6,58
0,5,15,2,3682.889,4 3,East,3,6,58
0,5,15,6,3683.3,4 3,East,3,7,58
0,5,15,2,3683.548,4 4,East,3,7,58
0,5,15,1,3684.144,4 4,North,3,7,58
0,5,15,2,3684.733,3 4,North,3,7,58
0,5,15,1,3685.292,3 4,West,3,7,58
0,5,15,2,3685.884,3 3,West,3,7,58
0,5,15,3,3686.476,3 3,North,3,7,58
0,5,15,2,3687.134,2 3,North,3,7,58
0,5,15,2,3687.713,1 3,North,3,7,58
0,5,15,3,3688.875,1 3,East,3,7,58
0,5,15,1,3689.871,1 3,North,3,7,58
0,5,15,2,3690.478,0 3,North,3,7,58
0,5,15,3,3691.121,0 3,East,3,7,58
0,5,15,2,3691.647,0 4,East,3,7,58
0,5,15,3,3692.46,0 4,South,3,7,58
0,5,15,2,3693.039,1 4,South,3,7,58
0,5,15,1,3693.777,1 4,East,3,7,58
0,5,15,3,3694.346,1 4,South,3,7,58
0,5,15,3,3694.896,1 4,West,3,7,58
0,5,15,3,3695.561,1 4,North,3,7,58
0,5,15,2,3696.096,0 4,North,3,7,58
0,5,15,2,3696.635,0 4,North,3,7,58
0,5,15,1,3696.799,0 4,West,3,7,58
0,5,15,2,3697.338,0 3,West,3,7,58
0,5,15,1,3697.886,0 3,South,3,7,58
0,5,15,2,3698.586,1 3,South,3,7,58
0,5,15,2,3699.179,2 3,South,3,7,58
0,5,15,2,3699.695,3 3,South,3,7,58
0,5,15,2,3700.369,3 3,South,3,7,58
0,5,15,2,3700.571,3 3,South,3,7,58
0,5,15,1,3700.687,3 3,East,3,7,58
0,5,15,2,3701.249,3 4,East,3,7,58
0,5,15,3,3701.763,3 4,South,3,7,58
0,5,15,2,3702.35,4 4,South,3,7,58
0,5,15,3,3703.05,4 4,West,3,7,58
0,5,15,2,3703.642,4 3,West,3,7,58
0,5,15,2,3704.257,4 2,West,3,7,58
0,5,15,3,3704.815,4 2,North,3,7,58
0,5,15,2,3705.441,3 2,North,3,7,58
0,5,15,6,3705.82,3 2,North,3,8,58
3,5,15,2,3709.708,3 4,North,3,0,0
3,5,15,2,3710.654,3 4,North,3,0,1
3,5,15,2,3710.835,3 4,North,3,0,2
3,5,15,2,3711.034,3 4,North,3,0,3
3,5,15,1,3711.343,3 3,North,3,0,3
3,5,15,2,3712.335,2 3,North,3,0,3
3,5,15,2,3713.31,1 3,North,3,0,3
3,5,15,3,3713.907,1 3,North,3,0,4
3,5,15,2,3714.733,0 3,North,3,0,4
3,5,15,3,3715.456,0 4,North,3,0,4
3,5,15,4,3716.162,1 4,North,3,0,4
3,5,15,6,3716.52,1 4,North,3,1,4
3,5,15,2,3717.363,0 4,North,3,1,4
3,5,15,1,3718.228,0 3,North,3,1,4
3,5,15,4,3719.434,1 3,North,3,1,4
3,5,15,4,3720.336,2 3,North,3,1,4
3,5,15,4,3721.217,3 3,North,3,1,4
3,5,15,6,3721.58,3 3,North,3,2,4
3,5,15,1,3722.194,3 3,North,3,2,5
3,5,15,2,3722.704,2 3,North,3,2,5
3,5,15,1,3723.497,2 3,North,3,2,6
3,5,15,4,3724.162,3 3,North,3,2,6
3,5,15,4,3724.945,3 3,North,3,2,7
3,5,15,3,3725.582,3 4,North,3,2,7
3,5,15,4,3726.313,4 4,North,3,2,7
3,5,15,1,3727.118,4 3,North,3,2,7
3,5,15,1,3728.115,4 2,North,3,2,7
3,5,15,6,3728.52,4 2,North,3,3,7
3,5,15,1,3729.154,4 1,North,3,3,7
3,5,15,3,3730.189,4 2,North,3,3,7
3,5,15,3,3730.924,4 3,North,3,3,7
3,5,15,3,3732.002,4 4,North,3,3,7
3,5,15,2,3732.739,3 4,North,3,3,7
3,5,15,2,3733.535,3 4,North,3,3,8
3,5,15,2,3734.384,3 4,North,3,3,9
3,5,15,2,3736.91,3 4,North,3,3,10
3,5,15,1,3737.53,3 3,North,3,3,10
3,5,15,1,3738.516,3 3,North,3,3,11
3,5,15,2,3739.136,2 3,North,3,3,11
3,5,15,1,3739.985,2 3,North,3,3,12
3,5,15,1,3740.705,2 3,North,3,3,13
3,5,15,3,3741.114,2 3,North,3,3,14
3,5,15,2,3741.68,1 3,North,3,3,14
3,5,15,1,3742.589,1 3,North,3,3,15
3,5,15,2,3743.13,0 3,North,3,3,15
3,5,15,1,3743.885,0 3,North,3,3,16
3,5,15,4,3744.907,1 3,North,3,3,16
3,5,15,3,3746.081,1 3,North,3,3,17
3,5,15,2,3746.73,0 3,North,3,3,17
3,5,15,4,3747.961,1 3,North,3,3,17
3,5,15,4,3749.105,2 3,North,3,3,17
3,5,15,1,3749.762,2 3,North,3,3,18
3,5,15,1,3751.47,2 3,North,3,3,19
3,5,15,4,3751.982,3 3,North,3,3,19
3,5,15,1,3752.762,3 3,North,3,3,20
3,5,15,4,3753.422,3 3,North,3,3,21
3,5,15,3,3754.521,3 4,North,3,3,21
3,5,15,2,3755.388,3 4,North,3,3,22
3,5,15,4,3756.653,4 4,North,3,3,22
3,5,15,1,3757.491,4 3,North,3,3,22
3,5,15,1,3758.369,4 2,North,3,3,22
3,5,15,2,3759.257,3 2,North,3,3,22
3,5,15,1,3759.918,3 1,North,3,3,22
3,5,15,2,3760.879,3 1,North,3,3,23
3,5,15,1,3761.388,3 0,North,3,3,23
3,5,15,2,3762.204,2 0,North,3,3,23
3,5,15,2,3763.084,1 0,North,3,3,23
3,5,15,2,3763.901,1 0,North,3,3,24
3,5,15,3,3764.877,1 1,North,3,3,24
3,5,15,2,3765.406,1 1,North,3,3,25
3,5,15,1,3766.064,1 0,North,3,3,25
3,5,15,2,3767.183,1 0,North,3,3,26
3,5,15,4,3767.683,2 0,North,3,3,26
3,5,15,3,3768.366,2 0,North,3,3,27
3,5,15,3,3769.362,2 0,North,3,3,28
3,5,15,2,3769.763,1 0,North,3,3,28
3,5,15,2,3770.558,1 0,North,3,3,29
3,5,15,3,3771.316,1 1,North,3,3,29
3,5,15,3,3772.318,1 1,North,3,3,30
3,5,15,2,3773.229,1 1,North,3,3,31
3,5,15,4,3773.887,2 1,North,3,3,31
3,5,15,3,3774.637,2 2,North,3,3,31
3,5,15,2,3775.343,1 2,North,3,3,31
3,5,15,2,3776.09,0 2,North,3,3,31
3,5,15,1,3776.746,0 1,North,3,3,31
3,5,15,1,3777.482,0 0,North,3,3,31
3,5,15,6,3777.88,0 0,North,3,4,31
3,5,15,3,3778.307,0 1,North,3,4,31
3,5,15,3,3779.264,0 2,North,3,4,31
3,5,15,2,3779.849,0 2,North,3,4,31
3,5,15,4,3779.875,1 2,North,3,4,31
3,5,15,4,3780.644,2 2,North,3,4,31
3,5,15,4,3781.963,2 2,North,3,4,32
3,5,15,3,3782.898,2 2,North,3,4,33
3,5,15,1,3785.021,2 1,North,3,4,33
3,5,15,3,3785.78,2 2,North,3,4,33
3,5,15,4,3786.899,2 2,North,3,4,34
3,5,15,3,3787.55,2 2,North,3,4,35
3,5,15,2,3788.284,1 2,North,3,4,35
3,5,15,3,3789.027,1 2,North,3,4,36
3,5,15,1,3789.712,1 2,North,3,4,37
3,5,15,4,3790.601,2 2,North,3,4,37
3,5,15,4,3791.629,2 2,North,3,4,38
3,5,15,3,3792.338,2 2,North,3,4,39
3,5,15,1,3792.867,2 1,North,3,4,39
3,5,15,4,3793.739,2 1,North,3,4,40
3,5,15,1,3794.243,2 1,North,3,4,41
3,5,15,1,3795.115,2 1,North,3,4,42
3,5,15,4,3795.628,2 1,North,3,4,43
3,5,15,2,3796.046,1 1,North,3,4,43
3,5,15,1,3796.563,1 0,North,3,4,43
3,5,15,4,3797.452,2 0,North,3,4,43
3,5,15,4,3798.336,3 0,North,3,4,43
3,5,15,3,3798.914,3 1,North,3,4,43
3,5,15,3,3799.827,3 2,North,3,4,43
3,5,15,3,3800.621,3 2,North,3,4,44
3,5,15,4,3801.194,4 2,North,3,4,44
3,5,15,3,3801.963,4 3,North,3,4,44
3,5,15,6,3802.36,4 3,North,3,5,44
3,5,15,1,3802.898,4 2,North,3,5,44
3,5,15,2,3803.551,3 2,North,3,5,44
3,5,15,6,3803.94,3 2,North,3,6,44
3,5,15,1,3804.351,3 1,North,3,6,44
3,5,15,4,3805.388,3 1,North,3,6,45
3,5,15,1,3805.967,3 0,North,3,6,45
3,5,15,4,3806.685,3 0,North,3,6,46
3,5,15,3,3807.21,3 1,North,3,6,46
3,5,15,3,3807.865,3 2,North,3,6,46
3,5,15,4,3808.64,4 2,North,3,6,46
3,5,15,1,3809.344,4 1,North,3,6,46
3,5,15,1,3810.05,4 0,North,3,6,46
3,5,15,6,3810.46,4 0,North,3,7,46
3,5,15,3,3810.813,4 1,North,3,7,46
3,5,15,3,3811.535,4 2,North,3,7,46
3,5,15,3,3812.324,4 3,North,3,7,46
3,5,15,3,3813.13,4 4,North,3,7,46
3,5,15,2,3813.891,3 4,North,3,7,46
3,5,15,2,3814.625,3 4,North,3,7,47
3,5,15,2,3814.795,3 4,North,3,7,48
3,5,15,2,3814.974,3 4,North,3,7,49
3,5,15,1,3815.582,3 3,North,3,7,49
3,5,15,2,3816.145,2 3,North,3,7,49
3,5,15,3,3816.716,2 3,North,3,7,50
3,5,15,2,3817.545,1 3,North,3,7,50
3,5,15,3,3818.13,1 3,North,3,7,51
3,5,15,2,3818.73,0 3,North,3,7,51
3,5,15,3,3819.28,0 4,North,3,7,51
3,5,15,4,3819.931,1 4,North,3,7,51
3,5,15,4,3820.931,2 4,North,3,7,51
3,5,15,6,3821.3,2 4,North,3,8,51
0,6,16,1,3825.243,4 4,West,3,0,51
0,6,16,2,3826.075,4 3,West,3,0,51
0,6,16,2,3827.003,4 2,West,3,0,51
0,6,16,2,3827.759,4 1,West,3,0,51
0,6,16,6,3828.18,4 1,West,3,1,51
0,6,16,3,3828.894,4 1,North,3,1,51
0,6,16,3,3829.662,4 1,East,3,1,51
0,6,16,2,3830.348,4 2,East,3,1,51
0,6,16,2,3830.906,4 3,East,3,1,51
0,6,16,2,3831.537,4 4,East,3,1,51
0,6,16,1,3832.192,4 4,North,3,1,51
0,6,16,2,3832.923,3 4,North,3,1,51
0,6,16,1,3833.562,3 4,West,3,1,51
0,6,16,2,3834.19,3 3,West,3,1,51
0,6,16,6,3834.6,3 3,West,3,2,51
0,6,16,3,3834.777,3 3,North,3,2,51
0,6,16,2,3835.324,2 3,North,3,2,51
0,6,16,2,3835.949,1 3,North,3,2,51
0,6,16,3,3836.847,1 3,East,3,2,51
0,6,16,2,3840.273,1 3,East,3,2,51
0,6,16,1,3840.675,1 3,North,3,2,51
0,6,16,2,3841.795,0 3,North,3,2,51
0,6,16,3,3842.313,0 3,East,3,2,51
0,6,16,2,3842.895,0 4,East,3,2,51
0,6,16,3,3843.437,0 4,South,3,2,51
0,6,16,2,3844.048,1 4,South,3,2,51
0,6,16,3,3844.635,1 4,West,3,2,51
0,6,16,2,3845.313,1 4,West,3,2,51
0,6,16,3,3845.803,1 4,North,3,2,51
0,6,16,2,3846.463,0 4,North,3,2,51
0,6,16,2,3847.306,0 4,North,3,2,51
0,6,16,1,3847.706,0 4,West,3,2,51
0,6,16,2,3848.337,0 3,West,3,2,51
0,6,16,1,3848.894,0 3,South,3,2,51
0,6,16,1,3849.547,0 3,East,3,2,51
0,6,16,2,3850.225,0 4,East,3,2,51
0,6,16,2,3851.104,0 4,East,3,2,51
0,6,16,2,3855.81,0 4,East,3,2,51
0,6,16,2,3856.961,0 4,East,3,2,51
0,6,16,3,3857.964,0 4,South,3,2,51
0,6,16,2,3858.576,1 4,South,3,2,51
0,6,16,3,3859.151,1 4,West,3,2,51
0,6,16,2,3859.825,1 4,West,3,2,51
0,6,16,3,3860.352,1 4,North,3,2,51
0,6,16,2,3860.914,0 4,North,3,2,51
0,6,16,1,3861.504,0 4,West,3,2,51
0,6,16,2,3862.128,0 3,West,3,2,51
0,6,16,1,3863.261,0 3,South,3,2,51
0,6,16,2,3863.936,1 3,South,3,2,51
0,6,16,2,3864.604,2 3,South,3,2,51
0,6,16,1,3865.247,2 3,East,3,2,51
0,6,16,3,3865.791,2 3,South,3,2,51
0,6,16,2,3866.415,3 3,South,3,2,51
0,6,16,1,3867.019,3 3,East,3,2,51
0,6,16,2,3867.609,3 4,East,3,2,51
0,6,16,3,3868.321,3 4,South,3,2,51
0,6,16,2,3868.977,4 4,South,3,2,51
0,6,16,3,3870.02,4 4,West,3,2,51
0,6,16,2,3875.393,4 3,West,3,2,51
0,6,16,2,3876.156,4 2,West,3,2,51
0,6,16,6,3876.56,4 2,West,3,3,51
0,6,16,3,3876.784,4 2,North,3,3,51
0,6,16,2,3877.468,3 2,North,3,3,51
0,6,16,1,3878.161,3 2,West,3,3,51
0,6,16,2,3878.85,3 1,West,3,3,51
0,6,16,2,3879.53,3 0,West,3,3,51
0,6,16,3,3880.077,3 0,North,3,3,51
0,6,16,3,3880.763,3 0,East,3,3,51
0,6,16,1,3881.314,3 0,North,3,3,51
0,6,16,2,3881.919,2 0,North,3,3,51
0,6,16,2,3882.542,1 0,North,3,3,51
0,6,16,3,3883.088,1 0,East,3,3,51
0,6,16,2,3883.657,1 1,East,3,3,51
0,6,16,3,3884.762,1 1,South,3,3,51
0,6,16,2,3885.281,2 1,South,3,3,51
0,6,16,1,3885.818,2 1,East,3,3,51
0,6,16,2,3886.417,2 2,East,3,3,51
0,6,16,1,3886.959,2 2,North,3,3,51
0,6,16,2,3887.566,1 2,North,3,3,51
0,6,16,2,3888.16,0 2,North,3,3,51
0,6,16,1,3889.151,0 2,West,3,3,51
0,6,16,2,3889.724,0 1,West,3,3,51
0,6,16,1,3890.336,0 1,South,3,3,51
0,6,16,1,3890.956,0 1,East,3,3,51
0,6,16,2,3891.505,0 2,East,3,3,51
0,6,16,3,3892.109,0 2,South,3,3,51
0,6,16,2,3892.704,1 2,South,3,3,51
0,6,16,2,3893.338,2 2,South,3,3,51
0,6,16,3,3893.885,2 2,West,3,3,51
0,6,16,3,3894.556,2 2,North,3,3,51
0,6,16,1,3895.198,2 2,West,3,3,51
0,6,16,2,3895.761,2 1,West,3,3,51
0,6,16,3,3896.334,2 1,North,3,3,51
0,6,16,2,3896.977,1 1,North,3,3,51
0,6,16,1,3897.579,1 1,West,3,3,51
0,6,16,2,3898.155,1 0,West,3,3,51
0,6,16,1,3898.701,1 0,South,3,3,51
0,6,16,2,3899.378,2 0,South,3,3,51
0,6,16,2,3900.094,3 0,South,3,3,51
0,6,16,1,3901.184,3 0,East,3,3,51
0,6,16,2,3901.904,3 1,East,3,3,51
0,6,16,2,3902.538,3 2,East,3,3,51
0,6,16,3,3903.087,3 2,South,3,3,51
0,6,16,2,3903.706,4 2,South,3,3,51
0,6,16,1,3904.334,4 2,East,3,3,51
0,6,16,2,3904.906,4 3,East,3,3,51
0,6,16,2,3905.531,4 4,East,3,3,51
0,6,16,1,3906.113,4 4,North,3,3,51
0,6,16,2,3906.818,3 4,North,3,3,51
0,6,16,1,3908.01,3 4,West,3,3,51
0,6,16,2,3908.671,3 3,West,3,3,51
0,6,16,3,3909.322,3 3,North,3,3,51
0,6,16,2,3910.254,2 3,North,3,3,51
0,6,16,6,3910.64,2 3,North,3,4,51
0,6,16,3,3911.521,2 3,East,3,4,51
0,6,16,1,3912.094,2 3,North,3,4,51
0,6,16,3,3912.638,2 3,East,3,4,51
0,6,16,3,3913.553,2 3,South,3,4,51
0,6,16,2,3914.639,3 3,South,3,4,51
0,6,16,1,3915.745,3 3,East,3,4,51
0,6,16,2,3916.303,3 4,East,3,4,51
0,6,16,6,3916.72,3 4,East,3,5,51
0,6,16,3,3917.099,3 4,South,3,5,51
0,6,16,2,3918.417,4 4,South,3,5,51
0,6,16,3,3919.439,4 4,West,3,5,51
0,6,16,2,3920.144,4 3,West,3,5,51
0,6,16,3,3920.813,4 3,North,3,5,51
0,6,16,1,3921.345,4 3,West,3,5,51
0,6,16,2,3921.87,4 2,West,3,5,51
0,6,16,3,3922.843,4 2,North,3,5,51
0,6,16,2,3923.789,3 2,North,3,5,51
0,6,16,1,3924.736,3 2,West,3,5,51
0,6,16,2,3925.387,3 1,West,3,5,51
0,6,16,2,3926.078,3 0,West,3,5,51
0,6,16,3,3927.114,3 0,North,3,5,51
0,6,16,2,3928.222,2 0,North,3,5,51
0,6,16,2,3929.083,1 0,North,3,5,51
0,6,16,6,3929.46,1 0,North,3,6,51
0,6,16,2,3929.666,1 0,North,3,6,51
0,6,16,3,3929.85,1 0,East,3,6,51
0,6,16,2,3930.441,1 1,East,3,6,51
0,6,16,3,3931.04,1 1,South,3,6,51
0,6,16,2,3931.584,2 1,South,3,6,51
0,6,16,1,3932.128,2 1,East,3,6,51
0,6,16,2,3932.72,2 2,East,3,6,51
0,6,16,1,3933.266,2 2,North,3,6,51
0,6,16,2,3933.835,1 2,North,3,6,51
0,6,16,2,3934.434,0 2,North,3,6,51
0,6,16,1,3934.992,0 2,West,3,6,51
0,6,16,2,3935.578,0 1,West,3,6,51
0,6,16,1,3936.109,0 1,South,3,6,51
0,6,16,1,3936.659,0 1,East,3,6,51
0,6,16,2,3937.245,0 2,East,3,6,51
0,6,16,3,3937.826,0 2,South,3,6,51
0,6,16,2,3938.415,1 2,South,3,6,51
0,6,16,2,3938.978,2 2,South,3,6,51
0,6,16,3,3939.521,2 2,West,3,6,51
0,6,16,2,3940.112,2 1,West,3,6,51
0,6,16,3,3940.669,2 1,North,3,6,51
0,6,16,3,3941.265,2 1,East,3,6,51
0,6,16,2,3941.854,2 2,East,3,6,51
0,6,16,2,3942.428,2 2,East,3,6,51
0,6,16,2,3942.643,2 2,East,3,6,51
0,6,16,1,3943.01,2 2,North,3,6,51
0,6,16,1,3943.597,2 2,West,3,6,51
0,6,16,3,3944.205,2 2,North,3,6,51
0,6,16,2,3944.801,1 2,North,3,6,51
0,6,16,2,3945.388,0 2,North,3,6,51
0,6,16,1,3945.981,0 2,West,3,6,51
0,6,16,2,3946.605,0 1,West,3,6,51
0,6,16,1,3947.298,0 1,South,3,6,51
0,6,16,1,3947.983,0 1,East,3,6,51
0,6,16,2,3948.686,0 2,East,3,6,51
0,6,16,1,3952.735,0 2,North,3,6,51
0,6,16,1,3953.374,0 2,West,3,6,51
0,6,16,1,3954.427,0 2,South,3,6,51
0,6,16,2,3954.986,1 2,South,3,6,51
0,6,16,2,3955.841,2 2,South,3,6,51
0,6,16,3,3956.361,2 2,West,3,6,51
0,6,16,2,3956.975,2 1,West,3,6,51
0,6,16,3,3957.538,2 1,North,3,6,51
0,6,16,2,3958.121,1 1,North,3,6,51
0,6,16,1,3958.717,1 1,West,3,6,51
0,6,16,2,3959.328,1 0,West,3,6,51
0,6,16,1,3959.901,1 0,South,3,6,51
0,6,16,1,3960.541,1 0,East,3,6,51
0,6,16,2,3961.098,1 1,East,3,6,51
0,6,16,3,3962.513,1 1,South,3,6,51
0,6,16,2,3963.28,2 1,South,3,6,51
0,6,16,1,3963.885,2 1,East,3,6,51
0,6,16,2,3964.929,2 2,East,3,6,51
0,6,16,1,3965.902,2 2,North,3,6,51
0,6,16,1,3966.81,2 2,West,3,6,51
0,6,16,3,3967.981,2 2,North,3,6,51
0,6,16,2,3968.545,1 2,North,3,6,51
0,6,16,2,3969.323,0 2,North,3,6,51
0,6,16,1,3969.838,0 2,West,3,6,51
0,6,16,1,3970.753,0 2,South,3,6,51
0,6,16,2,3971.327,1 2,South,3,6,51
0,6,16,2,3972.081,2 2,South,3,6,51
0,6,16,3,3972.637,2 2,West,3,6,51
0,6,16,2,3973.212,2 1,West,3,6,51
0,6,16,3,3973.771,2 1,North,3,6,51
0,6,16,2,3974.362,1 1,North,3,6,51
0,6,16,1,3974.938,1 1,West,3,6,51
0,6,16,2,3975.52,1 0,West,3,6,51
0,6,16,1,3976.125,1 0,South,3,6,51
0,6,16,1,3976.781,1 0,East,3,6,51
0,6,16,1,3977.855,1 0,North,3,6,51
0,6,16,3,3979.45,1 0,East,3,6,51
0,6,16,2,3980.062,1 1,East,3,6,51
0,6,16,3,3980.666,1 1,South,3,6,51
0,6,16,3,3981.425,1 1,West,3,6,51
0,6,16,2,3983.921,1 0,West,3,6,51
0,6,16,2,3984.699,1 0,West,3,6,51
0,6,16,1,3984.978,1 0,South,3,6,51
0,6,16,2,3985.599,2 0,South,3,6,51
0,6,16,1,3987.389,2 0,East,3,6,51
0,6,16,3,3988.586,2 0,South,3,6,51
0,6,16,2,3989.114,3 0,South,3,6,51
0,6,16,1,3989.677,3 0,East,3,6,51
0,6,16,2,3990.321,3 1,East,3,6,51
0,6,16,2,3991.008,3 2,East,3,6,51
0,6,16,6,3991.42,3 2,East,3,7,51
0,6,16,3,3991.76,3 2,South,3,7,51
0,6,16,2,3992.476,4 2,South,3,7,51
0,6,16,3,3993.547,4 2,West,3,7,51
0,6,16,1,3994.878,4 2,South,3,7,51
0,6,16,1,3995.519,4 2,East,3,7,51
0,6,16,2,3996.207,4 3,East,3,7,51
0,6,16,2,3996.861,4 4,East,3,7,51
0,6,16,1,3997.394,4 4,North,3,7,51
0,6,16,2,3997.97,3 4,North,3,7,51
0,6,16,1,3998.972,3 4,West,3,7,51
0,6,16,2,3999.498,3 3,West,3,7,51
0,6,16,3,4000.126,3 3,North,3,7,51
0,6,16,2,4000.653,2 3,North,3,7,51
0,6,16,2,4001.164,1 3,North,3,7,51
0,6,16,3,4001.933,1 3,East,3,7,51
0,6,16,2,4003.05,1 3,East,3,7,51
0,6,16,1,4003.403,1 3,North,3,7,51
0,6,16,2,4004.046,0 3,North,3,7,51
0,6,16,3,4004.594,0 3,East,3,7,51
0,6,16,2,4005.215,0 4,East,3,7,51
0,6,16,3,4005.73,0 4,South,3,7,51
0,6,16,2,4006.353,1 4,South,3,7,51
0,6,16,3,4007.361,1 4,West,3,7,51
0,6,16,3,4008.031,1 4,North,3,7,51
0,6,16,2,4009.164,0 4,North,3,7,51
0,6,16,1,4009.723,0 4,West,3,7,51
0,6,16,2,4010.266,0 3,West,3,7,51
0,6,16,1,4010.794,0 3,South,3,7,51
0,6,16,2,4011.377,1 3,South,3,7,51
0,6,16,2,4012.058,2 3,South,3,7,51
0,6,16,2,4012.987,3 3,South,3,7,51
0,6,16,1,4013.874,3 3,East,3,7,51
0,6,16,2,4014.492,3 4,East,3,7,51
0,6,16,3,4015.171,3 4,South,3,7,51
0,6,16,2,4015.836,4 4,South,3,7,51
0,6,16,3,4016.417,4 4,West,3,7,51
0,6,16,2,4017.177,4 3,West,3,7,51
0,6,16,2,4017.771,4 2,West,3,7,51
0,6,16,2,4018.397,4 1,West,3,7,51
0,6,16,2,4019.568,4 0,West,3,7,51
0,6,16,2,4020.54,4 0,West,3,7,51
0,6,16,3,4021.037,4 0,North,3,7,51
0,6,16,3,4021.586,4 0,East,3,7,51
0,6,16,2,4022.218,4 1,East,3,7,51
0,6,16,2,4022.782,4 2,East,3,7,51
0,6,16,1,4023.698,4 2,North,3,7,51
0,6,16,2,4024.617,3 2,North,3,7,51
0,6,16,1,4025.533,3 2,West,3,7,51
0,6,16,2,4026.156,3 1,West,3,7,51
0,6,16,2,4027.182,3 0,West,3,7,51
0,6,16,3,4027.724,3 0,North,3,7,51
0,6,16,2,4028.251,2 0,North,3,7,51
0,6,16,2,4028.815,1 0,North,3,7,51
0,6,16,3,4029.857,1 0,East,3,7,51
0,6,16,2,4030.434,1 1,East,3,7,51
0,6,16,3,4031.392,1 1,South,3,7,51
0,6,16,2,4032.313,2 1,South,3,7,51
0,6,16,6,4032.7,2 1,South,3,8,51
3,6,16,4,4052.493,4 4,North,3,0,0
3,6,16,1,4052.993,4 3,North,3,0,0
3,6,16,1,4053.932,4 2,North,3,0,0
3,6,16,6,4054.34,4 2,North,3,1,0
3,6,16,3,4054.896,4 3,North,3,1,0
3,6,16,3,4055.885,4 4,North,3,1,0
3,6,16,2,4056.843,3 4,North,3,1,0
3,6,16,2,4057.754,3 4,North,3,1,1
3,6,16,1,4058.659,3 3,North,3,1,1
3,6,16,2,4059.326,2 3,North,3,1,1
3,6,16,6,4059.7,2 3,North,3,2,1
3,6,16,1,4060.398,2 3,North,3,2,2
3,6,16,4,4061.059,3 3,North,3,2,2
3,6,16,1,4061.807,3 3,North,3,2,3
3,6,16,2,4062.785,2 3,North,3,2,3
3,6,16,2,4063.838,1 3,North,3,2,3
3,6,16,1,4064.733,1 3,North,3,2,4
3,6,16,2,4065.308,0 3,North,3,2,4
3,6,16,1,4066.028,0 3,North,3,2,5
3,6,16,1,4067.068,0 3,North,3,2,6
3,6,16,4,4067.713,1 3,North,3,2,6
3,6,16,1,4068.506,1 3,North,3,2,7
3,6,16,4,4069.187,2 3,North,3,2,7
3,6,16,1,4070.188,2 3,North,3,2,8
3,6,16,4,4070.826,3 3,North,3,2,8
3,6,16,1,4071.821,3 3,North,3,2,9
3,6,16,4,4072.353,3 3,North,3,2,10
3,6,16,3,4074.018,3 4,North,3,2,10
3,6,16,4,4074.746,4 4,North,3,2,10
3,6,16,1,4075.826,4 3,North,3,2,10
3,6,16,1,4076.573,4 2,North,3,2,10
3,6,16,1,4077.538,4 1,North,3,2,10
3,6,16,2,4078.259,4 1,North,3,2,11
3,6,16,1,4078.868,4 0,North,3,2,11
3,6,16,2,4079.562,4 0,North,3,2,12
3,6,16,3,4080.126,4 1,North,3,2,12
3,6,16,2,4080.796,4 1,North,3,2,13
3,6,16,1,4081.658,4 0,North,3,2,13
3,6,16,3,4082.588,4 1,North,3,2,13
3,6,16,3,4083.388,4 2,North,3,2,13
3,6,16,2,4084.089,3 2,North,3,2,13
3,6,16,1,4084.844,3 1,North,3,2,13
3,6,16,1,4085.665,3 0,North,3,2,13
3,6,16,2,4086.383,2 0,North,3,2,13
3,6,16,2,4087.166,1 0,North,3,2,13
3,6,16,6,4087.56,1 0,North,3,3,13
3,6,16,4,4088.132,2 0,North,3,3,13
3,6,16,3,4088.848,2 0,North,3,3,14
3,6,16,3,4089.598,2 0,North,3,3,15
3,6,16,4,4090.042,3 0,North,3,3,15
3,6,16,3,4090.609,3 1,North,3,3,15
3,6,16,2,4091.232,3 1,North,3,3,16
3,6,16,2,4091.921,3 1,North,3,3,17
3,6,16,3,4092.192,3 2,North,3,3,17
3,6,16,2,4093.293,3 2,North,3,3,18
3,6,16,1,4093.834,3 1,North,3,3,18
3,6,16,4,4094.943,3 1,North,3,3,19
3,6,16,1,4095.924,3 0,North,3,3,19
3,6,16,2,4096.938,2 0,North,3,3,19
3,6,16,2,4097.753,1 0,North,3,3,19
3,6,16,3,4098.514,1 1,North,3,3,19
3,6,16,4,4099.2,2 1,North,3,3,19
3,6,16,6,4099.56,2 1,North,3,4,19
3,6,16,1,4100.298,2 1,North,3,4,20
3,6,16,2,4100.756,1 1,North,3,4,20
3,6,16,1,4101.535,1 0,North,3,4,20
3,6,16,4,4102.308,2 0,North,3,4,20
3,6,16,4,4103.058,3 0,North,3,4,20
3,6,16,4,4103.821,3 0,North,3,4,21
3,6,16,3,4104.527,3 1,North,3,4,21
3,6,16,4,4105.212,3 1,North,3,4,22
3,6,16,3,4105.981,3 2,North,3,4,22
3,6,16,4,4106.719,4 2,North,3,4,22
3,6,16,1,4107.49,4 1,North,3,4,22
3,6,16,1,4108.253,4 0,North,3,4,22
3,6,16,6,4108.66,4 0,North,3,5,22
3,6,16,3,4108.986,4 1,North,3,5,22
3,6,16,3,4109.679,4 2,North,3,5,22
3,6,16,3,4110.432,4 3,North,3,5,22
3,6,16,3,4111.186,4 4,North,3,5,22
3,6,16,2,4111.938,3 4,North,3,5,22
3,6,16,2,4112.719,3 4,North,3,5,23
3,6,16,1,4113.873,3 3,North,3,5,23
3,6,16,2,4114.639,2 3,North,3,5,23
3,6,16,3,4115.251,2 3,North,3,5,24
3,6,16,2,4115.962,1 3,North,3,5,24
3,6,16,3,4116.666,1 3,North,3,5,25
3,6,16,3,4117.482,1 3,North,3,5,26
3,6,16,2,4117.739,0 3,North,3,5,26
3,6,16,3,4118.494,0 4,North,3,5,26
3,6,16,4,4119.218,1 4,North,3,5,26
3,6,16,4,4119.952,2 4,North,3,5,26
3,6,16,6,4120.32,2 4,North,3,6,26
3,6,16,2,4120.867,1 4,North,3,6,26
3,6,16,2,4121.659,0 4,North,3,6,26
3,6,16,1,4122.459,0 3,North,3,6,26
3,6,16,4,4123.227,1 3,North,3,6,26
3,6,16,6,4123.58,1 3,North,3,7,26
3,6,16,2,4124.351,0 3,North,3,7,26
3,6,16,3,4125.244,0 4,North,3,7,26
3,6,16,4,4126.043,1 4,North,3,7,26
3,6,16,4,4126.849,2 4,North,3,7,26
3,6,16,4,4127.649,2 4,North,3,7,27
3,6,16,3,4128.764,2 4,North,3,7,27
3,6,16,1,4129.067,2 4,North,3,7,28
3,6,16,2,4129.709,1 4,North,3,7,28
3,6,16,1,4130.516,1 4,North,3,7,29
3,6,16,2,4131.153,0 4,North,3,7,29
3,6,16,1,4131.843,0 3,North,3,7,29
3,6,16,4,4132.655,1 3,North,3,7,29
3,6,16,4,4133.435,2 3,North,3,7,29
3,6,16,4,4134.331,3 3,North,3,7,29
3,6,16,4,4135.097,3 3,North,3,7,30
3,6,16,1,4135.746,3 3,North,3,7,31
3,6,16,3,4136.38,3 4,North,3,7,31
3,6,16,4,4136.922,4 4,North,3,7,31
3,6,16,1,4137.663,4 3,North,3,7,31
3,6,16,6,4138.08,4 3,North,3,8,31
0,6,17,1,4143.838,4 4,West,3,0,31
0,6,17,2,4144.971,4 3,West,3,0,31
0,6,17,2,4145.947,4 2,West,3,0,31
0,6,17,3,4147.134,4 2,North,3,0,31
0,6,17,2,4148.369,3 2,North,3,0,31
0,6,17,1,4149.776,3 2,West,3,0,31
0,6,17,2,4150.732,3 1,West,3,0,31
0,6,17,2,4151.793,3 0,West,3,0,31
0,6,17,3,4152.625,3 0,North,3,0,31
0,6,17,2,4153.521,2 0,North,3,0,31
0,6,17,2,4154.38,1 0,North,3,0,31
0,6,17,3,4154.924,1 0,East,3,0,31
0,6,17,2,4155.74,1 1,East,3,0,31
0,6,17,3,4156.402,1 1,South,3,0,31
0,6,17,2,4157.148,2 1,South,3,0,31
0,6,17,1,4157.839,2 1,East,3,0,31
0,6,17,2,4158.626,2 2,East,3,0,31
0,6,17,1,4159.31,2 2,North,3,0,31
0,6,17,2,4160.092,1 2,North,3,0,31
0,6,17,2,4160.876,0 2,North,3,0,31
0,6,17,6,4161.26,0 2,North,3,1,31
0,6,17,1,4161.807,0 2,West,3,1,31
0,6,17,2,4162.717,0 1,West,3,1,31
0,6,17,1,4163.648,0 1,South,3,1,31
0,6,17,1,4164.46,0 1,East,3,1,31
0,6,17,2,4165.115,0 2,East,3,1,31
0,6,17,3,4165.822,0 2,South,3,1,31
0,6,17,2,4166.495,1 2,South,3,1,31
0,6,17,2,4167.2,2 2,South,3,1,31
0,6,17,3,4168.139,2 2,West,3,1,31
0,6,17,3,4169.185,2 2,North,3,1,31
0,6,17,1,4170.017,2 2,West,3,1,31
0,6,17,2,4170.637,2 1,West,3,1,31
0,6,17,3,4171.402,2 1,North,3,1,31
0,6,17,2,4173.521,1 1,North,3,1,31
0,6,17,6,4173.9,1 1,North,3,2,31
0,6,17,1,4174.512,1 1,West,3,2,31
0,6,17,2,4175.274,1 0,West,3,2,31
0,6,17,1,4176.09,1 0,South,3,2,31
0,6,17,1,4177.408,1 0,East,3,2,31
0,6,17,2,4179.966,1 1,East,3,2,31
0,6,17,2,4180.618,1 1,East,3,2,31
0,6,17,3,4180.755,1 1,South,3,2,31
0,6,17,2,4181.29,2 1,South,3,2,31
0,6,17,1,4181.884,2 1,East,3,2,31
0,6,17,2,4182.46,2 2,East,3,2,31
0,6,17,1,4183.011,2 2,North,3,2,31
0,6,17,2,4183.645,1 2,North,3,2,31
0,6,17,2,4184.37,0 2,North,3,2,31
0,6,17,1,4184.908,0 2,West,3,2,31
0,6,17,2,4185.633,0 1,West,3,2,31
0,6,17,1,4186.32,0 1,South,3,2,31
0,6,17,1,4186.992,0 1,East,3,2,31
0,6,17,1,4188.128,0 1,North,3,2,31
0,6,17,1,4189.135,0 1,West,3,2,31
0,6,17,1,4189.886,0 1,South,3,2,31
0,6,17,1,4190.479,0 1,East,3,2,31
0,6,17,1,4191.076,0 1,North,3,2,31
0,6,17,3,4192.351,0 1,East,3,2,31
0,6,17,2,4193.132,0 2,East,3,2,31
0,6,17,3,4193.66,0 2,South,3,2,31
0,6,17,2,4194.301,1 2,South,3,2,31
0,6,17,2,4194.974,2 2,South,3,2,31
0,6,17,3,4195.504,2 2,West,3,2,31
0,6,17,2,4196.077,2 1,West,3,2,31
0,6,17,3,4196.606,2 1,North,3,2,31
0,6,17,2,4197.149,1 1,North,3,2,31
0,6,17,1,4197.745,1 1,West,3,2,31
0,6,17,2,4198.337,1 0,West,3,2,31
0,6,17,1,4198.922,1 0,South,3,2,31
0,6,17,2,4199.507,2 0,South,3,2,31
0,6,17,2,4200.25,3 0,South,3,2,31
0,6,17,1,4201.134,3 0,East,3,2,31
0,6,17,2,4201.729,3 1,East,3,2,31
0,6,17,2,4202.396,3 2,East,3,2,31
0,6,17,3,4202.912,3 2,South,3,2,31
0,6,17,2,4203.58,4 2,South,3,2,31
0,6,17,3,4204.188,4 2,West,3,2,31
0,6,17,2,4204.874,4 1,West,3,2,31
0,6,17,1,4205.676,4 1,South,3,2,31
0,6,17,1,4206.473,4 1,East,3,2,31
0,6,17,2,4207.266,4 2,East,3,2,31
0,6,17,2,4207.819,4 3,East,3,2,31
0,6,17,2,4208.538,4 4,East,3,2,31
0,6,17,1,4209.12,4 4,North,3,2,31
0,6,17,1,4209.806,4 4,West,3,2,31
0,6,17,1,4212.349,4 4,South,3,2,31
0,6,17,3,4213.018,4 4,West,3,2,31
0,6,17,2,4213.712,4 3,West,3,2,31
0,6,17,2,4214.515,4 2,West,3,2,31
0,6,17,2,4217.022,4 1,West,3,2,31
0,6,17,2,4217.873,4 0,West,3,2,31
0,6,17,1,4218.687,4 0,South,3,2,31
0,6,17,1,4219.487,4 0,East,3,2,31
0,6,17,2,4220.155,4 1,East,3,2,31
0,6,17,2,4220.88,4 2,East,3,2,31
0,6,17,2,4221.601,4 3,East,3,2,31
0,6,17,2,4222.161,4 4,East,3,2,31
0,6,17,1,4222.794,4 4,North,3,2,31
0,6,17,1,4223.423,4 4,West,3,2,31
0,6,17,3,4223.97,4 4,North,3,2,31
0,6,17,2,4224.701,3 4,North,3,2,31
0,6,17,1,4225.391,3 4,West,3,2,31
0,6,17,2,4226.01,3 3,West,3,2,31
0,6,17,3,4226.703,3 3,North,3,2,31
0,6,17,2,4227.365,2 3,North,3,2,31
0,6,17,2,4227.985,1 3,North,3,2,31
0,6,17,2,4228.542,0 3,North,3,2,31
0,6,17,3,4229.162,0 3,East,3,2,31
0,6,17,2,4229.758,0 4,East,3,2,31
0,6,17,3,4230.298,0 4,South,3,2,31
0,6,17,2,4230.914,1 4,South,3,2,31
0,6,17,2,4231.549,2 4,South,3,2,31
0,6,17,6,4231.92,2 4,South,3,3,31
0,6,17,1,4232.446,2 4,East,3,3,31
0,6,17,1,4233.054,2 4,North,3,3,31
0,6,17,2,4233.633,1 4,North,3,3,31
0,6,17,2,4234.268,0 4,North,3,3,31
0,6,17,1,4234.861,0 4,West,3,3,31
0,6,17,2,4235.452,0 3,West,3,3,31
0,6,17,1,4236.044,0 3,South,3,3,31
0,6,17,2,4236.657,1 3,South,3,3,31
0,6,17,2,4237.296,2 3,South,3,3,31
0,6,17,1,4238.145,2 3,East,3,3,31
0,6,17,2,4238.894,2 3,East,3,3,31
0,6,17,3,4239.171,2 3,South,3,3,31
0,6,17,2,4240.014,3 3,South,3,3,31
0,6,17,1,4240.652,3 3,East,3,3,31
0,6,17,2,4241.242,3 4,East,3,3,31
0,6,17,3,4242.063,3 4,South,3,3,31
0,6,17,2,4242.686,4 4,South,3,3,31
0,6,17,3,4243.341,4 4,West,3,3,31
0,6,17,2,4243.964,4 3,West,3,3,31
0,6,17,2,4244.618,4 2,West,3,3,31
0,6,17,3,4245.215,4 2,North,3,3,31
0,6,17,2,4245.9,3 2,North,3,3,31
0,6,17,1,4246.523,3 2,West,3,3,31
0,6,17,1,4247.132,3 2,South,3,3,31
0,6,17,2,4248.943,4 2,South,3,3,31
0,6,17,2,4249.504,4 2,South,3,3,31
0,6,17,2,4252.972,4 2,South,3,3,31
0,6,17,3,4253.228,4 2,West,3,3,31
0,6,17,2,4254.028,4 1,West,3,3,31
0,6,17,2,4254.638,4 0,West,3,3,31
0,6,17,1,4255.226,4 0,South,3,3,31
0,6,17,1,4255.858,4 0,East,3,3,31
0,6,17,2,4256.978,4 1,East,3,3,31
0,6,17,2,4257.595,4 2,East,3,3,31
0,6,17,2,4258.222,4 3,East,3,3,31
0,6,17,2,4258.827,4 4,East,3,3,31
0,6,17,1,4259.453,4 4,North,3,3,31
0,6,17,2,4260.125,3 4,North,3,3,31
0,6,17,1,4260.69,3 4,West,3,3,31
0,6,17,2,4261.28,3 3,West,3,3,31
0,6,17,3,4261.889,3 3,North,3,3,31
0,6,17,2,4262.506,2 3,North,3,3,31
0,6,17,2,4263.151,1 3,North,3,3,31
0,6,17,2,4263.724,0 3,North,3,3,31
0,6,17,3,4264.365,0 3,East,3,3,31
0,6,17,3,4264.995,0 3,South,3,3,31
0,6,17,2,4265.725,1 3,South,3,3,31
0,6,17,2,4269.787,2 3,South,3,3,31
0,6,17,2,4270.459,3 3,South,3,3,31
0,6,17,1,4271.073,3 3,East,3,3,31
0,6,17,2,4271.698,3 4,East,3,3,31
0,6,17,3,4272.314,3 4,South,3,3,31
0,6,17,2,4272.922,4 4,South,3,3,31
0,6,17,3,4273.584,4 4,West,3,3,31
0,6,17,2,4274.273,4 3,West,3,3,31
0,6,17,2,4274.906,4 2,West,3,3,31
0,6,17,3,4275.519,4 2,North,3,3,31
0,6,17,2,4276.095,3 2,North,3,3,31
0,6,17,1,4276.716,3 2,West,3,3,31
0,6,17,2,4277.325,3 1,West,3,3,31
0,6,17,2,4277.922,3 0,West,3,3,31
0,6,17,2,4278.436,3 0,West,3,3,31
0,6,17,3,4278.683,3 0,North,3,3,31
0,6,17,2,4279.259,2 0,North,3,3,31
0,6,17,2,4279.856,1 0,North,3,3,31
0,6,17,3,4280.514,1 0,East,3,3,31
0,6,17,3,4281.084,1 0,South,3,3,31
0,6,17,3,4282.194,1 0,West,3,3,31
0,6,17,1,4282.734,1 0,South,3,3,31
0,6,17,2,4283.31,2 0,South,3,3,31
0,6,17,2,4283.963,3 0,South,3,3,31
0,6,17,1,4284.59,3 0,East,3,3,31
0,6,17,2,4285.247,3 1,East,3,3,31
0,6,17,2,4286.096,3 2,East,3,3,31
0,6,17,3,4286.781,3 2,South,3,3,31
0,6,17,2,4287.338,4 2,South,3,3,31
0,6,17,1,4288,4 2,East,3,3,31
0,6,17,2,4288.682,4 3,East,3,3,31
0,6,17,2,4289.355,4 4,East,3,3,31
0,6,17,1,4289.938,4 4,North,3,3,31
0,6,17,2,4290.62,3 4,North,3,3,31
0,6,17,1,4291.339,3 4,West,3,3,31
0,6,17,2,4292.094,3 3,West,3,3,31
0,6,17,1,4293.04,3 3,South,3,3,31
0,6,17,3,4293.699,3 3,West,3,3,31
0,6,17,2,4294.674,3 3,West,3,3,31
0,6,17,2,4294.899,3 3,West,3,3,31
0,6,17,2,4295.13,3 3,West,3,3,31
0,6,17,2,4298.188,3 3,West,3,3,31
0,6,17,3,4298.399,3 3,North,3,3,31
0,6,17,2,4298.97,2 3,North,3,3,31
0,6,17,2,4299.63,1 3,North,3,3,31
0,6,17,2,4300.208,0 3,North,3,3,31
0,6,17,3,4300.833,0 3,East,3,3,31
0,6,17,2,4301.419,0 4,East,3,3,31
0,6,17,3,4302.034,0 4,South,3,3,31
0,6,17,2,4302.611,1 4,South,3,3,31
0,6,17,3,4303.345,1 4,West,3,3,31
0,6,17,3,4303.946,1 4,North,3,3,31
0,6,17,2,4304.528,0 4,North,3,3,31
0,6,17,1,4305.103,0 4,West,3,3,31
0,6,17,2,4305.722,0 3,West,3,3,31
0,6,17,1,4306.314,0 3,South,3,3,31
0,6,17,2,4307.002,1 3,South,3,3,31
0,6,17,2,4307.664,2 3,South,3,3,31
0,6,17,2,4308.318,3 3,South,3,3,31
0,6,17,2,4316.479,3 3,South,3,3,31
0,6,17,1,4317.055,3 3,East,3,3,31
0,6,17,2,4317.69,3 4,East,3,3,31
0,6,17,3,4318.3,3 4,South,3,3,31
0,6,17,2,4318.894,4 4,South,3,3,31
0,6,17,3,4319.472,4 4,West,3,3,31
0,6,17,2,4320.029,4 3,West,3,3,31
0,6,17,3,4320.666,4 3,North,3,3,31
0,6,17,1,4321.232,4 3,West,3,3,31
0,6,17,2,4321.792,4 2,West,3,3,31
0,6,17,3,4322.368,4 2,North,3,3,31
0,6,17,2,4323.067,3 2,North,3,3,31
0,6,17,1,4323.647,3 2,West,3,3,31
0,6,17,2,4324.274,3 1,West,3,3,31
0,6,17,2,4324.913,3 0,West,3,3,31
0,6,17,3,4325.5,3 0,North,3,3,31
0,6,17,2,4326.143,2 0,North,3,3,31
0,6,17,2,4326.831,1 0,North,3,3,31
0,6,17,3,4327.504,1 0,East,3,3,31
0,6,17,2,4328.115,1 1,East,3,3,31
0,6,17,2,4329.212,1 1,East,3,3,31
0,6,17,2,4329.434,1 1,East,3,3,31
0,6,17,3,4329.788,1 1,South,3,3,31
0,6,17,2,4330.368,2 1,South,3,3,31
0,6,17,1,4331.026,2 1,East,3,3,31
0,6,17,2,4331.66,2 2,East,3,3,31
0,6,17,1,4332.283,2 2,North,3,3,31
0,6,17,2,4332.9,1 2,North,3,3,31
0,6,17,6,4333.3,1 2,North,3,4,31
0,6,17,2,4333.661,0 2,North,3,4,31
0,6,17,1,4334.316,0 2,West,3,4,31
0,6,17,1,4334.988,0 2,South,3,4,31
0,6,17,2,4335.595,1 2,South,3,4,31
0,6,17,2,4337.887,2 2,South,3,4,31
0,6,17,3,4338.441,2 2,West,3,4,31
0,6,17,2,4339.07,2 1,West,3,4,31
0,6,17,3,4339.642,2 1,North,3,4,31
0,6,17,2,4340.237,1 1,North,3,4,31
0,6,17,1,4340.864,1 1,West,3,4,31
0,6,17,2,4341.501,1 0,West,3,4,31
0,6,17,2,4342.307,1 0,West,3,4,31
0,6,17,2,4342.959,1 0,West,3,4,31
0,6,17,2,4343.151,1 0,West,3,4,31
0,6,17,1,4343.519,1 0,South,3,4,31
0,6,17,2,4344.127,2 0,South,3,4,31
0,6,17,2,4344.752,3 0,South,3,4,31
0,6,17,1,4345.323,3 0,East,3,4,31
0,6,17,2,4345.914,3 1,East,3,4,31
0,6,17,6,4346.32,3 1,East,3,5,31
0,6,17,2,4346.515,3 2,East,3,5,31
0,6,17,3,4347.069,3 2,South,3,5,31
0,6,17,2,4347.612,4 2,South,3,5,31
0,6,17,1,4348.234,4 2,East,3,5,31
0,6,17,2,4348.939,4 3,East,3,5,31
0,6,17,2,4349.488,4 4,East,3,5,31
0,6,17,1,4350.106,4 4,North,3,5,31
0,6,17,2,4350.749,3 4,North,3,5,31
0,6,17,1,4351.345,3 4,West,3,5,31
0,6,17,2,4351.964,3 3,West,3,5,31
0,6,17,3,4352.564,3 3,North,3,5,31
0,6,17,2,4353.151,2 3,North,3,5,31
0,6,17,2,4353.745,1 3,North,3,5,31
0,6,17,2,4356.143,0 3,North,3,5,31
0,6,17,3,4356.739,0 3,East,3,5,31
0,6,17,2,4357.307,0 4,East,3,5,31
0,6,17,6,4357.72,0 4,East,3,6,31
0,6,17,3,4357.882,0 4,South,3,6,31
0,6,17,2,4358.465,1 4,South,3,6,31
0,6,17,3,4359.131,1 4,West,3,6,31
0,6,17,2,4359.711,1 4,West,3,6,31
0,6,17,3,4359.924,1 4,North,3,6,31
0,6,17,2,4360.461,0 4,North,3,6,31
0,6,17,1,4361.037,0 4,West,3,6,31
0,6,17,2,4361.662,0 3,West,3,6,31
0,6,17,6,4362.08,0 3,West,3,7,31
0,6,17,2,4362.276,0 3,West,3,7,31
0,6,17,1,4362.49,0 3,South,3,7,31
0,6,17,1,4363.185,0 3,East,3,7,31
0,6,17,2,4369.818,0 4,East,3,7,31
0,6,17,3,4370.481,0 4,South,3,7,31
0,6,17,2,4371.198,1 4,South,3,7,31
0,6,17,3,4371.773,1 4,West,3,7,31
0,6,17,2,4372.305,1 4,West,3,7,31
0,6,17,2,4372.526,1 4,West,3,7,31
0,6,17,3,4372.703,1 4,North,3,7,31
0,6,17,2,4373.324,0 4,North,3,7,31
0,6,17,1,4373.916,0 4,West,3,7,31
0,6,17,2,4374.527,0 3,West,3,7,31
0,6,17,1,4375.375,0 3,South,3,7,31
0,6,17,1,4376.685,0 3,East,3,7,31
0,6,17,2,4379.503,0 4,East,3,7,31
0,6,17,3,4380.094,0 4,South,3,7,31
0,6,17,2,4380.708,1 4,South,3,7,31
0,6,17,2,4381.226,2 4,South,3,7,31
0,6,17,3,4382.014,2 4,West,3,7,31
0,6,17,3,4382.575,2 4,North,3,7,31
0,6,17,3,4383.151,2 4,East,3,7,31
0,6,17,3,4383.726,2 4,South,3,7,31
0,6,17,3,4385.002,2 4,West,3,7,31
0,6,17,2,4388.801,2 4,West,3,7,31
0,6,17,2,4389.262,2 4,West,3,7,31
0,6,17,2,4389.436,2 4,West,3,7,31
0,6,17,2,4389.68,2 4,West,3,7,31
0,6,17,3,4389.854,2 4,North,3,7,31
0,6,17,2,4390.402,1 4,North,3,7,31
0,6,17,2,4391.004,0 4,North,3,7,31
0,6,17,1,4391.566,0 4,West,3,7,31
0,6,17,2,4392.219,0 3,West,3,7,31
0,6,17,1,4392.785,0 3,South,3,7,31
0,6,17,1,4393.374,0 3,East,3,7,31
0,6,17,3,4393.999,0 3,South,3,7,31
0,6,17,2,4394.64,1 3,South,3,7,31
0,6,17,2,4395.246,2 3,South,3,7,31
0,6,17,2,4395.838,3 3,South,3,7,31
0,6,17,1,4396.434,3 3,East,3,7,31
0,6,17,2,4397.003,3 4,East,3,7,31
0,6,17,3,4397.604,3 4,South,3,7,31
0,6,17,2,4398.221,4 4,South,3,7,31
0,6,17,2,4398.747,4 4,South,3,7,31
0,6,17,3,4398.929,4 4,West,3,7,31
0,6,17,3,4399.583,4 4,North,3,7,31
0,6,17,1,4400.259,4 4,West,3,7,31
0,6,17,2,4400.942,4 3,West,3,7,31
0,6,17,2,4401.459,4 2,West,3,7,31
0,6,17,2,4401.984,4 1,West,3,7,31
0,6,17,3,4403.836,4 1,North,3,7,31
0,6,17,2,4404.531,4 1,North,3,7,31
0,6,17,1,4404.714,4 1,West,3,7,31
0,6,17,1,4405.792,4 1,South,3,7,31
0,6,17,1,4406.526,4 1,East,3,7,31
0,6,17,2,4407.243,4 2,East,3,7,31
0,6,17,2,4407.809,4 3,East,3,7,31
0,6,17,2,4408.619,4 4,East,3,7,31
0,6,17,1,4409.648,4 4,North,3,7,31
0,6,17,2,4410.412,3 4,North,3,7,31
0,6,17,1,4410.972,3 4,West,3,7,31
0,6,17,2,4411.665,3 3,West,3,7,31
0,6,17,3,4412.269,3 3,North,3,7,31
0,6,17,2,4412.842,2 3,North,3,7,31
0,6,17,1,4414.348,2 3,West,3,7,31
0,6,17,1,4415.181,2 3,South,3,7,31
0,6,17,2,4415.932,3 3,South,3,7,31
0,6,17,1,4416.515,3 3,East,3,7,31
0,6,17,2,4417.259,3 4,East,3,7,31
0,6,17,3,4417.939,3 4,South,3,7,31
0,6,17,2,4418.529,4 4,South,3,7,31
0,6,17,3,4419.088,4 4,West,3,7,31
0,6,17,2,4419.775,4 3,West,3,7,31
0,6,17,3,4420.508,4 3,North,3,7,31
0,6,17,1,4421.499,4 3,West,3,7,31
0,6,17,2,4422.282,4 2,West,3,7,31
0,6,17,3,4422.814,4 2,North,3,7,31
0,6,17,2,4423.531,3 2,North,3,7,31
0,6,17,1,4424.141,3 2,West,3,7,31
0,6,17,2,4424.929,3 1,West,3,7,31
0,6,17,2,4425.791,3 0,West,3,7,31
0,6,17,3,4426.365,3 0,North,3,7,31
0,6,17,2,4427.226,2 0,North,3,7,31
0,6,17,2,4428.221,1 0,North,3,7,31
0,6,17,3,4428.882,1 0,East,3,7,31
0,6,17,2,4429.698,1 1,East,3,7,31
0,6,17,3,4430.3,1 1,South,3,7,31
0,6,17,2,4431.086,2 1,South,3,7,31
0,6,17,1,4431.778,2 1,East,3,7,31
0,6,17,2,4432.506,2 2,East,3,7,31
0,6,17,1,4433.088,2 2,North,3,7,31
0,6,17,2,4434.157,1 2,North,3,7,31
0,6,17,2,4435.202,0 2,North,3,7,31
0,6,17,1,4436.285,0 2,West,3,7,31
0,6,17,2,4437.051,0 1,West,3,7,31
0,6,17,2,4437.953,0 0,West,3,7,31
0,6,17,6,4438.36,0 0,West,3,8,31
3,6,17,2,4446.479,3 4,North,3,0,0
3,6,17,2,4447.502,3 4,North,3,0,1
3,6,17,1,4448.063,3 3,North,3,0,1
3,6,17,2,4449.009,2 3,North,3,0,1
3,6,17,2,4450.172,1 3,North,3,0,1
3,6,17,2,4451.183,0 3,North,3,0,1
3,6,17,6,4451.56,0 3,North,3,1,1
3,6,17,4,4452.346,1 3,North,3,1,1
3,6,17,2,4453.437,0 3,North,3,1,1
3,6,17,4,4453.956,1 3,North,3,1,1
3,6,17,4,4454.802,2 3,North,3,1,1
3,6,17,4,4455.792,3 3,North,3,1,1
3,6,17,1,4456.466,3 3,North,3,1,2
3,6,17,4,4457.268,3 3,North,3,1,3
3,6,17,3,4458.378,3 4,North,3,1,3
3,6,17,4,4459.243,4 4,North,3,1,3
3,6,17,1,4460.159,4 3,North,3,1,3
3,6,17,1,4461.05,4 2,North,3,1,3
3,6,17,2,4461.905,3 2,North,3,1,3
3,6,17,1,4462.575,3 1,North,3,1,3
3,6,17,6,4462.98,3 1,North,3,2,3
3,6,17,4,4463.74,3 1,North,3,2,4
3,6,17,3,4464.219,3 2,North,3,2,4
3,6,17,4,4464.975,4 2,North,3,2,4
3,6,17,3,4465.883,4 3,North,3,2,4
3,6,17,3,4466.97,4 4,North,3,2,4
3,6,17,2,4467.918,3 4,North,3,2,4
3,6,17,2,4468.848,3 4,North,3,2,5
3,6,17,2,4473.693,3 4,North,3,2,6
3,6,17,4,4474.433,4 4,North,3,2,6
3,6,17,1,4474.995,4 3,North,3,2,6
3,6,17,2,4475.729,4 3,North,3,2,7
3,6,17,1,4476.333,4 2,North,3,2,7
3,6,17,2,4477.163,3 2,North,3,2,7
3,6,17,2,4477.934,3 2,North,3,2,8
3,6,17,3,4478.578,3 2,North,3,2,9
3,6,17,2,4479.214,3 2,North,3,2,10
3,6,17,1,4479.485,3 1,North,3,2,10
3,6,17,2,4480.387,3 1,North,3,2,11
3,6,17,1,4480.895,3 0,North,3,2,11
3,6,17,2,4481.66,2 0,North,3,2,11
3,6,17,2,4482.495,1 0,North,3,2,11
3,6,17,2,4483.395,1 0,North,3,2,12
3,6,17,3,4483.951,1 1,North,3,2,12
3,6,17,2,4484.669,1 1,North,3,2,13
3,6,17,3,4485.199,1 1,North,3,2,14
3,6,17,4,4485.836,2 1,North,3,2,14
3,6,17,3,4486.474,2 2,North,3,2,14
3,6,17,2,4487.275,1 2,North,3,2,14
3,6,17,2,4488.061,0 2,North,3,2,14
3,6,17,3,4488.653,0 2,North,3,2,15
3,6,17,4,4489.435,1 2,North,3,2,15
3,6,17,3,4490.257,1 2,North,3,2,16
3,6,17,4,4490.93,2 2,North,3,2,16
3,6,17,3,4491.632,2 2,North,3,2,17
3,6,17,4,4492.53,2 2,North,3,2,18
3,6,17,3,4493.41,2 2,North,3,2,19
3,6,17,2,4493.807,1 2,North,3,2,19
3,6,17,3,4494.594,1 2,North,3,2,20
3,6,17,2,4495.21,0 2,North,3,2,20
3,6,17,3,4496.176,0 2,North,3,2,21
3,6,17,1,4496.594,0 1,North,3,2,21
3,6,17,1,4497.692,0 0,North,3,2,21
3,6,17,4,4498.554,0 0,North,3,2,22
3,6,17,4,4499.293,0 0,North,3,2,23
3,6,17,3,4499.553,0 1,North,3,2,23
3,6,17,4,4500.194,0 1,North,3,2,24
3,6,17,1,4500.93,0 0,North,3,2,24
3,6,17,3,4502.539,0 1,North,3,2,24
3,6,17,3,4503.533,0 2,North,3,2,24
3,6,17,3,4504.372,0 2,North,3,2,25
3,6,17,4,4505.022,1 2,North,3,2,25
3,6,17,4,4505.837,2 2,North,3,2,25
3,6,17,4,4506.73,2 2,North,3,2,26
3,6,17,1,4507.477,2 1,North,3,2,26
3,6,17,1,4508.495,2 1,North,3,2,27
3,6,17,3,4509.083,2 2,North,3,2,27
3,6,17,1,4510.032,2 1,North,3,2,27
3,6,17,4,4510.746,2 1,North,3,2,28
3,6,17,2,4511.438,1 1,North,3,2,28
3,6,17,1,4512.18,1 0,North,3,2,28
3,6,17,4,4513.054,2 0,North,3,2,28
3,6,17,4,4513.938,3 0,North,3,2,28
3,6,17,4,4514.847,3 0,North,3,2,29
3,6,17,3,4515.411,3 1,North,3,2,29
3,6,17,3,4516.266,3 2,North,3,2,29
3,6,17,3,4517.135,3 2,North,3,2,30
3,6,17,4,4517.842,4 2,North,3,2,30
3,6,17,3,4518.638,4 3,North,3,2,30
3,6,17,3,4519.569,4 4,North,3,2,30
3,6,17,2,4520.339,3 4,North,3,2,30
3,6,17,2,4521.125,3 4,North,3,2,31
3,6,17,2,4521.999,3 4,North,3,2,32
3,6,17,1,4522.378,3 3,North,3,2,32
3,6,17,2,4522.962,2 3,North,3,2,32
3,6,17,2,4523.834,1 3,North,3,2,32
3,6,17,2,4524.644,0 3,North,3,2,32
3,6,17,3,4525.386,0 4,North,3,2,32
3,6,17,6,4525.8,0 4,North,3,3,32
3,6,17,1,4526.493,0 3,North,3,3,32
3,6,17,4,4527.167,1 3,North,3,3,32
3,6,17,4,4527.962,2 3,North,3,3,32
3,6,17,4,4528.64,3 3,North,3,3,32
3,6,17,3,4529.438,3 4,North,3,3,32
3,6,17,4,4530.202,4 4,North,3,3,32
3,6,17,1,4530.974,4 3,North,3,3,32
3,6,17,1,4531.722,4 2,North,3,3,32
3,6,17,1,4532.491,4 1,North,3,3,32
3,6,17,6,4532.9,4 1,North,3,4,32
3,6,17,3,4533.339,4 2,North,3,4,32
3,6,17,3,4534.082,4 3,North,3,4,32
3,6,17,3,4534.91,4 4,North,3,4,32
3,6,17,2,4535.628,3 4,North,3,4,32
3,6,17,6,4536.02,3 4,North,3,5,32
3,6,17,2,4536.643,3 4,North,3,5,33
3,6,17,1,4537.343,3 3,North,3,5,33
3,6,17,1,4538.239,3 3,North,3,5,34
3,6,17,2,4538.898,2 3,North,3,5,34
3,6,17,1,4539.675,2 3,North,3,5,35
3,6,17,2,4540.22,1 3,North,3,5,35
3,6,17,1,4541.009,1 3,North,3,5,36
3,6,17,2,4541.613,0 3,North,3,5,36
3,6,17,1,4542.368,0 3,North,3,5,37
3,6,17,4,4543.261,1 3,North,3,5,37
3,6,17,4,4544.123,2 3,North,3,5,37
3,6,17,4,4545.437,3 3,North,3,5,37
3,6,17,4,4546.319,3 3,North,3,5,38
3,6,17,3,4547.131,3 4,North,3,5,38
3,6,17,4,4548.032,4 4,North,3,5,38
3,6,17,1,4548.973,4 3,North,3,5,38
3,6,17,1,4549.854,4 2,North,3,5,38
3,6,17,2,4552.397,3 2,North,3,5,38
3,6,17,1,4553.153,3 1,North,3,5,38
3,6,17,1,4554.035,3 0,North,3,5,38
3,6,17,2,4554.817,2 0,North,3,5,38
3,6,17,2,4555.636,1 0,North,3,5,38
3,6,17,2,4556.428,1 0,North,3,5,39
3,6,17,3,4557.026,1 1,North,3,5,39
3,6,17,2,4557.724,1 1,North,3,5,40
3,6,17,1,4558.605,1 0,North,3,5,40
3,6,17,2,4560.372,1 0,North,3,5,41
3,6,17,3,4560.973,1 1,North,3,5,41
3,6,17,3,4561.902,1 1,North,3,5,42
3,6,17,4,4562.815,2 1,North,3,5,42
3,6,17,3,4563.931,2 2,North,3,5,42
3,6,17,2,4564.657,1 2,North,3,5,42
3,6,17,2,4565.453,0 2,North,3,5,42
3,6,17,1,4566.242,0 1,North,3,5,42
3,6,17,1,4566.979,0 0,North,3,5,42
3,6,17,6,4567.38,0 0,North,3,6,42
3,6,17,3,4567.859,0 1,North,3,6,42
3,6,17,3,4568.862,0 2,North,3,6,42
3,6,17,4,4569.472,1 2,North,3,6,42
3,6,17,6,4569.84,1 2,North,3,7,42
3,6,17,4,4570.451,2 2,North,3,7,42
3,6,17,1,4571.211,2 1,North,3,7,42
3,6,17,1,4571.95,2 1,North,3,7,43
3,6,17,2,4572.515,1 1,North,3,7,43
3,6,17,1,4573.188,1 0,North,3,7,43
3,6,17,4,4573.982,2 0,North,3,7,43
3,6,17,6,4574.34,2 0,North,3,8,43
0,6,18,2,4585.324,3 4,North,3,0,43
0,6,18,1,4585.868,3 4,West,3,0,43
0,6,18,2,4586.656,3 3,West,3,0,43
0,6,18,3,4587.396,3 3,North,3,0,43
0,6,18,2,4589.358,2 3,North,3,0,43
0,6,18,2,4590.123,1 3,North,3,0,43
0,6,18,2,4591.054,0 3,North,3,0,43
0,6,18,3,4591.807,0 3,East,3,0,43
0,6,18,2,4592.516,0 4,East,3,0,43
0,6,18,3,4593.275,0 4,South,3,0,43
0,6,18,3,4594.382,0 4,West,3,0,43
0,6,18,2,4595.057,0 3,West,3,0,43
0,6,18,1,4595.756,0 3,South,3,0,43
0,6,18,2,4596.604,1 3,South,3,0,43
0,6,18,2,4597.473,2 3,South,3,0,43
0,6,18,2,4598.461,3 3,South,3,0,43
0,6,18,1,4599.086,3 3,East,3,0,43
0,6,18,2,4599.788,3 4,East,3,0,43
0,6,18,3,4600.574,3 4,South,3,0,43
0,6,18,2,4601.196,4 4,South,3,0,43
0,6,18,3,4601.934,4 4,West,3,0,43
0,6,18,2,4602.69,4 3,West,3,0,43
0,6,18,2,4603.518,4 2,West,3,0,43
0,6,18,3,4604.542,4 2,North,3,0,43
0,6,18,2,4605.182,3 2,North,3,0,43
0,6,18,1,4606.011,3 2,West,3,0,43
0,6,18,2,4606.747,3 1,West,3,0,43
0,6,18,2,4607.599,3 0,West,3,0,43
0,6,18,3,4610.588,3 0,North,3,0,43
0,6,18,2,4611.276,2 0,North,3,0,43
0,6,18,3,4612.367,2 0,East,3,0,43
0,6,18,1,4613.407,2 0,North,3,0,43
0,6,18,2,4614.142,1 0,North,3,0,43
0,6,18,2,4614.913,1 0,North,3,0,43
0,6,18,3,4616.716,1 0,East,3,0,43
0,6,18,2,4617.377,1 1,East,3,0,43
0,6,18,3,4618.5,1 1,South,3,0,43
0,6,18,2,4619.104,2 1,South,3,0,43
0,6,18,1,4619.794,2 1,East,3,0,43
0,6,18,2,4620.418,2 2,East,3,0,43
0,6,18,6,4620.84,2 2,East,3,1,43
0,6,18,1,4622.91,2 2,North,3,1,43
0,6,18,2,4623.658,1 2,North,3,1,43
0,6,18,2,4624.528,0 2,North,3,1,43
0,6,18,1,4625.551,0 2,West,3,1,43
0,6,18,2,4626.236,0 1,West,3,1,43
0,6,18,1,4627.258,0 1,South,3,1,43
0,6,18,1,4628.045,0 1,East,3,1,43
0,6,18,2,4628.625,0 2,East,3,1,43
0,6,18,3,4629.265,0 2,South,3,1,43
0,6,18,2,4629.892,1 2,South,3,1,43
0,6,18,2,4630.544,2 2,South,3,1,43
0,6,18,3,4631.072,2 2,West,3,1,43
0,6,18,2,4631.694,2 1,West,3,1,43
0,6,18,3,4632.316,2 1,North,3,1,43
0,6,18,3,4632.979,2 1,East,3,1,43
0,6,18,2,4633.553,2 2,East,3,1,43
0,6,18,1,4635.422,2 2,North,3,1,43
0,6,18,2,4636.139,1 2,North,3,1,43
0,6,18,2,4636.847,0 2,North,3,1,43
0,6,18,1,4637.374,0 2,West,3,1,43
0,6,18,1,4638.305,0 2,South,3,1,43
0,6,18,2,4638.976,1 2,South,3,1,43
0,6,18,2,4639.618,2 2,South,3,1,43
0,6,18,3,4642.444,2 2,West,3,1,43
0,6,18,2,4643.087,2 1,West,3,1,43
0,6,18,3,4643.613,2 1,North,3,1,43
0,6,18,2,4644.243,1 1,North,3,1,43
0,6,18,3,4644.896,1 1,East,3,1,43
0,6,18,1,4645.562,1 1,North,3,1,43
0,6,18,1,4646.241,1 1,West,3,1,43
0,6,18,2,4647.022,1 0,West,3,1,43
0,6,18,1,4647.569,1 0,South,3,1,43
0,6,18,2,4650.586,2 0,South,3,1,43
0,6,18,2,4651.457,3 0,South,3,1,43
0,6,18,1,4652.544,3 0,East,3,1,43
0,6,18,2,4653.292,3 1,East,3,1,43
0,6,18,2,4653.994,3 2,East,3,1,43
0,6,18,3,4655.002,3 2,South,3,1,43
0,6,18,2,4656.225,4 2,South,3,1,43
0,6,18,1,4656.781,4 2,East,3,1,43
0,6,18,2,4657.421,4 3,East,3,1,43
0,6,18,2,4658.138,4 4,East,3,1,43
0,6,18,1,4659.05,4 4,North,3,1,43
0,6,18,2,4659.661,3 4,North,3,1,43
0,6,18,2,4660.637,3 4,North,3,1,43
0,6,18,1,4660.736,3 4,West,3,1,43
0,6,18,2,4661.746,3 3,West,3,1,43
0,6,18,3,4662.832,3 3,North,3,1,43
0,6,18,2,4663.963,2 3,North,3,1,43
0,6,18,2,4664.876,1 3,North,3,1,43
0,6,18,2,4665.971,0 3,North,3,1,43
0,6,18,3,4666.746,0 3,East,3,1,43
0,6,18,2,4668.476,0 4,East,3,1,43
0,6,18,3,4669.086,0 4,South,3,1,43
0,6,18,3,4670.033,0 4,West,3,1,43
0,6,18,2,4670.561,0 3,West,3,1,43
0,6,18,1,4671.249,0 3,South,3,1,43
0,6,18,2,4672.219,1 3,South,3,1,43
0,6,18,2,4672.996,2 3,South,3,1,43
0,6,18,2,4673.82,3 3,South,3,1,43
0,6,18,1,4674.363,3 3,East,3,1,43
0,6,18,2,4674.963,3 4,East,3,1,43
0,6,18,3,4675.659,3 4,South,3,1,43
0,6,18,2,4676.224,4 4,South,3,1,43
0,6,18,3,4676.843,4 4,West,3,1,43
0,6,18,2,4677.503,4 3,West,3,1,43
0,6,18,2,4678.124,4 2,West,3,1,43
0,6,18,2,4678.867,4 1,West,3,1,43
0,6,18,2,4679.563,4 0,West,3,1,43
0,6,18,6,4679.98,4 0,West,3,2,43
0,6,18,2,4680.266,4 0,West,3,2,43
0,6,18,3,4681.215,4 0,North,3,2,43
0,6,18,3,4684.283,4 0,East,3,2,43
0,6,18,2,4685.1,4 1,East,3,2,43
0,6,18,2,4685.914,4 2,East,3,2,43
0,6,18,1,4686.893,4 2,North,3,2,43
0,6,18,2,4687.954,3 2,North,3,2,43
0,6,18,1,4688.524,3 2,West,3,2,43
0,6,18,2,4689.313,3 1,West,3,2,43
0,6,18,2,4690.461,3 0,West,3,2,43
0,6,18,3,4691.044,3 0,North,3,2,43
0,6,18,2,4691.677,2 0,North,3,2,43
0,6,18,2,4692.738,1 0,North,3,2,43
0,6,18,3,4693.361,1 0,East,3,2,43
0,6,18,2,4693.954,1 1,East,3,2,43
0,6,18,3,4694.529,1 1,South,3,2,43
0,6,18,2,4695.132,2 1,South,3,2,43
0,6,18,1,4695.777,2 1,East,3,2,43
0,6,18,2,4696.41,2 2,East,3,2,43
0,6,18,1,4697.037,2 2,North,3,2,43
0,6,18,2,4697.708,1 2,North,3,2,43
0,6,18,2,4698.427,0 2,North,3,2,43
0,6,18,1,4699.519,0 2,West,3,2,43
0,6,18,2,4700.14,0 1,West,3,2,43
0,6,18,6,4700.56,0 1,West,3,3,43
0,6,18,2,4701.169,0 0,West,3,3,43
0,6,18,2,4706.86,0 0,West,3,3,43
0,6,18,2,4707.329,0 0,West,3,3,43
0,6,18,3,4707.57,0 0,North,3,3,43
0,6,18,3,4708.144,0 0,East,3,3,43
0,6,18,2,4708.738,0 1,East,3,3,43
0,6,18,2,4709.435,0 2,East,3,3,43
0,6,18,3,4710.529,0 2,South,3,3,43
0,6,18,2,4711.056,1 2,South,3,3,43
0,6,18,3,4711.795,1 2,West,3,3,43
0,6,18,1,4712.38,1 2,South,3,3,43
0,6,18,2,4712.908,2 2,South,3,3,43
0,6,18,3,4713.505,2 2,West,3,3,43
0,6,18,2,4714.109,2 1,West,3,3,43
0,6,18,3,4714.667,2 1,North,3,3,43
0,6,18,3,4715.377,2 1,East,3,3,43
0,6,18,2,4715.917,2 2,East,3,3,43
0,6,18,1,4718.203,2 2,North,3,3,43
0,6,18,2,4718.843,1 2,North,3,3,43
0,6,18,2,4719.44,0 2,North,3,3,43
0,6,18,1,4720.226,0 2,West,3,3,43
0,6,18,2,4720.897,0 1,West,3,3,43
0,6,18,1,4721.514,0 1,South,3,3,43
0,6,18,1,4722.122,0 1,East,3,3,43
0,6,18,2,4722.845,0 2,East,3,3,43
0,6,18,3,4723.502,0 2,South,3,3,43
0,6,18,3,4724.124,0 2,West,3,3,43
0,6,18,3,4724.691,0 2,North,3,3,43
0,6,18,1,4725.599,0 2,West,3,3,43
0,6,18,1,4726.686,0 2,South,3,3,43
0,6,18,2,4727.249,1 2,South,3,3,43
0,6,18,2,4727.882,2 2,South,3,3,43
0,6,18,3,4728.563,2 2,West,3,3,43
0,6,18,2,4729.187,2 1,West,3,3,43
0,6,18,3,4729.744,2 1,North,3,3,43
0,6,18,2,4730.321,1 1,North,3,3,43
0,6,18,1,4730.862,1 1,West,3,3,43
0,6,18,2,4731.388,1 0,West,3,3,43
0,6,18,1,4731.931,1 0,South,3,3,43
0,6,18,2,4732.477,2 0,South,3,3,43
0,6,18,6,4732.86,2 0,South,3,4,43
0,6,18,2,4733.104,3 0,South,3,4,43
0,6,18,2,4733.698,3 0,South,3,4,43
0,6,18,1,4733.852,3 0,East,3,4,43
0,6,18,2,4734.434,3 1,East,3,4,43
0,6,18,2,4735.134,3 2,East,3,4,43
0,6,18,3,4735.731,3 2,South,3,4,43
0,6,18,2,4736.3,4 2,South,3,4,43
0,6,18,1,4736.861,4 2,East,3,4,43
0,6,18,2,4737.425,4 3,East,3,4,43
0,6,18,6,4737.84,4 3,East,3,5,43
0,6,18,2,4737.978,4 4,East,3,5,43
0,6,18,1,4738.557,4 4,North,3,5,43
0,6,18,2,4739.132,3 4,North,3,5,43
0,6,18,1,4739.835,3 4,West,3,5,43
0,6,18,2,4740.388,3 3,West,3,5,43
0,6,18,3,4741.006,3 3,North,3,5,43
0,6,18,2,4741.556,2 3,North,3,5,43
0,6,18,2,4742.107,1 3,North,3,5,43
0,6,18,2,4742.737,0 3,North,3,5,43
0,6,18,3,4743.313,0 3,East,3,5,43
0,6,18,3,4743.852,0 3,South,3,5,43
0,6,18,3,4744.593,0 3,West,3,5,43
0,6,18,3,4745.676,0 3,North,3,5,43
0,6,18,2,4749.409,0 3,North,3,5,43
0,6,18,1,4749.857,0 3,West,3,5,43
0,6,18,3,4750.604,0 3,North,3,5,43
0,6,18,3,4751.179,0 3,East,3,5,43
0,6,18,2,4752.123,0 4,East,3,5,43
0,6,18,3,4752.699,0 4,South,3,5,43
0,6,18,2,4753.279,1 4,South,3,5,43
0,6,18,6,4753.66,1 4,South,3,6,43
0,6,18,2,4753.899,2 4,South,3,6,43
0,6,18,1,4754.78,2 4,East,3,6,43
0,6,18,1,4755.375,2 4,North,3,6,43
0,6,18,2,4756.035,1 4,North,3,6,43
0,6,18,2,4756.639,0 4,North,3,6,43
0,6,18,1,4757.251,0 4,West,3,6,43
0,6,18,2,4757.822,0 3,West,3,6,43
0,6,18,1,4758.383,0 3,South,3,6,43
0,6,18,2,4759.011,1 3,South,3,6,43
0,6,18,2,4762.351,2 3,South,3,6,43
0,6,18,2,4762.959,3 3,South,3,6,43
0,6,18,1,4763.546,3 3,East,3,6,43
0,6,18,2,4764.097,3 4,East,3,6,43
0,6,18,3,4764.638,3 4,South,3,6,43
0,6,18,2,4765.213,4 4,South,3,6,43
0,6,18,3,4765.763,4 4,West,3,6,43
0,6,18,2,4766.284,4 3,West,3,6,43
0,6,18,2,4766.862,4 2,West,3,6,43
0,6,18,3,4767.533,4 2,North,3,6,43
0,6,18,2,4768.173,3 2,North,3,6,43
0,6,18,1,4768.747,3 2,West,3,6,43
0,6,18,2,4769.297,3 1,West,3,6,43
0,6,18,2,4769.905,3 0,West,3,6,43
0,6,18,6,4770.32,3 0,West,3,7,43
0,6,18,2,4770.463,3 0,West,3,7,43
0,6,18,3,4770.651,3 0,North,3,7,43
0,6,18,2,4771.277,2 0,North,3,7,43
0,6,18,2,4771.818,1 0,North,3,7,43
0,6,18,3,4772.401,1 0,East,3,7,43
0,6,18,2,4772.943,1 1,East,3,7,43
0,6,18,3,4773.629,1 1,South,3,7,43
0,6,18,2,4774.188,2 1,South,3,7,43
0,6,18,1,4775.052,2 1,East,3,7,43
0,6,18,2,4775.596,2 2,East,3,7,43
0,6,18,1,4776.129,2 2,North,3,7,43
0,6,18,1,4776.652,2 2,West,3,7,43
0,6,18,3,4777.276,2 2,North,3,7,43
0,6,18,2,4777.854,1 2,North,3,7,43
0,6,18,2,4778.414,0 2,North,3,7,43
0,6,18,1,4778.945,0 2,West,3,7,43
0,6,18,1,4779.474,0 2,South,3,7,43
0,6,18,1,4780.08,0 2,East,3,7,43
0,6,18,3,4780.802,0 2,South,3,7,43
0,6,18,2,4781.375,1 2,South,3,7,43
0,6,18,2,4782.012,2 2,South,3,7,43
0,6,18,3,4782.556,2 2,West,3,7,43
0,6,18,2,4783.167,2 1,West,3,7,43
0,6,18,3,4783.825,2 1,North,3,7,43
0,6,18,2,4784.395,1 1,North,3,7,43
0,6,18,1,4784.938,1 1,West,3,7,43
0,6,18,1,4785.537,1 1,South,3,7,43
0,6,18,3,4786.075,1 1,West,3,7,43
0,6,18,2,4786.644,1 0,West,3,7,43
0,6,18,1,4787.232,1 0,South,3,7,43
0,6,18,2,4787.823,2 0,South,3,7,43
0,6,18,2,4788.56,3 0,South,3,7,43
0,6,18,2,4789.199,3 0,South,3,7,43
0,6,18,2,4789.442,3 0,South,3,7,43
0,6,18,1,4789.663,3 0,East,3,7,43
0,6,18,1,4790.252,3 0,North,3,7,43
0,6,18,3,4790.778,3 0,East,3,7,43
0,6,18,2,4791.393,3 1,East,3,7,43
0,6,18,2,4791.985,3 2,East,3,7,43
0,6,18,3,4792.576,3 2,South,3,7,43
0,6,18,2,4793.105,4 2,South,3,7,43
0,6,18,1,4794.108,4 2,East,3,7,43
0,6,18,1,4795.418,4 2,North,3,7,43
0,6,18,2,4797.114,3 2,North,3,7,43
0,6,18,1,4797.717,3 2,West,3,7,43
0,6,18,2,4798.336,3 1,West,3,7,43
0,6,18,2,4799.003,3 0,West,3,7,43
0,6,18,2,4799.74,3 0,West,3,7,43
0,6,18,3,4799.905,3 0,North,3,7,43
0,6,18,2,4800.529,2 0,North,3,7,43
0,6,18,2,4801.217,1 0,North,3,7,43
0,6,18,3,4801.859,1 0,East,3,7,43
0,6,18,2,4802.402,1 1,East,3,7,43
0,6,18,3,4802.973,1 1,South,3,7,43
0,6,18,2,4803.502,2 1,South,3,7,43
0,6,18,1,4804.255,2 1,East,3,7,43
0,6,18,2,4804.828,2 2,East,3,7,43
0,6,18,1,4805.418,2 2,North,3,7,43
0,6,18,1,4806.045,2 2,West,3,7,43
0,6,18,3,4806.626,2 2,North,3,7,43
0,6,18,2,4807.242,1 2,North,3,7,43
0,6,18,2,4807.886,0 2,North,3,7,43
0,6,18,1,4808.465,0 2,West,3,7,43
0,6,18,2,4809.146,0 1,West,3,7,43
0,6,18,1,4809.82,0 1,South,3,7,43
0,6,18,1,4810.559,0 1,East,3,7,43
0,6,18,2,4814.193,0 2,East,3,7,43
0,6,18,3,4814.831,0 2,South,3,7,43
0,6,18,2,4815.568,1 2,South,3,7,43
0,6,18,2,4816.208,2 2,South,3,7,43
0,6,18,3,4817.067,2 2,West,3,7,43
0,6,18,3,4817.709,2 2,North,3,7,43
0,6,18,2,4821.469,1 2,North,3,7,43
0,6,18,2,4822.142,0 2,North,3,7,43
0,6,18,1,4822.719,0 2,West,3,7,43
0,6,18,2,4823.343,0 1,West,3,7,43
0,6,18,2,4824.619,0 0,West,3,7,43
0,6,18,2,4828.162,0 0,West,3,7,43
0,6,18,1,4828.367,0 0,South,3,7,43
0,6,18,1,4828.976,0 0,East,3,7,43
0,6,18,2,4829.613,0 1,East,3,7,43
0,6,18,2,4830.286,0 2,East,3,7,43
0,6,18,2,4830.939,0 2,East,3,7,43
0,6,18,2,4837.038,0 2,East,3,7,43
0,6,18,3,4837.264,0 2,South,3,7,43
0,6,18,2,4837.842,1 2,South,3,7,43
0,6,18,2,4838.433,2 2,South,3,7,43
0,6,18,3,4839.005,2 2,West,3,7,43
0,6,18,2,4839.554,2 1,West,3,7,43
0,6,18,3,4840.3,2 1,North,3,7,43
0,6,18,2,4840.826,1 1,North,3,7,43
0,6,18,1,4841.426,1 1,West,3,7,43
0,6,18,2,4842.031,1 0,West,3,7,43
0,6,18,1,4842.572,1 0,South,3,7,43
0,6,18,1,4843.148,1 0,East,3,7,43
0,6,18,3,4843.674,1 0,South,3,7,43
0,6,18,2,4844.282,2 0,South,3,7,43
0,6,18,2,4844.877,3 0,South,3,7,43
0,6,18,1,4845.388,3 0,East,3,7,43
0,6,18,2,4845.966,3 1,East,3,7,43
0,6,18,2,4846.539,3 2,East,3,7,43
0,6,18,3,4847.09,3 2,South,3,7,43
0,6,18,2,4847.793,4 2,South,3,7,43
0,6,18,1,4848.349,4 2,East,3,7,43
0,6,18,1,4848.972,4 2,North,3,7,43
0,6,18,1,4849.579,4 2,West,3,7,43
0,6,18,3,4850.177,4 2,North,3,7,43
0,6,18,3,4850.736,4 2,East,3,7,43
0,6,18,2,4851.298,4 3,East,3,7,43
0,6,18,2,4851.952,4 4,East,3,7,43
0,6,18,1,4852.556,4 4,North,3,7,43
0,6,18,2,4853.118,3 4,North,3,7,43
0,6,18,1,4853.665,3 4,West,3,7,43
0,6,18,2,4854.208,3 3,West,3,7,43
0,6,18,3,4854.749,3 3,North,3,7,43
0,6,18,2,4855.357,2 3,North,3,7,43
0,6,18,2,4856.002,1 3,North,3,7,43
0,6,18,6,4856.38,1 3,North,3,8,43
3,6,18,1,4868.667,4 3,North,3,0,0
3,6,18,1,4869.664,4 2,North,3,0,0
3,6,18,1,4870.767,4 1,North,3,0,0
3,6,18,1,4871.845,4 0,North,3,0,0
3,6,18,2,4872.689,4 0,North,3,0,1
3,6,18,3,4873.297,4 1,North,3,0,1
3,6,18,2,4873.963,4 1,North,3,0,2
3,6,18,3,4874.848,4 2,North,3,0,2
3,6,18,2,4875.731,3 2,North,3,0,2
3,6,18,2,4876.636,3 2,North,3,0,3
3,6,18,1,4877.26,3 1,North,3,0,3
3,6,18,2,4878.194,3 1,North,3,0,4
3,6,18,1,4878.752,3 0,North,3,0,4
3,6,18,2,4879.523,2 0,North,3,0,4
3,6,18,6,4879.9,2 0,North,3,1,4
3,6,18,4,4880.641,3 0,North,3,1,4
3,6,18,3,4881.435,3 1,North,3,1,4
3,6,18,3,4882.319,3 2,North,3,1,4
3,6,18,4,4883.115,4 2,North,3,1,4
3,6,18,3,4883.931,4 3,North,3,1,4
3,6,18,6,4884.34,4 3,North,3,2,4
3,6,18,1,4885.037,4 2,North,3,2,4
3,6,18,2,4885.758,3 2,North,3,2,4
3,6,18,2,4886.522,3 2,North,3,2,5
3,6,18,3,4887.056,3 2,North,3,2,6
3,6,18,1,4887.626,3 1,North,3,2,6
3,6,18,2,4888.26,3 1,North,3,2,7
3,6,18,1,4888.844,3 0,North,3,2,7
3,6,18,2,4889.599,2 0,North,3,2,7
3,6,18,3,4890.26,2 0,North,3,2,8
3,6,18,2,4891.012,1 0,North,3,2,8
3,6,18,3,4891.594,1 1,North,3,2,8
3,6,18,3,4892.547,1 1,North,3,2,9
3,6,18,4,4893.135,2 1,North,3,2,9
3,6,18,3,4893.871,2 2,North,3,2,9
3,6,18,6,4894.28,2 2,North,3,3,9
3,6,18,1,4894.978,2 1,North,3,3,9
3,6,18,2,4895.955,1 1,North,3,3,9
3,6,18,1,4896.605,1 0,North,3,3,9
3,6,18,4,4897.454,2 0,North,3,3,9
3,6,18,4,4898.654,3 0,North,3,3,9
3,6,18,3,4899.502,3 1,North,3,3,9
3,6,18,3,4900.529,3 2,North,3,3,9
3,6,18,4,4901.324,4 2,North,3,3,9
3,6,18,3,4902.179,4 3,North,3,3,9
3,6,18,3,4903.121,4 4,North,3,3,9
3,6,18,2,4905.42,3 4,North,3,3,9
3,6,18,2,4906.09,3 4,North,3,3,10
3,6,18,1,4906.628,3 3,North,3,3,10
3,6,18,2,4907.474,2 3,North,3,3,10
3,6,18,2,4908.279,1 3,North,3,3,10
3,6,18,3,4908.863,1 3,North,3,3,11
3,6,18,2,4909.891,0 3,North,3,3,11
3,6,18,3,4910.637,0 4,North,3,3,11
3,6,18,4,4911.333,1 4,North,3,3,11
3,6,18,6,4911.7,1 4,North,3,4,11
3,6,18,2,4912.41,0 4,North,3,4,11
3,6,18,1,4913.213,0 3,North,3,4,11
3,6,18,4,4913.985,1 3,North,3,4,11
3,6,18,4,4914.75,2 3,North,3,4,11
3,6,18,4,4915.793,3 3,North,3,4,11
3,6,18,6,4916.16,3 3,North,3,5,11
3,6,18,2,4916.67,2 3,North,3,5,11
3,6,18,2,4917.5,1 3,North,3,5,11
3,6,18,2,4918.381,0 3,North,3,5,11
3,6,18,1,4919.084,0 3,North,3,5,12
3,6,18,4,4920.005,1 3,North,3,5,12
3,6,18,1,4920.704,1 3,North,3,5,13
3,6,18,4,4921.361,2 3,North,3,5,13
3,6,18,1,4922.001,2 3,North,3,5,14
3,6,18,4,4922.868,3 3,North,3,5,14
3,6,18,1,4923.582,3 3,North,3,5,15
3,6,18,4,4924.224,3 3,North,3,5,16
3,6,18,1,4925.53,3 3,North,3,5,17
3,6,18,3,4926.19,3 4,North,3,5,17
3,6,18,2,4927.007,3 4,North,3,5,18
3,6,18,4,4928.026,4 4,North,3,5,18
3,6,18,1,4928.8,4 3,North,3,5,18
3,6,18,1,4929.552,4 2,North,3,5,18
3,6,18,2,4930.253,3 2,North,3,5,18
3,6,18,1,4930.925,3 1,North,3,5,18
3,6,18,2,4931.664,3 1,North,3,5,19
3,6,18,1,4932.427,3 0,North,3,5,19
3,6,18,2,4933.199,2 0,North,3,5,19
3,6,18,2,4933.931,1 0,North,3,5,19
3,6,18,3,4934.885,1 1,North,3,5,19
3,6,18,2,4935.595,1 1,North,3,5,20
3,6,18,1,4936.189,1 0,North,3,5,20
3,6,18,2,4936.939,1 0,North,3,5,21
3,6,18,4,4937.677,2 0,North,3,5,21
3,6,18,3,4938.339,2 0,North,3,5,22
3,6,18,2,4939.069,1 0,North,3,5,22
3,6,18,3,4939.82,1 1,North,3,5,22
3,6,18,2,4940.411,1 1,North,3,5,23
3,6,18,3,4941.154,1 1,North,3,5,24
3,6,18,2,4942.014,1 1,North,3,5,25
3,6,18,1,4942.572,1 0,North,3,5,25
3,6,18,4,4943.405,2 0,North,3,5,25
3,6,18,3,4944.033,2 0,North,3,5,26
3,6,18,3,4945.057,2 0,North,3,5,27
3,6,18,2,4945.406,1 0,North,3,5,27
3,6,18,3,4946.156,1 1,North,3,5,27
3,6,18,2,4946.716,1 1,North,3,5,28
3,6,18,3,4947.968,1 1,North,3,5,29
3,6,18,4,4948.731,2 1,North,3,5,29
3,6,18,3,4949.619,2 2,North,3,5,29
3,6,18,2,4950.378,1 2,North,3,5,29
3,6,18,2,4951.154,0 2,North,3,5,29
3,6,18,1,4951.789,0 1,North,3,5,29
3,6,18,6,4952.2,0 1,North,3,6,29
3,6,18,3,4952.719,0 2,North,3,6,29
3,6,18,4,4953.307,1 2,North,3,6,29
3,6,18,4,4954.085,2 2,North,3,6,29
3,6,18,4,4954.928,2 2,North,3,6,30
3,6,18,3,4955.524,2 2,North,3,6,31
3,6,18,1,4956.107,2 1,North,3,6,31
3,6,18,4,4956.849,2 1,North,3,6,32
3,6,18,1,4957.361,2 1,North,3,6,33
3,6,18,1,4958.077,2 1,North,3,6,34
3,6,18,3,4958.559,2 2,North,3,6,34
3,6,18,4,4959.361,2 2,North,3,6,35
3,6,18,3,4959.841,2 2,North,3,6,36
3,6,18,3,4960.541,2 2,North,3,6,37
3,6,18,2,4960.929,1 2,North,3,6,37
3,6,18,1,4961.572,1 2,North,3,6,38
3,6,18,3,4962.17,1 2,North,3,6,39
3,6,18,2,4962.942,0 2,North,3,6,39
3,6,18,3,4963.725,0 2,North,3,6,40
3,6,18,1,4964.371,0 1,North,3,6,40
3,6,18,1,4965.073,0 0,North,3,6,40
3,6,18,4,4965.802,0 0,North,3,6,41
3,6,18,1,4966.492,0 0,North,3,6,41
3,6,18,4,4966.75,0 0,North,3,6,42
3,6,18,3,4967.322,0 1,North,3,6,42
3,6,18,4,4968.174,0 1,North,3,6,43
3,6,18,3,4968.786,0 2,North,3,6,43
3,6,18,4,4969.491,1 2,North,3,6,43
3,6,18,4,4970.334,2 2,North,3,6,43
3,6,18,4,4971.531,2 2,North,3,6,44
3,6,18,1,4972.149,2 1,North,3,6,44
3,6,18,1,4972.978,2 1,North,3,6,45
3,6,18,2,4973.93,1 1,North,3,6,45
3,6,18,1,4974.59,1 0,North,3,6,45
3,6,18,4,4975.395,2 0,North,3,6,45
3,6,18,4,4976.288,3 0,North,3,6,45
3,6,18,3,4976.94,3 1,North,3,6,45
3,6,18,3,4977.659,3 2,North,3,6,45
3,6,18,6,4978.06,3 2,North,3,7,45
3,6,18,1,4978.654,3 1,North,3,7,45
3,6,18,1,4979.44,3 0,North,3,7,45
3,6,18,2,4980.241,2 0,North,3,7,45
3,6,18,2,4981.089,1 0,North,3,7,45
3,6,18,3,4981.743,1 1,North,3,7,45
3,6,18,6,4982.14,1 1,North,3,8,45
