PhaseView,Run,Trial,Key,Time,Location,Direction,MazeType,Diamonds,WallBumped
1,3,7,2,1505.062,3 4,North,2,0,18
1,3,7,2,1505.993,2 4,North,2,0,18
1,3,7,2,1506.822,1 4,North,2,0,18
1,3,7,1,1507.573,1 3,North,2,0,18
1,3,7,4,1508.25,2 3,North,2,0,18
1,3,7,6,1508.6,2 3,North,2,1,18
1,3,7,1,1509.077,2 2,North,2,1,18
1,3,7,3,1511.062,2 3,North,2,1,18
1,3,7,2,1511.652,1 3,North,2,1,18
1,3,7,3,1512.329,1 4,North,2,1,18
1,3,7,4,1512.931,2 4,North,2,1,18
1,3,7,4,1513.48,3 4,North,2,1,18
1,3,7,4,1514.07,4 4,North,2,1,18
1,3,7,1,1514.682,4 3,North,2,1,18
1,3,7,1,1515.237,4 2,North,2,1,18
1,3,7,2,1515.943,3 2,North,2,1,18
1,3,7,1,1516.665,3 1,North,2,1,18
1,3,7,2,1517.303,2 1,North,2,1,18
1,3,7,2,1517.927,1 1,North,2,1,18
1,3,7,1,1518.519,1 0,North,2,1,18
1,3,7,4,1519.083,2 0,North,2,1,18
1,3,7,4,1519.735,3 0,North,2,1,18
1,3,7,6,1520.1,3 0,North,2,2,18
1,3,7,4,1520.566,4 0,North,2,2,18
1,3,7,3,1521.187,4 1,North,2,2,18
1,3,7,6,1521.6,4 1,North,2,3,18
1,3,7,1,1521.939,4 0,North,2,3,18
1,3,7,2,1522.665,3 0,North,2,3,18
1,3,7,2,1523.285,2 0,North,2,3,18
1,3,7,2,1524.091,1 0,North,2,3,18
1,3,7,3,1524.695,1 1,North,2,3,18
1,3,7,4,1525.287,2 1,North,2,3,18
1,3,7,4,1526.179,3 1,North,2,3,18
1,3,7,3,1526.859,3 2,North,2,3,18
1,3,7,4,1527.496,4 2,North,2,3,18
1,3,7,3,1528.181,4 3,North,2,3,18
1,3,7,3,1529.58,4 4,North,2,3,18
1,3,7,2,1530.217,3 4,North,2,3,18
1,3,7,2,1530.828,2 4,North,2,3,18
1,3,7,2,1531.515,1 4,North,2,3,18
1,3,7,6,1531.9,1 4,North,2,4,18
1,3,7,1,1532.279,1 3,North,2,4,18
1,3,7,3,1533.274,1 4,North,2,4,18
1,3,7,4,1533.99,2 4,North,2,4,18
1,3,7,4,1534.714,3 4,North,2,4,18
1,3,7,4,1535.37,4 4,North,2,4,18
1,3,7,1,1535.963,4 3,North,2,4,18
1,3,7,1,1536.62,4 2,North,2,4,18
1,3,7,6,1537.02,4 2,North,2,5,18
1,3,7,2,1537.627,3 2,North,2,5,18
1,3,7,1,1538.267,3 1,North,2,5,18
1,3,7,2,1538.877,2 1,North,2,5,18
1,3,7,2,1539.497,1 1,North,2,5,18
1,3,7,1,1540.088,1 0,North,2,5,18
1,3,7,4,1540.729,2 0,North,2,5,18
1,3,7,4,1541.48,3 0,North,2,5,18
1,3,7,4,1542.202,4 0,North,2,5,18
1,3,7,6,1542.56,4 0,North,2,6,18
1,3,7,2,1542.919,3 0,North,2,6,18
1,3,7,2,1543.692,2 0,North,2,6,18
1,3,7,2,1544.443,1 0,North,2,6,18
1,3,7,3,1545,1 1,North,2,6,18
1,3,7,4,1546.153,2 1,North,2,6,18
1,3,7,4,1546.885,3 1,North,2,6,18
1,3,7,3,1547.452,3 2,North,2,6,18
1,3,7,6,1547.86,3 2,North,2,7,18
1,3,7,4,1548.203,4 2,North,2,7,18
1,3,7,3,1548.775,4 3,North,2,7,18
1,3,7,6,1549.16,4 3,North,2,8,18
2,3,7,2,1553.782,3 4,North,2,0,0
2,3,7,1,1555.581,3 4,West,2,0,0
2,3,7,2,1556.583,3 4,West,2,0,1
2,3,7,1,1557.132,3 4,South,2,0,1
2,3,7,2,1557.773,4 4,South,2,0,1
2,3,7,3,1558.456,4 4,West,2,0,1
2,3,7,2,1559.172,4 3,West,2,0,1
2,3,7,2,1559.853,4 2,West,2,0,1
2,3,7,3,1560.439,4 2,North,2,0,1
2,3,7,2,1561.18,3 2,North,2,0,1
2,3,7,6,1561.56,3 2,North,2,1,1
2,3,7,3,1562.2,3 2,East,2,1,1
2,3,7,3,1562.796,3 2,South,2,1,1
2,3,7,2,1563.444,4 2,South,2,1,1
2,3,7,1,1563.997,4 2,East,2,1,1
2,3,7,2,1564.596,4 3,East,2,1,1
2,3,7,2,1565.173,4 4,East,2,1,1
2,3,7,1,1565.741,4 4,North,2,1,1
2,3,7,2,1566.335,3 4,North,2,1,1
2,3,7,2,1566.906,2 4,North,2,1,1
2,3,7,2,1567.607,1 4,North,2,1,1
2,3,7,6,1568,1 4,North,2,2,1
2,3,7,1,1568.36,1 4,West,2,2,1
2,3,7,1,1569.066,1 4,South,2,2,1
2,3,7,2,1569.626,2 4,South,2,2,1
2,3,7,2,1570.181,3 4,South,2,2,1
2,3,7,2,1570.794,4 4,South,2,2,1
2,3,7,3,1571.321,4 4,West,2,2,1
2,3,7,2,1571.855,4 3,West,2,2,1
2,3,7,2,1572.409,4 2,West,2,2,1
2,3,7,2,1573.03,4 2,West,2,2,2
2,3,7,3,1573.526,4 2,North,2,2,2
2,3,7,2,1574.075,3 2,North,2,2,2
2,3,7,1,1574.804,3 2,West,2,2,2
2,3,7,2,1575.481,3 1,West,2,2,2
2,3,7,2,1576.171,3 1,West,2,2,3
2,3,7,3,1576.648,3 1,North,2,2,3
2,3,7,2,1577.212,2 1,North,2,2,3
2,3,7,1,1577.963,2 1,West,2,2,3
2,3,7,2,1578.604,2 1,West,2,2,4
2,3,7,3,1579.099,2 1,North,2,2,4
2,3,7,2,1579.752,1 1,North,2,2,4
2,3,7,1,1580.501,1 1,West,2,2,4
2,3,7,2,1581.109,1 0,West,2,2,4
2,3,7,1,1581.704,1 0,South,2,2,4
2,3,7,2,1582.324,2 0,South,2,2,4
2,3,7,2,1583.287,3 0,South,2,2,4
2,3,7,2,1584.069,4 0,South,2,2,4
2,3,7,6,1584.44,4 0,South,2,3,4
2,3,7,1,1584.838,4 0,East,2,3,4
2,3,7,1,1585.46,4 0,North,2,3,4
2,3,7,2,1586.363,3 0,North,2,3,4
2,3,7,2,1586.957,2 0,North,2,3,4
2,3,7,2,1587.548,1 0,North,2,3,4
2,3,7,2,1588.185,1 0,North,2,3,5
2,3,7,3,1588.664,1 0,East,2,3,5
2,3,7,2,1589.286,1 1,East,2,3,5
2,3,7,2,1589.978,1 1,East,2,3,6
2,3,7,3,1590.39,1 1,South,2,3,6
2,3,7,2,1591.005,2 1,South,2,3,6
2,3,7,1,1591.594,2 1,East,2,3,6
2,3,7,2,1592.199,2 1,East,2,3,7
2,3,7,3,1592.697,2 1,South,2,3,7
2,3,7,2,1593.293,3 1,South,2,3,7
2,3,7,2,1593.961,3 1,South,2,3,8
2,3,7,3,1594.794,3 1,West,2,3,8
2,3,7,1,1595.432,3 1,South,2,3,8
2,3,7,1,1596.043,3 1,East,2,3,8
2,3,7,2,1596.73,3 2,East,2,3,8
2,3,7,2,1597.815,3 3,East,2,3,8
2,3,7,1,1598.397,3 3,North,2,3,8
2,3,7,2,1599.054,3 3,North,2,3,9
2,3,7,1,1599.545,3 3,West,2,3,9
2,3,7,2,1600.121,3 2,West,2,3,9
2,3,7,3,1600.681,3 2,North,2,3,9
2,3,7,2,1601.373,3 2,North,2,3,10
2,3,7,3,1601.881,3 2,East,2,3,10
2,3,7,2,1602.429,3 3,East,2,3,10
2,3,7,2,1603.05,3 3,East,2,3,11
2,3,7,3,1603.544,3 3,South,2,3,11
2,3,7,2,1604.149,3 3,South,2,3,12
2,3,7,3,1605.098,3 3,West,2,3,12
2,3,7,2,1605.717,3 2,West,2,3,12
2,3,7,1,1606.275,3 2,South,2,3,12
2,3,7,2,1606.858,4 2,South,2,3,12
2,3,7,1,1607.384,4 2,East,2,3,12
2,3,7,2,1608.391,4 3,East,2,3,12
2,3,7,2,1608.948,4 4,East,2,3,12
2,3,7,1,1609.545,4 4,North,2,3,12
2,3,7,2,1610.198,3 4,North,2,3,12
2,3,7,2,1610.791,2 4,North,2,3,12
2,3,7,1,1611.324,2 4,West,2,3,12
2,3,7,2,1611.979,2 4,West,2,3,13
2,3,7,3,1613.717,2 4,North,2,3,13
2,3,7,2,1614.376,1 4,North,2,3,13
2,3,7,1,1615.069,1 4,West,2,3,13
2,3,7,2,1615.687,1 3,West,2,3,13
2,3,7,1,1616.286,1 3,South,2,3,13
2,3,7,2,1616.919,2 3,South,2,3,13
2,3,7,6,1617.3,2 3,South,2,4,13
2,3,7,3,1617.91,2 3,West,2,4,13
2,3,7,3,1619.836,2 3,North,2,4,13
2,3,7,2,1620.462,1 3,North,2,4,13
2,3,7,3,1621.013,1 3,East,2,4,13
2,3,7,2,1621.555,1 4,East,2,4,13
2,3,7,3,1622.07,1 4,South,2,4,13
2,3,7,2,1622.632,2 4,South,2,4,13
2,3,7,2,1623.194,3 4,South,2,4,13
2,3,7,2,1623.781,4 4,South,2,4,13
2,3,7,3,1624.405,4 4,West,2,4,13
2,3,7,2,1624.95,4 3,West,2,4,13
2,3,7,2,1625.946,4 2,West,2,4,13
2,3,7,2,1626.597,4 2,West,2,4,14
2,3,7,3,1627.154,4 2,North,2,4,14
2,3,7,2,1627.721,3 2,North,2,4,14
2,3,7,1,1628.327,3 2,West,2,4,14
2,3,7,2,1628.951,3 1,West,2,4,14
2,3,7,2,1629.672,3 1,West,2,4,15
2,3,7,3,1630.189,3 1,North,2,4,15
2,3,7,2,1630.713,2 1,North,2,4,15
2,3,7,1,1631.254,2 1,West,2,4,15
2,3,7,2,1631.844,2 1,West,2,4,16
2,3,7,3,1632.329,2 1,North,2,4,16
2,3,7,2,1632.921,1 1,North,2,4,16
2,3,7,2,1633.62,1 1,North,2,4,17
2,3,7,3,1634.424,1 1,East,2,4,17
2,3,7,1,1635.324,1 1,North,2,4,17
2,3,7,1,1635.913,1 1,West,2,4,17
2,3,7,2,1636.678,1 0,West,2,4,17
2,3,7,1,1637.292,1 0,South,2,4,17
2,3,7,2,1637.913,2 0,South,2,4,17
2,3,7,2,1638.662,3 0,South,2,4,17
2,3,7,6,1639.04,3 0,South,2,5,17
2,3,7,1,1639.437,3 0,East,2,5,17
2,3,7,3,1640.251,3 0,South,2,5,17
2,3,7,2,1640.983,4 0,South,2,5,17
2,3,7,1,1641.597,4 0,East,2,5,17
2,3,7,2,1642.25,4 1,East,2,5,17
2,3,7,2,1643.08,4 1,East,2,5,18
2,3,7,1,1643.644,4 1,North,2,5,18
2,3,7,2,1644.327,4 1,North,2,5,19
2,3,7,1,1645.111,4 1,West,2,5,19
2,3,7,2,1645.669,4 0,West,2,5,19
2,3,7,3,1646.601,4 0,North,2,5,19
2,3,7,2,1647.194,3 0,North,2,5,19
2,3,7,2,1647.764,2 0,North,2,5,19
2,3,7,3,1648.359,2 0,East,2,5,19
2,3,7,2,1648.964,2 0,East,2,5,20
2,3,7,1,1649.493,2 0,North,2,5,20
2,3,7,2,1650.172,1 0,North,2,5,20
2,3,7,3,1651.004,1 0,East,2,5,20
2,3,7,2,1651.719,1 1,East,2,5,20
2,3,7,2,1652.605,1 1,East,2,5,21
2,3,7,3,1653.128,1 1,South,2,5,21
2,3,7,2,1653.773,2 1,South,2,5,21
2,3,7,2,1654.566,3 1,South,2,5,21
2,3,7,2,1655.435,3 1,South,2,5,22
2,3,7,1,1655.96,3 1,East,2,5,22
2,3,7,2,1656.597,3 2,East,2,5,22
2,3,7,3,1657.485,3 2,South,2,5,22
2,3,7,2,1658.182,4 2,South,2,5,22
2,3,7,6,1658.56,4 2,South,2,6,22
2,3,7,1,1658.934,4 2,East,2,6,22
2,3,7,2,1659.879,4 3,East,2,6,22
2,3,7,1,1660.55,4 3,North,2,6,22
2,3,7,2,1661.255,4 3,North,2,6,23
2,3,7,3,1661.773,4 3,East,2,6,23
2,3,7,1,1662.409,4 3,North,2,6,23
2,3,7,1,1663.289,4 3,West,2,6,23
2,3,7,2,1663.965,4 2,West,2,6,23
2,3,7,3,1664.555,4 2,North,2,6,23
2,3,7,2,1665.259,3 2,North,2,6,23
2,3,7,3,1665.805,3 2,East,2,6,23
2,3,7,2,1666.438,3 3,East,2,6,23
2,3,7,6,1666.86,3 3,East,2,7,23
2,3,7,1,1667.244,3 3,North,2,7,23
2,3,7,3,1668.36,3 3,East,2,7,23
2,3,7,2,1669.012,3 3,East,2,7,24
2,3,7,3,1669.605,3 3,South,2,7,24
2,3,7,2,1670.236,3 3,South,2,7,25
2,3,7,3,1670.789,3 3,West,2,7,25
2,3,7,2,1671.437,3 2,West,2,7,25
2,3,7,1,1672.013,3 2,South,2,7,25
2,3,7,2,1672.682,4 2,South,2,7,25
2,3,7,1,1673.332,4 2,East,2,7,25
2,3,7,2,1673.982,4 3,East,2,7,25
2,3,7,2,1674.536,4 4,East,2,7,25
2,3,7,1,1675.226,4 4,North,2,7,25
2,3,7,2,1675.928,3 4,North,2,7,25
2,3,7,2,1676.451,2 4,North,2,7,25
2,3,7,2,1677.015,1 4,North,2,7,25
2,3,7,2,1677.621,0 4,North,2,7,25
2,3,7,1,1678.217,0 4,West,2,7,25
2,3,7,2,1678.78,0 3,West,2,7,25
2,3,7,2,1679.321,0 3,West,2,7,26
2,3,7,1,1679.906,0 3,South,2,7,26
2,3,7,2,1680.463,0 3,South,2,7,27
2,3,7,1,1681.019,0 3,East,2,7,27
2,3,7,2,1681.592,0 4,East,2,7,27
2,3,7,3,1682.198,0 4,South,2,7,27
2,3,7,2,1682.809,1 4,South,2,7,27
2,3,7,3,1683.43,1 4,West,2,7,27
2,3,7,2,1684.024,1 3,West,2,7,27
2,3,7,2,1684.621,1 3,West,2,7,28
2,3,7,3,1685.193,1 3,North,2,7,28
2,3,7,1,1686.149,1 3,West,2,7,28
2,3,7,1,1686.701,1 3,South,2,7,28
2,3,7,2,1687.374,2 3,South,2,7,28
2,3,7,3,1687.973,2 3,West,2,7,28
2,3,7,2,1688.694,2 2,West,2,7,28
2,3,7,3,1689.338,2 2,North,2,7,28
2,3,7,2,1689.944,1 2,North,2,7,28
2,3,7,2,1690.612,0 2,North,2,7,28
2,3,7,6,1691,0 2,North,2,8,28
1,3,8,2,1699.961,3 4,North,2,0,28
1,3,8,2,1700.938,2 4,North,2,0,28
1,3,8,2,1701.627,1 4,North,2,0,28
1,3,8,1,1702.313,1 3,North,2,0,28
1,3,8,4,1702.989,2 3,North,2,0,28
1,3,8,1,1703.572,2 2,North,2,0,28
1,3,8,2,1704.276,1 2,North,2,0,28
1,3,8,2,1705.227,0 2,North,2,0,28
1,3,8,1,1712.009,0 1,North,2,0,28
1,3,8,6,1712.42,0 1,North,2,1,28
1,3,8,3,1713.141,0 2,North,2,1,28
1,3,8,4,1715.783,1 2,North,2,1,28
1,3,8,4,1716.486,2 2,North,2,1,28
1,3,8,3,1717.014,2 3,North,2,1,28
1,3,8,2,1717.654,1 3,North,2,1,28
1,3,8,6,1718.04,1 3,North,2,2,28
1,3,8,4,1718.709,2 3,North,2,2,28
1,3,8,1,1719.356,2 2,North,2,2,28
1,3,8,2,1719.988,1 2,North,2,2,28
1,3,8,2,1720.647,0 2,North,2,2,28
1,3,8,6,1721.04,0 2,North,2,3,28
1,3,8,4,1721.495,1 2,North,2,3,28
1,3,8,4,1722.295,2 2,North,2,3,28
1,3,8,3,1722.858,2 3,North,2,3,28
1,3,8,2,1723.479,1 3,North,2,3,28
1,3,8,3,1724.054,1 4,North,2,3,28
1,3,8,4,1724.796,2 4,North,2,3,28
1,3,8,4,1725.484,3 4,North,2,3,28
1,3,8,4,1726.652,4 4,North,2,3,28
1,3,8,1,1727.271,4 3,North,2,3,28
1,3,8,1,1728.089,4 2,North,2,3,28
1,3,8,2,1728.796,3 2,North,2,3,28
1,3,8,1,1729.444,3 1,North,2,3,28
1,3,8,2,1730.148,2 1,North,2,3,28
1,3,8,2,1730.988,1 1,North,2,3,28
1,3,8,6,1731.38,1 1,North,2,4,28
1,3,8,4,1732.005,2 1,North,2,4,28
1,3,8,4,1732.758,3 1,North,2,4,28
1,3,8,3,1733.334,3 2,North,2,4,28
1,3,8,4,1733.974,4 2,North,2,4,28
1,3,8,3,1734.548,4 3,North,2,4,28
1,3,8,3,1735.339,4 4,North,2,4,28
1,3,8,2,1735.941,3 4,North,2,4,28
1,3,8,2,1736.868,2 4,North,2,4,28
1,3,8,2,1737.613,1 4,North,2,4,28
1,3,8,2,1738.281,0 4,North,2,4,28
1,3,8,1,1738.872,0 3,North,2,4,28
1,3,8,6,1739.28,0 3,North,2,5,28
1,3,8,1,1739.451,0 3,North,2,5,28
1,3,8,3,1739.943,0 4,North,2,5,28
1,3,8,4,1740.806,1 4,North,2,5,28
1,3,8,1,1741.352,1 3,North,2,5,28
1,3,8,4,1741.977,2 3,North,2,5,28
1,3,8,1,1742.551,2 2,North,2,5,28
1,3,8,2,1743.145,1 2,North,2,5,28
1,3,8,6,1743.54,1 2,North,2,6,28
1,3,8,4,1743.926,2 2,North,2,6,28
1,3,8,3,1744.504,2 3,North,2,6,28
1,3,8,2,1745.124,1 3,North,2,6,28
1,3,8,3,1746.216,1 4,North,2,6,28
1,3,8,4,1746.904,2 4,North,2,6,28
1,3,8,4,1747.62,3 4,North,2,6,28
1,3,8,4,1748.604,4 4,North,2,6,28
1,3,8,1,1749.14,4 3,North,2,6,28
1,3,8,1,1749.724,4 2,North,2,6,28
1,3,8,2,1750.317,3 2,North,2,6,28
1,3,8,1,1750.922,3 1,North,2,6,28
1,3,8,6,1751.32,3 1,North,2,7,28
1,3,8,3,1751.703,3 2,North,2,7,28
1,3,8,3,1752.407,3 3,North,2,7,28
1,3,8,6,1752.82,3 3,North,2,8,28
2,3,8,2,1756.084,3 4,North,2,0,0
2,3,8,2,1756.744,2 4,North,2,0,0
2,3,8,2,1757.414,1 4,North,2,0,0
2,3,8,2,1758.186,0 4,North,2,0,0
2,3,8,1,1758.793,0 4,West,2,0,0
2,3,8,2,1759.484,0 3,West,2,0,0
2,3,8,6,1759.9,0 3,West,2,1,0
2,3,8,1,1760.324,0 3,South,2,1,0
2,3,8,1,1760.933,0 3,East,2,1,0
2,3,8,2,1761.594,0 4,East,2,1,0
2,3,8,3,1762.558,0 4,South,2,1,0
2,3,8,2,1763.23,1 4,South,2,1,0
2,3,8,2,1763.782,2 4,South,2,1,0
2,3,8,2,1764.484,3 4,South,2,1,0
2,3,8,2,1765.159,4 4,South,2,1,0
2,3,8,3,1765.718,4 4,West,2,1,0
2,3,8,2,1766.34,4 3,West,2,1,0
2,3,8,2,1766.999,4 2,West,2,1,0
2,3,8,3,1767.74,4 2,North,2,1,0
2,3,8,2,1768.318,3 2,North,2,1,0
2,3,8,1,1768.87,3 2,West,2,1,0
2,3,8,2,1769.513,3 1,West,2,1,0
2,3,8,1,1770.123,3 1,South,2,1,0
2,3,8,2,1770.873,3 1,South,2,1,1
2,3,8,1,1771.545,3 1,East,2,1,1
2,3,8,2,1772.23,3 2,East,2,1,1
2,3,8,3,1772.827,3 2,South,2,1,1
2,3,8,2,1773.578,4 2,South,2,1,1
2,3,8,3,1774.134,4 2,West,2,1,1
2,3,8,2,1774.892,4 2,West,2,1,2
2,3,8,3,1775.416,4 2,North,2,1,2
2,3,8,2,1776.013,3 2,North,2,1,2
2,3,8,2,1776.645,3 2,North,2,1,3
2,3,8,1,1777.317,3 2,West,2,1,3
2,3,8,2,1778.455,3 1,West,2,1,3
2,3,8,2,1779.132,3 1,West,2,1,4
2,3,8,3,1779.655,3 1,North,2,1,4
2,3,8,2,1780.349,2 1,North,2,1,4
2,3,8,1,1781.031,2 1,West,2,1,4
2,3,8,2,1781.657,2 1,West,2,1,5
2,3,8,3,1782.091,2 1,North,2,1,5
2,3,8,2,1782.732,1 1,North,2,1,5
2,3,8,1,1783.27,1 1,West,2,1,5
2,3,8,2,1784.251,1 0,West,2,1,5
2,3,8,1,1784.92,1 0,South,2,1,5
2,3,8,2,1785.645,2 0,South,2,1,5
2,3,8,2,1786.218,3 0,South,2,1,5
2,3,8,2,1786.889,4 0,South,2,1,5
2,3,8,1,1787.443,4 0,East,2,1,5
2,3,8,2,1787.991,4 1,East,2,1,5
2,3,8,6,1788.4,4 1,East,2,2,5
2,3,8,1,1788.906,4 1,North,2,2,5
2,3,8,1,1789.445,4 1,West,2,2,5
2,3,8,2,1790.075,4 0,West,2,2,5
2,3,8,3,1790.718,4 0,North,2,2,5
2,3,8,2,1791.364,3 0,North,2,2,5
2,3,8,2,1791.877,2 0,North,2,2,5
2,3,8,2,1792.566,1 0,North,2,2,5
2,3,8,3,1793.275,1 0,East,2,2,5
2,3,8,2,1793.879,1 1,East,2,2,5
2,3,8,1,1794.444,1 1,North,2,2,5
2,3,8,2,1795.141,1 1,North,2,2,6
2,3,8,3,1795.576,1 1,East,2,2,6
2,3,8,2,1796.279,1 1,East,2,2,7
2,3,8,1,1796.871,1 1,North,2,2,7
2,3,8,1,1797.833,1 1,West,2,2,7
2,3,8,2,1798.421,1 0,West,2,2,7
2,3,8,3,1799.004,1 0,North,2,2,7
2,3,8,2,1799.717,1 0,North,2,2,8
2,3,8,3,1800.262,1 0,East,2,2,8
2,3,8,3,1800.778,1 0,South,2,2,8
2,3,8,2,1801.401,2 0,South,2,2,8
2,3,8,2,1802.316,3 0,South,2,2,8
2,3,8,2,1802.936,4 0,South,2,2,8
2,3,8,1,1803.558,4 0,East,2,2,8
2,3,8,2,1804.205,4 1,East,2,2,8
2,3,8,2,1805.11,4 1,East,2,2,9
2,3,8,1,1806.091,4 1,North,2,2,9
2,3,8,2,1806.677,4 1,North,2,2,10
2,3,8,3,1807.482,4 1,East,2,2,10
2,3,8,1,1808.3,4 1,North,2,2,10
2,3,8,1,1808.935,4 1,West,2,2,10
2,3,8,2,1809.575,4 0,West,2,2,10
2,3,8,3,1810.221,4 0,North,2,2,10
2,3,8,2,1810.856,3 0,North,2,2,10
2,3,8,3,1811.446,3 0,East,2,2,10
2,3,8,2,1812.119,3 0,East,2,2,11
2,3,8,1,1812.55,3 0,North,2,2,11
2,3,8,2,1813.208,2 0,North,2,2,11
2,3,8,3,1813.721,2 0,East,2,2,11
2,3,8,2,1814.328,2 0,East,2,2,12
2,3,8,1,1814.777,2 0,North,2,2,12
2,3,8,2,1815.435,1 0,North,2,2,12
2,3,8,3,1816.104,1 0,East,2,2,12
2,3,8,2,1816.813,1 1,East,2,2,12
2,3,8,2,1817.563,1 1,East,2,2,13
2,3,8,1,1818.133,1 1,North,2,2,13
2,3,8,2,1818.712,1 1,North,2,2,14
2,3,8,3,1819.4,1 1,East,2,2,14
2,3,8,3,1819.929,1 1,South,2,2,14
2,3,8,2,1820.589,2 1,South,2,2,14
2,3,8,2,1821.274,3 1,South,2,2,14
2,3,8,2,1822.168,3 1,South,2,2,15
2,3,8,1,1822.684,3 1,East,2,2,15
2,3,8,2,1823.37,3 2,East,2,2,15
2,3,8,2,1824.023,3 3,East,2,2,15
2,3,8,1,1824.732,3 3,North,2,2,15
2,3,8,2,1825.302,3 3,North,2,2,16
2,3,8,3,1825.782,3 3,East,2,2,16
2,3,8,2,1826.375,3 3,East,2,2,17
2,3,8,3,1827.077,3 3,South,2,2,17
2,3,8,2,1827.737,3 3,South,2,2,18
2,3,8,3,1828.279,3 3,West,2,2,18
2,3,8,2,1828.878,3 2,West,2,2,18
2,3,8,1,1829.476,3 2,South,2,2,18
2,3,8,2,1830.105,4 2,South,2,2,18
2,3,8,1,1830.807,4 2,East,2,2,18
2,3,8,2,1831.414,4 3,East,2,2,18
2,3,8,2,1832.068,4 4,East,2,2,18
2,3,8,1,1832.773,4 4,North,2,2,18
2,3,8,2,1833.365,3 4,North,2,2,18
2,3,8,2,1833.916,2 4,North,2,2,18
2,3,8,2,1834.585,1 4,North,2,2,18
2,3,8,2,1835.18,0 4,North,2,2,18
2,3,8,1,1835.765,0 4,West,2,2,18
2,3,8,2,1836.348,0 3,West,2,2,18
2,3,8,2,1836.86,0 3,West,2,2,19
2,3,8,1,1837.446,0 3,South,2,2,19
2,3,8,2,1838.01,0 3,South,2,2,20
2,3,8,2,1838.861,0 3,South,2,2,21
2,3,8,2,1839.234,0 3,South,2,2,22
2,3,8,1,1839.722,0 3,East,2,2,22
2,3,8,2,1840.314,0 4,East,2,2,22
2,3,8,3,1840.852,0 4,South,2,2,22
2,3,8,2,1841.483,1 4,South,2,2,22
2,3,8,3,1842.023,1 4,West,2,2,22
2,3,8,2,1842.679,1 3,West,2,2,22
2,3,8,2,1843.402,1 3,West,2,2,23
2,3,8,1,1844.332,1 3,South,2,2,23
2,3,8,2,1844.904,2 3,South,2,2,23
2,3,8,3,1845.464,2 3,West,2,2,23
2,3,8,2,1846.039,2 2,West,2,2,23
2,3,8,2,1846.743,2 2,West,2,2,24
2,3,8,1,1847.275,2 2,South,2,2,24
2,3,8,2,1847.925,2 2,South,2,2,25
2,3,8,1,1848.679,2 2,East,2,2,25
2,3,8,2,1849.277,2 3,East,2,2,25
2,3,8,2,1849.965,2 3,East,2,2,26
2,3,8,1,1850.687,2 3,North,2,2,26
2,3,8,2,1851.257,1 3,North,2,2,26
2,3,8,3,1851.797,1 3,East,2,2,26
2,3,8,2,1852.427,1 4,East,2,2,26
2,3,8,3,1853.299,1 4,South,2,2,26
2,3,8,2,1853.909,2 4,South,2,2,26
2,3,8,2,1854.461,3 4,South,2,2,26
2,3,8,2,1854.999,4 4,South,2,2,26
2,3,8,3,1855.606,4 4,West,2,2,26
2,3,8,2,1856.135,4 3,West,2,2,26
2,3,8,2,1857.071,4 2,West,2,2,26
2,3,8,2,1857.691,4 2,West,2,2,27
2,3,8,3,1858.199,4 2,North,2,2,27
2,3,8,2,1858.776,3 2,North,2,2,27
2,3,8,2,1859.533,3 2,North,2,2,28
2,3,8,1,1860.069,3 2,West,2,2,28
2,3,8,2,1860.717,3 1,West,2,2,28
2,3,8,3,1861.385,3 1,North,2,2,28
2,3,8,2,1861.916,2 1,North,2,2,28
2,3,8,2,1862.599,1 1,North,2,2,28
2,3,8,2,1863.306,1 1,North,2,2,29
2,3,8,1,1863.884,1 1,West,2,2,29
2,3,8,2,1864.443,1 0,West,2,2,29
2,3,8,3,1865.046,1 0,North,2,2,29
2,3,8,2,1865.675,1 0,North,2,2,30
2,3,8,2,1866.223,1 0,North,2,2,31
2,3,8,2,1866.66,1 0,North,2,2,32
2,3,8,3,1867.116,1 0,East,2,2,32
2,3,8,2,1867.677,1 1,East,2,2,32
2,3,8,1,1868.261,1 1,North,2,2,32
2,3,8,3,1868.822,1 1,East,2,2,32
2,3,8,2,1869.469,1 1,East,2,2,33
2,3,8,1,1870.104,1 1,North,2,2,33
2,3,8,2,1870.698,1 1,North,2,2,34
2,3,8,1,1871.372,1 1,West,2,2,34
2,3,8,1,1871.882,1 1,South,2,2,34
2,3,8,2,1872.47,2 1,South,2,2,34
2,3,8,1,1873.69,2 1,East,2,2,34
2,3,8,2,1874.277,2 1,East,2,2,35
2,3,8,3,1874.941,2 1,South,2,2,35
2,3,8,3,1875.478,2 1,West,2,2,35
2,3,8,2,1876.213,2 1,West,2,2,36
2,3,8,1,1876.71,2 1,South,2,2,36
2,3,8,2,1877.396,3 1,South,2,2,36
2,3,8,3,1877.996,3 1,West,2,2,36
2,3,8,2,1878.682,3 1,West,2,2,37
2,3,8,1,1879.279,3 1,South,2,2,37
2,3,8,2,1879.909,3 1,South,2,2,38
2,3,8,1,1880.692,3 1,East,2,2,38
2,3,8,2,1881.385,3 2,East,2,2,38
2,3,8,3,1881.961,3 2,South,2,2,38
2,3,8,2,1882.62,4 2,South,2,2,38
2,3,8,3,1883.241,4 2,West,2,2,38
2,3,8,2,1883.893,4 2,West,2,2,39
2,3,8,3,1884.587,4 2,North,2,2,39
2,3,8,2,1885.688,3 2,North,2,2,39
2,3,8,2,1886.476,3 2,North,2,2,40
2,3,8,3,1887.065,3 2,East,2,2,40
2,3,8,2,1887.756,3 3,East,2,2,40
2,3,8,1,1888.345,3 3,North,2,2,40
2,3,8,2,1889.021,3 3,North,2,2,41
2,3,8,3,1889.55,3 3,East,2,2,41
2,3,8,2,1890.231,3 3,East,2,2,42
2,3,8,3,1891.032,3 3,South,2,2,42
2,3,8,2,1891.7,3 3,South,2,2,43
2,3,8,3,1892.47,3 3,West,2,2,43
2,3,8,2,1893.114,3 2,West,2,2,43
2,3,8,1,1893.704,3 2,South,2,2,43
2,3,8,2,1894.363,4 2,South,2,2,43
2,3,8,1,1894.984,4 2,East,2,2,43
2,3,8,2,1895.545,4 3,East,2,2,43
2,3,8,2,1896.277,4 4,East,2,2,43
2,3,8,1,1896.933,4 4,North,2,2,43
2,3,8,2,1897.565,3 4,North,2,2,43
2,3,8,2,1898.281,2 4,North,2,2,43
2,3,8,1,1898.892,2 4,West,2,2,43
2,3,8,2,1899.528,2 4,West,2,2,44
2,3,8,3,1900.044,2 4,North,2,2,44
2,3,8,2,1900.635,1 4,North,2,2,44
2,3,8,1,1901.226,1 4,West,2,2,44
2,3,8,2,1901.863,1 3,West,2,2,44
2,3,8,2,1902.406,1 3,West,2,2,45
2,3,8,3,1903.131,1 3,North,2,2,45
2,3,8,2,1903.753,1 3,North,2,2,46
2,3,8,2,1904.363,1 3,North,2,2,47
2,3,8,1,1904.923,1 3,West,2,2,47
2,3,8,1,1905.514,1 3,South,2,2,47
2,3,8,2,1906.36,2 3,South,2,2,47
2,3,8,3,1906.905,2 3,West,2,2,47
2,3,8,2,1907.594,2 2,West,2,2,47
2,3,8,3,1908.267,2 2,North,2,2,47
2,3,8,2,1908.938,1 2,North,2,2,47
2,3,8,2,1909.685,0 2,North,2,2,47
2,3,8,6,1910.08,0 2,North,2,3,47
2,3,8,1,1910.476,0 2,West,2,3,47
2,3,8,1,1911.291,0 2,South,2,3,47
2,3,8,2,1912.439,1 2,South,2,3,47
2,3,8,2,1913.05,2 2,South,2,3,47
2,3,8,1,1913.672,2 2,East,2,3,47
2,3,8,2,1914.375,2 3,East,2,3,47
2,3,8,3,1914.951,2 3,South,2,3,47
2,3,8,2,1915.718,2 3,South,2,3,48
2,3,8,1,1916.327,2 3,East,2,3,48
2,3,8,2,1917.014,2 3,East,2,3,49
2,3,8,3,1917.577,2 3,South,2,3,49
2,3,8,3,1918.459,2 3,West,2,3,49
2,3,8,2,1919.129,2 2,West,2,3,49
2,3,8,1,1919.743,2 2,South,2,3,49
2,3,8,2,1920.445,2 2,South,2,3,50
2,3,8,3,1921.143,2 2,West,2,3,50
2,3,8,2,1921.834,2 2,West,2,3,51
2,3,8,3,1922.494,2 2,North,2,3,51
2,3,8,2,1923.198,1 2,North,2,3,51
2,3,8,2,1923.845,0 2,North,2,3,51
2,3,8,3,1924.724,0 2,East,2,3,51
2,3,8,2,1925.306,0 2,East,2,3,52
2,3,8,3,1926.534,0 2,South,2,3,52
2,3,8,2,1927.277,1 2,South,2,3,52
2,3,8,3,1927.981,1 2,West,2,3,52
2,3,8,2,1928.636,1 2,West,2,3,53
2,3,8,3,1929.127,1 2,North,2,3,53
2,3,8,2,1929.957,0 2,North,2,3,53
2,3,8,2,1930.582,0 2,North,2,3,53
2,3,8,1,1931.046,0 2,West,2,3,53
2,3,8,2,1931.704,0 1,West,2,3,53
2,3,8,2,1932.347,0 0,West,2,3,53
2,3,8,1,1932.964,0 0,South,2,3,53
2,3,8,2,1933.557,0 0,South,2,3,54
2,3,8,2,1934.183,0 0,South,2,3,55
2,3,8,1,1934.572,0 0,East,2,3,55
2,3,8,2,1935.111,0 1,East,2,3,55
2,3,8,2,1935.832,0 2,East,2,3,55
2,3,8,2,1936.534,0 2,East,2,3,56
2,3,8,3,1937.084,0 2,South,2,3,56
2,3,8,2,1937.757,1 2,South,2,3,56
2,3,8,2,1938.621,2 2,South,2,3,56
2,3,8,2,1939.402,2 2,South,2,3,57
2,3,8,1,1939.895,2 2,East,2,3,57
2,3,8,2,1940.521,2 3,East,2,3,57
2,3,8,3,1941.179,2 3,South,2,3,57
2,3,8,2,1941.945,2 3,South,2,3,58
2,3,8,1,1942.526,2 3,East,2,3,58
2,3,8,2,1943.13,2 3,East,2,3,59
2,3,8,3,1943.724,2 3,South,2,3,59
2,3,8,3,1944.316,2 3,West,2,3,59
2,3,8,2,1945.163,2 2,West,2,3,59
2,3,8,1,1945.882,2 2,South,2,3,59
2,3,8,2,1946.635,2 2,South,2,3,60
2,3,8,3,1947.787,2 2,West,2,3,60
2,3,8,2,1948.524,2 2,West,2,3,61
2,3,8,3,1949.291,2 2,North,2,3,61
2,3,8,2,1949.948,1 2,North,2,3,61
2,3,8,2,1950.614,0 2,North,2,3,61
2,3,8,1,1951.276,0 2,West,2,3,61
2,3,8,2,1951.945,0 1,West,2,3,61
2,3,8,2,1952.49,0 0,West,2,3,61
2,3,8,1,1953.274,0 0,South,2,3,61
2,3,8,2,1953.964,0 0,South,2,3,62
2,3,8,1,1955.006,0 0,East,2,3,62
2,3,8,2,1955.802,0 1,East,2,3,62
2,3,8,2,1956.395,0 2,East,2,3,62
2,3,8,2,1957.116,0 2,East,2,3,63
2,3,8,3,1957.643,0 2,South,2,3,63
2,3,8,2,1958.281,1 2,South,2,3,63
2,3,8,2,1959.031,2 2,South,2,3,63
2,3,8,2,1959.802,2 2,South,2,3,64
2,3,8,3,1960.381,2 2,West,2,3,64
2,3,8,2,1961.003,2 2,West,2,3,65
2,3,8,2,1961.645,2 2,West,2,3,66
2,3,8,3,1962.039,2 2,North,2,3,66
2,3,8,2,1962.981,1 2,North,2,3,66
2,3,8,1,1963.641,1 2,West,2,3,66
2,3,8,2,1964.309,1 2,West,2,3,67
2,3,8,3,1964.764,1 2,North,2,3,67
2,3,8,2,1965.543,0 2,North,2,3,67
2,3,8,1,1966.138,0 2,West,2,3,67
2,3,8,2,1966.838,0 1,West,2,3,67
2,3,8,1,1967.708,0 1,South,2,3,67
2,3,8,3,1968.533,0 1,West,2,3,67
2,3,8,2,1969.353,0 0,West,2,3,67
2,3,8,1,1970.04,0 0,South,2,3,67
2,3,8,2,1970.663,0 0,South,2,3,68
2,3,8,1,1971.258,0 0,East,2,3,68
2,3,8,2,1971.866,0 1,East,2,3,68
2,3,8,3,1972.564,0 1,South,2,3,68
2,3,8,2,1973.261,0 1,South,2,3,69
2,3,8,3,1973.958,0 1,West,2,3,69
2,3,8,1,1974.966,0 1,South,2,3,69
2,3,8,1,1975.639,0 1,East,2,3,69
2,3,8,2,1976.314,0 2,East,2,3,69
2,3,8,2,1977.079,0 2,East,2,3,70
2,3,8,3,1977.607,0 2,South,2,3,70
2,3,8,2,1978.282,1 2,South,2,3,70
2,3,8,2,1979.003,2 2,South,2,3,70
2,3,8,2,1979.784,2 2,South,2,3,71
2,3,8,3,1980.379,2 2,West,2,3,71
2,3,8,2,1981.045,2 2,West,2,3,72
2,3,8,1,1981.993,2 2,South,2,3,72
2,3,8,1,1982.631,2 2,East,2,3,72
2,3,8,2,1983.484,2 3,East,2,3,72
2,3,8,2,1984.283,2 3,East,2,3,73
2,3,8,3,1984.747,2 3,South,2,3,73
2,3,8,2,1985.465,2 3,South,2,3,74
2,3,8,3,1985.993,2 3,West,2,3,74
2,3,8,2,1986.729,2 2,West,2,3,74
2,3,8,2,1987.454,2 2,West,2,3,75
2,3,8,3,1987.877,2 2,North,2,3,75
2,3,8,2,1988.651,1 2,North,2,3,75
2,3,8,1,1989.27,1 2,West,2,3,75
2,3,8,2,1990.008,1 2,West,2,3,76
2,3,8,3,1990.509,1 2,North,2,3,76
2,3,8,2,1991.178,0 2,North,2,3,76
2,3,8,1,1991.9,0 2,West,2,3,76
2,3,8,2,1992.569,0 1,West,2,3,76
2,3,8,1,1993.496,0 1,South,2,3,76
2,3,8,2,1994.253,0 1,South,2,3,77
2,3,8,3,1994.813,0 1,West,2,3,77
2,3,8,2,1995.494,0 0,West,2,3,77
2,3,8,1,1996.197,0 0,South,2,3,77
2,3,8,2,1996.873,0 0,South,2,3,78
2,3,8,1,1997.545,0 0,East,2,3,78
2,3,8,2,1998.263,0 1,East,2,3,78
2,3,8,2,1998.971,0 2,East,2,3,78
2,3,8,2,1999.628,0 2,East,2,3,79
2,3,8,3,2000.282,0 2,South,2,3,79
2,3,8,2,2000.974,1 2,South,2,3,79
2,3,8,2,2001.801,2 2,South,2,3,79
2,3,8,2,2002.633,2 2,South,2,3,80
2,3,8,3,2003.367,2 2,West,2,3,80
2,3,8,2,2004.023,2 2,West,2,3,81
2,3,8,3,2005.085,2 2,North,2,3,81
2,3,8,2,2005.755,1 2,North,2,3,81
2,3,8,1,2006.414,1 2,West,2,3,81
2,3,8,2,2007.052,1 2,West,2,3,82
2,3,8,3,2007.647,1 2,North,2,3,82
2,3,8,2,2008.276,0 2,North,2,3,82
2,3,8,1,2008.904,0 2,West,2,3,82
2,3,8,2,2009.562,0 1,West,2,3,82
2,3,8,1,2010.317,0 1,South,2,3,82
2,3,8,2,2010.906,0 1,South,2,3,83
2,3,8,1,2011.594,0 1,East,2,3,83
2,3,8,3,2012.341,0 1,South,2,3,83
2,3,8,3,2012.937,0 1,West,2,3,83
2,3,8,2,2013.589,0 0,West,2,3,83
2,3,8,1,2014.214,0 0,South,2,3,83
2,3,8,2,2014.79,0 0,South,2,3,84
2,3,8,3,2015.916,0 0,West,2,3,84
2,3,8,1,2016.5,0 0,South,2,3,84
2,3,8,1,2017.11,0 0,East,2,3,84
2,3,8,2,2017.836,0 1,East,2,3,84
2,3,8,2,2018.407,0 2,East,2,3,84
2,3,8,3,2018.986,0 2,South,2,3,84
2,3,8,3,2019.593,0 2,West,2,3,84
2,3,8,2,2020.187,0 1,West,2,3,84
2,3,8,2,2020.733,0 0,West,2,3,84
2,3,8,1,2021.69,0 0,South,2,3,84
2,3,8,1,2022.253,0 0,East,2,3,84
2,3,8,2,2022.989,0 1,East,2,3,84
2,3,8,3,2023.612,0 1,South,2,3,84
2,3,8,2,2024.249,0 1,South,2,3,85
2,3,8,1,2024.844,0 1,East,2,3,85
2,3,8,2,2025.531,0 2,East,2,3,85
2,3,8,3,2026.172,0 2,South,2,3,85
2,3,8,2,2026.905,1 2,South,2,3,85
2,3,8,2,2027.623,2 2,South,2,3,85
2,3,8,2,2028.344,2 2,South,2,3,86
2,3,8,1,2028.903,2 2,East,2,3,86
2,3,8,2,2029.533,2 3,East,2,3,86
2,3,8,3,2030.101,2 3,South,2,3,86
2,3,8,3,2030.874,2 3,West,2,3,86
2,3,8,2,2031.545,2 2,West,2,3,86
2,3,8,2,2032.485,2 2,West,2,3,87
2,3,8,1,2033.081,2 2,South,2,3,87
2,3,8,2,2033.833,2 2,South,2,3,88
2,3,8,1,2034.286,2 2,East,2,3,88
2,3,8,2,2035.256,2 3,East,2,3,88
2,3,8,2,2036.044,2 3,East,2,3,89
2,3,8,3,2036.547,2 3,South,2,3,89
2,3,8,2,2037.227,2 3,South,2,3,90
2,3,8,3,2037.931,2 3,West,2,3,90
2,3,8,3,2038.633,2 3,North,2,3,90
2,3,8,2,2039.256,1 3,North,2,3,90
2,3,8,1,2039.804,1 3,West,2,3,90
2,3,8,2,2040.343,1 3,West,2,3,91
2,3,8,3,2040.952,1 3,North,2,3,91
2,3,8,2,2041.58,1 3,North,2,3,92
2,3,8,3,2042.224,1 3,East,2,3,92
2,3,8,2,2042.828,1 4,East,2,3,92
2,3,8,1,2043.452,1 4,North,2,3,92
2,3,8,2,2044.063,0 4,North,2,3,92
2,3,8,2,2044.717,0 4,North,2,3,92
2,3,8,1,2045.261,0 4,West,2,3,92
2,3,8,2,2045.884,0 3,West,2,3,92
2,3,8,2,2046.73,0 3,West,2,3,93
2,3,8,1,2047.303,0 3,South,2,3,93
2,3,8,2,2047.927,0 3,South,2,3,94
2,3,8,1,2049.178,0 3,East,2,3,94
2,3,8,2,2049.91,0 4,East,2,3,94
2,3,8,3,2050.516,0 4,South,2,3,94
2,3,8,2,2051.237,1 4,South,2,3,94
2,3,8,2,2051.846,2 4,South,2,3,94
2,3,8,2,2052.508,3 4,South,2,3,94
2,3,8,3,2053.063,3 4,West,2,3,94
2,3,8,2,2053.654,3 4,West,2,3,95
2,3,8,1,2054.214,3 4,South,2,3,95
2,3,8,2,2054.837,4 4,South,2,3,95
2,3,8,3,2055.433,4 4,West,2,3,95
2,3,8,2,2056.105,4 3,West,2,3,95
2,3,8,3,2056.764,4 3,North,2,3,95
2,3,8,2,2057.462,4 3,North,2,3,96
2,3,8,1,2058.136,4 3,West,2,3,96
2,3,8,2,2058.813,4 2,West,2,3,96
2,3,8,3,2059.478,4 2,North,2,3,96
2,3,8,2,2060.215,3 2,North,2,3,96
2,3,8,3,2060.788,3 2,East,2,3,96
2,3,8,2,2061.433,3 3,East,2,3,96
2,3,8,6,2061.84,3 3,East,2,4,96
2,3,8,1,2062.427,3 3,North,2,4,96
2,3,8,1,2062.987,3 3,West,2,4,96
2,3,8,2,2063.977,3 2,West,2,4,96
2,3,8,1,2064.506,3 2,South,2,4,96
2,3,8,2,2065.078,4 2,South,2,4,96
2,3,8,3,2065.594,4 2,West,2,4,96
2,3,8,2,2066.236,4 2,West,2,4,97
2,3,8,3,2066.743,4 2,North,2,4,97
2,3,8,2,2067.35,3 2,North,2,4,97
2,3,8,2,2068.077,3 2,North,2,4,98
2,3,8,1,2068.585,3 2,West,2,4,98
2,3,8,2,2069.321,3 1,West,2,4,98
2,3,8,3,2070.009,3 1,North,2,4,98
2,3,8,2,2070.694,2 1,North,2,4,98
2,3,8,2,2071.396,1 1,North,2,4,98
2,3,8,2,2072.075,1 1,North,2,4,99
2,3,8,1,2072.697,1 1,West,2,4,99
2,3,8,2,2073.308,1 0,West,2,4,99
2,3,8,3,2073.882,1 0,North,2,4,99
2,3,8,2,2074.563,1 0,North,2,4,100
2,3,8,3,2075.08,1 0,East,2,4,100
2,3,8,2,2075.624,1 1,East,2,4,100
2,3,8,2,2076.232,1 1,East,2,4,101
2,3,8,2,2076.662,1 1,East,2,4,102
2,3,8,3,2077.211,1 1,South,2,4,102
2,3,8,2,2077.784,2 1,South,2,4,102
2,3,8,1,2078.365,2 1,East,2,4,102
2,3,8,2,2078.97,2 1,East,2,4,103
2,3,8,3,2079.42,2 1,South,2,4,103
2,3,8,2,2080.086,3 1,South,2,4,103
2,3,8,1,2080.665,3 1,East,2,4,103
2,3,8,2,2081.277,3 2,East,2,4,103
2,3,8,1,2081.939,3 2,North,2,4,103
2,3,8,2,2082.554,3 2,North,2,4,104
2,3,8,3,2083.004,3 2,East,2,4,104
2,3,8,2,2083.613,3 3,East,2,4,104
2,3,8,1,2084.165,3 3,North,2,4,104
2,3,8,2,2084.684,3 3,North,2,4,105
2,3,8,3,2085.263,3 3,East,2,4,105
2,3,8,2,2085.926,3 3,East,2,4,106
2,3,8,3,2086.6,3 3,South,2,4,106
2,3,8,2,2087.192,3 3,South,2,4,107
2,3,8,3,2087.735,3 3,West,2,4,107
2,3,8,2,2088.366,3 2,West,2,4,107
2,3,8,1,2088.971,3 2,South,2,4,107
2,3,8,2,2089.562,4 2,South,2,4,107
2,3,8,1,2090.149,4 2,East,2,4,107
2,3,8,2,2090.779,4 3,East,2,4,107
2,3,8,2,2091.414,4 4,East,2,4,107
2,3,8,1,2091.974,4 4,North,2,4,107
2,3,8,2,2092.508,3 4,North,2,4,107
2,3,8,2,2093.159,2 4,North,2,4,107
2,3,8,2,2093.74,1 4,North,2,4,107
2,3,8,2,2094.413,0 4,North,2,4,107
2,3,8,1,2094.969,0 4,West,2,4,107
2,3,8,2,2095.582,0 3,West,2,4,107
2,3,8,2,2096.134,0 3,West,2,4,108
2,3,8,3,2097.499,0 3,North,2,4,108
2,3,8,1,2098.231,0 3,West,2,4,108
2,3,8,1,2098.94,0 3,South,2,4,108
2,3,8,2,2099.613,0 3,South,2,4,109
2,3,8,1,2100.302,0 3,East,2,4,109
2,3,8,2,2100.926,0 4,East,2,4,109
2,3,8,3,2101.452,0 4,South,2,4,109
2,3,8,2,2102.052,1 4,South,2,4,109
2,3,8,3,2102.663,1 4,West,2,4,109
2,3,8,2,2103.336,1 3,West,2,4,109
2,3,8,2,2104.02,1 3,West,2,4,110
2,3,8,1,2104.54,1 3,South,2,4,110
2,3,8,2,2105.117,2 3,South,2,4,110
2,3,8,3,2105.834,2 3,West,2,4,110
2,3,8,2,2106.519,2 2,West,2,4,110
2,3,8,3,2107.259,2 2,North,2,4,110
2,3,8,1,2107.798,2 2,West,2,4,110
2,3,8,2,2108.425,2 2,West,2,4,111
2,3,8,3,2108.938,2 2,North,2,4,111
2,3,8,2,2109.574,1 2,North,2,4,111
2,3,8,1,2110.311,1 2,West,2,4,111
2,3,8,2,2110.95,1 2,West,2,4,112
2,3,8,3,2111.429,1 2,North,2,4,112
2,3,8,2,2112.026,0 2,North,2,4,112
2,3,8,1,2112.603,0 2,West,2,4,112
2,3,8,2,2113.273,0 1,West,2,4,112
2,3,8,6,2113.68,0 1,West,2,5,112
2,3,8,1,2114.137,0 1,South,2,5,112
2,3,8,1,2114.806,0 1,East,2,5,112
2,3,8,2,2115.404,0 2,East,2,5,112
2,3,8,3,2116.233,0 2,South,2,5,112
2,3,8,2,2116.868,1 2,South,2,5,112
2,3,8,2,2117.423,2 2,South,2,5,112
2,3,8,6,2117.8,2 2,South,2,6,112
2,3,8,1,2118.251,2 2,East,2,6,112
2,3,8,1,2119.18,2 2,North,2,6,112
2,3,8,2,2119.72,1 2,North,2,6,112
2,3,8,3,2120.458,1 2,East,2,6,112
2,3,8,2,2121.145,1 2,East,2,6,113
2,3,8,1,2121.881,1 2,North,2,6,113
2,3,8,3,2122.764,1 2,East,2,6,113
2,3,8,3,2123.373,1 2,South,2,6,113
2,3,8,2,2124.054,2 2,South,2,6,113
2,3,8,1,2124.581,2 2,East,2,6,113
2,3,8,2,2125.294,2 3,East,2,6,113
2,3,8,1,2125.815,2 3,North,2,6,113
2,3,8,2,2126.424,1 3,North,2,6,113
2,3,8,6,2126.8,1 3,North,2,7,113
2,3,8,3,2127.481,1 3,East,2,7,113
2,3,8,2,2128.121,1 4,East,2,7,113
2,3,8,1,2128.824,1 4,North,2,7,113
2,3,8,2,2129.566,0 4,North,2,7,113
2,3,8,6,2129.94,0 4,North,2,8,113
1,3,9,2,2133.639,3 4,North,2,0,113
1,3,9,2,2134.151,2 4,North,2,0,113
1,3,9,2,2134.81,1 4,North,2,0,113
1,3,9,1,2135.525,1 3,North,2,0,113
1,3,9,4,2136.344,2 3,North,2,0,113
1,3,9,1,2136.963,2 2,North,2,0,113
1,3,9,6,2137.36,2 2,North,2,1,113
1,3,9,3,2138.042,2 3,North,2,1,113
1,3,9,2,2138.693,1 3,North,2,1,113
1,3,9,3,2139.319,1 4,North,2,1,113
1,3,9,4,2139.995,2 4,North,2,1,113
1,3,9,4,2141.033,3 4,North,2,1,113
1,3,9,6,2141.4,3 4,North,2,2,113
1,3,9,4,2142.019,4 4,North,2,2,113
1,3,9,1,2142.535,4 3,North,2,2,113
1,3,9,1,2143.219,4 2,North,2,2,113
1,3,9,2,2143.767,3 2,North,2,2,113
1,3,9,1,2144.394,3 1,North,2,2,113
1,3,9,2,2144.956,2 1,North,2,2,113
1,3,9,2,2145.653,1 1,North,2,2,113
1,3,9,1,2146.552,1 0,North,2,2,113
1,3,9,6,2146.96,1 0,North,2,3,113
1,3,9,3,2147.397,1 1,North,2,3,113
1,3,9,4,2147.962,2 1,North,2,3,113
1,3,9,6,2148.32,2 1,North,2,4,113
1,3,9,4,2148.759,3 1,North,2,4,113
1,3,9,3,2149.705,3 2,North,2,4,113
1,3,9,4,2150.41,4 2,North,2,4,113
1,3,9,3,2151.002,4 3,North,2,4,113
1,3,9,3,2151.959,4 4,North,2,4,113
1,3,9,2,2152.572,3 4,North,2,4,113
1,3,9,2,2153.399,2 4,North,2,4,113
1,3,9,2,2154.49,1 4,North,2,4,113
1,3,9,2,2155.432,0 4,North,2,4,113
1,3,9,6,2155.82,0 4,North,2,5,113
1,3,9,4,2156.523,1 4,North,2,5,113
1,3,9,4,2157.428,2 4,North,2,5,113
1,3,9,4,2158.491,3 4,North,2,5,113
1,3,9,4,2159.189,4 4,North,2,5,113
1,3,9,1,2159.915,4 3,North,2,5,113
1,3,9,1,2160.441,4 2,North,2,5,113
1,3,9,2,2161.254,3 2,North,2,5,113
1,3,9,1,2161.829,3 1,North,2,5,113
1,3,9,2,2162.486,2 1,North,2,5,113
1,3,9,2,2163.115,1 1,North,2,5,113
1,3,9,1,2163.658,1 0,North,2,5,113
1,3,9,4,2164.39,2 0,North,2,5,113
1,3,9,6,2164.74,2 0,North,2,6,113
1,3,9,2,2165.34,1 0,North,2,6,113
1,3,9,3,2166.121,1 1,North,2,6,113
1,3,9,4,2167.353,2 1,North,2,6,113
1,3,9,4,2168.408,3 1,North,2,6,113
1,3,9,3,2169.077,3 2,North,2,6,113
1,3,9,4,2169.771,4 2,North,2,6,113
1,3,9,3,2170.392,4 3,North,2,6,113
1,3,9,3,2172.101,4 4,North,2,6,113
1,3,9,2,2174.381,3 4,North,2,6,113
1,3,9,2,2175.012,2 4,North,2,6,113
1,3,9,2,2175.91,1 4,North,2,6,113
1,3,9,1,2176.473,1 3,North,2,6,113
1,3,9,4,2177.177,2 3,North,2,6,113
1,3,9,1,2178.205,2 2,North,2,6,113
1,3,9,2,2178.893,1 2,North,2,6,113
1,3,9,2,2179.64,0 2,North,2,6,113
1,3,9,1,2180.167,0 1,North,2,6,113
1,3,9,1,2180.949,0 0,North,2,6,113
1,3,9,6,2181.36,0 0,North,2,7,113
1,3,9,3,2181.692,0 1,North,2,7,113
1,3,9,3,2182.746,0 2,North,2,7,113
1,3,9,4,2183.467,1 2,North,2,7,113
1,3,9,4,2184.276,2 2,North,2,7,113
1,3,9,3,2185.416,2 3,North,2,7,113
1,3,9,2,2186.055,1 3,North,2,7,113
1,3,9,3,2186.732,1 4,North,2,7,113
1,3,9,4,2187.446,2 4,North,2,7,113
1,3,9,6,2187.82,2 4,North,2,8,113
2,3,9,2,2191.38,3 4,North,2,0,0
2,3,9,1,2192.2,3 4,West,2,0,0
2,3,9,3,2194.829,3 4,North,2,0,0
2,3,9,2,2195.465,2 4,North,2,0,0
2,3,9,2,2196.245,1 4,North,2,0,0
2,3,9,1,2196.867,1 4,West,2,0,0
2,3,9,2,2197.479,1 3,West,2,0,0
2,3,9,2,2198.18,1 3,West,2,0,1
2,3,9,3,2198.668,1 3,North,2,0,1
2,3,9,2,2199.32,1 3,North,2,0,2
2,3,9,3,2199.931,1 3,East,2,0,2
2,3,9,3,2200.968,1 3,South,2,0,2
2,3,9,2,2201.547,2 3,South,2,0,2
2,3,9,2,2202.103,2 3,South,2,0,3
2,3,9,1,2202.567,2 3,East,2,0,3
2,3,9,2,2203.228,2 3,East,2,0,4
2,3,9,1,2203.988,2 3,North,2,0,4
2,3,9,2,2204.714,1 3,North,2,0,4
2,3,9,3,2205.755,1 3,East,2,0,4
2,3,9,2,2206.52,1 4,East,2,0,4
2,3,9,3,2207.093,1 4,South,2,0,4
2,3,9,2,2207.722,2 4,South,2,0,4
2,3,9,2,2208.521,3 4,South,2,0,4
2,3,9,3,2209.402,3 4,West,2,0,4
2,3,9,2,2210.09,3 4,West,2,0,5
2,3,9,1,2210.618,3 4,South,2,0,5
2,3,9,2,2211.323,4 4,South,2,0,5
2,3,9,3,2212.316,4 4,West,2,0,5
2,3,9,2,2212.963,4 3,West,2,0,5
2,3,9,2,2213.544,4 2,West,2,0,5
2,3,9,2,2214.208,4 2,West,2,0,6
2,3,9,3,2214.712,4 2,North,2,0,6
2,3,9,2,2215.319,3 2,North,2,0,6
2,3,9,1,2216.059,3 2,West,2,0,6
2,3,9,2,2216.761,3 1,West,2,0,6
2,3,9,3,2217.275,3 1,North,2,0,6
2,3,9,2,2217.992,2 1,North,2,0,6
2,3,9,6,2218.38,2 1,North,2,1,6
2,3,9,3,2218.806,2 1,East,2,1,6
2,3,9,1,2219.839,2 1,North,2,1,6
2,3,9,2,2220.635,1 1,North,2,1,6
2,3,9,2,2221.371,1 1,North,2,1,7
2,3,9,3,2221.885,1 1,East,2,1,7
2,3,9,2,2222.541,1 1,East,2,1,8
2,3,9,1,2223.033,1 1,North,2,1,8
2,3,9,1,2223.605,1 1,West,2,1,8
2,3,9,2,2224.184,1 0,West,2,1,8
2,3,9,3,2225.063,1 0,North,2,1,8
2,3,9,2,2225.782,1 0,North,2,1,9
2,3,9,3,2226.458,1 0,East,2,1,9
2,3,9,3,2227.068,1 0,South,2,1,9
2,3,9,2,2227.722,2 0,South,2,1,9
2,3,9,2,2228.284,3 0,South,2,1,9
2,3,9,2,2228.877,4 0,South,2,1,9
2,3,9,1,2229.461,4 0,East,2,1,9
2,3,9,2,2230.054,4 1,East,2,1,9
2,3,9,2,2230.615,4 1,East,2,1,10
2,3,9,2,2231.238,4 1,East,2,1,11
2,3,9,1,2231.733,4 1,North,2,1,11
2,3,9,2,2232.358,4 1,North,2,1,12
2,3,9,1,2233.066,4 1,West,2,1,12
2,3,9,2,2233.658,4 0,West,2,1,12
2,3,9,3,2234.263,4 0,North,2,1,12
2,3,9,2,2234.932,3 0,North,2,1,12
2,3,9,3,2235.591,3 0,East,2,1,12
2,3,9,2,2236.247,3 0,East,2,1,13
2,3,9,1,2236.696,3 0,North,2,1,13
2,3,9,2,2237.301,2 0,North,2,1,13
2,3,9,3,2237.863,2 0,East,2,1,13
2,3,9,2,2238.438,2 0,East,2,1,14
2,3,9,1,2238.965,2 0,North,2,1,14
2,3,9,2,2239.595,1 0,North,2,1,14
2,3,9,3,2240.218,1 0,East,2,1,14
2,3,9,2,2240.777,1 1,East,2,1,14
2,3,9,2,2241.509,1 1,East,2,1,15
2,3,9,1,2242.027,1 1,North,2,1,15
2,3,9,2,2242.678,1 1,North,2,1,16
2,3,9,3,2243.555,1 1,East,2,1,16
2,3,9,3,2244.123,1 1,South,2,1,16
2,3,9,2,2244.777,2 1,South,2,1,16
2,3,9,1,2245.58,2 1,East,2,1,16
2,3,9,2,2246.233,2 1,East,2,1,17
2,3,9,3,2246.712,2 1,South,2,1,17
2,3,9,2,2247.388,3 1,South,2,1,17
2,3,9,1,2248.055,3 1,East,2,1,17
2,3,9,2,2248.741,3 2,East,2,1,17
2,3,9,2,2249.404,3 3,East,2,1,17
2,3,9,1,2250.052,3 3,North,2,1,17
2,3,9,2,2250.682,3 3,North,2,1,18
2,3,9,3,2251.111,3 3,East,2,1,18
2,3,9,2,2251.733,3 3,East,2,1,19
2,3,9,3,2252.552,3 3,South,2,1,19
2,3,9,2,2253.141,3 3,South,2,1,20
2,3,9,3,2253.786,3 3,West,2,1,20
2,3,9,2,2254.391,3 2,West,2,1,20
2,3,9,1,2254.918,3 2,South,2,1,20
2,3,9,2,2255.527,4 2,South,2,1,20
2,3,9,1,2256.148,4 2,East,2,1,20
2,3,9,2,2256.775,4 3,East,2,1,20
2,3,9,2,2257.349,4 4,East,2,1,20
2,3,9,1,2257.894,4 4,North,2,1,20
2,3,9,2,2258.484,3 4,North,2,1,20
2,3,9,2,2259.194,2 4,North,2,1,20
2,3,9,2,2259.932,1 4,North,2,1,20
2,3,9,2,2260.72,0 4,North,2,1,20
2,3,9,6,2261.1,0 4,North,2,2,20
2,3,9,1,2261.482,0 4,West,2,2,20
2,3,9,1,2262.138,0 4,South,2,2,20
2,3,9,2,2262.728,1 4,South,2,2,20
2,3,9,2,2263.356,2 4,South,2,2,20
2,3,9,3,2264.006,2 4,West,2,2,20
2,3,9,2,2264.581,2 4,West,2,2,21
2,3,9,1,2265.148,2 4,South,2,2,21
2,3,9,2,2265.753,3 4,South,2,2,21
2,3,9,3,2266.557,3 4,West,2,2,21
2,3,9,2,2267.27,3 4,West,2,2,22
2,3,9,1,2267.739,3 4,South,2,2,22
2,3,9,2,2268.439,4 4,South,2,2,22
2,3,9,3,2269.014,4 4,West,2,2,22
2,3,9,2,2270.027,4 3,West,2,2,22
2,3,9,2,2270.667,4 2,West,2,2,22
2,3,9,3,2271.415,4 2,North,2,2,22
2,3,9,2,2272.105,3 2,North,2,2,22
2,3,9,2,2272.805,3 2,North,2,2,23
2,3,9,3,2273.387,3 2,East,2,2,23
2,3,9,2,2273.992,3 3,East,2,2,23
2,3,9,2,2274.806,3 3,East,2,2,24
2,3,9,1,2275.27,3 3,North,2,2,24
2,3,9,2,2275.948,3 3,North,2,2,25
2,3,9,1,2276.477,3 3,West,2,2,25
2,3,9,2,2277.082,3 2,West,2,2,25
2,3,9,2,2277.931,3 1,West,2,2,25
2,3,9,3,2278.501,3 1,North,2,2,25
2,3,9,2,2279.207,2 1,North,2,2,25
2,3,9,3,2279.752,2 1,East,2,2,25
2,3,9,2,2280.375,2 1,East,2,2,26
2,3,9,1,2280.851,2 1,North,2,2,26
2,3,9,2,2281.498,1 1,North,2,2,26
2,3,9,3,2282.153,1 1,East,2,2,26
2,3,9,2,2282.876,1 1,East,2,2,27
2,3,9,1,2283.364,1 1,North,2,2,27
2,3,9,2,2284.051,1 1,North,2,2,28
2,3,9,1,2284.796,1 1,West,2,2,28
2,3,9,2,2285.384,1 0,West,2,2,28
2,3,9,3,2286.247,1 0,North,2,2,28
2,3,9,2,2286.857,1 0,North,2,2,29
2,3,9,1,2287.417,1 0,West,2,2,29
2,3,9,1,2287.959,1 0,South,2,2,29
2,3,9,2,2288.572,2 0,South,2,2,29
2,3,9,2,2289.272,3 0,South,2,2,29
2,3,9,2,2289.867,4 0,South,2,2,29
2,3,9,1,2290.443,4 0,East,2,2,29
2,3,9,2,2291.086,4 1,East,2,2,29
2,3,9,2,2291.638,4 1,East,2,2,30
2,3,9,1,2292.203,4 1,North,2,2,30
2,3,9,2,2292.79,4 1,North,2,2,31
2,3,9,3,2293.446,4 1,East,2,2,31
2,3,9,1,2294.344,4 1,North,2,2,31
2,3,9,1,2294.893,4 1,West,2,2,31
2,3,9,2,2295.514,4 0,West,2,2,31
2,3,9,3,2296.228,4 0,North,2,2,31
2,3,9,2,2296.87,3 0,North,2,2,31
2,3,9,3,2297.451,3 0,East,2,2,31
2,3,9,2,2298.06,3 0,East,2,2,32
2,3,9,1,2298.59,3 0,North,2,2,32
2,3,9,2,2299.235,2 0,North,2,2,32
2,3,9,2,2299.773,1 0,North,2,2,32
2,3,9,2,2300.406,1 0,North,2,2,33
2,3,9,3,2300.903,1 0,East,2,2,33
2,3,9,2,2301.485,1 1,East,2,2,33
2,3,9,3,2302.333,1 1,South,2,2,33
2,3,9,2,2303.014,2 1,South,2,2,33
2,3,9,1,2303.604,2 1,East,2,2,33
2,3,9,2,2304.325,2 1,East,2,2,34
2,3,9,1,2304.795,2 1,North,2,2,34
2,3,9,2,2305.438,1 1,North,2,2,34
2,3,9,3,2306.028,1 1,East,2,2,34
2,3,9,2,2306.745,1 1,East,2,2,35
2,3,9,1,2307.224,1 1,North,2,2,35
2,3,9,2,2307.829,1 1,North,2,2,36
2,3,9,1,2308.47,1 1,West,2,2,36
2,3,9,2,2309.051,1 0,West,2,2,36
2,3,9,3,2309.636,1 0,North,2,2,36
2,3,9,2,2310.344,1 0,North,2,2,37
2,3,9,3,2310.892,1 0,East,2,2,37
2,3,9,3,2311.483,1 0,South,2,2,37
2,3,9,2,2312.505,2 0,South,2,2,37
2,3,9,2,2313.02,3 0,South,2,2,37
2,3,9,2,2313.82,4 0,South,2,2,37
2,3,9,1,2314.406,4 0,East,2,2,37
2,3,9,2,2314.969,4 1,East,2,2,37
2,3,9,2,2315.502,4 1,East,2,2,38
2,3,9,2,2316.166,4 1,East,2,2,39
2,3,9,2,2316.806,4 1,East,2,2,40
2,3,9,2,2317.341,4 1,East,2,2,41
2,3,9,1,2317.766,4 1,North,2,2,41
2,3,9,2,2318.295,4 1,North,2,2,42
2,3,9,3,2318.844,4 1,East,2,2,42
2,3,9,1,2319.75,4 1,North,2,2,42
2,3,9,1,2320.279,4 1,West,2,2,42
2,3,9,2,2320.891,4 0,West,2,2,42
2,3,9,3,2321.446,4 0,North,2,2,42
2,3,9,2,2322.19,3 0,North,2,2,42
2,3,9,3,2323.145,3 0,East,2,2,42
2,3,9,1,2323.722,3 0,North,2,2,42
2,3,9,3,2324.476,3 0,East,2,2,42
2,3,9,2,2325.212,3 0,East,2,2,43
2,3,9,1,2325.739,3 0,North,2,2,43
2,3,9,2,2326.388,2 0,North,2,2,43
2,3,9,3,2327.018,2 0,East,2,2,43
2,3,9,2,2327.694,2 0,East,2,2,44
2,3,9,1,2328.134,2 0,North,2,2,44
2,3,9,2,2328.773,1 0,North,2,2,44
2,3,9,3,2329.467,1 0,East,2,2,44
2,3,9,2,2330.171,1 1,East,2,2,44
2,3,9,1,2331.032,1 1,North,2,2,44
2,3,9,2,2331.7,1 1,North,2,2,45
2,3,9,3,2332.213,1 1,East,2,2,45
2,3,9,3,2333.036,1 1,South,2,2,45
2,3,9,2,2333.691,2 1,South,2,2,45
2,3,9,1,2334.375,2 1,East,2,2,45
2,3,9,2,2335.076,2 1,East,2,2,46
2,3,9,3,2335.646,2 1,South,2,2,46
2,3,9,2,2336.409,3 1,South,2,2,46
2,3,9,1,2336.999,3 1,East,2,2,46
2,3,9,2,2337.725,3 2,East,2,2,46
2,3,9,1,2338.389,3 2,North,2,2,46
2,3,9,2,2339.032,3 2,North,2,2,47
2,3,9,3,2339.466,3 2,East,2,2,47
2,3,9,2,2340.084,3 3,East,2,2,47
2,3,9,2,2340.743,3 3,East,2,2,48
2,3,9,1,2341.189,3 3,North,2,2,48
2,3,9,2,2341.789,3 3,North,2,2,49
2,3,9,1,2342.487,3 3,West,2,2,49
2,3,9,1,2343.093,3 3,South,2,2,49
2,3,9,2,2343.82,3 3,South,2,2,50
2,3,9,1,2344.295,3 3,East,2,2,50
2,3,9,2,2344.965,3 3,East,2,2,51
2,3,9,3,2345.334,3 3,South,2,2,51
2,3,9,3,2345.928,3 3,West,2,2,51
2,3,9,3,2346.46,3 3,North,2,2,51
2,3,9,2,2347.21,3 3,North,2,2,52
2,3,9,3,2347.72,3 3,East,2,2,52
2,3,9,2,2348.423,3 3,East,2,2,53
2,3,9,3,2348.888,3 3,South,2,2,53
2,3,9,2,2349.608,3 3,South,2,2,54
2,3,9,3,2350.092,3 3,West,2,2,54
2,3,9,2,2350.858,3 2,West,2,2,54
2,3,9,3,2351.543,3 2,North,2,2,54
2,3,9,2,2352.277,3 2,North,2,2,55
2,3,9,3,2352.815,3 2,East,2,2,55
2,3,9,1,2353.608,3 2,North,2,2,55
2,3,9,1,2354.232,3 2,West,2,2,55
2,3,9,2,2354.79,3 1,West,2,2,55
2,3,9,3,2355.331,3 1,North,2,2,55
2,3,9,2,2356.01,2 1,North,2,2,55
2,3,9,3,2356.588,2 1,East,2,2,55
2,3,9,2,2357.189,2 1,East,2,2,56
2,3,9,1,2357.78,2 1,North,2,2,56
2,3,9,2,2358.454,1 1,North,2,2,56
2,3,9,3,2359.053,1 1,East,2,2,56
2,3,9,2,2359.721,1 1,East,2,2,57
2,3,9,1,2360.233,1 1,North,2,2,57
2,3,9,2,2360.886,1 1,North,2,2,58
2,3,9,1,2361.609,1 1,West,2,2,58
2,3,9,2,2362.247,1 0,West,2,2,58
2,3,9,3,2362.9,1 0,North,2,2,58
2,3,9,2,2363.51,1 0,North,2,2,59
2,3,9,3,2365.084,1 0,East,2,2,59
2,3,9,3,2365.704,1 0,South,2,2,59
2,3,9,3,2366.282,1 0,West,2,2,59
2,3,9,2,2367.203,1 0,West,2,2,59
2,3,9,1,2367.628,1 0,South,2,2,59
2,3,9,2,2368.316,2 0,South,2,2,59
2,3,9,1,2369.224,2 0,East,2,2,59
2,3,9,2,2369.859,2 0,East,2,2,60
2,3,9,3,2370.397,2 0,South,2,2,60
2,3,9,2,2371.048,3 0,South,2,2,60
2,3,9,2,2371.611,4 0,South,2,2,60
2,3,9,1,2372.267,4 0,East,2,2,60
2,3,9,2,2372.871,4 1,East,2,2,60
2,3,9,2,2373.422,4 1,East,2,2,61
2,3,9,1,2373.947,4 1,North,2,2,61
2,3,9,2,2374.555,4 1,North,2,2,62
2,3,9,1,2375.115,4 1,West,2,2,62
2,3,9,2,2375.689,4 0,West,2,2,62
2,3,9,3,2376.681,4 0,North,2,2,62
2,3,9,2,2377.322,3 0,North,2,2,62
2,3,9,2,2377.943,2 0,North,2,2,62
2,3,9,2,2378.622,1 0,North,2,2,62
2,3,9,3,2379.244,1 0,East,2,2,62
2,3,9,2,2379.949,1 1,East,2,2,62
2,3,9,1,2380.835,1 1,North,2,2,62
2,3,9,2,2381.533,1 1,North,2,2,63
2,3,9,3,2382.028,1 1,East,2,2,63
2,3,9,2,2382.713,1 1,East,2,2,64
2,3,9,3,2383.173,1 1,South,2,2,64
2,3,9,2,2383.75,2 1,South,2,2,64
2,3,9,1,2384.471,2 1,East,2,2,64
2,3,9,3,2385.125,2 1,South,2,2,64
2,3,9,2,2385.834,3 1,South,2,2,64
2,3,9,1,2386.357,3 1,East,2,2,64
2,3,9,3,2387.286,3 1,South,2,2,64
2,3,9,2,2387.963,3 1,South,2,2,65
2,3,9,1,2388.455,3 1,East,2,2,65
2,3,9,2,2389.055,3 2,East,2,2,65
2,3,9,3,2390.013,3 2,South,2,2,65
2,3,9,2,2390.697,4 2,South,2,2,65
2,3,9,1,2391.367,4 2,East,2,2,65
2,3,9,2,2392.023,4 3,East,2,2,65
2,3,9,2,2392.766,4 4,East,2,2,65
2,3,9,1,2393.369,4 4,North,2,2,65
2,3,9,2,2393.909,3 4,North,2,2,65
2,3,9,2,2394.421,2 4,North,2,2,65
2,3,9,1,2395.196,2 4,West,2,2,65
2,3,9,2,2395.83,2 4,West,2,2,66
2,3,9,3,2396.573,2 4,North,2,2,66
2,3,9,2,2397.336,1 4,North,2,2,66
2,3,9,1,2397.927,1 4,West,2,2,66
2,3,9,2,2398.63,1 3,West,2,2,66
2,3,9,1,2399.303,1 3,South,2,2,66
2,3,9,2,2400.055,2 3,South,2,2,66
2,3,9,3,2400.728,2 3,West,2,2,66
2,3,9,2,2401.512,2 2,West,2,2,66
2,3,9,6,2401.92,2 2,West,2,3,66
2,3,9,3,2402.425,2 2,North,2,3,66
2,3,9,3,2403.125,2 2,East,2,3,66
2,3,9,2,2403.694,2 3,East,2,3,66
2,3,9,2,2404.332,2 3,East,2,3,67
2,3,9,1,2404.908,2 3,North,2,3,67
2,3,9,2,2405.545,1 3,North,2,3,67
2,3,9,2,2406.281,1 3,North,2,3,68
2,3,9,1,2406.764,1 3,West,2,3,68
2,3,9,2,2407.451,1 3,West,2,3,69
2,3,9,3,2407.931,1 3,North,2,3,69
2,3,9,3,2408.553,1 3,East,2,3,69
2,3,9,2,2409.259,1 4,East,2,3,69
2,3,9,1,2409.846,1 4,North,2,3,69
2,3,9,2,2410.474,0 4,North,2,3,69
2,3,9,1,2411.133,0 4,West,2,3,69
2,3,9,2,2411.734,0 3,West,2,3,69
2,3,9,2,2412.406,0 3,West,2,3,70
2,3,9,1,2412.901,0 3,South,2,3,70
2,3,9,2,2413.42,0 3,South,2,3,71
2,3,9,1,2414.075,0 3,East,2,3,71
2,3,9,2,2414.63,0 4,East,2,3,71
2,3,9,3,2415.256,0 4,South,2,3,71
2,3,9,2,2415.829,1 4,South,2,3,71
2,3,9,2,2416.725,2 4,South,2,3,71
2,3,9,2,2417.447,3 4,South,2,3,71
2,3,9,2,2418.074,4 4,South,2,3,71
2,3,9,3,2418.728,4 4,West,2,3,71
2,3,9,2,2419.301,4 3,West,2,3,71
2,3,9,2,2419.893,4 2,West,2,3,71
2,3,9,2,2420.614,4 2,West,2,3,72
2,3,9,3,2421.11,4 2,North,2,3,72
2,3,9,2,2421.669,3 2,North,2,3,72
2,3,9,2,2422.378,3 2,North,2,3,73
2,3,9,1,2422.904,3 2,West,2,3,73
2,3,9,2,2423.455,3 1,West,2,3,73
2,3,9,3,2424.084,3 1,North,2,3,73
2,3,9,2,2424.749,2 1,North,2,3,73
2,3,9,2,2425.462,1 1,North,2,3,73
2,3,9,1,2426.181,1 1,West,2,3,73
2,3,9,2,2426.841,1 0,West,2,3,73
2,3,9,3,2427.596,1 0,North,2,3,73
2,3,9,2,2428.236,1 0,North,2,3,74
2,3,9,3,2428.772,1 0,East,2,3,74
2,3,9,2,2429.354,1 1,East,2,3,74
2,3,9,1,2430.005,1 1,North,2,3,74
2,3,9,2,2430.649,1 1,North,2,3,75
2,3,9,3,2431.264,1 1,East,2,3,75
2,3,9,2,2431.881,1 1,East,2,3,76
2,3,9,3,2432.475,1 1,South,2,3,76
2,3,9,2,2433.1,2 1,South,2,3,76
2,3,9,1,2433.862,2 1,East,2,3,76
2,3,9,3,2434.653,2 1,South,2,3,76
2,3,9,2,2435.336,3 1,South,2,3,76
2,3,9,2,2435.976,3 1,South,2,3,77
2,3,9,1,2436.523,3 1,East,2,3,77
2,3,9,2,2437.212,3 2,East,2,3,77
2,3,9,2,2438.093,3 3,East,2,3,77
2,3,9,2,2439.095,3 3,East,2,3,78
2,3,9,1,2439.592,3 3,North,2,3,78
2,3,9,2,2440.248,3 3,North,2,3,79
2,3,9,1,2440.799,3 3,West,2,3,79
2,3,9,2,2441.382,3 2,West,2,3,79
2,3,9,3,2442.076,3 2,North,2,3,79
2,3,9,2,2442.742,3 2,North,2,3,80
2,3,9,1,2443.292,3 2,West,2,3,80
2,3,9,2,2443.846,3 1,West,2,3,80
2,3,9,3,2444.426,3 1,North,2,3,80
2,3,9,2,2445.084,2 1,North,2,3,80
2,3,9,2,2445.896,1 1,North,2,3,80
2,3,9,2,2446.761,1 1,North,2,3,81
2,3,9,1,2447.243,1 1,West,2,3,81
2,3,9,2,2447.884,1 0,West,2,3,81
2,3,9,3,2448.501,1 0,North,2,3,81
2,3,9,2,2449.23,1 0,North,2,3,82
2,3,9,3,2449.725,1 0,East,2,3,82
2,3,9,2,2450.297,1 1,East,2,3,82
2,3,9,1,2451.141,1 1,North,2,3,82
2,3,9,2,2451.814,1 1,North,2,3,83
2,3,9,3,2452.248,1 1,East,2,3,83
2,3,9,2,2452.903,1 1,East,2,3,84
2,3,9,3,2453.645,1 1,South,2,3,84
2,3,9,2,2454.295,2 1,South,2,3,84
2,3,9,1,2454.903,2 1,East,2,3,84
2,3,9,2,2455.429,2 1,East,2,3,85
2,3,9,3,2455.917,2 1,South,2,3,85
2,3,9,2,2456.605,3 1,South,2,3,85
2,3,9,1,2457.286,3 1,East,2,3,85
2,3,9,2,2457.912,3 2,East,2,3,85
2,3,9,2,2458.633,3 3,East,2,3,85
2,3,9,2,2459.371,3 3,East,2,3,86
2,3,9,1,2459.886,3 3,North,2,3,86
2,3,9,2,2460.555,3 3,North,2,3,87
2,3,9,3,2461.081,3 3,East,2,3,87
2,3,9,3,2461.657,3 3,South,2,3,87
2,3,9,2,2462.284,3 3,South,2,3,88
2,3,9,3,2462.889,3 3,West,2,3,88
2,3,9,2,2463.499,3 2,West,2,3,88
2,3,9,1,2464.525,3 2,South,2,3,88
2,3,9,2,2465.224,4 2,South,2,3,88
2,3,9,1,2465.815,4 2,East,2,3,88
2,3,9,2,2466.461,4 3,East,2,3,88
2,3,9,2,2467.132,4 4,East,2,3,88
2,3,9,1,2467.847,4 4,North,2,3,88
2,3,9,2,2468.506,3 4,North,2,3,88
2,3,9,2,2469.068,2 4,North,2,3,88
2,3,9,2,2469.708,1 4,North,2,3,88
2,3,9,2,2470.342,0 4,North,2,3,88
2,3,9,1,2470.986,0 4,West,2,3,88
2,3,9,2,2471.608,0 3,West,2,3,88
2,3,9,2,2472.277,0 3,West,2,3,89
2,3,9,1,2473.068,0 3,South,2,3,89
2,3,9,2,2473.741,0 3,South,2,3,90
2,3,9,1,2474.651,0 3,East,2,3,90
2,3,9,2,2475.45,0 4,East,2,3,90
2,3,9,3,2476.156,0 4,South,2,3,90
2,3,9,2,2476.859,1 4,South,2,3,90
2,3,9,3,2477.755,1 4,West,2,3,90
2,3,9,2,2478.36,1 3,West,2,3,90
2,3,9,2,2479.05,1 3,West,2,3,91
2,3,9,1,2479.741,1 3,South,2,3,91
2,3,9,2,2480.315,2 3,South,2,3,91
2,3,9,3,2480.94,2 3,West,2,3,91
2,3,9,2,2481.674,2 2,West,2,3,91
2,3,9,2,2482.522,2 2,West,2,3,92
2,3,9,3,2483.676,2 2,North,2,3,92
2,3,9,2,2484.587,1 2,North,2,3,92
2,3,9,2,2485.478,0 2,North,2,3,92
2,3,9,1,2486.11,0 2,West,2,3,92
2,3,9,2,2486.806,0 1,West,2,3,92
2,3,9,2,2487.499,0 0,West,2,3,92
2,3,9,6,2487.9,0 0,West,2,4,92
2,3,9,1,2488.296,0 0,South,2,4,92
2,3,9,1,2489.015,0 0,East,2,4,92
2,3,9,2,2489.769,0 1,East,2,4,92
2,3,9,2,2490.349,0 2,East,2,4,92
2,3,9,3,2490.871,0 2,South,2,4,92
2,3,9,2,2491.593,1 2,South,2,4,92
2,3,9,2,2493.561,2 2,South,2,4,92
2,3,9,1,2494.215,2 2,East,2,4,92
2,3,9,2,2494.936,2 3,East,2,4,92
2,3,9,2,2495.708,2 3,East,2,4,93
2,3,9,3,2496.301,2 3,South,2,4,93
2,3,9,2,2496.948,2 3,South,2,4,94
2,3,9,1,2497.477,2 3,East,2,4,94
2,3,9,1,2498.009,2 3,North,2,4,94
2,3,9,2,2498.693,1 3,North,2,4,94
2,3,9,3,2499.29,1 3,East,2,4,94
2,3,9,2,2499.958,1 4,East,2,4,94
2,3,9,3,2500.551,1 4,South,2,4,94
2,3,9,2,2501.21,2 4,South,2,4,94
2,3,9,6,2501.58,2 4,South,2,5,94
2,3,9,3,2502.106,2 4,West,2,5,94
2,3,9,3,2502.758,2 4,North,2,5,94
2,3,9,1,2503.414,2 4,West,2,5,94
2,3,9,3,2505.604,2 4,North,2,5,94
2,3,9,2,2506.406,1 4,North,2,5,94
2,3,9,2,2506.939,0 4,North,2,5,94
2,3,9,1,2507.513,0 4,West,2,5,94
2,3,9,2,2508.101,0 3,West,2,5,94
2,3,9,2,2508.631,0 3,West,2,5,95
2,3,9,1,2509.258,0 3,South,2,5,95
2,3,9,2,2509.884,0 3,South,2,5,96
2,3,9,1,2510.763,0 3,East,2,5,96
2,3,9,2,2511.322,0 4,East,2,5,96
2,3,9,3,2511.898,0 4,South,2,5,96
2,3,9,2,2512.487,1 4,South,2,5,96
2,3,9,2,2513.468,2 4,South,2,5,96
2,3,9,2,2514.058,3 4,South,2,5,96
2,3,9,2,2514.937,4 4,South,2,5,96
2,3,9,3,2515.609,4 4,West,2,5,96
2,3,9,2,2516.325,4 3,West,2,5,96
2,3,9,2,2517.012,4 2,West,2,5,96
2,3,9,2,2517.719,4 2,West,2,5,97
2,3,9,3,2518.236,4 2,North,2,5,97
2,3,9,2,2518.919,3 2,North,2,5,97
2,3,9,1,2519.517,3 2,West,2,5,97
2,3,9,2,2520.287,3 1,West,2,5,97
2,3,9,6,2520.7,3 1,West,2,6,97
2,3,9,3,2521.162,3 1,North,2,6,97
2,3,9,3,2521.784,3 1,East,2,6,97
2,3,9,3,2522.376,3 1,South,2,6,97
2,3,9,2,2523.625,3 1,South,2,6,98
2,3,9,3,2524.187,3 1,West,2,6,98
2,3,9,2,2524.828,3 1,West,2,6,99
2,3,9,3,2525.353,3 1,North,2,6,99
2,3,9,2,2526.07,2 1,North,2,6,99
2,3,9,2,2526.715,1 1,North,2,6,99
2,3,9,3,2527.767,1 1,East,2,6,99
2,3,9,2,2528.444,1 1,East,2,6,100
2,3,9,1,2529.05,1 1,North,2,6,100
2,3,9,2,2529.687,1 1,North,2,6,101
2,3,9,3,2530.263,1 1,East,2,6,101
2,3,9,3,2530.87,1 1,South,2,6,101
2,3,9,2,2531.464,2 1,South,2,6,101
2,3,9,2,2532.203,3 1,South,2,6,101
2,3,9,2,2533.019,3 1,South,2,6,102
2,3,9,1,2533.475,3 1,East,2,6,102
2,3,9,2,2534.105,3 2,East,2,6,102
2,3,9,2,2534.837,3 3,East,2,6,102
2,3,9,3,2535.396,3 3,South,2,6,102
2,3,9,2,2536.057,3 3,South,2,6,103
2,3,9,1,2536.662,3 3,East,2,6,103
2,3,9,2,2537.293,3 3,East,2,6,104
2,3,9,3,2537.964,3 3,South,2,6,104
2,3,9,3,2538.987,3 3,West,2,6,104
2,3,9,2,2539.683,3 2,West,2,6,104
2,3,9,1,2540.301,3 2,South,2,6,104
2,3,9,2,2540.999,4 2,South,2,6,104
2,3,9,1,2541.563,4 2,East,2,6,104
2,3,9,2,2542.331,4 3,East,2,6,104
2,3,9,6,2542.74,4 3,East,2,7,104
2,3,9,1,2543.252,4 3,North,2,7,104
2,3,9,1,2543.941,4 3,West,2,7,104
2,3,9,2,2544.558,4 2,West,2,7,104
2,3,9,2,2545.127,4 2,West,2,7,105
2,3,9,3,2545.643,4 2,North,2,7,105
2,3,9,2,2546.294,3 2,North,2,7,105
2,3,9,2,2547.014,3 2,North,2,7,106
2,3,9,3,2547.5,3 2,East,2,7,106
2,3,9,2,2548.173,3 3,East,2,7,106
2,3,9,2,2548.841,3 3,East,2,7,107
2,3,9,3,2549.307,3 3,South,2,7,107
2,3,9,2,2549.958,3 3,South,2,7,108
2,3,9,3,2550.55,3 3,West,2,7,108
2,3,9,2,2551.158,3 2,West,2,7,108
2,3,9,1,2551.979,3 2,South,2,7,108
2,3,9,2,2552.637,4 2,South,2,7,108
2,3,9,3,2553.578,4 2,West,2,7,108
2,3,9,2,2554.267,4 2,West,2,7,109
2,3,9,1,2554.872,4 2,South,2,7,109
2,3,9,2,2555.597,4 2,South,2,7,109
2,3,9,1,2556.102,4 2,East,2,7,109
2,3,9,2,2556.732,4 3,East,2,7,109
2,3,9,2,2557.351,4 4,East,2,7,109
2,3,9,1,2558.026,4 4,North,2,7,109
2,3,9,2,2558.599,3 4,North,2,7,109
2,3,9,2,2559.267,2 4,North,2,7,109
2,3,9,2,2559.998,1 4,North,2,7,109
2,3,9,1,2561.252,1 4,West,2,7,109
2,3,9,2,2562.075,1 3,West,2,7,109
2,3,9,2,2562.766,1 3,West,2,7,110
2,3,9,3,2563.284,1 3,North,2,7,110
2,3,9,2,2564.057,1 3,North,2,7,111
2,3,9,3,2564.551,1 3,East,2,7,111
2,3,9,2,2565.212,1 4,East,2,7,111
2,3,9,1,2565.766,1 4,North,2,7,111
2,3,9,2,2566.534,0 4,North,2,7,111
2,3,9,1,2567.158,0 4,West,2,7,111
2,3,9,2,2568.154,0 3,West,2,7,111
2,3,9,1,2568.823,0 3,South,2,7,111
2,3,9,2,2569.477,0 3,South,2,7,112
2,3,9,3,2569.86,0 3,West,2,7,112
2,3,9,2,2570.629,0 3,West,2,7,113
2,3,9,3,2571.142,0 3,North,2,7,113
2,3,9,2,2571.798,0 3,North,2,7,113
2,3,9,3,2572.073,0 3,East,2,7,113
2,3,9,2,2572.761,0 4,East,2,7,113
2,3,9,3,2573.417,0 4,South,2,7,113
2,3,9,2,2574.138,1 4,South,2,7,113
2,3,9,3,2574.887,1 4,West,2,7,113
2,3,9,1,2575.909,1 4,South,2,7,113
2,3,9,2,2576.567,2 4,South,2,7,113
2,3,9,2,2577.192,3 4,South,2,7,113
2,3,9,2,2577.795,4 4,South,2,7,113
2,3,9,3,2578.409,4 4,West,2,7,113
2,3,9,2,2578.979,4 3,West,2,7,113
2,3,9,2,2579.577,4 2,West,2,7,113
2,3,9,2,2580.296,4 2,West,2,7,114
2,3,9,3,2580.763,4 2,North,2,7,114
2,3,9,2,2581.35,3 2,North,2,7,114
2,3,9,2,2582.205,3 2,North,2,7,115
2,3,9,1,2582.73,3 2,West,2,7,115
2,3,9,2,2583.398,3 1,West,2,7,115
2,3,9,3,2584.056,3 1,North,2,7,115
2,3,9,2,2584.791,2 1,North,2,7,115
2,3,9,2,2585.493,1 1,North,2,7,115
2,3,9,6,2585.88,1 1,North,2,8,115
1,4,10,1,2589.524,4 3,North,2,0,115
1,4,10,1,2590.41,4 2,North,2,0,115
1,4,10,6,2590.82,4 2,North,2,1,115
1,4,10,2,2591.257,3 2,North,2,1,115
1,4,10,1,2591.88,3 1,North,2,1,115
1,4,10,2,2592.49,2 1,North,2,1,115
1,4,10,6,2592.88,2 1,North,2,2,115
1,4,10,2,2593.384,1 1,North,2,2,115
1,4,10,1,2594.457,1 0,North,2,2,115
1,4,10,4,2595.049,2 0,North,2,2,115
1,4,10,4,2595.994,3 0,North,2,2,115
1,4,10,4,2597.466,4 0,North,2,2,115
1,4,10,6,2597.82,4 0,North,2,3,115
1,4,10,2,2598.644,3 0,North,2,3,115
1,4,10,2,2599.399,2 0,North,2,3,115
1,4,10,2,2600.313,1 0,North,2,3,115
1,4,10,3,2600.867,1 1,North,2,3,115
1,4,10,3,2601.433,1 1,North,2,3,115
1,4,10,4,2601.642,2 1,North,2,3,115
1,4,10,4,2602.396,3 1,North,2,3,115
1,4,10,3,2603.084,3 2,North,2,3,115
1,4,10,4,2605.348,4 2,North,2,3,115
1,4,10,3,2606.142,4 3,North,2,3,115
1,4,10,3,2607.335,4 4,North,2,3,115
1,4,10,2,2608.633,3 4,North,2,3,115
1,4,10,2,2609.431,2 4,North,2,3,115
1,4,10,2,2610.345,1 4,North,2,3,115
1,4,10,1,2611.114,1 3,North,2,3,115
1,4,10,4,2611.836,2 3,North,2,3,115
1,4,10,1,2612.599,2 2,North,2,3,115
1,4,10,6,2613,2 2,North,2,4,115
1,4,10,3,2614.646,2 3,North,2,4,115
1,4,10,2,2615.323,1 3,North,2,4,115
1,4,10,3,2615.96,1 4,North,2,4,115
1,4,10,4,2616.646,2 4,North,2,4,115
1,4,10,4,2617.304,3 4,North,2,4,115
1,4,10,4,2618.357,4 4,North,2,4,115
1,4,10,1,2618.967,4 3,North,2,4,115
1,4,10,1,2619.947,4 2,North,2,4,115
1,4,10,2,2620.84,3 2,North,2,4,115
1,4,10,1,2621.413,3 1,North,2,4,115
1,4,10,2,2622.034,2 1,North,2,4,115
1,4,10,2,2622.759,1 1,North,2,4,115
1,4,10,1,2623.781,1 0,North,2,4,115
1,4,10,6,2624.18,1 0,North,2,5,115
1,4,10,3,2624.424,1 1,North,2,5,115
1,4,10,4,2625.164,2 1,North,2,5,115
1,4,10,4,2626.106,3 1,North,2,5,115
1,4,10,3,2626.693,3 2,North,2,5,115
1,4,10,4,2627.355,4 2,North,2,5,115
1,4,10,3,2627.976,4 3,North,2,5,115
1,4,10,6,2628.38,4 3,North,2,6,115
1,4,10,1,2628.779,4 2,North,2,6,115
1,4,10,2,2629.37,3 2,North,2,6,115
1,4,10,1,2629.988,3 1,North,2,6,115
1,4,10,2,2630.597,2 1,North,2,6,115
1,4,10,2,2631.272,1 1,North,2,6,115
1,4,10,6,2631.66,1 1,North,2,7,115
1,4,10,4,2631.94,2 1,North,2,7,115
1,4,10,2,2632.52,1 1,North,2,7,115
1,4,10,1,2633.062,1 0,North,2,7,115
1,4,10,4,2633.625,2 0,North,2,7,115
1,4,10,4,2634.697,3 0,North,2,7,115
1,4,10,4,2635.591,4 0,North,2,7,115
1,4,10,3,2636.129,4 1,North,2,7,115
1,4,10,6,2636.54,4 1,North,2,8,115
2,4,10,2,2640.428,3 4,North,2,0,0
2,4,10,2,2641.178,2 4,North,2,0,0
2,4,10,2,2642.073,1 4,North,2,0,0
2,4,10,1,2642.684,1 4,West,2,0,0
2,4,10,2,2643.683,1 3,West,2,0,0
2,4,10,2,2644.377,1 3,West,2,0,1
2,4,10,1,2644.877,1 3,South,2,0,1
2,4,10,2,2645.561,2 3,South,2,0,1
2,4,10,3,2646.15,2 3,West,2,0,1
2,4,10,2,2646.804,2 2,West,2,0,1
2,4,10,6,2647.22,2 2,West,2,1,1
2,4,10,1,2648.759,2 2,South,2,1,1
2,4,10,2,2649.656,2 2,South,2,1,2
2,4,10,3,2650.247,2 2,West,2,1,2
2,4,10,2,2650.971,2 2,West,2,1,3
2,4,10,3,2651.414,2 2,North,2,1,3
2,4,10,2,2652.042,1 2,North,2,1,3
2,4,10,1,2652.631,1 2,West,2,1,3
2,4,10,2,2653.318,1 2,West,2,1,4
2,4,10,3,2653.847,1 2,North,2,1,4
2,4,10,2,2654.489,0 2,North,2,1,4
2,4,10,1,2655.465,0 2,West,2,1,4
2,4,10,2,2656.162,0 1,West,2,1,4
2,4,10,2,2656.908,0 0,West,2,1,4
2,4,10,1,2657.513,0 0,South,2,1,4
2,4,10,2,2658.265,0 0,South,2,1,5
2,4,10,1,2658.811,0 0,East,2,1,5
2,4,10,2,2659.482,0 1,East,2,1,5
2,4,10,2,2660.092,0 2,East,2,1,5
2,4,10,2,2660.854,0 2,East,2,1,6
2,4,10,3,2661.564,0 2,South,2,1,6
2,4,10,2,2662.216,1 2,South,2,1,6
2,4,10,2,2662.935,2 2,South,2,1,6
2,4,10,1,2663.606,2 2,East,2,1,6
2,4,10,2,2664.264,2 3,East,2,1,6
2,4,10,2,2665,2 3,East,2,1,7
2,4,10,3,2665.477,2 3,South,2,1,7
2,4,10,2,2666.125,2 3,South,2,1,8
2,4,10,3,2666.853,2 3,West,2,1,8
2,4,10,2,2667.499,2 2,West,2,1,8
2,4,10,2,2668.404,2 2,West,2,1,9
2,4,10,1,2668.956,2 2,South,2,1,9
2,4,10,2,2669.564,2 2,South,2,1,10
2,4,10,1,2670.202,2 2,East,2,1,10
2,4,10,3,2671.125,2 2,South,2,1,10
2,4,10,3,2671.832,2 2,West,2,1,10
2,4,10,2,2672.558,2 2,West,2,1,11
2,4,10,1,2672.982,2 2,South,2,1,11
2,4,10,2,2673.627,2 2,South,2,1,12
2,4,10,1,2673.992,2 2,East,2,1,12
2,4,10,2,2674.628,2 3,East,2,1,12
2,4,10,2,2675.258,2 3,East,2,1,13
2,4,10,3,2675.723,2 3,South,2,1,13
2,4,10,2,2676.469,2 3,South,2,1,14
2,4,10,1,2677.029,2 3,East,2,1,14
2,4,10,1,2677.594,2 3,North,2,1,14
2,4,10,2,2678.312,1 3,North,2,1,14
2,4,10,3,2678.989,1 3,East,2,1,14
2,4,10,2,2679.756,1 4,East,2,1,14
2,4,10,3,2680.28,1 4,South,2,1,14
2,4,10,2,2680.92,2 4,South,2,1,14
2,4,10,2,2681.56,3 4,South,2,1,14
2,4,10,2,2682.165,4 4,South,2,1,14
2,4,10,3,2682.822,4 4,West,2,1,14
2,4,10,2,2683.532,4 3,West,2,1,14
2,4,10,2,2684.124,4 2,West,2,1,14
2,4,10,2,2684.824,4 2,West,2,1,15
2,4,10,3,2685.342,4 2,North,2,1,15
2,4,10,2,2685.959,3 2,North,2,1,15
2,4,10,1,2686.82,3 2,West,2,1,15
2,4,10,2,2687.524,3 1,West,2,1,15
2,4,10,3,2688.138,3 1,North,2,1,15
2,4,10,2,2688.826,2 1,North,2,1,15
2,4,10,1,2689.373,2 1,West,2,1,15
2,4,10,2,2690.041,2 1,West,2,1,16
2,4,10,3,2690.506,2 1,North,2,1,16
2,4,10,2,2691.157,1 1,North,2,1,16
2,4,10,1,2691.707,1 1,West,2,1,16
2,4,10,2,2692.349,1 0,West,2,1,16
2,4,10,6,2692.76,1 0,West,2,2,16
2,4,10,1,2693.171,1 0,South,2,2,16
2,4,10,1,2693.77,1 0,East,2,2,16
2,4,10,2,2694.681,1 1,East,2,2,16
2,4,10,3,2695.285,1 1,South,2,2,16
2,4,10,2,2695.966,2 1,South,2,2,16
2,4,10,6,2696.34,2 1,South,2,3,16
2,4,10,1,2696.709,2 1,East,2,3,16
2,4,10,2,2697.385,2 1,East,2,3,17
2,4,10,3,2697.862,2 1,South,2,3,17
2,4,10,2,2698.487,3 1,South,2,3,17
2,4,10,2,2699.32,3 1,South,2,3,18
2,4,10,1,2699.8,3 1,East,2,3,18
2,4,10,2,2700.507,3 2,East,2,3,18
2,4,10,3,2701.562,3 2,South,2,3,18
2,4,10,2,2702.262,4 2,South,2,3,18
2,4,10,1,2702.86,4 2,East,2,3,18
2,4,10,2,2703.559,4 3,East,2,3,18
2,4,10,6,2703.96,4 3,East,2,4,18
2,4,10,1,2704.34,4 3,North,2,4,18
2,4,10,3,2706.086,4 3,East,2,4,18
2,4,10,2,2706.918,4 4,East,2,4,18
2,4,10,1,2707.545,4 4,North,2,4,18
2,4,10,2,2708.105,3 4,North,2,4,18
2,4,10,2,2709.032,2 4,North,2,4,18
2,4,10,2,2709.723,1 4,North,2,4,18
2,4,10,1,2710.376,1 4,West,2,4,18
2,4,10,2,2711.006,1 3,West,2,4,18
2,4,10,3,2711.708,1 3,North,2,4,18
2,4,10,2,2712.379,1 3,North,2,4,19
2,4,10,1,2712.846,1 3,West,2,4,19
2,4,10,2,2713.485,1 3,West,2,4,20
2,4,10,1,2714.183,1 3,South,2,4,20
2,4,10,2,2714.825,2 3,South,2,4,20
2,4,10,3,2715.353,2 3,West,2,4,20
2,4,10,2,2716.038,2 2,West,2,4,20
2,4,10,3,2716.566,2 2,North,2,4,20
2,4,10,2,2717.135,1 2,North,2,4,20
2,4,10,2,2717.9,0 2,North,2,4,20
2,4,10,6,2718.28,0 2,North,2,5,20
2,4,10,1,2718.724,0 2,West,2,5,20
2,4,10,1,2719.338,0 2,South,2,5,20
2,4,10,3,2720.428,0 2,West,2,5,20
2,4,10,1,2721.294,0 2,South,2,5,20
2,4,10,1,2721.899,0 2,East,2,5,20
2,4,10,2,2722.477,0 2,East,2,5,21
2,4,10,3,2723.134,0 2,South,2,5,21
2,4,10,2,2723.784,1 2,South,2,5,21
2,4,10,1,2724.373,1 2,East,2,5,21
2,4,10,2,2725.046,1 2,East,2,5,22
2,4,10,3,2725.48,1 2,South,2,5,22
2,4,10,2,2726.125,2 2,South,2,5,22
2,4,10,2,2726.827,2 2,South,2,5,23
2,4,10,1,2727.287,2 2,East,2,5,23
2,4,10,2,2727.878,2 3,East,2,5,23
2,4,10,2,2728.603,2 3,East,2,5,24
2,4,10,3,2729.037,2 3,South,2,5,24
2,4,10,2,2729.688,2 3,South,2,5,25
2,4,10,1,2730.278,2 3,East,2,5,25
2,4,10,1,2731.242,2 3,North,2,5,25
2,4,10,2,2731.961,1 3,North,2,5,25
2,4,10,3,2732.6,1 3,East,2,5,25
2,4,10,2,2733.309,1 4,East,2,5,25
2,4,10,3,2733.846,1 4,South,2,5,25
2,4,10,2,2734.457,2 4,South,2,5,25
2,4,10,2,2735.051,3 4,South,2,5,25
2,4,10,2,2735.594,4 4,South,2,5,25
2,4,10,3,2736.121,4 4,West,2,5,25
2,4,10,2,2736.745,4 3,West,2,5,25
2,4,10,2,2737.286,4 2,West,2,5,25
2,4,10,2,2738.042,4 2,West,2,5,26
2,4,10,3,2738.635,4 2,North,2,5,26
2,4,10,2,2739.212,3 2,North,2,5,26
2,4,10,1,2739.881,3 2,West,2,5,26
2,4,10,2,2740.523,3 1,West,2,5,26
2,4,10,1,2741.033,3 1,South,2,5,26
2,4,10,2,2741.78,3 1,South,2,5,27
2,4,10,3,2742.263,3 1,West,2,5,27
2,4,10,2,2742.967,3 1,West,2,5,28
2,4,10,3,2743.401,3 1,North,2,5,28
2,4,10,2,2744.028,2 1,North,2,5,28
2,4,10,1,2744.728,2 1,West,2,5,28
2,4,10,2,2745.386,2 1,West,2,5,29
2,4,10,3,2745.814,2 1,North,2,5,29
2,4,10,2,2746.646,1 1,North,2,5,29
2,4,10,1,2747.274,1 1,West,2,5,29
2,4,10,2,2747.892,1 0,West,2,5,29
2,4,10,1,2748.762,1 0,South,2,5,29
2,4,10,2,2749.381,2 0,South,2,5,29
2,4,10,2,2750.039,3 0,South,2,5,29
2,4,10,2,2750.651,4 0,South,2,5,29
2,4,10,1,2751.223,4 0,East,2,5,29
2,4,10,2,2751.863,4 1,East,2,5,29
2,4,10,6,2752.28,4 1,East,2,6,29
2,4,10,1,2752.713,4 1,North,2,6,29
2,4,10,1,2753.349,4 1,West,2,6,29
2,4,10,2,2753.939,4 0,West,2,6,29
2,4,10,3,2754.573,4 0,North,2,6,29
2,4,10,2,2755.324,3 0,North,2,6,29
2,4,10,6,2755.7,3 0,North,2,7,29
2,4,10,2,2756.399,2 0,North,2,7,29
2,4,10,2,2757.146,1 0,North,2,7,29
2,4,10,2,2758.044,1 0,North,2,7,30
2,4,10,3,2758.569,1 0,East,2,7,30
2,4,10,2,2759.16,1 1,East,2,7,30
2,4,10,1,2759.765,1 1,North,2,7,30
2,4,10,2,2760.564,1 1,North,2,7,31
2,4,10,3,2761.028,1 1,East,2,7,31
2,4,10,1,2761.822,1 1,North,2,7,31
2,4,10,1,2762.795,1 1,West,2,7,31
2,4,10,2,2763.512,1 0,West,2,7,31
2,4,10,3,2764.075,1 0,North,2,7,31
2,4,10,2,2764.824,1 0,North,2,7,32
2,4,10,3,2765.252,1 0,East,2,7,32
2,4,10,2,2765.814,1 1,East,2,7,32
2,4,10,2,2766.437,1 1,East,2,7,33
2,4,10,3,2767.048,1 1,South,2,7,33
2,4,10,2,2767.718,2 1,South,2,7,33
2,4,10,1,2768.293,2 1,East,2,7,33
2,4,10,2,2769.015,2 1,East,2,7,34
2,4,10,3,2769.416,2 1,South,2,7,34
2,4,10,2,2770.022,3 1,South,2,7,34
2,4,10,2,2770.778,3 1,South,2,7,35
2,4,10,3,2771.244,3 1,West,2,7,35
2,4,10,1,2771.972,3 1,South,2,7,35
2,4,10,1,2772.491,3 1,East,2,7,35
2,4,10,2,2773.051,3 2,East,2,7,35
2,4,10,2,2773.882,3 3,East,2,7,35
2,4,10,2,2774.682,3 3,East,2,7,36
2,4,10,3,2775.175,3 3,South,2,7,36
2,4,10,2,2775.845,3 3,South,2,7,37
2,4,10,1,2776.332,3 3,East,2,7,37
2,4,10,1,2776.984,3 3,North,2,7,37
2,4,10,2,2777.688,3 3,North,2,7,38
2,4,10,1,2778.187,3 3,West,2,7,38
2,4,10,1,2778.746,3 3,South,2,7,38
2,4,10,1,2779.625,3 3,East,2,7,38
2,4,10,2,2780.196,3 3,East,2,7,39
2,4,10,3,2780.581,3 3,South,2,7,39
2,4,10,2,2781.252,3 3,South,2,7,40
2,4,10,3,2781.64,3 3,West,2,7,40
2,4,10,2,2782.325,3 2,West,2,7,40
2,4,10,3,2783.175,3 2,North,2,7,40
2,4,10,2,2784.012,3 2,North,2,7,41
2,4,10,1,2784.455,3 2,West,2,7,41
2,4,10,2,2785.208,3 1,West,2,7,41
2,4,10,3,2785.864,3 1,North,2,7,41
2,4,10,2,2786.599,2 1,North,2,7,41
2,4,10,2,2787.271,1 1,North,2,7,41
2,4,10,2,2787.989,1 1,North,2,7,42
2,4,10,1,2788.543,1 1,West,2,7,42
2,4,10,2,2789.173,1 0,West,2,7,42
2,4,10,3,2789.782,1 0,North,2,7,42
2,4,10,2,2790.49,1 0,North,2,7,43
2,4,10,2,2791.246,1 0,North,2,7,44
2,4,10,3,2791.722,1 0,East,2,7,44
2,4,10,2,2792.284,1 1,East,2,7,44
2,4,10,2,2792.997,1 1,East,2,7,45
2,4,10,3,2793.485,1 1,South,2,7,45
2,4,10,2,2794.122,2 1,South,2,7,45
2,4,10,1,2794.935,2 1,East,2,7,45
2,4,10,2,2795.598,2 1,East,2,7,46
2,4,10,3,2796.152,2 1,South,2,7,46
2,4,10,2,2796.782,3 1,South,2,7,46
2,4,10,2,2797.46,3 1,South,2,7,47
2,4,10,1,2797.895,3 1,East,2,7,47
2,4,10,2,2798.573,3 2,East,2,7,47
2,4,10,2,2799.414,3 3,East,2,7,47
2,4,10,2,2800.196,3 3,East,2,7,48
2,4,10,3,2800.624,3 3,South,2,7,48
2,4,10,2,2801.303,3 3,South,2,7,49
2,4,10,1,2801.748,3 3,East,2,7,49
2,4,10,1,2802.33,3 3,North,2,7,49
2,4,10,2,2802.997,3 3,North,2,7,50
2,4,10,1,2803.626,3 3,West,2,7,50
2,4,10,1,2804.248,3 3,South,2,7,50
2,4,10,2,2805.014,3 3,South,2,7,51
2,4,10,3,2805.419,3 3,West,2,7,51
2,4,10,2,2806.091,3 2,West,2,7,51
2,4,10,2,2806.942,3 1,West,2,7,51
2,4,10,2,2807.691,3 1,West,2,7,52
2,4,10,1,2808.186,3 1,South,2,7,52
2,4,10,2,2808.749,3 1,South,2,7,53
2,4,10,2,2809.245,3 1,South,2,7,54
2,4,10,1,2810.761,3 1,East,2,7,54
2,4,10,2,2811.388,3 2,East,2,7,54
2,4,10,2,2812.168,3 3,East,2,7,54
2,4,10,2,2812.919,3 3,East,2,7,55
2,4,10,1,2813.403,3 3,North,2,7,55
2,4,10,2,2814.058,3 3,North,2,7,56
2,4,10,1,2814.644,3 3,West,2,7,56
2,4,10,2,2815.221,3 2,West,2,7,56
2,4,10,2,2815.966,3 1,West,2,7,56
2,4,10,3,2816.584,3 1,North,2,7,56
2,4,10,3,2817.628,3 1,East,2,7,56
2,4,10,2,2818.172,3 2,East,2,7,56
2,4,10,1,2818.779,3 2,North,2,7,56
2,4,10,2,2819.404,3 2,North,2,7,57
2,4,10,3,2819.942,3 2,East,2,7,57
2,4,10,2,2820.598,3 3,East,2,7,57
2,4,10,1,2821.159,3 3,North,2,7,57
2,4,10,2,2821.771,3 3,North,2,7,58
2,4,10,1,2822.267,3 3,West,2,7,58
2,4,10,2,2822.804,3 2,West,2,7,58
2,4,10,2,2823.496,3 1,West,2,7,58
2,4,10,3,2824.213,3 1,North,2,7,58
2,4,10,2,2824.872,2 1,North,2,7,58
2,4,10,3,2825.563,2 1,East,2,7,58
2,4,10,2,2826.167,2 1,East,2,7,59
2,4,10,1,2826.663,2 1,North,2,7,59
2,4,10,2,2827.381,1 1,North,2,7,59
2,4,10,2,2828.153,1 1,North,2,7,60
2,4,10,3,2828.629,1 1,East,2,7,60
2,4,10,2,2829.236,1 1,East,2,7,61
2,4,10,3,2829.784,1 1,South,2,7,61
2,4,10,2,2830.81,2 1,South,2,7,61
2,4,10,3,2831.514,2 1,West,2,7,61
2,4,10,3,2832.389,2 1,North,2,7,61
2,4,10,2,2833.018,1 1,North,2,7,61
2,4,10,1,2833.725,1 1,West,2,7,61
2,4,10,2,2834.504,1 0,West,2,7,61
2,4,10,3,2835.384,1 0,North,2,7,61
2,4,10,2,2836.252,1 0,North,2,7,62
2,4,10,1,2836.812,1 0,West,2,7,62
2,4,10,1,2837.942,1 0,South,2,7,62
2,4,10,2,2838.651,2 0,South,2,7,62
2,4,10,2,2839.334,3 0,South,2,7,62
2,4,10,2,2840.087,4 0,South,2,7,62
2,4,10,1,2840.875,4 0,East,2,7,62
2,4,10,2,2841.495,4 1,East,2,7,62
2,4,10,2,2842.155,4 1,East,2,7,63
2,4,10,2,2842.826,4 1,East,2,7,64
2,4,10,1,2843.4,4 1,North,2,7,64
2,4,10,2,2843.944,4 1,North,2,7,65
2,4,10,2,2844.475,4 1,North,2,7,66
2,4,10,1,2845.005,4 1,West,2,7,66
2,4,10,2,2845.581,4 0,West,2,7,66
2,4,10,3,2846.198,4 0,North,2,7,66
2,4,10,2,2846.853,3 0,North,2,7,66
2,4,10,3,2847.878,3 0,East,2,7,66
2,4,10,2,2848.62,3 0,East,2,7,67
2,4,10,1,2849.176,3 0,North,2,7,67
2,4,10,2,2849.943,2 0,North,2,7,67
2,4,10,3,2850.781,2 0,East,2,7,67
2,4,10,2,2851.5,2 0,East,2,7,68
2,4,10,1,2852.005,2 0,North,2,7,68
2,4,10,2,2852.742,1 0,North,2,7,68
2,4,10,3,2853.444,1 0,East,2,7,68
2,4,10,2,2854.063,1 1,East,2,7,68
2,4,10,2,2854.812,1 1,East,2,7,69
2,4,10,3,2855.29,1 1,South,2,7,69
2,4,10,2,2855.931,2 1,South,2,7,69
2,4,10,1,2856.838,2 1,East,2,7,69
2,4,10,2,2857.509,2 1,East,2,7,70
2,4,10,3,2857.938,2 1,South,2,7,70
2,4,10,2,2858.572,3 1,South,2,7,70
2,4,10,2,2859.337,3 1,South,2,7,71
2,4,10,1,2859.946,3 1,East,2,7,71
2,4,10,2,2861.002,3 2,East,2,7,71
2,4,10,3,2861.897,3 2,South,2,7,71
2,4,10,2,2862.602,4 2,South,2,7,71
2,4,10,1,2863.272,4 2,East,2,7,71
2,4,10,2,2863.947,4 3,East,2,7,71
2,4,10,2,2864.679,4 4,East,2,7,71
2,4,10,1,2865.302,4 4,North,2,7,71
2,4,10,2,2865.912,3 4,North,2,7,71
2,4,10,2,2866.935,2 4,North,2,7,71
2,4,10,2,2867.722,1 4,North,2,7,71
2,4,10,2,2868.484,0 4,North,2,7,71
2,4,10,1,2869.128,0 4,West,2,7,71
2,4,10,2,2869.736,0 3,West,2,7,71
2,4,10,2,2870.323,0 3,West,2,7,72
2,4,10,1,2870.904,0 3,South,2,7,72
2,4,10,2,2871.561,0 3,South,2,7,73
2,4,10,1,2872.264,0 3,East,2,7,73
2,4,10,2,2872.853,0 4,East,2,7,73
2,4,10,3,2873.467,0 4,South,2,7,73
2,4,10,2,2874.134,1 4,South,2,7,73
2,4,10,3,2874.84,1 4,West,2,7,73
2,4,10,2,2875.531,1 3,West,2,7,73
2,4,10,2,2876.457,1 3,West,2,7,74
2,4,10,3,2876.969,1 3,North,2,7,74
2,4,10,2,2877.577,1 3,North,2,7,75
2,4,10,1,2878.109,1 3,West,2,7,75
2,4,10,1,2878.766,1 3,South,2,7,75
2,4,10,2,2879.434,2 3,South,2,7,75
2,4,10,3,2880.069,2 3,West,2,7,75
2,4,10,2,2880.757,2 2,West,2,7,75
2,4,10,3,2881.427,2 2,North,2,7,75
2,4,10,2,2882.108,1 2,North,2,7,75
2,4,10,1,2882.747,1 2,West,2,7,75
2,4,10,2,2883.432,1 2,West,2,7,76
2,4,10,3,2883.95,1 2,North,2,7,76
2,4,10,2,2884.622,0 2,North,2,7,76
2,4,10,1,2885.236,0 2,West,2,7,76
2,4,10,2,2885.928,0 1,West,2,7,76
2,4,10,6,2886.34,0 1,West,2,8,76
1,4,11,1,2890.248,4 3,North,2,0,76
1,4,11,1,2891.294,4 2,North,2,0,76
1,4,11,2,2891.85,3 2,North,2,0,76
1,4,11,1,2892.404,3 1,North,2,0,76
1,4,11,2,2893.015,2 1,North,2,0,76
1,4,11,2,2893.768,1 1,North,2,0,76
1,4,11,1,2894.28,1 0,North,2,0,76
1,4,11,4,2894.906,2 0,North,2,0,76
1,4,11,4,2895.669,3 0,North,2,0,76
1,4,11,6,2896.02,3 0,North,2,1,76
1,4,11,2,2896.326,2 0,North,2,1,76
1,4,11,2,2897.044,1 0,North,2,1,76
1,4,11,3,2897.655,1 1,North,2,1,76
1,4,11,4,2898.331,2 1,North,2,1,76
1,4,11,4,2898.979,3 1,North,2,1,76
1,4,11,3,2900.073,3 2,North,2,1,76
1,4,11,4,2900.694,4 2,North,2,1,76
1,4,11,3,2901.322,4 3,North,2,1,76
1,4,11,3,2902.069,4 4,North,2,1,76
1,4,11,2,2902.744,3 4,North,2,1,76
1,4,11,2,2903.347,2 4,North,2,1,76
1,4,11,6,2903.74,2 4,North,2,2,76
1,4,11,2,2904.233,1 4,North,2,2,76
1,4,11,1,2905.328,1 3,North,2,2,76
1,4,11,4,2905.996,2 3,North,2,2,76
1,4,11,1,2906.569,2 2,North,2,2,76
1,4,11,2,2907.163,1 2,North,2,2,76
1,4,11,6,2907.54,1 2,North,2,3,76
1,4,11,4,2908.024,2 2,North,2,3,76
1,4,11,3,2908.99,2 3,North,2,3,76
1,4,11,2,2909.749,1 3,North,2,3,76
1,4,11,3,2910.884,1 4,North,2,3,76
1,4,11,4,2913.815,2 4,North,2,3,76
1,4,11,4,2914.406,3 4,North,2,3,76
1,4,11,4,2914.964,4 4,North,2,3,76
1,4,11,1,2915.704,4 3,North,2,3,76
1,4,11,1,2916.647,4 2,North,2,3,76
1,4,11,2,2917.286,3 2,North,2,3,76
1,4,11,1,2917.911,3 1,North,2,3,76
1,4,11,2,2918.539,2 1,North,2,3,76
1,4,11,2,2919.172,1 1,North,2,3,76
1,4,11,1,2919.717,1 0,North,2,3,76
1,4,11,4,2920.316,2 0,North,2,3,76
1,4,11,6,2920.68,2 0,North,2,4,76
1,4,11,2,2921.126,1 0,North,2,4,76
1,4,11,3,2921.784,1 1,North,2,4,76
1,4,11,4,2922.412,2 1,North,2,4,76
1,4,11,4,2923.449,3 1,North,2,4,76
1,4,11,3,2924.044,3 2,North,2,4,76
1,4,11,4,2924.653,4 2,North,2,4,76
1,4,11,3,2925.347,4 3,North,2,4,76
1,4,11,3,2926.168,4 4,North,2,4,76
1,4,11,2,2926.883,3 4,North,2,4,76
1,4,11,2,2927.958,2 4,North,2,4,76
1,4,11,2,2928.887,1 4,North,2,4,76
1,4,11,6,2929.26,1 4,North,2,5,76
1,4,11,1,2929.754,1 3,North,2,5,76
1,4,11,4,2930.398,2 3,North,2,5,76
1,4,11,6,2930.76,2 3,North,2,6,76
1,4,11,1,2931.148,2 2,North,2,6,76
1,4,11,2,2931.748,1 2,North,2,6,76
1,4,11,2,2932.427,0 2,North,2,6,76
1,4,11,1,2932.983,0 1,North,2,6,76
1,4,11,1,2933.687,0 0,North,2,6,76
1,4,11,6,2934.1,0 0,North,2,7,76
1,4,11,3,2934.458,0 1,North,2,7,76
1,4,11,3,2935.325,0 2,North,2,7,76
1,4,11,4,2935.947,1 2,North,2,7,76
1,4,11,4,2936.794,2 2,North,2,7,76
1,4,11,3,2937.395,2 3,North,2,7,76
1,4,11,2,2937.994,1 3,North,2,7,76
1,4,11,3,2938.757,1 4,North,2,7,76
1,4,11,4,2939.434,2 4,North,2,7,76
1,4,11,4,2940.374,3 4,North,2,7,76
1,4,11,6,2940.74,3 4,North,2,8,76
2,4,11,2,2949.798,3 4,North,2,0,0
2,4,11,2,2950.379,2 4,North,2,0,0
2,4,11,2,2951.082,1 4,North,2,0,0
2,4,11,2,2951.974,0 4,North,2,0,0
2,4,11,1,2952.57,0 4,West,2,0,0
2,4,11,2,2953.257,0 3,West,2,0,0
2,4,11,2,2953.899,0 3,West,2,0,1
2,4,11,1,2954.414,0 3,South,2,0,1
2,4,11,2,2955.098,0 3,South,2,0,2
2,4,11,1,2955.688,0 3,East,2,0,2
2,4,11,2,2956.327,0 4,East,2,0,2
2,4,11,3,2957.003,0 4,South,2,0,2
2,4,11,2,2957.676,1 4,South,2,0,2
2,4,11,3,2958.524,1 4,West,2,0,2
2,4,11,2,2959.27,1 3,West,2,0,2
2,4,11,2,2959.911,1 3,West,2,0,3
2,4,11,1,2960.49,1 3,South,2,0,3
2,4,11,2,2961.111,2 3,South,2,0,3
2,4,11,3,2961.659,2 3,West,2,0,3
2,4,11,2,2962.33,2 2,West,2,0,3
2,4,11,3,2962.924,2 2,North,2,0,3
2,4,11,2,2963.577,1 2,North,2,0,3
2,4,11,6,2963.96,1 2,North,2,1,3
2,4,11,1,2964.393,1 2,West,2,1,3
2,4,11,2,2966.915,1 2,West,2,1,4
2,4,11,1,2967.467,1 2,South,2,1,4
2,4,11,2,2968.42,2 2,South,2,1,4
2,4,11,2,2969.053,2 2,South,2,1,5
2,4,11,1,2969.61,2 2,East,2,1,5
2,4,11,2,2970.171,2 3,East,2,1,5
2,4,11,2,2971.035,2 3,East,2,1,6
2,4,11,3,2971.461,2 3,South,2,1,6
2,4,11,2,2972.189,2 3,South,2,1,7
2,4,11,1,2972.731,2 3,East,2,1,7
2,4,11,1,2973.413,2 3,North,2,1,7
2,4,11,2,2974.118,1 3,North,2,1,7
2,4,11,2,2974.872,1 3,North,2,1,8
2,4,11,3,2975.324,1 3,East,2,1,8
2,4,11,2,2975.943,1 4,East,2,1,8
2,4,11,3,2976.872,1 4,South,2,1,8
2,4,11,2,2977.54,2 4,South,2,1,8
2,4,11,2,2978.171,3 4,South,2,1,8
2,4,11,2,2978.872,4 4,South,2,1,8
2,4,11,3,2979.416,4 4,West,2,1,8
2,4,11,2,2980.124,4 3,West,2,1,8
2,4,11,2,2980.713,4 2,West,2,1,8
2,4,11,2,2981.541,4 2,West,2,1,9
2,4,11,3,2981.997,4 2,North,2,1,9
2,4,11,2,2982.555,3 2,North,2,1,9
2,4,11,1,2983.341,3 2,West,2,1,9
2,4,11,2,2983.974,3 1,West,2,1,9
2,4,11,3,2984.65,3 1,North,2,1,9
2,4,11,2,2985.354,2 1,North,2,1,9
2,4,11,1,2985.998,2 1,West,2,1,9
2,4,11,2,2986.696,2 1,West,2,1,10
2,4,11,3,2987.161,2 1,North,2,1,10
2,4,11,2,2987.885,1 1,North,2,1,10
2,4,11,1,2988.52,1 1,West,2,1,10
2,4,11,2,2989.18,1 0,West,2,1,10
2,4,11,3,2989.774,1 0,North,2,1,10
2,4,11,2,2990.471,1 0,North,2,1,11
2,4,11,3,2991.004,1 0,East,2,1,11
2,4,11,2,2991.845,1 1,East,2,1,11
2,4,11,1,2992.427,1 1,North,2,1,11
2,4,11,2,2993.077,1 1,North,2,1,12
2,4,11,3,2993.658,1 1,East,2,1,12
2,4,11,2,2994.504,1 1,East,2,1,13
2,4,11,3,2995.188,1 1,South,2,1,13
2,4,11,2,2996.121,2 1,South,2,1,13
2,4,11,2,2998.922,3 1,South,2,1,13
2,4,11,2,3000.038,3 1,South,2,1,14
2,4,11,1,3000.668,3 1,East,2,1,14
2,4,11,2,3001.42,3 2,East,2,1,14
2,4,11,2,3002.165,3 3,East,2,1,14
2,4,11,2,3003.336,3 3,East,2,1,15
2,4,11,1,3003.799,3 3,North,2,1,15
2,4,11,2,3004.507,3 3,North,2,1,16
2,4,11,1,3005.417,3 3,West,2,1,16
2,4,11,3,3006.538,3 3,North,2,1,16
2,4,11,3,3007.24,3 3,East,2,1,16
2,4,11,2,3007.892,3 3,East,2,1,17
2,4,11,3,3008.506,3 3,South,2,1,17
2,4,11,2,3009.176,3 3,South,2,1,18
2,4,11,3,3009.75,3 3,West,2,1,18
2,4,11,2,3010.436,3 2,West,2,1,18
2,4,11,2,3011.686,3 1,West,2,1,18
2,4,11,2,3012.583,3 1,West,2,1,19
2,4,11,1,3013.196,3 1,South,2,1,19
2,4,11,2,3013.818,3 1,South,2,1,20
2,4,11,1,3014.345,3 1,East,2,1,20
2,4,11,2,3015.001,3 2,East,2,1,20
2,4,11,3,3015.909,3 2,South,2,1,20
2,4,11,2,3016.49,4 2,South,2,1,20
2,4,11,1,3017.005,4 2,East,2,1,20
2,4,11,2,3017.706,4 3,East,2,1,20
2,4,11,2,3018.44,4 4,East,2,1,20
2,4,11,1,3019.466,4 4,North,2,1,20
2,4,11,2,3020.149,3 4,North,2,1,20
2,4,11,2,3020.751,2 4,North,2,1,20
2,4,11,2,3021.593,1 4,North,2,1,20
2,4,11,2,3022.649,0 4,North,2,1,20
2,4,11,1,3023.308,0 4,West,2,1,20
2,4,11,2,3024.074,0 3,West,2,1,20
2,4,11,2,3024.923,0 3,West,2,1,21
2,4,11,2,3025.741,0 3,West,2,1,22
2,4,11,2,3026.326,0 3,West,2,1,23
2,4,11,2,3026.923,0 3,West,2,1,24
2,4,11,2,3027.308,0 3,West,2,1,25
2,4,11,1,3027.706,0 3,South,2,1,25
2,4,11,2,3028.458,0 3,South,2,1,26
2,4,11,1,3029.592,0 3,East,2,1,26
2,4,11,2,3030.215,0 4,East,2,1,26
2,4,11,3,3030.822,0 4,South,2,1,26
2,4,11,2,3031.415,1 4,South,2,1,26
2,4,11,2,3032.204,2 4,South,2,1,26
2,4,11,3,3032.884,2 4,West,2,1,26
2,4,11,2,3033.686,2 4,West,2,1,27
2,4,11,1,3034.266,2 4,South,2,1,27
2,4,11,2,3035.149,3 4,South,2,1,27
2,4,11,2,3036.188,4 4,South,2,1,27
2,4,11,3,3037.419,4 4,West,2,1,27
2,4,11,2,3038.217,4 3,West,2,1,27
2,4,11,2,3039.044,4 2,West,2,1,27
2,4,11,2,3039.935,4 2,West,2,1,28
2,4,11,3,3040.584,4 2,North,2,1,28
2,4,11,2,3041.245,3 2,North,2,1,28
2,4,11,2,3042.286,3 2,North,2,1,29
2,4,11,1,3042.952,3 2,West,2,1,29
2,4,11,2,3043.654,3 1,West,2,1,29
2,4,11,3,3044.522,3 1,North,2,1,29
2,4,11,2,3045.284,2 1,North,2,1,29
2,4,11,2,3046.312,1 1,North,2,1,29
2,4,11,2,3047.11,1 1,North,2,1,30
2,4,11,1,3047.674,1 1,West,2,1,30
2,4,11,2,3048.377,1 0,West,2,1,30
2,4,11,3,3048.933,1 0,North,2,1,30
2,4,11,2,3049.636,1 0,North,2,1,31
2,4,11,3,3050.12,1 0,East,2,1,31
2,4,11,2,3050.778,1 1,East,2,1,31
2,4,11,1,3051.45,1 1,North,2,1,31
2,4,11,3,3052.06,1 1,East,2,1,31
2,4,11,2,3052.707,1 1,East,2,1,32
2,4,11,2,3053.579,1 1,East,2,1,33
2,4,11,3,3054.029,1 1,South,2,1,33
2,4,11,2,3054.615,2 1,South,2,1,33
2,4,11,1,3055.242,2 1,East,2,1,33
2,4,11,2,3055.929,2 1,East,2,1,34
2,4,11,3,3056.457,2 1,South,2,1,34
2,4,11,2,3057.192,3 1,South,2,1,34
2,4,11,3,3057.899,3 1,West,2,1,34
2,4,11,2,3058.551,3 1,West,2,1,35
2,4,11,3,3059.095,3 1,North,2,1,35
2,4,11,2,3059.687,2 1,North,2,1,35
2,4,11,1,3060.214,2 1,West,2,1,35
2,4,11,2,3060.876,2 1,West,2,1,36
2,4,11,1,3061.412,2 1,South,2,1,36
2,4,11,2,3061.994,3 1,South,2,1,36
2,4,11,2,3062.693,3 1,South,2,1,37
2,4,11,1,3063.259,3 1,East,2,1,37
2,4,11,2,3063.909,3 2,East,2,1,37
2,4,11,3,3064.556,3 2,South,2,1,37
2,4,11,2,3065.268,4 2,South,2,1,37
2,4,11,3,3065.854,4 2,West,2,1,37
2,4,11,2,3066.484,4 2,West,2,1,38
2,4,11,1,3067.192,4 2,South,2,1,38
2,4,11,3,3067.74,4 2,West,2,1,38
2,4,11,3,3068.312,4 2,North,2,1,38
2,4,11,2,3069.081,3 2,North,2,1,38
2,4,11,2,3069.869,3 2,North,2,1,39
2,4,11,3,3070.397,3 2,East,2,1,39
2,4,11,2,3071.014,3 3,East,2,1,39
2,4,11,2,3071.686,3 3,East,2,1,40
2,4,11,3,3072.123,3 3,South,2,1,40
2,4,11,2,3072.862,3 3,South,2,1,41
2,4,11,1,3073.496,3 3,East,2,1,41
2,4,11,3,3074.795,3 3,South,2,1,41
2,4,11,3,3075.416,3 3,West,2,1,41
2,4,11,2,3076.188,3 2,West,2,1,41
2,4,11,3,3076.774,3 2,North,2,1,41
2,4,11,2,3077.689,3 2,North,2,1,42
2,4,11,3,3078.413,3 2,East,2,1,42
2,4,11,2,3079.048,3 3,East,2,1,42
2,4,11,2,3079.819,3 3,East,2,1,43
2,4,11,1,3080.444,3 3,North,2,1,43
2,4,11,2,3081.119,3 3,North,2,1,44
2,4,11,3,3082.964,3 3,East,2,1,44
2,4,11,3,3083.595,3 3,South,2,1,44
2,4,11,2,3084.629,3 3,South,2,1,45
2,4,11,3,3086.068,3 3,West,2,1,45
2,4,11,2,3087.018,3 2,West,2,1,45
2,4,11,2,3087.82,3 1,West,2,1,45
2,4,11,2,3088.669,3 1,West,2,1,46
2,4,11,3,3089.125,3 1,North,2,1,46
2,4,11,2,3089.87,2 1,North,2,1,46
2,4,11,2,3090.584,1 1,North,2,1,46
2,4,11,2,3091.293,1 1,North,2,1,47
2,4,11,2,3092.153,1 1,North,2,1,48
2,4,11,3,3092.696,1 1,East,2,1,48
2,4,11,2,3093.256,1 1,East,2,1,49
2,4,11,3,3094.06,1 1,South,2,1,49
2,4,11,2,3094.763,2 1,South,2,1,49
2,4,11,1,3095.416,2 1,East,2,1,49
2,4,11,2,3096.026,2 1,East,2,1,50
2,4,11,3,3096.554,2 1,South,2,1,50
2,4,11,2,3097.238,3 1,South,2,1,50
2,4,11,2,3099.861,3 1,South,2,1,51
2,4,11,3,3100.634,3 1,West,2,1,51
2,4,11,2,3101.418,3 1,West,2,1,52
2,4,11,3,3102.422,3 1,North,2,1,52
2,4,11,2,3103.115,2 1,North,2,1,52
2,4,11,2,3104.013,1 1,North,2,1,52
2,4,11,2,3104.827,1 1,North,2,1,53
2,4,11,3,3105.644,1 1,East,2,1,53
2,4,11,2,3106.279,1 1,East,2,1,54
2,4,11,3,3106.776,1 1,South,2,1,54
2,4,11,2,3107.397,2 1,South,2,1,54
2,4,11,2,3108.294,3 1,South,2,1,54
2,4,11,2,3109.03,3 1,South,2,1,55
2,4,11,3,3109.72,3 1,West,2,1,55
2,4,11,2,3110.38,3 1,West,2,1,56
2,4,11,1,3110.932,3 1,South,2,1,56
2,4,11,1,3112.035,3 1,East,2,1,56
2,4,11,2,3112.73,3 2,East,2,1,56
2,4,11,2,3113.462,3 3,East,2,1,56
2,4,11,1,3114.388,3 3,North,2,1,56
2,4,11,2,3115.004,3 3,North,2,1,57
2,4,11,3,3115.532,3 3,East,2,1,57
2,4,11,2,3116.133,3 3,East,2,1,58
2,4,11,3,3116.648,3 3,South,2,1,58
2,4,11,2,3117.238,3 3,South,2,1,59
2,4,11,3,3117.781,3 3,West,2,1,59
2,4,11,2,3118.377,3 2,West,2,1,59
2,4,11,1,3118.954,3 2,South,2,1,59
2,4,11,2,3119.562,4 2,South,2,1,59
2,4,11,1,3120.442,4 2,East,2,1,59
2,4,11,2,3120.967,4 3,East,2,1,59
2,4,11,2,3121.559,4 4,East,2,1,59
2,4,11,1,3122.454,4 4,North,2,1,59
2,4,11,2,3123.111,3 4,North,2,1,59
2,4,11,2,3123.947,2 4,North,2,1,59
2,4,11,2,3125.084,1 4,North,2,1,59
2,4,11,2,3125.719,0 4,North,2,1,59
2,4,11,1,3127.193,0 4,West,2,1,59
2,4,11,1,3128.236,0 4,South,2,1,59
2,4,11,3,3128.957,0 4,West,2,1,59
2,4,11,2,3129.575,0 3,West,2,1,59
2,4,11,1,3130.183,0 3,South,2,1,59
2,4,11,2,3130.827,0 3,South,2,1,60
2,4,11,3,3131.388,0 3,West,2,1,60
2,4,11,2,3132.28,0 3,West,2,1,61
2,4,11,1,3133.561,0 3,South,2,1,61
2,4,11,1,3134.246,0 3,East,2,1,61
2,4,11,2,3134.875,0 4,East,2,1,61
2,4,11,3,3135.708,0 4,South,2,1,61
2,4,11,3,3141.446,0 4,West,2,1,61
2,4,11,2,3142.537,0 3,West,2,1,61
2,4,11,2,3143.364,0 3,West,2,1,62
2,4,11,1,3143.91,0 3,South,2,1,62
2,4,11,2,3144.488,0 3,South,2,1,63
2,4,11,1,3145.212,0 3,East,2,1,63
2,4,11,2,3145.795,0 4,East,2,1,63
2,4,11,3,3146.396,0 4,South,2,1,63
2,4,11,2,3147.021,1 4,South,2,1,63
2,4,11,2,3147.797,2 4,South,2,1,63
2,4,11,3,3148.42,2 4,West,2,1,63
2,4,11,2,3149.046,2 4,West,2,1,64
2,4,11,1,3149.653,2 4,South,2,1,64
2,4,11,2,3150.293,3 4,South,2,1,64
2,4,11,3,3150.918,3 4,West,2,1,64
2,4,11,2,3151.625,3 4,West,2,1,65
2,4,11,1,3152.214,3 4,South,2,1,65
2,4,11,2,3152.856,4 4,South,2,1,65
2,4,11,3,3153.404,4 4,West,2,1,65
2,4,11,2,3153.973,4 3,West,2,1,65
2,4,11,2,3154.741,4 2,West,2,1,65
2,4,11,3,3155.336,4 2,North,2,1,65
2,4,11,2,3155.912,3 2,North,2,1,65
2,4,11,2,3156.533,3 2,North,2,1,66
2,4,11,1,3157.114,3 2,West,2,1,66
2,4,11,2,3157.774,3 1,West,2,1,66
2,4,11,3,3158.398,3 1,North,2,1,66
2,4,11,2,3159.084,2 1,North,2,1,66
2,4,11,2,3159.788,1 1,North,2,1,66
2,4,11,2,3160.473,1 1,North,2,1,67
2,4,11,1,3160.97,1 1,West,2,1,67
2,4,11,2,3161.622,1 0,West,2,1,67
2,4,11,3,3162.237,1 0,North,2,1,67
2,4,11,2,3162.956,1 0,North,2,1,68
2,4,11,3,3163.364,1 0,East,2,1,68
2,4,11,2,3163.975,1 1,East,2,1,68
2,4,11,2,3164.601,1 1,East,2,1,69
2,4,11,3,3165.11,1 1,South,2,1,69
2,4,11,2,3165.822,2 1,South,2,1,69
2,4,11,1,3166.526,2 1,East,2,1,69
2,4,11,2,3167.192,2 1,East,2,1,70
2,4,11,3,3167.651,2 1,South,2,1,70
2,4,11,2,3168.328,3 1,South,2,1,70
2,4,11,1,3169.034,3 1,East,2,1,70
2,4,11,2,3169.701,3 2,East,2,1,70
2,4,11,1,3170.457,3 2,North,2,1,70
2,4,11,2,3171.208,3 2,North,2,1,71
2,4,11,3,3171.833,3 2,East,2,1,71
2,4,11,2,3172.583,3 3,East,2,1,71
2,4,11,1,3173.244,3 3,North,2,1,71
2,4,11,2,3173.996,3 3,North,2,1,72
2,4,11,3,3174.634,3 3,East,2,1,72
2,4,11,2,3175.341,3 3,East,2,1,73
2,4,11,2,3176.025,3 3,East,2,1,74
2,4,11,3,3176.491,3 3,South,2,1,74
2,4,11,2,3177.096,3 3,South,2,1,75
2,4,11,3,3177.69,3 3,West,2,1,75
2,4,11,2,3183.557,3 2,West,2,1,75
2,4,11,2,3184.425,3 1,West,2,1,75
2,4,11,2,3185.212,3 1,West,2,1,76
2,4,11,1,3185.838,3 1,South,2,1,76
2,4,11,2,3186.44,3 1,South,2,1,77
2,4,11,3,3187.528,3 1,West,2,1,77
2,4,11,2,3188.217,3 1,West,2,1,78
2,4,11,3,3188.763,3 1,North,2,1,78
2,4,11,2,3189.469,2 1,North,2,1,78
2,4,11,2,3190.28,1 1,North,2,1,78
2,4,11,2,3191.095,1 1,North,2,1,79
2,4,11,3,3191.668,1 1,East,2,1,79
2,4,11,2,3192.326,1 1,East,2,1,80
2,4,11,3,3192.946,1 1,South,2,1,80
2,4,11,2,3193.654,2 1,South,2,1,80
2,4,11,2,3194.584,3 1,South,2,1,80
2,4,11,1,3195.959,3 1,East,2,1,80
2,4,11,2,3196.666,3 2,East,2,1,80
2,4,11,1,3197.308,3 2,North,2,1,80
2,4,11,2,3198.014,3 2,North,2,1,81
2,4,11,3,3198.55,3 2,East,2,1,81
2,4,11,1,3199.127,3 2,North,2,1,81
2,4,11,1,3199.821,3 2,West,2,1,81
2,4,11,2,3200.506,3 1,West,2,1,81
2,4,11,3,3201.134,3 1,North,2,1,81
2,4,11,2,3201.849,2 1,North,2,1,81
2,4,11,3,3202.57,2 1,East,2,1,81
2,4,11,2,3203.369,2 1,East,2,1,82
2,4,11,1,3203.914,2 1,North,2,1,82
2,4,11,2,3204.647,1 1,North,2,1,82
2,4,11,3,3205.479,1 1,East,2,1,82
2,4,11,2,3206.148,1 1,East,2,1,83
2,4,11,1,3206.617,1 1,North,2,1,83
2,4,11,2,3207.3,1 1,North,2,1,84
2,4,11,3,3208.06,1 1,East,2,1,84
2,4,11,3,3208.618,1 1,South,2,1,84
2,4,11,2,3209.273,2 1,South,2,1,84
2,4,11,2,3210.025,3 1,South,2,1,84
2,4,11,2,3210.869,3 1,South,2,1,85
2,4,11,3,3211.403,3 1,West,2,1,85
2,4,11,2,3212.451,3 1,West,2,1,86
2,4,11,1,3213.094,3 1,South,2,1,86
2,4,11,1,3213.772,3 1,East,2,1,86
2,4,11,2,3214.477,3 2,East,2,1,86
2,4,11,2,3215.254,3 3,East,2,1,86
2,4,11,2,3215.98,3 3,East,2,1,87
2,4,11,3,3216.551,3 3,South,2,1,87
2,4,11,2,3217.141,3 3,South,2,1,88
2,4,11,1,3218.173,3 3,East,2,1,88
2,4,11,1,3218.781,3 3,North,2,1,88
2,4,11,2,3219.465,3 3,North,2,1,89
2,4,11,3,3220.053,3 3,East,2,1,89
2,4,11,3,3220.652,3 3,South,2,1,89
2,4,11,3,3221.269,3 3,West,2,1,89
2,4,11,2,3222.058,3 2,West,2,1,89
2,4,11,1,3222.644,3 2,South,2,1,89
2,4,11,2,3223.271,4 2,South,2,1,89
2,4,11,1,3223.802,4 2,East,2,1,89
2,4,11,2,3224.488,4 3,East,2,1,89
2,4,11,2,3225.228,4 4,East,2,1,89
2,4,11,1,3226.228,4 4,North,2,1,89
2,4,11,1,3227.748,4 4,West,2,1,89
2,4,11,3,3230.103,4 4,North,2,1,89
2,4,11,2,3230.933,3 4,North,2,1,89
2,4,11,1,3231.754,3 4,West,2,1,89
2,4,11,3,3232.437,3 4,North,2,1,89
2,4,11,2,3233.179,2 4,North,2,1,89
2,4,11,1,3234.172,2 4,West,2,1,89
2,4,11,2,3234.796,2 4,West,2,1,90
2,4,11,3,3235.397,2 4,North,2,1,90
2,4,11,2,3236.152,1 4,North,2,1,90
2,4,11,1,3237.049,1 4,West,2,1,90
2,4,11,2,3237.784,1 3,West,2,1,90
2,4,11,2,3238.676,1 3,West,2,1,91
2,4,11,3,3239.238,1 3,North,2,1,91
2,4,11,2,3239.942,1 3,North,2,1,92
2,4,11,3,3240.425,1 3,East,2,1,92
2,4,11,2,3241.16,1 4,East,2,1,92
2,4,11,1,3241.88,1 4,North,2,1,92
2,4,11,2,3242.615,0 4,North,2,1,92
2,4,11,1,3243.255,0 4,West,2,1,92
2,4,11,2,3243.862,0 3,West,2,1,92
2,4,11,1,3244.681,0 3,South,2,1,92
2,4,11,2,3245.395,0 3,South,2,1,93
2,4,11,3,3245.883,0 3,West,2,1,93
2,4,11,2,3246.572,0 3,West,2,1,94
2,4,11,1,3247.912,0 3,South,2,1,94
2,4,11,1,3248.44,0 3,East,2,1,94
2,4,11,2,3255.646,0 4,East,2,1,94
2,4,11,3,3256.468,0 4,South,2,1,94
2,4,11,2,3257.64,1 4,South,2,1,94
2,4,11,3,3258.585,1 4,West,2,1,94
2,4,11,2,3264.089,1 3,West,2,1,94
2,4,11,3,3267.272,1 3,North,2,1,94
2,4,11,2,3268.312,1 3,North,2,1,95
2,4,11,1,3268.857,1 3,West,2,1,95
2,4,11,2,3269.596,1 3,West,2,1,96
2,4,11,1,3270.28,1 3,South,2,1,96
2,4,11,2,3270.998,2 3,South,2,1,96
2,4,11,3,3271.738,2 3,West,2,1,96
2,4,11,2,3272.492,2 2,West,2,1,96
2,4,11,3,3273.366,2 2,North,2,1,96
2,4,11,2,3274.117,1 2,North,2,1,96
2,4,11,1,3274.89,1 2,West,2,1,96
2,4,11,2,3275.638,1 2,West,2,1,97
2,4,11,3,3276.136,1 2,North,2,1,97
2,4,11,2,3276.825,0 2,North,2,1,97
2,4,11,1,3277.528,0 2,West,2,1,97
2,4,11,2,3278.292,0 1,West,2,1,97
2,4,11,2,3279.146,0 0,West,2,1,97
2,4,11,6,3279.56,0 0,West,2,2,97
2,4,11,1,3280.121,0 0,South,2,2,97
2,4,11,1,3280.94,0 0,East,2,2,97
2,4,11,2,3281.766,0 1,East,2,2,97
2,4,11,2,3282.445,0 2,East,2,2,97
2,4,11,2,3283.213,0 2,East,2,2,98
2,4,11,3,3283.659,0 2,South,2,2,98
2,4,11,2,3284.343,1 2,South,2,2,98
2,4,11,2,3285.161,2 2,South,2,2,98
2,4,11,2,3285.978,2 2,South,2,2,99
2,4,11,1,3286.506,2 2,East,2,2,99
2,4,11,2,3287.161,2 3,East,2,2,99
2,4,11,2,3287.822,2 3,East,2,2,100
2,4,11,3,3288.374,2 3,South,2,2,100
2,4,11,2,3289.1,2 3,South,2,2,101
2,4,11,1,3289.622,2 3,East,2,2,101
2,4,11,1,3290.215,2 3,North,2,2,101
2,4,11,2,3290.933,1 3,North,2,2,101
2,4,11,3,3291.463,1 3,East,2,2,101
2,4,11,2,3292.151,1 4,East,2,2,101
2,4,11,3,3292.678,1 4,South,2,2,101
2,4,11,2,3293.292,2 4,South,2,2,101
2,4,11,6,3293.66,2 4,South,2,3,101
2,4,11,3,3294.2,2 4,West,2,3,101
2,4,11,1,3296.229,2 4,South,2,3,101
2,4,11,2,3297.036,3 4,South,2,3,101
2,4,11,2,3297.689,4 4,South,2,3,101
2,4,11,3,3298.295,4 4,West,2,3,101
2,4,11,2,3299.003,4 3,West,2,3,101
2,4,11,2,3299.543,4 2,West,2,3,101
2,4,11,2,3300.105,4 2,West,2,3,102
2,4,11,3,3300.715,4 2,North,2,3,102
2,4,11,2,3301.385,3 2,North,2,3,102
2,4,11,1,3302.152,3 2,West,2,3,102
2,4,11,2,3302.902,3 1,West,2,3,102
2,4,11,2,3303.64,3 1,West,2,3,103
2,4,11,1,3304.502,3 1,South,2,3,103
2,4,11,2,3305.191,3 1,South,2,3,104
2,4,11,3,3305.704,3 1,West,2,3,104
2,4,11,3,3306.266,3 1,North,2,3,104
2,4,11,2,3307.014,2 1,North,2,3,104
2,4,11,1,3307.629,2 1,West,2,3,104
2,4,11,2,3308.277,2 1,West,2,3,105
2,4,11,3,3308.841,2 1,North,2,3,105
2,4,11,2,3309.546,1 1,North,2,3,105
2,4,11,1,3310.215,1 1,West,2,3,105
2,4,11,2,3310.82,1 0,West,2,3,105
2,4,11,1,3311.404,1 0,South,2,3,105
2,4,11,2,3312.025,2 0,South,2,3,105
2,4,11,2,3312.742,3 0,South,2,3,105
2,4,11,6,3313.12,3 0,South,2,4,105
2,4,11,1,3313.526,3 0,East,2,4,105
2,4,11,1,3314.073,3 0,North,2,4,105
2,4,11,2,3314.63,2 0,North,2,4,105
2,4,11,2,3315.319,1 0,North,2,4,105
2,4,11,3,3315.862,1 0,East,2,4,105
2,4,11,2,3316.462,1 1,East,2,4,105
2,4,11,1,3317.064,1 1,North,2,4,105
2,4,11,2,3317.752,1 1,North,2,4,106
2,4,11,3,3318.243,1 1,East,2,4,106
2,4,11,2,3318.967,1 1,East,2,4,107
2,4,11,3,3319.625,1 1,South,2,4,107
2,4,11,2,3320.189,2 1,South,2,4,107
2,4,11,2,3320.921,3 1,South,2,4,107
2,4,11,2,3321.657,3 1,South,2,4,108
2,4,11,1,3322.1,3 1,East,2,4,108
2,4,11,2,3322.758,3 2,East,2,4,108
2,4,11,3,3323.303,3 2,South,2,4,108
2,4,11,2,3323.912,4 2,South,2,4,108
2,4,11,1,3324.791,4 2,East,2,4,108
2,4,11,2,3325.401,4 3,East,2,4,108
2,4,11,2,3326.008,4 4,East,2,4,108
2,4,11,1,3326.555,4 4,North,2,4,108
2,4,11,2,3327.116,3 4,North,2,4,108
2,4,11,2,3327.689,2 4,North,2,4,108
2,4,11,2,3328.199,1 4,North,2,4,108
2,4,11,2,3328.791,0 4,North,2,4,108
2,4,11,6,3329.16,0 4,North,2,5,108
2,4,11,1,3329.596,0 4,West,2,5,108
2,4,11,1,3330.168,0 4,South,2,5,108
2,4,11,2,3330.857,1 4,South,2,5,108
2,4,11,3,3331.514,1 4,West,2,5,108
2,4,11,2,3332.265,1 3,West,2,5,108
2,4,11,6,3332.68,1 3,West,2,6,108
2,4,11,1,3333.031,1 3,South,2,6,108
2,4,11,1,3333.965,1 3,East,2,6,108
2,4,11,2,3334.507,1 4,East,2,6,108
2,4,11,3,3335.081,1 4,South,2,6,108
2,4,11,2,3335.771,2 4,South,2,6,108
2,4,11,2,3336.47,3 4,South,2,6,108
2,4,11,6,3336.84,3 4,South,2,7,108
2,4,11,3,3337.467,3 4,West,2,7,108
2,4,11,1,3338.358,3 4,South,2,7,108
2,4,11,2,3339.052,4 4,South,2,7,108
2,4,11,3,3340.042,4 4,West,2,7,108
2,4,11,2,3340.653,4 3,West,2,7,108
2,4,11,2,3341.211,4 2,West,2,7,108
2,4,11,2,3341.912,4 2,West,2,7,109
2,4,11,3,3342.506,4 2,North,2,7,109
2,4,11,2,3343.159,3 2,North,2,7,109
2,4,11,1,3343.867,3 2,West,2,7,109
2,4,11,2,3344.588,3 1,West,2,7,109
2,4,11,3,3345.197,3 1,North,2,7,109
2,4,11,1,3345.818,3 1,West,2,7,109
2,4,11,2,3346.537,3 1,West,2,7,110
2,4,11,3,3346.983,3 1,North,2,7,110
2,4,11,2,3347.653,2 1,North,2,7,110
2,4,11,1,3348.182,2 1,West,2,7,110
2,4,11,2,3348.804,2 1,West,2,7,111
2,4,11,3,3349.339,2 1,North,2,7,111
2,4,11,2,3349.997,1 1,North,2,7,111
2,4,11,1,3350.617,1 1,West,2,7,111
2,4,11,2,3351.276,1 0,West,2,7,111
2,4,11,1,3352.236,1 0,South,2,7,111
2,4,11,2,3352.917,2 0,South,2,7,111
2,4,11,6,3353.3,2 0,South,2,8,111
1,4,12,2,3361.125,3 4,North,2,0,111
1,4,12,2,3361.828,2 4,North,2,0,111
1,4,12,2,3362.759,1 4,North,2,0,111
1,4,12,1,3363.378,1 3,North,2,0,111
1,4,12,6,3363.78,1 3,North,2,1,111
1,4,12,4,3364.404,2 3,North,2,1,111
1,4,12,1,3365.46,2 2,North,2,1,111
1,4,12,2,3366.314,1 2,North,2,1,111
1,4,12,2,3367.174,0 2,North,2,1,111
1,4,12,6,3367.56,0 2,North,2,2,111
1,4,12,4,3368.277,1 2,North,2,2,111
1,4,12,4,3369.642,2 2,North,2,2,111
1,4,12,3,3370.413,2 3,North,2,2,111
1,4,12,2,3371.219,1 3,North,2,2,111
1,4,12,3,3372.012,1 4,North,2,2,111
1,4,12,4,3372.764,2 4,North,2,2,111
1,4,12,4,3373.669,3 4,North,2,2,111
1,4,12,4,3374.877,4 4,North,2,2,111
1,4,12,1,3375.592,4 3,North,2,2,111
1,4,12,1,3376.536,4 2,North,2,2,111
1,4,12,2,3377.768,3 2,North,2,2,111
1,4,12,2,3379.436,3 2,North,2,2,111
1,4,12,2,3380.104,3 2,North,2,2,111
1,4,12,1,3381.083,3 1,North,2,2,111
1,4,12,6,3381.48,3 1,North,2,3,111
1,4,12,3,3382.39,3 2,North,2,3,111
1,4,12,4,3383.075,4 2,North,2,3,111
1,4,12,3,3383.674,4 3,North,2,3,111
1,4,12,3,3384.651,4 4,North,2,3,111
1,4,12,2,3385.224,3 4,North,2,3,111
1,4,12,2,3388.245,2 4,North,2,3,111
1,4,12,2,3388.876,1 4,North,2,3,111
1,4,12,2,3389.715,0 4,North,2,3,111
1,4,12,6,3390.1,0 4,North,2,4,111
1,4,12,4,3392.153,1 4,North,2,4,111
1,4,12,4,3393.403,2 4,North,2,4,111
1,4,12,4,3394.552,3 4,North,2,4,111
1,4,12,4,3395.581,4 4,North,2,4,111
1,4,12,1,3396.183,4 3,North,2,4,111
1,4,12,1,3397.001,4 2,North,2,4,111
1,4,12,2,3397.861,3 2,North,2,4,111
1,4,12,6,3398.24,3 2,North,2,5,111
1,4,12,4,3399.14,4 2,North,2,5,111
1,4,12,3,3399.868,4 3,North,2,5,111
1,4,12,3,3400.935,4 4,North,2,5,111
1,4,12,2,3401.632,3 4,North,2,5,111
1,4,12,2,3402.505,2 4,North,2,5,111
1,4,12,2,3403.448,1 4,North,2,5,111
1,4,12,2,3404.342,0 4,North,2,5,111
1,4,12,1,3404.983,0 3,North,2,5,111
1,4,12,6,3405.4,0 3,North,2,6,111
1,4,12,3,3405.945,0 4,North,2,6,111
1,4,12,4,3407.485,1 4,North,2,6,111
1,4,12,1,3408.248,1 3,North,2,6,111
1,4,12,4,3409.021,2 3,North,2,6,111
1,4,12,1,3409.557,2 2,North,2,6,111
1,4,12,2,3410.244,1 2,North,2,6,111
1,4,12,2,3410.917,0 2,North,2,6,111
1,4,12,1,3411.557,0 1,North,2,6,111
1,4,12,6,3411.96,0 1,North,2,7,111
1,4,12,3,3412.808,0 2,North,2,7,111
1,4,12,4,3413.636,1 2,North,2,7,111
1,4,12,4,3414.599,2 2,North,2,7,111
1,4,12,3,3415.109,2 3,North,2,7,111
1,4,12,2,3415.702,1 3,North,2,7,111
1,4,12,3,3416.224,1 4,North,2,7,111
1,4,12,4,3416.823,2 4,North,2,7,111
1,4,12,4,3417.563,3 4,North,2,7,111
1,4,12,4,3418.739,4 4,North,2,7,111
1,4,12,1,3419.333,4 3,North,2,7,111
1,4,12,1,3420.259,4 2,North,2,7,111
1,4,12,2,3420.984,3 2,North,2,7,111
1,4,12,3,3421.64,3 3,North,2,7,111
1,4,12,6,3422.04,3 3,North,2,8,111
2,4,12,1,3432.553,4 4,West,2,0,0
2,4,12,2,3433.349,4 3,West,2,0,0
2,4,12,3,3434.037,4 3,North,2,0,0
2,4,12,2,3434.829,4 3,North,2,0,1
2,4,12,3,3435.481,4 3,East,2,0,1
2,4,12,2,3436.151,4 4,East,2,0,1
2,4,12,1,3436.669,4 4,North,2,0,1
2,4,12,2,3437.302,3 4,North,2,0,1
2,4,12,1,3437.885,3 4,West,2,0,1
2,4,12,2,3438.589,3 4,West,2,0,2
2,4,12,3,3439.126,3 4,North,2,0,2
2,4,12,2,3440.073,2 4,North,2,0,2
2,4,12,1,3441.052,2 4,West,2,0,2
2,4,12,2,3441.831,2 4,West,2,0,3
2,4,12,1,3442.749,2 4,South,2,0,3
2,4,12,2,3443.445,3 4,South,2,0,3
2,4,12,2,3444.211,4 4,South,2,0,3
2,4,12,3,3444.956,4 4,West,2,0,3
2,4,12,2,3445.827,4 3,West,2,0,3
2,4,12,2,3446.574,4 2,West,2,0,3
2,4,12,3,3447.335,4 2,North,2,0,3
2,4,12,2,3448.077,3 2,North,2,0,3
2,4,12,3,3448.679,3 2,East,2,0,3
2,4,12,2,3449.4,3 3,East,2,0,3
2,4,12,6,3449.82,3 3,East,2,1,3
2,4,12,1,3450.249,3 3,North,2,1,3
2,4,12,1,3450.984,3 3,West,2,1,3
2,4,12,3,3452.23,3 3,North,2,1,3
2,4,12,3,3454.701,3 3,East,2,1,3
2,4,12,2,3456.388,3 3,East,2,1,4
2,4,12,3,3456.934,3 3,South,2,1,4
2,4,12,2,3457.574,3 3,South,2,1,5
2,4,12,3,3458.216,3 3,West,2,1,5
2,4,12,2,3458.89,3 2,West,2,1,5
2,4,12,3,3459.497,3 2,North,2,1,5
2,4,12,2,3460.197,3 2,North,2,1,6
2,4,12,1,3460.645,3 2,West,2,1,6
2,4,12,2,3461.27,3 1,West,2,1,6
2,4,12,3,3461.869,3 1,North,2,1,6
2,4,12,2,3462.611,2 1,North,2,1,6
2,4,12,2,3463.452,1 1,North,2,1,6
2,4,12,2,3464.195,1 1,North,2,1,7
2,4,12,3,3465.26,1 1,East,2,1,7
2,4,12,2,3466.022,1 1,East,2,1,8
2,4,12,1,3466.629,1 1,North,2,1,8
2,4,12,1,3467.335,1 1,West,2,1,8
2,4,12,2,3468.091,1 0,West,2,1,8
2,4,12,3,3468.636,1 0,North,2,1,8
2,4,12,2,3469.316,1 0,North,2,1,9
2,4,12,3,3469.989,1 0,East,2,1,9
2,4,12,2,3470.858,1 1,East,2,1,9
2,4,12,2,3471.575,1 1,East,2,1,10
2,4,12,3,3471.995,1 1,South,2,1,10
2,4,12,2,3472.622,2 1,South,2,1,10
2,4,12,1,3473.431,2 1,East,2,1,10
2,4,12,2,3474.101,2 1,East,2,1,11
2,4,12,3,3474.444,2 1,South,2,1,11
2,4,12,2,3475.109,3 1,South,2,1,11
2,4,12,2,3475.803,3 1,South,2,1,12
2,4,12,1,3476.171,3 1,East,2,1,12
2,4,12,2,3476.79,3 2,East,2,1,12
2,4,12,3,3477.465,3 2,South,2,1,12
2,4,12,2,3478.135,4 2,South,2,1,12
2,4,12,1,3478.983,4 2,East,2,1,12
2,4,12,2,3479.59,4 3,East,2,1,12
2,4,12,2,3480.292,4 4,East,2,1,12
2,4,12,1,3480.828,4 4,North,2,1,12
2,4,12,2,3481.401,3 4,North,2,1,12
2,4,12,2,3482.07,2 4,North,2,1,12
2,4,12,2,3482.821,1 4,North,2,1,12
2,4,12,1,3483.767,1 4,West,2,1,12
2,4,12,2,3484.649,1 3,West,2,1,12
2,4,12,3,3485.351,1 3,North,2,1,12
2,4,12,2,3486.039,1 3,North,2,1,13
2,4,12,3,3486.554,1 3,East,2,1,13
2,4,12,2,3487.209,1 4,East,2,1,13
2,4,12,1,3487.796,1 4,North,2,1,13
2,4,12,2,3488.535,0 4,North,2,1,13
2,4,12,1,3489.24,0 4,West,2,1,13
2,4,12,2,3489.88,0 3,West,2,1,13
2,4,12,2,3490.638,0 3,West,2,1,14
2,4,12,1,3491.26,0 3,South,2,1,14
2,4,12,2,3491.917,0 3,South,2,1,15
2,4,12,1,3492.623,0 3,East,2,1,15
2,4,12,2,3493.433,0 4,East,2,1,15
2,4,12,3,3494.297,0 4,South,2,1,15
2,4,12,2,3495.62,1 4,South,2,1,15
2,4,12,2,3496.35,2 4,South,2,1,15
2,4,12,2,3497.279,3 4,South,2,1,15
2,4,12,2,3498.074,4 4,South,2,1,15
2,4,12,3,3498.665,4 4,West,2,1,15
2,4,12,2,3499.767,4 3,West,2,1,15
2,4,12,2,3500.349,4 2,West,2,1,15
2,4,12,2,3501.05,4 2,West,2,1,16
2,4,12,3,3501.575,4 2,North,2,1,16
2,4,12,2,3502.152,3 2,North,2,1,16
2,4,12,2,3502.743,3 2,North,2,1,17
2,4,12,1,3504.39,3 2,West,2,1,17
2,4,12,2,3505.13,3 1,West,2,1,17
2,4,12,3,3505.769,3 1,North,2,1,17
2,4,12,2,3506.458,2 1,North,2,1,17
2,4,12,2,3507.173,1 1,North,2,1,17
2,4,12,2,3507.977,1 1,North,2,1,18
2,4,12,1,3508.5,1 1,West,2,1,18
2,4,12,2,3509.221,1 0,West,2,1,18
2,4,12,3,3509.817,1 0,North,2,1,18
2,4,12,2,3510.585,1 0,North,2,1,19
2,4,12,3,3511.213,1 0,East,2,1,19
2,4,12,2,3511.868,1 1,East,2,1,19
2,4,12,2,3512.57,1 1,East,2,1,20
2,4,12,3,3513.069,1 1,South,2,1,20
2,4,12,2,3513.753,2 1,South,2,1,20
2,4,12,1,3514.428,2 1,East,2,1,20
2,4,12,2,3515.149,2 1,East,2,1,21
2,4,12,3,3515.529,2 1,South,2,1,21
2,4,12,3,3516.459,2 1,West,2,1,21
2,4,12,2,3517.107,2 1,West,2,1,22
2,4,12,1,3517.671,2 1,South,2,1,22
2,4,12,2,3518.264,3 1,South,2,1,22
2,4,12,1,3518.856,3 1,East,2,1,22
2,4,12,2,3519.436,3 2,East,2,1,22
2,4,12,2,3520.138,3 3,East,2,1,22
2,4,12,1,3520.731,3 3,North,2,1,22
2,4,12,2,3521.317,3 3,North,2,1,23
2,4,12,3,3521.968,3 3,East,2,1,23
2,4,12,1,3522.539,3 3,North,2,1,23
2,4,12,1,3523.256,3 3,West,2,1,23
2,4,12,2,3523.828,3 2,West,2,1,23
2,4,12,3,3524.366,3 2,North,2,1,23
2,4,12,2,3525.051,3 2,North,2,1,24
2,4,12,3,3525.5,3 2,East,2,1,24
2,4,12,2,3526.029,3 3,East,2,1,24
2,4,12,2,3526.601,3 3,East,2,1,25
2,4,12,3,3527.094,3 3,South,2,1,25
2,4,12,2,3527.797,3 3,South,2,1,26
2,4,12,3,3528.361,3 3,West,2,1,26
2,4,12,2,3528.92,3 2,West,2,1,26
2,4,12,1,3529.817,3 2,South,2,1,26
2,4,12,2,3530.42,4 2,South,2,1,26
2,4,12,1,3531.084,4 2,East,2,1,26
2,4,12,2,3531.675,4 3,East,2,1,26
2,4,12,2,3532.25,4 4,East,2,1,26
2,4,12,1,3533.284,4 4,North,2,1,26
2,4,12,2,3537.704,3 4,North,2,1,26
2,4,12,1,3538.505,3 4,West,2,1,26
2,4,12,2,3539.207,3 4,West,2,1,27
2,4,12,3,3539.773,3 4,North,2,1,27
2,4,12,2,3540.52,2 4,North,2,1,27
2,4,12,1,3541.141,2 4,West,2,1,27
2,4,12,2,3541.804,2 4,West,2,1,28
2,4,12,3,3542.351,2 4,North,2,1,28
2,4,12,2,3543.015,1 4,North,2,1,28
2,4,12,1,3543.719,1 4,West,2,1,28
2,4,12,2,3544.367,1 3,West,2,1,28
2,4,12,3,3545.028,1 3,North,2,1,28
2,4,12,2,3545.658,1 3,North,2,1,29
2,4,12,1,3546.195,1 3,West,2,1,29
2,4,12,2,3546.873,1 3,West,2,1,30
2,4,12,3,3547.803,1 3,North,2,1,30
2,4,12,3,3548.315,1 3,East,2,1,30
2,4,12,2,3548.907,1 4,East,2,1,30
2,4,12,1,3549.822,1 4,North,2,1,30
2,4,12,2,3550.502,0 4,North,2,1,30
2,4,12,1,3551.146,0 4,West,2,1,30
2,4,12,2,3551.797,0 3,West,2,1,30
2,4,12,2,3552.635,0 3,West,2,1,31
2,4,12,1,3553.153,0 3,South,2,1,31
2,4,12,2,3553.737,0 3,South,2,1,32
2,4,12,1,3554.793,0 3,East,2,1,32
2,4,12,2,3555.413,0 4,East,2,1,32
2,4,12,3,3555.939,0 4,South,2,1,32
2,4,12,2,3556.521,1 4,South,2,1,32
2,4,12,2,3557.27,2 4,South,2,1,32
2,4,12,3,3558.021,2 4,West,2,1,32
2,4,12,2,3558.616,2 4,West,2,1,33
2,4,12,1,3559.078,2 4,South,2,1,33
2,4,12,2,3559.689,3 4,South,2,1,33
2,4,12,3,3560.633,3 4,West,2,1,33
2,4,12,2,3561.29,3 4,West,2,1,34
2,4,12,1,3561.863,3 4,South,2,1,34
2,4,12,2,3562.604,4 4,South,2,1,34
2,4,12,3,3563.257,4 4,West,2,1,34
2,4,12,2,3563.978,4 3,West,2,1,34
2,4,12,2,3564.619,4 2,West,2,1,34
2,4,12,2,3565.243,4 2,West,2,1,35
2,4,12,3,3565.701,4 2,North,2,1,35
2,4,12,2,3566.375,3 2,North,2,1,35
2,4,12,2,3566.99,3 2,North,2,1,36
2,4,12,1,3567.575,3 2,West,2,1,36
2,4,12,2,3568.283,3 1,West,2,1,36
2,4,12,2,3569.111,3 1,West,2,1,37
2,4,12,3,3569.655,3 1,North,2,1,37
2,4,12,2,3571.535,2 1,North,2,1,37
2,4,12,1,3572.442,2 1,West,2,1,37
2,4,12,2,3573.239,2 1,West,2,1,38
2,4,12,3,3573.814,2 1,North,2,1,38
2,4,12,3,3574.426,2 1,East,2,1,38
2,4,12,2,3575.211,2 1,East,2,1,39
2,4,12,1,3575.611,2 1,North,2,1,39
2,4,12,2,3576.325,1 1,North,2,1,39
2,4,12,2,3577.294,1 1,North,2,1,40
2,4,12,3,3577.736,1 1,East,2,1,40
2,4,12,2,3578.454,1 1,East,2,1,41
2,4,12,1,3578.894,1 1,North,2,1,41
2,4,12,1,3579.483,1 1,West,2,1,41
2,4,12,2,3580.14,1 0,West,2,1,41
2,4,12,3,3580.732,1 0,North,2,1,41
2,4,12,2,3581.398,1 0,North,2,1,42
2,4,12,3,3582.552,1 0,East,2,1,42
2,4,12,3,3583.589,1 0,South,2,1,42
2,4,12,2,3584.955,2 0,South,2,1,42
2,4,12,2,3586.085,3 0,South,2,1,42
2,4,12,1,3587.309,3 0,East,2,1,42
2,4,12,2,3588.072,3 0,East,2,1,43
2,4,12,3,3588.86,3 0,South,2,1,43
2,4,12,2,3589.578,4 0,South,2,1,43
2,4,12,2,3591.049,4 0,South,2,1,43
2,4,12,1,3592.104,4 0,East,2,1,43
2,4,12,2,3594.153,4 1,East,2,1,43
2,4,12,2,3594.764,4 1,East,2,1,44
2,4,12,1,3595.581,4 1,North,2,1,44
2,4,12,2,3596.117,4 1,North,2,1,45
2,4,12,2,3596.723,4 1,North,2,1,46
2,4,12,2,3597.302,4 1,North,2,1,47
2,4,12,3,3597.832,4 1,East,2,1,47
2,4,12,2,3598.504,4 1,East,2,1,48
2,4,12,2,3599.102,4 1,East,2,1,49
2,4,12,1,3599.671,4 1,North,2,1,49
2,4,12,2,3600.267,4 1,North,2,1,50
2,4,12,1,3600.725,4 1,West,2,1,50
2,4,12,2,3601.338,4 0,West,2,1,50
2,4,12,3,3601.942,4 0,North,2,1,50
2,4,12,2,3602.571,3 0,North,2,1,50
2,4,12,2,3603.277,2 0,North,2,1,50
2,4,12,3,3603.868,2 0,East,2,1,50
2,4,12,3,3604.471,2 0,South,2,1,50
2,4,12,2,3605.108,3 0,South,2,1,50
2,4,12,2,3605.74,4 0,South,2,1,50
2,4,12,1,3606.266,4 0,East,2,1,50
2,4,12,2,3606.778,4 1,East,2,1,50
2,4,12,2,3607.398,4 1,East,2,1,51
2,4,12,1,3607.963,4 1,North,2,1,51
2,4,12,2,3608.503,4 1,North,2,1,52
2,4,12,1,3609.143,4 1,West,2,1,52
2,4,12,2,3609.722,4 0,West,2,1,52
2,4,12,3,3610.276,4 0,North,2,1,52
2,4,12,2,3610.867,3 0,North,2,1,52
2,4,12,3,3611.549,3 0,East,2,1,52
2,4,12,2,3612.105,3 0,East,2,1,53
2,4,12,1,3612.651,3 0,North,2,1,53
2,4,12,2,3613.269,2 0,North,2,1,53
2,4,12,3,3613.82,2 0,East,2,1,53
2,4,12,2,3614.437,2 0,East,2,1,54
2,4,12,1,3614.904,2 0,North,2,1,54
2,4,12,2,3615.533,1 0,North,2,1,54
2,4,12,3,3616.077,1 0,East,2,1,54
2,4,12,2,3616.725,1 1,East,2,1,54
2,4,12,2,3617.642,1 1,East,2,1,55
2,4,12,1,3618.121,1 1,North,2,1,55
2,4,12,2,3618.781,1 1,North,2,1,56
2,4,12,3,3619.225,1 1,East,2,1,56
2,4,12,3,3619.965,1 1,South,2,1,56
2,4,12,2,3620.635,2 1,South,2,1,56
2,4,12,1,3621.356,2 1,East,2,1,56
2,4,12,2,3621.99,2 1,East,2,1,57
2,4,12,3,3622.381,2 1,South,2,1,57
2,4,12,2,3623.273,3 1,South,2,1,57
2,4,12,2,3624.059,3 1,South,2,1,58
2,4,12,1,3624.603,3 1,East,2,1,58
2,4,12,2,3625.288,3 2,East,2,1,58
2,4,12,1,3626.523,3 2,North,2,1,58
2,4,12,2,3627.175,3 2,North,2,1,59
2,4,12,3,3627.721,3 2,East,2,1,59
2,4,12,2,3628.455,3 3,East,2,1,59
2,4,12,1,3629.499,3 3,North,2,1,59
2,4,12,2,3630.232,3 3,North,2,1,60
2,4,12,3,3630.682,3 3,East,2,1,60
2,4,12,2,3631.421,3 3,East,2,1,61
2,4,12,3,3631.851,3 3,South,2,1,61
2,4,12,2,3632.501,3 3,South,2,1,62
2,4,12,3,3633.084,3 3,West,2,1,62
2,4,12,2,3633.625,3 2,West,2,1,62
2,4,12,1,3634.711,3 2,South,2,1,62
2,4,12,2,3636.489,4 2,South,2,1,62
2,4,12,2,3638.894,4 2,South,2,1,62
2,4,12,1,3640.645,4 2,East,2,1,62
2,4,12,2,3641.513,4 3,East,2,1,62
2,4,12,2,3642.333,4 4,East,2,1,62
2,4,12,1,3643.247,4 4,North,2,1,62
2,4,12,2,3644.093,3 4,North,2,1,62
2,4,12,2,3644.839,2 4,North,2,1,62
2,4,12,2,3648.099,1 4,North,2,1,62
2,4,12,2,3649.623,0 4,North,2,1,62
2,4,12,1,3651.196,0 4,West,2,1,62
2,4,12,1,3651.927,0 4,South,2,1,62
2,4,12,2,3652.553,1 4,South,2,1,62
2,4,12,3,3653.115,1 4,West,2,1,62
2,4,12,2,3653.819,1 3,West,2,1,62
2,4,12,2,3655.036,1 3,West,2,1,63
2,4,12,3,3655.526,1 3,North,2,1,63
2,4,12,2,3656.167,1 3,North,2,1,64
2,4,12,3,3657.961,1 3,East,2,1,64
2,4,12,2,3658.63,1 4,East,2,1,64
2,4,12,1,3659.204,1 4,North,2,1,64
2,4,12,2,3659.862,0 4,North,2,1,64
2,4,12,1,3660.584,0 4,West,2,1,64
2,4,12,2,3661.198,0 3,West,2,1,64
2,4,12,1,3661.914,0 3,South,2,1,64
2,4,12,2,3662.587,0 3,South,2,1,65
2,4,12,3,3663.097,0 3,West,2,1,65
2,4,12,2,3663.865,0 3,West,2,1,66
2,4,12,1,3664.486,0 3,South,2,1,66
2,4,12,1,3665.111,0 3,East,2,1,66
2,4,12,2,3665.772,0 4,East,2,1,66
2,4,12,3,3666.379,0 4,South,2,1,66
2,4,12,2,3667.305,1 4,South,2,1,66
2,4,12,2,3668.228,2 4,South,2,1,66
2,4,12,2,3669.125,3 4,South,2,1,66
2,4,12,2,3670.086,4 4,South,2,1,66
2,4,12,3,3671.224,4 4,West,2,1,66
2,4,12,3,3673.934,4 4,North,2,1,66
2,4,12,2,3676.218,3 4,North,2,1,66
2,4,12,1,3677.096,3 4,West,2,1,66
2,4,12,2,3677.817,3 4,West,2,1,67
2,4,12,3,3678.495,3 4,North,2,1,67
2,4,12,2,3679.15,2 4,North,2,1,67
2,4,12,1,3680.057,2 4,West,2,1,67
2,4,12,2,3680.808,2 4,West,2,1,68
2,4,12,3,3681.384,2 4,North,2,1,68
2,4,12,2,3682.092,1 4,North,2,1,68
2,4,12,1,3683.256,1 4,West,2,1,68
2,4,12,3,3684.428,1 4,North,2,1,68
2,4,12,1,3685.069,1 4,West,2,1,68
2,4,12,2,3685.884,1 3,West,2,1,68
2,4,12,2,3686.857,1 3,West,2,1,69
2,4,12,3,3687.388,1 3,North,2,1,69
2,4,12,2,3688.035,1 3,North,2,1,70
2,4,12,3,3688.916,1 3,East,2,1,70
2,4,12,2,3689.564,1 4,East,2,1,70
2,4,12,1,3690.138,1 4,North,2,1,70
2,4,12,2,3690.806,0 4,North,2,1,70
2,4,12,1,3691.606,0 4,West,2,1,70
2,4,12,2,3692.247,0 3,West,2,1,70
2,4,12,1,3693.334,0 3,South,2,1,70
2,4,12,2,3693.979,0 3,South,2,1,71
2,4,12,1,3694.663,0 3,East,2,1,71
2,4,12,2,3695.256,0 4,East,2,1,71
2,4,12,3,3695.979,0 4,South,2,1,71
2,4,12,2,3696.597,1 4,South,2,1,71
2,4,12,2,3697.129,2 4,South,2,1,71
2,4,12,2,3697.88,3 4,South,2,1,71
2,4,12,2,3698.731,4 4,South,2,1,71
2,4,12,3,3699.421,4 4,West,2,1,71
2,4,12,2,3699.961,4 3,West,2,1,71
2,4,12,2,3700.699,4 2,West,2,1,71
2,4,12,3,3701.525,4 2,North,2,1,71
2,4,12,2,3702.189,3 2,North,2,1,71
2,4,12,2,3703.033,3 2,North,2,1,72
2,4,12,1,3703.588,3 2,West,2,1,72
2,4,12,2,3704.22,3 1,West,2,1,72
2,4,12,3,3704.869,3 1,North,2,1,72
2,4,12,2,3705.512,2 1,North,2,1,72
2,4,12,2,3706.341,1 1,North,2,1,72
2,4,12,2,3707.192,1 1,North,2,1,73
2,4,12,3,3707.705,1 1,East,2,1,73
2,4,12,2,3708.441,1 1,East,2,1,74
2,4,12,3,3709.223,1 1,South,2,1,74
2,4,12,2,3709.893,2 1,South,2,1,74
2,4,12,2,3710.569,3 1,South,2,1,74
2,4,12,1,3711.48,3 1,East,2,1,74
2,4,12,2,3712.104,3 2,East,2,1,74
2,4,12,1,3713.149,3 2,North,2,1,74
2,4,12,2,3713.83,3 2,North,2,1,75
2,4,12,3,3714.376,3 2,East,2,1,75
2,4,12,2,3715.049,3 3,East,2,1,75
2,4,12,3,3715.628,3 3,South,2,1,75
2,4,12,2,3716.199,3 3,South,2,1,76
2,4,12,3,3716.807,3 3,West,2,1,76
2,4,12,2,3717.543,3 2,West,2,1,76
2,4,12,2,3718.666,3 1,West,2,1,76
2,4,12,2,3719.463,3 1,West,2,1,77
2,4,12,3,3720.375,3 1,North,2,1,77
2,4,12,2,3721.157,2 1,North,2,1,77
2,4,12,2,3722.09,1 1,North,2,1,77
2,4,12,3,3723.18,1 1,East,2,1,77
2,4,12,2,3724.7,1 1,East,2,1,78
2,4,12,1,3726.406,1 1,North,2,1,78
2,4,12,3,3727.273,1 1,East,2,1,78
2,4,12,3,3728.037,1 1,South,2,1,78
2,4,12,2,3728.681,2 1,South,2,1,78
2,4,12,2,3729.502,3 1,South,2,1,78
2,4,12,2,3730.396,3 1,South,2,1,79
2,4,12,1,3731.021,3 1,East,2,1,79
2,4,12,2,3731.67,3 2,East,2,1,79
2,4,12,2,3732.571,3 3,East,2,1,79
2,4,12,1,3733.611,3 3,North,2,1,79
2,4,12,2,3734.344,3 3,North,2,1,80
2,4,12,3,3735.034,3 3,East,2,1,80
2,4,12,2,3735.812,3 3,East,2,1,81
2,4,12,3,3736.376,3 3,South,2,1,81
2,4,12,2,3737.115,3 3,South,2,1,82
2,4,12,3,3737.638,3 3,West,2,1,82
2,4,12,2,3738.297,3 2,West,2,1,82
2,4,12,2,3739.081,3 1,West,2,1,82
2,4,12,2,3739.977,3 1,West,2,1,83
2,4,12,1,3740.582,3 1,South,2,1,83
2,4,12,2,3741.253,3 1,South,2,1,84
2,4,12,3,3741.927,3 1,West,2,1,84
2,4,12,2,3742.789,3 1,West,2,1,85
2,4,12,3,3743.433,3 1,North,2,1,85
2,4,12,2,3744.197,2 1,North,2,1,85
2,4,12,3,3745.627,2 1,East,2,1,85
2,4,12,2,3746.406,2 1,East,2,1,86
2,4,12,3,3746.795,2 1,South,2,1,86
2,4,12,2,3747.461,3 1,South,2,1,86
2,4,12,2,3748.251,3 1,South,2,1,87
2,4,12,3,3748.856,3 1,West,2,1,87
2,4,12,2,3749.516,3 1,West,2,1,88
2,4,12,3,3750.179,3 1,North,2,1,88
2,4,12,2,3750.826,2 1,North,2,1,88
2,4,12,1,3751.688,2 1,West,2,1,88
2,4,12,2,3752.445,2 1,West,2,1,89
2,4,12,3,3753.031,2 1,North,2,1,89
2,4,12,2,3753.717,1 1,North,2,1,89
2,4,12,1,3754.394,1 1,West,2,1,89
2,4,12,2,3755.036,1 0,West,2,1,89
2,4,12,1,3755.829,1 0,South,2,1,89
2,4,12,2,3756.46,2 0,South,2,1,89
2,4,12,2,3757.1,3 0,South,2,1,89
2,4,12,2,3757.852,4 0,South,2,1,89
2,4,12,1,3758.461,4 0,East,2,1,89
2,4,12,2,3759.161,4 1,East,2,1,89
2,4,12,2,3759.861,4 1,East,2,1,90
2,4,12,2,3760.572,4 1,East,2,1,91
2,4,12,3,3764.758,4 1,South,2,1,91
2,4,12,2,3766.093,4 1,South,2,1,91
2,4,12,1,3766.954,4 1,East,2,1,91
2,4,12,1,3767.731,4 1,North,2,1,91
2,4,12,1,3769.157,4 1,West,2,1,91
2,4,12,2,3769.958,4 0,West,2,1,91
2,4,12,3,3770.712,4 0,North,2,1,91
2,4,12,2,3771.69,3 0,North,2,1,91
2,4,12,3,3772.633,3 0,East,2,1,91
2,4,12,3,3773.229,3 0,South,2,1,91
2,4,12,2,3774.085,4 0,South,2,1,91
2,4,12,1,3774.714,4 0,East,2,1,91
2,4,12,2,3775.493,4 1,East,2,1,91
2,4,12,2,3776.269,4 1,East,2,1,92
2,4,12,1,3776.76,4 1,North,2,1,92
2,4,12,2,3777.416,4 1,North,2,1,93
2,4,12,3,3778.134,4 1,East,2,1,93
2,4,12,2,3778.743,4 1,East,2,1,94
2,4,12,1,3779.256,4 1,North,2,1,94
2,4,12,2,3779.96,4 1,North,2,1,95
2,4,12,1,3780.54,4 1,West,2,1,95
2,4,12,2,3781.213,4 0,West,2,1,95
2,4,12,3,3782.136,4 0,North,2,1,95
2,4,12,2,3782.789,3 0,North,2,1,95
2,4,12,3,3783.548,3 0,East,2,1,95
2,4,12,2,3784.136,3 0,East,2,1,96
2,4,12,1,3784.693,3 0,North,2,1,96
2,4,12,2,3785.531,2 0,North,2,1,96
2,4,12,3,3786.485,2 0,East,2,1,96
2,4,12,2,3787.191,2 0,East,2,1,97
2,4,12,1,3787.692,2 0,North,2,1,97
2,4,12,2,3788.381,1 0,North,2,1,97
2,4,12,3,3789.22,1 0,East,2,1,97
2,4,12,2,3789.958,1 1,East,2,1,97
2,4,12,3,3790.757,1 1,South,2,1,97
2,4,12,2,3791.419,2 1,South,2,1,97
2,4,12,1,3792.27,2 1,East,2,1,97
2,4,12,2,3792.955,2 1,East,2,1,98
2,4,12,3,3793.541,2 1,South,2,1,98
2,4,12,2,3794.252,3 1,South,2,1,98
2,4,12,1,3795.079,3 1,East,2,1,98
2,4,12,2,3795.785,3 2,East,2,1,98
2,4,12,2,3797.42,3 3,East,2,1,98
2,4,12,1,3798.109,3 3,North,2,1,98
2,4,12,2,3798.844,3 3,North,2,1,99
2,4,12,1,3799.402,3 3,West,2,1,99
2,4,12,2,3800.139,3 2,West,2,1,99
2,4,12,3,3800.679,3 2,North,2,1,99
2,4,12,2,3801.381,3 2,North,2,1,100
2,4,12,3,3801.898,3 2,East,2,1,100
2,4,12,2,3802.749,3 3,East,2,1,100
2,4,12,2,3803.654,3 3,East,2,1,101
2,4,12,3,3804.377,3 3,South,2,1,101
2,4,12,2,3805.067,3 3,South,2,1,102
2,4,12,3,3805.711,3 3,West,2,1,102
2,4,12,2,3806.405,3 2,West,2,1,102
2,4,12,1,3807.101,3 2,South,2,1,102
2,4,12,2,3807.717,4 2,South,2,1,102
2,4,12,1,3808.487,4 2,East,2,1,102
2,4,12,2,3809.176,4 3,East,2,1,102
2,4,12,2,3809.978,4 4,East,2,1,102
2,4,12,1,3811.181,4 4,North,2,1,102
2,4,12,2,3812.582,3 4,North,2,1,102
2,4,12,2,3813.133,2 4,North,2,1,102
2,4,12,2,3813.895,1 4,North,2,1,102
2,4,12,2,3814.747,0 4,North,2,1,102
2,4,12,1,3815.577,0 4,West,2,1,102
2,4,12,2,3816.678,0 3,West,2,1,102
2,4,12,1,3817.278,0 3,South,2,1,102
2,4,12,2,3818.422,0 3,South,2,1,103
2,4,12,3,3818.989,0 3,West,2,1,103
2,4,12,2,3819.723,0 3,West,2,1,104
2,4,12,3,3820.621,0 3,North,2,1,104
2,4,12,2,3821.236,0 3,North,2,1,104
2,4,12,1,3821.738,0 3,West,2,1,104
2,4,12,2,3822.404,0 3,West,2,1,105
2,4,12,2,3822.877,0 3,West,2,1,106
2,4,12,2,3823.19,0 3,West,2,1,107
2,4,12,1,3824.152,0 3,South,2,1,107
2,4,12,1,3824.669,0 3,East,2,1,107
2,4,12,2,3825.221,0 4,East,2,1,107
2,4,12,3,3825.875,0 4,South,2,1,107
2,4,12,2,3826.622,1 4,South,2,1,107
2,4,12,3,3827.142,1 4,West,2,1,107
2,4,12,2,3827.799,1 3,West,2,1,107
2,4,12,2,3828.539,1 3,West,2,1,108
2,4,12,3,3829.066,1 3,North,2,1,108
2,4,12,2,3829.784,1 3,North,2,1,109
2,4,12,3,3830.428,1 3,East,2,1,109
2,4,12,2,3831.094,1 4,East,2,1,109
2,4,12,3,3831.749,1 4,South,2,1,109
2,4,12,2,3832.439,2 4,South,2,1,109
2,4,12,3,3833.433,2 4,West,2,1,109
2,4,12,2,3834.33,2 4,West,2,1,110
2,4,12,3,3835.022,2 4,North,2,1,110
2,4,12,2,3836.051,1 4,North,2,1,110
2,4,12,2,3836.775,0 4,North,2,1,110
2,4,12,1,3837.605,0 4,West,2,1,110
2,4,12,2,3838.362,0 3,West,2,1,110
2,4,12,2,3839.188,0 3,West,2,1,111
2,4,12,1,3849.27,0 3,South,2,1,111
2,4,12,1,3850.011,0 3,East,2,1,111
2,4,12,2,3850.888,0 4,East,2,1,111
2,4,12,3,3851.564,0 4,South,2,1,111
2,4,12,2,3852.266,1 4,South,2,1,111
2,4,12,2,3853.014,2 4,South,2,1,111
2,4,12,2,3853.784,3 4,South,2,1,111
2,4,12,2,3854.485,4 4,South,2,1,111
2,4,12,3,3855.192,4 4,West,2,1,111
2,4,12,3,3856.086,4 4,North,2,1,111
2,4,12,2,3862.998,3 4,North,2,1,111
2,4,12,1,3864.632,3 4,West,2,1,111
2,4,12,2,3865.908,3 4,West,2,1,112
2,4,12,1,3867.177,3 4,South,2,1,112
2,4,12,2,3868.137,4 4,South,2,1,112
2,4,12,3,3869.101,4 4,West,2,1,112
2,4,12,2,3869.789,4 3,West,2,1,112
2,4,12,3,3870.515,4 3,North,2,1,112
2,4,12,2,3871.222,4 3,North,2,1,113
2,4,12,1,3871.798,4 3,West,2,1,113
2,4,12,2,3872.524,4 2,West,2,1,113
2,4,12,3,3873.275,4 2,North,2,1,113
2,4,12,2,3873.979,3 2,North,2,1,113
2,4,12,1,3874.985,3 2,West,2,1,113
2,4,12,3,3875.622,3 2,North,2,1,113
2,4,12,2,3876.392,3 2,North,2,1,114
2,4,12,1,3877.021,3 2,West,2,1,114
2,4,12,2,3877.749,3 1,West,2,1,114
2,4,12,3,3878.455,3 1,North,2,1,114
2,4,12,2,3879.22,2 1,North,2,1,114
2,4,12,3,3880.01,2 1,East,2,1,114
2,4,12,2,3881.077,2 1,East,2,1,115
2,4,12,3,3881.623,2 1,South,2,1,115
2,4,12,2,3882.268,3 1,South,2,1,115
2,4,12,2,3883.497,3 1,South,2,1,116
2,4,12,3,3884.18,3 1,West,2,1,116
2,4,12,2,3884.809,3 1,West,2,1,117
2,4,12,3,3885.324,3 1,North,2,1,117
2,4,12,2,3885.943,2 1,North,2,1,117
2,4,12,2,3886.757,1 1,North,2,1,117
2,4,12,2,3888.756,1 1,North,2,1,118
2,4,12,2,3889.565,1 1,North,2,1,119
2,4,12,2,3890.108,1 1,North,2,1,120
2,4,12,3,3890.531,1 1,East,2,1,120
2,4,12,2,3891.368,1 1,East,2,1,121
2,4,12,3,3891.879,1 1,South,2,1,121
2,4,12,3,3892.649,1 1,West,2,1,121
2,4,12,2,3893.388,1 0,West,2,1,121
2,4,12,1,3894.1,1 0,South,2,1,121
2,4,12,2,3894.633,2 0,South,2,1,121
2,4,12,2,3895.302,3 0,South,2,1,121
2,4,12,2,3895.946,4 0,South,2,1,121
2,4,12,1,3896.856,4 0,East,2,1,121
2,4,12,2,3897.447,4 1,East,2,1,121
2,4,12,2,3898.135,4 1,East,2,1,122
2,4,12,1,3898.749,4 1,North,2,1,122
2,4,12,2,3899.375,4 1,North,2,1,123
2,4,12,3,3900.071,4 1,East,2,1,123
2,4,12,1,3903.593,4 1,North,2,1,123
2,4,12,1,3904.251,4 1,West,2,1,123
2,4,12,2,3904.939,4 0,West,2,1,123
2,4,12,3,3905.573,4 0,North,2,1,123
2,4,12,2,3906.253,3 0,North,2,1,123
2,4,12,2,3906.842,2 0,North,2,1,123
2,4,12,2,3907.594,1 0,North,2,1,123
2,4,12,2,3908.357,1 0,North,2,1,124
2,4,12,3,3909.244,1 0,East,2,1,124
2,4,12,2,3910.169,1 1,East,2,1,124
2,4,12,2,3911.37,1 1,East,2,1,125
2,4,12,3,3912.025,1 1,South,2,1,125
2,4,12,1,3912.725,1 1,East,2,1,125
2,4,12,1,3913.709,1 1,North,2,1,125
2,4,12,2,3914.378,1 1,North,2,1,126
2,4,12,3,3914.824,1 1,East,2,1,126
2,4,12,1,3915.53,1 1,North,2,1,126
2,4,12,1,3916.311,1 1,West,2,1,126
2,4,12,2,3916.892,1 0,West,2,1,126
2,4,12,3,3917.9,1 0,North,2,1,126
2,4,12,2,3918.572,1 0,North,2,1,127
2,4,12,3,3919.22,1 0,East,2,1,127
2,4,12,3,3920.01,1 0,South,2,1,127
2,4,12,2,3920.645,2 0,South,2,1,127
2,4,12,2,3921.513,3 0,South,2,1,127
2,4,12,2,3922.135,4 0,South,2,1,127
2,4,12,1,3922.794,4 0,East,2,1,127
2,4,12,2,3923.689,4 1,East,2,1,127
2,4,12,2,3924.457,4 1,East,2,1,128
2,4,12,1,3924.922,4 1,North,2,1,128
2,4,12,2,3925.733,4 1,North,2,1,129
2,4,12,3,3926.411,4 1,East,2,1,129
2,4,12,2,3927.06,4 1,East,2,1,130
2,4,12,1,3927.515,4 1,North,2,1,130
2,4,12,2,3928.172,4 1,North,2,1,131
2,4,12,1,3928.663,4 1,West,2,1,131
2,4,12,2,3929.207,4 0,West,2,1,131
2,4,12,3,3929.773,4 0,North,2,1,131
2,4,12,2,3930.493,3 0,North,2,1,131
2,4,12,3,3931.252,3 0,East,2,1,131
2,4,12,2,3931.829,3 0,East,2,1,132
2,4,12,1,3932.279,3 0,North,2,1,132
2,4,12,2,3933.014,2 0,North,2,1,132
2,4,12,3,3933.772,2 0,East,2,1,132
2,4,12,2,3934.359,2 0,East,2,1,133
2,4,12,1,3934.951,2 0,North,2,1,133
2,4,12,2,3935.684,1 0,North,2,1,133
2,4,12,3,3936.522,1 0,East,2,1,133
2,4,12,2,3937.181,1 1,East,2,1,133
2,4,12,2,3938.387,1 1,East,2,1,134
2,4,12,1,3939.303,1 1,North,2,1,134
2,4,12,3,3940.166,1 1,East,2,1,134
2,4,12,3,3940.742,1 1,South,2,1,134
2,4,12,2,3941.42,2 1,South,2,1,134
2,4,12,1,3942.198,2 1,East,2,1,134
2,4,12,2,3942.918,2 1,East,2,1,135
2,4,12,3,3943.453,2 1,South,2,1,135
2,4,12,2,3944.109,3 1,South,2,1,135
2,4,12,1,3944.859,3 1,East,2,1,135
2,4,12,2,3945.497,3 2,East,2,1,135
2,4,12,1,3946.356,3 2,North,2,1,135
2,4,12,2,3947.354,3 2,North,2,1,136
2,4,12,3,3948.154,3 2,East,2,1,136
2,4,12,2,3953.804,3 3,East,2,1,136
2,4,12,2,3954.805,3 3,East,2,1,137
2,4,12,3,3955.495,3 3,South,2,1,137
2,4,12,2,3956.757,3 3,South,2,1,138
2,4,12,2,3965.05,3 3,South,2,1,139
2,4,12,3,3965.753,3 3,West,2,1,139
2,4,12,2,3966.391,3 2,West,2,1,139
2,4,12,1,3967.543,3 2,South,2,1,139
2,4,12,2,3968.172,4 2,South,2,1,139
2,4,12,1,3968.876,4 2,East,2,1,139
2,4,12,2,3969.494,4 3,East,2,1,139
2,4,12,2,3970.119,4 4,East,2,1,139
2,4,12,1,3970.714,4 4,North,2,1,139
2,4,12,2,3972.458,3 4,North,2,1,139
2,4,12,2,3973.129,2 4,North,2,1,139
2,4,12,2,3973.899,1 4,North,2,1,139
2,4,12,2,3974.62,0 4,North,2,1,139
2,4,12,1,3975.501,0 4,West,2,1,139
2,4,12,2,3978.776,0 3,West,2,1,139
2,4,12,2,3979.606,0 3,West,2,1,140
2,4,12,1,3980.231,0 3,South,2,1,140
2,4,12,2,3981.214,0 3,South,2,1,141
2,4,12,1,3981.83,0 3,East,2,1,141
2,4,12,2,3982.473,0 4,East,2,1,141
2,4,12,3,3983.029,0 4,South,2,1,141
2,4,12,2,3983.64,1 4,South,2,1,141
2,4,12,3,3984.762,1 4,West,2,1,141
2,4,12,2,3985.493,1 3,West,2,1,141
2,4,12,3,3986.31,1 3,North,2,1,141
2,4,12,2,3987.019,1 3,North,2,1,142
2,4,12,1,3987.653,1 3,West,2,1,142
2,4,12,2,3988.341,1 3,West,2,1,143
2,4,12,1,3988.968,1 3,South,2,1,143
2,4,12,1,3989.61,1 3,East,2,1,143
2,4,12,2,3990.31,1 4,East,2,1,143
2,4,12,3,3990.984,1 4,South,2,1,143
2,4,12,2,3991.702,2 4,South,2,1,143
2,4,12,3,3992.362,2 4,West,2,1,143
2,4,12,2,3993.093,2 4,West,2,1,144
2,4,12,1,3993.716,2 4,South,2,1,144
2,4,12,2,4000.489,3 4,South,2,1,144
2,4,12,2,4001.898,4 4,South,2,1,144
2,4,12,2,4003.014,4 4,South,2,1,144
2,4,12,3,4004.278,4 4,West,2,1,144
2,4,12,3,4005.654,4 4,North,2,1,144
2,4,12,1,4008.326,4 4,West,2,1,144
2,4,12,2,4009.109,4 3,West,2,1,144
2,4,12,3,4010.022,4 3,North,2,1,144
2,4,12,2,4010.939,4 3,North,2,1,145
2,4,12,1,4011.753,4 3,West,2,1,145
2,4,12,2,4012.377,4 2,West,2,1,145
2,4,12,3,4013.126,4 2,North,2,1,145
2,4,12,2,4013.865,3 2,North,2,1,145
2,4,12,2,4014.654,3 2,North,2,1,146
2,4,12,1,4015.316,3 2,West,2,1,146
2,4,12,2,4015.93,3 1,West,2,1,146
2,4,12,3,4016.493,3 1,North,2,1,146
2,4,12,3,4017.323,3 1,East,2,1,146
2,4,12,2,4018.07,3 2,East,2,1,146
2,4,12,1,4019.91,3 2,North,2,1,146
2,4,12,3,4020.572,3 2,East,2,1,146
2,4,12,3,4021.322,3 2,South,2,1,146
2,4,12,2,4021.99,4 2,South,2,1,146
2,4,12,1,4022.744,4 2,East,2,1,146
2,4,12,2,4023.431,4 3,East,2,1,146
2,4,12,2,4024.214,4 4,East,2,1,146
2,4,12,1,4025.095,4 4,North,2,1,146
2,4,12,2,4025.654,3 4,North,2,1,146
2,4,12,2,4026.265,2 4,North,2,1,146
2,4,12,2,4027.24,1 4,North,2,1,146
2,4,12,2,4028.089,0 4,North,2,1,146
2,4,12,1,4028.969,0 4,West,2,1,146
2,4,12,2,4029.639,0 3,West,2,1,146
2,4,12,2,4030.346,0 3,West,2,1,147
2,4,12,1,4031.373,0 3,South,2,1,147
2,4,12,2,4032.875,0 3,South,2,1,148
2,4,12,1,4033.783,0 3,East,2,1,148
2,4,12,2,4034.582,0 4,East,2,1,148
2,4,12,3,4035.444,0 4,South,2,1,148
2,4,12,2,4036.156,1 4,South,2,1,148
2,4,12,2,4036.972,2 4,South,2,1,148
2,4,12,2,4037.79,3 4,South,2,1,148
2,4,12,2,4038.809,4 4,South,2,1,148
2,4,12,3,4039.477,4 4,West,2,1,148
2,4,12,2,4040.086,4 3,West,2,1,148
2,4,12,2,4040.872,4 2,West,2,1,148
2,4,12,3,4041.621,4 2,North,2,1,148
2,4,12,2,4042.331,3 2,North,2,1,148
2,4,12,2,4043.178,3 2,North,2,1,149
2,4,12,1,4043.813,3 2,West,2,1,149
2,4,12,2,4044.524,3 1,West,2,1,149
2,4,12,3,4045.382,3 1,North,2,1,149
2,4,12,2,4046.155,2 1,North,2,1,149
2,4,12,2,4046.904,1 1,North,2,1,149
2,4,12,3,4047.785,1 1,East,2,1,149
2,4,12,3,4048.724,1 1,South,2,1,149
2,4,12,3,4049.32,1 1,West,2,1,149
2,4,12,2,4050.106,1 0,West,2,1,149
2,4,12,1,4051.004,1 0,South,2,1,149
2,4,12,2,4051.705,2 0,South,2,1,149
2,4,12,2,4052.326,3 0,South,2,1,149
2,4,12,2,4052.94,4 0,South,2,1,149
2,4,12,1,4053.849,4 0,East,2,1,149
2,4,12,2,4054.509,4 1,East,2,1,149
2,4,12,2,4055.575,4 1,East,2,1,150
2,4,12,1,4056.759,4 1,North,2,1,150
2,4,12,2,4057.382,4 1,North,2,1,151
2,4,12,1,4057.901,4 1,West,2,1,151
2,4,12,2,4058.554,4 0,West,2,1,151
2,4,12,3,4059.092,4 0,North,2,1,151
2,4,12,2,4059.644,3 0,North,2,1,151
2,4,12,3,4060.462,3 0,East,2,1,151
2,4,12,3,4061.114,3 0,South,2,1,151
2,4,12,2,4061.804,4 0,South,2,1,151
2,4,12,1,4062.793,4 0,East,2,1,151
2,4,12,1,4064.68,4 0,North,2,1,151
2,4,12,2,4065.484,3 0,North,2,1,151
2,4,12,2,4066.172,2 0,North,2,1,151
2,4,12,2,4067.016,1 0,North,2,1,151
2,4,12,3,4067.658,1 0,East,2,1,151
2,4,12,3,4068.375,1 0,South,2,1,151
2,4,12,2,4069.224,2 0,South,2,1,151
2,4,12,2,4069.812,3 0,South,2,1,151
2,4,12,2,4070.824,4 0,South,2,1,151
2,4,12,2,4071.772,4 0,South,2,1,151
2,4,12,1,4072.692,4 0,East,2,1,151
2,4,12,2,4073.517,4 1,East,2,1,151
2,4,12,2,4074.426,4 1,East,2,1,152
2,4,12,1,4075.004,4 1,North,2,1,152
2,4,12,2,4075.532,4 1,North,2,1,153
2,4,12,1,4076.345,4 1,West,2,1,153
2,4,12,2,4077.493,4 0,West,2,1,153
2,4,12,3,4078.233,4 0,North,2,1,153
2,4,12,2,4078.796,3 0,North,2,1,153
2,4,12,2,4079.603,2 0,North,2,1,153
2,4,12,2,4080.381,1 0,North,2,1,153
2,4,12,2,4081.35,1 0,North,2,1,154
2,4,12,3,4081.977,1 0,East,2,1,154
2,4,12,2,4082.565,1 1,East,2,1,154
2,4,12,2,4083.302,1 1,East,2,1,155
2,4,12,1,4083.927,1 1,North,2,1,155
2,4,12,2,4084.619,1 1,North,2,1,156
2,4,12,3,4085.035,1 1,East,2,1,156
2,4,12,3,4085.868,1 1,South,2,1,156
2,4,12,2,4086.635,2 1,South,2,1,156
2,4,12,1,4087.479,2 1,East,2,1,156
2,4,12,3,4087.997,2 1,South,2,1,156
2,4,12,2,4088.621,3 1,South,2,1,156
2,4,12,1,4089.428,3 1,East,2,1,156
2,4,12,3,4090.008,3 1,South,2,1,156
2,4,12,2,4090.601,3 1,South,2,1,157
2,4,12,2,4091.195,3 1,South,2,1,158
2,4,12,1,4091.531,3 1,East,2,1,158
2,4,12,2,4092.092,3 2,East,2,1,158
2,4,12,2,4093.165,3 3,East,2,1,158
2,4,12,2,4094.614,3 3,East,2,1,159
2,4,12,3,4095.396,3 3,South,2,1,159
2,4,12,2,4096.083,3 3,South,2,1,160
2,4,12,1,4096.726,3 3,East,2,1,160
2,4,12,1,4097.239,3 3,North,2,1,160
2,4,12,2,4097.963,3 3,North,2,1,161
2,4,12,1,4098.582,3 3,West,2,1,161
2,4,12,1,4099.098,3 3,South,2,1,161
2,4,12,2,4099.818,3 3,South,2,1,162
2,4,12,3,4100.311,3 3,West,2,1,162
2,4,12,2,4100.938,3 2,West,2,1,162
2,4,12,1,4101.526,3 2,South,2,1,162
2,4,12,2,4102.126,4 2,South,2,1,162
2,4,12,1,4102.653,4 2,East,2,1,162
2,4,12,2,4103.928,4 3,East,2,1,162
2,4,12,2,4104.86,4 4,East,2,1,162
2,4,12,2,4107.917,4 4,East,2,1,162
2,4,12,1,4108.584,4 4,North,2,1,162
2,4,12,2,4109.287,3 4,North,2,1,162
2,4,12,2,4109.928,2 4,North,2,1,162
2,4,12,2,4110.718,1 4,North,2,1,162
2,4,12,2,4111.497,0 4,North,2,1,162
2,4,12,3,4113.194,0 4,East,2,1,162
2,4,12,3,4114.212,0 4,South,2,1,162
2,4,12,2,4114.825,1 4,South,2,1,162
2,4,12,3,4115.482,1 4,West,2,1,162
2,4,12,2,4116.344,1 3,West,2,1,162
2,4,12,3,4116.92,1 3,North,2,1,162
2,4,12,2,4117.609,1 3,North,2,1,163
2,4,12,1,4118.134,1 3,West,2,1,163
2,4,12,3,4118.668,1 3,North,2,1,163
2,4,12,1,4124.518,1 3,West,2,1,163
2,4,12,2,4125.339,1 3,West,2,1,164
2,4,12,1,4127.721,1 3,South,2,1,164
2,4,12,2,4128.441,2 3,South,2,1,164
2,4,12,3,4129.411,2 3,West,2,1,164
2,4,12,2,4130.182,2 2,West,2,1,164
2,4,12,3,4130.892,2 2,North,2,1,164
2,4,12,2,4131.655,1 2,North,2,1,164
2,4,12,2,4132.379,0 2,North,2,1,164
2,4,12,1,4132.964,0 2,West,2,1,164
2,4,12,2,4133.594,0 1,West,2,1,164
2,4,12,6,4134,0 1,West,2,2,164
2,4,12,1,4134.939,0 1,South,2,2,164
2,4,12,3,4135.948,0 1,West,2,2,164
2,4,12,1,4138.052,0 1,South,2,2,164
2,4,12,3,4139.035,0 1,West,2,2,164
2,4,12,2,4139.734,0 0,West,2,2,164
2,4,12,1,4140.52,0 0,South,2,2,164
2,4,12,2,4141.289,0 0,South,2,2,165
2,4,12,1,4141.846,0 0,East,2,2,165
2,4,12,2,4142.422,0 1,East,2,2,165
2,4,12,2,4143.015,0 2,East,2,2,165
2,4,12,2,4143.605,0 2,East,2,2,166
2,4,12,3,4144.134,0 2,South,2,2,166
2,4,12,2,4144.731,1 2,South,2,2,166
2,4,12,1,4145.717,1 2,East,2,2,166
2,4,12,2,4146.341,1 2,East,2,2,167
2,4,12,3,4146.843,1 2,South,2,2,167
2,4,12,2,4147.433,2 2,South,2,2,167
2,4,12,2,4148.117,2 2,South,2,2,168
2,4,12,3,4148.549,2 2,West,2,2,168
2,4,12,2,4149.205,2 2,West,2,2,169
2,4,12,1,4149.686,2 2,South,2,2,169
2,4,12,1,4150.587,2 2,East,2,2,169
2,4,12,2,4151.244,2 3,East,2,2,169
2,4,12,2,4152.059,2 3,East,2,2,170
2,4,12,3,4152.473,2 3,South,2,2,170
2,4,12,2,4153.084,2 3,South,2,2,171
2,4,12,1,4153.704,2 3,East,2,2,171
2,4,12,1,4154.237,2 3,North,2,2,171
2,4,12,2,4154.893,1 3,North,2,2,171
2,4,12,2,4159.128,1 3,North,2,2,172
2,4,12,3,4159.685,1 3,East,2,2,172
2,4,12,2,4160.309,1 4,East,2,2,172
2,4,12,3,4161.02,1 4,South,2,2,172
2,4,12,2,4161.594,2 4,South,2,2,172
2,4,12,2,4162.136,3 4,South,2,2,172
2,4,12,2,4162.74,4 4,South,2,2,172
2,4,12,3,4163.477,4 4,West,2,2,172
2,4,12,2,4164.119,4 3,West,2,2,172
2,4,12,2,4164.789,4 2,West,2,2,172
2,4,12,2,4165.646,4 2,West,2,2,173
2,4,12,3,4166.298,4 2,North,2,2,173
2,4,12,2,4167.014,3 2,North,2,2,173
2,4,12,1,4167.917,3 2,West,2,2,173
2,4,12,3,4168.601,3 2,North,2,2,173
2,4,12,2,4169.244,3 2,North,2,2,174
2,4,12,1,4169.882,3 2,West,2,2,174
2,4,12,2,4170.56,3 1,West,2,2,174
2,4,12,2,4171.304,3 1,West,2,2,175
2,4,12,1,4171.747,3 1,South,2,2,175
2,4,12,2,4172.39,3 1,South,2,2,176
2,4,12,3,4172.906,3 1,West,2,2,176
2,4,12,3,4173.838,3 1,North,2,2,176
2,4,12,2,4174.504,2 1,North,2,2,176
2,4,12,1,4175.146,2 1,West,2,2,176
2,4,12,2,4175.972,2 1,West,2,2,177
2,4,12,3,4176.473,2 1,North,2,2,177
2,4,12,2,4177.177,1 1,North,2,2,177
2,4,12,1,4177.813,1 1,West,2,2,177
2,4,12,2,4178.635,1 0,West,2,2,177
2,4,12,1,4179.223,1 0,South,2,2,177
2,4,12,2,4179.868,2 0,South,2,2,177
2,4,12,2,4180.438,3 0,South,2,2,177
2,4,12,2,4181.098,4 0,South,2,2,177
2,4,12,6,4181.46,4 0,South,2,3,177
2,4,12,1,4181.862,4 0,East,2,3,177
2,4,12,1,4182.885,4 0,North,2,3,177
2,4,12,2,4183.562,3 0,North,2,3,177
2,4,12,2,4184.171,2 0,North,2,3,177
2,4,12,3,4184.957,2 0,East,2,3,177
2,4,12,2,4185.491,2 0,East,2,3,178
2,4,12,1,4185.896,2 0,North,2,3,178
2,4,12,2,4186.582,1 0,North,2,3,178
2,4,12,3,4187.173,1 0,East,2,3,178
2,4,12,2,4187.8,1 1,East,2,3,178
2,4,12,2,4188.538,1 1,East,2,3,179
2,4,12,1,4188.94,1 1,North,2,3,179
2,4,12,2,4189.583,1 1,North,2,3,180
2,4,12,1,4190.164,1 1,West,2,3,180
2,4,12,2,4190.809,1 0,West,2,3,180
2,4,12,3,4191.383,1 0,North,2,3,180
2,4,12,2,4192.042,1 0,North,2,3,181
2,4,12,3,4192.507,1 0,East,2,3,181
2,4,12,3,4193.351,1 0,South,2,3,181
2,4,12,3,4193.877,1 0,West,2,3,181
2,4,12,1,4194.492,1 0,South,2,3,181
2,4,12,2,4195.11,2 0,South,2,3,181
2,4,12,2,4195.693,3 0,South,2,3,181
2,4,12,2,4196.483,4 0,South,2,3,181
2,4,12,1,4197.126,4 0,East,2,3,181
2,4,12,2,4197.707,4 1,East,2,3,181
2,4,12,2,4198.314,4 1,East,2,3,182
2,4,12,1,4198.759,4 1,North,2,3,182
2,4,12,2,4199.407,4 1,North,2,3,183
2,4,12,3,4200.166,4 1,East,2,3,183
2,4,12,1,4201.292,4 1,North,2,3,183
2,4,12,1,4202.345,4 1,West,2,3,183
2,4,12,2,4202.983,4 0,West,2,3,183
2,4,12,3,4203.528,4 0,North,2,3,183
2,4,12,2,4204.199,3 0,North,2,3,183
2,4,12,3,4204.874,3 0,East,2,3,183
2,4,12,2,4205.547,3 0,East,2,3,184
2,4,12,1,4206.037,3 0,North,2,3,184
2,4,12,2,4206.762,2 0,North,2,3,184
2,4,12,3,4207.484,2 0,East,2,3,184
2,4,12,2,4208.107,2 0,East,2,3,185
2,4,12,1,4208.644,2 0,North,2,3,185
2,4,12,2,4209.382,1 0,North,2,3,185
2,4,12,3,4210.167,1 0,East,2,3,185
2,4,12,2,4210.861,1 1,East,2,3,185
2,4,12,2,4211.661,1 1,East,2,3,186
2,4,12,1,4212.131,1 1,North,2,3,186
2,4,12,2,4212.763,1 1,North,2,3,187
2,4,12,1,4213.291,1 1,West,2,3,187
2,4,12,2,4213.948,1 0,West,2,3,187
2,4,12,3,4215.005,1 0,North,2,3,187
2,4,12,2,4215.686,1 0,North,2,3,188
2,4,12,3,4216.211,1 0,East,2,3,188
2,4,12,3,4216.979,1 0,South,2,3,188
2,4,12,1,4217.941,1 0,East,2,3,188
2,4,12,1,4218.652,1 0,North,2,3,188
2,4,12,2,4219.365,1 0,North,2,3,189
2,4,12,3,4219.752,1 0,East,2,3,189
2,4,12,2,4220.52,1 1,East,2,3,189
2,4,12,2,4221.3,1 1,East,2,3,190
2,4,12,1,4221.721,1 1,North,2,3,190
2,4,12,2,4222.42,1 1,North,2,3,191
2,4,12,1,4222.987,1 1,West,2,3,191
2,4,12,2,4223.637,1 0,West,2,3,191
2,4,12,1,4224.231,1 0,South,2,3,191
2,4,12,2,4224.878,2 0,South,2,3,191
2,4,12,2,4225.508,3 0,South,2,3,191
2,4,12,2,4226.22,4 0,South,2,3,191
2,4,12,1,4226.888,4 0,East,2,3,191
2,4,12,2,4227.558,4 1,East,2,3,191
2,4,12,2,4228.297,4 1,East,2,3,192
2,4,12,1,4228.918,4 1,North,2,3,192
2,4,12,2,4229.563,4 1,North,2,3,193
2,4,12,1,4230.171,4 1,West,2,3,193
2,4,12,2,4230.775,4 0,West,2,3,193
2,4,12,2,4234.903,4 0,West,2,3,193
2,4,12,3,4235.479,4 0,North,2,3,193
2,4,12,2,4236.366,3 0,North,2,3,193
2,4,12,2,4237.256,2 0,North,2,3,193
2,4,12,2,4238.133,1 0,North,2,3,193
2,4,12,2,4238.825,1 0,North,2,3,194
2,4,12,3,4239.35,1 0,East,2,3,194
2,4,12,3,4240.04,1 0,South,2,3,194
2,4,12,2,4240.902,2 0,South,2,3,194
2,4,12,1,4241.434,2 0,East,2,3,194
2,4,12,2,4242.086,2 0,East,2,3,195
2,4,12,1,4242.654,2 0,North,2,3,195
2,4,12,2,4243.303,1 0,North,2,3,195
2,4,12,3,4243.88,1 0,East,2,3,195
2,4,12,2,4244.534,1 1,East,2,3,195
2,4,12,2,4245.254,1 1,East,2,3,196
2,4,12,3,4245.833,1 1,South,2,3,196
2,4,12,2,4246.503,2 1,South,2,3,196
2,4,12,2,4247.371,3 1,South,2,3,196
2,4,12,2,4248.009,3 1,South,2,3,197
2,4,12,1,4248.524,3 1,East,2,3,197
2,4,12,2,4249.173,3 2,East,2,3,197
2,4,12,2,4249.895,3 3,East,2,3,197
2,4,12,2,4250.79,3 3,East,2,3,198
2,4,12,1,4251.257,3 3,North,2,3,198
2,4,12,2,4251.883,3 3,North,2,3,199
2,4,12,3,4252.491,3 3,East,2,3,199
2,4,12,3,4253.097,3 3,South,2,3,199
2,4,12,2,4253.836,3 3,South,2,3,200
2,4,12,3,4254.472,3 3,West,2,3,200
2,4,12,3,4255.176,3 3,North,2,3,200
2,4,12,2,4255.838,3 3,North,2,3,201
2,4,12,1,4256.531,3 3,West,2,3,201
2,4,12,2,4257.192,3 2,West,2,3,201
2,4,12,1,4257.772,3 2,South,2,3,201
2,4,12,2,4258.507,4 2,South,2,3,201
2,4,12,1,4259.031,4 2,East,2,3,201
2,4,12,2,4259.662,4 3,East,2,3,201
2,4,12,2,4260.314,4 4,East,2,3,201
2,4,12,1,4261.002,4 4,North,2,3,201
2,4,12,2,4261.594,3 4,North,2,3,201
2,4,12,2,4262.185,2 4,North,2,3,201
2,4,12,2,4262.854,1 4,North,2,3,201
2,4,12,2,4263.579,0 4,North,2,3,201
2,4,12,1,4264.185,0 4,West,2,3,201
2,4,12,2,4264.806,0 3,West,2,3,201
2,4,12,6,4265.22,0 3,West,2,4,201
2,4,12,1,4265.588,0 3,South,2,4,201
2,4,12,1,4266.475,0 3,East,2,4,201
2,4,12,2,4267.049,0 4,East,2,4,201
2,4,12,3,4268.014,0 4,South,2,4,201
2,4,12,2,4268.634,1 4,South,2,4,201
2,4,12,2,4269.206,2 4,South,2,4,201
2,4,12,2,4269.869,3 4,South,2,4,201
2,4,12,2,4270.662,4 4,South,2,4,201
2,4,12,3,4271.277,4 4,West,2,4,201
2,4,12,2,4271.946,4 3,West,2,4,201
2,4,12,2,4272.568,4 2,West,2,4,201
2,4,12,2,4273.308,4 2,West,2,4,202
2,4,12,3,4273.734,4 2,North,2,4,202
2,4,12,2,4274.411,3 2,North,2,4,202
2,4,12,1,4274.965,3 2,West,2,4,202
2,4,12,2,4275.627,3 1,West,2,4,202
2,4,12,6,4276.04,3 1,West,2,5,202
2,4,12,1,4276.486,3 1,South,2,5,202
2,4,12,1,4277.611,3 1,East,2,5,202
2,4,12,2,4278.278,3 2,East,2,5,202
2,4,12,3,4278.952,3 2,South,2,5,202
2,4,12,2,4279.708,4 2,South,2,5,202
2,4,12,6,4280.08,4 2,South,2,6,202
2,4,12,1,4280.435,4 2,East,2,6,202
2,4,12,1,4281.134,4 2,North,2,6,202
2,4,12,3,4281.915,4 2,East,2,6,202
2,4,12,2,4282.582,4 3,East,2,6,202
2,4,12,2,4283.205,4 4,East,2,6,202
2,4,12,1,4283.805,4 4,North,2,6,202
2,4,12,2,4284.436,3 4,North,2,6,202
2,4,12,2,4285.017,2 4,North,2,6,202
2,4,12,2,4285.637,1 4,North,2,6,202
2,4,12,6,4286.02,1 4,North,2,7,202
2,4,12,1,4286.411,1 4,West,2,7,202
2,4,12,1,4286.996,1 4,South,2,7,202
2,4,12,2,4287.542,2 4,South,2,7,202
2,4,12,2,4288.174,3 4,South,2,7,202
2,4,12,3,4288.698,3 4,West,2,7,202
2,4,12,2,4289.511,3 4,West,2,7,203
2,4,12,1,4290.06,3 4,South,2,7,203
2,4,12,2,4290.684,4 4,South,2,7,203
2,4,12,3,4291.507,4 4,West,2,7,203
2,4,12,2,4292.188,4 3,West,2,7,203
2,4,12,2,4292.854,4 2,West,2,7,203
2,4,12,3,4293.486,4 2,North,2,7,203
2,4,12,2,4294.121,3 2,North,2,7,203
2,4,12,6,4294.5,3 2,North,2,8,203
1,5,13,1,4575.803,4 3,North,3,0,203
1,5,13,1,4576.662,4 2,North,3,0,203
1,5,13,2,4578.792,3 2,North,3,0,203
1,5,13,1,4579.643,3 1,North,3,0,203
1,5,13,6,4580.04,3 1,North,3,1,203
1,5,13,1,4580.709,3 0,North,3,1,203
1,5,13,2,4586.552,2 0,North,3,1,203
1,5,13,4,4587.595,3 0,North,3,1,203
1,5,13,2,4589.098,2 0,North,3,1,203
1,5,13,2,4589.736,1 0,North,3,1,203
1,5,13,6,4590.12,1 0,North,3,2,203
1,5,13,4,4591.172,2 0,North,3,2,203
1,5,13,4,4592.103,3 0,North,3,2,203
1,5,13,3,4593.335,3 1,North,3,2,203
1,5,13,3,4594.134,3 2,North,3,2,203
1,5,13,4,4595.27,4 2,North,3,2,203
1,5,13,6,4595.64,4 2,North,3,3,203
1,5,13,3,4596.662,4 3,North,3,3,203
1,5,13,3,4598.294,4 4,North,3,3,203
1,5,13,2,4599.365,3 4,North,3,3,203
1,5,13,1,4601.276,3 3,North,3,3,203
1,5,13,2,4602.106,2 3,North,3,3,203
1,5,13,2,4604.441,1 3,North,3,3,203
1,5,13,6,4604.82,1 3,North,3,4,203
1,5,13,4,4607.162,2 3,North,3,4,203
1,5,13,4,4613.246,3 3,North,3,4,203
1,5,13,3,4617.062,3 4,North,3,4,203
1,5,13,4,4617.752,4 4,North,3,4,203
1,5,13,1,4620.9,4 3,North,3,4,203
1,5,13,1,4621.642,4 2,North,3,4,203
1,5,13,2,4624.282,3 2,North,3,4,203
1,5,13,6,4624.68,3 2,North,3,5,203
1,5,13,4,4625.429,4 2,North,3,5,203
1,5,13,3,4626.679,4 3,North,3,5,203
1,5,13,6,4627.08,4 3,North,3,6,203
1,5,13,3,4627.517,4 4,North,3,6,203
1,5,13,1,4628.153,4 3,North,3,6,203
1,5,13,1,4628.764,4 2,North,3,6,203
1,5,13,3,4629.382,4 3,North,3,6,203
1,5,13,1,4629.991,4 2,North,3,6,203
1,5,13,2,4630.571,3 2,North,3,6,203
1,5,13,1,4631.229,3 1,North,3,6,203
1,5,13,1,4631.865,3 0,North,3,6,203
1,5,13,2,4633.561,2 0,North,3,6,203
1,5,13,2,4634.124,1 0,North,3,6,203
1,5,13,4,4635.317,2 0,North,3,6,203
1,5,13,4,4635.9,3 0,North,3,6,203
1,5,13,2,4636.979,2 0,North,3,6,203
1,5,13,2,4637.526,1 0,North,3,6,203
1,5,13,3,4638.044,1 1,North,3,6,203
1,5,13,4,4638.618,2 1,North,3,6,203
1,5,13,3,4639.143,2 2,North,3,6,203
1,5,13,2,4639.693,1 2,North,3,6,203
1,5,13,2,4640.331,0 2,North,3,6,203
1,5,13,1,4640.905,0 1,North,3,6,203
1,5,13,3,4641.608,0 2,North,3,6,203
1,5,13,4,4642.23,1 2,North,3,6,203
1,5,13,4,4642.917,2 2,North,3,6,203
1,5,13,1,4643.899,2 1,North,3,6,203
1,5,13,2,4644.533,1 1,North,3,6,203
1,5,13,1,4645.079,1 0,North,3,6,203
1,5,13,4,4645.72,2 0,North,3,6,203
1,5,13,4,4646.371,3 0,North,3,6,203
1,5,13,3,4646.938,3 1,North,3,6,203
1,5,13,3,4647.833,3 2,North,3,6,203
1,5,13,1,4648.747,3 1,North,3,6,203
1,5,13,1,4649.444,3 0,North,3,6,203
1,5,13,2,4650.074,2 0,North,3,6,203
1,5,13,2,4650.677,1 0,North,3,6,203
1,5,13,4,4651.835,2 0,North,3,6,203
1,5,13,4,4652.473,3 0,North,3,6,203
1,5,13,3,4652.999,3 1,North,3,6,203
1,5,13,3,4653.62,3 2,North,3,6,203
1,5,13,4,4654.184,4 2,North,3,6,203
1,5,13,3,4654.933,4 3,North,3,6,203
1,5,13,3,4655.609,4 4,North,3,6,203
1,5,13,2,4656.199,3 4,North,3,6,203
1,5,13,6,4656.58,3 4,North,3,7,203
1,5,13,1,4658.839,3 3,North,3,7,203
1,5,13,2,4659.363,2 3,North,3,7,203
1,5,13,2,4659.976,1 3,North,3,7,203
1,5,13,2,4660.602,0 3,North,3,7,203
1,5,13,3,4661.322,0 4,North,3,7,203
1,5,13,4,4662.204,1 4,North,3,7,203
1,5,13,6,4662.56,1 4,North,3,8,203
2,5,13,2,4666.959,3 4,North,3,0,0
2,5,13,6,4667.34,3 4,North,3,1,0
2,5,13,2,4671.207,3 4,North,3,1,1
2,5,13,1,4671.719,3 4,West,3,1,1
2,5,13,2,4675.659,3 3,West,3,1,1
2,5,13,3,4677.125,3 3,North,3,1,1
2,5,13,2,4677.893,2 3,North,3,1,1
2,5,13,2,4678.644,1 3,North,3,1,1
2,5,13,6,4679.02,1 3,North,3,2,1
2,5,13,1,4679.427,1 3,West,3,2,1
2,5,13,1,4680.188,1 3,South,3,2,1
2,5,13,2,4681.014,2 3,South,3,2,1
2,5,13,2,4681.627,3 3,South,3,2,1
2,5,13,3,4682.214,3 3,West,3,2,1
2,5,13,2,4682.917,3 3,West,3,2,2
2,5,13,1,4683.406,3 3,South,3,2,2
2,5,13,2,4684.068,3 3,South,3,2,3
2,5,13,1,4684.958,3 3,East,3,2,3
2,5,13,2,4685.687,3 4,East,3,2,3
2,5,13,3,4686.232,3 4,South,3,2,3
2,5,13,2,4686.94,4 4,South,3,2,3
2,5,13,3,4688.044,4 4,West,3,2,3
2,5,13,2,4688.695,4 3,West,3,2,3
2,5,13,2,4689.356,4 2,West,3,2,3
2,5,13,3,4689.931,4 2,North,3,2,3
2,5,13,2,4690.604,3 2,North,3,2,3
2,5,13,6,4691,3 2,North,3,3,3
2,5,13,1,4691.993,3 2,West,3,3,3
2,5,13,1,4692.508,3 2,South,3,3,3
2,5,13,2,4693.081,4 2,South,3,3,3
2,5,13,3,4693.673,4 2,West,3,3,3
2,5,13,2,4694.39,4 1,West,3,3,3
2,5,13,2,4695.111,4 0,West,3,3,3
2,5,13,6,4695.54,4 0,West,3,4,3
2,5,13,3,4695.895,4 0,North,3,4,3
2,5,13,3,4696.537,4 0,East,3,4,3
2,5,13,2,4697.401,4 1,East,3,4,3
2,5,13,2,4697.992,4 2,East,3,4,3
2,5,13,2,4698.703,4 3,East,3,4,3
2,5,13,2,4699.625,4 4,East,3,4,3
2,5,13,1,4700.203,4 4,North,3,4,3
2,5,13,1,4702.759,4 4,West,3,4,3
2,5,13,2,4703.563,4 3,West,3,4,3
2,5,13,3,4704.203,4 3,North,3,4,3
2,5,13,1,4705.159,4 3,West,3,4,3
2,5,13,2,4705.853,4 2,West,3,4,3
2,5,13,3,4706.377,4 2,North,3,4,3
2,5,13,2,4707.126,3 2,North,3,4,3
2,5,13,2,4707.755,3 2,North,3,4,4
2,5,13,1,4708.312,3 2,West,3,4,4
2,5,13,2,4708.856,3 1,West,3,4,4
2,5,13,3,4709.401,3 1,North,3,4,4
2,5,13,2,4709.962,3 1,North,3,4,5
2,5,13,3,4710.552,3 1,East,3,4,5
2,5,13,2,4711.191,3 2,East,3,4,5
2,5,13,2,4711.797,3 2,East,3,4,6
2,5,13,3,4712.3,3 2,South,3,4,6
2,5,13,2,4712.871,4 2,South,3,4,6
2,5,13,1,4713.831,4 2,East,3,4,6
2,5,13,2,4714.439,4 3,East,3,4,6
2,5,13,2,4715.141,4 4,East,3,4,6
2,5,13,1,4715.788,4 4,North,3,4,6
2,5,13,2,4716.477,3 4,North,3,4,6
2,5,13,2,4717.125,3 4,North,3,4,7
2,5,13,1,4717.658,3 4,West,3,4,7
2,5,13,2,4718.313,3 3,West,3,4,7
2,5,13,3,4718.987,3 3,North,3,4,7
2,5,13,2,4719.637,2 3,North,3,4,7
2,5,13,2,4720.348,1 3,North,3,4,7
2,5,13,1,4721.274,1 3,West,3,4,7
2,5,13,2,4721.931,1 3,West,3,4,8
2,5,13,3,4722.538,1 3,North,3,4,8
2,5,13,2,4723.189,0 3,North,3,4,8
2,5,13,1,4724.108,0 3,West,3,4,8
2,5,13,2,4724.906,0 3,West,3,4,9
2,5,13,2,4728.198,0 3,West,3,4,10
2,5,13,1,4729.128,0 3,South,3,4,10
2,5,13,1,4729.781,0 3,East,3,4,10
2,5,13,2,4730.542,0 4,East,3,4,10
2,5,13,3,4731.189,0 4,South,3,4,10
2,5,13,2,4731.819,1 4,South,3,4,10
2,5,13,3,4732.747,1 4,West,3,4,10
2,5,13,2,4734.183,1 4,West,3,4,11
2,5,13,1,4734.701,1 4,South,3,4,11
2,5,13,2,4735.416,2 4,South,3,4,11
2,5,13,3,4736.105,2 4,West,3,4,11
2,5,13,2,4736.886,2 4,West,3,4,12
2,5,13,1,4737.457,2 4,South,3,4,12
2,5,13,2,4738.247,2 4,South,3,4,13
2,5,13,2,4740.342,2 4,South,3,4,14
2,5,13,3,4740.889,2 4,West,3,4,14
2,5,13,2,4741.532,2 4,West,3,4,15
2,5,13,3,4742.06,2 4,North,3,4,15
2,5,13,2,4742.63,1 4,North,3,4,15
2,5,13,2,4743.292,0 4,North,3,4,15
2,5,13,1,4743.817,0 4,West,3,4,15
2,5,13,2,4744.349,0 3,West,3,4,15
2,5,13,2,4745.05,0 3,West,3,4,16
2,5,13,1,4745.478,0 3,South,3,4,16
2,5,13,2,4746.084,1 3,South,3,4,16
2,5,13,2,4747,2 3,South,3,4,16
2,5,13,2,4747.704,3 3,South,3,4,16
2,5,13,2,4748.552,3 3,South,3,4,17
2,5,13,3,4749.065,3 3,West,3,4,17
2,5,13,2,4749.753,3 3,West,3,4,18
2,5,13,3,4750.457,3 3,North,3,4,18
2,5,13,2,4751.108,2 3,North,3,4,18
2,5,13,1,4751.98,2 3,West,3,4,18
2,5,13,2,4752.662,2 3,West,3,4,19
2,5,13,3,4753.307,2 3,North,3,4,19
2,5,13,2,4753.924,1 3,North,3,4,19
2,5,13,1,4754.845,1 3,West,3,4,19
2,5,13,2,4755.531,1 3,West,3,4,20
2,5,13,3,4756.021,1 3,North,3,4,20
2,5,13,1,4756.573,1 3,West,3,4,20
2,5,13,3,4757.163,1 3,North,3,4,20
2,5,13,2,4757.831,0 3,North,3,4,20
2,5,13,1,4758.365,0 3,West,3,4,20
2,5,13,2,4759.102,0 3,West,3,4,21
2,5,13,1,4759.543,0 3,South,3,4,21
2,5,13,2,4760.171,1 3,South,3,4,21
2,5,13,2,4760.806,2 3,South,3,4,21
2,5,13,2,4761.47,3 3,South,3,4,21
2,5,13,2,4762.139,3 3,South,3,4,22
2,5,13,1,4763.498,3 3,East,3,4,22
2,5,13,2,4764.265,3 4,East,3,4,22
2,5,13,3,4764.812,3 4,South,3,4,22
2,5,13,2,4765.54,4 4,South,3,4,22
2,5,13,3,4766.204,4 4,West,3,4,22
2,5,13,2,4766.925,4 3,West,3,4,22
2,5,13,2,4767.518,4 2,West,3,4,22
2,5,13,2,4768.731,4 1,West,3,4,22
2,5,13,3,4769.253,4 1,North,3,4,22
2,5,13,2,4770.077,4 1,North,3,4,23
2,5,13,1,4770.756,4 1,West,3,4,23
2,5,13,2,4771.417,4 0,West,3,4,23
2,5,13,3,4772.023,4 0,North,3,4,23
2,5,13,2,4772.633,4 0,North,3,4,24
2,5,13,3,4773.207,4 0,East,3,4,24
2,5,13,2,4773.944,4 1,East,3,4,24
2,5,13,1,4774.526,4 1,North,3,4,24
2,5,13,2,4775.189,4 1,North,3,4,25
2,5,13,3,4775.625,4 1,East,3,4,25
2,5,13,2,4776.308,4 2,East,3,4,25
2,5,13,1,4776.939,4 2,North,3,4,25
2,5,13,2,4777.64,3 2,North,3,4,25
2,5,13,1,4778.318,3 2,West,3,4,25
2,5,13,2,4778.999,3 1,West,3,4,25
2,5,13,3,4779.61,3 1,North,3,4,25
2,5,13,2,4780.188,3 1,North,3,4,26
2,5,13,3,4782.333,3 1,East,3,4,26
2,5,13,1,4783.179,3 1,North,3,4,26
2,5,13,1,4783.868,3 1,West,3,4,26
2,5,13,2,4784.439,3 0,West,3,4,26
2,5,13,3,4785.43,3 0,North,3,4,26
2,5,13,2,4786.087,2 0,North,3,4,26
2,5,13,2,4786.777,1 0,North,3,4,26
2,5,13,3,4787.449,1 0,East,3,4,26
2,5,13,2,4788.103,1 1,East,3,4,26
2,5,13,2,4788.778,1 1,East,3,4,27
2,5,13,3,4789.353,1 1,South,3,4,27
2,5,13,2,4790.588,2 1,South,3,4,27
2,5,13,1,4791.124,2 1,East,3,4,27
2,5,13,2,4791.884,2 2,East,3,4,27
2,5,13,1,4792.458,2 2,North,3,4,27
2,5,13,2,4793.14,1 2,North,3,4,27
2,5,13,6,4793.52,1 2,North,3,5,27
2,5,13,1,4793.923,1 2,West,3,5,27
2,5,13,1,4796.421,1 2,South,3,5,27
2,5,13,2,4797.092,2 2,South,3,5,27
2,5,13,3,4797.658,2 2,West,3,5,27
2,5,13,2,4798.33,2 1,West,3,5,27
2,5,13,2,4799.093,2 1,West,3,5,28
2,5,13,3,4799.508,2 1,North,3,5,28
2,5,13,2,4800.19,1 1,North,3,5,28
2,5,13,1,4800.837,1 1,West,3,5,28
2,5,13,2,4801.515,1 0,West,3,5,28
2,5,13,1,4802.051,1 0,South,3,5,28
2,5,13,2,4802.681,2 0,South,3,5,28
2,5,13,6,4803.06,2 0,South,3,6,28
2,5,13,1,4803.401,2 0,East,3,6,28
2,5,13,3,4804.621,2 0,South,3,6,28
2,5,13,2,4805.285,3 0,South,3,6,28
2,5,13,2,4806.008,3 0,South,3,6,29
2,5,13,1,4806.475,3 0,East,3,6,29
2,5,13,2,4807.146,3 1,East,3,6,29
2,5,13,3,4807.927,3 1,South,3,6,29
2,5,13,2,4808.634,3 1,South,3,6,30
2,5,13,1,4809.031,3 1,East,3,6,30
2,5,13,2,4809.738,3 2,East,3,6,30
2,5,13,3,4810.327,3 2,South,3,6,30
2,5,13,2,4811.034,4 2,South,3,6,30
2,5,13,6,4811.42,4 2,South,3,7,30
2,5,13,1,4811.85,4 2,East,3,7,30
2,5,13,1,4812.519,4 2,North,3,7,30
2,5,13,3,4813.66,4 2,East,3,7,30
2,5,13,2,4814.394,4 3,East,3,7,30
2,5,13,1,4815.094,4 3,North,3,7,30
2,5,13,2,4815.785,4 3,North,3,7,31
2,5,13,3,4816.649,4 3,East,3,7,31
2,5,13,2,4817.428,4 4,East,3,7,31
2,5,13,1,4818.044,4 4,North,3,7,31
2,5,13,2,4818.712,3 4,North,3,7,31
2,5,13,1,4819.324,3 4,West,3,7,31
2,5,13,2,4819.992,3 3,West,3,7,31
2,5,13,6,4820.4,3 3,West,3,8,31
1,5,14,1,4824.823,4 3,North,3,0,31
1,5,14,1,4825.699,4 2,North,3,0,31
1,5,14,3,4827.575,4 3,North,3,0,31
1,5,14,3,4828.155,4 4,North,3,0,31
1,5,14,1,4829.095,4 3,North,3,0,31
1,5,14,3,4830.516,4 4,North,3,0,31
1,5,14,2,4831.147,3 4,North,3,0,31
1,5,14,1,4831.814,3 3,North,3,0,31
1,5,14,1,4834.069,3 3,North,3,0,31
1,5,14,1,4834.87,3 3,North,3,0,31
1,5,14,3,4835.387,3 4,North,3,0,31
1,5,14,1,4836.197,3 3,North,3,0,31
1,5,14,3,4836.773,3 4,North,3,0,31
1,5,14,4,4838.471,4 4,North,3,0,31
1,5,14,1,4839.245,4 3,North,3,0,31
1,5,14,1,4841.003,4 2,North,3,0,31
1,5,14,1,4842.761,4 1,North,3,0,31
1,5,14,1,4843.38,4 0,North,3,0,31
1,5,14,6,4843.78,4 0,North,3,1,31
1,5,14,3,4843.914,4 1,North,3,1,31
1,5,14,3,4844.922,4 2,North,3,1,31
1,5,14,3,4846.23,4 3,North,3,1,31
1,5,14,3,4846.981,4 4,North,3,1,31
1,5,14,1,4847.557,4 3,North,3,1,31
1,5,14,1,4848.442,4 2,North,3,1,31
1,5,14,2,4849.352,3 2,North,3,1,31
1,5,14,4,4851.766,4 2,North,3,1,31
1,5,14,2,4852.651,3 2,North,3,1,31
1,5,14,1,4853.306,3 1,North,3,1,31
1,5,14,1,4853.861,3 0,North,3,1,31
1,5,14,2,4854.756,2 0,North,3,1,31
1,5,14,4,4855.669,3 0,North,3,1,31
1,5,14,4,4856.187,3 0,North,3,1,31
1,5,14,3,4856.5,3 1,North,3,1,31
1,5,14,3,4857.401,3 2,North,3,1,31
1,5,14,3,4857.927,3 2,North,3,1,31
1,5,14,4,4858.267,4 2,North,3,1,31
1,5,14,3,4859.06,4 3,North,3,1,31
1,5,14,3,4860.068,4 4,North,3,1,31
1,5,14,1,4860.81,4 3,North,3,1,31
1,5,14,1,4861.436,4 2,North,3,1,31
1,5,14,2,4862.182,3 2,North,3,1,31
1,5,14,1,4862.907,3 1,North,3,1,31
1,5,14,1,4863.547,3 0,North,3,1,31
1,5,14,2,4864.341,2 0,North,3,1,31
1,5,14,2,4865.322,1 0,North,3,1,31
1,5,14,3,4866.425,1 1,North,3,1,31
1,5,14,4,4868.202,2 1,North,3,1,31
1,5,14,3,4869.08,2 2,North,3,1,31
1,5,14,2,4869.748,1 2,North,3,1,31
1,5,14,2,4870.428,0 2,North,3,1,31
1,5,14,6,4870.8,0 2,North,3,2,31
1,5,14,4,4871.371,1 2,North,3,2,31
1,5,14,4,4872.105,2 2,North,3,2,31
1,5,14,1,4872.633,2 1,North,3,2,31
1,5,14,2,4873.188,1 1,North,3,2,31
1,5,14,6,4873.58,1 1,North,3,3,31
1,5,14,4,4874.104,2 1,North,3,3,31
1,5,14,2,4875.036,1 1,North,3,3,31
1,5,14,1,4875.572,1 0,North,3,3,31
1,5,14,4,4876.146,2 0,North,3,3,31
1,5,14,4,4877.289,3 0,North,3,3,31
1,5,14,3,4878.012,3 1,North,3,3,31
1,5,14,3,4878.679,3 2,North,3,3,31
1,5,14,4,4879.737,4 2,North,3,3,31
1,5,14,3,4880.358,4 3,North,3,3,31
1,5,14,3,4880.987,4 4,North,3,3,31
1,5,14,2,4881.593,3 4,North,3,3,31
1,5,14,1,4882.166,3 3,North,3,3,31
1,5,14,2,4882.699,2 3,North,3,3,31
1,5,14,2,4883.303,1 3,North,3,3,31
1,5,14,2,4884.09,0 3,North,3,3,31
1,5,14,6,4884.48,0 3,North,3,4,31
1,5,14,4,4885.061,1 3,North,3,4,31
1,5,14,4,4885.996,2 3,North,3,4,31
1,5,14,4,4886.838,3 3,North,3,4,31
1,5,14,3,4887.43,3 4,North,3,4,31
1,5,14,4,4890.46,4 4,North,3,4,31
1,5,14,1,4891.317,4 3,North,3,4,31
1,5,14,1,4892.123,4 2,North,3,4,31
1,5,14,2,4893.132,3 2,North,3,4,31
1,5,14,1,4894.071,3 1,North,3,4,31
1,5,14,1,4894.966,3 0,North,3,4,31
1,5,14,2,4895.85,2 0,North,3,4,31
1,5,14,2,4896.552,1 0,North,3,4,31
1,5,14,3,4897.22,1 1,North,3,4,31
1,5,14,4,4898.037,2 1,North,3,4,31
1,5,14,3,4898.663,2 2,North,3,4,31
1,5,14,2,4900.005,1 2,North,3,4,31
1,5,14,6,4900.38,1 2,North,3,5,31
1,5,14,4,4901.036,2 2,North,3,5,31
1,5,14,1,4901.596,2 1,North,3,5,31
1,5,14,2,4902.294,1 1,North,3,5,31
1,5,14,1,4902.814,1 0,North,3,5,31
1,5,14,4,4903.448,2 0,North,3,5,31
1,5,14,4,4904.458,3 0,North,3,5,31
1,5,14,3,4905.01,3 1,North,3,5,31
1,5,14,3,4905.788,3 2,North,3,5,31
1,5,14,4,4906.373,4 2,North,3,5,31
1,5,14,1,4906.942,4 1,North,3,5,31
1,5,14,6,4907.34,4 1,North,3,6,31
1,5,14,3,4907.978,4 2,North,3,6,31
1,5,14,2,4909.002,3 2,North,3,6,31
1,5,14,1,4909.562,3 1,North,3,6,31
1,5,14,1,4910.444,3 0,North,3,6,31
1,5,14,2,4910.971,2 0,North,3,6,31
1,5,14,2,4911.61,1 0,North,3,6,31
1,5,14,3,4912.144,1 1,North,3,6,31
1,5,14,4,4912.708,2 1,North,3,6,31
1,5,14,3,4913.266,2 2,North,3,6,31
1,5,14,2,4913.925,1 2,North,3,6,31
1,5,14,2,4914.965,0 2,North,3,6,31
1,5,14,1,4915.96,0 1,North,3,6,31
1,5,14,1,4916.554,0 0,North,3,6,31
1,5,14,6,4916.96,0 0,North,3,7,31
1,5,14,3,4917.082,0 1,North,3,7,31
1,5,14,3,4917.883,0 2,North,3,7,31
1,5,14,4,4918.521,1 2,North,3,7,31
1,5,14,4,4919.148,2 2,North,3,7,31
1,5,14,1,4919.673,2 1,North,3,7,31
1,5,14,2,4920.234,1 1,North,3,7,31
1,5,14,1,4921.271,1 0,North,3,7,31
1,5,14,4,4921.843,2 0,North,3,7,31
1,5,14,6,4922.2,2 0,North,3,8,31
2,5,14,2,4930.713,3 4,North,3,0,0
2,5,14,1,4933.272,3 4,West,3,0,0
2,5,14,1,4934.315,3 4,South,3,0,0
2,5,14,2,4935.084,4 4,South,3,0,0
2,5,14,3,4935.798,4 4,West,3,0,0
2,5,14,2,4936.518,4 3,West,3,0,0
2,5,14,2,4937.207,4 2,West,3,0,0
2,5,14,3,4937.877,4 2,North,3,0,0
2,5,14,2,4938.629,3 2,North,3,0,0
2,5,14,1,4939.383,3 2,West,3,0,0
2,5,14,2,4940.057,3 1,West,3,0,0
2,5,14,3,4940.668,3 1,North,3,0,0
2,5,14,2,4941.335,3 1,North,3,0,1
2,5,14,1,4941.815,3 1,West,3,0,1
2,5,14,2,4942.567,3 0,West,3,0,1
2,5,14,3,4943.112,3 0,North,3,0,1
2,5,14,2,4943.78,2 0,North,3,0,1
2,5,14,2,4944.589,1 0,North,3,0,1
2,5,14,3,4945.222,1 0,East,3,0,1
2,5,14,2,4946.134,1 1,East,3,0,1
2,5,14,2,4946.935,1 1,East,3,0,2
2,5,14,1,4947.465,1 1,North,3,0,2
2,5,14,2,4948.216,1 1,North,3,0,3
2,5,14,1,4948.682,1 1,West,3,0,3
2,5,14,2,4949.51,1 0,West,3,0,3
2,5,14,3,4950.026,1 0,North,3,0,3
2,5,14,2,4950.697,1 0,North,3,0,4
2,5,14,3,4951.511,1 0,East,3,0,4
2,5,14,3,4952.148,1 0,South,3,0,4
2,5,14,1,4952.989,1 0,East,3,0,4
2,5,14,3,4953.798,1 0,South,3,0,4
2,5,14,2,4954.492,2 0,South,3,0,4
2,5,14,1,4955.165,2 0,East,3,0,4
2,5,14,2,4955.915,2 0,East,3,0,5
2,5,14,3,4956.553,2 0,South,3,0,5
2,5,14,2,4957.337,3 0,South,3,0,5
2,5,14,2,4958.968,3 0,South,3,0,6
2,5,14,1,4959.674,3 0,East,3,0,6
2,5,14,2,4960.427,3 1,East,3,0,6
2,5,14,2,4961.528,3 2,East,3,0,6
2,5,14,1,4962.133,3 2,North,3,0,6
2,5,14,2,4962.809,3 2,North,3,0,7
2,5,14,1,4963.288,3 2,West,3,0,7
2,5,14,2,4963.945,3 1,West,3,0,7
2,5,14,3,4964.487,3 1,North,3,0,7
2,5,14,2,4965.163,3 1,North,3,0,8
2,5,14,3,4965.692,3 1,East,3,0,8
2,5,14,3,4966.551,3 1,South,3,0,8
2,5,14,2,4967.22,3 1,South,3,0,9
2,5,14,1,4967.627,3 1,East,3,0,9
2,5,14,2,4968.264,3 2,East,3,0,9
2,5,14,1,4969.145,3 2,North,3,0,9
2,5,14,2,4969.819,3 2,North,3,0,10
2,5,14,3,4970.181,3 2,East,3,0,10
2,5,14,2,4970.887,3 2,East,3,0,11
2,5,14,3,4971.35,3 2,South,3,0,11
2,5,14,2,4972.069,4 2,South,3,0,11
2,5,14,1,4972.636,4 2,East,3,0,11
2,5,14,2,4973.334,4 3,East,3,0,11
2,5,14,2,4973.959,4 4,East,3,0,11
2,5,14,1,4974.555,4 4,North,3,0,11
2,5,14,2,4978.518,3 4,North,3,0,11
2,5,14,2,4979.069,3 4,North,3,0,12
2,5,14,1,4981.654,3 4,West,3,0,12
2,5,14,1,4987.093,3 4,South,3,0,12
2,5,14,2,4987.837,4 4,South,3,0,12
2,5,14,3,4990.372,4 4,West,3,0,12
2,5,14,2,4991.101,4 3,West,3,0,12
2,5,14,2,4991.851,4 2,West,3,0,12
2,5,14,3,4992.861,4 2,North,3,0,12
2,5,14,2,4993.883,3 2,North,3,0,12
2,5,14,2,4995.001,3 2,North,3,0,13
2,5,14,1,4995.509,3 2,West,3,0,13
2,5,14,2,4996.184,3 1,West,3,0,13
2,5,14,2,4997.108,3 0,West,3,0,13
2,5,14,3,4997.764,3 0,North,3,0,13
2,5,14,2,4998.392,2 0,North,3,0,13
2,5,14,2,4999.062,1 0,North,3,0,13
2,5,14,3,4999.662,1 0,East,3,0,13
2,5,14,2,5000.3,1 1,East,3,0,13
2,5,14,2,5001.004,1 1,East,3,0,14
2,5,14,3,5008.917,1 1,South,3,0,14
2,5,14,2,5009.64,2 1,South,3,0,14
2,5,14,2,5010.853,2 1,South,3,0,15
2,5,14,1,5011.385,2 1,East,3,0,15
2,5,14,2,5012.022,2 2,East,3,0,15
2,5,14,2,5012.695,2 2,East,3,0,16
2,5,14,1,5013.207,2 2,North,3,0,16
2,5,14,2,5013.894,1 2,North,3,0,16
2,5,14,6,5014.28,1 2,North,3,1,16
2,5,14,1,5014.747,1 2,West,3,1,16
2,5,14,1,5015.335,1 2,South,3,1,16
2,5,14,3,5017.116,1 2,West,3,1,16
2,5,14,1,5017.991,1 2,South,3,1,16
2,5,14,2,5018.7,2 2,South,3,1,16
2,5,14,3,5019.669,2 2,West,3,1,16
2,5,14,2,5020.331,2 1,West,3,1,16
2,5,14,2,5020.98,2 1,West,3,1,17
2,5,14,1,5021.435,2 1,South,3,1,17
2,5,14,2,5022.102,2 1,South,3,1,18
2,5,14,1,5022.522,2 1,East,3,1,18
2,5,14,2,5023.125,2 2,East,3,1,18
2,5,14,3,5023.643,2 2,South,3,1,18
2,5,14,2,5024.229,2 2,South,3,1,19
2,5,14,3,5024.717,2 2,West,3,1,19
2,5,14,3,5025.238,2 2,North,3,1,19
2,5,14,2,5026.249,1 2,North,3,1,19
2,5,14,2,5026.933,0 2,North,3,1,19
2,5,14,1,5027.543,0 2,West,3,1,19
2,5,14,2,5028.15,0 1,West,3,1,19
2,5,14,2,5028.841,0 0,West,3,1,19
2,5,14,1,5029.354,0 0,South,3,1,19
2,5,14,2,5029.917,0 0,South,3,1,20
2,5,14,1,5030.412,0 0,East,3,1,20
2,5,14,2,5030.969,0 1,East,3,1,20
2,5,14,3,5031.556,0 1,South,3,1,20
2,5,14,2,5032.266,0 1,South,3,1,21
2,5,14,1,5032.94,0 1,East,3,1,21
2,5,14,3,5033.848,0 1,South,3,1,21
2,5,14,3,5034.507,0 1,West,3,1,21
2,5,14,1,5036.298,0 1,South,3,1,21
2,5,14,2,5036.886,0 1,South,3,1,22
2,5,14,1,5037.401,0 1,East,3,1,22
2,5,14,2,5038.054,0 2,East,3,1,22
2,5,14,3,5038.585,0 2,South,3,1,22
2,5,14,2,5039.188,1 2,South,3,1,22
2,5,14,2,5039.797,2 2,South,3,1,22
2,5,14,3,5040.409,2 2,West,3,1,22
2,5,14,2,5041.081,2 1,West,3,1,22
2,5,14,2,5041.798,2 1,West,3,1,23
2,5,14,1,5042.281,2 1,South,3,1,23
2,5,14,2,5042.948,2 1,South,3,1,24
2,5,14,1,5043.372,2 1,East,3,1,24
2,5,14,2,5044.347,2 2,East,3,1,24
2,5,14,3,5044.874,2 2,South,3,1,24
2,5,14,2,5045.499,2 2,South,3,1,25
2,5,14,1,5046.134,2 2,East,3,1,25
2,5,14,2,5046.852,2 2,East,3,1,26
2,5,14,3,5047.21,2 2,South,3,1,26
2,5,14,3,5048.584,2 2,West,3,1,26
2,5,14,3,5049.14,2 2,North,3,1,26
2,5,14,2,5049.784,1 2,North,3,1,26
2,5,14,1,5050.62,1 2,West,3,1,26
2,5,14,2,5051.383,1 2,West,3,1,27
2,5,14,1,5051.846,1 2,South,3,1,27
2,5,14,2,5052.393,2 2,South,3,1,27
2,5,14,3,5053.066,2 2,West,3,1,27
2,5,14,2,5053.74,2 1,West,3,1,27
2,5,14,1,5054.379,2 1,South,3,1,27
2,5,14,2,5055.095,2 1,South,3,1,28
2,5,14,3,5055.833,2 1,West,3,1,28
2,5,14,2,5056.6,2 1,West,3,1,29
2,5,14,3,5057.146,2 1,North,3,1,29
2,5,14,2,5057.831,1 1,North,3,1,29
2,5,14,1,5058.428,1 1,West,3,1,29
2,5,14,2,5059.146,1 0,West,3,1,29
2,5,14,1,5059.755,1 0,South,3,1,29
2,5,14,2,5060.405,2 0,South,3,1,29
2,5,14,6,5060.78,2 0,South,3,2,29
2,5,14,1,5061.194,2 0,East,3,2,29
2,5,14,1,5061.797,2 0,North,3,2,29
2,5,14,2,5062.437,1 0,North,3,2,29
2,5,14,3,5063.019,1 0,East,3,2,29
2,5,14,2,5063.637,1 1,East,3,2,29
2,5,14,6,5064.04,1 1,East,3,3,29
2,5,14,3,5064.475,1 1,South,3,3,29
2,5,14,3,5065.078,1 1,West,3,3,29
2,5,14,3,5065.612,1 1,North,3,3,29
2,5,14,1,5066.646,1 1,West,3,3,29
2,5,14,2,5067.353,1 0,West,3,3,29
2,5,14,3,5067.897,1 0,North,3,3,29
2,5,14,2,5068.599,1 0,North,3,3,30
2,5,14,3,5069.125,1 0,East,3,3,30
2,5,14,2,5069.814,1 1,East,3,3,30
2,5,14,1,5070.458,1 1,North,3,3,30
2,5,14,2,5071.155,1 1,North,3,3,31
2,5,14,1,5072.985,1 1,West,3,3,31
2,5,14,3,5074.485,1 1,North,3,3,31
2,5,14,2,5075.516,1 1,North,3,3,32
2,5,14,1,5075.943,1 1,West,3,3,32
2,5,14,2,5076.647,1 0,West,3,3,32
2,5,14,3,5077.427,1 0,North,3,3,32
2,5,14,3,5078.118,1 0,East,3,3,32
2,5,14,2,5078.86,1 1,East,3,3,32
2,5,14,2,5079.608,1 1,East,3,3,33
2,5,14,3,5080.109,1 1,South,3,3,33
2,5,14,2,5080.763,2 1,South,3,3,33
2,5,14,3,5081.418,2 1,West,3,3,33
2,5,14,2,5082.086,2 1,West,3,3,34
2,5,14,1,5082.572,2 1,South,3,3,34
2,5,14,2,5083.242,2 1,South,3,3,35
2,5,14,3,5084.039,2 1,West,3,3,35
2,5,14,3,5084.677,2 1,North,3,3,35
2,5,14,2,5085.307,1 1,North,3,3,35
2,5,14,1,5085.867,1 1,West,3,3,35
2,5,14,2,5086.486,1 0,West,3,3,35
2,5,14,1,5087.336,1 0,South,3,3,35
2,5,14,2,5087.915,2 0,South,3,3,35
2,5,14,2,5088.603,3 0,South,3,3,35
2,5,14,1,5089.75,3 0,East,3,3,35
2,5,14,2,5090.778,3 1,East,3,3,35
2,5,14,1,5091.605,3 1,North,3,3,35
2,5,14,2,5092.523,3 1,North,3,3,36
2,5,14,1,5095.017,3 1,West,3,3,36
2,5,14,1,5095.725,3 1,South,3,3,36
2,5,14,2,5096.374,3 1,South,3,3,37
2,5,14,2,5097.047,3 1,South,3,3,38
2,5,14,1,5097.599,3 1,East,3,3,38
2,5,14,2,5098.149,3 2,East,3,3,38
2,5,14,3,5098.667,3 2,South,3,3,38
2,5,14,2,5099.304,4 2,South,3,3,38
2,5,14,3,5099.82,4 2,West,3,3,38
2,5,14,2,5100.855,4 1,West,3,3,38
2,5,14,2,5101.547,4 0,West,3,3,38
2,5,14,3,5102.136,4 0,North,3,3,38
2,5,14,2,5102.727,4 0,North,3,3,39
2,5,14,3,5105.031,4 0,East,3,3,39
2,5,14,2,5106.742,4 1,East,3,3,39
2,5,14,2,5107.381,4 2,East,3,3,39
2,5,14,2,5107.962,4 3,East,3,3,39
2,5,14,2,5108.677,4 4,East,3,3,39
2,5,14,3,5110.838,4 4,South,3,3,39
2,5,14,3,5111.899,4 4,West,3,3,39
2,5,14,3,5113.523,4 4,North,3,3,39
2,5,14,1,5118.615,4 4,West,3,3,39
2,5,14,2,5119.558,4 3,West,3,3,39
2,5,14,2,5120.392,4 2,West,3,3,39
2,5,14,2,5121.764,4 1,West,3,3,39
2,5,14,1,5123.354,4 1,South,3,3,39
2,5,14,1,5124.007,4 1,East,3,3,39
2,5,14,2,5124.713,4 2,East,3,3,39
2,5,14,1,5125.574,4 2,North,3,3,39
2,5,14,2,5126.333,3 2,North,3,3,39
2,5,14,1,5127.11,3 2,West,3,3,39
2,5,14,2,5127.909,3 1,West,3,3,39
2,5,14,2,5128.5,3 0,West,3,3,39
2,5,14,3,5129.125,3 0,North,3,3,39
2,5,14,2,5129.832,2 0,North,3,3,39
2,5,14,2,5131.129,1 0,North,3,3,39
2,5,14,2,5132.038,1 0,North,3,3,40
2,5,14,3,5132.631,1 0,East,3,3,40
2,5,14,2,5133.415,1 1,East,3,3,40
2,5,14,2,5134.682,1 1,East,3,3,41
2,5,14,1,5135.207,1 1,North,3,3,41
2,5,14,2,5135.964,1 1,North,3,3,42
2,5,14,1,5136.888,1 1,West,3,3,42
2,5,14,2,5137.527,1 0,West,3,3,42
2,5,14,3,5138.267,1 0,North,3,3,42
2,5,14,3,5139.173,1 0,East,3,3,42
2,5,14,3,5140.234,1 0,South,3,3,42
2,5,14,2,5141.052,2 0,South,3,3,42
2,5,14,1,5141.85,2 0,East,3,3,42
2,5,14,2,5142.548,2 0,East,3,3,43
2,5,14,3,5143.193,2 0,South,3,3,43
2,5,14,3,5148.983,2 0,West,3,3,43
2,5,14,3,5149.98,2 0,North,3,3,43
2,5,14,3,5153.804,2 0,East,3,3,43
2,5,14,1,5154.633,2 0,North,3,3,43
2,5,14,3,5161.609,2 0,East,3,3,43
2,5,14,1,5162.678,2 0,North,3,3,43
2,5,14,3,5164.303,2 0,East,3,3,43
2,5,14,2,5165.305,2 0,East,3,3,44
2,5,14,3,5165.882,2 0,South,3,3,44
2,5,14,2,5166.584,3 0,South,3,3,44
2,5,14,2,5167.356,3 0,South,3,3,45
2,5,14,1,5167.937,3 0,East,3,3,45
2,5,14,2,5168.6,3 1,East,3,3,45
2,5,14,1,5169.436,3 1,North,3,3,45
2,5,14,2,5170.38,3 1,North,3,3,46
2,5,14,3,5170.999,3 1,East,3,3,46
2,5,14,2,5171.758,3 2,East,3,3,46
2,5,14,1,5172.511,3 2,North,3,3,46
2,5,14,2,5173.172,3 2,North,3,3,47
2,5,14,2,5174.122,3 2,North,3,3,48
2,5,14,3,5175.194,3 2,East,3,3,48
2,5,14,2,5175.819,3 2,East,3,3,49
2,5,14,1,5176.49,3 2,North,3,3,49
2,5,14,1,5177.326,3 2,West,3,3,49
2,5,14,1,5178.214,3 2,South,3,3,49
2,5,14,2,5178.933,4 2,South,3,3,49
2,5,14,3,5179.598,4 2,West,3,3,49
2,5,14,2,5180.316,4 1,West,3,3,49
2,5,14,2,5181.146,4 0,West,3,3,49
2,5,14,3,5182.267,4 0,North,3,3,49
2,5,14,3,5188.333,4 0,East,3,3,49
2,5,14,1,5193.383,4 0,North,3,3,49
2,5,14,3,5195.893,4 0,East,3,3,49
2,5,14,1,5199.661,4 0,North,3,3,49
2,5,14,2,5205.258,4 0,North,3,3,50
2,5,14,3,5206.067,4 0,East,3,3,50
2,5,14,2,5207.533,4 1,East,3,3,50
2,5,14,1,5208.134,4 1,North,3,3,50
2,5,14,2,5208.809,4 1,North,3,3,51
2,5,14,3,5209.526,4 1,East,3,3,51
2,5,14,2,5210.133,4 2,East,3,3,51
2,5,14,1,5211.192,4 2,North,3,3,51
2,5,14,2,5211.77,3 2,North,3,3,51
2,5,14,2,5212.443,3 2,North,3,3,52
2,5,14,3,5212.95,3 2,East,3,3,52
2,5,14,2,5213.784,3 2,East,3,3,53
2,5,14,3,5214.347,3 2,South,3,3,53
2,5,14,2,5215.018,4 2,South,3,3,53
2,5,14,1,5215.592,4 2,East,3,3,53
2,5,14,2,5216.283,4 3,East,3,3,53
2,5,14,2,5216.886,4 4,East,3,3,53
2,5,14,1,5218.009,4 4,North,3,3,53
2,5,14,2,5220.391,3 4,North,3,3,53
2,5,14,1,5221.641,3 4,West,3,3,53
2,5,14,2,5222.501,3 3,West,3,3,53
2,5,14,3,5223.163,3 3,North,3,3,53
2,5,14,2,5223.738,2 3,North,3,3,53
2,5,14,2,5224.294,1 3,North,3,3,53
2,5,14,2,5224.906,0 3,North,3,3,53
2,5,14,1,5225.589,0 3,West,3,3,53
2,5,14,2,5226.197,0 3,West,3,3,54
2,5,14,1,5227.756,0 3,South,3,3,54
2,5,14,2,5228.429,1 3,South,3,3,54
2,5,14,3,5229.002,1 3,West,3,3,54
2,5,14,2,5229.752,1 3,West,3,3,55
2,5,14,1,5230.362,1 3,South,3,3,55
2,5,14,2,5231.125,2 3,South,3,3,55
2,5,14,3,5231.837,2 3,West,3,3,55
2,5,14,2,5232.395,2 3,West,3,3,56
2,5,14,1,5232.795,2 3,South,3,3,56
2,5,14,2,5233.336,3 3,South,3,3,56
2,5,14,2,5233.946,3 3,South,3,3,57
2,5,14,2,5234.519,3 3,South,3,3,58
2,5,14,1,5234.886,3 3,East,3,3,58
2,5,14,2,5235.449,3 4,East,3,3,58
2,5,14,3,5236.408,3 4,South,3,3,58
2,5,14,2,5237.001,4 4,South,3,3,58
2,5,14,3,5237.675,4 4,West,3,3,58
2,5,14,3,5238.522,4 4,North,3,3,58
2,5,14,2,5239.417,3 4,North,3,3,58
2,5,14,2,5240.077,3 4,North,3,3,59
2,5,14,3,5241.334,3 4,East,3,3,59
2,5,14,1,5242.621,3 4,North,3,3,59
2,5,14,2,5243.258,3 4,North,3,3,60
2,5,14,1,5243.723,3 4,West,3,3,60
2,5,14,1,5244.548,3 4,South,3,3,60
2,5,14,2,5245.241,4 4,South,3,3,60
2,5,14,3,5246.008,4 4,West,3,3,60
2,5,14,2,5246.654,4 3,West,3,3,60
2,5,14,2,5247.61,4 2,West,3,3,60
2,5,14,3,5251.743,4 2,North,3,3,60
2,5,14,2,5252.648,3 2,North,3,3,60
2,5,14,2,5253.417,3 2,North,3,3,61
2,5,14,3,5254.15,3 2,East,3,3,61
2,5,14,2,5254.891,3 2,East,3,3,62
2,5,14,1,5255.452,3 2,North,3,3,62
2,5,14,1,5256.156,3 2,West,3,3,62
2,5,14,2,5256.886,3 1,West,3,3,62
2,5,14,3,5257.621,3 1,North,3,3,62
2,5,14,2,5258.373,3 1,North,3,3,63
2,5,14,1,5259.654,3 1,West,3,3,63
2,5,14,3,5261.096,3 1,North,3,3,63
2,5,14,1,5265.003,3 1,West,3,3,63
2,5,14,2,5266.004,3 0,West,3,3,63
2,5,14,3,5267.406,3 0,North,3,3,63
2,5,14,2,5268.375,2 0,North,3,3,63
2,5,14,2,5269.083,1 0,North,3,3,63
2,5,14,2,5269.98,1 0,North,3,3,64
2,5,14,3,5270.582,1 0,East,3,3,64
2,5,14,2,5271.257,1 1,East,3,3,64
2,5,14,1,5271.917,1 1,North,3,3,64
2,5,14,2,5272.588,1 1,North,3,3,65
2,5,14,3,5273.434,1 1,East,3,3,65
2,5,14,2,5274.165,1 1,East,3,3,66
2,5,14,3,5274.7,1 1,South,3,3,66
2,5,14,2,5275.277,2 1,South,3,3,66
2,5,14,2,5275.98,2 1,South,3,3,67
2,5,14,3,5276.469,2 1,West,3,3,67
2,5,14,2,5277.158,2 1,West,3,3,68
2,5,14,3,5277.758,2 1,North,3,3,68
2,5,14,2,5278.691,1 1,North,3,3,68
2,5,14,2,5279.447,1 1,North,3,3,69
2,5,14,1,5279.772,1 1,West,3,3,69
2,5,14,2,5280.411,1 0,West,3,3,69
2,5,14,1,5280.938,1 0,South,3,3,69
2,5,14,2,5282.028,2 0,South,3,3,69
2,5,14,2,5282.719,3 0,South,3,3,69
2,5,14,2,5283.53,3 0,South,3,3,70
2,5,14,1,5283.987,3 0,East,3,3,70
2,5,14,2,5284.715,3 1,East,3,3,70
2,5,14,3,5285.699,3 1,South,3,3,70
2,5,14,2,5286.281,3 1,South,3,3,71
2,5,14,1,5286.836,3 1,East,3,3,71
2,5,14,2,5287.525,3 2,East,3,3,71
2,5,14,3,5288.056,3 2,South,3,3,71
2,5,14,2,5288.685,4 2,South,3,3,71
2,5,14,1,5289.338,4 2,East,3,3,71
2,5,14,2,5289.868,4 3,East,3,3,71
2,5,14,2,5290.525,4 4,East,3,3,71
2,5,14,1,5291.271,4 4,North,3,3,71
2,5,14,1,5299.532,4 4,West,3,3,71
2,5,14,2,5300.829,4 3,West,3,3,71
2,5,14,2,5302.205,4 2,West,3,3,71
2,5,14,3,5303.044,4 2,North,3,3,71
2,5,14,2,5304.037,3 2,North,3,3,71
2,5,14,2,5304.841,3 2,North,3,3,72
2,5,14,1,5305.318,3 2,West,3,3,72
2,5,14,2,5305.947,3 1,West,3,3,72
2,5,14,2,5306.634,3 0,West,3,3,72
2,5,14,3,5307.613,3 0,North,3,3,72
2,5,14,2,5318.909,2 0,North,3,3,72
2,5,14,2,5321.624,1 0,North,3,3,72
2,5,14,3,5323.83,1 0,East,3,3,72
2,5,14,3,5324.342,1 0,South,3,3,72
2,5,14,2,5325.097,2 0,South,3,3,72
2,5,14,1,5326.327,2 0,East,3,3,72
2,5,14,2,5327.097,2 0,East,3,3,73
2,5,14,1,5327.878,2 0,North,3,3,73
2,5,14,3,5329.818,2 0,East,3,3,73
2,5,14,2,5331.211,2 0,East,3,3,74
2,5,14,3,5331.886,2 0,South,3,3,74
2,5,14,2,5332.745,3 0,South,3,3,74
2,5,14,1,5333.672,3 0,East,3,3,74
2,5,14,2,5334.472,3 1,East,3,3,74
2,5,14,1,5335.436,3 1,North,3,3,74
2,5,14,2,5336.197,3 1,North,3,3,75
2,5,14,3,5337.784,3 1,East,3,3,75
2,5,14,2,5338.475,3 2,East,3,3,75
2,5,14,1,5339.081,3 2,North,3,3,75
2,5,14,2,5339.83,3 2,North,3,3,76
2,5,14,3,5341.068,3 2,East,3,3,76
2,5,14,3,5343.294,3 2,South,3,3,76
2,5,14,2,5344.022,4 2,South,3,3,76
2,5,14,3,5344.764,4 2,West,3,3,76
2,5,14,3,5346.056,4 2,North,3,3,76
2,5,14,2,5346.923,3 2,North,3,3,76
2,5,14,2,5347.741,3 2,North,3,3,77
2,5,14,1,5350.019,3 2,West,3,3,77
2,5,14,1,5350.868,3 2,South,3,3,77
2,5,14,2,5351.559,4 2,South,3,3,77
2,5,14,3,5352.152,4 2,West,3,3,77
2,5,14,2,5352.794,4 1,West,3,3,77
2,5,14,3,5353.386,4 1,North,3,3,77
2,5,14,2,5354.004,4 1,North,3,3,78
2,5,14,1,5355.868,4 1,West,3,3,78
2,5,14,2,5356.628,4 0,West,3,3,78
2,5,14,3,5357.245,4 0,North,3,3,78
2,5,14,2,5357.835,4 0,North,3,3,79
2,5,14,2,5358.438,4 0,North,3,3,80
2,5,14,1,5359.244,4 0,West,3,3,80
2,5,14,2,5359.98,4 0,West,3,3,80
2,5,14,3,5360.356,4 0,North,3,3,80
2,5,14,2,5361.193,4 0,North,3,3,81
2,5,14,3,5361.758,4 0,East,3,3,81
2,5,14,2,5362.485,4 1,East,3,3,81
2,5,14,1,5363.135,4 1,North,3,3,81
2,5,14,2,5363.893,4 1,North,3,3,82
2,5,14,3,5364.393,4 1,East,3,3,82
2,5,14,2,5365.239,4 2,East,3,3,82
2,5,14,1,5366.012,4 2,North,3,3,82
2,5,14,2,5366.664,3 2,North,3,3,82
2,5,14,2,5367.289,3 2,North,3,3,83
2,5,14,3,5367.915,3 2,East,3,3,83
2,5,14,2,5368.855,3 2,East,3,3,84
2,5,14,1,5369.465,3 2,North,3,3,84
2,5,14,2,5370.566,3 2,North,3,3,85
2,5,14,1,5370.986,3 2,West,3,3,85
2,5,14,2,5371.594,3 1,West,3,3,85
2,5,14,3,5372.245,3 1,North,3,3,85
2,5,14,2,5373.028,3 1,North,3,3,86
2,5,14,1,5373.704,3 1,West,3,3,86
2,5,14,1,5374.403,3 1,South,3,3,86
2,5,14,3,5374.921,3 1,West,3,3,86
2,5,14,2,5375.626,3 0,West,3,3,86
2,5,14,3,5376.201,3 0,North,3,3,86
2,5,14,2,5376.875,2 0,North,3,3,86
2,5,14,3,5377.658,2 0,East,3,3,86
2,5,14,2,5378.341,2 0,East,3,3,87
2,5,14,1,5378.875,2 0,North,3,3,87
2,5,14,2,5379.589,1 0,North,3,3,87
2,5,14,3,5380.326,1 0,East,3,3,87
2,5,14,2,5381,1 1,East,3,3,87
2,5,14,1,5381.843,1 1,North,3,3,87
2,5,14,2,5382.599,1 1,North,3,3,88
2,5,14,3,5383.862,1 1,East,3,3,88
2,5,14,2,5384.669,1 1,East,3,3,89
2,5,14,3,5386.677,1 1,South,3,3,89
2,5,14,2,5387.404,2 1,South,3,3,89
2,5,14,1,5390.756,2 1,East,3,3,89
2,5,14,2,5391.591,2 2,East,3,3,89
2,5,14,1,5392.708,2 2,North,3,3,89
2,5,14,2,5393.547,1 2,North,3,3,89
2,5,14,2,5394.347,0 2,North,3,3,89
2,5,14,1,5394.964,0 2,West,3,3,89
2,5,14,2,5395.56,0 1,West,3,3,89
2,5,14,2,5396.231,0 0,West,3,3,89
2,5,14,6,5396.64,0 0,West,3,4,89
2,5,14,1,5397.034,0 0,South,3,4,89
2,5,14,1,5397.622,0 0,East,3,4,89
2,5,14,2,5398.363,0 1,East,3,4,89
2,5,14,2,5399.224,0 2,East,3,4,89
2,5,14,3,5400.124,0 2,South,3,4,89
2,5,14,2,5401.076,1 2,South,3,4,89
2,5,14,2,5401.722,2 2,South,3,4,89
2,5,14,2,5402.488,2 2,South,3,4,90
2,5,14,3,5402.956,2 2,West,3,4,90
2,5,14,2,5403.58,2 1,West,3,4,90
2,5,14,2,5404.325,2 1,West,3,4,91
2,5,14,3,5404.828,2 1,North,3,4,91
2,5,14,2,5405.701,1 1,North,3,4,91
2,5,14,2,5406.46,1 1,North,3,4,92
2,5,14,2,5407.259,1 1,North,3,4,93
2,5,14,3,5407.527,1 1,East,3,4,93
2,5,14,2,5408.116,1 1,East,3,4,94
2,5,14,3,5408.792,1 1,South,3,4,94
2,5,14,2,5409.366,2 1,South,3,4,94
2,5,14,2,5410.167,2 1,South,3,4,95
2,5,14,3,5410.618,2 1,West,3,4,95
2,5,14,2,5411.465,2 1,West,3,4,96
2,5,14,1,5412.424,2 1,South,3,4,96
2,5,14,1,5413.1,2 1,East,3,4,96
2,5,14,2,5413.771,2 2,East,3,4,96
2,5,14,2,5414.569,2 2,East,3,4,97
2,5,14,3,5415.047,2 2,South,3,4,97
2,5,14,2,5415.722,2 2,South,3,4,98
2,5,14,3,5416.41,2 2,West,3,4,98
2,5,14,3,5417.123,2 2,North,3,4,98
2,5,14,2,5418.004,1 2,North,3,4,98
2,5,14,2,5418.826,0 2,North,3,4,98
2,5,14,1,5421.397,0 2,West,3,4,98
2,5,14,2,5422.156,0 1,West,3,4,98
2,5,14,2,5422.956,0 0,West,3,4,98
2,5,14,1,5424.116,0 0,South,3,4,98
2,5,14,2,5424.775,0 0,South,3,4,99
2,5,14,1,5426.508,0 0,East,3,4,99
2,5,14,2,5427.565,0 1,East,3,4,99
2,5,14,2,5428.331,0 2,East,3,4,99
2,5,14,2,5429.16,0 2,East,3,4,100
2,5,14,3,5429.758,0 2,South,3,4,100
2,5,14,2,5430.408,1 2,South,3,4,100
2,5,14,2,5431.164,2 2,South,3,4,100
2,5,14,2,5431.925,2 2,South,3,4,101
2,5,14,3,5432.453,2 2,West,3,4,101
2,5,14,2,5433.1,2 1,West,3,4,101
2,5,14,2,5433.845,2 1,West,3,4,102
2,5,14,3,5434.411,2 1,North,3,4,102
2,5,14,2,5435.038,1 1,North,3,4,102
2,5,14,2,5435.734,1 1,North,3,4,103
2,5,14,1,5436.268,1 1,West,3,4,103
2,5,14,2,5436.888,1 0,West,3,4,103
2,5,14,1,5437.5,1 0,South,3,4,103
2,5,14,2,5438.134,2 0,South,3,4,103
2,5,14,2,5438.872,3 0,South,3,4,103
2,5,14,2,5439.751,3 0,South,3,4,104
2,5,14,1,5440.235,3 0,East,3,4,104
2,5,14,2,5440.905,3 1,East,3,4,104
2,5,14,3,5441.511,3 1,South,3,4,104
2,5,14,2,5442.15,3 1,South,3,4,105
2,5,14,1,5442.604,3 1,East,3,4,105
2,5,14,2,5443.26,3 2,East,3,4,105
2,5,14,3,5443.817,3 2,South,3,4,105
2,5,14,2,5444.523,4 2,South,3,4,105
2,5,14,1,5445.117,4 2,East,3,4,105
2,5,14,2,5445.668,4 3,East,3,4,105
2,5,14,2,5446.36,4 4,East,3,4,105
2,5,14,1,5446.966,4 4,North,3,4,105
2,5,14,2,5447.608,3 4,North,3,4,105
2,5,14,2,5448.315,3 4,North,3,4,106
2,5,14,1,5448.763,3 4,West,3,4,106
2,5,14,2,5449.371,3 3,West,3,4,106
2,5,14,3,5449.916,3 3,North,3,4,106
2,5,14,2,5450.558,2 3,North,3,4,106
2,5,14,3,5451.084,2 3,East,3,4,106
2,5,14,2,5451.736,2 3,East,3,4,107
2,5,14,1,5452.229,2 3,North,3,4,107
2,5,14,2,5452.861,1 3,North,3,4,107
2,5,14,3,5453.382,1 3,East,3,4,107
2,5,14,2,5454.137,1 3,East,3,4,108
2,5,14,1,5454.615,1 3,North,3,4,108
2,5,14,2,5455.228,0 3,North,3,4,108
2,5,14,3,5455.782,0 3,East,3,4,108
2,5,14,2,5456.491,0 4,East,3,4,108
2,5,14,3,5457.117,0 4,South,3,4,108
2,5,14,2,5457.689,1 4,South,3,4,108
2,5,14,2,5458.409,2 4,South,3,4,108
2,5,14,6,5458.8,2 4,South,3,5,108
2,5,14,3,5459.358,2 4,West,3,5,108
2,5,14,3,5459.914,2 4,North,3,5,108
2,5,14,1,5461.02,2 4,West,3,5,108
2,5,14,1,5461.852,2 4,South,3,5,108
2,5,14,2,5462.488,2 4,South,3,5,109
2,5,14,3,5464.123,2 4,West,3,5,109
2,5,14,2,5464.972,2 4,West,3,5,110
2,5,14,3,5465.479,2 4,North,3,5,110
2,5,14,2,5466.156,1 4,North,3,5,110
2,5,14,2,5466.868,0 4,North,3,5,110
2,5,14,1,5467.432,0 4,West,3,5,110
2,5,14,2,5468.076,0 3,West,3,5,110
2,5,14,1,5468.813,0 3,South,3,5,110
2,5,14,2,5469.437,1 3,South,3,5,110
2,5,14,2,5470.058,2 3,South,3,5,110
2,5,14,2,5470.695,3 3,South,3,5,110
2,5,14,2,5471.373,3 3,South,3,5,111
2,5,14,3,5472.172,3 3,West,3,5,111
2,5,14,1,5473.051,3 3,South,3,5,111
2,5,14,1,5473.672,3 3,East,3,5,111
2,5,14,2,5474.38,3 4,East,3,5,111
2,5,14,3,5474.905,3 4,South,3,5,111
2,5,14,2,5475.573,4 4,South,3,5,111
2,5,14,3,5476.151,4 4,West,3,5,111
2,5,14,2,5477.245,4 3,West,3,5,111
2,5,14,2,5477.932,4 2,West,3,5,111
2,5,14,3,5478.663,4 2,North,3,5,111
2,5,14,2,5479.417,3 2,North,3,5,111
2,5,14,2,5480.33,3 2,North,3,5,112
2,5,14,1,5481.399,3 2,West,3,5,112
2,5,14,2,5482.089,3 1,West,3,5,112
2,5,14,3,5482.619,3 1,North,3,5,112
2,5,14,2,5483.304,3 1,North,3,5,113
2,5,14,1,5483.812,3 1,West,3,5,113
2,5,14,1,5484.629,3 1,South,3,5,113
2,5,14,2,5485.161,3 1,South,3,5,114
2,5,14,1,5485.863,3 1,East,3,5,114
2,5,14,2,5486.438,3 2,East,3,5,114
2,5,14,3,5487.383,3 2,South,3,5,114
2,5,14,2,5488.023,4 2,South,3,5,114
2,5,14,1,5488.713,4 2,East,3,5,114
2,5,14,2,5490.506,4 3,East,3,5,114
2,5,14,2,5491.18,4 4,East,3,5,114
2,5,14,1,5492.281,4 4,North,3,5,114
2,5,14,1,5494.709,4 4,West,3,5,114
2,5,14,2,5495.512,4 3,West,3,5,114
2,5,14,2,5496.278,4 2,West,3,5,114
2,5,14,2,5497.817,4 1,West,3,5,114
2,5,14,2,5498.549,4 0,West,3,5,114
2,5,14,3,5499.192,4 0,North,3,5,114
2,5,14,2,5500.167,4 0,North,3,5,115
2,5,14,3,5500.813,4 0,East,3,5,115
2,5,14,2,5501.625,4 1,East,3,5,115
2,5,14,2,5502.567,4 2,East,3,5,115
2,5,14,1,5503.269,4 2,North,3,5,115
2,5,14,2,5503.911,3 2,North,3,5,115
2,5,14,1,5504.597,3 2,West,3,5,115
2,5,14,2,5505.173,3 1,West,3,5,115
2,5,14,3,5505.753,3 1,North,3,5,115
2,5,14,2,5506.388,3 1,North,3,5,116
2,5,14,1,5507.364,3 1,West,3,5,116
2,5,14,2,5507.973,3 0,West,3,5,116
2,5,14,3,5508.536,3 0,North,3,5,116
2,5,14,2,5509.066,2 0,North,3,5,116
2,5,14,3,5510.067,2 0,East,3,5,116
2,5,14,2,5510.7,2 0,East,3,5,117
2,5,14,1,5511.159,2 0,North,3,5,117
2,5,14,2,5511.867,1 0,North,3,5,117
2,5,14,3,5512.536,1 0,East,3,5,117
2,5,14,2,5513.22,1 1,East,3,5,117
2,5,14,2,5514.174,1 1,East,3,5,118
2,5,14,1,5514.646,1 1,North,3,5,118
2,5,14,2,5515.48,1 1,North,3,5,119
2,5,14,1,5516.423,1 1,West,3,5,119
2,5,14,2,5517.052,1 0,West,3,5,119
2,5,14,3,5517.653,1 0,North,3,5,119
2,5,14,2,5518.291,1 0,North,3,5,120
2,5,14,3,5518.825,1 0,East,3,5,120
2,5,14,2,5519.581,1 1,East,3,5,120
2,5,14,1,5520.3,1 1,North,3,5,120
2,5,14,2,5520.908,1 1,North,3,5,121
2,5,14,3,5521.254,1 1,East,3,5,121
2,5,14,2,5522.057,1 1,East,3,5,122
2,5,14,3,5522.536,1 1,South,3,5,122
2,5,14,2,5523.207,2 1,South,3,5,122
2,5,14,1,5523.976,2 1,East,3,5,122
2,5,14,2,5524.697,2 2,East,3,5,122
2,5,14,1,5525.333,2 2,North,3,5,122
2,5,14,2,5525.948,1 2,North,3,5,122
2,5,14,2,5526.653,0 2,North,3,5,122
2,5,14,6,5527.04,0 2,North,3,6,122
2,5,14,1,5527.516,0 2,West,3,6,122
2,5,14,1,5528.057,0 2,South,3,6,122
2,5,14,3,5528.923,0 2,West,3,6,122
2,5,14,1,5529.757,0 2,South,3,6,122
2,5,14,2,5530.375,1 2,South,3,6,122
2,5,14,2,5530.968,2 2,South,3,6,122
2,5,14,3,5531.563,2 2,West,3,6,122
2,5,14,2,5532.238,2 1,West,3,6,122
2,5,14,2,5532.965,2 1,West,3,6,123
2,5,14,3,5533.66,2 1,North,3,6,123
2,5,14,2,5534.315,1 1,North,3,6,123
2,5,14,1,5534.885,1 1,West,3,6,123
2,5,14,2,5535.498,1 0,West,3,6,123
2,5,14,6,5535.92,1 0,West,3,7,123
2,5,14,1,5536.184,1 0,South,3,7,123
2,5,14,1,5536.795,1 0,East,3,7,123
2,5,14,3,5538.021,1 0,South,3,7,123
2,5,14,3,5538.616,1 0,West,3,7,123
2,5,14,1,5539.224,1 0,South,3,7,123
2,5,14,2,5539.82,2 0,South,3,7,123
2,5,14,2,5540.421,3 0,South,3,7,123
2,5,14,2,5541.449,3 0,South,3,7,124
2,5,14,1,5541.924,3 0,East,3,7,124
2,5,14,2,5542.487,3 1,East,3,7,124
2,5,14,2,5543.158,3 2,East,3,7,124
2,5,14,3,5544.102,3 2,South,3,7,124
2,5,14,2,5544.78,4 2,South,3,7,124
2,5,14,1,5545.463,4 2,East,3,7,124
2,5,14,2,5546.137,4 3,East,3,7,124
2,5,14,6,5546.54,4 3,East,3,8,124
1,5,15,1,5554.744,4 3,North,3,0,124
1,5,15,1,5555.62,4 2,North,3,0,124
1,5,15,2,5559.196,3 2,North,3,0,124
1,5,15,1,5560.258,3 1,North,3,0,124
1,5,15,1,5561.097,3 0,North,3,0,124
1,5,15,3,5563.336,3 1,North,3,0,124
1,5,15,3,5564.005,3 2,North,3,0,124
1,5,15,4,5564.664,4 2,North,3,0,124
1,5,15,2,5565.813,3 2,North,3,0,124
1,5,15,1,5574.346,3 1,North,3,0,124
1,5,15,1,5575.684,3 0,North,3,0,124
1,5,15,3,5576.429,3 1,North,3,0,124
1,5,15,3,5577.013,3 2,North,3,0,124
1,5,15,4,5577.58,4 2,North,3,0,124
1,5,15,4,5578.153,4 2,North,3,0,124
1,5,15,3,5578.521,4 3,North,3,0,124
1,5,15,3,5579.293,4 4,North,3,0,124
1,5,15,2,5580.168,3 4,North,3,0,124
1,5,15,1,5581.654,3 3,North,3,0,124
1,5,15,2,5582.248,2 3,North,3,0,124
1,5,15,2,5582.876,1 3,North,3,0,124
1,5,15,2,5583.642,0 3,North,3,0,124
1,5,15,3,5584.823,0 4,North,3,0,124
1,5,15,4,5585.559,1 4,North,3,0,124
1,5,15,4,5586.276,2 4,North,3,0,124
1,5,15,2,5587.462,1 4,North,3,0,124
1,5,15,2,5588.18,0 4,North,3,0,124
1,5,15,1,5588.806,0 3,North,3,0,124
1,5,15,4,5589.493,1 3,North,3,0,124
1,5,15,4,5590.264,2 3,North,3,0,124
1,5,15,4,5591.03,3 3,North,3,0,124
1,5,15,3,5591.739,3 4,North,3,0,124
1,5,15,4,5592.396,4 4,North,3,0,124
1,5,15,1,5593.558,4 3,North,3,0,124
1,5,15,1,5594.214,4 2,North,3,0,124
1,5,15,2,5594.883,3 2,North,3,0,124
1,5,15,1,5595.43,3 1,North,3,0,124
1,5,15,1,5596.138,3 0,North,3,0,124
1,5,15,2,5597.386,2 0,North,3,0,124
1,5,15,2,5598.187,1 0,North,3,0,124
1,5,15,3,5599.015,1 1,North,3,0,124
1,5,15,1,5600.315,1 0,North,3,0,124
1,5,15,3,5602.101,1 1,North,3,0,124
1,5,15,4,5602.794,2 1,North,3,0,124
1,5,15,2,5603.703,1 1,North,3,0,124
1,5,15,1,5604.299,1 0,North,3,0,124
1,5,15,3,5605.143,1 1,North,3,0,124
1,5,15,4,5605.779,2 1,North,3,0,124
1,5,15,3,5606.363,2 2,North,3,0,124
1,5,15,6,5606.76,2 2,North,3,1,124
1,5,15,2,5607.591,1 2,North,3,1,124
1,5,15,2,5608.332,0 2,North,3,1,124
1,5,15,1,5608.932,0 1,North,3,1,124
1,5,15,1,5609.563,0 0,North,3,1,124
1,5,15,3,5610.249,0 1,North,3,1,124
1,5,15,3,5610.856,0 2,North,3,1,124
1,5,15,4,5611.479,1 2,North,3,1,124
1,5,15,4,5612.061,2 2,North,3,1,124
1,5,15,1,5612.662,2 1,North,3,1,124
1,5,15,2,5613.315,1 1,North,3,1,124
1,5,15,1,5613.909,1 0,North,3,1,124
1,5,15,4,5614.586,2 0,North,3,1,124
1,5,15,4,5615.143,3 0,North,3,1,124
1,5,15,3,5616.167,3 1,North,3,1,124
1,5,15,3,5616.891,3 2,North,3,1,124
1,5,15,4,5617.548,4 2,North,3,1,124
1,5,15,4,5618.149,4 2,North,3,1,124
1,5,15,3,5618.507,4 3,North,3,1,124
1,5,15,3,5619.146,4 4,North,3,1,124
1,5,15,1,5619.958,4 3,North,3,1,124
1,5,15,1,5620.665,4 2,North,3,1,124
1,5,15,2,5621.555,3 2,North,3,1,124
1,5,15,1,5622.25,3 1,North,3,1,124
1,5,15,1,5622.886,3 0,North,3,1,124
1,5,15,2,5623.453,2 0,North,3,1,124
1,5,15,2,5624.103,1 0,North,3,1,124
1,5,15,3,5624.716,1 1,North,3,1,124
1,5,15,4,5625.324,2 1,North,3,1,124
1,5,15,3,5625.913,2 2,North,3,1,124
1,5,15,2,5626.553,1 2,North,3,1,124
1,5,15,2,5627.125,0 2,North,3,1,124
1,5,15,1,5627.884,0 1,North,3,1,124
1,5,15,1,5628.437,0 0,North,3,1,124
1,5,15,3,5629.012,0 1,North,3,1,124
1,5,15,3,5629.64,0 2,North,3,1,124
1,5,15,4,5630.248,1 2,North,3,1,124
1,5,15,4,5630.821,2 2,North,3,1,124
1,5,15,1,5631.347,2 1,North,3,1,124
1,5,15,2,5631.958,1 1,North,3,1,124
1,5,15,1,5632.54,1 0,North,3,1,124
1,5,15,4,5633.064,2 0,North,3,1,124
1,5,15,4,5634.117,3 0,North,3,1,124
1,5,15,3,5634.698,3 1,North,3,1,124
1,5,15,3,5635.653,3 2,North,3,1,124
1,5,15,4,5636.421,4 2,North,3,1,124
1,5,15,3,5637.131,4 3,North,3,1,124
1,5,15,3,5637.741,4 4,North,3,1,124
1,5,15,2,5638.556,3 4,North,3,1,124
1,5,15,1,5639.428,3 3,North,3,1,124
1,5,15,2,5640.068,2 3,North,3,1,124
1,5,15,2,5640.903,1 3,North,3,1,124
1,5,15,2,5641.653,0 3,North,3,1,124
1,5,15,3,5642.215,0 4,North,3,1,124
1,5,15,6,5642.62,0 4,North,3,2,124
1,5,15,1,5642.968,0 3,North,3,2,124
1,5,15,4,5643.577,1 3,North,3,2,124
1,5,15,4,5644.292,2 3,North,3,2,124
1,5,15,4,5645.159,3 3,North,3,2,124
1,5,15,6,5645.52,3 3,North,3,3,124
1,5,15,3,5646.054,3 4,North,3,3,124
1,5,15,4,5646.694,4 4,North,3,3,124
1,5,15,1,5647.346,4 3,North,3,3,124
1,5,15,1,5647.995,4 2,North,3,3,124
1,5,15,2,5648.664,3 2,North,3,3,124
1,5,15,1,5649.174,3 1,North,3,3,124
1,5,15,1,5649.748,3 0,North,3,3,124
1,5,15,2,5650.3,2 0,North,3,3,124
1,5,15,2,5650.874,1 0,North,3,3,124
1,5,15,3,5651.413,1 1,North,3,3,124
1,5,15,4,5651.978,2 1,North,3,3,124
1,5,15,2,5653.029,1 1,North,3,3,124
1,5,15,1,5653.603,1 0,North,3,3,124
1,5,15,3,5655.942,1 1,North,3,3,124
1,5,15,4,5657.846,2 1,North,3,3,124
1,5,15,3,5658.457,2 2,North,3,3,124
1,5,15,2,5659.003,1 2,North,3,3,124
1,5,15,2,5659.637,0 2,North,3,3,124
1,5,15,1,5660.696,0 1,North,3,3,124
1,5,15,6,5661.1,0 1,North,3,4,124
1,5,15,3,5661.402,0 2,North,3,4,124
1,5,15,4,5661.995,1 2,North,3,4,124
1,5,15,4,5662.583,2 2,North,3,4,124
1,5,15,1,5663.107,2 1,North,3,4,124
1,5,15,3,5663.718,2 2,North,3,4,124
1,5,15,2,5664.234,1 2,North,3,4,124
1,5,15,2,5665.366,0 2,North,3,4,124
1,5,15,1,5665.95,0 1,North,3,4,124
1,5,15,1,5666.477,0 0,North,3,4,124
1,5,15,3,5667.078,0 1,North,3,4,124
1,5,15,3,5667.685,0 2,North,3,4,124
1,5,15,4,5668.268,1 2,North,3,4,124
1,5,15,4,5668.859,2 2,North,3,4,124
1,5,15,1,5669.595,2 1,North,3,4,124
1,5,15,2,5670.76,1 1,North,3,4,124
1,5,15,1,5671.381,1 0,North,3,4,124
1,5,15,4,5672.092,2 0,North,3,4,124
1,5,15,4,5672.677,3 0,North,3,4,124
1,5,15,6,5673.04,3 0,North,3,5,124
1,5,15,3,5673.243,3 1,North,3,5,124
1,5,15,1,5674.326,3 0,North,3,5,124
1,5,15,2,5674.966,2 0,North,3,5,124
1,5,15,2,5675.651,1 0,North,3,5,124
1,5,15,3,5676.237,1 1,North,3,5,124
1,5,15,4,5677.206,2 1,North,3,5,124
1,5,15,6,5677.56,2 1,North,3,6,124
1,5,15,2,5677.83,1 1,North,3,6,124
1,5,15,1,5678.522,1 0,North,3,6,124
1,5,15,4,5679.126,2 0,North,3,6,124
1,5,15,4,5679.755,3 0,North,3,6,124
1,5,15,3,5680.312,3 1,North,3,6,124
1,5,15,3,5680.869,3 2,North,3,6,124
1,5,15,4,5681.386,4 2,North,3,6,124
1,5,15,3,5681.975,4 3,North,3,6,124
1,5,15,3,5682.554,4 4,North,3,6,124
1,5,15,2,5683.45,3 4,North,3,6,124
1,5,15,1,5684.005,3 3,North,3,6,124
1,5,15,2,5684.532,2 3,North,3,6,124
1,5,15,2,5685.208,1 3,North,3,6,124
1,5,15,2,5686.153,0 3,North,3,6,124
1,5,15,3,5687.065,0 4,North,3,6,124
1,5,15,4,5687.604,1 4,North,3,6,124
1,5,15,4,5688.284,2 4,North,3,6,124
1,5,15,6,5688.64,2 4,North,3,7,124
1,5,15,2,5689.16,1 4,North,3,7,124
1,5,15,2,5690.063,0 4,North,3,7,124
1,5,15,1,5690.654,0 3,North,3,7,124
1,5,15,4,5691.35,1 3,North,3,7,124
1,5,15,4,5692.201,2 3,North,3,7,124
1,5,15,6,5692.56,2 3,North,3,8,124
2,5,15,2,5696.805,3 4,North,3,0,0
2,5,15,2,5697.448,3 4,North,3,0,1
2,5,15,1,5698.104,3 4,West,3,0,1
2,5,15,1,5699.129,3 4,South,3,0,1
2,5,15,2,5699.832,4 4,South,3,0,1
2,5,15,3,5700.517,4 4,West,3,0,1
2,5,15,3,5701.317,4 4,North,3,0,1
2,5,15,1,5702.81,4 4,West,3,0,1
2,5,15,2,5703.5,4 3,West,3,0,1
2,5,15,3,5704.102,4 3,North,3,0,1
2,5,15,2,5704.678,4 3,North,3,0,2
2,5,15,3,5706.362,4 3,East,3,0,2
2,5,15,1,5706.987,4 3,North,3,0,2
2,5,15,1,5707.752,4 3,West,3,0,2
2,5,15,2,5708.437,4 2,West,3,0,2
2,5,15,3,5708.98,4 2,North,3,0,2
2,5,15,2,5709.723,3 2,North,3,0,2
2,5,15,2,5710.44,3 2,North,3,0,3
2,5,15,3,5711.037,3 2,East,3,0,3
2,5,15,2,5711.655,3 2,East,3,0,4
2,5,15,3,5712.694,3 2,South,3,0,4
2,5,15,2,5713.274,4 2,South,3,0,4
2,5,15,1,5714.213,4 2,East,3,0,4
2,5,15,2,5714.856,4 3,East,3,0,4
2,5,15,2,5715.559,4 4,East,3,0,4
2,5,15,1,5716.422,4 4,North,3,0,4
2,5,15,2,5717.212,3 4,North,3,0,4
2,5,15,1,5718.298,3 4,West,3,0,4
2,5,15,2,5719.126,3 3,West,3,0,4
2,5,15,3,5719.734,3 3,North,3,0,4
2,5,15,2,5720.454,2 3,North,3,0,4
2,5,15,2,5721.132,1 3,North,3,0,4
2,5,15,3,5721.831,1 3,East,3,0,4
2,5,15,1,5722.647,1 3,North,3,0,4
2,5,15,2,5723.287,0 3,North,3,0,4
2,5,15,3,5723.833,0 3,East,3,0,4
2,5,15,2,5724.407,0 4,East,3,0,4
2,5,15,3,5724.924,0 4,South,3,0,4
2,5,15,2,5725.445,1 4,South,3,0,4
2,5,15,2,5726.217,2 4,South,3,0,4
2,5,15,6,5726.6,2 4,South,3,1,4
2,5,15,1,5727.386,2 4,East,3,1,4
2,5,15,1,5727.963,2 4,North,3,1,4
2,5,15,2,5728.475,1 4,North,3,1,4
2,5,15,2,5729.032,0 4,North,3,1,4
2,5,15,1,5729.622,0 4,West,3,1,4
2,5,15,2,5730.293,0 3,West,3,1,4
2,5,15,1,5730.825,0 3,South,3,1,4
2,5,15,2,5731.382,1 3,South,3,1,4
2,5,15,2,5731.942,2 3,South,3,1,4
2,5,15,2,5732.589,3 3,South,3,1,4
2,5,15,6,5732.96,3 3,South,3,2,4
2,5,15,2,5733.543,3 3,South,3,2,5
2,5,15,1,5734.135,3 3,East,3,2,5
2,5,15,1,5735.337,3 3,North,3,2,5
2,5,15,3,5736.043,3 3,East,3,2,5
2,5,15,2,5736.955,3 4,East,3,2,5
2,5,15,3,5737.499,3 4,South,3,2,5
2,5,15,2,5738.089,4 4,South,3,2,5
2,5,15,3,5738.684,4 4,West,3,2,5
2,5,15,2,5739.653,4 3,West,3,2,5
2,5,15,2,5740.457,4 2,West,3,2,5
2,5,15,3,5741.066,4 2,North,3,2,5
2,5,15,2,5741.74,3 2,North,3,2,5
2,5,15,1,5742.358,3 2,West,3,2,5
2,5,15,2,5742.953,3 1,West,3,2,5
2,5,15,2,5743.51,3 0,West,3,2,5
2,5,15,3,5744.124,3 0,North,3,2,5
2,5,15,2,5744.811,2 0,North,3,2,5
2,5,15,3,5745.598,2 0,East,3,2,5
2,5,15,2,5746.25,2 0,East,3,2,6
2,5,15,1,5746.997,2 0,North,3,2,6
2,5,15,2,5747.724,1 0,North,3,2,6
2,5,15,3,5748.375,1 0,East,3,2,6
2,5,15,2,5749.097,1 1,East,3,2,6
2,5,15,1,5749.72,1 1,North,3,2,6
2,5,15,2,5750.377,1 1,North,3,2,7
2,5,15,3,5751.658,1 1,East,3,2,7
2,5,15,2,5752.33,1 1,East,3,2,8
2,5,15,1,5753.577,1 1,North,3,2,8
2,5,15,1,5754.325,1 1,West,3,2,8
2,5,15,2,5754.973,1 0,West,3,2,8
2,5,15,3,5755.575,1 0,North,3,2,8
2,5,15,2,5756.201,1 0,North,3,2,9
2,5,15,3,5756.854,1 0,East,3,2,9
2,5,15,3,5758.029,1 0,South,3,2,9
2,5,15,3,5758.604,1 0,West,3,2,9
2,5,15,1,5759.593,1 0,South,3,2,9
2,5,15,2,5760.199,2 0,South,3,2,9
2,5,15,2,5760.791,3 0,South,3,2,9
2,5,15,1,5761.355,3 0,East,3,2,9
2,5,15,2,5761.941,3 1,East,3,2,9
2,5,15,2,5762.573,3 2,East,3,2,9
2,5,15,3,5763.107,3 2,South,3,2,9
2,5,15,2,5763.67,4 2,South,3,2,9
2,5,15,1,5764.203,4 2,East,3,2,9
2,5,15,2,5764.761,4 3,East,3,2,9
2,5,15,2,5765.513,4 4,East,3,2,9
2,5,15,1,5766.22,4 4,North,3,2,9
2,5,15,1,5767.144,4 4,West,3,2,9
2,5,15,2,5767.912,4 3,West,3,2,9
2,5,15,2,5768.679,4 2,West,3,2,9
2,5,15,3,5769.527,4 2,North,3,2,9
2,5,15,2,5771.083,3 2,North,3,2,9
2,5,15,1,5771.774,3 2,West,3,2,9
2,5,15,2,5772.329,3 1,West,3,2,9
2,5,15,2,5772.918,3 0,West,3,2,9
2,5,15,3,5773.573,3 0,North,3,2,9
2,5,15,2,5774.182,2 0,North,3,2,9
2,5,15,2,5774.852,1 0,North,3,2,9
2,5,15,3,5775.524,1 0,East,3,2,9
2,5,15,2,5776.151,1 1,East,3,2,9
2,5,15,3,5776.748,1 1,South,3,2,9
2,5,15,2,5777.321,2 1,South,3,2,9
2,5,15,1,5777.965,2 1,East,3,2,9
2,5,15,2,5778.57,2 2,East,3,2,9
2,5,15,1,5779.124,2 2,North,3,2,9
2,5,15,2,5779.707,1 2,North,3,2,9
2,5,15,2,5780.314,0 2,North,3,2,9
2,5,15,1,5780.829,0 2,West,3,2,9
2,5,15,2,5781.351,0 1,West,3,2,9
2,5,15,6,5781.76,0 1,West,3,3,9
2,5,15,1,5782.184,0 1,South,3,3,9
2,5,15,1,5783.276,0 1,East,3,3,9
2,5,15,2,5784.025,0 2,East,3,3,9
2,5,15,2,5784.618,0 2,East,3,3,10
2,5,15,3,5785.084,0 2,South,3,3,10
2,5,15,2,5785.653,1 2,South,3,3,10
2,5,15,2,5786.312,2 2,South,3,3,10
2,5,15,3,5786.886,2 2,West,3,3,10
2,5,15,2,5787.461,2 1,West,3,3,10
2,5,15,1,5788.04,2 1,South,3,3,10
2,5,15,2,5788.648,2 1,South,3,3,11
2,5,15,3,5789.26,2 1,West,3,3,11
2,5,15,2,5789.947,2 1,West,3,3,12
2,5,15,1,5790.523,2 1,South,3,3,12
2,5,15,3,5791.61,2 1,West,3,3,12
2,5,15,3,5792.153,2 1,North,3,3,12
2,5,15,2,5792.711,1 1,North,3,3,12
2,5,15,2,5793.389,1 1,North,3,3,13
2,5,15,1,5793.773,1 1,West,3,3,13
2,5,15,2,5794.424,1 0,West,3,3,13
2,5,15,1,5795.367,1 0,South,3,3,13
2,5,15,2,5795.957,2 0,South,3,3,13
2,5,15,2,5796.684,3 0,South,3,3,13
2,5,15,6,5797.06,3 0,South,3,4,13
2,5,15,2,5798.185,3 0,South,3,4,14
2,5,15,1,5798.633,3 0,East,3,4,14
2,5,15,2,5799.302,3 1,East,3,4,14
2,5,15,3,5799.917,3 1,South,3,4,14
2,5,15,2,5800.585,3 1,South,3,4,15
2,5,15,1,5801.048,3 1,East,3,4,15
2,5,15,2,5801.708,3 2,East,3,4,15
2,5,15,3,5802.235,3 2,South,3,4,15
2,5,15,2,5802.904,4 2,South,3,4,15
2,5,15,3,5803.432,4 2,West,3,4,15
2,5,15,2,5804.14,4 1,West,3,4,15
2,5,15,6,5804.56,4 1,West,3,5,15
2,5,15,3,5805.228,4 1,North,3,5,15
2,5,15,3,5805.75,4 1,East,3,5,15
2,5,15,2,5806.442,4 2,East,3,5,15
2,5,15,2,5807.242,4 3,East,3,5,15
2,5,15,2,5807.944,4 4,East,3,5,15
2,5,15,1,5808.827,4 4,North,3,5,15
2,5,15,1,5810.745,4 4,West,3,5,15
2,5,15,2,5811.47,4 3,West,3,5,15
2,5,15,3,5812.315,4 3,North,3,5,15
2,5,15,2,5813.017,4 3,North,3,5,16
2,5,15,1,5813.926,4 3,West,3,5,16
2,5,15,2,5814.574,4 2,West,3,5,16
2,5,15,3,5815.321,4 2,North,3,5,16
2,5,15,2,5816.052,3 2,North,3,5,16
2,5,15,3,5816.983,3 2,East,3,5,16
2,5,15,2,5817.717,3 2,East,3,5,17
2,5,15,1,5818.327,3 2,North,3,5,17
2,5,15,2,5818.919,3 2,North,3,5,18
2,5,15,3,5819.652,3 2,East,3,5,18
2,5,15,3,5820.396,3 2,South,3,5,18
2,5,15,2,5821.015,4 2,South,3,5,18
2,5,15,1,5821.914,4 2,East,3,5,18
2,5,15,2,5822.709,4 3,East,3,5,18
2,5,15,2,5823.385,4 4,East,3,5,18
2,5,15,1,5824.089,4 4,North,3,5,18
2,5,15,2,5824.759,3 4,North,3,5,18
2,5,15,1,5825.484,3 4,West,3,5,18
2,5,15,2,5826.215,3 3,West,3,5,18
2,5,15,3,5826.821,3 3,North,3,5,18
2,5,15,2,5827.508,2 3,North,3,5,18
2,5,15,2,5828.269,1 3,North,3,5,18
2,5,15,2,5828.924,0 3,North,3,5,18
2,5,15,3,5829.449,0 3,East,3,5,18
2,5,15,2,5830.09,0 4,East,3,5,18
2,5,15,6,5830.48,0 4,East,3,6,18
2,5,15,1,5830.825,0 4,North,3,6,18
2,5,15,1,5831.369,0 4,West,3,6,18
2,5,15,2,5832.343,0 3,West,3,6,18
2,5,15,1,5833.004,0 3,South,3,6,18
2,5,15,2,5833.659,1 3,South,3,6,18
2,5,15,2,5834.332,2 3,South,3,6,18
2,5,15,2,5835.002,3 3,South,3,6,18
2,5,15,2,5835.77,3 3,South,3,6,19
2,5,15,1,5836.248,3 3,East,3,6,19
2,5,15,2,5836.859,3 4,East,3,6,19
2,5,15,3,5837.414,3 4,South,3,6,19
2,5,15,2,5838.053,4 4,South,3,6,19
2,5,15,3,5838.685,4 4,West,3,6,19
2,5,15,2,5839.445,4 3,West,3,6,19
2,5,15,2,5840.043,4 2,West,3,6,19
2,5,15,3,5840.646,4 2,North,3,6,19
2,5,15,2,5841.386,3 2,North,3,6,19
2,5,15,2,5842.317,3 2,North,3,6,20
2,5,15,1,5842.756,3 2,West,3,6,20
2,5,15,2,5843.608,3 1,West,3,6,20
2,5,15,2,5844.326,3 0,West,3,6,20
2,5,15,3,5844.97,3 0,North,3,6,20
2,5,15,2,5845.708,2 0,North,3,6,20
2,5,15,3,5846.541,2 0,East,3,6,20
2,5,15,2,5847.339,2 0,East,3,6,21
2,5,15,1,5847.815,2 0,North,3,6,21
2,5,15,2,5848.471,1 0,North,3,6,21
2,5,15,3,5849.063,1 0,East,3,6,21
2,5,15,2,5849.981,1 1,East,3,6,21
2,5,15,1,5850.935,1 1,North,3,6,21
2,5,15,2,5851.622,1 1,North,3,6,22
2,5,15,3,5852.108,1 1,East,3,6,22
2,5,15,2,5852.842,1 1,East,3,6,23
2,5,15,3,5853.595,1 1,South,3,6,23
2,5,15,2,5854.295,2 1,South,3,6,23
2,5,15,1,5854.841,2 1,East,3,6,23
2,5,15,2,5855.531,2 2,East,3,6,23
2,5,15,6,5855.94,2 2,East,3,7,23
2,5,15,3,5856.893,2 2,South,3,7,23
2,5,15,2,5857.544,2 2,South,3,7,24
2,5,15,3,5858.054,2 2,West,3,7,24
2,5,15,2,5858.682,2 1,West,3,7,24
2,5,15,2,5859.367,2 1,West,3,7,25
2,5,15,3,5859.819,2 1,North,3,7,25
2,5,15,2,5860.457,1 1,North,3,7,25
2,5,15,1,5861.067,1 1,West,3,7,25
2,5,15,2,5861.735,1 0,West,3,7,25
2,5,15,1,5862.348,1 0,South,3,7,25
2,5,15,2,5862.905,2 0,South,3,7,25
2,5,15,2,5863.525,3 0,South,3,7,25
2,5,15,1,5864.234,3 0,East,3,7,25
2,5,15,2,5864.97,3 1,East,3,7,25
2,5,15,3,5865.543,3 1,South,3,7,25
2,5,15,2,5866.25,3 1,South,3,7,26
2,5,15,1,5867.399,3 1,East,3,7,26
2,5,15,2,5868.045,3 2,East,3,7,26
2,5,15,3,5868.622,3 2,South,3,7,26
2,5,15,2,5869.386,4 2,South,3,7,26
2,5,15,1,5870.056,4 2,East,3,7,26
2,5,15,2,5870.585,4 3,East,3,7,26
2,5,15,2,5871.24,4 4,East,3,7,26
2,5,15,1,5871.933,4 4,North,3,7,26
2,5,15,1,5873.316,4 4,West,3,7,26
2,5,15,2,5874.407,4 3,West,3,7,26
2,5,15,1,5875.868,4 3,South,3,7,26
2,5,15,2,5876.452,4 3,South,3,7,26
2,5,15,1,5876.886,4 3,East,3,7,26
2,5,15,2,5877.498,4 4,East,3,7,26
2,5,15,1,5878.15,4 4,North,3,7,26
2,5,15,2,5878.838,3 4,North,3,7,26
2,5,15,1,5879.526,3 4,West,3,7,26
2,5,15,2,5880.265,3 3,West,3,7,26
2,5,15,3,5880.811,3 3,North,3,7,26
2,5,15,2,5881.463,2 3,North,3,7,26
2,5,15,2,5882.166,1 3,North,3,7,26
2,5,15,2,5882.821,0 3,North,3,7,26
2,5,15,3,5883.414,0 3,East,3,7,26
2,5,15,2,5883.994,0 4,East,3,7,26
2,5,15,3,5884.52,0 4,South,3,7,26
2,5,15,2,5885.672,1 4,South,3,7,26
2,5,15,6,5886.04,1 4,South,3,8,26
1,6,16,2,5892.088,3 4,North,3,0,26
1,6,16,1,5892.823,3 3,North,3,0,26
1,6,16,3,5893.995,3 4,North,3,0,26
1,6,16,4,5894.568,4 4,North,3,0,26
1,6,16,2,5895.24,3 4,North,3,0,26
1,6,16,1,5895.812,3 3,North,3,0,26
1,6,16,2,5896.329,2 3,North,3,0,26
1,6,16,2,5897.61,1 3,North,3,0,26
1,6,16,4,5898.201,2 3,North,3,0,26
1,6,16,4,5898.905,3 3,North,3,0,26
1,6,16,3,5899.515,3 4,North,3,0,26
1,6,16,4,5900.134,4 4,North,3,0,26
1,6,16,1,5900.727,4 3,North,3,0,26
1,6,16,6,5901.14,4 3,North,3,1,26
1,6,16,1,5901.69,4 2,North,3,1,26
1,6,16,2,5902.378,3 2,North,3,1,26
1,6,16,1,5903.674,3 1,North,3,1,26
1,6,16,3,5905.094,3 2,North,3,1,26
1,6,16,4,5905.677,4 2,North,3,1,26
1,6,16,3,5906.278,4 3,North,3,1,26
1,6,16,3,5906.825,4 4,North,3,1,26
1,6,16,1,5907.765,4 3,North,3,1,26
1,6,16,1,5908.359,4 2,North,3,1,26
1,6,16,2,5909.723,3 2,North,3,1,26
1,6,16,1,5910.342,3 1,North,3,1,26
1,6,16,2,5911.437,3 1,North,3,1,26
1,6,16,3,5912.171,3 2,North,3,1,26
1,6,16,4,5912.715,4 2,North,3,1,26
1,6,16,3,5913.244,4 3,North,3,1,26
1,6,16,3,5914.262,4 4,North,3,1,26
1,6,16,1,5914.966,4 3,North,3,1,26
1,6,16,1,5915.611,4 2,North,3,1,26
1,6,16,2,5916.315,3 2,North,3,1,26
1,6,16,1,5917.322,3 1,North,3,1,26
1,6,16,2,5917.99,3 1,North,3,1,26
1,6,16,2,5918.535,3 1,North,3,1,26
1,6,16,3,5919.221,3 2,North,3,1,26
1,6,16,4,5919.882,4 2,North,3,1,26
1,6,16,3,5920.598,4 3,North,3,1,26
1,6,16,3,5921.284,4 4,North,3,1,26
1,6,16,1,5922.155,4 3,North,3,1,26
1,6,16,3,5938.81,4 4,North,3,1,26
1,6,16,1,5939.703,4 3,North,3,1,26
1,6,16,1,5940.372,4 2,North,3,1,26
1,6,16,2,5941.099,3 2,North,3,1,26
1,6,16,1,5941.702,3 1,North,3,1,26
1,6,16,1,5942.361,3 0,North,3,1,26
1,6,16,2,5943.622,2 0,North,3,1,26
1,6,16,2,5944.167,1 0,North,3,1,26
1,6,16,3,5944.825,1 1,North,3,1,26
1,6,16,4,5946.068,2 1,North,3,1,26
1,6,16,3,5946.727,2 2,North,3,1,26
1,6,16,2,5947.321,1 2,North,3,1,26
1,6,16,2,5948.395,0 2,North,3,1,26
1,6,16,4,5949,1 2,North,3,1,26
1,6,16,4,5949.574,2 2,North,3,1,26
1,6,16,1,5950.122,2 1,North,3,1,26
1,6,16,2,5950.98,1 1,North,3,1,26
1,6,16,1,5951.545,1 0,North,3,1,26
1,6,16,4,5952.153,2 0,North,3,1,26
1,6,16,4,5952.68,3 0,North,3,1,26
1,6,16,3,5953.226,3 1,North,3,1,26
1,6,16,3,5953.838,3 2,North,3,1,26
1,6,16,4,5954.453,4 2,North,3,1,26
1,6,16,3,5955.037,4 3,North,3,1,26
1,6,16,3,5955.564,4 4,North,3,1,26
1,6,16,2,5956.485,3 4,North,3,1,26
1,6,16,1,5957.052,3 3,North,3,1,26
1,6,16,2,5957.863,2 3,North,3,1,26
1,6,16,2,5958.637,1 3,North,3,1,26
1,6,16,2,5959.271,0 3,North,3,1,26
1,6,16,3,5959.817,0 4,North,3,1,26
1,6,16,4,5960.533,1 4,North,3,1,26
1,6,16,6,5960.9,1 4,North,3,2,26
1,6,16,2,5961.227,0 4,North,3,2,26
1,6,16,1,5961.846,0 3,North,3,2,26
1,6,16,4,5962.439,1 3,North,3,2,26
1,6,16,4,5963.252,2 3,North,3,2,26
1,6,16,4,5964.045,3 3,North,3,2,26
1,6,16,3,5964.63,3 4,North,3,2,26
1,6,16,4,5965.223,4 4,North,3,2,26
1,6,16,1,5965.801,4 3,North,3,2,26
1,6,16,1,5966.725,4 2,North,3,2,26
1,6,16,1,5967.27,4 1,North,3,2,26
1,6,16,1,5967.891,4 0,North,3,2,26
1,6,16,6,5968.3,4 0,North,3,3,26
1,6,16,3,5968.648,4 1,North,3,3,26
1,6,16,3,5969.24,4 2,North,3,3,26
1,6,16,3,5969.768,4 3,North,3,3,26
1,6,16,3,5970.411,4 4,North,3,3,26
1,6,16,2,5971.012,3 4,North,3,3,26
1,6,16,6,5971.4,3 4,North,3,4,26
1,6,16,4,5971.881,4 4,North,3,4,26
1,6,16,1,5972.629,4 3,North,3,4,26
1,6,16,1,5973.383,4 2,North,3,4,26
1,6,16,1,5974.042,4 1,North,3,4,26
1,6,16,6,5974.44,4 1,North,3,5,26
1,6,16,3,5974.903,4 2,North,3,5,26
1,6,16,3,5975.596,4 3,North,3,5,26
1,6,16,3,5976.535,4 4,North,3,5,26
1,6,16,2,5977.224,3 4,North,3,5,26
1,6,16,1,5977.833,3 3,North,3,5,26
1,6,16,2,5978.425,2 3,North,3,5,26
1,6,16,2,5979.082,1 3,North,3,5,26
1,6,16,2,5979.751,0 3,North,3,5,26
1,6,16,3,5980.812,0 4,North,3,5,26
1,6,16,6,5981.22,0 4,North,3,6,26
1,6,16,1,5981.368,0 3,North,3,6,26
1,6,16,1,5981.878,0 3,North,3,6,26
1,6,16,4,5982.245,1 3,North,3,6,26
1,6,16,4,5982.92,2 3,North,3,6,26
1,6,16,4,5983.644,3 3,North,3,6,26
1,6,16,3,5984.356,3 4,North,3,6,26
1,6,16,4,5984.938,4 4,North,3,6,26
1,6,16,1,5985.51,4 3,North,3,6,26
1,6,16,1,5986.074,4 2,North,3,6,26
1,6,16,2,5986.668,3 2,North,3,6,26
1,6,16,1,5987.194,3 1,North,3,6,26
1,6,16,1,5987.833,3 0,North,3,6,26
1,6,16,6,5988.24,3 0,North,3,7,26
1,6,16,2,5988.472,2 0,North,3,7,26
1,6,16,2,5989.11,1 0,North,3,7,26
1,6,16,3,5989.861,1 1,North,3,7,26
1,6,16,4,5990.426,2 1,North,3,7,26
1,6,16,3,5990.97,2 2,North,3,7,26
1,6,16,1,5991.542,2 1,North,3,7,26
1,6,16,2,5992.185,1 1,North,3,7,26
1,6,16,1,5992.74,1 0,North,3,7,26
1,6,16,4,5993.334,2 0,North,3,7,26
1,6,16,4,5993.849,3 0,North,3,7,26
1,6,16,3,5994.376,3 1,North,3,7,26
1,6,16,3,5994.892,3 2,North,3,7,26
1,6,16,4,5995.437,4 2,North,3,7,26
1,6,16,6,5995.8,4 2,North,3,8,26
2,6,16,1,5999.27,4 4,West,3,0,0
2,6,16,2,6000.085,4 3,West,3,0,0
2,6,16,6,6000.5,4 3,West,3,1,0
2,6,16,3,6001.082,4 3,North,3,1,0
2,6,16,3,6002.551,4 3,East,3,1,0
2,6,16,2,6003.337,4 4,East,3,1,0
2,6,16,1,6003.994,4 4,North,3,1,0
2,6,16,2,6004.696,3 4,North,3,1,0
2,6,16,1,6005.306,3 4,West,3,1,0
2,6,16,3,6007.012,3 4,North,3,1,0
2,6,16,1,6008.041,3 4,West,3,1,0
2,6,16,2,6008.663,3 3,West,3,1,0
2,6,16,3,6009.19,3 3,North,3,1,0
2,6,16,2,6009.766,2 3,North,3,1,0
2,6,16,2,6010.35,1 3,North,3,1,0
2,6,16,2,6010.938,0 3,North,3,1,0
2,6,16,3,6011.461,0 3,East,3,1,0
2,6,16,2,6012.043,0 4,East,3,1,0
2,6,16,6,6012.46,0 4,East,3,2,0
2,6,16,3,6012.811,0 4,South,3,2,0
2,6,16,3,6013.706,0 4,West,3,2,0
2,6,16,2,6014.424,0 3,West,3,2,0
2,6,16,1,6015.094,0 3,South,3,2,0
2,6,16,2,6015.672,1 3,South,3,2,0
2,6,16,2,6016.248,2 3,South,3,2,0
2,6,16,2,6019.445,3 3,South,3,2,0
2,6,16,1,6020.054,3 3,East,3,2,0
2,6,16,2,6020.725,3 4,East,3,2,0
2,6,16,3,6021.24,3 4,South,3,2,0
2,6,16,2,6021.861,4 4,South,3,2,0
2,6,16,3,6022.437,4 4,West,3,2,0
2,6,16,2,6023.018,4 3,West,3,2,0
2,6,16,2,6023.657,4 2,West,3,2,0
2,6,16,6,6024.08,4 2,West,3,3,0
2,6,16,3,6024.441,4 2,North,3,3,0
2,6,16,2,6025.59,3 2,North,3,3,0
2,6,16,1,6026.203,3 2,West,3,3,0
2,6,16,2,6026.75,3 1,West,3,3,0
2,6,16,2,6027.351,3 0,West,3,3,0
2,6,16,6,6027.76,3 0,West,3,4,0
2,6,16,3,6028.085,3 0,North,3,4,0
2,6,16,2,6030.085,2 0,North,3,4,0
2,6,16,2,6031.16,1 0,North,3,4,0
2,6,16,3,6031.725,1 0,East,3,4,0
2,6,16,2,6032.475,1 1,East,3,4,0
2,6,16,3,6033.049,1 1,South,3,4,0
2,6,16,2,6033.606,2 1,South,3,4,0
2,6,16,6,6033.98,2 1,South,3,5,0
2,6,16,1,6034.488,2 1,East,3,5,0
2,6,16,1,6035.989,2 1,North,3,5,0
2,6,16,2,6036.749,1 1,North,3,5,0
2,6,16,1,6037.291,1 1,West,3,5,0
2,6,16,2,6037.932,1 0,West,3,5,0
2,6,16,1,6038.486,1 0,South,3,5,0
2,6,16,2,6039.019,2 0,South,3,5,0
2,6,16,2,6039.643,3 0,South,3,5,0
2,6,16,1,6040.236,3 0,East,3,5,0
2,6,16,2,6040.903,3 1,East,3,5,0
2,6,16,3,6041.512,3 1,South,3,5,0
2,6,16,2,6042.123,3 1,South,3,5,1
2,6,16,1,6043.404,3 1,East,3,5,1
2,6,16,2,6044.071,3 2,East,3,5,1
2,6,16,3,6044.679,3 2,South,3,5,1
2,6,16,2,6045.34,4 2,South,3,5,1
2,6,16,1,6045.884,4 2,East,3,5,1
2,6,16,2,6046.523,4 3,East,3,5,1
2,6,16,2,6047.354,4 4,East,3,5,1
2,6,16,1,6048.071,4 4,North,3,5,1
2,6,16,2,6048.917,3 4,North,3,5,1
2,6,16,1,6049.566,3 4,West,3,5,1
2,6,16,2,6050.23,3 3,West,3,5,1
2,6,16,6,6050.64,3 3,West,3,6,1
2,6,16,1,6052.396,3 3,South,3,6,1
2,6,16,1,6052.966,3 3,East,3,6,1
2,6,16,2,6053.607,3 4,East,3,6,1
2,6,16,3,6054.123,3 4,South,3,6,1
2,6,16,2,6054.712,4 4,South,3,6,1
2,6,16,3,6055.406,4 4,West,3,6,1
2,6,16,2,6056.333,4 3,West,3,6,1
2,6,16,2,6056.952,4 2,West,3,6,1
2,6,16,3,6057.607,4 2,North,3,6,1
2,6,16,2,6058.31,3 2,North,3,6,1
2,6,16,6,6058.68,3 2,North,3,7,1
2,6,16,1,6059.533,3 2,West,3,7,1
2,6,16,2,6060.287,3 1,West,3,7,1
2,6,16,6,6060.7,3 1,West,3,8,1
1,6,17,1,6065.492,4 3,North,3,0,1
1,6,17,1,6066.22,4 2,North,3,0,1
1,6,17,2,6067.126,3 2,North,3,0,1
1,6,17,1,6067.706,3 1,North,3,0,1
1,6,17,1,6068.253,3 0,North,3,0,1
1,6,17,2,6069.003,2 0,North,3,0,1
1,6,17,2,6069.612,1 0,North,3,0,1
1,6,17,3,6070.167,1 1,North,3,0,1
1,6,17,4,6070.78,2 1,North,3,0,1
1,6,17,3,6071.86,2 2,North,3,0,1
1,6,17,2,6072.426,1 2,North,3,0,1
1,6,17,2,6073.114,0 2,North,3,0,1
1,6,17,1,6073.64,0 1,North,3,0,1
1,6,17,6,6074.04,0 1,North,3,1,1
1,6,17,3,6074.28,0 2,North,3,1,1
1,6,17,4,6074.838,1 2,North,3,1,1
1,6,17,4,6075.862,2 2,North,3,1,1
1,6,17,1,6076.407,2 1,North,3,1,1
1,6,17,2,6077.021,1 1,North,3,1,1
1,6,17,1,6077.593,1 0,North,3,1,1
1,6,17,4,6078.185,2 0,North,3,1,1
1,6,17,4,6078.731,3 0,North,3,1,1
1,6,17,3,6079.301,3 1,North,3,1,1
1,6,17,3,6079.996,3 2,North,3,1,1
1,6,17,4,6080.55,4 2,North,3,1,1
1,6,17,3,6081.114,4 3,North,3,1,1
1,6,17,3,6082.22,4 4,North,3,1,1
1,6,17,2,6082.952,3 4,North,3,1,1
1,6,17,1,6083.48,3 3,North,3,1,1
1,6,17,6,6083.88,3 3,North,3,2,1
1,6,17,2,6084.283,2 3,North,3,2,1
1,6,17,2,6084.939,1 3,North,3,2,1
1,6,17,2,6085.572,0 3,North,3,2,1
1,6,17,3,6086.601,0 4,North,3,2,1
1,6,17,4,6087.156,1 4,North,3,2,1
1,6,17,4,6087.835,2 4,North,3,2,1
1,6,17,6,6088.2,2 4,North,3,3,1
1,6,17,2,6088.758,1 4,North,3,3,1
1,6,17,2,6089.4,0 4,North,3,3,1
1,6,17,1,6090.011,0 3,North,3,3,1
1,6,17,4,6090.534,1 3,North,3,3,1
1,6,17,4,6091.163,2 3,North,3,3,1
1,6,17,4,6091.943,3 3,North,3,3,1
1,6,17,3,6092.564,3 4,North,3,3,1
1,6,17,4,6093.142,4 4,North,3,3,1
1,6,17,1,6093.78,4 3,North,3,3,1
1,6,17,3,6094.652,4 4,North,3,3,1
1,6,17,1,6095.365,4 3,North,3,3,1
1,6,17,1,6095.945,4 2,North,3,3,1
1,6,17,2,6096.648,3 2,North,3,3,1
1,6,17,1,6097.66,3 1,North,3,3,1
1,6,17,2,6098.603,3 1,North,3,3,1
1,6,17,3,6099.034,3 2,North,3,3,1
1,6,17,1,6101.259,3 1,North,3,3,1
1,6,17,2,6102.328,3 1,North,3,3,1
1,6,17,2,6102.868,3 1,North,3,3,1
1,6,17,3,6103.514,3 2,North,3,3,1
1,6,17,1,6104.077,3 1,North,3,3,1
1,6,17,1,6104.779,3 0,North,3,3,1
1,6,17,2,6105.413,2 0,North,3,3,1
1,6,17,2,6106.423,1 0,North,3,3,1
1,6,17,3,6107.099,1 1,North,3,3,1
1,6,17,6,6107.5,1 1,North,3,4,1
1,6,17,4,6107.943,2 1,North,3,4,1
1,6,17,3,6108.62,2 2,North,3,4,1
1,6,17,6,6109.02,2 2,North,3,5,1
1,6,17,2,6109.417,1 2,North,3,5,1
1,6,17,2,6110.185,0 2,North,3,5,1
1,6,17,1,6110.759,0 1,North,3,5,1
1,6,17,1,6111.416,0 0,North,3,5,1
1,6,17,6,6111.82,0 0,North,3,6,1
1,6,17,3,6112.329,0 1,North,3,6,1
1,6,17,3,6113.147,0 2,North,3,6,1
1,6,17,4,6113.699,1 2,North,3,6,1
1,6,17,4,6114.347,2 2,North,3,6,1
1,6,17,1,6114.899,2 1,North,3,6,1
1,6,17,2,6115.577,1 1,North,3,6,1
1,6,17,1,6116.12,1 0,North,3,6,1
1,6,17,6,6116.52,1 0,North,3,7,1
1,6,17,4,6116.794,2 0,North,3,7,1
1,6,17,2,6117.415,1 0,North,3,7,1
1,6,17,3,6117.977,1 1,North,3,7,1
1,6,17,4,6118.536,2 1,North,3,7,1
1,6,17,3,6119.081,2 2,North,3,7,1
1,6,17,2,6119.609,1 2,North,3,7,1
1,6,17,2,6120.264,0 2,North,3,7,1
1,6,17,6,6120.64,0 2,North,3,8,1
2,6,17,2,6124.972,3 4,North,3,0,0
2,6,17,1,6125.612,3 4,West,3,0,0
2,6,17,2,6126.517,3 3,West,3,0,0
2,6,17,6,6126.92,3 3,West,3,1,0
2,6,17,1,6128.661,3 3,South,3,1,0
2,6,17,1,6129.19,3 3,East,3,1,0
2,6,17,2,6129.812,3 4,East,3,1,0
2,6,17,3,6130.346,3 4,South,3,1,0
2,6,17,2,6130.938,4 4,South,3,1,0
2,6,17,3,6131.476,4 4,West,3,1,0
2,6,17,2,6132.205,4 3,West,3,1,0
2,6,17,2,6132.813,4 2,West,3,1,0
2,6,17,3,6133.447,4 2,North,3,1,0
2,6,17,2,6134.138,3 2,North,3,1,0
2,6,17,1,6134.778,3 2,West,3,1,0
2,6,17,2,6135.363,3 1,West,3,1,0
2,6,17,2,6135.975,3 0,West,3,1,0
2,6,17,3,6136.581,3 0,North,3,1,0
2,6,17,2,6137.211,2 0,North,3,1,0
2,6,17,2,6137.831,1 0,North,3,1,0
2,6,17,3,6138.424,1 0,East,3,1,0
2,6,17,2,6139.03,1 1,East,3,1,0
2,6,17,6,6139.44,1 1,East,3,2,0
2,6,17,3,6140.166,1 1,South,3,2,0
2,6,17,2,6140.809,2 1,South,3,2,0
2,6,17,1,6141.384,2 1,East,3,2,0
2,6,17,2,6142.072,2 2,East,3,2,0
2,6,17,6,6142.48,2 2,East,3,3,0
2,6,17,1,6144.324,2 2,North,3,3,0
2,6,17,1,6145.389,2 2,West,3,3,0
2,6,17,2,6146.141,2 1,West,3,3,0
2,6,17,3,6146.814,2 1,North,3,3,0
2,6,17,2,6147.51,1 1,North,3,3,0
2,6,17,1,6148.089,1 1,West,3,3,0
2,6,17,2,6148.76,1 0,West,3,3,0
2,6,17,1,6149.323,1 0,South,3,3,0
2,6,17,2,6149.912,2 0,South,3,3,0
2,6,17,2,6150.503,3 0,South,3,3,0
2,6,17,1,6151.116,3 0,East,3,3,0
2,6,17,2,6151.731,3 1,East,3,3,0
2,6,17,3,6152.378,3 1,South,3,3,0
2,6,17,2,6153.078,3 1,South,3,3,1
2,6,17,1,6153.542,3 1,East,3,3,1
2,6,17,2,6154.229,3 2,East,3,3,1
2,6,17,3,6154.825,3 2,South,3,3,1
2,6,17,2,6155.486,4 2,South,3,3,1
2,6,17,1,6156.009,4 2,East,3,3,1
2,6,17,2,6156.519,4 3,East,3,3,1
2,6,17,2,6157.163,4 4,East,3,3,1
2,6,17,1,6157.718,4 4,North,3,3,1
2,6,17,2,6158.378,3 4,North,3,3,1
2,6,17,1,6159.018,3 4,West,3,3,1
2,6,17,2,6159.643,3 3,West,3,3,1
2,6,17,3,6160.216,3 3,North,3,3,1
2,6,17,2,6160.791,2 3,North,3,3,1
2,6,17,2,6161.404,1 3,North,3,3,1
2,6,17,2,6162.026,0 3,North,3,3,1
2,6,17,3,6162.551,0 3,East,3,3,1
2,6,17,2,6163.211,0 4,East,3,3,1
2,6,17,3,6163.737,0 4,South,3,3,1
2,6,17,2,6164.378,1 4,South,3,3,1
2,6,17,6,6164.76,1 4,South,3,4,1
2,6,17,3,6165.23,1 4,West,3,4,1
2,6,17,3,6165.835,1 4,North,3,4,1
2,6,17,2,6166.474,0 4,North,3,4,1
2,6,17,1,6167.067,0 4,West,3,4,1
2,6,17,2,6168.857,0 3,West,3,4,1
2,6,17,1,6169.42,0 3,South,3,4,1
2,6,17,2,6169.948,1 3,South,3,4,1
2,6,17,2,6170.969,2 3,South,3,4,1
2,6,17,2,6171.643,3 3,South,3,4,1
2,6,17,2,6172.343,3 3,South,3,4,2
2,6,17,1,6173.013,3 3,East,3,4,2
2,6,17,2,6173.642,3 4,East,3,4,2
2,6,17,3,6174.186,3 4,South,3,4,2
2,6,17,2,6174.826,4 4,South,3,4,2
2,6,17,3,6175.432,4 4,West,3,4,2
2,6,17,2,6176.024,4 3,West,3,4,2
2,6,17,2,6176.585,4 2,West,3,4,2
2,6,17,3,6177.339,4 2,North,3,4,2
2,6,17,2,6178.131,3 2,North,3,4,2
2,6,17,1,6178.937,3 2,West,3,4,2
2,6,17,2,6179.611,3 1,West,3,4,2
2,6,17,2,6180.2,3 0,West,3,4,2
2,6,17,3,6180.824,3 0,North,3,4,2
2,6,17,2,6181.465,2 0,North,3,4,2
2,6,17,2,6182.123,1 0,North,3,4,2
2,6,17,3,6182.756,1 0,East,3,4,2
2,6,17,2,6183.433,1 1,East,3,4,2
2,6,17,1,6184.234,1 1,North,3,4,2
2,6,17,2,6184.922,1 1,North,3,4,3
2,6,17,3,6185.406,1 1,East,3,4,3
2,6,17,2,6186.075,1 1,East,3,4,4
2,6,17,1,6187.163,1 1,North,3,4,4
2,6,17,1,6188.728,1 1,West,3,4,4
2,6,17,1,6191.897,1 1,South,3,4,4
2,6,17,2,6192.584,2 1,South,3,4,4
2,6,17,3,6193.111,2 1,West,3,4,4
2,6,17,2,6193.788,2 1,West,3,4,5
2,6,17,1,6194.3,2 1,South,3,4,5
2,6,17,2,6194.97,2 1,South,3,4,6
2,6,17,1,6196.558,2 1,East,3,4,6
2,6,17,2,6197.189,2 2,East,3,4,6
2,6,17,1,6198.119,2 2,North,3,4,6
2,6,17,2,6198.813,1 2,North,3,4,6
2,6,17,2,6199.383,0 2,North,3,4,6
2,6,17,6,6199.78,0 2,North,3,5,6
2,6,17,1,6200.137,0 2,West,3,5,6
2,6,17,1,6201.005,0 2,South,3,5,6
2,6,17,2,6202.201,1 2,South,3,5,6
2,6,17,2,6202.89,2 2,South,3,5,6
2,6,17,3,6203.515,2 2,West,3,5,6
2,6,17,2,6204.134,2 1,West,3,5,6
2,6,17,1,6204.713,2 1,South,3,5,6
2,6,17,2,6205.369,2 1,South,3,5,7
2,6,17,1,6206.647,2 1,East,3,5,7
2,6,17,2,6207.576,2 2,East,3,5,7
2,6,17,3,6208.122,2 2,South,3,5,7
2,6,17,2,6208.92,2 2,South,3,5,8
2,6,17,3,6209.35,2 2,West,3,5,8
2,6,17,2,6210.137,2 1,West,3,5,8
2,6,17,2,6210.822,2 1,West,3,5,9
2,6,17,1,6211.286,2 1,South,3,5,9
2,6,17,2,6212.06,2 1,South,3,5,10
2,6,17,3,6212.523,2 1,West,3,5,10
2,6,17,3,6213.195,2 1,North,3,5,10
2,6,17,2,6213.898,1 1,North,3,5,10
2,6,17,1,6214.555,1 1,West,3,5,10
2,6,17,2,6215.143,1 0,West,3,5,10
2,6,17,1,6215.753,1 0,South,3,5,10
2,6,17,2,6216.38,2 0,South,3,5,10
2,6,17,2,6217.112,3 0,South,3,5,10
2,6,17,1,6217.672,3 0,East,3,5,10
2,6,17,2,6218.327,3 1,East,3,5,10
2,6,17,3,6219.036,3 1,South,3,5,10
2,6,17,2,6219.803,3 1,South,3,5,11
2,6,17,1,6220.14,3 1,East,3,5,11
2,6,17,2,6220.902,3 2,East,3,5,11
2,6,17,3,6221.564,3 2,South,3,5,11
2,6,17,2,6222.155,4 2,South,3,5,11
2,6,17,1,6222.708,4 2,East,3,5,11
2,6,17,2,6223.229,4 3,East,3,5,11
2,6,17,2,6224.234,4 4,East,3,5,11
2,6,17,1,6224.839,4 4,North,3,5,11
2,6,17,2,6225.42,3 4,North,3,5,11
2,6,17,6,6225.8,3 4,North,3,6,11
2,6,17,1,6226.937,3 4,West,3,6,11
2,6,17,1,6227.608,3 4,South,3,6,11
2,6,17,2,6228.268,4 4,South,3,6,11
2,6,17,3,6228.813,4 4,West,3,6,11
2,6,17,2,6229.405,4 3,West,3,6,11
2,6,17,2,6230.024,4 2,West,3,6,11
2,6,17,3,6230.693,4 2,North,3,6,11
2,6,17,2,6231.403,3 2,North,3,6,11
2,6,17,1,6232.196,3 2,West,3,6,11
2,6,17,2,6232.843,3 1,West,3,6,11
2,6,17,2,6233.511,3 0,West,3,6,11
2,6,17,3,6234.164,3 0,North,3,6,11
2,6,17,2,6234.762,2 0,North,3,6,11
2,6,17,2,6235.429,1 0,North,3,6,11
2,6,17,3,6236.123,1 0,East,3,6,11
2,6,17,2,6236.777,1 1,East,3,6,11
2,6,17,1,6237.478,1 1,North,3,6,11
2,6,17,2,6238.117,1 1,North,3,6,12
2,6,17,3,6238.679,1 1,East,3,6,12
2,6,17,2,6239.316,1 1,East,3,6,13
2,6,17,3,6241.912,1 1,South,3,6,13
2,6,17,3,6242.437,1 1,West,3,6,13
2,6,17,2,6243.124,1 0,West,3,6,13
2,6,17,1,6243.769,1 0,South,3,6,13
2,6,17,2,6244.474,2 0,South,3,6,13
2,6,17,1,6245.063,2 0,East,3,6,13
2,6,17,2,6245.852,2 0,East,3,6,14
2,6,17,3,6246.807,2 0,South,3,6,14
2,6,17,2,6247.494,3 0,South,3,6,14
2,6,17,1,6248.091,3 0,East,3,6,14
2,6,17,2,6248.797,3 1,East,3,6,14
2,6,17,1,6250.09,3 1,North,3,6,14
2,6,17,2,6250.89,3 1,North,3,6,15
2,6,17,3,6251.509,3 1,East,3,6,15
2,6,17,3,6252.405,3 1,South,3,6,15
2,6,17,2,6252.996,3 1,South,3,6,16
2,6,17,1,6253.591,3 1,East,3,6,16
2,6,17,2,6254.265,3 2,East,3,6,16
2,6,17,1,6254.899,3 2,North,3,6,16
2,6,17,2,6255.533,3 2,North,3,6,17
2,6,17,3,6256.11,3 2,East,3,6,17
2,6,17,2,6256.955,3 2,East,3,6,18
2,6,17,3,6257.368,3 2,South,3,6,18
2,6,17,2,6258.393,4 2,South,3,6,18
2,6,17,1,6258.937,4 2,East,3,6,18
2,6,17,2,6259.528,4 3,East,3,6,18
2,6,17,2,6260.22,4 4,East,3,6,18
2,6,17,1,6263.397,4 4,North,3,6,18
2,6,17,1,6264.011,4 4,West,3,6,18
2,6,17,2,6264.727,4 3,West,3,6,18
2,6,17,2,6265.288,4 2,West,3,6,18
2,6,17,3,6265.959,4 2,North,3,6,18
2,6,17,2,6266.732,3 2,North,3,6,18
2,6,17,1,6267.435,3 2,West,3,6,18
2,6,17,2,6268.041,3 1,West,3,6,18
2,6,17,2,6268.66,3 0,West,3,6,18
2,6,17,3,6269.323,3 0,North,3,6,18
2,6,17,2,6270.277,2 0,North,3,6,18
2,6,17,2,6271.205,1 0,North,3,6,18
2,6,17,3,6272.104,1 0,East,3,6,18
2,6,17,2,6273.014,1 1,East,3,6,18
2,6,17,3,6273.738,1 1,South,3,6,18
2,6,17,2,6274.439,2 1,South,3,6,18
2,6,17,1,6275.142,2 1,East,3,6,18
2,6,17,2,6275.861,2 2,East,3,6,18
2,6,17,1,6276.46,2 2,North,3,6,18
2,6,17,2,6277.144,1 2,North,3,6,18
2,6,17,2,6277.705,0 2,North,3,6,18
2,6,17,1,6278.247,0 2,West,3,6,18
2,6,17,2,6278.828,0 1,West,3,6,18
2,6,17,2,6279.444,0 0,West,3,6,18
2,6,17,6,6279.86,0 0,West,3,7,18
2,6,17,1,6280.263,0 0,South,3,7,18
2,6,17,1,6280.853,0 0,East,3,7,18
2,6,17,2,6281.532,0 1,East,3,7,18
2,6,17,6,6281.94,0 1,East,3,8,18
1,6,18,2,6285.255,3 4,North,3,0,18
1,6,18,4,6286.452,4 4,North,3,0,18
1,6,18,1,6287.065,4 3,North,3,0,18
1,6,18,1,6287.724,4 2,North,3,0,18
1,6,18,2,6288.714,3 2,North,3,0,18
1,6,18,1,6289.625,3 1,North,3,0,18
1,6,18,1,6290.311,3 0,North,3,0,18
1,6,18,2,6291.259,2 0,North,3,0,18
1,6,18,2,6292.076,1 0,North,3,0,18
1,6,18,3,6292.917,1 1,North,3,0,18
1,6,18,4,6293.847,2 1,North,3,0,18
1,6,18,3,6294.524,2 2,North,3,0,18
1,6,18,2,6295.211,1 2,North,3,0,18
1,6,18,4,6295.788,2 2,North,3,0,18
1,6,18,1,6296.332,2 1,North,3,0,18
1,6,18,2,6296.947,1 1,North,3,0,18
1,6,18,1,6297.56,1 0,North,3,0,18
1,6,18,4,6298.17,2 0,North,3,0,18
1,6,18,4,6298.763,3 0,North,3,0,18
1,6,18,3,6299.291,3 1,North,3,0,18
1,6,18,3,6299.816,3 2,North,3,0,18
1,6,18,4,6300.362,4 2,North,3,0,18
1,6,18,3,6300.936,4 3,North,3,0,18
1,6,18,3,6301.448,4 4,North,3,0,18
1,6,18,2,6301.996,3 4,North,3,0,18
1,6,18,1,6302.598,3 3,North,3,0,18
1,6,18,2,6303.115,2 3,North,3,0,18
1,6,18,2,6304.043,1 3,North,3,0,18
1,6,18,2,6304.692,0 3,North,3,0,18
1,6,18,6,6305.06,0 3,North,3,1,18
1,6,18,4,6305.513,1 3,North,3,1,18
1,6,18,4,6306.137,2 3,North,3,1,18
1,6,18,4,6306.845,3 3,North,3,1,18
1,6,18,3,6307.372,3 4,North,3,1,18
1,6,18,4,6307.907,4 4,North,3,1,18
1,6,18,1,6308.455,4 3,North,3,1,18
1,6,18,1,6309.02,4 2,North,3,1,18
1,6,18,2,6309.613,3 2,North,3,1,18
1,6,18,1,6310.15,3 1,North,3,1,18
1,6,18,1,6310.708,3 0,North,3,1,18
1,6,18,2,6311.273,2 0,North,3,1,18
1,6,18,2,6311.845,1 0,North,3,1,18
1,6,18,3,6312.391,1 1,North,3,1,18
1,6,18,4,6313.447,2 1,North,3,1,18
1,6,18,6,6313.8,2 1,North,3,2,18
1,6,18,3,6314.269,2 2,North,3,2,18
1,6,18,1,6315.165,2 1,North,3,2,18
1,6,18,2,6315.851,1 1,North,3,2,18
1,6,18,1,6316.953,1 0,North,3,2,18
1,6,18,4,6317.611,2 0,North,3,2,18
1,6,18,4,6318.249,3 0,North,3,2,18
1,6,18,3,6318.806,3 1,North,3,2,18
1,6,18,3,6319.317,3 2,North,3,2,18
1,6,18,4,6319.9,4 2,North,3,2,18
1,6,18,3,6320.455,4 3,North,3,2,18
1,6,18,3,6320.972,4 4,North,3,2,18
1,6,18,2,6321.558,3 4,North,3,2,18
1,6,18,1,6322.092,3 3,North,3,2,18
1,6,18,2,6323.093,2 3,North,3,2,18
1,6,18,2,6323.726,1 3,North,3,2,18
1,6,18,6,6324.1,1 3,North,3,3,18
1,6,18,4,6324.573,2 3,North,3,3,18
1,6,18,4,6325.287,3 3,North,3,3,18
1,6,18,3,6325.835,3 4,North,3,3,18
1,6,18,4,6326.427,4 4,North,3,3,18
1,6,18,1,6326.965,4 3,North,3,3,18
1,6,18,1,6327.623,4 2,North,3,3,18
1,6,18,2,6328.218,3 2,North,3,3,18
1,6,18,6,6328.6,3 2,North,3,4,18
1,6,18,4,6329.093,4 2,North,3,4,18
1,6,18,3,6329.621,4 3,North,3,4,18
1,6,18,3,6330.519,4 4,North,3,4,18
1,6,18,2,6331.158,3 4,North,3,4,18
1,6,18,1,6331.723,3 3,North,3,4,18
1,6,18,2,6332.277,2 3,North,3,4,18
1,6,18,6,6332.66,2 3,North,3,5,18
1,6,18,4,6333.149,3 3,North,3,5,18
1,6,18,3,6333.73,3 4,North,3,5,18
1,6,18,4,6334.326,4 4,North,3,5,18
1,6,18,1,6335.286,4 3,North,3,5,18
1,6,18,1,6336.007,4 2,North,3,5,18
1,6,18,2,6336.844,3 2,North,3,5,18
1,6,18,1,6337.562,3 1,North,3,5,18
1,6,18,1,6338.264,3 0,North,3,5,18
1,6,18,2,6339.079,2 0,North,3,5,18
1,6,18,2,6339.946,1 0,North,3,5,18
1,6,18,3,6340.696,1 1,North,3,5,18
1,6,18,4,6341.7,2 1,North,3,5,18
1,6,18,3,6342.916,2 2,North,3,5,18
1,6,18,2,6343.499,1 2,North,3,5,18
1,6,18,6,6343.88,1 2,North,3,6,18
1,6,18,4,6344.31,2 2,North,3,6,18
1,6,18,1,6344.852,2 1,North,3,6,18
1,6,18,2,6345.479,1 1,North,3,6,18
1,6,18,1,6346.04,1 0,North,3,6,18
1,6,18,4,6346.587,2 0,North,3,6,18
1,6,18,4,6347.138,3 0,North,3,6,18
1,6,18,3,6347.691,3 1,North,3,6,18
1,6,18,6,6348.1,3 1,North,3,7,18
1,6,18,1,6348.485,3 0,North,3,7,18
1,6,18,2,6349.084,2 0,North,3,7,18
1,6,18,6,6349.46,2 0,North,3,8,18
2,6,18,2,6353.832,3 4,North,3,0,0
2,6,18,1,6354.442,3 4,West,3,0,0
2,6,18,2,6355.886,3 3,West,3,0,0
2,6,18,3,6356.411,3 3,North,3,0,0
2,6,18,2,6357.015,2 3,North,3,0,0
2,6,18,6,6357.4,2 3,North,3,1,0
2,6,18,1,6358.346,2 3,West,3,1,0
2,6,18,1,6358.876,2 3,South,3,1,0
2,6,18,2,6360.23,3 3,South,3,1,0
2,6,18,1,6360.839,3 3,East,3,1,0
2,6,18,2,6361.51,3 4,East,3,1,0
2,6,18,3,6362.046,3 4,South,3,1,0
2,6,18,2,6362.648,4 4,South,3,1,0
2,6,18,3,6363.243,4 4,West,3,1,0
2,6,18,2,6363.783,4 3,West,3,1,0
2,6,18,2,6364.403,4 2,West,3,1,0
2,6,18,3,6364.985,4 2,North,3,1,0
2,6,18,2,6365.623,3 2,North,3,1,0
2,6,18,6,6366,3 2,North,3,2,0
2,6,18,3,6367.891,3 2,East,3,2,0
2,6,18,3,6368.86,3 2,South,3,2,0
2,6,18,2,6369.54,4 2,South,3,2,0
2,6,18,1,6370.073,4 2,East,3,2,0
2,6,18,2,6371.021,4 3,East,3,2,0
2,6,18,2,6371.656,4 4,East,3,2,0
2,6,18,1,6372.285,4 4,North,3,2,0
2,6,18,2,6372.936,3 4,North,3,2,0
2,6,18,1,6373.606,3 4,West,3,2,0
2,6,18,2,6374.261,3 3,West,3,2,0
2,6,18,3,6374.877,3 3,North,3,2,0
2,6,18,2,6375.498,2 3,North,3,2,0
2,6,18,2,6376.074,1 3,North,3,2,0
2,6,18,6,6376.46,1 3,North,3,3,0
2,6,18,1,6376.793,1 3,West,3,3,0
2,6,18,1,6377.382,1 3,South,3,3,0
2,6,18,2,6378.123,2 3,South,3,3,0
2,6,18,2,6379.159,3 3,South,3,3,0
2,6,18,1,6379.751,3 3,East,3,3,0
2,6,18,2,6380.314,3 4,East,3,3,0
2,6,18,3,6380.891,3 4,South,3,3,0
2,6,18,2,6381.561,4 4,South,3,3,0
2,6,18,3,6382.157,4 4,West,3,3,0
2,6,18,2,6382.741,4 3,West,3,3,0
2,6,18,2,6383.499,4 2,West,3,3,0
2,6,18,3,6384.229,4 2,North,3,3,0
2,6,18,2,6384.921,3 2,North,3,3,0
2,6,18,1,6385.534,3 2,West,3,3,0
2,6,18,2,6386.238,3 1,West,3,3,0
2,6,18,1,6387.725,3 1,South,3,3,0
2,6,18,1,6388.376,3 1,East,3,3,0
2,6,18,2,6389.052,3 2,East,3,3,0
2,6,18,2,6390.01,3 2,East,3,3,1
2,6,18,3,6390.534,3 2,South,3,3,1
2,6,18,2,6391.145,4 2,South,3,3,1
2,6,18,3,6391.769,4 2,West,3,3,1
2,6,18,2,6392.398,4 1,West,3,3,1
2,6,18,6,6392.82,4 1,West,3,4,1
2,6,18,3,6393.258,4 1,North,3,4,1
2,6,18,3,6394.123,4 1,East,3,4,1
2,6,18,2,6394.79,4 2,East,3,4,1
2,6,18,1,6395.561,4 2,North,3,4,1
2,6,18,2,6396.215,3 2,North,3,4,1
2,6,18,1,6396.926,3 2,West,3,4,1
2,6,18,2,6397.543,3 1,West,3,4,1
2,6,18,2,6398.133,3 0,West,3,4,1
2,6,18,3,6398.796,3 0,North,3,4,1
2,6,18,2,6399.39,2 0,North,3,4,1
2,6,18,2,6400.044,1 0,North,3,4,1
2,6,18,3,6400.698,1 0,East,3,4,1
2,6,18,2,6401.366,1 1,East,3,4,1
2,6,18,3,6402.117,1 1,South,3,4,1
2,6,18,2,6402.788,2 1,South,3,4,1
2,6,18,1,6403.436,2 1,East,3,4,1
2,6,18,2,6404.059,2 2,East,3,4,1
2,6,18,1,6404.632,2 2,North,3,4,1
2,6,18,2,6405.238,1 2,North,3,4,1
2,6,18,6,6405.62,1 2,North,3,5,1
2,6,18,1,6405.957,1 2,West,3,5,1
2,6,18,1,6406.637,1 2,South,3,5,1
2,6,18,2,6407.318,2 2,South,3,5,1
2,6,18,3,6408.076,2 2,West,3,5,1
2,6,18,2,6408.763,2 1,West,3,5,1
2,6,18,1,6409.431,2 1,South,3,5,1
2,6,18,2,6410.294,2 1,South,3,5,2
2,6,18,3,6410.697,2 1,West,3,5,2
2,6,18,2,6411.34,2 1,West,3,5,3
2,6,18,1,6411.877,2 1,South,3,5,3
2,6,18,3,6412.485,2 1,West,3,5,3
2,6,18,3,6413.166,2 1,North,3,5,3
2,6,18,2,6413.734,1 1,North,3,5,3
2,6,18,1,6414.244,1 1,West,3,5,3
2,6,18,2,6414.838,1 0,West,3,5,3
2,6,18,1,6415.847,1 0,South,3,5,3
2,6,18,2,6416.457,2 0,South,3,5,3
2,6,18,2,6417.097,3 0,South,3,5,3
2,6,18,1,6418.077,3 0,East,3,5,3
2,6,18,2,6418.745,3 1,East,3,5,3
2,6,18,3,6419.34,3 1,South,3,5,3
2,6,18,2,6420.088,3 1,South,3,5,4
2,6,18,1,6420.837,3 1,East,3,5,4
2,6,18,2,6421.401,3 2,East,3,5,4
2,6,18,3,6422.008,3 2,South,3,5,4
2,6,18,2,6422.679,4 2,South,3,5,4
2,6,18,3,6423.244,4 2,West,3,5,4
2,6,18,2,6423.804,4 1,West,3,5,4
2,6,18,2,6424.437,4 0,West,3,5,4
2,6,18,6,6424.86,4 0,West,3,6,4
2,6,18,1,6425.333,4 0,South,3,6,4
2,6,18,1,6425.996,4 0,East,3,6,4
2,6,18,2,6426.646,4 1,East,3,6,4
2,6,18,1,6427.228,4 1,North,3,6,4
2,6,18,3,6428.039,4 1,East,3,6,4
2,6,18,2,6428.696,4 2,East,3,6,4
2,6,18,2,6429.386,4 3,East,3,6,4
2,6,18,2,6430.059,4 4,East,3,6,4
2,6,18,1,6430.647,4 4,North,3,6,4
2,6,18,2,6431.259,3 4,North,3,6,4
2,6,18,1,6431.879,3 4,West,3,6,4
2,6,18,2,6432.487,3 3,West,3,6,4
2,6,18,3,6433.013,3 3,North,3,6,4
2,6,18,2,6433.559,2 3,North,3,6,4
2,6,18,2,6434.124,1 3,North,3,6,4
2,6,18,2,6434.853,0 3,North,3,6,4
2,6,18,6,6435.24,0 3,North,3,7,4
2,6,18,3,6435.527,0 3,East,3,7,4
2,6,18,3,6436.532,0 3,South,3,7,4
2,6,18,1,6437.9,0 3,East,3,7,4
2,6,18,1,6438.483,0 3,North,3,7,4
2,6,18,3,6439.046,0 3,East,3,7,4
2,6,18,2,6439.672,0 4,East,3,7,4
2,6,18,3,6440.248,0 4,South,3,7,4
2,6,18,2,6440.762,1 4,South,3,7,4
2,6,18,2,6441.336,2 4,South,3,7,4
2,6,18,6,6441.72,2 4,South,3,8,4
