PhaseView,Run,Trial,Key,Time,Location,Direction,MazeType,Diamonds,WallBumped
0,1,1,1,5.932454,4 4,West,1,0,0
0,1,1,2,7.323603,4 3,West,1,0,0
0,1,1,3,8.855406,4 3,North,1,0,0
0,1,1,2,10.63109,3 3,North,1,0,0
0,1,1,1,12.55509,3 3,West,1,0,0
0,1,1,3,13.78456,3 3,North,1,0,0
0,1,1,2,14.97163,2 3,North,1,0,0
0,1,1,1,16.08353,2 3,West,1,0,0
0,1,1,2,17.09493,2 2,West,1,0,0
0,1,1,6,17.5,2 2,West,1,1,0
0,1,1,2,20.4453,2 1,West,1,1,0
0,1,1,1,21.65825,2 1,South,1,1,0
0,1,1,2,23.09713,3 1,South,1,1,0
0,1,1,3,24.0284,3 1,West,1,1,0
0,1,1,2,24.95631,3 0,West,1,1,0
0,1,1,1,25.81885,3 0,South,1,1,0
0,1,1,1,27.07916,3 0,East,1,1,0
0,1,1,2,28.39563,3 1,East,1,1,0
0,1,1,1,28.96915,3 1,North,1,1,0
0,1,1,2,29.95716,2 1,North,1,1,0
0,1,1,3,31.01501,2 1,East,1,1,0
0,1,1,2,31.97344,2 2,East,1,1,0
0,1,1,3,32.71071,2 2,South,1,1,0
0,1,1,2,33.99696,3 2,South,1,1,0
0,1,1,2,35.01885,4 2,South,1,1,0
0,1,1,3,35.5952,4 2,West,1,1,0
0,1,1,3,37.22232,4 2,North,1,1,0
0,1,1,2,38.72669,3 2,North,1,1,0
0,1,1,2,40.0869,2 2,North,1,1,0
0,1,1,3,40.78034,2 2,East,1,1,0
0,1,1,2,41.80364,2 3,East,1,1,0
0,1,1,2,42.75561,2 4,East,1,1,0
0,1,1,3,43.55572,2 4,South,1,1,0
0,1,1,2,44.30897,3 4,South,1,1,0
0,1,1,6,44.68,3 4,South,1,2,0
0,1,1,1,46.24465,3 4,East,1,2,0
0,1,1,1,46.82281,3 4,North,1,2,0
0,1,1,2,47.75542,2 4,North,1,2,0
0,1,1,2,48.5379,1 4,North,1,2,0
0,1,1,2,49.5816,0 4,North,1,2,0
0,1,1,1,50.72842,0 4,West,1,2,0
0,1,1,1,51.89827,0 4,South,1,2,0
0,1,1,2,52.57948,1 4,South,1,2,0
0,1,1,2,53.5086,2 4,South,1,2,0
0,1,1,3,54.66398,2 4,West,1,2,0
0,1,1,2,55.40148,2 3,West,1,2,0
0,1,1,1,56.42416,2 3,South,1,2,0
0,1,1,2,57.26933,3 3,South,1,2,0
0,1,1,2,58.13698,4 3,South,1,2,0
0,1,1,3,58.64711,4 3,West,1,2,0
0,1,1,2,59.49443,4 2,West,1,2,0
0,1,1,6,59.9,4 2,West,1,3,0
0,1,1,3,60.68332,4 2,North,1,3,0
0,1,1,2,62.02904,3 2,North,1,3,0
0,1,1,3,62.87118,3 2,East,1,3,0
0,1,1,2,63.70024,3 3,East,1,3,0
0,1,1,1,64.27703,3 3,North,1,3,0
0,1,1,2,64.93964,2 3,North,1,3,0
0,1,1,3,66.0873,2 3,East,1,3,0
0,1,1,2,66.83601,2 4,East,1,3,0
0,1,1,1,67.49178,2 4,North,1,3,0
0,1,1,2,68.18723,1 4,North,1,3,0
0,1,1,2,68.82567,0 4,North,1,3,0
0,1,1,6,69.22,0 4,North,1,4,0
0,1,1,1,70.21143,0 4,West,1,4,0
0,1,1,1,71.0276,0 4,South,1,4,0
0,1,1,2,71.87915,1 4,South,1,4,0
0,1,1,2,72.76091,2 4,South,1,4,0
0,1,1,3,73.38858,2 4,West,1,4,0
0,1,1,2,74.28565,2 3,West,1,4,0
0,1,1,2,75.16527,2 2,West,1,4,0
0,1,1,2,76.07652,2 1,West,1,4,0
0,1,1,3,76.66444,2 1,North,1,4,0
0,1,1,2,77.35117,1 1,North,1,4,0
0,1,1,6,77.72,1 1,North,1,5,0
0,1,1,2,78.26503,0 1,North,1,5,0
0,1,1,6,78.64,0 1,North,1,6,0
0,1,1,1,79.12778,0 1,West,1,6,0
0,1,1,1,79.97415,0 1,South,1,6,0
0,1,1,2,80.63438,1 1,South,1,6,0
0,1,1,3,81.15926,1 1,West,1,6,0
0,1,1,2,81.81532,1 0,West,1,6,0
0,1,1,6,82.22,1 0,West,1,7,0
0,1,1,1,82.92458,1 0,South,1,7,0
0,1,1,1,83.70908,1 0,East,1,7,0
0,1,1,2,84.32304,1 1,East,1,7,0
0,1,1,3,85.27822,1 1,South,1,7,0
0,1,1,2,85.93031,2 1,South,1,7,0
0,1,1,2,86.61932,3 1,South,1,7,0
0,1,1,6,87,3 1,South,1,8,0
2,1,1,2,93.92492,3 4,North,1,0,0
2,1,1,1,94.80978,3 4,West,1,0,0
2,1,1,2,95.76481,3 4,West,1,0,1
2,1,1,3,96.72697,3 4,North,1,0,1
2,1,1,2,97.53083,2 4,North,1,0,1
2,1,1,1,98.35931,2 4,West,1,0,1
2,1,1,2,99.25764,2 3,West,1,0,1
2,1,1,2,100.0925,2 2,West,1,0,1
2,1,1,6,100.5,2 2,West,1,1,1
2,1,1,1,101.3378,2 2,South,1,1,1
2,1,1,2,101.9781,3 2,South,1,1,1
2,1,1,3,102.6369,3 2,West,1,1,1
2,1,1,2,103.3531,3 2,West,1,1,2
2,1,1,1,103.9804,3 2,South,1,1,2
2,1,1,2,104.6526,4 2,South,1,1,2
2,1,1,3,105.2734,4 2,West,1,1,2
2,1,1,2,105.9903,4 1,West,1,1,2
2,1,1,3,106.829,4 1,North,1,1,2
2,1,1,2,107.5131,4 1,North,1,1,3
2,1,1,1,108.3002,4 1,West,1,1,3
2,1,1,2,109.0949,4 1,West,1,1,4
2,1,1,3,111.3067,4 1,North,1,1,4
2,1,1,3,112.3412,4 1,East,1,1,4
2,1,1,2,113.224,4 2,East,1,1,4
2,1,1,1,114.0605,4 2,North,1,1,4
2,1,1,2,114.8121,3 2,North,1,1,4
2,1,1,1,116.0526,3 2,West,1,1,4
2,1,1,3,116.9159,3 2,North,1,1,4
2,1,1,2,117.7837,2 2,North,1,1,4
2,1,1,1,118.5023,2 2,West,1,1,4
2,1,1,2,119.1968,2 1,West,1,1,4
2,1,1,1,120.0513,2 1,South,1,1,4
2,1,1,2,120.7494,3 1,South,1,1,4
2,1,1,6,121.14,3 1,South,1,2,4
2,1,1,2,122.1021,3 1,South,1,2,5
2,1,1,1,122.7164,3 1,East,1,2,5
2,1,1,2,123.5566,3 1,East,1,2,6
2,1,1,1,124.2339,3 1,North,1,2,6
2,1,1,2,124.9353,2 1,North,1,2,6
2,1,1,3,125.7489,2 1,East,1,2,6
2,1,1,2,126.7309,2 2,East,1,2,6
2,1,1,3,127.4827,2 2,South,1,2,6
2,1,1,2,128.4415,3 2,South,1,2,6
2,1,1,2,129.0981,4 2,South,1,2,6
2,1,1,6,129.48,4 2,South,1,3,6
2,1,1,1,130.1692,4 2,East,1,3,6
2,1,1,2,131.0858,4 3,East,1,3,6
2,1,1,1,131.7634,4 3,North,1,3,6
2,1,1,2,132.7264,3 3,North,1,3,6
2,1,1,2,133.3307,2 3,North,1,3,6
2,1,1,2,134.2522,1 3,North,1,3,6
2,1,1,1,134.8532,1 3,West,1,3,6
2,1,1,2,135.5285,1 3,West,1,3,7
2,1,1,3,136.1155,1 3,North,1,3,7
2,1,1,2,136.8272,1 3,North,1,3,8
2,1,1,1,137.5797,1 3,West,1,3,8
2,1,1,1,138.1884,1 3,South,1,3,8
2,1,1,2,138.9491,2 3,South,1,3,8
2,1,1,3,139.6449,2 3,West,1,3,8
2,1,1,2,140.3266,2 2,West,1,3,8
2,1,1,2,141.2276,2 1,West,1,3,8
2,1,1,3,141.7977,2 1,North,1,3,8
2,1,1,2,142.3476,1 1,North,1,3,8
2,1,1,6,142.74,1 1,North,1,4,8
2,1,1,1,143.8162,1 1,West,1,4,8
2,1,1,1,144.3564,1 1,South,1,4,8
2,1,1,3,145.1812,1 1,West,1,4,8
2,1,1,2,145.8823,1 0,West,1,4,8
2,1,1,1,146.4204,1 0,South,1,4,8
2,1,1,2,147.0453,2 0,South,1,4,8
2,1,1,6,147.42,2 0,South,1,5,8
2,1,1,1,148.0555,2 0,East,1,5,8
2,1,1,1,149.3703,2 0,North,1,5,8
2,1,1,2,150.0599,1 0,North,1,5,8
2,1,1,2,150.7257,1 0,North,1,5,9
2,1,1,3,151.2921,1 0,East,1,5,9
2,1,1,2,152.0694,1 1,East,1,5,9
2,1,1,2,152.8229,1 2,East,1,5,9
2,1,1,2,153.517,1 2,East,1,5,10
2,1,1,3,154.0867,1 2,South,1,5,10
2,1,1,2,154.7507,1 2,South,1,5,11
2,1,1,1,155.3195,1 2,East,1,5,11
2,1,1,1,156.0058,1 2,North,1,5,11
2,1,1,2,156.7647,1 2,North,1,5,12
2,1,1,3,157.6269,1 2,East,1,5,12
2,1,1,3,158.4244,1 2,South,1,5,12
2,1,1,2,159.2241,1 2,South,1,5,13
2,1,1,3,159.6746,1 2,West,1,5,13
2,1,1,2,160.293,1 1,West,1,5,13
2,1,1,1,161.388,1 1,South,1,5,13
2,1,1,2,162.0766,2 1,South,1,5,13
2,1,1,1,162.8204,2 1,East,1,5,13
2,1,1,2,163.5112,2 2,East,1,5,13
2,1,1,2,164.1061,2 3,East,1,5,13
2,1,1,1,165.2372,2 3,North,1,5,13
2,1,1,2,165.8175,1 3,North,1,5,13
2,1,1,6,166.2,1 3,North,1,6,13
2,1,1,3,167.2077,1 3,East,1,6,13
2,1,1,3,167.7879,1 3,South,1,6,13
2,1,1,3,168.4059,1 3,West,1,6,13
2,1,1,1,169.353,1 3,South,1,6,13
2,1,1,2,170.0562,2 3,South,1,6,13
2,1,1,3,170.6155,2 3,West,1,6,13
2,1,1,2,171.1619,2 2,West,1,6,13
2,1,1,2,171.7466,2 1,West,1,6,13
2,1,1,6,172.16,2 1,West,1,7,13
2,1,1,1,172.871,2 1,South,1,7,13
2,1,1,1,173.4128,2 1,East,1,7,13
2,1,1,2,174.4272,2 2,East,1,7,13
2,1,1,3,175.0131,2 2,South,1,7,13
2,1,1,2,175.6595,3 2,South,1,7,13
2,1,1,6,176.04,3 2,South,1,8,13
0,1,2,2,183.8794,3 4,North,1,0,13
0,1,2,2,185.8365,2 4,North,1,0,13
0,1,2,2,186.8457,1 4,North,1,0,13
0,1,2,2,187.9335,0 4,North,1,0,13
0,1,2,1,188.5548,0 4,West,1,0,13
0,1,2,1,189.3196,0 4,South,1,0,13
0,1,2,2,190.187,1 4,South,1,0,13
0,1,2,2,191.2739,2 4,South,1,0,13
0,1,2,3,192.0253,2 4,West,1,0,13
0,1,2,2,193.434,2 3,West,1,0,13
0,1,2,2,194.3342,2 2,West,1,0,13
0,1,2,2,195.3081,2 1,West,1,0,13
0,1,2,3,195.8795,2 1,North,1,0,13
0,1,2,1,196.9655,2 1,West,1,0,13
0,1,2,1,197.7413,2 1,South,1,0,13
0,1,2,2,198.4597,3 1,South,1,0,13
0,1,2,3,199.0514,3 1,West,1,0,13
0,1,2,2,199.7078,3 0,West,1,0,13
0,1,2,1,200.3486,3 0,South,1,0,13
0,1,2,2,201.0295,4 0,South,1,0,13
0,1,2,6,201.42,4 0,South,1,1,13
0,1,2,1,201.9759,4 0,East,1,1,13
0,1,2,1,202.5995,4 0,North,1,1,13
0,1,2,2,203.484,3 0,North,1,1,13
0,1,2,3,204.1543,3 0,East,1,1,13
0,1,2,2,204.9173,3 1,East,1,1,13
0,1,2,1,205.5903,3 1,North,1,1,13
0,1,2,2,206.3615,2 1,North,1,1,13
0,1,2,3,207.1123,2 1,East,1,1,13
0,1,2,2,208.0422,2 2,East,1,1,13
0,1,2,2,208.9729,2 3,East,1,1,13
0,1,2,2,209.6061,2 4,East,1,1,13
0,1,2,1,210.1201,2 4,North,1,1,13
0,1,2,1,210.8587,2 4,West,1,1,13
0,1,2,2,211.4945,2 3,West,1,1,13
0,1,2,2,212.0087,2 2,West,1,1,13
0,1,2,2,212.9033,2 1,West,1,1,13
0,1,2,3,213.5431,2 1,North,1,1,13
0,1,2,2,214.3271,1 1,North,1,1,13
0,1,2,2,214.9177,0 1,North,1,1,13
0,1,2,1,215.4648,0 1,West,1,1,13
0,1,2,1,216.0276,0 1,South,1,1,13
0,1,2,2,216.7469,1 1,South,1,1,13
0,1,2,2,217.271,2 1,South,1,1,13
0,1,2,3,218.1968,2 1,West,1,1,13
0,1,2,1,218.7583,2 1,South,1,1,13
0,1,2,2,219.3874,3 1,South,1,1,13
0,1,2,3,220.3792,3 1,West,1,1,13
0,1,2,2,221.1637,3 0,West,1,1,13
0,1,2,1,221.833,3 0,South,1,1,13
0,1,2,1,222.9645,3 0,East,1,1,13
0,1,2,2,223.9487,3 1,East,1,1,13
0,1,2,1,224.6954,3 1,North,1,1,13
0,1,2,2,225.3255,2 1,North,1,1,13
0,1,2,3,226.4123,2 1,East,1,1,13
0,1,2,2,227.1616,2 2,East,1,1,13
0,1,2,3,227.895,2 2,South,1,1,13
0,1,2,1,229.3813,2 2,East,1,1,13
0,1,2,2,230.0544,2 3,East,1,1,13
0,1,2,2,230.6158,2 4,East,1,1,13
0,1,2,3,231.3044,2 4,South,1,1,13
0,1,2,1,232.1363,2 4,East,1,1,13
0,1,2,1,232.6763,2 4,North,1,1,13
0,1,2,1,233.3402,2 4,West,1,1,13
0,1,2,1,234.2517,2 4,South,1,1,13
0,1,2,2,234.9084,3 4,South,1,1,13
0,1,2,2,235.577,4 4,South,1,1,13
0,1,2,3,236.4371,4 4,West,1,1,13
0,1,2,2,237.0642,4 3,West,1,1,13
0,1,2,2,237.6133,4 2,West,1,1,13
0,1,2,3,238.923,4 2,North,1,1,13
0,1,2,2,239.9326,3 2,North,1,1,13
0,1,2,2,240.8764,2 2,North,1,1,13
0,1,2,1,241.3855,2 2,West,1,1,13
0,1,2,2,241.917,2 1,West,1,1,13
0,1,2,3,242.5071,2 1,North,1,1,13
0,1,2,2,243.2426,1 1,North,1,1,13
0,1,2,2,243.8489,0 1,North,1,1,13
0,1,2,1,244.4353,0 1,West,1,1,13
0,1,2,1,245.1148,0 1,South,1,1,13
0,1,2,2,245.7837,1 1,South,1,1,13
0,1,2,3,246.7256,1 1,West,1,1,13
0,1,2,2,247.4133,1 0,West,1,1,13
0,1,2,1,248.0706,1 0,South,1,1,13
0,1,2,1,249.0525,1 0,East,1,1,13
0,1,2,2,249.7353,1 1,East,1,1,13
0,1,2,3,250.4757,1 1,South,1,1,13
0,1,2,2,251.1478,2 1,South,1,1,13
0,1,2,2,251.6717,3 1,South,1,1,13
0,1,2,3,252.2943,3 1,West,1,1,13
0,1,2,2,252.8372,3 0,West,1,1,13
0,1,2,1,253.7332,3 0,South,1,1,13
0,1,2,1,254.5676,3 0,East,1,1,13
0,1,2,1,255.2689,3 0,North,1,1,13
0,1,2,3,255.9483,3 0,East,1,1,13
0,1,2,2,256.5234,3 1,East,1,1,13
0,1,2,1,257.4467,3 1,North,1,1,13
0,1,2,2,258.1369,2 1,North,1,1,13
0,1,2,3,258.8708,2 1,East,1,1,13
0,1,2,2,259.5915,2 2,East,1,1,13
0,1,2,3,260.2287,2 2,South,1,1,13
0,1,2,2,261.1254,3 2,South,1,1,13
0,1,2,1,261.7234,3 2,East,1,1,13
0,1,2,2,262.7966,3 3,East,1,1,13
0,1,2,3,263.3371,3 3,South,1,1,13
0,1,2,2,263.9163,4 3,South,1,1,13
0,1,2,1,264.5697,4 3,East,1,1,13
0,1,2,1,265.3343,4 3,North,1,1,13
0,1,2,3,266.4738,4 3,East,1,1,13
0,1,2,2,267.1808,4 4,East,1,1,13
0,1,2,1,267.8016,4 4,North,1,1,13
0,1,2,2,268.4775,3 4,North,1,1,13
0,1,2,2,269.3669,2 4,North,1,1,13
0,1,2,2,269.9095,1 4,North,1,1,13
0,1,2,2,270.8065,0 4,North,1,1,13
0,1,2,1,271.461,0 4,West,1,1,13
0,1,2,2,272.0548,0 3,West,1,1,13
0,1,2,6,272.46,0 3,West,1,2,13
0,1,2,1,273.3688,0 3,South,1,2,13
0,1,2,1,273.9459,0 3,East,1,2,13
0,1,2,2,274.6352,0 4,East,1,2,13
0,1,2,3,275.1946,0 4,South,1,2,13
0,1,2,2,275.7472,1 4,South,1,2,13
0,1,2,2,276.7092,2 4,South,1,2,13
0,1,2,3,277.2408,2 4,West,1,2,13
0,1,2,2,278.2166,2 3,West,1,2,13
0,1,2,2,279.1807,2 2,West,1,2,13
0,1,2,2,280.0433,2 1,West,1,2,13
0,1,2,3,280.6321,2 1,North,1,2,13
0,1,2,2,281.348,1 1,North,1,2,13
0,1,2,3,282.0084,1 1,East,1,2,13
0,1,2,2,282.613,1 2,East,1,2,13
0,1,2,6,283.02,1 2,East,1,3,13
0,1,2,1,283.8966,1 2,North,1,3,13
0,1,2,1,284.8267,1 2,West,1,3,13
0,1,2,2,285.6709,1 1,West,1,3,13
0,1,2,2,286.2519,1 0,West,1,3,13
0,1,2,1,287.1734,1 0,South,1,3,13
0,1,2,1,287.8634,1 0,East,1,3,13
0,1,2,2,288.5662,1 1,East,1,3,13
0,1,2,3,289.2858,1 1,South,1,3,13
0,1,2,2,290.1998,2 1,South,1,3,13
0,1,2,2,291.1899,3 1,South,1,3,13
0,1,2,3,291.7837,3 1,West,1,3,13
0,1,2,2,292.5807,3 0,West,1,3,13
0,1,2,1,293.3375,3 0,South,1,3,13
0,1,2,1,294.2155,3 0,East,1,3,13
0,1,2,2,295.0767,3 1,East,1,3,13
0,1,2,1,295.7027,3 1,North,1,3,13
0,1,2,2,296.344,2 1,North,1,3,13
0,1,2,3,296.9559,2 1,East,1,3,13
0,1,2,2,297.5573,2 2,East,1,3,13
0,1,2,3,298.1476,2 2,South,1,3,13
0,1,2,2,298.9875,3 2,South,1,3,13
0,1,2,2,299.9628,4 2,South,1,3,13
0,1,2,3,300.5994,4 2,West,1,3,13
0,1,2,2,301.2072,4 1,West,1,3,13
0,1,2,6,301.62,4 1,West,1,4,13
0,1,2,1,302.0075,4 1,South,1,4,13
0,1,2,1,303.0015,4 1,East,1,4,13
0,1,2,2,303.754,4 2,East,1,4,13
0,1,2,2,304.2807,4 3,East,1,4,13
0,1,2,2,305.1636,4 4,East,1,4,13
0,1,2,1,305.7264,4 4,North,1,4,13
0,1,2,2,306.3923,3 4,North,1,4,13
0,1,2,2,306.9842,2 4,North,1,4,13
0,1,2,2,307.6222,1 4,North,1,4,13
0,1,2,6,308,1 4,North,1,5,13
0,1,2,2,308.5827,0 4,North,1,5,13
0,1,2,1,309.0956,0 4,West,1,5,13
0,1,2,1,309.7846,0 4,South,1,5,13
0,1,2,2,310.3975,1 4,South,1,5,13
0,1,2,2,310.9813,2 4,South,1,5,13
0,1,2,3,311.9479,2 4,West,1,5,13
0,1,2,2,312.5086,2 3,West,1,5,13
0,1,2,2,313.5253,2 2,West,1,5,13
0,1,2,1,314.3147,2 2,South,1,5,13
0,1,2,2,314.9721,3 2,South,1,5,13
0,1,2,6,315.34,3 2,South,1,6,13
0,1,2,2,315.8209,4 2,South,1,6,13
0,1,2,3,316.3911,4 2,West,1,6,13
0,1,2,3,317.1177,4 2,North,1,6,13
0,1,2,2,317.9428,3 2,North,1,6,13
0,1,2,2,318.7567,2 2,North,1,6,13
0,1,2,1,319.3079,2 2,West,1,6,13
0,1,2,2,320.0719,2 1,West,1,6,13
0,1,2,6,320.48,2 1,West,1,7,13
0,1,2,3,320.8554,2 1,North,1,7,13
0,1,2,2,321.6513,1 1,North,1,7,13
0,1,2,2,322.6001,0 1,North,1,7,13
0,1,2,1,323.1455,0 1,West,1,7,13
0,1,2,1,323.784,0 1,South,1,7,13
0,1,2,1,324.3295,0 1,East,1,7,13
0,1,2,3,325.1644,0 1,South,1,7,13
0,1,2,2,325.6918,1 1,South,1,7,13
0,1,2,2,326.3398,2 1,South,1,7,13
0,1,2,2,327.3517,3 1,South,1,7,13
0,1,2,3,327.8777,3 1,West,1,7,13
0,1,2,2,328.8395,3 0,West,1,7,13
0,1,2,1,329.4826,3 0,South,1,7,13
0,1,2,1,330.1221,3 0,East,1,7,13
0,1,2,2,330.7309,3 1,East,1,7,13
0,1,2,1,331.6915,3 1,North,1,7,13
0,1,2,2,332.3431,2 1,North,1,7,13
0,1,2,3,332.9704,2 1,East,1,7,13
0,1,2,2,333.5158,2 2,East,1,7,13
0,1,2,3,334.1555,2 2,South,1,7,13
0,1,2,1,334.972,2 2,East,1,7,13
0,1,2,2,335.6746,2 3,East,1,7,13
0,1,2,2,336.6633,2 4,East,1,7,13
0,1,2,1,337.3183,2 4,North,1,7,13
0,1,2,3,338.2139,2 4,East,1,7,13
0,1,2,3,338.7904,2 4,South,1,7,13
0,1,2,2,339.3708,3 4,South,1,7,13
0,1,2,2,340.0083,4 4,South,1,7,13
0,1,2,3,340.9548,4 4,West,1,7,13
0,1,2,2,341.627,4 3,West,1,7,13
0,1,2,3,342.2636,4 3,North,1,7,13
0,1,2,2,342.9003,3 3,North,1,7,13
0,1,2,1,343.5452,3 3,West,1,7,13
0,1,2,2,344.218,3 2,West,1,7,13
0,1,2,3,345.3047,3 2,North,1,7,13
0,1,2,2,346.0441,2 2,North,1,7,13
0,1,2,1,346.6798,2 2,West,1,7,13
0,1,2,2,347.334,2 1,West,1,7,13
0,1,2,3,347.9481,2 1,North,1,7,13
0,1,2,2,348.6686,1 1,North,1,7,13
0,1,2,2,349.1966,0 1,North,1,7,13
0,1,2,1,349.8837,0 1,West,1,7,13
0,1,2,1,350.4702,0 1,South,1,7,13
0,1,2,1,351.1006,0 1,East,1,7,13
0,1,2,3,351.8818,0 1,South,1,7,13
0,1,2,2,352.549,1 1,South,1,7,13
0,1,2,1,353.1325,1 1,East,1,7,13
0,1,2,3,353.8814,1 1,South,1,7,13
0,1,2,2,354.5788,2 1,South,1,7,13
0,1,2,1,355.1961,2 1,East,1,7,13
0,1,2,2,356.1633,2 2,East,1,7,13
0,1,2,2,356.7739,2 3,East,1,7,13
0,1,2,1,357.624,2 3,North,1,7,13
0,1,2,3,358.2796,2 3,East,1,7,13
0,1,2,2,359.016,2 4,East,1,7,13
0,1,2,1,359.7386,2 4,North,1,7,13
0,1,2,3,360.3149,2 4,East,1,7,13
0,1,2,3,360.8419,2 4,South,1,7,13
0,1,2,3,361.7057,2 4,West,1,7,13
0,1,2,2,362.3916,2 3,West,1,7,13
0,1,2,1,362.9217,2 3,South,1,7,13
0,1,2,2,363.461,3 3,South,1,7,13
0,1,2,2,364.0592,4 3,South,1,7,13
0,1,2,3,364.5979,4 3,West,1,7,13
0,1,2,2,365.1469,4 2,West,1,7,13
0,1,2,3,365.7855,4 2,North,1,7,13
0,1,2,2,366.6615,3 2,North,1,7,13
0,1,2,2,367.5446,2 2,North,1,7,13
0,1,2,1,368.1243,2 2,West,1,7,13
0,1,2,2,368.666,2 1,West,1,7,13
0,1,2,1,369.6194,2 1,South,1,7,13
0,1,2,2,370.2303,3 1,South,1,7,13
0,1,2,3,370.9698,3 1,West,1,7,13
0,1,2,2,371.6236,3 0,West,1,7,13
0,1,2,1,372.2342,3 0,South,1,7,13
0,1,2,1,372.9526,3 0,East,1,7,13
0,1,2,1,373.6247,3 0,North,1,7,13
0,1,2,3,374.4761,3 0,East,1,7,13
0,1,2,2,375.1284,3 1,East,1,7,13
0,1,2,1,375.7524,3 1,North,1,7,13
0,1,2,2,376.4106,2 1,North,1,7,13
0,1,2,2,377.004,1 1,North,1,7,13
0,1,2,3,377.7151,1 1,East,1,7,13
0,1,2,1,378.39,1 1,North,1,7,13
0,1,2,1,378.9959,1 1,West,1,7,13
0,1,2,3,379.6879,1 1,North,1,7,13
0,1,2,2,380.2608,0 1,North,1,7,13
0,1,2,1,380.8927,0 1,West,1,7,13
0,1,2,1,381.5478,0 1,South,1,7,13
0,1,2,1,382.2297,0 1,East,1,7,13
0,1,2,3,383.0798,0 1,South,1,7,13
0,1,2,2,383.6911,1 1,South,1,7,13
0,1,2,1,384.597,1 1,East,1,7,13
0,1,2,2,385.5305,1 2,East,1,7,13
0,1,2,3,386.7634,1 2,South,1,7,13
0,1,2,3,387.6779,1 2,West,1,7,13
0,1,2,2,388.2953,1 1,West,1,7,13
0,1,2,1,388.981,1 1,South,1,7,13
0,1,2,2,389.66,2 1,South,1,7,13
0,1,2,2,390.1828,3 1,South,1,7,13
0,1,2,3,390.8141,3 1,West,1,7,13
0,1,2,2,391.3331,3 0,West,1,7,13
0,1,2,1,391.9159,3 0,South,1,7,13
0,1,2,1,392.6793,3 0,East,1,7,13
0,1,2,2,393.5096,3 1,East,1,7,13
0,1,2,1,394.1225,3 1,North,1,7,13
0,1,2,2,394.7332,2 1,North,1,7,13
0,1,2,3,395.3821,2 1,East,1,7,13
0,1,2,2,395.9182,2 2,East,1,7,13
0,1,2,3,396.6431,2 2,South,1,7,13
0,1,2,2,397.5441,3 2,South,1,7,13
0,1,2,2,398.1054,4 2,South,1,7,13
0,1,2,3,398.8092,4 2,West,1,7,13
0,1,2,1,399.4649,4 2,South,1,7,13
0,1,2,1,400.4606,4 2,East,1,7,13
0,1,2,1,401.268,4 2,North,1,7,13
0,1,2,3,402.0282,4 2,East,1,7,13
0,1,2,2,402.7814,4 3,East,1,7,13
0,1,2,2,403.3975,4 4,East,1,7,13
0,1,2,1,404.1019,4 4,North,1,7,13
0,1,2,2,404.7414,3 4,North,1,7,13
0,1,2,2,405.6215,2 4,North,1,7,13
0,1,2,2,406.3955,1 4,North,1,7,13
0,1,2,2,407.2056,0 4,North,1,7,13
0,1,2,1,407.9292,0 4,West,1,7,13
0,1,2,2,408.5564,0 3,West,1,7,13
0,1,2,2,409.2565,0 2,West,1,7,13
0,1,2,6,409.66,0 2,West,1,8,13
2,1,2,2,415.5918,3 4,North,1,0,0
2,1,2,2,416.2793,2 4,North,1,0,0
2,1,2,1,417.2586,2 4,West,1,0,0
2,1,2,1,418.6486,2 4,South,1,0,0
2,1,2,2,419.3853,3 4,South,1,0,0
2,1,2,3,420.0406,3 4,West,1,0,0
2,1,2,2,420.7963,3 4,West,1,0,1
2,1,2,1,421.388,3 4,South,1,0,1
2,1,2,2,421.9931,4 4,South,1,0,1
2,1,2,3,422.5988,4 4,West,1,0,1
2,1,2,2,423.5971,4 3,West,1,0,1
2,1,2,2,424.2854,4 2,West,1,0,1
2,1,2,2,425.1143,4 1,West,1,0,1
2,1,2,3,425.8966,4 1,North,1,0,1
2,1,2,2,426.4768,4 1,North,1,0,2
2,1,2,1,427.0648,4 1,West,1,0,2
2,1,2,2,427.7353,4 1,West,1,0,3
2,1,2,3,429.0606,4 1,North,1,0,3
2,1,2,3,429.6113,4 1,East,1,0,3
2,1,2,2,430.2854,4 2,East,1,0,3
2,1,2,2,430.8764,4 3,East,1,0,3
2,1,2,1,431.4516,4 3,North,1,0,3
2,1,2,2,432.0401,3 3,North,1,0,3
2,1,2,2,432.6172,2 3,North,1,0,3
2,1,2,2,433.242,1 3,North,1,0,3
2,1,2,1,433.9788,1 3,West,1,0,3
2,1,2,2,434.5682,1 3,West,1,0,4
2,1,2,3,435.0852,1 3,North,1,0,4
2,1,2,2,435.7639,1 3,North,1,0,5
2,1,2,3,436.487,1 3,East,1,0,5
2,1,2,2,437.086,1 3,East,1,0,6
2,1,2,3,438.1794,1 3,South,1,0,6
2,1,2,2,438.8553,2 3,South,1,0,6
2,1,2,1,439.64,2 3,East,1,0,6
2,1,2,2,440.2681,2 4,East,1,0,6
2,1,2,1,441.048,2 4,North,1,0,6
2,1,2,2,441.5888,1 4,North,1,0,6
2,1,2,2,442.2004,0 4,North,1,0,6
2,1,2,1,442.9062,0 4,West,1,0,6
2,1,2,2,443.8624,0 3,West,1,0,6
2,1,2,2,444.4937,0 2,West,1,0,6
2,1,2,2,445.303,0 2,West,1,0,7
2,1,2,1,445.934,0 2,South,1,0,7
2,1,2,3,446.9558,0 2,West,1,0,7
2,1,2,3,447.5939,0 2,North,1,0,7
2,1,2,2,448.2967,0 2,North,1,0,7
2,1,2,1,448.7404,0 2,West,1,0,7
2,1,2,1,449.5292,0 2,South,1,0,7
2,1,2,2,450.6971,0 2,South,1,0,8
2,1,2,3,451.2301,0 2,West,1,0,8
2,1,2,2,451.8675,0 2,West,1,0,9
2,1,2,1,453.2716,0 2,South,1,0,9
2,1,2,1,453.8187,0 2,East,1,0,9
2,1,2,3,454.4372,0 2,South,1,0,9
2,1,2,1,455.4014,0 2,East,1,0,9
2,1,2,2,456.5976,0 3,East,1,0,9
2,1,2,3,457.2216,0 3,South,1,0,9
2,1,2,2,457.9592,0 3,South,1,0,10
2,1,2,1,458.4891,0 3,East,1,0,10
2,1,2,2,459.1781,0 4,East,1,0,10
2,1,2,3,459.831,0 4,South,1,0,10
2,1,2,2,460.4675,1 4,South,1,0,10
2,1,2,3,461.4825,1 4,West,1,0,10
2,1,2,2,462.1668,1 4,West,1,0,11
2,1,2,1,462.6346,1 4,South,1,0,11
2,1,2,2,463.3225,2 4,South,1,0,11
2,1,2,3,464.0445,2 4,West,1,0,11
2,1,2,2,464.6777,2 3,West,1,0,11
2,1,2,2,465.2203,2 2,West,1,0,11
2,1,2,2,465.8127,2 1,West,1,0,11
2,1,2,6,466.22,2 1,West,1,1,11
2,1,2,2,467.0803,2 1,West,1,1,12
2,1,2,1,467.7029,2 1,South,1,1,12
2,1,2,2,468.6016,3 1,South,1,1,12
2,1,2,2,469.29,3 1,South,1,1,13
2,1,2,3,469.804,3 1,West,1,1,13
2,1,2,2,470.485,3 0,West,1,1,13
2,1,2,1,471.258,3 0,South,1,1,13
2,1,2,2,471.8797,4 0,South,1,1,13
2,1,2,6,472.24,4 0,South,1,2,13
2,1,2,1,472.7635,4 0,East,1,2,13
2,1,2,1,473.5111,4 0,North,1,2,13
2,1,2,2,474.4752,3 0,North,1,2,13
2,1,2,2,475.0182,3 0,North,1,2,14
2,1,2,3,475.6396,3 0,East,1,2,14
2,1,2,2,476.2953,3 1,East,1,2,14
2,1,2,2,477.0201,3 1,East,1,2,15
2,1,2,3,477.5687,3 1,South,1,2,15
2,1,2,2,478.1878,3 1,South,1,2,16
2,1,2,3,478.8082,3 1,West,1,2,16
2,1,2,2,479.4196,3 0,West,1,2,16
2,1,2,1,480.0553,3 0,South,1,2,16
2,1,2,2,480.9707,4 0,South,1,2,16
2,1,2,1,481.8611,4 0,East,1,2,16
2,1,2,2,482.5666,4 0,East,1,2,17
2,1,2,3,483.8805,4 0,South,1,2,17
2,1,2,2,484.5865,4 0,South,1,2,17
2,1,2,1,485.114,4 0,East,1,2,17
2,1,2,1,485.7221,4 0,North,1,2,17
2,1,2,2,486.5543,3 0,North,1,2,17
2,1,2,2,487.1064,3 0,North,1,2,18
2,1,2,1,487.7014,3 0,West,1,2,18
2,1,2,2,488.2542,3 0,West,1,2,18
2,1,2,3,488.7973,3 0,North,1,2,18
2,1,2,3,489.4363,3 0,East,1,2,18
2,1,2,2,490.3456,3 1,East,1,2,18
2,1,2,1,491.3084,3 1,North,1,2,18
2,1,2,2,492.1072,2 1,North,1,2,18
2,1,2,2,492.9398,1 1,North,1,2,18
2,1,2,3,493.5884,1 1,East,1,2,18
2,1,2,2,494.2441,1 2,East,1,2,18
2,1,2,6,494.66,1 2,East,1,3,18
2,1,2,3,495.6072,1 2,South,1,3,18
2,1,2,3,496.2018,1 2,West,1,3,18
2,1,2,2,497.6259,1 1,West,1,3,18
2,1,2,2,498.2367,1 0,West,1,3,18
2,1,2,3,499.396,1 0,North,1,3,18
2,1,2,2,499.9753,1 0,North,1,3,19
2,1,2,1,500.7418,1 0,West,1,3,19
2,1,2,1,501.3354,1 0,South,1,3,19
2,1,2,2,502.1029,2 0,South,1,3,19
2,1,2,2,502.7951,2 0,South,1,3,20
2,1,2,1,503.3491,2 0,East,1,3,20
2,1,2,2,503.9761,2 0,East,1,3,21
2,1,2,1,504.5427,2 0,North,1,3,21
2,1,2,2,505.1604,1 0,North,1,3,21
2,1,2,2,505.7222,1 0,North,1,3,22
2,1,2,3,506.31,1 0,East,1,3,22
2,1,2,2,506.9092,1 1,East,1,3,22
2,1,2,2,507.5892,1 2,East,1,3,22
2,1,2,2,508.5194,1 2,East,1,3,23
2,1,2,3,509.061,1 2,South,1,3,23
2,1,2,2,509.7245,1 2,South,1,3,24
2,1,2,3,510.478,1 2,West,1,3,24
2,1,2,1,511.3333,1 2,South,1,3,24
2,1,2,1,511.8589,1 2,East,1,3,24
2,1,2,2,512.5229,1 2,East,1,3,25
2,1,2,1,513.0275,1 2,North,1,3,25
2,1,2,2,513.7385,1 2,North,1,3,26
2,1,2,2,514.4392,1 2,North,1,3,27
2,1,2,1,514.8238,1 2,West,1,3,27
2,1,2,2,515.4435,1 1,West,1,3,27
2,1,2,3,516.2329,1 1,North,1,3,27
2,1,2,2,516.8924,0 1,North,1,3,27
2,1,2,3,517.7039,0 1,East,1,3,27
2,1,2,2,518.2815,0 1,East,1,3,28
2,1,2,1,519.5264,0 1,North,1,3,28
2,1,2,1,520.1645,0 1,West,1,3,28
2,1,2,2,520.826,0 0,West,1,3,28
2,1,2,1,521.4827,0 0,South,1,3,28
2,1,2,2,522.1335,0 0,South,1,3,29
2,1,2,1,522.9339,0 0,East,1,3,29
2,1,2,2,523.6037,0 1,East,1,3,29
2,1,2,2,524.361,0 1,East,1,3,30
2,1,2,3,524.9742,0 1,South,1,3,30
2,1,2,2,525.5592,1 1,South,1,3,30
2,1,2,2,526.2927,2 1,South,1,3,30
2,1,2,2,527.4,3 1,South,1,3,30
2,1,2,2,528.2767,3 1,South,1,3,31
2,1,2,1,528.9516,3 1,East,1,3,31
2,1,2,2,529.5811,3 1,East,1,3,32
2,1,2,3,530.8881,3 1,South,1,3,32
2,1,2,3,531.5083,3 1,West,1,3,32
2,1,2,2,532.2778,3 0,West,1,3,32
2,1,2,1,533.0012,3 0,South,1,3,32
2,1,2,2,533.6526,4 0,South,1,3,32
2,1,2,1,534.327,4 0,East,1,3,32
2,1,2,2,534.92,4 0,East,1,3,33
2,1,2,3,535.724,4 0,South,1,3,33
2,1,2,1,536.6302,4 0,East,1,3,33
2,1,2,1,537.3199,4 0,North,1,3,33
2,1,2,2,538.0077,3 0,North,1,3,33
2,1,2,3,539.2701,3 0,East,1,3,33
2,1,2,2,539.9328,3 1,East,1,3,33
2,1,2,2,540.8111,3 1,East,1,3,34
2,1,2,3,541.6513,3 1,South,1,3,34
2,1,2,2,542.2318,3 1,South,1,3,35
2,1,2,1,542.7781,3 1,East,1,3,35
2,1,2,2,543.3983,3 1,East,1,3,36
2,1,2,1,543.9092,3 1,North,1,3,36
2,1,2,2,544.4588,2 1,North,1,3,36
2,1,2,3,545.0645,2 1,East,1,3,36
2,1,2,2,545.6865,2 2,East,1,3,36
2,1,2,3,546.4691,2 2,South,1,3,36
2,1,2,2,547.079,3 2,South,1,3,36
2,1,2,2,547.7169,4 2,South,1,3,36
2,1,2,3,548.2824,4 2,West,1,3,36
2,1,2,2,549.4056,4 1,West,1,3,36
2,1,2,6,549.82,4 1,West,1,4,36
2,1,2,3,550.5178,4 1,North,1,4,36
2,1,2,3,551.1558,4 1,East,1,4,36
2,1,2,2,552.1669,4 2,East,1,4,36
2,1,2,2,553.2925,4 3,East,1,4,36
2,1,2,2,553.9662,4 4,East,1,4,36
2,1,2,1,554.7407,4 4,North,1,4,36
2,1,2,2,555.285,3 4,North,1,4,36
2,1,2,2,556.0417,2 4,North,1,4,36
2,1,2,2,556.7421,1 4,North,1,4,36
2,1,2,6,557.12,1 4,North,1,5,36
2,1,2,1,558.3249,1 4,West,1,5,36
2,1,2,2,559.0991,1 4,West,1,5,37
2,1,2,3,559.6058,1 4,North,1,5,37
2,1,2,2,560.277,0 4,North,1,5,37
2,1,2,1,560.9529,0 4,West,1,5,37
2,1,2,2,561.5944,0 3,West,1,5,37
2,1,2,6,562,0 3,West,1,6,37
2,1,2,1,562.6519,0 3,South,1,6,37
2,1,2,1,563.7357,0 3,East,1,6,37
2,1,2,2,564.4564,0 4,East,1,6,37
2,1,2,3,565.3005,0 4,South,1,6,37
2,1,2,2,565.9324,1 4,South,1,6,37
2,1,2,2,566.8712,2 4,South,1,6,37
2,1,2,2,567.6199,3 4,South,1,6,37
2,1,2,6,568,3 4,South,1,7,37
2,1,2,2,568.821,4 4,South,1,7,37
2,1,2,3,569.6049,4 4,West,1,7,37
2,1,2,2,570.2199,4 3,West,1,7,37
2,1,2,6,570.64,4 3,West,1,8,37
0,1,3,2,575.1606,3 4,North,1,0,37
0,1,3,2,575.8657,2 4,North,1,0,37
0,1,3,2,576.4697,1 4,North,1,0,37
0,1,3,2,577.3958,0 4,North,1,0,37
0,1,3,1,578.0893,0 4,West,1,0,37
0,1,3,2,578.9684,0 3,West,1,0,37
0,1,3,1,580.4586,0 3,South,1,0,37
0,1,3,1,581.2718,0 3,East,1,0,37
0,1,3,2,581.9595,0 4,East,1,0,37
0,1,3,3,582.5174,0 4,South,1,0,37
0,1,3,2,583.196,1 4,South,1,0,37
0,1,3,2,583.8464,2 4,South,1,0,37
0,1,3,3,584.5573,2 4,West,1,0,37
0,1,3,2,585.4166,2 3,West,1,0,37
0,1,3,2,586.1028,2 2,West,1,0,37
0,1,3,2,586.9688,2 1,West,1,0,37
0,1,3,1,587.5012,2 1,South,1,0,37
0,1,3,2,588.0684,3 1,South,1,0,37
0,1,3,3,588.6203,3 1,West,1,0,37
0,1,3,2,589.306,3 0,West,1,0,37
0,1,3,6,589.72,3 0,West,1,1,37
0,1,3,1,590.0538,3 0,South,1,1,37
0,1,3,1,590.8735,3 0,East,1,1,37
0,1,3,2,591.5301,3 1,East,1,1,37
0,1,3,1,592.425,3 1,North,1,1,37
0,1,3,2,593.145,2 1,North,1,1,37
0,1,3,3,593.8324,2 1,East,1,1,37
0,1,3,2,594.5089,2 2,East,1,1,37
0,1,3,2,595.3709,2 3,East,1,1,37
0,1,3,1,596.0087,2 3,North,1,1,37
0,1,3,2,596.6495,1 3,North,1,1,37
0,1,3,6,597.04,1 3,North,1,2,37
0,1,3,1,597.5966,1 3,West,1,2,37
0,1,3,1,598.1689,1 3,South,1,2,37
0,1,3,2,598.9503,2 3,South,1,2,37
0,1,3,1,599.6243,2 3,East,1,2,37
0,1,3,2,600.2973,2 4,East,1,2,37
0,1,3,6,600.7,2 4,East,1,3,37
0,1,3,3,601.1589,2 4,South,1,3,37
0,1,3,2,602.5153,3 4,South,1,3,37
0,1,3,2,603.4041,4 4,South,1,3,37
0,1,3,1,604.0709,4 4,East,1,3,37
0,1,3,1,605.0347,4 4,North,1,3,37
0,1,3,2,606.1771,3 4,North,1,3,37
0,1,3,2,607.1785,2 4,North,1,3,37
0,1,3,2,607.8995,1 4,North,1,3,37
0,1,3,2,608.7626,0 4,North,1,3,37
0,1,3,1,609.3873,0 4,West,1,3,37
0,1,3,1,610.1997,0 4,South,1,3,37
0,1,3,2,610.8218,1 4,South,1,3,37
0,1,3,2,611.4325,2 4,South,1,3,37
0,1,3,3,612.2012,2 4,West,1,3,37
0,1,3,2,613.1298,2 3,West,1,3,37
0,1,3,2,614.1019,2 2,West,1,3,37
0,1,3,2,614.9835,2 1,West,1,3,37
0,1,3,1,615.5822,2 1,South,1,3,37
0,1,3,2,616.2283,3 1,South,1,3,37
0,1,3,3,616.8888,3 1,West,1,3,37
0,1,3,2,617.5959,3 0,West,1,3,37
0,1,3,1,618.1989,3 0,South,1,3,37
0,1,3,1,618.7607,3 0,East,1,3,37
0,1,3,2,619.3398,3 1,East,1,3,37
0,1,3,1,620.2684,3 1,North,1,3,37
0,1,3,2,620.8698,2 1,North,1,3,37
0,1,3,3,621.5782,2 1,East,1,3,37
0,1,3,2,622.1821,2 2,East,1,3,37
0,1,3,2,622.7249,2 3,East,1,3,37
0,1,3,2,623.597,2 4,East,1,3,37
0,1,3,1,624.1887,2 4,North,1,3,37
0,1,3,1,624.9386,2 4,West,1,3,37
0,1,3,2,625.53,2 3,West,1,3,37
0,1,3,3,626.1409,2 3,North,1,3,37
0,1,3,1,626.859,2 3,West,1,3,37
0,1,3,2,627.4813,2 2,West,1,3,37
0,1,3,2,628.3755,2 1,West,1,3,37
0,1,3,3,629.003,2 1,North,1,3,37
0,1,3,2,629.6516,1 1,North,1,3,37
0,1,3,2,630.253,0 1,North,1,3,37
0,1,3,1,630.8859,0 1,West,1,3,37
0,1,3,2,631.3999,0 0,West,1,3,37
0,1,3,6,631.8,0 0,West,1,4,37
0,1,3,1,632.4213,0 0,South,1,4,37
0,1,3,1,633.0115,0 0,East,1,4,37
0,1,3,2,633.7642,0 1,East,1,4,37
0,1,3,3,634.5382,0 1,South,1,4,37
0,1,3,2,635.2696,1 1,South,1,4,37
0,1,3,3,635.8534,1 1,West,1,4,37
0,1,3,1,636.6934,1 1,South,1,4,37
0,1,3,2,637.4015,2 1,South,1,4,37
0,1,3,2,638.3183,3 1,South,1,4,37
0,1,3,3,638.8906,3 1,West,1,4,37
0,1,3,2,639.5782,3 0,West,1,4,37
0,1,3,1,640.3087,3 0,South,1,4,37
0,1,3,1,640.8712,3 0,East,1,4,37
0,1,3,2,641.4159,3 1,East,1,4,37
0,1,3,1,642.2969,3 1,North,1,4,37
0,1,3,2,643.034,2 1,North,1,4,37
0,1,3,3,643.7159,2 1,East,1,4,37
0,1,3,2,644.3565,2 2,East,1,4,37
0,1,3,2,645.0346,2 3,East,1,4,37
0,1,3,6,645.44,2 3,East,1,5,37
0,1,3,2,645.8214,2 4,East,1,5,37
0,1,3,3,646.3737,2 4,South,1,5,37
0,1,3,1,647.0206,2 4,East,1,5,37
0,1,3,1,647.9648,2 4,North,1,5,37
0,1,3,1,648.5817,2 4,West,1,5,37
0,1,3,1,649.4162,2 4,South,1,5,37
0,1,3,2,650.3617,3 4,South,1,5,37
0,1,3,2,650.9027,4 4,South,1,5,37
0,1,3,3,651.5902,4 4,West,1,5,37
0,1,3,2,652.1523,4 3,West,1,5,37
0,1,3,3,653.2526,4 3,North,1,5,37
0,1,3,2,653.913,3 3,North,1,5,37
0,1,3,1,654.6928,3 3,West,1,5,37
0,1,3,2,655.2233,3 2,West,1,5,37
0,1,3,3,655.7944,3 2,North,1,5,37
0,1,3,2,656.4426,2 2,North,1,5,37
0,1,3,1,657.0031,2 2,West,1,5,37
0,1,3,2,657.6219,2 1,West,1,5,37
0,1,3,1,658.156,2 1,South,1,5,37
0,1,3,2,658.8731,3 1,South,1,5,37
0,1,3,3,659.4755,3 1,West,1,5,37
0,1,3,2,660.1669,3 0,West,1,5,37
0,1,3,1,660.7896,3 0,South,1,5,37
0,1,3,1,661.3323,3 0,East,1,5,37
0,1,3,2,662.3489,3 1,East,1,5,37
0,1,3,1,662.9657,3 1,North,1,5,37
0,1,3,2,663.655,2 1,North,1,5,37
0,1,3,2,664.5319,1 1,North,1,5,37
0,1,3,3,665.1763,1 1,East,1,5,37
0,1,3,1,665.7494,1 1,North,1,5,37
0,1,3,1,666.2953,1 1,West,1,5,37
0,1,3,3,666.8856,1 1,North,1,5,37
0,1,3,2,667.5567,0 1,North,1,5,37
0,1,3,1,668.2039,0 1,West,1,5,37
0,1,3,1,669.1729,0 1,South,1,5,37
0,1,3,2,669.816,1 1,South,1,5,37
0,1,3,3,670.5039,1 1,West,1,5,37
0,1,3,2,671.1149,1 0,West,1,5,37
0,1,3,1,672.0428,1 0,South,1,5,37
0,1,3,2,672.7119,2 0,South,1,5,37
0,1,3,6,673.08,2 0,South,1,6,37
0,1,3,1,673.4833,2 0,East,1,6,37
0,1,3,1,674.0405,2 0,North,1,6,37
0,1,3,2,674.6641,1 0,North,1,6,37
0,1,3,3,675.5918,1 0,East,1,6,37
0,1,3,2,676.2527,1 1,East,1,6,37
0,1,3,3,676.856,1 1,South,1,6,37
0,1,3,2,677.4778,2 1,South,1,6,37
0,1,3,1,678.0414,2 1,East,1,6,37
0,1,3,2,678.5963,2 2,East,1,6,37
0,1,3,2,679.3639,2 3,East,1,6,37
0,1,3,3,679.8783,2 3,South,1,6,37
0,1,3,2,680.4598,3 3,South,1,6,37
0,1,3,6,680.84,3 3,South,1,7,37
0,1,3,2,681.2733,4 3,South,1,7,37
0,1,3,6,681.64,4 3,South,1,8,37
2,1,3,2,685.3746,3 4,North,1,0,0
2,1,3,2,686.9881,2 4,North,1,0,0
2,1,3,2,687.6708,1 4,North,1,0,0
2,1,3,2,688.5547,0 4,North,1,0,0
2,1,3,1,689.2128,0 4,West,1,0,0
2,1,3,2,689.8138,0 3,West,1,0,0
2,1,3,1,690.4239,0 3,South,1,0,0
2,1,3,2,691.0002,0 3,South,1,0,1
2,1,3,3,691.9913,0 3,West,1,0,1
2,1,3,2,692.824,0 2,West,1,0,1
2,1,3,1,693.4969,0 2,South,1,0,1
2,1,3,2,694.0845,0 2,South,1,0,2
2,1,3,1,694.7967,0 2,East,1,0,2
2,1,3,1,695.7853,0 2,North,1,0,2
2,1,3,3,696.3765,0 2,East,1,0,2
2,1,3,2,697.0051,0 3,East,1,0,2
2,1,3,2,697.577,0 4,East,1,0,2
2,1,3,3,698.2496,0 4,South,1,0,2
2,1,3,2,698.9366,1 4,South,1,0,2
2,1,3,2,699.4656,2 4,South,1,0,2
2,1,3,2,700.1569,3 4,South,1,0,2
2,1,3,3,700.7308,3 4,West,1,0,2
2,1,3,2,701.6395,3 4,West,1,0,3
2,1,3,1,702.2263,3 4,South,1,0,3
2,1,3,2,702.8751,4 4,South,1,0,3
2,1,3,3,703.8653,4 4,West,1,0,3
2,1,3,2,704.3967,4 3,West,1,0,3
2,1,3,3,705.2191,4 3,North,1,0,3
2,1,3,2,705.9783,3 3,North,1,0,3
2,1,3,6,706.36,3 3,North,1,1,3
2,1,3,3,708.6016,3 3,East,1,1,3
2,1,3,3,709.145,3 3,South,1,1,3
2,1,3,2,709.8802,4 3,South,1,1,3
2,1,3,1,710.3945,4 3,East,1,1,3
2,1,3,2,710.9341,4 4,East,1,1,3
2,1,3,1,711.6066,4 4,North,1,1,3
2,1,3,2,712.197,3 4,North,1,1,3
2,1,3,2,712.7562,2 4,North,1,1,3
2,1,3,6,713.14,2 4,North,1,2,3
2,1,3,2,714.2535,1 4,North,1,2,3
2,1,3,1,715.0505,1 4,West,1,2,3
2,1,3,2,715.7241,1 4,West,1,2,4
2,1,3,3,716.2125,1 4,North,1,2,4
2,1,3,2,716.9028,0 4,North,1,2,4
2,1,3,1,717.6915,0 4,West,1,2,4
2,1,3,2,718.3004,0 3,West,1,2,4
2,1,3,1,718.8696,0 3,South,1,2,4
2,1,3,2,719.5619,0 3,South,1,2,5
2,1,3,3,720.0703,0 3,West,1,2,5
2,1,3,2,720.8244,0 2,West,1,2,5
2,1,3,1,721.6111,0 2,South,1,2,5
2,1,3,2,722.2948,0 2,South,1,2,6
2,1,3,3,722.744,0 2,West,1,2,6
2,1,3,2,723.4615,0 2,West,1,2,7
2,1,3,1,724.2841,0 2,South,1,2,7
2,1,3,1,724.9,0 2,East,1,2,7
2,1,3,2,725.4293,0 3,East,1,2,7
2,1,3,2,726.0037,0 4,East,1,2,7
2,1,3,3,726.551,0 4,South,1,2,7
2,1,3,2,727.2704,1 4,South,1,2,7
2,1,3,3,727.8813,1 4,West,1,2,7
2,1,3,2,728.538,1 4,West,1,2,8
2,1,3,1,729.0182,1 4,South,1,2,8
2,1,3,2,729.7351,2 4,South,1,2,8
2,1,3,3,730.6331,2 4,West,1,2,8
2,1,3,2,731.3978,2 3,West,1,2,8
2,1,3,3,731.9412,2 3,North,1,2,8
2,1,3,2,732.7016,1 3,North,1,2,8
2,1,3,6,733.08,1 3,North,1,3,8
2,1,3,3,734.6141,1 3,East,1,3,8
2,1,3,2,735.2723,1 3,East,1,3,9
2,1,3,3,735.7879,1 3,South,1,3,9
2,1,3,2,736.4254,2 3,South,1,3,9
2,1,3,1,737.5461,2 3,East,1,3,9
2,1,3,2,738.1382,2 4,East,1,3,9
2,1,3,1,738.8571,2 4,North,1,3,9
2,1,3,2,739.5018,1 4,North,1,3,9
2,1,3,2,740.47,0 4,North,1,3,9
2,1,3,1,741.2852,0 4,West,1,3,9
2,1,3,2,741.9282,0 3,West,1,3,9
2,1,3,2,742.634,0 2,West,1,3,9
2,1,3,6,743.04,0 2,West,1,4,9
2,1,3,1,744.1383,0 2,South,1,4,9
2,1,3,1,745.0448,0 2,East,1,4,9
2,1,3,2,745.7866,0 3,East,1,4,9
2,1,3,2,746.791,0 4,East,1,4,9
2,1,3,3,747.5458,0 4,South,1,4,9
2,1,3,2,748.2462,1 4,South,1,4,9
2,1,3,2,748.8545,2 4,South,1,4,9
2,1,3,2,749.5149,3 4,South,1,4,9
2,1,3,2,750.2165,4 4,South,1,4,9
2,1,3,3,750.9213,4 4,West,1,4,9
2,1,3,2,751.6293,4 3,West,1,4,9
2,1,3,6,752.04,4 3,West,1,5,9
2,1,3,3,753.5485,4 3,North,1,5,9
2,1,3,3,754.5365,4 3,East,1,5,9
2,1,3,2,755.337,4 4,East,1,5,9
2,1,3,1,755.991,4 4,North,1,5,9
2,1,3,2,756.5228,3 4,North,1,5,9
2,1,3,2,757.0944,2 4,North,1,5,9
2,1,3,2,757.6216,1 4,North,1,5,9
2,1,3,2,758.2637,0 4,North,1,5,9
2,1,3,1,758.996,0 4,West,1,5,9
2,1,3,2,759.5577,0 3,West,1,5,9
2,1,3,1,760.2474,0 3,South,1,5,9
2,1,3,3,761.0307,0 3,West,1,5,9
2,1,3,2,761.7362,0 2,West,1,5,9
2,1,3,1,762.4558,0 2,South,1,5,9
2,1,3,3,763.4478,0 2,West,1,5,9
2,1,3,2,764.1255,0 2,West,1,5,10
2,1,3,1,764.6224,0 2,South,1,5,10
2,1,3,2,765.3356,0 2,South,1,5,11
2,1,3,3,765.7842,0 2,West,1,5,11
2,1,3,1,766.6003,0 2,South,1,5,11
2,1,3,1,767.3898,0 2,East,1,5,11
2,1,3,2,768.0544,0 3,East,1,5,11
2,1,3,2,768.6372,0 4,East,1,5,11
2,1,3,3,769.3046,0 4,South,1,5,11
2,1,3,2,769.8317,1 4,South,1,5,11
2,1,3,2,770.3929,2 4,South,1,5,11
2,1,3,3,771.4194,2 4,West,1,5,11
2,1,3,2,772.9568,2 3,West,1,5,11
2,1,3,2,773.5717,2 2,West,1,5,11
2,1,3,2,774.3007,2 1,West,1,5,11
2,1,3,2,774.9673,2 1,West,1,5,12
2,1,3,3,775.4825,2 1,North,1,5,12
2,1,3,2,776.123,1 1,North,1,5,12
2,1,3,1,776.712,1 1,West,1,5,12
2,1,3,2,777.3726,1 0,West,1,5,12
2,1,3,6,777.78,1 0,West,1,6,12
2,1,3,1,778.2441,1 0,South,1,6,12
2,1,3,1,778.8866,1 0,East,1,6,12
2,1,3,1,780.2291,1 0,North,1,6,12
2,1,3,2,780.92,1 0,North,1,6,13
2,1,3,3,781.6886,1 0,East,1,6,13
2,1,3,2,782.503,1 1,East,1,6,13
2,1,3,1,783.0964,1 1,North,1,6,13
2,1,3,2,783.8058,0 1,North,1,6,13
2,1,3,3,784.408,0 1,East,1,6,13
2,1,3,2,784.938,0 1,East,1,6,14
2,1,3,1,786.2843,0 1,North,1,6,14
2,1,3,2,786.8607,0 1,North,1,6,14
2,1,3,3,787.2247,0 1,East,1,6,14
2,1,3,3,787.8814,0 1,South,1,6,14
2,1,3,2,788.4764,1 1,South,1,6,14
2,1,3,2,789.1889,2 1,South,1,6,14
2,1,3,1,789.7689,2 1,East,1,6,14
2,1,3,2,790.2836,2 2,East,1,6,14
2,1,3,2,790.8765,2 3,East,1,6,14
2,1,3,6,791.28,2 3,East,1,7,14
2,1,3,3,791.8992,2 3,South,1,7,14
2,1,3,3,792.5354,2 3,West,1,7,14
2,1,3,1,793.8648,2 3,South,1,7,14
2,1,3,2,794.6926,3 3,South,1,7,14
2,1,3,2,795.6758,4 3,South,1,7,14
2,1,3,3,796.377,4 3,West,1,7,14
2,1,3,2,797.0666,4 2,West,1,7,14
2,1,3,2,797.7065,4 1,West,1,7,14
2,1,3,2,798.5068,4 1,West,1,7,15
2,1,3,3,799.052,4 1,North,1,7,15
2,1,3,2,799.6542,4 1,North,1,7,16
2,1,3,3,800.2348,4 1,East,1,7,16
2,1,3,2,800.9889,4 2,East,1,7,16
2,1,3,1,801.7661,4 2,North,1,7,16
2,1,3,2,802.4124,3 2,North,1,7,16
2,1,3,1,803.1307,3 2,West,1,7,16
2,1,3,2,803.7079,3 2,West,1,7,17
2,1,3,3,804.2458,3 2,North,1,7,17
2,1,3,2,804.9082,2 2,North,1,7,17
2,1,3,1,805.6275,2 2,West,1,7,17
2,1,3,2,806.2513,2 1,West,1,7,17
2,1,3,2,807.0477,2 1,West,1,7,18
2,1,3,3,807.6233,2 1,North,1,7,18
2,1,3,2,808.1819,1 1,North,1,7,18
2,1,3,1,808.8098,1 1,West,1,7,18
2,1,3,2,809.5084,1 0,West,1,7,18
2,1,3,1,810.2209,1 0,South,1,7,18
2,1,3,2,811.3015,2 0,South,1,7,18
2,1,3,2,812.1382,2 0,South,1,7,19
2,1,3,3,812.8401,2 0,West,1,7,19
2,1,3,1,813.5283,2 0,South,1,7,19
2,1,3,1,814.4397,2 0,East,1,7,19
2,1,3,1,814.9669,2 0,North,1,7,19
2,1,3,2,815.7198,1 0,North,1,7,19
2,1,3,2,816.3394,1 0,North,1,7,20
2,1,3,3,816.8558,1 0,East,1,7,20
2,1,3,2,817.5404,1 1,East,1,7,20
2,1,3,3,818.1819,1 1,South,1,7,20
2,1,3,2,818.908,2 1,South,1,7,20
2,1,3,2,819.6889,3 1,South,1,7,20
2,1,3,3,820.2941,3 1,West,1,7,20
2,1,3,2,821.0795,3 0,West,1,7,20
2,1,3,6,821.5,3 0,West,1,8,20
0,2,4,2,825.9271,3 4,North,1,0,20
0,2,4,2,826.4416,2 4,North,1,0,20
0,2,4,2,827.1899,1 4,North,1,0,20
0,2,4,2,827.74,0 4,North,1,0,20
0,2,4,6,828.12,0 4,North,1,1,20
0,2,4,1,828.5701,0 4,West,1,1,20
0,2,4,1,829.1409,0 4,South,1,1,20
0,2,4,2,829.7518,1 4,South,1,1,20
0,2,4,2,830.2661,2 4,South,1,1,20
0,2,4,3,830.8935,2 4,West,1,1,20
0,2,4,2,831.5947,2 3,West,1,1,20
0,2,4,1,832.1349,2 3,South,1,1,20
0,2,4,2,832.8383,3 3,South,1,1,20
0,2,4,2,833.533,4 3,South,1,1,20
0,2,4,3,834.1191,4 3,West,1,1,20
0,2,4,2,834.8203,4 2,West,1,1,20
0,2,4,6,835.24,4 2,West,1,2,20
0,2,4,3,835.876,4 2,North,1,2,20
0,2,4,3,836.3887,4 2,East,1,2,20
0,2,4,2,837.1296,4 3,East,1,2,20
0,2,4,2,837.7488,4 4,East,1,2,20
0,2,4,1,838.325,4 4,North,1,2,20
0,2,4,2,838.8568,3 4,North,1,2,20
0,2,4,2,839.4347,2 4,North,1,2,20
0,2,4,6,839.82,2 4,North,1,3,20
0,2,4,1,840.1685,2 4,West,1,3,20
0,2,4,2,840.8047,2 3,West,1,3,20
0,2,4,2,841.7809,2 2,West,1,3,20
0,2,4,2,842.4093,2 1,West,1,3,20
0,2,4,1,843.0623,2 1,South,1,3,20
0,2,4,2,843.7379,3 1,South,1,3,20
0,2,4,3,844.2804,3 1,West,1,3,20
0,2,4,2,844.9474,3 0,West,1,3,20
0,2,4,1,845.5289,3 0,South,1,3,20
0,2,4,1,846.0427,3 0,East,1,3,20
0,2,4,2,846.5712,3 1,East,1,3,20
0,2,4,1,847.4475,3 1,North,1,3,20
0,2,4,2,848.1157,2 1,North,1,3,20
0,2,4,2,848.8279,1 1,North,1,3,20
0,2,4,1,849.382,1 1,West,1,3,20
0,2,4,3,850.0703,1 1,North,1,3,20
0,2,4,2,850.6516,0 1,North,1,3,20
0,2,4,1,851.577,0 1,West,1,3,20
0,2,4,1,852.3571,0 1,South,1,3,20
0,2,4,1,852.8711,0 1,East,1,3,20
0,2,4,3,853.4671,0 1,South,1,3,20
0,2,4,2,854.0687,1 1,South,1,3,20
0,2,4,1,854.9413,1 1,East,1,3,20
0,2,4,3,855.8212,1 1,South,1,3,20
0,2,4,2,856.4044,2 1,South,1,3,20
0,2,4,1,857.2217,2 1,East,1,3,20
0,2,4,2,857.9908,2 2,East,1,3,20
0,2,4,2,858.6484,2 3,East,1,3,20
0,2,4,2,859.1893,2 4,East,1,3,20
0,2,4,1,859.8597,2 4,North,1,3,20
0,2,4,1,860.4684,2 4,West,1,3,20
0,2,4,1,861.0972,2 4,South,1,3,20
0,2,4,2,861.7359,3 4,South,1,3,20
0,2,4,2,862.269,4 4,South,1,3,20
0,2,4,3,862.7919,4 4,West,1,3,20
0,2,4,2,863.6723,4 3,West,1,3,20
0,2,4,2,864.2612,4 2,West,1,3,20
0,2,4,3,865.1583,4 2,North,1,3,20
0,2,4,2,865.7717,3 2,North,1,3,20
0,2,4,2,866.4567,2 2,North,1,3,20
0,2,4,1,867.1152,2 2,West,1,3,20
0,2,4,2,867.7052,2 1,West,1,3,20
0,2,4,3,868.2465,2 1,North,1,3,20
0,2,4,2,868.7969,1 1,North,1,3,20
0,2,4,2,869.354,0 1,North,1,3,20
0,2,4,1,870.3171,0 1,West,1,3,20
0,2,4,1,870.9352,0 1,South,1,3,20
0,2,4,2,871.4991,1 1,South,1,3,20
0,2,4,2,872.4398,2 1,South,1,3,20
0,2,4,2,873.0522,3 1,South,1,3,20
0,2,4,3,873.674,3 1,West,1,3,20
0,2,4,2,874.3638,3 0,West,1,3,20
0,2,4,1,874.9173,3 0,South,1,3,20
0,2,4,1,875.6061,3 0,East,1,3,20
0,2,4,2,876.2523,3 1,East,1,3,20
0,2,4,1,877.0656,3 1,North,1,3,20
0,2,4,2,877.8038,2 1,North,1,3,20
0,2,4,3,878.4105,2 1,East,1,3,20
0,2,4,2,879.0118,2 2,East,1,3,20
0,2,4,2,879.6422,2 3,East,1,3,20
0,2,4,2,880.2607,2 4,East,1,3,20
0,2,4,3,880.8535,2 4,South,1,3,20
0,2,4,1,881.4806,2 4,East,1,3,20
0,2,4,1,882.3607,2 4,North,1,3,20
0,2,4,1,882.9987,2 4,West,1,3,20
0,2,4,2,883.8834,2 3,West,1,3,20
0,2,4,2,884.8264,2 2,West,1,3,20
0,2,4,2,885.5928,2 1,West,1,3,20
0,2,4,1,886.1631,2 1,South,1,3,20
0,2,4,2,886.869,3 1,South,1,3,20
0,2,4,3,887.5292,3 1,West,1,3,20
0,2,4,2,888.2366,3 0,West,1,3,20
0,2,4,1,889.0532,3 0,South,1,3,20
0,2,4,1,890.1517,3 0,East,1,3,20
0,2,4,1,890.7773,3 0,North,1,3,20
0,2,4,3,891.7186,3 0,East,1,3,20
0,2,4,2,892.4117,3 1,East,1,3,20
0,2,4,1,893.1165,3 1,North,1,3,20
0,2,4,2,893.7667,2 1,North,1,3,20
0,2,4,2,894.4075,1 1,North,1,3,20
0,2,4,2,895.1304,0 1,North,1,3,20
0,2,4,1,895.7821,0 1,West,1,3,20
0,2,4,1,896.4689,0 1,South,1,3,20
0,2,4,1,897.0529,0 1,East,1,3,20
0,2,4,2,897.8484,0 1,East,1,3,20
0,2,4,3,898.3906,0 1,South,1,3,20
0,2,4,2,898.9835,1 1,South,1,3,20
0,2,4,1,899.8821,1 1,East,1,3,20
0,2,4,3,900.6442,1 1,South,1,3,20
0,2,4,2,901.364,2 1,South,1,3,20
0,2,4,1,902.0278,2 1,East,1,3,20
0,2,4,2,902.6685,2 2,East,1,3,20
0,2,4,2,903.3068,2 3,East,1,3,20
0,2,4,2,903.8614,2 4,East,1,3,20
0,2,4,1,904.54,2 4,North,1,3,20
0,2,4,1,905.0526,2 4,West,1,3,20
0,2,4,1,905.9172,2 4,South,1,3,20
0,2,4,2,906.5671,3 4,South,1,3,20
0,2,4,2,907.0999,4 4,South,1,3,20
0,2,4,3,908.0584,4 4,West,1,3,20
0,2,4,2,908.6988,4 3,West,1,3,20
0,2,4,3,909.3344,4 3,North,1,3,20
0,2,4,2,910.1382,3 3,North,1,3,20
0,2,4,2,910.855,2 3,North,1,3,20
0,2,4,3,911.4171,2 3,East,1,3,20
0,2,4,2,912.3232,2 4,East,1,3,20
0,2,4,1,913.2355,2 4,North,1,3,20
0,2,4,2,913.8357,1 4,North,1,3,20
0,2,4,2,914.541,0 4,North,1,3,20
0,2,4,1,915.1794,0 4,West,1,3,20
0,2,4,2,915.7511,0 3,West,1,3,20
0,2,4,2,916.5602,0 2,West,1,3,20
0,2,4,6,916.98,0 2,West,1,4,20
0,2,4,1,917.909,0 2,South,1,4,20
0,2,4,1,918.4252,0 2,East,1,4,20
0,2,4,2,918.9529,0 3,East,1,4,20
0,2,4,2,919.8987,0 4,East,1,4,20
0,2,4,3,920.441,0 4,South,1,4,20
0,2,4,2,921.2274,1 4,South,1,4,20
0,2,4,2,921.8602,2 4,South,1,4,20
0,2,4,3,922.5558,2 4,West,1,4,20
0,2,4,2,923.2229,2 3,West,1,4,20
0,2,4,2,923.7954,2 2,West,1,4,20
0,2,4,2,924.459,2 1,West,1,4,20
0,2,4,6,924.88,2 1,West,1,5,20
0,2,4,1,925.3652,2 1,South,1,5,20
0,2,4,1,925.957,2 1,East,1,5,20
0,2,4,1,926.996,2 1,North,1,5,20
0,2,4,1,927.6758,2 1,West,1,5,20
0,2,4,1,928.5508,2 1,South,1,5,20
0,2,4,2,929.2034,3 1,South,1,5,20
0,2,4,3,929.8146,3 1,West,1,5,20
0,2,4,2,930.5422,3 0,West,1,5,20
0,2,4,1,931.1714,3 0,South,1,5,20
0,2,4,1,931.6882,3 0,East,1,5,20
0,2,4,2,932.2838,3 1,East,1,5,20
0,2,4,1,933.145,3 1,North,1,5,20
0,2,4,2,933.8364,2 1,North,1,5,20
0,2,4,2,934.5099,1 1,North,1,5,20
0,2,4,1,935.1392,1 1,West,1,5,20
0,2,4,3,935.8647,1 1,North,1,5,20
0,2,4,3,936.5411,1 1,East,1,5,20
0,2,4,1,937.2915,1 1,North,1,5,20
0,2,4,2,937.9821,0 1,North,1,5,20
0,2,4,1,938.5656,0 1,West,1,5,20
0,2,4,1,939.1456,0 1,South,1,5,20
0,2,4,2,939.7953,1 1,South,1,5,20
0,2,4,1,940.6528,1 1,East,1,5,20
0,2,4,3,941.3535,1 1,South,1,5,20
0,2,4,2,942.0418,2 1,South,1,5,20
0,2,4,1,942.7289,2 1,East,1,5,20
0,2,4,2,943.6713,2 2,East,1,5,20
0,2,4,2,944.58,2 3,East,1,5,20
0,2,4,2,945.2737,2 4,East,1,5,20
0,2,4,3,945.8939,2 4,South,1,5,20
0,2,4,2,946.518,3 4,South,1,5,20
0,2,4,6,946.9,3 4,South,1,6,20
0,2,4,2,947.3491,4 4,South,1,6,20
0,2,4,3,948.0354,4 4,West,1,6,20
0,2,4,3,948.7107,4 4,North,1,6,20
0,2,4,1,949.5482,4 4,West,1,6,20
0,2,4,2,950.1195,4 3,West,1,6,20
0,2,4,3,951.0928,4 3,North,1,6,20
0,2,4,2,951.7883,3 3,North,1,6,20
0,2,4,1,952.437,3 3,West,1,6,20
0,2,4,2,953.0615,3 2,West,1,6,20
0,2,4,3,953.5717,3 2,North,1,6,20
0,2,4,2,954.137,2 2,North,1,6,20
0,2,4,1,954.7082,2 2,West,1,6,20
0,2,4,2,955.3365,2 1,West,1,6,20
0,2,4,3,956.011,2 1,North,1,6,20
0,2,4,2,956.7736,1 1,North,1,6,20
0,2,4,6,957.16,1 1,North,1,7,20
0,2,4,2,957.6301,0 1,North,1,7,20
0,2,4,1,958.1713,0 1,West,1,7,20
0,2,4,1,958.7435,0 1,South,1,7,20
0,2,4,2,959.4479,1 1,South,1,7,20
0,2,4,3,959.9818,1 1,West,1,7,20
0,2,4,2,960.5236,1 0,West,1,7,20
0,2,4,1,961.0494,1 0,South,1,7,20
0,2,4,2,961.6227,2 0,South,1,7,20
0,2,4,6,962,2 0,South,1,8,20
2,2,4,2,965.7505,3 4,North,1,0,0
2,2,4,2,966.2655,2 4,North,1,0,0
2,2,4,2,967.0346,1 4,North,1,0,0
2,2,4,2,967.6691,0 4,North,1,0,0
2,2,4,1,968.3736,0 4,West,1,0,0
2,2,4,2,968.8851,0 3,West,1,0,0
2,2,4,2,969.4774,0 2,West,1,0,0
2,2,4,6,969.88,0 2,West,1,1,0
2,2,4,2,971.2549,0 2,West,1,1,1
2,2,4,1,971.823,0 2,South,1,1,1
2,2,4,2,972.4699,0 2,South,1,1,2
2,2,4,1,972.9384,0 2,East,1,1,2
2,2,4,2,973.5106,0 3,East,1,1,2
2,2,4,2,974.0747,0 4,East,1,1,2
2,2,4,3,974.651,0 4,South,1,1,2
2,2,4,2,975.4828,1 4,South,1,1,2
2,2,4,2,976.0142,2 4,South,1,1,2
2,2,4,2,976.5549,3 4,South,1,1,2
2,2,4,3,977.2602,3 4,West,1,1,2
2,2,4,2,978.0559,3 4,West,1,1,3
2,2,4,3,978.8236,3 4,North,1,1,3
2,2,4,1,979.4343,3 4,West,1,1,3
2,2,4,1,980.0281,3 4,South,1,1,3
2,2,4,2,980.6021,4 4,South,1,1,3
2,2,4,3,981.4763,4 4,West,1,1,3
2,2,4,2,981.997,4 3,West,1,1,3
2,2,4,2,982.6198,4 2,West,1,1,3
2,2,4,2,983.2589,4 1,West,1,1,3
2,2,4,2,983.9923,4 1,West,1,1,4
2,2,4,3,984.441,4 1,North,1,1,4
2,2,4,2,985.0154,4 1,North,1,1,5
2,2,4,3,985.5451,4 1,East,1,1,5
2,2,4,2,986.134,4 2,East,1,1,5
2,2,4,1,986.9071,4 2,North,1,1,5
2,2,4,2,987.4847,3 2,North,1,1,5
2,2,4,1,988.2629,3 2,West,1,1,5
2,2,4,3,989.1096,3 2,North,1,1,5
2,2,4,2,989.8015,2 2,North,1,1,5
2,2,4,1,990.4753,2 2,West,1,1,5
2,2,4,2,991.1099,2 1,West,1,1,5
2,2,4,2,991.8344,2 1,West,1,1,6
2,2,4,3,992.3971,2 1,North,1,1,6
2,2,4,2,993.0364,1 1,North,1,1,6
2,2,4,1,993.7161,1 1,West,1,1,6
2,2,4,2,994.4471,1 0,West,1,1,6
2,2,4,1,995.1594,1 0,South,1,1,6
2,2,4,2,995.6915,2 0,South,1,1,6
2,2,4,6,996.06,2 0,South,1,2,6
2,2,4,2,996.8242,2 0,South,1,2,7
2,2,4,1,997.4321,2 0,East,1,2,7
2,2,4,1,998.0262,2 0,North,1,2,7
2,2,4,2,998.6524,1 0,North,1,2,7
2,2,4,2,999.1779,1 0,North,1,2,8
2,2,4,3,999.7379,1 0,East,1,2,8
2,2,4,2,1000.328,1 1,East,1,2,8
2,2,4,2,1001.033,1 2,East,1,2,8
2,2,4,3,1001.627,1 2,South,1,2,8
2,2,4,2,1002.262,1 2,South,1,2,9
2,2,4,1,1002.731,1 2,East,1,2,9
2,2,4,2,1003.302,1 2,East,1,2,10
2,2,4,2,1003.886,1 2,East,1,2,11
2,2,4,1,1004.44,1 2,North,1,2,11
2,2,4,2,1004.988,1 2,North,1,2,12
2,2,4,1,1005.593,1 2,West,1,2,12
2,2,4,2,1006.15,1 1,West,1,2,12
2,2,4,3,1006.742,1 1,North,1,2,12
2,2,4,2,1007.322,0 1,North,1,2,12
2,2,4,3,1008.074,0 1,East,1,2,12
2,2,4,2,1008.714,0 1,East,1,2,13
2,2,4,1,1009.781,0 1,North,1,2,13
2,2,4,1,1010.504,0 1,West,1,2,13
2,2,4,2,1011.126,0 0,West,1,2,13
2,2,4,1,1011.772,0 0,South,1,2,13
2,2,4,2,1012.426,0 0,South,1,2,14
2,2,4,1,1012.953,0 0,East,1,2,14
2,2,4,2,1013.756,0 1,East,1,2,14
2,2,4,2,1014.268,0 1,East,1,2,15
2,2,4,3,1014.742,0 1,South,1,2,15
2,2,4,2,1015.341,1 1,South,1,2,15
2,2,4,2,1016.213,2 1,South,1,2,15
2,2,4,2,1016.877,3 1,South,1,2,15
2,2,4,2,1017.467,3 1,South,1,2,16
2,2,4,1,1018.024,3 1,East,1,2,16
2,2,4,2,1018.644,3 1,East,1,2,17
2,2,4,3,1019.772,3 1,South,1,2,17
2,2,4,3,1020.284,3 1,West,1,2,17
2,2,4,2,1020.857,3 0,West,1,2,17
2,2,4,1,1021.431,3 0,South,1,2,17
2,2,4,2,1021.964,4 0,South,1,2,17
2,2,4,1,1022.54,4 0,East,1,2,17
2,2,4,2,1023.558,4 0,East,1,2,18
2,2,4,1,1024.183,4 0,North,1,2,18
2,2,4,2,1024.776,3 0,North,1,2,18
2,2,4,2,1025.416,3 0,North,1,2,19
2,2,4,3,1025.964,3 0,East,1,2,19
2,2,4,2,1026.597,3 1,East,1,2,19
2,2,4,2,1027.497,3 1,East,1,2,20
2,2,4,3,1027.958,3 1,South,1,2,20
2,2,4,2,1028.589,3 1,South,1,2,21
2,2,4,1,1029.386,3 1,East,1,2,21
2,2,4,1,1029.987,3 1,North,1,2,21
2,2,4,2,1030.765,2 1,North,1,2,21
2,2,4,3,1031.417,2 1,East,1,2,21
2,2,4,2,1032.087,2 2,East,1,2,21
2,2,4,3,1032.79,2 2,South,1,2,21
2,2,4,2,1033.463,3 2,South,1,2,21
2,2,4,2,1034.216,4 2,South,1,2,21
2,2,4,6,1034.6,4 2,South,1,3,21
2,2,4,1,1035.067,4 2,East,1,3,21
2,2,4,1,1035.624,4 2,North,1,3,21
2,2,4,3,1036.183,4 2,East,1,3,21
2,2,4,2,1036.925,4 3,East,1,3,21
2,2,4,2,1037.817,4 4,East,1,3,21
2,2,4,1,1038.63,4 4,North,1,3,21
2,2,4,2,1039.285,3 4,North,1,3,21
2,2,4,2,1039.913,2 4,North,1,3,21
2,2,4,2,1040.524,1 4,North,1,3,21
2,2,4,2,1041.638,0 4,North,1,3,21
2,2,4,6,1042.02,0 4,North,1,4,21
2,2,4,1,1042.648,0 4,West,1,4,21
2,2,4,1,1043.558,0 4,South,1,4,21
2,2,4,2,1044.266,1 4,South,1,4,21
2,2,4,3,1044.917,1 4,West,1,4,21
2,2,4,3,1045.829,1 4,North,1,4,21
2,2,4,2,1046.471,0 4,North,1,4,21
2,2,4,1,1047.193,0 4,West,1,4,21
2,2,4,2,1048.15,0 3,West,1,4,21
2,2,4,2,1048.711,0 2,West,1,4,21
2,2,4,2,1049.384,0 2,West,1,4,22
2,2,4,1,1049.93,0 2,South,1,4,22
2,2,4,2,1050.554,0 2,South,1,4,23
2,2,4,3,1051.318,0 2,West,1,4,23
2,2,4,1,1051.868,0 2,South,1,4,23
2,2,4,1,1052.472,0 2,East,1,4,23
2,2,4,2,1053.188,0 3,East,1,4,23
2,2,4,3,1053.802,0 3,South,1,4,23
2,2,4,2,1054.419,0 3,South,1,4,24
2,2,4,1,1054.968,0 3,East,1,4,24
2,2,4,2,1055.607,0 4,East,1,4,24
2,2,4,3,1056.181,0 4,South,1,4,24
2,2,4,2,1056.73,1 4,South,1,4,24
2,2,4,2,1057.288,2 4,South,1,4,24
2,2,4,3,1058.006,2 4,West,1,4,24
2,2,4,2,1058.619,2 3,West,1,4,24
2,2,4,1,1059.306,2 3,South,1,4,24
2,2,4,2,1059.909,3 3,South,1,4,24
2,2,4,3,1060.457,3 3,West,1,4,24
2,2,4,2,1061.101,3 2,West,1,4,24
2,2,4,1,1061.802,3 2,South,1,4,24
2,2,4,2,1062.409,4 2,South,1,4,24
2,2,4,3,1062.954,4 2,West,1,4,24
2,2,4,2,1063.531,4 1,West,1,4,24
2,2,4,2,1064.357,4 1,West,1,4,25
2,2,4,3,1064.861,4 1,North,1,4,25
2,2,4,2,1065.43,4 1,North,1,4,26
2,2,4,3,1066.084,4 1,East,1,4,26
2,2,4,2,1066.711,4 2,East,1,4,26
2,2,4,1,1067.331,4 2,North,1,4,26
2,2,4,2,1067.993,3 2,North,1,4,26
2,2,4,1,1068.709,3 2,West,1,4,26
2,2,4,2,1069.4,3 2,West,1,4,27
2,2,4,3,1070.046,3 2,North,1,4,27
2,2,4,2,1070.697,2 2,North,1,4,27
2,2,4,1,1071.374,2 2,West,1,4,27
2,2,4,2,1071.899,2 1,West,1,4,27
2,2,4,2,1072.683,2 1,West,1,4,28
2,2,4,1,1073.176,2 1,South,1,4,28
2,2,4,2,1073.753,3 1,South,1,4,28
2,2,4,3,1074.41,3 1,West,1,4,28
2,2,4,2,1075.048,3 0,West,1,4,28
2,2,4,1,1075.605,3 0,South,1,4,28
2,2,4,2,1076.265,4 0,South,1,4,28
2,2,4,6,1076.64,4 0,South,1,5,28
2,2,4,1,1077.179,4 0,East,1,5,28
2,2,4,1,1077.787,4 0,North,1,5,28
2,2,4,3,1079,4 0,East,1,5,28
2,2,4,2,1079.737,4 0,East,1,5,29
2,2,4,1,1080.79,4 0,North,1,5,29
2,2,4,2,1081.414,3 0,North,1,5,29
2,2,4,3,1081.996,3 0,East,1,5,29
2,2,4,2,1082.621,3 1,East,1,5,29
2,2,4,2,1083.445,3 1,East,1,5,30
2,2,4,3,1083.864,3 1,South,1,5,30
2,2,4,2,1084.407,3 1,South,1,5,31
2,2,4,1,1085.111,3 1,East,1,5,31
2,2,4,1,1085.788,3 1,North,1,5,31
2,2,4,2,1086.463,2 1,North,1,5,31
2,2,4,3,1087.112,2 1,East,1,5,31
2,2,4,2,1087.832,2 2,East,1,5,31
2,2,4,2,1088.524,2 3,East,1,5,31
2,2,4,2,1089.209,2 4,East,1,5,31
2,2,4,6,1089.62,2 4,East,1,6,31
2,2,4,1,1090.023,2 4,North,1,6,31
2,2,4,2,1091.065,1 4,North,1,6,31
2,2,4,2,1091.708,0 4,North,1,6,31
2,2,4,1,1092.312,0 4,West,1,6,31
2,2,4,2,1093.207,0 3,West,1,6,31
2,2,4,6,1093.62,0 3,West,1,7,31
2,2,4,2,1094.677,0 2,West,1,7,31
2,2,4,2,1095.514,0 2,West,1,7,32
2,2,4,1,1096.009,0 2,South,1,7,32
2,2,4,2,1096.665,0 2,South,1,7,33
2,2,4,1,1097.275,0 2,East,1,7,33
2,2,4,2,1097.821,0 3,East,1,7,33
2,2,4,2,1098.405,0 4,East,1,7,33
2,2,4,3,1098.981,0 4,South,1,7,33
2,2,4,2,1099.562,1 4,South,1,7,33
2,2,4,2,1100.156,2 4,South,1,7,33
2,2,4,3,1100.886,2 4,West,1,7,33
2,2,4,2,1101.558,2 3,West,1,7,33
2,2,4,2,1102.187,2 2,West,1,7,33
2,2,4,2,1102.908,2 1,West,1,7,33
2,2,4,6,1103.32,2 1,West,1,8,33
0,2,5,1,1107.499,4 4,West,1,0,33
0,2,5,2,1108.068,4 3,West,1,0,33
0,2,5,3,1108.617,4 3,North,1,0,33
0,2,5,2,1109.276,3 3,North,1,0,33
0,2,5,1,1109.943,3 3,West,1,0,33
0,2,5,2,1110.569,3 2,West,1,0,33
0,2,5,3,1111.146,3 2,North,1,0,33
0,2,5,2,1111.821,2 2,North,1,0,33
0,2,5,1,1112.333,2 2,West,1,0,33
0,2,5,2,1112.921,2 1,West,1,0,33
0,2,5,3,1113.463,2 1,North,1,0,33
0,2,5,2,1114.013,1 1,North,1,0,33
0,2,5,2,1114.646,0 1,North,1,0,33
0,2,5,1,1115.693,0 1,West,1,0,33
0,2,5,2,1116.374,0 0,West,1,0,33
0,2,5,6,1116.78,0 0,West,1,1,33
0,2,5,1,1117.079,0 0,South,1,1,33
0,2,5,1,1117.59,0 0,East,1,1,33
0,2,5,2,1118.234,0 1,East,1,1,33
0,2,5,3,1118.776,0 1,South,1,1,33
0,2,5,2,1119.398,1 1,South,1,1,33
0,2,5,2,1120.075,2 1,South,1,1,33
0,2,5,1,1120.628,2 1,East,1,1,33
0,2,5,3,1121.24,2 1,South,1,1,33
0,2,5,2,1121.909,3 1,South,1,1,33
0,2,5,3,1122.442,3 1,West,1,1,33
0,2,5,2,1122.996,3 0,West,1,1,33
0,2,5,1,1123.559,3 0,South,1,1,33
0,2,5,1,1124.074,3 0,East,1,1,33
0,2,5,2,1125.004,3 1,East,1,1,33
0,2,5,1,1125.559,3 1,North,1,1,33
0,2,5,2,1126.549,2 1,North,1,1,33
0,2,5,3,1127.241,2 1,East,1,1,33
0,2,5,2,1127.909,2 2,East,1,1,33
0,2,5,2,1128.521,2 3,East,1,1,33
0,2,5,1,1129.081,2 3,North,1,1,33
0,2,5,2,1129.724,1 3,North,1,1,33
0,2,5,6,1130.1,1 3,North,1,2,33
0,2,5,3,1130.781,1 3,East,1,2,33
0,2,5,3,1131.724,1 3,South,1,2,33
0,2,5,2,1132.36,2 3,South,1,2,33
0,2,5,1,1133.053,2 3,East,1,2,33
0,2,5,2,1133.738,2 4,East,1,2,33
0,2,5,1,1134.359,2 4,North,1,2,33
0,2,5,3,1135.015,2 4,East,1,2,33
0,2,5,3,1135.574,2 4,South,1,2,33
0,2,5,3,1136.251,2 4,West,1,2,33
0,2,5,3,1136.823,2 4,North,1,2,33
0,2,5,2,1137.42,1 4,North,1,2,33
0,2,5,2,1138.381,0 4,North,1,2,33
0,2,5,1,1139.029,0 4,West,1,2,33
0,2,5,1,1139.834,0 4,South,1,2,33
0,2,5,2,1140.445,1 4,South,1,2,33
0,2,5,2,1141.098,2 4,South,1,2,33
0,2,5,2,1141.723,3 4,South,1,2,33
0,2,5,2,1142.34,4 4,South,1,2,33
0,2,5,3,1142.902,4 4,West,1,2,33
0,2,5,2,1143.783,4 3,West,1,2,33
0,2,5,2,1144.411,4 2,West,1,2,33
0,2,5,3,1144.972,4 2,North,1,2,33
0,2,5,2,1145.876,3 2,North,1,2,33
0,2,5,2,1146.483,2 2,North,1,2,33
0,2,5,1,1147.073,2 2,West,1,2,33
0,2,5,2,1147.671,2 1,West,1,2,33
0,2,5,1,1148.442,2 1,South,1,2,33
0,2,5,2,1149.031,3 1,South,1,2,33
0,2,5,3,1149.575,3 1,West,1,2,33
0,2,5,2,1150.116,3 0,West,1,2,33
0,2,5,1,1150.652,3 0,South,1,2,33
0,2,5,2,1151.348,4 0,South,1,2,33
0,2,5,6,1151.72,4 0,South,1,3,33
0,2,5,1,1152.02,4 0,East,1,3,33
0,2,5,1,1152.924,4 0,North,1,3,33
0,2,5,2,1153.545,3 0,North,1,3,33
0,2,5,3,1154.156,3 0,East,1,3,33
0,2,5,2,1154.807,3 1,East,1,3,33
0,2,5,1,1155.372,3 1,North,1,3,33
0,2,5,2,1155.944,2 1,North,1,3,33
0,2,5,2,1156.468,1 1,North,1,3,33
0,2,5,1,1157.03,1 1,West,1,3,33
0,2,5,3,1157.611,1 1,North,1,3,33
0,2,5,3,1158.171,1 1,East,1,3,33
0,2,5,3,1158.969,1 1,South,1,3,33
0,2,5,2,1159.606,2 1,South,1,3,33
0,2,5,1,1160.217,2 1,East,1,3,33
0,2,5,2,1160.826,2 2,East,1,3,33
0,2,5,3,1161.492,2 2,South,1,3,33
0,2,5,2,1162.043,3 2,South,1,3,33
0,2,5,2,1163.019,4 2,South,1,3,33
0,2,5,3,1163.721,4 2,West,1,3,33
0,2,5,1,1164.469,4 2,South,1,3,33
0,2,5,1,1165.158,4 2,East,1,3,33
0,2,5,1,1165.719,4 2,North,1,3,33
0,2,5,3,1166.598,4 2,East,1,3,33
0,2,5,2,1167.225,4 3,East,1,3,33
0,2,5,2,1167.783,4 4,East,1,3,33
0,2,5,1,1168.422,4 4,North,1,3,33
0,2,5,2,1169.032,3 4,North,1,3,33
0,2,5,2,1169.943,2 4,North,1,3,33
0,2,5,2,1170.598,1 4,North,1,3,33
0,2,5,2,1171.219,0 4,North,1,3,33
0,2,5,1,1171.83,0 4,West,1,3,33
0,2,5,2,1172.486,0 3,West,1,3,33
0,2,5,6,1172.9,0 3,West,1,4,33
0,2,5,1,1173.267,0 3,South,1,4,33
0,2,5,1,1173.819,0 3,East,1,4,33
0,2,5,2,1174.46,0 4,East,1,4,33
0,2,5,3,1175.338,0 4,South,1,4,33
0,2,5,2,1175.977,1 4,South,1,4,33
0,2,5,2,1176.508,2 4,South,1,4,33
0,2,5,3,1177.333,2 4,West,1,4,33
0,2,5,2,1177.933,2 3,West,1,4,33
0,2,5,2,1178.684,2 2,West,1,4,33
0,2,5,2,1179.339,2 1,West,1,4,33
0,2,5,3,1179.974,2 1,North,1,4,33
0,2,5,2,1180.611,1 1,North,1,4,33
0,2,5,1,1181.259,1 1,West,1,4,33
0,2,5,2,1181.876,1 0,West,1,4,33
0,2,5,6,1182.3,1 0,West,1,5,33
0,2,5,1,1182.461,1 0,South,1,5,33
0,2,5,1,1182.984,1 0,East,1,5,33
0,2,5,2,1183.526,1 1,East,1,5,33
0,2,5,1,1184.108,1 1,North,1,5,33
0,2,5,2,1184.763,0 1,North,1,5,33
0,2,5,6,1185.14,0 1,North,1,6,33
0,2,5,1,1185.46,0 1,West,1,6,33
0,2,5,1,1186.058,0 1,South,1,6,33
0,2,5,2,1186.58,1 1,South,1,6,33
0,2,5,1,1187.29,1 1,East,1,6,33
0,2,5,2,1187.911,1 2,East,1,6,33
0,2,5,6,1188.32,1 2,East,1,7,33
0,2,5,3,1189.176,1 2,South,1,7,33
0,2,5,3,1189.797,1 2,West,1,7,33
0,2,5,2,1190.452,1 1,West,1,7,33
0,2,5,1,1190.973,1 1,South,1,7,33
0,2,5,2,1191.913,2 1,South,1,7,33
0,2,5,2,1192.542,3 1,South,1,7,33
0,2,5,3,1193.188,3 1,West,1,7,33
0,2,5,2,1193.781,3 0,West,1,7,33
0,2,5,6,1194.18,3 0,West,1,8,33
2,2,5,2,1198.631,3 4,North,1,0,0
2,2,5,1,1199.192,3 4,West,1,0,0
2,2,5,2,1200.009,3 4,West,1,0,1
2,2,5,3,1200.518,3 4,North,1,0,1
2,2,5,2,1201.174,2 4,North,1,0,1
2,2,5,2,1201.766,1 4,North,1,0,1
2,2,5,1,1202.357,1 4,West,1,0,1
2,2,5,2,1202.956,1 4,West,1,0,2
2,2,5,3,1203.512,1 4,North,1,0,2
2,2,5,2,1204.105,0 4,North,1,0,2
2,2,5,1,1204.684,0 4,West,1,0,2
2,2,5,2,1205.306,0 3,West,1,0,2
2,2,5,1,1205.877,0 3,South,1,0,2
2,2,5,2,1206.474,0 3,South,1,0,3
2,2,5,3,1207.012,0 3,West,1,0,3
2,2,5,2,1207.643,0 2,West,1,0,3
2,2,5,1,1208.314,0 2,South,1,0,3
2,2,5,2,1209.017,0 2,South,1,0,4
2,2,5,3,1209.677,0 2,West,1,0,4
2,2,5,2,1210.246,0 2,West,1,0,5
2,2,5,1,1211,0 2,South,1,0,5
2,2,5,1,1211.527,0 2,East,1,0,5
2,2,5,2,1212.101,0 3,East,1,0,5
2,2,5,2,1212.678,0 4,East,1,0,5
2,2,5,3,1213.196,0 4,South,1,0,5
2,2,5,2,1213.71,1 4,South,1,0,5
2,2,5,3,1214.34,1 4,West,1,0,5
2,2,5,2,1215.067,1 4,West,1,0,6
2,2,5,1,1215.469,1 4,South,1,0,6
2,2,5,2,1216.15,2 4,South,1,0,6
2,2,5,3,1217.099,2 4,West,1,0,6
2,2,5,2,1217.82,2 3,West,1,0,6
2,2,5,3,1218.422,2 3,North,1,0,6
2,2,5,2,1219.155,1 3,North,1,0,6
2,2,5,6,1219.54,1 3,North,1,1,6
2,2,5,1,1220.093,1 3,West,1,1,6
2,2,5,2,1220.935,1 3,West,1,1,7
2,2,5,3,1221.405,1 3,North,1,1,7
2,2,5,2,1222.277,1 3,North,1,1,8
2,2,5,3,1222.733,1 3,East,1,1,8
2,2,5,2,1223.356,1 3,East,1,1,9
2,2,5,3,1223.831,1 3,South,1,1,9
2,2,5,2,1224.444,2 3,South,1,1,9
2,2,5,2,1225.023,3 3,South,1,1,9
2,2,5,2,1225.989,4 3,South,1,1,9
2,2,5,3,1226.555,4 3,West,1,1,9
2,2,5,2,1227.164,4 2,West,1,1,9
2,2,5,2,1227.757,4 1,West,1,1,9
2,2,5,2,1228.341,4 1,West,1,1,10
2,2,5,3,1228.84,4 1,North,1,1,10
2,2,5,2,1229.422,4 1,North,1,1,11
2,2,5,3,1230.139,4 1,East,1,1,11
2,2,5,2,1230.686,4 2,East,1,1,11
2,2,5,2,1231.288,4 3,East,1,1,11
2,2,5,2,1231.835,4 4,East,1,1,11
2,2,5,1,1232.394,4 4,North,1,1,11
2,2,5,2,1233.175,3 4,North,1,1,11
2,2,5,2,1233.705,2 4,North,1,1,11
2,2,5,2,1234.249,1 4,North,1,1,11
2,2,5,2,1234.827,0 4,North,1,1,11
2,2,5,1,1235.496,0 4,West,1,1,11
2,2,5,2,1236.291,0 3,West,1,1,11
2,2,5,2,1236.824,0 2,West,1,1,11
2,2,5,2,1237.525,0 2,West,1,1,12
2,2,5,1,1238.124,0 2,South,1,1,12
2,2,5,2,1238.685,0 2,South,1,1,13
2,2,5,1,1239.559,0 2,East,1,1,13
2,2,5,2,1240.159,0 3,East,1,1,13
2,2,5,3,1241.05,0 3,South,1,1,13
2,2,5,2,1241.688,0 3,South,1,1,14
2,2,5,1,1242.138,0 3,East,1,1,14
2,2,5,2,1242.742,0 4,East,1,1,14
2,2,5,3,1243.385,0 4,South,1,1,14
2,2,5,2,1243.919,1 4,South,1,1,14
2,2,5,2,1244.629,2 4,South,1,1,14
2,2,5,2,1245.142,3 4,South,1,1,14
2,2,5,2,1246.041,4 4,South,1,1,14
2,2,5,3,1246.776,4 4,West,1,1,14
2,2,5,2,1247.448,4 3,West,1,1,14
2,2,5,2,1247.96,4 2,West,1,1,14
2,2,5,2,1248.859,4 1,West,1,1,14
2,2,5,2,1249.735,4 1,West,1,1,15
2,2,5,3,1250.263,4 1,North,1,1,15
2,2,5,2,1250.885,4 1,North,1,1,16
2,2,5,2,1251.434,4 1,North,1,1,17
2,2,5,3,1252.07,4 1,East,1,1,17
2,2,5,2,1252.758,4 2,East,1,1,17
2,2,5,1,1253.42,4 2,North,1,1,17
2,2,5,2,1253.949,3 2,North,1,1,17
2,2,5,1,1254.602,3 2,West,1,1,17
2,2,5,2,1255.255,3 2,West,1,1,18
2,2,5,3,1255.679,3 2,North,1,1,18
2,2,5,2,1256.49,2 2,North,1,1,18
2,2,5,1,1257.116,2 2,West,1,1,18
2,2,5,2,1257.83,2 1,West,1,1,18
2,2,5,2,1258.438,2 1,West,1,1,19
2,2,5,3,1258.885,2 1,North,1,1,19
2,2,5,2,1259.524,1 1,North,1,1,19
2,2,5,1,1260.214,1 1,West,1,1,19
2,2,5,2,1260.924,1 0,West,1,1,19
2,2,5,3,1261.55,1 0,North,1,1,19
2,2,5,2,1262.203,1 0,North,1,1,20
2,2,5,3,1262.699,1 0,East,1,1,20
2,2,5,2,1263.32,1 1,East,1,1,20
2,2,5,1,1263.962,1 1,North,1,1,20
2,2,5,2,1264.643,0 1,North,1,1,20
2,2,5,1,1265.308,0 1,West,1,1,20
2,2,5,2,1265.91,0 0,West,1,1,20
2,2,5,6,1266.32,0 0,West,1,2,20
2,2,5,1,1266.765,0 0,South,1,2,20
2,2,5,1,1267.416,0 0,East,1,2,20
2,2,5,2,1268.132,0 1,East,1,2,20
2,2,5,3,1268.712,0 1,South,1,2,20
2,2,5,2,1269.339,1 1,South,1,2,20
2,2,5,1,1269.973,1 1,East,1,2,20
2,2,5,2,1270.664,1 2,East,1,2,20
2,2,5,6,1271.08,1 2,East,1,3,20
2,2,5,3,1271.574,1 2,South,1,3,20
2,2,5,3,1272.17,1 2,West,1,3,20
2,2,5,1,1273.469,1 2,South,1,3,20
2,2,5,1,1273.996,1 2,East,1,3,20
2,2,5,2,1274.554,1 2,East,1,3,21
2,2,5,3,1275.195,1 2,South,1,3,21
2,2,5,2,1275.877,1 2,South,1,3,22
2,2,5,3,1276.404,1 2,West,1,3,22
2,2,5,2,1277.052,1 1,West,1,3,22
2,2,5,1,1277.769,1 1,South,1,3,22
2,2,5,2,1278.445,2 1,South,1,3,22
2,2,5,2,1279.453,3 1,South,1,3,22
2,2,5,2,1280.213,3 1,South,1,3,23
2,2,5,3,1280.717,3 1,West,1,3,23
2,2,5,2,1281.398,3 0,West,1,3,23
2,2,5,1,1282.092,3 0,South,1,3,23
2,2,5,2,1282.842,4 0,South,1,3,23
2,2,5,6,1283.22,4 0,South,1,4,23
2,2,5,1,1283.656,4 0,East,1,4,23
2,2,5,2,1284.791,4 0,East,1,4,24
2,2,5,1,1285.447,4 0,North,1,4,24
2,2,5,2,1286.028,3 0,North,1,4,24
2,2,5,3,1286.647,3 0,East,1,4,24
2,2,5,2,1287.372,3 1,East,1,4,24
2,2,5,2,1288.169,3 1,East,1,4,25
2,2,5,3,1288.667,3 1,South,1,4,25
2,2,5,2,1289.32,3 1,South,1,4,26
2,2,5,1,1290.359,3 1,East,1,4,26
2,2,5,1,1290.957,3 1,North,1,4,26
2,2,5,2,1291.627,2 1,North,1,4,26
2,2,5,3,1292.388,2 1,East,1,4,26
2,2,5,2,1293.084,2 2,East,1,4,26
2,2,5,2,1293.862,2 3,East,1,4,26
2,2,5,2,1294.695,2 4,East,1,4,26
2,2,5,3,1295.369,2 4,South,1,4,26
2,2,5,2,1296.039,3 4,South,1,4,26
2,2,5,6,1296.42,3 4,South,1,5,26
2,2,5,3,1296.986,3 4,West,1,5,26
2,2,5,3,1298.022,3 4,North,1,5,26
2,2,5,2,1298.765,2 4,North,1,5,26
2,2,5,1,1299.594,2 4,West,1,5,26
2,2,5,2,1300.293,2 3,West,1,5,26
2,2,5,1,1300.924,2 3,South,1,5,26
2,2,5,2,1301.576,3 3,South,1,5,26
2,2,5,3,1302.188,3 3,West,1,5,26
2,2,5,2,1302.933,3 2,West,1,5,26
2,2,5,3,1303.606,3 2,North,1,5,26
2,2,5,2,1304.376,2 2,North,1,5,26
2,2,5,6,1304.76,2 2,North,1,6,26
2,2,5,1,1305.276,2 2,West,1,6,26
2,2,5,1,1305.835,2 2,South,1,6,26
2,2,5,1,1306.458,2 2,East,1,6,26
2,2,5,3,1307.622,2 2,South,1,6,26
2,2,5,2,1308.326,3 2,South,1,6,26
2,2,5,1,1308.972,3 2,East,1,6,26
2,2,5,2,1309.784,3 3,East,1,6,26
2,2,5,6,1310.2,3 3,East,1,7,26
2,2,5,3,1310.729,3 3,South,1,7,26
2,2,5,2,1311.514,4 3,South,1,7,26
2,2,5,6,1311.9,4 3,South,1,8,26
0,2,6,1,1316.986,4 4,West,1,0,26
0,2,6,2,1317.737,4 3,West,1,0,26
0,2,6,3,1318.486,4 3,North,1,0,26
0,2,6,2,1319.221,3 3,North,1,0,26
0,2,6,1,1319.897,3 3,West,1,0,26
0,2,6,2,1320.569,3 2,West,1,0,26
0,2,6,3,1321.192,3 2,North,1,0,26
0,2,6,2,1321.85,2 2,North,1,0,26
0,2,6,6,1322.24,2 2,North,1,1,26
0,2,6,1,1322.487,2 2,West,1,1,26
0,2,6,2,1323.176,2 1,West,1,1,26
0,2,6,3,1323.766,2 1,North,1,1,26
0,2,6,1,1324.441,2 1,West,1,1,26
0,2,6,1,1324.98,2 1,South,1,1,26
0,2,6,2,1325.677,3 1,South,1,1,26
0,2,6,3,1326.233,3 1,West,1,1,26
0,2,6,2,1326.892,3 0,West,1,1,26
0,2,6,1,1327.435,3 0,South,1,1,26
0,2,6,1,1328.153,3 0,East,1,1,26
0,2,6,2,1328.861,3 1,East,1,1,26
0,2,6,1,1329.789,3 1,North,1,1,26
0,2,6,2,1330.468,2 1,North,1,1,26
0,2,6,3,1331.127,2 1,East,1,1,26
0,2,6,2,1331.785,2 2,East,1,1,26
0,2,6,3,1332.536,2 2,South,1,1,26
0,2,6,2,1333.079,3 2,South,1,1,26
0,2,6,2,1333.742,4 2,South,1,1,26
0,2,6,3,1334.357,4 2,West,1,1,26
0,2,6,1,1334.92,4 2,South,1,1,26
0,2,6,1,1335.433,4 2,East,1,1,26
0,2,6,2,1336.182,4 3,East,1,1,26
0,2,6,2,1336.761,4 4,East,1,1,26
0,2,6,1,1337.322,4 4,North,1,1,26
0,2,6,2,1337.94,3 4,North,1,1,26
0,2,6,2,1338.808,2 4,North,1,1,26
0,2,6,2,1339.622,1 4,North,1,1,26
0,2,6,6,1340,1 4,North,1,2,26
0,2,6,2,1340.613,0 4,North,1,2,26
0,2,6,1,1341.21,0 4,West,1,2,26
0,2,6,1,1341.813,0 4,South,1,2,26
0,2,6,2,1342.502,1 4,South,1,2,26
0,2,6,2,1343.228,2 4,South,1,2,26
0,2,6,3,1343.75,2 4,West,1,2,26
0,2,6,2,1344.635,2 3,West,1,2,26
0,2,6,3,1345.254,2 3,North,1,2,26
0,2,6,1,1345.885,2 3,West,1,2,26
0,2,6,2,1346.569,2 2,West,1,2,26
0,2,6,2,1347.239,2 1,West,1,2,26
0,2,6,1,1347.827,2 1,South,1,2,26
0,2,6,2,1348.517,3 1,South,1,2,26
0,2,6,6,1348.9,3 1,South,1,3,26
0,2,6,3,1349.189,3 1,West,1,3,26
0,2,6,3,1349.798,3 1,North,1,3,26
0,2,6,2,1350.459,2 1,North,1,3,26
0,2,6,2,1351.016,1 1,North,1,3,26
0,2,6,1,1351.578,1 1,West,1,3,26
0,2,6,3,1352.098,1 1,North,1,3,26
0,2,6,3,1353.051,1 1,East,1,3,26
0,2,6,1,1353.8,1 1,North,1,3,26
0,2,6,2,1354.469,0 1,North,1,3,26
0,2,6,1,1355.051,0 1,West,1,3,26
0,2,6,1,1356.25,0 1,South,1,3,26
0,2,6,2,1356.9,1 1,South,1,3,26
0,2,6,2,1357.464,2 1,South,1,3,26
0,2,6,1,1358.085,2 1,East,1,3,26
0,2,6,2,1358.618,2 2,East,1,3,26
0,2,6,2,1359.16,2 3,East,1,3,26
0,2,6,3,1359.724,2 3,South,1,3,26
0,2,6,2,1360.553,3 3,South,1,3,26
0,2,6,2,1361.083,4 3,South,1,3,26
0,2,6,6,1361.46,4 3,South,1,4,26
0,2,6,1,1362.995,4 3,East,1,4,26
0,2,6,1,1363.556,4 3,North,1,4,26
0,2,6,1,1364.411,4 3,West,1,4,26
0,2,6,2,1365.068,4 2,West,1,4,26
0,2,6,3,1365.705,4 2,North,1,4,26
0,2,6,2,1366.347,3 2,North,1,4,26
0,2,6,6,1366.74,3 2,North,1,5,26
0,2,6,3,1367.194,3 2,East,1,5,26
0,2,6,2,1367.86,3 3,East,1,5,26
0,2,6,1,1368.573,3 3,North,1,5,26
0,2,6,2,1369.306,2 3,North,1,5,26
0,2,6,6,1369.68,2 3,North,1,6,26
0,2,6,1,1370.282,2 3,West,1,6,26
0,2,6,1,1370.887,2 3,South,1,6,26
0,2,6,2,1371.448,3 3,South,1,6,26
0,2,6,2,1372.038,4 3,South,1,6,26
0,2,6,3,1372.616,4 3,West,1,6,26
0,2,6,2,1373.208,4 2,West,1,6,26
0,2,6,2,1373.865,4 1,West,1,6,26
0,2,6,6,1374.28,4 1,West,1,7,26
0,2,6,1,1374.618,4 1,South,1,7,26
0,2,6,1,1375.163,4 1,East,1,7,26
0,2,6,2,1375.948,4 2,East,1,7,26
0,2,6,2,1376.613,4 3,East,1,7,26
0,2,6,1,1377.177,4 3,North,1,7,26
0,2,6,2,1377.773,3 3,North,1,7,26
0,2,6,6,1378.14,3 3,North,1,8,26
2,2,6,2,1381.821,3 4,North,1,0,0
2,2,6,2,1382.362,2 4,North,1,0,0
2,2,6,1,1383.019,2 4,West,1,0,0
2,2,6,2,1383.692,2 3,West,1,0,0
2,2,6,6,1384.1,2 3,West,1,1,0
2,2,6,1,1384.746,2 3,South,1,1,0
2,2,6,2,1385.462,3 3,South,1,1,0
2,2,6,3,1386.042,3 3,West,1,1,0
2,2,6,2,1386.781,3 2,West,1,1,0
2,2,6,6,1387.2,3 2,West,1,2,0
2,2,6,1,1387.655,3 2,South,1,2,0
2,2,6,1,1388.297,3 2,East,1,2,0
2,2,6,2,1388.983,3 3,East,1,2,0
2,2,6,3,1389.575,3 3,South,1,2,0
2,2,6,2,1390.296,4 3,South,1,2,0
2,2,6,6,1390.68,4 3,South,1,3,0
2,2,6,1,1391.03,4 3,East,1,3,0
2,2,6,1,1391.619,4 3,North,1,3,0
2,2,6,3,1392.6,4 3,East,1,3,0
2,2,6,2,1393.251,4 4,East,1,3,0
2,2,6,1,1393.897,4 4,North,1,3,0
2,2,6,2,1394.542,3 4,North,1,3,0
2,2,6,2,1395.176,2 4,North,1,3,0
2,2,6,2,1396.052,1 4,North,1,3,0
2,2,6,6,1396.44,1 4,North,1,4,0
2,2,6,1,1396.877,1 4,West,1,4,0
2,2,6,1,1397.707,1 4,South,1,4,0
2,2,6,2,1398.325,2 4,South,1,4,0
2,2,6,2,1398.889,3 4,South,1,4,0
2,2,6,2,1399.545,4 4,South,1,4,0
2,2,6,3,1400.181,4 4,West,1,4,0
2,2,6,2,1400.792,4 3,West,1,4,0
2,2,6,2,1401.467,4 2,West,1,4,0
2,2,6,3,1402.156,4 2,North,1,4,0
2,2,6,2,1402.782,3 2,North,1,4,0
2,2,6,1,1403.366,3 2,West,1,4,0
2,2,6,2,1404.039,3 2,West,1,4,1
2,2,6,1,1404.604,3 2,South,1,4,1
2,2,6,2,1405.15,4 2,South,1,4,1
2,2,6,3,1405.689,4 2,West,1,4,1
2,2,6,2,1406.328,4 1,West,1,4,1
2,2,6,6,1406.74,4 1,West,1,5,1
2,2,6,3,1407.193,4 1,North,1,5,1
2,2,6,1,1407.997,4 1,West,1,5,1
2,2,6,2,1408.708,4 1,West,1,5,2
2,2,6,3,1409.245,4 1,North,1,5,2
2,2,6,2,1409.915,4 1,North,1,5,3
2,2,6,3,1410.381,4 1,East,1,5,3
2,2,6,2,1411.007,4 2,East,1,5,3
2,2,6,1,1411.964,4 2,North,1,5,3
2,2,6,2,1412.646,3 2,North,1,5,3
2,2,6,2,1413.661,2 2,North,1,5,3
2,2,6,2,1414.294,2 2,North,1,5,4
2,2,6,3,1414.772,2 2,East,1,5,4
2,2,6,2,1415.382,2 3,East,1,5,4
2,2,6,1,1416.184,2 3,North,1,5,4
2,2,6,2,1416.905,1 3,North,1,5,4
2,2,6,1,1417.638,1 3,West,1,5,4
2,2,6,2,1418.339,1 3,West,1,5,5
2,2,6,3,1418.908,1 3,North,1,5,5
2,2,6,2,1419.565,1 3,North,1,5,6
2,2,6,3,1420.235,1 3,East,1,5,6
2,2,6,2,1420.871,1 3,East,1,5,7
2,2,6,3,1421.385,1 3,South,1,5,7
2,2,6,2,1421.973,2 3,South,1,5,7
2,2,6,1,1423.027,2 3,East,1,5,7
2,2,6,2,1423.576,2 4,East,1,5,7
2,2,6,1,1424.109,2 4,North,1,5,7
2,2,6,2,1424.628,1 4,North,1,5,7
2,2,6,2,1425.348,0 4,North,1,5,7
2,2,6,1,1425.973,0 4,West,1,5,7
2,2,6,2,1426.601,0 3,West,1,5,7
2,2,6,2,1427.319,0 2,West,1,5,7
2,2,6,2,1428.006,0 2,West,1,5,8
2,2,6,1,1428.51,0 2,South,1,5,8
2,2,6,2,1429.147,0 2,South,1,5,9
2,2,6,1,1429.653,0 2,East,1,5,9
2,2,6,2,1430.2,0 3,East,1,5,9
2,2,6,2,1430.988,0 4,East,1,5,9
2,2,6,3,1431.572,0 4,South,1,5,9
2,2,6,2,1432.182,1 4,South,1,5,9
2,2,6,2,1432.84,2 4,South,1,5,9
2,2,6,2,1433.528,3 4,South,1,5,9
2,2,6,3,1434.101,3 4,West,1,5,9
2,2,6,2,1434.728,3 4,West,1,5,10
2,2,6,1,1435.305,3 4,South,1,5,10
2,2,6,2,1435.897,4 4,South,1,5,10
2,2,6,3,1436.807,4 4,West,1,5,10
2,2,6,2,1437.356,4 3,West,1,5,10
2,2,6,2,1438.074,4 2,West,1,5,10
2,2,6,3,1438.757,4 2,North,1,5,10
2,2,6,2,1439.292,3 2,North,1,5,10
2,2,6,1,1439.941,3 2,West,1,5,10
2,2,6,2,1440.605,3 2,West,1,5,11
2,2,6,2,1441.141,3 2,West,1,5,12
2,2,6,3,1441.692,3 2,North,1,5,12
2,2,6,2,1442.297,2 2,North,1,5,12
2,2,6,1,1442.965,2 2,West,1,5,12
2,2,6,2,1443.609,2 1,West,1,5,12
2,2,6,2,1444.366,2 1,West,1,5,13
2,2,6,3,1444.841,2 1,North,1,5,13
2,2,6,2,1445.452,1 1,North,1,5,13
2,2,6,1,1446.022,1 1,West,1,5,13
2,2,6,2,1446.79,1 0,West,1,5,13
2,2,6,6,1447.2,1 0,West,1,6,13
2,2,6,1,1447.605,1 0,South,1,6,13
2,2,6,2,1448.598,2 0,South,1,6,13
2,2,6,2,1449.289,2 0,South,1,6,14
2,2,6,1,1449.757,2 0,East,1,6,14
2,2,6,2,1450.364,2 0,East,1,6,15
2,2,6,1,1451.255,2 0,North,1,6,15
2,2,6,2,1451.833,1 0,North,1,6,15
2,2,6,3,1452.445,1 0,East,1,6,15
2,2,6,2,1453.052,1 1,East,1,6,15
2,2,6,2,1453.774,1 2,East,1,6,15
2,2,6,3,1454.396,1 2,South,1,6,15
2,2,6,2,1455.099,1 2,South,1,6,16
2,2,6,1,1455.597,1 2,East,1,6,16
2,2,6,2,1456.185,1 2,East,1,6,17
2,2,6,1,1456.773,1 2,North,1,6,17
2,2,6,2,1457.356,1 2,North,1,6,18
2,2,6,1,1457.881,1 2,West,1,6,18
2,2,6,2,1458.501,1 1,West,1,6,18
2,2,6,1,1459.093,1 1,South,1,6,18
2,2,6,2,1459.693,2 1,South,1,6,18
2,2,6,2,1460.446,3 1,South,1,6,18
2,2,6,6,1460.82,3 1,South,1,7,18
2,2,6,3,1461.322,3 1,West,1,7,18
2,2,6,2,1462.121,3 0,West,1,7,18
2,2,6,6,1462.52,3 0,West,1,8,18
0,7,19,2,6477.975,3 4,North,4,0,4
0,7,19,2,6479.179,2 4,North,4,0,4
0,7,19,1,6479.988,2 4,West,4,0,4
0,7,19,1,6481.559,2 4,South,4,0,4
0,7,19,2,6482.458,3 4,South,4,0,4
0,7,19,2,6483.353,4 4,South,4,0,4
0,7,19,3,6484.298,4 4,West,4,0,4
0,7,19,3,6486.664,4 4,North,4,0,4
0,7,19,1,6509.335,4 4,West,4,0,4
0,7,19,2,6512.568,4 3,West,4,0,4
0,7,19,6,6512.98,4 3,West,4,1,4
0,7,19,2,6513.671,4 2,West,4,1,4
0,7,19,3,6515.764,4 2,North,4,1,4
0,7,19,3,6516.308,4 2,East,4,1,4
0,7,19,2,6516.952,4 3,East,4,1,4
0,7,19,2,6517.608,4 4,East,4,1,4
0,7,19,1,6518.342,4 4,North,4,1,4
0,7,19,1,6519.578,4 4,West,4,1,4
0,7,19,2,6520.313,4 3,West,4,1,4
0,7,19,2,6520.932,4 2,West,4,1,4
0,7,19,3,6521.651,4 2,North,4,1,4
0,7,19,2,6522.652,3 2,North,4,1,4
0,7,19,2,6524.042,2 2,North,4,1,4
0,7,19,1,6524.698,2 2,West,4,1,4
0,7,19,2,6525.609,2 1,West,4,1,4
0,7,19,1,6526.316,2 1,South,4,1,4
0,7,19,2,6529.083,3 1,South,4,1,4
0,7,19,2,6529.724,4 1,South,4,1,4
0,7,19,3,6530.237,4 1,West,4,1,4
0,7,19,2,6531.291,4 0,West,4,1,4
0,7,19,3,6531.88,4 0,North,4,1,4
0,7,19,2,6533.157,3 0,North,4,1,4
0,7,19,2,6533.733,2 0,North,4,1,4
0,7,19,2,6534.604,1 0,North,4,1,4
0,7,19,3,6535.525,1 0,East,4,1,4
0,7,19,2,6536.373,1 1,East,4,1,4
0,7,19,3,6536.939,1 1,South,4,1,4
0,7,19,2,6537.638,2 1,South,4,1,4
0,7,19,1,6538.677,2 1,East,4,1,4
0,7,19,2,6539.339,2 2,East,4,1,4
0,7,19,2,6539.944,2 3,East,4,1,4
0,7,19,1,6540.507,2 3,North,4,1,4
0,7,19,2,6541.207,1 3,North,4,1,4
0,7,19,2,6541.926,0 3,North,4,1,4
0,7,19,1,6542.436,0 3,West,4,1,4
0,7,19,3,6543.478,0 3,North,4,1,4
0,7,19,3,6544.153,0 3,East,4,1,4
0,7,19,2,6544.868,0 4,East,4,1,4
0,7,19,3,6545.594,0 4,South,4,1,4
0,7,19,3,6546.314,0 4,West,4,1,4
0,7,19,2,6546.983,0 3,West,4,1,4
0,7,19,2,6547.517,0 2,West,4,1,4
0,7,19,1,6548.169,0 2,South,4,1,4
0,7,19,2,6548.723,1 2,South,4,1,4
0,7,19,6,6549.1,1 2,South,4,2,4
0,7,19,1,6549.466,1 2,East,4,2,4
0,7,19,1,6550.041,1 2,North,4,2,4
0,7,19,2,6550.634,0 2,North,4,2,4
0,7,19,3,6551.557,0 2,East,4,2,4
0,7,19,2,6552.244,0 3,East,4,2,4
0,7,19,3,6552.756,0 3,South,4,2,4
0,7,19,2,6553.371,1 3,South,4,2,4
0,7,19,1,6553.992,1 3,East,4,2,4
0,7,19,2,6554.957,1 4,East,4,2,4
0,7,19,3,6555.98,1 4,South,4,2,4
0,7,19,2,6556.664,2 4,South,4,2,4
0,7,19,2,6557.417,3 4,South,4,2,4
0,7,19,2,6558.247,4 4,South,4,2,4
0,7,19,3,6559.238,4 4,West,4,2,4
0,7,19,3,6559.849,4 4,North,4,2,4
0,7,19,2,6561.565,3 4,North,4,2,4
0,7,19,2,6562.347,2 4,North,4,2,4
0,7,19,1,6563.437,2 4,West,4,2,4
0,7,19,3,6564.364,2 4,North,4,2,4
0,7,19,2,6565.117,1 4,North,4,2,4
0,7,19,1,6565.979,1 4,West,4,2,4
0,7,19,2,6566.887,1 3,West,4,2,4
0,7,19,3,6567.479,1 3,North,4,2,4
0,7,19,2,6568.137,0 3,North,4,2,4
0,7,19,3,6568.744,0 3,East,4,2,4
0,7,19,1,6569.895,0 3,North,4,2,4
0,7,19,1,6571.909,0 3,West,4,2,4
0,7,19,2,6572.683,0 2,West,4,2,4
0,7,19,2,6573.723,0 1,West,4,2,4
0,7,19,2,6574.47,0 0,West,4,2,4
0,7,19,1,6575.561,0 0,South,4,2,4
0,7,19,1,6576.521,0 0,East,4,2,4
0,7,19,2,6577.141,0 1,East,4,2,4
0,7,19,2,6577.909,0 2,East,4,2,4
0,7,19,2,6578.635,0 3,East,4,2,4
0,7,19,3,6579.225,0 3,South,4,2,4
0,7,19,2,6579.881,1 3,South,4,2,4
0,7,19,1,6580.571,1 3,East,4,2,4
0,7,19,2,6581.148,1 4,East,4,2,4
0,7,19,3,6581.66,1 4,South,4,2,4
0,7,19,2,6582.219,2 4,South,4,2,4
0,7,19,2,6582.889,3 4,South,4,2,4
0,7,19,2,6583.782,4 4,South,4,2,4
0,7,19,1,6584.485,4 4,East,4,2,4
0,7,19,1,6585.229,4 4,North,4,2,4
0,7,19,2,6585.893,3 4,North,4,2,4
0,7,19,2,6586.5,2 4,North,4,2,4
0,7,19,2,6587.078,1 4,North,4,2,4
0,7,19,1,6587.753,1 4,West,4,2,4
0,7,19,2,6588.504,1 3,West,4,2,4
0,7,19,3,6589.256,1 3,North,4,2,4
0,7,19,2,6590.232,0 3,North,4,2,4
0,7,19,1,6593.942,0 3,West,4,2,4
0,7,19,2,6595.16,0 2,West,4,2,4
0,7,19,2,6595.722,0 1,West,4,2,4
0,7,19,2,6596.379,0 0,West,4,2,4
0,7,19,1,6597.068,0 0,South,4,2,4
0,7,19,1,6597.676,0 0,East,4,2,4
0,7,19,2,6598.326,0 1,East,4,2,4
0,7,19,2,6598.889,0 2,East,4,2,4
0,7,19,2,6599.75,0 3,East,4,2,4
0,7,19,3,6600.309,0 3,South,4,2,4
0,7,19,2,6600.957,1 3,South,4,2,4
0,7,19,1,6601.606,1 3,East,4,2,4
0,7,19,2,6602.283,1 4,East,4,2,4
0,7,19,3,6602.844,1 4,South,4,2,4
0,7,19,2,6603.451,2 4,South,4,2,4
0,7,19,2,6604.156,3 4,South,4,2,4
0,7,19,2,6604.813,4 4,South,4,2,4
0,7,19,3,6605.671,4 4,West,4,2,4
0,7,19,3,6606.33,4 4,North,4,2,4
0,7,19,1,6607.336,4 4,West,4,2,4
0,7,19,2,6608.093,4 3,West,4,2,4
0,7,19,2,6608.836,4 2,West,4,2,4
0,7,19,3,6609.524,4 2,North,4,2,4
0,7,19,2,6610.138,3 2,North,4,2,4
0,7,19,2,6610.758,2 2,North,4,2,4
0,7,19,3,6611.485,2 2,East,4,2,4
0,7,19,1,6612.406,2 2,North,4,2,4
0,7,19,1,6613.027,2 2,West,4,2,4
0,7,19,2,6613.851,2 1,West,4,2,4
0,7,19,1,6614.55,2 1,South,4,2,4
0,7,19,2,6615.627,3 1,South,4,2,4
0,7,19,2,6617.019,4 1,South,4,2,4
0,7,19,6,6617.4,4 1,South,4,3,4
0,7,19,3,6617.756,4 1,West,4,3,4
0,7,19,2,6618.548,4 0,West,4,3,4
0,7,19,3,6619.197,4 0,North,4,3,4
0,7,19,2,6620.138,3 0,North,4,3,4
0,7,19,2,6620.681,2 0,North,4,3,4
0,7,19,2,6621.35,1 0,North,4,3,4
0,7,19,3,6621.931,1 0,East,4,3,4
0,7,19,2,6622.758,1 1,East,4,3,4
0,7,19,3,6623.383,1 1,South,4,3,4
0,7,19,2,6627.894,2 1,South,4,3,4
0,7,19,2,6628.485,3 1,South,4,3,4
0,7,19,2,6629.305,4 1,South,4,3,4
0,7,19,3,6630.136,4 1,West,4,3,4
0,7,19,3,6631.271,4 1,North,4,3,4
0,7,19,2,6631.853,3 1,North,4,3,4
0,7,19,2,6632.426,2 1,North,4,3,4
0,7,19,3,6633.372,2 1,East,4,3,4
0,7,19,2,6633.957,2 2,East,4,3,4
0,7,19,2,6634.679,2 3,East,4,3,4
0,7,19,2,6635.321,2 4,East,4,3,4
0,7,19,3,6636.185,2 4,South,4,3,4
0,7,19,2,6636.717,3 4,South,4,3,4
0,7,19,6,6637.1,3 4,South,4,4,4
0,7,19,2,6637.51,4 4,South,4,4,4
0,7,19,3,6638.281,4 4,West,4,4,4
0,7,19,2,6639.396,4 3,West,4,4,4
0,7,19,2,6640.005,4 2,West,4,4,4
0,7,19,3,6640.598,4 2,North,4,4,4
0,7,19,2,6641.321,3 2,North,4,4,4
0,7,19,2,6641.894,2 2,North,4,4,4
0,7,19,1,6642.485,2 2,West,4,4,4
0,7,19,2,6644.458,2 1,West,4,4,4
0,7,19,6,6644.86,2 1,West,4,5,4
0,7,19,3,6646.158,2 1,North,4,5,4
0,7,19,2,6646.855,1 1,North,4,5,4
0,7,19,1,6647.702,1 1,West,4,5,4
0,7,19,2,6648.937,1 0,West,4,5,4
0,7,19,1,6649.546,1 0,South,4,5,4
0,7,19,2,6650.119,2 0,South,4,5,4
0,7,19,2,6650.664,3 0,South,4,5,4
0,7,19,2,6651.247,4 0,South,4,5,4
0,7,19,1,6651.769,4 0,East,4,5,4
0,7,19,2,6652.38,4 1,East,4,5,4
0,7,19,1,6652.964,4 1,North,4,5,4
0,7,19,2,6653.638,3 1,North,4,5,4
0,7,19,3,6654.407,3 1,East,4,5,4
0,7,19,1,6655.333,3 1,North,4,5,4
0,7,19,2,6655.957,2 1,North,4,5,4
0,7,19,3,6656.873,2 1,East,4,5,4
0,7,19,2,6657.526,2 2,East,4,5,4
0,7,19,3,6658.125,2 2,South,4,5,4
0,7,19,2,6658.758,3 2,South,4,5,4
0,7,19,2,6659.546,4 2,South,4,5,4
0,7,19,1,6660.06,4 2,East,4,5,4
0,7,19,2,6660.699,4 3,East,4,5,4
0,7,19,2,6661.591,4 4,East,4,5,4
0,7,19,1,6662.199,4 4,North,4,5,4
0,7,19,2,6662.791,3 4,North,4,5,4
0,7,19,2,6663.317,2 4,North,4,5,4
0,7,19,2,6664.051,1 4,North,4,5,4
0,7,19,1,6664.681,1 4,West,4,5,4
0,7,19,2,6665.302,1 3,West,4,5,4
0,7,19,3,6665.819,1 3,North,4,5,4
0,7,19,2,6666.411,0 3,North,4,5,4
0,7,19,6,6666.78,0 3,North,4,6,4
0,7,19,1,6667.32,0 3,West,4,6,4
0,7,19,1,6668.542,0 3,South,4,6,4
0,7,19,1,6669.195,0 3,East,4,6,4
0,7,19,3,6669.72,0 3,South,4,6,4
0,7,19,2,6670.244,1 3,South,4,6,4
0,7,19,1,6670.839,1 3,East,4,6,4
0,7,19,2,6671.701,1 4,East,4,6,4
0,7,19,3,6672.603,1 4,South,4,6,4
0,7,19,2,6673.148,2 4,South,4,6,4
0,7,19,2,6673.69,3 4,South,4,6,4
0,7,19,2,6674.281,4 4,South,4,6,4
0,7,19,3,6674.919,4 4,West,4,6,4
0,7,19,2,6675.608,4 3,West,4,6,4
0,7,19,2,6676.201,4 2,West,4,6,4
0,7,19,3,6676.805,4 2,North,4,6,4
0,7,19,2,6677.381,3 2,North,4,6,4
0,7,19,2,6677.94,2 2,North,4,6,4
0,7,19,1,6678.521,2 2,West,4,6,4
0,7,19,2,6679.24,2 1,West,4,6,4
0,7,19,1,6680.087,2 1,South,4,6,4
0,7,19,2,6680.758,3 1,South,4,6,4
0,7,19,6,6681.14,3 1,South,4,7,4
0,7,19,1,6681.517,3 1,East,4,7,4
0,7,19,1,6682.516,3 1,North,4,7,4
0,7,19,2,6683.063,2 1,North,4,7,4
0,7,19,2,6683.814,1 1,North,4,7,4
0,7,19,1,6684.407,1 1,West,4,7,4
0,7,19,2,6685.084,1 0,West,4,7,4
0,7,19,1,6685.612,1 0,South,4,7,4
0,7,19,2,6686.31,2 0,South,4,7,4
0,7,19,2,6686.999,3 0,South,4,7,4
0,7,19,2,6687.688,4 0,South,4,7,4
0,7,19,1,6688.23,4 0,East,4,7,4
0,7,19,2,6688.744,4 1,East,4,7,4
0,7,19,1,6689.678,4 1,North,4,7,4
0,7,19,2,6690.253,3 1,North,4,7,4
0,7,19,2,6690.808,2 1,North,4,7,4
0,7,19,3,6691.686,2 1,East,4,7,4
0,7,19,2,6692.25,2 2,East,4,7,4
0,7,19,2,6693.082,2 3,East,4,7,4
0,7,19,2,6693.964,2 4,East,4,7,4
0,7,19,3,6694.477,2 4,South,4,7,4
0,7,19,2,6695.003,3 4,South,4,7,4
0,7,19,2,6695.668,4 4,South,4,7,4
0,7,19,3,6696.33,4 4,West,4,7,4
0,7,19,3,6696.919,4 4,North,4,7,4
0,7,19,2,6697.703,3 4,North,4,7,4
0,7,19,2,6698.652,2 4,North,4,7,4
0,7,19,2,6699.22,1 4,North,4,7,4
0,7,19,1,6699.816,1 4,West,4,7,4
0,7,19,2,6700.524,1 3,West,4,7,4
0,7,19,3,6701.132,1 3,North,4,7,4
0,7,19,2,6701.771,0 3,North,4,7,4
0,7,19,3,6702.435,0 3,East,4,7,4
0,7,19,2,6702.989,0 4,East,4,7,4
0,7,19,6,6703.4,0 4,East,4,8,4
2,7,19,2,6708.253,3 4,North,4,0,0
2,7,19,1,6709.433,3 4,West,4,0,0
2,7,19,3,6710.039,3 4,North,4,0,0
2,7,19,2,6710.765,2 4,North,4,0,0
2,7,19,2,6711.373,1 4,North,4,0,0
2,7,19,1,6711.943,1 4,West,4,0,0
2,7,19,2,6712.582,1 3,West,4,0,0
2,7,19,3,6713.147,1 3,North,4,0,0
2,7,19,2,6713.799,0 3,North,4,0,0
2,7,19,3,6714.805,0 3,East,4,0,0
2,7,19,2,6715.433,0 4,East,4,0,0
2,7,19,6,6715.84,0 4,East,4,1,0
2,7,19,3,6716.196,0 4,South,4,1,0
2,7,19,3,6717.083,0 4,West,4,1,0
2,7,19,2,6717.781,0 3,West,4,1,0
2,7,19,1,6718.424,0 3,South,4,1,0
2,7,19,2,6719.07,1 3,South,4,1,0
2,7,19,2,6720.06,2 3,South,4,1,0
2,7,19,2,6720.697,2 3,South,4,1,1
2,7,19,1,6721.194,2 3,East,4,1,1
2,7,19,2,6721.765,2 4,East,4,1,1
2,7,19,3,6722.662,2 4,South,4,1,1
2,7,19,2,6723.333,3 4,South,4,1,1
2,7,19,2,6723.927,4 4,South,4,1,1
2,7,19,3,6724.681,4 4,West,4,1,1
2,7,19,2,6725.581,4 3,West,4,1,1
2,7,19,2,6726.183,4 2,West,4,1,1
2,7,19,3,6726.845,4 2,North,4,1,1
2,7,19,2,6727.454,3 2,North,4,1,1
2,7,19,2,6728.038,2 2,North,4,1,1
2,7,19,1,6728.583,2 2,West,4,1,1
2,7,19,2,6729.207,2 1,West,4,1,1
2,7,19,6,6729.62,2 1,West,4,2,1
2,7,19,1,6729.997,2 1,South,4,2,1
2,7,19,1,6730.537,2 1,East,4,2,1
2,7,19,2,6731.705,2 2,East,4,2,1
2,7,19,1,6733.273,2 2,North,4,2,1
2,7,19,2,6734.153,2 2,North,4,2,2
2,7,19,1,6734.566,2 2,West,4,2,2
2,7,19,2,6735.145,2 1,West,4,2,2
2,7,19,3,6735.796,2 1,North,4,2,2
2,7,19,2,6736.44,1 1,North,4,2,2
2,7,19,3,6737.364,1 1,East,4,2,2
2,7,19,2,6737.981,1 1,East,4,2,3
2,7,19,1,6738.412,1 1,North,4,2,3
2,7,19,2,6739.095,1 1,North,4,2,4
2,7,19,1,6739.593,1 1,West,4,2,4
2,7,19,2,6740.293,1 0,West,4,2,4
2,7,19,3,6741.211,1 0,North,4,2,4
2,7,19,2,6741.917,1 0,North,4,2,5
2,7,19,1,6742.424,1 0,West,4,2,5
2,7,19,1,6743.317,1 0,South,4,2,5
2,7,19,2,6744.007,2 0,South,4,2,5
2,7,19,2,6744.748,3 0,South,4,2,5
2,7,19,1,6745.579,3 0,East,4,2,5
2,7,19,2,6746.295,3 0,East,4,2,6
2,7,19,3,6746.805,3 0,South,4,2,6
2,7,19,2,6747.498,4 0,South,4,2,6
2,7,19,1,6748.124,4 0,East,4,2,6
2,7,19,2,6748.746,4 1,East,4,2,6
2,7,19,2,6749.544,4 1,East,4,2,7
2,7,19,1,6750.231,4 1,North,4,2,7
2,7,19,2,6752.952,3 1,North,4,2,7
2,7,19,2,6753.705,2 1,North,4,2,7
2,7,19,2,6754.474,1 1,North,4,2,7
2,7,19,3,6755.133,1 1,East,4,2,7
2,7,19,2,6755.813,1 1,East,4,2,8
2,7,19,1,6756.294,1 1,North,4,2,8
2,7,19,2,6756.966,1 1,North,4,2,9
2,7,19,3,6757.38,1 1,East,4,2,9
2,7,19,3,6758.107,1 1,South,4,2,9
2,7,19,3,6758.938,1 1,West,4,2,9
2,7,19,3,6760.427,1 1,North,4,2,9
2,7,19,2,6761.204,1 1,North,4,2,10
2,7,19,3,6761.749,1 1,East,4,2,10
2,7,19,3,6762.358,1 1,South,4,2,10
2,7,19,2,6763.333,2 1,South,4,2,10
2,7,19,2,6764.056,3 1,South,4,2,10
2,7,19,2,6764.777,4 1,South,4,2,10
2,7,19,1,6765.462,4 1,East,4,2,10
2,7,19,2,6766.102,4 1,East,4,2,11
2,7,19,1,6766.617,4 1,North,4,2,11
2,7,19,1,6767.469,4 1,West,4,2,11
2,7,19,2,6768.123,4 0,West,4,2,11
2,7,19,1,6768.729,4 0,South,4,2,11
2,7,19,1,6769.285,4 0,East,4,2,11
2,7,19,2,6769.8,4 1,East,4,2,11
2,7,19,2,6770.362,4 1,East,4,2,12
2,7,19,1,6770.918,4 1,North,4,2,12
2,7,19,2,6771.547,3 1,North,4,2,12
2,7,19,3,6772.133,3 1,East,4,2,12
2,7,19,2,6772.757,3 1,East,4,2,13
2,7,19,1,6773.434,3 1,North,4,2,13
2,7,19,2,6774.332,2 1,North,4,2,13
2,7,19,3,6774.985,2 1,East,4,2,13
2,7,19,2,6775.628,2 2,East,4,2,13
2,7,19,3,6776.262,2 2,South,4,2,13
2,7,19,2,6776.845,3 2,South,4,2,13
2,7,19,2,6777.502,4 2,South,4,2,13
2,7,19,1,6778.086,4 2,East,4,2,13
2,7,19,2,6778.664,4 3,East,4,2,13
2,7,19,2,6779.309,4 4,East,4,2,13
2,7,19,1,6780.183,4 4,North,4,2,13
2,7,19,1,6780.813,4 4,West,4,2,13
2,7,19,3,6782.041,4 4,North,4,2,13
2,7,19,2,6786.727,3 4,North,4,2,13
2,7,19,2,6787.288,2 4,North,4,2,13
2,7,19,2,6787.85,1 4,North,4,2,13
2,7,19,1,6788.505,1 4,West,4,2,13
2,7,19,2,6789.389,1 3,West,4,2,13
2,7,19,3,6790.022,1 3,North,4,2,13
2,7,19,2,6790.789,0 3,North,4,2,13
2,7,19,1,6791.302,0 3,West,4,2,13
2,7,19,2,6791.941,0 2,West,4,2,13
2,7,19,1,6792.476,0 2,South,4,2,13
2,7,19,2,6793.13,1 2,South,4,2,13
2,7,19,6,6793.52,1 2,South,4,3,13
2,7,19,1,6794.861,1 2,East,4,3,13
2,7,19,1,6795.656,1 2,North,4,3,13
2,7,19,2,6796.284,0 2,North,4,3,13
2,7,19,3,6796.809,0 2,East,4,3,13
2,7,19,2,6797.446,0 3,East,4,3,13
2,7,19,3,6798.052,0 3,South,4,3,13
2,7,19,2,6798.661,1 3,South,4,3,13
2,7,19,2,6799.288,2 3,South,4,3,13
2,7,19,1,6799.813,2 3,East,4,3,13
2,7,19,2,6800.453,2 4,East,4,3,13
2,7,19,3,6800.965,2 4,South,4,3,13
2,7,19,2,6801.517,3 4,South,4,3,13
2,7,19,2,6802.229,4 4,South,4,3,13
2,7,19,3,6802.906,4 4,West,4,3,13
2,7,19,2,6803.678,4 3,West,4,3,13
2,7,19,2,6804.229,4 2,West,4,3,13
2,7,19,3,6805,4 2,North,4,3,13
2,7,19,2,6805.674,3 2,North,4,3,13
2,7,19,1,6806.635,3 2,West,4,3,13
2,7,19,2,6807.22,3 2,West,4,3,14
2,7,19,3,6807.636,3 2,North,4,3,14
2,7,19,2,6808.279,2 2,North,4,3,14
2,7,19,1,6808.804,2 2,West,4,3,14
2,7,19,2,6809.416,2 1,West,4,3,14
2,7,19,1,6810.094,2 1,South,4,3,14
2,7,19,2,6810.771,3 1,South,4,3,14
2,7,19,6,6811.16,3 1,South,4,4,14
2,7,19,2,6811.629,4 1,South,4,4,14
2,7,19,1,6812.471,4 1,East,4,4,14
2,7,19,1,6813.158,4 1,North,4,4,14
2,7,19,3,6813.981,4 1,East,4,4,14
2,7,19,2,6814.644,4 1,East,4,4,15
2,7,19,1,6815.128,4 1,North,4,4,15
2,7,19,2,6815.783,3 1,North,4,4,15
2,7,19,3,6816.475,3 1,East,4,4,15
2,7,19,2,6817.142,3 1,East,4,4,16
2,7,19,1,6817.589,3 1,North,4,4,16
2,7,19,2,6818.201,2 1,North,4,4,16
2,7,19,3,6818.726,2 1,East,4,4,16
2,7,19,2,6819.252,2 2,East,4,4,16
2,7,19,2,6819.959,2 3,East,4,4,16
2,7,19,3,6820.486,2 3,South,4,4,16
2,7,19,2,6821.286,2 3,South,4,4,17
2,7,19,1,6821.815,2 3,East,4,4,17
2,7,19,2,6822.405,2 4,East,4,4,17
2,7,19,3,6822.984,2 4,South,4,4,17
2,7,19,2,6824.085,3 4,South,4,4,17
2,7,19,2,6824.757,4 4,South,4,4,17
2,7,19,1,6825.369,4 4,East,4,4,17
2,7,19,1,6826.297,4 4,North,4,4,17
2,7,19,2,6826.905,3 4,North,4,4,17
2,7,19,2,6827.564,2 4,North,4,4,17
2,7,19,2,6828.438,1 4,North,4,4,17
2,7,19,1,6829.063,1 4,West,4,4,17
2,7,19,2,6829.657,1 3,West,4,4,17
2,7,19,6,6830.06,1 3,West,4,5,17
2,7,19,1,6830.428,1 3,South,4,5,17
2,7,19,1,6831.05,1 3,East,4,5,17
2,7,19,2,6831.689,1 4,East,4,5,17
2,7,19,3,6832.262,1 4,South,4,5,17
2,7,19,2,6832.782,2 4,South,4,5,17
2,7,19,2,6833.37,3 4,South,4,5,17
2,7,19,2,6833.962,4 4,South,4,5,17
2,7,19,3,6834.604,4 4,West,4,5,17
2,7,19,2,6835.115,4 3,West,4,5,17
2,7,19,2,6835.831,4 2,West,4,5,17
2,7,19,6,6836.24,4 2,West,4,6,17
2,7,19,3,6837.03,4 2,North,4,6,17
2,7,19,3,6837.739,4 2,East,4,6,17
2,7,19,2,6838.317,4 3,East,4,6,17
2,7,19,2,6838.888,4 4,East,4,6,17
2,7,19,1,6839.451,4 4,North,4,6,17
2,7,19,2,6840.345,3 4,North,4,6,17
2,7,19,2,6840.922,2 4,North,4,6,17
2,7,19,6,6841.3,2 4,North,4,7,17
2,7,19,1,6841.7,2 4,West,4,7,17
2,7,19,1,6842.726,2 4,South,4,7,17
2,7,19,2,6843.301,3 4,South,4,7,17
2,7,19,2,6843.895,4 4,South,4,7,17
2,7,19,3,6844.452,4 4,West,4,7,17
2,7,19,2,6845.063,4 3,West,4,7,17
2,7,19,2,6845.603,4 2,West,4,7,17
2,7,19,3,6846.174,4 2,North,4,7,17
2,7,19,2,6846.71,3 2,North,4,7,17
2,7,19,2,6847.448,2 2,North,4,7,17
2,7,19,1,6847.974,2 2,West,4,7,17
2,7,19,2,6848.617,2 1,West,4,7,17
2,7,19,2,6849.403,2 1,West,4,7,18
2,7,19,1,6849.928,2 1,South,4,7,18
2,7,19,2,6850.908,3 1,South,4,7,18
2,7,19,3,6851.431,3 1,West,4,7,18
2,7,19,2,6852.071,3 1,West,4,7,19
2,7,19,3,6852.52,3 1,North,4,7,19
2,7,19,2,6853.033,2 1,North,4,7,19
2,7,19,2,6853.739,1 1,North,4,7,19
2,7,19,1,6854.277,1 1,West,4,7,19
2,7,19,2,6854.92,1 0,West,4,7,19
2,7,19,1,6855.495,1 0,South,4,7,19
2,7,19,2,6856.107,2 0,South,4,7,19
2,7,19,6,6856.48,2 0,South,4,8,19
0,7,20,2,6861.164,3 4,North,4,0,19
0,7,20,1,6863.061,3 4,West,4,0,19
0,7,20,1,6863.767,3 4,South,4,0,19
0,7,20,2,6864.444,4 4,South,4,0,19
0,7,20,3,6865.1,4 4,West,4,0,19
0,7,20,3,6865.699,4 4,North,4,0,19
0,7,20,2,6866.325,3 4,North,4,0,19
0,7,20,2,6866.953,2 4,North,4,0,19
0,7,20,6,6867.34,2 4,North,4,1,19
0,7,20,2,6867.603,1 4,North,4,1,19
0,7,20,1,6868.598,1 4,West,4,1,19
0,7,20,2,6869.529,1 3,West,4,1,19
0,7,20,3,6870.166,1 3,North,4,1,19
0,7,20,2,6870.869,0 3,North,4,1,19
0,7,20,1,6871.655,0 3,West,4,1,19
0,7,20,2,6872.297,0 2,West,4,1,19
0,7,20,2,6872.888,0 1,West,4,1,19
0,7,20,2,6873.507,0 0,West,4,1,19
0,7,20,1,6874.135,0 0,South,4,1,19
0,7,20,1,6874.921,0 0,East,4,1,19
0,7,20,2,6875.516,0 1,East,4,1,19
0,7,20,2,6876.107,0 2,East,4,1,19
0,7,20,2,6876.807,0 3,East,4,1,19
0,7,20,3,6877.349,0 3,South,4,1,19
0,7,20,2,6877.959,1 3,South,4,1,19
0,7,20,1,6878.522,1 3,East,4,1,19
0,7,20,2,6879.113,1 4,East,4,1,19
0,7,20,3,6879.654,1 4,South,4,1,19
0,7,20,2,6880.203,2 4,South,4,1,19
0,7,20,2,6880.746,3 4,South,4,1,19
0,7,20,2,6881.287,4 4,South,4,1,19
0,7,20,3,6881.869,4 4,West,4,1,19
0,7,20,2,6882.427,4 3,West,4,1,19
0,7,20,2,6882.969,4 2,West,4,1,19
0,7,20,3,6883.51,4 2,North,4,1,19
0,7,20,2,6884.038,3 2,North,4,1,19
0,7,20,2,6884.599,2 2,North,4,1,19
0,7,20,1,6885.149,2 2,West,4,1,19
0,7,20,2,6885.768,2 1,West,4,1,19
0,7,20,3,6886.311,2 1,North,4,1,19
0,7,20,2,6887.116,1 1,North,4,1,19
0,7,20,1,6887.766,1 1,West,4,1,19
0,7,20,2,6888.403,1 0,West,4,1,19
0,7,20,1,6889.525,1 0,South,4,1,19
0,7,20,2,6890.103,2 0,South,4,1,19
0,7,20,2,6890.716,3 0,South,4,1,19
0,7,20,2,6891.288,4 0,South,4,1,19
0,7,20,6,6891.66,4 0,South,4,2,19
0,7,20,1,6892.218,4 0,East,4,2,19
0,7,20,2,6892.829,4 1,East,4,2,19
0,7,20,1,6893.814,4 1,North,4,2,19
0,7,20,2,6894.503,3 1,North,4,2,19
0,7,20,2,6895.26,2 1,North,4,2,19
0,7,20,2,6896.106,1 1,North,4,2,19
0,7,20,6,6896.48,1 1,North,4,3,19
0,7,20,1,6896.778,1 1,West,4,3,19
0,7,20,1,6897.419,1 1,South,4,3,19
0,7,20,2,6897.994,2 1,South,4,3,19
0,7,20,2,6898.537,3 1,South,4,3,19
0,7,20,1,6899.701,3 1,East,4,3,19
0,7,20,1,6900.23,3 1,North,4,3,19
0,7,20,2,6900.796,2 1,North,4,3,19
0,7,20,3,6901.402,2 1,East,4,3,19
0,7,20,2,6902.024,2 2,East,4,3,19
0,7,20,3,6902.647,2 2,South,4,3,19
0,7,20,2,6903.191,3 2,South,4,3,19
0,7,20,2,6903.704,4 2,South,4,3,19
0,7,20,1,6904.565,4 2,East,4,3,19
0,7,20,1,6905.368,4 2,North,4,3,19
0,7,20,2,6906.153,3 2,North,4,3,19
0,7,20,2,6906.68,2 2,North,4,3,19
0,7,20,1,6907.307,2 2,West,4,3,19
0,7,20,2,6907.974,2 1,West,4,3,19
0,7,20,3,6908.615,2 1,North,4,3,19
0,7,20,2,6909.419,1 1,North,4,3,19
0,7,20,1,6909.945,1 1,West,4,3,19
0,7,20,2,6910.583,1 0,West,4,3,19
0,7,20,1,6911.368,1 0,South,4,3,19
0,7,20,2,6912.007,2 0,South,4,3,19
0,7,20,2,6912.744,3 0,South,4,3,19
0,7,20,6,6913.12,3 0,South,4,4,19
0,7,20,2,6913.563,4 0,South,4,4,19
0,7,20,1,6914.756,4 0,East,4,4,19
0,7,20,2,6915.415,4 1,East,4,4,19
0,7,20,1,6916.044,4 1,North,4,4,19
0,7,20,2,6916.649,3 1,North,4,4,19
0,7,20,2,6917.26,2 1,North,4,4,19
0,7,20,3,6917.892,2 1,East,4,4,19
0,7,20,2,6918.937,2 2,East,4,4,19
0,7,20,3,6919.516,2 2,South,4,4,19
0,7,20,2,6920.137,3 2,South,4,4,19
0,7,20,2,6920.888,4 2,South,4,4,19
0,7,20,6,6921.26,4 2,South,4,5,19
0,7,20,1,6921.462,4 2,East,4,5,19
0,7,20,2,6922.061,4 3,East,4,5,19
0,7,20,2,6922.621,4 4,East,4,5,19
0,7,20,1,6923.19,4 4,North,4,5,19
0,7,20,2,6923.775,3 4,North,4,5,19
0,7,20,2,6924.74,2 4,North,4,5,19
0,7,20,2,6925.289,1 4,North,4,5,19
0,7,20,1,6925.833,1 4,West,4,5,19
0,7,20,2,6926.473,1 3,West,4,5,19
0,7,20,3,6927.031,1 3,North,4,5,19
0,7,20,2,6927.62,0 3,North,4,5,19
0,7,20,1,6928.538,0 3,West,4,5,19
0,7,20,2,6929.081,0 2,West,4,5,19
0,7,20,2,6930.169,0 1,West,4,5,19
0,7,20,2,6930.853,0 0,West,4,5,19
0,7,20,6,6931.26,0 0,West,4,6,19
0,7,20,1,6931.476,0 0,South,4,6,19
0,7,20,1,6932.126,0 0,East,4,6,19
0,7,20,2,6932.729,0 1,East,4,6,19
0,7,20,2,6933.735,0 2,East,4,6,19
0,7,20,2,6934.442,0 3,East,4,6,19
0,7,20,3,6935.401,0 3,South,4,6,19
0,7,20,2,6936.025,1 3,South,4,6,19
0,7,20,1,6936.569,1 3,East,4,6,19
0,7,20,2,6937.207,1 4,East,4,6,19
0,7,20,3,6937.749,1 4,South,4,6,19
0,7,20,2,6938.651,2 4,South,4,6,19
0,7,20,2,6939.223,3 4,South,4,6,19
0,7,20,2,6939.755,4 4,South,4,6,19
0,7,20,3,6940.344,4 4,West,4,6,19
0,7,20,2,6941.207,4 3,West,4,6,19
0,7,20,3,6942.253,4 3,North,4,6,19
0,7,20,2,6942.999,3 3,North,4,6,19
0,7,20,6,6943.38,3 3,North,4,7,19
0,7,20,1,6943.748,3 3,West,4,7,19
0,7,20,3,6944.631,3 3,North,4,7,19
0,7,20,3,6945.29,3 3,East,4,7,19
0,7,20,2,6945.899,3 4,East,4,7,19
0,7,20,1,6946.441,3 4,North,4,7,19
0,7,20,2,6946.97,2 4,North,4,7,19
0,7,20,2,6947.512,1 4,North,4,7,19
0,7,20,6,6947.9,1 4,North,4,8,19
2,7,20,2,6953.325,3 4,North,4,0,0
2,7,20,2,6953.883,2 4,North,4,0,0
2,7,20,2,6954.424,1 4,North,4,0,0
2,7,20,1,6955.075,1 4,West,4,0,0
2,7,20,2,6955.876,1 3,West,4,0,0
2,7,20,3,6956.491,1 3,North,4,0,0
2,7,20,2,6957.133,0 3,North,4,0,0
2,7,20,1,6957.675,0 3,West,4,0,0
2,7,20,2,6958.236,0 2,West,4,0,0
2,7,20,2,6958.758,0 1,West,4,0,0
2,7,20,2,6959.341,0 0,West,4,0,0
2,7,20,6,6959.74,0 0,West,4,1,0
2,7,20,1,6960.108,0 0,South,4,1,0
2,7,20,1,6960.679,0 0,East,4,1,0
2,7,20,2,6961.325,0 1,East,4,1,0
2,7,20,2,6961.886,0 2,East,4,1,0
2,7,20,2,6962.477,0 3,East,4,1,0
2,7,20,3,6963,0 3,South,4,1,0
2,7,20,2,6963.544,1 3,South,4,1,0
2,7,20,1,6964.141,1 3,East,4,1,0
2,7,20,2,6964.78,1 4,East,4,1,0
2,7,20,3,6965.325,1 4,South,4,1,0
2,7,20,2,6966.233,2 4,South,4,1,0
2,7,20,2,6966.757,3 4,South,4,1,0
2,7,20,2,6967.37,4 4,South,4,1,0
2,7,20,3,6967.994,4 4,West,4,1,0
2,7,20,2,6968.615,4 3,West,4,1,0
2,7,20,3,6969.769,4 3,North,4,1,0
2,7,20,2,6970.589,3 3,North,4,1,0
2,7,20,6,6970.96,3 3,North,4,2,0
2,7,20,3,6972.091,3 3,East,4,2,0
2,7,20,3,6972.618,3 3,South,4,2,0
2,7,20,2,6973.335,4 3,South,4,2,0
2,7,20,1,6973.96,4 3,East,4,2,0
2,7,20,2,6974.619,4 4,East,4,2,0
2,7,20,1,6975.246,4 4,North,4,2,0
2,7,20,2,6975.77,3 4,North,4,2,0
2,7,20,2,6977.003,2 4,North,4,2,0
2,7,20,2,6977.694,1 4,North,4,2,0
2,7,20,6,6978.08,1 4,North,4,3,0
2,7,20,1,6978.409,1 4,West,4,3,0
2,7,20,1,6979.037,1 4,South,4,3,0
2,7,20,2,6979.589,2 4,South,4,3,0
2,7,20,2,6980.171,3 4,South,4,3,0
2,7,20,2,6980.826,4 4,South,4,3,0
2,7,20,3,6981.5,4 4,West,4,3,0
2,7,20,2,6982.122,4 3,West,4,3,0
2,7,20,2,6982.654,4 2,West,4,3,0
2,7,20,3,6983.483,4 2,North,4,3,0
2,7,20,2,6984.333,3 2,North,4,3,0
2,7,20,1,6985.062,3 2,West,4,3,0
2,7,20,2,6985.677,3 2,West,4,3,1
2,7,20,1,6986.411,3 2,South,4,3,1
2,7,20,3,6987.434,3 2,West,4,3,1
2,7,20,3,6988.396,3 2,North,4,3,1
2,7,20,2,6989.052,2 2,North,4,3,1
2,7,20,1,6989.704,2 2,West,4,3,1
2,7,20,2,6990.406,2 1,West,4,3,1
2,7,20,1,6991.094,2 1,South,4,3,1
2,7,20,2,6991.819,3 1,South,4,3,1
2,7,20,3,6992.38,3 1,West,4,3,1
2,7,20,2,6993.118,3 1,West,4,3,2
2,7,20,3,6993.725,3 1,North,4,3,2
2,7,20,2,6994.372,2 1,North,4,3,2
2,7,20,1,6995,2 1,West,4,3,2
2,7,20,2,6995.707,2 1,West,4,3,3
2,7,20,3,6996.104,2 1,North,4,3,3
2,7,20,2,6996.792,1 1,North,4,3,3
2,7,20,1,6997.528,1 1,West,4,3,3
2,7,20,2,6998.188,1 0,West,4,3,3
2,7,20,1,6998.764,1 0,South,4,3,3
2,7,20,2,6999.354,2 0,South,4,3,3
2,7,20,2,7000.054,3 0,South,4,3,3
2,7,20,6,7000.44,3 0,South,4,4,3
2,7,20,1,7001.015,3 0,East,4,4,3
2,7,20,1,7001.638,3 0,North,4,4,3
2,7,20,2,7002.232,2 0,North,4,4,3
2,7,20,2,7002.836,1 0,North,4,4,3
2,7,20,3,7003.884,1 0,East,4,4,3
2,7,20,2,7004.555,1 1,East,4,4,3
2,7,20,3,7005.1,1 1,South,4,4,3
2,7,20,2,7005.723,2 1,South,4,4,3
2,7,20,1,7006.348,2 1,East,4,4,3
2,7,20,2,7006.969,2 2,East,4,4,3
2,7,20,1,7007.578,2 2,North,4,4,3
2,7,20,2,7008.262,2 2,North,4,4,4
2,7,20,3,7008.911,2 2,East,4,4,4
2,7,20,3,7009.622,2 2,South,4,4,4
2,7,20,2,7010.201,3 2,South,4,4,4
2,7,20,2,7010.828,4 2,South,4,4,4
2,7,20,1,7011.469,4 2,East,4,4,4
2,7,20,2,7011.99,4 3,East,4,4,4
2,7,20,2,7012.566,4 4,East,4,4,4
2,7,20,1,7013.194,4 4,North,4,4,4
2,7,20,2,7013.738,3 4,North,4,4,4
2,7,20,2,7014.281,2 4,North,4,4,4
2,7,20,2,7014.875,1 4,North,4,4,4
2,7,20,1,7015.476,1 4,West,4,4,4
2,7,20,2,7016.104,1 3,West,4,4,4
2,7,20,3,7016.653,1 3,North,4,4,4
2,7,20,2,7017.253,0 3,North,4,4,4
2,7,20,1,7017.827,0 3,West,4,4,4
2,7,20,2,7018.406,0 2,West,4,4,4
2,7,20,2,7018.967,0 1,West,4,4,4
2,7,20,6,7019.38,0 1,West,4,5,4
2,7,20,1,7019.88,0 1,South,4,5,4
2,7,20,1,7020.538,0 1,East,4,5,4
2,7,20,2,7021.32,0 2,East,4,5,4
2,7,20,2,7021.854,0 3,East,4,5,4
2,7,20,2,7022.427,0 4,East,4,5,4
2,7,20,3,7023.463,0 4,South,4,5,4
2,7,20,2,7024.134,0 4,South,4,5,5
2,7,20,3,7024.572,0 4,West,4,5,5
2,7,20,2,7025.39,0 3,West,4,5,5
2,7,20,1,7025.96,0 3,South,4,5,5
2,7,20,2,7026.538,1 3,South,4,5,5
2,7,20,1,7027.162,1 3,East,4,5,5
2,7,20,2,7027.733,1 4,East,4,5,5
2,7,20,3,7028.28,1 4,South,4,5,5
2,7,20,2,7028.842,2 4,South,4,5,5
2,7,20,2,7029.397,3 4,South,4,5,5
2,7,20,2,7030.089,4 4,South,4,5,5
2,7,20,3,7030.825,4 4,West,4,5,5
2,7,20,2,7031.417,4 3,West,4,5,5
2,7,20,2,7031.996,4 2,West,4,5,5
2,7,20,3,7032.571,4 2,North,4,5,5
2,7,20,2,7033.196,3 2,North,4,5,5
2,7,20,1,7033.848,3 2,West,4,5,5
2,7,20,2,7034.804,3 2,West,4,5,6
2,7,20,3,7035.276,3 2,North,4,5,6
2,7,20,2,7035.915,2 2,North,4,5,6
2,7,20,1,7036.538,2 2,West,4,5,6
2,7,20,2,7037.115,2 1,West,4,5,6
2,7,20,1,7037.693,2 1,South,4,5,6
2,7,20,2,7038.298,3 1,South,4,5,6
2,7,20,2,7039.38,4 1,South,4,5,6
2,7,20,3,7039.975,4 1,West,4,5,6
2,7,20,2,7040.619,4 0,West,4,5,6
2,7,20,6,7041.04,4 0,West,4,6,6
2,7,20,1,7041.434,4 0,South,4,6,6
2,7,20,1,7042.089,4 0,East,4,6,6
2,7,20,2,7042.669,4 1,East,4,6,6
2,7,20,2,7043.24,4 1,East,4,6,7
2,7,20,1,7043.707,4 1,North,4,6,7
2,7,20,2,7044.297,3 1,North,4,6,7
2,7,20,3,7044.854,3 1,East,4,6,7
2,7,20,2,7045.461,3 1,East,4,6,8
2,7,20,1,7045.979,3 1,North,4,6,8
2,7,20,2,7046.569,2 1,North,4,6,8
2,7,20,3,7047.146,2 1,East,4,6,8
2,7,20,2,7047.773,2 2,East,4,6,8
2,7,20,2,7048.541,2 3,East,4,6,8
2,7,20,3,7049.062,2 3,South,4,6,8
2,7,20,2,7049.622,2 3,South,4,6,9
2,7,20,1,7050.411,2 3,East,4,6,9
2,7,20,2,7051.033,2 4,East,4,6,9
2,7,20,3,7051.657,2 4,South,4,6,9
2,7,20,2,7052.301,3 4,South,4,6,9
2,7,20,6,7052.68,3 4,South,4,7,9
2,7,20,2,7053.211,4 4,South,4,7,9
2,7,20,3,7053.957,4 4,West,4,7,9
2,7,20,3,7054.733,4 4,North,4,7,9
2,7,20,2,7056.005,3 4,North,4,7,9
2,7,20,2,7057.109,2 4,North,4,7,9
2,7,20,1,7057.779,2 4,West,4,7,9
2,7,20,2,7058.54,2 3,West,4,7,9
2,7,20,6,7058.94,2 3,West,4,8,9
0,7,21,2,7062.227,3 4,North,4,0,9
0,7,21,2,7062.79,2 4,North,4,0,9
0,7,21,2,7063.349,1 4,North,4,0,9
0,7,21,1,7064.316,1 4,West,4,0,9
0,7,21,2,7065.003,1 3,West,4,0,9
0,7,21,1,7065.896,1 3,South,4,0,9
0,7,21,2,7066.613,2 3,South,4,0,9
0,7,21,3,7067.224,2 3,West,4,0,9
0,7,21,2,7067.769,2 2,West,4,0,9
0,7,21,1,7068.694,2 2,South,4,0,9
0,7,21,2,7069.333,3 2,South,4,0,9
0,7,21,6,7069.72,3 2,South,4,1,9
0,7,21,2,7070.155,4 2,South,4,1,9
0,7,21,1,7070.7,4 2,East,4,1,9
0,7,21,1,7071.385,4 2,North,4,1,9
0,7,21,2,7072.199,3 2,North,4,1,9
0,7,21,2,7072.745,2 2,North,4,1,9
0,7,21,1,7073.718,2 2,West,4,1,9
0,7,21,2,7074.308,2 1,West,4,1,9
0,7,21,3,7074.902,2 1,North,4,1,9
0,7,21,3,7076.026,2 1,East,4,1,9
0,7,21,2,7076.633,2 2,East,4,1,9
0,7,21,3,7077.181,2 2,South,4,1,9
0,7,21,3,7077.849,2 2,West,4,1,9
0,7,21,3,7078.539,2 2,North,4,1,9
0,7,21,1,7079.35,2 2,West,4,1,9
0,7,21,2,7080.038,2 1,West,4,1,9
0,7,21,3,7080.647,2 1,North,4,1,9
0,7,21,2,7081.269,1 1,North,4,1,9
0,7,21,1,7081.804,1 1,West,4,1,9
0,7,21,2,7082.359,1 0,West,4,1,9
0,7,21,1,7082.989,1 0,South,4,1,9
0,7,21,2,7083.529,2 0,South,4,1,9
0,7,21,2,7084.475,3 0,South,4,1,9
0,7,21,2,7085.483,4 0,South,4,1,9
0,7,21,1,7086.054,4 0,East,4,1,9
0,7,21,2,7086.646,4 1,East,4,1,9
0,7,21,1,7087.194,4 1,North,4,1,9
0,7,21,2,7088.119,3 1,North,4,1,9
0,7,21,2,7088.664,2 1,North,4,1,9
0,7,21,3,7089.236,2 1,East,4,1,9
0,7,21,2,7089.882,2 2,East,4,1,9
0,7,21,3,7090.536,2 2,South,4,1,9
0,7,21,2,7091.13,3 2,South,4,1,9
0,7,21,2,7091.694,4 2,South,4,1,9
0,7,21,1,7092.219,4 2,East,4,1,9
0,7,21,2,7093.188,4 3,East,4,1,9
0,7,21,2,7093.766,4 4,East,4,1,9
0,7,21,1,7094.329,4 4,North,4,1,9
0,7,21,2,7094.862,3 4,North,4,1,9
0,7,21,2,7095.783,2 4,North,4,1,9
0,7,21,2,7096.776,1 4,North,4,1,9
0,7,21,1,7097.384,1 4,West,4,1,9
0,7,21,2,7098.042,1 3,West,4,1,9
0,7,21,3,7098.651,1 3,North,4,1,9
0,7,21,2,7099.285,0 3,North,4,1,9
0,7,21,1,7099.844,0 3,West,4,1,9
0,7,21,2,7100.405,0 2,West,4,1,9
0,7,21,2,7101.11,0 1,West,4,1,9
0,7,21,6,7101.52,0 1,West,4,2,9
0,7,21,1,7101.701,0 1,South,4,2,9
0,7,21,1,7102.487,0 1,East,4,2,9
0,7,21,2,7103.125,0 2,East,4,2,9
0,7,21,2,7103.706,0 3,East,4,2,9
0,7,21,3,7104.299,0 3,South,4,2,9
0,7,21,2,7104.853,1 3,South,4,2,9
0,7,21,1,7105.483,1 3,East,4,2,9
0,7,21,2,7106.052,1 4,East,4,2,9
0,7,21,3,7106.635,1 4,South,4,2,9
0,7,21,2,7107.544,2 4,South,4,2,9
0,7,21,2,7108.067,3 4,South,4,2,9
0,7,21,2,7108.716,4 4,South,4,2,9
0,7,21,3,7109.304,4 4,West,4,2,9
0,7,21,2,7109.865,4 3,West,4,2,9
0,7,21,2,7110.413,4 2,West,4,2,9
0,7,21,3,7111.016,4 2,North,4,2,9
0,7,21,2,7111.592,3 2,North,4,2,9
0,7,21,2,7112.136,2 2,North,4,2,9
0,7,21,6,7112.52,2 2,North,4,3,9
0,7,21,1,7112.668,2 2,West,4,3,9
0,7,21,2,7113.241,2 1,West,4,3,9
0,7,21,3,7113.829,2 1,North,4,3,9
0,7,21,2,7114.421,1 1,North,4,3,9
0,7,21,1,7114.984,1 1,West,4,3,9
0,7,21,2,7115.597,1 0,West,4,3,9
0,7,21,6,7116,1 0,West,4,4,9
0,7,21,1,7116.583,1 0,South,4,4,9
0,7,21,2,7117.564,2 0,South,4,4,9
0,7,21,2,7118.246,3 0,South,4,4,9
0,7,21,2,7118.837,4 0,South,4,4,9
0,7,21,1,7119.369,4 0,East,4,4,9
0,7,21,2,7120.36,4 1,East,4,4,9
0,7,21,1,7120.968,4 1,North,4,4,9
0,7,21,2,7121.58,3 1,North,4,4,9
0,7,21,3,7122.359,3 1,East,4,4,9
0,7,21,1,7123.335,3 1,North,4,4,9
0,7,21,2,7123.93,2 1,North,4,4,9
0,7,21,3,7124.827,2 1,East,4,4,9
0,7,21,2,7125.404,2 2,East,4,4,9
0,7,21,2,7126.021,2 3,East,4,4,9
0,7,21,6,7126.42,2 3,East,4,5,9
0,7,21,2,7126.781,2 4,East,4,5,9
0,7,21,3,7127.293,2 4,South,4,5,9
0,7,21,3,7128.147,2 4,West,4,5,9
0,7,21,3,7129.109,2 4,North,4,5,9
0,7,21,2,7129.699,1 4,North,4,5,9
0,7,21,1,7130.581,1 4,West,4,5,9
0,7,21,2,7131.305,1 3,West,4,5,9
0,7,21,3,7131.917,1 3,North,4,5,9
0,7,21,2,7132.516,0 3,North,4,5,9
0,7,21,1,7133.366,0 3,West,4,5,9
0,7,21,2,7133.949,0 2,West,4,5,9
0,7,21,6,7134.36,0 2,West,4,6,9
0,7,21,1,7134.805,0 2,South,4,6,9
0,7,21,1,7135.452,0 2,East,4,6,9
0,7,21,2,7136.105,0 3,East,4,6,9
0,7,21,3,7136.716,0 3,South,4,6,9
0,7,21,2,7137.349,1 3,South,4,6,9
0,7,21,2,7137.942,2 3,South,4,6,9
0,7,21,1,7138.522,2 3,East,4,6,9
0,7,21,2,7139.141,2 4,East,4,6,9
0,7,21,3,7139.673,2 4,South,4,6,9
0,7,21,2,7140.263,3 4,South,4,6,9
0,7,21,2,7140.843,4 4,South,4,6,9
0,7,21,3,7141.433,4 4,West,4,6,9
0,7,21,2,7141.964,4 3,West,4,6,9
0,7,21,2,7142.521,4 2,West,4,6,9
0,7,21,3,7143.062,4 2,North,4,6,9
0,7,21,2,7143.608,3 2,North,4,6,9
0,7,21,2,7144.204,2 2,North,4,6,9
0,7,21,1,7144.726,2 2,West,4,6,9
0,7,21,2,7145.299,2 1,West,4,6,9
0,7,21,3,7145.864,2 1,North,4,6,9
0,7,21,2,7146.438,1 1,North,4,6,9
0,7,21,1,7146.963,1 1,West,4,6,9
0,7,21,2,7147.529,1 0,West,4,6,9
0,7,21,1,7148.518,1 0,South,4,6,9
0,7,21,2,7149.099,2 0,South,4,6,9
0,7,21,6,7149.48,2 0,South,4,7,9
0,7,21,2,7149.802,3 0,South,4,7,9
0,7,21,2,7150.667,4 0,South,4,7,9
0,7,21,1,7151.229,4 0,East,4,7,9
0,7,21,2,7151.8,4 1,East,4,7,9
0,7,21,1,7152.68,4 1,North,4,7,9
0,7,21,2,7153.293,3 1,North,4,7,9
0,7,21,2,7153.865,2 1,North,4,7,9
0,7,21,3,7154.391,2 1,East,4,7,9
0,7,21,2,7154.989,2 2,East,4,7,9
0,7,21,2,7155.645,2 3,East,4,7,9
0,7,21,1,7156.604,2 3,North,4,7,9
0,7,21,2,7157.292,1 3,North,4,7,9
0,7,21,6,7157.68,1 3,North,4,8,9
2,7,21,2,7160.971,3 4,North,4,0,0
2,7,21,1,7161.796,3 4,West,4,0,0
2,7,21,1,7163.036,3 4,South,4,0,0
2,7,21,2,7163.716,4 4,South,4,0,0
2,7,21,3,7164.424,4 4,West,4,0,0
2,7,21,2,7165.143,4 3,West,4,0,0
2,7,21,2,7165.814,4 2,West,4,0,0
2,7,21,3,7166.396,4 2,North,4,0,0
2,7,21,2,7167.053,3 2,North,4,0,0
2,7,21,2,7167.702,2 2,North,4,0,0
2,7,21,1,7168.277,2 2,West,4,0,0
2,7,21,2,7168.844,2 1,West,4,0,0
2,7,21,1,7169.454,2 1,South,4,0,0
2,7,21,2,7170.349,3 1,South,4,0,0
2,7,21,3,7170.893,3 1,West,4,0,0
2,7,21,2,7171.563,3 1,West,4,0,1
2,7,21,3,7172.021,3 1,North,4,0,1
2,7,21,2,7172.935,2 1,North,4,0,1
2,7,21,1,7173.531,2 1,West,4,0,1
2,7,21,2,7174.203,2 1,West,4,0,2
2,7,21,3,7174.665,2 1,North,4,0,2
2,7,21,2,7175.253,1 1,North,4,0,2
2,7,21,1,7175.833,1 1,West,4,0,2
2,7,21,2,7176.488,1 0,West,4,0,2
2,7,21,1,7177.033,1 0,South,4,0,2
2,7,21,2,7178.074,2 0,South,4,0,2
2,7,21,6,7178.46,2 0,South,4,1,2
2,7,21,1,7178.921,2 0,East,4,1,2
2,7,21,1,7179.517,2 0,North,4,1,2
2,7,21,2,7180.154,1 0,North,4,1,2
2,7,21,2,7180.901,1 0,North,4,1,3
2,7,21,3,7181.347,1 0,East,4,1,3
2,7,21,2,7182.101,1 1,East,4,1,3
2,7,21,3,7182.713,1 1,South,4,1,3
2,7,21,2,7183.542,2 1,South,4,1,3
2,7,21,2,7184.428,3 1,South,4,1,3
2,7,21,1,7184.966,3 1,East,4,1,3
2,7,21,2,7185.64,3 1,East,4,1,4
2,7,21,3,7186.117,3 1,South,4,1,4
2,7,21,2,7186.741,4 1,South,4,1,4
2,7,21,1,7187.418,4 1,East,4,1,4
2,7,21,2,7188.437,4 1,East,4,1,5
2,7,21,1,7189.148,4 1,North,4,1,5
2,7,21,1,7189.687,4 1,West,4,1,5
2,7,21,3,7190.838,4 1,North,4,1,5
2,7,21,2,7191.639,3 1,North,4,1,5
2,7,21,3,7192.282,3 1,East,4,1,5
2,7,21,2,7193.002,3 1,East,4,1,6
2,7,21,1,7193.451,3 1,North,4,1,6
2,7,21,2,7194.122,2 1,North,4,1,6
2,7,21,3,7194.757,2 1,East,4,1,6
2,7,21,2,7195.401,2 2,East,4,1,6
2,7,21,3,7197.015,2 2,South,4,1,6
2,7,21,2,7197.676,3 2,South,4,1,6
2,7,21,2,7198.314,4 2,South,4,1,6
2,7,21,1,7198.935,4 2,East,4,1,6
2,7,21,2,7199.461,4 3,East,4,1,6
2,7,21,2,7200.136,4 4,East,4,1,6
2,7,21,1,7200.74,4 4,North,4,1,6
2,7,21,2,7201.783,3 4,North,4,1,6
2,7,21,2,7202.381,2 4,North,4,1,6
2,7,21,2,7203.061,1 4,North,4,1,6
2,7,21,1,7203.731,1 4,West,4,1,6
2,7,21,2,7204.438,1 3,West,4,1,6
2,7,21,3,7205.015,1 3,North,4,1,6
2,7,21,2,7205.625,0 3,North,4,1,6
2,7,21,1,7206.237,0 3,West,4,1,6
2,7,21,2,7206.811,0 2,West,4,1,6
2,7,21,6,7207.22,0 2,West,4,2,6
2,7,21,2,7207.334,0 1,West,4,2,6
2,7,21,1,7208.315,0 1,South,4,2,6
2,7,21,1,7208.857,0 1,East,4,2,6
2,7,21,2,7209.452,0 2,East,4,2,6
2,7,21,2,7210.021,0 3,East,4,2,6
2,7,21,3,7210.715,0 3,South,4,2,6
2,7,21,2,7211.354,1 3,South,4,2,6
2,7,21,1,7212.006,1 3,East,4,2,6
2,7,21,2,7212.618,1 4,East,4,2,6
2,7,21,3,7213.193,1 4,South,4,2,6
2,7,21,2,7213.833,2 4,South,4,2,6
2,7,21,3,7214.429,2 4,West,4,2,6
2,7,21,2,7215.052,2 3,West,4,2,6
2,7,21,6,7215.46,2 3,West,4,3,6
2,7,21,1,7215.765,2 3,South,4,3,6
2,7,21,1,7216.34,2 3,East,4,3,6
2,7,21,2,7216.888,2 4,East,4,3,6
2,7,21,3,7217.405,2 4,South,4,3,6
2,7,21,2,7218.431,3 4,South,4,3,6
2,7,21,2,7219.166,4 4,South,4,3,6
2,7,21,3,7219.893,4 4,West,4,3,6
2,7,21,3,7220.472,4 4,North,4,3,6
2,7,21,2,7221.692,3 4,North,4,3,6
2,7,21,2,7222.281,2 4,North,4,3,6
2,7,21,2,7222.844,1 4,North,4,3,6
2,7,21,1,7223.437,1 4,West,4,3,6
2,7,21,2,7224.009,1 3,West,4,3,6
2,7,21,3,7224.525,1 3,North,4,3,6
2,7,21,2,7225.133,0 3,North,4,3,6
2,7,21,1,7225.708,0 3,West,4,3,6
2,7,21,2,7226.277,0 2,West,4,3,6
2,7,21,2,7226.861,0 1,West,4,3,6
2,7,21,6,7227.26,0 1,West,4,4,6
2,7,21,1,7227.576,0 1,South,4,4,6
2,7,21,1,7228.088,0 1,East,4,4,6
2,7,21,2,7228.732,0 2,East,4,4,6
2,7,21,2,7229.283,0 3,East,4,4,6
2,7,21,2,7230.026,0 4,East,4,4,6
2,7,21,3,7231,0 4,South,4,4,6
2,7,21,2,7231.691,0 4,South,4,4,7
2,7,21,3,7232.136,0 4,West,4,4,7
2,7,21,2,7232.797,0 3,West,4,4,7
2,7,21,1,7233.338,0 3,South,4,4,7
2,7,21,2,7233.975,1 3,South,4,4,7
2,7,21,1,7234.581,1 3,East,4,4,7
2,7,21,2,7235.192,1 4,East,4,4,7
2,7,21,3,7235.708,1 4,South,4,4,7
2,7,21,2,7236.299,2 4,South,4,4,7
2,7,21,2,7236.843,3 4,South,4,4,7
2,7,21,2,7237.556,4 4,South,4,4,7
2,7,21,3,7238.133,4 4,West,4,4,7
2,7,21,2,7238.871,4 3,West,4,4,7
2,7,21,6,7239.28,4 3,West,4,5,7
2,7,21,3,7239.61,4 3,North,4,5,7
2,7,21,3,7243.72,4 3,East,4,5,7
2,7,21,2,7244.443,4 4,East,4,5,7
2,7,21,1,7245.141,4 4,North,4,5,7
2,7,21,1,7245.706,4 4,West,4,5,7
2,7,21,2,7246.344,4 3,West,4,5,7
2,7,21,2,7246.884,4 2,West,4,5,7
2,7,21,3,7247.446,4 2,North,4,5,7
2,7,21,2,7247.992,3 2,North,4,5,7
2,7,21,2,7248.556,2 2,North,4,5,7
2,7,21,1,7249.286,2 2,West,4,5,7
2,7,21,2,7249.931,2 1,West,4,5,7
2,7,21,3,7250.499,2 1,North,4,5,7
2,7,21,2,7251.048,1 1,North,4,5,7
2,7,21,6,7251.44,1 1,North,4,6,7
2,7,21,1,7251.717,1 1,West,4,6,7
2,7,21,1,7252.231,1 1,South,4,6,7
2,7,21,2,7253.323,2 1,South,4,6,7
2,7,21,1,7253.931,2 1,East,4,6,7
2,7,21,2,7254.535,2 2,East,4,6,7
2,7,21,3,7255.354,2 2,South,4,6,7
2,7,21,2,7256.075,3 2,South,4,6,7
2,7,21,2,7256.684,4 2,South,4,6,7
2,7,21,1,7257.286,4 2,East,4,6,7
2,7,21,2,7257.797,4 3,East,4,6,7
2,7,21,2,7258.422,4 4,East,4,6,7
2,7,21,1,7259.037,4 4,North,4,6,7
2,7,21,2,7259.559,3 4,North,4,6,7
2,7,21,2,7260.121,2 4,North,4,6,7
2,7,21,2,7260.702,1 4,North,4,6,7
2,7,21,1,7261.255,1 4,West,4,6,7
2,7,21,2,7261.837,1 3,West,4,6,7
2,7,21,3,7262.809,1 3,North,4,6,7
2,7,21,2,7263.469,0 3,North,4,6,7
2,7,21,6,7263.86,0 3,North,4,7,7
2,7,21,1,7264.125,0 3,West,4,7,7
2,7,21,1,7264.698,0 3,South,4,7,7
2,7,21,1,7266.694,0 3,East,4,7,7
2,7,21,3,7267.482,0 3,South,4,7,7
2,7,21,2,7268.173,1 3,South,4,7,7
2,7,21,1,7268.748,1 3,East,4,7,7
2,7,21,2,7269.386,1 4,East,4,7,7
2,7,21,3,7269.912,1 4,South,4,7,7
2,7,21,2,7270.494,2 4,South,4,7,7
2,7,21,2,7271.045,3 4,South,4,7,7
2,7,21,2,7271.688,4 4,South,4,7,7
2,7,21,3,7272.392,4 4,West,4,7,7
2,7,21,3,7273.013,4 4,North,4,7,7
2,7,21,1,7273.914,4 4,West,4,7,7
2,7,21,2,7274.652,4 3,West,4,7,7
2,7,21,3,7276.574,4 3,North,4,7,7
2,7,21,3,7277.676,4 3,East,4,7,7
2,7,21,2,7278.357,4 4,East,4,7,7
2,7,21,1,7279.093,4 4,North,4,7,7
2,7,21,1,7279.707,4 4,West,4,7,7
2,7,21,2,7280.362,4 3,West,4,7,7
2,7,21,2,7281.083,4 2,West,4,7,7
2,7,21,3,7281.86,4 2,North,4,7,7
2,7,21,2,7282.504,3 2,North,4,7,7
2,7,21,2,7283.21,2 2,North,4,7,7
2,7,21,6,7283.6,2 2,North,4,8,7
0,8,22,2,7287.367,3 4,North,4,0,7
0,8,22,2,7287.93,2 4,North,4,0,7
0,8,22,2,7288.584,1 4,North,4,0,7
0,8,22,1,7289.148,1 4,West,4,0,7
0,8,22,1,7290.346,1 4,South,4,0,7
0,8,22,2,7290.886,2 4,South,4,0,7
0,8,22,3,7291.781,2 4,West,4,0,7
0,8,22,2,7292.362,2 3,West,4,0,7
0,8,22,2,7293.032,2 2,West,4,0,7
0,8,22,2,7293.769,2 1,West,4,0,7
0,8,22,6,7294.18,2 1,West,4,1,7
0,8,22,3,7294.618,2 1,North,4,1,7
0,8,22,2,7295.228,1 1,North,4,1,7
0,8,22,1,7295.74,1 1,West,4,1,7
0,8,22,2,7296.283,1 0,West,4,1,7
0,8,22,6,7296.7,1 0,West,4,2,7
0,8,22,1,7297.189,1 0,South,4,2,7
0,8,22,1,7297.941,1 0,East,4,2,7
0,8,22,2,7298.523,1 1,East,4,2,7
0,8,22,3,7299.302,1 1,South,4,2,7
0,8,22,2,7299.914,2 1,South,4,2,7
0,8,22,1,7300.436,2 1,East,4,2,7
0,8,22,2,7300.979,2 2,East,4,2,7
0,8,22,2,7301.655,2 3,East,4,2,7
0,8,22,1,7302.235,2 3,North,4,2,7
0,8,22,2,7302.919,1 3,North,4,2,7
0,8,22,2,7303.53,0 3,North,4,2,7
0,8,22,1,7304.378,0 3,West,4,2,7
0,8,22,2,7304.986,0 2,West,4,2,7
0,8,22,2,7305.563,0 1,West,4,2,7
0,8,22,6,7305.98,0 1,West,4,3,7
0,8,22,1,7306.155,0 1,South,4,3,7
0,8,22,1,7306.682,0 1,East,4,3,7
0,8,22,2,7307.254,0 2,East,4,3,7
0,8,22,2,7307.85,0 3,East,4,3,7
0,8,22,3,7308.683,0 3,South,4,3,7
0,8,22,2,7309.274,1 3,South,4,3,7
0,8,22,2,7309.852,2 3,South,4,3,7
0,8,22,3,7310.747,2 3,West,4,3,7
0,8,22,2,7311.383,2 2,West,4,3,7
0,8,22,2,7311.995,2 1,West,4,3,7
0,8,22,3,7312.583,2 1,North,4,3,7
0,8,22,2,7313.129,1 1,North,4,3,7
0,8,22,1,7313.653,1 1,West,4,3,7
0,8,22,2,7314.197,1 0,West,4,3,7
0,8,22,1,7314.748,1 0,South,4,3,7
0,8,22,2,7315.27,2 0,South,4,3,7
0,8,22,2,7315.834,3 0,South,4,3,7
0,8,22,2,7316.646,4 0,South,4,3,7
0,8,22,6,7317.02,4 0,South,4,4,7
0,8,22,1,7317.303,4 0,East,4,4,7
0,8,22,2,7317.896,4 1,East,4,4,7
0,8,22,1,7318.829,4 1,North,4,4,7
0,8,22,2,7319.382,3 1,North,4,4,7
0,8,22,6,7319.76,3 1,North,4,5,7
0,8,22,2,7320.153,2 1,North,4,5,7
0,8,22,3,7320.998,2 1,East,4,5,7
0,8,22,2,7321.64,2 2,East,4,5,7
0,8,22,3,7322.253,2 2,South,4,5,7
0,8,22,2,7322.807,3 2,South,4,5,7
0,8,22,2,7323.419,4 2,South,4,5,7
0,8,22,3,7323.961,4 2,West,4,5,7
0,8,22,3,7324.487,4 2,North,4,5,7
0,8,22,2,7325.365,3 2,North,4,5,7
0,8,22,2,7325.881,2 2,North,4,5,7
0,8,22,1,7326.423,2 2,West,4,5,7
0,8,22,2,7326.955,2 1,West,4,5,7
0,8,22,1,7327.831,2 1,South,4,5,7
0,8,22,2,7328.376,3 1,South,4,5,7
0,8,22,2,7329.035,4 1,South,4,5,7
0,8,22,6,7329.42,4 1,South,4,6,7
0,8,22,1,7329.641,4 1,East,4,6,7
0,8,22,1,7330.216,4 1,North,4,6,7
0,8,22,2,7330.761,3 1,North,4,6,7
0,8,22,2,7331.353,2 1,North,4,6,7
0,8,22,3,7331.909,2 1,East,4,6,7
0,8,22,2,7332.428,2 2,East,4,6,7
0,8,22,2,7333.008,2 3,East,4,6,7
0,8,22,1,7333.58,2 3,North,4,6,7
0,8,22,2,7334.198,1 3,North,4,6,7
0,8,22,2,7334.723,0 3,North,4,6,7
0,8,22,1,7335.254,0 3,West,4,6,7
0,8,22,1,7336.125,0 3,South,4,6,7
0,8,22,1,7336.662,0 3,East,4,6,7
0,8,22,3,7337.351,0 3,South,4,6,7
0,8,22,2,7338.021,1 3,South,4,6,7
0,8,22,2,7338.652,2 3,South,4,6,7
0,8,22,3,7339.449,2 3,West,4,6,7
0,8,22,2,7340.027,2 2,West,4,6,7
0,8,22,2,7340.725,2 1,West,4,6,7
0,8,22,3,7341.355,2 1,North,4,6,7
0,8,22,2,7341.96,1 1,North,4,6,7
0,8,22,1,7342.504,1 1,West,4,6,7
0,8,22,2,7343.028,1 0,West,4,6,7
0,8,22,1,7343.846,1 0,South,4,6,7
0,8,22,2,7344.442,2 0,South,4,6,7
0,8,22,2,7344.995,3 0,South,4,6,7
0,8,22,2,7345.653,4 0,South,4,6,7
0,8,22,1,7346.163,4 0,East,4,6,7
0,8,22,2,7347.129,4 1,East,4,6,7
0,8,22,1,7347.683,4 1,North,4,6,7
0,8,22,2,7348.628,3 1,North,4,6,7
0,8,22,2,7349.173,2 1,North,4,6,7
0,8,22,2,7349.847,1 1,North,4,6,7
0,8,22,1,7350.412,1 1,West,4,6,7
0,8,22,1,7351.303,1 1,South,4,6,7
0,8,22,1,7351.917,1 1,East,4,6,7
0,8,22,3,7352.763,1 1,South,4,6,7
0,8,22,2,7353.365,2 1,South,4,6,7
0,8,22,1,7353.93,2 1,East,4,6,7
0,8,22,2,7354.469,2 2,East,4,6,7
0,8,22,2,7355.047,2 3,East,4,6,7
0,8,22,2,7355.689,2 4,East,4,6,7
0,8,22,3,7356.569,2 4,South,4,6,7
0,8,22,2,7357.24,3 4,South,4,6,7
0,8,22,3,7357.996,3 4,West,4,6,7
0,8,22,2,7358.556,3 3,West,4,6,7
0,8,22,6,7358.98,3 3,West,4,7,7
0,8,22,1,7359.289,3 3,South,4,7,7
0,8,22,1,7359.803,3 3,East,4,7,7
0,8,22,1,7360.47,3 3,North,4,7,7
0,8,22,3,7361.255,3 3,East,4,7,7
0,8,22,2,7361.867,3 4,East,4,7,7
0,8,22,1,7362.429,3 4,North,4,7,7
0,8,22,2,7362.952,2 4,North,4,7,7
0,8,22,2,7363.979,1 4,North,4,7,7
0,8,22,1,7364.597,1 4,West,4,7,7
0,8,22,2,7365.269,1 3,West,4,7,7
0,8,22,3,7365.821,1 3,North,4,7,7
0,8,22,2,7366.472,0 3,North,4,7,7
0,8,22,3,7367.05,0 3,East,4,7,7
0,8,22,1,7367.672,0 3,North,4,7,7
0,8,22,1,7368.233,0 3,West,4,7,7
0,8,22,1,7368.835,0 3,South,4,7,7
0,8,22,2,7369.45,1 3,South,4,7,7
0,8,22,2,7369.995,2 3,South,4,7,7
0,8,22,3,7370.939,2 3,West,4,7,7
0,8,22,2,7371.529,2 2,West,4,7,7
0,8,22,2,7372.151,2 1,West,4,7,7
0,8,22,3,7372.725,2 1,North,4,7,7
0,8,22,2,7373.311,1 1,North,4,7,7
0,8,22,6,7373.7,1 1,North,4,8,7
2,8,22,2,7377.463,3 4,North,4,0,0
2,8,22,1,7378.053,3 4,West,4,0,0
2,8,22,1,7379.013,3 4,South,4,0,0
2,8,22,2,7379.685,4 4,South,4,0,0
2,8,22,3,7380.332,4 4,West,4,0,0
2,8,22,2,7381.11,4 3,West,4,0,0
2,8,22,2,7381.734,4 2,West,4,0,0
2,8,22,3,7382.318,4 2,North,4,0,0
2,8,22,2,7382.903,3 2,North,4,0,0
2,8,22,2,7383.518,2 2,North,4,0,0
2,8,22,1,7384.091,2 2,West,4,0,0
2,8,22,2,7384.644,2 1,West,4,0,0
2,8,22,6,7385.06,2 1,West,4,1,0
2,8,22,1,7385.382,2 1,South,4,1,0
2,8,22,1,7385.942,2 1,East,4,1,0
2,8,22,2,7386.636,2 2,East,4,1,0
2,8,22,2,7387.242,2 3,East,4,1,0
2,8,22,3,7387.764,2 3,South,4,1,0
2,8,22,2,7388.346,2 3,South,4,1,1
2,8,22,3,7389.742,2 3,West,4,1,1
2,8,22,2,7390.395,2 2,West,4,1,1
2,8,22,1,7391.02,2 2,South,4,1,1
2,8,22,2,7391.58,3 2,South,4,1,1
2,8,22,2,7392.168,4 2,South,4,1,1
2,8,22,1,7392.693,4 2,East,4,1,1
2,8,22,2,7393.252,4 3,East,4,1,1
2,8,22,2,7393.821,4 4,East,4,1,1
2,8,22,1,7394.412,4 4,North,4,1,1
2,8,22,2,7395.094,3 4,North,4,1,1
2,8,22,1,7395.694,3 4,West,4,1,1
2,8,22,2,7396.281,3 3,West,4,1,1
2,8,22,6,7396.7,3 3,West,4,2,1
2,8,22,1,7397.689,3 3,South,4,2,1
2,8,22,1,7398.526,3 3,East,4,2,1
2,8,22,2,7399.243,3 4,East,4,2,1
2,8,22,3,7399.854,3 4,South,4,2,1
2,8,22,2,7400.454,4 4,South,4,2,1
2,8,22,3,7401.077,4 4,West,4,2,1
2,8,22,2,7401.992,4 3,West,4,2,1
2,8,22,2,7402.583,4 2,West,4,2,1
2,8,22,3,7403.192,4 2,North,4,2,1
2,8,22,2,7403.812,3 2,North,4,2,1
2,8,22,2,7404.407,2 2,North,4,2,1
2,8,22,1,7405.068,2 2,West,4,2,1
2,8,22,2,7405.675,2 1,West,4,2,1
2,8,22,3,7406.256,2 1,North,4,2,1
2,8,22,2,7406.845,1 1,North,4,2,1
2,8,22,6,7407.22,1 1,North,4,3,1
2,8,22,1,7407.612,1 1,West,4,3,1
2,8,22,1,7408.3,1 1,South,4,3,1
2,8,22,2,7409.035,2 1,South,4,3,1
2,8,22,1,7409.596,2 1,East,4,3,1
2,8,22,2,7410.22,2 2,East,4,3,1
2,8,22,6,7410.62,2 2,East,4,4,1
2,8,22,3,7410.953,2 2,South,4,4,1
2,8,22,2,7411.867,3 2,South,4,4,1
2,8,22,2,7412.535,4 2,South,4,4,1
2,8,22,1,7413.16,4 2,East,4,4,1
2,8,22,1,7413.711,4 2,North,4,4,1
2,8,22,3,7414.667,4 2,East,4,4,1
2,8,22,2,7415.322,4 3,East,4,4,1
2,8,22,2,7415.928,4 4,East,4,4,1
2,8,22,1,7416.573,4 4,North,4,4,1
2,8,22,1,7417.145,4 4,West,4,4,1
2,8,22,2,7417.8,4 3,West,4,4,1
2,8,22,2,7418.39,4 2,West,4,4,1
2,8,22,3,7420.41,4 2,North,4,4,1
2,8,22,2,7420.987,3 2,North,4,4,1
2,8,22,2,7423.034,2 2,North,4,4,1
2,8,22,1,7423.675,2 2,West,4,4,1
2,8,22,2,7424.244,2 1,West,4,4,1
2,8,22,1,7424.841,2 1,South,4,4,1
2,8,22,2,7425.468,3 1,South,4,4,1
2,8,22,6,7425.84,3 1,South,4,5,1
2,8,22,1,7426.286,3 1,East,4,5,1
2,8,22,1,7426.855,3 1,North,4,5,1
2,8,22,2,7427.498,2 1,North,4,5,1
2,8,22,3,7428.132,2 1,East,4,5,1
2,8,22,2,7428.725,2 2,East,4,5,1
2,8,22,3,7429.356,2 2,South,4,5,1
2,8,22,2,7429.913,3 2,South,4,5,1
2,8,22,2,7430.536,4 2,South,4,5,1
2,8,22,1,7431.193,4 2,East,4,5,1
2,8,22,2,7431.726,4 3,East,4,5,1
2,8,22,2,7432.348,4 4,East,4,5,1
2,8,22,1,7432.971,4 4,North,4,5,1
2,8,22,2,7433.543,3 4,North,4,5,1
2,8,22,2,7434.103,2 4,North,4,5,1
2,8,22,2,7434.763,1 4,North,4,5,1
2,8,22,1,7435.861,1 4,West,4,5,1
2,8,22,2,7436.517,1 3,West,4,5,1
2,8,22,3,7437.053,1 3,North,4,5,1
2,8,22,2,7437.641,0 3,North,4,5,1
2,8,22,3,7438.237,0 3,East,4,5,1
2,8,22,2,7439.388,0 4,East,4,5,1
2,8,22,6,7439.8,0 4,East,4,6,1
2,8,22,1,7440.183,0 4,North,4,6,1
2,8,22,1,7441.062,0 4,West,4,6,1
2,8,22,2,7441.655,0 3,West,4,6,1
2,8,22,1,7442.343,0 3,South,4,6,1
2,8,22,2,7443.043,1 3,South,4,6,1
2,8,22,1,7443.656,1 3,East,4,6,1
2,8,22,2,7444.314,1 4,East,4,6,1
2,8,22,6,7444.74,1 4,East,4,7,1
2,8,22,3,7444.935,1 4,South,4,7,1
2,8,22,2,7445.533,2 4,South,4,7,1
2,8,22,2,7446.756,3 4,South,4,7,1
2,8,22,6,7447.14,3 4,South,4,8,1
0,8,23,2,7450.931,3 4,North,4,0,1
0,8,23,2,7451.658,2 4,North,4,0,1
0,8,23,1,7452.169,2 4,West,4,0,1
0,8,23,2,7452.954,2 3,West,4,0,1
0,8,23,2,7453.636,2 2,West,4,0,1
0,8,23,2,7454.355,2 1,West,4,0,1
0,8,23,1,7455.305,2 1,South,4,0,1
0,8,23,2,7456.085,3 1,South,4,0,1
0,8,23,2,7456.707,4 1,South,4,0,1
0,8,23,3,7457.261,4 1,West,4,0,1
0,8,23,2,7457.819,4 0,West,4,0,1
0,8,23,3,7458.34,4 0,North,4,0,1
0,8,23,2,7458.904,3 0,North,4,0,1
0,8,23,2,7459.501,2 0,North,4,0,1
0,8,23,2,7460.324,1 0,North,4,0,1
0,8,23,3,7461.277,1 0,East,4,0,1
0,8,23,2,7461.891,1 1,East,4,0,1
0,8,23,3,7462.523,1 1,South,4,0,1
0,8,23,2,7463.077,2 1,South,4,0,1
0,8,23,1,7463.963,2 1,East,4,0,1
0,8,23,2,7464.637,2 2,East,4,0,1
0,8,23,2,7465.29,2 3,East,4,0,1
0,8,23,1,7465.892,2 3,North,4,0,1
0,8,23,2,7466.504,1 3,North,4,0,1
0,8,23,2,7467.097,0 3,North,4,0,1
0,8,23,3,7467.611,0 3,East,4,0,1
0,8,23,2,7468.67,0 4,East,4,0,1
0,8,23,6,7469.08,0 4,East,4,1,1
0,8,23,3,7469.301,0 4,South,4,1,1
0,8,23,3,7469.901,0 4,West,4,1,1
0,8,23,2,7470.571,0 3,West,4,1,1
0,8,23,2,7471.125,0 2,West,4,1,1
0,8,23,1,7472.02,0 2,South,4,1,1
0,8,23,2,7472.597,1 2,South,4,1,1
0,8,23,3,7473.692,1 2,West,4,1,1
0,8,23,3,7474.245,1 2,North,4,1,1
0,8,23,2,7474.758,0 2,North,4,1,1
0,8,23,1,7475.29,0 2,West,4,1,1
0,8,23,2,7475.882,0 1,West,4,1,1
0,8,23,3,7476.405,0 1,North,4,1,1
0,8,23,2,7477.034,0 1,North,4,1,1
0,8,23,3,7477.498,0 1,East,4,1,1
0,8,23,2,7478.104,0 2,East,4,1,1
0,8,23,2,7478.631,0 3,East,4,1,1
0,8,23,3,7479.541,0 3,South,4,1,1
0,8,23,2,7480.134,1 3,South,4,1,1
0,8,23,2,7480.709,2 3,South,4,1,1
0,8,23,3,7481.261,2 3,West,4,1,1
0,8,23,2,7481.94,2 2,West,4,1,1
0,8,23,1,7482.727,2 2,South,4,1,1
0,8,23,3,7483.528,2 2,West,4,1,1
0,8,23,2,7484.14,2 1,West,4,1,1
0,8,23,3,7484.685,2 1,North,4,1,1
0,8,23,2,7485.305,1 1,North,4,1,1
0,8,23,1,7485.859,1 1,West,4,1,1
0,8,23,2,7486.442,1 0,West,4,1,1
0,8,23,1,7486.966,1 0,South,4,1,1
0,8,23,2,7488.075,2 0,South,4,1,1
0,8,23,6,7488.46,2 0,South,4,2,1
0,8,23,2,7488.717,3 0,South,4,2,1
0,8,23,2,7489.356,4 0,South,4,2,1
0,8,23,1,7489.87,4 0,East,4,2,1
0,8,23,2,7490.835,4 1,East,4,2,1
0,8,23,1,7491.419,4 1,North,4,2,1
0,8,23,2,7492.396,3 1,North,4,2,1
0,8,23,2,7493,2 1,North,4,2,1
0,8,23,3,7493.896,2 1,East,4,2,1
0,8,23,2,7494.532,2 2,East,4,2,1
0,8,23,2,7495.11,2 3,East,4,2,1
0,8,23,1,7495.628,2 3,North,4,2,1
0,8,23,2,7496.22,1 3,North,4,2,1
0,8,23,6,7496.6,1 3,North,4,3,1
0,8,23,1,7496.987,1 3,West,4,3,1
0,8,23,1,7497.607,1 3,South,4,3,1
0,8,23,2,7498.183,2 3,South,4,3,1
0,8,23,3,7498.795,2 3,West,4,3,1
0,8,23,2,7499.436,2 2,West,4,3,1
0,8,23,1,7500.347,2 2,South,4,3,1
0,8,23,2,7501.019,3 2,South,4,3,1
0,8,23,6,7501.38,3 2,South,4,4,1
0,8,23,2,7501.771,4 2,South,4,4,1
0,8,23,1,7502.667,4 2,East,4,4,1
0,8,23,2,7503.305,4 3,East,4,4,1
0,8,23,2,7503.963,4 4,East,4,4,1
0,8,23,1,7504.66,4 4,North,4,4,1
0,8,23,2,7505.271,3 4,North,4,4,1
0,8,23,2,7505.797,2 4,North,4,4,1
0,8,23,1,7506.505,2 4,West,4,4,1
0,8,23,2,7507.097,2 3,West,4,4,1
0,8,23,6,7507.52,2 3,West,4,5,1
0,8,23,3,7508.037,2 3,North,4,5,1
0,8,23,2,7508.581,1 3,North,4,5,1
0,8,23,2,7509.212,0 3,North,4,5,1
0,8,23,1,7509.804,0 3,West,4,5,1
0,8,23,2,7510.393,0 2,West,4,5,1
0,8,23,1,7511.142,0 2,South,4,5,1
0,8,23,1,7511.786,0 2,East,4,5,1
0,8,23,2,7512.373,0 3,East,4,5,1
0,8,23,3,7513.021,0 3,South,4,5,1
0,8,23,2,7513.596,1 3,South,4,5,1
0,8,23,2,7514.198,2 3,South,4,5,1
0,8,23,3,7514.745,2 3,West,4,5,1
0,8,23,2,7515.286,2 2,West,4,5,1
0,8,23,1,7515.929,2 2,South,4,5,1
0,8,23,2,7516.521,3 2,South,4,5,1
0,8,23,2,7517.116,4 2,South,4,5,1
0,8,23,6,7517.5,4 2,South,4,6,1
0,8,23,1,7517.67,4 2,East,4,6,1
0,8,23,1,7518.213,4 2,North,4,6,1
0,8,23,2,7518.921,3 2,North,4,6,1
0,8,23,2,7519.481,2 2,North,4,6,1
0,8,23,3,7520.091,2 2,East,4,6,1
0,8,23,2,7520.635,2 3,East,4,6,1
0,8,23,1,7521.177,2 3,North,4,6,1
0,8,23,2,7521.721,1 3,North,4,6,1
0,8,23,2,7522.36,0 3,North,4,6,1
0,8,23,6,7522.74,0 3,North,4,7,1
0,8,23,1,7522.953,0 3,West,4,7,1
0,8,23,1,7523.512,0 3,South,4,7,1
0,8,23,2,7524.06,1 3,South,4,7,1
0,8,23,2,7524.585,2 3,South,4,7,1
0,8,23,3,7525.109,2 3,West,4,7,1
0,8,23,2,7525.72,2 2,West,4,7,1
0,8,23,2,7526.344,2 1,West,4,7,1
0,8,23,1,7526.956,2 1,South,4,7,1
0,8,23,2,7527.48,3 1,South,4,7,1
0,8,23,1,7528.491,3 1,East,4,7,1
0,8,23,1,7529.037,3 1,North,4,7,1
0,8,23,2,7529.627,2 1,North,4,7,1
0,8,23,3,7530.504,2 1,East,4,7,1
0,8,23,2,7531.081,2 2,East,4,7,1
0,8,23,3,7531.893,2 2,South,4,7,1
0,8,23,2,7532.468,3 2,South,4,7,1
0,8,23,2,7533.014,4 2,South,4,7,1
0,8,23,1,7533.928,4 2,East,4,7,1
0,8,23,2,7534.518,4 3,East,4,7,1
0,8,23,6,7534.92,4 3,East,4,8,1
2,8,23,2,7542.616,3 4,North,4,0,0
2,8,23,2,7544.187,2 4,North,4,0,0
2,8,23,2,7545.003,1 4,North,4,0,0
2,8,23,1,7545.591,1 4,West,4,0,0
2,8,23,2,7546.343,1 3,West,4,0,0
2,8,23,3,7546.898,1 3,North,4,0,0
2,8,23,2,7547.516,0 3,North,4,0,0
2,8,23,6,7547.9,0 3,North,4,1,0
2,8,23,1,7548.758,0 3,West,4,1,0
2,8,23,1,7549.326,0 3,South,4,1,0
2,8,23,2,7550.018,1 3,South,4,1,0
2,8,23,1,7550.729,1 3,East,4,1,0
2,8,23,2,7551.357,1 4,East,4,1,0
2,8,23,3,7551.897,1 4,South,4,1,0
2,8,23,2,7552.87,2 4,South,4,1,0
2,8,23,2,7553.432,3 4,South,4,1,0
2,8,23,2,7554.133,4 4,South,4,1,0
2,8,23,3,7554.777,4 4,West,4,1,0
2,8,23,2,7555.483,4 3,West,4,1,0
2,8,23,2,7556.004,4 2,West,4,1,0
2,8,23,3,7556.756,4 2,North,4,1,0
2,8,23,2,7557.37,3 2,North,4,1,0
2,8,23,2,7558.039,2 2,North,4,1,0
2,8,23,1,7558.661,2 2,West,4,1,0
2,8,23,2,7559.606,2 1,West,4,1,0
2,8,23,3,7560.203,2 1,North,4,1,0
2,8,23,2,7560.782,1 1,North,4,1,0
2,8,23,1,7561.398,1 1,West,4,1,0
2,8,23,2,7562.123,1 0,West,4,1,0
2,8,23,1,7562.776,1 0,South,4,1,0
2,8,23,2,7563.453,2 0,South,4,1,0
2,8,23,6,7563.84,2 0,South,4,2,0
2,8,23,1,7564.351,2 0,East,4,2,0
2,8,23,1,7564.907,2 0,North,4,2,0
2,8,23,2,7565.592,1 0,North,4,2,0
2,8,23,3,7566.286,1 0,East,4,2,0
2,8,23,2,7566.902,1 1,East,4,2,0
2,8,23,3,7567.574,1 1,South,4,2,0
2,8,23,2,7568.156,2 1,South,4,2,0
2,8,23,2,7568.83,3 1,South,4,2,0
2,8,23,1,7569.813,3 1,East,4,2,0
2,8,23,2,7570.507,3 1,East,4,2,1
2,8,23,1,7571.033,3 1,North,4,2,1
2,8,23,2,7571.686,2 1,North,4,2,1
2,8,23,3,7572.235,2 1,East,4,2,1
2,8,23,2,7572.876,2 2,East,4,2,1
2,8,23,3,7573.596,2 2,South,4,2,1
2,8,23,2,7574.203,3 2,South,4,2,1
2,8,23,2,7574.853,4 2,South,4,2,1
2,8,23,1,7575.477,4 2,East,4,2,1
2,8,23,2,7576.037,4 3,East,4,2,1
2,8,23,2,7576.661,4 4,East,4,2,1
2,8,23,1,7577.324,4 4,North,4,2,1
2,8,23,2,7577.924,3 4,North,4,2,1
2,8,23,2,7578.458,2 4,North,4,2,1
2,8,23,2,7579.052,1 4,North,4,2,1
2,8,23,1,7579.589,1 4,West,4,2,1
2,8,23,2,7580.189,1 3,West,4,2,1
2,8,23,6,7580.6,1 3,West,4,3,1
2,8,23,1,7580.797,1 3,South,4,3,1
2,8,23,1,7581.723,1 3,East,4,3,1
2,8,23,1,7582.698,1 3,North,4,3,1
2,8,23,3,7585.452,1 3,East,4,3,1
2,8,23,2,7586.169,1 4,East,4,3,1
2,8,23,1,7586.989,1 4,North,4,3,1
2,8,23,1,7587.787,1 4,West,4,3,1
2,8,23,2,7588.407,1 3,West,4,3,1
2,8,23,3,7588.955,1 3,North,4,3,1
2,8,23,2,7589.545,0 3,North,4,3,1
2,8,23,1,7590.09,0 3,West,4,3,1
2,8,23,2,7590.667,0 2,West,4,3,1
2,8,23,2,7591.605,0 1,West,4,3,1
2,8,23,6,7592.02,0 1,West,4,4,1
2,8,23,1,7592.569,0 1,South,4,4,1
2,8,23,1,7593.189,0 1,East,4,4,1
2,8,23,2,7593.845,0 2,East,4,4,1
2,8,23,2,7594.97,0 3,East,4,4,1
2,8,23,2,7595.85,0 4,East,4,4,1
2,8,23,3,7596.613,0 4,South,4,4,1
2,8,23,3,7597.311,0 4,West,4,4,1
2,8,23,2,7597.91,0 3,West,4,4,1
2,8,23,1,7598.453,0 3,South,4,4,1
2,8,23,2,7599.125,1 3,South,4,4,1
2,8,23,1,7599.72,1 3,East,4,4,1
2,8,23,2,7600.282,1 4,East,4,4,1
2,8,23,3,7601.143,1 4,South,4,4,1
2,8,23,2,7601.704,2 4,South,4,4,1
2,8,23,2,7602.287,3 4,South,4,4,1
2,8,23,2,7602.839,4 4,South,4,4,1
2,8,23,3,7603.511,4 4,West,4,4,1
2,8,23,3,7604.152,4 4,North,4,4,1
2,8,23,1,7604.683,4 4,West,4,4,1
2,8,23,2,7605.322,4 3,West,4,4,1
2,8,23,2,7605.912,4 2,West,4,4,1
2,8,23,3,7606.504,4 2,North,4,4,1
2,8,23,2,7607.051,3 2,North,4,4,1
2,8,23,2,7607.625,2 2,North,4,4,1
2,8,23,1,7608.373,2 2,West,4,4,1
2,8,23,3,7609.047,2 2,North,4,4,1
2,8,23,2,7609.836,2 2,North,4,4,2
2,8,23,3,7610.365,2 2,East,4,4,2
2,8,23,1,7611.748,2 2,North,4,4,2
2,8,23,1,7612.809,2 2,West,4,4,2
2,8,23,2,7613.485,2 1,West,4,4,2
2,8,23,3,7614.074,2 1,North,4,4,2
2,8,23,2,7614.713,1 1,North,4,4,2
2,8,23,3,7615.399,1 1,East,4,4,2
2,8,23,2,7616.055,1 1,East,4,4,3
2,8,23,1,7616.618,1 1,North,4,4,3
2,8,23,2,7617.285,1 1,North,4,4,4
2,8,23,1,7617.798,1 1,West,4,4,4
2,8,23,1,7618.488,1 1,South,4,4,4
2,8,23,2,7619.095,2 1,South,4,4,4
2,8,23,1,7619.654,2 1,East,4,4,4
2,8,23,2,7620.278,2 2,East,4,4,4
2,8,23,2,7620.921,2 3,East,4,4,4
2,8,23,3,7621.804,2 3,South,4,4,4
2,8,23,2,7622.405,2 3,South,4,4,5
2,8,23,3,7622.957,2 3,West,4,4,5
2,8,23,2,7623.515,2 2,West,4,4,5
2,8,23,1,7624.089,2 2,South,4,4,5
2,8,23,2,7624.677,3 2,South,4,4,5
2,8,23,2,7625.245,4 2,South,4,4,5
2,8,23,1,7625.879,4 2,East,4,4,5
2,8,23,2,7626.854,4 3,East,4,4,5
2,8,23,2,7627.545,4 4,East,4,4,5
2,8,23,1,7628.437,4 4,North,4,4,5
2,8,23,2,7629.481,3 4,North,4,4,5
2,8,23,2,7630.012,2 4,North,4,4,5
2,8,23,2,7630.623,1 4,North,4,4,5
2,8,23,1,7631.306,1 4,West,4,4,5
2,8,23,2,7632.058,1 3,West,4,4,5
2,8,23,2,7632.887,1 3,West,4,4,6
2,8,23,3,7633.367,1 3,North,4,4,6
2,8,23,2,7634.008,0 3,North,4,4,6
2,8,23,1,7634.62,0 3,West,4,4,6
2,8,23,2,7635.269,0 2,West,4,4,6
2,8,23,1,7635.9,0 2,South,4,4,6
2,8,23,2,7636.613,1 2,South,4,4,6
2,8,23,6,7636.98,1 2,South,4,5,6
2,8,23,1,7637.372,1 2,East,4,5,6
2,8,23,1,7638.269,1 2,North,4,5,6
2,8,23,2,7638.949,0 2,North,4,5,6
2,8,23,3,7639.573,0 2,East,4,5,6
2,8,23,2,7640.231,0 3,East,4,5,6
2,8,23,3,7640.814,0 3,South,4,5,6
2,8,23,2,7641.529,1 3,South,4,5,6
2,8,23,1,7642.125,1 3,East,4,5,6
2,8,23,2,7642.806,1 4,East,4,5,6
2,8,23,3,7643.371,1 4,South,4,5,6
2,8,23,2,7643.901,2 4,South,4,5,6
2,8,23,2,7644.474,3 4,South,4,5,6
2,8,23,2,7645.021,4 4,South,4,5,6
2,8,23,3,7645.67,4 4,West,4,5,6
2,8,23,2,7646.388,4 3,West,4,5,6
2,8,23,2,7646.939,4 2,West,4,5,6
2,8,23,3,7647.512,4 2,North,4,5,6
2,8,23,2,7648.185,3 2,North,4,5,6
2,8,23,3,7650.807,3 2,East,4,5,6
2,8,23,3,7651.401,3 2,South,4,5,6
2,8,23,2,7651.972,4 2,South,4,5,6
2,8,23,1,7652.812,4 2,East,4,5,6
2,8,23,2,7653.401,4 3,East,4,5,6
2,8,23,2,7654.003,4 4,East,4,5,6
2,8,23,1,7654.679,4 4,North,4,5,6
2,8,23,2,7655.221,3 4,North,4,5,6
2,8,23,2,7655.784,2 4,North,4,5,6
2,8,23,1,7656.375,2 4,West,4,5,6
2,8,23,2,7656.999,2 3,West,4,5,6
2,8,23,6,7657.4,2 3,West,4,6,6
2,8,23,1,7657.912,2 3,South,4,6,6
2,8,23,1,7658.506,2 3,East,4,6,6
2,8,23,2,7659.068,2 4,East,4,6,6
2,8,23,3,7659.641,2 4,South,4,6,6
2,8,23,2,7660.22,3 4,South,4,6,6
2,8,23,2,7660.814,4 4,South,4,6,6
2,8,23,3,7661.498,4 4,West,4,6,6
2,8,23,2,7662.087,4 3,West,4,6,6
2,8,23,2,7662.668,4 2,West,4,6,6
2,8,23,3,7663.367,4 2,North,4,6,6
2,8,23,2,7663.979,3 2,North,4,6,6
2,8,23,2,7664.583,2 2,North,4,6,6
2,8,23,1,7665.227,2 2,West,4,6,6
2,8,23,2,7665.852,2 1,West,4,6,6
2,8,23,3,7666.488,2 1,North,4,6,6
2,8,23,2,7667.086,1 1,North,4,6,6
2,8,23,1,7667.608,1 1,West,4,6,6
2,8,23,2,7668.186,1 0,West,4,6,6
2,8,23,6,7668.6,1 0,West,4,7,6
2,8,23,1,7668.938,1 0,South,4,7,6
2,8,23,1,7669.624,1 0,East,4,7,6
2,8,23,2,7670.238,1 1,East,4,7,6
2,8,23,3,7670.842,1 1,South,4,7,6
2,8,23,2,7671.464,2 1,South,4,7,6
2,8,23,1,7672.118,2 1,East,4,7,6
2,8,23,2,7672.653,2 2,East,4,7,6
2,8,23,2,7673.303,2 3,East,4,7,6
2,8,23,3,7673.884,2 3,South,4,7,6
2,8,23,2,7674.47,2 3,South,4,7,7
2,8,23,1,7676.922,2 3,East,4,7,7
2,8,23,1,7677.562,2 3,North,4,7,7
2,8,23,2,7678.216,1 3,North,4,7,7
2,8,23,3,7678.774,1 3,East,4,7,7
2,8,23,2,7679.451,1 4,East,4,7,7
2,8,23,3,7680.053,1 4,South,4,7,7
2,8,23,2,7680.659,2 4,South,4,7,7
2,8,23,2,7681.222,3 4,South,4,7,7
2,8,23,2,7681.813,4 4,South,4,7,7
2,8,23,3,7682.425,4 4,West,4,7,7
2,8,23,2,7682.938,4 3,West,4,7,7
2,8,23,6,7683.36,4 3,West,4,8,7
0,8,24,2,7687.748,3 4,North,4,0,7
0,8,24,2,7688.41,2 4,North,4,0,7
0,8,24,1,7688.953,2 4,West,4,0,7
0,8,24,2,7689.931,2 3,West,4,0,7
0,8,24,3,7690.953,2 3,North,4,0,7
0,8,24,2,7691.558,1 3,North,4,0,7
0,8,24,2,7692.196,0 3,North,4,0,7
0,8,24,1,7692.726,0 3,West,4,0,7
0,8,24,2,7693.364,0 2,West,4,0,7
0,8,24,2,7694.057,0 1,West,4,0,7
0,8,24,2,7694.918,0 0,West,4,0,7
0,8,24,6,7695.34,0 0,West,4,1,7
0,8,24,1,7695.531,0 0,South,4,1,7
0,8,24,1,7696.084,0 0,East,4,1,7
0,8,24,2,7696.662,0 1,East,4,1,7
0,8,24,2,7697.477,0 2,East,4,1,7
0,8,24,3,7698.06,0 2,South,4,1,7
0,8,24,2,7698.7,1 2,South,4,1,7
0,8,24,1,7699.397,1 2,East,4,1,7
0,8,24,1,7699.981,1 2,North,4,1,7
0,8,24,2,7700.62,0 2,North,4,1,7
0,8,24,3,7701.228,0 2,East,4,1,7
0,8,24,2,7701.869,0 3,East,4,1,7
0,8,24,3,7702.391,0 3,South,4,1,7
0,8,24,2,7702.935,1 3,South,4,1,7
0,8,24,1,7703.479,1 3,East,4,1,7
0,8,24,2,7704.071,1 4,East,4,1,7
0,8,24,3,7705.052,1 4,South,4,1,7
0,8,24,2,7705.688,2 4,South,4,1,7
0,8,24,6,7706.06,2 4,South,4,2,7
0,8,24,2,7706.439,3 4,South,4,2,7
0,8,24,2,7707.046,4 4,South,4,2,7
0,8,24,3,7707.607,4 4,West,4,2,7
0,8,24,2,7708.188,4 3,West,4,2,7
0,8,24,2,7708.73,4 2,West,4,2,7
0,8,24,3,7709.606,4 2,North,4,2,7
0,8,24,2,7710.23,3 2,North,4,2,7
0,8,24,2,7710.823,2 2,North,4,2,7
0,8,24,1,7711.406,2 2,West,4,2,7
0,8,24,2,7711.996,2 1,West,4,2,7
0,8,24,1,7712.728,2 1,South,4,2,7
0,8,24,2,7713.417,3 1,South,4,2,7
0,8,24,2,7714.042,4 1,South,4,2,7
0,8,24,3,7714.557,4 1,West,4,2,7
0,8,24,2,7715.1,4 0,West,4,2,7
0,8,24,3,7715.963,4 0,North,4,2,7
0,8,24,3,7716.888,4 0,East,4,2,7
0,8,24,1,7717.496,4 0,North,4,2,7
0,8,24,2,7718.071,3 0,North,4,2,7
0,8,24,2,7718.617,2 0,North,4,2,7
0,8,24,2,7719.415,1 0,North,4,2,7
0,8,24,3,7720.311,1 0,East,4,2,7
0,8,24,2,7720.954,1 1,East,4,2,7
0,8,24,3,7721.465,1 1,South,4,2,7
0,8,24,2,7722.087,2 1,South,4,2,7
0,8,24,1,7722.651,2 1,East,4,2,7
0,8,24,2,7723.226,2 2,East,4,2,7
0,8,24,2,7723.844,2 3,East,4,2,7
0,8,24,1,7724.476,2 3,North,4,2,7
0,8,24,2,7725.029,1 3,North,4,2,7
0,8,24,2,7725.574,0 3,North,4,2,7
0,8,24,1,7726.188,0 3,West,4,2,7
0,8,24,2,7726.779,0 2,West,4,2,7
0,8,24,6,7727.2,0 2,West,4,3,7
0,8,24,1,7727.452,0 2,South,4,3,7
0,8,24,1,7728.103,0 2,East,4,3,7
0,8,24,2,7728.652,0 3,East,4,3,7
0,8,24,3,7729.176,0 3,South,4,3,7
0,8,24,2,7729.768,1 3,South,4,3,7
0,8,24,2,7730.427,2 3,South,4,3,7
0,8,24,3,7730.954,2 3,West,4,3,7
0,8,24,2,7731.478,2 2,West,4,3,7
0,8,24,1,7732.295,2 2,South,4,3,7
0,8,24,2,7732.939,3 2,South,4,3,7
0,8,24,2,7733.701,4 2,South,4,3,7
0,8,24,1,7734.233,4 2,East,4,3,7
0,8,24,1,7734.825,4 2,North,4,3,7
0,8,24,1,7735.496,4 2,West,4,3,7
0,8,24,3,7736.093,4 2,North,4,3,7
0,8,24,2,7736.647,3 2,North,4,3,7
0,8,24,2,7737.525,2 2,North,4,3,7
0,8,24,1,7738.252,2 2,West,4,3,7
0,8,24,2,7739.116,2 1,West,4,3,7
0,8,24,1,7739.786,2 1,South,4,3,7
0,8,24,2,7740.388,3 1,South,4,3,7
0,8,24,2,7740.966,4 1,South,4,3,7
0,8,24,3,7741.529,4 1,West,4,3,7
0,8,24,2,7742.062,4 0,West,4,3,7
0,8,24,3,7742.603,4 0,North,4,3,7
0,8,24,2,7743.158,3 0,North,4,3,7
0,8,24,6,7743.54,3 0,North,4,4,7
0,8,24,3,7744.553,3 0,East,4,4,7
0,8,24,3,7745.101,3 0,South,4,4,7
0,8,24,2,7745.675,4 0,South,4,4,7
0,8,24,1,7746.507,4 0,East,4,4,7
0,8,24,2,7747.021,4 1,East,4,4,7
0,8,24,1,7747.596,4 1,North,4,4,7
0,8,24,2,7748.136,3 1,North,4,4,7
0,8,24,2,7748.747,2 1,North,4,4,7
0,8,24,3,7749.595,2 1,East,4,4,7
0,8,24,2,7750.153,2 2,East,4,4,7
0,8,24,6,7750.56,2 2,East,4,5,7
0,8,24,2,7750.908,2 3,East,4,5,7
0,8,24,2,7751.597,2 4,East,4,5,7
0,8,24,3,7752.165,2 4,South,4,5,7
0,8,24,2,7752.727,3 4,South,4,5,7
0,8,24,6,7753.1,3 4,South,4,6,7
0,8,24,3,7753.483,3 4,West,4,6,7
0,8,24,3,7754.426,3 4,North,4,6,7
0,8,24,2,7754.965,2 4,North,4,6,7
0,8,24,2,7755.497,1 4,North,4,6,7
0,8,24,1,7756.387,1 4,West,4,6,7
0,8,24,2,7757.018,1 3,West,4,6,7
0,8,24,3,7757.544,1 3,North,4,6,7
0,8,24,2,7758.25,0 3,North,4,6,7
0,8,24,1,7758.868,0 3,West,4,6,7
0,8,24,1,7759.433,0 3,South,4,6,7
0,8,24,3,7760.022,0 3,West,4,6,7
0,8,24,2,7760.597,0 2,West,4,6,7
0,8,24,1,7761.163,0 2,South,4,6,7
0,8,24,2,7761.69,1 2,South,4,6,7
0,8,24,6,7762.08,1 2,South,4,7,7
0,8,24,1,7762.507,1 2,East,4,7,7
0,8,24,1,7763.063,1 2,North,4,7,7
0,8,24,2,7763.894,0 2,North,4,7,7
0,8,24,1,7764.475,0 2,West,4,7,7
0,8,24,3,7765,0 2,North,4,7,7
0,8,24,3,7765.533,0 2,East,4,7,7
0,8,24,2,7766.085,0 3,East,4,7,7
0,8,24,3,7766.979,0 3,South,4,7,7
0,8,24,2,7767.509,1 3,South,4,7,7
0,8,24,1,7768.425,1 3,East,4,7,7
0,8,24,2,7769.036,1 4,East,4,7,7
0,8,24,6,7769.44,1 4,East,4,8,7
2,8,24,2,7772.516,3 4,North,4,0,0
2,8,24,2,7773.176,2 4,North,4,0,0
2,8,24,2,7773.846,1 4,North,4,0,0
2,8,24,1,7774.569,1 4,West,4,0,0
2,8,24,2,7775.159,1 3,West,4,0,0
2,8,24,3,7775.724,1 3,North,4,0,0
2,8,24,2,7776.293,0 3,North,4,0,0
2,8,24,1,7776.826,0 3,West,4,0,0
2,8,24,2,7777.338,0 2,West,4,0,0
2,8,24,2,7777.899,0 1,West,4,0,0
2,8,24,2,7778.601,0 0,West,4,0,0
2,8,24,6,7779.02,0 0,West,4,1,0
2,8,24,1,7779.336,0 0,South,4,1,0
2,8,24,1,7779.85,0 0,East,4,1,0
2,8,24,2,7780.397,0 1,East,4,1,0
2,8,24,2,7780.94,0 2,East,4,1,0
2,8,24,2,7781.54,0 3,East,4,1,0
2,8,24,3,7782.14,0 3,South,4,1,0
2,8,24,2,7782.681,1 3,South,4,1,0
2,8,24,1,7783.593,1 3,East,4,1,0
2,8,24,2,7784.265,1 4,East,4,1,0
2,8,24,6,7784.66,1 4,East,4,2,0
2,8,24,3,7784.86,1 4,South,4,2,0
2,8,24,2,7785.433,2 4,South,4,2,0
2,8,24,2,7785.974,3 4,South,4,2,0
2,8,24,2,7786.549,4 4,South,4,2,0
2,8,24,3,7787.174,4 4,West,4,2,0
2,8,24,3,7787.724,4 4,North,4,2,0
2,8,24,1,7788.889,4 4,West,4,2,0
2,8,24,2,7790.075,4 3,West,4,2,0
2,8,24,2,7791.149,4 2,West,4,2,0
2,8,24,3,7791.829,4 2,North,4,2,0
2,8,24,2,7792.364,3 2,North,4,2,0
2,8,24,2,7793.142,2 2,North,4,2,0
2,8,24,1,7793.782,2 2,West,4,2,0
2,8,24,2,7794.376,2 1,West,4,2,0
2,8,24,1,7795.287,2 1,South,4,2,0
2,8,24,2,7795.949,3 1,South,4,2,0
2,8,24,3,7796.509,3 1,West,4,2,0
2,8,24,2,7797.286,3 1,West,4,2,1
2,8,24,3,7797.849,3 1,North,4,2,1
2,8,24,1,7798.456,3 1,West,4,2,1
2,8,24,1,7799.364,3 1,South,4,2,1
2,8,24,2,7800.072,4 1,South,4,2,1
2,8,24,3,7800.724,4 1,West,4,2,1
2,8,24,2,7801.452,4 0,West,4,2,1
2,8,24,3,7802.076,4 0,North,4,2,1
2,8,24,2,7802.739,3 0,North,4,2,1
2,8,24,6,7803.12,3 0,North,4,3,1
2,8,24,1,7803.575,3 0,West,4,3,1
2,8,24,1,7804.228,3 0,South,4,3,1
2,8,24,2,7804.839,4 0,South,4,3,1
2,8,24,1,7805.436,4 0,East,4,3,1
2,8,24,2,7806.089,4 1,East,4,3,1
2,8,24,1,7806.611,4 1,North,4,3,1
2,8,24,2,7807.158,3 1,North,4,3,1
2,8,24,3,7807.783,3 1,East,4,3,1
2,8,24,2,7808.318,3 1,East,4,3,2
2,8,24,1,7808.859,3 1,North,4,3,2
2,8,24,2,7809.414,2 1,North,4,3,2
2,8,24,3,7810.027,2 1,East,4,3,2
2,8,24,2,7810.573,2 2,East,4,3,2
2,8,24,2,7811.244,2 3,East,4,3,2
2,8,24,3,7812.12,2 3,South,4,3,2
2,8,24,2,7812.661,2 3,South,4,3,3
2,8,24,1,7813.449,2 3,East,4,3,3
2,8,24,2,7814.099,2 4,East,4,3,3
2,8,24,6,7814.5,2 4,East,4,4,3
2,8,24,3,7814.746,2 4,South,4,4,3
2,8,24,2,7815.337,3 4,South,4,4,3
2,8,24,2,7816.02,4 4,South,4,4,3
2,8,24,3,7816.646,4 4,West,4,4,3
2,8,24,2,7818.188,4 3,West,4,4,3
2,8,24,2,7819.373,4 2,West,4,4,3
2,8,24,2,7820.229,4 2,West,4,4,4
2,8,24,3,7820.724,4 2,North,4,4,4
2,8,24,2,7821.352,3 2,North,4,4,4
2,8,24,2,7821.875,2 2,North,4,4,4
2,8,24,1,7822.597,2 2,West,4,4,4
2,8,24,2,7823.222,2 1,West,4,4,4
2,8,24,1,7823.877,2 1,South,4,4,4
2,8,24,2,7824.517,3 1,South,4,4,4
2,8,24,2,7825.309,4 1,South,4,4,4
2,8,24,3,7825.893,4 1,West,4,4,4
2,8,24,2,7826.553,4 0,West,4,4,4
2,8,24,6,7826.96,4 0,West,4,5,4
2,8,24,1,7827.302,4 0,South,4,5,4
2,8,24,1,7827.996,4 0,East,4,5,4
2,8,24,2,7828.614,4 1,East,4,5,4
2,8,24,1,7829.178,4 1,North,4,5,4
2,8,24,2,7829.803,3 1,North,4,5,4
2,8,24,3,7830.348,3 1,East,4,5,4
2,8,24,2,7831.032,3 1,East,4,5,5
2,8,24,1,7831.542,3 1,North,4,5,5
2,8,24,2,7832.088,2 1,North,4,5,5
2,8,24,3,7832.663,2 1,East,4,5,5
2,8,24,2,7833.352,2 2,East,4,5,5
2,8,24,3,7833.9,2 2,South,4,5,5
2,8,24,2,7834.564,3 2,South,4,5,5
2,8,24,6,7834.94,3 2,South,4,6,5
2,8,24,2,7835.32,4 2,South,4,6,5
2,8,24,1,7835.913,4 2,East,4,6,5
2,8,24,2,7836.476,4 3,East,4,6,5
2,8,24,2,7837.031,4 4,East,4,6,5
2,8,24,1,7837.727,4 4,North,4,6,5
2,8,24,2,7838.329,3 4,North,4,6,5
2,8,24,6,7838.72,3 4,North,4,7,5
2,8,24,1,7839.207,3 4,West,4,7,5
2,8,24,1,7839.978,3 4,South,4,7,5
2,8,24,2,7840.668,4 4,South,4,7,5
2,8,24,3,7841.384,4 4,West,4,7,5
2,8,24,2,7841.916,4 3,West,4,7,5
2,8,24,2,7842.603,4 2,West,4,7,5
2,8,24,6,7843.02,4 2,West,4,8,5
