PhaseView,Run,Trial,Key,Time,Location,Direction,MazeType,Diamonds,WallBumped
0,3,7,1,750.3563,4 4,West,2,0,0
0,3,7,3,751.2545,4 4,North,2,0,0
0,3,7,2,752.1635,3 4,North,2,0,0
0,3,7,2,752.7293,2 4,North,2,0,0
0,3,7,2,753.6909,1 4,North,2,0,0
0,3,7,6,754.08,1 4,North,2,1,0
0,3,7,1,754.4396,1 4,West,2,1,0
0,3,7,2,757.0668,1 3,West,2,1,0
0,3,7,1,757.6027,1 3,South,2,1,0
0,3,7,2,758.473,2 3,South,2,1,0
0,3,7,3,759.0321,2 3,West,2,1,0
0,3,7,2,759.605,2 2,West,2,1,0
0,3,7,3,760.4827,2 2,North,2,1,0
0,3,7,2,761.5565,1 2,North,2,1,0
0,3,7,2,762.4523,0 2,North,2,1,0
0,3,7,1,763.0346,0 2,West,2,1,0
0,3,7,2,763.6047,0 1,West,2,1,0
0,3,7,2,765.2095,0 0,West,2,1,0
0,3,7,3,766.008,0 0,North,2,1,0
0,3,7,3,766.6274,0 0,East,2,1,0
0,3,7,2,767.6548,0 1,East,2,1,0
0,3,7,2,768.296,0 2,East,2,1,0
0,3,7,3,769.1141,0 2,South,2,1,0
0,3,7,2,769.6403,1 2,South,2,1,0
0,3,7,2,770.1791,2 2,South,2,1,0
0,3,7,1,771.0808,2 2,East,2,1,0
0,3,7,2,771.6576,2 3,East,2,1,0
0,3,7,1,772.46,2 3,North,2,1,0
0,3,7,2,773.1929,1 3,North,2,1,0
0,3,7,3,773.8301,1 3,East,2,1,0
0,3,7,2,774.5834,1 4,East,2,1,0
0,3,7,3,775.2377,1 4,South,2,1,0
0,3,7,2,775.9142,2 4,South,2,1,0
0,3,7,2,776.563,3 4,South,2,1,0
0,3,7,2,777.2036,4 4,South,2,1,0
0,3,7,3,778.0078,4 4,West,2,1,0
0,3,7,2,778.619,4 3,West,2,1,0
0,3,7,2,779.4489,4 2,West,2,1,0
0,3,7,3,779.9718,4 2,North,2,1,0
0,3,7,2,780.5348,3 2,North,2,1,0
0,3,7,3,781.1561,3 2,East,2,1,0
0,3,7,2,782.0419,3 3,East,2,1,0
0,3,7,6,782.46,3 3,East,2,2,0
0,3,7,1,782.8097,3 3,North,2,2,0
0,3,7,1,783.4905,3 3,West,2,2,0
0,3,7,2,784.0095,3 2,West,2,2,0
0,3,7,2,784.66,3 1,West,2,2,0
0,3,7,3,785.2065,3 1,North,2,2,0
0,3,7,2,785.7986,2 1,North,2,2,0
0,3,7,2,786.7416,1 1,North,2,2,0
0,3,7,1,787.6273,1 1,West,2,2,0
0,3,7,2,788.1805,1 0,West,2,2,0
0,3,7,1,788.7386,1 0,South,2,2,0
0,3,7,2,789.4592,2 0,South,2,2,0
0,3,7,2,790.0419,3 0,South,2,2,0
0,3,7,2,790.7932,4 0,South,2,2,0
0,3,7,1,791.3475,4 0,East,2,2,0
0,3,7,2,792.0085,4 1,East,2,2,0
0,3,7,6,792.42,4 1,East,2,3,0
0,3,7,3,792.6748,4 1,South,2,3,0
0,3,7,3,793.3658,4 1,West,2,3,0
0,3,7,2,794.0123,4 0,West,2,3,0
0,3,7,3,794.5505,4 0,North,2,3,0
0,3,7,2,795.1144,3 0,North,2,3,0
0,3,7,2,795.6874,2 0,North,2,3,0
0,3,7,2,796.4728,1 0,North,2,3,0
0,3,7,3,797.0007,1 0,East,2,3,0
0,3,7,2,797.6062,1 1,East,2,3,0
0,3,7,3,798.1169,1 1,South,2,3,0
0,3,7,2,798.7417,2 1,South,2,3,0
0,3,7,2,799.3714,3 1,South,2,3,0
0,3,7,1,800.2298,3 1,East,2,3,0
0,3,7,2,800.9392,3 2,East,2,3,0
0,3,7,2,801.4503,3 3,East,2,3,0
0,3,7,3,802.0845,3 3,South,2,3,0
0,3,7,3,802.7784,3 3,West,2,3,0
0,3,7,2,803.2894,3 2,West,2,3,0
0,3,7,1,804.2142,3 2,South,2,3,0
0,3,7,2,805.0467,4 2,South,2,3,0
0,3,7,1,805.9908,4 2,East,2,3,0
0,3,7,2,806.5543,4 3,East,2,3,0
0,3,7,2,807.1273,4 4,East,2,3,0
0,3,7,1,808.0569,4 4,North,2,3,0
0,3,7,2,808.9854,3 4,North,2,3,0
0,3,7,2,809.7212,2 4,North,2,3,0
0,3,7,2,810.54,1 4,North,2,3,0
0,3,7,1,811.1389,1 4,West,2,3,0
0,3,7,3,812.6813,1 4,North,2,3,0
0,3,7,2,813.338,0 4,North,2,3,0
0,3,7,1,814.4054,0 4,West,2,3,0
0,3,7,1,815.4614,0 4,South,2,3,0
0,3,7,3,817.317,0 4,West,2,3,0
0,3,7,2,818.8693,0 3,West,2,3,0
0,3,7,1,820.6003,0 3,South,2,3,0
0,3,7,1,821.2397,0 3,East,2,3,0
0,3,7,2,821.8495,0 4,East,2,3,0
0,3,7,3,822.5542,0 4,South,2,3,0
0,3,7,2,823.352,1 4,South,2,3,0
0,3,7,3,824.6769,1 4,West,2,3,0
0,3,7,1,827.4449,1 4,South,2,3,0
0,3,7,3,828.5496,1 4,West,2,3,0
0,3,7,1,830.0752,1 4,South,2,3,0
0,3,7,3,830.6491,1 4,West,2,3,0
0,3,7,2,831.5463,1 3,West,2,3,0
0,3,7,1,832.169,1 3,South,2,3,0
0,3,7,2,832.8846,2 3,South,2,3,0
0,3,7,3,833.5764,2 3,West,2,3,0
0,3,7,2,834.5983,2 2,West,2,3,0
0,3,7,3,835.3052,2 2,North,2,3,0
0,3,7,2,835.9279,1 2,North,2,3,0
0,3,7,2,836.7706,0 2,North,2,3,0
0,3,7,1,837.3632,0 2,West,2,3,0
0,3,7,2,837.9907,0 1,West,2,3,0
0,3,7,2,838.746,0 0,West,2,3,0
0,3,7,6,839.16,0 0,West,2,4,0
0,3,7,3,839.3989,0 0,North,2,4,0
0,3,7,3,839.9713,0 0,East,2,4,0
0,3,7,2,840.582,0 1,East,2,4,0
0,3,7,2,841.1547,0 2,East,2,4,0
0,3,7,3,841.7532,0 2,South,2,4,0
0,3,7,2,842.3112,1 2,South,2,4,0
0,3,7,2,842.9004,2 2,South,2,4,0
0,3,7,1,843.8958,2 2,East,2,4,0
0,3,7,2,844.4728,2 3,East,2,4,0
0,3,7,1,845.3785,2 3,North,2,4,0
0,3,7,2,846.0261,1 3,North,2,4,0
0,3,7,3,846.6356,1 3,East,2,4,0
0,3,7,2,847.1891,1 4,East,2,4,0
0,3,7,3,847.7058,1 4,South,2,4,0
0,3,7,2,848.2778,2 4,South,2,4,0
0,3,7,2,848.8063,3 4,South,2,4,0
0,3,7,2,850.0726,4 4,South,2,4,0
0,3,7,3,851.0026,4 4,West,2,4,0
0,3,7,2,851.5278,4 3,West,2,4,0
0,3,7,2,852.0989,4 2,West,2,4,0
0,3,7,3,852.9794,4 2,North,2,4,0
0,3,7,2,853.941,3 2,North,2,4,0
0,3,7,6,854.32,3 2,North,2,5,0
0,3,7,3,854.7394,3 2,East,2,5,0
0,3,7,1,856.1965,3 2,North,2,5,0
0,3,7,1,857.1398,3 2,West,2,5,0
0,3,7,2,857.7309,3 1,West,2,5,0
0,3,7,3,858.2616,3 1,North,2,5,0
0,3,7,2,858.8428,2 1,North,2,5,0
0,3,7,2,859.4178,1 1,North,2,5,0
0,3,7,1,860.0101,1 1,West,2,5,0
0,3,7,2,860.9149,1 0,West,2,5,0
0,3,7,1,861.4745,1 0,South,2,5,0
0,3,7,2,862.2332,2 0,South,2,5,0
0,3,7,2,862.7418,3 0,South,2,5,0
0,3,7,2,863.5575,4 0,South,2,5,0
0,3,7,1,864.0725,4 0,East,2,5,0
0,3,7,1,865.1254,4 0,North,2,5,0
0,3,7,2,865.7064,3 0,North,2,5,0
0,3,7,2,866.3075,2 0,North,2,5,0
0,3,7,2,867.2382,1 0,North,2,5,0
0,3,7,3,868.1497,1 0,East,2,5,0
0,3,7,2,868.7236,1 1,East,2,5,0
0,3,7,3,869.2518,1 1,South,2,5,0
0,3,7,2,869.8156,2 1,South,2,5,0
0,3,7,2,870.5232,3 1,South,2,5,0
0,3,7,1,871.0651,3 1,East,2,5,0
0,3,7,2,871.611,3 2,East,2,5,0
0,3,7,3,872.6465,3 2,South,2,5,0
0,3,7,2,873.2205,4 2,South,2,5,0
0,3,7,1,873.7963,4 2,East,2,5,0
0,3,7,2,874.3453,4 3,East,2,5,0
0,3,7,2,874.9547,4 4,East,2,5,0
0,3,7,1,875.8906,4 4,North,2,5,0
0,3,7,2,876.4243,3 4,North,2,5,0
0,3,7,2,877.5739,2 4,North,2,5,0
0,3,7,2,878.2194,1 4,North,2,5,0
0,3,7,1,878.8365,1 4,West,2,5,0
0,3,7,2,879.5408,1 3,West,2,5,0
0,3,7,6,879.96,1 3,West,2,6,0
0,3,7,3,880.8709,1 3,North,2,6,0
0,3,7,3,881.5004,1 3,East,2,6,0
0,3,7,2,882.0834,1 4,East,2,6,0
0,3,7,1,882.7083,1 4,North,2,6,0
0,3,7,2,883.2867,0 4,North,2,6,0
0,3,7,1,884.2103,0 4,West,2,6,0
0,3,7,1,885.059,0 4,South,2,6,0
0,3,7,2,885.6895,1 4,South,2,6,0
0,3,7,2,887.7156,2 4,South,2,6,0
0,3,7,2,888.2498,3 4,South,2,6,0
0,3,7,2,889.2104,4 4,South,2,6,0
0,3,7,3,889.8184,4 4,West,2,6,0
0,3,7,2,890.3444,4 3,West,2,6,0
0,3,7,2,891.1252,4 2,West,2,6,0
0,3,7,3,891.6993,4 2,North,2,6,0
0,3,7,2,892.7293,3 2,North,2,6,0
0,3,7,3,893.6422,3 2,East,2,6,0
0,3,7,1,894.2285,3 2,North,2,6,0
0,3,7,1,894.8035,3 2,West,2,6,0
0,3,7,2,895.3688,3 1,West,2,6,0
0,3,7,3,895.9101,3 1,North,2,6,0
0,3,7,2,896.451,2 1,North,2,6,0
0,3,7,2,896.9991,1 1,North,2,6,0
0,3,7,1,897.8763,1 1,West,2,6,0
0,3,7,2,898.7752,1 0,West,2,6,0
0,3,7,1,899.7532,1 0,South,2,6,0
0,3,7,2,900.4194,2 0,South,2,6,0
0,3,7,6,900.8,2 0,South,2,7,0
0,3,7,2,901.3717,3 0,South,2,7,0
0,3,7,2,902.1219,4 0,South,2,7,0
0,3,7,1,902.7321,4 0,East,2,7,0
0,3,7,1,903.8335,4 0,North,2,7,0
0,3,7,2,904.5156,3 0,North,2,7,0
0,3,7,2,905.0472,2 0,North,2,7,0
0,3,7,2,906.1722,1 0,North,2,7,0
0,3,7,2,907.0335,1 0,North,2,7,0
0,3,7,3,907.605,1 0,East,2,7,0
0,3,7,2,908.1989,1 1,East,2,7,0
0,3,7,3,909.0342,1 1,South,2,7,0
0,3,7,2,909.7213,2 1,South,2,7,0
0,3,7,2,910.3889,3 1,South,2,7,0
0,3,7,6,910.76,3 1,South,2,8,0
2,3,7,1,915.0461,4 4,West,2,0,0
2,3,7,3,916.1348,4 4,North,2,0,0
2,3,7,2,919.0912,3 4,North,2,0,0
2,3,7,1,919.8834,3 4,West,2,0,0
2,3,7,2,920.601,3 4,West,2,0,1
2,3,7,3,921.1155,3 4,North,2,0,1
2,3,7,2,921.862,2 4,North,2,0,1
2,3,7,1,923.5251,2 4,West,2,0,1
2,3,7,1,924.1311,2 4,South,2,0,1
2,3,7,2,924.7447,3 4,South,2,0,1
2,3,7,2,925.4186,4 4,South,2,0,1
2,3,7,3,926.0593,4 4,West,2,0,1
2,3,7,2,926.7123,4 3,West,2,0,1
2,3,7,3,930.2482,4 3,North,2,0,1
2,3,7,2,931.0463,4 3,North,2,0,2
2,3,7,1,931.7161,4 3,West,2,0,2
2,3,7,2,932.5823,4 2,West,2,0,2
2,3,7,3,933.2262,4 2,North,2,0,2
2,3,7,2,933.9081,3 2,North,2,0,2
2,3,7,6,934.28,3 2,North,2,1,2
2,3,7,1,934.9018,3 2,West,2,1,2
2,3,7,1,937.7975,3 2,South,2,1,2
2,3,7,2,938.6762,4 2,South,2,1,2
2,3,7,1,939.3634,4 2,East,2,1,2
2,3,7,2,940.1672,4 3,East,2,1,2
2,3,7,2,940.8033,4 4,East,2,1,2
2,3,7,1,941.4958,4 4,North,2,1,2
2,3,7,2,942.3274,3 4,North,2,1,2
2,3,7,2,943.0433,2 4,North,2,1,2
2,3,7,2,945.5922,1 4,North,2,1,2
2,3,7,1,946.6105,1 4,West,2,1,2
2,3,7,3,947.4769,1 4,North,2,1,2
2,3,7,2,948.3133,0 4,North,2,1,2
2,3,7,1,949.0115,0 4,West,2,1,2
2,3,7,2,949.7494,0 3,West,2,1,2
2,3,7,2,950.4756,0 3,West,2,1,3
2,3,7,3,950.9956,0 3,North,2,1,3
2,3,7,3,951.6848,0 3,East,2,1,3
2,3,7,2,952.2926,0 4,East,2,1,3
2,3,7,3,952.9533,0 4,South,2,1,3
2,3,7,2,953.6043,1 4,South,2,1,3
2,3,7,3,954.4768,1 4,West,2,1,3
2,3,7,2,955.1895,1 3,West,2,1,3
2,3,7,2,955.996,1 3,West,2,1,4
2,3,7,1,956.9014,1 3,South,2,1,4
2,3,7,2,957.6578,2 3,South,2,1,4
2,3,7,3,958.4398,2 3,West,2,1,4
2,3,7,2,959.2371,2 2,West,2,1,4
2,3,7,3,960.136,2 2,North,2,1,4
2,3,7,2,961.002,1 2,North,2,1,4
2,3,7,2,961.7667,0 2,North,2,1,4
2,3,7,1,962.4734,0 2,West,2,1,4
2,3,7,2,963.2112,0 1,West,2,1,4
2,3,7,2,964.0206,0 0,West,2,1,4
2,3,7,6,964.42,0 0,West,2,2,4
2,3,7,1,964.996,0 0,South,2,2,4
2,3,7,1,965.924,0 0,East,2,2,4
2,3,7,2,966.6197,0 1,East,2,2,4
2,3,7,2,967.3551,0 2,East,2,2,4
2,3,7,3,968.0229,0 2,South,2,2,4
2,3,7,2,968.6771,1 2,South,2,2,4
2,3,7,1,969.4153,1 2,East,2,2,4
2,3,7,2,970.1524,1 2,East,2,2,5
2,3,7,3,970.678,1 2,South,2,2,5
2,3,7,2,971.3505,2 2,South,2,2,5
2,3,7,1,971.9263,2 2,East,2,2,5
2,3,7,2,972.5693,2 3,East,2,2,5
2,3,7,1,973.2226,2 3,North,2,2,5
2,3,7,2,973.8454,1 3,North,2,2,5
2,3,7,3,974.4218,1 3,East,2,2,5
2,3,7,2,975.2029,1 4,East,2,2,5
2,3,7,3,975.8107,1 4,South,2,2,5
2,3,7,2,976.4404,2 4,South,2,2,5
2,3,7,2,977.0335,3 4,South,2,2,5
2,3,7,2,977.8981,4 4,South,2,2,5
2,3,7,3,978.4986,4 4,West,2,2,5
2,3,7,2,979.063,4 3,West,2,2,5
2,3,7,2,981.0645,4 2,West,2,2,5
2,3,7,3,982.1158,4 2,North,2,2,5
2,3,7,2,983.0292,3 2,North,2,2,5
2,3,7,1,983.7798,3 2,West,2,2,5
2,3,7,2,984.4728,3 1,West,2,2,5
2,3,7,1,985.0907,3 1,South,2,2,5
2,3,7,2,985.7379,3 1,South,2,2,6
2,3,7,3,986.3243,3 1,West,2,2,6
2,3,7,2,986.963,3 1,West,2,2,7
2,3,7,3,987.814,3 1,North,2,2,7
2,3,7,2,988.8736,2 1,North,2,2,7
2,3,7,1,989.6842,2 1,West,2,2,7
2,3,7,2,990.2746,2 1,West,2,2,8
2,3,7,1,992.4836,2 1,South,2,2,8
2,3,7,1,993.0931,2 1,East,2,2,8
2,3,7,2,993.96,2 1,East,2,2,9
2,3,7,3,994.7887,2 1,South,2,2,9
2,3,7,2,995.459,3 1,South,2,2,9
2,3,7,1,996.1498,3 1,East,2,2,9
2,3,7,2,996.794,3 2,East,2,2,9
2,3,7,3,997.4186,3 2,South,2,2,9
2,3,7,2,998.0184,4 2,South,2,2,9
2,3,7,3,998.6183,4 2,West,2,2,9
2,3,7,2,999.3054,4 2,West,2,2,10
2,3,7,3,1000.49,4 2,North,2,2,10
2,3,7,2,1001.322,3 2,North,2,2,10
2,3,7,2,1002.011,3 2,North,2,2,11
2,3,7,1,1002.579,3 2,West,2,2,11
2,3,7,2,1003.156,3 1,West,2,2,11
2,3,7,3,1003.987,3 1,North,2,2,11
2,3,7,2,1004.776,2 1,North,2,2,11
2,3,7,1,1005.515,2 1,West,2,2,11
2,3,7,2,1006.211,2 1,West,2,2,12
2,3,7,3,1006.681,2 1,North,2,2,12
2,3,7,2,1007.322,1 1,North,2,2,12
2,3,7,1,1007.913,1 1,West,2,2,12
2,3,7,2,1008.612,1 0,West,2,2,12
2,3,7,1,1009.307,1 0,South,2,2,12
2,3,7,2,1010.024,2 0,South,2,2,12
2,3,7,2,1010.797,3 0,South,2,2,12
2,3,7,2,1011.546,4 0,South,2,2,12
2,3,7,1,1012.195,4 0,East,2,2,12
2,3,7,2,1012.904,4 1,East,2,2,12
2,3,7,6,1013.32,4 1,East,2,3,12
2,3,7,3,1013.67,4 1,South,2,3,12
2,3,7,3,1014.345,4 1,West,2,3,12
2,3,7,2,1014.969,4 0,West,2,3,12
2,3,7,3,1015.522,4 0,North,2,3,12
2,3,7,2,1016.117,3 0,North,2,3,12
2,3,7,2,1016.739,2 0,North,2,3,12
2,3,7,2,1017.446,1 0,North,2,3,12
2,3,7,3,1018.058,1 0,East,2,3,12
2,3,7,2,1018.667,1 1,East,2,3,12
2,3,7,3,1019.307,1 1,South,2,3,12
2,3,7,2,1019.923,2 1,South,2,3,12
2,3,7,1,1020.633,2 1,East,2,3,12
2,3,7,2,1021.239,2 1,East,2,3,13
2,3,7,3,1021.988,2 1,South,2,3,13
2,3,7,2,1022.536,3 1,South,2,3,13
2,3,7,1,1023.159,3 1,East,2,3,13
2,3,7,2,1023.766,3 2,East,2,3,13
2,3,7,3,1024.324,3 2,South,2,3,13
2,3,7,2,1024.954,4 2,South,2,3,13
2,3,7,1,1025.484,4 2,East,2,3,13
2,3,7,2,1026.024,4 3,East,2,3,13
2,3,7,2,1026.628,4 4,East,2,3,13
2,3,7,1,1027.142,4 4,North,2,3,13
2,3,7,2,1028.65,3 4,North,2,3,13
2,3,7,2,1031.865,2 4,North,2,3,13
2,3,7,2,1032.477,1 4,North,2,3,13
2,3,7,2,1033.236,0 4,North,2,3,13
2,3,7,1,1033.913,0 4,West,2,3,13
2,3,7,2,1034.595,0 3,West,2,3,13
2,3,7,1,1035.205,0 3,South,2,3,13
2,3,7,2,1035.878,0 3,South,2,3,14
2,3,7,1,1036.697,0 3,East,2,3,14
2,3,7,2,1037.331,0 4,East,2,3,14
2,3,7,3,1038.007,0 4,South,2,3,14
2,3,7,2,1038.565,1 4,South,2,3,14
2,3,7,2,1039.386,2 4,South,2,3,14
2,3,7,3,1041.131,2 4,West,2,3,14
2,3,7,3,1042.405,2 4,North,2,3,14
2,3,7,1,1043.962,2 4,West,2,3,14
2,3,7,2,1044.523,2 4,West,2,3,15
2,3,7,1,1044.922,2 4,South,2,3,15
2,3,7,2,1045.435,3 4,South,2,3,15
2,3,7,2,1045.991,4 4,South,2,3,15
2,3,7,3,1047.03,4 4,West,2,3,15
2,3,7,2,1047.577,4 3,West,2,3,15
2,3,7,3,1048.148,4 3,North,2,3,15
2,3,7,2,1048.761,4 3,North,2,3,16
2,3,7,1,1049.818,4 3,West,2,3,16
2,3,7,2,1050.407,4 2,West,2,3,16
2,3,7,3,1050.998,4 2,North,2,3,16
2,3,7,2,1052.122,3 2,North,2,3,16
2,3,7,2,1052.789,3 2,North,2,3,17
2,3,7,1,1053.731,3 2,West,2,3,17
2,3,7,2,1054.355,3 1,West,2,3,17
2,3,7,3,1055.034,3 1,North,2,3,17
2,3,7,2,1056.201,2 1,North,2,3,17
2,3,7,2,1056.902,1 1,North,2,3,17
2,3,7,3,1057.556,1 1,East,2,3,17
2,3,7,2,1058.169,1 1,East,2,3,18
2,3,7,1,1059.287,1 1,North,2,3,18
2,3,7,2,1060.101,1 1,North,2,3,19
2,3,7,3,1060.839,1 1,East,2,3,19
2,3,7,3,1061.464,1 1,South,2,3,19
2,3,7,2,1062.068,2 1,South,2,3,19
2,3,7,2,1062.74,3 1,South,2,3,19
2,3,7,1,1063.371,3 1,East,2,3,19
2,3,7,2,1063.977,3 2,East,2,3,19
2,3,7,1,1064.997,3 2,North,2,3,19
2,3,7,3,1066.26,3 2,East,2,3,19
2,3,7,3,1068.26,3 2,South,2,3,19
2,3,7,2,1068.957,4 2,South,2,3,19
2,3,7,1,1069.499,4 2,East,2,3,19
2,3,7,2,1070.026,4 3,East,2,3,19
2,3,7,2,1070.6,4 4,East,2,3,19
2,3,7,1,1071.445,4 4,North,2,3,19
2,3,7,2,1072.151,3 4,North,2,3,19
2,3,7,2,1073.565,2 4,North,2,3,19
2,3,7,1,1074.311,2 4,West,2,3,19
2,3,7,2,1074.934,2 4,West,2,3,20
2,3,7,3,1075.516,2 4,North,2,3,20
2,3,7,2,1076.202,1 4,North,2,3,20
2,3,7,1,1076.826,1 4,West,2,3,20
2,3,7,2,1077.736,1 3,West,2,3,20
2,3,7,6,1078.14,1 3,West,2,4,20
2,3,7,3,1078.646,1 3,North,2,4,20
2,3,7,3,1079.879,1 3,East,2,4,20
2,3,7,2,1080.537,1 4,East,2,4,20
2,3,7,1,1081.451,1 4,North,2,4,20
2,3,7,2,1082.394,0 4,North,2,4,20
2,3,7,6,1082.78,0 4,North,2,5,20
2,3,7,1,1083.268,0 4,West,2,5,20
2,3,7,1,1083.957,0 4,South,2,5,20
2,3,7,2,1084.584,1 4,South,2,5,20
2,3,7,2,1085.157,2 4,South,2,5,20
2,3,7,2,1085.721,3 4,South,2,5,20
2,3,7,2,1086.307,4 4,South,2,5,20
2,3,7,3,1087.192,4 4,West,2,5,20
2,3,7,2,1088.166,4 3,West,2,5,20
2,3,7,2,1088.807,4 2,West,2,5,20
2,3,7,3,1089.388,4 2,North,2,5,20
2,3,7,2,1090.067,3 2,North,2,5,20
2,3,7,2,1090.708,3 2,North,2,5,21
2,3,7,1,1091.208,3 2,West,2,5,21
2,3,7,2,1091.859,3 1,West,2,5,21
2,3,7,3,1092.536,3 1,North,2,5,21
2,3,7,2,1093.164,2 1,North,2,5,21
2,3,7,2,1093.771,1 1,North,2,5,21
2,3,7,1,1094.297,1 1,West,2,5,21
2,3,7,2,1095.239,1 0,West,2,5,21
2,3,7,6,1095.66,1 0,West,2,6,21
2,3,7,3,1095.945,1 0,North,2,6,21
2,3,7,3,1096.568,1 0,East,2,6,21
2,3,7,2,1097.178,1 1,East,2,6,21
2,3,7,6,1097.58,1 1,East,2,7,21
2,3,7,3,1097.717,1 1,South,2,7,21
2,3,7,2,1098.614,2 1,South,2,7,21
2,3,7,2,1099.237,3 1,South,2,7,21
2,3,7,1,1100.085,3 1,East,2,7,21
2,3,7,2,1101.116,3 2,East,2,7,21
2,3,7,1,1101.834,3 2,North,2,7,21
2,3,7,2,1102.633,3 2,North,2,7,22
2,3,7,3,1103.435,3 2,East,2,7,22
2,3,7,1,1104.135,3 2,North,2,7,22
2,3,7,1,1104.774,3 2,West,2,7,22
2,3,7,2,1105.371,3 1,West,2,7,22
2,3,7,3,1105.894,3 1,North,2,7,22
2,3,7,2,1106.504,2 1,North,2,7,22
2,3,7,2,1107.052,1 1,North,2,7,22
2,3,7,3,1107.603,1 1,East,2,7,22
2,3,7,2,1108.155,1 1,East,2,7,23
2,3,7,3,1108.938,1 1,South,2,7,23
2,3,7,3,1109.573,1 1,West,2,7,23
2,3,7,1,1110.137,1 1,South,2,7,23
2,3,7,2,1110.999,2 1,South,2,7,23
2,3,7,2,1111.511,3 1,South,2,7,23
2,3,7,2,1114.215,3 1,South,2,7,24
2,3,7,1,1114.771,3 1,East,2,7,24
2,3,7,2,1115.399,3 2,East,2,7,24
2,3,7,3,1116.089,3 2,South,2,7,24
2,3,7,2,1116.74,4 2,South,2,7,24
2,3,7,1,1117.338,4 2,East,2,7,24
2,3,7,1,1118.121,4 2,North,2,7,24
2,3,7,3,1119.445,4 2,East,2,7,24
2,3,7,2,1120.091,4 3,East,2,7,24
2,3,7,2,1121.558,4 4,East,2,7,24
2,3,7,1,1122.343,4 4,North,2,7,24
2,3,7,2,1123.128,3 4,North,2,7,24
2,3,7,2,1123.72,2 4,North,2,7,24
2,3,7,1,1124.505,2 4,West,2,7,24
2,3,7,3,1125.429,2 4,North,2,7,24
2,3,7,2,1126.132,1 4,North,2,7,24
2,3,7,2,1126.854,0 4,North,2,7,24
2,3,7,1,1127.56,0 4,West,2,7,24
2,3,7,2,1128.231,0 3,West,2,7,24
2,3,7,2,1128.87,0 3,West,2,7,25
2,3,7,1,1129.496,0 3,South,2,7,25
2,3,7,1,1130.149,0 3,East,2,7,25
2,3,7,2,1130.746,0 4,East,2,7,25
2,3,7,3,1131.416,0 4,South,2,7,25
2,3,7,2,1131.956,1 4,South,2,7,25
2,3,7,3,1132.501,1 4,West,2,7,25
2,3,7,2,1133.061,1 3,West,2,7,25
2,3,7,2,1133.703,1 3,West,2,7,26
2,3,7,1,1134.364,1 3,South,2,7,26
2,3,7,2,1134.997,2 3,South,2,7,26
2,3,7,3,1135.692,2 3,West,2,7,26
2,3,7,2,1136.315,2 2,West,2,7,26
2,3,7,3,1136.932,2 2,North,2,7,26
2,3,7,2,1137.494,1 2,North,2,7,26
2,3,7,6,1137.88,1 2,North,2,8,26
0,3,8,1,1141.699,4 4,West,2,0,26
0,3,8,3,1143.157,4 4,North,2,0,26
0,3,8,2,1143.977,3 4,North,2,0,26
0,3,8,2,1144.759,2 4,North,2,0,26
0,3,8,2,1145.604,1 4,North,2,0,26
0,3,8,2,1146.341,0 4,North,2,0,26
0,3,8,1,1146.995,0 4,West,2,0,26
0,3,8,1,1148.102,0 4,South,2,0,26
0,3,8,2,1149.126,1 4,South,2,0,26
0,3,8,3,1150.644,1 4,West,2,0,26
0,3,8,2,1151.659,1 3,West,2,0,26
0,3,8,1,1152.377,1 3,South,2,0,26
0,3,8,2,1153.159,2 3,South,2,0,26
0,3,8,3,1153.848,2 3,West,2,0,26
0,3,8,2,1154.379,2 2,West,2,0,26
0,3,8,3,1154.938,2 2,North,2,0,26
0,3,8,2,1155.477,1 2,North,2,0,26
0,3,8,2,1156.279,0 2,North,2,0,26
0,3,8,1,1156.869,0 2,West,2,0,26
0,3,8,2,1157.483,0 1,West,2,0,26
0,3,8,6,1157.9,0 1,West,2,1,26
0,3,8,3,1158.611,0 1,North,2,1,26
0,3,8,3,1159.576,0 1,East,2,1,26
0,3,8,2,1160.185,0 2,East,2,1,26
0,3,8,3,1160.842,0 2,South,2,1,26
0,3,8,2,1161.637,1 2,South,2,1,26
0,3,8,2,1162.236,2 2,South,2,1,26
0,3,8,1,1162.775,2 2,East,2,1,26
0,3,8,2,1163.332,2 3,East,2,1,26
0,3,8,1,1163.944,2 3,North,2,1,26
0,3,8,2,1164.483,1 3,North,2,1,26
0,3,8,3,1165.066,1 3,East,2,1,26
0,3,8,2,1165.638,1 4,East,2,1,26
0,3,8,1,1166.228,1 4,North,2,1,26
0,3,8,2,1166.81,0 4,North,2,1,26
0,3,8,1,1167.355,0 4,West,2,1,26
0,3,8,1,1168.363,0 4,South,2,1,26
0,3,8,2,1168.892,1 4,South,2,1,26
0,3,8,2,1169.835,2 4,South,2,1,26
0,3,8,2,1170.438,3 4,South,2,1,26
0,3,8,2,1171.001,4 4,South,2,1,26
0,3,8,3,1171.914,4 4,West,2,1,26
0,3,8,2,1172.535,4 3,West,2,1,26
0,3,8,2,1173.243,4 2,West,2,1,26
0,3,8,6,1173.66,4 2,West,2,2,26
0,3,8,3,1174.083,4 2,North,2,2,26
0,3,8,2,1178.259,3 2,North,2,2,26
0,3,8,1,1179.128,3 2,West,2,2,26
0,3,8,2,1179.891,3 1,West,2,2,26
0,3,8,3,1180.487,3 1,North,2,2,26
0,3,8,2,1181.14,2 1,North,2,2,26
0,3,8,6,1181.52,2 1,North,2,3,26
0,3,8,2,1182.051,1 1,North,2,3,26
0,3,8,1,1182.711,1 1,West,2,3,26
0,3,8,2,1183.304,1 0,West,2,3,26
0,3,8,1,1183.907,1 0,South,2,3,26
0,3,8,2,1184.548,2 0,South,2,3,26
0,3,8,2,1185.253,3 0,South,2,3,26
0,3,8,2,1186.052,4 0,South,2,3,26
0,3,8,1,1186.568,4 0,East,2,3,26
0,3,8,3,1187.339,4 0,South,2,3,26
0,3,8,3,1188.02,4 0,West,2,3,26
0,3,8,2,1188.627,4 0,West,2,3,26
0,3,8,3,1189.108,4 0,North,2,3,26
0,3,8,2,1189.957,3 0,North,2,3,26
0,3,8,2,1190.758,2 0,North,2,3,26
0,3,8,2,1191.389,1 0,North,2,3,26
0,3,8,3,1191.943,1 0,East,2,3,26
0,3,8,2,1192.539,1 1,East,2,3,26
0,3,8,3,1193.509,1 1,South,2,3,26
0,3,8,2,1194.665,2 1,South,2,3,26
0,3,8,2,1195.271,3 1,South,2,3,26
0,3,8,1,1196.149,3 1,East,2,3,26
0,3,8,2,1196.892,3 2,East,2,3,26
0,3,8,3,1197.433,3 2,South,2,3,26
0,3,8,2,1198.39,4 2,South,2,3,26
0,3,8,1,1198.918,4 2,East,2,3,26
0,3,8,2,1199.434,4 3,East,2,3,26
0,3,8,2,1199.971,4 4,East,2,3,26
0,3,8,1,1200.63,4 4,North,2,3,26
0,3,8,2,1202.376,3 4,North,2,3,26
0,3,8,2,1202.889,2 4,North,2,3,26
0,3,8,2,1203.868,1 4,North,2,3,26
0,3,8,1,1204.469,1 4,West,2,3,26
0,3,8,2,1205.946,1 3,West,2,3,26
0,3,8,1,1206.485,1 3,South,2,3,26
0,3,8,2,1207.099,2 3,South,2,3,26
0,3,8,3,1207.669,2 3,West,2,3,26
0,3,8,2,1208.227,2 2,West,2,3,26
0,3,8,3,1209.115,2 2,North,2,3,26
0,3,8,2,1210.088,1 2,North,2,3,26
0,3,8,2,1210.694,0 2,North,2,3,26
0,3,8,6,1211.08,0 2,North,2,4,26
0,3,8,2,1211.635,0 2,North,2,4,26
0,3,8,1,1211.893,0 2,West,2,4,26
0,3,8,1,1212.906,0 2,South,2,4,26
0,3,8,3,1213.915,0 2,West,2,4,26
0,3,8,1,1215.495,0 2,South,2,4,26
0,3,8,2,1216.231,1 2,South,2,4,26
0,3,8,2,1216.761,2 2,South,2,4,26
0,3,8,1,1217.287,2 2,East,2,4,26
0,3,8,2,1218.25,2 3,East,2,4,26
0,3,8,1,1218.777,2 3,North,2,4,26
0,3,8,2,1219.718,1 3,North,2,4,26
0,3,8,3,1220.261,1 3,East,2,4,26
0,3,8,2,1220.857,1 4,East,2,4,26
0,3,8,1,1221.402,1 4,North,2,4,26
0,3,8,2,1222.072,0 4,North,2,4,26
0,3,8,1,1222.587,0 4,West,2,4,26
0,3,8,1,1223.139,0 4,South,2,4,26
0,3,8,2,1223.655,1 4,South,2,4,26
0,3,8,2,1224.693,2 4,South,2,4,26
0,3,8,3,1225.752,2 4,West,2,4,26
0,3,8,3,1226.467,2 4,North,2,4,26
0,3,8,1,1227.738,2 4,West,2,4,26
0,3,8,1,1228.394,2 4,South,2,4,26
0,3,8,2,1229.044,3 4,South,2,4,26
0,3,8,2,1229.589,4 4,South,2,4,26
0,3,8,3,1230.537,4 4,West,2,4,26
0,3,8,2,1231.466,4 3,West,2,4,26
0,3,8,2,1231.994,4 2,West,2,4,26
0,3,8,3,1232.564,4 2,North,2,4,26
0,3,8,2,1233.147,3 2,North,2,4,26
0,3,8,1,1233.975,3 2,West,2,4,26
0,3,8,2,1234.644,3 1,West,2,4,26
0,3,8,3,1235.161,3 1,North,2,4,26
0,3,8,2,1235.994,2 1,North,2,4,26
0,3,8,2,1236.662,1 1,North,2,4,26
0,3,8,1,1237.226,1 1,West,2,4,26
0,3,8,2,1238.022,1 0,West,2,4,26
0,3,8,6,1238.44,1 0,West,2,5,26
0,3,8,1,1238.648,1 0,South,2,5,26
0,3,8,2,1239.178,2 0,South,2,5,26
0,3,8,2,1239.691,3 0,South,2,5,26
0,3,8,1,1240.564,3 0,East,2,5,26
0,3,8,1,1241.092,3 0,North,2,5,26
0,3,8,2,1241.993,2 0,North,2,5,26
0,3,8,2,1242.613,1 0,North,2,5,26
0,3,8,3,1243.16,1 0,East,2,5,26
0,3,8,2,1243.737,1 1,East,2,5,26
0,3,8,3,1244.267,1 1,South,2,5,26
0,3,8,2,1245.237,2 1,South,2,5,26
0,3,8,2,1245.833,3 1,South,2,5,26
0,3,8,1,1246.377,3 1,East,2,5,26
0,3,8,2,1246.934,3 2,East,2,5,26
0,3,8,3,1247.844,3 2,South,2,5,26
0,3,8,2,1248.794,4 2,South,2,5,26
0,3,8,1,1250.388,4 2,East,2,5,26
0,3,8,2,1251.255,4 3,East,2,5,26
0,3,8,6,1251.66,4 3,East,2,6,26
0,3,8,2,1252.045,4 4,East,2,6,26
0,3,8,1,1252.711,4 4,North,2,6,26
0,3,8,2,1253.387,3 4,North,2,6,26
0,3,8,2,1254.356,2 4,North,2,6,26
0,3,8,2,1254.955,1 4,North,2,6,26
0,3,8,2,1255.786,0 4,North,2,6,26
0,3,8,1,1256.76,0 4,West,2,6,26
0,3,8,1,1257.513,0 4,South,2,6,26
0,3,8,2,1258.099,1 4,South,2,6,26
0,3,8,3,1258.663,1 4,West,2,6,26
0,3,8,2,1259.255,1 3,West,2,6,26
0,3,8,1,1259.768,1 3,South,2,6,26
0,3,8,2,1260.363,2 3,South,2,6,26
0,3,8,3,1260.901,2 3,West,2,6,26
0,3,8,3,1261.541,2 3,North,2,6,26
0,3,8,1,1262.439,2 3,West,2,6,26
0,3,8,2,1263.033,2 2,West,2,6,26
0,3,8,3,1263.589,2 2,North,2,6,26
0,3,8,2,1264.411,1 2,North,2,6,26
0,3,8,2,1265.128,0 2,North,2,6,26
0,3,8,1,1265.862,0 2,West,2,6,26
0,3,8,1,1267.203,0 2,South,2,6,26
0,3,8,2,1268.037,1 2,South,2,6,26
0,3,8,2,1268.586,2 2,South,2,6,26
0,3,8,1,1269.464,2 2,East,2,6,26
0,3,8,2,1270.378,2 3,East,2,6,26
0,3,8,1,1270.915,2 3,North,2,6,26
0,3,8,2,1271.594,1 3,North,2,6,26
0,3,8,3,1272.915,1 3,East,2,6,26
0,3,8,2,1273.769,1 4,East,2,6,26
0,3,8,3,1274.563,1 4,South,2,6,26
0,3,8,2,1275.097,2 4,South,2,6,26
0,3,8,2,1275.707,3 4,South,2,6,26
0,3,8,2,1276.376,4 4,South,2,6,26
0,3,8,3,1277.211,4 4,West,2,6,26
0,3,8,2,1278.115,4 3,West,2,6,26
0,3,8,2,1278.71,4 2,West,2,6,26
0,3,8,3,1279.347,4 2,North,2,6,26
0,3,8,2,1280.003,3 2,North,2,6,26
0,3,8,1,1280.707,3 2,West,2,6,26
0,3,8,3,1281.642,3 2,North,2,6,26
0,3,8,3,1282.602,3 2,East,2,6,26
0,3,8,1,1283.274,3 2,North,2,6,26
0,3,8,1,1283.832,3 2,West,2,6,26
0,3,8,2,1284.472,3 1,West,2,6,26
0,3,8,3,1285.049,3 1,North,2,6,26
0,3,8,2,1285.589,2 1,North,2,6,26
0,3,8,2,1286.163,1 1,North,2,6,26
0,3,8,1,1286.68,1 1,West,2,6,26
0,3,8,2,1287.208,1 0,West,2,6,26
0,3,8,1,1288.026,1 0,South,2,6,26
0,3,8,2,1288.553,2 0,South,2,6,26
0,3,8,2,1289.259,3 0,South,2,6,26
0,3,8,6,1289.64,3 0,South,2,7,26
0,3,8,2,1289.892,4 0,South,2,7,26
0,3,8,1,1290.741,4 0,East,2,7,26
0,3,8,1,1291.259,4 0,North,2,7,26
0,3,8,2,1291.798,3 0,North,2,7,26
0,3,8,2,1292.363,2 0,North,2,7,26
0,3,8,2,1293.384,1 0,North,2,7,26
0,3,8,3,1293.931,1 0,East,2,7,26
0,3,8,2,1294.46,1 1,East,2,7,26
0,3,8,3,1295.356,1 1,South,2,7,26
0,3,8,2,1295.875,2 1,South,2,7,26
0,3,8,2,1296.438,3 1,South,2,7,26
0,3,8,1,1297.351,3 1,East,2,7,26
0,3,8,2,1297.863,3 2,East,2,7,26
0,3,8,3,1298.458,3 2,South,2,7,26
0,3,8,2,1298.985,4 2,South,2,7,26
0,3,8,1,1299.544,4 2,East,2,7,26
0,3,8,2,1300.088,4 3,East,2,7,26
0,3,8,2,1300.617,4 4,East,2,7,26
0,3,8,1,1301.507,4 4,North,2,7,26
0,3,8,2,1302.022,3 4,North,2,7,26
0,3,8,2,1302.836,2 4,North,2,7,26
0,3,8,2,1303.37,1 4,North,2,7,26
0,3,8,2,1304.006,0 4,North,2,7,26
0,3,8,1,1304.533,0 4,West,2,7,26
0,3,8,1,1305.156,0 4,South,2,7,26
0,3,8,2,1305.703,1 4,South,2,7,26
0,3,8,3,1306.228,1 4,West,2,7,26
0,3,8,2,1306.887,1 3,West,2,7,26
0,3,8,1,1307.415,1 3,South,2,7,26
0,3,8,2,1307.96,2 3,South,2,7,26
0,3,8,3,1308.489,2 3,West,2,7,26
0,3,8,2,1309.063,2 2,West,2,7,26
0,3,8,3,1309.878,2 2,North,2,7,26
0,3,8,2,1310.906,1 2,North,2,7,26
0,3,8,6,1311.28,1 2,North,2,8,26
2,3,8,2,1315.141,3 4,North,2,0,0
2,3,8,1,1315.779,3 4,West,2,0,0
2,3,8,1,1317.98,3 4,South,2,0,0
2,3,8,2,1318.585,4 4,South,2,0,0
2,3,8,3,1319.205,4 4,West,2,0,0
2,3,8,2,1320.148,4 3,West,2,0,0
2,3,8,6,1320.56,4 3,West,2,1,0
2,3,8,3,1320.984,4 3,North,2,1,0
2,3,8,3,1324.956,4 3,East,2,1,0
2,3,8,2,1325.579,4 4,East,2,1,0
2,3,8,1,1326.155,4 4,North,2,1,0
2,3,8,2,1326.807,3 4,North,2,1,0
2,3,8,2,1327.419,2 4,North,2,1,0
2,3,8,2,1328.09,1 4,North,2,1,0
2,3,8,1,1328.963,1 4,West,2,1,0
2,3,8,3,1329.812,1 4,North,2,1,0
2,3,8,1,1331.684,1 4,West,2,1,0
2,3,8,2,1332.328,1 3,West,2,1,0
2,3,8,3,1334.612,1 3,North,2,1,0
2,3,8,2,1335.334,1 3,North,2,1,1
2,3,8,1,1335.863,1 3,West,2,1,1
2,3,8,2,1336.469,1 3,West,2,1,2
2,3,8,1,1339.331,1 3,South,2,1,2
2,3,8,2,1339.961,2 3,South,2,1,2
2,3,8,3,1340.566,2 3,West,2,1,2
2,3,8,2,1341.197,2 2,West,2,1,2
2,3,8,3,1341.801,2 2,North,2,1,2
2,3,8,2,1342.442,1 2,North,2,1,2
2,3,8,2,1343.029,0 2,North,2,1,2
2,3,8,1,1343.636,0 2,West,2,1,2
2,3,8,2,1344.219,0 1,West,2,1,2
2,3,8,6,1344.64,0 1,West,2,2,2
2,3,8,1,1344.852,0 1,South,2,2,2
2,3,8,1,1345.461,0 1,East,2,2,2
2,3,8,2,1346.039,0 2,East,2,2,2
2,3,8,3,1346.629,0 2,South,2,2,2
2,3,8,2,1347.236,1 2,South,2,2,2
2,3,8,6,1347.6,1 2,South,2,3,2
2,3,8,2,1347.876,2 2,South,2,3,2
2,3,8,1,1348.471,2 2,East,2,3,2
2,3,8,2,1349.046,2 3,East,2,3,2
2,3,8,1,1349.673,2 3,North,2,3,2
2,3,8,2,1350.214,1 3,North,2,3,2
2,3,8,3,1350.853,1 3,East,2,3,2
2,3,8,2,1351.434,1 4,East,2,3,2
2,3,8,3,1352.07,1 4,South,2,3,2
2,3,8,2,1352.651,2 4,South,2,3,2
2,3,8,2,1353.224,3 4,South,2,3,2
2,3,8,6,1353.6,3 4,South,2,4,2
2,3,8,2,1353.8,4 4,South,2,4,2
2,3,8,3,1354.439,4 4,West,2,4,2
2,3,8,2,1354.995,4 3,West,2,4,2
2,3,8,2,1356.554,4 2,West,2,4,2
2,3,8,6,1356.96,4 2,West,2,5,2
2,3,8,3,1357.177,4 2,North,2,5,2
2,3,8,3,1358.061,4 2,East,2,5,2
2,3,8,2,1358.667,4 3,East,2,5,2
2,3,8,2,1359.24,4 4,East,2,5,2
2,3,8,1,1359.867,4 4,North,2,5,2
2,3,8,2,1360.422,3 4,North,2,5,2
2,3,8,2,1360.995,2 4,North,2,5,2
2,3,8,2,1361.596,1 4,North,2,5,2
2,3,8,6,1361.98,1 4,North,2,6,2
2,3,8,1,1362.393,1 4,West,2,6,2
2,3,8,1,1363.004,1 4,South,2,6,2
2,3,8,2,1363.627,2 4,South,2,6,2
2,3,8,2,1364.153,3 4,South,2,6,2
2,3,8,2,1364.729,4 4,South,2,6,2
2,3,8,3,1365.273,4 4,West,2,6,2
2,3,8,2,1365.82,4 3,West,2,6,2
2,3,8,2,1366.363,4 2,West,2,6,2
2,3,8,3,1366.907,4 2,North,2,6,2
2,3,8,2,1367.51,3 2,North,2,6,2
2,3,8,2,1368.236,3 2,North,2,6,3
2,3,8,1,1368.74,3 2,West,2,6,3
2,3,8,2,1369.271,3 1,West,2,6,3
2,3,8,3,1369.86,3 1,North,2,6,3
2,3,8,2,1370.441,2 1,North,2,6,3
2,3,8,1,1371,2 1,West,2,6,3
2,3,8,2,1371.557,2 1,West,2,6,4
2,3,8,3,1373.35,2 1,North,2,6,4
2,3,8,2,1373.931,1 1,North,2,6,4
2,3,8,1,1374.456,1 1,West,2,6,4
2,3,8,2,1375.013,1 0,West,2,6,4
2,3,8,1,1375.643,1 0,South,2,6,4
2,3,8,2,1376.187,2 0,South,2,6,4
2,3,8,2,1376.78,3 0,South,2,6,4
2,3,8,2,1377.383,4 0,South,2,6,4
2,3,8,6,1377.76,4 0,South,2,7,4
2,3,8,3,1377.931,4 0,West,2,7,4
2,3,8,3,1378.503,4 0,North,2,7,4
2,3,8,2,1379.081,3 0,North,2,7,4
2,3,8,2,1379.596,2 0,North,2,7,4
2,3,8,3,1380.199,2 0,East,2,7,4
2,3,8,2,1381.096,2 0,East,2,7,5
2,3,8,1,1381.769,2 0,North,2,7,5
2,3,8,2,1382.535,1 0,North,2,7,5
2,3,8,3,1383.176,1 0,East,2,7,5
2,3,8,2,1383.807,1 1,East,2,7,5
2,3,8,3,1384.437,1 1,South,2,7,5
2,3,8,2,1385.06,2 1,South,2,7,5
2,3,8,1,1385.688,2 1,East,2,7,5
2,3,8,2,1386.265,2 1,East,2,7,6
2,3,8,3,1386.985,2 1,South,2,7,6
2,3,8,2,1387.62,3 1,South,2,7,6
2,3,8,1,1388.237,3 1,East,2,7,6
2,3,8,2,1388.856,3 2,East,2,7,6
2,3,8,1,1389.413,3 2,North,2,7,6
2,3,8,2,1390.007,3 2,North,2,7,7
2,3,8,3,1392.379,3 2,East,2,7,7
2,3,8,2,1393.172,3 3,East,2,7,7
2,3,8,1,1393.801,3 3,North,2,7,7
2,3,8,2,1394.509,3 3,North,2,7,8
2,3,8,3,1396.026,3 3,East,2,7,8
2,3,8,3,1397.659,3 3,South,2,7,8
2,3,8,3,1398.347,3 3,West,2,7,8
2,3,8,2,1399.352,3 2,West,2,7,8
2,3,8,3,1400.775,3 2,North,2,7,8
2,3,8,1,1403.529,3 2,West,2,7,8
2,3,8,2,1404.505,3 1,West,2,7,8
2,3,8,3,1405.144,3 1,North,2,7,8
2,3,8,2,1405.771,2 1,North,2,7,8
2,3,8,3,1406.424,2 1,East,2,7,8
2,3,8,2,1406.972,2 1,East,2,7,9
2,3,8,3,1407.706,2 1,South,2,7,9
2,3,8,2,1408.395,3 1,South,2,7,9
2,3,8,1,1408.988,3 1,East,2,7,9
2,3,8,2,1409.862,3 2,East,2,7,9
2,3,8,3,1410.507,3 2,South,2,7,9
2,3,8,2,1411.159,4 2,South,2,7,9
2,3,8,1,1411.784,4 2,East,2,7,9
2,3,8,2,1412.359,4 3,East,2,7,9
2,3,8,2,1412.964,4 4,East,2,7,9
2,3,8,1,1413.575,4 4,North,2,7,9
2,3,8,2,1414.875,3 4,North,2,7,9
2,3,8,1,1416.086,3 4,West,2,7,9
2,3,8,3,1416.899,3 4,North,2,7,9
2,3,8,2,1417.592,2 4,North,2,7,9
2,3,8,1,1420.307,2 4,West,2,7,9
2,3,8,2,1421.18,2 4,West,2,7,10
2,3,8,3,1421.671,2 4,North,2,7,10
2,3,8,2,1422.298,1 4,North,2,7,10
2,3,8,1,1422.824,1 4,West,2,7,10
2,3,8,2,1423.385,1 3,West,2,7,10
2,3,8,2,1426.44,1 3,West,2,7,11
2,3,8,3,1427.252,1 3,North,2,7,11
2,3,8,3,1428.883,1 3,East,2,7,11
2,3,8,2,1430.154,1 4,East,2,7,11
2,3,8,2,1430.84,1 4,East,2,7,11
2,3,8,3,1431.286,1 4,South,2,7,11
2,3,8,2,1431.876,2 4,South,2,7,11
2,3,8,1,1432.428,2 4,East,2,7,11
2,3,8,2,1432.969,2 4,East,2,7,11
2,3,8,3,1433.645,2 4,South,2,7,11
2,3,8,2,1434.611,3 4,South,2,7,11
2,3,8,2,1435.227,4 4,South,2,7,11
2,3,8,3,1435.827,4 4,West,2,7,11
2,3,8,2,1436.421,4 3,West,2,7,11
2,3,8,2,1437.002,4 2,West,2,7,11
2,3,8,3,1437.671,4 2,North,2,7,11
2,3,8,2,1438.649,3 2,North,2,7,11
2,3,8,1,1439.223,3 2,West,2,7,11
2,3,8,2,1439.753,3 1,West,2,7,11
2,3,8,3,1440.459,3 1,North,2,7,11
2,3,8,2,1443.223,2 1,North,2,7,11
2,3,8,2,1444.294,1 1,North,2,7,11
2,3,8,3,1444.964,1 1,East,2,7,11
2,3,8,2,1445.706,1 1,East,2,7,12
2,3,8,1,1446.104,1 1,North,2,7,12
2,3,8,2,1446.869,1 1,North,2,7,13
2,3,8,1,1447.559,1 1,West,2,7,13
2,3,8,1,1448.971,1 1,South,2,7,13
2,3,8,2,1450.137,2 1,South,2,7,13
2,3,8,1,1450.972,2 1,East,2,7,13
2,3,8,2,1451.828,2 1,East,2,7,14
2,3,8,3,1452.117,2 1,South,2,7,14
2,3,8,2,1452.837,3 1,South,2,7,14
2,3,8,1,1453.38,3 1,East,2,7,14
2,3,8,2,1454.357,3 2,East,2,7,14
2,3,8,1,1455.06,3 2,North,2,7,14
2,3,8,3,1457.177,3 2,East,2,7,14
2,3,8,3,1457.763,3 2,South,2,7,14
2,3,8,3,1458.596,3 2,West,2,7,14
2,3,8,2,1459.204,3 1,West,2,7,14
2,3,8,1,1459.748,3 1,South,2,7,14
2,3,8,2,1460.333,3 1,South,2,7,15
2,3,8,1,1460.985,3 1,East,2,7,15
2,3,8,2,1461.7,3 2,East,2,7,15
2,3,8,3,1462.279,3 2,South,2,7,15
2,3,8,2,1462.859,4 2,South,2,7,15
2,3,8,1,1463.451,4 2,East,2,7,15
2,3,8,2,1464.025,4 3,East,2,7,15
2,3,8,2,1464.647,4 4,East,2,7,15
2,3,8,1,1465.237,4 4,North,2,7,15
2,3,8,2,1466.024,3 4,North,2,7,15
2,3,8,2,1467.387,2 4,North,2,7,15
2,3,8,1,1468.388,2 4,West,2,7,15
2,3,8,2,1469.221,2 4,West,2,7,16
2,3,8,3,1471.705,2 4,North,2,7,16
2,3,8,2,1474.635,1 4,North,2,7,16
2,3,8,1,1475.497,1 4,West,2,7,16
2,3,8,2,1476.04,1 3,West,2,7,16
2,3,8,2,1476.899,1 3,West,2,7,17
2,3,8,1,1477.482,1 3,South,2,7,17
2,3,8,2,1478.103,2 3,South,2,7,17
2,3,8,3,1478.694,2 3,West,2,7,17
2,3,8,2,1479.431,2 2,West,2,7,17
2,3,8,6,1479.84,2 2,West,2,8,17
0,3,9,1,1483.974,4 4,West,2,0,17
0,3,9,3,1484.504,4 4,North,2,0,17
0,3,9,2,1485.015,3 4,North,2,0,17
0,3,9,2,1485.588,2 4,North,2,0,17
0,3,9,2,1486.186,1 4,North,2,0,17
0,3,9,2,1486.947,0 4,North,2,0,17
0,3,9,6,1487.34,0 4,North,2,1,17
0,3,9,1,1487.802,0 4,West,2,1,17
0,3,9,1,1488.696,0 4,South,2,1,17
0,3,9,2,1489.591,1 4,South,2,1,17
0,3,9,3,1490.79,1 4,West,2,1,17
0,3,9,2,1492.436,1 3,West,2,1,17
0,3,9,1,1493.159,1 3,South,2,1,17
0,3,9,2,1493.797,2 3,South,2,1,17
0,3,9,3,1494.355,2 3,West,2,1,17
0,3,9,2,1494.987,2 2,West,2,1,17
0,3,9,6,1495.4,2 2,West,2,2,17
0,3,9,3,1495.576,2 2,North,2,2,17
0,3,9,2,1496.612,1 2,North,2,2,17
0,3,9,2,1497.252,0 2,North,2,2,17
0,3,9,1,1497.835,0 2,West,2,2,17
0,3,9,1,1498.747,0 2,South,2,2,17
0,3,9,2,1499.397,1 2,South,2,2,17
0,3,9,2,1499.976,2 2,South,2,2,17
0,3,9,1,1500.485,2 2,East,2,2,17
0,3,9,2,1501.081,2 3,East,2,2,17
0,3,9,1,1502.019,2 3,North,2,2,17
0,3,9,2,1502.661,1 3,North,2,2,17
0,3,9,3,1503.705,1 3,East,2,2,17
0,3,9,2,1504.553,1 4,East,2,2,17
0,3,9,3,1505.236,1 4,South,2,2,17
0,3,9,2,1505.799,2 4,South,2,2,17
0,3,9,2,1506.733,3 4,South,2,2,17
0,3,9,2,1507.702,4 4,South,2,2,17
0,3,9,3,1508.585,4 4,West,2,2,17
0,3,9,2,1509.288,4 3,West,2,2,17
0,3,9,2,1509.882,4 2,West,2,2,17
0,3,9,3,1510.426,4 2,North,2,2,17
0,3,9,2,1511.05,3 2,North,2,2,17
0,3,9,1,1511.653,3 2,West,2,2,17
0,3,9,2,1512.179,3 1,West,2,2,17
0,3,9,3,1512.776,3 1,North,2,2,17
0,3,9,2,1513.381,2 1,North,2,2,17
0,3,9,2,1514.052,1 1,North,2,2,17
0,3,9,1,1514.611,1 1,West,2,2,17
0,3,9,2,1515.175,1 0,West,2,2,17
0,3,9,1,1516.473,1 0,South,2,2,17
0,3,9,2,1517.082,2 0,South,2,2,17
0,3,9,2,1517.659,3 0,South,2,2,17
0,3,9,2,1518.554,4 0,South,2,2,17
0,3,9,1,1519.255,4 0,East,2,2,17
0,3,9,1,1519.812,4 0,North,2,2,17
0,3,9,2,1520.41,3 0,North,2,2,17
0,3,9,2,1520.965,2 0,North,2,2,17
0,3,9,2,1521.512,1 0,North,2,2,17
0,3,9,3,1522.076,1 0,East,2,2,17
0,3,9,2,1522.613,1 1,East,2,2,17
0,3,9,3,1523.174,1 1,South,2,2,17
0,3,9,2,1523.685,2 1,South,2,2,17
0,3,9,2,1524.249,3 1,South,2,2,17
0,3,9,1,1524.773,3 1,East,2,2,17
0,3,9,2,1525.72,3 2,East,2,2,17
0,3,9,3,1526.855,3 2,South,2,2,17
0,3,9,2,1527.395,4 2,South,2,2,17
0,3,9,1,1527.939,4 2,East,2,2,17
0,3,9,2,1528.604,4 3,East,2,2,17
0,3,9,2,1529.206,4 4,East,2,2,17
0,3,9,1,1529.799,4 4,North,2,2,17
0,3,9,2,1530.378,3 4,North,2,2,17
0,3,9,2,1531.302,2 4,North,2,2,17
0,3,9,2,1531.899,1 4,North,2,2,17
0,3,9,2,1532.467,0 4,North,2,2,17
0,3,9,1,1533.004,0 4,West,2,2,17
0,3,9,2,1533.529,0 3,West,2,2,17
0,3,9,6,1533.96,0 3,West,2,3,17
0,3,9,3,1534.059,0 3,North,2,3,17
0,3,9,3,1534.825,0 3,East,2,3,17
0,3,9,2,1535.737,0 4,East,2,3,17
0,3,9,3,1536.28,0 4,South,2,3,17
0,3,9,2,1536.806,1 4,South,2,3,17
0,3,9,2,1537.556,2 4,South,2,3,17
0,3,9,6,1537.94,2 4,South,2,4,17
0,3,9,3,1538.293,2 4,West,2,4,17
0,3,9,3,1538.838,2 4,North,2,4,17
0,3,9,2,1539.395,1 4,North,2,4,17
0,3,9,2,1540.051,0 4,North,2,4,17
0,3,9,1,1540.869,0 4,West,2,4,17
0,3,9,1,1541.555,0 4,South,2,4,17
0,3,9,2,1542.133,1 4,South,2,4,17
0,3,9,3,1543.016,1 4,West,2,4,17
0,3,9,2,1543.542,1 3,West,2,4,17
0,3,9,1,1544.09,1 3,South,2,4,17
0,3,9,2,1544.636,2 3,South,2,4,17
0,3,9,3,1545.322,2 3,West,2,4,17
0,3,9,2,1545.916,2 2,West,2,4,17
0,3,9,3,1546.486,2 2,North,2,4,17
0,3,9,2,1547.099,1 2,North,2,4,17
0,3,9,2,1547.675,0 2,North,2,4,17
0,3,9,1,1548.314,0 2,West,2,4,17
0,3,9,1,1549.115,0 2,South,2,4,17
0,3,9,2,1549.719,1 2,South,2,4,17
0,3,9,2,1550.325,2 2,South,2,4,17
0,3,9,1,1550.902,2 2,East,2,4,17
0,3,9,1,1551.507,2 2,North,2,4,17
0,3,9,3,1552.053,2 2,East,2,4,17
0,3,9,2,1552.598,2 3,East,2,4,17
0,3,9,1,1553.145,2 3,North,2,4,17
0,3,9,2,1554.023,1 3,North,2,4,17
0,3,9,3,1554.65,1 3,East,2,4,17
0,3,9,2,1555.224,1 4,East,2,4,17
0,3,9,3,1555.75,1 4,South,2,4,17
0,3,9,2,1556.68,2 4,South,2,4,17
0,3,9,2,1557.612,3 4,South,2,4,17
0,3,9,2,1558.228,4 4,South,2,4,17
0,3,9,3,1558.78,4 4,West,2,4,17
0,3,9,2,1559.399,4 3,West,2,4,17
0,3,9,2,1559.909,4 2,West,2,4,17
0,3,9,3,1560.436,4 2,North,2,4,17
0,3,9,2,1561.05,3 2,North,2,4,17
0,3,9,3,1561.699,3 2,East,2,4,17
0,3,9,1,1562.275,3 2,North,2,4,17
0,3,9,1,1562.845,3 2,West,2,4,17
0,3,9,2,1563.412,3 1,West,2,4,17
0,3,9,3,1564.006,3 1,North,2,4,17
0,3,9,2,1564.581,2 1,North,2,4,17
0,3,9,2,1565.091,1 1,North,2,4,17
0,3,9,1,1565.687,1 1,West,2,4,17
0,3,9,2,1566.252,1 0,West,2,4,17
0,3,9,1,1566.835,1 0,South,2,4,17
0,3,9,2,1567.445,2 0,South,2,4,17
0,3,9,2,1568.218,3 0,South,2,4,17
0,3,9,2,1568.79,4 0,South,2,4,17
0,3,9,6,1569.16,4 0,South,2,5,17
0,3,9,1,1569.365,4 0,East,2,5,17
0,3,9,1,1569.989,4 0,North,2,5,17
0,3,9,2,1570.563,3 0,North,2,5,17
0,3,9,2,1571.189,2 0,North,2,5,17
0,3,9,2,1571.724,1 0,North,2,5,17
0,3,9,3,1572.695,1 0,East,2,5,17
0,3,9,2,1573.337,1 1,East,2,5,17
0,3,9,3,1573.931,1 1,South,2,5,17
0,3,9,2,1574.474,2 1,South,2,5,17
0,3,9,2,1575.125,3 1,South,2,5,17
0,3,9,1,1575.827,3 1,East,2,5,17
0,3,9,2,1576.421,3 2,East,2,5,17
0,3,9,3,1576.996,3 2,South,2,5,17
0,3,9,2,1577.589,4 2,South,2,5,17
0,3,9,1,1578.135,4 2,East,2,5,17
0,3,9,2,1578.696,4 3,East,2,5,17
0,3,9,2,1579.24,4 4,East,2,5,17
0,3,9,1,1580.245,4 4,North,2,5,17
0,3,9,2,1580.76,3 4,North,2,5,17
0,3,9,2,1581.285,2 4,North,2,5,17
0,3,9,2,1581.848,1 4,North,2,5,17
0,3,9,2,1582.486,0 4,North,2,5,17
0,3,9,3,1583.035,0 4,East,2,5,17
0,3,9,3,1583.882,0 4,South,2,5,17
0,3,9,2,1584.986,1 4,South,2,5,17
0,3,9,3,1585.512,1 4,West,2,5,17
0,3,9,2,1586.041,1 3,West,2,5,17
0,3,9,1,1586.571,1 3,South,2,5,17
0,3,9,2,1587.101,2 3,South,2,5,17
0,3,9,6,1587.48,2 3,South,2,6,17
0,3,9,3,1587.624,2 3,West,2,6,17
0,3,9,2,1588.154,2 2,West,2,6,17
0,3,9,3,1588.666,2 2,North,2,6,17
0,3,9,2,1589.175,1 2,North,2,6,17
0,3,9,2,1590.122,0 2,North,2,6,17
0,3,9,1,1591.031,0 2,West,2,6,17
0,3,9,1,1591.547,0 2,South,2,6,17
0,3,9,2,1592.099,1 2,South,2,6,17
0,3,9,2,1592.629,2 2,South,2,6,17
0,3,9,1,1593.157,2 2,East,2,6,17
0,3,9,2,1593.684,2 3,East,2,6,17
0,3,9,1,1594.552,2 3,North,2,6,17
0,3,9,2,1595.142,1 3,North,2,6,17
0,3,9,3,1595.689,1 3,East,2,6,17
0,3,9,2,1596.202,1 4,East,2,6,17
0,3,9,1,1597.206,1 4,North,2,6,17
0,3,9,2,1597.915,0 4,North,2,6,17
0,3,9,1,1598.441,0 4,West,2,6,17
0,3,9,1,1599.003,0 4,South,2,6,17
0,3,9,2,1599.927,1 4,South,2,6,17
0,3,9,2,1600.855,2 4,South,2,6,17
0,3,9,2,1601.366,3 4,South,2,6,17
0,3,9,2,1602.279,4 4,South,2,6,17
0,3,9,3,1603.197,4 4,West,2,6,17
0,3,9,2,1603.8,4 3,West,2,6,17
0,3,9,2,1604.328,4 2,West,2,6,17
0,3,9,3,1605.172,4 2,North,2,6,17
0,3,9,2,1605.962,3 2,North,2,6,17
0,3,9,1,1606.484,3 2,West,2,6,17
0,3,9,2,1607.049,3 1,West,2,6,17
0,3,9,3,1607.594,3 1,North,2,6,17
0,3,9,2,1608.133,2 1,North,2,6,17
0,3,9,2,1608.684,1 1,North,2,6,17
0,3,9,6,1609.06,1 1,North,2,7,17
0,3,9,1,1609.22,1 1,West,2,7,17
0,3,9,2,1610.184,1 0,West,2,7,17
0,3,9,1,1611.032,1 0,South,2,7,17
0,3,9,2,1611.658,2 0,South,2,7,17
0,3,9,2,1612.596,3 0,South,2,7,17
0,3,9,2,1613.141,4 0,South,2,7,17
0,3,9,1,1613.66,4 0,East,2,7,17
0,3,9,1,1614.187,4 0,North,2,7,17
0,3,9,2,1615.093,3 0,North,2,7,17
0,3,9,2,1616.092,2 0,North,2,7,17
0,3,9,2,1616.615,1 0,North,2,7,17
0,3,9,3,1617.141,1 0,East,2,7,17
0,3,9,2,1618.117,1 1,East,2,7,17
0,3,9,3,1618.741,1 1,South,2,7,17
0,3,9,2,1619.67,2 1,South,2,7,17
0,3,9,2,1620.237,3 1,South,2,7,17
0,3,9,1,1620.855,3 1,East,2,7,17
0,3,9,2,1621.627,3 2,East,2,7,17
0,3,9,3,1622.892,3 2,South,2,7,17
0,3,9,2,1623.493,4 2,South,2,7,17
0,3,9,1,1624.375,4 2,East,2,7,17
0,3,9,2,1625.24,4 3,East,2,7,17
0,3,9,2,1626.057,4 4,East,2,7,17
0,3,9,1,1626.647,4 4,North,2,7,17
0,3,9,2,1627.173,3 4,North,2,7,17
0,3,9,6,1627.56,3 4,North,2,8,17
2,3,9,2,1632.956,3 4,North,2,0,0
2,3,9,2,1633.558,2 4,North,2,0,0
2,3,9,2,1634.249,1 4,North,2,0,0
2,3,9,1,1635.047,1 4,West,2,0,0
2,3,9,2,1635.781,1 3,West,2,0,0
2,3,9,1,1638.876,1 3,South,2,0,0
2,3,9,2,1639.576,2 3,South,2,0,0
2,3,9,3,1640.309,2 3,West,2,0,0
2,3,9,2,1640.98,2 2,West,2,0,0
2,3,9,3,1641.702,2 2,North,2,0,0
2,3,9,2,1642.34,1 2,North,2,0,0
2,3,9,2,1643.607,0 2,North,2,0,0
2,3,9,1,1644.341,0 2,West,2,0,0
2,3,9,2,1645.092,0 1,West,2,0,0
2,3,9,1,1645.91,0 1,South,2,0,0
2,3,9,2,1646.616,0 1,South,2,0,1
2,3,9,1,1647.206,0 1,East,2,0,1
2,3,9,2,1647.957,0 2,East,2,0,1
2,3,9,3,1650.025,0 2,South,2,0,1
2,3,9,2,1650.678,1 2,South,2,0,1
2,3,9,2,1651.396,2 2,South,2,0,1
2,3,9,1,1652.042,2 2,East,2,0,1
2,3,9,2,1652.698,2 3,East,2,0,1
2,3,9,1,1653.479,2 3,North,2,0,1
2,3,9,3,1654.621,2 3,East,2,0,1
2,3,9,1,1656.235,2 3,North,2,0,1
2,3,9,2,1656.875,1 3,North,2,0,1
2,3,9,3,1657.432,1 3,East,2,0,1
2,3,9,2,1658.09,1 4,East,2,0,1
2,3,9,3,1658.854,1 4,South,2,0,1
2,3,9,2,1659.478,2 4,South,2,0,1
2,3,9,2,1660.089,3 4,South,2,0,1
2,3,9,2,1660.697,4 4,South,2,0,1
2,3,9,3,1661.336,4 4,West,2,0,1
2,3,9,2,1661.948,4 3,West,2,0,1
2,3,9,2,1662.552,4 2,West,2,0,1
2,3,9,3,1663.24,4 2,North,2,0,1
2,3,9,2,1663.827,3 2,North,2,0,1
2,3,9,1,1664.421,3 2,West,2,0,1
2,3,9,2,1664.999,3 1,West,2,0,1
2,3,9,3,1665.557,3 1,North,2,0,1
2,3,9,2,1666.107,2 1,North,2,0,1
2,3,9,2,1666.708,1 1,North,2,0,1
2,3,9,6,1667.1,1 1,North,2,1,1
2,3,9,1,1667.352,1 1,West,2,1,1
2,3,9,1,1667.955,1 1,South,2,1,1
2,3,9,2,1668.836,2 1,South,2,1,1
2,3,9,2,1669.419,3 1,South,2,1,1
2,3,9,1,1670.068,3 1,East,2,1,1
2,3,9,1,1670.725,3 1,North,2,1,1
2,3,9,3,1671.459,3 1,East,2,1,1
2,3,9,2,1672.086,3 2,East,2,1,1
2,3,9,3,1672.692,3 2,South,2,1,1
2,3,9,2,1673.99,4 2,South,2,1,1
2,3,9,1,1674.52,4 2,East,2,1,1
2,3,9,2,1675.067,4 3,East,2,1,1
2,3,9,2,1675.626,4 4,East,2,1,1
2,3,9,1,1676.219,4 4,North,2,1,1
2,3,9,2,1676.775,3 4,North,2,1,1
2,3,9,2,1677.309,2 4,North,2,1,1
2,3,9,2,1678.228,1 4,North,2,1,1
2,3,9,2,1678.825,0 4,North,2,1,1
2,3,9,1,1679.445,0 4,West,2,1,1
2,3,9,2,1680.02,0 3,West,2,1,1
2,3,9,6,1680.44,0 3,West,2,2,1
2,3,9,1,1680.681,0 3,South,2,2,1
2,3,9,1,1681.251,0 3,East,2,2,1
2,3,9,2,1681.962,0 4,East,2,2,1
2,3,9,3,1682.644,0 4,South,2,2,1
2,3,9,2,1683.478,1 4,South,2,2,1
2,3,9,2,1684.185,2 4,South,2,2,1
2,3,9,6,1684.56,2 4,South,2,3,1
2,3,9,2,1685.097,3 4,South,2,3,1
2,3,9,2,1685.876,4 4,South,2,3,1
2,3,9,3,1686.538,4 4,West,2,3,1
2,3,9,2,1687.19,4 3,West,2,3,1
2,3,9,2,1688.182,4 2,West,2,3,1
2,3,9,3,1688.805,4 2,North,2,3,1
2,3,9,2,1689.453,3 2,North,2,3,1
2,3,9,3,1690.087,3 2,East,2,3,1
2,3,9,2,1690.635,3 3,East,2,3,1
2,3,9,6,1691.04,3 3,East,2,4,1
2,3,9,1,1691.243,3 3,North,2,4,1
2,3,9,1,1691.782,3 3,West,2,4,1
2,3,9,2,1692.355,3 2,West,2,4,1
2,3,9,1,1695.321,3 2,South,2,4,1
2,3,9,3,1696.537,3 2,West,2,4,1
2,3,9,3,1697.396,3 2,North,2,4,1
2,3,9,2,1698.053,3 2,North,2,4,2
2,3,9,1,1698.619,3 2,West,2,4,2
2,3,9,2,1699.254,3 1,West,2,4,2
2,3,9,3,1699.93,3 1,North,2,4,2
2,3,9,2,1700.536,2 1,North,2,4,2
2,3,9,1,1701.195,2 1,West,2,4,2
2,3,9,2,1701.786,2 1,West,2,4,3
2,3,9,3,1702.389,2 1,North,2,4,3
2,3,9,2,1703.034,1 1,North,2,4,3
2,3,9,1,1703.603,1 1,West,2,4,3
2,3,9,2,1704.212,1 0,West,2,4,3
2,3,9,1,1704.809,1 0,South,2,4,3
2,3,9,2,1705.413,2 0,South,2,4,3
2,3,9,6,1705.78,2 0,South,2,5,3
2,3,9,1,1706.072,2 0,East,2,5,3
2,3,9,1,1706.758,2 0,North,2,5,3
2,3,9,2,1707.355,1 0,North,2,5,3
2,3,9,3,1707.976,1 0,East,2,5,3
2,3,9,2,1708.548,1 1,East,2,5,3
2,3,9,2,1711.155,1 1,East,2,5,4
2,3,9,3,1711.641,1 1,South,2,5,4
2,3,9,2,1712.245,2 1,South,2,5,4
2,3,9,2,1714.166,3 1,South,2,5,4
2,3,9,1,1714.871,3 1,East,2,5,4
2,3,9,2,1715.573,3 2,East,2,5,4
2,3,9,1,1716.299,3 2,North,2,5,4
2,3,9,2,1717.482,3 2,North,2,5,5
2,3,9,3,1717.955,3 2,East,2,5,5
2,3,9,3,1719.336,3 2,South,2,5,5
2,3,9,2,1720.02,4 2,South,2,5,5
2,3,9,1,1720.629,4 2,East,2,5,5
2,3,9,2,1721.319,4 3,East,2,5,5
2,3,9,2,1721.913,4 4,East,2,5,5
2,3,9,1,1722.532,4 4,North,2,5,5
2,3,9,2,1723.124,3 4,North,2,5,5
2,3,9,2,1723.716,2 4,North,2,5,5
2,3,9,2,1724.871,1 4,North,2,5,5
2,3,9,1,1725.655,1 4,West,2,5,5
2,3,9,2,1726.547,1 3,West,2,5,5
2,3,9,1,1727.331,1 3,South,2,5,5
2,3,9,2,1727.943,2 3,South,2,5,5
2,3,9,3,1728.601,2 3,West,2,5,5
2,3,9,2,1729.156,2 2,West,2,5,5
2,3,9,6,1729.56,2 2,West,2,6,5
2,3,9,3,1730.567,2 2,North,2,6,5
2,3,9,3,1731.127,2 2,East,2,6,5
2,3,9,2,1731.736,2 3,East,2,6,5
2,3,9,1,1732.355,2 3,North,2,6,5
2,3,9,2,1732.888,1 3,North,2,6,5
2,3,9,3,1733.45,1 3,East,2,6,5
2,3,9,2,1734.023,1 4,East,2,6,5
2,3,9,3,1734.632,1 4,South,2,6,5
2,3,9,2,1735.206,2 4,South,2,6,5
2,3,9,2,1735.78,3 4,South,2,6,5
2,3,9,2,1736.346,4 4,South,2,6,5
2,3,9,3,1736.918,4 4,West,2,6,5
2,3,9,2,1737.494,4 3,West,2,6,5
2,3,9,2,1738.076,4 2,West,2,6,5
2,3,9,3,1738.662,4 2,North,2,6,5
2,3,9,2,1739.259,3 2,North,2,6,5
2,3,9,2,1739.813,3 2,North,2,6,6
2,3,9,1,1740.538,3 2,West,2,6,6
2,3,9,2,1741.304,3 1,West,2,6,6
2,3,9,3,1741.91,3 1,North,2,6,6
2,3,9,2,1742.518,2 1,North,2,6,6
2,3,9,1,1744.406,2 1,West,2,6,6
2,3,9,2,1745.257,2 1,West,2,6,7
2,3,9,3,1745.832,2 1,North,2,6,7
2,3,9,2,1746.441,1 1,North,2,6,7
2,3,9,1,1747.387,1 1,West,2,6,7
2,3,9,2,1748.182,1 0,West,2,6,7
2,3,9,1,1748.772,1 0,South,2,6,7
2,3,9,2,1749.436,2 0,South,2,6,7
2,3,9,2,1750.086,3 0,South,2,6,7
2,3,9,6,1750.46,3 0,South,2,7,7
2,3,9,1,1750.636,3 0,East,2,7,7
2,3,9,1,1751.254,3 0,North,2,7,7
2,3,9,2,1751.901,2 0,North,2,7,7
2,3,9,2,1752.493,1 0,North,2,7,7
2,3,9,3,1753.21,1 0,East,2,7,7
2,3,9,2,1753.847,1 1,East,2,7,7
2,3,9,2,1754.616,1 1,East,2,7,8
2,3,9,3,1755.131,1 1,South,2,7,8
2,3,9,2,1755.799,2 1,South,2,7,8
2,3,9,2,1756.518,3 1,South,2,7,8
2,3,9,1,1757.206,3 1,East,2,7,8
2,3,9,2,1757.891,3 2,East,2,7,8
2,3,9,3,1758.582,3 2,South,2,7,8
2,3,9,1,1760.004,3 2,East,2,7,8
2,3,9,3,1760.906,3 2,South,2,7,8
2,3,9,2,1761.623,4 2,South,2,7,8
2,3,9,1,1762.426,4 2,East,2,7,8
2,3,9,2,1763.163,4 3,East,2,7,8
2,3,9,2,1763.835,4 4,East,2,7,8
2,3,9,1,1764.427,4 4,North,2,7,8
2,3,9,2,1765.069,3 4,North,2,7,8
2,3,9,2,1765.691,2 4,North,2,7,8
2,3,9,2,1766.406,1 4,North,2,7,8
2,3,9,1,1767.031,1 4,West,2,7,8
2,3,9,2,1767.704,1 3,West,2,7,8
2,3,9,1,1768.308,1 3,South,2,7,8
2,3,9,2,1768.905,2 3,South,2,7,8
2,3,9,6,1769.28,2 3,South,2,8,8
0,4,10,2,1773.542,3 4,North,2,0,8
0,4,10,2,1774.361,2 4,North,2,0,8
0,4,10,2,1775.178,1 4,North,2,0,8
0,4,10,2,1775.722,0 4,North,2,0,8
0,4,10,6,1776.1,0 4,North,2,1,8
0,4,10,1,1776.406,0 4,West,2,1,8
0,4,10,1,1776.931,0 4,South,2,1,8
0,4,10,2,1777.527,1 4,South,2,1,8
0,4,10,3,1778.086,1 4,West,2,1,8
0,4,10,2,1778.602,1 3,West,2,1,8
0,4,10,1,1779.159,1 3,South,2,1,8
0,4,10,2,1779.72,2 3,South,2,1,8
0,4,10,3,1780.247,2 3,West,2,1,8
0,4,10,2,1780.775,2 2,West,2,1,8
0,4,10,3,1781.3,2 2,North,2,1,8
0,4,10,2,1781.866,1 2,North,2,1,8
0,4,10,2,1782.419,0 2,North,2,1,8
0,4,10,1,1782.936,0 2,West,2,1,8
0,4,10,1,1783.593,0 2,South,2,1,8
0,4,10,2,1784.282,1 2,South,2,1,8
0,4,10,2,1785.132,2 2,South,2,1,8
0,4,10,1,1785.652,2 2,East,2,1,8
0,4,10,2,1786.179,2 3,East,2,1,8
0,4,10,1,1786.697,2 3,North,2,1,8
0,4,10,2,1787.734,1 3,North,2,1,8
0,4,10,3,1788.333,1 3,East,2,1,8
0,4,10,2,1788.869,1 4,East,2,1,8
0,4,10,3,1789.395,1 4,South,2,1,8
0,4,10,2,1790.339,2 4,South,2,1,8
0,4,10,2,1791.003,3 4,South,2,1,8
0,4,10,2,1791.532,4 4,South,2,1,8
0,4,10,3,1792.484,4 4,West,2,1,8
0,4,10,2,1793.018,4 3,West,2,1,8
0,4,10,2,1793.622,4 2,West,2,1,8
0,4,10,3,1794.568,4 2,North,2,1,8
0,4,10,2,1795.459,3 2,North,2,1,8
0,4,10,1,1796.026,3 2,West,2,1,8
0,4,10,2,1796.619,3 1,West,2,1,8
0,4,10,6,1797.02,3 1,West,2,2,8
0,4,10,3,1797.254,3 1,North,2,2,8
0,4,10,2,1797.827,2 1,North,2,2,8
0,4,10,2,1798.49,1 1,North,2,2,8
0,4,10,1,1798.999,1 1,West,2,2,8
0,4,10,2,1799.572,1 0,West,2,2,8
0,4,10,1,1800.115,1 0,South,2,2,8
0,4,10,2,1800.744,2 0,South,2,2,8
0,4,10,2,1801.292,3 0,South,2,2,8
0,4,10,1,1802.247,3 0,East,2,2,8
0,4,10,3,1802.885,3 0,South,2,2,8
0,4,10,3,1803.58,3 0,West,2,2,8
0,4,10,3,1804.148,3 0,North,2,2,8
0,4,10,2,1804.679,2 0,North,2,2,8
0,4,10,2,1805.305,1 0,North,2,2,8
0,4,10,3,1806.235,1 0,East,2,2,8
0,4,10,2,1807.188,1 1,East,2,2,8
0,4,10,3,1807.737,1 1,South,2,2,8
0,4,10,2,1808.332,2 1,South,2,2,8
0,4,10,2,1809.084,3 1,South,2,2,8
0,4,10,1,1809.619,3 1,East,2,2,8
0,4,10,2,1810.47,3 2,East,2,2,8
0,4,10,3,1810.989,3 2,South,2,2,8
0,4,10,2,1811.606,4 2,South,2,2,8
0,4,10,1,1812.506,4 2,East,2,2,8
0,4,10,2,1813.068,4 3,East,2,2,8
0,4,10,2,1813.956,4 4,East,2,2,8
0,4,10,1,1814.843,4 4,North,2,2,8
0,4,10,2,1816.058,3 4,North,2,2,8
0,4,10,2,1816.604,2 4,North,2,2,8
0,4,10,2,1817.145,1 4,North,2,2,8
0,4,10,1,1817.725,1 4,West,2,2,8
0,4,10,2,1818.376,1 3,West,2,2,8
0,4,10,1,1818.931,1 3,South,2,2,8
0,4,10,2,1819.493,2 3,South,2,2,8
0,4,10,3,1820.124,2 3,West,2,2,8
0,4,10,2,1820.659,2 2,West,2,2,8
0,4,10,6,1821.06,2 2,West,2,3,8
0,4,10,3,1821.239,2 2,North,2,3,8
0,4,10,2,1821.845,1 2,North,2,3,8
0,4,10,2,1822.375,0 2,North,2,3,8
0,4,10,1,1822.917,0 2,West,2,3,8
0,4,10,1,1823.495,0 2,South,2,3,8
0,4,10,2,1824.437,1 2,South,2,3,8
0,4,10,2,1824.954,2 2,South,2,3,8
0,4,10,1,1825.849,2 2,East,2,3,8
0,4,10,2,1826.453,2 3,East,2,3,8
0,4,10,1,1827.146,2 3,North,2,3,8
0,4,10,2,1828.201,1 3,North,2,3,8
0,4,10,3,1828.904,1 3,East,2,3,8
0,4,10,2,1829.595,1 4,East,2,3,8
0,4,10,1,1830.203,1 4,North,2,3,8
0,4,10,1,1830.949,1 4,West,2,3,8
0,4,10,1,1831.67,1 4,South,2,3,8
0,4,10,2,1832.244,2 4,South,2,3,8
0,4,10,2,1833.16,3 4,South,2,3,8
0,4,10,2,1834.106,4 4,South,2,3,8
0,4,10,3,1834.995,4 4,West,2,3,8
0,4,10,2,1835.912,4 3,West,2,3,8
0,4,10,2,1836.651,4 2,West,2,3,8
0,4,10,3,1837.528,4 2,North,2,3,8
0,4,10,2,1838.276,3 2,North,2,3,8
0,4,10,3,1838.82,3 2,East,2,3,8
0,4,10,1,1839.364,3 2,North,2,3,8
0,4,10,1,1839.927,3 2,West,2,3,8
0,4,10,2,1840.443,3 1,West,2,3,8
0,4,10,3,1841.03,3 1,North,2,3,8
0,4,10,2,1841.66,2 1,North,2,3,8
0,4,10,2,1842.171,1 1,North,2,3,8
0,4,10,1,1842.726,1 1,West,2,3,8
0,4,10,2,1843.261,1 0,West,2,3,8
0,4,10,1,1844.117,1 0,South,2,3,8
0,4,10,2,1844.68,2 0,South,2,3,8
0,4,10,2,1845.72,3 0,South,2,3,8
0,4,10,2,1846.267,4 0,South,2,3,8
0,4,10,6,1846.64,4 0,South,2,4,8
0,4,10,1,1846.822,4 0,East,2,4,8
0,4,10,1,1847.351,4 0,North,2,4,8
0,4,10,2,1848.252,3 0,North,2,4,8
0,4,10,2,1848.809,2 0,North,2,4,8
0,4,10,2,1849.353,1 0,North,2,4,8
0,4,10,3,1849.925,1 0,East,2,4,8
0,4,10,2,1850.502,1 1,East,2,4,8
0,4,10,3,1851.124,1 1,South,2,4,8
0,4,10,2,1852.261,2 1,South,2,4,8
0,4,10,2,1852.82,3 1,South,2,4,8
0,4,10,1,1853.731,3 1,East,2,4,8
0,4,10,2,1854.438,3 2,East,2,4,8
0,4,10,3,1855.004,3 2,South,2,4,8
0,4,10,2,1855.592,4 2,South,2,4,8
0,4,10,1,1856.329,4 2,East,2,4,8
0,4,10,2,1856.873,4 3,East,2,4,8
0,4,10,2,1857.495,4 4,East,2,4,8
0,4,10,1,1858.022,4 4,North,2,4,8
0,4,10,2,1858.583,3 4,North,2,4,8
0,4,10,6,1858.96,3 4,North,2,5,8
0,4,10,2,1859.173,2 4,North,2,5,8
0,4,10,2,1859.752,1 4,North,2,5,8
0,4,10,2,1860.486,0 4,North,2,5,8
0,4,10,1,1861.402,0 4,West,2,5,8
0,4,10,1,1861.948,0 4,South,2,5,8
0,4,10,2,1862.535,1 4,South,2,5,8
0,4,10,3,1863.463,1 4,West,2,5,8
0,4,10,2,1864.054,1 3,West,2,5,8
0,4,10,1,1864.732,1 3,South,2,5,8
0,4,10,2,1865.476,2 3,South,2,5,8
0,4,10,3,1866.07,2 3,West,2,5,8
0,4,10,2,1866.636,2 2,West,2,5,8
0,4,10,3,1867.241,2 2,North,2,5,8
0,4,10,2,1867.817,1 2,North,2,5,8
0,4,10,2,1868.796,0 2,North,2,5,8
0,4,10,1,1869.736,0 2,West,2,5,8
0,4,10,1,1870.298,0 2,South,2,5,8
0,4,10,2,1871.196,1 2,South,2,5,8
0,4,10,2,1871.707,2 2,South,2,5,8
0,4,10,1,1872.249,2 2,East,2,5,8
0,4,10,2,1872.787,2 3,East,2,5,8
0,4,10,1,1873.764,2 3,North,2,5,8
0,4,10,2,1874.296,1 3,North,2,5,8
0,4,10,3,1874.87,1 3,East,2,5,8
0,4,10,2,1875.382,1 4,East,2,5,8
0,4,10,3,1876.298,1 4,South,2,5,8
0,4,10,2,1877.051,2 4,South,2,5,8
0,4,10,2,1877.651,3 4,South,2,5,8
0,4,10,2,1878.648,4 4,South,2,5,8
0,4,10,3,1879.529,4 4,West,2,5,8
0,4,10,2,1880.102,4 3,West,2,5,8
0,4,10,2,1880.997,4 2,West,2,5,8
0,4,10,3,1881.768,4 2,North,2,5,8
0,4,10,2,1882.313,3 2,North,2,5,8
0,4,10,3,1883.396,3 2,East,2,5,8
0,4,10,1,1883.958,3 2,North,2,5,8
0,4,10,1,1884.533,3 2,West,2,5,8
0,4,10,2,1885.098,3 1,West,2,5,8
0,4,10,3,1885.661,3 1,North,2,5,8
0,4,10,2,1886.181,2 1,North,2,5,8
0,4,10,2,1886.712,1 1,North,2,5,8
0,4,10,1,1887.628,1 1,West,2,5,8
0,4,10,2,1888.183,1 0,West,2,5,8
0,4,10,1,1888.692,1 0,South,2,5,8
0,4,10,2,1889.623,2 0,South,2,5,8
0,4,10,6,1890,2 0,South,2,6,8
0,4,10,2,1890.202,3 0,South,2,6,8
0,4,10,2,1890.824,4 0,South,2,6,8
0,4,10,1,1891.398,4 0,East,2,6,8
0,4,10,1,1892.233,4 0,North,2,6,8
0,4,10,2,1893.068,3 0,North,2,6,8
0,4,10,2,1893.977,2 0,North,2,6,8
0,4,10,2,1894.852,1 0,North,2,6,8
0,4,10,3,1895.364,1 0,East,2,6,8
0,4,10,2,1895.883,1 1,East,2,6,8
0,4,10,6,1896.3,1 1,East,2,7,8
0,4,10,3,1896.426,1 1,South,2,7,8
0,4,10,2,1897.674,2 1,South,2,7,8
0,4,10,2,1898.2,3 1,South,2,7,8
0,4,10,1,1899.207,3 1,East,2,7,8
0,4,10,2,1899.751,3 2,East,2,7,8
0,4,10,3,1900.294,3 2,South,2,7,8
0,4,10,2,1901.192,4 2,South,2,7,8
0,4,10,1,1901.946,4 2,East,2,7,8
0,4,10,2,1902.82,4 3,East,2,7,8
0,4,10,2,1903.701,4 4,East,2,7,8
0,4,10,1,1904.405,4 4,North,2,7,8
0,4,10,2,1905.178,3 4,North,2,7,8
0,4,10,2,1906.138,2 4,North,2,7,8
0,4,10,2,1906.731,1 4,North,2,7,8
0,4,10,1,1907.305,1 4,West,2,7,8
0,4,10,2,1908.012,1 3,West,2,7,8
0,4,10,1,1908.634,1 3,South,2,7,8
0,4,10,2,1909.224,2 3,South,2,7,8
0,4,10,3,1909.784,2 3,West,2,7,8
0,4,10,2,1910.426,2 2,West,2,7,8
0,4,10,3,1911.124,2 2,North,2,7,8
0,4,10,2,1911.643,1 2,North,2,7,8
0,4,10,2,1912.325,0 2,North,2,7,8
0,4,10,1,1912.84,0 2,West,2,7,8
0,4,10,2,1913.367,0 1,West,2,7,8
0,4,10,2,1913.941,0 0,West,2,7,8
0,4,10,6,1914.34,0 0,West,2,8,8
2,4,10,1,1921.108,4 4,West,2,0,0
2,4,10,3,1922.155,4 4,North,2,0,0
2,4,10,2,1923.187,3 4,North,2,0,0
2,4,10,2,1924.01,2 4,North,2,0,0
2,4,10,2,1924.966,1 4,North,2,0,0
2,4,10,1,1925.844,1 4,West,2,0,0
2,4,10,2,1926.585,1 3,West,2,0,0
2,4,10,1,1927.353,1 3,South,2,0,0
2,4,10,2,1928.316,2 3,South,2,0,0
2,4,10,3,1929.164,2 3,West,2,0,0
2,4,10,2,1929.958,2 2,West,2,0,0
2,4,10,3,1930.76,2 2,North,2,0,0
2,4,10,2,1931.412,1 2,North,2,0,0
2,4,10,2,1932.07,0 2,North,2,0,0
2,4,10,1,1932.725,0 2,West,2,0,0
2,4,10,2,1933.337,0 1,West,2,0,0
2,4,10,2,1933.957,0 0,West,2,0,0
2,4,10,6,1934.36,0 0,West,2,1,0
2,4,10,3,1934.554,0 0,North,2,1,0
2,4,10,3,1935.176,0 0,East,2,1,0
2,4,10,2,1935.753,0 1,East,2,1,0
2,4,10,2,1936.314,0 2,East,2,1,0
2,4,10,3,1936.906,0 2,South,2,1,0
2,4,10,2,1937.445,1 2,South,2,1,0
2,4,10,1,1938.101,1 2,East,2,1,0
2,4,10,2,1938.743,1 2,East,2,1,1
2,4,10,3,1939.481,1 2,South,2,1,1
2,4,10,2,1940.102,2 2,South,2,1,1
2,4,10,1,1940.742,2 2,East,2,1,1
2,4,10,2,1941.356,2 3,East,2,1,1
2,4,10,1,1942.053,2 3,North,2,1,1
2,4,10,2,1942.645,1 3,North,2,1,1
2,4,10,3,1943.275,1 3,East,2,1,1
2,4,10,2,1943.914,1 4,East,2,1,1
2,4,10,3,1944.521,1 4,South,2,1,1
2,4,10,2,1945.046,2 4,South,2,1,1
2,4,10,2,1945.668,3 4,South,2,1,1
2,4,10,6,1946.04,3 4,South,2,2,1
2,4,10,3,1946.599,3 4,West,2,2,1
2,4,10,1,1948.179,3 4,South,2,2,1
2,4,10,2,1948.79,4 4,South,2,2,1
2,4,10,3,1949.364,4 4,West,2,2,1
2,4,10,2,1949.957,4 3,West,2,2,1
2,4,10,2,1950.921,4 2,West,2,2,1
2,4,10,3,1951.625,4 2,North,2,2,1
2,4,10,2,1952.261,3 2,North,2,2,1
2,4,10,1,1953.078,3 2,West,2,2,1
2,4,10,2,1953.74,3 1,West,2,2,1
2,4,10,3,1954.358,3 1,North,2,2,1
2,4,10,2,1955.08,2 1,North,2,2,1
2,4,10,2,1956.266,1 1,North,2,2,1
2,4,10,1,1956.934,1 1,West,2,2,1
2,4,10,2,1957.527,1 0,West,2,2,1
2,4,10,1,1958.197,1 0,South,2,2,1
2,4,10,2,1958.806,2 0,South,2,2,1
2,4,10,6,1959.18,2 0,South,2,3,1
2,4,10,3,1959.446,2 0,West,2,3,1
2,4,10,3,1960.026,2 0,North,2,3,1
2,4,10,2,1960.582,1 0,North,2,3,1
2,4,10,3,1961.32,1 0,East,2,3,1
2,4,10,2,1961.882,1 1,East,2,3,1
2,4,10,2,1962.648,1 1,East,2,3,2
2,4,10,3,1963.078,1 1,South,2,3,2
2,4,10,2,1963.671,2 1,South,2,3,2
2,4,10,2,1964.278,3 1,South,2,3,2
2,4,10,1,1964.918,3 1,East,2,3,2
2,4,10,2,1965.501,3 2,East,2,3,2
2,4,10,3,1966.118,3 2,South,2,3,2
2,4,10,2,1966.701,4 2,South,2,3,2
2,4,10,1,1967.301,4 2,East,2,3,2
2,4,10,2,1967.868,4 3,East,2,3,2
2,4,10,2,1968.472,4 4,East,2,3,2
2,4,10,1,1969.173,4 4,North,2,3,2
2,4,10,2,1969.751,3 4,North,2,3,2
2,4,10,2,1970.312,2 4,North,2,3,2
2,4,10,2,1970.924,1 4,North,2,3,2
2,4,10,2,1971.509,0 4,North,2,3,2
2,4,10,6,1971.88,0 4,North,2,4,2
2,4,10,1,1972.151,0 4,West,2,4,2
2,4,10,1,1972.71,0 4,South,2,4,2
2,4,10,2,1973.414,1 4,South,2,4,2
2,4,10,3,1974.34,1 4,West,2,4,2
2,4,10,2,1974.937,1 3,West,2,4,2
2,4,10,1,1975.544,1 3,South,2,4,2
2,4,10,2,1976.15,2 3,South,2,4,2
2,4,10,3,1976.729,2 3,West,2,4,2
2,4,10,2,1977.324,2 2,West,2,4,2
2,4,10,6,1977.74,2 2,West,2,5,2
2,4,10,1,1977.961,2 2,South,2,5,2
2,4,10,1,1978.524,2 2,East,2,5,2
2,4,10,2,1979.381,2 3,East,2,5,2
2,4,10,1,1980.036,2 3,North,2,5,2
2,4,10,2,1980.617,1 3,North,2,5,2
2,4,10,6,1981,1 3,North,2,6,2
2,4,10,3,1981.194,1 3,East,2,6,2
2,4,10,2,1981.75,1 4,East,2,6,2
2,4,10,1,1982.408,1 4,North,2,6,2
2,4,10,2,1983.045,0 4,North,2,6,2
2,4,10,1,1983.587,0 4,West,2,6,2
2,4,10,1,1985.868,0 4,South,2,6,2
2,4,10,2,1986.566,1 4,South,2,6,2
2,4,10,3,1987.148,1 4,West,2,6,2
2,4,10,2,1987.868,1 3,West,2,6,2
2,4,10,1,1988.615,1 3,South,2,6,2
2,4,10,2,1989.241,2 3,South,2,6,2
2,4,10,3,1989.916,2 3,West,2,6,2
2,4,10,2,1990.598,2 2,West,2,6,2
2,4,10,3,1993.978,2 2,North,2,6,2
2,4,10,2,1994.778,1 2,North,2,6,2
2,4,10,2,1995.524,0 2,North,2,6,2
2,4,10,6,1995.9,0 2,North,2,7,2
2,4,10,1,1996.25,0 2,West,2,7,2
2,4,10,1,1996.827,0 2,South,2,7,2
2,4,10,2,1997.479,1 2,South,2,7,2
2,4,10,2,1997.99,2 2,South,2,7,2
2,4,10,1,1998.549,2 2,East,2,7,2
2,4,10,2,1999.48,2 3,East,2,7,2
2,4,10,6,1999.9,2 3,East,2,8,2
0,4,11,2,2003.644,3 4,North,2,0,2
0,4,11,2,2004.265,2 4,North,2,0,2
0,4,11,2,2004.889,1 4,North,2,0,2
0,4,11,1,2005.609,1 4,West,2,0,2
0,4,11,2,2006.296,1 3,West,2,0,2
0,4,11,1,2006.917,1 3,South,2,0,2
0,4,11,2,2007.561,2 3,South,2,0,2
0,4,11,3,2008.118,2 3,West,2,0,2
0,4,11,2,2008.636,2 2,West,2,0,2
0,4,11,3,2009.164,2 2,North,2,0,2
0,4,11,2,2009.72,1 2,North,2,0,2
0,4,11,2,2010.379,0 2,North,2,0,2
0,4,11,1,2011.253,0 2,West,2,0,2
0,4,11,2,2011.797,0 1,West,2,0,2
0,4,11,6,2012.2,0 1,West,2,1,2
0,4,11,1,2012.375,0 1,South,2,1,2
0,4,11,1,2012.951,0 1,East,2,1,2
0,4,11,2,2013.8,0 2,East,2,1,2
0,4,11,3,2014.356,0 2,South,2,1,2
0,4,11,2,2014.971,1 2,South,2,1,2
0,4,11,2,2015.878,2 2,South,2,1,2
0,4,11,1,2016.468,2 2,East,2,1,2
0,4,11,2,2017.051,2 3,East,2,1,2
0,4,11,1,2017.577,2 3,North,2,1,2
0,4,11,2,2018.149,1 3,North,2,1,2
0,4,11,3,2018.694,1 3,East,2,1,2
0,4,11,2,2019.239,1 4,East,2,1,2
0,4,11,3,2019.78,1 4,South,2,1,2
0,4,11,2,2020.325,2 4,South,2,1,2
0,4,11,2,2022.296,3 4,South,2,1,2
0,4,11,2,2022.868,4 4,South,2,1,2
0,4,11,3,2023.384,4 4,West,2,1,2
0,4,11,2,2023.949,4 3,West,2,1,2
0,4,11,2,2024.549,4 2,West,2,1,2
0,4,11,3,2025.112,4 2,North,2,1,2
0,4,11,2,2025.948,3 2,North,2,1,2
0,4,11,3,2026.599,3 2,East,2,1,2
0,4,11,1,2027.128,3 2,North,2,1,2
0,4,11,1,2027.909,3 2,West,2,1,2
0,4,11,2,2028.675,3 1,West,2,1,2
0,4,11,3,2029.593,3 1,North,2,1,2
0,4,11,2,2030.292,2 1,North,2,1,2
0,4,11,2,2030.899,1 1,North,2,1,2
0,4,11,1,2031.418,1 1,West,2,1,2
0,4,11,2,2032.01,1 0,West,2,1,2
0,4,11,1,2032.875,1 0,South,2,1,2
0,4,11,2,2033.732,2 0,South,2,1,2
0,4,11,2,2034.42,3 0,South,2,1,2
0,4,11,6,2034.8,3 0,South,2,2,2
0,4,11,1,2035.802,3 0,East,2,2,2
0,4,11,1,2036.525,3 0,North,2,2,2
0,4,11,2,2037.146,2 0,North,2,2,2
0,4,11,2,2038.137,1 0,North,2,2,2
0,4,11,3,2038.68,1 0,East,2,2,2
0,4,11,2,2039.255,1 1,East,2,2,2
0,4,11,3,2039.945,1 1,South,2,2,2
0,4,11,2,2040.916,2 1,South,2,2,2
0,4,11,2,2041.592,3 1,South,2,2,2
0,4,11,1,2042.185,3 1,East,2,2,2
0,4,11,2,2042.758,3 2,East,2,2,2
0,4,11,3,2043.561,3 2,South,2,2,2
0,4,11,2,2044.229,4 2,South,2,2,2
0,4,11,1,2044.776,4 2,East,2,2,2
0,4,11,2,2045.669,4 3,East,2,2,2
0,4,11,2,2046.186,4 4,East,2,2,2
0,4,11,1,2047.126,4 4,North,2,2,2
0,4,11,2,2047.846,3 4,North,2,2,2
0,4,11,2,2048.538,2 4,North,2,2,2
0,4,11,2,2049.368,1 4,North,2,2,2
0,4,11,6,2049.74,1 4,North,2,3,2
0,4,11,1,2050.58,1 4,West,2,3,2
0,4,11,3,2051.302,1 4,North,2,3,2
0,4,11,2,2051.848,0 4,North,2,3,2
0,4,11,1,2052.749,0 4,West,2,3,2
0,4,11,2,2053.508,0 3,West,2,3,2
0,4,11,6,2053.92,0 3,West,2,4,2
0,4,11,1,2054.198,0 3,South,2,4,2
0,4,11,1,2055.036,0 3,East,2,4,2
0,4,11,2,2055.96,0 4,East,2,4,2
0,4,11,3,2056.492,0 4,South,2,4,2
0,4,11,2,2057.082,1 4,South,2,4,2
0,4,11,2,2057.72,2 4,South,2,4,2
0,4,11,6,2058.1,2 4,South,2,5,2
0,4,11,3,2058.444,2 4,West,2,5,2
0,4,11,3,2059.062,2 4,North,2,5,2
0,4,11,2,2059.7,1 4,North,2,5,2
0,4,11,1,2060.391,1 4,West,2,5,2
0,4,11,2,2061.063,1 3,West,2,5,2
0,4,11,6,2061.48,1 3,West,2,6,2
0,4,11,1,2061.708,1 3,South,2,6,2
0,4,11,2,2062.281,2 3,South,2,6,2
0,4,11,3,2062.826,2 3,West,2,6,2
0,4,11,2,2063.419,2 2,West,2,6,2
0,4,11,3,2063.996,2 2,North,2,6,2
0,4,11,2,2064.663,1 2,North,2,6,2
0,4,11,2,2065.319,0 2,North,2,6,2
0,4,11,6,2065.7,0 2,North,2,7,2
0,4,11,1,2065.867,0 2,West,2,7,2
0,4,11,1,2066.439,0 2,South,2,7,2
0,4,11,2,2067.014,1 2,South,2,7,2
0,4,11,2,2067.561,2 2,South,2,7,2
0,4,11,1,2068.504,2 2,East,2,7,2
0,4,11,2,2069.052,2 3,East,2,7,2
0,4,11,1,2069.962,2 3,North,2,7,2
0,4,11,2,2070.568,1 3,North,2,7,2
0,4,11,3,2071.092,1 3,East,2,7,2
0,4,11,2,2071.685,1 4,East,2,7,2
0,4,11,1,2072.244,1 4,North,2,7,2
0,4,11,1,2072.954,1 4,West,2,7,2
0,4,11,1,2073.561,1 4,South,2,7,2
0,4,11,2,2074.473,2 4,South,2,7,2
0,4,11,2,2075.108,3 4,South,2,7,2
0,4,11,2,2075.624,4 4,South,2,7,2
0,4,11,3,2076.195,4 4,West,2,7,2
0,4,11,2,2077.142,4 3,West,2,7,2
0,4,11,6,2077.56,4 3,West,2,8,2
2,4,11,1,2081.43,4 4,West,2,0,0
2,4,11,2,2082.17,4 3,West,2,0,0
2,4,11,6,2082.58,4 3,West,2,1,0
2,4,11,3,2083.048,4 3,North,2,1,0
2,4,11,3,2083.731,4 3,East,2,1,0
2,4,11,2,2084.296,4 4,East,2,1,0
2,4,11,1,2084.985,4 4,North,2,1,0
2,4,11,2,2086.028,3 4,North,2,1,0
2,4,11,2,2086.856,2 4,North,2,1,0
2,4,11,6,2087.24,2 4,North,2,2,0
2,4,11,2,2088.179,1 4,North,2,2,0
2,4,11,2,2088.793,0 4,North,2,2,0
2,4,11,1,2089.414,0 4,West,2,2,0
2,4,11,2,2090.121,0 3,West,2,2,0
2,4,11,6,2090.54,0 3,West,2,3,0
2,4,11,3,2091.002,0 3,North,2,3,0
2,4,11,3,2091.609,0 3,East,2,3,0
2,4,11,2,2092.219,0 4,East,2,3,0
2,4,11,3,2092.821,0 4,South,2,3,0
2,4,11,2,2093.462,1 4,South,2,3,0
2,4,11,2,2094.074,2 4,South,2,3,0
2,4,11,2,2094.677,3 4,South,2,3,0
2,4,11,2,2095.235,4 4,South,2,3,0
2,4,11,3,2095.835,4 4,West,2,3,0
2,4,11,2,2096.39,4 3,West,2,3,0
2,4,11,2,2096.981,4 2,West,2,3,0
2,4,11,3,2097.562,4 2,North,2,3,0
2,4,11,2,2098.181,3 2,North,2,3,0
2,4,11,2,2098.884,3 2,North,2,3,1
2,4,11,1,2099.405,3 2,West,2,3,1
2,4,11,2,2101.319,3 1,West,2,3,1
2,4,11,3,2101.942,3 1,North,2,3,1
2,4,11,2,2102.523,2 1,North,2,3,1
2,4,11,2,2103.142,1 1,North,2,3,1
2,4,11,1,2103.781,1 1,West,2,3,1
2,4,11,2,2104.375,1 0,West,2,3,1
2,4,11,1,2104.964,1 0,South,2,3,1
2,4,11,2,2105.546,2 0,South,2,3,1
2,4,11,2,2106.107,3 0,South,2,3,1
2,4,11,2,2106.682,4 0,South,2,3,1
2,4,11,1,2107.283,4 0,East,2,3,1
2,4,11,2,2107.847,4 1,East,2,3,1
2,4,11,6,2108.26,4 1,East,2,4,1
2,4,11,3,2108.47,4 1,South,2,4,1
2,4,11,3,2109.205,4 1,West,2,4,1
2,4,11,2,2109.765,4 0,West,2,4,1
2,4,11,3,2110.346,4 0,North,2,4,1
2,4,11,2,2111.398,3 0,North,2,4,1
2,4,11,2,2111.989,2 0,North,2,4,1
2,4,11,2,2112.602,1 0,North,2,4,1
2,4,11,3,2113.225,1 0,East,2,4,1
2,4,11,2,2113.833,1 1,East,2,4,1
2,4,11,3,2114.524,1 1,South,2,4,1
2,4,11,2,2115.309,2 1,South,2,4,1
2,4,11,2,2116.125,3 1,South,2,4,1
2,4,11,1,2116.842,3 1,East,2,4,1
2,4,11,2,2117.497,3 2,East,2,4,1
2,4,11,3,2118.132,3 2,South,2,4,1
2,4,11,2,2118.794,4 2,South,2,4,1
2,4,11,1,2119.404,4 2,East,2,4,1
2,4,11,2,2119.924,4 3,East,2,4,1
2,4,11,2,2120.51,4 4,East,2,4,1
2,4,11,1,2121.091,4 4,North,2,4,1
2,4,11,2,2122.058,3 4,North,2,4,1
2,4,11,2,2122.679,2 4,North,2,4,1
2,4,11,2,2123.261,1 4,North,2,4,1
2,4,11,6,2123.64,1 4,North,2,5,1
2,4,11,1,2123.927,1 4,West,2,5,1
2,4,11,1,2124.536,1 4,South,2,5,1
2,4,11,2,2125.145,2 4,South,2,5,1
2,4,11,2,2125.769,3 4,South,2,5,1
2,4,11,2,2126.595,4 4,South,2,5,1
2,4,11,3,2127.236,4 4,West,2,5,1
2,4,11,2,2127.795,4 3,West,2,5,1
2,4,11,2,2129.303,4 2,West,2,5,1
2,4,11,3,2129.925,4 2,North,2,5,1
2,4,11,2,2130.484,3 2,North,2,5,1
2,4,11,1,2131.051,3 2,West,2,5,1
2,4,11,2,2131.606,3 1,West,2,5,1
2,4,11,3,2132.168,3 1,North,2,5,1
2,4,11,2,2132.795,2 1,North,2,5,1
2,4,11,6,2133.18,2 1,North,2,6,1
2,4,11,1,2133.417,2 1,West,2,6,1
2,4,11,1,2133.959,2 1,South,2,6,1
2,4,11,3,2134.967,2 1,West,2,6,1
2,4,11,3,2135.525,2 1,North,2,6,1
2,4,11,2,2136.154,1 1,North,2,6,1
2,4,11,1,2136.696,1 1,West,2,6,1
2,4,11,2,2137.271,1 0,West,2,6,1
2,4,11,1,2137.849,1 0,South,2,6,1
2,4,11,2,2138.404,2 0,South,2,6,1
2,4,11,2,2138.967,3 0,South,2,6,1
2,4,11,2,2139.544,4 0,South,2,6,1
2,4,11,6,2139.92,4 0,South,2,7,1
2,4,11,3,2140.106,4 0,West,2,7,1
2,4,11,3,2141.076,4 0,North,2,7,1
2,4,11,2,2141.661,3 0,North,2,7,1
2,4,11,2,2142.557,2 0,North,2,7,1
2,4,11,2,2143.484,1 0,North,2,7,1
2,4,11,3,2144.26,1 0,East,2,7,1
2,4,11,2,2144.859,1 1,East,2,7,1
2,4,11,3,2147.368,1 1,South,2,7,1
2,4,11,2,2147.98,2 1,South,2,7,1
2,4,11,2,2148.635,3 1,South,2,7,1
2,4,11,1,2149.303,3 1,East,2,7,1
2,4,11,2,2149.932,3 2,East,2,7,1
2,4,11,3,2150.538,3 2,South,2,7,1
2,4,11,2,2151.417,4 2,South,2,7,1
2,4,11,1,2152.024,4 2,East,2,7,1
2,4,11,2,2152.936,4 3,East,2,7,1
2,4,11,2,2153.513,4 4,East,2,7,1
2,4,11,1,2154.086,4 4,North,2,7,1
2,4,11,2,2154.659,3 4,North,2,7,1
2,4,11,2,2155.27,2 4,North,2,7,1
2,4,11,2,2156.409,1 4,North,2,7,1
2,4,11,1,2156.968,1 4,West,2,7,1
2,4,11,2,2157.576,1 3,West,2,7,1
2,4,11,1,2159.366,1 3,South,2,7,1
2,4,11,2,2160.039,2 3,South,2,7,1
2,4,11,3,2160.645,2 3,West,2,7,1
2,4,11,2,2161.219,2 2,West,2,7,1
2,4,11,3,2161.834,2 2,North,2,7,1
2,4,11,2,2162.358,1 2,North,2,7,1
2,4,11,2,2162.884,0 2,North,2,7,1
2,4,11,1,2163.444,0 2,West,2,7,1
2,4,11,2,2164.008,0 1,West,2,7,1
2,4,11,6,2164.42,0 1,West,2,8,1
0,4,12,1,2169.26,4 4,West,2,0,1
0,4,12,3,2169.908,4 4,North,2,0,1
0,4,12,2,2170.568,3 4,North,2,0,1
0,4,12,2,2171.397,2 4,North,2,0,1
0,4,12,2,2171.942,1 4,North,2,0,1
0,4,12,1,2172.82,1 4,West,2,0,1
0,4,12,2,2173.493,1 3,West,2,0,1
0,4,12,1,2174.105,1 3,South,2,0,1
0,4,12,2,2174.663,2 3,South,2,0,1
0,4,12,3,2175.191,2 3,West,2,0,1
0,4,12,2,2176.131,2 2,West,2,0,1
0,4,12,3,2176.652,2 2,North,2,0,1
0,4,12,2,2177.357,1 2,North,2,0,1
0,4,12,2,2177.893,0 2,North,2,0,1
0,4,12,1,2178.803,0 2,West,2,0,1
0,4,12,1,2179.387,0 2,South,2,0,1
0,4,12,2,2179.944,1 2,South,2,0,1
0,4,12,2,2180.859,2 2,South,2,0,1
0,4,12,1,2181.674,2 2,East,2,0,1
0,4,12,2,2182.198,2 3,East,2,0,1
0,4,12,1,2183.061,2 3,North,2,0,1
0,4,12,2,2183.766,1 3,North,2,0,1
0,4,12,3,2184.533,1 3,East,2,0,1
0,4,12,2,2185.227,1 4,East,2,0,1
0,4,12,3,2185.816,1 4,South,2,0,1
0,4,12,2,2186.36,2 4,South,2,0,1
0,4,12,2,2186.921,3 4,South,2,0,1
0,4,12,2,2187.542,4 4,South,2,0,1
0,4,12,3,2188.085,4 4,West,2,0,1
0,4,12,2,2188.971,4 3,West,2,0,1
0,4,12,2,2189.641,4 2,West,2,0,1
0,4,12,3,2190.154,4 2,North,2,0,1
0,4,12,2,2190.709,3 2,North,2,0,1
0,4,12,1,2191.22,3 2,West,2,0,1
0,4,12,2,2191.803,3 1,West,2,0,1
0,4,12,3,2192.377,3 1,North,2,0,1
0,4,12,2,2192.97,2 1,North,2,0,1
0,4,12,2,2193.556,1 1,North,2,0,1
0,4,12,1,2194.487,1 1,West,2,0,1
0,4,12,2,2195.013,1 0,West,2,0,1
0,4,12,6,2195.42,1 0,West,2,1,1
0,4,12,1,2195.542,1 0,South,2,1,1
0,4,12,2,2196.09,2 0,South,2,1,1
0,4,12,1,2196.794,2 0,East,2,1,1
0,4,12,1,2197.652,2 0,North,2,1,1
0,4,12,2,2198.18,1 0,North,2,1,1
0,4,12,3,2198.696,1 0,East,2,1,1
0,4,12,2,2199.225,1 1,East,2,1,1
0,4,12,3,2199.83,1 1,South,2,1,1
0,4,12,2,2200.358,2 1,South,2,1,1
0,4,12,2,2200.909,3 1,South,2,1,1
0,4,12,1,2202.009,3 1,East,2,1,1
0,4,12,2,2202.552,3 2,East,2,1,1
0,4,12,6,2202.96,3 2,East,2,2,1
0,4,12,3,2203.476,3 2,South,2,2,1
0,4,12,2,2204.107,4 2,South,2,2,1
0,4,12,1,2205.048,4 2,East,2,2,1
0,4,12,2,2205.613,4 3,East,2,2,1
0,4,12,2,2206.166,4 4,East,2,2,1
0,4,12,1,2206.698,4 4,North,2,2,1
0,4,12,2,2207.253,3 4,North,2,2,1
0,4,12,2,2207.764,2 4,North,2,2,1
0,4,12,2,2208.309,1 4,North,2,2,1
0,4,12,1,2209.124,1 4,West,2,2,1
0,4,12,2,2209.688,1 3,West,2,2,1
0,4,12,1,2210.539,1 3,South,2,2,1
0,4,12,2,2211.501,2 3,South,2,2,1
0,4,12,6,2211.88,2 3,South,2,3,1
0,4,12,3,2212.553,2 3,West,2,3,1
0,4,12,2,2213.482,2 2,West,2,3,1
0,4,12,3,2214.059,2 2,North,2,3,1
0,4,12,2,2215.052,1 2,North,2,3,1
0,4,12,6,2215.44,1 2,North,2,4,1
0,4,12,2,2215.733,0 2,North,2,4,1
0,4,12,1,2216.249,0 2,West,2,4,1
0,4,12,1,2216.812,0 2,South,2,4,1
0,4,12,2,2217.352,1 2,South,2,4,1
0,4,12,2,2217.895,2 2,South,2,4,1
0,4,12,1,2218.424,2 2,East,2,4,1
0,4,12,2,2219.001,2 3,East,2,4,1
0,4,12,1,2219.926,2 3,North,2,4,1
0,4,12,2,2220.49,1 3,North,2,4,1
0,4,12,3,2221.035,1 3,East,2,4,1
0,4,12,2,2222.04,1 4,East,2,4,1
0,4,12,1,2222.904,1 4,North,2,4,1
0,4,12,1,2223.419,1 4,West,2,4,1
0,4,12,1,2224.313,1 4,South,2,4,1
0,4,12,2,2224.871,2 4,South,2,4,1
0,4,12,2,2225.399,3 4,South,2,4,1
0,4,12,2,2226.293,4 4,South,2,4,1
0,4,12,3,2226.905,4 4,West,2,4,1
0,4,12,2,2227.516,4 3,West,2,4,1
0,4,12,2,2228.421,4 2,West,2,4,1
0,4,12,3,2229.015,4 2,North,2,4,1
0,4,12,2,2229.525,3 2,North,2,4,1
0,4,12,3,2230.138,3 2,East,2,4,1
0,4,12,2,2231.16,3 3,East,2,4,1
0,4,12,6,2231.58,3 3,East,2,5,1
0,4,12,1,2231.7,3 3,North,2,5,1
0,4,12,1,2232.356,3 3,West,2,5,1
0,4,12,2,2232.885,3 2,West,2,5,1
0,4,12,1,2233.5,3 2,South,2,5,1
0,4,12,2,2234.041,4 2,South,2,5,1
0,4,12,6,2234.42,4 2,South,2,6,1
0,4,12,3,2234.613,4 2,West,2,6,1
0,4,12,3,2235.251,4 2,North,2,6,1
0,4,12,2,2236.168,3 2,North,2,6,1
0,4,12,1,2236.714,3 2,West,2,6,1
0,4,12,2,2237.253,3 1,West,2,6,1
0,4,12,3,2237.803,3 1,North,2,6,1
0,4,12,2,2238.341,2 1,North,2,6,1
0,4,12,6,2238.72,2 1,North,2,7,1
0,4,12,2,2238.923,1 1,North,2,7,1
0,4,12,1,2239.469,1 1,West,2,7,1
0,4,12,2,2239.996,1 0,West,2,7,1
0,4,12,1,2240.953,1 0,South,2,7,1
0,4,12,2,2241.464,2 0,South,2,7,1
0,4,12,2,2242.509,3 0,South,2,7,1
0,4,12,1,2243.141,3 0,East,2,7,1
0,4,12,3,2243.914,3 0,South,2,7,1
0,4,12,2,2244.487,4 0,South,2,7,1
0,4,12,1,2245.031,4 0,East,2,7,1
0,4,12,2,2245.559,4 1,East,2,7,1
0,4,12,6,2245.96,4 1,East,2,8,1
2,4,12,1,2249.652,4 4,West,2,0,0
2,4,12,2,2250.873,4 3,West,2,0,0
2,4,12,2,2252.373,4 2,West,2,0,0
2,4,12,3,2253.06,4 2,North,2,0,0
2,4,12,2,2253.752,3 2,North,2,0,0
2,4,12,1,2254.677,3 2,West,2,0,0
2,4,12,2,2255.576,3 1,West,2,0,0
2,4,12,3,2256.284,3 1,North,2,0,0
2,4,12,2,2256.854,2 1,North,2,0,0
2,4,12,2,2257.596,1 1,North,2,0,0
2,4,12,1,2258.457,1 1,West,2,0,0
2,4,12,2,2259.815,1 0,West,2,0,0
2,4,12,1,2260.541,1 0,South,2,0,0
2,4,12,2,2261.162,2 0,South,2,0,0
2,4,12,2,2261.829,3 0,South,2,0,0
2,4,12,2,2262.475,4 0,South,2,0,0
2,4,12,1,2263.096,4 0,East,2,0,0
2,4,12,2,2263.72,4 1,East,2,0,0
2,4,12,6,2264.14,4 1,East,2,1,0
2,4,12,3,2264.247,4 1,South,2,1,0
2,4,12,3,2265.099,4 1,West,2,1,0
2,4,12,2,2265.736,4 0,West,2,1,0
2,4,12,3,2266.281,4 0,North,2,1,0
2,4,12,2,2266.987,3 0,North,2,1,0
2,4,12,2,2267.581,2 0,North,2,1,0
2,4,12,2,2268.214,1 0,North,2,1,0
2,4,12,3,2268.839,1 0,East,2,1,0
2,4,12,2,2269.451,1 1,East,2,1,0
2,4,12,3,2273.384,1 1,South,2,1,0
2,4,12,1,2274.485,1 1,East,2,1,0
2,4,12,2,2275.146,1 1,East,2,1,1
2,4,12,3,2275.699,1 1,South,2,1,1
2,4,12,2,2276.296,2 1,South,2,1,1
2,4,12,2,2277.689,3 1,South,2,1,1
2,4,12,1,2278.358,3 1,East,2,1,1
2,4,12,2,2279.157,3 2,East,2,1,1
2,4,12,3,2279.813,3 2,South,2,1,1
2,4,12,2,2280.406,4 2,South,2,1,1
2,4,12,1,2280.996,4 2,East,2,1,1
2,4,12,2,2281.609,4 3,East,2,1,1
2,4,12,2,2282.166,4 4,East,2,1,1
2,4,12,1,2282.827,4 4,North,2,1,1
2,4,12,2,2283.432,3 4,North,2,1,1
2,4,12,2,2284.007,2 4,North,2,1,1
2,4,12,2,2285.034,1 4,North,2,1,1
2,4,12,1,2285.862,1 4,West,2,1,1
2,4,12,2,2286.488,1 3,West,2,1,1
2,4,12,1,2287.096,1 3,South,2,1,1
2,4,12,2,2287.693,2 3,South,2,1,1
2,4,12,3,2288.284,2 3,West,2,1,1
2,4,12,2,2288.861,2 2,West,2,1,1
2,4,12,3,2289.401,2 2,North,2,1,1
2,4,12,2,2289.944,1 2,North,2,1,1
2,4,12,6,2290.32,1 2,North,2,2,1
2,4,12,1,2290.653,1 2,West,2,2,1
2,4,12,1,2291.196,1 2,South,2,2,1
2,4,12,2,2291.801,2 2,South,2,2,1
2,4,12,1,2292.396,2 2,East,2,2,1
2,4,12,2,2293.652,2 3,East,2,2,1
2,4,12,1,2295.94,2 3,North,2,2,1
2,4,12,2,2296.538,1 3,North,2,2,1
2,4,12,3,2297.129,1 3,East,2,2,1
2,4,12,2,2297.702,1 4,East,2,2,1
2,4,12,3,2298.313,1 4,South,2,2,1
2,4,12,2,2298.886,2 4,South,2,2,1
2,4,12,2,2299.466,3 4,South,2,2,1
2,4,12,2,2300.262,4 4,South,2,2,1
2,4,12,3,2300.825,4 4,West,2,2,1
2,4,12,2,2301.417,4 3,West,2,2,1
2,4,12,2,2302.329,4 2,West,2,2,1
2,4,12,3,2302.986,4 2,North,2,2,1
2,4,12,2,2303.636,3 2,North,2,2,1
2,4,12,3,2304.276,3 2,East,2,2,1
2,4,12,2,2304.797,3 3,East,2,2,1
2,4,12,6,2305.2,3 3,East,2,3,1
2,4,12,1,2305.4,3 3,North,2,3,1
2,4,12,1,2306.007,3 3,West,2,3,1
2,4,12,2,2306.617,3 2,West,2,3,1
2,4,12,3,2307.271,3 2,North,2,3,1
2,4,12,2,2308.393,3 2,North,2,3,2
2,4,12,1,2308.986,3 2,West,2,3,2
2,4,12,2,2309.612,3 1,West,2,3,2
2,4,12,3,2310.182,3 1,North,2,3,2
2,4,12,2,2310.766,2 1,North,2,3,2
2,4,12,2,2311.398,1 1,North,2,3,2
2,4,12,1,2311.941,1 1,West,2,3,2
2,4,12,2,2312.552,1 0,West,2,3,2
2,4,12,6,2312.96,1 0,West,2,4,2
2,4,12,1,2313.124,1 0,South,2,4,2
2,4,12,1,2313.765,1 0,East,2,4,2
2,4,12,2,2314.362,1 1,East,2,4,2
2,4,12,3,2314.968,1 1,South,2,4,2
2,4,12,2,2315.796,2 1,South,2,4,2
2,4,12,2,2316.42,3 1,South,2,4,2
2,4,12,6,2316.8,3 1,South,2,5,2
2,4,12,1,2317.188,3 1,East,2,5,2
2,4,12,2,2317.814,3 2,East,2,5,2
2,4,12,3,2318.458,3 2,South,2,5,2
2,4,12,2,2319.115,4 2,South,2,5,2
2,4,12,6,2319.5,4 2,South,2,6,2
2,4,12,1,2319.756,4 2,East,2,6,2
2,4,12,1,2320.583,4 2,North,2,6,2
2,4,12,2,2322.185,3 2,North,2,6,2
2,4,12,1,2322.856,3 2,West,2,6,2
2,4,12,2,2323.413,3 1,West,2,6,2
2,4,12,3,2324.008,3 1,North,2,6,2
2,4,12,2,2324.636,2 1,North,2,6,2
2,4,12,2,2325.157,1 1,North,2,6,2
2,4,12,6,2325.54,1 1,North,2,7,2
2,4,12,1,2325.75,1 1,West,2,7,2
2,4,12,1,2326.277,1 1,South,2,7,2
2,4,12,2,2326.901,2 1,South,2,7,2
2,4,12,2,2327.785,3 1,South,2,7,2
2,4,12,1,2328.423,3 1,East,2,7,2
2,4,12,2,2328.955,3 2,East,2,7,2
2,4,12,6,2329.36,3 2,East,2,8,2
0,5,13,1,2352.87,4 4,West,3,0,2
0,5,13,2,2354.524,4 3,West,3,0,2
0,5,13,2,2355.15,4 2,West,3,0,2
0,5,13,3,2355.853,4 2,North,3,0,2
0,5,13,2,2356.682,3 2,North,3,0,2
0,5,13,1,2357.436,3 2,West,3,0,2
0,5,13,2,2358.295,3 1,West,3,0,2
0,5,13,6,2358.7,3 1,West,3,1,2
0,5,13,2,2359.174,3 0,West,3,1,2
0,5,13,3,2359.832,3 0,North,3,1,2
0,5,13,2,2360.471,2 0,North,3,1,2
0,5,13,2,2361.204,1 0,North,3,1,2
0,5,13,3,2362.125,1 0,East,3,1,2
0,5,13,2,2363.021,1 1,East,3,1,2
0,5,13,3,2363.595,1 1,South,3,1,2
0,5,13,2,2364.232,2 1,South,3,1,2
0,5,13,1,2364.742,2 1,East,3,1,2
0,5,13,2,2365.307,2 2,East,3,1,2
0,5,13,1,2365.995,2 2,North,3,1,2
0,5,13,2,2366.596,1 2,North,3,1,2
0,5,13,2,2367.193,0 2,North,3,1,2
0,5,13,1,2368.12,0 2,West,3,1,2
0,5,13,1,2369.278,0 2,South,3,1,2
0,5,13,2,2369.965,1 2,South,3,1,2
0,5,13,2,2370.938,2 2,South,3,1,2
0,5,13,3,2371.525,2 2,West,3,1,2
0,5,13,2,2372.166,2 1,West,3,1,2
0,5,13,3,2372.805,2 1,North,3,1,2
0,5,13,2,2373.418,1 1,North,3,1,2
0,5,13,1,2374.021,1 1,West,3,1,2
0,5,13,2,2374.698,1 0,West,3,1,2
0,5,13,1,2376.425,1 0,South,3,1,2
0,5,13,2,2378.14,2 0,South,3,1,2
0,5,13,2,2379.065,3 0,South,3,1,2
0,5,13,1,2379.734,3 0,East,3,1,2
0,5,13,2,2380.487,3 1,East,3,1,2
0,5,13,2,2381.254,3 2,East,3,1,2
0,5,13,3,2381.799,3 2,South,3,1,2
0,5,13,2,2382.361,4 2,South,3,1,2
0,5,13,3,2382.95,4 2,West,3,1,2
0,5,13,3,2383.802,4 2,North,3,1,2
0,5,13,3,2384.443,4 2,East,3,1,2
0,5,13,2,2385.416,4 3,East,3,1,2
0,5,13,2,2386.104,4 4,East,3,1,2
0,5,13,1,2386.778,4 4,North,3,1,2
0,5,13,2,2388.74,3 4,North,3,1,2
0,5,13,1,2389.51,3 4,West,3,1,2
0,5,13,2,2390.232,3 3,West,3,1,2
0,5,13,3,2390.906,3 3,North,3,1,2
0,5,13,2,2391.624,2 3,North,3,1,2
0,5,13,2,2392.236,1 3,North,3,1,2
0,5,13,2,2392.983,0 3,North,3,1,2
0,5,13,6,2393.36,0 3,North,3,2,2
0,5,13,3,2393.573,0 3,East,3,2,2
0,5,13,2,2394.293,0 4,East,3,2,2
0,5,13,3,2394.902,0 4,South,3,2,2
0,5,13,3,2395.643,0 4,West,3,2,2
0,5,13,2,2396.205,0 3,West,3,2,2
0,5,13,1,2396.842,0 3,South,3,2,2
0,5,13,2,2397.463,1 3,South,3,2,2
0,5,13,2,2398.089,2 3,South,3,2,2
0,5,13,2,2398.74,3 3,South,3,2,2
0,5,13,1,2399.269,3 3,East,3,2,2
0,5,13,2,2399.879,3 4,East,3,2,2
0,5,13,3,2400.427,3 4,South,3,2,2
0,5,13,2,2401.126,4 4,South,3,2,2
0,5,13,3,2401.735,4 4,West,3,2,2
0,5,13,2,2403.289,4 3,West,3,2,2
0,5,13,2,2404.199,4 2,West,3,2,2
0,5,13,3,2404.838,4 2,North,3,2,2
0,5,13,2,2405.515,3 2,North,3,2,2
0,5,13,1,2406.236,3 2,West,3,2,2
0,5,13,2,2406.763,3 1,West,3,2,2
0,5,13,2,2407.435,3 0,West,3,2,2
0,5,13,3,2408.054,3 0,North,3,2,2
0,5,13,2,2408.682,2 0,North,3,2,2
0,5,13,2,2409.277,1 0,North,3,2,2
0,5,13,3,2409.801,1 0,East,3,2,2
0,5,13,2,2410.459,1 1,East,3,2,2
0,5,13,3,2411.062,1 1,South,3,2,2
0,5,13,2,2411.74,2 1,South,3,2,2
0,5,13,6,2412.12,2 1,South,3,3,2
0,5,13,1,2412.375,2 1,East,3,3,2
0,5,13,2,2412.969,2 2,East,3,3,2
0,5,13,1,2413.571,2 2,North,3,3,2
0,5,13,2,2414.635,1 2,North,3,3,2
0,5,13,1,2415.716,1 2,West,3,3,2
0,5,13,3,2416.471,1 2,North,3,3,2
0,5,13,2,2417.061,0 2,North,3,3,2
0,5,13,1,2417.67,0 2,West,3,3,2
0,5,13,1,2418.951,0 2,South,3,3,2
0,5,13,2,2419.593,1 2,South,3,3,2
0,5,13,2,2420.232,2 2,South,3,3,2
0,5,13,3,2420.825,2 2,West,3,3,2
0,5,13,2,2421.437,2 1,West,3,3,2
0,5,13,3,2422.037,2 1,North,3,3,2
0,5,13,2,2422.646,1 1,North,3,3,2
0,5,13,1,2423.273,1 1,West,3,3,2
0,5,13,2,2424.893,1 0,West,3,3,2
0,5,13,1,2425.444,1 0,South,3,3,2
0,5,13,2,2426.165,2 0,South,3,3,2
0,5,13,2,2426.729,3 0,South,3,3,2
0,5,13,1,2427.355,3 0,East,3,3,2
0,5,13,2,2427.899,3 1,East,3,3,2
0,5,13,2,2428.587,3 2,East,3,3,2
0,5,13,3,2429.549,3 2,South,3,3,2
0,5,13,2,2430.699,4 2,South,3,3,2
0,5,13,3,2431.892,4 2,West,3,3,2
0,5,13,3,2432.825,4 2,North,3,3,2
0,5,13,3,2433.752,4 2,East,3,3,2
0,5,13,2,2434.392,4 3,East,3,3,2
0,5,13,2,2435.03,4 4,East,3,3,2
0,5,13,1,2435.58,4 4,North,3,3,2
0,5,13,2,2436.201,3 4,North,3,3,2
0,5,13,1,2436.772,3 4,West,3,3,2
0,5,13,2,2437.372,3 3,West,3,3,2
0,5,13,6,2437.78,3 3,West,3,4,2
0,5,13,3,2437.929,3 3,North,3,4,2
0,5,13,2,2439.573,2 3,North,3,4,2
0,5,13,2,2440.315,1 3,North,3,4,2
0,5,13,2,2441.54,0 3,North,3,4,2
0,5,13,3,2442.158,0 3,East,3,4,2
0,5,13,2,2442.969,0 4,East,3,4,2
0,5,13,3,2443.524,0 4,South,3,4,2
0,5,13,2,2444.233,1 4,South,3,4,2
0,5,13,2,2444.919,2 4,South,3,4,2
0,5,13,6,2445.3,2 4,South,3,5,2
0,5,13,1,2445.478,2 4,East,3,5,2
0,5,13,1,2446.164,2 4,North,3,5,2
0,5,13,2,2446.773,1 4,North,3,5,2
0,5,13,2,2447.429,0 4,North,3,5,2
0,5,13,1,2448.007,0 4,West,3,5,2
0,5,13,2,2448.547,0 3,West,3,5,2
0,5,13,1,2449.253,0 3,South,3,5,2
0,5,13,2,2449.896,1 3,South,3,5,2
0,5,13,6,2450.28,1 3,South,3,6,2
0,5,13,2,2450.618,2 3,South,3,6,2
0,5,13,2,2451.333,3 3,South,3,6,2
0,5,13,1,2452.026,3 3,East,3,6,2
0,5,13,2,2452.627,3 4,East,3,6,2
0,5,13,6,2453.04,3 4,East,3,7,2
0,5,13,3,2453.402,3 4,South,3,7,2
0,5,13,2,2454.056,4 4,South,3,7,2
0,5,13,3,2454.684,4 4,West,3,7,2
0,5,13,2,2456.118,4 3,West,3,7,2
0,5,13,2,2456.886,4 2,West,3,7,2
0,5,13,3,2457.53,4 2,North,3,7,2
0,5,13,2,2458.547,3 2,North,3,7,2
0,5,13,6,2458.92,3 2,North,3,8,2
2,5,13,1,2462.647,4 4,West,3,0,0
2,5,13,2,2464.039,4 3,West,3,0,0
2,5,13,2,2464.774,4 2,West,3,0,0
2,5,13,3,2465.893,4 2,North,3,0,0
2,5,13,2,2466.678,3 2,North,3,0,0
2,5,13,1,2467.383,3 2,West,3,0,0
2,5,13,2,2468.055,3 1,West,3,0,0
2,5,13,3,2468.763,3 1,North,3,0,0
2,5,13,2,2469.356,3 1,North,3,0,1
2,5,13,3,2469.895,3 1,East,3,0,1
2,5,13,1,2470.902,3 1,North,3,0,1
2,5,13,1,2471.59,3 1,West,3,0,1
2,5,13,2,2472.3,3 0,West,3,0,1
2,5,13,3,2472.841,3 0,North,3,0,1
2,5,13,2,2473.53,2 0,North,3,0,1
2,5,13,3,2474.39,2 0,East,3,0,1
2,5,13,2,2475.036,2 0,East,3,0,2
2,5,13,1,2475.56,2 0,North,3,0,2
2,5,13,2,2476.219,1 0,North,3,0,2
2,5,13,3,2476.985,1 0,East,3,0,2
2,5,13,2,2477.671,1 1,East,3,0,2
2,5,13,3,2478.505,1 1,South,3,0,2
2,5,13,1,2479.708,1 1,East,3,0,2
2,5,13,2,2480.36,1 1,East,3,0,3
2,5,13,3,2480.843,1 1,South,3,0,3
2,5,13,2,2481.508,2 1,South,3,0,3
2,5,13,6,2481.88,2 1,South,3,1,3
2,5,13,1,2482.308,2 1,East,3,1,3
2,5,13,1,2482.967,2 1,North,3,1,3
2,5,13,2,2483.641,1 1,North,3,1,3
2,5,13,1,2484.327,1 1,West,3,1,3
2,5,13,2,2484.95,1 0,West,3,1,3
2,5,13,1,2485.579,1 0,South,3,1,3
2,5,13,2,2486.266,2 0,South,3,1,3
2,5,13,2,2486.905,3 0,South,3,1,3
2,5,13,1,2488.327,3 0,East,3,1,3
2,5,13,2,2489.049,3 1,East,3,1,3
2,5,13,3,2489.77,3 1,South,3,1,3
2,5,13,2,2490.457,3 1,South,3,1,4
2,5,13,1,2490.918,3 1,East,3,1,4
2,5,13,2,2491.517,3 2,East,3,1,4
2,5,13,3,2492.108,3 2,South,3,1,4
2,5,13,2,2492.759,4 2,South,3,1,4
2,5,13,1,2493.339,4 2,East,3,1,4
2,5,13,2,2494.027,4 3,East,3,1,4
2,5,13,2,2494.664,4 4,East,3,1,4
2,5,13,1,2495.34,4 4,North,3,1,4
2,5,13,2,2496.039,3 4,North,3,1,4
2,5,13,1,2496.725,3 4,West,3,1,4
2,5,13,2,2497.39,3 3,West,3,1,4
2,5,13,3,2500.584,3 3,North,3,1,4
2,5,13,2,2501.292,2 3,North,3,1,4
2,5,13,2,2502.04,1 3,North,3,1,4
2,5,13,6,2502.42,1 3,North,3,2,4
2,5,13,1,2503.045,1 3,West,3,2,4
2,5,13,1,2503.655,1 3,South,3,2,4
2,5,13,2,2504.247,2 3,South,3,2,4
2,5,13,2,2504.873,3 3,South,3,2,4
2,5,13,1,2505.436,3 3,East,3,2,4
2,5,13,2,2506.058,3 4,East,3,2,4
2,5,13,3,2506.676,3 4,South,3,2,4
2,5,13,2,2507.271,4 4,South,3,2,4
2,5,13,3,2507.961,4 4,West,3,2,4
2,5,13,2,2508.554,4 3,West,3,2,4
2,5,13,2,2509.11,4 2,West,3,2,4
2,5,13,3,2509.705,4 2,North,3,2,4
2,5,13,2,2510.404,3 2,North,3,2,4
2,5,13,1,2510.968,3 2,West,3,2,4
2,5,13,2,2511.544,3 1,West,3,2,4
2,5,13,6,2511.96,3 1,West,3,3,4
2,5,13,3,2512.378,3 1,North,3,3,4
2,5,13,3,2512.985,3 1,East,3,3,4
2,5,13,1,2513.837,3 1,North,3,3,4
2,5,13,2,2514.505,3 1,North,3,3,5
2,5,13,1,2516.155,3 1,West,3,3,5
2,5,13,2,2516.843,3 0,West,3,3,5
2,5,13,3,2517.479,3 0,North,3,3,5
2,5,13,2,2518.072,2 0,North,3,3,5
2,5,13,2,2518.828,1 0,North,3,3,5
2,5,13,3,2519.451,1 0,East,3,3,5
2,5,13,1,2521.833,1 0,North,3,3,5
2,5,13,2,2522.649,1 0,North,3,3,6
2,5,13,3,2523.111,1 0,East,3,3,6
2,5,13,2,2523.785,1 1,East,3,3,6
2,5,13,2,2524.475,1 1,East,3,3,7
2,5,13,3,2525.016,1 1,South,3,3,7
2,5,13,2,2525.596,2 1,South,3,3,7
2,5,13,1,2526.202,2 1,East,3,3,7
2,5,13,2,2526.938,2 2,East,3,3,7
2,5,13,6,2527.34,2 2,East,3,4,7
2,5,13,1,2527.781,2 2,North,3,4,7
2,5,13,1,2528.428,2 2,West,3,4,7
2,5,13,2,2529.404,2 1,West,3,4,7
2,5,13,3,2530.167,2 1,North,3,4,7
2,5,13,2,2530.764,1 1,North,3,4,7
2,5,13,1,2531.401,1 1,West,3,4,7
2,5,13,2,2532.04,1 0,West,3,4,7
2,5,13,1,2532.598,1 0,South,3,4,7
2,5,13,2,2533.236,2 0,South,3,4,7
2,5,13,2,2534.221,3 0,South,3,4,7
2,5,13,1,2534.998,3 0,East,3,4,7
2,5,13,2,2535.625,3 1,East,3,4,7
2,5,13,2,2536.407,3 2,East,3,4,7
2,5,13,3,2537.035,3 2,South,3,4,7
2,5,13,2,2537.671,4 2,South,3,4,7
2,5,13,3,2538.346,4 2,West,3,4,7
2,5,13,2,2538.969,4 1,West,3,4,7
2,5,13,6,2539.38,4 1,West,3,5,7
2,5,13,1,2539.652,4 1,South,3,5,7
2,5,13,1,2540.205,4 1,East,3,5,7
2,5,13,2,2540.872,4 2,East,3,5,7
2,5,13,1,2543.657,4 2,North,3,5,7
2,5,13,3,2546.683,4 2,East,3,5,7
2,5,13,2,2547.287,4 3,East,3,5,7
2,5,13,2,2547.846,4 4,East,3,5,7
2,5,13,1,2548.475,4 4,North,3,5,7
2,5,13,2,2549.098,3 4,North,3,5,7
2,5,13,1,2549.802,3 4,West,3,5,7
2,5,13,2,2550.454,3 3,West,3,5,7
2,5,13,6,2550.86,3 3,West,3,6,7
2,5,13,3,2551.172,3 3,North,3,6,7
2,5,13,2,2553.051,2 3,North,3,6,7
2,5,13,2,2553.703,1 3,North,3,6,7
2,5,13,2,2554.358,0 3,North,3,6,7
2,5,13,3,2554.955,0 3,East,3,6,7
2,5,13,2,2555.972,0 4,East,3,6,7
2,5,13,6,2556.38,0 4,East,3,7,7
2,5,13,1,2556.749,0 4,North,3,7,7
2,5,13,3,2557.716,0 4,East,3,7,7
2,5,13,3,2558.356,0 4,South,3,7,7
2,5,13,2,2558.873,1 4,South,3,7,7
2,5,13,6,2559.24,1 4,South,3,8,7
0,5,14,1,2563.397,4 4,West,3,0,7
0,5,14,3,2564.632,4 4,North,3,0,7
0,5,14,2,2565.291,3 4,North,3,0,7
0,5,14,1,2566.011,3 4,West,3,0,7
0,5,14,2,2566.756,3 3,West,3,0,7
0,5,14,3,2567.352,3 3,North,3,0,7
0,5,14,2,2568.011,2 3,North,3,0,7
0,5,14,2,2568.711,1 3,North,3,0,7
0,5,14,2,2569.332,0 3,North,3,0,7
0,5,14,3,2570.101,0 3,East,3,0,7
0,5,14,2,2570.938,0 4,East,3,0,7
0,5,14,3,2571.573,0 4,South,3,0,7
0,5,14,3,2572.251,0 4,West,3,0,7
0,5,14,2,2572.853,0 3,West,3,0,7
0,5,14,1,2573.513,0 3,South,3,0,7
0,5,14,2,2574.041,1 3,South,3,0,7
0,5,14,2,2574.628,2 3,South,3,0,7
0,5,14,2,2575.268,3 3,South,3,0,7
0,5,14,1,2575.877,3 3,East,3,0,7
0,5,14,2,2576.506,3 4,East,3,0,7
0,5,14,3,2577.084,3 4,South,3,0,7
0,5,14,2,2577.702,4 4,South,3,0,7
0,5,14,3,2578.263,4 4,West,3,0,7
0,5,14,2,2578.901,4 3,West,3,0,7
0,5,14,2,2579.542,4 2,West,3,0,7
0,5,14,3,2580.205,4 2,North,3,0,7
0,5,14,2,2580.807,3 2,North,3,0,7
0,5,14,1,2581.544,3 2,West,3,0,7
0,5,14,2,2582.805,3 1,West,3,0,7
0,5,14,2,2583.482,3 0,West,3,0,7
0,5,14,3,2584.101,3 0,North,3,0,7
0,5,14,2,2585.268,2 0,North,3,0,7
0,5,14,2,2586.04,1 0,North,3,0,7
0,5,14,3,2586.861,1 0,East,3,0,7
0,5,14,2,2587.562,1 1,East,3,0,7
0,5,14,3,2588.365,1 1,South,3,0,7
0,5,14,2,2590.17,2 1,South,3,0,7
0,5,14,1,2590.868,2 1,East,3,0,7
0,5,14,2,2591.475,2 2,East,3,0,7
0,5,14,1,2592.184,2 2,North,3,0,7
0,5,14,2,2592.803,1 2,North,3,0,7
0,5,14,2,2593.416,0 2,North,3,0,7
0,5,14,1,2593.963,0 2,West,3,0,7
0,5,14,2,2594.604,0 1,West,3,0,7
0,5,14,6,2595.02,0 1,West,3,1,7
0,5,14,3,2595.48,0 1,North,3,1,7
0,5,14,3,2596.043,0 1,East,3,1,7
0,5,14,2,2596.708,0 2,East,3,1,7
0,5,14,3,2597.32,0 2,South,3,1,7
0,5,14,2,2597.941,1 2,South,3,1,7
0,5,14,6,2598.32,1 2,South,3,2,7
0,5,14,2,2598.667,2 2,South,3,2,7
0,5,14,3,2599.195,2 2,West,3,2,7
0,5,14,2,2599.797,2 1,West,3,2,7
0,5,14,3,2600.324,2 1,North,3,2,7
0,5,14,2,2601.02,1 1,North,3,2,7
0,5,14,1,2601.724,1 1,West,3,2,7
0,5,14,2,2602.42,1 0,West,3,2,7
0,5,14,1,2603.012,1 0,South,3,2,7
0,5,14,2,2603.753,2 0,South,3,2,7
0,5,14,2,2604.76,3 0,South,3,2,7
0,5,14,1,2605.303,3 0,East,3,2,7
0,5,14,2,2605.894,3 1,East,3,2,7
0,5,14,2,2606.564,3 2,East,3,2,7
0,5,14,3,2607.111,3 2,South,3,2,7
0,5,14,2,2607.636,4 2,South,3,2,7
0,5,14,3,2608.294,4 2,West,3,2,7
0,5,14,2,2608.94,4 1,West,3,2,7
0,5,14,2,2609.511,4 0,West,3,2,7
0,5,14,6,2609.92,4 0,West,3,3,7
0,5,14,1,2610.039,4 0,South,3,3,7
0,5,14,1,2610.765,4 0,East,3,3,7
0,5,14,2,2611.336,4 1,East,3,3,7
0,5,14,2,2611.913,4 2,East,3,3,7
0,5,14,2,2612.677,4 3,East,3,3,7
0,5,14,2,2613.252,4 4,East,3,3,7
0,5,14,1,2613.85,4 4,North,3,3,7
0,5,14,2,2614.823,3 4,North,3,3,7
0,5,14,1,2615.456,3 4,West,3,3,7
0,5,14,2,2616.085,3 3,West,3,3,7
0,5,14,3,2616.652,3 3,North,3,3,7
0,5,14,2,2617.239,2 3,North,3,3,7
0,5,14,2,2617.798,1 3,North,3,3,7
0,5,14,2,2618.438,0 3,North,3,3,7
0,5,14,3,2619.003,0 3,East,3,3,7
0,5,14,2,2619.557,0 4,East,3,3,7
0,5,14,6,2619.96,0 4,East,3,4,7
0,5,14,3,2620.154,0 4,South,3,4,7
0,5,14,3,2620.727,0 4,West,3,4,7
0,5,14,2,2621.321,0 3,West,3,4,7
0,5,14,1,2621.849,0 3,South,3,4,7
0,5,14,2,2622.438,1 3,South,3,4,7
0,5,14,2,2623.014,2 3,South,3,4,7
0,5,14,2,2623.676,3 3,South,3,4,7
0,5,14,1,2624.58,3 3,East,3,4,7
0,5,14,2,2625.258,3 4,East,3,4,7
0,5,14,3,2625.813,3 4,South,3,4,7
0,5,14,2,2626.762,4 4,South,3,4,7
0,5,14,3,2627.38,4 4,West,3,4,7
0,5,14,2,2627.915,4 3,West,3,4,7
0,5,14,2,2629.164,4 2,West,3,4,7
0,5,14,3,2629.736,4 2,North,3,4,7
0,5,14,2,2630.376,3 2,North,3,4,7
0,5,14,1,2631.021,3 2,West,3,4,7
0,5,14,2,2631.623,3 1,West,3,4,7
0,5,14,2,2632.33,3 0,West,3,4,7
0,5,14,3,2632.932,3 0,North,3,4,7
0,5,14,2,2633.513,2 0,North,3,4,7
0,5,14,2,2634.088,1 0,North,3,4,7
0,5,14,6,2634.46,1 0,North,3,5,7
0,5,14,3,2634.741,1 0,East,3,5,7
0,5,14,2,2635.348,1 1,East,3,5,7
0,5,14,3,2635.913,1 1,South,3,5,7
0,5,14,2,2636.536,2 1,South,3,5,7
0,5,14,1,2637.224,2 1,East,3,5,7
0,5,14,2,2637.772,2 2,East,3,5,7
0,5,14,1,2638.396,2 2,North,3,5,7
0,5,14,2,2639.004,1 2,North,3,5,7
0,5,14,2,2639.636,0 2,North,3,5,7
0,5,14,6,2640.02,0 2,North,3,6,7
0,5,14,1,2640.325,0 2,West,3,6,7
0,5,14,1,2640.9,0 2,South,3,6,7
0,5,14,2,2641.546,1 2,South,3,6,7
0,5,14,2,2642.087,2 2,South,3,6,7
0,5,14,3,2642.628,2 2,West,3,6,7
0,5,14,2,2643.196,2 1,West,3,6,7
0,5,14,3,2643.755,2 1,North,3,6,7
0,5,14,2,2644.762,1 1,North,3,6,7
0,5,14,6,2645.16,1 1,North,3,7,7
0,5,14,1,2645.406,1 1,West,3,7,7
0,5,14,2,2645.924,1 0,West,3,7,7
0,5,14,1,2646.459,1 0,South,3,7,7
0,5,14,2,2647.005,2 0,South,3,7,7
0,5,14,2,2647.765,3 0,South,3,7,7
0,5,14,6,2648.14,3 0,South,3,8,7
2,5,14,1,2651.332,4 4,West,3,0,0
2,5,14,2,2652.215,4 3,West,3,0,0
2,5,14,2,2653.451,4 2,West,3,0,0
2,5,14,3,2654.136,4 2,North,3,0,0
2,5,14,2,2654.725,3 2,North,3,0,0
2,5,14,1,2655.307,3 2,West,3,0,0
2,5,14,2,2655.909,3 1,West,3,0,0
2,5,14,2,2656.455,3 0,West,3,0,0
2,5,14,6,2656.86,3 0,West,3,1,0
2,5,14,3,2657.066,3 0,North,3,1,0
2,5,14,3,2657.801,3 0,East,3,1,0
2,5,14,1,2658.605,3 0,North,3,1,0
2,5,14,2,2659.641,2 0,North,3,1,0
2,5,14,2,2660.244,1 0,North,3,1,0
2,5,14,3,2660.907,1 0,East,3,1,0
2,5,14,2,2661.609,1 1,East,3,1,0
2,5,14,3,2662.308,1 1,South,3,1,0
2,5,14,2,2662.996,2 1,South,3,1,0
2,5,14,1,2663.611,2 1,East,3,1,0
2,5,14,2,2664.234,2 2,East,3,1,0
2,5,14,1,2664.924,2 2,North,3,1,0
2,5,14,2,2665.606,1 2,North,3,1,0
2,5,14,6,2665.98,1 2,North,3,2,0
2,5,14,2,2667.497,0 2,North,3,2,0
2,5,14,1,2668.059,0 2,West,3,2,0
2,5,14,2,2668.65,0 1,West,3,2,0
2,5,14,6,2669.06,0 1,West,3,3,0
2,5,14,1,2669.209,0 1,South,3,3,0
2,5,14,1,2669.866,0 1,East,3,3,0
2,5,14,2,2670.453,0 2,East,3,3,0
2,5,14,3,2671.131,0 2,South,3,3,0
2,5,14,2,2671.754,1 2,South,3,3,0
2,5,14,2,2672.537,2 2,South,3,3,0
2,5,14,3,2673.15,2 2,West,3,3,0
2,5,14,2,2673.75,2 1,West,3,3,0
2,5,14,3,2674.283,2 1,North,3,3,0
2,5,14,2,2674.842,1 1,North,3,3,0
2,5,14,1,2675.444,1 1,West,3,3,0
2,5,14,2,2676.011,1 0,West,3,3,0
2,5,14,1,2676.62,1 0,South,3,3,0
2,5,14,2,2677.21,2 0,South,3,3,0
2,5,14,2,2677.821,3 0,South,3,3,0
2,5,14,1,2678.376,3 0,East,3,3,0
2,5,14,2,2679.238,3 1,East,3,3,0
2,5,14,2,2679.864,3 2,East,3,3,0
2,5,14,3,2680.453,3 2,South,3,3,0
2,5,14,2,2681.063,4 2,South,3,3,0
2,5,14,1,2681.721,4 2,East,3,3,0
2,5,14,2,2683.065,4 3,East,3,3,0
2,5,14,2,2683.768,4 4,East,3,3,0
2,5,14,1,2684.612,4 4,North,3,3,0
2,5,14,2,2685.302,3 4,North,3,3,0
2,5,14,1,2685.941,3 4,West,3,3,0
2,5,14,2,2686.584,3 3,West,3,3,0
2,5,14,3,2687.174,3 3,North,3,3,0
2,5,14,2,2688.229,2 3,North,3,3,0
2,5,14,2,2688.853,1 3,North,3,3,0
2,5,14,2,2689.464,0 3,North,3,3,0
2,5,14,3,2690.075,0 3,East,3,3,0
2,5,14,2,2690.651,0 4,East,3,3,0
2,5,14,3,2691.252,0 4,South,3,3,0
2,5,14,2,2691.817,1 4,South,3,3,0
2,5,14,2,2692.428,2 4,South,3,3,0
2,5,14,6,2692.8,2 4,South,3,4,0
2,5,14,3,2693.051,2 4,West,3,4,0
2,5,14,3,2693.592,2 4,North,3,4,0
2,5,14,2,2694.171,1 4,North,3,4,0
2,5,14,2,2694.748,0 4,North,3,4,0
2,5,14,1,2695.319,0 4,West,3,4,0
2,5,14,2,2695.876,0 3,West,3,4,0
2,5,14,1,2696.411,0 3,South,3,4,0
2,5,14,2,2696.952,1 3,South,3,4,0
2,5,14,2,2697.91,2 3,South,3,4,0
2,5,14,2,2698.585,3 3,South,3,4,0
2,5,14,1,2699.196,3 3,East,3,4,0
2,5,14,2,2699.771,3 4,East,3,4,0
2,5,14,3,2700.361,3 4,South,3,4,0
2,5,14,2,2700.902,4 4,South,3,4,0
2,5,14,3,2701.436,4 4,West,3,4,0
2,5,14,2,2702.62,4 3,West,3,4,0
2,5,14,2,2703.204,4 2,West,3,4,0
2,5,14,3,2703.832,4 2,North,3,4,0
2,5,14,2,2704.411,3 2,North,3,4,0
2,5,14,1,2704.996,3 2,West,3,4,0
2,5,14,2,2705.525,3 1,West,3,4,0
2,5,14,2,2706.396,3 0,West,3,4,0
2,5,14,3,2706.937,3 0,North,3,4,0
2,5,14,2,2707.524,2 0,North,3,4,0
2,5,14,2,2708.171,1 0,North,3,4,0
2,5,14,3,2708.776,1 0,East,3,4,0
2,5,14,2,2709.355,1 1,East,3,4,0
2,5,14,6,2709.76,1 1,East,3,5,0
2,5,14,3,2710.315,1 1,South,3,5,0
2,5,14,1,2711.159,1 1,East,3,5,0
2,5,14,1,2711.848,1 1,North,3,5,0
2,5,14,3,2712.68,1 1,East,3,5,0
2,5,14,3,2714.264,1 1,South,3,5,0
2,5,14,2,2714.998,2 1,South,3,5,0
2,5,14,1,2715.576,2 1,East,3,5,0
2,5,14,2,2716.2,2 2,East,3,5,0
2,5,14,1,2716.781,2 2,North,3,5,0
2,5,14,2,2717.321,1 2,North,3,5,0
2,5,14,2,2717.901,0 2,North,3,5,0
2,5,14,1,2718.458,0 2,West,3,5,0
2,5,14,2,2719.003,0 1,West,3,5,0
2,5,14,2,2719.925,0 0,West,3,5,0
2,5,14,6,2720.34,0 0,West,3,6,0
2,5,14,3,2720.501,0 0,North,3,6,0
2,5,14,3,2721.037,0 0,East,3,6,0
2,5,14,2,2721.59,0 1,East,3,6,0
2,5,14,2,2722.126,0 2,East,3,6,0
2,5,14,3,2722.698,0 2,South,3,6,0
2,5,14,2,2723.241,1 2,South,3,6,0
2,5,14,2,2723.816,2 2,South,3,6,0
2,5,14,3,2724.394,2 2,West,3,6,0
2,5,14,2,2724.917,2 1,West,3,6,0
2,5,14,3,2725.481,2 1,North,3,6,0
2,5,14,2,2725.995,1 1,North,3,6,0
2,5,14,1,2726.597,1 1,West,3,6,0
2,5,14,2,2727.564,1 0,West,3,6,0
2,5,14,1,2728.173,1 0,South,3,6,0
2,5,14,2,2729.004,2 0,South,3,6,0
2,5,14,2,2729.549,3 0,South,3,6,0
2,5,14,1,2730.106,3 0,East,3,6,0
2,5,14,2,2730.661,3 1,East,3,6,0
2,5,14,2,2733.828,3 2,East,3,6,0
2,5,14,3,2734.398,3 2,South,3,6,0
2,5,14,2,2734.97,4 2,South,3,6,0
2,5,14,6,2735.34,4 2,South,3,7,0
2,5,14,1,2735.613,4 2,East,3,7,0
2,5,14,3,2736.476,4 2,South,3,7,0
2,5,14,3,2737.081,4 2,West,3,7,0
2,5,14,1,2738.06,4 2,South,3,7,0
2,5,14,1,2738.661,4 2,East,3,7,0
2,5,14,1,2739.287,4 2,North,3,7,0
2,5,14,3,2740.084,4 2,East,3,7,0
2,5,14,2,2740.709,4 3,East,3,7,0
2,5,14,2,2741.337,4 4,East,3,7,0
2,5,14,1,2741.948,4 4,North,3,7,0
2,5,14,2,2742.532,3 4,North,3,7,0
2,5,14,1,2743.076,3 4,West,3,7,0
2,5,14,2,2743.719,3 3,West,3,7,0
2,5,14,3,2744.309,3 3,North,3,7,0
2,5,14,2,2744.905,2 3,North,3,7,0
2,5,14,2,2745.462,1 3,North,3,7,0
2,5,14,2,2746.054,0 3,North,3,7,0
2,5,14,6,2746.44,0 3,North,3,8,0
0,5,15,2,2749.818,3 4,North,3,0,0
0,5,15,1,2750.393,3 4,West,3,0,0
0,5,15,2,2751.016,3 3,West,3,0,0
0,5,15,3,2751.597,3 3,North,3,0,0
0,5,15,2,2752.423,2 3,North,3,0,0
0,5,15,2,2753.302,1 3,North,3,0,0
0,5,15,2,2754.229,0 3,North,3,0,0
0,5,15,3,2754.79,0 3,East,3,0,0
0,5,15,2,2755.703,0 4,East,3,0,0
0,5,15,3,2756.268,0 4,South,3,0,0
0,5,15,3,2756.841,0 4,West,3,0,0
0,5,15,2,2757.72,0 3,West,3,0,0
0,5,15,1,2758.325,0 3,South,3,0,0
0,5,15,2,2758.836,1 3,South,3,0,0
0,5,15,2,2759.717,2 3,South,3,0,0
0,5,15,2,2760.252,3 3,South,3,0,0
0,5,15,1,2761.147,3 3,East,3,0,0
0,5,15,2,2761.738,3 4,East,3,0,0
0,5,15,3,2762.284,3 4,South,3,0,0
0,5,15,2,2763.198,4 4,South,3,0,0
0,5,15,3,2763.721,4 4,West,3,0,0
0,5,15,2,2764.597,4 3,West,3,0,0
0,5,15,2,2765.252,4 2,West,3,0,0
0,5,15,3,2765.787,4 2,North,3,0,0
0,5,15,2,2766.745,3 2,North,3,0,0
0,5,15,1,2767.305,3 2,West,3,0,0
0,5,15,2,2767.862,3 1,West,3,0,0
0,5,15,2,2768.905,3 0,West,3,0,0
0,5,15,3,2769.466,3 0,North,3,0,0
0,5,15,2,2770.346,2 0,North,3,0,0
0,5,15,2,2770.86,1 0,North,3,0,0
0,5,15,3,2771.734,1 0,East,3,0,0
0,5,15,2,2772.364,1 1,East,3,0,0
0,5,15,3,2772.967,1 1,South,3,0,0
0,5,15,2,2773.484,2 1,South,3,0,0
0,5,15,1,2774.028,2 1,East,3,0,0
0,5,15,2,2774.584,2 2,East,3,0,0
0,5,15,6,2775,2 2,East,3,1,0
0,5,15,1,2775.131,2 2,North,3,1,0
0,5,15,2,2775.653,1 2,North,3,1,0
0,5,15,2,2776.18,0 2,North,3,1,0
0,5,15,1,2776.712,0 2,West,3,1,0
0,5,15,1,2777.238,0 2,South,3,1,0
0,5,15,2,2777.754,1 2,South,3,1,0
0,5,15,2,2778.301,2 2,South,3,1,0
0,5,15,3,2779.208,2 2,West,3,1,0
0,5,15,2,2779.765,2 1,West,3,1,0
0,5,15,3,2780.325,2 1,North,3,1,0
0,5,15,2,2780.841,1 1,North,3,1,0
0,5,15,1,2781.386,1 1,West,3,1,0
0,5,15,2,2781.928,1 0,West,3,1,0
0,5,15,1,2782.764,1 0,South,3,1,0
0,5,15,2,2783.428,2 0,South,3,1,0
0,5,15,2,2783.973,3 0,South,3,1,0
0,5,15,1,2784.491,3 0,East,3,1,0
0,5,15,2,2785.036,3 1,East,3,1,0
0,5,15,2,2785.561,3 2,East,3,1,0
0,5,15,3,2786.492,3 2,South,3,1,0
0,5,15,2,2787.064,4 2,South,3,1,0
0,5,15,1,2788.037,4 2,East,3,1,0
0,5,15,2,2788.55,4 3,East,3,1,0
0,5,15,6,2788.96,4 3,East,3,2,0
0,5,15,3,2789.079,4 3,South,3,2,0
0,5,15,3,2789.62,4 3,West,3,2,0
0,5,15,3,2790.331,4 3,North,3,2,0
0,5,15,1,2791.06,4 3,West,3,2,0
0,5,15,2,2791.611,4 2,West,3,2,0
0,5,15,3,2792.136,4 2,North,3,2,0
0,5,15,2,2792.717,3 2,North,3,2,0
0,5,15,1,2793.751,3 2,West,3,2,0
0,5,15,2,2794.304,3 1,West,3,2,0
0,5,15,2,2795.205,3 0,West,3,2,0
0,5,15,3,2796.152,3 0,North,3,2,0
0,5,15,2,2796.79,2 0,North,3,2,0
0,5,15,6,2797.16,2 0,North,3,3,0
0,5,15,2,2797.676,1 0,North,3,3,0
0,5,15,3,2798.295,1 0,East,3,3,0
0,5,15,2,2798.918,1 1,East,3,3,0
0,5,15,3,2799.482,1 1,South,3,3,0
0,5,15,2,2800.327,2 1,South,3,3,0
0,5,15,1,2801.189,2 1,East,3,3,0
0,5,15,2,2802.078,2 2,East,3,3,0
0,5,15,1,2802.677,2 2,North,3,3,0
0,5,15,2,2803.545,1 2,North,3,3,0
0,5,15,2,2804.468,0 2,North,3,3,0
0,5,15,1,2804.999,0 2,West,3,3,0
0,5,15,1,2805.562,0 2,South,3,3,0
0,5,15,2,2806.406,1 2,South,3,3,0
0,5,15,2,2807.163,2 2,South,3,3,0
0,5,15,3,2807.757,2 2,West,3,3,0
0,5,15,2,2808.332,2 1,West,3,3,0
0,5,15,3,2809.213,2 1,North,3,3,0
0,5,15,2,2809.88,1 1,North,3,3,0
0,5,15,2,2810.744,1 1,North,3,3,0
0,5,15,1,2811.542,1 1,West,3,3,0
0,5,15,2,2812.069,1 0,West,3,3,0
0,5,15,1,2812.745,1 0,South,3,3,0
0,5,15,2,2813.261,2 0,South,3,3,0
0,5,15,2,2813.893,3 0,South,3,3,0
0,5,15,1,2814.711,3 0,East,3,3,0
0,5,15,2,2815.496,3 1,East,3,3,0
0,5,15,2,2816.132,3 2,East,3,3,0
0,5,15,3,2816.837,3 2,South,3,3,0
0,5,15,2,2817.382,4 2,South,3,3,0
0,5,15,6,2817.76,4 2,South,3,4,0
0,5,15,1,2818.068,4 2,East,3,4,0
0,5,15,3,2818.857,4 2,South,3,4,0
0,5,15,3,2819.401,4 2,West,3,4,0
0,5,15,3,2819.926,4 2,North,3,4,0
0,5,15,3,2820.49,4 2,East,3,4,0
0,5,15,2,2821.018,4 3,East,3,4,0
0,5,15,2,2821.94,4 4,East,3,4,0
0,5,15,1,2822.539,4 4,North,3,4,0
0,5,15,2,2823.077,3 4,North,3,4,0
0,5,15,1,2823.878,3 4,West,3,4,0
0,5,15,2,2824.49,3 3,West,3,4,0
0,5,15,3,2825.092,3 3,North,3,4,0
0,5,15,2,2825.623,2 3,North,3,4,0
0,5,15,2,2826.218,1 3,North,3,4,0
0,5,15,2,2826.811,0 3,North,3,4,0
0,5,15,3,2827.356,0 3,East,3,4,0
0,5,15,2,2828.326,0 4,East,3,4,0
0,5,15,3,2828.858,0 4,South,3,4,0
0,5,15,2,2829.382,1 4,South,3,4,0
0,5,15,6,2829.76,1 4,South,3,5,0
0,5,15,1,2830.061,1 4,East,3,5,0
0,5,15,1,2830.661,1 4,North,3,5,0
0,5,15,2,2831.286,0 4,North,3,5,0
0,5,15,1,2832.22,0 4,West,3,5,0
0,5,15,2,2832.744,0 3,West,3,5,0
0,5,15,1,2833.353,0 3,South,3,5,0
0,5,15,2,2833.93,1 3,South,3,5,0
0,5,15,2,2834.517,2 3,South,3,5,0
0,5,15,6,2834.9,2 3,South,3,6,0
0,5,15,2,2835.063,3 3,South,3,6,0
0,5,15,1,2835.641,3 3,East,3,6,0
0,5,15,2,2836.583,3 4,East,3,6,0
0,5,15,3,2837.178,3 4,South,3,6,0
0,5,15,2,2837.75,4 4,South,3,6,0
0,5,15,3,2838.301,4 4,West,3,6,0
0,5,15,2,2838.854,4 3,West,3,6,0
0,5,15,2,2839.449,4 2,West,3,6,0
0,5,15,2,2840.02,4 1,West,3,6,0
0,5,15,6,2840.44,4 1,West,3,7,0
0,5,15,3,2840.597,4 1,North,3,7,0
0,5,15,3,2841.157,4 1,East,3,7,0
0,5,15,2,2841.72,4 2,East,3,7,0
0,5,15,2,2842.633,4 3,East,3,7,0
0,5,15,2,2843.178,4 4,East,3,7,0
0,5,15,1,2843.739,4 4,North,3,7,0
0,5,15,1,2844.873,4 4,West,3,7,0
0,5,15,2,2845.446,4 3,West,3,7,0
0,5,15,2,2845.976,4 2,West,3,7,0
0,5,15,3,2846.538,4 2,North,3,7,0
0,5,15,2,2847.076,3 2,North,3,7,0
0,5,15,1,2847.673,3 2,West,3,7,0
0,5,15,2,2848.182,3 1,West,3,7,0
0,5,15,2,2848.776,3 0,West,3,7,0
0,5,15,3,2849.323,3 0,North,3,7,0
0,5,15,2,2850.26,2 0,North,3,7,0
0,5,15,2,2851.116,1 0,North,3,7,0
0,5,15,3,2852.41,1 0,East,3,7,0
0,5,15,2,2853.26,1 1,East,3,7,0
0,5,15,3,2853.769,1 1,South,3,7,0
0,5,15,2,2854.345,2 1,South,3,7,0
0,5,15,1,2855.252,2 1,East,3,7,0
0,5,15,2,2856.406,2 2,East,3,7,0
0,5,15,1,2857.028,2 2,North,3,7,0
0,5,15,2,2857.752,1 2,North,3,7,0
0,5,15,2,2858.334,0 2,North,3,7,0
0,5,15,1,2858.972,0 2,West,3,7,0
0,5,15,2,2859.582,0 1,West,3,7,0
0,5,15,2,2860.49,0 0,West,3,7,0
0,5,15,6,2860.9,0 0,West,3,8,0
2,5,15,1,2865.1,4 4,West,3,0,0
2,5,15,2,2866.184,4 3,West,3,0,0
2,5,15,2,2866.855,4 2,West,3,0,0
2,5,15,3,2867.447,4 2,North,3,0,0
2,5,15,2,2868.042,3 2,North,3,0,0
2,5,15,1,2868.681,3 2,West,3,0,0
2,5,15,2,2869.302,3 1,West,3,0,0
2,5,15,2,2869.976,3 0,West,3,0,0
2,5,15,3,2870.554,3 0,North,3,0,0
2,5,15,2,2871.129,2 0,North,3,0,0
2,5,15,2,2871.739,1 0,North,3,0,0
2,5,15,3,2872.315,1 0,East,3,0,0
2,5,15,2,2872.932,1 1,East,3,0,0
2,5,15,3,2873.53,1 1,South,3,0,0
2,5,15,2,2874.12,2 1,South,3,0,0
2,5,15,1,2874.745,2 1,East,3,0,0
2,5,15,2,2875.301,2 2,East,3,0,0
2,5,15,1,2875.869,2 2,North,3,0,0
2,5,15,2,2876.469,1 2,North,3,0,0
2,5,15,2,2877.116,0 2,North,3,0,0
2,5,15,1,2877.673,0 2,West,3,0,0
2,5,15,2,2878.267,0 1,West,3,0,0
2,5,15,2,2878.823,0 0,West,3,0,0
2,5,15,6,2879.24,0 0,West,3,1,0
2,5,15,3,2879.399,0 0,North,3,1,0
2,5,15,3,2879.974,0 0,East,3,1,0
2,5,15,2,2880.55,0 1,East,3,1,0
2,5,15,2,2881.14,0 2,East,3,1,0
2,5,15,3,2881.724,0 2,South,3,1,0
2,5,15,2,2882.329,1 2,South,3,1,0
2,5,15,2,2882.934,2 2,South,3,1,0
2,5,15,3,2883.529,2 2,West,3,1,0
2,5,15,2,2884.091,2 1,West,3,1,0
2,5,15,3,2884.661,2 1,North,3,1,0
2,5,15,2,2885.223,1 1,North,3,1,0
2,5,15,1,2885.767,1 1,West,3,1,0
2,5,15,2,2886.379,1 0,West,3,1,0
2,5,15,1,2886.971,1 0,South,3,1,0
2,5,15,2,2887.527,2 0,South,3,1,0
2,5,15,2,2888.118,3 0,South,3,1,0
2,5,15,1,2888.695,3 0,East,3,1,0
2,5,15,2,2889.276,3 1,East,3,1,0
2,5,15,2,2889.852,3 2,East,3,1,0
2,5,15,3,2890.413,3 2,South,3,1,0
2,5,15,2,2890.949,4 2,South,3,1,0
2,5,15,6,2891.32,4 2,South,3,2,0
2,5,15,3,2891.515,4 2,West,3,2,0
2,5,15,3,2892.182,4 2,North,3,2,0
2,5,15,2,2892.839,3 2,North,3,2,0
2,5,15,2,2894.138,3 2,North,3,2,1
2,5,15,1,2894.664,3 2,West,3,2,1
2,5,15,2,2895.323,3 1,West,3,2,1
2,5,15,2,2896.821,3 0,West,3,2,1
2,5,15,3,2897.469,3 0,North,3,2,1
2,5,15,2,2898.135,2 0,North,3,2,1
2,5,15,6,2898.52,2 0,North,3,3,1
2,5,15,3,2898.948,2 0,East,3,3,1
2,5,15,3,2899.543,2 0,South,3,3,1
2,5,15,2,2900.199,3 0,South,3,3,1
2,5,15,1,2900.794,3 0,East,3,3,1
2,5,15,2,2901.355,3 1,East,3,3,1
2,5,15,2,2901.93,3 2,East,3,3,1
2,5,15,6,2902.34,3 2,East,3,4,1
2,5,15,3,2902.52,3 2,South,3,4,1
2,5,15,1,2903.589,3 2,East,3,4,1
2,5,15,3,2904.488,3 2,South,3,4,1
2,5,15,2,2905.127,4 2,South,3,4,1
2,5,15,1,2905.83,4 2,East,3,4,1
2,5,15,2,2906.459,4 3,East,3,4,1
2,5,15,2,2907.035,4 4,East,3,4,1
2,5,15,1,2907.755,4 4,North,3,4,1
2,5,15,2,2908.309,3 4,North,3,4,1
2,5,15,1,2908.949,3 4,West,3,4,1
2,5,15,2,2909.563,3 3,West,3,4,1
2,5,15,3,2910.076,3 3,North,3,4,1
2,5,15,2,2910.667,2 3,North,3,4,1
2,5,15,6,2911.04,2 3,North,3,5,1
2,5,15,3,2911.477,2 3,East,3,5,1
2,5,15,3,2912.01,2 3,South,3,5,1
2,5,15,3,2912.902,2 3,West,3,5,1
2,5,15,1,2913.993,2 3,South,3,5,1
2,5,15,2,2914.697,3 3,South,3,5,1
2,5,15,1,2915.315,3 3,East,3,5,1
2,5,15,2,2916.058,3 4,East,3,5,1
2,5,15,3,2916.618,3 4,South,3,5,1
2,5,15,2,2917.355,4 4,South,3,5,1
2,5,15,3,2917.88,4 4,West,3,5,1
2,5,15,2,2918.538,4 3,West,3,5,1
2,5,15,2,2919.082,4 2,West,3,5,1
2,5,15,3,2919.673,4 2,North,3,5,1
2,5,15,2,2920.212,3 2,North,3,5,1
2,5,15,1,2922.426,3 2,West,3,5,1
2,5,15,2,2923.079,3 1,West,3,5,1
2,5,15,2,2925.164,3 0,West,3,5,1
2,5,15,3,2925.773,3 0,North,3,5,1
2,5,15,2,2926.327,2 0,North,3,5,1
2,5,15,2,2926.958,1 0,North,3,5,1
2,5,15,6,2927.34,1 0,North,3,6,1
2,5,15,3,2927.738,1 0,East,3,6,1
2,5,15,3,2928.326,1 0,South,3,6,1
2,5,15,2,2928.935,2 0,South,3,6,1
2,5,15,2,2930.294,3 0,South,3,6,1
2,5,15,1,2930.996,3 0,East,3,6,1
2,5,15,2,2931.882,3 1,East,3,6,1
2,5,15,1,2933.662,3 1,North,3,6,1
2,5,15,1,2934.22,3 1,West,3,6,1
2,5,15,2,2934.907,3 0,West,3,6,1
2,5,15,3,2935.467,3 0,North,3,6,1
2,5,15,2,2936.088,2 0,North,3,6,1
2,5,15,2,2936.651,1 0,North,3,6,1
2,5,15,3,2937.256,1 0,East,3,6,1
2,5,15,2,2937.835,1 1,East,3,6,1
2,5,15,3,2938.441,1 1,South,3,6,1
2,5,15,2,2939,2 1,South,3,6,1
2,5,15,1,2939.549,2 1,East,3,6,1
2,5,15,2,2940.105,2 2,East,3,6,1
2,5,15,6,2940.52,2 2,East,3,7,1
2,5,15,1,2940.778,2 2,North,3,7,1
2,5,15,1,2941.369,2 2,West,3,7,1
2,5,15,2,2941.941,2 1,West,3,7,1
2,5,15,3,2942.505,2 1,North,3,7,1
2,5,15,2,2943.021,1 1,North,3,7,1
2,5,15,1,2943.641,1 1,West,3,7,1
2,5,15,2,2944.156,1 0,West,3,7,1
2,5,15,1,2944.71,1 0,South,3,7,1
2,5,15,2,2945.256,2 0,South,3,7,1
2,5,15,2,2945.823,3 0,South,3,7,1
2,5,15,1,2946.376,3 0,East,3,7,1
2,5,15,2,2947.45,3 1,East,3,7,1
2,5,15,2,2948.036,3 2,East,3,7,1
2,5,15,3,2948.572,3 2,South,3,7,1
2,5,15,2,2949.098,4 2,South,3,7,1
2,5,15,1,2949.64,4 2,East,3,7,1
2,5,15,2,2950.167,4 3,East,3,7,1
2,5,15,2,2950.792,4 4,East,3,7,1
2,5,15,1,2951.355,4 4,North,3,7,1
2,5,15,2,2951.916,3 4,North,3,7,1
2,5,15,6,2952.3,3 4,North,3,8,1
0,6,16,2,2955.562,3 4,North,3,0,1
0,6,16,1,2956.135,3 4,West,3,0,1
0,6,16,2,2956.757,3 3,West,3,0,1
0,6,16,3,2957.324,3 3,North,3,0,1
0,6,16,2,2958.198,2 3,North,3,0,1
0,6,16,2,2958.838,1 3,North,3,0,1
0,6,16,2,2959.735,0 3,North,3,0,1
0,6,16,3,2960.442,0 3,East,3,0,1
0,6,16,3,2961.175,0 3,South,3,0,1
0,6,16,1,2962.294,0 3,East,3,0,1
0,6,16,2,2962.918,0 4,East,3,0,1
0,6,16,3,2963.453,0 4,South,3,0,1
0,6,16,3,2964.092,0 4,West,3,0,1
0,6,16,2,2964.998,0 3,West,3,0,1
0,6,16,1,2965.545,0 3,South,3,0,1
0,6,16,2,2966.125,1 3,South,3,0,1
0,6,16,2,2966.692,2 3,South,3,0,1
0,6,16,2,2967.223,3 3,South,3,0,1
0,6,16,1,2967.813,3 3,East,3,0,1
0,6,16,2,2968.425,3 4,East,3,0,1
0,6,16,3,2969.016,3 4,South,3,0,1
0,6,16,2,2969.541,4 4,South,3,0,1
0,6,16,3,2970.475,4 4,West,3,0,1
0,6,16,2,2971.017,4 3,West,3,0,1
0,6,16,2,2971.575,4 2,West,3,0,1
0,6,16,3,2972.438,4 2,North,3,0,1
0,6,16,2,2973.051,3 2,North,3,0,1
0,6,16,1,2973.61,3 2,West,3,0,1
0,6,16,2,2974.187,3 1,West,3,0,1
0,6,16,2,2974.933,3 0,West,3,0,1
0,6,16,3,2975.498,3 0,North,3,0,1
0,6,16,2,2976.061,2 0,North,3,0,1
0,6,16,6,2976.44,2 0,North,3,1,1
0,6,16,2,2976.733,1 0,North,3,1,1
0,6,16,3,2977.675,1 0,East,3,1,1
0,6,16,2,2978.212,1 1,East,3,1,1
0,6,16,3,2978.807,1 1,South,3,1,1
0,6,16,2,2979.77,2 1,South,3,1,1
0,6,16,1,2980.41,2 1,East,3,1,1
0,6,16,2,2981.016,2 2,East,3,1,1
0,6,16,1,2981.624,2 2,North,3,1,1
0,6,16,2,2982.2,1 2,North,3,1,1
0,6,16,2,2982.923,0 2,North,3,1,1
0,6,16,1,2983.449,0 2,West,3,1,1
0,6,16,1,2984.025,0 2,South,3,1,1
0,6,16,2,2984.582,1 2,South,3,1,1
0,6,16,2,2985.254,2 2,South,3,1,1
0,6,16,3,2986.172,2 2,West,3,1,1
0,6,16,2,2986.758,2 1,West,3,1,1
0,6,16,3,2987.341,2 1,North,3,1,1
0,6,16,2,2988.197,1 1,North,3,1,1
0,6,16,1,2989.096,1 1,West,3,1,1
0,6,16,2,2989.623,1 0,West,3,1,1
0,6,16,1,2990.507,1 0,South,3,1,1
0,6,16,2,2991.4,2 0,South,3,1,1
0,6,16,2,2991.965,3 0,South,3,1,1
0,6,16,1,2992.66,3 0,East,3,1,1
0,6,16,2,2993.493,3 1,East,3,1,1
0,6,16,2,2994.182,3 2,East,3,1,1
0,6,16,3,2994.887,3 2,South,3,1,1
0,6,16,2,2995.675,4 2,South,3,1,1
0,6,16,3,2996.313,4 2,West,3,1,1
0,6,16,1,2997.125,4 2,South,3,1,1
0,6,16,1,2999.367,4 2,East,3,1,1
0,6,16,2,2999.947,4 3,East,3,1,1
0,6,16,2,3000.487,4 4,East,3,1,1
0,6,16,1,3001.003,4 4,North,3,1,1
0,6,16,2,3001.98,3 4,North,3,1,1
0,6,16,1,3002.924,3 4,West,3,1,1
0,6,16,2,3003.528,3 3,West,3,1,1
0,6,16,3,3004.069,3 3,North,3,1,1
0,6,16,2,3004.636,2 3,North,3,1,1
0,6,16,2,3005.338,1 3,North,3,1,1
0,6,16,2,3005.885,0 3,North,3,1,1
0,6,16,3,3006.42,0 3,East,3,1,1
0,6,16,2,3006.973,0 4,East,3,1,1
0,6,16,3,3007.914,0 4,South,3,1,1
0,6,16,2,3008.873,1 4,South,3,1,1
0,6,16,6,3009.24,1 4,South,3,2,1
0,6,16,3,3009.465,1 4,West,3,2,1
0,6,16,3,3010.071,1 4,North,3,2,1
0,6,16,2,3010.584,0 4,North,3,2,1
0,6,16,1,3011.222,0 4,West,3,2,1
0,6,16,2,3011.801,0 3,West,3,2,1
0,6,16,1,3012.396,0 3,South,3,2,1
0,6,16,2,3012.954,1 3,South,3,2,1
0,6,16,2,3013.482,2 3,South,3,2,1
0,6,16,2,3014.077,3 3,South,3,2,1
0,6,16,1,3014.644,3 3,East,3,2,1
0,6,16,2,3015.182,3 4,East,3,2,1
0,6,16,3,3015.737,3 4,South,3,2,1
0,6,16,2,3016.281,4 4,South,3,2,1
0,6,16,3,3016.796,4 4,West,3,2,1
0,6,16,2,3017.339,4 3,West,3,2,1
0,6,16,2,3017.883,4 2,West,3,2,1
0,6,16,3,3018.406,4 2,North,3,2,1
0,6,16,2,3018.923,3 2,North,3,2,1
0,6,16,1,3019.453,3 2,West,3,2,1
0,6,16,2,3020.026,3 1,West,3,2,1
0,6,16,2,3020.599,3 0,West,3,2,1
0,6,16,3,3021.172,3 0,North,3,2,1
0,6,16,2,3022.168,2 0,North,3,2,1
0,6,16,2,3022.692,1 0,North,3,2,1
0,6,16,3,3023.239,1 0,East,3,2,1
0,6,16,2,3023.786,1 1,East,3,2,1
0,6,16,3,3024.378,1 1,South,3,2,1
0,6,16,2,3024.907,2 1,South,3,2,1
0,6,16,1,3025.479,2 1,East,3,2,1
0,6,16,2,3026.557,2 2,East,3,2,1
0,6,16,1,3027.095,2 2,North,3,2,1
0,6,16,2,3028.038,1 2,North,3,2,1
0,6,16,2,3028.618,0 2,North,3,2,1
0,6,16,1,3029.173,0 2,West,3,2,1
0,6,16,2,3029.719,0 1,West,3,2,1
0,6,16,6,3030.14,0 1,West,3,3,1
0,6,16,2,3030.325,0 0,West,3,3,1
0,6,16,3,3031.178,0 0,North,3,3,1
0,6,16,3,3031.833,0 0,East,3,3,1
0,6,16,2,3032.36,0 1,East,3,3,1
0,6,16,2,3032.902,0 2,East,3,3,1
0,6,16,3,3033.447,0 2,South,3,3,1
0,6,16,2,3034.021,1 2,South,3,3,1
0,6,16,2,3034.57,2 2,South,3,3,1
0,6,16,3,3035.148,2 2,West,3,3,1
0,6,16,2,3035.675,2 1,West,3,3,1
0,6,16,3,3036.603,2 1,North,3,3,1
0,6,16,2,3037.221,1 1,North,3,3,1
0,6,16,1,3037.917,1 1,West,3,3,1
0,6,16,2,3038.555,1 0,West,3,3,1
0,6,16,1,3039.157,1 0,South,3,3,1
0,6,16,2,3039.942,2 0,South,3,3,1
0,6,16,2,3040.459,3 0,South,3,3,1
0,6,16,1,3041.336,3 0,East,3,3,1
0,6,16,2,3041.946,3 1,East,3,3,1
0,6,16,2,3042.589,3 2,East,3,3,1
0,6,16,2,3043.445,3 2,East,3,3,1
0,6,16,3,3043.91,3 2,South,3,3,1
0,6,16,2,3044.667,4 2,South,3,3,1
0,6,16,3,3045.238,4 2,West,3,3,1
0,6,16,1,3045.861,4 2,South,3,3,1
0,6,16,1,3046.424,4 2,East,3,3,1
0,6,16,2,3046.939,4 3,East,3,3,1
0,6,16,2,3047.483,4 4,East,3,3,1
0,6,16,1,3048.138,4 4,North,3,3,1
0,6,16,2,3048.777,3 4,North,3,3,1
0,6,16,1,3049.332,3 4,West,3,3,1
0,6,16,2,3049.861,3 3,West,3,3,1
0,6,16,3,3050.391,3 3,North,3,3,1
0,6,16,2,3050.923,2 3,North,3,3,1
0,6,16,6,3051.3,2 3,North,3,4,1
0,6,16,2,3051.446,1 3,North,3,4,1
0,6,16,2,3051.993,0 3,North,3,4,1
0,6,16,3,3052.95,0 3,East,3,4,1
0,6,16,3,3053.561,0 3,South,3,4,1
0,6,16,1,3055.309,0 3,East,3,4,1
0,6,16,2,3055.847,0 4,East,3,4,1
0,6,16,3,3056.552,0 4,South,3,4,1
0,6,16,3,3057.094,0 4,West,3,4,1
0,6,16,2,3057.622,0 3,West,3,4,1
0,6,16,1,3058.54,0 3,South,3,4,1
0,6,16,2,3059.193,1 3,South,3,4,1
0,6,16,2,3060.501,2 3,South,3,4,1
0,6,16,1,3061.756,2 3,East,3,4,1
0,6,16,3,3062.392,2 3,South,3,4,1
0,6,16,2,3062.987,3 3,South,3,4,1
0,6,16,1,3063.917,3 3,East,3,4,1
0,6,16,2,3064.602,3 4,East,3,4,1
0,6,16,3,3065.589,3 4,South,3,4,1
0,6,16,2,3066.262,4 4,South,3,4,1
0,6,16,3,3066.972,4 4,West,3,4,1
0,6,16,2,3067.58,4 3,West,3,4,1
0,6,16,2,3068.284,4 2,West,3,4,1
0,6,16,3,3068.874,4 2,North,3,4,1
0,6,16,2,3069.446,3 2,North,3,4,1
0,6,16,1,3070.109,3 2,West,3,4,1
0,6,16,2,3070.683,3 1,West,3,4,1
0,6,16,2,3071.287,3 0,West,3,4,1
0,6,16,3,3071.849,3 0,North,3,4,1
0,6,16,2,3072.452,2 0,North,3,4,1
0,6,16,2,3073.093,1 0,North,3,4,1
0,6,16,3,3073.702,1 0,East,3,4,1
0,6,16,2,3074.264,1 1,East,3,4,1
0,6,16,3,3074.869,1 1,South,3,4,1
0,6,16,2,3075.434,2 1,South,3,4,1
0,6,16,1,3076.055,2 1,East,3,4,1
0,6,16,2,3076.631,2 2,East,3,4,1
0,6,16,1,3077.142,2 2,North,3,4,1
0,6,16,2,3077.706,1 2,North,3,4,1
0,6,16,2,3078.264,0 2,North,3,4,1
0,6,16,6,3078.64,0 2,North,3,5,1
0,6,16,1,3078.797,0 2,West,3,5,1
0,6,16,1,3079.338,0 2,South,3,5,1
0,6,16,2,3079.876,1 2,South,3,5,1
0,6,16,2,3080.426,2 2,South,3,5,1
0,6,16,3,3080.955,2 2,West,3,5,1
0,6,16,2,3081.672,2 1,West,3,5,1
0,6,16,3,3082.245,2 1,North,3,5,1
0,6,16,2,3082.837,1 1,North,3,5,1
0,6,16,1,3083.478,1 1,West,3,5,1
0,6,16,2,3084.036,1 0,West,3,5,1
0,6,16,6,3084.46,1 0,West,3,6,1
0,6,16,1,3084.669,1 0,South,3,6,1
0,6,16,2,3085.27,2 0,South,3,6,1
0,6,16,1,3086.136,2 0,East,3,6,1
0,6,16,1,3086.683,2 0,North,3,6,1
0,6,16,2,3087.238,1 0,North,3,6,1
0,6,16,3,3088.154,1 0,East,3,6,1
0,6,16,2,3088.664,1 1,East,3,6,1
0,6,16,3,3089.564,1 1,South,3,6,1
0,6,16,2,3090.168,2 1,South,3,6,1
0,6,16,6,3090.54,2 1,South,3,7,1
0,6,16,1,3090.823,2 1,East,3,7,1
0,6,16,2,3091.42,2 2,East,3,7,1
0,6,16,1,3092.027,2 2,North,3,7,1
0,6,16,2,3092.63,1 2,North,3,7,1
0,6,16,1,3093.532,1 2,West,3,7,1
0,6,16,1,3094.903,1 2,South,3,7,1
0,6,16,2,3095.544,2 2,South,3,7,1
0,6,16,3,3096.469,2 2,West,3,7,1
0,6,16,2,3097.062,2 1,West,3,7,1
0,6,16,3,3097.69,2 1,North,3,7,1
0,6,16,2,3098.263,1 1,North,3,7,1
0,6,16,1,3098.773,1 1,West,3,7,1
0,6,16,2,3099.384,1 0,West,3,7,1
0,6,16,1,3099.964,1 0,South,3,7,1
0,6,16,2,3100.49,2 0,South,3,7,1
0,6,16,2,3101.113,3 0,South,3,7,1
0,6,16,1,3101.674,3 0,East,3,7,1
0,6,16,2,3102.22,3 1,East,3,7,1
0,6,16,2,3102.778,3 2,East,3,7,1
0,6,16,3,3103.29,3 2,South,3,7,1
0,6,16,2,3103.9,4 2,South,3,7,1
0,6,16,3,3104.443,4 2,West,3,7,1
0,6,16,1,3105.004,4 2,South,3,7,1
0,6,16,1,3105.624,4 2,East,3,7,1
0,6,16,2,3106.157,4 3,East,3,7,1
0,6,16,2,3106.693,4 4,East,3,7,1
0,6,16,1,3107.255,4 4,North,3,7,1
0,6,16,2,3108.236,3 4,North,3,7,1
0,6,16,1,3109.158,3 4,West,3,7,1
0,6,16,2,3109.724,3 3,West,3,7,1
0,6,16,3,3110.585,3 3,North,3,7,1
0,6,16,2,3111.16,2 3,North,3,7,1
0,6,16,2,3111.878,1 3,North,3,7,1
0,6,16,2,3112.409,0 3,North,3,7,1
0,6,16,6,3112.8,0 3,North,3,8,1
2,6,16,1,3116.297,4 4,West,3,0,0
2,6,16,2,3117.831,4 3,West,3,0,0
2,6,16,2,3118.422,4 2,West,3,0,0
2,6,16,3,3118.949,4 2,North,3,0,0
2,6,16,2,3119.525,3 2,North,3,0,0
2,6,16,1,3120.156,3 2,West,3,0,0
2,6,16,2,3120.686,3 1,West,3,0,0
2,6,16,2,3121.244,3 0,West,3,0,0
2,6,16,3,3121.796,3 0,North,3,0,0
2,6,16,2,3122.343,2 0,North,3,0,0
2,6,16,2,3122.917,1 0,North,3,0,0
2,6,16,6,3123.3,1 0,North,3,1,0
2,6,16,3,3123.469,1 0,East,3,1,0
2,6,16,3,3124.011,1 0,South,3,1,0
2,6,16,2,3124.604,2 0,South,3,1,0
2,6,16,1,3125.175,2 0,East,3,1,0
2,6,16,1,3127.64,2 0,North,3,1,0
2,6,16,2,3128.312,1 0,North,3,1,0
2,6,16,3,3128.918,1 0,East,3,1,0
2,6,16,2,3129.546,1 1,East,3,1,0
2,6,16,3,3130.155,1 1,South,3,1,0
2,6,16,2,3130.758,2 1,South,3,1,0
2,6,16,6,3131.14,2 1,South,3,2,0
2,6,16,1,3131.353,2 1,East,3,2,0
2,6,16,1,3131.957,2 1,North,3,2,0
2,6,16,3,3133.899,2 1,East,3,2,0
2,6,16,1,3135.611,2 1,North,3,2,0
2,6,16,2,3136.31,1 1,North,3,2,0
2,6,16,1,3136.936,1 1,West,3,2,0
2,6,16,2,3137.546,1 0,West,3,2,0
2,6,16,1,3138.267,1 0,South,3,2,0
2,6,16,2,3138.905,2 0,South,3,2,0
2,6,16,2,3139.509,3 0,South,3,2,0
2,6,16,3,3141.787,3 0,West,3,2,0
2,6,16,3,3142.685,3 0,North,3,2,0
2,6,16,1,3143.496,3 0,West,3,2,0
2,6,16,1,3144.056,3 0,South,3,2,0
2,6,16,1,3144.762,3 0,East,3,2,0
2,6,16,2,3145.341,3 1,East,3,2,0
2,6,16,2,3145.963,3 2,East,3,2,0
2,6,16,3,3146.474,3 2,South,3,2,0
2,6,16,2,3147.065,4 2,South,3,2,0
2,6,16,1,3147.676,4 2,East,3,2,0
2,6,16,2,3148.249,4 3,East,3,2,0
2,6,16,2,3148.777,4 4,East,3,2,0
2,6,16,1,3149.357,4 4,North,3,2,0
2,6,16,2,3150.311,3 4,North,3,2,0
2,6,16,1,3150.986,3 4,West,3,2,0
2,6,16,2,3151.556,3 3,West,3,2,0
2,6,16,3,3152.14,3 3,North,3,2,0
2,6,16,2,3152.676,2 3,North,3,2,0
2,6,16,2,3153.26,1 3,North,3,2,0
2,6,16,2,3153.78,0 3,North,3,2,0
2,6,16,6,3154.16,0 3,North,3,3,0
2,6,16,3,3154.554,0 3,East,3,3,0
2,6,16,3,3155.532,0 3,South,3,3,0
2,6,16,2,3156.196,1 3,South,3,3,0
2,6,16,2,3156.762,2 3,South,3,3,0
2,6,16,2,3157.318,3 3,South,3,3,0
2,6,16,1,3157.929,3 3,East,3,3,0
2,6,16,2,3158.49,3 4,East,3,3,0
2,6,16,3,3159.098,3 4,South,3,3,0
2,6,16,2,3159.672,4 4,South,3,3,0
2,6,16,3,3160.263,4 4,West,3,3,0
2,6,16,2,3160.844,4 3,West,3,3,0
2,6,16,2,3161.437,4 2,West,3,3,0
2,6,16,3,3161.991,4 2,North,3,3,0
2,6,16,2,3162.551,3 2,North,3,3,0
2,6,16,1,3163.078,3 2,West,3,3,0
2,6,16,2,3163.626,3 1,West,3,3,0
2,6,16,6,3164.04,3 1,West,3,4,0
2,6,16,3,3164.23,3 1,North,3,4,0
2,6,16,3,3164.821,3 1,East,3,4,0
2,6,16,3,3167.046,3 1,South,3,4,0
2,6,16,1,3167.85,3 1,East,3,4,0
2,6,16,2,3168.505,3 2,East,3,4,0
2,6,16,3,3169.016,3 2,South,3,4,0
2,6,16,2,3169.684,4 2,South,3,4,0
2,6,16,1,3170.342,4 2,East,3,4,0
2,6,16,2,3170.953,4 3,East,3,4,0
2,6,16,2,3171.59,4 4,East,3,4,0
2,6,16,1,3172.132,4 4,North,3,4,0
2,6,16,2,3172.696,3 4,North,3,4,0
2,6,16,1,3173.278,3 4,West,3,4,0
2,6,16,2,3173.836,3 3,West,3,4,0
2,6,16,3,3174.445,3 3,North,3,4,0
2,6,16,2,3174.971,2 3,North,3,4,0
2,6,16,6,3175.36,2 3,North,3,5,0
2,6,16,1,3175.61,2 3,West,3,5,0
2,6,16,1,3176.156,2 3,South,3,5,0
2,6,16,2,3176.807,3 3,South,3,5,0
2,6,16,1,3177.353,3 3,East,3,5,0
2,6,16,2,3177.996,3 4,East,3,5,0
2,6,16,3,3178.536,3 4,South,3,5,0
2,6,16,2,3179.085,4 4,South,3,5,0
2,6,16,3,3179.813,4 4,West,3,5,0
2,6,16,2,3180.425,4 3,West,3,5,0
2,6,16,2,3180.951,4 2,West,3,5,0
2,6,16,3,3181.56,4 2,North,3,5,0
2,6,16,2,3182.121,3 2,North,3,5,0
2,6,16,1,3182.713,3 2,West,3,5,0
2,6,16,2,3183.253,3 1,West,3,5,0
2,6,16,2,3183.786,3 0,West,3,5,0
2,6,16,6,3184.2,3 0,West,3,6,0
2,6,16,3,3184.34,3 0,North,3,6,0
2,6,16,3,3184.935,3 0,East,3,6,0
2,6,16,2,3185.513,3 1,East,3,6,0
2,6,16,2,3186.071,3 2,East,3,6,0
2,6,16,3,3186.581,3 2,South,3,6,0
2,6,16,2,3187.211,4 2,South,3,6,0
2,6,16,1,3187.732,4 2,East,3,6,0
2,6,16,2,3188.316,4 3,East,3,6,0
2,6,16,2,3188.858,4 4,East,3,6,0
2,6,16,1,3189.43,4 4,North,3,6,0
2,6,16,2,3189.977,3 4,North,3,6,0
2,6,16,1,3190.539,3 4,West,3,6,0
2,6,16,2,3191.116,3 3,West,3,6,0
2,6,16,3,3191.723,3 3,North,3,6,0
2,6,16,2,3192.316,2 3,North,3,6,0
2,6,16,2,3192.886,1 3,North,3,6,0
2,6,16,2,3193.448,0 3,North,3,6,0
2,6,16,3,3194.055,0 3,East,3,6,0
2,6,16,2,3194.599,0 4,East,3,6,0
2,6,16,3,3195.211,0 4,South,3,6,0
2,6,16,2,3195.722,1 4,South,3,6,0
2,6,16,2,3196.916,2 4,South,3,6,0
2,6,16,6,3197.28,2 4,South,3,7,0
2,6,16,1,3197.53,2 4,East,3,7,0
2,6,16,1,3198.091,2 4,North,3,7,0
2,6,16,2,3199.077,1 4,North,3,7,0
2,6,16,2,3199.674,0 4,North,3,7,0
2,6,16,6,3200.06,0 4,North,3,8,0
0,6,17,2,3203.125,3 4,North,3,0,0
0,6,17,1,3203.69,3 4,West,3,0,0
0,6,17,2,3204.31,3 3,West,3,0,0
0,6,17,3,3204.951,3 3,North,3,0,0
0,6,17,2,3205.508,2 3,North,3,0,0
0,6,17,2,3206.313,1 3,North,3,0,0
0,6,17,2,3206.859,0 3,North,3,0,0
0,6,17,3,3207.373,0 3,East,3,0,0
0,6,17,2,3208.009,0 4,East,3,0,0
0,6,17,3,3208.572,0 4,South,3,0,0
0,6,17,3,3209.114,0 4,West,3,0,0
0,6,17,2,3209.641,0 3,West,3,0,0
0,6,17,1,3210.167,0 3,South,3,0,0
0,6,17,2,3210.714,1 3,South,3,0,0
0,6,17,2,3211.227,2 3,South,3,0,0
0,6,17,2,3211.773,3 3,South,3,0,0
0,6,17,1,3212.711,3 3,East,3,0,0
0,6,17,2,3213.228,3 4,East,3,0,0
0,6,17,3,3213.765,3 4,South,3,0,0
0,6,17,2,3214.299,4 4,South,3,0,0
0,6,17,3,3214.904,4 4,West,3,0,0
0,6,17,2,3215.418,4 3,West,3,0,0
0,6,17,2,3215.946,4 2,West,3,0,0
0,6,17,3,3216.886,4 2,North,3,0,0
0,6,17,2,3217.525,3 2,North,3,0,0
0,6,17,1,3218.084,3 2,West,3,0,0
0,6,17,2,3218.619,3 1,West,3,0,0
0,6,17,2,3219.147,3 0,West,3,0,0
0,6,17,3,3219.737,3 0,North,3,0,0
0,6,17,2,3220.346,2 0,North,3,0,0
0,6,17,2,3221.333,1 0,North,3,0,0
0,6,17,3,3221.869,1 0,East,3,0,0
0,6,17,3,3222.86,1 0,South,3,0,0
0,6,17,1,3223.509,1 0,East,3,0,0
0,6,17,2,3224.102,1 1,East,3,0,0
0,6,17,3,3224.667,1 1,South,3,0,0
0,6,17,2,3225.269,2 1,South,3,0,0
0,6,17,1,3225.813,2 1,East,3,0,0
0,6,17,2,3226.394,2 2,East,3,0,0
0,6,17,1,3226.951,2 2,North,3,0,0
0,6,17,2,3227.543,1 2,North,3,0,0
0,6,17,6,3227.92,1 2,North,3,1,0
0,6,17,2,3228.214,0 2,North,3,1,0
0,6,17,1,3228.759,0 2,West,3,1,0
0,6,17,1,3229.706,0 2,South,3,1,0
0,6,17,2,3230.34,1 2,South,3,1,0
0,6,17,2,3231.276,2 2,South,3,1,0
0,6,17,3,3231.831,2 2,West,3,1,0
0,6,17,2,3232.376,2 1,West,3,1,0
0,6,17,3,3232.9,2 1,North,3,1,0
0,6,17,2,3233.436,1 1,North,3,1,0
0,6,17,1,3233.963,1 1,West,3,1,0
0,6,17,2,3234.487,1 0,West,3,1,0
0,6,17,1,3235.035,1 0,South,3,1,0
0,6,17,2,3236.077,2 0,South,3,1,0
0,6,17,2,3237.099,3 0,South,3,1,0
0,6,17,1,3237.637,3 0,East,3,1,0
0,6,17,2,3238.267,3 1,East,3,1,0
0,6,17,2,3238.813,3 2,East,3,1,0
0,6,17,3,3239.341,3 2,South,3,1,0
0,6,17,3,3239.866,3 2,West,3,1,0
0,6,17,1,3240.822,3 2,South,3,1,0
0,6,17,2,3241.339,4 2,South,3,1,0
0,6,17,3,3242.3,4 2,West,3,1,0
0,6,17,2,3243.208,4 1,West,3,1,0
0,6,17,2,3243.771,4 0,West,3,1,0
0,6,17,6,3244.18,4 0,West,3,2,0
0,6,17,1,3244.317,4 0,South,3,2,0
0,6,17,1,3244.843,4 0,East,3,2,0
0,6,17,2,3245.367,4 1,East,3,2,0
0,6,17,2,3245.93,4 2,East,3,2,0
0,6,17,1,3246.681,4 2,North,3,2,0
0,6,17,2,3247.223,3 2,North,3,2,0
0,6,17,6,3247.6,3 2,North,3,3,0
0,6,17,1,3247.782,3 2,West,3,3,0
0,6,17,1,3248.393,3 2,South,3,3,0
0,6,17,2,3249.302,4 2,South,3,3,0
0,6,17,1,3249.946,4 2,East,3,3,0
0,6,17,2,3250.469,4 3,East,3,3,0
0,6,17,2,3251.013,4 4,East,3,3,0
0,6,17,1,3251.547,4 4,North,3,3,0
0,6,17,2,3252.549,3 4,North,3,3,0
0,6,17,1,3253.111,3 4,West,3,3,0
0,6,17,2,3253.67,3 3,West,3,3,0
0,6,17,3,3254.187,3 3,North,3,3,0
0,6,17,2,3254.748,2 3,North,3,3,0
0,6,17,2,3255.385,1 3,North,3,3,0
0,6,17,2,3256.39,0 3,North,3,3,0
0,6,17,3,3256.908,0 3,East,3,3,0
0,6,17,2,3257.844,0 4,East,3,3,0
0,6,17,3,3258.365,0 4,South,3,3,0
0,6,17,3,3258.955,0 4,West,3,3,0
0,6,17,2,3259.481,0 3,West,3,3,0
0,6,17,1,3260.422,0 3,South,3,3,0
0,6,17,2,3261.016,1 3,South,3,3,0
0,6,17,2,3261.543,2 3,South,3,3,0
0,6,17,2,3262.088,3 3,South,3,3,0
0,6,17,1,3262.604,3 3,East,3,3,0
0,6,17,2,3263.22,3 4,East,3,3,0
0,6,17,3,3263.786,3 4,South,3,3,0
0,6,17,2,3264.365,4 4,South,3,3,0
0,6,17,3,3264.937,4 4,West,3,3,0
0,6,17,2,3265.816,4 3,West,3,3,0
0,6,17,2,3266.377,4 2,West,3,3,0
0,6,17,3,3266.936,4 2,North,3,3,0
0,6,17,2,3267.515,3 2,North,3,3,0
0,6,17,1,3268.072,3 2,West,3,3,0
0,6,17,2,3268.596,3 1,West,3,3,0
0,6,17,2,3269.142,3 0,West,3,3,0
0,6,17,3,3270.088,3 0,North,3,3,0
0,6,17,2,3270.678,2 0,North,3,3,0
0,6,17,2,3271.196,1 0,North,3,3,0
0,6,17,3,3272.171,1 0,East,3,3,0
0,6,17,2,3272.779,1 1,East,3,3,0
0,6,17,6,3273.18,1 1,East,3,4,0
0,6,17,3,3273.365,1 1,South,3,4,0
0,6,17,2,3273.94,2 1,South,3,4,0
0,6,17,1,3274.457,2 1,East,3,4,0
0,6,17,2,3275.02,2 2,East,3,4,0
0,6,17,1,3275.595,2 2,North,3,4,0
0,6,17,2,3276.122,1 2,North,3,4,0
0,6,17,2,3276.664,0 2,North,3,4,0
0,6,17,1,3277.544,0 2,West,3,4,0
0,6,17,1,3278.084,0 2,South,3,4,0
0,6,17,2,3278.631,1 2,South,3,4,0
0,6,17,2,3279.149,2 2,South,3,4,0
0,6,17,3,3279.704,2 2,West,3,4,0
0,6,17,2,3280.265,2 1,West,3,4,0
0,6,17,3,3280.791,2 1,North,3,4,0
0,6,17,2,3281.355,1 1,North,3,4,0
0,6,17,2,3281.926,1 1,North,3,4,0
0,6,17,1,3282.358,1 1,West,3,4,0
0,6,17,2,3283.289,1 0,West,3,4,0
0,6,17,1,3284.172,1 0,South,3,4,0
0,6,17,2,3284.696,2 0,South,3,4,0
0,6,17,2,3285.75,3 0,South,3,4,0
0,6,17,1,3286.329,3 0,East,3,4,0
0,6,17,2,3286.886,3 1,East,3,4,0
0,6,17,2,3287.415,3 2,East,3,4,0
0,6,17,3,3287.956,3 2,South,3,4,0
0,6,17,2,3288.525,4 2,South,3,4,0
0,6,17,3,3289.636,4 2,West,3,4,0
0,6,17,3,3290.198,4 2,North,3,4,0
0,6,17,3,3290.709,4 2,East,3,4,0
0,6,17,2,3291.626,4 3,East,3,4,0
0,6,17,2,3292.181,4 4,East,3,4,0
0,6,17,1,3292.747,4 4,North,3,4,0
0,6,17,2,3293.819,3 4,North,3,4,0
0,6,17,1,3294.404,3 4,West,3,4,0
0,6,17,2,3294.969,3 3,West,3,4,0
0,6,17,3,3295.512,3 3,North,3,4,0
0,6,17,2,3296.029,2 3,North,3,4,0
0,6,17,2,3296.581,1 3,North,3,4,0
0,6,17,2,3297.116,0 3,North,3,4,0
0,6,17,3,3297.654,0 3,East,3,4,0
0,6,17,2,3298.198,0 4,East,3,4,0
0,6,17,3,3298.781,0 4,South,3,4,0
0,6,17,2,3299.722,1 4,South,3,4,0
0,6,17,2,3300.234,2 4,South,3,4,0
0,6,17,6,3300.62,2 4,South,3,5,0
0,6,17,1,3300.792,2 4,East,3,5,0
0,6,17,1,3301.318,2 4,North,3,5,0
0,6,17,2,3301.835,1 4,North,3,5,0
0,6,17,2,3302.363,0 4,North,3,5,0
0,6,17,1,3302.905,0 4,West,3,5,0
0,6,17,2,3303.451,0 3,West,3,5,0
0,6,17,1,3303.995,0 3,South,3,5,0
0,6,17,2,3304.534,1 3,South,3,5,0
0,6,17,2,3305.084,2 3,South,3,5,0
0,6,17,2,3305.612,3 3,South,3,5,0
0,6,17,1,3306.553,3 3,East,3,5,0
0,6,17,2,3307.108,3 4,East,3,5,0
0,6,17,3,3307.7,3 4,South,3,5,0
0,6,17,2,3308.253,4 4,South,3,5,0
0,6,17,3,3308.805,4 4,West,3,5,0
0,6,17,2,3309.358,4 3,West,3,5,0
0,6,17,2,3309.896,4 2,West,3,5,0
0,6,17,3,3310.438,4 2,North,3,5,0
0,6,17,2,3311.012,3 2,North,3,5,0
0,6,17,1,3311.579,3 2,West,3,5,0
0,6,17,2,3312.135,3 1,West,3,5,0
0,6,17,2,3312.681,3 0,West,3,5,0
0,6,17,3,3313.227,3 0,North,3,5,0
0,6,17,2,3313.77,2 0,North,3,5,0
0,6,17,2,3314.312,1 0,North,3,5,0
0,6,17,3,3314.841,1 0,East,3,5,0
0,6,17,2,3315.351,1 1,East,3,5,0
0,6,17,3,3315.947,1 1,South,3,5,0
0,6,17,2,3316.469,2 1,South,3,5,0
0,6,17,1,3317.064,2 1,East,3,5,0
0,6,17,2,3318.104,2 2,East,3,5,0
0,6,17,1,3318.617,2 2,North,3,5,0
0,6,17,2,3319.175,1 2,North,3,5,0
0,6,17,2,3319.722,0 2,North,3,5,0
0,6,17,1,3320.296,0 2,West,3,5,0
0,6,17,2,3320.822,0 1,West,3,5,0
0,6,17,2,3321.417,0 0,West,3,5,0
0,6,17,6,3321.84,0 0,West,3,6,0
0,6,17,3,3321.961,0 0,North,3,6,0
0,6,17,3,3322.5,0 0,East,3,6,0
0,6,17,2,3323.053,0 1,East,3,6,0
0,6,17,2,3324.119,0 2,East,3,6,0
0,6,17,3,3325.146,0 2,South,3,6,0
0,6,17,2,3325.77,1 2,South,3,6,0
0,6,17,2,3326.443,2 2,South,3,6,0
0,6,17,6,3326.82,2 2,South,3,7,0
0,6,17,3,3327.543,2 2,West,3,7,0
0,6,17,2,3328.165,2 1,West,3,7,0
0,6,17,3,3328.759,2 1,North,3,7,0
0,6,17,2,3329.323,1 1,North,3,7,0
0,6,17,1,3329.879,1 1,West,3,7,0
0,6,17,2,3330.444,1 0,West,3,7,0
0,6,17,1,3331.048,1 0,South,3,7,0
0,6,17,2,3331.574,2 0,South,3,7,0
0,6,17,2,3332.12,3 0,South,3,7,0
0,6,17,1,3333.127,3 0,East,3,7,0
0,6,17,2,3333.687,3 1,East,3,7,0
0,6,17,2,3334.33,3 2,East,3,7,0
0,6,17,3,3335.271,3 2,South,3,7,0
0,6,17,2,3335.802,4 2,South,3,7,0
0,6,17,3,3336.41,4 2,West,3,7,0
0,6,17,3,3336.981,4 2,North,3,7,0
0,6,17,3,3337.898,4 2,East,3,7,0
0,6,17,2,3338.421,4 3,East,3,7,0
0,6,17,2,3338.948,4 4,East,3,7,0
0,6,17,1,3339.462,4 4,North,3,7,0
0,6,17,2,3340.044,3 4,North,3,7,0
0,6,17,1,3340.948,3 4,West,3,7,0
0,6,17,2,3341.514,3 3,West,3,7,0
0,6,17,3,3342.042,3 3,North,3,7,0
0,6,17,2,3342.58,2 3,North,3,7,0
0,6,17,2,3343.499,1 3,North,3,7,0
0,6,17,2,3344.261,0 3,North,3,7,0
0,6,17,3,3344.853,0 3,East,3,7,0
0,6,17,2,3345.399,0 4,East,3,7,0
0,6,17,6,3345.8,0 4,East,3,8,0
2,6,17,1,3349.799,4 4,West,3,0,0
2,6,17,2,3351.385,4 3,West,3,0,0
2,6,17,2,3352.008,4 2,West,3,0,0
2,6,17,3,3352.649,4 2,North,3,0,0
2,6,17,2,3353.369,3 2,North,3,0,0
2,6,17,1,3354.06,3 2,West,3,0,0
2,6,17,2,3354.647,3 1,West,3,0,0
2,6,17,2,3355.308,3 0,West,3,0,0
2,6,17,3,3355.898,3 0,North,3,0,0
2,6,17,2,3356.503,2 0,North,3,0,0
2,6,17,2,3357.099,1 0,North,3,0,0
2,6,17,3,3357.706,1 0,East,3,0,0
2,6,17,2,3358.344,1 1,East,3,0,0
2,6,17,6,3358.76,1 1,East,3,1,0
2,6,17,1,3359.752,1 1,North,3,1,0
2,6,17,1,3360.309,1 1,West,3,1,0
2,6,17,2,3360.874,1 0,West,3,1,0
2,6,17,1,3361.405,1 0,South,3,1,0
2,6,17,2,3361.96,2 0,South,3,1,0
2,6,17,2,3362.524,3 0,South,3,1,0
2,6,17,1,3363.303,3 0,East,3,1,0
2,6,17,2,3364.236,3 1,East,3,1,0
2,6,17,2,3365.004,3 2,East,3,1,0
2,6,17,3,3365.573,3 2,South,3,1,0
2,6,17,2,3366.204,4 2,South,3,1,0
2,6,17,1,3366.891,4 2,East,3,1,0
2,6,17,2,3367.545,4 3,East,3,1,0
2,6,17,2,3368.141,4 4,East,3,1,0
2,6,17,1,3368.746,4 4,North,3,1,0
2,6,17,2,3369.304,3 4,North,3,1,0
2,6,17,1,3369.877,3 4,West,3,1,0
2,6,17,2,3370.455,3 3,West,3,1,0
2,6,17,3,3371.035,3 3,North,3,1,0
2,6,17,2,3371.658,2 3,North,3,1,0
2,6,17,2,3372.186,1 3,North,3,1,0
2,6,17,2,3372.748,0 3,North,3,1,0
2,6,17,3,3373.353,0 3,East,3,1,0
2,6,17,2,3373.911,0 4,East,3,1,0
2,6,17,6,3374.32,0 4,East,3,2,0
2,6,17,3,3374.486,0 4,South,3,2,0
2,6,17,3,3375.062,0 4,West,3,2,0
2,6,17,2,3375.575,0 3,West,3,2,0
2,6,17,1,3376.137,0 3,South,3,2,0
2,6,17,2,3376.732,1 3,South,3,2,0
2,6,17,2,3377.271,2 3,South,3,2,0
2,6,17,2,3377.833,3 3,South,3,2,0
2,6,17,1,3378.377,3 3,East,3,2,0
2,6,17,2,3378.938,3 4,East,3,2,0
2,6,17,3,3379.461,3 4,South,3,2,0
2,6,17,2,3380.028,4 4,South,3,2,0
2,6,17,3,3380.588,4 4,West,3,2,0
2,6,17,2,3381.594,4 3,West,3,2,0
2,6,17,2,3382.185,4 2,West,3,2,0
2,6,17,3,3382.776,4 2,North,3,2,0
2,6,17,2,3383.305,3 2,North,3,2,0
2,6,17,1,3383.878,3 2,West,3,2,0
2,6,17,2,3384.949,3 1,West,3,2,0
2,6,17,2,3385.529,3 0,West,3,2,0
2,6,17,3,3386.09,3 0,North,3,2,0
2,6,17,2,3386.654,2 0,North,3,2,0
2,6,17,2,3387.207,1 0,North,3,2,0
2,6,17,3,3387.819,1 0,East,3,2,0
2,6,17,1,3389.174,1 0,North,3,2,0
2,6,17,3,3390.053,1 0,East,3,2,0
2,6,17,2,3390.716,1 1,East,3,2,0
2,6,17,3,3391.227,1 1,South,3,2,0
2,6,17,2,3391.815,2 1,South,3,2,0
2,6,17,1,3392.373,2 1,East,3,2,0
2,6,17,2,3393.276,2 2,East,3,2,0
2,6,17,1,3393.927,2 2,North,3,2,0
2,6,17,2,3394.47,1 2,North,3,2,0
2,6,17,6,3394.84,1 2,North,3,3,0
2,6,17,1,3395.146,1 2,West,3,3,0
2,6,17,1,3395.725,1 2,South,3,3,0
2,6,17,2,3396.299,2 2,South,3,3,0
2,6,17,3,3396.968,2 2,West,3,3,0
2,6,17,2,3397.531,2 1,West,3,3,0
2,6,17,3,3398.121,2 1,North,3,3,0
2,6,17,2,3398.682,1 1,North,3,3,0
2,6,17,1,3399.223,1 1,West,3,3,0
2,6,17,2,3399.75,1 0,West,3,3,0
2,6,17,1,3400.3,1 0,South,3,3,0
2,6,17,2,3401.255,2 0,South,3,3,0
2,6,17,2,3401.783,3 0,South,3,3,0
2,6,17,1,3402.332,3 0,East,3,3,0
2,6,17,2,3402.885,3 1,East,3,3,0
2,6,17,2,3403.405,3 2,East,3,3,0
2,6,17,2,3403.926,3 2,East,3,3,1
2,6,17,3,3404.508,3 2,South,3,3,1
2,6,17,2,3405.045,4 2,South,3,3,1
2,6,17,1,3405.643,4 2,East,3,3,1
2,6,17,2,3406.154,4 3,East,3,3,1
2,6,17,2,3406.836,4 4,East,3,3,1
2,6,17,1,3407.478,4 4,North,3,3,1
2,6,17,2,3408.038,3 4,North,3,3,1
2,6,17,1,3408.666,3 4,West,3,3,1
2,6,17,2,3409.227,3 3,West,3,3,1
2,6,17,3,3409.749,3 3,North,3,3,1
2,6,17,2,3410.269,2 3,North,3,3,1
2,6,17,2,3410.809,1 3,North,3,3,1
2,6,17,2,3411.366,0 3,North,3,3,1
2,6,17,3,3411.897,0 3,East,3,3,1
2,6,17,2,3412.428,0 4,East,3,3,1
2,6,17,3,3412.981,0 4,South,3,3,1
2,6,17,2,3413.595,1 4,South,3,3,1
2,6,17,2,3414.157,2 4,South,3,3,1
2,6,17,6,3414.54,2 4,South,3,4,1
2,6,17,1,3415.093,2 4,East,3,4,1
2,6,17,1,3415.607,2 4,North,3,4,1
2,6,17,2,3416.152,1 4,North,3,4,1
2,6,17,2,3416.699,0 4,North,3,4,1
2,6,17,1,3417.29,0 4,West,3,4,1
2,6,17,2,3417.915,0 3,West,3,4,1
2,6,17,1,3418.457,0 3,South,3,4,1
2,6,17,2,3418.973,1 3,South,3,4,1
2,6,17,2,3419.512,2 3,South,3,4,1
2,6,17,2,3420.087,3 3,South,3,4,1
2,6,17,6,3420.46,3 3,South,3,5,1
2,6,17,1,3420.603,3 3,East,3,5,1
2,6,17,2,3421.159,3 4,East,3,5,1
2,6,17,3,3421.723,3 4,South,3,5,1
2,6,17,2,3422.263,4 4,South,3,5,1
2,6,17,3,3422.805,4 4,West,3,5,1
2,6,17,2,3423.335,4 3,West,3,5,1
2,6,17,2,3423.926,4 2,West,3,5,1
2,6,17,3,3424.442,4 2,North,3,5,1
2,6,17,2,3425.021,3 2,North,3,5,1
2,6,17,1,3426.124,3 2,West,3,5,1
2,6,17,2,3426.776,3 1,West,3,5,1
2,6,17,2,3427.292,3 0,West,3,5,1
2,6,17,3,3427.988,3 0,North,3,5,1
2,6,17,1,3430.357,3 0,West,3,5,1
2,6,17,2,3431.287,3 0,West,3,5,1
2,6,17,3,3431.693,3 0,North,3,5,1
2,6,17,2,3432.373,2 0,North,3,5,1
2,6,17,2,3433.545,1 0,North,3,5,1
2,6,17,3,3434.248,1 0,East,3,5,1
2,6,17,2,3434.905,1 1,East,3,5,1
2,6,17,3,3435.436,1 1,South,3,5,1
2,6,17,2,3436.041,2 1,South,3,5,1
2,6,17,1,3436.582,2 1,East,3,5,1
2,6,17,2,3437.133,2 2,East,3,5,1
2,6,17,1,3437.694,2 2,North,3,5,1
2,6,17,2,3438.263,1 2,North,3,5,1
2,6,17,2,3438.806,0 2,North,3,5,1
2,6,17,6,3439.2,0 2,North,3,6,1
2,6,17,1,3439.445,0 2,West,3,6,1
2,6,17,1,3440.009,0 2,South,3,6,1
2,6,17,2,3440.587,1 2,South,3,6,1
2,6,17,2,3441.126,2 2,South,3,6,1
2,6,17,3,3441.676,2 2,West,3,6,1
2,6,17,2,3442.214,2 1,West,3,6,1
2,6,17,3,3442.794,2 1,North,3,6,1
2,6,17,2,3443.405,1 1,North,3,6,1
2,6,17,1,3443.958,1 1,West,3,6,1
2,6,17,2,3444.533,1 0,West,3,6,1
2,6,17,1,3445.083,1 0,South,3,6,1
2,6,17,2,3445.678,2 0,South,3,6,1
2,6,17,2,3446.236,3 0,South,3,6,1
2,6,17,1,3446.774,3 0,East,3,6,1
2,6,17,2,3447.431,3 1,East,3,6,1
2,6,17,2,3448.028,3 2,East,3,6,1
2,6,17,3,3448.552,3 2,South,3,6,1
2,6,17,2,3449.099,4 2,South,3,6,1
2,6,17,1,3449.66,4 2,East,3,6,1
2,6,17,2,3450.196,4 3,East,3,6,1
2,6,17,2,3450.812,4 4,East,3,6,1
2,6,17,1,3451.883,4 4,North,3,6,1
2,6,17,2,3452.458,3 4,North,3,6,1
2,6,17,1,3452.982,3 4,West,3,6,1
2,6,17,2,3453.525,3 3,West,3,6,1
2,6,17,3,3454.093,3 3,North,3,6,1
2,6,17,2,3454.629,2 3,North,3,6,1
2,6,17,2,3455.197,1 3,North,3,6,1
2,6,17,2,3455.768,0 3,North,3,6,1
2,6,17,3,3456.678,0 3,East,3,6,1
2,6,17,2,3457.62,0 4,East,3,6,1
2,6,17,3,3458.232,0 4,South,3,6,1
2,6,17,2,3458.789,1 4,South,3,6,1
2,6,17,6,3459.16,1 4,South,3,7,1
2,6,17,1,3459.308,1 4,East,3,7,1
2,6,17,1,3460.264,1 4,North,3,7,1
2,6,17,2,3460.773,0 4,North,3,7,1
2,6,17,1,3461.337,0 4,West,3,7,1
2,6,17,2,3461.866,0 3,West,3,7,1
2,6,17,1,3462.427,0 3,South,3,7,1
2,6,17,2,3462.998,1 3,South,3,7,1
2,6,17,2,3463.575,2 3,South,3,7,1
2,6,17,2,3465.118,3 3,South,3,7,1
2,6,17,1,3465.816,3 3,East,3,7,1
2,6,17,2,3466.38,3 4,East,3,7,1
2,6,17,3,3467.03,3 4,South,3,7,1
2,6,17,2,3467.685,4 4,South,3,7,1
2,6,17,3,3468.27,4 4,West,3,7,1
2,6,17,2,3469.015,4 3,West,3,7,1
2,6,17,2,3469.637,4 2,West,3,7,1
2,6,17,3,3470.229,4 2,North,3,7,1
2,6,17,2,3470.839,3 2,North,3,7,1
2,6,17,1,3471.415,3 2,West,3,7,1
2,6,17,2,3471.992,3 1,West,3,7,1
2,6,17,2,3472.573,3 0,West,3,7,1
2,6,17,3,3473.115,3 0,North,3,7,1
2,6,17,2,3473.693,2 0,North,3,7,1
2,6,17,6,3474.08,2 0,North,3,8,1
0,6,18,2,3477.292,3 4,North,3,0,1
0,6,18,1,3478.196,3 4,West,3,0,1
0,6,18,1,3479.044,3 4,South,3,0,1
0,6,18,2,3479.61,4 4,South,3,0,1
0,6,18,3,3480.455,4 4,West,3,0,1
0,6,18,2,3481.13,4 3,West,3,0,1
0,6,18,2,3481.655,4 2,West,3,0,1
0,6,18,2,3482.184,4 1,West,3,0,1
0,6,18,6,3482.6,4 1,West,3,1,1
0,6,18,3,3482.781,4 1,North,3,1,1
0,6,18,3,3483.769,4 1,East,3,1,1
0,6,18,2,3484.392,4 2,East,3,1,1
0,6,18,1,3485.015,4 2,North,3,1,1
0,6,18,3,3485.862,4 2,East,3,1,1
0,6,18,2,3486.422,4 3,East,3,1,1
0,6,18,2,3486.99,4 4,East,3,1,1
0,6,18,1,3487.513,4 4,North,3,1,1
0,6,18,2,3488.04,3 4,North,3,1,1
0,6,18,6,3488.42,3 4,North,3,2,1
0,6,18,1,3488.552,3 4,West,3,2,1
0,6,18,1,3489.385,3 4,South,3,2,1
0,6,18,2,3489.931,4 4,South,3,2,1
0,6,18,3,3490.468,4 4,West,3,2,1
0,6,18,2,3490.982,4 3,West,3,2,1
0,6,18,2,3491.546,4 2,West,3,2,1
0,6,18,6,3491.96,4 2,West,3,3,1
0,6,18,3,3492.474,4 2,North,3,3,1
0,6,18,3,3492.999,4 2,East,3,3,1
0,6,18,2,3493.545,4 3,East,3,3,1
0,6,18,2,3494.054,4 4,East,3,3,1
0,6,18,1,3494.958,4 4,North,3,3,1
0,6,18,2,3495.798,3 4,North,3,3,1
0,6,18,1,3496.615,3 4,West,3,3,1
0,6,18,2,3497.337,3 3,West,3,3,1
0,6,18,3,3498.137,3 3,North,3,3,1
0,6,18,2,3498.872,2 3,North,3,3,1
0,6,18,2,3499.787,1 3,North,3,3,1
0,6,18,6,3500.18,1 3,North,3,4,1
0,6,18,2,3500.445,0 3,North,3,4,1
0,6,18,3,3500.981,0 3,East,3,4,1
0,6,18,3,3501.595,0 3,South,3,4,1
0,6,18,3,3503.102,0 3,West,3,4,1
0,6,18,1,3503.668,0 3,South,3,4,1
0,6,18,2,3504.299,1 3,South,3,4,1
0,6,18,2,3504.82,2 3,South,3,4,1
0,6,18,2,3505.421,3 3,South,3,4,1
0,6,18,1,3505.946,3 3,East,3,4,1
0,6,18,2,3506.507,3 4,East,3,4,1
0,6,18,3,3507.05,3 4,South,3,4,1
0,6,18,2,3507.976,4 4,South,3,4,1
0,6,18,3,3508.502,4 4,West,3,4,1
0,6,18,2,3509.081,4 3,West,3,4,1
0,6,18,2,3509.689,4 2,West,3,4,1
0,6,18,3,3510.548,4 2,North,3,4,1
0,6,18,2,3511.368,3 2,North,3,4,1
0,6,18,1,3512.026,3 2,West,3,4,1
0,6,18,2,3512.646,3 1,West,3,4,1
0,6,18,6,3513.06,3 1,West,3,5,1
0,6,18,2,3514.965,3 0,West,3,5,1
0,6,18,3,3515.48,3 0,North,3,5,1
0,6,18,2,3516.198,2 0,North,3,5,1
0,6,18,2,3516.779,1 0,North,3,5,1
0,6,18,3,3517.308,1 0,East,3,5,1
0,6,18,2,3517.993,1 1,East,3,5,1
0,6,18,3,3518.952,1 1,South,3,5,1
0,6,18,2,3519.562,2 1,South,3,5,1
0,6,18,1,3520.165,2 1,East,3,5,1
0,6,18,2,3520.807,2 2,East,3,5,1
0,6,18,1,3521.414,2 2,North,3,5,1
0,6,18,2,3522.006,1 2,North,3,5,1
0,6,18,2,3522.536,0 2,North,3,5,1
0,6,18,1,3523.08,0 2,West,3,5,1
0,6,18,1,3523.918,0 2,South,3,5,1
0,6,18,2,3524.484,1 2,South,3,5,1
0,6,18,2,3525.005,2 2,South,3,5,1
0,6,18,3,3525.91,2 2,West,3,5,1
0,6,18,2,3526.428,2 1,West,3,5,1
0,6,18,3,3527.094,2 1,North,3,5,1
0,6,18,2,3527.722,1 1,North,3,5,1
0,6,18,1,3528.296,1 1,West,3,5,1
0,6,18,2,3528.87,1 0,West,3,5,1
0,6,18,1,3529.781,1 0,South,3,5,1
0,6,18,2,3530.313,2 0,South,3,5,1
0,6,18,2,3531.227,3 0,South,3,5,1
0,6,18,1,3531.893,3 0,East,3,5,1
0,6,18,2,3532.458,3 1,East,3,5,1
0,6,18,2,3533.128,3 2,East,3,5,1
0,6,18,3,3534.041,3 2,South,3,5,1
0,6,18,2,3534.586,4 2,South,3,5,1
0,6,18,1,3535.14,4 2,East,3,5,1
0,6,18,2,3535.719,4 3,East,3,5,1
0,6,18,6,3536.14,4 3,East,3,6,1
0,6,18,2,3536.342,4 4,East,3,6,1
0,6,18,1,3536.887,4 4,North,3,6,1
0,6,18,1,3537.497,4 4,West,3,6,1
0,6,18,2,3538.2,4 3,West,3,6,1
0,6,18,2,3538.764,4 2,West,3,6,1
0,6,18,3,3539.413,4 2,North,3,6,1
0,6,18,2,3540.052,3 2,North,3,6,1
0,6,18,1,3540.63,3 2,West,3,6,1
0,6,18,2,3541.221,3 1,West,3,6,1
0,6,18,2,3541.8,3 0,West,3,6,1
0,6,18,6,3542.22,3 0,West,3,7,1
0,6,18,3,3542.365,3 0,North,3,7,1
0,6,18,2,3543.067,2 0,North,3,7,1
0,6,18,3,3543.933,2 0,East,3,7,1
0,6,18,1,3545.463,2 0,North,3,7,1
0,6,18,2,3546.14,1 0,North,3,7,1
0,6,18,3,3546.968,1 0,East,3,7,1
0,6,18,2,3547.494,1 1,East,3,7,1
0,6,18,3,3548.14,1 1,South,3,7,1
0,6,18,2,3548.696,2 1,South,3,7,1
0,6,18,1,3549.224,2 1,East,3,7,1
0,6,18,2,3549.771,2 2,East,3,7,1
0,6,18,1,3550.292,2 2,North,3,7,1
0,6,18,2,3550.856,1 2,North,3,7,1
0,6,18,2,3551.45,0 2,North,3,7,1
0,6,18,1,3551.993,0 2,West,3,7,1
0,6,18,1,3552.508,0 2,South,3,7,1
0,6,18,2,3553.083,1 2,South,3,7,1
0,6,18,2,3553.706,2 2,South,3,7,1
0,6,18,3,3554.665,2 2,West,3,7,1
0,6,18,2,3555.207,2 1,West,3,7,1
0,6,18,3,3555.788,2 1,North,3,7,1
0,6,18,2,3556.316,1 1,North,3,7,1
0,6,18,1,3556.869,1 1,West,3,7,1
0,6,18,2,3557.497,1 0,West,3,7,1
0,6,18,1,3558.107,1 0,South,3,7,1
0,6,18,2,3558.645,2 0,South,3,7,1
0,6,18,2,3559.197,3 0,South,3,7,1
0,6,18,1,3559.771,3 0,East,3,7,1
0,6,18,2,3561.115,3 1,East,3,7,1
0,6,18,2,3561.755,3 2,East,3,7,1
0,6,18,3,3562.31,3 2,South,3,7,1
0,6,18,2,3562.852,4 2,South,3,7,1
0,6,18,3,3563.415,4 2,West,3,7,1
0,6,18,1,3563.995,4 2,South,3,7,1
0,6,18,1,3564.619,4 2,East,3,7,1
0,6,18,2,3565.182,4 3,East,3,7,1
0,6,18,2,3565.738,4 4,East,3,7,1
0,6,18,1,3566.318,4 4,North,3,7,1
0,6,18,2,3566.872,3 4,North,3,7,1
0,6,18,1,3567.436,3 4,West,3,7,1
0,6,18,2,3567.962,3 3,West,3,7,1
0,6,18,6,3568.38,3 3,West,3,8,1
2,6,18,2,3572.633,3 4,North,3,0,0
2,6,18,1,3573.255,3 4,West,3,0,0
2,6,18,2,3573.834,3 3,West,3,0,0
2,6,18,6,3574.26,3 3,West,3,1,0
2,6,18,3,3574.459,3 3,North,3,1,0
2,6,18,3,3575.206,3 3,East,3,1,0
2,6,18,2,3575.844,3 4,East,3,1,0
2,6,18,3,3576.811,3 4,South,3,1,0
2,6,18,2,3577.367,4 4,South,3,1,0
2,6,18,3,3577.912,4 4,West,3,1,0
2,6,18,2,3578.486,4 3,West,3,1,0
2,6,18,2,3579.012,4 2,West,3,1,0
2,6,18,3,3579.566,4 2,North,3,1,0
2,6,18,2,3580.085,3 2,North,3,1,0
2,6,18,1,3580.718,3 2,West,3,1,0
2,6,18,2,3581.258,3 1,West,3,1,0
2,6,18,2,3581.832,3 0,West,3,1,0
2,6,18,3,3582.39,3 0,North,3,1,0
2,6,18,2,3582.966,2 0,North,3,1,0
2,6,18,2,3583.575,1 0,North,3,1,0
2,6,18,3,3584.122,1 0,East,3,1,0
2,6,18,2,3584.694,1 1,East,3,1,0
2,6,18,3,3585.243,1 1,South,3,1,0
2,6,18,2,3585.771,2 1,South,3,1,0
2,6,18,1,3587.593,2 1,East,3,1,0
2,6,18,2,3588.196,2 2,East,3,1,0
2,6,18,1,3589.162,2 2,North,3,1,0
2,6,18,2,3589.853,1 2,North,3,1,0
2,6,18,2,3590.519,0 2,North,3,1,0
2,6,18,1,3591.206,0 2,West,3,1,0
2,6,18,2,3591.815,0 1,West,3,1,0
2,6,18,2,3592.426,0 0,West,3,1,0
2,6,18,6,3592.84,0 0,West,3,2,0
2,6,18,3,3593,0 0,North,3,2,0
2,6,18,3,3593.594,0 0,East,3,2,0
2,6,18,2,3594.169,0 1,East,3,2,0
2,6,18,2,3594.709,0 2,East,3,2,0
2,6,18,3,3595.257,0 2,South,3,2,0
2,6,18,2,3595.861,1 2,South,3,2,0
2,6,18,2,3597.527,2 2,South,3,2,0
2,6,18,3,3598.12,2 2,West,3,2,0
2,6,18,2,3598.682,2 1,West,3,2,0
2,6,18,3,3599.301,2 1,North,3,2,0
2,6,18,2,3599.862,1 1,North,3,2,0
2,6,18,1,3600.489,1 1,West,3,2,0
2,6,18,2,3601.094,1 0,West,3,2,0
2,6,18,1,3601.721,1 0,South,3,2,0
2,6,18,2,3602.296,2 0,South,3,2,0
2,6,18,2,3602.908,3 0,South,3,2,0
2,6,18,1,3603.56,3 0,East,3,2,0
2,6,18,2,3604.104,3 1,East,3,2,0
2,6,18,6,3604.52,3 1,East,3,3,0
2,6,18,2,3604.763,3 2,East,3,3,0
2,6,18,3,3605.462,3 2,South,3,3,0
2,6,18,2,3606.056,4 2,South,3,3,0
2,6,18,1,3606.644,4 2,East,3,3,0
2,6,18,2,3607.239,4 3,East,3,3,0
2,6,18,6,3607.64,4 3,East,3,4,0
2,6,18,2,3608.077,4 4,East,3,4,0
2,6,18,1,3608.709,4 4,North,3,4,0
2,6,18,2,3609.371,3 4,North,3,4,0
2,6,18,6,3609.76,3 4,North,3,5,0
2,6,18,1,3610.107,3 4,West,3,5,0
2,6,18,2,3610.665,3 3,West,3,5,0
2,6,18,3,3611.271,3 3,North,3,5,0
2,6,18,2,3611.931,2 3,North,3,5,0
2,6,18,2,3612.47,1 3,North,3,5,0
2,6,18,6,3612.86,1 3,North,3,6,0
2,6,18,3,3613.241,1 3,East,3,6,0
2,6,18,3,3613.805,1 3,South,3,6,0
2,6,18,2,3614.452,2 3,South,3,6,0
2,6,18,2,3614.985,3 3,South,3,6,0
2,6,18,1,3615.604,3 3,East,3,6,0
2,6,18,2,3616.149,3 4,East,3,6,0
2,6,18,3,3616.749,3 4,South,3,6,0
2,6,18,2,3617.353,4 4,South,3,6,0
2,6,18,3,3617.964,4 4,West,3,6,0
2,6,18,2,3619.34,4 3,West,3,6,0
2,6,18,2,3620.027,4 2,West,3,6,0
2,6,18,3,3620.807,4 2,North,3,6,0
2,6,18,2,3621.481,3 2,North,3,6,0
2,6,18,1,3622.124,3 2,West,3,6,0
2,6,18,2,3622.708,3 1,West,3,6,0
2,6,18,2,3623.254,3 0,West,3,6,0
2,6,18,3,3623.853,3 0,North,3,6,0
2,6,18,2,3624.389,2 0,North,3,6,0
2,6,18,2,3625.001,1 0,North,3,6,0
2,6,18,3,3625.598,1 0,East,3,6,0
2,6,18,2,3626.234,1 1,East,3,6,0
2,6,18,3,3626.84,1 1,South,3,6,0
2,6,18,2,3627.5,2 1,South,3,6,0
2,6,18,1,3628.105,2 1,East,3,6,0
2,6,18,2,3628.757,2 2,East,3,6,0
2,6,18,1,3629.335,2 2,North,3,6,0
2,6,18,2,3629.96,1 2,North,3,6,0
2,6,18,2,3630.569,0 2,North,3,6,0
2,6,18,1,3631.191,0 2,West,3,6,0
2,6,18,2,3631.765,0 1,West,3,6,0
2,6,18,6,3632.18,0 1,West,3,7,0
2,6,18,3,3632.439,0 1,North,3,7,0
2,6,18,3,3633.021,0 1,East,3,7,0
2,6,18,2,3633.668,0 2,East,3,7,0
2,6,18,3,3634.251,0 2,South,3,7,0
2,6,18,2,3634.845,1 2,South,3,7,0
2,6,18,2,3635.479,2 2,South,3,7,0
2,6,18,3,3636.103,2 2,West,3,7,0
2,6,18,2,3636.713,2 1,West,3,7,0
2,6,18,3,3637.286,2 1,North,3,7,0
2,6,18,2,3637.913,1 1,North,3,7,0
2,6,18,1,3638.523,1 1,West,3,7,0
2,6,18,2,3639.156,1 0,West,3,7,0
2,6,18,1,3639.972,1 0,South,3,7,0
2,6,18,2,3640.956,2 0,South,3,7,0
2,6,18,2,3641.607,3 0,South,3,7,0
2,6,18,1,3642.251,3 0,East,3,7,0
2,6,18,2,3642.891,3 1,East,3,7,0
2,6,18,2,3643.516,3 2,East,3,7,0
2,6,18,3,3644.058,3 2,South,3,7,0
2,6,18,2,3644.681,4 2,South,3,7,0
2,6,18,3,3645.291,4 2,West,3,7,0
2,6,18,2,3645.928,4 1,West,3,7,0
2,6,18,6,3646.34,4 1,West,3,8,0
