PhaseView,Run,Trial,Key,Time,Location,Direction,MazeType,Diamonds,WallBumped
0,3,7,1,718.3342,4 4,West,2,0,10
0,3,7,2,719.218,4 3,West,2,0,10
0,3,7,2,719.8228,4 2,West,2,0,10
0,3,7,3,720.353,4 2,North,2,0,10
0,3,7,2,721.0256,3 2,North,2,0,10
0,3,7,3,721.6316,3 2,East,2,0,10
0,3,7,2,722.2563,3 3,East,2,0,10
0,3,7,6,722.66,3 3,East,2,1,10
0,3,7,3,723.2455,3 3,South,2,1,10
0,3,7,3,723.9517,3 3,West,2,1,10
0,3,7,2,724.6386,3 2,West,2,1,10
0,3,7,1,725.4437,3 2,South,2,1,10
0,3,7,3,726.2852,3 2,West,2,1,10
0,3,7,2,727.07,3 1,West,2,1,10
0,3,7,3,727.9246,3 1,North,2,1,10
0,3,7,2,728.5299,2 1,North,2,1,10
0,3,7,2,729.201,1 1,North,2,1,10
0,3,7,1,729.7404,1 1,West,2,1,10
0,3,7,2,730.3357,1 0,West,2,1,10
0,3,7,1,730.8995,1 0,South,2,1,10
0,3,7,2,731.4452,2 0,South,2,1,10
0,3,7,2,732.0481,3 0,South,2,1,10
0,3,7,2,732.8177,4 0,South,2,1,10
0,3,7,1,733.8221,4 0,East,2,1,10
0,3,7,1,734.4957,4 0,North,2,1,10
0,3,7,2,735.1011,3 0,North,2,1,10
0,3,7,2,735.7136,2 0,North,2,1,10
0,3,7,2,736.3162,1 0,North,2,1,10
0,3,7,3,736.8455,1 0,East,2,1,10
0,3,7,2,737.4388,1 1,East,2,1,10
0,3,7,3,737.9996,1 1,South,2,1,10
0,3,7,2,738.5582,2 1,South,2,1,10
0,3,7,2,739.1559,3 1,South,2,1,10
0,3,7,1,739.6929,3 1,East,2,1,10
0,3,7,2,740.5616,3 2,East,2,1,10
0,3,7,3,741.1887,3 2,South,2,1,10
0,3,7,2,742.013,4 2,South,2,1,10
0,3,7,1,742.5253,4 2,East,2,1,10
0,3,7,2,743.0526,4 3,East,2,1,10
0,3,7,2,743.6674,4 4,East,2,1,10
0,3,7,1,744.2679,4 4,North,2,1,10
0,3,7,2,744.8518,3 4,North,2,1,10
0,3,7,2,745.4545,2 4,North,2,1,10
0,3,7,6,745.84,2 4,North,2,2,10
0,3,7,2,746.1089,1 4,North,2,2,10
0,3,7,1,746.672,1 4,West,2,2,10
0,3,7,3,747.7562,1 4,North,2,2,10
0,3,7,2,748.3715,0 4,North,2,2,10
0,3,7,1,749.2799,0 4,West,2,2,10
0,3,7,1,750.0767,0 4,South,2,2,10
0,3,7,2,750.8326,1 4,South,2,2,10
0,3,7,3,751.5197,1 4,West,2,2,10
0,3,7,2,752.077,1 3,West,2,2,10
0,3,7,1,752.7403,1 3,South,2,2,10
0,3,7,2,753.28,2 3,South,2,2,10
0,3,7,3,753.9028,2 3,West,2,2,10
0,3,7,2,754.5652,2 2,West,2,2,10
0,3,7,3,755.1172,2 2,North,2,2,10
0,3,7,2,755.6281,1 2,North,2,2,10
0,3,7,2,756.1742,0 2,North,2,2,10
0,3,7,1,756.7498,0 2,West,2,2,10
0,3,7,2,757.3251,0 1,West,2,2,10
0,3,7,2,758.6219,0 0,West,2,2,10
0,3,7,3,759.8389,0 0,North,2,2,10
0,3,7,3,760.544,0 0,East,2,2,10
0,3,7,2,761.1844,0 1,East,2,2,10
0,3,7,2,761.8079,0 2,East,2,2,10
0,3,7,3,762.348,0 2,South,2,2,10
0,3,7,2,762.9625,1 2,South,2,2,10
0,3,7,2,763.5038,2 2,South,2,2,10
0,3,7,1,764.0532,2 2,East,2,2,10
0,3,7,2,764.6682,2 3,East,2,2,10
0,3,7,1,765.5554,2 3,North,2,2,10
0,3,7,2,766.1571,1 3,North,2,2,10
0,3,7,3,766.7325,1 3,East,2,2,10
0,3,7,2,767.3274,1 4,East,2,2,10
0,3,7,3,768.1798,1 4,South,2,2,10
0,3,7,2,768.8317,2 4,South,2,2,10
0,3,7,2,769.3897,3 4,South,2,2,10
0,3,7,2,770.1785,4 4,South,2,2,10
0,3,7,3,771.0576,4 4,West,2,2,10
0,3,7,2,771.6969,4 3,West,2,2,10
0,3,7,2,772.2534,4 2,West,2,2,10
0,3,7,3,772.8187,4 2,North,2,2,10
0,3,7,2,773.3597,3 2,North,2,2,10
0,3,7,3,774.3368,3 2,East,2,2,10
0,3,7,1,775.1348,3 2,North,2,2,10
0,3,7,1,775.7437,3 2,West,2,2,10
0,3,7,2,776.3184,3 1,West,2,2,10
0,3,7,3,776.8851,3 1,North,2,2,10
0,3,7,2,777.5826,2 1,North,2,2,10
0,3,7,2,778.1897,1 1,North,2,2,10
0,3,7,1,778.7073,1 1,West,2,2,10
0,3,7,2,779.2339,1 0,West,2,2,10
0,3,7,1,779.8527,1 0,South,2,2,10
0,3,7,2,780.4974,2 0,South,2,2,10
0,3,7,2,781.0601,3 0,South,2,2,10
0,3,7,6,781.44,3 0,South,2,3,10
0,3,7,2,782.1769,4 0,South,2,3,10
0,3,7,1,782.9566,4 0,East,2,3,10
0,3,7,1,783.5963,4 0,North,2,3,10
0,3,7,2,784.5268,3 0,North,2,3,10
0,3,7,2,785.1337,2 0,North,2,3,10
0,3,7,2,786.0154,1 0,North,2,3,10
0,3,7,3,786.5432,1 0,East,2,3,10
0,3,7,2,787.3588,1 1,East,2,3,10
0,3,7,3,787.8918,1 1,South,2,3,10
0,3,7,2,788.4676,2 1,South,2,3,10
0,3,7,2,789.1554,3 1,South,2,3,10
0,3,7,1,789.7943,3 1,East,2,3,10
0,3,7,2,790.3676,3 2,East,2,3,10
0,3,7,3,790.9914,3 2,South,2,3,10
0,3,7,2,791.6517,4 2,South,2,3,10
0,3,7,1,792.229,4 2,East,2,3,10
0,3,7,2,793.1567,4 3,East,2,3,10
0,3,7,2,793.728,4 4,East,2,3,10
0,3,7,1,794.2929,4 4,North,2,3,10
0,3,7,2,794.8657,3 4,North,2,3,10
0,3,7,2,795.5053,2 4,North,2,3,10
0,3,7,2,796.0978,1 4,North,2,3,10
0,3,7,1,796.7537,1 4,West,2,3,10
0,3,7,2,797.6164,1 3,West,2,3,10
0,3,7,1,798.3237,1 3,South,2,3,10
0,3,7,2,798.8351,2 3,South,2,3,10
0,3,7,3,799.3813,2 3,West,2,3,10
0,3,7,2,800.3871,2 2,West,2,3,10
0,3,7,6,800.8,2 2,West,2,4,10
0,3,7,3,801.0698,2 2,North,2,4,10
0,3,7,2,801.924,1 2,North,2,4,10
0,3,7,2,802.5082,0 2,North,2,4,10
0,3,7,1,803.0915,0 2,West,2,4,10
0,3,7,1,804.2219,0 2,South,2,4,10
0,3,7,2,804.8829,1 2,South,2,4,10
0,3,7,2,805.4054,2 2,South,2,4,10
0,3,7,1,806.2693,2 2,East,2,4,10
0,3,7,2,806.9293,2 3,East,2,4,10
0,3,7,1,807.4874,2 3,North,2,4,10
0,3,7,2,808.0443,1 3,North,2,4,10
0,3,7,3,808.6266,1 3,East,2,4,10
0,3,7,2,809.1976,1 4,East,2,4,10
0,3,7,1,809.7139,1 4,North,2,4,10
0,3,7,2,810.2884,0 4,North,2,4,10
0,3,7,1,810.8967,0 4,West,2,4,10
0,3,7,1,811.5081,0 4,South,2,4,10
0,3,7,2,812.178,1 4,South,2,4,10
0,3,7,2,812.8672,2 4,South,2,4,10
0,3,7,2,813.5203,3 4,South,2,4,10
0,3,7,6,813.9,3 4,South,2,5,10
0,3,7,2,814.2778,4 4,South,2,5,10
0,3,7,3,814.8517,4 4,West,2,5,10
0,3,7,2,815.4442,4 3,West,2,5,10
0,3,7,2,816.046,4 2,West,2,5,10
0,3,7,3,816.7488,4 2,North,2,5,10
0,3,7,2,817.2985,3 2,North,2,5,10
0,3,7,3,817.9803,3 2,East,2,5,10
0,3,7,1,818.5751,3 2,North,2,5,10
0,3,7,1,819.0875,3 2,West,2,5,10
0,3,7,2,819.9339,3 1,West,2,5,10
0,3,7,3,820.6057,3 1,North,2,5,10
0,3,7,2,821.1833,2 1,North,2,5,10
0,3,7,2,821.7729,1 1,North,2,5,10
0,3,7,1,822.2924,1 1,West,2,5,10
0,3,7,2,822.8938,1 0,West,2,5,10
0,3,7,1,823.4694,1 0,South,2,5,10
0,3,7,2,824.0132,2 0,South,2,5,10
0,3,7,2,824.59,3 0,South,2,5,10
0,3,7,2,825.2021,4 0,South,2,5,10
0,3,7,1,825.7631,4 0,East,2,5,10
0,3,7,1,826.388,4 0,North,2,5,10
0,3,7,2,827.2778,3 0,North,2,5,10
0,3,7,2,828.002,2 0,North,2,5,10
0,3,7,2,828.6366,1 0,North,2,5,10
0,3,7,3,829.2673,1 0,East,2,5,10
0,3,7,2,830.0491,1 1,East,2,5,10
0,3,7,3,830.6364,1 1,South,2,5,10
0,3,7,2,831.2139,2 1,South,2,5,10
0,3,7,2,831.778,3 1,South,2,5,10
0,3,7,1,832.5971,3 1,East,2,5,10
0,3,7,2,833.745,3 2,East,2,5,10
0,3,7,3,834.6447,3 2,South,2,5,10
0,3,7,2,835.2473,4 2,South,2,5,10
0,3,7,1,836.1165,4 2,East,2,5,10
0,3,7,2,836.8461,4 3,East,2,5,10
0,3,7,2,837.3735,4 4,East,2,5,10
0,3,7,1,837.8915,4 4,North,2,5,10
0,3,7,2,838.6573,3 4,North,2,5,10
0,3,7,2,839.2635,2 4,North,2,5,10
0,3,7,2,839.7897,1 4,North,2,5,10
0,3,7,1,840.3029,1 4,West,2,5,10
0,3,7,2,841.1237,1 3,West,2,5,10
0,3,7,1,841.6651,1 3,South,2,5,10
0,3,7,2,842.1916,2 3,South,2,5,10
0,3,7,6,842.56,2 3,South,2,6,10
0,3,7,3,842.8032,2 3,West,2,6,10
0,3,7,3,843.5208,2 3,North,2,6,10
0,3,7,2,844.3535,1 3,North,2,6,10
0,3,7,3,844.9431,1 3,East,2,6,10
0,3,7,2,845.5551,1 4,East,2,6,10
0,3,7,1,846.4677,1 4,North,2,6,10
0,3,7,2,847.0766,0 4,North,2,6,10
0,3,7,1,847.6607,0 4,West,2,6,10
0,3,7,1,848.3882,0 4,South,2,6,10
0,3,7,2,848.9916,1 4,South,2,6,10
0,3,7,2,849.5092,2 4,South,2,6,10
0,3,7,2,850.3686,3 4,South,2,6,10
0,3,7,2,851.0364,4 4,South,2,6,10
0,3,7,3,851.5817,4 4,West,2,6,10
0,3,7,2,852.1785,4 3,West,2,6,10
0,3,7,2,852.7816,4 2,West,2,6,10
0,3,7,3,853.3451,4 2,North,2,6,10
0,3,7,2,853.9377,3 2,North,2,6,10
0,3,7,1,854.6097,3 2,West,2,6,10
0,3,7,2,855.2501,3 1,West,2,6,10
0,3,7,3,855.7619,3 1,North,2,6,10
0,3,7,2,856.4337,2 1,North,2,6,10
0,3,7,2,857.0229,1 1,North,2,6,10
0,3,7,1,857.5724,1 1,West,2,6,10
0,3,7,2,858.1124,1 0,West,2,6,10
0,3,7,1,858.6754,1 0,South,2,6,10
0,3,7,2,859.2445,2 0,South,2,6,10
0,3,7,2,859.8381,3 0,South,2,6,10
0,3,7,2,860.4044,4 0,South,2,6,10
0,3,7,1,860.9313,4 0,East,2,6,10
0,3,7,1,861.7438,4 0,North,2,6,10
0,3,7,2,862.3229,3 0,North,2,6,10
0,3,7,2,862.9084,2 0,North,2,6,10
0,3,7,2,863.52,1 0,North,2,6,10
0,3,7,3,864.1816,1 0,East,2,6,10
0,3,7,2,864.7675,1 1,East,2,6,10
0,3,7,3,865.3453,1 1,South,2,6,10
0,3,7,2,865.9236,2 1,South,2,6,10
0,3,7,2,866.4976,3 1,South,2,6,10
0,3,7,1,867.1481,3 1,East,2,6,10
0,3,7,2,868.226,3 2,East,2,6,10
0,3,7,3,868.8483,3 2,South,2,6,10
0,3,7,2,869.7482,4 2,South,2,6,10
0,3,7,1,870.3513,4 2,East,2,6,10
0,3,7,2,870.8799,4 3,East,2,6,10
0,3,7,2,871.4529,4 4,East,2,6,10
0,3,7,1,871.9984,4 4,North,2,6,10
0,3,7,2,872.5256,3 4,North,2,6,10
0,3,7,2,873.0458,2 4,North,2,6,10
0,3,7,2,873.7326,1 4,North,2,6,10
0,3,7,1,874.388,1 4,West,2,6,10
0,3,7,2,875.2451,1 3,West,2,6,10
0,3,7,1,875.8138,1 3,South,2,6,10
0,3,7,2,876.3884,2 3,South,2,6,10
0,3,7,3,876.9461,2 3,West,2,6,10
0,3,7,2,877.6824,2 2,West,2,6,10
0,3,7,3,878.5166,2 2,North,2,6,10
0,3,7,2,879.091,1 2,North,2,6,10
0,3,7,2,879.7145,0 2,North,2,6,10
0,3,7,1,880.289,0 2,West,2,6,10
0,3,7,2,880.9912,0 1,West,2,6,10
0,3,7,2,881.5483,0 0,West,2,6,10
0,3,7,6,881.96,0 0,West,2,7,10
0,3,7,1,882.5112,0 0,South,2,7,10
0,3,7,1,883.058,0 0,East,2,7,10
0,3,7,2,883.6533,0 1,East,2,7,10
0,3,7,2,884.3682,0 2,East,2,7,10
0,3,7,3,884.9247,0 2,South,2,7,10
0,3,7,2,885.4727,1 2,South,2,7,10
0,3,7,2,886.2762,2 2,South,2,7,10
0,3,7,1,886.8531,2 2,East,2,7,10
0,3,7,2,887.4589,2 3,East,2,7,10
0,3,7,1,888.0322,2 3,North,2,7,10
0,3,7,2,888.5597,1 3,North,2,7,10
0,3,7,3,889.2338,1 3,East,2,7,10
0,3,7,2,889.7619,1 4,East,2,7,10
0,3,7,1,890.3256,1 4,North,2,7,10
0,3,7,2,891.0266,0 4,North,2,7,10
0,3,7,1,891.5973,0 4,West,2,7,10
0,3,7,1,892.2854,0 4,South,2,7,10
0,3,7,2,892.8643,1 4,South,2,7,10
0,3,7,2,893.426,2 4,South,2,7,10
0,3,7,2,894.4451,3 4,South,2,7,10
0,3,7,2,895.293,4 4,South,2,7,10
0,3,7,3,895.8273,4 4,West,2,7,10
0,3,7,2,896.4174,4 3,West,2,7,10
0,3,7,2,896.9725,4 2,West,2,7,10
0,3,7,3,897.5064,4 2,North,2,7,10
0,3,7,2,898.0807,3 2,North,2,7,10
0,3,7,1,898.7404,3 2,West,2,7,10
0,3,7,2,899.3143,3 1,West,2,7,10
0,3,7,3,899.8536,3 1,North,2,7,10
0,3,7,2,900.4196,2 1,North,2,7,10
0,3,7,2,900.9569,1 1,North,2,7,10
0,3,7,1,901.9073,1 1,West,2,7,10
0,3,7,2,902.7365,1 0,West,2,7,10
0,3,7,1,903.311,1 0,South,2,7,10
0,3,7,2,903.8267,2 0,South,2,7,10
0,3,7,6,904.2,2 0,South,2,8,10
2,3,7,2,907.1566,3 4,North,2,0,0
2,3,7,2,907.7431,2 4,North,2,0,0
2,3,7,6,908.12,2 4,North,2,1,0
2,3,7,1,908.4503,2 4,West,2,1,0
2,3,7,1,909.1054,2 4,South,2,1,0
2,3,7,2,909.6769,3 4,South,2,1,0
2,3,7,2,910.3799,4 4,South,2,1,0
2,3,7,3,910.9911,4 4,West,2,1,0
2,3,7,2,912.6539,4 3,West,2,1,0
2,3,7,3,913.1813,4 3,North,2,1,0
2,3,7,2,913.8887,4 3,North,2,1,1
2,3,7,3,914.3214,4 3,East,2,1,1
2,3,7,2,914.8611,4 4,East,2,1,1
2,3,7,1,915.4548,4 4,North,2,1,1
2,3,7,2,916.3099,3 4,North,2,1,1
2,3,7,1,916.8344,3 4,West,2,1,1
2,3,7,2,917.4216,3 4,West,2,1,2
2,3,7,1,917.8226,3 4,South,2,1,2
2,3,7,2,918.3726,4 4,South,2,1,2
2,3,7,3,918.9563,4 4,West,2,1,2
2,3,7,2,919.485,4 3,West,2,1,2
2,3,7,2,920.0771,4 2,West,2,1,2
2,3,7,3,920.7213,4 2,North,2,1,2
2,3,7,2,921.2997,3 2,North,2,1,2
2,3,7,3,921.9039,3 2,East,2,1,2
2,3,7,2,922.462,3 3,East,2,1,2
2,3,7,6,922.88,3 3,East,2,2,2
2,3,7,1,923.1709,3 3,North,2,2,2
2,3,7,1,923.8093,3 3,West,2,2,2
2,3,7,2,924.4337,3 2,West,2,2,2
2,3,7,2,927.9544,3 1,West,2,2,2
2,3,7,3,928.5487,3 1,North,2,2,2
2,3,7,2,929.084,2 1,North,2,2,2
2,3,7,1,929.6763,2 1,West,2,2,2
2,3,7,2,930.4508,2 1,West,2,2,3
2,3,7,3,930.9896,2 1,North,2,2,3
2,3,7,2,931.6132,1 1,North,2,2,3
2,3,7,1,932.3248,1 1,West,2,2,3
2,3,7,2,932.9584,1 0,West,2,2,3
2,3,7,1,933.6287,1 0,South,2,2,3
2,3,7,2,934.2452,2 0,South,2,2,3
2,3,7,6,934.62,2 0,South,2,3,3
2,3,7,3,934.9767,2 0,West,2,3,3
2,3,7,3,935.6008,2 0,North,2,3,3
2,3,7,2,936.3234,1 0,North,2,3,3
2,3,7,3,936.866,1 0,East,2,3,3
2,3,7,2,937.5346,1 1,East,2,3,3
2,3,7,3,938.1623,1 1,South,2,3,3
2,3,7,2,938.769,2 1,South,2,3,3
2,3,7,1,939.392,2 1,East,2,3,3
2,3,7,2,939.9827,2 1,East,2,3,4
2,3,7,3,940.4604,2 1,South,2,3,4
2,3,7,2,940.9764,3 1,South,2,3,4
2,3,7,1,941.5333,3 1,East,2,3,4
2,3,7,2,942.0806,3 2,East,2,3,4
2,3,7,2,942.9015,3 3,East,2,3,4
2,3,7,3,943.4568,3 3,South,2,3,4
2,3,7,3,944.2853,3 3,West,2,3,4
2,3,7,2,944.8472,3 2,West,2,3,4
2,3,7,1,945.3909,3 2,South,2,3,4
2,3,7,2,945.923,4 2,South,2,3,4
2,3,7,1,946.8053,4 2,East,2,3,4
2,3,7,2,947.3742,4 3,East,2,3,4
2,3,7,2,947.9534,4 4,East,2,3,4
2,3,7,1,948.5594,4 4,North,2,3,4
2,3,7,2,949.1573,3 4,North,2,3,4
2,3,7,2,949.7335,2 4,North,2,3,4
2,3,7,2,950.51,1 4,North,2,3,4
2,3,7,1,951.1091,1 4,West,2,3,4
2,3,7,2,951.7477,1 3,West,2,3,4
2,3,7,2,952.4012,1 3,West,2,3,5
2,3,7,1,952.8513,1 3,South,2,3,5
2,3,7,2,953.4697,2 3,South,2,3,5
2,3,7,3,954.165,2 3,West,2,3,5
2,3,7,2,954.8283,2 2,West,2,3,5
2,3,7,3,955.4553,2 2,North,2,3,5
2,3,7,2,956.0369,1 2,North,2,3,5
2,3,7,6,956.42,1 2,North,2,4,5
2,3,7,1,956.9573,1 2,West,2,4,5
2,3,7,1,957.6149,1 2,South,2,4,5
2,3,7,2,958.3021,2 2,South,2,4,5
2,3,7,1,958.832,2 2,East,2,4,5
2,3,7,2,959.7296,2 3,East,2,4,5
2,3,7,6,960.14,2 3,East,2,5,5
2,3,7,1,960.2893,2 3,North,2,5,5
2,3,7,2,960.8173,1 3,North,2,5,5
2,3,7,3,961.5825,1 3,East,2,5,5
2,3,7,2,962.1318,1 4,East,2,5,5
2,3,7,1,963.1046,1 4,North,2,5,5
2,3,7,2,963.6931,0 4,North,2,5,5
2,3,7,6,964.08,0 4,North,2,6,5
2,3,7,1,964.4059,0 4,West,2,6,5
2,3,7,1,965.1223,0 4,South,2,6,5
2,3,7,2,965.7255,1 4,South,2,6,5
2,3,7,2,966.37,2 4,South,2,6,5
2,3,7,2,966.9615,3 4,South,2,6,5
2,3,7,2,967.5898,4 4,South,2,6,5
2,3,7,3,968.3038,4 4,West,2,6,5
2,3,7,2,968.9288,4 3,West,2,6,5
2,3,7,2,969.5726,4 2,West,2,6,5
2,3,7,3,970.197,4 2,North,2,6,5
2,3,7,2,971.052,3 2,North,2,6,5
2,3,7,6,971.44,3 2,North,2,7,5
2,3,7,1,971.9667,3 2,West,2,7,5
2,3,7,1,972.5292,3 2,South,2,7,5
2,3,7,2,973.0543,4 2,South,2,7,5
2,3,7,3,973.9799,4 2,West,2,7,5
2,3,7,3,974.8473,4 2,North,2,7,5
2,3,7,2,975.4852,3 2,North,2,7,5
2,3,7,1,976.1105,3 2,West,2,7,5
2,3,7,2,976.7485,3 1,West,2,7,5
2,3,7,3,977.3432,3 1,North,2,7,5
2,3,7,2,977.9075,2 1,North,2,7,5
2,3,7,1,978.5745,2 1,West,2,7,5
2,3,7,2,979.4085,2 1,West,2,7,6
2,3,7,1,979.8418,2 1,South,2,7,6
2,3,7,3,981.1058,2 1,West,2,7,6
2,3,7,3,981.9492,2 1,North,2,7,6
2,3,7,2,982.637,1 1,North,2,7,6
2,3,7,1,983.4705,1 1,West,2,7,6
2,3,7,2,984.1083,1 0,West,2,7,6
2,3,7,1,984.7686,1 0,South,2,7,6
2,3,7,2,985.508,2 0,South,2,7,6
2,3,7,2,986.2208,3 0,South,2,7,6
2,3,7,2,986.9325,4 0,South,2,7,6
2,3,7,1,987.8745,4 0,East,2,7,6
2,3,7,2,988.5475,4 1,East,2,7,6
2,3,7,6,988.96,4 1,East,2,8,6
0,3,8,1,991.9995,4 4,West,2,0,6
0,3,8,2,992.5774,4 3,West,2,0,6
0,3,8,2,993.173,4 2,West,2,0,6
0,3,8,3,993.6849,4 2,North,2,0,6
0,3,8,2,994.6596,3 2,North,2,0,6
0,3,8,1,995.2455,3 2,West,2,0,6
0,3,8,2,995.7768,3 1,West,2,0,6
0,3,8,6,996.18,3 1,West,2,1,6
0,3,8,3,996.3685,3 1,North,2,1,6
0,3,8,2,997.1066,2 1,North,2,1,6
0,3,8,2,997.7616,1 1,North,2,1,6
0,3,8,1,998.5319,1 1,West,2,1,6
0,3,8,2,999.2293,1 0,West,2,1,6
0,3,8,1,999.8051,1 0,South,2,1,6
0,3,8,2,1000.352,2 0,South,2,1,6
0,3,8,1,1001.566,2 0,East,2,1,6
0,3,8,1,1002.149,2 0,North,2,1,6
0,3,8,2,1002.813,1 0,North,2,1,6
0,3,8,3,1003.444,1 0,East,2,1,6
0,3,8,2,1004.078,1 1,East,2,1,6
0,3,8,3,1004.946,1 1,South,2,1,6
0,3,8,2,1005.763,2 1,South,2,1,6
0,3,8,2,1006.385,3 1,South,2,1,6
0,3,8,1,1006.977,3 1,East,2,1,6
0,3,8,2,1007.518,3 2,East,2,1,6
0,3,8,3,1008.115,3 2,South,2,1,6
0,3,8,2,1008.815,4 2,South,2,1,6
0,3,8,1,1009.68,4 2,East,2,1,6
0,3,8,2,1010.34,4 3,East,2,1,6
0,3,8,2,1011.027,4 4,East,2,1,6
0,3,8,1,1011.744,4 4,North,2,1,6
0,3,8,2,1012.35,3 4,North,2,1,6
0,3,8,2,1012.974,2 4,North,2,1,6
0,3,8,2,1013.558,1 4,North,2,1,6
0,3,8,1,1014.244,1 4,West,2,1,6
0,3,8,2,1015.005,1 3,West,2,1,6
0,3,8,1,1015.554,1 3,South,2,1,6
0,3,8,2,1016.126,2 3,South,2,1,6
0,3,8,3,1016.706,2 3,West,2,1,6
0,3,8,3,1017.518,2 3,North,2,1,6
0,3,8,1,1018.117,2 3,West,2,1,6
0,3,8,2,1018.782,2 2,West,2,1,6
0,3,8,3,1019.316,2 2,North,2,1,6
0,3,8,2,1019.989,1 2,North,2,1,6
0,3,8,6,1020.38,1 2,North,2,2,6
0,3,8,2,1021.185,0 2,North,2,2,6
0,3,8,1,1021.796,0 2,West,2,2,6
0,3,8,2,1022.467,0 1,West,2,2,6
0,3,8,1,1023.06,0 1,South,2,2,6
0,3,8,1,1023.644,0 1,East,2,2,6
0,3,8,2,1024.228,0 2,East,2,2,6
0,3,8,3,1024.805,0 2,South,2,2,6
0,3,8,2,1025.39,1 2,South,2,2,6
0,3,8,2,1026.004,2 2,South,2,2,6
0,3,8,1,1026.543,2 2,East,2,2,6
0,3,8,2,1027.214,2 3,East,2,2,6
0,3,8,1,1027.79,2 3,North,2,2,6
0,3,8,2,1028.404,1 3,North,2,2,6
0,3,8,3,1028.977,1 3,East,2,2,6
0,3,8,2,1029.54,1 4,East,2,2,6
0,3,8,1,1030.068,1 4,North,2,2,6
0,3,8,2,1030.622,0 4,North,2,2,6
0,3,8,1,1031.551,0 4,West,2,2,6
0,3,8,1,1032.096,0 4,South,2,2,6
0,3,8,2,1032.692,1 4,South,2,2,6
0,3,8,2,1033.485,2 4,South,2,2,6
0,3,8,2,1034.306,3 4,South,2,2,6
0,3,8,2,1034.861,4 4,South,2,2,6
0,3,8,3,1035.409,4 4,West,2,2,6
0,3,8,3,1035.954,4 4,North,2,2,6
0,3,8,1,1036.766,4 4,West,2,2,6
0,3,8,2,1037.438,4 3,West,2,2,6
0,3,8,2,1038.003,4 2,West,2,2,6
0,3,8,3,1038.614,4 2,North,2,2,6
0,3,8,2,1039.216,3 2,North,2,2,6
0,3,8,3,1039.746,3 2,East,2,2,6
0,3,8,1,1040.292,3 2,North,2,2,6
0,3,8,1,1041.149,3 2,West,2,2,6
0,3,8,2,1041.78,3 1,West,2,2,6
0,3,8,3,1042.349,3 1,North,2,2,6
0,3,8,2,1043.026,2 1,North,2,2,6
0,3,8,2,1043.62,1 1,North,2,2,6
0,3,8,1,1044.453,1 1,West,2,2,6
0,3,8,2,1045.008,1 0,West,2,2,6
0,3,8,1,1045.583,1 0,South,2,2,6
0,3,8,2,1046.117,2 0,South,2,2,6
0,3,8,2,1046.768,3 0,South,2,2,6
0,3,8,2,1047.292,4 0,South,2,2,6
0,3,8,1,1047.903,4 0,East,2,2,6
0,3,8,2,1048.449,4 1,East,2,2,6
0,3,8,6,1048.86,4 1,East,2,3,6
0,3,8,1,1049.011,4 1,North,2,3,6
0,3,8,1,1049.748,4 1,West,2,3,6
0,3,8,2,1050.37,4 0,West,2,3,6
0,3,8,3,1051.038,4 0,North,2,3,6
0,3,8,2,1051.677,3 0,North,2,3,6
0,3,8,2,1052.31,2 0,North,2,3,6
0,3,8,2,1052.932,1 0,North,2,3,6
0,3,8,3,1054.414,1 0,East,2,3,6
0,3,8,3,1055.104,1 0,South,2,3,6
0,3,8,1,1055.984,1 0,East,2,3,6
0,3,8,2,1056.693,1 1,East,2,3,6
0,3,8,3,1057.348,1 1,South,2,3,6
0,3,8,2,1058.039,2 1,South,2,3,6
0,3,8,2,1058.672,3 1,South,2,3,6
0,3,8,1,1059.267,3 1,East,2,3,6
0,3,8,2,1059.824,3 2,East,2,3,6
0,3,8,3,1060.367,3 2,South,2,3,6
0,3,8,2,1060.917,4 2,South,2,3,6
0,3,8,1,1061.617,4 2,East,2,3,6
0,3,8,2,1062.446,4 3,East,2,3,6
0,3,8,2,1063.013,4 4,East,2,3,6
0,3,8,1,1063.538,4 4,North,2,3,6
0,3,8,2,1064.292,3 4,North,2,3,6
0,3,8,2,1065.022,2 4,North,2,3,6
0,3,8,2,1065.919,1 4,North,2,3,6
0,3,8,1,1066.577,1 4,West,2,3,6
0,3,8,2,1067.135,1 3,West,2,3,6
0,3,8,6,1067.54,1 3,West,2,4,6
0,3,8,1,1067.886,1 3,South,2,4,6
0,3,8,2,1068.527,2 3,South,2,4,6
0,3,8,3,1069.215,2 3,West,2,4,6
0,3,8,3,1069.907,2 3,North,2,4,6
0,3,8,2,1070.72,1 3,North,2,4,6
0,3,8,1,1071.537,1 3,West,2,4,6
0,3,8,1,1072.161,1 3,South,2,4,6
0,3,8,2,1072.736,2 3,South,2,4,6
0,3,8,3,1073.335,2 3,West,2,4,6
0,3,8,2,1073.953,2 2,West,2,4,6
0,3,8,3,1074.477,2 2,North,2,4,6
0,3,8,2,1075.004,1 2,North,2,4,6
0,3,8,2,1075.628,0 2,North,2,4,6
0,3,8,6,1076,0 2,North,2,5,6
0,3,8,1,1076.16,0 2,West,2,5,6
0,3,8,1,1077.093,0 2,South,2,5,6
0,3,8,2,1077.632,1 2,South,2,5,6
0,3,8,2,1078.278,2 2,South,2,5,6
0,3,8,1,1078.83,2 2,East,2,5,6
0,3,8,2,1079.397,2 3,East,2,5,6
0,3,8,1,1079.907,2 3,North,2,5,6
0,3,8,2,1080.798,1 3,North,2,5,6
0,3,8,3,1081.347,1 3,East,2,5,6
0,3,8,2,1081.901,1 4,East,2,5,6
0,3,8,1,1082.419,1 4,North,2,5,6
0,3,8,2,1083.183,0 4,North,2,5,6
0,3,8,1,1083.748,0 4,West,2,5,6
0,3,8,1,1084.303,0 4,South,2,5,6
0,3,8,2,1085.04,1 4,South,2,5,6
0,3,8,2,1085.572,2 4,South,2,5,6
0,3,8,2,1086.546,3 4,South,2,5,6
0,3,8,2,1087.187,4 4,South,2,5,6
0,3,8,3,1087.856,4 4,West,2,5,6
0,3,8,2,1088.498,4 3,West,2,5,6
0,3,8,2,1089.011,4 2,West,2,5,6
0,3,8,3,1089.812,4 2,North,2,5,6
0,3,8,2,1090.402,3 2,North,2,5,6
0,3,8,1,1091.138,3 2,West,2,5,6
0,3,8,2,1091.857,3 1,West,2,5,6
0,3,8,3,1092.416,3 1,North,2,5,6
0,3,8,2,1093.091,2 1,North,2,5,6
0,3,8,2,1093.697,1 1,North,2,5,6
0,3,8,1,1094.274,1 1,West,2,5,6
0,3,8,2,1094.832,1 0,West,2,5,6
0,3,8,1,1095.379,1 0,South,2,5,6
0,3,8,2,1095.887,2 0,South,2,5,6
0,3,8,2,1096.481,3 0,South,2,5,6
0,3,8,2,1097.053,4 0,South,2,5,6
0,3,8,6,1097.44,4 0,South,2,6,6
0,3,8,1,1097.633,4 0,East,2,6,6
0,3,8,1,1098.256,4 0,North,2,6,6
0,3,8,2,1098.8,3 0,North,2,6,6
0,3,8,2,1099.453,2 0,North,2,6,6
0,3,8,2,1100,1 0,North,2,6,6
0,3,8,3,1100.513,1 0,East,2,6,6
0,3,8,2,1101.155,1 1,East,2,6,6
0,3,8,3,1101.765,1 1,South,2,6,6
0,3,8,2,1102.435,2 1,South,2,6,6
0,3,8,2,1103.01,3 1,South,2,6,6
0,3,8,1,1103.568,3 1,East,2,6,6
0,3,8,2,1104.223,3 2,East,2,6,6
0,3,8,3,1104.755,3 2,South,2,6,6
0,3,8,2,1105.396,4 2,South,2,6,6
0,3,8,1,1106.051,4 2,East,2,6,6
0,3,8,2,1106.655,4 3,East,2,6,6
0,3,8,2,1107.286,4 4,East,2,6,6
0,3,8,1,1107.905,4 4,North,2,6,6
0,3,8,2,1108.493,3 4,North,2,6,6
0,3,8,2,1109.125,2 4,North,2,6,6
0,3,8,2,1109.807,1 4,North,2,6,6
0,3,8,1,1110.381,1 4,West,2,6,6
0,3,8,2,1111.231,1 3,West,2,6,6
0,3,8,1,1111.808,1 3,South,2,6,6
0,3,8,2,1112.357,2 3,South,2,6,6
0,3,8,3,1112.942,2 3,West,2,6,6
0,3,8,3,1113.634,2 3,North,2,6,6
0,3,8,1,1114.643,2 3,West,2,6,6
0,3,8,2,1115.268,2 2,West,2,6,6
0,3,8,3,1115.827,2 2,North,2,6,6
0,3,8,2,1116.384,1 2,North,2,6,6
0,3,8,2,1116.942,0 2,North,2,6,6
0,3,8,1,1117.477,0 2,West,2,6,6
0,3,8,2,1118.148,0 1,West,2,6,6
0,3,8,6,1118.56,0 1,West,2,7,6
0,3,8,1,1118.851,0 1,South,2,7,6
0,3,8,1,1119.454,0 1,East,2,7,6
0,3,8,2,1119.984,0 2,East,2,7,6
0,3,8,3,1120.532,0 2,South,2,7,6
0,3,8,2,1121.156,1 2,South,2,7,6
0,3,8,2,1121.821,2 2,South,2,7,6
0,3,8,1,1122.721,2 2,East,2,7,6
0,3,8,2,1123.372,2 3,East,2,7,6
0,3,8,1,1124.032,2 3,North,2,7,6
0,3,8,2,1124.59,1 3,North,2,7,6
0,3,8,3,1125.555,1 3,East,2,7,6
0,3,8,2,1126.11,1 4,East,2,7,6
0,3,8,3,1126.863,1 4,South,2,7,6
0,3,8,3,1127.764,1 4,West,2,7,6
0,3,8,2,1129.294,1 3,West,2,7,6
0,3,8,1,1129.957,1 3,South,2,7,6
0,3,8,2,1130.478,2 3,South,2,7,6
0,3,8,3,1131.009,2 3,West,2,7,6
0,3,8,2,1131.942,2 2,West,2,7,6
0,3,8,3,1132.492,2 2,North,2,7,6
0,3,8,3,1133.342,2 2,East,2,7,6
0,3,8,2,1133.985,2 3,East,2,7,6
0,3,8,1,1134.608,2 3,North,2,7,6
0,3,8,2,1135.173,1 3,North,2,7,6
0,3,8,3,1135.759,1 3,East,2,7,6
0,3,8,2,1136.626,1 4,East,2,7,6
0,3,8,3,1137.309,1 4,South,2,7,6
0,3,8,3,1138.321,1 4,West,2,7,6
0,3,8,3,1138.962,1 4,North,2,7,6
0,3,8,1,1139.84,1 4,West,2,7,6
0,3,8,3,1141.029,1 4,North,2,7,6
0,3,8,2,1141.795,0 4,North,2,7,6
0,3,8,6,1142.18,0 4,North,2,8,6
2,3,8,1,1145.14,4 4,West,2,0,0
2,3,8,2,1146.013,4 3,West,2,0,0
2,3,8,2,1146.787,4 2,West,2,0,0
2,3,8,3,1147.76,4 2,North,2,0,0
2,3,8,2,1148.404,3 2,North,2,0,0
2,3,8,1,1149.037,3 2,West,2,0,0
2,3,8,2,1149.716,3 1,West,2,0,0
2,3,8,3,1150.309,3 1,North,2,0,0
2,3,8,2,1150.894,2 1,North,2,0,0
2,3,8,2,1151.757,1 1,North,2,0,0
2,3,8,1,1152.292,1 1,West,2,0,0
2,3,8,2,1152.914,1 0,West,2,0,0
2,3,8,1,1153.542,1 0,South,2,0,0
2,3,8,2,1154.117,2 0,South,2,0,0
2,3,8,2,1154.719,3 0,South,2,0,0
2,3,8,2,1155.325,4 0,South,2,0,0
2,3,8,6,1155.7,4 0,South,2,1,0
2,3,8,1,1155.967,4 0,East,2,1,0
2,3,8,1,1156.589,4 0,North,2,1,0
2,3,8,2,1157.228,3 0,North,2,1,0
2,3,8,2,1157.822,2 0,North,2,1,0
2,3,8,2,1158.598,1 0,North,2,1,0
2,3,8,3,1159.269,1 0,East,2,1,0
2,3,8,2,1160.084,1 1,East,2,1,0
2,3,8,3,1160.72,1 1,South,2,1,0
2,3,8,2,1161.316,2 1,South,2,1,0
2,3,8,2,1162.991,3 1,South,2,1,0
2,3,8,1,1163.634,3 1,East,2,1,0
2,3,8,2,1164.194,3 2,East,2,1,0
2,3,8,3,1165.589,3 2,South,2,1,0
2,3,8,2,1166.385,4 2,South,2,1,0
2,3,8,1,1166.996,4 2,East,2,1,0
2,3,8,2,1167.574,4 3,East,2,1,0
2,3,8,2,1168.112,4 4,East,2,1,0
2,3,8,1,1168.864,4 4,North,2,1,0
2,3,8,2,1169.574,3 4,North,2,1,0
2,3,8,2,1170.148,2 4,North,2,1,0
2,3,8,2,1170.79,1 4,North,2,1,0
2,3,8,2,1171.424,0 4,North,2,1,0
2,3,8,6,1171.8,0 4,North,2,2,0
2,3,8,1,1172.047,0 4,West,2,2,0
2,3,8,1,1172.877,0 4,South,2,2,0
2,3,8,2,1173.536,1 4,South,2,2,0
2,3,8,3,1174.083,1 4,West,2,2,0
2,3,8,2,1174.737,1 3,West,2,2,0
2,3,8,1,1175.494,1 3,South,2,2,0
2,3,8,2,1176.063,2 3,South,2,2,0
2,3,8,3,1176.628,2 3,West,2,2,0
2,3,8,2,1177.167,2 2,West,2,2,0
2,3,8,3,1177.746,2 2,North,2,2,0
2,3,8,2,1178.268,1 2,North,2,2,0
2,3,8,6,1178.66,1 2,North,2,3,0
2,3,8,1,1179.024,1 2,West,2,3,0
2,3,8,1,1179.6,1 2,South,2,3,0
2,3,8,2,1180.225,2 2,South,2,3,0
2,3,8,1,1180.832,2 2,East,2,3,0
2,3,8,2,1181.488,2 3,East,2,3,0
2,3,8,1,1182.062,2 3,North,2,3,0
2,3,8,2,1182.656,1 3,North,2,3,0
2,3,8,3,1183.535,1 3,East,2,3,0
2,3,8,2,1184.381,1 4,East,2,3,0
2,3,8,3,1185.061,1 4,South,2,3,0
2,3,8,2,1185.839,2 4,South,2,3,0
2,3,8,2,1186.417,3 4,South,2,3,0
2,3,8,2,1187.092,4 4,South,2,3,0
2,3,8,3,1187.677,4 4,West,2,3,0
2,3,8,2,1188.389,4 3,West,2,3,0
2,3,8,2,1189.459,4 2,West,2,3,0
2,3,8,3,1190.239,4 2,North,2,3,0
2,3,8,2,1190.989,3 2,North,2,3,0
2,3,8,1,1192.054,3 2,West,2,3,0
2,3,8,2,1192.833,3 1,West,2,3,0
2,3,8,3,1193.456,3 1,North,2,3,0
2,3,8,2,1194.132,2 1,North,2,3,0
2,3,8,2,1194.833,1 1,North,2,3,0
2,3,8,1,1195.533,1 1,West,2,3,0
2,3,8,2,1196.208,1 0,West,2,3,0
2,3,8,1,1196.798,1 0,South,2,3,0
2,3,8,2,1197.372,2 0,South,2,3,0
2,3,8,2,1197.985,3 0,South,2,3,0
2,3,8,2,1198.573,4 0,South,2,3,0
2,3,8,1,1199.198,4 0,East,2,3,0
2,3,8,2,1199.997,4 1,East,2,3,0
2,3,8,6,1200.4,4 1,East,2,4,0
2,3,8,1,1200.609,4 1,North,2,4,0
2,3,8,1,1201.152,4 1,West,2,4,0
2,3,8,2,1201.797,4 0,West,2,4,0
2,3,8,3,1202.334,4 0,North,2,4,0
2,3,8,2,1202.911,3 0,North,2,4,0
2,3,8,2,1203.487,2 0,North,2,4,0
2,3,8,2,1204.501,1 0,North,2,4,0
2,3,8,3,1205.041,1 0,East,2,4,0
2,3,8,2,1205.702,1 1,East,2,4,0
2,3,8,3,1206.385,1 1,South,2,4,0
2,3,8,2,1206.961,2 1,South,2,4,0
2,3,8,2,1208.102,3 1,South,2,4,0
2,3,8,1,1208.726,3 1,East,2,4,0
2,3,8,2,1209.953,3 2,East,2,4,0
2,3,8,3,1210.514,3 2,South,2,4,0
2,3,8,2,1211.089,4 2,South,2,4,0
2,3,8,1,1211.709,4 2,East,2,4,0
2,3,8,2,1212.308,4 3,East,2,4,0
2,3,8,2,1212.876,4 4,East,2,4,0
2,3,8,1,1213.492,4 4,North,2,4,0
2,3,8,2,1214.175,3 4,North,2,4,0
2,3,8,2,1214.768,2 4,North,2,4,0
2,3,8,2,1215.429,1 4,North,2,4,0
2,3,8,1,1216.096,1 4,West,2,4,0
2,3,8,2,1216.705,1 3,West,2,4,0
2,3,8,6,1217.12,1 3,West,2,5,0
2,3,8,1,1217.571,1 3,South,2,5,0
2,3,8,1,1218.26,1 3,East,2,5,0
2,3,8,2,1218.885,1 4,East,2,5,0
2,3,8,3,1219.456,1 4,South,2,5,0
2,3,8,2,1220.434,2 4,South,2,5,0
2,3,8,2,1221.076,3 4,South,2,5,0
2,3,8,6,1221.46,3 4,South,2,6,0
2,3,8,2,1222.321,4 4,South,2,6,0
2,3,8,3,1222.838,4 4,West,2,6,0
2,3,8,2,1223.376,4 3,West,2,6,0
2,3,8,6,1223.78,4 3,West,2,7,0
2,3,8,2,1224.258,4 2,West,2,7,0
2,3,8,6,1224.66,4 2,West,2,8,0
0,3,9,1,1228.097,4 4,West,2,0,0
0,3,9,3,1228.722,4 4,North,2,0,0
0,3,9,2,1229.393,3 4,North,2,0,0
0,3,9,2,1230.156,2 4,North,2,0,0
0,3,9,2,1230.816,1 4,North,2,0,0
0,3,9,6,1231.2,1 4,North,2,1,0
0,3,9,1,1231.619,1 4,West,2,1,0
0,3,9,3,1232.194,1 4,North,2,1,0
0,3,9,2,1232.706,0 4,North,2,1,0
0,3,9,1,1233.23,0 4,West,2,1,0
0,3,9,2,1234.116,0 3,West,2,1,0
0,3,9,6,1234.54,0 3,West,2,2,0
0,3,9,1,1235.281,0 3,South,2,2,0
0,3,9,1,1235.875,0 3,East,2,2,0
0,3,9,2,1236.402,0 4,East,2,2,0
0,3,9,3,1237.277,0 4,South,2,2,0
0,3,9,2,1237.791,1 4,South,2,2,0
0,3,9,3,1238.365,1 4,West,2,2,0
0,3,9,2,1238.884,1 3,West,2,2,0
0,3,9,1,1239.507,1 3,South,2,2,0
0,3,9,2,1240.084,2 3,South,2,2,0
0,3,9,3,1240.689,2 3,West,2,2,0
0,3,9,2,1241.2,2 2,West,2,2,0
0,3,9,3,1241.747,2 2,North,2,2,0
0,3,9,2,1242.753,1 2,North,2,2,0
0,3,9,2,1243.348,0 2,North,2,2,0
0,3,9,1,1243.902,0 2,West,2,2,0
0,3,9,1,1244.477,0 2,South,2,2,0
0,3,9,2,1244.999,1 2,South,2,2,0
0,3,9,2,1245.597,2 2,South,2,2,0
0,3,9,1,1246.131,2 2,East,2,2,0
0,3,9,2,1246.707,2 3,East,2,2,0
0,3,9,1,1247.254,2 3,North,2,2,0
0,3,9,2,1248.627,1 3,North,2,2,0
0,3,9,2,1249.296,1 3,North,2,2,0
0,3,9,3,1249.908,1 3,East,2,2,0
0,3,9,2,1250.526,1 4,East,2,2,0
0,3,9,3,1251.09,1 4,South,2,2,0
0,3,9,2,1251.699,2 4,South,2,2,0
0,3,9,2,1252.301,3 4,South,2,2,0
0,3,9,2,1252.829,4 4,South,2,2,0
0,3,9,3,1253.375,4 4,West,2,2,0
0,3,9,2,1253.968,4 3,West,2,2,0
0,3,9,2,1254.525,4 2,West,2,2,0
0,3,9,3,1255.061,4 2,North,2,2,0
0,3,9,2,1255.616,3 2,North,2,2,0
0,3,9,6,1256,3 2,North,2,3,0
0,3,9,1,1256.403,3 2,West,2,3,0
0,3,9,2,1256.958,3 1,West,2,3,0
0,3,9,3,1257.487,3 1,North,2,3,0
0,3,9,2,1258.083,2 1,North,2,3,0
0,3,9,2,1258.669,1 1,North,2,3,0
0,3,9,1,1259.188,1 1,West,2,3,0
0,3,9,2,1259.744,1 0,West,2,3,0
0,3,9,1,1260.253,1 0,South,2,3,0
0,3,9,2,1261.407,2 0,South,2,3,0
0,3,9,1,1262.613,2 0,East,2,3,0
0,3,9,1,1263.312,2 0,North,2,3,0
0,3,9,2,1263.904,1 0,North,2,3,0
0,3,9,3,1264.498,1 0,East,2,3,0
0,3,9,2,1265.151,1 1,East,2,3,0
0,3,9,3,1265.71,1 1,South,2,3,0
0,3,9,2,1266.257,2 1,South,2,3,0
0,3,9,2,1266.918,3 1,South,2,3,0
0,3,9,1,1267.888,3 1,East,2,3,0
0,3,9,2,1268.53,3 2,East,2,3,0
0,3,9,3,1269.137,3 2,South,2,3,0
0,3,9,2,1269.699,4 2,South,2,3,0
0,3,9,1,1270.206,4 2,East,2,3,0
0,3,9,2,1270.947,4 3,East,2,3,0
0,3,9,6,1271.36,4 3,East,2,4,0
0,3,9,2,1271.526,4 4,East,2,4,0
0,3,9,1,1272.179,4 4,North,2,4,0
0,3,9,2,1272.997,3 4,North,2,4,0
0,3,9,2,1273.564,2 4,North,2,4,0
0,3,9,2,1274.224,1 4,North,2,4,0
0,3,9,1,1274.78,1 4,West,2,4,0
0,3,9,2,1275.759,1 3,West,2,4,0
0,3,9,1,1276.334,1 3,South,2,4,0
0,3,9,2,1276.978,2 3,South,2,4,0
0,3,9,3,1277.555,2 3,West,2,4,0
0,3,9,2,1278.244,2 2,West,2,4,0
0,3,9,3,1278.846,2 2,North,2,4,0
0,3,9,2,1279.427,1 2,North,2,4,0
0,3,9,2,1280.096,0 2,North,2,4,0
0,3,9,1,1280.623,0 2,West,2,4,0
0,3,9,1,1281.438,0 2,South,2,4,0
0,3,9,2,1282.112,1 2,South,2,4,0
0,3,9,2,1282.798,2 2,South,2,4,0
0,3,9,1,1283.393,2 2,East,2,4,0
0,3,9,2,1283.999,2 3,East,2,4,0
0,3,9,1,1284.674,2 3,North,2,4,0
0,3,9,2,1285.23,1 3,North,2,4,0
0,3,9,3,1285.79,1 3,East,2,4,0
0,3,9,2,1286.356,1 4,East,2,4,0
0,3,9,3,1286.901,1 4,South,2,4,0
0,3,9,2,1287.473,2 4,South,2,4,0
0,3,9,2,1288.097,3 4,South,2,4,0
0,3,9,2,1288.751,4 4,South,2,4,0
0,3,9,3,1289.363,4 4,West,2,4,0
0,3,9,2,1289.964,4 3,West,2,4,0
0,3,9,2,1290.623,4 2,West,2,4,0
0,3,9,3,1291.232,4 2,North,2,4,0
0,3,9,2,1291.797,3 2,North,2,4,0
0,3,9,1,1292.401,3 2,West,2,4,0
0,3,9,2,1292.997,3 1,West,2,4,0
0,3,9,3,1293.558,3 1,North,2,4,0
0,3,9,2,1294.114,2 1,North,2,4,0
0,3,9,6,1294.5,2 1,North,2,5,0
0,3,9,2,1295.197,1 1,North,2,5,0
0,3,9,1,1295.747,1 1,West,2,5,0
0,3,9,2,1296.322,1 0,West,2,5,0
0,3,9,1,1296.879,1 0,South,2,5,0
0,3,9,1,1297.901,1 0,East,2,5,0
0,3,9,2,1298.509,1 1,East,2,5,0
0,3,9,3,1299.043,1 1,South,2,5,0
0,3,9,2,1299.618,2 1,South,2,5,0
0,3,9,2,1300.289,3 1,South,2,5,0
0,3,9,1,1300.82,3 1,East,2,5,0
0,3,9,1,1301.35,3 1,North,2,5,0
0,3,9,3,1302.341,3 1,East,2,5,0
0,3,9,2,1302.982,3 2,East,2,5,0
0,3,9,3,1303.892,3 2,South,2,5,0
0,3,9,2,1304.653,4 2,South,2,5,0
0,3,9,6,1305.04,4 2,South,2,6,0
0,3,9,1,1305.506,4 2,East,2,6,0
0,3,9,2,1306.276,4 3,East,2,6,0
0,3,9,2,1306.918,4 4,East,2,6,0
0,3,9,1,1307.472,4 4,North,2,6,0
0,3,9,2,1308.038,3 4,North,2,6,0
0,3,9,2,1308.804,2 4,North,2,6,0
0,3,9,2,1309.406,1 4,North,2,6,0
0,3,9,1,1310.207,1 4,West,2,6,0
0,3,9,1,1310.894,1 4,South,2,6,0
0,3,9,3,1311.537,1 4,West,2,6,0
0,3,9,2,1312.132,1 3,West,2,6,0
0,3,9,1,1312.772,1 3,South,2,6,0
0,3,9,2,1313.566,2 3,South,2,6,0
0,3,9,3,1314.517,2 3,West,2,6,0
0,3,9,2,1315.312,2 2,West,2,6,0
0,3,9,3,1316.214,2 2,North,2,6,0
0,3,9,2,1317.084,1 2,North,2,6,0
0,3,9,2,1317.918,0 2,North,2,6,0
0,3,9,1,1318.702,0 2,West,2,6,0
0,3,9,1,1319.278,0 2,South,2,6,0
0,3,9,2,1320.033,1 2,South,2,6,0
0,3,9,2,1320.69,2 2,South,2,6,0
0,3,9,1,1321.344,2 2,East,2,6,0
0,3,9,2,1322.162,2 3,East,2,6,0
0,3,9,1,1322.974,2 3,North,2,6,0
0,3,9,2,1323.809,1 3,North,2,6,0
0,3,9,3,1324.34,1 3,East,2,6,0
0,3,9,2,1325.187,1 4,East,2,6,0
0,3,9,3,1325.727,1 4,South,2,6,0
0,3,9,2,1326.386,2 4,South,2,6,0
0,3,9,2,1326.995,3 4,South,2,6,0
0,3,9,2,1327.597,4 4,South,2,6,0
0,3,9,3,1328.125,4 4,West,2,6,0
0,3,9,2,1328.785,4 3,West,2,6,0
0,3,9,2,1329.293,4 2,West,2,6,0
0,3,9,3,1330.002,4 2,North,2,6,0
0,3,9,2,1330.577,3 2,North,2,6,0
0,3,9,1,1331.228,3 2,West,2,6,0
0,3,9,2,1331.777,3 1,West,2,6,0
0,3,9,3,1332.494,3 1,North,2,6,0
0,3,9,2,1333.198,2 1,North,2,6,0
0,3,9,2,1333.733,1 1,North,2,6,0
0,3,9,1,1334.398,1 1,West,2,6,0
0,3,9,2,1334.947,1 0,West,2,6,0
0,3,9,6,1335.36,1 0,West,2,7,0
0,3,9,1,1335.668,1 0,South,2,7,0
0,3,9,1,1336.383,1 0,East,2,7,0
0,3,9,2,1336.992,1 1,East,2,7,0
0,3,9,6,1337.4,1 1,East,2,8,0
2,3,9,1,1340.739,4 4,West,2,0,0
2,3,9,2,1341.314,4 3,West,2,0,0
2,3,9,2,1341.938,4 2,West,2,0,0
2,3,9,3,1342.493,4 2,North,2,0,0
2,3,9,2,1343.075,3 2,North,2,0,0
2,3,9,6,1343.46,3 2,North,2,1,0
2,3,9,2,1344.016,3 2,North,2,1,1
2,3,9,1,1344.627,3 2,West,2,1,1
2,3,9,2,1345.601,3 1,West,2,1,1
2,3,9,2,1347.373,3 1,West,2,1,2
2,3,9,1,1348.605,3 1,South,2,1,2
2,3,9,3,1349.606,3 1,West,2,1,2
2,3,9,3,1350.806,3 1,North,2,1,2
2,3,9,2,1351.666,2 1,North,2,1,2
2,3,9,6,1352.04,2 1,North,2,2,2
2,3,9,1,1352.754,2 1,West,2,2,2
2,3,9,1,1353.31,2 1,South,2,2,2
2,3,9,1,1354.094,2 1,East,2,2,2
2,3,9,3,1355.459,2 1,South,2,2,2
2,3,9,2,1356.114,3 1,South,2,2,2
2,3,9,1,1356.672,3 1,East,2,2,2
2,3,9,2,1357.232,3 2,East,2,2,2
2,3,9,3,1357.805,3 2,South,2,2,2
2,3,9,2,1358.389,4 2,South,2,2,2
2,3,9,1,1358.915,4 2,East,2,2,2
2,3,9,2,1359.549,4 3,East,2,2,2
2,3,9,2,1360.062,4 4,East,2,2,2
2,3,9,1,1361.009,4 4,North,2,2,2
2,3,9,2,1361.685,3 4,North,2,2,2
2,3,9,3,1362.881,3 4,East,2,2,2
2,3,9,1,1364.173,3 4,North,2,2,2
2,3,9,2,1365.522,2 4,North,2,2,2
2,3,9,2,1366.223,1 4,North,2,2,2
2,3,9,6,1366.6,1 4,North,2,3,2
2,3,9,1,1366.928,1 4,West,2,3,2
2,3,9,3,1368.852,1 4,North,2,3,2
2,3,9,2,1369.553,0 4,North,2,3,2
2,3,9,1,1370.243,0 4,West,2,3,2
2,3,9,1,1370.895,0 4,South,2,3,2
2,3,9,2,1371.566,1 4,South,2,3,2
2,3,9,3,1372.191,1 4,West,2,3,2
2,3,9,2,1372.895,1 3,West,2,3,2
2,3,9,1,1373.568,1 3,South,2,3,2
2,3,9,2,1374.149,2 3,South,2,3,2
2,3,9,3,1374.786,2 3,West,2,3,2
2,3,9,2,1375.395,2 2,West,2,3,2
2,3,9,3,1375.965,2 2,North,2,3,2
2,3,9,2,1376.64,1 2,North,2,3,2
2,3,9,2,1377.348,0 2,North,2,3,2
2,3,9,6,1377.72,0 2,North,2,4,2
2,3,9,1,1377.998,0 2,West,2,4,2
2,3,9,1,1378.848,0 2,South,2,4,2
2,3,9,2,1379.634,1 2,South,2,4,2
2,3,9,1,1380.901,1 2,East,2,4,2
2,3,9,3,1381.869,1 2,South,2,4,2
2,3,9,2,1382.513,2 2,South,2,4,2
2,3,9,1,1383.101,2 2,East,2,4,2
2,3,9,2,1383.758,2 3,East,2,4,2
2,3,9,1,1384.368,2 3,North,2,4,2
2,3,9,2,1384.977,1 3,North,2,4,2
2,3,9,3,1385.551,1 3,East,2,4,2
2,3,9,2,1386.127,1 4,East,2,4,2
2,3,9,3,1386.641,1 4,South,2,4,2
2,3,9,2,1387.189,2 4,South,2,4,2
2,3,9,2,1388.063,3 4,South,2,4,2
2,3,9,2,1388.757,4 4,South,2,4,2
2,3,9,3,1389.38,4 4,West,2,4,2
2,3,9,2,1390.244,4 3,West,2,4,2
2,3,9,2,1390.99,4 2,West,2,4,2
2,3,9,3,1391.777,4 2,North,2,4,2
2,3,9,2,1392.515,3 2,North,2,4,2
2,3,9,1,1393.347,3 2,West,2,4,2
2,3,9,2,1394.068,3 1,West,2,4,2
2,3,9,3,1394.748,3 1,North,2,4,2
2,3,9,2,1396.172,2 1,North,2,4,2
2,3,9,2,1396.997,1 1,North,2,4,2
2,3,9,1,1399.07,1 1,West,2,4,2
2,3,9,2,1399.683,1 0,West,2,4,2
2,3,9,6,1400.1,1 0,West,2,5,2
2,3,9,1,1400.413,1 0,South,2,5,2
2,3,9,1,1401.151,1 0,East,2,5,2
2,3,9,2,1401.758,1 1,East,2,5,2
2,3,9,3,1402.385,1 1,South,2,5,2
2,3,9,2,1402.974,2 1,South,2,5,2
2,3,9,1,1403.572,2 1,East,2,5,2
2,3,9,2,1404.158,2 1,East,2,5,3
2,3,9,3,1404.784,2 1,South,2,5,3
2,3,9,2,1406.688,3 1,South,2,5,3
2,3,9,1,1407.33,3 1,East,2,5,3
2,3,9,2,1407.903,3 2,East,2,5,3
2,3,9,3,1408.59,3 2,South,2,5,3
2,3,9,2,1409.137,4 2,South,2,5,3
2,3,9,1,1409.718,4 2,East,2,5,3
2,3,9,2,1410.237,4 3,East,2,5,3
2,3,9,2,1410.862,4 4,East,2,5,3
2,3,9,1,1411.429,4 4,North,2,5,3
2,3,9,2,1412.007,3 4,North,2,5,3
2,3,9,2,1412.573,2 4,North,2,5,3
2,3,9,2,1413.311,1 4,North,2,5,3
2,3,9,1,1413.89,1 4,West,2,5,3
2,3,9,2,1414.509,1 3,West,2,5,3
2,3,9,1,1415.136,1 3,South,2,5,3
2,3,9,2,1415.725,2 3,South,2,5,3
2,3,9,3,1416.333,2 3,West,2,5,3
2,3,9,2,1417.269,2 2,West,2,5,3
2,3,9,6,1417.68,2 2,West,2,6,3
2,3,9,1,1418.1,2 2,South,2,6,3
2,3,9,1,1418.653,2 2,East,2,6,3
2,3,9,2,1419.264,2 3,East,2,6,3
2,3,9,1,1419.878,2 3,North,2,6,3
2,3,9,2,1420.549,1 3,North,2,6,3
2,3,9,3,1421.391,1 3,East,2,6,3
2,3,9,2,1422.085,1 4,East,2,6,3
2,3,9,3,1424.526,1 4,South,2,6,3
2,3,9,3,1426.078,1 4,West,2,6,3
2,3,9,2,1427.728,1 3,West,2,6,3
2,3,9,1,1428.385,1 3,South,2,6,3
2,3,9,2,1428.961,2 3,South,2,6,3
2,3,9,3,1429.505,2 3,West,2,6,3
2,3,9,2,1430.148,2 2,West,2,6,3
2,3,9,3,1430.797,2 2,North,2,6,3
2,3,9,2,1431.358,1 2,North,2,6,3
2,3,9,2,1432.006,0 2,North,2,6,3
2,3,9,1,1432.589,0 2,West,2,6,3
2,3,9,2,1433.347,0 1,West,2,6,3
2,3,9,6,1433.76,0 1,West,2,7,3
2,3,9,1,1434.141,0 1,South,2,7,3
2,3,9,1,1434.894,0 1,East,2,7,3
2,3,9,2,1435.76,0 2,East,2,7,3
2,3,9,3,1436.327,0 2,South,2,7,3
2,3,9,2,1436.927,1 2,South,2,7,3
2,3,9,2,1437.599,2 2,South,2,7,3
2,3,9,1,1438.246,2 2,East,2,7,3
2,3,9,2,1438.884,2 3,East,2,7,3
2,3,9,1,1439.517,2 3,North,2,7,3
2,3,9,2,1440.093,1 3,North,2,7,3
2,3,9,3,1440.685,1 3,East,2,7,3
2,3,9,2,1441.31,1 4,East,2,7,3
2,3,9,1,1441.981,1 4,North,2,7,3
2,3,9,2,1442.608,0 4,North,2,7,3
2,3,9,1,1443.231,0 4,West,2,7,3
2,3,9,2,1443.779,0 3,West,2,7,3
2,3,9,6,1444.2,0 3,West,2,8,3
0,4,10,1,1447.41,4 4,West,2,0,3
0,4,10,3,1448.082,4 4,North,2,0,3
0,4,10,2,1448.621,3 4,North,2,0,3
0,4,10,2,1449.238,2 4,North,2,0,3
0,4,10,2,1449.822,1 4,North,2,0,3
0,4,10,2,1450.366,0 4,North,2,0,3
0,4,10,6,1450.74,0 4,North,2,1,3
0,4,10,1,1450.913,0 4,West,2,1,3
0,4,10,1,1451.519,0 4,South,2,1,3
0,4,10,2,1452.046,1 4,South,2,1,3
0,4,10,3,1452.622,1 4,West,2,1,3
0,4,10,2,1453.218,1 3,West,2,1,3
0,4,10,1,1453.777,1 3,South,2,1,3
0,4,10,2,1454.306,2 3,South,2,1,3
0,4,10,6,1454.68,2 3,South,2,2,3
0,4,10,3,1454.915,2 3,West,2,2,3
0,4,10,2,1455.475,2 2,West,2,2,3
0,4,10,3,1456.384,2 2,North,2,2,3
0,4,10,3,1456.963,2 2,East,2,2,3
0,4,10,1,1457.557,2 2,North,2,2,3
0,4,10,2,1458.163,1 2,North,2,2,3
0,4,10,2,1458.692,0 2,North,2,2,3
0,4,10,1,1459.586,0 2,West,2,2,3
0,4,10,1,1460.114,0 2,South,2,2,3
0,4,10,2,1460.663,1 2,South,2,2,3
0,4,10,2,1461.213,2 2,South,2,2,3
0,4,10,1,1461.789,2 2,East,2,2,3
0,4,10,2,1462.319,2 3,East,2,2,3
0,4,10,1,1463.188,2 3,North,2,2,3
0,4,10,2,1463.766,1 3,North,2,2,3
0,4,10,3,1464.301,1 3,East,2,2,3
0,4,10,2,1465.364,1 4,East,2,2,3
0,4,10,3,1466.084,1 4,South,2,2,3
0,4,10,2,1466.783,2 4,South,2,2,3
0,4,10,2,1467.405,3 4,South,2,2,3
0,4,10,2,1468.006,4 4,South,2,2,3
0,4,10,3,1468.909,4 4,West,2,2,3
0,4,10,3,1469.551,4 4,North,2,2,3
0,4,10,1,1470.533,4 4,West,2,2,3
0,4,10,2,1471.108,4 3,West,2,2,3
0,4,10,2,1471.629,4 2,West,2,2,3
0,4,10,6,1472.04,4 2,West,2,3,3
0,4,10,3,1472.244,4 2,North,2,3,3
0,4,10,2,1472.83,3 2,North,2,3,3
0,4,10,1,1473.396,3 2,West,2,3,3
0,4,10,2,1473.982,3 1,West,2,3,3
0,4,10,3,1474.559,3 1,North,2,3,3
0,4,10,2,1475.267,2 1,North,2,3,3
0,4,10,2,1475.893,1 1,North,2,3,3
0,4,10,1,1476.431,1 1,West,2,3,3
0,4,10,2,1477.278,1 0,West,2,3,3
0,4,10,1,1477.862,1 0,South,2,3,3
0,4,10,2,1478.382,2 0,South,2,3,3
0,4,10,2,1478.975,3 0,South,2,3,3
0,4,10,2,1479.566,4 0,South,2,3,3
0,4,10,1,1480.081,4 0,East,2,3,3
0,4,10,1,1480.957,4 0,North,2,3,3
0,4,10,2,1481.537,3 0,North,2,3,3
0,4,10,2,1482.112,2 0,North,2,3,3
0,4,10,2,1482.707,1 0,North,2,3,3
0,4,10,3,1483.248,1 0,East,2,3,3
0,4,10,2,1484.197,1 1,East,2,3,3
0,4,10,3,1484.797,1 1,South,2,3,3
0,4,10,2,1485.459,2 1,South,2,3,3
0,4,10,2,1486.036,3 1,South,2,3,3
0,4,10,1,1486.574,3 1,East,2,3,3
0,4,10,2,1487.134,3 2,East,2,3,3
0,4,10,3,1487.842,3 2,South,2,3,3
0,4,10,2,1488.447,4 2,South,2,3,3
0,4,10,1,1488.975,4 2,East,2,3,3
0,4,10,2,1489.525,4 3,East,2,3,3
0,4,10,2,1490.193,4 4,East,2,3,3
0,4,10,1,1490.786,4 4,North,2,3,3
0,4,10,2,1491.341,3 4,North,2,3,3
0,4,10,2,1491.986,2 4,North,2,3,3
0,4,10,6,1492.36,2 4,North,2,4,3
0,4,10,2,1492.61,1 4,North,2,4,3
0,4,10,1,1493.247,1 4,West,2,4,3
0,4,10,2,1494.003,1 3,West,2,4,3
0,4,10,1,1494.813,1 3,South,2,4,3
0,4,10,2,1495.332,2 3,South,2,4,3
0,4,10,3,1495.958,2 3,West,2,4,3
0,4,10,2,1496.516,2 2,West,2,4,3
0,4,10,3,1497.091,2 2,North,2,4,3
0,4,10,2,1497.618,1 2,North,2,4,3
0,4,10,2,1498.193,0 2,North,2,4,3
0,4,10,1,1498.852,0 2,West,2,4,3
0,4,10,1,1499.443,0 2,South,2,4,3
0,4,10,2,1499.981,1 2,South,2,4,3
0,4,10,2,1500.577,2 2,South,2,4,3
0,4,10,1,1501.201,2 2,East,2,4,3
0,4,10,2,1501.843,2 3,East,2,4,3
0,4,10,1,1502.387,2 3,North,2,4,3
0,4,10,2,1502.941,1 3,North,2,4,3
0,4,10,3,1503.533,1 3,East,2,4,3
0,4,10,2,1504.094,1 4,East,2,4,3
0,4,10,3,1504.608,1 4,South,2,4,3
0,4,10,2,1505.197,2 4,South,2,4,3
0,4,10,2,1505.763,3 4,South,2,4,3
0,4,10,2,1506.551,4 4,South,2,4,3
0,4,10,3,1507.589,4 4,West,2,4,3
0,4,10,2,1508.51,4 3,West,2,4,3
0,4,10,6,1508.92,4 3,West,2,5,3
0,4,10,2,1509.059,4 2,West,2,5,3
0,4,10,3,1509.631,4 2,North,2,5,3
0,4,10,2,1510.177,3 2,North,2,5,3
0,4,10,3,1510.806,3 2,East,2,5,3
0,4,10,1,1511.334,3 2,North,2,5,3
0,4,10,1,1512.145,3 2,West,2,5,3
0,4,10,2,1512.976,3 1,West,2,5,3
0,4,10,3,1513.57,3 1,North,2,5,3
0,4,10,2,1514.573,2 1,North,2,5,3
0,4,10,2,1515.165,1 1,North,2,5,3
0,4,10,1,1515.741,1 1,West,2,5,3
0,4,10,2,1516.294,1 0,West,2,5,3
0,4,10,1,1516.83,1 0,South,2,5,3
0,4,10,2,1517.374,2 0,South,2,5,3
0,4,10,2,1517.965,3 0,South,2,5,3
0,4,10,2,1518.51,4 0,South,2,5,3
0,4,10,1,1519.51,4 0,East,2,5,3
0,4,10,1,1520.047,4 0,North,2,5,3
0,4,10,2,1520.604,3 0,North,2,5,3
0,4,10,2,1521.15,2 0,North,2,5,3
0,4,10,2,1521.725,1 0,North,2,5,3
0,4,10,3,1522.739,1 0,East,2,5,3
0,4,10,2,1523.266,1 1,East,2,5,3
0,4,10,3,1523.902,1 1,South,2,5,3
0,4,10,2,1524.43,2 1,South,2,5,3
0,4,10,2,1524.992,3 1,South,2,5,3
0,4,10,1,1525.63,3 1,East,2,5,3
0,4,10,2,1526.318,3 2,East,2,5,3
0,4,10,3,1526.886,3 2,South,2,5,3
0,4,10,2,1527.47,4 2,South,2,5,3
0,4,10,1,1528.019,4 2,East,2,5,3
0,4,10,2,1528.59,4 3,East,2,5,3
0,4,10,2,1529.118,4 4,East,2,5,3
0,4,10,1,1529.652,4 4,North,2,5,3
0,4,10,2,1530.245,3 4,North,2,5,3
0,4,10,2,1531.218,2 4,North,2,5,3
0,4,10,2,1532.222,1 4,North,2,5,3
0,4,10,2,1533.172,0 4,North,2,5,3
0,4,10,1,1533.743,0 4,West,2,5,3
0,4,10,1,1534.429,0 4,South,2,5,3
0,4,10,2,1535.027,1 4,South,2,5,3
0,4,10,3,1535.924,1 4,West,2,5,3
0,4,10,2,1536.849,1 3,West,2,5,3
0,4,10,1,1537.411,1 3,South,2,5,3
0,4,10,2,1537.94,2 3,South,2,5,3
0,4,10,3,1538.526,2 3,West,2,5,3
0,4,10,2,1539.045,2 2,West,2,5,3
0,4,10,6,1539.46,2 2,West,2,6,3
0,4,10,3,1539.649,2 2,North,2,6,3
0,4,10,3,1540.302,2 2,East,2,6,3
0,4,10,2,1540.831,2 3,East,2,6,3
0,4,10,1,1541.406,2 3,North,2,6,3
0,4,10,2,1542.048,1 3,North,2,6,3
0,4,10,3,1542.578,1 3,East,2,6,3
0,4,10,2,1543.133,1 4,East,2,6,3
0,4,10,1,1543.797,1 4,North,2,6,3
0,4,10,1,1544.798,1 4,West,2,6,3
0,4,10,3,1545.458,1 4,North,2,6,3
0,4,10,2,1546.099,0 4,North,2,6,3
0,4,10,1,1546.654,0 4,West,2,6,3
0,4,10,2,1547.201,0 3,West,2,6,3
0,4,10,6,1547.62,0 3,West,2,7,3
0,4,10,1,1547.92,0 3,South,2,7,3
0,4,10,1,1548.544,0 3,East,2,7,3
0,4,10,2,1549.103,0 4,East,2,7,3
0,4,10,3,1549.629,0 4,South,2,7,3
0,4,10,2,1550.222,1 4,South,2,7,3
0,4,10,3,1550.879,1 4,West,2,7,3
0,4,10,1,1551.505,1 4,South,2,7,3
0,4,10,2,1552.11,2 4,South,2,7,3
0,4,10,2,1552.723,3 4,South,2,7,3
0,4,10,2,1553.344,4 4,South,2,7,3
0,4,10,3,1554.03,4 4,West,2,7,3
0,4,10,2,1554.626,4 3,West,2,7,3
0,4,10,2,1555.197,4 2,West,2,7,3
0,4,10,3,1555.742,4 2,North,2,7,3
0,4,10,3,1556.385,4 2,East,2,7,3
0,4,10,1,1556.961,4 2,North,2,7,3
0,4,10,2,1557.573,3 2,North,2,7,3
0,4,10,1,1558.127,3 2,West,2,7,3
0,4,10,2,1558.669,3 1,West,2,7,3
0,4,10,6,1559.08,3 1,West,2,8,3
2,4,10,1,1562.034,4 4,West,2,0,0
2,4,10,2,1562.703,4 3,West,2,0,0
2,4,10,2,1563.253,4 2,West,2,0,0
2,4,10,3,1564.191,4 2,North,2,0,0
2,4,10,2,1565.363,3 2,North,2,0,0
2,4,10,1,1565.989,3 2,West,2,0,0
2,4,10,2,1566.51,3 1,West,2,0,0
2,4,10,6,1566.92,3 1,West,2,1,0
2,4,10,3,1567.316,3 1,North,2,1,0
2,4,10,3,1567.838,3 1,East,2,1,0
2,4,10,2,1568.691,3 2,East,2,1,0
2,4,10,3,1569.236,3 2,South,2,1,0
2,4,10,2,1569.762,4 2,South,2,1,0
2,4,10,6,1570.14,4 2,South,2,2,0
2,4,10,1,1570.436,4 2,East,2,2,0
2,4,10,1,1571.092,4 2,North,2,2,0
2,4,10,3,1572.029,4 2,East,2,2,0
2,4,10,2,1572.786,4 3,East,2,2,0
2,4,10,2,1573.374,4 4,East,2,2,0
2,4,10,1,1573.97,4 4,North,2,2,0
2,4,10,2,1574.754,3 4,North,2,2,0
2,4,10,2,1575.33,2 4,North,2,2,0
2,4,10,2,1575.926,1 4,North,2,2,0
2,4,10,1,1576.61,1 4,West,2,2,0
2,4,10,2,1577.459,1 3,West,2,2,0
2,4,10,1,1578.037,1 3,South,2,2,0
2,4,10,2,1578.56,2 3,South,2,2,0
2,4,10,6,1578.94,2 3,South,2,3,0
2,4,10,3,1579.344,2 3,West,2,3,0
2,4,10,3,1579.958,2 3,North,2,3,0
2,4,10,2,1580.725,1 3,North,2,3,0
2,4,10,3,1581.297,1 3,East,2,3,0
2,4,10,2,1581.854,1 4,East,2,3,0
2,4,10,6,1582.26,1 4,East,2,4,0
2,4,10,1,1582.447,1 4,North,2,4,0
2,4,10,1,1583.023,1 4,West,2,4,0
2,4,10,1,1583.858,1 4,South,2,4,0
2,4,10,3,1584.867,1 4,West,2,4,0
2,4,10,1,1587.073,1 4,South,2,4,0
2,4,10,2,1587.751,2 4,South,2,4,0
2,4,10,2,1588.287,3 4,South,2,4,0
2,4,10,2,1588.933,4 4,South,2,4,0
2,4,10,3,1589.566,4 4,West,2,4,0
2,4,10,2,1590.189,4 3,West,2,4,0
2,4,10,2,1590.801,4 2,West,2,4,0
2,4,10,3,1591.407,4 2,North,2,4,0
2,4,10,2,1592.004,3 2,North,2,4,0
2,4,10,1,1592.578,3 2,West,2,4,0
2,4,10,2,1593.166,3 1,West,2,4,0
2,4,10,3,1593.73,3 1,North,2,4,0
2,4,10,2,1594.286,2 1,North,2,4,0
2,4,10,1,1594.884,2 1,West,2,4,0
2,4,10,2,1595.49,2 1,West,2,4,1
2,4,10,3,1596.086,2 1,North,2,4,1
2,4,10,2,1596.66,1 1,North,2,4,1
2,4,10,1,1597.188,1 1,West,2,4,1
2,4,10,2,1597.745,1 0,West,2,4,1
2,4,10,1,1598.318,1 0,South,2,4,1
2,4,10,2,1598.913,2 0,South,2,4,1
2,4,10,6,1599.28,2 0,South,2,5,1
2,4,10,1,1599.567,2 0,East,2,5,1
2,4,10,1,1600.163,2 0,North,2,5,1
2,4,10,2,1600.869,1 0,North,2,5,1
2,4,10,3,1601.411,1 0,East,2,5,1
2,4,10,2,1601.973,1 1,East,2,5,1
2,4,10,3,1602.563,1 1,South,2,5,1
2,4,10,2,1603.119,2 1,South,2,5,1
2,4,10,2,1603.7,3 1,South,2,5,1
2,4,10,1,1604.274,3 1,East,2,5,1
2,4,10,2,1604.885,3 2,East,2,5,1
2,4,10,6,1605.3,3 2,East,2,6,1
2,4,10,3,1606.742,3 2,South,2,6,1
2,4,10,2,1607.316,4 2,South,2,6,1
2,4,10,1,1607.877,4 2,East,2,6,1
2,4,10,2,1608.416,4 3,East,2,6,1
2,4,10,2,1609.022,4 4,East,2,6,1
2,4,10,1,1609.568,4 4,North,2,6,1
2,4,10,2,1610.114,3 4,North,2,6,1
2,4,10,2,1610.864,2 4,North,2,6,1
2,4,10,6,1611.24,2 4,North,2,7,1
2,4,10,2,1611.454,1 4,North,2,7,1
2,4,10,1,1612.065,1 4,West,2,7,1
2,4,10,2,1613.106,1 3,West,2,7,1
2,4,10,2,1613.711,1 3,West,2,7,2
2,4,10,3,1614.35,1 3,North,2,7,2
2,4,10,1,1615.174,1 3,West,2,7,2
2,4,10,1,1615.926,1 3,South,2,7,2
2,4,10,2,1616.56,2 3,South,2,7,2
2,4,10,3,1617.073,2 3,West,2,7,2
2,4,10,2,1617.697,2 2,West,2,7,2
2,4,10,3,1620.321,2 2,North,2,7,2
2,4,10,3,1622.967,2 2,East,2,7,2
2,4,10,2,1623.519,2 3,East,2,7,2
2,4,10,1,1624.1,2 3,North,2,7,2
2,4,10,2,1624.675,1 3,North,2,7,2
2,4,10,3,1625.41,1 3,East,2,7,2
2,4,10,2,1625.998,1 4,East,2,7,2
2,4,10,3,1627.074,1 4,South,2,7,2
2,4,10,2,1627.65,2 4,South,2,7,2
2,4,10,2,1628.339,3 4,South,2,7,2
2,4,10,2,1629.006,4 4,South,2,7,2
2,4,10,3,1629.573,4 4,West,2,7,2
2,4,10,2,1630.15,4 3,West,2,7,2
2,4,10,2,1630.781,4 2,West,2,7,2
2,4,10,3,1631.759,4 2,North,2,7,2
2,4,10,2,1632.358,3 2,North,2,7,2
2,4,10,1,1632.932,3 2,West,2,7,2
2,4,10,2,1633.539,3 1,West,2,7,2
2,4,10,3,1634.544,3 1,North,2,7,2
2,4,10,2,1635.203,2 1,North,2,7,2
2,4,10,2,1635.789,1 1,North,2,7,2
2,4,10,6,1636.18,1 1,North,2,8,2
0,4,11,1,1639.406,4 4,West,2,0,2
0,4,11,3,1639.969,4 4,North,2,0,2
0,4,11,2,1640.611,3 4,North,2,0,2
0,4,11,2,1641.218,2 4,North,2,0,2
0,4,11,2,1642.198,1 4,North,2,0,2
0,4,11,6,1642.58,1 4,North,2,1,2
0,4,11,1,1642.771,1 4,West,2,1,2
0,4,11,2,1643.357,1 3,West,2,1,2
0,4,11,1,1643.905,1 3,South,2,1,2
0,4,11,2,1644.499,2 3,South,2,1,2
0,4,11,3,1645.056,2 3,West,2,1,2
0,4,11,2,1645.598,2 2,West,2,1,2
0,4,11,3,1646.125,2 2,North,2,1,2
0,4,11,2,1647.072,1 2,North,2,1,2
0,4,11,2,1647.679,0 2,North,2,1,2
0,4,11,1,1648.227,0 2,West,2,1,2
0,4,11,1,1648.801,0 2,South,2,1,2
0,4,11,2,1649.378,1 2,South,2,1,2
0,4,11,2,1650.005,2 2,South,2,1,2
0,4,11,1,1650.529,2 2,East,2,1,2
0,4,11,2,1651.059,2 3,East,2,1,2
0,4,11,1,1651.645,2 3,North,2,1,2
0,4,11,2,1652.258,1 3,North,2,1,2
0,4,11,3,1652.861,1 3,East,2,1,2
0,4,11,2,1653.444,1 4,East,2,1,2
0,4,11,3,1654.82,1 4,South,2,1,2
0,4,11,2,1655.489,2 4,South,2,1,2
0,4,11,2,1656.525,3 4,South,2,1,2
0,4,11,2,1657.157,4 4,South,2,1,2
0,4,11,3,1657.844,4 4,West,2,1,2
0,4,11,2,1658.398,4 3,West,2,1,2
0,4,11,2,1658.974,4 2,West,2,1,2
0,4,11,3,1659.616,4 2,North,2,1,2
0,4,11,2,1660.452,3 2,North,2,1,2
0,4,11,1,1661.104,3 2,West,2,1,2
0,4,11,2,1661.633,3 1,West,2,1,2
0,4,11,3,1662.398,3 1,North,2,1,2
0,4,11,2,1662.973,2 1,North,2,1,2
0,4,11,6,1663.36,2 1,North,2,2,2
0,4,11,2,1663.989,1 1,North,2,2,2
0,4,11,1,1664.529,1 1,West,2,2,2
0,4,11,2,1665.07,1 0,West,2,2,2
0,4,11,6,1665.48,1 0,West,2,3,2
0,4,11,1,1665.664,1 0,South,2,3,2
0,4,11,1,1666.405,1 0,East,2,3,2
0,4,11,2,1666.975,1 1,East,2,3,2
0,4,11,3,1667.572,1 1,South,2,3,2
0,4,11,2,1668.194,2 1,South,2,3,2
0,4,11,2,1668.816,3 1,South,2,3,2
0,4,11,1,1669.469,3 1,East,2,3,2
0,4,11,2,1670.126,3 2,East,2,3,2
0,4,11,3,1670.789,3 2,South,2,3,2
0,4,11,2,1671.377,4 2,South,2,3,2
0,4,11,1,1671.972,4 2,East,2,3,2
0,4,11,2,1672.561,4 3,East,2,3,2
0,4,11,2,1673.182,4 4,East,2,3,2
0,4,11,1,1673.748,4 4,North,2,3,2
0,4,11,2,1674.304,3 4,North,2,3,2
0,4,11,6,1674.68,3 4,North,2,4,2
0,4,11,2,1674.912,2 4,North,2,4,2
0,4,11,2,1675.571,1 4,North,2,4,2
0,4,11,1,1676.128,1 4,West,2,4,2
0,4,11,2,1676.792,1 3,West,2,4,2
0,4,11,6,1677.2,1 3,West,2,5,2
0,4,11,1,1677.509,1 3,South,2,5,2
0,4,11,2,1678.116,2 3,South,2,5,2
0,4,11,3,1678.723,2 3,West,2,5,2
0,4,11,2,1679.328,2 2,West,2,5,2
0,4,11,3,1679.983,2 2,North,2,5,2
0,4,11,2,1680.58,1 2,North,2,5,2
0,4,11,2,1681.149,0 2,North,2,5,2
0,4,11,1,1681.726,0 2,West,2,5,2
0,4,11,1,1682.355,0 2,South,2,5,2
0,4,11,2,1683.461,1 2,South,2,5,2
0,4,11,2,1684.228,2 2,South,2,5,2
0,4,11,1,1684.833,2 2,East,2,5,2
0,4,11,2,1685.504,2 3,East,2,5,2
0,4,11,1,1686.015,2 3,North,2,5,2
0,4,11,2,1686.672,1 3,North,2,5,2
0,4,11,3,1687.248,1 3,East,2,5,2
0,4,11,2,1687.86,1 4,East,2,5,2
0,4,11,3,1688.398,1 4,South,2,5,2
0,4,11,2,1689.345,2 4,South,2,5,2
0,4,11,2,1689.906,3 4,South,2,5,2
0,4,11,2,1690.434,4 4,South,2,5,2
0,4,11,3,1691.055,4 4,West,2,5,2
0,4,11,2,1691.741,4 3,West,2,5,2
0,4,11,2,1692.564,4 2,West,2,5,2
0,4,11,3,1693.603,4 2,North,2,5,2
0,4,11,2,1694.141,3 2,North,2,5,2
0,4,11,1,1694.74,3 2,West,2,5,2
0,4,11,2,1695.315,3 1,West,2,5,2
0,4,11,3,1695.941,3 1,North,2,5,2
0,4,11,2,1696.557,2 1,North,2,5,2
0,4,11,2,1697.102,1 1,North,2,5,2
0,4,11,1,1697.677,1 1,West,2,5,2
0,4,11,2,1698.206,1 0,West,2,5,2
0,4,11,1,1698.754,1 0,South,2,5,2
0,4,11,2,1699.758,2 0,South,2,5,2
0,4,11,2,1700.317,3 0,South,2,5,2
0,4,11,6,1700.7,3 0,South,2,6,2
0,4,11,2,1701.203,4 0,South,2,6,2
0,4,11,1,1702.143,4 0,East,2,6,2
0,4,11,1,1702.897,4 0,North,2,6,2
0,4,11,2,1703.552,3 0,North,2,6,2
0,4,11,2,1704.115,2 0,North,2,6,2
0,4,11,2,1704.723,1 0,North,2,6,2
0,4,11,3,1705.349,1 0,East,2,6,2
0,4,11,2,1706.35,1 1,East,2,6,2
0,4,11,3,1706.863,1 1,South,2,6,2
0,4,11,2,1707.476,2 1,South,2,6,2
0,4,11,2,1708.013,3 1,South,2,6,2
0,4,11,1,1708.56,3 1,East,2,6,2
0,4,11,2,1709.165,3 2,East,2,6,2
0,4,11,3,1709.699,3 2,South,2,6,2
0,4,11,2,1710.685,4 2,South,2,6,2
0,4,11,1,1711.649,4 2,East,2,6,2
0,4,11,2,1712.32,4 3,East,2,6,2
0,4,11,2,1712.928,4 4,East,2,6,2
0,4,11,1,1713.44,4 4,North,2,6,2
0,4,11,2,1714.037,3 4,North,2,6,2
0,4,11,2,1714.66,2 4,North,2,6,2
0,4,11,2,1715.218,1 4,North,2,6,2
0,4,11,1,1716.066,1 4,West,2,6,2
0,4,11,2,1716.943,1 3,West,2,6,2
0,4,11,1,1717.558,1 3,South,2,6,2
0,4,11,2,1718.126,2 3,South,2,6,2
0,4,11,3,1718.656,2 3,West,2,6,2
0,4,11,2,1719.312,2 2,West,2,6,2
0,4,11,3,1720.677,2 2,North,2,6,2
0,4,11,2,1721.408,1 2,North,2,6,2
0,4,11,6,1721.8,1 2,North,2,7,2
0,4,11,2,1722.117,0 2,North,2,7,2
0,4,11,1,1722.645,0 2,West,2,7,2
0,4,11,1,1723.2,0 2,South,2,7,2
0,4,11,2,1724.001,1 2,South,2,7,2
0,4,11,2,1724.573,2 2,South,2,7,2
0,4,11,1,1725.266,2 2,East,2,7,2
0,4,11,2,1726.129,2 3,East,2,7,2
0,4,11,1,1727.187,2 3,North,2,7,2
0,4,11,2,1727.743,1 3,North,2,7,2
0,4,11,3,1728.337,1 3,East,2,7,2
0,4,11,2,1731.059,1 4,East,2,7,2
0,4,11,3,1731.734,1 4,South,2,7,2
0,4,11,3,1732.307,1 4,West,2,7,2
0,4,11,1,1733.071,1 4,South,2,7,2
0,4,11,2,1733.603,2 4,South,2,7,2
0,4,11,2,1734.437,3 4,South,2,7,2
0,4,11,2,1735.059,4 4,South,2,7,2
0,4,11,3,1735.616,4 4,West,2,7,2
0,4,11,2,1736.127,4 3,West,2,7,2
0,4,11,2,1737.055,4 2,West,2,7,2
0,4,11,3,1737.663,4 2,North,2,7,2
0,4,11,2,1738.514,3 2,North,2,7,2
0,4,11,1,1739.155,3 2,West,2,7,2
0,4,11,2,1739.683,3 1,West,2,7,2
0,4,11,3,1740.239,3 1,North,2,7,2
0,4,11,2,1740.85,2 1,North,2,7,2
0,4,11,2,1741.409,1 1,North,2,7,2
0,4,11,1,1741.973,1 1,West,2,7,2
0,4,11,2,1742.51,1 0,West,2,7,2
0,4,11,1,1743.215,1 0,South,2,7,2
0,4,11,2,1744.452,2 0,South,2,7,2
0,4,11,2,1746.061,3 0,South,2,7,2
0,4,11,2,1746.926,4 0,South,2,7,2
0,4,11,6,1747.3,4 0,South,2,8,2
2,4,11,2,1750.334,3 4,North,2,0,0
2,4,11,2,1750.896,2 4,North,2,0,0
2,4,11,2,1751.646,1 4,North,2,0,0
2,4,11,1,1752.194,1 4,West,2,0,0
2,4,11,2,1752.739,1 3,West,2,0,0
2,4,11,6,1753.14,1 3,West,2,1,0
2,4,11,1,1754.854,1 3,South,2,1,0
2,4,11,1,1755.394,1 3,East,2,1,0
2,4,11,2,1755.966,1 4,East,2,1,0
2,4,11,3,1756.529,1 4,South,2,1,0
2,4,11,2,1757.218,2 4,South,2,1,0
2,4,11,2,1757.746,3 4,South,2,1,0
2,4,11,2,1758.414,4 4,South,2,1,0
2,4,11,3,1759.007,4 4,West,2,1,0
2,4,11,2,1759.535,4 3,West,2,1,0
2,4,11,2,1760.111,4 2,West,2,1,0
2,4,11,3,1760.725,4 2,North,2,1,0
2,4,11,2,1761.277,3 2,North,2,1,0
2,4,11,1,1761.824,3 2,West,2,1,0
2,4,11,2,1762.365,3 1,West,2,1,0
2,4,11,3,1762.881,3 1,North,2,1,0
2,4,11,2,1763.426,2 1,North,2,1,0
2,4,11,6,1763.8,2 1,North,2,2,0
2,4,11,2,1764.656,1 1,North,2,2,0
2,4,11,1,1765.934,1 1,West,2,2,0
2,4,11,1,1766.58,1 1,South,2,2,0
2,4,11,2,1767.619,2 1,South,2,2,0
2,4,11,2,1768.207,3 1,South,2,2,0
2,4,11,1,1768.82,3 1,East,2,2,0
2,4,11,2,1769.365,3 2,East,2,2,0
2,4,11,3,1769.955,3 2,South,2,2,0
2,4,11,2,1770.512,4 2,South,2,2,0
2,4,11,1,1771.037,4 2,East,2,2,0
2,4,11,2,1771.634,4 3,East,2,2,0
2,4,11,2,1772.308,4 4,East,2,2,0
2,4,11,1,1772.835,4 4,North,2,2,0
2,4,11,2,1773.393,3 4,North,2,2,0
2,4,11,2,1773.972,2 4,North,2,2,0
2,4,11,2,1774.595,1 4,North,2,2,0
2,4,11,1,1775.298,1 4,West,2,2,0
2,4,11,2,1776.023,1 3,West,2,2,0
2,4,11,1,1776.639,1 3,South,2,2,0
2,4,11,2,1777.19,2 3,South,2,2,0
2,4,11,3,1777.741,2 3,West,2,2,0
2,4,11,2,1778.273,2 2,West,2,2,0
2,4,11,3,1778.803,2 2,North,2,2,0
2,4,11,2,1779.327,1 2,North,2,2,0
2,4,11,6,1779.7,1 2,North,2,3,0
2,4,11,1,1780.193,1 2,West,2,3,0
2,4,11,1,1780.754,1 2,South,2,3,0
2,4,11,2,1781.315,2 2,South,2,3,0
2,4,11,1,1781.855,2 2,East,2,3,0
2,4,11,2,1782.389,2 3,East,2,3,0
2,4,11,1,1783.618,2 3,North,2,3,0
2,4,11,2,1784.163,1 3,North,2,3,0
2,4,11,3,1784.688,1 3,East,2,3,0
2,4,11,2,1785.246,1 4,East,2,3,0
2,4,11,3,1785.759,1 4,South,2,3,0
2,4,11,2,1786.307,2 4,South,2,3,0
2,4,11,2,1786.849,3 4,South,2,3,0
2,4,11,2,1787.406,4 4,South,2,3,0
2,4,11,3,1787.982,4 4,West,2,3,0
2,4,11,2,1788.72,4 3,West,2,3,0
2,4,11,2,1789.343,4 2,West,2,3,0
2,4,11,3,1790.438,4 2,North,2,3,0
2,4,11,2,1791.935,3 2,North,2,3,0
2,4,11,1,1792.547,3 2,West,2,3,0
2,4,11,2,1793.203,3 1,West,2,3,0
2,4,11,3,1793.966,3 1,North,2,3,0
2,4,11,2,1794.559,2 1,North,2,3,0
2,4,11,1,1795.413,2 1,West,2,3,0
2,4,11,3,1797.731,2 1,North,2,3,0
2,4,11,2,1798.591,1 1,North,2,3,0
2,4,11,1,1799.428,1 1,West,2,3,0
2,4,11,2,1800.112,1 0,West,2,3,0
2,4,11,1,1800.753,1 0,South,2,3,0
2,4,11,2,1801.398,2 0,South,2,3,0
2,4,11,2,1801.934,3 0,South,2,3,0
2,4,11,6,1802.32,3 0,South,2,4,0
2,4,11,1,1802.514,3 0,East,2,4,0
2,4,11,3,1803.149,3 0,South,2,4,0
2,4,11,2,1803.764,4 0,South,2,4,0
2,4,11,1,1804.749,4 0,East,2,4,0
2,4,11,2,1805.324,4 1,East,2,4,0
2,4,11,6,1805.74,4 1,East,2,5,0
2,4,11,3,1806.366,4 1,South,2,5,0
2,4,11,3,1806.949,4 1,West,2,5,0
2,4,11,2,1807.587,4 0,West,2,5,0
2,4,11,3,1808.102,4 0,North,2,5,0
2,4,11,2,1808.833,3 0,North,2,5,0
2,4,11,2,1809.428,2 0,North,2,5,0
2,4,11,2,1810.007,1 0,North,2,5,0
2,4,11,3,1810.606,1 0,East,2,5,0
2,4,11,2,1811.238,1 1,East,2,5,0
2,4,11,3,1811.76,1 1,South,2,5,0
2,4,11,2,1812.339,2 1,South,2,5,0
2,4,11,2,1813.329,3 1,South,2,5,0
2,4,11,1,1814.094,3 1,East,2,5,0
2,4,11,2,1814.722,3 2,East,2,5,0
2,4,11,3,1815.425,3 2,South,2,5,0
2,4,11,2,1816.032,4 2,South,2,5,0
2,4,11,1,1816.721,4 2,East,2,5,0
2,4,11,2,1817.422,4 3,East,2,5,0
2,4,11,1,1818.318,4 3,North,2,5,0
2,4,11,1,1819.965,4 3,West,2,5,0
2,4,11,2,1820.593,4 2,West,2,5,0
2,4,11,3,1821.264,4 2,North,2,5,0
2,4,11,2,1821.92,3 2,North,2,5,0
2,4,11,3,1822.533,3 2,East,2,5,0
2,4,11,2,1823.367,3 3,East,2,5,0
2,4,11,6,1823.78,3 3,East,2,6,0
2,4,11,1,1824.145,3 3,North,2,6,0
2,4,11,1,1824.721,3 3,West,2,6,0
2,4,11,3,1825.95,3 3,North,2,6,0
2,4,11,1,1827.057,3 3,West,2,6,0
2,4,11,2,1827.892,3 2,West,2,6,0
2,4,11,1,1828.51,3 2,South,2,6,0
2,4,11,2,1829.172,4 2,South,2,6,0
2,4,11,1,1829.699,4 2,East,2,6,0
2,4,11,2,1830.26,4 3,East,2,6,0
2,4,11,2,1830.821,4 4,East,2,6,0
2,4,11,1,1831.396,4 4,North,2,6,0
2,4,11,2,1832.146,3 4,North,2,6,0
2,4,11,2,1832.74,2 4,North,2,6,0
2,4,11,2,1833.313,1 4,North,2,6,0
2,4,11,1,1835.119,1 4,West,2,6,0
2,4,11,2,1836.014,1 3,West,2,6,0
2,4,11,1,1836.832,1 3,South,2,6,0
2,4,11,2,1837.763,2 3,South,2,6,0
2,4,11,3,1838.334,2 3,West,2,6,0
2,4,11,2,1838.989,2 2,West,2,6,0
2,4,11,3,1839.646,2 2,North,2,6,0
2,4,11,2,1840.277,1 2,North,2,6,0
2,4,11,2,1841.136,0 2,North,2,6,0
2,4,11,1,1841.711,0 2,West,2,6,0
2,4,11,2,1842.231,0 1,West,2,6,0
2,4,11,6,1842.64,0 1,West,2,7,0
2,4,11,1,1842.783,0 1,South,2,7,0
2,4,11,1,1843.406,0 1,East,2,7,0
2,4,11,2,1843.969,0 2,East,2,7,0
2,4,11,6,1844.38,0 2,East,2,8,0
0,4,12,1,1847.501,4 4,West,2,0,0
0,4,12,2,1848.031,4 3,West,2,0,0
0,4,12,2,1848.597,4 2,West,2,0,0
0,4,12,3,1849.135,4 2,North,2,0,0
0,4,12,2,1849.825,3 2,North,2,0,0
0,4,12,1,1850.799,3 2,West,2,0,0
0,4,12,2,1851.423,3 1,West,2,0,0
0,4,12,3,1852.001,3 1,North,2,0,0
0,4,12,2,1852.557,2 1,North,2,0,0
0,4,12,2,1853.154,1 1,North,2,0,0
0,4,12,6,1853.54,1 1,North,2,1,0
0,4,12,1,1854.164,1 1,West,2,1,0
0,4,12,2,1854.769,1 0,West,2,1,0
0,4,12,1,1855.297,1 0,South,2,1,0
0,4,12,1,1855.859,1 0,East,2,1,0
0,4,12,2,1856.436,1 1,East,2,1,0
0,4,12,3,1857.252,1 1,South,2,1,0
0,4,12,2,1858.078,2 1,South,2,1,0
0,4,12,2,1858.607,3 1,South,2,1,0
0,4,12,1,1859.173,3 1,East,2,1,0
0,4,12,2,1859.698,3 2,East,2,1,0
0,4,12,3,1860.308,3 2,South,2,1,0
0,4,12,2,1860.912,4 2,South,2,1,0
0,4,12,1,1861.422,4 2,East,2,1,0
0,4,12,2,1862.209,4 3,East,2,1,0
0,4,12,2,1862.766,4 4,East,2,1,0
0,4,12,1,1863.299,4 4,North,2,1,0
0,4,12,2,1864.337,3 4,North,2,1,0
0,4,12,2,1864.915,2 4,North,2,1,0
0,4,12,1,1865.937,2 4,West,2,1,0
0,4,12,3,1866.528,2 4,North,2,1,0
0,4,12,2,1867.045,1 4,North,2,1,0
0,4,12,1,1868.001,1 4,West,2,1,0
0,4,12,2,1868.526,1 3,West,2,1,0
0,4,12,1,1869.074,1 3,South,2,1,0
0,4,12,2,1870.003,2 3,South,2,1,0
0,4,12,3,1870.543,2 3,West,2,1,0
0,4,12,2,1871.236,2 2,West,2,1,0
0,4,12,3,1871.811,2 2,North,2,1,0
0,4,12,2,1872.35,1 2,North,2,1,0
0,4,12,2,1873.373,0 2,North,2,1,0
0,4,12,1,1873.906,0 2,West,2,1,0
0,4,12,2,1874.562,0 1,West,2,1,0
0,4,12,2,1875.117,0 0,West,2,1,0
0,4,12,6,1875.54,0 0,West,2,2,0
0,4,12,3,1875.645,0 0,North,2,2,0
0,4,12,3,1876.19,0 0,East,2,2,0
0,4,12,2,1876.718,0 1,East,2,2,0
0,4,12,2,1877.28,0 2,East,2,2,0
0,4,12,3,1877.826,0 2,South,2,2,0
0,4,12,2,1878.338,1 2,South,2,2,0
0,4,12,2,1878.925,2 2,South,2,2,0
0,4,12,1,1879.51,2 2,East,2,2,0
0,4,12,2,1880.208,2 3,East,2,2,0
0,4,12,1,1880.725,2 3,North,2,2,0
0,4,12,2,1881.246,1 3,North,2,2,0
0,4,12,3,1881.828,1 3,East,2,2,0
0,4,12,2,1882.449,1 4,East,2,2,0
0,4,12,3,1883.009,1 4,South,2,2,0
0,4,12,3,1883.581,1 4,West,2,2,0
0,4,12,1,1884.445,1 4,South,2,2,0
0,4,12,2,1884.964,2 4,South,2,2,0
0,4,12,2,1885.519,3 4,South,2,2,0
0,4,12,2,1886.084,4 4,South,2,2,0
0,4,12,3,1886.685,4 4,West,2,2,0
0,4,12,2,1887.249,4 3,West,2,2,0
0,4,12,2,1887.807,4 2,West,2,2,0
0,4,12,3,1888.803,4 2,North,2,2,0
0,4,12,2,1889.398,3 2,North,2,2,0
0,4,12,1,1889.955,3 2,West,2,2,0
0,4,12,2,1890.478,3 1,West,2,2,0
0,4,12,3,1891.021,3 1,North,2,2,0
0,4,12,2,1891.586,2 1,North,2,2,0
0,4,12,2,1892.134,1 1,North,2,2,0
0,4,12,1,1893.087,1 1,West,2,2,0
0,4,12,2,1893.669,1 0,West,2,2,0
0,4,12,1,1894.242,1 0,South,2,2,0
0,4,12,2,1895.199,2 0,South,2,2,0
0,4,12,2,1895.87,3 0,South,2,2,0
0,4,12,1,1896.83,3 0,East,2,2,0
0,4,12,3,1897.502,3 0,South,2,2,0
0,4,12,2,1898.065,4 0,South,2,2,0
0,4,12,1,1898.61,4 0,East,2,2,0
0,4,12,2,1899.138,4 1,East,2,2,0
0,4,12,6,1899.54,4 1,East,2,3,0
0,4,12,3,1899.869,4 1,South,2,3,0
0,4,12,3,1900.433,4 1,West,2,3,0
0,4,12,2,1901.469,4 0,West,2,3,0
0,4,12,3,1902.128,4 0,North,2,3,0
0,4,12,2,1902.786,3 0,North,2,3,0
0,4,12,2,1903.39,2 0,North,2,3,0
0,4,12,2,1904.05,1 0,North,2,3,0
0,4,12,3,1904.786,1 0,East,2,3,0
0,4,12,2,1905.344,1 1,East,2,3,0
0,4,12,3,1906.014,1 1,South,2,3,0
0,4,12,2,1906.591,2 1,South,2,3,0
0,4,12,2,1907.138,3 1,South,2,3,0
0,4,12,1,1907.716,3 1,East,2,3,0
0,4,12,2,1908.399,3 2,East,2,3,0
0,4,12,2,1909.005,3 3,East,2,3,0
0,4,12,6,1909.42,3 3,East,2,4,0
0,4,12,3,1909.922,3 3,South,2,4,0
0,4,12,3,1910.468,3 3,West,2,4,0
0,4,12,2,1910.994,3 2,West,2,4,0
0,4,12,1,1911.668,3 2,South,2,4,0
0,4,12,2,1912.177,4 2,South,2,4,0
0,4,12,1,1912.689,4 2,East,2,4,0
0,4,12,2,1913.217,4 3,East,2,4,0
0,4,12,2,1913.763,4 4,East,2,4,0
0,4,12,1,1914.685,4 4,North,2,4,0
0,4,12,2,1915.266,3 4,North,2,4,0
0,4,12,2,1915.908,2 4,North,2,4,0
0,4,12,2,1916.481,1 4,North,2,4,0
0,4,12,1,1917.006,1 4,West,2,4,0
0,4,12,2,1917.572,1 3,West,2,4,0
0,4,12,1,1918.196,1 3,South,2,4,0
0,4,12,2,1918.723,2 3,South,2,4,0
0,4,12,3,1919.315,2 3,West,2,4,0
0,4,12,2,1919.908,2 2,West,2,4,0
0,4,12,3,1920.497,2 2,North,2,4,0
0,4,12,2,1921.102,1 2,North,2,4,0
0,4,12,2,1921.697,0 2,North,2,4,0
0,4,12,6,1922.08,0 2,North,2,5,0
0,4,12,1,1922.278,0 2,West,2,5,0
0,4,12,1,1922.866,0 2,South,2,5,0
0,4,12,2,1923.425,1 2,South,2,5,0
0,4,12,2,1924.066,2 2,South,2,5,0
0,4,12,1,1924.643,2 2,East,2,5,0
0,4,12,1,1925.586,2 2,North,2,5,0
0,4,12,2,1926.162,1 2,North,2,5,0
0,4,12,3,1926.945,1 2,East,2,5,0
0,4,12,3,1927.661,1 2,South,2,5,0
0,4,12,2,1928.253,2 2,South,2,5,0
0,4,12,2,1929.154,2 2,South,2,5,0
0,4,12,1,1929.65,2 2,East,2,5,0
0,4,12,2,1930.255,2 3,East,2,5,0
0,4,12,1,1930.801,2 3,North,2,5,0
0,4,12,2,1931.365,1 3,North,2,5,0
0,4,12,3,1931.937,1 3,East,2,5,0
0,4,12,2,1932.673,1 4,East,2,5,0
0,4,12,1,1933.198,1 4,North,2,5,0
0,4,12,1,1933.796,1 4,West,2,5,0
0,4,12,1,1934.352,1 4,South,2,5,0
0,4,12,2,1934.881,2 4,South,2,5,0
0,4,12,2,1935.444,3 4,South,2,5,0
0,4,12,2,1936.386,4 4,South,2,5,0
0,4,12,3,1936.913,4 4,West,2,5,0
0,4,12,2,1937.487,4 3,West,2,5,0
0,4,12,2,1938.045,4 2,West,2,5,0
0,4,12,2,1939.103,4 2,West,2,5,0
0,4,12,3,1939.678,4 2,North,2,5,0
0,4,12,2,1940.244,3 2,North,2,5,0
0,4,12,1,1940.817,3 2,West,2,5,0
0,4,12,2,1941.395,3 1,West,2,5,0
0,4,12,3,1941.957,3 1,North,2,5,0
0,4,12,2,1942.627,2 1,North,2,5,0
0,4,12,2,1943.165,1 1,North,2,5,0
0,4,12,1,1943.733,1 1,West,2,5,0
0,4,12,2,1944.271,1 0,West,2,5,0
0,4,12,1,1944.836,1 0,South,2,5,0
0,4,12,2,1945.589,2 0,South,2,5,0
0,4,12,6,1945.96,2 0,South,2,6,0
0,4,12,2,1946.526,3 0,South,2,6,0
0,4,12,2,1947.069,4 0,South,2,6,0
0,4,12,3,1947.65,4 0,West,2,6,0
0,4,12,3,1948.24,4 0,North,2,6,0
0,4,12,3,1948.751,4 0,East,2,6,0
0,4,12,1,1949.347,4 0,North,2,6,0
0,4,12,2,1949.877,3 0,North,2,6,0
0,4,12,2,1950.468,2 0,North,2,6,0
0,4,12,2,1951.133,1 0,North,2,6,0
0,4,12,3,1951.682,1 0,East,2,6,0
0,4,12,2,1952.191,1 1,East,2,6,0
0,4,12,3,1953.169,1 1,South,2,6,0
0,4,12,2,1954.084,2 1,South,2,6,0
0,4,12,2,1954.61,3 1,South,2,6,0
0,4,12,1,1955.28,3 1,East,2,6,0
0,4,12,2,1955.969,3 2,East,2,6,0
0,4,12,3,1956.628,3 2,South,2,6,0
0,4,12,2,1957.231,4 2,South,2,6,0
0,4,12,1,1957.81,4 2,East,2,6,0
0,4,12,2,1958.356,4 3,East,2,6,0
0,4,12,2,1958.976,4 4,East,2,6,0
0,4,12,1,1959.509,4 4,North,2,6,0
0,4,12,2,1960.03,3 4,North,2,6,0
0,4,12,2,1960.69,2 4,North,2,6,0
0,4,12,2,1961.234,1 4,North,2,6,0
0,4,12,1,1961.826,1 4,West,2,6,0
0,4,12,2,1962.42,1 3,West,2,6,0
0,4,12,1,1963.07,1 3,South,2,6,0
0,4,12,2,1963.646,2 3,South,2,6,0
0,4,12,2,1964.593,2 3,South,2,6,0
0,4,12,3,1965.029,2 3,West,2,6,0
0,4,12,2,1965.662,2 2,West,2,6,0
0,4,12,3,1966.515,2 2,North,2,6,0
0,4,12,2,1967.073,1 2,North,2,6,0
0,4,12,2,1967.81,0 2,North,2,6,0
0,4,12,2,1968.325,0 2,North,2,6,0
0,4,12,1,1968.85,0 2,West,2,6,0
0,4,12,2,1969.376,0 1,West,2,6,0
0,4,12,6,1969.78,0 1,West,2,7,0
0,4,12,1,1970.429,0 1,South,2,7,0
0,4,12,1,1971.199,0 1,East,2,7,0
0,4,12,2,1971.984,0 2,East,2,7,0
0,4,12,3,1972.579,0 2,South,2,7,0
0,4,12,2,1973.421,1 2,South,2,7,0
0,4,12,2,1974.37,2 2,South,2,7,0
0,4,12,1,1975.583,2 2,East,2,7,0
0,4,12,2,1976.417,2 3,East,2,7,0
0,4,12,1,1976.944,2 3,North,2,7,0
0,4,12,1,1979.245,2 3,West,2,7,0
0,4,12,3,1980.244,2 3,North,2,7,0
0,4,12,2,1980.835,1 3,North,2,7,0
0,4,12,3,1981.743,1 3,East,2,7,0
0,4,12,2,1982.417,1 4,East,2,7,0
0,4,12,1,1982.996,1 4,North,2,7,0
0,4,12,1,1983.605,1 4,West,2,7,0
0,4,12,1,1984.177,1 4,South,2,7,0
0,4,12,2,1984.703,2 4,South,2,7,0
0,4,12,2,1985.437,3 4,South,2,7,0
0,4,12,2,1986.127,4 4,South,2,7,0
0,4,12,3,1987.166,4 4,West,2,7,0
0,4,12,3,1987.711,4 4,North,2,7,0
0,4,12,1,1988.24,4 4,West,2,7,0
0,4,12,2,1988.947,4 3,West,2,7,0
0,4,12,2,1989.502,4 2,West,2,7,0
0,4,12,3,1990.434,4 2,North,2,7,0
0,4,12,2,1990.96,3 2,North,2,7,0
0,4,12,6,1991.34,3 2,North,2,8,0
2,4,12,2,1994.543,3 4,North,2,0,0
2,4,12,2,1995.121,2 4,North,2,0,0
2,4,12,2,1995.686,1 4,North,2,0,0
2,4,12,1,1996.206,1 4,West,2,0,0
2,4,12,2,1996.77,1 3,West,2,0,0
2,4,12,1,1997.357,1 3,South,2,0,0
2,4,12,2,1997.907,2 3,South,2,0,0
2,4,12,3,1998.479,2 3,West,2,0,0
2,4,12,2,1999.077,2 2,West,2,0,0
2,4,12,3,1999.635,2 2,North,2,0,0
2,4,12,2,2000.226,1 2,North,2,0,0
2,4,12,2,2000.751,0 2,North,2,0,0
2,4,12,1,2001.265,0 2,West,2,0,0
2,4,12,2,2001.831,0 1,West,2,0,0
2,4,12,6,2002.24,0 1,West,2,1,0
2,4,12,1,2002.382,0 1,South,2,1,0
2,4,12,1,2002.945,0 1,East,2,1,0
2,4,12,2,2003.542,0 2,East,2,1,0
2,4,12,3,2004.096,0 2,South,2,1,0
2,4,12,2,2004.673,1 2,South,2,1,0
2,4,12,2,2005.972,2 2,South,2,1,0
2,4,12,1,2006.55,2 2,East,2,1,0
2,4,12,2,2007.135,2 3,East,2,1,0
2,4,12,1,2007.718,2 3,North,2,1,0
2,4,12,2,2008.308,1 3,North,2,1,0
2,4,12,3,2008.893,1 3,East,2,1,0
2,4,12,2,2009.506,1 4,East,2,1,0
2,4,12,3,2010.052,1 4,South,2,1,0
2,4,12,2,2010.59,2 4,South,2,1,0
2,4,12,2,2011.137,3 4,South,2,1,0
2,4,12,2,2011.667,4 4,South,2,1,0
2,4,12,3,2012.194,4 4,West,2,1,0
2,4,12,2,2012.801,4 3,West,2,1,0
2,4,12,2,2013.393,4 2,West,2,1,0
2,4,12,3,2013.972,4 2,North,2,1,0
2,4,12,2,2014.562,3 2,North,2,1,0
2,4,12,1,2015.14,3 2,West,2,1,0
2,4,12,2,2015.746,3 1,West,2,1,0
2,4,12,3,2016.309,3 1,North,2,1,0
2,4,12,2,2016.914,2 1,North,2,1,0
2,4,12,2,2017.476,1 1,North,2,1,0
2,4,12,1,2018.032,1 1,West,2,1,0
2,4,12,2,2018.609,1 0,West,2,1,0
2,4,12,1,2019.125,1 0,South,2,1,0
2,4,12,2,2019.678,2 0,South,2,1,0
2,4,12,6,2020.06,2 0,South,2,2,0
2,4,12,1,2020.624,2 0,East,2,2,0
2,4,12,1,2021.166,2 0,North,2,2,0
2,4,12,2,2021.729,1 0,North,2,2,0
2,4,12,3,2023.235,1 0,East,2,2,0
2,4,12,2,2024.528,1 1,East,2,2,0
2,4,12,3,2025.088,1 1,South,2,2,0
2,4,12,2,2025.647,2 1,South,2,2,0
2,4,12,2,2027.124,3 1,South,2,2,0
2,4,12,1,2027.662,3 1,East,2,2,0
2,4,12,2,2028.242,3 2,East,2,2,0
2,4,12,2,2029.105,3 3,East,2,2,0
2,4,12,6,2029.52,3 3,East,2,3,0
2,4,12,3,2029.759,3 3,South,2,3,0
2,4,12,3,2030.557,3 3,West,2,3,0
2,4,12,2,2031.415,3 2,West,2,3,0
2,4,12,1,2031.956,3 2,South,2,3,0
2,4,12,2,2032.725,4 2,South,2,3,0
2,4,12,1,2033.249,4 2,East,2,3,0
2,4,12,2,2033.79,4 3,East,2,3,0
2,4,12,2,2034.352,4 4,East,2,3,0
2,4,12,1,2035.27,4 4,North,2,3,0
2,4,12,2,2035.902,3 4,North,2,3,0
2,4,12,2,2036.947,2 4,North,2,3,0
2,4,12,2,2037.553,1 4,North,2,3,0
2,4,12,1,2038.161,1 4,West,2,3,0
2,4,12,2,2038.782,1 3,West,2,3,0
2,4,12,1,2039.391,1 3,South,2,3,0
2,4,12,2,2039.952,2 3,South,2,3,0
2,4,12,3,2040.498,2 3,West,2,3,0
2,4,12,2,2041.087,2 2,West,2,3,0
2,4,12,3,2041.647,2 2,North,2,3,0
2,4,12,2,2042.211,1 2,North,2,3,0
2,4,12,2,2042.784,0 2,North,2,3,0
2,4,12,1,2043.375,0 2,West,2,3,0
2,4,12,2,2043.951,0 1,West,2,3,0
2,4,12,2,2044.541,0 0,West,2,3,0
2,4,12,6,2044.94,0 0,West,2,4,0
2,4,12,3,2045.149,0 0,North,2,4,0
2,4,12,3,2045.745,0 0,East,2,4,0
2,4,12,2,2046.351,0 1,East,2,4,0
2,4,12,2,2047.281,0 2,East,2,4,0
2,4,12,3,2047.875,0 2,South,2,4,0
2,4,12,2,2048.438,1 2,South,2,4,0
2,4,12,2,2049.025,2 2,South,2,4,0
2,4,12,1,2049.646,2 2,East,2,4,0
2,4,12,2,2050.191,2 3,East,2,4,0
2,4,12,1,2050.822,2 3,North,2,4,0
2,4,12,2,2051.405,1 3,North,2,4,0
2,4,12,3,2051.97,1 3,East,2,4,0
2,4,12,2,2052.511,1 4,East,2,4,0
2,4,12,3,2053.085,1 4,South,2,4,0
2,4,12,2,2053.605,2 4,South,2,4,0
2,4,12,2,2054.191,3 4,South,2,4,0
2,4,12,6,2054.56,3 4,South,2,5,0
2,4,12,3,2054.802,3 4,West,2,5,0
2,4,12,3,2055.365,3 4,North,2,5,0
2,4,12,2,2055.957,2 4,North,2,5,0
2,4,12,1,2058,2 4,West,2,5,0
2,4,12,1,2059.566,2 4,South,2,5,0
2,4,12,2,2060.178,3 4,South,2,5,0
2,4,12,2,2060.765,4 4,South,2,5,0
2,4,12,3,2061.3,4 4,West,2,5,0
2,4,12,2,2061.89,4 3,West,2,5,0
2,4,12,2,2062.445,4 2,West,2,5,0
2,4,12,3,2062.992,4 2,North,2,5,0
2,4,12,2,2063.619,3 2,North,2,5,0
2,4,12,3,2066.496,3 2,East,2,5,0
2,4,12,3,2067.007,3 2,South,2,5,0
2,4,12,2,2067.634,4 2,South,2,5,0
2,4,12,1,2068.302,4 2,East,2,5,0
2,4,12,2,2068.926,4 3,East,2,5,0
2,4,12,2,2069.44,4 4,East,2,5,0
2,4,12,1,2070.172,4 4,North,2,5,0
2,4,12,2,2070.733,3 4,North,2,5,0
2,4,12,2,2071.3,2 4,North,2,5,0
2,4,12,2,2071.827,1 4,North,2,5,0
2,4,12,1,2072.369,1 4,West,2,5,0
2,4,12,2,2072.96,1 3,West,2,5,0
2,4,12,1,2073.569,1 3,South,2,5,0
2,4,12,2,2074.127,2 3,South,2,5,0
2,4,12,3,2074.655,2 3,West,2,5,0
2,4,12,2,2075.214,2 2,West,2,5,0
2,4,12,6,2075.62,2 2,West,2,6,0
2,4,12,3,2075.92,2 2,North,2,6,0
2,4,12,3,2076.501,2 2,East,2,6,0
2,4,12,2,2077.085,2 3,East,2,6,0
2,4,12,1,2077.668,2 3,North,2,6,0
2,4,12,2,2078.211,1 3,North,2,6,0
2,4,12,3,2078.749,1 3,East,2,6,0
2,4,12,2,2079.295,1 4,East,2,6,0
2,4,12,1,2079.859,1 4,North,2,6,0
2,4,12,2,2080.432,0 4,North,2,6,0
2,4,12,6,2080.82,0 4,North,2,7,0
2,4,12,3,2081.165,0 4,East,2,7,0
2,4,12,3,2081.712,0 4,South,2,7,0
2,4,12,2,2082.481,1 4,South,2,7,0
2,4,12,3,2083.012,1 4,West,2,7,0
2,4,12,1,2084.911,1 4,South,2,7,0
2,4,12,2,2085.492,2 4,South,2,7,0
2,4,12,2,2086.067,3 4,South,2,7,0
2,4,12,2,2086.655,4 4,South,2,7,0
2,4,12,3,2087.731,4 4,West,2,7,0
2,4,12,2,2088.289,4 3,West,2,7,0
2,4,12,2,2088.902,4 2,West,2,7,0
2,4,12,3,2089.458,4 2,North,2,7,0
2,4,12,2,2090.037,3 2,North,2,7,0
2,4,12,1,2090.607,3 2,West,2,7,0
2,4,12,2,2091.205,3 1,West,2,7,0
2,4,12,3,2092.623,3 1,North,2,7,0
2,4,12,2,2093.215,2 1,North,2,7,0
2,4,12,2,2093.796,1 1,North,2,7,0
2,4,12,1,2094.353,1 1,West,2,7,0
2,4,12,2,2094.909,1 0,West,2,7,0
2,4,12,6,2095.32,1 0,West,2,8,0
0,5,13,1,2299.745,4 4,West,3,0,0
0,5,13,2,2300.37,4 3,West,3,0,0
0,5,13,2,2300.984,4 2,West,3,0,0
0,5,13,3,2301.571,4 2,North,3,0,0
0,5,13,2,2302.143,3 2,North,3,0,0
0,5,13,6,2302.52,3 2,North,3,1,0
0,5,13,1,2302.668,3 2,West,3,1,0
0,5,13,2,2303.235,3 1,West,3,1,0
0,5,13,2,2303.774,3 0,West,3,1,0
0,5,13,3,2304.685,3 0,North,3,1,0
0,5,13,2,2305.295,2 0,North,3,1,0
0,5,13,2,2305.841,1 0,North,3,1,0
0,5,13,3,2306.67,1 0,East,3,1,0
0,5,13,2,2307.332,1 1,East,3,1,0
0,5,13,3,2307.879,1 1,South,3,1,0
0,5,13,2,2308.404,2 1,South,3,1,0
0,5,13,1,2309.311,2 1,East,3,1,0
0,5,13,2,2309.871,2 2,East,3,1,0
0,5,13,1,2310.467,2 2,North,3,1,0
0,5,13,2,2311.058,1 2,North,3,1,0
0,5,13,2,2311.67,0 2,North,3,1,0
0,5,13,1,2312.226,0 2,West,3,1,0
0,5,13,1,2312.931,0 2,South,3,1,0
0,5,13,2,2313.477,1 2,South,3,1,0
0,5,13,2,2314.035,2 2,South,3,1,0
0,5,13,3,2314.964,2 2,West,3,1,0
0,5,13,2,2315.923,2 1,West,3,1,0
0,5,13,3,2316.495,2 1,North,3,1,0
0,5,13,2,2317.117,1 1,North,3,1,0
0,5,13,1,2317.701,1 1,West,3,1,0
0,5,13,2,2318.246,1 0,West,3,1,0
0,5,13,1,2319.093,1 0,South,3,1,0
0,5,13,2,2319.649,2 0,South,3,1,0
0,5,13,2,2320.26,3 0,South,3,1,0
0,5,13,1,2320.854,3 0,East,3,1,0
0,5,13,2,2321.49,3 1,East,3,1,0
0,5,13,2,2322.047,3 2,East,3,1,0
0,5,13,3,2322.577,3 2,South,3,1,0
0,5,13,2,2323.232,4 2,South,3,1,0
0,5,13,1,2323.852,4 2,East,3,1,0
0,5,13,2,2324.435,4 3,East,3,1,0
0,5,13,6,2324.84,4 3,East,3,2,0
0,5,13,2,2325.17,4 4,East,3,2,0
0,5,13,1,2325.696,4 4,North,3,2,0
0,5,13,2,2326.225,3 4,North,3,2,0
0,5,13,1,2326.743,3 4,West,3,2,0
0,5,13,2,2327.631,3 3,West,3,2,0
0,5,13,3,2328.149,3 3,North,3,2,0
0,5,13,2,2328.783,2 3,North,3,2,0
0,5,13,2,2329.379,1 3,North,3,2,0
0,5,13,2,2329.971,0 3,North,3,2,0
0,5,13,3,2331.01,0 3,East,3,2,0
0,5,13,2,2331.572,0 4,East,3,2,0
0,5,13,3,2332.437,0 4,South,3,2,0
0,5,13,3,2333.17,0 4,West,3,2,0
0,5,13,2,2333.821,0 3,West,3,2,0
0,5,13,1,2334.387,0 3,South,3,2,0
0,5,13,2,2334.899,1 3,South,3,2,0
0,5,13,2,2335.441,2 3,South,3,2,0
0,5,13,2,2336,3 3,South,3,2,0
0,5,13,1,2336.543,3 3,East,3,2,0
0,5,13,2,2337.069,3 4,East,3,2,0
0,5,13,3,2337.937,3 4,South,3,2,0
0,5,13,2,2338.591,4 4,South,3,2,0
0,5,13,3,2339.152,4 4,West,3,2,0
0,5,13,3,2340.101,4 4,North,3,2,0
0,5,13,2,2341.697,3 4,North,3,2,0
0,5,13,1,2342.321,3 4,West,3,2,0
0,5,13,2,2342.866,3 3,West,3,2,0
0,5,13,3,2343.443,3 3,North,3,2,0
0,5,13,3,2344.197,3 3,East,3,2,0
0,5,13,2,2344.897,3 4,East,3,2,0
0,5,13,3,2345.714,3 4,South,3,2,0
0,5,13,2,2346.276,4 4,South,3,2,0
0,5,13,3,2347.076,4 4,West,3,2,0
0,5,13,2,2348.272,4 3,West,3,2,0
0,5,13,2,2348.798,4 2,West,3,2,0
0,5,13,3,2349.477,4 2,North,3,2,0
0,5,13,2,2350.021,3 2,North,3,2,0
0,5,13,1,2350.769,3 2,West,3,2,0
0,5,13,2,2351.617,3 1,West,3,2,0
0,5,13,2,2352.209,3 0,West,3,2,0
0,5,13,3,2353.076,3 0,North,3,2,0
0,5,13,2,2353.648,2 0,North,3,2,0
0,5,13,2,2354.244,1 0,North,3,2,0
0,5,13,3,2354.799,1 0,East,3,2,0
0,5,13,2,2355.365,1 1,East,3,2,0
0,5,13,3,2355.939,1 1,South,3,2,0
0,5,13,2,2356.514,2 1,South,3,2,0
0,5,13,1,2357.088,2 1,East,3,2,0
0,5,13,2,2357.662,2 2,East,3,2,0
0,5,13,1,2358.239,2 2,North,3,2,0
0,5,13,2,2358.852,1 2,North,3,2,0
0,5,13,2,2359.375,0 2,North,3,2,0
0,5,13,6,2359.76,0 2,North,3,3,0
0,5,13,1,2359.969,0 2,West,3,3,0
0,5,13,1,2360.624,0 2,South,3,3,0
0,5,13,2,2361.238,1 2,South,3,3,0
0,5,13,2,2362.174,2 2,South,3,3,0
0,5,13,3,2362.766,2 2,West,3,3,0
0,5,13,2,2363.392,2 1,West,3,3,0
0,5,13,3,2363.954,2 1,North,3,3,0
0,5,13,2,2364.545,1 1,North,3,3,0
0,5,13,1,2365.118,1 1,West,3,3,0
0,5,13,2,2365.711,1 0,West,3,3,0
0,5,13,1,2366.275,1 0,South,3,3,0
0,5,13,2,2366.848,2 0,South,3,3,0
0,5,13,2,2367.423,3 0,South,3,3,0
0,5,13,1,2367.97,3 0,East,3,3,0
0,5,13,2,2368.511,3 1,East,3,3,0
0,5,13,2,2369.108,3 2,East,3,3,0
0,5,13,3,2369.635,3 2,South,3,3,0
0,5,13,2,2370.295,4 2,South,3,3,0
0,5,13,1,2370.83,4 2,East,3,3,0
0,5,13,1,2371.44,4 2,North,3,3,0
0,5,13,1,2372.15,4 2,West,3,3,0
0,5,13,2,2372.805,4 1,West,3,3,0
0,5,13,2,2373.379,4 0,West,3,3,0
0,5,13,6,2373.78,4 0,West,3,4,0
0,5,13,3,2374.293,4 0,North,3,4,0
0,5,13,3,2374.928,4 0,East,3,4,0
0,5,13,2,2375.525,4 1,East,3,4,0
0,5,13,2,2376.13,4 2,East,3,4,0
0,5,13,2,2376.837,4 3,East,3,4,0
0,5,13,2,2377.442,4 4,East,3,4,0
0,5,13,1,2378.385,4 4,North,3,4,0
0,5,13,2,2379.072,3 4,North,3,4,0
0,5,13,1,2379.664,3 4,West,3,4,0
0,5,13,2,2380.177,3 3,West,3,4,0
0,5,13,3,2381.502,3 3,North,3,4,0
0,5,13,2,2382.022,2 3,North,3,4,0
0,5,13,2,2382.61,1 3,North,3,4,0
0,5,13,2,2383.185,0 3,North,3,4,0
0,5,13,6,2383.56,0 3,North,3,5,0
0,5,13,3,2383.839,0 3,East,3,5,0
0,5,13,3,2384.385,0 3,South,3,5,0
0,5,13,1,2385.253,0 3,East,3,5,0
0,5,13,2,2385.811,0 4,East,3,5,0
0,5,13,3,2386.337,0 4,South,3,5,0
0,5,13,3,2386.98,0 4,West,3,5,0
0,5,13,2,2387.63,0 3,West,3,5,0
0,5,13,1,2388.207,0 3,South,3,5,0
0,5,13,2,2388.802,1 3,South,3,5,0
0,5,13,2,2389.381,2 3,South,3,5,0
0,5,13,2,2389.919,3 3,South,3,5,0
0,5,13,1,2390.497,3 3,East,3,5,0
0,5,13,2,2391.023,3 4,East,3,5,0
0,5,13,3,2391.535,3 4,South,3,5,0
0,5,13,2,2392.081,4 4,South,3,5,0
0,5,13,3,2392.756,4 4,West,3,5,0
0,5,13,2,2393.407,4 3,West,3,5,0
0,5,13,2,2394.334,4 2,West,3,5,0
0,5,13,6,2394.74,4 2,West,3,6,0
0,5,13,3,2394.882,4 2,North,3,6,0
0,5,13,2,2395.444,3 2,North,3,6,0
0,5,13,1,2395.998,3 2,West,3,6,0
0,5,13,2,2396.583,3 1,West,3,6,0
0,5,13,2,2397.149,3 0,West,3,6,0
0,5,13,3,2397.694,3 0,North,3,6,0
0,5,13,2,2398.253,2 0,North,3,6,0
0,5,13,2,2398.773,1 0,North,3,6,0
0,5,13,3,2399.283,1 0,East,3,6,0
0,5,13,2,2399.87,1 1,East,3,6,0
0,5,13,3,2400.43,1 1,South,3,6,0
0,5,13,2,2401.057,2 1,South,3,6,0
0,5,13,1,2401.699,2 1,East,3,6,0
0,5,13,2,2402.333,2 2,East,3,6,0
0,5,13,1,2402.896,2 2,North,3,6,0
0,5,13,2,2403.426,1 2,North,3,6,0
0,5,13,2,2403.983,0 2,North,3,6,0
0,5,13,1,2404.532,0 2,West,3,6,0
0,5,13,2,2405.109,0 1,West,3,6,0
0,5,13,2,2405.636,0 0,West,3,6,0
0,5,13,6,2406.04,0 0,West,3,7,0
0,5,13,1,2406.226,0 0,South,3,7,0
0,5,13,1,2406.775,0 0,East,3,7,0
0,5,13,2,2407.364,0 1,East,3,7,0
0,5,13,2,2407.874,0 2,East,3,7,0
0,5,13,3,2408.421,0 2,South,3,7,0
0,5,13,2,2408.962,1 2,South,3,7,0
0,5,13,2,2409.473,2 2,South,3,7,0
0,5,13,3,2410.481,2 2,West,3,7,0
0,5,13,2,2411.151,2 1,West,3,7,0
0,5,13,3,2411.791,2 1,North,3,7,0
0,5,13,2,2412.367,1 1,North,3,7,0
0,5,13,1,2412.963,1 1,West,3,7,0
0,5,13,2,2413.509,1 0,West,3,7,0
0,5,13,1,2414.086,1 0,South,3,7,0
0,5,13,2,2414.654,2 0,South,3,7,0
0,5,13,2,2415.173,3 0,South,3,7,0
0,5,13,1,2415.71,3 0,East,3,7,0
0,5,13,2,2416.258,3 1,East,3,7,0
0,5,13,2,2417.154,3 2,East,3,7,0
0,5,13,3,2417.694,3 2,South,3,7,0
0,5,13,2,2418.222,4 2,South,3,7,0
0,5,13,1,2418.766,4 2,East,3,7,0
0,5,13,2,2419.335,4 3,East,3,7,0
0,5,13,2,2419.872,4 4,East,3,7,0
0,5,13,1,2420.768,4 4,North,3,7,0
0,5,13,2,2421.374,3 4,North,3,7,0
0,5,13,1,2421.967,3 4,West,3,7,0
0,5,13,2,2422.944,3 3,West,3,7,0
0,5,13,3,2423.494,3 3,North,3,7,0
0,5,13,2,2424.262,2 3,North,3,7,0
0,5,13,6,2424.64,2 3,North,3,8,0
2,5,13,1,2427.712,4 4,West,3,0,0
2,5,13,1,2428.239,4 4,South,3,0,0
2,5,13,3,2428.882,4 4,West,3,0,0
2,5,13,2,2429.439,4 3,West,3,0,0
2,5,13,2,2430.4,4 2,West,3,0,0
2,5,13,2,2430.967,4 1,West,3,0,0
2,5,13,2,2431.807,4 0,West,3,0,0
2,5,13,6,2432.22,4 0,West,3,1,0
2,5,13,3,2432.372,4 0,North,3,1,0
2,5,13,3,2432.933,4 0,East,3,1,0
2,5,13,2,2433.506,4 1,East,3,1,0
2,5,13,2,2434.071,4 2,East,3,1,0
2,5,13,1,2434.878,4 2,North,3,1,0
2,5,13,2,2435.668,3 2,North,3,1,0
2,5,13,6,2436.04,3 2,North,3,2,0
2,5,13,3,2437.366,3 2,East,3,2,0
2,5,13,3,2438.031,3 2,South,3,2,0
2,5,13,2,2438.626,4 2,South,3,2,0
2,5,13,1,2439.54,4 2,East,3,2,0
2,5,13,2,2440.147,4 3,East,3,2,0
2,5,13,2,2440.722,4 4,East,3,2,0
2,5,13,1,2441.375,4 4,North,3,2,0
2,5,13,2,2442.115,3 4,North,3,2,0
2,5,13,1,2442.701,3 4,West,3,2,0
2,5,13,2,2443.216,3 3,West,3,2,0
2,5,13,3,2443.776,3 3,North,3,2,0
2,5,13,2,2444.384,2 3,North,3,2,0
2,5,13,2,2444.928,1 3,North,3,2,0
2,5,13,2,2445.471,0 3,North,3,2,0
2,5,13,6,2445.84,0 3,North,3,3,0
2,5,13,3,2446.016,0 3,East,3,3,0
2,5,13,3,2446.531,0 3,South,3,3,0
2,5,13,2,2447.108,1 3,South,3,3,0
2,5,13,2,2447.631,2 3,South,3,3,0
2,5,13,2,2448.335,3 3,South,3,3,0
2,5,13,1,2448.949,3 3,East,3,3,0
2,5,13,2,2449.487,3 4,East,3,3,0
2,5,13,3,2450.001,3 4,South,3,3,0
2,5,13,2,2450.564,4 4,South,3,3,0
2,5,13,3,2451.108,4 4,West,3,3,0
2,5,13,2,2451.637,4 3,West,3,3,0
2,5,13,2,2452.192,4 2,West,3,3,0
2,5,13,2,2452.739,4 1,West,3,3,0
2,5,13,6,2453.16,4 1,West,3,4,0
2,5,13,3,2453.485,4 1,North,3,4,0
2,5,13,3,2454.818,4 1,East,3,4,0
2,5,13,2,2455.454,4 2,East,3,4,0
2,5,13,1,2456.07,4 2,North,3,4,0
2,5,13,2,2456.754,3 2,North,3,4,0
2,5,13,1,2457.358,3 2,West,3,4,0
2,5,13,2,2457.888,3 1,West,3,4,0
2,5,13,2,2458.48,3 0,West,3,4,0
2,5,13,3,2458.993,3 0,North,3,4,0
2,5,13,2,2459.542,2 0,North,3,4,0
2,5,13,2,2460.081,1 0,North,3,4,0
2,5,13,3,2460.627,1 0,East,3,4,0
2,5,13,2,2461.216,1 1,East,3,4,0
2,5,13,3,2461.729,1 1,South,3,4,0
2,5,13,2,2462.259,2 1,South,3,4,0
2,5,13,1,2462.823,2 1,East,3,4,0
2,5,13,2,2463.363,2 2,East,3,4,0
2,5,13,1,2463.941,2 2,North,3,4,0
2,5,13,2,2464.51,1 2,North,3,4,0
2,5,13,2,2465.52,0 2,North,3,4,0
2,5,13,1,2466.113,0 2,West,3,4,0
2,5,13,2,2466.727,0 1,West,3,4,0
2,5,13,2,2467.254,0 0,West,3,4,0
2,5,13,6,2467.66,0 0,West,3,5,0
2,5,13,1,2468.259,0 0,South,3,5,0
2,5,13,1,2468.834,0 0,East,3,5,0
2,5,13,2,2469.414,0 1,East,3,5,0
2,5,13,2,2469.97,0 2,East,3,5,0
2,5,13,3,2470.573,0 2,South,3,5,0
2,5,13,2,2471.174,1 2,South,3,5,0
2,5,13,2,2471.806,2 2,South,3,5,0
2,5,13,3,2472.373,2 2,West,3,5,0
2,5,13,2,2472.948,2 1,West,3,5,0
2,5,13,3,2473.521,2 1,North,3,5,0
2,5,13,2,2474.066,1 1,North,3,5,0
2,5,13,1,2474.581,1 1,West,3,5,0
2,5,13,2,2475.107,1 0,West,3,5,0
2,5,13,1,2476.069,1 0,South,3,5,0
2,5,13,2,2476.625,2 0,South,3,5,0
2,5,13,2,2477.153,3 0,South,3,5,0
2,5,13,1,2477.699,3 0,East,3,5,0
2,5,13,2,2478.224,3 1,East,3,5,0
2,5,13,2,2478.737,3 2,East,3,5,0
2,5,13,3,2479.288,3 2,South,3,5,0
2,5,13,2,2480.322,4 2,South,3,5,0
2,5,13,1,2480.845,4 2,East,3,5,0
2,5,13,2,2481.375,4 3,East,3,5,0
2,5,13,6,2481.78,4 3,East,3,6,0
2,5,13,1,2481.905,4 3,North,3,6,0
2,5,13,1,2482.561,4 3,West,3,6,0
2,5,13,2,2483.619,4 2,West,3,6,0
2,5,13,3,2484.158,4 2,North,3,6,0
2,5,13,2,2484.801,3 2,North,3,6,0
2,5,13,1,2485.358,3 2,West,3,6,0
2,5,13,2,2485.975,3 1,West,3,6,0
2,5,13,2,2486.541,3 0,West,3,6,0
2,5,13,3,2487.446,3 0,North,3,6,0
2,5,13,2,2488.003,2 0,North,3,6,0
2,5,13,2,2488.545,1 0,North,3,6,0
2,5,13,3,2489.057,1 0,East,3,6,0
2,5,13,2,2489.669,1 1,East,3,6,0
2,5,13,3,2490.238,1 1,South,3,6,0
2,5,13,2,2490.798,2 1,South,3,6,0
2,5,13,6,2491.18,2 1,South,3,7,0
2,5,13,1,2491.534,2 1,East,3,7,0
2,5,13,1,2492.095,2 1,North,3,7,0
2,5,13,2,2492.758,1 1,North,3,7,0
2,5,13,1,2493.284,1 1,West,3,7,0
2,5,13,2,2493.793,1 0,West,3,7,0
2,5,13,1,2494.686,1 0,South,3,7,0
2,5,13,2,2495.263,2 0,South,3,7,0
2,5,13,2,2495.828,3 0,South,3,7,0
2,5,13,1,2496.369,3 0,East,3,7,0
2,5,13,2,2496.913,3 1,East,3,7,0
2,5,13,2,2497.456,3 2,East,3,7,0
2,5,13,3,2497.999,3 2,South,3,7,0
2,5,13,2,2499.039,4 2,South,3,7,0
2,5,13,1,2499.603,4 2,East,3,7,0
2,5,13,2,2500.16,4 3,East,3,7,0
2,5,13,2,2500.865,4 4,East,3,7,0
2,5,13,1,2501.47,4 4,North,3,7,0
2,5,13,2,2502.47,3 4,North,3,7,0
2,5,13,1,2503.173,3 4,West,3,7,0
2,5,13,2,2503.713,3 3,West,3,7,0
2,5,13,3,2504.322,3 3,North,3,7,0
2,5,13,2,2504.863,2 3,North,3,7,0
2,5,13,2,2505.442,1 3,North,3,7,0
2,5,13,6,2505.82,1 3,North,3,8,0
0,5,14,2,2508.821,3 4,North,3,0,0
0,5,14,1,2509.349,3 4,West,3,0,0
0,5,14,2,2510.278,3 3,West,3,0,0
0,5,14,3,2511.077,3 3,North,3,0,0
0,5,14,2,2511.606,2 3,North,3,0,0
0,5,14,2,2512.117,1 3,North,3,0,0
0,5,14,2,2513.089,0 3,North,3,0,0
0,5,14,3,2513.629,0 3,East,3,0,0
0,5,14,3,2514.255,0 3,South,3,0,0
0,5,14,1,2514.914,0 3,East,3,0,0
0,5,14,2,2515.442,0 4,East,3,0,0
0,5,14,3,2516.27,0 4,South,3,0,0
0,5,14,3,2516.788,0 4,West,3,0,0
0,5,14,2,2517.67,0 3,West,3,0,0
0,5,14,1,2518.34,0 3,South,3,0,0
0,5,14,2,2519.395,1 3,South,3,0,0
0,5,14,2,2519.938,2 3,South,3,0,0
0,5,14,2,2520.453,3 3,South,3,0,0
0,5,14,1,2520.964,3 3,East,3,0,0
0,5,14,2,2521.493,3 4,East,3,0,0
0,5,14,3,2522.014,3 4,South,3,0,0
0,5,14,3,2522.749,3 4,West,3,0,0
0,5,14,1,2523.797,3 4,South,3,0,0
0,5,14,2,2524.337,4 4,South,3,0,0
0,5,14,3,2524.847,4 4,West,3,0,0
0,5,14,2,2525.411,4 3,West,3,0,0
0,5,14,2,2526.006,4 2,West,3,0,0
0,5,14,3,2526.532,4 2,North,3,0,0
0,5,14,2,2527.139,3 2,North,3,0,0
0,5,14,1,2527.699,3 2,West,3,0,0
0,5,14,2,2528.293,3 1,West,3,0,0
0,5,14,2,2528.91,3 0,West,3,0,0
0,5,14,3,2529.428,3 0,North,3,0,0
0,5,14,2,2529.985,2 0,North,3,0,0
0,5,14,2,2530.561,1 0,North,3,0,0
0,5,14,3,2531.092,1 0,East,3,0,0
0,5,14,2,2532.101,1 1,East,3,0,0
0,5,14,6,2532.52,1 1,East,3,1,0
0,5,14,3,2532.614,1 1,South,3,1,0
0,5,14,2,2533.154,2 1,South,3,1,0
0,5,14,1,2533.685,2 1,East,3,1,0
0,5,14,2,2534.244,2 2,East,3,1,0
0,5,14,1,2534.773,2 2,North,3,1,0
0,5,14,2,2535.726,1 2,North,3,1,0
0,5,14,2,2536.277,0 2,North,3,1,0
0,5,14,1,2536.85,0 2,West,3,1,0
0,5,14,1,2537.376,0 2,South,3,1,0
0,5,14,2,2537.925,1 2,South,3,1,0
0,5,14,2,2538.915,2 2,South,3,1,0
0,5,14,3,2539.455,2 2,West,3,1,0
0,5,14,2,2540.039,2 1,West,3,1,0
0,5,14,3,2541.509,2 1,North,3,1,0
0,5,14,2,2542.308,1 1,North,3,1,0
0,5,14,1,2543.424,1 1,West,3,1,0
0,5,14,2,2544.323,1 0,West,3,1,0
0,5,14,1,2545.061,1 0,South,3,1,0
0,5,14,2,2545.684,2 0,South,3,1,0
0,5,14,2,2546.462,3 0,South,3,1,0
0,5,14,1,2547.457,3 0,East,3,1,0
0,5,14,2,2547.986,3 1,East,3,1,0
0,5,14,2,2548.612,3 2,East,3,1,0
0,5,14,3,2549.568,3 2,South,3,1,0
0,5,14,2,2550.208,4 2,South,3,1,0
0,5,14,1,2550.727,4 2,East,3,1,0
0,5,14,2,2551.25,4 3,East,3,1,0
0,5,14,2,2551.762,4 4,East,3,1,0
0,5,14,1,2552.307,4 4,North,3,1,0
0,5,14,2,2552.835,3 4,North,3,1,0
0,5,14,6,2553.22,3 4,North,3,2,0
0,5,14,1,2553.565,3 4,West,3,2,0
0,5,14,2,2554.097,3 3,West,3,2,0
0,5,14,3,2555.167,3 3,North,3,2,0
0,5,14,2,2555.698,2 3,North,3,2,0
0,5,14,2,2556.24,1 3,North,3,2,0
0,5,14,6,2556.62,1 3,North,3,3,0
0,5,14,2,2556.82,0 3,North,3,3,0
0,5,14,3,2557.347,0 3,East,3,3,0
0,5,14,3,2557.92,0 3,South,3,3,0
0,5,14,1,2558.753,0 3,East,3,3,0
0,5,14,2,2559.309,0 4,East,3,3,0
0,5,14,3,2560.306,0 4,South,3,3,0
0,5,14,3,2560.839,0 4,West,3,3,0
0,5,14,2,2561.39,0 3,West,3,3,0
0,5,14,1,2562.126,0 3,South,3,3,0
0,5,14,2,2562.847,1 3,South,3,3,0
0,5,14,2,2563.492,2 3,South,3,3,0
0,5,14,2,2564.004,3 3,South,3,3,0
0,5,14,1,2564.899,3 3,East,3,3,0
0,5,14,1,2565.412,3 3,North,3,3,0
0,5,14,3,2566.055,3 3,East,3,3,0
0,5,14,2,2566.623,3 4,East,3,3,0
0,5,14,3,2567.43,3 4,South,3,3,0
0,5,14,2,2568.001,4 4,South,3,3,0
0,5,14,3,2568.725,4 4,West,3,3,0
0,5,14,2,2569.28,4 3,West,3,3,0
0,5,14,2,2569.894,4 2,West,3,3,0
0,5,14,3,2570.419,4 2,North,3,3,0
0,5,14,2,2571.025,3 2,North,3,3,0
0,5,14,1,2571.662,3 2,West,3,3,0
0,5,14,2,2572.194,3 1,West,3,3,0
0,5,14,2,2572.769,3 0,West,3,3,0
0,5,14,3,2573.317,3 0,North,3,3,0
0,5,14,2,2573.863,2 0,North,3,3,0
0,5,14,2,2574.468,1 0,North,3,3,0
0,5,14,3,2575.108,1 0,East,3,3,0
0,5,14,2,2575.666,1 1,East,3,3,0
0,5,14,3,2576.176,1 1,South,3,3,0
0,5,14,2,2577.055,2 1,South,3,3,0
0,5,14,6,2577.44,2 1,South,3,4,0
0,5,14,1,2577.615,2 1,East,3,4,0
0,5,14,2,2578.198,2 2,East,3,4,0
0,5,14,1,2578.851,2 2,North,3,4,0
0,5,14,2,2579.453,1 2,North,3,4,0
0,5,14,2,2580.084,0 2,North,3,4,0
0,5,14,1,2580.609,0 2,West,3,4,0
0,5,14,1,2581.202,0 2,South,3,4,0
0,5,14,2,2581.757,1 2,South,3,4,0
0,5,14,2,2582.324,2 2,South,3,4,0
0,5,14,3,2582.863,2 2,West,3,4,0
0,5,14,2,2583.439,2 1,West,3,4,0
0,5,14,3,2583.982,2 1,North,3,4,0
0,5,14,2,2584.564,1 1,North,3,4,0
0,5,14,1,2585.44,1 1,West,3,4,0
0,5,14,2,2586.065,1 0,West,3,4,0
0,5,14,1,2586.643,1 0,South,3,4,0
0,5,14,2,2587.311,2 0,South,3,4,0
0,5,14,2,2587.894,3 0,South,3,4,0
0,5,14,1,2588.449,3 0,East,3,4,0
0,5,14,2,2588.978,3 1,East,3,4,0
0,5,14,2,2589.526,3 2,East,3,4,0
0,5,14,3,2590.449,3 2,South,3,4,0
0,5,14,2,2590.965,4 2,South,3,4,0
0,5,14,1,2591.535,4 2,East,3,4,0
0,5,14,2,2592.143,4 3,East,3,4,0
0,5,14,2,2592.802,4 4,East,3,4,0
0,5,14,1,2593.54,4 4,North,3,4,0
0,5,14,2,2594.149,3 4,North,3,4,0
0,5,14,1,2594.864,3 4,West,3,4,0
0,5,14,2,2595.41,3 3,West,3,4,0
0,5,14,3,2595.95,3 3,North,3,4,0
0,5,14,2,2596.517,2 3,North,3,4,0
0,5,14,2,2597.092,1 3,North,3,4,0
0,5,14,2,2597.716,0 3,North,3,4,0
0,5,14,3,2598.307,0 3,East,3,4,0
0,5,14,2,2598.835,0 4,East,3,4,0
0,5,14,6,2599.24,0 4,East,3,5,0
0,5,14,3,2599.392,0 4,South,3,5,0
0,5,14,3,2599.985,0 4,West,3,5,0
0,5,14,2,2600.513,0 3,West,3,5,0
0,5,14,1,2601.181,0 3,South,3,5,0
0,5,14,2,2601.776,1 3,South,3,5,0
0,5,14,2,2602.385,2 3,South,3,5,0
0,5,14,2,2603.363,3 3,South,3,5,0
0,5,14,1,2603.958,3 3,East,3,5,0
0,5,14,2,2604.607,3 4,East,3,5,0
0,5,14,3,2605.19,3 4,South,3,5,0
0,5,14,2,2605.761,4 4,South,3,5,0
0,5,14,3,2606.321,4 4,West,3,5,0
0,5,14,2,2606.885,4 3,West,3,5,0
0,5,14,2,2607.507,4 2,West,3,5,0
0,5,14,3,2608.031,4 2,North,3,5,0
0,5,14,2,2608.627,3 2,North,3,5,0
0,5,14,1,2609.569,3 2,West,3,5,0
0,5,14,2,2610.222,3 1,West,3,5,0
0,5,14,6,2610.64,3 1,West,3,6,0
0,5,14,2,2610.766,3 0,West,3,6,0
0,5,14,3,2611.311,3 0,North,3,6,0
0,5,14,2,2611.828,2 0,North,3,6,0
0,5,14,2,2612.383,1 0,North,3,6,0
0,5,14,3,2613.279,1 0,East,3,6,0
0,5,14,2,2613.839,1 1,East,3,6,0
0,5,14,3,2614.404,1 1,South,3,6,0
0,5,14,2,2614.95,2 1,South,3,6,0
0,5,14,1,2615.534,2 1,East,3,6,0
0,5,14,2,2616.066,2 2,East,3,6,0
0,5,14,1,2616.623,2 2,North,3,6,0
0,5,14,2,2617.17,1 2,North,3,6,0
0,5,14,6,2617.56,1 2,North,3,7,0
0,5,14,2,2617.719,0 2,North,3,7,0
0,5,14,1,2618.255,0 2,West,3,7,0
0,5,14,1,2618.798,0 2,South,3,7,0
0,5,14,2,2619.363,1 2,South,3,7,0
0,5,14,2,2619.989,2 2,South,3,7,0
0,5,14,3,2620.55,2 2,West,3,7,0
0,5,14,2,2621.134,2 1,West,3,7,0
0,5,14,3,2621.68,2 1,North,3,7,0
0,5,14,2,2622.224,1 1,North,3,7,0
0,5,14,1,2622.84,1 1,West,3,7,0
0,5,14,2,2623.359,1 0,West,3,7,0
0,5,14,1,2623.998,1 0,South,3,7,0
0,5,14,2,2624.993,2 0,South,3,7,0
0,5,14,2,2625.614,3 0,South,3,7,0
0,5,14,1,2626.133,3 0,East,3,7,0
0,5,14,2,2627.091,3 1,East,3,7,0
0,5,14,2,2627.663,3 2,East,3,7,0
0,5,14,3,2628.532,3 2,South,3,7,0
0,5,14,2,2629.171,4 2,South,3,7,0
0,5,14,3,2630.065,4 2,West,3,7,0
0,5,14,1,2630.608,4 2,South,3,7,0
0,5,14,1,2631.198,4 2,East,3,7,0
0,5,14,2,2631.807,4 3,East,3,7,0
0,5,14,2,2632.45,4 4,East,3,7,0
0,5,14,1,2632.973,4 4,North,3,7,0
0,5,14,2,2633.557,3 4,North,3,7,0
0,5,14,1,2634.113,3 4,West,3,7,0
0,5,14,2,2634.662,3 3,West,3,7,0
0,5,14,3,2635.502,3 3,North,3,7,0
0,5,14,2,2636.182,2 3,North,3,7,0
0,5,14,2,2636.771,1 3,North,3,7,0
0,5,14,2,2637.344,0 3,North,3,7,0
0,5,14,3,2638.23,0 3,East,3,7,0
0,5,14,2,2639.119,0 4,East,3,7,0
0,5,14,3,2639.711,0 4,South,3,7,0
0,5,14,2,2640.276,1 4,South,3,7,0
0,5,14,6,2640.66,1 4,South,3,8,0
2,5,14,2,2643.575,3 4,North,3,0,0
2,5,14,1,2644.096,3 4,West,3,0,0
2,5,14,1,2644.833,3 4,South,3,0,0
2,5,14,2,2645.392,4 4,South,3,0,0
2,5,14,3,2645.965,4 4,West,3,0,0
2,5,14,2,2646.595,4 3,West,3,0,0
2,5,14,2,2647.314,4 2,West,3,0,0
2,5,14,3,2647.87,4 2,North,3,0,0
2,5,14,2,2648.42,3 2,North,3,0,0
2,5,14,1,2648.98,3 2,West,3,0,0
2,5,14,2,2649.543,3 1,West,3,0,0
2,5,14,6,2649.96,3 1,West,3,1,0
2,5,14,3,2650.1,3 1,North,3,1,0
2,5,14,3,2650.701,3 1,East,3,1,0
2,5,14,2,2651.328,3 2,East,3,1,0
2,5,14,3,2651.906,3 2,South,3,1,0
2,5,14,2,2652.514,4 2,South,3,1,0
2,5,14,1,2653.075,4 2,East,3,1,0
2,5,14,2,2653.652,4 3,East,3,1,0
2,5,14,2,2654.174,4 4,East,3,1,0
2,5,14,1,2654.749,4 4,North,3,1,0
2,5,14,2,2655.392,3 4,North,3,1,0
2,5,14,1,2655.966,3 4,West,3,1,0
2,5,14,2,2656.614,3 3,West,3,1,0
2,5,14,3,2657.294,3 3,North,3,1,0
2,5,14,2,2657.89,2 3,North,3,1,0
2,5,14,2,2658.535,1 3,North,3,1,0
2,5,14,2,2659.157,0 3,North,3,1,0
2,5,14,3,2659.7,0 3,East,3,1,0
2,5,14,2,2660.337,0 4,East,3,1,0
2,5,14,3,2660.951,0 4,South,3,1,0
2,5,14,2,2661.519,1 4,South,3,1,0
2,5,14,6,2661.9,1 4,South,3,2,0
2,5,14,1,2662.565,1 4,East,3,2,0
2,5,14,1,2663.188,1 4,North,3,2,0
2,5,14,2,2663.775,0 4,North,3,2,0
2,5,14,1,2664.318,0 4,West,3,2,0
2,5,14,2,2664.934,0 3,West,3,2,0
2,5,14,1,2665.462,0 3,South,3,2,0
2,5,14,2,2666.05,1 3,South,3,2,0
2,5,14,2,2666.613,2 3,South,3,2,0
2,5,14,2,2667.2,3 3,South,3,2,0
2,5,14,1,2667.825,3 3,East,3,2,0
2,5,14,2,2668.401,3 4,East,3,2,0
2,5,14,3,2668.974,3 4,South,3,2,0
2,5,14,2,2669.526,4 4,South,3,2,0
2,5,14,3,2670.083,4 4,West,3,2,0
2,5,14,2,2670.621,4 3,West,3,2,0
2,5,14,2,2671.216,4 2,West,3,2,0
2,5,14,3,2671.782,4 2,North,3,2,0
2,5,14,2,2672.388,3 2,North,3,2,0
2,5,14,1,2672.929,3 2,West,3,2,0
2,5,14,2,2673.49,3 1,West,3,2,0
2,5,14,2,2674.095,3 0,West,3,2,0
2,5,14,3,2674.706,3 0,North,3,2,0
2,5,14,2,2675.252,2 0,North,3,2,0
2,5,14,2,2675.856,1 0,North,3,2,0
2,5,14,3,2676.454,1 0,East,3,2,0
2,5,14,2,2677.038,1 1,East,3,2,0
2,5,14,3,2677.57,1 1,South,3,2,0
2,5,14,2,2678.146,2 1,South,3,2,0
2,5,14,6,2678.52,2 1,South,3,3,0
2,5,14,1,2678.9,2 1,East,3,3,0
2,5,14,1,2679.534,2 1,North,3,3,0
2,5,14,2,2680.143,1 1,North,3,3,0
2,5,14,1,2680.725,1 1,West,3,3,0
2,5,14,2,2681.312,1 0,West,3,3,0
2,5,14,1,2681.825,1 0,South,3,3,0
2,5,14,2,2682.42,2 0,South,3,3,0
2,5,14,2,2683.026,3 0,South,3,3,0
2,5,14,1,2683.65,3 0,East,3,3,0
2,5,14,2,2684.226,3 1,East,3,3,0
2,5,14,2,2684.832,3 2,East,3,3,0
2,5,14,3,2685.429,3 2,South,3,3,0
2,5,14,2,2686.007,4 2,South,3,3,0
2,5,14,1,2686.531,4 2,East,3,3,0
2,5,14,2,2687.162,4 3,East,3,3,0
2,5,14,2,2687.758,4 4,East,3,3,0
2,5,14,1,2688.353,4 4,North,3,3,0
2,5,14,2,2691.106,3 4,North,3,3,0
2,5,14,6,2691.5,3 4,North,3,4,0
2,5,14,1,2691.94,3 4,West,3,4,0
2,5,14,2,2692.501,3 3,West,3,4,0
2,5,14,3,2693.073,3 3,North,3,4,0
2,5,14,2,2693.668,2 3,North,3,4,0
2,5,14,6,2694.04,2 3,North,3,5,0
2,5,14,3,2694.741,2 3,East,3,5,0
2,5,14,3,2695.325,2 3,South,3,5,0
2,5,14,2,2695.871,3 3,South,3,5,0
2,5,14,1,2696.465,3 3,East,3,5,0
2,5,14,2,2697.039,3 4,East,3,5,0
2,5,14,3,2697.622,3 4,South,3,5,0
2,5,14,2,2698.178,4 4,South,3,5,0
2,5,14,3,2698.799,4 4,West,3,5,0
2,5,14,2,2699.375,4 3,West,3,5,0
2,5,14,2,2700.038,4 2,West,3,5,0
2,5,14,3,2700.709,4 2,North,3,5,0
2,5,14,2,2701.286,3 2,North,3,5,0
2,5,14,1,2701.872,3 2,West,3,5,0
2,5,14,2,2702.535,3 1,West,3,5,0
2,5,14,2,2703.091,3 0,West,3,5,0
2,5,14,6,2703.5,3 0,West,3,6,0
2,5,14,3,2703.694,3 0,North,3,6,0
2,5,14,3,2704.325,3 0,East,3,6,0
2,5,14,2,2704.933,3 1,East,3,6,0
2,5,14,2,2705.556,3 2,East,3,6,0
2,5,14,3,2706.176,3 2,South,3,6,0
2,5,14,2,2706.79,4 2,South,3,6,0
2,5,14,1,2707.341,4 2,East,3,6,0
2,5,14,2,2707.983,4 3,East,3,6,0
2,5,14,2,2708.647,4 4,East,3,6,0
2,5,14,1,2709.22,4 4,North,3,6,0
2,5,14,2,2710.198,3 4,North,3,6,0
2,5,14,1,2710.838,3 4,West,3,6,0
2,5,14,2,2711.41,3 3,West,3,6,0
2,5,14,3,2712.083,3 3,North,3,6,0
2,5,14,2,2712.71,2 3,North,3,6,0
2,5,14,2,2713.346,1 3,North,3,6,0
2,5,14,2,2714.016,0 3,North,3,6,0
2,5,14,3,2714.575,0 3,East,3,6,0
2,5,14,2,2715.183,0 4,East,3,6,0
2,5,14,3,2715.745,0 4,South,3,6,0
2,5,14,2,2716.353,1 4,South,3,6,0
2,5,14,2,2716.948,2 4,South,3,6,0
2,5,14,6,2717.32,2 4,South,3,7,0
2,5,14,1,2717.487,2 4,East,3,7,0
2,5,14,1,2718.128,2 4,North,3,7,0
2,5,14,2,2718.687,1 4,North,3,7,0
2,5,14,2,2719.282,0 4,North,3,7,0
2,5,14,1,2719.906,0 4,West,3,7,0
2,5,14,2,2720.509,0 3,West,3,7,0
2,5,14,1,2721.123,0 3,South,3,7,0
2,5,14,2,2721.73,1 3,South,3,7,0
2,5,14,2,2722.309,2 3,South,3,7,0
2,5,14,2,2722.919,3 3,South,3,7,0
2,5,14,1,2723.491,3 3,East,3,7,0
2,5,14,2,2724.047,3 4,East,3,7,0
2,5,14,3,2724.61,3 4,South,3,7,0
2,5,14,2,2725.168,4 4,South,3,7,0
2,5,14,3,2725.741,4 4,West,3,7,0
2,5,14,2,2726.53,4 3,West,3,7,0
2,5,14,2,2727.102,4 2,West,3,7,0
2,5,14,3,2727.68,4 2,North,3,7,0
2,5,14,2,2728.223,3 2,North,3,7,0
2,5,14,1,2728.799,3 2,West,3,7,0
2,5,14,2,2729.408,3 1,West,3,7,0
2,5,14,2,2729.984,3 0,West,3,7,0
2,5,14,3,2730.518,3 0,North,3,7,0
2,5,14,2,2731.029,2 0,North,3,7,0
2,5,14,2,2731.654,1 0,North,3,7,0
2,5,14,3,2732.242,1 0,East,3,7,0
2,5,14,2,2732.884,1 1,East,3,7,0
2,5,14,6,2733.3,1 1,East,3,8,0
0,5,15,2,2736.991,3 4,North,3,0,0
0,5,15,1,2737.876,3 4,West,3,0,0
0,5,15,1,2738.438,3 4,South,3,0,0
0,5,15,2,2738.975,4 4,South,3,0,0
0,5,15,3,2739.937,4 4,West,3,0,0
0,5,15,2,2740.494,4 3,West,3,0,0
0,5,15,2,2741.053,4 2,West,3,0,0
0,5,15,3,2741.57,4 2,North,3,0,0
0,5,15,2,2742.21,3 2,North,3,0,0
0,5,15,1,2742.82,3 2,West,3,0,0
0,5,15,2,2743.506,3 1,West,3,0,0
0,5,15,2,2744.148,3 0,West,3,0,0
0,5,15,3,2745.091,3 0,North,3,0,0
0,5,15,2,2745.688,2 0,North,3,0,0
0,5,15,6,2746.06,2 0,North,3,1,0
0,5,15,3,2746.21,2 0,East,3,1,0
0,5,15,3,2746.759,2 0,South,3,1,0
0,5,15,2,2747.361,3 0,South,3,1,0
0,5,15,1,2747.957,3 0,East,3,1,0
0,5,15,2,2748.518,3 1,East,3,1,0
0,5,15,2,2749.107,3 2,East,3,1,0
0,5,15,3,2749.701,3 2,South,3,1,0
0,5,15,2,2750.279,4 2,South,3,1,0
0,5,15,1,2750.833,4 2,East,3,1,0
0,5,15,1,2751.446,4 2,North,3,1,0
0,5,15,1,2752.021,4 2,West,3,1,0
0,5,15,1,2752.581,4 2,South,3,1,0
0,5,15,1,2753.171,4 2,East,3,1,0
0,5,15,2,2753.782,4 3,East,3,1,0
0,5,15,2,2754.404,4 4,East,3,1,0
0,5,15,1,2754.962,4 4,North,3,1,0
0,5,15,2,2756.147,3 4,North,3,1,0
0,5,15,1,2756.742,3 4,West,3,1,0
0,5,15,2,2757.331,3 3,West,3,1,0
0,5,15,3,2757.842,3 3,North,3,1,0
0,5,15,2,2758.371,2 3,North,3,1,0
0,5,15,2,2758.977,1 3,North,3,1,0
0,5,15,2,2759.603,0 3,North,3,1,0
0,5,15,3,2760.133,0 3,East,3,1,0
0,5,15,2,2760.687,0 4,East,3,1,0
0,5,15,3,2761.238,0 4,South,3,1,0
0,5,15,3,2761.776,0 4,West,3,1,0
0,5,15,2,2762.354,0 3,West,3,1,0
0,5,15,1,2762.948,0 3,South,3,1,0
0,5,15,2,2763.52,1 3,South,3,1,0
0,5,15,2,2764.193,2 3,South,3,1,0
0,5,15,2,2764.77,3 3,South,3,1,0
0,5,15,1,2765.345,3 3,East,3,1,0
0,5,15,2,2765.938,3 4,East,3,1,0
0,5,15,3,2766.79,3 4,South,3,1,0
0,5,15,2,2767.573,4 4,South,3,1,0
0,5,15,3,2768.193,4 4,West,3,1,0
0,5,15,2,2768.724,4 3,West,3,1,0
0,5,15,2,2769.28,4 2,West,3,1,0
0,5,15,3,2769.807,4 2,North,3,1,0
0,5,15,2,2770.375,3 2,North,3,1,0
0,5,15,1,2770.91,3 2,West,3,1,0
0,5,15,2,2771.526,3 1,West,3,1,0
0,5,15,2,2772.111,3 0,West,3,1,0
0,5,15,3,2772.685,3 0,North,3,1,0
0,5,15,2,2773.283,2 0,North,3,1,0
0,5,15,2,2773.859,1 0,North,3,1,0
0,5,15,3,2774.4,1 0,East,3,1,0
0,5,15,2,2774.958,1 1,East,3,1,0
0,5,15,3,2775.536,1 1,South,3,1,0
0,5,15,2,2776.133,2 1,South,3,1,0
0,5,15,1,2776.654,2 1,East,3,1,0
0,5,15,2,2777.251,2 2,East,3,1,0
0,5,15,1,2777.857,2 2,North,3,1,0
0,5,15,2,2778.398,1 2,North,3,1,0
0,5,15,2,2779.01,0 2,North,3,1,0
0,5,15,1,2779.567,0 2,West,3,1,0
0,5,15,2,2780.149,0 1,West,3,1,0
0,5,15,6,2780.56,0 1,West,3,2,0
0,5,15,1,2780.654,0 1,South,3,2,0
0,5,15,1,2781.234,0 1,East,3,2,0
0,5,15,2,2781.797,0 2,East,3,2,0
0,5,15,3,2782.589,0 2,South,3,2,0
0,5,15,2,2783.135,1 2,South,3,2,0
0,5,15,2,2783.684,2 2,South,3,2,0
0,5,15,3,2784.206,2 2,West,3,2,0
0,5,15,2,2784.786,2 1,West,3,2,0
0,5,15,3,2785.33,2 1,North,3,2,0
0,5,15,2,2785.887,1 1,North,3,2,0
0,5,15,1,2786.565,1 1,West,3,2,0
0,5,15,2,2787.124,1 0,West,3,2,0
0,5,15,1,2787.679,1 0,South,3,2,0
0,5,15,2,2788.226,2 0,South,3,2,0
0,5,15,2,2788.838,3 0,South,3,2,0
0,5,15,1,2789.426,3 0,East,3,2,0
0,5,15,2,2789.983,3 1,East,3,2,0
0,5,15,2,2790.533,3 2,East,3,2,0
0,5,15,3,2791.071,3 2,South,3,2,0
0,5,15,2,2791.63,4 2,South,3,2,0
0,5,15,3,2792.213,4 2,West,3,2,0
0,5,15,3,2792.804,4 2,North,3,2,0
0,5,15,3,2793.389,4 2,East,3,2,0
0,5,15,2,2793.952,4 3,East,3,2,0
0,5,15,2,2794.531,4 4,East,3,2,0
0,5,15,1,2795.086,4 4,North,3,2,0
0,5,15,2,2795.652,3 4,North,3,2,0
0,5,15,1,2796.23,3 4,West,3,2,0
0,5,15,2,2796.767,3 3,West,3,2,0
0,5,15,6,2797.18,3 3,West,3,3,0
0,5,15,3,2797.81,3 3,North,3,3,0
0,5,15,2,2798.438,2 3,North,3,3,0
0,5,15,2,2799.043,1 3,North,3,3,0
0,5,15,2,2799.615,0 3,North,3,3,0
0,5,15,3,2800.143,0 3,East,3,3,0
0,5,15,2,2800.704,0 4,East,3,3,0
0,5,15,3,2801.23,0 4,South,3,3,0
0,5,15,3,2801.809,0 4,West,3,3,0
0,5,15,2,2802.384,0 3,West,3,3,0
0,5,15,1,2802.934,0 3,South,3,3,0
0,5,15,2,2803.504,1 3,South,3,3,0
0,5,15,2,2804.064,2 3,South,3,3,0
0,5,15,2,2804.623,3 3,South,3,3,0
0,5,15,1,2805.238,3 3,East,3,3,0
0,5,15,2,2805.824,3 4,East,3,3,0
0,5,15,3,2806.374,3 4,South,3,3,0
0,5,15,2,2806.947,4 4,South,3,3,0
0,5,15,2,2808.062,4 4,South,3,3,0
0,5,15,3,2808.644,4 4,West,3,3,0
0,5,15,2,2809.182,4 3,West,3,3,0
0,5,15,3,2809.743,4 3,North,3,3,0
0,5,15,1,2810.337,4 3,West,3,3,0
0,5,15,2,2810.913,4 2,West,3,3,0
0,5,15,3,2811.504,4 2,North,3,3,0
0,5,15,2,2812.114,3 2,North,3,3,0
0,5,15,1,2812.693,3 2,West,3,3,0
0,5,15,2,2813.316,3 1,West,3,3,0
0,5,15,2,2813.873,3 0,West,3,3,0
0,5,15,3,2814.829,3 0,North,3,3,0
0,5,15,2,2815.441,2 0,North,3,3,0
0,5,15,2,2816.066,1 0,North,3,3,0
0,5,15,6,2816.44,1 0,North,3,4,0
0,5,15,3,2817.022,1 0,East,3,4,0
0,5,15,2,2817.824,1 1,East,3,4,0
0,5,15,3,2818.372,1 1,South,3,4,0
0,5,15,2,2818.95,2 1,South,3,4,0
0,5,15,1,2819.537,2 1,East,3,4,0
0,5,15,2,2820.096,2 2,East,3,4,0
0,5,15,6,2820.5,2 2,East,3,5,0
0,5,15,1,2820.612,2 2,North,3,5,0
0,5,15,2,2821.203,1 2,North,3,5,0
0,5,15,2,2821.767,0 2,North,3,5,0
0,5,15,1,2822.303,0 2,West,3,5,0
0,5,15,1,2822.894,0 2,South,3,5,0
0,5,15,2,2823.521,1 2,South,3,5,0
0,5,15,2,2824.145,2 2,South,3,5,0
0,5,15,3,2824.676,2 2,West,3,5,0
0,5,15,2,2825.223,2 1,West,3,5,0
0,5,15,3,2825.748,2 1,North,3,5,0
0,5,15,2,2826.494,1 1,North,3,5,0
0,5,15,1,2827.278,1 1,West,3,5,0
0,5,15,2,2828.063,1 0,West,3,5,0
0,5,15,1,2828.581,1 0,South,3,5,0
0,5,15,2,2829.156,2 0,South,3,5,0
0,5,15,2,2829.729,3 0,South,3,5,0
0,5,15,6,2830.1,3 0,South,3,6,0
0,5,15,1,2830.287,3 0,East,3,6,0
0,5,15,2,2830.848,3 1,East,3,6,0
0,5,15,2,2831.39,3 2,East,3,6,0
0,5,15,3,2831.954,3 2,South,3,6,0
0,5,15,2,2832.526,4 2,South,3,6,0
0,5,15,3,2833.055,4 2,West,3,6,0
0,5,15,2,2833.983,4 1,West,3,6,0
0,5,15,6,2834.4,4 1,West,3,7,0
0,5,15,3,2834.637,4 1,North,3,7,0
0,5,15,3,2835.252,4 1,East,3,7,0
0,5,15,2,2835.854,4 2,East,3,7,0
0,5,15,2,2836.371,4 3,East,3,7,0
0,5,15,2,2836.965,4 4,East,3,7,0
0,5,15,1,2837.491,4 4,North,3,7,0
0,5,15,2,2838.048,3 4,North,3,7,0
0,5,15,1,2838.64,3 4,West,3,7,0
0,5,15,2,2839.293,3 3,West,3,7,0
0,5,15,3,2839.844,3 3,North,3,7,0
0,5,15,2,2840.403,2 3,North,3,7,0
0,5,15,2,2841.008,1 3,North,3,7,0
0,5,15,2,2841.584,0 3,North,3,7,0
0,5,15,3,2842.111,0 3,East,3,7,0
0,5,15,2,2842.692,0 4,East,3,7,0
0,5,15,3,2843.219,0 4,South,3,7,0
0,5,15,2,2843.828,1 4,South,3,7,0
0,5,15,2,2844.709,2 4,South,3,7,0
0,5,15,6,2845.08,2 4,South,3,8,0
2,5,15,2,2849.334,3 4,North,3,0,0
2,5,15,1,2849.863,3 4,West,3,0,0
2,5,15,2,2850.384,3 3,West,3,0,0
2,5,15,6,2850.8,3 3,West,3,1,0
2,5,15,3,2850.947,3 3,North,3,1,0
2,5,15,3,2851.522,3 3,East,3,1,0
2,5,15,2,2852.082,3 4,East,3,1,0
2,5,15,3,2852.646,3 4,South,3,1,0
2,5,15,2,2853.167,4 4,South,3,1,0
2,5,15,3,2853.685,4 4,West,3,1,0
2,5,15,2,2854.691,4 3,West,3,1,0
2,5,15,2,2855.278,4 2,West,3,1,0
2,5,15,3,2855.855,4 2,North,3,1,0
2,5,15,2,2856.405,3 2,North,3,1,0
2,5,15,1,2856.943,3 2,West,3,1,0
2,5,15,2,2857.474,3 1,West,3,1,0
2,5,15,2,2858.047,3 0,West,3,1,0
2,5,15,3,2858.573,3 0,North,3,1,0
2,5,15,2,2859.104,2 0,North,3,1,0
2,5,15,6,2859.48,2 0,North,3,2,0
2,5,15,2,2859.732,1 0,North,3,2,0
2,5,15,3,2860.534,1 0,East,3,2,0
2,5,15,3,2861.202,1 0,South,3,2,0
2,5,15,1,2862.004,1 0,East,3,2,0
2,5,15,1,2863.445,1 0,North,3,2,0
2,5,15,3,2864.352,1 0,East,3,2,0
2,5,15,2,2865.36,1 1,East,3,2,0
2,5,15,3,2865.94,1 1,South,3,2,0
2,5,15,2,2866.516,2 1,South,3,2,0
2,5,15,1,2867.077,2 1,East,3,2,0
2,5,15,2,2867.667,2 2,East,3,2,0
2,5,15,1,2868.246,2 2,North,3,2,0
2,5,15,2,2868.816,1 2,North,3,2,0
2,5,15,2,2869.427,0 2,North,3,2,0
2,5,15,6,2869.8,0 2,North,3,3,0
2,5,15,1,2869.961,0 2,West,3,3,0
2,5,15,1,2870.561,0 2,South,3,3,0
2,5,15,2,2871.198,1 2,South,3,3,0
2,5,15,2,2871.794,2 2,South,3,3,0
2,5,15,3,2872.417,2 2,West,3,3,0
2,5,15,2,2872.998,2 1,West,3,3,0
2,5,15,3,2873.553,2 1,North,3,3,0
2,5,15,2,2874.098,1 1,North,3,3,0
2,5,15,1,2874.623,1 1,West,3,3,0
2,5,15,2,2875.2,1 0,West,3,3,0
2,5,15,1,2875.735,1 0,South,3,3,0
2,5,15,2,2876.302,2 0,South,3,3,0
2,5,15,2,2876.832,3 0,South,3,3,0
2,5,15,6,2877.2,3 0,South,3,4,0
2,5,15,1,2877.41,3 0,East,3,4,0
2,5,15,2,2877.937,3 1,East,3,4,0
2,5,15,2,2878.478,3 2,East,3,4,0
2,5,15,3,2879.059,3 2,South,3,4,0
2,5,15,2,2879.616,4 2,South,3,4,0
2,5,15,6,2879.98,4 2,South,3,5,0
2,5,15,1,2880.174,4 2,East,3,5,0
2,5,15,2,2880.725,4 3,East,3,5,0
2,5,15,2,2881.508,4 4,East,3,5,0
2,5,15,1,2882.084,4 4,North,3,5,0
2,5,15,1,2882.832,4 4,West,3,5,0
2,5,15,2,2883.504,4 3,West,3,5,0
2,5,15,2,2884.097,4 2,West,3,5,0
2,5,15,3,2884.722,4 2,North,3,5,0
2,5,15,2,2885.31,3 2,North,3,5,0
2,5,15,1,2885.859,3 2,West,3,5,0
2,5,15,2,2886.383,3 1,West,3,5,0
2,5,15,2,2886.974,3 0,West,3,5,0
2,5,15,3,2887.556,3 0,North,3,5,0
2,5,15,2,2888.39,2 0,North,3,5,0
2,5,15,2,2888.928,1 0,North,3,5,0
2,5,15,6,2889.3,1 0,North,3,6,0
2,5,15,3,2889.473,1 0,East,3,6,0
2,5,15,3,2890.064,1 0,South,3,6,0
2,5,15,2,2890.653,2 0,South,3,6,0
2,5,15,2,2891.27,3 0,South,3,6,0
2,5,15,1,2891.812,3 0,East,3,6,0
2,5,15,2,2892.339,3 1,East,3,6,0
2,5,15,2,2892.995,3 2,East,3,6,0
2,5,15,3,2893.535,3 2,South,3,6,0
2,5,15,2,2894.063,4 2,South,3,6,0
2,5,15,1,2894.643,4 2,East,3,6,0
2,5,15,2,2895.233,4 3,East,3,6,0
2,5,15,2,2896.503,4 4,East,3,6,0
2,5,15,1,2897.06,4 4,North,3,6,0
2,5,15,2,2897.6,3 4,North,3,6,0
2,5,15,1,2898.175,3 4,West,3,6,0
2,5,15,2,2898.753,3 3,West,3,6,0
2,5,15,3,2899.3,3 3,North,3,6,0
2,5,15,2,2899.888,2 3,North,3,6,0
2,5,15,2,2900.439,1 3,North,3,6,0
2,5,15,2,2900.974,0 3,North,3,6,0
2,5,15,3,2901.986,0 3,East,3,6,0
2,5,15,2,2902.575,0 4,East,3,6,0
2,5,15,6,2902.98,0 4,East,3,7,0
2,5,15,3,2903.534,0 4,South,3,7,0
2,5,15,3,2904.239,0 4,West,3,7,0
2,5,15,2,2904.821,0 3,West,3,7,0
2,5,15,1,2905.396,0 3,South,3,7,0
2,5,15,2,2906.815,1 3,South,3,7,0
2,5,15,2,2907.374,2 3,South,3,7,0
2,5,15,2,2907.953,3 3,South,3,7,0
2,5,15,1,2908.53,3 3,East,3,7,0
2,5,15,2,2909.166,3 4,East,3,7,0
2,5,15,3,2909.7,3 4,South,3,7,0
2,5,15,2,2910.262,4 4,South,3,7,0
2,5,15,3,2911.231,4 4,West,3,7,0
2,5,15,2,2911.741,4 3,West,3,7,0
2,5,15,2,2912.692,4 2,West,3,7,0
2,5,15,2,2913.585,4 1,West,3,7,0
2,5,15,3,2914.215,4 1,North,3,7,0
2,5,15,3,2915.138,4 1,East,3,7,0
2,5,15,2,2915.951,4 2,East,3,7,0
2,5,15,1,2916.594,4 2,North,3,7,0
2,5,15,2,2917.154,3 2,North,3,7,0
2,5,15,1,2917.709,3 2,West,3,7,0
2,5,15,2,2918.261,3 1,West,3,7,0
2,5,15,2,2918.886,3 0,West,3,7,0
2,5,15,3,2919.44,3 0,North,3,7,0
2,5,15,2,2920.017,2 0,North,3,7,0
2,5,15,2,2920.641,1 0,North,3,7,0
2,5,15,3,2921.219,1 0,East,3,7,0
2,5,15,2,2921.782,1 1,East,3,7,0
2,5,15,3,2922.337,1 1,South,3,7,0
2,5,15,2,2922.881,2 1,South,3,7,0
2,5,15,1,2923.491,2 1,East,3,7,0
2,5,15,2,2924.078,2 2,East,3,7,0
2,5,15,1,2924.64,2 2,North,3,7,0
2,5,15,2,2925.182,1 2,North,3,7,0
2,5,15,6,2925.56,1 2,North,3,8,0
0,6,16,1,2929.552,4 4,West,3,0,0
0,6,16,2,2930.328,4 3,West,3,0,0
0,6,16,2,2930.845,4 2,West,3,0,0
0,6,16,3,2931.881,4 2,North,3,0,0
0,6,16,2,2932.415,3 2,North,3,0,0
0,6,16,1,2932.928,3 2,West,3,0,0
0,6,16,2,2933.459,3 1,West,3,0,0
0,6,16,2,2934.052,3 0,West,3,0,0
0,6,16,3,2934.607,3 0,North,3,0,0
0,6,16,2,2935.155,2 0,North,3,0,0
0,6,16,2,2935.712,1 0,North,3,0,0
0,6,16,3,2936.257,1 0,East,3,0,0
0,6,16,2,2936.821,1 1,East,3,0,0
0,6,16,6,2937.22,1 1,East,3,1,0
0,6,16,3,2937.344,1 1,South,3,1,0
0,6,16,2,2937.919,2 1,South,3,1,0
0,6,16,1,2938.503,2 1,East,3,1,0
0,6,16,2,2939.031,2 2,East,3,1,0
0,6,16,1,2939.553,2 2,North,3,1,0
0,6,16,2,2940.084,1 2,North,3,1,0
0,6,16,2,2940.676,0 2,North,3,1,0
0,6,16,1,2941.214,0 2,West,3,1,0
0,6,16,1,2941.777,0 2,South,3,1,0
0,6,16,2,2942.324,1 2,South,3,1,0
0,6,16,2,2942.901,2 2,South,3,1,0
0,6,16,3,2943.458,2 2,West,3,1,0
0,6,16,2,2944.063,2 1,West,3,1,0
0,6,16,3,2944.975,2 1,North,3,1,0
0,6,16,2,2945.538,1 1,North,3,1,0
0,6,16,1,2946.149,1 1,West,3,1,0
0,6,16,2,2946.724,1 0,West,3,1,0
0,6,16,1,2947.296,1 0,South,3,1,0
0,6,16,2,2947.87,2 0,South,3,1,0
0,6,16,2,2948.389,3 0,South,3,1,0
0,6,16,1,2949.2,3 0,East,3,1,0
0,6,16,2,2949.86,3 1,East,3,1,0
0,6,16,2,2950.485,3 2,East,3,1,0
0,6,16,3,2951.125,3 2,South,3,1,0
0,6,16,2,2951.745,4 2,South,3,1,0
0,6,16,1,2952.278,4 2,East,3,1,0
0,6,16,2,2952.849,4 3,East,3,1,0
0,6,16,2,2953.471,4 4,East,3,1,0
0,6,16,1,2954.033,4 4,North,3,1,0
0,6,16,2,2954.561,3 4,North,3,1,0
0,6,16,1,2955.167,3 4,West,3,1,0
0,6,16,2,2955.773,3 3,West,3,1,0
0,6,16,3,2956.285,3 3,North,3,1,0
0,6,16,2,2957.012,2 3,North,3,1,0
0,6,16,2,2957.549,1 3,North,3,1,0
0,6,16,2,2958.07,0 3,North,3,1,0
0,6,16,6,2958.44,0 3,North,3,2,0
0,6,16,3,2958.602,0 3,East,3,2,0
0,6,16,2,2959.169,0 4,East,3,2,0
0,6,16,3,2959.693,0 4,South,3,2,0
0,6,16,3,2960.255,0 4,West,3,2,0
0,6,16,2,2960.85,0 3,West,3,2,0
0,6,16,1,2961.454,0 3,South,3,2,0
0,6,16,2,2962.049,1 3,South,3,2,0
0,6,16,2,2962.692,2 3,South,3,2,0
0,6,16,2,2963.286,3 3,South,3,2,0
0,6,16,1,2963.845,3 3,East,3,2,0
0,6,16,2,2964.389,3 4,East,3,2,0
0,6,16,3,2964.901,3 4,South,3,2,0
0,6,16,2,2965.509,4 4,South,3,2,0
0,6,16,3,2966.053,4 4,West,3,2,0
0,6,16,2,2966.597,4 3,West,3,2,0
0,6,16,2,2967.202,4 2,West,3,2,0
0,6,16,6,2967.62,4 2,West,3,3,0
0,6,16,3,2967.759,4 2,North,3,3,0
0,6,16,2,2968.391,3 2,North,3,3,0
0,6,16,1,2968.996,3 2,West,3,3,0
0,6,16,2,2969.535,3 1,West,3,3,0
0,6,16,2,2970.224,3 0,West,3,3,0
0,6,16,3,2970.741,3 0,North,3,3,0
0,6,16,2,2971.344,2 0,North,3,3,0
0,6,16,2,2971.958,1 0,North,3,3,0
0,6,16,3,2972.513,1 0,East,3,3,0
0,6,16,2,2973.07,1 1,East,3,3,0
0,6,16,3,2973.646,1 1,South,3,3,0
0,6,16,2,2974.197,2 1,South,3,3,0
0,6,16,1,2974.783,2 1,East,3,3,0
0,6,16,2,2975.35,2 2,East,3,3,0
0,6,16,1,2975.908,2 2,North,3,3,0
0,6,16,2,2976.468,1 2,North,3,3,0
0,6,16,2,2977.07,0 2,North,3,3,0
0,6,16,1,2977.605,0 2,West,3,3,0
0,6,16,1,2978.158,0 2,South,3,3,0
0,6,16,2,2978.753,1 2,South,3,3,0
0,6,16,2,2979.313,2 2,South,3,3,0
0,6,16,3,2979.89,2 2,West,3,3,0
0,6,16,2,2980.532,2 1,West,3,3,0
0,6,16,3,2981.086,2 1,North,3,3,0
0,6,16,2,2981.68,1 1,North,3,3,0
0,6,16,1,2982.243,1 1,West,3,3,0
0,6,16,2,2982.784,1 0,West,3,3,0
0,6,16,1,2983.367,1 0,South,3,3,0
0,6,16,2,2983.905,2 0,South,3,3,0
0,6,16,2,2984.453,3 0,South,3,3,0
0,6,16,1,2984.997,3 0,East,3,3,0
0,6,16,2,2985.554,3 1,East,3,3,0
0,6,16,2,2986.135,3 2,East,3,3,0
0,6,16,3,2986.709,3 2,South,3,3,0
0,6,16,2,2987.263,4 2,South,3,3,0
0,6,16,1,2987.838,4 2,East,3,3,0
0,6,16,2,2988.429,4 3,East,3,3,0
0,6,16,2,2989.021,4 4,East,3,3,0
0,6,16,1,2989.696,4 4,North,3,3,0
0,6,16,2,2990.289,3 4,North,3,3,0
0,6,16,1,2990.949,3 4,West,3,3,0
0,6,16,2,2991.536,3 3,West,3,3,0
0,6,16,3,2992.19,3 3,North,3,3,0
0,6,16,2,2993.282,2 3,North,3,3,0
0,6,16,2,2993.888,1 3,North,3,3,0
0,6,16,2,2994.4,0 3,North,3,3,0
0,6,16,3,2994.945,0 3,East,3,3,0
0,6,16,2,2995.511,0 4,East,3,3,0
0,6,16,3,2996.101,0 4,South,3,3,0
0,6,16,2,2996.656,1 4,South,3,3,0
0,6,16,6,2997.04,1 4,South,3,4,0
0,6,16,3,2997.792,1 4,West,3,4,0
0,6,16,3,2998.367,1 4,North,3,4,0
0,6,16,2,2998.949,0 4,North,3,4,0
0,6,16,1,2999.501,0 4,West,3,4,0
0,6,16,2,3000.052,0 3,West,3,4,0
0,6,16,1,3000.674,0 3,South,3,4,0
0,6,16,2,3001.25,1 3,South,3,4,0
0,6,16,2,3001.874,2 3,South,3,4,0
0,6,16,2,3002.406,3 3,South,3,4,0
0,6,16,1,3003.038,3 3,East,3,4,0
0,6,16,2,3003.573,3 4,East,3,4,0
0,6,16,3,3004.224,3 4,South,3,4,0
0,6,16,2,3005.091,4 4,South,3,4,0
0,6,16,3,3006.271,4 4,West,3,4,0
0,6,16,2,3006.854,4 3,West,3,4,0
0,6,16,6,3007.26,4 3,West,3,5,0
0,6,16,2,3008.23,4 2,West,3,5,0
0,6,16,3,3008.865,4 2,North,3,5,0
0,6,16,2,3009.425,3 2,North,3,5,0
0,6,16,1,3010.021,3 2,West,3,5,0
0,6,16,2,3010.576,3 1,West,3,5,0
0,6,16,2,3011.19,3 0,West,3,5,0
0,6,16,3,3011.71,3 0,North,3,5,0
0,6,16,2,3012.31,2 0,North,3,5,0
0,6,16,6,3012.7,2 0,North,3,6,0
0,6,16,2,3012.881,1 0,North,3,6,0
0,6,16,3,3013.454,1 0,East,3,6,0
0,6,16,2,3014.163,1 1,East,3,6,0
0,6,16,3,3014.72,1 1,South,3,6,0
0,6,16,2,3015.249,2 1,South,3,6,0
0,6,16,1,3015.778,2 1,East,3,6,0
0,6,16,2,3016.324,2 2,East,3,6,0
0,6,16,1,3016.91,2 2,North,3,6,0
0,6,16,2,3017.455,1 2,North,3,6,0
0,6,16,2,3017.99,0 2,North,3,6,0
0,6,16,1,3018.574,0 2,West,3,6,0
0,6,16,1,3019.135,0 2,South,3,6,0
0,6,16,2,3019.664,1 2,South,3,6,0
0,6,16,2,3020.276,2 2,South,3,6,0
0,6,16,3,3020.804,2 2,West,3,6,0
0,6,16,3,3021.409,2 2,North,3,6,0
0,6,16,1,3022.112,2 2,West,3,6,0
0,6,16,2,3022.74,2 1,West,3,6,0
0,6,16,3,3023.278,2 1,North,3,6,0
0,6,16,2,3024.002,1 1,North,3,6,0
0,6,16,1,3024.607,1 1,West,3,6,0
0,6,16,2,3025.17,1 0,West,3,6,0
0,6,16,1,3025.746,1 0,South,3,6,0
0,6,16,2,3026.448,2 0,South,3,6,0
0,6,16,2,3027.03,3 0,South,3,6,0
0,6,16,2,3027.86,3 0,South,3,6,0
0,6,16,1,3028.527,3 0,East,3,6,0
0,6,16,2,3029.124,3 1,East,3,6,0
0,6,16,2,3029.635,3 2,East,3,6,0
0,6,16,3,3030.223,3 2,South,3,6,0
0,6,16,2,3030.879,4 2,South,3,6,0
0,6,16,1,3031.423,4 2,East,3,6,0
0,6,16,2,3032.05,4 3,East,3,6,0
0,6,16,2,3032.694,4 4,East,3,6,0
0,6,16,1,3033.716,4 4,North,3,6,0
0,6,16,1,3034.27,4 4,West,3,6,0
0,6,16,3,3034.83,4 4,North,3,6,0
0,6,16,2,3035.395,3 4,North,3,6,0
0,6,16,1,3035.986,3 4,West,3,6,0
0,6,16,2,3036.515,3 3,West,3,6,0
0,6,16,3,3037.074,3 3,North,3,6,0
0,6,16,2,3037.621,2 3,North,3,6,0
0,6,16,2,3038.18,1 3,North,3,6,0
0,6,16,2,3038.738,0 3,North,3,6,0
0,6,16,3,3039.278,0 3,East,3,6,0
0,6,16,2,3039.871,0 4,East,3,6,0
0,6,16,6,3040.28,0 4,East,3,7,0
0,6,16,3,3042.037,0 4,South,3,7,0
0,6,16,3,3043.007,0 4,West,3,7,0
0,6,16,2,3043.604,0 3,West,3,7,0
0,6,16,1,3044.16,0 3,South,3,7,0
0,6,16,2,3044.721,1 3,South,3,7,0
0,6,16,2,3045.27,2 3,South,3,7,0
0,6,16,2,3045.826,3 3,South,3,7,0
0,6,16,1,3046.449,3 3,East,3,7,0
0,6,16,2,3046.977,3 4,East,3,7,0
0,6,16,3,3047.505,3 4,South,3,7,0
0,6,16,2,3048.098,4 4,South,3,7,0
0,6,16,3,3049.006,4 4,West,3,7,0
0,6,16,2,3049.55,4 3,West,3,7,0
0,6,16,2,3050.085,4 2,West,3,7,0
0,6,16,3,3050.608,4 2,North,3,7,0
0,6,16,2,3051.186,3 2,North,3,7,0
0,6,16,1,3051.765,3 2,West,3,7,0
0,6,16,2,3052.277,3 1,West,3,7,0
0,6,16,2,3053.118,3 0,West,3,7,0
0,6,16,3,3053.649,3 0,North,3,7,0
0,6,16,2,3054.262,2 0,North,3,7,0
0,6,16,2,3054.837,1 0,North,3,7,0
0,6,16,3,3056.197,1 0,East,3,7,0
0,6,16,2,3056.878,1 1,East,3,7,0
0,6,16,3,3057.445,1 1,South,3,7,0
0,6,16,2,3057.97,2 1,South,3,7,0
0,6,16,1,3058.528,2 1,East,3,7,0
0,6,16,2,3059.103,2 2,East,3,7,0
0,6,16,1,3059.662,2 2,North,3,7,0
0,6,16,2,3060.258,1 2,North,3,7,0
0,6,16,2,3060.837,0 2,North,3,7,0
0,6,16,1,3061.374,0 2,West,3,7,0
0,6,16,2,3061.938,0 1,West,3,7,0
0,6,16,2,3062.576,0 0,West,3,7,0
0,6,16,6,3062.98,0 0,West,3,8,0
2,6,16,1,3066.309,4 4,West,3,0,0
2,6,16,2,3066.976,4 3,West,3,0,0
2,6,16,2,3067.52,4 2,West,3,0,0
2,6,16,6,3067.94,4 2,West,3,1,0
2,6,16,3,3068.177,4 2,North,3,1,0
2,6,16,3,3069.122,4 2,East,3,1,0
2,6,16,2,3069.682,4 3,East,3,1,0
2,6,16,2,3070.261,4 4,East,3,1,0
2,6,16,1,3070.846,4 4,North,3,1,0
2,6,16,2,3071.415,3 4,North,3,1,0
2,6,16,1,3071.99,3 4,West,3,1,0
2,6,16,2,3072.542,3 3,West,3,1,0
2,6,16,3,3073.166,3 3,North,3,1,0
2,6,16,2,3073.811,2 3,North,3,1,0
2,6,16,2,3074.343,1 3,North,3,1,0
2,6,16,2,3074.877,0 3,North,3,1,0
2,6,16,3,3075.477,0 3,East,3,1,0
2,6,16,2,3076.499,0 4,East,3,1,0
2,6,16,6,3076.9,0 4,East,3,2,0
2,6,16,3,3077.311,0 4,South,3,2,0
2,6,16,3,3077.879,0 4,West,3,2,0
2,6,16,2,3078.451,0 3,West,3,2,0
2,6,16,1,3079.091,0 3,South,3,2,0
2,6,16,2,3079.68,1 3,South,3,2,0
2,6,16,2,3080.231,2 3,South,3,2,0
2,6,16,2,3080.804,3 3,South,3,2,0
2,6,16,1,3081.438,3 3,East,3,2,0
2,6,16,2,3082.034,3 4,East,3,2,0
2,6,16,3,3082.577,3 4,South,3,2,0
2,6,16,2,3083.089,4 4,South,3,2,0
2,6,16,3,3083.664,4 4,West,3,2,0
2,6,16,2,3084.224,4 3,West,3,2,0
2,6,16,2,3084.819,4 2,West,3,2,0
2,6,16,3,3086.132,4 2,North,3,2,0
2,6,16,2,3086.77,3 2,North,3,2,0
2,6,16,1,3087.321,3 2,West,3,2,0
2,6,16,2,3087.872,3 1,West,3,2,0
2,6,16,2,3088.483,3 0,West,3,2,0
2,6,16,3,3089.058,3 0,North,3,2,0
2,6,16,2,3089.633,2 0,North,3,2,0
2,6,16,2,3090.209,1 0,North,3,2,0
2,6,16,3,3090.819,1 0,East,3,2,0
2,6,16,2,3091.364,1 1,East,3,2,0
2,6,16,6,3091.78,1 1,East,3,3,0
2,6,16,3,3091.966,1 1,South,3,3,0
2,6,16,3,3092.638,1 1,West,3,3,0
2,6,16,3,3093.461,1 1,North,3,3,0
2,6,16,3,3094.434,1 1,East,3,3,0
2,6,16,3,3095.12,1 1,South,3,3,0
2,6,16,2,3095.859,2 1,South,3,3,0
2,6,16,1,3096.534,2 1,East,3,3,0
2,6,16,2,3097.125,2 2,East,3,3,0
2,6,16,1,3097.76,2 2,North,3,3,0
2,6,16,2,3098.34,1 2,North,3,3,0
2,6,16,2,3098.933,0 2,North,3,3,0
2,6,16,1,3099.552,0 2,West,3,3,0
2,6,16,2,3100.15,0 1,West,3,3,0
2,6,16,2,3100.719,0 0,West,3,3,0
2,6,16,6,3101.12,0 0,West,3,4,0
2,6,16,3,3101.262,0 0,North,3,4,0
2,6,16,3,3101.87,0 0,East,3,4,0
2,6,16,2,3102.559,0 1,East,3,4,0
2,6,16,1,3103.489,0 1,North,3,4,0
2,6,16,1,3104.406,0 1,West,3,4,0
2,6,16,3,3105.236,0 1,North,3,4,0
2,6,16,3,3105.76,0 1,East,3,4,0
2,6,16,2,3106.336,0 2,East,3,4,0
2,6,16,3,3106.912,0 2,South,3,4,0
2,6,16,2,3107.541,1 2,South,3,4,0
2,6,16,2,3108.355,2 2,South,3,4,0
2,6,16,3,3108.912,2 2,West,3,4,0
2,6,16,2,3109.493,2 1,West,3,4,0
2,6,16,3,3110.115,2 1,North,3,4,0
2,6,16,2,3110.719,1 1,North,3,4,0
2,6,16,1,3111.266,1 1,West,3,4,0
2,6,16,2,3111.806,1 0,West,3,4,0
2,6,16,2,3112.786,1 0,West,3,4,0
2,6,16,1,3113.36,1 0,South,3,4,0
2,6,16,2,3114.56,2 0,South,3,4,0
2,6,16,2,3115.423,3 0,South,3,4,0
2,6,16,1,3116.001,3 0,East,3,4,0
2,6,16,2,3116.822,3 1,East,3,4,0
2,6,16,2,3117.422,3 2,East,3,4,0
2,6,16,6,3117.84,3 2,East,3,5,0
2,6,16,3,3117.987,3 2,South,3,5,0
2,6,16,2,3118.631,4 2,South,3,5,0
2,6,16,1,3119.3,4 2,East,3,5,0
2,6,16,1,3119.935,4 2,North,3,5,0
2,6,16,2,3121.333,3 2,North,3,5,0
2,6,16,1,3121.872,3 2,West,3,5,0
2,6,16,2,3122.47,3 1,West,3,5,0
2,6,16,2,3123.024,3 0,West,3,5,0
2,6,16,3,3123.636,3 0,North,3,5,0
2,6,16,2,3124.176,2 0,North,3,5,0
2,6,16,6,3124.56,2 0,North,3,6,0
2,6,16,3,3124.735,2 0,East,3,6,0
2,6,16,3,3125.312,2 0,South,3,6,0
2,6,16,2,3125.923,3 0,South,3,6,0
2,6,16,1,3126.481,3 0,East,3,6,0
2,6,16,2,3127.011,3 1,East,3,6,0
2,6,16,6,3127.42,3 1,East,3,7,0
2,6,16,2,3127.936,3 2,East,3,7,0
2,6,16,3,3128.624,3 2,South,3,7,0
2,6,16,2,3129.682,4 2,South,3,7,0
2,6,16,1,3130.324,4 2,East,3,7,0
2,6,16,2,3130.931,4 3,East,3,7,0
2,6,16,2,3132.063,4 4,East,3,7,0
2,6,16,1,3132.638,4 4,North,3,7,0
2,6,16,2,3133.247,3 4,North,3,7,0
2,6,16,1,3133.854,3 4,West,3,7,0
2,6,16,2,3134.435,3 3,West,3,7,0
2,6,16,3,3134.959,3 3,North,3,7,0
2,6,16,2,3135.841,2 3,North,3,7,0
2,6,16,6,3136.22,2 3,North,3,8,0
0,6,17,1,3139.395,4 4,West,3,0,0
0,6,17,2,3139.952,4 3,West,3,0,0
0,6,17,2,3140.497,4 2,West,3,0,0
0,6,17,3,3141.448,4 2,North,3,0,0
0,6,17,2,3142.035,3 2,North,3,0,0
0,6,17,1,3142.605,3 2,West,3,0,0
0,6,17,2,3143.125,3 1,West,3,0,0
0,6,17,2,3143.794,3 0,West,3,0,0
0,6,17,3,3144.333,3 0,North,3,0,0
0,6,17,2,3144.896,2 0,North,3,0,0
0,6,17,2,3145.472,1 0,North,3,0,0
0,6,17,3,3145.99,1 0,East,3,0,0
0,6,17,2,3146.559,1 1,East,3,0,0
0,6,17,3,3147.102,1 1,South,3,0,0
0,6,17,2,3147.621,2 1,South,3,0,0
0,6,17,1,3148.178,2 1,East,3,0,0
0,6,17,2,3148.757,2 2,East,3,0,0
0,6,17,1,3149.269,2 2,North,3,0,0
0,6,17,2,3149.778,1 2,North,3,0,0
0,6,17,2,3150.373,0 2,North,3,0,0
0,6,17,1,3150.911,0 2,West,3,0,0
0,6,17,1,3151.457,0 2,South,3,0,0
0,6,17,2,3151.986,1 2,South,3,0,0
0,6,17,2,3152.527,2 2,South,3,0,0
0,6,17,3,3153.503,2 2,West,3,0,0
0,6,17,2,3154.099,2 1,West,3,0,0
0,6,17,3,3154.719,2 1,North,3,0,0
0,6,17,2,3155.382,1 1,North,3,0,0
0,6,17,1,3156.289,1 1,West,3,0,0
0,6,17,2,3157.007,1 0,West,3,0,0
0,6,17,1,3157.839,1 0,South,3,0,0
0,6,17,2,3158.69,2 0,South,3,0,0
0,6,17,2,3159.201,3 0,South,3,0,0
0,6,17,1,3160.15,3 0,East,3,0,0
0,6,17,2,3160.773,3 1,East,3,0,0
0,6,17,2,3161.315,3 2,East,3,0,0
0,6,17,3,3161.827,3 2,South,3,0,0
0,6,17,2,3162.433,4 2,South,3,0,0
0,6,17,1,3162.959,4 2,East,3,0,0
0,6,17,2,3163.525,4 3,East,3,0,0
0,6,17,2,3164.102,4 4,East,3,0,0
0,6,17,1,3164.63,4 4,North,3,0,0
0,6,17,2,3165.149,3 4,North,3,0,0
0,6,17,1,3165.696,3 4,West,3,0,0
0,6,17,2,3166.244,3 3,West,3,0,0
0,6,17,3,3166.804,3 3,North,3,0,0
0,6,17,2,3167.364,2 3,North,3,0,0
0,6,17,2,3167.924,1 3,North,3,0,0
0,6,17,2,3168.482,0 3,North,3,0,0
0,6,17,3,3169.01,0 3,East,3,0,0
0,6,17,2,3169.631,0 4,East,3,0,0
0,6,17,3,3170.623,0 4,South,3,0,0
0,6,17,2,3171.207,1 4,South,3,0,0
0,6,17,2,3171.777,2 4,South,3,0,0
0,6,17,6,3172.16,2 4,South,3,1,0
0,6,17,3,3172.338,2 4,West,3,1,0
0,6,17,3,3172.933,2 4,North,3,1,0
0,6,17,2,3173.491,1 4,North,3,1,0
0,6,17,2,3174.037,0 4,North,3,1,0
0,6,17,1,3175.009,0 4,West,3,1,0
0,6,17,2,3175.572,0 3,West,3,1,0
0,6,17,1,3176.144,0 3,South,3,1,0
0,6,17,2,3176.673,1 3,South,3,1,0
0,6,17,2,3177.268,2 3,South,3,1,0
0,6,17,1,3177.889,2 3,East,3,1,0
0,6,17,3,3178.51,2 3,South,3,1,0
0,6,17,2,3179.073,3 3,South,3,1,0
0,6,17,1,3180.036,3 3,East,3,1,0
0,6,17,2,3180.562,3 4,East,3,1,0
0,6,17,3,3181.555,3 4,South,3,1,0
0,6,17,2,3182.193,4 4,South,3,1,0
0,6,17,3,3183.07,4 4,West,3,1,0
0,6,17,2,3183.893,4 3,West,3,1,0
0,6,17,2,3184.469,4 2,West,3,1,0
0,6,17,3,3185.025,4 2,North,3,1,0
0,6,17,2,3185.618,3 2,North,3,1,0
0,6,17,1,3186.212,3 2,West,3,1,0
0,6,17,2,3186.786,3 1,West,3,1,0
0,6,17,2,3187.476,3 0,West,3,1,0
0,6,17,6,3187.9,3 0,West,3,2,0
0,6,17,3,3188.514,3 0,North,3,2,0
0,6,17,2,3189.125,2 0,North,3,2,0
0,6,17,2,3189.729,1 0,North,3,2,0
0,6,17,3,3190.26,1 0,East,3,2,0
0,6,17,2,3190.845,1 1,East,3,2,0
0,6,17,3,3191.364,1 1,South,3,2,0
0,6,17,2,3191.876,2 1,South,3,2,0
0,6,17,1,3192.451,2 1,East,3,2,0
0,6,17,2,3193.01,2 2,East,3,2,0
0,6,17,1,3193.607,2 2,North,3,2,0
0,6,17,2,3194.176,1 2,North,3,2,0
0,6,17,2,3194.759,0 2,North,3,2,0
0,6,17,1,3195.605,0 2,West,3,2,0
0,6,17,1,3196.197,0 2,South,3,2,0
0,6,17,2,3196.786,1 2,South,3,2,0
0,6,17,2,3197.475,2 2,South,3,2,0
0,6,17,3,3198.013,2 2,West,3,2,0
0,6,17,2,3198.72,2 1,West,3,2,0
0,6,17,3,3199.269,2 1,North,3,2,0
0,6,17,2,3199.815,1 1,North,3,2,0
0,6,17,1,3200.638,1 1,West,3,2,0
0,6,17,2,3201.3,1 0,West,3,2,0
0,6,17,1,3201.958,1 0,South,3,2,0
0,6,17,2,3202.607,2 0,South,3,2,0
0,6,17,2,3203.182,3 0,South,3,2,0
0,6,17,1,3203.694,3 0,East,3,2,0
0,6,17,2,3204.386,3 1,East,3,2,0
0,6,17,2,3205.029,3 2,East,3,2,0
0,6,17,3,3205.568,3 2,South,3,2,0
0,6,17,2,3206.191,4 2,South,3,2,0
0,6,17,3,3206.802,4 2,West,3,2,0
0,6,17,2,3207.392,4 1,West,3,2,0
0,6,17,6,3207.8,4 1,West,3,3,0
0,6,17,1,3207.955,4 1,South,3,3,0
0,6,17,1,3208.609,4 1,East,3,3,0
0,6,17,2,3209.171,4 2,East,3,3,0
0,6,17,2,3209.811,4 3,East,3,3,0
0,6,17,2,3210.388,4 4,East,3,3,0
0,6,17,1,3211.375,4 4,North,3,3,0
0,6,17,2,3211.967,3 4,North,3,3,0
0,6,17,1,3212.543,3 4,West,3,3,0
0,6,17,2,3213.12,3 3,West,3,3,0
0,6,17,3,3213.716,3 3,North,3,3,0
0,6,17,2,3214.294,2 3,North,3,3,0
0,6,17,2,3215.122,1 3,North,3,3,0
0,6,17,2,3215.812,0 3,North,3,3,0
0,6,17,3,3216.51,0 3,East,3,3,0
0,6,17,2,3217.044,0 4,East,3,3,0
0,6,17,3,3217.599,0 4,South,3,3,0
0,6,17,3,3218.208,0 4,West,3,3,0
0,6,17,2,3218.785,0 3,West,3,3,0
0,6,17,1,3219.335,0 3,South,3,3,0
0,6,17,2,3219.857,1 3,South,3,3,0
0,6,17,2,3220.401,2 3,South,3,3,0
0,6,17,2,3220.963,3 3,South,3,3,0
0,6,17,1,3221.489,3 3,East,3,3,0
0,6,17,2,3222.038,3 4,East,3,3,0
0,6,17,3,3222.566,3 4,South,3,3,0
0,6,17,2,3223.103,4 4,South,3,3,0
0,6,17,3,3223.649,4 4,West,3,3,0
0,6,17,2,3224.366,4 3,West,3,3,0
0,6,17,2,3225.458,4 2,West,3,3,0
0,6,17,3,3226.068,4 2,North,3,3,0
0,6,17,2,3226.702,3 2,North,3,3,0
0,6,17,1,3227.364,3 2,West,3,3,0
0,6,17,2,3227.958,3 1,West,3,3,0
0,6,17,2,3228.805,3 0,West,3,3,0
0,6,17,3,3229.333,3 0,North,3,3,0
0,6,17,2,3230.021,2 0,North,3,3,0
0,6,17,2,3230.917,1 0,North,3,3,0
0,6,17,3,3231.506,1 0,East,3,3,0
0,6,17,2,3232.063,1 1,East,3,3,0
0,6,17,3,3232.658,1 1,South,3,3,0
0,6,17,2,3233.188,2 1,South,3,3,0
0,6,17,1,3233.814,2 1,East,3,3,0
0,6,17,2,3234.381,2 2,East,3,3,0
0,6,17,1,3234.981,2 2,North,3,3,0
0,6,17,2,3235.584,1 2,North,3,3,0
0,6,17,6,3235.96,1 2,North,3,4,0
0,6,17,2,3236.222,0 2,North,3,4,0
0,6,17,1,3236.853,0 2,West,3,4,0
0,6,17,1,3237.476,0 2,South,3,4,0
0,6,17,2,3238.014,1 2,South,3,4,0
0,6,17,2,3238.595,2 2,South,3,4,0
0,6,17,3,3239.125,2 2,West,3,4,0
0,6,17,2,3239.775,2 1,West,3,4,0
0,6,17,3,3240.323,2 1,North,3,4,0
0,6,17,2,3240.93,1 1,North,3,4,0
0,6,17,1,3241.683,1 1,West,3,4,0
0,6,17,2,3242.274,1 0,West,3,4,0
0,6,17,1,3242.849,1 0,South,3,4,0
0,6,17,2,3243.441,2 0,South,3,4,0
0,6,17,2,3244.062,3 0,South,3,4,0
0,6,17,1,3244.609,3 0,East,3,4,0
0,6,17,2,3245.156,3 1,East,3,4,0
0,6,17,2,3245.679,3 2,East,3,4,0
0,6,17,3,3246.225,3 2,South,3,4,0
0,6,17,2,3246.864,4 2,South,3,4,0
0,6,17,3,3247.39,4 2,West,3,4,0
0,6,17,3,3247.972,4 2,North,3,4,0
0,6,17,3,3248.548,4 2,East,3,4,0
0,6,17,2,3249.174,4 3,East,3,4,0
0,6,17,2,3249.76,4 4,East,3,4,0
0,6,17,1,3250.306,4 4,North,3,4,0
0,6,17,2,3250.833,3 4,North,3,4,0
0,6,17,6,3251.22,3 4,North,3,5,0
0,6,17,1,3251.422,3 4,West,3,5,0
0,6,17,2,3251.968,3 3,West,3,5,0
0,6,17,3,3252.577,3 3,North,3,5,0
0,6,17,2,3253.219,2 3,North,3,5,0
0,6,17,2,3253.76,1 3,North,3,5,0
0,6,17,2,3254.357,0 3,North,3,5,0
0,6,17,3,3254.949,0 3,East,3,5,0
0,6,17,2,3255.569,0 4,East,3,5,0
0,6,17,3,3256.084,0 4,South,3,5,0
0,6,17,3,3256.643,0 4,West,3,5,0
0,6,17,2,3257.566,0 3,West,3,5,0
0,6,17,1,3258.302,0 3,South,3,5,0
0,6,17,2,3258.912,1 3,South,3,5,0
0,6,17,2,3259.488,2 3,South,3,5,0
0,6,17,2,3260.065,3 3,South,3,5,0
0,6,17,1,3260.639,3 3,East,3,5,0
0,6,17,2,3261.167,3 4,East,3,5,0
0,6,17,3,3261.765,3 4,South,3,5,0
0,6,17,2,3262.357,4 4,South,3,5,0
0,6,17,3,3262.894,4 4,West,3,5,0
0,6,17,2,3263.489,4 3,West,3,5,0
0,6,17,2,3264.111,4 2,West,3,5,0
0,6,17,3,3264.638,4 2,North,3,5,0
0,6,17,2,3265.28,3 2,North,3,5,0
0,6,17,1,3265.794,3 2,West,3,5,0
0,6,17,2,3266.42,3 1,West,3,5,0
0,6,17,2,3266.977,3 0,West,3,5,0
0,6,17,3,3267.542,3 0,North,3,5,0
0,6,17,2,3268.382,2 0,North,3,5,0
0,6,17,2,3268.977,1 0,North,3,5,0
0,6,17,6,3269.36,1 0,North,3,6,0
0,6,17,2,3269.557,1 0,North,3,6,0
0,6,17,3,3270.133,1 0,East,3,6,0
0,6,17,2,3270.742,1 1,East,3,6,0
0,6,17,3,3271.781,1 1,South,3,6,0
0,6,17,2,3272.34,2 1,South,3,6,0
0,6,17,1,3273.396,2 1,East,3,6,0
0,6,17,2,3274.001,2 2,East,3,6,0
0,6,17,1,3274.562,2 2,North,3,6,0
0,6,17,2,3275.232,1 2,North,3,6,0
0,6,17,2,3275.827,0 2,North,3,6,0
0,6,17,1,3276.447,0 2,West,3,6,0
0,6,17,1,3277.362,0 2,South,3,6,0
0,6,17,2,3277.872,1 2,South,3,6,0
0,6,17,2,3278.517,2 2,South,3,6,0
0,6,17,3,3279.028,2 2,West,3,6,0
0,6,17,2,3279.887,2 1,West,3,6,0
0,6,17,3,3280.463,2 1,North,3,6,0
0,6,17,2,3281.092,1 1,North,3,6,0
0,6,17,1,3281.727,1 1,West,3,6,0
0,6,17,2,3282.339,1 0,West,3,6,0
0,6,17,1,3283.506,1 0,South,3,6,0
0,6,17,2,3284.854,2 0,South,3,6,0
0,6,17,2,3285.616,3 0,South,3,6,0
0,6,17,1,3286.161,3 0,East,3,6,0
0,6,17,2,3287.122,3 1,East,3,6,0
0,6,17,2,3287.662,3 2,East,3,6,0
0,6,17,6,3288.06,3 2,East,3,7,0
0,6,17,3,3288.208,3 2,South,3,7,0
0,6,17,2,3288.742,4 2,South,3,7,0
0,6,17,3,3289.663,4 2,West,3,7,0
0,6,17,1,3290.208,4 2,South,3,7,0
0,6,17,1,3290.789,4 2,East,3,7,0
0,6,17,2,3291.366,4 3,East,3,7,0
0,6,17,2,3291.99,4 4,East,3,7,0
0,6,17,1,3292.516,4 4,North,3,7,0
0,6,17,2,3293.092,3 4,North,3,7,0
0,6,17,1,3293.622,3 4,West,3,7,0
0,6,17,2,3294.179,3 3,West,3,7,0
0,6,17,3,3294.708,3 3,North,3,7,0
0,6,17,2,3295.668,2 3,North,3,7,0
0,6,17,2,3296.544,1 3,North,3,7,0
0,6,17,6,3296.92,1 3,North,3,8,0
2,6,17,1,3300.065,4 4,West,3,0,0
2,6,17,2,3300.686,4 3,West,3,0,0
2,6,17,2,3301.232,4 2,West,3,0,0
2,6,17,3,3301.798,4 2,North,3,0,0
2,6,17,2,3302.725,3 2,North,3,0,0
2,6,17,1,3303.285,3 2,West,3,0,0
2,6,17,2,3303.825,3 1,West,3,0,0
2,6,17,2,3304.35,3 0,West,3,0,0
2,6,17,6,3304.76,3 0,West,3,1,0
2,6,17,3,3304.884,3 0,North,3,1,0
2,6,17,3,3305.44,3 0,East,3,1,0
2,6,17,2,3305.97,3 1,East,3,1,0
2,6,17,2,3306.51,3 2,East,3,1,0
2,6,17,3,3307.477,3 2,South,3,1,0
2,6,17,2,3308.003,4 2,South,3,1,0
2,6,17,1,3308.533,4 2,East,3,1,0
2,6,17,2,3309.073,4 3,East,3,1,0
2,6,17,2,3309.62,4 4,East,3,1,0
2,6,17,1,3310.162,4 4,North,3,1,0
2,6,17,2,3311.14,3 4,North,3,1,0
2,6,17,1,3311.701,3 4,West,3,1,0
2,6,17,2,3312.261,3 3,West,3,1,0
2,6,17,3,3312.85,3 3,North,3,1,0
2,6,17,2,3313.476,2 3,North,3,1,0
2,6,17,2,3314.031,1 3,North,3,1,0
2,6,17,6,3314.42,1 3,North,3,2,0
2,6,17,3,3314.575,1 3,East,3,2,0
2,6,17,3,3315.112,1 3,South,3,2,0
2,6,17,1,3315.666,1 3,East,3,2,0
2,6,17,1,3316.239,1 3,North,3,2,0
2,6,17,2,3316.785,0 3,North,3,2,0
2,6,17,3,3317.683,0 3,East,3,2,0
2,6,17,2,3318.206,0 4,East,3,2,0
2,6,17,3,3318.757,0 4,South,3,2,0
2,6,17,2,3319.651,1 4,South,3,2,0
2,6,17,2,3320.224,2 4,South,3,2,0
2,6,17,6,3320.6,2 4,South,3,3,0
2,6,17,3,3320.783,2 4,West,3,3,0
2,6,17,3,3321.406,2 4,North,3,3,0
2,6,17,2,3321.989,1 4,North,3,3,0
2,6,17,2,3322.565,0 4,North,3,3,0
2,6,17,1,3323.077,0 4,West,3,3,0
2,6,17,2,3323.671,0 3,West,3,3,0
2,6,17,1,3324.244,0 3,South,3,3,0
2,6,17,2,3324.823,1 3,South,3,3,0
2,6,17,2,3325.363,2 3,South,3,3,0
2,6,17,2,3325.983,3 3,South,3,3,0
2,6,17,1,3326.547,3 3,East,3,3,0
2,6,17,2,3327.076,3 4,East,3,3,0
2,6,17,3,3327.599,3 4,South,3,3,0
2,6,17,2,3328.141,4 4,South,3,3,0
2,6,17,3,3328.669,4 4,West,3,3,0
2,6,17,2,3329.199,4 3,West,3,3,0
2,6,17,2,3329.746,4 2,West,3,3,0
2,6,17,3,3330.321,4 2,North,3,3,0
2,6,17,2,3330.9,3 2,North,3,3,0
2,6,17,1,3331.44,3 2,West,3,3,0
2,6,17,2,3332.019,3 1,West,3,3,0
2,6,17,2,3332.578,3 0,West,3,3,0
2,6,17,3,3333.103,3 0,North,3,3,0
2,6,17,2,3333.632,2 0,North,3,3,0
2,6,17,2,3334.18,1 0,North,3,3,0
2,6,17,3,3334.709,1 0,East,3,3,0
2,6,17,2,3335.263,1 1,East,3,3,0
2,6,17,3,3336.231,1 1,South,3,3,0
2,6,17,2,3336.818,2 1,South,3,3,0
2,6,17,1,3337.426,2 1,East,3,3,0
2,6,17,2,3337.984,2 2,East,3,3,0
2,6,17,1,3338.546,2 2,North,3,3,0
2,6,17,2,3339.125,1 2,North,3,3,0
2,6,17,6,3339.52,1 2,North,3,4,0
2,6,17,1,3339.646,1 2,West,3,4,0
2,6,17,1,3340.209,1 2,South,3,4,0
2,6,17,2,3340.77,2 2,South,3,4,0
2,6,17,3,3341.302,2 2,West,3,4,0
2,6,17,2,3341.893,2 1,West,3,4,0
2,6,17,3,3342.43,2 1,North,3,4,0
2,6,17,2,3342.994,1 1,North,3,4,0
2,6,17,1,3343.522,1 1,West,3,4,0
2,6,17,2,3344.081,1 0,West,3,4,0
2,6,17,1,3344.607,1 0,South,3,4,0
2,6,17,2,3345.174,2 0,South,3,4,0
2,6,17,2,3345.758,3 0,South,3,4,0
2,6,17,1,3346.319,3 0,East,3,4,0
2,6,17,2,3346.862,3 1,East,3,4,0
2,6,17,2,3347.413,3 2,East,3,4,0
2,6,17,3,3348.004,3 2,South,3,4,0
2,6,17,2,3348.598,4 2,South,3,4,0
2,6,17,3,3349.135,4 2,West,3,4,0
2,6,17,2,3349.683,4 1,West,3,4,0
2,6,17,6,3350.1,4 1,West,3,5,0
2,6,17,3,3350.208,4 1,North,3,5,0
2,6,17,3,3350.867,4 1,East,3,5,0
2,6,17,2,3351.412,4 2,East,3,5,0
2,6,17,1,3351.951,4 2,North,3,5,0
2,6,17,2,3352.559,3 2,North,3,5,0
2,6,17,1,3353.127,3 2,West,3,5,0
2,6,17,2,3353.668,3 1,West,3,5,0
2,6,17,2,3354.215,3 0,West,3,5,0
2,6,17,3,3354.769,3 0,North,3,5,0
2,6,17,2,3355.317,2 0,North,3,5,0
2,6,17,2,3355.844,1 0,North,3,5,0
2,6,17,6,3356.22,1 0,North,3,6,0
2,6,17,3,3356.386,1 0,East,3,6,0
2,6,17,3,3356.997,1 0,South,3,6,0
2,6,17,2,3357.55,2 0,South,3,6,0
2,6,17,2,3358.196,3 0,South,3,6,0
2,6,17,1,3358.755,3 0,East,3,6,0
2,6,17,2,3359.348,3 1,East,3,6,0
2,6,17,2,3360.431,3 2,East,3,6,0
2,6,17,3,3361.031,3 2,South,3,6,0
2,6,17,2,3362.126,4 2,South,3,6,0
2,6,17,1,3362.689,4 2,East,3,6,0
2,6,17,2,3363.219,4 3,East,3,6,0
2,6,17,6,3363.62,4 3,East,3,7,0
2,6,17,1,3363.75,4 3,North,3,7,0
2,6,17,1,3364.307,4 3,West,3,7,0
2,6,17,2,3365.279,4 2,West,3,7,0
2,6,17,3,3365.797,4 2,North,3,7,0
2,6,17,2,3366.688,3 2,North,3,7,0
2,6,17,1,3367.22,3 2,West,3,7,0
2,6,17,2,3368.132,3 1,West,3,7,0
2,6,17,2,3368.66,3 0,West,3,7,0
2,6,17,3,3369.184,3 0,North,3,7,0
2,6,17,2,3369.703,2 0,North,3,7,0
2,6,17,2,3370.24,1 0,North,3,7,0
2,6,17,3,3370.754,1 0,East,3,7,0
2,6,17,2,3371.278,1 1,East,3,7,0
2,6,17,3,3371.791,1 1,South,3,7,0
2,6,17,2,3372.311,2 1,South,3,7,0
2,6,17,1,3372.852,2 1,East,3,7,0
2,6,17,2,3373.395,2 2,East,3,7,0
2,6,17,1,3373.957,2 2,North,3,7,0
2,6,17,2,3374.469,1 2,North,3,7,0
2,6,17,2,3374.994,0 2,North,3,7,0
2,6,17,6,3375.38,0 2,North,3,8,0
0,6,18,2,3378.178,3 4,North,3,0,0
0,6,18,1,3379.073,3 4,West,3,0,0
0,6,18,2,3379.888,3 3,West,3,0,0
0,6,18,3,3380.447,3 3,North,3,0,0
0,6,18,2,3380.974,2 3,North,3,0,0
0,6,18,2,3381.524,1 3,North,3,0,0
0,6,18,2,3382.066,0 3,North,3,0,0
0,6,18,3,3382.593,0 3,East,3,0,0
0,6,18,2,3383.119,0 4,East,3,0,0
0,6,18,3,3383.645,0 4,South,3,0,0
0,6,18,3,3384.182,0 4,West,3,0,0
0,6,18,2,3384.757,0 3,West,3,0,0
0,6,18,1,3385.855,0 3,South,3,0,0
0,6,18,2,3386.367,1 3,South,3,0,0
0,6,18,2,3386.944,2 3,South,3,0,0
0,6,18,2,3387.521,3 3,South,3,0,0
0,6,18,1,3388.048,3 3,East,3,0,0
0,6,18,2,3388.61,3 4,East,3,0,0
0,6,18,3,3389.141,3 4,South,3,0,0
0,6,18,2,3390.212,4 4,South,3,0,0
0,6,18,3,3391.17,4 4,West,3,0,0
0,6,18,2,3391.697,4 3,West,3,0,0
0,6,18,2,3392.243,4 2,West,3,0,0
0,6,18,2,3393.198,4 1,West,3,0,0
0,6,18,2,3393.728,4 0,West,3,0,0
0,6,18,6,3394.14,4 0,West,3,1,0
0,6,18,3,3394.253,4 0,North,3,1,0
0,6,18,3,3394.833,4 0,East,3,1,0
0,6,18,2,3395.361,4 1,East,3,1,0
0,6,18,2,3395.923,4 2,East,3,1,0
0,6,18,2,3396.433,4 3,East,3,1,0
0,6,18,2,3396.944,4 4,East,3,1,0
0,6,18,1,3397.889,4 4,North,3,1,0
0,6,18,2,3398.483,3 4,North,3,1,0
0,6,18,1,3399.073,3 4,West,3,1,0
0,6,18,2,3399.631,3 3,West,3,1,0
0,6,18,3,3400.15,3 3,North,3,1,0
0,6,18,2,3400.69,2 3,North,3,1,0
0,6,18,2,3401.267,1 3,North,3,1,0
0,6,18,2,3401.806,0 3,North,3,1,0
0,6,18,3,3402.79,0 3,East,3,1,0
0,6,18,2,3403.327,0 4,East,3,1,0
0,6,18,3,3404.032,0 4,South,3,1,0
0,6,18,3,3404.575,0 4,West,3,1,0
0,6,18,2,3405.123,0 3,West,3,1,0
0,6,18,1,3405.645,0 3,South,3,1,0
0,6,18,2,3406.175,1 3,South,3,1,0
0,6,18,2,3406.704,2 3,South,3,1,0
0,6,18,2,3407.299,3 3,South,3,1,0
0,6,18,1,3407.838,3 3,East,3,1,0
0,6,18,2,3408.45,3 4,East,3,1,0
0,6,18,3,3409.423,3 4,South,3,1,0
0,6,18,2,3410.034,4 4,South,3,1,0
0,6,18,3,3410.626,4 4,West,3,1,0
0,6,18,2,3411.366,4 3,West,3,1,0
0,6,18,2,3411.901,4 2,West,3,1,0
0,6,18,3,3412.494,4 2,North,3,1,0
0,6,18,2,3413.078,3 2,North,3,1,0
0,6,18,1,3413.636,3 2,West,3,1,0
0,6,18,2,3414.307,3 1,West,3,1,0
0,6,18,2,3414.834,3 0,West,3,1,0
0,6,18,3,3415.381,3 0,North,3,1,0
0,6,18,2,3415.974,2 0,North,3,1,0
0,6,18,2,3416.629,1 0,North,3,1,0
0,6,18,3,3417.233,1 0,East,3,1,0
0,6,18,2,3417.763,1 1,East,3,1,0
0,6,18,3,3418.339,1 1,South,3,1,0
0,6,18,2,3419.328,2 1,South,3,1,0
0,6,18,1,3419.875,2 1,East,3,1,0
0,6,18,2,3420.435,2 2,East,3,1,0
0,6,18,1,3421.077,2 2,North,3,1,0
0,6,18,2,3421.65,1 2,North,3,1,0
0,6,18,2,3422.246,0 2,North,3,1,0
0,6,18,1,3422.918,0 2,West,3,1,0
0,6,18,2,3423.47,0 1,West,3,1,0
0,6,18,6,3423.88,0 1,West,3,2,0
0,6,18,1,3424.131,0 1,South,3,2,0
0,6,18,1,3424.722,0 1,East,3,2,0
0,6,18,2,3425.249,0 2,East,3,2,0
0,6,18,3,3425.823,0 2,South,3,2,0
0,6,18,2,3426.387,1 2,South,3,2,0
0,6,18,2,3426.965,2 2,South,3,2,0
0,6,18,3,3427.502,2 2,West,3,2,0
0,6,18,2,3428.712,2 1,West,3,2,0
0,6,18,3,3429.238,2 1,North,3,2,0
0,6,18,2,3429.792,1 1,North,3,2,0
0,6,18,1,3430.318,1 1,West,3,2,0
0,6,18,2,3430.91,1 0,West,3,2,0
0,6,18,1,3431.427,1 0,South,3,2,0
0,6,18,2,3432.004,2 0,South,3,2,0
0,6,18,2,3432.613,3 0,South,3,2,0
0,6,18,1,3433.206,3 0,East,3,2,0
0,6,18,2,3433.86,3 1,East,3,2,0
0,6,18,2,3434.484,3 2,East,3,2,0
0,6,18,3,3435.134,3 2,South,3,2,0
0,6,18,2,3435.699,4 2,South,3,2,0
0,6,18,3,3436.27,4 2,West,3,2,0
0,6,18,3,3436.83,4 2,North,3,2,0
0,6,18,3,3437.375,4 2,East,3,2,0
0,6,18,2,3438.386,4 3,East,3,2,0
0,6,18,2,3438.967,4 4,East,3,2,0
0,6,18,1,3439.566,4 4,North,3,2,0
0,6,18,2,3440.129,3 4,North,3,2,0
0,6,18,1,3440.743,3 4,West,3,2,0
0,6,18,2,3441.252,3 3,West,3,2,0
0,6,18,3,3441.808,3 3,North,3,2,0
0,6,18,2,3442.32,2 3,North,3,2,0
0,6,18,6,3442.7,2 3,North,3,3,0
0,6,18,2,3442.834,1 3,North,3,3,0
0,6,18,2,3443.444,0 3,North,3,3,0
0,6,18,3,3444.403,0 3,East,3,3,0
0,6,18,2,3445.01,0 4,East,3,3,0
0,6,18,3,3445.556,0 4,South,3,3,0
0,6,18,3,3446.149,0 4,West,3,3,0
0,6,18,2,3446.752,0 3,West,3,3,0
0,6,18,1,3447.317,0 3,South,3,3,0
0,6,18,2,3447.876,1 3,South,3,3,0
0,6,18,2,3448.502,2 3,South,3,3,0
0,6,18,2,3449.014,3 3,South,3,3,0
0,6,18,1,3449.534,3 3,East,3,3,0
0,6,18,2,3450.111,3 4,East,3,3,0
0,6,18,3,3450.658,3 4,South,3,3,0
0,6,18,2,3451.232,4 4,South,3,3,0
0,6,18,3,3451.741,4 4,West,3,3,0
0,6,18,2,3452.308,4 3,West,3,3,0
0,6,18,2,3452.864,4 2,West,3,3,0
0,6,18,3,3453.381,4 2,North,3,3,0
0,6,18,2,3453.902,3 2,North,3,3,0
0,6,18,1,3454.436,3 2,West,3,3,0
0,6,18,2,3454.949,3 1,West,3,3,0
0,6,18,6,3455.36,3 1,West,3,4,0
0,6,18,2,3455.512,3 0,West,3,4,0
0,6,18,3,3456.1,3 0,North,3,4,0
0,6,18,2,3456.675,2 0,North,3,4,0
0,6,18,2,3457.299,1 0,North,3,4,0
0,6,18,3,3457.846,1 0,East,3,4,0
0,6,18,2,3458.432,1 1,East,3,4,0
0,6,18,3,3458.999,1 1,South,3,4,0
0,6,18,2,3459.539,2 1,South,3,4,0
0,6,18,1,3460.145,2 1,East,3,4,0
0,6,18,2,3460.695,2 2,East,3,4,0
0,6,18,6,3461.1,2 2,East,3,5,0
0,6,18,1,3461.217,2 2,North,3,5,0
0,6,18,2,3461.775,1 2,North,3,5,0
0,6,18,2,3462.371,0 2,North,3,5,0
0,6,18,1,3462.898,0 2,West,3,5,0
0,6,18,1,3463.471,0 2,South,3,5,0
0,6,18,2,3464.003,1 2,South,3,5,0
0,6,18,2,3464.646,2 2,South,3,5,0
0,6,18,3,3465.186,2 2,West,3,5,0
0,6,18,3,3465.81,2 2,North,3,5,0
0,6,18,1,3466.406,2 2,West,3,5,0
0,6,18,2,3467.121,2 1,West,3,5,0
0,6,18,3,3467.695,2 1,North,3,5,0
0,6,18,2,3468.496,1 1,North,3,5,0
0,6,18,1,3469.121,1 1,West,3,5,0
0,6,18,2,3470.031,1 0,West,3,5,0
0,6,18,1,3470.642,1 0,South,3,5,0
0,6,18,2,3471.217,2 0,South,3,5,0
0,6,18,2,3471.811,3 0,South,3,5,0
0,6,18,1,3472.739,3 0,East,3,5,0
0,6,18,2,3473.3,3 1,East,3,5,0
0,6,18,2,3473.841,3 2,East,3,5,0
0,6,18,3,3474.823,3 2,South,3,5,0
0,6,18,2,3475.445,4 2,South,3,5,0
0,6,18,1,3476.383,4 2,East,3,5,0
0,6,18,1,3476.949,4 2,North,3,5,0
0,6,18,1,3477.874,4 2,West,3,5,0
0,6,18,3,3478.526,4 2,North,3,5,0
0,6,18,3,3479.073,4 2,East,3,5,0
0,6,18,2,3479.587,4 3,East,3,5,0
0,6,18,2,3480.207,4 4,East,3,5,0
0,6,18,1,3480.723,4 4,North,3,5,0
0,6,18,2,3481.253,3 4,North,3,5,0
0,6,18,1,3481.839,3 4,West,3,5,0
0,6,18,2,3482.419,3 3,West,3,5,0
0,6,18,6,3482.84,3 3,West,3,6,0
0,6,18,3,3482.95,3 3,North,3,6,0
0,6,18,2,3483.493,2 3,North,3,6,0
0,6,18,2,3484.035,1 3,North,3,6,0
0,6,18,2,3484.639,0 3,North,3,6,0
0,6,18,3,3485.189,0 3,East,3,6,0
0,6,18,2,3485.745,0 4,East,3,6,0
0,6,18,3,3486.273,0 4,South,3,6,0
0,6,18,3,3486.802,0 4,West,3,6,0
0,6,18,2,3487.342,0 3,West,3,6,0
0,6,18,1,3487.871,0 3,South,3,6,0
0,6,18,2,3488.449,1 3,South,3,6,0
0,6,18,2,3488.99,2 3,South,3,6,0
0,6,18,2,3489.605,3 3,South,3,6,0
0,6,18,1,3490.162,3 3,East,3,6,0
0,6,18,2,3490.782,3 4,East,3,6,0
0,6,18,3,3491.331,3 4,South,3,6,0
0,6,18,2,3491.889,4 4,South,3,6,0
0,6,18,3,3493.2,4 4,West,3,6,0
0,6,18,2,3493.843,4 3,West,3,6,0
0,6,18,2,3494.371,4 2,West,3,6,0
0,6,18,3,3495.397,4 2,North,3,6,0
0,6,18,2,3495.934,3 2,North,3,6,0
0,6,18,1,3496.526,3 2,West,3,6,0
0,6,18,2,3497.141,3 1,West,3,6,0
0,6,18,2,3497.774,3 0,West,3,6,0
0,6,18,3,3498.388,3 0,North,3,6,0
0,6,18,2,3498.992,2 0,North,3,6,0
0,6,18,2,3499.587,1 0,North,3,6,0
0,6,18,3,3500.256,1 0,East,3,6,0
0,6,18,2,3500.818,1 1,East,3,6,0
0,6,18,3,3501.357,1 1,South,3,6,0
0,6,18,2,3501.878,2 1,South,3,6,0
0,6,18,1,3502.417,2 1,East,3,6,0
0,6,18,2,3502.967,2 2,East,3,6,0
0,6,18,1,3503.506,2 2,North,3,6,0
0,6,18,2,3504.064,1 2,North,3,6,0
0,6,18,2,3504.61,0 2,North,3,6,0
0,6,18,6,3505,0 2,North,3,7,0
0,6,18,1,3505.652,0 2,West,3,7,0
0,6,18,1,3506.227,0 2,South,3,7,0
0,6,18,2,3506.768,1 2,South,3,7,0
0,6,18,2,3507.346,2 2,South,3,7,0
0,6,18,3,3508.211,2 2,West,3,7,0
0,6,18,2,3509.073,2 1,West,3,7,0
0,6,18,6,3509.48,2 1,West,3,8,0
2,6,18,1,3512.434,4 4,West,3,0,0
2,6,18,2,3512.997,4 3,West,3,0,0
2,6,18,2,3513.525,4 2,West,3,0,0
2,6,18,2,3514.07,4 1,West,3,0,0
2,6,18,2,3514.591,4 0,West,3,0,0
2,6,18,6,3515,4 0,West,3,1,0
2,6,18,3,3515.103,4 0,North,3,1,0
2,6,18,3,3515.71,4 0,East,3,1,0
2,6,18,2,3516.254,4 1,East,3,1,0
2,6,18,2,3516.784,4 2,East,3,1,0
2,6,18,2,3517.361,4 3,East,3,1,0
2,6,18,2,3517.941,4 4,East,3,1,0
2,6,18,1,3518.999,4 4,North,3,1,0
2,6,18,2,3519.604,3 4,North,3,1,0
2,6,18,1,3520.207,3 4,West,3,1,0
2,6,18,2,3520.751,3 3,West,3,1,0
2,6,18,6,3521.16,3 3,West,3,2,0
2,6,18,3,3521.285,3 3,North,3,2,0
2,6,18,3,3521.856,3 3,East,3,2,0
2,6,18,2,3522.415,3 4,East,3,2,0
2,6,18,3,3522.93,3 4,South,3,2,0
2,6,18,2,3523.471,4 4,South,3,2,0
2,6,18,3,3523.999,4 4,West,3,2,0
2,6,18,2,3524.527,4 3,West,3,2,0
2,6,18,2,3525.124,4 2,West,3,2,0
2,6,18,3,3525.719,4 2,North,3,2,0
2,6,18,2,3526.272,3 2,North,3,2,0
2,6,18,1,3526.785,3 2,West,3,2,0
2,6,18,2,3527.334,3 1,West,3,2,0
2,6,18,2,3527.94,3 0,West,3,2,0
2,6,18,3,3528.503,3 0,North,3,2,0
2,6,18,2,3529.071,2 0,North,3,2,0
2,6,18,2,3529.714,1 0,North,3,2,0
2,6,18,3,3530.39,1 0,East,3,2,0
2,6,18,2,3530.948,1 1,East,3,2,0
2,6,18,3,3531.566,1 1,South,3,2,0
2,6,18,2,3532.146,2 1,South,3,2,0
2,6,18,6,3532.52,2 1,South,3,3,0
2,6,18,3,3532.784,2 1,West,3,3,0
2,6,18,3,3533.342,2 1,North,3,3,0
2,6,18,1,3534.462,2 1,West,3,3,0
2,6,18,1,3535.01,2 1,South,3,3,0
2,6,18,1,3535.603,2 1,East,3,3,0
2,6,18,2,3536.656,2 2,East,3,3,0
2,6,18,1,3537.236,2 2,North,3,3,0
2,6,18,2,3537.778,1 2,North,3,3,0
2,6,18,2,3538.292,0 2,North,3,3,0
2,6,18,6,3538.66,0 2,North,3,4,0
2,6,18,1,3539.333,0 2,West,3,4,0
2,6,18,1,3539.906,0 2,South,3,4,0
2,6,18,2,3540.502,1 2,South,3,4,0
2,6,18,2,3541.079,2 2,South,3,4,0
2,6,18,3,3541.646,2 2,West,3,4,0
2,6,18,2,3542.208,2 1,West,3,4,0
2,6,18,3,3542.801,2 1,North,3,4,0
2,6,18,2,3543.346,1 1,North,3,4,0
2,6,18,1,3543.892,1 1,West,3,4,0
2,6,18,2,3544.42,1 0,West,3,4,0
2,6,18,1,3544.961,1 0,South,3,4,0
2,6,18,2,3545.537,2 0,South,3,4,0
2,6,18,2,3546.129,3 0,South,3,4,0
2,6,18,1,3546.756,3 0,East,3,4,0
2,6,18,2,3547.377,3 1,East,3,4,0
2,6,18,2,3548.05,3 2,East,3,4,0
2,6,18,3,3548.609,3 2,South,3,4,0
2,6,18,2,3549.615,4 2,South,3,4,0
2,6,18,1,3550.195,4 2,East,3,4,0
2,6,18,2,3550.837,4 3,East,3,4,0
2,6,18,2,3551.472,4 4,East,3,4,0
2,6,18,1,3552.055,4 4,North,3,4,0
2,6,18,2,3552.593,3 4,North,3,4,0
2,6,18,6,3552.98,3 4,North,3,5,0
2,6,18,1,3553.188,3 4,West,3,5,0
2,6,18,2,3553.76,3 3,West,3,5,0
2,6,18,3,3554.328,3 3,North,3,5,0
2,6,18,2,3554.848,2 3,North,3,5,0
2,6,18,2,3555.414,1 3,North,3,5,0
2,6,18,2,3555.986,0 3,North,3,5,0
2,6,18,6,3556.38,0 3,North,3,6,0
2,6,18,3,3556.56,0 3,East,3,6,0
2,6,18,3,3557.12,0 3,South,3,6,0
2,6,18,1,3557.712,0 3,East,3,6,0
2,6,18,2,3558.383,0 4,East,3,6,0
2,6,18,3,3558.928,0 4,South,3,6,0
2,6,18,2,3559.496,1 4,South,3,6,0
2,6,18,6,3559.88,1 4,South,3,7,0
2,6,18,3,3560.083,1 4,West,3,7,0
2,6,18,3,3560.767,1 4,North,3,7,0
2,6,18,2,3561.363,0 4,North,3,7,0
2,6,18,1,3561.954,0 4,West,3,7,0
2,6,18,2,3562.599,0 3,West,3,7,0
2,6,18,1,3563.166,0 3,South,3,7,0
2,6,18,2,3563.7,1 3,South,3,7,0
2,6,18,2,3564.275,2 3,South,3,7,0
2,6,18,2,3564.789,3 3,South,3,7,0
2,6,18,1,3565.362,3 3,East,3,7,0
2,6,18,2,3565.919,3 4,East,3,7,0
2,6,18,3,3566.484,3 4,South,3,7,0
2,6,18,2,3567.042,4 4,South,3,7,0
2,6,18,3,3567.607,4 4,West,3,7,0
2,6,18,2,3568.145,4 3,West,3,7,0
2,6,18,2,3568.787,4 2,West,3,7,0
2,6,18,3,3569.43,4 2,North,3,7,0
2,6,18,2,3569.982,3 2,North,3,7,0
2,6,18,1,3570.625,3 2,West,3,7,0
2,6,18,2,3571.186,3 1,West,3,7,0
2,6,18,2,3571.778,3 0,West,3,7,0
2,6,18,3,3572.498,3 0,North,3,7,0
2,6,18,2,3573.04,2 0,North,3,7,0
2,6,18,2,3573.584,1 0,North,3,7,0
2,6,18,3,3574.132,1 0,East,3,7,0
2,6,18,2,3574.706,1 1,East,3,7,0
2,6,18,3,3575.256,1 1,South,3,7,0
2,6,18,2,3575.861,2 1,South,3,7,0
2,6,18,1,3576.499,2 1,East,3,7,0
2,6,18,2,3577.095,2 2,East,3,7,0
2,6,18,1,3577.683,2 2,North,3,7,0
2,6,18,2,3578.245,1 2,North,3,7,0
2,6,18,2,3578.847,0 2,North,3,7,0
2,6,18,1,3579.494,0 2,West,3,7,0
2,6,18,2,3580.547,0 1,West,3,7,0
2,6,18,6,3580.96,0 1,West,3,8,0
