PhaseView,Run,Trial,Key,Time,Location,Direction,MazeType,Diamonds,WallBumped
0,3,7,1,842.1005,4 4,West,2,0,5
0,3,7,2,844.2282,4 3,West,2,0,5
0,3,7,2,845.7173,4 2,West,2,0,5
0,3,7,3,846.427,4 2,North,2,0,5
0,3,7,2,848.6432,3 2,North,2,0,5
0,3,7,6,849.02,3 2,North,2,1,5
0,3,7,3,849.3831,3 2,East,2,1,5
0,3,7,1,850.5186,3 2,North,2,1,5
0,3,7,1,851.1645,3 2,West,2,1,5
0,3,7,2,852.1193,3 1,West,2,1,5
0,3,7,3,852.6781,3 1,North,2,1,5
0,3,7,2,853.3839,2 1,North,2,1,5
0,3,7,2,854.2361,1 1,North,2,1,5
0,3,7,1,854.8589,1 1,West,2,1,5
0,3,7,2,855.6901,1 0,West,2,1,5
0,3,7,6,856.12,1 0,West,2,2,5
0,3,7,1,856.5972,1 0,South,2,2,5
0,3,7,1,857.715,1 0,East,2,2,5
0,3,7,2,859.5296,1 1,East,2,2,5
0,3,7,3,860.5009,1 1,South,2,2,5
0,3,7,2,861.3217,2 1,South,2,2,5
0,3,7,2,862.0093,3 1,South,2,2,5
0,3,7,1,862.6346,3 1,East,2,2,5
0,3,7,2,863.6578,3 2,East,2,2,5
0,3,7,3,864.1801,3 2,South,2,2,5
0,3,7,2,864.8371,4 2,South,2,2,5
0,3,7,1,865.4146,4 2,East,2,2,5
0,3,7,2,866.5225,4 3,East,2,2,5
0,3,7,2,867.0919,4 4,East,2,2,5
0,3,7,1,867.6832,4 4,North,2,2,5
0,3,7,2,868.4574,3 4,North,2,2,5
0,3,7,2,869.1439,2 4,North,2,2,5
0,3,7,2,869.8996,1 4,North,2,2,5
0,3,7,1,870.8199,1 4,West,2,2,5
0,3,7,3,871.6232,1 4,North,2,2,5
0,3,7,2,872.2934,0 4,North,2,2,5
0,3,7,1,872.8563,0 4,West,2,2,5
0,3,7,1,873.7363,0 4,South,2,2,5
0,3,7,2,874.3416,1 4,South,2,2,5
0,3,7,3,875.3521,1 4,West,2,2,5
0,3,7,2,876.139,1 3,West,2,2,5
0,3,7,1,876.7433,1 3,South,2,2,5
0,3,7,2,877.4455,2 3,South,2,2,5
0,3,7,6,877.84,2 3,South,2,3,5
0,3,7,3,878.2676,2 3,West,2,3,5
0,3,7,2,879.3,2 2,West,2,3,5
0,3,7,3,879.8506,2 2,North,2,3,5
0,3,7,2,881.2922,1 2,North,2,3,5
0,3,7,6,881.68,1 2,North,2,4,5
0,3,7,2,882.4233,0 2,North,2,4,5
0,3,7,1,883.0473,0 2,West,2,4,5
0,3,7,2,883.8776,0 1,West,2,4,5
0,3,7,2,885.6997,0 0,West,2,4,5
0,3,7,6,886.12,0 0,West,2,5,5
0,3,7,3,887.1394,0 0,North,2,5,5
0,3,7,3,887.9573,0 0,East,2,5,5
0,3,7,2,888.6771,0 1,East,2,5,5
0,3,7,2,889.3846,0 2,East,2,5,5
0,3,7,3,889.898,0 2,South,2,5,5
0,3,7,2,890.6667,1 2,South,2,5,5
0,3,7,2,891.4348,2 2,South,2,5,5
0,3,7,1,892.0258,2 2,East,2,5,5
0,3,7,2,892.7568,2 3,East,2,5,5
0,3,7,1,893.4359,2 3,North,2,5,5
0,3,7,2,894.2173,1 3,North,2,5,5
0,3,7,3,894.8514,1 3,East,2,5,5
0,3,7,2,895.5773,1 4,East,2,5,5
0,3,7,6,896,1 4,East,2,6,5
0,3,7,1,897.1754,1 4,North,2,6,5
0,3,7,1,898.6509,1 4,West,2,6,5
0,3,7,1,899.4648,1 4,South,2,6,5
0,3,7,2,900.8444,2 4,South,2,6,5
0,3,7,2,901.5234,3 4,South,2,6,5
0,3,7,2,902.3595,4 4,South,2,6,5
0,3,7,3,902.9512,4 4,West,2,6,5
0,3,7,2,903.7366,4 3,West,2,6,5
0,3,7,2,904.3468,4 2,West,2,6,5
0,3,7,3,904.9844,4 2,North,2,6,5
0,3,7,2,905.6377,3 2,North,2,6,5
0,3,7,1,906.2805,3 2,West,2,6,5
0,3,7,2,907.2244,3 1,West,2,6,5
0,3,7,3,907.8679,3 1,North,2,6,5
0,3,7,2,908.6907,2 1,North,2,6,5
0,3,7,2,909.3839,1 1,North,2,6,5
0,3,7,1,909.9963,1 1,West,2,6,5
0,3,7,2,910.6656,1 0,West,2,6,5
0,3,7,1,911.2247,1 0,South,2,6,5
0,3,7,2,912.1982,2 0,South,2,6,5
0,3,7,2,913.0836,3 0,South,2,6,5
0,3,7,6,913.46,3 0,South,2,7,5
0,3,7,2,914.5807,4 0,South,2,7,5
0,3,7,1,915.2098,4 0,East,2,7,5
0,3,7,1,916.2208,4 0,North,2,7,5
0,3,7,2,916.8555,3 0,North,2,7,5
0,3,7,2,917.5936,2 0,North,2,7,5
0,3,7,2,918.2611,1 0,North,2,7,5
0,3,7,3,918.8751,1 0,East,2,7,5
0,3,7,2,919.5574,1 1,East,2,7,5
0,3,7,3,920.1159,1 1,South,2,7,5
0,3,7,2,920.7587,2 1,South,2,7,5
0,3,7,2,921.364,3 1,South,2,7,5
0,3,7,1,921.9791,3 1,East,2,7,5
0,3,7,2,922.6977,3 2,East,2,7,5
0,3,7,3,923.3336,3 2,South,2,7,5
0,3,7,2,924.8095,4 2,South,2,7,5
0,3,7,1,925.3409,4 2,East,2,7,5
0,3,7,2,926.4444,4 3,East,2,7,5
0,3,7,2,927.3392,4 4,East,2,7,5
0,3,7,1,928.916,4 4,North,2,7,5
0,3,7,2,929.7814,3 4,North,2,7,5
0,3,7,2,930.3955,2 4,North,2,7,5
0,3,7,2,931.5334,1 4,North,2,7,5
0,3,7,1,932.1811,1 4,West,2,7,5
0,3,7,2,933.2731,1 3,West,2,7,5
0,3,7,6,933.68,1 3,West,2,8,5
2,3,7,1,937.6884,4 4,West,2,0,0
2,3,7,3,939.0787,4 4,North,2,0,0
2,3,7,2,942.1652,3 4,North,2,0,0
2,3,7,2,942.9331,2 4,North,2,0,0
2,3,7,2,943.7,1 4,North,2,0,0
2,3,7,1,944.264,1 4,West,2,0,0
2,3,7,1,945.4667,1 4,South,2,0,0
2,3,7,2,946.267,2 4,South,2,0,0
2,3,7,3,947.4446,2 4,West,2,0,0
2,3,7,2,948.1688,2 4,West,2,0,1
2,3,7,3,948.794,2 4,North,2,0,1
2,3,7,2,949.3354,1 4,North,2,0,1
2,3,7,1,949.9084,1 4,West,2,0,1
2,3,7,2,951.4368,1 3,West,2,0,1
2,3,7,2,952.0557,1 3,West,2,0,2
2,3,7,3,952.9993,1 3,North,2,0,2
2,3,7,3,953.5258,1 3,East,2,0,2
2,3,7,2,954.1162,1 4,East,2,0,2
2,3,7,3,955.0656,1 4,South,2,0,2
2,3,7,2,955.7471,2 4,South,2,0,2
2,3,7,2,956.6346,3 4,South,2,0,2
2,3,7,3,957.5553,3 4,West,2,0,2
2,3,7,2,958.5215,3 4,West,2,0,3
2,3,7,3,958.9052,3 4,North,2,0,3
2,3,7,2,959.4615,2 4,North,2,0,3
2,3,7,1,959.9902,2 4,West,2,0,3
2,3,7,2,960.601,2 4,West,2,0,4
2,3,7,1,961.4978,2 4,South,2,0,4
2,3,7,2,962.1223,3 4,South,2,0,4
2,3,7,2,962.683,4 4,South,2,0,4
2,3,7,3,963.3482,4 4,West,2,0,4
2,3,7,2,964.0452,4 3,West,2,0,4
2,3,7,2,964.7767,4 2,West,2,0,4
2,3,7,3,965.2878,4 2,North,2,0,4
2,3,7,2,966.153,3 2,North,2,0,4
2,3,7,1,967.8508,3 2,West,2,0,4
2,3,7,2,968.3966,3 1,West,2,0,4
2,3,7,3,969.399,3 1,North,2,0,4
2,3,7,2,970.0685,2 1,North,2,0,4
2,3,7,2,970.775,1 1,North,2,0,4
2,3,7,3,971.3071,1 1,East,2,0,4
2,3,7,2,971.9101,1 1,East,2,0,5
2,3,7,1,972.4088,1 1,North,2,0,5
2,3,7,1,973.7814,1 1,West,2,0,5
2,3,7,2,975.6393,1 0,West,2,0,5
2,3,7,3,976.1686,1 0,North,2,0,5
2,3,7,2,976.8758,1 0,North,2,0,6
2,3,7,3,977.3521,1 0,East,2,0,6
2,3,7,2,978.0258,1 1,East,2,0,6
2,3,7,2,979.1886,1 1,East,2,0,7
2,3,7,3,979.7045,1 1,South,2,0,7
2,3,7,2,980.632,2 1,South,2,0,7
2,3,7,1,981.1947,2 1,East,2,0,7
2,3,7,2,982.4109,2 1,East,2,0,8
2,3,7,3,983.0023,2 1,South,2,0,8
2,3,7,2,983.6068,3 1,South,2,0,8
2,3,7,2,984.9807,3 1,South,2,0,9
2,3,7,1,985.4752,3 1,East,2,0,9
2,3,7,2,986.0701,3 2,East,2,0,9
2,3,7,3,986.6166,3 2,South,2,0,9
2,3,7,2,987.2899,4 2,South,2,0,9
2,3,7,1,987.8663,4 2,East,2,0,9
2,3,7,2,988.4847,4 3,East,2,0,9
2,3,7,2,989.1143,4 4,East,2,0,9
2,3,7,1,989.6517,4 4,North,2,0,9
2,3,7,2,990.2148,3 4,North,2,0,9
2,3,7,2,990.8292,2 4,North,2,0,9
2,3,7,2,991.4536,1 4,North,2,0,9
2,3,7,2,992.2845,0 4,North,2,0,9
2,3,7,1,992.8532,0 4,West,2,0,9
2,3,7,2,993.4818,0 3,West,2,0,9
2,3,7,2,994.1553,0 3,West,2,0,10
2,3,7,1,994.6684,0 3,South,2,0,10
2,3,7,1,995.4127,0 3,East,2,0,10
2,3,7,2,996.0529,0 4,East,2,0,10
2,3,7,3,996.5806,0 4,South,2,0,10
2,3,7,2,997.2568,1 4,South,2,0,10
2,3,7,3,998.1985,1 4,West,2,0,10
2,3,7,2,998.8685,1 3,West,2,0,10
2,3,7,1,999.6241,1 3,South,2,0,10
2,3,7,2,1000.149,2 3,South,2,0,10
2,3,7,3,1001.141,2 3,West,2,0,10
2,3,7,2,1001.732,2 2,West,2,0,10
2,3,7,3,1002.362,2 2,North,2,0,10
2,3,7,2,1002.934,1 2,North,2,0,10
2,3,7,6,1003.32,1 2,North,2,1,10
2,3,7,3,1003.831,1 2,East,2,1,10
2,3,7,3,1004.407,1 2,South,2,1,10
2,3,7,2,1005.046,2 2,South,2,1,10
2,3,7,1,1005.683,2 2,East,2,1,10
2,3,7,2,1006.248,2 3,East,2,1,10
2,3,7,6,1006.66,2 3,East,2,2,10
2,3,7,1,1007.181,2 3,North,2,2,10
2,3,7,2,1007.881,1 3,North,2,2,10
2,3,7,3,1008.507,1 3,East,2,2,10
2,3,7,2,1009.115,1 4,East,2,2,10
2,3,7,6,1009.52,1 4,East,2,3,10
2,3,7,3,1009.917,1 4,South,2,3,10
2,3,7,3,1010.696,1 4,West,2,3,10
2,3,7,1,1012.36,1 4,South,2,3,10
2,3,7,2,1013.117,2 4,South,2,3,10
2,3,7,3,1013.636,2 4,West,2,3,10
2,3,7,2,1014.284,2 4,West,2,3,11
2,3,7,1,1015.268,2 4,South,2,3,11
2,3,7,3,1016.939,2 4,West,2,3,11
2,3,7,3,1017.738,2 4,North,2,3,11
2,3,7,3,1018.957,2 4,East,2,3,11
2,3,7,1,1019.524,2 4,North,2,3,11
2,3,7,1,1020.44,2 4,West,2,3,11
2,3,7,1,1021.718,2 4,South,2,3,11
2,3,7,2,1022.357,3 4,South,2,3,11
2,3,7,3,1023.033,3 4,West,2,3,11
2,3,7,2,1023.832,3 4,West,2,3,12
2,3,7,1,1024.265,3 4,South,2,3,12
2,3,7,2,1024.92,4 4,South,2,3,12
2,3,7,3,1025.496,4 4,West,2,3,12
2,3,7,2,1026.083,4 3,West,2,3,12
2,3,7,2,1026.764,4 2,West,2,3,12
2,3,7,2,1027.798,4 2,West,2,3,13
2,3,7,3,1028.251,4 2,North,2,3,13
2,3,7,2,1029.081,3 2,North,2,3,13
2,3,7,2,1030.072,3 2,North,2,3,14
2,3,7,1,1030.613,3 2,West,2,3,14
2,3,7,2,1031.192,3 1,West,2,3,14
2,3,7,3,1031.892,3 1,North,2,3,14
2,3,7,2,1032.664,2 1,North,2,3,14
2,3,7,2,1033.509,1 1,North,2,3,14
2,3,7,1,1034.264,1 1,West,2,3,14
2,3,7,2,1034.907,1 0,West,2,3,14
2,3,7,3,1035.528,1 0,North,2,3,14
2,3,7,2,1036.185,1 0,North,2,3,15
2,3,7,3,1036.716,1 0,East,2,3,15
2,3,7,2,1037.67,1 1,East,2,3,15
2,3,7,1,1038.308,1 1,North,2,3,15
2,3,7,2,1038.989,1 1,North,2,3,16
2,3,7,3,1041.978,1 1,East,2,3,16
2,3,7,2,1042.663,1 1,East,2,3,17
2,3,7,1,1043.558,1 1,North,2,3,17
2,3,7,1,1044.18,1 1,West,2,3,17
2,3,7,1,1046.459,1 1,South,2,3,17
2,3,7,1,1047.172,1 1,East,2,3,17
2,3,7,2,1048.294,1 1,East,2,3,18
2,3,7,3,1048.76,1 1,South,2,3,18
2,3,7,2,1049.433,2 1,South,2,3,18
2,3,7,3,1050.375,2 1,West,2,3,18
2,3,7,2,1050.966,2 1,West,2,3,19
2,3,7,1,1051.48,2 1,South,2,3,19
2,3,7,2,1052.088,3 1,South,2,3,19
2,3,7,3,1052.666,3 1,West,2,3,19
2,3,7,2,1053.331,3 1,West,2,3,20
2,3,7,1,1053.894,3 1,South,2,3,20
2,3,7,2,1054.677,3 1,South,2,3,21
2,3,7,1,1055.386,3 1,East,2,3,21
2,3,7,2,1058.043,3 2,East,2,3,21
2,3,7,3,1058.909,3 2,South,2,3,21
2,3,7,2,1059.592,4 2,South,2,3,21
2,3,7,1,1061.563,4 2,East,2,3,21
2,3,7,2,1062.298,4 3,East,2,3,21
2,3,7,2,1063.209,4 4,East,2,3,21
2,3,7,1,1063.845,4 4,North,2,3,21
2,3,7,2,1064.54,3 4,North,2,3,21
2,3,7,2,1065.241,2 4,North,2,3,21
2,3,7,2,1065.961,1 4,North,2,3,21
2,3,7,2,1066.677,0 4,North,2,3,21
2,3,7,1,1067.319,0 4,West,2,3,21
2,3,7,2,1068.005,0 3,West,2,3,21
2,3,7,2,1068.717,0 3,West,2,3,22
2,3,7,1,1069.288,0 3,South,2,3,22
2,3,7,2,1069.861,0 3,South,2,3,23
2,3,7,1,1070.664,0 3,East,2,3,23
2,3,7,2,1071.225,0 4,East,2,3,23
2,3,7,3,1071.784,0 4,South,2,3,23
2,3,7,2,1072.486,1 4,South,2,3,23
2,3,7,3,1073.11,1 4,West,2,3,23
2,3,7,2,1076.745,1 3,West,2,3,23
2,3,7,1,1077.831,1 3,South,2,3,23
2,3,7,2,1078.345,2 3,South,2,3,23
2,3,7,3,1078.954,2 3,West,2,3,23
2,3,7,2,1079.639,2 2,West,2,3,23
2,3,7,3,1080.249,2 2,North,2,3,23
2,3,7,2,1080.888,1 2,North,2,3,23
2,3,7,1,1081.642,1 2,West,2,3,23
2,3,7,2,1082.245,1 2,West,2,3,24
2,3,7,3,1082.695,1 2,North,2,3,24
2,3,7,2,1083.238,0 2,North,2,3,24
2,3,7,1,1083.928,0 2,West,2,3,24
2,3,7,2,1084.585,0 1,West,2,3,24
2,3,7,2,1085.241,0 0,West,2,3,24
2,3,7,6,1085.66,0 0,West,2,4,24
2,3,7,1,1086.044,0 0,South,2,4,24
2,3,7,1,1086.932,0 0,East,2,4,24
2,3,7,2,1087.593,0 1,East,2,4,24
2,3,7,3,1088.293,0 1,South,2,4,24
2,3,7,1,1089.574,0 1,East,2,4,24
2,3,7,2,1090.235,0 2,East,2,4,24
2,3,7,3,1090.935,0 2,South,2,4,24
2,3,7,2,1091.563,1 2,South,2,4,24
2,3,7,1,1092.248,1 2,East,2,4,24
2,3,7,2,1092.868,1 2,East,2,4,25
2,3,7,3,1093.404,1 2,South,2,4,25
2,3,7,2,1093.995,2 2,South,2,4,25
2,3,7,1,1094.537,2 2,East,2,4,25
2,3,7,2,1095.177,2 3,East,2,4,25
2,3,7,1,1095.782,2 3,North,2,4,25
2,3,7,2,1096.376,1 3,North,2,4,25
2,3,7,3,1096.98,1 3,East,2,4,25
2,3,7,2,1097.559,1 4,East,2,4,25
2,3,7,3,1098.203,1 4,South,2,4,25
2,3,7,2,1098.811,2 4,South,2,4,25
2,3,7,3,1099.773,2 4,West,2,4,25
2,3,7,1,1100.569,2 4,South,2,4,25
2,3,7,2,1101.257,3 4,South,2,4,25
2,3,7,2,1101.895,4 4,South,2,4,25
2,3,7,3,1102.502,4 4,West,2,4,25
2,3,7,2,1103.081,4 3,West,2,4,25
2,3,7,2,1103.751,4 2,West,2,4,25
2,3,7,3,1104.407,4 2,North,2,4,25
2,3,7,2,1105.414,3 2,North,2,4,25
2,3,7,1,1106.068,3 2,West,2,4,25
2,3,7,2,1106.601,3 1,West,2,4,25
2,3,7,3,1107.59,3 1,North,2,4,25
2,3,7,2,1108.166,2 1,North,2,4,25
2,3,7,6,1108.54,2 1,North,2,5,25
2,3,7,3,1108.932,2 1,East,2,5,25
2,3,7,3,1109.605,2 1,South,2,5,25
2,3,7,3,1110.395,2 1,West,2,5,25
2,3,7,2,1110.963,2 1,West,2,5,26
2,3,7,3,1111.719,2 1,North,2,5,26
2,3,7,2,1112.522,1 1,North,2,5,26
2,3,7,1,1113.048,1 1,West,2,5,26
2,3,7,2,1113.597,1 0,West,2,5,26
2,3,7,1,1114.121,1 0,South,2,5,26
2,3,7,2,1114.709,2 0,South,2,5,26
2,3,7,2,1115.304,3 0,South,2,5,26
2,3,7,6,1115.68,3 0,South,2,6,26
2,3,7,1,1116.25,3 0,East,2,6,26
2,3,7,1,1116.854,3 0,North,2,6,26
2,3,7,2,1117.558,2 0,North,2,6,26
2,3,7,2,1118.232,1 0,North,2,6,26
2,3,7,3,1119.14,1 0,East,2,6,26
2,3,7,2,1119.748,1 1,East,2,6,26
2,3,7,3,1120.516,1 1,South,2,6,26
2,3,7,2,1121.109,2 1,South,2,6,26
2,3,7,2,1121.756,3 1,South,2,6,26
2,3,7,1,1122.331,3 1,East,2,6,26
2,3,7,2,1122.924,3 2,East,2,6,26
2,3,7,3,1123.447,3 2,South,2,6,26
2,3,7,2,1124.007,4 2,South,2,6,26
2,3,7,6,1124.38,4 2,South,2,7,26
2,3,7,1,1124.835,4 2,East,2,7,26
2,3,7,1,1125.444,4 2,North,2,7,26
2,3,7,2,1126.359,3 2,North,2,7,26
2,3,7,1,1126.871,3 2,West,2,7,26
2,3,7,2,1127.482,3 1,West,2,7,26
2,3,7,6,1127.9,3 1,West,2,8,26
0,3,8,1,1132.537,4 4,West,2,0,26
0,3,8,2,1134.106,4 3,West,2,0,26
0,3,8,2,1135.208,4 2,West,2,0,26
0,3,8,6,1135.62,4 2,West,2,1,26
0,3,8,3,1136.716,4 2,North,2,1,26
0,3,8,2,1137.562,3 2,North,2,1,26
0,3,8,1,1138.263,3 2,West,2,1,26
0,3,8,2,1139.094,3 1,West,2,1,26
0,3,8,3,1139.691,3 1,North,2,1,26
0,3,8,2,1140.326,2 1,North,2,1,26
0,3,8,2,1140.899,1 1,North,2,1,26
0,3,8,1,1141.429,1 1,West,2,1,26
0,3,8,2,1142.104,1 0,West,2,1,26
0,3,8,1,1142.65,1 0,South,2,1,26
0,3,8,1,1143.428,1 0,East,2,1,26
0,3,8,2,1144.426,1 1,East,2,1,26
0,3,8,3,1145.004,1 1,South,2,1,26
0,3,8,2,1145.627,2 1,South,2,1,26
0,3,8,2,1146.164,3 1,South,2,1,26
0,3,8,1,1147.21,3 1,East,2,1,26
0,3,8,2,1147.832,3 2,East,2,1,26
0,3,8,3,1148.797,3 2,South,2,1,26
0,3,8,2,1149.365,4 2,South,2,1,26
0,3,8,1,1150.3,4 2,East,2,1,26
0,3,8,2,1150.853,4 3,East,2,1,26
0,3,8,2,1151.557,4 4,East,2,1,26
0,3,8,1,1152.105,4 4,North,2,1,26
0,3,8,2,1152.772,3 4,North,2,1,26
0,3,8,2,1153.386,2 4,North,2,1,26
0,3,8,6,1153.76,2 4,North,2,2,26
0,3,8,2,1154.635,1 4,North,2,2,26
0,3,8,1,1155.16,1 4,West,2,2,26
0,3,8,3,1156.007,1 4,North,2,2,26
0,3,8,1,1156.65,1 4,West,2,2,26
0,3,8,2,1157.288,1 3,West,2,2,26
0,3,8,1,1158.26,1 3,South,2,2,26
0,3,8,2,1158.828,2 3,South,2,2,26
0,3,8,3,1159.491,2 3,West,2,2,26
0,3,8,2,1160.122,2 2,West,2,2,26
0,3,8,3,1160.678,2 2,North,2,2,26
0,3,8,2,1161.612,1 2,North,2,2,26
0,3,8,2,1162.233,0 2,North,2,2,26
0,3,8,1,1163.271,0 2,West,2,2,26
0,3,8,1,1164.039,0 2,South,2,2,26
0,3,8,2,1164.595,1 2,South,2,2,26
0,3,8,2,1165.259,2 2,South,2,2,26
0,3,8,1,1166.198,2 2,East,2,2,26
0,3,8,2,1166.841,2 3,East,2,2,26
0,3,8,1,1167.451,2 3,North,2,2,26
0,3,8,2,1168.026,1 3,North,2,2,26
0,3,8,3,1168.619,1 3,East,2,2,26
0,3,8,3,1169.285,1 3,South,2,2,26
0,3,8,1,1169.849,1 3,East,2,2,26
0,3,8,2,1170.427,1 4,East,2,2,26
0,3,8,3,1171,1 4,South,2,2,26
0,3,8,2,1171.914,2 4,South,2,2,26
0,3,8,2,1172.461,3 4,South,2,2,26
0,3,8,2,1172.981,4 4,South,2,2,26
0,3,8,3,1173.884,4 4,West,2,2,26
0,3,8,2,1174.403,4 3,West,2,2,26
0,3,8,6,1174.82,4 3,West,2,3,26
0,3,8,2,1175.236,4 2,West,2,3,26
0,3,8,3,1175.837,4 2,North,2,3,26
0,3,8,2,1176.441,3 2,North,2,3,26
0,3,8,1,1176.982,3 2,West,2,3,26
0,3,8,2,1177.802,3 1,West,2,3,26
0,3,8,3,1178.409,3 1,North,2,3,26
0,3,8,2,1179.29,2 1,North,2,3,26
0,3,8,2,1180.104,1 1,North,2,3,26
0,3,8,1,1180.613,1 1,West,2,3,26
0,3,8,2,1181.22,1 0,West,2,3,26
0,3,8,1,1182.156,1 0,South,2,3,26
0,3,8,1,1182.826,1 0,East,2,3,26
0,3,8,2,1183.401,1 1,East,2,3,26
0,3,8,3,1183.977,1 1,South,2,3,26
0,3,8,2,1184.517,2 1,South,2,3,26
0,3,8,2,1185.095,3 1,South,2,3,26
0,3,8,1,1185.624,3 1,East,2,3,26
0,3,8,2,1186.203,3 2,East,2,3,26
0,3,8,3,1186.86,3 2,South,2,3,26
0,3,8,2,1187.399,4 2,South,2,3,26
0,3,8,1,1187.943,4 2,East,2,3,26
0,3,8,2,1188.501,4 3,East,2,3,26
0,3,8,2,1189.031,4 4,East,2,3,26
0,3,8,1,1189.962,4 4,North,2,3,26
0,3,8,2,1190.603,3 4,North,2,3,26
0,3,8,2,1191.22,2 4,North,2,3,26
0,3,8,2,1192.071,1 4,North,2,3,26
0,3,8,2,1192.628,0 4,North,2,3,26
0,3,8,6,1193.02,0 4,North,2,4,26
0,3,8,1,1193.37,0 4,West,2,4,26
0,3,8,1,1194.086,0 4,South,2,4,26
0,3,8,2,1194.636,1 4,South,2,4,26
0,3,8,3,1195.59,1 4,West,2,4,26
0,3,8,2,1196.204,1 3,West,2,4,26
0,3,8,1,1196.82,1 3,South,2,4,26
0,3,8,2,1197.435,2 3,South,2,4,26
0,3,8,3,1198.072,2 3,West,2,4,26
0,3,8,2,1198.716,2 2,West,2,4,26
0,3,8,3,1199.238,2 2,North,2,4,26
0,3,8,2,1199.964,1 2,North,2,4,26
0,3,8,2,1200.573,0 2,North,2,4,26
0,3,8,1,1201.16,0 2,West,2,4,26
0,3,8,1,1201.94,0 2,South,2,4,26
0,3,8,2,1202.486,1 2,South,2,4,26
0,3,8,2,1203.159,2 2,South,2,4,26
0,3,8,1,1203.719,2 2,East,2,4,26
0,3,8,2,1204.823,2 3,East,2,4,26
0,3,8,1,1205.373,2 3,North,2,4,26
0,3,8,2,1206.363,1 3,North,2,4,26
0,3,8,3,1206.996,1 3,East,2,4,26
0,3,8,2,1207.541,1 4,East,2,4,26
0,3,8,3,1208.085,1 4,South,2,4,26
0,3,8,2,1208.633,2 4,South,2,4,26
0,3,8,2,1209.259,3 4,South,2,4,26
0,3,8,2,1209.9,4 4,South,2,4,26
0,3,8,3,1210.438,4 4,West,2,4,26
0,3,8,2,1210.985,4 3,West,2,4,26
0,3,8,2,1211.574,4 2,West,2,4,26
0,3,8,3,1212.123,4 2,North,2,4,26
0,3,8,2,1212.663,3 2,North,2,4,26
0,3,8,1,1213.192,3 2,West,2,4,26
0,3,8,2,1213.831,3 1,West,2,4,26
0,3,8,3,1214.489,3 1,North,2,4,26
0,3,8,2,1215.002,2 1,North,2,4,26
0,3,8,2,1215.562,1 1,North,2,4,26
0,3,8,1,1216.074,1 1,West,2,4,26
0,3,8,2,1216.644,1 0,West,2,4,26
0,3,8,1,1217.194,1 0,South,2,4,26
0,3,8,2,1217.751,2 0,South,2,4,26
0,3,8,6,1218.12,2 0,South,2,5,26
0,3,8,1,1218.551,2 0,East,2,5,26
0,3,8,1,1219.118,2 0,North,2,5,26
0,3,8,2,1220.122,1 0,North,2,5,26
0,3,8,3,1220.725,1 0,East,2,5,26
0,3,8,2,1221.325,1 1,East,2,5,26
0,3,8,3,1221.866,1 1,South,2,5,26
0,3,8,2,1222.541,2 1,South,2,5,26
0,3,8,2,1223.062,3 1,South,2,5,26
0,3,8,1,1223.628,3 1,East,2,5,26
0,3,8,2,1224.299,3 2,East,2,5,26
0,3,8,3,1224.885,3 2,South,2,5,26
0,3,8,2,1225.467,4 2,South,2,5,26
0,3,8,1,1225.979,4 2,East,2,5,26
0,3,8,2,1226.967,4 3,East,2,5,26
0,3,8,2,1227.514,4 4,East,2,5,26
0,3,8,1,1228.404,4 4,North,2,5,26
0,3,8,2,1228.925,3 4,North,2,5,26
0,3,8,6,1229.3,3 4,North,2,6,26
0,3,8,2,1229.902,2 4,North,2,6,26
0,3,8,2,1230.552,1 4,North,2,6,26
0,3,8,1,1231.164,1 4,West,2,6,26
0,3,8,2,1232.041,1 3,West,2,6,26
0,3,8,1,1232.585,1 3,South,2,6,26
0,3,8,2,1233.142,2 3,South,2,6,26
0,3,8,3,1233.77,2 3,West,2,6,26
0,3,8,2,1234.312,2 2,West,2,6,26
0,3,8,6,1234.72,2 2,West,2,7,26
0,3,8,3,1234.923,2 2,North,2,7,26
0,3,8,2,1236.199,1 2,North,2,7,26
0,3,8,2,1236.777,0 2,North,2,7,26
0,3,8,1,1237.317,0 2,West,2,7,26
0,3,8,1,1237.956,0 2,South,2,7,26
0,3,8,2,1238.901,1 2,South,2,7,26
0,3,8,2,1239.53,2 2,South,2,7,26
0,3,8,1,1240.521,2 2,East,2,7,26
0,3,8,2,1241.079,2 3,East,2,7,26
0,3,8,1,1241.659,2 3,North,2,7,26
0,3,8,2,1242.214,1 3,North,2,7,26
0,3,8,3,1242.762,1 3,East,2,7,26
0,3,8,2,1243.594,1 4,East,2,7,26
0,3,8,3,1244.156,1 4,South,2,7,26
0,3,8,2,1244.693,2 4,South,2,7,26
0,3,8,2,1245.24,3 4,South,2,7,26
0,3,8,2,1245.768,4 4,South,2,7,26
0,3,8,3,1246.713,4 4,West,2,7,26
0,3,8,2,1247.242,4 3,West,2,7,26
0,3,8,2,1248.201,4 2,West,2,7,26
0,3,8,3,1248.787,4 2,North,2,7,26
0,3,8,2,1249.709,3 2,North,2,7,26
0,3,8,1,1250.267,3 2,West,2,7,26
0,3,8,2,1250.792,3 1,West,2,7,26
0,3,8,3,1251.351,3 1,North,2,7,26
0,3,8,2,1252.004,2 1,North,2,7,26
0,3,8,6,1252.4,2 1,North,2,8,26
2,3,8,1,1256.554,4 4,West,2,0,0
2,3,8,2,1257.389,4 3,West,2,0,0
2,3,8,2,1258.007,4 2,West,2,0,0
2,3,8,3,1258.662,4 2,North,2,0,0
2,3,8,2,1259.254,3 2,North,2,0,0
2,3,8,3,1262.041,3 2,East,2,0,0
2,3,8,3,1263.005,3 2,South,2,0,0
2,3,8,2,1263.621,4 2,South,2,0,0
2,3,8,1,1264.246,4 2,East,2,0,0
2,3,8,2,1265.144,4 3,East,2,0,0
2,3,8,2,1265.734,4 4,East,2,0,0
2,3,8,1,1266.26,4 4,North,2,0,0
2,3,8,2,1266.793,3 4,North,2,0,0
2,3,8,2,1267.369,2 4,North,2,0,0
2,3,8,2,1269.03,1 4,North,2,0,0
2,3,8,1,1270.023,1 4,West,2,0,0
2,3,8,2,1270.665,1 3,West,2,0,0
2,3,8,1,1271.227,1 3,South,2,0,0
2,3,8,2,1271.803,2 3,South,2,0,0
2,3,8,3,1272.397,2 3,West,2,0,0
2,3,8,2,1272.932,2 2,West,2,0,0
2,3,8,6,1273.34,2 2,West,2,1,0
2,3,8,3,1273.781,2 2,North,2,1,0
2,3,8,3,1274.332,2 2,East,2,1,0
2,3,8,2,1275.014,2 3,East,2,1,0
2,3,8,1,1275.578,2 3,North,2,1,0
2,3,8,2,1276.09,1 3,North,2,1,0
2,3,8,3,1277.049,1 3,East,2,1,0
2,3,8,2,1277.654,1 4,East,2,1,0
2,3,8,3,1278.307,1 4,South,2,1,0
2,3,8,2,1278.906,2 4,South,2,1,0
2,3,8,2,1279.465,3 4,South,2,1,0
2,3,8,6,1279.84,3 4,South,2,2,0
2,3,8,2,1280.276,4 4,South,2,2,0
2,3,8,3,1280.891,4 4,West,2,2,0
2,3,8,2,1281.526,4 3,West,2,2,0
2,3,8,2,1282.121,4 2,West,2,2,0
2,3,8,6,1282.54,4 2,West,2,3,0
2,3,8,3,1282.876,4 2,North,2,3,0
2,3,8,3,1283.717,4 2,East,2,3,0
2,3,8,2,1284.26,4 3,East,2,3,0
2,3,8,2,1284.842,4 4,East,2,3,0
2,3,8,1,1285.801,4 4,North,2,3,0
2,3,8,2,1286.342,3 4,North,2,3,0
2,3,8,2,1287.529,2 4,North,2,3,0
2,3,8,2,1288.315,1 4,North,2,3,0
2,3,8,2,1288.905,0 4,North,2,3,0
2,3,8,6,1289.28,0 4,North,2,4,0
2,3,8,1,1289.651,0 4,West,2,4,0
2,3,8,1,1290.44,0 4,South,2,4,0
2,3,8,3,1291.733,0 4,West,2,4,0
2,3,8,2,1293.141,0 3,West,2,4,0
2,3,8,2,1294.244,0 3,West,2,4,1
2,3,8,1,1294.824,0 3,South,2,4,1
2,3,8,1,1295.64,0 3,East,2,4,1
2,3,8,2,1296.198,0 4,East,2,4,1
2,3,8,3,1296.835,0 4,South,2,4,1
2,3,8,2,1297.483,1 4,South,2,4,1
2,3,8,3,1298.741,1 4,West,2,4,1
2,3,8,1,1300.158,1 4,South,2,4,1
2,3,8,2,1300.875,2 4,South,2,4,1
2,3,8,2,1302.743,3 4,South,2,4,1
2,3,8,2,1303.449,4 4,South,2,4,1
2,3,8,3,1304.055,4 4,West,2,4,1
2,3,8,3,1307.738,4 4,North,2,4,1
2,3,8,1,1309.273,4 4,West,2,4,1
2,3,8,2,1309.848,4 3,West,2,4,1
2,3,8,2,1310.552,4 2,West,2,4,1
2,3,8,3,1311.517,4 2,North,2,4,1
2,3,8,2,1312.107,3 2,North,2,4,1
2,3,8,1,1313.094,3 2,West,2,4,1
2,3,8,2,1313.704,3 1,West,2,4,1
2,3,8,3,1314.31,3 1,North,2,4,1
2,3,8,2,1314.884,2 1,North,2,4,1
2,3,8,2,1315.532,1 1,North,2,4,1
2,3,8,1,1316.044,1 1,West,2,4,1
2,3,8,2,1316.699,1 0,West,2,4,1
2,3,8,6,1317.12,1 0,West,2,5,1
2,3,8,1,1317.432,1 0,South,2,5,1
2,3,8,1,1318.009,1 0,East,2,5,1
2,3,8,2,1318.725,1 1,East,2,5,1
2,3,8,3,1319.501,1 1,South,2,5,1
2,3,8,2,1320.07,2 1,South,2,5,1
2,3,8,2,1320.652,3 1,South,2,5,1
2,3,8,1,1321.546,3 1,East,2,5,1
2,3,8,2,1322.074,3 2,East,2,5,1
2,3,8,3,1322.62,3 2,South,2,5,1
2,3,8,2,1323.207,4 2,South,2,5,1
2,3,8,1,1323.732,4 2,East,2,5,1
2,3,8,2,1324.278,4 3,East,2,5,1
2,3,8,2,1324.84,4 4,East,2,5,1
2,3,8,1,1325.368,4 4,North,2,5,1
2,3,8,2,1326.392,3 4,North,2,5,1
2,3,8,2,1327.035,2 4,North,2,5,1
2,3,8,2,1327.652,1 4,North,2,5,1
2,3,8,2,1328.407,0 4,North,2,5,1
2,3,8,1,1328.934,0 4,West,2,5,1
2,3,8,2,1329.467,0 3,West,2,5,1
2,3,8,2,1330.092,0 3,West,2,5,2
2,3,8,1,1330.662,0 3,South,2,5,2
2,3,8,1,1331.306,0 3,East,2,5,2
2,3,8,2,1331.897,0 4,East,2,5,2
2,3,8,3,1332.457,0 4,South,2,5,2
2,3,8,2,1333.402,1 4,South,2,5,2
2,3,8,3,1333.991,1 4,West,2,5,2
2,3,8,2,1334.565,1 3,West,2,5,2
2,3,8,1,1335.147,1 3,South,2,5,2
2,3,8,2,1336.076,2 3,South,2,5,2
2,3,8,3,1336.622,2 3,West,2,5,2
2,3,8,2,1337.192,2 2,West,2,5,2
2,3,8,3,1337.802,2 2,North,2,5,2
2,3,8,2,1338.346,1 2,North,2,5,2
2,3,8,2,1339.001,0 2,North,2,5,2
2,3,8,1,1339.596,0 2,West,2,5,2
2,3,8,2,1340.137,0 1,West,2,5,2
2,3,8,6,1340.56,0 1,West,2,6,2
2,3,8,1,1340.853,0 1,South,2,6,2
2,3,8,1,1341.478,0 1,East,2,6,2
2,3,8,2,1342.06,0 2,East,2,6,2
2,3,8,3,1342.693,0 2,South,2,6,2
2,3,8,2,1343.212,1 2,South,2,6,2
2,3,8,1,1343.733,1 2,East,2,6,2
2,3,8,2,1344.729,1 2,East,2,6,3
2,3,8,3,1345.325,1 2,South,2,6,3
2,3,8,2,1345.849,2 2,South,2,6,3
2,3,8,1,1346.429,2 2,East,2,6,3
2,3,8,2,1346.985,2 3,East,2,6,3
2,3,8,1,1347.561,2 3,North,2,6,3
2,3,8,2,1348.108,1 3,North,2,6,3
2,3,8,3,1349.063,1 3,East,2,6,3
2,3,8,2,1349.798,1 4,East,2,6,3
2,3,8,3,1350.539,1 4,South,2,6,3
2,3,8,2,1351.195,2 4,South,2,6,3
2,3,8,2,1353.149,3 4,South,2,6,3
2,3,8,3,1353.703,3 4,West,2,6,3
2,3,8,2,1354.299,3 4,West,2,6,4
2,3,8,1,1354.709,3 4,South,2,6,4
2,3,8,2,1356.231,4 4,South,2,6,4
2,3,8,3,1356.76,4 4,West,2,6,4
2,3,8,2,1357.388,4 3,West,2,6,4
2,3,8,3,1357.945,4 3,North,2,6,4
2,3,8,2,1358.556,4 3,North,2,6,5
2,3,8,1,1359.513,4 3,West,2,6,5
2,3,8,2,1360.134,4 2,West,2,6,5
2,3,8,3,1360.73,4 2,North,2,6,5
2,3,8,2,1361.37,3 2,North,2,6,5
2,3,8,3,1361.976,3 2,East,2,6,5
2,3,8,2,1362.588,3 3,East,2,6,5
2,3,8,6,1363,3 3,East,2,7,5
2,3,8,1,1363.339,3 3,North,2,7,5
2,3,8,1,1363.941,3 3,West,2,7,5
2,3,8,2,1364.584,3 2,West,2,7,5
2,3,8,1,1365.161,3 2,South,2,7,5
2,3,8,2,1365.739,4 2,South,2,7,5
2,3,8,1,1366.773,4 2,East,2,7,5
2,3,8,2,1367.334,4 3,East,2,7,5
2,3,8,2,1367.925,4 4,East,2,7,5
2,3,8,1,1368.491,4 4,North,2,7,5
2,3,8,2,1369.044,3 4,North,2,7,5
2,3,8,2,1369.572,2 4,North,2,7,5
2,3,8,2,1370.535,1 4,North,2,7,5
2,3,8,2,1371.173,0 4,North,2,7,5
2,3,8,1,1371.817,0 4,West,2,7,5
2,3,8,2,1372.357,0 3,West,2,7,5
2,3,8,2,1373.002,0 3,West,2,7,6
2,3,8,1,1374.317,0 3,South,2,7,6
2,3,8,1,1374.987,0 3,East,2,7,6
2,3,8,2,1375.556,0 4,East,2,7,6
2,3,8,3,1376.172,0 4,South,2,7,6
2,3,8,2,1376.761,1 4,South,2,7,6
2,3,8,3,1377.388,1 4,West,2,7,6
2,3,8,2,1378.039,1 3,West,2,7,6
2,3,8,1,1378.906,1 3,South,2,7,6
2,3,8,2,1379.544,2 3,South,2,7,6
2,3,8,3,1380.137,2 3,West,2,7,6
2,3,8,2,1380.81,2 2,West,2,7,6
2,3,8,3,1381.371,2 2,North,2,7,6
2,3,8,2,1381.978,1 2,North,2,7,6
2,3,8,2,1382.599,0 2,North,2,7,6
2,3,8,6,1382.98,0 2,North,2,8,6
0,3,9,1,1386.794,4 4,West,2,0,6
0,3,9,2,1388.039,4 3,West,2,0,6
0,3,9,2,1388.66,4 2,West,2,0,6
0,3,9,3,1389.261,4 2,North,2,0,6
0,3,9,2,1389.931,3 2,North,2,0,6
0,3,9,1,1390.533,3 2,West,2,0,6
0,3,9,2,1391.239,3 1,West,2,0,6
0,3,9,3,1391.829,3 1,North,2,0,6
0,3,9,2,1392.422,2 1,North,2,0,6
0,3,9,2,1393.063,1 1,North,2,0,6
0,3,9,1,1393.637,1 1,West,2,0,6
0,3,9,2,1394.267,1 0,West,2,0,6
0,3,9,1,1394.839,1 0,South,2,0,6
0,3,9,1,1395.541,1 0,East,2,0,6
0,3,9,2,1396.068,1 1,East,2,0,6
0,3,9,3,1396.62,1 1,South,2,0,6
0,3,9,2,1397.193,2 1,South,2,0,6
0,3,9,2,1397.797,3 1,South,2,0,6
0,3,9,1,1398.916,3 1,East,2,0,6
0,3,9,2,1399.575,3 2,East,2,0,6
0,3,9,3,1400.54,3 2,South,2,0,6
0,3,9,2,1401.145,4 2,South,2,0,6
0,3,9,1,1401.767,4 2,East,2,0,6
0,3,9,2,1402.341,4 3,East,2,0,6
0,3,9,2,1402.903,4 4,East,2,0,6
0,3,9,1,1403.428,4 4,North,2,0,6
0,3,9,2,1403.991,3 4,North,2,0,6
0,3,9,2,1404.648,2 4,North,2,0,6
0,3,9,1,1405.513,2 4,West,2,0,6
0,3,9,3,1406.606,2 4,North,2,0,6
0,3,9,2,1407.252,1 4,North,2,0,6
0,3,9,1,1407.812,1 4,West,2,0,6
0,3,9,3,1408.569,1 4,North,2,0,6
0,3,9,2,1409.223,0 4,North,2,0,6
0,3,9,1,1410.184,0 4,West,2,0,6
0,3,9,2,1410.806,0 3,West,2,0,6
0,3,9,6,1411.22,0 3,West,2,1,6
0,3,9,1,1411.53,0 3,South,2,1,6
0,3,9,1,1412.137,0 3,East,2,1,6
0,3,9,2,1412.762,0 4,East,2,1,6
0,3,9,3,1413.448,0 4,South,2,1,6
0,3,9,2,1414.247,1 4,South,2,1,6
0,3,9,3,1414.965,1 4,West,2,1,6
0,3,9,2,1415.737,1 3,West,2,1,6
0,3,9,1,1416.39,1 3,South,2,1,6
0,3,9,2,1416.996,2 3,South,2,1,6
0,3,9,3,1417.565,2 3,West,2,1,6
0,3,9,2,1418.134,2 2,West,2,1,6
0,3,9,3,1419.101,2 2,North,2,1,6
0,3,9,2,1419.717,1 2,North,2,1,6
0,3,9,2,1420.284,0 2,North,2,1,6
0,3,9,1,1420.859,0 2,West,2,1,6
0,3,9,1,1421.528,0 2,South,2,1,6
0,3,9,2,1422.118,1 2,South,2,1,6
0,3,9,2,1422.742,2 2,South,2,1,6
0,3,9,1,1423.416,2 2,East,2,1,6
0,3,9,2,1423.995,2 3,East,2,1,6
0,3,9,1,1424.552,2 3,North,2,1,6
0,3,9,2,1425.115,1 3,North,2,1,6
0,3,9,3,1425.783,1 3,East,2,1,6
0,3,9,2,1426.452,1 4,East,2,1,6
0,3,9,3,1427.014,1 4,South,2,1,6
0,3,9,2,1427.591,2 4,South,2,1,6
0,3,9,2,1428.18,3 4,South,2,1,6
0,3,9,2,1428.824,4 4,South,2,1,6
0,3,9,3,1429.349,4 4,West,2,1,6
0,3,9,2,1429.943,4 3,West,2,1,6
0,3,9,2,1430.537,4 2,West,2,1,6
0,3,9,3,1431.076,4 2,North,2,1,6
0,3,9,2,1431.652,3 2,North,2,1,6
0,3,9,1,1432.181,3 2,West,2,1,6
0,3,9,2,1432.728,3 1,West,2,1,6
0,3,9,6,1433.14,3 1,West,2,2,6
0,3,9,3,1433.564,3 1,North,2,2,6
0,3,9,2,1434.149,2 1,North,2,2,6
0,3,9,2,1434.747,1 1,North,2,2,6
0,3,9,1,1435.323,1 1,West,2,2,6
0,3,9,2,1435.978,1 0,West,2,2,6
0,3,9,1,1437.033,1 0,South,2,2,6
0,3,9,1,1437.607,1 0,East,2,2,6
0,3,9,2,1438.233,1 1,East,2,2,6
0,3,9,3,1438.776,1 1,South,2,2,6
0,3,9,2,1439.335,2 1,South,2,2,6
0,3,9,2,1439.894,3 1,South,2,2,6
0,3,9,1,1440.888,3 1,East,2,2,6
0,3,9,2,1441.492,3 2,East,2,2,6
0,3,9,3,1442.138,3 2,South,2,2,6
0,3,9,2,1442.809,4 2,South,2,2,6
0,3,9,1,1443.34,4 2,East,2,2,6
0,3,9,2,1443.942,4 3,East,2,2,6
0,3,9,2,1444.556,4 4,East,2,2,6
0,3,9,1,1445.196,4 4,North,2,2,6
0,3,9,2,1445.835,3 4,North,2,2,6
0,3,9,2,1446.637,2 4,North,2,2,6
0,3,9,2,1447.307,1 4,North,2,2,6
0,3,9,1,1448.022,1 4,West,2,2,6
0,3,9,2,1449.302,1 3,West,2,2,6
0,3,9,1,1449.815,1 3,South,2,2,6
0,3,9,2,1450.363,2 3,South,2,2,6
0,3,9,3,1450.949,2 3,West,2,2,6
0,3,9,2,1451.527,2 2,West,2,2,6
0,3,9,3,1452.07,2 2,North,2,2,6
0,3,9,2,1452.618,1 2,North,2,2,6
0,3,9,2,1453.178,0 2,North,2,2,6
0,3,9,6,1453.56,0 2,North,2,3,6
0,3,9,1,1453.94,0 2,West,2,3,6
0,3,9,1,1454.584,0 2,South,2,3,6
0,3,9,2,1455.27,1 2,South,2,3,6
0,3,9,2,1455.926,2 2,South,2,3,6
0,3,9,1,1456.534,2 2,East,2,3,6
0,3,9,2,1457.271,2 3,East,2,3,6
0,3,9,1,1457.866,2 3,North,2,3,6
0,3,9,2,1458.439,1 3,North,2,3,6
0,3,9,3,1459.082,1 3,East,2,3,6
0,3,9,2,1459.72,1 4,East,2,3,6
0,3,9,1,1460.283,1 4,North,2,3,6
0,3,9,1,1461.101,1 4,West,2,3,6
0,3,9,1,1461.837,1 4,South,2,3,6
0,3,9,2,1462.423,2 4,South,2,3,6
0,3,9,2,1463.063,3 4,South,2,3,6
0,3,9,2,1463.704,4 4,South,2,3,6
0,3,9,3,1464.268,4 4,West,2,3,6
0,3,9,2,1464.925,4 3,West,2,3,6
0,3,9,2,1465.528,4 2,West,2,3,6
0,3,9,3,1466.15,4 2,North,2,3,6
0,3,9,2,1466.757,3 2,North,2,3,6
0,3,9,1,1467.276,3 2,West,2,3,6
0,3,9,2,1467.862,3 1,West,2,3,6
0,3,9,3,1468.458,3 1,North,2,3,6
0,3,9,2,1469.046,2 1,North,2,3,6
0,3,9,2,1469.669,1 1,North,2,3,6
0,3,9,6,1470.04,1 1,North,2,4,6
0,3,9,1,1470.488,1 1,West,2,4,6
0,3,9,1,1471.27,1 1,South,2,4,6
0,3,9,2,1472.183,2 1,South,2,4,6
0,3,9,2,1472.792,3 1,South,2,4,6
0,3,9,1,1473.356,3 1,East,2,4,6
0,3,9,2,1474.027,3 2,East,2,4,6
0,3,9,2,1474.612,3 3,East,2,4,6
0,3,9,6,1475.02,3 3,East,2,5,6
0,3,9,3,1475.3,3 3,South,2,5,6
0,3,9,3,1475.93,3 3,West,2,5,6
0,3,9,2,1476.618,3 2,West,2,5,6
0,3,9,1,1477.254,3 2,South,2,5,6
0,3,9,2,1477.881,4 2,South,2,5,6
0,3,9,1,1478.492,4 2,East,2,5,6
0,3,9,2,1479.076,4 3,East,2,5,6
0,3,9,2,1479.719,4 4,East,2,5,6
0,3,9,1,1480.244,4 4,North,2,5,6
0,3,9,2,1480.916,3 4,North,2,5,6
0,3,9,2,1481.652,2 4,North,2,5,6
0,3,9,2,1482.312,1 4,North,2,5,6
0,3,9,1,1482.923,1 4,West,2,5,6
0,3,9,2,1483.657,1 3,West,2,5,6
0,3,9,1,1484.237,1 3,South,2,5,6
0,3,9,2,1484.843,2 3,South,2,5,6
0,3,9,3,1485.494,2 3,West,2,5,6
0,3,9,2,1486.155,2 2,West,2,5,6
0,3,9,3,1487.112,2 2,North,2,5,6
0,3,9,2,1487.818,1 2,North,2,5,6
0,3,9,2,1488.407,0 2,North,2,5,6
0,3,9,1,1489.358,0 2,West,2,5,6
0,3,9,1,1490.134,0 2,South,2,5,6
0,3,9,2,1490.804,1 2,South,2,5,6
0,3,9,2,1491.545,2 2,South,2,5,6
0,3,9,1,1492.074,2 2,East,2,5,6
0,3,9,2,1492.746,2 3,East,2,5,6
0,3,9,1,1493.367,2 3,North,2,5,6
0,3,9,2,1494.01,1 3,North,2,5,6
0,3,9,3,1494.983,1 3,East,2,5,6
0,3,9,2,1495.755,1 4,East,2,5,6
0,3,9,3,1496.309,1 4,South,2,5,6
0,3,9,2,1496.985,2 4,South,2,5,6
0,3,9,2,1497.684,3 4,South,2,5,6
0,3,9,2,1498.348,4 4,South,2,5,6
0,3,9,3,1498.873,4 4,West,2,5,6
0,3,9,2,1499.467,4 3,West,2,5,6
0,3,9,2,1500.118,4 2,West,2,5,6
0,3,9,3,1500.773,4 2,North,2,5,6
0,3,9,2,1501.5,3 2,North,2,5,6
0,3,9,1,1502.168,3 2,West,2,5,6
0,3,9,2,1502.827,3 1,West,2,5,6
0,3,9,3,1503.435,3 1,North,2,5,6
0,3,9,2,1504.01,2 1,North,2,5,6
0,3,9,2,1504.665,1 1,North,2,5,6
0,3,9,1,1505.223,1 1,West,2,5,6
0,3,9,2,1505.817,1 0,West,2,5,6
0,3,9,1,1506.388,1 0,South,2,5,6
0,3,9,2,1507.005,2 0,South,2,5,6
0,3,9,2,1507.723,3 0,South,2,5,6
0,3,9,2,1508.361,4 0,South,2,5,6
0,3,9,6,1508.74,4 0,South,2,6,6
0,3,9,1,1509.225,4 0,East,2,6,6
0,3,9,1,1510.084,4 0,North,2,6,6
0,3,9,2,1510.774,3 0,North,2,6,6
0,3,9,2,1511.403,2 0,North,2,6,6
0,3,9,2,1512.085,1 0,North,2,6,6
0,3,9,3,1512.709,1 0,East,2,6,6
0,3,9,2,1513.34,1 1,East,2,6,6
0,3,9,3,1513.911,1 1,South,2,6,6
0,3,9,2,1514.54,2 1,South,2,6,6
0,3,9,2,1515.225,3 1,South,2,6,6
0,3,9,1,1515.884,3 1,East,2,6,6
0,3,9,2,1516.443,3 2,East,2,6,6
0,3,9,3,1517,3 2,South,2,6,6
0,3,9,2,1517.597,4 2,South,2,6,6
0,3,9,1,1518.154,4 2,East,2,6,6
0,3,9,2,1518.776,4 3,East,2,6,6
0,3,9,2,1519.369,4 4,East,2,6,6
0,3,9,1,1520.279,4 4,North,2,6,6
0,3,9,2,1520.936,3 4,North,2,6,6
0,3,9,2,1521.541,2 4,North,2,6,6
0,3,9,2,1522.154,1 4,North,2,6,6
0,3,9,1,1522.839,1 4,West,2,6,6
0,3,9,1,1524.089,1 4,South,2,6,6
0,3,9,3,1524.73,1 4,West,2,6,6
0,3,9,2,1525.381,1 3,West,2,6,6
0,3,9,1,1525.976,1 3,South,2,6,6
0,3,9,2,1526.664,2 3,South,2,6,6
0,3,9,3,1527.37,2 3,West,2,6,6
0,3,9,2,1528.007,2 2,West,2,6,6
0,3,9,3,1528.581,2 2,North,2,6,6
0,3,9,2,1529.252,1 2,North,2,6,6
0,3,9,2,1529.894,0 2,North,2,6,6
0,3,9,1,1530.516,0 2,West,2,6,6
0,3,9,2,1531.131,0 1,West,2,6,6
0,3,9,6,1531.54,0 1,West,2,7,6
0,3,9,1,1531.896,0 1,South,2,7,6
0,3,9,1,1532.566,0 1,East,2,7,6
0,3,9,2,1533.144,0 2,East,2,7,6
0,3,9,3,1533.756,0 2,South,2,7,6
0,3,9,2,1534.344,1 2,South,2,7,6
0,3,9,2,1534.952,2 2,South,2,7,6
0,3,9,1,1535.577,2 2,East,2,7,6
0,3,9,2,1536.181,2 3,East,2,7,6
0,3,9,1,1536.758,2 3,North,2,7,6
0,3,9,2,1537.337,1 3,North,2,7,6
0,3,9,3,1537.959,1 3,East,2,7,6
0,3,9,2,1538.635,1 4,East,2,7,6
0,3,9,1,1539.705,1 4,North,2,7,6
0,3,9,1,1540.251,1 4,West,2,7,6
0,3,9,1,1541.034,1 4,South,2,7,6
0,3,9,2,1541.638,2 4,South,2,7,6
0,3,9,2,1542.237,3 4,South,2,7,6
0,3,9,2,1542.822,4 4,South,2,7,6
0,3,9,3,1543.339,4 4,West,2,7,6
0,3,9,2,1543.932,4 3,West,2,7,6
0,3,9,2,1544.455,4 2,West,2,7,6
0,3,9,3,1545.076,4 2,North,2,7,6
0,3,9,2,1545.719,3 2,North,2,7,6
0,3,9,3,1546.458,3 2,East,2,7,6
0,3,9,1,1547.035,3 2,North,2,7,6
0,3,9,1,1547.606,3 2,West,2,7,6
0,3,9,2,1548.154,3 1,West,2,7,6
0,3,9,3,1548.763,3 1,North,2,7,6
0,3,9,2,1549.445,2 1,North,2,7,6
0,3,9,2,1550.052,1 1,North,2,7,6
0,3,9,1,1550.65,1 1,West,2,7,6
0,3,9,2,1551.275,1 0,West,2,7,6
0,3,9,1,1551.802,1 0,South,2,7,6
0,3,9,2,1552.339,2 0,South,2,7,6
0,3,9,2,1552.981,3 0,South,2,7,6
0,3,9,2,1553.548,4 0,South,2,7,6
0,3,9,1,1554.101,4 0,East,2,7,6
0,3,9,2,1554.633,4 1,East,2,7,6
0,3,9,6,1555.04,4 1,East,2,8,6
2,3,9,1,1558.646,4 4,West,2,0,0
2,3,9,2,1559.484,4 3,West,2,0,0
2,3,9,2,1560.041,4 2,West,2,0,0
2,3,9,3,1561.829,4 2,North,2,0,0
2,3,9,2,1562.374,3 2,North,2,0,0
2,3,9,1,1563.304,3 2,West,2,0,0
2,3,9,2,1564.25,3 1,West,2,0,0
2,3,9,3,1564.839,3 1,North,2,0,0
2,3,9,2,1565.467,2 1,North,2,0,0
2,3,9,1,1566.06,2 1,West,2,0,0
2,3,9,2,1566.631,2 1,West,2,0,1
2,3,9,1,1567.26,2 1,South,2,0,1
2,3,9,2,1567.973,3 1,South,2,0,1
2,3,9,2,1568.683,3 1,South,2,0,2
2,3,9,3,1569.415,3 1,West,2,0,2
2,3,9,3,1570.054,3 1,North,2,0,2
2,3,9,2,1570.648,2 1,North,2,0,2
2,3,9,2,1571.364,1 1,North,2,0,2
2,3,9,1,1572.376,1 1,West,2,0,2
2,3,9,2,1573.08,1 0,West,2,0,2
2,3,9,1,1573.639,1 0,South,2,0,2
2,3,9,2,1574.285,2 0,South,2,0,2
2,3,9,2,1575.015,3 0,South,2,0,2
2,3,9,2,1575.645,4 0,South,2,0,2
2,3,9,1,1576.263,4 0,East,2,0,2
2,3,9,2,1576.87,4 1,East,2,0,2
2,3,9,6,1577.28,4 1,East,2,1,2
2,3,9,1,1577.577,4 1,North,2,1,2
2,3,9,1,1578.454,4 1,West,2,1,2
2,3,9,2,1579.1,4 0,West,2,1,2
2,3,9,3,1579.805,4 0,North,2,1,2
2,3,9,2,1580.423,3 0,North,2,1,2
2,3,9,2,1581.019,2 0,North,2,1,2
2,3,9,2,1581.72,1 0,North,2,1,2
2,3,9,3,1582.312,1 0,East,2,1,2
2,3,9,2,1582.974,1 1,East,2,1,2
2,3,9,3,1583.577,1 1,South,2,1,2
2,3,9,2,1584.174,2 1,South,2,1,2
2,3,9,2,1585.079,3 1,South,2,1,2
2,3,9,1,1585.722,3 1,East,2,1,2
2,3,9,2,1586.472,3 2,East,2,1,2
2,3,9,2,1587.385,3 3,East,2,1,2
2,3,9,6,1587.8,3 3,East,2,2,2
2,3,9,3,1588.282,3 3,South,2,2,2
2,3,9,3,1588.904,3 3,West,2,2,2
2,3,9,2,1589.624,3 2,West,2,2,2
2,3,9,1,1590.425,3 2,South,2,2,2
2,3,9,2,1591.013,4 2,South,2,2,2
2,3,9,1,1591.588,4 2,East,2,2,2
2,3,9,2,1592.188,4 3,East,2,2,2
2,3,9,2,1592.82,4 4,East,2,2,2
2,3,9,1,1593.429,4 4,North,2,2,2
2,3,9,2,1594.279,3 4,North,2,2,2
2,3,9,2,1595.046,2 4,North,2,2,2
2,3,9,2,1595.738,1 4,North,2,2,2
2,3,9,1,1596.331,1 4,West,2,2,2
2,3,9,2,1596.954,1 3,West,2,2,2
2,3,9,1,1597.638,1 3,South,2,2,2
2,3,9,2,1598.237,2 3,South,2,2,2
2,3,9,3,1598.82,2 3,West,2,2,2
2,3,9,2,1599.365,2 2,West,2,2,2
2,3,9,3,1599.918,2 2,North,2,2,2
2,3,9,2,1600.461,1 2,North,2,2,2
2,3,9,2,1601.045,0 2,North,2,2,2
2,3,9,1,1601.563,0 2,West,2,2,2
2,3,9,2,1602.087,0 1,West,2,2,2
2,3,9,6,1602.5,0 1,West,2,3,2
2,3,9,1,1602.825,0 1,South,2,3,2
2,3,9,1,1603.354,0 1,East,2,3,2
2,3,9,2,1604.004,0 2,East,2,3,2
2,3,9,3,1605.849,0 2,South,2,3,2
2,3,9,2,1606.78,1 2,South,2,3,2
2,3,9,2,1607.643,2 2,South,2,3,2
2,3,9,1,1608.453,2 2,East,2,3,2
2,3,9,2,1609.162,2 3,East,2,3,2
2,3,9,1,1609.815,2 3,North,2,3,2
2,3,9,2,1610.437,1 3,North,2,3,2
2,3,9,3,1611.045,1 3,East,2,3,2
2,3,9,2,1611.652,1 4,East,2,3,2
2,3,9,3,1612.297,1 4,South,2,3,2
2,3,9,2,1613.019,2 4,South,2,3,2
2,3,9,2,1613.653,3 4,South,2,3,2
2,3,9,2,1614.282,4 4,South,2,3,2
2,3,9,3,1614.901,4 4,West,2,3,2
2,3,9,2,1615.598,4 3,West,2,3,2
2,3,9,2,1616.231,4 2,West,2,3,2
2,3,9,3,1616.78,4 2,North,2,3,2
2,3,9,2,1617.38,3 2,North,2,3,2
2,3,9,6,1617.76,3 2,North,2,4,2
2,3,9,1,1618.269,3 2,West,2,4,2
2,3,9,2,1618.84,3 1,West,2,4,2
2,3,9,3,1619.419,3 1,North,2,4,2
2,3,9,2,1620.116,2 1,North,2,4,2
2,3,9,2,1620.775,1 1,North,2,4,2
2,3,9,6,1621.16,1 1,North,2,5,2
2,3,9,3,1621.724,1 1,East,2,5,2
2,3,9,3,1622.373,1 1,South,2,5,2
2,3,9,3,1623.292,1 1,West,2,5,2
2,3,9,2,1623.879,1 0,West,2,5,2
2,3,9,1,1624.427,1 0,South,2,5,2
2,3,9,2,1625.05,2 0,South,2,5,2
2,3,9,2,1625.578,3 0,South,2,5,2
2,3,9,2,1626.109,4 0,South,2,5,2
2,3,9,6,1626.48,4 0,South,2,6,2
2,3,9,1,1627.08,4 0,East,2,6,2
2,3,9,1,1628.042,4 0,North,2,6,2
2,3,9,2,1628.727,3 0,North,2,6,2
2,3,9,2,1629.704,2 0,North,2,6,2
2,3,9,6,1630.08,2 0,North,2,7,2
2,3,9,3,1630.398,2 0,East,2,7,2
2,3,9,1,1631.771,2 0,North,2,7,2
2,3,9,2,1632.315,1 0,North,2,7,2
2,3,9,3,1632.94,1 0,East,2,7,2
2,3,9,2,1633.496,1 1,East,2,7,2
2,3,9,3,1634.12,1 1,South,2,7,2
2,3,9,2,1635.061,2 1,South,2,7,2
2,3,9,2,1635.687,3 1,South,2,7,2
2,3,9,1,1636.283,3 1,East,2,7,2
2,3,9,2,1636.859,3 2,East,2,7,2
2,3,9,3,1637.492,3 2,South,2,7,2
2,3,9,2,1638.1,4 2,South,2,7,2
2,3,9,1,1638.71,4 2,East,2,7,2
2,3,9,2,1639.349,4 3,East,2,7,2
2,3,9,6,1639.76,4 3,East,2,8,2
0,4,10,1,1643.994,4 4,West,2,0,2
0,4,10,2,1645.062,4 3,West,2,0,2
0,4,10,2,1645.789,4 2,West,2,0,2
0,4,10,3,1646.758,4 2,North,2,0,2
0,4,10,2,1647.484,3 2,North,2,0,2
0,4,10,1,1648.439,3 2,West,2,0,2
0,4,10,2,1649.062,3 1,West,2,0,2
0,4,10,3,1649.641,3 1,North,2,0,2
0,4,10,2,1650.375,2 1,North,2,0,2
0,4,10,2,1650.936,1 1,North,2,0,2
0,4,10,1,1651.495,1 1,West,2,0,2
0,4,10,2,1652.061,1 0,West,2,0,2
0,4,10,6,1652.46,1 0,West,2,1,2
0,4,10,1,1652.708,1 0,South,2,1,2
0,4,10,1,1653.31,1 0,East,2,1,2
0,4,10,2,1653.923,1 1,East,2,1,2
0,4,10,3,1654.503,1 1,South,2,1,2
0,4,10,2,1655.146,2 1,South,2,1,2
0,4,10,2,1655.75,3 1,South,2,1,2
0,4,10,1,1656.633,3 1,East,2,1,2
0,4,10,2,1657.181,3 2,East,2,1,2
0,4,10,3,1658.149,3 2,South,2,1,2
0,4,10,2,1658.822,4 2,South,2,1,2
0,4,10,1,1659.366,4 2,East,2,1,2
0,4,10,2,1659.976,4 3,East,2,1,2
0,4,10,2,1660.534,4 4,East,2,1,2
0,4,10,1,1661.061,4 4,North,2,1,2
0,4,10,2,1661.796,3 4,North,2,1,2
0,4,10,2,1662.41,2 4,North,2,1,2
0,4,10,2,1663.051,1 4,North,2,1,2
0,4,10,1,1663.606,1 4,West,2,1,2
0,4,10,2,1664.285,1 3,West,2,1,2
0,4,10,1,1664.804,1 3,South,2,1,2
0,4,10,2,1665.435,2 3,South,2,1,2
0,4,10,3,1666.004,2 3,West,2,1,2
0,4,10,2,1666.599,2 2,West,2,1,2
0,4,10,3,1667.129,2 2,North,2,1,2
0,4,10,2,1667.687,1 2,North,2,1,2
0,4,10,2,1668.236,0 2,North,2,1,2
0,4,10,1,1668.763,0 2,West,2,1,2
0,4,10,1,1670.587,0 2,South,2,1,2
0,4,10,2,1671.157,1 2,South,2,1,2
0,4,10,2,1671.782,2 2,South,2,1,2
0,4,10,1,1672.743,2 2,East,2,1,2
0,4,10,2,1673.35,2 3,East,2,1,2
0,4,10,1,1673.868,2 3,North,2,1,2
0,4,10,2,1674.777,1 3,North,2,1,2
0,4,10,3,1675.286,1 3,East,2,1,2
0,4,10,2,1675.991,1 4,East,2,1,2
0,4,10,3,1676.885,1 4,South,2,1,2
0,4,10,2,1677.459,2 4,South,2,1,2
0,4,10,2,1678.026,3 4,South,2,1,2
0,4,10,2,1679.019,4 4,South,2,1,2
0,4,10,3,1679.66,4 4,West,2,1,2
0,4,10,2,1680.264,4 3,West,2,1,2
0,4,10,2,1680.822,4 2,West,2,1,2
0,4,10,3,1681.812,4 2,North,2,1,2
0,4,10,2,1682.504,3 2,North,2,1,2
0,4,10,1,1683.052,3 2,West,2,1,2
0,4,10,2,1683.652,3 1,West,2,1,2
0,4,10,3,1684.198,3 1,North,2,1,2
0,4,10,2,1684.728,2 1,North,2,1,2
0,4,10,2,1685.271,1 1,North,2,1,2
0,4,10,1,1685.802,1 1,West,2,1,2
0,4,10,1,1686.342,1 1,South,2,1,2
0,4,10,3,1686.983,1 1,West,2,1,2
0,4,10,2,1687.608,1 0,West,2,1,2
0,4,10,1,1688.184,1 0,South,2,1,2
0,4,10,2,1688.715,2 0,South,2,1,2
0,4,10,2,1689.274,3 0,South,2,1,2
0,4,10,2,1689.86,4 0,South,2,1,2
0,4,10,1,1690.793,4 0,East,2,1,2
0,4,10,2,1691.303,4 1,East,2,1,2
0,4,10,6,1691.72,4 1,East,2,2,2
0,4,10,1,1691.915,4 1,North,2,2,2
0,4,10,1,1692.692,4 1,West,2,2,2
0,4,10,2,1693.563,4 0,West,2,2,2
0,4,10,3,1694.484,4 0,North,2,2,2
0,4,10,2,1695.015,3 0,North,2,2,2
0,4,10,2,1695.592,2 0,North,2,2,2
0,4,10,2,1696.123,1 0,North,2,2,2
0,4,10,3,1696.682,1 0,East,2,2,2
0,4,10,2,1697.241,1 1,East,2,2,2
0,4,10,3,1698.186,1 1,South,2,2,2
0,4,10,2,1698.813,2 1,South,2,2,2
0,4,10,2,1699.399,3 1,South,2,2,2
0,4,10,1,1699.911,3 1,East,2,2,2
0,4,10,2,1700.489,3 2,East,2,2,2
0,4,10,3,1701.097,3 2,South,2,2,2
0,4,10,2,1701.675,4 2,South,2,2,2
0,4,10,1,1702.199,4 2,East,2,2,2
0,4,10,2,1702.744,4 3,East,2,2,2
0,4,10,2,1703.32,4 4,East,2,2,2
0,4,10,1,1703.847,4 4,North,2,2,2
0,4,10,2,1704.436,3 4,North,2,2,2
0,4,10,2,1705.078,2 4,North,2,2,2
0,4,10,2,1705.673,1 4,North,2,2,2
0,4,10,1,1706.378,1 4,West,2,2,2
0,4,10,2,1707.06,1 3,West,2,2,2
0,4,10,1,1707.591,1 3,South,2,2,2
0,4,10,2,1708.197,2 3,South,2,2,2
0,4,10,3,1708.759,2 3,West,2,2,2
0,4,10,2,1709.339,2 2,West,2,2,2
0,4,10,3,1709.851,2 2,North,2,2,2
0,4,10,2,1710.476,1 2,North,2,2,2
0,4,10,6,1710.86,1 2,North,2,3,2
0,4,10,2,1711.19,0 2,North,2,3,2
0,4,10,1,1711.735,0 2,West,2,3,2
0,4,10,1,1712.612,0 2,South,2,3,2
0,4,10,2,1713.181,1 2,South,2,3,2
0,4,10,2,1713.783,2 2,South,2,3,2
0,4,10,1,1714.742,2 2,East,2,3,2
0,4,10,2,1715.385,2 3,East,2,3,2
0,4,10,1,1716.295,2 3,North,2,3,2
0,4,10,2,1716.936,1 3,North,2,3,2
0,4,10,3,1717.549,1 3,East,2,3,2
0,4,10,2,1718.117,1 4,East,2,3,2
0,4,10,1,1718.699,1 4,North,2,3,2
0,4,10,1,1719.339,1 4,West,2,3,2
0,4,10,1,1719.972,1 4,South,2,3,2
0,4,10,2,1720.58,2 4,South,2,3,2
0,4,10,2,1721.212,3 4,South,2,3,2
0,4,10,2,1721.835,4 4,South,2,3,2
0,4,10,3,1722.741,4 4,West,2,3,2
0,4,10,2,1723.259,4 3,West,2,3,2
0,4,10,2,1723.834,4 2,West,2,3,2
0,4,10,3,1724.343,4 2,North,2,3,2
0,4,10,2,1724.969,3 2,North,2,3,2
0,4,10,3,1726.089,3 2,East,2,3,2
0,4,10,1,1726.618,3 2,North,2,3,2
0,4,10,1,1727.254,3 2,West,2,3,2
0,4,10,2,1727.8,3 1,West,2,3,2
0,4,10,3,1728.324,3 1,North,2,3,2
0,4,10,2,1728.922,2 1,North,2,3,2
0,4,10,2,1729.511,1 1,North,2,3,2
0,4,10,1,1730.06,1 1,West,2,3,2
0,4,10,2,1730.7,1 0,West,2,3,2
0,4,10,1,1731.637,1 0,South,2,3,2
0,4,10,2,1732.362,2 0,South,2,3,2
0,4,10,6,1732.74,2 0,South,2,4,2
0,4,10,1,1733.092,2 0,East,2,4,2
0,4,10,1,1733.819,2 0,North,2,4,2
0,4,10,2,1734.444,1 0,North,2,4,2
0,4,10,3,1734.955,1 0,East,2,4,2
0,4,10,2,1735.496,1 1,East,2,4,2
0,4,10,3,1736.04,1 1,South,2,4,2
0,4,10,2,1736.618,2 1,South,2,4,2
0,4,10,2,1737.197,3 1,South,2,4,2
0,4,10,1,1738.133,3 1,East,2,4,2
0,4,10,2,1738.688,3 2,East,2,4,2
0,4,10,6,1739.1,3 2,East,2,5,2
0,4,10,1,1740.75,3 2,North,2,5,2
0,4,10,3,1741.717,3 2,East,2,5,2
0,4,10,3,1742.376,3 2,South,2,5,2
0,4,10,2,1743.02,4 2,South,2,5,2
0,4,10,1,1743.915,4 2,East,2,5,2
0,4,10,2,1744.489,4 3,East,2,5,2
0,4,10,2,1745.035,4 4,East,2,5,2
0,4,10,1,1745.56,4 4,North,2,5,2
0,4,10,2,1746.198,3 4,North,2,5,2
0,4,10,2,1746.953,2 4,North,2,5,2
0,4,10,2,1747.639,1 4,North,2,5,2
0,4,10,1,1748.284,1 4,West,2,5,2
0,4,10,2,1748.951,1 3,West,2,5,2
0,4,10,1,1749.5,1 3,South,2,5,2
0,4,10,2,1750.085,2 3,South,2,5,2
0,4,10,3,1750.662,2 3,West,2,5,2
0,4,10,2,1751.277,2 2,West,2,5,2
0,4,10,3,1751.798,2 2,North,2,5,2
0,4,10,2,1752.461,1 2,North,2,5,2
0,4,10,2,1753.094,0 2,North,2,5,2
0,4,10,1,1753.638,0 2,West,2,5,2
0,4,10,2,1754.327,0 1,West,2,5,2
0,4,10,2,1754.918,0 0,West,2,5,2
0,4,10,6,1755.34,0 0,West,2,6,2
0,4,10,1,1755.768,0 0,South,2,6,2
0,4,10,1,1756.39,0 0,East,2,6,2
0,4,10,2,1757.035,0 1,East,2,6,2
0,4,10,2,1757.608,0 2,East,2,6,2
0,4,10,3,1758.155,0 2,South,2,6,2
0,4,10,2,1758.683,1 2,South,2,6,2
0,4,10,2,1759.642,2 2,South,2,6,2
0,4,10,1,1760.201,2 2,East,2,6,2
0,4,10,2,1760.794,2 3,East,2,6,2
0,4,10,1,1761.317,2 3,North,2,6,2
0,4,10,2,1761.868,1 3,North,2,6,2
0,4,10,3,1762.551,1 3,East,2,6,2
0,4,10,2,1763.19,1 4,East,2,6,2
0,4,10,1,1763.894,1 4,North,2,6,2
0,4,10,1,1764.551,1 4,West,2,6,2
0,4,10,1,1765.159,1 4,South,2,6,2
0,4,10,2,1765.781,2 4,South,2,6,2
0,4,10,2,1766.44,3 4,South,2,6,2
0,4,10,2,1767.004,4 4,South,2,6,2
0,4,10,3,1767.558,4 4,West,2,6,2
0,4,10,2,1768.189,4 3,West,2,6,2
0,4,10,2,1768.792,4 2,West,2,6,2
0,4,10,3,1769.373,4 2,North,2,6,2
0,4,10,2,1770.025,3 2,North,2,6,2
0,4,10,1,1770.647,3 2,West,2,6,2
0,4,10,3,1771.336,3 2,North,2,6,2
0,4,10,3,1772.308,3 2,East,2,6,2
0,4,10,1,1772.904,3 2,North,2,6,2
0,4,10,1,1773.557,3 2,West,2,6,2
0,4,10,2,1774.229,3 1,West,2,6,2
0,4,10,3,1774.81,3 1,North,2,6,2
0,4,10,2,1775.385,2 1,North,2,6,2
0,4,10,2,1776.028,1 1,North,2,6,2
0,4,10,1,1776.568,1 1,West,2,6,2
0,4,10,2,1777.146,1 0,West,2,6,2
0,4,10,1,1778.116,1 0,South,2,6,2
0,4,10,2,1778.7,2 0,South,2,6,2
0,4,10,2,1779.381,3 0,South,2,6,2
0,4,10,2,1779.992,4 0,South,2,6,2
0,4,10,6,1780.36,4 0,South,2,7,2
0,4,10,1,1780.661,4 0,East,2,7,2
0,4,10,1,1781.256,4 0,North,2,7,2
0,4,10,2,1782.245,3 0,North,2,7,2
0,4,10,2,1782.841,2 0,North,2,7,2
0,4,10,2,1783.501,1 0,North,2,7,2
0,4,10,3,1784.07,1 0,East,2,7,2
0,4,10,2,1784.647,1 1,East,2,7,2
0,4,10,3,1785.16,1 1,South,2,7,2
0,4,10,2,1785.774,2 1,South,2,7,2
0,4,10,2,1786.361,3 1,South,2,7,2
0,4,10,1,1786.948,3 1,East,2,7,2
0,4,10,2,1787.527,3 2,East,2,7,2
0,4,10,3,1788.067,3 2,South,2,7,2
0,4,10,2,1788.619,4 2,South,2,7,2
0,4,10,1,1789.13,4 2,East,2,7,2
0,4,10,2,1790.157,4 3,East,2,7,2
0,4,10,2,1790.746,4 4,East,2,7,2
0,4,10,1,1791.285,4 4,North,2,7,2
0,4,10,2,1791.85,3 4,North,2,7,2
0,4,10,2,1792.388,2 4,North,2,7,2
0,4,10,2,1793.228,1 4,North,2,7,2
0,4,10,1,1793.8,1 4,West,2,7,2
0,4,10,2,1794.469,1 3,West,2,7,2
0,4,10,1,1795.398,1 3,South,2,7,2
0,4,10,2,1796.014,2 3,South,2,7,2
0,4,10,3,1796.565,2 3,West,2,7,2
0,4,10,2,1797.14,2 2,West,2,7,2
0,4,10,3,1797.707,2 2,North,2,7,2
0,4,10,2,1798.314,1 2,North,2,7,2
0,4,10,2,1798.967,0 2,North,2,7,2
0,4,10,6,1799.34,0 2,North,2,8,2
2,4,10,1,1802.969,4 4,West,2,0,0
2,4,10,2,1803.77,4 3,West,2,0,0
2,4,10,2,1804.424,4 2,West,2,0,0
2,4,10,3,1804.981,4 2,North,2,0,0
2,4,10,2,1805.593,3 2,North,2,0,0
2,4,10,2,1806.908,3 2,North,2,0,1
2,4,10,1,1807.326,3 2,West,2,0,1
2,4,10,2,1807.86,3 1,West,2,0,1
2,4,10,3,1808.438,3 1,North,2,0,1
2,4,10,2,1809.001,2 1,North,2,0,1
2,4,10,2,1809.641,1 1,North,2,0,1
2,4,10,1,1810.188,1 1,West,2,0,1
2,4,10,2,1810.729,1 0,West,2,0,1
2,4,10,1,1811.719,1 0,South,2,0,1
2,4,10,2,1812.267,2 0,South,2,0,1
2,4,10,6,1812.64,2 0,South,2,1,1
2,4,10,2,1813.126,3 0,South,2,1,1
2,4,10,2,1813.685,4 0,South,2,1,1
2,4,10,1,1814.214,4 0,East,2,1,1
2,4,10,2,1814.872,4 1,East,2,1,1
2,4,10,6,1815.28,4 1,East,2,2,1
2,4,10,1,1815.466,4 1,North,2,2,1
2,4,10,1,1816.044,4 1,West,2,2,1
2,4,10,2,1816.602,4 0,West,2,2,1
2,4,10,3,1817.14,4 0,North,2,2,1
2,4,10,2,1817.719,3 0,North,2,2,1
2,4,10,2,1818.365,2 0,North,2,2,1
2,4,10,2,1819.086,1 0,North,2,2,1
2,4,10,3,1819.771,1 0,East,2,2,1
2,4,10,2,1820.414,1 1,East,2,2,1
2,4,10,3,1820.985,1 1,South,2,2,1
2,4,10,2,1821.67,2 1,South,2,2,1
2,4,10,2,1822.986,3 1,South,2,2,1
2,4,10,1,1823.589,3 1,East,2,2,1
2,4,10,2,1824.155,3 2,East,2,2,1
2,4,10,3,1824.718,3 2,South,2,2,1
2,4,10,2,1825.305,4 2,South,2,2,1
2,4,10,1,1825.878,4 2,East,2,2,1
2,4,10,2,1826.428,4 3,East,2,2,1
2,4,10,2,1827.26,4 4,East,2,2,1
2,4,10,1,1827.996,4 4,North,2,2,1
2,4,10,2,1828.633,3 4,North,2,2,1
2,4,10,2,1829.326,2 4,North,2,2,1
2,4,10,2,1830.94,1 4,North,2,2,1
2,4,10,1,1831.723,1 4,West,2,2,1
2,4,10,2,1832.66,1 3,West,2,2,1
2,4,10,1,1833.221,1 3,South,2,2,1
2,4,10,2,1833.82,2 3,South,2,2,1
2,4,10,3,1834.373,2 3,West,2,2,1
2,4,10,2,1834.935,2 2,West,2,2,1
2,4,10,3,1835.448,2 2,North,2,2,1
2,4,10,2,1835.981,1 2,North,2,2,1
2,4,10,2,1836.602,0 2,North,2,2,1
2,4,10,6,1836.98,0 2,North,2,3,1
2,4,10,3,1837.492,0 2,East,2,3,1
2,4,10,3,1838.072,0 2,South,2,3,1
2,4,10,2,1838.71,1 2,South,2,3,1
2,4,10,2,1839.355,2 2,South,2,3,1
2,4,10,1,1839.926,2 2,East,2,3,1
2,4,10,2,1840.453,2 3,East,2,3,1
2,4,10,6,1840.86,2 3,East,2,4,1
2,4,10,1,1841.221,2 3,North,2,4,1
2,4,10,2,1842.072,1 3,North,2,4,1
2,4,10,3,1843.62,1 3,East,2,4,1
2,4,10,2,1844.198,1 4,East,2,4,1
2,4,10,3,1844.823,1 4,South,2,4,1
2,4,10,2,1845.495,2 4,South,2,4,1
2,4,10,2,1846.093,3 4,South,2,4,1
2,4,10,2,1846.712,4 4,South,2,4,1
2,4,10,3,1847.316,4 4,West,2,4,1
2,4,10,2,1848.02,4 3,West,2,4,1
2,4,10,2,1848.651,4 2,West,2,4,1
2,4,10,3,1849.709,4 2,North,2,4,1
2,4,10,3,1850.679,4 2,East,2,4,1
2,4,10,2,1851.224,4 3,East,2,4,1
2,4,10,2,1852.028,4 4,East,2,4,1
2,4,10,1,1852.987,4 4,North,2,4,1
2,4,10,2,1853.942,3 4,North,2,4,1
2,4,10,2,1854.469,2 4,North,2,4,1
2,4,10,2,1855.064,1 4,North,2,4,1
2,4,10,1,1855.653,1 4,West,2,4,1
2,4,10,2,1856.2,1 3,West,2,4,1
2,4,10,1,1856.83,1 3,South,2,4,1
2,4,10,2,1857.384,2 3,South,2,4,1
2,4,10,3,1857.947,2 3,West,2,4,1
2,4,10,2,1858.555,2 2,West,2,4,1
2,4,10,3,1859.269,2 2,North,2,4,1
2,4,10,2,1859.833,1 2,North,2,4,1
2,4,10,2,1860.427,0 2,North,2,4,1
2,4,10,1,1860.989,0 2,West,2,4,1
2,4,10,2,1861.572,0 1,West,2,4,1
2,4,10,2,1862.103,0 0,West,2,4,1
2,4,10,6,1862.52,0 0,West,2,5,1
2,4,10,1,1863.385,0 0,South,2,5,1
2,4,10,1,1864.443,0 0,East,2,5,1
2,4,10,2,1865.018,0 1,East,2,5,1
2,4,10,2,1865.641,0 2,East,2,5,1
2,4,10,3,1866.236,0 2,South,2,5,1
2,4,10,2,1866.839,1 2,South,2,5,1
2,4,10,2,1867.461,2 2,South,2,5,1
2,4,10,1,1868.02,2 2,East,2,5,1
2,4,10,2,1868.667,2 3,East,2,5,1
2,4,10,1,1869.26,2 3,North,2,5,1
2,4,10,2,1869.816,1 3,North,2,5,1
2,4,10,3,1870.361,1 3,East,2,5,1
2,4,10,2,1870.983,1 4,East,2,5,1
2,4,10,6,1871.4,1 4,East,2,6,1
2,4,10,3,1871.88,1 4,South,2,6,1
2,4,10,3,1872.485,1 4,West,2,6,1
2,4,10,1,1873.174,1 4,South,2,6,1
2,4,10,2,1873.863,2 4,South,2,6,1
2,4,10,2,1874.488,3 4,South,2,6,1
2,4,10,2,1875.067,4 4,South,2,6,1
2,4,10,3,1875.644,4 4,West,2,6,1
2,4,10,2,1876.164,4 3,West,2,6,1
2,4,10,2,1876.758,4 2,West,2,6,1
2,4,10,3,1877.53,4 2,North,2,6,1
2,4,10,2,1878.567,3 2,North,2,6,1
2,4,10,1,1879.32,3 2,West,2,6,1
2,4,10,2,1879.949,3 1,West,2,6,1
2,4,10,3,1880.516,3 1,North,2,6,1
2,4,10,2,1881.098,2 1,North,2,6,1
2,4,10,6,1881.48,2 1,North,2,7,1
2,4,10,1,1881.904,2 1,West,2,7,1
2,4,10,1,1882.644,2 1,South,2,7,1
2,4,10,3,1883.38,2 1,West,2,7,1
2,4,10,3,1884.043,2 1,North,2,7,1
2,4,10,2,1884.76,1 1,North,2,7,1
2,4,10,1,1885.319,1 1,West,2,7,1
2,4,10,2,1886.068,1 0,West,2,7,1
2,4,10,1,1886.68,1 0,South,2,7,1
2,4,10,2,1887.286,2 0,South,2,7,1
2,4,10,2,1887.849,3 0,South,2,7,1
2,4,10,2,1888.437,4 0,South,2,7,1
2,4,10,6,1888.82,4 0,South,2,8,1
0,4,11,1,1892.9,4 4,West,2,0,1
0,4,11,2,1894.025,4 3,West,2,0,1
0,4,11,2,1894.646,4 2,West,2,0,1
0,4,11,3,1895.176,4 2,North,2,0,1
0,4,11,2,1895.787,3 2,North,2,0,1
0,4,11,1,1896.683,3 2,West,2,0,1
0,4,11,2,1897.244,3 1,West,2,0,1
0,4,11,3,1897.812,3 1,North,2,0,1
0,4,11,2,1898.521,2 1,North,2,0,1
0,4,11,2,1899.173,1 1,North,2,0,1
0,4,11,1,1900.15,1 1,West,2,0,1
0,4,11,2,1900.697,1 0,West,2,0,1
0,4,11,1,1901.385,1 0,South,2,0,1
0,4,11,2,1902.188,2 0,South,2,0,1
0,4,11,2,1902.81,3 0,South,2,0,1
0,4,11,1,1903.573,3 0,East,2,0,1
0,4,11,1,1904.3,3 0,North,2,0,1
0,4,11,2,1904.923,2 0,North,2,0,1
0,4,11,2,1905.639,1 0,North,2,0,1
0,4,11,3,1906.252,1 0,East,2,0,1
0,4,11,3,1906.821,1 0,South,2,0,1
0,4,11,1,1907.389,1 0,East,2,0,1
0,4,11,2,1907.959,1 1,East,2,0,1
0,4,11,3,1908.925,1 1,South,2,0,1
0,4,11,2,1909.531,2 1,South,2,0,1
0,4,11,2,1910.091,3 1,South,2,0,1
0,4,11,1,1910.713,3 1,East,2,0,1
0,4,11,2,1911.294,3 2,East,2,0,1
0,4,11,3,1912.186,3 2,South,2,0,1
0,4,11,2,1912.794,4 2,South,2,0,1
0,4,11,1,1913.381,4 2,East,2,0,1
0,4,11,2,1914.381,4 3,East,2,0,1
0,4,11,2,1915.049,4 4,East,2,0,1
0,4,11,1,1915.689,4 4,North,2,0,1
0,4,11,2,1916.217,3 4,North,2,0,1
0,4,11,2,1916.795,2 4,North,2,0,1
0,4,11,2,1917.416,1 4,North,2,0,1
0,4,11,1,1918.085,1 4,West,2,0,1
0,4,11,2,1918.716,1 3,West,2,0,1
0,4,11,1,1919.257,1 3,South,2,0,1
0,4,11,2,1919.78,2 3,South,2,0,1
0,4,11,3,1920.692,2 3,West,2,0,1
0,4,11,2,1921.289,2 2,West,2,0,1
0,4,11,6,1921.7,2 2,West,2,1,1
0,4,11,3,1922.782,2 2,North,2,1,1
0,4,11,2,1923.766,1 2,North,2,1,1
0,4,11,2,1924.326,0 2,North,2,1,1
0,4,11,1,1924.857,0 2,West,2,1,1
0,4,11,1,1925.435,0 2,South,2,1,1
0,4,11,2,1926.041,1 2,South,2,1,1
0,4,11,2,1926.63,2 2,South,2,1,1
0,4,11,1,1927.144,2 2,East,2,1,1
0,4,11,2,1927.829,2 3,East,2,1,1
0,4,11,1,1928.359,2 3,North,2,1,1
0,4,11,2,1929.286,1 3,North,2,1,1
0,4,11,3,1930.186,1 3,East,2,1,1
0,4,11,2,1930.806,1 4,East,2,1,1
0,4,11,1,1931.417,1 4,North,2,1,1
0,4,11,1,1931.956,1 4,West,2,1,1
0,4,11,1,1932.503,1 4,South,2,1,1
0,4,11,2,1933.062,2 4,South,2,1,1
0,4,11,2,1933.591,3 4,South,2,1,1
0,4,11,2,1934.1,4 4,South,2,1,1
0,4,11,3,1935.018,4 4,West,2,1,1
0,4,11,2,1935.621,4 3,West,2,1,1
0,4,11,2,1936.133,4 2,West,2,1,1
0,4,11,3,1937.033,4 2,North,2,1,1
0,4,11,2,1937.686,3 2,North,2,1,1
0,4,11,3,1938.283,3 2,East,2,1,1
0,4,11,2,1938.836,3 3,East,2,1,1
0,4,11,6,1939.24,3 3,East,2,2,1
0,4,11,1,1939.514,3 3,North,2,2,1
0,4,11,1,1940.09,3 3,West,2,2,1
0,4,11,2,1940.765,3 2,West,2,2,1
0,4,11,2,1941.45,3 1,West,2,2,1
0,4,11,3,1941.963,3 1,North,2,2,1
0,4,11,2,1942.569,2 1,North,2,2,1
0,4,11,2,1943.224,1 1,North,2,2,1
0,4,11,1,1943.74,1 1,West,2,2,1
0,4,11,2,1944.317,1 0,West,2,2,1
0,4,11,1,1945.287,1 0,South,2,2,1
0,4,11,2,1945.958,2 0,South,2,2,1
0,4,11,2,1946.536,3 0,South,2,2,1
0,4,11,1,1947.109,3 0,East,2,2,1
0,4,11,1,1947.723,3 0,North,2,2,1
0,4,11,2,1948.293,2 0,North,2,2,1
0,4,11,2,1948.925,1 0,North,2,2,1
0,4,11,3,1949.445,1 0,East,2,2,1
0,4,11,2,1949.995,1 1,East,2,2,1
0,4,11,3,1950.541,1 1,South,2,2,1
0,4,11,2,1951.144,2 1,South,2,2,1
0,4,11,2,1951.766,3 1,South,2,2,1
0,4,11,1,1952.66,3 1,East,2,2,1
0,4,11,2,1953.275,3 2,East,2,2,1
0,4,11,3,1954.101,3 2,South,2,2,1
0,4,11,2,1954.715,4 2,South,2,2,1
0,4,11,1,1955.255,4 2,East,2,2,1
0,4,11,2,1955.8,4 3,East,2,2,1
0,4,11,2,1956.395,4 4,East,2,2,1
0,4,11,1,1956.923,4 4,North,2,2,1
0,4,11,2,1957.483,3 4,North,2,2,1
0,4,11,2,1958.119,2 4,North,2,2,1
0,4,11,6,1958.5,2 4,North,2,3,1
0,4,11,2,1958.727,1 4,North,2,3,1
0,4,11,1,1959.35,1 4,West,2,3,1
0,4,11,2,1959.947,1 3,West,2,3,1
0,4,11,1,1960.532,1 3,South,2,3,1
0,4,11,2,1961.08,2 3,South,2,3,1
0,4,11,3,1961.736,2 3,West,2,3,1
0,4,11,2,1962.315,2 2,West,2,3,1
0,4,11,3,1963.238,2 2,North,2,3,1
0,4,11,2,1963.817,1 2,North,2,3,1
0,4,11,2,1964.358,0 2,North,2,3,1
0,4,11,1,1964.971,0 2,West,2,3,1
0,4,11,1,1965.573,0 2,South,2,3,1
0,4,11,2,1966.156,1 2,South,2,3,1
0,4,11,2,1966.725,2 2,South,2,3,1
0,4,11,1,1967.275,2 2,East,2,3,1
0,4,11,2,1967.833,2 3,East,2,3,1
0,4,11,1,1968.726,2 3,North,2,3,1
0,4,11,2,1969.374,1 3,North,2,3,1
0,4,11,3,1969.94,1 3,East,2,3,1
0,4,11,2,1970.667,1 4,East,2,3,1
0,4,11,1,1972.108,1 4,North,2,3,1
0,4,11,2,1972.936,0 4,North,2,3,1
0,4,11,1,1973.499,0 4,West,2,3,1
0,4,11,1,1974.396,0 4,South,2,3,1
0,4,11,2,1975.018,1 4,South,2,3,1
0,4,11,2,1975.609,2 4,South,2,3,1
0,4,11,2,1976.873,3 4,South,2,3,1
0,4,11,2,1977.734,4 4,South,2,3,1
0,4,11,3,1978.62,4 4,West,2,3,1
0,4,11,2,1979.574,4 3,West,2,3,1
0,4,11,2,1980.23,4 2,West,2,3,1
0,4,11,3,1980.886,4 2,North,2,3,1
0,4,11,2,1981.592,3 2,North,2,3,1
0,4,11,1,1982.134,3 2,West,2,3,1
0,4,11,2,1982.796,3 1,West,2,3,1
0,4,11,3,1983.449,3 1,North,2,3,1
0,4,11,2,1984.072,2 1,North,2,3,1
0,4,11,2,1984.679,1 1,North,2,3,1
0,4,11,6,1985.06,1 1,North,2,4,1
0,4,11,1,1985.35,1 1,West,2,4,1
0,4,11,2,1985.893,1 0,West,2,4,1
0,4,11,1,1986.42,1 0,South,2,4,1
0,4,11,2,1987.022,2 0,South,2,4,1
0,4,11,2,1987.992,3 0,South,2,4,1
0,4,11,1,1988.582,3 0,East,2,4,1
0,4,11,1,1989.141,3 0,North,2,4,1
0,4,11,2,1989.799,2 0,North,2,4,1
0,4,11,2,1990.581,1 0,North,2,4,1
0,4,11,3,1991.24,1 0,East,2,4,1
0,4,11,2,1991.896,1 1,East,2,4,1
0,4,11,3,1992.474,1 1,South,2,4,1
0,4,11,2,1993.114,2 1,South,2,4,1
0,4,11,2,1993.674,3 1,South,2,4,1
0,4,11,1,1994.344,3 1,East,2,4,1
0,4,11,2,1994.985,3 2,East,2,4,1
0,4,11,3,1995.61,3 2,South,2,4,1
0,4,11,2,1996.468,4 2,South,2,4,1
0,4,11,1,1996.998,4 2,East,2,4,1
0,4,11,2,1997.542,4 3,East,2,4,1
0,4,11,2,1998.106,4 4,East,2,4,1
0,4,11,1,1998.646,4 4,North,2,4,1
0,4,11,2,1999.59,3 4,North,2,4,1
0,4,11,6,1999.98,3 4,North,2,5,1
0,4,11,2,2000.265,2 4,North,2,5,1
0,4,11,2,2000.888,1 4,North,2,5,1
0,4,11,1,2001.802,1 4,West,2,5,1
0,4,11,2,2002.396,1 3,West,2,5,1
0,4,11,1,2003.085,1 3,South,2,5,1
0,4,11,2,2003.624,2 3,South,2,5,1
0,4,11,3,2004.25,2 3,West,2,5,1
0,4,11,2,2004.875,2 2,West,2,5,1
0,4,11,3,2005.511,2 2,North,2,5,1
0,4,11,2,2006.107,1 2,North,2,5,1
0,4,11,2,2006.711,0 2,North,2,5,1
0,4,11,1,2007.608,0 2,West,2,5,1
0,4,11,2,2008.286,0 1,West,2,5,1
0,4,11,6,2008.68,0 1,West,2,6,1
0,4,11,1,2008.956,0 1,South,2,6,1
0,4,11,1,2009.494,0 1,East,2,6,1
0,4,11,2,2010.092,0 2,East,2,6,1
0,4,11,3,2010.81,0 2,South,2,6,1
0,4,11,2,2011.415,1 2,South,2,6,1
0,4,11,2,2011.976,2 2,South,2,6,1
0,4,11,1,2012.538,2 2,East,2,6,1
0,4,11,2,2013.132,2 3,East,2,6,1
0,4,11,1,2013.673,2 3,North,2,6,1
0,4,11,2,2014.536,1 3,North,2,6,1
0,4,11,3,2015.146,1 3,East,2,6,1
0,4,11,2,2015.814,1 4,East,2,6,1
0,4,11,1,2016.508,1 4,North,2,6,1
0,4,11,1,2017.046,1 4,West,2,6,1
0,4,11,1,2017.622,1 4,South,2,6,1
0,4,11,2,2018.236,2 4,South,2,6,1
0,4,11,2,2018.84,3 4,South,2,6,1
0,4,11,2,2019.38,4 4,South,2,6,1
0,4,11,3,2019.972,4 4,West,2,6,1
0,4,11,2,2020.52,4 3,West,2,6,1
0,4,11,2,2021.069,4 2,West,2,6,1
0,4,11,3,2021.645,4 2,North,2,6,1
0,4,11,2,2022.281,3 2,North,2,6,1
0,4,11,1,2022.97,3 2,West,2,6,1
0,4,11,1,2023.557,3 2,South,2,6,1
0,4,11,1,2024.091,3 2,East,2,6,1
0,4,11,1,2024.65,3 2,North,2,6,1
0,4,11,1,2025.272,3 2,West,2,6,1
0,4,11,2,2025.925,3 1,West,2,6,1
0,4,11,3,2026.601,3 1,North,2,6,1
0,4,11,2,2027.244,2 1,North,2,6,1
0,4,11,2,2027.85,1 1,North,2,6,1
0,4,11,1,2028.476,1 1,West,2,6,1
0,4,11,2,2029.032,1 0,West,2,6,1
0,4,11,1,2029.628,1 0,South,2,6,1
0,4,11,2,2030.182,2 0,South,2,6,1
0,4,11,2,2030.872,3 0,South,2,6,1
0,4,11,6,2031.26,3 0,South,2,7,1
0,4,11,2,2031.645,4 0,South,2,7,1
0,4,11,1,2032.173,4 0,East,2,7,1
0,4,11,1,2032.76,4 0,North,2,7,1
0,4,11,2,2033.332,3 0,North,2,7,1
0,4,11,2,2033.852,2 0,North,2,7,1
0,4,11,2,2034.843,1 0,North,2,7,1
0,4,11,3,2035.401,1 0,East,2,7,1
0,4,11,2,2036.361,1 1,East,2,7,1
0,4,11,3,2036.95,1 1,South,2,7,1
0,4,11,2,2037.621,2 1,South,2,7,1
0,4,11,2,2038.18,3 1,South,2,7,1
0,4,11,6,2038.56,3 1,South,2,8,1
2,4,11,1,2042.485,4 4,West,2,0,0
2,4,11,2,2043.643,4 3,West,2,0,0
2,4,11,2,2044.394,4 2,West,2,0,0
2,4,11,3,2045.005,4 2,North,2,0,0
2,4,11,2,2045.695,3 2,North,2,0,0
2,4,11,1,2047.576,3 2,West,2,0,0
2,4,11,3,2048.472,3 2,North,2,0,0
2,4,11,2,2049.099,3 2,North,2,0,1
2,4,11,1,2049.577,3 2,West,2,0,1
2,4,11,1,2050.421,3 2,South,2,0,1
2,4,11,2,2051.017,4 2,South,2,0,1
2,4,11,1,2051.575,4 2,East,2,0,1
2,4,11,2,2052.157,4 3,East,2,0,1
2,4,11,2,2052.759,4 4,East,2,0,1
2,4,11,1,2053.286,4 4,North,2,0,1
2,4,11,2,2053.876,3 4,North,2,0,1
2,4,11,2,2054.461,2 4,North,2,0,1
2,4,11,2,2055.403,1 4,North,2,0,1
2,4,11,1,2055.994,1 4,West,2,0,1
2,4,11,2,2056.532,1 3,West,2,0,1
2,4,11,1,2057.077,1 3,South,2,0,1
2,4,11,2,2057.63,2 3,South,2,0,1
2,4,11,3,2058.153,2 3,West,2,0,1
2,4,11,2,2058.678,2 2,West,2,0,1
2,4,11,6,2059.08,2 2,West,2,1,1
2,4,11,3,2059.531,2 2,North,2,1,1
2,4,11,3,2060.123,2 2,East,2,1,1
2,4,11,2,2060.763,2 3,East,2,1,1
2,4,11,1,2061.501,2 3,North,2,1,1
2,4,11,2,2062.023,1 3,North,2,1,1
2,4,11,3,2062.649,1 3,East,2,1,1
2,4,11,2,2063.189,1 4,East,2,1,1
2,4,11,3,2063.804,1 4,South,2,1,1
2,4,11,2,2064.439,2 4,South,2,1,1
2,4,11,2,2065.403,3 4,South,2,1,1
2,4,11,2,2065.996,4 4,South,2,1,1
2,4,11,3,2066.612,4 4,West,2,1,1
2,4,11,2,2067.18,4 3,West,2,1,1
2,4,11,2,2068.198,4 2,West,2,1,1
2,4,11,3,2068.709,4 2,North,2,1,1
2,4,11,2,2069.389,3 2,North,2,1,1
2,4,11,3,2069.91,3 2,East,2,1,1
2,4,11,2,2070.492,3 3,East,2,1,1
2,4,11,6,2070.9,3 3,East,2,2,1
2,4,11,1,2071.434,3 3,North,2,2,1
2,4,11,1,2071.974,3 3,West,2,2,1
2,4,11,2,2072.534,3 2,West,2,2,1
2,4,11,1,2073.219,3 2,South,2,2,1
2,4,11,2,2073.829,4 2,South,2,2,1
2,4,11,1,2074.49,4 2,East,2,2,1
2,4,11,2,2075.013,4 3,East,2,2,1
2,4,11,2,2075.604,4 4,East,2,2,1
2,4,11,1,2076.151,4 4,North,2,2,1
2,4,11,2,2076.74,3 4,North,2,2,1
2,4,11,2,2077.366,2 4,North,2,2,1
2,4,11,6,2077.74,2 4,North,2,3,1
2,4,11,1,2078.234,2 4,West,2,3,1
2,4,11,1,2078.806,2 4,South,2,3,1
2,4,11,2,2080.524,3 4,South,2,3,1
2,4,11,3,2081.164,3 4,West,2,3,1
2,4,11,3,2081.787,3 4,North,2,3,1
2,4,11,2,2082.33,2 4,North,2,3,1
2,4,11,2,2082.939,1 4,North,2,3,1
2,4,11,1,2083.652,1 4,West,2,3,1
2,4,11,2,2084.372,1 3,West,2,3,1
2,4,11,1,2085.018,1 3,South,2,3,1
2,4,11,2,2085.58,2 3,South,2,3,1
2,4,11,3,2086.153,2 3,West,2,3,1
2,4,11,2,2086.694,2 2,West,2,3,1
2,4,11,3,2087.288,2 2,North,2,3,1
2,4,11,2,2087.83,1 2,North,2,3,1
2,4,11,2,2088.493,0 2,North,2,3,1
2,4,11,1,2089.066,0 2,West,2,3,1
2,4,11,2,2089.589,0 1,West,2,3,1
2,4,11,6,2090,0 1,West,2,4,1
2,4,11,1,2090.328,0 1,South,2,4,1
2,4,11,1,2091.368,0 1,East,2,4,1
2,4,11,2,2092.029,0 2,East,2,4,1
2,4,11,3,2092.683,0 2,South,2,4,1
2,4,11,2,2093.259,1 2,South,2,4,1
2,4,11,6,2093.64,1 2,South,2,5,1
2,4,11,2,2094.485,2 2,South,2,5,1
2,4,11,1,2095.036,2 2,East,2,5,1
2,4,11,2,2096.012,2 3,East,2,5,1
2,4,11,1,2096.55,2 3,North,2,5,1
2,4,11,2,2097.116,1 3,North,2,5,1
2,4,11,3,2097.626,1 3,East,2,5,1
2,4,11,2,2098.184,1 4,East,2,5,1
2,4,11,3,2098.742,1 4,South,2,5,1
2,4,11,2,2099.319,2 4,South,2,5,1
2,4,11,2,2099.897,3 4,South,2,5,1
2,4,11,2,2100.425,4 4,South,2,5,1
2,4,11,3,2100.981,4 4,West,2,5,1
2,4,11,2,2101.596,4 3,West,2,5,1
2,4,11,2,2102.187,4 2,West,2,5,1
2,4,11,3,2102.726,4 2,North,2,5,1
2,4,11,2,2103.275,3 2,North,2,5,1
2,4,11,1,2104.069,3 2,West,2,5,1
2,4,11,2,2104.622,3 1,West,2,5,1
2,4,11,3,2105.146,3 1,North,2,5,1
2,4,11,2,2105.733,2 1,North,2,5,1
2,4,11,2,2106.292,1 1,North,2,5,1
2,4,11,1,2106.952,1 1,West,2,5,1
2,4,11,2,2107.527,1 0,West,2,5,1
2,4,11,1,2108.088,1 0,South,2,5,1
2,4,11,2,2108.645,2 0,South,2,5,1
2,4,11,2,2109.227,3 0,South,2,5,1
2,4,11,6,2109.6,3 0,South,2,6,1
2,4,11,1,2109.978,3 0,East,2,6,1
2,4,11,1,2110.522,3 0,North,2,6,1
2,4,11,2,2111.177,2 0,North,2,6,1
2,4,11,2,2111.781,1 0,North,2,6,1
2,4,11,3,2112.39,1 0,East,2,6,1
2,4,11,2,2112.997,1 1,East,2,6,1
2,4,11,3,2113.623,1 1,South,2,6,1
2,4,11,2,2114.187,2 1,South,2,6,1
2,4,11,1,2115.597,2 1,East,2,6,1
2,4,11,3,2116.684,2 1,South,2,6,1
2,4,11,2,2117.418,3 1,South,2,6,1
2,4,11,1,2118.011,3 1,East,2,6,1
2,4,11,2,2118.679,3 2,East,2,6,1
2,4,11,3,2119.257,3 2,South,2,6,1
2,4,11,2,2119.9,4 2,South,2,6,1
2,4,11,1,2120.474,4 2,East,2,6,1
2,4,11,2,2121.07,4 3,East,2,6,1
2,4,11,2,2121.707,4 4,East,2,6,1
2,4,11,1,2122.281,4 4,North,2,6,1
2,4,11,2,2122.876,3 4,North,2,6,1
2,4,11,2,2123.421,2 4,North,2,6,1
2,4,11,2,2124.027,1 4,North,2,6,1
2,4,11,2,2124.586,0 4,North,2,6,1
2,4,11,6,2124.96,0 4,North,2,7,1
2,4,11,1,2125.192,0 4,West,2,7,1
2,4,11,1,2125.816,0 4,South,2,7,1
2,4,11,2,2126.437,1 4,South,2,7,1
2,4,11,2,2127.498,2 4,South,2,7,1
2,4,11,2,2128.188,3 4,South,2,7,1
2,4,11,6,2128.56,3 4,South,2,8,1
0,4,12,1,2132.662,4 4,West,2,0,1
0,4,12,2,2133.899,4 3,West,2,0,1
0,4,12,2,2134.475,4 2,West,2,0,1
0,4,12,3,2135.369,4 2,North,2,0,1
0,4,12,2,2136.012,3 2,North,2,0,1
0,4,12,1,2136.776,3 2,West,2,0,1
0,4,12,2,2137.34,3 1,West,2,0,1
0,4,12,3,2137.978,3 1,North,2,0,1
0,4,12,2,2138.619,2 1,North,2,0,1
0,4,12,2,2139.227,1 1,North,2,0,1
0,4,12,1,2139.812,1 1,West,2,0,1
0,4,12,2,2140.445,1 0,West,2,0,1
0,4,12,1,2141.018,1 0,South,2,0,1
0,4,12,2,2141.705,2 0,South,2,0,1
0,4,12,2,2142.297,3 0,South,2,0,1
0,4,12,1,2142.919,3 0,East,2,0,1
0,4,12,1,2143.485,3 0,North,2,0,1
0,4,12,2,2144.088,2 0,North,2,0,1
0,4,12,2,2144.74,1 0,North,2,0,1
0,4,12,3,2145.316,1 0,East,2,0,1
0,4,12,2,2145.996,1 1,East,2,0,1
0,4,12,3,2146.566,1 1,South,2,0,1
0,4,12,2,2147.163,2 1,South,2,0,1
0,4,12,2,2147.685,3 1,South,2,0,1
0,4,12,1,2148.647,3 1,East,2,0,1
0,4,12,2,2149.272,3 2,East,2,0,1
0,4,12,3,2149.862,3 2,South,2,0,1
0,4,12,2,2150.458,4 2,South,2,0,1
0,4,12,1,2151.016,4 2,East,2,0,1
0,4,12,2,2151.563,4 3,East,2,0,1
0,4,12,2,2152.378,4 4,East,2,0,1
0,4,12,1,2152.98,4 4,North,2,0,1
0,4,12,2,2153.576,3 4,North,2,0,1
0,4,12,2,2154.219,2 4,North,2,0,1
0,4,12,2,2154.805,1 4,North,2,0,1
0,4,12,1,2155.388,1 4,West,2,0,1
0,4,12,3,2155.992,1 4,North,2,0,1
0,4,12,2,2156.581,0 4,North,2,0,1
0,4,12,1,2157.115,0 4,West,2,0,1
0,4,12,2,2157.726,0 3,West,2,0,1
0,4,12,6,2158.14,0 3,West,2,1,1
0,4,12,1,2158.382,0 3,South,2,1,1
0,4,12,1,2158.94,0 3,East,2,1,1
0,4,12,2,2159.544,0 4,East,2,1,1
0,4,12,3,2160.135,0 4,South,2,1,1
0,4,12,2,2160.729,1 4,South,2,1,1
0,4,12,6,2161.1,1 4,South,2,2,1
0,4,12,3,2161.365,1 4,West,2,2,1
0,4,12,2,2162.157,1 3,West,2,2,1
0,4,12,1,2163.066,1 3,South,2,2,1
0,4,12,2,2163.692,2 3,South,2,2,1
0,4,12,3,2164.264,2 3,West,2,2,1
0,4,12,2,2164.888,2 2,West,2,2,1
0,4,12,3,2165.418,2 2,North,2,2,1
0,4,12,2,2166.053,1 2,North,2,2,1
0,4,12,2,2166.583,0 2,North,2,2,1
0,4,12,1,2167.174,0 2,West,2,2,1
0,4,12,1,2167.851,0 2,South,2,2,1
0,4,12,2,2168.421,1 2,South,2,2,1
0,4,12,2,2169.065,2 2,South,2,2,1
0,4,12,1,2169.636,2 2,East,2,2,1
0,4,12,1,2170.149,2 2,North,2,2,1
0,4,12,3,2170.681,2 2,East,2,2,1
0,4,12,2,2171.21,2 3,East,2,2,1
0,4,12,1,2171.721,2 3,North,2,2,1
0,4,12,2,2172.312,1 3,North,2,2,1
0,4,12,3,2172.891,1 3,East,2,2,1
0,4,12,2,2173.548,1 4,East,2,2,1
0,4,12,3,2174.568,1 4,South,2,2,1
0,4,12,2,2175.116,2 4,South,2,2,1
0,4,12,2,2175.708,3 4,South,2,2,1
0,4,12,2,2176.328,4 4,South,2,2,1
0,4,12,3,2177.239,4 4,West,2,2,1
0,4,12,2,2177.766,4 3,West,2,2,1
0,4,12,6,2178.18,4 3,West,2,3,1
0,4,12,2,2178.41,4 2,West,2,3,1
0,4,12,3,2179.388,4 2,North,2,3,1
0,4,12,2,2179.931,3 2,North,2,3,1
0,4,12,1,2180.536,3 2,West,2,3,1
0,4,12,2,2181.141,3 1,West,2,3,1
0,4,12,3,2181.67,3 1,North,2,3,1
0,4,12,2,2182.297,2 1,North,2,3,1
0,4,12,6,2182.68,2 1,North,2,4,1
0,4,12,2,2182.956,1 1,North,2,4,1
0,4,12,1,2183.51,1 1,West,2,4,1
0,4,12,2,2184.038,1 0,West,2,4,1
0,4,12,1,2184.569,1 0,South,2,4,1
0,4,12,2,2185.209,2 0,South,2,4,1
0,4,12,1,2185.785,2 0,East,2,4,1
0,4,12,2,2186.617,2 0,East,2,4,1
0,4,12,1,2187.109,2 0,North,2,4,1
0,4,12,2,2187.657,1 0,North,2,4,1
0,4,12,3,2188.204,1 0,East,2,4,1
0,4,12,2,2188.763,1 1,East,2,4,1
0,4,12,3,2189.307,1 1,South,2,4,1
0,4,12,2,2189.819,2 1,South,2,4,1
0,4,12,1,2190.555,2 1,East,2,4,1
0,4,12,3,2191.064,2 1,South,2,4,1
0,4,12,2,2191.624,3 1,South,2,4,1
0,4,12,1,2192.142,3 1,East,2,4,1
0,4,12,2,2192.71,3 2,East,2,4,1
0,4,12,3,2193.259,3 2,South,2,4,1
0,4,12,2,2193.829,4 2,South,2,4,1
0,4,12,6,2194.2,4 2,South,2,5,1
0,4,12,1,2194.542,4 2,East,2,5,1
0,4,12,1,2195.341,4 2,North,2,5,1
0,4,12,3,2196.7,4 2,East,2,5,1
0,4,12,2,2197.255,4 3,East,2,5,1
0,4,12,2,2197.812,4 4,East,2,5,1
0,4,12,1,2198.33,4 4,North,2,5,1
0,4,12,2,2198.894,3 4,North,2,5,1
0,4,12,2,2199.544,2 4,North,2,5,1
0,4,12,2,2200.103,1 4,North,2,5,1
0,4,12,1,2200.682,1 4,West,2,5,1
0,4,12,2,2201.275,1 3,West,2,5,1
0,4,12,6,2201.7,1 3,West,2,6,1
0,4,12,1,2201.948,1 3,South,2,6,1
0,4,12,2,2202.506,2 3,South,2,6,1
0,4,12,3,2203.085,2 3,West,2,6,1
0,4,12,2,2203.67,2 2,West,2,6,1
0,4,12,3,2204.616,2 2,North,2,6,1
0,4,12,2,2205.26,1 2,North,2,6,1
0,4,12,3,2205.932,1 2,East,2,6,1
0,4,12,3,2206.486,1 2,South,2,6,1
0,4,12,2,2207.004,2 2,South,2,6,1
0,4,12,1,2207.547,2 2,East,2,6,1
0,4,12,2,2208.086,2 3,East,2,6,1
0,4,12,1,2209,2 3,North,2,6,1
0,4,12,2,2209.669,1 3,North,2,6,1
0,4,12,3,2210.664,1 3,East,2,6,1
0,4,12,2,2211.342,1 4,East,2,6,1
0,4,12,1,2211.916,1 4,North,2,6,1
0,4,12,2,2212.49,0 4,North,2,6,1
0,4,12,6,2212.88,0 4,North,2,7,1
0,4,12,1,2213.196,0 4,West,2,7,1
0,4,12,1,2213.724,0 4,South,2,7,1
0,4,12,2,2214.314,1 4,South,2,7,1
0,4,12,3,2214.907,1 4,West,2,7,1
0,4,12,2,2215.548,1 3,West,2,7,1
0,4,12,1,2216.061,1 3,South,2,7,1
0,4,12,2,2216.648,2 3,South,2,7,1
0,4,12,6,2217.02,2 3,South,2,8,1
2,4,12,2,2221.383,3 4,North,2,0,0
2,4,12,2,2221.991,2 4,North,2,0,0
2,4,12,2,2222.807,1 4,North,2,0,0
2,4,12,2,2223.387,0 4,North,2,0,0
2,4,12,1,2223.964,0 4,West,2,0,0
2,4,12,2,2225.222,0 3,West,2,0,0
2,4,12,6,2225.64,0 3,West,2,1,0
2,4,12,1,2225.85,0 3,South,2,1,0
2,4,12,1,2226.49,0 3,East,2,1,0
2,4,12,2,2227.049,0 4,East,2,1,0
2,4,12,3,2227.636,0 4,South,2,1,0
2,4,12,2,2228.237,1 4,South,2,1,0
2,4,12,2,2229.195,2 4,South,2,1,0
2,4,12,2,2229.781,3 4,South,2,1,0
2,4,12,2,2230.364,4 4,South,2,1,0
2,4,12,3,2230.951,4 4,West,2,1,0
2,4,12,2,2231.531,4 3,West,2,1,0
2,4,12,2,2232.125,4 2,West,2,1,0
2,4,12,3,2232.693,4 2,North,2,1,0
2,4,12,2,2233.719,3 2,North,2,1,0
2,4,12,1,2234.3,3 2,West,2,1,0
2,4,12,2,2234.87,3 1,West,2,1,0
2,4,12,3,2235.446,3 1,North,2,1,0
2,4,12,2,2236.029,2 1,North,2,1,0
2,4,12,6,2236.42,2 1,North,2,2,0
2,4,12,1,2236.765,2 1,West,2,2,0
2,4,12,1,2237.317,2 1,South,2,2,0
2,4,12,2,2237.949,3 1,South,2,2,0
2,4,12,1,2238.553,3 1,East,2,2,0
2,4,12,2,2239.099,3 2,East,2,2,0
2,4,12,3,2239.717,3 2,South,2,2,0
2,4,12,2,2240.25,4 2,South,2,2,0
2,4,12,1,2240.837,4 2,East,2,2,0
2,4,12,2,2241.437,4 3,East,2,2,0
2,4,12,6,2241.84,4 3,East,2,3,0
2,4,12,1,2242.202,4 3,North,2,3,0
2,4,12,1,2243.015,4 3,West,2,3,0
2,4,12,2,2243.626,4 2,West,2,3,0
2,4,12,3,2244.521,4 2,North,2,3,0
2,4,12,2,2245.111,3 2,North,2,3,0
2,4,12,1,2245.653,3 2,West,2,3,0
2,4,12,2,2246.282,3 1,West,2,3,0
2,4,12,6,2246.7,3 1,West,2,4,0
2,4,12,3,2247.063,3 1,North,2,4,0
2,4,12,3,2247.658,3 1,East,2,4,0
2,4,12,2,2248.264,3 2,East,2,4,0
2,4,12,3,2248.892,3 2,South,2,4,0
2,4,12,2,2249.448,4 2,South,2,4,0
2,4,12,1,2250.075,4 2,East,2,4,0
2,4,12,2,2251.099,4 3,East,2,4,0
2,4,12,2,2251.797,4 4,East,2,4,0
2,4,12,1,2252.376,4 4,North,2,4,0
2,4,12,2,2253.002,3 4,North,2,4,0
2,4,12,2,2253.612,2 4,North,2,4,0
2,4,12,2,2254.583,1 4,North,2,4,0
2,4,12,1,2255.194,1 4,West,2,4,0
2,4,12,2,2255.749,1 3,West,2,4,0
2,4,12,6,2256.16,1 3,West,2,5,0
2,4,12,1,2256.953,1 3,South,2,5,0
2,4,12,1,2257.497,1 3,East,2,5,0
2,4,12,2,2258.072,1 4,East,2,5,0
2,4,12,3,2258.636,1 4,South,2,5,0
2,4,12,2,2259.524,2 4,South,2,5,0
2,4,12,2,2260.133,3 4,South,2,5,0
2,4,12,2,2260.761,4 4,South,2,5,0
2,4,12,3,2261.357,4 4,West,2,5,0
2,4,12,2,2261.916,4 3,West,2,5,0
2,4,12,2,2262.503,4 2,West,2,5,0
2,4,12,3,2263.141,4 2,North,2,5,0
2,4,12,2,2263.705,3 2,North,2,5,0
2,4,12,6,2264.08,3 2,North,2,6,0
2,4,12,1,2264.583,3 2,West,2,6,0
2,4,12,2,2265.799,3 1,West,2,6,0
2,4,12,3,2266.375,3 1,North,2,6,0
2,4,12,2,2266.996,2 1,North,2,6,0
2,4,12,2,2267.901,1 1,North,2,6,0
2,4,12,1,2268.488,1 1,West,2,6,0
2,4,12,2,2269.086,1 0,West,2,6,0
2,4,12,6,2269.5,1 0,West,2,7,0
2,4,12,1,2269.735,1 0,South,2,7,0
2,4,12,1,2270.381,1 0,East,2,7,0
2,4,12,2,2271.003,1 1,East,2,7,0
2,4,12,3,2271.671,1 1,South,2,7,0
2,4,12,2,2272.279,2 1,South,2,7,0
2,4,12,2,2272.842,3 1,South,2,7,0
2,4,12,1,2273.401,3 1,East,2,7,0
2,4,12,2,2273.975,3 2,East,2,7,0
2,4,12,3,2274.565,3 2,South,2,7,0
2,4,12,2,2275.116,4 2,South,2,7,0
2,4,12,1,2275.692,4 2,East,2,7,0
2,4,12,2,2276.233,4 3,East,2,7,0
2,4,12,2,2276.813,4 4,East,2,7,0
2,4,12,1,2277.381,4 4,North,2,7,0
2,4,12,2,2277.931,3 4,North,2,7,0
2,4,12,2,2278.586,2 4,North,2,7,0
2,4,12,2,2279.163,1 4,North,2,7,0
2,4,12,1,2279.722,1 4,West,2,7,0
2,4,12,2,2280.298,1 3,West,2,7,0
2,4,12,1,2280.888,1 3,South,2,7,0
2,4,12,2,2281.414,2 3,South,2,7,0
2,4,12,6,2281.78,2 3,South,2,8,0
0,5,13,1,2367.08,4 4,West,3,0,0
0,5,13,2,2368.663,4 3,West,3,0,0
0,5,13,6,2369.08,4 3,West,3,1,0
0,5,13,2,2370.091,4 2,West,3,1,0
0,5,13,3,2370.696,4 2,North,3,1,0
0,5,13,2,2371.48,3 2,North,3,1,0
0,5,13,1,2372.107,3 2,West,3,1,0
0,5,13,2,2372.825,3 1,West,3,1,0
0,5,13,2,2373.413,3 0,West,3,1,0
0,5,13,3,2374.345,3 0,North,3,1,0
0,5,13,2,2375.03,2 0,North,3,1,0
0,5,13,2,2375.805,1 0,North,3,1,0
0,5,13,3,2376.776,1 0,East,3,1,0
0,5,13,2,2377.512,1 1,East,3,1,0
0,5,13,3,2378.025,1 1,South,3,1,0
0,5,13,2,2378.636,2 1,South,3,1,0
0,5,13,1,2379.194,2 1,East,3,1,0
0,5,13,2,2379.832,2 2,East,3,1,0
0,5,13,1,2380.381,2 2,North,3,1,0
0,5,13,2,2381.623,1 2,North,3,1,0
0,5,13,2,2382.201,0 2,North,3,1,0
0,5,13,1,2382.796,0 2,West,3,1,0
0,5,13,1,2383.509,0 2,South,3,1,0
0,5,13,2,2384.136,1 2,South,3,1,0
0,5,13,2,2384.765,2 2,South,3,1,0
0,5,13,3,2385.684,2 2,West,3,1,0
0,5,13,2,2386.325,2 1,West,3,1,0
0,5,13,3,2386.923,2 1,North,3,1,0
0,5,13,2,2387.574,1 1,North,3,1,0
0,5,13,1,2388.139,1 1,West,3,1,0
0,5,13,2,2388.694,1 0,West,3,1,0
0,5,13,1,2389.303,1 0,South,3,1,0
0,5,13,2,2389.914,2 0,South,3,1,0
0,5,13,2,2390.502,3 0,South,3,1,0
0,5,13,1,2391.05,3 0,East,3,1,0
0,5,13,2,2391.686,3 1,East,3,1,0
0,5,13,2,2392.295,3 2,East,3,1,0
0,5,13,3,2393.222,3 2,South,3,1,0
0,5,13,2,2393.882,4 2,South,3,1,0
0,5,13,3,2394.457,4 2,West,3,1,0
0,5,13,1,2395.142,4 2,South,3,1,0
0,5,13,1,2395.707,4 2,East,3,1,0
0,5,13,2,2396.265,4 3,East,3,1,0
0,5,13,2,2396.872,4 4,East,3,1,0
0,5,13,1,2397.39,4 4,North,3,1,0
0,5,13,2,2398.069,3 4,North,3,1,0
0,5,13,6,2398.44,3 4,North,3,2,0
0,5,13,1,2398.903,3 4,West,3,2,0
0,5,13,2,2400.455,3 3,West,3,2,0
0,5,13,3,2401.092,3 3,North,3,2,0
0,5,13,2,2403.257,2 3,North,3,2,0
0,5,13,2,2403.915,1 3,North,3,2,0
0,5,13,6,2404.3,1 3,North,3,3,0
0,5,13,2,2404.745,0 3,North,3,3,0
0,5,13,3,2405.756,0 3,East,3,3,0
0,5,13,2,2406.349,0 4,East,3,3,0
0,5,13,3,2406.875,0 4,South,3,3,0
0,5,13,3,2407.545,0 4,West,3,3,0
0,5,13,2,2408.2,0 3,West,3,3,0
0,5,13,1,2408.813,0 3,South,3,3,0
0,5,13,2,2409.354,1 3,South,3,3,0
0,5,13,2,2409.99,2 3,South,3,3,0
0,5,13,2,2410.57,3 3,South,3,3,0
0,5,13,1,2411.118,3 3,East,3,3,0
0,5,13,2,2411.748,3 4,East,3,3,0
0,5,13,3,2412.612,3 4,South,3,3,0
0,5,13,2,2413.206,4 4,South,3,3,0
0,5,13,3,2414.94,4 4,West,3,3,0
0,5,13,2,2415.673,4 3,West,3,3,0
0,5,13,2,2416.378,4 2,West,3,3,0
0,5,13,2,2416.973,4 1,West,3,3,0
0,5,13,2,2417.566,4 0,West,3,3,0
0,5,13,6,2417.98,4 0,West,3,4,0
0,5,13,1,2418.265,4 0,South,3,4,0
0,5,13,1,2418.906,4 0,East,3,4,0
0,5,13,2,2419.67,4 1,East,3,4,0
0,5,13,2,2420.296,4 2,East,3,4,0
0,5,13,1,2420.998,4 2,North,3,4,0
0,5,13,2,2422.187,3 2,North,3,4,0
0,5,13,1,2422.777,3 2,West,3,4,0
0,5,13,2,2423.404,3 1,West,3,4,0
0,5,13,2,2424.038,3 0,West,3,4,0
0,5,13,3,2424.772,3 0,North,3,4,0
0,5,13,2,2425.55,2 0,North,3,4,0
0,5,13,2,2426.184,1 0,North,3,4,0
0,5,13,3,2426.824,1 0,East,3,4,0
0,5,13,2,2427.525,1 1,East,3,4,0
0,5,13,3,2428.057,1 1,South,3,4,0
0,5,13,2,2428.654,2 1,South,3,4,0
0,5,13,1,2429.221,2 1,East,3,4,0
0,5,13,2,2429.753,2 2,East,3,4,0
0,5,13,1,2430.363,2 2,North,3,4,0
0,5,13,2,2430.902,1 2,North,3,4,0
0,5,13,2,2431.469,0 2,North,3,4,0
0,5,13,1,2432.041,0 2,West,3,4,0
0,5,13,1,2432.748,0 2,South,3,4,0
0,5,13,2,2433.325,1 2,South,3,4,0
0,5,13,2,2433.96,2 2,South,3,4,0
0,5,13,3,2434.614,2 2,West,3,4,0
0,5,13,2,2435.228,2 1,West,3,4,0
0,5,13,3,2435.83,2 1,North,3,4,0
0,5,13,2,2436.509,1 1,North,3,4,0
0,5,13,1,2437.126,1 1,West,3,4,0
0,5,13,2,2437.7,1 0,West,3,4,0
0,5,13,1,2438.284,1 0,South,3,4,0
0,5,13,2,2438.82,2 0,South,3,4,0
0,5,13,2,2439.482,3 0,South,3,4,0
0,5,13,1,2440.505,3 0,East,3,4,0
0,5,13,2,2441.113,3 1,East,3,4,0
0,5,13,2,2441.787,3 2,East,3,4,0
0,5,13,3,2442.299,3 2,South,3,4,0
0,5,13,2,2442.937,4 2,South,3,4,0
0,5,13,3,2443.549,4 2,West,3,4,0
0,5,13,1,2444.075,4 2,South,3,4,0
0,5,13,1,2444.619,4 2,East,3,4,0
0,5,13,2,2445.166,4 3,East,3,4,0
0,5,13,2,2445.753,4 4,East,3,4,0
0,5,13,1,2446.375,4 4,North,3,4,0
0,5,13,2,2447.017,3 4,North,3,4,0
0,5,13,1,2447.574,3 4,West,3,4,0
0,5,13,2,2448.268,3 3,West,3,4,0
0,5,13,6,2448.68,3 3,West,3,5,0
0,5,13,3,2449.21,3 3,North,3,5,0
0,5,13,2,2450.518,2 3,North,3,5,0
0,5,13,2,2451.191,1 3,North,3,5,0
0,5,13,2,2451.909,0 3,North,3,5,0
0,5,13,3,2452.885,0 3,East,3,5,0
0,5,13,2,2453.477,0 4,East,3,5,0
0,5,13,3,2454.077,0 4,South,3,5,0
0,5,13,3,2454.65,0 4,West,3,5,0
0,5,13,2,2455.275,0 3,West,3,5,0
0,5,13,1,2455.861,0 3,South,3,5,0
0,5,13,2,2456.44,1 3,South,3,5,0
0,5,13,2,2456.999,2 3,South,3,5,0
0,5,13,2,2457.516,3 3,South,3,5,0
0,5,13,1,2458.055,3 3,East,3,5,0
0,5,13,2,2458.65,3 4,East,3,5,0
0,5,13,3,2459.208,3 4,South,3,5,0
0,5,13,2,2459.785,4 4,South,3,5,0
0,5,13,3,2460.407,4 4,West,3,5,0
0,5,13,2,2461,4 3,West,3,5,0
0,5,13,2,2461.593,4 2,West,3,5,0
0,5,13,3,2462.137,4 2,North,3,5,0
0,5,13,2,2462.761,3 2,North,3,5,0
0,5,13,1,2463.338,3 2,West,3,5,0
0,5,13,2,2463.897,3 1,West,3,5,0
0,5,13,2,2464.454,3 0,West,3,5,0
0,5,13,3,2465,3 0,North,3,5,0
0,5,13,2,2465.61,2 0,North,3,5,0
0,5,13,2,2466.149,1 0,North,3,5,0
0,5,13,3,2466.699,1 0,East,3,5,0
0,5,13,2,2467.333,1 1,East,3,5,0
0,5,13,3,2467.86,1 1,South,3,5,0
0,5,13,2,2468.491,2 1,South,3,5,0
0,5,13,1,2469.076,2 1,East,3,5,0
0,5,13,2,2469.624,2 2,East,3,5,0
0,5,13,1,2470.155,2 2,North,3,5,0
0,5,13,2,2470.758,1 2,North,3,5,0
0,5,13,2,2471.372,0 2,North,3,5,0
0,5,13,1,2471.964,0 2,West,3,5,0
0,5,13,2,2472.565,0 1,West,3,5,0
0,5,13,2,2473.254,0 0,West,3,5,0
0,5,13,6,2473.66,0 0,West,3,6,0
0,5,13,1,2474.076,0 0,South,3,6,0
0,5,13,1,2474.678,0 0,East,3,6,0
0,5,13,2,2475.381,0 1,East,3,6,0
0,5,13,2,2475.995,0 2,East,3,6,0
0,5,13,3,2476.589,0 2,South,3,6,0
0,5,13,2,2477.223,1 2,South,3,6,0
0,5,13,2,2477.78,2 2,South,3,6,0
0,5,13,3,2478.359,2 2,West,3,6,0
0,5,13,2,2479.095,2 1,West,3,6,0
0,5,13,3,2479.678,2 1,North,3,6,0
0,5,13,2,2480.263,1 1,North,3,6,0
0,5,13,1,2480.901,1 1,West,3,6,0
0,5,13,2,2482.263,1 0,West,3,6,0
0,5,13,1,2482.951,1 0,South,3,6,0
0,5,13,2,2483.58,2 0,South,3,6,0
0,5,13,2,2484.201,3 0,South,3,6,0
0,5,13,1,2484.823,3 0,East,3,6,0
0,5,13,2,2485.563,3 1,East,3,6,0
0,5,13,2,2486.204,3 2,East,3,6,0
0,5,13,6,2486.62,3 2,East,3,7,0
0,5,13,3,2487.193,3 2,South,3,7,0
0,5,13,2,2488.198,4 2,South,3,7,0
0,5,13,3,2488.759,4 2,West,3,7,0
0,5,13,3,2489.659,4 2,North,3,7,0
0,5,13,2,2490.293,3 2,North,3,7,0
0,5,13,1,2490.984,3 2,West,3,7,0
0,5,13,2,2491.797,3 1,West,3,7,0
0,5,13,2,2492.638,3 0,West,3,7,0
0,5,13,6,2493.04,3 0,West,3,8,0
2,5,13,1,2496.526,4 4,West,3,0,0
2,5,13,2,2497.709,4 3,West,3,0,0
2,5,13,2,2498.695,4 2,West,3,0,0
2,5,13,2,2499.294,4 1,West,3,0,0
2,5,13,2,2499.884,4 0,West,3,0,0
2,5,13,6,2500.3,4 0,West,3,1,0
2,5,13,1,2500.602,4 0,South,3,1,0
2,5,13,1,2501.18,4 0,East,3,1,0
2,5,13,1,2503.386,4 0,North,3,1,0
2,5,13,3,2504.86,4 0,East,3,1,0
2,5,13,2,2505.405,4 1,East,3,1,0
2,5,13,2,2505.974,4 2,East,3,1,0
2,5,13,1,2506.81,4 2,North,3,1,0
2,5,13,3,2507.336,4 2,East,3,1,0
2,5,13,2,2508.055,4 3,East,3,1,0
2,5,13,2,2508.716,4 4,East,3,1,0
2,5,13,1,2509.304,4 4,North,3,1,0
2,5,13,2,2509.912,3 4,North,3,1,0
2,5,13,1,2511.142,3 4,West,3,1,0
2,5,13,2,2511.685,3 3,West,3,1,0
2,5,13,3,2512.266,3 3,North,3,1,0
2,5,13,2,2512.903,2 3,North,3,1,0
2,5,13,2,2513.541,1 3,North,3,1,0
2,5,13,6,2513.92,1 3,North,3,2,0
2,5,13,3,2514.773,1 3,East,3,2,0
2,5,13,3,2515.417,1 3,South,3,2,0
2,5,13,3,2516.522,1 3,West,3,2,0
2,5,13,1,2518.037,1 3,South,3,2,0
2,5,13,2,2518.664,2 3,South,3,2,0
2,5,13,2,2519.321,3 3,South,3,2,0
2,5,13,1,2519.9,3 3,East,3,2,0
2,5,13,2,2520.584,3 4,East,3,2,0
2,5,13,3,2521.19,3 4,South,3,2,0
2,5,13,2,2521.879,4 4,South,3,2,0
2,5,13,3,2522.437,4 4,West,3,2,0
2,5,13,2,2523.045,4 3,West,3,2,0
2,5,13,2,2523.755,4 2,West,3,2,0
2,5,13,3,2524.421,4 2,North,3,2,0
2,5,13,2,2525.109,3 2,North,3,2,0
2,5,13,1,2526.55,3 2,West,3,2,0
2,5,13,2,2527.16,3 1,West,3,2,0
2,5,13,2,2528.277,3 0,West,3,2,0
2,5,13,3,2528.902,3 0,North,3,2,0
2,5,13,2,2530.907,2 0,North,3,2,0
2,5,13,3,2532.109,2 0,East,3,2,0
2,5,13,1,2532.679,2 0,North,3,2,0
2,5,13,2,2535.911,1 0,North,3,2,0
2,5,13,3,2536.557,1 0,East,3,2,0
2,5,13,2,2537.229,1 1,East,3,2,0
2,5,13,2,2537.943,1 1,East,3,2,1
2,5,13,3,2538.553,1 1,South,3,2,1
2,5,13,2,2539.095,2 1,South,3,2,1
2,5,13,1,2539.703,2 1,East,3,2,1
2,5,13,2,2540.297,2 2,East,3,2,1
2,5,13,1,2541.05,2 2,North,3,2,1
2,5,13,2,2541.613,1 2,North,3,2,1
2,5,13,1,2542.262,1 2,West,3,2,1
2,5,13,2,2542.812,1 2,West,3,2,2
2,5,13,3,2543.463,1 2,North,3,2,2
2,5,13,2,2544.136,0 2,North,3,2,2
2,5,13,1,2544.701,0 2,West,3,2,2
2,5,13,2,2545.366,0 1,West,3,2,2
2,5,13,2,2545.992,0 0,West,3,2,2
2,5,13,6,2546.4,0 0,West,3,3,2
2,5,13,1,2546.731,0 0,South,3,3,2
2,5,13,1,2547.339,0 0,East,3,3,2
2,5,13,2,2547.989,0 1,East,3,3,2
2,5,13,2,2548.621,0 2,East,3,3,2
2,5,13,3,2549.274,0 2,South,3,3,2
2,5,13,2,2549.896,1 2,South,3,3,2
2,5,13,3,2550.685,1 2,West,3,3,2
2,5,13,2,2551.285,1 2,West,3,3,3
2,5,13,1,2551.821,1 2,South,3,3,3
2,5,13,2,2552.538,2 2,South,3,3,3
2,5,13,1,2553.079,2 2,East,3,3,3
2,5,13,2,2553.716,2 2,East,3,3,4
2,5,13,3,2555.335,2 2,South,3,3,4
2,5,13,3,2555.926,2 2,West,3,3,4
2,5,13,2,2556.583,2 1,West,3,3,4
2,5,13,3,2557.226,2 1,North,3,3,4
2,5,13,2,2557.883,1 1,North,3,3,4
2,5,13,1,2558.469,1 1,West,3,3,4
2,5,13,2,2559.048,1 0,West,3,3,4
2,5,13,1,2559.721,1 0,South,3,3,4
2,5,13,2,2560.329,2 0,South,3,3,4
2,5,13,2,2560.923,3 0,South,3,3,4
2,5,13,1,2561.532,3 0,East,3,3,4
2,5,13,2,2562.119,3 1,East,3,3,4
2,5,13,2,2562.726,3 2,East,3,3,4
2,5,13,3,2563.307,3 2,South,3,3,4
2,5,13,2,2563.915,4 2,South,3,3,4
2,5,13,1,2564.548,4 2,East,3,3,4
2,5,13,2,2565.13,4 3,East,3,3,4
2,5,13,6,2565.54,4 3,East,3,4,4
2,5,13,1,2565.829,4 3,North,3,4,4
2,5,13,1,2566.537,4 3,West,3,4,4
2,5,13,2,2567.205,4 2,West,3,4,4
2,5,13,3,2568.695,4 2,North,3,4,4
2,5,13,2,2569.958,3 2,North,3,4,4
2,5,13,1,2570.508,3 2,West,3,4,4
2,5,13,2,2571.08,3 1,West,3,4,4
2,5,13,2,2571.656,3 0,West,3,4,4
2,5,13,6,2572.06,3 0,West,3,5,4
2,5,13,3,2572.359,3 0,North,3,5,4
2,5,13,3,2573.006,3 0,East,3,5,4
2,5,13,1,2574.176,3 0,North,3,5,4
2,5,13,2,2575.447,2 0,North,3,5,4
2,5,13,3,2576.185,2 0,East,3,5,4
2,5,13,1,2577.242,2 0,North,3,5,4
2,5,13,2,2578.013,1 0,North,3,5,4
2,5,13,3,2578.581,1 0,East,3,5,4
2,5,13,2,2579.335,1 1,East,3,5,4
2,5,13,3,2580.429,1 1,South,3,5,4
2,5,13,2,2580.988,2 1,South,3,5,4
2,5,13,1,2581.55,2 1,East,3,5,4
2,5,13,2,2582.119,2 2,East,3,5,4
2,5,13,1,2582.73,2 2,North,3,5,4
2,5,13,2,2583.397,1 2,North,3,5,4
2,5,13,2,2584.025,0 2,North,3,5,4
2,5,13,6,2584.4,0 2,North,3,6,4
2,5,13,1,2584.759,0 2,West,3,6,4
2,5,13,1,2585.385,0 2,South,3,6,4
2,5,13,2,2586.167,1 2,South,3,6,4
2,5,13,2,2586.813,2 2,South,3,6,4
2,5,13,3,2587.402,2 2,West,3,6,4
2,5,13,2,2588.012,2 1,West,3,6,4
2,5,13,3,2588.598,2 1,North,3,6,4
2,5,13,2,2589.242,1 1,North,3,6,4
2,5,13,1,2589.865,1 1,West,3,6,4
2,5,13,2,2590.426,1 0,West,3,6,4
2,5,13,1,2591.02,1 0,South,3,6,4
2,5,13,2,2591.704,2 0,South,3,6,4
2,5,13,2,2592.327,3 0,South,3,6,4
2,5,13,1,2592.918,3 0,East,3,6,4
2,5,13,2,2593.464,3 1,East,3,6,4
2,5,13,2,2594.122,3 2,East,3,6,4
2,5,13,6,2594.52,3 2,East,3,7,4
2,5,13,3,2595.094,3 2,South,3,7,4
2,5,13,2,2595.719,4 2,South,3,7,4
2,5,13,6,2596.1,4 2,South,3,8,4
0,5,14,1,2599.629,4 4,West,3,0,4
0,5,14,2,2600.518,4 3,West,3,0,4
0,5,14,2,2601.159,4 2,West,3,0,4
0,5,14,6,2601.58,4 2,West,3,1,4
0,5,14,3,2601.93,4 2,North,3,1,4
0,5,14,2,2602.49,3 2,North,3,1,4
0,5,14,1,2603.081,3 2,West,3,1,4
0,5,14,2,2603.66,3 1,West,3,1,4
0,5,14,6,2604.08,3 1,West,3,2,4
0,5,14,2,2604.297,3 0,West,3,2,4
0,5,14,3,2605.275,3 0,North,3,2,4
0,5,14,2,2605.87,2 0,North,3,2,4
0,5,14,2,2606.491,1 0,North,3,2,4
0,5,14,3,2607.468,1 0,East,3,2,4
0,5,14,2,2608.092,1 1,East,3,2,4
0,5,14,3,2608.605,1 1,South,3,2,4
0,5,14,2,2609.176,2 1,South,3,2,4
0,5,14,1,2609.733,2 1,East,3,2,4
0,5,14,2,2610.299,2 2,East,3,2,4
0,5,14,1,2610.811,2 2,North,3,2,4
0,5,14,2,2611.384,1 2,North,3,2,4
0,5,14,2,2611.911,0 2,North,3,2,4
0,5,14,1,2612.505,0 2,West,3,2,4
0,5,14,1,2613.097,0 2,South,3,2,4
0,5,14,2,2613.658,1 2,South,3,2,4
0,5,14,2,2614.214,2 2,South,3,2,4
0,5,14,3,2615.162,2 2,West,3,2,4
0,5,14,2,2615.701,2 1,West,3,2,4
0,5,14,3,2616.277,2 1,North,3,2,4
0,5,14,2,2616.86,1 1,North,3,2,4
0,5,14,1,2617.541,1 1,West,3,2,4
0,5,14,2,2618.152,1 0,West,3,2,4
0,5,14,1,2618.74,1 0,South,3,2,4
0,5,14,2,2619.258,2 0,South,3,2,4
0,5,14,2,2619.831,3 0,South,3,2,4
0,5,14,1,2620.446,3 0,East,3,2,4
0,5,14,2,2620.988,3 1,East,3,2,4
0,5,14,2,2621.628,3 2,East,3,2,4
0,5,14,3,2622.488,3 2,South,3,2,4
0,5,14,2,2623.134,4 2,South,3,2,4
0,5,14,3,2623.959,4 2,West,3,2,4
0,5,14,1,2624.965,4 2,South,3,2,4
0,5,14,1,2625.579,4 2,East,3,2,4
0,5,14,2,2626.124,4 3,East,3,2,4
0,5,14,2,2626.663,4 4,East,3,2,4
0,5,14,1,2627.578,4 4,North,3,2,4
0,5,14,2,2628.183,3 4,North,3,2,4
0,5,14,1,2628.711,3 4,West,3,2,4
0,5,14,2,2629.66,3 3,West,3,2,4
0,5,14,3,2630.203,3 3,North,3,2,4
0,5,14,2,2630.773,2 3,North,3,2,4
0,5,14,2,2631.324,1 3,North,3,2,4
0,5,14,2,2632.237,0 3,North,3,2,4
0,5,14,3,2632.758,0 3,East,3,2,4
0,5,14,2,2633.358,0 4,East,3,2,4
0,5,14,3,2633.931,0 4,South,3,2,4
0,5,14,2,2634.888,1 4,South,3,2,4
0,5,14,2,2635.446,2 4,South,3,2,4
0,5,14,6,2635.82,2 4,South,3,3,4
0,5,14,1,2636.084,2 4,East,3,3,4
0,5,14,1,2636.605,2 4,North,3,3,4
0,5,14,2,2637.189,1 4,North,3,3,4
0,5,14,2,2637.835,0 4,North,3,3,4
0,5,14,1,2638.409,0 4,West,3,3,4
0,5,14,2,2638.957,0 3,West,3,3,4
0,5,14,1,2639.498,0 3,South,3,3,4
0,5,14,2,2640.058,1 3,South,3,3,4
0,5,14,2,2640.665,2 3,South,3,3,4
0,5,14,2,2641.243,3 3,South,3,3,4
0,5,14,1,2641.82,3 3,East,3,3,4
0,5,14,2,2642.405,3 4,East,3,3,4
0,5,14,3,2642.954,3 4,South,3,3,4
0,5,14,2,2643.483,4 4,South,3,3,4
0,5,14,3,2644.078,4 4,West,3,3,4
0,5,14,2,2644.635,4 3,West,3,3,4
0,5,14,2,2645.275,4 2,West,3,3,4
0,5,14,3,2646.183,4 2,North,3,3,4
0,5,14,2,2646.78,3 2,North,3,3,4
0,5,14,1,2647.32,3 2,West,3,3,4
0,5,14,2,2647.869,3 1,West,3,3,4
0,5,14,2,2648.476,3 0,West,3,3,4
0,5,14,3,2649.052,3 0,North,3,3,4
0,5,14,2,2649.625,2 0,North,3,3,4
0,5,14,2,2650.22,1 0,North,3,3,4
0,5,14,3,2650.745,1 0,East,3,3,4
0,5,14,2,2651.381,1 1,East,3,3,4
0,5,14,3,2651.934,1 1,South,3,3,4
0,5,14,2,2652.854,2 1,South,3,3,4
0,5,14,1,2653.464,2 1,East,3,3,4
0,5,14,2,2654.054,2 2,East,3,3,4
0,5,14,1,2654.941,2 2,North,3,3,4
0,5,14,2,2655.5,1 2,North,3,3,4
0,5,14,2,2656.06,0 2,North,3,3,4
0,5,14,1,2656.615,0 2,West,3,3,4
0,5,14,2,2657.162,0 1,West,3,3,4
0,5,14,6,2657.58,0 1,West,3,4,4
0,5,14,1,2657.725,0 1,South,3,4,4
0,5,14,1,2658.263,0 1,East,3,4,4
0,5,14,2,2658.877,0 2,East,3,4,4
0,5,14,3,2659.445,0 2,South,3,4,4
0,5,14,2,2660.232,1 2,South,3,4,4
0,5,14,2,2661.27,2 2,South,3,4,4
0,5,14,3,2661.83,2 2,West,3,4,4
0,5,14,2,2662.411,2 1,West,3,4,4
0,5,14,3,2662.987,2 1,North,3,4,4
0,5,14,2,2663.498,1 1,North,3,4,4
0,5,14,1,2664.123,1 1,West,3,4,4
0,5,14,2,2664.645,1 0,West,3,4,4
0,5,14,1,2665.165,1 0,South,3,4,4
0,5,14,2,2665.684,2 0,South,3,4,4
0,5,14,2,2666.233,3 0,South,3,4,4
0,5,14,1,2666.748,3 0,East,3,4,4
0,5,14,2,2667.672,3 1,East,3,4,4
0,5,14,2,2668.214,3 2,East,3,4,4
0,5,14,3,2668.84,3 2,South,3,4,4
0,5,14,2,2669.414,4 2,South,3,4,4
0,5,14,3,2670.137,4 2,West,3,4,4
0,5,14,1,2670.701,4 2,South,3,4,4
0,5,14,1,2671.287,4 2,East,3,4,4
0,5,14,2,2671.852,4 3,East,3,4,4
0,5,14,2,2672.41,4 4,East,3,4,4
0,5,14,1,2672.964,4 4,North,3,4,4
0,5,14,2,2673.497,3 4,North,3,4,4
0,5,14,1,2674.139,3 4,West,3,4,4
0,5,14,2,2674.773,3 3,West,3,4,4
0,5,14,3,2675.372,3 3,North,3,4,4
0,5,14,2,2675.914,2 3,North,3,4,4
0,5,14,2,2676.532,1 3,North,3,4,4
0,5,14,2,2677.051,0 3,North,3,4,4
0,5,14,3,2677.59,0 3,East,3,4,4
0,5,14,2,2678.167,0 4,East,3,4,4
0,5,14,3,2678.695,0 4,South,3,4,4
0,5,14,2,2679.241,1 4,South,3,4,4
0,5,14,6,2679.62,1 4,South,3,5,4
0,5,14,1,2679.896,1 4,East,3,5,4
0,5,14,1,2680.475,1 4,North,3,5,4
0,5,14,2,2681.094,0 4,North,3,5,4
0,5,14,1,2681.659,0 4,West,3,5,4
0,5,14,2,2682.246,0 3,West,3,5,4
0,5,14,1,2682.776,0 3,South,3,5,4
0,5,14,2,2683.336,1 3,South,3,5,4
0,5,14,2,2683.946,2 3,South,3,5,4
0,5,14,2,2684.456,3 3,South,3,5,4
0,5,14,1,2685.035,3 3,East,3,5,4
0,5,14,2,2685.658,3 4,East,3,5,4
0,5,14,3,2686.236,3 4,South,3,5,4
0,5,14,2,2686.795,4 4,South,3,5,4
0,5,14,3,2687.352,4 4,West,3,5,4
0,5,14,2,2687.862,4 3,West,3,5,4
0,5,14,2,2688.504,4 2,West,3,5,4
0,5,14,3,2689.486,4 2,North,3,5,4
0,5,14,2,2690.073,3 2,North,3,5,4
0,5,14,1,2690.646,3 2,West,3,5,4
0,5,14,2,2691.243,3 1,West,3,5,4
0,5,14,2,2691.993,3 0,West,3,5,4
0,5,14,3,2692.551,3 0,North,3,5,4
0,5,14,3,2693.125,3 0,East,3,5,4
0,5,14,1,2693.686,3 0,North,3,5,4
0,5,14,2,2694.229,2 0,North,3,5,4
0,5,14,2,2694.776,1 0,North,3,5,4
0,5,14,3,2695.382,1 0,East,3,5,4
0,5,14,2,2695.962,1 1,East,3,5,4
0,5,14,3,2696.887,1 1,South,3,5,4
0,5,14,2,2697.5,2 1,South,3,5,4
0,5,14,1,2698.108,2 1,East,3,5,4
0,5,14,2,2698.632,2 2,East,3,5,4
0,5,14,1,2699.26,2 2,North,3,5,4
0,5,14,2,2699.781,1 2,North,3,5,4
0,5,14,2,2700.427,0 2,North,3,5,4
0,5,14,6,2700.8,0 2,North,3,6,4
0,5,14,1,2701.046,0 2,West,3,6,4
0,5,14,1,2701.677,0 2,South,3,6,4
0,5,14,2,2702.197,1 2,South,3,6,4
0,5,14,2,2702.886,2 2,South,3,6,4
0,5,14,3,2703.42,2 2,West,3,6,4
0,5,14,2,2704.005,2 1,West,3,6,4
0,5,14,3,2704.599,2 1,North,3,6,4
0,5,14,2,2705.191,1 1,North,3,6,4
0,5,14,1,2705.769,1 1,West,3,6,4
0,5,14,2,2706.297,1 0,West,3,6,4
0,5,14,6,2706.72,1 0,West,3,7,4
0,5,14,1,2706.939,1 0,South,3,7,4
0,5,14,1,2707.622,1 0,East,3,7,4
0,5,14,3,2709.126,1 0,South,3,7,4
0,5,14,2,2709.674,2 0,South,3,7,4
0,5,14,2,2710.203,3 0,South,3,7,4
0,5,14,1,2710.759,3 0,East,3,7,4
0,5,14,2,2711.385,3 1,East,3,7,4
0,5,14,2,2712.038,3 2,East,3,7,4
0,5,14,3,2712.614,3 2,South,3,7,4
0,5,14,2,2713.237,4 2,South,3,7,4
0,5,14,3,2713.774,4 2,West,3,7,4
0,5,14,1,2714.796,4 2,South,3,7,4
0,5,14,1,2715.43,4 2,East,3,7,4
0,5,14,2,2716.024,4 3,East,3,7,4
0,5,14,2,2716.638,4 4,East,3,7,4
0,5,14,1,2717.222,4 4,North,3,7,4
0,5,14,2,2717.816,3 4,North,3,7,4
0,5,14,1,2718.363,3 4,West,3,7,4
0,5,14,2,2718.942,3 3,West,3,7,4
0,5,14,3,2719.513,3 3,North,3,7,4
0,5,14,2,2720.092,2 3,North,3,7,4
0,5,14,2,2720.764,1 3,North,3,7,4
0,5,14,2,2721.385,0 3,North,3,7,4
0,5,14,3,2721.963,0 3,East,3,7,4
0,5,14,2,2722.535,0 4,East,3,7,4
0,5,14,6,2722.94,0 4,East,3,8,4
2,5,14,1,2726.251,4 4,West,3,0,0
2,5,14,2,2727.13,4 3,West,3,0,0
2,5,14,2,2727.801,4 2,West,3,0,0
2,5,14,3,2728.375,4 2,North,3,0,0
2,5,14,2,2729.301,3 2,North,3,0,0
2,5,14,1,2730.229,3 2,West,3,0,0
2,5,14,2,2730.821,3 1,West,3,0,0
2,5,14,2,2731.435,3 0,West,3,0,0
2,5,14,3,2732.01,3 0,North,3,0,0
2,5,14,2,2732.667,2 0,North,3,0,0
2,5,14,2,2733.302,1 0,North,3,0,0
2,5,14,6,2733.68,1 0,North,3,1,0
2,5,14,3,2734.01,1 0,East,3,1,0
2,5,14,3,2734.661,1 0,South,3,1,0
2,5,14,2,2735.294,2 0,South,3,1,0
2,5,14,2,2735.9,3 0,South,3,1,0
2,5,14,1,2736.471,3 0,East,3,1,0
2,5,14,2,2737.066,3 1,East,3,1,0
2,5,14,6,2737.48,3 1,East,3,2,0
2,5,14,1,2737.865,3 1,North,3,2,0
2,5,14,1,2740.231,3 1,West,3,2,0
2,5,14,2,2740.792,3 0,West,3,2,0
2,5,14,3,2741.356,3 0,North,3,2,0
2,5,14,2,2741.897,2 0,North,3,2,0
2,5,14,2,2742.444,1 0,North,3,2,0
2,5,14,3,2743.002,1 0,East,3,2,0
2,5,14,2,2743.577,1 1,East,3,2,0
2,5,14,3,2744.197,1 1,South,3,2,0
2,5,14,2,2744.748,2 1,South,3,2,0
2,5,14,1,2745.32,2 1,East,3,2,0
2,5,14,2,2745.946,2 2,East,3,2,0
2,5,14,1,2746.508,2 2,North,3,2,0
2,5,14,2,2747.084,1 2,North,3,2,0
2,5,14,2,2747.686,0 2,North,3,2,0
2,5,14,6,2748.06,0 2,North,3,3,0
2,5,14,1,2748.312,0 2,West,3,3,0
2,5,14,1,2748.948,0 2,South,3,3,0
2,5,14,2,2749.578,1 2,South,3,3,0
2,5,14,2,2750.629,2 2,South,3,3,0
2,5,14,3,2751.162,2 2,West,3,3,0
2,5,14,2,2751.783,2 1,West,3,3,0
2,5,14,3,2752.379,2 1,North,3,3,0
2,5,14,2,2752.987,1 1,North,3,3,0
2,5,14,1,2753.543,1 1,West,3,3,0
2,5,14,2,2754.122,1 0,West,3,3,0
2,5,14,1,2754.744,1 0,South,3,3,0
2,5,14,2,2755.342,2 0,South,3,3,0
2,5,14,6,2755.72,2 0,South,3,4,0
2,5,14,1,2756.094,2 0,East,3,4,0
2,5,14,1,2756.696,2 0,North,3,4,0
2,5,14,2,2757.407,1 0,North,3,4,0
2,5,14,3,2757.996,1 0,East,3,4,0
2,5,14,2,2758.59,1 1,East,3,4,0
2,5,14,3,2759.113,1 1,South,3,4,0
2,5,14,2,2759.658,2 1,South,3,4,0
2,5,14,1,2760.19,2 1,East,3,4,0
2,5,14,2,2760.742,2 2,East,3,4,0
2,5,14,1,2761.322,2 2,North,3,4,0
2,5,14,2,2761.88,1 2,North,3,4,0
2,5,14,2,2762.476,0 2,North,3,4,0
2,5,14,1,2763,0 2,West,3,4,0
2,5,14,2,2763.56,0 1,West,3,4,0
2,5,14,6,2763.96,0 1,West,3,5,0
2,5,14,1,2764.281,0 1,South,3,5,0
2,5,14,1,2764.827,0 1,East,3,5,0
2,5,14,2,2765.419,0 2,East,3,5,0
2,5,14,3,2766.149,0 2,South,3,5,0
2,5,14,2,2766.73,1 2,South,3,5,0
2,5,14,3,2767.365,1 2,West,3,5,0
2,5,14,2,2767.927,1 2,West,3,5,1
2,5,14,1,2768.535,1 2,South,3,5,1
2,5,14,2,2769.144,2 2,South,3,5,1
2,5,14,3,2769.753,2 2,West,3,5,1
2,5,14,2,2770.422,2 1,West,3,5,1
2,5,14,3,2771.001,2 1,North,3,5,1
2,5,14,2,2771.623,1 1,North,3,5,1
2,5,14,1,2772.229,1 1,West,3,5,1
2,5,14,2,2772.837,1 0,West,3,5,1
2,5,14,1,2773.428,1 0,South,3,5,1
2,5,14,2,2774.028,2 0,South,3,5,1
2,5,14,2,2774.613,3 0,South,3,5,1
2,5,14,2,2775.223,3 0,South,3,5,2
2,5,14,1,2775.924,3 0,East,3,5,2
2,5,14,2,2776.517,3 1,East,3,5,2
2,5,14,2,2777.146,3 2,East,3,5,2
2,5,14,3,2777.75,3 2,South,3,5,2
2,5,14,2,2778.406,4 2,South,3,5,2
2,5,14,1,2779.068,4 2,East,3,5,2
2,5,14,2,2779.8,4 3,East,3,5,2
2,5,14,2,2780.665,4 4,East,3,5,2
2,5,14,1,2781.333,4 4,North,3,5,2
2,5,14,2,2782.029,3 4,North,3,5,2
2,5,14,1,2782.682,3 4,West,3,5,2
2,5,14,2,2783.29,3 3,West,3,5,2
2,5,14,3,2783.899,3 3,North,3,5,2
2,5,14,2,2784.49,2 3,North,3,5,2
2,5,14,2,2785.119,1 3,North,3,5,2
2,5,14,3,2787.686,1 3,East,3,5,2
2,5,14,2,2788.301,1 3,East,3,5,3
2,5,14,1,2788.823,1 3,North,3,5,3
2,5,14,2,2789.397,0 3,North,3,5,3
2,5,14,3,2789.932,0 3,East,3,5,3
2,5,14,2,2790.54,0 4,East,3,5,3
2,5,14,3,2791.118,0 4,South,3,5,3
2,5,14,2,2791.687,1 4,South,3,5,3
2,5,14,2,2792.406,2 4,South,3,5,3
2,5,14,6,2792.78,2 4,South,3,6,3
2,5,14,1,2793.147,2 4,East,3,6,3
2,5,14,1,2793.706,2 4,North,3,6,3
2,5,14,2,2794.326,1 4,North,3,6,3
2,5,14,2,2794.933,0 4,North,3,6,3
2,5,14,1,2795.5,0 4,West,3,6,3
2,5,14,2,2796.157,0 3,West,3,6,3
2,5,14,1,2796.743,0 3,South,3,6,3
2,5,14,2,2797.334,1 3,South,3,6,3
2,5,14,2,2799.269,2 3,South,3,6,3
2,5,14,2,2799.927,3 3,South,3,6,3
2,5,14,1,2800.541,3 3,East,3,6,3
2,5,14,2,2801.739,3 4,East,3,6,3
2,5,14,3,2802.294,3 4,South,3,6,3
2,5,14,2,2802.905,4 4,South,3,6,3
2,5,14,3,2803.542,4 4,West,3,6,3
2,5,14,2,2804.119,4 3,West,3,6,3
2,5,14,2,2805.032,4 2,West,3,6,3
2,5,14,3,2805.59,4 2,North,3,6,3
2,5,14,2,2806.171,3 2,North,3,6,3
2,5,14,1,2806.806,3 2,West,3,6,3
2,5,14,2,2807.669,3 1,West,3,6,3
2,5,14,2,2808.265,3 0,West,3,6,3
2,5,14,3,2808.938,3 0,North,3,6,3
2,5,14,2,2809.594,2 0,North,3,6,3
2,5,14,2,2810.201,1 0,North,3,6,3
2,5,14,3,2810.742,1 0,East,3,6,3
2,5,14,2,2811.287,1 1,East,3,6,3
2,5,14,6,2811.7,1 1,East,3,7,3
2,5,14,3,2812.136,1 1,South,3,7,3
2,5,14,1,2812.858,1 1,East,3,7,3
2,5,14,3,2813.621,1 1,South,3,7,3
2,5,14,2,2814.153,2 1,South,3,7,3
2,5,14,1,2814.715,2 1,East,3,7,3
2,5,14,2,2815.333,2 2,East,3,7,3
2,5,14,6,2815.74,2 2,East,3,8,3
0,5,15,1,2819.335,4 4,West,3,0,3
0,5,15,2,2819.977,4 3,West,3,0,3
0,5,15,2,2820.568,4 2,West,3,0,3
0,5,15,3,2821.094,4 2,North,3,0,3
0,5,15,2,2821.691,3 2,North,3,0,3
0,5,15,1,2822.315,3 2,West,3,0,3
0,5,15,2,2822.874,3 1,West,3,0,3
0,5,15,2,2823.43,3 0,West,3,0,3
0,5,15,3,2823.948,3 0,North,3,0,3
0,5,15,2,2824.505,2 0,North,3,0,3
0,5,15,6,2824.88,2 0,North,3,1,3
0,5,15,2,2825.114,1 0,North,3,1,3
0,5,15,3,2825.659,1 0,East,3,1,3
0,5,15,2,2826.2,1 1,East,3,1,3
0,5,15,3,2827.163,1 1,South,3,1,3
0,5,15,2,2827.801,2 1,South,3,1,3
0,5,15,1,2828.492,2 1,East,3,1,3
0,5,15,2,2829.014,2 2,East,3,1,3
0,5,15,1,2829.592,2 2,North,3,1,3
0,5,15,2,2830.148,1 2,North,3,1,3
0,5,15,6,2830.52,1 2,North,3,2,3
0,5,15,2,2830.799,0 2,North,3,2,3
0,5,15,1,2831.322,0 2,West,3,2,3
0,5,15,1,2831.932,0 2,South,3,2,3
0,5,15,2,2832.903,1 2,South,3,2,3
0,5,15,2,2833.479,2 2,South,3,2,3
0,5,15,3,2833.991,2 2,West,3,2,3
0,5,15,2,2834.556,2 1,West,3,2,3
0,5,15,6,2834.96,2 1,West,3,3,3
0,5,15,3,2835.774,2 1,North,3,3,3
0,5,15,3,2836.346,2 1,East,3,3,3
0,5,15,2,2836.858,2 2,East,3,3,3
0,5,15,1,2837.398,2 2,North,3,3,3
0,5,15,2,2838.013,1 2,North,3,3,3
0,5,15,1,2838.711,1 2,West,3,3,3
0,5,15,1,2839.322,1 2,South,3,3,3
0,5,15,2,2839.96,2 2,South,3,3,3
0,5,15,3,2840.518,2 2,West,3,3,3
0,5,15,2,2841.083,2 1,West,3,3,3
0,5,15,3,2841.705,2 1,North,3,3,3
0,5,15,2,2842.235,1 1,North,3,3,3
0,5,15,1,2842.764,1 1,West,3,3,3
0,5,15,2,2843.31,1 0,West,3,3,3
0,5,15,1,2843.837,1 0,South,3,3,3
0,5,15,2,2844.356,2 0,South,3,3,3
0,5,15,2,2844.967,3 0,South,3,3,3
0,5,15,1,2845.931,3 0,East,3,3,3
0,5,15,2,2846.51,3 1,East,3,3,3
0,5,15,2,2847.221,3 2,East,3,3,3
0,5,15,3,2847.768,3 2,South,3,3,3
0,5,15,2,2848.52,4 2,South,3,3,3
0,5,15,3,2849.337,4 2,West,3,3,3
0,5,15,1,2849.881,4 2,South,3,3,3
0,5,15,1,2850.46,4 2,East,3,3,3
0,5,15,2,2851.452,4 3,East,3,3,3
0,5,15,2,2852.038,4 4,East,3,3,3
0,5,15,1,2852.565,4 4,North,3,3,3
0,5,15,2,2853.128,3 4,North,3,3,3
0,5,15,1,2853.687,3 4,West,3,3,3
0,5,15,2,2854.254,3 3,West,3,3,3
0,5,15,3,2854.764,3 3,North,3,3,3
0,5,15,2,2855.306,2 3,North,3,3,3
0,5,15,2,2855.915,1 3,North,3,3,3
0,5,15,2,2856.474,0 3,North,3,3,3
0,5,15,6,2856.86,0 3,North,3,4,3
0,5,15,3,2857.062,0 3,East,3,4,3
0,5,15,2,2857.648,0 4,East,3,4,3
0,5,15,3,2858.213,0 4,South,3,4,3
0,5,15,3,2858.778,0 4,West,3,4,3
0,5,15,2,2859.336,0 3,West,3,4,3
0,5,15,1,2859.894,0 3,South,3,4,3
0,5,15,2,2860.427,1 3,South,3,4,3
0,5,15,2,2860.997,2 3,South,3,4,3
0,5,15,2,2861.509,3 3,South,3,4,3
0,5,15,1,2862.037,3 3,East,3,4,3
0,5,15,2,2862.653,3 4,East,3,4,3
0,5,15,3,2863.22,3 4,South,3,4,3
0,5,15,2,2863.785,4 4,South,3,4,3
0,5,15,3,2864.36,4 4,West,3,4,3
0,5,15,2,2864.905,4 3,West,3,4,3
0,5,15,2,2865.549,4 2,West,3,4,3
0,5,15,3,2866.524,4 2,North,3,4,3
0,5,15,2,2867.102,3 2,North,3,4,3
0,5,15,1,2867.701,3 2,West,3,4,3
0,5,15,2,2868.249,3 1,West,3,4,3
0,5,15,2,2868.825,3 0,West,3,4,3
0,5,15,3,2869.446,3 0,North,3,4,3
0,5,15,2,2870.014,2 0,North,3,4,3
0,5,15,2,2870.599,1 0,North,3,4,3
0,5,15,3,2871.228,1 0,East,3,4,3
0,5,15,2,2871.75,1 1,East,3,4,3
0,5,15,3,2872.328,1 1,South,3,4,3
0,5,15,2,2872.876,2 1,South,3,4,3
0,5,15,1,2873.436,2 1,East,3,4,3
0,5,15,2,2873.946,2 2,East,3,4,3
0,5,15,6,2874.36,2 2,East,3,5,3
0,5,15,1,2874.619,2 2,North,3,5,3
0,5,15,2,2875.326,1 2,North,3,5,3
0,5,15,1,2875.93,1 2,West,3,5,3
0,5,15,1,2876.605,1 2,South,3,5,3
0,5,15,2,2877.579,2 2,South,3,5,3
0,5,15,3,2878.166,2 2,West,3,5,3
0,5,15,2,2878.761,2 1,West,3,5,3
0,5,15,3,2879.357,2 1,North,3,5,3
0,5,15,2,2879.882,1 1,North,3,5,3
0,5,15,1,2880.486,1 1,West,3,5,3
0,5,15,2,2881.052,1 0,West,3,5,3
0,5,15,1,2881.592,1 0,South,3,5,3
0,5,15,2,2882.136,2 0,South,3,5,3
0,5,15,2,2882.749,3 0,South,3,5,3
0,5,15,1,2883.271,3 0,East,3,5,3
0,5,15,2,2883.784,3 1,East,3,5,3
0,5,15,2,2884.414,3 2,East,3,5,3
0,5,15,3,2884.952,3 2,South,3,5,3
0,5,15,2,2885.639,4 2,South,3,5,3
0,5,15,3,2886.25,4 2,West,3,5,3
0,5,15,2,2886.782,4 1,West,3,5,3
0,5,15,6,2887.2,4 1,West,3,6,3
0,5,15,1,2887.531,4 1,South,3,6,3
0,5,15,1,2888.122,4 1,East,3,6,3
0,5,15,2,2888.844,4 2,East,3,6,3
0,5,15,1,2889.43,4 2,North,3,6,3
0,5,15,3,2890.293,4 2,East,3,6,3
0,5,15,2,2890.854,4 3,East,3,6,3
0,5,15,2,2891.469,4 4,East,3,6,3
0,5,15,1,2892.005,4 4,North,3,6,3
0,5,15,2,2892.619,3 4,North,3,6,3
0,5,15,1,2893.158,3 4,West,3,6,3
0,5,15,2,2893.669,3 3,West,3,6,3
0,5,15,3,2894.219,3 3,North,3,6,3
0,5,15,2,2894.729,2 3,North,3,6,3
0,5,15,6,2895.12,2 3,North,3,7,3
0,5,15,2,2895.253,1 3,North,3,7,3
0,5,15,2,2895.929,0 3,North,3,7,3
0,5,15,3,2897.003,0 3,East,3,7,3
0,5,15,2,2897.596,0 4,East,3,7,3
0,5,15,3,2898.215,0 4,South,3,7,3
0,5,15,3,2898.921,0 4,West,3,7,3
0,5,15,2,2899.912,0 3,West,3,7,3
0,5,15,1,2900.525,0 3,South,3,7,3
0,5,15,2,2901.084,1 3,South,3,7,3
0,5,15,2,2901.735,2 3,South,3,7,3
0,5,15,2,2902.38,3 3,South,3,7,3
0,5,15,1,2902.954,3 3,East,3,7,3
0,5,15,2,2903.481,3 4,East,3,7,3
0,5,15,3,2904.007,3 4,South,3,7,3
0,5,15,2,2904.534,4 4,South,3,7,3
0,5,15,3,2905.484,4 4,West,3,7,3
0,5,15,2,2906.011,4 3,West,3,7,3
0,5,15,2,2906.651,4 2,West,3,7,3
0,5,15,3,2907.178,4 2,North,3,7,3
0,5,15,2,2907.781,3 2,North,3,7,3
0,5,15,1,2908.35,3 2,West,3,7,3
0,5,15,2,2908.956,3 1,West,3,7,3
0,5,15,2,2909.581,3 0,West,3,7,3
0,5,15,3,2910.171,3 0,North,3,7,3
0,5,15,2,2910.774,2 0,North,3,7,3
0,5,15,2,2911.306,1 0,North,3,7,3
0,5,15,3,2911.882,1 0,East,3,7,3
0,5,15,2,2912.437,1 1,East,3,7,3
0,5,15,6,2912.86,1 1,East,3,8,3
2,5,15,1,2916.375,4 4,West,3,0,0
2,5,15,2,2917.321,4 3,West,3,0,0
2,5,15,2,2918.039,4 2,West,3,0,0
2,5,15,3,2918.589,4 2,North,3,0,0
2,5,15,2,2919.132,3 2,North,3,0,0
2,5,15,1,2919.927,3 2,West,3,0,0
2,5,15,2,2920.461,3 1,West,3,0,0
2,5,15,2,2921.065,3 0,West,3,0,0
2,5,15,3,2922.103,3 0,North,3,0,0
2,5,15,2,2922.661,2 0,North,3,0,0
2,5,15,6,2923.04,2 0,North,3,1,0
2,5,15,2,2923.893,1 0,North,3,1,0
2,5,15,3,2924.888,1 0,East,3,1,0
2,5,15,2,2925.415,1 1,East,3,1,0
2,5,15,6,2925.82,1 1,East,3,2,0
2,5,15,3,2927.196,1 1,South,3,2,0
2,5,15,2,2928.023,2 1,South,3,2,0
2,5,15,1,2928.569,2 1,East,3,2,0
2,5,15,2,2929.109,2 2,East,3,2,0
2,5,15,6,2929.52,2 2,East,3,3,0
2,5,15,1,2930.151,2 2,North,3,3,0
2,5,15,1,2931.181,2 2,West,3,3,0
2,5,15,2,2932.166,2 1,West,3,3,0
2,5,15,3,2932.729,2 1,North,3,3,0
2,5,15,2,2933.333,1 1,North,3,3,0
2,5,15,1,2933.931,1 1,West,3,3,0
2,5,15,2,2934.501,1 0,West,3,3,0
2,5,15,1,2935.134,1 0,South,3,3,0
2,5,15,2,2936.124,2 0,South,3,3,0
2,5,15,2,2936.727,3 0,South,3,3,0
2,5,15,1,2937.356,3 0,East,3,3,0
2,5,15,2,2937.91,3 1,East,3,3,0
2,5,15,2,2938.973,3 2,East,3,3,0
2,5,15,3,2939.514,3 2,South,3,3,0
2,5,15,2,2940.102,4 2,South,3,3,0
2,5,15,1,2940.772,4 2,East,3,3,0
2,5,15,2,2941.414,4 3,East,3,3,0
2,5,15,2,2942.398,4 4,East,3,3,0
2,5,15,1,2942.972,4 4,North,3,3,0
2,5,15,2,2943.598,3 4,North,3,3,0
2,5,15,1,2944.246,3 4,West,3,3,0
2,5,15,2,2944.846,3 3,West,3,3,0
2,5,15,3,2945.434,3 3,North,3,3,0
2,5,15,2,2945.974,2 3,North,3,3,0
2,5,15,2,2946.518,1 3,North,3,3,0
2,5,15,2,2947.372,0 3,North,3,3,0
2,5,15,3,2947.925,0 3,East,3,3,0
2,5,15,2,2948.668,0 4,East,3,3,0
2,5,15,6,2949.08,0 4,East,3,4,0
2,5,15,3,2949.303,0 4,South,3,4,0
2,5,15,3,2949.958,0 4,West,3,4,0
2,5,15,2,2950.525,0 3,West,3,4,0
2,5,15,1,2951.197,0 3,South,3,4,0
2,5,15,2,2951.817,1 3,South,3,4,0
2,5,15,2,2952.521,2 3,South,3,4,0
2,5,15,6,2952.9,2 3,South,3,5,0
2,5,15,1,2953.334,2 3,East,3,5,0
2,5,15,1,2953.899,2 3,North,3,5,0
2,5,15,3,2954.684,2 3,East,3,5,0
2,5,15,2,2955.481,2 3,East,3,5,1
2,5,15,3,2956.042,2 3,South,3,5,1
2,5,15,2,2956.62,3 3,South,3,5,1
2,5,15,1,2957.254,3 3,East,3,5,1
2,5,15,2,2957.851,3 4,East,3,5,1
2,5,15,3,2958.793,3 4,South,3,5,1
2,5,15,2,2959.373,4 4,South,3,5,1
2,5,15,3,2959.909,4 4,West,3,5,1
2,5,15,2,2960.558,4 3,West,3,5,1
2,5,15,2,2961.142,4 2,West,3,5,1
2,5,15,3,2962.004,4 2,North,3,5,1
2,5,15,2,2962.775,3 2,North,3,5,1
2,5,15,1,2963.448,3 2,West,3,5,1
2,5,15,2,2964.042,3 1,West,3,5,1
2,5,15,2,2964.617,3 0,West,3,5,1
2,5,15,3,2965.221,3 0,North,3,5,1
2,5,15,2,2965.863,2 0,North,3,5,1
2,5,15,2,2966.407,1 0,North,3,5,1
2,5,15,3,2967.086,1 0,East,3,5,1
2,5,15,2,2967.733,1 1,East,3,5,1
2,5,15,3,2968.381,1 1,South,3,5,1
2,5,15,2,2968.921,2 1,South,3,5,1
2,5,15,1,2969.465,2 1,East,3,5,1
2,5,15,2,2970.053,2 2,East,3,5,1
2,5,15,1,2970.617,2 2,North,3,5,1
2,5,15,2,2971.143,1 2,North,3,5,1
2,5,15,6,2971.52,1 2,North,3,6,1
2,5,15,1,2971.958,1 2,West,3,6,1
2,5,15,1,2972.604,1 2,South,3,6,1
2,5,15,2,2973.302,2 2,South,3,6,1
2,5,15,3,2974.073,2 2,West,3,6,1
2,5,15,2,2974.693,2 1,West,3,6,1
2,5,15,3,2975.364,2 1,North,3,6,1
2,5,15,2,2976.636,1 1,North,3,6,1
2,5,15,1,2977.308,1 1,West,3,6,1
2,5,15,2,2977.821,1 0,West,3,6,1
2,5,15,1,2978.524,1 0,South,3,6,1
2,5,15,2,2979.125,2 0,South,3,6,1
2,5,15,2,2979.894,3 0,South,3,6,1
2,5,15,1,2980.551,3 0,East,3,6,1
2,5,15,2,2981.242,3 1,East,3,6,1
2,5,15,2,2981.957,3 2,East,3,6,1
2,5,15,3,2982.694,3 2,South,3,6,1
2,5,15,2,2983.604,4 2,South,3,6,1
2,5,15,1,2984.181,4 2,East,3,6,1
2,5,15,2,2984.79,4 3,East,3,6,1
2,5,15,2,2985.479,4 4,East,3,6,1
2,5,15,1,2986.047,4 4,North,3,6,1
2,5,15,2,2986.647,3 4,North,3,6,1
2,5,15,1,2987.302,3 4,West,3,6,1
2,5,15,2,2987.868,3 3,West,3,6,1
2,5,15,6,2988.28,3 3,West,3,7,1
2,5,15,3,2988.602,3 3,North,3,7,1
2,5,15,2,2989.269,2 3,North,3,7,1
2,5,15,2,2989.813,1 3,North,3,7,1
2,5,15,2,2990.405,0 3,North,3,7,1
2,5,15,6,2990.78,0 3,North,3,8,1
0,6,16,1,2994.007,4 4,West,3,0,1
0,6,16,2,2994.65,4 3,West,3,0,1
0,6,16,2,2995.253,4 2,West,3,0,1
0,6,16,3,2995.837,4 2,North,3,0,1
0,6,16,2,2996.454,3 2,North,3,0,1
0,6,16,1,2997.033,3 2,West,3,0,1
0,6,16,2,2997.659,3 1,West,3,0,1
0,6,16,2,2998.283,3 0,West,3,0,1
0,6,16,6,2998.7,3 0,West,3,1,1
0,6,16,3,2998.858,3 0,North,3,1,1
0,6,16,2,2999.542,2 0,North,3,1,1
0,6,16,2,3000.109,1 0,North,3,1,1
0,6,16,3,3000.677,1 0,East,3,1,1
0,6,16,2,3001.292,1 1,East,3,1,1
0,6,16,3,3001.852,1 1,South,3,1,1
0,6,16,2,3002.453,2 1,South,3,1,1
0,6,16,1,3003.031,2 1,East,3,1,1
0,6,16,2,3003.629,2 2,East,3,1,1
0,6,16,1,3004.183,2 2,North,3,1,1
0,6,16,2,3005.193,1 2,North,3,1,1
0,6,16,1,3005.845,1 2,West,3,1,1
0,6,16,1,3006.44,1 2,South,3,1,1
0,6,16,2,3007.035,2 2,South,3,1,1
0,6,16,3,3007.579,2 2,West,3,1,1
0,6,16,2,3008.119,2 1,West,3,1,1
0,6,16,3,3009.063,2 1,North,3,1,1
0,6,16,2,3009.691,1 1,North,3,1,1
0,6,16,1,3010.346,1 1,West,3,1,1
0,6,16,2,3010.921,1 0,West,3,1,1
0,6,16,1,3011.477,1 0,South,3,1,1
0,6,16,2,3012.037,2 0,South,3,1,1
0,6,16,2,3012.632,3 0,South,3,1,1
0,6,16,1,3013.161,3 0,East,3,1,1
0,6,16,2,3013.692,3 1,East,3,1,1
0,6,16,2,3014.286,3 2,East,3,1,1
0,6,16,3,3014.892,3 2,South,3,1,1
0,6,16,2,3015.486,4 2,South,3,1,1
0,6,16,3,3016.005,4 2,West,3,1,1
0,6,16,1,3016.554,4 2,South,3,1,1
0,6,16,1,3017.109,4 2,East,3,1,1
0,6,16,2,3017.99,4 3,East,3,1,1
0,6,16,2,3018.622,4 4,East,3,1,1
0,6,16,1,3019.194,4 4,North,3,1,1
0,6,16,2,3019.706,3 4,North,3,1,1
0,6,16,1,3020.33,3 4,West,3,1,1
0,6,16,2,3021.006,3 3,West,3,1,1
0,6,16,3,3021.755,3 3,North,3,1,1
0,6,16,2,3022.696,2 3,North,3,1,1
0,6,16,2,3023.258,1 3,North,3,1,1
0,6,16,2,3023.814,0 3,North,3,1,1
0,6,16,6,3024.2,0 3,North,3,2,1
0,6,16,3,3024.393,0 3,East,3,2,1
0,6,16,3,3024.986,0 3,South,3,2,1
0,6,16,1,3025.708,0 3,East,3,2,1
0,6,16,2,3026.247,0 4,East,3,2,1
0,6,16,3,3027.143,0 4,South,3,2,1
0,6,16,2,3027.66,1 4,South,3,2,1
0,6,16,6,3028.04,1 4,South,3,3,1
0,6,16,1,3028.34,1 4,East,3,3,1
0,6,16,1,3028.888,1 4,North,3,3,1
0,6,16,2,3029.453,0 4,North,3,3,1
0,6,16,1,3030.425,0 4,West,3,3,1
0,6,16,2,3031.335,0 3,West,3,3,1
0,6,16,1,3031.931,0 3,South,3,3,1
0,6,16,2,3032.445,1 3,South,3,3,1
0,6,16,2,3033.485,2 3,South,3,3,1
0,6,16,2,3034.14,3 3,South,3,3,1
0,6,16,1,3034.748,3 3,East,3,3,1
0,6,16,2,3035.305,3 4,East,3,3,1
0,6,16,3,3035.893,3 4,South,3,3,1
0,6,16,2,3036.457,4 4,South,3,3,1
0,6,16,3,3037.031,4 4,West,3,3,1
0,6,16,2,3037.561,4 3,West,3,3,1
0,6,16,2,3038.089,4 2,West,3,3,1
0,6,16,3,3039.004,4 2,North,3,3,1
0,6,16,2,3039.565,3 2,North,3,3,1
0,6,16,1,3040.231,3 2,West,3,3,1
0,6,16,2,3040.885,3 1,West,3,3,1
0,6,16,2,3041.533,3 0,West,3,3,1
0,6,16,3,3042.108,3 0,North,3,3,1
0,6,16,2,3042.712,2 0,North,3,3,1
0,6,16,2,3043.27,1 0,North,3,3,1
0,6,16,3,3043.877,1 0,East,3,3,1
0,6,16,2,3044.598,1 1,East,3,3,1
0,6,16,3,3045.129,1 1,South,3,3,1
0,6,16,2,3045.705,2 1,South,3,3,1
0,6,16,6,3046.08,2 1,South,3,4,1
0,6,16,1,3046.347,2 1,East,3,4,1
0,6,16,2,3046.877,2 2,East,3,4,1
0,6,16,1,3047.428,2 2,North,3,4,1
0,6,16,2,3048.062,1 2,North,3,4,1
0,6,16,2,3048.681,0 2,North,3,4,1
0,6,16,6,3049.06,0 2,North,3,5,1
0,6,16,1,3049.289,0 2,West,3,5,1
0,6,16,1,3049.929,0 2,South,3,5,1
0,6,16,2,3050.519,1 2,South,3,5,1
0,6,16,2,3051.114,2 2,South,3,5,1
0,6,16,3,3051.673,2 2,West,3,5,1
0,6,16,2,3052.269,2 1,West,3,5,1
0,6,16,3,3052.8,2 1,North,3,5,1
0,6,16,2,3053.404,1 1,North,3,5,1
0,6,16,6,3053.78,1 1,North,3,6,1
0,6,16,3,3053.993,1 1,East,3,6,1
0,6,16,3,3054.617,1 1,South,3,6,1
0,6,16,2,3055.611,2 1,South,3,6,1
0,6,16,1,3056.262,2 1,East,3,6,1
0,6,16,2,3056.794,2 2,East,3,6,1
0,6,16,1,3057.397,2 2,North,3,6,1
0,6,16,2,3057.974,1 2,North,3,6,1
0,6,16,1,3058.504,1 2,West,3,6,1
0,6,16,1,3059.078,1 2,South,3,6,1
0,6,16,2,3059.962,2 2,South,3,6,1
0,6,16,3,3060.566,2 2,West,3,6,1
0,6,16,2,3061.19,2 1,West,3,6,1
0,6,16,3,3061.802,2 1,North,3,6,1
0,6,16,2,3062.396,1 1,North,3,6,1
0,6,16,1,3062.911,1 1,West,3,6,1
0,6,16,2,3063.435,1 0,West,3,6,1
0,6,16,1,3063.991,1 0,South,3,6,1
0,6,16,2,3064.97,2 0,South,3,6,1
0,6,16,2,3065.594,3 0,South,3,6,1
0,6,16,1,3066.17,3 0,East,3,6,1
0,6,16,2,3066.682,3 1,East,3,6,1
0,6,16,2,3067.319,3 2,East,3,6,1
0,6,16,3,3067.849,3 2,South,3,6,1
0,6,16,2,3068.422,4 2,South,3,6,1
0,6,16,1,3068.951,4 2,East,3,6,1
0,6,16,2,3069.515,4 3,East,3,6,1
0,6,16,6,3069.92,4 3,East,3,7,1
0,6,16,2,3070.14,4 4,East,3,7,1
0,6,16,1,3071.085,4 4,North,3,7,1
0,6,16,2,3071.735,3 4,North,3,7,1
0,6,16,1,3072.263,3 4,West,3,7,1
0,6,16,2,3072.859,3 3,West,3,7,1
0,6,16,3,3073.469,3 3,North,3,7,1
0,6,16,2,3074.027,2 3,North,3,7,1
0,6,16,2,3074.728,1 3,North,3,7,1
0,6,16,2,3075.305,0 3,North,3,7,1
0,6,16,3,3075.862,0 3,East,3,7,1
0,6,16,3,3076.585,0 3,South,3,7,1
0,6,16,2,3077.509,1 3,South,3,7,1
0,6,16,2,3078.174,2 3,South,3,7,1
0,6,16,2,3078.762,3 3,South,3,7,1
0,6,16,1,3079.292,3 3,East,3,7,1
0,6,16,2,3079.912,3 4,East,3,7,1
0,6,16,3,3080.492,3 4,South,3,7,1
0,6,16,2,3081.085,4 4,South,3,7,1
0,6,16,3,3081.725,4 4,West,3,7,1
0,6,16,2,3082.25,4 3,West,3,7,1
0,6,16,2,3082.876,4 2,West,3,7,1
0,6,16,3,3083.42,4 2,North,3,7,1
0,6,16,2,3084.004,3 2,North,3,7,1
0,6,16,1,3084.583,3 2,West,3,7,1
0,6,16,2,3085.142,3 1,West,3,7,1
0,6,16,2,3085.821,3 0,West,3,7,1
0,6,16,3,3086.761,3 0,North,3,7,1
0,6,16,2,3087.311,2 0,North,3,7,1
0,6,16,2,3087.895,1 0,North,3,7,1
0,6,16,3,3088.441,1 0,East,3,7,1
0,6,16,2,3089.066,1 1,East,3,7,1
0,6,16,3,3089.58,1 1,South,3,7,1
0,6,16,2,3090.138,2 1,South,3,7,1
0,6,16,1,3090.678,2 1,East,3,7,1
0,6,16,2,3091.227,2 2,East,3,7,1
0,6,16,1,3091.75,2 2,North,3,7,1
0,6,16,2,3092.3,1 2,North,3,7,1
0,6,16,6,3092.68,1 2,North,3,8,1
2,6,16,1,3096.454,4 4,West,3,0,0
2,6,16,3,3097.374,4 4,North,3,0,0
2,6,16,1,3098.55,4 4,West,3,0,0
2,6,16,2,3099.174,4 3,West,3,0,0
2,6,16,2,3099.706,4 2,West,3,0,0
2,6,16,3,3100.234,4 2,North,3,0,0
2,6,16,2,3100.845,3 2,North,3,0,0
2,6,16,1,3101.433,3 2,West,3,0,0
2,6,16,2,3101.948,3 1,West,3,0,0
2,6,16,2,3102.574,3 0,West,3,0,0
2,6,16,3,3103.196,3 0,North,3,0,0
2,6,16,2,3103.8,2 0,North,3,0,0
2,6,16,2,3104.377,1 0,North,3,0,0
2,6,16,3,3104.985,1 0,East,3,0,0
2,6,16,2,3105.581,1 1,East,3,0,0
2,6,16,3,3106.181,1 1,South,3,0,0
2,6,16,2,3106.731,2 1,South,3,0,0
2,6,16,1,3107.303,2 1,East,3,0,0
2,6,16,2,3107.835,2 2,East,3,0,0
2,6,16,1,3108.428,2 2,North,3,0,0
2,6,16,2,3108.988,1 2,North,3,0,0
2,6,16,2,3109.621,0 2,North,3,0,0
2,6,16,6,3110,0 2,North,3,1,0
2,6,16,1,3110.313,0 2,West,3,1,0
2,6,16,1,3110.95,0 2,South,3,1,0
2,6,16,2,3111.608,1 2,South,3,1,0
2,6,16,2,3112.198,2 2,South,3,1,0
2,6,16,3,3112.854,2 2,West,3,1,0
2,6,16,2,3113.482,2 1,West,3,1,0
2,6,16,6,3113.9,2 1,West,3,2,0
2,6,16,3,3114.236,2 1,North,3,2,0
2,6,16,3,3115.161,2 1,East,3,2,0
2,6,16,2,3115.751,2 2,East,3,2,0
2,6,16,1,3116.341,2 2,North,3,2,0
2,6,16,2,3116.904,1 2,North,3,2,0
2,6,16,6,3117.28,1 2,North,3,3,0
2,6,16,1,3117.675,1 2,West,3,3,0
2,6,16,3,3118.327,1 2,North,3,3,0
2,6,16,2,3118.933,0 2,North,3,3,0
2,6,16,1,3119.479,0 2,West,3,3,0
2,6,16,2,3120.039,0 1,West,3,3,0
2,6,16,2,3120.661,0 0,West,3,3,0
2,6,16,6,3121.08,0 0,West,3,4,0
2,6,16,1,3121.271,0 0,South,3,4,0
2,6,16,1,3121.898,0 0,East,3,4,0
2,6,16,2,3122.453,0 1,East,3,4,0
2,6,16,2,3123.05,0 2,East,3,4,0
2,6,16,3,3123.646,0 2,South,3,4,0
2,6,16,2,3124.261,1 2,South,3,4,0
2,6,16,2,3125.276,2 2,South,3,4,0
2,6,16,3,3125.885,2 2,West,3,4,0
2,6,16,2,3126.518,2 1,West,3,4,0
2,6,16,3,3127.141,2 1,North,3,4,0
2,6,16,2,3127.755,1 1,North,3,4,0
2,6,16,1,3128.36,1 1,West,3,4,0
2,6,16,2,3128.892,1 0,West,3,4,0
2,6,16,1,3129.498,1 0,South,3,4,0
2,6,16,2,3130.037,2 0,South,3,4,0
2,6,16,2,3130.664,3 0,South,3,4,0
2,6,16,2,3131.253,3 0,South,3,4,1
2,6,16,1,3131.848,3 0,East,3,4,1
2,6,16,2,3132.414,3 1,East,3,4,1
2,6,16,2,3133.005,3 2,East,3,4,1
2,6,16,3,3133.589,3 2,South,3,4,1
2,6,16,2,3134.251,4 2,South,3,4,1
2,6,16,1,3134.825,4 2,East,3,4,1
2,6,16,2,3135.415,4 3,East,3,4,1
2,6,16,2,3136.025,4 4,East,3,4,1
2,6,16,1,3136.604,4 4,North,3,4,1
2,6,16,2,3137.125,3 4,North,3,4,1
2,6,16,1,3137.865,3 4,West,3,4,1
2,6,16,2,3138.427,3 3,West,3,4,1
2,6,16,3,3139.047,3 3,North,3,4,1
2,6,16,2,3139.639,2 3,North,3,4,1
2,6,16,2,3140.277,1 3,North,3,4,1
2,6,16,2,3142.142,0 3,North,3,4,1
2,6,16,3,3142.667,0 3,East,3,4,1
2,6,16,2,3143.26,0 4,East,3,4,1
2,6,16,3,3143.836,0 4,South,3,4,1
2,6,16,2,3144.396,1 4,South,3,4,1
2,6,16,6,3144.78,1 4,South,3,5,1
2,6,16,1,3145.533,1 4,East,3,5,1
2,6,16,1,3146.167,1 4,North,3,5,1
2,6,16,2,3146.778,0 4,North,3,5,1
2,6,16,1,3147.365,0 4,West,3,5,1
2,6,16,1,3148.299,0 4,South,3,5,1
2,6,16,3,3149.037,0 4,West,3,5,1
2,6,16,2,3149.614,0 3,West,3,5,1
2,6,16,1,3150.22,0 3,South,3,5,1
2,6,16,2,3150.886,1 3,South,3,5,1
2,6,16,2,3151.535,2 3,South,3,5,1
2,6,16,6,3151.9,2 3,South,3,6,1
2,6,16,1,3152.35,2 3,East,3,6,1
2,6,16,1,3152.967,2 3,North,3,6,1
2,6,16,3,3153.515,2 3,East,3,6,1
2,6,16,3,3154.218,2 3,South,3,6,1
2,6,16,2,3154.888,3 3,South,3,6,1
2,6,16,1,3155.484,3 3,East,3,6,1
2,6,16,2,3156.084,3 4,East,3,6,1
2,6,16,3,3156.681,3 4,South,3,6,1
2,6,16,2,3157.341,4 4,South,3,6,1
2,6,16,3,3157.861,4 4,West,3,6,1
2,6,16,2,3158.457,4 3,West,3,6,1
2,6,16,2,3159.054,4 2,West,3,6,1
2,6,16,3,3159.708,4 2,North,3,6,1
2,6,16,2,3160.679,3 2,North,3,6,1
2,6,16,1,3161.373,3 2,West,3,6,1
2,6,16,2,3161.962,3 1,West,3,6,1
2,6,16,2,3162.553,3 0,West,3,6,1
2,6,16,6,3162.96,3 0,West,3,7,1
2,6,16,3,3163.261,3 0,North,3,7,1
2,6,16,3,3163.925,3 0,East,3,7,1
2,6,16,1,3165.286,3 0,North,3,7,1
2,6,16,3,3166.54,3 0,East,3,7,1
2,6,16,2,3168.057,3 1,East,3,7,1
2,6,16,2,3169.125,3 2,East,3,7,1
2,6,16,3,3169.753,3 2,South,3,7,1
2,6,16,2,3170.389,4 2,South,3,7,1
2,6,16,1,3170.972,4 2,East,3,7,1
2,6,16,2,3171.516,4 3,East,3,7,1
2,6,16,2,3172.233,4 4,East,3,7,1
2,6,16,1,3172.9,4 4,North,3,7,1
2,6,16,2,3173.499,3 4,North,3,7,1
2,6,16,1,3174.316,3 4,West,3,7,1
2,6,16,2,3174.906,3 3,West,3,7,1
2,6,16,3,3175.545,3 3,North,3,7,1
2,6,16,2,3176.153,2 3,North,3,7,1
2,6,16,2,3176.725,1 3,North,3,7,1
2,6,16,2,3177.368,0 3,North,3,7,1
2,6,16,6,3177.74,0 3,North,3,8,1
0,6,17,2,3181.128,3 4,North,3,0,1
0,6,17,6,3181.5,3 4,North,3,1,1
0,6,17,1,3181.896,3 4,West,3,1,1
0,6,17,1,3182.793,3 4,South,3,1,1
0,6,17,2,3183.341,4 4,South,3,1,1
0,6,17,3,3184.036,4 4,West,3,1,1
0,6,17,2,3184.622,4 3,West,3,1,1
0,6,17,2,3185.279,4 2,West,3,1,1
0,6,17,6,3185.7,4 2,West,3,2,1
0,6,17,3,3186.029,4 2,North,3,2,1
0,6,17,2,3186.918,3 2,North,3,2,1
0,6,17,1,3187.495,3 2,West,3,2,1
0,6,17,2,3188.088,3 1,West,3,2,1
0,6,17,2,3188.682,3 0,West,3,2,1
0,6,17,3,3189.273,3 0,North,3,2,1
0,6,17,2,3189.912,2 0,North,3,2,1
0,6,17,2,3190.568,1 0,North,3,2,1
0,6,17,6,3190.94,1 0,North,3,3,1
0,6,17,3,3191.118,1 0,East,3,3,1
0,6,17,2,3191.749,1 1,East,3,3,1
0,6,17,3,3192.325,1 1,South,3,3,1
0,6,17,2,3192.917,2 1,South,3,3,1
0,6,17,1,3193.493,2 1,East,3,3,1
0,6,17,2,3194.043,2 2,East,3,3,1
0,6,17,1,3194.631,2 2,North,3,3,1
0,6,17,2,3195.176,1 2,North,3,3,1
0,6,17,2,3195.734,0 2,North,3,3,1
0,6,17,1,3196.268,0 2,West,3,3,1
0,6,17,1,3196.858,0 2,South,3,3,1
0,6,17,2,3197.406,1 2,South,3,3,1
0,6,17,2,3198.025,2 2,South,3,3,1
0,6,17,3,3198.556,2 2,West,3,3,1
0,6,17,2,3199.13,2 1,West,3,3,1
0,6,17,3,3199.657,2 1,North,3,3,1
0,6,17,2,3200.236,1 1,North,3,3,1
0,6,17,1,3200.773,1 1,West,3,3,1
0,6,17,2,3201.309,1 0,West,3,3,1
0,6,17,1,3201.863,1 0,South,3,3,1
0,6,17,2,3202.807,2 0,South,3,3,1
0,6,17,2,3203.417,3 0,South,3,3,1
0,6,17,1,3204.012,3 0,East,3,3,1
0,6,17,2,3204.552,3 1,East,3,3,1
0,6,17,2,3205.176,3 2,East,3,3,1
0,6,17,3,3205.742,3 2,South,3,3,1
0,6,17,2,3206.409,4 2,South,3,3,1
0,6,17,3,3207.111,4 2,West,3,3,1
0,6,17,1,3207.654,4 2,South,3,3,1
0,6,17,1,3208.198,4 2,East,3,3,1
0,6,17,2,3208.744,4 3,East,3,3,1
0,6,17,2,3209.302,4 4,East,3,3,1
0,6,17,1,3210.215,4 4,North,3,3,1
0,6,17,1,3211.114,4 4,West,3,3,1
0,6,17,3,3211.798,4 4,North,3,3,1
0,6,17,2,3212.392,3 4,North,3,3,1
0,6,17,1,3213.306,3 4,West,3,3,1
0,6,17,2,3213.831,3 3,West,3,3,1
0,6,17,3,3214.76,3 3,North,3,3,1
0,6,17,2,3215.29,2 3,North,3,3,1
0,6,17,6,3215.66,2 3,North,3,4,1
0,6,17,2,3215.91,1 3,North,3,4,1
0,6,17,2,3216.571,0 3,North,3,4,1
0,6,17,3,3217.117,0 3,East,3,4,1
0,6,17,3,3217.69,0 3,South,3,4,1
0,6,17,2,3218.427,1 3,South,3,4,1
0,6,17,2,3219.015,2 3,South,3,4,1
0,6,17,2,3219.623,3 3,South,3,4,1
0,6,17,1,3220.233,3 3,East,3,4,1
0,6,17,2,3220.791,3 4,East,3,4,1
0,6,17,3,3221.356,3 4,South,3,4,1
0,6,17,2,3221.928,4 4,South,3,4,1
0,6,17,3,3222.901,4 4,West,3,4,1
0,6,17,2,3223.482,4 3,West,3,4,1
0,6,17,2,3224.085,4 2,West,3,4,1
0,6,17,2,3224.732,4 1,West,3,4,1
0,6,17,2,3225.401,4 0,West,3,4,1
0,6,17,6,3225.82,4 0,West,3,5,1
0,6,17,1,3226.045,4 0,South,3,5,1
0,6,17,1,3226.57,4 0,East,3,5,1
0,6,17,2,3227.144,4 1,East,3,5,1
0,6,17,2,3227.74,4 2,East,3,5,1
0,6,17,1,3228.267,4 2,North,3,5,1
0,6,17,2,3229.495,3 2,North,3,5,1
0,6,17,1,3230.038,3 2,West,3,5,1
0,6,17,2,3230.556,3 1,West,3,5,1
0,6,17,2,3231.163,3 0,West,3,5,1
0,6,17,3,3231.772,3 0,North,3,5,1
0,6,17,2,3232.284,2 0,North,3,5,1
0,6,17,2,3232.822,1 0,North,3,5,1
0,6,17,3,3233.417,1 0,East,3,5,1
0,6,17,2,3234.021,1 1,East,3,5,1
0,6,17,3,3234.553,1 1,South,3,5,1
0,6,17,2,3235.112,2 1,South,3,5,1
0,6,17,1,3235.671,2 1,East,3,5,1
0,6,17,2,3236.65,2 2,East,3,5,1
0,6,17,1,3237.21,2 2,North,3,5,1
0,6,17,2,3237.751,1 2,North,3,5,1
0,6,17,1,3238.439,1 2,West,3,5,1
0,6,17,1,3239.098,1 2,South,3,5,1
0,6,17,2,3239.703,2 2,South,3,5,1
0,6,17,3,3240.316,2 2,West,3,5,1
0,6,17,2,3240.939,2 1,West,3,5,1
0,6,17,3,3241.836,2 1,North,3,5,1
0,6,17,2,3242.373,1 1,North,3,5,1
0,6,17,1,3242.901,1 1,West,3,5,1
0,6,17,2,3243.782,1 0,West,3,5,1
0,6,17,1,3244.293,1 0,South,3,5,1
0,6,17,2,3244.877,2 0,South,3,5,1
0,6,17,2,3245.413,3 0,South,3,5,1
0,6,17,1,3245.962,3 0,East,3,5,1
0,6,17,2,3246.472,3 1,East,3,5,1
0,6,17,2,3247.288,3 2,East,3,5,1
0,6,17,3,3247.837,3 2,South,3,5,1
0,6,17,2,3248.378,4 2,South,3,5,1
0,6,17,1,3248.904,4 2,East,3,5,1
0,6,17,2,3249.498,4 3,East,3,5,1
0,6,17,2,3250.046,4 4,East,3,5,1
0,6,17,1,3250.62,4 4,North,3,5,1
0,6,17,2,3251.207,3 4,North,3,5,1
0,6,17,1,3252.17,3 4,West,3,5,1
0,6,17,2,3252.822,3 3,West,3,5,1
0,6,17,3,3253.365,3 3,North,3,5,1
0,6,17,2,3253.934,2 3,North,3,5,1
0,6,17,2,3254.445,1 3,North,3,5,1
0,6,17,6,3254.84,1 3,North,3,6,1
0,6,17,2,3255.045,0 3,North,3,6,1
0,6,17,3,3256.028,0 3,East,3,6,1
0,6,17,3,3256.604,0 3,South,3,6,1
0,6,17,2,3257.319,1 3,South,3,6,1
0,6,17,2,3257.996,2 3,South,3,6,1
0,6,17,2,3258.585,3 3,South,3,6,1
0,6,17,1,3259.224,3 3,East,3,6,1
0,6,17,2,3259.754,3 4,East,3,6,1
0,6,17,3,3260.31,3 4,South,3,6,1
0,6,17,2,3260.892,4 4,South,3,6,1
0,6,17,3,3261.446,4 4,West,3,6,1
0,6,17,2,3261.964,4 3,West,3,6,1
0,6,17,2,3262.542,4 2,West,3,6,1
0,6,17,3,3263.085,4 2,North,3,6,1
0,6,17,2,3263.596,3 2,North,3,6,1
0,6,17,1,3264.138,3 2,West,3,6,1
0,6,17,2,3264.661,3 1,West,3,6,1
0,6,17,2,3265.181,3 0,West,3,6,1
0,6,17,3,3265.718,3 0,North,3,6,1
0,6,17,2,3266.253,2 0,North,3,6,1
0,6,17,2,3266.777,1 0,North,3,6,1
0,6,17,3,3267.75,1 0,East,3,6,1
0,6,17,2,3268.717,1 1,East,3,6,1
0,6,17,3,3269.381,1 1,South,3,6,1
0,6,17,2,3269.976,2 1,South,3,6,1
0,6,17,1,3270.63,2 1,East,3,6,1
0,6,17,2,3271.207,2 2,East,3,6,1
0,6,17,1,3271.769,2 2,North,3,6,1
0,6,17,2,3272.318,1 2,North,3,6,1
0,6,17,2,3272.856,0 2,North,3,6,1
0,6,17,1,3273.413,0 2,West,3,6,1
0,6,17,2,3273.98,0 1,West,3,6,1
0,6,17,2,3274.622,0 0,West,3,6,1
0,6,17,6,3275.02,0 0,West,3,7,1
0,6,17,1,3275.237,0 0,South,3,7,1
0,6,17,1,3275.802,0 0,East,3,7,1
0,6,17,2,3276.381,0 1,East,3,7,1
0,6,17,2,3276.937,0 2,East,3,7,1
0,6,17,3,3277.541,0 2,South,3,7,1
0,6,17,2,3278.101,1 2,South,3,7,1
0,6,17,2,3278.614,2 2,South,3,7,1
0,6,17,3,3279.143,2 2,West,3,7,1
0,6,17,2,3279.709,2 1,West,3,7,1
0,6,17,3,3280.615,2 1,North,3,7,1
0,6,17,2,3281.192,1 1,North,3,7,1
0,6,17,1,3281.804,1 1,West,3,7,1
0,6,17,2,3282.379,1 0,West,3,7,1
0,6,17,1,3282.977,1 0,South,3,7,1
0,6,17,2,3283.496,2 0,South,3,7,1
0,6,17,2,3284.061,3 0,South,3,7,1
0,6,17,1,3284.571,3 0,East,3,7,1
0,6,17,2,3285.464,3 1,East,3,7,1
0,6,17,2,3286.023,3 2,East,3,7,1
0,6,17,3,3286.542,3 2,South,3,7,1
0,6,17,2,3287.19,4 2,South,3,7,1
0,6,17,3,3288.143,4 2,West,3,7,1
0,6,17,1,3288.715,4 2,South,3,7,1
0,6,17,1,3289.286,4 2,East,3,7,1
0,6,17,2,3289.806,4 3,East,3,7,1
0,6,17,2,3290.361,4 4,East,3,7,1
0,6,17,1,3291.27,4 4,North,3,7,1
0,6,17,2,3291.836,3 4,North,3,7,1
0,6,17,1,3292.358,3 4,West,3,7,1
0,6,17,2,3292.923,3 3,West,3,7,1
0,6,17,3,3293.435,3 3,North,3,7,1
0,6,17,2,3293.993,2 3,North,3,7,1
0,6,17,2,3294.602,1 3,North,3,7,1
0,6,17,2,3295.15,0 3,North,3,7,1
0,6,17,3,3295.797,0 3,East,3,7,1
0,6,17,2,3296.358,0 4,East,3,7,1
0,6,17,3,3296.906,0 4,South,3,7,1
0,6,17,2,3297.432,1 4,South,3,7,1
0,6,17,2,3298.038,2 4,South,3,7,1
0,6,17,6,3298.4,2 4,South,3,8,1
2,6,17,1,3301.543,4 4,West,3,0,0
2,6,17,2,3302.25,4 3,West,3,0,0
2,6,17,2,3302.855,4 2,West,3,0,0
2,6,17,6,3303.26,4 2,West,3,1,0
2,6,17,3,3303.53,4 2,North,3,1,0
2,6,17,1,3304.951,4 2,West,3,1,0
2,6,17,3,3307.222,4 2,North,3,1,0
2,6,17,2,3307.814,3 2,North,3,1,0
2,6,17,1,3308.393,3 2,West,3,1,0
2,6,17,2,3308.972,3 1,West,3,1,0
2,6,17,2,3309.558,3 0,West,3,1,0
2,6,17,3,3310.122,3 0,North,3,1,0
2,6,17,2,3310.729,2 0,North,3,1,0
2,6,17,3,3311.255,2 0,East,3,1,0
2,6,17,2,3311.942,2 0,East,3,1,1
2,6,17,1,3312.552,2 0,North,3,1,1
2,6,17,2,3313.209,1 0,North,3,1,1
2,6,17,3,3313.801,1 0,East,3,1,1
2,6,17,2,3314.44,1 1,East,3,1,1
2,6,17,3,3315.038,1 1,South,3,1,1
2,6,17,2,3315.625,2 1,South,3,1,1
2,6,17,1,3316.235,2 1,East,3,1,1
2,6,17,2,3316.766,2 2,East,3,1,1
2,6,17,1,3317.621,2 2,North,3,1,1
2,6,17,2,3318.203,1 2,North,3,1,1
2,6,17,2,3318.807,0 2,North,3,1,1
2,6,17,1,3319.372,0 2,West,3,1,1
2,6,17,2,3319.958,0 1,West,3,1,1
2,6,17,2,3320.6,0 0,West,3,1,1
2,6,17,6,3321.02,0 0,West,3,2,1
2,6,17,1,3321.209,0 0,South,3,2,1
2,6,17,1,3321.788,0 0,East,3,2,1
2,6,17,2,3322.379,0 1,East,3,2,1
2,6,17,2,3323.022,0 2,East,3,2,1
2,6,17,3,3323.653,0 2,South,3,2,1
2,6,17,2,3324.262,1 2,South,3,2,1
2,6,17,2,3324.887,2 2,South,3,2,1
2,6,17,6,3325.26,2 2,South,3,3,1
2,6,17,3,3325.48,2 2,West,3,3,1
2,6,17,2,3326.966,2 1,West,3,3,1
2,6,17,3,3327.577,2 1,North,3,3,1
2,6,17,2,3328.183,1 1,North,3,3,1
2,6,17,1,3328.7,1 1,West,3,3,1
2,6,17,2,3329.239,1 0,West,3,3,1
2,6,17,6,3329.64,1 0,West,3,4,1
2,6,17,1,3330.009,1 0,South,3,4,1
2,6,17,1,3330.781,1 0,East,3,4,1
2,6,17,3,3331.625,1 0,South,3,4,1
2,6,17,2,3332.366,2 0,South,3,4,1
2,6,17,2,3333.125,3 0,South,3,4,1
2,6,17,1,3333.765,3 0,East,3,4,1
2,6,17,2,3334.331,3 1,East,3,4,1
2,6,17,2,3335.19,3 2,East,3,4,1
2,6,17,3,3335.752,3 2,South,3,4,1
2,6,17,2,3336.407,4 2,South,3,4,1
2,6,17,1,3336.981,4 2,East,3,4,1
2,6,17,2,3337.529,4 3,East,3,4,1
2,6,17,2,3338.22,4 4,East,3,4,1
2,6,17,1,3338.858,4 4,North,3,4,1
2,6,17,2,3339.804,3 4,North,3,4,1
2,6,17,6,3340.18,3 4,North,3,5,1
2,6,17,1,3340.632,3 4,West,3,5,1
2,6,17,1,3341.307,3 4,South,3,5,1
2,6,17,2,3341.916,4 4,South,3,5,1
2,6,17,3,3342.572,4 4,West,3,5,1
2,6,17,2,3343.208,4 3,West,3,5,1
2,6,17,2,3343.773,4 2,West,3,5,1
2,6,17,2,3344.348,4 1,West,3,5,1
2,6,17,2,3344.937,4 0,West,3,5,1
2,6,17,6,3345.34,4 0,West,3,6,1
2,6,17,3,3345.594,4 0,North,3,6,1
2,6,17,3,3346.17,4 0,East,3,6,1
2,6,17,2,3346.812,4 1,East,3,6,1
2,6,17,2,3347.405,4 2,East,3,6,1
2,6,17,2,3348.015,4 3,East,3,6,1
2,6,17,2,3348.905,4 4,East,3,6,1
2,6,17,1,3349.483,4 4,North,3,6,1
2,6,17,2,3350.046,3 4,North,3,6,1
2,6,17,1,3350.757,3 4,West,3,6,1
2,6,17,2,3351.324,3 3,West,3,6,1
2,6,17,3,3351.974,3 3,North,3,6,1
2,6,17,2,3352.536,2 3,North,3,6,1
2,6,17,2,3353.193,1 3,North,3,6,1
2,6,17,2,3353.77,0 3,North,3,6,1
2,6,17,3,3354.378,0 3,East,3,6,1
2,6,17,2,3355.028,0 4,East,3,6,1
2,6,17,6,3355.44,0 4,East,3,7,1
2,6,17,3,3355.577,0 4,South,3,7,1
2,6,17,3,3356.157,0 4,West,3,7,1
2,6,17,2,3356.741,0 3,West,3,7,1
2,6,17,1,3357.368,0 3,South,3,7,1
2,6,17,2,3357.896,1 3,South,3,7,1
2,6,17,2,3358.487,2 3,South,3,7,1
2,6,17,2,3359.119,3 3,South,3,7,1
2,6,17,1,3359.688,3 3,East,3,7,1
2,6,17,2,3360.297,3 4,East,3,7,1
2,6,17,3,3360.887,3 4,South,3,7,1
2,6,17,2,3361.528,4 4,South,3,7,1
2,6,17,3,3362.137,4 4,West,3,7,1
2,6,17,2,3362.725,4 3,West,3,7,1
2,6,17,2,3363.294,4 2,West,3,7,1
2,6,17,3,3363.96,4 2,North,3,7,1
2,6,17,2,3364.679,3 2,North,3,7,1
2,6,17,1,3365.287,3 2,West,3,7,1
2,6,17,2,3365.868,3 1,West,3,7,1
2,6,17,2,3366.52,3 0,West,3,7,1
2,6,17,3,3367.511,3 0,North,3,7,1
2,6,17,2,3368.167,2 0,North,3,7,1
2,6,17,6,3368.56,2 0,North,3,8,1
0,6,18,1,3372.136,4 4,West,3,0,1
0,6,18,3,3372.923,4 4,North,3,0,1
0,6,18,2,3373.592,3 4,North,3,0,1
0,6,18,1,3374.15,3 4,West,3,0,1
0,6,18,2,3374.746,3 3,West,3,0,1
0,6,18,3,3375.271,3 3,North,3,0,1
0,6,18,2,3375.872,2 3,North,3,0,1
0,6,18,2,3376.534,1 3,North,3,0,1
0,6,18,2,3377.15,0 3,North,3,0,1
0,6,18,3,3377.719,0 3,East,3,0,1
0,6,18,2,3378.303,0 4,East,3,0,1
0,6,18,6,3378.72,0 4,East,3,1,1
0,6,18,3,3378.89,0 4,South,3,1,1
0,6,18,3,3379.56,0 4,West,3,1,1
0,6,18,2,3380.133,0 3,West,3,1,1
0,6,18,1,3380.729,0 3,South,3,1,1
0,6,18,2,3381.289,1 3,South,3,1,1
0,6,18,2,3381.917,2 3,South,3,1,1
0,6,18,2,3382.471,3 3,South,3,1,1
0,6,18,1,3382.981,3 3,East,3,1,1
0,6,18,2,3383.595,3 4,East,3,1,1
0,6,18,3,3384.17,3 4,South,3,1,1
0,6,18,2,3384.795,4 4,South,3,1,1
0,6,18,3,3385.407,4 4,West,3,1,1
0,6,18,2,3386.009,4 3,West,3,1,1
0,6,18,2,3386.795,4 2,West,3,1,1
0,6,18,3,3387.333,4 2,North,3,1,1
0,6,18,2,3387.932,3 2,North,3,1,1
0,6,18,6,3388.3,3 2,North,3,2,1
0,6,18,1,3388.552,3 2,West,3,2,1
0,6,18,2,3389.097,3 1,West,3,2,1
0,6,18,2,3389.729,3 0,West,3,2,1
0,6,18,3,3390.252,3 0,North,3,2,1
0,6,18,2,3390.902,2 0,North,3,2,1
0,6,18,2,3391.501,1 0,North,3,2,1
0,6,18,3,3392.041,1 0,East,3,2,1
0,6,18,2,3392.63,1 1,East,3,2,1
0,6,18,3,3393.609,1 1,South,3,2,1
0,6,18,2,3394.234,2 1,South,3,2,1
0,6,18,1,3394.86,2 1,East,3,2,1
0,6,18,2,3395.451,2 2,East,3,2,1
0,6,18,1,3396.072,2 2,North,3,2,1
0,6,18,2,3396.695,1 2,North,3,2,1
0,6,18,2,3397.254,0 2,North,3,2,1
0,6,18,1,3397.867,0 2,West,3,2,1
0,6,18,2,3398.424,0 1,West,3,2,1
0,6,18,6,3398.84,0 1,West,3,3,1
0,6,18,1,3399.069,0 1,South,3,3,1
0,6,18,1,3399.654,0 1,East,3,3,1
0,6,18,2,3400.25,0 2,East,3,3,1
0,6,18,3,3400.952,0 2,South,3,3,1
0,6,18,2,3401.547,1 2,South,3,3,1
0,6,18,2,3402.156,2 2,South,3,3,1
0,6,18,3,3402.744,2 2,West,3,3,1
0,6,18,2,3403.306,2 1,West,3,3,1
0,6,18,3,3403.9,2 1,North,3,3,1
0,6,18,2,3404.485,1 1,North,3,3,1
0,6,18,1,3405.047,1 1,West,3,3,1
0,6,18,2,3405.595,1 0,West,3,3,1
0,6,18,1,3406.106,1 0,South,3,3,1
0,6,18,2,3406.652,2 0,South,3,3,1
0,6,18,2,3407.237,3 0,South,3,3,1
0,6,18,1,3407.815,3 0,East,3,3,1
0,6,18,2,3408.376,3 1,East,3,3,1
0,6,18,2,3409.004,3 2,East,3,3,1
0,6,18,3,3409.558,3 2,South,3,3,1
0,6,18,2,3410.236,4 2,South,3,3,1
0,6,18,3,3411.149,4 2,West,3,3,1
0,6,18,1,3411.687,4 2,South,3,3,1
0,6,18,1,3412.252,4 2,East,3,3,1
0,6,18,2,3413.208,4 3,East,3,3,1
0,6,18,2,3413.767,4 4,East,3,3,1
0,6,18,1,3414.702,4 4,North,3,3,1
0,6,18,2,3415.288,3 4,North,3,3,1
0,6,18,1,3415.902,3 4,West,3,3,1
0,6,18,2,3416.509,3 3,West,3,3,1
0,6,18,6,3416.92,3 3,West,3,4,1
0,6,18,3,3417.086,3 3,North,3,4,1
0,6,18,2,3417.72,2 3,North,3,4,1
0,6,18,2,3418.346,1 3,North,3,4,1
0,6,18,2,3418.919,0 3,North,3,4,1
0,6,18,3,3419.531,0 3,East,3,4,1
0,6,18,3,3420.185,0 3,South,3,4,1
0,6,18,3,3420.807,0 3,West,3,4,1
0,6,18,1,3421.388,0 3,South,3,4,1
0,6,18,2,3422.041,1 3,South,3,4,1
0,6,18,2,3422.647,2 3,South,3,4,1
0,6,18,2,3423.178,3 3,South,3,4,1
0,6,18,1,3423.801,3 3,East,3,4,1
0,6,18,2,3424.378,3 4,East,3,4,1
0,6,18,3,3424.925,3 4,South,3,4,1
0,6,18,2,3425.479,4 4,South,3,4,1
0,6,18,3,3426.172,4 4,West,3,4,1
0,6,18,2,3426.781,4 3,West,3,4,1
0,6,18,2,3427.335,4 2,West,3,4,1
0,6,18,2,3427.917,4 1,West,3,4,1
0,6,18,6,3428.34,4 1,West,3,5,1
0,6,18,3,3428.505,4 1,North,3,5,1
0,6,18,3,3429.081,4 1,East,3,5,1
0,6,18,2,3429.626,4 2,East,3,5,1
0,6,18,2,3430.711,4 3,East,3,5,1
0,6,18,2,3431.294,4 4,East,3,5,1
0,6,18,1,3431.846,4 4,North,3,5,1
0,6,18,1,3432.486,4 4,West,3,5,1
0,6,18,2,3433.053,4 3,West,3,5,1
0,6,18,2,3433.702,4 2,West,3,5,1
0,6,18,3,3434.245,4 2,North,3,5,1
0,6,18,2,3434.875,3 2,North,3,5,1
0,6,18,1,3435.865,3 2,West,3,5,1
0,6,18,2,3436.439,3 1,West,3,5,1
0,6,18,2,3437.11,3 0,West,3,5,1
0,6,18,3,3437.689,3 0,North,3,5,1
0,6,18,2,3438.263,2 0,North,3,5,1
0,6,18,2,3438.792,1 0,North,3,5,1
0,6,18,3,3439.341,1 0,East,3,5,1
0,6,18,2,3439.967,1 1,East,3,5,1
0,6,18,3,3440.523,1 1,South,3,5,1
0,6,18,2,3441.099,2 1,South,3,5,1
0,6,18,2,3442.124,2 1,South,3,5,1
0,6,18,1,3442.966,2 1,East,3,5,1
0,6,18,2,3443.687,2 2,East,3,5,1
0,6,18,6,3444.1,2 2,East,3,6,1
0,6,18,1,3444.298,2 2,North,3,6,1
0,6,18,2,3444.893,1 2,North,3,6,1
0,6,18,2,3445.515,0 2,North,3,6,1
0,6,18,1,3446.043,0 2,West,3,6,1
0,6,18,1,3446.599,0 2,South,3,6,1
0,6,18,2,3447.11,1 2,South,3,6,1
0,6,18,2,3447.621,2 2,South,3,6,1
0,6,18,3,3448.235,2 2,West,3,6,1
0,6,18,2,3448.808,2 1,West,3,6,1
0,6,18,3,3449.354,2 1,North,3,6,1
0,6,18,2,3449.865,1 1,North,3,6,1
0,6,18,1,3450.422,1 1,West,3,6,1
0,6,18,2,3450.942,1 0,West,3,6,1
0,6,18,1,3451.927,1 0,South,3,6,1
0,6,18,2,3452.903,2 0,South,3,6,1
0,6,18,2,3453.532,3 0,South,3,6,1
0,6,18,1,3454.108,3 0,East,3,6,1
0,6,18,2,3454.698,3 1,East,3,6,1
0,6,18,6,3455.1,3 1,East,3,7,1
0,6,18,2,3456.41,3 2,East,3,7,1
0,6,18,3,3457.366,3 2,South,3,7,1
0,6,18,2,3457.966,4 2,South,3,7,1
0,6,18,3,3458.614,4 2,West,3,7,1
0,6,18,1,3459.178,4 2,South,3,7,1
0,6,18,3,3459.741,4 2,West,3,7,1
0,6,18,3,3460.381,4 2,North,3,7,1
0,6,18,2,3461.29,3 2,North,3,7,1
0,6,18,1,3461.869,3 2,West,3,7,1
0,6,18,2,3462.524,3 1,West,3,7,1
0,6,18,2,3463.11,3 0,West,3,7,1
0,6,18,3,3463.693,3 0,North,3,7,1
0,6,18,2,3464.342,2 0,North,3,7,1
0,6,18,6,3464.72,2 0,North,3,8,1
2,6,18,1,3468.154,4 4,West,3,0,0
2,6,18,2,3469.255,4 3,West,3,0,0
2,6,18,2,3470.103,4 2,West,3,0,0
2,6,18,3,3471.671,4 2,North,3,0,0
2,6,18,2,3472.253,3 2,North,3,0,0
2,6,18,1,3472.824,3 2,West,3,0,0
2,6,18,2,3473.403,3 1,West,3,0,0
2,6,18,2,3474.047,3 0,West,3,0,0
2,6,18,3,3474.566,3 0,North,3,0,0
2,6,18,2,3475.144,2 0,North,3,0,0
2,6,18,6,3475.54,2 0,North,3,1,0
2,6,18,3,3475.882,2 0,East,3,1,0
2,6,18,3,3476.537,2 0,South,3,1,0
2,6,18,2,3477.149,3 0,South,3,1,0
2,6,18,1,3477.741,3 0,East,3,1,0
2,6,18,2,3478.295,3 1,East,3,1,0
2,6,18,2,3478.936,3 2,East,3,1,0
2,6,18,3,3479.574,3 2,South,3,1,0
2,6,18,2,3480.23,4 2,South,3,1,0
2,6,18,1,3480.776,4 2,East,3,1,0
2,6,18,2,3481.337,4 3,East,3,1,0
2,6,18,2,3481.91,4 4,East,3,1,0
2,6,18,1,3482.488,4 4,North,3,1,0
2,6,18,2,3483.163,3 4,North,3,1,0
2,6,18,1,3483.74,3 4,West,3,1,0
2,6,18,2,3484.295,3 3,West,3,1,0
2,6,18,6,3484.7,3 3,West,3,2,0
2,6,18,3,3485.177,3 3,North,3,2,0
2,6,18,3,3485.789,3 3,East,3,2,0
2,6,18,2,3486.413,3 4,East,3,2,0
2,6,18,3,3486.969,3 4,South,3,2,0
2,6,18,2,3487.63,4 4,South,3,2,0
2,6,18,3,3488.189,4 4,West,3,2,0
2,6,18,2,3488.759,4 3,West,3,2,0
2,6,18,2,3489.334,4 2,West,3,2,0
2,6,18,3,3489.933,4 2,North,3,2,0
2,6,18,2,3490.504,3 2,North,3,2,0
2,6,18,1,3491.046,3 2,West,3,2,0
2,6,18,2,3491.591,3 1,West,3,2,0
2,6,18,2,3492.139,3 0,West,3,2,0
2,6,18,3,3492.725,3 0,North,3,2,0
2,6,18,2,3493.303,2 0,North,3,2,0
2,6,18,2,3493.88,1 0,North,3,2,0
2,6,18,3,3494.597,1 0,East,3,2,0
2,6,18,2,3495.189,1 1,East,3,2,0
2,6,18,3,3495.831,1 1,South,3,2,0
2,6,18,2,3496.382,2 1,South,3,2,0
2,6,18,1,3497.405,2 1,East,3,2,0
2,6,18,2,3498.013,2 2,East,3,2,0
2,6,18,6,3498.42,2 2,East,3,3,0
2,6,18,1,3498.806,2 2,North,3,3,0
2,6,18,1,3499.438,2 2,West,3,3,0
2,6,18,2,3500.121,2 1,West,3,3,0
2,6,18,3,3501.096,2 1,North,3,3,0
2,6,18,2,3501.769,1 1,North,3,3,0
2,6,18,1,3502.412,1 1,West,3,3,0
2,6,18,2,3502.999,1 0,West,3,3,0
2,6,18,1,3503.701,1 0,South,3,3,0
2,6,18,2,3504.28,2 0,South,3,3,0
2,6,18,2,3504.925,3 0,South,3,3,0
2,6,18,1,3505.574,3 0,East,3,3,0
2,6,18,2,3506.253,3 1,East,3,3,0
2,6,18,2,3506.941,3 2,East,3,3,0
2,6,18,3,3507.561,3 2,South,3,3,0
2,6,18,2,3508.263,4 2,South,3,3,0
2,6,18,3,3508.908,4 2,West,3,3,0
2,6,18,2,3509.516,4 1,West,3,3,0
2,6,18,6,3509.92,4 1,West,3,4,0
2,6,18,1,3510.265,4 1,South,3,4,0
2,6,18,1,3510.823,4 1,East,3,4,0
2,6,18,2,3511.915,4 2,East,3,4,0
2,6,18,1,3512.49,4 2,North,3,4,0
2,6,18,2,3513.082,3 2,North,3,4,0
2,6,18,6,3513.46,3 2,North,3,5,0
2,6,18,1,3514.262,3 2,West,3,5,0
2,6,18,1,3514.871,3 2,South,3,5,0
2,6,18,2,3515.582,4 2,South,3,5,0
2,6,18,1,3516.151,4 2,East,3,5,0
2,6,18,2,3516.757,4 3,East,3,5,0
2,6,18,6,3517.16,4 3,East,3,6,0
2,6,18,1,3517.563,4 3,North,3,6,0
2,6,18,3,3518.252,4 3,East,3,6,0
2,6,18,2,3518.918,4 4,East,3,6,0
2,6,18,1,3519.88,4 4,North,3,6,0
2,6,18,2,3520.488,3 4,North,3,6,0
2,6,18,1,3521.061,3 4,West,3,6,0
2,6,18,2,3521.614,3 3,West,3,6,0
2,6,18,3,3522.327,3 3,North,3,6,0
2,6,18,2,3522.988,2 3,North,3,6,0
2,6,18,2,3523.549,1 3,North,3,6,0
2,6,18,2,3524.184,0 3,North,3,6,0
2,6,18,3,3524.807,0 3,East,3,6,0
2,6,18,2,3525.435,0 4,East,3,6,0
2,6,18,3,3526.043,0 4,South,3,6,0
2,6,18,2,3526.727,1 4,South,3,6,0
2,6,18,2,3527.418,2 4,South,3,6,0
2,6,18,6,3527.8,2 4,South,3,7,0
2,6,18,3,3528.104,2 4,West,3,7,0
2,6,18,3,3528.793,2 4,North,3,7,0
2,6,18,2,3529.399,1 4,North,3,7,0
2,6,18,2,3530.038,0 4,North,3,7,0
2,6,18,1,3530.684,0 4,West,3,7,0
2,6,18,2,3531.369,0 3,West,3,7,0
2,6,18,1,3532.041,0 3,South,3,7,0
2,6,18,2,3532.666,1 3,South,3,7,0
2,6,18,2,3533.323,2 3,South,3,7,0
2,6,18,2,3533.99,3 3,South,3,7,0
2,6,18,1,3534.636,3 3,East,3,7,0
2,6,18,2,3535.255,3 4,East,3,7,0
2,6,18,3,3535.869,3 4,South,3,7,0
2,6,18,2,3536.586,4 4,South,3,7,0
2,6,18,3,3537.291,4 4,West,3,7,0
2,6,18,2,3537.918,4 3,West,3,7,0
2,6,18,2,3538.522,4 2,West,3,7,0
2,6,18,3,3539.208,4 2,North,3,7,0
2,6,18,2,3539.845,3 2,North,3,7,0
2,6,18,1,3540.473,3 2,West,3,7,0
2,6,18,2,3541.071,3 1,West,3,7,0
2,6,18,2,3541.692,3 0,West,3,7,0
2,6,18,3,3542.348,3 0,North,3,7,0
2,6,18,2,3542.989,2 0,North,3,7,0
2,6,18,2,3543.591,1 0,North,3,7,0
2,6,18,3,3544.2,1 0,East,3,7,0
2,6,18,2,3544.775,1 1,East,3,7,0
2,6,18,6,3545.18,1 1,East,3,8,0
