PhaseView,Run,Trial,Key,Time,Location,Direction,MazeType,Diamonds,WallBumped
0,3,7,2,504.4846,3 4,North,2,0,8
0,3,7,2,505.3191,2 4,North,2,0,8
0,3,7,2,506.1337,1 4,North,2,0,8
0,3,7,1,506.6944,1 4,West,2,0,8
0,3,7,2,507.5719,1 3,West,2,0,8
0,3,7,1,508.1232,1 3,South,2,0,8
0,3,7,2,508.922,2 3,South,2,0,8
0,3,7,3,510.0543,2 3,West,2,0,8
0,3,7,2,510.6987,2 2,West,2,0,8
0,3,7,3,511.6739,2 2,North,2,0,8
0,3,7,2,512.3104,1 2,North,2,0,8
0,3,7,6,512.7,1 2,North,2,1,8
0,3,7,2,513.1085,0 2,North,2,1,8
0,3,7,1,513.6707,0 2,West,2,1,8
0,3,7,2,514.2472,0 1,West,2,1,8
0,3,7,2,515.7632,0 0,West,2,1,8
0,3,7,3,518.072,0 0,North,2,1,8
0,3,7,3,519.0156,0 0,East,2,1,8
0,3,7,2,519.8976,0 1,East,2,1,8
0,3,7,3,520.725,0 1,South,2,1,8
0,3,7,1,521.3686,0 1,East,2,1,8
0,3,7,2,521.9579,0 2,East,2,1,8
0,3,7,3,523.0769,0 2,South,2,1,8
0,3,7,2,523.6871,1 2,South,2,1,8
0,3,7,2,524.6836,2 2,South,2,1,8
0,3,7,1,525.2082,2 2,East,2,1,8
0,3,7,2,525.8925,2 3,East,2,1,8
0,3,7,1,526.757,2 3,North,2,1,8
0,3,7,2,527.5788,1 3,North,2,1,8
0,3,7,3,528.6434,1 3,East,2,1,8
0,3,7,2,529.2723,1 4,East,2,1,8
0,3,7,1,530.1473,1 4,North,2,1,8
0,3,7,2,530.9396,0 4,North,2,1,8
0,3,7,1,531.9741,0 4,West,2,1,8
0,3,7,1,533.1094,0 4,South,2,1,8
0,3,7,2,533.9239,1 4,South,2,1,8
0,3,7,2,534.5699,2 4,South,2,1,8
0,3,7,2,535.1249,3 4,South,2,1,8
0,3,7,2,535.7216,4 4,South,2,1,8
0,3,7,3,536.6312,4 4,West,2,1,8
0,3,7,2,537.2537,4 3,West,2,1,8
0,3,7,2,538.2021,4 2,West,2,1,8
0,3,7,3,539.0996,4 2,North,2,1,8
0,3,7,2,539.9747,3 2,North,2,1,8
0,3,7,1,540.8553,3 2,West,2,1,8
0,3,7,2,541.4511,3 1,West,2,1,8
0,3,7,3,542.1674,3 1,North,2,1,8
0,3,7,2,542.8111,2 1,North,2,1,8
0,3,7,6,543.18,2 1,North,2,2,8
0,3,7,2,543.6578,1 1,North,2,2,8
0,3,7,1,544.6336,1 1,West,2,2,8
0,3,7,2,545.4271,1 0,West,2,2,8
0,3,7,1,545.956,1 0,South,2,2,8
0,3,7,2,546.7249,2 0,South,2,2,8
0,3,7,3,548.7243,2 0,West,2,2,8
0,3,7,3,549.5915,2 0,North,2,2,8
0,3,7,2,550.3732,1 0,North,2,2,8
0,3,7,3,550.922,1 0,East,2,2,8
0,3,7,2,551.492,1 1,East,2,2,8
0,3,7,3,552.4557,1 1,South,2,2,8
0,3,7,2,553.162,2 1,South,2,2,8
0,3,7,2,553.7642,3 1,South,2,2,8
0,3,7,1,554.8116,3 1,East,2,2,8
0,3,7,2,555.4929,3 2,East,2,2,8
0,3,7,6,555.9,3 2,East,2,3,8
0,3,7,2,556.3468,3 3,East,2,3,8
0,3,7,3,558.4234,3 3,South,2,3,8
0,3,7,3,559.0912,3 3,West,2,3,8
0,3,7,2,559.9081,3 2,West,2,3,8
0,3,7,2,560.5331,3 1,West,2,3,8
0,3,7,3,561.0677,3 1,North,2,3,8
0,3,7,2,561.6841,2 1,North,2,3,8
0,3,7,1,562.4681,2 1,West,2,3,8
0,3,7,3,563.1558,2 1,North,2,3,8
0,3,7,2,563.7523,1 1,North,2,3,8
0,3,7,1,564.2787,1 1,West,2,3,8
0,3,7,2,564.9795,1 0,West,2,3,8
0,3,7,1,565.8281,1 0,South,2,3,8
0,3,7,2,566.4575,2 0,South,2,3,8
0,3,7,2,567.1403,3 0,South,2,3,8
0,3,7,2,568.136,4 0,South,2,3,8
0,3,7,1,569.0455,4 0,East,2,3,8
0,3,7,2,569.6398,4 1,East,2,3,8
0,3,7,6,570.04,4 1,East,2,4,8
0,3,7,3,571.4032,4 1,South,2,4,8
0,3,7,3,571.9247,4 1,West,2,4,8
0,3,7,2,572.7625,4 0,West,2,4,8
0,3,7,3,573.4274,4 0,North,2,4,8
0,3,7,2,573.976,3 0,North,2,4,8
0,3,7,2,574.6117,2 0,North,2,4,8
0,3,7,2,575.2099,1 0,North,2,4,8
0,3,7,3,575.8479,1 0,East,2,4,8
0,3,7,2,576.5196,1 1,East,2,4,8
0,3,7,3,577.1893,1 1,South,2,4,8
0,3,7,2,577.7191,2 1,South,2,4,8
0,3,7,2,578.5065,3 1,South,2,4,8
0,3,7,1,579.1409,3 1,East,2,4,8
0,3,7,2,579.8308,3 2,East,2,4,8
0,3,7,3,580.3408,3 2,South,2,4,8
0,3,7,2,581.221,4 2,South,2,4,8
0,3,7,1,581.7353,4 2,East,2,4,8
0,3,7,2,582.5543,4 3,East,2,4,8
0,3,7,2,583.395,4 4,East,2,4,8
0,3,7,1,584.0101,4 4,North,2,4,8
0,3,7,2,584.645,3 4,North,2,4,8
0,3,7,2,585.2728,2 4,North,2,4,8
0,3,7,6,585.66,2 4,North,2,5,8
0,3,7,2,586.0894,1 4,North,2,5,8
0,3,7,2,586.9639,0 4,North,2,5,8
0,3,7,1,587.4838,0 4,West,2,5,8
0,3,7,1,588.6621,0 4,South,2,5,8
0,3,7,2,589.3235,1 4,South,2,5,8
0,3,7,3,590.2294,1 4,West,2,5,8
0,3,7,2,590.9383,1 3,West,2,5,8
0,3,7,1,591.7718,1 3,South,2,5,8
0,3,7,2,592.3109,2 3,South,2,5,8
0,3,7,3,593.2026,2 3,West,2,5,8
0,3,7,2,593.8185,2 2,West,2,5,8
0,3,7,3,594.6473,2 2,North,2,5,8
0,3,7,2,595.2045,1 2,North,2,5,8
0,3,7,2,596.183,0 2,North,2,5,8
0,3,7,1,596.7928,0 2,West,2,5,8
0,3,7,2,597.3487,0 1,West,2,5,8
0,3,7,2,597.994,0 0,West,2,5,8
0,3,7,3,600.0125,0 0,North,2,5,8
0,3,7,3,600.7611,0 0,East,2,5,8
0,3,7,2,601.5009,0 1,East,2,5,8
0,3,7,2,602.3757,0 2,East,2,5,8
0,3,7,3,602.9167,0 2,South,2,5,8
0,3,7,2,603.5006,1 2,South,2,5,8
0,3,7,2,604.1329,2 2,South,2,5,8
0,3,7,1,604.6768,2 2,East,2,5,8
0,3,7,2,605.5587,2 3,East,2,5,8
0,3,7,1,606.2805,2 3,North,2,5,8
0,3,7,2,606.8847,1 3,North,2,5,8
0,3,7,3,607.479,1 3,East,2,5,8
0,3,7,2,608.1853,1 4,East,2,5,8
0,3,7,1,609.1418,1 4,North,2,5,8
0,3,7,2,609.7809,0 4,North,2,5,8
0,3,7,1,610.6449,0 4,West,2,5,8
0,3,7,1,611.6071,0 4,South,2,5,8
0,3,7,2,612.2624,1 4,South,2,5,8
0,3,7,2,612.9188,2 4,South,2,5,8
0,3,7,2,613.5274,3 4,South,2,5,8
0,3,7,2,614.0997,4 4,South,2,5,8
0,3,7,3,614.9376,4 4,West,2,5,8
0,3,7,2,615.6086,4 3,West,2,5,8
0,3,7,3,616.2791,4 3,North,2,5,8
0,3,7,1,616.8741,4 3,West,2,5,8
0,3,7,2,617.4006,4 2,West,2,5,8
0,3,7,3,618.2501,4 2,North,2,5,8
0,3,7,2,618.8927,3 2,North,2,5,8
0,3,7,1,619.4019,3 2,West,2,5,8
0,3,7,2,619.9583,3 1,West,2,5,8
0,3,7,6,620.38,3 1,West,2,6,8
0,3,7,3,620.7139,3 1,North,2,6,8
0,3,7,2,621.3489,2 1,North,2,6,8
0,3,7,2,621.9971,1 1,North,2,6,8
0,3,7,1,622.8527,1 1,West,2,6,8
0,3,7,2,623.4014,1 0,West,2,6,8
0,3,7,1,624.1664,1 0,South,2,6,8
0,3,7,2,624.8097,2 0,South,2,6,8
0,3,7,2,625.4341,3 0,South,2,6,8
0,3,7,2,625.9427,4 0,South,2,6,8
0,3,7,1,626.7242,4 0,East,2,6,8
0,3,7,2,627.4646,4 1,East,2,6,8
0,3,7,3,628.8742,4 1,South,2,6,8
0,3,7,3,629.6405,4 1,West,2,6,8
0,3,7,2,630.2933,4 0,West,2,6,8
0,3,7,3,631.05,4 0,North,2,6,8
0,3,7,2,631.6062,3 0,North,2,6,8
0,3,7,2,632.2623,2 0,North,2,6,8
0,3,7,3,632.9835,2 0,East,2,6,8
0,3,7,1,633.5616,2 0,North,2,6,8
0,3,7,2,634.0735,1 0,North,2,6,8
0,3,7,3,634.5819,1 0,East,2,6,8
0,3,7,2,635.1165,1 1,East,2,6,8
0,3,7,3,636.0217,1 1,South,2,6,8
0,3,7,2,636.5535,2 1,South,2,6,8
0,3,7,2,637.0772,3 1,South,2,6,8
0,3,7,1,637.8282,3 1,East,2,6,8
0,3,7,2,638.3783,3 2,East,2,6,8
0,3,7,2,639.8118,3 3,East,2,6,8
0,3,7,3,641.4481,3 3,South,2,6,8
0,3,7,3,642.0554,3 3,West,2,6,8
0,3,7,2,642.774,3 2,West,2,6,8
0,3,7,1,643.5912,3 2,South,2,6,8
0,3,7,2,644.213,4 2,South,2,6,8
0,3,7,1,645.0521,4 2,East,2,6,8
0,3,7,2,645.6063,4 3,East,2,6,8
0,3,7,2,646.1387,4 4,East,2,6,8
0,3,7,1,647.0006,4 4,North,2,6,8
0,3,7,2,647.5934,3 4,North,2,6,8
0,3,7,2,648.234,2 4,North,2,6,8
0,3,7,2,648.9012,1 4,North,2,6,8
0,3,7,1,649.5126,1 4,West,2,6,8
0,3,7,2,650.1663,1 3,West,2,6,8
0,3,7,6,650.58,1 3,West,2,7,8
0,3,7,1,650.9213,1 3,South,2,7,8
0,3,7,2,651.5952,2 3,South,2,7,8
0,3,7,3,652.4083,2 3,West,2,7,8
0,3,7,2,653.0447,2 2,West,2,7,8
0,3,7,3,653.7654,2 2,North,2,7,8
0,3,7,2,654.5167,1 2,North,2,7,8
0,3,7,2,655.0598,0 2,North,2,7,8
0,3,7,1,655.8915,0 2,West,2,7,8
0,3,7,2,656.5039,0 1,West,2,7,8
0,3,7,2,657.048,0 0,West,2,7,8
0,3,7,3,657.6428,0 0,North,2,7,8
0,3,7,3,658.4757,0 0,East,2,7,8
0,3,7,2,659.1953,0 1,East,2,7,8
0,3,7,2,659.8347,0 2,East,2,7,8
0,3,7,3,660.5848,0 2,South,2,7,8
0,3,7,2,661.1747,1 2,South,2,7,8
0,3,7,1,661.9589,1 2,East,2,7,8
0,3,7,3,662.5006,1 2,South,2,7,8
0,3,7,2,663.3846,2 2,South,2,7,8
0,3,7,1,664.187,2 2,East,2,7,8
0,3,7,2,664.7559,2 3,East,2,7,8
0,3,7,1,665.451,2 3,North,2,7,8
0,3,7,2,665.9881,1 3,North,2,7,8
0,3,7,3,666.5062,1 3,East,2,7,8
0,3,7,2,667.4034,1 4,East,2,7,8
0,3,7,3,668.0892,1 4,South,2,7,8
0,3,7,2,668.873,2 4,South,2,7,8
0,3,7,2,669.5123,3 4,South,2,7,8
0,3,7,3,670.1403,3 4,West,2,7,8
0,3,7,1,671.3331,3 4,South,2,7,8
0,3,7,2,671.8816,4 4,South,2,7,8
0,3,7,3,672.6957,4 4,West,2,7,8
0,3,7,2,673.3947,4 3,West,2,7,8
0,3,7,2,674.0383,4 2,West,2,7,8
0,3,7,3,674.6442,4 2,North,2,7,8
0,3,7,2,675.2601,3 2,North,2,7,8
0,3,7,3,675.9066,3 2,East,2,7,8
0,3,7,2,676.5974,3 3,East,2,7,8
0,3,7,6,677,3 3,East,2,8,8
3,3,7,1,682.7593,4 3,North,2,0,0
3,3,7,1,683.3673,4 2,North,2,0,0
3,3,7,2,684.2106,3 2,North,2,0,0
3,3,7,1,684.9889,3 1,North,2,0,0
3,3,7,4,685.8351,3 1,North,2,0,1
3,3,7,3,686.5842,3 2,North,2,0,1
3,3,7,4,687.6102,4 2,North,2,0,1
3,3,7,1,688.2305,4 2,North,2,0,2
3,3,7,2,690.7294,3 2,North,2,0,2
3,3,7,2,692.0264,3 2,North,2,0,3
3,3,7,4,694.5071,4 2,North,2,0,3
3,3,7,3,695.1569,4 3,North,2,0,3
3,3,7,2,695.7172,4 3,North,2,0,4
3,3,7,1,696.4861,4 2,North,2,0,4
3,3,7,1,697.2291,4 2,North,2,0,5
3,3,7,2,697.8973,3 2,North,2,0,5
3,3,7,2,698.5554,3 2,North,2,0,6
3,3,7,4,699.3025,4 2,North,2,0,6
3,3,7,3,700.0237,4 3,North,2,0,6
3,3,7,2,700.6786,4 3,North,2,0,7
3,3,7,3,701.2378,4 4,North,2,0,7
3,3,7,2,701.8815,3 4,North,2,0,7
3,3,7,2,702.407,2 4,North,2,0,7
3,3,7,4,703.494,3 4,North,2,0,7
3,3,7,1,704.0214,3 4,North,2,0,8
3,3,7,1,704.4198,3 4,North,2,0,9
3,3,7,2,704.6909,2 4,North,2,0,9
3,3,7,1,705.4587,2 4,North,2,0,10
3,3,7,2,705.8956,1 4,North,2,0,10
3,3,7,1,706.5036,1 3,North,2,0,10
3,3,7,1,707.1801,1 3,North,2,0,11
3,3,7,4,708.1647,2 3,North,2,0,11
3,3,7,1,709.0458,2 2,North,2,0,11
3,3,7,1,710.9828,2 2,North,2,0,12
3,3,7,2,711.4968,1 2,North,2,0,12
3,3,7,1,712.1725,1 2,North,2,0,13
3,3,7,4,713.4775,2 2,North,2,0,13
3,3,7,4,714.277,2 2,North,2,0,14
3,3,7,3,714.9355,2 3,North,2,0,14
3,3,7,2,715.7567,1 3,North,2,0,14
3,3,7,2,717.6526,1 3,North,2,0,15
3,3,7,3,719.8812,1 4,North,2,0,15
3,3,7,4,720.6838,2 4,North,2,0,15
3,3,7,1,721.4838,2 4,North,2,0,16
3,3,7,2,722.3807,1 4,North,2,0,16
3,3,7,2,723.5153,0 4,North,2,0,16
3,3,7,1,724.3882,0 3,North,2,0,16
3,3,7,1,725.2896,0 3,North,2,0,17
3,3,7,3,726.0511,0 4,North,2,0,17
3,3,7,4,726.5861,1 4,North,2,0,17
3,3,7,1,727.4971,1 3,North,2,0,17
3,3,7,1,728.7565,1 3,North,2,0,18
3,3,7,4,729.7495,2 3,North,2,0,18
3,3,7,4,731.5139,2 3,North,2,0,19
3,3,7,1,732.6678,2 2,North,2,0,19
3,3,7,3,733.595,2 3,North,2,0,19
3,3,7,3,734.3094,2 3,North,2,0,20
3,3,7,1,735.1572,2 2,North,2,0,20
3,3,7,1,737.2561,2 2,North,2,0,21
3,3,7,2,737.9594,1 2,North,2,0,21
3,3,7,1,738.9505,1 2,North,2,0,22
3,3,7,3,739.6198,1 2,North,2,0,23
3,3,7,4,740.3648,2 2,North,2,0,23
3,3,7,3,741.094,2 3,North,2,0,23
3,3,7,2,741.8315,1 3,North,2,0,23
3,3,7,3,742.4094,1 4,North,2,0,23
3,3,7,2,743.0599,0 4,North,2,0,23
3,3,7,1,743.6888,0 3,North,2,0,23
3,3,7,1,744.9049,0 3,North,2,0,24
3,3,7,3,745.6031,0 4,North,2,0,24
3,3,7,3,746.2776,0 4,North,2,0,24
3,3,7,4,746.7296,1 4,North,2,0,24
3,3,7,4,747.9749,2 4,North,2,0,24
3,3,7,4,748.6613,3 4,North,2,0,24
3,3,7,1,749.795,3 4,North,2,0,25
3,3,7,2,750.7471,2 4,North,2,0,25
3,3,7,4,751.8118,3 4,North,2,0,25
3,3,7,4,752.8243,4 4,North,2,0,25
3,3,7,1,754.9333,4 3,North,2,0,25
3,3,7,2,755.946,4 3,North,2,0,26
3,3,7,2,757.095,4 3,North,2,0,27
3,3,7,1,758.6495,4 2,North,2,0,27
3,3,7,1,759.6275,4 2,North,2,0,28
3,3,7,2,760.7477,3 2,North,2,0,28
3,3,7,2,763.0637,3 2,North,2,0,29
3,3,7,1,763.8937,3 1,North,2,0,29
3,3,7,4,764.8984,3 1,North,2,0,30
3,3,7,1,765.3822,3 1,North,2,0,31
3,3,7,1,765.9165,3 1,North,2,0,32
3,3,7,3,766.3285,3 2,North,2,0,32
3,3,7,1,767.3063,3 1,North,2,0,32
3,3,7,2,767.9866,2 1,North,2,0,32
3,3,7,1,769.1412,2 1,North,2,0,33
3,3,7,3,770.3476,2 1,North,2,0,34
3,3,7,3,771.5405,2 1,North,2,0,35
3,3,7,4,771.9432,3 1,North,2,0,35
3,3,7,3,772.4581,3 2,North,2,0,35
3,3,7,2,772.9985,3 2,North,2,0,36
3,3,7,4,773.9277,4 2,North,2,0,36
3,3,7,1,774.7617,4 2,North,2,0,37
3,3,7,2,775.795,3 2,North,2,0,37
3,3,7,1,777.1945,3 1,North,2,0,37
3,3,7,4,778.0985,3 1,North,2,0,38
3,3,7,1,778.5512,3 1,North,2,0,39
3,3,7,2,779.0766,2 1,North,2,0,39
3,3,7,2,779.7012,1 1,North,2,0,39
3,3,7,2,781.0294,1 1,North,2,0,40
3,3,7,1,781.6086,1 0,North,2,0,40
3,3,7,4,782.2642,2 0,North,2,0,40
3,3,7,4,783.1187,3 0,North,2,0,40
3,3,7,3,784.323,3 0,North,2,0,41
3,3,7,2,784.9987,2 0,North,2,0,41
3,3,7,4,785.5791,3 0,North,2,0,41
3,3,7,4,786.2925,4 0,North,2,0,41
3,3,7,3,787.0758,4 1,North,2,0,41
3,3,7,6,787.48,4 1,North,2,1,41
3,3,7,1,789.4301,4 0,North,2,1,41
3,3,7,2,790.1989,3 0,North,2,1,41
3,3,7,2,790.923,2 0,North,2,1,41
3,3,7,2,791.8747,1 0,North,2,1,41
3,3,7,3,792.7913,1 1,North,2,1,41
3,3,7,4,793.304,2 1,North,2,1,41
3,3,7,4,793.9621,3 1,North,2,1,41
3,3,7,3,794.6346,3 2,North,2,1,41
3,3,7,6,795.04,3 2,North,2,2,41
3,3,7,3,796.8074,3 3,North,2,2,41
3,3,7,2,797.5306,3 3,North,2,2,42
3,3,7,1,798.1356,3 2,North,2,2,42
3,3,7,2,798.7108,3 2,North,2,2,43
3,3,7,2,799.7961,3 2,North,2,2,44
3,3,7,3,800.25,3 3,North,2,2,44
3,3,7,4,800.7734,3 3,North,2,2,45
3,3,7,4,801.3207,3 3,North,2,2,46
3,3,7,1,801.85,3 2,North,2,2,46
3,3,7,4,802.3786,4 2,North,2,2,46
3,3,7,3,803.1319,4 3,North,2,2,46
3,3,7,3,804.389,4 4,North,2,2,46
3,3,7,2,805.2393,3 4,North,2,2,46
3,3,7,2,806.0359,2 4,North,2,2,46
3,3,7,1,806.7581,2 4,North,2,2,47
3,3,7,1,807.9012,2 4,North,2,2,48
3,3,7,2,808.2355,1 4,North,2,2,48
3,3,7,2,808.9191,0 4,North,2,2,48
3,3,7,4,810.6602,1 4,North,2,2,48
3,3,7,1,811.309,1 3,North,2,2,48
3,3,7,4,811.9445,2 3,North,2,2,48
3,3,7,6,812.3,2 3,North,2,3,48
3,3,7,2,812.9552,1 3,North,2,3,48
3,3,7,1,813.9791,1 3,North,2,3,49
3,3,7,3,814.5156,1 4,North,2,3,49
3,3,7,1,817.4621,1 3,North,2,3,49
3,3,7,4,818.1075,2 3,North,2,3,49
3,3,7,4,819.2986,2 3,North,2,3,50
3,3,7,2,821.5403,1 3,North,2,3,50
3,3,7,3,822.1488,1 4,North,2,3,50
3,3,7,4,822.8386,2 4,North,2,3,50
3,3,7,1,823.6996,2 4,North,2,3,51
3,3,7,4,824.317,3 4,North,2,3,51
3,3,7,1,824.8359,3 4,North,2,3,52
3,3,7,1,825.3693,3 4,North,2,3,53
3,3,7,2,826.6628,2 4,North,2,3,53
3,3,7,1,827.5945,2 4,North,2,3,54
3,3,7,4,828.1804,3 4,North,2,3,54
3,3,7,1,829.0273,3 4,North,2,3,55
3,3,7,4,829.5251,4 4,North,2,3,55
3,3,7,1,830.361,4 3,North,2,3,55
3,3,7,1,831.0297,4 2,North,2,3,55
3,3,7,2,831.8622,3 2,North,2,3,55
3,3,7,2,832.5629,3 2,North,2,3,56
3,3,7,3,833.9258,3 3,North,2,3,56
3,3,7,2,834.9977,3 3,North,2,3,57
3,3,7,1,837.1708,3 2,North,2,3,57
3,3,7,1,837.9877,3 1,North,2,3,57
3,3,7,2,838.8557,2 1,North,2,3,57
3,3,7,2,839.7663,1 1,North,2,3,57
3,3,7,3,840.636,1 1,North,2,3,58
3,3,7,4,841.4333,2 1,North,2,3,58
3,3,7,3,842.0613,2 1,North,2,3,59
3,3,7,2,842.858,1 1,North,2,3,59
3,3,7,2,843.4803,1 1,North,2,3,60
3,3,7,2,843.9647,1 1,North,2,3,61
3,3,7,1,844.3431,1 0,North,2,3,61
3,3,7,4,845.1568,2 0,North,2,3,61
3,3,7,3,845.9156,2 0,North,2,3,62
3,3,7,2,846.5953,1 0,North,2,3,62
3,3,7,3,847.1577,1 1,North,2,3,62
3,3,7,4,847.6898,2 1,North,2,3,62
3,3,7,3,848.2169,2 1,North,2,3,63
3,3,7,3,848.7747,2 1,North,2,3,64
3,3,7,4,849.1705,3 1,North,2,3,64
3,3,7,3,850.0113,3 2,North,2,3,64
3,3,7,2,850.7073,3 2,North,2,3,65
3,3,7,3,852.088,3 3,North,2,3,65
3,3,7,2,853.0154,3 3,North,2,3,66
3,3,7,3,853.7471,3 3,North,2,3,67
3,3,7,3,854.2512,3 3,North,2,3,68
3,3,7,4,854.709,3 3,North,2,3,69
3,3,7,1,855.5563,3 2,North,2,3,69
3,3,7,2,857.0619,3 2,North,2,3,70
3,3,7,4,857.6271,4 2,North,2,3,70
3,3,7,3,858.2177,4 3,North,2,3,70
3,3,7,3,860.2272,4 4,North,2,3,70
3,3,7,1,861.3168,4 3,North,2,3,70
3,3,7,1,862.1476,4 2,North,2,3,70
3,3,7,1,862.773,4 2,North,2,3,71
3,3,7,2,862.9822,3 2,North,2,3,71
3,3,7,2,863.7482,3 2,North,2,3,72
3,3,7,2,863.9802,3 2,North,2,3,73
3,3,7,2,864.1965,3 2,North,2,3,74
3,3,7,4,865.5595,4 2,North,2,3,74
3,3,7,3,866.4387,4 3,North,2,3,74
3,3,7,3,867.259,4 4,North,2,3,74
3,3,7,1,868.1365,4 3,North,2,3,74
3,3,7,1,868.8252,4 2,North,2,3,74
3,3,7,2,869.5234,3 2,North,2,3,74
3,3,7,2,870.1373,3 2,North,2,3,75
3,3,7,4,870.97,4 2,North,2,3,75
3,3,7,2,872.2145,3 2,North,2,3,75
3,3,7,3,872.7778,3 3,North,2,3,75
3,3,7,1,873.8981,3 2,North,2,3,75
3,3,7,4,874.6346,4 2,North,2,3,75
3,3,7,2,875.6141,3 2,North,2,3,75
3,3,7,3,876.5801,3 3,North,2,3,75
3,3,7,2,877.1123,3 3,North,2,3,76
3,3,7,2,877.5245,3 3,North,2,3,77
3,3,7,3,878.2932,3 3,North,2,3,78
3,3,7,1,878.9218,3 2,North,2,3,78
3,3,7,2,879.6594,3 2,North,2,3,79
3,3,7,3,880.1834,3 3,North,2,3,79
3,3,7,2,880.8189,3 3,North,2,3,80
3,3,7,3,881.3555,3 3,North,2,3,81
3,3,7,4,881.9894,3 3,North,2,3,82
3,3,7,1,882.5326,3 2,North,2,3,82
3,3,7,4,883.223,4 2,North,2,3,82
3,3,7,3,883.9283,4 3,North,2,3,82
3,3,7,3,884.872,4 4,North,2,3,82
3,3,7,2,885.6841,3 4,North,2,3,82
3,3,7,2,886.5333,2 4,North,2,3,82
3,3,7,1,888.8711,2 4,North,2,3,83
3,3,7,2,889.6897,1 4,North,2,3,83
3,3,7,1,891.2233,1 3,North,2,3,83
3,3,7,1,892.0292,1 3,North,2,3,84
3,3,7,2,892.6964,1 3,North,2,3,85
3,3,7,2,893.2899,1 3,North,2,3,86
3,3,7,4,893.6841,2 3,North,2,3,86
3,3,7,1,894.2769,2 2,North,2,3,86
3,3,7,2,894.9559,1 2,North,2,3,86
3,3,7,6,895.34,1 2,North,2,4,86
3,3,7,4,896.2315,2 2,North,2,4,86
3,3,7,3,896.8696,2 3,North,2,4,86
3,3,7,2,898.0417,1 3,North,2,4,86
3,3,7,4,899.079,2 3,North,2,4,86
3,3,7,4,899.6877,2 3,North,2,4,87
3,3,7,2,900.2175,1 3,North,2,4,87
3,3,7,3,900.8124,1 4,North,2,4,87
3,3,7,4,901.563,2 4,North,2,4,87
3,3,7,4,902.2908,3 4,North,2,4,87
3,3,7,1,902.8412,3 4,North,2,4,88
3,3,7,2,903.5577,2 4,North,2,4,88
3,3,7,1,904.0851,2 4,North,2,4,89
3,3,7,1,904.7249,2 4,North,2,4,90
3,3,7,4,905.3718,3 4,North,2,4,90
3,3,7,4,906.4077,4 4,North,2,4,90
3,3,7,1,906.9949,4 3,North,2,4,90
3,3,7,2,907.6508,4 3,North,2,4,91
3,3,7,1,908.3731,4 2,North,2,4,91
3,3,7,2,909.1227,3 2,North,2,4,91
3,3,7,3,909.7859,3 3,North,2,4,91
3,3,7,6,910.2,3 3,North,2,5,91
3,3,7,1,910.536,3 2,North,2,5,91
3,3,7,4,911.1881,4 2,North,2,5,91
3,3,7,3,911.8289,4 3,North,2,5,91
3,3,7,3,912.8409,4 4,North,2,5,91
3,3,7,2,913.5433,3 4,North,2,5,91
3,3,7,2,914.1956,2 4,North,2,5,91
3,3,7,2,914.7889,1 4,North,2,5,91
3,3,7,2,915.3964,0 4,North,2,5,91
3,3,7,6,915.78,0 4,North,2,6,91
3,3,7,4,916.2305,1 4,North,2,6,91
3,3,7,4,916.9034,2 4,North,2,6,91
3,3,7,4,917.5754,3 4,North,2,6,91
3,3,7,4,918.1478,4 4,North,2,6,91
3,3,7,1,918.7469,4 3,North,2,6,91
3,3,7,1,919.3147,4 2,North,2,6,91
3,3,7,2,919.9561,3 2,North,2,6,91
3,3,7,2,920.4716,3 2,North,2,6,92
3,3,7,4,921.3032,4 2,North,2,6,92
3,3,7,1,922.3456,4 2,North,2,6,93
3,3,7,2,922.725,3 2,North,2,6,93
3,3,7,2,923.3511,3 2,North,2,6,94
3,3,7,3,924.0192,3 3,North,2,6,94
3,3,7,2,926.9526,3 3,North,2,6,95
3,3,7,3,928.6436,3 3,North,2,6,96
3,3,7,3,929.3071,3 3,North,2,6,97
3,3,7,1,929.5427,3 2,North,2,6,97
3,3,7,2,930.2676,3 2,North,2,6,98
3,3,7,4,930.7075,4 2,North,2,6,98
3,3,7,2,931.3008,3 2,North,2,6,98
3,3,7,3,931.8285,3 3,North,2,6,98
3,3,7,2,932.489,3 3,North,2,6,99
3,3,7,1,933.2237,3 2,North,2,6,99
3,3,7,3,933.8633,3 3,North,2,6,99
3,3,7,3,934.3938,3 3,North,2,6,100
3,3,7,1,934.8061,3 2,North,2,6,100
3,3,7,4,935.5315,4 2,North,2,6,100
3,3,7,3,936.1658,4 3,North,2,6,100
3,3,7,3,936.9624,4 4,North,2,6,100
3,3,7,2,937.6932,3 4,North,2,6,100
3,3,7,2,938.3969,2 4,North,2,6,100
3,3,7,1,939.2215,2 4,North,2,6,101
3,3,7,2,939.8606,1 4,North,2,6,101
3,3,7,1,940.4546,1 3,North,2,6,101
3,3,7,1,942.1708,1 3,North,2,6,102
3,3,7,3,944.0828,1 4,North,2,6,102
3,3,7,4,945.254,2 4,North,2,6,102
3,3,7,1,946.4531,2 4,North,2,6,103
3,3,7,4,947.1436,3 4,North,2,6,103
3,3,7,1,947.9286,3 4,North,2,6,104
3,3,7,4,948.4701,4 4,North,2,6,104
3,3,7,1,949.3218,4 3,North,2,6,104
3,3,7,1,950.3237,4 2,North,2,6,104
3,3,7,1,950.8576,4 2,North,2,6,105
3,3,7,1,951.0145,4 2,North,2,6,106
3,3,7,1,951.1892,4 2,North,2,6,107
3,3,7,2,951.5394,3 2,North,2,6,107
3,3,7,1,952.5251,3 1,North,2,6,107
3,3,7,6,952.94,3 1,North,2,7,107
3,3,7,3,953.7205,3 2,North,2,7,107
3,3,7,4,954.3746,4 2,North,2,7,107
3,3,7,2,954.9562,3 2,North,2,7,107
3,3,7,1,955.6599,3 1,North,2,7,107
3,3,7,2,956.8291,2 1,North,2,7,107
3,3,7,1,960.0518,2 1,North,2,7,108
3,3,7,3,960.5801,2 1,North,2,7,109
3,3,7,3,960.9944,2 1,North,2,7,110
3,3,7,4,961.7788,3 1,North,2,7,110
3,3,7,2,962.6277,2 1,North,2,7,110
3,3,7,2,963.2407,1 1,North,2,7,110
3,3,7,2,963.9141,1 1,North,2,7,111
3,3,7,3,964.7128,1 1,North,2,7,112
3,3,7,1,965.9437,1 0,North,2,7,112
3,3,7,2,966.6013,1 0,North,2,7,113
3,3,7,3,967.3331,1 1,North,2,7,113
3,3,7,4,968.1535,2 1,North,2,7,113
3,3,7,3,968.904,2 1,North,2,7,114
3,3,7,2,970.0063,1 1,North,2,7,114
3,3,7,3,971.3557,1 1,North,2,7,115
3,3,7,1,971.8373,1 0,North,2,7,115
3,3,7,2,972.6772,1 0,North,2,7,116
3,3,7,4,973.4648,2 0,North,2,7,116
3,3,7,3,974.4504,2 0,North,2,7,117
3,3,7,2,975.0937,1 0,North,2,7,117
3,3,7,3,975.6549,1 1,North,2,7,117
3,3,7,4,976.3738,2 1,North,2,7,117
3,3,7,3,977.146,2 1,North,2,7,118
3,3,7,2,977.9632,1 1,North,2,7,118
3,3,7,4,978.8845,2 1,North,2,7,118
3,3,7,4,979.4305,3 1,North,2,7,118
3,3,7,3,980.5051,3 2,North,2,7,118
3,3,7,2,981.0663,3 2,North,2,7,119
3,3,7,4,982.4903,4 2,North,2,7,119
3,3,7,3,983.1152,4 3,North,2,7,119
3,3,7,3,984.0211,4 4,North,2,7,119
3,3,7,2,984.8244,3 4,North,2,7,119
3,3,7,2,985.6733,2 4,North,2,7,119
3,3,7,2,986.3301,1 4,North,2,7,119
3,3,7,2,987.0019,0 4,North,2,7,119
3,3,7,1,988.1404,0 3,North,2,7,119
3,3,7,1,988.712,0 3,North,2,7,120
3,3,7,1,988.8842,0 3,North,2,7,121
3,3,7,4,989.3502,0 3,North,2,7,122
3,3,7,4,990.0997,0 3,North,2,7,123
3,3,7,4,990.4588,0 3,North,2,7,124
3,3,7,1,990.7095,0 3,North,2,7,125
3,3,7,2,991.0216,0 3,North,2,7,125
3,3,7,3,991.3651,0 4,North,2,7,125
3,3,7,4,991.9785,1 4,North,2,7,125
3,3,7,1,992.5645,1 3,North,2,7,125
3,3,7,1,993.4315,1 3,North,2,7,126
3,3,7,1,993.7668,1 3,North,2,7,127
3,3,7,1,994.2814,1 3,North,2,7,128
3,3,7,3,994.6587,1 4,North,2,7,128
3,3,7,1,995.3181,1 3,North,2,7,128
3,3,7,1,995.8759,1 3,North,2,7,129
3,3,7,3,996.3909,1 4,North,2,7,129
3,3,7,4,996.9577,2 4,North,2,7,129
3,3,7,1,997.53,2 4,North,2,7,130
3,3,7,1,997.9084,2 4,North,2,7,131
3,3,7,2,998.2016,1 4,North,2,7,131
3,3,7,4,999.2042,2 4,North,2,7,131
3,3,7,4,1000.088,3 4,North,2,7,131
3,3,7,1,1000.997,3 4,North,2,7,132
3,3,7,2,1001.561,2 4,North,2,7,132
3,3,7,2,1002.712,1 4,North,2,7,132
3,3,7,2,1003.64,0 4,North,2,7,132
3,3,7,1,1004.422,0 3,North,2,7,132
3,3,7,1,1005.033,0 3,North,2,7,133
3,3,7,3,1005.659,0 4,North,2,7,133
3,3,7,4,1006.261,1 4,North,2,7,133
3,3,7,4,1007.011,2 4,North,2,7,133
3,3,7,4,1007.573,3 4,North,2,7,133
3,3,7,1,1008.09,3 4,North,2,7,134
3,3,7,2,1008.653,2 4,North,2,7,134
3,3,7,1,1009.351,2 4,North,2,7,135
3,3,7,4,1010.052,3 4,North,2,7,135
3,3,7,4,1010.838,4 4,North,2,7,135
3,3,7,1,1011.386,4 3,North,2,7,135
3,3,7,1,1012.036,4 2,North,2,7,135
3,3,7,1,1012.659,4 2,North,2,7,136
3,3,7,1,1012.877,4 2,North,2,7,137
3,3,7,2,1013.164,3 2,North,2,7,137
3,3,7,3,1013.876,3 3,North,2,7,137
3,3,7,2,1014.489,3 3,North,2,7,138
3,3,7,2,1014.923,3 3,North,2,7,139
3,3,7,1,1015.13,3 2,North,2,7,139
3,3,7,2,1015.755,3 2,North,2,7,140
3,3,7,2,1016.075,3 2,North,2,7,141
3,3,7,1,1016.515,3 1,North,2,7,141
3,3,7,2,1017.293,2 1,North,2,7,141
3,3,7,2,1017.867,1 1,North,2,7,141
3,3,7,2,1018.52,1 1,North,2,7,142
3,3,7,2,1018.742,1 1,North,2,7,143
3,3,7,3,1019.035,1 1,North,2,7,144
3,3,7,1,1019.524,1 0,North,2,7,144
3,3,7,2,1020.169,1 0,North,2,7,145
3,3,7,3,1021.251,1 1,North,2,7,145
3,3,7,3,1021.901,1 1,North,2,7,146
3,3,7,3,1022.455,1 1,North,2,7,147
3,3,7,3,1022.885,1 1,North,2,7,148
3,3,7,1,1023.305,1 0,North,2,7,148
3,3,7,3,1023.849,1 1,North,2,7,148
3,3,7,4,1024.457,2 1,North,2,7,148
3,3,7,3,1025.115,2 1,North,2,7,149
3,3,7,1,1025.765,2 1,North,2,7,150
3,3,7,3,1026.603,2 1,North,2,7,151
3,3,7,2,1026.917,1 1,North,2,7,151
3,3,7,3,1027.561,1 1,North,2,7,152
3,3,7,2,1028.379,1 1,North,2,7,153
3,3,7,1,1029.657,1 0,North,2,7,153
3,3,7,3,1030.647,1 1,North,2,7,153
3,3,7,2,1031.272,1 1,North,2,7,154
3,3,7,2,1032.182,1 1,North,2,7,155
3,3,7,4,1032.73,2 1,North,2,7,155
3,3,7,2,1033.882,1 1,North,2,7,155
3,3,7,1,1034.504,1 0,North,2,7,155
3,3,7,1,1035.225,1 0,North,2,7,155
3,3,7,4,1035.54,2 0,North,2,7,155
3,3,7,3,1036.357,2 0,North,2,7,156
3,3,7,2,1037.492,1 0,North,2,7,156
3,3,7,2,1038.203,1 0,North,2,7,157
3,3,7,3,1038.766,1 1,North,2,7,157
3,3,7,4,1039.285,2 1,North,2,7,157
3,3,7,3,1039.955,2 1,North,2,7,158
3,3,7,4,1040.555,3 1,North,2,7,158
3,3,7,3,1041.386,3 2,North,2,7,158
3,3,7,2,1042.138,3 2,North,2,7,159
3,3,7,2,1042.661,3 2,North,2,7,160
3,3,7,3,1043.432,3 3,North,2,7,160
3,3,7,2,1044.163,3 3,North,2,7,161
3,3,7,3,1045.383,3 3,North,2,7,162
3,3,7,3,1046.55,3 3,North,2,7,163
3,3,7,3,1047.434,3 3,North,2,7,164
3,3,7,2,1047.737,3 3,North,2,7,165
3,3,7,1,1048.057,3 2,North,2,7,165
3,3,7,4,1048.828,4 2,North,2,7,165
3,3,7,1,1049.862,4 2,North,2,7,166
3,3,7,3,1050.906,4 3,North,2,7,166
3,3,7,2,1051.852,4 3,North,2,7,167
3,3,7,1,1052.461,4 2,North,2,7,167
3,3,7,1,1053.115,4 2,North,2,7,168
3,3,7,1,1053.364,4 2,North,2,7,169
3,3,7,1,1053.609,4 2,North,2,7,170
3,3,7,1,1053.836,4 2,North,2,7,171
3,3,7,1,1054.043,4 2,North,2,7,172
3,3,7,1,1054.412,4 2,North,2,7,173
3,3,7,2,1055.13,3 2,North,2,7,173
3,3,7,2,1056.693,3 2,North,2,7,174
3,3,7,1,1057.163,3 1,North,2,7,174
3,3,7,1,1057.849,3 1,North,2,7,175
3,3,7,4,1058.666,3 1,North,2,7,176
3,3,7,3,1060.25,3 2,North,2,7,176
3,3,7,2,1061.116,3 2,North,2,7,177
3,3,7,4,1061.802,4 2,North,2,7,177
3,3,7,1,1062.563,4 2,North,2,7,178
3,3,7,1,1062.956,4 2,North,2,7,179
3,3,7,2,1063.236,3 2,North,2,7,179
3,3,7,3,1063.956,3 3,North,2,7,179
3,3,7,4,1064.569,3 3,North,2,7,180
3,3,7,4,1064.969,3 3,North,2,7,181
3,3,7,1,1065.253,3 2,North,2,7,181
3,3,7,4,1066.146,4 2,North,2,7,181
3,3,7,3,1067.005,4 3,North,2,7,181
3,3,7,2,1067.861,4 3,North,2,7,182
3,3,7,2,1068.089,4 3,North,2,7,183
3,3,7,2,1068.314,4 3,North,2,7,184
3,3,7,3,1069.221,4 4,North,2,7,184
3,3,7,2,1069.946,3 4,North,2,7,184
3,3,7,1,1070.709,3 4,North,2,7,185
3,3,7,2,1071.59,2 4,North,2,7,185
3,3,7,1,1072.342,2 4,North,2,7,186
3,3,7,2,1072.876,1 4,North,2,7,186
3,3,7,1,1073.638,1 3,North,2,7,186
3,3,7,1,1075.124,1 3,North,2,7,187
3,3,7,2,1076.552,1 3,North,2,7,188
3,3,7,3,1077.399,1 4,North,2,7,188
3,3,7,1,1078.141,1 3,North,2,7,188
3,3,7,4,1078.86,2 3,North,2,7,188
3,3,7,1,1079.651,2 2,North,2,7,188
3,3,7,2,1080.428,1 2,North,2,7,188
3,3,7,2,1081.235,0 2,North,2,7,188
3,3,7,1,1081.863,0 1,North,2,7,188
3,3,7,6,1082.26,0 1,North,2,8,188
0,3,8,2,1089.02,3 4,North,2,0,188
0,3,8,2,1089.558,2 4,North,2,0,188
0,3,8,2,1090.439,1 4,North,2,0,188
0,3,8,2,1091.685,0 4,North,2,0,188
0,3,8,1,1092.227,0 4,West,2,0,188
0,3,8,1,1093.32,0 4,South,2,0,188
0,3,8,2,1094.26,1 4,South,2,0,188
0,3,8,3,1095.108,1 4,West,2,0,188
0,3,8,2,1095.892,1 3,West,2,0,188
0,3,8,1,1096.724,1 3,South,2,0,188
0,3,8,2,1097.274,2 3,South,2,0,188
0,3,8,3,1098.086,2 3,West,2,0,188
0,3,8,2,1098.786,2 2,West,2,0,188
0,3,8,6,1099.2,2 2,West,2,1,188
0,3,8,3,1099.542,2 2,North,2,1,188
0,3,8,2,1100.376,1 2,North,2,1,188
0,3,8,2,1101.241,0 2,North,2,1,188
0,3,8,1,1101.768,0 2,West,2,1,188
0,3,8,2,1104.251,0 1,West,2,1,188
0,3,8,3,1106.65,0 1,North,2,1,188
0,3,8,3,1107.289,0 1,East,2,1,188
0,3,8,2,1107.867,0 2,East,2,1,188
0,3,8,3,1108.486,0 2,South,2,1,188
0,3,8,2,1109.123,1 2,South,2,1,188
0,3,8,2,1109.686,2 2,South,2,1,188
0,3,8,1,1110.203,2 2,East,2,1,188
0,3,8,2,1111.257,2 3,East,2,1,188
0,3,8,1,1111.842,2 3,North,2,1,188
0,3,8,2,1112.937,1 3,North,2,1,188
0,3,8,3,1113.719,1 3,East,2,1,188
0,3,8,2,1114.436,1 4,East,2,1,188
0,3,8,3,1115.188,1 4,South,2,1,188
0,3,8,2,1115.77,2 4,South,2,1,188
0,3,8,2,1116.311,3 4,South,2,1,188
0,3,8,2,1116.9,4 4,South,2,1,188
0,3,8,3,1117.692,4 4,West,2,1,188
0,3,8,2,1118.276,4 3,West,2,1,188
0,3,8,6,1118.68,4 3,West,2,2,188
0,3,8,2,1119.097,4 2,West,2,2,188
0,3,8,3,1119.72,4 2,North,2,2,188
0,3,8,2,1120.423,3 2,North,2,2,188
0,3,8,1,1121.191,3 2,West,2,2,188
0,3,8,2,1121.747,3 1,West,2,2,188
0,3,8,3,1122.277,3 1,North,2,2,188
0,3,8,2,1122.875,2 1,North,2,2,188
0,3,8,2,1123.948,1 1,North,2,2,188
0,3,8,1,1124.812,1 1,West,2,2,188
0,3,8,2,1125.587,1 0,West,2,2,188
0,3,8,6,1126,1 0,West,2,3,188
0,3,8,1,1126.326,1 0,South,2,3,188
0,3,8,1,1127.193,1 0,East,2,3,188
0,3,8,2,1127.722,1 1,East,2,3,188
0,3,8,3,1128.474,1 1,South,2,3,188
0,3,8,2,1129.033,2 1,South,2,3,188
0,3,8,2,1129.689,3 1,South,2,3,188
0,3,8,1,1130.343,3 1,East,2,3,188
0,3,8,3,1131.16,3 1,South,2,3,188
0,3,8,1,1131.786,3 1,East,2,3,188
0,3,8,2,1132.313,3 2,East,2,3,188
0,3,8,3,1133.323,3 2,South,2,3,188
0,3,8,2,1134.041,4 2,South,2,3,188
0,3,8,6,1134.42,4 2,South,2,4,188
0,3,8,3,1135.015,4 2,West,2,4,188
0,3,8,3,1135.754,4 2,North,2,4,188
0,3,8,3,1136.601,4 2,East,2,4,188
0,3,8,2,1137.289,4 3,East,2,4,188
0,3,8,2,1138.008,4 4,East,2,4,188
0,3,8,1,1138.731,4 4,North,2,4,188
0,3,8,2,1139.356,3 4,North,2,4,188
0,3,8,2,1139.977,2 4,North,2,4,188
0,3,8,2,1140.659,1 4,North,2,4,188
0,3,8,1,1141.275,1 4,West,2,4,188
0,3,8,1,1142.68,1 4,South,2,4,188
0,3,8,3,1143.321,1 4,West,2,4,188
0,3,8,2,1144.201,1 3,West,2,4,188
0,3,8,1,1145.015,1 3,South,2,4,188
0,3,8,2,1145.572,2 3,South,2,4,188
0,3,8,3,1146.103,2 3,West,2,4,188
0,3,8,2,1146.708,2 2,West,2,4,188
0,3,8,3,1147.668,2 2,North,2,4,188
0,3,8,2,1148.201,1 2,North,2,4,188
0,3,8,2,1149.06,0 2,North,2,4,188
0,3,8,1,1149.787,0 2,West,2,4,188
0,3,8,2,1150.323,0 1,West,2,4,188
0,3,8,3,1151.19,0 1,North,2,4,188
0,3,8,3,1151.718,0 1,East,2,4,188
0,3,8,3,1152.252,0 1,South,2,4,188
0,3,8,1,1153.273,0 1,East,2,4,188
0,3,8,2,1153.819,0 2,East,2,4,188
0,3,8,3,1154.329,0 2,South,2,4,188
0,3,8,2,1154.842,1 2,South,2,4,188
0,3,8,2,1155.443,2 2,South,2,4,188
0,3,8,1,1156.281,2 2,East,2,4,188
0,3,8,2,1156.89,2 3,East,2,4,188
0,3,8,1,1157.478,2 3,North,2,4,188
0,3,8,3,1158.264,2 3,East,2,4,188
0,3,8,1,1159.011,2 3,North,2,4,188
0,3,8,2,1159.546,1 3,North,2,4,188
0,3,8,3,1160.073,1 3,East,2,4,188
0,3,8,2,1161.045,1 4,East,2,4,188
0,3,8,3,1161.845,1 4,South,2,4,188
0,3,8,2,1162.408,2 4,South,2,4,188
0,3,8,2,1163.064,3 4,South,2,4,188
0,3,8,2,1163.597,4 4,South,2,4,188
0,3,8,3,1164.211,4 4,West,2,4,188
0,3,8,2,1164.871,4 3,West,2,4,188
0,3,8,2,1165.426,4 2,West,2,4,188
0,3,8,3,1166.071,4 2,North,2,4,188
0,3,8,1,1166.614,4 2,West,2,4,188
0,3,8,3,1167.322,4 2,North,2,4,188
0,3,8,2,1167.86,3 2,North,2,4,188
0,3,8,1,1168.42,3 2,West,2,4,188
0,3,8,3,1169.223,3 2,North,2,4,188
0,3,8,1,1170.261,3 2,West,2,4,188
0,3,8,2,1170.95,3 1,West,2,4,188
0,3,8,3,1171.539,3 1,North,2,4,188
0,3,8,2,1172.106,2 1,North,2,4,188
0,3,8,2,1172.696,1 1,North,2,4,188
0,3,8,1,1173.531,1 1,West,2,4,188
0,3,8,2,1174.155,1 0,West,2,4,188
0,3,8,1,1174.826,1 0,South,2,4,188
0,3,8,2,1175.496,2 0,South,2,4,188
0,3,8,2,1176.089,3 0,South,2,4,188
0,3,8,6,1176.48,3 0,South,2,5,188
0,3,8,2,1176.884,4 0,South,2,5,188
0,3,8,1,1177.403,4 0,East,2,5,188
0,3,8,1,1178.742,4 0,North,2,5,188
0,3,8,2,1179.498,3 0,North,2,5,188
0,3,8,2,1180.165,2 0,North,2,5,188
0,3,8,2,1180.819,1 0,North,2,5,188
0,3,8,3,1181.494,1 0,East,2,5,188
0,3,8,2,1182.053,1 1,East,2,5,188
0,3,8,6,1182.46,1 1,East,2,6,188
0,3,8,3,1182.747,1 1,South,2,6,188
0,3,8,2,1183.413,2 1,South,2,6,188
0,3,8,3,1184.261,2 1,West,2,6,188
0,3,8,3,1185.091,2 1,North,2,6,188
0,3,8,3,1185.62,2 1,East,2,6,188
0,3,8,1,1186.774,2 1,North,2,6,188
0,3,8,2,1187.5,1 1,North,2,6,188
0,3,8,1,1188.248,1 1,West,2,6,188
0,3,8,2,1189.045,1 0,West,2,6,188
0,3,8,1,1189.7,1 0,South,2,6,188
0,3,8,2,1190.235,2 0,South,2,6,188
0,3,8,6,1190.6,2 0,South,2,7,188
0,3,8,2,1190.76,3 0,South,2,7,188
0,3,8,1,1191.529,3 0,East,2,7,188
0,3,8,1,1192.301,3 0,North,2,7,188
0,3,8,2,1192.859,2 0,North,2,7,188
0,3,8,2,1193.498,1 0,North,2,7,188
0,3,8,3,1194.099,1 0,East,2,7,188
0,3,8,2,1194.837,1 1,East,2,7,188
0,3,8,3,1195.507,1 1,South,2,7,188
0,3,8,2,1196.199,2 1,South,2,7,188
0,3,8,2,1196.771,3 1,South,2,7,188
0,3,8,1,1197.464,3 1,East,2,7,188
0,3,8,2,1198.643,3 2,East,2,7,188
0,3,8,3,1199.274,3 2,South,2,7,188
0,3,8,2,1199.875,4 2,South,2,7,188
0,3,8,1,1200.453,4 2,East,2,7,188
0,3,8,2,1201.05,4 3,East,2,7,188
0,3,8,2,1201.623,4 4,East,2,7,188
0,3,8,1,1202.314,4 4,North,2,7,188
0,3,8,2,1202.947,3 4,North,2,7,188
0,3,8,2,1203.539,2 4,North,2,7,188
0,3,8,2,1204.119,1 4,North,2,7,188
0,3,8,2,1204.966,0 4,North,2,7,188
0,3,8,1,1205.786,0 4,West,2,7,188
0,3,8,1,1206.455,0 4,South,2,7,188
0,3,8,2,1207.052,1 4,South,2,7,188
0,3,8,3,1207.635,1 4,West,2,7,188
0,3,8,3,1209.831,1 4,North,2,7,188
0,3,8,1,1210.652,1 4,West,2,7,188
0,3,8,2,1213.162,1 3,West,2,7,188
0,3,8,1,1213.898,1 3,South,2,7,188
0,3,8,2,1214.507,2 3,South,2,7,188
0,3,8,3,1215.093,2 3,West,2,7,188
0,3,8,2,1215.691,2 2,West,2,7,188
0,3,8,3,1216.232,2 2,North,2,7,188
0,3,8,2,1216.884,1 2,North,2,7,188
0,3,8,2,1217.675,0 2,North,2,7,188
0,3,8,1,1218.564,0 2,West,2,7,188
0,3,8,2,1219.317,0 1,West,2,7,188
0,3,8,6,1219.72,0 1,West,2,8,188
3,3,8,1,1224.327,4 3,North,2,0,0
3,3,8,1,1225.097,4 2,North,2,0,0
3,3,8,1,1225.62,4 2,North,2,0,1
3,3,8,2,1226.636,3 2,North,2,0,1
3,3,8,1,1228.1,3 1,North,2,0,1
3,3,8,1,1228.715,3 1,North,2,0,2
3,3,8,1,1228.954,3 1,North,2,0,3
3,3,8,2,1229.24,2 1,North,2,0,3
3,3,8,1,1230.168,2 1,North,2,0,4
3,3,8,4,1231.018,3 1,North,2,0,4
3,3,8,4,1231.909,3 1,North,2,0,5
3,3,8,3,1232.714,3 2,North,2,0,5
3,3,8,4,1233.38,4 2,North,2,0,5
3,3,8,1,1233.994,4 2,North,2,0,6
3,3,8,1,1234.213,4 2,North,2,0,7
3,3,8,1,1234.696,4 2,North,2,0,8
3,3,8,1,1234.948,4 2,North,2,0,9
3,3,8,3,1235.833,4 3,North,2,0,9
3,3,8,2,1236.393,4 3,North,2,0,10
3,3,8,1,1237.178,4 2,North,2,0,10
3,3,8,2,1237.996,3 2,North,2,0,10
3,3,8,2,1238.901,3 2,North,2,0,11
3,3,8,3,1239.661,3 3,North,2,0,11
3,3,8,2,1240.235,3 3,North,2,0,12
3,3,8,2,1240.74,3 3,North,2,0,13
3,3,8,2,1241.112,3 3,North,2,0,14
3,3,8,1,1241.587,3 2,North,2,0,14
3,3,8,4,1242.517,4 2,North,2,0,14
3,3,8,3,1243.178,4 3,North,2,0,14
3,3,8,3,1243.733,4 4,North,2,0,14
3,3,8,2,1244.347,3 4,North,2,0,14
3,3,8,2,1244.939,2 4,North,2,0,14
3,3,8,2,1245.5,1 4,North,2,0,14
3,3,8,2,1246.035,0 4,North,2,0,14
3,3,8,1,1246.699,0 3,North,2,0,14
3,3,8,4,1247.543,0 3,North,2,0,15
3,3,8,4,1247.748,0 3,North,2,0,16
3,3,8,1,1248.214,0 3,North,2,0,17
3,3,8,1,1249.005,0 3,North,2,0,18
3,3,8,2,1249.528,0 3,North,2,0,18
3,3,8,3,1249.899,0 4,North,2,0,18
3,3,8,1,1250.572,0 3,North,2,0,18
3,3,8,1,1251.299,0 3,North,2,0,19
3,3,8,3,1251.702,0 4,North,2,0,19
3,3,8,4,1252.38,1 4,North,2,0,19
3,3,8,1,1252.947,1 3,North,2,0,19
3,3,8,1,1253.835,1 3,North,2,0,20
3,3,8,4,1254.423,2 3,North,2,0,20
3,3,8,1,1254.98,2 2,North,2,0,20
3,3,8,1,1255.589,2 2,North,2,0,21
3,3,8,1,1255.849,2 2,North,2,0,22
3,3,8,2,1256.857,1 2,North,2,0,22
3,3,8,1,1257.435,1 2,North,2,0,23
3,3,8,1,1258.389,1 2,North,2,0,24
3,3,8,3,1258.643,1 2,North,2,0,25
3,3,8,4,1259.125,2 2,North,2,0,25
3,3,8,2,1260.108,1 2,North,2,0,25
3,3,8,2,1260.781,0 2,North,2,0,25
3,3,8,1,1261.336,0 1,North,2,0,25
3,3,8,4,1262.041,0 1,North,2,0,26
3,3,8,1,1262.97,0 0,North,2,0,26
3,3,8,4,1263.686,0 0,North,2,0,27
3,3,8,4,1264.028,0 0,North,2,0,28
3,3,8,3,1264.42,0 1,North,2,0,28
3,3,8,4,1265.512,0 1,North,2,0,29
3,3,8,3,1266.341,0 2,North,2,0,29
3,3,8,3,1267.752,0 2,North,2,0,30
3,3,8,3,1268.58,0 2,North,2,0,31
3,3,8,3,1269.127,0 2,North,2,0,32
3,3,8,1,1269.624,0 1,North,2,0,32
3,3,8,4,1270.164,0 1,North,2,0,33
3,3,8,3,1270.756,0 2,North,2,0,33
3,3,8,4,1271.571,1 2,North,2,0,33
3,3,8,1,1272.313,1 2,North,2,0,34
3,3,8,1,1272.87,1 2,North,2,0,35
3,3,8,3,1274.055,1 2,North,2,0,36
3,3,8,4,1274.759,2 2,North,2,0,36
3,3,8,1,1275.592,2 2,North,2,0,37
3,3,8,3,1276.459,2 3,North,2,0,37
3,3,8,4,1277.208,2 3,North,2,0,38
3,3,8,1,1278.693,2 2,North,2,0,38
3,3,8,4,1279.975,2 2,North,2,0,39
3,3,8,3,1280.469,2 3,North,2,0,39
3,3,8,4,1281.243,2 3,North,2,0,40
3,3,8,3,1281.838,2 3,North,2,0,41
3,3,8,3,1282.473,2 3,North,2,0,42
3,3,8,2,1282.988,1 3,North,2,0,42
3,3,8,3,1283.748,1 4,North,2,0,42
3,3,8,4,1284.377,2 4,North,2,0,42
3,3,8,4,1285.62,3 4,North,2,0,42
3,3,8,1,1286.454,3 4,North,2,0,43
3,3,8,4,1287.099,4 4,North,2,0,43
3,3,8,1,1287.75,4 3,North,2,0,43
3,3,8,2,1288.536,4 3,North,2,0,44
3,3,8,1,1289.513,4 2,North,2,0,44
3,3,8,2,1290.407,3 2,North,2,0,44
3,3,8,1,1291.37,3 1,North,2,0,44
3,3,8,1,1292.196,3 1,North,2,0,45
3,3,8,2,1292.885,2 1,North,2,0,45
3,3,8,4,1293.592,3 1,North,2,0,45
3,3,8,4,1294.154,3 1,North,2,0,46
3,3,8,4,1294.651,3 1,North,2,0,47
3,3,8,4,1295.112,3 1,North,2,0,48
3,3,8,3,1295.658,3 2,North,2,0,48
3,3,8,4,1296.585,4 2,North,2,0,48
3,3,8,1,1297.26,4 2,North,2,0,49
3,3,8,1,1297.639,4 2,North,2,0,50
3,3,8,2,1297.961,3 2,North,2,0,50
3,3,8,1,1298.502,3 1,North,2,0,50
3,3,8,2,1299.398,2 1,North,2,0,50
3,3,8,1,1300.375,2 1,North,2,0,51
3,3,8,2,1300.757,1 1,North,2,0,51
3,3,8,1,1301.483,1 0,North,2,0,51
3,3,8,4,1302.299,2 0,North,2,0,51
3,3,8,4,1302.983,3 0,North,2,0,51
3,3,8,6,1303.34,3 0,North,2,1,51
3,3,8,2,1303.922,2 0,North,2,1,51
3,3,8,2,1304.618,1 0,North,2,1,51
3,3,8,3,1305.433,1 1,North,2,1,51
3,3,8,4,1306.12,2 1,North,2,1,51
3,3,8,3,1306.835,2 1,North,2,1,52
3,3,8,4,1307.292,3 1,North,2,1,52
3,3,8,3,1308.075,3 2,North,2,1,52
3,3,8,4,1308.68,4 2,North,2,1,52
3,3,8,6,1309.04,4 2,North,2,2,52
3,3,8,2,1309.656,3 2,North,2,2,52
3,3,8,1,1310.283,3 1,North,2,2,52
3,3,8,2,1310.919,2 1,North,2,2,52
3,3,8,2,1311.494,1 1,North,2,2,52
3,3,8,6,1311.88,1 1,North,2,3,52
3,3,8,4,1312.474,2 1,North,2,3,52
3,3,8,4,1313.096,3 1,North,2,3,52
3,3,8,3,1313.723,3 2,North,2,3,52
3,3,8,3,1314.267,3 3,North,2,3,52
3,3,8,4,1315.158,3 3,North,2,3,53
3,3,8,1,1315.602,3 2,North,2,3,53
3,3,8,4,1316.186,4 2,North,2,3,53
3,3,8,3,1316.775,4 3,North,2,3,53
3,3,8,6,1317.18,4 3,North,2,4,53
3,3,8,1,1317.415,4 2,North,2,4,53
3,3,8,2,1318.125,3 2,North,2,4,53
3,3,8,2,1318.809,3 2,North,2,4,54
3,3,8,1,1319.324,3 1,North,2,4,54
3,3,8,2,1319.879,2 1,North,2,4,54
3,3,8,1,1320.485,2 1,North,2,4,55
3,3,8,2,1321.16,1 1,North,2,4,55
3,3,8,1,1321.717,1 0,North,2,4,55
3,3,8,4,1322.376,2 0,North,2,4,55
3,3,8,6,1322.74,2 0,North,2,5,55
3,3,8,2,1322.931,1 0,North,2,5,55
3,3,8,3,1323.546,1 1,North,2,5,55
3,3,8,4,1324.244,2 1,North,2,5,55
3,3,8,4,1325.106,3 1,North,2,5,55
3,3,8,1,1325.764,3 1,North,2,5,56
3,3,8,3,1326.307,3 2,North,2,5,56
3,3,8,1,1327.401,3 1,North,2,5,56
3,3,8,4,1328.218,3 1,North,2,5,57
3,3,8,3,1328.62,3 2,North,2,5,57
3,3,8,3,1329.59,3 3,North,2,5,57
3,3,8,4,1330.325,3 3,North,2,5,58
3,3,8,2,1330.965,3 3,North,2,5,59
3,3,8,2,1334.547,3 3,North,2,5,60
3,3,8,1,1335.373,3 2,North,2,5,60
3,3,8,2,1335.974,3 2,North,2,5,61
3,3,8,2,1336.344,3 2,North,2,5,62
3,3,8,3,1336.612,3 3,North,2,5,62
3,3,8,4,1337.254,3 3,North,2,5,63
3,3,8,3,1337.605,3 3,North,2,5,64
3,3,8,4,1338.243,3 3,North,2,5,65
3,3,8,1,1338.81,3 2,North,2,5,65
3,3,8,2,1339.605,3 2,North,2,5,66
3,3,8,1,1340.408,3 1,North,2,5,66
3,3,8,2,1341.058,2 1,North,2,5,66
3,3,8,4,1341.864,3 1,North,2,5,66
3,3,8,4,1342.68,3 1,North,2,5,67
3,3,8,1,1343.227,3 1,North,2,5,68
3,3,8,2,1343.827,2 1,North,2,5,68
3,3,8,1,1344.473,2 1,North,2,5,69
3,3,8,3,1345.162,2 1,North,2,5,70
3,3,8,4,1345.813,3 1,North,2,5,70
3,3,8,3,1346.57,3 2,North,2,5,70
3,3,8,2,1347.09,3 2,North,2,5,71
3,3,8,2,1347.812,3 2,North,2,5,72
3,3,8,3,1348.483,3 3,North,2,5,72
3,3,8,3,1349.442,3 3,North,2,5,73
3,3,8,2,1350.237,3 3,North,2,5,74
3,3,8,2,1351.444,3 3,North,2,5,75
3,3,8,4,1351.948,3 3,North,2,5,76
3,3,8,3,1354.051,3 3,North,2,5,77
3,3,8,1,1355.036,3 2,North,2,5,77
3,3,8,4,1356.725,4 2,North,2,5,77
3,3,8,1,1358.371,4 2,North,2,5,78
3,3,8,3,1360.125,4 3,North,2,5,78
3,3,8,3,1361.064,4 4,North,2,5,78
3,3,8,3,1361.59,4 4,North,2,5,78
3,3,8,1,1362.168,4 3,North,2,5,78
3,3,8,1,1362.84,4 2,North,2,5,78
3,3,8,2,1364.379,3 2,North,2,5,78
3,3,8,4,1365.316,4 2,North,2,5,78
3,3,8,1,1366.073,4 2,North,2,5,79
3,3,8,1,1366.293,4 2,North,2,5,80
3,3,8,2,1366.631,3 2,North,2,5,80
3,3,8,2,1367.187,3 2,North,2,5,81
3,3,8,1,1368.165,3 1,North,2,5,81
3,3,8,4,1368.9,3 1,North,2,5,82
3,3,8,1,1369.786,3 1,North,2,5,83
3,3,8,2,1370.249,2 1,North,2,5,83
3,3,8,1,1371.064,2 1,North,2,5,84
3,3,8,4,1371.611,3 1,North,2,5,84
3,3,8,4,1372.393,3 1,North,2,5,85
3,3,8,3,1373.066,3 2,North,2,5,85
3,3,8,1,1373.893,3 1,North,2,5,85
3,3,8,2,1374.567,2 1,North,2,5,85
3,3,8,1,1375.462,2 1,North,2,5,86
3,3,8,3,1375.939,2 1,North,2,5,87
3,3,8,4,1376.824,3 1,North,2,5,87
3,3,8,2,1377.661,2 1,North,2,5,87
3,3,8,1,1378.266,2 1,North,2,5,88
3,3,8,2,1378.712,1 1,North,2,5,88
3,3,8,4,1380.296,2 1,North,2,5,88
3,3,8,3,1381.164,2 1,North,2,5,89
3,3,8,2,1381.91,1 1,North,2,5,89
3,3,8,1,1382.666,1 0,North,2,5,89
3,3,8,4,1383.397,2 0,North,2,5,89
3,3,8,4,1384.501,3 0,North,2,5,89
3,3,8,4,1385.019,4 0,North,2,5,89
3,3,8,6,1385.38,4 0,North,2,6,89
3,3,8,4,1385.561,4 0,North,2,6,89
3,3,8,2,1385.862,3 0,North,2,6,89
3,3,8,2,1386.472,2 0,North,2,6,89
3,3,8,2,1387.415,1 0,North,2,6,89
3,3,8,3,1388.458,1 1,North,2,6,89
3,3,8,2,1389.435,1 1,North,2,6,90
3,3,8,1,1390.133,1 0,North,2,6,90
3,3,8,2,1390.807,1 0,North,2,6,91
3,3,8,3,1391.316,1 1,North,2,6,91
3,3,8,3,1392.378,1 1,North,2,6,92
3,3,8,4,1393.06,2 1,North,2,6,92
3,3,8,4,1393.805,3 1,North,2,6,92
3,3,8,3,1394.875,3 2,North,2,6,92
3,3,8,2,1395.669,3 2,North,2,6,93
3,3,8,2,1395.947,3 2,North,2,6,94
3,3,8,1,1396.486,3 1,North,2,6,94
3,3,8,3,1397.465,3 2,North,2,6,94
3,3,8,4,1398.183,4 2,North,2,6,94
3,3,8,3,1398.809,4 3,North,2,6,94
3,3,8,2,1399.34,4 3,North,2,6,95
3,3,8,2,1399.571,4 3,North,2,6,96
3,3,8,3,1399.96,4 4,North,2,6,96
3,3,8,2,1400.612,3 4,North,2,6,96
3,3,8,2,1401.318,2 4,North,2,6,96
3,3,8,2,1401.962,1 4,North,2,6,96
3,3,8,2,1402.837,0 4,North,2,6,96
3,3,8,1,1403.563,0 3,North,2,6,96
3,3,8,1,1404.281,0 3,North,2,6,97
3,3,8,1,1404.537,0 3,North,2,6,98
3,3,8,3,1405.212,0 4,North,2,6,98
3,3,8,4,1405.747,1 4,North,2,6,98
3,3,8,1,1406.357,1 3,North,2,6,98
3,3,8,1,1406.932,1 3,North,2,6,99
3,3,8,1,1407.132,1 3,North,2,6,100
3,3,8,3,1408.215,1 4,North,2,6,100
3,3,8,4,1408.778,2 4,North,2,6,100
3,3,8,2,1410.003,1 4,North,2,6,100
3,3,8,1,1410.572,1 3,North,2,6,100
3,3,8,4,1411.257,2 3,North,2,6,100
3,3,8,1,1411.895,2 2,North,2,6,100
3,3,8,2,1412.517,1 2,North,2,6,100
3,3,8,2,1413.268,0 2,North,2,6,100
3,3,8,1,1413.885,0 1,North,2,6,100
3,3,8,1,1414.922,0 0,North,2,6,100
3,3,8,6,1415.34,0 0,North,2,7,100
3,3,8,3,1415.734,0 1,North,2,7,100
3,3,8,1,1416.356,0 0,North,2,7,100
3,3,8,3,1417.092,0 1,North,2,7,100
3,3,8,3,1417.672,0 2,North,2,7,100
3,3,8,4,1418.297,1 2,North,2,7,100
3,3,8,1,1419.08,1 2,North,2,7,101
3,3,8,1,1419.27,1 2,North,2,7,102
3,3,8,2,1419.784,0 2,North,2,7,102
3,3,8,1,1420.328,0 1,North,2,7,102
3,3,8,1,1420.969,0 0,North,2,7,102
3,3,8,4,1421.624,0 0,North,2,7,103
3,3,8,4,1421.815,0 0,North,2,7,104
3,3,8,3,1422.283,0 1,North,2,7,104
3,3,8,3,1422.825,0 2,North,2,7,104
3,3,8,4,1423.495,1 2,North,2,7,104
3,3,8,1,1424.197,1 2,North,2,7,105
3,3,8,4,1424.71,2 2,North,2,7,105
3,3,8,1,1425.516,2 2,North,2,7,106
3,3,8,4,1427.163,2 2,North,2,7,107
3,3,8,4,1427.708,2 2,North,2,7,108
3,3,8,1,1428.715,2 2,North,2,7,109
3,3,8,3,1429.206,2 3,North,2,7,109
3,3,8,2,1430.056,1 3,North,2,7,109
3,3,8,4,1430.68,2 3,North,2,7,109
3,3,8,4,1431.286,2 3,North,2,7,110
3,3,8,2,1432.178,1 3,North,2,7,110
3,3,8,1,1433.163,1 3,North,2,7,111
3,3,8,3,1433.876,1 4,North,2,7,111
3,3,8,4,1434.794,2 4,North,2,7,111
3,3,8,4,1435.676,3 4,North,2,7,111
3,3,8,1,1436.426,3 4,North,2,7,112
3,3,8,4,1437.238,4 4,North,2,7,112
3,3,8,1,1437.816,4 3,North,2,7,112
3,3,8,1,1438.421,4 2,North,2,7,112
3,3,8,2,1439.08,3 2,North,2,7,112
3,3,8,2,1439.609,3 2,North,2,7,113
3,3,8,3,1440.357,3 3,North,2,7,113
3,3,8,2,1441,3 3,North,2,7,114
3,3,8,1,1441.844,3 2,North,2,7,114
3,3,8,1,1442.777,3 1,North,2,7,114
3,3,8,1,1443.379,3 1,North,2,7,115
3,3,8,2,1444.099,2 1,North,2,7,115
3,3,8,2,1444.731,1 1,North,2,7,115
3,3,8,1,1445.549,1 0,North,2,7,115
3,3,8,6,1445.96,1 0,North,2,8,115
0,3,9,1,1453.283,4 4,West,2,0,115
0,3,9,3,1454.331,4 4,North,2,0,115
0,3,9,1,1455.721,4 4,West,2,0,115
0,3,9,2,1456.482,4 3,West,2,0,115
0,3,9,2,1457.464,4 2,West,2,0,115
0,3,9,3,1458.186,4 2,North,2,0,115
0,3,9,3,1459.01,4 2,East,2,0,115
0,3,9,2,1459.717,4 3,East,2,0,115
0,3,9,2,1460.259,4 4,East,2,0,115
0,3,9,1,1460.948,4 4,North,2,0,115
0,3,9,2,1461.545,3 4,North,2,0,115
0,3,9,2,1462.099,2 4,North,2,0,115
0,3,9,2,1462.649,1 4,North,2,0,115
0,3,9,2,1463.336,0 4,North,2,0,115
0,3,9,1,1463.912,0 4,West,2,0,115
0,3,9,2,1464.499,0 3,West,2,0,115
0,3,9,6,1464.9,0 3,West,2,1,115
0,3,9,3,1465.69,0 3,North,2,1,115
0,3,9,3,1466.395,0 3,East,2,1,115
0,3,9,2,1466.969,0 4,East,2,1,115
0,3,9,3,1467.644,0 4,South,2,1,115
0,3,9,2,1468.469,1 4,South,2,1,115
0,3,9,2,1469.011,2 4,South,2,1,115
0,3,9,2,1469.559,3 4,South,2,1,115
0,3,9,6,1469.94,3 4,South,2,2,115
0,3,9,2,1470.09,4 4,South,2,2,115
0,3,9,3,1470.712,4 4,West,2,2,115
0,3,9,2,1471.337,4 3,West,2,2,115
0,3,9,2,1471.908,4 2,West,2,2,115
0,3,9,3,1472.499,4 2,North,2,2,115
0,3,9,2,1473.031,3 2,North,2,2,115
0,3,9,3,1473.783,3 2,East,2,2,115
0,3,9,1,1474.602,3 2,North,2,2,115
0,3,9,1,1475.429,3 2,West,2,2,115
0,3,9,2,1476.31,3 1,West,2,2,115
0,3,9,3,1476.98,3 1,North,2,2,115
0,3,9,2,1477.514,2 1,North,2,2,115
0,3,9,2,1478.136,1 1,North,2,2,115
0,3,9,1,1478.814,1 1,West,2,2,115
0,3,9,2,1479.43,1 0,West,2,2,115
0,3,9,1,1480.039,1 0,South,2,2,115
0,3,9,2,1480.675,2 0,South,2,2,115
0,3,9,2,1481.276,3 0,South,2,2,115
0,3,9,2,1481.891,4 0,South,2,2,115
0,3,9,1,1482.487,4 0,East,2,2,115
0,3,9,2,1483.107,4 1,East,2,2,115
0,3,9,1,1486.31,4 1,North,2,2,115
0,3,9,1,1488.391,4 1,West,2,2,115
0,3,9,2,1489.191,4 0,West,2,2,115
0,3,9,3,1489.846,4 0,North,2,2,115
0,3,9,2,1490.743,3 0,North,2,2,115
0,3,9,2,1491.287,2 0,North,2,2,115
0,3,9,2,1491.81,1 0,North,2,2,115
0,3,9,3,1492.422,1 0,East,2,2,115
0,3,9,2,1493.108,1 1,East,2,2,115
0,3,9,3,1493.733,1 1,South,2,2,115
0,3,9,2,1494.42,2 1,South,2,2,115
0,3,9,2,1495.194,3 1,South,2,2,115
0,3,9,1,1495.802,3 1,East,2,2,115
0,3,9,2,1497.051,3 2,East,2,2,115
0,3,9,3,1497.705,3 2,South,2,2,115
0,3,9,2,1498.275,4 2,South,2,2,115
0,3,9,1,1498.94,4 2,East,2,2,115
0,3,9,2,1499.61,4 3,East,2,2,115
0,3,9,2,1500.216,4 4,East,2,2,115
0,3,9,1,1500.9,4 4,North,2,2,115
0,3,9,2,1501.507,3 4,North,2,2,115
0,3,9,2,1502.086,2 4,North,2,2,115
0,3,9,2,1502.678,1 4,North,2,2,115
0,3,9,1,1503.276,1 4,West,2,2,115
0,3,9,1,1504.068,1 4,South,2,2,115
0,3,9,3,1504.836,1 4,West,2,2,115
0,3,9,3,1505.386,1 4,North,2,2,115
0,3,9,1,1505.989,1 4,West,2,2,115
0,3,9,1,1507.401,1 4,South,2,2,115
0,3,9,1,1508.981,1 4,East,2,2,115
0,3,9,3,1509.497,1 4,South,2,2,115
0,3,9,3,1510.196,1 4,West,2,2,115
0,3,9,3,1511.115,1 4,North,2,2,115
0,3,9,2,1511.881,0 4,North,2,2,115
0,3,9,1,1512.538,0 4,West,2,2,115
0,3,9,1,1513.144,0 4,South,2,2,115
0,3,9,2,1513.867,1 4,South,2,2,115
0,3,9,3,1514.484,1 4,West,2,2,115
0,3,9,2,1515.078,1 3,West,2,2,115
0,3,9,1,1515.735,1 3,South,2,2,115
0,3,9,2,1516.424,2 3,South,2,2,115
0,3,9,3,1516.956,2 3,West,2,2,115
0,3,9,2,1517.539,2 2,West,2,2,115
0,3,9,3,1518.187,2 2,North,2,2,115
0,3,9,2,1518.859,1 2,North,2,2,115
0,3,9,2,1519.466,0 2,North,2,2,115
0,3,9,6,1519.86,0 2,North,2,3,115
0,3,9,1,1520.371,0 2,West,2,3,115
0,3,9,2,1520.955,0 1,West,2,3,115
0,3,9,2,1521.592,0 0,West,2,3,115
0,3,9,3,1523.253,0 0,North,2,3,115
0,3,9,3,1523.892,0 0,East,2,3,115
0,3,9,2,1524.552,0 1,East,2,3,115
0,3,9,2,1525.143,0 2,East,2,3,115
0,3,9,3,1525.73,0 2,South,2,3,115
0,3,9,2,1526.326,1 2,South,2,3,115
0,3,9,2,1526.9,2 2,South,2,3,115
0,3,9,1,1527.528,2 2,East,2,3,115
0,3,9,2,1528.199,2 3,East,2,3,115
0,3,9,6,1528.6,2 3,East,2,4,115
0,3,9,1,1528.774,2 3,North,2,4,115
0,3,9,2,1529.332,1 3,North,2,4,115
0,3,9,3,1529.929,1 3,East,2,4,115
0,3,9,2,1530.485,1 4,East,2,4,115
0,3,9,3,1531.188,1 4,South,2,4,115
0,3,9,2,1533.192,2 4,South,2,4,115
0,3,9,2,1533.762,3 4,South,2,4,115
0,3,9,2,1534.34,4 4,South,2,4,115
0,3,9,3,1534.939,4 4,West,2,4,115
0,3,9,2,1535.513,4 3,West,2,4,115
0,3,9,2,1536.057,4 2,West,2,4,115
0,3,9,3,1536.643,4 2,North,2,4,115
0,3,9,2,1537.287,3 2,North,2,4,115
0,3,9,3,1537.976,3 2,East,2,4,115
0,3,9,1,1538.583,3 2,North,2,4,115
0,3,9,1,1539.127,3 2,West,2,4,115
0,3,9,2,1539.865,3 1,West,2,4,115
0,3,9,3,1540.547,3 1,North,2,4,115
0,3,9,2,1541.293,2 1,North,2,4,115
0,3,9,2,1541.943,1 1,North,2,4,115
0,3,9,1,1542.507,1 1,West,2,4,115
0,3,9,2,1543.189,1 0,West,2,4,115
0,3,9,1,1543.814,1 0,South,2,4,115
0,3,9,2,1544.535,2 0,South,2,4,115
0,3,9,2,1545.179,3 0,South,2,4,115
0,3,9,2,1545.909,4 0,South,2,4,115
0,3,9,1,1546.599,4 0,East,2,4,115
0,3,9,3,1547.747,4 0,South,2,4,115
0,3,9,3,1548.261,4 0,West,2,4,115
0,3,9,2,1549.19,4 0,West,2,4,115
0,3,9,2,1549.7,4 0,West,2,4,115
0,3,9,3,1549.991,4 0,North,2,4,115
0,3,9,3,1550.692,4 0,East,2,4,115
0,3,9,1,1551.386,4 0,North,2,4,115
0,3,9,2,1551.971,3 0,North,2,4,115
0,3,9,2,1552.581,2 0,North,2,4,115
0,3,9,2,1553.178,1 0,North,2,4,115
0,3,9,3,1553.782,1 0,East,2,4,115
0,3,9,2,1554.347,1 1,East,2,4,115
0,3,9,3,1554.965,1 1,South,2,4,115
0,3,9,2,1555.496,2 1,South,2,4,115
0,3,9,2,1556.024,3 1,South,2,4,115
0,3,9,1,1556.604,3 1,East,2,4,115
0,3,9,2,1557.236,3 2,East,2,4,115
0,3,9,3,1557.896,3 2,South,2,4,115
0,3,9,2,1558.506,4 2,South,2,4,115
0,3,9,1,1559.099,4 2,East,2,4,115
0,3,9,2,1559.671,4 3,East,2,4,115
0,3,9,2,1560.234,4 4,East,2,4,115
0,3,9,1,1560.859,4 4,North,2,4,115
0,3,9,2,1561.401,3 4,North,2,4,115
0,3,9,2,1562.021,2 4,North,2,4,115
0,3,9,2,1562.612,1 4,North,2,4,115
0,3,9,1,1563.144,1 4,West,2,4,115
0,3,9,2,1563.94,1 3,West,2,4,115
0,3,9,1,1564.629,1 3,South,2,4,115
0,3,9,2,1565.237,2 3,South,2,4,115
0,3,9,3,1565.86,2 3,West,2,4,115
0,3,9,2,1566.453,2 2,West,2,4,115
0,3,9,3,1567.066,2 2,North,2,4,115
0,3,9,2,1567.688,1 2,North,2,4,115
0,3,9,2,1568.31,0 2,North,2,4,115
0,3,9,1,1568.891,0 2,West,2,4,115
0,3,9,2,1569.478,0 1,West,2,4,115
0,3,9,2,1570.105,0 0,West,2,4,115
0,3,9,6,1570.52,0 0,West,2,5,115
0,3,9,2,1570.7,0 0,West,2,5,115
0,3,9,3,1571.286,0 0,North,2,5,115
0,3,9,3,1571.974,0 0,East,2,5,115
0,3,9,2,1572.667,0 1,East,2,5,115
0,3,9,2,1573.193,0 2,East,2,5,115
0,3,9,3,1573.897,0 2,South,2,5,115
0,3,9,2,1574.584,1 2,South,2,5,115
0,3,9,2,1575.123,2 2,South,2,5,115
0,3,9,1,1575.7,2 2,East,2,5,115
0,3,9,2,1576.291,2 3,East,2,5,115
0,3,9,1,1576.931,2 3,North,2,5,115
0,3,9,2,1577.572,1 3,North,2,5,115
0,3,9,3,1578.089,1 3,East,2,5,115
0,3,9,2,1578.691,1 4,East,2,5,115
0,3,9,6,1579.1,1 4,East,2,6,115
0,3,9,1,1579.285,1 4,North,2,6,115
0,3,9,1,1580.104,1 4,West,2,6,115
0,3,9,1,1580.651,1 4,South,2,6,115
0,3,9,1,1581.497,1 4,East,2,6,115
0,3,9,1,1582.116,1 4,North,2,6,115
0,3,9,2,1582.739,0 4,North,2,6,115
0,3,9,1,1583.317,0 4,West,2,6,115
0,3,9,1,1583.995,0 4,South,2,6,115
0,3,9,2,1584.681,1 4,South,2,6,115
0,3,9,2,1585.253,2 4,South,2,6,115
0,3,9,2,1585.844,3 4,South,2,6,115
0,3,9,2,1586.405,4 4,South,2,6,115
0,3,9,3,1586.946,4 4,West,2,6,115
0,3,9,2,1587.578,4 3,West,2,6,115
0,3,9,2,1588.168,4 2,West,2,6,115
0,3,9,3,1588.786,4 2,North,2,6,115
0,3,9,2,1589.496,3 2,North,2,6,115
0,3,9,3,1590.122,3 2,East,2,6,115
0,3,9,3,1590.714,3 2,South,2,6,115
0,3,9,3,1591.498,3 2,West,2,6,115
0,3,9,2,1592.231,3 1,West,2,6,115
0,3,9,3,1592.856,3 1,North,2,6,115
0,3,9,2,1593.449,2 1,North,2,6,115
0,3,9,2,1594.018,1 1,North,2,6,115
0,3,9,1,1594.582,1 1,West,2,6,115
0,3,9,2,1595.274,1 0,West,2,6,115
0,3,9,1,1595.924,1 0,South,2,6,115
0,3,9,2,1596.569,2 0,South,2,6,115
0,3,9,2,1597.207,3 0,South,2,6,115
0,3,9,2,1597.864,4 0,South,2,6,115
0,3,9,6,1598.26,4 0,South,2,7,115
0,3,9,2,1598.532,4 0,South,2,7,115
0,3,9,1,1598.76,4 0,East,2,7,115
0,3,9,2,1599.302,4 1,East,2,7,115
0,3,9,2,1599.881,4 1,East,2,7,115
0,3,9,1,1599.971,4 1,North,2,7,115
0,3,9,1,1600.666,4 1,West,2,7,115
0,3,9,2,1601.37,4 0,West,2,7,115
0,3,9,3,1601.977,4 0,North,2,7,115
0,3,9,2,1602.662,3 0,North,2,7,115
0,3,9,2,1603.235,2 0,North,2,7,115
0,3,9,2,1603.769,1 0,North,2,7,115
0,3,9,3,1604.377,1 0,East,2,7,115
0,3,9,2,1605.027,1 1,East,2,7,115
0,3,9,3,1605.558,1 1,South,2,7,115
0,3,9,2,1606.227,2 1,South,2,7,115
0,3,9,2,1606.856,3 1,South,2,7,115
0,3,9,1,1607.38,3 1,East,2,7,115
0,3,9,2,1608.019,3 2,East,2,7,115
0,3,9,3,1608.682,3 2,South,2,7,115
0,3,9,2,1609.303,4 2,South,2,7,115
0,3,9,1,1609.83,4 2,East,2,7,115
0,3,9,2,1610.392,4 3,East,2,7,115
0,3,9,2,1611.03,4 4,East,2,7,115
0,3,9,1,1611.571,4 4,North,2,7,115
0,3,9,2,1612.265,3 4,North,2,7,115
0,3,9,2,1612.887,2 4,North,2,7,115
0,3,9,2,1614.52,1 4,North,2,7,115
0,3,9,2,1615.11,0 4,North,2,7,115
0,3,9,6,1615.48,0 4,North,2,8,115
3,3,9,2,1618.65,3 4,North,2,0,0
3,3,9,2,1619.675,2 4,North,2,0,0
3,3,9,2,1620.36,1 4,North,2,0,0
3,3,9,6,1620.74,1 4,North,2,1,0
3,3,9,4,1621.179,2 4,North,2,1,0
3,3,9,4,1621.796,3 4,North,2,1,0
3,3,9,4,1623.274,4 4,North,2,1,0
3,3,9,2,1623.944,3 4,North,2,1,0
3,3,9,1,1624.553,3 4,North,2,1,1
3,3,9,1,1624.744,3 4,North,2,1,2
3,3,9,1,1624.982,3 4,North,2,1,3
3,3,9,4,1625.449,4 4,North,2,1,3
3,3,9,1,1625.988,4 3,North,2,1,3
3,3,9,1,1626.617,4 2,North,2,1,3
3,3,9,2,1627.242,3 2,North,2,1,3
3,3,9,2,1628.136,3 2,North,2,1,4
3,3,9,1,1628.798,3 1,North,2,1,4
3,3,9,1,1629.752,3 1,North,2,1,5
3,3,9,2,1630.267,2 1,North,2,1,5
3,3,9,1,1630.996,2 1,North,2,1,6
3,3,9,3,1631.846,2 1,North,2,1,7
3,3,9,4,1632.551,3 1,North,2,1,7
3,3,9,4,1633.331,3 1,North,2,1,8
3,3,9,3,1634.027,3 2,North,2,1,8
3,3,9,4,1634.644,4 2,North,2,1,8
3,3,9,1,1635.336,4 2,North,2,1,9
3,3,9,1,1635.706,4 2,North,2,1,10
3,3,9,2,1636.81,3 2,North,2,1,10
3,3,9,1,1637.371,3 1,North,2,1,10
3,3,9,2,1638.075,2 1,North,2,1,10
3,3,9,3,1639.522,2 1,North,2,1,11
3,3,9,1,1640.17,2 1,North,2,1,12
3,3,9,2,1640.6,1 1,North,2,1,12
3,3,9,1,1641.276,1 0,North,2,1,12
3,3,9,4,1641.988,2 0,North,2,1,12
3,3,9,4,1643.027,3 0,North,2,1,12
3,3,9,4,1643.557,4 0,North,2,1,12
3,3,9,6,1643.92,4 0,North,2,2,12
3,3,9,2,1644.309,3 0,North,2,2,12
3,3,9,2,1644.951,2 0,North,2,2,12
3,3,9,2,1645.499,1 0,North,2,2,12
3,3,9,3,1646.157,1 1,North,2,2,12
3,3,9,4,1646.722,2 1,North,2,2,12
3,3,9,4,1647.29,3 1,North,2,2,12
3,3,9,4,1647.866,3 1,North,2,2,13
3,3,9,3,1648.34,3 2,North,2,2,13
3,3,9,4,1648.972,4 2,North,2,2,13
3,3,9,3,1649.636,4 3,North,2,2,13
3,3,9,3,1650.17,4 4,North,2,2,13
3,3,9,2,1650.725,3 4,North,2,2,13
3,3,9,6,1651.1,3 4,North,2,3,13
3,3,9,2,1651.98,2 4,North,2,3,13
3,3,9,2,1652.665,1 4,North,2,3,13
3,3,9,2,1653.24,0 4,North,2,3,13
3,3,9,1,1654.076,0 3,North,2,3,13
3,3,9,1,1654.677,0 3,North,2,3,14
3,3,9,1,1654.902,0 3,North,2,3,15
3,3,9,3,1655.255,0 4,North,2,3,15
3,3,9,4,1656.043,1 4,North,2,3,15
3,3,9,1,1656.591,1 3,North,2,3,15
3,3,9,2,1657.267,1 3,North,2,3,16
3,3,9,1,1658.169,1 3,North,2,3,17
3,3,9,2,1658.874,1 3,North,2,3,18
3,3,9,3,1659.546,1 4,North,2,3,18
3,3,9,1,1660.557,1 3,North,2,3,18
3,3,9,4,1661.244,2 3,North,2,3,18
3,3,9,1,1662.058,2 2,North,2,3,18
3,3,9,2,1662.744,1 2,North,2,3,18
3,3,9,2,1663.365,0 2,North,2,3,18
3,3,9,6,1663.74,0 2,North,2,4,18
3,3,9,4,1664.197,1 2,North,2,4,18
3,3,9,4,1664.779,2 2,North,2,4,18
3,3,9,1,1665.591,2 2,North,2,4,19
3,3,9,1,1665.799,2 2,North,2,4,20
3,3,9,4,1666.579,2 2,North,2,4,21
3,3,9,2,1667.075,1 2,North,2,4,21
3,3,9,1,1667.894,1 2,North,2,4,22
3,3,9,2,1668.667,0 2,North,2,4,22
3,3,9,1,1669.333,0 1,North,2,4,22
3,3,9,4,1669.974,0 1,North,2,4,23
3,3,9,4,1670.314,0 1,North,2,4,24
3,3,9,1,1670.903,0 0,North,2,4,24
3,3,9,4,1671.481,0 0,North,2,4,25
3,3,9,4,1671.781,0 0,North,2,4,26
3,3,9,4,1672.091,0 0,North,2,4,27
3,3,9,4,1672.284,0 0,North,2,4,28
3,3,9,4,1672.604,0 0,North,2,4,29
3,3,9,4,1672.875,0 0,North,2,4,30
3,3,9,3,1673.238,0 1,North,2,4,30
3,3,9,1,1673.892,0 0,North,2,4,30
3,3,9,1,1674.451,0 0,North,2,4,30
3,3,9,4,1674.778,0 0,North,2,4,31
3,3,9,4,1675.109,0 0,North,2,4,32
3,3,9,3,1675.386,0 1,North,2,4,32
3,3,9,4,1676.039,0 1,North,2,4,33
3,3,9,4,1676.326,0 1,North,2,4,34
3,3,9,1,1676.771,0 0,North,2,4,34
3,3,9,4,1677.466,0 0,North,2,4,35
3,3,9,3,1677.819,0 1,North,2,4,35
3,3,9,3,1678.403,0 2,North,2,4,35
3,3,9,4,1679.179,1 2,North,2,4,35
3,3,9,4,1679.766,2 2,North,2,4,35
3,3,9,1,1680.52,2 2,North,2,4,36
3,3,9,4,1681.066,2 2,North,2,4,37
3,3,9,4,1681.651,2 2,North,2,4,38
3,3,9,3,1681.942,2 3,North,2,4,38
3,3,9,4,1682.551,2 3,North,2,4,39
3,3,9,4,1682.966,2 3,North,2,4,40
3,3,9,3,1683.298,2 3,North,2,4,41
3,3,9,3,1683.849,2 3,North,2,4,42
3,3,9,1,1684.382,2 2,North,2,4,42
3,3,9,2,1685.18,1 2,North,2,4,42
3,3,9,3,1686.058,1 2,North,2,4,43
3,3,9,3,1686.374,1 2,North,2,4,44
3,3,9,1,1686.762,1 2,North,2,4,45
3,3,9,4,1687.42,2 2,North,2,4,45
3,3,9,4,1688.121,2 2,North,2,4,46
3,3,9,4,1688.363,2 2,North,2,4,47
3,3,9,3,1688.61,2 3,North,2,4,47
3,3,9,3,1689.283,2 3,North,2,4,48
3,3,9,3,1689.492,2 3,North,2,4,49
3,3,9,3,1689.73,2 3,North,2,4,50
3,3,9,4,1689.938,2 3,North,2,4,51
3,3,9,2,1690.39,1 3,North,2,4,51
3,3,9,2,1691.053,1 3,North,2,4,52
3,3,9,3,1691.557,1 4,North,2,4,52
3,3,9,4,1692.364,2 4,North,2,4,52
3,3,9,4,1693.043,3 4,North,2,4,52
3,3,9,4,1693.961,4 4,North,2,4,52
3,3,9,1,1694.634,4 3,North,2,4,52
3,3,9,1,1695.286,4 2,North,2,4,52
3,3,9,1,1695.93,4 2,North,2,4,53
3,3,9,2,1696.473,3 2,North,2,4,53
3,3,9,1,1697.191,3 1,North,2,4,53
3,3,9,2,1697.818,2 1,North,2,4,53
3,3,9,6,1698.2,2 1,North,2,5,53
3,3,9,4,1698.731,3 1,North,2,5,53
3,3,9,3,1699.339,3 2,North,2,5,53
3,3,9,4,1699.892,4 2,North,2,5,53
3,3,9,3,1700.438,4 3,North,2,5,53
3,3,9,3,1700.979,4 4,North,2,5,53
3,3,9,2,1701.628,3 4,North,2,5,53
3,3,9,2,1702.632,2 4,North,2,5,53
3,3,9,2,1703.276,1 4,North,2,5,53
3,3,9,2,1703.829,0 4,North,2,5,53
3,3,9,1,1704.359,0 3,North,2,5,53
3,3,9,6,1704.76,0 3,North,2,6,53
3,3,9,3,1705.031,0 4,North,2,6,53
3,3,9,4,1705.613,1 4,North,2,6,53
3,3,9,4,1706.298,2 4,North,2,6,53
3,3,9,1,1706.903,2 4,North,2,6,54
3,3,9,1,1707.126,2 4,North,2,6,55
3,3,9,2,1707.802,1 4,North,2,6,55
3,3,9,1,1708.346,1 3,North,2,6,55
3,3,9,4,1709.045,2 3,North,2,6,55
3,3,9,1,1709.653,2 2,North,2,6,55
3,3,9,6,1710.06,2 2,North,2,7,55
3,3,9,3,1710.57,2 3,North,2,7,55
3,3,9,2,1711.174,1 3,North,2,7,55
3,3,9,6,1711.56,1 3,North,2,8,55
0,4,10,2,1716.826,3 4,North,2,0,55
0,4,10,2,1717.512,2 4,North,2,0,55
0,4,10,2,1718.14,1 4,North,2,0,55
0,4,10,1,1718.939,1 4,West,2,0,55
0,4,10,3,1719.928,1 4,North,2,0,55
0,4,10,1,1720.692,1 4,West,2,0,55
0,4,10,2,1721.573,1 3,West,2,0,55
0,4,10,1,1722.115,1 3,South,2,0,55
0,4,10,2,1722.828,2 3,South,2,0,55
0,4,10,3,1723.511,2 3,West,2,0,55
0,4,10,3,1724.152,2 3,North,2,0,55
0,4,10,1,1724.773,2 3,West,2,0,55
0,4,10,2,1725.282,2 2,West,2,0,55
0,4,10,3,1725.819,2 2,North,2,0,55
0,4,10,2,1726.343,1 2,North,2,0,55
0,4,10,2,1726.963,0 2,North,2,0,55
0,4,10,1,1727.579,0 2,West,2,0,55
0,4,10,2,1728.091,0 1,West,2,0,55
0,4,10,3,1728.806,0 1,North,2,0,55
0,4,10,3,1729.365,0 1,East,2,0,55
0,4,10,2,1730.186,0 2,East,2,0,55
0,4,10,3,1730.806,0 2,South,2,0,55
0,4,10,2,1731.449,1 2,South,2,0,55
0,4,10,2,1732.348,2 2,South,2,0,55
0,4,10,1,1732.916,2 2,East,2,0,55
0,4,10,2,1733.572,2 3,East,2,0,55
0,4,10,1,1734.259,2 3,North,2,0,55
0,4,10,2,1734.967,1 3,North,2,0,55
0,4,10,3,1735.674,1 3,East,2,0,55
0,4,10,3,1736.296,1 3,South,2,0,55
0,4,10,1,1736.884,1 3,East,2,0,55
0,4,10,2,1737.412,1 4,East,2,0,55
0,4,10,3,1738.135,1 4,South,2,0,55
0,4,10,3,1739.895,1 4,West,2,0,55
0,4,10,3,1740.777,1 4,North,2,0,55
0,4,10,2,1741.478,0 4,North,2,0,55
0,4,10,3,1742.21,0 4,East,2,0,55
0,4,10,3,1743.107,0 4,South,2,0,55
0,4,10,2,1743.955,1 4,South,2,0,55
0,4,10,2,1744.568,2 4,South,2,0,55
0,4,10,2,1745.465,3 4,South,2,0,55
0,4,10,2,1745.995,4 4,South,2,0,55
0,4,10,3,1746.596,4 4,West,2,0,55
0,4,10,2,1747.147,4 3,West,2,0,55
0,4,10,2,1747.734,4 2,West,2,0,55
0,4,10,3,1748.731,4 2,North,2,0,55
0,4,10,2,1749.253,3 2,North,2,0,55
0,4,10,3,1749.989,3 2,East,2,0,55
0,4,10,1,1750.776,3 2,North,2,0,55
0,4,10,1,1751.547,3 2,West,2,0,55
0,4,10,2,1752.406,3 1,West,2,0,55
0,4,10,1,1754.282,3 1,South,2,0,55
0,4,10,3,1755.449,3 1,West,2,0,55
0,4,10,2,1756.084,3 1,West,2,0,55
0,4,10,3,1756.435,3 1,North,2,0,55
0,4,10,2,1757.319,2 1,North,2,0,55
0,4,10,2,1757.957,1 1,North,2,0,55
0,4,10,1,1758.676,1 1,West,2,0,55
0,4,10,2,1759.193,1 0,West,2,0,55
0,4,10,1,1759.846,1 0,South,2,0,55
0,4,10,2,1760.424,2 0,South,2,0,55
0,4,10,2,1761.06,3 0,South,2,0,55
0,4,10,2,1761.875,4 0,South,2,0,55
0,4,10,6,1762.26,4 0,South,2,1,55
0,4,10,1,1762.522,4 0,East,2,1,55
0,4,10,1,1763.251,4 0,North,2,1,55
0,4,10,2,1764.028,3 0,North,2,1,55
0,4,10,2,1764.955,2 0,North,2,1,55
0,4,10,2,1766.028,1 0,North,2,1,55
0,4,10,3,1766.547,1 0,East,2,1,55
0,4,10,2,1767.107,1 1,East,2,1,55
0,4,10,3,1767.813,1 1,South,2,1,55
0,4,10,2,1768.443,2 1,South,2,1,55
0,4,10,2,1769.043,3 1,South,2,1,55
0,4,10,1,1769.658,3 1,East,2,1,55
0,4,10,2,1770.33,3 2,East,2,1,55
0,4,10,6,1770.74,3 2,East,2,2,55
0,4,10,3,1771.238,3 2,South,2,2,55
0,4,10,2,1772.119,4 2,South,2,2,55
0,4,10,1,1772.841,4 2,East,2,2,55
0,4,10,2,1773.718,4 3,East,2,2,55
0,4,10,2,1774.343,4 4,East,2,2,55
0,4,10,1,1774.92,4 4,North,2,2,55
0,4,10,2,1775.459,3 4,North,2,2,55
0,4,10,2,1776.058,2 4,North,2,2,55
0,4,10,2,1776.683,1 4,North,2,2,55
0,4,10,1,1777.378,1 4,West,2,2,55
0,4,10,1,1778.458,1 4,South,2,2,55
0,4,10,3,1779.077,1 4,West,2,2,55
0,4,10,2,1779.976,1 3,West,2,2,55
0,4,10,1,1780.739,1 3,South,2,2,55
0,4,10,2,1781.476,2 3,South,2,2,55
0,4,10,3,1782.082,2 3,West,2,2,55
0,4,10,2,1782.804,2 2,West,2,2,55
0,4,10,3,1783.495,2 2,North,2,2,55
0,4,10,2,1784.151,1 2,North,2,2,55
0,4,10,2,1784.761,0 2,North,2,2,55
0,4,10,1,1785.466,0 2,West,2,2,55
0,4,10,2,1785.977,0 1,West,2,2,55
0,4,10,3,1786.882,0 1,North,2,2,55
0,4,10,3,1787.525,0 1,East,2,2,55
0,4,10,2,1788.741,0 2,East,2,2,55
0,4,10,3,1789.48,0 2,South,2,2,55
0,4,10,2,1790.12,1 2,South,2,2,55
0,4,10,2,1790.715,2 2,South,2,2,55
0,4,10,1,1791.29,2 2,East,2,2,55
0,4,10,2,1791.852,2 3,East,2,2,55
0,4,10,1,1792.518,2 3,North,2,2,55
0,4,10,2,1793.18,1 3,North,2,2,55
0,4,10,3,1793.815,1 3,East,2,2,55
0,4,10,2,1794.648,1 4,East,2,2,55
0,4,10,3,1795.468,1 4,South,2,2,55
0,4,10,2,1796.042,2 4,South,2,2,55
0,4,10,2,1796.635,3 4,South,2,2,55
0,4,10,2,1797.273,4 4,South,2,2,55
0,4,10,3,1797.896,4 4,West,2,2,55
0,4,10,2,1798.601,4 3,West,2,2,55
0,4,10,2,1799.143,4 2,West,2,2,55
0,4,10,3,1799.731,4 2,North,2,2,55
0,4,10,2,1800.387,3 2,North,2,2,55
0,4,10,1,1801.109,3 2,West,2,2,55
0,4,10,1,1802.12,3 2,South,2,2,55
0,4,10,3,1802.681,3 2,West,2,2,55
0,4,10,2,1803.242,3 1,West,2,2,55
0,4,10,3,1803.947,3 1,North,2,2,55
0,4,10,2,1804.602,2 1,North,2,2,55
0,4,10,2,1805.235,1 1,North,2,2,55
0,4,10,6,1805.62,1 1,North,2,3,55
0,4,10,1,1806.089,1 1,West,2,3,55
0,4,10,2,1806.892,1 0,West,2,3,55
0,4,10,1,1807.562,1 0,South,2,3,55
0,4,10,2,1808.184,2 0,South,2,3,55
0,4,10,2,1808.838,3 0,South,2,3,55
0,4,10,6,1809.22,3 0,South,2,4,55
0,4,10,2,1809.572,4 0,South,2,4,55
0,4,10,1,1810.186,4 0,East,2,4,55
0,4,10,1,1810.986,4 0,North,2,4,55
0,4,10,2,1811.509,3 0,North,2,4,55
0,4,10,2,1812.052,2 0,North,2,4,55
0,4,10,2,1812.565,1 0,North,2,4,55
0,4,10,3,1813.156,1 0,East,2,4,55
0,4,10,2,1813.754,1 1,East,2,4,55
0,4,10,3,1814.33,1 1,South,2,4,55
0,4,10,2,1814.938,2 1,South,2,4,55
0,4,10,2,1815.54,3 1,South,2,4,55
0,4,10,1,1816.119,3 1,East,2,4,55
0,4,10,2,1816.841,3 2,East,2,4,55
0,4,10,3,1817.51,3 2,South,2,4,55
0,4,10,2,1818.051,4 2,South,2,4,55
0,4,10,1,1818.563,4 2,East,2,4,55
0,4,10,2,1819.227,4 3,East,2,4,55
0,4,10,2,1819.844,4 4,East,2,4,55
0,4,10,1,1820.423,4 4,North,2,4,55
0,4,10,2,1821.076,3 4,North,2,4,55
0,4,10,2,1821.666,2 4,North,2,4,55
0,4,10,2,1822.341,1 4,North,2,4,55
0,4,10,1,1823.445,1 4,West,2,4,55
0,4,10,2,1824.118,1 3,West,2,4,55
0,4,10,6,1824.52,1 3,West,2,5,55
0,4,10,1,1824.899,1 3,South,2,5,55
0,4,10,2,1825.528,2 3,South,2,5,55
0,4,10,3,1826.101,2 3,West,2,5,55
0,4,10,2,1826.71,2 2,West,2,5,55
0,4,10,3,1827.339,2 2,North,2,5,55
0,4,10,2,1828.008,1 2,North,2,5,55
0,4,10,2,1828.935,0 2,North,2,5,55
0,4,10,1,1829.591,0 2,West,2,5,55
0,4,10,2,1830.2,0 1,West,2,5,55
0,4,10,2,1830.904,0 0,West,2,5,55
0,4,10,2,1831.594,0 0,West,2,5,55
0,4,10,3,1832.618,0 0,North,2,5,55
0,4,10,3,1833.252,0 0,East,2,5,55
0,4,10,2,1834.133,0 1,East,2,5,55
0,4,10,2,1834.652,0 2,East,2,5,55
0,4,10,3,1835.219,0 2,South,2,5,55
0,4,10,2,1835.875,1 2,South,2,5,55
0,4,10,2,1836.604,2 2,South,2,5,55
0,4,10,1,1837.306,2 2,East,2,5,55
0,4,10,2,1837.82,2 3,East,2,5,55
0,4,10,1,1838.739,2 3,North,2,5,55
0,4,10,2,1839.427,1 3,North,2,5,55
0,4,10,3,1839.993,1 3,East,2,5,55
0,4,10,2,1840.572,1 4,East,2,5,55
0,4,10,1,1841.159,1 4,North,2,5,55
0,4,10,2,1841.683,0 4,North,2,5,55
0,4,10,1,1842.362,0 4,West,2,5,55
0,4,10,1,1842.954,0 4,South,2,5,55
0,4,10,2,1843.622,1 4,South,2,5,55
0,4,10,2,1844.154,2 4,South,2,5,55
0,4,10,2,1844.678,3 4,South,2,5,55
0,4,10,2,1845.195,4 4,South,2,5,55
0,4,10,3,1845.735,4 4,West,2,5,55
0,4,10,3,1846.277,4 4,North,2,5,55
0,4,10,1,1846.908,4 4,West,2,5,55
0,4,10,2,1847.575,4 3,West,2,5,55
0,4,10,2,1848.136,4 2,West,2,5,55
0,4,10,3,1848.696,4 2,North,2,5,55
0,4,10,2,1849.26,3 2,North,2,5,55
0,4,10,1,1849.849,3 2,West,2,5,55
0,4,10,1,1850.467,3 2,South,2,5,55
0,4,10,3,1851.173,3 2,West,2,5,55
0,4,10,2,1851.811,3 1,West,2,5,55
0,4,10,6,1852.22,3 1,West,2,6,55
0,4,10,3,1852.567,3 1,North,2,6,55
0,4,10,3,1853.319,3 1,East,2,6,55
0,4,10,1,1854.089,3 1,North,2,6,55
0,4,10,2,1854.612,2 1,North,2,6,55
0,4,10,2,1855.224,1 1,North,2,6,55
0,4,10,1,1855.932,1 1,West,2,6,55
0,4,10,2,1856.661,1 0,West,2,6,55
0,4,10,1,1857.251,1 0,South,2,6,55
0,4,10,2,1857.769,2 0,South,2,6,55
0,4,10,2,1858.316,3 0,South,2,6,55
0,4,10,2,1858.931,4 0,South,2,6,55
0,4,10,1,1859.529,4 0,East,2,6,55
0,4,10,1,1860.329,4 0,North,2,6,55
0,4,10,2,1860.987,3 0,North,2,6,55
0,4,10,2,1861.594,2 0,North,2,6,55
0,4,10,2,1862.147,1 0,North,2,6,55
0,4,10,3,1862.758,1 0,East,2,6,55
0,4,10,2,1863.426,1 1,East,2,6,55
0,4,10,3,1863.974,1 1,South,2,6,55
0,4,10,2,1864.555,2 1,South,2,6,55
0,4,10,2,1865.143,3 1,South,2,6,55
0,4,10,1,1865.763,3 1,East,2,6,55
0,4,10,2,1866.475,3 2,East,2,6,55
0,4,10,3,1867.387,3 2,South,2,6,55
0,4,10,2,1867.946,4 2,South,2,6,55
0,4,10,1,1868.614,4 2,East,2,6,55
0,4,10,2,1869.397,4 3,East,2,6,55
0,4,10,2,1870.471,4 4,East,2,6,55
0,4,10,2,1871.449,4 4,East,2,6,55
0,4,10,1,1871.532,4 4,North,2,6,55
0,4,10,2,1872.132,3 4,North,2,6,55
0,4,10,2,1872.741,2 4,North,2,6,55
0,4,10,2,1873.397,1 4,North,2,6,55
0,4,10,1,1873.976,1 4,West,2,6,55
0,4,10,1,1875.354,1 4,South,2,6,55
0,4,10,3,1875.928,1 4,West,2,6,55
0,4,10,2,1876.627,1 3,West,2,6,55
0,4,10,1,1877.286,1 3,South,2,6,55
0,4,10,2,1877.912,2 3,South,2,6,55
0,4,10,3,1878.571,2 3,West,2,6,55
0,4,10,2,1879.192,2 2,West,2,6,55
0,4,10,3,1879.803,2 2,North,2,6,55
0,4,10,2,1880.469,1 2,North,2,6,55
0,4,10,2,1881.109,0 2,North,2,6,55
0,4,10,1,1881.689,0 2,West,2,6,55
0,4,10,2,1882.265,0 1,West,2,6,55
0,4,10,6,1882.68,0 1,West,2,7,55
0,4,10,2,1882.887,0 0,West,2,7,55
0,4,10,3,1883.544,0 0,North,2,7,55
0,4,10,3,1884.233,0 0,East,2,7,55
0,4,10,2,1884.857,0 1,East,2,7,55
0,4,10,2,1885.529,0 2,East,2,7,55
0,4,10,3,1886.131,0 2,South,2,7,55
0,4,10,2,1886.724,1 2,South,2,7,55
0,4,10,2,1887.288,2 2,South,2,7,55
0,4,10,1,1887.931,2 2,East,2,7,55
0,4,10,2,1888.57,2 3,East,2,7,55
0,4,10,1,1889.142,2 3,North,2,7,55
0,4,10,3,1889.911,2 3,East,2,7,55
0,4,10,1,1890.658,2 3,North,2,7,55
0,4,10,2,1891.347,1 3,North,2,7,55
0,4,10,3,1891.895,1 3,East,2,7,55
0,4,10,2,1892.406,1 4,East,2,7,55
0,4,10,3,1893.084,1 4,South,2,7,55
0,4,10,2,1893.687,2 4,South,2,7,55
0,4,10,2,1894.315,3 4,South,2,7,55
0,4,10,2,1894.886,4 4,South,2,7,55
0,4,10,3,1895.481,4 4,West,2,7,55
0,4,10,2,1896.068,4 3,West,2,7,55
0,4,10,2,1896.659,4 2,West,2,7,55
0,4,10,3,1897.286,4 2,North,2,7,55
0,4,10,2,1897.829,3 2,North,2,7,55
0,4,10,1,1898.469,3 2,West,2,7,55
0,4,10,2,1899.108,3 1,West,2,7,55
0,4,10,3,1899.738,3 1,North,2,7,55
0,4,10,2,1900.276,2 1,North,2,7,55
0,4,10,2,1901.191,1 1,North,2,7,55
0,4,10,1,1901.845,1 1,West,2,7,55
0,4,10,2,1902.387,1 0,West,2,7,55
0,4,10,1,1903.015,1 0,South,2,7,55
0,4,10,2,1903.592,2 0,South,2,7,55
0,4,10,2,1904.198,3 0,South,2,7,55
0,4,10,2,1904.794,4 0,South,2,7,55
0,4,10,1,1905.541,4 0,East,2,7,55
0,4,10,2,1906.185,4 1,East,2,7,55
0,4,10,6,1906.6,4 1,East,2,8,55
3,4,10,1,1910.805,4 3,North,2,0,0
3,4,10,2,1912.764,4 3,North,2,0,1
3,4,10,1,1913.549,4 2,North,2,0,1
3,4,10,2,1914.09,3 2,North,2,0,1
3,4,10,1,1914.716,3 1,North,2,0,1
3,4,10,1,1917.273,3 1,North,2,0,2
3,4,10,2,1917.704,2 1,North,2,0,2
3,4,10,1,1918.395,2 1,North,2,0,3
3,4,10,2,1918.952,1 1,North,2,0,3
3,4,10,1,1920.139,1 0,North,2,0,3
3,4,10,4,1920.87,2 0,North,2,0,3
3,4,10,4,1921.578,3 0,North,2,0,3
3,4,10,4,1922.232,4 0,North,2,0,3
3,4,10,6,1922.6,4 0,North,2,1,3
3,4,10,2,1924.116,3 0,North,2,1,3
3,4,10,2,1924.69,2 0,North,2,1,3
3,4,10,3,1925.479,2 0,North,2,1,4
3,4,10,3,1925.691,2 0,North,2,1,5
3,4,10,2,1926.149,1 0,North,2,1,5
3,4,10,3,1926.808,1 1,North,2,1,5
3,4,10,6,1927.22,1 1,North,2,2,5
3,4,10,4,1927.997,2 1,North,2,2,5
3,4,10,3,1928.838,2 1,North,2,2,6
3,4,10,4,1929.555,3 1,North,2,2,6
3,4,10,3,1930.343,3 2,North,2,2,6
3,4,10,6,1930.76,3 2,North,2,3,6
3,4,10,3,1931.56,3 3,North,2,3,6
3,4,10,4,1932.717,3 3,North,2,3,7
3,4,10,1,1933.285,3 2,North,2,3,7
3,4,10,4,1934.011,4 2,North,2,3,7
3,4,10,3,1934.73,4 3,North,2,3,7
3,4,10,3,1935.626,4 4,North,2,3,7
3,4,10,2,1936.185,3 4,North,2,3,7
3,4,10,2,1936.715,2 4,North,2,3,7
3,4,10,2,1937.32,1 4,North,2,3,7
3,4,10,2,1937.844,0 4,North,2,3,7
3,4,10,1,1938.406,0 3,North,2,3,7
3,4,10,6,1938.8,0 3,North,2,4,7
3,4,10,3,1939.032,0 4,North,2,4,7
3,4,10,4,1939.604,1 4,North,2,4,7
3,4,10,4,1940.196,2 4,North,2,4,7
3,4,10,4,1940.71,3 4,North,2,4,7
3,4,10,4,1941.352,4 4,North,2,4,7
3,4,10,1,1941.973,4 3,North,2,4,7
3,4,10,1,1942.522,4 2,North,2,4,7
3,4,10,1,1943.046,4 2,North,2,4,8
3,4,10,1,1943.243,4 2,North,2,4,9
3,4,10,2,1943.561,3 2,North,2,4,9
3,4,10,1,1944.229,3 1,North,2,4,9
3,4,10,6,1944.64,3 1,North,2,5,9
3,4,10,3,1944.951,3 2,North,2,5,9
3,4,10,4,1945.476,4 2,North,2,5,9
3,4,10,3,1946.068,4 3,North,2,5,9
3,4,10,6,1946.48,4 3,North,2,6,9
3,4,10,1,1946.793,4 2,North,2,6,9
3,4,10,2,1947.461,3 2,North,2,6,9
3,4,10,2,1948.035,3 2,North,2,6,10
3,4,10,1,1948.692,3 1,North,2,6,10
3,4,10,2,1949.26,2 1,North,2,6,10
3,4,10,6,1949.64,2 1,North,2,7,10
3,4,10,4,1950.104,3 1,North,2,7,10
3,4,10,3,1950.742,3 2,North,2,7,10
3,4,10,4,1951.336,4 2,North,2,7,10
3,4,10,3,1951.902,4 3,North,2,7,10
3,4,10,3,1952.55,4 4,North,2,7,10
3,4,10,2,1953.178,3 4,North,2,7,10
3,4,10,2,1953.852,2 4,North,2,7,10
3,4,10,2,1954.469,1 4,North,2,7,10
3,4,10,6,1954.84,1 4,North,2,8,10
0,4,11,2,1958.342,3 4,North,2,0,10
0,4,11,2,1958.971,2 4,North,2,0,10
0,4,11,2,1959.559,1 4,North,2,0,10
0,4,11,2,1960.424,0 4,North,2,0,10
0,4,11,1,1961.209,0 4,West,2,0,10
0,4,11,1,1961.875,0 4,South,2,0,10
0,4,11,2,1962.387,1 4,South,2,0,10
0,4,11,3,1963.098,1 4,West,2,0,10
0,4,11,2,1963.673,1 3,West,2,0,10
0,4,11,1,1964.228,1 3,South,2,0,10
0,4,11,2,1964.857,2 3,South,2,0,10
0,4,11,3,1965.444,2 3,West,2,0,10
0,4,11,2,1966.106,2 2,West,2,0,10
0,4,11,3,1966.678,2 2,North,2,0,10
0,4,11,2,1967.227,1 2,North,2,0,10
0,4,11,6,1967.6,1 2,North,2,1,10
0,4,11,2,1967.828,0 2,North,2,1,10
0,4,11,1,1968.435,0 2,West,2,1,10
0,4,11,2,1969.195,0 1,West,2,1,10
0,4,11,2,1969.834,0 0,West,2,1,10
0,4,11,6,1970.24,0 0,West,2,2,10
0,4,11,1,1970.341,0 0,South,2,2,10
0,4,11,1,1970.931,0 0,East,2,2,10
0,4,11,2,1971.623,0 1,East,2,2,10
0,4,11,2,1972.244,0 2,East,2,2,10
0,4,11,3,1972.872,0 2,South,2,2,10
0,4,11,2,1973.452,1 2,South,2,2,10
0,4,11,2,1974.104,2 2,South,2,2,10
0,4,11,1,1974.7,2 2,East,2,2,10
0,4,11,2,1975.386,2 3,East,2,2,10
0,4,11,1,1975.901,2 3,North,2,2,10
0,4,11,2,1976.568,1 3,North,2,2,10
0,4,11,3,1977.203,1 3,East,2,2,10
0,4,11,2,1977.86,1 4,East,2,2,10
0,4,11,3,1978.451,1 4,South,2,2,10
0,4,11,2,1978.981,2 4,South,2,2,10
0,4,11,6,1979.36,2 4,South,2,3,10
0,4,11,2,1979.61,3 4,South,2,3,10
0,4,11,2,1980.163,4 4,South,2,3,10
0,4,11,3,1980.714,4 4,West,2,3,10
0,4,11,2,1981.322,4 3,West,2,3,10
0,4,11,2,1981.875,4 2,West,2,3,10
0,4,11,3,1982.475,4 2,North,2,3,10
0,4,11,2,1983.112,3 2,North,2,3,10
0,4,11,1,1983.849,3 2,West,2,3,10
0,4,11,2,1984.472,3 1,West,2,3,10
0,4,11,3,1985.047,3 1,North,2,3,10
0,4,11,2,1985.706,2 1,North,2,3,10
0,4,11,2,1986.356,1 1,North,2,3,10
0,4,11,1,1986.948,1 1,West,2,3,10
0,4,11,2,1987.605,1 0,West,2,3,10
0,4,11,1,1988.167,1 0,South,2,3,10
0,4,11,2,1988.777,2 0,South,2,3,10
0,4,11,2,1989.443,3 0,South,2,3,10
0,4,11,1,1990.069,3 0,East,2,3,10
0,4,11,3,1990.631,3 0,South,2,3,10
0,4,11,2,1991.321,4 0,South,2,3,10
0,4,11,1,1992.052,4 0,East,2,3,10
0,4,11,1,1992.674,4 0,North,2,3,10
0,4,11,2,1993.382,3 0,North,2,3,10
0,4,11,2,1993.957,2 0,North,2,3,10
0,4,11,3,1995.513,2 0,East,2,3,10
0,4,11,2,1996.281,2 0,East,2,3,10
0,4,11,3,1996.708,2 0,South,2,3,10
0,4,11,2,1997.411,3 0,South,2,3,10
0,4,11,2,1998.038,4 0,South,2,3,10
0,4,11,3,1998.726,4 0,West,2,3,10
0,4,11,3,1999.381,4 0,North,2,3,10
0,4,11,2,2000.23,3 0,North,2,3,10
0,4,11,2,2000.978,2 0,North,2,3,10
0,4,11,2,2001.668,1 0,North,2,3,10
0,4,11,3,2002.311,1 0,East,2,3,10
0,4,11,3,2003.224,1 0,South,2,3,10
0,4,11,1,2003.787,1 0,East,2,3,10
0,4,11,2,2004.296,1 1,East,2,3,10
0,4,11,3,2004.854,1 1,South,2,3,10
0,4,11,2,2005.466,2 1,South,2,3,10
0,4,11,2,2006.075,3 1,South,2,3,10
0,4,11,1,2006.664,3 1,East,2,3,10
0,4,11,2,2008.068,3 2,East,2,3,10
0,4,11,3,2009.045,3 2,South,2,3,10
0,4,11,2,2009.89,4 2,South,2,3,10
0,4,11,1,2010.534,4 2,East,2,3,10
0,4,11,2,2011.157,4 3,East,2,3,10
0,4,11,2,2011.716,4 4,East,2,3,10
0,4,11,1,2012.408,4 4,North,2,3,10
0,4,11,2,2013.034,3 4,North,2,3,10
0,4,11,2,2013.578,2 4,North,2,3,10
0,4,11,2,2014.265,1 4,North,2,3,10
0,4,11,1,2014.87,1 4,West,2,3,10
0,4,11,1,2016.02,1 4,South,2,3,10
0,4,11,3,2016.55,1 4,West,2,3,10
0,4,11,2,2017.206,1 3,West,2,3,10
0,4,11,1,2017.863,1 3,South,2,3,10
0,4,11,2,2018.453,2 3,South,2,3,10
0,4,11,3,2019.083,2 3,West,2,3,10
0,4,11,2,2019.721,2 2,West,2,3,10
0,4,11,3,2020.276,2 2,North,2,3,10
0,4,11,2,2020.906,1 2,North,2,3,10
0,4,11,2,2021.496,0 2,North,2,3,10
0,4,11,6,2021.88,0 2,North,2,4,10
0,4,11,1,2022.115,0 2,West,2,4,10
0,4,11,2,2022.744,0 1,West,2,4,10
0,4,11,1,2023.475,0 1,South,2,4,10
0,4,11,1,2024.274,0 1,East,2,4,10
0,4,11,2,2024.938,0 2,East,2,4,10
0,4,11,3,2025.605,0 2,South,2,4,10
0,4,11,2,2026.214,1 2,South,2,4,10
0,4,11,2,2026.793,2 2,South,2,4,10
0,4,11,1,2027.481,2 2,East,2,4,10
0,4,11,2,2028.139,2 3,East,2,4,10
0,4,11,1,2028.699,2 3,North,2,4,10
0,4,11,2,2029.269,1 3,North,2,4,10
0,4,11,3,2029.847,1 3,East,2,4,10
0,4,11,2,2030.47,1 4,East,2,4,10
0,4,11,3,2031.192,1 4,South,2,4,10
0,4,11,2,2032.036,2 4,South,2,4,10
0,4,11,2,2032.585,3 4,South,2,4,10
0,4,11,2,2033.156,4 4,South,2,4,10
0,4,11,3,2033.736,4 4,West,2,4,10
0,4,11,2,2034.456,4 3,West,2,4,10
0,4,11,2,2035.049,4 2,West,2,4,10
0,4,11,3,2035.603,4 2,North,2,4,10
0,4,11,2,2036.297,3 2,North,2,4,10
0,4,11,1,2036.85,3 2,West,2,4,10
0,4,11,2,2037.384,3 1,West,2,4,10
0,4,11,3,2037.993,3 1,North,2,4,10
0,4,11,2,2038.821,2 1,North,2,4,10
0,4,11,6,2039.2,2 1,North,2,5,10
0,4,11,1,2039.767,2 1,West,2,5,10
0,4,11,3,2040.284,2 1,North,2,5,10
0,4,11,2,2040.888,1 1,North,2,5,10
0,4,11,1,2041.546,1 1,West,2,5,10
0,4,11,2,2042.229,1 0,West,2,5,10
0,4,11,1,2042.771,1 0,South,2,5,10
0,4,11,2,2043.396,2 0,South,2,5,10
0,4,11,2,2044.025,3 0,South,2,5,10
0,4,11,1,2044.661,3 0,East,2,5,10
0,4,11,3,2045.209,3 0,South,2,5,10
0,4,11,2,2045.881,4 0,South,2,5,10
0,4,11,1,2046.533,4 0,East,2,5,10
0,4,11,2,2047.226,4 1,East,2,5,10
0,4,11,3,2047.846,4 1,South,2,5,10
0,4,11,2,2048.548,4 1,South,2,5,10
0,4,11,3,2048.86,4 1,West,2,5,10
0,4,11,2,2049.428,4 0,West,2,5,10
0,4,11,3,2050.138,4 0,North,2,5,10
0,4,11,2,2050.746,3 0,North,2,5,10
0,4,11,2,2051.346,2 0,North,2,5,10
0,4,11,2,2051.88,1 0,North,2,5,10
0,4,11,3,2052.501,1 0,East,2,5,10
0,4,11,2,2053.16,1 1,East,2,5,10
0,4,11,3,2053.753,1 1,South,2,5,10
0,4,11,2,2054.421,2 1,South,2,5,10
0,4,11,2,2055.08,3 1,South,2,5,10
0,4,11,1,2055.604,3 1,East,2,5,10
0,4,11,2,2056.262,3 2,East,2,5,10
0,4,11,2,2056.902,3 3,East,2,5,10
0,4,11,6,2057.32,3 3,East,2,6,10
0,4,11,3,2058.731,3 3,South,2,6,10
0,4,11,3,2059.545,3 3,West,2,6,10
0,4,11,2,2060.133,3 2,West,2,6,10
0,4,11,1,2060.841,3 2,South,2,6,10
0,4,11,2,2061.452,4 2,South,2,6,10
0,4,11,1,2062.034,4 2,East,2,6,10
0,4,11,2,2062.744,4 3,East,2,6,10
0,4,11,6,2063.16,4 3,East,2,7,10
0,4,11,2,2063.356,4 4,East,2,7,10
0,4,11,1,2063.907,4 4,North,2,7,10
0,4,11,2,2064.515,3 4,North,2,7,10
0,4,11,2,2065.127,2 4,North,2,7,10
0,4,11,2,2065.715,1 4,North,2,7,10
0,4,11,1,2066.276,1 4,West,2,7,10
0,4,11,3,2066.867,1 4,North,2,7,10
0,4,11,2,2067.562,0 4,North,2,7,10
0,4,11,1,2068.123,0 4,West,2,7,10
0,4,11,2,2068.713,0 3,West,2,7,10
0,4,11,6,2069.12,0 3,West,2,8,10
3,4,11,2,2073.875,3 4,North,2,0,0
3,4,11,1,2074.532,3 4,North,2,0,1
3,4,11,4,2075.223,4 4,North,2,0,1
3,4,11,1,2075.797,4 3,North,2,0,1
3,4,11,2,2076.438,4 3,North,2,0,2
3,4,11,2,2076.649,4 3,North,2,0,3
3,4,11,1,2077.561,4 2,North,2,0,3
3,4,11,2,2078.411,3 2,North,2,0,3
3,4,11,3,2078.923,3 3,North,2,0,3
3,4,11,6,2079.32,3 3,North,2,1,3
3,4,11,1,2079.623,3 2,North,2,1,3
3,4,11,4,2080.216,4 2,North,2,1,3
3,4,11,3,2080.851,4 3,North,2,1,3
3,4,11,3,2081.413,4 4,North,2,1,3
3,4,11,2,2082.003,3 4,North,2,1,3
3,4,11,2,2082.522,2 4,North,2,1,3
3,4,11,6,2082.9,2 4,North,2,2,3
3,4,11,4,2083.251,3 4,North,2,2,3
3,4,11,2,2083.796,2 4,North,2,2,3
3,4,11,2,2084.457,1 4,North,2,2,3
3,4,11,2,2084.98,0 4,North,2,2,3
3,4,11,1,2085.528,0 3,North,2,2,3
3,4,11,6,2085.94,0 3,North,2,3,3
3,4,11,3,2086.052,0 4,North,2,3,3
3,4,11,4,2086.632,1 4,North,2,3,3
3,4,11,4,2087.159,2 4,North,2,3,3
3,4,11,4,2087.725,3 4,North,2,3,3
3,4,11,1,2088.614,3 4,North,2,3,4
3,4,11,1,2088.794,3 4,North,2,3,5
3,4,11,2,2089.209,2 4,North,2,3,5
3,4,11,1,2089.748,2 4,North,2,3,6
3,4,11,1,2089.948,2 4,North,2,3,7
3,4,11,1,2090.179,2 4,North,2,3,8
3,4,11,4,2090.861,3 4,North,2,3,8
3,4,11,4,2091.398,4 4,North,2,3,8
3,4,11,1,2092.069,4 3,North,2,3,8
3,4,11,1,2092.756,4 2,North,2,3,8
3,4,11,2,2093.606,3 2,North,2,3,8
3,4,11,2,2094.861,3 2,North,2,3,9
3,4,11,1,2095.304,3 1,North,2,3,9
3,4,11,2,2096.035,2 1,North,2,3,9
3,4,11,1,2096.647,2 1,North,2,3,10
3,4,11,2,2097.703,1 1,North,2,3,10
3,4,11,1,2098.94,1 0,North,2,3,10
3,4,11,4,2099.556,2 0,North,2,3,10
3,4,11,6,2099.92,2 0,North,2,4,10
3,4,11,2,2100.505,1 0,North,2,4,10
3,4,11,3,2101.123,1 1,North,2,4,10
3,4,11,4,2101.656,2 1,North,2,4,10
3,4,11,4,2102.371,3 1,North,2,4,10
3,4,11,3,2102.965,3 2,North,2,4,10
3,4,11,3,2103.531,3 3,North,2,4,10
3,4,11,4,2104.086,3 3,North,2,4,11
3,4,11,1,2104.466,3 2,North,2,4,11
3,4,11,4,2105.014,4 2,North,2,4,11
3,4,11,3,2105.577,4 3,North,2,4,11
3,4,11,3,2106.092,4 4,North,2,4,11
3,4,11,3,2106.627,4 4,North,2,4,11
3,4,11,2,2106.813,3 4,North,2,4,11
3,4,11,2,2107.341,2 4,North,2,4,11
3,4,11,2,2107.899,1 4,North,2,4,11
3,4,11,1,2108.727,1 3,North,2,4,11
3,4,11,6,2109.14,1 3,North,2,5,11
3,4,11,3,2109.709,1 4,North,2,5,11
3,4,11,4,2110.282,2 4,North,2,5,11
3,4,11,4,2110.818,3 4,North,2,5,11
3,4,11,6,2111.18,3 4,North,2,6,11
3,4,11,2,2111.516,2 4,North,2,6,11
3,4,11,1,2112.045,2 4,North,2,6,12
3,4,11,1,2112.247,2 4,North,2,6,13
3,4,11,1,2112.477,2 4,North,2,6,14
3,4,11,1,2112.698,2 4,North,2,6,15
3,4,11,2,2113.157,1 4,North,2,6,15
3,4,11,4,2114.034,2 4,North,2,6,15
3,4,11,4,2114.723,3 4,North,2,6,15
3,4,11,1,2115.335,3 4,North,2,6,16
3,4,11,1,2115.546,3 4,North,2,6,17
3,4,11,1,2115.753,3 4,North,2,6,18
3,4,11,4,2116.489,4 4,North,2,6,18
3,4,11,1,2117.49,4 3,North,2,6,18
3,4,11,1,2118.211,4 2,North,2,6,18
3,4,11,2,2118.826,3 2,North,2,6,18
3,4,11,2,2119.411,3 2,North,2,6,19
3,4,11,3,2120.019,3 3,North,2,6,19
3,4,11,2,2120.613,3 3,North,2,6,20
3,4,11,2,2120.853,3 3,North,2,6,21
3,4,11,1,2121.37,3 2,North,2,6,21
3,4,11,1,2121.97,3 1,North,2,6,21
3,4,11,2,2122.508,2 1,North,2,6,21
3,4,11,3,2123.144,2 1,North,2,6,22
3,4,11,3,2123.354,2 1,North,2,6,23
3,4,11,3,2123.652,2 1,North,2,6,24
3,4,11,4,2124.421,3 1,North,2,6,24
3,4,11,3,2125.24,3 2,North,2,6,24
3,4,11,2,2125.974,3 2,North,2,6,25
3,4,11,2,2126.213,3 2,North,2,6,26
3,4,11,3,2126.499,3 3,North,2,6,26
3,4,11,4,2127.244,3 3,North,2,6,27
3,4,11,4,2127.604,3 3,North,2,6,28
3,4,11,1,2127.778,3 2,North,2,6,28
3,4,11,4,2128.314,4 2,North,2,6,28
3,4,11,3,2128.957,4 3,North,2,6,28
3,4,11,3,2129.529,4 4,North,2,6,28
3,4,11,2,2130.154,3 4,North,2,6,28
3,4,11,2,2130.695,2 4,North,2,6,28
3,4,11,2,2131.306,1 4,North,2,6,28
3,4,11,1,2132.139,1 3,North,2,6,28
3,4,11,4,2133.034,2 3,North,2,6,28
3,4,11,6,2133.4,2 3,North,2,7,28
3,4,11,2,2133.817,1 3,North,2,7,28
3,4,11,3,2134.374,1 4,North,2,7,28
3,4,11,4,2134.949,2 4,North,2,7,28
3,4,11,4,2135.49,3 4,North,2,7,28
3,4,11,4,2136.021,4 4,North,2,7,28
3,4,11,1,2136.569,4 3,North,2,7,28
3,4,11,6,2136.96,4 3,North,2,8,28
0,4,12,2,2141.942,3 4,North,2,0,28
0,4,12,2,2142.539,2 4,North,2,0,28
0,4,12,2,2143.128,1 4,North,2,0,28
0,4,12,2,2143.67,0 4,North,2,0,28
0,4,12,1,2144.314,0 4,West,2,0,28
0,4,12,1,2144.951,0 4,South,2,0,28
0,4,12,2,2145.66,1 4,South,2,0,28
0,4,12,3,2146.359,1 4,West,2,0,28
0,4,12,2,2146.89,1 3,West,2,0,28
0,4,12,1,2147.498,1 3,South,2,0,28
0,4,12,2,2148.068,2 3,South,2,0,28
0,4,12,3,2148.678,2 3,West,2,0,28
0,4,12,2,2149.335,2 2,West,2,0,28
0,4,12,6,2149.74,2 2,West,2,1,28
0,4,12,3,2149.922,2 2,North,2,1,28
0,4,12,2,2150.52,1 2,North,2,1,28
0,4,12,2,2151.112,0 2,North,2,1,28
0,4,12,1,2151.717,0 2,West,2,1,28
0,4,12,2,2152.313,0 1,West,2,1,28
0,4,12,1,2153.335,0 1,South,2,1,28
0,4,12,1,2154.02,0 1,East,2,1,28
0,4,12,2,2154.696,0 2,East,2,1,28
0,4,12,3,2155.25,0 2,South,2,1,28
0,4,12,2,2155.864,1 2,South,2,1,28
0,4,12,2,2156.474,2 2,South,2,1,28
0,4,12,1,2157.03,2 2,East,2,1,28
0,4,12,2,2157.575,2 3,East,2,1,28
0,4,12,1,2158.137,2 3,North,2,1,28
0,4,12,2,2158.779,1 3,North,2,1,28
0,4,12,3,2159.387,1 3,East,2,1,28
0,4,12,2,2159.974,1 4,East,2,1,28
0,4,12,6,2160.38,1 4,East,2,2,28
0,4,12,3,2160.602,1 4,South,2,2,28
0,4,12,2,2161.299,2 4,South,2,2,28
0,4,12,2,2161.88,3 4,South,2,2,28
0,4,12,2,2162.423,4 4,South,2,2,28
0,4,12,3,2162.981,4 4,West,2,2,28
0,4,12,2,2163.512,4 3,West,2,2,28
0,4,12,2,2164.171,4 2,West,2,2,28
0,4,12,3,2164.837,4 2,North,2,2,28
0,4,12,2,2165.528,3 2,North,2,2,28
0,4,12,1,2166.054,3 2,West,2,2,28
0,4,12,2,2166.682,3 1,West,2,2,28
0,4,12,3,2167.364,3 1,North,2,2,28
0,4,12,2,2167.974,2 1,North,2,2,28
0,4,12,2,2168.615,1 1,North,2,2,28
0,4,12,1,2169.243,1 1,West,2,2,28
0,4,12,2,2169.908,1 0,West,2,2,28
0,4,12,1,2170.613,1 0,South,2,2,28
0,4,12,2,2171.209,2 0,South,2,2,28
0,4,12,6,2171.58,2 0,South,2,3,28
0,4,12,2,2172.197,3 0,South,2,3,28
0,4,12,2,2172.739,4 0,South,2,3,28
0,4,12,1,2173.382,4 0,East,2,3,28
0,4,12,2,2174.06,4 1,East,2,3,28
0,4,12,1,2174.917,4 1,North,2,3,28
0,4,12,1,2175.547,4 1,West,2,3,28
0,4,12,2,2176.283,4 0,West,2,3,28
0,4,12,3,2176.873,4 0,North,2,3,28
0,4,12,2,2177.482,3 0,North,2,3,28
0,4,12,2,2178.035,2 0,North,2,3,28
0,4,12,2,2178.596,1 0,North,2,3,28
0,4,12,3,2179.179,1 0,East,2,3,28
0,4,12,2,2179.819,1 1,East,2,3,28
0,4,12,3,2180.422,1 1,South,2,3,28
0,4,12,2,2181.078,2 1,South,2,3,28
0,4,12,2,2181.715,3 1,South,2,3,28
0,4,12,1,2182.228,3 1,East,2,3,28
0,4,12,2,2182.855,3 2,East,2,3,28
0,4,12,3,2183.448,3 2,South,2,3,28
0,4,12,2,2184.106,4 2,South,2,3,28
0,4,12,1,2184.869,4 2,East,2,3,28
0,4,12,2,2185.562,4 3,East,2,3,28
0,4,12,2,2186.217,4 4,East,2,3,28
0,4,12,1,2186.854,4 4,North,2,3,28
0,4,12,2,2187.51,3 4,North,2,3,28
0,4,12,6,2187.9,3 4,North,2,4,28
0,4,12,2,2188.134,2 4,North,2,4,28
0,4,12,2,2188.744,1 4,North,2,4,28
0,4,12,1,2189.398,1 4,West,2,4,28
0,4,12,1,2190.152,1 4,South,2,4,28
0,4,12,3,2190.675,1 4,West,2,4,28
0,4,12,2,2191.37,1 3,West,2,4,28
0,4,12,1,2192.019,1 3,South,2,4,28
0,4,12,2,2192.549,2 3,South,2,4,28
0,4,12,6,2192.92,2 3,South,2,5,28
0,4,12,3,2193.241,2 3,West,2,5,28
0,4,12,2,2193.846,2 2,West,2,5,28
0,4,12,3,2194.391,2 2,North,2,5,28
0,4,12,2,2195.028,1 2,North,2,5,28
0,4,12,3,2195.818,1 2,East,2,5,28
0,4,12,3,2196.566,1 2,South,2,5,28
0,4,12,2,2197.144,2 2,South,2,5,28
0,4,12,1,2197.75,2 2,East,2,5,28
0,4,12,2,2198.36,2 3,East,2,5,28
0,4,12,1,2198.953,2 3,North,2,5,28
0,4,12,2,2199.561,1 3,North,2,5,28
0,4,12,3,2200.164,1 3,East,2,5,28
0,4,12,2,2200.731,1 4,East,2,5,28
0,4,12,2,2201.451,1 4,East,2,5,28
0,4,12,2,2201.658,1 4,East,2,5,28
0,4,12,2,2201.912,1 4,East,2,5,28
0,4,12,1,2202.037,1 4,North,2,5,28
0,4,12,2,2202.585,0 4,North,2,5,28
0,4,12,6,2202.96,0 4,North,2,6,28
0,4,12,1,2203.379,0 4,West,2,6,28
0,4,12,1,2203.908,0 4,South,2,6,28
0,4,12,2,2204.556,1 4,South,2,6,28
0,4,12,2,2205.146,2 4,South,2,6,28
0,4,12,2,2205.831,3 4,South,2,6,28
0,4,12,2,2206.395,4 4,South,2,6,28
0,4,12,2,2207.125,4 4,South,2,6,28
0,4,12,3,2207.509,4 4,West,2,6,28
0,4,12,2,2208.199,4 3,West,2,6,28
0,4,12,2,2208.819,4 2,West,2,6,28
0,4,12,3,2209.398,4 2,North,2,6,28
0,4,12,2,2210.082,3 2,North,2,6,28
0,4,12,1,2210.627,3 2,West,2,6,28
0,4,12,2,2211.254,3 1,West,2,6,28
0,4,12,3,2211.796,3 1,North,2,6,28
0,4,12,2,2212.405,2 1,North,2,6,28
0,4,12,2,2212.965,1 1,North,2,6,28
0,4,12,1,2213.573,1 1,West,2,6,28
0,4,12,2,2214.106,1 0,West,2,6,28
0,4,12,6,2214.52,1 0,West,2,7,28
0,4,12,1,2214.626,1 0,South,2,7,28
0,4,12,2,2215.206,2 0,South,2,7,28
0,4,12,1,2215.733,2 0,East,2,7,28
0,4,12,1,2216.452,2 0,North,2,7,28
0,4,12,2,2216.965,1 0,North,2,7,28
0,4,12,3,2217.555,1 0,East,2,7,28
0,4,12,2,2218.216,1 1,East,2,7,28
0,4,12,3,2218.837,1 1,South,2,7,28
0,4,12,2,2219.43,2 1,South,2,7,28
0,4,12,2,2220.104,3 1,South,2,7,28
0,4,12,1,2220.665,3 1,East,2,7,28
0,4,12,2,2221.333,3 2,East,2,7,28
0,4,12,3,2222.008,3 2,South,2,7,28
0,4,12,2,2222.579,4 2,South,2,7,28
0,4,12,6,2222.96,4 2,South,2,8,28
3,4,12,2,2227.256,3 4,North,2,0,0
3,4,12,2,2227.781,2 4,North,2,0,0
3,4,12,1,2228.516,2 4,North,2,0,1
3,4,12,4,2229.076,3 4,North,2,0,1
3,4,12,1,2229.701,3 4,North,2,0,2
3,4,12,1,2229.923,3 4,North,2,0,3
3,4,12,4,2230.451,4 4,North,2,0,3
3,4,12,1,2230.981,4 3,North,2,0,3
3,4,12,1,2231.579,4 2,North,2,0,3
3,4,12,2,2232.21,3 2,North,2,0,3
3,4,12,2,2232.796,3 2,North,2,0,4
3,4,12,2,2233,3 2,North,2,0,5
3,4,12,1,2233.526,3 1,North,2,0,5
3,4,12,2,2234.243,2 1,North,2,0,5
3,4,12,3,2234.836,2 1,North,2,0,6
3,4,12,4,2235.687,3 1,North,2,0,6
3,4,12,3,2236.23,3 2,North,2,0,6
3,4,12,3,2237.179,3 3,North,2,0,6
3,4,12,2,2237.946,3 3,North,2,0,7
3,4,12,1,2238.5,3 2,North,2,0,7
3,4,12,2,2239.03,3 2,North,2,0,8
3,4,12,2,2239.289,3 2,North,2,0,9
3,4,12,1,2239.986,3 1,North,2,0,9
3,4,12,2,2240.578,2 1,North,2,0,9
3,4,12,3,2241.305,2 1,North,2,0,10
3,4,12,2,2241.77,1 1,North,2,0,10
3,4,12,3,2242.31,1 1,North,2,0,11
3,4,12,3,2243.813,1 1,North,2,0,12
3,4,12,1,2244.373,1 0,North,2,0,12
3,4,12,4,2244.935,2 0,North,2,0,12
3,4,12,4,2245.559,3 0,North,2,0,12
3,4,12,2,2246.117,2 0,North,2,0,12
3,4,12,2,2246.728,1 0,North,2,0,12
3,4,12,3,2247.323,1 1,North,2,0,12
3,4,12,4,2247.929,2 1,North,2,0,12
3,4,12,4,2248.519,3 1,North,2,0,12
3,4,12,3,2250.357,3 2,North,2,0,12
3,4,12,4,2251.06,4 2,North,2,0,12
3,4,12,3,2251.771,4 3,North,2,0,12
3,4,12,3,2252.475,4 4,North,2,0,12
3,4,12,2,2253.031,3 4,North,2,0,12
3,4,12,2,2253.668,2 4,North,2,0,12
3,4,12,1,2254.647,2 4,North,2,0,13
3,4,12,1,2254.869,2 4,North,2,0,14
3,4,12,2,2255.224,1 4,North,2,0,14
3,4,12,1,2255.831,1 3,North,2,0,14
3,4,12,1,2256.396,1 3,North,2,0,15
3,4,12,1,2256.661,1 3,North,2,0,16
3,4,12,4,2258.266,2 3,North,2,0,16
3,4,12,1,2258.938,2 2,North,2,0,16
3,4,12,6,2259.34,2 2,North,2,1,16
3,4,12,3,2259.801,2 3,North,2,1,16
3,4,12,2,2260.774,1 3,North,2,1,16
3,4,12,3,2261.333,1 4,North,2,1,16
3,4,12,4,2261.938,2 4,North,2,1,16
3,4,12,4,2262.931,3 4,North,2,1,16
3,4,12,4,2263.512,4 4,North,2,1,16
3,4,12,1,2264.229,4 3,North,2,1,16
3,4,12,1,2264.756,4 2,North,2,1,16
3,4,12,1,2265.563,4 2,North,2,1,17
3,4,12,2,2265.832,3 2,North,2,1,17
3,4,12,2,2266.503,3 2,North,2,1,18
3,4,12,2,2266.73,3 2,North,2,1,19
3,4,12,1,2267.545,3 1,North,2,1,19
3,4,12,2,2268.116,2 1,North,2,1,19
3,4,12,1,2268.724,2 1,North,2,1,20
3,4,12,1,2268.956,2 1,North,2,1,21
3,4,12,2,2269.192,1 1,North,2,1,21
3,4,12,1,2269.826,1 0,North,2,1,21
3,4,12,6,2270.24,1 0,North,2,2,21
3,4,12,3,2270.6,1 1,North,2,2,21
3,4,12,4,2271.196,2 1,North,2,2,21
3,4,12,4,2271.707,3 1,North,2,2,21
3,4,12,3,2272.292,3 2,North,2,2,21
3,4,12,4,2272.905,4 2,North,2,2,21
3,4,12,3,2273.46,4 3,North,2,2,21
3,4,12,3,2274.035,4 4,North,2,2,21
3,4,12,2,2274.635,3 4,North,2,2,21
3,4,12,2,2275.178,2 4,North,2,2,21
3,4,12,1,2276.057,2 4,North,2,2,22
3,4,12,4,2276.74,3 4,North,2,2,22
3,4,12,1,2277.299,3 4,North,2,2,23
3,4,12,1,2277.532,3 4,North,2,2,24
3,4,12,4,2278.136,4 4,North,2,2,24
3,4,12,1,2279.081,4 3,North,2,2,24
3,4,12,1,2279.626,4 2,North,2,2,24
3,4,12,2,2280.188,3 2,North,2,2,24
3,4,12,3,2280.953,3 3,North,2,2,24
3,4,12,2,2281.609,3 3,North,2,2,25
3,4,12,2,2281.827,3 3,North,2,2,26
3,4,12,1,2282.023,3 2,North,2,2,26
3,4,12,2,2282.7,3 2,North,2,2,27
3,4,12,2,2282.907,3 2,North,2,2,28
3,4,12,1,2283.38,3 1,North,2,2,28
3,4,12,2,2284.13,2 1,North,2,2,28
3,4,12,3,2284.87,2 1,North,2,2,29
3,4,12,3,2285.11,2 1,North,2,2,30
3,4,12,2,2285.577,1 1,North,2,2,30
3,4,12,3,2286.229,1 1,North,2,2,31
3,4,12,3,2286.474,1 1,North,2,2,32
3,4,12,1,2286.933,1 0,North,2,2,32
3,4,12,3,2287.779,1 1,North,2,2,32
3,4,12,4,2288.425,2 1,North,2,2,32
3,4,12,4,2288.985,3 1,North,2,2,32
3,4,12,3,2289.612,3 2,North,2,2,32
3,4,12,2,2290.278,3 2,North,2,2,33
3,4,12,2,2290.506,3 2,North,2,2,34
3,4,12,4,2290.987,4 2,North,2,2,34
3,4,12,3,2291.877,4 3,North,2,2,34
3,4,12,2,2292.461,4 3,North,2,2,35
3,4,12,2,2292.649,4 3,North,2,2,36
3,4,12,1,2293.125,4 2,North,2,2,36
3,4,12,2,2293.703,3 2,North,2,2,36
3,4,12,2,2294.436,3 2,North,2,2,37
3,4,12,2,2294.856,3 2,North,2,2,38
3,4,12,3,2295.337,3 3,North,2,2,38
3,4,12,2,2295.868,3 3,North,2,2,39
3,4,12,2,2296.107,3 3,North,2,2,40
3,4,12,3,2296.506,3 3,North,2,2,41
3,4,12,2,2296.997,3 3,North,2,2,42
3,4,12,3,2297.205,3 3,North,2,2,43
3,4,12,1,2297.843,3 2,North,2,2,43
3,4,12,1,2298.519,3 1,North,2,2,43
3,4,12,4,2299.207,3 1,North,2,2,44
3,4,12,3,2299.701,3 2,North,2,2,44
3,4,12,4,2300.237,4 2,North,2,2,44
3,4,12,3,2300.821,4 3,North,2,2,44
3,4,12,3,2301.436,4 4,North,2,2,44
3,4,12,2,2302.073,3 4,North,2,2,44
3,4,12,2,2302.685,2 4,North,2,2,44
3,4,12,2,2303.722,1 4,North,2,2,44
3,4,12,1,2304.727,1 3,North,2,2,44
3,4,12,4,2305.387,2 3,North,2,2,44
3,4,12,6,2305.74,2 3,North,2,3,44
3,4,12,2,2306.099,1 3,North,2,3,44
3,4,12,3,2306.725,1 4,North,2,3,44
3,4,12,4,2307.303,2 4,North,2,3,44
3,4,12,4,2307.835,3 4,North,2,3,44
3,4,12,4,2308.378,4 4,North,2,3,44
3,4,12,4,2308.971,4 4,North,2,3,44
3,4,12,1,2309.178,4 3,North,2,3,44
3,4,12,1,2309.724,4 2,North,2,3,44
3,4,12,6,2310.14,4 2,North,2,4,44
3,4,12,1,2311.814,4 2,North,2,4,45
3,4,12,2,2312.277,3 2,North,2,4,45
3,4,12,2,2312.905,3 2,North,2,4,46
3,4,12,2,2313.145,3 2,North,2,4,47
3,4,12,2,2313.546,3 2,North,2,4,48
3,4,12,1,2313.988,3 1,North,2,4,48
3,4,12,1,2314.649,3 1,North,2,4,49
3,4,12,2,2315.126,2 1,North,2,4,49
3,4,12,1,2315.797,2 1,North,2,4,50
3,4,12,1,2316.057,2 1,North,2,4,51
3,4,12,2,2316.617,1 1,North,2,4,51
3,4,12,1,2317.353,1 0,North,2,4,51
3,4,12,2,2317.948,1 0,North,2,4,52
3,4,12,2,2318.151,1 0,North,2,4,53
3,4,12,2,2318.34,1 0,North,2,4,54
3,4,12,3,2318.702,1 1,North,2,4,54
3,4,12,2,2319.382,1 1,North,2,4,55
3,4,12,2,2319.593,1 1,North,2,4,56
3,4,12,3,2320.066,1 1,North,2,4,57
3,4,12,3,2320.635,1 1,North,2,4,58
3,4,12,3,2321.128,1 1,North,2,4,59
3,4,12,4,2321.778,2 1,North,2,4,59
3,4,12,3,2322.489,2 1,North,2,4,60
3,4,12,3,2322.759,2 1,North,2,4,61
3,4,12,1,2323.268,2 1,North,2,4,62
3,4,12,1,2323.558,2 1,North,2,4,63
3,4,12,3,2323.906,2 1,North,2,4,64
3,4,12,3,2324.213,2 1,North,2,4,65
3,4,12,4,2324.437,3 1,North,2,4,65
3,4,12,3,2325.16,3 2,North,2,4,65
3,4,12,2,2325.764,3 2,North,2,4,66
3,4,12,2,2325.995,3 2,North,2,4,67
3,4,12,4,2326.582,4 2,North,2,4,67
3,4,12,3,2327.238,4 3,North,2,4,67
3,4,12,2,2328.117,4 3,North,2,4,68
3,4,12,2,2328.459,4 3,North,2,4,69
3,4,12,1,2328.947,4 2,North,2,4,69
3,4,12,2,2329.765,3 2,North,2,4,69
3,4,12,3,2330.356,3 3,North,2,4,69
3,4,12,2,2331.269,3 3,North,2,4,70
3,4,12,1,2331.962,3 2,North,2,4,70
3,4,12,4,2332.483,4 2,North,2,4,70
3,4,12,3,2333.002,4 3,North,2,4,70
3,4,12,3,2333.914,4 4,North,2,4,70
3,4,12,2,2334.5,3 4,North,2,4,70
3,4,12,2,2335.227,2 4,North,2,4,70
3,4,12,2,2335.828,1 4,North,2,4,70
3,4,12,1,2336.508,1 3,North,2,4,70
3,4,12,1,2337.417,1 3,North,2,4,71
3,4,12,2,2337.94,1 3,North,2,4,72
3,4,12,2,2338.423,1 3,North,2,4,73
3,4,12,3,2339.013,1 4,North,2,4,73
3,4,12,2,2339.827,0 4,North,2,4,73
3,4,12,1,2340.565,0 3,North,2,4,73
3,4,12,1,2341.271,0 3,North,2,4,74
3,4,12,1,2341.509,0 3,North,2,4,75
3,4,12,4,2341.923,0 3,North,2,4,76
3,4,12,3,2342.309,0 4,North,2,4,76
3,4,12,4,2342.837,1 4,North,2,4,76
3,4,12,1,2343.469,1 3,North,2,4,76
3,4,12,4,2344.408,2 3,North,2,4,76
3,4,12,1,2345.019,2 2,North,2,4,76
3,4,12,2,2345.756,1 2,North,2,4,76
3,4,12,1,2346.461,1 2,North,2,4,77
3,4,12,1,2346.695,1 2,North,2,4,78
3,4,12,4,2347.324,2 2,North,2,4,78
3,4,12,2,2348.101,1 2,North,2,4,78
3,4,12,2,2348.777,0 2,North,2,4,78
3,4,12,1,2349.596,0 1,North,2,4,78
3,4,12,1,2350.294,0 0,North,2,4,78
3,4,12,6,2350.7,0 0,North,2,5,78
3,4,12,3,2351.097,0 1,North,2,5,78
3,4,12,3,2351.686,0 2,North,2,5,78
3,4,12,4,2352.323,1 2,North,2,5,78
3,4,12,6,2352.7,1 2,North,2,6,78
3,4,12,2,2353.204,0 2,North,2,6,78
3,4,12,4,2353.865,1 2,North,2,6,78
3,4,12,4,2355.078,2 2,North,2,6,78
3,4,12,4,2355.704,2 2,North,2,6,79
3,4,12,3,2356.348,2 3,North,2,6,79
3,4,12,1,2357.379,2 2,North,2,6,79
3,4,12,3,2358.521,2 3,North,2,6,79
3,4,12,4,2359.352,2 3,North,2,6,80
3,4,12,1,2359.78,2 2,North,2,6,80
3,4,12,4,2360.471,2 2,North,2,6,81
3,4,12,1,2360.885,2 2,North,2,6,82
3,4,12,1,2361.433,2 2,North,2,6,83
3,4,12,1,2362.118,2 2,North,2,6,84
3,4,12,1,2362.503,2 2,North,2,6,85
3,4,12,3,2362.835,2 3,North,2,6,85
3,4,12,4,2363.684,2 3,North,2,6,86
3,4,12,3,2364.137,2 3,North,2,6,87
3,4,12,2,2364.939,1 3,North,2,6,87
3,4,12,1,2365.509,1 3,North,2,6,88
3,4,12,4,2366.178,2 3,North,2,6,88
3,4,12,4,2367.366,2 3,North,2,6,89
3,4,12,1,2367.989,2 2,North,2,6,89
3,4,12,2,2368.907,1 2,North,2,6,89
3,4,12,3,2370.251,1 2,North,2,6,90
3,4,12,1,2370.981,1 2,North,2,6,91
3,4,12,4,2371.629,2 2,North,2,6,91
3,4,12,4,2372.457,2 2,North,2,6,92
3,4,12,1,2372.869,2 2,North,2,6,93
3,4,12,2,2373.396,1 2,North,2,6,93
3,4,12,1,2373.917,1 2,North,2,6,94
3,4,12,1,2374.418,1 2,North,2,6,95
3,4,12,2,2374.775,0 2,North,2,6,95
3,4,12,3,2375.689,0 2,North,2,6,96
3,4,12,1,2376.248,0 1,North,2,6,96
3,4,12,4,2377.14,0 1,North,2,6,97
3,4,12,4,2377.619,0 1,North,2,6,98
3,4,12,1,2377.883,0 0,North,2,6,98
3,4,12,4,2378.585,0 0,North,2,6,99
3,4,12,4,2378.892,0 0,North,2,6,100
3,4,12,3,2379.497,0 1,North,2,6,100
3,4,12,4,2380.499,0 1,North,2,6,101
3,4,12,3,2380.983,0 2,North,2,6,101
3,4,12,4,2381.606,1 2,North,2,6,101
3,4,12,4,2382.276,2 2,North,2,6,101
3,4,12,1,2383.369,2 2,North,2,6,102
3,4,12,2,2383.913,1 2,North,2,6,102
3,4,12,1,2384.54,1 2,North,2,6,103
3,4,12,1,2384.979,1 2,North,2,6,104
3,4,12,3,2385.204,1 2,North,2,6,105
3,4,12,4,2385.843,2 2,North,2,6,105
3,4,12,4,2386.555,2 2,North,2,6,106
3,4,12,4,2387.127,2 2,North,2,6,107
3,4,12,3,2387.692,2 3,North,2,6,107
3,4,12,4,2388.581,2 3,North,2,6,108
3,4,12,3,2389.114,2 3,North,2,6,109
3,4,12,2,2389.747,1 3,North,2,6,109
3,4,12,3,2390.523,1 4,North,2,6,109
3,4,12,2,2391.213,0 4,North,2,6,109
3,4,12,6,2391.6,0 4,North,2,7,109
3,4,12,4,2392.137,1 4,North,2,7,109
3,4,12,1,2392.727,1 3,North,2,7,109
3,4,12,1,2393.436,1 3,North,2,7,110
3,4,12,2,2394.566,1 3,North,2,7,111
3,4,12,4,2395.611,2 3,North,2,7,111
3,4,12,1,2396.167,2 2,North,2,7,111
3,4,12,2,2396.996,1 2,North,2,7,111
3,4,12,1,2398.058,1 2,North,2,7,112
3,4,12,1,2398.81,1 2,North,2,7,113
3,4,12,3,2399.107,1 2,North,2,7,114
3,4,12,2,2399.721,0 2,North,2,7,114
3,4,12,6,2400.1,0 2,North,2,8,114
0,5,13,2,2756.601,3 4,North,3,0,114
0,5,13,1,2757.158,3 4,West,3,0,114
0,5,13,2,2758.567,3 3,West,3,0,114
0,5,13,3,2759.241,3 3,North,3,0,114
0,5,13,2,2759.994,2 3,North,3,0,114
0,5,13,2,2760.674,1 3,North,3,0,114
0,5,13,2,2761.385,0 3,North,3,0,114
0,5,13,3,2762.008,0 3,East,3,0,114
0,5,13,2,2762.552,0 4,East,3,0,114
0,5,13,3,2763.132,0 4,South,3,0,114
0,5,13,2,2763.716,1 4,South,3,0,114
0,5,13,2,2764.345,2 4,South,3,0,114
0,5,13,6,2764.72,2 4,South,3,1,114
0,5,13,3,2765.172,2 4,West,3,1,114
0,5,13,3,2766.022,2 4,North,3,1,114
0,5,13,2,2766.636,1 4,North,3,1,114
0,5,13,2,2767.338,0 4,North,3,1,114
0,5,13,1,2768.025,0 4,West,3,1,114
0,5,13,2,2768.76,0 3,West,3,1,114
0,5,13,1,2769.48,0 3,South,3,1,114
0,5,13,2,2770.503,1 3,South,3,1,114
0,5,13,2,2771.074,2 3,South,3,1,114
0,5,13,2,2772.082,3 3,South,3,1,114
0,5,13,1,2772.696,3 3,East,3,1,114
0,5,13,2,2773.242,3 4,East,3,1,114
0,5,13,3,2773.994,3 4,South,3,1,114
0,5,13,2,2774.663,4 4,South,3,1,114
0,5,13,3,2775.287,4 4,West,3,1,114
0,5,13,2,2776.295,4 3,West,3,1,114
0,5,13,2,2777.717,4 2,West,3,1,114
0,5,13,3,2778.291,4 2,North,3,1,114
0,5,13,2,2778.839,3 2,North,3,1,114
0,5,13,1,2779.413,3 2,West,3,1,114
0,5,13,2,2779.995,3 1,West,3,1,114
0,5,13,6,2780.4,3 1,West,3,2,114
0,5,13,2,2781.26,3 0,West,3,2,114
0,5,13,3,2781.915,3 0,North,3,2,114
0,5,13,2,2782.809,2 0,North,3,2,114
0,5,13,3,2783.58,2 0,East,3,2,114
0,5,13,1,2784.166,2 0,North,3,2,114
0,5,13,2,2784.74,1 0,North,3,2,114
0,5,13,3,2785.465,1 0,East,3,2,114
0,5,13,2,2786.089,1 1,East,3,2,114
0,5,13,3,2786.804,1 1,South,3,2,114
0,5,13,2,2787.323,2 1,South,3,2,114
0,5,13,1,2788.037,2 1,East,3,2,114
0,5,13,2,2788.742,2 2,East,3,2,114
0,5,13,1,2789.385,2 2,North,3,2,114
0,5,13,2,2790.051,1 2,North,3,2,114
0,5,13,2,2790.981,0 2,North,3,2,114
0,5,13,1,2791.587,0 2,West,3,2,114
0,5,13,2,2792.244,0 1,West,3,2,114
0,5,13,1,2793.03,0 1,South,3,2,114
0,5,13,1,2793.609,0 1,East,3,2,114
0,5,13,2,2794.147,0 2,East,3,2,114
0,5,13,3,2794.844,0 2,South,3,2,114
0,5,13,2,2795.672,1 2,South,3,2,114
0,5,13,2,2796.504,2 2,South,3,2,114
0,5,13,3,2797.21,2 2,West,3,2,114
0,5,13,2,2797.96,2 1,West,3,2,114
0,5,13,3,2798.519,2 1,North,3,2,114
0,5,13,2,2799.129,1 1,North,3,2,114
0,5,13,1,2799.651,1 1,West,3,2,114
0,5,13,2,2800.367,1 0,West,3,2,114
0,5,13,1,2800.905,1 0,South,3,2,114
0,5,13,2,2801.417,2 0,South,3,2,114
0,5,13,2,2802.035,3 0,South,3,2,114
0,5,13,1,2802.796,3 0,East,3,2,114
0,5,13,2,2803.491,3 1,East,3,2,114
0,5,13,2,2804.227,3 2,East,3,2,114
0,5,13,3,2804.915,3 2,South,3,2,114
0,5,13,2,2805.465,4 2,South,3,2,114
0,5,13,3,2806.115,4 2,West,3,2,114
0,5,13,1,2806.651,4 2,South,3,2,114
0,5,13,1,2807.603,4 2,East,3,2,114
0,5,13,1,2809.41,4 2,North,3,2,114
0,5,13,1,2810.164,4 2,West,3,2,114
0,5,13,3,2810.89,4 2,North,3,2,114
0,5,13,3,2811.546,4 2,East,3,2,114
0,5,13,2,2812.146,4 3,East,3,2,114
0,5,13,2,2812.794,4 4,East,3,2,114
0,5,13,1,2813.35,4 4,North,3,2,114
0,5,13,2,2813.892,3 4,North,3,2,114
0,5,13,1,2814.518,3 4,West,3,2,114
0,5,13,2,2815.05,3 3,West,3,2,114
0,5,13,3,2815.784,3 3,North,3,2,114
0,5,13,2,2816.452,2 3,North,3,2,114
0,5,13,2,2817.066,1 3,North,3,2,114
0,5,13,6,2817.44,1 3,North,3,3,114
0,5,13,2,2817.765,0 3,North,3,3,114
0,5,13,3,2818.308,0 3,East,3,3,114
0,5,13,2,2818.884,0 4,East,3,3,114
0,5,13,3,2819.395,0 4,South,3,3,114
0,5,13,2,2820.021,1 4,South,3,3,114
0,5,13,2,2820.633,2 4,South,3,3,114
0,5,13,3,2821.266,2 4,West,3,3,114
0,5,13,3,2821.879,2 4,North,3,3,114
0,5,13,2,2822.499,1 4,North,3,3,114
0,5,13,2,2823.097,0 4,North,3,3,114
0,5,13,1,2823.785,0 4,West,3,3,114
0,5,13,2,2824.411,0 3,West,3,3,114
0,5,13,1,2825.051,0 3,South,3,3,114
0,5,13,2,2825.604,1 3,South,3,3,114
0,5,13,2,2826.197,2 3,South,3,3,114
0,5,13,2,2826.771,3 3,South,3,3,114
0,5,13,1,2827.492,3 3,East,3,3,114
0,5,13,2,2828.166,3 4,East,3,3,114
0,5,13,3,2828.85,3 4,South,3,3,114
0,5,13,2,2829.435,4 4,South,3,3,114
0,5,13,3,2830.088,4 4,West,3,3,114
0,5,13,2,2830.667,4 3,West,3,3,114
0,5,13,2,2831.78,4 2,West,3,3,114
0,5,13,3,2832.374,4 2,North,3,3,114
0,5,13,2,2832.932,3 2,North,3,3,114
0,5,13,1,2833.478,3 2,West,3,3,114
0,5,13,2,2834.022,3 1,West,3,3,114
0,5,13,2,2834.612,3 0,West,3,3,114
0,5,13,6,2835.02,3 0,West,3,4,114
0,5,13,3,2835.288,3 0,North,3,4,114
0,5,13,3,2835.799,3 0,East,3,4,114
0,5,13,1,2836.388,3 0,North,3,4,114
0,5,13,2,2837.066,2 0,North,3,4,114
0,5,13,2,2837.666,1 0,North,3,4,114
0,5,13,3,2838.424,1 0,East,3,4,114
0,5,13,2,2838.934,1 1,East,3,4,114
0,5,13,3,2839.478,1 1,South,3,4,114
0,5,13,2,2839.993,2 1,South,3,4,114
0,5,13,1,2840.611,2 1,East,3,4,114
0,5,13,2,2841.157,2 2,East,3,4,114
0,5,13,1,2841.828,2 2,North,3,4,114
0,5,13,2,2842.357,1 2,North,3,4,114
0,5,13,2,2842.886,0 2,North,3,4,114
0,5,13,1,2843.474,0 2,West,3,4,114
0,5,13,1,2844.61,0 2,South,3,4,114
0,5,13,2,2845.289,1 2,South,3,4,114
0,5,13,2,2846.498,2 2,South,3,4,114
0,5,13,3,2847.188,2 2,West,3,4,114
0,5,13,2,2847.813,2 1,West,3,4,114
0,5,13,3,2848.503,2 1,North,3,4,114
0,5,13,2,2849.115,1 1,North,3,4,114
0,5,13,1,2849.843,1 1,West,3,4,114
0,5,13,2,2850.438,1 0,West,3,4,114
0,5,13,1,2851.188,1 0,South,3,4,114
0,5,13,2,2851.754,2 0,South,3,4,114
0,5,13,2,2852.452,3 0,South,3,4,114
0,5,13,1,2853.093,3 0,East,3,4,114
0,5,13,2,2853.725,3 1,East,3,4,114
0,5,13,2,2854.275,3 2,East,3,4,114
0,5,13,3,2855.065,3 2,South,3,4,114
0,5,13,2,2855.88,4 2,South,3,4,114
0,5,13,3,2856.555,4 2,West,3,4,114
0,5,13,3,2857.947,4 2,North,3,4,114
0,5,13,3,2858.617,4 2,East,3,4,114
0,5,13,2,2860.06,4 3,East,3,4,114
0,5,13,2,2860.726,4 4,East,3,4,114
0,5,13,1,2861.335,4 4,North,3,4,114
0,5,13,2,2862.072,3 4,North,3,4,114
0,5,13,1,2862.724,3 4,West,3,4,114
0,5,13,2,2863.651,3 3,West,3,4,114
0,5,13,6,2864.06,3 3,West,3,5,114
0,5,13,3,2864.371,3 3,North,3,5,114
0,5,13,2,2864.999,2 3,North,3,5,114
0,5,13,2,2865.684,1 3,North,3,5,114
0,5,13,2,2866.293,0 3,North,3,5,114
0,5,13,3,2867.014,0 3,East,3,5,114
0,5,13,2,2867.654,0 4,East,3,5,114
0,5,13,3,2868.324,0 4,South,3,5,114
0,5,13,2,2869.035,1 4,South,3,5,114
0,5,13,2,2869.651,2 4,South,3,5,114
0,5,13,3,2870.314,2 4,West,3,5,114
0,5,13,3,2870.998,2 4,North,3,5,114
0,5,13,2,2871.624,1 4,North,3,5,114
0,5,13,2,2872.265,0 4,North,3,5,114
0,5,13,1,2872.996,0 4,West,3,5,114
0,5,13,2,2873.669,0 3,West,3,5,114
0,5,13,1,2874.439,0 3,South,3,5,114
0,5,13,2,2875.114,1 3,South,3,5,114
0,5,13,2,2875.786,2 3,South,3,5,114
0,5,13,2,2876.455,3 3,South,3,5,114
0,5,13,1,2877.107,3 3,East,3,5,114
0,5,13,2,2877.716,3 4,East,3,5,114
0,5,13,3,2878.248,3 4,South,3,5,114
0,5,13,2,2878.788,4 4,South,3,5,114
0,5,13,3,2879.528,4 4,West,3,5,114
0,5,13,2,2880.153,4 3,West,3,5,114
0,5,13,2,2881.202,4 2,West,3,5,114
0,5,13,3,2881.818,4 2,North,3,5,114
0,5,13,2,2882.867,3 2,North,3,5,114
0,5,13,1,2883.592,3 2,West,3,5,114
0,5,13,2,2884.165,3 1,West,3,5,114
0,5,13,2,2884.772,3 0,West,3,5,114
0,5,13,3,2885.331,3 0,North,3,5,114
0,5,13,2,2885.944,2 0,North,3,5,114
0,5,13,2,2886.565,1 0,North,3,5,114
0,5,13,6,2886.94,1 0,North,3,6,114
0,5,13,3,2887.174,1 0,East,3,6,114
0,5,13,3,2887.687,1 0,South,3,6,114
0,5,13,1,2888.568,1 0,East,3,6,114
0,5,13,2,2889.251,1 1,East,3,6,114
0,5,13,3,2889.955,1 1,South,3,6,114
0,5,13,2,2890.555,2 1,South,3,6,114
0,5,13,1,2891.3,2 1,East,3,6,114
0,5,13,2,2891.946,2 2,East,3,6,114
0,5,13,1,2892.472,2 2,North,3,6,114
0,5,13,2,2893.035,1 2,North,3,6,114
0,5,13,2,2893.719,0 2,North,3,6,114
0,5,13,1,2894.456,0 2,West,3,6,114
0,5,13,2,2895.109,0 1,West,3,6,114
0,5,13,2,2895.621,0 0,West,3,6,114
0,5,13,1,2896.281,0 0,South,3,6,114
0,5,13,1,2897.079,0 0,East,3,6,114
0,5,13,2,2897.748,0 1,East,3,6,114
0,5,13,2,2898.648,0 2,East,3,6,114
0,5,13,3,2899.254,0 2,South,3,6,114
0,5,13,2,2899.784,1 2,South,3,6,114
0,5,13,2,2900.452,2 2,South,3,6,114
0,5,13,3,2901.078,2 2,West,3,6,114
0,5,13,2,2901.639,2 1,West,3,6,114
0,5,13,3,2902.356,2 1,North,3,6,114
0,5,13,2,2903,1 1,North,3,6,114
0,5,13,1,2903.655,1 1,West,3,6,114
0,5,13,2,2904.252,1 0,West,3,6,114
0,5,13,1,2904.886,1 0,South,3,6,114
0,5,13,2,2905.433,2 0,South,3,6,114
0,5,13,2,2906.213,3 0,South,3,6,114
0,5,13,1,2906.789,3 0,East,3,6,114
0,5,13,2,2907.332,3 1,East,3,6,114
0,5,13,2,2907.876,3 2,East,3,6,114
0,5,13,6,2908.3,3 2,East,3,7,114
0,5,13,3,2908.676,3 2,South,3,7,114
0,5,13,2,2909.401,4 2,South,3,7,114
0,5,13,3,2909.941,4 2,West,3,7,114
0,5,13,3,2911.111,4 2,North,3,7,114
0,5,13,3,2911.955,4 2,East,3,7,114
0,5,13,2,2912.825,4 3,East,3,7,114
0,5,13,2,2913.688,4 4,East,3,7,114
0,5,13,1,2914.358,4 4,North,3,7,114
0,5,13,2,2914.997,3 4,North,3,7,114
0,5,13,6,2915.38,3 4,North,3,8,114
3,5,13,2,2919.637,3 4,North,3,0,0
3,5,13,1,2921.432,3 3,North,3,0,0
3,5,13,2,2922.744,2 3,North,3,0,0
3,5,13,3,2923.563,2 3,North,3,0,1
3,5,13,2,2924.858,1 3,North,3,0,1
3,5,13,3,2925.927,1 3,North,3,0,2
3,5,13,2,2926.611,0 3,North,3,0,2
3,5,13,3,2927.493,0 4,North,3,0,2
3,5,13,4,2928.103,1 4,North,3,0,2
3,5,13,4,2928.985,2 4,North,3,0,2
3,5,13,6,2929.34,2 4,North,3,1,2
3,5,13,2,2930.086,1 4,North,3,1,2
3,5,13,2,2931.079,0 4,North,3,1,2
3,5,13,1,2931.878,0 3,North,3,1,2
3,5,13,4,2932.628,1 3,North,3,1,2
3,5,13,4,2933.317,2 3,North,3,1,2
3,5,13,4,2933.893,3 3,North,3,1,2
3,5,13,6,2934.26,3 3,North,3,2,2
3,5,13,4,2935.195,3 3,North,3,2,3
3,5,13,1,2937.016,3 3,North,3,2,4
3,5,13,2,2937.858,2 3,North,3,2,4
3,5,13,1,2938.728,2 3,North,3,2,5
3,5,13,2,2941.864,1 3,North,3,2,5
3,5,13,1,2943.416,1 3,North,3,2,6
3,5,13,4,2945.555,2 3,North,3,2,6
3,5,13,3,2946.585,2 3,North,3,2,7
3,5,13,4,2947.267,3 3,North,3,2,7
3,5,13,3,2948.501,3 4,North,3,2,7
3,5,13,4,2949.272,4 4,North,3,2,7
3,5,13,1,2949.972,4 3,North,3,2,7
3,5,13,1,2950.709,4 2,North,3,2,7
3,5,13,2,2951.524,3 2,North,3,2,7
3,5,13,1,2952.52,3 1,North,3,2,7
3,5,13,2,2954.597,3 1,North,3,2,8
3,5,13,1,2955.317,3 0,North,3,2,8
3,5,13,2,2956.089,2 0,North,3,2,8
3,5,13,2,2956.893,1 0,North,3,2,8
3,5,13,6,2957.28,1 0,North,3,3,8
3,5,13,4,2957.812,2 0,North,3,3,8
3,5,13,4,2958.331,3 0,North,3,3,8
3,5,13,3,2959.064,3 1,North,3,3,8
3,5,13,6,2959.46,3 1,North,3,4,8
3,5,13,2,2959.962,3 1,North,3,4,9
3,5,13,1,2960.549,3 0,North,3,4,9
3,5,13,2,2961.27,2 0,North,3,4,9
3,5,13,3,2961.946,2 0,North,3,4,10
3,5,13,4,2965.173,3 0,North,3,4,10
3,5,13,3,2970.602,3 1,North,3,4,10
3,5,13,2,2971.175,3 1,North,3,4,11
3,5,13,3,2972.343,3 2,North,3,4,11
3,5,13,2,2973.987,3 2,North,3,4,12
3,5,13,3,2975.323,3 2,North,3,4,13
3,5,13,4,2976.084,4 2,North,3,4,13
3,5,13,2,2977.496,3 2,North,3,4,13
3,5,13,3,2978.057,3 2,North,3,4,14
3,5,13,1,2978.619,3 1,North,3,4,14
3,5,13,3,2980.118,3 2,North,3,4,14
3,5,13,4,2981.059,4 2,North,3,4,14
3,5,13,4,2981.638,4 2,North,3,4,14
3,5,13,2,2982.227,3 2,North,3,4,14
3,5,13,1,2982.746,3 1,North,3,4,14
3,5,13,2,2983.562,3 1,North,3,4,15
3,5,13,3,2984.198,3 2,North,3,4,15
3,5,13,4,2985.766,4 2,North,3,4,15
3,5,13,3,2986.483,4 3,North,3,4,15
3,5,13,3,2987.068,4 4,North,3,4,15
3,5,13,2,2987.787,3 4,North,3,4,15
3,5,13,2,2988.53,3 4,North,3,4,16
3,5,13,1,2989.371,3 3,North,3,4,16
3,5,13,2,2990.279,2 3,North,3,4,16
3,5,13,2,2991.417,1 3,North,3,4,16
3,5,13,6,2991.8,1 3,North,3,5,16
3,5,13,4,2992.475,2 3,North,3,5,16
3,5,13,4,2993.032,3 3,North,3,5,16
3,5,13,3,2994.54,3 4,North,3,5,16
3,5,13,4,2995.434,4 4,North,3,5,16
3,5,13,1,2996.199,4 3,North,3,5,16
3,5,13,1,2996.979,4 2,North,3,5,16
3,5,13,1,2997.511,4 1,North,3,5,16
3,5,13,6,2997.92,4 1,North,3,6,16
3,5,13,3,2999.699,4 2,North,3,6,16
3,5,13,2,3000.483,3 2,North,3,6,16
3,5,13,1,3001.382,3 1,North,3,6,16
3,5,13,2,3002.146,3 1,North,3,6,17
3,5,13,1,3003.051,3 0,North,3,6,17
3,5,13,2,3003.688,2 0,North,3,6,17
3,5,13,3,3004.347,2 0,North,3,6,18
3,5,13,2,3005.575,1 0,North,3,6,18
3,5,13,2,3006.164,1 0,North,3,6,19
3,5,13,3,3006.716,1 1,North,3,6,19
3,5,13,2,3007.286,1 1,North,3,6,20
3,5,13,3,3008.25,1 1,North,3,6,21
3,5,13,4,3009.32,2 1,North,3,6,21
3,5,13,2,3012.964,1 1,North,3,6,21
3,5,13,1,3013.907,1 0,North,3,6,21
3,5,13,3,3014.628,1 1,North,3,6,21
3,5,13,1,3016.294,1 0,North,3,6,21
3,5,13,4,3017.318,2 0,North,3,6,21
3,5,13,3,3018.58,2 0,North,3,6,22
3,5,13,2,3019.116,1 0,North,3,6,22
3,5,13,2,3020.168,1 0,North,3,6,23
3,5,13,3,3020.549,1 1,North,3,6,23
3,5,13,4,3021.949,2 1,North,3,6,23
3,5,13,3,3022.712,2 2,North,3,6,23
3,5,13,2,3023.386,1 2,North,3,6,23
3,5,13,1,3024.246,1 2,North,3,6,24
3,5,13,2,3025.73,0 2,North,3,6,24
3,5,13,1,3026.454,0 1,North,3,6,24
3,5,13,1,3027.224,0 0,North,3,6,24
3,5,13,6,3027.64,0 0,North,3,7,24
3,5,13,3,3028.41,0 1,North,3,7,24
3,5,13,3,3029.212,0 2,North,3,7,24
3,5,13,4,3030.146,1 2,North,3,7,24
3,5,13,4,3030.726,2 2,North,3,7,24
3,5,13,4,3031.477,2 2,North,3,7,25
3,5,13,1,3032.075,2 1,North,3,7,25
3,5,13,4,3032.855,2 1,North,3,7,26
3,5,13,1,3033.827,2 1,North,3,7,27
3,5,13,2,3034.86,1 1,North,3,7,27
3,5,13,1,3035.417,1 0,North,3,7,27
3,5,13,4,3036.09,2 0,North,3,7,27
3,5,13,4,3036.994,3 0,North,3,7,27
3,5,13,6,3037.36,3 0,North,3,8,27
0,5,14,2,3041.592,3 4,North,3,0,27
0,5,14,1,3042.443,3 4,West,3,0,27
0,5,14,1,3043.362,3 4,South,3,0,27
0,5,14,2,3043.938,4 4,South,3,0,27
0,5,14,3,3044.452,4 4,West,3,0,27
0,5,14,2,3045.019,4 3,West,3,0,27
0,5,14,6,3045.44,4 3,West,3,1,27
0,5,14,2,3045.819,4 2,West,3,1,27
0,5,14,3,3046.796,4 2,North,3,1,27
0,5,14,2,3047.355,3 2,North,3,1,27
0,5,14,1,3048.306,3 2,West,3,1,27
0,5,14,2,3048.917,3 1,West,3,1,27
0,5,14,2,3049.558,3 0,West,3,1,27
0,5,14,3,3050.099,3 0,North,3,1,27
0,5,14,2,3050.649,2 0,North,3,1,27
0,5,14,1,3051.861,2 0,West,3,1,27
0,5,14,1,3052.41,2 0,South,3,1,27
0,5,14,1,3053.602,2 0,East,3,1,27
0,5,14,1,3054.162,2 0,North,3,1,27
0,5,14,2,3054.823,1 0,North,3,1,27
0,5,14,3,3055.382,1 0,East,3,1,27
0,5,14,2,3055.896,1 1,East,3,1,27
0,5,14,6,3056.3,1 1,East,3,2,27
0,5,14,3,3056.63,1 1,South,3,2,27
0,5,14,2,3057.577,2 1,South,3,2,27
0,5,14,1,3058.567,2 1,East,3,2,27
0,5,14,2,3059.48,2 2,East,3,2,27
0,5,14,1,3060.214,2 2,North,3,2,27
0,5,14,2,3061.108,1 2,North,3,2,27
0,5,14,2,3061.675,0 2,North,3,2,27
0,5,14,1,3062.377,0 2,West,3,2,27
0,5,14,2,3063.106,0 1,West,3,2,27
0,5,14,2,3063.62,0 0,West,3,2,27
0,5,14,6,3064.04,0 0,West,3,3,27
0,5,14,3,3064.534,0 0,North,3,3,27
0,5,14,3,3065.142,0 0,East,3,3,27
0,5,14,2,3065.7,0 1,East,3,3,27
0,5,14,2,3066.329,0 2,East,3,3,27
0,5,14,3,3067.016,0 2,South,3,3,27
0,5,14,2,3067.715,1 2,South,3,3,27
0,5,14,2,3068.309,2 2,South,3,3,27
0,5,14,3,3068.836,2 2,West,3,3,27
0,5,14,2,3069.353,2 1,West,3,3,27
0,5,14,6,3069.76,2 1,West,3,4,27
0,5,14,3,3069.975,2 1,North,3,4,27
0,5,14,2,3070.585,1 1,North,3,4,27
0,5,14,3,3071.157,1 1,East,3,4,27
0,5,14,3,3071.738,1 1,South,3,4,27
0,5,14,2,3072.394,2 1,South,3,4,27
0,5,14,1,3072.92,2 1,East,3,4,27
0,5,14,2,3073.57,2 2,East,3,4,27
0,5,14,1,3074.131,2 2,North,3,4,27
0,5,14,2,3074.792,1 2,North,3,4,27
0,5,14,6,3075.18,1 2,North,3,5,27
0,5,14,1,3076.133,1 2,West,3,5,27
0,5,14,1,3076.759,1 2,South,3,5,27
0,5,14,2,3077.337,2 2,South,3,5,27
0,5,14,3,3078.024,2 2,West,3,5,27
0,5,14,2,3078.534,2 1,West,3,5,27
0,5,14,3,3079.156,2 1,North,3,5,27
0,5,14,2,3079.783,1 1,North,3,5,27
0,5,14,1,3080.357,1 1,West,3,5,27
0,5,14,2,3080.917,1 0,West,3,5,27
0,5,14,1,3081.604,1 0,South,3,5,27
0,5,14,2,3082.231,2 0,South,3,5,27
0,5,14,2,3082.82,3 0,South,3,5,27
0,5,14,1,3083.493,3 0,East,3,5,27
0,5,14,2,3084.151,3 1,East,3,5,27
0,5,14,2,3084.761,3 2,East,3,5,27
0,5,14,3,3085.397,3 2,South,3,5,27
0,5,14,2,3086.002,4 2,South,3,5,27
0,5,14,3,3086.981,4 2,West,3,5,27
0,5,14,2,3087.734,4 1,West,3,5,27
0,5,14,2,3088.388,4 0,West,3,5,27
0,5,14,6,3088.8,4 0,West,3,6,27
0,5,14,3,3089.224,4 0,North,3,6,27
0,5,14,3,3089.799,4 0,East,3,6,27
0,5,14,2,3090.457,4 1,East,3,6,27
0,5,14,2,3091.062,4 2,East,3,6,27
0,5,14,2,3091.654,4 3,East,3,6,27
0,5,14,2,3092.199,4 4,East,3,6,27
0,5,14,2,3092.962,4 4,East,3,6,27
0,5,14,1,3093.435,4 4,North,3,6,27
0,5,14,2,3093.991,3 4,North,3,6,27
0,5,14,1,3094.664,3 4,West,3,6,27
0,5,14,2,3095.332,3 3,West,3,6,27
0,5,14,3,3095.989,3 3,North,3,6,27
0,5,14,2,3096.681,2 3,North,3,6,27
0,5,14,2,3097.322,1 3,North,3,6,27
0,5,14,2,3097.911,0 3,North,3,6,27
0,5,14,3,3098.838,0 3,East,3,6,27
0,5,14,2,3099.602,0 4,East,3,6,27
0,5,14,3,3100.308,0 4,South,3,6,27
0,5,14,2,3100.883,1 4,South,3,6,27
0,5,14,6,3101.26,1 4,South,3,7,27
0,5,14,3,3101.688,1 4,West,3,7,27
0,5,14,3,3102.266,1 4,North,3,7,27
0,5,14,2,3102.794,0 4,North,3,7,27
0,5,14,1,3103.364,0 4,West,3,7,27
0,5,14,2,3104.281,0 3,West,3,7,27
0,5,14,1,3105.154,0 3,South,3,7,27
0,5,14,2,3105.939,1 3,South,3,7,27
0,5,14,2,3106.617,2 3,South,3,7,27
0,5,14,2,3107.192,3 3,South,3,7,27
0,5,14,1,3107.714,3 3,East,3,7,27
0,5,14,2,3108.25,3 4,East,3,7,27
0,5,14,3,3108.81,3 4,South,3,7,27
0,5,14,2,3109.369,4 4,South,3,7,27
0,5,14,3,3110.233,4 4,West,3,7,27
0,5,14,2,3111.06,4 3,West,3,7,27
0,5,14,2,3111.651,4 2,West,3,7,27
0,5,14,2,3112.226,4 1,West,3,7,27
0,5,14,6,3112.64,4 1,West,3,8,27
3,5,14,1,3116.093,4 3,North,3,0,0
3,5,14,1,3116.626,4 2,North,3,0,0
3,5,14,2,3117.354,3 2,North,3,0,0
3,5,14,2,3118.185,3 2,North,3,0,1
3,5,14,1,3118.699,3 1,North,3,0,1
3,5,14,2,3119.416,3 1,North,3,0,2
3,5,14,1,3119.861,3 0,North,3,0,2
3,5,14,2,3121.293,2 0,North,3,0,2
3,5,14,3,3121.892,2 0,North,3,0,3
3,5,14,3,3122.603,2 0,North,3,0,4
3,5,14,2,3122.917,1 0,North,3,0,4
3,5,14,3,3123.672,1 1,North,3,0,4
3,5,14,4,3124.361,2 1,North,3,0,4
3,5,14,6,3124.72,2 1,North,3,1,4
3,5,14,2,3125.339,1 1,North,3,1,4
3,5,14,1,3125.995,1 0,North,3,1,4
3,5,14,4,3126.757,2 0,North,3,1,4
3,5,14,4,3127.287,3 0,North,3,1,4
3,5,14,3,3127.898,3 1,North,3,1,4
3,5,14,3,3128.566,3 2,North,3,1,4
3,5,14,4,3129.176,4 2,North,3,1,4
3,5,14,3,3129.785,4 3,North,3,1,4
3,5,14,6,3130.18,4 3,North,3,2,4
3,5,14,1,3130.676,4 2,North,3,2,4
3,5,14,2,3131.29,3 2,North,3,2,4
3,5,14,2,3132.41,3 2,North,3,2,5
3,5,14,1,3133.62,3 1,North,3,2,5
3,5,14,2,3134.891,3 1,North,3,2,6
3,5,14,1,3135.337,3 0,North,3,2,6
3,5,14,2,3135.978,2 0,North,3,2,6
3,5,14,2,3136.567,1 0,North,3,2,6
3,5,14,3,3137.318,1 1,North,3,2,6
3,5,14,6,3137.72,1 1,North,3,3,6
3,5,14,1,3138.007,1 0,North,3,3,6
3,5,14,4,3138.697,2 0,North,3,3,6
3,5,14,4,3139.899,3 0,North,3,3,6
3,5,14,3,3140.612,3 1,North,3,3,6
3,5,14,3,3141.718,3 2,North,3,3,6
3,5,14,2,3143.346,3 2,North,3,3,7
3,5,14,4,3144.934,4 2,North,3,3,7
3,5,14,3,3145.524,4 3,North,3,3,7
3,5,14,3,3146.455,4 4,North,3,3,7
3,5,14,2,3147.27,3 4,North,3,3,7
3,5,14,2,3148.056,3 4,North,3,3,8
3,5,14,1,3148.786,3 3,North,3,3,8
3,5,14,2,3149.362,2 3,North,3,3,8
3,5,14,6,3149.74,2 3,North,3,4,8
3,5,14,4,3150.053,3 3,North,3,4,8
3,5,14,3,3150.617,3 4,North,3,4,8
3,5,14,1,3151.45,3 3,North,3,4,8
3,5,14,2,3152.355,2 3,North,3,4,8
3,5,14,1,3153.419,2 3,North,3,4,9
3,5,14,4,3154.153,3 3,North,3,4,9
3,5,14,3,3155.866,3 4,North,3,4,9
3,5,14,4,3156.589,4 4,North,3,4,9
3,5,14,1,3157.241,4 3,North,3,4,9
3,5,14,1,3158.007,4 2,North,3,4,9
3,5,14,2,3158.682,3 2,North,3,4,9
3,5,14,2,3159.316,3 2,North,3,4,10
3,5,14,2,3159.506,3 2,North,3,4,11
3,5,14,1,3160.347,3 1,North,3,4,11
3,5,14,2,3161.143,3 1,North,3,4,12
3,5,14,3,3162.282,3 2,North,3,4,12
3,5,14,2,3166.041,3 2,North,3,4,13
3,5,14,3,3166.537,3 2,North,3,4,14
3,5,14,3,3167.266,3 2,North,3,4,15
3,5,14,1,3167.847,3 1,North,3,4,15
3,5,14,3,3169.044,3 2,North,3,4,15
3,5,14,4,3170.839,4 2,North,3,4,15
3,5,14,3,3171.685,4 3,North,3,4,15
3,5,14,3,3172.227,4 4,North,3,4,15
3,5,14,2,3172.92,3 4,North,3,4,15
3,5,14,1,3173.59,3 3,North,3,4,15
3,5,14,2,3174.265,2 3,North,3,4,15
3,5,14,3,3175.475,2 3,North,3,4,16
3,5,14,2,3176.124,1 3,North,3,4,16
3,5,14,3,3176.81,1 3,North,3,4,17
3,5,14,2,3177.577,0 3,North,3,4,17
3,5,14,3,3178.245,0 4,North,3,4,17
3,5,14,4,3178.813,1 4,North,3,4,17
3,5,14,6,3179.18,1 4,North,3,5,17
3,5,14,2,3179.382,0 4,North,3,5,17
3,5,14,1,3180.152,0 3,North,3,5,17
3,5,14,1,3181.336,0 3,North,3,5,18
3,5,14,4,3181.531,1 3,North,3,5,18
3,5,14,4,3182.138,2 3,North,3,5,18
3,5,14,1,3182.872,2 3,North,3,5,19
3,5,14,3,3183.72,2 3,North,3,5,20
3,5,14,4,3184.707,3 3,North,3,5,20
3,5,14,3,3186.099,3 4,North,3,5,20
3,5,14,4,3186.788,4 4,North,3,5,20
3,5,14,1,3187.531,4 3,North,3,5,20
3,5,14,1,3188.09,4 2,North,3,5,20
3,5,14,1,3188.748,4 1,North,3,5,20
3,5,14,6,3189.16,4 1,North,3,6,20
3,5,14,3,3189.765,4 2,North,3,6,20
3,5,14,2,3191.079,3 2,North,3,6,20
3,5,14,1,3192.727,3 1,North,3,6,20
3,5,14,2,3193.48,3 1,North,3,6,21
3,5,14,1,3194.295,3 0,North,3,6,21
3,5,14,2,3195.378,2 0,North,3,6,21
3,5,14,6,3195.76,2 0,North,3,7,21
3,5,14,4,3196.458,3 0,North,3,7,21
3,5,14,2,3198.151,2 0,North,3,7,21
3,5,14,2,3199.258,1 0,North,3,7,21
3,5,14,3,3200.29,1 1,North,3,7,21
3,5,14,2,3200.917,1 1,North,3,7,22
3,5,14,3,3201.778,1 1,North,3,7,23
3,5,14,1,3202.419,1 0,North,3,7,23
3,5,14,3,3203.064,1 1,North,3,7,23
3,5,14,4,3204.012,2 1,North,3,7,23
3,5,14,2,3205.096,1 1,North,3,7,23
3,5,14,1,3205.766,1 0,North,3,7,23
3,5,14,2,3206.404,1 0,North,3,7,24
3,5,14,3,3207.554,1 1,North,3,7,24
3,5,14,4,3209.11,2 1,North,3,7,24
3,5,14,3,3209.656,2 2,North,3,7,24
3,5,14,2,3210.308,1 2,North,3,7,24
3,5,14,2,3210.935,0 2,North,3,7,24
3,5,14,1,3211.511,0 1,North,3,7,24
3,5,14,6,3211.92,0 1,North,3,8,24
0,5,15,2,3214.915,3 4,North,3,0,24
0,5,15,1,3215.451,3 4,West,3,0,24
0,5,15,2,3216.39,3 3,West,3,0,24
0,5,15,3,3217.158,3 3,North,3,0,24
0,5,15,2,3218.31,2 3,North,3,0,24
0,5,15,6,3218.7,2 3,North,3,1,24
0,5,15,2,3219.015,1 3,North,3,1,24
0,5,15,2,3219.69,0 3,North,3,1,24
0,5,15,3,3220.324,0 3,East,3,1,24
0,5,15,2,3221.078,0 4,East,3,1,24
0,5,15,3,3221.746,0 4,South,3,1,24
0,5,15,3,3222.646,0 4,West,3,1,24
0,5,15,2,3223.291,0 3,West,3,1,24
0,5,15,1,3223.811,0 3,South,3,1,24
0,5,15,2,3224.49,1 3,South,3,1,24
0,5,15,2,3225.082,2 3,South,3,1,24
0,5,15,2,3225.667,3 3,South,3,1,24
0,5,15,1,3226.33,3 3,East,3,1,24
0,5,15,2,3226.906,3 4,East,3,1,24
0,5,15,3,3227.594,3 4,South,3,1,24
0,5,15,2,3228.34,4 4,South,3,1,24
0,5,15,3,3229.027,4 4,West,3,1,24
0,5,15,3,3230.215,4 4,North,3,1,24
0,5,15,1,3232.724,4 4,West,3,1,24
0,5,15,2,3233.253,4 3,West,3,1,24
0,5,15,2,3233.907,4 2,West,3,1,24
0,5,15,3,3234.518,4 2,North,3,1,24
0,5,15,2,3235.124,3 2,North,3,1,24
0,5,15,1,3235.851,3 2,West,3,1,24
0,5,15,2,3236.361,3 1,West,3,1,24
0,5,15,2,3236.954,3 0,West,3,1,24
0,5,15,3,3237.492,3 0,North,3,1,24
0,5,15,2,3238.005,2 0,North,3,1,24
0,5,15,2,3238.613,1 0,North,3,1,24
0,5,15,3,3239.211,1 0,East,3,1,24
0,5,15,2,3239.734,1 1,East,3,1,24
0,5,15,3,3240.404,1 1,South,3,1,24
0,5,15,2,3240.964,2 1,South,3,1,24
0,5,15,2,3241.704,2 1,South,3,1,24
0,5,15,2,3241.926,2 1,South,3,1,24
0,5,15,1,3242.148,2 1,East,3,1,24
0,5,15,2,3242.794,2 2,East,3,1,24
0,5,15,1,3243.426,2 2,North,3,1,24
0,5,15,2,3244.052,1 2,North,3,1,24
0,5,15,2,3244.663,0 2,North,3,1,24
0,5,15,1,3245.38,0 2,West,3,1,24
0,5,15,2,3246.051,0 1,West,3,1,24
0,5,15,6,3246.46,0 1,West,3,2,24
0,5,15,2,3246.722,0 0,West,3,2,24
0,5,15,1,3247.466,0 0,South,3,2,24
0,5,15,1,3248.073,0 0,East,3,2,24
0,5,15,2,3248.646,0 1,East,3,2,24
0,5,15,2,3249.302,0 2,East,3,2,24
0,5,15,3,3249.986,0 2,South,3,2,24
0,5,15,2,3250.616,1 2,South,3,2,24
0,5,15,2,3251.322,2 2,South,3,2,24
0,5,15,3,3251.946,2 2,West,3,2,24
0,5,15,2,3252.66,2 1,West,3,2,24
0,5,15,3,3253.363,2 1,North,3,2,24
0,5,15,2,3253.94,1 1,North,3,2,24
0,5,15,1,3254.595,1 1,West,3,2,24
0,5,15,2,3255.291,1 0,West,3,2,24
0,5,15,1,3255.88,1 0,South,3,2,24
0,5,15,2,3256.598,2 0,South,3,2,24
0,5,15,6,3256.98,2 0,South,3,3,24
0,5,15,1,3257.382,2 0,East,3,3,24
0,5,15,3,3258.023,2 0,South,3,3,24
0,5,15,2,3258.742,3 0,South,3,3,24
0,5,15,1,3259.493,3 0,East,3,3,24
0,5,15,2,3260.184,3 1,East,3,3,24
0,5,15,2,3260.824,3 2,East,3,3,24
0,5,15,3,3261.498,3 2,South,3,3,24
0,5,15,2,3262.199,4 2,South,3,3,24
0,5,15,3,3263.157,4 2,West,3,3,24
0,5,15,3,3264.198,4 2,North,3,3,24
0,5,15,3,3265.155,4 2,East,3,3,24
0,5,15,2,3265.876,4 3,East,3,3,24
0,5,15,2,3266.532,4 4,East,3,3,24
0,5,15,1,3267.286,4 4,North,3,3,24
0,5,15,2,3268.024,3 4,North,3,3,24
0,5,15,1,3268.58,3 4,West,3,3,24
0,5,15,2,3269.274,3 3,West,3,3,24
0,5,15,3,3269.971,3 3,North,3,3,24
0,5,15,2,3270.632,2 3,North,3,3,24
0,5,15,2,3271.221,1 3,North,3,3,24
0,5,15,2,3271.785,0 3,North,3,3,24
0,5,15,3,3272.327,0 3,East,3,3,24
0,5,15,2,3272.857,0 4,East,3,3,24
0,5,15,6,3273.26,0 4,East,3,4,24
0,5,15,3,3273.466,0 4,South,3,4,24
0,5,15,2,3274.025,1 4,South,3,4,24
0,5,15,2,3274.596,2 4,South,3,4,24
0,5,15,3,3275.288,2 4,West,3,4,24
0,5,15,3,3275.898,2 4,North,3,4,24
0,5,15,2,3276.441,1 4,North,3,4,24
0,5,15,2,3277.03,0 4,North,3,4,24
0,5,15,1,3277.576,0 4,West,3,4,24
0,5,15,2,3278.18,0 3,West,3,4,24
0,5,15,1,3278.726,0 3,South,3,4,24
0,5,15,2,3279.412,1 3,South,3,4,24
0,5,15,2,3280.006,2 3,South,3,4,24
0,5,15,2,3280.644,3 3,South,3,4,24
0,5,15,1,3281.332,3 3,East,3,4,24
0,5,15,2,3281.946,3 4,East,3,4,24
0,5,15,3,3282.504,3 4,South,3,4,24
0,5,15,2,3283.094,4 4,South,3,4,24
0,5,15,3,3283.641,4 4,West,3,4,24
0,5,15,2,3284.315,4 3,West,3,4,24
0,5,15,2,3284.904,4 2,West,3,4,24
0,5,15,3,3285.54,4 2,North,3,4,24
0,5,15,2,3286.132,3 2,North,3,4,24
0,5,15,1,3286.836,3 2,West,3,4,24
0,5,15,2,3287.524,3 1,West,3,4,24
0,5,15,2,3288.162,3 0,West,3,4,24
0,5,15,3,3288.869,3 0,North,3,4,24
0,5,15,2,3289.401,2 0,North,3,4,24
0,5,15,2,3290.069,1 0,North,3,4,24
0,5,15,3,3290.726,1 0,East,3,4,24
0,5,15,2,3291.444,1 1,East,3,4,24
0,5,15,3,3292.089,1 1,South,3,4,24
0,5,15,2,3292.603,2 1,South,3,4,24
0,5,15,1,3293.241,2 1,East,3,4,24
0,5,15,2,3293.94,2 2,East,3,4,24
0,5,15,6,3294.36,2 2,East,3,5,24
0,5,15,1,3294.619,2 2,North,3,5,24
0,5,15,2,3295.17,1 2,North,3,5,24
0,5,15,2,3295.845,0 2,North,3,5,24
0,5,15,1,3296.487,0 2,West,3,5,24
0,5,15,2,3297.176,0 1,West,3,5,24
0,5,15,1,3298.245,0 1,South,3,5,24
0,5,15,1,3298.92,0 1,East,3,5,24
0,5,15,2,3299.592,0 2,East,3,5,24
0,5,15,3,3300.307,0 2,South,3,5,24
0,5,15,2,3300.916,1 2,South,3,5,24
0,5,15,2,3301.576,2 2,South,3,5,24
0,5,15,3,3302.453,2 2,West,3,5,24
0,5,15,2,3303.146,2 1,West,3,5,24
0,5,15,3,3303.754,2 1,North,3,5,24
0,5,15,2,3304.393,1 1,North,3,5,24
0,5,15,1,3304.968,1 1,West,3,5,24
0,5,15,2,3305.619,1 0,West,3,5,24
0,5,15,1,3306.199,1 0,South,3,5,24
0,5,15,2,3306.914,2 0,South,3,5,24
0,5,15,2,3307.581,3 0,South,3,5,24
0,5,15,1,3308.262,3 0,East,3,5,24
0,5,15,2,3308.866,3 1,East,3,5,24
0,5,15,2,3309.382,3 2,East,3,5,24
0,5,15,3,3310.021,3 2,South,3,5,24
0,5,15,2,3310.664,4 2,South,3,5,24
0,5,15,1,3311.194,4 2,East,3,5,24
0,5,15,2,3311.914,4 3,East,3,5,24
0,5,15,2,3312.552,4 4,East,3,5,24
0,5,15,1,3313.17,4 4,North,3,5,24
0,5,15,2,3313.813,3 4,North,3,5,24
0,5,15,1,3314.422,3 4,West,3,5,24
0,5,15,2,3315.061,3 3,West,3,5,24
0,5,15,3,3315.577,3 3,North,3,5,24
0,5,15,2,3316.179,2 3,North,3,5,24
0,5,15,2,3316.792,1 3,North,3,5,24
0,5,15,2,3317.387,0 3,North,3,5,24
0,5,15,6,3317.76,0 3,North,3,6,24
0,5,15,3,3318.01,0 3,East,3,6,24
0,5,15,2,3318.585,0 4,East,3,6,24
0,5,15,3,3319.241,0 4,South,3,6,24
0,5,15,2,3319.896,1 4,South,3,6,24
0,5,15,3,3320.507,1 4,West,3,6,24
0,5,15,3,3321.194,1 4,North,3,6,24
0,5,15,2,3321.763,0 4,North,3,6,24
0,5,15,1,3322.362,0 4,West,3,6,24
0,5,15,2,3322.996,0 3,West,3,6,24
0,5,15,1,3323.653,0 3,South,3,6,24
0,5,15,2,3324.309,1 3,South,3,6,24
0,5,15,2,3324.917,2 3,South,3,6,24
0,5,15,2,3325.508,3 3,South,3,6,24
0,5,15,1,3326.165,3 3,East,3,6,24
0,5,15,2,3326.856,3 4,East,3,6,24
0,5,15,3,3327.558,3 4,South,3,6,24
0,5,15,2,3328.212,4 4,South,3,6,24
0,5,15,3,3328.883,4 4,West,3,6,24
0,5,15,2,3329.56,4 3,West,3,6,24
0,5,15,2,3330.244,4 2,West,3,6,24
0,5,15,6,3330.66,4 2,West,3,7,24
0,5,15,3,3330.948,4 2,North,3,7,24
0,5,15,2,3331.65,3 2,North,3,7,24
0,5,15,1,3332.211,3 2,West,3,7,24
0,5,15,2,3332.729,3 1,West,3,7,24
0,5,15,2,3333.284,3 0,West,3,7,24
0,5,15,3,3333.813,3 0,North,3,7,24
0,5,15,2,3334.457,2 0,North,3,7,24
0,5,15,2,3335.032,1 0,North,3,7,24
0,5,15,3,3335.593,1 0,East,3,7,24
0,5,15,2,3336.186,1 1,East,3,7,24
0,5,15,3,3336.706,1 1,South,3,7,24
0,5,15,2,3337.225,2 1,South,3,7,24
0,5,15,1,3337.782,2 1,East,3,7,24
0,5,15,2,3338.358,2 2,East,3,7,24
0,5,15,1,3339.171,2 2,North,3,7,24
0,5,15,2,3339.796,1 2,North,3,7,24
0,5,15,2,3340.418,0 2,North,3,7,24
0,5,15,6,3340.8,0 2,North,3,8,24
3,5,15,1,3343.978,4 3,North,3,0,0
3,5,15,1,3344.65,4 2,North,3,0,0
3,5,15,6,3345.06,4 2,North,3,1,0
3,5,15,3,3345.623,4 3,North,3,1,0
3,5,15,3,3346.901,4 4,North,3,1,0
3,5,15,2,3347.622,3 4,North,3,1,0
3,5,15,2,3348.356,3 4,North,3,1,1
3,5,15,1,3349.068,3 3,North,3,1,1
3,5,15,2,3349.879,2 3,North,3,1,1
3,5,15,2,3350.594,1 3,North,3,1,1
3,5,15,2,3351.235,0 3,North,3,1,1
3,5,15,6,3351.62,0 3,North,3,2,1
3,5,15,4,3352.181,1 3,North,3,2,1
3,5,15,4,3352.727,2 3,North,3,2,1
3,5,15,4,3354.247,3 3,North,3,2,1
3,5,15,1,3355.096,3 3,North,3,2,2
3,5,15,4,3355.986,3 3,North,3,2,3
3,5,15,3,3356.522,3 4,North,3,2,3
3,5,15,4,3357.09,4 4,North,3,2,3
3,5,15,1,3357.609,4 3,North,3,2,3
3,5,15,1,3358.505,4 2,North,3,2,3
3,5,15,2,3359.29,3 2,North,3,2,3
3,5,15,1,3360.231,3 1,North,3,2,3
3,5,15,1,3360.791,3 0,North,3,2,3
3,5,15,2,3361.593,2 0,North,3,2,3
3,5,15,6,3361.98,2 0,North,3,3,3
3,5,15,4,3362.403,3 0,North,3,3,3
3,5,15,3,3363.015,3 1,North,3,3,3
3,5,15,3,3364.763,3 2,North,3,3,3
3,5,15,2,3365.671,3 2,North,3,3,4
3,5,15,1,3366.39,3 1,North,3,3,4
3,5,15,2,3367.257,3 1,North,3,3,5
3,5,15,1,3368.628,3 0,North,3,3,5
3,5,15,2,3369.463,2 0,North,3,3,5
3,5,15,2,3370.185,1 0,North,3,3,5
3,5,15,2,3370.874,1 0,North,3,3,6
3,5,15,3,3371.41,1 1,North,3,3,6
3,5,15,2,3371.945,1 1,North,3,3,7
3,5,15,3,3372.743,1 1,North,3,3,8
3,5,15,2,3373.333,1 1,North,3,3,9
3,5,15,4,3375.255,2 1,North,3,3,9
3,5,15,3,3375.834,2 2,North,3,3,9
3,5,15,2,3376.459,1 2,North,3,3,9
3,5,15,2,3377.276,0 2,North,3,3,9
3,5,15,6,3377.66,0 2,North,3,4,9
3,5,15,4,3378.086,1 2,North,3,4,9
3,5,15,4,3378.821,2 2,North,3,4,9
3,5,15,1,3379.427,2 1,North,3,4,9
3,5,15,4,3380.379,2 1,North,3,4,10
3,5,15,1,3380.875,2 1,North,3,4,11
3,5,15,1,3381.434,2 1,North,3,4,12
3,5,15,2,3381.99,1 1,North,3,4,12
3,5,15,1,3382.551,1 0,North,3,4,12
3,5,15,4,3383.207,2 0,North,3,4,12
3,5,15,4,3383.926,3 0,North,3,4,12
3,5,15,3,3384.699,3 1,North,3,4,12
3,5,15,1,3385.285,3 0,North,3,4,12
3,5,15,4,3386.004,3 0,North,3,4,13
3,5,15,3,3386.455,3 1,North,3,4,13
3,5,15,3,3387.114,3 2,North,3,4,13
3,5,15,4,3387.634,4 2,North,3,4,13
3,5,15,1,3388.358,4 1,North,3,4,13
3,5,15,1,3388.936,4 0,North,3,4,13
3,5,15,6,3389.34,4 0,North,3,5,13
3,5,15,3,3389.576,4 1,North,3,5,13
3,5,15,3,3390.146,4 2,North,3,5,13
3,5,15,2,3390.81,3 2,North,3,5,13
3,5,15,1,3391.435,3 1,North,3,5,13
3,5,15,2,3392.283,3 1,North,3,5,14
3,5,15,1,3393.25,3 0,North,3,5,14
3,5,15,2,3393.796,2 0,North,3,5,14
3,5,15,3,3394.458,2 0,North,3,5,15
3,5,15,2,3395.128,1 0,North,3,5,15
3,5,15,3,3395.735,1 1,North,3,5,15
3,5,15,4,3396.602,2 1,North,3,5,15
3,5,15,3,3397.236,2 2,North,3,5,15
3,5,15,6,3397.64,2 2,North,3,6,15
3,5,15,1,3398.394,2 1,North,3,6,15
3,5,15,2,3399.115,1 1,North,3,6,15
3,5,15,1,3399.675,1 0,North,3,6,15
3,5,15,4,3400.519,2 0,North,3,6,15
3,5,15,4,3401.236,3 0,North,3,6,15
3,5,15,4,3403.445,3 0,North,3,6,16
3,5,15,3,3403.944,3 1,North,3,6,16
3,5,15,4,3404.631,3 1,North,3,6,17
3,5,15,3,3405.126,3 2,North,3,6,17
3,5,15,4,3405.829,4 2,North,3,6,17
3,5,15,3,3406.38,4 3,North,3,6,17
3,5,15,3,3406.937,4 4,North,3,6,17
3,5,15,2,3407.547,3 4,North,3,6,17
3,5,15,6,3407.92,3 4,North,3,7,17
3,5,15,2,3412.099,3 4,North,3,7,18
3,5,15,1,3412.618,3 3,North,3,7,18
3,5,15,2,3413.369,2 3,North,3,7,18
3,5,15,2,3414.003,1 3,North,3,7,18
3,5,15,3,3414.822,1 3,North,3,7,19
3,5,15,2,3415.336,0 3,North,3,7,19
3,5,15,3,3415.945,0 4,North,3,7,19
3,5,15,6,3416.36,0 4,North,3,8,19
0,6,16,2,3420.488,3 4,North,3,0,19
0,6,16,1,3421.163,3 4,West,3,0,19
0,6,16,2,3421.682,3 3,West,3,0,19
0,6,16,3,3422.249,3 3,North,3,0,19
0,6,16,2,3422.852,2 3,North,3,0,19
0,6,16,2,3423.464,1 3,North,3,0,19
0,6,16,3,3424.084,1 3,East,3,0,19
0,6,16,1,3424.746,1 3,North,3,0,19
0,6,16,2,3425.429,0 3,North,3,0,19
0,6,16,3,3426.01,0 3,East,3,0,19
0,6,16,3,3426.6,0 3,South,3,0,19
0,6,16,1,3427.698,0 3,East,3,0,19
0,6,16,2,3428.39,0 4,East,3,0,19
0,6,16,3,3428.999,0 4,South,3,0,19
0,6,16,3,3429.606,0 4,West,3,0,19
0,6,16,2,3430.276,0 3,West,3,0,19
0,6,16,1,3430.804,0 3,South,3,0,19
0,6,16,2,3431.448,1 3,South,3,0,19
0,6,16,2,3431.993,2 3,South,3,0,19
0,6,16,2,3432.551,3 3,South,3,0,19
0,6,16,1,3433.239,3 3,East,3,0,19
0,6,16,2,3433.828,3 4,East,3,0,19
0,6,16,3,3434.468,3 4,South,3,0,19
0,6,16,2,3435.027,4 4,South,3,0,19
0,6,16,3,3435.572,4 4,West,3,0,19
0,6,16,2,3436.122,4 3,West,3,0,19
0,6,16,2,3436.745,4 2,West,3,0,19
0,6,16,3,3437.335,4 2,North,3,0,19
0,6,16,2,3437.973,3 2,North,3,0,19
0,6,16,1,3438.516,3 2,West,3,0,19
0,6,16,2,3439.124,3 1,West,3,0,19
0,6,16,2,3439.755,3 0,West,3,0,19
0,6,16,3,3440.361,3 0,North,3,0,19
0,6,16,2,3441.076,2 0,North,3,0,19
0,6,16,2,3441.586,1 0,North,3,0,19
0,6,16,3,3442.311,1 0,East,3,0,19
0,6,16,2,3443.011,1 1,East,3,0,19
0,6,16,3,3443.62,1 1,South,3,0,19
0,6,16,2,3444.313,2 1,South,3,0,19
0,6,16,1,3444.914,2 1,East,3,0,19
0,6,16,2,3445.48,2 2,East,3,0,19
0,6,16,1,3446.026,2 2,North,3,0,19
0,6,16,2,3446.581,1 2,North,3,0,19
0,6,16,2,3447.173,0 2,North,3,0,19
0,6,16,1,3447.686,0 2,West,3,0,19
0,6,16,2,3448.377,0 1,West,3,0,19
0,6,16,2,3448.984,0 0,West,3,0,19
0,6,16,6,3449.4,0 0,West,3,1,19
0,6,16,1,3449.508,0 0,South,3,1,19
0,6,16,1,3450.119,0 0,East,3,1,19
0,6,16,2,3450.699,0 1,East,3,1,19
0,6,16,2,3451.298,0 2,East,3,1,19
0,6,16,3,3451.916,0 2,South,3,1,19
0,6,16,2,3452.53,1 2,South,3,1,19
0,6,16,2,3453.131,2 2,South,3,1,19
0,6,16,3,3453.734,2 2,West,3,1,19
0,6,16,2,3454.458,2 1,West,3,1,19
0,6,16,3,3455.026,2 1,North,3,1,19
0,6,16,2,3455.674,1 1,North,3,1,19
0,6,16,1,3456.194,1 1,West,3,1,19
0,6,16,2,3456.806,1 0,West,3,1,19
0,6,16,1,3457.319,1 0,South,3,1,19
0,6,16,2,3458.058,2 0,South,3,1,19
0,6,16,2,3458.674,3 0,South,3,1,19
0,6,16,1,3459.299,3 0,East,3,1,19
0,6,16,2,3459.91,3 1,East,3,1,19
0,6,16,2,3460.549,3 2,East,3,1,19
0,6,16,3,3461.178,3 2,South,3,1,19
0,6,16,2,3461.827,4 2,South,3,1,19
0,6,16,1,3462.663,4 2,East,3,1,19
0,6,16,1,3463.24,4 2,North,3,1,19
0,6,16,3,3464.402,4 2,East,3,1,19
0,6,16,2,3465.09,4 3,East,3,1,19
0,6,16,2,3465.718,4 4,East,3,1,19
0,6,16,1,3466.26,4 4,North,3,1,19
0,6,16,2,3466.906,3 4,North,3,1,19
0,6,16,1,3467.477,3 4,West,3,1,19
0,6,16,2,3468.066,3 3,West,3,1,19
0,6,16,3,3468.633,3 3,North,3,1,19
0,6,16,2,3469.254,2 3,North,3,1,19
0,6,16,2,3469.878,1 3,North,3,1,19
0,6,16,2,3470.517,0 3,North,3,1,19
0,6,16,3,3471.115,0 3,East,3,1,19
0,6,16,2,3471.785,0 4,East,3,1,19
0,6,16,3,3472.47,0 4,South,3,1,19
0,6,16,2,3473.113,1 4,South,3,1,19
0,6,16,2,3473.769,2 4,South,3,1,19
0,6,16,6,3474.14,2 4,South,3,2,19
0,6,16,3,3474.373,2 4,West,3,2,19
0,6,16,3,3475.013,2 4,North,3,2,19
0,6,16,2,3475.94,1 4,North,3,2,19
0,6,16,2,3476.614,0 4,North,3,2,19
0,6,16,1,3477.285,0 4,West,3,2,19
0,6,16,2,3477.896,0 3,West,3,2,19
0,6,16,1,3478.421,0 3,South,3,2,19
0,6,16,2,3479.571,1 3,South,3,2,19
0,6,16,1,3481.524,1 3,East,3,2,19
0,6,16,1,3482.355,1 3,North,3,2,19
0,6,16,3,3483.26,1 3,East,3,2,19
0,6,16,3,3483.846,1 3,South,3,2,19
0,6,16,2,3484.386,2 3,South,3,2,19
0,6,16,2,3484.999,3 3,South,3,2,19
0,6,16,1,3485.526,3 3,East,3,2,19
0,6,16,2,3486.163,3 4,East,3,2,19
0,6,16,3,3486.746,3 4,South,3,2,19
0,6,16,2,3487.333,4 4,South,3,2,19
0,6,16,3,3487.914,4 4,West,3,2,19
0,6,16,2,3488.681,4 3,West,3,2,19
0,6,16,2,3489.38,4 2,West,3,2,19
0,6,16,3,3490.021,4 2,North,3,2,19
0,6,16,2,3490.681,3 2,North,3,2,19
0,6,16,1,3491.401,3 2,West,3,2,19
0,6,16,2,3492.003,3 1,West,3,2,19
0,6,16,2,3492.66,3 0,West,3,2,19
0,6,16,3,3493.304,3 0,North,3,2,19
0,6,16,2,3493.97,2 0,North,3,2,19
0,6,16,2,3494.599,1 0,North,3,2,19
0,6,16,3,3495.209,1 0,East,3,2,19
0,6,16,2,3495.926,1 1,East,3,2,19
0,6,16,3,3496.568,1 1,South,3,2,19
0,6,16,2,3497.176,2 1,South,3,2,19
0,6,16,1,3497.748,2 1,East,3,2,19
0,6,16,2,3498.325,2 2,East,3,2,19
0,6,16,1,3498.938,2 2,North,3,2,19
0,6,16,2,3499.559,1 2,North,3,2,19
0,6,16,2,3500.197,0 2,North,3,2,19
0,6,16,1,3500.738,0 2,West,3,2,19
0,6,16,2,3501.352,0 1,West,3,2,19
0,6,16,6,3501.76,0 1,West,3,3,19
0,6,16,2,3501.975,0 0,West,3,3,19
0,6,16,3,3502.554,0 0,North,3,3,19
0,6,16,3,3503.107,0 0,East,3,3,19
0,6,16,2,3503.815,0 1,East,3,3,19
0,6,16,2,3504.435,0 2,East,3,3,19
0,6,16,3,3505.046,0 2,South,3,3,19
0,6,16,2,3505.732,1 2,South,3,3,19
0,6,16,2,3506.376,2 2,South,3,3,19
0,6,16,6,3506.76,2 2,South,3,4,19
0,6,16,3,3507.011,2 2,West,3,4,19
0,6,16,2,3507.621,2 1,West,3,4,19
0,6,16,3,3508.201,2 1,North,3,4,19
0,6,16,3,3508.838,2 1,East,3,4,19
0,6,16,1,3509.59,2 1,North,3,4,19
0,6,16,2,3510.211,1 1,North,3,4,19
0,6,16,1,3510.787,1 1,West,3,4,19
0,6,16,2,3511.46,1 0,West,3,4,19
0,6,16,2,3512.07,1 0,West,3,4,19
0,6,16,2,3512.279,1 0,West,3,4,19
0,6,16,2,3512.469,1 0,West,3,4,19
0,6,16,1,3512.682,1 0,South,3,4,19
0,6,16,2,3513.209,2 0,South,3,4,19
0,6,16,2,3513.845,3 0,South,3,4,19
0,6,16,2,3514.533,3 0,South,3,4,19
0,6,16,2,3514.762,3 0,South,3,4,19
0,6,16,1,3514.963,3 0,East,3,4,19
0,6,16,2,3515.624,3 1,East,3,4,19
0,6,16,2,3516.274,3 2,East,3,4,19
0,6,16,3,3517.045,3 2,South,3,4,19
0,6,16,2,3517.654,4 2,South,3,4,19
0,6,16,3,3518.181,4 2,West,3,4,19
0,6,16,3,3518.825,4 2,North,3,4,19
0,6,16,3,3519.445,4 2,East,3,4,19
0,6,16,2,3520.019,4 3,East,3,4,19
0,6,16,2,3520.647,4 4,East,3,4,19
0,6,16,1,3521.209,4 4,North,3,4,19
0,6,16,2,3521.865,3 4,North,3,4,19
0,6,16,1,3522.475,3 4,West,3,4,19
0,6,16,2,3523.029,3 3,West,3,4,19
0,6,16,2,3523.7,3 3,West,3,4,19
0,6,16,2,3523.893,3 3,West,3,4,19
0,6,16,2,3524.122,3 3,West,3,4,19
0,6,16,3,3524.325,3 3,North,3,4,19
0,6,16,2,3525.033,2 3,North,3,4,19
0,6,16,2,3525.637,1 3,North,3,4,19
0,6,16,2,3526.211,0 3,North,3,4,19
0,6,16,6,3526.6,0 3,North,3,5,19
0,6,16,3,3526.787,0 3,East,3,5,19
0,6,16,2,3527.399,0 4,East,3,5,19
0,6,16,3,3528.023,0 4,South,3,5,19
0,6,16,3,3528.649,0 4,West,3,5,19
0,6,16,2,3529.347,0 3,West,3,5,19
0,6,16,1,3529.863,0 3,South,3,5,19
0,6,16,2,3530.403,1 3,South,3,5,19
0,6,16,2,3531.001,2 3,South,3,5,19
0,6,16,2,3531.531,3 3,South,3,5,19
0,6,16,1,3532.186,3 3,East,3,5,19
0,6,16,2,3532.823,3 4,East,3,5,19
0,6,16,3,3533.352,3 4,South,3,5,19
0,6,16,2,3533.922,4 4,South,3,5,19
0,6,16,3,3534.538,4 4,West,3,5,19
0,6,16,2,3535.171,4 3,West,3,5,19
0,6,16,2,3535.8,4 2,West,3,5,19
0,6,16,3,3536.518,4 2,North,3,5,19
0,6,16,2,3537.175,3 2,North,3,5,19
0,6,16,1,3537.717,3 2,West,3,5,19
0,6,16,2,3538.261,3 1,West,3,5,19
0,6,16,2,3538.855,3 0,West,3,5,19
0,6,16,3,3539.414,3 0,North,3,5,19
0,6,16,2,3540.074,2 0,North,3,5,19
0,6,16,2,3540.741,1 0,North,3,5,19
0,6,16,3,3541.331,1 0,East,3,5,19
0,6,16,2,3542.041,1 1,East,3,5,19
0,6,16,3,3542.615,1 1,South,3,5,19
0,6,16,2,3543.252,2 1,South,3,5,19
0,6,16,6,3543.62,2 1,South,3,6,19
0,6,16,1,3543.86,2 1,East,3,6,19
0,6,16,2,3544.537,2 2,East,3,6,19
0,6,16,1,3545.077,2 2,North,3,6,19
0,6,16,2,3545.705,1 2,North,3,6,19
0,6,16,2,3546.356,0 2,North,3,6,19
0,6,16,6,3546.74,0 2,North,3,7,19
0,6,16,1,3546.92,0 2,West,3,7,19
0,6,16,1,3547.639,0 2,South,3,7,19
0,6,16,2,3548.359,1 2,South,3,7,19
0,6,16,2,3549.018,2 2,South,3,7,19
0,6,16,3,3549.736,2 2,West,3,7,19
0,6,16,2,3550.377,2 1,West,3,7,19
0,6,16,3,3551.099,2 1,North,3,7,19
0,6,16,2,3551.753,1 1,North,3,7,19
0,6,16,1,3552.442,1 1,West,3,7,19
0,6,16,2,3553.011,1 0,West,3,7,19
0,6,16,1,3553.587,1 0,South,3,7,19
0,6,16,2,3554.236,2 0,South,3,7,19
0,6,16,2,3554.836,3 0,South,3,7,19
0,6,16,1,3555.511,3 0,East,3,7,19
0,6,16,2,3556.135,3 1,East,3,7,19
0,6,16,2,3556.807,3 2,East,3,7,19
0,6,16,3,3557.388,3 2,South,3,7,19
0,6,16,2,3557.994,4 2,South,3,7,19
0,6,16,1,3558.603,4 2,East,3,7,19
0,6,16,3,3559.337,4 2,South,3,7,19
0,6,16,3,3559.976,4 2,West,3,7,19
0,6,16,3,3560.6,4 2,North,3,7,19
0,6,16,3,3561.21,4 2,East,3,7,19
0,6,16,2,3561.75,4 3,East,3,7,19
0,6,16,2,3562.387,4 4,East,3,7,19
0,6,16,1,3562.955,4 4,North,3,7,19
0,6,16,2,3563.625,3 4,North,3,7,19
0,6,16,1,3564.327,3 4,West,3,7,19
0,6,16,2,3565.018,3 3,West,3,7,19
0,6,16,3,3565.685,3 3,North,3,7,19
0,6,16,2,3566.276,2 3,North,3,7,19
0,6,16,2,3566.916,1 3,North,3,7,19
0,6,16,2,3567.611,0 3,North,3,7,19
0,6,16,3,3568.234,0 3,East,3,7,19
0,6,16,2,3568.889,0 4,East,3,7,19
0,6,16,6,3569.3,0 4,East,3,8,19
3,6,16,2,3574.903,3 4,North,3,0,0
3,6,16,1,3575.778,3 3,North,3,0,0
3,6,16,2,3576.389,2 3,North,3,0,0
3,6,16,3,3576.922,2 3,North,3,0,1
3,6,16,3,3577.798,2 3,North,3,0,2
3,6,16,2,3578.202,1 3,North,3,0,2
3,6,16,3,3578.858,1 3,North,3,0,3
3,6,16,2,3579.931,0 3,North,3,0,3
3,6,16,3,3580.538,0 4,North,3,0,3
3,6,16,4,3581.062,1 4,North,3,0,3
3,6,16,4,3581.81,2 4,North,3,0,3
3,6,16,6,3582.18,2 4,North,3,1,3
3,6,16,2,3582.476,1 4,North,3,1,3
3,6,16,2,3583.131,0 4,North,3,1,3
3,6,16,1,3583.815,0 3,North,3,1,3
3,6,16,6,3584.22,0 3,North,3,2,3
3,6,16,4,3584.678,1 3,North,3,2,3
3,6,16,4,3585.241,2 3,North,3,2,3
3,6,16,4,3586.539,3 3,North,3,2,3
3,6,16,1,3587.722,3 3,North,3,2,4
3,6,16,3,3588.313,3 4,North,3,2,4
3,6,16,4,3588.916,4 4,North,3,2,4
3,6,16,1,3589.436,4 3,North,3,2,4
3,6,16,1,3590.012,4 2,North,3,2,4
3,6,16,1,3590.552,4 1,North,3,2,4
3,6,16,6,3590.96,4 1,North,3,3,4
3,6,16,3,3591.258,4 2,North,3,3,4
3,6,16,2,3592.053,3 2,North,3,3,4
3,6,16,1,3592.603,3 1,North,3,3,4
3,6,16,2,3593.316,3 1,North,3,3,5
3,6,16,1,3593.987,3 0,North,3,3,5
3,6,16,2,3594.562,2 0,North,3,3,5
3,6,16,3,3595.1,2 0,North,3,3,6
3,6,16,3,3595.778,2 0,North,3,3,7
3,6,16,2,3596.309,1 0,North,3,3,7
3,6,16,2,3597.003,1 0,North,3,3,8
3,6,16,2,3597.258,1 0,North,3,3,9
3,6,16,3,3597.541,1 1,North,3,3,9
3,6,16,2,3598.315,1 1,North,3,3,10
3,6,16,2,3599.018,1 1,North,3,3,11
3,6,16,3,3599.346,1 1,North,3,3,12
3,6,16,3,3600.028,1 1,North,3,3,13
3,6,16,4,3600.658,2 1,North,3,3,13
3,6,16,3,3601.594,2 2,North,3,3,13
3,6,16,2,3602.139,1 2,North,3,3,13
3,6,16,2,3602.884,0 2,North,3,3,13
3,6,16,1,3603.543,0 1,North,3,3,13
3,6,16,1,3604.197,0 0,North,3,3,13
3,6,16,6,3604.6,0 0,North,3,4,13
3,6,16,3,3604.836,0 1,North,3,4,13
3,6,16,3,3605.543,0 2,North,3,4,13
3,6,16,4,3606.163,1 2,North,3,4,13
3,6,16,4,3607.164,2 2,North,3,4,13
3,6,16,1,3608.23,2 1,North,3,4,13
3,6,16,2,3608.884,1 1,North,3,4,13
3,6,16,1,3609.525,1 0,North,3,4,13
3,6,16,4,3610.309,2 0,North,3,4,13
3,6,16,4,3610.951,3 0,North,3,4,13
3,6,16,3,3611.592,3 1,North,3,4,13
3,6,16,3,3612.25,3 2,North,3,4,13
3,6,16,4,3613.003,4 2,North,3,4,13
3,6,16,3,3613.604,4 3,North,3,4,13
3,6,16,3,3614.116,4 4,North,3,4,13
3,6,16,2,3614.722,3 4,North,3,4,13
3,6,16,1,3615.538,3 3,North,3,4,13
3,6,16,6,3615.94,3 3,North,3,5,13
3,6,16,3,3617.468,3 4,North,3,5,13
3,6,16,4,3619.144,4 4,North,3,5,13
3,6,16,1,3620.009,4 3,North,3,5,13
3,6,16,1,3621.131,4 2,North,3,5,13
3,6,16,2,3621.834,3 2,North,3,5,13
3,6,16,1,3622.489,3 1,North,3,5,13
3,6,16,2,3623.313,3 1,North,3,5,14
3,6,16,1,3623.847,3 0,North,3,5,14
3,6,16,2,3624.436,2 0,North,3,5,14
3,6,16,3,3625.546,2 0,North,3,5,15
3,6,16,3,3626.217,2 0,North,3,5,16
3,6,16,2,3626.586,1 0,North,3,5,16
3,6,16,3,3627.225,1 1,North,3,5,16
3,6,16,3,3628.059,1 1,North,3,5,17
3,6,16,2,3628.647,1 1,North,3,5,18
3,6,16,1,3629.235,1 0,North,3,5,18
3,6,16,2,3630.007,1 0,North,3,5,19
3,6,16,2,3630.653,1 0,North,3,5,20
3,6,16,3,3631.023,1 1,North,3,5,20
3,6,16,3,3631.829,1 1,North,3,5,21
3,6,16,4,3632.196,2 1,North,3,5,21
3,6,16,3,3632.724,2 2,North,3,5,21
3,6,16,2,3633.318,1 2,North,3,5,21
3,6,16,2,3633.96,0 2,North,3,5,21
3,6,16,6,3634.34,0 2,North,3,6,21
3,6,16,4,3634.677,1 2,North,3,6,21
3,6,16,4,3635.401,2 2,North,3,6,21
3,6,16,4,3635.987,2 2,North,3,6,22
3,6,16,1,3636.346,2 1,North,3,6,22
3,6,16,2,3637.03,1 1,North,3,6,22
3,6,16,1,3637.641,1 0,North,3,6,22
3,6,16,4,3638.411,2 0,North,3,6,22
3,6,16,4,3639.574,3 0,North,3,6,22
3,6,16,3,3640.306,3 1,North,3,6,22
3,6,16,3,3641.144,3 2,North,3,6,22
3,6,16,4,3642.114,4 2,North,3,6,22
3,6,16,3,3642.713,4 3,North,3,6,22
3,6,16,6,3643.12,4 3,North,3,7,22
3,6,16,1,3643.543,4 2,North,3,7,22
3,6,16,2,3644.344,3 2,North,3,7,22
3,6,16,1,3644.914,3 1,North,3,7,22
3,6,16,1,3645.748,3 0,North,3,7,22
3,6,16,2,3646.324,2 0,North,3,7,22
3,6,16,2,3647.206,1 0,North,3,7,22
3,6,16,3,3647.864,1 1,North,3,7,22
3,6,16,4,3648.5,2 1,North,3,7,22
3,6,16,3,3649.078,2 2,North,3,7,22
3,6,16,2,3649.594,1 2,North,3,7,22
3,6,16,2,3650.15,0 2,North,3,7,22
3,6,16,1,3650.663,0 1,North,3,7,22
3,6,16,6,3651.08,0 1,North,3,8,22
0,6,17,2,3654.219,3 4,North,3,0,22
0,6,17,1,3655.062,3 4,West,3,0,22
0,6,17,2,3655.718,3 3,West,3,0,22
0,6,17,6,3656.12,3 3,West,3,1,22
0,6,17,3,3656.343,3 3,North,3,1,22
0,6,17,2,3657.032,2 3,North,3,1,22
0,6,17,2,3657.544,1 3,North,3,1,22
0,6,17,2,3658.26,0 3,North,3,1,22
0,6,17,3,3658.903,0 3,East,3,1,22
0,6,17,2,3659.604,0 4,East,3,1,22
0,6,17,3,3660.182,0 4,South,3,1,22
0,6,17,2,3660.76,1 4,South,3,1,22
0,6,17,6,3661.14,1 4,South,3,2,22
0,6,17,3,3661.638,1 4,West,3,2,22
0,6,17,3,3662.166,1 4,North,3,2,22
0,6,17,2,3662.753,0 4,North,3,2,22
0,6,17,1,3663.33,0 4,West,3,2,22
0,6,17,2,3663.875,0 3,West,3,2,22
0,6,17,1,3664.418,0 3,South,3,2,22
0,6,17,2,3664.997,1 3,South,3,2,22
0,6,17,2,3665.586,2 3,South,3,2,22
0,6,17,2,3666.115,3 3,South,3,2,22
0,6,17,1,3666.694,3 3,East,3,2,22
0,6,17,2,3667.302,3 4,East,3,2,22
0,6,17,3,3667.896,3 4,South,3,2,22
0,6,17,2,3668.474,4 4,South,3,2,22
0,6,17,3,3669.062,4 4,West,3,2,22
0,6,17,2,3669.669,4 3,West,3,2,22
0,6,17,2,3670.25,4 2,West,3,2,22
0,6,17,3,3670.855,4 2,North,3,2,22
0,6,17,2,3671.512,3 2,North,3,2,22
0,6,17,6,3671.9,3 2,North,3,3,22
0,6,17,1,3672.024,3 2,West,3,3,22
0,6,17,2,3672.579,3 1,West,3,3,22
0,6,17,1,3673.226,3 1,South,3,3,22
0,6,17,1,3673.846,3 1,East,3,3,22
0,6,17,2,3674.552,3 2,East,3,3,22
0,6,17,3,3675.171,3 2,South,3,3,22
0,6,17,2,3675.818,4 2,South,3,3,22
0,6,17,3,3676.406,4 2,West,3,3,22
0,6,17,2,3677.001,4 1,West,3,3,22
0,6,17,2,3677.591,4 0,West,3,3,22
0,6,17,6,3678,4 0,West,3,4,22
0,6,17,3,3678.261,4 0,North,3,4,22
0,6,17,3,3678.824,4 0,East,3,4,22
0,6,17,2,3679.426,4 1,East,3,4,22
0,6,17,2,3680.023,4 2,East,3,4,22
0,6,17,1,3680.633,4 2,North,3,4,22
0,6,17,2,3681.19,3 2,North,3,4,22
0,6,17,3,3681.763,3 2,East,3,4,22
0,6,17,3,3682.354,3 2,South,3,4,22
0,6,17,2,3682.923,4 2,South,3,4,22
0,6,17,1,3683.442,4 2,East,3,4,22
0,6,17,2,3684.018,4 3,East,3,4,22
0,6,17,2,3684.676,4 4,East,3,4,22
0,6,17,1,3685.227,4 4,North,3,4,22
0,6,17,2,3685.784,3 4,North,3,4,22
0,6,17,6,3686.16,3 4,North,3,5,22
0,6,17,1,3686.341,3 4,West,3,5,22
0,6,17,2,3687,3 3,West,3,5,22
0,6,17,1,3687.571,3 3,South,3,5,22
0,6,17,1,3688.265,3 3,East,3,5,22
0,6,17,2,3688.95,3 4,East,3,5,22
0,6,17,3,3689.588,3 4,South,3,5,22
0,6,17,2,3690.167,4 4,South,3,5,22
0,6,17,3,3690.678,4 4,West,3,5,22
0,6,17,2,3691.237,4 3,West,3,5,22
0,6,17,2,3691.75,4 2,West,3,5,22
0,6,17,6,3692.16,4 2,West,3,6,22
0,6,17,3,3692.375,4 2,North,3,6,22
0,6,17,2,3692.935,3 2,North,3,6,22
0,6,17,1,3693.538,3 2,West,3,6,22
0,6,17,2,3694.232,3 1,West,3,6,22
0,6,17,2,3694.852,3 0,West,3,6,22
0,6,17,6,3695.26,3 0,West,3,7,22
0,6,17,3,3695.465,3 0,North,3,7,22
0,6,17,2,3696.136,2 0,North,3,7,22
0,6,17,3,3696.772,2 0,East,3,7,22
0,6,17,1,3697.284,2 0,North,3,7,22
0,6,17,2,3697.955,1 0,North,3,7,22
0,6,17,3,3698.572,1 0,East,3,7,22
0,6,17,2,3699.218,1 1,East,3,7,22
0,6,17,3,3699.828,1 1,South,3,7,22
0,6,17,2,3700.438,2 1,South,3,7,22
0,6,17,1,3700.951,2 1,East,3,7,22
0,6,17,2,3701.524,2 2,East,3,7,22
0,6,17,2,3702.178,2 2,East,3,7,22
0,6,17,2,3702.391,2 2,East,3,7,22
0,6,17,1,3702.611,2 2,North,3,7,22
0,6,17,2,3703.218,1 2,North,3,7,22
0,6,17,1,3703.801,1 2,West,3,7,22
0,6,17,3,3704.36,1 2,North,3,7,22
0,6,17,2,3705.076,0 2,North,3,7,22
0,6,17,1,3705.72,0 2,West,3,7,22
0,6,17,1,3706.278,0 2,South,3,7,22
0,6,17,2,3706.868,1 2,South,3,7,22
0,6,17,2,3707.463,2 2,South,3,7,22
0,6,17,3,3708.018,2 2,West,3,7,22
0,6,17,2,3708.667,2 1,West,3,7,22
0,6,17,3,3709.226,2 1,North,3,7,22
0,6,17,2,3709.845,1 1,North,3,7,22
0,6,17,1,3710.548,1 1,West,3,7,22
0,6,17,2,3711.144,1 0,West,3,7,22
0,6,17,1,3711.685,1 0,South,3,7,22
0,6,17,2,3712.312,2 0,South,3,7,22
0,6,17,2,3712.932,3 0,South,3,7,22
0,6,17,1,3713.558,3 0,East,3,7,22
0,6,17,2,3714.134,3 1,East,3,7,22
0,6,17,2,3714.792,3 2,East,3,7,22
0,6,17,3,3715.394,3 2,South,3,7,22
0,6,17,2,3716.058,4 2,South,3,7,22
0,6,17,1,3716.705,4 2,East,3,7,22
0,6,17,2,3717.287,4 3,East,3,7,22
0,6,17,2,3717.896,4 4,East,3,7,22
0,6,17,1,3718.438,4 4,North,3,7,22
0,6,17,2,3719.095,3 4,North,3,7,22
0,6,17,1,3719.762,3 4,West,3,7,22
0,6,17,2,3720.393,3 3,West,3,7,22
0,6,17,3,3721.014,3 3,North,3,7,22
0,6,17,2,3721.606,2 3,North,3,7,22
0,6,17,2,3722.211,1 3,North,3,7,22
0,6,17,6,3722.6,1 3,North,3,8,22
3,6,17,1,3725.545,4 3,North,3,0,0
3,6,17,1,3726.133,4 2,North,3,0,0
3,6,17,1,3726.794,4 1,North,3,0,0
3,6,17,1,3727.4,4 0,North,3,0,0
3,6,17,6,3727.8,4 0,North,3,1,0
3,6,17,3,3728.011,4 1,North,3,1,0
3,6,17,3,3728.567,4 2,North,3,1,0
3,6,17,3,3729.196,4 3,North,3,1,0
3,6,17,3,3729.874,4 4,North,3,1,0
3,6,17,2,3730.483,3 4,North,3,1,0
3,6,17,6,3730.86,3 4,North,3,2,0
3,6,17,4,3731.251,4 4,North,3,2,0
3,6,17,1,3731.938,4 3,North,3,2,0
3,6,17,1,3732.616,4 2,North,3,2,0
3,6,17,6,3733.04,4 2,North,3,3,0
3,6,17,2,3733.702,3 2,North,3,3,0
3,6,17,2,3736.085,3 2,North,3,3,1
3,6,17,1,3736.775,3 1,North,3,3,1
3,6,17,2,3737.929,3 1,North,3,3,2
3,6,17,1,3738.563,3 0,North,3,3,2
3,6,17,6,3738.96,3 0,North,3,4,2
3,6,17,3,3739.315,3 1,North,3,4,2
3,6,17,3,3740.008,3 2,North,3,4,2
3,6,17,2,3741.013,3 2,North,3,4,3
3,6,17,1,3741.445,3 1,North,3,4,3
3,6,17,1,3742.738,3 0,North,3,4,3
3,6,17,2,3743.355,2 0,North,3,4,3
3,6,17,3,3743.964,2 0,North,3,4,4
3,6,17,4,3745.064,3 0,North,3,4,4
3,6,17,3,3745.765,3 1,North,3,4,4
3,6,17,2,3746.453,3 1,North,3,4,5
3,6,17,1,3748.611,3 0,North,3,4,5
3,6,17,2,3749.3,2 0,North,3,4,5
3,6,17,2,3750.098,1 0,North,3,4,5
3,6,17,3,3750.691,1 1,North,3,4,5
3,6,17,4,3751.817,2 1,North,3,4,5
3,6,17,3,3752.53,2 2,North,3,4,5
3,6,17,6,3752.92,2 2,North,3,5,5
3,6,17,1,3753.076,2 1,North,3,5,5
3,6,17,2,3753.915,1 1,North,3,5,5
3,6,17,1,3754.967,1 0,North,3,5,5
3,6,17,4,3755.748,2 0,North,3,5,5
3,6,17,4,3756.436,3 0,North,3,5,5
3,6,17,3,3757.337,3 1,North,3,5,5
3,6,17,3,3757.926,3 2,North,3,5,5
3,6,17,6,3758.32,3 2,North,3,6,5
3,6,17,1,3758.787,3 1,North,3,6,5
3,6,17,1,3759.371,3 0,North,3,6,5
3,6,17,2,3759.973,2 0,North,3,6,5
3,6,17,6,3760.36,2 0,North,3,7,5
3,6,17,4,3760.713,3 0,North,3,7,5
3,6,17,3,3761.323,3 1,North,3,7,5
3,6,17,1,3761.971,3 0,North,3,7,5
3,6,17,2,3762.604,2 0,North,3,7,5
3,6,17,3,3763.528,2 0,North,3,7,6
3,6,17,1,3764.105,2 0,North,3,7,6
3,6,17,2,3764.198,1 0,North,3,7,6
3,6,17,3,3764.883,1 1,North,3,7,6
3,6,17,4,3765.414,2 1,North,3,7,6
3,6,17,3,3766.023,2 2,North,3,7,6
3,6,17,2,3766.586,1 2,North,3,7,6
3,6,17,6,3766.96,1 2,North,3,8,6
0,6,18,2,3770.601,3 4,North,3,0,6
0,6,18,1,3771.286,3 4,West,3,0,6
0,6,18,2,3771.988,3 3,West,3,0,6
0,6,18,3,3772.5,3 3,North,3,0,6
0,6,18,2,3773.064,2 3,North,3,0,6
0,6,18,2,3773.62,1 3,North,3,0,6
0,6,18,2,3774.185,0 3,North,3,0,6
0,6,18,3,3774.902,0 3,East,3,0,6
0,6,18,2,3775.509,0 4,East,3,0,6
0,6,18,3,3776.07,0 4,South,3,0,6
0,6,18,2,3776.659,1 4,South,3,0,6
0,6,18,3,3777.252,1 4,West,3,0,6
0,6,18,3,3777.835,1 4,North,3,0,6
0,6,18,2,3778.457,0 4,North,3,0,6
0,6,18,1,3779.124,0 4,West,3,0,6
0,6,18,2,3779.686,0 3,West,3,0,6
0,6,18,1,3780.2,0 3,South,3,0,6
0,6,18,2,3780.729,1 3,South,3,0,6
0,6,18,2,3781.274,2 3,South,3,0,6
0,6,18,2,3781.828,3 3,South,3,0,6
0,6,18,1,3782.371,3 3,East,3,0,6
0,6,18,2,3782.952,3 4,East,3,0,6
0,6,18,3,3783.525,3 4,South,3,0,6
0,6,18,2,3784.168,4 4,South,3,0,6
0,6,18,3,3784.807,4 4,West,3,0,6
0,6,18,2,3785.401,4 3,West,3,0,6
0,6,18,2,3785.974,4 2,West,3,0,6
0,6,18,3,3786.551,4 2,North,3,0,6
0,6,18,2,3787.211,3 2,North,3,0,6
0,6,18,1,3787.764,3 2,West,3,0,6
0,6,18,2,3788.305,3 1,West,3,0,6
0,6,18,2,3788.947,3 0,West,3,0,6
0,6,18,3,3789.564,3 0,North,3,0,6
0,6,18,2,3790.133,2 0,North,3,0,6
0,6,18,2,3790.744,1 0,North,3,0,6
0,6,18,6,3791.12,1 0,North,3,1,6
0,6,18,3,3791.349,1 0,East,3,1,6
0,6,18,2,3791.941,1 1,East,3,1,6
0,6,18,3,3792.562,1 1,South,3,1,6
0,6,18,2,3793.163,2 1,South,3,1,6
0,6,18,1,3793.833,2 1,East,3,1,6
0,6,18,2,3794.36,2 2,East,3,1,6
0,6,18,1,3794.95,2 2,North,3,1,6
0,6,18,2,3795.513,1 2,North,3,1,6
0,6,18,2,3796.057,0 2,North,3,1,6
0,6,18,1,3796.61,0 2,West,3,1,6
0,6,18,2,3797.202,0 1,West,3,1,6
0,6,18,1,3797.746,0 1,South,3,1,6
0,6,18,1,3798.338,0 1,East,3,1,6
0,6,18,2,3798.858,0 2,East,3,1,6
0,6,18,2,3799.46,0 2,East,3,1,6
0,6,18,3,3799.538,0 2,South,3,1,6
0,6,18,2,3800.148,1 2,South,3,1,6
0,6,18,2,3800.772,2 2,South,3,1,6
0,6,18,3,3801.403,2 2,West,3,1,6
0,6,18,2,3802.022,2 1,West,3,1,6
0,6,18,3,3802.579,2 1,North,3,1,6
0,6,18,2,3803.221,1 1,North,3,1,6
0,6,18,1,3803.769,1 1,West,3,1,6
0,6,18,2,3804.325,1 0,West,3,1,6
0,6,18,1,3804.883,1 0,South,3,1,6
0,6,18,2,3805.403,2 0,South,3,1,6
0,6,18,2,3806.085,3 0,South,3,1,6
0,6,18,1,3806.628,3 0,East,3,1,6
0,6,18,2,3807.209,3 1,East,3,1,6
0,6,18,2,3807.842,3 2,East,3,1,6
0,6,18,3,3808.459,3 2,South,3,1,6
0,6,18,2,3809.16,4 2,South,3,1,6
0,6,18,1,3809.731,4 2,East,3,1,6
0,6,18,1,3810.37,4 2,North,3,1,6
0,6,18,3,3810.918,4 2,East,3,1,6
0,6,18,2,3811.57,4 3,East,3,1,6
0,6,18,6,3811.98,4 3,East,3,2,6
0,6,18,2,3812.232,4 4,East,3,2,6
0,6,18,1,3812.808,4 4,North,3,2,6
0,6,18,2,3813.69,3 4,North,3,2,6
0,6,18,1,3814.23,3 4,West,3,2,6
0,6,18,2,3814.921,3 3,West,3,2,6
0,6,18,3,3815.539,3 3,North,3,2,6
0,6,18,3,3816.322,3 3,East,3,2,6
0,6,18,2,3816.996,3 4,East,3,2,6
0,6,18,3,3817.673,3 4,South,3,2,6
0,6,18,3,3818.552,3 4,West,3,2,6
0,6,18,2,3819.255,3 3,West,3,2,6
0,6,18,3,3819.828,3 3,North,3,2,6
0,6,18,2,3820.584,2 3,North,3,2,6
0,6,18,2,3821.223,1 3,North,3,2,6
0,6,18,2,3821.906,0 3,North,3,2,6
0,6,18,3,3822.809,0 3,East,3,2,6
0,6,18,2,3823.514,0 4,East,3,2,6
0,6,18,3,3824.166,0 4,South,3,2,6
0,6,18,3,3824.868,0 4,West,3,2,6
0,6,18,2,3825.477,0 3,West,3,2,6
0,6,18,1,3826.052,0 3,South,3,2,6
0,6,18,1,3826.675,0 3,East,3,2,6
0,6,18,3,3827.319,0 3,South,3,2,6
0,6,18,2,3827.929,1 3,South,3,2,6
0,6,18,2,3828.521,2 3,South,3,2,6
0,6,18,2,3829.079,3 3,South,3,2,6
0,6,18,1,3829.714,3 3,East,3,2,6
0,6,18,2,3830.388,3 4,East,3,2,6
0,6,18,3,3830.934,3 4,South,3,2,6
0,6,18,2,3831.494,4 4,South,3,2,6
0,6,18,3,3832.23,4 4,West,3,2,6
0,6,18,2,3832.885,4 3,West,3,2,6
0,6,18,2,3833.514,4 2,West,3,2,6
0,6,18,3,3834.13,4 2,North,3,2,6
0,6,18,2,3834.651,3 2,North,3,2,6
0,6,18,1,3835.257,3 2,West,3,2,6
0,6,18,2,3836.167,3 1,West,3,2,6
0,6,18,3,3836.803,3 1,North,3,2,6
0,6,18,1,3837.819,3 1,West,3,2,6
0,6,18,2,3838.356,3 0,West,3,2,6
0,6,18,3,3839.077,3 0,North,3,2,6
0,6,18,2,3839.724,2 0,North,3,2,6
0,6,18,2,3840.311,1 0,North,3,2,6
0,6,18,3,3840.854,1 0,East,3,2,6
0,6,18,2,3841.544,1 1,East,3,2,6
0,6,18,3,3842.098,1 1,South,3,2,6
0,6,18,2,3842.727,2 1,South,3,2,6
0,6,18,1,3843.347,2 1,East,3,2,6
0,6,18,2,3843.992,2 2,East,3,2,6
0,6,18,1,3844.547,2 2,North,3,2,6
0,6,18,2,3845.122,1 2,North,3,2,6
0,6,18,6,3845.5,1 2,North,3,3,6
0,6,18,1,3845.66,1 2,West,3,3,6
0,6,18,3,3846.386,1 2,North,3,3,6
0,6,18,2,3846.953,0 2,North,3,3,6
0,6,18,1,3847.501,0 2,West,3,3,6
0,6,18,1,3848.228,0 2,South,3,3,6
0,6,18,2,3848.936,1 2,South,3,3,6
0,6,18,2,3849.57,2 2,South,3,3,6
0,6,18,3,3850.135,2 2,West,3,3,6
0,6,18,2,3850.755,2 1,West,3,3,6
0,6,18,3,3851.336,2 1,North,3,3,6
0,6,18,2,3851.912,1 1,North,3,3,6
0,6,18,1,3852.532,1 1,West,3,3,6
0,6,18,2,3853.078,1 0,West,3,3,6
0,6,18,1,3853.668,1 0,South,3,3,6
0,6,18,2,3854.276,2 0,South,3,3,6
0,6,18,6,3854.64,2 0,South,3,4,6
0,6,18,1,3854.9,2 0,East,3,4,6
0,6,18,3,3855.561,2 0,South,3,4,6
0,6,18,2,3856.182,3 0,South,3,4,6
0,6,18,1,3856.851,3 0,East,3,4,6
0,6,18,2,3857.494,3 1,East,3,4,6
0,6,18,2,3858.01,3 2,East,3,4,6
0,6,18,3,3858.667,3 2,South,3,4,6
0,6,18,2,3859.178,4 2,South,3,4,6
0,6,18,3,3859.906,4 2,West,3,4,6
0,6,18,2,3860.533,4 1,West,3,4,6
0,6,18,6,3860.94,4 1,West,3,5,6
0,6,18,3,3861.144,4 1,North,3,5,6
0,6,18,3,3861.796,4 1,East,3,5,6
0,6,18,2,3862.603,4 2,East,3,5,6
0,6,18,2,3863.191,4 3,East,3,5,6
0,6,18,2,3863.876,4 4,East,3,5,6
0,6,18,1,3864.424,4 4,North,3,5,6
0,6,18,1,3865.314,4 4,West,3,5,6
0,6,18,3,3865.833,4 4,North,3,5,6
0,6,18,2,3866.546,3 4,North,3,5,6
0,6,18,1,3867.144,3 4,West,3,5,6
0,6,18,2,3867.783,3 3,West,3,5,6
0,6,18,3,3868.473,3 3,North,3,5,6
0,6,18,2,3869.227,2 3,North,3,5,6
0,6,18,6,3869.62,2 3,North,3,6,6
0,6,18,2,3869.975,1 3,North,3,6,6
0,6,18,2,3870.534,0 3,North,3,6,6
0,6,18,3,3871.05,0 3,East,3,6,6
0,6,18,2,3872.116,0 4,East,3,6,6
0,6,18,2,3872.663,0 4,East,3,6,6
0,6,18,3,3872.947,0 4,South,3,6,6
0,6,18,3,3873.957,0 4,West,3,6,6
0,6,18,2,3874.707,0 3,West,3,6,6
0,6,18,1,3875.479,0 3,South,3,6,6
0,6,18,2,3876.087,1 3,South,3,6,6
0,6,18,2,3876.728,2 3,South,3,6,6
0,6,18,2,3877.379,3 3,South,3,6,6
0,6,18,1,3878.025,3 3,East,3,6,6
0,6,18,2,3878.68,3 4,East,3,6,6
0,6,18,3,3879.417,3 4,South,3,6,6
0,6,18,2,3880.085,4 4,South,3,6,6
0,6,18,3,3880.729,4 4,West,3,6,6
0,6,18,2,3881.254,4 3,West,3,6,6
0,6,18,2,3881.862,4 2,West,3,6,6
0,6,18,3,3882.523,4 2,North,3,6,6
0,6,18,2,3883.125,3 2,North,3,6,6
0,6,18,1,3883.687,3 2,West,3,6,6
0,6,18,2,3884.354,3 1,West,3,6,6
0,6,18,6,3884.76,3 1,West,3,7,6
0,6,18,2,3885.032,3 0,West,3,7,6
0,6,18,3,3885.737,3 0,North,3,7,6
0,6,18,2,3886.378,2 0,North,3,7,6
0,6,18,2,3887.061,1 0,North,3,7,6
0,6,18,3,3887.767,1 0,East,3,7,6
0,6,18,2,3888.483,1 1,East,3,7,6
0,6,18,6,3888.9,1 1,East,3,8,6
3,6,18,1,3891.995,4 3,North,3,0,0
3,6,18,1,3892.602,4 2,North,3,0,0
3,6,18,1,3893.25,4 1,North,3,0,0
3,6,18,6,3893.66,4 1,North,3,1,0
3,6,18,3,3893.913,4 2,North,3,1,0
3,6,18,2,3894.666,3 2,North,3,1,0
3,6,18,1,3896.377,3 1,North,3,1,0
3,6,18,1,3897.399,3 0,North,3,1,0
3,6,18,2,3898.026,2 0,North,3,1,0
3,6,18,3,3898.71,2 0,North,3,1,1
3,6,18,2,3899.525,1 0,North,3,1,1
3,6,18,3,3900.153,1 1,North,3,1,1
3,6,18,4,3901.123,2 1,North,3,1,1
3,6,18,3,3901.787,2 2,North,3,1,1
3,6,18,3,3902.646,2 2,North,3,1,2
3,6,18,2,3903.111,1 2,North,3,1,2
3,6,18,3,3903.755,1 2,North,3,1,3
3,6,18,4,3906.73,2 2,North,3,1,3
3,6,18,1,3907.542,2 1,North,3,1,3
3,6,18,2,3908.578,1 1,North,3,1,3
3,6,18,1,3909.349,1 0,North,3,1,3
3,6,18,4,3909.996,2 0,North,3,1,3
3,6,18,4,3910.828,3 0,North,3,1,3
3,6,18,3,3911.673,3 1,North,3,1,3
3,6,18,3,3912.261,3 2,North,3,1,3
3,6,18,4,3912.841,4 2,North,3,1,3
3,6,18,3,3913.685,4 3,North,3,1,3
3,6,18,3,3914.357,4 4,North,3,1,3
3,6,18,2,3915.03,3 4,North,3,1,3
3,6,18,2,3915.61,3 4,North,3,1,4
3,6,18,2,3915.801,3 4,North,3,1,5
3,6,18,1,3916.283,3 3,North,3,1,5
3,6,18,2,3916.888,2 3,North,3,1,5
3,6,18,6,3917.26,2 3,North,3,2,5
3,6,18,4,3917.623,3 3,North,3,2,5
3,6,18,3,3918.596,3 4,North,3,2,5
3,6,18,4,3919.379,4 4,North,3,2,5
3,6,18,1,3920.073,4 3,North,3,2,5
3,6,18,1,3920.652,4 2,North,3,2,5
3,6,18,2,3921.355,3 2,North,3,2,5
3,6,18,1,3922.213,3 1,North,3,2,5
3,6,18,6,3922.62,3 1,North,3,3,5
3,6,18,3,3922.84,3 2,North,3,3,5
3,6,18,4,3923.56,4 2,North,3,3,5
3,6,18,3,3924.149,4 3,North,3,3,5
3,6,18,6,3924.56,4 3,North,3,4,5
3,6,18,1,3924.808,4 2,North,3,4,5
3,6,18,2,3925.48,3 2,North,3,4,5
3,6,18,1,3926.011,3 1,North,3,4,5
3,6,18,1,3926.631,3 0,North,3,4,5
3,6,18,2,3927.27,2 0,North,3,4,5
3,6,18,3,3928.212,2 0,North,3,4,6
3,6,18,2,3928.788,1 0,North,3,4,6
3,6,18,3,3929.335,1 1,North,3,4,6
3,6,18,6,3929.74,1 1,North,3,5,6
3,6,18,4,3930.409,2 1,North,3,5,6
3,6,18,3,3931.098,2 2,North,3,5,6
3,6,18,2,3931.637,1 2,North,3,5,6
3,6,18,3,3932.195,1 2,North,3,5,7
3,6,18,4,3932.833,2 2,North,3,5,7
3,6,18,1,3933.386,2 1,North,3,5,7
3,6,18,2,3933.916,1 1,North,3,5,7
3,6,18,1,3934.453,1 0,North,3,5,7
3,6,18,4,3935.048,2 0,North,3,5,7
3,6,18,4,3935.576,3 0,North,3,5,7
3,6,18,3,3936.328,3 1,North,3,5,7
3,6,18,3,3936.994,3 2,North,3,5,7
3,6,18,4,3937.874,4 2,North,3,5,7
3,6,18,3,3938.403,4 3,North,3,5,7
3,6,18,3,3939.176,4 4,North,3,5,7
3,6,18,2,3940.106,3 4,North,3,5,7
3,6,18,1,3940.94,3 3,North,3,5,7
3,6,18,2,3941.452,2 3,North,3,5,7
3,6,18,2,3942.084,1 3,North,3,5,7
3,6,18,6,3942.46,1 3,North,3,6,7
3,6,18,4,3942.77,2 3,North,3,6,7
3,6,18,4,3943.346,3 3,North,3,6,7
3,6,18,3,3944.02,3 4,North,3,6,7
3,6,18,4,3944.826,4 4,North,3,6,7
3,6,18,1,3945.445,4 3,North,3,6,7
3,6,18,1,3946.022,4 2,North,3,6,7
3,6,18,2,3946.581,3 2,North,3,6,7
3,6,18,1,3947.365,3 1,North,3,6,7
3,6,18,1,3948.936,3 0,North,3,6,7
3,6,18,2,3949.51,2 0,North,3,6,7
3,6,18,2,3950.105,1 0,North,3,6,7
3,6,18,6,3950.5,1 0,North,3,7,7
3,6,18,4,3950.889,2 0,North,3,7,7
3,6,18,4,3951.514,3 0,North,3,7,7
3,6,18,3,3953.016,3 1,North,3,7,7
3,6,18,2,3953.813,3 1,North,3,7,8
3,6,18,3,3954.388,3 2,North,3,7,8
3,6,18,4,3954.901,4 2,North,3,7,8
3,6,18,3,3955.491,4 3,North,3,7,8
3,6,18,3,3956.149,4 4,North,3,7,8
3,6,18,2,3956.794,3 4,North,3,7,8
3,6,18,2,3957.685,3 4,North,3,7,9
3,6,18,1,3958.185,3 3,North,3,7,9
3,6,18,2,3958.792,2 3,North,3,7,9
3,6,18,3,3959.426,2 3,North,3,7,10
3,6,18,2,3959.91,1 3,North,3,7,10
3,6,18,3,3960.44,1 3,North,3,7,11
3,6,18,3,3960.757,1 3,North,3,7,12
3,6,18,2,3961.269,0 3,North,3,7,12
3,6,18,3,3961.896,0 4,North,3,7,12
3,6,18,4,3962.676,1 4,North,3,7,12
3,6,18,6,3963.04,1 4,North,3,8,12
