PhaseView,Run,Trial,Key,Time,Location,Direction,MazeType,Diamonds,WallBumped
0,3,7,1,906.5172,4 4,West,2,0,3
0,3,7,3,907.046,4 4,North,2,0,3
0,3,7,2,908.1623,3 4,North,2,0,3
0,3,7,2,908.7056,2 4,North,2,0,3
0,3,7,2,909.5856,1 4,North,2,0,3
0,3,7,2,910.4963,0 4,North,2,0,3
0,3,7,6,910.88,0 4,North,2,1,3
0,3,7,1,911.3757,0 4,West,2,1,3
0,3,7,1,912.0635,0 4,South,2,1,3
0,3,7,3,912.7516,0 4,West,2,1,3
0,3,7,1,913.432,0 4,South,2,1,3
0,3,7,1,914.2247,0 4,East,2,1,3
0,3,7,3,914.7536,0 4,South,2,1,3
0,3,7,3,915.3115,0 4,West,2,1,3
0,3,7,1,916.0784,0 4,South,2,1,3
0,3,7,2,917.2214,1 4,South,2,1,3
0,3,7,3,918.0889,1 4,West,2,1,3
0,3,7,2,918.6453,1 3,West,2,1,3
0,3,7,1,919.6079,1 3,South,2,1,3
0,3,7,2,920.1487,2 3,South,2,1,3
0,3,7,3,920.7416,2 3,West,2,1,3
0,3,7,2,921.3116,2 2,West,2,1,3
0,3,7,3,921.876,2 2,North,2,1,3
0,3,7,3,922.9746,2 2,East,2,1,3
0,3,7,1,923.5529,2 2,North,2,1,3
0,3,7,3,924.1979,2 2,East,2,1,3
0,3,7,3,925.125,2 2,South,2,1,3
0,3,7,1,925.9503,2 2,East,2,1,3
0,3,7,1,926.8486,2 2,North,2,1,3
0,3,7,2,927.5556,1 2,North,2,1,3
0,3,7,2,928.2072,0 2,North,2,1,3
0,3,7,1,928.7429,0 2,West,2,1,3
0,3,7,2,929.3181,0 1,West,2,1,3
0,3,7,2,929.9868,0 0,West,2,1,3
0,3,7,1,930.6234,0 0,South,2,1,3
0,3,7,1,931.442,0 0,East,2,1,3
0,3,7,2,932.1182,0 1,East,2,1,3
0,3,7,2,932.7256,0 2,East,2,1,3
0,3,7,3,933.3332,0 2,South,2,1,3
0,3,7,2,933.9893,1 2,South,2,1,3
0,3,7,2,934.6116,2 2,South,2,1,3
0,3,7,1,935.2176,2 2,East,2,1,3
0,3,7,2,936.0361,2 3,East,2,1,3
0,3,7,1,936.6727,2 3,North,2,1,3
0,3,7,2,937.3003,1 3,North,2,1,3
0,3,7,3,938.1791,1 3,East,2,1,3
0,3,7,2,938.9333,1 4,East,2,1,3
0,3,7,3,939.4764,1 4,South,2,1,3
0,3,7,2,940.3227,2 4,South,2,1,3
0,3,7,2,941.5086,3 4,South,2,1,3
0,3,7,2,942.0543,4 4,South,2,1,3
0,3,7,3,942.6268,4 4,West,2,1,3
0,3,7,2,943.1442,4 3,West,2,1,3
0,3,7,2,943.6813,4 2,West,2,1,3
0,3,7,3,944.1929,4 2,North,2,1,3
0,3,7,2,944.8682,3 2,North,2,1,3
0,3,7,6,945.24,3 2,North,2,2,3
0,3,7,1,945.5829,3 2,West,2,2,3
0,3,7,2,946.127,3 1,West,2,2,3
0,3,7,3,946.6428,3 1,North,2,2,3
0,3,7,2,947.2823,2 1,North,2,2,3
0,3,7,2,948.2968,1 1,North,2,2,3
0,3,7,1,948.8485,1 1,West,2,2,3
0,3,7,2,949.4948,1 0,West,2,2,3
0,3,7,1,950.017,1 0,South,2,2,3
0,3,7,2,951.4717,2 0,South,2,2,3
0,3,7,2,952.0955,3 0,South,2,2,3
0,3,7,2,953.06,4 0,South,2,2,3
0,3,7,1,953.5709,4 0,East,2,2,3
0,3,7,1,954.2003,4 0,North,2,2,3
0,3,7,2,954.8026,3 0,North,2,2,3
0,3,7,2,955.3126,2 0,North,2,2,3
0,3,7,2,955.9728,1 0,North,2,2,3
0,3,7,3,956.887,1 0,East,2,2,3
0,3,7,2,957.8098,1 1,East,2,2,3
0,3,7,3,958.52,1 1,South,2,2,3
0,3,7,2,959.0419,2 1,South,2,2,3
0,3,7,2,959.5555,3 1,South,2,2,3
0,3,7,1,960.0784,3 1,East,2,2,3
0,3,7,2,960.7083,3 2,East,2,2,3
0,3,7,3,961.3306,3 2,South,2,2,3
0,3,7,2,961.9416,4 2,South,2,2,3
0,3,7,1,962.8949,4 2,East,2,2,3
0,3,7,2,963.5388,4 3,East,2,2,3
0,3,7,2,964.6139,4 4,East,2,2,3
0,3,7,1,965.2004,4 4,North,2,2,3
0,3,7,2,965.9874,3 4,North,2,2,3
0,3,7,2,966.8489,2 4,North,2,2,3
0,3,7,6,967.22,2 4,North,2,3,3
0,3,7,2,967.5704,1 4,North,2,3,3
0,3,7,1,968.1019,1 4,West,2,3,3
0,3,7,2,968.7115,1 3,West,2,3,3
0,3,7,1,969.2529,1 3,South,2,3,3
0,3,7,2,969.8793,2 3,South,2,3,3
0,3,7,3,970.5789,2 3,West,2,3,3
0,3,7,2,971.1112,2 2,West,2,3,3
0,3,7,3,971.7028,2 2,North,2,3,3
0,3,7,3,973.203,2 2,East,2,3,3
0,3,7,2,973.8483,2 3,East,2,3,3
0,3,7,1,974.4656,2 3,North,2,3,3
0,3,7,1,975.3754,2 3,West,2,3,3
0,3,7,2,975.8873,2 2,West,2,3,3
0,3,7,3,976.4633,2 2,North,2,3,3
0,3,7,2,977.2965,1 2,North,2,3,3
0,3,7,2,978.3358,0 2,North,2,3,3
0,3,7,1,978.9188,0 2,West,2,3,3
0,3,7,2,979.5395,0 1,West,2,3,3
0,3,7,1,980.1668,0 1,South,2,3,3
0,3,7,1,980.7543,0 1,East,2,3,3
0,3,7,2,981.2662,0 2,East,2,3,3
0,3,7,3,982.2088,0 2,South,2,3,3
0,3,7,2,982.9459,1 2,South,2,3,3
0,3,7,2,983.7316,2 2,South,2,3,3
0,3,7,1,984.3395,2 2,East,2,3,3
0,3,7,2,985.0731,2 3,East,2,3,3
0,3,7,1,985.7117,2 3,North,2,3,3
0,3,7,2,986.2712,1 3,North,2,3,3
0,3,7,3,986.7997,1 3,East,2,3,3
0,3,7,2,987.4092,1 4,East,2,3,3
0,3,7,3,988.2802,1 4,South,2,3,3
0,3,7,2,988.7897,2 4,South,2,3,3
0,3,7,2,989.808,3 4,South,2,3,3
0,3,7,2,990.4,4 4,South,2,3,3
0,3,7,3,991.0286,4 4,West,2,3,3
0,3,7,2,991.681,4 3,West,2,3,3
0,3,7,2,992.2159,4 2,West,2,3,3
0,3,7,3,992.8347,4 2,North,2,3,3
0,3,7,2,993.3993,3 2,North,2,3,3
0,3,7,3,994.1009,3 2,East,2,3,3
0,3,7,1,995.0586,3 2,North,2,3,3
0,3,7,1,995.6551,3 2,West,2,3,3
0,3,7,2,996.2477,3 1,West,2,3,3
0,3,7,3,996.8003,3 1,North,2,3,3
0,3,7,2,997.3906,2 1,North,2,3,3
0,3,7,2,997.9077,1 1,North,2,3,3
0,3,7,1,998.4528,1 1,West,2,3,3
0,3,7,2,998.9951,1 0,West,2,3,3
0,3,7,1,999.6345,1 0,South,2,3,3
0,3,7,2,1000.181,2 0,South,2,3,3
0,3,7,2,1000.802,3 0,South,2,3,3
0,3,7,6,1001.18,3 0,South,2,4,3
0,3,7,2,1001.457,4 0,South,2,4,3
0,3,7,1,1002.095,4 0,East,2,4,3
0,3,7,1,1002.657,4 0,North,2,4,3
0,3,7,2,1003.296,3 0,North,2,4,3
0,3,7,2,1003.911,2 0,North,2,4,3
0,3,7,2,1004.735,1 0,North,2,4,3
0,3,7,3,1005.411,1 0,East,2,4,3
0,3,7,2,1006.36,1 1,East,2,4,3
0,3,7,3,1007.032,1 1,South,2,4,3
0,3,7,2,1007.688,2 1,South,2,4,3
0,3,7,1,1008.487,2 1,East,2,4,3
0,3,7,3,1009.095,2 1,South,2,4,3
0,3,7,2,1009.664,3 1,South,2,4,3
0,3,7,1,1010.19,3 1,East,2,4,3
0,3,7,2,1010.838,3 2,East,2,4,3
0,3,7,3,1011.375,3 2,South,2,4,3
0,3,7,2,1011.958,4 2,South,2,4,3
0,3,7,1,1012.485,4 2,East,2,4,3
0,3,7,2,1013.044,4 3,East,2,4,3
0,3,7,2,1013.683,4 4,East,2,4,3
0,3,7,1,1014.243,4 4,North,2,4,3
0,3,7,2,1014.902,3 4,North,2,4,3
0,3,7,2,1015.494,2 4,North,2,4,3
0,3,7,1,1016.266,2 4,West,2,4,3
0,3,7,3,1016.784,2 4,North,2,4,3
0,3,7,2,1017.344,1 4,North,2,4,3
0,3,7,2,1018.054,0 4,North,2,4,3
0,3,7,1,1018.708,0 4,West,2,4,3
0,3,7,2,1019.393,0 3,West,2,4,3
0,3,7,1,1020.181,0 3,South,2,4,3
0,3,7,1,1020.776,0 3,East,2,4,3
0,3,7,2,1021.333,0 4,East,2,4,3
0,3,7,3,1021.855,0 4,South,2,4,3
0,3,7,2,1022.376,1 4,South,2,4,3
0,3,7,3,1022.895,1 4,West,2,4,3
0,3,7,2,1023.446,1 3,West,2,4,3
0,3,7,1,1024.376,1 3,South,2,4,3
0,3,7,2,1024.913,2 3,South,2,4,3
0,3,7,3,1025.459,2 3,West,2,4,3
0,3,7,2,1026.004,2 2,West,2,4,3
0,3,7,3,1026.59,2 2,North,2,4,3
0,3,7,2,1027.314,1 2,North,2,4,3
0,3,7,2,1028.116,0 2,North,2,4,3
0,3,7,6,1028.5,0 2,North,2,5,3
0,3,7,1,1028.751,0 2,West,2,5,3
0,3,7,1,1029.764,0 2,South,2,5,3
0,3,7,2,1030.367,1 2,South,2,5,3
0,3,7,2,1030.902,2 2,South,2,5,3
0,3,7,1,1031.508,2 2,East,2,5,3
0,3,7,2,1032.352,2 3,East,2,5,3
0,3,7,1,1033.327,2 3,North,2,5,3
0,3,7,2,1033.924,1 3,North,2,5,3
0,3,7,3,1034.569,1 3,East,2,5,3
0,3,7,3,1035.172,1 3,South,2,5,3
0,3,7,1,1035.75,1 3,East,2,5,3
0,3,7,2,1036.39,1 4,East,2,5,3
0,3,7,1,1037.061,1 4,North,2,5,3
0,3,7,2,1037.583,0 4,North,2,5,3
0,3,7,1,1038.337,0 4,West,2,5,3
0,3,7,1,1039.014,0 4,South,2,5,3
0,3,7,2,1039.656,1 4,South,2,5,3
0,3,7,2,1040.213,2 4,South,2,5,3
0,3,7,2,1040.816,3 4,South,2,5,3
0,3,7,2,1041.379,4 4,South,2,5,3
0,3,7,3,1041.939,4 4,West,2,5,3
0,3,7,2,1042.455,4 3,West,2,5,3
0,3,7,2,1043.097,4 2,West,2,5,3
0,3,7,3,1043.729,4 2,North,2,5,3
0,3,7,2,1044.336,3 2,North,2,5,3
0,3,7,3,1044.947,3 2,East,2,5,3
0,3,7,1,1045.553,3 2,North,2,5,3
0,3,7,1,1046.15,3 2,West,2,5,3
0,3,7,2,1046.767,3 1,West,2,5,3
0,3,7,3,1047.285,3 1,North,2,5,3
0,3,7,2,1047.984,2 1,North,2,5,3
0,3,7,2,1048.562,1 1,North,2,5,3
0,3,7,1,1049.348,1 1,West,2,5,3
0,3,7,2,1049.919,1 0,West,2,5,3
0,3,7,1,1050.549,1 0,South,2,5,3
0,3,7,2,1051.155,2 0,South,2,5,3
0,3,7,2,1051.766,3 0,South,2,5,3
0,3,7,2,1052.417,4 0,South,2,5,3
0,3,7,1,1053.056,4 0,East,2,5,3
0,3,7,2,1053.615,4 1,East,2,5,3
0,3,7,6,1054.02,4 1,East,2,6,3
0,3,7,1,1054.127,4 1,North,2,6,3
0,3,7,2,1054.737,4 1,North,2,6,3
0,3,7,1,1055.024,4 1,West,2,6,3
0,3,7,2,1055.698,4 0,West,2,6,3
0,3,7,3,1056.21,4 0,North,2,6,3
0,3,7,2,1056.756,3 0,North,2,6,3
0,3,7,2,1057.378,2 0,North,2,6,3
0,3,7,6,1057.76,2 0,North,2,7,3
0,3,7,2,1058.006,1 0,North,2,7,3
0,3,7,3,1058.643,1 0,East,2,7,3
0,3,7,2,1059.173,1 1,East,2,7,3
0,3,7,3,1059.711,1 1,South,2,7,3
0,3,7,2,1060.287,2 1,South,2,7,3
0,3,7,3,1061.349,2 1,West,2,7,3
0,3,7,3,1061.99,2 1,North,2,7,3
0,3,7,2,1062.599,1 1,North,2,7,3
0,3,7,1,1063.125,1 1,West,2,7,3
0,3,7,2,1063.765,1 0,West,2,7,3
0,3,7,1,1064.406,1 0,South,2,7,3
0,3,7,2,1064.975,2 0,South,2,7,3
0,3,7,2,1065.605,3 0,South,2,7,3
0,3,7,2,1066.214,4 0,South,2,7,3
0,3,7,6,1066.58,4 0,South,2,8,3
2,3,7,1,1072.55,4 4,West,2,0,0
2,3,7,3,1073.27,4 4,North,2,0,0
2,3,7,2,1076.978,3 4,North,2,0,0
2,3,7,2,1077.488,2 4,North,2,0,0
2,3,7,2,1078.087,1 4,North,2,0,0
2,3,7,2,1078.872,0 4,North,2,0,0
2,3,7,1,1079.47,0 4,West,2,0,0
2,3,7,2,1079.983,0 3,West,2,0,0
2,3,7,2,1080.562,0 3,West,2,0,1
2,3,7,2,1080.711,0 3,West,2,0,2
2,3,7,1,1080.992,0 3,South,2,0,2
2,3,7,1,1081.615,0 3,East,2,0,2
2,3,7,2,1082.128,0 4,East,2,0,2
2,3,7,3,1082.785,0 4,South,2,0,2
2,3,7,2,1083.318,1 4,South,2,0,2
2,3,7,3,1083.841,1 4,West,2,0,2
2,3,7,2,1084.405,1 3,West,2,0,2
2,3,7,1,1085.042,1 3,South,2,0,2
2,3,7,2,1085.574,2 3,South,2,0,2
2,3,7,3,1086.215,2 3,West,2,0,2
2,3,7,2,1086.808,2 2,West,2,0,2
2,3,7,3,1087.432,2 2,North,2,0,2
2,3,7,2,1087.943,1 2,North,2,0,2
2,3,7,2,1088.51,0 2,North,2,0,2
2,3,7,6,1088.9,0 2,North,2,1,2
2,3,7,1,1089.023,0 2,West,2,1,2
2,3,7,1,1089.828,0 2,South,2,1,2
2,3,7,2,1090.497,1 2,South,2,1,2
2,3,7,2,1091.125,2 2,South,2,1,2
2,3,7,1,1091.784,2 2,East,2,1,2
2,3,7,2,1092.369,2 3,East,2,1,2
2,3,7,1,1092.975,2 3,North,2,1,2
2,3,7,2,1093.619,1 3,North,2,1,2
2,3,7,3,1094.271,1 3,East,2,1,2
2,3,7,2,1094.871,1 4,East,2,1,2
2,3,7,3,1095.472,1 4,South,2,1,2
2,3,7,2,1096.004,2 4,South,2,1,2
2,3,7,6,1096.38,2 4,South,2,2,2
2,3,7,3,1096.677,2 4,West,2,2,2
2,3,7,1,1097.697,2 4,South,2,2,2
2,3,7,2,1098.371,3 4,South,2,2,2
2,3,7,2,1098.965,4 4,South,2,2,2
2,3,7,3,1099.494,4 4,West,2,2,2
2,3,7,2,1100.047,4 3,West,2,2,2
2,3,7,2,1100.631,4 2,West,2,2,2
2,3,7,2,1101.443,4 2,West,2,2,3
2,3,7,3,1101.891,4 2,North,2,2,3
2,3,7,2,1102.421,3 2,North,2,2,3
2,3,7,2,1103.282,3 2,North,2,2,4
2,3,7,1,1103.505,3 2,West,2,2,4
2,3,7,2,1104.129,3 1,West,2,2,4
2,3,7,2,1104.82,3 1,West,2,2,5
2,3,7,3,1105.249,3 1,North,2,2,5
2,3,7,2,1105.764,2 1,North,2,2,5
2,3,7,1,1106.87,2 1,West,2,2,5
2,3,7,2,1107.46,2 1,West,2,2,6
2,3,7,3,1107.86,2 1,North,2,2,6
2,3,7,2,1108.449,1 1,North,2,2,6
2,3,7,1,1109.173,1 1,West,2,2,6
2,3,7,2,1109.735,1 0,West,2,2,6
2,3,7,1,1110.32,1 0,South,2,2,6
2,3,7,2,1110.883,2 0,South,2,2,6
2,3,7,2,1111.492,3 0,South,2,2,6
2,3,7,2,1112.036,4 0,South,2,2,6
2,3,7,6,1112.4,4 0,South,2,3,6
2,3,7,3,1112.645,4 0,West,2,3,6
2,3,7,3,1113.204,4 0,North,2,3,6
2,3,7,2,1113.864,3 0,North,2,3,6
2,3,7,3,1114.6,3 0,East,2,3,6
2,3,7,1,1115.204,3 0,North,2,3,6
2,3,7,2,1115.829,2 0,North,2,3,6
2,3,7,3,1116.404,2 0,East,2,3,6
2,3,7,2,1116.959,2 0,East,2,3,7
2,3,7,1,1117.238,2 0,North,2,3,7
2,3,7,2,1117.846,1 0,North,2,3,7
2,3,7,3,1118.515,1 0,East,2,3,7
2,3,7,2,1119.103,1 1,East,2,3,7
2,3,7,3,1119.64,1 1,South,2,3,7
2,3,7,2,1120.242,2 1,South,2,3,7
2,3,7,6,1120.62,2 1,South,2,4,7
2,3,7,3,1121.199,2 1,West,2,4,7
2,3,7,3,1121.76,2 1,North,2,4,7
2,3,7,2,1122.36,1 1,North,2,4,7
2,3,7,1,1123.027,1 1,West,2,4,7
2,3,7,2,1123.559,1 0,West,2,4,7
2,3,7,1,1124.097,1 0,South,2,4,7
2,3,7,2,1124.611,2 0,South,2,4,7
2,3,7,2,1125.202,3 0,South,2,4,7
2,3,7,6,1125.58,3 0,South,2,5,7
2,3,7,1,1125.76,3 0,East,2,5,7
2,3,7,1,1126.519,3 0,North,2,5,7
2,3,7,2,1127.152,2 0,North,2,5,7
2,3,7,2,1127.743,1 0,North,2,5,7
2,3,7,3,1128.289,1 0,East,2,5,7
2,3,7,2,1128.819,1 1,East,2,5,7
2,3,7,3,1129.43,1 1,South,2,5,7
2,3,7,1,1130.165,1 1,East,2,5,7
2,3,7,3,1130.767,1 1,South,2,5,7
2,3,7,2,1131.508,2 1,South,2,5,7
2,3,7,2,1132.271,3 1,South,2,5,7
2,3,7,1,1132.869,3 1,East,2,5,7
2,3,7,2,1133.685,3 2,East,2,5,7
2,3,7,1,1134.486,3 2,North,2,5,7
2,3,7,2,1135.409,3 2,North,2,5,8
2,3,7,3,1135.878,3 2,East,2,5,8
2,3,7,2,1136.496,3 3,East,2,5,8
2,3,7,1,1137.007,3 3,North,2,5,8
2,3,7,2,1137.717,3 3,North,2,5,9
2,3,7,3,1138.176,3 3,East,2,5,9
2,3,7,2,1138.959,3 3,East,2,5,10
2,3,7,3,1139.378,3 3,South,2,5,10
2,3,7,2,1139.892,3 3,South,2,5,11
2,3,7,3,1140.34,3 3,West,2,5,11
2,3,7,2,1140.85,3 2,West,2,5,11
2,3,7,1,1141.407,3 2,South,2,5,11
2,3,7,2,1142.255,4 2,South,2,5,11
2,3,7,1,1143.171,4 2,East,2,5,11
2,3,7,2,1143.75,4 3,East,2,5,11
2,3,7,2,1144.644,4 4,East,2,5,11
2,3,7,1,1145.184,4 4,North,2,5,11
2,3,7,2,1145.767,3 4,North,2,5,11
2,3,7,2,1146.336,2 4,North,2,5,11
2,3,7,1,1146.995,2 4,West,2,5,11
2,3,7,2,1147.537,2 4,West,2,5,12
2,3,7,3,1147.988,2 4,North,2,5,12
2,3,7,2,1148.526,1 4,North,2,5,12
2,3,7,1,1149.155,1 4,West,2,5,12
2,3,7,2,1149.894,1 3,West,2,5,12
2,3,7,1,1150.436,1 3,South,2,5,12
2,3,7,2,1150.999,2 3,South,2,5,12
2,3,7,3,1151.552,2 3,West,2,5,12
2,3,7,2,1152.228,2 2,West,2,5,12
2,3,7,3,1152.742,2 2,North,2,5,12
2,3,7,2,1153.3,1 2,North,2,5,12
2,3,7,6,1153.68,1 2,North,2,6,12
2,3,7,1,1153.855,1 2,West,2,6,12
2,3,7,3,1154.42,1 2,North,2,6,12
2,3,7,3,1154.999,1 2,East,2,6,12
2,3,7,3,1155.573,1 2,South,2,6,12
2,3,7,2,1156.118,2 2,South,2,6,12
2,3,7,1,1156.688,2 2,East,2,6,12
2,3,7,2,1157.205,2 3,East,2,6,12
2,3,7,1,1158.096,2 3,North,2,6,12
2,3,7,2,1158.655,1 3,North,2,6,12
2,3,7,3,1159.239,1 3,East,2,6,12
2,3,7,2,1159.765,1 4,East,2,6,12
2,3,7,1,1160.74,1 4,North,2,6,12
2,3,7,2,1161.478,0 4,North,2,6,12
2,3,7,6,1161.86,0 4,North,2,7,12
2,3,7,1,1162.054,0 4,West,2,7,12
2,3,7,1,1162.71,0 4,South,2,7,12
2,3,7,2,1163.317,1 4,South,2,7,12
2,3,7,3,1164.597,1 4,West,2,7,12
2,3,7,2,1165.665,1 3,West,2,7,12
2,3,7,1,1166.276,1 3,South,2,7,12
2,3,7,2,1166.885,2 3,South,2,7,12
2,3,7,6,1167.26,2 3,South,2,8,12
0,3,8,1,1175.187,4 4,West,2,0,12
0,3,8,3,1175.699,4 4,North,2,0,12
0,3,8,2,1176.403,3 4,North,2,0,12
0,3,8,2,1177.218,2 4,North,2,0,12
0,3,8,2,1177.815,1 4,North,2,0,12
0,3,8,6,1178.18,1 4,North,2,1,12
0,3,8,1,1178.464,1 4,West,2,1,12
0,3,8,3,1179.055,1 4,North,2,1,12
0,3,8,2,1179.73,0 4,North,2,1,12
0,3,8,1,1180.292,0 4,West,2,1,12
0,3,8,2,1181.207,0 3,West,2,1,12
0,3,8,6,1181.62,0 3,West,2,2,12
0,3,8,1,1181.764,0 3,South,2,2,12
0,3,8,1,1182.456,0 3,East,2,2,12
0,3,8,2,1183.024,0 4,East,2,2,12
0,3,8,3,1183.624,0 4,South,2,2,12
0,3,8,2,1184.455,1 4,South,2,2,12
0,3,8,3,1185.49,1 4,West,2,2,12
0,3,8,2,1186.288,1 3,West,2,2,12
0,3,8,1,1186.945,1 3,South,2,2,12
0,3,8,2,1187.65,2 3,South,2,2,12
0,3,8,3,1188.179,2 3,West,2,2,12
0,3,8,2,1188.82,2 2,West,2,2,12
0,3,8,6,1189.24,2 2,West,2,3,12
0,3,8,3,1189.379,2 2,North,2,3,12
0,3,8,2,1190.053,1 2,North,2,3,12
0,3,8,2,1190.677,0 2,North,2,3,12
0,3,8,1,1191.428,0 2,West,2,3,12
0,3,8,2,1191.97,0 1,West,2,3,12
0,3,8,1,1192.532,0 1,South,2,3,12
0,3,8,1,1193.057,0 1,East,2,3,12
0,3,8,2,1193.634,0 2,East,2,3,12
0,3,8,3,1194.286,0 2,South,2,3,12
0,3,8,2,1195.017,1 2,South,2,3,12
0,3,8,2,1195.526,2 2,South,2,3,12
0,3,8,1,1196.275,2 2,East,2,3,12
0,3,8,2,1196.8,2 3,East,2,3,12
0,3,8,1,1197.382,2 3,North,2,3,12
0,3,8,2,1197.935,1 3,North,2,3,12
0,3,8,3,1198.578,1 3,East,2,3,12
0,3,8,2,1199.237,1 4,East,2,3,12
0,3,8,3,1199.89,1 4,South,2,3,12
0,3,8,2,1200.454,2 4,South,2,3,12
0,3,8,2,1201.015,3 4,South,2,3,12
0,3,8,3,1201.703,3 4,West,2,3,12
0,3,8,1,1202.389,3 4,South,2,3,12
0,3,8,2,1202.93,4 4,South,2,3,12
0,3,8,3,1203.444,4 4,West,2,3,12
0,3,8,2,1203.969,4 3,West,2,3,12
0,3,8,2,1204.483,4 2,West,2,3,12
0,3,8,3,1205.365,4 2,North,2,3,12
0,3,8,2,1205.936,3 2,North,2,3,12
0,3,8,1,1206.591,3 2,West,2,3,12
0,3,8,2,1207.143,3 1,West,2,3,12
0,3,8,3,1207.671,3 1,North,2,3,12
0,3,8,2,1208.255,2 1,North,2,3,12
0,3,8,2,1208.895,1 1,North,2,3,12
0,3,8,6,1209.28,1 1,North,2,4,12
0,3,8,1,1209.585,1 1,West,2,4,12
0,3,8,2,1210.194,1 0,West,2,4,12
0,3,8,1,1210.864,1 0,South,2,4,12
0,3,8,2,1211.507,2 0,South,2,4,12
0,3,8,2,1212.662,3 0,South,2,4,12
0,3,8,2,1213.219,4 0,South,2,4,12
0,3,8,1,1213.855,4 0,East,2,4,12
0,3,8,1,1214.465,4 0,North,2,4,12
0,3,8,2,1215.042,3 0,North,2,4,12
0,3,8,2,1215.557,2 0,North,2,4,12
0,3,8,2,1216.422,1 0,North,2,4,12
0,3,8,3,1216.993,1 0,East,2,4,12
0,3,8,2,1217.504,1 1,East,2,4,12
0,3,8,3,1218.167,1 1,South,2,4,12
0,3,8,2,1218.751,2 1,South,2,4,12
0,3,8,2,1219.395,3 1,South,2,4,12
0,3,8,1,1219.958,3 1,East,2,4,12
0,3,8,2,1220.646,3 2,East,2,4,12
0,3,8,3,1221.44,3 2,South,2,4,12
0,3,8,1,1222.516,3 2,East,2,4,12
0,3,8,2,1223.089,3 3,East,2,4,12
0,3,8,6,1223.5,3 3,East,2,5,12
0,3,8,3,1223.604,3 3,South,2,5,12
0,3,8,3,1224.133,3 3,West,2,5,12
0,3,8,2,1224.79,3 2,West,2,5,12
0,3,8,1,1225.443,3 2,South,2,5,12
0,3,8,3,1226.11,3 2,West,2,5,12
0,3,8,2,1226.82,3 1,West,2,5,12
0,3,8,3,1227.379,3 1,North,2,5,12
0,3,8,2,1227.957,2 1,North,2,5,12
0,3,8,2,1228.47,1 1,North,2,5,12
0,3,8,1,1228.981,1 1,West,2,5,12
0,3,8,2,1229.538,1 0,West,2,5,12
0,3,8,1,1230.321,1 0,South,2,5,12
0,3,8,2,1231.445,2 0,South,2,5,12
0,3,8,2,1231.96,3 0,South,2,5,12
0,3,8,2,1232.848,4 0,South,2,5,12
0,3,8,1,1233.427,4 0,East,2,5,12
0,3,8,1,1233.984,4 0,North,2,5,12
0,3,8,2,1234.58,3 0,North,2,5,12
0,3,8,2,1235.204,2 0,North,2,5,12
0,3,8,2,1235.844,1 0,North,2,5,12
0,3,8,3,1236.802,1 0,East,2,5,12
0,3,8,2,1237.527,1 1,East,2,5,12
0,3,8,3,1238.116,1 1,South,2,5,12
0,3,8,2,1238.64,2 1,South,2,5,12
0,3,8,2,1239.167,3 1,South,2,5,12
0,3,8,1,1239.72,3 1,East,2,5,12
0,3,8,2,1240.294,3 2,East,2,5,12
0,3,8,3,1240.879,3 2,South,2,5,12
0,3,8,2,1241.558,4 2,South,2,5,12
0,3,8,1,1242.286,4 2,East,2,5,12
0,3,8,2,1242.872,4 3,East,2,5,12
0,3,8,2,1243.461,4 4,East,2,5,12
0,3,8,1,1243.975,4 4,North,2,5,12
0,3,8,2,1244.661,3 4,North,2,5,12
0,3,8,2,1245.424,2 4,North,2,5,12
0,3,8,2,1246.308,1 4,North,2,5,12
0,3,8,1,1246.933,1 4,West,2,5,12
0,3,8,2,1247.701,1 3,West,2,5,12
0,3,8,1,1248.304,1 3,South,2,5,12
0,3,8,2,1248.867,2 3,South,2,5,12
0,3,8,3,1249.512,2 3,West,2,5,12
0,3,8,2,1250.078,2 2,West,2,5,12
0,3,8,3,1250.867,2 2,North,2,5,12
0,3,8,2,1251.47,1 2,North,2,5,12
0,3,8,2,1252,0 2,North,2,5,12
0,3,8,1,1252.775,0 2,West,2,5,12
0,3,8,2,1253.296,0 1,West,2,5,12
0,3,8,2,1253.842,0 0,West,2,5,12
0,3,8,6,1254.26,0 0,West,2,6,12
0,3,8,1,1254.479,0 0,South,2,6,12
0,3,8,1,1254.995,0 0,East,2,6,12
0,3,8,2,1255.604,0 1,East,2,6,12
0,3,8,2,1256.143,0 2,East,2,6,12
0,3,8,3,1256.737,0 2,South,2,6,12
0,3,8,2,1257.302,1 2,South,2,6,12
0,3,8,2,1257.859,2 2,South,2,6,12
0,3,8,1,1258.385,2 2,East,2,6,12
0,3,8,2,1258.913,2 3,East,2,6,12
0,3,8,1,1259.585,2 3,North,2,6,12
0,3,8,2,1260.097,1 3,North,2,6,12
0,3,8,3,1260.61,1 3,East,2,6,12
0,3,8,2,1261.141,1 4,East,2,6,12
0,3,8,1,1262.005,1 4,North,2,6,12
0,3,8,2,1262.755,0 4,North,2,6,12
0,3,8,1,1263.362,0 4,West,2,6,12
0,3,8,1,1263.878,0 4,South,2,6,12
0,3,8,2,1264.488,1 4,South,2,6,12
0,3,8,2,1265.014,2 4,South,2,6,12
0,3,8,2,1265.749,3 4,South,2,6,12
0,3,8,2,1266.275,4 4,South,2,6,12
0,3,8,3,1267.248,4 4,West,2,6,12
0,3,8,2,1267.825,4 3,West,2,6,12
0,3,8,2,1268.342,4 2,West,2,6,12
0,3,8,6,1268.76,4 2,West,2,7,12
0,3,8,3,1268.895,4 2,North,2,7,12
0,3,8,2,1269.463,3 2,North,2,7,12
0,3,8,3,1270.127,3 2,East,2,7,12
0,3,8,1,1270.642,3 2,North,2,7,12
0,3,8,1,1271.302,3 2,West,2,7,12
0,3,8,2,1271.904,3 1,West,2,7,12
0,3,8,3,1272.563,3 1,North,2,7,12
0,3,8,2,1273.074,2 1,North,2,7,12
0,3,8,2,1273.604,1 1,North,2,7,12
0,3,8,1,1274.246,1 1,West,2,7,12
0,3,8,2,1274.785,1 0,West,2,7,12
0,3,8,1,1275.464,1 0,South,2,7,12
0,3,8,2,1276.486,2 0,South,2,7,12
0,3,8,2,1277.154,3 0,South,2,7,12
0,3,8,2,1277.669,4 0,South,2,7,12
0,3,8,1,1278.207,4 0,East,2,7,12
0,3,8,1,1278.737,4 0,North,2,7,12
0,3,8,2,1279.311,3 0,North,2,7,12
0,3,8,2,1279.829,2 0,North,2,7,12
0,3,8,3,1280.61,2 0,East,2,7,12
0,3,8,1,1281.237,2 0,North,2,7,12
0,3,8,2,1281.784,1 0,North,2,7,12
0,3,8,3,1282.325,1 0,East,2,7,12
0,3,8,2,1282.898,1 1,East,2,7,12
0,3,8,3,1283.447,1 1,South,2,7,12
0,3,8,2,1284.022,2 1,South,2,7,12
0,3,8,2,1284.575,3 1,South,2,7,12
0,3,8,1,1285.107,3 1,East,2,7,12
0,3,8,2,1285.65,3 2,East,2,7,12
0,3,8,3,1286.257,3 2,South,2,7,12
0,3,8,2,1286.823,4 2,South,2,7,12
0,3,8,1,1287.494,4 2,East,2,7,12
0,3,8,2,1288.163,4 3,East,2,7,12
0,3,8,2,1288.967,4 4,East,2,7,12
0,3,8,1,1289.509,4 4,North,2,7,12
0,3,8,2,1290.096,3 4,North,2,7,12
0,3,8,2,1290.61,2 4,North,2,7,12
0,3,8,1,1291.295,2 4,West,2,7,12
0,3,8,3,1292.083,2 4,North,2,7,12
0,3,8,2,1292.678,1 4,North,2,7,12
0,3,8,2,1293.189,0 4,North,2,7,12
0,3,8,1,1293.797,0 4,West,2,7,12
0,3,8,1,1294.433,0 4,South,2,7,12
0,3,8,2,1295.105,1 4,South,2,7,12
0,3,8,3,1295.648,1 4,West,2,7,12
0,3,8,2,1296.214,1 3,West,2,7,12
0,3,8,1,1296.853,1 3,South,2,7,12
0,3,8,2,1297.369,2 3,South,2,7,12
0,3,8,3,1297.974,2 3,West,2,7,12
0,3,8,2,1298.55,2 2,West,2,7,12
0,3,8,3,1299.184,2 2,North,2,7,12
0,3,8,2,1299.728,1 2,North,2,7,12
0,3,8,2,1300.402,0 2,North,2,7,12
0,3,8,1,1300.935,0 2,West,2,7,12
0,3,8,2,1302.562,0 1,West,2,7,12
0,3,8,6,1302.98,0 1,West,2,8,12
2,3,8,1,1306.211,4 4,West,2,0,0
2,3,8,2,1307.537,4 3,West,2,0,0
2,3,8,2,1308.211,4 2,West,2,0,0
2,3,8,6,1308.62,4 2,West,2,1,0
2,3,8,3,1308.87,4 2,North,2,1,0
2,3,8,3,1309.443,4 2,East,2,1,0
2,3,8,2,1309.96,4 3,East,2,1,0
2,3,8,2,1310.831,4 4,East,2,1,0
2,3,8,1,1311.41,4 4,North,2,1,0
2,3,8,2,1311.922,3 4,North,2,1,0
2,3,8,2,1312.53,2 4,North,2,1,0
2,3,8,2,1313.129,1 4,North,2,1,0
2,3,8,6,1313.52,1 4,North,2,2,0
2,3,8,1,1313.653,1 4,West,2,2,0
2,3,8,2,1315.505,1 3,West,2,2,0
2,3,8,1,1316.048,1 3,South,2,2,0
2,3,8,2,1316.6,2 3,South,2,2,0
2,3,8,2,1317.377,2 3,South,2,2,1
2,3,8,3,1317.808,2 3,West,2,2,1
2,3,8,2,1318.401,2 2,West,2,2,1
2,3,8,3,1318.952,2 2,North,2,2,1
2,3,8,2,1319.733,1 2,North,2,2,1
2,3,8,1,1320.334,1 2,West,2,2,1
2,3,8,3,1321.254,1 2,North,2,2,1
2,3,8,1,1321.811,1 2,West,2,2,1
2,3,8,2,1322.357,1 2,West,2,2,2
2,3,8,3,1322.95,1 2,North,2,2,2
2,3,8,2,1323.84,0 2,North,2,2,2
2,3,8,1,1324.782,0 2,West,2,2,2
2,3,8,2,1325.427,0 1,West,2,2,2
2,3,8,2,1326.039,0 0,West,2,2,2
2,3,8,6,1326.44,0 0,West,2,3,2
2,3,8,1,1326.709,0 0,South,2,3,2
2,3,8,1,1327.231,0 0,East,2,3,2
2,3,8,2,1327.799,0 1,East,2,3,2
2,3,8,2,1328.388,0 2,East,2,3,2
2,3,8,3,1328.93,0 2,South,2,3,2
2,3,8,2,1329.503,1 2,South,2,3,2
2,3,8,2,1330.095,2 2,South,2,3,2
2,3,8,6,1330.46,2 2,South,2,4,2
2,3,8,1,1330.736,2 2,East,2,4,2
2,3,8,1,1331.36,2 2,North,2,4,2
2,3,8,1,1331.923,2 2,West,2,4,2
2,3,8,3,1332.511,2 2,North,2,4,2
2,3,8,2,1333.123,1 2,North,2,4,2
2,3,8,2,1333.775,0 2,North,2,4,2
2,3,8,1,1334.321,0 2,West,2,4,2
2,3,8,2,1334.932,0 1,West,2,4,2
2,3,8,6,1335.34,0 1,West,2,5,2
2,3,8,1,1335.457,0 1,South,2,5,2
2,3,8,1,1336.049,0 1,East,2,5,2
2,3,8,2,1336.709,0 2,East,2,5,2
2,3,8,3,1337.317,0 2,South,2,5,2
2,3,8,2,1337.937,1 2,South,2,5,2
2,3,8,2,1338.628,2 2,South,2,5,2
2,3,8,1,1339.588,2 2,East,2,5,2
2,3,8,3,1340.975,2 2,South,2,5,2
2,3,8,1,1343.155,2 2,East,2,5,2
2,3,8,2,1344.082,2 3,East,2,5,2
2,3,8,3,1344.61,2 3,South,2,5,2
2,3,8,1,1345.234,2 3,East,2,5,2
2,3,8,3,1345.891,2 3,South,2,5,2
2,3,8,2,1346.644,2 3,South,2,5,3
2,3,8,1,1347.106,2 3,East,2,5,3
2,3,8,2,1347.748,2 3,East,2,5,4
2,3,8,1,1348.146,2 3,North,2,5,4
2,3,8,2,1348.66,1 3,North,2,5,4
2,3,8,3,1349.246,1 3,East,2,5,4
2,3,8,2,1349.78,1 4,East,2,5,4
2,3,8,3,1350.434,1 4,South,2,5,4
2,3,8,2,1350.976,2 4,South,2,5,4
2,3,8,2,1351.574,3 4,South,2,5,4
2,3,8,2,1352.132,4 4,South,2,5,4
2,3,8,3,1352.739,4 4,West,2,5,4
2,3,8,2,1353.395,4 3,West,2,5,4
2,3,8,6,1353.8,4 3,West,2,6,4
2,3,8,3,1353.975,4 3,North,2,6,4
2,3,8,1,1354.617,4 3,West,2,6,4
2,3,8,3,1355.793,4 3,North,2,6,4
2,3,8,3,1356.527,4 3,East,2,6,4
2,3,8,2,1357.205,4 4,East,2,6,4
2,3,8,1,1357.871,4 4,North,2,6,4
2,3,8,2,1358.536,3 4,North,2,6,4
2,3,8,1,1359.429,3 4,West,2,6,4
2,3,8,1,1359.957,3 4,South,2,6,4
2,3,8,2,1360.48,4 4,South,2,6,4
2,3,8,3,1361.264,4 4,West,2,6,4
2,3,8,2,1361.863,4 3,West,2,6,4
2,3,8,2,1362.421,4 2,West,2,6,4
2,3,8,3,1363.029,4 2,North,2,6,4
2,3,8,2,1363.928,3 2,North,2,6,4
2,3,8,1,1364.479,3 2,West,2,6,4
2,3,8,2,1365.088,3 1,West,2,6,4
2,3,8,6,1365.5,3 1,West,2,7,4
2,3,8,3,1365.685,3 1,North,2,7,4
2,3,8,3,1366.338,3 1,East,2,7,4
2,3,8,2,1366.993,3 2,East,2,7,4
2,3,8,3,1367.553,3 2,South,2,7,4
2,3,8,2,1368.081,4 2,South,2,7,4
2,3,8,1,1368.629,4 2,East,2,7,4
2,3,8,2,1369.17,4 3,East,2,7,4
2,3,8,2,1369.924,4 4,East,2,7,4
2,3,8,1,1370.581,4 4,North,2,7,4
2,3,8,2,1371.506,3 4,North,2,7,4
2,3,8,2,1372.126,2 4,North,2,7,4
2,3,8,2,1372.707,1 4,North,2,7,4
2,3,8,2,1373.252,0 4,North,2,7,4
2,3,8,1,1373.799,0 4,West,2,7,4
2,3,8,2,1374.319,0 3,West,2,7,4
2,3,8,6,1374.74,0 3,West,2,8,4
0,3,9,1,1377.751,4 4,West,2,0,4
0,3,9,3,1378.319,4 4,North,2,0,4
0,3,9,2,1378.871,3 4,North,2,0,4
0,3,9,2,1379.455,2 4,North,2,0,4
0,3,9,2,1380.246,1 4,North,2,0,4
0,3,9,2,1380.92,0 4,North,2,0,4
0,3,9,1,1381.573,0 4,West,2,0,4
0,3,9,1,1382.113,0 4,South,2,0,4
0,3,9,2,1382.71,1 4,South,2,0,4
0,3,9,3,1383.43,1 4,West,2,0,4
0,3,9,2,1384.151,1 3,West,2,0,4
0,3,9,1,1384.719,1 3,South,2,0,4
0,3,9,2,1385.296,2 3,South,2,0,4
0,3,9,3,1385.845,2 3,West,2,0,4
0,3,9,2,1386.435,2 2,West,2,0,4
0,3,9,3,1387.264,2 2,North,2,0,4
0,3,9,2,1387.88,1 2,North,2,0,4
0,3,9,6,1388.26,1 2,North,2,1,4
0,3,9,2,1388.463,0 2,North,2,1,4
0,3,9,1,1389.247,0 2,West,2,1,4
0,3,9,2,1389.764,0 1,West,2,1,4
0,3,9,1,1390.386,0 1,South,2,1,4
0,3,9,1,1390.899,0 1,East,2,1,4
0,3,9,2,1391.41,0 2,East,2,1,4
0,3,9,3,1392.263,0 2,South,2,1,4
0,3,9,2,1392.974,1 2,South,2,1,4
0,3,9,2,1393.538,2 2,South,2,1,4
0,3,9,1,1394.052,2 2,East,2,1,4
0,3,9,2,1394.583,2 3,East,2,1,4
0,3,9,1,1395.187,2 3,North,2,1,4
0,3,9,2,1395.719,1 3,North,2,1,4
0,3,9,3,1396.247,1 3,East,2,1,4
0,3,9,2,1397.2,1 4,East,2,1,4
0,3,9,1,1397.768,1 4,North,2,1,4
0,3,9,2,1398.405,0 4,North,2,1,4
0,3,9,1,1398.962,0 4,West,2,1,4
0,3,9,1,1399.89,0 4,South,2,1,4
0,3,9,2,1400.583,1 4,South,2,1,4
0,3,9,2,1401.123,2 4,South,2,1,4
0,3,9,2,1401.791,3 4,South,2,1,4
0,3,9,2,1402.614,4 4,South,2,1,4
0,3,9,3,1403.142,4 4,West,2,1,4
0,3,9,2,1403.743,4 3,West,2,1,4
0,3,9,2,1404.421,4 2,West,2,1,4
0,3,9,3,1405.057,4 2,North,2,1,4
0,3,9,2,1405.638,3 2,North,2,1,4
0,3,9,1,1406.192,3 2,West,2,1,4
0,3,9,2,1406.787,3 1,West,2,1,4
0,3,9,3,1407.342,3 1,North,2,1,4
0,3,9,2,1407.956,2 1,North,2,1,4
0,3,9,6,1408.34,2 1,North,2,2,4
0,3,9,2,1408.517,1 1,North,2,2,4
0,3,9,1,1409.169,1 1,West,2,2,4
0,3,9,2,1409.814,1 0,West,2,2,4
0,3,9,6,1410.22,1 0,West,2,3,4
0,3,9,1,1410.468,1 0,South,2,3,4
0,3,9,2,1411.12,2 0,South,2,3,4
0,3,9,2,1411.681,3 0,South,2,3,4
0,3,9,3,1412.311,3 0,West,2,3,4
0,3,9,3,1412.902,3 0,North,2,3,4
0,3,9,2,1413.441,2 0,North,2,3,4
0,3,9,2,1414.051,1 0,North,2,3,4
0,3,9,3,1414.663,1 0,East,2,3,4
0,3,9,2,1415.296,1 1,East,2,3,4
0,3,9,3,1415.893,1 1,South,2,3,4
0,3,9,2,1416.448,2 1,South,2,3,4
0,3,9,2,1417.089,3 1,South,2,3,4
0,3,9,1,1417.621,3 1,East,2,3,4
0,3,9,2,1418.21,3 2,East,2,3,4
0,3,9,3,1418.741,3 2,South,2,3,4
0,3,9,2,1419.317,4 2,South,2,3,4
0,3,9,1,1420.161,4 2,East,2,3,4
0,3,9,1,1422.371,4 2,North,2,3,4
0,3,9,3,1423.025,4 2,East,2,3,4
0,3,9,2,1423.876,4 3,East,2,3,4
0,3,9,6,1424.28,4 3,East,2,4,4
0,3,9,1,1424.423,4 3,North,2,4,4
0,3,9,3,1424.933,4 3,East,2,4,4
0,3,9,2,1425.494,4 4,East,2,4,4
0,3,9,1,1426.5,4 4,North,2,4,4
0,3,9,2,1427.125,3 4,North,2,4,4
0,3,9,6,1427.5,3 4,North,2,5,4
0,3,9,1,1427.823,3 4,West,2,5,4
0,3,9,3,1428.485,3 4,North,2,5,4
0,3,9,2,1429.104,2 4,North,2,5,4
0,3,9,2,1429.701,1 4,North,2,5,4
0,3,9,2,1430.246,0 4,North,2,5,4
0,3,9,1,1430.863,0 4,West,2,5,4
0,3,9,1,1431.475,0 4,South,2,5,4
0,3,9,2,1431.992,1 4,South,2,5,4
0,3,9,3,1432.61,1 4,West,2,5,4
0,3,9,2,1433.222,1 3,West,2,5,4
0,3,9,1,1433.779,1 3,South,2,5,4
0,3,9,2,1434.344,2 3,South,2,5,4
0,3,9,6,1434.72,2 3,South,2,6,4
0,3,9,3,1434.946,2 3,West,2,6,4
0,3,9,2,1435.54,2 2,West,2,6,4
0,3,9,3,1436.08,2 2,North,2,6,4
0,3,9,2,1436.673,1 2,North,2,6,4
0,3,9,2,1437.317,0 2,North,2,6,4
0,3,9,1,1437.955,0 2,West,2,6,4
0,3,9,1,1438.485,0 2,South,2,6,4
0,3,9,2,1439.089,1 2,South,2,6,4
0,3,9,2,1439.736,2 2,South,2,6,4
0,3,9,1,1440.325,2 2,East,2,6,4
0,3,9,2,1440.871,2 3,East,2,6,4
0,3,9,1,1441.457,2 3,North,2,6,4
0,3,9,2,1442.019,1 3,North,2,6,4
0,3,9,3,1442.624,1 3,East,2,6,4
0,3,9,2,1443.169,1 4,East,2,6,4
0,3,9,3,1444.084,1 4,South,2,6,4
0,3,9,3,1444.99,1 4,West,2,6,4
0,3,9,1,1445.823,1 4,South,2,6,4
0,3,9,2,1446.432,2 4,South,2,6,4
0,3,9,2,1446.959,3 4,South,2,6,4
0,3,9,3,1447.639,3 4,West,2,6,4
0,3,9,1,1448.21,3 4,South,2,6,4
0,3,9,2,1448.849,4 4,South,2,6,4
0,3,9,3,1449.391,4 4,West,2,6,4
0,3,9,2,1449.967,4 3,West,2,6,4
0,3,9,2,1450.516,4 2,West,2,6,4
0,3,9,3,1451.062,4 2,North,2,6,4
0,3,9,2,1451.663,3 2,North,2,6,4
0,3,9,1,1452.432,3 2,West,2,6,4
0,3,9,2,1452.977,3 1,West,2,6,4
0,3,9,6,1453.4,3 1,West,2,7,4
0,3,9,3,1453.553,3 1,North,2,7,4
0,3,9,2,1454.13,2 1,North,2,7,4
0,3,9,2,1454.66,1 1,North,2,7,4
0,3,9,1,1455.217,1 1,West,2,7,4
0,3,9,2,1455.762,1 0,West,2,7,4
0,3,9,1,1456.384,1 0,South,2,7,4
0,3,9,1,1457.153,1 0,East,2,7,4
0,3,9,3,1457.752,1 0,South,2,7,4
0,3,9,2,1458.39,2 0,South,2,7,4
0,3,9,2,1458.945,3 0,South,2,7,4
0,3,9,2,1459.587,4 0,South,2,7,4
0,3,9,1,1460.288,4 0,East,2,7,4
0,3,9,1,1460.817,4 0,North,2,7,4
0,3,9,2,1461.824,3 0,North,2,7,4
0,3,9,2,1462.353,2 0,North,2,7,4
0,3,9,2,1462.865,1 0,North,2,7,4
0,3,9,3,1463.477,1 0,East,2,7,4
0,3,9,2,1464.375,1 1,East,2,7,4
0,3,9,3,1464.932,1 1,South,2,7,4
0,3,9,2,1465.538,2 1,South,2,7,4
0,3,9,2,1466.192,3 1,South,2,7,4
0,3,9,1,1466.898,3 1,East,2,7,4
0,3,9,2,1467.424,3 2,East,2,7,4
0,3,9,3,1468.068,3 2,South,2,7,4
0,3,9,2,1468.613,4 2,South,2,7,4
0,3,9,1,1469.265,4 2,East,2,7,4
0,3,9,2,1470.083,4 3,East,2,7,4
0,3,9,2,1470.606,4 4,East,2,7,4
0,3,9,1,1471.141,4 4,North,2,7,4
0,3,9,2,1471.798,3 4,North,2,7,4
0,3,9,2,1472.45,2 4,North,2,7,4
0,3,9,2,1473.064,1 4,North,2,7,4
0,3,9,1,1474.069,1 4,West,2,7,4
0,3,9,2,1474.706,1 3,West,2,7,4
0,3,9,6,1475.12,1 3,West,2,8,4
2,3,9,2,1478.193,3 4,North,2,0,0
2,3,9,6,1478.58,3 4,North,2,1,0
2,3,9,1,1478.774,3 4,West,2,1,0
2,3,9,3,1479.375,3 4,North,2,1,0
2,3,9,2,1480.113,2 4,North,2,1,0
2,3,9,1,1484.261,2 4,West,2,1,0
2,3,9,3,1484.993,2 4,North,2,1,0
2,3,9,2,1487.191,1 4,North,2,1,0
2,3,9,1,1487.839,1 4,West,2,1,0
2,3,9,1,1488.979,1 4,South,2,1,0
2,3,9,2,1489.825,2 4,South,2,1,0
2,3,9,3,1490.367,2 4,West,2,1,0
2,3,9,2,1491.047,2 4,West,2,1,1
2,3,9,3,1491.528,2 4,North,2,1,1
2,3,9,2,1492.435,1 4,North,2,1,1
2,3,9,1,1492.999,1 4,West,2,1,1
2,3,9,2,1493.616,1 3,West,2,1,1
2,3,9,6,1494.02,1 3,West,2,2,1
2,3,9,1,1494.241,1 3,South,2,2,1
2,3,9,1,1494.948,1 3,East,2,2,1
2,3,9,3,1495.632,1 3,South,2,2,1
2,3,9,2,1496.613,2 3,South,2,2,1
2,3,9,3,1497.235,2 3,West,2,2,1
2,3,9,2,1499.571,2 2,West,2,2,1
2,3,9,3,1500.134,2 2,North,2,2,1
2,3,9,2,1500.966,1 2,North,2,2,1
2,3,9,1,1501.554,1 2,West,2,2,1
2,3,9,2,1502.081,1 2,West,2,2,2
2,3,9,1,1502.591,1 2,South,2,2,2
2,3,9,2,1503.184,2 2,South,2,2,2
2,3,9,3,1504.035,2 2,West,2,2,2
2,3,9,1,1504.646,2 2,South,2,2,2
2,3,9,2,1506.911,2 2,South,2,2,3
2,3,9,1,1507.535,2 2,East,2,2,3
2,3,9,2,1508.319,2 3,East,2,2,3
2,3,9,1,1509.183,2 3,North,2,2,3
2,3,9,2,1509.987,1 3,North,2,2,3
2,3,9,3,1510.642,1 3,East,2,2,3
2,3,9,2,1511.362,1 4,East,2,2,3
2,3,9,3,1512.132,1 4,South,2,2,3
2,3,9,2,1512.672,2 4,South,2,2,3
2,3,9,2,1513.263,3 4,South,2,2,3
2,3,9,2,1513.874,4 4,South,2,2,3
2,3,9,3,1514.432,4 4,West,2,2,3
2,3,9,2,1515.058,4 3,West,2,2,3
2,3,9,2,1515.679,4 2,West,2,2,3
2,3,9,3,1516.342,4 2,North,2,2,3
2,3,9,2,1516.869,3 2,North,2,2,3
2,3,9,1,1517.856,3 2,West,2,2,3
2,3,9,2,1518.468,3 1,West,2,2,3
2,3,9,6,1518.88,3 1,West,2,3,3
2,3,9,3,1519.093,3 1,North,2,3,3
2,3,9,3,1519.695,3 1,East,2,3,3
2,3,9,2,1520.294,3 2,East,2,3,3
2,3,9,3,1521.297,3 2,South,2,3,3
2,3,9,2,1522.161,4 2,South,2,3,3
2,3,9,1,1522.821,4 2,East,2,3,3
2,3,9,2,1523.62,4 3,East,2,3,3
2,3,9,2,1524.193,4 4,East,2,3,3
2,3,9,1,1524.722,4 4,North,2,3,3
2,3,9,2,1525.3,3 4,North,2,3,3
2,3,9,2,1527.238,2 4,North,2,3,3
2,3,9,1,1527.891,2 4,West,2,3,3
2,3,9,3,1529.903,2 4,North,2,3,3
2,3,9,2,1530.93,1 4,North,2,3,3
2,3,9,1,1531.538,1 4,West,2,3,3
2,3,9,2,1532.099,1 3,West,2,3,3
2,3,9,1,1532.626,1 3,South,2,3,3
2,3,9,2,1533.252,2 3,South,2,3,3
2,3,9,6,1533.64,2 3,South,2,4,3
2,3,9,3,1533.936,2 3,West,2,4,3
2,3,9,3,1534.687,2 3,North,2,4,3
2,3,9,1,1535.367,2 3,West,2,4,3
2,3,9,3,1536.1,2 3,North,2,4,3
2,3,9,2,1536.642,1 3,North,2,4,3
2,3,9,3,1537.3,1 3,East,2,4,3
2,3,9,2,1537.887,1 4,East,2,4,3
2,3,9,3,1538.406,1 4,South,2,4,3
2,3,9,2,1539.026,2 4,South,2,4,3
2,3,9,2,1539.605,3 4,South,2,4,3
2,3,9,2,1540.159,4 4,South,2,4,3
2,3,9,3,1540.706,4 4,West,2,4,3
2,3,9,2,1541.279,4 3,West,2,4,3
2,3,9,2,1541.839,4 2,West,2,4,3
2,3,9,3,1542.351,4 2,North,2,4,3
2,3,9,2,1542.936,3 2,North,2,4,3
2,3,9,6,1543.32,3 2,North,2,5,3
2,3,9,1,1543.555,3 2,West,2,5,3
2,3,9,1,1544.099,3 2,South,2,5,3
2,3,9,3,1544.677,3 2,West,2,5,3
2,3,9,1,1546.63,3 2,South,2,5,3
2,3,9,3,1547.477,3 2,West,2,5,3
2,3,9,3,1548.452,3 2,North,2,5,3
2,3,9,2,1549.696,3 2,North,2,5,4
2,3,9,1,1550.163,3 2,West,2,5,4
2,3,9,2,1551.044,3 1,West,2,5,4
2,3,9,3,1551.605,3 1,North,2,5,4
2,3,9,2,1552.47,2 1,North,2,5,4
2,3,9,1,1553.071,2 1,West,2,5,4
2,3,9,3,1554.29,2 1,North,2,5,4
2,3,9,1,1554.895,2 1,West,2,5,4
2,3,9,2,1555.682,2 1,West,2,5,5
2,3,9,3,1556.146,2 1,North,2,5,5
2,3,9,2,1556.879,1 1,North,2,5,5
2,3,9,1,1557.447,1 1,West,2,5,5
2,3,9,2,1558,1 0,West,2,5,5
2,3,9,1,1558.575,1 0,South,2,5,5
2,3,9,2,1559.183,2 0,South,2,5,5
2,3,9,2,1559.761,3 0,South,2,5,5
2,3,9,2,1560.373,4 0,South,2,5,5
2,3,9,1,1560.911,4 0,East,2,5,5
2,3,9,2,1561.461,4 1,East,2,5,5
2,3,9,6,1561.86,4 1,East,2,6,5
2,3,9,1,1562.053,4 1,North,2,6,5
2,3,9,1,1562.673,4 1,West,2,6,5
2,3,9,2,1563.234,4 0,West,2,6,5
2,3,9,3,1563.764,4 0,North,2,6,5
2,3,9,2,1564.404,3 0,North,2,6,5
2,3,9,2,1565.011,2 0,North,2,6,5
2,3,9,2,1565.6,1 0,North,2,6,5
2,3,9,6,1565.98,1 0,North,2,7,5
2,3,9,3,1566.177,1 0,East,2,7,5
2,3,9,2,1566.87,1 1,East,2,7,5
2,3,9,6,1567.28,1 1,East,2,8,5
0,4,10,2,1570.178,3 4,North,2,0,5
0,4,10,1,1570.854,3 4,West,2,0,5
0,4,10,1,1571.586,3 4,South,2,0,5
0,4,10,2,1572.146,4 4,South,2,0,5
0,4,10,3,1572.705,4 4,West,2,0,5
0,4,10,2,1573.335,4 3,West,2,0,5
0,4,10,2,1574.287,4 2,West,2,0,5
0,4,10,6,1574.7,4 2,West,2,1,5
0,4,10,3,1574.802,4 2,North,2,1,5
0,4,10,3,1575.457,4 2,East,2,1,5
0,4,10,2,1576.031,4 3,East,2,1,5
0,4,10,2,1576.688,4 4,East,2,1,5
0,4,10,1,1577.219,4 4,North,2,1,5
0,4,10,1,1577.779,4 4,West,2,1,5
0,4,10,2,1578.436,4 3,West,2,1,5
0,4,10,2,1579.013,4 2,West,2,1,5
0,4,10,3,1579.527,4 2,North,2,1,5
0,4,10,2,1580.175,3 2,North,2,1,5
0,4,10,1,1580.719,3 2,West,2,1,5
0,4,10,2,1581.284,3 1,West,2,1,5
0,4,10,3,1581.81,3 1,North,2,1,5
0,4,10,2,1582.638,2 1,North,2,1,5
0,4,10,2,1583.188,1 1,North,2,1,5
0,4,10,1,1583.743,1 1,West,2,1,5
0,4,10,2,1584.258,1 0,West,2,1,5
0,4,10,1,1584.936,1 0,South,2,1,5
0,4,10,2,1585.712,2 0,South,2,1,5
0,4,10,2,1586.357,3 0,South,2,1,5
0,4,10,1,1587.119,3 0,East,2,1,5
0,4,10,3,1587.684,3 0,South,2,1,5
0,4,10,1,1588.323,3 0,East,2,1,5
0,4,10,1,1588.912,3 0,North,2,1,5
0,4,10,2,1589.556,2 0,North,2,1,5
0,4,10,2,1590.129,1 0,North,2,1,5
0,4,10,3,1590.74,1 0,East,2,1,5
0,4,10,2,1591.429,1 1,East,2,1,5
0,4,10,3,1592.083,1 1,South,2,1,5
0,4,10,2,1592.679,2 1,South,2,1,5
0,4,10,2,1593.319,3 1,South,2,1,5
0,4,10,1,1594.166,3 1,East,2,1,5
0,4,10,2,1594.736,3 2,East,2,1,5
0,4,10,3,1595.344,3 2,South,2,1,5
0,4,10,2,1595.888,4 2,South,2,1,5
0,4,10,1,1596.513,4 2,East,2,1,5
0,4,10,2,1597.112,4 3,East,2,1,5
0,4,10,2,1597.712,4 4,East,2,1,5
0,4,10,1,1598.406,4 4,North,2,1,5
0,4,10,2,1598.918,3 4,North,2,1,5
0,4,10,2,1599.54,2 4,North,2,1,5
0,4,10,2,1600.19,1 4,North,2,1,5
0,4,10,2,1600.836,0 4,North,2,1,5
0,4,10,1,1601.487,0 4,West,2,1,5
0,4,10,1,1602.518,0 4,South,2,1,5
0,4,10,2,1603.077,1 4,South,2,1,5
0,4,10,3,1603.619,1 4,West,2,1,5
0,4,10,2,1604.214,1 3,West,2,1,5
0,4,10,1,1604.903,1 3,South,2,1,5
0,4,10,2,1605.522,2 3,South,2,1,5
0,4,10,6,1605.9,2 3,South,2,2,5
0,4,10,3,1606.081,2 3,West,2,2,5
0,4,10,2,1606.661,2 2,West,2,2,5
0,4,10,3,1607.35,2 2,North,2,2,5
0,4,10,2,1607.967,1 2,North,2,2,5
0,4,10,2,1608.478,0 2,North,2,2,5
0,4,10,1,1609.058,0 2,West,2,2,5
0,4,10,2,1609.616,0 1,West,2,2,5
0,4,10,1,1610.24,0 1,South,2,2,5
0,4,10,1,1610.774,0 1,East,2,2,5
0,4,10,2,1611.359,0 2,East,2,2,5
0,4,10,3,1611.911,0 2,South,2,2,5
0,4,10,2,1612.516,1 2,South,2,2,5
0,4,10,2,1613.191,2 2,South,2,2,5
0,4,10,1,1614.232,2 2,East,2,2,5
0,4,10,2,1614.756,2 3,East,2,2,5
0,4,10,1,1615.409,2 3,North,2,2,5
0,4,10,2,1615.94,1 3,North,2,2,5
0,4,10,3,1616.579,1 3,East,2,2,5
0,4,10,2,1617.216,1 4,East,2,2,5
0,4,10,3,1617.746,1 4,South,2,2,5
0,4,10,2,1618.55,2 4,South,2,2,5
0,4,10,2,1619.095,3 4,South,2,2,5
0,4,10,6,1619.46,3 4,South,2,3,5
0,4,10,2,1619.829,4 4,South,2,3,5
0,4,10,3,1620.503,4 4,West,2,3,5
0,4,10,2,1621.103,4 3,West,2,3,5
0,4,10,2,1621.62,4 2,West,2,3,5
0,4,10,3,1622.276,4 2,North,2,3,5
0,4,10,2,1622.838,3 2,North,2,3,5
0,4,10,1,1623.462,3 2,West,2,3,5
0,4,10,2,1624.016,3 1,West,2,3,5
0,4,10,3,1624.575,3 1,North,2,3,5
0,4,10,2,1625.103,2 1,North,2,3,5
0,4,10,1,1625.796,2 1,West,2,3,5
0,4,10,3,1626.446,2 1,North,2,3,5
0,4,10,2,1626.959,1 1,North,2,3,5
0,4,10,1,1627.487,1 1,West,2,3,5
0,4,10,2,1628.021,1 0,West,2,3,5
0,4,10,6,1628.42,1 0,West,2,4,5
0,4,10,1,1628.595,1 0,South,2,4,5
0,4,10,2,1629.342,2 0,South,2,4,5
0,4,10,2,1629.894,3 0,South,2,4,5
0,4,10,3,1630.44,3 0,West,2,4,5
0,4,10,3,1631.075,3 0,North,2,4,5
0,4,10,2,1631.649,2 0,North,2,4,5
0,4,10,2,1632.286,1 0,North,2,4,5
0,4,10,3,1632.896,1 0,East,2,4,5
0,4,10,2,1633.431,1 1,East,2,4,5
0,4,10,3,1633.986,1 1,South,2,4,5
0,4,10,2,1634.53,2 1,South,2,4,5
0,4,10,2,1635.044,3 1,South,2,4,5
0,4,10,1,1635.604,3 1,East,2,4,5
0,4,10,2,1636.116,3 2,East,2,4,5
0,4,10,3,1636.767,3 2,South,2,4,5
0,4,10,2,1637.378,4 2,South,2,4,5
0,4,10,1,1637.921,4 2,East,2,4,5
0,4,10,2,1638.47,4 3,East,2,4,5
0,4,10,6,1638.88,4 3,East,2,5,5
0,4,10,1,1639.11,4 3,North,2,5,5
0,4,10,1,1639.621,4 3,West,2,5,5
0,4,10,3,1640.206,4 3,North,2,5,5
0,4,10,3,1641.075,4 3,East,2,5,5
0,4,10,2,1641.733,4 4,East,2,5,5
0,4,10,1,1642.32,4 4,North,2,5,5
0,4,10,2,1642.899,3 4,North,2,5,5
0,4,10,2,1643.519,2 4,North,2,5,5
0,4,10,2,1644.15,1 4,North,2,5,5
0,4,10,1,1644.815,1 4,West,2,5,5
0,4,10,2,1645.475,1 3,West,2,5,5
0,4,10,1,1646.303,1 3,South,2,5,5
0,4,10,2,1646.869,2 3,South,2,5,5
0,4,10,3,1647.46,2 3,West,2,5,5
0,4,10,2,1648.022,2 2,West,2,5,5
0,4,10,3,1648.61,2 2,North,2,5,5
0,4,10,2,1649.173,1 2,North,2,5,5
0,4,10,2,1649.697,0 2,North,2,5,5
0,4,10,1,1650.607,0 2,West,2,5,5
0,4,10,2,1651.248,0 1,West,2,5,5
0,4,10,2,1652.047,0 0,West,2,5,5
0,4,10,6,1652.46,0 0,West,2,6,5
0,4,10,1,1652.69,0 0,South,2,6,5
0,4,10,1,1653.328,0 0,East,2,6,5
0,4,10,2,1653.927,0 1,East,2,6,5
0,4,10,2,1654.564,0 2,East,2,6,5
0,4,10,3,1655.183,0 2,South,2,6,5
0,4,10,2,1655.843,1 2,South,2,6,5
0,4,10,2,1656.421,2 2,South,2,6,5
0,4,10,1,1657.301,2 2,East,2,6,5
0,4,10,2,1657.841,2 3,East,2,6,5
0,4,10,1,1658.356,2 3,North,2,6,5
0,4,10,2,1658.929,1 3,North,2,6,5
0,4,10,3,1659.489,1 3,East,2,6,5
0,4,10,2,1660.05,1 4,East,2,6,5
0,4,10,1,1660.866,1 4,North,2,6,5
0,4,10,1,1661.489,1 4,West,2,6,5
0,4,10,1,1662.068,1 4,South,2,6,5
0,4,10,2,1662.675,2 4,South,2,6,5
0,4,10,2,1663.187,3 4,South,2,6,5
0,4,10,3,1663.823,3 4,West,2,6,5
0,4,10,1,1664.402,3 4,South,2,6,5
0,4,10,2,1665.009,4 4,South,2,6,5
0,4,10,3,1665.541,4 4,West,2,6,5
0,4,10,2,1666.113,4 3,West,2,6,5
0,4,10,2,1666.626,4 2,West,2,6,5
0,4,10,3,1667.173,4 2,North,2,6,5
0,4,10,2,1667.891,3 2,North,2,6,5
0,4,10,1,1668.801,3 2,West,2,6,5
0,4,10,2,1669.6,3 1,West,2,6,5
0,4,10,6,1670.02,3 1,West,2,7,5
0,4,10,3,1670.31,3 1,North,2,7,5
0,4,10,3,1670.848,3 1,East,2,7,5
0,4,10,1,1671.765,3 1,North,2,7,5
0,4,10,2,1672.28,2 1,North,2,7,5
0,4,10,1,1673.15,2 1,West,2,7,5
0,4,10,3,1673.983,2 1,North,2,7,5
0,4,10,2,1674.56,1 1,North,2,7,5
0,4,10,1,1675.235,1 1,West,2,7,5
0,4,10,2,1675.762,1 0,West,2,7,5
0,4,10,1,1676.436,1 0,South,2,7,5
0,4,10,1,1677.119,1 0,East,2,7,5
0,4,10,3,1677.702,1 0,South,2,7,5
0,4,10,2,1678.29,2 0,South,2,7,5
0,4,10,2,1678.93,3 0,South,2,7,5
0,4,10,1,1679.843,3 0,East,2,7,5
0,4,10,1,1680.483,3 0,North,2,7,5
0,4,10,2,1681.073,2 0,North,2,7,5
0,4,10,2,1681.662,1 0,North,2,7,5
0,4,10,3,1682.244,1 0,East,2,7,5
0,4,10,2,1682.855,1 1,East,2,7,5
0,4,10,3,1683.376,1 1,South,2,7,5
0,4,10,2,1684.096,2 1,South,2,7,5
0,4,10,2,1684.678,3 1,South,2,7,5
0,4,10,1,1685.362,3 1,East,2,7,5
0,4,10,2,1685.973,3 2,East,2,7,5
0,4,10,3,1686.627,3 2,South,2,7,5
0,4,10,2,1687.17,4 2,South,2,7,5
0,4,10,1,1687.76,4 2,East,2,7,5
0,4,10,2,1688.366,4 3,East,2,7,5
0,4,10,2,1689.057,4 4,East,2,7,5
0,4,10,1,1689.572,4 4,North,2,7,5
0,4,10,2,1690.292,3 4,North,2,7,5
0,4,10,2,1690.932,2 4,North,2,7,5
0,4,10,2,1691.528,1 4,North,2,7,5
0,4,10,6,1691.9,1 4,North,2,8,5
2,4,10,2,1694.821,3 4,North,2,0,0
2,4,10,6,1695.2,3 4,North,2,1,0
2,4,10,1,1695.651,3 4,West,2,1,0
2,4,10,1,1696.31,3 4,South,2,1,0
2,4,10,2,1696.87,4 4,South,2,1,0
2,4,10,3,1697.412,4 4,West,2,1,0
2,4,10,2,1698.049,4 3,West,2,1,0
2,4,10,6,1698.46,4 3,West,2,2,0
2,4,10,3,1699.075,4 3,North,2,2,0
2,4,10,1,1699.734,4 3,West,2,2,0
2,4,10,2,1700.608,4 2,West,2,2,0
2,4,10,3,1701.585,4 2,North,2,2,0
2,4,10,2,1702.289,3 2,North,2,2,0
2,4,10,1,1702.816,3 2,West,2,2,0
2,4,10,2,1703.328,3 1,West,2,2,0
2,4,10,6,1703.74,3 1,West,2,3,0
2,4,10,3,1703.958,3 1,North,2,3,0
2,4,10,3,1704.535,3 1,East,2,3,0
2,4,10,2,1705.287,3 2,East,2,3,0
2,4,10,3,1705.878,3 2,South,2,3,0
2,4,10,2,1706.446,4 2,South,2,3,0
2,4,10,6,1706.82,4 2,South,2,4,0
2,4,10,1,1707.062,4 2,East,2,4,0
2,4,10,1,1707.679,4 2,North,2,4,0
2,4,10,3,1708.24,4 2,East,2,4,0
2,4,10,2,1709.092,4 3,East,2,4,0
2,4,10,2,1709.713,4 4,East,2,4,0
2,4,10,1,1710.359,4 4,North,2,4,0
2,4,10,2,1710.93,3 4,North,2,4,0
2,4,10,2,1711.507,2 4,North,2,4,0
2,4,10,2,1712.113,1 4,North,2,4,0
2,4,10,2,1712.694,0 4,North,2,4,0
2,4,10,6,1713.06,0 4,North,2,5,0
2,4,10,1,1713.312,0 4,West,2,5,0
2,4,10,1,1713.938,0 4,South,2,5,0
2,4,10,3,1714.744,0 4,West,2,5,0
2,4,10,1,1715.824,0 4,South,2,5,0
2,4,10,2,1716.439,1 4,South,2,5,0
2,4,10,3,1716.95,1 4,West,2,5,0
2,4,10,3,1718.291,1 4,North,2,5,0
2,4,10,1,1718.952,1 4,West,2,5,0
2,4,10,1,1720.791,1 4,South,2,5,0
2,4,10,3,1722.304,1 4,West,2,5,0
2,4,10,2,1722.96,1 3,West,2,5,0
2,4,10,1,1723.571,1 3,South,2,5,0
2,4,10,2,1724.152,2 3,South,2,5,0
2,4,10,3,1724.691,2 3,West,2,5,0
2,4,10,2,1725.647,2 2,West,2,5,0
2,4,10,3,1726.276,2 2,North,2,5,0
2,4,10,2,1727.223,1 2,North,2,5,0
2,4,10,1,1727.858,1 2,West,2,5,0
2,4,10,2,1728.834,1 2,West,2,5,1
2,4,10,1,1729.268,1 2,South,2,5,1
2,4,10,2,1731.602,2 2,South,2,5,1
2,4,10,1,1732.518,2 2,East,2,5,1
2,4,10,2,1733.379,2 3,East,2,5,1
2,4,10,1,1734.002,2 3,North,2,5,1
2,4,10,2,1734.643,1 3,North,2,5,1
2,4,10,3,1735.28,1 3,East,2,5,1
2,4,10,2,1735.927,1 4,East,2,5,1
2,4,10,3,1736.756,1 4,South,2,5,1
2,4,10,2,1737.396,2 4,South,2,5,1
2,4,10,2,1737.974,3 4,South,2,5,1
2,4,10,2,1738.56,4 4,South,2,5,1
2,4,10,3,1739.137,4 4,West,2,5,1
2,4,10,2,1739.81,4 3,West,2,5,1
2,4,10,2,1740.447,4 2,West,2,5,1
2,4,10,3,1741.043,4 2,North,2,5,1
2,4,10,2,1741.571,3 2,North,2,5,1
2,4,10,1,1742.215,3 2,West,2,5,1
2,4,10,2,1743.09,3 1,West,2,5,1
2,4,10,3,1743.688,3 1,North,2,5,1
2,4,10,2,1744.341,2 1,North,2,5,1
2,4,10,2,1744.951,1 1,North,2,5,1
2,4,10,1,1745.555,1 1,West,2,5,1
2,4,10,2,1746.132,1 0,West,2,5,1
2,4,10,1,1746.674,1 0,South,2,5,1
2,4,10,2,1747.32,2 0,South,2,5,1
2,4,10,2,1747.927,3 0,South,2,5,1
2,4,10,6,1748.3,3 0,South,2,6,1
2,4,10,1,1748.44,3 0,East,2,6,1
2,4,10,1,1748.999,3 0,North,2,6,1
2,4,10,2,1749.632,2 0,North,2,6,1
2,4,10,2,1750.259,1 0,North,2,6,1
2,4,10,3,1750.847,1 0,East,2,6,1
2,4,10,2,1751.668,1 1,East,2,6,1
2,4,10,3,1757.742,1 1,South,2,6,1
2,4,10,1,1761.775,1 1,East,2,6,1
2,4,10,2,1763.816,1 1,East,2,6,2
2,4,10,3,1764.208,1 1,South,2,6,2
2,4,10,2,1765.028,2 1,South,2,6,2
2,4,10,1,1765.718,2 1,East,2,6,2
2,4,10,3,1766.44,2 1,South,2,6,2
2,4,10,1,1767.56,2 1,East,2,6,2
2,4,10,3,1768.576,2 1,South,2,6,2
2,4,10,1,1769.377,2 1,East,2,6,2
2,4,10,2,1770.273,2 1,East,2,6,3
2,4,10,3,1770.712,2 1,South,2,6,3
2,4,10,2,1771.487,3 1,South,2,6,3
2,4,10,1,1772.133,3 1,East,2,6,3
2,4,10,2,1773.137,3 2,East,2,6,3
2,4,10,3,1773.749,3 2,South,2,6,3
2,4,10,2,1774.534,4 2,South,2,6,3
2,4,10,1,1775.202,4 2,East,2,6,3
2,4,10,2,1775.823,4 3,East,2,6,3
2,4,10,2,1776.436,4 4,East,2,6,3
2,4,10,1,1777.428,4 4,North,2,6,3
2,4,10,2,1778.248,3 4,North,2,6,3
2,4,10,2,1778.786,2 4,North,2,6,3
2,4,10,2,1779.329,1 4,North,2,6,3
2,4,10,1,1779.91,1 4,West,2,6,3
2,4,10,2,1780.832,1 3,West,2,6,3
2,4,10,1,1781.537,1 3,South,2,6,3
2,4,10,2,1782.131,2 3,South,2,6,3
2,4,10,3,1782.8,2 3,West,2,6,3
2,4,10,2,1783.361,2 2,West,2,6,3
2,4,10,3,1783.935,2 2,North,2,6,3
2,4,10,2,1784.607,1 2,North,2,6,3
2,4,10,6,1784.98,1 2,North,2,7,3
2,4,10,1,1785.32,1 2,West,2,7,3
2,4,10,3,1785.973,1 2,North,2,7,3
2,4,10,1,1786.868,1 2,West,2,7,3
2,4,10,3,1787.524,1 2,North,2,7,3
2,4,10,2,1788.304,0 2,North,2,7,3
2,4,10,1,1788.9,0 2,West,2,7,3
2,4,10,2,1789.508,0 1,West,2,7,3
2,4,10,2,1790.111,0 0,West,2,7,3
2,4,10,6,1790.52,0 0,West,2,8,3
0,4,11,1,1793.67,4 4,West,2,0,3
0,4,11,3,1794.287,4 4,North,2,0,3
0,4,11,2,1794.887,3 4,North,2,0,3
0,4,11,2,1795.439,2 4,North,2,0,3
0,4,11,2,1795.976,1 4,North,2,0,3
0,4,11,3,1796.609,1 4,East,2,0,3
0,4,11,1,1797.158,1 4,North,2,0,3
0,4,11,1,1797.683,1 4,West,2,0,3
0,4,11,2,1798.423,1 3,West,2,0,3
0,4,11,1,1799.071,1 3,South,2,0,3
0,4,11,2,1799.67,2 3,South,2,0,3
0,4,11,3,1800.206,2 3,West,2,0,3
0,4,11,2,1800.775,2 2,West,2,0,3
0,4,11,3,1801.456,2 2,North,2,0,3
0,4,11,2,1802.019,1 2,North,2,0,3
0,4,11,2,1802.545,0 2,North,2,0,3
0,4,11,1,1803.059,0 2,West,2,0,3
0,4,11,1,1803.814,0 2,South,2,0,3
0,4,11,2,1804.467,1 2,South,2,0,3
0,4,11,2,1804.997,2 2,South,2,0,3
0,4,11,1,1805.718,2 2,East,2,0,3
0,4,11,2,1806.242,2 3,East,2,0,3
0,4,11,1,1806.856,2 3,North,2,0,3
0,4,11,2,1807.379,1 3,North,2,0,3
0,4,11,3,1807.905,1 3,East,2,0,3
0,4,11,2,1808.454,1 4,East,2,0,3
0,4,11,3,1809.076,1 4,South,2,0,3
0,4,11,2,1809.695,2 4,South,2,0,3
0,4,11,2,1810.416,3 4,South,2,0,3
0,4,11,2,1810.981,4 4,South,2,0,3
0,4,11,3,1811.506,4 4,West,2,0,3
0,4,11,2,1812.18,4 3,West,2,0,3
0,4,11,2,1813.127,4 2,West,2,0,3
0,4,11,3,1813.698,4 2,North,2,0,3
0,4,11,2,1814.277,3 2,North,2,0,3
0,4,11,1,1814.866,3 2,West,2,0,3
0,4,11,2,1815.413,3 1,West,2,0,3
0,4,11,3,1816.049,3 1,North,2,0,3
0,4,11,2,1816.664,2 1,North,2,0,3
0,4,11,2,1817.25,1 1,North,2,0,3
0,4,11,1,1817.815,1 1,West,2,0,3
0,4,11,2,1818.5,1 0,West,2,0,3
0,4,11,1,1819.12,1 0,South,2,0,3
0,4,11,2,1819.776,2 0,South,2,0,3
0,4,11,2,1820.302,3 0,South,2,0,3
0,4,11,2,1820.817,4 0,South,2,0,3
0,4,11,1,1821.698,4 0,East,2,0,3
0,4,11,2,1822.336,4 1,East,2,0,3
0,4,11,6,1822.74,4 1,East,2,1,3
0,4,11,1,1822.855,4 1,North,2,1,3
0,4,11,1,1823.366,4 1,West,2,1,3
0,4,11,2,1823.973,4 0,West,2,1,3
0,4,11,3,1824.487,4 0,North,2,1,3
0,4,11,2,1825.028,3 0,North,2,1,3
0,4,11,2,1825.585,2 0,North,2,1,3
0,4,11,2,1826.111,1 0,North,2,1,3
0,4,11,3,1827.119,1 0,East,2,1,3
0,4,11,2,1827.687,1 1,East,2,1,3
0,4,11,3,1828.287,1 1,South,2,1,3
0,4,11,2,1828.965,2 1,South,2,1,3
0,4,11,2,1829.492,3 1,South,2,1,3
0,4,11,1,1830.18,3 1,East,2,1,3
0,4,11,2,1830.704,3 2,East,2,1,3
0,4,11,3,1831.376,3 2,South,2,1,3
0,4,11,2,1832.065,4 2,South,2,1,3
0,4,11,1,1832.612,4 2,East,2,1,3
0,4,11,2,1833.2,4 3,East,2,1,3
0,4,11,2,1833.824,4 4,East,2,1,3
0,4,11,1,1834.358,4 4,North,2,1,3
0,4,11,2,1835.044,3 4,North,2,1,3
0,4,11,2,1835.57,2 4,North,2,1,3
0,4,11,2,1836.098,1 4,North,2,1,3
0,4,11,1,1836.743,1 4,West,2,1,3
0,4,11,2,1837.361,1 3,West,2,1,3
0,4,11,6,1837.78,1 3,West,2,2,3
0,4,11,1,1837.983,1 3,South,2,2,3
0,4,11,1,1838.501,1 3,East,2,2,3
0,4,11,2,1839.094,1 4,East,2,2,3
0,4,11,1,1839.683,1 4,North,2,2,3
0,4,11,1,1840.304,1 4,West,2,2,3
0,4,11,2,1840.902,1 3,West,2,2,3
0,4,11,1,1841.542,1 3,South,2,2,3
0,4,11,2,1842.209,2 3,South,2,2,3
0,4,11,3,1842.739,2 3,West,2,2,3
0,4,11,2,1843.39,2 2,West,2,2,3
0,4,11,3,1844.054,2 2,North,2,2,3
0,4,11,2,1844.768,1 2,North,2,2,3
0,4,11,2,1845.3,0 2,North,2,2,3
0,4,11,1,1845.831,0 2,West,2,2,3
0,4,11,1,1846.4,0 2,South,2,2,3
0,4,11,2,1846.913,1 2,South,2,2,3
0,4,11,2,1847.428,2 2,South,2,2,3
0,4,11,1,1849.359,2 2,East,2,2,3
0,4,11,2,1849.874,2 3,East,2,2,3
0,4,11,1,1850.417,2 3,North,2,2,3
0,4,11,2,1851.237,1 3,North,2,2,3
0,4,11,3,1851.83,1 3,East,2,2,3
0,4,11,2,1852.371,1 4,East,2,2,3
0,4,11,3,1852.916,1 4,South,2,2,3
0,4,11,2,1853.525,2 4,South,2,2,3
0,4,11,2,1854.212,3 4,South,2,2,3
0,4,11,2,1854.88,4 4,South,2,2,3
0,4,11,3,1856.343,4 4,West,2,2,3
0,4,11,2,1856.949,4 3,West,2,2,3
0,4,11,2,1857.551,4 2,West,2,2,3
0,4,11,3,1858.161,4 2,North,2,2,3
0,4,11,2,1858.798,3 2,North,2,2,3
0,4,11,1,1859.392,3 2,West,2,2,3
0,4,11,2,1860.097,3 1,West,2,2,3
0,4,11,3,1860.68,3 1,North,2,2,3
0,4,11,2,1861.234,2 1,North,2,2,3
0,4,11,2,1861.766,1 1,North,2,2,3
0,4,11,1,1862.626,1 1,West,2,2,3
0,4,11,2,1863.157,1 0,West,2,2,3
0,4,11,1,1863.777,1 0,South,2,2,3
0,4,11,2,1864.387,2 0,South,2,2,3
0,4,11,6,1864.76,2 0,South,2,3,3
0,4,11,2,1865.185,3 0,South,2,3,3
0,4,11,1,1865.855,3 0,East,2,3,3
0,4,11,1,1866.624,3 0,North,2,3,3
0,4,11,2,1867.183,2 0,North,2,3,3
0,4,11,2,1867.719,1 0,North,2,3,3
0,4,11,3,1868.242,1 0,East,2,3,3
0,4,11,2,1868.757,1 1,East,2,3,3
0,4,11,3,1869.461,1 1,South,2,3,3
0,4,11,2,1870.147,2 1,South,2,3,3
0,4,11,2,1870.692,3 1,South,2,3,3
0,4,11,1,1871.359,3 1,East,2,3,3
0,4,11,2,1872.165,3 2,East,2,3,3
0,4,11,3,1872.784,3 2,South,2,3,3
0,4,11,2,1873.3,4 2,South,2,3,3
0,4,11,1,1873.874,4 2,East,2,3,3
0,4,11,2,1874.424,4 3,East,2,3,3
0,4,11,2,1874.993,4 4,East,2,3,3
0,4,11,1,1875.602,4 4,North,2,3,3
0,4,11,2,1876.255,3 4,North,2,3,3
0,4,11,2,1876.837,2 4,North,2,3,3
0,4,11,2,1877.683,1 4,North,2,3,3
0,4,11,1,1878.197,1 4,West,2,3,3
0,4,11,2,1878.948,1 3,West,2,3,3
0,4,11,1,1879.634,1 3,South,2,3,3
0,4,11,2,1880.196,2 3,South,2,3,3
0,4,11,3,1880.788,2 3,West,2,3,3
0,4,11,2,1881.391,2 2,West,2,3,3
0,4,11,3,1881.939,2 2,North,2,3,3
0,4,11,2,1882.598,1 2,North,2,3,3
0,4,11,2,1883.269,0 2,North,2,3,3
0,4,11,6,1883.64,0 2,North,2,4,3
0,4,11,1,1883.959,0 2,West,2,4,3
0,4,11,1,1884.479,0 2,South,2,4,3
0,4,11,2,1885.094,1 2,South,2,4,3
0,4,11,2,1885.652,2 2,South,2,4,3
0,4,11,1,1886.455,2 2,East,2,4,3
0,4,11,2,1887.008,2 3,East,2,4,3
0,4,11,1,1887.553,2 3,North,2,4,3
0,4,11,2,1888.119,1 3,North,2,4,3
0,4,11,3,1888.663,1 3,East,2,4,3
0,4,11,2,1889.696,1 4,East,2,4,3
0,4,11,1,1890.339,1 4,North,2,4,3
0,4,11,1,1891.009,1 4,West,2,4,3
0,4,11,1,1891.59,1 4,South,2,4,3
0,4,11,2,1892.178,2 4,South,2,4,3
0,4,11,2,1892.711,3 4,South,2,4,3
0,4,11,2,1893.574,4 4,South,2,4,3
0,4,11,3,1894.198,4 4,West,2,4,3
0,4,11,2,1894.883,4 3,West,2,4,3
0,4,11,2,1895.617,4 2,West,2,4,3
0,4,11,3,1896.337,4 2,North,2,4,3
0,4,11,2,1896.944,3 2,North,2,4,3
0,4,11,1,1897.622,3 2,West,2,4,3
0,4,11,2,1898.261,3 1,West,2,4,3
0,4,11,3,1899.328,3 1,North,2,4,3
0,4,11,2,1899.839,2 1,North,2,4,3
0,4,11,2,1900.533,1 1,North,2,4,3
0,4,11,6,1900.92,1 1,North,2,5,3
0,4,11,1,1901.183,1 1,West,2,5,3
0,4,11,2,1901.798,1 0,West,2,5,3
0,4,11,1,1902.37,1 0,South,2,5,3
0,4,11,2,1902.91,2 0,South,2,5,3
0,4,11,1,1903.489,2 0,East,2,5,3
0,4,11,1,1904.053,2 0,North,2,5,3
0,4,11,2,1904.626,1 0,North,2,5,3
0,4,11,3,1905.206,1 0,East,2,5,3
0,4,11,2,1905.84,1 1,East,2,5,3
0,4,11,3,1906.389,1 1,South,2,5,3
0,4,11,2,1906.918,2 1,South,2,5,3
0,4,11,2,1907.472,3 1,South,2,5,3
0,4,11,1,1908.148,3 1,East,2,5,3
0,4,11,2,1908.767,3 2,East,2,5,3
0,4,11,6,1909.18,3 2,East,2,6,3
0,4,11,3,1909.439,3 2,South,2,6,3
0,4,11,1,1910.095,3 2,East,2,6,3
0,4,11,1,1910.678,3 2,North,2,6,3
0,4,11,1,1911.316,3 2,West,2,6,3
0,4,11,3,1912.082,3 2,North,2,6,3
0,4,11,1,1912.739,3 2,West,2,6,3
0,4,11,2,1913.253,3 1,West,2,6,3
0,4,11,3,1913.828,3 1,North,2,6,3
0,4,11,2,1914.533,2 1,North,2,6,3
0,4,11,2,1915.167,1 1,North,2,6,3
0,4,11,1,1916.161,1 1,West,2,6,3
0,4,11,2,1916.693,1 0,West,2,6,3
0,4,11,1,1917.219,1 0,South,2,6,3
0,4,11,2,1917.983,2 0,South,2,6,3
0,4,11,2,1918.628,3 0,South,2,6,3
0,4,11,1,1919.281,3 0,East,2,6,3
0,4,11,1,1919.92,3 0,North,2,6,3
0,4,11,2,1920.849,2 0,North,2,6,3
0,4,11,2,1921.442,1 0,North,2,6,3
0,4,11,3,1922.004,1 0,East,2,6,3
0,4,11,2,1922.61,1 1,East,2,6,3
0,4,11,3,1923.215,1 1,South,2,6,3
0,4,11,2,1923.73,2 1,South,2,6,3
0,4,11,2,1924.339,3 1,South,2,6,3
0,4,11,1,1924.928,3 1,East,2,6,3
0,4,11,2,1925.587,3 2,East,2,6,3
0,4,11,3,1926.162,3 2,South,2,6,3
0,4,11,2,1926.734,4 2,South,2,6,3
0,4,11,1,1927.252,4 2,East,2,6,3
0,4,11,2,1927.843,4 3,East,2,6,3
0,4,11,2,1928.424,4 4,East,2,6,3
0,4,11,1,1928.977,4 4,North,2,6,3
0,4,11,2,1929.646,3 4,North,2,6,3
0,4,11,2,1930.261,2 4,North,2,6,3
0,4,11,2,1931.058,1 4,North,2,6,3
0,4,11,2,1931.937,0 4,North,2,6,3
0,4,11,6,1932.32,0 4,North,2,7,3
0,4,11,1,1932.659,0 4,West,2,7,3
0,4,11,1,1933.286,0 4,South,2,7,3
0,4,11,2,1934.191,1 4,South,2,7,3
0,4,11,3,1934.799,1 4,West,2,7,3
0,4,11,2,1935.379,1 3,West,2,7,3
0,4,11,1,1936.062,1 3,South,2,7,3
0,4,11,2,1936.643,2 3,South,2,7,3
0,4,11,3,1937.189,2 3,West,2,7,3
0,4,11,2,1937.766,2 2,West,2,7,3
0,4,11,3,1938.422,2 2,North,2,7,3
0,4,11,2,1938.967,1 2,North,2,7,3
0,4,11,6,1939.36,1 2,North,2,8,3
2,4,11,1,1942.353,4 4,West,2,0,0
2,4,11,2,1943.583,4 3,West,2,0,0
2,4,11,2,1944.161,4 2,West,2,0,0
2,4,11,3,1944.695,4 2,North,2,0,0
2,4,11,2,1945.316,3 2,North,2,0,0
2,4,11,6,1945.7,3 2,North,2,1,0
2,4,11,1,1945.841,3 2,West,2,1,0
2,4,11,1,1946.431,3 2,South,2,1,0
2,4,11,3,1947.022,3 2,West,2,1,0
2,4,11,3,1948.816,3 2,North,2,1,0
2,4,11,2,1950.433,3 2,North,2,1,1
2,4,11,1,1950.881,3 2,West,2,1,1
2,4,11,2,1951.857,3 1,West,2,1,1
2,4,11,3,1952.386,3 1,North,2,1,1
2,4,11,2,1953.344,2 1,North,2,1,1
2,4,11,2,1954.002,1 1,North,2,1,1
2,4,11,1,1954.548,1 1,West,2,1,1
2,4,11,2,1955.119,1 0,West,2,1,1
2,4,11,1,1955.732,1 0,South,2,1,1
2,4,11,2,1956.417,2 0,South,2,1,1
2,4,11,2,1956.978,3 0,South,2,1,1
2,4,11,2,1957.542,4 0,South,2,1,1
2,4,11,1,1958.102,4 0,East,2,1,1
2,4,11,2,1958.644,4 1,East,2,1,1
2,4,11,6,1959.04,4 1,East,2,2,1
2,4,11,1,1959.235,4 1,North,2,2,1
2,4,11,1,1959.83,4 1,West,2,2,1
2,4,11,2,1960.469,4 0,West,2,2,1
2,4,11,3,1961.48,4 0,North,2,2,1
2,4,11,2,1962.259,3 0,North,2,2,1
2,4,11,2,1962.868,2 0,North,2,2,1
2,4,11,2,1963.407,1 0,North,2,2,1
2,4,11,3,1964.019,1 0,East,2,2,1
2,4,11,2,1964.594,1 1,East,2,2,1
2,4,11,3,1965.282,1 1,South,2,2,1
2,4,11,2,1965.823,2 1,South,2,2,1
2,4,11,2,1966.386,3 1,South,2,2,1
2,4,11,1,1966.965,3 1,East,2,2,1
2,4,11,2,1967.759,3 2,East,2,2,1
2,4,11,3,1968.294,3 2,South,2,2,1
2,4,11,2,1969.121,4 2,South,2,2,1
2,4,11,1,1969.698,4 2,East,2,2,1
2,4,11,2,1970.338,4 3,East,2,2,1
2,4,11,2,1970.979,4 4,East,2,2,1
2,4,11,1,1971.635,4 4,North,2,2,1
2,4,11,2,1972.246,3 4,North,2,2,1
2,4,11,2,1972.805,2 4,North,2,2,1
2,4,11,2,1973.348,1 4,North,2,2,1
2,4,11,1,1973.92,1 4,West,2,2,1
2,4,11,2,1974.563,1 3,West,2,2,1
2,4,11,6,1974.98,1 3,West,2,3,1
2,4,11,1,1975.537,1 3,South,2,3,1
2,4,11,3,1976.176,1 3,West,2,3,1
2,4,11,1,1977.249,1 3,South,2,3,1
2,4,11,1,1977.862,1 3,East,2,3,1
2,4,11,2,1978.47,1 4,East,2,3,1
2,4,11,3,1979.055,1 4,South,2,3,1
2,4,11,2,1979.622,2 4,South,2,3,1
2,4,11,2,1980.152,3 4,South,2,3,1
2,4,11,2,1980.675,4 4,South,2,3,1
2,4,11,3,1981.684,4 4,West,2,3,1
2,4,11,2,1982.264,4 3,West,2,3,1
2,4,11,2,1982.821,4 2,West,2,3,1
2,4,11,3,1983.427,4 2,North,2,3,1
2,4,11,2,1983.953,3 2,North,2,3,1
2,4,11,1,1984.769,3 2,West,2,3,1
2,4,11,2,1985.304,3 1,West,2,3,1
2,4,11,3,1986.08,3 1,North,2,3,1
2,4,11,2,1986.64,2 1,North,2,3,1
2,4,11,2,1987.268,1 1,North,2,3,1
2,4,11,1,1987.958,1 1,West,2,3,1
2,4,11,2,1988.465,1 0,West,2,3,1
2,4,11,1,1989.031,1 0,South,2,3,1
2,4,11,2,1989.599,2 0,South,2,3,1
2,4,11,6,1989.98,2 0,South,2,4,1
2,4,11,1,1990.161,2 0,East,2,4,1
2,4,11,1,1990.855,2 0,North,2,4,1
2,4,11,2,1991.397,1 0,North,2,4,1
2,4,11,3,1991.938,1 0,East,2,4,1
2,4,11,2,1992.61,1 1,East,2,4,1
2,4,11,6,1993.02,1 1,East,2,5,1
2,4,11,3,1993.279,1 1,South,2,5,1
2,4,11,2,1994.294,2 1,South,2,5,1
2,4,11,1,1994.964,2 1,East,2,5,1
2,4,11,2,1995.503,2 1,East,2,5,2
2,4,11,1,1996.114,2 1,North,2,5,2
2,4,11,2,1996.711,1 1,North,2,5,2
2,4,11,3,1997.25,1 1,East,2,5,2
2,4,11,2,1998.099,1 1,East,2,5,3
2,4,11,3,1998.463,1 1,South,2,5,3
2,4,11,2,1999.393,2 1,South,2,5,3
2,4,11,2,2000.307,3 1,South,2,5,3
2,4,11,1,2000.95,3 1,East,2,5,3
2,4,11,3,2003.471,3 1,South,2,5,3
2,4,11,1,2005.286,3 1,East,2,5,3
2,4,11,2,2006.389,3 2,East,2,5,3
2,4,11,3,2007.038,3 2,South,2,5,3
2,4,11,1,2007.703,3 2,East,2,5,3
2,4,11,1,2008.212,3 2,North,2,5,3
2,4,11,3,2008.896,3 2,East,2,5,3
2,4,11,3,2009.41,3 2,South,2,5,3
2,4,11,2,2010.261,4 2,South,2,5,3
2,4,11,1,2010.814,4 2,East,2,5,3
2,4,11,2,2011.412,4 3,East,2,5,3
2,4,11,2,2011.951,4 4,East,2,5,3
2,4,11,1,2012.527,4 4,North,2,5,3
2,4,11,2,2013.318,3 4,North,2,5,3
2,4,11,2,2013.875,2 4,North,2,5,3
2,4,11,2,2014.724,1 4,North,2,5,3
2,4,11,1,2015.301,1 4,West,2,5,3
2,4,11,2,2016.096,1 3,West,2,5,3
2,4,11,1,2016.658,1 3,South,2,5,3
2,4,11,2,2017.25,2 3,South,2,5,3
2,4,11,3,2017.796,2 3,West,2,5,3
2,4,11,2,2018.484,2 2,West,2,5,3
2,4,11,6,2018.9,2 2,West,2,6,3
2,4,11,3,2019.046,2 2,North,2,6,3
2,4,11,3,2019.68,2 2,East,2,6,3
2,4,11,2,2020.291,2 3,East,2,6,3
2,4,11,6,2020.7,2 3,East,2,7,3
2,4,11,1,2021.156,2 3,North,2,7,3
2,4,11,1,2021.701,2 3,West,2,7,3
2,4,11,3,2023.189,2 3,North,2,7,3
2,4,11,1,2023.825,2 3,West,2,7,3
2,4,11,3,2024.658,2 3,North,2,7,3
2,4,11,3,2025.439,2 3,East,2,7,3
2,4,11,1,2026.807,2 3,North,2,7,3
2,4,11,2,2027.813,1 3,North,2,7,3
2,4,11,3,2028.418,1 3,East,2,7,3
2,4,11,2,2029.11,1 4,East,2,7,3
2,4,11,3,2029.656,1 4,South,2,7,3
2,4,11,2,2030.214,2 4,South,2,7,3
2,4,11,2,2030.726,3 4,South,2,7,3
2,4,11,2,2031.28,4 4,South,2,7,3
2,4,11,3,2031.934,4 4,West,2,7,3
2,4,11,2,2032.467,4 3,West,2,7,3
2,4,11,2,2033.285,4 2,West,2,7,3
2,4,11,3,2034.194,4 2,North,2,7,3
2,4,11,3,2035.544,4 2,East,2,7,3
2,4,11,2,2036.261,4 3,East,2,7,3
2,4,11,2,2036.821,4 4,East,2,7,3
2,4,11,1,2037.478,4 4,North,2,7,3
2,4,11,1,2038.031,4 4,West,2,7,3
2,4,11,2,2038.799,4 3,West,2,7,3
2,4,11,2,2039.49,4 2,West,2,7,3
2,4,11,3,2040.101,4 2,North,2,7,3
2,4,11,2,2041.091,3 2,North,2,7,3
2,4,11,1,2041.758,3 2,West,2,7,3
2,4,11,2,2042.437,3 1,West,2,7,3
2,4,11,3,2042.968,3 1,North,2,7,3
2,4,11,2,2043.783,2 1,North,2,7,3
2,4,11,6,2044.16,2 1,North,2,8,3
0,4,12,1,2047.333,4 4,West,2,0,3
0,4,12,3,2047.924,4 4,North,2,0,3
0,4,12,2,2048.485,3 4,North,2,0,3
0,4,12,2,2049.154,2 4,North,2,0,3
0,4,12,2,2049.795,1 4,North,2,0,3
0,4,12,1,2050.788,1 4,West,2,0,3
0,4,12,2,2051.344,1 3,West,2,0,3
0,4,12,1,2052.114,1 3,South,2,0,3
0,4,12,2,2052.739,2 3,South,2,0,3
0,4,12,3,2053.395,2 3,West,2,0,3
0,4,12,2,2053.973,2 2,West,2,0,3
0,4,12,3,2054.644,2 2,North,2,0,3
0,4,12,2,2055.159,1 2,North,2,0,3
0,4,12,2,2055.695,0 2,North,2,0,3
0,4,12,1,2056.259,0 2,West,2,0,3
0,4,12,2,2056.816,0 1,West,2,0,3
0,4,12,1,2057.475,0 1,South,2,0,3
0,4,12,1,2058.118,0 1,East,2,0,3
0,4,12,2,2058.66,0 2,East,2,0,3
0,4,12,3,2059.27,0 2,South,2,0,3
0,4,12,2,2060.1,1 2,South,2,0,3
0,4,12,2,2061.064,2 2,South,2,0,3
0,4,12,1,2061.697,2 2,East,2,0,3
0,4,12,2,2062.372,2 3,East,2,0,3
0,4,12,1,2062.896,2 3,North,2,0,3
0,4,12,2,2063.767,1 3,North,2,0,3
0,4,12,3,2064.373,1 3,East,2,0,3
0,4,12,2,2065.046,1 4,East,2,0,3
0,4,12,1,2065.7,1 4,North,2,0,3
0,4,12,1,2066.211,1 4,West,2,0,3
0,4,12,1,2066.822,1 4,South,2,0,3
0,4,12,2,2067.601,2 4,South,2,0,3
0,4,12,2,2068.21,3 4,South,2,0,3
0,4,12,2,2069.026,4 4,South,2,0,3
0,4,12,3,2069.672,4 4,West,2,0,3
0,4,12,2,2070.24,4 3,West,2,0,3
0,4,12,2,2070.804,4 2,West,2,0,3
0,4,12,3,2071.43,4 2,North,2,0,3
0,4,12,2,2072.017,3 2,North,2,0,3
0,4,12,1,2072.928,3 2,West,2,0,3
0,4,12,2,2073.509,3 1,West,2,0,3
0,4,12,3,2074.056,3 1,North,2,0,3
0,4,12,2,2074.693,2 1,North,2,0,3
0,4,12,6,2075.08,2 1,North,2,1,3
0,4,12,2,2075.224,1 1,North,2,1,3
0,4,12,1,2075.877,1 1,West,2,1,3
0,4,12,2,2076.466,1 0,West,2,1,3
0,4,12,1,2077.038,1 0,South,2,1,3
0,4,12,2,2077.665,2 0,South,2,1,3
0,4,12,2,2078.254,3 0,South,2,1,3
0,4,12,1,2078.832,3 0,East,2,1,3
0,4,12,1,2079.376,3 0,North,2,1,3
0,4,12,2,2080.005,2 0,North,2,1,3
0,4,12,2,2080.549,1 0,North,2,1,3
0,4,12,3,2081.061,1 0,East,2,1,3
0,4,12,2,2081.636,1 1,East,2,1,3
0,4,12,3,2082.242,1 1,South,2,1,3
0,4,12,2,2082.919,2 1,South,2,1,3
0,4,12,2,2083.475,3 1,South,2,1,3
0,4,12,1,2084.017,3 1,East,2,1,3
0,4,12,2,2084.568,3 2,East,2,1,3
0,4,12,3,2085.17,3 2,South,2,1,3
0,4,12,2,2085.792,4 2,South,2,1,3
0,4,12,1,2086.353,4 2,East,2,1,3
0,4,12,2,2086.976,4 3,East,2,1,3
0,4,12,1,2087.758,4 3,North,2,1,3
0,4,12,3,2088.306,4 3,East,2,1,3
0,4,12,2,2088.93,4 4,East,2,1,3
0,4,12,1,2089.923,4 4,North,2,1,3
0,4,12,2,2090.437,3 4,North,2,1,3
0,4,12,2,2091.111,2 4,North,2,1,3
0,4,12,2,2091.694,1 4,North,2,1,3
0,4,12,1,2092.405,1 4,West,2,1,3
0,4,12,3,2093.011,1 4,North,2,1,3
0,4,12,2,2093.589,0 4,North,2,1,3
0,4,12,1,2094.111,0 4,West,2,1,3
0,4,12,2,2094.727,0 3,West,2,1,3
0,4,12,6,2095.14,0 3,West,2,2,3
0,4,12,1,2095.381,0 3,South,2,2,3
0,4,12,1,2095.892,0 3,East,2,2,3
0,4,12,2,2096.432,0 4,East,2,2,3
0,4,12,3,2097.011,0 4,South,2,2,3
0,4,12,2,2097.654,1 4,South,2,2,3
0,4,12,2,2098.227,2 4,South,2,2,3
0,4,12,6,2098.6,2 4,South,2,3,3
0,4,12,3,2098.789,2 4,West,2,3,3
0,4,12,3,2099.522,2 4,North,2,3,3
0,4,12,2,2100.148,1 4,North,2,3,3
0,4,12,1,2100.801,1 4,West,2,3,3
0,4,12,2,2101.38,1 3,West,2,3,3
0,4,12,1,2101.954,1 3,South,2,3,3
0,4,12,2,2102.51,2 3,South,2,3,3
0,4,12,3,2103.058,2 3,West,2,3,3
0,4,12,2,2103.616,2 2,West,2,3,3
0,4,12,3,2104.152,2 2,North,2,3,3
0,4,12,2,2104.755,1 2,North,2,3,3
0,4,12,2,2105.328,0 2,North,2,3,3
0,4,12,1,2105.892,0 2,West,2,3,3
0,4,12,2,2106.487,0 1,West,2,3,3
0,4,12,1,2107.125,0 1,South,2,3,3
0,4,12,1,2107.688,0 1,East,2,3,3
0,4,12,2,2108.228,0 2,East,2,3,3
0,4,12,3,2108.87,0 2,South,2,3,3
0,4,12,2,2109.46,1 2,South,2,3,3
0,4,12,2,2110.017,2 2,South,2,3,3
0,4,12,1,2111.011,2 2,East,2,3,3
0,4,12,2,2111.6,2 3,East,2,3,3
0,4,12,1,2112.143,2 3,North,2,3,3
0,4,12,2,2112.834,1 3,North,2,3,3
0,4,12,3,2113.347,1 3,East,2,3,3
0,4,12,2,2113.951,1 4,East,2,3,3
0,4,12,3,2114.756,1 4,South,2,3,3
0,4,12,2,2115.285,2 4,South,2,3,3
0,4,12,2,2115.811,3 4,South,2,3,3
0,4,12,3,2116.464,3 4,West,2,3,3
0,4,12,1,2117.298,3 4,South,2,3,3
0,4,12,2,2117.878,4 4,South,2,3,3
0,4,12,3,2118.597,4 4,West,2,3,3
0,4,12,2,2119.11,4 3,West,2,3,3
0,4,12,2,2119.683,4 2,West,2,3,3
0,4,12,3,2120.245,4 2,North,2,3,3
0,4,12,2,2120.865,3 2,North,2,3,3
0,4,12,3,2121.488,3 2,East,2,3,3
0,4,12,2,2122.191,3 3,East,2,3,3
0,4,12,6,2122.6,3 3,East,2,4,3
0,4,12,1,2122.713,3 3,North,2,4,3
0,4,12,1,2123.218,3 3,West,2,4,3
0,4,12,2,2123.839,3 2,West,2,4,3
0,4,12,2,2124.736,3 1,West,2,4,3
0,4,12,3,2125.25,3 1,North,2,4,3
0,4,12,2,2125.891,2 1,North,2,4,3
0,4,12,2,2126.416,1 1,North,2,4,3
0,4,12,1,2127.06,1 1,West,2,4,3
0,4,12,2,2127.604,1 0,West,2,4,3
0,4,12,1,2128.18,1 0,South,2,4,3
0,4,12,2,2128.978,2 0,South,2,4,3
0,4,12,2,2129.519,3 0,South,2,4,3
0,4,12,1,2130.047,3 0,East,2,4,3
0,4,12,1,2130.608,3 0,North,2,4,3
0,4,12,2,2131.232,2 0,North,2,4,3
0,4,12,2,2131.775,1 0,North,2,4,3
0,4,12,3,2132.353,1 0,East,2,4,3
0,4,12,2,2132.95,1 1,East,2,4,3
0,4,12,3,2133.556,1 1,South,2,4,3
0,4,12,2,2134.208,2 1,South,2,4,3
0,4,12,2,2134.911,3 1,South,2,4,3
0,4,12,1,2135.553,3 1,East,2,4,3
0,4,12,2,2136.175,3 2,East,2,4,3
0,4,12,3,2136.791,3 2,South,2,4,3
0,4,12,2,2137.648,4 2,South,2,4,3
0,4,12,1,2138.304,4 2,East,2,4,3
0,4,12,2,2138.897,4 3,East,2,4,3
0,4,12,2,2139.572,4 4,East,2,4,3
0,4,12,1,2140.399,4 4,North,2,4,3
0,4,12,2,2141.063,3 4,North,2,4,3
0,4,12,2,2141.649,2 4,North,2,4,3
0,4,12,2,2142.323,1 4,North,2,4,3
0,4,12,1,2142.884,1 4,West,2,4,3
0,4,12,2,2143.423,1 3,West,2,4,3
0,4,12,1,2144.288,1 3,South,2,4,3
0,4,12,2,2144.935,2 3,South,2,4,3
0,4,12,3,2145.486,2 3,West,2,4,3
0,4,12,2,2146.305,2 2,West,2,4,3
0,4,12,6,2146.72,2 2,West,2,5,3
0,4,12,3,2146.879,2 2,North,2,5,3
0,4,12,2,2147.636,1 2,North,2,5,3
0,4,12,2,2148.258,0 2,North,2,5,3
0,4,12,1,2148.769,0 2,West,2,5,3
0,4,12,1,2149.348,0 2,South,2,5,3
0,4,12,2,2150,1 2,South,2,5,3
0,4,12,2,2150.561,2 2,South,2,5,3
0,4,12,1,2151.236,2 2,East,2,5,3
0,4,12,2,2152.071,2 3,East,2,5,3
0,4,12,1,2152.719,2 3,North,2,5,3
0,4,12,2,2153.249,1 3,North,2,5,3
0,4,12,3,2153.78,1 3,East,2,5,3
0,4,12,2,2154.307,1 4,East,2,5,3
0,4,12,1,2155.349,1 4,North,2,5,3
0,4,12,1,2156.228,1 4,West,2,5,3
0,4,12,1,2156.76,1 4,South,2,5,3
0,4,12,2,2157.301,2 4,South,2,5,3
0,4,12,2,2158,3 4,South,2,5,3
0,4,12,2,2159.032,4 4,South,2,5,3
0,4,12,3,2159.555,4 4,West,2,5,3
0,4,12,2,2160.118,4 3,West,2,5,3
0,4,12,2,2160.661,4 2,West,2,5,3
0,4,12,3,2161.215,4 2,North,2,5,3
0,4,12,2,2161.792,3 2,North,2,5,3
0,4,12,1,2162.405,3 2,West,2,5,3
0,4,12,2,2162.976,3 1,West,2,5,3
0,4,12,3,2163.486,3 1,North,2,5,3
0,4,12,2,2164.084,2 1,North,2,5,3
0,4,12,2,2164.659,1 1,North,2,5,3
0,4,12,1,2165.43,1 1,West,2,5,3
0,4,12,2,2165.955,1 0,West,2,5,3
0,4,12,1,2166.611,1 0,South,2,5,3
0,4,12,2,2167.285,2 0,South,2,5,3
0,4,12,2,2167.811,3 0,South,2,5,3
0,4,12,6,2168.18,3 0,South,2,6,3
0,4,12,1,2168.502,3 0,East,2,6,3
0,4,12,1,2169.056,3 0,North,2,6,3
0,4,12,2,2169.638,2 0,North,2,6,3
0,4,12,2,2170.24,1 0,North,2,6,3
0,4,12,3,2170.853,1 0,East,2,6,3
0,4,12,2,2171.47,1 1,East,2,6,3
0,4,12,3,2172.048,1 1,South,2,6,3
0,4,12,2,2172.574,2 1,South,2,6,3
0,4,12,2,2173.139,3 1,South,2,6,3
0,4,12,1,2173.79,3 1,East,2,6,3
0,4,12,2,2174.325,3 2,East,2,6,3
0,4,12,3,2174.912,3 2,South,2,6,3
0,4,12,2,2175.552,4 2,South,2,6,3
0,4,12,1,2176.082,4 2,East,2,6,3
0,4,12,2,2176.663,4 3,East,2,6,3
0,4,12,2,2177.208,4 4,East,2,6,3
0,4,12,1,2177.731,4 4,North,2,6,3
0,4,12,2,2178.276,3 4,North,2,6,3
0,4,12,2,2178.898,2 4,North,2,6,3
0,4,12,2,2179.444,1 4,North,2,6,3
0,4,12,1,2180.086,1 4,West,2,6,3
0,4,12,2,2180.706,1 3,West,2,6,3
0,4,12,1,2181.3,1 3,South,2,6,3
0,4,12,2,2181.922,2 3,South,2,6,3
0,4,12,3,2182.591,2 3,West,2,6,3
0,4,12,2,2183.111,2 2,West,2,6,3
0,4,12,3,2183.762,2 2,North,2,6,3
0,4,12,2,2184.422,1 2,North,2,6,3
0,4,12,2,2184.98,0 2,North,2,6,3
0,4,12,1,2185.523,0 2,West,2,6,3
0,4,12,2,2186.148,0 1,West,2,6,3
0,4,12,6,2186.56,0 1,West,2,7,3
0,4,12,1,2186.671,0 1,South,2,7,3
0,4,12,1,2187.383,0 1,East,2,7,3
0,4,12,2,2187.958,0 2,East,2,7,3
0,4,12,3,2188.662,0 2,South,2,7,3
0,4,12,2,2189.326,1 2,South,2,7,3
0,4,12,2,2189.942,2 2,South,2,7,3
0,4,12,1,2190.518,2 2,East,2,7,3
0,4,12,2,2191.094,2 3,East,2,7,3
0,4,12,1,2191.622,2 3,North,2,7,3
0,4,12,2,2192.182,1 3,North,2,7,3
0,4,12,3,2192.725,1 3,East,2,7,3
0,4,12,3,2193.413,1 3,South,2,7,3
0,4,12,1,2194.049,1 3,East,2,7,3
0,4,12,2,2194.591,1 4,East,2,7,3
0,4,12,1,2195.135,1 4,North,2,7,3
0,4,12,1,2195.694,1 4,West,2,7,3
0,4,12,1,2196.239,1 4,South,2,7,3
0,4,12,2,2196.847,2 4,South,2,7,3
0,4,12,2,2197.374,3 4,South,2,7,3
0,4,12,2,2198.37,4 4,South,2,7,3
0,4,12,3,2198.998,4 4,West,2,7,3
0,4,12,2,2199.582,4 3,West,2,7,3
0,4,12,2,2200.101,4 2,West,2,7,3
0,4,12,3,2200.622,4 2,North,2,7,3
0,4,12,2,2201.233,3 2,North,2,7,3
0,4,12,1,2201.847,3 2,West,2,7,3
0,4,12,2,2202.566,3 1,West,2,7,3
0,4,12,3,2203.33,3 1,North,2,7,3
0,4,12,2,2204.132,2 1,North,2,7,3
0,4,12,2,2204.725,1 1,North,2,7,3
0,4,12,1,2205.589,1 1,West,2,7,3
0,4,12,1,2206.371,1 1,South,2,7,3
0,4,12,3,2207.168,1 1,West,2,7,3
0,4,12,2,2207.717,1 0,West,2,7,3
0,4,12,1,2208.245,1 0,South,2,7,3
0,4,12,2,2208.886,2 0,South,2,7,3
0,4,12,2,2209.571,3 0,South,2,7,3
0,4,12,2,2210.176,4 0,South,2,7,3
0,4,12,6,2210.56,4 0,South,2,8,3
2,4,12,1,2214.13,4 4,West,2,0,0
2,4,12,2,2215.967,4 3,West,2,0,0
2,4,12,2,2216.487,4 2,West,2,0,0
2,4,12,3,2217.175,4 2,North,2,0,0
2,4,12,1,2217.765,4 2,West,2,0,0
2,4,12,3,2218.437,4 2,North,2,0,0
2,4,12,3,2219.472,4 2,East,2,0,0
2,4,12,1,2220.319,4 2,North,2,0,0
2,4,12,2,2220.881,3 2,North,2,0,0
2,4,12,1,2221.396,3 2,West,2,0,0
2,4,12,2,2221.974,3 1,West,2,0,0
2,4,12,3,2222.591,3 1,North,2,0,0
2,4,12,2,2223.14,2 1,North,2,0,0
2,4,12,2,2223.732,1 1,North,2,0,0
2,4,12,1,2224.271,1 1,West,2,0,0
2,4,12,2,2224.929,1 0,West,2,0,0
2,4,12,1,2225.505,1 0,South,2,0,0
2,4,12,2,2226.16,2 0,South,2,0,0
2,4,12,2,2226.739,3 0,South,2,0,0
2,4,12,2,2227.473,4 0,South,2,0,0
2,4,12,6,2227.86,4 0,South,2,1,0
2,4,12,1,2228.13,4 0,East,2,1,0
2,4,12,1,2228.803,4 0,North,2,1,0
2,4,12,2,2229.607,3 0,North,2,1,0
2,4,12,2,2230.231,2 0,North,2,1,0
2,4,12,2,2232.343,1 0,North,2,1,0
2,4,12,3,2233.2,1 0,East,2,1,0
2,4,12,2,2234.111,1 1,East,2,1,0
2,4,12,3,2234.948,1 1,South,2,1,0
2,4,12,2,2235.509,2 1,South,2,1,0
2,4,12,1,2236.146,2 1,East,2,1,0
2,4,12,2,2237.06,2 1,East,2,1,1
2,4,12,3,2237.615,2 1,South,2,1,1
2,4,12,2,2238.245,3 1,South,2,1,1
2,4,12,1,2238.782,3 1,East,2,1,1
2,4,12,2,2239.699,3 2,East,2,1,1
2,4,12,3,2240.5,3 2,South,2,1,1
2,4,12,2,2241.074,4 2,South,2,1,1
2,4,12,1,2241.666,4 2,East,2,1,1
2,4,12,2,2242.341,4 3,East,2,1,1
2,4,12,2,2242.863,4 4,East,2,1,1
2,4,12,1,2243.567,4 4,North,2,1,1
2,4,12,2,2244.483,3 4,North,2,1,1
2,4,12,2,2245.173,2 4,North,2,1,1
2,4,12,2,2246.31,1 4,North,2,1,1
2,4,12,1,2246.9,1 4,West,2,1,1
2,4,12,2,2248.002,1 3,West,2,1,1
2,4,12,1,2248.689,1 3,South,2,1,1
2,4,12,2,2249.27,2 3,South,2,1,1
2,4,12,3,2250.11,2 3,West,2,1,1
2,4,12,2,2250.675,2 2,West,2,1,1
2,4,12,3,2251.427,2 2,North,2,1,1
2,4,12,2,2251.971,1 2,North,2,1,1
2,4,12,1,2252.487,1 2,West,2,1,1
2,4,12,2,2253.38,1 2,West,2,1,2
2,4,12,3,2253.794,1 2,North,2,1,2
2,4,12,2,2255.908,0 2,North,2,1,2
2,4,12,1,2256.465,0 2,West,2,1,2
2,4,12,2,2257.14,0 1,West,2,1,2
2,4,12,6,2257.54,0 1,West,2,2,2
2,4,12,1,2257.781,0 1,South,2,2,2
2,4,12,1,2258.598,0 1,East,2,2,2
2,4,12,3,2259.314,0 1,South,2,2,2
2,4,12,1,2259.937,0 1,East,2,2,2
2,4,12,2,2260.528,0 2,East,2,2,2
2,4,12,3,2261.038,0 2,South,2,2,2
2,4,12,2,2261.686,1 2,South,2,2,2
2,4,12,1,2262.239,1 2,East,2,2,2
2,4,12,2,2263.079,1 2,East,2,2,3
2,4,12,3,2263.569,1 2,South,2,2,3
2,4,12,2,2264.977,2 2,South,2,2,3
2,4,12,1,2265.568,2 2,East,2,2,3
2,4,12,2,2266.19,2 3,East,2,2,3
2,4,12,1,2266.738,2 3,North,2,2,3
2,4,12,2,2267.383,1 3,North,2,2,3
2,4,12,3,2268.049,1 3,East,2,2,3
2,4,12,2,2268.992,1 4,East,2,2,3
2,4,12,3,2269.519,1 4,South,2,2,3
2,4,12,2,2270.193,2 4,South,2,2,3
2,4,12,2,2270.718,3 4,South,2,2,3
2,4,12,2,2271.63,4 4,South,2,2,3
2,4,12,3,2272.16,4 4,West,2,2,3
2,4,12,2,2272.77,4 3,West,2,2,3
2,4,12,2,2273.346,4 2,West,2,2,3
2,4,12,3,2274.918,4 2,North,2,2,3
2,4,12,2,2275.585,3 2,North,2,2,3
2,4,12,1,2276.216,3 2,West,2,2,3
2,4,12,2,2276.741,3 1,West,2,2,3
2,4,12,3,2277.586,3 1,North,2,2,3
2,4,12,2,2278.193,2 1,North,2,2,3
2,4,12,2,2278.803,1 1,North,2,2,3
2,4,12,1,2279.478,1 1,West,2,2,3
2,4,12,2,2280.084,1 0,West,2,2,3
2,4,12,1,2280.66,1 0,South,2,2,3
2,4,12,2,2281.327,2 0,South,2,2,3
2,4,12,2,2281.955,3 0,South,2,2,3
2,4,12,6,2282.34,3 0,South,2,3,3
2,4,12,1,2282.58,3 0,East,2,3,3
2,4,12,1,2283.108,3 0,North,2,3,3
2,4,12,2,2283.797,2 0,North,2,3,3
2,4,12,2,2284.367,1 0,North,2,3,3
2,4,12,3,2284.948,1 0,East,2,3,3
2,4,12,2,2285.504,1 1,East,2,3,3
2,4,12,3,2286.403,1 1,South,2,3,3
2,4,12,2,2288.24,2 1,South,2,3,3
2,4,12,1,2288.804,2 1,East,2,3,3
2,4,12,2,2289.346,2 1,East,2,3,4
2,4,12,1,2289.989,2 1,North,2,3,4
2,4,12,3,2290.772,2 1,East,2,3,4
2,4,12,3,2291.446,2 1,South,2,3,4
2,4,12,2,2292.416,3 1,South,2,3,4
2,4,12,1,2293.041,3 1,East,2,3,4
2,4,12,2,2293.779,3 2,East,2,3,4
2,4,12,3,2294.304,3 2,South,2,3,4
2,4,12,1,2296.159,3 2,East,2,3,4
2,4,12,3,2296.801,3 2,South,2,3,4
2,4,12,2,2297.456,4 2,South,2,3,4
2,4,12,1,2298.032,4 2,East,2,3,4
2,4,12,2,2298.645,4 3,East,2,3,4
2,4,12,2,2299.313,4 4,East,2,3,4
2,4,12,1,2300.037,4 4,North,2,3,4
2,4,12,2,2300.56,3 4,North,2,3,4
2,4,12,2,2301.414,2 4,North,2,3,4
2,4,12,2,2302.035,1 4,North,2,3,4
2,4,12,1,2302.646,1 4,West,2,3,4
2,4,12,2,2303.204,1 3,West,2,3,4
2,4,12,1,2303.796,1 3,South,2,3,4
2,4,12,2,2304.309,2 3,South,2,3,4
2,4,12,3,2304.935,2 3,West,2,3,4
2,4,12,2,2305.554,2 2,West,2,3,4
2,4,12,6,2305.96,2 2,West,2,4,4
2,4,12,3,2306.1,2 2,North,2,4,4
2,4,12,3,2306.645,2 2,East,2,4,4
2,4,12,3,2307.189,2 2,South,2,4,4
2,4,12,1,2308.12,2 2,East,2,4,4
2,4,12,2,2308.819,2 3,East,2,4,4
2,4,12,1,2309.363,2 3,North,2,4,4
2,4,12,2,2309.952,1 3,North,2,4,4
2,4,12,3,2310.498,1 3,East,2,4,4
2,4,12,2,2311.136,1 4,East,2,4,4
2,4,12,3,2311.701,1 4,South,2,4,4
2,4,12,2,2312.338,2 4,South,2,4,4
2,4,12,2,2312.881,3 4,South,2,4,4
2,4,12,2,2313.83,4 4,South,2,4,4
2,4,12,3,2314.438,4 4,West,2,4,4
2,4,12,2,2314.996,4 3,West,2,4,4
2,4,12,2,2315.527,4 2,West,2,4,4
2,4,12,3,2316.312,4 2,North,2,4,4
2,4,12,2,2316.96,3 2,North,2,4,4
2,4,12,3,2317.502,3 2,East,2,4,4
2,4,12,2,2318.065,3 3,East,2,4,4
2,4,12,6,2318.48,3 3,East,2,5,4
2,4,12,1,2318.678,3 3,North,2,5,4
2,4,12,1,2319.199,3 3,West,2,5,4
2,4,12,2,2319.731,3 2,West,2,5,4
2,4,12,1,2320.276,3 2,South,2,5,4
2,4,12,2,2321.007,4 2,South,2,5,4
2,4,12,1,2321.734,4 2,East,2,5,4
2,4,12,2,2322.351,4 3,East,2,5,4
2,4,12,2,2322.865,4 4,East,2,5,4
2,4,12,1,2323.414,4 4,North,2,5,4
2,4,12,2,2324.004,3 4,North,2,5,4
2,4,12,2,2324.516,2 4,North,2,5,4
2,4,12,6,2324.9,2 4,North,2,6,4
2,4,12,2,2326.033,1 4,North,2,6,4
2,4,12,2,2326.575,0 4,North,2,6,4
2,4,12,1,2327.123,0 4,West,2,6,4
2,4,12,2,2327.801,0 3,West,2,6,4
2,4,12,6,2328.22,0 3,West,2,7,4
2,4,12,1,2328.449,0 3,South,2,7,4
2,4,12,1,2329.119,0 3,East,2,7,4
2,4,12,2,2329.764,0 4,East,2,7,4
2,4,12,3,2330.274,0 4,South,2,7,4
2,4,12,2,2330.896,1 4,South,2,7,4
2,4,12,6,2331.28,1 4,South,2,8,4
0,5,13,1,2441.919,4 4,West,3,0,4
0,5,13,3,2442.564,4 4,North,3,0,4
0,5,13,2,2443.22,3 4,North,3,0,4
0,5,13,1,2443.822,3 4,West,3,0,4
0,5,13,1,2444.446,3 4,South,3,0,4
0,5,13,2,2445.599,4 4,South,3,0,4
0,5,13,3,2446.246,4 4,West,3,0,4
0,5,13,2,2446.964,4 3,West,3,0,4
0,5,13,2,2447.873,4 2,West,3,0,4
0,5,13,3,2448.47,4 2,North,3,0,4
0,5,13,2,2449.124,3 2,North,3,0,4
0,5,13,1,2449.701,3 2,West,3,0,4
0,5,13,2,2450.211,3 1,West,3,0,4
0,5,13,2,2451.058,3 0,West,3,0,4
0,5,13,3,2451.68,3 0,North,3,0,4
0,5,13,2,2452.323,2 0,North,3,0,4
0,5,13,2,2452.952,1 0,North,3,0,4
0,5,13,3,2453.526,1 0,East,3,0,4
0,5,13,2,2454.562,1 1,East,3,0,4
0,5,13,3,2455.24,1 1,South,3,0,4
0,5,13,2,2455.89,2 1,South,3,0,4
0,5,13,1,2456.408,2 1,East,3,0,4
0,5,13,2,2457.061,2 2,East,3,0,4
0,5,13,1,2457.64,2 2,North,3,0,4
0,5,13,2,2458.289,1 2,North,3,0,4
0,5,13,6,2458.68,1 2,North,3,1,4
0,5,13,2,2458.965,0 2,North,3,1,4
0,5,13,1,2459.602,0 2,West,3,1,4
0,5,13,1,2460.311,0 2,South,3,1,4
0,5,13,2,2460.958,1 2,South,3,1,4
0,5,13,2,2461.526,2 2,South,3,1,4
0,5,13,3,2462.035,2 2,West,3,1,4
0,5,13,2,2462.626,2 1,West,3,1,4
0,5,13,3,2463.44,2 1,North,3,1,4
0,5,13,2,2464.033,1 1,North,3,1,4
0,5,13,1,2464.696,1 1,West,3,1,4
0,5,13,2,2465.279,1 0,West,3,1,4
0,5,13,1,2465.831,1 0,South,3,1,4
0,5,13,2,2466.466,2 0,South,3,1,4
0,5,13,2,2467.109,3 0,South,3,1,4
0,5,13,1,2467.748,3 0,East,3,1,4
0,5,13,2,2468.29,3 1,East,3,1,4
0,5,13,3,2469.152,3 1,South,3,1,4
0,5,13,1,2469.664,3 1,East,3,1,4
0,5,13,2,2470.291,3 2,East,3,1,4
0,5,13,3,2470.806,3 2,South,3,1,4
0,5,13,2,2471.344,4 2,South,3,1,4
0,5,13,3,2471.988,4 2,West,3,1,4
0,5,13,1,2472.662,4 2,South,3,1,4
0,5,13,1,2473.57,4 2,East,3,1,4
0,5,13,2,2474.214,4 3,East,3,1,4
0,5,13,2,2474.74,4 4,East,3,1,4
0,5,13,1,2475.311,4 4,North,3,1,4
0,5,13,2,2475.924,3 4,North,3,1,4
0,5,13,6,2476.3,3 4,North,3,2,4
0,5,13,1,2476.467,3 4,West,3,2,4
0,5,13,2,2477.041,3 3,West,3,2,4
0,5,13,3,2477.576,3 3,North,3,2,4
0,5,13,2,2480.904,2 3,North,3,2,4
0,5,13,2,2481.46,1 3,North,3,2,4
0,5,13,2,2481.987,0 3,North,3,2,4
0,5,13,3,2482.499,0 3,East,3,2,4
0,5,13,2,2483.029,0 4,East,3,2,4
0,5,13,3,2483.619,0 4,South,3,2,4
0,5,13,3,2484.279,0 4,West,3,2,4
0,5,13,2,2484.933,0 3,West,3,2,4
0,5,13,1,2485.505,0 3,South,3,2,4
0,5,13,2,2486.183,1 3,South,3,2,4
0,5,13,2,2486.788,2 3,South,3,2,4
0,5,13,2,2487.398,3 3,South,3,2,4
0,5,13,2,2488.226,3 3,South,3,2,4
0,5,13,1,2488.549,3 3,East,3,2,4
0,5,13,2,2489.138,3 4,East,3,2,4
0,5,13,3,2489.728,3 4,South,3,2,4
0,5,13,2,2490.337,4 4,South,3,2,4
0,5,13,3,2490.855,4 4,West,3,2,4
0,5,13,2,2491.518,4 3,West,3,2,4
0,5,13,2,2492.437,4 2,West,3,2,4
0,5,13,3,2493.078,4 2,North,3,2,4
0,5,13,2,2493.745,3 2,North,3,2,4
0,5,13,1,2494.594,3 2,West,3,2,4
0,5,13,2,2495.108,3 1,West,3,2,4
0,5,13,2,2495.79,3 0,West,3,2,4
0,5,13,3,2496.4,3 0,North,3,2,4
0,5,13,2,2496.913,2 0,North,3,2,4
0,5,13,2,2497.889,1 0,North,3,2,4
0,5,13,3,2498.558,1 0,East,3,2,4
0,5,13,2,2499.215,1 1,East,3,2,4
0,5,13,3,2499.81,1 1,South,3,2,4
0,5,13,2,2500.325,2 1,South,3,2,4
0,5,13,1,2500.96,2 1,East,3,2,4
0,5,13,2,2501.488,2 2,East,3,2,4
0,5,13,1,2502.116,2 2,North,3,2,4
0,5,13,2,2503.044,1 2,North,3,2,4
0,5,13,1,2503.919,1 2,West,3,2,4
0,5,13,3,2504.47,1 2,North,3,2,4
0,5,13,2,2505.143,0 2,North,3,2,4
0,5,13,1,2505.937,0 2,West,3,2,4
0,5,13,2,2506.8,0 1,West,3,2,4
0,5,13,2,2507.408,0 0,West,3,2,4
0,5,13,6,2507.82,0 0,West,3,3,4
0,5,13,3,2508.051,0 0,North,3,3,4
0,5,13,3,2508.869,0 0,East,3,3,4
0,5,13,2,2509.534,0 1,East,3,3,4
0,5,13,2,2510.097,0 2,East,3,3,4
0,5,13,3,2510.789,0 2,South,3,3,4
0,5,13,2,2511.383,1 2,South,3,3,4
0,5,13,2,2512.291,2 2,South,3,3,4
0,5,13,3,2512.935,2 2,West,3,3,4
0,5,13,3,2513.872,2 2,North,3,3,4
0,5,13,1,2514.402,2 2,West,3,3,4
0,5,13,3,2515.191,2 2,North,3,3,4
0,5,13,1,2515.843,2 2,West,3,3,4
0,5,13,2,2516.44,2 1,West,3,3,4
0,5,13,3,2517.013,2 1,North,3,3,4
0,5,13,2,2517.733,1 1,North,3,3,4
0,5,13,1,2518.26,1 1,West,3,3,4
0,5,13,2,2518.804,1 0,West,3,3,4
0,5,13,1,2519.424,1 0,South,3,3,4
0,5,13,2,2520.05,2 0,South,3,3,4
0,5,13,2,2520.708,3 0,South,3,3,4
0,5,13,1,2521.31,3 0,East,3,3,4
0,5,13,2,2521.925,3 1,East,3,3,4
0,5,13,2,2522.549,3 2,East,3,3,4
0,5,13,3,2523.122,3 2,South,3,3,4
0,5,13,2,2523.716,4 2,South,3,3,4
0,5,13,3,2524.303,4 2,West,3,3,4
0,5,13,2,2524.918,4 1,West,3,3,4
0,5,13,1,2525.441,4 1,South,3,3,4
0,5,13,1,2526.062,4 1,East,3,3,4
0,5,13,2,2526.677,4 2,East,3,3,4
0,5,13,2,2527.348,4 3,East,3,3,4
0,5,13,2,2527.989,4 4,East,3,3,4
0,5,13,1,2528.738,4 4,North,3,3,4
0,5,13,1,2529.588,4 4,West,3,3,4
0,5,13,3,2530.194,4 4,North,3,3,4
0,5,13,2,2530.835,3 4,North,3,3,4
0,5,13,1,2531.476,3 4,West,3,3,4
0,5,13,2,2532.035,3 3,West,3,3,4
0,5,13,3,2532.718,3 3,North,3,3,4
0,5,13,2,2533.455,2 3,North,3,3,4
0,5,13,2,2534.163,1 3,North,3,3,4
0,5,13,6,2534.54,1 3,North,3,4,4
0,5,13,2,2534.963,0 3,North,3,4,4
0,5,13,3,2535.682,0 3,East,3,4,4
0,5,13,2,2537.774,0 4,East,3,4,4
0,5,13,6,2538.18,0 4,East,3,5,4
0,5,13,3,2538.324,0 4,South,3,5,4
0,5,13,3,2539.031,0 4,West,3,5,4
0,5,13,2,2539.696,0 3,West,3,5,4
0,5,13,1,2540.319,0 3,South,3,5,4
0,5,13,2,2540.932,1 3,South,3,5,4
0,5,13,2,2541.604,2 3,South,3,5,4
0,5,13,2,2542.417,3 3,South,3,5,4
0,5,13,6,2542.8,3 3,South,3,6,4
0,5,13,1,2543.104,3 3,East,3,6,4
0,5,13,1,2543.618,3 3,North,3,6,4
0,5,13,2,2544.177,2 3,North,3,6,4
0,5,13,2,2544.805,1 3,North,3,6,4
0,5,13,2,2545.407,0 3,North,3,6,4
0,5,13,3,2546.065,0 3,East,3,6,4
0,5,13,3,2546.596,0 3,South,3,6,4
0,5,13,1,2547.156,0 3,East,3,6,4
0,5,13,3,2547.823,0 3,South,3,6,4
0,5,13,2,2548.448,1 3,South,3,6,4
0,5,13,2,2549.102,2 3,South,3,6,4
0,5,13,2,2549.747,3 3,South,3,6,4
0,5,13,1,2550.261,3 3,East,3,6,4
0,5,13,2,2550.833,3 4,East,3,6,4
0,5,13,3,2551.476,3 4,South,3,6,4
0,5,13,2,2552,4 4,South,3,6,4
0,5,13,3,2552.527,4 4,West,3,6,4
0,5,13,2,2553.138,4 3,West,3,6,4
0,5,13,2,2554.164,4 2,West,3,6,4
0,5,13,3,2554.709,4 2,North,3,6,4
0,5,13,2,2555.326,3 2,North,3,6,4
0,5,13,1,2555.951,3 2,West,3,6,4
0,5,13,2,2556.607,3 1,West,3,6,4
0,5,13,2,2557.3,3 0,West,3,6,4
0,5,13,3,2557.955,3 0,North,3,6,4
0,5,13,2,2558.531,2 0,North,3,6,4
0,5,13,2,2559.184,1 0,North,3,6,4
0,5,13,3,2559.776,1 0,East,3,6,4
0,5,13,3,2560.704,1 0,South,3,6,4
0,5,13,1,2561.377,1 0,East,3,6,4
0,5,13,2,2561.959,1 1,East,3,6,4
0,5,13,3,2562.622,1 1,South,3,6,4
0,5,13,2,2563.299,2 1,South,3,6,4
0,5,13,1,2563.826,2 1,East,3,6,4
0,5,13,2,2564.371,2 2,East,3,6,4
0,5,13,1,2564.934,2 2,North,3,6,4
0,5,13,2,2565.511,1 2,North,3,6,4
0,5,13,2,2566.145,0 2,North,3,6,4
0,5,13,1,2567.09,0 2,West,3,6,4
0,5,13,2,2568.486,0 1,West,3,6,4
0,5,13,6,2568.9,0 1,West,3,7,4
0,5,13,1,2569.169,0 1,South,3,7,4
0,5,13,1,2569.702,0 1,East,3,7,4
0,5,13,2,2570.292,0 2,East,3,7,4
0,5,13,3,2570.865,0 2,South,3,7,4
0,5,13,2,2571.508,1 2,South,3,7,4
0,5,13,2,2572.046,2 2,South,3,7,4
0,5,13,3,2572.719,2 2,West,3,7,4
0,5,13,2,2573.268,2 1,West,3,7,4
0,5,13,3,2573.956,2 1,North,3,7,4
0,5,13,2,2574.622,1 1,North,3,7,4
0,5,13,1,2575.553,1 1,West,3,7,4
0,5,13,2,2576.226,1 0,West,3,7,4
0,5,13,1,2576.837,1 0,South,3,7,4
0,5,13,2,2577.393,2 0,South,3,7,4
0,5,13,2,2578.08,3 0,South,3,7,4
0,5,13,1,2578.695,3 0,East,3,7,4
0,5,13,2,2579.493,3 1,East,3,7,4
0,5,13,2,2580.228,3 2,East,3,7,4
0,5,13,6,2580.64,3 2,East,3,8,4
2,5,13,1,2583.794,4 4,West,3,0,0
2,5,13,3,2585.747,4 4,North,3,0,0
2,5,13,1,2588.88,4 4,West,3,0,0
2,5,13,3,2589.765,4 4,North,3,0,0
2,5,13,1,2592.802,4 4,West,3,0,0
2,5,13,2,2594.145,4 3,West,3,0,0
2,5,13,2,2594.751,4 2,West,3,0,0
2,5,13,2,2597.24,4 1,West,3,0,0
2,5,13,3,2597.908,4 1,North,3,0,0
2,5,13,3,2598.95,4 1,East,3,0,0
2,5,13,1,2599.63,4 1,North,3,0,0
2,5,13,2,2600.754,4 1,North,3,0,1
2,5,13,1,2601.311,4 1,West,3,0,1
2,5,13,3,2602.912,4 1,North,3,0,1
2,5,13,3,2603.528,4 1,East,3,0,1
2,5,13,2,2604.178,4 2,East,3,0,1
2,5,13,1,2604.863,4 2,North,3,0,1
2,5,13,3,2605.521,4 2,East,3,0,1
2,5,13,1,2606.035,4 2,North,3,0,1
2,5,13,2,2607.007,3 2,North,3,0,1
2,5,13,3,2607.925,3 2,East,3,0,1
2,5,13,2,2608.672,3 2,East,3,0,2
2,5,13,3,2609.076,3 2,South,3,0,2
2,5,13,2,2609.588,4 2,South,3,0,2
2,5,13,1,2610.198,4 2,East,3,0,2
2,5,13,2,2610.719,4 3,East,3,0,2
2,5,13,2,2611.232,4 4,East,3,0,2
2,5,13,1,2611.792,4 4,North,3,0,2
2,5,13,2,2612.726,3 4,North,3,0,2
2,5,13,2,2613.378,3 4,North,3,0,3
2,5,13,1,2613.989,3 4,West,3,0,3
2,5,13,2,2614.847,3 3,West,3,0,3
2,5,13,6,2615.26,3 3,West,3,1,3
2,5,13,1,2615.648,3 3,South,3,1,3
2,5,13,1,2616.196,3 3,East,3,1,3
2,5,13,2,2616.803,3 4,East,3,1,3
2,5,13,3,2617.477,3 4,South,3,1,3
2,5,13,3,2618.039,3 4,West,3,1,3
2,5,13,3,2618.767,3 4,North,3,1,3
2,5,13,1,2619.812,3 4,West,3,1,3
2,5,13,1,2620.368,3 4,South,3,1,3
2,5,13,2,2620.995,4 4,South,3,1,3
2,5,13,3,2621.523,4 4,West,3,1,3
2,5,13,2,2622.066,4 3,West,3,1,3
2,5,13,2,2622.769,4 2,West,3,1,3
2,5,13,2,2624.15,4 1,West,3,1,3
2,5,13,2,2625.375,4 0,West,3,1,3
2,5,13,3,2625.892,4 0,North,3,1,3
2,5,13,3,2627.505,4 0,East,3,1,3
2,5,13,1,2628.356,4 0,North,3,1,3
2,5,13,2,2629.793,4 0,North,3,1,4
2,5,13,3,2630.258,4 0,East,3,1,4
2,5,13,2,2630.856,4 1,East,3,1,4
2,5,13,1,2631.442,4 1,North,3,1,4
2,5,13,2,2632.016,4 1,North,3,1,5
2,5,13,3,2632.486,4 1,East,3,1,5
2,5,13,2,2633.091,4 2,East,3,1,5
2,5,13,1,2633.669,4 2,North,3,1,5
2,5,13,2,2634.224,3 2,North,3,1,5
2,5,13,2,2635.057,3 2,North,3,1,6
2,5,13,1,2635.524,3 2,West,3,1,6
2,5,13,2,2636.049,3 1,West,3,1,6
2,5,13,3,2636.569,3 1,North,3,1,6
2,5,13,2,2637.477,3 1,North,3,1,7
2,5,13,1,2637.89,3 1,West,3,1,7
2,5,13,2,2638.559,3 0,West,3,1,7
2,5,13,3,2639.094,3 0,North,3,1,7
2,5,13,2,2639.647,2 0,North,3,1,7
2,5,13,2,2640.302,1 0,North,3,1,7
2,5,13,3,2641.126,1 0,East,3,1,7
2,5,13,2,2641.701,1 1,East,3,1,7
2,5,13,3,2642.254,1 1,South,3,1,7
2,5,13,2,2642.8,2 1,South,3,1,7
2,5,13,1,2643.344,2 1,East,3,1,7
2,5,13,2,2643.877,2 2,East,3,1,7
2,5,13,1,2644.438,2 2,North,3,1,7
2,5,13,3,2645.813,2 2,East,3,1,7
2,5,13,3,2646.368,2 2,South,3,1,7
2,5,13,3,2646.916,2 2,West,3,1,7
2,5,13,3,2647.733,2 2,North,3,1,7
2,5,13,2,2648.383,1 2,North,3,1,7
2,5,13,6,2648.76,1 2,North,3,2,7
2,5,13,1,2648.96,1 2,West,3,2,7
2,5,13,3,2649.47,1 2,North,3,2,7
2,5,13,3,2650.049,1 2,East,3,2,7
2,5,13,3,2650.661,1 2,South,3,2,7
2,5,13,2,2651.223,2 2,South,3,2,7
2,5,13,3,2651.775,2 2,West,3,2,7
2,5,13,2,2652.322,2 1,West,3,2,7
2,5,13,3,2652.853,2 1,North,3,2,7
2,5,13,1,2653.684,2 1,West,3,2,7
2,5,13,3,2654.31,2 1,North,3,2,7
2,5,13,2,2654.961,1 1,North,3,2,7
2,5,13,1,2655.615,1 1,West,3,2,7
2,5,13,2,2656.148,1 0,West,3,2,7
2,5,13,1,2656.743,1 0,South,3,2,7
2,5,13,2,2657.378,2 0,South,3,2,7
2,5,13,2,2658.014,3 0,South,3,2,7
2,5,13,2,2658.559,3 0,South,3,2,8
2,5,13,2,2658.738,3 0,South,3,2,9
2,5,13,1,2659.06,3 0,East,3,2,9
2,5,13,2,2659.667,3 1,East,3,2,9
2,5,13,3,2660.213,3 1,South,3,2,9
2,5,13,2,2660.836,3 1,South,3,2,10
2,5,13,1,2661.313,3 1,East,3,2,10
2,5,13,2,2662.177,3 2,East,3,2,10
2,5,13,3,2662.738,3 2,South,3,2,10
2,5,13,2,2663.299,4 2,South,3,2,10
2,5,13,1,2663.876,4 2,East,3,2,10
2,5,13,2,2664.454,4 3,East,3,2,10
2,5,13,2,2665.135,4 4,East,3,2,10
2,5,13,1,2665.713,4 4,North,3,2,10
2,5,13,2,2666.448,3 4,North,3,2,10
2,5,13,2,2668.583,3 4,North,3,2,11
2,5,13,1,2669.087,3 4,West,3,2,11
2,5,13,2,2670.003,3 3,West,3,2,11
2,5,13,3,2670.692,3 3,North,3,2,11
2,5,13,2,2671.215,2 3,North,3,2,11
2,5,13,2,2671.796,1 3,North,3,2,11
2,5,13,2,2672.385,0 3,North,3,2,11
2,5,13,3,2672.96,0 3,East,3,2,11
2,5,13,2,2673.535,0 4,East,3,2,11
2,5,13,6,2673.94,0 4,East,3,3,11
2,5,13,3,2674.213,0 4,South,3,3,11
2,5,13,3,2674.774,0 4,West,3,3,11
2,5,13,2,2675.348,0 3,West,3,3,11
2,5,13,1,2676.326,0 3,South,3,3,11
2,5,13,2,2677.06,1 3,South,3,3,11
2,5,13,2,2677.679,2 3,South,3,3,11
2,5,13,2,2678.212,3 3,South,3,3,11
2,5,13,1,2678.834,3 3,East,3,3,11
2,5,13,2,2679.346,3 4,East,3,3,11
2,5,13,3,2679.952,3 4,South,3,3,11
2,5,13,2,2680.532,4 4,South,3,3,11
2,5,13,3,2681.091,4 4,West,3,3,11
2,5,13,2,2681.893,4 3,West,3,3,11
2,5,13,2,2682.818,4 2,West,3,3,11
2,5,13,3,2683.605,4 2,North,3,3,11
2,5,13,2,2684.199,3 2,North,3,3,11
2,5,13,1,2684.77,3 2,West,3,3,11
2,5,13,2,2685.78,3 1,West,3,3,11
2,5,13,6,2686.2,3 1,West,3,4,11
2,5,13,3,2686.387,3 1,North,3,4,11
2,5,13,1,2687.703,3 1,West,3,4,11
2,5,13,2,2688.222,3 0,West,3,4,11
2,5,13,3,2688.799,3 0,North,3,4,11
2,5,13,2,2689.443,2 0,North,3,4,11
2,5,13,2,2690.1,1 0,North,3,4,11
2,5,13,2,2690.71,1 0,North,3,4,12
2,5,13,3,2691.285,1 0,East,3,4,12
2,5,13,2,2692.194,1 1,East,3,4,12
2,5,13,3,2692.756,1 1,South,3,4,12
2,5,13,2,2693.279,2 1,South,3,4,12
2,5,13,1,2693.824,2 1,East,3,4,12
2,5,13,2,2694.367,2 2,East,3,4,12
2,5,13,1,2694.948,2 2,North,3,4,12
2,5,13,2,2695.534,1 2,North,3,4,12
2,5,13,2,2696.225,0 2,North,3,4,12
2,5,13,1,2696.848,0 2,West,3,4,12
2,5,13,2,2697.379,0 1,West,3,4,12
2,5,13,2,2698.096,0 0,West,3,4,12
2,5,13,6,2698.5,0 0,West,3,5,12
2,5,13,1,2698.758,0 0,South,3,5,12
2,5,13,1,2699.281,0 0,East,3,5,12
2,5,13,2,2699.846,0 1,East,3,5,12
2,5,13,2,2700.518,0 2,East,3,5,12
2,5,13,3,2701.086,0 2,South,3,5,12
2,5,13,2,2701.776,1 2,South,3,5,12
2,5,13,2,2702.391,2 2,South,3,5,12
2,5,13,3,2702.999,2 2,West,3,5,12
2,5,13,2,2703.621,2 1,West,3,5,12
2,5,13,3,2704.452,2 1,North,3,5,12
2,5,13,2,2705.381,1 1,North,3,5,12
2,5,13,1,2705.967,1 1,West,3,5,12
2,5,13,2,2706.661,1 0,West,3,5,12
2,5,13,1,2707.237,1 0,South,3,5,12
2,5,13,2,2707.925,2 0,South,3,5,12
2,5,13,2,2710.192,3 0,South,3,5,12
2,5,13,1,2710.773,3 0,East,3,5,12
2,5,13,2,2711.347,3 1,East,3,5,12
2,5,13,2,2711.983,3 2,East,3,5,12
2,5,13,3,2712.543,3 2,South,3,5,12
2,5,13,2,2713.237,4 2,South,3,5,12
2,5,13,6,2713.62,4 2,South,3,6,12
2,5,13,1,2713.78,4 2,East,3,6,12
2,5,13,1,2714.435,4 2,North,3,6,12
2,5,13,1,2715.119,4 2,West,3,6,12
2,5,13,3,2715.67,4 2,North,3,6,12
2,5,13,2,2716.327,3 2,North,3,6,12
2,5,13,1,2717.32,3 2,West,3,6,12
2,5,13,2,2717.907,3 1,West,3,6,12
2,5,13,2,2718.542,3 0,West,3,6,12
2,5,13,3,2719.36,3 0,North,3,6,12
2,5,13,2,2720.931,2 0,North,3,6,12
2,5,13,2,2722.259,1 0,North,3,6,12
2,5,13,6,2722.64,1 0,North,3,7,12
2,5,13,3,2722.993,1 0,East,3,7,12
2,5,13,3,2724.126,1 0,South,3,7,12
2,5,13,2,2724.804,2 0,South,3,7,12
2,5,13,2,2726.071,3 0,South,3,7,12
2,5,13,1,2726.657,3 0,East,3,7,12
2,5,13,2,2727.598,3 1,East,3,7,12
2,5,13,2,2728.263,3 2,East,3,7,12
2,5,13,3,2728.967,3 2,South,3,7,12
2,5,13,2,2729.554,4 2,South,3,7,12
2,5,13,1,2730.144,4 2,East,3,7,12
2,5,13,2,2730.767,4 3,East,3,7,12
2,5,13,2,2731.604,4 4,East,3,7,12
2,5,13,1,2732.167,4 4,North,3,7,12
2,5,13,2,2732.783,3 4,North,3,7,12
2,5,13,1,2733.3,3 4,West,3,7,12
2,5,13,2,2733.872,3 3,West,3,7,12
2,5,13,3,2734.386,3 3,North,3,7,12
2,5,13,2,2734.915,2 3,North,3,7,12
2,5,13,2,2735.458,1 3,North,3,7,12
2,5,13,2,2735.985,0 3,North,3,7,12
2,5,13,3,2736.928,0 3,East,3,7,12
2,5,13,2,2737.89,0 4,East,3,7,12
2,5,13,3,2738.416,0 4,South,3,7,12
2,5,13,2,2738.93,1 4,South,3,7,12
2,5,13,2,2739.81,2 4,South,3,7,12
2,5,13,6,2740.18,2 4,South,3,8,12
0,5,14,2,2743.27,3 4,North,3,0,12
0,5,14,1,2743.953,3 4,West,3,0,12
0,5,14,2,2744.56,3 3,West,3,0,12
0,5,14,3,2745.217,3 3,North,3,0,12
0,5,14,2,2745.73,2 3,North,3,0,12
0,5,14,6,2746.12,2 3,North,3,1,12
0,5,14,2,2746.609,1 3,North,3,1,12
0,5,14,2,2747.217,0 3,North,3,1,12
0,5,14,3,2747.887,0 3,East,3,1,12
0,5,14,3,2748.481,0 3,South,3,1,12
0,5,14,1,2749.173,0 3,East,3,1,12
0,5,14,2,2749.72,0 4,East,3,1,12
0,5,14,3,2750.385,0 4,South,3,1,12
0,5,14,3,2750.964,0 4,West,3,1,12
0,5,14,2,2751.632,0 3,West,3,1,12
0,5,14,1,2752.293,0 3,South,3,1,12
0,5,14,2,2752.885,1 3,South,3,1,12
0,5,14,2,2753.491,2 3,South,3,1,12
0,5,14,2,2754.306,3 3,South,3,1,12
0,5,14,1,2755.025,3 3,East,3,1,12
0,5,14,2,2755.57,3 4,East,3,1,12
0,5,14,3,2756.403,3 4,South,3,1,12
0,5,14,2,2757.328,4 4,South,3,1,12
0,5,14,3,2757.92,4 4,West,3,1,12
0,5,14,2,2758.533,4 3,West,3,1,12
0,5,14,2,2759.22,4 2,West,3,1,12
0,5,14,2,2759.791,4 1,West,3,1,12
0,5,14,6,2760.2,4 1,West,3,2,12
0,5,14,3,2760.303,4 1,North,3,2,12
0,5,14,3,2760.865,4 1,East,3,2,12
0,5,14,2,2761.413,4 2,East,3,2,12
0,5,14,1,2762.001,4 2,North,3,2,12
0,5,14,2,2762.61,3 2,North,3,2,12
0,5,14,1,2763.27,3 2,West,3,2,12
0,5,14,2,2763.97,3 1,West,3,2,12
0,5,14,2,2764.721,3 0,West,3,2,12
0,5,14,3,2765.299,3 0,North,3,2,12
0,5,14,2,2765.905,2 0,North,3,2,12
0,5,14,2,2766.5,1 0,North,3,2,12
0,5,14,6,2766.88,1 0,North,3,3,12
0,5,14,3,2767.134,1 0,East,3,3,12
0,5,14,2,2767.876,1 1,East,3,3,12
0,5,14,3,2768.529,1 1,South,3,3,12
0,5,14,2,2769.396,2 1,South,3,3,12
0,5,14,1,2770.223,2 1,East,3,3,12
0,5,14,2,2770.836,2 2,East,3,3,12
0,5,14,1,2771.43,2 2,North,3,3,12
0,5,14,2,2771.952,1 2,North,3,3,12
0,5,14,1,2772.674,1 2,West,3,3,12
0,5,14,2,2773.587,1 2,West,3,3,12
0,5,14,3,2773.87,1 2,North,3,3,12
0,5,14,2,2774.497,0 2,North,3,3,12
0,5,14,1,2775.134,0 2,West,3,3,12
0,5,14,1,2775.764,0 2,South,3,3,12
0,5,14,2,2776.513,1 2,South,3,3,12
0,5,14,2,2777.686,2 2,South,3,3,12
0,5,14,3,2778.244,2 2,West,3,3,12
0,5,14,2,2778.896,2 1,West,3,3,12
0,5,14,3,2779.555,2 1,North,3,3,12
0,5,14,2,2780.112,1 1,North,3,3,12
0,5,14,1,2780.693,1 1,West,3,3,12
0,5,14,2,2781.234,1 0,West,3,3,12
0,5,14,1,2781.747,1 0,South,3,3,12
0,5,14,2,2782.321,2 0,South,3,3,12
0,5,14,2,2782.838,3 0,South,3,3,12
0,5,14,1,2783.392,3 0,East,3,3,12
0,5,14,2,2784.04,3 1,East,3,3,12
0,5,14,6,2784.44,3 1,East,3,4,12
0,5,14,2,2784.562,3 2,East,3,4,12
0,5,14,3,2785.126,3 2,South,3,4,12
0,5,14,2,2785.763,4 2,South,3,4,12
0,5,14,6,2786.14,4 2,South,3,5,12
0,5,14,1,2786.353,4 2,East,3,5,12
0,5,14,2,2786.864,4 3,East,3,5,12
0,5,14,6,2787.28,4 3,East,3,6,12
0,5,14,2,2787.553,4 4,East,3,6,12
0,5,14,1,2788.096,4 4,North,3,6,12
0,5,14,2,2788.787,3 4,North,3,6,12
0,5,14,1,2789.358,3 4,West,3,6,12
0,5,14,2,2789.893,3 3,West,3,6,12
0,5,14,3,2790.567,3 3,North,3,6,12
0,5,14,2,2791.188,2 3,North,3,6,12
0,5,14,2,2791.729,1 3,North,3,6,12
0,5,14,2,2792.388,0 3,North,3,6,12
0,5,14,3,2792.928,0 3,East,3,6,12
0,5,14,2,2793.505,0 4,East,3,6,12
0,5,14,3,2794.143,0 4,South,3,6,12
0,5,14,3,2794.788,0 4,West,3,6,12
0,5,14,2,2795.328,0 3,West,3,6,12
0,5,14,1,2796.384,0 3,South,3,6,12
0,5,14,2,2797.061,1 3,South,3,6,12
0,5,14,2,2797.598,2 3,South,3,6,12
0,5,14,2,2798.126,3 3,South,3,6,12
0,5,14,1,2798.64,3 3,East,3,6,12
0,5,14,2,2799.303,3 4,East,3,6,12
0,5,14,3,2799.843,3 4,South,3,6,12
0,5,14,2,2800.447,4 4,South,3,6,12
0,5,14,3,2801.056,4 4,West,3,6,12
0,5,14,2,2801.591,4 3,West,3,6,12
0,5,14,2,2802.115,4 2,West,3,6,12
0,5,14,3,2802.628,4 2,North,3,6,12
0,5,14,2,2803.16,3 2,North,3,6,12
0,5,14,1,2804.132,3 2,West,3,6,12
0,5,14,2,2804.782,3 1,West,3,6,12
0,5,14,2,2805.346,3 0,West,3,6,12
0,5,14,3,2805.976,3 0,North,3,6,12
0,5,14,2,2806.583,2 0,North,3,6,12
0,5,14,2,2807.127,1 0,North,3,6,12
0,5,14,3,2807.652,1 0,East,3,6,12
0,5,14,2,2808.273,1 1,East,3,6,12
0,5,14,3,2808.785,1 1,South,3,6,12
0,5,14,2,2809.358,2 1,South,3,6,12
0,5,14,1,2809.874,2 1,East,3,6,12
0,5,14,2,2810.448,2 2,East,3,6,12
0,5,14,6,2810.86,2 2,East,3,7,12
0,5,14,1,2811.058,2 2,North,3,7,12
0,5,14,2,2811.799,1 2,North,3,7,12
0,5,14,2,2812.37,0 2,North,3,7,12
0,5,14,1,2812.915,0 2,West,3,7,12
0,5,14,1,2813.557,0 2,South,3,7,12
0,5,14,2,2814.355,1 2,South,3,7,12
0,5,14,2,2815.108,2 2,South,3,7,12
0,5,14,3,2815.888,2 2,West,3,7,12
0,5,14,2,2816.464,2 1,West,3,7,12
0,5,14,3,2817.006,2 1,North,3,7,12
0,5,14,2,2817.519,1 1,North,3,7,12
0,5,14,1,2818.098,1 1,West,3,7,12
0,5,14,2,2818.63,1 0,West,3,7,12
0,5,14,1,2819.138,1 0,South,3,7,12
0,5,14,2,2820.178,2 0,South,3,7,12
0,5,14,2,2820.751,3 0,South,3,7,12
0,5,14,1,2821.412,3 0,East,3,7,12
0,5,14,2,2822.082,3 1,East,3,7,12
0,5,14,2,2822.593,3 2,East,3,7,12
0,5,14,3,2823.583,3 2,South,3,7,12
0,5,14,2,2824.247,4 2,South,3,7,12
0,5,14,1,2824.83,4 2,East,3,7,12
0,5,14,2,2825.361,4 3,East,3,7,12
0,5,14,2,2825.907,4 4,East,3,7,12
0,5,14,1,2826.418,4 4,North,3,7,12
0,5,14,2,2827.03,3 4,North,3,7,12
0,5,14,1,2827.649,3 4,West,3,7,12
0,5,14,2,2828.295,3 3,West,3,7,12
0,5,14,3,2828.815,3 3,North,3,7,12
0,5,14,2,2829.414,2 3,North,3,7,12
0,5,14,2,2829.954,1 3,North,3,7,12
0,5,14,2,2830.47,0 3,North,3,7,12
0,5,14,3,2831.04,0 3,East,3,7,12
0,5,14,3,2831.767,0 3,South,3,7,12
0,5,14,1,2832.43,0 3,East,3,7,12
0,5,14,2,2833.056,0 4,East,3,7,12
0,5,14,3,2833.599,0 4,South,3,7,12
0,5,14,3,2834.223,0 4,West,3,7,12
0,5,14,2,2834.737,0 3,West,3,7,12
0,5,14,1,2835.254,0 3,South,3,7,12
0,5,14,2,2835.941,1 3,South,3,7,12
0,5,14,2,2836.497,2 3,South,3,7,12
0,5,14,2,2837.107,3 3,South,3,7,12
0,5,14,1,2837.671,3 3,East,3,7,12
0,5,14,2,2838.211,3 4,East,3,7,12
0,5,14,3,2838.864,3 4,South,3,7,12
0,5,14,2,2839.397,4 4,South,3,7,12
0,5,14,3,2840.033,4 4,West,3,7,12
0,5,14,2,2840.564,4 3,West,3,7,12
0,5,14,2,2841.118,4 2,West,3,7,12
0,5,14,2,2841.668,4 1,West,3,7,12
0,5,14,2,2842.211,4 0,West,3,7,12
0,5,14,6,2842.62,4 0,West,3,8,12
2,5,14,2,2848.959,3 4,North,3,0,0
2,5,14,1,2849.586,3 4,West,3,0,0
2,5,14,2,2850.247,3 3,West,3,0,0
2,5,14,3,2850.818,3 3,North,3,0,0
2,5,14,2,2851.445,2 3,North,3,0,0
2,5,14,6,2851.82,2 3,North,3,1,0
2,5,14,3,2852.519,2 3,East,3,1,0
2,5,14,3,2853.173,2 3,South,3,1,0
2,5,14,2,2853.823,3 3,South,3,1,0
2,5,14,1,2854.446,3 3,East,3,1,0
2,5,14,2,2855.054,3 4,East,3,1,0
2,5,14,3,2855.795,3 4,South,3,1,0
2,5,14,2,2856.436,4 4,South,3,1,0
2,5,14,3,2856.994,4 4,West,3,1,0
2,5,14,2,2857.797,4 3,West,3,1,0
2,5,14,2,2858.357,4 2,West,3,1,0
2,5,14,2,2858.872,4 1,West,3,1,0
2,5,14,6,2859.28,4 1,West,3,2,0
2,5,14,3,2859.495,4 1,North,3,2,0
2,5,14,3,2860.338,4 1,East,3,2,0
2,5,14,2,2861.142,4 2,East,3,2,0
2,5,14,2,2861.734,4 3,East,3,2,0
2,5,14,2,2862.771,4 4,East,3,2,0
2,5,14,1,2863.33,4 4,North,3,2,0
2,5,14,1,2864.047,4 4,West,3,2,0
2,5,14,2,2864.708,4 3,West,3,2,0
2,5,14,2,2865.422,4 2,West,3,2,0
2,5,14,3,2866.021,4 2,North,3,2,0
2,5,14,2,2866.659,3 2,North,3,2,0
2,5,14,1,2867.95,3 2,West,3,2,0
2,5,14,2,2869.202,3 1,West,3,2,0
2,5,14,2,2870.387,3 0,West,3,2,0
2,5,14,3,2870.992,3 0,North,3,2,0
2,5,14,2,2871.59,2 0,North,3,2,0
2,5,14,2,2872.286,1 0,North,3,2,0
2,5,14,3,2872.82,1 0,East,3,2,0
2,5,14,2,2873.425,1 1,East,3,2,0
2,5,14,3,2874.389,1 1,South,3,2,0
2,5,14,2,2874.93,2 1,South,3,2,0
2,5,14,1,2875.602,2 1,East,3,2,0
2,5,14,2,2876.166,2 2,East,3,2,0
2,5,14,6,2876.58,2 2,East,3,3,0
2,5,14,1,2876.865,2 2,North,3,3,0
2,5,14,1,2877.488,2 2,West,3,3,0
2,5,14,2,2878.43,2 1,West,3,3,0
2,5,14,3,2878.942,2 1,North,3,3,0
2,5,14,2,2880.528,1 1,North,3,3,0
2,5,14,1,2881.086,1 1,West,3,3,0
2,5,14,2,2881.695,1 0,West,3,3,0
2,5,14,1,2882.278,1 0,South,3,3,0
2,5,14,2,2882.962,2 0,South,3,3,0
2,5,14,2,2886.614,3 0,South,3,3,0
2,5,14,1,2887.216,3 0,East,3,3,0
2,5,14,2,2888.196,3 1,East,3,3,0
2,5,14,2,2888.853,3 2,East,3,3,0
2,5,14,3,2889.438,3 2,South,3,3,0
2,5,14,2,2890.046,4 2,South,3,3,0
2,5,14,3,2890.632,4 2,West,3,3,0
2,5,14,2,2891.222,4 1,West,3,3,0
2,5,14,2,2891.89,4 0,West,3,3,0
2,5,14,6,2892.3,4 0,West,3,4,0
2,5,14,1,2892.45,4 0,South,3,4,0
2,5,14,1,2893.086,4 0,East,3,4,0
2,5,14,2,2894.1,4 1,East,3,4,0
2,5,14,2,2894.738,4 2,East,3,4,0
2,5,14,1,2895.396,4 2,North,3,4,0
2,5,14,2,2896.016,3 2,North,3,4,0
2,5,14,6,2896.4,3 2,North,3,5,0
2,5,14,1,2896.548,3 2,West,3,5,0
2,5,14,2,2897.252,3 1,West,3,5,0
2,5,14,3,2897.829,3 1,North,3,5,0
2,5,14,1,2898.719,3 1,West,3,5,0
2,5,14,2,2899.943,3 0,West,3,5,0
2,5,14,3,2900.626,3 0,North,3,5,0
2,5,14,2,2901.222,2 0,North,3,5,0
2,5,14,2,2901.886,1 0,North,3,5,0
2,5,14,3,2902.517,1 0,East,3,5,0
2,5,14,2,2903.12,1 1,East,3,5,0
2,5,14,3,2903.635,1 1,South,3,5,0
2,5,14,2,2904.244,2 1,South,3,5,0
2,5,14,6,2904.62,2 1,South,3,6,0
2,5,14,1,2904.85,2 1,East,3,6,0
2,5,14,1,2905.681,2 1,North,3,6,0
2,5,14,3,2907.954,2 1,East,3,6,0
2,5,14,2,2908.914,2 2,East,3,6,0
2,5,14,1,2909.583,2 2,North,3,6,0
2,5,14,2,2910.463,1 2,North,3,6,0
2,5,14,2,2911.122,0 2,North,3,6,0
2,5,14,6,2911.5,0 2,North,3,7,0
2,5,14,1,2911.67,0 2,West,3,7,0
2,5,14,1,2912.238,0 2,South,3,7,0
2,5,14,2,2913.077,1 2,South,3,7,0
2,5,14,2,2913.828,2 2,South,3,7,0
2,5,14,3,2914.371,2 2,West,3,7,0
2,5,14,2,2914.976,2 1,West,3,7,0
2,5,14,3,2918.181,2 1,North,3,7,0
2,5,14,2,2919.35,1 1,North,3,7,0
2,5,14,1,2920.034,1 1,West,3,7,0
2,5,14,2,2921.135,1 0,West,3,7,0
2,5,14,1,2921.855,1 0,South,3,7,0
2,5,14,2,2922.742,2 0,South,3,7,0
2,5,14,2,2923.41,3 0,South,3,7,0
2,5,14,1,2923.921,3 0,East,3,7,0
2,5,14,2,2924.774,3 1,East,3,7,0
2,5,14,2,2925.412,3 2,East,3,7,0
2,5,14,3,2926.081,3 2,South,3,7,0
2,5,14,2,2926.736,4 2,South,3,7,0
2,5,14,1,2927.312,4 2,East,3,7,0
2,5,14,2,2928.799,4 3,East,3,7,0
2,5,14,2,2929.461,4 4,East,3,7,0
2,5,14,1,2930.117,4 4,North,3,7,0
2,5,14,2,2931.939,3 4,North,3,7,0
2,5,14,6,2932.32,3 4,North,3,8,0
0,5,15,2,2935.502,3 4,North,3,0,0
0,5,15,1,2936.062,3 4,West,3,0,0
0,5,15,1,2936.58,3 4,South,3,0,0
0,5,15,2,2937.223,4 4,South,3,0,0
0,5,15,3,2937.791,4 4,West,3,0,0
0,5,15,3,2938.417,4 4,North,3,0,0
0,5,15,2,2938.959,3 4,North,3,0,0
0,5,15,1,2939.614,3 4,West,3,0,0
0,5,15,2,2940.225,3 3,West,3,0,0
0,5,15,3,2940.75,3 3,North,3,0,0
0,5,15,2,2941.329,2 3,North,3,0,0
0,5,15,2,2942.181,1 3,North,3,0,0
0,5,15,2,2942.808,0 3,North,3,0,0
0,5,15,3,2943.918,0 3,East,3,0,0
0,5,15,2,2944.528,0 4,East,3,0,0
0,5,15,3,2945.119,0 4,South,3,0,0
0,5,15,2,2945.712,1 4,South,3,0,0
0,5,15,6,2946.1,1 4,South,3,1,0
0,5,15,3,2946.334,1 4,West,3,1,0
0,5,15,3,2946.943,1 4,North,3,1,0
0,5,15,2,2947.556,0 4,North,3,1,0
0,5,15,1,2948.097,0 4,West,3,1,0
0,5,15,2,2948.692,0 3,West,3,1,0
0,5,15,6,2949.1,0 3,West,3,2,0
0,5,15,1,2949.326,0 3,South,3,2,0
0,5,15,2,2949.873,1 3,South,3,2,0
0,5,15,2,2950.401,2 3,South,3,2,0
0,5,15,2,2950.925,3 3,South,3,2,0
0,5,15,1,2951.438,3 3,East,3,2,0
0,5,15,2,2952.102,3 4,East,3,2,0
0,5,15,3,2952.704,3 4,South,3,2,0
0,5,15,2,2953.349,4 4,South,3,2,0
0,5,15,3,2953.974,4 4,West,3,2,0
0,5,15,2,2954.543,4 3,West,3,2,0
0,5,15,2,2955.057,4 2,West,3,2,0
0,5,15,3,2955.653,4 2,North,3,2,0
0,5,15,2,2956.261,3 2,North,3,2,0
0,5,15,1,2956.883,3 2,West,3,2,0
0,5,15,2,2957.422,3 1,West,3,2,0
0,5,15,2,2957.97,3 0,West,3,2,0
0,5,15,3,2958.757,3 0,North,3,2,0
0,5,15,2,2959.265,2 0,North,3,2,0
0,5,15,2,2959.825,1 0,North,3,2,0
0,5,15,3,2960.387,1 0,East,3,2,0
0,5,15,2,2961.31,1 1,East,3,2,0
0,5,15,6,2961.72,1 1,East,3,3,0
0,5,15,3,2961.951,1 1,South,3,3,0
0,5,15,2,2962.533,2 1,South,3,3,0
0,5,15,3,2963.222,2 1,West,3,3,0
0,5,15,3,2963.844,2 1,North,3,3,0
0,5,15,2,2964.431,1 1,North,3,3,0
0,5,15,1,2964.98,1 1,West,3,3,0
0,5,15,2,2965.711,1 0,West,3,3,0
0,5,15,1,2966.242,1 0,South,3,3,0
0,5,15,2,2966.852,2 0,South,3,3,0
0,5,15,2,2967.472,3 0,South,3,3,0
0,5,15,6,2967.84,3 0,South,3,4,0
0,5,15,1,2968.031,3 0,East,3,4,0
0,5,15,1,2968.672,3 0,North,3,4,0
0,5,15,2,2969.296,2 0,North,3,4,0
0,5,15,2,2970.262,1 0,North,3,4,0
0,5,15,3,2970.786,1 0,East,3,4,0
0,5,15,2,2971.379,1 1,East,3,4,0
0,5,15,3,2971.984,1 1,South,3,4,0
0,5,15,2,2972.664,2 1,South,3,4,0
0,5,15,6,2973.04,2 1,South,3,5,0
0,5,15,1,2973.23,2 1,East,3,5,0
0,5,15,2,2973.793,2 2,East,3,5,0
0,5,15,1,2974.417,2 2,North,3,5,0
0,5,15,2,2975.059,1 2,North,3,5,0
0,5,15,2,2975.618,0 2,North,3,5,0
0,5,15,6,2976,0 2,North,3,6,0
0,5,15,1,2976.208,0 2,West,3,6,0
0,5,15,1,2976.738,0 2,South,3,6,0
0,5,15,2,2977.361,1 2,South,3,6,0
0,5,15,2,2977.908,2 2,South,3,6,0
0,5,15,3,2978.453,2 2,West,3,6,0
0,5,15,2,2979.301,2 1,West,3,6,0
0,5,15,3,2979.938,2 1,North,3,6,0
0,5,15,2,2980.516,1 1,North,3,6,0
0,5,15,1,2981.215,1 1,West,3,6,0
0,5,15,2,2981.843,1 0,West,3,6,0
0,5,15,1,2982.756,1 0,South,3,6,0
0,5,15,2,2983.298,2 0,South,3,6,0
0,5,15,6,2983.68,2 0,South,3,7,0
0,5,15,2,2983.828,3 0,South,3,7,0
0,5,15,1,2984.518,3 0,East,3,7,0
0,5,15,2,2985.089,3 1,East,3,7,0
0,5,15,2,2985.6,3 2,East,3,7,0
0,5,15,3,2986.148,3 2,South,3,7,0
0,5,15,2,2986.659,4 2,South,3,7,0
0,5,15,3,2987.487,4 2,West,3,7,0
0,5,15,1,2988.115,4 2,South,3,7,0
0,5,15,1,2988.964,4 2,East,3,7,0
0,5,15,2,2989.477,4 3,East,3,7,0
0,5,15,2,2990.032,4 4,East,3,7,0
0,5,15,1,2990.782,4 4,North,3,7,0
0,5,15,2,2991.333,3 4,North,3,7,0
0,5,15,1,2991.89,3 4,West,3,7,0
0,5,15,2,2992.514,3 3,West,3,7,0
0,5,15,3,2993.155,3 3,North,3,7,0
0,5,15,2,2993.839,2 3,North,3,7,0
0,5,15,2,2994.367,1 3,North,3,7,0
0,5,15,2,2995.791,0 3,North,3,7,0
0,5,15,3,2996.374,0 3,East,3,7,0
0,5,15,3,2997.236,0 3,South,3,7,0
0,5,15,1,2997.749,0 3,East,3,7,0
0,5,15,2,2998.275,0 4,East,3,7,0
0,5,15,3,2998.789,0 4,South,3,7,0
0,5,15,2,2999.314,1 4,South,3,7,0
0,5,15,2,2999.939,2 4,South,3,7,0
0,5,15,6,3000.32,2 4,South,3,8,0
2,5,15,2,3003.506,3 4,North,3,0,0
2,5,15,1,3004.131,3 4,West,3,0,0
2,5,15,2,3005.011,3 3,West,3,0,0
2,5,15,3,3005.717,3 3,North,3,0,0
2,5,15,2,3006.287,2 3,North,3,0,0
2,5,15,2,3006.87,1 3,North,3,0,0
2,5,15,2,3007.872,0 3,North,3,0,0
2,5,15,3,3008.486,0 3,East,3,0,0
2,5,15,2,3009.172,0 4,East,3,0,0
2,5,15,3,3009.713,0 4,South,3,0,0
2,5,15,2,3010.374,1 4,South,3,0,0
2,5,15,2,3011.235,2 4,South,3,0,0
2,5,15,6,3011.62,2 4,South,3,1,0
2,5,15,1,3011.935,2 4,East,3,1,0
2,5,15,1,3012.453,2 4,North,3,1,0
2,5,15,2,3013.153,1 4,North,3,1,0
2,5,15,2,3013.814,0 4,North,3,1,0
2,5,15,1,3014.342,0 4,West,3,1,0
2,5,15,2,3014.933,0 3,West,3,1,0
2,5,15,6,3015.34,0 3,West,3,2,0
2,5,15,1,3015.456,0 3,South,3,2,0
2,5,15,2,3016.511,1 3,South,3,2,0
2,5,15,2,3017.711,2 3,South,3,2,0
2,5,15,1,3019.024,2 3,East,3,2,0
2,5,15,3,3019.813,2 3,South,3,2,0
2,5,15,2,3021.746,3 3,South,3,2,0
2,5,15,1,3022.374,3 3,East,3,2,0
2,5,15,2,3022.943,3 4,East,3,2,0
2,5,15,3,3023.509,3 4,South,3,2,0
2,5,15,2,3024.02,4 4,South,3,2,0
2,5,15,3,3024.609,4 4,West,3,2,0
2,5,15,2,3025.267,4 3,West,3,2,0
2,5,15,2,3025.827,4 2,West,3,2,0
2,5,15,2,3027.511,4 1,West,3,2,0
2,5,15,3,3028.398,4 1,North,3,2,0
2,5,15,2,3029.014,4 1,North,3,2,1
2,5,15,1,3029.551,4 1,West,3,2,1
2,5,15,3,3030.896,4 1,North,3,2,1
2,5,15,3,3031.502,4 1,East,3,2,1
2,5,15,2,3032.086,4 2,East,3,2,1
2,5,15,1,3032.608,4 2,North,3,2,1
2,5,15,2,3033.2,3 2,North,3,2,1
2,5,15,1,3033.734,3 2,West,3,2,1
2,5,15,2,3034.422,3 1,West,3,2,1
2,5,15,2,3035.136,3 0,West,3,2,1
2,5,15,6,3035.54,3 0,West,3,3,1
2,5,15,3,3035.766,3 0,North,3,3,1
2,5,15,3,3036.337,3 0,East,3,3,1
2,5,15,1,3036.9,3 0,North,3,3,1
2,5,15,2,3037.551,2 0,North,3,3,1
2,5,15,2,3038.148,1 0,North,3,3,1
2,5,15,3,3038.769,1 0,East,3,3,1
2,5,15,2,3039.461,1 1,East,3,3,1
2,5,15,3,3039.989,1 1,South,3,3,1
2,5,15,2,3040.549,2 1,South,3,3,1
2,5,15,6,3040.94,2 1,South,3,4,1
2,5,15,1,3041.089,2 1,East,3,4,1
2,5,15,1,3041.698,2 1,North,3,4,1
2,5,15,2,3042.34,1 1,North,3,4,1
2,5,15,1,3042.966,1 1,West,3,4,1
2,5,15,2,3043.603,1 0,West,3,4,1
2,5,15,1,3044.228,1 0,South,3,4,1
2,5,15,2,3044.914,2 0,South,3,4,1
2,5,15,2,3045.568,3 0,South,3,4,1
2,5,15,1,3046.321,3 0,East,3,4,1
2,5,15,2,3047.296,3 1,East,3,4,1
2,5,15,2,3047.842,3 2,East,3,4,1
2,5,15,3,3048.756,3 2,South,3,4,1
2,5,15,2,3049.278,4 2,South,3,4,1
2,5,15,1,3049.873,4 2,East,3,4,1
2,5,15,2,3050.503,4 3,East,3,4,1
2,5,15,6,3050.92,4 3,East,3,5,1
2,5,15,1,3051.157,4 3,North,3,5,1
2,5,15,1,3052.068,4 3,West,3,5,1
2,5,15,2,3052.659,4 2,West,3,5,1
2,5,15,3,3053.233,4 2,North,3,5,1
2,5,15,2,3053.766,3 2,North,3,5,1
2,5,15,2,3054.354,3 2,North,3,5,2
2,5,15,1,3054.822,3 2,West,3,5,2
2,5,15,2,3055.616,3 1,West,3,5,2
2,5,15,2,3056.309,3 0,West,3,5,2
2,5,15,3,3056.992,3 0,North,3,5,2
2,5,15,2,3057.694,2 0,North,3,5,2
2,5,15,2,3058.707,1 0,North,3,5,2
2,5,15,3,3059.703,1 0,East,3,5,2
2,5,15,2,3060.222,1 1,East,3,5,2
2,5,15,3,3060.774,1 1,South,3,5,2
2,5,15,2,3061.288,2 1,South,3,5,2
2,5,15,1,3061.911,2 1,East,3,5,2
2,5,15,2,3062.74,2 2,East,3,5,2
2,5,15,1,3063.398,2 2,North,3,5,2
2,5,15,2,3064.04,1 2,North,3,5,2
2,5,15,2,3064.598,0 2,North,3,5,2
2,5,15,1,3065.173,0 2,West,3,5,2
2,5,15,2,3065.925,0 1,West,3,5,2
2,5,15,6,3066.34,0 1,West,3,6,2
2,5,15,1,3066.516,0 1,South,3,6,2
2,5,15,1,3067.189,0 1,East,3,6,2
2,5,15,2,3067.8,0 2,East,3,6,2
2,5,15,3,3068.385,0 2,South,3,6,2
2,5,15,2,3069.022,1 2,South,3,6,2
2,5,15,2,3069.669,2 2,South,3,6,2
2,5,15,3,3070.239,2 2,West,3,6,2
2,5,15,2,3071.279,2 1,West,3,6,2
2,5,15,3,3071.815,2 1,North,3,6,2
2,5,15,2,3072.438,1 1,North,3,6,2
2,5,15,1,3073.106,1 1,West,3,6,2
2,5,15,2,3073.664,1 0,West,3,6,2
2,5,15,1,3074.467,1 0,South,3,6,2
2,5,15,2,3075.06,2 0,South,3,6,2
2,5,15,2,3075.666,3 0,South,3,6,2
2,5,15,1,3076.224,3 0,East,3,6,2
2,5,15,2,3076.74,3 1,East,3,6,2
2,5,15,2,3077.271,3 2,East,3,6,2
2,5,15,3,3078.12,3 2,South,3,6,2
2,5,15,2,3078.992,4 2,South,3,6,2
2,5,15,1,3079.508,4 2,East,3,6,2
2,5,15,2,3080.277,4 3,East,3,6,2
2,5,15,2,3080.807,4 4,East,3,6,2
2,5,15,1,3081.509,4 4,North,3,6,2
2,5,15,2,3082.067,3 4,North,3,6,2
2,5,15,1,3082.69,3 4,West,3,6,2
2,5,15,2,3083.573,3 3,West,3,6,2
2,5,15,3,3084.144,3 3,North,3,6,2
2,5,15,2,3084.885,2 3,North,3,6,2
2,5,15,2,3085.526,1 3,North,3,6,2
2,5,15,2,3086.111,0 3,North,3,6,2
2,5,15,3,3086.625,0 3,East,3,6,2
2,5,15,2,3087.216,0 4,East,3,6,2
2,5,15,3,3087.823,0 4,South,3,6,2
2,5,15,2,3088.355,1 4,South,3,6,2
2,5,15,6,3088.74,1 4,South,3,7,2
2,5,15,3,3089.062,1 4,West,3,7,2
2,5,15,3,3089.634,1 4,North,3,7,2
2,5,15,2,3090.164,0 4,North,3,7,2
2,5,15,1,3090.787,0 4,West,3,7,2
2,5,15,2,3091.7,0 3,West,3,7,2
2,5,15,1,3092.209,0 3,South,3,7,2
2,5,15,2,3092.99,1 3,South,3,7,2
2,5,15,2,3093.62,2 3,South,3,7,2
2,5,15,2,3094.307,3 3,South,3,7,2
2,5,15,1,3094.949,3 3,East,3,7,2
2,5,15,2,3095.903,3 4,East,3,7,2
2,5,15,2,3096.496,3 4,East,3,7,2
2,5,15,3,3096.692,3 4,South,3,7,2
2,5,15,2,3097.247,4 4,South,3,7,2
2,5,15,3,3097.846,4 4,West,3,7,2
2,5,15,2,3098.415,4 3,West,3,7,2
2,5,15,2,3099.07,4 2,West,3,7,2
2,5,15,3,3099.892,4 2,North,3,7,2
2,5,15,2,3100.482,3 2,North,3,7,2
2,5,15,1,3101.073,3 2,West,3,7,2
2,5,15,2,3101.798,3 1,West,3,7,2
2,5,15,2,3102.358,3 0,West,3,7,2
2,5,15,3,3102.961,3 0,North,3,7,2
2,5,15,2,3104.097,2 0,North,3,7,2
2,5,15,2,3105.445,1 0,North,3,7,2
2,5,15,3,3106.035,1 0,East,3,7,2
2,5,15,2,3106.688,1 1,East,3,7,2
2,5,15,6,3107.1,1 1,East,3,8,2
0,6,16,2,3110.548,3 4,North,3,0,2
0,6,16,1,3111.203,3 4,West,3,0,2
0,6,16,1,3111.813,3 4,South,3,0,2
0,6,16,2,3112.334,4 4,South,3,0,2
0,6,16,3,3112.917,4 4,West,3,0,2
0,6,16,3,3113.475,4 4,North,3,0,2
0,6,16,1,3114.068,4 4,West,3,0,2
0,6,16,2,3114.675,4 3,West,3,0,2
0,6,16,2,3115.333,4 2,West,3,0,2
0,6,16,3,3115.92,4 2,North,3,0,2
0,6,16,2,3116.51,3 2,North,3,0,2
0,6,16,1,3117.075,3 2,West,3,0,2
0,6,16,2,3117.623,3 1,West,3,0,2
0,6,16,2,3118.177,3 0,West,3,0,2
0,6,16,6,3118.58,3 0,West,3,1,2
0,6,16,3,3118.771,3 0,North,3,1,2
0,6,16,2,3119.426,2 0,North,3,1,2
0,6,16,2,3120.638,1 0,North,3,1,2
0,6,16,3,3121.248,1 0,East,3,1,2
0,6,16,2,3121.839,1 1,East,3,1,2
0,6,16,3,3122.478,1 1,South,3,1,2
0,6,16,2,3123.01,2 1,South,3,1,2
0,6,16,1,3123.539,2 1,East,3,1,2
0,6,16,2,3124.085,2 2,East,3,1,2
0,6,16,6,3124.5,2 2,East,3,2,2
0,6,16,1,3124.787,2 2,North,3,2,2
0,6,16,2,3125.39,1 2,North,3,2,2
0,6,16,1,3126.11,1 2,West,3,2,2
0,6,16,3,3126.928,1 2,North,3,2,2
0,6,16,2,3127.525,0 2,North,3,2,2
0,6,16,1,3128.126,0 2,West,3,2,2
0,6,16,1,3128.646,0 2,South,3,2,2
0,6,16,2,3129.22,1 2,South,3,2,2
0,6,16,2,3129.823,2 2,South,3,2,2
0,6,16,3,3130.389,2 2,West,3,2,2
0,6,16,2,3131.17,2 1,West,3,2,2
0,6,16,3,3131.808,2 1,North,3,2,2
0,6,16,2,3132.387,1 1,North,3,2,2
0,6,16,1,3133.04,1 1,West,3,2,2
0,6,16,2,3134.247,1 0,West,3,2,2
0,6,16,1,3134.8,1 0,South,3,2,2
0,6,16,2,3135.343,2 0,South,3,2,2
0,6,16,2,3135.986,3 0,South,3,2,2
0,6,16,1,3136.499,3 0,East,3,2,2
0,6,16,2,3137.158,3 1,East,3,2,2
0,6,16,2,3137.811,3 2,East,3,2,2
0,6,16,3,3138.479,3 2,South,3,2,2
0,6,16,2,3139.07,4 2,South,3,2,2
0,6,16,3,3139.854,4 2,West,3,2,2
0,6,16,1,3140.414,4 2,South,3,2,2
0,6,16,1,3140.944,4 2,East,3,2,2
0,6,16,2,3141.575,4 3,East,3,2,2
0,6,16,2,3142.127,4 4,East,3,2,2
0,6,16,1,3142.757,4 4,North,3,2,2
0,6,16,2,3143.438,3 4,North,3,2,2
0,6,16,1,3144.064,3 4,West,3,2,2
0,6,16,2,3144.64,3 3,West,3,2,2
0,6,16,3,3145.199,3 3,North,3,2,2
0,6,16,2,3145.822,2 3,North,3,2,2
0,6,16,2,3146.35,1 3,North,3,2,2
0,6,16,2,3146.882,0 3,North,3,2,2
0,6,16,6,3147.26,0 3,North,3,3,2
0,6,16,3,3147.539,0 3,East,3,3,2
0,6,16,2,3148.117,0 4,East,3,3,2
0,6,16,3,3148.689,0 4,South,3,3,2
0,6,16,3,3149.582,0 4,West,3,3,2
0,6,16,2,3150.15,0 3,West,3,3,2
0,6,16,1,3150.878,0 3,South,3,3,2
0,6,16,2,3151.445,1 3,South,3,3,2
0,6,16,2,3152.048,2 3,South,3,3,2
0,6,16,2,3152.656,3 3,South,3,3,2
0,6,16,1,3153.503,3 3,East,3,3,2
0,6,16,2,3154.069,3 4,East,3,3,2
0,6,16,3,3154.656,3 4,South,3,3,2
0,6,16,2,3155.203,4 4,South,3,3,2
0,6,16,3,3155.759,4 4,West,3,3,2
0,6,16,2,3156.432,4 3,West,3,3,2
0,6,16,2,3156.974,4 2,West,3,3,2
0,6,16,3,3157.487,4 2,North,3,3,2
0,6,16,2,3158.046,3 2,North,3,3,2
0,6,16,1,3158.783,3 2,West,3,3,2
0,6,16,2,3159.412,3 1,West,3,3,2
0,6,16,2,3160.016,3 0,West,3,3,2
0,6,16,3,3160.546,3 0,North,3,3,2
0,6,16,2,3161.107,2 0,North,3,3,2
0,6,16,6,3161.5,2 0,North,3,4,2
0,6,16,2,3161.765,1 0,North,3,4,2
0,6,16,3,3162.374,1 0,East,3,4,2
0,6,16,2,3162.965,1 1,East,3,4,2
0,6,16,3,3163.552,1 1,South,3,4,2
0,6,16,2,3164.182,2 1,South,3,4,2
0,6,16,1,3164.879,2 1,East,3,4,2
0,6,16,2,3165.502,2 2,East,3,4,2
0,6,16,1,3166.023,2 2,North,3,4,2
0,6,16,2,3166.558,1 2,North,3,4,2
0,6,16,2,3167.074,0 2,North,3,4,2
0,6,16,1,3167.679,0 2,West,3,4,2
0,6,16,1,3168.465,0 2,South,3,4,2
0,6,16,2,3169.01,1 2,South,3,4,2
0,6,16,2,3169.636,2 2,South,3,4,2
0,6,16,3,3170.149,2 2,West,3,4,2
0,6,16,2,3170.671,2 1,West,3,4,2
0,6,16,3,3171.184,2 1,North,3,4,2
0,6,16,2,3171.794,1 1,North,3,4,2
0,6,16,1,3172.4,1 1,West,3,4,2
0,6,16,2,3172.931,1 0,West,3,4,2
0,6,16,1,3173.632,1 0,South,3,4,2
0,6,16,2,3174.176,2 0,South,3,4,2
0,6,16,2,3174.787,3 0,South,3,4,2
0,6,16,1,3175.301,3 0,East,3,4,2
0,6,16,2,3175.826,3 1,East,3,4,2
0,6,16,2,3176.464,3 2,East,3,4,2
0,6,16,3,3177.167,3 2,South,3,4,2
0,6,16,2,3177.809,4 2,South,3,4,2
0,6,16,6,3178.2,4 2,South,3,5,2
0,6,16,1,3178.342,4 2,East,3,5,2
0,6,16,1,3179.026,4 2,North,3,5,2
0,6,16,1,3179.621,4 2,West,3,5,2
0,6,16,3,3180.334,4 2,North,3,5,2
0,6,16,3,3180.997,4 2,East,3,5,2
0,6,16,2,3181.539,4 3,East,3,5,2
0,6,16,2,3182.102,4 4,East,3,5,2
0,6,16,1,3182.674,4 4,North,3,5,2
0,6,16,1,3183.442,4 4,West,3,5,2
0,6,16,3,3184.126,4 4,North,3,5,2
0,6,16,2,3184.712,3 4,North,3,5,2
0,6,16,1,3185.412,3 4,West,3,5,2
0,6,16,2,3185.972,3 3,West,3,5,2
0,6,16,3,3186.575,3 3,North,3,5,2
0,6,16,2,3187.185,2 3,North,3,5,2
0,6,16,2,3187.711,1 3,North,3,5,2
0,6,16,2,3188.581,0 3,North,3,5,2
0,6,16,3,3189.183,0 3,East,3,5,2
0,6,16,2,3189.876,0 4,East,3,5,2
0,6,16,3,3190.484,0 4,South,3,5,2
0,6,16,2,3191.264,1 4,South,3,5,2
0,6,16,6,3191.64,1 4,South,3,6,2
0,6,16,3,3191.951,1 4,West,3,6,2
0,6,16,3,3192.544,1 4,North,3,6,2
0,6,16,2,3193.253,0 4,North,3,6,2
0,6,16,1,3194.019,0 4,West,3,6,2
0,6,16,1,3194.817,0 4,South,3,6,2
0,6,16,3,3195.476,0 4,West,3,6,2
0,6,16,2,3196.13,0 3,West,3,6,2
0,6,16,1,3196.944,0 3,South,3,6,2
0,6,16,2,3197.655,1 3,South,3,6,2
0,6,16,2,3198.183,2 3,South,3,6,2
0,6,16,2,3198.818,3 3,South,3,6,2
0,6,16,1,3199.394,3 3,East,3,6,2
0,6,16,2,3199.952,3 4,East,3,6,2
0,6,16,3,3200.526,3 4,South,3,6,2
0,6,16,2,3201.059,4 4,South,3,6,2
0,6,16,3,3201.64,4 4,West,3,6,2
0,6,16,2,3202.222,4 3,West,3,6,2
0,6,16,6,3202.64,4 3,West,3,7,2
0,6,16,2,3203.167,4 2,West,3,7,2
0,6,16,3,3203.806,4 2,North,3,7,2
0,6,16,2,3204.741,3 2,North,3,7,2
0,6,16,1,3205.407,3 2,West,3,7,2
0,6,16,2,3205.942,3 1,West,3,7,2
0,6,16,2,3206.466,3 0,West,3,7,2
0,6,16,3,3207.059,3 0,North,3,7,2
0,6,16,2,3207.602,2 0,North,3,7,2
0,6,16,2,3208.126,1 0,North,3,7,2
0,6,16,3,3208.738,1 0,East,3,7,2
0,6,16,2,3209.348,1 1,East,3,7,2
0,6,16,3,3209.893,1 1,South,3,7,2
0,6,16,2,3210.494,2 1,South,3,7,2
0,6,16,1,3211.03,2 1,East,3,7,2
0,6,16,2,3211.584,2 2,East,3,7,2
0,6,16,1,3212.131,2 2,North,3,7,2
0,6,16,2,3212.82,1 2,North,3,7,2
0,6,16,2,3213.46,0 2,North,3,7,2
0,6,16,6,3213.84,0 2,North,3,8,2
2,6,16,2,3217.696,3 4,North,3,0,0
2,6,16,1,3218.293,3 4,West,3,0,0
2,6,16,2,3218.838,3 3,West,3,0,0
2,6,16,3,3219.422,3 3,North,3,0,0
2,6,16,2,3219.974,2 3,North,3,0,0
2,6,16,2,3220.58,1 3,North,3,0,0
2,6,16,2,3221.187,0 3,North,3,0,0
2,6,16,6,3221.56,0 3,North,3,1,0
2,6,16,3,3221.736,0 3,East,3,1,0
2,6,16,3,3222.271,0 3,South,3,1,0
2,6,16,3,3223.191,0 3,West,3,1,0
2,6,16,1,3223.862,0 3,South,3,1,0
2,6,16,2,3224.416,1 3,South,3,1,0
2,6,16,2,3225.011,2 3,South,3,1,0
2,6,16,2,3225.698,3 3,South,3,1,0
2,6,16,1,3226.335,3 3,East,3,1,0
2,6,16,2,3226.945,3 4,East,3,1,0
2,6,16,3,3227.512,3 4,South,3,1,0
2,6,16,2,3228.134,4 4,South,3,1,0
2,6,16,3,3228.704,4 4,West,3,1,0
2,6,16,2,3229.314,4 3,West,3,1,0
2,6,16,2,3229.939,4 2,West,3,1,0
2,6,16,3,3230.59,4 2,North,3,1,0
2,6,16,2,3231.136,3 2,North,3,1,0
2,6,16,1,3231.907,3 2,West,3,1,0
2,6,16,2,3232.659,3 1,West,3,1,0
2,6,16,2,3233.202,3 0,West,3,1,0
2,6,16,3,3233.758,3 0,North,3,1,0
2,6,16,2,3234.27,2 0,North,3,1,0
2,6,16,6,3234.64,2 0,North,3,2,0
2,6,16,3,3234.806,2 0,East,3,2,0
2,6,16,3,3235.474,2 0,South,3,2,0
2,6,16,2,3236.098,3 0,South,3,2,0
2,6,16,1,3236.881,3 0,East,3,2,0
2,6,16,3,3238.006,3 0,South,3,2,0
2,6,16,1,3238.75,3 0,East,3,2,0
2,6,16,2,3239.342,3 1,East,3,2,0
2,6,16,2,3239.924,3 2,East,3,2,0
2,6,16,3,3240.871,3 2,South,3,2,0
2,6,16,2,3241.429,4 2,South,3,2,0
2,6,16,1,3242.085,4 2,East,3,2,0
2,6,16,2,3242.799,4 3,East,3,2,0
2,6,16,2,3243.332,4 4,East,3,2,0
2,6,16,1,3244.195,4 4,North,3,2,0
2,6,16,2,3244.789,3 4,North,3,2,0
2,6,16,1,3245.475,3 4,West,3,2,0
2,6,16,2,3246.036,3 3,West,3,2,0
2,6,16,3,3246.627,3 3,North,3,2,0
2,6,16,2,3247.409,2 3,North,3,2,0
2,6,16,2,3248.098,1 3,North,3,2,0
2,6,16,2,3248.757,0 3,North,3,2,0
2,6,16,3,3249.282,0 3,East,3,2,0
2,6,16,2,3250.295,0 4,East,3,2,0
2,6,16,3,3250.882,0 4,South,3,2,0
2,6,16,2,3251.502,1 4,South,3,2,0
2,6,16,6,3251.88,1 4,South,3,3,0
2,6,16,3,3252.113,1 4,West,3,3,0
2,6,16,3,3252.705,1 4,North,3,3,0
2,6,16,2,3253.342,0 4,North,3,3,0
2,6,16,1,3253.92,0 4,West,3,3,0
2,6,16,2,3254.53,0 3,West,3,3,0
2,6,16,1,3255.088,0 3,South,3,3,0
2,6,16,2,3255.633,1 3,South,3,3,0
2,6,16,2,3256.254,2 3,South,3,3,0
2,6,16,2,3256.817,3 3,South,3,3,0
2,6,16,1,3257.364,3 3,East,3,3,0
2,6,16,2,3257.942,3 4,East,3,3,0
2,6,16,3,3258.701,3 4,South,3,3,0
2,6,16,2,3259.379,4 4,South,3,3,0
2,6,16,3,3260.007,4 4,West,3,3,0
2,6,16,2,3260.607,4 3,West,3,3,0
2,6,16,2,3261.251,4 2,West,3,3,0
2,6,16,3,3261.828,4 2,North,3,3,0
2,6,16,2,3262.373,3 2,North,3,3,0
2,6,16,1,3263.23,3 2,West,3,3,0
2,6,16,2,3263.811,3 1,West,3,3,0
2,6,16,2,3264.407,3 0,West,3,3,0
2,6,16,6,3264.82,3 0,West,3,4,0
2,6,16,3,3265.141,3 0,North,3,4,0
2,6,16,2,3266.782,2 0,North,3,4,0
2,6,16,2,3267.568,1 0,North,3,4,0
2,6,16,3,3268.196,1 0,East,3,4,0
2,6,16,2,3268.831,1 1,East,3,4,0
2,6,16,3,3269.365,1 1,South,3,4,0
2,6,16,2,3269.927,2 1,South,3,4,0
2,6,16,1,3270.614,2 1,East,3,4,0
2,6,16,2,3271.205,2 2,East,3,4,0
2,6,16,1,3271.79,2 2,North,3,4,0
2,6,16,2,3272.307,1 2,North,3,4,0
2,6,16,2,3272.929,0 2,North,3,4,0
2,6,16,6,3273.32,0 2,North,3,5,0
2,6,16,1,3273.518,0 2,West,3,5,0
2,6,16,1,3274.119,0 2,South,3,5,0
2,6,16,2,3274.997,1 2,South,3,5,0
2,6,16,2,3275.604,2 2,South,3,5,0
2,6,16,3,3276.263,2 2,West,3,5,0
2,6,16,2,3276.822,2 1,West,3,5,0
2,6,16,3,3277.35,2 1,North,3,5,0
2,6,16,2,3277.972,1 1,North,3,5,0
2,6,16,1,3278.51,1 1,West,3,5,0
2,6,16,2,3279.157,1 0,West,3,5,0
2,6,16,1,3279.908,1 0,South,3,5,0
2,6,16,2,3280.421,2 0,South,3,5,0
2,6,16,2,3281.007,3 0,South,3,5,0
2,6,16,1,3281.636,3 0,East,3,5,0
2,6,16,2,3282.192,3 1,East,3,5,0
2,6,16,2,3282.754,3 2,East,3,5,0
2,6,16,3,3283.396,3 2,South,3,5,0
2,6,16,2,3283.954,4 2,South,3,5,0
2,6,16,1,3284.527,4 2,East,3,5,0
2,6,16,2,3285.104,4 3,East,3,5,0
2,6,16,2,3285.646,4 4,East,3,5,0
2,6,16,1,3286.212,4 4,North,3,5,0
2,6,16,2,3286.831,3 4,North,3,5,0
2,6,16,1,3287.409,3 4,West,3,5,0
2,6,16,2,3287.991,3 3,West,3,5,0
2,6,16,3,3288.516,3 3,North,3,5,0
2,6,16,2,3289.071,2 3,North,3,5,0
2,6,16,2,3289.653,1 3,North,3,5,0
2,6,16,2,3290.192,0 3,North,3,5,0
2,6,16,3,3290.736,0 3,East,3,5,0
2,6,16,2,3291.346,0 4,East,3,5,0
2,6,16,3,3291.89,0 4,South,3,5,0
2,6,16,2,3292.435,1 4,South,3,5,0
2,6,16,2,3292.966,2 4,South,3,5,0
2,6,16,6,3293.34,2 4,South,3,6,0
2,6,16,1,3293.925,2 4,East,3,6,0
2,6,16,1,3294.464,2 4,North,3,6,0
2,6,16,2,3295.047,1 4,North,3,6,0
2,6,16,2,3296.07,0 4,North,3,6,0
2,6,16,1,3296.704,0 4,West,3,6,0
2,6,16,2,3297.333,0 3,West,3,6,0
2,6,16,1,3297.87,0 3,South,3,6,0
2,6,16,2,3298.387,1 3,South,3,6,0
2,6,16,2,3298.943,2 3,South,3,6,0
2,6,16,2,3299.507,3 3,South,3,6,0
2,6,16,1,3300.084,3 3,East,3,6,0
2,6,16,2,3300.642,3 4,East,3,6,0
2,6,16,3,3301.158,3 4,South,3,6,0
2,6,16,2,3301.732,4 4,South,3,6,0
2,6,16,3,3302.261,4 4,West,3,6,0
2,6,16,2,3302.85,4 3,West,3,6,0
2,6,16,2,3303.39,4 2,West,3,6,0
2,6,16,3,3303.988,4 2,North,3,6,0
2,6,16,2,3304.542,3 2,North,3,6,0
2,6,16,6,3304.92,3 2,North,3,7,0
2,6,16,1,3305.108,3 2,West,3,7,0
2,6,16,1,3305.923,3 2,South,3,7,0
2,6,16,1,3306.71,3 2,East,3,7,0
2,6,16,3,3307.363,3 2,South,3,7,0
2,6,16,2,3307.972,4 2,South,3,7,0
2,6,16,1,3308.502,4 2,East,3,7,0
2,6,16,2,3309.11,4 3,East,3,7,0
2,6,16,2,3310.133,4 4,East,3,7,0
2,6,16,1,3310.662,4 4,North,3,7,0
2,6,16,2,3311.221,3 4,North,3,7,0
2,6,16,6,3311.6,3 4,North,3,8,0
0,6,17,2,3314.737,3 4,North,3,0,0
0,6,17,1,3315.412,3 4,West,3,0,0
0,6,17,2,3316.031,3 3,West,3,0,0
0,6,17,6,3316.44,3 3,West,3,1,0
0,6,17,3,3316.591,3 3,North,3,1,0
0,6,17,2,3317.473,2 3,North,3,1,0
0,6,17,2,3318.127,1 3,North,3,1,0
0,6,17,2,3318.691,0 3,North,3,1,0
0,6,17,3,3319.287,0 3,East,3,1,0
0,6,17,2,3319.908,0 4,East,3,1,0
0,6,17,6,3320.32,0 4,East,3,2,0
0,6,17,3,3320.471,0 4,South,3,2,0
0,6,17,3,3321.045,0 4,West,3,2,0
0,6,17,2,3321.63,0 3,West,3,2,0
0,6,17,1,3322.226,0 3,South,3,2,0
0,6,17,2,3322.815,1 3,South,3,2,0
0,6,17,2,3323.395,2 3,South,3,2,0
0,6,17,2,3323.955,3 3,South,3,2,0
0,6,17,1,3324.529,3 3,East,3,2,0
0,6,17,2,3325.154,3 4,East,3,2,0
0,6,17,3,3325.749,3 4,South,3,2,0
0,6,17,2,3326.322,4 4,South,3,2,0
0,6,17,3,3326.915,4 4,West,3,2,0
0,6,17,2,3327.461,4 3,West,3,2,0
0,6,17,2,3327.986,4 2,West,3,2,0
0,6,17,3,3328.691,4 2,North,3,2,0
0,6,17,2,3329.22,3 2,North,3,2,0
0,6,17,1,3330.162,3 2,West,3,2,0
0,6,17,2,3330.74,3 1,West,3,2,0
0,6,17,2,3331.265,3 0,West,3,2,0
0,6,17,3,3331.839,3 0,North,3,2,0
0,6,17,2,3332.815,2 0,North,3,2,0
0,6,17,2,3333.438,1 0,North,3,2,0
0,6,17,3,3334.014,1 0,East,3,2,0
0,6,17,2,3334.583,1 1,East,3,2,0
0,6,17,6,3335,1 1,East,3,3,0
0,6,17,3,3335.141,1 1,South,3,3,0
0,6,17,2,3335.934,2 1,South,3,3,0
0,6,17,1,3336.655,2 1,East,3,3,0
0,6,17,2,3337.252,2 2,East,3,3,0
0,6,17,1,3337.83,2 2,North,3,3,0
0,6,17,2,3338.518,1 2,North,3,3,0
0,6,17,2,3339.303,0 2,North,3,3,0
0,6,17,1,3339.856,0 2,West,3,3,0
0,6,17,1,3340.452,0 2,South,3,3,0
0,6,17,2,3341.01,1 2,South,3,3,0
0,6,17,2,3341.681,2 2,South,3,3,0
0,6,17,3,3342.194,2 2,West,3,3,0
0,6,17,2,3342.708,2 1,West,3,3,0
0,6,17,3,3343.335,2 1,North,3,3,0
0,6,17,2,3343.971,1 1,North,3,3,0
0,6,17,1,3344.561,1 1,West,3,3,0
0,6,17,2,3345.379,1 0,West,3,3,0
0,6,17,1,3345.972,1 0,South,3,3,0
0,6,17,2,3346.707,2 0,South,3,3,0
0,6,17,2,3347.218,3 0,South,3,3,0
0,6,17,1,3347.826,3 0,East,3,3,0
0,6,17,2,3348.515,3 1,East,3,3,0
0,6,17,2,3349.063,3 2,East,3,3,0
0,6,17,3,3349.67,3 2,South,3,3,0
0,6,17,2,3350.279,4 2,South,3,3,0
0,6,17,1,3350.917,4 2,East,3,3,0
0,6,17,3,3351.6,4 2,South,3,3,0
0,6,17,3,3352.142,4 2,West,3,3,0
0,6,17,1,3352.832,4 2,South,3,3,0
0,6,17,1,3353.365,4 2,East,3,3,0
0,6,17,2,3354.13,4 3,East,3,3,0
0,6,17,2,3354.689,4 4,East,3,3,0
0,6,17,1,3355.266,4 4,North,3,3,0
0,6,17,2,3355.972,3 4,North,3,3,0
0,6,17,1,3356.61,3 4,West,3,3,0
0,6,17,2,3357.17,3 3,West,3,3,0
0,6,17,3,3357.734,3 3,North,3,3,0
0,6,17,2,3358.338,2 3,North,3,3,0
0,6,17,2,3358.897,1 3,North,3,3,0
0,6,17,2,3359.828,0 3,North,3,3,0
0,6,17,3,3360.367,0 3,East,3,3,0
0,6,17,2,3360.935,0 4,East,3,3,0
0,6,17,3,3361.494,0 4,South,3,3,0
0,6,17,2,3362.07,1 4,South,3,3,0
0,6,17,2,3362.694,2 4,South,3,3,0
0,6,17,6,3363.08,2 4,South,3,4,0
0,6,17,1,3363.239,2 4,East,3,4,0
0,6,17,1,3363.778,2 4,North,3,4,0
0,6,17,2,3364.469,1 4,North,3,4,0
0,6,17,2,3365.045,0 4,North,3,4,0
0,6,17,1,3366.097,0 4,West,3,4,0
0,6,17,2,3366.673,0 3,West,3,4,0
0,6,17,1,3367.199,0 3,South,3,4,0
0,6,17,2,3367.733,1 3,South,3,4,0
0,6,17,2,3368.246,2 3,South,3,4,0
0,6,17,2,3368.766,3 3,South,3,4,0
0,6,17,1,3369.348,3 3,East,3,4,0
0,6,17,2,3369.952,3 4,East,3,4,0
0,6,17,3,3370.502,3 4,South,3,4,0
0,6,17,2,3371.059,4 4,South,3,4,0
0,6,17,3,3371.589,4 4,West,3,4,0
0,6,17,2,3372.116,4 3,West,3,4,0
0,6,17,2,3372.644,4 2,West,3,4,0
0,6,17,3,3373.198,4 2,North,3,4,0
0,6,17,2,3373.73,3 2,North,3,4,0
0,6,17,1,3374.245,3 2,West,3,4,0
0,6,17,2,3374.766,3 1,West,3,4,0
0,6,17,2,3375.298,3 0,West,3,4,0
0,6,17,3,3375.838,3 0,North,3,4,0
0,6,17,2,3376.357,2 0,North,3,4,0
0,6,17,2,3377.427,1 0,North,3,4,0
0,6,17,3,3378.373,1 0,East,3,4,0
0,6,17,2,3379.106,1 1,East,3,4,0
0,6,17,3,3379.704,1 1,South,3,4,0
0,6,17,2,3380.254,2 1,South,3,4,0
0,6,17,1,3380.946,2 1,East,3,4,0
0,6,17,2,3381.471,2 2,East,3,4,0
0,6,17,1,3382.005,2 2,North,3,4,0
0,6,17,2,3382.613,1 2,North,3,4,0
0,6,17,2,3383.601,0 2,North,3,4,0
0,6,17,1,3384.148,0 2,West,3,4,0
0,6,17,2,3384.754,0 1,West,3,4,0
0,6,17,6,3385.16,0 1,West,3,5,0
0,6,17,1,3385.712,0 1,South,3,5,0
0,6,17,1,3386.262,0 1,East,3,5,0
0,6,17,2,3386.822,0 2,East,3,5,0
0,6,17,3,3387.361,0 2,South,3,5,0
0,6,17,2,3387.903,1 2,South,3,5,0
0,6,17,2,3388.417,2 2,South,3,5,0
0,6,17,3,3388.98,2 2,West,3,5,0
0,6,17,2,3389.492,2 1,West,3,5,0
0,6,17,3,3390.307,2 1,North,3,5,0
0,6,17,2,3390.848,1 1,North,3,5,0
0,6,17,1,3391.428,1 1,West,3,5,0
0,6,17,2,3392.048,1 0,West,3,5,0
0,6,17,1,3392.614,1 0,South,3,5,0
0,6,17,2,3393.154,2 0,South,3,5,0
0,6,17,2,3393.695,3 0,South,3,5,0
0,6,17,1,3394.206,3 0,East,3,5,0
0,6,17,2,3394.738,3 1,East,3,5,0
0,6,17,2,3395.268,3 2,East,3,5,0
0,6,17,3,3395.782,3 2,South,3,5,0
0,6,17,2,3396.338,4 2,South,3,5,0
0,6,17,3,3396.866,4 2,West,3,5,0
0,6,17,1,3397.441,4 2,South,3,5,0
0,6,17,1,3398.034,4 2,East,3,5,0
0,6,17,2,3398.626,4 3,East,3,5,0
0,6,17,2,3399.215,4 4,East,3,5,0
0,6,17,1,3399.809,4 4,North,3,5,0
0,6,17,2,3400.416,3 4,North,3,5,0
0,6,17,6,3400.8,3 4,North,3,6,0
0,6,17,1,3401.022,3 4,West,3,6,0
0,6,17,2,3401.622,3 3,West,3,6,0
0,6,17,3,3402.145,3 3,North,3,6,0
0,6,17,2,3402.752,2 3,North,3,6,0
0,6,17,6,3403.14,2 3,North,3,7,0
0,6,17,2,3403.297,1 3,North,3,7,0
0,6,17,2,3403.858,0 3,North,3,7,0
0,6,17,3,3404.37,0 3,East,3,7,0
0,6,17,2,3404.943,0 4,East,3,7,0
0,6,17,3,3405.462,0 4,South,3,7,0
0,6,17,3,3406.022,0 4,West,3,7,0
0,6,17,2,3406.544,0 3,West,3,7,0
0,6,17,1,3407.105,0 3,South,3,7,0
0,6,17,2,3407.646,1 3,South,3,7,0
0,6,17,2,3408.19,2 3,South,3,7,0
0,6,17,2,3408.74,3 3,South,3,7,0
0,6,17,1,3409.249,3 3,East,3,7,0
0,6,17,2,3409.797,3 4,East,3,7,0
0,6,17,3,3410.831,3 4,South,3,7,0
0,6,17,2,3411.445,4 4,South,3,7,0
0,6,17,3,3412.096,4 4,West,3,7,0
0,6,17,2,3412.672,4 3,West,3,7,0
0,6,17,2,3413.267,4 2,West,3,7,0
0,6,17,3,3413.814,4 2,North,3,7,0
0,6,17,2,3414.354,3 2,North,3,7,0
0,6,17,1,3414.882,3 2,West,3,7,0
0,6,17,2,3415.416,3 1,West,3,7,0
0,6,17,2,3415.984,3 0,West,3,7,0
0,6,17,3,3416.563,3 0,North,3,7,0
0,6,17,2,3417.093,2 0,North,3,7,0
0,6,17,2,3417.621,1 0,North,3,7,0
0,6,17,3,3418.16,1 0,East,3,7,0
0,6,17,2,3418.724,1 1,East,3,7,0
0,6,17,3,3419.238,1 1,South,3,7,0
0,6,17,2,3419.815,2 1,South,3,7,0
0,6,17,6,3420.18,2 1,South,3,8,0
2,6,17,1,3423.169,4 4,West,3,0,0
2,6,17,2,3423.955,4 3,West,3,0,0
2,6,17,2,3424.592,4 2,West,3,0,0
2,6,17,3,3425.19,4 2,North,3,0,0
2,6,17,2,3425.733,3 2,North,3,0,0
2,6,17,1,3426.254,3 2,West,3,0,0
2,6,17,2,3426.784,3 1,West,3,0,0
2,6,17,3,3427.31,3 1,North,3,0,0
2,6,17,1,3428.009,3 1,West,3,0,0
2,6,17,2,3429.348,3 0,West,3,0,0
2,6,17,3,3429.937,3 0,North,3,0,0
2,6,17,2,3430.485,2 0,North,3,0,0
2,6,17,2,3431.071,1 0,North,3,0,0
2,6,17,3,3431.653,1 0,East,3,0,0
2,6,17,2,3432.246,1 1,East,3,0,0
2,6,17,3,3433.217,1 1,South,3,0,0
2,6,17,2,3433.844,2 1,South,3,0,0
2,6,17,6,3434.22,2 1,South,3,1,0
2,6,17,1,3434.372,2 1,East,3,1,0
2,6,17,1,3435.215,2 1,North,3,1,0
2,6,17,2,3435.815,1 1,North,3,1,0
2,6,17,1,3436.658,1 1,West,3,1,0
2,6,17,2,3437.214,1 0,West,3,1,0
2,6,17,1,3437.726,1 0,South,3,1,0
2,6,17,2,3438.322,2 0,South,3,1,0
2,6,17,2,3438.917,3 0,South,3,1,0
2,6,17,1,3439.445,3 0,East,3,1,0
2,6,17,2,3439.966,3 1,East,3,1,0
2,6,17,2,3440.518,3 2,East,3,1,0
2,6,17,3,3441.058,3 2,South,3,1,0
2,6,17,2,3441.614,4 2,South,3,1,0
2,6,17,1,3442.146,4 2,East,3,1,0
2,6,17,2,3442.754,4 3,East,3,1,0
2,6,17,2,3443.266,4 4,East,3,1,0
2,6,17,1,3443.811,4 4,North,3,1,0
2,6,17,2,3444.353,3 4,North,3,1,0
2,6,17,6,3444.74,3 4,North,3,2,0
2,6,17,1,3444.886,3 4,West,3,2,0
2,6,17,1,3445.456,3 4,South,3,2,0
2,6,17,2,3446.033,4 4,South,3,2,0
2,6,17,3,3447.006,4 4,West,3,2,0
2,6,17,2,3447.634,4 3,West,3,2,0
2,6,17,2,3448.211,4 2,West,3,2,0
2,6,17,3,3448.769,4 2,North,3,2,0
2,6,17,2,3449.315,3 2,North,3,2,0
2,6,17,1,3449.969,3 2,West,3,2,0
2,6,17,3,3451.971,3 2,North,3,2,0
2,6,17,1,3452.91,3 2,West,3,2,0
2,6,17,2,3454.578,3 1,West,3,2,0
2,6,17,2,3455.152,3 0,West,3,2,0
2,6,17,3,3455.733,3 0,North,3,2,0
2,6,17,2,3456.292,2 0,North,3,2,0
2,6,17,2,3456.833,1 0,North,3,2,0
2,6,17,3,3457.413,1 0,East,3,2,0
2,6,17,2,3458.036,1 1,East,3,2,0
2,6,17,6,3458.44,1 1,East,3,3,0
2,6,17,1,3459.285,1 1,North,3,3,0
2,6,17,1,3459.888,1 1,West,3,3,0
2,6,17,2,3460.47,1 0,West,3,3,0
2,6,17,1,3461.023,1 0,South,3,3,0
2,6,17,2,3461.571,2 0,South,3,3,0
2,6,17,2,3462.12,3 0,South,3,3,0
2,6,17,1,3462.679,3 0,East,3,3,0
2,6,17,2,3463.238,3 1,East,3,3,0
2,6,17,2,3463.751,3 2,East,3,3,0
2,6,17,3,3464.276,3 2,South,3,3,0
2,6,17,2,3464.863,4 2,South,3,3,0
2,6,17,1,3465.396,4 2,East,3,3,0
2,6,17,2,3465.938,4 3,East,3,3,0
2,6,17,2,3466.499,4 4,East,3,3,0
2,6,17,1,3467.045,4 4,North,3,3,0
2,6,17,2,3467.584,3 4,North,3,3,0
2,6,17,1,3468.143,3 4,West,3,3,0
2,6,17,2,3468.679,3 3,West,3,3,0
2,6,17,3,3469.201,3 3,North,3,3,0
2,6,17,2,3469.745,2 3,North,3,3,0
2,6,17,2,3470.263,1 3,North,3,3,0
2,6,17,2,3471.233,0 3,North,3,3,0
2,6,17,3,3471.877,0 3,East,3,3,0
2,6,17,2,3472.467,0 4,East,3,3,0
2,6,17,3,3473.329,0 4,South,3,3,0
2,6,17,2,3474.003,1 4,South,3,3,0
2,6,17,2,3474.542,2 4,South,3,3,0
2,6,17,6,3474.92,2 4,South,3,4,0
2,6,17,1,3475.057,2 4,East,3,4,0
2,6,17,1,3475.567,2 4,North,3,4,0
2,6,17,2,3476.146,1 4,North,3,4,0
2,6,17,2,3476.688,0 4,North,3,4,0
2,6,17,1,3477.711,0 4,West,3,4,0
2,6,17,2,3478.32,0 3,West,3,4,0
2,6,17,1,3478.831,0 3,South,3,4,0
2,6,17,2,3479.345,1 3,South,3,4,0
2,6,17,2,3479.871,2 3,South,3,4,0
2,6,17,2,3480.417,3 3,South,3,4,0
2,6,17,1,3480.946,3 3,East,3,4,0
2,6,17,2,3481.505,3 4,East,3,4,0
2,6,17,3,3482.031,3 4,South,3,4,0
2,6,17,2,3482.623,4 4,South,3,4,0
2,6,17,3,3483.521,4 4,West,3,4,0
2,6,17,2,3484.099,4 3,West,3,4,0
2,6,17,2,3484.61,4 2,West,3,4,0
2,6,17,3,3485.559,4 2,North,3,4,0
2,6,17,2,3486.159,3 2,North,3,4,0
2,6,17,1,3486.739,3 2,West,3,4,0
2,6,17,2,3487.681,3 1,West,3,4,0
2,6,17,2,3488.26,3 0,West,3,4,0
2,6,17,3,3488.786,3 0,North,3,4,0
2,6,17,2,3489.344,2 0,North,3,4,0
2,6,17,2,3489.875,1 0,North,3,4,0
2,6,17,3,3490.387,1 0,East,3,4,0
2,6,17,2,3490.926,1 1,East,3,4,0
2,6,17,3,3491.441,1 1,South,3,4,0
2,6,17,2,3491.971,2 1,South,3,4,0
2,6,17,1,3492.515,2 1,East,3,4,0
2,6,17,2,3493.056,2 2,East,3,4,0
2,6,17,1,3493.606,2 2,North,3,4,0
2,6,17,2,3494.608,1 2,North,3,4,0
2,6,17,2,3495.135,0 2,North,3,4,0
2,6,17,1,3495.662,0 2,West,3,4,0
2,6,17,2,3496.19,0 1,West,3,4,0
2,6,17,6,3496.6,0 1,West,3,5,0
2,6,17,1,3496.719,0 1,South,3,5,0
2,6,17,1,3497.696,0 1,East,3,5,0
2,6,17,2,3498.277,0 2,East,3,5,0
2,6,17,3,3498.788,0 2,South,3,5,0
2,6,17,2,3499.826,1 2,South,3,5,0
2,6,17,2,3500.415,2 2,South,3,5,0
2,6,17,3,3500.948,2 2,West,3,5,0
2,6,17,2,3501.523,2 1,West,3,5,0
2,6,17,3,3502.535,2 1,North,3,5,0
2,6,17,2,3503.444,1 1,North,3,5,0
2,6,17,1,3504.054,1 1,West,3,5,0
2,6,17,2,3504.672,1 0,West,3,5,0
2,6,17,1,3505.246,1 0,South,3,5,0
2,6,17,2,3505.807,2 0,South,3,5,0
2,6,17,2,3506.328,3 0,South,3,5,0
2,6,17,1,3506.85,3 0,East,3,5,0
2,6,17,2,3507.378,3 1,East,3,5,0
2,6,17,2,3507.952,3 2,East,3,5,0
2,6,17,3,3508.499,3 2,South,3,5,0
2,6,17,2,3511.297,4 2,South,3,5,0
2,6,17,1,3511.81,4 2,East,3,5,0
2,6,17,2,3512.371,4 3,East,3,5,0
2,6,17,2,3512.883,4 4,East,3,5,0
2,6,17,1,3513.822,4 4,North,3,5,0
2,6,17,2,3514.475,3 4,North,3,5,0
2,6,17,1,3515.057,3 4,West,3,5,0
2,6,17,2,3515.633,3 3,West,3,5,0
2,6,17,6,3516.04,3 3,West,3,6,0
2,6,17,3,3516.158,3 3,North,3,6,0
2,6,17,3,3516.758,3 3,East,3,6,0
2,6,17,2,3517.342,3 4,East,3,6,0
2,6,17,3,3517.938,3 4,South,3,6,0
2,6,17,2,3518.558,4 4,South,3,6,0
2,6,17,3,3519.184,4 4,West,3,6,0
2,6,17,2,3519.828,4 3,West,3,6,0
2,6,17,2,3520.34,4 2,West,3,6,0
2,6,17,2,3520.878,4 1,West,3,6,0
2,6,17,2,3521.429,4 0,West,3,6,0
2,6,17,6,3521.84,4 0,West,3,7,0
2,6,17,1,3521.988,4 0,South,3,7,0
2,6,17,1,3522.867,4 0,East,3,7,0
2,6,17,2,3523.408,4 1,East,3,7,0
2,6,17,1,3524.159,4 1,North,3,7,0
2,6,17,3,3524.991,4 1,East,3,7,0
2,6,17,2,3525.62,4 2,East,3,7,0
2,6,17,1,3526.149,4 2,North,3,7,0
2,6,17,2,3528.113,3 2,North,3,7,0
2,6,17,1,3528.692,3 2,West,3,7,0
2,6,17,2,3529.3,3 1,West,3,7,0
2,6,17,2,3529.823,3 0,West,3,7,0
2,6,17,3,3530.39,3 0,North,3,7,0
2,6,17,2,3530.928,2 0,North,3,7,0
2,6,17,2,3531.459,1 0,North,3,7,0
2,6,17,3,3531.97,1 0,East,3,7,0
2,6,17,2,3532.565,1 1,East,3,7,0
2,6,17,3,3533.472,1 1,South,3,7,0
2,6,17,2,3534.216,2 1,South,3,7,0
2,6,17,1,3534.804,2 1,East,3,7,0
2,6,17,2,3535.384,2 2,East,3,7,0
2,6,17,1,3535.937,2 2,North,3,7,0
2,6,17,2,3536.481,1 2,North,3,7,0
2,6,17,6,3536.86,1 2,North,3,8,0
0,6,18,1,3539.998,4 4,West,3,0,0
0,6,18,2,3540.67,4 3,West,3,0,0
0,6,18,2,3541.188,4 2,West,3,0,0
0,6,18,2,3541.774,4 1,West,3,0,0
0,6,18,2,3542.292,4 0,West,3,0,0
0,6,18,6,3542.7,4 0,West,3,1,0
0,6,18,3,3543.233,4 0,North,3,1,0
0,6,18,3,3543.81,4 0,East,3,1,0
0,6,18,2,3544.752,4 1,East,3,1,0
0,6,18,2,3545.299,4 2,East,3,1,0
0,6,18,1,3546.004,4 2,North,3,1,0
0,6,18,1,3546.944,4 2,West,3,1,0
0,6,18,3,3547.536,4 2,North,3,1,0
0,6,18,3,3548.343,4 2,East,3,1,0
0,6,18,2,3549.123,4 3,East,3,1,0
0,6,18,2,3549.761,4 4,East,3,1,0
0,6,18,1,3550.433,4 4,North,3,1,0
0,6,18,2,3550.961,3 4,North,3,1,0
0,6,18,1,3551.652,3 4,West,3,1,0
0,6,18,2,3552.176,3 3,West,3,1,0
0,6,18,3,3552.72,3 3,North,3,1,0
0,6,18,2,3553.298,2 3,North,3,1,0
0,6,18,2,3553.829,1 3,North,3,1,0
0,6,18,6,3554.22,1 3,North,3,2,0
0,6,18,2,3554.357,0 3,North,3,2,0
0,6,18,3,3554.884,0 3,East,3,2,0
0,6,18,2,3555.478,0 4,East,3,2,0
0,6,18,3,3556.079,0 4,South,3,2,0
0,6,18,3,3556.599,0 4,West,3,2,0
0,6,18,2,3557.14,0 3,West,3,2,0
0,6,18,1,3557.68,0 3,South,3,2,0
0,6,18,2,3558.212,1 3,South,3,2,0
0,6,18,2,3558.753,2 3,South,3,2,0
0,6,18,2,3559.265,3 3,South,3,2,0
0,6,18,1,3560.19,3 3,East,3,2,0
0,6,18,2,3560.805,3 4,East,3,2,0
0,6,18,3,3561.475,3 4,South,3,2,0
0,6,18,2,3562.05,4 4,South,3,2,0
0,6,18,3,3562.688,4 4,West,3,2,0
0,6,18,2,3563.219,4 3,West,3,2,0
0,6,18,2,3564.134,4 2,West,3,2,0
0,6,18,3,3564.659,4 2,North,3,2,0
0,6,18,2,3565.19,3 2,North,3,2,0
0,6,18,1,3565.73,3 2,West,3,2,0
0,6,18,2,3566.271,3 1,West,3,2,0
0,6,18,2,3567.286,3 0,West,3,2,0
0,6,18,3,3567.892,3 0,North,3,2,0
0,6,18,2,3568.42,2 0,North,3,2,0
0,6,18,2,3569.364,1 0,North,3,2,0
0,6,18,3,3569.991,1 0,East,3,2,0
0,6,18,2,3570.932,1 1,East,3,2,0
0,6,18,3,3571.694,1 1,South,3,2,0
0,6,18,2,3572.309,2 1,South,3,2,0
0,6,18,1,3573.039,2 1,East,3,2,0
0,6,18,2,3573.552,2 2,East,3,2,0
0,6,18,1,3574.095,2 2,North,3,2,0
0,6,18,2,3574.822,1 2,North,3,2,0
0,6,18,1,3575.478,1 2,West,3,2,0
0,6,18,3,3576.112,1 2,North,3,2,0
0,6,18,2,3576.642,0 2,North,3,2,0
0,6,18,1,3577.408,0 2,West,3,2,0
0,6,18,2,3577.971,0 1,West,3,2,0
0,6,18,2,3578.535,0 0,West,3,2,0
0,6,18,6,3578.94,0 0,West,3,3,0
0,6,18,1,3579.214,0 0,South,3,3,0
0,6,18,1,3579.841,0 0,East,3,3,0
0,6,18,2,3580.368,0 1,East,3,3,0
0,6,18,2,3580.916,0 2,East,3,3,0
0,6,18,3,3581.807,0 2,South,3,3,0
0,6,18,2,3582.351,1 2,South,3,3,0
0,6,18,6,3582.72,1 2,South,3,4,0
0,6,18,3,3583.03,1 2,West,3,4,0
0,6,18,3,3583.617,1 2,North,3,4,0
0,6,18,1,3584.208,1 2,West,3,4,0
0,6,18,1,3584.767,1 2,South,3,4,0
0,6,18,2,3585.39,2 2,South,3,4,0
0,6,18,3,3585.973,2 2,West,3,4,0
0,6,18,2,3586.564,2 1,West,3,4,0
0,6,18,3,3587.489,2 1,North,3,4,0
0,6,18,2,3588.112,1 1,North,3,4,0
0,6,18,1,3588.625,1 1,West,3,4,0
0,6,18,2,3589.138,1 0,West,3,4,0
0,6,18,1,3589.782,1 0,South,3,4,0
0,6,18,2,3590.302,2 0,South,3,4,0
0,6,18,2,3590.816,3 0,South,3,4,0
0,6,18,1,3591.566,3 0,East,3,4,0
0,6,18,2,3592.404,3 1,East,3,4,0
0,6,18,6,3592.82,3 1,East,3,5,0
0,6,18,1,3592.963,3 1,North,3,5,0
0,6,18,1,3593.888,3 1,West,3,5,0
0,6,18,2,3594.453,3 0,West,3,5,0
0,6,18,3,3595.077,3 0,North,3,5,0
0,6,18,2,3595.617,2 0,North,3,5,0
0,6,18,2,3596.129,1 0,North,3,5,0
0,6,18,6,3596.5,1 0,North,3,6,0
0,6,18,3,3596.69,1 0,East,3,6,0
0,6,18,2,3597.471,1 1,East,3,6,0
0,6,18,3,3598.021,1 1,South,3,6,0
0,6,18,2,3598.56,2 1,South,3,6,0
0,6,18,1,3599.094,2 1,East,3,6,0
0,6,18,2,3599.698,2 2,East,3,6,0
0,6,18,1,3600.528,2 2,North,3,6,0
0,6,18,2,3601.077,1 2,North,3,6,0
0,6,18,2,3601.666,0 2,North,3,6,0
0,6,18,1,3602.272,0 2,West,3,6,0
0,6,18,1,3603.15,0 2,South,3,6,0
0,6,18,2,3603.701,1 2,South,3,6,0
0,6,18,2,3604.246,2 2,South,3,6,0
0,6,18,3,3604.815,2 2,West,3,6,0
0,6,18,2,3605.347,2 1,West,3,6,0
0,6,18,3,3605.974,2 1,North,3,6,0
0,6,18,2,3606.53,1 1,North,3,6,0
0,6,18,1,3607.054,1 1,West,3,6,0
0,6,18,2,3607.637,1 0,West,3,6,0
0,6,18,1,3608.158,1 0,South,3,6,0
0,6,18,2,3609.152,2 0,South,3,6,0
0,6,18,2,3609.682,3 0,South,3,6,0
0,6,18,1,3610.262,3 0,East,3,6,0
0,6,18,2,3610.815,3 1,East,3,6,0
0,6,18,2,3611.33,3 2,East,3,6,0
0,6,18,6,3611.74,3 2,East,3,7,0
0,6,18,3,3612.387,3 2,South,3,7,0
0,6,18,2,3613.15,4 2,South,3,7,0
0,6,18,3,3613.822,4 2,West,3,7,0
0,6,18,2,3614.369,4 1,West,3,7,0
0,6,18,6,3614.78,4 1,West,3,8,0
2,6,18,1,3618.182,4 4,West,3,0,0
2,6,18,2,3619.238,4 3,West,3,0,0
2,6,18,2,3619.838,4 2,West,3,0,0
2,6,18,3,3620.4,4 2,North,3,0,0
2,6,18,2,3620.945,3 2,North,3,0,0
2,6,18,1,3621.488,3 2,West,3,0,0
2,6,18,2,3622.023,3 1,West,3,0,0
2,6,18,2,3622.58,3 0,West,3,0,0
2,6,18,3,3623.135,3 0,North,3,0,0
2,6,18,2,3624.214,2 0,North,3,0,0
2,6,18,2,3624.773,1 0,North,3,0,0
2,6,18,3,3625.346,1 0,East,3,0,0
2,6,18,2,3625.875,1 1,East,3,0,0
2,6,18,3,3626.399,1 1,South,3,0,0
2,6,18,2,3626.911,2 1,South,3,0,0
2,6,18,1,3627.457,2 1,East,3,0,0
2,6,18,2,3628.004,2 2,East,3,0,0
2,6,18,1,3628.517,2 2,North,3,0,0
2,6,18,2,3629.045,1 2,North,3,0,0
2,6,18,2,3630.064,0 2,North,3,0,0
2,6,18,1,3630.59,0 2,West,3,0,0
2,6,18,2,3631.11,0 1,West,3,0,0
2,6,18,2,3631.621,0 0,West,3,0,0
2,6,18,6,3632.04,0 0,West,3,1,0
2,6,18,1,3632.178,0 0,South,3,1,0
2,6,18,1,3632.704,0 0,East,3,1,0
2,6,18,2,3633.281,0 1,East,3,1,0
2,6,18,2,3634.321,0 2,East,3,1,0
2,6,18,3,3634.968,0 2,South,3,1,0
2,6,18,2,3635.606,1 2,South,3,1,0
2,6,18,2,3636.711,2 2,South,3,1,0
2,6,18,3,3637.282,2 2,West,3,1,0
2,6,18,2,3637.857,2 1,West,3,1,0
2,6,18,3,3638.821,2 1,North,3,1,0
2,6,18,2,3639.474,1 1,North,3,1,0
2,6,18,1,3640.11,1 1,West,3,1,0
2,6,18,2,3640.64,1 0,West,3,1,0
2,6,18,1,3641.188,1 0,South,3,1,0
2,6,18,2,3641.727,2 0,South,3,1,0
2,6,18,2,3642.337,3 0,South,3,1,0
2,6,18,1,3642.851,3 0,East,3,1,0
2,6,18,2,3643.38,3 1,East,3,1,0
2,6,18,2,3644.389,3 2,East,3,1,0
2,6,18,3,3644.993,3 2,South,3,1,0
2,6,18,2,3645.542,4 2,South,3,1,0
2,6,18,3,3646.098,4 2,West,3,1,0
2,6,18,2,3646.61,4 1,West,3,1,0
2,6,18,6,3647.02,4 1,West,3,2,0
2,6,18,3,3647.407,4 1,North,3,2,0
2,6,18,3,3647.984,4 1,East,3,2,0
2,6,18,2,3648.627,4 2,East,3,2,0
2,6,18,2,3649.215,4 3,East,3,2,0
2,6,18,2,3650.144,4 4,East,3,2,0
2,6,18,1,3650.693,4 4,North,3,2,0
2,6,18,2,3651.349,3 4,North,3,2,0
2,6,18,1,3651.928,3 4,West,3,2,0
2,6,18,2,3652.494,3 3,West,3,2,0
2,6,18,3,3653.047,3 3,North,3,2,0
2,6,18,2,3653.588,2 3,North,3,2,0
2,6,18,2,3654.164,1 3,North,3,2,0
2,6,18,6,3654.54,1 3,North,3,3,0
2,6,18,3,3654.702,1 3,East,3,3,0
2,6,18,3,3655.284,1 3,South,3,3,0
2,6,18,2,3656.191,2 3,South,3,3,0
2,6,18,2,3656.767,3 3,South,3,3,0
2,6,18,1,3657.296,3 3,East,3,3,0
2,6,18,2,3657.806,3 4,East,3,3,0
2,6,18,3,3658.383,3 4,South,3,3,0
2,6,18,2,3658.934,4 4,South,3,3,0
2,6,18,3,3659.815,4 4,West,3,3,0
2,6,18,2,3660.356,4 3,West,3,3,0
2,6,18,2,3660.935,4 2,West,3,3,0
2,6,18,3,3661.505,4 2,North,3,3,0
2,6,18,2,3662.087,3 2,North,3,3,0
2,6,18,1,3662.918,3 2,West,3,3,0
2,6,18,2,3663.473,3 1,West,3,3,0
2,6,18,6,3663.88,3 1,West,3,4,0
2,6,18,3,3664.146,3 1,North,3,4,0
2,6,18,3,3664.72,3 1,East,3,4,0
2,6,18,2,3665.347,3 2,East,3,4,0
2,6,18,3,3666.164,3 2,South,3,4,0
2,6,18,2,3666.759,4 2,South,3,4,0
2,6,18,1,3667.535,4 2,East,3,4,0
2,6,18,2,3668.054,4 3,East,3,4,0
2,6,18,2,3668.645,4 4,East,3,4,0
2,6,18,1,3669.68,4 4,North,3,4,0
2,6,18,2,3670.387,3 4,North,3,4,0
2,6,18,1,3670.982,3 4,West,3,4,0
2,6,18,2,3671.571,3 3,West,3,4,0
2,6,18,3,3672.401,3 3,North,3,4,0
2,6,18,2,3672.962,2 3,North,3,4,0
2,6,18,2,3673.525,1 3,North,3,4,0
2,6,18,2,3674.034,0 3,North,3,4,0
2,6,18,3,3674.996,0 3,East,3,4,0
2,6,18,2,3675.536,0 4,East,3,4,0
2,6,18,6,3675.94,0 4,East,3,5,0
2,6,18,3,3676.046,0 4,South,3,5,0
2,6,18,3,3676.691,0 4,West,3,5,0
2,6,18,2,3677.315,0 3,West,3,5,0
2,6,18,1,3677.842,0 3,South,3,5,0
2,6,18,2,3678.435,1 3,South,3,5,0
2,6,18,2,3679.187,2 3,South,3,5,0
2,6,18,2,3679.768,3 3,South,3,5,0
2,6,18,1,3680.4,3 3,East,3,5,0
2,6,18,2,3680.933,3 4,East,3,5,0
2,6,18,3,3681.506,3 4,South,3,5,0
2,6,18,2,3682.05,4 4,South,3,5,0
2,6,18,3,3682.595,4 4,West,3,5,0
2,6,18,2,3683.154,4 3,West,3,5,0
2,6,18,2,3683.73,4 2,West,3,5,0
2,6,18,3,3684.289,4 2,North,3,5,0
2,6,18,2,3684.837,3 2,North,3,5,0
2,6,18,1,3685.358,3 2,West,3,5,0
2,6,18,2,3685.91,3 1,West,3,5,0
2,6,18,2,3686.878,3 0,West,3,5,0
2,6,18,3,3687.426,3 0,North,3,5,0
2,6,18,2,3687.987,2 0,North,3,5,0
2,6,18,2,3688.513,1 0,North,3,5,0
2,6,18,6,3688.9,1 0,North,3,6,0
2,6,18,3,3689.375,1 0,East,3,6,0
2,6,18,3,3690.206,1 0,South,3,6,0
2,6,18,1,3690.934,1 0,East,3,6,0
2,6,18,2,3693.198,1 1,East,3,6,0
2,6,18,3,3693.731,1 1,South,3,6,0
2,6,18,2,3694.292,2 1,South,3,6,0
2,6,18,1,3694.804,2 1,East,3,6,0
2,6,18,2,3695.317,2 2,East,3,6,0
2,6,18,1,3696.449,2 2,North,3,6,0
2,6,18,1,3697.062,2 2,West,3,6,0
2,6,18,2,3697.652,2 1,West,3,6,0
2,6,18,3,3698.518,2 1,North,3,6,0
2,6,18,2,3699.448,1 1,North,3,6,0
2,6,18,1,3700.11,1 1,West,3,6,0
2,6,18,2,3700.67,1 0,West,3,6,0
2,6,18,1,3701.248,1 0,South,3,6,0
2,6,18,2,3702.183,2 0,South,3,6,0
2,6,18,2,3703.078,3 0,South,3,6,0
2,6,18,1,3703.918,3 0,East,3,6,0
2,6,18,2,3704.722,3 1,East,3,6,0
2,6,18,2,3705.342,3 2,East,3,6,0
2,6,18,3,3705.943,3 2,South,3,6,0
2,6,18,2,3706.512,4 2,South,3,6,0
2,6,18,1,3707.166,4 2,East,3,6,0
2,6,18,2,3707.745,4 3,East,3,6,0
2,6,18,2,3708.337,4 4,East,3,6,0
2,6,18,1,3708.992,4 4,North,3,6,0
2,6,18,2,3709.572,3 4,North,3,6,0
2,6,18,1,3710.16,3 4,West,3,6,0
2,6,18,2,3710.709,3 3,West,3,6,0
2,6,18,3,3711.253,3 3,North,3,6,0
2,6,18,2,3711.824,2 3,North,3,6,0
2,6,18,6,3712.2,2 3,North,3,7,0
2,6,18,3,3712.447,2 3,East,3,7,0
2,6,18,3,3713.025,2 3,South,3,7,0
2,6,18,2,3713.621,3 3,South,3,7,0
2,6,18,1,3714.613,3 3,East,3,7,0
2,6,18,2,3715.171,3 4,East,3,7,0
2,6,18,3,3715.717,3 4,South,3,7,0
2,6,18,2,3716.445,4 4,South,3,7,0
2,6,18,3,3717.031,4 4,West,3,7,0
2,6,18,2,3717.601,4 3,West,3,7,0
2,6,18,6,3718.02,4 3,West,3,8,0
