PhaseView,Run,Trial,Key,Time,Location,Direction,MazeType,Diamonds,WallBumped
1,3,7,1,1270.703,4 3,North,2,0,8
1,3,7,1,1271.52,4 2,North,2,0,8
1,3,7,2,1272.062,3 2,North,2,0,8
1,3,7,1,1272.594,3 1,North,2,0,8
1,3,7,2,1273.202,2 1,North,2,0,8
1,3,7,6,1273.58,2 1,North,2,1,8
1,3,7,2,1273.717,1 1,North,2,1,8
1,3,7,4,1274.226,2 1,North,2,1,8
1,3,7,4,1274.992,3 1,North,2,1,8
1,3,7,3,1275.827,3 2,North,2,1,8
1,3,7,4,1276.476,4 2,North,2,1,8
1,3,7,3,1277.092,4 3,North,2,1,8
1,3,7,3,1278.145,4 4,North,2,1,8
1,3,7,2,1278.939,3 4,North,2,1,8
1,3,7,2,1279.516,2 4,North,2,1,8
1,3,7,2,1280.083,1 4,North,2,1,8
1,3,7,2,1280.692,0 4,North,2,1,8
1,3,7,6,1281.06,0 4,North,2,2,8
1,3,7,4,1281.87,1 4,North,2,2,8
1,3,7,4,1283.235,2 4,North,2,2,8
1,3,7,4,1283.793,3 4,North,2,2,8
1,3,7,4,1284.384,4 4,North,2,2,8
1,3,7,1,1285.102,4 3,North,2,2,8
1,3,7,1,1285.953,4 2,North,2,2,8
1,3,7,2,1286.543,3 2,North,2,2,8
1,3,7,1,1287.169,3 1,North,2,2,8
1,3,7,2,1287.795,2 1,North,2,2,8
1,3,7,2,1288.436,1 1,North,2,2,8
1,3,7,1,1289.046,1 0,North,2,2,8
1,3,7,1,1289.571,1 0,North,2,2,8
1,3,7,4,1289.968,2 0,North,2,2,8
1,3,7,4,1291.059,3 0,North,2,2,8
1,3,7,4,1291.645,4 0,North,2,2,8
1,3,7,3,1292.339,4 1,North,2,2,8
1,3,7,6,1292.74,4 1,North,2,3,8
1,3,7,1,1293.004,4 0,North,2,3,8
1,3,7,2,1293.693,3 0,North,2,3,8
1,3,7,2,1294.669,2 0,North,2,3,8
1,3,7,6,1295.06,2 0,North,2,4,8
1,3,7,2,1295.596,1 0,North,2,4,8
1,3,7,3,1296.221,1 1,North,2,4,8
1,3,7,4,1296.798,2 1,North,2,4,8
1,3,7,4,1297.775,3 1,North,2,4,8
1,3,7,3,1298.722,3 2,North,2,4,8
1,3,7,4,1299.294,4 2,North,2,4,8
1,3,7,3,1299.893,4 3,North,2,4,8
1,3,7,3,1300.765,4 4,North,2,4,8
1,3,7,2,1301.443,3 4,North,2,4,8
1,3,7,2,1302.195,2 4,North,2,4,8
1,3,7,2,1302.75,1 4,North,2,4,8
1,3,7,1,1303.677,1 3,North,2,4,8
1,3,7,6,1304.08,1 3,North,2,5,8
1,3,7,3,1304.799,1 4,North,2,5,8
1,3,7,3,1305.346,1 4,North,2,5,8
1,3,7,4,1305.694,2 4,North,2,5,8
1,3,7,4,1306.383,3 4,North,2,5,8
1,3,7,4,1306.907,4 4,North,2,5,8
1,3,7,1,1307.653,4 3,North,2,5,8
1,3,7,1,1309.323,4 2,North,2,5,8
1,3,7,2,1309.9,3 2,North,2,5,8
1,3,7,1,1310.479,3 1,North,2,5,8
1,3,7,2,1311.006,2 1,North,2,5,8
1,3,7,2,1311.533,1 1,North,2,5,8
1,3,7,1,1312.178,1 0,North,2,5,8
1,3,7,4,1312.796,2 0,North,2,5,8
1,3,7,4,1313.695,3 0,North,2,5,8
1,3,7,4,1314.369,4 0,North,2,5,8
1,3,7,6,1314.74,4 0,North,2,6,8
1,3,7,4,1314.943,4 0,North,2,6,8
1,3,7,2,1315.196,3 0,North,2,6,8
1,3,7,2,1315.924,2 0,North,2,6,8
1,3,7,2,1316.514,1 0,North,2,6,8
1,3,7,3,1317.26,1 1,North,2,6,8
1,3,7,6,1317.66,1 1,North,2,7,8
1,3,7,4,1318.063,2 1,North,2,7,8
1,3,7,4,1318.707,3 1,North,2,7,8
1,3,7,3,1319.216,3 2,North,2,7,8
1,3,7,3,1319.806,3 3,North,2,7,8
1,3,7,6,1320.2,3 3,North,2,8,8
2,3,7,2,1323.822,3 4,North,2,0,0
2,3,7,1,1324.655,3 4,West,2,0,0
2,3,7,2,1325.445,3 4,West,2,0,1
2,3,7,3,1326.044,3 4,North,2,0,1
2,3,7,2,1326.64,2 4,North,2,0,1
2,3,7,1,1327.279,2 4,West,2,0,1
2,3,7,2,1327.869,2 4,West,2,0,2
2,3,7,3,1328.43,2 4,North,2,0,2
2,3,7,2,1329.069,1 4,North,2,0,2
2,3,7,1,1329.647,1 4,West,2,0,2
2,3,7,2,1330.256,1 3,West,2,0,2
2,3,7,1,1330.9,1 3,South,2,0,2
2,3,7,2,1331.717,2 3,South,2,0,2
2,3,7,2,1332.499,2 3,South,2,0,3
2,3,7,3,1332.958,2 3,West,2,0,3
2,3,7,2,1333.569,2 2,West,2,0,3
2,3,7,1,1334.092,2 2,South,2,0,3
2,3,7,2,1334.654,2 2,South,2,0,4
2,3,7,3,1335.2,2 2,West,2,0,4
2,3,7,2,1335.807,2 2,West,2,0,5
2,3,7,3,1336.403,2 2,North,2,0,5
2,3,7,2,1337.012,1 2,North,2,0,5
2,3,7,1,1337.583,1 2,West,2,0,5
2,3,7,2,1338.242,1 2,West,2,0,6
2,3,7,3,1339.134,1 2,North,2,0,6
2,3,7,2,1339.793,0 2,North,2,0,6
2,3,7,1,1340.305,0 2,West,2,0,6
2,3,7,2,1340.88,0 1,West,2,0,6
2,3,7,1,1341.408,0 1,South,2,0,6
2,3,7,2,1342.06,0 1,South,2,0,7
2,3,7,3,1342.636,0 1,West,2,0,7
2,3,7,2,1343.363,0 0,West,2,0,7
2,3,7,1,1344.27,0 0,South,2,0,7
2,3,7,2,1345.006,0 0,South,2,0,8
2,3,7,1,1345.519,0 0,East,2,0,8
2,3,7,2,1346.111,0 1,East,2,0,8
2,3,7,2,1346.908,0 2,East,2,0,8
2,3,7,3,1347.521,0 2,South,2,0,8
2,3,7,2,1348.156,1 2,South,2,0,8
2,3,7,2,1348.943,2 2,South,2,0,8
2,3,7,2,1349.649,2 2,South,2,0,9
2,3,7,3,1350.163,2 2,West,2,0,9
2,3,7,2,1350.804,2 2,West,2,0,10
2,3,7,3,1351.361,2 2,North,2,0,10
2,3,7,2,1352.012,1 2,North,2,0,10
2,3,7,1,1352.556,1 2,West,2,0,10
2,3,7,2,1353.107,1 2,West,2,0,11
2,3,7,3,1353.969,1 2,North,2,0,11
2,3,7,2,1355.01,0 2,North,2,0,11
2,3,7,1,1355.853,0 2,West,2,0,11
2,3,7,2,1356.725,0 1,West,2,0,11
2,3,7,1,1357.474,0 1,South,2,0,11
2,3,7,2,1358.301,0 1,South,2,0,12
2,3,7,3,1359.041,0 1,West,2,0,12
2,3,7,1,1359.828,0 1,South,2,0,12
2,3,7,1,1360.493,0 1,East,2,0,12
2,3,7,2,1361.151,0 2,East,2,0,12
2,3,7,2,1361.86,0 2,East,2,0,13
2,3,7,3,1362.419,0 2,South,2,0,13
2,3,7,2,1363.054,1 2,South,2,0,13
2,3,7,2,1363.821,2 2,South,2,0,13
2,3,7,2,1364.593,2 2,South,2,0,14
2,3,7,3,1365.155,2 2,West,2,0,14
2,3,7,2,1365.84,2 2,West,2,0,15
2,3,7,1,1366.272,2 2,South,2,0,15
2,3,7,1,1366.981,2 2,East,2,0,15
2,3,7,2,1367.601,2 3,East,2,0,15
2,3,7,3,1368.238,2 3,South,2,0,15
2,3,7,2,1368.915,2 3,South,2,0,16
2,3,7,1,1369.47,2 3,East,2,0,16
2,3,7,2,1370.082,2 3,East,2,0,17
2,3,7,1,1370.767,2 3,North,2,0,17
2,3,7,2,1371.395,1 3,North,2,0,17
2,3,7,3,1371.949,1 3,East,2,0,17
2,3,7,2,1372.512,1 4,East,2,0,17
2,3,7,3,1373.105,1 4,South,2,0,17
2,3,7,2,1373.678,2 4,South,2,0,17
2,3,7,2,1374.485,3 4,South,2,0,17
2,3,7,3,1375.214,3 4,West,2,0,17
2,3,7,2,1376.004,3 4,West,2,0,18
2,3,7,1,1376.386,3 4,South,2,0,18
2,3,7,2,1376.992,4 4,South,2,0,18
2,3,7,3,1377.517,4 4,West,2,0,18
2,3,7,2,1378.111,4 3,West,2,0,18
2,3,7,2,1378.815,4 2,West,2,0,18
2,3,7,2,1379.361,4 2,West,2,0,19
2,3,7,2,1380.017,4 2,West,2,0,20
2,3,7,3,1380.414,4 2,North,2,0,20
2,3,7,2,1381.073,3 2,North,2,0,20
2,3,7,1,1381.648,3 2,West,2,0,20
2,3,7,2,1382.237,3 1,West,2,0,20
2,3,7,1,1383.09,3 1,South,2,0,20
2,3,7,2,1383.759,3 1,South,2,0,21
2,3,7,3,1384.555,3 1,West,2,0,21
2,3,7,2,1385.167,3 1,West,2,0,22
2,3,7,3,1385.861,3 1,North,2,0,22
2,3,7,2,1386.517,2 1,North,2,0,22
2,3,7,1,1387.187,2 1,West,2,0,22
2,3,7,2,1387.731,2 1,West,2,0,23
2,3,7,2,1388.142,2 1,West,2,0,24
2,3,7,1,1388.594,2 1,South,2,0,24
2,3,7,1,1389.315,2 1,East,2,0,24
2,3,7,2,1389.872,2 1,East,2,0,25
2,3,7,1,1390.494,2 1,North,2,0,25
2,3,7,2,1391.004,1 1,North,2,0,25
2,3,7,3,1391.612,1 1,East,2,0,25
2,3,7,2,1392.209,1 1,East,2,0,26
2,3,7,1,1392.821,1 1,North,2,0,26
2,3,7,2,1393.506,1 1,North,2,0,27
2,3,7,1,1394.051,1 1,West,2,0,27
2,3,7,2,1394.643,1 0,West,2,0,27
2,3,7,1,1395.259,1 0,South,2,0,27
2,3,7,2,1396.003,2 0,South,2,0,27
2,3,7,2,1396.764,3 0,South,2,0,27
2,3,7,2,1397.54,4 0,South,2,0,27
2,3,7,1,1398.267,4 0,East,2,0,27
2,3,7,2,1399.021,4 1,East,2,0,27
2,3,7,6,1399.42,4 1,East,2,1,27
2,3,7,2,1399.958,4 1,East,2,1,28
2,3,7,1,1400.398,4 1,North,2,1,28
2,3,7,2,1401.029,4 1,North,2,1,29
2,3,7,1,1401.649,4 1,West,2,1,29
2,3,7,2,1402.26,4 0,West,2,1,29
2,3,7,2,1402.88,4 0,West,2,1,29
2,3,7,3,1403.345,4 0,North,2,1,29
2,3,7,2,1403.98,3 0,North,2,1,29
2,3,7,3,1404.751,3 0,East,2,1,29
2,3,7,2,1405.413,3 0,East,2,1,30
2,3,7,1,1405.935,3 0,North,2,1,30
2,3,7,2,1406.563,2 0,North,2,1,30
2,3,7,3,1407.28,2 0,East,2,1,30
2,3,7,2,1407.934,2 0,East,2,1,31
2,3,7,1,1408.482,2 0,North,2,1,31
2,3,7,2,1409.074,1 0,North,2,1,31
2,3,7,3,1409.695,1 0,East,2,1,31
2,3,7,2,1410.334,1 1,East,2,1,31
2,3,7,3,1410.882,1 1,South,2,1,31
2,3,7,2,1411.535,2 1,South,2,1,31
2,3,7,1,1412.188,2 1,East,2,1,31
2,3,7,2,1412.85,2 1,East,2,1,32
2,3,7,3,1413.44,2 1,South,2,1,32
2,3,7,2,1414.083,3 1,South,2,1,32
2,3,7,1,1414.607,3 1,East,2,1,32
2,3,7,2,1415.212,3 2,East,2,1,32
2,3,7,2,1416.021,3 3,East,2,1,32
2,3,7,6,1416.44,3 3,East,2,2,32
2,3,7,1,1416.995,3 3,North,2,2,32
2,3,7,1,1417.92,3 3,West,2,2,32
2,3,7,2,1418.546,3 2,West,2,2,32
2,3,7,2,1419.346,3 1,West,2,2,32
2,3,7,3,1419.892,3 1,North,2,2,32
2,3,7,2,1420.493,2 1,North,2,2,32
2,3,7,6,1420.88,2 1,North,2,3,32
2,3,7,3,1421.314,2 1,East,2,3,32
2,3,7,2,1421.989,2 1,East,2,3,33
2,3,7,1,1422.465,2 1,North,2,3,33
2,3,7,2,1423.108,1 1,North,2,3,33
2,3,7,2,1423.867,1 1,North,2,3,34
2,3,7,3,1424.413,1 1,East,2,3,34
2,3,7,2,1425.062,1 1,East,2,3,35
2,3,7,3,1426.033,1 1,South,2,3,35
2,3,7,2,1426.733,2 1,South,2,3,35
2,3,7,1,1427.377,2 1,East,2,3,35
2,3,7,2,1427.985,2 1,East,2,3,36
2,3,7,3,1428.607,2 1,South,2,3,36
2,3,7,2,1429.25,3 1,South,2,3,36
2,3,7,1,1430.157,3 1,East,2,3,36
2,3,7,2,1430.754,3 2,East,2,3,36
2,3,7,2,1431.534,3 3,East,2,3,36
2,3,7,1,1432.125,3 3,North,2,3,36
2,3,7,2,1432.753,3 3,North,2,3,37
2,3,7,3,1433.325,3 3,East,2,3,37
2,3,7,2,1433.955,3 3,East,2,3,38
2,3,7,1,1434.544,3 3,North,2,3,38
2,3,7,1,1435.219,3 3,West,2,3,38
2,3,7,2,1435.73,3 2,West,2,3,38
2,3,7,3,1436.356,3 2,North,2,3,38
2,3,7,2,1437.027,3 2,North,2,3,39
2,3,7,1,1437.516,3 2,West,2,3,39
2,3,7,2,1438.11,3 1,West,2,3,39
2,3,7,2,1438.796,3 1,West,2,3,40
2,3,7,3,1439.315,3 1,North,2,3,40
2,3,7,2,1439.89,2 1,North,2,3,40
2,3,7,3,1440.579,2 1,East,2,3,40
2,3,7,2,1441.261,2 1,East,2,3,41
2,3,7,1,1441.715,2 1,North,2,3,41
2,3,7,2,1442.71,1 1,North,2,3,41
2,3,7,3,1443.548,1 1,East,2,3,41
2,3,7,2,1444.204,1 1,East,2,3,42
2,3,7,1,1444.672,1 1,North,2,3,42
2,3,7,2,1445.332,1 1,North,2,3,43
2,3,7,1,1446.062,1 1,West,2,3,43
2,3,7,1,1446.881,1 1,South,2,3,43
2,3,7,2,1447.651,2 1,South,2,3,43
2,3,7,2,1448.316,3 1,South,2,3,43
2,3,7,1,1449.155,3 1,East,2,3,43
2,3,7,2,1449.809,3 2,East,2,3,43
2,3,7,2,1450.38,3 3,East,2,3,43
2,3,7,1,1450.944,3 3,North,2,3,43
2,3,7,2,1451.583,3 3,North,2,3,44
2,3,7,3,1452.64,3 3,East,2,3,44
2,3,7,2,1453.262,3 3,East,2,3,45
2,3,7,1,1453.775,3 3,North,2,3,45
2,3,7,1,1454.385,3 3,West,2,3,45
2,3,7,2,1454.992,3 2,West,2,3,45
2,3,7,2,1455.636,3 1,West,2,3,45
2,3,7,3,1456.334,3 1,North,2,3,45
2,3,7,2,1456.914,2 1,North,2,3,45
2,3,7,2,1457.619,1 1,North,2,3,45
2,3,7,3,1458.495,1 1,East,2,3,45
2,3,7,2,1459.149,1 1,East,2,3,46
2,3,7,1,1460.013,1 1,North,2,3,46
2,3,7,2,1460.668,1 1,North,2,3,47
2,3,7,3,1461.196,1 1,East,2,3,47
2,3,7,3,1462.033,1 1,South,2,3,47
2,3,7,2,1462.627,2 1,South,2,3,47
2,3,7,2,1463.359,3 1,South,2,3,47
2,3,7,1,1463.932,3 1,East,2,3,47
2,3,7,2,1464.653,3 2,East,2,3,47
2,3,7,2,1465.414,3 3,East,2,3,47
2,3,7,2,1466.349,3 3,East,2,3,48
2,3,7,1,1466.878,3 3,North,2,3,48
2,3,7,2,1467.584,3 3,North,2,3,49
2,3,7,2,1468.397,3 3,North,2,3,50
2,3,7,1,1468.848,3 3,West,2,3,50
2,3,7,1,1469.535,3 3,South,2,3,50
2,3,7,2,1470.099,3 3,South,2,3,51
2,3,7,2,1470.496,3 3,South,2,3,52
2,3,7,3,1471.489,3 3,West,2,3,52
2,3,7,2,1472.097,3 2,West,2,3,52
2,3,7,2,1472.67,3 1,West,2,3,52
2,3,7,3,1473.215,3 1,North,2,3,52
2,3,7,2,1473.774,2 1,North,2,3,52
2,3,7,3,1474.517,2 1,East,2,3,52
2,3,7,2,1475.132,2 1,East,2,3,53
2,3,7,1,1475.647,2 1,North,2,3,53
2,3,7,2,1476.24,1 1,North,2,3,53
2,3,7,3,1477.011,1 1,East,2,3,53
2,3,7,2,1477.838,1 1,East,2,3,54
2,3,7,1,1478.269,1 1,North,2,3,54
2,3,7,2,1478.99,1 1,North,2,3,55
2,3,7,1,1479.793,1 1,West,2,3,55
2,3,7,2,1480.451,1 0,West,2,3,55
2,3,7,3,1481.119,1 0,North,2,3,55
2,3,7,2,1481.774,1 0,North,2,3,56
2,3,7,3,1482.451,1 0,East,2,3,56
2,3,7,3,1483.218,1 0,South,2,3,56
2,3,7,2,1483.808,2 0,South,2,3,56
2,3,7,2,1484.419,3 0,South,2,3,56
2,3,7,1,1484.965,3 0,East,2,3,56
2,3,7,2,1485.596,3 0,East,2,3,57
2,3,7,1,1486.181,3 0,North,2,3,57
2,3,7,2,1486.836,2 0,North,2,3,57
2,3,7,3,1487.554,2 0,East,2,3,57
2,3,7,2,1488.255,2 0,East,2,3,58
2,3,7,3,1488.848,2 0,South,2,3,58
2,3,7,3,1489.505,2 0,West,2,3,58
2,3,7,1,1490.029,2 0,South,2,3,58
2,3,7,2,1490.7,3 0,South,2,3,58
2,3,7,2,1491.408,4 0,South,2,3,58
2,3,7,1,1491.953,4 0,East,2,3,58
2,3,7,2,1492.66,4 1,East,2,3,58
2,3,7,2,1493.356,4 1,East,2,3,59
2,3,7,1,1494.03,4 1,North,2,3,59
2,3,7,2,1494.636,4 1,North,2,3,60
2,3,7,3,1495.333,4 1,East,2,3,60
2,3,7,3,1496.347,4 1,South,2,3,60
2,3,7,3,1496.86,4 1,West,2,3,60
2,3,7,2,1497.573,4 0,West,2,3,60
2,3,7,3,1498.099,4 0,North,2,3,60
2,3,7,2,1498.703,3 0,North,2,3,60
2,3,7,2,1499.456,2 0,North,2,3,60
2,3,7,2,1500.164,1 0,North,2,3,60
2,3,7,2,1500.844,1 0,North,2,3,61
2,3,7,3,1501.346,1 0,East,2,3,61
2,3,7,2,1502.018,1 1,East,2,3,61
2,3,7,1,1502.916,1 1,North,2,3,61
2,3,7,2,1503.601,1 1,North,2,3,62
2,3,7,3,1504.099,1 1,East,2,3,62
2,3,7,2,1504.784,1 1,East,2,3,63
2,3,7,3,1505.519,1 1,South,2,3,63
2,3,7,2,1506.181,2 1,South,2,3,63
2,3,7,1,1506.862,2 1,East,2,3,63
2,3,7,2,1507.552,2 1,East,2,3,64
2,3,7,3,1508.124,2 1,South,2,3,64
2,3,7,2,1508.752,3 1,South,2,3,64
2,3,7,1,1509.292,3 1,East,2,3,64
2,3,7,2,1509.935,3 2,East,2,3,64
2,3,7,1,1510.7,3 2,North,2,3,64
2,3,7,2,1511.372,3 2,North,2,3,65
2,3,7,3,1511.826,3 2,East,2,3,65
2,3,7,2,1512.434,3 3,East,2,3,65
2,3,7,2,1513.155,3 3,East,2,3,66
2,3,7,1,1513.644,3 3,North,2,3,66
2,3,7,2,1514.255,3 3,North,2,3,67
2,3,7,3,1514.796,3 3,East,2,3,67
2,3,7,3,1515.458,3 3,South,2,3,67
2,3,7,2,1516.068,3 3,South,2,3,68
2,3,7,3,1516.844,3 3,West,2,3,68
2,3,7,2,1517.424,3 2,West,2,3,68
2,3,7,1,1518.003,3 2,South,2,3,68
2,3,7,2,1518.639,4 2,South,2,3,68
2,3,7,1,1519.236,4 2,East,2,3,68
2,3,7,2,1519.844,4 3,East,2,3,68
2,3,7,2,1520.542,4 4,East,2,3,68
2,3,7,1,1521.084,4 4,North,2,3,68
2,3,7,2,1521.698,3 4,North,2,3,68
2,3,7,2,1522.384,2 4,North,2,3,68
2,3,7,2,1522.976,1 4,North,2,3,68
2,3,7,2,1523.586,0 4,North,2,3,68
2,3,7,6,1523.98,0 4,North,2,4,68
2,3,7,1,1524.355,0 4,West,2,4,68
2,3,7,2,1525.234,0 3,West,2,4,68
2,3,7,2,1525.872,0 3,West,2,4,69
2,3,7,1,1526.371,0 3,South,2,4,69
2,3,7,2,1527.029,0 3,South,2,4,70
2,3,7,1,1527.796,0 3,East,2,4,70
2,3,7,2,1528.414,0 4,East,2,4,70
2,3,7,2,1529.021,0 4,East,2,4,70
2,3,7,3,1529.39,0 4,South,2,4,70
2,3,7,2,1529.971,1 4,South,2,4,70
2,3,7,2,1530.496,2 4,South,2,4,70
2,3,7,3,1531.308,2 4,West,2,4,70
2,3,7,2,1531.922,2 4,West,2,4,71
2,3,7,1,1532.556,2 4,South,2,4,71
2,3,7,2,1533.22,3 4,South,2,4,71
2,3,7,3,1533.887,3 4,West,2,4,71
2,3,7,2,1534.572,3 4,West,2,4,72
2,3,7,1,1535.103,3 4,South,2,4,72
2,3,7,2,1535.699,4 4,South,2,4,72
2,3,7,3,1536.578,4 4,West,2,4,72
2,3,7,2,1537.19,4 3,West,2,4,72
2,3,7,3,1537.869,4 3,North,2,4,72
2,3,7,2,1538.482,4 3,North,2,4,73
2,3,7,1,1538.932,4 3,West,2,4,73
2,3,7,2,1539.582,4 2,West,2,4,73
2,3,7,3,1540.195,4 2,North,2,4,73
2,3,7,2,1541.06,3 2,North,2,4,73
2,3,7,2,1541.807,3 2,North,2,4,74
2,3,7,1,1542.401,3 2,West,2,4,74
2,3,7,2,1543.076,3 1,West,2,4,74
2,3,7,3,1543.745,3 1,North,2,4,74
2,3,7,2,1544.467,2 1,North,2,4,74
2,3,7,2,1545.188,1 1,North,2,4,74
2,3,7,6,1545.58,1 1,North,2,5,74
2,3,7,3,1545.981,1 1,East,2,5,74
2,3,7,3,1546.539,1 1,South,2,5,74
2,3,7,2,1547.099,2 1,South,2,5,74
2,3,7,2,1547.919,3 1,South,2,5,74
2,3,7,2,1548.579,3 1,South,2,5,75
2,3,7,1,1549.262,3 1,East,2,5,75
2,3,7,2,1549.917,3 2,East,2,5,75
2,3,7,2,1550.638,3 3,East,2,5,75
2,3,7,3,1551.421,3 3,South,2,5,75
2,3,7,2,1552.033,3 3,South,2,5,76
2,3,7,2,1552.398,3 3,South,2,5,77
2,3,7,3,1552.687,3 3,West,2,5,77
2,3,7,2,1553.324,3 2,West,2,5,77
2,3,7,1,1553.886,3 2,South,2,5,77
2,3,7,2,1554.517,4 2,South,2,5,77
2,3,7,1,1555.33,4 2,East,2,5,77
2,3,7,2,1555.934,4 3,East,2,5,77
2,3,7,6,1556.34,4 3,East,2,6,77
2,3,7,1,1556.606,4 3,North,2,6,77
2,3,7,1,1557.125,4 3,West,2,6,77
2,3,7,3,1557.676,4 3,North,2,6,77
2,3,7,2,1558.388,4 3,North,2,6,78
2,3,7,1,1558.962,4 3,West,2,6,78
2,3,7,2,1559.582,4 2,West,2,6,78
2,3,7,2,1560.318,4 2,West,2,6,79
2,3,7,3,1560.925,4 2,North,2,6,79
2,3,7,3,1561.524,4 2,East,2,6,79
2,3,7,2,1562.189,4 3,East,2,6,79
2,3,7,2,1562.83,4 4,East,2,6,79
2,3,7,1,1563.348,4 4,North,2,6,79
2,3,7,2,1563.95,3 4,North,2,6,79
2,3,7,2,1564.579,2 4,North,2,6,79
2,3,7,2,1565.171,1 4,North,2,6,79
2,3,7,2,1565.756,0 4,North,2,6,79
2,3,7,1,1566.572,0 4,West,2,6,79
2,3,7,2,1567.357,0 3,West,2,6,79
2,3,7,2,1567.922,0 3,West,2,6,80
2,3,7,2,1568.156,0 3,West,2,6,81
2,3,7,1,1568.628,0 3,South,2,6,81
2,3,7,2,1569.197,0 3,South,2,6,82
2,3,7,1,1569.749,0 3,East,2,6,82
2,3,7,2,1570.348,0 4,East,2,6,82
2,3,7,3,1571.219,0 4,South,2,6,82
2,3,7,2,1571.793,1 4,South,2,6,82
2,3,7,3,1572.671,1 4,West,2,6,82
2,3,7,2,1573.349,1 3,West,2,6,82
2,3,7,2,1574.051,1 3,West,2,6,83
2,3,7,3,1574.529,1 3,North,2,6,83
2,3,7,2,1575.086,1 3,North,2,6,84
2,3,7,1,1575.646,1 3,West,2,6,84
2,3,7,1,1576.541,1 3,South,2,6,84
2,3,7,2,1577.205,2 3,South,2,6,84
2,3,7,3,1578.109,2 3,West,2,6,84
2,3,7,2,1578.753,2 2,West,2,6,84
2,3,7,3,1579.266,2 2,North,2,6,84
2,3,7,2,1579.924,1 2,North,2,6,84
2,3,7,2,1580.532,0 2,North,2,6,84
2,3,7,6,1580.92,0 2,North,2,7,84
2,3,7,1,1581.427,0 2,West,2,7,84
2,3,7,1,1582.029,0 2,South,2,7,84
2,3,7,2,1582.817,1 2,South,2,7,84
2,3,7,2,1583.346,2 2,South,2,7,84
2,3,7,1,1584.132,2 2,East,2,7,84
2,3,7,2,1584.814,2 3,East,2,7,84
2,3,7,6,1585.22,2 3,East,2,8,84
1,3,8,1,1590.7,4 3,North,2,0,84
1,3,8,1,1591.788,4 2,North,2,0,84
1,3,8,6,1592.18,4 2,North,2,1,84
1,3,8,3,1592.85,4 3,North,2,1,84
1,3,8,3,1593.677,4 4,North,2,1,84
1,3,8,3,1594.336,4 4,North,2,1,84
1,3,8,2,1594.572,3 4,North,2,1,84
1,3,8,2,1595.378,2 4,North,2,1,84
1,3,8,6,1595.76,2 4,North,2,2,84
1,3,8,2,1595.968,1 4,North,2,2,84
1,3,8,1,1596.783,1 3,North,2,2,84
1,3,8,4,1597.326,2 3,North,2,2,84
1,3,8,1,1597.906,2 2,North,2,2,84
1,3,8,2,1598.444,1 2,North,2,2,84
1,3,8,2,1599.058,0 2,North,2,2,84
1,3,8,6,1599.44,0 2,North,2,3,84
1,3,8,4,1599.761,1 2,North,2,3,84
1,3,8,4,1600.388,2 2,North,2,3,84
1,3,8,3,1601.359,2 3,North,2,3,84
1,3,8,2,1602,1 3,North,2,3,84
1,3,8,3,1602.59,1 4,North,2,3,84
1,3,8,4,1603.26,2 4,North,2,3,84
1,3,8,4,1604.063,3 4,North,2,3,84
1,3,8,4,1604.579,4 4,North,2,3,84
1,3,8,1,1605.344,4 3,North,2,3,84
1,3,8,1,1606.171,4 2,North,2,3,84
1,3,8,2,1607.021,3 2,North,2,3,84
1,3,8,1,1607.612,3 1,North,2,3,84
1,3,8,2,1608.22,2 1,North,2,3,84
1,3,8,2,1609.053,1 1,North,2,3,84
1,3,8,1,1609.651,1 0,North,2,3,84
1,3,8,6,1610.06,1 0,North,2,4,84
1,3,8,3,1610.245,1 1,North,2,4,84
1,3,8,4,1610.865,2 1,North,2,4,84
1,3,8,4,1611.505,3 1,North,2,4,84
1,3,8,3,1612.05,3 2,North,2,4,84
1,3,8,4,1612.66,4 2,North,2,4,84
1,3,8,3,1613.186,4 3,North,2,4,84
1,3,8,3,1613.9,4 4,North,2,4,84
1,3,8,2,1614.515,3 4,North,2,4,84
1,3,8,2,1615.039,2 4,North,2,4,84
1,3,8,2,1615.554,1 4,North,2,4,84
1,3,8,1,1616.258,1 3,North,2,4,84
1,3,8,4,1616.782,2 3,North,2,4,84
1,3,8,1,1617.356,2 2,North,2,4,84
1,3,8,2,1617.874,1 2,North,2,4,84
1,3,8,2,1618.525,0 2,North,2,4,84
1,3,8,1,1619.085,0 1,North,2,4,84
1,3,8,6,1619.48,0 1,North,2,5,84
1,3,8,3,1619.715,0 2,North,2,5,84
1,3,8,4,1620.24,1 2,North,2,5,84
1,3,8,4,1621.01,2 2,North,2,5,84
1,3,8,3,1621.983,2 3,North,2,5,84
1,3,8,2,1622.558,1 3,North,2,5,84
1,3,8,3,1623.634,1 4,North,2,5,84
1,3,8,4,1624.162,2 4,North,2,5,84
1,3,8,4,1624.723,3 4,North,2,5,84
1,3,8,4,1625.556,4 4,North,2,5,84
1,3,8,1,1626.323,4 3,North,2,5,84
1,3,8,6,1626.74,4 3,North,2,6,84
1,3,8,1,1626.914,4 2,North,2,6,84
1,3,8,3,1627.741,4 3,North,2,6,84
1,3,8,3,1628.285,4 4,North,2,6,84
1,3,8,2,1629.083,3 4,North,2,6,84
1,3,8,6,1629.46,3 4,North,2,7,84
1,3,8,2,1629.938,2 4,North,2,7,84
1,3,8,2,1630.846,1 4,North,2,7,84
1,3,8,1,1631.422,1 3,North,2,7,84
1,3,8,4,1631.965,2 3,North,2,7,84
1,3,8,1,1632.608,2 2,North,2,7,84
1,3,8,2,1633.168,1 2,North,2,7,84
1,3,8,6,1633.56,1 2,North,2,8,84
2,3,8,2,1636.847,3 4,North,2,0,0
2,3,8,2,1637.468,2 4,North,2,0,0
2,3,8,2,1638.127,1 4,North,2,0,0
2,3,8,2,1638.847,0 4,North,2,0,0
2,3,8,1,1639.805,0 4,West,2,0,0
2,3,8,2,1640.462,0 3,West,2,0,0
2,3,8,2,1641.149,0 3,West,2,0,1
2,3,8,1,1641.695,0 3,South,2,0,1
2,3,8,2,1642.306,0 3,South,2,0,2
2,3,8,1,1642.892,0 3,East,2,0,2
2,3,8,2,1643.472,0 4,East,2,0,2
2,3,8,3,1644.108,0 4,South,2,0,2
2,3,8,2,1644.719,1 4,South,2,0,2
2,3,8,3,1645.407,1 4,West,2,0,2
2,3,8,2,1646.061,1 3,West,2,0,2
2,3,8,2,1646.75,1 3,West,2,0,3
2,3,8,3,1647.294,1 3,North,2,0,3
2,3,8,2,1647.87,1 3,North,2,0,4
2,3,8,1,1648.301,1 3,West,2,0,4
2,3,8,1,1648.979,1 3,South,2,0,4
2,3,8,2,1649.553,2 3,South,2,0,4
2,3,8,2,1650.189,2 3,South,2,0,5
2,3,8,1,1650.957,2 3,East,2,0,5
2,3,8,2,1651.538,2 3,East,2,0,6
2,3,8,3,1652.143,2 3,South,2,0,6
2,3,8,3,1652.734,2 3,West,2,0,6
2,3,8,2,1653.294,2 2,West,2,0,6
2,3,8,3,1653.825,2 2,North,2,0,6
2,3,8,2,1654.465,1 2,North,2,0,6
2,3,8,2,1655.085,0 2,North,2,0,6
2,3,8,1,1655.827,0 2,West,2,0,6
2,3,8,2,1656.419,0 1,West,2,0,6
2,3,8,6,1656.84,0 1,West,2,1,6
2,3,8,1,1657.388,0 1,South,2,1,6
2,3,8,2,1658.112,0 1,South,2,1,7
2,3,8,1,1658.621,0 1,East,2,1,7
2,3,8,2,1659.269,0 2,East,2,1,7
2,3,8,2,1660.06,0 2,East,2,1,8
2,3,8,3,1660.542,0 2,South,2,1,8
2,3,8,2,1661.151,1 2,South,2,1,8
2,3,8,1,1662.096,1 2,East,2,1,8
2,3,8,2,1662.741,1 2,East,2,1,9
2,3,8,3,1663.19,1 2,South,2,1,9
2,3,8,2,1663.761,2 2,South,2,1,9
2,3,8,1,1664.482,2 2,East,2,1,9
2,3,8,2,1665.106,2 3,East,2,1,9
2,3,8,2,1665.82,2 3,East,2,1,10
2,3,8,3,1666.386,2 3,South,2,1,10
2,3,8,2,1666.972,2 3,South,2,1,11
2,3,8,3,1667.693,2 3,West,2,1,11
2,3,8,2,1668.262,2 2,West,2,1,11
2,3,8,1,1668.832,2 2,South,2,1,11
2,3,8,2,1669.396,2 2,South,2,1,12
2,3,8,3,1670.608,2 2,West,2,1,12
2,3,8,2,1671.248,2 2,West,2,1,13
2,3,8,1,1671.807,2 2,South,2,1,13
2,3,8,1,1672.418,2 2,East,2,1,13
2,3,8,2,1672.941,2 3,East,2,1,13
2,3,8,2,1673.677,2 3,East,2,1,14
2,3,8,3,1674.158,2 3,South,2,1,14
2,3,8,2,1674.812,2 3,South,2,1,15
2,3,8,3,1675.716,2 3,West,2,1,15
2,3,8,3,1676.446,2 3,North,2,1,15
2,3,8,2,1677.087,1 3,North,2,1,15
2,3,8,1,1677.823,1 3,West,2,1,15
2,3,8,2,1678.387,1 3,West,2,1,16
2,3,8,1,1679.119,1 3,South,2,1,16
2,3,8,2,1679.724,2 3,South,2,1,16
2,3,8,1,1680.341,2 3,East,2,1,16
2,3,8,2,1680.961,2 3,East,2,1,17
2,3,8,3,1681.425,2 3,South,2,1,17
2,3,8,2,1682.018,2 3,South,2,1,18
2,3,8,2,1682.43,2 3,South,2,1,19
2,3,8,3,1682.814,2 3,West,2,1,19
2,3,8,2,1683.424,2 2,West,2,1,19
2,3,8,1,1684.03,2 2,South,2,1,19
2,3,8,2,1684.677,2 2,South,2,1,20
2,3,8,3,1685.378,2 2,West,2,1,20
2,3,8,2,1686.046,2 2,West,2,1,21
2,3,8,3,1686.68,2 2,North,2,1,21
2,3,8,2,1687.489,1 2,North,2,1,21
2,3,8,1,1688.255,1 2,West,2,1,21
2,3,8,2,1688.863,1 2,West,2,1,22
2,3,8,3,1689.468,1 2,North,2,1,22
2,3,8,3,1690.117,1 2,East,2,1,22
2,3,8,2,1690.964,1 2,East,2,1,23
2,3,8,1,1691.49,1 2,North,2,1,23
2,3,8,2,1692.159,0 2,North,2,1,23
2,3,8,3,1692.738,0 2,East,2,1,23
2,3,8,2,1693.283,0 2,East,2,1,24
2,3,8,3,1694.291,0 2,South,2,1,24
2,3,8,2,1696.75,1 2,South,2,1,24
2,3,8,1,1697.634,1 2,East,2,1,24
2,3,8,2,1698.27,1 2,East,2,1,25
2,3,8,3,1698.814,1 2,South,2,1,25
2,3,8,2,1699.46,2 2,South,2,1,25
2,3,8,1,1699.982,2 2,East,2,1,25
2,3,8,2,1700.576,2 3,East,2,1,25
2,3,8,2,1701.298,2 3,East,2,1,26
2,3,8,3,1701.846,2 3,South,2,1,26
2,3,8,2,1702.611,2 3,South,2,1,27
2,3,8,2,1703.395,2 3,South,2,1,28
2,3,8,3,1703.647,2 3,West,2,1,28
2,3,8,2,1704.306,2 2,West,2,1,28
2,3,8,1,1705.123,2 2,South,2,1,28
2,3,8,2,1705.741,2 2,South,2,1,29
2,3,8,3,1706.548,2 2,West,2,1,29
2,3,8,2,1707.215,2 2,West,2,1,30
2,3,8,3,1708.012,2 2,North,2,1,30
2,3,8,2,1708.621,1 2,North,2,1,30
2,3,8,2,1709.164,0 2,North,2,1,30
2,3,8,1,1709.94,0 2,West,2,1,30
2,3,8,2,1710.578,0 1,West,2,1,30
2,3,8,2,1711.268,0 0,West,2,1,30
2,3,8,1,1711.938,0 0,South,2,1,30
2,3,8,2,1712.502,0 0,South,2,1,31
2,3,8,1,1713.056,0 0,East,2,1,31
2,3,8,2,1713.604,0 1,East,2,1,31
2,3,8,3,1714.319,0 1,South,2,1,31
2,3,8,2,1714.961,0 1,South,2,1,32
2,3,8,1,1715.523,0 1,East,2,1,32
2,3,8,2,1716.096,0 2,East,2,1,32
2,3,8,2,1716.896,0 2,East,2,1,33
2,3,8,3,1717.762,0 2,South,2,1,33
2,3,8,2,1718.437,1 2,South,2,1,33
2,3,8,1,1719.12,1 2,East,2,1,33
2,3,8,2,1719.715,1 2,East,2,1,34
2,3,8,3,1720.195,1 2,South,2,1,34
2,3,8,2,1720.88,2 2,South,2,1,34
2,3,8,2,1721.629,2 2,South,2,1,35
2,3,8,2,1722.145,2 2,South,2,1,36
2,3,8,1,1722.78,2 2,East,2,1,36
2,3,8,2,1723.376,2 3,East,2,1,36
2,3,8,2,1724.156,2 3,East,2,1,37
2,3,8,3,1724.591,2 3,South,2,1,37
2,3,8,2,1725.219,2 3,South,2,1,38
2,3,8,2,1725.699,2 3,South,2,1,39
2,3,8,3,1726.017,2 3,West,2,1,39
2,3,8,2,1726.7,2 2,West,2,1,39
2,3,8,1,1727.377,2 2,South,2,1,39
2,3,8,2,1728.048,2 2,South,2,1,40
2,3,8,3,1728.622,2 2,West,2,1,40
2,3,8,2,1729.281,2 2,West,2,1,41
2,3,8,3,1729.972,2 2,North,2,1,41
2,3,8,2,1730.573,1 2,North,2,1,41
2,3,8,1,1731.2,1 2,West,2,1,41
2,3,8,2,1731.758,1 2,West,2,1,42
2,3,8,2,1732.146,1 2,West,2,1,43
2,3,8,3,1732.51,1 2,North,2,1,43
2,3,8,2,1733.139,0 2,North,2,1,43
2,3,8,1,1733.984,0 2,West,2,1,43
2,3,8,2,1734.818,0 1,West,2,1,43
2,3,8,2,1735.556,0 0,West,2,1,43
2,3,8,1,1736.069,0 0,South,2,1,43
2,3,8,2,1736.607,0 0,South,2,1,44
2,3,8,2,1736.894,0 0,South,2,1,45
2,3,8,1,1737.317,0 0,East,2,1,45
2,3,8,2,1738.364,0 1,East,2,1,45
2,3,8,3,1739.118,0 1,South,2,1,45
2,3,8,2,1739.826,0 1,South,2,1,46
2,3,8,2,1740.431,0 1,South,2,1,47
2,3,8,1,1740.749,0 1,East,2,1,47
2,3,8,2,1741.391,0 2,East,2,1,47
2,3,8,2,1742.325,0 2,East,2,1,48
2,3,8,3,1742.877,0 2,South,2,1,48
2,3,8,2,1743.572,1 2,South,2,1,48
2,3,8,2,1744.3,2 2,South,2,1,48
2,3,8,2,1745.008,2 2,South,2,1,49
2,3,8,1,1745.714,2 2,East,2,1,49
2,3,8,2,1746.435,2 3,East,2,1,49
2,3,8,3,1747.244,2 3,South,2,1,49
2,3,8,2,1747.918,2 3,South,2,1,50
2,3,8,3,1748.562,2 3,West,2,1,50
2,3,8,2,1749.199,2 2,West,2,1,50
2,3,8,1,1749.903,2 2,South,2,1,50
2,3,8,2,1750.511,2 2,South,2,1,51
2,3,8,3,1751.244,2 2,West,2,1,51
2,3,8,2,1751.918,2 2,West,2,1,52
2,3,8,1,1752.817,2 2,South,2,1,52
2,3,8,3,1753.426,2 2,West,2,1,52
2,3,8,2,1754.109,2 2,West,2,1,53
2,3,8,3,1754.867,2 2,North,2,1,53
2,3,8,2,1755.55,1 2,North,2,1,53
2,3,8,1,1756.301,1 2,West,2,1,53
2,3,8,2,1756.963,1 2,West,2,1,54
2,3,8,3,1757.645,1 2,North,2,1,54
2,3,8,2,1758.302,0 2,North,2,1,54
2,3,8,1,1759.025,0 2,West,2,1,54
2,3,8,2,1759.743,0 1,West,2,1,54
2,3,8,2,1760.575,0 0,West,2,1,54
2,3,8,1,1761.253,0 0,South,2,1,54
2,3,8,2,1762.065,0 0,South,2,1,55
2,3,8,1,1762.749,0 0,East,2,1,55
2,3,8,3,1764.03,0 0,South,2,1,55
2,3,8,2,1764.686,0 0,South,2,1,56
2,3,8,1,1765.14,0 0,East,2,1,56
2,3,8,2,1765.73,0 1,East,2,1,56
2,3,8,3,1766.366,0 1,South,2,1,56
2,3,8,2,1766.988,0 1,South,2,1,57
2,3,8,1,1767.677,0 1,East,2,1,57
2,3,8,2,1768.349,0 2,East,2,1,57
2,3,8,2,1769.055,0 2,East,2,1,58
2,3,8,3,1769.582,0 2,South,2,1,58
2,3,8,2,1770.284,1 2,South,2,1,58
2,3,8,2,1771.073,2 2,South,2,1,58
2,3,8,1,1771.837,2 2,East,2,1,58
2,3,8,2,1772.624,2 3,East,2,1,58
2,3,8,1,1773.748,2 3,North,2,1,58
2,3,8,2,1774.355,1 3,North,2,1,58
2,3,8,3,1774.869,1 3,East,2,1,58
2,3,8,2,1775.391,1 4,East,2,1,58
2,3,8,3,1776.204,1 4,South,2,1,58
2,3,8,2,1776.789,2 4,South,2,1,58
2,3,8,6,1777.16,2 4,South,2,2,58
2,3,8,3,1777.555,2 4,West,2,2,58
2,3,8,2,1778.163,2 4,West,2,2,59
2,3,8,1,1778.773,2 4,South,2,2,59
2,3,8,2,1779.44,3 4,South,2,2,59
2,3,8,2,1780.173,4 4,South,2,2,59
2,3,8,3,1781.011,4 4,West,2,2,59
2,3,8,2,1781.694,4 3,West,2,2,59
2,3,8,6,1782.1,4 3,West,2,3,59
2,3,8,3,1782.467,4 3,North,2,3,59
2,3,8,3,1783.491,4 3,East,2,3,59
2,3,8,2,1784.125,4 4,East,2,3,59
2,3,8,1,1784.805,4 4,North,2,3,59
2,3,8,2,1785.524,3 4,North,2,3,59
2,3,8,6,1785.9,3 4,North,2,4,59
2,3,8,1,1786.253,3 4,West,2,4,59
2,3,8,2,1786.948,3 4,West,2,4,60
2,3,8,3,1787.505,3 4,North,2,4,60
2,3,8,2,1788.173,2 4,North,2,4,60
2,3,8,1,1789.006,2 4,West,2,4,60
2,3,8,2,1789.717,2 4,West,2,4,61
2,3,8,3,1790.3,2 4,North,2,4,61
2,3,8,2,1790.949,1 4,North,2,4,61
2,3,8,1,1791.611,1 4,West,2,4,61
2,3,8,2,1792.324,1 3,West,2,4,61
2,3,8,2,1793.133,1 3,West,2,4,62
2,3,8,1,1793.651,1 3,South,2,4,62
2,3,8,2,1794.334,2 3,South,2,4,62
2,3,8,2,1795.152,2 3,South,2,4,63
2,3,8,3,1795.702,2 3,West,2,4,63
2,3,8,2,1796.385,2 2,West,2,4,63
2,3,8,2,1797.219,2 2,West,2,4,64
2,3,8,3,1797.773,2 2,North,2,4,64
2,3,8,2,1798.431,1 2,North,2,4,64
2,3,8,1,1799.005,1 2,West,2,4,64
2,3,8,2,1799.794,1 2,West,2,4,65
2,3,8,1,1800.419,1 2,South,2,4,65
2,3,8,2,1801.118,2 2,South,2,4,65
2,3,8,2,1801.906,2 2,South,2,4,66
2,3,8,3,1802.559,2 2,West,2,4,66
2,3,8,3,1803.214,2 2,North,2,4,66
2,3,8,2,1803.795,1 2,North,2,4,66
2,3,8,2,1804.432,0 2,North,2,4,66
2,3,8,1,1804.963,0 2,West,2,4,66
2,3,8,2,1805.557,0 1,West,2,4,66
2,3,8,2,1806.466,0 0,West,2,4,66
2,3,8,1,1807.087,0 0,South,2,4,66
2,3,8,2,1807.749,0 0,South,2,4,67
2,3,8,1,1808.354,0 0,East,2,4,67
2,3,8,2,1808.895,0 1,East,2,4,67
2,3,8,3,1809.532,0 1,South,2,4,67
2,3,8,2,1810.14,0 1,South,2,4,68
2,3,8,1,1810.896,0 1,East,2,4,68
2,3,8,2,1811.533,0 2,East,2,4,68
2,3,8,3,1812.192,0 2,South,2,4,68
2,3,8,2,1812.752,1 2,South,2,4,68
2,3,8,3,1813.326,1 2,West,2,4,68
2,3,8,2,1814.033,1 2,West,2,4,69
2,3,8,1,1814.511,1 2,South,2,4,69
2,3,8,2,1815.086,2 2,South,2,4,69
2,3,8,3,1815.794,2 2,West,2,4,69
2,3,8,2,1816.46,2 2,West,2,4,70
2,3,8,1,1816.996,2 2,South,2,4,70
2,3,8,2,1817.666,2 2,South,2,4,71
2,3,8,1,1818.863,2 2,East,2,4,71
2,3,8,2,1819.565,2 3,East,2,4,71
2,3,8,3,1820.253,2 3,South,2,4,71
2,3,8,2,1820.894,2 3,South,2,4,72
2,3,8,1,1821.533,2 3,East,2,4,72
2,3,8,2,1822.205,2 3,East,2,4,73
2,3,8,1,1822.956,2 3,North,2,4,73
2,3,8,2,1823.601,1 3,North,2,4,73
2,3,8,2,1824.413,1 3,North,2,4,74
2,3,8,3,1824.961,1 3,East,2,4,74
2,3,8,2,1825.602,1 4,East,2,4,74
2,3,8,3,1826.365,1 4,South,2,4,74
2,3,8,2,1827.091,2 4,South,2,4,74
2,3,8,2,1827.887,3 4,South,2,4,74
2,3,8,2,1828.677,4 4,South,2,4,74
2,3,8,3,1829.268,4 4,West,2,4,74
2,3,8,2,1830.036,4 3,West,2,4,74
2,3,8,2,1830.78,4 2,West,2,4,74
2,3,8,2,1831.501,4 2,West,2,4,75
2,3,8,3,1832.002,4 2,North,2,4,75
2,3,8,2,1832.641,3 2,North,2,4,75
2,3,8,1,1833.379,3 2,West,2,4,75
2,3,8,2,1833.98,3 1,West,2,4,75
2,3,8,2,1834.735,3 1,West,2,4,76
2,3,8,3,1835.26,3 1,North,2,4,76
2,3,8,2,1835.95,2 1,North,2,4,76
2,3,8,1,1836.595,2 1,West,2,4,76
2,3,8,2,1837.294,2 1,West,2,4,77
2,3,8,3,1837.917,2 1,North,2,4,77
2,3,8,2,1838.531,1 1,North,2,4,77
2,3,8,1,1839.104,1 1,West,2,4,77
2,3,8,2,1839.78,1 0,West,2,4,77
2,3,8,1,1840.381,1 0,South,2,4,77
2,3,8,2,1840.976,2 0,South,2,4,77
2,3,8,6,1841.34,2 0,South,2,5,77
2,3,8,1,1841.637,2 0,East,2,5,77
2,3,8,2,1842.412,2 0,East,2,5,78
2,3,8,1,1842.867,2 0,North,2,5,78
2,3,8,2,1843.51,1 0,North,2,5,78
2,3,8,2,1844.132,1 0,North,2,5,79
2,3,8,3,1844.606,1 0,East,2,5,79
2,3,8,2,1845.234,1 1,East,2,5,79
2,3,8,2,1845.956,1 1,East,2,5,80
2,3,8,3,1846.499,1 1,South,2,5,80
2,3,8,2,1847.121,2 1,South,2,5,80
2,3,8,1,1847.645,2 1,East,2,5,80
2,3,8,2,1848.195,2 1,East,2,5,81
2,3,8,1,1848.914,2 1,North,2,5,81
2,3,8,2,1849.618,1 1,North,2,5,81
2,3,8,2,1850.382,1 1,North,2,5,82
2,3,8,3,1850.958,1 1,East,2,5,82
2,3,8,3,1851.651,1 1,South,2,5,82
2,3,8,2,1852.285,2 1,South,2,5,82
2,3,8,2,1852.959,3 1,South,2,5,82
2,3,8,1,1853.57,3 1,East,2,5,82
2,3,8,2,1854.158,3 2,East,2,5,82
2,3,8,1,1854.878,3 2,North,2,5,82
2,3,8,2,1855.484,3 2,North,2,5,83
2,3,8,3,1856.135,3 2,East,2,5,83
2,3,8,2,1856.673,3 3,East,2,5,83
2,3,8,1,1857.284,3 3,North,2,5,83
2,3,8,2,1857.891,3 3,North,2,5,84
2,3,8,3,1858.576,3 3,East,2,5,84
2,3,8,2,1859.28,3 3,East,2,5,85
2,3,8,3,1859.964,3 3,South,2,5,85
2,3,8,2,1860.596,3 3,South,2,5,86
2,3,8,3,1861.356,3 3,West,2,5,86
2,3,8,2,1862.005,3 2,West,2,5,86
2,3,8,3,1862.644,3 2,North,2,5,86
2,3,8,2,1863.25,3 2,North,2,5,87
2,3,8,1,1863.728,3 2,West,2,5,87
2,3,8,2,1864.357,3 1,West,2,5,87
2,3,8,3,1864.942,3 1,North,2,5,87
2,3,8,2,1865.634,2 1,North,2,5,87
2,3,8,2,1866.482,1 1,North,2,5,87
2,3,8,3,1867.027,1 1,East,2,5,87
2,3,8,2,1867.597,1 1,East,2,5,88
2,3,8,1,1868.096,1 1,North,2,5,88
2,3,8,2,1868.731,1 1,North,2,5,89
2,3,8,2,1869.41,1 1,North,2,5,90
2,3,8,1,1869.811,1 1,West,2,5,90
2,3,8,2,1870.384,1 0,West,2,5,90
2,3,8,3,1870.981,1 0,North,2,5,90
2,3,8,2,1871.566,1 0,North,2,5,91
2,3,8,3,1872.557,1 0,East,2,5,91
2,3,8,3,1873.231,1 0,South,2,5,91
2,3,8,2,1873.759,2 0,South,2,5,91
2,3,8,1,1874.349,2 0,East,2,5,91
2,3,8,2,1874.924,2 0,East,2,5,92
2,3,8,3,1875.583,2 0,South,2,5,92
2,3,8,2,1876.205,3 0,South,2,5,92
2,3,8,1,1876.853,3 0,East,2,5,92
2,3,8,2,1877.489,3 0,East,2,5,93
2,3,8,3,1878.222,3 0,South,2,5,93
2,3,8,2,1878.927,4 0,South,2,5,93
2,3,8,1,1879.487,4 0,East,2,5,93
2,3,8,2,1880.051,4 1,East,2,5,93
2,3,8,2,1880.899,4 1,East,2,5,94
2,3,8,1,1881.457,4 1,North,2,5,94
2,3,8,2,1882.083,4 1,North,2,5,95
2,3,8,3,1882.709,4 1,East,2,5,95
2,3,8,2,1884.111,4 1,East,2,5,96
2,3,8,3,1884.468,4 1,South,2,5,96
2,3,8,3,1885.147,4 1,West,2,5,96
2,3,8,2,1901.84,4 0,West,2,5,96
2,3,8,3,1902.684,4 0,North,2,5,96
2,3,8,3,1903.421,4 0,East,2,5,96
2,3,8,2,1903.954,4 1,East,2,5,96
2,3,8,2,1904.478,4 1,East,2,5,97
2,3,8,1,1904.627,4 1,North,2,5,97
2,3,8,2,1905.264,4 1,North,2,5,98
2,3,8,1,1905.79,4 1,West,2,5,98
2,3,8,2,1906.461,4 0,West,2,5,98
2,3,8,3,1906.995,4 0,North,2,5,98
2,3,8,2,1907.525,3 0,North,2,5,98
2,3,8,2,1908.22,2 0,North,2,5,98
2,3,8,2,1908.9,1 0,North,2,5,98
2,3,8,3,1909.427,1 0,East,2,5,98
2,3,8,2,1910.065,1 1,East,2,5,98
2,3,8,2,1910.813,1 1,East,2,5,99
2,3,8,1,1911.374,1 1,North,2,5,99
2,3,8,2,1912.052,1 1,North,2,5,100
2,3,8,3,1912.619,1 1,East,2,5,100
2,3,8,3,1913.308,1 1,South,2,5,100
2,3,8,2,1916.638,2 1,South,2,5,100
2,3,8,1,1917.151,2 1,East,2,5,100
2,3,8,2,1917.841,2 1,East,2,5,101
2,3,8,1,1918.623,2 1,North,2,5,101
2,3,8,2,1919.283,1 1,North,2,5,101
2,3,8,3,1919.855,1 1,East,2,5,101
2,3,8,2,1920.481,1 1,East,2,5,102
2,3,8,1,1920.91,1 1,North,2,5,102
2,3,8,2,1921.572,1 1,North,2,5,103
2,3,8,3,1921.995,1 1,East,2,5,103
2,3,8,3,1922.596,1 1,South,2,5,103
2,3,8,2,1923.247,2 1,South,2,5,103
2,3,8,2,1923.842,3 1,South,2,5,103
2,3,8,1,1924.405,3 1,East,2,5,103
2,3,8,2,1924.964,3 2,East,2,5,103
2,3,8,1,1925.486,3 2,North,2,5,103
2,3,8,2,1926.034,3 2,North,2,5,104
2,3,8,3,1926.785,3 2,East,2,5,104
2,3,8,2,1927.437,3 3,East,2,5,104
2,3,8,1,1928.051,3 3,North,2,5,104
2,3,8,2,1928.734,3 3,North,2,5,105
2,3,8,3,1929.325,3 3,East,2,5,105
2,3,8,2,1930.033,3 3,East,2,5,106
2,3,8,3,1930.699,3 3,South,2,5,106
2,3,8,2,1931.345,3 3,South,2,5,107
2,3,8,3,1932.066,3 3,West,2,5,107
2,3,8,2,1932.674,3 2,West,2,5,107
2,3,8,2,1933.379,3 1,West,2,5,107
2,3,8,3,1933.921,3 1,North,2,5,107
2,3,8,2,1934.588,2 1,North,2,5,107
2,3,8,2,1935.325,1 1,North,2,5,107
2,3,8,3,1936.222,1 1,East,2,5,107
2,3,8,2,1936.895,1 1,East,2,5,108
2,3,8,1,1937.42,1 1,North,2,5,108
2,3,8,1,1938.284,1 1,West,2,5,108
2,3,8,2,1938.885,1 0,West,2,5,108
2,3,8,2,1939.726,1 0,West,2,5,108
2,3,8,3,1940.085,1 0,North,2,5,108
2,3,8,2,1940.72,1 0,North,2,5,109
2,3,8,3,1941.298,1 0,East,2,5,109
2,3,8,2,1942.108,1 1,East,2,5,109
2,3,8,3,1942.756,1 1,South,2,5,109
2,3,8,2,1943.36,2 1,South,2,5,109
2,3,8,1,1944.004,2 1,East,2,5,109
2,3,8,2,1944.59,2 1,East,2,5,110
2,3,8,1,1945.105,2 1,North,2,5,110
2,3,8,2,1945.66,1 1,North,2,5,110
2,3,8,2,1946.401,1 1,North,2,5,111
2,3,8,3,1946.98,1 1,East,2,5,111
2,3,8,3,1947.57,1 1,South,2,5,111
2,3,8,2,1949.342,2 1,South,2,5,111
2,3,8,2,1951.502,3 1,South,2,5,111
2,3,8,1,1952.178,3 1,East,2,5,111
2,3,8,2,1952.813,3 2,East,2,5,111
2,3,8,1,1953.474,3 2,North,2,5,111
2,3,8,2,1954.081,3 2,North,2,5,112
2,3,8,3,1954.654,3 2,East,2,5,112
2,3,8,2,1955.393,3 3,East,2,5,112
2,3,8,1,1956.034,3 3,North,2,5,112
2,3,8,2,1956.801,3 3,North,2,5,113
2,3,8,3,1957.604,3 3,East,2,5,113
2,3,8,2,1958.437,3 3,East,2,5,114
2,3,8,3,1959.196,3 3,South,2,5,114
2,3,8,2,1959.886,3 3,South,2,5,115
2,3,8,3,1960.839,3 3,West,2,5,115
2,3,8,2,1961.522,3 2,West,2,5,115
2,3,8,1,1962.206,3 2,South,2,5,115
2,3,8,2,1962.816,4 2,South,2,5,115
2,3,8,1,1963.436,4 2,East,2,5,115
2,3,8,2,1964.116,4 3,East,2,5,115
2,3,8,2,1964.834,4 4,East,2,5,115
2,3,8,1,1965.379,4 4,North,2,5,115
2,3,8,2,1966.001,3 4,North,2,5,115
2,3,8,2,1966.735,2 4,North,2,5,115
2,3,8,2,1967.279,1 4,North,2,5,115
2,3,8,1,1967.79,1 4,West,2,5,115
2,3,8,2,1968.452,1 3,West,2,5,115
2,3,8,2,1969.061,1 3,West,2,5,116
2,3,8,3,1969.713,1 3,North,2,5,116
2,3,8,2,1970.419,1 3,North,2,5,117
2,3,8,3,1971.044,1 3,East,2,5,117
2,3,8,2,1971.677,1 4,East,2,5,117
2,3,8,1,1972.236,1 4,North,2,5,117
2,3,8,2,1972.865,0 4,North,2,5,117
2,3,8,1,1973.388,0 4,West,2,5,117
2,3,8,2,1974.286,0 3,West,2,5,117
2,3,8,2,1975.024,0 3,West,2,5,118
2,3,8,1,1975.585,0 3,South,2,5,118
2,3,8,2,1976.158,0 3,South,2,5,119
2,3,8,1,1976.961,0 3,East,2,5,119
2,3,8,2,1977.632,0 4,East,2,5,119
2,3,8,3,1978.37,0 4,South,2,5,119
2,3,8,2,1979.008,1 4,South,2,5,119
2,3,8,3,1979.534,1 4,West,2,5,119
2,3,8,2,1980.141,1 3,West,2,5,119
2,3,8,1,1981.118,1 3,South,2,5,119
2,3,8,2,1981.743,2 3,South,2,5,119
2,3,8,3,1982.276,2 3,West,2,5,119
2,3,8,2,1982.805,2 2,West,2,5,119
2,3,8,3,1983.62,2 2,North,2,5,119
2,3,8,2,1984.24,1 2,North,2,5,119
2,3,8,6,1984.62,1 2,North,2,6,119
2,3,8,3,1985.166,1 2,East,2,6,119
2,3,8,2,1985.813,1 2,East,2,6,120
2,3,8,1,1986.358,1 2,North,2,6,120
2,3,8,2,1986.961,0 2,North,2,6,120
2,3,8,3,1987.794,0 2,East,2,6,120
2,3,8,2,1988.448,0 2,East,2,6,121
2,3,8,3,1988.994,0 2,South,2,6,121
2,3,8,2,1989.62,1 2,South,2,6,121
2,3,8,2,1990.309,2 2,South,2,6,121
2,3,8,1,1990.829,2 2,East,2,6,121
2,3,8,2,1991.409,2 3,East,2,6,121
2,3,8,1,1991.933,2 3,North,2,6,121
2,3,8,2,1992.494,1 3,North,2,6,121
2,3,8,2,1993.181,1 3,North,2,6,122
2,3,8,3,1993.764,1 3,East,2,6,122
2,3,8,2,1994.399,1 4,East,2,6,122
2,3,8,1,1995.248,1 4,North,2,6,122
2,3,8,2,1995.92,0 4,North,2,6,122
2,3,8,1,1996.557,0 4,West,2,6,122
2,3,8,2,1997.261,0 3,West,2,6,122
2,3,8,6,1997.68,0 3,West,2,7,122
2,3,8,2,1998.237,0 3,West,2,7,123
2,3,8,1,1998.75,0 3,South,2,7,123
2,3,8,2,1999.452,0 3,South,2,7,124
2,3,8,1,2000.42,0 3,East,2,7,124
2,3,8,2,2001.04,0 4,East,2,7,124
2,3,8,3,2001.628,0 4,South,2,7,124
2,3,8,3,2002.373,0 4,West,2,7,124
2,3,8,2,2003.02,0 3,West,2,7,124
2,3,8,1,2003.887,0 3,South,2,7,124
2,3,8,2,2004.447,0 3,South,2,7,125
2,3,8,3,2004.989,0 3,West,2,7,125
2,3,8,2,2005.572,0 3,West,2,7,126
2,3,8,1,2006.129,0 3,South,2,7,126
2,3,8,1,2006.784,0 3,East,2,7,126
2,3,8,2,2007.36,0 4,East,2,7,126
2,3,8,3,2008.275,0 4,South,2,7,126
2,3,8,2,2008.878,1 4,South,2,7,126
2,3,8,3,2009.413,1 4,West,2,7,126
2,3,8,2,2010.017,1 3,West,2,7,126
2,3,8,2,2010.804,1 3,West,2,7,127
2,3,8,1,2011.71,1 3,South,2,7,127
2,3,8,2,2012.304,2 3,South,2,7,127
2,3,8,3,2012.988,2 3,West,2,7,127
2,3,8,2,2013.636,2 2,West,2,7,127
2,3,8,2,2014.385,2 2,West,2,7,128
2,3,8,3,2014.901,2 2,North,2,7,128
2,3,8,2,2015.548,1 2,North,2,7,128
2,3,8,1,2016.45,1 2,West,2,7,128
2,3,8,2,2017.201,1 2,West,2,7,129
2,3,8,3,2017.988,1 2,North,2,7,129
2,3,8,2,2018.638,0 2,North,2,7,129
2,3,8,1,2019.245,0 2,West,2,7,129
2,3,8,2,2019.901,0 1,West,2,7,129
2,3,8,2,2020.59,0 0,West,2,7,129
2,3,8,1,2021.457,0 0,South,2,7,129
2,3,8,2,2022.164,0 0,South,2,7,130
2,3,8,1,2022.693,0 0,East,2,7,130
2,3,8,2,2023.343,0 1,East,2,7,130
2,3,8,3,2024.126,0 1,South,2,7,130
2,3,8,2,2024.8,0 1,South,2,7,131
2,3,8,1,2025.405,0 1,East,2,7,131
2,3,8,2,2026.083,0 2,East,2,7,131
2,3,8,3,2026.782,0 2,South,2,7,131
2,3,8,2,2027.426,1 2,South,2,7,131
2,3,8,3,2027.941,1 2,West,2,7,131
2,3,8,2,2028.863,1 2,West,2,7,132
2,3,8,1,2029.362,1 2,South,2,7,132
2,3,8,2,2029.905,2 2,South,2,7,132
2,3,8,3,2030.428,2 2,West,2,7,132
2,3,8,2,2030.989,2 2,West,2,7,133
2,3,8,1,2031.572,2 2,South,2,7,133
2,3,8,2,2032.179,2 2,South,2,7,134
2,3,8,2,2032.677,2 2,South,2,7,135
2,3,8,1,2032.965,2 2,East,2,7,135
2,3,8,2,2033.555,2 3,East,2,7,135
2,3,8,2,2034.261,2 3,East,2,7,136
2,3,8,3,2034.782,2 3,South,2,7,136
2,3,8,2,2035.393,2 3,South,2,7,137
2,3,8,2,2036.141,2 3,South,2,7,138
2,3,8,3,2036.525,2 3,West,2,7,138
2,3,8,2,2037.455,2 2,West,2,7,138
2,3,8,2,2038.255,2 2,West,2,7,139
2,3,8,3,2038.705,2 2,North,2,7,139
2,3,8,2,2039.346,1 2,North,2,7,139
2,3,8,1,2040.004,1 2,West,2,7,139
2,3,8,2,2040.658,1 2,West,2,7,140
2,3,8,3,2041.215,1 2,North,2,7,140
2,3,8,2,2041.821,0 2,North,2,7,140
2,3,8,1,2042.38,0 2,West,2,7,140
2,3,8,2,2042.993,0 1,West,2,7,140
2,3,8,2,2043.683,0 0,West,2,7,140
2,3,8,1,2044.479,0 0,South,2,7,140
2,3,8,2,2045.123,0 0,South,2,7,141
2,3,8,1,2045.661,0 0,East,2,7,141
2,3,8,2,2046.196,0 1,East,2,7,141
2,3,8,3,2046.814,0 1,South,2,7,141
2,3,8,2,2047.374,0 1,South,2,7,142
2,3,8,1,2048.003,0 1,East,2,7,142
2,3,8,2,2048.576,0 2,East,2,7,142
2,3,8,2,2049.348,0 2,East,2,7,143
2,3,8,3,2049.966,0 2,South,2,7,143
2,3,8,2,2050.611,1 2,South,2,7,143
2,3,8,2,2051.408,2 2,South,2,7,143
2,3,8,3,2052.081,2 2,West,2,7,143
2,3,8,2,2052.748,2 2,West,2,7,144
2,3,8,3,2053.294,2 2,North,2,7,144
2,3,8,2,2053.906,1 2,North,2,7,144
2,3,8,1,2054.43,1 2,West,2,7,144
2,3,8,2,2054.982,1 2,West,2,7,145
2,3,8,1,2055.507,1 2,South,2,7,145
2,3,8,2,2056.1,2 2,South,2,7,145
2,3,8,2,2056.754,2 2,South,2,7,146
2,3,8,3,2057.278,2 2,West,2,7,146
2,3,8,2,2057.853,2 2,West,2,7,147
2,3,8,1,2058.477,2 2,South,2,7,147
2,3,8,1,2059.152,2 2,East,2,7,147
2,3,8,2,2060.066,2 3,East,2,7,147
2,3,8,3,2060.733,2 3,South,2,7,147
2,3,8,2,2061.378,2 3,South,2,7,148
2,3,8,1,2061.904,2 3,East,2,7,148
2,3,8,2,2062.497,2 3,East,2,7,149
2,3,8,2,2062.943,2 3,East,2,7,150
2,3,8,1,2063.309,2 3,North,2,7,150
2,3,8,2,2063.967,1 3,North,2,7,150
2,3,8,2,2064.692,1 3,North,2,7,151
2,3,8,1,2065.134,1 3,West,2,7,151
2,3,8,2,2065.776,1 3,West,2,7,152
2,3,8,1,2066.639,1 3,South,2,7,152
2,3,8,2,2067.235,2 3,South,2,7,152
2,3,8,2,2068.034,2 3,South,2,7,153
2,3,8,3,2068.594,2 3,West,2,7,153
2,3,8,2,2069.276,2 2,West,2,7,153
2,3,8,2,2070.084,2 2,West,2,7,154
2,3,8,1,2070.621,2 2,South,2,7,154
2,3,8,2,2071.261,2 2,South,2,7,155
2,3,8,3,2071.837,2 2,West,2,7,155
2,3,8,3,2072.564,2 2,North,2,7,155
2,3,8,2,2073.135,1 2,North,2,7,155
2,3,8,1,2073.906,1 2,West,2,7,155
2,3,8,3,2074.752,1 2,North,2,7,155
2,3,8,2,2075.439,0 2,North,2,7,155
2,3,8,1,2076.252,0 2,West,2,7,155
2,3,8,2,2076.883,0 1,West,2,7,155
2,3,8,1,2077.571,0 1,South,2,7,155
2,3,8,2,2078.24,0 1,South,2,7,156
2,3,8,3,2079.101,0 1,West,2,7,156
2,3,8,2,2079.739,0 0,West,2,7,156
2,3,8,1,2080.495,0 0,South,2,7,156
2,3,8,2,2081.069,0 0,South,2,7,157
2,3,8,3,2081.998,0 0,West,2,7,157
2,3,8,3,2082.563,0 0,North,2,7,157
2,3,8,3,2083.458,0 0,East,2,7,157
2,3,8,3,2085.518,0 0,South,2,7,157
2,3,8,2,2086.405,0 0,South,2,7,158
2,3,8,1,2086.8,0 0,East,2,7,158
2,3,8,2,2087.43,0 1,East,2,7,158
2,3,8,3,2088.219,0 1,South,2,7,158
2,3,8,2,2088.878,0 1,South,2,7,159
2,3,8,1,2089.708,0 1,East,2,7,159
2,3,8,2,2090.304,0 2,East,2,7,159
2,3,8,3,2090.993,0 2,South,2,7,159
2,3,8,2,2093.49,1 2,South,2,7,159
2,3,8,3,2094.687,1 2,West,2,7,159
2,3,8,2,2095.392,1 2,West,2,7,160
2,3,8,1,2095.988,1 2,South,2,7,160
2,3,8,2,2096.513,2 2,South,2,7,160
2,3,8,2,2099.276,2 2,South,2,7,161
2,3,8,1,2099.982,2 2,East,2,7,161
2,3,8,2,2100.658,2 3,East,2,7,161
2,3,8,3,2101.774,2 3,South,2,7,161
2,3,8,2,2102.469,2 3,South,2,7,162
2,3,8,3,2103.663,2 3,West,2,7,162
2,3,8,3,2104.528,2 3,North,2,7,162
2,3,8,2,2105.107,1 3,North,2,7,162
2,3,8,1,2105.62,1 3,West,2,7,162
2,3,8,2,2106.209,1 3,West,2,7,163
2,3,8,2,2106.863,1 3,West,2,7,164
2,3,8,1,2107.314,1 3,South,2,7,164
2,3,8,1,2107.969,1 3,East,2,7,164
2,3,8,2,2108.638,1 4,East,2,7,164
2,3,8,3,2109.228,1 4,South,2,7,164
2,3,8,2,2109.887,2 4,South,2,7,164
2,3,8,2,2110.594,3 4,South,2,7,164
2,3,8,3,2111.215,3 4,West,2,7,164
2,3,8,2,2111.822,3 4,West,2,7,165
2,3,8,1,2112.467,3 4,South,2,7,165
2,3,8,2,2113.083,4 4,South,2,7,165
2,3,8,3,2113.665,4 4,West,2,7,165
2,3,8,2,2114.212,4 3,West,2,7,165
2,3,8,2,2114.974,4 2,West,2,7,165
2,3,8,2,2115.651,4 2,West,2,7,166
2,3,8,3,2116.658,4 2,North,2,7,166
2,3,8,2,2117.359,3 2,North,2,7,166
2,3,8,1,2118.125,3 2,West,2,7,166
2,3,8,2,2118.82,3 1,West,2,7,166
2,3,8,2,2119.516,3 1,West,2,7,167
2,3,8,3,2120.405,3 1,North,2,7,167
2,3,8,2,2121.108,2 1,North,2,7,167
2,3,8,1,2121.79,2 1,West,2,7,167
2,3,8,2,2122.401,2 1,West,2,7,168
2,3,8,3,2123.392,2 1,North,2,7,168
2,3,8,2,2124.049,1 1,North,2,7,168
2,3,8,1,2124.849,1 1,West,2,7,168
2,3,8,2,2125.44,1 0,West,2,7,168
2,3,8,6,2125.86,1 0,West,2,8,168
1,3,9,2,2133.794,3 4,North,2,0,168
1,3,9,2,2134.629,2 4,North,2,0,168
1,3,9,2,2135.233,1 4,North,2,0,168
1,3,9,1,2135.774,1 3,North,2,0,168
1,3,9,4,2136.334,2 3,North,2,0,168
1,3,9,6,2136.7,2 3,North,2,1,168
1,3,9,1,2137.425,2 2,North,2,1,168
1,3,9,2,2138.051,1 2,North,2,1,168
1,3,9,2,2138.703,0 2,North,2,1,168
1,3,9,1,2139.532,0 1,North,2,1,168
1,3,9,1,2140.084,0 0,North,2,1,168
1,3,9,6,2140.5,0 0,North,2,2,168
1,3,9,3,2140.909,0 1,North,2,2,168
1,3,9,3,2141.426,0 2,North,2,2,168
1,3,9,4,2142.334,1 2,North,2,2,168
1,3,9,4,2143.076,2 2,North,2,2,168
1,3,9,3,2144.044,2 3,North,2,2,168
1,3,9,2,2144.787,1 3,North,2,2,168
1,3,9,3,2145.68,1 4,North,2,2,168
1,3,9,6,2146.08,1 4,North,2,3,168
1,3,9,2,2146.59,0 4,North,2,3,168
1,3,9,1,2147.233,0 3,North,2,3,168
1,3,9,6,2147.64,0 3,North,2,4,168
1,3,9,3,2147.956,0 4,North,2,4,168
1,3,9,4,2148.638,1 4,North,2,4,168
1,3,9,1,2149.2,1 3,North,2,4,168
1,3,9,4,2149.789,2 3,North,2,4,168
1,3,9,1,2150.348,2 2,North,2,4,168
1,3,9,6,2150.74,2 2,North,2,5,168
1,3,9,3,2151.648,2 3,North,2,5,168
1,3,9,2,2152.229,1 3,North,2,5,168
1,3,9,3,2153.604,1 4,North,2,5,168
1,3,9,4,2154.178,2 4,North,2,5,168
1,3,9,4,2154.819,3 4,North,2,5,168
1,3,9,4,2155.421,4 4,North,2,5,168
1,3,9,1,2156.084,4 3,North,2,5,168
1,3,9,1,2156.689,4 2,North,2,5,168
1,3,9,2,2157.659,3 2,North,2,5,168
1,3,9,1,2158.26,3 1,North,2,5,168
1,3,9,6,2158.66,3 1,North,2,6,168
1,3,9,3,2159.151,3 2,North,2,6,168
1,3,9,6,2159.56,3 2,North,2,7,168
1,3,9,3,2159.665,3 3,North,2,7,168
1,3,9,1,2160.562,3 2,North,2,7,168
1,3,9,1,2161.107,3 1,North,2,7,168
1,3,9,2,2161.715,2 1,North,2,7,168
1,3,9,2,2162.544,1 1,North,2,7,168
1,3,9,1,2163.124,1 0,North,2,7,168
1,3,9,4,2163.669,2 0,North,2,7,168
1,3,9,4,2164.334,3 0,North,2,7,168
1,3,9,6,2164.7,3 0,North,2,8,168
2,3,9,2,2168.125,3 4,North,2,0,0
2,3,9,2,2168.773,2 4,North,2,0,0
2,3,9,1,2169.347,2 4,West,2,0,0
2,3,9,2,2170.013,2 4,West,2,0,1
2,3,9,3,2170.621,2 4,North,2,0,1
2,3,9,2,2171.23,1 4,North,2,0,1
2,3,9,1,2171.884,1 4,West,2,0,1
2,3,9,2,2172.99,1 3,West,2,0,1
2,3,9,2,2173.647,1 3,West,2,0,2
2,3,9,1,2174.05,1 3,South,2,0,2
2,3,9,2,2174.737,2 3,South,2,0,2
2,3,9,3,2175.358,2 3,West,2,0,2
2,3,9,2,2176.078,2 2,West,2,0,2
2,3,9,6,2176.48,2 2,West,2,1,2
2,3,9,3,2177.117,2 2,North,2,1,2
2,3,9,3,2177.726,2 2,East,2,1,2
2,3,9,1,2178.566,2 2,North,2,1,2
2,3,9,2,2179.186,1 2,North,2,1,2
2,3,9,2,2179.872,0 2,North,2,1,2
2,3,9,3,2180.405,0 2,East,2,1,2
2,3,9,2,2181.075,0 2,East,2,1,3
2,3,9,3,2181.601,0 2,South,2,1,3
2,3,9,2,2182.208,1 2,South,2,1,3
2,3,9,2,2183.058,2 2,South,2,1,3
2,3,9,1,2184.332,2 2,East,2,1,3
2,3,9,2,2185.168,2 3,East,2,1,3
2,3,9,1,2185.837,2 3,North,2,1,3
2,3,9,2,2186.465,1 3,North,2,1,3
2,3,9,2,2187.228,1 3,North,2,1,4
2,3,9,1,2187.777,1 3,West,2,1,4
2,3,9,2,2188.418,1 3,West,2,1,5
2,3,9,3,2189.167,1 3,North,2,1,5
2,3,9,3,2190.095,1 3,East,2,1,5
2,3,9,2,2190.737,1 4,East,2,1,5
2,3,9,1,2191.485,1 4,North,2,1,5
2,3,9,2,2192.111,0 4,North,2,1,5
2,3,9,1,2192.644,0 4,West,2,1,5
2,3,9,2,2193.182,0 3,West,2,1,5
2,3,9,6,2193.6,0 3,West,2,2,5
2,3,9,1,2193.997,0 3,South,2,2,5
2,3,9,2,2194.739,0 3,South,2,2,6
2,3,9,3,2195.265,0 3,West,2,2,6
2,3,9,2,2195.904,0 3,West,2,2,7
2,3,9,1,2196.477,0 3,South,2,2,7
2,3,9,1,2197.074,0 3,East,2,2,7
2,3,9,2,2197.668,0 4,East,2,2,7
2,3,9,3,2198.516,0 4,South,2,2,7
2,3,9,2,2199.088,1 4,South,2,2,7
2,3,9,2,2199.745,2 4,South,2,2,7
2,3,9,3,2200.338,2 4,West,2,2,7
2,3,9,2,2200.918,2 4,West,2,2,8
2,3,9,1,2201.422,2 4,South,2,2,8
2,3,9,2,2201.967,3 4,South,2,2,8
2,3,9,3,2202.524,3 4,West,2,2,8
2,3,9,2,2203.181,3 4,West,2,2,9
2,3,9,1,2203.733,3 4,South,2,2,9
2,3,9,2,2204.42,4 4,South,2,2,9
2,3,9,3,2204.974,4 4,West,2,2,9
2,3,9,2,2205.587,4 3,West,2,2,9
2,3,9,2,2206.273,4 2,West,2,2,9
2,3,9,3,2206.916,4 2,North,2,2,9
2,3,9,2,2207.564,3 2,North,2,2,9
2,3,9,6,2207.94,3 2,North,2,3,9
2,3,9,2,2208.882,3 2,North,2,3,10
2,3,9,3,2209.33,3 2,East,2,3,10
2,3,9,2,2209.924,3 3,East,2,3,10
2,3,9,1,2210.448,3 3,North,2,3,10
2,3,9,2,2210.991,3 3,North,2,3,11
2,3,9,2,2211.374,3 3,North,2,3,12
2,3,9,1,2211.87,3 3,West,2,3,12
2,3,9,2,2212.596,3 2,West,2,3,12
2,3,9,1,2213.94,3 2,South,2,3,12
2,3,9,1,2214.581,3 2,East,2,3,12
2,3,9,2,2215.228,3 3,East,2,3,12
2,3,9,2,2215.861,3 3,East,2,3,13
2,3,9,1,2216.381,3 3,North,2,3,13
2,3,9,2,2216.898,3 3,North,2,3,14
2,3,9,3,2217.491,3 3,East,2,3,14
2,3,9,3,2218.019,3 3,South,2,3,14
2,3,9,2,2218.863,3 3,South,2,3,15
2,3,9,3,2219.757,3 3,West,2,3,15
2,3,9,2,2220.479,3 2,West,2,3,15
2,3,9,1,2221.052,3 2,South,2,3,15
2,3,9,2,2221.633,4 2,South,2,3,15
2,3,9,1,2222.497,4 2,East,2,3,15
2,3,9,2,2223.092,4 3,East,2,3,15
2,3,9,2,2223.725,4 4,East,2,3,15
2,3,9,1,2224.58,4 4,North,2,3,15
2,3,9,2,2225.248,3 4,North,2,3,15
2,3,9,2,2225.877,2 4,North,2,3,15
2,3,9,1,2226.628,2 4,West,2,3,15
2,3,9,2,2227.19,2 4,West,2,3,16
2,3,9,1,2227.714,2 4,South,2,3,16
2,3,9,2,2228.252,3 4,South,2,3,16
2,3,9,3,2228.789,3 4,West,2,3,16
2,3,9,2,2229.363,3 4,West,2,3,17
2,3,9,1,2229.926,3 4,South,2,3,17
2,3,9,2,2230.529,4 4,South,2,3,17
2,3,9,3,2231.375,4 4,West,2,3,17
2,3,9,2,2231.892,4 3,West,2,3,17
2,3,9,3,2232.415,4 3,North,2,3,17
2,3,9,2,2233.07,4 3,North,2,3,18
2,3,9,1,2233.581,4 3,West,2,3,18
2,3,9,2,2234.257,4 2,West,2,3,18
2,3,9,3,2234.849,4 2,North,2,3,18
2,3,9,2,2235.436,3 2,North,2,3,18
2,3,9,2,2236.116,3 2,North,2,3,19
2,3,9,3,2236.629,3 2,East,2,3,19
2,3,9,2,2237.246,3 3,East,2,3,19
2,3,9,1,2238.047,3 3,North,2,3,19
2,3,9,2,2238.94,3 3,North,2,3,20
2,3,9,1,2239.475,3 3,West,2,3,20
2,3,9,2,2240.111,3 2,West,2,3,20
2,3,9,2,2240.804,3 1,West,2,3,20
2,3,9,3,2241.328,3 1,North,2,3,20
2,3,9,2,2241.939,2 1,North,2,3,20
2,3,9,3,2242.467,2 1,East,2,3,20
2,3,9,2,2243.072,2 1,East,2,3,21
2,3,9,2,2243.518,2 1,East,2,3,22
2,3,9,1,2243.84,2 1,North,2,3,22
2,3,9,2,2244.448,1 1,North,2,3,22
2,3,9,3,2245.038,1 1,East,2,3,22
2,3,9,2,2245.596,1 1,East,2,3,23
2,3,9,1,2246.207,1 1,North,2,3,23
2,3,9,2,2246.863,1 1,North,2,3,24
2,3,9,1,2247.566,1 1,West,2,3,24
2,3,9,1,2248.175,1 1,South,2,3,24
2,3,9,2,2248.85,2 1,South,2,3,24
2,3,9,1,2249.427,2 1,East,2,3,24
2,3,9,2,2249.984,2 1,East,2,3,25
2,3,9,3,2250.595,2 1,South,2,3,25
2,3,9,2,2251.228,3 1,South,2,3,25
2,3,9,2,2254,3 1,South,2,3,26
2,3,9,1,2254.53,3 1,East,2,3,26
2,3,9,2,2255.139,3 2,East,2,3,26
2,3,9,2,2255.838,3 3,East,2,3,26
2,3,9,1,2256.639,3 3,North,2,3,26
2,3,9,2,2257.246,3 3,North,2,3,27
2,3,9,3,2257.788,3 3,East,2,3,27
2,3,9,2,2258.432,3 3,East,2,3,28
2,3,9,3,2259.01,3 3,South,2,3,28
2,3,9,2,2259.679,3 3,South,2,3,29
2,3,9,3,2260.478,3 3,West,2,3,29
2,3,9,2,2261.136,3 2,West,2,3,29
2,3,9,3,2262.128,3 2,North,2,3,29
2,3,9,2,2263.236,3 2,North,2,3,30
2,3,9,1,2263.906,3 2,West,2,3,30
2,3,9,2,2264.544,3 1,West,2,3,30
2,3,9,3,2265.154,3 1,North,2,3,30
2,3,9,2,2265.79,2 1,North,2,3,30
2,3,9,3,2266.333,2 1,East,2,3,30
2,3,9,2,2266.948,2 1,East,2,3,31
2,3,9,1,2267.501,2 1,North,2,3,31
2,3,9,2,2268.128,1 1,North,2,3,31
2,3,9,3,2268.749,1 1,East,2,3,31
2,3,9,2,2269.375,1 1,East,2,3,32
2,3,9,1,2269.936,1 1,North,2,3,32
2,3,9,2,2270.58,1 1,North,2,3,33
2,3,9,1,2271.244,1 1,West,2,3,33
2,3,9,2,2271.941,1 0,West,2,3,33
2,3,9,3,2272.628,1 0,North,2,3,33
2,3,9,2,2273.266,1 0,North,2,3,34
2,3,9,2,2273.796,1 0,North,2,3,35
2,3,9,3,2274.145,1 0,East,2,3,35
2,3,9,3,2275.998,1 0,South,2,3,35
2,3,9,2,2276.623,2 0,South,2,3,35
2,3,9,1,2277.33,2 0,East,2,3,35
2,3,9,2,2278.032,2 0,East,2,3,36
2,3,9,3,2278.575,2 0,South,2,3,36
2,3,9,2,2279.231,3 0,South,2,3,36
2,3,9,1,2279.889,3 0,East,2,3,36
2,3,9,2,2280.516,3 0,East,2,3,37
2,3,9,3,2281.139,3 0,South,2,3,37
2,3,9,2,2281.792,4 0,South,2,3,37
2,3,9,1,2282.626,4 0,East,2,3,37
2,3,9,2,2283.326,4 1,East,2,3,37
2,3,9,2,2284.146,4 1,East,2,3,38
2,3,9,1,2284.708,4 1,North,2,3,38
2,3,9,2,2285.508,4 1,North,2,3,39
2,3,9,3,2286.146,4 1,East,2,3,39
2,3,9,2,2286.8,4 1,East,2,3,40
2,3,9,1,2287.263,4 1,North,2,3,40
2,3,9,1,2287.806,4 1,West,2,3,40
2,3,9,2,2288.368,4 0,West,2,3,40
2,3,9,3,2289.244,4 0,North,2,3,40
2,3,9,2,2289.829,3 0,North,2,3,40
2,3,9,2,2290.351,2 0,North,2,3,40
2,3,9,3,2291.779,2 0,East,2,3,40
2,3,9,2,2292.572,2 0,East,2,3,41
2,3,9,3,2292.98,2 0,South,2,3,41
2,3,9,2,2293.571,3 0,South,2,3,41
2,3,9,1,2294.319,3 0,East,2,3,41
2,3,9,2,2294.945,3 0,East,2,3,42
2,3,9,1,2295.507,3 0,North,2,3,42
2,3,9,2,2296.099,2 0,North,2,3,42
2,3,9,2,2297.026,1 0,North,2,3,42
2,3,9,3,2297.612,1 0,East,2,3,42
2,3,9,2,2298.353,1 1,East,2,3,42
2,3,9,2,2299.137,1 1,East,2,3,43
2,3,9,3,2299.617,1 1,South,2,3,43
2,3,9,2,2300.336,2 1,South,2,3,43
2,3,9,1,2300.961,2 1,East,2,3,43
2,3,9,2,2301.652,2 1,East,2,3,44
2,3,9,3,2302.239,2 1,South,2,3,44
2,3,9,2,2302.944,3 1,South,2,3,44
2,3,9,1,2303.563,3 1,East,2,3,44
2,3,9,2,2304.208,3 2,East,2,3,44
2,3,9,2,2305.054,3 3,East,2,3,44
2,3,9,1,2305.744,3 3,North,2,3,44
2,3,9,2,2306.399,3 3,North,2,3,45
2,3,9,3,2306.944,3 3,East,2,3,45
2,3,9,2,2307.615,3 3,East,2,3,46
2,3,9,1,2308.317,3 3,North,2,3,46
2,3,9,1,2309.074,3 3,West,2,3,46
2,3,9,2,2309.681,3 2,West,2,3,46
2,3,9,3,2310.242,3 2,North,2,3,46
2,3,9,2,2310.831,3 2,North,2,3,47
2,3,9,1,2311.374,3 2,West,2,3,47
2,3,9,2,2311.958,3 1,West,2,3,47
2,3,9,3,2312.5,3 1,North,2,3,47
2,3,9,2,2313.117,2 1,North,2,3,47
2,3,9,3,2313.678,2 1,East,2,3,47
2,3,9,2,2314.255,2 1,East,2,3,48
2,3,9,1,2314.788,2 1,North,2,3,48
2,3,9,2,2315.429,1 1,North,2,3,48
2,3,9,3,2316,1 1,East,2,3,48
2,3,9,2,2316.604,1 1,East,2,3,49
2,3,9,1,2317.233,1 1,North,2,3,49
2,3,9,2,2317.884,1 1,North,2,3,50
2,3,9,2,2318.414,1 1,North,2,3,51
2,3,9,1,2318.684,1 1,West,2,3,51
2,3,9,2,2319.278,1 0,West,2,3,51
2,3,9,3,2320.109,1 0,North,2,3,51
2,3,9,2,2320.723,1 0,North,2,3,52
2,3,9,1,2321.372,1 0,West,2,3,52
2,3,9,1,2321.982,1 0,South,2,3,52
2,3,9,2,2323.269,2 0,South,2,3,52
2,3,9,1,2324.147,2 0,East,2,3,52
2,3,9,2,2325.246,2 0,East,2,3,53
2,3,9,3,2325.924,2 0,South,2,3,53
2,3,9,2,2326.656,3 0,South,2,3,53
2,3,9,2,2327.363,4 0,South,2,3,53
2,3,9,1,2328.221,4 0,East,2,3,53
2,3,9,2,2329.102,4 1,East,2,3,53
2,3,9,2,2329.858,4 1,East,2,3,54
2,3,9,1,2330.368,4 1,North,2,3,54
2,3,9,2,2331.074,4 1,North,2,3,55
2,3,9,3,2331.909,4 1,East,2,3,55
2,3,9,2,2332.479,4 1,East,2,3,56
2,3,9,1,2332.958,4 1,North,2,3,56
2,3,9,1,2333.54,4 1,West,2,3,56
2,3,9,2,2334.238,4 0,West,2,3,56
2,3,9,3,2334.813,4 0,North,2,3,56
2,3,9,2,2335.396,3 0,North,2,3,56
2,3,9,2,2336.198,2 0,North,2,3,56
2,3,9,2,2337.045,1 0,North,2,3,56
2,3,9,3,2337.887,1 0,East,2,3,56
2,3,9,2,2338.674,1 1,East,2,3,56
2,3,9,2,2339.476,1 1,East,2,3,57
2,3,9,1,2340.028,1 1,North,2,3,57
2,3,9,2,2340.754,1 1,North,2,3,58
2,3,9,1,2341.204,1 1,West,2,3,58
2,3,9,2,2341.811,1 0,West,2,3,58
2,3,9,3,2342.428,1 0,North,2,3,58
2,3,9,2,2343.102,1 0,North,2,3,59
2,3,9,3,2343.717,1 0,East,2,3,59
2,3,9,3,2344.404,1 0,South,2,3,59
2,3,9,2,2344.931,2 0,South,2,3,59
2,3,9,1,2345.555,2 0,East,2,3,59
2,3,9,2,2346.189,2 0,East,2,3,60
2,3,9,3,2346.865,2 0,South,2,3,60
2,3,9,2,2347.424,3 0,South,2,3,60
2,3,9,1,2347.948,3 0,East,2,3,60
2,3,9,2,2348.624,3 0,East,2,3,61
2,3,9,1,2349.185,3 0,North,2,3,61
2,3,9,2,2349.825,2 0,North,2,3,61
2,3,9,2,2350.749,1 0,North,2,3,61
2,3,9,2,2351.725,1 0,North,2,3,62
2,3,9,3,2352.371,1 0,East,2,3,62
2,3,9,3,2352.931,1 0,South,2,3,62
2,3,9,2,2353.661,2 0,South,2,3,62
2,3,9,2,2354.417,3 0,South,2,3,62
2,3,9,2,2355.23,4 0,South,2,3,62
2,3,9,1,2355.917,4 0,East,2,3,62
2,3,9,2,2356.662,4 1,East,2,3,62
2,3,9,2,2357.567,4 1,East,2,3,63
2,3,9,1,2358.076,4 1,North,2,3,63
2,3,9,2,2358.8,4 1,North,2,3,64
2,3,9,1,2359.684,4 1,West,2,3,64
2,3,9,2,2360.285,4 0,West,2,3,64
2,3,9,3,2360.819,4 0,North,2,3,64
2,3,9,2,2361.391,3 0,North,2,3,64
2,3,9,3,2362.402,3 0,East,2,3,64
2,3,9,2,2363.205,3 0,East,2,3,65
2,3,9,1,2363.756,3 0,North,2,3,65
2,3,9,2,2364.396,2 0,North,2,3,65
2,3,9,3,2365.044,2 0,East,2,3,65
2,3,9,2,2365.763,2 0,East,2,3,66
2,3,9,2,2366.578,2 0,East,2,3,67
2,3,9,2,2367.31,2 0,East,2,3,68
2,3,9,1,2367.934,2 0,North,2,3,68
2,3,9,2,2368.528,1 0,North,2,3,68
2,3,9,3,2369.104,1 0,East,2,3,68
2,3,9,2,2369.758,1 1,East,2,3,68
2,3,9,2,2371.294,1 1,East,2,3,69
2,3,9,3,2371.927,1 1,South,2,3,69
2,3,9,2,2372.687,2 1,South,2,3,69
2,3,9,1,2373.438,2 1,East,2,3,69
2,3,9,2,2374.316,2 1,East,2,3,70
2,3,9,3,2375.18,2 1,South,2,3,70
2,3,9,2,2375.89,3 1,South,2,3,70
2,3,9,1,2376.556,3 1,East,2,3,70
2,3,9,2,2377.324,3 2,East,2,3,70
2,3,9,1,2378.499,3 2,North,2,3,70
2,3,9,2,2379.059,3 2,North,2,3,71
2,3,9,3,2379.73,3 2,East,2,3,71
2,3,9,2,2380.414,3 3,East,2,3,71
2,3,9,1,2381.186,3 3,North,2,3,71
2,3,9,2,2381.933,3 3,North,2,3,72
2,3,9,3,2382.704,3 3,East,2,3,72
2,3,9,2,2383.343,3 3,East,2,3,73
2,3,9,3,2383.991,3 3,South,2,3,73
2,3,9,2,2384.624,3 3,South,2,3,74
2,3,9,3,2385.548,3 3,West,2,3,74
2,3,9,2,2389.023,3 2,West,2,3,74
2,3,9,3,2389.868,3 2,North,2,3,74
2,3,9,3,2390.478,3 2,East,2,3,74
2,3,9,1,2391.234,3 2,North,2,3,74
2,3,9,2,2391.89,3 2,North,2,3,75
2,3,9,1,2392.365,3 2,West,2,3,75
2,3,9,2,2392.977,3 1,West,2,3,75
2,3,9,3,2393.615,3 1,North,2,3,75
2,3,9,2,2394.195,2 1,North,2,3,75
2,3,9,3,2395.1,2 1,East,2,3,75
2,3,9,2,2395.81,2 1,East,2,3,76
2,3,9,1,2396.254,2 1,North,2,3,76
2,3,9,2,2396.847,1 1,North,2,3,76
2,3,9,3,2397.457,1 1,East,2,3,76
2,3,9,2,2398.131,1 1,East,2,3,77
2,3,9,1,2398.748,1 1,North,2,3,77
2,3,9,2,2399.332,1 1,North,2,3,78
2,3,9,1,2399.982,1 1,West,2,3,78
2,3,9,2,2400.577,1 0,West,2,3,78
2,3,9,1,2401.167,1 0,South,2,3,78
2,3,9,2,2401.824,2 0,South,2,3,78
2,3,9,2,2402.674,3 0,South,2,3,78
2,3,9,1,2403.41,3 0,East,2,3,78
2,3,9,2,2404.162,3 0,East,2,3,79
2,3,9,1,2404.869,3 0,North,2,3,79
2,3,9,2,2405.524,2 0,North,2,3,79
2,3,9,3,2406.209,2 0,East,2,3,79
2,3,9,1,2409.694,2 0,North,2,3,79
2,3,9,2,2410.382,1 0,North,2,3,79
2,3,9,3,2411.073,1 0,East,2,3,79
2,3,9,2,2411.757,1 1,East,2,3,79
2,3,9,2,2412.636,1 1,East,2,3,80
2,3,9,3,2413.571,1 1,South,2,3,80
2,3,9,2,2414.263,2 1,South,2,3,80
2,3,9,1,2415.116,2 1,East,2,3,80
2,3,9,2,2415.854,2 1,East,2,3,81
2,3,9,3,2416.444,2 1,South,2,3,81
2,3,9,2,2417.12,3 1,South,2,3,81
2,3,9,1,2417.779,3 1,East,2,3,81
2,3,9,2,2418.547,3 2,East,2,3,81
2,3,9,2,2419.25,3 3,East,2,3,81
2,3,9,1,2420.142,3 3,North,2,3,81
2,3,9,2,2420.721,3 3,North,2,3,82
2,3,9,1,2421.373,3 3,West,2,3,82
2,3,9,2,2422.018,3 2,West,2,3,82
2,3,9,3,2422.963,3 2,North,2,3,82
2,3,9,2,2423.583,3 2,North,2,3,83
2,3,9,1,2424.3,3 2,West,2,3,83
2,3,9,2,2424.91,3 1,West,2,3,83
2,3,9,3,2425.503,3 1,North,2,3,83
2,3,9,2,2426.11,2 1,North,2,3,83
2,3,9,2,2426.831,1 1,North,2,3,83
2,3,9,2,2427.516,1 1,North,2,3,84
2,3,9,3,2428.014,1 1,East,2,3,84
2,3,9,2,2428.705,1 1,East,2,3,85
2,3,9,3,2429.392,1 1,South,2,3,85
2,3,9,2,2429.971,2 1,South,2,3,85
2,3,9,1,2430.718,2 1,East,2,3,85
2,3,9,2,2431.392,2 1,East,2,3,86
2,3,9,3,2432.597,2 1,South,2,3,86
2,3,9,2,2433.28,3 1,South,2,3,86
2,3,9,1,2433.861,3 1,East,2,3,86
2,3,9,2,2434.53,3 2,East,2,3,86
2,3,9,2,2435.51,3 3,East,2,3,86
2,3,9,1,2436.148,3 3,North,2,3,86
2,3,9,2,2436.85,3 3,North,2,3,87
2,3,9,3,2437.357,3 3,East,2,3,87
2,3,9,2,2438.012,3 3,East,2,3,88
2,3,9,3,2438.608,3 3,South,2,3,88
2,3,9,2,2439.253,3 3,South,2,3,89
2,3,9,3,2439.859,3 3,West,2,3,89
2,3,9,2,2440.564,3 2,West,2,3,89
2,3,9,1,2441.25,3 2,South,2,3,89
2,3,9,2,2441.87,4 2,South,2,3,89
2,3,9,1,2442.575,4 2,East,2,3,89
2,3,9,2,2443.179,4 3,East,2,3,89
2,3,9,2,2443.918,4 4,East,2,3,89
2,3,9,1,2444.525,4 4,North,2,3,89
2,3,9,2,2445.244,3 4,North,2,3,89
2,3,9,2,2445.932,2 4,North,2,3,89
2,3,9,1,2446.497,2 4,West,2,3,89
2,3,9,2,2447.076,2 4,West,2,3,90
2,3,9,3,2447.603,2 4,North,2,3,90
2,3,9,2,2448.3,1 4,North,2,3,90
2,3,9,1,2448.915,1 4,West,2,3,90
2,3,9,2,2449.538,1 3,West,2,3,90
2,3,9,1,2450.098,1 3,South,2,3,90
2,3,9,2,2450.724,2 3,South,2,3,90
2,3,9,6,2451.1,2 3,South,2,4,90
2,3,9,2,2451.603,2 3,South,2,4,91
2,3,9,3,2452.13,2 3,West,2,4,91
2,3,9,2,2452.893,2 2,West,2,4,91
2,3,9,2,2453.663,2 2,West,2,4,92
2,3,9,1,2454.22,2 2,South,2,4,92
2,3,9,2,2454.909,2 2,South,2,4,93
2,3,9,3,2455.487,2 2,West,2,4,93
2,3,9,3,2456.114,2 2,North,2,4,93
2,3,9,2,2456.727,1 2,North,2,4,93
2,3,9,1,2457.66,1 2,West,2,4,93
2,3,9,2,2458.221,1 2,West,2,4,94
2,3,9,3,2458.913,1 2,North,2,4,94
2,3,9,2,2459.649,0 2,North,2,4,94
2,3,9,1,2460.512,0 2,West,2,4,94
2,3,9,2,2461.182,0 1,West,2,4,94
2,3,9,2,2461.922,0 0,West,2,4,94
2,3,9,1,2462.485,0 0,South,2,4,94
2,3,9,2,2463.136,0 0,South,2,4,95
2,3,9,1,2463.78,0 0,East,2,4,95
2,3,9,2,2464.401,0 1,East,2,4,95
2,3,9,2,2465.06,0 2,East,2,4,95
2,3,9,2,2465.728,0 2,East,2,4,96
2,3,9,3,2466.336,0 2,South,2,4,96
2,3,9,2,2467.043,1 2,South,2,4,96
2,3,9,2,2467.759,2 2,South,2,4,96
2,3,9,2,2468.452,2 2,South,2,4,97
2,3,9,3,2468.929,2 2,West,2,4,97
2,3,9,2,2469.664,2 2,West,2,4,98
2,3,9,1,2470.224,2 2,South,2,4,98
2,3,9,1,2471.073,2 2,East,2,4,98
2,3,9,2,2471.604,2 3,East,2,4,98
2,3,9,2,2472.269,2 3,East,2,4,99
2,3,9,3,2472.769,2 3,South,2,4,99
2,3,9,2,2473.485,2 3,South,2,4,100
2,3,9,3,2475.172,2 3,West,2,4,100
2,3,9,2,2476.176,2 2,West,2,4,100
2,3,9,2,2476.897,2 2,West,2,4,101
2,3,9,1,2477.33,2 2,South,2,4,101
2,3,9,2,2478.044,2 2,South,2,4,102
2,3,9,3,2478.464,2 2,West,2,4,102
2,3,9,3,2479.104,2 2,North,2,4,102
2,3,9,2,2479.73,1 2,North,2,4,102
2,3,9,2,2480.367,0 2,North,2,4,102
2,3,9,1,2481.187,0 2,West,2,4,102
2,3,9,2,2481.789,0 1,West,2,4,102
2,3,9,2,2482.508,0 0,West,2,4,102
2,3,9,1,2483.071,0 0,South,2,4,102
2,3,9,2,2483.796,0 0,South,2,4,103
2,3,9,1,2484.353,0 0,East,2,4,103
2,3,9,2,2485.008,0 1,East,2,4,103
2,3,9,2,2485.598,0 2,East,2,4,103
2,3,9,2,2486.221,0 2,East,2,4,104
2,3,9,2,2486.93,0 2,East,2,4,105
2,3,9,3,2487.038,0 2,South,2,4,105
2,3,9,2,2487.714,1 2,South,2,4,105
2,3,9,2,2488.382,2 2,South,2,4,105
2,3,9,2,2489.408,2 2,South,2,4,106
2,3,9,3,2489.941,2 2,West,2,4,106
2,3,9,2,2490.626,2 2,West,2,4,107
2,3,9,1,2491.231,2 2,South,2,4,107
2,3,9,1,2491.935,2 2,East,2,4,107
2,3,9,2,2493.137,2 3,East,2,4,107
2,3,9,3,2494.305,2 3,South,2,4,107
2,3,9,2,2495.013,2 3,South,2,4,108
2,3,9,1,2495.604,2 3,East,2,4,108
2,3,9,2,2496.205,2 3,East,2,4,109
2,3,9,2,2496.769,2 3,East,2,4,110
2,3,9,1,2497.232,2 3,North,2,4,110
2,3,9,2,2497.859,1 3,North,2,4,110
2,3,9,3,2498.509,1 3,East,2,4,110
2,3,9,2,2499.217,1 4,East,2,4,110
2,3,9,3,2499.827,1 4,South,2,4,110
2,3,9,2,2500.484,2 4,South,2,4,110
2,3,9,2,2501.269,3 4,South,2,4,110
2,3,9,2,2501.949,4 4,South,2,4,110
2,3,9,3,2502.54,4 4,West,2,4,110
2,3,9,2,2503.19,4 3,West,2,4,110
2,3,9,2,2503.742,4 2,West,2,4,110
2,3,9,2,2504.428,4 2,West,2,4,111
2,3,9,2,2504.7,4 2,West,2,4,112
2,3,9,3,2505.18,4 2,North,2,4,112
2,3,9,2,2505.838,3 2,North,2,4,112
2,3,9,1,2506.575,3 2,West,2,4,112
2,3,9,2,2507.166,3 1,West,2,4,112
2,3,9,1,2507.893,3 1,South,2,4,112
2,3,9,2,2508.467,3 1,South,2,4,113
2,3,9,3,2509.437,3 1,West,2,4,113
2,3,9,2,2510.077,3 1,West,2,4,114
2,3,9,3,2510.558,3 1,North,2,4,114
2,3,9,2,2511.171,2 1,North,2,4,114
2,3,9,1,2511.684,2 1,West,2,4,114
2,3,9,2,2512.62,2 1,West,2,4,115
2,3,9,3,2513.294,2 1,North,2,4,115
2,3,9,2,2513.95,1 1,North,2,4,115
2,3,9,1,2514.646,1 1,West,2,4,115
2,3,9,2,2515.332,1 0,West,2,4,115
2,3,9,1,2515.982,1 0,South,2,4,115
2,3,9,2,2516.621,2 0,South,2,4,115
2,3,9,2,2517.441,3 0,South,2,4,115
2,3,9,2,2518.096,4 0,South,2,4,115
2,3,9,6,2518.48,4 0,South,2,5,115
2,3,9,2,2519.088,4 0,South,2,5,115
2,3,9,1,2519.422,4 0,East,2,5,115
2,3,9,2,2520.386,4 1,East,2,5,115
2,3,9,2,2520.91,4 1,East,2,5,116
2,3,9,1,2521.44,4 1,North,2,5,116
2,3,9,2,2522.078,4 1,North,2,5,117
2,3,9,1,2522.655,4 1,West,2,5,117
2,3,9,2,2523.219,4 0,West,2,5,117
2,3,9,3,2523.811,4 0,North,2,5,117
2,3,9,2,2524.385,3 0,North,2,5,117
2,3,9,2,2525.167,2 0,North,2,5,117
2,3,9,2,2525.827,1 0,North,2,5,117
2,3,9,2,2526.495,1 0,North,2,5,118
2,3,9,3,2527.073,1 0,East,2,5,118
2,3,9,2,2527.711,1 1,East,2,5,118
2,3,9,2,2528.422,1 1,East,2,5,119
2,3,9,3,2528.944,1 1,South,2,5,119
2,3,9,2,2529.601,2 1,South,2,5,119
2,3,9,1,2530.321,2 1,East,2,5,119
2,3,9,2,2530.947,2 1,East,2,5,120
2,3,9,3,2531.522,2 1,South,2,5,120
2,3,9,2,2532.129,3 1,South,2,5,120
2,3,9,1,2532.797,3 1,East,2,5,120
2,3,9,2,2533.406,3 2,East,2,5,120
2,3,9,2,2534.128,3 3,East,2,5,120
2,3,9,2,2534.833,3 3,East,2,5,121
2,3,9,1,2535.277,3 3,North,2,5,121
2,3,9,2,2535.87,3 3,North,2,5,122
2,3,9,3,2536.348,3 3,East,2,5,122
2,3,9,3,2536.964,3 3,South,2,5,122
2,3,9,2,2538.044,3 3,South,2,5,123
2,3,9,2,2538.547,3 3,South,2,5,124
2,3,9,3,2538.93,3 3,West,2,5,124
2,3,9,2,2539.52,3 2,West,2,5,124
2,3,9,1,2540.243,3 2,South,2,5,124
2,3,9,2,2540.817,4 2,South,2,5,124
2,3,9,1,2541.426,4 2,East,2,5,124
2,3,9,2,2542.083,4 3,East,2,5,124
2,3,9,2,2542.782,4 4,East,2,5,124
2,3,9,1,2543.298,4 4,North,2,5,124
2,3,9,2,2543.94,3 4,North,2,5,124
2,3,9,2,2544.529,2 4,North,2,5,124
2,3,9,2,2545.441,1 4,North,2,5,124
2,3,9,6,2545.82,1 4,North,2,6,124
2,3,9,2,2546.21,0 4,North,2,6,124
2,3,9,1,2546.851,0 4,West,2,6,124
2,3,9,1,2547.843,0 4,South,2,6,124
2,3,9,2,2548.48,1 4,South,2,6,124
2,3,9,2,2549.084,2 4,South,2,6,124
2,3,9,2,2549.677,3 4,South,2,6,124
2,3,9,2,2550.225,4 4,South,2,6,124
2,3,9,3,2550.738,4 4,West,2,6,124
2,3,9,2,2551.341,4 3,West,2,6,124
2,3,9,2,2551.989,4 2,West,2,6,124
2,3,9,6,2552.4,4 2,West,2,7,124
2,3,9,3,2552.835,4 2,North,2,7,124
2,3,9,2,2553.426,3 2,North,2,7,124
2,3,9,1,2553.937,3 2,West,2,7,124
2,3,9,2,2554.479,3 1,West,2,7,124
2,3,9,6,2554.88,3 1,West,2,8,124
1,4,10,2,2574.066,3 4,North,2,0,124
1,4,10,2,2574.693,2 4,North,2,0,124
1,4,10,2,2575.308,1 4,North,2,0,124
1,4,10,6,2575.7,1 4,North,2,1,124
1,4,10,2,2575.844,0 4,North,2,1,124
1,4,10,4,2576.494,1 4,North,2,1,124
1,4,10,1,2577.377,1 3,North,2,1,124
1,4,10,4,2577.966,2 3,North,2,1,124
1,4,10,1,2578.508,2 2,North,2,1,124
1,4,10,3,2579.363,2 3,North,2,1,124
1,4,10,3,2579.9,2 3,North,2,1,124
1,4,10,2,2580.225,1 3,North,2,1,124
1,4,10,3,2580.958,1 4,North,2,1,124
1,4,10,3,2581.474,1 4,North,2,1,124
1,4,10,4,2581.905,2 4,North,2,1,124
1,4,10,4,2582.51,3 4,North,2,1,124
1,4,10,4,2583.365,4 4,North,2,1,124
1,4,10,4,2583.891,4 4,North,2,1,124
1,4,10,1,2584.301,4 3,North,2,1,124
1,4,10,1,2584.96,4 2,North,2,1,124
1,4,10,2,2585.617,3 2,North,2,1,124
1,4,10,1,2586.253,3 1,North,2,1,124
1,4,10,2,2586.833,2 1,North,2,1,124
1,4,10,6,2587.22,2 1,North,2,2,124
1,4,10,4,2587.677,3 1,North,2,2,124
1,4,10,3,2588.303,3 2,North,2,2,124
1,4,10,3,2588.99,3 3,North,2,2,124
1,4,10,6,2589.4,3 3,North,2,3,124
1,4,10,1,2589.844,3 2,North,2,3,124
1,4,10,4,2590.494,4 2,North,2,3,124
1,4,10,3,2591.201,4 3,North,2,3,124
1,4,10,3,2591.772,4 4,North,2,3,124
1,4,10,2,2592.43,3 4,North,2,3,124
1,4,10,2,2593.245,2 4,North,2,3,124
1,4,10,2,2593.869,1 4,North,2,3,124
1,4,10,1,2594.464,1 3,North,2,3,124
1,4,10,4,2595.043,2 3,North,2,3,124
1,4,10,1,2595.63,2 2,North,2,3,124
1,4,10,2,2596.209,1 2,North,2,3,124
1,4,10,2,2596.814,0 2,North,2,3,124
1,4,10,1,2597.356,0 1,North,2,3,124
1,4,10,6,2597.76,0 1,North,2,4,124
1,4,10,3,2598.03,0 2,North,2,4,124
1,4,10,4,2599.007,1 2,North,2,4,124
1,4,10,4,2599.678,2 2,North,2,4,124
1,4,10,3,2600.302,2 3,North,2,4,124
1,4,10,6,2600.7,2 3,North,2,5,124
1,4,10,2,2601.233,1 3,North,2,5,124
1,4,10,3,2601.756,1 4,North,2,5,124
1,4,10,4,2602.365,2 4,North,2,5,124
1,4,10,4,2602.96,3 4,North,2,5,124
1,4,10,4,2603.6,4 4,North,2,5,124
1,4,10,1,2604.142,4 3,North,2,5,124
1,4,10,1,2604.785,4 2,North,2,5,124
1,4,10,2,2605.308,3 2,North,2,5,124
1,4,10,1,2605.904,3 1,North,2,5,124
1,4,10,6,2606.3,3 1,North,2,6,124
1,4,10,3,2606.558,3 2,North,2,6,124
1,4,10,4,2607.155,4 2,North,2,6,124
1,4,10,3,2607.731,4 3,North,2,6,124
1,4,10,6,2608.14,4 3,North,2,7,124
1,4,10,1,2608.701,4 2,North,2,7,124
1,4,10,2,2609.216,3 2,North,2,7,124
1,4,10,1,2609.76,3 1,North,2,7,124
1,4,10,2,2610.283,2 1,North,2,7,124
1,4,10,2,2610.816,1 1,North,2,7,124
1,4,10,1,2611.677,1 0,North,2,7,124
1,4,10,4,2612.318,2 0,North,2,7,124
1,4,10,6,2612.68,2 0,North,2,8,124
2,4,10,2,2620.991,3 4,North,2,0,0
2,4,10,1,2621.517,3 4,West,2,0,0
2,4,10,3,2622.254,3 4,North,2,0,0
2,4,10,2,2622.912,2 4,North,2,0,0
2,4,10,1,2624.227,2 4,West,2,0,0
2,4,10,2,2624.929,2 4,West,2,0,1
2,4,10,3,2625.507,2 4,North,2,0,1
2,4,10,2,2626.176,1 4,North,2,0,1
2,4,10,2,2626.845,0 4,North,2,0,1
2,4,10,1,2627.407,0 4,West,2,0,1
2,4,10,2,2628.03,0 3,West,2,0,1
2,4,10,2,2628.736,0 3,West,2,0,2
2,4,10,1,2629.247,0 3,South,2,0,2
2,4,10,2,2630.437,0 3,South,2,0,3
2,4,10,3,2631.027,0 3,West,2,0,3
2,4,10,2,2631.733,0 3,West,2,0,4
2,4,10,3,2632.435,0 3,North,2,0,4
2,4,10,2,2633.053,0 3,North,2,0,4
2,4,10,1,2633.537,0 3,West,2,0,4
2,4,10,2,2634.636,0 3,West,2,0,5
2,4,10,1,2634.948,0 3,South,2,0,5
2,4,10,1,2635.502,0 3,East,2,0,5
2,4,10,2,2636.077,0 4,East,2,0,5
2,4,10,3,2637.026,0 4,South,2,0,5
2,4,10,2,2637.677,1 4,South,2,0,5
2,4,10,2,2638.382,2 4,South,2,0,5
2,4,10,2,2639.09,3 4,South,2,0,5
2,4,10,2,2639.724,4 4,South,2,0,5
2,4,10,3,2640.337,4 4,West,2,0,5
2,4,10,3,2641.074,4 4,North,2,0,5
2,4,10,2,2643.874,3 4,North,2,0,5
2,4,10,2,2645.889,2 4,North,2,0,5
2,4,10,2,2646.529,1 4,North,2,0,5
2,4,10,1,2647.121,1 4,West,2,0,5
2,4,10,2,2647.852,1 3,West,2,0,5
2,4,10,2,2648.479,1 3,West,2,0,6
2,4,10,2,2648.948,1 3,West,2,0,7
2,4,10,1,2649.264,1 3,South,2,0,7
2,4,10,2,2649.922,2 3,South,2,0,7
2,4,10,3,2650.481,2 3,West,2,0,7
2,4,10,2,2651.154,2 2,West,2,0,7
2,4,10,2,2651.934,2 2,West,2,0,8
2,4,10,1,2652.462,2 2,South,2,0,8
2,4,10,2,2653.073,2 2,South,2,0,9
2,4,10,3,2653.614,2 2,West,2,0,9
2,4,10,3,2654.333,2 2,North,2,0,9
2,4,10,2,2654.974,1 2,North,2,0,9
2,4,10,1,2655.812,1 2,West,2,0,9
2,4,10,2,2656.448,1 2,West,2,0,10
2,4,10,1,2656.928,1 2,South,2,0,10
2,4,10,2,2657.65,2 2,South,2,0,10
2,4,10,2,2658.321,2 2,South,2,0,11
2,4,10,3,2658.959,2 2,West,2,0,11
2,4,10,2,2659.565,2 2,West,2,0,12
2,4,10,3,2660.102,2 2,North,2,0,12
2,4,10,3,2660.764,2 2,East,2,0,12
2,4,10,2,2661.406,2 3,East,2,0,12
2,4,10,2,2662.196,2 3,East,2,0,13
2,4,10,1,2662.703,2 3,North,2,0,13
2,4,10,2,2663.426,1 3,North,2,0,13
2,4,10,2,2664.14,1 3,North,2,0,14
2,4,10,1,2664.579,1 3,West,2,0,14
2,4,10,2,2665.361,1 3,West,2,0,15
2,4,10,1,2665.858,1 3,South,2,0,15
2,4,10,2,2666.476,2 3,South,2,0,15
2,4,10,2,2667.251,2 3,South,2,0,16
2,4,10,1,2667.891,2 3,East,2,0,16
2,4,10,2,2668.531,2 3,East,2,0,17
2,4,10,2,2669.262,2 3,East,2,0,18
2,4,10,1,2669.724,2 3,North,2,0,18
2,4,10,2,2670.348,1 3,North,2,0,18
2,4,10,2,2671.092,1 3,North,2,0,19
2,4,10,3,2671.698,1 3,East,2,0,19
2,4,10,2,2672.336,1 4,East,2,0,19
2,4,10,3,2672.899,1 4,South,2,0,19
2,4,10,2,2673.519,2 4,South,2,0,19
2,4,10,2,2674.229,3 4,South,2,0,19
2,4,10,3,2674.862,3 4,West,2,0,19
2,4,10,2,2675.585,3 4,West,2,0,20
2,4,10,1,2676.081,3 4,South,2,0,20
2,4,10,2,2676.677,4 4,South,2,0,20
2,4,10,3,2677.23,4 4,West,2,0,20
2,4,10,2,2677.788,4 3,West,2,0,20
2,4,10,2,2678.484,4 2,West,2,0,20
2,4,10,2,2679.074,4 2,West,2,0,21
2,4,10,3,2679.635,4 2,North,2,0,21
2,4,10,2,2680.273,3 2,North,2,0,21
2,4,10,2,2680.908,3 2,North,2,0,22
2,4,10,1,2681.398,3 2,West,2,0,22
2,4,10,2,2682.034,3 1,West,2,0,22
2,4,10,3,2682.578,3 1,North,2,0,22
2,4,10,2,2683.235,2 1,North,2,0,22
2,4,10,6,2683.62,2 1,North,2,1,22
2,4,10,1,2684.188,2 1,West,2,1,22
2,4,10,1,2685.073,2 1,South,2,1,22
2,4,10,2,2686.1,3 1,South,2,1,22
2,4,10,2,2686.785,3 1,South,2,1,23
2,4,10,1,2687.314,3 1,East,2,1,23
2,4,10,2,2687.908,3 2,East,2,1,23
2,4,10,3,2688.628,3 2,South,2,1,23
2,4,10,2,2689.276,4 2,South,2,1,23
2,4,10,1,2689.82,4 2,East,2,1,23
2,4,10,2,2690.482,4 3,East,2,1,23
2,4,10,6,2690.9,4 3,East,2,2,23
2,4,10,1,2691.501,4 3,North,2,2,23
2,4,10,1,2692.158,4 3,West,2,2,23
2,4,10,2,2692.789,4 2,West,2,2,23
2,4,10,2,2693.468,4 2,West,2,2,24
2,4,10,3,2694,4 2,North,2,2,24
2,4,10,2,2694.594,3 2,North,2,2,24
2,4,10,1,2695.38,3 2,West,2,2,24
2,4,10,2,2696.036,3 1,West,2,2,24
2,4,10,6,2696.44,3 1,West,2,3,24
2,4,10,3,2696.785,3 1,North,2,3,24
2,4,10,2,2697.506,2 1,North,2,3,24
2,4,10,2,2698.221,1 1,North,2,3,24
2,4,10,1,2699.07,1 1,West,2,3,24
2,4,10,2,2699.712,1 0,West,2,3,24
2,4,10,6,2700.14,1 0,West,2,4,24
2,4,10,3,2700.524,1 0,North,2,4,24
2,4,10,3,2701.1,1 0,East,2,4,24
2,4,10,2,2702.031,1 1,East,2,4,24
2,4,10,2,2702.675,1 1,East,2,4,25
2,4,10,3,2703.2,1 1,South,2,4,25
2,4,10,2,2703.854,2 1,South,2,4,25
2,4,10,2,2704.574,3 1,South,2,4,25
2,4,10,1,2705.186,3 1,East,2,4,25
2,4,10,2,2705.811,3 2,East,2,4,25
2,4,10,2,2706.436,3 3,East,2,4,25
2,4,10,6,2706.84,3 3,East,2,5,25
2,4,10,1,2707.252,3 3,North,2,5,25
2,4,10,2,2707.972,3 3,North,2,5,26
2,4,10,3,2708.479,3 3,East,2,5,26
2,4,10,2,2709.123,3 3,East,2,5,27
2,4,10,3,2710.208,3 3,South,2,5,27
2,4,10,2,2710.85,3 3,South,2,5,28
2,4,10,3,2711.507,3 3,West,2,5,28
2,4,10,2,2712.096,3 2,West,2,5,28
2,4,10,2,2713.558,3 1,West,2,5,28
2,4,10,3,2715.165,3 1,North,2,5,28
2,4,10,2,2715.907,2 1,North,2,5,28
2,4,10,2,2716.611,1 1,North,2,5,28
2,4,10,2,2717.411,1 1,North,2,5,29
2,4,10,3,2717.889,1 1,East,2,5,29
2,4,10,2,2718.499,1 1,East,2,5,30
2,4,10,1,2721.932,1 1,North,2,5,30
2,4,10,2,2722.703,1 1,North,2,5,31
2,4,10,3,2722.991,1 1,East,2,5,31
2,4,10,3,2723.622,1 1,South,2,5,31
2,4,10,2,2724.254,2 1,South,2,5,31
2,4,10,1,2724.965,2 1,East,2,5,31
2,4,10,2,2725.588,2 1,East,2,5,32
2,4,10,1,2726.129,2 1,North,2,5,32
2,4,10,2,2727.086,1 1,North,2,5,32
2,4,10,2,2727.809,1 1,North,2,5,33
2,4,10,3,2728.269,1 1,East,2,5,33
2,4,10,2,2728.848,1 1,East,2,5,34
2,4,10,3,2729.278,1 1,South,2,5,34
2,4,10,2,2729.981,2 1,South,2,5,34
2,4,10,2,2730.654,3 1,South,2,5,34
2,4,10,1,2731.168,3 1,East,2,5,34
2,4,10,2,2731.757,3 2,East,2,5,34
2,4,10,1,2732.428,3 2,North,2,5,34
2,4,10,2,2733.045,3 2,North,2,5,35
2,4,10,3,2733.58,3 2,East,2,5,35
2,4,10,2,2734.175,3 3,East,2,5,35
2,4,10,1,2734.756,3 3,North,2,5,35
2,4,10,2,2735.374,3 3,North,2,5,36
2,4,10,3,2735.844,3 3,East,2,5,36
2,4,10,2,2736.446,3 3,East,2,5,37
2,4,10,3,2737.167,3 3,South,2,5,37
2,4,10,2,2737.779,3 3,South,2,5,38
2,4,10,3,2738.527,3 3,West,2,5,38
2,4,10,2,2739.09,3 2,West,2,5,38
2,4,10,1,2739.711,3 2,South,2,5,38
2,4,10,2,2740.284,4 2,South,2,5,38
2,4,10,1,2741.136,4 2,East,2,5,38
2,4,10,2,2741.776,4 3,East,2,5,38
2,4,10,2,2742.401,4 4,East,2,5,38
2,4,10,1,2742.997,4 4,North,2,5,38
2,4,10,2,2743.581,3 4,North,2,5,38
2,4,10,2,2744.209,2 4,North,2,5,38
2,4,10,2,2744.772,1 4,North,2,5,38
2,4,10,2,2745.309,0 4,North,2,5,38
2,4,10,6,2745.7,0 4,North,2,6,38
2,4,10,1,2745.972,0 4,West,2,6,38
2,4,10,1,2746.757,0 4,South,2,6,38
2,4,10,2,2747.357,1 4,South,2,6,38
2,4,10,2,2747.941,2 4,South,2,6,38
2,4,10,3,2748.494,2 4,West,2,6,38
2,4,10,2,2749.103,2 4,West,2,6,39
2,4,10,3,2749.694,2 4,North,2,6,39
2,4,10,2,2750.237,1 4,North,2,6,39
2,4,10,1,2751.053,1 4,West,2,6,39
2,4,10,1,2751.681,1 4,South,2,6,39
2,4,10,2,2752.271,2 4,South,2,6,39
2,4,10,2,2753.029,3 4,South,2,6,39
2,4,10,3,2753.605,3 4,West,2,6,39
2,4,10,2,2754.194,3 4,West,2,6,40
2,4,10,1,2754.862,3 4,South,2,6,40
2,4,10,2,2755.473,4 4,South,2,6,40
2,4,10,3,2756.014,4 4,West,2,6,40
2,4,10,2,2756.642,4 3,West,2,6,40
2,4,10,3,2757.461,4 3,North,2,6,40
2,4,10,2,2758.097,4 3,North,2,6,41
2,4,10,1,2758.547,4 3,West,2,6,41
2,4,10,2,2759.132,4 2,West,2,6,41
2,4,10,3,2759.812,4 2,North,2,6,41
2,4,10,2,2760.383,3 2,North,2,6,41
2,4,10,2,2761.166,3 2,North,2,6,42
2,4,10,1,2761.633,3 2,West,2,6,42
2,4,10,2,2762.253,3 1,West,2,6,42
2,4,10,3,2762.914,3 1,North,2,6,42
2,4,10,2,2763.532,2 1,North,2,6,42
2,4,10,3,2764.066,2 1,East,2,6,42
2,4,10,2,2764.67,2 1,East,2,6,43
2,4,10,1,2765.185,2 1,North,2,6,43
2,4,10,2,2766.237,1 1,North,2,6,43
2,4,10,3,2766.885,1 1,East,2,6,43
2,4,10,2,2767.502,1 1,East,2,6,44
2,4,10,1,2768.124,1 1,North,2,6,44
2,4,10,2,2768.805,1 1,North,2,6,45
2,4,10,1,2769.582,1 1,West,2,6,45
2,4,10,2,2770.173,1 0,West,2,6,45
2,4,10,3,2770.732,1 0,North,2,6,45
2,4,10,2,2771.357,1 0,North,2,6,46
2,4,10,1,2771.925,1 0,West,2,6,46
2,4,10,1,2772.56,1 0,South,2,6,46
2,4,10,2,2773.141,2 0,South,2,6,46
2,4,10,1,2773.761,2 0,East,2,6,46
2,4,10,2,2777.844,2 0,East,2,6,47
2,4,10,3,2778.367,2 0,South,2,6,47
2,4,10,2,2779.056,3 0,South,2,6,47
2,4,10,1,2779.711,3 0,East,2,6,47
2,4,10,2,2780.3,3 0,East,2,6,48
2,4,10,3,2781.056,3 0,South,2,6,48
2,4,10,2,2781.681,4 0,South,2,6,48
2,4,10,1,2782.195,4 0,East,2,6,48
2,4,10,2,2782.91,4 1,East,2,6,48
2,4,10,2,2783.806,4 1,East,2,6,49
2,4,10,1,2784.454,4 1,North,2,6,49
2,4,10,2,2785.358,4 1,North,2,6,50
2,4,10,3,2786.069,4 1,East,2,6,50
2,4,10,2,2786.705,4 1,East,2,6,51
2,4,10,1,2787.33,4 1,North,2,6,51
2,4,10,1,2788.255,4 1,West,2,6,51
2,4,10,2,2788.964,4 0,West,2,6,51
2,4,10,3,2789.565,4 0,North,2,6,51
2,4,10,2,2790.322,3 0,North,2,6,51
2,4,10,3,2791.363,3 0,East,2,6,51
2,4,10,2,2792.063,3 0,East,2,6,52
2,4,10,1,2792.542,3 0,North,2,6,52
2,4,10,2,2793.116,2 0,North,2,6,52
2,4,10,3,2793.825,2 0,East,2,6,52
2,4,10,2,2794.508,2 0,East,2,6,53
2,4,10,1,2794.976,2 0,North,2,6,53
2,4,10,2,2795.635,1 0,North,2,6,53
2,4,10,3,2796.354,1 0,East,2,6,53
2,4,10,2,2797.021,1 1,East,2,6,53
2,4,10,2,2797.792,1 1,East,2,6,54
2,4,10,3,2798.309,1 1,South,2,6,54
2,4,10,2,2798.947,2 1,South,2,6,54
2,4,10,1,2799.633,2 1,East,2,6,54
2,4,10,2,2800.317,2 1,East,2,6,55
2,4,10,3,2801.196,2 1,South,2,6,55
2,4,10,2,2801.907,3 1,South,2,6,55
2,4,10,1,2802.481,3 1,East,2,6,55
2,4,10,2,2803.12,3 2,East,2,6,55
2,4,10,1,2803.758,3 2,North,2,6,55
2,4,10,2,2804.385,3 2,North,2,6,56
2,4,10,3,2804.844,3 2,East,2,6,56
2,4,10,2,2805.503,3 3,East,2,6,56
2,4,10,1,2806.211,3 3,North,2,6,56
2,4,10,2,2806.85,3 3,North,2,6,57
2,4,10,3,2807.645,3 3,East,2,6,57
2,4,10,2,2808.304,3 3,East,2,6,58
2,4,10,2,2808.869,3 3,East,2,6,59
2,4,10,3,2809.581,3 3,South,2,6,59
2,4,10,2,2810.193,3 3,South,2,6,60
2,4,10,1,2810.837,3 3,East,2,6,60
2,4,10,2,2811.357,3 3,East,2,6,61
2,4,10,3,2811.713,3 3,South,2,6,61
2,4,10,3,2812.224,3 3,West,2,6,61
2,4,10,2,2812.788,3 2,West,2,6,61
2,4,10,2,2813.454,3 1,West,2,6,61
2,4,10,3,2814.511,3 1,North,2,6,61
2,4,10,2,2815.232,2 1,North,2,6,61
2,4,10,3,2816.131,2 1,East,2,6,61
2,4,10,2,2816.737,2 1,East,2,6,62
2,4,10,1,2817.138,2 1,North,2,6,62
2,4,10,2,2817.692,1 1,North,2,6,62
2,4,10,2,2818.291,1 1,North,2,6,63
2,4,10,3,2818.723,1 1,East,2,6,63
2,4,10,2,2819.404,1 1,East,2,6,64
2,4,10,3,2819.921,1 1,South,2,6,64
2,4,10,2,2820.689,2 1,South,2,6,64
2,4,10,1,2821.468,2 1,East,2,6,64
2,4,10,2,2822.19,2 1,East,2,6,65
2,4,10,3,2823.086,2 1,South,2,6,65
2,4,10,2,2823.951,3 1,South,2,6,65
2,4,10,2,2824.658,3 1,South,2,6,66
2,4,10,1,2825.189,3 1,East,2,6,66
2,4,10,2,2825.744,3 2,East,2,6,66
2,4,10,1,2826.429,3 2,North,2,6,66
2,4,10,2,2827.085,3 2,North,2,6,67
2,4,10,3,2827.953,3 2,East,2,6,67
2,4,10,2,2828.668,3 3,East,2,6,67
2,4,10,1,2829.42,3 3,North,2,6,67
2,4,10,2,2830.076,3 3,North,2,6,68
2,4,10,3,2830.659,3 3,East,2,6,68
2,4,10,2,2831.341,3 3,East,2,6,69
2,4,10,3,2831.869,3 3,South,2,6,69
2,4,10,2,2832.815,3 3,South,2,6,70
2,4,10,3,2834.447,3 3,West,2,6,70
2,4,10,2,2835.075,3 2,West,2,6,70
2,4,10,2,2835.731,3 1,West,2,6,70
2,4,10,2,2837.596,3 1,West,2,6,71
2,4,10,3,2838.589,3 1,North,2,6,71
2,4,10,2,2839.218,2 1,North,2,6,71
2,4,10,3,2839.938,2 1,East,2,6,71
2,4,10,2,2840.591,2 1,East,2,6,72
2,4,10,1,2840.99,2 1,North,2,6,72
2,4,10,2,2841.583,1 1,North,2,6,72
2,4,10,2,2842.261,1 1,North,2,6,73
2,4,10,3,2842.699,1 1,East,2,6,73
2,4,10,2,2843.317,1 1,East,2,6,74
2,4,10,3,2844.308,1 1,South,2,6,74
2,4,10,2,2844.96,2 1,South,2,6,74
2,4,10,2,2845.891,3 1,South,2,6,74
2,4,10,1,2846.462,3 1,East,2,6,74
2,4,10,2,2847.116,3 2,East,2,6,74
2,4,10,1,2847.729,3 2,North,2,6,74
2,4,10,2,2848.578,3 2,North,2,6,75
2,4,10,3,2848.978,3 2,East,2,6,75
2,4,10,2,2849.681,3 3,East,2,6,75
2,4,10,2,2850.368,3 3,East,2,6,76
2,4,10,2,2850.912,3 3,East,2,6,77
2,4,10,3,2851.567,3 3,South,2,6,77
2,4,10,2,2852.141,3 3,South,2,6,78
2,4,10,3,2852.909,3 3,West,2,6,78
2,4,10,2,2853.555,3 2,West,2,6,78
2,4,10,2,2854.653,3 1,West,2,6,78
2,4,10,2,2855.52,3 1,West,2,6,79
2,4,10,1,2856.211,3 1,South,2,6,79
2,4,10,2,2856.896,3 1,South,2,6,80
2,4,10,3,2857.504,3 1,West,2,6,80
2,4,10,3,2858.125,3 1,North,2,6,80
2,4,10,2,2858.838,2 1,North,2,6,80
2,4,10,2,2860.511,1 1,North,2,6,80
2,4,10,3,2861.091,1 1,East,2,6,80
2,4,10,2,2861.669,1 1,East,2,6,81
2,4,10,2,2862.245,1 1,East,2,6,82
2,4,10,3,2862.963,1 1,South,2,6,82
2,4,10,2,2863.491,2 1,South,2,6,82
2,4,10,2,2864.241,3 1,South,2,6,82
2,4,10,2,2864.942,3 1,South,2,6,83
2,4,10,1,2865.488,3 1,East,2,6,83
2,4,10,2,2866.165,3 2,East,2,6,83
2,4,10,2,2866.876,3 3,East,2,6,83
2,4,10,1,2867.501,3 3,North,2,6,83
2,4,10,2,2868.158,3 3,North,2,6,84
2,4,10,3,2868.797,3 3,East,2,6,84
2,4,10,2,2869.389,3 3,East,2,6,85
2,4,10,1,2870.208,3 3,North,2,6,85
2,4,10,1,2870.863,3 3,West,2,6,85
2,4,10,2,2871.82,3 2,West,2,6,85
2,4,10,2,2872.659,3 1,West,2,6,85
2,4,10,1,2874.147,3 1,South,2,6,85
2,4,10,1,2874.801,3 1,East,2,6,85
2,4,10,1,2875.356,3 1,North,2,6,85
2,4,10,2,2875.906,2 1,North,2,6,85
2,4,10,3,2876.974,2 1,East,2,6,85
2,4,10,2,2877.581,2 1,East,2,6,86
2,4,10,1,2878.097,2 1,North,2,6,86
2,4,10,2,2878.625,1 1,North,2,6,86
2,4,10,3,2879.187,1 1,East,2,6,86
2,4,10,2,2879.729,1 1,East,2,6,87
2,4,10,1,2880.357,1 1,North,2,6,87
2,4,10,2,2880.885,1 1,North,2,6,88
2,4,10,3,2881.986,1 1,East,2,6,88
2,4,10,3,2882.832,1 1,South,2,6,88
2,4,10,2,2883.616,2 1,South,2,6,88
2,4,10,2,2884.147,3 1,South,2,6,88
2,4,10,2,2884.882,3 1,South,2,6,89
2,4,10,1,2885.459,3 1,East,2,6,89
2,4,10,2,2886.068,3 2,East,2,6,89
2,4,10,1,2886.94,3 2,North,2,6,89
2,4,10,2,2887.487,3 2,North,2,6,90
2,4,10,3,2888.004,3 2,East,2,6,90
2,4,10,2,2888.563,3 3,East,2,6,90
2,4,10,1,2889.183,3 3,North,2,6,90
2,4,10,2,2889.714,3 3,North,2,6,91
2,4,10,2,2890.194,3 3,North,2,6,92
2,4,10,3,2890.529,3 3,East,2,6,92
2,4,10,2,2891.182,3 3,East,2,6,93
2,4,10,3,2891.874,3 3,South,2,6,93
2,4,10,2,2892.467,3 3,South,2,6,94
2,4,10,3,2893.172,3 3,West,2,6,94
2,4,10,2,2893.791,3 2,West,2,6,94
2,4,10,3,2894.829,3 2,North,2,6,94
2,4,10,1,2895.779,3 2,West,2,6,94
2,4,10,2,2896.368,3 1,West,2,6,94
2,4,10,1,2896.99,3 1,South,2,6,94
2,4,10,2,2897.793,3 1,South,2,6,95
2,4,10,3,2898.188,3 1,West,2,6,95
2,4,10,3,2899.154,3 1,North,2,6,95
2,4,10,2,2899.86,2 1,North,2,6,95
2,4,10,2,2900.527,1 1,North,2,6,95
2,4,10,2,2901.252,1 1,North,2,6,96
2,4,10,3,2901.732,1 1,East,2,6,96
2,4,10,2,2902.324,1 1,East,2,6,97
2,4,10,1,2903.024,1 1,North,2,6,97
2,4,10,2,2903.776,1 1,North,2,6,98
2,4,10,1,2904.219,1 1,West,2,6,98
2,4,10,2,2904.881,1 0,West,2,6,98
2,4,10,3,2905.54,1 0,North,2,6,98
2,4,10,2,2906.175,1 0,North,2,6,99
2,4,10,2,2906.756,1 0,North,2,6,100
2,4,10,1,2907.075,1 0,West,2,6,100
2,4,10,1,2907.776,1 0,South,2,6,100
2,4,10,2,2908.324,2 0,South,2,6,100
2,4,10,2,2909.229,3 0,South,2,6,100
2,4,10,2,2910.131,4 0,South,2,6,100
2,4,10,1,2910.687,4 0,East,2,6,100
2,4,10,2,2911.395,4 1,East,2,6,100
2,4,10,2,2912.112,4 1,East,2,6,101
2,4,10,1,2912.765,4 1,North,2,6,101
2,4,10,2,2913.601,4 1,North,2,6,102
2,4,10,2,2914.508,4 1,North,2,6,103
2,4,10,3,2915.445,4 1,East,2,6,103
2,4,10,2,2916.081,4 1,East,2,6,104
2,4,10,1,2916.532,4 1,North,2,6,104
2,4,10,1,2917.198,4 1,West,2,6,104
2,4,10,2,2917.841,4 0,West,2,6,104
2,4,10,3,2918.995,4 0,North,2,6,104
2,4,10,2,2919.713,3 0,North,2,6,104
2,4,10,2,2920.43,2 0,North,2,6,104
2,4,10,3,2921.757,2 0,East,2,6,104
2,4,10,2,2922.448,2 0,East,2,6,105
2,4,10,1,2922.878,2 0,North,2,6,105
2,4,10,2,2923.442,1 0,North,2,6,105
2,4,10,3,2924.19,1 0,East,2,6,105
2,4,10,2,2924.911,1 1,East,2,6,105
2,4,10,2,2925.7,1 1,East,2,6,106
2,4,10,1,2926.243,1 1,North,2,6,106
2,4,10,2,2926.849,1 1,North,2,6,107
2,4,10,2,2927.312,1 1,North,2,6,108
2,4,10,1,2927.653,1 1,West,2,6,108
2,4,10,2,2928.254,1 0,West,2,6,108
2,4,10,3,2928.864,1 0,North,2,6,108
2,4,10,2,2929.5,1 0,North,2,6,109
2,4,10,1,2930.081,1 0,West,2,6,109
2,4,10,1,2930.751,1 0,South,2,6,109
2,4,10,2,2931.392,2 0,South,2,6,109
2,4,10,2,2932.031,3 0,South,2,6,109
2,4,10,2,2932.626,4 0,South,2,6,109
2,4,10,1,2933.218,4 0,East,2,6,109
2,4,10,2,2934.03,4 1,East,2,6,109
2,4,10,2,2934.672,4 1,East,2,6,110
2,4,10,1,2935.375,4 1,North,2,6,110
2,4,10,2,2936.048,4 1,North,2,6,111
2,4,10,3,2937.062,4 1,East,2,6,111
2,4,10,2,2937.729,4 1,East,2,6,112
2,4,10,1,2938.096,4 1,North,2,6,112
2,4,10,1,2938.717,4 1,West,2,6,112
2,4,10,2,2939.358,4 0,West,2,6,112
2,4,10,2,2940.049,4 0,West,2,6,112
2,4,10,3,2940.947,4 0,North,2,6,112
2,4,10,3,2945.44,4 0,East,2,6,112
2,4,10,2,2946.174,4 1,East,2,6,112
2,4,10,2,2946.927,4 1,East,2,6,113
2,4,10,1,2947.804,4 1,North,2,6,113
2,4,10,2,2948.48,4 1,North,2,6,114
2,4,10,1,2949.004,4 1,West,2,6,114
2,4,10,2,2949.635,4 0,West,2,6,114
2,4,10,2,2950.255,4 0,West,2,6,114
2,4,10,3,2950.723,4 0,North,2,6,114
2,4,10,2,2951.342,3 0,North,2,6,114
2,4,10,2,2952.124,2 0,North,2,6,114
2,4,10,3,2952.772,2 0,East,2,6,114
2,4,10,2,2953.454,2 0,East,2,6,115
2,4,10,1,2953.999,2 0,North,2,6,115
2,4,10,2,2954.643,1 0,North,2,6,115
2,4,10,3,2955.473,1 0,East,2,6,115
2,4,10,2,2956.24,1 1,East,2,6,115
2,4,10,2,2957.093,1 1,East,2,6,116
2,4,10,3,2957.805,1 1,South,2,6,116
2,4,10,2,2958.608,2 1,South,2,6,116
2,4,10,2,2959.392,3 1,South,2,6,116
2,4,10,1,2960.077,3 1,East,2,6,116
2,4,10,2,2960.863,3 2,East,2,6,116
2,4,10,1,2961.666,3 2,North,2,6,116
2,4,10,2,2962.308,3 2,North,2,6,117
2,4,10,3,2962.812,3 2,East,2,6,117
2,4,10,2,2963.732,3 3,East,2,6,117
2,4,10,2,2964.51,3 3,East,2,6,118
2,4,10,1,2965.027,3 3,North,2,6,118
2,4,10,2,2965.637,3 3,North,2,6,119
2,4,10,1,2966.134,3 3,West,2,6,119
2,4,10,2,2966.675,3 2,West,2,6,119
2,4,10,3,2967.812,3 2,North,2,6,119
2,4,10,2,2968.5,3 2,North,2,6,120
2,4,10,1,2968.928,3 2,West,2,6,120
2,4,10,2,2969.551,3 1,West,2,6,120
2,4,10,3,2970.243,3 1,North,2,6,120
2,4,10,2,2970.915,2 1,North,2,6,120
2,4,10,2,2971.746,1 1,North,2,6,120
2,4,10,3,2972.658,1 1,East,2,6,120
2,4,10,2,2973.44,1 1,East,2,6,121
2,4,10,1,2974.173,1 1,North,2,6,121
2,4,10,2,2974.796,1 1,North,2,6,122
2,4,10,3,2975.792,1 1,East,2,6,122
2,4,10,3,2976.446,1 1,South,2,6,122
2,4,10,2,2977.04,2 1,South,2,6,122
2,4,10,1,2977.552,2 1,East,2,6,122
2,4,10,2,2978.22,2 1,East,2,6,123
2,4,10,1,2978.66,2 1,North,2,6,123
2,4,10,2,2979.215,1 1,North,2,6,123
2,4,10,2,2979.796,1 1,North,2,6,124
2,4,10,2,2980.283,1 1,North,2,6,125
2,4,10,3,2980.656,1 1,East,2,6,125
2,4,10,2,2981.295,1 1,East,2,6,126
2,4,10,3,2981.765,1 1,South,2,6,126
2,4,10,2,2982.478,2 1,South,2,6,126
2,4,10,2,2983.169,3 1,South,2,6,126
2,4,10,1,2983.806,3 1,East,2,6,126
2,4,10,2,2984.414,3 2,East,2,6,126
2,4,10,1,2985.106,3 2,North,2,6,126
2,4,10,2,2985.685,3 2,North,2,6,127
2,4,10,3,2986.372,3 2,East,2,6,127
2,4,10,2,2986.995,3 3,East,2,6,127
2,4,10,1,2987.761,3 3,North,2,6,127
2,4,10,2,2988.419,3 3,North,2,6,128
2,4,10,3,2989.069,3 3,East,2,6,128
2,4,10,2,2989.677,3 3,East,2,6,129
2,4,10,3,2990.428,3 3,South,2,6,129
2,4,10,2,2991.04,3 3,South,2,6,130
2,4,10,3,2991.839,3 3,West,2,6,130
2,4,10,2,2992.447,3 2,West,2,6,130
2,4,10,1,2993.103,3 2,South,2,6,130
2,4,10,2,2993.789,4 2,South,2,6,130
2,4,10,1,2994.366,4 2,East,2,6,130
2,4,10,2,2994.993,4 3,East,2,6,130
2,4,10,2,2995.712,4 4,East,2,6,130
2,4,10,1,2996.274,4 4,North,2,6,130
2,4,10,2,2996.868,3 4,North,2,6,130
2,4,10,2,2997.49,2 4,North,2,6,130
2,4,10,1,2998.052,2 4,West,2,6,130
2,4,10,2,2998.614,2 4,West,2,6,131
2,4,10,3,2999.186,2 4,North,2,6,131
2,4,10,2,2999.793,1 4,North,2,6,131
2,4,10,1,3000.335,1 4,West,2,6,131
2,4,10,2,3000.963,1 3,West,2,6,131
2,4,10,2,3001.572,1 3,West,2,6,132
2,4,10,1,3002.098,1 3,South,2,6,132
2,4,10,2,3003.041,2 3,South,2,6,132
2,4,10,3,3003.63,2 3,West,2,6,132
2,4,10,2,3004.225,2 2,West,2,6,132
2,4,10,6,3004.64,2 2,West,2,7,132
2,4,10,2,3004.821,2 2,West,2,7,133
2,4,10,3,3005.46,2 2,North,2,7,133
2,4,10,3,3006.271,2 2,East,2,7,133
2,4,10,2,3007.104,2 3,East,2,7,133
2,4,10,2,3007.742,2 3,East,2,7,134
2,4,10,3,3008.288,2 3,South,2,7,134
2,4,10,2,3008.853,2 3,South,2,7,135
2,4,10,1,3010.194,2 3,East,2,7,135
2,4,10,1,3010.837,2 3,North,2,7,135
2,4,10,2,3011.426,1 3,North,2,7,135
2,4,10,3,3012.398,1 3,East,2,7,135
2,4,10,2,3013.057,1 4,East,2,7,135
2,4,10,3,3013.619,1 4,South,2,7,135
2,4,10,2,3014.194,2 4,South,2,7,135
2,4,10,2,3014.784,3 4,South,2,7,135
2,4,10,6,3015.16,3 4,South,2,8,135
1,4,11,2,3041.889,3 4,North,2,0,135
1,4,11,2,3043.138,2 4,North,2,0,135
1,4,11,2,3044.676,1 4,North,2,0,135
1,4,11,1,3045.534,1 3,North,2,0,135
1,4,11,4,3046.881,2 3,North,2,0,135
1,4,11,1,3047.652,2 2,North,2,0,135
1,4,11,6,3048.06,2 2,North,2,1,135
1,4,11,3,3050.273,2 3,North,2,1,135
1,4,11,2,3051.313,1 3,North,2,1,135
1,4,11,3,3052.335,1 4,North,2,1,135
1,4,11,2,3053.357,0 4,North,2,1,135
1,4,11,6,3053.74,0 4,North,2,2,135
1,4,11,4,3055.155,1 4,North,2,2,135
1,4,11,4,3055.763,2 4,North,2,2,135
1,4,11,4,3056.413,3 4,North,2,2,135
1,4,11,4,3057.109,4 4,North,2,2,135
1,4,11,1,3058.403,4 3,North,2,2,135
1,4,11,1,3059.425,4 2,North,2,2,135
1,4,11,2,3060.177,3 2,North,2,2,135
1,4,11,6,3060.56,3 2,North,2,3,135
1,4,11,1,3062.03,3 1,North,2,3,135
1,4,11,2,3063.152,2 1,North,2,3,135
1,4,11,2,3063.778,1 1,North,2,3,135
1,4,11,1,3064.401,1 0,North,2,3,135
1,4,11,4,3065.117,2 0,North,2,3,135
1,4,11,4,3065.741,3 0,North,2,3,135
1,4,11,4,3066.51,4 0,North,2,3,135
1,4,11,3,3067.524,4 1,North,2,3,135
1,4,11,6,3067.92,4 1,North,2,4,135
1,4,11,1,3068.395,4 0,North,2,4,135
1,4,11,2,3070.05,3 0,North,2,4,135
1,4,11,2,3070.736,2 0,North,2,4,135
1,4,11,2,3071.317,1 0,North,2,4,135
1,4,11,3,3071.935,1 1,North,2,4,135
1,4,11,4,3072.818,2 1,North,2,4,135
1,4,11,4,3073.504,3 1,North,2,4,135
1,4,11,3,3074.319,3 2,North,2,4,135
1,4,11,4,3075.86,4 2,North,2,4,135
1,4,11,3,3076.531,4 3,North,2,4,135
1,4,11,3,3077.202,4 4,North,2,4,135
1,4,11,2,3078.259,3 4,North,2,4,135
1,4,11,2,3078.831,2 4,North,2,4,135
1,4,11,2,3079.409,1 4,North,2,4,135
1,4,11,2,3079.987,0 4,North,2,4,135
1,4,11,1,3080.802,0 3,North,2,4,135
1,4,11,6,3081.2,0 3,North,2,5,135
1,4,11,3,3082.355,0 4,North,2,5,135
1,4,11,4,3083.374,1 4,North,2,5,135
1,4,11,4,3084.496,2 4,North,2,5,135
1,4,11,4,3085.347,3 4,North,2,5,135
1,4,11,4,3086.147,4 4,North,2,5,135
1,4,11,1,3086.718,4 3,North,2,5,135
1,4,11,1,3087.552,4 2,North,2,5,135
1,4,11,6,3087.96,4 2,North,2,6,135
1,4,11,3,3088.495,4 3,North,2,6,135
1,4,11,3,3089.235,4 4,North,2,6,135
1,4,11,2,3090.067,3 4,North,2,6,135
1,4,11,2,3090.638,2 4,North,2,6,135
1,4,11,6,3091.02,2 4,North,2,7,135
1,4,11,4,3091.502,3 4,North,2,7,135
1,4,11,6,3091.86,3 4,North,2,8,135
2,4,11,2,3095.843,3 4,North,2,0,0
2,4,11,1,3096.625,3 4,West,2,0,0
2,4,11,3,3098.693,3 4,North,2,0,0
2,4,11,2,3099.36,2 4,North,2,0,0
2,4,11,1,3102.737,2 4,West,2,0,0
2,4,11,2,3104.733,2 4,West,2,0,1
2,4,11,1,3105.522,2 4,South,2,0,1
2,4,11,2,3106.295,3 4,South,2,0,1
2,4,11,2,3107.618,4 4,South,2,0,1
2,4,11,3,3108.188,4 4,West,2,0,1
2,4,11,2,3109.519,4 3,West,2,0,1
2,4,11,2,3110.301,4 2,West,2,0,1
2,4,11,3,3110.924,4 2,North,2,0,1
2,4,11,2,3111.57,3 2,North,2,0,1
2,4,11,1,3112.272,3 2,West,2,0,1
2,4,11,2,3113.053,3 1,West,2,0,1
2,4,11,1,3113.988,3 1,South,2,0,1
2,4,11,2,3114.61,3 1,South,2,0,2
2,4,11,1,3115.1,3 1,East,2,0,2
2,4,11,2,3115.665,3 2,East,2,0,2
2,4,11,3,3116.406,3 2,South,2,0,2
2,4,11,2,3116.996,4 2,South,2,0,2
2,4,11,3,3117.916,4 2,West,2,0,2
2,4,11,2,3118.5,4 2,West,2,0,3
2,4,11,3,3119.453,4 2,North,2,0,3
2,4,11,2,3120.45,3 2,North,2,0,3
2,4,11,1,3121.539,3 2,West,2,0,3
2,4,11,2,3122.223,3 1,West,2,0,3
2,4,11,1,3122.739,3 1,South,2,0,3
2,4,11,2,3123.454,3 1,South,2,0,4
2,4,11,3,3123.948,3 1,West,2,0,4
2,4,11,2,3124.542,3 1,West,2,0,5
2,4,11,3,3125.283,3 1,North,2,0,5
2,4,11,2,3126.054,2 1,North,2,0,5
2,4,11,1,3126.787,2 1,West,2,0,5
2,4,11,2,3127.435,2 1,West,2,0,6
2,4,11,1,3127.984,2 1,South,2,0,6
2,4,11,2,3129.713,3 1,South,2,0,6
2,4,11,2,3130.477,3 1,South,2,0,7
2,4,11,3,3130.941,3 1,West,2,0,7
2,4,11,2,3132.46,3 1,West,2,0,8
2,4,11,3,3133.036,3 1,North,2,0,8
2,4,11,2,3133.821,2 1,North,2,0,8
2,4,11,1,3134.706,2 1,West,2,0,8
2,4,11,2,3135.411,2 1,West,2,0,9
2,4,11,3,3136.111,2 1,North,2,0,9
2,4,11,2,3136.833,1 1,North,2,0,9
2,4,11,1,3137.789,1 1,West,2,0,9
2,4,11,2,3138.399,1 0,West,2,0,9
2,4,11,1,3138.94,1 0,South,2,0,9
2,4,11,2,3139.533,2 0,South,2,0,9
2,4,11,2,3140.238,3 0,South,2,0,9
2,4,11,2,3140.948,4 0,South,2,0,9
2,4,11,1,3141.492,4 0,East,2,0,9
2,4,11,2,3142.164,4 1,East,2,0,9
2,4,11,6,3142.58,4 1,East,2,1,9
2,4,11,1,3142.702,4 1,North,2,1,9
2,4,11,1,3143.701,4 1,West,2,1,9
2,4,11,2,3144.37,4 0,West,2,1,9
2,4,11,3,3144.973,4 0,North,2,1,9
2,4,11,2,3145.555,3 0,North,2,1,9
2,4,11,2,3146.166,2 0,North,2,1,9
2,4,11,2,3146.785,1 0,North,2,1,9
2,4,11,2,3147.333,1 0,North,2,1,10
2,4,11,3,3147.873,1 0,East,2,1,10
2,4,11,2,3148.593,1 1,East,2,1,10
2,4,11,2,3149.276,1 1,East,2,1,11
2,4,11,3,3149.724,1 1,South,2,1,11
2,4,11,2,3150.369,2 1,South,2,1,11
2,4,11,2,3150.93,3 1,South,2,1,11
2,4,11,1,3151.726,3 1,East,2,1,11
2,4,11,2,3152.401,3 2,East,2,1,11
2,4,11,1,3153.218,3 2,North,2,1,11
2,4,11,2,3153.853,3 2,North,2,1,12
2,4,11,3,3154.471,3 2,East,2,1,12
2,4,11,2,3155.133,3 3,East,2,1,12
2,4,11,2,3155.771,3 3,East,2,1,13
2,4,11,1,3156.178,3 3,North,2,1,13
2,4,11,2,3156.876,3 3,North,2,1,14
2,4,11,3,3157.485,3 3,East,2,1,14
2,4,11,3,3158.124,3 3,South,2,1,14
2,4,11,2,3158.803,3 3,South,2,1,15
2,4,11,3,3159.516,3 3,West,2,1,15
2,4,11,2,3160.145,3 2,West,2,1,15
2,4,11,1,3160.688,3 2,South,2,1,15
2,4,11,2,3161.341,4 2,South,2,1,15
2,4,11,1,3161.853,4 2,East,2,1,15
2,4,11,2,3162.448,4 3,East,2,1,15
2,4,11,2,3162.974,4 4,East,2,1,15
2,4,11,1,3163.89,4 4,North,2,1,15
2,4,11,2,3164.479,3 4,North,2,1,15
2,4,11,2,3165.041,2 4,North,2,1,15
2,4,11,6,3165.42,2 4,North,2,2,15
2,4,11,1,3166.22,2 4,West,2,2,15
2,4,11,1,3166.782,2 4,South,2,2,15
2,4,11,2,3167.409,3 4,South,2,2,15
2,4,11,2,3168.001,4 4,South,2,2,15
2,4,11,1,3169.089,4 4,East,2,2,15
2,4,11,1,3169.841,4 4,North,2,2,15
2,4,11,2,3170.353,3 4,North,2,2,15
2,4,11,2,3171.06,2 4,North,2,2,15
2,4,11,2,3171.714,1 4,North,2,2,15
2,4,11,2,3172.351,0 4,North,2,2,15
2,4,11,1,3173.314,0 4,West,2,2,15
2,4,11,2,3173.916,0 3,West,2,2,15
2,4,11,6,3174.32,0 3,West,2,3,15
2,4,11,1,3174.723,0 3,South,2,3,15
2,4,11,1,3175.486,0 3,East,2,3,15
2,4,11,2,3176.004,0 4,East,2,3,15
2,4,11,3,3176.575,0 4,South,2,3,15
2,4,11,2,3177.123,1 4,South,2,3,15
2,4,11,2,3177.696,2 4,South,2,3,15
2,4,11,2,3178.413,3 4,South,2,3,15
2,4,11,3,3179.076,3 4,West,2,3,15
2,4,11,2,3179.694,3 4,West,2,3,16
2,4,11,1,3180.114,3 4,South,2,3,16
2,4,11,2,3180.749,4 4,South,2,3,16
2,4,11,3,3181.617,4 4,West,2,3,16
2,4,11,2,3182.163,4 3,West,2,3,16
2,4,11,2,3182.861,4 2,West,2,3,16
2,4,11,3,3183.73,4 2,North,2,3,16
2,4,11,2,3184.339,3 2,North,2,3,16
2,4,11,6,3184.72,3 2,North,2,4,16
2,4,11,3,3185.692,3 2,East,2,4,16
2,4,11,2,3186.302,3 3,East,2,4,16
2,4,11,1,3186.847,3 3,North,2,4,16
2,4,11,2,3187.373,3 3,North,2,4,17
2,4,11,1,3187.952,3 3,West,2,4,17
2,4,11,2,3188.685,3 2,West,2,4,17
2,4,11,3,3189.261,3 2,North,2,4,17
2,4,11,2,3189.871,3 2,North,2,4,18
2,4,11,2,3190.416,3 2,North,2,4,19
2,4,11,1,3190.895,3 2,West,2,4,19
2,4,11,2,3191.554,3 1,West,2,4,19
2,4,11,3,3192.078,3 1,North,2,4,19
2,4,11,2,3192.593,2 1,North,2,4,19
2,4,11,3,3193.153,2 1,East,2,4,19
2,4,11,2,3193.776,2 1,East,2,4,20
2,4,11,1,3194.272,2 1,North,2,4,20
2,4,11,2,3194.85,1 1,North,2,4,20
2,4,11,3,3195.916,1 1,East,2,4,20
2,4,11,2,3196.562,1 1,East,2,4,21
2,4,11,1,3197.125,1 1,North,2,4,21
2,4,11,1,3197.984,1 1,West,2,4,21
2,4,11,1,3198.877,1 1,South,2,4,21
2,4,11,1,3199.457,1 1,East,2,4,21
2,4,11,3,3200.277,1 1,South,2,4,21
2,4,11,2,3200.835,2 1,South,2,4,21
2,4,11,2,3201.412,3 1,South,2,4,21
2,4,11,2,3202.066,3 1,South,2,4,22
2,4,11,2,3202.67,3 1,South,2,4,23
2,4,11,1,3203.217,3 1,East,2,4,23
2,4,11,2,3203.79,3 2,East,2,4,23
2,4,11,2,3204.415,3 3,East,2,4,23
2,4,11,1,3205.228,3 3,North,2,4,23
2,4,11,2,3205.853,3 3,North,2,4,24
2,4,11,3,3206.348,3 3,East,2,4,24
2,4,11,2,3206.965,3 3,East,2,4,25
2,4,11,1,3207.519,3 3,North,2,4,25
2,4,11,1,3208.063,3 3,West,2,4,25
2,4,11,2,3208.636,3 2,West,2,4,25
2,4,11,2,3209.228,3 1,West,2,4,25
2,4,11,3,3210.125,3 1,North,2,4,25
2,4,11,2,3210.704,2 1,North,2,4,25
2,4,11,2,3211.34,1 1,North,2,4,25
2,4,11,3,3211.987,1 1,East,2,4,25
2,4,11,2,3212.612,1 1,East,2,4,26
2,4,11,1,3213.101,1 1,North,2,4,26
2,4,11,2,3213.78,1 1,North,2,4,27
2,4,11,1,3214.383,1 1,West,2,4,27
2,4,11,2,3214.916,1 0,West,2,4,27
2,4,11,3,3215.475,1 0,North,2,4,27
2,4,11,2,3216.06,1 0,North,2,4,28
2,4,11,2,3216.4,1 0,North,2,4,29
2,4,11,1,3216.996,1 0,West,2,4,29
2,4,11,2,3217.635,1 0,West,2,4,29
2,4,11,3,3217.867,1 0,North,2,4,29
2,4,11,2,3218.398,1 0,North,2,4,30
2,4,11,1,3218.766,1 0,West,2,4,30
2,4,11,1,3219.312,1 0,South,2,4,30
2,4,11,2,3220.428,2 0,South,2,4,30
2,4,11,2,3220.958,3 0,South,2,4,30
2,4,11,2,3221.488,4 0,South,2,4,30
2,4,11,1,3222.196,4 0,East,2,4,30
2,4,11,2,3222.981,4 1,East,2,4,30
2,4,11,2,3223.667,4 1,East,2,4,31
2,4,11,1,3224.366,4 1,North,2,4,31
2,4,11,2,3224.927,4 1,North,2,4,32
2,4,11,3,3225.535,4 1,East,2,4,32
2,4,11,2,3226.099,4 1,East,2,4,33
2,4,11,1,3226.514,4 1,North,2,4,33
2,4,11,1,3227.107,4 1,West,2,4,33
2,4,11,2,3227.693,4 0,West,2,4,33
2,4,11,3,3228.208,4 0,North,2,4,33
2,4,11,2,3228.772,3 0,North,2,4,33
2,4,11,2,3229.724,2 0,North,2,4,33
2,4,11,2,3230.366,1 0,North,2,4,33
2,4,11,2,3231.275,1 0,North,2,4,34
2,4,11,3,3231.777,1 0,East,2,4,34
2,4,11,2,3234.99,1 1,East,2,4,34
2,4,11,2,3235.678,1 1,East,2,4,35
2,4,11,3,3236.208,1 1,South,2,4,35
2,4,11,2,3236.863,2 1,South,2,4,35
2,4,11,1,3237.507,2 1,East,2,4,35
2,4,11,2,3238.159,2 1,East,2,4,36
2,4,11,1,3238.67,2 1,North,2,4,36
2,4,11,2,3239.361,1 1,North,2,4,36
2,4,11,2,3240.123,1 1,North,2,4,37
2,4,11,1,3240.613,1 1,West,2,4,37
2,4,11,2,3241.235,1 0,West,2,4,37
2,4,11,3,3241.756,1 0,North,2,4,37
2,4,11,2,3242.317,1 0,North,2,4,38
2,4,11,2,3242.753,1 0,North,2,4,39
2,4,11,1,3243.092,1 0,West,2,4,39
2,4,11,1,3243.616,1 0,South,2,4,39
2,4,11,2,3244.324,2 0,South,2,4,39
2,4,11,2,3245.212,3 0,South,2,4,39
2,4,11,2,3245.968,4 0,South,2,4,39
2,4,11,1,3246.766,4 0,East,2,4,39
2,4,11,2,3247.581,4 1,East,2,4,39
2,4,11,2,3248.276,4 1,East,2,4,40
2,4,11,1,3248.885,4 1,North,2,4,40
2,4,11,2,3249.474,4 1,North,2,4,41
2,4,11,3,3250.241,4 1,East,2,4,41
2,4,11,2,3250.85,4 1,East,2,4,42
2,4,11,1,3251.245,4 1,North,2,4,42
2,4,11,1,3251.81,4 1,West,2,4,42
2,4,11,2,3252.462,4 0,West,2,4,42
2,4,11,3,3253.395,4 0,North,2,4,42
2,4,11,2,3253.932,3 0,North,2,4,42
2,4,11,2,3254.82,2 0,North,2,4,42
2,4,11,2,3255.373,1 0,North,2,4,42
2,4,11,2,3256.3,1 0,North,2,4,43
2,4,11,3,3256.689,1 0,East,2,4,43
2,4,11,2,3257.745,1 1,East,2,4,43
2,4,11,2,3258.446,1 1,East,2,4,44
2,4,11,3,3259.101,1 1,South,2,4,44
2,4,11,2,3259.697,2 1,South,2,4,44
2,4,11,1,3260.269,2 1,East,2,4,44
2,4,11,2,3260.959,2 1,East,2,4,45
2,4,11,3,3261.404,2 1,South,2,4,45
2,4,11,2,3261.999,3 1,South,2,4,45
2,4,11,2,3262.773,3 1,South,2,4,46
2,4,11,1,3263.214,3 1,East,2,4,46
2,4,11,2,3263.901,3 2,East,2,4,46
2,4,11,2,3264.671,3 3,East,2,4,46
2,4,11,2,3265.503,3 3,East,2,4,47
2,4,11,1,3265.985,3 3,North,2,4,47
2,4,11,2,3266.673,3 3,North,2,4,48
2,4,11,3,3267.198,3 3,East,2,4,48
2,4,11,3,3267.823,3 3,South,2,4,48
2,4,11,2,3268.45,3 3,South,2,4,49
2,4,11,3,3269.172,3 3,West,2,4,49
2,4,11,2,3269.742,3 2,West,2,4,49
2,4,11,1,3270.287,3 2,South,2,4,49
2,4,11,2,3270.862,4 2,South,2,4,49
2,4,11,1,3271.684,4 2,East,2,4,49
2,4,11,2,3272.317,4 3,East,2,4,49
2,4,11,2,3272.988,4 4,East,2,4,49
2,4,11,1,3273.541,4 4,North,2,4,49
2,4,11,2,3274.143,3 4,North,2,4,49
2,4,11,2,3274.755,2 4,North,2,4,49
2,4,11,1,3275.504,2 4,West,2,4,49
2,4,11,2,3276.044,2 4,West,2,4,50
2,4,11,3,3276.639,2 4,North,2,4,50
2,4,11,2,3277.372,1 4,North,2,4,50
2,4,11,1,3277.918,1 4,West,2,4,50
2,4,11,2,3278.56,1 3,West,2,4,50
2,4,11,1,3279.33,1 3,South,2,4,50
2,4,11,2,3279.861,2 3,South,2,4,50
2,4,11,6,3280.24,2 3,South,2,5,50
2,4,11,3,3281.166,2 3,West,2,5,50
2,4,11,2,3281.729,2 2,West,2,5,50
2,4,11,1,3282.242,2 2,South,2,5,50
2,4,11,2,3282.878,2 2,South,2,5,51
2,4,11,1,3283.393,2 2,East,2,5,51
2,4,11,2,3283.997,2 3,East,2,5,51
2,4,11,3,3284.835,2 3,South,2,5,51
2,4,11,2,3285.396,2 3,South,2,5,52
2,4,11,1,3285.875,2 3,East,2,5,52
2,4,11,2,3286.445,2 3,East,2,5,53
2,4,11,2,3286.933,2 3,East,2,5,54
2,4,11,1,3287.312,2 3,North,2,5,54
2,4,11,2,3287.887,1 3,North,2,5,54
2,4,11,3,3288.669,1 3,East,2,5,54
2,4,11,2,3289.185,1 4,East,2,5,54
2,4,11,3,3289.698,1 4,South,2,5,54
2,4,11,2,3290.301,2 4,South,2,5,54
2,4,11,2,3291.006,3 4,South,2,5,54
2,4,11,3,3291.573,3 4,West,2,5,54
2,4,11,2,3292.175,3 4,West,2,5,55
2,4,11,1,3292.672,3 4,South,2,5,55
2,4,11,2,3293.276,4 4,South,2,5,55
2,4,11,3,3293.861,4 4,West,2,5,55
2,4,11,2,3294.476,4 3,West,2,5,55
2,4,11,2,3295.076,4 2,West,2,5,55
2,4,11,6,3295.48,4 2,West,2,6,55
2,4,11,3,3295.939,4 2,North,2,6,55
2,4,11,3,3297.344,4 2,East,2,6,55
2,4,11,2,3297.983,4 3,East,2,6,55
2,4,11,2,3298.675,4 4,East,2,6,55
2,4,11,1,3299.412,4 4,North,2,6,55
2,4,11,2,3299.923,3 4,North,2,6,55
2,4,11,2,3300.658,2 4,North,2,6,55
2,4,11,2,3301.217,1 4,North,2,6,55
2,4,11,6,3301.6,1 4,North,2,7,55
2,4,11,1,3301.949,1 4,West,2,7,55
2,4,11,2,3302.589,1 3,West,2,7,55
2,4,11,2,3303.276,1 3,West,2,7,56
2,4,11,3,3303.772,1 3,North,2,7,56
2,4,11,2,3304.398,1 3,North,2,7,57
2,4,11,3,3304.907,1 3,East,2,7,57
2,4,11,2,3305.486,1 4,East,2,7,57
2,4,11,1,3306.291,1 4,North,2,7,57
2,4,11,2,3306.901,0 4,North,2,7,57
2,4,11,1,3307.438,0 4,West,2,7,57
2,4,11,2,3307.982,0 3,West,2,7,57
2,4,11,2,3308.564,0 3,West,2,7,58
2,4,11,1,3309.2,0 3,South,2,7,58
2,4,11,2,3309.777,0 3,South,2,7,59
2,4,11,2,3310.305,0 3,South,2,7,60
2,4,11,1,3310.781,0 3,East,2,7,60
2,4,11,2,3311.395,0 4,East,2,7,60
2,4,11,3,3311.935,0 4,South,2,7,60
2,4,11,2,3312.478,1 4,South,2,7,60
2,4,11,3,3313.458,1 4,West,2,7,60
2,4,11,2,3314.132,1 3,West,2,7,60
2,4,11,2,3314.814,1 3,West,2,7,61
2,4,11,1,3315.328,1 3,South,2,7,61
2,4,11,2,3315.954,2 3,South,2,7,61
2,4,11,3,3316.5,2 3,West,2,7,61
2,4,11,2,3317.477,2 2,West,2,7,61
2,4,11,3,3318.401,2 2,North,2,7,61
2,4,11,2,3318.924,1 2,North,2,7,61
2,4,11,2,3319.634,0 2,North,2,7,61
2,4,11,6,3320.02,0 2,North,2,8,61
1,4,12,1,3325.25,4 3,North,2,0,61
1,4,12,1,3325.938,4 2,North,2,0,61
1,4,12,2,3326.834,3 2,North,2,0,61
1,4,12,1,3327.456,3 1,North,2,0,61
1,4,12,2,3328.017,2 1,North,2,0,61
1,4,12,2,3328.597,1 1,North,2,0,61
1,4,12,1,3329.119,1 0,North,2,0,61
1,4,12,2,3329.677,1 0,North,2,0,61
1,4,12,4,3330.068,2 0,North,2,0,61
1,4,12,4,3330.947,3 0,North,2,0,61
1,4,12,6,3331.32,3 0,North,2,1,61
1,4,12,2,3331.554,2 0,North,2,1,61
1,4,12,2,3332.143,1 0,North,2,1,61
1,4,12,3,3332.804,1 1,North,2,1,61
1,4,12,4,3333.743,2 1,North,2,1,61
1,4,12,4,3334.34,3 1,North,2,1,61
1,4,12,3,3334.99,3 2,North,2,1,61
1,4,12,4,3335.541,4 2,North,2,1,61
1,4,12,3,3336.082,4 3,North,2,1,61
1,4,12,3,3336.846,4 4,North,2,1,61
1,4,12,2,3337.363,3 4,North,2,1,61
1,4,12,2,3338.097,2 4,North,2,1,61
1,4,12,2,3338.638,1 4,North,2,1,61
1,4,12,1,3339.164,1 3,North,2,1,61
1,4,12,4,3339.807,2 3,North,2,1,61
1,4,12,1,3340.367,2 2,North,2,1,61
1,4,12,2,3340.882,1 2,North,2,1,61
1,4,12,6,3341.26,1 2,North,2,2,61
1,4,12,4,3341.501,2 2,North,2,2,61
1,4,12,3,3342.428,2 3,North,2,2,61
1,4,12,2,3342.991,1 3,North,2,2,61
1,4,12,3,3343.525,1 4,North,2,2,61
1,4,12,4,3344.172,2 4,North,2,2,61
1,4,12,4,3344.754,3 4,North,2,2,61
1,4,12,4,3345.488,4 4,North,2,2,61
1,4,12,1,3346.277,4 3,North,2,2,61
1,4,12,1,3347.104,4 2,North,2,2,61
1,4,12,2,3348.019,3 2,North,2,2,61
1,4,12,1,3348.559,3 1,North,2,2,61
1,4,12,2,3349.1,2 1,North,2,2,61
1,4,12,2,3349.74,1 1,North,2,2,61
1,4,12,1,3350.558,1 0,North,2,2,61
1,4,12,4,3351.104,2 0,North,2,2,61
1,4,12,4,3351.822,3 0,North,2,2,61
1,4,12,4,3352.493,4 0,North,2,2,61
1,4,12,6,3352.86,4 0,North,2,3,61
1,4,12,2,3353.31,3 0,North,2,3,61
1,4,12,2,3354.069,2 0,North,2,3,61
1,4,12,2,3354.669,1 0,North,2,3,61
1,4,12,3,3355.212,1 1,North,2,3,61
1,4,12,4,3355.727,2 1,North,2,3,61
1,4,12,4,3356.689,3 1,North,2,3,61
1,4,12,3,3357.586,3 2,North,2,3,61
1,4,12,4,3358.194,4 2,North,2,3,61
1,4,12,3,3358.758,4 3,North,2,3,61
1,4,12,3,3359.292,4 4,North,2,3,61
1,4,12,2,3359.825,3 4,North,2,3,61
1,4,12,2,3360.708,2 4,North,2,3,61
1,4,12,2,3361.649,1 4,North,2,3,61
1,4,12,1,3362.528,1 3,North,2,3,61
1,4,12,6,3362.94,1 3,North,2,4,61
1,4,12,3,3363.394,1 4,North,2,4,61
1,4,12,1,3364.444,1 3,North,2,4,61
1,4,12,4,3365.022,2 3,North,2,4,61
1,4,12,1,3365.596,2 2,North,2,4,61
1,4,12,2,3366.13,1 2,North,2,4,61
1,4,12,2,3366.673,0 2,North,2,4,61
1,4,12,1,3367.388,0 1,North,2,4,61
1,4,12,1,3367.9,0 0,North,2,4,61
1,4,12,6,3368.3,0 0,North,2,5,61
1,4,12,3,3368.546,0 1,North,2,5,61
1,4,12,3,3369.487,0 2,North,2,5,61
1,4,12,4,3370.033,1 2,North,2,5,61
1,4,12,4,3370.772,2 2,North,2,5,61
1,4,12,3,3371.661,2 3,North,2,5,61
1,4,12,2,3372.172,1 3,North,2,5,61
1,4,12,3,3372.815,1 4,North,2,5,61
1,4,12,4,3373.521,2 4,North,2,5,61
1,4,12,4,3374.063,3 4,North,2,5,61
1,4,12,4,3374.862,4 4,North,2,5,61
1,4,12,1,3375.73,4 3,North,2,5,61
1,4,12,1,3376.366,4 2,North,2,5,61
1,4,12,2,3377.041,3 2,North,2,5,61
1,4,12,1,3377.711,3 1,North,2,5,61
1,4,12,2,3378.291,2 1,North,2,5,61
1,4,12,2,3378.883,1 1,North,2,5,61
1,4,12,6,3379.28,1 1,North,2,6,61
1,4,12,4,3379.677,2 1,North,2,6,61
1,4,12,4,3380.541,3 1,North,2,6,61
1,4,12,3,3381.073,3 2,North,2,6,61
1,4,12,4,3381.599,4 2,North,2,6,61
1,4,12,3,3382.5,4 3,North,2,6,61
1,4,12,3,3383.116,4 4,North,2,6,61
1,4,12,2,3383.632,3 4,North,2,6,61
1,4,12,2,3384.532,2 4,North,2,6,61
1,4,12,2,3385.3,1 4,North,2,6,61
1,4,12,1,3385.98,1 3,North,2,6,61
1,4,12,4,3386.5,2 3,North,2,6,61
1,4,12,1,3387.041,2 2,North,2,6,61
1,4,12,2,3387.886,1 2,North,2,6,61
1,4,12,2,3388.461,0 2,North,2,6,61
1,4,12,6,3388.84,0 2,North,2,7,61
1,4,12,4,3389.153,1 2,North,2,7,61
1,4,12,4,3389.78,2 2,North,2,7,61
1,4,12,3,3390.771,2 3,North,2,7,61
1,4,12,2,3391.695,1 3,North,2,7,61
1,4,12,3,3392.275,1 4,North,2,7,61
1,4,12,4,3393.119,2 4,North,2,7,61
1,4,12,4,3393.662,3 4,North,2,7,61
1,4,12,4,3394.222,4 4,North,2,7,61
1,4,12,1,3394.802,4 3,North,2,7,61
1,4,12,1,3395.357,4 2,North,2,7,61
1,4,12,2,3396.207,3 2,North,2,7,61
1,4,12,1,3396.785,3 1,North,2,7,61
1,4,12,2,3397.364,2 1,North,2,7,61
1,4,12,2,3397.917,1 1,North,2,7,61
1,4,12,1,3398.433,1 0,North,2,7,61
1,4,12,6,3398.84,1 0,North,2,8,61
2,4,12,1,3404.595,4 4,West,2,0,0
2,4,12,2,3406.094,4 3,West,2,0,0
2,4,12,2,3406.934,4 2,West,2,0,0
2,4,12,3,3408.149,4 2,North,2,0,0
2,4,12,2,3408.816,3 2,North,2,0,0
2,4,12,1,3409.508,3 2,West,2,0,0
2,4,12,2,3410.148,3 1,West,2,0,0
2,4,12,2,3410.786,3 1,West,2,0,1
2,4,12,1,3411.332,3 1,South,2,0,1
2,4,12,2,3411.918,3 1,South,2,0,2
2,4,12,3,3412.545,3 1,West,2,0,2
2,4,12,3,3413.139,3 1,North,2,0,2
2,4,12,2,3413.764,2 1,North,2,0,2
2,4,12,1,3414.639,2 1,West,2,0,2
2,4,12,2,3415.315,2 1,West,2,0,3
2,4,12,1,3415.855,2 1,South,2,0,3
2,4,12,2,3416.512,3 1,South,2,0,3
2,4,12,2,3417.104,3 1,South,2,0,4
2,4,12,1,3417.7,3 1,East,2,0,4
2,4,12,2,3418.288,3 2,East,2,0,4
2,4,12,3,3419.296,3 2,South,2,0,4
2,4,12,2,3419.933,4 2,South,2,0,4
2,4,12,3,3420.466,4 2,West,2,0,4
2,4,12,2,3421.116,4 2,West,2,0,5
2,4,12,3,3422.194,4 2,North,2,0,5
2,4,12,3,3425.538,4 2,East,2,0,5
2,4,12,2,3426.204,4 3,East,2,0,5
2,4,12,2,3426.979,4 4,East,2,0,5
2,4,12,1,3427.843,4 4,North,2,0,5
2,4,12,2,3430.05,3 4,North,2,0,5
2,4,12,1,3430.851,3 4,West,2,0,5
2,4,12,2,3431.587,3 4,West,2,0,6
2,4,12,3,3432.287,3 4,North,2,0,6
2,4,12,2,3432.93,2 4,North,2,0,6
2,4,12,1,3433.597,2 4,West,2,0,6
2,4,12,2,3434.242,2 4,West,2,0,7
2,4,12,1,3434.755,2 4,South,2,0,7
2,4,12,3,3438.291,2 4,West,2,0,7
2,4,12,3,3439.188,2 4,North,2,0,7
2,4,12,2,3440.015,1 4,North,2,0,7
2,4,12,1,3440.781,1 4,West,2,0,7
2,4,12,2,3441.525,1 3,West,2,0,7
2,4,12,1,3442.386,1 3,South,2,0,7
2,4,12,2,3443.012,2 3,South,2,0,7
2,4,12,2,3443.81,2 3,South,2,0,8
2,4,12,3,3444.366,2 3,West,2,0,8
2,4,12,2,3445.022,2 2,West,2,0,8
2,4,12,2,3445.781,2 2,West,2,0,9
2,4,12,1,3446.277,2 2,South,2,0,9
2,4,12,2,3446.963,2 2,South,2,0,10
2,4,12,3,3447.565,2 2,West,2,0,10
2,4,12,3,3448.204,2 2,North,2,0,10
2,4,12,2,3448.765,1 2,North,2,0,10
2,4,12,1,3449.488,1 2,West,2,0,10
2,4,12,2,3450.356,1 2,West,2,0,11
2,4,12,3,3451.267,1 2,North,2,0,11
2,4,12,2,3451.924,0 2,North,2,0,11
2,4,12,1,3452.784,0 2,West,2,0,11
2,4,12,2,3453.493,0 1,West,2,0,11
2,4,12,1,3454.108,0 1,South,2,0,11
2,4,12,2,3454.837,0 1,South,2,0,12
2,4,12,3,3455.332,0 1,West,2,0,12
2,4,12,2,3455.937,0 0,West,2,0,12
2,4,12,1,3456.461,0 0,South,2,0,12
2,4,12,2,3457.043,0 0,South,2,0,13
2,4,12,2,3457.458,0 0,South,2,0,14
2,4,12,1,3457.804,0 0,East,2,0,14
2,4,12,2,3458.43,0 1,East,2,0,14
2,4,12,3,3459.125,0 1,South,2,0,14
2,4,12,2,3459.732,0 1,South,2,0,15
2,4,12,1,3460.324,0 1,East,2,0,15
2,4,12,2,3461.013,0 2,East,2,0,15
2,4,12,3,3461.71,0 2,South,2,0,15
2,4,12,2,3462.334,1 2,South,2,0,15
2,4,12,2,3463.063,2 2,South,2,0,15
2,4,12,3,3463.618,2 2,West,2,0,15
2,4,12,2,3464.276,2 2,West,2,0,16
2,4,12,1,3464.812,2 2,South,2,0,16
2,4,12,2,3465.65,2 2,South,2,0,17
2,4,12,2,3466.549,2 2,South,2,0,18
2,4,12,1,3466.75,2 2,East,2,0,18
2,4,12,2,3467.428,2 3,East,2,0,18
2,4,12,3,3468.069,2 3,South,2,0,18
2,4,12,2,3468.765,2 3,South,2,0,19
2,4,12,1,3469.314,2 3,East,2,0,19
2,4,12,2,3469.906,2 3,East,2,0,20
2,4,12,1,3470.638,2 3,North,2,0,20
2,4,12,2,3471.315,1 3,North,2,0,20
2,4,12,2,3472.125,1 3,North,2,0,21
2,4,12,1,3472.608,1 3,West,2,0,21
2,4,12,2,3473.392,1 3,West,2,0,22
2,4,12,2,3480.239,1 3,West,2,0,23
2,4,12,1,3480.764,1 3,South,2,0,23
2,4,12,2,3481.422,2 3,South,2,0,23
2,4,12,2,3482.224,2 3,South,2,0,24
2,4,12,1,3483.01,2 3,East,2,0,24
2,4,12,2,3483.631,2 3,East,2,0,25
2,4,12,2,3484.412,2 3,East,2,0,26
2,4,12,1,3485.03,2 3,North,2,0,26
2,4,12,2,3485.629,1 3,North,2,0,26
2,4,12,2,3486.324,1 3,North,2,0,27
2,4,12,3,3486.9,1 3,East,2,0,27
2,4,12,2,3487.524,1 4,East,2,0,27
2,4,12,3,3488.077,1 4,South,2,0,27
2,4,12,2,3488.718,2 4,South,2,0,27
2,4,12,2,3489.523,3 4,South,2,0,27
2,4,12,2,3490.219,4 4,South,2,0,27
2,4,12,3,3490.736,4 4,West,2,0,27
2,4,12,2,3491.405,4 3,West,2,0,27
2,4,12,2,3492.111,4 2,West,2,0,27
2,4,12,2,3492.821,4 2,West,2,0,28
2,4,12,3,3493.358,4 2,North,2,0,28
2,4,12,2,3494.028,3 2,North,2,0,28
2,4,12,1,3494.702,3 2,West,2,0,28
2,4,12,2,3495.413,3 1,West,2,0,28
2,4,12,2,3496.044,3 1,West,2,0,29
2,4,12,3,3496.822,3 1,North,2,0,29
2,4,12,2,3497.489,2 1,North,2,0,29
2,4,12,1,3498.066,2 1,West,2,0,29
2,4,12,2,3498.642,2 1,West,2,0,30
2,4,12,2,3499.101,2 1,West,2,0,31
2,4,12,1,3499.745,2 1,South,2,0,31
2,4,12,3,3500.308,2 1,West,2,0,31
2,4,12,2,3501.044,2 1,West,2,0,32
2,4,12,3,3501.503,2 1,North,2,0,32
2,4,12,2,3502.157,1 1,North,2,0,32
2,4,12,1,3502.719,1 1,West,2,0,32
2,4,12,2,3503.293,1 0,West,2,0,32
2,4,12,1,3503.921,1 0,South,2,0,32
2,4,12,2,3504.544,2 0,South,2,0,32
2,4,12,2,3505.186,3 0,South,2,0,32
2,4,12,6,3505.56,3 0,South,2,1,32
2,4,12,1,3505.877,3 0,East,2,1,32
2,4,12,2,3508.754,3 0,East,2,1,33
2,4,12,1,3509.204,3 0,North,2,1,33
2,4,12,2,3509.805,2 0,North,2,1,33
2,4,12,2,3510.54,1 0,North,2,1,33
2,4,12,3,3511.327,1 0,East,2,1,33
2,4,12,1,3511.918,1 0,North,2,1,33
2,4,12,3,3512.532,1 0,East,2,1,33
2,4,12,2,3513.169,1 1,East,2,1,33
2,4,12,2,3513.918,1 1,East,2,1,34
2,4,12,1,3514.34,1 1,North,2,1,34
2,4,12,2,3515.024,1 1,North,2,1,35
2,4,12,1,3515.458,1 1,West,2,1,35
2,4,12,2,3516.081,1 0,West,2,1,35
2,4,12,3,3516.624,1 0,North,2,1,35
2,4,12,2,3517.231,1 0,North,2,1,36
2,4,12,2,3517.725,1 0,North,2,1,37
2,4,12,2,3518.305,1 0,North,2,1,38
2,4,12,3,3518.749,1 0,East,2,1,38
2,4,12,3,3519.361,1 0,South,2,1,38
2,4,12,2,3521.663,2 0,South,2,1,38
2,4,12,1,3522.245,2 0,East,2,1,38
2,4,12,2,3522.784,2 0,East,2,1,39
2,4,12,1,3523.31,2 0,North,2,1,39
2,4,12,2,3523.95,1 0,North,2,1,39
2,4,12,3,3524.846,1 0,East,2,1,39
2,4,12,2,3525.549,1 1,East,2,1,39
2,4,12,2,3526.333,1 1,East,2,1,40
2,4,12,3,3526.784,1 1,South,2,1,40
2,4,12,2,3527.424,2 1,South,2,1,40
2,4,12,2,3528.046,3 1,South,2,1,40
2,4,12,1,3528.687,3 1,East,2,1,40
2,4,12,2,3529.279,3 2,East,2,1,40
2,4,12,1,3529.937,3 2,North,2,1,40
2,4,12,2,3530.593,3 2,North,2,1,41
2,4,12,3,3531.156,3 2,East,2,1,41
2,4,12,2,3531.805,3 3,East,2,1,41
2,4,12,1,3532.35,3 3,North,2,1,41
2,4,12,2,3532.96,3 3,North,2,1,42
2,4,12,3,3533.746,3 3,East,2,1,42
2,4,12,2,3535.263,3 3,East,2,1,43
2,4,12,1,3535.744,3 3,North,2,1,43
2,4,12,3,3536.338,3 3,East,2,1,43
2,4,12,3,3537.23,3 3,South,2,1,43
2,4,12,2,3537.891,3 3,South,2,1,44
2,4,12,3,3538.623,3 3,West,2,1,44
2,4,12,2,3539.345,3 2,West,2,1,44
2,4,12,1,3539.954,3 2,South,2,1,44
2,4,12,2,3540.587,4 2,South,2,1,44
2,4,12,1,3541.478,4 2,East,2,1,44
2,4,12,2,3542.033,4 3,East,2,1,44
2,4,12,2,3542.753,4 4,East,2,1,44
2,4,12,1,3543.379,4 4,North,2,1,44
2,4,12,2,3543.936,3 4,North,2,1,44
2,4,12,2,3544.672,2 4,North,2,1,44
2,4,12,1,3545.503,2 4,West,2,1,44
2,4,12,3,3546.316,2 4,North,2,1,44
2,4,12,2,3546.861,1 4,North,2,1,44
2,4,12,1,3547.532,1 4,West,2,1,44
2,4,12,2,3548.094,1 3,West,2,1,44
2,4,12,2,3548.882,1 3,West,2,1,45
2,4,12,3,3549.425,1 3,North,2,1,45
2,4,12,2,3550.162,1 3,North,2,1,46
2,4,12,3,3550.67,1 3,East,2,1,46
2,4,12,2,3551.283,1 4,East,2,1,46
2,4,12,1,3551.794,1 4,North,2,1,46
2,4,12,2,3552.687,0 4,North,2,1,46
2,4,12,1,3553.221,0 4,West,2,1,46
2,4,12,2,3553.804,0 3,West,2,1,46
2,4,12,2,3554.51,0 3,West,2,1,47
2,4,12,1,3555.057,0 3,South,2,1,47
2,4,12,2,3555.646,0 3,South,2,1,48
2,4,12,3,3556.548,0 3,West,2,1,48
2,4,12,2,3557.214,0 3,West,2,1,49
2,4,12,3,3557.553,0 3,North,2,1,49
2,4,12,3,3558.144,0 3,East,2,1,49
2,4,12,2,3558.691,0 4,East,2,1,49
2,4,12,3,3559.599,0 4,South,2,1,49
2,4,12,2,3560.24,1 4,South,2,1,49
2,4,12,3,3560.9,1 4,West,2,1,49
2,4,12,2,3561.677,1 3,West,2,1,49
2,4,12,2,3562.463,1 3,West,2,1,50
2,4,12,1,3562.941,1 3,South,2,1,50
2,4,12,2,3563.586,2 3,South,2,1,50
2,4,12,3,3564.214,2 3,West,2,1,50
2,4,12,2,3564.896,2 2,West,2,1,50
2,4,12,3,3565.476,2 2,North,2,1,50
2,4,12,2,3566.133,1 2,North,2,1,50
2,4,12,6,3566.52,1 2,North,2,2,50
2,4,12,1,3567.03,1 2,West,2,2,50
2,4,12,1,3567.683,1 2,South,2,2,50
2,4,12,3,3569.325,1 2,West,2,2,50
2,4,12,3,3570.365,1 2,North,2,2,50
2,4,12,3,3571.213,1 2,East,2,2,50
2,4,12,2,3571.856,1 2,East,2,2,51
2,4,12,2,3572.323,1 2,East,2,2,52
2,4,12,3,3572.657,1 2,South,2,2,52
2,4,12,2,3573.218,2 2,South,2,2,52
2,4,12,2,3573.955,2 2,South,2,2,53
2,4,12,3,3574.519,2 2,West,2,2,53
2,4,12,2,3575.18,2 2,West,2,2,54
2,4,12,1,3575.776,2 2,South,2,2,54
2,4,12,1,3576.402,2 2,East,2,2,54
2,4,12,2,3576.931,2 3,East,2,2,54
2,4,12,2,3577.614,2 3,East,2,2,55
2,4,12,3,3578.085,2 3,South,2,2,55
2,4,12,2,3578.77,2 3,South,2,2,56
2,4,12,1,3579.279,2 3,East,2,2,56
2,4,12,1,3579.903,2 3,North,2,2,56
2,4,12,2,3580.511,1 3,North,2,2,56
2,4,12,2,3581.197,1 3,North,2,2,57
2,4,12,3,3581.63,1 3,East,2,2,57
2,4,12,2,3582.333,1 4,East,2,2,57
2,4,12,3,3582.932,1 4,South,2,2,57
2,4,12,2,3583.564,2 4,South,2,2,57
2,4,12,2,3584.309,3 4,South,2,2,57
2,4,12,2,3584.972,4 4,South,2,2,57
2,4,12,3,3585.516,4 4,West,2,2,57
2,4,12,2,3586.131,4 3,West,2,2,57
2,4,12,2,3586.963,4 2,West,2,2,57
2,4,12,2,3587.555,4 2,West,2,2,58
2,4,12,2,3588.212,4 2,West,2,2,59
2,4,12,3,3588.628,4 2,North,2,2,59
2,4,12,2,3589.285,3 2,North,2,2,59
2,4,12,1,3589.875,3 2,West,2,2,59
2,4,12,2,3590.496,3 1,West,2,2,59
2,4,12,2,3591.232,3 1,West,2,2,60
2,4,12,1,3591.711,3 1,South,2,2,60
2,4,12,2,3592.289,3 1,South,2,2,61
2,4,12,3,3592.868,3 1,West,2,2,61
2,4,12,3,3593.377,3 1,North,2,2,61
2,4,12,2,3593.94,2 1,North,2,2,61
2,4,12,1,3594.482,2 1,West,2,2,61
2,4,12,2,3595.121,2 1,West,2,2,62
2,4,12,2,3595.601,2 1,West,2,2,63
2,4,12,3,3595.938,2 1,North,2,2,63
2,4,12,2,3596.64,1 1,North,2,2,63
2,4,12,1,3597.362,1 1,West,2,2,63
2,4,12,2,3598.031,1 0,West,2,2,63
2,4,12,1,3598.708,1 0,South,2,2,63
2,4,12,2,3599.327,2 0,South,2,2,63
2,4,12,2,3599.94,3 0,South,2,2,63
2,4,12,2,3600.542,4 0,South,2,2,63
2,4,12,6,3600.92,4 0,South,2,3,63
2,4,12,1,3601.283,4 0,East,2,3,63
2,4,12,1,3602.084,4 0,North,2,3,63
2,4,12,2,3602.693,3 0,North,2,3,63
2,4,12,2,3603.571,2 0,North,2,3,63
2,4,12,2,3604.365,1 0,North,2,3,63
2,4,12,3,3605.267,1 0,East,2,3,63
2,4,12,2,3605.886,1 1,East,2,3,63
2,4,12,6,3606.3,1 1,East,2,4,63
2,4,12,3,3606.733,1 1,South,2,4,63
2,4,12,3,3607.396,1 1,West,2,4,63
2,4,12,3,3608.484,1 1,North,2,4,63
2,4,12,2,3609.02,1 1,North,2,4,64
2,4,12,1,3609.618,1 1,West,2,4,64
2,4,12,2,3610.182,1 0,West,2,4,64
2,4,12,3,3610.705,1 0,North,2,4,64
2,4,12,2,3611.377,1 0,North,2,4,65
2,4,12,3,3611.98,1 0,East,2,4,65
2,4,12,2,3612.654,1 1,East,2,4,65
2,4,12,2,3613.278,1 1,East,2,4,66
2,4,12,2,3613.812,1 1,East,2,4,67
2,4,12,3,3614.195,1 1,South,2,4,67
2,4,12,2,3614.879,2 1,South,2,4,67
2,4,12,1,3615.538,2 1,East,2,4,67
2,4,12,2,3616.114,2 1,East,2,4,68
2,4,12,1,3616.657,2 1,North,2,4,68
2,4,12,2,3617.421,1 1,North,2,4,68
2,4,12,2,3618.097,1 1,North,2,4,69
2,4,12,1,3618.562,1 1,West,2,4,69
2,4,12,2,3619.49,1 0,West,2,4,69
2,4,12,1,3620.177,1 0,South,2,4,69
2,4,12,2,3620.733,2 0,South,2,4,69
2,4,12,2,3621.373,3 0,South,2,4,69
2,4,12,1,3621.94,3 0,East,2,4,69
2,4,12,2,3622.493,3 0,East,2,4,70
2,4,12,3,3623.213,3 0,South,2,4,70
2,4,12,2,3623.892,4 0,South,2,4,70
2,4,12,2,3624.816,4 0,South,2,4,70
2,4,12,1,3625.168,4 0,East,2,4,70
2,4,12,2,3625.821,4 1,East,2,4,70
2,4,12,2,3626.48,4 1,East,2,4,71
2,4,12,1,3627.011,4 1,North,2,4,71
2,4,12,2,3627.601,4 1,North,2,4,72
2,4,12,3,3628.194,4 1,East,2,4,72
2,4,12,2,3628.866,4 1,East,2,4,73
2,4,12,3,3629.587,4 1,South,2,4,73
2,4,12,1,3630.549,4 1,East,2,4,73
2,4,12,2,3637.428,4 1,East,2,4,74
2,4,12,1,3638.608,4 1,North,2,4,74
2,4,12,1,3639.215,4 1,West,2,4,74
2,4,12,2,3639.827,4 0,West,2,4,74
2,4,12,3,3640.372,4 0,North,2,4,74
2,4,12,2,3641.139,3 0,North,2,4,74
2,4,12,2,3641.796,2 0,North,2,4,74
2,4,12,2,3642.511,1 0,North,2,4,74
2,4,12,2,3643.324,1 0,North,2,4,75
2,4,12,3,3643.952,1 0,East,2,4,75
2,4,12,2,3644.688,1 1,East,2,4,75
2,4,12,2,3645.361,1 1,East,2,4,76
2,4,12,3,3646.259,1 1,South,2,4,76
2,4,12,1,3646.846,1 1,East,2,4,76
2,4,12,1,3647.918,1 1,North,2,4,76
2,4,12,2,3648.787,1 1,North,2,4,77
2,4,12,3,3649.324,1 1,East,2,4,77
2,4,12,2,3650.125,1 1,East,2,4,78
2,4,12,3,3650.557,1 1,South,2,4,78
2,4,12,2,3651.26,2 1,South,2,4,78
2,4,12,1,3651.935,2 1,East,2,4,78
2,4,12,2,3652.577,2 1,East,2,4,79
2,4,12,3,3653.276,2 1,South,2,4,79
2,4,12,2,3654.112,3 1,South,2,4,79
2,4,12,1,3654.836,3 1,East,2,4,79
2,4,12,2,3655.538,3 2,East,2,4,79
2,4,12,2,3656.222,3 3,East,2,4,79
2,4,12,2,3656.803,3 3,East,2,4,80
2,4,12,1,3657.246,3 3,North,2,4,80
2,4,12,2,3657.811,3 3,North,2,4,81
2,4,12,1,3658.832,3 3,West,2,4,81
2,4,12,2,3659.424,3 2,West,2,4,81
2,4,12,1,3660.128,3 2,South,2,4,81
2,4,12,2,3660.786,4 2,South,2,4,81
2,4,12,1,3661.358,4 2,East,2,4,81
2,4,12,2,3662.047,4 3,East,2,4,81
2,4,12,2,3662.769,4 4,East,2,4,81
2,4,12,1,3663.313,4 4,North,2,4,81
2,4,12,2,3663.936,3 4,North,2,4,81
2,4,12,2,3664.625,2 4,North,2,4,81
2,4,12,2,3665.313,1 4,North,2,4,81
2,4,12,2,3666.032,0 4,North,2,4,81
2,4,12,1,3666.723,0 4,West,2,4,81
2,4,12,2,3667.373,0 3,West,2,4,81
2,4,12,2,3667.966,0 3,West,2,4,82
2,4,12,1,3668.64,0 3,South,2,4,82
2,4,12,2,3669.229,0 3,South,2,4,83
2,4,12,1,3669.965,0 3,East,2,4,83
2,4,12,2,3670.719,0 4,East,2,4,83
2,4,12,3,3671.332,0 4,South,2,4,83
2,4,12,2,3672,1 4,South,2,4,83
2,4,12,3,3672.606,1 4,West,2,4,83
2,4,12,2,3673.205,1 3,West,2,4,83
2,4,12,2,3673.839,1 3,West,2,4,84
2,4,12,3,3674.365,1 3,North,2,4,84
2,4,12,2,3674.976,1 3,North,2,4,85
2,4,12,1,3677.997,1 3,West,2,4,85
2,4,12,1,3678.604,1 3,South,2,4,85
2,4,12,2,3679.197,2 3,South,2,4,85
2,4,12,2,3679.89,2 3,South,2,4,86
2,4,12,3,3680.405,2 3,West,2,4,86
2,4,12,2,3681.041,2 2,West,2,4,86
2,4,12,2,3681.788,2 2,West,2,4,87
2,4,12,3,3682.341,2 2,North,2,4,87
2,4,12,2,3682.99,1 2,North,2,4,87
2,4,12,2,3683.662,0 2,North,2,4,87
2,4,12,1,3684.229,0 2,West,2,4,87
2,4,12,2,3684.866,0 1,West,2,4,87
2,4,12,2,3685.6,0 0,West,2,4,87
2,4,12,6,3686.02,0 0,West,2,5,87
2,4,12,1,3686.628,0 0,South,2,5,87
2,4,12,1,3687.427,0 0,East,2,5,87
2,4,12,2,3688.052,0 1,East,2,5,87
2,4,12,2,3688.594,0 2,East,2,5,87
2,4,12,2,3689.155,0 2,East,2,5,88
2,4,12,3,3689.812,0 2,South,2,5,88
2,4,12,2,3690.435,1 2,South,2,5,88
2,4,12,1,3690.946,1 2,East,2,5,88
2,4,12,2,3691.587,1 2,East,2,5,89
2,4,12,1,3692.063,1 2,North,2,5,89
2,4,12,3,3692.668,1 2,East,2,5,89
2,4,12,3,3693.628,1 2,South,2,5,89
2,4,12,2,3694.3,2 2,South,2,5,89
2,4,12,1,3694.883,2 2,East,2,5,89
2,4,12,2,3695.489,2 3,East,2,5,89
2,4,12,1,3696.012,2 3,North,2,5,89
2,4,12,2,3696.669,1 3,North,2,5,89
2,4,12,6,3697.04,1 3,North,2,6,89
2,4,12,3,3697.534,1 3,East,2,6,89
2,4,12,3,3698.419,1 3,South,2,6,89
2,4,12,3,3699.086,1 3,West,2,6,89
2,4,12,2,3699.805,1 3,West,2,6,90
2,4,12,1,3700.32,1 3,South,2,6,90
2,4,12,2,3700.862,2 3,South,2,6,90
2,4,12,2,3701.459,2 3,South,2,6,91
2,4,12,3,3701.922,2 3,West,2,6,91
2,4,12,2,3702.531,2 2,West,2,6,91
2,4,12,2,3703.229,2 2,West,2,6,92
2,4,12,1,3703.669,2 2,South,2,6,92
2,4,12,2,3704.287,2 2,South,2,6,93
2,4,12,3,3704.796,2 2,West,2,6,93
2,4,12,3,3705.38,2 2,North,2,6,93
2,4,12,2,3705.942,1 2,North,2,6,93
2,4,12,2,3707.044,0 2,North,2,6,93
2,4,12,1,3707.565,0 2,West,2,6,93
2,4,12,2,3708.149,0 1,West,2,6,93
2,4,12,1,3708.962,0 1,South,2,6,93
2,4,12,2,3709.505,0 1,South,2,6,94
2,4,12,3,3709.964,0 1,West,2,6,94
2,4,12,2,3710.529,0 0,West,2,6,94
2,4,12,1,3711.101,0 0,South,2,6,94
2,4,12,2,3711.715,0 0,South,2,6,95
2,4,12,3,3712.597,0 0,West,2,6,95
2,4,12,3,3713.12,0 0,North,2,6,95
2,4,12,2,3714.084,0 0,North,2,6,95
2,4,12,3,3714.532,0 0,East,2,6,95
2,4,12,2,3715.106,0 1,East,2,6,95
2,4,12,2,3715.7,0 2,East,2,6,95
2,4,12,2,3716.3,0 2,East,2,6,96
2,4,12,3,3716.821,0 2,South,2,6,96
2,4,12,2,3717.581,1 2,South,2,6,96
2,4,12,3,3718.271,1 2,West,2,6,96
2,4,12,2,3718.928,1 2,West,2,6,97
2,4,12,1,3719.36,1 2,South,2,6,97
2,4,12,2,3719.875,2 2,South,2,6,97
2,4,12,3,3720.498,2 2,West,2,6,97
2,4,12,2,3721.117,2 2,West,2,6,98
2,4,12,1,3721.622,2 2,South,2,6,98
2,4,12,2,3722.176,2 2,South,2,6,99
2,4,12,1,3722.883,2 2,East,2,6,99
2,4,12,2,3723.493,2 3,East,2,6,99
2,4,12,3,3724.244,2 3,South,2,6,99
2,4,12,2,3724.884,2 3,South,2,6,100
2,4,12,1,3725.421,2 3,East,2,6,100
2,4,12,2,3726.034,2 3,East,2,6,101
2,4,12,1,3726.621,2 3,North,2,6,101
2,4,12,2,3727.137,1 3,North,2,6,101
2,4,12,2,3727.891,1 3,North,2,6,102
2,4,12,1,3728.399,1 3,West,2,6,102
2,4,12,2,3729.039,1 3,West,2,6,103
2,4,12,1,3729.651,1 3,South,2,6,103
2,4,12,2,3730.239,2 3,South,2,6,103
2,4,12,2,3730.99,2 3,South,2,6,104
2,4,12,3,3731.813,2 3,West,2,6,104
2,4,12,2,3737.779,2 2,West,2,6,104
2,4,12,2,3738.356,2 2,West,2,6,105
2,4,12,3,3738.863,2 2,North,2,6,105
2,4,12,1,3739.747,2 2,West,2,6,105
2,4,12,2,3740.274,2 2,West,2,6,106
2,4,12,3,3740.639,2 2,North,2,6,106
2,4,12,2,3741.25,1 2,North,2,6,106
2,4,12,1,3741.871,1 2,West,2,6,106
2,4,12,2,3742.498,1 2,West,2,6,107
2,4,12,3,3743.052,1 2,North,2,6,107
2,4,12,2,3743.666,0 2,North,2,6,107
2,4,12,1,3744.246,0 2,West,2,6,107
2,4,12,2,3744.8,0 1,West,2,6,107
2,4,12,2,3745.374,0 0,West,2,6,107
2,4,12,1,3746.258,0 0,South,2,6,107
2,4,12,2,3746.821,0 0,South,2,6,108
2,4,12,1,3749.79,0 0,East,2,6,108
2,4,12,2,3750.381,0 1,East,2,6,108
2,4,12,2,3751.008,0 2,East,2,6,108
2,4,12,3,3751.553,0 2,South,2,6,108
2,4,12,2,3752.148,1 2,South,2,6,108
2,4,12,3,3752.657,1 2,West,2,6,108
2,4,12,2,3753.17,1 2,West,2,6,109
2,4,12,1,3753.893,1 2,South,2,6,109
2,4,12,2,3754.549,2 2,South,2,6,109
2,4,12,3,3755.07,2 2,West,2,6,109
2,4,12,2,3755.612,2 2,West,2,6,110
2,4,12,1,3756.306,2 2,South,2,6,110
2,4,12,2,3756.913,2 2,South,2,6,111
2,4,12,2,3757.437,2 2,South,2,6,112
2,4,12,3,3757.811,2 2,West,2,6,112
2,4,12,2,3758.324,2 2,West,2,6,113
2,4,12,1,3759.215,2 2,South,2,6,113
2,4,12,2,3759.73,2 2,South,2,6,114
2,4,12,1,3760.756,2 2,East,2,6,114
2,4,12,2,3761.393,2 3,East,2,6,114
2,4,12,3,3761.918,2 3,South,2,6,114
2,4,12,2,3762.691,2 3,South,2,6,115
2,4,12,2,3763.711,2 3,South,2,6,116
2,4,12,1,3764.094,2 3,East,2,6,116
2,4,12,2,3764.717,2 3,East,2,6,117
2,4,12,3,3765.581,2 3,South,2,6,117
2,4,12,3,3766.132,2 3,West,2,6,117
2,4,12,2,3766.787,2 2,West,2,6,117
2,4,12,2,3767.616,2 2,West,2,6,118
2,4,12,2,3769.236,2 2,West,2,6,119
2,4,12,1,3769.629,2 2,South,2,6,119
2,4,12,2,3770.323,2 2,South,2,6,120
2,4,12,1,3771.136,2 2,East,2,6,120
2,4,12,2,3771.764,2 3,East,2,6,120
2,4,12,2,3772.565,2 3,East,2,6,121
2,4,12,3,3773.188,2 3,South,2,6,121
2,4,12,2,3773.781,2 3,South,2,6,122
2,4,12,1,3774.367,2 3,East,2,6,122
2,4,12,1,3774.913,2 3,North,2,6,122
2,4,12,2,3775.427,1 3,North,2,6,122
2,4,12,2,3776.132,1 3,North,2,6,123
2,4,12,3,3776.704,1 3,East,2,6,123
2,4,12,2,3777.298,1 4,East,2,6,123
2,4,12,3,3777.985,1 4,South,2,6,123
2,4,12,2,3778.56,2 4,South,2,6,123
2,4,12,2,3779.315,3 4,South,2,6,123
2,4,12,2,3780.032,4 4,South,2,6,123
2,4,12,3,3780.543,4 4,West,2,6,123
2,4,12,2,3781.117,4 3,West,2,6,123
2,4,12,2,3781.709,4 2,West,2,6,123
2,4,12,2,3782.35,4 2,West,2,6,124
2,4,12,3,3782.892,4 2,North,2,6,124
2,4,12,2,3783.554,3 2,North,2,6,124
2,4,12,2,3784.197,3 2,North,2,6,125
2,4,12,1,3784.753,3 2,West,2,6,125
2,4,12,2,3785.294,3 1,West,2,6,125
2,4,12,2,3785.969,3 1,West,2,6,126
2,4,12,3,3786.431,3 1,North,2,6,126
2,4,12,2,3786.988,2 1,North,2,6,126
2,4,12,1,3787.79,2 1,West,2,6,126
2,4,12,2,3788.318,2 1,West,2,6,127
2,4,12,3,3788.865,2 1,North,2,6,127
2,4,12,2,3789.382,1 1,North,2,6,127
2,4,12,1,3790.332,1 1,West,2,6,127
2,4,12,2,3791.007,1 0,West,2,6,127
2,4,12,1,3791.599,1 0,South,2,6,127
2,4,12,2,3792.142,2 0,South,2,6,127
2,4,12,6,3792.52,2 0,South,2,7,127
2,4,12,1,3793.5,2 0,East,2,7,127
2,4,12,1,3794.302,2 0,North,2,7,127
2,4,12,2,3795.285,1 0,North,2,7,127
2,4,12,2,3795.98,1 0,North,2,7,128
2,4,12,3,3796.704,1 0,East,2,7,128
2,4,12,2,3797.34,1 1,East,2,7,128
2,4,12,1,3797.871,1 1,North,2,7,128
2,4,12,2,3798.559,1 1,North,2,7,129
2,4,12,3,3799.056,1 1,East,2,7,129
2,4,12,2,3799.628,1 1,East,2,7,130
2,4,12,3,3800.397,1 1,South,2,7,130
2,4,12,2,3801.012,2 1,South,2,7,130
2,4,12,1,3801.581,2 1,East,2,7,130
2,4,12,2,3802.128,2 1,East,2,7,131
2,4,12,2,3802.546,2 1,East,2,7,132
2,4,12,1,3803.348,2 1,North,2,7,132
2,4,12,2,3803.967,1 1,North,2,7,132
2,4,12,2,3804.678,1 1,North,2,7,133
2,4,12,1,3805.09,1 1,West,2,7,133
2,4,12,2,3805.778,1 0,West,2,7,133
2,4,12,2,3806.403,1 0,West,2,7,133
2,4,12,3,3806.782,1 0,North,2,7,133
2,4,12,2,3807.396,1 0,North,2,7,134
2,4,12,3,3807.936,1 0,East,2,7,134
2,4,12,3,3808.766,1 0,South,2,7,134
2,4,12,2,3809.344,2 0,South,2,7,134
2,4,12,2,3810.078,3 0,South,2,7,134
2,4,12,1,3810.621,3 0,East,2,7,134
2,4,12,2,3811.734,3 0,East,2,7,135
2,4,12,1,3812.229,3 0,North,2,7,135
2,4,12,2,3813.25,2 0,North,2,7,135
2,4,12,2,3813.969,1 0,North,2,7,135
2,4,12,3,3815.056,1 0,East,2,7,135
2,4,12,2,3815.682,1 1,East,2,7,135
2,4,12,2,3816.288,1 1,East,2,7,136
2,4,12,2,3816.838,1 1,East,2,7,137
2,4,12,1,3817.247,1 1,North,2,7,137
2,4,12,2,3818.03,1 1,North,2,7,138
2,4,12,3,3818.454,1 1,East,2,7,138
2,4,12,3,3819.102,1 1,South,2,7,138
2,4,12,2,3819.677,2 1,South,2,7,138
2,4,12,2,3820.524,3 1,South,2,7,138
2,4,12,1,3821.174,3 1,East,2,7,138
2,4,12,2,3821.795,3 2,East,2,7,138
2,4,12,1,3822.334,3 2,North,2,7,138
2,4,12,2,3822.98,3 2,North,2,7,139
2,4,12,3,3823.615,3 2,East,2,7,139
2,4,12,2,3824.339,3 3,East,2,7,139
2,4,12,1,3825.615,3 3,North,2,7,139
2,4,12,3,3826.51,3 3,East,2,7,139
2,4,12,2,3827.141,3 3,East,2,7,140
2,4,12,1,3827.844,3 3,North,2,7,140
2,4,12,2,3828.451,3 3,North,2,7,141
2,4,12,1,3828.977,3 3,West,2,7,141
2,4,12,2,3829.634,3 2,West,2,7,141
2,4,12,3,3830.735,3 2,North,2,7,141
2,4,12,2,3831.381,3 2,North,2,7,142
2,4,12,1,3831.884,3 2,West,2,7,142
2,4,12,2,3832.463,3 1,West,2,7,142
2,4,12,3,3834.176,3 1,North,2,7,142
2,4,12,2,3834.834,2 1,North,2,7,142
2,4,12,2,3835.612,1 1,North,2,7,142
2,4,12,2,3836.339,1 1,North,2,7,143
2,4,12,1,3837.012,1 1,West,2,7,143
2,4,12,2,3837.68,1 0,West,2,7,143
2,4,12,3,3838.191,1 0,North,2,7,143
2,4,12,2,3839.103,1 0,North,2,7,144
2,4,12,3,3839.556,1 0,East,2,7,144
2,4,12,2,3840.092,1 1,East,2,7,144
2,4,12,2,3840.738,1 1,East,2,7,145
2,4,12,1,3841.757,1 1,North,2,7,145
2,4,12,2,3842.357,1 1,North,2,7,146
2,4,12,3,3843.917,1 1,East,2,7,146
2,4,12,3,3845.246,1 1,South,2,7,146
2,4,12,2,3845.884,2 1,South,2,7,146
2,4,12,1,3846.462,2 1,East,2,7,146
2,4,12,2,3847.085,2 1,East,2,7,147
2,4,12,3,3847.856,2 1,South,2,7,147
2,4,12,2,3848.637,3 1,South,2,7,147
2,4,12,1,3849.363,3 1,East,2,7,147
2,4,12,2,3850.036,3 2,East,2,7,147
2,4,12,2,3850.692,3 3,East,2,7,147
2,4,12,2,3851.315,3 3,East,2,7,148
2,4,12,1,3851.761,3 3,North,2,7,148
2,4,12,2,3852.336,3 3,North,2,7,149
2,4,12,3,3853.388,3 3,East,2,7,149
2,4,12,3,3853.917,3 3,South,2,7,149
2,4,12,2,3854.51,3 3,South,2,7,150
2,4,12,2,3854.994,3 3,South,2,7,151
2,4,12,3,3855.628,3 3,West,2,7,151
2,4,12,2,3856.22,3 2,West,2,7,151
2,4,12,1,3856.992,3 2,South,2,7,151
2,4,12,2,3857.708,4 2,South,2,7,151
2,4,12,1,3858.524,4 2,East,2,7,151
2,4,12,2,3859.359,4 3,East,2,7,151
2,4,12,2,3860.128,4 4,East,2,7,151
2,4,12,1,3860.957,4 4,North,2,7,151
2,4,12,2,3861.521,3 4,North,2,7,151
2,4,12,2,3862.161,2 4,North,2,7,151
2,4,12,2,3862.85,1 4,North,2,7,151
2,4,12,1,3863.616,1 4,West,2,7,151
2,4,12,3,3864.189,1 4,North,2,7,151
2,4,12,2,3864.772,0 4,North,2,7,151
2,4,12,1,3865.764,0 4,West,2,7,151
2,4,12,2,3866.291,0 3,West,2,7,151
2,4,12,2,3866.988,0 3,West,2,7,152
2,4,12,2,3867.277,0 3,West,2,7,153
2,4,12,1,3867.694,0 3,South,2,7,153
2,4,12,2,3868.292,0 3,South,2,7,154
2,4,12,1,3869.133,0 3,East,2,7,154
2,4,12,3,3870.284,0 3,South,2,7,154
2,4,12,2,3871.036,0 3,South,2,7,155
2,4,12,3,3871.823,0 3,West,2,7,155
2,4,12,2,3873.492,0 3,West,2,7,156
2,4,12,1,3874.031,0 3,South,2,7,156
2,4,12,2,3874.592,0 3,South,2,7,157
2,4,12,3,3875.054,0 3,West,2,7,157
2,4,12,2,3875.62,0 3,West,2,7,158
2,4,12,2,3875.872,0 3,West,2,7,159
2,4,12,1,3876.285,0 3,South,2,7,159
2,4,12,1,3876.913,0 3,East,2,7,159
2,4,12,2,3877.842,0 4,East,2,7,159
2,4,12,3,3878.687,0 4,South,2,7,159
2,4,12,2,3879.263,1 4,South,2,7,159
2,4,12,2,3879.854,2 4,South,2,7,159
2,4,12,3,3880.388,2 4,West,2,7,159
2,4,12,2,3880.996,2 4,West,2,7,160
2,4,12,3,3881.62,2 4,North,2,7,160
2,4,12,2,3882.226,1 4,North,2,7,160
2,4,12,1,3882.867,1 4,West,2,7,160
2,4,12,2,3883.533,1 3,West,2,7,160
2,4,12,2,3884.276,1 3,West,2,7,161
2,4,12,3,3884.784,1 3,North,2,7,161
2,4,12,2,3885.426,1 3,North,2,7,162
2,4,12,1,3886.02,1 3,West,2,7,162
2,4,12,2,3886.783,1 3,West,2,7,163
2,4,12,3,3887.158,1 3,North,2,7,163
2,4,12,2,3887.678,1 3,North,2,7,164
2,4,12,1,3888.063,1 3,West,2,7,164
2,4,12,1,3888.628,1 3,South,2,7,164
2,4,12,2,3889.215,2 3,South,2,7,164
2,4,12,3,3889.888,2 3,West,2,7,164
2,4,12,2,3890.573,2 2,West,2,7,164
2,4,12,3,3891.316,2 2,North,2,7,164
2,4,12,2,3892.001,1 2,North,2,7,164
2,4,12,2,3892.755,0 2,North,2,7,164
2,4,12,1,3893.389,0 2,West,2,7,164
2,4,12,2,3894.048,0 1,West,2,7,164
2,4,12,6,3894.46,0 1,West,2,8,164
1,5,13,1,4159.952,4 3,North,3,0,164
1,5,13,1,4160.529,4 2,North,3,0,164
1,5,13,2,4161.157,3 2,North,3,0,164
1,5,13,1,4161.791,3 1,North,3,0,164
1,5,13,1,4162.46,3 0,North,3,0,164
1,5,13,2,4163.006,2 0,North,3,0,164
1,5,13,2,4163.585,1 0,North,3,0,164
1,5,13,3,4164.128,1 1,North,3,0,164
1,5,13,6,4164.52,1 1,North,3,1,164
1,5,13,1,4165.188,1 0,North,3,1,164
1,5,13,1,4165.73,1 0,North,3,1,164
1,5,13,4,4166.204,2 0,North,3,1,164
1,5,13,4,4166.862,3 0,North,3,1,164
1,5,13,3,4167.475,3 1,North,3,1,164
1,5,13,3,4168.092,3 2,North,3,1,164
1,5,13,4,4168.706,4 2,North,3,1,164
1,5,13,3,4169.284,4 3,North,3,1,164
1,5,13,3,4169.988,4 4,North,3,1,164
1,5,13,2,4170.564,3 4,North,3,1,164
1,5,13,1,4171.104,3 3,North,3,1,164
1,5,13,2,4171.677,2 3,North,3,1,164
1,5,13,2,4172.29,1 3,North,3,1,164
1,5,13,2,4172.861,0 3,North,3,1,164
1,5,13,3,4173.455,0 4,North,3,1,164
1,5,13,4,4174.097,1 4,North,3,1,164
1,5,13,4,4174.703,2 4,North,3,1,164
1,5,13,6,4175.08,2 4,North,3,2,164
1,5,13,2,4175.397,1 4,North,3,2,164
1,5,13,2,4176.291,0 4,North,3,2,164
1,5,13,1,4176.916,0 3,North,3,2,164
1,5,13,6,4177.32,0 3,North,3,3,164
1,5,13,4,4177.565,1 3,North,3,3,164
1,5,13,4,4178.188,2 3,North,3,3,164
1,5,13,4,4179.041,3 3,North,3,3,164
1,5,13,3,4179.923,3 4,North,3,3,164
1,5,13,4,4180.449,4 4,North,3,3,164
1,5,13,1,4181.091,4 3,North,3,3,164
1,5,13,1,4181.773,4 2,North,3,3,164
1,5,13,2,4182.317,3 2,North,3,3,164
1,5,13,1,4182.914,3 1,North,3,3,164
1,5,13,1,4183.503,3 0,North,3,3,164
1,5,13,2,4184.429,2 0,North,3,3,164
1,5,13,2,4185.043,1 0,North,3,3,164
1,5,13,3,4185.597,1 1,North,3,3,164
1,5,13,4,4186.14,2 1,North,3,3,164
1,5,13,3,4186.689,2 2,North,3,3,164
1,5,13,2,4187.313,1 2,North,3,3,164
1,5,13,6,4187.7,1 2,North,3,4,164
1,5,13,1,4188.081,1 2,North,3,4,164
1,5,13,2,4188.462,0 2,North,3,4,164
1,5,13,1,4188.991,0 1,North,3,4,164
1,5,13,6,4189.4,0 1,North,3,5,164
1,5,13,4,4189.891,0 1,North,3,5,164
1,5,13,3,4190.22,0 2,North,3,5,164
1,5,13,4,4190.797,1 2,North,3,5,164
1,5,13,4,4191.425,2 2,North,3,5,164
1,5,13,1,4191.98,2 1,North,3,5,164
1,5,13,2,4192.561,1 1,North,3,5,164
1,5,13,1,4193.104,1 0,North,3,5,164
1,5,13,4,4193.774,2 0,North,3,5,164
1,5,13,4,4194.32,3 0,North,3,5,164
1,5,13,3,4195.364,3 1,North,3,5,164
1,5,13,4,4196.146,3 1,North,3,5,164
1,5,13,3,4196.545,3 2,North,3,5,164
1,5,13,4,4197.124,4 2,North,3,5,164
1,5,13,3,4197.699,4 3,North,3,5,164
1,5,13,6,4198.1,4 3,North,3,6,164
1,5,13,3,4198.582,4 4,North,3,6,164
1,5,13,2,4199.276,3 4,North,3,6,164
1,5,13,1,4199.972,3 3,North,3,6,164
1,5,13,2,4200.562,2 3,North,3,6,164
1,5,13,6,4200.94,2 3,North,3,7,164
1,5,13,4,4201.554,3 3,North,3,7,164
1,5,13,4,4202.114,3 3,North,3,7,164
1,5,13,3,4202.444,3 4,North,3,7,164
1,5,13,4,4202.977,4 4,North,3,7,164
1,5,13,1,4203.522,4 3,North,3,7,164
1,5,13,1,4204.157,4 2,North,3,7,164
1,5,13,1,4204.705,4 1,North,3,7,164
1,5,13,6,4205.1,4 1,North,3,8,164
2,5,13,2,4209.202,3 4,North,3,0,0
2,5,13,2,4209.919,3 4,North,3,0,1
2,5,13,1,4210.448,3 4,West,3,0,1
2,5,13,2,4211.314,3 3,West,3,0,1
2,5,13,2,4212.052,3 3,West,3,0,2
2,5,13,1,4212.484,3 3,South,3,0,2
2,5,13,2,4213.089,3 3,South,3,0,3
2,5,13,3,4213.694,3 3,West,3,0,3
2,5,13,3,4214.335,3 3,North,3,0,3
2,5,13,2,4214.925,2 3,North,3,0,3
2,5,13,1,4215.612,2 3,West,3,0,3
2,5,13,2,4216.305,2 3,West,3,0,4
2,5,13,3,4216.943,2 3,North,3,0,4
2,5,13,2,4217.585,1 3,North,3,0,4
2,5,13,1,4218.285,1 3,West,3,0,4
2,5,13,2,4218.948,1 3,West,3,0,5
2,5,13,3,4219.568,1 3,North,3,0,5
2,5,13,2,4220.18,0 3,North,3,0,5
2,5,13,1,4221.073,0 3,West,3,0,5
2,5,13,2,4221.679,0 3,West,3,0,6
2,5,13,1,4222.197,0 3,South,3,0,6
2,5,13,2,4222.79,1 3,South,3,0,6
2,5,13,2,4223.504,2 3,South,3,0,6
2,5,13,2,4224.271,3 3,South,3,0,6
2,5,13,2,4225.324,3 3,South,3,0,7
2,5,13,3,4225.795,3 3,West,3,0,7
2,5,13,2,4226.446,3 3,West,3,0,8
2,5,13,1,4226.944,3 3,South,3,0,8
2,5,13,2,4227.693,3 3,South,3,0,9
2,5,13,1,4228.206,3 3,East,3,0,9
2,5,13,2,4228.783,3 4,East,3,0,9
2,5,13,3,4229.636,3 4,South,3,0,9
2,5,13,2,4230.244,4 4,South,3,0,9
2,5,13,3,4231.041,4 4,West,3,0,9
2,5,13,2,4231.599,4 3,West,3,0,9
2,5,13,2,4232.221,4 2,West,3,0,9
2,5,13,2,4232.852,4 1,West,3,0,9
2,5,13,6,4233.26,4 1,West,3,1,9
2,5,13,3,4233.524,4 1,North,3,1,9
2,5,13,3,4234.257,4 1,East,3,1,9
2,5,13,2,4234.812,4 2,East,3,1,9
2,5,13,2,4235.472,4 3,East,3,1,9
2,5,13,2,4236.114,4 4,East,3,1,9
2,5,13,1,4236.86,4 4,North,3,1,9
2,5,13,2,4237.426,3 4,North,3,1,9
2,5,13,2,4238.067,3 4,North,3,1,10
2,5,13,1,4238.637,3 4,West,3,1,10
2,5,13,2,4239.189,3 3,West,3,1,10
2,5,13,3,4240.102,3 3,North,3,1,10
2,5,13,2,4240.671,2 3,North,3,1,10
2,5,13,3,4241.472,2 3,East,3,1,10
2,5,13,2,4242.085,2 3,East,3,1,11
2,5,13,1,4242.527,2 3,North,3,1,11
2,5,13,2,4243.169,1 3,North,3,1,11
2,5,13,3,4244.046,1 3,East,3,1,11
2,5,13,2,4244.717,1 3,East,3,1,12
2,5,13,1,4245.199,1 3,North,3,1,12
2,5,13,2,4245.793,0 3,North,3,1,12
2,5,13,3,4246.325,0 3,East,3,1,12
2,5,13,2,4246.851,0 4,East,3,1,12
2,5,13,3,4247.757,0 4,South,3,1,12
2,5,13,2,4248.542,1 4,South,3,1,12
2,5,13,2,4249.135,2 4,South,3,1,12
2,5,13,6,4249.52,2 4,South,3,2,12
2,5,13,3,4249.854,2 4,West,3,2,12
2,5,13,3,4251.102,2 4,North,3,2,12
2,5,13,2,4251.733,1 4,North,3,2,12
2,5,13,2,4252.309,0 4,North,3,2,12
2,5,13,2,4253.185,0 4,North,3,2,12
2,5,13,1,4253.518,0 4,West,3,2,12
2,5,13,2,4254.083,0 3,West,3,2,12
2,5,13,1,4254.598,0 3,South,3,2,12
2,5,13,2,4255.138,1 3,South,3,2,12
2,5,13,2,4255.729,2 3,South,3,2,12
2,5,13,2,4256.29,3 3,South,3,2,12
2,5,13,2,4256.901,3 3,South,3,2,13
2,5,13,3,4257.555,3 3,West,3,2,13
2,5,13,2,4258.191,3 3,West,3,2,14
2,5,13,3,4258.845,3 3,North,3,2,14
2,5,13,2,4259.501,2 3,North,3,2,14
2,5,13,1,4260.129,2 3,West,3,2,14
2,5,13,2,4260.738,2 3,West,3,2,15
2,5,13,1,4261.284,2 3,South,3,2,15
2,5,13,1,4262.017,2 3,East,3,2,15
2,5,13,2,4262.961,2 3,East,3,2,16
2,5,13,1,4263.646,2 3,North,3,2,16
2,5,13,2,4264.238,1 3,North,3,2,16
2,5,13,2,4264.849,0 3,North,3,2,16
2,5,13,3,4265.636,0 3,East,3,2,16
2,5,13,2,4266.325,0 4,East,3,2,16
2,5,13,3,4267.217,0 4,South,3,2,16
2,5,13,2,4267.791,1 4,South,3,2,16
2,5,13,2,4268.402,2 4,South,3,2,16
2,5,13,2,4268.957,2 4,South,3,2,17
2,5,13,2,4269.457,2 4,South,3,2,18
2,5,13,3,4269.86,2 4,West,3,2,18
2,5,13,2,4270.513,2 4,West,3,2,19
2,5,13,3,4271.1,2 4,North,3,2,19
2,5,13,2,4271.667,1 4,North,3,2,19
2,5,13,2,4272.31,0 4,North,3,2,19
2,5,13,1,4272.832,0 4,West,3,2,19
2,5,13,2,4273.349,0 3,West,3,2,19
2,5,13,2,4273.949,0 3,West,3,2,20
2,5,13,1,4274.494,0 3,South,3,2,20
2,5,13,2,4275.022,1 3,South,3,2,20
2,5,13,2,4275.637,2 3,South,3,2,20
2,5,13,3,4276.221,2 3,West,3,2,20
2,5,13,2,4276.819,2 3,West,3,2,21
2,5,13,1,4277.379,2 3,South,3,2,21
2,5,13,2,4277.904,3 3,South,3,2,21
2,5,13,3,4278.438,3 3,West,3,2,21
2,5,13,2,4279.038,3 3,West,3,2,22
2,5,13,1,4279.553,3 3,South,3,2,22
2,5,13,2,4280.156,3 3,South,3,2,23
2,5,13,1,4280.975,3 3,East,3,2,23
2,5,13,2,4281.701,3 4,East,3,2,23
2,5,13,3,4282.339,3 4,South,3,2,23
2,5,13,2,4282.974,4 4,South,3,2,23
2,5,13,3,4283.795,4 4,West,3,2,23
2,5,13,2,4284.38,4 3,West,3,2,23
2,5,13,6,4284.8,4 3,West,3,3,23
2,5,13,3,4285.212,4 3,North,3,3,23
2,5,13,3,4285.95,4 3,East,3,3,23
2,5,13,2,4286.495,4 4,East,3,3,23
2,5,13,1,4287.027,4 4,North,3,3,23
2,5,13,2,4287.566,3 4,North,3,3,23
2,5,13,2,4288.209,3 4,North,3,3,24
2,5,13,2,4288.413,3 4,North,3,3,25
2,5,13,1,4288.884,3 4,West,3,3,25
2,5,13,2,4289.395,3 3,West,3,3,25
2,5,13,2,4290.019,3 3,West,3,3,26
2,5,13,3,4290.495,3 3,North,3,3,26
2,5,13,2,4291.068,2 3,North,3,3,26
2,5,13,2,4291.744,1 3,North,3,3,26
2,5,13,2,4292.419,0 3,North,3,3,26
2,5,13,1,4292.949,0 3,West,3,3,26
2,5,13,2,4293.569,0 3,West,3,3,27
2,5,13,1,4294.08,0 3,South,3,3,27
2,5,13,2,4294.66,1 3,South,3,3,27
2,5,13,3,4295.551,1 3,West,3,3,27
2,5,13,2,4296.173,1 3,West,3,3,28
2,5,13,3,4296.817,1 3,North,3,3,28
2,5,13,1,4297.389,1 3,West,3,3,28
2,5,13,2,4297.97,1 3,West,3,3,29
2,5,13,1,4298.515,1 3,South,3,3,29
2,5,13,2,4299.056,2 3,South,3,3,29
2,5,13,3,4299.74,2 3,West,3,3,29
2,5,13,2,4300.34,2 3,West,3,3,30
2,5,13,1,4300.849,2 3,South,3,3,30
2,5,13,2,4301.536,3 3,South,3,3,30
2,5,13,3,4302.129,3 3,West,3,3,30
2,5,13,2,4302.797,3 3,West,3,3,31
2,5,13,1,4303.341,3 3,South,3,3,31
2,5,13,2,4304.004,3 3,South,3,3,32
2,5,13,1,4304.765,3 3,East,3,3,32
2,5,13,2,4305.388,3 4,East,3,3,32
2,5,13,3,4306.112,3 4,South,3,3,32
2,5,13,2,4306.798,4 4,South,3,3,32
2,5,13,3,4307.379,4 4,West,3,3,32
2,5,13,2,4307.955,4 3,West,3,3,32
2,5,13,2,4308.594,4 2,West,3,3,32
2,5,13,2,4309.186,4 1,West,3,3,32
2,5,13,2,4309.81,4 0,West,3,3,32
2,5,13,3,4310.353,4 0,North,3,3,32
2,5,13,2,4311.061,4 0,North,3,3,33
2,5,13,3,4311.548,4 0,East,3,3,33
2,5,13,2,4312.143,4 1,East,3,3,33
2,5,13,1,4312.685,4 1,North,3,3,33
2,5,13,2,4313.2,4 1,North,3,3,34
2,5,13,3,4313.757,4 1,East,3,3,34
2,5,13,2,4314.434,4 2,East,3,3,34
2,5,13,1,4315.054,4 2,North,3,3,34
2,5,13,2,4315.798,3 2,North,3,3,34
2,5,13,1,4316.445,3 2,West,3,3,34
2,5,13,2,4317.042,3 1,West,3,3,34
2,5,13,3,4317.596,3 1,North,3,3,34
2,5,13,2,4318.177,3 1,North,3,3,35
2,5,13,3,4318.656,3 1,East,3,3,35
2,5,13,2,4319.221,3 2,East,3,3,35
2,5,13,1,4319.734,3 2,North,3,3,35
2,5,13,2,4320.436,3 2,North,3,3,36
2,5,13,1,4321.134,3 2,West,3,3,36
2,5,13,2,4321.734,3 1,West,3,3,36
2,5,13,2,4322.374,3 0,West,3,3,36
2,5,13,3,4323.284,3 0,North,3,3,36
2,5,13,2,4323.885,2 0,North,3,3,36
2,5,13,2,4324.581,1 0,North,3,3,36
2,5,13,2,4325.23,1 0,North,3,3,37
2,5,13,3,4325.646,1 0,East,3,3,37
2,5,13,2,4326.319,1 1,East,3,3,37
2,5,13,1,4327.07,1 1,North,3,3,37
2,5,13,2,4327.795,1 1,North,3,3,38
2,5,13,3,4328.303,1 1,East,3,3,38
2,5,13,2,4328.91,1 1,East,3,3,39
2,5,13,3,4329.475,1 1,South,3,3,39
2,5,13,2,4330.092,2 1,South,3,3,39
2,5,13,1,4330.785,2 1,East,3,3,39
2,5,13,2,4331.363,2 2,East,3,3,39
2,5,13,1,4332.164,2 2,North,3,3,39
2,5,13,2,4332.772,1 2,North,3,3,39
2,5,13,2,4333.488,0 2,North,3,3,39
2,5,13,1,4334.049,0 2,West,3,3,39
2,5,13,2,4334.654,0 1,West,3,3,39
2,5,13,6,4335.06,0 1,West,3,4,39
2,5,13,1,4335.423,0 1,South,3,4,39
2,5,13,2,4336.079,0 1,South,3,4,40
2,5,13,3,4336.614,0 1,West,3,4,40
2,5,13,2,4337.22,0 0,West,3,4,40
2,5,13,1,4337.743,0 0,South,3,4,40
2,5,13,2,4338.338,0 0,South,3,4,41
2,5,13,1,4338.886,0 0,East,3,4,41
2,5,13,2,4339.506,0 1,East,3,4,41
2,5,13,2,4340.098,0 2,East,3,4,41
2,5,13,2,4340.785,0 2,East,3,4,42
2,5,13,3,4341.2,0 2,South,3,4,42
2,5,13,2,4341.716,1 2,South,3,4,42
2,5,13,3,4342.274,1 2,West,3,4,42
2,5,13,2,4342.881,1 2,West,3,4,43
2,5,13,1,4343.331,1 2,South,3,4,43
2,5,13,2,4343.975,2 2,South,3,4,43
2,5,13,3,4344.838,2 2,West,3,4,43
2,5,13,2,4345.438,2 1,West,3,4,43
2,5,13,2,4346.173,2 1,West,3,4,44
2,5,13,1,4346.642,2 1,South,3,4,44
2,5,13,2,4347.294,2 1,South,3,4,45
2,5,13,1,4348.032,2 1,East,3,4,45
2,5,13,2,4348.622,2 2,East,3,4,45
2,5,13,3,4349.265,2 2,South,3,4,45
2,5,13,2,4349.877,2 2,South,3,4,46
2,5,13,3,4350.462,2 2,West,3,4,46
2,5,13,3,4351.283,2 2,North,3,4,46
2,5,13,2,4351.903,1 2,North,3,4,46
2,5,13,1,4352.43,1 2,West,3,4,46
2,5,13,2,4353.076,1 2,West,3,4,47
2,5,13,3,4353.701,1 2,North,3,4,47
2,5,13,2,4354.339,0 2,North,3,4,47
2,5,13,1,4355.152,0 2,West,3,4,47
2,5,13,2,4355.75,0 1,West,3,4,47
2,5,13,2,4356.467,0 0,West,3,4,47
2,5,13,1,4356.992,0 0,South,3,4,47
2,5,13,2,4357.585,0 0,South,3,4,48
2,5,13,2,4358.178,0 0,South,3,4,49
2,5,13,1,4358.56,0 0,East,3,4,49
2,5,13,2,4359.171,0 1,East,3,4,49
2,5,13,2,4359.765,0 2,East,3,4,49
2,5,13,2,4360.385,0 2,East,3,4,50
2,5,13,2,4360.866,0 2,East,3,4,51
2,5,13,3,4361.3,0 2,South,3,4,51
2,5,13,2,4361.907,1 2,South,3,4,51
2,5,13,2,4362.628,2 2,South,3,4,51
2,5,13,3,4363.14,2 2,West,3,4,51
2,5,13,2,4363.748,2 1,West,3,4,51
2,5,13,2,4364.54,2 1,West,3,4,52
2,5,13,1,4365.059,2 1,South,3,4,52
2,5,13,2,4365.794,2 1,South,3,4,53
2,5,13,1,4366.439,2 1,East,3,4,53
2,5,13,2,4367.158,2 2,East,3,4,53
2,5,13,3,4367.887,2 2,South,3,4,53
2,5,13,2,4368.462,2 2,South,3,4,54
2,5,13,1,4369.168,2 2,East,3,4,54
2,5,13,2,4369.845,2 2,East,3,4,55
2,5,13,1,4370.496,2 2,North,3,4,55
2,5,13,2,4371.118,1 2,North,3,4,55
2,5,13,2,4371.777,0 2,North,3,4,55
2,5,13,3,4372.364,0 2,East,3,4,55
2,5,13,2,4372.949,0 2,East,3,4,56
2,5,13,3,4373.539,0 2,South,3,4,56
2,5,13,2,4374.195,1 2,South,3,4,56
2,5,13,2,4374.764,2 2,South,3,4,56
2,5,13,3,4375.298,2 2,West,3,4,56
2,5,13,2,4375.918,2 1,West,3,4,56
2,5,13,2,4376.548,2 1,West,3,4,57
2,5,13,1,4377.007,2 1,South,3,4,57
2,5,13,2,4377.7,2 1,South,3,4,58
2,5,13,1,4378.449,2 1,East,3,4,58
2,5,13,2,4379.133,2 2,East,3,4,58
2,5,13,3,4379.821,2 2,South,3,4,58
2,5,13,2,4380.403,2 2,South,3,4,59
2,5,13,1,4381.022,2 2,East,3,4,59
2,5,13,2,4381.66,2 2,East,3,4,60
2,5,13,3,4382.196,2 2,South,3,4,60
2,5,13,3,4382.817,2 2,West,3,4,60
2,5,13,3,4383.408,2 2,North,3,4,60
2,5,13,2,4383.941,1 2,North,3,4,60
2,5,13,1,4384.512,1 2,West,3,4,60
2,5,13,2,4385.11,1 2,West,3,4,61
2,5,13,3,4385.616,1 2,North,3,4,61
2,5,13,2,4386.319,0 2,North,3,4,61
2,5,13,1,4386.917,0 2,West,3,4,61
2,5,13,2,4387.521,0 1,West,3,4,61
2,5,13,1,4388.163,0 1,South,3,4,61
2,5,13,2,4388.755,0 1,South,3,4,62
2,5,13,3,4389.267,0 1,West,3,4,62
2,5,13,2,4389.855,0 0,West,3,4,62
2,5,13,1,4390.386,0 0,South,3,4,62
2,5,13,2,4391.347,0 0,South,3,4,63
2,5,13,1,4391.92,0 0,East,3,4,63
2,5,13,2,4392.53,0 1,East,3,4,63
2,5,13,2,4393.247,0 2,East,3,4,63
2,5,13,2,4394.021,0 2,East,3,4,64
2,5,13,3,4394.72,0 2,South,3,4,64
2,5,13,2,4395.278,1 2,South,3,4,64
2,5,13,2,4396.035,2 2,South,3,4,64
2,5,13,3,4396.656,2 2,West,3,4,64
2,5,13,2,4397.375,2 1,West,3,4,64
2,5,13,2,4398.118,2 1,West,3,4,65
2,5,13,1,4398.533,2 1,South,3,4,65
2,5,13,2,4399.104,2 1,South,3,4,66
2,5,13,1,4399.66,2 1,East,3,4,66
2,5,13,2,4400.244,2 2,East,3,4,66
2,5,13,3,4400.96,2 2,South,3,4,66
2,5,13,2,4401.551,2 2,South,3,4,67
2,5,13,1,4402.028,2 2,East,3,4,67
2,5,13,2,4402.637,2 2,East,3,4,68
2,5,13,3,4403.234,2 2,South,3,4,68
2,5,13,3,4403.888,2 2,West,3,4,68
2,5,13,3,4404.781,2 2,North,3,4,68
2,5,13,1,4405.341,2 2,West,3,4,68
2,5,13,2,4406.004,2 1,West,3,4,68
2,5,13,2,4406.79,2 1,West,3,4,69
2,5,13,3,4407.182,2 1,North,3,4,69
2,5,13,2,4407.906,1 1,North,3,4,69
2,5,13,1,4408.561,1 1,West,3,4,69
2,5,13,2,4409.235,1 0,West,3,4,69
2,5,13,1,4409.855,1 0,South,3,4,69
2,5,13,2,4410.592,2 0,South,3,4,69
2,5,13,6,4410.96,2 0,South,3,5,69
2,5,13,1,4411.7,2 0,East,3,5,69
2,5,13,1,4412.604,2 0,North,3,5,69
2,5,13,2,4413.316,1 0,North,3,5,69
2,5,13,3,4413.939,1 0,East,3,5,69
2,5,13,2,4414.669,1 1,East,3,5,69
2,5,13,6,4415.08,1 1,East,3,6,69
2,5,13,3,4415.407,1 1,South,3,6,69
2,5,13,2,4416.078,2 1,South,3,6,69
2,5,13,6,4416.46,2 1,South,3,7,69
2,5,13,3,4416.831,2 1,West,3,7,69
2,5,13,3,4417.381,2 1,North,3,7,69
2,5,13,2,4417.972,1 1,North,3,7,69
2,5,13,1,4418.542,1 1,West,3,7,69
2,5,13,2,4419.237,1 0,West,3,7,69
2,5,13,6,4419.66,1 0,West,3,8,69
1,5,14,4,4448.3,4 4,North,3,0,69
1,5,14,1,4448.833,4 3,North,3,0,69
1,5,14,1,4449.501,4 2,North,3,0,69
1,5,14,2,4450.012,3 2,North,3,0,69
1,5,14,1,4450.708,3 1,North,3,0,69
1,5,14,6,4451.1,3 1,North,3,1,69
1,5,14,3,4454.893,3 2,North,3,1,69
1,5,14,4,4455.472,4 2,North,3,1,69
1,5,14,6,4455.84,4 2,North,3,2,69
1,5,14,3,4457.133,4 3,North,3,2,69
1,5,14,3,4457.677,4 4,North,3,2,69
1,5,14,2,4458.622,3 4,North,3,2,69
1,5,14,1,4459.151,3 3,North,3,2,69
1,5,14,2,4459.714,2 3,North,3,2,69
1,5,14,2,4460.878,1 3,North,3,2,69
1,5,14,2,4461.699,0 3,North,3,2,69
1,5,14,3,4462.224,0 4,North,3,2,69
1,5,14,6,4462.62,0 4,North,3,3,69
1,5,14,1,4462.817,0 3,North,3,3,69
1,5,14,4,4463.458,1 3,North,3,3,69
1,5,14,4,4464.876,2 3,North,3,3,69
1,5,14,4,4465.744,3 3,North,3,3,69
1,5,14,6,4466.12,3 3,North,3,4,69
1,5,14,3,4466.655,3 4,North,3,4,69
1,5,14,4,4467.25,4 4,North,3,4,69
1,5,14,1,4468.397,4 3,North,3,4,69
1,5,14,1,4469.15,4 2,North,3,4,69
1,5,14,1,4469.676,4 1,North,3,4,69
1,5,14,1,4470.546,4 0,North,3,4,69
1,5,14,6,4470.94,4 0,North,3,5,69
1,5,14,1,4471.124,4 0,North,3,5,69
1,5,14,3,4471.412,4 1,North,3,5,69
1,5,14,3,4471.966,4 2,North,3,5,69
1,5,14,3,4473.25,4 3,North,3,5,69
1,5,14,3,4474.113,4 4,North,3,5,69
1,5,14,2,4474.672,3 4,North,3,5,69
1,5,14,1,4475.235,3 3,North,3,5,69
1,5,14,2,4475.939,2 3,North,3,5,69
1,5,14,2,4476.782,1 3,North,3,5,69
1,5,14,6,4477.16,1 3,North,3,6,69
1,5,14,4,4478.305,2 3,North,3,6,69
1,5,14,3,4479.89,2 3,North,3,6,69
1,5,14,4,4480.316,3 3,North,3,6,69
1,5,14,3,4481.104,3 4,North,3,6,69
1,5,14,4,4481.764,4 4,North,3,6,69
1,5,14,1,4482.401,4 3,North,3,6,69
1,5,14,1,4483.025,4 2,North,3,6,69
1,5,14,2,4483.604,3 2,North,3,6,69
1,5,14,1,4484.192,3 1,North,3,6,69
1,5,14,1,4484.835,3 0,North,3,6,69
1,5,14,2,4485.423,2 0,North,3,6,69
1,5,14,2,4486.03,1 0,North,3,6,69
1,5,14,3,4486.575,1 1,North,3,6,69
1,5,14,4,4487.084,2 1,North,3,6,69
1,5,14,3,4487.682,2 2,North,3,6,69
1,5,14,2,4488.254,1 2,North,3,6,69
1,5,14,2,4488.931,0 2,North,3,6,69
1,5,14,6,4489.32,0 2,North,3,7,69
1,5,14,4,4489.841,1 2,North,3,7,69
1,5,14,1,4491.34,1 2,North,3,7,69
1,5,14,4,4491.759,2 2,North,3,7,69
1,5,14,1,4492.45,2 1,North,3,7,69
1,5,14,2,4493.037,1 1,North,3,7,69
1,5,14,1,4493.695,1 0,North,3,7,69
1,5,14,6,4494.1,1 0,North,3,8,69
2,5,14,2,4499.506,3 4,North,3,0,0
2,5,14,2,4501.567,3 4,North,3,0,1
2,5,14,1,4502.177,3 4,West,3,0,1
2,5,14,2,4502.812,3 3,West,3,0,1
2,5,14,3,4503.389,3 3,North,3,0,1
2,5,14,2,4504.05,2 3,North,3,0,1
2,5,14,2,4504.687,1 3,North,3,0,1
2,5,14,6,4505.06,1 3,North,3,1,1
2,5,14,1,4506.222,1 3,West,3,1,1
2,5,14,1,4506.932,1 3,South,3,1,1
2,5,14,2,4508.4,2 3,South,3,1,1
2,5,14,2,4509.407,3 3,South,3,1,1
2,5,14,3,4509.923,3 3,West,3,1,1
2,5,14,2,4510.541,3 3,West,3,1,2
2,5,14,1,4511.057,3 3,South,3,1,2
2,5,14,2,4511.71,3 3,South,3,1,3
2,5,14,3,4512.364,3 3,West,3,1,3
2,5,14,3,4512.897,3 3,North,3,1,3
2,5,14,2,4513.485,2 3,North,3,1,3
2,5,14,1,4514.097,2 3,West,3,1,3
2,5,14,2,4514.722,2 3,West,3,1,4
2,5,14,3,4515.349,2 3,North,3,1,4
2,5,14,2,4516.017,1 3,North,3,1,4
2,5,14,1,4516.739,1 3,West,3,1,4
2,5,14,2,4517.441,1 3,West,3,1,5
2,5,14,3,4517.987,1 3,North,3,1,5
2,5,14,2,4518.752,0 3,North,3,1,5
2,5,14,1,4519.292,0 3,West,3,1,5
2,5,14,2,4519.875,0 3,West,3,1,6
2,5,14,1,4520.431,0 3,South,3,1,6
2,5,14,2,4521.105,1 3,South,3,1,6
2,5,14,2,4521.892,2 3,South,3,1,6
2,5,14,2,4522.574,3 3,South,3,1,6
2,5,14,3,4523.117,3 3,West,3,1,6
2,5,14,2,4523.885,3 3,West,3,1,7
2,5,14,1,4524.353,3 3,South,3,1,7
2,5,14,2,4525.005,3 3,South,3,1,8
2,5,14,2,4525.868,3 3,South,3,1,9
2,5,14,1,4526.063,3 3,East,3,1,9
2,5,14,2,4526.688,3 4,East,3,1,9
2,5,14,3,4527.219,3 4,South,3,1,9
2,5,14,2,4527.812,4 4,South,3,1,9
2,5,14,3,4528.333,4 4,West,3,1,9
2,5,14,2,4528.913,4 3,West,3,1,9
2,5,14,2,4529.628,4 2,West,3,1,9
2,5,14,2,4530.306,4 1,West,3,1,9
2,5,14,3,4531.264,4 1,North,3,1,9
2,5,14,2,4531.951,4 1,North,3,1,10
2,5,14,1,4533.025,4 1,West,3,1,10
2,5,14,2,4533.875,4 0,West,3,1,10
2,5,14,3,4534.661,4 0,North,3,1,10
2,5,14,2,4535.314,4 0,North,3,1,11
2,5,14,3,4535.869,4 0,East,3,1,11
2,5,14,2,4536.499,4 1,East,3,1,11
2,5,14,2,4537.652,4 2,East,3,1,11
2,5,14,1,4538.255,4 2,North,3,1,11
2,5,14,2,4538.901,3 2,North,3,1,11
2,5,14,1,4539.488,3 2,West,3,1,11
2,5,14,2,4540.204,3 1,West,3,1,11
2,5,14,6,4540.62,3 1,West,3,2,11
2,5,14,3,4541.026,3 1,North,3,2,11
2,5,14,3,4541.632,3 1,East,3,2,11
2,5,14,2,4542.467,3 2,East,3,2,11
2,5,14,3,4543.027,3 2,South,3,2,11
2,5,14,2,4543.686,4 2,South,3,2,11
2,5,14,6,4544.06,4 2,South,3,3,11
2,5,14,1,4544.417,4 2,East,3,3,11
2,5,14,2,4545.296,4 3,East,3,3,11
2,5,14,1,4546.18,4 3,North,3,3,11
2,5,14,2,4546.864,4 3,North,3,3,12
2,5,14,1,4547.341,4 3,West,3,3,12
2,5,14,2,4547.985,4 2,West,3,3,12
2,5,14,3,4548.59,4 2,North,3,3,12
2,5,14,2,4549.234,3 2,North,3,3,12
2,5,14,3,4549.862,3 2,East,3,3,12
2,5,14,2,4550.591,3 2,East,3,3,13
2,5,14,1,4551.072,3 2,North,3,3,13
2,5,14,2,4551.661,3 2,North,3,3,14
2,5,14,3,4552.245,3 2,East,3,3,14
2,5,14,3,4552.834,3 2,South,3,3,14
2,5,14,2,4553.407,4 2,South,3,3,14
2,5,14,1,4553.942,4 2,East,3,3,14
2,5,14,2,4554.461,4 3,East,3,3,14
2,5,14,2,4555.343,4 4,East,3,3,14
2,5,14,1,4555.868,4 4,North,3,3,14
2,5,14,2,4556.518,3 4,North,3,3,14
2,5,14,1,4557.053,3 4,West,3,3,14
2,5,14,2,4557.761,3 3,West,3,3,14
2,5,14,6,4558.16,3 3,West,3,4,14
2,5,14,3,4558.588,3 3,North,3,4,14
2,5,14,2,4559.252,2 3,North,3,4,14
2,5,14,2,4559.919,1 3,North,3,4,14
2,5,14,2,4560.686,0 3,North,3,4,14
2,5,14,1,4561.315,0 3,West,3,4,14
2,5,14,2,4562.052,0 3,West,3,4,15
2,5,14,1,4562.877,0 3,South,3,4,15
2,5,14,2,4563.485,1 3,South,3,4,15
2,5,14,3,4564.18,1 3,West,3,4,15
2,5,14,2,4564.797,1 3,West,3,4,16
2,5,14,1,4565.356,1 3,South,3,4,16
2,5,14,2,4565.954,2 3,South,3,4,16
2,5,14,3,4566.563,2 3,West,3,4,16
2,5,14,2,4567.173,2 3,West,3,4,17
2,5,14,1,4567.696,2 3,South,3,4,17
2,5,14,2,4568.306,3 3,South,3,4,17
2,5,14,2,4568.975,3 3,South,3,4,18
2,5,14,3,4569.484,3 3,West,3,4,18
2,5,14,2,4570.1,3 3,West,3,4,19
2,5,14,3,4570.733,3 3,North,3,4,19
2,5,14,2,4571.33,2 3,North,3,4,19
2,5,14,2,4571.948,1 3,North,3,4,19
2,5,14,2,4572.652,0 3,North,3,4,19
2,5,14,2,4573.504,0 3,North,3,4,19
2,5,14,1,4573.826,0 3,West,3,4,19
2,5,14,2,4574.495,0 3,West,3,4,20
2,5,14,1,4575.116,0 3,South,3,4,20
2,5,14,2,4575.708,1 3,South,3,4,20
2,5,14,2,4576.336,2 3,South,3,4,20
2,5,14,2,4576.978,3 3,South,3,4,20
2,5,14,2,4577.646,3 3,South,3,4,21
2,5,14,3,4578.164,3 3,West,3,4,21
2,5,14,2,4578.862,3 3,West,3,4,22
2,5,14,1,4579.425,3 3,South,3,4,22
2,5,14,1,4580.166,3 3,East,3,4,22
2,5,14,2,4580.768,3 4,East,3,4,22
2,5,14,3,4581.33,3 4,South,3,4,22
2,5,14,2,4581.964,4 4,South,3,4,22
2,5,14,3,4582.559,4 4,West,3,4,22
2,5,14,2,4583.184,4 3,West,3,4,22
2,5,14,2,4583.892,4 2,West,3,4,22
2,5,14,2,4584.611,4 1,West,3,4,22
2,5,14,2,4585.437,4 0,West,3,4,22
2,5,14,3,4586.324,4 0,North,3,4,22
2,5,14,2,4587.053,4 0,North,3,4,23
2,5,14,3,4587.679,4 0,East,3,4,23
2,5,14,2,4588.356,4 1,East,3,4,23
2,5,14,1,4589.073,4 1,North,3,4,23
2,5,14,2,4589.68,4 1,North,3,4,24
2,5,14,1,4590.341,4 1,West,3,4,24
2,5,14,2,4590.948,4 0,West,3,4,24
2,5,14,3,4591.502,4 0,North,3,4,24
2,5,14,3,4592.376,4 0,East,3,4,24
2,5,14,2,4593.069,4 1,East,3,4,24
2,5,14,2,4593.669,4 2,East,3,4,24
2,5,14,1,4594.272,4 2,North,3,4,24
2,5,14,2,4594.864,3 2,North,3,4,24
2,5,14,1,4595.405,3 2,West,3,4,24
2,5,14,2,4595.968,3 1,West,3,4,24
2,5,14,3,4596.927,3 1,North,3,4,24
2,5,14,1,4597.732,3 1,West,3,4,24
2,5,14,2,4598.257,3 0,West,3,4,24
2,5,14,3,4599.074,3 0,North,3,4,24
2,5,14,2,4599.696,2 0,North,3,4,24
2,5,14,2,4600.306,1 0,North,3,4,24
2,5,14,2,4600.884,1 0,North,3,4,25
2,5,14,3,4601.484,1 0,East,3,4,25
2,5,14,2,4602.064,1 1,East,3,4,25
2,5,14,1,4602.7,1 1,North,3,4,25
2,5,14,2,4603.359,1 1,North,3,4,26
2,5,14,3,4603.974,1 1,East,3,4,26
2,5,14,2,4604.575,1 1,East,3,4,27
2,5,14,3,4605.537,1 1,South,3,4,27
2,5,14,2,4606.189,2 1,South,3,4,27
2,5,14,1,4606.799,2 1,East,3,4,27
2,5,14,2,4607.377,2 2,East,3,4,27
2,5,14,1,4607.969,2 2,North,3,4,27
2,5,14,2,4608.5,1 2,North,3,4,27
2,5,14,2,4609.101,0 2,North,3,4,27
2,5,14,1,4609.634,0 2,West,3,4,27
2,5,14,2,4610.179,0 1,West,3,4,27
2,5,14,2,4610.772,0 0,West,3,4,27
2,5,14,6,4611.18,0 0,West,3,5,27
2,5,14,1,4611.405,0 0,South,3,5,27
2,5,14,1,4612.084,0 0,East,3,5,27
2,5,14,2,4612.673,0 1,East,3,5,27
2,5,14,2,4613.199,0 2,East,3,5,27
2,5,14,2,4613.763,0 2,East,3,5,28
2,5,14,3,4614.321,0 2,South,3,5,28
2,5,14,2,4614.981,1 2,South,3,5,28
2,5,14,2,4615.652,2 2,South,3,5,28
2,5,14,2,4616.354,2 2,South,3,5,29
2,5,14,3,4616.831,2 2,West,3,5,29
2,5,14,2,4617.446,2 1,West,3,5,29
2,5,14,1,4618.015,2 1,South,3,5,29
2,5,14,2,4618.661,2 1,South,3,5,30
2,5,14,1,4619.292,2 1,East,3,5,30
2,5,14,2,4619.809,2 2,East,3,5,30
2,5,14,3,4620.789,2 2,South,3,5,30
2,5,14,1,4621.502,2 2,East,3,5,30
2,5,14,2,4622.094,2 2,East,3,5,31
2,5,14,1,4622.934,2 2,North,3,5,31
2,5,14,2,4623.571,1 2,North,3,5,31
2,5,14,3,4624.112,1 2,East,3,5,31
2,5,14,2,4624.723,1 2,East,3,5,32
2,5,14,1,4625.376,1 2,North,3,5,32
2,5,14,2,4626.052,0 2,North,3,5,32
2,5,14,3,4626.66,0 2,East,3,5,32
2,5,14,2,4627.311,0 2,East,3,5,33
2,5,14,1,4627.948,0 2,North,3,5,33
2,5,14,1,4628.513,0 2,West,3,5,33
2,5,14,2,4629.229,0 1,West,3,5,33
2,5,14,1,4629.916,0 1,South,3,5,33
2,5,14,2,4631.158,0 1,South,3,5,34
2,5,14,3,4631.693,0 1,West,3,5,34
2,5,14,2,4632.316,0 0,West,3,5,34
2,5,14,1,4632.829,0 0,South,3,5,34
2,5,14,2,4633.343,0 0,South,3,5,35
2,5,14,1,4633.919,0 0,East,3,5,35
2,5,14,2,4634.575,0 1,East,3,5,35
2,5,14,2,4635.3,0 2,East,3,5,35
2,5,14,3,4636.112,0 2,South,3,5,35
2,5,14,2,4636.801,1 2,South,3,5,35
2,5,14,2,4637.538,2 2,South,3,5,35
2,5,14,2,4638.239,2 2,South,3,5,36
2,5,14,1,4638.686,2 2,East,3,5,36
2,5,14,2,4639.38,2 2,East,3,5,37
2,5,14,1,4640.029,2 2,North,3,5,37
2,5,14,2,4640.637,1 2,North,3,5,37
2,5,14,3,4641.2,1 2,East,3,5,37
2,5,14,2,4641.822,1 2,East,3,5,38
2,5,14,1,4642.417,1 2,North,3,5,38
2,5,14,2,4643.101,0 2,North,3,5,38
2,5,14,3,4643.669,0 2,East,3,5,38
2,5,14,2,4644.285,0 2,East,3,5,39
2,5,14,1,4644.93,0 2,North,3,5,39
2,5,14,1,4645.762,0 2,West,3,5,39
2,5,14,2,4646.384,0 1,West,3,5,39
2,5,14,2,4647.024,0 0,West,3,5,39
2,5,14,1,4647.557,0 0,South,3,5,39
2,5,14,2,4648.207,0 0,South,3,5,40
2,5,14,1,4648.757,0 0,East,3,5,40
2,5,14,2,4649.373,0 1,East,3,5,40
2,5,14,3,4650.113,0 1,South,3,5,40
2,5,14,2,4650.709,0 1,South,3,5,41
2,5,14,1,4651.214,0 1,East,3,5,41
2,5,14,2,4651.889,0 2,East,3,5,41
2,5,14,2,4652.595,0 2,East,3,5,42
2,5,14,3,4653.247,0 2,South,3,5,42
2,5,14,2,4653.854,1 2,South,3,5,42
2,5,14,2,4654.609,2 2,South,3,5,42
2,5,14,2,4655.411,2 2,South,3,5,43
2,5,14,1,4655.812,2 2,East,3,5,43
2,5,14,2,4656.382,2 2,East,3,5,44
2,5,14,1,4656.9,2 2,North,3,5,44
2,5,14,2,4657.507,1 2,North,3,5,44
2,5,14,3,4658.079,1 2,East,3,5,44
2,5,14,2,4658.678,1 2,East,3,5,45
2,5,14,1,4659.203,1 2,North,3,5,45
2,5,14,2,4659.857,0 2,North,3,5,45
2,5,14,3,4660.398,0 2,East,3,5,45
2,5,14,2,4660.992,0 2,East,3,5,46
2,5,14,3,4661.614,0 2,South,3,5,46
2,5,14,3,4662.189,0 2,West,3,5,46
2,5,14,1,4662.801,0 2,South,3,5,46
2,5,14,3,4663.504,0 2,West,3,5,46
2,5,14,2,4664.19,0 1,West,3,5,46
2,5,14,2,4664.927,0 0,West,3,5,46
2,5,14,1,4665.472,0 0,South,3,5,46
2,5,14,2,4666.16,0 0,South,3,5,47
2,5,14,1,4666.737,0 0,East,3,5,47
2,5,14,2,4667.405,0 1,East,3,5,47
2,5,14,3,4668.063,0 1,South,3,5,47
2,5,14,2,4668.736,0 1,South,3,5,48
2,5,14,1,4669.251,0 1,East,3,5,48
2,5,14,2,4669.9,0 2,East,3,5,48
2,5,14,3,4671.056,0 2,South,3,5,48
2,5,14,2,4671.74,1 2,South,3,5,48
2,5,14,1,4672.578,1 2,East,3,5,48
2,5,14,3,4673.197,1 2,South,3,5,48
2,5,14,2,4674.018,2 2,South,3,5,48
2,5,14,2,4674.844,2 2,South,3,5,49
2,5,14,3,4675.22,2 2,West,3,5,49
2,5,14,2,4675.965,2 1,West,3,5,49
2,5,14,1,4676.499,2 1,South,3,5,49
2,5,14,2,4677.165,2 1,South,3,5,50
2,5,14,1,4677.728,2 1,East,3,5,50
2,5,14,2,4678.365,2 2,East,3,5,50
2,5,14,2,4679.056,2 2,East,3,5,51
2,5,14,1,4679.82,2 2,North,3,5,51
2,5,14,2,4680.448,1 2,North,3,5,51
2,5,14,3,4681.089,1 2,East,3,5,51
2,5,14,2,4681.748,1 2,East,3,5,52
2,5,14,1,4682.301,1 2,North,3,5,52
2,5,14,2,4682.924,0 2,North,3,5,52
2,5,14,3,4683.484,0 2,East,3,5,52
2,5,14,2,4684.061,0 2,East,3,5,53
2,5,14,3,4684.736,0 2,South,3,5,53
2,5,14,2,4685.733,1 2,South,3,5,53
2,5,14,2,4686.461,2 2,South,3,5,53
2,5,14,2,4687.185,2 2,South,3,5,54
2,5,14,1,4687.729,2 2,East,3,5,54
2,5,14,2,4688.416,2 2,East,3,5,55
2,5,14,1,4688.895,2 2,North,3,5,55
2,5,14,2,4689.508,1 2,North,3,5,55
2,5,14,3,4690.499,1 2,East,3,5,55
2,5,14,2,4691.087,1 2,East,3,5,56
2,5,14,1,4691.661,1 2,North,3,5,56
2,5,14,2,4692.342,0 2,North,3,5,56
2,5,14,3,4692.898,0 2,East,3,5,56
2,5,14,2,4693.503,0 2,East,3,5,57
2,5,14,3,4694.112,0 2,South,3,5,57
2,5,14,2,4694.719,1 2,South,3,5,57
2,5,14,1,4695.438,1 2,East,3,5,57
2,5,14,1,4696.037,1 2,North,3,5,57
2,5,14,2,4696.581,0 2,North,3,5,57
2,5,14,2,4697.501,0 2,North,3,5,57
2,5,14,1,4697.869,0 2,West,3,5,57
2,5,14,2,4698.452,0 1,West,3,5,57
2,5,14,1,4699.056,0 1,South,3,5,57
2,5,14,2,4699.647,0 1,South,3,5,58
2,5,14,1,4700.229,0 1,East,3,5,58
2,5,14,3,4700.898,0 1,South,3,5,58
2,5,14,3,4701.455,0 1,West,3,5,58
2,5,14,2,4702.097,0 0,West,3,5,58
2,5,14,1,4702.611,0 0,South,3,5,58
2,5,14,2,4703.472,0 0,South,3,5,59
2,5,14,1,4704.127,0 0,East,3,5,59
2,5,14,2,4704.804,0 1,East,3,5,59
2,5,14,2,4705.395,0 2,East,3,5,59
2,5,14,2,4706.32,0 2,East,3,5,60
2,5,14,2,4706.813,0 2,East,3,5,61
2,5,14,3,4707.286,0 2,South,3,5,61
2,5,14,2,4708.356,1 2,South,3,5,61
2,5,14,2,4709.15,2 2,South,3,5,61
2,5,14,2,4710.481,2 2,South,3,5,62
2,5,14,3,4710.932,2 2,West,3,5,62
2,5,14,2,4711.841,2 1,West,3,5,62
2,5,14,2,4712.531,2 1,West,3,5,63
2,5,14,1,4713.02,2 1,South,3,5,63
2,5,14,2,4713.603,2 1,South,3,5,64
2,5,14,1,4714.278,2 1,East,3,5,64
2,5,14,2,4714.893,2 2,East,3,5,64
2,5,14,2,4715.683,2 2,East,3,5,65
2,5,14,1,4716.419,2 2,North,3,5,65
2,5,14,2,4717.134,1 2,North,3,5,65
2,5,14,3,4717.793,1 2,East,3,5,65
2,5,14,2,4718.498,1 2,East,3,5,66
2,5,14,3,4719.235,1 2,South,3,5,66
2,5,14,2,4720.269,2 2,South,3,5,66
2,5,14,2,4721.134,2 2,South,3,5,67
2,5,14,2,4721.996,2 2,South,3,5,68
2,5,14,3,4724.348,2 2,West,3,5,68
2,5,14,2,4726.354,2 1,West,3,5,68
2,5,14,2,4727.182,2 1,West,3,5,69
2,5,14,1,4727.793,2 1,South,3,5,69
2,5,14,2,4728.869,2 1,South,3,5,70
2,5,14,1,4729.397,2 1,East,3,5,70
2,5,14,2,4730.029,2 2,East,3,5,70
2,5,14,2,4730.771,2 2,East,3,5,71
2,5,14,1,4731.395,2 2,North,3,5,71
2,5,14,2,4732.001,1 2,North,3,5,71
2,5,14,3,4732.574,1 2,East,3,5,71
2,5,14,2,4733.279,1 2,East,3,5,72
2,5,14,1,4733.825,1 2,North,3,5,72
2,5,14,2,4734.482,0 2,North,3,5,72
2,5,14,3,4735.013,0 2,East,3,5,72
2,5,14,2,4735.598,0 2,East,3,5,73
2,5,14,3,4736.366,0 2,South,3,5,73
2,5,14,3,4737.981,0 2,West,3,5,73
2,5,14,2,4739.381,0 1,West,3,5,73
2,5,14,2,4740.333,0 0,West,3,5,73
2,5,14,1,4741.014,0 0,South,3,5,73
2,5,14,2,4741.666,0 0,South,3,5,74
2,5,14,1,4742.797,0 0,East,3,5,74
2,5,14,2,4743.645,0 1,East,3,5,74
2,5,14,3,4744.274,0 1,South,3,5,74
2,5,14,2,4744.929,0 1,South,3,5,75
2,5,14,1,4745.506,0 1,East,3,5,75
2,5,14,2,4746.146,0 2,East,3,5,75
2,5,14,3,4746.881,0 2,South,3,5,75
2,5,14,2,4747.582,1 2,South,3,5,75
2,5,14,2,4748.576,2 2,South,3,5,75
2,5,14,2,4749.437,2 2,South,3,5,76
2,5,14,1,4766.341,2 2,East,3,5,76
2,5,14,2,4768.065,2 2,East,3,5,77
2,5,14,1,4768.741,2 2,North,3,5,77
2,5,14,2,4769.406,1 2,North,3,5,77
2,5,14,3,4770.336,1 2,East,3,5,77
2,5,14,2,4771.092,1 2,East,3,5,78
2,5,14,3,4771.665,1 2,South,3,5,78
2,5,14,2,4772.285,2 2,South,3,5,78
2,5,14,2,4772.948,2 2,South,3,5,79
2,5,14,3,4773.358,2 2,West,3,5,79
2,5,14,2,4774.002,2 1,West,3,5,79
2,5,14,1,4774.575,2 1,South,3,5,79
2,5,14,2,4775.199,2 1,South,3,5,80
2,5,14,3,4775.859,2 1,West,3,5,80
2,5,14,2,4776.563,2 1,West,3,5,81
2,5,14,3,4778.189,2 1,North,3,5,81
2,5,14,3,4779.318,2 1,East,3,5,81
2,5,14,3,4780.708,2 1,South,3,5,81
2,5,14,3,4784.591,2 1,West,3,5,81
2,5,14,1,4785.22,2 1,South,3,5,81
2,5,14,2,4785.971,2 1,South,3,5,82
2,5,14,3,4786.622,2 1,West,3,5,82
2,5,14,2,4787.27,2 1,West,3,5,83
2,5,14,1,4787.789,2 1,South,3,5,83
2,5,14,2,4788.39,2 1,South,3,5,84
2,5,14,1,4788.878,2 1,East,3,5,84
2,5,14,2,4789.42,2 2,East,3,5,84
2,5,14,2,4790.684,2 2,East,3,5,85
2,5,14,3,4791.17,2 2,South,3,5,85
2,5,14,2,4792.796,2 2,South,3,5,86
2,5,14,3,4795.877,2 2,West,3,5,86
2,5,14,2,4797.349,2 1,West,3,5,86
2,5,14,2,4797.998,2 1,West,3,5,87
2,5,14,1,4798.476,2 1,South,3,5,87
2,5,14,2,4799.107,2 1,South,3,5,88
2,5,14,3,4799.75,2 1,West,3,5,88
2,5,14,3,4800.579,2 1,North,3,5,88
2,5,14,2,4801.188,1 1,North,3,5,88
2,5,14,1,4802.114,1 1,West,3,5,88
2,5,14,2,4805.68,1 0,West,3,5,88
2,5,14,1,4806.308,1 0,South,3,5,88
2,5,14,2,4807.262,2 0,South,3,5,88
2,5,14,1,4807.902,2 0,East,3,5,88
2,5,14,3,4808.573,2 0,South,3,5,88
2,5,14,2,4809.44,3 0,South,3,5,88
2,5,14,1,4810.321,3 0,East,3,5,88
2,5,14,2,4810.946,3 1,East,3,5,88
2,5,14,2,4811.646,3 2,East,3,5,88
2,5,14,6,4812.06,3 2,East,3,6,88
2,5,14,3,4813.389,3 2,South,3,6,88
2,5,14,3,4814.143,3 2,West,3,6,88
2,5,14,3,4814.799,3 2,North,3,6,88
2,5,14,2,4817.037,3 2,North,3,6,89
2,5,14,3,4817.57,3 2,East,3,6,89
2,5,14,2,4819.43,3 2,East,3,6,90
2,5,14,3,4820.082,3 2,South,3,6,90
2,5,14,2,4820.749,4 2,South,3,6,90
2,5,14,1,4821.262,4 2,East,3,6,90
2,5,14,2,4823.117,4 3,East,3,6,90
2,5,14,2,4823.856,4 4,East,3,6,90
2,5,14,1,4824.421,4 4,North,3,6,90
2,5,14,2,4825.132,3 4,North,3,6,90
2,5,14,2,4825.839,3 4,North,3,6,91
2,5,14,1,4826.34,3 4,West,3,6,91
2,5,14,2,4827.14,3 3,West,3,6,91
2,5,14,3,4827.843,3 3,North,3,6,91
2,5,14,2,4828.451,2 3,North,3,6,91
2,5,14,2,4829.249,1 3,North,3,6,91
2,5,14,2,4830.098,0 3,North,3,6,91
2,5,14,6,4830.48,0 3,North,3,7,91
2,5,14,3,4830.69,0 3,East,3,7,91
2,5,14,3,4831.471,0 3,South,3,7,91
2,5,14,3,4832.126,0 3,West,3,7,91
2,5,14,2,4833.63,0 3,West,3,7,92
2,5,14,1,4834.245,0 3,South,3,7,92
2,5,14,2,4834.834,1 3,South,3,7,92
2,5,14,2,4835.553,2 3,South,3,7,92
2,5,14,2,4836.274,3 3,South,3,7,92
2,5,14,2,4836.959,3 3,South,3,7,93
2,5,14,3,4837.373,3 3,West,3,7,93
2,5,14,2,4837.967,3 3,West,3,7,94
2,5,14,3,4841.982,3 3,North,3,7,94
2,5,14,2,4842.559,2 3,North,3,7,94
2,5,14,1,4844.148,2 3,West,3,7,94
2,5,14,2,4844.754,2 3,West,3,7,95
2,5,14,1,4845.298,2 3,South,3,7,95
2,5,14,1,4845.84,2 3,East,3,7,95
2,5,14,2,4846.374,2 3,East,3,7,96
2,5,14,1,4847.136,2 3,North,3,7,96
2,5,14,2,4847.718,1 3,North,3,7,96
2,5,14,2,4848.26,0 3,North,3,7,96
2,5,14,3,4849.157,0 3,East,3,7,96
2,5,14,2,4849.859,0 4,East,3,7,96
2,5,14,3,4850.576,0 4,South,3,7,96
2,5,14,2,4852.113,1 4,South,3,7,96
2,5,14,2,4852.733,2 4,South,3,7,96
2,5,14,3,4854.259,2 4,West,3,7,96
2,5,14,1,4854.943,2 4,South,3,7,96
2,5,14,2,4855.598,2 4,South,3,7,97
2,5,14,3,4856.05,2 4,West,3,7,97
2,5,14,2,4857.119,2 4,West,3,7,98
2,5,14,1,4858.255,2 4,South,3,7,98
2,5,14,2,4859.119,2 4,South,3,7,99
2,5,14,3,4859.535,2 4,West,3,7,99
2,5,14,3,4860.096,2 4,North,3,7,99
2,5,14,2,4860.897,1 4,North,3,7,99
2,5,14,1,4861.442,1 4,West,3,7,99
2,5,14,2,4862.148,1 4,West,3,7,100
2,5,14,1,4862.818,1 4,South,3,7,100
2,5,14,3,4863.806,1 4,West,3,7,100
2,5,14,3,4864.415,1 4,North,3,7,100
2,5,14,2,4865.074,0 4,North,3,7,100
2,5,14,1,4865.744,0 4,West,3,7,100
2,5,14,2,4866.469,0 3,West,3,7,100
2,5,14,1,4868.835,0 3,South,3,7,100
2,5,14,2,4869.488,1 3,South,3,7,100
2,5,14,2,4870.16,2 3,South,3,7,100
2,5,14,2,4870.831,3 3,South,3,7,100
2,5,14,2,4871.536,3 3,South,3,7,101
2,5,14,3,4871.949,3 3,West,3,7,101
2,5,14,2,4872.58,3 3,West,3,7,102
2,5,14,3,4873.581,3 3,North,3,7,102
2,5,14,2,4874.245,2 3,North,3,7,102
2,5,14,1,4874.948,2 3,West,3,7,102
2,5,14,2,4875.633,2 3,West,3,7,103
2,5,14,3,4876.16,2 3,North,3,7,103
2,5,14,2,4876.797,1 3,North,3,7,103
2,5,14,1,4877.396,1 3,West,3,7,103
2,5,14,2,4878.099,1 3,West,3,7,104
2,5,14,3,4878.671,1 3,North,3,7,104
2,5,14,2,4879.38,0 3,North,3,7,104
2,5,14,1,4879.968,0 3,West,3,7,104
2,5,14,2,4880.597,0 3,West,3,7,105
2,5,14,1,4881.104,0 3,South,3,7,105
2,5,14,2,4881.732,1 3,South,3,7,105
2,5,14,2,4882.383,2 3,South,3,7,105
2,5,14,2,4883.569,3 3,South,3,7,105
2,5,14,2,4884.512,3 3,South,3,7,106
2,5,14,3,4884.916,3 3,West,3,7,106
2,5,14,2,4885.573,3 3,West,3,7,107
2,5,14,1,4885.985,3 3,South,3,7,107
2,5,14,1,4887.31,3 3,East,3,7,107
2,5,14,2,4888.224,3 4,East,3,7,107
2,5,14,3,4888.848,3 4,South,3,7,107
2,5,14,2,4889.685,4 4,South,3,7,107
2,5,14,3,4890.515,4 4,West,3,7,107
2,5,14,2,4891.06,4 3,West,3,7,107
2,5,14,2,4891.66,4 2,West,3,7,107
2,5,14,2,4892.291,4 1,West,3,7,107
2,5,14,2,4892.883,4 0,West,3,7,107
2,5,14,6,4893.3,4 0,West,3,8,107
1,5,15,1,4935.615,4 3,North,3,0,107
1,5,15,1,4936.412,4 2,North,3,0,107
1,5,15,2,4937.037,3 2,North,3,0,107
1,5,15,6,4937.42,3 2,North,3,1,107
1,5,15,4,4937.92,4 2,North,3,1,107
1,5,15,4,4938.449,4 2,North,3,1,107
1,5,15,3,4938.766,4 3,North,3,1,107
1,5,15,3,4941.551,4 4,North,3,1,107
1,5,15,2,4942.275,3 4,North,3,1,107
1,5,15,1,4942.895,3 3,North,3,1,107
1,5,15,2,4943.597,2 3,North,3,1,107
1,5,15,2,4944.257,1 3,North,3,1,107
1,5,15,2,4944.93,0 3,North,3,1,107
1,5,15,3,4945.474,0 4,North,3,1,107
1,5,15,4,4946.082,1 4,North,3,1,107
1,5,15,6,4946.44,1 4,North,3,2,107
1,5,15,2,4946.701,0 4,North,3,2,107
1,5,15,1,4947.232,0 3,North,3,2,107
1,5,15,4,4947.757,1 3,North,3,2,107
1,5,15,4,4948.355,2 3,North,3,2,107
1,5,15,4,4948.88,3 3,North,3,2,107
1,5,15,3,4949.953,3 4,North,3,2,107
1,5,15,4,4950.478,4 4,North,3,2,107
1,5,15,1,4951.487,4 3,North,3,2,107
1,5,15,1,4952.078,4 2,North,3,2,107
1,5,15,2,4953.025,3 2,North,3,2,107
1,5,15,1,4953.632,3 1,North,3,2,107
1,5,15,1,4954.144,3 0,North,3,2,107
1,5,15,1,4954.661,3 0,North,3,2,107
1,5,15,2,4955.042,2 0,North,3,2,107
1,5,15,6,4955.42,2 0,North,3,3,107
1,5,15,4,4958.465,3 0,North,3,3,107
1,5,15,3,4958.992,3 1,North,3,3,107
1,5,15,3,4959.587,3 2,North,3,3,107
1,5,15,4,4960.414,4 2,North,3,3,107
1,5,15,3,4961.013,4 3,North,3,3,107
1,5,15,3,4961.648,4 4,North,3,3,107
1,5,15,2,4962.382,3 4,North,3,3,107
1,5,15,6,4962.76,3 4,North,3,4,107
1,5,15,4,4968.707,4 4,North,3,4,107
1,5,15,1,4969.26,4 3,North,3,4,107
1,5,15,1,4969.968,4 2,North,3,4,107
1,5,15,2,4970.705,3 2,North,3,4,107
1,5,15,1,4971.248,3 1,North,3,4,107
1,5,15,1,4971.838,3 0,North,3,4,107
1,5,15,2,4972.356,2 0,North,3,4,107
1,5,15,2,4972.926,1 0,North,3,4,107
1,5,15,3,4973.925,1 1,North,3,4,107
1,5,15,4,4974.495,2 1,North,3,4,107
1,5,15,3,4975.085,2 2,North,3,4,107
1,5,15,6,4975.5,2 2,North,3,5,107
1,5,15,2,4978.611,1 2,North,3,5,107
1,5,15,2,4979.229,0 2,North,3,5,107
1,5,15,1,4979.829,0 1,North,3,5,107
1,5,15,1,4980.436,0 0,North,3,5,107
1,5,15,6,4980.84,0 0,North,3,6,107
1,5,15,3,4981.891,0 1,North,3,6,107
1,5,15,3,4982.528,0 2,North,3,6,107
1,5,15,4,4983.09,1 2,North,3,6,107
1,5,15,4,4984.019,2 2,North,3,6,107
1,5,15,1,4984.644,2 1,North,3,6,107
1,5,15,6,4985.04,2 1,North,3,7,107
1,5,15,1,4990.226,2 1,North,3,7,107
1,5,15,2,4990.578,1 1,North,3,7,107
1,5,15,1,4991.107,1 0,North,3,7,107
1,5,15,4,4991.837,2 0,North,3,7,107
1,5,15,4,4992.478,3 0,North,3,7,107
1,5,15,6,4992.84,3 0,North,3,8,107
2,5,15,1,5003.157,4 4,West,3,0,0
2,5,15,2,5004.166,4 3,West,3,0,0
2,5,15,2,5004.835,4 2,West,3,0,0
2,5,15,3,5005.617,4 2,North,3,0,0
2,5,15,2,5006.477,3 2,North,3,0,0
2,5,15,2,5008.178,3 2,North,3,0,1
2,5,15,1,5008.686,3 2,West,3,0,1
2,5,15,2,5009.581,3 1,West,3,0,1
2,5,15,3,5010.125,3 1,North,3,0,1
2,5,15,2,5010.821,3 1,North,3,0,2
2,5,15,1,5011.327,3 1,West,3,0,2
2,5,15,3,5015.393,3 1,North,3,0,2
2,5,15,3,5017.731,3 1,East,3,0,2
2,5,15,2,5018.546,3 2,East,3,0,2
2,5,15,2,5020.095,3 2,East,3,0,3
2,5,15,3,5020.738,3 2,South,3,0,3
2,5,15,2,5021.314,4 2,South,3,0,3
2,5,15,1,5021.836,4 2,East,3,0,3
2,5,15,2,5022.401,4 3,East,3,0,3
2,5,15,2,5023.121,4 4,East,3,0,3
2,5,15,1,5023.732,4 4,North,3,0,3
2,5,15,1,5024.976,4 4,West,3,0,3
2,5,15,2,5029.341,4 3,West,3,0,3
2,5,15,2,5030.59,4 2,West,3,0,3
2,5,15,2,5031.892,4 1,West,3,0,3
2,5,15,3,5032.707,4 1,North,3,0,3
2,5,15,2,5033.375,4 1,North,3,0,4
2,5,15,1,5033.999,4 1,West,3,0,4
2,5,15,3,5035.89,4 1,North,3,0,4
2,5,15,2,5037.202,4 1,North,3,0,5
2,5,15,3,5037.875,4 1,East,3,0,5
2,5,15,2,5038.799,4 2,East,3,0,5
2,5,15,1,5039.381,4 2,North,3,0,5
2,5,15,2,5044.158,3 2,North,3,0,5
2,5,15,2,5044.99,3 2,North,3,0,6
2,5,15,1,5045.603,3 2,West,3,0,6
2,5,15,2,5046.548,3 1,West,3,0,6
2,5,15,3,5047.188,3 1,North,3,0,6
2,5,15,2,5047.861,3 1,North,3,0,7
2,5,15,1,5048.321,3 1,West,3,0,7
2,5,15,2,5051.202,3 0,West,3,0,7
2,5,15,3,5052.158,3 0,North,3,0,7
2,5,15,2,5052.723,2 0,North,3,0,7
2,5,15,3,5053.487,2 0,East,3,0,7
2,5,15,2,5054.227,2 0,East,3,0,8
2,5,15,1,5054.782,2 0,North,3,0,8
2,5,15,2,5056.625,1 0,North,3,0,8
2,5,15,3,5057.265,1 0,East,3,0,8
2,5,15,2,5058.129,1 1,East,3,0,8
2,5,15,3,5058.847,1 1,South,3,0,8
2,5,15,2,5059.588,2 1,South,3,0,8
2,5,15,6,5059.98,2 1,South,3,1,8
2,5,15,1,5063.153,2 1,East,3,1,8
2,5,15,2,5068.774,2 2,East,3,1,8
2,5,15,3,5069.438,2 2,South,3,1,8
2,5,15,2,5070.226,2 2,South,3,1,9
2,5,15,3,5070.798,2 2,West,3,1,9
2,5,15,2,5071.394,2 1,West,3,1,9
2,5,15,1,5072.336,2 1,South,3,1,9
2,5,15,2,5073.123,2 1,South,3,1,10
2,5,15,3,5073.743,2 1,West,3,1,10
2,5,15,2,5074.35,2 1,West,3,1,11
2,5,15,2,5074.896,2 1,West,3,1,12
2,5,15,3,5075.233,2 1,North,3,1,12
2,5,15,2,5075.846,1 1,North,3,1,12
2,5,15,1,5076.772,1 1,West,3,1,12
2,5,15,2,5077.412,1 0,West,3,1,12
2,5,15,1,5078.225,1 0,South,3,1,12
2,5,15,2,5078.78,2 0,South,3,1,12
2,5,15,2,5079.42,3 0,South,3,1,12
2,5,15,1,5079.966,3 0,East,3,1,12
2,5,15,2,5080.621,3 1,East,3,1,12
2,5,15,2,5081.362,3 2,East,3,1,12
2,5,15,6,5081.76,3 2,East,3,2,12
2,5,15,1,5082.277,3 2,North,3,2,12
2,5,15,1,5082.878,3 2,West,3,2,12
2,5,15,2,5083.469,3 1,West,3,2,12
2,5,15,2,5084.196,3 0,West,3,2,12
2,5,15,3,5084.721,3 0,North,3,2,12
2,5,15,2,5085.373,2 0,North,3,2,12
2,5,15,6,5085.76,2 0,North,3,3,12
2,5,15,3,5085.923,2 0,East,3,3,12
2,5,15,1,5089.269,2 0,North,3,3,12
2,5,15,2,5091.024,1 0,North,3,3,12
2,5,15,2,5092.18,1 0,North,3,3,13
2,5,15,3,5092.974,1 0,East,3,3,13
2,5,15,2,5093.556,1 1,East,3,3,13
2,5,15,2,5094.161,1 1,East,3,3,14
2,5,15,1,5094.639,1 1,North,3,3,14
2,5,15,2,5095.23,1 1,North,3,3,15
2,5,15,3,5095.713,1 1,East,3,3,15
2,5,15,3,5096.239,1 1,South,3,3,15
2,5,15,2,5096.75,2 1,South,3,3,15
2,5,15,1,5097.709,2 1,East,3,3,15
2,5,15,2,5098.278,2 2,East,3,3,15
2,5,15,1,5098.845,2 2,North,3,3,15
2,5,15,2,5099.429,1 2,North,3,3,15
2,5,15,2,5100.114,0 2,North,3,3,15
2,5,15,6,5100.5,0 2,North,3,4,15
2,5,15,3,5100.765,0 2,East,3,4,15
2,5,15,3,5101.443,0 2,South,3,4,15
2,5,15,2,5102.052,1 2,South,3,4,15
2,5,15,2,5102.716,2 2,South,3,4,15
2,5,15,1,5103.236,2 2,East,3,4,15
2,5,15,2,5103.918,2 2,East,3,4,16
2,5,15,3,5104.415,2 2,South,3,4,16
2,5,15,1,5105.004,2 2,East,3,4,16
2,5,15,1,5105.548,2 2,North,3,4,16
2,5,15,2,5106.166,1 2,North,3,4,16
2,5,15,3,5107.041,1 2,East,3,4,16
2,5,15,2,5107.734,1 2,East,3,4,17
2,5,15,1,5108.289,1 2,North,3,4,17
2,5,15,2,5108.834,0 2,North,3,4,17
2,5,15,3,5109.73,0 2,East,3,4,17
2,5,15,2,5110.304,0 2,East,3,4,18
2,5,15,3,5111.061,0 2,South,3,4,18
2,5,15,2,5111.681,1 2,South,3,4,18
2,5,15,2,5112.542,2 2,South,3,4,18
2,5,15,2,5113.26,2 2,South,3,4,19
2,5,15,1,5113.84,2 2,East,3,4,19
2,5,15,2,5114.4,2 2,East,3,4,20
2,5,15,3,5114.868,2 2,South,3,4,20
2,5,15,3,5115.63,2 2,West,3,4,20
2,5,15,2,5116.226,2 1,West,3,4,20
2,5,15,1,5117.06,2 1,South,3,4,20
2,5,15,2,5117.63,2 1,South,3,4,21
2,5,15,3,5118.258,2 1,West,3,4,21
2,5,15,2,5118.878,2 1,West,3,4,22
2,5,15,3,5119.469,2 1,North,3,4,22
2,5,15,2,5120.001,1 1,North,3,4,22
2,5,15,1,5120.533,1 1,West,3,4,22
2,5,15,2,5121.076,1 0,West,3,4,22
2,5,15,1,5121.983,1 0,South,3,4,22
2,5,15,2,5122.563,2 0,South,3,4,22
2,5,15,2,5123.429,3 0,South,3,4,22
2,5,15,2,5124.084,3 0,South,3,4,23
2,5,15,1,5124.566,3 0,East,3,4,23
2,5,15,2,5125.132,3 1,East,3,4,23
2,5,15,2,5125.87,3 2,East,3,4,23
2,5,15,2,5126.559,3 2,East,3,4,24
2,5,15,1,5126.988,3 2,North,3,4,24
2,5,15,2,5128.032,3 2,North,3,4,25
2,5,15,3,5128.517,3 2,East,3,4,25
2,5,15,3,5129.104,3 2,South,3,4,25
2,5,15,2,5129.998,4 2,South,3,4,25
2,5,15,1,5130.731,4 2,East,3,4,25
2,5,15,2,5131.389,4 3,East,3,4,25
2,5,15,2,5132.068,4 4,East,3,4,25
2,5,15,1,5133.037,4 4,North,3,4,25
2,5,15,2,5133.894,3 4,North,3,4,25
2,5,15,2,5134.483,3 4,North,3,4,26
2,5,15,1,5135.055,3 4,West,3,4,26
2,5,15,2,5135.683,3 3,West,3,4,26
2,5,15,3,5136.224,3 3,North,3,4,26
2,5,15,2,5136.941,2 3,North,3,4,26
2,5,15,6,5137.32,2 3,North,3,5,26
2,5,15,3,5138.717,2 3,East,3,5,26
2,5,15,3,5139.404,2 3,South,3,5,26
2,5,15,2,5139.965,3 3,South,3,5,26
2,5,15,2,5140.642,3 3,South,3,5,27
2,5,15,1,5141.087,3 3,East,3,5,27
2,5,15,2,5141.597,3 4,East,3,5,27
2,5,15,1,5142.158,3 4,North,3,5,27
2,5,15,2,5142.733,3 4,North,3,5,28
2,5,15,1,5143.281,3 4,West,3,5,28
2,5,15,2,5143.889,3 3,West,3,5,28
2,5,15,3,5144.543,3 3,North,3,5,28
2,5,15,2,5145.202,2 3,North,3,5,28
2,5,15,2,5145.97,1 3,North,3,5,28
2,5,15,2,5146.705,0 3,North,3,5,28
2,5,15,3,5147.217,0 3,East,3,5,28
2,5,15,2,5147.873,0 4,East,3,5,28
2,5,15,6,5148.28,0 4,East,3,6,28
2,5,15,3,5148.604,0 4,South,3,6,28
2,5,15,3,5149.266,0 4,West,3,6,28
2,5,15,2,5149.903,0 3,West,3,6,28
2,5,15,2,5150.579,0 3,West,3,6,29
2,5,15,1,5151.137,0 3,South,3,6,29
2,5,15,2,5151.71,1 3,South,3,6,29
2,5,15,2,5152.401,2 3,South,3,6,29
2,5,15,3,5152.916,2 3,West,3,6,29
2,5,15,2,5153.634,2 3,West,3,6,30
2,5,15,1,5154.177,2 3,South,3,6,30
2,5,15,2,5154.79,3 3,South,3,6,30
2,5,15,3,5155.341,3 3,West,3,6,30
2,5,15,2,5155.989,3 3,West,3,6,31
2,5,15,3,5156.495,3 3,North,3,6,31
2,5,15,3,5157.151,3 3,East,3,6,31
2,5,15,1,5158.003,3 3,North,3,6,31
2,5,15,2,5158.624,2 3,North,3,6,31
2,5,15,2,5159.299,1 3,North,3,6,31
2,5,15,1,5159.841,1 3,West,3,6,31
2,5,15,2,5160.45,1 3,West,3,6,32
2,5,15,1,5161.043,1 3,South,3,6,32
2,5,15,2,5161.65,2 3,South,3,6,32
2,5,15,3,5162.257,2 3,West,3,6,32
2,5,15,2,5162.913,2 3,West,3,6,33
2,5,15,3,5163.36,2 3,North,3,6,33
2,5,15,2,5163.965,1 3,North,3,6,33
2,5,15,2,5164.565,0 3,North,3,6,33
2,5,15,1,5165.555,0 3,West,3,6,33
2,5,15,2,5166.258,0 3,West,3,6,34
2,5,15,1,5167.009,0 3,South,3,6,34
2,5,15,2,5167.581,1 3,South,3,6,34
2,5,15,2,5168.228,2 3,South,3,6,34
2,5,15,2,5168.854,3 3,South,3,6,34
2,5,15,3,5169.551,3 3,West,3,6,34
2,5,15,1,5170.317,3 3,South,3,6,34
2,5,15,2,5170.879,3 3,South,3,6,35
2,5,15,3,5171.439,3 3,West,3,6,35
2,5,15,2,5172.099,3 3,West,3,6,36
2,5,15,1,5172.653,3 3,South,3,6,36
2,5,15,1,5173.469,3 3,East,3,6,36
2,5,15,2,5174.064,3 4,East,3,6,36
2,5,15,3,5174.625,3 4,South,3,6,36
2,5,15,2,5175.25,4 4,South,3,6,36
2,5,15,3,5175.776,4 4,West,3,6,36
2,5,15,2,5176.674,4 3,West,3,6,36
2,5,15,2,5177.436,4 2,West,3,6,36
2,5,15,3,5178.402,4 2,North,3,6,36
2,5,15,2,5179.188,3 2,North,3,6,36
2,5,15,2,5179.905,3 2,North,3,6,37
2,5,15,1,5180.421,3 2,West,3,6,37
2,5,15,2,5181.022,3 1,West,3,6,37
2,5,15,3,5181.747,3 1,North,3,6,37
2,5,15,2,5182.42,3 1,North,3,6,38
2,5,15,1,5182.927,3 1,West,3,6,38
2,5,15,2,5183.532,3 0,West,3,6,38
2,5,15,3,5184.083,3 0,North,3,6,38
2,5,15,2,5184.608,2 0,North,3,6,38
2,5,15,3,5185.182,2 0,East,3,6,38
2,5,15,2,5185.825,2 0,East,3,6,39
2,5,15,1,5186.319,2 0,North,3,6,39
2,5,15,2,5186.941,1 0,North,3,6,39
2,5,15,3,5187.602,1 0,East,3,6,39
2,5,15,2,5188.237,1 1,East,3,6,39
2,5,15,2,5188.945,1 1,East,3,6,40
2,5,15,3,5189.47,1 1,South,3,6,40
2,5,15,2,5190.052,2 1,South,3,6,40
2,5,15,1,5190.563,2 1,East,3,6,40
2,5,15,2,5191.181,2 2,East,3,6,40
2,5,15,6,5191.58,2 2,East,3,7,40
2,5,15,1,5191.971,2 2,North,3,7,40
2,5,15,1,5192.513,2 2,West,3,7,40
2,5,15,2,5193.059,2 1,West,3,7,40
2,5,15,2,5193.66,2 1,West,3,7,41
2,5,15,3,5194.236,2 1,North,3,7,41
2,5,15,2,5194.896,1 1,North,3,7,41
2,5,15,1,5195.507,1 1,West,3,7,41
2,5,15,2,5196.129,1 0,West,3,7,41
2,5,15,3,5196.692,1 0,North,3,7,41
2,5,15,2,5197.375,1 0,North,3,7,42
2,5,15,3,5197.969,1 0,East,3,7,42
2,5,15,2,5198.654,1 1,East,3,7,42
2,5,15,1,5199.183,1 1,North,3,7,42
2,5,15,2,5199.812,1 1,North,3,7,43
2,5,15,3,5200.466,1 1,East,3,7,43
2,5,15,2,5201.055,1 1,East,3,7,44
2,5,15,1,5201.919,1 1,North,3,7,44
2,5,15,1,5202.517,1 1,West,3,7,44
2,5,15,1,5203.045,1 1,South,3,7,44
2,5,15,2,5204.014,2 1,South,3,7,44
2,5,15,2,5204.656,2 1,South,3,7,45
2,5,15,3,5205.279,2 1,West,3,7,45
2,5,15,2,5205.891,2 1,West,3,7,46
2,5,15,1,5206.496,2 1,South,3,7,46
2,5,15,1,5207.141,2 1,East,3,7,46
2,5,15,2,5207.777,2 2,East,3,7,46
2,5,15,3,5208.543,2 2,South,3,7,46
2,5,15,2,5209.116,2 2,South,3,7,47
2,5,15,1,5209.677,2 2,East,3,7,47
2,5,15,2,5210.38,2 2,East,3,7,48
2,5,15,1,5210.931,2 2,North,3,7,48
2,5,15,2,5211.598,1 2,North,3,7,48
2,5,15,2,5212.342,0 2,North,3,7,48
2,5,15,1,5213.311,0 2,West,3,7,48
2,5,15,2,5213.939,0 1,West,3,7,48
2,5,15,2,5214.513,0 0,West,3,7,48
2,5,15,6,5214.94,0 0,West,3,8,48
1,6,16,1,5219.758,4 3,North,3,0,48
1,6,16,1,5220.428,4 2,North,3,0,48
1,6,16,2,5221.043,3 2,North,3,0,48
1,6,16,1,5221.568,3 1,North,3,0,48
1,6,16,1,5222.229,3 0,North,3,0,48
1,6,16,2,5222.789,2 0,North,3,0,48
1,6,16,2,5223.443,1 0,North,3,0,48
1,6,16,3,5224.003,1 1,North,3,0,48
1,6,16,4,5224.736,2 1,North,3,0,48
1,6,16,2,5247.552,1 1,North,3,0,48
1,6,16,4,5248.721,2 1,North,3,0,48
1,6,16,3,5249.283,2 2,North,3,0,48
1,6,16,2,5250.164,1 2,North,3,0,48
1,6,16,2,5251.069,0 2,North,3,0,48
1,6,16,1,5251.873,0 1,North,3,0,48
1,6,16,1,5252.562,0 0,North,3,0,48
1,6,16,6,5252.96,0 0,North,3,1,48
1,6,16,3,5253.182,0 1,North,3,1,48
1,6,16,3,5253.87,0 2,North,3,1,48
1,6,16,4,5254.499,1 2,North,3,1,48
1,6,16,4,5255.133,2 2,North,3,1,48
1,6,16,1,5255.747,2 1,North,3,1,48
1,6,16,2,5256.333,1 1,North,3,1,48
1,6,16,1,5256.912,1 0,North,3,1,48
1,6,16,4,5257.501,2 0,North,3,1,48
1,6,16,4,5258.033,3 0,North,3,1,48
1,6,16,3,5259.057,3 1,North,3,1,48
1,6,16,3,5259.63,3 2,North,3,1,48
1,6,16,4,5260.141,4 2,North,3,1,48
1,6,16,3,5260.675,4 3,North,3,1,48
1,6,16,6,5261.08,4 3,North,3,2,48
1,6,16,1,5264.237,4 2,North,3,2,48
1,6,16,1,5265.182,4 1,North,3,2,48
1,6,16,3,5265.825,4 2,North,3,2,48
1,6,16,2,5266.4,3 2,North,3,2,48
1,6,16,1,5267.008,3 1,North,3,2,48
1,6,16,6,5267.42,3 1,North,3,3,48
1,6,16,3,5267.569,3 2,North,3,3,48
1,6,16,1,5268.098,3 1,North,3,3,48
1,6,16,1,5268.653,3 0,North,3,3,48
1,6,16,2,5269.218,2 0,North,3,3,48
1,6,16,2,5269.761,1 0,North,3,3,48
1,6,16,3,5270.334,1 1,North,3,3,48
1,6,16,4,5270.862,2 1,North,3,3,48
1,6,16,3,5271.39,2 2,North,3,3,48
1,6,16,2,5271.955,1 2,North,3,3,48
1,6,16,6,5272.34,1 2,North,3,4,48
1,6,16,4,5272.658,2 2,North,3,4,48
1,6,16,1,5273.19,2 1,North,3,4,48
1,6,16,2,5274.224,1 1,North,3,4,48
1,6,16,1,5274.796,1 0,North,3,4,48
1,6,16,4,5275.388,2 0,North,3,4,48
1,6,16,4,5275.97,3 0,North,3,4,48
1,6,16,3,5276.895,3 1,North,3,4,48
1,6,16,4,5277.604,3 1,North,3,4,48
1,6,16,3,5278.061,3 2,North,3,4,48
1,6,16,4,5278.66,4 2,North,3,4,48
1,6,16,3,5279.198,4 3,North,3,4,48
1,6,16,3,5280.227,4 4,North,3,4,48
1,6,16,2,5280.769,3 4,North,3,4,48
1,6,16,1,5281.343,3 3,North,3,4,48
1,6,16,2,5281.859,2 3,North,3,4,48
1,6,16,6,5282.24,2 3,North,3,5,48
1,6,16,4,5282.691,3 3,North,3,5,48
1,6,16,3,5283.245,3 4,North,3,5,48
1,6,16,4,5283.797,4 4,North,3,5,48
1,6,16,1,5284.323,4 3,North,3,5,48
1,6,16,1,5284.833,4 2,North,3,5,48
1,6,16,2,5285.76,3 2,North,3,5,48
1,6,16,6,5286.14,3 2,North,3,6,48
1,6,16,4,5286.516,4 2,North,3,6,48
1,6,16,3,5287.49,4 3,North,3,6,48
1,6,16,3,5288.036,4 4,North,3,6,48
1,6,16,2,5288.58,3 4,North,3,6,48
1,6,16,1,5289.089,3 3,North,3,6,48
1,6,16,2,5289.924,2 3,North,3,6,48
1,6,16,2,5290.469,1 3,North,3,6,48
1,6,16,2,5290.996,0 3,North,3,6,48
1,6,16,3,5291.952,0 4,North,3,6,48
1,6,16,4,5292.788,1 4,North,3,6,48
1,6,16,4,5293.678,2 4,North,3,6,48
1,6,16,6,5294.04,2 4,North,3,7,48
1,6,16,2,5294.256,1 4,North,3,7,48
1,6,16,2,5294.802,0 4,North,3,7,48
1,6,16,6,5295.18,0 4,North,3,8,48
2,6,16,1,5298.787,4 4,West,3,0,0
2,6,16,3,5299.391,4 4,North,3,0,0
2,6,16,2,5300,3 4,North,3,0,0
2,6,16,2,5300.945,3 4,North,3,0,1
2,6,16,1,5301.492,3 4,West,3,0,1
2,6,16,2,5302.238,3 3,West,3,0,1
2,6,16,3,5303.057,3 3,North,3,0,1
2,6,16,3,5304.319,3 3,East,3,0,1
2,6,16,3,5305.104,3 3,South,3,0,1
2,6,16,2,5305.68,3 3,South,3,0,2
2,6,16,1,5306.338,3 3,East,3,0,2
2,6,16,2,5306.962,3 4,East,3,0,2
2,6,16,3,5307.875,3 4,South,3,0,2
2,6,16,2,5308.485,4 4,South,3,0,2
2,6,16,1,5309.391,4 4,East,3,0,2
2,6,16,1,5310.005,4 4,North,3,0,2
2,6,16,2,5314.498,3 4,North,3,0,2
2,6,16,1,5316.701,3 4,West,3,0,2
2,6,16,2,5317.414,3 3,West,3,0,2
2,6,16,3,5318.048,3 3,North,3,0,2
2,6,16,2,5318.627,2 3,North,3,0,2
2,6,16,2,5319.313,1 3,North,3,0,2
2,6,16,2,5319.924,0 3,North,3,0,2
2,6,16,3,5320.799,0 3,East,3,0,2
2,6,16,2,5321.378,0 4,East,3,0,2
2,6,16,6,5321.78,0 4,East,3,1,2
2,6,16,1,5323.278,0 4,North,3,1,2
2,6,16,1,5324.146,0 4,West,3,1,2
2,6,16,1,5324.911,0 4,South,3,1,2
2,6,16,2,5328.654,1 4,South,3,1,2
2,6,16,2,5329.341,2 4,South,3,1,2
2,6,16,3,5329.982,2 4,West,3,1,2
2,6,16,2,5330.691,2 4,West,3,1,3
2,6,16,3,5331.263,2 4,North,3,1,3
2,6,16,2,5331.841,1 4,North,3,1,3
2,6,16,1,5332.467,1 4,West,3,1,3
2,6,16,2,5333.135,1 4,West,3,1,4
2,6,16,1,5333.68,1 4,South,3,1,4
2,6,16,2,5334.224,2 4,South,3,1,4
2,6,16,2,5334.77,2 4,South,3,1,5
2,6,16,2,5335.325,2 4,South,3,1,6
2,6,16,3,5335.648,2 4,West,3,1,6
2,6,16,2,5336.174,2 4,West,3,1,7
2,6,16,3,5336.687,2 4,North,3,1,7
2,6,16,2,5338.675,1 4,North,3,1,7
2,6,16,1,5341.2,1 4,West,3,1,7
2,6,16,2,5341.81,1 4,West,3,1,8
2,6,16,3,5342.704,1 4,North,3,1,8
2,6,16,2,5343.427,0 4,North,3,1,8
2,6,16,1,5344.5,0 4,West,3,1,8
2,6,16,2,5345.397,0 3,West,3,1,8
2,6,16,1,5346.092,0 3,South,3,1,8
2,6,16,2,5346.69,1 3,South,3,1,8
2,6,16,2,5347.202,2 3,South,3,1,8
2,6,16,6,5347.58,2 3,South,3,2,8
2,6,16,3,5348.035,2 3,West,3,2,8
2,6,16,3,5349.282,2 3,North,3,2,8
2,6,16,3,5351.893,2 3,East,3,2,8
2,6,16,3,5352.815,2 3,South,3,2,8
2,6,16,2,5353.424,3 3,South,3,2,8
2,6,16,2,5354.112,3 3,South,3,2,9
2,6,16,1,5354.591,3 3,East,3,2,9
2,6,16,2,5355.236,3 4,East,3,2,9
2,6,16,3,5355.844,3 4,South,3,2,9
2,6,16,2,5356.508,4 4,South,3,2,9
2,6,16,2,5357.602,4 4,South,3,2,9
2,6,16,2,5358.178,4 4,South,3,2,9
2,6,16,3,5358.676,4 4,West,3,2,9
2,6,16,2,5359.268,4 3,West,3,2,9
2,6,16,2,5359.812,4 2,West,3,2,9
2,6,16,2,5360.754,4 1,West,3,2,9
2,6,16,2,5361.838,4 0,West,3,2,9
2,6,16,3,5362.64,4 0,North,3,2,9
2,6,16,2,5363.31,4 0,North,3,2,10
2,6,16,3,5364.019,4 0,East,3,2,10
2,6,16,2,5364.836,4 1,East,3,2,10
2,6,16,1,5365.407,4 1,North,3,2,10
2,6,16,2,5365.987,4 1,North,3,2,11
2,6,16,3,5366.702,4 1,East,3,2,11
2,6,16,2,5367.357,4 2,East,3,2,11
2,6,16,1,5367.939,4 2,North,3,2,11
2,6,16,2,5368.464,3 2,North,3,2,11
2,6,16,1,5368.992,3 2,West,3,2,11
2,6,16,2,5370.084,3 1,West,3,2,11
2,6,16,3,5370.866,3 1,North,3,2,11
2,6,16,2,5371.524,3 1,North,3,2,12
2,6,16,1,5371.954,3 1,West,3,2,12
2,6,16,2,5372.596,3 0,West,3,2,12
2,6,16,3,5373.148,3 0,North,3,2,12
2,6,16,2,5373.809,2 0,North,3,2,12
2,6,16,2,5374.849,1 0,North,3,2,12
2,6,16,2,5375.613,1 0,North,3,2,13
2,6,16,3,5376.076,1 0,East,3,2,13
2,6,16,2,5377.187,1 1,East,3,2,13
2,6,16,1,5378.164,1 1,North,3,2,13
2,6,16,2,5378.801,1 1,North,3,2,14
2,6,16,3,5379.779,1 1,East,3,2,14
2,6,16,2,5380.415,1 1,East,3,2,15
2,6,16,1,5385.266,1 1,North,3,2,15
2,6,16,1,5385.904,1 1,West,3,2,15
2,6,16,2,5386.582,1 0,West,3,2,15
2,6,16,3,5387.134,1 0,North,3,2,15
2,6,16,2,5387.727,1 0,North,3,2,16
2,6,16,3,5388.144,1 0,East,3,2,16
2,6,16,2,5388.834,1 1,East,3,2,16
2,6,16,1,5389.439,1 1,North,3,2,16
2,6,16,2,5390.001,1 1,North,3,2,17
2,6,16,3,5390.433,1 1,East,3,2,17
2,6,16,2,5391.027,1 1,East,3,2,18
2,6,16,2,5391.487,1 1,East,3,2,19
2,6,16,3,5391.888,1 1,South,3,2,19
2,6,16,2,5392.525,2 1,South,3,2,19
2,6,16,1,5393.429,2 1,East,3,2,19
2,6,16,2,5393.982,2 2,East,3,2,19
2,6,16,1,5394.721,2 2,North,3,2,19
2,6,16,2,5395.341,1 2,North,3,2,19
2,6,16,2,5396.045,0 2,North,3,2,19
2,6,16,1,5396.976,0 2,West,3,2,19
2,6,16,2,5397.634,0 1,West,3,2,19
2,6,16,2,5398.318,0 0,West,3,2,19
2,6,16,6,5398.74,0 0,West,3,3,19
2,6,16,1,5398.942,0 0,South,3,3,19
2,6,16,1,5399.648,0 0,East,3,3,19
2,6,16,2,5400.336,0 1,East,3,3,19
2,6,16,2,5400.947,0 2,East,3,3,19
2,6,16,2,5402.979,0 2,East,3,3,20
2,6,16,3,5403.396,0 2,South,3,3,20
2,6,16,2,5404.212,1 2,South,3,3,20
2,6,16,2,5404.724,2 2,South,3,3,20
2,6,16,2,5405.35,2 2,South,3,3,21
2,6,16,1,5406.047,2 2,East,3,3,21
2,6,16,2,5407.726,2 2,East,3,3,22
2,6,16,3,5409.366,2 2,South,3,3,22
2,6,16,2,5410.022,2 2,South,3,3,23
2,6,16,1,5410.51,2 2,East,3,3,23
2,6,16,2,5411.121,2 2,East,3,3,24
2,6,16,2,5412.466,2 2,East,3,3,25
2,6,16,1,5413.076,2 2,North,3,3,25
2,6,16,2,5413.744,1 2,North,3,3,25
2,6,16,3,5414.354,1 2,East,3,3,25
2,6,16,2,5414.932,1 2,East,3,3,26
2,6,16,1,5415.528,1 2,North,3,3,26
2,6,16,2,5417.55,0 2,North,3,3,26
2,6,16,3,5418.129,0 2,East,3,3,26
2,6,16,2,5418.991,0 2,East,3,3,27
2,6,16,3,5423.3,0 2,South,3,3,27
2,6,16,3,5424.436,0 2,West,3,3,27
2,6,16,2,5427.859,0 1,West,3,3,27
2,6,16,1,5429.154,0 1,South,3,3,27
2,6,16,2,5429.859,0 1,South,3,3,28
2,6,16,3,5430.509,0 1,West,3,3,28
2,6,16,2,5431.2,0 0,West,3,3,28
2,6,16,1,5431.746,0 0,South,3,3,28
2,6,16,2,5438.977,0 0,South,3,3,29
2,6,16,1,5439.525,0 0,East,3,3,29
2,6,16,2,5440.29,0 1,East,3,3,29
2,6,16,2,5440.851,0 2,East,3,3,29
2,6,16,2,5441.904,0 2,East,3,3,30
2,6,16,3,5442.561,0 2,South,3,3,30
2,6,16,2,5443.184,1 2,South,3,3,30
2,6,16,2,5443.763,2 2,South,3,3,30
2,6,16,2,5444.277,2 2,South,3,3,31
2,6,16,1,5444.783,2 2,East,3,3,31
2,6,16,2,5445.328,2 2,East,3,3,32
2,6,16,1,5446.017,2 2,North,3,3,32
2,6,16,2,5446.657,1 2,North,3,3,32
2,6,16,3,5447.199,1 2,East,3,3,32
2,6,16,2,5447.854,1 2,East,3,3,33
2,6,16,1,5448.451,1 2,North,3,3,33
2,6,16,2,5449.04,0 2,North,3,3,33
2,6,16,3,5449.921,0 2,East,3,3,33
2,6,16,2,5450.533,0 2,East,3,3,34
2,6,16,3,5451.09,0 2,South,3,3,34
2,6,16,3,5452.286,0 2,West,3,3,34
2,6,16,2,5452.914,0 1,West,3,3,34
2,6,16,2,5453.52,0 0,West,3,3,34
2,6,16,1,5454.031,0 0,South,3,3,34
2,6,16,2,5454.559,0 0,South,3,3,35
2,6,16,1,5455.153,0 0,East,3,3,35
2,6,16,2,5455.745,0 1,East,3,3,35
2,6,16,3,5456.481,0 1,South,3,3,35
2,6,16,2,5457.137,0 1,South,3,3,36
2,6,16,1,5457.605,0 1,East,3,3,36
2,6,16,2,5458.205,0 2,East,3,3,36
2,6,16,3,5459.062,0 2,South,3,3,36
2,6,16,2,5459.679,1 2,South,3,3,36
2,6,16,2,5460.445,2 2,South,3,3,36
2,6,16,2,5461.262,2 2,South,3,3,37
2,6,16,1,5461.797,2 2,East,3,3,37
2,6,16,2,5462.564,2 2,East,3,3,38
2,6,16,3,5463.171,2 2,South,3,3,38
2,6,16,3,5463.713,2 2,West,3,3,38
2,6,16,2,5464.304,2 1,West,3,3,38
2,6,16,1,5464.944,2 1,South,3,3,38
2,6,16,2,5465.649,2 1,South,3,3,39
2,6,16,3,5466.146,2 1,West,3,3,39
2,6,16,2,5466.788,2 1,West,3,3,40
2,6,16,1,5467.362,2 1,South,3,3,40
2,6,16,1,5467.888,2 1,East,3,3,40
2,6,16,2,5468.546,2 2,East,3,3,40
2,6,16,2,5469.26,2 2,East,3,3,41
2,6,16,3,5469.773,2 2,South,3,3,41
2,6,16,2,5470.4,2 2,South,3,3,42
2,6,16,1,5470.836,2 2,East,3,3,42
2,6,16,1,5471.407,2 2,North,3,3,42
2,6,16,2,5472.061,1 2,North,3,3,42
2,6,16,2,5472.733,0 2,North,3,3,42
2,6,16,3,5473.251,0 2,East,3,3,42
2,6,16,2,5473.908,0 2,East,3,3,43
2,6,16,3,5474.482,0 2,South,3,3,43
2,6,16,2,5475.206,1 2,South,3,3,43
2,6,16,1,5475.742,1 2,East,3,3,43
2,6,16,2,5476.402,1 2,East,3,3,44
2,6,16,3,5476.87,1 2,South,3,3,44
2,6,16,2,5477.459,2 2,South,3,3,44
2,6,16,1,5478.051,2 2,East,3,3,44
2,6,16,2,5478.675,2 2,East,3,3,45
2,6,16,1,5479.235,2 2,North,3,3,45
2,6,16,2,5480.348,1 2,North,3,3,45
2,6,16,1,5481.116,1 2,West,3,3,45
2,6,16,1,5481.902,1 2,South,3,3,45
2,6,16,2,5482.637,2 2,South,3,3,45
2,6,16,2,5483.309,2 2,South,3,3,46
2,6,16,1,5483.822,2 2,East,3,3,46
2,6,16,2,5484.525,2 2,East,3,3,47
2,6,16,3,5484.992,2 2,South,3,3,47
2,6,16,3,5485.552,2 2,West,3,3,47
2,6,16,2,5486.172,2 1,West,3,3,47
2,6,16,1,5486.846,2 1,South,3,3,47
2,6,16,2,5487.631,2 1,South,3,3,48
2,6,16,3,5488.223,2 1,West,3,3,48
2,6,16,2,5488.896,2 1,West,3,3,49
2,6,16,3,5489.455,2 1,North,3,3,49
2,6,16,2,5490.1,1 1,North,3,3,49
2,6,16,2,5492.78,1 1,North,3,3,50
2,6,16,3,5493.653,1 1,East,3,3,50
2,6,16,2,5494.371,1 1,East,3,3,51
2,6,16,3,5496.335,1 1,South,3,3,51
2,6,16,2,5497.315,2 1,South,3,3,51
2,6,16,2,5498.164,2 1,South,3,3,52
2,6,16,3,5498.783,2 1,West,3,3,52
2,6,16,2,5499.518,2 1,West,3,3,53
2,6,16,3,5500.052,2 1,North,3,3,53
2,6,16,2,5500.787,1 1,North,3,3,53
2,6,16,2,5501.612,1 1,North,3,3,54
2,6,16,1,5502.111,1 1,West,3,3,54
2,6,16,2,5502.879,1 0,West,3,3,54
2,6,16,1,5503.614,1 0,South,3,3,54
2,6,16,2,5504.481,2 0,South,3,3,54
2,6,16,2,5505.263,3 0,South,3,3,54
2,6,16,2,5505.952,3 0,South,3,3,55
2,6,16,1,5506.464,3 0,East,3,3,55
2,6,16,2,5507.151,3 1,East,3,3,55
2,6,16,2,5507.903,3 2,East,3,3,55
2,6,16,3,5508.607,3 2,South,3,3,55
2,6,16,2,5509.427,4 2,South,3,3,55
2,6,16,1,5509.952,4 2,East,3,3,55
2,6,16,2,5510.64,4 3,East,3,3,55
2,6,16,6,5511.06,4 3,East,3,4,55
2,6,16,1,5511.217,4 3,North,3,4,55
2,6,16,1,5511.892,4 3,West,3,4,55
2,6,16,2,5512.461,4 2,West,3,4,55
2,6,16,2,5513.14,4 1,West,3,4,55
2,6,16,2,5513.824,4 0,West,3,4,55
2,6,16,3,5514.348,4 0,North,3,4,55
2,6,16,2,5514.992,4 0,North,3,4,56
2,6,16,3,5515.565,4 0,East,3,4,56
2,6,16,2,5516.191,4 1,East,3,4,56
2,6,16,2,5517.137,4 2,East,3,4,56
2,6,16,1,5517.729,4 2,North,3,4,56
2,6,16,2,5518.342,3 2,North,3,4,56
2,6,16,1,5518.913,3 2,West,3,4,56
2,6,16,2,5519.54,3 1,West,3,4,56
2,6,16,2,5520.275,3 0,West,3,4,56
2,6,16,3,5520.787,3 0,North,3,4,56
2,6,16,2,5521.457,2 0,North,3,4,56
2,6,16,2,5522.095,1 0,North,3,4,56
2,6,16,6,5522.48,1 0,North,3,5,56
2,6,16,3,5522.835,1 0,East,3,5,56
2,6,16,2,5523.427,1 1,East,3,5,56
2,6,16,1,5523.955,1 1,North,3,5,56
2,6,16,2,5524.577,1 1,North,3,5,57
2,6,16,1,5525.094,1 1,West,3,5,57
2,6,16,2,5525.679,1 0,West,3,5,57
2,6,16,3,5526.209,1 0,North,3,5,57
2,6,16,2,5526.799,1 0,North,3,5,58
2,6,16,3,5527.299,1 0,East,3,5,58
2,6,16,2,5527.825,1 1,East,3,5,58
2,6,16,2,5528.404,1 1,East,3,5,59
2,6,16,3,5529.203,1 1,South,3,5,59
2,6,16,2,5529.741,2 1,South,3,5,59
2,6,16,1,5530.883,2 1,East,3,5,59
2,6,16,2,5531.49,2 2,East,3,5,59
2,6,16,1,5532.095,2 2,North,3,5,59
2,6,16,2,5532.658,1 2,North,3,5,59
2,6,16,2,5533.375,0 2,North,3,5,59
2,6,16,1,5533.89,0 2,West,3,5,59
2,6,16,2,5534.484,0 1,West,3,5,59
2,6,16,6,5534.9,0 1,West,3,6,59
2,6,16,1,5535.108,0 1,South,3,6,59
2,6,16,1,5535.747,0 1,East,3,6,59
2,6,16,2,5536.366,0 2,East,3,6,59
2,6,16,2,5536.977,0 2,East,3,6,60
2,6,16,3,5537.555,0 2,South,3,6,60
2,6,16,2,5538.097,1 2,South,3,6,60
2,6,16,2,5538.721,2 2,South,3,6,60
2,6,16,1,5539.293,2 2,East,3,6,60
2,6,16,2,5539.938,2 2,East,3,6,61
2,6,16,3,5540.462,2 2,South,3,6,61
2,6,16,2,5541.053,2 2,South,3,6,62
2,6,16,3,5541.616,2 2,West,3,6,62
2,6,16,2,5542.208,2 1,West,3,6,62
2,6,16,1,5542.787,2 1,South,3,6,62
2,6,16,2,5543.358,2 1,South,3,6,63
2,6,16,3,5543.846,2 1,West,3,6,63
2,6,16,2,5544.373,2 1,West,3,6,64
2,6,16,1,5545.405,2 1,South,3,6,64
2,6,16,1,5546.402,2 1,East,3,6,64
2,6,16,1,5547.027,2 1,North,3,6,64
2,6,16,2,5547.598,1 1,North,3,6,64
2,6,16,3,5548.35,1 1,East,3,6,64
2,6,16,2,5548.949,1 1,East,3,6,65
2,6,16,1,5549.492,1 1,North,3,6,65
2,6,16,2,5550.133,1 1,North,3,6,66
2,6,16,1,5550.815,1 1,West,3,6,66
2,6,16,2,5551.444,1 0,West,3,6,66
2,6,16,1,5552.143,1 0,South,3,6,66
2,6,16,2,5552.783,2 0,South,3,6,66
2,6,16,2,5553.507,3 0,South,3,6,66
2,6,16,1,5554.484,3 0,East,3,6,66
2,6,16,3,5555.169,3 0,South,3,6,66
2,6,16,2,5555.888,3 0,South,3,6,67
2,6,16,1,5556.419,3 0,East,3,6,67
2,6,16,2,5557.152,3 1,East,3,6,67
2,6,16,3,5557.91,3 1,South,3,6,67
2,6,16,2,5558.578,3 1,South,3,6,68
2,6,16,1,5559.089,3 1,East,3,6,68
2,6,16,2,5559.759,3 2,East,3,6,68
2,6,16,3,5560.335,3 2,South,3,6,68
2,6,16,2,5560.957,4 2,South,3,6,68
2,6,16,6,5561.34,4 2,South,3,7,68
2,6,16,1,5561.732,4 2,East,3,7,68
2,6,16,1,5562.262,4 2,North,3,7,68
2,6,16,2,5563.075,3 2,North,3,7,68
2,6,16,2,5563.68,3 2,North,3,7,69
2,6,16,1,5564.182,3 2,West,3,7,69
2,6,16,2,5564.851,3 1,West,3,7,69
2,6,16,2,5565.47,3 0,West,3,7,69
2,6,16,3,5566.053,3 0,North,3,7,69
2,6,16,2,5566.722,2 0,North,3,7,69
2,6,16,2,5567.314,1 0,North,3,7,69
2,6,16,3,5568.272,1 0,East,3,7,69
2,6,16,2,5568.882,1 1,East,3,7,69
2,6,16,6,5569.3,1 1,East,3,8,69
1,6,17,2,5573.603,3 4,North,3,0,69
1,6,17,1,5574.157,3 3,North,3,0,69
1,6,17,2,5574.674,2 3,North,3,0,69
1,6,17,2,5575.554,1 3,North,3,0,69
1,6,17,2,5576.223,0 3,North,3,0,69
1,6,17,6,5576.6,0 3,North,3,1,69
1,6,17,4,5577.076,1 3,North,3,1,69
1,6,17,4,5578.115,2 3,North,3,1,69
1,6,17,4,5578.784,3 3,North,3,1,69
1,6,17,3,5579.395,3 4,North,3,1,69
1,6,17,6,5579.8,3 4,North,3,2,69
1,6,17,4,5580.066,4 4,North,3,2,69
1,6,17,1,5580.591,4 3,North,3,2,69
1,6,17,1,5581.233,4 2,North,3,2,69
1,6,17,2,5581.779,3 2,North,3,2,69
1,6,17,1,5582.741,3 1,North,3,2,69
1,6,17,1,5583.283,3 0,North,3,2,69
1,6,17,2,5583.901,2 0,North,3,2,69
1,6,17,2,5584.461,1 0,North,3,2,69
1,6,17,3,5585.168,1 1,North,3,2,69
1,6,17,6,5585.56,1 1,North,3,3,69
1,6,17,1,5585.779,1 0,North,3,3,69
1,6,17,3,5586.288,1 1,North,3,3,69
1,6,17,4,5586.85,2 1,North,3,3,69
1,6,17,3,5587.377,2 2,North,3,3,69
1,6,17,2,5587.92,1 2,North,3,3,69
1,6,17,2,5588.529,0 2,North,3,3,69
1,6,17,6,5588.92,0 2,North,3,4,69
1,6,17,1,5589.285,0 1,North,3,4,69
1,6,17,4,5589.81,0 1,North,3,4,69
1,6,17,3,5590.11,0 2,North,3,4,69
1,6,17,4,5590.69,1 2,North,3,4,69
1,6,17,4,5591.665,2 2,North,3,4,69
1,6,17,1,5592.182,2 1,North,3,4,69
1,6,17,2,5593.117,1 1,North,3,4,69
1,6,17,1,5593.776,1 0,North,3,4,69
1,6,17,6,5594.18,1 0,North,3,5,69
1,6,17,3,5594.655,1 1,North,3,5,69
1,6,17,4,5595.236,2 1,North,3,5,69
1,6,17,6,5595.6,2 1,North,3,6,69
1,6,17,2,5595.857,1 1,North,3,6,69
1,6,17,1,5596.526,1 0,North,3,6,69
1,6,17,4,5597.276,2 0,North,3,6,69
1,6,17,4,5597.903,3 0,North,3,6,69
1,6,17,3,5598.436,3 1,North,3,6,69
1,6,17,3,5599.006,3 2,North,3,6,69
1,6,17,4,5599.54,4 2,North,3,6,69
1,6,17,3,5600.084,4 3,North,3,6,69
1,6,17,3,5600.673,4 4,North,3,6,69
1,6,17,2,5601.232,3 4,North,3,6,69
1,6,17,1,5602.256,3 3,North,3,6,69
1,6,17,2,5603.094,2 3,North,3,6,69
1,6,17,2,5603.647,1 3,North,3,6,69
1,6,17,6,5604.02,1 3,North,3,7,69
1,6,17,4,5604.575,2 3,North,3,7,69
1,6,17,4,5605.121,3 3,North,3,7,69
1,6,17,3,5606.029,3 4,North,3,7,69
1,6,17,4,5606.645,4 4,North,3,7,69
1,6,17,1,5607.552,4 3,North,3,7,69
1,6,17,1,5608.413,4 2,North,3,7,69
1,6,17,2,5609.137,3 2,North,3,7,69
1,6,17,1,5609.774,3 1,North,3,7,69
1,6,17,1,5610.46,3 0,North,3,7,69
1,6,17,2,5610.976,2 0,North,3,7,69
1,6,17,2,5611.523,1 0,North,3,7,69
1,6,17,3,5612.033,1 1,North,3,7,69
1,6,17,4,5612.624,2 1,North,3,7,69
1,6,17,3,5613.566,2 2,North,3,7,69
1,6,17,6,5613.96,2 2,North,3,8,69
2,6,17,2,5618.959,3 4,North,3,0,0
2,6,17,2,5620.022,3 4,North,3,0,1
2,6,17,1,5620.677,3 4,West,3,0,1
2,6,17,2,5625.956,3 3,West,3,0,1
2,6,17,2,5626.705,3 3,West,3,0,2
2,6,17,3,5627.298,3 3,North,3,0,2
2,6,17,2,5628.03,2 3,North,3,0,2
2,6,17,2,5628.708,1 3,North,3,0,2
2,6,17,1,5629.252,1 3,West,3,0,2
2,6,17,2,5629.917,1 3,West,3,0,3
2,6,17,3,5630.514,1 3,North,3,0,3
2,6,17,2,5631.104,0 3,North,3,0,3
2,6,17,1,5631.638,0 3,West,3,0,3
2,6,17,2,5632.258,0 3,West,3,0,4
2,6,17,1,5632.816,0 3,South,3,0,4
2,6,17,2,5633.332,1 3,South,3,0,4
2,6,17,3,5634.253,1 3,West,3,0,4
2,6,17,1,5635.281,1 3,South,3,0,4
2,6,17,2,5635.937,2 3,South,3,0,4
2,6,17,3,5636.61,2 3,West,3,0,4
2,6,17,2,5637.198,2 3,West,3,0,5
2,6,17,1,5637.86,2 3,South,3,0,5
2,6,17,2,5638.496,3 3,South,3,0,5
2,6,17,2,5639.156,3 3,South,3,0,6
2,6,17,3,5639.684,3 3,West,3,0,6
2,6,17,2,5640.307,3 3,West,3,0,7
2,6,17,3,5640.863,3 3,North,3,0,7
2,6,17,2,5641.473,2 3,North,3,0,7
2,6,17,2,5642.081,1 3,North,3,0,7
2,6,17,1,5642.595,1 3,West,3,0,7
2,6,17,2,5643.281,1 3,West,3,0,8
2,6,17,1,5643.775,1 3,South,3,0,8
2,6,17,1,5644.638,1 3,East,3,0,8
2,6,17,2,5645.261,1 3,East,3,0,9
2,6,17,1,5646.013,1 3,North,3,0,9
2,6,17,2,5646.574,0 3,North,3,0,9
2,6,17,3,5647.108,0 3,East,3,0,9
2,6,17,2,5647.667,0 4,East,3,0,9
2,6,17,3,5648.492,0 4,South,3,0,9
2,6,17,2,5649.075,1 4,South,3,0,9
2,6,17,2,5649.793,2 4,South,3,0,9
2,6,17,2,5650.531,2 4,South,3,0,10
2,6,17,2,5651.024,2 4,South,3,0,11
2,6,17,3,5651.411,2 4,West,3,0,11
2,6,17,2,5652.019,2 4,West,3,0,12
2,6,17,3,5652.724,2 4,North,3,0,12
2,6,17,2,5653.333,1 4,North,3,0,12
2,6,17,1,5653.902,1 4,West,3,0,12
2,6,17,2,5654.436,1 4,West,3,0,13
2,6,17,1,5655.057,1 4,South,3,0,13
2,6,17,3,5655.826,1 4,West,3,0,13
2,6,17,3,5656.501,1 4,North,3,0,13
2,6,17,2,5657.106,0 4,North,3,0,13
2,6,17,1,5657.649,0 4,West,3,0,13
2,6,17,2,5658.292,0 3,West,3,0,13
2,6,17,2,5659.073,0 3,West,3,0,14
2,6,17,1,5659.581,0 3,South,3,0,14
2,6,17,2,5660.127,1 3,South,3,0,14
2,6,17,3,5660.799,1 3,West,3,0,14
2,6,17,2,5661.446,1 3,West,3,0,15
2,6,17,1,5661.925,1 3,South,3,0,15
2,6,17,2,5662.485,2 3,South,3,0,15
2,6,17,3,5663.199,2 3,West,3,0,15
2,6,17,2,5663.904,2 3,West,3,0,16
2,6,17,1,5664.431,2 3,South,3,0,16
2,6,17,2,5665.07,3 3,South,3,0,16
2,6,17,3,5666.066,3 3,West,3,0,16
2,6,17,2,5666.771,3 3,West,3,0,17
2,6,17,1,5667.251,3 3,South,3,0,17
2,6,17,2,5667.873,3 3,South,3,0,18
2,6,17,3,5668.464,3 3,West,3,0,18
2,6,17,3,5669.057,3 3,North,3,0,18
2,6,17,2,5669.712,2 3,North,3,0,18
2,6,17,2,5670.436,1 3,North,3,0,18
2,6,17,2,5671.086,0 3,North,3,0,18
2,6,17,1,5671.669,0 3,West,3,0,18
2,6,17,2,5672.322,0 3,West,3,0,19
2,6,17,1,5672.861,0 3,South,3,0,19
2,6,17,2,5673.493,1 3,South,3,0,19
2,6,17,3,5674.225,1 3,West,3,0,19
2,6,17,2,5674.995,1 3,West,3,0,20
2,6,17,1,5675.486,1 3,South,3,0,20
2,6,17,2,5676.112,2 3,South,3,0,20
2,6,17,2,5676.881,3 3,South,3,0,20
2,6,17,2,5677.522,3 3,South,3,0,21
2,6,17,3,5678.207,3 3,West,3,0,21
2,6,17,2,5678.893,3 3,West,3,0,22
2,6,17,1,5679.458,3 3,South,3,0,22
2,6,17,1,5679.985,3 3,East,3,0,22
2,6,17,2,5680.541,3 4,East,3,0,22
2,6,17,3,5681.084,3 4,South,3,0,22
2,6,17,2,5681.827,4 4,South,3,0,22
2,6,17,3,5682.479,4 4,West,3,0,22
2,6,17,2,5683.093,4 3,West,3,0,22
2,6,17,2,5683.808,4 2,West,3,0,22
2,6,17,2,5684.542,4 1,West,3,0,22
2,6,17,3,5685.071,4 1,North,3,0,22
2,6,17,2,5685.872,4 1,North,3,0,23
2,6,17,1,5686.351,4 1,West,3,0,23
2,6,17,2,5687.023,4 0,West,3,0,23
2,6,17,3,5687.599,4 0,North,3,0,23
2,6,17,2,5688.191,4 0,North,3,0,24
2,6,17,3,5688.72,4 0,East,3,0,24
2,6,17,2,5689.309,4 1,East,3,0,24
2,6,17,2,5689.949,4 2,East,3,0,24
2,6,17,1,5690.51,4 2,North,3,0,24
2,6,17,2,5691.119,3 2,North,3,0,24
2,6,17,1,5691.79,3 2,West,3,0,24
2,6,17,2,5692.45,3 1,West,3,0,24
2,6,17,3,5693.04,3 1,North,3,0,24
2,6,17,2,5693.677,3 1,North,3,0,25
2,6,17,1,5694.164,3 1,West,3,0,25
2,6,17,2,5694.722,3 0,West,3,0,25
2,6,17,3,5695.263,3 0,North,3,0,25
2,6,17,2,5695.923,2 0,North,3,0,25
2,6,17,3,5696.725,2 0,East,3,0,25
2,6,17,2,5697.285,2 0,East,3,0,26
2,6,17,1,5697.79,2 0,North,3,0,26
2,6,17,2,5698.365,1 0,North,3,0,26
2,6,17,3,5698.979,1 0,East,3,0,26
2,6,17,2,5699.605,1 1,East,3,0,26
2,6,17,6,5700.02,1 1,East,3,1,26
2,6,17,3,5700.497,1 1,South,3,1,26
2,6,17,2,5701.141,2 1,South,3,1,26
2,6,17,1,5701.843,2 1,East,3,1,26
2,6,17,2,5702.478,2 2,East,3,1,26
2,6,17,6,5702.88,2 2,East,3,2,26
2,6,17,1,5703.284,2 2,North,3,2,26
2,6,17,1,5703.829,2 2,West,3,2,26
2,6,17,2,5704.402,2 1,West,3,2,26
2,6,17,2,5705.07,2 1,West,3,2,27
2,6,17,3,5705.616,2 1,North,3,2,27
2,6,17,2,5706.229,1 1,North,3,2,27
2,6,17,1,5707.013,1 1,West,3,2,27
2,6,17,2,5707.585,1 0,West,3,2,27
2,6,17,6,5708,1 0,West,3,3,27
2,6,17,3,5708.336,1 0,North,3,3,27
2,6,17,3,5708.885,1 0,East,3,3,27
2,6,17,3,5709.798,1 0,South,3,3,27
2,6,17,2,5710.414,2 0,South,3,3,27
2,6,17,1,5711.054,2 0,East,3,3,27
2,6,17,2,5711.697,2 0,East,3,3,28
2,6,17,3,5712.143,2 0,South,3,3,28
2,6,17,2,5712.753,3 0,South,3,3,28
2,6,17,2,5713.49,3 0,South,3,3,29
2,6,17,1,5713.953,3 0,East,3,3,29
2,6,17,2,5714.47,3 1,East,3,3,29
2,6,17,1,5715.074,3 1,North,3,3,29
2,6,17,2,5715.653,3 1,North,3,3,30
2,6,17,3,5716.195,3 1,East,3,3,30
2,6,17,2,5716.718,3 2,East,3,3,30
2,6,17,1,5717.23,3 2,North,3,3,30
2,6,17,2,5717.806,3 2,North,3,3,31
2,6,17,1,5718.549,3 2,West,3,3,31
2,6,17,2,5719.089,3 1,West,3,3,31
2,6,17,2,5719.843,3 0,West,3,3,31
2,6,17,3,5720.383,3 0,North,3,3,31
2,6,17,2,5721.045,2 0,North,3,3,31
2,6,17,3,5721.981,2 0,East,3,3,31
2,6,17,2,5722.559,2 0,East,3,3,32
2,6,17,1,5722.977,2 0,North,3,3,32
2,6,17,2,5723.583,1 0,North,3,3,32
2,6,17,3,5724.22,1 0,East,3,3,32
2,6,17,2,5724.774,1 1,East,3,3,32
2,6,17,3,5725.408,1 1,South,3,3,32
2,6,17,2,5726.068,2 1,South,3,3,32
2,6,17,6,5726.44,2 1,South,3,4,32
2,6,17,1,5726.861,2 1,East,3,4,32
2,6,17,2,5727.71,2 2,East,3,4,32
2,6,17,3,5728.436,2 2,South,3,4,32
2,6,17,2,5729.073,2 2,South,3,4,33
2,6,17,1,5729.52,2 2,East,3,4,33
2,6,17,1,5730.035,2 2,North,3,4,33
2,6,17,2,5730.575,1 2,North,3,4,33
2,6,17,2,5731.137,0 2,North,3,4,33
2,6,17,1,5731.98,0 2,West,3,4,33
2,6,17,2,5732.676,0 1,West,3,4,33
2,6,17,2,5733.364,0 0,West,3,4,33
2,6,17,1,5734.258,0 0,South,3,4,33
2,6,17,2,5734.878,0 0,South,3,4,34
2,6,17,1,5735.424,0 0,East,3,4,34
2,6,17,2,5736.029,0 1,East,3,4,34
2,6,17,3,5736.732,0 1,South,3,4,34
2,6,17,2,5737.302,0 1,South,3,4,35
2,6,17,1,5737.874,0 1,East,3,4,35
2,6,17,2,5738.516,0 2,East,3,4,35
2,6,17,2,5739.11,0 2,East,3,4,36
2,6,17,3,5739.671,0 2,South,3,4,36
2,6,17,2,5740.26,1 2,South,3,4,36
2,6,17,2,5740.867,2 2,South,3,4,36
2,6,17,2,5741.485,2 2,South,3,4,37
2,6,17,3,5742.019,2 2,West,3,4,37
2,6,17,2,5742.641,2 1,West,3,4,37
2,6,17,1,5743.308,2 1,South,3,4,37
2,6,17,2,5743.926,2 1,South,3,4,38
2,6,17,3,5744.483,2 1,West,3,4,38
2,6,17,2,5745.125,2 1,West,3,4,39
2,6,17,3,5746.083,2 1,North,3,4,39
2,6,17,2,5746.654,1 1,North,3,4,39
2,6,17,1,5747.332,1 1,West,3,4,39
2,6,17,2,5747.956,1 0,West,3,4,39
2,6,17,1,5748.625,1 0,South,3,4,39
2,6,17,2,5749.219,2 0,South,3,4,39
2,6,17,2,5749.857,3 0,South,3,4,39
2,6,17,2,5750.452,3 0,South,3,4,40
2,6,17,1,5750.964,3 0,East,3,4,40
2,6,17,2,5751.501,3 1,East,3,4,40
2,6,17,2,5752.131,3 2,East,3,4,40
2,6,17,6,5752.54,3 2,East,3,5,40
2,6,17,2,5753.101,3 2,East,3,5,41
2,6,17,3,5753.649,3 2,South,3,5,41
2,6,17,2,5754.26,4 2,South,3,5,41
2,6,17,1,5755.105,4 2,East,3,5,41
2,6,17,2,5755.701,4 3,East,3,5,41
2,6,17,1,5756.305,4 3,North,3,5,41
2,6,17,2,5756.914,4 3,North,3,5,42
2,6,17,3,5757.44,4 3,East,3,5,42
2,6,17,2,5758.035,4 4,East,3,5,42
2,6,17,1,5758.893,4 4,North,3,5,42
2,6,17,2,5759.523,3 4,North,3,5,42
2,6,17,1,5760.095,3 4,West,3,5,42
2,6,17,2,5760.785,3 3,West,3,5,42
2,6,17,6,5761.2,3 3,West,3,6,42
2,6,17,3,5761.794,3 3,North,3,6,42
2,6,17,2,5762.609,2 3,North,3,6,42
2,6,17,2,5763.246,1 3,North,3,6,42
2,6,17,1,5763.763,1 3,West,3,6,42
2,6,17,2,5764.462,1 3,West,3,6,43
2,6,17,3,5764.977,1 3,North,3,6,43
2,6,17,2,5765.552,0 3,North,3,6,43
2,6,17,1,5766.355,0 3,West,3,6,43
2,6,17,2,5766.993,0 3,West,3,6,44
2,6,17,1,5767.646,0 3,South,3,6,44
2,6,17,2,5768.207,1 3,South,3,6,44
2,6,17,2,5768.846,2 3,South,3,6,44
2,6,17,3,5769.397,2 3,West,3,6,44
2,6,17,2,5770.052,2 3,West,3,6,45
2,6,17,1,5770.512,2 3,South,3,6,45
2,6,17,2,5771.086,3 3,South,3,6,45
2,6,17,3,5772.11,3 3,West,3,6,45
2,6,17,2,5772.756,3 3,West,3,6,46
2,6,17,1,5773.332,3 3,South,3,6,46
2,6,17,2,5773.916,3 3,South,3,6,47
2,6,17,2,5774.371,3 3,South,3,6,48
2,6,17,1,5774.739,3 3,East,3,6,48
2,6,17,2,5775.316,3 4,East,3,6,48
2,6,17,3,5775.826,3 4,South,3,6,48
2,6,17,2,5776.396,4 4,South,3,6,48
2,6,17,3,5776.979,4 4,West,3,6,48
2,6,17,2,5777.573,4 3,West,3,6,48
2,6,17,2,5778.205,4 2,West,3,6,48
2,6,17,2,5778.845,4 1,West,3,6,48
2,6,17,3,5779.794,4 1,North,3,6,48
2,6,17,2,5781.524,4 1,North,3,6,49
2,6,17,1,5782.082,4 1,West,3,6,49
2,6,17,2,5782.725,4 0,West,3,6,49
2,6,17,3,5783.278,4 0,North,3,6,49
2,6,17,2,5783.91,4 0,North,3,6,50
2,6,17,3,5784.516,4 0,East,3,6,50
2,6,17,2,5785.053,4 1,East,3,6,50
2,6,17,2,5785.586,4 2,East,3,6,50
2,6,17,1,5786.531,4 2,North,3,6,50
2,6,17,2,5787.118,3 2,North,3,6,50
2,6,17,1,5787.856,3 2,West,3,6,50
2,6,17,2,5788.467,3 1,West,3,6,50
2,6,17,3,5789.058,3 1,North,3,6,50
2,6,17,2,5789.696,3 1,North,3,6,51
2,6,17,1,5790.258,3 1,West,3,6,51
2,6,17,2,5790.866,3 0,West,3,6,51
2,6,17,3,5791.7,3 0,North,3,6,51
2,6,17,2,5792.74,2 0,North,3,6,51
2,6,17,2,5793.573,1 0,North,3,6,51
2,6,17,3,5794.148,1 0,East,3,6,51
2,6,17,2,5794.739,1 1,East,3,6,51
2,6,17,2,5795.421,1 1,East,3,6,52
2,6,17,1,5795.889,1 1,North,3,6,52
2,6,17,2,5796.596,1 1,North,3,6,53
2,6,17,1,5797.31,1 1,West,3,6,53
2,6,17,1,5798.062,1 1,South,3,6,53
2,6,17,1,5798.755,1 1,East,3,6,53
2,6,17,3,5799.605,1 1,South,3,6,53
2,6,17,2,5800.241,2 1,South,3,6,53
2,6,17,1,5800.879,2 1,East,3,6,53
2,6,17,2,5801.542,2 2,East,3,6,53
2,6,17,1,5802.13,2 2,North,3,6,53
2,6,17,2,5802.692,1 2,North,3,6,53
2,6,17,6,5803.08,1 2,North,3,7,53
2,6,17,3,5803.457,1 2,East,3,7,53
2,6,17,3,5803.969,1 2,South,3,7,53
2,6,17,3,5804.614,1 2,West,3,7,53
2,6,17,2,5805.279,1 2,West,3,7,54
2,6,17,3,5805.825,1 2,North,3,7,54
2,6,17,2,5806.383,0 2,North,3,7,54
2,6,17,1,5806.932,0 2,West,3,7,54
2,6,17,2,5807.556,0 1,West,3,7,54
2,6,17,2,5808.133,0 0,West,3,7,54
2,6,17,1,5808.94,0 0,South,3,7,54
2,6,17,2,5809.475,0 0,South,3,7,55
2,6,17,1,5810.063,0 0,East,3,7,55
2,6,17,2,5811.009,0 1,East,3,7,55
2,6,17,2,5811.534,0 2,East,3,7,55
2,6,17,3,5812.049,0 2,South,3,7,55
2,6,17,2,5812.655,1 2,South,3,7,55
2,6,17,3,5813.216,1 2,West,3,7,55
2,6,17,2,5813.727,1 2,West,3,7,56
2,6,17,1,5814.237,1 2,South,3,7,56
2,6,17,2,5814.751,2 2,South,3,7,56
2,6,17,3,5815.633,2 2,West,3,7,56
2,6,17,2,5816.259,2 1,West,3,7,56
2,6,17,2,5816.848,2 1,West,3,7,57
2,6,17,2,5817.33,2 1,West,3,7,58
2,6,17,1,5817.63,2 1,South,3,7,58
2,6,17,2,5818.221,2 1,South,3,7,59
2,6,17,3,5818.942,2 1,West,3,7,59
2,6,17,3,5819.858,2 1,North,3,7,59
2,6,17,2,5820.42,1 1,North,3,7,59
2,6,17,1,5821.201,1 1,West,3,7,59
2,6,17,2,5822.111,1 0,West,3,7,59
2,6,17,1,5822.721,1 0,South,3,7,59
2,6,17,2,5823.342,2 0,South,3,7,59
2,6,17,2,5823.876,3 0,South,3,7,59
2,6,17,6,5824.24,3 0,South,3,8,59
1,6,18,1,5831.092,4 3,North,3,0,59
1,6,18,1,5831.667,4 2,North,3,0,59
1,6,18,1,5832.276,4 1,North,3,0,59
1,6,18,6,5832.68,4 1,North,3,1,59
1,6,18,3,5833.07,4 2,North,3,1,59
1,6,18,3,5833.985,4 3,North,3,1,59
1,6,18,3,5834.961,4 4,North,3,1,59
1,6,18,2,5835.522,3 4,North,3,1,59
1,6,18,1,5836.083,3 3,North,3,1,59
1,6,18,2,5836.941,2 3,North,3,1,59
1,6,18,2,5837.475,1 3,North,3,1,59
1,6,18,2,5838.431,0 3,North,3,1,59
1,6,18,3,5839.137,0 4,North,3,1,59
1,6,18,4,5839.777,1 4,North,3,1,59
1,6,18,6,5840.14,1 4,North,3,2,59
1,6,18,1,5840.447,1 4,North,3,2,59
1,6,18,2,5840.738,0 4,North,3,2,59
1,6,18,1,5841.487,0 3,North,3,2,59
1,6,18,4,5842.14,1 3,North,3,2,59
1,6,18,4,5842.675,2 3,North,3,2,59
1,6,18,4,5843.294,3 3,North,3,2,59
1,6,18,6,5843.66,3 3,North,3,3,59
1,6,18,3,5844.286,3 4,North,3,3,59
1,6,18,4,5845.117,4 4,North,3,3,59
1,6,18,1,5845.903,4 3,North,3,3,59
1,6,18,1,5846.685,4 2,North,3,3,59
1,6,18,2,5847.692,3 2,North,3,3,59
1,6,18,1,5848.262,3 1,North,3,3,59
1,6,18,1,5848.815,3 0,North,3,3,59
1,6,18,2,5849.62,2 0,North,3,3,59
1,6,18,6,5850,2 0,North,3,4,59
1,6,18,2,5850.48,1 0,North,3,4,59
1,6,18,3,5851.358,1 1,North,3,4,59
1,6,18,4,5851.919,2 1,North,3,4,59
1,6,18,3,5852.462,2 2,North,3,4,59
1,6,18,2,5853.022,1 2,North,3,4,59
1,6,18,2,5853.666,0 2,North,3,4,59
1,6,18,1,5854.225,0 1,North,3,4,59
1,6,18,6,5854.64,0 1,North,3,5,59
1,6,18,3,5854.816,0 2,North,3,5,59
1,6,18,4,5855.373,1 2,North,3,5,59
1,6,18,4,5855.935,2 2,North,3,5,59
1,6,18,1,5856.45,2 1,North,3,5,59
1,6,18,2,5857.507,1 1,North,3,5,59
1,6,18,1,5858.035,1 0,North,3,5,59
1,6,18,1,5858.675,1 0,North,3,5,59
1,6,18,4,5858.947,2 0,North,3,5,59
1,6,18,4,5859.564,3 0,North,3,5,59
1,6,18,6,5859.94,3 0,North,3,6,59
1,6,18,3,5860.323,3 1,North,3,6,59
1,6,18,3,5860.899,3 2,North,3,6,59
1,6,18,4,5861.509,4 2,North,3,6,59
1,6,18,6,5861.88,4 2,North,3,7,59
1,6,18,1,5862.355,4 1,North,3,7,59
1,6,18,1,5862.979,4 0,North,3,7,59
1,6,18,6,5863.38,4 0,North,3,8,59
2,6,18,2,5867.03,3 4,North,3,0,0
2,6,18,1,5868.605,3 4,West,3,0,0
2,6,18,2,5869.316,3 3,West,3,0,0
2,6,18,6,5869.72,3 3,West,3,1,0
2,6,18,1,5870.867,3 3,South,3,1,0
2,6,18,2,5871.535,3 3,South,3,1,1
2,6,18,1,5871.968,3 3,East,3,1,1
2,6,18,2,5872.549,3 4,East,3,1,1
2,6,18,3,5873.376,3 4,South,3,1,1
2,6,18,2,5873.954,4 4,South,3,1,1
2,6,18,3,5874.869,4 4,West,3,1,1
2,6,18,2,5875.406,4 3,West,3,1,1
2,6,18,2,5876.046,4 2,West,3,1,1
2,6,18,6,5876.46,4 2,West,3,2,1
2,6,18,3,5876.751,4 2,North,3,2,1
2,6,18,2,5878.398,3 2,North,3,2,1
2,6,18,1,5879.25,3 2,West,3,2,1
2,6,18,2,5879.859,3 1,West,3,2,1
2,6,18,2,5880.749,3 0,West,3,2,1
2,6,18,3,5881.263,3 0,North,3,2,1
2,6,18,2,5881.846,2 0,North,3,2,1
2,6,18,6,5882.22,2 0,North,3,3,1
2,6,18,3,5882.526,2 0,East,3,3,1
2,6,18,3,5883.197,2 0,South,3,3,1
2,6,18,2,5883.777,3 0,South,3,3,1
2,6,18,2,5884.447,3 0,South,3,3,2
2,6,18,3,5884.981,3 0,West,3,3,2
2,6,18,1,5885.709,3 0,South,3,3,2
2,6,18,1,5886.383,3 0,East,3,3,2
2,6,18,2,5886.995,3 1,East,3,3,2
2,6,18,3,5887.533,3 1,South,3,3,2
2,6,18,2,5888.172,3 1,South,3,3,3
2,6,18,3,5888.605,3 1,West,3,3,3
2,6,18,2,5889.362,3 0,West,3,3,3
2,6,18,1,5890,3 0,South,3,3,3
2,6,18,1,5890.511,3 0,East,3,3,3
2,6,18,2,5891.07,3 1,East,3,3,3
2,6,18,2,5892.102,3 2,East,3,3,3
2,6,18,3,5892.93,3 2,South,3,3,3
2,6,18,2,5893.582,4 2,South,3,3,3
2,6,18,3,5894.114,4 2,West,3,3,3
2,6,18,2,5894.639,4 1,West,3,3,3
2,6,18,6,5895.06,4 1,West,3,4,3
2,6,18,3,5895.281,4 1,North,3,4,3
2,6,18,3,5895.795,4 1,East,3,4,3
2,6,18,2,5896.406,4 2,East,3,4,3
2,6,18,2,5897.334,4 3,East,3,4,3
2,6,18,2,5898.081,4 4,East,3,4,3
2,6,18,1,5898.977,4 4,North,3,4,3
2,6,18,2,5899.553,3 4,North,3,4,3
2,6,18,6,5899.94,3 4,North,3,5,3
2,6,18,1,5900.1,3 4,West,3,5,3
2,6,18,1,5900.719,3 4,South,3,5,3
2,6,18,2,5901.648,4 4,South,3,5,3
2,6,18,3,5902.339,4 4,West,3,5,3
2,6,18,2,5902.893,4 3,West,3,5,3
2,6,18,2,5903.573,4 2,West,3,5,3
2,6,18,2,5904.129,4 1,West,3,5,3
2,6,18,2,5904.636,4 0,West,3,5,3
2,6,18,6,5905.04,4 0,West,3,6,3
2,6,18,3,5905.173,4 0,North,3,6,3
2,6,18,3,5905.964,4 0,East,3,6,3
2,6,18,2,5906.527,4 1,East,3,6,3
2,6,18,2,5907.31,4 2,East,3,6,3
2,6,18,2,5907.951,4 3,East,3,6,3
2,6,18,2,5908.545,4 4,East,3,6,3
2,6,18,1,5909.312,4 4,North,3,6,3
2,6,18,2,5909.906,3 4,North,3,6,3
2,6,18,2,5910.831,3 4,North,3,6,4
2,6,18,1,5911.412,3 4,West,3,6,4
2,6,18,2,5911.971,3 3,West,3,6,4
2,6,18,3,5912.594,3 3,North,3,6,4
2,6,18,2,5913.182,2 3,North,3,6,4
2,6,18,3,5913.714,2 3,East,3,6,4
2,6,18,2,5914.26,2 3,East,3,6,5
2,6,18,1,5914.77,2 3,North,3,6,5
2,6,18,2,5915.855,1 3,North,3,6,5
2,6,18,3,5916.39,1 3,East,3,6,5
2,6,18,2,5917.09,1 3,East,3,6,6
2,6,18,1,5917.638,1 3,North,3,6,6
2,6,18,2,5918.192,0 3,North,3,6,6
2,6,18,3,5918.704,0 3,East,3,6,6
2,6,18,2,5919.634,0 4,East,3,6,6
2,6,18,3,5920.175,0 4,South,3,6,6
2,6,18,2,5920.787,1 4,South,3,6,6
2,6,18,2,5921.439,2 4,South,3,6,6
2,6,18,6,5921.82,2 4,South,3,7,6
2,6,18,3,5922.08,2 4,West,3,7,6
2,6,18,3,5922.677,2 4,North,3,7,6
2,6,18,2,5923.235,1 4,North,3,7,6
2,6,18,2,5923.907,0 4,North,3,7,6
2,6,18,1,5924.685,0 4,West,3,7,6
2,6,18,2,5925.249,0 3,West,3,7,6
2,6,18,2,5925.86,0 3,West,3,7,7
2,6,18,2,5926.337,0 3,West,3,7,8
2,6,18,1,5926.611,0 3,South,3,7,8
2,6,18,2,5927.246,1 3,South,3,7,8
2,6,18,2,5927.925,2 3,South,3,7,8
2,6,18,2,5928.548,3 3,South,3,7,8
2,6,18,2,5929.102,3 3,South,3,7,9
2,6,18,3,5929.661,3 3,West,3,7,9
2,6,18,2,5930.195,3 3,West,3,7,10
2,6,18,1,5930.814,3 3,South,3,7,10
2,6,18,1,5931.324,3 3,East,3,7,10
2,6,18,2,5931.853,3 4,East,3,7,10
2,6,18,3,5932.656,3 4,South,3,7,10
2,6,18,2,5933.247,4 4,South,3,7,10
2,6,18,3,5934.065,4 4,West,3,7,10
2,6,18,2,5934.766,4 3,West,3,7,10
2,6,18,2,5935.582,4 2,West,3,7,10
2,6,18,3,5936.29,4 2,North,3,7,10
2,6,18,1,5937.333,4 2,West,3,7,10
2,6,18,2,5938.018,4 1,West,3,7,10
2,6,18,2,5938.547,4 0,West,3,7,10
2,6,18,3,5939.393,4 0,North,3,7,10
2,6,18,2,5940.08,4 0,North,3,7,11
2,6,18,3,5940.58,4 0,East,3,7,11
2,6,18,2,5941.125,4 1,East,3,7,11
2,6,18,1,5941.708,4 1,North,3,7,11
2,6,18,2,5942.658,4 1,North,3,7,12
2,6,18,1,5943.172,4 1,West,3,7,12
2,6,18,3,5943.776,4 1,North,3,7,12
2,6,18,3,5944.403,4 1,East,3,7,12
2,6,18,2,5944.946,4 2,East,3,7,12
2,6,18,1,5945.537,4 2,North,3,7,12
2,6,18,2,5946.164,3 2,North,3,7,12
2,6,18,1,5946.77,3 2,West,3,7,12
2,6,18,2,5947.33,3 1,West,3,7,12
2,6,18,2,5947.933,3 0,West,3,7,12
2,6,18,3,5948.813,3 0,North,3,7,12
2,6,18,2,5949.396,2 0,North,3,7,12
2,6,18,3,5950.082,2 0,East,3,7,12
2,6,18,2,5950.716,2 0,East,3,7,13
2,6,18,1,5951.155,2 0,North,3,7,13
2,6,18,2,5951.717,1 0,North,3,7,13
2,6,18,3,5952.671,1 0,East,3,7,13
2,6,18,2,5953.252,1 1,East,3,7,13
2,6,18,2,5953.809,1 1,East,3,7,14
2,6,18,1,5954.365,1 1,North,3,7,14
2,6,18,2,5954.881,1 1,North,3,7,15
2,6,18,3,5955.543,1 1,East,3,7,15
2,6,18,2,5956.112,1 1,East,3,7,16
2,6,18,1,5956.495,1 1,North,3,7,16
2,6,18,1,5957.011,1 1,West,3,7,16
2,6,18,2,5957.557,1 0,West,3,7,16
2,6,18,3,5958.37,1 0,North,3,7,16
2,6,18,2,5958.964,1 0,North,3,7,17
2,6,18,3,5959.493,1 0,East,3,7,17
2,6,18,3,5960.016,1 0,South,3,7,17
2,6,18,2,5960.557,2 0,South,3,7,17
2,6,18,1,5961.198,2 0,East,3,7,17
2,6,18,2,5961.71,2 0,East,3,7,18
2,6,18,3,5962.349,2 0,South,3,7,18
2,6,18,2,5962.963,3 0,South,3,7,18
2,6,18,1,5963.564,3 0,East,3,7,18
2,6,18,2,5964.147,3 1,East,3,7,18
2,6,18,2,5964.8,3 2,East,3,7,18
2,6,18,1,5965.332,3 2,North,3,7,18
2,6,18,2,5965.859,3 2,North,3,7,19
2,6,18,1,5966.485,3 2,West,3,7,19
2,6,18,2,5967.153,3 1,West,3,7,19
2,6,18,3,5967.999,3 1,North,3,7,19
2,6,18,2,5968.737,3 1,North,3,7,20
2,6,18,1,5969.204,3 1,West,3,7,20
2,6,18,2,5969.828,3 0,West,3,7,20
2,6,18,3,5970.367,3 0,North,3,7,20
2,6,18,2,5971.108,2 0,North,3,7,20
2,6,18,3,5972.463,2 0,East,3,7,20
2,6,18,2,5973.089,2 0,East,3,7,21
2,6,18,1,5973.603,2 0,North,3,7,21
2,6,18,2,5974.269,1 0,North,3,7,21
2,6,18,3,5974.974,1 0,East,3,7,21
2,6,18,2,5975.535,1 1,East,3,7,21
2,6,18,2,5976.188,1 1,East,3,7,22
2,6,18,1,5976.77,1 1,North,3,7,22
2,6,18,2,5977.342,1 1,North,3,7,23
2,6,18,1,5978.243,1 1,West,3,7,23
2,6,18,2,5978.835,1 0,West,3,7,23
2,6,18,3,5979.468,1 0,North,3,7,23
2,6,18,2,5980.093,1 0,North,3,7,24
2,6,18,3,5980.511,1 0,East,3,7,24
2,6,18,2,5981.086,1 1,East,3,7,24
2,6,18,2,5981.682,1 1,East,3,7,25
2,6,18,1,5982.132,1 1,North,3,7,25
2,6,18,2,5982.681,1 1,North,3,7,26
2,6,18,3,5983.81,1 1,East,3,7,26
2,6,18,1,5984.863,1 1,North,3,7,26
2,6,18,1,5985.935,1 1,West,3,7,26
2,6,18,2,5986.575,1 0,West,3,7,26
2,6,18,3,5987.118,1 0,North,3,7,26
2,6,18,2,5987.708,1 0,North,3,7,27
2,6,18,3,5988.309,1 0,East,3,7,27
2,6,18,2,5988.895,1 1,East,3,7,27
2,6,18,2,5989.517,1 1,East,3,7,28
2,6,18,1,5989.95,1 1,North,3,7,28
2,6,18,2,5990.524,1 1,North,3,7,29
2,6,18,3,5990.966,1 1,East,3,7,29
2,6,18,3,5991.891,1 1,South,3,7,29
2,6,18,3,5992.431,1 1,West,3,7,29
2,6,18,2,5992.976,1 0,West,3,7,29
2,6,18,1,5993.827,1 0,South,3,7,29
2,6,18,2,5994.383,2 0,South,3,7,29
2,6,18,2,5995.088,3 0,South,3,7,29
2,6,18,2,5995.664,3 0,South,3,7,30
2,6,18,1,5996.196,3 0,East,3,7,30
2,6,18,2,5996.771,3 1,East,3,7,30
2,6,18,3,5997.471,3 1,South,3,7,30
2,6,18,2,5998.11,3 1,South,3,7,31
2,6,18,1,5998.668,3 1,East,3,7,31
2,6,18,2,5999.186,3 2,East,3,7,31
2,6,18,3,5999.763,3 2,South,3,7,31
2,6,18,2,6000.383,4 2,South,3,7,31
2,6,18,1,6000.925,4 2,East,3,7,31
2,6,18,2,6001.441,4 3,East,3,7,31
2,6,18,1,6002.286,4 3,North,3,7,31
2,6,18,3,6003.268,4 3,East,3,7,31
2,6,18,2,6003.938,4 4,East,3,7,31
2,6,18,1,6004.765,4 4,North,3,7,31
2,6,18,2,6005.361,3 4,North,3,7,31
2,6,18,2,6006.212,3 4,North,3,7,32
2,6,18,1,6006.915,3 4,West,3,7,32
2,6,18,2,6007.521,3 3,West,3,7,32
2,6,18,3,6008.205,3 3,North,3,7,32
2,6,18,2,6009.262,2 3,North,3,7,32
2,6,18,2,6009.965,1 3,North,3,7,32
2,6,18,2,6010.595,0 3,North,3,7,32
2,6,18,1,6011.361,0 3,West,3,7,32
2,6,18,2,6012.004,0 3,West,3,7,33
2,6,18,3,6012.749,0 3,North,3,7,33
2,6,18,1,6013.522,0 3,West,3,7,33
2,6,18,1,6014.069,0 3,South,3,7,33
2,6,18,2,6014.687,1 3,South,3,7,33
2,6,18,2,6015.599,2 3,South,3,7,33
2,6,18,3,6016.512,2 3,West,3,7,33
2,6,18,2,6017.167,2 3,West,3,7,34
2,6,18,1,6017.604,2 3,South,3,7,34
2,6,18,2,6018.291,3 3,South,3,7,34
2,6,18,3,6018.914,3 3,West,3,7,34
2,6,18,2,6019.522,3 3,West,3,7,35
2,6,18,1,6020.065,3 3,South,3,7,35
2,6,18,2,6020.716,3 3,South,3,7,36
2,6,18,2,6021.295,3 3,South,3,7,37
2,6,18,1,6021.744,3 3,East,3,7,37
2,6,18,2,6022.367,3 4,East,3,7,37
2,6,18,3,6023.084,3 4,South,3,7,37
2,6,18,2,6023.663,4 4,South,3,7,37
2,6,18,3,6024.19,4 4,West,3,7,37
2,6,18,2,6024.774,4 3,West,3,7,37
2,6,18,2,6025.326,4 2,West,3,7,37
2,6,18,2,6025.862,4 1,West,3,7,37
2,6,18,3,6026.419,4 1,North,3,7,37
2,6,18,2,6027.266,4 1,North,3,7,38
2,6,18,1,6027.812,4 1,West,3,7,38
2,6,18,2,6028.436,4 0,West,3,7,38
2,6,18,3,6028.981,4 0,North,3,7,38
2,6,18,2,6029.535,4 0,North,3,7,39
2,6,18,1,6030.294,4 0,West,3,7,39
2,6,18,2,6030.834,4 0,West,3,7,39
2,6,18,3,6031.186,4 0,North,3,7,39
2,6,18,3,6032.19,4 0,East,3,7,39
2,6,18,2,6032.836,4 1,East,3,7,39
2,6,18,1,6033.725,4 1,North,3,7,39
2,6,18,2,6034.437,4 1,North,3,7,40
2,6,18,3,6034.897,4 1,East,3,7,40
2,6,18,2,6035.49,4 2,East,3,7,40
2,6,18,1,6036.065,4 2,North,3,7,40
2,6,18,2,6037.04,3 2,North,3,7,40
2,6,18,2,6037.711,3 2,North,3,7,41
2,6,18,1,6038.145,3 2,West,3,7,41
2,6,18,2,6038.755,3 1,West,3,7,41
2,6,18,3,6039.555,3 1,North,3,7,41
2,6,18,2,6040.175,3 1,North,3,7,42
2,6,18,1,6040.559,3 1,West,3,7,42
2,6,18,2,6041.156,3 0,West,3,7,42
2,6,18,3,6041.696,3 0,North,3,7,42
2,6,18,2,6042.243,2 0,North,3,7,42
2,6,18,3,6042.797,2 0,East,3,7,42
2,6,18,2,6043.357,2 0,East,3,7,43
2,6,18,1,6043.871,2 0,North,3,7,43
2,6,18,2,6044.418,1 0,North,3,7,43
2,6,18,3,6044.963,1 0,East,3,7,43
2,6,18,2,6045.486,1 1,East,3,7,43
2,6,18,2,6046.575,1 1,East,3,7,44
2,6,18,1,6047.071,1 1,North,3,7,44
2,6,18,2,6048.127,1 1,North,3,7,45
2,6,18,1,6048.53,1 1,West,3,7,45
2,6,18,2,6049.172,1 0,West,3,7,45
2,6,18,2,6049.87,1 0,West,3,7,45
2,6,18,3,6050.26,1 0,North,3,7,45
2,6,18,2,6050.894,1 0,North,3,7,46
2,6,18,3,6051.503,1 0,East,3,7,46
2,6,18,3,6052.254,1 0,South,3,7,46
2,6,18,1,6053.167,1 0,East,3,7,46
2,6,18,2,6053.775,1 1,East,3,7,46
2,6,18,2,6054.453,1 1,East,3,7,47
2,6,18,1,6054.884,1 1,North,3,7,47
2,6,18,2,6055.534,1 1,North,3,7,48
2,6,18,3,6055.937,1 1,East,3,7,48
2,6,18,3,6056.801,1 1,South,3,7,48
2,6,18,3,6057.349,1 1,West,3,7,48
2,6,18,1,6058.16,1 1,South,3,7,48
2,6,18,2,6058.864,2 1,South,3,7,48
2,6,18,2,6059.519,2 1,South,3,7,49
2,6,18,3,6059.97,2 1,West,3,7,49
2,6,18,2,6060.594,2 1,West,3,7,50
2,6,18,3,6061.41,2 1,North,3,7,50
2,6,18,2,6061.972,1 1,North,3,7,50
2,6,18,1,6062.611,1 1,West,3,7,50
2,6,18,2,6063.25,1 0,West,3,7,50
2,6,18,1,6063.873,1 0,South,3,7,50
2,6,18,2,6064.495,2 0,South,3,7,50
2,6,18,2,6065.182,3 0,South,3,7,50
2,6,18,2,6065.807,3 0,South,3,7,51
2,6,18,1,6066.271,3 0,East,3,7,51
2,6,18,2,6066.879,3 1,East,3,7,51
2,6,18,3,6067.502,3 1,South,3,7,51
2,6,18,2,6068.115,3 1,South,3,7,52
2,6,18,1,6068.579,3 1,East,3,7,52
2,6,18,2,6069.168,3 2,East,3,7,52
2,6,18,3,6069.775,3 2,South,3,7,52
2,6,18,2,6070.445,4 2,South,3,7,52
2,6,18,1,6071.053,4 2,East,3,7,52
2,6,18,2,6071.618,4 3,East,3,7,52
2,6,18,2,6072.324,4 4,East,3,7,52
2,6,18,1,6073.324,4 4,North,3,7,52
2,6,18,2,6073.891,3 4,North,3,7,52
2,6,18,1,6075.331,3 4,West,3,7,52
2,6,18,2,6076.002,3 3,West,3,7,52
2,6,18,3,6076.704,3 3,North,3,7,52
2,6,18,2,6077.383,2 3,North,3,7,52
2,6,18,2,6078.111,1 3,North,3,7,52
2,6,18,2,6078.813,0 3,North,3,7,52
2,6,18,1,6079.375,0 3,West,3,7,52
2,6,18,2,6079.922,0 3,West,3,7,53
2,6,18,1,6080.46,0 3,South,3,7,53
2,6,18,2,6081.277,1 3,South,3,7,53
2,6,18,3,6082.014,1 3,West,3,7,53
2,6,18,2,6082.64,1 3,West,3,7,54
2,6,18,1,6083.126,1 3,South,3,7,54
2,6,18,2,6083.698,2 3,South,3,7,54
2,6,18,3,6084.325,2 3,West,3,7,54
2,6,18,2,6084.98,2 3,West,3,7,55
2,6,18,1,6085.484,2 3,South,3,7,55
2,6,18,2,6086.067,3 3,South,3,7,55
2,6,18,3,6086.799,3 3,West,3,7,55
2,6,18,2,6087.39,3 3,West,3,7,56
2,6,18,1,6087.877,3 3,South,3,7,56
2,6,18,2,6088.451,3 3,South,3,7,57
2,6,18,2,6089.009,3 3,South,3,7,58
2,6,18,1,6089.875,3 3,East,3,7,58
2,6,18,2,6090.514,3 4,East,3,7,58
2,6,18,2,6091.217,3 4,East,3,7,58
2,6,18,1,6091.566,3 4,North,3,7,58
2,6,18,2,6092.224,3 4,North,3,7,59
2,6,18,1,6092.996,3 4,West,3,7,59
2,6,18,2,6093.838,3 3,West,3,7,59
2,6,18,2,6094.532,3 3,West,3,7,60
2,6,18,1,6095.037,3 3,South,3,7,60
2,6,18,2,6095.678,3 3,South,3,7,61
2,6,18,1,6096.429,3 3,East,3,7,61
2,6,18,2,6097.059,3 4,East,3,7,61
2,6,18,3,6097.651,3 4,South,3,7,61
2,6,18,2,6098.304,4 4,South,3,7,61
2,6,18,3,6098.829,4 4,West,3,7,61
2,6,18,2,6099.489,4 3,West,3,7,61
2,6,18,2,6100.05,4 2,West,3,7,61
2,6,18,2,6100.655,4 1,West,3,7,61
2,6,18,3,6101.248,4 1,North,3,7,61
2,6,18,2,6101.971,4 1,North,3,7,62
2,6,18,1,6102.419,4 1,West,3,7,62
2,6,18,2,6103.072,4 0,West,3,7,62
2,6,18,3,6103.587,4 0,North,3,7,62
2,6,18,2,6104.188,4 0,North,3,7,63
2,6,18,3,6104.831,4 0,East,3,7,63
2,6,18,2,6105.444,4 1,East,3,7,63
2,6,18,2,6106.034,4 2,East,3,7,63
2,6,18,1,6106.605,4 2,North,3,7,63
2,6,18,2,6107.214,3 2,North,3,7,63
2,6,18,1,6107.858,3 2,West,3,7,63
2,6,18,2,6108.466,3 1,West,3,7,63
2,6,18,2,6109.076,3 0,West,3,7,63
2,6,18,3,6110.003,3 0,North,3,7,63
2,6,18,2,6110.673,2 0,North,3,7,63
2,6,18,3,6111.474,2 0,East,3,7,63
2,6,18,1,6112.339,2 0,North,3,7,63
2,6,18,2,6112.996,1 0,North,3,7,63
2,6,18,3,6113.647,1 0,East,3,7,63
2,6,18,1,6114.302,1 0,North,3,7,63
2,6,18,2,6114.914,1 0,North,3,7,64
2,6,18,3,6115.502,1 0,East,3,7,64
2,6,18,2,6116.066,1 1,East,3,7,64
2,6,18,2,6116.655,1 1,East,3,7,65
2,6,18,1,6117.105,1 1,North,3,7,65
2,6,18,2,6117.632,1 1,North,3,7,66
2,6,18,1,6118.173,1 1,West,3,7,66
2,6,18,2,6125.858,1 0,West,3,7,66
2,6,18,3,6128.014,1 0,North,3,7,66
2,6,18,2,6128.962,1 0,North,3,7,67
2,6,18,3,6129.905,1 0,East,3,7,67
2,6,18,2,6131.44,1 1,East,3,7,67
2,6,18,3,6132.382,1 1,South,3,7,67
2,6,18,2,6133.791,2 1,South,3,7,67
2,6,18,1,6134.354,2 1,East,3,7,67
2,6,18,2,6134.959,2 2,East,3,7,67
2,6,18,1,6135.536,2 2,North,3,7,67
2,6,18,2,6136.404,1 2,North,3,7,67
2,6,18,2,6136.965,0 2,North,3,7,67
2,6,18,6,6137.34,0 2,North,3,8,67
