PhaseView,Run,Trial,Key,Time,Location,Direction,MazeType,Diamonds,WallBumped
0,1,1,2,6.861406,3 4,North,1,0,0
0,1,1,6,7.24,3 4,North,1,1,0
0,1,1,2,7.743624,2 4,North,1,1,0
0,1,1,1,9.633643,2 4,West,1,1,0
0,1,1,2,10.64522,2 3,West,1,1,0
0,1,1,2,11.58215,2 2,West,1,1,0
0,1,1,2,12.1269,2 1,West,1,1,0
0,1,1,3,12.68815,2 1,North,1,1,0
0,1,1,2,13.52172,1 1,North,1,1,0
0,1,1,2,14.31649,0 1,North,1,1,0
0,1,1,6,14.7,0 1,North,1,2,0
0,1,1,1,15.05464,0 1,West,1,2,0
0,1,1,3,16.68616,0 1,North,1,2,0
0,1,1,2,17.88318,0 1,North,1,2,0
0,1,1,2,18.28515,0 1,North,1,2,0
0,1,1,3,19.20062,0 1,East,1,2,0
0,1,1,3,19.98272,0 1,South,1,2,0
0,1,1,2,20.80403,1 1,South,1,2,0
0,1,1,2,21.53786,2 1,South,1,2,0
0,1,1,1,22.29027,2 1,East,1,2,0
0,1,1,2,22.95776,2 2,East,1,2,0
0,1,1,2,23.4921,2 3,East,1,2,0
0,1,1,1,24.26921,2 3,North,1,2,0
0,1,1,3,26.39702,2 3,East,1,2,0
0,1,1,2,27.19744,2 4,East,1,2,0
0,1,1,3,28.14163,2 4,South,1,2,0
0,1,1,2,28.81824,3 4,South,1,2,0
0,1,1,3,29.37348,3 4,West,1,2,0
0,1,1,1,29.96888,3 4,South,1,2,0
0,1,1,2,30.73589,4 4,South,1,2,0
0,1,1,3,31.48363,4 4,West,1,2,0
0,1,1,2,32.17796,4 3,West,1,2,0
0,1,1,2,32.98915,4 2,West,1,2,0
0,1,1,2,33.87159,4 1,West,1,2,0
0,1,1,2,36.17339,4 1,West,1,2,0
0,1,1,1,36.35298,4 1,South,1,2,0
0,1,1,1,37.30776,4 1,East,1,2,0
0,1,1,2,38.04618,4 2,East,1,2,0
0,1,1,1,38.9072,4 2,North,1,2,0
0,1,1,2,39.74106,3 2,North,1,2,0
0,1,1,1,40.3998,3 2,West,1,2,0
0,1,1,3,41.05322,3 2,North,1,2,0
0,1,1,2,41.77454,2 2,North,1,2,0
0,1,1,1,42.63753,2 2,West,1,2,0
0,1,1,2,43.47147,2 1,West,1,2,0
0,1,1,1,44.38823,2 1,South,1,2,0
0,1,1,2,44.99505,3 1,South,1,2,0
0,1,1,3,45.80734,3 1,West,1,2,0
0,1,1,2,46.38854,3 0,West,1,2,0
0,1,1,6,46.8,3 0,West,1,3,0
0,1,1,1,47.23462,3 0,South,1,3,0
0,1,1,1,48.07815,3 0,East,1,3,0
0,1,1,2,48.89585,3 1,East,1,3,0
0,1,1,1,49.46936,3 1,North,1,3,0
0,1,1,2,50.27044,2 1,North,1,3,0
0,1,1,6,50.64,2 1,North,1,4,0
0,1,1,2,50.97921,1 1,North,1,4,0
0,1,1,1,51.88319,1 1,West,1,4,0
0,1,1,2,52.78455,1 0,West,1,4,0
0,1,1,1,53.71321,1 0,South,1,4,0
0,1,1,1,54.81197,1 0,East,1,4,0
0,1,1,2,55.78834,1 1,East,1,4,0
0,1,1,1,56.5169,1 1,North,1,4,0
0,1,1,2,57.25219,0 1,North,1,4,0
0,1,1,1,58.21031,0 1,West,1,4,0
0,1,1,2,59.23166,0 0,West,1,4,0
0,1,1,2,60.11549,0 0,West,1,4,0
0,1,1,1,60.51115,0 0,South,1,4,0
0,1,1,1,61.25,0 0,East,1,4,0
0,1,1,2,61.90714,0 1,East,1,4,0
0,1,1,3,62.75021,0 1,South,1,4,0
0,1,1,2,63.37867,1 1,South,1,4,0
0,1,1,1,64.02904,1 1,East,1,4,0
0,1,1,3,65.12282,1 1,South,1,4,0
0,1,1,2,65.7579,2 1,South,1,4,0
0,1,1,1,66.62589,2 1,East,1,4,0
0,1,1,2,67.28159,2 2,East,1,4,0
0,1,1,2,68.09552,2 3,East,1,4,0
0,1,1,1,68.89945,2 3,North,1,4,0
0,1,1,3,69.63038,2 3,East,1,4,0
0,1,1,2,70.36684,2 4,East,1,4,0
0,1,1,3,70.94506,2 4,South,1,4,0
0,1,1,1,71.64373,2 4,East,1,4,0
0,1,1,1,72.19196,2 4,North,1,4,0
0,1,1,2,73.16553,1 4,North,1,4,0
0,1,1,2,73.69901,0 4,North,1,4,0
0,1,1,1,74.48115,0 4,West,1,4,0
0,1,1,2,75.13426,0 3,West,1,4,0
0,1,1,6,75.54,0 3,West,1,5,0
0,1,1,1,75.91602,0 3,South,1,5,0
0,1,1,1,76.764,0 3,East,1,5,0
0,1,1,3,77.65917,0 3,South,1,5,0
0,1,1,1,78.54741,0 3,East,1,5,0
0,1,1,2,79.26094,0 4,East,1,5,0
0,1,1,3,80.09834,0 4,South,1,5,0
0,1,1,2,80.76971,1 4,South,1,5,0
0,1,1,2,81.59994,2 4,South,1,5,0
0,1,1,2,82.4303,3 4,South,1,5,0
0,1,1,3,83.23081,3 4,West,1,5,0
0,1,1,1,83.82672,3 4,South,1,5,0
0,1,1,2,84.43027,4 4,South,1,5,0
0,1,1,3,85.21426,4 4,West,1,5,0
0,1,1,2,85.86809,4 3,West,1,5,0
0,1,1,2,86.73291,4 2,West,1,5,0
0,1,1,3,87.2781,4 2,North,1,5,0
0,1,1,2,88.04932,3 2,North,1,5,0
0,1,1,1,88.95938,3 2,West,1,5,0
0,1,1,3,89.85612,3 2,North,1,5,0
0,1,1,2,90.59545,2 2,North,1,5,0
0,1,1,1,91.2477,2 2,West,1,5,0
0,1,1,2,92.12929,2 1,West,1,5,0
0,1,1,1,92.70087,2 1,South,1,5,0
0,1,1,2,93.40979,3 1,South,1,5,0
0,1,1,6,93.78,3 1,South,1,6,0
0,1,1,3,94.36837,3 1,West,1,6,0
0,1,1,1,95.38132,3 1,South,1,6,0
0,1,1,3,96.36449,3 1,West,1,6,0
0,1,1,2,97.06749,3 0,West,1,6,0
0,1,1,1,97.73117,3 0,South,1,6,0
0,1,1,1,98.66943,3 0,East,1,6,0
0,1,1,2,99.61641,3 1,East,1,6,0
0,1,1,1,100.4451,3 1,North,1,6,0
0,1,1,2,101.1058,2 1,North,1,6,0
0,1,1,2,101.6177,1 1,North,1,6,0
0,1,1,2,102.4596,0 1,North,1,6,0
0,1,1,1,103.1679,0 1,West,1,6,0
0,1,1,1,103.6806,0 1,South,1,6,0
0,1,1,2,104.515,1 1,South,1,6,0
0,1,1,1,105.2159,1 1,East,1,6,0
0,1,1,2,105.8032,1 2,East,1,6,0
0,1,1,6,106.22,1 2,East,1,7,0
0,1,1,3,106.7215,1 2,South,1,7,0
0,1,1,3,107.5665,1 2,West,1,7,0
0,1,1,2,108.0982,1 1,West,1,7,0
0,1,1,1,108.7005,1 1,South,1,7,0
0,1,1,2,109.5485,2 1,South,1,7,0
0,1,1,1,110.4607,2 1,East,1,7,0
0,1,1,3,111.0535,2 1,South,1,7,0
0,1,1,1,111.8746,2 1,East,1,7,0
0,1,1,2,112.4645,2 2,East,1,7,0
0,1,1,3,113.0725,2 2,South,1,7,0
0,1,1,2,113.6328,3 2,South,1,7,0
0,1,1,6,114,3 2,South,1,8,0
2,1,1,2,118.1011,3 4,North,1,0,0
2,1,1,2,118.6733,2 4,North,1,0,0
2,1,1,1,119.3414,2 4,West,1,0,0
2,1,1,3,119.9696,2 4,North,1,0,0
2,1,1,2,120.8793,1 4,North,1,0,0
2,1,1,1,121.8225,1 4,West,1,0,0
2,1,1,2,122.7956,1 4,West,1,0,1
2,1,1,3,123.5318,1 4,North,1,0,1
2,1,1,2,124.2418,0 4,North,1,0,1
2,1,1,1,125.1311,0 4,West,1,0,1
2,1,1,2,125.9203,0 3,West,1,0,1
2,1,1,6,126.34,0 3,West,1,1,1
2,1,1,1,128.4657,0 3,South,1,1,1
2,1,1,1,129.5719,0 3,East,1,1,1
2,1,1,2,130.3483,0 4,East,1,1,1
2,1,1,3,130.8827,0 4,South,1,1,1
2,1,1,2,131.5822,1 4,South,1,1,1
2,1,1,2,132.526,2 4,South,1,1,1
2,1,1,2,133.4212,3 4,South,1,1,1
2,1,1,6,133.8,3 4,South,1,2,1
2,1,1,3,134.5871,3 4,West,1,2,1
2,1,1,3,135.5379,3 4,North,1,2,1
2,1,1,2,136.7012,2 4,North,1,2,1
2,1,1,1,137.6315,2 4,West,1,2,1
2,1,1,2,138.4675,2 3,West,1,2,1
2,1,1,3,139.1519,2 3,North,1,2,1
2,1,1,2,139.9535,1 3,North,1,2,1
2,1,1,1,140.606,1 3,West,1,2,1
2,1,1,2,141.3773,1 3,West,1,2,2
2,1,1,1,141.9999,1 3,South,1,2,2
2,1,1,2,142.8463,2 3,South,1,2,2
2,1,1,3,143.4385,2 3,West,1,2,2
2,1,1,2,144.1415,2 2,West,1,2,2
2,1,1,3,144.7523,2 2,North,1,2,2
2,1,1,2,145.3907,2 2,North,1,2,3
2,1,1,1,146.3032,2 2,West,1,2,3
2,1,1,2,147.0273,2 1,West,1,2,3
2,1,1,3,147.5804,2 1,North,1,2,3
2,1,1,2,148.1912,1 1,North,1,2,3
2,1,1,3,148.7066,1 1,East,1,2,3
2,1,1,2,149.3143,1 2,East,1,2,3
2,1,1,6,149.72,1 2,East,1,3,3
2,1,1,1,150.528,1 2,North,1,3,3
2,1,1,1,151.0925,1 2,West,1,3,3
2,1,1,1,151.9379,1 2,South,1,3,3
2,1,1,2,152.7502,1 2,South,1,3,4
2,1,1,3,153.3497,1 2,West,1,3,4
2,1,1,2,154.096,1 1,West,1,3,4
2,1,1,1,154.8779,1 1,South,1,3,4
2,1,1,2,155.7077,2 1,South,1,3,4
2,1,1,2,156.62,3 1,South,1,3,4
2,1,1,6,157,3 1,South,1,4,4
2,1,1,1,157.5977,3 1,East,1,4,4
2,1,1,3,158.6848,3 1,South,1,4,4
2,1,1,2,159.4227,3 1,South,1,4,5
2,1,1,1,159.9669,3 1,East,1,4,5
2,1,1,2,160.7002,3 1,East,1,4,6
2,1,1,1,161.4914,3 1,North,1,4,6
2,1,1,2,162.2595,2 1,North,1,4,6
2,1,1,3,162.8118,2 1,East,1,4,6
2,1,1,2,163.4859,2 2,East,1,4,6
2,1,1,3,164.2062,2 2,South,1,4,6
2,1,1,2,164.8352,3 2,South,1,4,6
2,1,1,1,165.5535,3 2,East,1,4,6
2,1,1,2,166.211,3 3,East,1,4,6
2,1,1,3,166.7347,3 3,South,1,4,6
2,1,1,2,167.298,4 3,South,1,4,6
2,1,1,6,167.68,4 3,South,1,5,6
2,1,1,1,168.1783,4 3,East,1,5,6
2,1,1,1,168.8336,4 3,North,1,5,6
2,1,1,1,169.6921,4 3,West,1,5,6
2,1,1,2,170.5402,4 2,West,1,5,6
2,1,1,2,171.3795,4 1,West,1,5,6
2,1,1,3,172.1785,4 1,North,1,5,6
2,1,1,2,172.847,4 1,North,1,5,7
2,1,1,1,173.3448,4 1,West,1,5,7
2,1,1,2,174.0973,4 1,West,1,5,8
2,1,1,3,174.7192,4 1,North,1,5,8
2,1,1,3,175.3261,4 1,East,1,5,8
2,1,1,2,176.0312,4 2,East,1,5,8
2,1,1,1,176.7207,4 2,North,1,5,8
2,1,1,2,177.442,3 2,North,1,5,8
2,1,1,1,177.9556,3 2,West,1,5,8
2,1,1,2,178.6539,3 2,West,1,5,9
2,1,1,3,179.1233,3 2,North,1,5,9
2,1,1,2,179.8373,2 2,North,1,5,9
2,1,1,1,180.4008,2 2,West,1,5,9
2,1,1,2,181.0583,2 1,West,1,5,9
2,1,1,2,181.842,2 1,West,1,5,10
2,1,1,3,182.3048,2 1,North,1,5,10
2,1,1,2,182.9636,1 1,North,1,5,10
2,1,1,1,183.7757,1 1,West,1,5,10
2,1,1,2,184.419,1 0,West,1,5,10
2,1,1,6,184.82,1 0,West,1,6,10
2,1,1,3,185.8401,1 0,North,1,6,10
2,1,1,3,186.3996,1 0,East,1,6,10
2,1,1,3,187.0836,1 0,South,1,6,10
2,1,1,2,187.8738,2 0,South,1,6,10
2,1,1,1,188.5724,2 0,East,1,6,10
2,1,1,2,189.2834,2 0,East,1,6,11
2,1,1,3,189.7315,2 0,South,1,6,11
2,1,1,2,190.4766,2 0,South,1,6,12
2,1,1,1,191.0288,2 0,East,1,6,12
2,1,1,1,191.6002,2 0,North,1,6,12
2,1,1,2,192.2592,1 0,North,1,6,12
2,1,1,3,193.1217,1 0,East,1,6,12
2,1,1,2,193.6934,1 1,East,1,6,12
2,1,1,3,194.2927,1 1,South,1,6,12
2,1,1,2,195.0129,2 1,South,1,6,12
2,1,1,2,195.8839,3 1,South,1,6,12
2,1,1,2,196.6367,3 1,South,1,6,13
2,1,1,1,197.0908,3 1,East,1,6,13
2,1,1,2,197.8195,3 1,East,1,6,14
2,1,1,1,198.2578,3 1,North,1,6,14
2,1,1,2,199.0393,2 1,North,1,6,14
2,1,1,3,199.7424,2 1,East,1,6,14
2,1,1,2,200.4001,2 2,East,1,6,14
2,1,1,3,200.9492,2 2,South,1,6,14
2,1,1,2,201.4999,3 2,South,1,6,14
2,1,1,3,202.0798,3 2,West,1,6,14
2,1,1,2,202.6062,3 2,West,1,6,15
2,1,1,1,203.0862,3 2,South,1,6,15
2,1,1,2,203.7898,4 2,South,1,6,15
2,1,1,3,204.3816,4 2,West,1,6,15
2,1,1,2,205.0077,4 1,West,1,6,15
2,1,1,6,205.42,4 1,West,1,7,15
2,1,1,3,205.9991,4 1,North,1,7,15
2,1,1,3,206.591,4 1,East,1,7,15
2,1,1,2,207.2987,4 2,East,1,7,15
2,1,1,1,208.0336,4 2,North,1,7,15
2,1,1,2,208.6901,3 2,North,1,7,15
2,1,1,2,209.4596,2 2,North,1,7,15
2,1,1,2,210.1132,2 2,North,1,7,16
2,1,1,3,210.5562,2 2,East,1,7,16
2,1,1,2,211.3289,2 3,East,1,7,16
2,1,1,1,212.0823,2 3,North,1,7,16
2,1,1,2,212.8466,1 3,North,1,7,16
2,1,1,3,214.002,1 3,East,1,7,16
2,1,1,2,214.7178,1 3,East,1,7,17
2,1,1,1,215.1702,1 3,North,1,7,17
2,1,1,2,215.7563,1 3,North,1,7,18
2,1,1,3,216.3864,1 3,East,1,7,18
2,1,1,3,217.2654,1 3,South,1,7,18
2,1,1,2,217.9313,2 3,South,1,7,18
2,1,1,1,218.6081,2 3,East,1,7,18
2,1,1,2,219.2966,2 4,East,1,7,18
2,1,1,1,219.8395,2 4,North,1,7,18
2,1,1,2,220.5013,1 4,North,1,7,18
2,1,1,2,221.2203,0 4,North,1,7,18
2,1,1,6,221.6,0 4,North,1,8,18
0,1,2,2,225.8581,3 4,North,1,0,18
0,1,2,2,226.5598,2 4,North,1,0,18
0,1,2,6,226.94,2 4,North,1,1,18
0,1,2,1,227.5637,2 4,West,1,1,18
0,1,2,3,229.789,2 4,North,1,1,18
0,1,2,2,230.9443,1 4,North,1,1,18
0,1,2,2,231.5724,0 4,North,1,1,18
0,1,2,1,232.0932,0 4,West,1,1,18
0,1,2,2,233.2797,0 3,West,1,1,18
0,1,2,2,233.8714,0 2,West,1,1,18
0,1,2,6,234.28,0 2,West,1,2,18
0,1,2,1,234.5625,0 2,South,1,2,18
0,1,2,1,235.1995,0 2,East,1,2,18
0,1,2,2,235.9195,0 3,East,1,2,18
0,1,2,2,236.4816,0 4,East,1,2,18
0,1,2,3,236.9905,0 4,South,1,2,18
0,1,2,2,237.7104,1 4,South,1,2,18
0,1,2,3,238.4969,1 4,West,1,2,18
0,1,2,1,239.395,1 4,South,1,2,18
0,1,2,2,240.0473,2 4,South,1,2,18
0,1,2,3,240.6867,2 4,West,1,2,18
0,1,2,2,241.439,2 3,West,1,2,18
0,1,2,2,242.2911,2 2,West,1,2,18
0,1,2,2,243.1228,2 1,West,1,2,18
0,1,2,1,243.8541,2 1,South,1,2,18
0,1,2,1,244.7387,2 1,East,1,2,18
0,1,2,2,245.358,2 2,East,1,2,18
0,1,2,2,246.211,2 3,East,1,2,18
0,1,2,2,247.1959,2 4,East,1,2,18
0,1,2,3,248.0501,2 4,South,1,2,18
0,1,2,2,248.6378,3 4,South,1,2,18
0,1,2,3,249.458,3 4,West,1,2,18
0,1,2,1,250.19,3 4,South,1,2,18
0,1,2,2,250.7397,4 4,South,1,2,18
0,1,2,3,251.3277,4 4,West,1,2,18
0,1,2,2,251.9832,4 3,West,1,2,18
0,1,2,2,252.7511,4 2,West,1,2,18
0,1,2,3,253.5657,4 2,North,1,2,18
0,1,2,2,254.2544,3 2,North,1,2,18
0,1,2,2,255.0286,2 2,North,1,2,18
0,1,2,1,255.9195,2 2,West,1,2,18
0,1,2,1,256.7802,2 2,South,1,2,18
0,1,2,3,257.7712,2 2,West,1,2,18
0,1,2,2,258.5111,2 1,West,1,2,18
0,1,2,1,259.1576,2 1,South,1,2,18
0,1,2,2,259.7958,3 1,South,1,2,18
0,1,2,3,260.3687,3 1,West,1,2,18
0,1,2,2,261.0545,3 0,West,1,2,18
0,1,2,1,261.6323,3 0,South,1,2,18
0,1,2,1,262.5246,3 0,East,1,2,18
0,1,2,2,263.4702,3 1,East,1,2,18
0,1,2,1,264.0196,3 1,North,1,2,18
0,1,2,2,264.7364,2 1,North,1,2,18
0,1,2,2,265.7301,1 1,North,1,2,18
0,1,2,1,266.2841,1 1,West,1,2,18
0,1,2,3,266.9761,1 1,North,1,2,18
0,1,2,2,267.5655,0 1,North,1,2,18
0,1,2,1,268.1422,0 1,West,1,2,18
0,1,2,1,269.0067,0 1,South,1,2,18
0,1,2,3,269.6663,0 1,West,1,2,18
0,1,2,1,270.5315,0 1,South,1,2,18
0,1,2,2,271.1513,1 1,South,1,2,18
0,1,2,3,271.6625,1 1,West,1,2,18
0,1,2,2,272.1917,1 0,West,1,2,18
0,1,2,1,272.9251,1 0,South,1,2,18
0,1,2,2,273.5085,2 0,South,1,2,18
0,1,2,6,273.88,2 0,South,1,3,18
0,1,2,1,274.0661,2 0,East,1,3,18
0,1,2,1,274.6849,2 0,North,1,3,18
0,1,2,2,275.3877,1 0,North,1,3,18
0,1,2,3,276.2888,1 0,East,1,3,18
0,1,2,2,276.9899,1 1,East,1,3,18
0,1,2,3,277.8531,1 1,South,1,3,18
0,1,2,2,278.4755,2 1,South,1,3,18
0,1,2,1,279.1325,2 1,East,1,3,18
0,1,2,2,279.7764,2 2,East,1,3,18
0,1,2,2,280.5001,2 3,East,1,3,18
0,1,2,3,281.3728,2 3,South,1,3,18
0,1,2,2,282,3 3,South,1,3,18
0,1,2,6,282.38,3 3,South,1,4,18
0,1,2,3,282.7982,3 3,West,1,4,18
0,1,2,3,283.4227,3 3,North,1,4,18
0,1,2,2,284.2393,2 3,North,1,4,18
0,1,2,3,284.7856,2 3,East,1,4,18
0,1,2,2,285.3561,2 4,East,1,4,18
0,1,2,3,286.0205,2 4,South,1,4,18
0,1,2,3,286.6079,2 4,West,1,4,18
0,1,2,3,287.573,2 4,North,1,4,18
0,1,2,2,288.1629,1 4,North,1,4,18
0,1,2,2,288.7522,0 4,North,1,4,18
0,1,2,1,289.5026,0 4,West,1,4,18
0,1,2,1,290.4119,0 4,South,1,4,18
0,1,2,2,291.0252,1 4,South,1,4,18
0,1,2,2,291.5634,2 4,South,1,4,18
0,1,2,3,292.3559,2 4,West,1,4,18
0,1,2,2,292.9947,2 3,West,1,4,18
0,1,2,2,293.9033,2 2,West,1,4,18
0,1,2,2,294.6365,2 1,West,1,4,18
0,1,2,3,295.1987,2 1,North,1,4,18
0,1,2,1,295.8085,2 1,West,1,4,18
0,1,2,1,296.6222,2 1,South,1,4,18
0,1,2,2,297.1547,3 1,South,1,4,18
0,1,2,3,297.7619,3 1,West,1,4,18
0,1,2,2,298.4,3 0,West,1,4,18
0,1,2,1,299.2931,3 0,South,1,4,18
0,1,2,2,299.8579,4 0,South,1,4,18
0,1,2,6,300.24,4 0,South,1,5,18
0,1,2,1,300.5165,4 0,East,1,5,18
0,1,2,1,301.2167,4 0,North,1,5,18
0,1,2,2,301.7318,3 0,North,1,5,18
0,1,2,3,302.2863,3 0,East,1,5,18
0,1,2,2,303.0706,3 1,East,1,5,18
0,1,2,1,303.5826,3 1,North,1,5,18
0,1,2,2,304.1451,2 1,North,1,5,18
0,1,2,3,304.6735,2 1,East,1,5,18
0,1,2,2,305.264,2 2,East,1,5,18
0,1,2,2,306.1952,2 3,East,1,5,18
0,1,2,6,306.6,2 3,East,1,6,18
0,1,2,1,306.7239,2 3,North,1,6,18
0,1,2,1,307.4384,2 3,West,1,6,18
0,1,2,2,308.082,2 2,West,1,6,18
0,1,2,3,308.925,2 2,North,1,6,18
0,1,2,1,309.516,2 2,West,1,6,18
0,1,2,2,310.1151,2 1,West,1,6,18
0,1,2,3,310.9752,2 1,North,1,6,18
0,1,2,2,311.692,1 1,North,1,6,18
0,1,2,6,312.08,1 1,North,1,7,18
0,1,2,2,312.5622,0 1,North,1,7,18
0,1,2,1,313.4751,0 1,West,1,7,18
0,1,2,1,314.0438,0 1,South,1,7,18
0,1,2,2,314.6511,1 1,South,1,7,18
0,1,2,1,315.3489,1 1,East,1,7,18
0,1,2,3,316.1146,1 1,South,1,7,18
0,1,2,2,316.7824,2 1,South,1,7,18
0,1,2,1,317.3947,2 1,East,1,7,18
0,1,2,2,318.0134,2 2,East,1,7,18
0,1,2,3,318.7523,2 2,South,1,7,18
0,1,2,2,319.3755,3 2,South,1,7,18
0,1,2,2,319.9056,4 2,South,1,7,18
0,1,2,6,320.28,4 2,South,1,8,18
2,1,2,2,323.6129,3 4,North,1,0,0
2,1,2,2,324.5234,2 4,North,1,0,0
2,1,2,2,325.1077,1 4,North,1,0,0
2,1,2,2,325.6814,0 4,North,1,0,0
2,1,2,1,326.635,0 4,West,1,0,0
2,1,2,2,327.3248,0 3,West,1,0,0
2,1,2,1,328.0207,0 3,South,1,0,0
2,1,2,2,328.9598,0 3,South,1,0,1
2,1,2,3,329.4562,0 3,West,1,0,1
2,1,2,2,330.1725,0 2,West,1,0,1
2,1,2,2,330.8447,0 2,West,1,0,2
2,1,2,1,331.4206,0 2,South,1,0,2
2,1,2,2,332.1091,0 2,South,1,0,3
2,1,2,3,332.7164,0 2,West,1,0,3
2,1,2,3,333.3488,0 2,North,1,0,3
2,1,2,2,333.9526,0 2,North,1,0,3
2,1,2,1,334.3692,0 2,West,1,0,3
2,1,2,2,334.9147,0 2,West,1,0,4
2,1,2,2,335.2816,0 2,West,1,0,5
2,1,2,1,335.7454,0 2,South,1,0,5
2,1,2,1,336.3339,0 2,East,1,0,5
2,1,2,2,337.0076,0 3,East,1,0,5
2,1,2,3,337.8251,0 3,South,1,0,5
2,1,2,2,338.5281,0 3,South,1,0,6
2,1,2,3,339.0901,0 3,West,1,0,6
2,1,2,2,339.8355,0 2,West,1,0,6
2,1,2,1,340.4023,0 2,South,1,0,6
2,1,2,2,341.0213,0 2,South,1,0,7
2,1,2,1,341.7479,0 2,East,1,0,7
2,1,2,1,342.3838,0 2,North,1,0,7
2,1,2,3,342.9445,0 2,East,1,0,7
2,1,2,2,343.7614,0 3,East,1,0,7
2,1,2,3,344.6425,0 3,South,1,0,7
2,1,2,2,345.4597,0 3,South,1,0,8
2,1,2,1,346.0045,0 3,East,1,0,8
2,1,2,2,346.718,0 4,East,1,0,8
2,1,2,3,347.5159,0 4,South,1,0,8
2,1,2,2,348.0984,1 4,South,1,0,8
2,1,2,3,348.9475,1 4,West,1,0,8
2,1,2,2,349.6136,1 4,West,1,0,9
2,1,2,3,350.1905,1 4,North,1,0,9
2,1,2,1,350.9603,1 4,West,1,0,9
2,1,2,1,351.6002,1 4,South,1,0,9
2,1,2,2,352.3201,2 4,South,1,0,9
2,1,2,3,352.908,2 4,West,1,0,9
2,1,2,2,353.6295,2 3,West,1,0,9
2,1,2,2,354.4153,2 2,West,1,0,9
2,1,2,3,355.1495,2 2,North,1,0,9
2,1,2,2,355.9047,2 2,North,1,0,10
2,1,2,1,356.3003,2 2,West,1,0,10
2,1,2,2,357.0277,2 1,West,1,0,10
2,1,2,3,357.8395,2 1,North,1,0,10
2,1,2,2,358.4499,1 1,North,1,0,10
2,1,2,6,358.84,1 1,North,1,1,10
2,1,2,1,359.2356,1 1,West,1,1,10
2,1,2,1,359.9999,1 1,South,1,1,10
2,1,2,1,361.1677,1 1,East,1,1,10
2,1,2,2,362.191,1 2,East,1,1,10
2,1,2,2,363.0276,1 2,East,1,1,11
2,1,2,3,363.5165,1 2,South,1,1,11
2,1,2,2,364.1628,1 2,South,1,1,12
2,1,2,2,364.5915,1 2,South,1,1,13
2,1,2,1,364.8968,1 2,East,1,1,13
2,1,2,1,365.4097,1 2,North,1,1,13
2,1,2,2,366.0022,1 2,North,1,1,14
2,1,2,3,366.6369,1 2,East,1,1,14
2,1,2,3,368.014,1 2,South,1,1,14
2,1,2,2,368.9244,1 2,South,1,1,15
2,1,2,3,369.3446,1 2,West,1,1,15
2,1,2,2,370.0495,1 1,West,1,1,15
2,1,2,1,370.5751,1 1,South,1,1,15
2,1,2,2,371.2027,2 1,South,1,1,15
2,1,2,1,372.0792,2 1,East,1,1,15
2,1,2,2,372.724,2 2,East,1,1,15
2,1,2,2,373.4034,2 3,East,1,1,15
2,1,2,2,374.0275,2 4,East,1,1,15
2,1,2,6,374.44,2 4,East,1,2,15
2,1,2,3,374.9917,2 4,South,1,2,15
2,1,2,2,376.2762,3 4,South,1,2,15
2,1,2,3,377.1392,3 4,West,1,2,15
2,1,2,2,377.8907,3 4,West,1,2,16
2,1,2,3,378.3705,3 4,North,1,2,16
2,1,2,2,379.058,2 4,North,1,2,16
2,1,2,1,379.7928,2 4,West,1,2,16
2,1,2,2,380.5077,2 3,West,1,2,16
2,1,2,1,381.3076,2 3,South,1,2,16
2,1,2,2,382.011,3 3,South,1,2,16
2,1,2,6,382.4,3 3,South,1,3,16
2,1,2,3,382.9116,3 3,West,1,3,16
2,1,2,3,383.4685,3 3,North,1,3,16
2,1,2,2,384.2108,2 3,North,1,3,16
2,1,2,2,384.8968,1 3,North,1,3,16
2,1,2,2,385.7459,1 3,North,1,3,17
2,1,2,1,386.1604,1 3,West,1,3,17
2,1,2,2,387.1157,1 3,West,1,3,18
2,1,2,1,387.4902,1 3,South,1,3,18
2,1,2,2,388.1093,2 3,South,1,3,18
2,1,2,3,388.9394,2 3,West,1,3,18
2,1,2,2,389.5873,2 2,West,1,3,18
2,1,2,3,390.318,2 2,North,1,3,18
2,1,2,2,390.9583,2 2,North,1,3,19
2,1,2,1,391.4836,2 2,West,1,3,19
2,1,2,2,392.2195,2 1,West,1,3,19
2,1,2,3,393.0063,2 1,North,1,3,19
2,1,2,2,393.5373,1 1,North,1,3,19
2,1,2,2,394.434,0 1,North,1,3,19
2,1,2,3,395.2781,0 1,East,1,3,19
2,1,2,2,395.9672,0 1,East,1,3,20
2,1,2,3,396.4187,0 1,South,1,3,20
2,1,2,2,397.1803,1 1,South,1,3,20
2,1,2,1,397.9183,1 1,East,1,3,20
2,1,2,2,398.5444,1 2,East,1,3,20
2,1,2,1,399.312,1 2,North,1,3,20
2,1,2,2,399.98,1 2,North,1,3,21
2,1,2,3,400.592,1 2,East,1,3,21
2,1,2,2,401.2621,1 2,East,1,3,22
2,1,2,3,401.6933,1 2,South,1,3,22
2,1,2,2,402.4041,1 2,South,1,3,23
2,1,2,3,403.0735,1 2,West,1,3,23
2,1,2,2,403.6517,1 1,West,1,3,23
2,1,2,1,404.2411,1 1,South,1,3,23
2,1,2,2,404.9757,2 1,South,1,3,23
2,1,2,1,405.5665,2 1,East,1,3,23
2,1,2,2,406.222,2 2,East,1,3,23
2,1,2,1,406.9408,2 2,North,1,3,23
2,1,2,2,407.5534,2 2,North,1,3,24
2,1,2,3,408.0594,2 2,East,1,3,24
2,1,2,2,408.7172,2 3,East,1,3,24
2,1,2,1,409.2605,2 3,North,1,3,24
2,1,2,2,409.9843,1 3,North,1,3,24
2,1,2,1,410.8837,1 3,West,1,3,24
2,1,2,3,411.5981,1 3,North,1,3,24
2,1,2,2,412.2567,1 3,North,1,3,25
2,1,2,1,412.6698,1 3,West,1,3,25
2,1,2,2,413.377,1 3,West,1,3,26
2,1,2,3,413.9247,1 3,North,1,3,26
2,1,2,3,414.7477,1 3,East,1,3,26
2,1,2,3,415.599,1 3,South,1,3,26
2,1,2,2,416.256,2 3,South,1,3,26
2,1,2,1,416.8959,2 3,East,1,3,26
2,1,2,2,417.601,2 4,East,1,3,26
2,1,2,1,418.4036,2 4,North,1,3,26
2,1,2,2,419.1877,1 4,North,1,3,26
2,1,2,1,419.7919,1 4,West,1,3,26
2,1,2,2,420.4132,1 4,West,1,3,27
2,1,2,1,420.9936,1 4,South,1,3,27
2,1,2,1,421.6149,1 4,East,1,3,27
2,1,2,3,422.4283,1 4,South,1,3,27
2,1,2,2,423.7776,2 4,South,1,3,27
2,1,2,3,424.655,2 4,West,1,3,27
2,1,2,2,425.3092,2 3,West,1,3,27
2,1,2,3,425.858,2 3,North,1,3,27
2,1,2,2,426.4293,1 3,North,1,3,27
2,1,2,2,427.2317,1 3,North,1,3,28
2,1,2,1,427.6764,1 3,West,1,3,28
2,1,2,2,428.4915,1 3,West,1,3,29
2,1,2,1,428.8932,1 3,South,1,3,29
2,1,2,2,429.5661,2 3,South,1,3,29
2,1,2,3,430.3558,2 3,West,1,3,29
2,1,2,2,431.1187,2 2,West,1,3,29
2,1,2,3,431.7265,2 2,North,1,3,29
2,1,2,2,432.3037,2 2,North,1,3,30
2,1,2,1,432.978,2 2,West,1,3,30
2,1,2,2,433.6825,2 1,West,1,3,30
2,1,2,3,434.2256,2 1,North,1,3,30
2,1,2,2,434.892,1 1,North,1,3,30
2,1,2,3,435.6132,1 1,East,1,3,30
2,1,2,2,436.2441,1 2,East,1,3,30
2,1,2,1,436.7718,1 2,North,1,3,30
2,1,2,2,437.3889,1 2,North,1,3,31
2,1,2,1,437.9234,1 2,West,1,3,31
2,1,2,2,439.0034,1 1,West,1,3,31
2,1,2,3,439.5997,1 1,North,1,3,31
2,1,2,2,440.2259,0 1,North,1,3,31
2,1,2,3,440.7316,0 1,East,1,3,31
2,1,2,2,441.3096,0 1,East,1,3,32
2,1,2,3,441.9642,0 1,South,1,3,32
2,1,2,2,442.6069,1 1,South,1,3,32
2,1,2,1,443.2194,1 1,East,1,3,32
2,1,2,2,443.8515,1 2,East,1,3,32
2,1,2,1,444.5875,1 2,North,1,3,32
2,1,2,2,445.1525,1 2,North,1,3,33
2,1,2,3,445.7117,1 2,East,1,3,33
2,1,2,2,446.3642,1 2,East,1,3,34
2,1,2,3,446.8138,1 2,South,1,3,34
2,1,2,2,447.4116,1 2,South,1,3,35
2,1,2,3,448.0987,1 2,West,1,3,35
2,1,2,2,448.7237,1 1,West,1,3,35
2,1,2,1,449.5811,1 1,South,1,3,35
2,1,2,2,450.2541,2 1,South,1,3,35
2,1,2,1,450.7878,2 1,East,1,3,35
2,1,2,2,451.3914,2 2,East,1,3,35
2,1,2,1,451.918,2 2,North,1,3,35
2,1,2,2,452.6126,2 2,North,1,3,36
2,1,2,3,453.1367,2 2,East,1,3,36
2,1,2,2,453.8253,2 3,East,1,3,36
2,1,2,1,454.384,2 3,North,1,3,36
2,1,2,2,455.0609,1 3,North,1,3,36
2,1,2,2,455.8887,1 3,North,1,3,37
2,1,2,1,456.3025,1 3,West,1,3,37
2,1,2,2,456.8954,1 3,West,1,3,38
2,1,2,1,457.2793,1 3,South,1,3,38
2,1,2,2,458.0836,2 3,South,1,3,38
2,1,2,2,458.899,3 3,South,1,3,38
2,1,2,2,459.5193,4 3,South,1,3,38
2,1,2,1,460.0428,4 3,East,1,3,38
2,1,2,2,460.6704,4 4,East,1,3,38
2,1,2,1,461.1852,4 4,North,1,3,38
2,1,2,2,462.3984,3 4,North,1,3,38
2,1,2,2,463.6119,2 4,North,1,3,38
2,1,2,2,464.3498,1 4,North,1,3,38
2,1,2,2,464.9911,0 4,North,1,3,38
2,1,2,1,465.5544,0 4,West,1,3,38
2,1,2,2,466.3086,0 3,West,1,3,38
2,1,2,2,467.0044,0 2,West,1,3,38
2,1,2,6,467.42,0 2,West,1,4,38
2,1,2,2,467.87,0 2,West,1,4,39
2,1,2,1,468.515,0 2,South,1,4,39
2,1,2,1,469.1237,0 2,East,1,4,39
2,1,2,2,469.7796,0 3,East,1,4,39
2,1,2,3,470.6057,0 3,South,1,4,39
2,1,2,2,471.3762,0 3,South,1,4,40
2,1,2,1,471.8998,0 3,East,1,4,40
2,1,2,2,472.6198,0 4,East,1,4,40
2,1,2,3,473.3412,0 4,South,1,4,40
2,1,2,3,474.3005,0 4,West,1,4,40
2,1,2,1,474.8338,0 4,South,1,4,40
2,1,2,2,475.4716,1 4,South,1,4,40
2,1,2,3,476.2265,1 4,West,1,4,40
2,1,2,2,476.9766,1 4,West,1,4,41
2,1,2,3,477.3958,1 4,North,1,4,41
2,1,2,2,478.0484,0 4,North,1,4,41
2,1,2,1,478.7863,0 4,West,1,4,41
2,1,2,2,479.492,0 3,West,1,4,41
2,1,2,1,480.1241,0 3,South,1,4,41
2,1,2,2,480.8818,0 3,South,1,4,42
2,1,2,1,481.3132,0 3,East,1,4,42
2,1,2,2,481.9848,0 4,East,1,4,42
2,1,2,3,482.7809,0 4,South,1,4,42
2,1,2,2,483.3559,1 4,South,1,4,42
2,1,2,2,484.0515,2 4,South,1,4,42
2,1,2,3,484.9786,2 4,West,1,4,42
2,1,2,2,485.6798,2 3,West,1,4,42
2,1,2,3,486.3012,2 3,North,1,4,42
2,1,2,2,486.9119,1 3,North,1,4,42
2,1,2,6,487.3,1 3,North,1,5,42
2,1,2,1,487.8208,1 3,West,1,5,42
2,1,2,2,488.4305,1 3,West,1,5,43
2,1,2,1,488.9475,1 3,South,1,5,43
2,1,2,2,489.5571,2 3,South,1,5,43
2,1,2,3,490.2729,2 3,West,1,5,43
2,1,2,2,490.8795,2 2,West,1,5,43
2,1,2,3,491.4095,2 2,North,1,5,43
2,1,2,2,492.0186,2 2,North,1,5,44
2,1,2,1,492.4604,2 2,West,1,5,44
2,1,2,2,493.1418,2 1,West,1,5,44
2,1,2,3,493.9978,2 1,North,1,5,44
2,1,2,2,494.7981,1 1,North,1,5,44
2,1,2,2,495.6464,0 1,North,1,5,44
2,1,2,6,496.02,0 1,North,1,6,44
2,1,2,1,496.5728,0 1,West,1,6,44
2,1,2,1,497.3897,0 1,South,1,6,44
2,1,2,2,498.4813,1 1,South,1,6,44
2,1,2,1,499.1156,1 1,East,1,6,44
2,1,2,3,499.8848,1 1,South,1,6,44
2,1,2,2,500.4593,2 1,South,1,6,44
2,1,2,1,501.2004,2 1,East,1,6,44
2,1,2,2,501.8066,2 2,East,1,6,44
2,1,2,2,503.1167,2 3,East,1,6,44
2,1,2,6,503.52,2 3,East,1,7,44
2,1,2,3,504.4688,2 3,South,1,7,44
2,1,2,2,505.6752,3 3,South,1,7,44
2,1,2,3,506.2192,3 3,West,1,7,44
2,1,2,2,506.924,3 2,West,1,7,44
2,1,2,6,507.34,3 2,West,1,8,44
0,1,3,2,512.5894,3 4,North,1,0,44
0,1,3,2,513.1859,2 4,North,1,0,44
0,1,3,1,513.7935,2 4,West,1,0,44
0,1,3,2,514.5084,2 3,West,1,0,44
0,1,3,3,515.166,2 3,North,1,0,44
0,1,3,2,515.8906,1 3,North,1,0,44
0,1,3,6,516.28,1 3,North,1,1,44
0,1,3,1,517.5327,1 3,West,1,1,44
0,1,3,1,518.1588,1 3,South,1,1,44
0,1,3,3,518.9164,1 3,West,1,1,44
0,1,3,1,519.7747,1 3,South,1,1,44
0,1,3,2,520.4485,2 3,South,1,1,44
0,1,3,3,521.0746,2 3,West,1,1,44
0,1,3,2,521.7918,2 2,West,1,1,44
0,1,3,6,522.2,2 2,West,1,2,44
0,1,3,2,522.7841,2 1,West,1,2,44
0,1,3,3,523.3922,2 1,North,1,2,44
0,1,3,2,523.9967,1 1,North,1,2,44
0,1,3,1,524.7999,1 1,West,1,2,44
0,1,3,2,525.57,1 0,West,1,2,44
0,1,3,6,525.98,1 0,West,1,3,44
0,1,3,1,526.2112,1 0,South,1,3,44
0,1,3,1,526.8472,1 0,East,1,3,44
0,1,3,2,527.6642,1 1,East,1,3,44
0,1,3,3,528.1753,1 1,South,1,3,44
0,1,3,2,528.8356,2 1,South,1,3,44
0,1,3,1,529.7434,2 1,East,1,3,44
0,1,3,2,530.3333,2 2,East,1,3,44
0,1,3,3,530.9421,2 2,South,1,3,44
0,1,3,1,531.5823,2 2,East,1,3,44
0,1,3,2,532.1305,2 3,East,1,3,44
0,1,3,3,532.6846,2 3,South,1,3,44
0,1,3,2,533.3473,3 3,South,1,3,44
0,1,3,2,534.2079,4 3,South,1,3,44
0,1,3,6,534.58,4 3,South,1,4,44
0,1,3,1,535.0399,4 3,East,1,4,44
0,1,3,1,535.7458,4 3,North,1,4,44
0,1,3,2,536.4766,3 3,North,1,4,44
0,1,3,3,537.3294,3 3,East,1,4,44
0,1,3,1,537.9645,3 3,North,1,4,44
0,1,3,2,538.5875,2 3,North,1,4,44
0,1,3,3,539.139,2 3,East,1,4,44
0,1,3,2,539.7398,2 4,East,1,4,44
0,1,3,1,540.4496,2 4,North,1,4,44
0,1,3,2,541.0358,1 4,North,1,4,44
0,1,3,6,541.42,1 4,North,1,5,44
0,1,3,2,542.1598,0 4,North,1,5,44
0,1,3,1,542.9557,0 4,West,1,5,44
0,1,3,1,543.7596,0 4,South,1,5,44
0,1,3,2,544.4011,1 4,South,1,5,44
0,1,3,2,544.9904,2 4,South,1,5,44
0,1,3,3,545.6153,2 4,West,1,5,44
0,1,3,2,546.3069,2 3,West,1,5,44
0,1,3,2,546.9441,2 2,West,1,5,44
0,1,3,2,547.8849,2 1,West,1,5,44
0,1,3,1,548.5615,2 1,South,1,5,44
0,1,3,2,549.1655,3 1,South,1,5,44
0,1,3,3,550.0463,3 1,West,1,5,44
0,1,3,2,550.6064,3 0,West,1,5,44
0,1,3,1,551.281,3 0,South,1,5,44
0,1,3,1,551.939,3 0,East,1,5,44
0,1,3,2,552.5251,3 1,East,1,5,44
0,1,3,1,553.1392,3 1,North,1,5,44
0,1,3,2,553.7949,2 1,North,1,5,44
0,1,3,2,554.6362,1 1,North,1,5,44
0,1,3,2,555.2429,0 1,North,1,5,44
0,1,3,1,556.0611,0 1,West,1,5,44
0,1,3,2,556.5932,0 0,West,1,5,44
0,1,3,6,557,0 0,West,1,6,44
0,1,3,1,557.2834,0 0,South,1,6,44
0,1,3,1,558.1093,0 0,East,1,6,44
0,1,3,2,558.7338,0 1,East,1,6,44
0,1,3,3,559.5349,0 1,South,1,6,44
0,1,3,2,560.0955,1 1,South,1,6,44
0,1,3,2,560.622,2 1,South,1,6,44
0,1,3,1,561.2147,2 1,East,1,6,44
0,1,3,2,562.0643,2 2,East,1,6,44
0,1,3,2,562.7371,2 3,East,1,6,44
0,1,3,2,563.3736,2 4,East,1,6,44
0,1,3,3,564.256,2 4,South,1,6,44
0,1,3,3,564.8021,2 4,West,1,6,44
0,1,3,1,565.6276,2 4,South,1,6,44
0,1,3,2,566.2833,3 4,South,1,6,44
0,1,3,3,567.1035,3 4,West,1,6,44
0,1,3,1,567.8044,3 4,South,1,6,44
0,1,3,2,568.4356,4 4,South,1,6,44
0,1,3,3,569.1718,4 4,West,1,6,44
0,1,3,2,569.7398,4 3,West,1,6,44
0,1,3,2,570.4019,4 2,West,1,6,44
0,1,3,2,571.1038,4 1,West,1,6,44
0,1,3,6,571.52,4 1,West,1,7,44
0,1,3,3,572.7507,4 1,North,1,7,44
0,1,3,3,573.7785,4 1,East,1,7,44
0,1,3,2,574.3094,4 2,East,1,7,44
0,1,3,1,575.0078,4 2,North,1,7,44
0,1,3,2,575.549,3 2,North,1,7,44
0,1,3,1,576.3195,3 2,West,1,7,44
0,1,3,3,577.3925,3 2,North,1,7,44
0,1,3,2,577.9866,2 2,North,1,7,44
0,1,3,1,578.7642,2 2,West,1,7,44
0,1,3,2,579.3452,2 1,West,1,7,44
0,1,3,3,579.95,2 1,North,1,7,44
0,1,3,2,580.5463,1 1,North,1,7,44
0,1,3,2,581.1949,0 1,North,1,7,44
0,1,3,1,581.9492,0 1,West,1,7,44
0,1,3,1,582.5007,0 1,South,1,7,44
0,1,3,2,583.2286,1 1,South,1,7,44
0,1,3,2,584.0975,2 1,South,1,7,44
0,1,3,2,585.1183,3 1,South,1,7,44
0,1,3,3,585.7935,3 1,West,1,7,44
0,1,3,2,586.4917,3 0,West,1,7,44
0,1,3,1,587.0724,3 0,South,1,7,44
0,1,3,1,587.9008,3 0,East,1,7,44
0,1,3,1,588.6531,3 0,North,1,7,44
0,1,3,3,589.1705,3 0,East,1,7,44
0,1,3,2,589.838,3 1,East,1,7,44
0,1,3,1,590.4791,3 1,North,1,7,44
0,1,3,2,591.1005,2 1,North,1,7,44
0,1,3,3,591.8085,2 1,East,1,7,44
0,1,3,2,592.6259,2 2,East,1,7,44
0,1,3,2,593.1796,2 3,East,1,7,44
0,1,3,2,593.7958,2 4,East,1,7,44
0,1,3,3,594.5717,2 4,South,1,7,44
0,1,3,3,595.3253,2 4,West,1,7,44
0,1,3,3,596.5264,2 4,North,1,7,44
0,1,3,2,597.2831,1 4,North,1,7,44
0,1,3,2,597.8672,0 4,North,1,7,44
0,1,3,6,598.24,0 4,North,1,8,44
2,1,3,2,601.8034,3 4,North,1,0,0
2,1,3,2,602.6733,2 4,North,1,0,0
2,1,3,1,603.2192,2 4,West,1,0,0
2,1,3,2,603.9857,2 3,West,1,0,0
2,1,3,2,604.7234,2 2,West,1,0,0
2,1,3,6,605.14,2 2,West,1,1,0
2,1,3,3,605.5541,2 2,North,1,1,0
2,1,3,2,606.4799,2 2,North,1,1,1
2,1,3,3,607.1049,2 2,East,1,1,1
2,1,3,2,607.7414,2 3,East,1,1,1
2,1,3,1,608.5146,2 3,North,1,1,1
2,1,3,2,609.2524,1 3,North,1,1,1
2,1,3,6,609.64,1 3,North,1,2,1
2,1,3,3,610.1711,1 3,East,1,2,1
2,1,3,3,610.8138,1 3,South,1,2,1
2,1,3,2,611.6626,2 3,South,1,2,1
2,1,3,2,612.5111,3 3,South,1,2,1
2,1,3,2,613.8191,4 3,South,1,2,1
2,1,3,3,614.332,4 3,West,1,2,1
2,1,3,2,615.0126,4 2,West,1,2,1
2,1,3,2,615.7968,4 1,West,1,2,1
2,1,3,6,616.2,4 1,West,1,3,1
2,1,3,3,616.5954,4 1,North,1,3,1
2,1,3,2,617.3754,4 1,North,1,3,2
2,1,3,1,618.129,4 1,West,1,3,2
2,1,3,2,618.9169,4 1,West,1,3,3
2,1,3,1,619.314,4 1,South,1,3,3
2,1,3,1,619.8831,4 1,East,1,3,3
2,1,3,2,620.6581,4 2,East,1,3,3
2,1,3,2,621.8516,4 3,East,1,3,3
2,1,3,1,622.5721,4 3,North,1,3,3
2,1,3,2,623.3931,3 3,North,1,3,3
2,1,3,1,624.2863,3 3,West,1,3,3
2,1,3,2,625.0573,3 2,West,1,3,3
2,1,3,2,625.7892,3 2,West,1,3,4
2,1,3,3,626.7388,3 2,North,1,3,4
2,1,3,2,627.3403,2 2,North,1,3,4
2,1,3,1,627.9514,2 2,West,1,3,4
2,1,3,2,628.7818,2 1,West,1,3,4
2,1,3,2,629.8417,2 1,West,1,3,5
2,1,3,3,630.3038,2 1,North,1,3,5
2,1,3,2,631.0227,1 1,North,1,3,5
2,1,3,1,631.7886,1 1,West,1,3,5
2,1,3,2,632.5139,1 0,West,1,3,5
2,1,3,6,632.94,1 0,West,1,4,5
2,1,3,3,633.3414,1 0,North,1,4,5
2,1,3,3,634.2072,1 0,East,1,4,5
2,1,3,2,635.2468,1 1,East,1,4,5
2,1,3,3,635.9024,1 1,South,1,4,5
2,1,3,2,636.7193,2 1,South,1,4,5
2,1,3,6,637.1,2 1,South,1,5,5
2,1,3,2,637.6923,3 1,South,1,5,5
2,1,3,2,638.4959,3 1,South,1,5,6
2,1,3,3,638.9769,3 1,West,1,5,6
2,1,3,2,639.7139,3 0,West,1,5,6
2,1,3,1,640.4976,3 0,South,1,5,6
2,1,3,2,641.2843,4 0,South,1,5,6
2,1,3,6,641.66,4 0,South,1,6,6
2,1,3,1,641.9974,4 0,East,1,6,6
2,1,3,2,643.1038,4 0,East,1,6,7
2,1,3,1,643.6609,4 0,North,1,6,7
2,1,3,2,644.3212,3 0,North,1,6,7
2,1,3,2,645.4686,3 0,North,1,6,8
2,1,3,3,646.0673,3 0,East,1,6,8
2,1,3,2,646.6915,3 1,East,1,6,8
2,1,3,2,647.7751,3 1,East,1,6,9
2,1,3,1,648.2034,3 1,North,1,6,9
2,1,3,2,648.8768,2 1,North,1,6,9
2,1,3,3,649.7902,2 1,East,1,6,9
2,1,3,2,650.6259,2 2,East,1,6,9
2,1,3,2,651.4413,2 3,East,1,6,9
2,1,3,1,652.3663,2 3,North,1,6,9
2,1,3,2,653.091,1 3,North,1,6,9
2,1,3,3,653.9025,1 3,East,1,6,9
2,1,3,2,654.6105,1 3,East,1,6,10
2,1,3,3,655.1019,1 3,South,1,6,10
2,1,3,2,655.7806,2 3,South,1,6,10
2,1,3,1,656.5146,2 3,East,1,6,10
2,1,3,2,657.2912,2 4,East,1,6,10
2,1,3,1,657.9006,2 4,North,1,6,10
2,1,3,2,658.6113,1 4,North,1,6,10
2,1,3,6,659,1 4,North,1,7,10
2,1,3,1,659.7738,1 4,West,1,7,10
2,1,3,2,660.6528,1 4,West,1,7,11
2,1,3,1,661.1854,1 4,South,1,7,11
2,1,3,2,661.8052,2 4,South,1,7,11
2,1,3,3,662.5807,2 4,West,1,7,11
2,1,3,2,663.3586,2 3,West,1,7,11
2,1,3,2,664.3478,2 2,West,1,7,11
2,1,3,2,665.2017,2 1,West,1,7,11
2,1,3,2,665.9357,2 1,West,1,7,12
2,1,3,1,666.4638,2 1,South,1,7,12
2,1,3,2,667.137,3 1,South,1,7,12
2,1,3,3,667.6923,3 1,West,1,7,12
2,1,3,2,668.302,3 0,West,1,7,12
2,1,3,3,668.9133,3 0,North,1,7,12
2,1,3,2,669.582,3 0,North,1,7,13
2,1,3,3,670.1282,3 0,East,1,7,13
2,1,3,2,670.7395,3 1,East,1,7,13
2,1,3,1,671.5361,3 1,North,1,7,13
2,1,3,2,672.1234,2 1,North,1,7,13
2,1,3,1,672.6548,2 1,West,1,7,13
2,1,3,2,673.2285,2 1,West,1,7,14
2,1,3,3,673.6501,2 1,North,1,7,14
2,1,3,2,674.2528,1 1,North,1,7,14
2,1,3,1,674.7863,1 1,West,1,7,14
2,1,3,2,675.3564,1 0,West,1,7,14
2,1,3,1,675.9403,1 0,South,1,7,14
2,1,3,2,676.6376,2 0,South,1,7,14
2,1,3,6,677.02,2 0,South,1,8,14
0,2,4,2,680.4318,3 4,North,1,0,14
0,2,4,1,681.6337,3 4,West,1,0,14
0,2,4,3,682.6521,3 4,North,1,0,14
0,2,4,2,683.2932,2 4,North,1,0,14
0,2,4,1,683.9815,2 4,West,1,0,14
0,2,4,2,684.6395,2 3,West,1,0,14
0,2,4,2,685.6142,2 2,West,1,0,14
0,2,4,2,686.7659,2 1,West,1,0,14
0,2,4,3,687.346,2 1,North,1,0,14
0,2,4,2,687.9799,1 1,North,1,0,14
0,2,4,1,688.7167,1 1,West,1,0,14
0,2,4,2,689.4853,1 0,West,1,0,14
0,2,4,6,689.9,1 0,West,1,1,14
0,2,4,1,690.2852,1 0,South,1,1,14
0,2,4,1,690.8757,1 0,East,1,1,14
0,2,4,2,691.5801,1 1,East,1,1,14
0,2,4,3,692.4504,1 1,South,1,1,14
0,2,4,2,693.2479,2 1,South,1,1,14
0,2,4,2,693.8096,3 1,South,1,1,14
0,2,4,3,694.3654,3 1,West,1,1,14
0,2,4,2,695.085,3 0,West,1,1,14
0,2,4,1,695.6755,3 0,South,1,1,14
0,2,4,1,696.3237,3 0,East,1,1,14
0,2,4,1,697.0903,3 0,North,1,1,14
0,2,4,3,697.6317,3 0,East,1,1,14
0,2,4,2,698.2211,3 1,East,1,1,14
0,2,4,1,698.9321,3 1,North,1,1,14
0,2,4,2,699.4755,2 1,North,1,1,14
0,2,4,3,700.1901,2 1,East,1,1,14
0,2,4,2,700.7051,2 2,East,1,1,14
0,2,4,2,701.3914,2 3,East,1,1,14
0,2,4,2,701.9546,2 4,East,1,1,14
0,2,4,3,702.4665,2 4,South,1,1,14
0,2,4,3,703.0706,2 4,West,1,1,14
0,2,4,2,703.9052,2 3,West,1,1,14
0,2,4,2,704.8043,2 2,West,1,1,14
0,2,4,2,705.4402,2 1,West,1,1,14
0,2,4,1,706.2241,2 1,South,1,1,14
0,2,4,1,706.8945,2 1,East,1,1,14
0,2,4,2,707.5374,2 2,East,1,1,14
0,2,4,2,708.3204,2 3,East,1,1,14
0,2,4,1,708.8613,2 3,North,1,1,14
0,2,4,3,709.677,2 3,East,1,1,14
0,2,4,2,710.2875,2 4,East,1,1,14
0,2,4,1,710.8639,2 4,North,1,1,14
0,2,4,2,711.5714,1 4,North,1,1,14
0,2,4,1,712.3213,1 4,West,1,1,14
0,2,4,3,713.1315,1 4,North,1,1,14
0,2,4,2,713.709,0 4,North,1,1,14
0,2,4,1,714.2672,0 4,West,1,1,14
0,2,4,2,714.8488,0 3,West,1,1,14
0,2,4,6,715.26,0 3,West,1,2,14
0,2,4,1,715.3918,0 3,South,1,2,14
0,2,4,1,716.1915,0 3,East,1,2,14
0,2,4,2,716.7808,0 4,East,1,2,14
0,2,4,3,717.4921,0 4,South,1,2,14
0,2,4,2,718.1082,1 4,South,1,2,14
0,2,4,2,718.6213,2 4,South,1,2,14
0,2,4,3,719.1705,2 4,West,1,2,14
0,2,4,2,719.8558,2 3,West,1,2,14
0,2,4,2,720.5145,2 2,West,1,2,14
0,2,4,2,721.2645,2 1,West,1,2,14
0,2,4,3,722.0494,2 1,North,1,2,14
0,2,4,2,722.7028,1 1,North,1,2,14
0,2,4,3,723.3787,1 1,East,1,2,14
0,2,4,2,723.9684,1 2,East,1,2,14
0,2,4,6,724.38,1 2,East,1,3,14
0,2,4,1,724.4949,1 2,North,1,3,14
0,2,4,1,725.1837,1 2,West,1,3,14
0,2,4,2,725.7156,1 1,West,1,3,14
0,2,4,3,726.2836,1 1,North,1,3,14
0,2,4,2,726.8433,0 1,North,1,3,14
0,2,4,1,727.3621,0 1,West,1,3,14
0,2,4,2,727.9056,0 0,West,1,3,14
0,2,4,6,728.32,0 0,West,1,4,14
0,2,4,1,728.5933,0 0,South,1,4,14
0,2,4,1,729.1664,0 0,East,1,4,14
0,2,4,2,729.7466,0 1,East,1,4,14
0,2,4,3,730.5783,0 1,South,1,4,14
0,2,4,2,731.1538,1 1,South,1,4,14
0,2,4,2,731.7953,2 1,South,1,4,14
0,2,4,2,732.6268,3 1,South,1,4,14
0,2,4,3,733.5315,3 1,West,1,4,14
0,2,4,2,734.0826,3 0,West,1,4,14
0,2,4,1,734.7021,3 0,South,1,4,14
0,2,4,1,735.5334,3 0,East,1,4,14
0,2,4,1,736.2088,3 0,North,1,4,14
0,2,4,3,737.0576,3 0,East,1,4,14
0,2,4,2,737.6479,3 1,East,1,4,14
0,2,4,1,738.4036,3 1,North,1,4,14
0,2,4,2,738.9949,2 1,North,1,4,14
0,2,4,3,739.8839,2 1,East,1,4,14
0,2,4,2,740.4003,2 2,East,1,4,14
0,2,4,2,741.0712,2 3,East,1,4,14
0,2,4,3,741.728,2 3,South,1,4,14
0,2,4,1,742.7071,2 3,East,1,4,14
0,2,4,2,743.3234,2 4,East,1,4,14
0,2,4,1,743.9014,2 4,North,1,4,14
0,2,4,2,744.525,1 4,North,1,4,14
0,2,4,6,744.9,1 4,North,1,5,14
0,2,4,1,745.3273,1 4,West,1,5,14
0,2,4,1,745.8708,1 4,South,1,5,14
0,2,4,3,746.6074,1 4,West,1,5,14
0,2,4,1,747.356,1 4,South,1,5,14
0,2,4,2,747.9902,2 4,South,1,5,14
0,2,4,3,748.4988,2 4,West,1,5,14
0,2,4,2,749.3909,2 3,West,1,5,14
0,2,4,2,750.1754,2 2,West,1,5,14
0,2,4,2,750.8135,2 1,West,1,5,14
0,2,4,1,751.3594,2 1,South,1,5,14
0,2,4,2,751.9893,3 1,South,1,5,14
0,2,4,3,752.5255,3 1,West,1,5,14
0,2,4,2,753.1235,3 0,West,1,5,14
0,2,4,1,753.9857,3 0,South,1,5,14
0,2,4,1,754.6068,3 0,East,1,5,14
0,2,4,2,755.2619,3 1,East,1,5,14
0,2,4,1,755.7918,3 1,North,1,5,14
0,2,4,2,756.4328,2 1,North,1,5,14
0,2,4,2,756.9754,1 1,North,1,5,14
0,2,4,2,757.8849,0 1,North,1,5,14
0,2,4,6,758.26,0 1,North,1,6,14
0,2,4,1,758.412,0 1,West,1,6,14
0,2,4,1,758.9615,0 1,South,1,6,14
0,2,4,2,759.5373,1 1,South,1,6,14
0,2,4,1,760.3982,1 1,East,1,6,14
0,2,4,3,760.9922,1 1,South,1,6,14
0,2,4,2,761.5804,2 1,South,1,6,14
0,2,4,1,762.3687,2 1,East,1,6,14
0,2,4,2,762.9572,2 2,East,1,6,14
0,2,4,3,763.7926,2 2,South,1,6,14
0,2,4,2,764.5934,3 2,South,1,6,14
0,2,4,2,765.2488,4 2,South,1,6,14
0,2,4,1,765.9152,4 2,East,1,6,14
0,2,4,2,766.6544,4 3,East,1,6,14
0,2,4,6,767.06,4 3,East,1,7,14
0,2,4,2,767.229,4 4,East,1,7,14
0,2,4,1,768.0003,4 4,North,1,7,14
0,2,4,2,768.6707,3 4,North,1,7,14
0,2,4,2,769.6608,2 4,North,1,7,14
0,2,4,2,770.1729,1 4,North,1,7,14
0,2,4,2,770.7864,0 4,North,1,7,14
0,2,4,6,771.16,0 4,North,1,8,14
2,2,4,2,776.3409,3 4,North,1,0,0
2,2,4,2,776.9442,2 4,North,1,0,0
2,2,4,2,777.5652,1 4,North,1,0,0
2,2,4,1,778.4971,1 4,West,1,0,0
2,2,4,2,779.2319,1 4,West,1,0,1
2,2,4,3,779.8533,1 4,North,1,0,1
2,2,4,2,780.532,0 4,North,1,0,1
2,2,4,1,781.2953,0 4,West,1,0,1
2,2,4,2,781.9827,0 3,West,1,0,1
2,2,4,2,782.7192,0 2,West,1,0,1
2,2,4,1,783.4242,0 2,South,1,0,1
2,2,4,2,784.1085,0 2,South,1,0,2
2,2,4,1,784.557,0 2,East,1,0,2
2,2,4,2,785.1818,0 3,East,1,0,2
2,2,4,3,785.7444,0 3,South,1,0,2
2,2,4,2,786.3343,0 3,South,1,0,3
2,2,4,3,787.043,0 3,West,1,0,3
2,2,4,3,787.7109,0 3,North,1,0,3
2,2,4,1,788.5161,0 3,West,1,0,3
2,2,4,2,789.1804,0 2,West,1,0,3
2,2,4,2,789.8384,0 2,West,1,0,4
2,2,4,2,790.4631,0 2,West,1,0,5
2,2,4,1,790.7807,0 2,South,1,0,5
2,2,4,1,791.4858,0 2,East,1,0,5
2,2,4,2,792.1102,0 3,East,1,0,5
2,2,4,2,792.8437,0 4,East,1,0,5
2,2,4,3,793.6767,0 4,South,1,0,5
2,2,4,2,794.355,1 4,South,1,0,5
2,2,4,3,794.9741,1 4,West,1,0,5
2,2,4,2,795.6144,1 4,West,1,0,6
2,2,4,1,796.0815,1 4,South,1,0,6
2,2,4,2,796.6259,2 4,South,1,0,6
2,2,4,3,797.1687,2 4,West,1,0,6
2,2,4,2,797.7944,2 3,West,1,0,6
2,2,4,2,798.4461,2 2,West,1,0,6
2,2,4,3,799.2968,2 2,North,1,0,6
2,2,4,2,800.029,2 2,North,1,0,7
2,2,4,3,800.6064,2 2,East,1,0,7
2,2,4,2,801.1853,2 3,East,1,0,7
2,2,4,1,801.7272,2 3,North,1,0,7
2,2,4,2,802.478,1 3,North,1,0,7
2,2,4,1,803.2529,1 3,West,1,0,7
2,2,4,2,803.8713,1 3,West,1,0,8
2,2,4,1,804.3666,1 3,South,1,0,8
2,2,4,2,805.038,2 3,South,1,0,8
2,2,4,2,805.6638,3 3,South,1,0,8
2,2,4,3,806.178,3 3,West,1,0,8
2,2,4,2,806.7339,3 2,West,1,0,8
2,2,4,3,807.5699,3 2,North,1,0,8
2,2,4,2,808.1938,2 2,North,1,0,8
2,2,4,2,808.8464,2 2,North,1,0,9
2,2,4,1,809.2478,2 2,West,1,0,9
2,2,4,2,809.9005,2 1,West,1,0,9
2,2,4,3,810.6888,2 1,North,1,0,9
2,2,4,2,811.2492,1 1,North,1,0,9
2,2,4,3,811.7625,1 1,East,1,0,9
2,2,4,2,812.3048,1 2,East,1,0,9
2,2,4,6,812.72,1 2,East,1,1,9
2,2,4,2,813.7579,1 2,East,1,1,10
2,2,4,1,814.16,1 2,North,1,1,10
2,2,4,2,814.8464,1 2,North,1,1,11
2,2,4,1,815.3434,1 2,West,1,1,11
2,2,4,2,816.0499,1 1,West,1,1,11
2,2,4,1,816.6697,1 1,South,1,1,11
2,2,4,2,817.4066,2 1,South,1,1,11
2,2,4,1,818.0779,2 1,East,1,1,11
2,2,4,2,818.7,2 2,East,1,1,11
2,2,4,2,819.326,2 3,East,1,1,11
2,2,4,1,820.0674,2 3,North,1,1,11
2,2,4,2,820.7714,1 3,North,1,1,11
2,2,4,3,822.5084,1 3,East,1,1,11
2,2,4,2,823.1382,1 3,East,1,1,12
2,2,4,1,823.5706,1 3,North,1,1,12
2,2,4,2,824.2203,1 3,North,1,1,13
2,2,4,1,824.6417,1 3,West,1,1,13
2,2,4,1,825.1971,1 3,South,1,1,13
2,2,4,2,825.9847,2 3,South,1,1,13
2,2,4,1,826.7176,2 3,East,1,1,13
2,2,4,2,827.2607,2 4,East,1,1,13
2,2,4,1,828.0281,2 4,North,1,1,13
2,2,4,2,828.7388,1 4,North,1,1,13
2,2,4,2,829.7729,0 4,North,1,1,13
2,2,4,6,830.16,0 4,North,1,2,13
2,2,4,2,830.3884,0 4,North,1,2,13
2,2,4,1,830.6716,0 4,West,1,2,13
2,2,4,2,831.5244,0 3,West,1,2,13
2,2,4,2,832.5289,0 2,West,1,2,13
2,2,4,2,833.2929,0 2,West,1,2,14
2,2,4,1,833.7448,0 2,South,1,2,14
2,2,4,2,834.4047,0 2,South,1,2,15
2,2,4,1,835.0284,0 2,East,1,2,15
2,2,4,2,835.6281,0 3,East,1,2,15
2,2,4,2,836.2228,0 4,East,1,2,15
2,2,4,3,837.1482,0 4,South,1,2,15
2,2,4,2,837.8364,1 4,South,1,2,15
2,2,4,3,838.3538,1 4,West,1,2,15
2,2,4,2,839.2797,1 4,West,1,2,16
2,2,4,1,839.796,1 4,South,1,2,16
2,2,4,2,840.3981,2 4,South,1,2,16
2,2,4,2,841.2465,3 4,South,1,2,16
2,2,4,3,841.8689,3 4,West,1,2,16
2,2,4,2,842.478,3 4,West,1,2,17
2,2,4,1,843.0059,3 4,South,1,2,17
2,2,4,2,843.6321,4 4,South,1,2,17
2,2,4,3,844.4469,4 4,West,1,2,17
2,2,4,2,845.0586,4 3,West,1,2,17
2,2,4,2,845.9203,4 2,West,1,2,17
2,2,4,2,846.6738,4 1,West,1,2,17
2,2,4,3,847.4043,4 1,North,1,2,17
2,2,4,2,848.0348,4 1,North,1,2,18
2,2,4,1,848.4633,4 1,West,1,2,18
2,2,4,2,849.1569,4 1,West,1,2,19
2,2,4,1,849.5815,4 1,South,1,2,19
2,2,4,1,850.1754,4 1,East,1,2,19
2,2,4,2,850.8925,4 2,East,1,2,19
2,2,4,1,851.5801,4 2,North,1,2,19
2,2,4,2,852.1902,3 2,North,1,2,19
2,2,4,2,852.8152,2 2,North,1,2,19
2,2,4,1,853.6611,2 2,West,1,2,19
2,2,4,2,854.3575,2 1,West,1,2,19
2,2,4,2,855.1226,2 1,West,1,2,20
2,2,4,3,855.6191,2 1,North,1,2,20
2,2,4,2,856.1968,1 1,North,1,2,20
2,2,4,1,856.7228,1 1,West,1,2,20
2,2,4,2,857.2457,1 0,West,1,2,20
2,2,4,6,857.68,1 0,West,1,3,20
2,2,4,1,858.188,1 0,South,1,3,20
2,2,4,1,858.965,1 0,East,1,3,20
2,2,4,2,859.8553,1 1,East,1,3,20
2,2,4,2,860.7678,1 2,East,1,3,20
2,2,4,2,861.5353,1 2,East,1,3,21
2,2,4,1,861.9799,1 2,North,1,3,21
2,2,4,2,862.658,1 2,North,1,3,22
2,2,4,1,863.0709,1 2,West,1,3,22
2,2,4,2,863.8544,1 1,West,1,3,22
2,2,4,3,864.4653,1 1,North,1,3,22
2,2,4,2,865.1041,0 1,North,1,3,22
2,2,4,3,865.6646,0 1,East,1,3,22
2,2,4,2,866.255,0 1,East,1,3,23
2,2,4,3,867.3267,0 1,South,1,3,23
2,2,4,2,868.1892,1 1,South,1,3,23
2,2,4,1,868.8353,1 1,East,1,3,23
2,2,4,2,869.392,1 2,East,1,3,23
2,2,4,2,870.036,1 2,East,1,3,24
2,2,4,1,870.6122,1 2,North,1,3,24
2,2,4,2,871.538,1 2,North,1,3,25
2,2,4,1,871.9531,1 2,West,1,3,25
2,2,4,1,872.7641,1 2,South,1,3,25
2,2,4,2,873.3893,1 2,South,1,3,26
2,2,4,1,873.9402,1 2,East,1,3,26
2,2,4,2,874.6084,1 2,East,1,3,27
2,2,4,1,875.2979,1 2,North,1,3,27
2,2,4,2,875.8608,1 2,North,1,3,28
2,2,4,2,876.4485,1 2,North,1,3,29
2,2,4,1,876.7364,1 2,West,1,3,29
2,2,4,1,877.4761,1 2,South,1,3,29
2,2,4,2,878.252,1 2,South,1,3,30
2,2,4,1,878.6432,1 2,East,1,3,30
2,2,4,2,879.1859,1 2,East,1,3,31
2,2,4,3,879.7589,1 2,South,1,3,31
2,2,4,3,880.3796,1 2,West,1,3,31
2,2,4,2,880.9333,1 1,West,1,3,31
2,2,4,1,881.5209,1 1,South,1,3,31
2,2,4,2,882.1573,2 1,South,1,3,31
2,2,4,1,882.7062,2 1,East,1,3,31
2,2,4,2,883.2952,2 2,East,1,3,31
2,2,4,1,883.8423,2 2,North,1,3,31
2,2,4,2,884.3963,2 2,North,1,3,32
2,2,4,3,884.8928,2 2,East,1,3,32
2,2,4,2,885.5228,2 3,East,1,3,32
2,2,4,1,886.3518,2 3,North,1,3,32
2,2,4,2,887.0745,1 3,North,1,3,32
2,2,4,2,887.8685,1 3,North,1,3,33
2,2,4,3,888.4126,1 3,East,1,3,33
2,2,4,2,889.0871,1 3,East,1,3,34
2,2,4,3,889.5414,1 3,South,1,3,34
2,2,4,2,890.1419,2 3,South,1,3,34
2,2,4,1,890.7704,2 3,East,1,3,34
2,2,4,2,891.3622,2 4,East,1,3,34
2,2,4,1,892.2053,2 4,North,1,3,34
2,2,4,2,892.8285,1 4,North,1,3,34
2,2,4,1,893.6599,1 4,West,1,3,34
2,2,4,2,894.261,1 4,West,1,3,35
2,2,4,3,894.7003,1 4,North,1,3,35
2,2,4,2,895.3155,0 4,North,1,3,35
2,2,4,1,896.1236,0 4,West,1,3,35
2,2,4,2,896.7193,0 3,West,1,3,35
2,2,4,6,897.14,0 3,West,1,4,35
2,2,4,2,897.2447,0 2,West,1,4,35
2,2,4,1,897.8098,0 2,South,1,4,35
2,2,4,2,898.5117,0 2,South,1,4,36
2,2,4,1,899.1002,0 2,East,1,4,36
2,2,4,2,899.7621,0 3,East,1,4,36
2,2,4,2,900.4503,0 4,East,1,4,36
2,2,4,3,901.3438,0 4,South,1,4,36
2,2,4,2,901.9071,1 4,South,1,4,36
2,2,4,2,902.556,2 4,South,1,4,36
2,2,4,2,903.1182,3 4,South,1,4,36
2,2,4,3,903.9711,3 4,West,1,4,36
2,2,4,2,904.6433,3 4,West,1,4,37
2,2,4,1,905.1396,3 4,South,1,4,37
2,2,4,2,905.7911,4 4,South,1,4,37
2,2,4,3,906.3654,4 4,West,1,4,37
2,2,4,2,906.9716,4 3,West,1,4,37
2,2,4,2,907.8102,4 2,West,1,4,37
2,2,4,3,908.3734,4 2,North,1,4,37
2,2,4,2,909.0367,3 2,North,1,4,37
2,2,4,6,909.42,3 2,North,1,5,37
2,2,4,1,909.8234,3 2,West,1,5,37
2,2,4,2,910.4141,3 2,West,1,5,38
2,2,4,3,911.0264,3 2,North,1,5,38
2,2,4,2,911.6154,2 2,North,1,5,38
2,2,4,2,912.382,2 2,North,1,5,39
2,2,4,1,912.8607,2 2,West,1,5,39
2,2,4,2,913.4249,2 1,West,1,5,39
2,2,4,2,914.1396,2 1,West,1,5,40
2,2,4,3,914.6245,2 1,North,1,5,40
2,2,4,2,915.2276,1 1,North,1,5,40
2,2,4,1,915.8353,1 1,West,1,5,40
2,2,4,2,916.476,1 0,West,1,5,40
2,2,4,3,917.0078,1 0,North,1,5,40
2,2,4,2,917.6479,1 0,North,1,5,41
2,2,4,3,918.1276,1 0,East,1,5,41
2,2,4,2,918.6705,1 1,East,1,5,41
2,2,4,1,919.4564,1 1,North,1,5,41
2,2,4,2,920.1638,0 1,North,1,5,41
2,2,4,1,920.926,0 1,West,1,5,41
2,2,4,2,921.5396,0 0,West,1,5,41
2,2,4,6,921.96,0 0,West,1,6,41
2,2,4,1,922.4626,0 0,South,1,6,41
2,2,4,2,923.3812,0 0,South,1,6,42
2,2,4,1,923.8688,0 0,East,1,6,42
2,2,4,2,924.4125,0 1,East,1,6,42
2,2,4,2,925.4097,0 1,East,1,6,43
2,2,4,3,925.9354,0 1,South,1,6,43
2,2,4,2,926.5726,1 1,South,1,6,43
2,2,4,2,927.3278,2 1,South,1,6,43
2,2,4,2,928.0952,3 1,South,1,6,43
2,2,4,2,928.8674,3 1,South,1,6,44
2,2,4,1,929.3403,3 1,East,1,6,44
2,2,4,2,930.0159,3 1,East,1,6,45
2,2,4,1,930.446,3 1,North,1,6,45
2,2,4,2,931.0383,2 1,North,1,6,45
2,2,4,3,931.8251,2 1,East,1,6,45
2,2,4,2,932.3489,2 2,East,1,6,45
2,2,4,3,933.1378,2 2,South,1,6,45
2,2,4,2,933.7149,3 2,South,1,6,45
2,2,4,2,934.3992,4 2,South,1,6,45
2,2,4,6,934.78,4 2,South,1,7,45
2,2,4,1,935.4444,4 2,East,1,7,45
2,2,4,1,936.094,4 2,North,1,7,45
2,2,4,2,936.9269,3 2,North,1,7,45
2,2,4,2,937.569,2 2,North,1,7,45
2,2,4,2,938.0916,2 2,North,1,7,46
2,2,4,1,938.6452,2 2,West,1,7,46
2,2,4,2,939.2667,2 1,West,1,7,46
2,2,4,3,939.9337,2 1,North,1,7,46
2,2,4,2,940.5425,1 1,North,1,7,46
2,2,4,2,941.3898,0 1,North,1,7,46
2,2,4,6,941.78,0 1,North,1,8,46
0,2,5,1,946.1763,4 4,West,1,0,46
0,2,5,2,946.7987,4 3,West,1,0,46
0,2,5,3,947.6359,4 3,North,1,0,46
0,2,5,2,948.3155,3 3,North,1,0,46
0,2,5,2,948.8971,2 3,North,1,0,46
0,2,5,6,949.28,2 3,North,1,1,46
0,2,5,1,949.6012,2 3,West,1,1,46
0,2,5,2,950.5159,2 2,West,1,1,46
0,2,5,2,951.3403,2 1,West,1,1,46
0,2,5,1,951.9559,2 1,South,1,1,46
0,2,5,2,952.6583,3 1,South,1,1,46
0,2,5,6,953.04,3 1,South,1,2,46
0,2,5,3,953.1891,3 1,West,1,2,46
0,2,5,2,953.7944,3 0,West,1,2,46
0,2,5,1,954.6036,3 0,South,1,2,46
0,2,5,1,955.2989,3 0,East,1,2,46
0,2,5,2,955.9337,3 1,East,1,2,46
0,2,5,1,956.5402,3 1,North,1,2,46
0,2,5,2,957.0576,2 1,North,1,2,46
0,2,5,3,957.8595,2 1,East,1,2,46
0,2,5,2,958.7987,2 2,East,1,2,46
0,2,5,2,959.3872,2 3,East,1,2,46
0,2,5,1,959.9998,2 3,North,1,2,46
0,2,5,2,960.637,1 3,North,1,2,46
0,2,5,6,961.02,1 3,North,1,3,46
0,2,5,1,961.3411,1 3,West,1,3,46
0,2,5,1,962.1796,1 3,South,1,3,46
0,2,5,2,962.7227,2 3,South,1,3,46
0,2,5,3,963.5154,2 3,West,1,3,46
0,2,5,2,964.0966,2 2,West,1,3,46
0,2,5,2,964.8158,2 1,West,1,3,46
0,2,5,6,965.24,2 1,West,1,4,46
0,2,5,1,965.5493,2 1,South,1,4,46
0,2,5,2,966.172,3 1,South,1,4,46
0,2,5,3,966.766,3 1,West,1,4,46
0,2,5,2,967.3753,3 0,West,1,4,46
0,2,5,1,968.2272,3 0,South,1,4,46
0,2,5,2,968.8489,4 0,South,1,4,46
0,2,5,6,969.22,4 0,South,1,5,46
0,2,5,1,969.5853,4 0,East,1,5,46
0,2,5,1,970.3377,4 0,North,1,5,46
0,2,5,2,970.882,3 0,North,1,5,46
0,2,5,3,971.4379,3 0,East,1,5,46
0,2,5,1,972.3854,3 0,North,1,5,46
0,2,5,3,973.2299,3 0,East,1,5,46
0,2,5,2,973.8903,3 1,East,1,5,46
0,2,5,1,974.4633,3 1,North,1,5,46
0,2,5,2,975.0839,2 1,North,1,5,46
0,2,5,3,975.8748,2 1,East,1,5,46
0,2,5,2,976.5789,2 2,East,1,5,46
0,2,5,2,977.615,2 3,East,1,5,46
0,2,5,2,978.3064,2 4,East,1,5,46
0,2,5,6,978.72,2 4,East,1,6,46
0,2,5,1,978.8819,2 4,North,1,6,46
0,2,5,1,979.6025,2 4,West,1,6,46
0,2,5,2,980.3511,2 3,West,1,6,46
0,2,5,1,981.0203,2 3,South,1,6,46
0,2,5,2,981.6295,3 3,South,1,6,46
0,2,5,2,982.2062,4 3,South,1,6,46
0,2,5,3,983.0551,4 3,West,1,6,46
0,2,5,2,983.6625,4 2,West,1,6,46
0,2,5,2,984.449,4 1,West,1,6,46
0,2,5,6,984.86,4 1,West,1,7,46
0,2,5,3,985.0198,4 1,North,1,7,46
0,2,5,3,985.6515,4 1,East,1,7,46
0,2,5,2,986.1913,4 2,East,1,7,46
0,2,5,1,986.9398,4 2,North,1,7,46
0,2,5,2,987.5327,3 2,North,1,7,46
0,2,5,2,988.1599,2 2,North,1,7,46
0,2,5,1,989.0399,2 2,West,1,7,46
0,2,5,2,989.5823,2 1,West,1,7,46
0,2,5,3,990.1788,2 1,North,1,7,46
0,2,5,2,990.8654,1 1,North,1,7,46
0,2,5,1,991.42,1 1,West,1,7,46
0,2,5,1,992.2747,1 1,South,1,7,46
0,2,5,3,992.897,1 1,West,1,7,46
0,2,5,2,993.5475,1 0,West,1,7,46
0,2,5,1,994.1289,1 0,South,1,7,46
0,2,5,2,994.7891,2 0,South,1,7,46
0,2,5,6,995.16,2 0,South,1,8,46
2,2,5,2,998.6203,3 4,North,1,0,0
2,2,5,1,1000.197,3 4,West,1,0,0
2,2,5,2,1000.861,3 4,West,1,0,1
2,2,5,3,1001.378,3 4,North,1,0,1
2,2,5,2,1001.971,2 4,North,1,0,1
2,2,5,1,1002.547,2 4,West,1,0,1
2,2,5,2,1003.105,2 3,West,1,0,1
2,2,5,6,1003.52,2 3,West,1,1,1
2,2,5,1,1003.951,2 3,South,1,1,1
2,2,5,2,1005.008,3 3,South,1,1,1
2,2,5,2,1006.015,4 3,South,1,1,1
2,2,5,3,1006.548,4 3,West,1,1,1
2,2,5,2,1007.181,4 2,West,1,1,1
2,2,5,2,1007.936,4 1,West,1,1,1
2,2,5,6,1008.34,4 1,West,1,2,1
2,2,5,3,1008.83,4 1,North,1,2,1
2,2,5,3,1010.111,4 1,East,1,2,1
2,2,5,2,1011.088,4 2,East,1,2,1
2,2,5,2,1011.757,4 3,East,1,2,1
2,2,5,1,1012.286,4 3,North,1,2,1
2,2,5,2,1013.092,3 3,North,1,2,1
2,2,5,2,1013.842,2 3,North,1,2,1
2,2,5,3,1014.642,2 3,East,1,2,1
2,2,5,2,1015.359,2 4,East,1,2,1
2,2,5,6,1015.76,2 4,East,1,3,1
2,2,5,1,1016.125,2 4,North,1,3,1
2,2,5,2,1016.928,1 4,North,1,3,1
2,2,5,1,1017.742,1 4,West,1,3,1
2,2,5,1,1019.137,1 4,South,1,3,1
2,2,5,2,1019.805,2 4,South,1,3,1
2,2,5,2,1020.48,3 4,South,1,3,1
2,2,5,3,1021.103,3 4,West,1,3,1
2,2,5,2,1021.726,3 4,West,1,3,2
2,2,5,1,1022.27,3 4,South,1,3,2
2,2,5,2,1022.971,4 4,South,1,3,2
2,2,5,3,1023.535,4 4,West,1,3,2
2,2,5,2,1024.062,4 3,West,1,3,2
2,2,5,2,1024.884,4 2,West,1,3,2
2,2,5,2,1025.505,4 1,West,1,3,2
2,2,5,2,1026.193,4 1,West,1,3,3
2,2,5,3,1026.686,4 1,North,1,3,3
2,2,5,2,1027.3,4 1,North,1,3,4
2,2,5,3,1028.035,4 1,East,1,3,4
2,2,5,2,1028.705,4 2,East,1,3,4
2,2,5,1,1029.325,4 2,North,1,3,4
2,2,5,2,1029.951,3 2,North,1,3,4
2,2,5,1,1030.573,3 2,West,1,3,4
2,2,5,2,1031.184,3 2,West,1,3,5
2,2,5,1,1031.805,3 2,South,1,3,5
2,2,5,2,1032.38,4 2,South,1,3,5
2,2,5,3,1033.228,4 2,West,1,3,5
2,2,5,2,1033.886,4 1,West,1,3,5
2,2,5,2,1034.642,4 1,West,1,3,6
2,2,5,3,1035.124,4 1,North,1,3,6
2,2,5,2,1035.696,4 1,North,1,3,7
2,2,5,3,1036.372,4 1,East,1,3,7
2,2,5,2,1036.96,4 2,East,1,3,7
2,2,5,1,1037.552,4 2,North,1,3,7
2,2,5,2,1038.096,3 2,North,1,3,7
2,2,5,1,1038.832,3 2,West,1,3,7
2,2,5,3,1039.761,3 2,North,1,3,7
2,2,5,2,1040.355,2 2,North,1,3,7
2,2,5,1,1041.117,2 2,West,1,3,7
2,2,5,2,1041.695,2 1,West,1,3,7
2,2,5,1,1042.417,2 1,South,1,3,7
2,2,5,2,1043.026,3 1,South,1,3,7
2,2,5,3,1043.567,3 1,West,1,3,7
2,2,5,2,1044.178,3 0,West,1,3,7
2,2,5,1,1044.972,3 0,South,1,3,7
2,2,5,2,1045.616,4 0,South,1,3,7
2,2,5,6,1045.98,4 0,South,1,4,7
2,2,5,1,1047.571,4 0,East,1,4,7
2,2,5,1,1048.259,4 0,North,1,4,7
2,2,5,2,1048.895,3 0,North,1,4,7
2,2,5,2,1049.583,3 0,North,1,4,8
2,2,5,3,1050.079,3 0,East,1,4,8
2,2,5,2,1050.67,3 1,East,1,4,8
2,2,5,1,1051.18,3 1,North,1,4,8
2,2,5,2,1051.771,2 1,North,1,4,8
2,2,5,6,1052.16,2 1,North,1,5,8
2,2,5,3,1052.556,2 1,East,1,5,8
2,2,5,2,1053.38,2 2,East,1,5,8
2,2,5,2,1054.059,2 3,East,1,5,8
2,2,5,3,1054.882,2 3,South,1,5,8
2,2,5,2,1055.583,3 3,South,1,5,8
2,2,5,6,1055.96,3 3,South,1,6,8
2,2,5,3,1056.396,3 3,West,1,6,8
2,2,5,2,1057.214,3 2,West,1,6,8
2,2,5,2,1057.984,3 2,West,1,6,9
2,2,5,3,1058.385,3 2,North,1,6,9
2,2,5,2,1059.003,2 2,North,1,6,9
2,2,5,1,1059.516,2 2,West,1,6,9
2,2,5,2,1060.077,2 1,West,1,6,9
2,2,5,1,1061.356,2 1,South,1,6,9
2,2,5,2,1061.937,3 1,South,1,6,9
2,2,5,3,1062.767,3 1,West,1,6,9
2,2,5,2,1063.436,3 0,West,1,6,9
2,2,5,6,1063.84,3 0,West,1,7,9
2,2,5,3,1064.273,3 0,North,1,7,9
2,2,5,3,1064.924,3 0,East,1,7,9
2,2,5,2,1065.538,3 1,East,1,7,9
2,2,5,2,1066.116,3 1,East,1,7,10
2,2,5,1,1066.721,3 1,North,1,7,10
2,2,5,2,1067.422,2 1,North,1,7,10
2,2,5,3,1068.117,2 1,East,1,7,10
2,2,5,2,1068.684,2 2,East,1,7,10
2,2,5,2,1069.403,2 3,East,1,7,10
2,2,5,1,1070.179,2 3,North,1,7,10
2,2,5,2,1070.829,1 3,North,1,7,10
2,2,5,6,1071.2,1 3,North,1,8,10
0,2,6,2,1074.766,3 4,North,1,0,10
0,2,6,2,1075.54,2 4,North,1,0,10
0,2,6,1,1076.499,2 4,West,1,0,10
0,2,6,2,1077.362,2 3,West,1,0,10
0,2,6,2,1078.017,2 2,West,1,0,10
0,2,6,1,1078.593,2 2,South,1,0,10
0,2,6,2,1079.244,3 2,South,1,0,10
0,2,6,6,1079.62,3 2,South,1,1,10
0,2,6,2,1079.89,4 2,South,1,1,10
0,2,6,3,1080.687,4 2,West,1,1,10
0,2,6,2,1081.325,4 1,West,1,1,10
0,2,6,2,1081.852,4 1,West,1,1,10
0,2,6,3,1082.162,4 1,North,1,1,10
0,2,6,3,1082.779,4 1,East,1,1,10
0,2,6,2,1083.358,4 2,East,1,1,10
0,2,6,1,1083.953,4 2,North,1,1,10
0,2,6,2,1084.541,3 2,North,1,1,10
0,2,6,2,1085.068,2 2,North,1,1,10
0,2,6,1,1085.968,2 2,West,1,1,10
0,2,6,2,1086.638,2 1,West,1,1,10
0,2,6,3,1087.155,2 1,North,1,1,10
0,2,6,2,1087.747,1 1,North,1,1,10
0,2,6,6,1088.12,1 1,North,1,2,10
0,2,6,1,1088.388,1 1,West,1,2,10
0,2,6,1,1089.269,1 1,South,1,2,10
0,2,6,2,1090.051,2 1,South,1,2,10
0,2,6,1,1090.851,2 1,East,1,2,10
0,2,6,2,1091.423,2 2,East,1,2,10
0,2,6,3,1092.161,2 2,South,1,2,10
0,2,6,2,1093.362,3 2,South,1,2,10
0,2,6,2,1094.207,4 2,South,1,2,10
0,2,6,6,1094.58,4 2,South,1,3,10
0,2,6,3,1095.087,4 2,West,1,3,10
0,2,6,3,1095.826,4 2,North,1,3,10
0,2,6,2,1096.781,3 2,North,1,3,10
0,2,6,2,1097.358,2 2,North,1,3,10
0,2,6,1,1098.189,2 2,West,1,3,10
0,2,6,2,1099.228,2 1,West,1,3,10
0,2,6,1,1099.837,2 1,South,1,3,10
0,2,6,2,1100.434,3 1,South,1,3,10
0,2,6,3,1101.149,3 1,West,1,3,10
0,2,6,2,1101.709,3 0,West,1,3,10
0,2,6,6,1102.12,3 0,West,1,4,10
0,2,6,1,1102.449,3 0,South,1,4,10
0,2,6,1,1103.06,3 0,East,1,4,10
0,2,6,2,1103.604,3 1,East,1,4,10
0,2,6,1,1104.369,3 1,North,1,4,10
0,2,6,2,1104.963,2 1,North,1,4,10
0,2,6,2,1105.516,1 1,North,1,4,10
0,2,6,1,1106.348,1 1,West,1,4,10
0,2,6,3,1106.973,1 1,North,1,4,10
0,2,6,3,1107.775,1 1,East,1,4,10
0,2,6,3,1109.004,1 1,South,1,4,10
0,2,6,3,1109.984,1 1,West,1,4,10
0,2,6,3,1111.023,1 1,North,1,4,10
0,2,6,3,1111.867,1 1,East,1,4,10
0,2,6,3,1112.46,1 1,South,1,4,10
0,2,6,2,1113.035,2 1,South,1,4,10
0,2,6,1,1113.806,2 1,East,1,4,10
0,2,6,2,1114.453,2 2,East,1,4,10
0,2,6,2,1115.023,2 3,East,1,4,10
0,2,6,1,1115.94,2 3,North,1,4,10
0,2,6,3,1116.465,2 3,East,1,4,10
0,2,6,2,1117.18,2 4,East,1,4,10
0,2,6,3,1117.76,2 4,South,1,4,10
0,2,6,3,1118.448,2 4,West,1,4,10
0,2,6,2,1119.359,2 3,West,1,4,10
0,2,6,1,1119.95,2 3,South,1,4,10
0,2,6,2,1120.607,3 3,South,1,4,10
0,2,6,3,1121.407,3 3,West,1,4,10
0,2,6,1,1122.081,3 3,South,1,4,10
0,2,6,2,1122.608,4 3,South,1,4,10
0,2,6,3,1123.428,4 3,West,1,4,10
0,2,6,2,1124.253,4 2,West,1,4,10
0,2,6,3,1124.973,4 2,North,1,4,10
0,2,6,2,1125.502,3 2,North,1,4,10
0,2,6,2,1126.208,2 2,North,1,4,10
0,2,6,1,1126.989,2 2,West,1,4,10
0,2,6,2,1127.583,2 1,West,1,4,10
0,2,6,3,1128.396,2 1,North,1,4,10
0,2,6,2,1129.123,1 1,North,1,4,10
0,2,6,2,1129.763,0 1,North,1,4,10
0,2,6,1,1130.481,0 1,West,1,4,10
0,2,6,1,1131.105,0 1,South,1,4,10
0,2,6,2,1131.808,1 1,South,1,4,10
0,2,6,1,1132.721,1 1,East,1,4,10
0,2,6,3,1133.572,1 1,South,1,4,10
0,2,6,2,1134.244,2 1,South,1,4,10
0,2,6,2,1134.901,3 1,South,1,4,10
0,2,6,3,1135.763,3 1,West,1,4,10
0,2,6,2,1136.317,3 0,West,1,4,10
0,2,6,1,1136.892,3 0,South,1,4,10
0,2,6,1,1137.789,3 0,East,1,4,10
0,2,6,2,1138.523,3 1,East,1,4,10
0,2,6,1,1139.296,3 1,North,1,4,10
0,2,6,2,1139.87,2 1,North,1,4,10
0,2,6,3,1140.445,2 1,East,1,4,10
0,2,6,2,1141.045,2 2,East,1,4,10
0,2,6,3,1142.322,2 2,South,1,4,10
0,2,6,2,1143.104,3 2,South,1,4,10
0,2,6,2,1143.748,4 2,South,1,4,10
0,2,6,1,1144.512,4 2,East,1,4,10
0,2,6,2,1145.153,4 3,East,1,4,10
0,2,6,2,1145.763,4 4,East,1,4,10
0,2,6,1,1146.482,4 4,North,1,4,10
0,2,6,2,1147.135,3 4,North,1,4,10
0,2,6,2,1147.87,2 4,North,1,4,10
0,2,6,2,1148.892,1 4,North,1,4,10
0,2,6,2,1149.599,0 4,North,1,4,10
0,2,6,1,1150.22,0 4,West,1,4,10
0,2,6,2,1150.834,0 3,West,1,4,10
0,2,6,2,1151.403,0 2,West,1,4,10
0,2,6,6,1151.82,0 2,West,1,5,10
0,2,6,1,1152.045,0 2,South,1,5,10
0,2,6,1,1152.834,0 2,East,1,5,10
0,2,6,2,1153.392,0 3,East,1,5,10
0,2,6,2,1154.003,0 4,East,1,5,10
0,2,6,3,1154.53,0 4,South,1,5,10
0,2,6,2,1155.169,1 4,South,1,5,10
0,2,6,3,1156.146,1 4,West,1,5,10
0,2,6,1,1156.88,1 4,South,1,5,10
0,2,6,2,1157.441,2 4,South,1,5,10
0,2,6,3,1158.222,2 4,West,1,5,10
0,2,6,2,1158.781,2 3,West,1,5,10
0,2,6,1,1159.363,2 3,South,1,5,10
0,2,6,2,1159.941,3 3,South,1,5,10
0,2,6,6,1160.32,3 3,South,1,6,10
0,2,6,2,1160.524,4 3,South,1,6,10
0,2,6,3,1161.187,4 3,West,1,6,10
0,2,6,2,1162.044,4 2,West,1,6,10
0,2,6,3,1162.819,4 2,North,1,6,10
0,2,6,2,1163.487,3 2,North,1,6,10
0,2,6,2,1164.211,2 2,North,1,6,10
0,2,6,6,1164.6,2 2,North,1,7,10
0,2,6,2,1164.718,2 2,North,1,7,10
0,2,6,1,1164.988,2 2,West,1,7,10
0,2,6,2,1165.62,2 1,West,1,7,10
0,2,6,3,1166.179,2 1,North,1,7,10
0,2,6,2,1166.88,1 1,North,1,7,10
0,2,6,2,1167.571,0 1,North,1,7,10
0,2,6,1,1168.322,0 1,West,1,7,10
0,2,6,1,1169.004,0 1,South,1,7,10
0,2,6,2,1169.709,1 1,South,1,7,10
0,2,6,2,1170.338,2 1,South,1,7,10
0,2,6,1,1170.994,2 1,East,1,7,10
0,2,6,2,1171.648,2 2,East,1,7,10
0,2,6,2,1172.225,2 3,East,1,7,10
0,2,6,2,1172.976,2 4,East,1,7,10
0,2,6,3,1173.597,2 4,South,1,7,10
0,2,6,2,1174.21,3 4,South,1,7,10
0,2,6,6,1174.58,3 4,South,1,8,10
2,2,6,2,1178.625,3 4,North,1,0,0
2,2,6,1,1179.445,3 4,West,1,0,0
2,2,6,2,1180.24,3 4,West,1,0,1
2,2,6,3,1180.785,3 4,North,1,0,1
2,2,6,2,1181.471,2 4,North,1,0,1
2,2,6,1,1182.787,2 4,West,1,0,1
2,2,6,2,1183.506,2 3,West,1,0,1
2,2,6,2,1184.238,2 2,West,1,0,1
2,2,6,1,1184.865,2 2,South,1,0,1
2,2,6,2,1185.603,3 2,South,1,0,1
2,2,6,6,1185.98,3 2,South,1,1,1
2,2,6,3,1186.303,3 2,West,1,1,1
2,2,6,3,1186.896,3 2,North,1,1,1
2,2,6,2,1187.827,2 2,North,1,1,1
2,2,6,2,1188.652,2 2,North,1,1,2
2,2,6,3,1189.053,2 2,East,1,1,2
2,2,6,2,1189.777,2 3,East,1,1,2
2,2,6,1,1190.511,2 3,North,1,1,2
2,2,6,2,1191.187,1 3,North,1,1,2
2,2,6,3,1191.951,1 3,East,1,1,2
2,2,6,2,1192.675,1 3,East,1,1,3
2,2,6,3,1193.119,1 3,South,1,1,3
2,2,6,2,1193.778,2 3,South,1,1,3
2,2,6,1,1194.386,2 3,East,1,1,3
2,2,6,2,1194.959,2 4,East,1,1,3
2,2,6,1,1195.724,2 4,North,1,1,3
2,2,6,2,1196.357,1 4,North,1,1,3
2,2,6,6,1196.74,1 4,North,1,2,3
2,2,6,1,1197.042,1 4,West,1,2,3
2,2,6,2,1197.74,1 4,West,1,2,4
2,2,6,3,1198.207,1 4,North,1,2,4
2,2,6,2,1198.849,0 4,North,1,2,4
2,2,6,1,1199.667,0 4,West,1,2,4
2,2,6,2,1200.337,0 3,West,1,2,4
2,2,6,2,1201.196,0 2,West,1,2,4
2,2,6,6,1201.6,0 2,West,1,3,4
2,2,6,1,1201.934,0 2,South,1,3,4
2,2,6,2,1202.686,0 2,South,1,3,5
2,2,6,1,1203.201,0 2,East,1,3,5
2,2,6,2,1203.823,0 3,East,1,3,5
2,2,6,2,1204.541,0 4,East,1,3,5
2,2,6,3,1205.307,0 4,South,1,3,5
2,2,6,2,1205.95,1 4,South,1,3,5
2,2,6,2,1206.625,2 4,South,1,3,5
2,2,6,3,1207.164,2 4,West,1,3,5
2,2,6,2,1207.763,2 3,West,1,3,5
2,2,6,1,1208.275,2 3,South,1,3,5
2,2,6,2,1208.902,3 3,South,1,3,5
2,2,6,6,1209.28,3 3,South,1,4,5
2,2,6,3,1209.792,3 3,West,1,4,5
2,2,6,3,1210.384,3 3,North,1,4,5
2,2,6,2,1211.026,2 3,North,1,4,5
2,2,6,1,1211.74,2 3,West,1,4,5
2,2,6,2,1212.478,2 2,West,1,4,5
2,2,6,6,1212.88,2 2,West,1,5,5
2,2,6,1,1213.253,2 2,South,1,5,5
2,2,6,2,1213.858,3 2,South,1,5,5
2,2,6,3,1214.595,3 2,West,1,5,5
2,2,6,2,1215.292,3 2,West,1,5,6
2,2,6,3,1215.839,3 2,North,1,5,6
2,2,6,2,1216.448,2 2,North,1,5,6
2,2,6,1,1217.15,2 2,West,1,5,6
2,2,6,2,1217.724,2 1,West,1,5,6
2,2,6,1,1218.325,2 1,South,1,5,6
2,2,6,2,1218.989,3 1,South,1,5,6
2,2,6,6,1219.36,3 1,South,1,6,6
2,2,6,1,1219.745,3 1,East,1,6,6
2,2,6,2,1220.382,3 1,East,1,6,7
2,2,6,3,1220.82,3 1,South,1,6,7
2,2,6,2,1221.425,3 1,South,1,6,8
2,2,6,1,1222.092,3 1,East,1,6,8
2,2,6,1,1222.703,3 1,North,1,6,8
2,2,6,2,1223.328,2 1,North,1,6,8
2,2,6,3,1224.015,2 1,East,1,6,8
2,2,6,2,1224.688,2 2,East,1,6,8
2,2,6,3,1225.348,2 2,South,1,6,8
2,2,6,2,1225.968,3 2,South,1,6,8
2,2,6,2,1226.738,4 2,South,1,6,8
2,2,6,6,1227.12,4 2,South,1,7,8
2,2,6,1,1227.554,4 2,East,1,7,8
2,2,6,2,1228.387,4 3,East,1,7,8
2,2,6,2,1229.116,4 4,East,1,7,8
2,2,6,1,1229.65,4 4,North,1,7,8
2,2,6,2,1230.254,3 4,North,1,7,8
2,2,6,6,1230.64,3 4,North,1,8,8
0,7,19,2,6299.646,3 4,North,4,0,67
0,7,19,1,6300.32,3 4,West,4,0,67
0,7,19,2,6301.005,3 3,West,4,0,67
0,7,19,6,6301.42,3 3,West,4,1,67
0,7,19,1,6301.602,3 3,South,4,1,67
0,7,19,2,6302.308,4 3,South,4,1,67
0,7,19,3,6303.219,4 3,West,4,1,67
0,7,19,2,6303.87,4 2,West,4,1,67
0,7,19,3,6304.61,4 2,North,4,1,67
0,7,19,3,6305.601,4 2,East,4,1,67
0,7,19,2,6306.191,4 3,East,4,1,67
0,7,19,2,6306.723,4 4,East,4,1,67
0,7,19,1,6307.391,4 4,North,4,1,67
0,7,19,2,6307.958,3 4,North,4,1,67
0,7,19,2,6308.844,2 4,North,4,1,67
0,7,19,6,6309.24,2 4,North,4,2,67
0,7,19,2,6309.695,1 4,North,4,2,67
0,7,19,1,6310.445,1 4,West,4,2,67
0,7,19,2,6311.358,1 3,West,4,2,67
0,7,19,3,6312.173,1 3,North,4,2,67
0,7,19,2,6312.798,0 3,North,4,2,67
0,7,19,1,6313.533,0 3,West,4,2,67
0,7,19,2,6314.158,0 2,West,4,2,67
0,7,19,1,6314.898,0 2,South,4,2,67
0,7,19,2,6315.44,1 2,South,4,2,67
0,7,19,1,6316.269,1 2,East,4,2,67
0,7,19,1,6316.851,1 2,North,4,2,67
0,7,19,2,6317.49,0 2,North,4,2,67
0,7,19,3,6318.527,0 2,East,4,2,67
0,7,19,2,6319.087,0 3,East,4,2,67
0,7,19,3,6319.805,0 3,South,4,2,67
0,7,19,2,6320.46,1 3,South,4,2,67
0,7,19,2,6321.086,2 3,South,4,2,67
0,7,19,3,6321.621,2 3,West,4,2,67
0,7,19,2,6322.173,2 2,West,4,2,67
0,7,19,2,6322.8,2 1,West,4,2,67
0,7,19,1,6323.599,2 1,South,4,2,67
0,7,19,2,6324.191,3 1,South,4,2,67
0,7,19,2,6324.829,4 1,South,4,2,67
0,7,19,3,6325.389,4 1,West,4,2,67
0,7,19,2,6326.049,4 0,West,4,2,67
0,7,19,3,6326.573,4 0,North,4,2,67
0,7,19,2,6327.206,3 0,North,4,2,67
0,7,19,6,6327.6,3 0,North,4,3,67
0,7,19,2,6328.479,2 0,North,4,3,67
0,7,19,2,6329.309,1 0,North,4,3,67
0,7,19,3,6330.126,1 0,East,4,3,67
0,7,19,2,6330.894,1 1,East,4,3,67
0,7,19,3,6331.459,1 1,South,4,3,67
0,7,19,2,6332.076,2 1,South,4,3,67
0,7,19,1,6332.609,2 1,East,4,3,67
0,7,19,2,6333.313,2 2,East,4,3,67
0,7,19,6,6333.72,2 2,East,4,4,67
0,7,19,1,6333.904,2 2,North,4,4,67
0,7,19,1,6334.75,2 2,West,4,4,67
0,7,19,2,6335.309,2 1,West,4,4,67
0,7,19,3,6335.854,2 1,North,4,4,67
0,7,19,2,6336.417,1 1,North,4,4,67
0,7,19,6,6336.8,1 1,North,4,5,67
0,7,19,1,6336.976,1 1,West,4,5,67
0,7,19,1,6337.618,1 1,South,4,5,67
0,7,19,2,6338.206,2 1,South,4,5,67
0,7,19,2,6338.753,3 1,South,4,5,67
0,7,19,3,6339.344,3 1,West,4,5,67
0,7,19,1,6340.132,3 1,South,4,5,67
0,7,19,2,6340.721,4 1,South,4,5,67
0,7,19,3,6341.537,4 1,West,4,5,67
0,7,19,2,6342.163,4 0,West,4,5,67
0,7,19,3,6342.686,4 0,North,4,5,67
0,7,19,3,6343.556,4 0,East,4,5,67
0,7,19,1,6344.547,4 0,North,4,5,67
0,7,19,3,6345.122,4 0,East,4,5,67
0,7,19,2,6345.649,4 1,East,4,5,67
0,7,19,1,6346.514,4 1,North,4,5,67
0,7,19,2,6347.314,3 1,North,4,5,67
0,7,19,2,6347.936,2 1,North,4,5,67
0,7,19,3,6348.802,2 1,East,4,5,67
0,7,19,2,6349.412,2 2,East,4,5,67
0,7,19,2,6349.965,2 3,East,4,5,67
0,7,19,6,6350.38,2 3,East,4,6,67
0,7,19,1,6350.517,2 3,North,4,6,67
0,7,19,2,6351.119,1 3,North,4,6,67
0,7,19,2,6351.681,0 3,North,4,6,67
0,7,19,3,6352.462,0 3,East,4,6,67
0,7,19,3,6353.365,0 3,South,4,6,67
0,7,19,3,6353.984,0 3,West,4,6,67
0,7,19,1,6354.662,0 3,South,4,6,67
0,7,19,2,6355.171,1 3,South,4,6,67
0,7,19,2,6355.761,2 3,South,4,6,67
0,7,19,3,6356.275,2 3,West,4,6,67
0,7,19,2,6356.83,2 2,West,4,6,67
0,7,19,2,6357.414,2 1,West,4,6,67
0,7,19,1,6358.11,2 1,South,4,6,67
0,7,19,2,6358.926,3 1,South,4,6,67
0,7,19,6,6359.3,3 1,South,4,7,67
0,7,19,2,6359.605,4 1,South,4,7,67
0,7,19,3,6360.318,4 1,West,4,7,67
0,7,19,2,6360.877,4 0,West,4,7,67
0,7,19,3,6361.474,4 0,North,4,7,67
0,7,19,2,6362.27,3 0,North,4,7,67
0,7,19,2,6362.869,2 0,North,4,7,67
0,7,19,2,6363.728,1 0,North,4,7,67
0,7,19,3,6364.274,1 0,East,4,7,67
0,7,19,2,6364.79,1 1,East,4,7,67
0,7,19,3,6365.567,1 1,South,4,7,67
0,7,19,2,6366.078,2 1,South,4,7,67
0,7,19,1,6367.072,2 1,East,4,7,67
0,7,19,2,6367.682,2 2,East,4,7,67
0,7,19,2,6368.323,2 3,East,4,7,67
0,7,19,1,6368.895,2 3,North,4,7,67
0,7,19,2,6369.428,1 3,North,4,7,67
0,7,19,6,6369.82,1 3,North,4,8,67
2,7,19,2,6385.825,3 4,North,4,0,0
2,7,19,1,6386.702,3 4,West,4,0,0
2,7,19,2,6388.657,3 3,West,4,0,0
2,7,19,2,6389.313,3 3,West,4,0,1
2,7,19,3,6389.811,3 3,North,4,0,1
2,7,19,2,6390.46,3 3,North,4,0,2
2,7,19,3,6391.015,3 3,East,4,0,2
2,7,19,2,6391.629,3 4,East,4,0,2
2,7,19,1,6392.194,3 4,North,4,0,2
2,7,19,2,6394.228,2 4,North,4,0,2
2,7,19,2,6395.008,1 4,North,4,0,2
2,7,19,2,6395.796,1 4,North,4,0,3
2,7,19,1,6396.221,1 4,West,4,0,3
2,7,19,2,6396.846,1 3,West,4,0,3
2,7,19,2,6397.549,1 3,West,4,0,4
2,7,19,1,6398.035,1 3,South,4,0,4
2,7,19,2,6398.591,2 3,South,4,0,4
2,7,19,2,6399.294,2 3,South,4,0,5
2,7,19,1,6399.84,2 3,East,4,0,5
2,7,19,2,6400.389,2 4,East,4,0,5
2,7,19,3,6401.203,2 4,South,4,0,5
2,7,19,2,6401.743,3 4,South,4,0,5
2,7,19,2,6402.272,4 4,South,4,0,5
2,7,19,3,6403.188,4 4,West,4,0,5
2,7,19,2,6403.821,4 3,West,4,0,5
2,7,19,2,6404.525,4 2,West,4,0,5
2,7,19,3,6405.254,4 2,North,4,0,5
2,7,19,2,6405.942,3 2,North,4,0,5
2,7,19,1,6406.784,3 2,West,4,0,5
2,7,19,2,6407.375,3 2,West,4,0,6
2,7,19,1,6407.857,3 2,South,4,0,6
2,7,19,2,6408.418,4 2,South,4,0,6
2,7,19,3,6409.203,4 2,West,4,0,6
2,7,19,2,6409.902,4 2,West,4,0,7
2,7,19,3,6410.403,4 2,North,4,0,7
2,7,19,2,6410.961,3 2,North,4,0,7
2,7,19,2,6411.558,2 2,North,4,0,7
2,7,19,1,6412.343,2 2,West,4,0,7
2,7,19,2,6412.895,2 1,West,4,0,7
2,7,19,2,6413.6,2 1,West,4,0,8
2,7,19,1,6414.013,2 1,South,4,0,8
2,7,19,2,6414.541,3 1,South,4,0,8
2,7,19,3,6415.318,3 1,West,4,0,8
2,7,19,2,6415.842,3 1,West,4,0,9
2,7,19,3,6416.303,3 1,North,4,0,9
2,7,19,2,6416.91,2 1,North,4,0,9
2,7,19,2,6417.902,1 1,North,4,0,9
2,7,19,1,6418.466,1 1,West,4,0,9
2,7,19,2,6419.122,1 0,West,4,0,9
2,7,19,1,6419.683,1 0,South,4,0,9
2,7,19,2,6420.239,2 0,South,4,0,9
2,7,19,2,6420.829,3 0,South,4,0,9
2,7,19,6,6421.22,3 0,South,4,1,9
2,7,19,1,6421.357,3 0,East,4,1,9
2,7,19,1,6421.875,3 0,North,4,1,9
2,7,19,2,6422.414,2 0,North,4,1,9
2,7,19,2,6423.168,1 0,North,4,1,9
2,7,19,3,6423.808,1 0,East,4,1,9
2,7,19,2,6424.37,1 1,East,4,1,9
2,7,19,2,6425.006,1 1,East,4,1,10
2,7,19,3,6425.5,1 1,South,4,1,10
2,7,19,2,6426.111,2 1,South,4,1,10
2,7,19,1,6426.756,2 1,East,4,1,10
2,7,19,2,6427.315,2 2,East,4,1,10
2,7,19,2,6428.028,2 3,East,4,1,10
2,7,19,6,6428.44,2 3,East,4,2,10
2,7,19,3,6428.737,2 3,South,4,2,10
2,7,19,3,6429.309,2 3,West,4,2,10
2,7,19,3,6430.064,2 3,North,4,2,10
2,7,19,2,6430.788,1 3,North,4,2,10
2,7,19,1,6431.397,1 3,West,4,2,10
2,7,19,2,6432.003,1 3,West,4,2,11
2,7,19,3,6432.479,1 3,North,4,2,11
2,7,19,2,6433.102,0 3,North,4,2,11
2,7,19,1,6433.634,0 3,West,4,2,11
2,7,19,2,6434.224,0 2,West,4,2,11
2,7,19,2,6434.835,0 1,West,4,2,11
2,7,19,1,6435.362,0 1,South,4,2,11
2,7,19,2,6435.999,0 1,South,4,2,12
2,7,19,3,6436.486,0 1,West,4,2,12
2,7,19,2,6437.121,0 0,West,4,2,12
2,7,19,1,6437.917,0 0,South,4,2,12
2,7,19,2,6438.519,0 0,South,4,2,13
2,7,19,1,6439.121,0 0,East,4,2,13
2,7,19,2,6440.045,0 1,East,4,2,13
2,7,19,2,6440.753,0 2,East,4,2,13
2,7,19,3,6441.325,0 2,South,4,2,13
2,7,19,2,6441.893,1 2,South,4,2,13
2,7,19,3,6442.525,1 2,West,4,2,13
2,7,19,2,6443.074,1 2,West,4,2,14
2,7,19,1,6443.525,1 2,South,4,2,14
2,7,19,2,6444.464,1 2,South,4,2,15
2,7,19,1,6445.122,1 2,East,4,2,15
2,7,19,2,6445.635,1 2,East,4,2,16
2,7,19,1,6446.381,1 2,North,4,2,16
2,7,19,2,6446.896,0 2,North,4,2,16
2,7,19,3,6447.694,0 2,East,4,2,16
2,7,19,2,6448.221,0 3,East,4,2,16
2,7,19,3,6448.88,0 3,South,4,2,16
2,7,19,2,6449.413,1 3,South,4,2,16
2,7,19,2,6450.077,2 3,South,4,2,16
2,7,19,3,6450.626,2 3,West,4,2,16
2,7,19,2,6451.261,2 2,West,4,2,16
2,7,19,2,6451.921,2 1,West,4,2,16
2,7,19,3,6452.8,2 1,North,4,2,16
2,7,19,2,6453.41,1 1,North,4,2,16
2,7,19,6,6453.8,1 1,North,4,3,16
2,7,19,1,6454.098,1 1,West,4,3,16
2,7,19,1,6454.734,1 1,South,4,3,16
2,7,19,1,6455.518,1 1,East,4,3,16
2,7,19,2,6456.181,1 1,East,4,3,17
2,7,19,3,6456.638,1 1,South,4,3,17
2,7,19,2,6457.247,2 1,South,4,3,17
2,7,19,2,6457.888,3 1,South,4,3,17
2,7,19,2,6458.534,4 1,South,4,3,17
2,7,19,1,6459.377,4 1,East,4,3,17
2,7,19,2,6459.949,4 1,East,4,3,18
2,7,19,1,6460.465,4 1,North,4,3,18
2,7,19,2,6461.008,3 1,North,4,3,18
2,7,19,3,6461.654,3 1,East,4,3,18
2,7,19,2,6462.177,3 1,East,4,3,19
2,7,19,1,6462.597,3 1,North,4,3,19
2,7,19,2,6463.15,2 1,North,4,3,19
2,7,19,3,6463.757,2 1,East,4,3,19
2,7,19,2,6464.368,2 2,East,4,3,19
2,7,19,2,6465.068,2 3,East,4,3,19
2,7,19,2,6465.725,2 4,East,4,3,19
2,7,19,6,6466.14,2 4,East,4,4,19
2,7,19,3,6466.384,2 4,South,4,4,19
2,7,19,3,6466.979,2 4,West,4,4,19
2,7,19,2,6467.728,2 3,West,4,4,19
2,7,19,2,6468.325,2 2,West,4,4,19
2,7,19,3,6469.2,2 2,North,4,4,19
2,7,19,2,6469.828,2 2,North,4,4,20
2,7,19,3,6470.374,2 2,East,4,4,20
2,7,19,2,6470.898,2 3,East,4,4,20
2,7,19,1,6471.453,2 3,North,4,4,20
2,7,19,2,6472.13,1 3,North,4,4,20
2,7,19,1,6472.741,1 3,West,4,4,20
2,7,19,2,6473.342,1 3,West,4,4,21
2,7,19,3,6473.812,1 3,North,4,4,21
2,7,19,2,6474.464,0 3,North,4,4,21
2,7,19,1,6475.073,0 3,West,4,4,21
2,7,19,2,6475.669,0 2,West,4,4,21
2,7,19,1,6476.271,0 2,South,4,4,21
2,7,19,2,6476.879,1 2,South,4,4,21
2,7,19,6,6477.26,1 2,South,4,5,21
2,7,19,2,6477.84,1 2,South,4,5,22
2,7,19,3,6478.317,1 2,West,4,5,22
2,7,19,2,6478.918,1 2,West,4,5,23
2,7,19,1,6479.423,1 2,South,4,5,23
2,7,19,1,6479.957,1 2,East,4,5,23
2,7,19,2,6480.498,1 2,East,4,5,24
2,7,19,2,6481.057,1 2,East,4,5,25
2,7,19,1,6481.677,1 2,North,4,5,25
2,7,19,2,6482.22,0 2,North,4,5,25
2,7,19,3,6482.741,0 2,East,4,5,25
2,7,19,2,6483.276,0 3,East,4,5,25
2,7,19,3,6483.908,0 3,South,4,5,25
2,7,19,2,6484.527,1 3,South,4,5,25
2,7,19,2,6485.153,2 3,South,4,5,25
2,7,19,3,6485.742,2 3,West,4,5,25
2,7,19,2,6486.369,2 2,West,4,5,25
2,7,19,6,6486.78,2 2,West,4,6,25
2,7,19,1,6487.134,2 2,South,4,6,25
2,7,19,1,6487.713,2 2,East,4,6,25
2,7,19,2,6488.435,2 3,East,4,6,25
2,7,19,1,6488.978,2 3,North,4,6,25
2,7,19,2,6489.569,1 3,North,4,6,25
2,7,19,6,6489.96,1 3,North,4,7,25
2,7,19,1,6490.287,1 3,West,4,7,25
2,7,19,1,6491.22,1 3,South,4,7,25
2,7,19,2,6491.791,2 3,South,4,7,25
2,7,19,2,6492.448,2 3,South,4,7,26
2,7,19,1,6492.882,2 3,East,4,7,26
2,7,19,2,6493.476,2 4,East,4,7,26
2,7,19,3,6494.223,2 4,South,4,7,26
2,7,19,2,6494.789,3 4,South,4,7,26
2,7,19,2,6495.47,4 4,South,4,7,26
2,7,19,3,6496.035,4 4,West,4,7,26
2,7,19,2,6496.621,4 3,West,4,7,26
2,7,19,2,6497.27,4 2,West,4,7,26
2,7,19,3,6497.95,4 2,North,4,7,26
2,7,19,2,6498.624,3 2,North,4,7,26
2,7,19,6,6499,3 2,North,4,8,26
0,7,20,1,6502.563,4 4,West,4,0,26
0,7,20,3,6504.004,4 4,North,4,0,26
0,7,20,2,6504.771,3 4,North,4,0,26
0,7,20,2,6505.486,2 4,North,4,0,26
0,7,20,1,6506.109,2 4,West,4,0,26
0,7,20,2,6506.708,2 3,West,4,0,26
0,7,20,3,6507.31,2 3,North,4,0,26
0,7,20,2,6507.922,1 3,North,4,0,26
0,7,20,2,6508.478,0 3,North,4,0,26
0,7,20,1,6509.325,0 3,West,4,0,26
0,7,20,2,6510.212,0 2,West,4,0,26
0,7,20,6,6510.62,0 2,West,4,1,26
0,7,20,1,6511.219,0 2,South,4,1,26
0,7,20,1,6511.86,0 2,East,4,1,26
0,7,20,2,6512.388,0 3,East,4,1,26
0,7,20,3,6513.061,0 3,South,4,1,26
0,7,20,2,6513.585,1 3,South,4,1,26
0,7,20,2,6514.178,2 3,South,4,1,26
0,7,20,3,6514.703,2 3,West,4,1,26
0,7,20,2,6515.278,2 2,West,4,1,26
0,7,20,2,6515.906,2 1,West,4,1,26
0,7,20,3,6516.463,2 1,North,4,1,26
0,7,20,2,6517.462,1 1,North,4,1,26
0,7,20,1,6518,1 1,West,4,1,26
0,7,20,2,6518.622,1 0,West,4,1,26
0,7,20,6,6519.04,1 0,West,4,2,26
0,7,20,1,6519.443,1 0,South,4,2,26
0,7,20,1,6520.213,1 0,East,4,2,26
0,7,20,2,6520.816,1 1,East,4,2,26
0,7,20,3,6521.408,1 1,South,4,2,26
0,7,20,2,6522.045,2 1,South,4,2,26
0,7,20,1,6522.642,2 1,East,4,2,26
0,7,20,2,6523.247,2 2,East,4,2,26
0,7,20,3,6523.869,2 2,South,4,2,26
0,7,20,2,6524.479,3 2,South,4,2,26
0,7,20,2,6525.084,4 2,South,4,2,26
0,7,20,1,6525.598,4 2,East,4,2,26
0,7,20,2,6526.447,4 3,East,4,2,26
0,7,20,1,6526.997,4 3,North,4,2,26
0,7,20,2,6527.55,3 3,North,4,2,26
0,7,20,3,6528.066,3 3,East,4,2,26
0,7,20,2,6528.655,3 4,East,4,2,26
0,7,20,1,6529.205,3 4,North,4,2,26
0,7,20,2,6529.775,2 4,North,4,2,26
0,7,20,1,6530.308,2 4,West,4,2,26
0,7,20,2,6530.897,2 3,West,4,2,26
0,7,20,3,6531.443,2 3,North,4,2,26
0,7,20,2,6532.093,1 3,North,4,2,26
0,7,20,2,6532.638,0 3,North,4,2,26
0,7,20,1,6533.57,0 3,West,4,2,26
0,7,20,2,6534.244,0 2,West,4,2,26
0,7,20,2,6534.863,0 1,West,4,2,26
0,7,20,6,6535.28,0 1,West,4,3,26
0,7,20,1,6535.383,0 1,South,4,3,26
0,7,20,1,6536.163,0 1,East,4,3,26
0,7,20,2,6536.771,0 2,East,4,3,26
0,7,20,3,6537.7,0 2,South,4,3,26
0,7,20,1,6538.399,0 2,East,4,3,26
0,7,20,2,6538.981,0 3,East,4,3,26
0,7,20,3,6539.552,0 3,South,4,3,26
0,7,20,2,6540.098,1 3,South,4,3,26
0,7,20,1,6540.677,1 3,East,4,3,26
0,7,20,2,6541.349,1 4,East,4,3,26
0,7,20,6,6541.76,1 4,East,4,4,26
0,7,20,3,6542.032,1 4,South,4,4,26
0,7,20,3,6542.816,1 4,West,4,4,26
0,7,20,2,6543.422,1 3,West,4,4,26
0,7,20,3,6543.966,1 3,North,4,4,26
0,7,20,2,6544.547,0 3,North,4,4,26
0,7,20,1,6545.173,0 3,West,4,4,26
0,7,20,2,6545.695,0 2,West,4,4,26
0,7,20,2,6546.325,0 1,West,4,4,26
0,7,20,2,6546.977,0 0,West,4,4,26
0,7,20,6,6547.4,0 0,West,4,5,26
0,7,20,1,6547.505,0 0,South,4,5,26
0,7,20,1,6548.304,0 0,East,4,5,26
0,7,20,2,6548.912,0 1,East,4,5,26
0,7,20,2,6549.583,0 2,East,4,5,26
0,7,20,3,6550.131,0 2,South,4,5,26
0,7,20,2,6550.766,1 2,South,4,5,26
0,7,20,1,6551.282,1 2,East,4,5,26
0,7,20,1,6551.853,1 2,North,4,5,26
0,7,20,2,6552.43,0 2,North,4,5,26
0,7,20,3,6552.957,0 2,East,4,5,26
0,7,20,2,6553.652,0 3,East,4,5,26
0,7,20,3,6554.194,0 3,South,4,5,26
0,7,20,2,6554.783,1 3,South,4,5,26
0,7,20,2,6555.494,2 3,South,4,5,26
0,7,20,3,6556.016,2 3,West,4,5,26
0,7,20,2,6556.641,2 2,West,4,5,26
0,7,20,1,6557.253,2 2,South,4,5,26
0,7,20,3,6558.225,2 2,West,4,5,26
0,7,20,2,6558.86,2 1,West,4,5,26
0,7,20,1,6559.472,2 1,South,4,5,26
0,7,20,2,6559.998,3 1,South,4,5,26
0,7,20,2,6560.669,4 1,South,4,5,26
0,7,20,6,6561.04,4 1,South,4,6,26
0,7,20,3,6561.316,4 1,West,4,6,26
0,7,20,2,6561.95,4 0,West,4,6,26
0,7,20,3,6562.499,4 0,North,4,6,26
0,7,20,3,6563.412,4 0,East,4,6,26
0,7,20,2,6563.996,4 1,East,4,6,26
0,7,20,1,6564.596,4 1,North,4,6,26
0,7,20,2,6565.141,3 1,North,4,6,26
0,7,20,2,6565.686,2 1,North,4,6,26
0,7,20,6,6566.08,2 1,North,4,7,26
0,7,20,3,6566.272,2 1,East,4,7,26
0,7,20,2,6566.878,2 2,East,4,7,26
0,7,20,2,6567.491,2 3,East,4,7,26
0,7,20,1,6568.049,2 3,North,4,7,26
0,7,20,1,6568.645,2 3,West,4,7,26
0,7,20,2,6569.441,2 2,West,4,7,26
0,7,20,1,6569.982,2 2,South,4,7,26
0,7,20,2,6570.786,3 2,South,4,7,26
0,7,20,1,6571.597,3 2,East,4,7,26
0,7,20,3,6572.275,3 2,South,4,7,26
0,7,20,2,6572.962,4 2,South,4,7,26
0,7,20,1,6573.521,4 2,East,4,7,26
0,7,20,2,6574.045,4 3,East,4,7,26
0,7,20,6,6574.46,4 3,East,4,8,26
2,7,20,1,6589.952,4 4,West,4,0,0
2,7,20,3,6590.611,4 4,North,4,0,0
2,7,20,2,6591.169,3 4,North,4,0,0
2,7,20,2,6591.81,2 4,North,4,0,0
2,7,20,2,6592.479,1 4,North,4,0,0
2,7,20,6,6592.86,1 4,North,4,1,0
2,7,20,1,6593.038,1 4,West,4,1,0
2,7,20,2,6593.894,1 3,West,4,1,0
2,7,20,2,6594.531,1 3,West,4,1,1
2,7,20,1,6594.973,1 3,South,4,1,1
2,7,20,2,6595.621,2 3,South,4,1,1
2,7,20,3,6596.21,2 3,West,4,1,1
2,7,20,2,6596.797,2 2,West,4,1,1
2,7,20,2,6597.395,2 1,West,4,1,1
2,7,20,6,6597.8,2 1,West,4,2,1
2,7,20,1,6598.02,2 1,South,4,2,1
2,7,20,1,6598.609,2 1,East,4,2,1
2,7,20,2,6599.187,2 2,East,4,2,1
2,7,20,2,6599.876,2 3,East,4,2,1
2,7,20,3,6600.515,2 3,South,4,2,1
2,7,20,2,6601.059,2 3,South,4,2,2
2,7,20,1,6601.678,2 3,East,4,2,2
2,7,20,2,6602.303,2 4,East,4,2,2
2,7,20,3,6603.174,2 4,South,4,2,2
2,7,20,2,6603.795,3 4,South,4,2,2
2,7,20,2,6604.469,4 4,South,4,2,2
2,7,20,3,6605.393,4 4,West,4,2,2
2,7,20,2,6605.94,4 3,West,4,2,2
2,7,20,6,6606.36,4 3,West,4,3,2
2,7,20,3,6606.581,4 3,North,4,3,2
2,7,20,2,6607.149,3 3,North,4,3,2
2,7,20,2,6607.795,3 3,North,4,3,3
2,7,20,1,6608.338,3 3,West,4,3,3
2,7,20,2,6608.933,3 3,West,4,3,4
2,7,20,3,6609.458,3 3,North,4,3,4
2,7,20,3,6609.982,3 3,East,4,3,4
2,7,20,2,6610.545,3 4,East,4,3,4
2,7,20,1,6611.411,3 4,North,4,3,4
2,7,20,2,6611.983,2 4,North,4,3,4
2,7,20,2,6612.641,1 4,North,4,3,4
2,7,20,1,6613.235,1 4,West,4,3,4
2,7,20,2,6613.798,1 3,West,4,3,4
2,7,20,2,6614.432,1 3,West,4,3,5
2,7,20,3,6614.943,1 3,North,4,3,5
2,7,20,2,6615.557,0 3,North,4,3,5
2,7,20,1,6616.429,0 3,West,4,3,5
2,7,20,2,6617.03,0 2,West,4,3,5
2,7,20,2,6617.602,0 1,West,4,3,5
2,7,20,1,6618.303,0 1,South,4,3,5
2,7,20,2,6619.149,0 1,South,4,3,6
2,7,20,3,6619.569,0 1,West,4,3,6
2,7,20,2,6620.126,0 0,West,4,3,6
2,7,20,1,6620.659,0 0,South,4,3,6
2,7,20,2,6621.265,0 0,South,4,3,7
2,7,20,1,6621.855,0 0,East,4,3,7
2,7,20,2,6622.435,0 1,East,4,3,7
2,7,20,2,6622.995,0 2,East,4,3,7
2,7,20,3,6623.55,0 2,South,4,3,7
2,7,20,2,6624.125,1 2,South,4,3,7
2,7,20,2,6624.735,1 2,South,4,3,8
2,7,20,3,6625.248,1 2,West,4,3,8
2,7,20,2,6625.823,1 2,West,4,3,9
2,7,20,1,6626.369,1 2,South,4,3,9
2,7,20,2,6626.914,1 2,South,4,3,10
2,7,20,1,6627.361,1 2,East,4,3,10
2,7,20,2,6627.906,1 2,East,4,3,11
2,7,20,1,6628.67,1 2,North,4,3,11
2,7,20,2,6629.208,0 2,North,4,3,11
2,7,20,3,6629.727,0 2,East,4,3,11
2,7,20,2,6630.369,0 3,East,4,3,11
2,7,20,2,6630.945,0 4,East,4,3,11
2,7,20,3,6631.52,0 4,South,4,3,11
2,7,20,2,6632.143,0 4,South,4,3,12
2,7,20,3,6632.741,0 4,West,4,3,12
2,7,20,2,6633.3,0 3,West,4,3,12
2,7,20,1,6633.903,0 3,South,4,3,12
2,7,20,2,6634.549,1 3,South,4,3,12
2,7,20,3,6635.365,1 3,West,4,3,12
2,7,20,2,6636.048,1 3,West,4,3,13
2,7,20,1,6636.527,1 3,South,4,3,13
2,7,20,2,6637.121,2 3,South,4,3,13
2,7,20,3,6637.75,2 3,West,4,3,13
2,7,20,2,6638.29,2 2,West,4,3,13
2,7,20,2,6639.021,2 1,West,4,3,13
2,7,20,2,6639.683,2 1,West,4,3,14
2,7,20,3,6640.208,2 1,North,4,3,14
2,7,20,2,6640.821,1 1,North,4,3,14
2,7,20,1,6641.366,1 1,West,4,3,14
2,7,20,2,6641.984,1 0,West,4,3,14
2,7,20,6,6642.4,1 0,West,4,4,14
2,7,20,1,6642.702,1 0,South,4,4,14
2,7,20,1,6643.285,1 0,East,4,4,14
2,7,20,2,6643.844,1 1,East,4,4,14
2,7,20,2,6644.383,1 1,East,4,4,15
2,7,20,1,6644.99,1 1,North,4,4,15
2,7,20,2,6645.59,1 1,North,4,4,16
2,7,20,3,6646.547,1 1,East,4,4,16
2,7,20,3,6647.09,1 1,South,4,4,16
2,7,20,2,6647.603,2 1,South,4,4,16
2,7,20,2,6648.21,3 1,South,4,4,16
2,7,20,1,6648.878,3 1,East,4,4,16
2,7,20,2,6649.526,3 1,East,4,4,17
2,7,20,3,6650.047,3 1,South,4,4,17
2,7,20,2,6650.613,4 1,South,4,4,17
2,7,20,1,6651.378,4 1,East,4,4,17
2,7,20,2,6651.901,4 1,East,4,4,18
2,7,20,1,6652.493,4 1,North,4,4,18
2,7,20,2,6653.074,3 1,North,4,4,18
2,7,20,2,6653.795,2 1,North,4,4,18
2,7,20,3,6654.414,2 1,East,4,4,18
2,7,20,2,6655.056,2 2,East,4,4,18
2,7,20,2,6655.759,2 3,East,4,4,18
2,7,20,3,6656.351,2 3,South,4,4,18
2,7,20,2,6656.961,2 3,South,4,4,19
2,7,20,1,6657.439,2 3,East,4,4,19
2,7,20,2,6658.095,2 4,East,4,4,19
2,7,20,3,6658.625,2 4,South,4,4,19
2,7,20,2,6659.213,3 4,South,4,4,19
2,7,20,3,6659.837,3 4,West,4,4,19
2,7,20,2,6660.495,3 3,West,4,4,19
2,7,20,6,6660.9,3 3,West,4,5,19
2,7,20,2,6661.557,3 3,West,4,5,20
2,7,20,1,6662.028,3 3,South,4,5,20
2,7,20,2,6662.643,4 3,South,4,5,20
2,7,20,3,6663.217,4 3,West,4,5,20
2,7,20,2,6663.79,4 2,West,4,5,20
2,7,20,2,6664.42,4 2,West,4,5,21
2,7,20,3,6664.947,4 2,North,4,5,21
2,7,20,2,6665.504,3 2,North,4,5,21
2,7,20,1,6666.112,3 2,West,4,5,21
2,7,20,2,6666.704,3 2,West,4,5,22
2,7,20,3,6667.25,3 2,North,4,5,22
2,7,20,2,6667.926,2 2,North,4,5,22
2,7,20,1,6668.515,2 2,West,4,5,22
2,7,20,2,6669.104,2 1,West,4,5,22
2,7,20,1,6669.628,2 1,South,4,5,22
2,7,20,2,6670.276,3 1,South,4,5,22
2,7,20,2,6670.963,4 1,South,4,5,22
2,7,20,3,6671.652,4 1,West,4,5,22
2,7,20,2,6672.382,4 0,West,4,5,22
2,7,20,6,6672.8,4 0,West,4,6,22
2,7,20,3,6672.957,4 0,North,4,6,22
2,7,20,3,6673.665,4 0,East,4,6,22
2,7,20,2,6674.245,4 1,East,4,6,22
2,7,20,2,6674.771,4 1,East,4,6,23
2,7,20,1,6675.41,4 1,North,4,6,23
2,7,20,2,6676.109,3 1,North,4,6,23
2,7,20,2,6676.724,2 1,North,4,6,23
2,7,20,3,6677.522,2 1,East,4,6,23
2,7,20,2,6678.208,2 2,East,4,6,23
2,7,20,2,6678.852,2 3,East,4,6,23
2,7,20,2,6679.492,2 4,East,4,6,23
2,7,20,3,6680.053,2 4,South,4,6,23
2,7,20,2,6680.673,3 4,South,4,6,23
2,7,20,6,6681.04,3 4,South,4,7,23
2,7,20,3,6681.204,3 4,West,4,7,23
2,7,20,3,6681.968,3 4,North,4,7,23
2,7,20,2,6682.528,2 4,North,4,7,23
2,7,20,2,6683.102,1 4,North,4,7,23
2,7,20,2,6683.629,1 4,North,4,7,24
2,7,20,1,6684.149,1 4,West,4,7,24
2,7,20,1,6685.33,1 4,South,4,7,24
2,7,20,2,6685.987,2 4,South,4,7,24
2,7,20,3,6686.703,2 4,West,4,7,24
2,7,20,2,6687.282,2 3,West,4,7,24
2,7,20,2,6687.889,2 2,West,4,7,24
2,7,20,2,6688.525,2 1,West,4,7,24
2,7,20,2,6689.137,2 1,West,4,7,25
2,7,20,3,6689.664,2 1,North,4,7,25
2,7,20,2,6690.257,1 1,North,4,7,25
2,7,20,1,6690.895,1 1,West,4,7,25
2,7,20,2,6691.565,1 0,West,4,7,25
2,7,20,1,6692.146,1 0,South,4,7,25
2,7,20,2,6692.737,2 0,South,4,7,25
2,7,20,6,6693.12,2 0,South,4,8,25
0,7,21,2,6697.101,3 4,North,4,0,25
0,7,21,6,6697.48,3 4,North,4,1,25
0,7,21,2,6697.889,2 4,North,4,1,25
0,7,21,1,6698.43,2 4,West,4,1,25
0,7,21,2,6699.346,2 3,West,4,1,25
0,7,21,2,6699.988,2 2,West,4,1,25
0,7,21,2,6700.655,2 1,West,4,1,25
0,7,21,1,6701.521,2 1,South,4,1,25
0,7,21,2,6702.111,3 1,South,4,1,25
0,7,21,2,6702.753,4 1,South,4,1,25
0,7,21,3,6703.286,4 1,West,4,1,25
0,7,21,2,6703.893,4 0,West,4,1,25
0,7,21,6,6704.3,4 0,West,4,2,25
0,7,21,3,6704.847,4 0,North,4,2,25
0,7,21,3,6705.504,4 0,East,4,2,25
0,7,21,2,6706.069,4 1,East,4,2,25
0,7,21,1,6706.718,4 1,North,4,2,25
0,7,21,2,6707.268,3 1,North,4,2,25
0,7,21,2,6707.841,2 1,North,4,2,25
0,7,21,3,6708.67,2 1,East,4,2,25
0,7,21,2,6709.185,2 2,East,4,2,25
0,7,21,3,6709.857,2 2,South,4,2,25
0,7,21,2,6710.466,3 2,South,4,2,25
0,7,21,6,6710.84,3 2,South,4,3,25
0,7,21,1,6711.343,3 2,East,4,3,25
0,7,21,1,6711.941,3 2,North,4,3,25
0,7,21,2,6712.494,2 2,North,4,3,25
0,7,21,3,6713.346,2 2,East,4,3,25
0,7,21,2,6713.981,2 3,East,4,3,25
0,7,21,1,6714.532,2 3,North,4,3,25
0,7,21,2,6715.094,1 3,North,4,3,25
0,7,21,2,6715.629,0 3,North,4,3,25
0,7,21,3,6716.397,0 3,East,4,3,25
0,7,21,2,6717.314,0 4,East,4,3,25
0,7,21,6,6717.72,0 4,East,4,4,25
0,7,21,1,6717.953,0 4,North,4,4,25
0,7,21,1,6718.661,0 4,West,4,4,25
0,7,21,1,6719.462,0 4,South,4,4,25
0,7,21,3,6719.988,0 4,West,4,4,25
0,7,21,2,6720.643,0 3,West,4,4,25
0,7,21,2,6721.214,0 2,West,4,4,25
0,7,21,1,6721.984,0 2,South,4,4,25
0,7,21,2,6722.518,1 2,South,4,4,25
0,7,21,1,6723.045,1 2,East,4,4,25
0,7,21,1,6723.604,1 2,North,4,4,25
0,7,21,2,6724.193,0 2,North,4,4,25
0,7,21,3,6724.734,0 2,East,4,4,25
0,7,21,2,6725.311,0 3,East,4,4,25
0,7,21,3,6725.889,0 3,South,4,4,25
0,7,21,2,6726.461,1 3,South,4,4,25
0,7,21,2,6726.996,2 3,South,4,4,25
0,7,21,3,6727.971,2 3,West,4,4,25
0,7,21,2,6728.543,2 2,West,4,4,25
0,7,21,1,6729.116,2 2,South,4,4,25
0,7,21,2,6729.777,3 2,South,4,4,25
0,7,21,2,6730.429,4 2,South,4,4,25
0,7,21,6,6730.8,4 2,South,4,5,25
0,7,21,2,6731.202,4 2,South,4,5,25
0,7,21,1,6731.541,4 2,East,4,5,25
0,7,21,2,6732.373,4 3,East,4,5,25
0,7,21,1,6732.883,4 3,North,4,5,25
0,7,21,1,6733.727,4 3,West,4,5,25
0,7,21,2,6734.26,4 2,West,4,5,25
0,7,21,3,6735.15,4 2,North,4,5,25
0,7,21,2,6735.744,3 2,North,4,5,25
0,7,21,2,6736.353,2 2,North,4,5,25
0,7,21,1,6736.901,2 2,West,4,5,25
0,7,21,2,6737.444,2 1,West,4,5,25
0,7,21,3,6738,2 1,North,4,5,25
0,7,21,2,6738.611,1 1,North,4,5,25
0,7,21,1,6739.149,1 1,West,4,5,25
0,7,21,1,6740.147,1 1,South,4,5,25
0,7,21,3,6740.817,1 1,West,4,5,25
0,7,21,2,6741.427,1 0,West,4,5,25
0,7,21,1,6742.208,1 0,South,4,5,25
0,7,21,2,6742.783,2 0,South,4,5,25
0,7,21,6,6743.16,2 0,South,4,6,25
0,7,21,1,6743.667,2 0,East,4,6,25
0,7,21,1,6744.209,2 0,North,4,6,25
0,7,21,2,6744.803,1 0,North,4,6,25
0,7,21,3,6745.726,1 0,East,4,6,25
0,7,21,2,6746.318,1 1,East,4,6,25
0,7,21,3,6746.893,1 1,South,4,6,25
0,7,21,2,6747.458,2 1,South,4,6,25
0,7,21,1,6748.351,2 1,East,4,6,25
0,7,21,2,6749.021,2 2,East,4,6,25
0,7,21,3,6749.712,2 2,South,4,6,25
0,7,21,2,6750.275,3 2,South,4,6,25
0,7,21,2,6750.867,4 2,South,4,6,25
0,7,21,1,6751.618,4 2,East,4,6,25
0,7,21,1,6752.405,4 2,North,4,6,25
0,7,21,3,6753.476,4 2,East,4,6,25
0,7,21,2,6754.115,4 3,East,4,6,25
0,7,21,2,6754.768,4 4,East,4,6,25
0,7,21,1,6755.329,4 4,North,4,6,25
0,7,21,2,6755.971,3 4,North,4,6,25
0,7,21,2,6756.59,2 4,North,4,6,25
0,7,21,1,6757.153,2 4,West,4,6,25
0,7,21,2,6757.763,2 3,West,4,6,25
0,7,21,3,6758.32,2 3,North,4,6,25
0,7,21,2,6758.878,1 3,North,4,6,25
0,7,21,2,6759.472,0 3,North,4,6,25
0,7,21,3,6759.985,0 3,East,4,6,25
0,7,21,3,6760.499,0 3,South,4,6,25
0,7,21,3,6761.619,0 3,West,4,6,25
0,7,21,2,6762.213,0 2,West,4,6,25
0,7,21,1,6762.804,0 2,South,4,6,25
0,7,21,2,6763.425,1 2,South,4,6,25
0,7,21,6,6763.8,1 2,South,4,7,25
0,7,21,1,6764.403,1 2,East,4,7,25
0,7,21,1,6764.993,1 2,North,4,7,25
0,7,21,2,6765.939,0 2,North,4,7,25
0,7,21,3,6766.462,0 2,East,4,7,25
0,7,21,2,6767.169,0 3,East,4,7,25
0,7,21,6,6767.58,0 3,East,4,8,25
2,7,21,2,6770.917,3 4,North,4,0,0
2,7,21,1,6771.441,3 4,West,4,0,0
2,7,21,1,6772.287,3 4,South,4,0,0
2,7,21,2,6772.948,4 4,South,4,0,0
2,7,21,3,6773.533,4 4,West,4,0,0
2,7,21,2,6774.129,4 3,West,4,0,0
2,7,21,2,6774.691,4 2,West,4,0,0
2,7,21,2,6775.265,4 2,West,4,0,1
2,7,21,3,6775.75,4 2,North,4,0,1
2,7,21,2,6776.371,3 2,North,4,0,1
2,7,21,1,6776.977,3 2,West,4,0,1
2,7,21,2,6777.605,3 2,West,4,0,2
2,7,21,3,6778.164,3 2,North,4,0,2
2,7,21,2,6778.785,2 2,North,4,0,2
2,7,21,1,6779.347,2 2,West,4,0,2
2,7,21,2,6779.936,2 1,West,4,0,2
2,7,21,2,6780.547,2 1,West,4,0,3
2,7,21,1,6780.982,2 1,South,4,0,3
2,7,21,2,6781.555,3 1,South,4,0,3
2,7,21,2,6782.194,4 1,South,4,0,3
2,7,21,3,6782.736,4 1,West,4,0,3
2,7,21,2,6783.342,4 0,West,4,0,3
2,7,21,6,6783.76,4 0,West,4,1,3
2,7,21,3,6783.869,4 0,North,4,1,3
2,7,21,3,6784.388,4 0,East,4,1,3
2,7,21,2,6785.009,4 1,East,4,1,3
2,7,21,2,6785.601,4 1,East,4,1,4
2,7,21,1,6785.968,4 1,North,4,1,4
2,7,21,2,6786.645,3 1,North,4,1,4
2,7,21,3,6787.231,3 1,East,4,1,4
2,7,21,2,6787.86,3 1,East,4,1,5
2,7,21,3,6788.289,3 1,South,4,1,5
2,7,21,2,6788.844,4 1,South,4,1,5
2,7,21,1,6789.665,4 1,East,4,1,5
2,7,21,2,6790.228,4 1,East,4,1,6
2,7,21,1,6790.605,4 1,North,4,1,6
2,7,21,2,6791.141,3 1,North,4,1,6
2,7,21,2,6791.662,2 1,North,4,1,6
2,7,21,3,6792.174,2 1,East,4,1,6
2,7,21,2,6792.693,2 2,East,4,1,6
2,7,21,3,6793.202,2 2,South,4,1,6
2,7,21,2,6793.746,3 2,South,4,1,6
2,7,21,6,6794.12,3 2,South,4,2,6
2,7,21,1,6794.3,3 2,East,4,2,6
2,7,21,3,6794.909,3 2,South,4,2,6
2,7,21,2,6795.461,4 2,South,4,2,6
2,7,21,3,6796.225,4 2,West,4,2,6
2,7,21,2,6796.75,4 2,West,4,2,7
2,7,21,3,6797.311,4 2,North,4,2,7
2,7,21,2,6798.353,3 2,North,4,2,7
2,7,21,1,6798.978,3 2,West,4,2,7
2,7,21,2,6799.557,3 2,West,4,2,8
2,7,21,3,6800.065,3 2,North,4,2,8
2,7,21,2,6800.673,2 2,North,4,2,8
2,7,21,1,6801.204,2 2,West,4,2,8
2,7,21,2,6801.735,2 1,West,4,2,8
2,7,21,1,6802.276,2 1,South,4,2,8
2,7,21,2,6803.247,3 1,South,4,2,8
2,7,21,2,6803.904,4 1,South,4,2,8
2,7,21,6,6804.28,4 1,South,4,3,8
2,7,21,3,6804.468,4 1,West,4,3,8
2,7,21,3,6805.199,4 1,North,4,3,8
2,7,21,2,6806.053,3 1,North,4,3,8
2,7,21,2,6806.926,2 1,North,4,3,8
2,7,21,2,6807.646,1 1,North,4,3,8
2,7,21,3,6808.286,1 1,East,4,3,8
2,7,21,2,6808.93,1 1,East,4,3,9
2,7,21,3,6809.443,1 1,South,4,3,9
2,7,21,2,6809.965,2 1,South,4,3,9
2,7,21,1,6810.494,2 1,East,4,3,9
2,7,21,2,6811.137,2 2,East,4,3,9
2,7,21,1,6811.759,2 2,North,4,3,9
2,7,21,2,6812.35,2 2,North,4,3,10
2,7,21,1,6812.813,2 2,West,4,3,10
2,7,21,2,6813.396,2 1,West,4,3,10
2,7,21,3,6813.966,2 1,North,4,3,10
2,7,21,2,6814.868,1 1,North,4,3,10
2,7,21,2,6815.51,1 1,North,4,3,11
2,7,21,1,6816.208,1 1,West,4,3,11
2,7,21,2,6816.769,1 0,West,4,3,11
2,7,21,3,6817.281,1 0,North,4,3,11
2,7,21,2,6817.837,1 0,North,4,3,12
2,7,21,3,6818.542,1 0,East,4,3,12
2,7,21,2,6819.169,1 1,East,4,3,12
2,7,21,2,6819.778,1 1,East,4,3,13
2,7,21,3,6820.207,1 1,South,4,3,13
2,7,21,2,6820.788,2 1,South,4,3,13
2,7,21,2,6821.424,3 1,South,4,3,13
2,7,21,1,6822.034,3 1,East,4,3,13
2,7,21,2,6822.597,3 1,East,4,3,14
2,7,21,3,6823.187,3 1,South,4,3,14
2,7,21,2,6823.791,4 1,South,4,3,14
2,7,21,1,6824.595,4 1,East,4,3,14
2,7,21,2,6825.138,4 1,East,4,3,15
2,7,21,1,6825.725,4 1,North,4,3,15
2,7,21,2,6826.306,3 1,North,4,3,15
2,7,21,2,6827.248,2 1,North,4,3,15
2,7,21,3,6828.126,2 1,East,4,3,15
2,7,21,2,6828.754,2 2,East,4,3,15
2,7,21,1,6829.294,2 2,North,4,3,15
2,7,21,2,6829.92,2 2,North,4,3,16
2,7,21,3,6830.351,2 2,East,4,3,16
2,7,21,2,6830.96,2 3,East,4,3,16
2,7,21,1,6831.538,2 3,North,4,3,16
2,7,21,2,6832.225,1 3,North,4,3,16
2,7,21,1,6832.815,1 3,West,4,3,16
2,7,21,2,6833.396,1 3,West,4,3,17
2,7,21,3,6833.874,1 3,North,4,3,17
2,7,21,2,6834.43,0 3,North,4,3,17
2,7,21,1,6834.941,0 3,West,4,3,17
2,7,21,2,6835.534,0 2,West,4,3,17
2,7,21,1,6836.126,0 2,South,4,3,17
2,7,21,2,6836.732,1 2,South,4,3,17
2,7,21,6,6837.12,1 2,South,4,4,17
2,7,21,1,6837.455,1 2,East,4,4,17
2,7,21,1,6838.003,1 2,North,4,4,17
2,7,21,2,6838.53,0 2,North,4,4,17
2,7,21,3,6839.043,0 2,East,4,4,17
2,7,21,2,6839.598,0 3,East,4,4,17
2,7,21,6,6840,0 3,East,4,5,17
2,7,21,3,6840.501,0 3,South,4,5,17
2,7,21,3,6841.06,0 3,West,4,5,17
2,7,21,2,6841.656,0 2,West,4,5,17
2,7,21,2,6842.581,0 1,West,4,5,17
2,7,21,2,6843.214,0 0,West,4,5,17
2,7,21,1,6843.728,0 0,South,4,5,17
2,7,21,2,6844.371,0 0,South,4,5,18
2,7,21,1,6845,0 0,East,4,5,18
2,7,21,2,6845.523,0 1,East,4,5,18
2,7,21,3,6846.067,0 1,South,4,5,18
2,7,21,2,6846.911,0 1,South,4,5,19
2,7,21,1,6847.362,0 1,East,4,5,19
2,7,21,2,6847.909,0 2,East,4,5,19
2,7,21,3,6848.452,0 2,South,4,5,19
2,7,21,2,6849.359,1 2,South,4,5,19
2,7,21,2,6850.276,1 2,South,4,5,20
2,7,21,3,6850.783,1 2,West,4,5,20
2,7,21,2,6851.378,1 2,West,4,5,21
2,7,21,1,6851.951,1 2,South,4,5,21
2,7,21,1,6852.931,1 2,East,4,5,21
2,7,21,2,6853.551,1 2,East,4,5,22
2,7,21,3,6854.242,1 2,South,4,5,22
2,7,21,1,6854.962,1 2,East,4,5,22
2,7,21,1,6855.967,1 2,North,4,5,22
2,7,21,2,6856.626,0 2,North,4,5,22
2,7,21,3,6857.33,0 2,East,4,5,22
2,7,21,2,6858.23,0 3,East,4,5,22
2,7,21,2,6858.9,0 4,East,4,5,22
2,7,21,3,6859.462,0 4,South,4,5,22
2,7,21,2,6860.35,0 4,South,4,5,23
2,7,21,1,6860.917,0 4,East,4,5,23
2,7,21,1,6861.809,0 4,North,4,5,23
2,7,21,1,6862.352,0 4,West,4,5,23
2,7,21,2,6863.184,0 3,West,4,5,23
2,7,21,2,6863.871,0 2,West,4,5,23
2,7,21,2,6864.549,0 1,West,4,5,23
2,7,21,1,6865.123,0 1,South,4,5,23
2,7,21,2,6865.733,0 1,South,4,5,24
2,7,21,3,6866.305,0 1,West,4,5,24
2,7,21,2,6866.911,0 0,West,4,5,24
2,7,21,1,6867.493,0 0,South,4,5,24
2,7,21,2,6868.077,0 0,South,4,5,25
2,7,21,1,6868.655,0 0,East,4,5,25
2,7,21,2,6869.282,0 1,East,4,5,25
2,7,21,2,6869.876,0 2,East,4,5,25
2,7,21,3,6870.477,0 2,South,4,5,25
2,7,21,2,6871.027,1 2,South,4,5,25
2,7,21,2,6871.681,1 2,South,4,5,26
2,7,21,3,6872.206,1 2,West,4,5,26
2,7,21,2,6872.943,1 2,West,4,5,27
2,7,21,1,6873.282,1 2,South,4,5,27
2,7,21,1,6874.173,1 2,East,4,5,27
2,7,21,2,6875.071,1 2,East,4,5,28
2,7,21,1,6875.629,1 2,North,4,5,28
2,7,21,2,6876.213,0 2,North,4,5,28
2,7,21,3,6876.772,0 2,East,4,5,28
2,7,21,2,6877.357,0 3,East,4,5,28
2,7,21,2,6878,0 4,East,4,5,28
2,7,21,3,6878.563,0 4,South,4,5,28
2,7,21,2,6879.101,0 4,South,4,5,29
2,7,21,3,6879.701,0 4,West,4,5,29
2,7,21,2,6880.252,0 3,West,4,5,29
2,7,21,1,6880.832,0 3,South,4,5,29
2,7,21,2,6881.438,1 3,South,4,5,29
2,7,21,1,6882.158,1 3,East,4,5,29
2,7,21,2,6882.78,1 4,East,4,5,29
2,7,21,3,6883.332,1 4,South,4,5,29
2,7,21,2,6883.887,2 4,South,4,5,29
2,7,21,2,6884.562,3 4,South,4,5,29
2,7,21,2,6885.206,4 4,South,4,5,29
2,7,21,3,6885.75,4 4,West,4,5,29
2,7,21,2,6886.276,4 3,West,4,5,29
2,7,21,2,6886.925,4 2,West,4,5,29
2,7,21,6,6887.34,4 2,West,4,6,29
2,7,21,3,6887.638,4 2,North,4,6,29
2,7,21,3,6888.304,4 2,East,4,6,29
2,7,21,1,6889.005,4 2,North,4,6,29
2,7,21,1,6889.764,4 2,West,4,6,29
2,7,21,2,6890.337,4 2,West,4,6,30
2,7,21,3,6890.889,4 2,North,4,6,30
2,7,21,2,6891.423,3 2,North,4,6,30
2,7,21,2,6891.981,2 2,North,4,6,30
2,7,21,2,6892.646,2 2,North,4,6,31
2,7,21,1,6893.086,2 2,West,4,6,31
2,7,21,2,6893.669,2 1,West,4,6,31
2,7,21,2,6894.341,2 1,West,4,6,32
2,7,21,3,6894.8,2 1,North,4,6,32
2,7,21,2,6895.364,1 1,North,4,6,32
2,7,21,2,6895.965,1 1,North,4,6,33
2,7,21,1,6896.368,1 1,West,4,6,33
2,7,21,2,6896.945,1 0,West,4,6,33
2,7,21,3,6897.538,1 0,North,4,6,33
2,7,21,2,6898.126,1 0,North,4,6,34
2,7,21,3,6898.543,1 0,East,4,6,34
2,7,21,2,6899.069,1 1,East,4,6,34
2,7,21,2,6899.63,1 1,East,4,6,35
2,7,21,2,6900.181,1 1,East,4,6,36
2,7,21,3,6900.628,1 1,South,4,6,36
2,7,21,2,6901.231,2 1,South,4,6,36
2,7,21,1,6901.746,2 1,East,4,6,36
2,7,21,2,6902.674,2 2,East,4,6,36
2,7,21,1,6903.281,2 2,North,4,6,36
2,7,21,2,6904.178,2 2,North,4,6,37
2,7,21,3,6904.782,2 2,East,4,6,37
2,7,21,2,6905.413,2 3,East,4,6,37
2,7,21,1,6906.061,2 3,North,4,6,37
2,7,21,2,6906.655,1 3,North,4,6,37
2,7,21,2,6907.314,0 3,North,4,6,37
2,7,21,1,6907.884,0 3,West,4,6,37
2,7,21,2,6908.516,0 2,West,4,6,37
2,7,21,2,6909.422,0 1,West,4,6,37
2,7,21,2,6910.014,0 0,West,4,6,37
2,7,21,6,6910.42,0 0,West,4,7,37
2,7,21,1,6910.797,0 0,South,4,7,37
2,7,21,1,6911.409,0 0,East,4,7,37
2,7,21,2,6911.94,0 1,East,4,7,37
2,7,21,2,6912.546,0 2,East,4,7,37
2,7,21,6,6912.96,0 2,East,4,8,37
0,8,22,1,6916.42,4 4,West,4,0,37
0,8,22,2,6917.092,4 3,West,4,0,37
0,8,22,2,6917.716,4 2,West,4,0,37
0,8,22,3,6918.254,4 2,North,4,0,37
0,8,22,3,6919.166,4 2,East,4,0,37
0,8,22,2,6919.746,4 3,East,4,0,37
0,8,22,2,6920.32,4 4,East,4,0,37
0,8,22,1,6920.847,4 4,North,4,0,37
0,8,22,2,6921.397,3 4,North,4,0,37
0,8,22,2,6922.133,2 4,North,4,0,37
0,8,22,2,6922.672,1 4,North,4,0,37
0,8,22,1,6923.732,1 4,West,4,0,37
0,8,22,2,6924.403,1 3,West,4,0,37
0,8,22,3,6925.057,1 3,North,4,0,37
0,8,22,2,6925.717,0 3,North,4,0,37
0,8,22,3,6926.259,0 3,East,4,0,37
0,8,22,3,6927.077,0 3,South,4,0,37
0,8,22,3,6927.647,0 3,West,4,0,37
0,8,22,2,6928.239,0 2,West,4,0,37
0,8,22,1,6928.78,0 2,South,4,0,37
0,8,22,1,6929.68,0 2,East,4,0,37
0,8,22,2,6930.327,0 3,East,4,0,37
0,8,22,3,6930.896,0 3,South,4,0,37
0,8,22,2,6931.44,1 3,South,4,0,37
0,8,22,2,6932.038,2 3,South,4,0,37
0,8,22,3,6932.562,2 3,West,4,0,37
0,8,22,2,6933.189,2 2,West,4,0,37
0,8,22,2,6933.838,2 1,West,4,0,37
0,8,22,1,6934.353,2 1,South,4,0,37
0,8,22,2,6934.942,3 1,South,4,0,37
0,8,22,3,6935.636,3 1,West,4,0,37
0,8,22,1,6936.165,3 1,South,4,0,37
0,8,22,2,6936.686,4 1,South,4,0,37
0,8,22,3,6937.245,4 1,West,4,0,37
0,8,22,2,6937.794,4 0,West,4,0,37
0,8,22,6,6938.2,4 0,West,4,1,37
0,8,22,3,6938.318,4 0,North,4,1,37
0,8,22,3,6939.057,4 0,East,4,1,37
0,8,22,2,6939.632,4 1,East,4,1,37
0,8,22,1,6940.497,4 1,North,4,1,37
0,8,22,2,6941.024,3 1,North,4,1,37
0,8,22,2,6941.589,2 1,North,4,1,37
0,8,22,3,6942.131,2 1,East,4,1,37
0,8,22,2,6943.12,2 2,East,4,1,37
0,8,22,3,6943.697,2 2,South,4,1,37
0,8,22,2,6944.304,3 2,South,4,1,37
0,8,22,6,6944.68,3 2,South,4,2,37
0,8,22,2,6945.249,4 2,South,4,2,37
0,8,22,1,6946.127,4 2,East,4,2,37
0,8,22,2,6946.67,4 3,East,4,2,37
0,8,22,1,6947.47,4 3,North,4,2,37
0,8,22,2,6948.03,3 3,North,4,2,37
0,8,22,3,6948.61,3 3,East,4,2,37
0,8,22,2,6949.206,3 4,East,4,2,37
0,8,22,1,6949.717,3 4,North,4,2,37
0,8,22,2,6950.529,2 4,North,4,2,37
0,8,22,1,6951.071,2 4,West,4,2,37
0,8,22,2,6951.613,2 3,West,4,2,37
0,8,22,3,6952.127,2 3,North,4,2,37
0,8,22,2,6952.653,1 3,North,4,2,37
0,8,22,2,6953.292,0 3,North,4,2,37
0,8,22,3,6954.21,0 3,East,4,2,37
0,8,22,3,6954.75,0 3,South,4,2,37
0,8,22,3,6955.71,0 3,West,4,2,37
0,8,22,2,6956.336,0 2,West,4,2,37
0,8,22,1,6956.868,0 2,South,4,2,37
0,8,22,1,6957.712,0 2,East,4,2,37
0,8,22,2,6958.255,0 3,East,4,2,37
0,8,22,3,6958.833,0 3,South,4,2,37
0,8,22,2,6959.414,1 3,South,4,2,37
0,8,22,2,6959.982,2 3,South,4,2,37
0,8,22,3,6960.581,2 3,West,4,2,37
0,8,22,2,6961.155,2 2,West,4,2,37
0,8,22,2,6961.708,2 1,West,4,2,37
0,8,22,1,6962.255,2 1,South,4,2,37
0,8,22,2,6962.845,3 1,South,4,2,37
0,8,22,2,6963.426,4 1,South,4,2,37
0,8,22,3,6963.95,4 1,West,4,2,37
0,8,22,2,6964.48,4 0,West,4,2,37
0,8,22,3,6965.074,4 0,North,4,2,37
0,8,22,2,6965.749,3 0,North,4,2,37
0,8,22,2,6966.319,2 0,North,4,2,37
0,8,22,6,6966.7,2 0,North,4,3,37
0,8,22,2,6967.022,1 0,North,4,3,37
0,8,22,3,6968.083,1 0,East,4,3,37
0,8,22,2,6968.705,1 1,East,4,3,37
0,8,22,3,6969.277,1 1,South,4,3,37
0,8,22,2,6969.828,2 1,South,4,3,37
0,8,22,1,6970.436,2 1,East,4,3,37
0,8,22,2,6970.991,2 2,East,4,3,37
0,8,22,2,6971.556,2 3,East,4,3,37
0,8,22,1,6972.414,2 3,North,4,3,37
0,8,22,2,6973.101,1 3,North,4,3,37
0,8,22,2,6973.712,0 3,North,4,3,37
0,8,22,1,6974.406,0 3,West,4,3,37
0,8,22,2,6974.993,0 2,West,4,3,37
0,8,22,6,6975.4,0 2,West,4,4,37
0,8,22,1,6975.829,0 2,South,4,4,37
0,8,22,1,6976.692,0 2,East,4,4,37
0,8,22,2,6977.252,0 3,East,4,4,37
0,8,22,3,6977.837,0 3,South,4,4,37
0,8,22,2,6978.419,1 3,South,4,4,37
0,8,22,1,6979.381,1 3,East,4,4,37
0,8,22,2,6980.003,1 4,East,4,4,37
0,8,22,3,6980.534,1 4,South,4,4,37
0,8,22,2,6981.199,2 4,South,4,4,37
0,8,22,2,6981.796,3 4,South,4,4,37
0,8,22,3,6982.547,3 4,West,4,4,37
0,8,22,1,6983.362,3 4,South,4,4,37
0,8,22,2,6983.922,4 4,South,4,4,37
0,8,22,3,6984.469,4 4,West,4,4,37
0,8,22,2,6985.055,4 3,West,4,4,37
0,8,22,2,6985.6,4 2,West,4,4,37
0,8,22,3,6986.607,4 2,North,4,4,37
0,8,22,2,6987.152,3 2,North,4,4,37
0,8,22,2,6988.194,2 2,North,4,4,37
0,8,22,1,6988.721,2 2,West,4,4,37
0,8,22,2,6989.31,2 1,West,4,4,37
0,8,22,3,6989.893,2 1,North,4,4,37
0,8,22,2,6990.529,1 1,North,4,4,37
0,8,22,1,6991.06,1 1,West,4,4,37
0,8,22,2,6992.022,1 0,West,4,4,37
0,8,22,1,6992.733,1 0,South,4,4,37
0,8,22,2,6993.38,2 0,South,4,4,37
0,8,22,2,6993.951,3 0,South,4,4,37
0,8,22,6,6994.32,3 0,South,4,5,37
0,8,22,2,6995.023,4 0,South,4,5,37
0,8,22,1,6995.535,4 0,East,4,5,37
0,8,22,2,6996.146,4 1,East,4,5,37
0,8,22,1,6996.708,4 1,North,4,5,37
0,8,22,2,6997.268,3 1,North,4,5,37
0,8,22,2,6997.822,2 1,North,4,5,37
0,8,22,3,6998.388,2 1,East,4,5,37
0,8,22,2,6999.311,2 2,East,4,5,37
0,8,22,6,6999.72,2 2,East,4,6,37
0,8,22,2,6999.828,2 3,East,4,6,37
0,8,22,2,7000.4,2 4,East,4,6,37
0,8,22,3,7001.248,2 4,South,4,6,37
0,8,22,3,7002.029,2 4,West,4,6,37
0,8,22,2,7002.691,2 3,West,4,6,37
0,8,22,2,7003.359,2 2,West,4,6,37
0,8,22,1,7003.887,2 2,South,4,6,37
0,8,22,2,7004.719,3 2,South,4,6,37
0,8,22,2,7005.234,4 2,South,4,6,37
0,8,22,1,7006.095,4 2,East,4,6,37
0,8,22,2,7006.736,4 3,East,4,6,37
0,8,22,1,7007.359,4 3,North,4,6,37
0,8,22,3,7008.176,4 3,East,4,6,37
0,8,22,2,7008.79,4 4,East,4,6,37
0,8,22,1,7009.413,4 4,North,4,6,37
0,8,22,2,7009.999,3 4,North,4,6,37
0,8,22,2,7010.562,2 4,North,4,6,37
0,8,22,1,7011.092,2 4,West,4,6,37
0,8,22,2,7011.727,2 3,West,4,6,37
0,8,22,2,7012.307,2 2,West,4,6,37
0,8,22,2,7012.851,2 1,West,4,6,37
0,8,22,3,7013.425,2 1,North,4,6,37
0,8,22,2,7014.014,1 1,North,4,6,37
0,8,22,1,7014.58,1 1,West,4,6,37
0,8,22,2,7015.231,1 0,West,4,6,37
0,8,22,1,7016.157,1 0,South,4,6,37
0,8,22,2,7016.819,2 0,South,4,6,37
0,8,22,2,7017.41,3 0,South,4,6,37
0,8,22,1,7018.1,3 0,East,4,6,37
0,8,22,3,7018.789,3 0,South,4,6,37
0,8,22,2,7019.378,4 0,South,4,6,37
0,8,22,1,7020,4 0,East,4,6,37
0,8,22,2,7020.591,4 1,East,4,6,37
0,8,22,1,7021.2,4 1,North,4,6,37
0,8,22,2,7021.791,3 1,North,4,6,37
0,8,22,2,7022.485,2 1,North,4,6,37
0,8,22,2,7023.165,1 1,North,4,6,37
0,8,22,3,7023.87,1 1,East,4,6,37
0,8,22,3,7024.525,1 1,South,4,6,37
0,8,22,2,7025.184,2 1,South,4,6,37
0,8,22,1,7025.87,2 1,East,4,6,37
0,8,22,2,7026.47,2 2,East,4,6,37
0,8,22,2,7027.025,2 3,East,4,6,37
0,8,22,2,7027.587,2 4,East,4,6,37
0,8,22,2,7028.117,2 4,East,4,6,37
0,8,22,3,7028.497,2 4,South,4,6,37
0,8,22,3,7029.121,2 4,West,4,6,37
0,8,22,3,7029.681,2 4,North,4,6,37
0,8,22,2,7030.547,1 4,North,4,6,37
0,8,22,1,7031.105,1 4,West,4,6,37
0,8,22,2,7031.665,1 3,West,4,6,37
0,8,22,3,7032.196,1 3,North,4,6,37
0,8,22,2,7032.813,0 3,North,4,6,37
0,8,22,1,7033.377,0 3,West,4,6,37
0,8,22,2,7033.999,0 2,West,4,6,37
0,8,22,2,7034.74,0 1,West,4,6,37
0,8,22,2,7035.283,0 0,West,4,6,37
0,8,22,6,7035.7,0 0,West,4,7,37
0,8,22,1,7036.083,0 0,South,4,7,37
0,8,22,1,7036.784,0 0,East,4,7,37
0,8,22,2,7037.504,0 1,East,4,7,37
0,8,22,2,7038.417,0 2,East,4,7,37
0,8,22,2,7039.152,0 3,East,4,7,37
0,8,22,6,7039.56,0 3,East,4,8,37
2,8,22,2,7042.687,3 4,North,4,0,0
2,8,22,2,7043.343,2 4,North,4,0,0
2,8,22,2,7044.003,1 4,North,4,0,0
2,8,22,2,7044.672,1 4,North,4,0,1
2,8,22,1,7045.154,1 4,West,4,0,1
2,8,22,2,7045.728,1 3,West,4,0,1
2,8,22,2,7046.308,1 3,West,4,0,2
2,8,22,3,7046.768,1 3,North,4,0,2
2,8,22,2,7047.313,0 3,North,4,0,2
2,8,22,1,7047.837,0 3,West,4,0,2
2,8,22,2,7048.372,0 2,West,4,0,2
2,8,22,6,7048.78,0 2,West,4,1,2
2,8,22,1,7048.964,0 2,South,4,1,2
2,8,22,1,7049.536,0 2,East,4,1,2
2,8,22,2,7050.496,0 3,East,4,1,2
2,8,22,2,7051.154,0 4,East,4,1,2
2,8,22,3,7051.717,0 4,South,4,1,2
2,8,22,2,7052.306,0 4,South,4,1,3
2,8,22,3,7052.861,0 4,West,4,1,3
2,8,22,2,7053.425,0 3,West,4,1,3
2,8,22,2,7054.035,0 2,West,4,1,3
2,8,22,2,7054.579,0 1,West,4,1,3
2,8,22,2,7055.135,0 0,West,4,1,3
2,8,22,1,7056.065,0 0,South,4,1,3
2,8,22,2,7056.975,0 0,South,4,1,4
2,8,22,1,7057.51,0 0,East,4,1,4
2,8,22,2,7058.034,0 1,East,4,1,4
2,8,22,2,7058.628,0 2,East,4,1,4
2,8,22,3,7059.143,0 2,South,4,1,4
2,8,22,2,7059.693,1 2,South,4,1,4
2,8,22,3,7060.373,1 2,West,4,1,4
2,8,22,2,7060.935,1 2,West,4,1,5
2,8,22,1,7061.414,1 2,South,4,1,5
2,8,22,2,7061.966,1 2,South,4,1,6
2,8,22,1,7062.595,1 2,East,4,1,6
2,8,22,2,7063.198,1 2,East,4,1,7
2,8,22,1,7063.806,1 2,North,4,1,7
2,8,22,2,7064.403,0 2,North,4,1,7
2,8,22,3,7064.915,0 2,East,4,1,7
2,8,22,2,7065.905,0 3,East,4,1,7
2,8,22,3,7066.641,0 3,South,4,1,7
2,8,22,2,7067.278,1 3,South,4,1,7
2,8,22,2,7067.956,2 3,South,4,1,7
2,8,22,2,7068.592,2 3,South,4,1,8
2,8,22,3,7069.053,2 3,West,4,1,8
2,8,22,2,7069.598,2 2,West,4,1,8
2,8,22,2,7070.16,2 1,West,4,1,8
2,8,22,2,7070.726,2 1,West,4,1,9
2,8,22,1,7071.214,2 1,South,4,1,9
2,8,22,2,7071.838,3 1,South,4,1,9
2,8,22,3,7072.422,3 1,West,4,1,9
2,8,22,2,7073.012,3 1,West,4,1,10
2,8,22,1,7073.607,3 1,South,4,1,10
2,8,22,2,7074.143,4 1,South,4,1,10
2,8,22,3,7074.655,4 1,West,4,1,10
2,8,22,2,7075.635,4 0,West,4,1,10
2,8,22,3,7076.241,4 0,North,4,1,10
2,8,22,2,7076.814,3 0,North,4,1,10
2,8,22,6,7077.2,3 0,North,4,2,10
2,8,22,3,7077.342,3 0,East,4,2,10
2,8,22,2,7077.854,3 0,East,4,2,11
2,8,22,3,7078.398,3 0,South,4,2,11
2,8,22,2,7078.927,4 0,South,4,2,11
2,8,22,1,7079.859,4 0,East,4,2,11
2,8,22,2,7080.383,4 1,East,4,2,11
2,8,22,2,7081.219,4 1,East,4,2,12
2,8,22,1,7081.865,4 1,North,4,2,12
2,8,22,2,7082.398,3 1,North,4,2,12
2,8,22,2,7082.996,2 1,North,4,2,12
2,8,22,2,7083.651,1 1,North,4,2,12
2,8,22,2,7084.339,1 1,North,4,2,13
2,8,22,3,7084.83,1 1,East,4,2,13
2,8,22,2,7085.422,1 1,East,4,2,14
2,8,22,1,7085.988,1 1,North,4,2,14
2,8,22,1,7086.724,1 1,West,4,2,14
2,8,22,2,7087.327,1 0,West,4,2,14
2,8,22,3,7088.003,1 0,North,4,2,14
2,8,22,2,7088.612,1 0,North,4,2,15
2,8,22,3,7089.116,1 0,East,4,2,15
2,8,22,3,7089.701,1 0,South,4,2,15
2,8,22,2,7090.271,2 0,South,4,2,15
2,8,22,2,7090.805,3 0,South,4,2,15
2,8,22,1,7091.726,3 0,East,4,2,15
2,8,22,2,7092.289,3 0,East,4,2,16
2,8,22,3,7093.042,3 0,South,4,2,16
2,8,22,2,7093.634,4 0,South,4,2,16
2,8,22,1,7094.228,4 0,East,4,2,16
2,8,22,2,7094.897,4 1,East,4,2,16
2,8,22,2,7095.555,4 1,East,4,2,17
2,8,22,1,7096.084,4 1,North,4,2,17
2,8,22,2,7096.676,3 1,North,4,2,17
2,8,22,2,7097.293,2 1,North,4,2,17
2,8,22,2,7097.871,1 1,North,4,2,17
2,8,22,2,7098.416,1 1,North,4,2,18
2,8,22,3,7098.917,1 1,East,4,2,18
2,8,22,2,7099.461,1 1,East,4,2,19
2,8,22,3,7099.987,1 1,South,4,2,19
2,8,22,2,7101.015,2 1,South,4,2,19
2,8,22,1,7101.649,2 1,East,4,2,19
2,8,22,2,7102.189,2 2,East,4,2,19
2,8,22,1,7103.074,2 2,North,4,2,19
2,8,22,2,7103.598,2 2,North,4,2,20
2,8,22,3,7104.144,2 2,East,4,2,20
2,8,22,2,7104.718,2 3,East,4,2,20
2,8,22,2,7105.325,2 4,East,4,2,20
2,8,22,1,7106.034,2 4,North,4,2,20
2,8,22,2,7106.591,1 4,North,4,2,20
2,8,22,2,7107.187,1 4,North,4,2,21
2,8,22,1,7107.67,1 4,West,4,2,21
2,8,22,2,7108.207,1 3,West,4,2,21
2,8,22,3,7108.75,1 3,North,4,2,21
2,8,22,2,7109.331,0 3,North,4,2,21
2,8,22,6,7109.72,0 3,North,4,3,21
2,8,22,3,7109.958,0 3,East,4,3,21
2,8,22,3,7110.496,0 3,South,4,3,21
2,8,22,2,7111.476,1 3,South,4,3,21
2,8,22,2,7112.045,2 3,South,4,3,21
2,8,22,1,7112.604,2 3,East,4,3,21
2,8,22,2,7113.188,2 4,East,4,3,21
2,8,22,6,7113.6,2 4,East,4,4,21
2,8,22,1,7113.73,2 4,North,4,4,21
2,8,22,1,7114.675,2 4,West,4,4,21
2,8,22,2,7115.215,2 3,West,4,4,21
2,8,22,2,7115.728,2 2,West,4,4,21
2,8,22,2,7116.27,2 1,West,4,4,21
2,8,22,2,7116.814,2 1,West,4,4,22
2,8,22,3,7117.265,2 1,North,4,4,22
2,8,22,2,7117.792,1 1,North,4,4,22
2,8,22,2,7118.304,1 1,North,4,4,23
2,8,22,1,7118.768,1 1,West,4,4,23
2,8,22,2,7119.364,1 0,West,4,4,23
2,8,22,3,7119.909,1 0,North,4,4,23
2,8,22,2,7120.495,1 0,North,4,4,24
2,8,22,3,7120.996,1 0,East,4,4,24
2,8,22,2,7121.919,1 1,East,4,4,24
2,8,22,2,7122.872,1 1,East,4,4,25
2,8,22,1,7123.438,1 1,North,4,4,25
2,8,22,2,7124.325,1 1,North,4,4,26
2,8,22,3,7124.785,1 1,East,4,4,26
2,8,22,3,7125.314,1 1,South,4,4,26
2,8,22,2,7126.253,2 1,South,4,4,26
2,8,22,1,7126.87,2 1,East,4,4,26
2,8,22,2,7127.485,2 2,East,4,4,26
2,8,22,1,7128.112,2 2,North,4,4,26
2,8,22,2,7128.99,2 2,North,4,4,27
2,8,22,3,7129.572,2 2,East,4,4,27
2,8,22,2,7130.177,2 3,East,4,4,27
2,8,22,1,7130.749,2 3,North,4,4,27
2,8,22,2,7131.311,1 3,North,4,4,27
2,8,22,2,7132.021,0 3,North,4,4,27
2,8,22,1,7132.558,0 3,West,4,4,27
2,8,22,2,7133.101,0 2,West,4,4,27
2,8,22,2,7133.616,0 1,West,4,4,27
2,8,22,2,7134.143,0 0,West,4,4,27
2,8,22,6,7134.56,0 0,West,4,5,27
2,8,22,1,7134.688,0 0,South,4,5,27
2,8,22,1,7135.411,0 0,East,4,5,27
2,8,22,2,7136.229,0 1,East,4,5,27
2,8,22,2,7136.774,0 2,East,4,5,27
2,8,22,2,7137.345,0 3,East,4,5,27
2,8,22,3,7137.918,0 3,South,4,5,27
2,8,22,2,7138.452,1 3,South,4,5,27
2,8,22,2,7139.109,2 3,South,4,5,27
2,8,22,6,7139.5,2 3,South,4,6,27
2,8,22,1,7139.91,2 3,East,4,6,27
2,8,22,1,7140.787,2 3,North,4,6,27
2,8,22,2,7141.313,1 3,North,4,6,27
2,8,22,2,7141.887,0 3,North,4,6,27
2,8,22,3,7142.884,0 3,East,4,6,27
2,8,22,2,7143.58,0 4,East,4,6,27
2,8,22,6,7143.98,0 4,East,4,7,27
2,8,22,3,7144.213,0 4,South,4,7,27
2,8,22,3,7144.737,0 4,West,4,7,27
2,8,22,2,7145.414,0 3,West,4,7,27
2,8,22,2,7146.355,0 2,West,4,7,27
2,8,22,2,7146.958,0 1,West,4,7,27
2,8,22,1,7147.589,0 1,South,4,7,27
2,8,22,2,7148.529,0 1,South,4,7,28
2,8,22,3,7148.99,0 1,West,4,7,28
2,8,22,2,7149.604,0 0,West,4,7,28
2,8,22,1,7150.194,0 0,South,4,7,28
2,8,22,2,7150.74,0 0,South,4,7,29
2,8,22,1,7151.23,0 0,East,4,7,29
2,8,22,2,7151.89,0 1,East,4,7,29
2,8,22,3,7152.948,0 1,South,4,7,29
2,8,22,1,7153.677,0 1,East,4,7,29
2,8,22,2,7154.228,0 2,East,4,7,29
2,8,22,3,7154.751,0 2,South,4,7,29
2,8,22,2,7155.313,1 2,South,4,7,29
2,8,22,3,7155.908,1 2,West,4,7,29
2,8,22,2,7156.484,1 2,West,4,7,30
2,8,22,1,7157.078,1 2,South,4,7,30
2,8,22,2,7157.601,1 2,South,4,7,31
2,8,22,1,7158.354,1 2,East,4,7,31
2,8,22,2,7158.925,1 2,East,4,7,32
2,8,22,1,7159.603,1 2,North,4,7,32
2,8,22,2,7160.147,0 2,North,4,7,32
2,8,22,3,7161.06,0 2,East,4,7,32
2,8,22,2,7161.68,0 3,East,4,7,32
2,8,22,3,7162.252,0 3,South,4,7,32
2,8,22,2,7162.878,1 3,South,4,7,32
2,8,22,3,7163.823,1 3,West,4,7,32
2,8,22,2,7164.724,1 3,West,4,7,33
2,8,22,1,7165.135,1 3,South,4,7,33
2,8,22,2,7165.743,2 3,South,4,7,33
2,8,22,3,7166.371,2 3,West,4,7,33
2,8,22,2,7166.949,2 2,West,4,7,33
2,8,22,2,7167.622,2 1,West,4,7,33
2,8,22,3,7168.213,2 1,North,4,7,33
2,8,22,2,7168.757,1 1,North,4,7,33
2,8,22,6,7169.14,1 1,North,4,8,33
0,8,23,1,7172.992,4 4,West,4,0,33
0,8,23,3,7173.565,4 4,North,4,0,33
0,8,23,2,7174.1,3 4,North,4,0,33
0,8,23,2,7174.701,2 4,North,4,0,33
0,8,23,2,7175.345,1 4,North,4,0,33
0,8,23,6,7175.72,1 4,North,4,1,33
0,8,23,1,7176.133,1 4,West,4,1,33
0,8,23,2,7177.085,1 3,West,4,1,33
0,8,23,3,7177.677,1 3,North,4,1,33
0,8,23,2,7178.245,0 3,North,4,1,33
0,8,23,1,7178.768,0 3,West,4,1,33
0,8,23,2,7179.299,0 2,West,4,1,33
0,8,23,2,7179.949,0 1,West,4,1,33
0,8,23,6,7180.36,0 1,West,4,2,33
0,8,23,1,7180.738,0 1,South,4,2,33
0,8,23,1,7181.342,0 1,East,4,2,33
0,8,23,2,7181.902,0 2,East,4,2,33
0,8,23,3,7182.612,0 2,South,4,2,33
0,8,23,2,7183.22,1 2,South,4,2,33
0,8,23,1,7183.921,1 2,East,4,2,33
0,8,23,1,7184.53,1 2,North,4,2,33
0,8,23,2,7185.108,0 2,North,4,2,33
0,8,23,3,7185.681,0 2,East,4,2,33
0,8,23,2,7186.287,0 3,East,4,2,33
0,8,23,3,7187.246,0 3,South,4,2,33
0,8,23,2,7187.84,1 3,South,4,2,33
0,8,23,1,7188.451,1 3,East,4,2,33
0,8,23,2,7189.011,1 4,East,4,2,33
0,8,23,3,7189.635,1 4,South,4,2,33
0,8,23,2,7190.257,2 4,South,4,2,33
0,8,23,2,7190.96,3 4,South,4,2,33
0,8,23,6,7191.34,3 4,South,4,3,33
0,8,23,3,7191.553,3 4,West,4,3,33
0,8,23,1,7192.639,3 4,South,4,3,33
0,8,23,2,7193.153,4 4,South,4,3,33
0,8,23,3,7193.694,4 4,West,4,3,33
0,8,23,2,7194.35,4 3,West,4,3,33
0,8,23,2,7194.978,4 2,West,4,3,33
0,8,23,3,7195.522,4 2,North,4,3,33
0,8,23,2,7196.115,3 2,North,4,3,33
0,8,23,2,7197.262,2 2,North,4,3,33
0,8,23,1,7197.824,2 2,West,4,3,33
0,8,23,2,7198.421,2 1,West,4,3,33
0,8,23,3,7199.042,2 1,North,4,3,33
0,8,23,2,7199.629,1 1,North,4,3,33
0,8,23,6,7200,1 1,North,4,4,33
0,8,23,2,7200.605,1 1,North,4,4,33
0,8,23,1,7200.995,1 1,West,4,4,33
0,8,23,2,7201.522,1 0,West,4,4,33
0,8,23,1,7202.112,1 0,South,4,4,33
0,8,23,2,7202.655,2 0,South,4,4,33
0,8,23,2,7203.358,3 0,South,4,4,33
0,8,23,2,7203.984,4 0,South,4,4,33
0,8,23,1,7204.542,4 0,East,4,4,33
0,8,23,1,7205.347,4 0,North,4,4,33
0,8,23,2,7206.053,3 0,North,4,4,33
0,8,23,2,7206.623,2 0,North,4,4,33
0,8,23,2,7207.25,1 0,North,4,4,33
0,8,23,3,7208.288,1 0,East,4,4,33
0,8,23,2,7208.878,1 1,East,4,4,33
0,8,23,3,7209.454,1 1,South,4,4,33
0,8,23,2,7210.019,2 1,South,4,4,33
0,8,23,1,7210.592,2 1,East,4,4,33
0,8,23,2,7211.204,2 2,East,4,4,33
0,8,23,2,7211.903,2 3,East,4,4,33
0,8,23,1,7212.465,2 3,North,4,4,33
0,8,23,2,7213.072,1 3,North,4,4,33
0,8,23,6,7213.46,1 3,North,4,5,33
0,8,23,3,7213.583,1 3,East,4,5,33
0,8,23,2,7214.174,1 4,East,4,5,33
0,8,23,3,7214.741,1 4,South,4,5,33
0,8,23,2,7215.264,2 4,South,4,5,33
0,8,23,2,7215.827,3 4,South,4,5,33
0,8,23,3,7216.342,3 4,West,4,5,33
0,8,23,2,7216.929,3 3,West,4,5,33
0,8,23,1,7218.016,3 3,South,4,5,33
0,8,23,2,7218.643,4 3,South,4,5,33
0,8,23,3,7219.2,4 3,West,4,5,33
0,8,23,2,7219.781,4 2,West,4,5,33
0,8,23,3,7220.326,4 2,North,4,5,33
0,8,23,2,7221.297,3 2,North,4,5,33
0,8,23,2,7221.911,2 2,North,4,5,33
0,8,23,1,7222.434,2 2,West,4,5,33
0,8,23,2,7223.015,2 1,West,4,5,33
0,8,23,3,7223.523,2 1,North,4,5,33
0,8,23,2,7224.048,1 1,North,4,5,33
0,8,23,1,7224.597,1 1,West,4,5,33
0,8,23,2,7225.476,1 0,West,4,5,33
0,8,23,1,7226.229,1 0,South,4,5,33
0,8,23,2,7226.837,2 0,South,4,5,33
0,8,23,2,7227.491,3 0,South,4,5,33
0,8,23,2,7228.062,4 0,South,4,5,33
0,8,23,1,7228.958,4 0,East,4,5,33
0,8,23,2,7229.472,4 1,East,4,5,33
0,8,23,6,7229.88,4 1,East,4,6,33
0,8,23,1,7230.371,4 1,North,4,6,33
0,8,23,2,7231.265,3 1,North,4,6,33
0,8,23,2,7231.821,2 1,North,4,6,33
0,8,23,3,7232.577,2 1,East,4,6,33
0,8,23,2,7233.172,2 2,East,4,6,33
0,8,23,2,7233.813,2 3,East,4,6,33
0,8,23,1,7234.356,2 3,North,4,6,33
0,8,23,2,7235.037,1 3,North,4,6,33
0,8,23,2,7235.668,0 3,North,4,6,33
0,8,23,3,7236.192,0 3,East,4,6,33
0,8,23,3,7237.126,0 3,South,4,6,33
0,8,23,3,7237.683,0 3,West,4,6,33
0,8,23,2,7238.275,0 2,West,4,6,33
0,8,23,1,7238.817,0 2,South,4,6,33
0,8,23,2,7239.393,1 2,South,4,6,33
0,8,23,6,7239.78,1 2,South,4,7,33
0,8,23,1,7240.303,1 2,East,4,7,33
0,8,23,1,7240.914,1 2,North,4,7,33
0,8,23,2,7241.51,0 2,North,4,7,33
0,8,23,2,7242.066,0 2,North,4,7,33
0,8,23,3,7242.466,0 2,East,4,7,33
0,8,23,3,7243.491,0 2,South,4,7,33
0,8,23,3,7244.083,0 2,West,4,7,33
0,8,23,1,7244.798,0 2,South,4,7,33
0,8,23,1,7245.836,0 2,East,4,7,33
0,8,23,2,7246.466,0 3,East,4,7,33
0,8,23,3,7247.044,0 3,South,4,7,33
0,8,23,2,7247.604,1 3,South,4,7,33
0,8,23,3,7248.305,1 3,West,4,7,33
0,8,23,1,7249.261,1 3,South,4,7,33
0,8,23,2,7249.861,2 3,South,4,7,33
0,8,23,3,7250.751,2 3,West,4,7,33
0,8,23,2,7251.295,2 2,West,4,7,33
0,8,23,2,7252.259,2 1,West,4,7,33
0,8,23,3,7252.814,2 1,North,4,7,33
0,8,23,2,7253.397,1 1,North,4,7,33
0,8,23,1,7253.965,1 1,West,4,7,33
0,8,23,2,7254.486,1 0,West,4,7,33
0,8,23,6,7254.9,1 0,West,4,8,33
2,8,23,1,7259.12,4 4,West,4,0,0
2,8,23,2,7259.967,4 3,West,4,0,0
2,8,23,2,7260.628,4 2,West,4,0,0
2,8,23,2,7261.285,4 2,West,4,0,1
2,8,23,3,7261.717,4 2,North,4,0,1
2,8,23,2,7262.338,3 2,North,4,0,1
2,8,23,2,7263.014,2 2,North,4,0,1
2,8,23,1,7263.566,2 2,West,4,0,1
2,8,23,2,7264.148,2 1,West,4,0,1
2,8,23,2,7264.749,2 1,West,4,0,2
2,8,23,3,7265.153,2 1,North,4,0,2
2,8,23,2,7265.73,1 1,North,4,0,2
2,8,23,1,7266.274,1 1,West,4,0,2
2,8,23,2,7266.844,1 0,West,4,0,2
2,8,23,6,7267.26,1 0,West,4,1,2
2,8,23,1,7267.458,1 0,South,4,1,2
2,8,23,1,7268.015,1 0,East,4,1,2
2,8,23,2,7268.69,1 1,East,4,1,2
2,8,23,2,7269.249,1 1,East,4,1,3
2,8,23,1,7269.651,1 1,North,4,1,3
2,8,23,2,7270.175,1 1,North,4,1,4
2,8,23,3,7270.845,1 1,East,4,1,4
2,8,23,3,7271.829,1 1,South,4,1,4
2,8,23,2,7272.406,2 1,South,4,1,4
2,8,23,2,7272.993,3 1,South,4,1,4
2,8,23,2,7273.573,4 1,South,4,1,4
2,8,23,1,7274.083,4 1,East,4,1,4
2,8,23,2,7274.675,4 1,East,4,1,5
2,8,23,1,7275.166,4 1,North,4,1,5
2,8,23,2,7275.694,3 1,North,4,1,5
2,8,23,2,7276.31,2 1,North,4,1,5
2,8,23,3,7276.981,2 1,East,4,1,5
2,8,23,2,7277.566,2 2,East,4,1,5
2,8,23,2,7278.226,2 3,East,4,1,5
2,8,23,2,7278.863,2 4,East,4,1,5
2,8,23,3,7279.395,2 4,South,4,1,5
2,8,23,2,7279.939,3 4,South,4,1,5
2,8,23,6,7280.32,3 4,South,4,2,5
2,8,23,3,7280.479,3 4,West,4,2,5
2,8,23,3,7280.994,3 4,North,4,2,5
2,8,23,2,7281.551,2 4,North,4,2,5
2,8,23,2,7282.166,1 4,North,4,2,5
2,8,23,1,7282.739,1 4,West,4,2,5
2,8,23,2,7283.252,1 3,West,4,2,5
2,8,23,6,7283.66,1 3,West,4,3,5
2,8,23,3,7283.821,1 3,North,4,3,5
2,8,23,2,7284.852,0 3,North,4,3,5
2,8,23,1,7285.583,0 3,West,4,3,5
2,8,23,2,7286.525,0 2,West,4,3,5
2,8,23,2,7287.165,0 1,West,4,3,5
2,8,23,6,7287.58,0 1,West,4,4,5
2,8,23,1,7288.047,0 1,South,4,4,5
2,8,23,1,7288.685,0 1,East,4,4,5
2,8,23,2,7289.253,0 2,East,4,4,5
2,8,23,2,7289.823,0 3,East,4,4,5
2,8,23,3,7290.338,0 3,South,4,4,5
2,8,23,2,7290.879,1 3,South,4,4,5
2,8,23,2,7291.488,2 3,South,4,4,5
2,8,23,3,7291.999,2 3,West,4,4,5
2,8,23,2,7292.546,2 2,West,4,4,5
2,8,23,6,7292.96,2 2,West,4,5,5
2,8,23,1,7293.173,2 2,South,4,5,5
2,8,23,1,7293.686,2 2,East,4,5,5
2,8,23,2,7294.302,2 3,East,4,5,5
2,8,23,2,7294.851,2 4,East,4,5,5
2,8,23,1,7295.759,2 4,North,4,5,5
2,8,23,2,7296.294,1 4,North,4,5,5
2,8,23,6,7296.68,1 4,North,4,6,5
2,8,23,1,7297.149,1 4,West,4,6,5
2,8,23,1,7297.747,1 4,South,4,6,5
2,8,23,2,7298.709,2 4,South,4,6,5
2,8,23,2,7299.396,3 4,South,4,6,5
2,8,23,3,7300.335,3 4,West,4,6,5
2,8,23,2,7300.879,3 3,West,4,6,5
2,8,23,6,7301.3,3 3,West,4,7,5
2,8,23,3,7301.493,3 3,North,4,7,5
2,8,23,1,7302.129,3 3,West,4,7,5
2,8,23,1,7302.67,3 3,South,4,7,5
2,8,23,2,7303.663,4 3,South,4,7,5
2,8,23,3,7304.545,4 3,West,4,7,5
2,8,23,2,7305.453,4 2,West,4,7,5
2,8,23,2,7306.016,4 2,West,4,7,6
2,8,23,3,7306.526,4 2,North,4,7,6
2,8,23,2,7307.106,3 2,North,4,7,6
2,8,23,1,7307.647,3 2,West,4,7,6
2,8,23,2,7308.191,3 2,West,4,7,7
2,8,23,3,7308.736,3 2,North,4,7,7
2,8,23,2,7309.346,2 2,North,4,7,7
2,8,23,1,7309.887,2 2,West,4,7,7
2,8,23,2,7310.447,2 1,West,4,7,7
2,8,23,2,7311.059,2 1,West,4,7,8
2,8,23,1,7311.519,2 1,South,4,7,8
2,8,23,2,7312.054,3 1,South,4,7,8
2,8,23,2,7312.653,4 1,South,4,7,8
2,8,23,3,7313.205,4 1,West,4,7,8
2,8,23,2,7313.781,4 0,West,4,7,8
2,8,23,6,7314.2,4 0,West,4,8,8
0,8,24,1,7317.99,4 4,West,4,0,8
0,8,24,3,7318.804,4 4,North,4,0,8
0,8,24,2,7319.425,3 4,North,4,0,8
0,8,24,2,7320.048,2 4,North,4,0,8
0,8,24,1,7320.563,2 4,West,4,0,8
0,8,24,2,7321.247,2 3,West,4,0,8
0,8,24,6,7321.66,2 3,West,4,1,8
0,8,24,3,7321.871,2 3,North,4,1,8
0,8,24,2,7322.545,1 3,North,4,1,8
0,8,24,2,7323.219,0 3,North,4,1,8
0,8,24,3,7324.031,0 3,East,4,1,8
0,8,24,3,7324.562,0 3,South,4,1,8
0,8,24,2,7325.556,1 3,South,4,1,8
0,8,24,2,7326.092,2 3,South,4,1,8
0,8,24,3,7327.085,2 3,West,4,1,8
0,8,24,2,7327.628,2 2,West,4,1,8
0,8,24,1,7328.191,2 2,South,4,1,8
0,8,24,2,7328.766,3 2,South,4,1,8
0,8,24,2,7329.604,4 2,South,4,1,8
0,8,24,6,7329.98,4 2,South,4,2,8
0,8,24,1,7330.303,4 2,East,4,2,8
0,8,24,2,7331.043,4 3,East,4,2,8
0,8,24,1,7331.557,4 3,North,4,2,8
0,8,24,2,7332.125,3 3,North,4,2,8
0,8,24,6,7332.52,3 3,North,4,3,8
0,8,24,3,7332.98,3 3,East,4,3,8
0,8,24,2,7333.496,3 4,East,4,3,8
0,8,24,1,7334.045,3 4,North,4,3,8
0,8,24,2,7334.849,2 4,North,4,3,8
0,8,24,6,7335.24,2 4,North,4,4,8
0,8,24,2,7335.745,1 4,North,4,4,8
0,8,24,1,7336.512,1 4,West,4,4,8
0,8,24,1,7337.332,1 4,South,4,4,8
0,8,24,2,7338.001,2 4,South,4,4,8
0,8,24,2,7338.658,3 4,South,4,4,8
0,8,24,2,7339.347,4 4,South,4,4,8
0,8,24,3,7339.894,4 4,West,4,4,8
0,8,24,2,7340.51,4 3,West,4,4,8
0,8,24,6,7340.92,4 3,West,4,5,8
0,8,24,2,7341.441,4 2,West,4,5,8
0,8,24,3,7341.982,4 2,North,4,5,8
0,8,24,2,7342.638,3 2,North,4,5,8
0,8,24,2,7343.229,2 2,North,4,5,8
0,8,24,3,7343.811,2 2,East,4,5,8
0,8,24,2,7344.397,2 3,East,4,5,8
0,8,24,1,7344.948,2 3,North,4,5,8
0,8,24,2,7345.684,1 3,North,4,5,8
0,8,24,2,7346.287,0 3,North,4,5,8
0,8,24,3,7346.993,0 3,East,4,5,8
0,8,24,2,7347.584,0 4,East,4,5,8
0,8,24,6,7348,0 4,East,4,6,8
0,8,24,1,7348.129,0 4,North,4,6,8
0,8,24,1,7348.766,0 4,West,4,6,8
0,8,24,2,7349.408,0 3,West,4,6,8
0,8,24,2,7350.013,0 2,West,4,6,8
0,8,24,1,7350.849,0 2,South,4,6,8
0,8,24,1,7351.574,0 2,East,4,6,8
0,8,24,2,7352.143,0 3,East,4,6,8
0,8,24,3,7352.674,0 3,South,4,6,8
0,8,24,2,7353.552,1 3,South,4,6,8
0,8,24,2,7354.243,2 3,South,4,6,8
0,8,24,3,7354.756,2 3,West,4,6,8
0,8,24,2,7355.381,2 2,West,4,6,8
0,8,24,2,7356.049,2 1,West,4,6,8
0,8,24,6,7356.46,2 1,West,4,7,8
0,8,24,1,7356.899,2 1,South,4,7,8
0,8,24,2,7357.459,3 1,South,4,7,8
0,8,24,6,7357.84,3 1,South,4,8,8
2,8,24,1,7361.137,4 4,West,4,0,0
2,8,24,3,7361.728,4 4,North,4,0,0
2,8,24,2,7362.327,3 4,North,4,0,0
2,8,24,2,7363.28,2 4,North,4,0,0
2,8,24,2,7363.902,1 4,North,4,0,0
2,8,24,2,7364.467,1 4,North,4,0,1
2,8,24,1,7364.979,1 4,West,4,0,1
2,8,24,2,7365.536,1 3,West,4,0,1
2,8,24,3,7366.096,1 3,North,4,0,1
2,8,24,2,7366.706,0 3,North,4,0,1
2,8,24,3,7367.213,0 3,East,4,0,1
2,8,24,2,7367.744,0 4,East,4,0,1
2,8,24,6,7368.16,0 4,East,4,1,1
2,8,24,1,7368.59,0 4,North,4,1,1
2,8,24,1,7369.107,0 4,West,4,1,1
2,8,24,2,7369.94,0 3,West,4,1,1
2,8,24,2,7370.505,0 2,West,4,1,1
2,8,24,2,7371.076,0 1,West,4,1,1
2,8,24,1,7371.604,0 1,South,4,1,1
2,8,24,2,7372.158,0 1,South,4,1,2
2,8,24,3,7372.702,0 1,West,4,1,2
2,8,24,2,7373.248,0 0,West,4,1,2
2,8,24,1,7374.082,0 0,South,4,1,2
2,8,24,2,7374.66,0 0,South,4,1,3
2,8,24,1,7375.198,0 0,East,4,1,3
2,8,24,2,7375.742,0 1,East,4,1,3
2,8,24,2,7376.678,0 2,East,4,1,3
2,8,24,3,7377.202,0 2,South,4,1,3
2,8,24,2,7377.727,1 2,South,4,1,3
2,8,24,2,7378.277,1 2,South,4,1,4
2,8,24,3,7378.751,1 2,West,4,1,4
2,8,24,2,7379.295,1 2,West,4,1,5
2,8,24,1,7379.887,1 2,South,4,1,5
2,8,24,1,7380.869,1 2,East,4,1,5
2,8,24,2,7381.486,1 2,East,4,1,6
2,8,24,1,7382.108,1 2,North,4,1,6
2,8,24,2,7382.644,0 2,North,4,1,6
2,8,24,3,7383.44,0 2,East,4,1,6
2,8,24,2,7383.986,0 3,East,4,1,6
2,8,24,3,7384.514,0 3,South,4,1,6
2,8,24,2,7385.073,1 3,South,4,1,6
2,8,24,2,7385.669,2 3,South,4,1,6
2,8,24,3,7386.622,2 3,West,4,1,6
2,8,24,2,7387.187,2 2,West,4,1,6
2,8,24,2,7387.814,2 1,West,4,1,6
2,8,24,6,7388.22,2 1,West,4,2,6
2,8,24,1,7388.357,2 1,South,4,2,6
2,8,24,1,7388.881,2 1,East,4,2,6
2,8,24,2,7389.855,2 2,East,4,2,6
2,8,24,2,7390.528,2 3,East,4,2,6
2,8,24,3,7391.137,2 3,South,4,2,6
2,8,24,2,7391.717,2 3,South,4,2,7
2,8,24,3,7392.211,2 3,West,4,2,7
2,8,24,2,7392.736,2 2,West,4,2,7
2,8,24,1,7393.505,2 2,South,4,2,7
2,8,24,2,7394.085,3 2,South,4,2,7
2,8,24,1,7394.638,3 2,East,4,2,7
2,8,24,2,7395.169,3 2,East,4,2,8
2,8,24,1,7395.713,3 2,North,4,2,8
2,8,24,2,7396.239,2 2,North,4,2,8
2,8,24,2,7396.797,2 2,North,4,2,9
2,8,24,3,7397.364,2 2,East,4,2,9
2,8,24,2,7397.902,2 3,East,4,2,9
2,8,24,3,7398.557,2 3,South,4,2,9
2,8,24,2,7399.118,2 3,South,4,2,10
2,8,24,1,7399.567,2 3,East,4,2,10
2,8,24,2,7400.096,2 4,East,4,2,10
2,8,24,3,7400.865,2 4,South,4,2,10
2,8,24,2,7401.478,3 4,South,4,2,10
2,8,24,3,7402.079,3 4,West,4,2,10
2,8,24,2,7402.622,3 3,West,4,2,10
2,8,24,6,7403.04,3 3,West,4,3,10
2,8,24,1,7403.279,3 3,South,4,3,10
2,8,24,2,7403.87,4 3,South,4,3,10
2,8,24,3,7404.383,4 3,West,4,3,10
2,8,24,2,7404.995,4 2,West,4,3,10
2,8,24,6,7405.4,4 2,West,4,4,10
2,8,24,1,7405.619,4 2,South,4,4,10
2,8,24,3,7406.334,4 2,West,4,4,10
2,8,24,3,7406.927,4 2,North,4,4,10
2,8,24,2,7407.505,3 2,North,4,4,10
2,8,24,1,7408.243,3 2,West,4,4,10
2,8,24,2,7409.198,3 2,West,4,4,11
2,8,24,1,7409.668,3 2,South,4,4,11
2,8,24,2,7410.245,4 2,South,4,4,11
2,8,24,3,7410.766,4 2,West,4,4,11
2,8,24,2,7411.686,4 2,West,4,4,12
2,8,24,3,7412.079,4 2,North,4,4,12
2,8,24,2,7412.654,3 2,North,4,4,12
2,8,24,2,7413.182,2 2,North,4,4,12
2,8,24,1,7413.998,2 2,West,4,4,12
2,8,24,2,7414.595,2 1,West,4,4,12
2,8,24,1,7415.207,2 1,South,4,4,12
2,8,24,2,7415.789,3 1,South,4,4,12
2,8,24,6,7416.16,3 1,South,4,5,12
2,8,24,3,7416.495,3 1,West,4,5,12
2,8,24,3,7417.01,3 1,North,4,5,12
2,8,24,2,7417.666,2 1,North,4,5,12
2,8,24,2,7418.293,1 1,North,4,5,12
2,8,24,3,7418.85,1 1,East,4,5,12
2,8,24,2,7419.439,1 1,East,4,5,13
2,8,24,3,7420.005,1 1,South,4,5,13
2,8,24,2,7420.526,2 1,South,4,5,13
2,8,24,1,7421.085,2 1,East,4,5,13
2,8,24,2,7421.665,2 2,East,4,5,13
2,8,24,1,7422.27,2 2,North,4,5,13
2,8,24,2,7422.785,2 2,North,4,5,14
2,8,24,3,7423.329,2 2,East,4,5,14
2,8,24,2,7423.844,2 3,East,4,5,14
2,8,24,1,7424.447,2 3,North,4,5,14
2,8,24,2,7425.028,1 3,North,4,5,14
2,8,24,1,7425.582,1 3,West,4,5,14
2,8,24,2,7426.117,1 3,West,4,5,15
2,8,24,3,7426.576,1 3,North,4,5,15
2,8,24,2,7427.104,0 3,North,4,5,15
2,8,24,1,7427.969,0 3,West,4,5,15
2,8,24,2,7428.532,0 2,West,4,5,15
2,8,24,1,7429.439,0 2,South,4,5,15
2,8,24,2,7430.049,1 2,South,4,5,15
2,8,24,6,7430.42,1 2,South,4,6,15
2,8,24,3,7430.657,1 2,West,4,6,15
2,8,24,2,7431.202,1 2,West,4,6,16
2,8,24,3,7431.828,1 2,North,4,6,16
2,8,24,2,7432.389,0 2,North,4,6,16
2,8,24,1,7432.902,0 2,West,4,6,16
2,8,24,2,7433.428,0 1,West,4,6,16
2,8,24,2,7433.989,0 0,West,4,6,16
2,8,24,1,7434.837,0 0,South,4,6,16
2,8,24,2,7435.373,0 0,South,4,6,17
2,8,24,3,7435.959,0 0,West,4,6,17
2,8,24,2,7436.593,0 0,West,4,6,17
2,8,24,1,7437.012,0 0,South,4,6,17
2,8,24,1,7437.95,0 0,East,4,6,17
2,8,24,2,7438.513,0 1,East,4,6,17
2,8,24,3,7439.123,0 1,South,4,6,17
2,8,24,2,7439.635,0 1,South,4,6,18
2,8,24,1,7440.181,0 1,East,4,6,18
2,8,24,2,7440.752,0 2,East,4,6,18
2,8,24,3,7441.375,0 2,South,4,6,18
2,8,24,2,7441.886,1 2,South,4,6,18
2,8,24,2,7442.53,1 2,South,4,6,19
2,8,24,3,7443.07,1 2,West,4,6,19
2,8,24,2,7443.663,1 2,West,4,6,20
2,8,24,1,7444.161,1 2,South,4,6,20
2,8,24,1,7444.689,1 2,East,4,6,20
2,8,24,2,7445.23,1 2,East,4,6,21
2,8,24,1,7445.89,1 2,North,4,6,21
2,8,24,2,7446.854,0 2,North,4,6,21
2,8,24,3,7447.405,0 2,East,4,6,21
2,8,24,2,7447.971,0 3,East,4,6,21
2,8,24,2,7448.498,0 4,East,4,6,21
2,8,24,3,7449.364,0 4,South,4,6,21
2,8,24,2,7449.968,0 4,South,4,6,22
2,8,24,3,7450.494,0 4,West,4,6,22
2,8,24,2,7451.061,0 3,West,4,6,22
2,8,24,1,7451.94,0 3,South,4,6,22
2,8,24,2,7452.564,1 3,South,4,6,22
2,8,24,2,7453.181,2 3,South,4,6,22
2,8,24,2,7453.89,2 3,South,4,6,23
2,8,24,3,7454.388,2 3,West,4,6,23
2,8,24,2,7455.053,2 2,West,4,6,23
2,8,24,1,7455.698,2 2,South,4,6,23
2,8,24,2,7456.337,3 2,South,4,6,23
2,8,24,2,7456.988,4 2,South,4,6,23
2,8,24,3,7457.589,4 2,West,4,6,23
2,8,24,2,7458.125,4 2,West,4,6,24
2,8,24,3,7458.606,4 2,North,4,6,24
2,8,24,2,7459.151,3 2,North,4,6,24
2,8,24,1,7459.693,3 2,West,4,6,24
2,8,24,2,7460.257,3 2,West,4,6,25
2,8,24,3,7460.783,3 2,North,4,6,25
2,8,24,2,7461.375,2 2,North,4,6,25
2,8,24,1,7461.982,2 2,West,4,6,25
2,8,24,2,7462.545,2 1,West,4,6,25
2,8,24,1,7463.347,2 1,South,4,6,25
2,8,24,2,7464.24,3 1,South,4,6,25
2,8,24,2,7464.832,4 1,South,4,6,25
2,8,24,6,7465.22,4 1,South,4,7,25
2,8,24,3,7465.681,4 1,West,4,7,25
2,8,24,3,7466.508,4 1,North,4,7,25
2,8,24,2,7467.65,3 1,North,4,7,25
2,8,24,2,7468.305,2 1,North,4,7,25
2,8,24,1,7468.894,2 1,West,4,7,25
2,8,24,2,7469.438,2 1,West,4,7,26
2,8,24,3,7469.967,2 1,North,4,7,26
2,8,24,1,7470.674,2 1,West,4,7,26
2,8,24,1,7471.2,2 1,South,4,7,26
2,8,24,2,7471.808,3 1,South,4,7,26
2,8,24,2,7472.373,4 1,South,4,7,26
2,8,24,3,7473.123,4 1,West,4,7,26
2,8,24,2,7473.698,4 0,West,4,7,26
2,8,24,3,7474.212,4 0,North,4,7,26
2,8,24,2,7475.045,3 0,North,4,7,26
2,8,24,2,7475.589,2 0,North,4,7,26
2,8,24,6,7475.98,2 0,North,4,8,26
