PhaseView,Run,Trial,Key,Time,Location,Direction,MazeType,Diamonds,WallBumped
1,3,7,1,1208.619,4 3,North,2,0,4
1,3,7,1,1209.772,4 2,North,2,0,4
1,3,7,3,1211.294,4 3,North,2,0,4
1,3,7,3,1212.238,4 4,North,2,0,4
1,3,7,2,1212.871,3 4,North,2,0,4
1,3,7,2,1213.471,2 4,North,2,0,4
1,3,7,2,1214.024,1 4,North,2,0,4
1,3,7,2,1214.605,0 4,North,2,0,4
1,3,7,6,1214.98,0 4,North,2,1,4
1,3,7,4,1215.868,1 4,North,2,1,4
1,3,7,4,1216.783,2 4,North,2,1,4
1,3,7,4,1217.725,3 4,North,2,1,4
1,3,7,4,1218.495,4 4,North,2,1,4
1,3,7,1,1219.372,4 3,North,2,1,4
1,3,7,1,1220.078,4 2,North,2,1,4
1,3,7,2,1220.99,3 2,North,2,1,4
1,3,7,1,1221.838,3 1,North,2,1,4
1,3,7,2,1222.617,2 1,North,2,1,4
1,3,7,2,1223.272,1 1,North,2,1,4
1,3,7,1,1224.011,1 0,North,2,1,4
1,3,7,4,1224.664,2 0,North,2,1,4
1,3,7,4,1225.436,3 0,North,2,1,4
1,3,7,6,1225.8,3 0,North,2,2,4
1,3,7,4,1229.294,4 0,North,2,2,4
1,3,7,2,1230.207,3 0,North,2,2,4
1,3,7,2,1231.084,2 0,North,2,2,4
1,3,7,2,1231.87,1 0,North,2,2,4
1,3,7,3,1232.733,1 1,North,2,2,4
1,3,7,1,1236.221,1 0,North,2,2,4
1,3,7,3,1236.956,1 1,North,2,2,4
1,3,7,4,1237.661,2 1,North,2,2,4
1,3,7,4,1238.703,3 1,North,2,2,4
1,3,7,3,1239.607,3 2,North,2,2,4
1,3,7,4,1240.861,4 2,North,2,2,4
1,3,7,6,1241.22,4 2,North,2,3,4
1,3,7,2,1242.923,3 2,North,2,3,4
1,3,7,1,1244.333,3 1,North,2,3,4
1,3,7,3,1247.992,3 2,North,2,3,4
1,3,7,4,1248.727,4 2,North,2,3,4
1,3,7,2,1249.386,3 2,North,2,3,4
1,3,7,1,1249.992,3 1,North,2,3,4
1,3,7,2,1250.637,2 1,North,2,3,4
1,3,7,2,1251.328,1 1,North,2,3,4
1,3,7,1,1251.977,1 0,North,2,3,4
1,3,7,6,1252.38,1 0,North,2,4,4
1,3,7,3,1254.473,1 1,North,2,4,4
1,3,7,4,1255.417,2 1,North,2,4,4
1,3,7,4,1256.024,3 1,North,2,4,4
1,3,7,6,1256.38,3 1,North,2,5,4
1,3,7,3,1257.322,3 2,North,2,5,4
1,3,7,4,1257.913,4 2,North,2,5,4
1,3,7,3,1259.087,4 3,North,2,5,4
1,3,7,3,1259.737,4 4,North,2,5,4
1,3,7,2,1260.318,3 4,North,2,5,4
1,3,7,2,1261.223,2 4,North,2,5,4
1,3,7,2,1261.854,1 4,North,2,5,4
1,3,7,1,1262.471,1 3,North,2,5,4
1,3,7,4,1263.481,2 3,North,2,5,4
1,3,7,1,1264.071,2 2,North,2,5,4
1,3,7,2,1264.67,1 2,North,2,5,4
1,3,7,2,1265.195,0 2,North,2,5,4
1,3,7,1,1265.898,0 1,North,2,5,4
1,3,7,1,1266.528,0 0,North,2,5,4
1,3,7,6,1266.92,0 0,North,2,6,4
1,3,7,3,1267.8,0 1,North,2,6,4
1,3,7,3,1270.681,0 2,North,2,6,4
1,3,7,4,1271.755,1 2,North,2,6,4
1,3,7,4,1272.396,2 2,North,2,6,4
1,3,7,3,1273.035,2 3,North,2,6,4
1,3,7,2,1273.657,1 3,North,2,6,4
1,3,7,3,1274.28,1 4,North,2,6,4
1,3,7,2,1275.323,0 4,North,2,6,4
1,3,7,4,1276.506,1 4,North,2,6,4
1,3,7,4,1277.02,2 4,North,2,6,4
1,3,7,6,1277.38,2 4,North,2,7,4
1,3,7,4,1277.961,3 4,North,2,7,4
1,3,7,4,1278.686,4 4,North,2,7,4
1,3,7,3,1279.387,4 4,North,2,7,4
1,3,7,1,1279.863,4 3,North,2,7,4
1,3,7,1,1280.567,4 2,North,2,7,4
1,3,7,2,1281.278,3 2,North,2,7,4
1,3,7,1,1282.169,3 1,North,2,7,4
1,3,7,2,1282.871,2 1,North,2,7,4
1,3,7,2,1283.614,1 1,North,2,7,4
1,3,7,1,1284.539,1 0,North,2,7,4
1,3,7,4,1286.924,2 0,North,2,7,4
1,3,7,4,1287.688,3 0,North,2,7,4
1,3,7,4,1288.296,4 0,North,2,7,4
1,3,7,6,1288.66,4 0,North,2,8,4
2,3,7,1,1295.805,4 4,West,2,0,0
2,3,7,2,1298.911,4 3,West,2,0,0
2,3,7,2,1299.864,4 2,West,2,0,0
2,3,7,3,1301.199,4 2,North,2,0,0
2,3,7,2,1302.348,3 2,North,2,0,0
2,3,7,1,1304.305,3 2,West,2,0,0
2,3,7,2,1305.5,3 1,West,2,0,0
2,3,7,6,1305.9,3 1,West,2,1,0
2,3,7,3,1306.794,3 1,North,2,1,0
2,3,7,3,1307.436,3 1,East,2,1,0
2,3,7,2,1308.584,3 2,East,2,1,0
2,3,7,3,1309.368,3 2,South,2,1,0
2,3,7,2,1310.112,4 2,South,2,1,0
2,3,7,6,1310.48,4 2,South,2,2,0
2,3,7,1,1310.844,4 2,East,2,2,0
2,3,7,1,1311.688,4 2,North,2,2,0
2,3,7,2,1312.431,3 2,North,2,2,0
2,3,7,2,1313.097,3 2,North,2,2,1
2,3,7,3,1313.823,3 2,East,2,2,1
2,3,7,2,1314.732,3 3,East,2,2,1
2,3,7,2,1315.481,3 3,East,2,2,2
2,3,7,3,1315.997,3 3,South,2,2,2
2,3,7,2,1316.732,3 3,South,2,2,3
2,3,7,3,1317.486,3 3,West,2,2,3
2,3,7,2,1318.271,3 2,West,2,2,3
2,3,7,2,1319.036,3 1,West,2,2,3
2,3,7,1,1319.726,3 1,South,2,2,3
2,3,7,3,1320.488,3 1,West,2,2,3
2,3,7,3,1321.183,3 1,North,2,2,3
2,3,7,2,1321.933,2 1,North,2,2,3
2,3,7,3,1322.593,2 1,East,2,2,3
2,3,7,2,1323.24,2 1,East,2,2,4
2,3,7,1,1325.707,2 1,North,2,2,4
2,3,7,2,1326.477,1 1,North,2,2,4
2,3,7,1,1327.178,1 1,West,2,2,4
2,3,7,2,1328,1 0,West,2,2,4
2,3,7,6,1328.42,1 0,West,2,3,4
2,3,7,1,1329.239,1 0,South,2,3,4
2,3,7,1,1329.933,1 0,East,2,3,4
2,3,7,2,1330.763,1 1,East,2,3,4
2,3,7,2,1331.641,1 1,East,2,3,5
2,3,7,1,1332.285,1 1,North,2,3,5
2,3,7,2,1333.036,1 1,North,2,3,6
2,3,7,1,1333.657,1 1,West,2,3,6
2,3,7,2,1334.398,1 0,West,2,3,6
2,3,7,3,1335.032,1 0,North,2,3,6
2,3,7,2,1335.548,1 0,North,2,3,7
2,3,7,3,1336.59,1 0,East,2,3,7
2,3,7,3,1337.552,1 0,South,2,3,7
2,3,7,2,1338.337,2 0,South,2,3,7
2,3,7,1,1338.986,2 0,East,2,3,7
2,3,7,2,1339.709,2 0,East,2,3,8
2,3,7,3,1341.098,2 0,South,2,3,8
2,3,7,2,1341.864,3 0,South,2,3,8
2,3,7,1,1343.228,3 0,East,2,3,8
2,3,7,2,1344.059,3 0,East,2,3,9
2,3,7,1,1344.761,3 0,North,2,3,9
2,3,7,3,1345.479,3 0,East,2,3,9
2,3,7,3,1346.234,3 0,South,2,3,9
2,3,7,2,1346.91,4 0,South,2,3,9
2,3,7,1,1347.592,4 0,East,2,3,9
2,3,7,2,1348.329,4 1,East,2,3,9
2,3,7,2,1348.861,4 1,East,2,3,10
2,3,7,1,1350.464,4 1,North,2,3,10
2,3,7,2,1351.134,4 1,North,2,3,11
2,3,7,1,1351.727,4 1,West,2,3,11
2,3,7,2,1352.448,4 0,West,2,3,11
2,3,7,3,1353.054,4 0,North,2,3,11
2,3,7,2,1353.824,3 0,North,2,3,11
2,3,7,2,1354.349,2 0,North,2,3,11
2,3,7,3,1355.208,2 0,East,2,3,11
2,3,7,2,1355.913,2 0,East,2,3,12
2,3,7,1,1356.526,2 0,North,2,3,12
2,3,7,2,1357.272,1 0,North,2,3,12
2,3,7,2,1358.135,1 0,North,2,3,13
2,3,7,3,1358.747,1 0,East,2,3,13
2,3,7,2,1359.467,1 1,East,2,3,13
2,3,7,1,1360.845,1 1,North,2,3,13
2,3,7,2,1361.644,1 1,North,2,3,14
2,3,7,3,1362.216,1 1,East,2,3,14
2,3,7,2,1362.954,1 1,East,2,3,15
2,3,7,3,1363.756,1 1,South,2,3,15
2,3,7,2,1364.345,2 1,South,2,3,15
2,3,7,1,1365.007,2 1,East,2,3,15
2,3,7,2,1365.775,2 1,East,2,3,16
2,3,7,3,1366.333,2 1,South,2,3,16
2,3,7,2,1367.129,3 1,South,2,3,16
2,3,7,1,1367.824,3 1,East,2,3,16
2,3,7,2,1368.625,3 2,East,2,3,16
2,3,7,1,1369.656,3 2,North,2,3,16
2,3,7,2,1370.314,3 2,North,2,3,17
2,3,7,3,1370.88,3 2,East,2,3,17
2,3,7,2,1371.643,3 3,East,2,3,17
2,3,7,1,1372.316,3 3,North,2,3,17
2,3,7,2,1373.099,3 3,North,2,3,18
2,3,7,3,1373.64,3 3,East,2,3,18
2,3,7,2,1374.413,3 3,East,2,3,19
2,3,7,3,1374.985,3 3,South,2,3,19
2,3,7,2,1375.71,3 3,South,2,3,20
2,3,7,3,1376.446,3 3,West,2,3,20
2,3,7,2,1377.167,3 2,West,2,3,20
2,3,7,3,1377.95,3 2,North,2,3,20
2,3,7,2,1378.746,3 2,North,2,3,21
2,3,7,1,1379.706,3 2,West,2,3,21
2,3,7,2,1380.507,3 1,West,2,3,21
2,3,7,3,1381.209,3 1,North,2,3,21
2,3,7,2,1382.011,2 1,North,2,3,21
2,3,7,2,1382.992,1 1,North,2,3,21
2,3,7,2,1383.8,1 1,North,2,3,22
2,3,7,3,1384.43,1 1,East,2,3,22
2,3,7,2,1385.213,1 1,East,2,3,23
2,3,7,3,1385.835,1 1,South,2,3,23
2,3,7,2,1386.362,2 1,South,2,3,23
2,3,7,1,1386.89,2 1,East,2,3,23
2,3,7,2,1387.583,2 1,East,2,3,24
2,3,7,3,1388.268,2 1,South,2,3,24
2,3,7,2,1389.5,3 1,South,2,3,24
2,3,7,1,1390.126,3 1,East,2,3,24
2,3,7,2,1390.889,3 2,East,2,3,24
2,3,7,3,1391.804,3 2,South,2,3,24
2,3,7,2,1392.669,4 2,South,2,3,24
2,3,7,1,1393.817,4 2,East,2,3,24
2,3,7,2,1394.719,4 3,East,2,3,24
2,3,7,2,1395.576,4 4,East,2,3,24
2,3,7,1,1396.731,4 4,North,2,3,24
2,3,7,2,1397.417,3 4,North,2,3,24
2,3,7,2,1398.557,2 4,North,2,3,24
2,3,7,6,1398.94,2 4,North,2,4,24
2,3,7,1,1399.471,2 4,West,2,4,24
2,3,7,3,1400.441,2 4,North,2,4,24
2,3,7,2,1401.294,1 4,North,2,4,24
2,3,7,2,1402.074,0 4,North,2,4,24
2,3,7,1,1402.794,0 4,West,2,4,24
2,3,7,2,1403.691,0 3,West,2,4,24
2,3,7,2,1404.473,0 3,West,2,4,25
2,3,7,1,1405.208,0 3,South,2,4,25
2,3,7,2,1405.997,0 3,South,2,4,26
2,3,7,1,1406.747,0 3,East,2,4,26
2,3,7,2,1407.559,0 4,East,2,4,26
2,3,7,3,1408.203,0 4,South,2,4,26
2,3,7,2,1408.993,1 4,South,2,4,26
2,3,7,3,1409.725,1 4,West,2,4,26
2,3,7,2,1410.526,1 3,West,2,4,26
2,3,7,2,1411.373,1 3,West,2,4,27
2,3,7,3,1412.073,1 3,North,2,4,27
2,3,7,2,1412.794,1 3,North,2,4,28
2,3,7,1,1413.452,1 3,West,2,4,28
2,3,7,2,1414.479,1 3,West,2,4,29
2,3,7,1,1414.921,1 3,South,2,4,29
2,3,7,2,1415.532,2 3,South,2,4,29
2,3,7,3,1416.201,2 3,West,2,4,29
2,3,7,2,1417.007,2 2,West,2,4,29
2,3,7,3,1417.787,2 2,North,2,4,29
2,3,7,2,1418.586,1 2,North,2,4,29
2,3,7,2,1419.29,0 2,North,2,4,29
2,3,7,6,1419.66,0 2,North,2,5,29
2,3,7,1,1420.331,0 2,West,2,5,29
2,3,7,1,1421.115,0 2,South,2,5,29
2,3,7,2,1422.029,1 2,South,2,5,29
2,3,7,2,1422.809,2 2,South,2,5,29
2,3,7,2,1423.504,2 2,South,2,5,30
2,3,7,1,1424.081,2 2,East,2,5,30
2,3,7,2,1424.904,2 3,East,2,5,30
2,3,7,2,1425.456,2 3,East,2,5,31
2,3,7,1,1426.202,2 3,North,2,5,31
2,3,7,1,1426.858,2 3,West,2,5,31
2,3,7,3,1429.643,2 3,North,2,5,31
2,3,7,3,1430.281,2 3,East,2,5,31
2,3,7,2,1430.879,2 3,East,2,5,32
2,3,7,1,1431.433,2 3,North,2,5,32
2,3,7,2,1432.08,1 3,North,2,5,32
2,3,7,2,1432.795,1 3,North,2,5,33
2,3,7,3,1433.263,1 3,East,2,5,33
2,3,7,2,1433.978,1 4,East,2,5,33
2,3,7,1,1434.553,1 4,North,2,5,33
2,3,7,2,1435.326,0 4,North,2,5,33
2,3,7,1,1435.952,0 4,West,2,5,33
2,3,7,2,1436.537,0 3,West,2,5,33
2,3,7,2,1437.277,0 3,West,2,5,34
2,3,7,1,1438.272,0 3,South,2,5,34
2,3,7,2,1439.007,0 3,South,2,5,35
2,3,7,1,1439.646,0 3,East,2,5,35
2,3,7,2,1440.712,0 4,East,2,5,35
2,3,7,3,1441.241,0 4,South,2,5,35
2,3,7,2,1442.032,1 4,South,2,5,35
2,3,7,3,1442.977,1 4,West,2,5,35
2,3,7,2,1443.561,1 3,West,2,5,35
2,3,7,2,1444.332,1 3,West,2,5,36
2,3,7,1,1444.815,1 3,South,2,5,36
2,3,7,2,1445.614,2 3,South,2,5,36
2,3,7,2,1446.202,2 3,South,2,5,37
2,3,7,3,1446.744,2 3,West,2,5,37
2,3,7,2,1447.448,2 2,West,2,5,37
2,3,7,2,1448.315,2 2,West,2,5,38
2,3,7,1,1448.828,2 2,South,2,5,38
2,3,7,2,1449.583,2 2,South,2,5,39
2,3,7,1,1450.16,2 2,East,2,5,39
2,3,7,2,1450.955,2 3,East,2,5,39
2,3,7,3,1451.679,2 3,South,2,5,39
2,3,7,2,1452.44,2 3,South,2,5,40
2,3,7,3,1453.514,2 3,West,2,5,40
2,3,7,3,1454.078,2 3,North,2,5,40
2,3,7,2,1454.775,1 3,North,2,5,40
2,3,7,3,1455.402,1 3,East,2,5,40
2,3,7,2,1456.106,1 4,East,2,5,40
2,3,7,3,1456.942,1 4,South,2,5,40
2,3,7,2,1457.704,2 4,South,2,5,40
2,3,7,2,1458.432,3 4,South,2,5,40
2,3,7,2,1459.129,4 4,South,2,5,40
2,3,7,3,1459.853,4 4,West,2,5,40
2,3,7,2,1460.747,4 3,West,2,5,40
2,3,7,2,1461.692,4 2,West,2,5,40
2,3,7,2,1462.313,4 2,West,2,5,41
2,3,7,3,1462.924,4 2,North,2,5,41
2,3,7,2,1463.743,3 2,North,2,5,41
2,3,7,1,1464.362,3 2,West,2,5,41
2,3,7,2,1464.986,3 1,West,2,5,41
2,3,7,2,1465.85,3 1,West,2,5,42
2,3,7,1,1466.412,3 1,South,2,5,42
2,3,7,2,1467.071,3 1,South,2,5,43
2,3,7,3,1467.661,3 1,West,2,5,43
2,3,7,3,1468.399,3 1,North,2,5,43
2,3,7,2,1469.242,2 1,North,2,5,43
2,3,7,1,1469.977,2 1,West,2,5,43
2,3,7,2,1470.83,2 1,West,2,5,44
2,3,7,3,1471.311,2 1,North,2,5,44
2,3,7,2,1471.966,1 1,North,2,5,44
2,3,7,1,1472.632,1 1,West,2,5,44
2,3,7,2,1473.327,1 0,West,2,5,44
2,3,7,1,1473.969,1 0,South,2,5,44
2,3,7,2,1474.633,2 0,South,2,5,44
2,3,7,2,1475.532,3 0,South,2,5,44
2,3,7,2,1476.076,4 0,South,2,5,44
2,3,7,6,1476.44,4 0,South,2,6,44
2,3,7,1,1476.976,4 0,East,2,6,44
2,3,7,2,1478.008,4 1,East,2,6,44
2,3,7,6,1478.42,4 1,East,2,7,44
2,3,7,1,1479.144,4 1,North,2,7,44
2,3,7,3,1480.617,4 1,East,2,7,44
2,3,7,2,1481.354,4 1,East,2,7,45
2,3,7,1,1481.921,4 1,North,2,7,45
2,3,7,1,1482.589,4 1,West,2,7,45
2,3,7,2,1483.39,4 0,West,2,7,45
2,3,7,3,1484.028,4 0,North,2,7,45
2,3,7,2,1484.649,3 0,North,2,7,45
2,3,7,2,1485.258,2 0,North,2,7,45
2,3,7,2,1485.945,1 0,North,2,7,45
2,3,7,3,1487.512,1 0,East,2,7,45
2,3,7,2,1488.476,1 1,East,2,7,45
2,3,7,2,1489.435,1 1,East,2,7,46
2,3,7,1,1489.964,1 1,North,2,7,46
2,3,7,2,1490.764,1 1,North,2,7,47
2,3,7,3,1491.386,1 1,East,2,7,47
2,3,7,3,1492.078,1 1,South,2,7,47
2,3,7,2,1492.701,2 1,South,2,7,47
2,3,7,1,1493.419,2 1,East,2,7,47
2,3,7,2,1494.08,2 1,East,2,7,48
2,3,7,3,1494.666,2 1,South,2,7,48
2,3,7,2,1495.402,3 1,South,2,7,48
2,3,7,1,1496.19,3 1,East,2,7,48
2,3,7,2,1496.985,3 2,East,2,7,48
2,3,7,2,1497.837,3 3,East,2,7,48
2,3,7,3,1498.511,3 3,South,2,7,48
2,3,7,2,1499.245,3 3,South,2,7,49
2,3,7,1,1499.979,3 3,East,2,7,49
2,3,7,2,1500.712,3 3,East,2,7,50
2,3,7,1,1501.338,3 3,North,2,7,50
2,3,7,2,1502.141,3 3,North,2,7,51
2,3,7,1,1503.099,3 3,West,2,7,51
2,3,7,1,1504.058,3 3,South,2,7,51
2,3,7,2,1504.697,3 3,South,2,7,52
2,3,7,3,1505.164,3 3,West,2,7,52
2,3,7,2,1505.708,3 2,West,2,7,52
2,3,7,1,1506.33,3 2,South,2,7,52
2,3,7,2,1507.196,4 2,South,2,7,52
2,3,7,1,1507.867,4 2,East,2,7,52
2,3,7,2,1508.719,4 3,East,2,7,52
2,3,7,6,1509.14,4 3,East,2,8,52
1,3,8,1,1515.449,4 3,North,2,0,52
1,3,8,1,1518.892,4 2,North,2,0,52
1,3,8,2,1519.517,3 2,North,2,0,52
1,3,8,4,1520.156,4 2,North,2,0,52
1,3,8,3,1521.293,4 3,North,2,0,52
1,3,8,3,1522.007,4 4,North,2,0,52
1,3,8,1,1535.997,4 3,North,2,0,52
1,3,8,1,1536.888,4 2,North,2,0,52
1,3,8,2,1538.109,3 2,North,2,0,52
1,3,8,1,1543.991,3 1,North,2,0,52
1,3,8,2,1544.715,2 1,North,2,0,52
1,3,8,2,1545.424,1 1,North,2,0,52
1,3,8,1,1546.057,1 0,North,2,0,52
1,3,8,4,1546.734,2 0,North,2,0,52
1,3,8,4,1547.551,3 0,North,2,0,52
1,3,8,4,1548.188,4 0,North,2,0,52
1,3,8,3,1548.894,4 1,North,2,0,52
1,3,8,6,1549.3,4 1,North,2,1,52
1,3,8,1,1549.675,4 0,North,2,1,52
1,3,8,1,1550.192,4 0,North,2,1,52
1,3,8,2,1550.68,3 0,North,2,1,52
1,3,8,2,1551.295,2 0,North,2,1,52
1,3,8,2,1551.836,1 0,North,2,1,52
1,3,8,3,1552.731,1 1,North,2,1,52
1,3,8,4,1553.355,2 1,North,2,1,52
1,3,8,4,1554.22,3 1,North,2,1,52
1,3,8,3,1554.857,3 2,North,2,1,52
1,3,8,4,1555.5,4 2,North,2,1,52
1,3,8,3,1556.041,4 3,North,2,1,52
1,3,8,3,1556.664,4 4,North,2,1,52
1,3,8,2,1557.271,3 4,North,2,1,52
1,3,8,2,1557.816,2 4,North,2,1,52
1,3,8,2,1558.396,1 4,North,2,1,52
1,3,8,1,1559.199,1 3,North,2,1,52
1,3,8,6,1559.6,1 3,North,2,2,52
1,3,8,3,1560.191,1 4,North,2,2,52
1,3,8,3,1563.341,1 4,North,2,2,52
1,3,8,4,1565.726,2 4,North,2,2,52
1,3,8,4,1566.655,3 4,North,2,2,52
1,3,8,6,1567.02,3 4,North,2,3,52
1,3,8,2,1568.383,2 4,North,2,3,52
1,3,8,4,1569.053,3 4,North,2,3,52
1,3,8,4,1569.806,4 4,North,2,3,52
1,3,8,1,1570.653,4 3,North,2,3,52
1,3,8,1,1571.355,4 2,North,2,3,52
1,3,8,3,1572.263,4 3,North,2,3,52
1,3,8,3,1572.78,4 4,North,2,3,52
1,3,8,2,1573.546,3 4,North,2,3,52
1,3,8,2,1574.09,2 4,North,2,3,52
1,3,8,2,1574.731,1 4,North,2,3,52
1,3,8,1,1575.616,1 3,North,2,3,52
1,3,8,4,1576.2,2 3,North,2,3,52
1,3,8,1,1577.164,2 2,North,2,3,52
1,3,8,2,1577.788,1 2,North,2,3,52
1,3,8,2,1578.488,0 2,North,2,3,52
1,3,8,1,1579.201,0 1,North,2,3,52
1,3,8,6,1579.6,0 1,North,2,4,52
1,3,8,3,1580.076,0 2,North,2,4,52
1,3,8,4,1580.877,1 2,North,2,4,52
1,3,8,4,1581.434,2 2,North,2,4,52
1,3,8,3,1581.947,2 3,North,2,4,52
1,3,8,2,1582.489,1 3,North,2,4,52
1,3,8,3,1583.114,1 4,North,2,4,52
1,3,8,4,1583.775,2 4,North,2,4,52
1,3,8,4,1584.427,3 4,North,2,4,52
1,3,8,4,1585.001,4 4,North,2,4,52
1,3,8,1,1585.71,4 3,North,2,4,52
1,3,8,1,1586.329,4 2,North,2,4,52
1,3,8,2,1587.55,3 2,North,2,4,52
1,3,8,3,1588.157,3 3,North,2,4,52
1,3,8,6,1588.56,3 3,North,2,5,52
1,3,8,1,1589.181,3 2,North,2,5,52
1,3,8,4,1589.98,4 2,North,2,5,52
1,3,8,3,1590.814,4 3,North,2,5,52
1,3,8,3,1591.376,4 4,North,2,5,52
1,3,8,2,1591.976,3 4,North,2,5,52
1,3,8,2,1592.695,2 4,North,2,5,52
1,3,8,2,1593.567,1 4,North,2,5,52
1,3,8,1,1594.127,1 3,North,2,5,52
1,3,8,4,1595.097,2 3,North,2,5,52
1,3,8,1,1595.708,2 2,North,2,5,52
1,3,8,6,1596.1,2 2,North,2,6,52
1,3,8,3,1596.603,2 3,North,2,6,52
1,3,8,2,1597.23,1 3,North,2,6,52
1,3,8,3,1597.836,1 4,North,2,6,52
1,3,8,4,1598.569,2 4,North,2,6,52
1,3,8,4,1599.088,3 4,North,2,6,52
1,3,8,4,1599.705,4 4,North,2,6,52
1,3,8,1,1600.429,4 3,North,2,6,52
1,3,8,6,1600.84,4 3,North,2,7,52
1,3,8,1,1601.311,4 2,North,2,7,52
1,3,8,2,1602,3 2,North,2,7,52
1,3,8,1,1602.647,3 1,North,2,7,52
1,3,8,2,1603.291,2 1,North,2,7,52
1,3,8,2,1604.252,1 1,North,2,7,52
1,3,8,1,1604.83,1 0,North,2,7,52
1,3,8,4,1605.408,2 0,North,2,7,52
1,3,8,6,1605.78,2 0,North,2,8,52
2,3,8,1,1611.288,4 4,West,2,0,0
2,3,8,2,1614.346,4 3,West,2,0,0
2,3,8,2,1614.974,4 2,West,2,0,0
2,3,8,1,1615.5,4 2,South,2,0,0
2,3,8,1,1616.222,4 2,East,2,0,0
2,3,8,1,1616.815,4 2,North,2,0,0
2,3,8,2,1619.023,3 2,North,2,0,0
2,3,8,2,1619.754,3 2,North,2,0,1
2,3,8,3,1620.522,3 2,East,2,0,1
2,3,8,2,1621.723,3 3,East,2,0,1
2,3,8,1,1622.36,3 3,North,2,0,1
2,3,8,2,1623.246,3 3,North,2,0,2
2,3,8,3,1623.722,3 3,East,2,0,2
2,3,8,3,1624.903,3 3,South,2,0,2
2,3,8,2,1625.789,3 3,South,2,0,3
2,3,8,3,1626.336,3 3,West,2,0,3
2,3,8,2,1627.047,3 2,West,2,0,3
2,3,8,1,1627.689,3 2,South,2,0,3
2,3,8,2,1628.363,4 2,South,2,0,3
2,3,8,1,1628.936,4 2,East,2,0,3
2,3,8,2,1629.611,4 3,East,2,0,3
2,3,8,2,1630.279,4 4,East,2,0,3
2,3,8,1,1630.864,4 4,North,2,0,3
2,3,8,2,1631.5,3 4,North,2,0,3
2,3,8,2,1632.081,2 4,North,2,0,3
2,3,8,2,1632.983,1 4,North,2,0,3
2,3,8,1,1633.648,1 4,West,2,0,3
2,3,8,2,1634.441,1 3,West,2,0,3
2,3,8,6,1634.86,1 3,West,2,1,3
2,3,8,1,1635.663,1 3,South,2,1,3
2,3,8,1,1636.234,1 3,East,2,1,3
2,3,8,2,1636.858,1 4,East,2,1,3
2,3,8,3,1637.388,1 4,South,2,1,3
2,3,8,2,1637.949,2 4,South,2,1,3
2,3,8,2,1638.527,3 4,South,2,1,3
2,3,8,2,1639.177,4 4,South,2,1,3
2,3,8,3,1639.821,4 4,West,2,1,3
2,3,8,2,1640.41,4 3,West,2,1,3
2,3,8,2,1641.277,4 2,West,2,1,3
2,3,8,2,1642.029,4 2,West,2,1,4
2,3,8,3,1642.593,4 2,North,2,1,4
2,3,8,2,1643.4,3 2,North,2,1,4
2,3,8,1,1644.009,3 2,West,2,1,4
2,3,8,2,1644.704,3 1,West,2,1,4
2,3,8,1,1645.308,3 1,South,2,1,4
2,3,8,2,1645.999,3 1,South,2,1,5
2,3,8,3,1646.589,3 1,West,2,1,5
2,3,8,2,1647.455,3 1,West,2,1,6
2,3,8,3,1648.073,3 1,North,2,1,6
2,3,8,2,1648.808,2 1,North,2,1,6
2,3,8,1,1649.464,2 1,West,2,1,6
2,3,8,2,1650.174,2 1,West,2,1,7
2,3,8,3,1651.04,2 1,North,2,1,7
2,3,8,2,1652.169,1 1,North,2,1,7
2,3,8,1,1652.764,1 1,West,2,1,7
2,3,8,2,1653.454,1 0,West,2,1,7
2,3,8,1,1654.094,1 0,South,2,1,7
2,3,8,2,1654.815,2 0,South,2,1,7
2,3,8,2,1655.594,3 0,South,2,1,7
2,3,8,2,1656.22,4 0,South,2,1,7
2,3,8,1,1656.795,4 0,East,2,1,7
2,3,8,2,1657.534,4 1,East,2,1,7
2,3,8,6,1657.94,4 1,East,2,2,7
2,3,8,3,1658.46,4 1,South,2,2,7
2,3,8,3,1659.069,4 1,West,2,2,7
2,3,8,2,1659.727,4 0,West,2,2,7
2,3,8,3,1660.249,4 0,North,2,2,7
2,3,8,2,1660.849,3 0,North,2,2,7
2,3,8,2,1661.801,2 0,North,2,2,7
2,3,8,2,1662.362,1 0,North,2,2,7
2,3,8,3,1662.974,1 0,East,2,2,7
2,3,8,2,1663.625,1 1,East,2,2,7
2,3,8,3,1664.347,1 1,South,2,2,7
2,3,8,1,1665.243,1 1,East,2,2,7
2,3,8,2,1665.965,1 1,East,2,2,8
2,3,8,3,1666.44,1 1,South,2,2,8
2,3,8,2,1667.088,2 1,South,2,2,8
2,3,8,1,1667.674,2 1,East,2,2,8
2,3,8,2,1668.368,2 1,East,2,2,9
2,3,8,3,1668.877,2 1,South,2,2,9
2,3,8,2,1669.528,3 1,South,2,2,9
2,3,8,2,1670.43,3 1,South,2,2,10
2,3,8,1,1670.909,3 1,East,2,2,10
2,3,8,2,1671.655,3 2,East,2,2,10
2,3,8,3,1672.41,3 2,South,2,2,10
2,3,8,2,1673.179,4 2,South,2,2,10
2,3,8,3,1673.898,4 2,West,2,2,10
2,3,8,3,1674.423,4 2,North,2,2,10
2,3,8,2,1676.254,3 2,North,2,2,10
2,3,8,3,1676.938,3 2,East,2,2,10
2,3,8,2,1678.025,3 3,East,2,2,10
2,3,8,6,1678.44,3 3,East,2,3,10
2,3,8,1,1678.956,3 3,North,2,3,10
2,3,8,1,1679.533,3 3,West,2,3,10
2,3,8,2,1680.205,3 2,West,2,3,10
2,3,8,1,1680.751,3 2,South,2,3,10
2,3,8,2,1681.521,4 2,South,2,3,10
2,3,8,3,1682.174,4 2,West,2,3,10
2,3,8,3,1682.86,4 2,North,2,3,10
2,3,8,2,1684.061,3 2,North,2,3,10
2,3,8,2,1684.84,3 2,North,2,3,11
2,3,8,1,1685.422,3 2,West,2,3,11
2,3,8,2,1686.477,3 1,West,2,3,11
2,3,8,3,1687.151,3 1,North,2,3,11
2,3,8,2,1687.966,2 1,North,2,3,11
2,3,8,1,1688.591,2 1,West,2,3,11
2,3,8,2,1689.417,2 1,West,2,3,12
2,3,8,3,1689.96,2 1,North,2,3,12
2,3,8,2,1690.701,1 1,North,2,3,12
2,3,8,1,1691.261,1 1,West,2,3,12
2,3,8,2,1691.825,1 0,West,2,3,12
2,3,8,1,1692.381,1 0,South,2,3,12
2,3,8,2,1693.039,2 0,South,2,3,12
2,3,8,6,1693.42,2 0,South,2,4,12
2,3,8,3,1693.661,2 0,West,2,4,12
2,3,8,3,1694.433,2 0,North,2,4,12
2,3,8,2,1695.023,1 0,North,2,4,12
2,3,8,3,1695.855,1 0,East,2,4,12
2,3,8,2,1696.458,1 1,East,2,4,12
2,3,8,3,1697.295,1 1,South,2,4,12
2,3,8,2,1697.999,2 1,South,2,4,12
2,3,8,1,1698.632,2 1,East,2,4,12
2,3,8,2,1699.224,2 1,East,2,4,13
2,3,8,3,1699.656,2 1,South,2,4,13
2,3,8,2,1700.366,3 1,South,2,4,13
2,3,8,1,1700.925,3 1,East,2,4,13
2,3,8,2,1701.617,3 2,East,2,4,13
2,3,8,6,1702.02,3 2,East,2,5,13
2,3,8,1,1702.571,3 2,North,2,5,13
2,3,8,3,1705.471,3 2,East,2,5,13
2,3,8,3,1706.233,3 2,South,2,5,13
2,3,8,2,1706.891,4 2,South,2,5,13
2,3,8,1,1707.951,4 2,East,2,5,13
2,3,8,1,1708.572,4 2,North,2,5,13
2,3,8,3,1710.316,4 2,East,2,5,13
2,3,8,2,1710.991,4 3,East,2,5,13
2,3,8,2,1711.707,4 4,East,2,5,13
2,3,8,1,1712.315,4 4,North,2,5,13
2,3,8,2,1713.401,3 4,North,2,5,13
2,3,8,2,1714.031,2 4,North,2,5,13
2,3,8,2,1714.606,1 4,North,2,5,13
2,3,8,1,1715.177,1 4,West,2,5,13
2,3,8,2,1716.447,1 3,West,2,5,13
2,3,8,2,1717.179,1 3,West,2,5,14
2,3,8,3,1717.663,1 3,North,2,5,14
2,3,8,2,1718.378,1 3,North,2,5,15
2,3,8,3,1720.305,1 3,East,2,5,15
2,3,8,2,1721.02,1 4,East,2,5,15
2,3,8,1,1721.642,1 4,North,2,5,15
2,3,8,2,1722.407,0 4,North,2,5,15
2,3,8,1,1723.081,0 4,West,2,5,15
2,3,8,2,1723.901,0 3,West,2,5,15
2,3,8,2,1725.025,0 3,West,2,5,16
2,3,8,1,1725.55,0 3,South,2,5,16
2,3,8,2,1726.241,0 3,South,2,5,17
2,3,8,1,1727.486,0 3,East,2,5,17
2,3,8,2,1728.089,0 4,East,2,5,17
2,3,8,3,1728.717,0 4,South,2,5,17
2,3,8,2,1729.45,1 4,South,2,5,17
2,3,8,2,1730.09,2 4,South,2,5,17
2,3,8,3,1730.793,2 4,West,2,5,17
2,3,8,2,1731.631,2 4,West,2,5,18
2,3,8,3,1733.019,2 4,North,2,5,18
2,3,8,2,1733.729,1 4,North,2,5,18
2,3,8,1,1734.265,1 4,West,2,5,18
2,3,8,2,1734.881,1 3,West,2,5,18
2,3,8,2,1735.641,1 3,West,2,5,19
2,3,8,3,1736.248,1 3,North,2,5,19
2,3,8,2,1737.054,1 3,North,2,5,20
2,3,8,3,1738.098,1 3,East,2,5,20
2,3,8,2,1738.716,1 4,East,2,5,20
2,3,8,1,1739.659,1 4,North,2,5,20
2,3,8,2,1740.441,0 4,North,2,5,20
2,3,8,1,1742.32,0 4,West,2,5,20
2,3,8,2,1744.49,0 3,West,2,5,20
2,3,8,2,1745.709,0 3,West,2,5,21
2,3,8,1,1746.313,0 3,South,2,5,21
2,3,8,2,1747.15,0 3,South,2,5,22
2,3,8,1,1747.614,0 3,East,2,5,22
2,3,8,2,1748.312,0 4,East,2,5,22
2,3,8,3,1748.844,0 4,South,2,5,22
2,3,8,2,1749.531,1 4,South,2,5,22
2,3,8,2,1750.256,2 4,South,2,5,22
2,3,8,2,1750.895,3 4,South,2,5,22
2,3,8,2,1751.565,4 4,South,2,5,22
2,3,8,3,1752.205,4 4,West,2,5,22
2,3,8,2,1752.761,4 3,West,2,5,22
2,3,8,2,1753.417,4 2,West,2,5,22
2,3,8,2,1754.026,4 2,West,2,5,23
2,3,8,3,1754.576,4 2,North,2,5,23
2,3,8,2,1755.611,3 2,North,2,5,23
2,3,8,2,1759.063,3 2,North,2,5,24
2,3,8,3,1759.673,3 2,East,2,5,24
2,3,8,3,1760.623,3 2,South,2,5,24
2,3,8,2,1761.212,4 2,South,2,5,24
2,3,8,1,1761.742,4 2,East,2,5,24
2,3,8,2,1762.362,4 3,East,2,5,24
2,3,8,1,1762.927,4 3,North,2,5,24
2,3,8,2,1763.983,4 3,North,2,5,25
2,3,8,3,1764.636,4 3,East,2,5,25
2,3,8,2,1765.277,4 4,East,2,5,25
2,3,8,1,1765.808,4 4,North,2,5,25
2,3,8,2,1766.778,3 4,North,2,5,25
2,3,8,1,1767.45,3 4,West,2,5,25
2,3,8,2,1768.174,3 4,West,2,5,26
2,3,8,3,1768.65,3 4,North,2,5,26
2,3,8,2,1769.324,2 4,North,2,5,26
2,3,8,1,1770.078,2 4,West,2,5,26
2,3,8,2,1770.781,2 4,West,2,5,27
2,3,8,3,1771.294,2 4,North,2,5,27
2,3,8,2,1771.881,1 4,North,2,5,27
2,3,8,1,1772.445,1 4,West,2,5,27
2,3,8,2,1773.067,1 3,West,2,5,27
2,3,8,2,1773.82,1 3,West,2,5,28
2,3,8,3,1774.651,1 3,North,2,5,28
2,3,8,2,1775.447,1 3,North,2,5,29
2,3,8,3,1776.635,1 3,East,2,5,29
2,3,8,3,1777.312,1 3,South,2,5,29
2,3,8,2,1777.919,2 3,South,2,5,29
2,3,8,2,1778.667,2 3,South,2,5,30
2,3,8,3,1779.208,2 3,West,2,5,30
2,3,8,2,1779.944,2 2,West,2,5,30
2,3,8,3,1780.801,2 2,North,2,5,30
2,3,8,2,1781.679,1 2,North,2,5,30
2,3,8,2,1782.412,0 2,North,2,5,30
2,3,8,1,1783.056,0 2,West,2,5,30
2,3,8,2,1783.771,0 1,West,2,5,30
2,3,8,2,1784.397,0 0,West,2,5,30
2,3,8,6,1784.82,0 0,West,2,6,30
2,3,8,3,1785.887,0 0,North,2,6,30
2,3,8,3,1786.696,0 0,East,2,6,30
2,3,8,2,1787.658,0 1,East,2,6,30
2,3,8,2,1788.411,0 2,East,2,6,30
2,3,8,3,1789.032,0 2,South,2,6,30
2,3,8,2,1789.756,1 2,South,2,6,30
2,3,8,2,1790.543,2 2,South,2,6,30
2,3,8,6,1790.92,2 2,South,2,7,30
2,3,8,1,1791.884,2 2,East,2,7,30
2,3,8,1,1792.538,2 2,North,2,7,30
2,3,8,1,1793.436,2 2,West,2,7,30
2,3,8,1,1794.382,2 2,South,2,7,30
2,3,8,2,1795.113,2 2,South,2,7,31
2,3,8,3,1795.643,2 2,West,2,7,31
2,3,8,2,1796.352,2 2,West,2,7,32
2,3,8,1,1797.195,2 2,South,2,7,32
2,3,8,1,1797.934,2 2,East,2,7,32
2,3,8,2,1798.654,2 3,East,2,7,32
2,3,8,3,1799.242,2 3,South,2,7,32
2,3,8,2,1799.961,2 3,South,2,7,33
2,3,8,1,1800.553,2 3,East,2,7,33
2,3,8,2,1801.274,2 3,East,2,7,34
2,3,8,3,1801.934,2 3,South,2,7,34
2,3,8,3,1802.825,2 3,West,2,7,34
2,3,8,2,1803.466,2 2,West,2,7,34
2,3,8,1,1804.127,2 2,South,2,7,34
2,3,8,2,1805.035,2 2,South,2,7,35
2,3,8,3,1805.792,2 2,West,2,7,35
2,3,8,2,1806.509,2 2,West,2,7,36
2,3,8,3,1807.193,2 2,North,2,7,36
2,3,8,2,1807.928,1 2,North,2,7,36
2,3,8,3,1808.544,1 2,East,2,7,36
2,3,8,2,1809.378,1 2,East,2,7,37
2,3,8,1,1809.949,1 2,North,2,7,37
2,3,8,2,1810.767,0 2,North,2,7,37
2,3,8,3,1811.767,0 2,East,2,7,37
2,3,8,2,1812.665,0 2,East,2,7,38
2,3,8,3,1813.193,0 2,South,2,7,38
2,3,8,2,1813.817,1 2,South,2,7,38
2,3,8,2,1814.697,2 2,South,2,7,38
2,3,8,2,1815.711,2 2,South,2,7,39
2,3,8,3,1816.315,2 2,West,2,7,39
2,3,8,2,1816.923,2 2,West,2,7,40
2,3,8,1,1817.673,2 2,South,2,7,40
2,3,8,1,1818.571,2 2,East,2,7,40
2,3,8,2,1819.129,2 3,East,2,7,40
2,3,8,3,1819.918,2 3,South,2,7,40
2,3,8,2,1820.733,2 3,South,2,7,41
2,3,8,1,1821.292,2 3,East,2,7,41
2,3,8,2,1822.104,2 3,East,2,7,42
2,3,8,3,1822.599,2 3,South,2,7,42
2,3,8,3,1823.323,2 3,West,2,7,42
2,3,8,2,1824.03,2 2,West,2,7,42
2,3,8,1,1824.631,2 2,South,2,7,42
2,3,8,2,1825.425,2 2,South,2,7,43
2,3,8,3,1826.393,2 2,West,2,7,43
2,3,8,2,1826.99,2 2,West,2,7,44
2,3,8,3,1827.565,2 2,North,2,7,44
2,3,8,2,1828.201,1 2,North,2,7,44
2,3,8,2,1829.832,0 2,North,2,7,44
2,3,8,3,1830.592,0 2,East,2,7,44
2,3,8,2,1831.23,0 2,East,2,7,45
2,3,8,3,1831.885,0 2,South,2,7,45
2,3,8,2,1832.459,1 2,South,2,7,45
2,3,8,1,1833.224,1 2,East,2,7,45
2,3,8,2,1833.901,1 2,East,2,7,46
2,3,8,3,1834.416,1 2,South,2,7,46
2,3,8,3,1835.114,1 2,West,2,7,46
2,3,8,2,1835.711,1 2,West,2,7,47
2,3,8,1,1836.507,1 2,South,2,7,47
2,3,8,1,1837.455,1 2,East,2,7,47
2,3,8,1,1838.088,1 2,North,2,7,47
2,3,8,2,1838.747,0 2,North,2,7,47
2,3,8,3,1839.64,0 2,East,2,7,47
2,3,8,2,1840.269,0 2,East,2,7,48
2,3,8,3,1840.767,0 2,South,2,7,48
2,3,8,2,1841.372,1 2,South,2,7,48
2,3,8,2,1842.088,2 2,South,2,7,48
2,3,8,2,1842.895,2 2,South,2,7,49
2,3,8,3,1843.502,2 2,West,2,7,49
2,3,8,2,1844.305,2 2,West,2,7,50
2,3,8,1,1845.037,2 2,South,2,7,50
2,3,8,1,1845.641,2 2,East,2,7,50
2,3,8,1,1846.264,2 2,North,2,7,50
2,3,8,3,1846.877,2 2,East,2,7,50
2,3,8,2,1847.501,2 3,East,2,7,50
2,3,8,2,1848.207,2 3,East,2,7,51
2,3,8,1,1848.847,2 3,North,2,7,51
2,3,8,2,1849.566,1 3,North,2,7,51
2,3,8,3,1850.126,1 3,East,2,7,51
2,3,8,2,1850.688,1 4,East,2,7,51
2,3,8,3,1851.343,1 4,South,2,7,51
2,3,8,2,1851.914,2 4,South,2,7,51
2,3,8,2,1852.667,3 4,South,2,7,51
2,3,8,2,1853.576,4 4,South,2,7,51
2,3,8,3,1854.444,4 4,West,2,7,51
2,3,8,2,1855.21,4 3,West,2,7,51
2,3,8,2,1855.854,4 2,West,2,7,51
2,3,8,3,1856.73,4 2,North,2,7,51
2,3,8,2,1857.68,3 2,North,2,7,51
2,3,8,1,1858.298,3 2,West,2,7,51
2,3,8,2,1859.325,3 1,West,2,7,51
2,3,8,2,1860.189,3 1,West,2,7,52
2,3,8,3,1860.792,3 1,North,2,7,52
2,3,8,2,1861.947,2 1,North,2,7,52
2,3,8,1,1862.559,2 1,West,2,7,52
2,3,8,2,1863.262,2 1,West,2,7,53
2,3,8,3,1864.141,2 1,North,2,7,53
2,3,8,2,1864.815,1 1,North,2,7,53
2,3,8,1,1865.355,1 1,West,2,7,53
2,3,8,2,1865.937,1 0,West,2,7,53
2,3,8,1,1866.84,1 0,South,2,7,53
2,3,8,2,1867.403,2 0,South,2,7,53
2,3,8,2,1868.137,3 0,South,2,7,53
2,3,8,6,1868.52,3 0,South,2,8,53
1,3,9,1,1880.173,4 3,North,2,0,53
1,3,9,1,1881.023,4 2,North,2,0,53
1,3,9,2,1885.337,3 2,North,2,0,53
1,3,9,1,1888.27,3 1,North,2,0,53
1,3,9,2,1889.121,2 1,North,2,0,53
1,3,9,6,1889.5,2 1,North,2,1,53
1,3,9,2,1889.772,1 1,North,2,1,53
1,3,9,4,1891.933,2 1,North,2,1,53
1,3,9,4,1892.827,3 1,North,2,1,53
1,3,9,3,1893.404,3 2,North,2,1,53
1,3,9,4,1893.983,4 2,North,2,1,53
1,3,9,3,1894.86,4 3,North,2,1,53
1,3,9,3,1895.471,4 4,North,2,1,53
1,3,9,2,1896.635,3 4,North,2,1,53
1,3,9,2,1897.196,2 4,North,2,1,53
1,3,9,2,1897.818,1 4,North,2,1,53
1,3,9,1,1900.296,1 3,North,2,1,53
1,3,9,4,1901.754,2 3,North,2,1,53
1,3,9,1,1902.423,2 2,North,2,1,53
1,3,9,2,1903.085,1 2,North,2,1,53
1,3,9,2,1903.872,0 2,North,2,1,53
1,3,9,6,1904.26,0 2,North,2,2,53
1,3,9,4,1904.888,1 2,North,2,2,53
1,3,9,4,1905.424,2 2,North,2,2,53
1,3,9,4,1906.041,2 2,North,2,2,53
1,3,9,3,1906.431,2 3,North,2,2,53
1,3,9,2,1906.974,1 3,North,2,2,53
1,3,9,3,1907.819,1 4,North,2,2,53
1,3,9,4,1911.21,2 4,North,2,2,53
1,3,9,4,1911.929,3 4,North,2,2,53
1,3,9,4,1912.794,4 4,North,2,2,53
1,3,9,1,1913.354,4 3,North,2,2,53
1,3,9,1,1913.881,4 2,North,2,2,53
1,3,9,2,1915.914,3 2,North,2,2,53
1,3,9,1,1919.518,3 1,North,2,2,53
1,3,9,2,1920.602,2 1,North,2,2,53
1,3,9,2,1921.368,1 1,North,2,2,53
1,3,9,6,1921.74,1 1,North,2,3,53
1,3,9,4,1923.355,2 1,North,2,3,53
1,3,9,4,1924.141,3 1,North,2,3,53
1,3,9,3,1924.721,3 2,North,2,3,53
1,3,9,4,1925.389,4 2,North,2,3,53
1,3,9,3,1925.977,4 3,North,2,3,53
1,3,9,3,1926.636,4 4,North,2,3,53
1,3,9,2,1927.278,3 4,North,2,3,53
1,3,9,2,1927.822,2 4,North,2,3,53
1,3,9,2,1929.424,1 4,North,2,3,53
1,3,9,1,1932.14,1 3,North,2,3,53
1,3,9,3,1933.929,1 4,North,2,3,53
1,3,9,4,1934.608,2 4,North,2,3,53
1,3,9,4,1935.243,3 4,North,2,3,53
1,3,9,4,1935.996,4 4,North,2,3,53
1,3,9,2,1937.119,3 4,North,2,3,53
1,3,9,2,1937.69,2 4,North,2,3,53
1,3,9,2,1938.367,1 4,North,2,3,53
1,3,9,1,1939.192,1 3,North,2,3,53
1,3,9,4,1940.432,2 3,North,2,3,53
1,3,9,6,1940.8,2 3,North,2,4,53
1,3,9,2,1945.854,1 3,North,2,4,53
1,3,9,3,1946.415,1 4,North,2,4,53
1,3,9,4,1947.039,2 4,North,2,4,53
1,3,9,4,1947.757,3 4,North,2,4,53
1,3,9,4,1948.521,4 4,North,2,4,53
1,3,9,2,1949.352,3 4,North,2,4,53
1,3,9,2,1949.992,2 4,North,2,4,53
1,3,9,2,1950.717,1 4,North,2,4,53
1,3,9,1,1952.573,1 3,North,2,4,53
1,3,9,4,1953.369,2 3,North,2,4,53
1,3,9,1,1954.217,2 2,North,2,4,53
1,3,9,2,1955.003,1 2,North,2,4,53
1,3,9,6,1955.38,1 2,North,2,5,53
1,3,9,4,1955.978,2 2,North,2,5,53
1,3,9,3,1956.656,2 3,North,2,5,53
1,3,9,2,1957.374,1 3,North,2,5,53
1,3,9,3,1958.106,1 4,North,2,5,53
1,3,9,2,1958.957,0 4,North,2,5,53
1,3,9,2,1959.53,0 4,North,2,5,53
1,3,9,1,1960.009,0 3,North,2,5,53
1,3,9,6,1960.42,0 3,North,2,6,53
1,3,9,3,1961.079,0 4,North,2,6,53
1,3,9,4,1961.898,1 4,North,2,6,53
1,3,9,6,1962.26,1 4,North,2,7,53
1,3,9,4,1962.728,2 4,North,2,7,53
1,3,9,4,1963.338,3 4,North,2,7,53
1,3,9,4,1964.001,4 4,North,2,7,53
1,3,9,4,1964.572,4 4,North,2,7,53
1,3,9,1,1964.954,4 3,North,2,7,53
1,3,9,1,1965.752,4 2,North,2,7,53
1,3,9,2,1974.68,3 2,North,2,7,53
1,3,9,6,1975.06,3 2,North,2,8,53
2,3,9,1,1983.707,4 4,West,2,0,0
2,3,9,2,1984.89,4 3,West,2,0,0
2,3,9,2,1985.709,4 2,West,2,0,0
2,3,9,1,1986.396,4 2,South,2,0,0
2,3,9,1,1987.13,4 2,East,2,0,0
2,3,9,1,1987.838,4 2,North,2,0,0
2,3,9,2,1988.92,3 2,North,2,0,0
2,3,9,6,1989.3,3 2,North,2,1,0
2,3,9,3,1993.498,3 2,East,2,1,0
2,3,9,2,1994.251,3 3,East,2,1,0
2,3,9,1,1994.857,3 3,North,2,1,0
2,3,9,2,1995.677,3 3,North,2,1,1
2,3,9,1,1998.474,3 3,West,2,1,1
2,3,9,2,1999.149,3 2,West,2,1,1
2,3,9,1,2000.862,3 2,South,2,1,1
2,3,9,2,2001.599,4 2,South,2,1,1
2,3,9,1,2002.125,4 2,East,2,1,1
2,3,9,2,2003.032,4 3,East,2,1,1
2,3,9,2,2003.737,4 4,East,2,1,1
2,3,9,1,2004.361,4 4,North,2,1,1
2,3,9,2,2005.194,3 4,North,2,1,1
2,3,9,2,2005.754,2 4,North,2,1,1
2,3,9,2,2008.953,1 4,North,2,1,1
2,3,9,1,2009.581,1 4,West,2,1,1
2,3,9,2,2010.446,1 3,West,2,1,1
2,3,9,1,2012.664,1 3,South,2,1,1
2,3,9,2,2013.339,2 3,South,2,1,1
2,3,9,6,2013.72,2 3,South,2,2,1
2,3,9,3,2014.281,2 3,West,2,2,1
2,3,9,3,2015.145,2 3,North,2,2,1
2,3,9,2,2016.957,1 3,North,2,2,1
2,3,9,1,2017.6,1 3,West,2,2,1
2,3,9,2,2018.555,1 3,West,2,2,2
2,3,9,3,2019.15,1 3,North,2,2,2
2,3,9,3,2027.096,1 3,East,2,2,2
2,3,9,3,2030.526,1 3,South,2,2,2
2,3,9,2,2031.45,2 3,South,2,2,2
2,3,9,3,2032.092,2 3,West,2,2,2
2,3,9,2,2033.168,2 2,West,2,2,2
2,3,9,3,2033.932,2 2,North,2,2,2
2,3,9,2,2036.856,1 2,North,2,2,2
2,3,9,1,2037.584,1 2,West,2,2,2
2,3,9,2,2038.634,1 2,West,2,2,3
2,3,9,3,2039.182,1 2,North,2,2,3
2,3,9,2,2039.917,0 2,North,2,2,3
2,3,9,1,2040.473,0 2,West,2,2,3
2,3,9,2,2041.289,0 1,West,2,2,3
2,3,9,1,2042.016,0 1,South,2,2,3
2,3,9,2,2042.847,0 1,South,2,2,4
2,3,9,3,2043.376,0 1,West,2,2,4
2,3,9,2,2044.088,0 0,West,2,2,4
2,3,9,1,2044.669,0 0,South,2,2,4
2,3,9,2,2045.402,0 0,South,2,2,5
2,3,9,1,2046.347,0 0,East,2,2,5
2,3,9,2,2047.279,0 1,East,2,2,5
2,3,9,2,2047.964,0 2,East,2,2,5
2,3,9,3,2048.574,0 2,South,2,2,5
2,3,9,2,2049.308,1 2,South,2,2,5
2,3,9,3,2050.283,1 2,West,2,2,5
2,3,9,1,2051.101,1 2,South,2,2,5
2,3,9,2,2051.902,2 2,South,2,2,5
2,3,9,3,2053.896,2 2,West,2,2,5
2,3,9,2,2054.766,2 2,West,2,2,6
2,3,9,1,2055.61,2 2,South,2,2,6
2,3,9,2,2056.394,2 2,South,2,2,7
2,3,9,1,2056.952,2 2,East,2,2,7
2,3,9,2,2057.728,2 3,East,2,2,7
2,3,9,3,2058.75,2 3,South,2,2,7
2,3,9,2,2059.423,2 3,South,2,2,8
2,3,9,1,2059.92,2 3,East,2,2,8
2,3,9,2,2060.654,2 3,East,2,2,9
2,3,9,3,2061.406,2 3,South,2,2,9
2,3,9,3,2062.031,2 3,West,2,2,9
2,3,9,2,2062.681,2 2,West,2,2,9
2,3,9,1,2064.3,2 2,South,2,2,9
2,3,9,2,2065.215,2 2,South,2,2,10
2,3,9,3,2065.852,2 2,West,2,2,10
2,3,9,2,2066.476,2 2,West,2,2,11
2,3,9,3,2066.924,2 2,North,2,2,11
2,3,9,2,2067.568,1 2,North,2,2,11
2,3,9,1,2068.201,1 2,West,2,2,11
2,3,9,3,2069.694,1 2,North,2,2,11
2,3,9,2,2070.606,0 2,North,2,2,11
2,3,9,3,2072.19,0 2,East,2,2,11
2,3,9,2,2073.115,0 2,East,2,2,12
2,3,9,1,2074.063,0 2,North,2,2,12
2,3,9,1,2074.746,0 2,West,2,2,12
2,3,9,2,2075.821,0 1,West,2,2,12
2,3,9,1,2076.713,0 1,South,2,2,12
2,3,9,3,2077.899,0 1,West,2,2,12
2,3,9,2,2079.999,0 0,West,2,2,12
2,3,9,3,2082.443,0 0,North,2,2,12
2,3,9,3,2083.32,0 0,East,2,2,12
2,3,9,2,2084.728,0 1,East,2,2,12
2,3,9,3,2085.374,0 1,South,2,2,12
2,3,9,2,2086.024,0 1,South,2,2,13
2,3,9,3,2087.881,0 1,West,2,2,13
2,3,9,2,2088.606,0 0,West,2,2,13
2,3,9,1,2089.195,0 0,South,2,2,13
2,3,9,2,2089.882,0 0,South,2,2,14
2,3,9,1,2090.472,0 0,East,2,2,14
2,3,9,2,2091.168,0 1,East,2,2,14
2,3,9,2,2091.834,0 2,East,2,2,14
2,3,9,3,2092.625,0 2,South,2,2,14
2,3,9,2,2093.802,1 2,South,2,2,14
2,3,9,3,2094.536,1 2,West,2,2,14
2,3,9,2,2095.402,1 2,West,2,2,15
2,3,9,1,2095.93,1 2,South,2,2,15
2,3,9,2,2096.618,2 2,South,2,2,15
2,3,9,2,2097.423,2 2,South,2,2,16
2,3,9,1,2097.935,2 2,East,2,2,16
2,3,9,2,2098.588,2 3,East,2,2,16
2,3,9,2,2099.29,2 3,East,2,2,17
2,3,9,1,2099.847,2 3,North,2,2,17
2,3,9,2,2100.554,1 3,North,2,2,17
2,3,9,2,2101.36,1 3,North,2,2,18
2,3,9,3,2102.03,1 3,East,2,2,18
2,3,9,2,2102.733,1 4,East,2,2,18
2,3,9,3,2103.29,1 4,South,2,2,18
2,3,9,2,2103.872,2 4,South,2,2,18
2,3,9,2,2104.558,3 4,South,2,2,18
2,3,9,2,2105.245,4 4,South,2,2,18
2,3,9,3,2105.912,4 4,West,2,2,18
2,3,9,2,2106.776,4 3,West,2,2,18
2,3,9,2,2107.531,4 2,West,2,2,18
2,3,9,3,2108.475,4 2,North,2,2,18
2,3,9,2,2112.815,3 2,North,2,2,18
2,3,9,1,2114.649,3 2,West,2,2,18
2,3,9,2,2115.326,3 1,West,2,2,18
2,3,9,3,2116.025,3 1,North,2,2,18
2,3,9,2,2116.875,2 1,North,2,2,18
2,3,9,2,2117.777,1 1,North,2,2,18
2,3,9,6,2118.16,1 1,North,2,3,18
2,3,9,3,2120.497,1 1,East,2,3,18
2,3,9,3,2121.514,1 1,South,2,3,18
2,3,9,2,2122.271,2 1,South,2,3,18
2,3,9,2,2123.147,3 1,South,2,3,18
2,3,9,1,2123.773,3 1,East,2,3,18
2,3,9,2,2124.668,3 2,East,2,3,18
2,3,9,3,2125.337,3 2,South,2,3,18
2,3,9,2,2126.151,4 2,South,2,3,18
2,3,9,1,2126.861,4 2,East,2,3,18
2,3,9,1,2127.565,4 2,North,2,3,18
2,3,9,3,2129.305,4 2,East,2,3,18
2,3,9,2,2130.174,4 3,East,2,3,18
2,3,9,2,2130.888,4 4,East,2,3,18
2,3,9,1,2131.483,4 4,North,2,3,18
2,3,9,2,2132.233,3 4,North,2,3,18
2,3,9,2,2133.135,2 4,North,2,3,18
2,3,9,1,2134.361,2 4,West,2,3,18
2,3,9,3,2135.29,2 4,North,2,3,18
2,3,9,2,2136.68,1 4,North,2,3,18
2,3,9,3,2137.935,1 4,East,2,3,18
2,3,9,1,2139.002,1 4,North,2,3,18
2,3,9,1,2139.85,1 4,West,2,3,18
2,3,9,2,2140.591,1 3,West,2,3,18
2,3,9,3,2142.513,1 3,North,2,3,18
2,3,9,2,2143.357,1 3,North,2,3,19
2,3,9,1,2143.912,1 3,West,2,3,19
2,3,9,2,2144.728,1 3,West,2,3,20
2,3,9,1,2145.211,1 3,South,2,3,20
2,3,9,2,2145.985,2 3,South,2,3,20
2,3,9,3,2146.6,2 3,West,2,3,20
2,3,9,2,2147.391,2 2,West,2,3,20
2,3,9,3,2148.041,2 2,North,2,3,20
2,3,9,2,2148.825,1 2,North,2,3,20
2,3,9,2,2149.743,0 2,North,2,3,20
2,3,9,6,2150.12,0 2,North,2,4,20
2,3,9,1,2150.583,0 2,West,2,4,20
2,3,9,1,2151.213,0 2,South,2,4,20
2,3,9,1,2152.175,0 2,East,2,4,20
2,3,9,3,2152.81,0 2,South,2,4,20
2,3,9,2,2153.647,1 2,South,2,4,20
2,3,9,1,2154.623,1 2,East,2,4,20
2,3,9,2,2155.496,1 2,East,2,4,21
2,3,9,3,2156.095,1 2,South,2,4,21
2,3,9,2,2156.797,2 2,South,2,4,21
2,3,9,1,2157.663,2 2,East,2,4,21
2,3,9,2,2158.285,2 3,East,2,4,21
2,3,9,2,2159.148,2 3,East,2,4,22
2,3,9,1,2159.663,2 3,North,2,4,22
2,3,9,2,2160.428,1 3,North,2,4,22
2,3,9,3,2160.968,1 3,East,2,4,22
2,3,9,2,2161.739,1 4,East,2,4,22
2,3,9,6,2162.16,1 4,East,2,5,22
2,3,9,1,2162.472,1 4,North,2,5,22
2,3,9,1,2163.151,1 4,West,2,5,22
2,3,9,1,2164.895,1 4,South,2,5,22
2,3,9,2,2165.612,2 4,South,2,5,22
2,3,9,2,2166.351,3 4,South,2,5,22
2,3,9,2,2167.096,4 4,South,2,5,22
2,3,9,3,2167.645,4 4,West,2,5,22
2,3,9,2,2168.331,4 3,West,2,5,22
2,3,9,2,2169.153,4 2,West,2,5,22
2,3,9,3,2169.755,4 2,North,2,5,22
2,3,9,2,2171.581,3 2,North,2,5,22
2,3,9,1,2172.441,3 2,West,2,5,22
2,3,9,3,2173.133,3 2,North,2,5,22
2,3,9,2,2173.903,3 2,North,2,5,23
2,3,9,1,2174.365,3 2,West,2,5,23
2,3,9,2,2175.084,3 1,West,2,5,23
2,3,9,3,2175.611,3 1,North,2,5,23
2,3,9,2,2176.312,2 1,North,2,5,23
2,3,9,6,2176.7,2 1,North,2,6,23
2,3,9,3,2177.344,2 1,East,2,6,23
2,3,9,3,2177.983,2 1,South,2,6,23
2,3,9,2,2178.826,3 1,South,2,6,23
2,3,9,1,2179.406,3 1,East,2,6,23
2,3,9,2,2180.048,3 2,East,2,6,23
2,3,9,3,2180.681,3 2,South,2,6,23
2,3,9,2,2181.345,4 2,South,2,6,23
2,3,9,1,2182.154,4 2,East,2,6,23
2,3,9,1,2182.842,4 2,North,2,6,23
2,3,9,3,2184.156,4 2,East,2,6,23
2,3,9,2,2184.989,4 3,East,2,6,23
2,3,9,2,2185.662,4 4,East,2,6,23
2,3,9,1,2186.446,4 4,North,2,6,23
2,3,9,2,2187.114,3 4,North,2,6,23
2,3,9,2,2187.647,2 4,North,2,6,23
2,3,9,2,2188.24,1 4,North,2,6,23
2,3,9,2,2189.149,0 4,North,2,6,23
2,3,9,6,2189.52,0 4,North,2,7,23
2,3,9,3,2189.993,0 4,East,2,7,23
2,3,9,3,2190.689,0 4,South,2,7,23
2,3,9,2,2191.584,1 4,South,2,7,23
2,3,9,2,2192.511,2 4,South,2,7,23
2,3,9,2,2193.2,3 4,South,2,7,23
2,3,9,2,2193.759,4 4,South,2,7,23
2,3,9,3,2194.456,4 4,West,2,7,23
2,3,9,2,2195.352,4 3,West,2,7,23
2,3,9,2,2195.964,4 2,West,2,7,23
2,3,9,3,2196.603,4 2,North,2,7,23
2,3,9,3,2200.377,4 2,East,2,7,23
2,3,9,2,2201.096,4 3,East,2,7,23
2,3,9,2,2201.769,4 4,East,2,7,23
2,3,9,1,2202.602,4 4,North,2,7,23
2,3,9,2,2203.277,3 4,North,2,7,23
2,3,9,2,2203.84,2 4,North,2,7,23
2,3,9,2,2204.441,1 4,North,2,7,23
2,3,9,1,2205.072,1 4,West,2,7,23
2,3,9,2,2206.094,1 3,West,2,7,23
2,3,9,3,2209.69,1 3,North,2,7,23
2,3,9,2,2210.489,1 3,North,2,7,24
2,3,9,1,2211.023,1 3,West,2,7,24
2,3,9,2,2211.772,1 3,West,2,7,25
2,3,9,1,2212.256,1 3,South,2,7,25
2,3,9,2,2212.906,2 3,South,2,7,25
2,3,9,3,2213.512,2 3,West,2,7,25
2,3,9,2,2214.36,2 2,West,2,7,25
2,3,9,3,2214.973,2 2,North,2,7,25
2,3,9,2,2215.745,1 2,North,2,7,25
2,3,9,2,2216.445,0 2,North,2,7,25
2,3,9,1,2217.082,0 2,West,2,7,25
2,3,9,2,2217.816,0 1,West,2,7,25
2,3,9,6,2218.22,0 1,West,2,8,25
1,4,10,1,2222.316,4 3,North,2,0,25
1,4,10,3,2225.661,4 4,North,2,0,25
1,4,10,2,2226.751,3 4,North,2,0,25
1,4,10,2,2227.272,2 4,North,2,0,25
1,4,10,2,2228.141,1 4,North,2,0,25
1,4,10,1,2229.118,1 3,North,2,0,25
1,4,10,4,2229.864,2 3,North,2,0,25
1,4,10,1,2230.794,2 2,North,2,0,25
1,4,10,2,2231.416,1 2,North,2,0,25
1,4,10,2,2232.09,0 2,North,2,0,25
1,4,10,1,2232.704,0 1,North,2,0,25
1,4,10,6,2233.1,0 1,North,2,1,25
1,4,10,4,2233.592,0 1,North,2,1,25
1,4,10,3,2234.25,0 2,North,2,1,25
1,4,10,4,2234.783,1 2,North,2,1,25
1,4,10,3,2235.625,1 2,North,2,1,25
1,4,10,4,2235.96,2 2,North,2,1,25
1,4,10,3,2236.553,2 3,North,2,1,25
1,4,10,2,2237.067,1 3,North,2,1,25
1,4,10,6,2237.44,1 3,North,2,2,25
1,4,10,3,2237.705,1 4,North,2,2,25
1,4,10,4,2238.398,2 4,North,2,2,25
1,4,10,4,2239.128,3 4,North,2,2,25
1,4,10,4,2239.777,4 4,North,2,2,25
1,4,10,1,2240.366,4 3,North,2,2,25
1,4,10,1,2240.987,4 2,North,2,2,25
1,4,10,2,2241.771,3 2,North,2,2,25
1,4,10,1,2242.369,3 1,North,2,2,25
1,4,10,2,2243.552,2 1,North,2,2,25
1,4,10,6,2243.94,2 1,North,2,3,25
1,4,10,4,2244.492,3 1,North,2,3,25
1,4,10,3,2245.595,3 2,North,2,3,25
1,4,10,4,2246.219,4 2,North,2,3,25
1,4,10,3,2250.447,4 3,North,2,3,25
1,4,10,3,2251.505,4 4,North,2,3,25
1,4,10,2,2252.158,3 4,North,2,3,25
1,4,10,2,2252.717,2 4,North,2,3,25
1,4,10,2,2253.391,1 4,North,2,3,25
1,4,10,2,2254.126,0 4,North,2,3,25
1,4,10,2,2254.75,0 4,North,2,3,25
1,4,10,1,2255.165,0 3,North,2,3,25
1,4,10,6,2255.58,0 3,North,2,4,25
1,4,10,3,2255.852,0 4,North,2,4,25
1,4,10,4,2256.683,1 4,North,2,4,25
1,4,10,4,2257.309,2 4,North,2,4,25
1,4,10,4,2258.009,3 4,North,2,4,25
1,4,10,4,2258.698,4 4,North,2,4,25
1,4,10,1,2259.389,4 3,North,2,4,25
1,4,10,1,2259.963,4 2,North,2,4,25
1,4,10,2,2260.667,3 2,North,2,4,25
1,4,10,1,2261.294,3 1,North,2,4,25
1,4,10,2,2261.938,2 1,North,2,4,25
1,4,10,2,2262.604,1 1,North,2,4,25
1,4,10,1,2263.147,1 0,North,2,4,25
1,4,10,4,2263.663,2 0,North,2,4,25
1,4,10,4,2264.267,3 0,North,2,4,25
1,4,10,4,2264.927,4 0,North,2,4,25
1,4,10,3,2265.899,4 1,North,2,4,25
1,4,10,6,2266.3,4 1,North,2,5,25
1,4,10,1,2266.974,4 0,North,2,5,25
1,4,10,2,2267.662,3 0,North,2,5,25
1,4,10,2,2268.336,2 0,North,2,5,25
1,4,10,2,2269.016,1 0,North,2,5,25
1,4,10,3,2273.816,1 1,North,2,5,25
1,4,10,4,2274.488,2 1,North,2,5,25
1,4,10,4,2275.21,3 1,North,2,5,25
1,4,10,3,2275.792,3 2,North,2,5,25
1,4,10,4,2276.381,4 2,North,2,5,25
1,4,10,3,2277.131,4 3,North,2,5,25
1,4,10,3,2277.737,4 4,North,2,5,25
1,4,10,2,2278.41,3 4,North,2,5,25
1,4,10,2,2279.128,2 4,North,2,5,25
1,4,10,6,2279.52,2 4,North,2,6,25
1,4,10,4,2279.998,3 4,North,2,6,25
1,4,10,4,2280.507,4 4,North,2,6,25
1,4,10,1,2281.224,4 3,North,2,6,25
1,4,10,1,2281.964,4 2,North,2,6,25
1,4,10,2,2282.699,3 2,North,2,6,25
1,4,10,6,2283.08,3 2,North,2,7,25
1,4,10,1,2283.709,3 1,North,2,7,25
1,4,10,2,2284.354,2 1,North,2,7,25
1,4,10,2,2285.051,1 1,North,2,7,25
1,4,10,1,2285.772,1 0,North,2,7,25
1,4,10,4,2286.412,2 0,North,2,7,25
1,4,10,6,2286.78,2 0,North,2,8,25
2,4,10,1,2292.894,4 4,West,2,0,0
2,4,10,2,2295.165,4 3,West,2,0,0
2,4,10,2,2295.882,4 2,West,2,0,0
2,4,10,3,2296.961,4 2,North,2,0,0
2,4,10,2,2298.014,3 2,North,2,0,0
2,4,10,1,2298.604,3 2,West,2,0,0
2,4,10,2,2299.39,3 1,West,2,0,0
2,4,10,1,2300.248,3 1,South,2,0,0
2,4,10,2,2302.379,3 1,South,2,0,1
2,4,10,3,2302.808,3 1,West,2,0,1
2,4,10,2,2303.498,3 1,West,2,0,2
2,4,10,3,2304.433,3 1,North,2,0,2
2,4,10,2,2305.424,2 1,North,2,0,2
2,4,10,1,2306.034,2 1,West,2,0,2
2,4,10,2,2306.689,2 1,West,2,0,3
2,4,10,1,2309.23,2 1,South,2,0,3
2,4,10,1,2310.074,2 1,East,2,0,3
2,4,10,2,2310.75,2 1,East,2,0,4
2,4,10,1,2311.374,2 1,North,2,0,4
2,4,10,2,2312.184,1 1,North,2,0,4
2,4,10,1,2312.824,1 1,West,2,0,4
2,4,10,2,2313.727,1 0,West,2,0,4
2,4,10,1,2314.362,1 0,South,2,0,4
2,4,10,2,2315.084,2 0,South,2,0,4
2,4,10,2,2315.818,3 0,South,2,0,4
2,4,10,2,2316.651,4 0,South,2,0,4
2,4,10,1,2317.279,4 0,East,2,0,4
2,4,10,2,2318.061,4 1,East,2,0,4
2,4,10,6,2318.48,4 1,East,2,1,4
2,4,10,1,2318.778,4 1,North,2,1,4
2,4,10,1,2319.704,4 1,West,2,1,4
2,4,10,2,2320.364,4 0,West,2,1,4
2,4,10,3,2320.914,4 0,North,2,1,4
2,4,10,2,2321.497,3 0,North,2,1,4
2,4,10,2,2322.365,2 0,North,2,1,4
2,4,10,6,2322.74,2 0,North,2,2,4
2,4,10,3,2323.08,2 0,East,2,2,4
2,4,10,2,2323.965,2 0,East,2,2,5
2,4,10,1,2324.537,2 0,North,2,2,5
2,4,10,2,2325.323,1 0,North,2,2,5
2,4,10,3,2325.895,1 0,East,2,2,5
2,4,10,2,2326.89,1 1,East,2,2,5
2,4,10,3,2327.672,1 1,South,2,2,5
2,4,10,2,2329.017,2 1,South,2,2,5
2,4,10,2,2330.655,3 1,South,2,2,5
2,4,10,1,2331.422,3 1,East,2,2,5
2,4,10,2,2332.364,3 2,East,2,2,5
2,4,10,3,2333.104,3 2,South,2,2,5
2,4,10,2,2334.7,4 2,South,2,2,5
2,4,10,1,2335.592,4 2,East,2,2,5
2,4,10,1,2336.177,4 2,North,2,2,5
2,4,10,3,2339.178,4 2,East,2,2,5
2,4,10,2,2340.03,4 3,East,2,2,5
2,4,10,2,2340.716,4 4,East,2,2,5
2,4,10,1,2341.277,4 4,North,2,2,5
2,4,10,2,2342.107,3 4,North,2,2,5
2,4,10,2,2342.648,2 4,North,2,2,5
2,4,10,2,2343.421,1 4,North,2,2,5
2,4,10,2,2344.424,0 4,North,2,2,5
2,4,10,1,2345.022,0 4,West,2,2,5
2,4,10,2,2345.707,0 3,West,2,2,5
2,4,10,6,2346.12,0 3,West,2,3,5
2,4,10,3,2346.443,0 3,North,2,3,5
2,4,10,3,2347.099,0 3,East,2,3,5
2,4,10,2,2347.801,0 4,East,2,3,5
2,4,10,3,2348.396,0 4,South,2,3,5
2,4,10,2,2349.097,1 4,South,2,3,5
2,4,10,2,2349.724,2 4,South,2,3,5
2,4,10,6,2350.1,2 4,South,2,4,5
2,4,10,2,2350.41,3 4,South,2,4,5
2,4,10,2,2351.115,4 4,South,2,4,5
2,4,10,3,2351.662,4 4,West,2,4,5
2,4,10,2,2352.491,4 3,West,2,4,5
2,4,10,2,2353.34,4 2,West,2,4,5
2,4,10,6,2353.74,4 2,West,2,5,5
2,4,10,3,2353.966,4 2,North,2,5,5
2,4,10,3,2358.377,4 2,East,2,5,5
2,4,10,2,2359.054,4 3,East,2,5,5
2,4,10,2,2359.705,4 4,East,2,5,5
2,4,10,1,2360.59,4 4,North,2,5,5
2,4,10,2,2361.229,3 4,North,2,5,5
2,4,10,2,2361.834,2 4,North,2,5,5
2,4,10,2,2362.49,1 4,North,2,5,5
2,4,10,1,2363.053,1 4,West,2,5,5
2,4,10,2,2363.722,1 3,West,2,5,5
2,4,10,1,2364.284,1 3,South,2,5,5
2,4,10,2,2364.937,2 3,South,2,5,5
2,4,10,3,2365.483,2 3,West,2,5,5
2,4,10,2,2366.216,2 2,West,2,5,5
2,4,10,3,2366.794,2 2,North,2,5,5
2,4,10,2,2367.499,1 2,North,2,5,5
2,4,10,2,2368.204,0 2,North,2,5,5
2,4,10,1,2368.751,0 2,West,2,5,5
2,4,10,2,2369.386,0 1,West,2,5,5
2,4,10,6,2369.8,0 1,West,2,6,5
2,4,10,3,2370.12,0 1,North,2,6,5
2,4,10,3,2371.146,0 1,East,2,6,5
2,4,10,2,2371.855,0 2,East,2,6,5
2,4,10,3,2372.425,0 2,South,2,6,5
2,4,10,2,2373.354,1 2,South,2,6,5
2,4,10,1,2375.162,1 2,East,2,6,5
2,4,10,2,2375.886,1 2,East,2,6,6
2,4,10,3,2376.361,1 2,South,2,6,6
2,4,10,2,2377.04,2 2,South,2,6,6
2,4,10,1,2377.76,2 2,East,2,6,6
2,4,10,2,2378.896,2 3,East,2,6,6
2,4,10,1,2380.174,2 3,North,2,6,6
2,4,10,3,2381.149,2 3,East,2,6,6
2,4,10,2,2382.078,2 3,East,2,6,7
2,4,10,1,2382.528,2 3,North,2,6,7
2,4,10,2,2383.276,1 3,North,2,6,7
2,4,10,3,2383.848,1 3,East,2,6,7
2,4,10,2,2384.541,1 4,East,2,6,7
2,4,10,3,2385.183,1 4,South,2,6,7
2,4,10,2,2385.837,2 4,South,2,6,7
2,4,10,2,2386.411,3 4,South,2,6,7
2,4,10,2,2387.052,4 4,South,2,6,7
2,4,10,3,2387.641,4 4,West,2,6,7
2,4,10,2,2388.317,4 3,West,2,6,7
2,4,10,6,2388.72,4 3,West,2,7,7
2,4,10,3,2389.02,4 3,North,2,7,7
2,4,10,2,2391.776,4 3,North,2,7,8
2,4,10,3,2392.222,4 3,East,2,7,8
2,4,10,2,2392.975,4 4,East,2,7,8
2,4,10,1,2395.806,4 4,North,2,7,8
2,4,10,1,2396.426,4 4,West,2,7,8
2,4,10,2,2397.118,4 3,West,2,7,8
2,4,10,2,2397.755,4 2,West,2,7,8
2,4,10,3,2398.395,4 2,North,2,7,8
2,4,10,2,2399.306,3 2,North,2,7,8
2,4,10,3,2399.915,3 2,East,2,7,8
2,4,10,2,2400.585,3 3,East,2,7,8
2,4,10,6,2401,3 3,East,2,8,8
1,4,11,1,2406.14,4 3,North,2,0,8
1,4,11,6,2406.54,4 3,North,2,1,8
1,4,11,1,2406.702,4 2,North,2,1,8
1,4,11,2,2407.646,3 2,North,2,1,8
1,4,11,1,2408.289,3 1,North,2,1,8
1,4,11,6,2408.68,3 1,North,2,2,8
1,4,11,3,2409.786,3 2,North,2,2,8
1,4,11,4,2416.395,4 2,North,2,2,8
1,4,11,4,2416.908,4 2,North,2,2,8
1,4,11,3,2417.297,4 3,North,2,2,8
1,4,11,3,2417.983,4 4,North,2,2,8
1,4,11,2,2418.637,3 4,North,2,2,8
1,4,11,2,2419.545,2 4,North,2,2,8
1,4,11,2,2420.267,1 4,North,2,2,8
1,4,11,1,2420.873,1 3,North,2,2,8
1,4,11,4,2421.503,2 3,North,2,2,8
1,4,11,6,2421.86,2 3,North,2,3,8
1,4,11,2,2422.463,1 3,North,2,3,8
1,4,11,3,2423.214,1 4,North,2,3,8
1,4,11,4,2430.588,2 4,North,2,3,8
1,4,11,4,2431.12,3 4,North,2,3,8
1,4,11,6,2431.48,3 4,North,2,4,8
1,4,11,4,2431.993,4 4,North,2,4,8
1,4,11,1,2432.616,4 3,North,2,4,8
1,4,11,1,2433.371,4 2,North,2,4,8
1,4,11,2,2434.2,3 2,North,2,4,8
1,4,11,1,2435.647,3 1,North,2,4,8
1,4,11,2,2436.655,2 1,North,2,4,8
1,4,11,2,2437.837,1 1,North,2,4,8
1,4,11,4,2439.135,2 1,North,2,4,8
1,4,11,4,2439.896,3 1,North,2,4,8
1,4,11,3,2440.504,3 2,North,2,4,8
1,4,11,4,2441.048,4 2,North,2,4,8
1,4,11,2,2442.049,3 2,North,2,4,8
1,4,11,1,2443.278,3 1,North,2,4,8
1,4,11,2,2444.217,2 1,North,2,4,8
1,4,11,2,2444.909,1 1,North,2,4,8
1,4,11,1,2445.517,1 0,North,2,4,8
1,4,11,6,2445.92,1 0,North,2,5,8
1,4,11,4,2446.288,2 0,North,2,5,8
1,4,11,2,2447.117,1 0,North,2,5,8
1,4,11,3,2447.741,1 1,North,2,5,8
1,4,11,4,2448.266,2 1,North,2,5,8
1,4,11,4,2449.023,3 1,North,2,5,8
1,4,11,3,2449.611,3 2,North,2,5,8
1,4,11,3,2450.363,3 3,North,2,5,8
1,4,11,6,2450.76,3 3,North,2,6,8
1,4,11,1,2451.178,3 2,North,2,6,8
1,4,11,4,2451.961,4 2,North,2,6,8
1,4,11,3,2452.713,4 3,North,2,6,8
1,4,11,3,2453.407,4 4,North,2,6,8
1,4,11,2,2454.058,3 4,North,2,6,8
1,4,11,2,2454.682,2 4,North,2,6,8
1,4,11,2,2455.325,1 4,North,2,6,8
1,4,11,6,2455.7,1 4,North,2,7,8
1,4,11,1,2456.926,1 3,North,2,7,8
1,4,11,4,2457.664,2 3,North,2,7,8
1,4,11,1,2458.351,2 2,North,2,7,8
1,4,11,6,2458.76,2 2,North,2,8,8
2,4,11,2,2462.382,3 4,North,2,0,0
2,4,11,1,2464.491,3 4,West,2,0,0
2,4,11,1,2465.519,3 4,South,2,0,0
2,4,11,3,2466.281,3 4,West,2,0,0
2,4,11,3,2466.99,3 4,North,2,0,0
2,4,11,2,2469.983,2 4,North,2,0,0
2,4,11,2,2470.656,1 4,North,2,0,0
2,4,11,6,2471.04,1 4,North,2,1,0
2,4,11,3,2471.593,1 4,East,2,1,0
2,4,11,3,2472.25,1 4,South,2,1,0
2,4,11,2,2472.906,2 4,South,2,1,0
2,4,11,2,2473.562,3 4,South,2,1,0
2,4,11,2,2474.176,4 4,South,2,1,0
2,4,11,3,2474.766,4 4,West,2,1,0
2,4,11,2,2475.452,4 3,West,2,1,0
2,4,11,6,2475.86,4 3,West,2,2,0
2,4,11,2,2476.139,4 2,West,2,2,0
2,4,11,3,2476.844,4 2,North,2,2,0
2,4,11,3,2482.488,4 2,East,2,2,0
2,4,11,2,2483.34,4 3,East,2,2,0
2,4,11,2,2484.142,4 4,East,2,2,0
2,4,11,1,2484.748,4 4,North,2,2,0
2,4,11,2,2485.601,3 4,North,2,2,0
2,4,11,2,2486.219,2 4,North,2,2,0
2,4,11,2,2486.942,1 4,North,2,2,0
2,4,11,1,2487.983,1 4,West,2,2,0
2,4,11,2,2489.406,1 3,West,2,2,0
2,4,11,1,2491.871,1 3,South,2,2,0
2,4,11,2,2492.543,2 3,South,2,2,0
2,4,11,3,2493.099,2 3,West,2,2,0
2,4,11,2,2494.063,2 2,West,2,2,0
2,4,11,1,2494.765,2 2,South,2,2,0
2,4,11,3,2495.517,2 2,West,2,2,0
2,4,11,3,2496.094,2 2,North,2,2,0
2,4,11,2,2496.92,1 2,North,2,2,0
2,4,11,1,2497.487,1 2,West,2,2,0
2,4,11,2,2499.484,1 2,West,2,2,1
2,4,11,3,2499.979,1 2,North,2,2,1
2,4,11,2,2500.816,0 2,North,2,2,1
2,4,11,1,2501.833,0 2,West,2,2,1
2,4,11,2,2502.556,0 1,West,2,2,1
2,4,11,2,2503.291,0 0,West,2,2,1
2,4,11,1,2503.932,0 0,South,2,2,1
2,4,11,2,2504.715,0 0,South,2,2,2
2,4,11,1,2505.425,0 0,East,2,2,2
2,4,11,2,2506.203,0 1,East,2,2,2
2,4,11,2,2506.859,0 2,East,2,2,2
2,4,11,3,2507.548,0 2,South,2,2,2
2,4,11,2,2508.377,1 2,South,2,2,2
2,4,11,1,2509.468,1 2,East,2,2,2
2,4,11,1,2510.905,1 2,North,2,2,2
2,4,11,1,2511.627,1 2,West,2,2,2
2,4,11,1,2512.159,1 2,South,2,2,2
2,4,11,2,2512.863,2 2,South,2,2,2
2,4,11,1,2513.532,2 2,East,2,2,2
2,4,11,2,2514.395,2 3,East,2,2,2
2,4,11,3,2515.193,2 3,South,2,2,2
2,4,11,1,2517.723,2 3,East,2,2,2
2,4,11,2,2518.522,2 3,East,2,2,3
2,4,11,1,2518.972,2 3,North,2,2,3
2,4,11,2,2519.931,1 3,North,2,2,3
2,4,11,3,2520.475,1 3,East,2,2,3
2,4,11,2,2521.18,1 4,East,2,2,3
2,4,11,3,2522.19,1 4,South,2,2,3
2,4,11,2,2522.828,2 4,South,2,2,3
2,4,11,2,2523.401,3 4,South,2,2,3
2,4,11,2,2523.996,4 4,South,2,2,3
2,4,11,3,2524.751,4 4,West,2,2,3
2,4,11,2,2525.359,4 3,West,2,2,3
2,4,11,2,2525.932,4 2,West,2,2,3
2,4,11,2,2526.606,4 2,West,2,2,4
2,4,11,3,2527.232,4 2,North,2,2,4
2,4,11,2,2528.396,3 2,North,2,2,4
2,4,11,2,2529.279,3 2,North,2,2,5
2,4,11,1,2531.084,3 2,West,2,2,5
2,4,11,2,2531.946,3 1,West,2,2,5
2,4,11,3,2532.556,3 1,North,2,2,5
2,4,11,2,2533.626,2 1,North,2,2,5
2,4,11,2,2534.861,1 1,North,2,2,5
2,4,11,1,2535.515,1 1,West,2,2,5
2,4,11,2,2536.25,1 0,West,2,2,5
2,4,11,6,2536.66,1 0,West,2,3,5
2,4,11,3,2537.466,1 0,North,2,3,5
2,4,11,3,2538.012,1 0,East,2,3,5
2,4,11,2,2538.844,1 1,East,2,3,5
2,4,11,3,2539.55,1 1,South,2,3,5
2,4,11,2,2540.286,2 1,South,2,3,5
2,4,11,2,2541.05,3 1,South,2,3,5
2,4,11,1,2541.64,3 1,East,2,3,5
2,4,11,2,2542.379,3 2,East,2,3,5
2,4,11,3,2543.658,3 2,South,2,3,5
2,4,11,2,2545.594,4 2,South,2,3,5
2,4,11,1,2546.344,4 2,East,2,3,5
2,4,11,2,2547.071,4 3,East,2,3,5
2,4,11,2,2547.8,4 4,East,2,3,5
2,4,11,1,2548.352,4 4,North,2,3,5
2,4,11,2,2548.954,3 4,North,2,3,5
2,4,11,6,2549.34,3 4,North,2,4,5
2,4,11,1,2549.661,3 4,West,2,4,5
2,4,11,1,2550.586,3 4,South,2,4,5
2,4,11,2,2551.197,4 4,South,2,4,5
2,4,11,3,2552.074,4 4,West,2,4,5
2,4,11,2,2552.769,4 3,West,2,4,5
2,4,11,2,2553.455,4 2,West,2,4,5
2,4,11,3,2553.998,4 2,North,2,4,5
2,4,11,2,2555.006,3 2,North,2,4,5
2,4,11,3,2556.382,3 2,East,2,4,5
2,4,11,2,2557.309,3 3,East,2,4,5
2,4,11,1,2557.889,3 3,North,2,4,5
2,4,11,2,2558.569,3 3,North,2,4,6
2,4,11,1,2559.824,3 3,West,2,4,6
2,4,11,2,2561.181,3 2,West,2,4,6
2,4,11,3,2561.739,3 2,North,2,4,6
2,4,11,2,2563.024,3 2,North,2,4,7
2,4,11,1,2563.468,3 2,West,2,4,7
2,4,11,2,2564.235,3 1,West,2,4,7
2,4,11,3,2565.022,3 1,North,2,4,7
2,4,11,2,2565.617,2 1,North,2,4,7
2,4,11,3,2566.299,2 1,East,2,4,7
2,4,11,1,2567.208,2 1,North,2,4,7
2,4,11,2,2567.961,1 1,North,2,4,7
2,4,11,3,2569.036,1 1,East,2,4,7
2,4,11,2,2570.045,1 1,East,2,4,8
2,4,11,3,2570.461,1 1,South,2,4,8
2,4,11,2,2571.196,2 1,South,2,4,8
2,4,11,2,2571.743,3 1,South,2,4,8
2,4,11,1,2572.313,3 1,East,2,4,8
2,4,11,2,2573.05,3 2,East,2,4,8
2,4,11,3,2573.938,3 2,South,2,4,8
2,4,11,2,2574.6,4 2,South,2,4,8
2,4,11,1,2575.263,4 2,East,2,4,8
2,4,11,1,2576.316,4 2,North,2,4,8
2,4,11,3,2577.6,4 2,East,2,4,8
2,4,11,2,2578.604,4 3,East,2,4,8
2,4,11,1,2579.258,4 3,North,2,4,8
2,4,11,2,2580.088,4 3,North,2,4,9
2,4,11,3,2580.665,4 3,East,2,4,9
2,4,11,2,2581.344,4 4,East,2,4,9
2,4,11,1,2581.855,4 4,North,2,4,9
2,4,11,2,2582.572,3 4,North,2,4,9
2,4,11,2,2583.295,2 4,North,2,4,9
2,4,11,2,2584.696,1 4,North,2,4,9
2,4,11,1,2585.23,1 4,West,2,4,9
2,4,11,2,2586.414,1 3,West,2,4,9
2,4,11,1,2587.336,1 3,South,2,4,9
2,4,11,2,2587.984,2 3,South,2,4,9
2,4,11,3,2588.542,2 3,West,2,4,9
2,4,11,2,2589.272,2 2,West,2,4,9
2,4,11,6,2589.68,2 2,West,2,5,9
2,4,11,3,2590,2 2,North,2,5,9
2,4,11,3,2590.656,2 2,East,2,5,9
2,4,11,2,2591.293,2 3,East,2,5,9
2,4,11,1,2591.848,2 3,North,2,5,9
2,4,11,2,2592.585,1 3,North,2,5,9
2,4,11,3,2593.113,1 3,East,2,5,9
2,4,11,2,2593.9,1 4,East,2,5,9
2,4,11,1,2594.507,1 4,North,2,5,9
2,4,11,2,2595.167,0 4,North,2,5,9
2,4,11,6,2595.56,0 4,North,2,6,9
2,4,11,3,2595.832,0 4,East,2,6,9
2,4,11,3,2596.441,0 4,South,2,6,9
2,4,11,2,2597.089,1 4,South,2,6,9
2,4,11,2,2597.678,2 4,South,2,6,9
2,4,11,2,2598.316,3 4,South,2,6,9
2,4,11,2,2598.961,4 4,South,2,6,9
2,4,11,3,2599.482,4 4,West,2,6,9
2,4,11,2,2600.113,4 3,West,2,6,9
2,4,11,2,2601.147,4 2,West,2,6,9
2,4,11,3,2602.112,4 2,North,2,6,9
2,4,11,2,2602.841,3 2,North,2,6,9
2,4,11,6,2603.22,3 2,North,2,7,9
2,4,11,3,2605.019,3 2,East,2,7,9
2,4,11,3,2605.867,3 2,South,2,7,9
2,4,11,2,2606.492,4 2,South,2,7,9
2,4,11,1,2607.117,4 2,East,2,7,9
2,4,11,2,2607.803,4 3,East,2,7,9
2,4,11,2,2608.473,4 4,East,2,7,9
2,4,11,1,2609.132,4 4,North,2,7,9
2,4,11,2,2609.885,3 4,North,2,7,9
2,4,11,2,2610.427,2 4,North,2,7,9
2,4,11,2,2610.969,1 4,North,2,7,9
2,4,11,1,2611.512,1 4,West,2,7,9
2,4,11,2,2612.298,1 3,West,2,7,9
2,4,11,6,2612.72,1 3,West,2,8,9
1,4,12,1,2617.517,4 3,North,2,0,9
1,4,12,3,2618.477,4 4,North,2,0,9
1,4,12,2,2619.183,3 4,North,2,0,9
1,4,12,2,2619.981,2 4,North,2,0,9
1,4,12,2,2620.507,1 4,North,2,0,9
1,4,12,1,2621.024,1 3,North,2,0,9
1,4,12,4,2622.028,2 3,North,2,0,9
1,4,12,1,2622.556,2 2,North,2,0,9
1,4,12,2,2623.135,1 2,North,2,0,9
1,4,12,2,2623.705,0 2,North,2,0,9
1,4,12,6,2624.1,0 2,North,2,1,9
1,4,12,4,2624.652,1 2,North,2,1,9
1,4,12,4,2625.197,2 2,North,2,1,9
1,4,12,3,2625.897,2 3,North,2,1,9
1,4,12,2,2626.412,1 3,North,2,1,9
1,4,12,3,2626.956,1 4,North,2,1,9
1,4,12,4,2627.821,2 4,North,2,1,9
1,4,12,4,2628.671,3 4,North,2,1,9
1,4,12,4,2629.388,4 4,North,2,1,9
1,4,12,1,2630.059,4 3,North,2,1,9
1,4,12,1,2630.584,4 2,North,2,1,9
1,4,12,2,2631.624,3 2,North,2,1,9
1,4,12,1,2632.159,3 1,North,2,1,9
1,4,12,2,2632.875,2 1,North,2,1,9
1,4,12,2,2633.418,1 1,North,2,1,9
1,4,12,6,2633.8,1 1,North,2,2,9
1,4,12,4,2634.281,2 1,North,2,2,9
1,4,12,4,2634.809,3 1,North,2,2,9
1,4,12,3,2635.514,3 2,North,2,2,9
1,4,12,4,2636.48,4 2,North,2,2,9
1,4,12,3,2637.385,4 3,North,2,2,9
1,4,12,3,2637.992,4 4,North,2,2,9
1,4,12,2,2638.536,3 4,North,2,2,9
1,4,12,2,2639.099,2 4,North,2,2,9
1,4,12,2,2639.802,1 4,North,2,2,9
1,4,12,1,2640.344,1 3,North,2,2,9
1,4,12,4,2640.892,2 3,North,2,2,9
1,4,12,1,2641.609,2 2,North,2,2,9
1,4,12,2,2642.189,1 2,North,2,2,9
1,4,12,2,2642.809,0 2,North,2,2,9
1,4,12,1,2643.597,0 1,North,2,2,9
1,4,12,1,2644.169,0 0,North,2,2,9
1,4,12,6,2644.58,0 0,North,2,3,9
1,4,12,3,2645.338,0 1,North,2,3,9
1,4,12,3,2646.202,0 2,North,2,3,9
1,4,12,4,2647.258,1 2,North,2,3,9
1,4,12,4,2647.851,2 2,North,2,3,9
1,4,12,3,2648.43,2 3,North,2,3,9
1,4,12,2,2649.036,1 3,North,2,3,9
1,4,12,3,2649.565,1 4,North,2,3,9
1,4,12,2,2650.234,0 4,North,2,3,9
1,4,12,4,2651.12,1 4,North,2,3,9
1,4,12,4,2651.822,2 4,North,2,3,9
1,4,12,4,2652.346,3 4,North,2,3,9
1,4,12,4,2652.859,4 4,North,2,3,9
1,4,12,1,2653.545,4 3,North,2,3,9
1,4,12,1,2654.092,4 2,North,2,3,9
1,4,12,6,2654.5,4 2,North,2,4,9
1,4,12,2,2655.199,3 2,North,2,4,9
1,4,12,1,2656.012,3 1,North,2,4,9
1,4,12,2,2656.861,2 1,North,2,4,9
1,4,12,2,2657.562,1 1,North,2,4,9
1,4,12,1,2658.267,1 0,North,2,4,9
1,4,12,4,2660.557,2 0,North,2,4,9
1,4,12,4,2661.162,3 0,North,2,4,9
1,4,12,6,2661.52,3 0,North,2,5,9
1,4,12,4,2662.68,4 0,North,2,5,9
1,4,12,3,2663.277,4 1,North,2,5,9
1,4,12,1,2663.886,4 0,North,2,5,9
1,4,12,2,2664.473,3 0,North,2,5,9
1,4,12,2,2665.035,2 0,North,2,5,9
1,4,12,2,2665.568,1 0,North,2,5,9
1,4,12,3,2666.158,1 1,North,2,5,9
1,4,12,4,2666.766,2 1,North,2,5,9
1,4,12,4,2667.326,3 1,North,2,5,9
1,4,12,3,2667.935,3 2,North,2,5,9
1,4,12,4,2668.521,4 2,North,2,5,9
1,4,12,3,2669.104,4 3,North,2,5,9
1,4,12,3,2669.631,4 4,North,2,5,9
1,4,12,2,2670.319,3 4,North,2,5,9
1,4,12,2,2670.863,2 4,North,2,5,9
1,4,12,2,2671.42,1 4,North,2,5,9
1,4,12,1,2672.026,1 3,North,2,5,9
1,4,12,4,2673.039,2 3,North,2,5,9
1,4,12,1,2673.548,2 2,North,2,5,9
1,4,12,2,2674.128,1 2,North,2,5,9
1,4,12,6,2674.52,1 2,North,2,6,9
1,4,12,4,2674.907,2 2,North,2,6,9
1,4,12,3,2675.612,2 3,North,2,6,9
1,4,12,2,2676.201,1 3,North,2,6,9
1,4,12,3,2676.764,1 4,North,2,6,9
1,4,12,4,2677.407,2 4,North,2,6,9
1,4,12,4,2678.061,3 4,North,2,6,9
1,4,12,4,2679.084,4 4,North,2,6,9
1,4,12,1,2679.791,4 3,North,2,6,9
1,4,12,1,2680.392,4 2,North,2,6,9
1,4,12,2,2681.007,3 2,North,2,6,9
1,4,12,1,2681.548,3 1,North,2,6,9
1,4,12,2,2682.092,2 1,North,2,6,9
1,4,12,2,2682.683,1 1,North,2,6,9
1,4,12,1,2683.198,1 0,North,2,6,9
1,4,12,4,2683.967,2 0,North,2,6,9
1,4,12,4,2684.478,3 0,North,2,6,9
1,4,12,4,2685.177,4 0,North,2,6,9
1,4,12,6,2685.54,4 0,North,2,7,9
1,4,12,2,2686.013,3 0,North,2,7,9
1,4,12,2,2686.638,2 0,North,2,7,9
1,4,12,2,2687.564,1 0,North,2,7,9
1,4,12,3,2688.56,1 1,North,2,7,9
1,4,12,4,2689.468,2 1,North,2,7,9
1,4,12,4,2690.349,3 1,North,2,7,9
1,4,12,3,2690.907,3 2,North,2,7,9
1,4,12,4,2691.433,4 2,North,2,7,9
1,4,12,3,2691.996,4 3,North,2,7,9
1,4,12,3,2692.956,4 4,North,2,7,9
1,4,12,2,2693.553,3 4,North,2,7,9
1,4,12,2,2694.184,2 4,North,2,7,9
1,4,12,2,2695.056,1 4,North,2,7,9
1,4,12,2,2695.672,0 4,North,2,7,9
1,4,12,6,2696.06,0 4,North,2,8,9
2,4,12,1,2701.051,4 4,West,2,0,0
2,4,12,2,2701.995,4 3,West,2,0,0
2,4,12,2,2702.812,4 2,West,2,0,0
2,4,12,3,2703.517,4 2,North,2,0,0
2,4,12,2,2710.77,3 2,North,2,0,0
2,4,12,1,2711.469,3 2,West,2,0,0
2,4,12,2,2712.174,3 1,West,2,0,0
2,4,12,3,2713.104,3 1,North,2,0,0
2,4,12,2,2713.82,2 1,North,2,0,0
2,4,12,2,2714.607,1 1,North,2,0,0
2,4,12,6,2714.98,1 1,North,2,1,0
2,4,12,3,2715.74,1 1,East,2,1,0
2,4,12,3,2716.943,1 1,South,2,1,0
2,4,12,2,2717.577,2 1,South,2,1,0
2,4,12,2,2718.779,3 1,South,2,1,0
2,4,12,1,2719.449,3 1,East,2,1,0
2,4,12,2,2720.33,3 2,East,2,1,0
2,4,12,3,2721.034,3 2,South,2,1,0
2,4,12,1,2722.602,3 2,East,2,1,0
2,4,12,1,2723.227,3 2,North,2,1,0
2,4,12,3,2724.216,3 2,East,2,1,0
2,4,12,2,2725.5,3 3,East,2,1,0
2,4,12,3,2726.057,3 3,South,2,1,0
2,4,12,2,2726.816,3 3,South,2,1,1
2,4,12,1,2727.436,3 3,East,2,1,1
2,4,12,2,2728.222,3 3,East,2,1,2
2,4,12,3,2728.68,3 3,South,2,1,2
2,4,12,3,2729.356,3 3,West,2,1,2
2,4,12,2,2730.026,3 2,West,2,1,2
2,4,12,1,2730.537,3 2,South,2,1,2
2,4,12,2,2731.2,4 2,South,2,1,2
2,4,12,1,2731.857,4 2,East,2,1,2
2,4,12,1,2732.57,4 2,North,2,1,2
2,4,12,3,2733.74,4 2,East,2,1,2
2,4,12,2,2734.761,4 3,East,2,1,2
2,4,12,2,2735.418,4 4,East,2,1,2
2,4,12,1,2735.948,4 4,North,2,1,2
2,4,12,2,2737.038,3 4,North,2,1,2
2,4,12,2,2737.626,2 4,North,2,1,2
2,4,12,2,2738.302,1 4,North,2,1,2
2,4,12,1,2739.067,1 4,West,2,1,2
2,4,12,2,2740.397,1 3,West,2,1,2
2,4,12,1,2741.003,1 3,South,2,1,2
2,4,12,2,2741.705,2 3,South,2,1,2
2,4,12,3,2742.301,2 3,West,2,1,2
2,4,12,2,2743.277,2 2,West,2,1,2
2,4,12,3,2743.833,2 2,North,2,1,2
2,4,12,2,2744.605,1 2,North,2,1,2
2,4,12,2,2745.487,0 2,North,2,1,2
2,4,12,6,2745.88,0 2,North,2,2,2
2,4,12,3,2746.351,0 2,East,2,2,2
2,4,12,3,2746.876,0 2,South,2,2,2
2,4,12,2,2747.759,1 2,South,2,2,2
2,4,12,1,2748.922,1 2,East,2,2,2
2,4,12,2,2749.582,1 2,East,2,2,3
2,4,12,3,2750.028,1 2,South,2,2,3
2,4,12,2,2750.689,2 2,South,2,2,3
2,4,12,1,2751.535,2 2,East,2,2,3
2,4,12,2,2752.073,2 3,East,2,2,3
2,4,12,1,2753.258,2 3,North,2,2,3
2,4,12,2,2753.952,1 3,North,2,2,3
2,4,12,3,2754.504,1 3,East,2,2,3
2,4,12,2,2755.104,1 4,East,2,2,3
2,4,12,3,2755.69,1 4,South,2,2,3
2,4,12,2,2756.273,2 4,South,2,2,3
2,4,12,2,2756.856,3 4,South,2,2,3
2,4,12,2,2757.455,4 4,South,2,2,3
2,4,12,3,2758.177,4 4,West,2,2,3
2,4,12,2,2758.846,4 3,West,2,2,3
2,4,12,2,2759.386,4 2,West,2,2,3
2,4,12,3,2760.14,4 2,North,2,2,3
2,4,12,2,2761.279,3 2,North,2,2,3
2,4,12,3,2764.72,3 2,East,2,2,3
2,4,12,1,2765.361,3 2,North,2,2,3
2,4,12,2,2766.025,3 2,North,2,2,4
2,4,12,1,2766.81,3 2,West,2,2,4
2,4,12,2,2767.449,3 1,West,2,2,4
2,4,12,6,2767.86,3 1,West,2,3,4
2,4,12,1,2768.284,3 1,South,2,3,4
2,4,12,1,2768.91,3 1,East,2,3,4
2,4,12,2,2769.544,3 2,East,2,3,4
2,4,12,3,2770.332,3 2,South,2,3,4
2,4,12,2,2770.94,4 2,South,2,3,4
2,4,12,6,2771.32,4 2,South,2,4,4
2,4,12,3,2771.586,4 2,West,2,4,4
2,4,12,3,2772.239,4 2,North,2,4,4
2,4,12,2,2772.992,3 2,North,2,4,4
2,4,12,1,2773.978,3 2,West,2,4,4
2,4,12,2,2774.909,3 1,West,2,4,4
2,4,12,3,2776.22,3 1,North,2,4,4
2,4,12,2,2777.278,2 1,North,2,4,4
2,4,12,1,2777.854,2 1,West,2,4,4
2,4,12,2,2778.641,2 1,West,2,4,5
2,4,12,3,2779.359,2 1,North,2,4,5
2,4,12,2,2779.968,1 1,North,2,4,5
2,4,12,1,2780.51,1 1,West,2,4,5
2,4,12,2,2781.212,1 0,West,2,4,5
2,4,12,1,2781.854,1 0,South,2,4,5
2,4,12,2,2782.587,2 0,South,2,4,5
2,4,12,2,2783.233,3 0,South,2,4,5
2,4,12,6,2783.6,3 0,South,2,5,5
2,4,12,3,2784.267,3 0,West,2,5,5
2,4,12,3,2784.988,3 0,North,2,5,5
2,4,12,2,2785.641,2 0,North,2,5,5
2,4,12,3,2786.687,2 0,East,2,5,5
2,4,12,2,2787.308,2 0,East,2,5,6
2,4,12,1,2787.788,2 0,North,2,5,6
2,4,12,2,2788.537,1 0,North,2,5,6
2,4,12,3,2789.082,1 0,East,2,5,6
2,4,12,2,2789.76,1 1,East,2,5,6
2,4,12,3,2790.336,1 1,South,2,5,6
2,4,12,1,2790.954,1 1,East,2,5,6
2,4,12,2,2791.713,1 1,East,2,5,7
2,4,12,3,2792.12,1 1,South,2,5,7
2,4,12,2,2792.666,2 1,South,2,5,7
2,4,12,2,2793.296,3 1,South,2,5,7
2,4,12,1,2793.951,3 1,East,2,5,7
2,4,12,2,2794.621,3 2,East,2,5,7
2,4,12,3,2795.147,3 2,South,2,5,7
2,4,12,2,2795.823,4 2,South,2,5,7
2,4,12,1,2796.476,4 2,East,2,5,7
2,4,12,1,2797.001,4 2,North,2,5,7
2,4,12,3,2798.38,4 2,East,2,5,7
2,4,12,2,2799.281,4 3,East,2,5,7
2,4,12,2,2799.952,4 4,East,2,5,7
2,4,12,1,2800.56,4 4,North,2,5,7
2,4,12,2,2801.149,3 4,North,2,5,7
2,4,12,2,2802.027,2 4,North,2,5,7
2,4,12,2,2802.701,1 4,North,2,5,7
2,4,12,1,2803.772,1 4,West,2,5,7
2,4,12,2,2804.395,1 3,West,2,5,7
2,4,12,1,2804.938,1 3,South,2,5,7
2,4,12,2,2805.53,2 3,South,2,5,7
2,4,12,3,2806.094,2 3,West,2,5,7
2,4,12,2,2806.809,2 2,West,2,5,7
2,4,12,3,2807.324,2 2,North,2,5,7
2,4,12,2,2807.946,1 2,North,2,5,7
2,4,12,6,2808.34,1 2,North,2,6,7
2,4,12,1,2808.685,1 2,West,2,6,7
2,4,12,1,2809.31,1 2,South,2,6,7
2,4,12,2,2809.981,2 2,South,2,6,7
2,4,12,1,2810.507,2 2,East,2,6,7
2,4,12,2,2811.082,2 3,East,2,6,7
2,4,12,6,2811.48,2 3,East,2,7,7
2,4,12,1,2812.171,2 3,North,2,7,7
2,4,12,3,2813.392,2 3,East,2,7,7
2,4,12,2,2813.98,2 3,East,2,7,8
2,4,12,1,2814.448,2 3,North,2,7,8
2,4,12,2,2815.064,1 3,North,2,7,8
2,4,12,3,2815.976,1 3,East,2,7,8
2,4,12,2,2816.577,1 4,East,2,7,8
2,4,12,3,2817.162,1 4,South,2,7,8
2,4,12,2,2817.818,2 4,South,2,7,8
2,4,12,2,2818.352,3 4,South,2,7,8
2,4,12,2,2818.927,4 4,South,2,7,8
2,4,12,3,2819.593,4 4,West,2,7,8
2,4,12,2,2820.222,4 3,West,2,7,8
2,4,12,2,2820.816,4 2,West,2,7,8
2,4,12,2,2821.471,4 2,West,2,7,9
2,4,12,3,2821.961,4 2,North,2,7,9
2,4,12,3,2824.794,4 2,East,2,7,9
2,4,12,2,2825.949,4 3,East,2,7,9
2,4,12,2,2826.656,4 4,East,2,7,9
2,4,12,1,2827.179,4 4,North,2,7,9
2,4,12,2,2827.818,3 4,North,2,7,9
2,4,12,2,2828.737,2 4,North,2,7,9
2,4,12,2,2829.434,1 4,North,2,7,9
2,4,12,1,2829.982,1 4,West,2,7,9
2,4,12,2,2830.505,1 3,West,2,7,9
2,4,12,1,2831.051,1 3,South,2,7,9
2,4,12,2,2832.105,2 3,South,2,7,9
2,4,12,3,2832.624,2 3,West,2,7,9
2,4,12,2,2833.327,2 2,West,2,7,9
2,4,12,3,2834.043,2 2,North,2,7,9
2,4,12,2,2834.682,1 2,North,2,7,9
2,4,12,1,2836.111,1 2,West,2,7,9
2,4,12,2,2837.048,1 2,West,2,7,10
2,4,12,3,2837.503,1 2,North,2,7,10
2,4,12,2,2838.19,0 2,North,2,7,10
2,4,12,1,2838.765,0 2,West,2,7,10
2,4,12,2,2839.344,0 1,West,2,7,10
2,4,12,2,2840.024,0 0,West,2,7,10
2,4,12,6,2840.44,0 0,West,2,8,10
1,5,13,1,2926.522,4 3,North,3,0,10
1,5,13,1,2928.041,4 2,North,3,0,10
1,5,13,2,2928.682,3 2,North,3,0,10
1,5,13,6,2929.06,3 2,North,3,1,10
1,5,13,4,2930.042,4 2,North,3,1,10
1,5,13,3,2931.07,4 3,North,3,1,10
1,5,13,3,2931.759,4 4,North,3,1,10
1,5,13,2,2932.401,3 4,North,3,1,10
1,5,13,1,2933.086,3 3,North,3,1,10
1,5,13,2,2933.739,2 3,North,3,1,10
1,5,13,6,2934.12,2 3,North,3,2,10
1,5,13,4,2934.863,3 3,North,3,2,10
1,5,13,3,2935.632,3 4,North,3,2,10
1,5,13,4,2936.401,4 4,North,3,2,10
1,5,13,1,2938.353,4 3,North,3,2,10
1,5,13,1,2939.322,4 2,North,3,2,10
1,5,13,1,2939.837,4 1,North,3,2,10
1,5,13,1,2940.638,4 0,North,3,2,10
1,5,13,3,2941.193,4 1,North,3,2,10
1,5,13,3,2941.791,4 2,North,3,2,10
1,5,13,2,2942.559,3 2,North,3,2,10
1,5,13,1,2943.176,3 1,North,3,2,10
1,5,13,6,2943.58,3 1,North,3,3,10
1,5,13,3,2944.067,3 2,North,3,3,10
1,5,13,4,2944.699,4 2,North,3,3,10
1,5,13,3,2945.661,4 3,North,3,3,10
1,5,13,3,2947.377,4 4,North,3,3,10
1,5,13,2,2948.174,3 4,North,3,3,10
1,5,13,4,2950.365,4 4,North,3,3,10
1,5,13,1,2950.987,4 3,North,3,3,10
1,5,13,1,2952.042,4 2,North,3,3,10
1,5,13,3,2953.229,4 3,North,3,3,10
1,5,13,3,2954.03,4 4,North,3,3,10
1,5,13,2,2954.794,3 4,North,3,3,10
1,5,13,1,2955.481,3 3,North,3,3,10
1,5,13,2,2956.257,2 3,North,3,3,10
1,5,13,2,2957.105,1 3,North,3,3,10
1,5,13,2,2957.739,0 3,North,3,3,10
1,5,13,3,2958.271,0 4,North,3,3,10
1,5,13,4,2958.892,1 4,North,3,3,10
1,5,13,4,2959.45,2 4,North,3,3,10
1,5,13,6,2959.82,2 4,North,3,4,10
1,5,13,2,2960.185,1 4,North,3,4,10
1,5,13,2,2960.83,0 4,North,3,4,10
1,5,13,1,2961.409,0 3,North,3,4,10
1,5,13,4,2962.108,1 3,North,3,4,10
1,5,13,4,2962.687,2 3,North,3,4,10
1,5,13,4,2963.374,3 3,North,3,4,10
1,5,13,6,2963.74,3 3,North,3,5,10
1,5,13,3,2964.143,3 4,North,3,5,10
1,5,13,4,2964.849,4 4,North,3,5,10
1,5,13,1,2965.726,4 3,North,3,5,10
1,5,13,1,2966.481,4 2,North,3,5,10
1,5,13,2,2967.133,3 2,North,3,5,10
1,5,13,1,2967.754,3 1,North,3,5,10
1,5,13,1,2968.575,3 0,North,3,5,10
1,5,13,2,2969.759,2 0,North,3,5,10
1,5,13,2,2970.448,1 0,North,3,5,10
1,5,13,3,2972.347,1 1,North,3,5,10
1,5,13,4,2973.436,2 1,North,3,5,10
1,5,13,3,2974.061,2 2,North,3,5,10
1,5,13,2,2974.639,1 2,North,3,5,10
1,5,13,2,2975.402,0 2,North,3,5,10
1,5,13,1,2975.915,0 1,North,3,5,10
1,5,13,6,2976.32,0 1,North,3,6,10
1,5,13,3,2976.51,0 2,North,3,6,10
1,5,13,4,2977.31,1 2,North,3,6,10
1,5,13,4,2977.871,2 2,North,3,6,10
1,5,13,1,2978.394,2 1,North,3,6,10
1,5,13,2,2979.293,1 1,North,3,6,10
1,5,13,1,2979.873,1 0,North,3,6,10
1,5,13,4,2980.415,2 0,North,3,6,10
1,5,13,4,2981.134,3 0,North,3,6,10
1,5,13,6,2981.5,3 0,North,3,7,10
1,5,13,3,2981.744,3 1,North,3,7,10
1,5,13,3,2982.269,3 2,North,3,7,10
1,5,13,4,2982.812,4 2,North,3,7,10
1,5,13,3,2983.341,4 3,North,3,7,10
1,5,13,3,2983.917,4 4,North,3,7,10
1,5,13,2,2984.442,3 4,North,3,7,10
1,5,13,1,2985.464,3 3,North,3,7,10
1,5,13,2,2986.145,2 3,North,3,7,10
1,5,13,2,2986.732,1 3,North,3,7,10
1,5,13,2,2987.341,0 3,North,3,7,10
1,5,13,6,2987.72,0 3,North,3,8,10
2,5,13,1,2993.613,4 4,West,3,0,0
2,5,13,2,2995.498,4 3,West,3,0,0
2,5,13,2,2996.156,4 2,West,3,0,0
2,5,13,2,2996.864,4 1,West,3,0,0
2,5,13,3,2997.629,4 1,North,3,0,0
2,5,13,2,2998.521,4 1,North,3,0,1
2,5,13,3,2999.089,4 1,East,3,0,1
2,5,13,2,2999.695,4 2,East,3,0,1
2,5,13,2,3000.861,4 3,East,3,0,1
2,5,13,2,3002.456,4 4,East,3,0,1
2,5,13,1,3003.45,4 4,North,3,0,1
2,5,13,2,3004.081,3 4,North,3,0,1
2,5,13,1,3004.747,3 4,West,3,0,1
2,5,13,2,3005.388,3 3,West,3,0,1
2,5,13,3,3005.916,3 3,North,3,0,1
2,5,13,2,3006.461,2 3,North,3,0,1
2,5,13,6,3006.84,2 3,North,3,1,1
2,5,13,3,3007.181,2 3,East,3,1,1
2,5,13,2,3007.854,2 3,East,3,1,2
2,5,13,3,3008.458,2 3,South,3,1,2
2,5,13,2,3009.13,3 3,South,3,1,2
2,5,13,1,3009.691,3 3,East,3,1,2
2,5,13,2,3010.732,3 4,East,3,1,2
2,5,13,3,3011.31,3 4,South,3,1,2
2,5,13,2,3011.935,4 4,South,3,1,2
2,5,13,3,3012.523,4 4,West,3,1,2
2,5,13,2,3013.183,4 3,West,3,1,2
2,5,13,2,3013.9,4 2,West,3,1,2
2,5,13,1,3014.958,4 2,South,3,1,2
2,5,13,3,3015.68,4 2,West,3,1,2
2,5,13,3,3016.559,4 2,North,3,1,2
2,5,13,2,3017.39,3 2,North,3,1,2
2,5,13,1,3018,3 2,West,3,1,2
2,5,13,2,3018.892,3 1,West,3,1,2
2,5,13,2,3019.739,3 0,West,3,1,2
2,5,13,6,3020.16,3 0,West,3,2,2
2,5,13,3,3020.558,3 0,North,3,2,2
2,5,13,3,3021.073,3 0,East,3,2,2
2,5,13,2,3021.77,3 1,East,3,2,2
2,5,13,2,3022.46,3 2,East,3,2,2
2,5,13,3,3022.991,3 2,South,3,2,2
2,5,13,2,3023.678,4 2,South,3,2,2
2,5,13,1,3024.216,4 2,East,3,2,2
2,5,13,2,3024.893,4 3,East,3,2,2
2,5,13,2,3025.562,4 4,East,3,2,2
2,5,13,2,3026.482,4 4,East,3,2,2
2,5,13,3,3026.499,4 4,South,3,2,2
2,5,13,3,3027.099,4 4,West,3,2,2
2,5,13,3,3027.999,4 4,North,3,2,2
2,5,13,2,3028.748,3 4,North,3,2,2
2,5,13,2,3029.434,3 4,North,3,2,3
2,5,13,1,3029.92,3 4,West,3,2,3
2,5,13,2,3030.572,3 3,West,3,2,3
2,5,13,3,3031.149,3 3,North,3,2,3
2,5,13,2,3031.823,2 3,North,3,2,3
2,5,13,3,3032.465,2 3,East,3,2,3
2,5,13,2,3033.016,2 3,East,3,2,4
2,5,13,1,3033.57,2 3,North,3,2,4
2,5,13,2,3034.209,1 3,North,3,2,4
2,5,13,3,3034.921,1 3,East,3,2,4
2,5,13,2,3035.521,1 3,East,3,2,5
2,5,13,1,3035.952,1 3,North,3,2,5
2,5,13,2,3036.555,0 3,North,3,2,5
2,5,13,3,3037.402,0 3,East,3,2,5
2,5,13,2,3037.919,0 4,East,3,2,5
2,5,13,3,3038.556,0 4,South,3,2,5
2,5,13,2,3039.196,1 4,South,3,2,5
2,5,13,2,3039.722,2 4,South,3,2,5
2,5,13,6,3040.12,2 4,South,3,3,5
2,5,13,3,3040.394,2 4,West,3,3,5
2,5,13,3,3041.101,2 4,North,3,3,5
2,5,13,2,3041.709,1 4,North,3,3,5
2,5,13,2,3042.328,0 4,North,3,3,5
2,5,13,1,3043.161,0 4,West,3,3,5
2,5,13,2,3043.741,0 3,West,3,3,5
2,5,13,6,3044.16,0 3,West,3,4,5
2,5,13,1,3044.297,0 3,South,3,4,5
2,5,13,2,3044.825,1 3,South,3,4,5
2,5,13,2,3045.772,2 3,South,3,4,5
2,5,13,2,3046.908,3 3,South,3,4,5
2,5,13,1,3047.545,3 3,East,3,4,5
2,5,13,2,3048.175,3 4,East,3,4,5
2,5,13,3,3048.753,3 4,South,3,4,5
2,5,13,2,3049.328,4 4,South,3,4,5
2,5,13,3,3049.88,4 4,West,3,4,5
2,5,13,2,3050.414,4 3,West,3,4,5
2,5,13,2,3051.241,4 2,West,3,4,5
2,5,13,2,3051.978,4 1,West,3,4,5
2,5,13,3,3052.704,4 1,North,3,4,5
2,5,13,2,3053.628,4 1,North,3,4,6
2,5,13,3,3054.046,4 1,East,3,4,6
2,5,13,2,3054.674,4 2,East,3,4,6
2,5,13,1,3055.201,4 2,North,3,4,6
2,5,13,2,3055.961,3 2,North,3,4,6
2,5,13,1,3056.507,3 2,West,3,4,6
2,5,13,2,3057.098,3 1,West,3,4,6
2,5,13,2,3057.774,3 0,West,3,4,6
2,5,13,3,3058.354,3 0,North,3,4,6
2,5,13,2,3059.048,2 0,North,3,4,6
2,5,13,6,3059.44,2 0,North,3,5,6
2,5,13,3,3059.88,2 0,East,3,5,6
2,5,13,3,3060.797,2 0,South,3,5,6
2,5,13,2,3061.401,3 0,South,3,5,6
2,5,13,1,3062.301,3 0,East,3,5,6
2,5,13,2,3062.842,3 1,East,3,5,6
2,5,13,6,3063.24,3 1,East,3,6,6
2,5,13,2,3063.81,3 2,East,3,6,6
2,5,13,3,3064.365,3 2,South,3,6,6
2,5,13,2,3065.353,4 2,South,3,6,6
2,5,13,1,3066.015,4 2,East,3,6,6
2,5,13,1,3066.665,4 2,North,3,6,6
2,5,13,2,3067.646,3 2,North,3,6,6
2,5,13,1,3069.629,3 2,West,3,6,6
2,5,13,2,3070.249,3 1,West,3,6,6
2,5,13,2,3071.1,3 0,West,3,6,6
2,5,13,3,3071.791,3 0,North,3,6,6
2,5,13,2,3072.795,2 0,North,3,6,6
2,5,13,2,3074.858,1 0,North,3,6,6
2,5,13,3,3075.696,1 0,East,3,6,6
2,5,13,2,3076.424,1 1,East,3,6,6
2,5,13,2,3077.824,1 1,East,3,6,7
2,5,13,1,3078.397,1 1,North,3,6,7
2,5,13,2,3079.05,1 1,North,3,6,8
2,5,13,1,3080,1 1,West,3,6,8
2,5,13,2,3080.588,1 0,West,3,6,8
2,5,13,3,3081.182,1 0,North,3,6,8
2,5,13,2,3081.697,1 0,North,3,6,9
2,5,13,3,3082.298,1 0,East,3,6,9
2,5,13,3,3084.03,1 0,South,3,6,9
2,5,13,2,3084.697,2 0,South,3,6,9
2,5,13,1,3085.297,2 0,East,3,6,9
2,5,13,2,3085.932,2 0,East,3,6,10
2,5,13,1,3086.4,2 0,North,3,6,10
2,5,13,2,3087.017,1 0,North,3,6,10
2,5,13,3,3087.598,1 0,East,3,6,10
2,5,13,2,3088.285,1 1,East,3,6,10
2,5,13,1,3089.164,1 1,North,3,6,10
2,5,13,3,3090.592,1 1,East,3,6,10
2,5,13,2,3091.231,1 1,East,3,6,11
2,5,13,3,3091.851,1 1,South,3,6,11
2,5,13,2,3092.478,2 1,South,3,6,11
2,5,13,1,3093.083,2 1,East,3,6,11
2,5,13,2,3093.728,2 2,East,3,6,11
2,5,13,1,3094.338,2 2,North,3,6,11
2,5,13,2,3095.053,1 2,North,3,6,11
2,5,13,2,3095.806,0 2,North,3,6,11
2,5,13,1,3096.698,0 2,West,3,6,11
2,5,13,2,3097.438,0 1,West,3,6,11
2,5,13,2,3098.059,0 0,West,3,6,11
2,5,13,6,3098.48,0 0,West,3,7,11
2,5,13,3,3098.719,0 0,North,3,7,11
2,5,13,3,3099.375,0 0,East,3,7,11
2,5,13,2,3100.139,0 1,East,3,7,11
2,5,13,2,3100.782,0 2,East,3,7,11
2,5,13,3,3101.384,0 2,South,3,7,11
2,5,13,2,3102.043,1 2,South,3,7,11
2,5,13,2,3102.782,2 2,South,3,7,11
2,5,13,3,3103.356,2 2,West,3,7,11
2,5,13,2,3104.01,2 1,West,3,7,11
2,5,13,3,3104.777,2 1,North,3,7,11
2,5,13,1,3106.201,2 1,West,3,7,11
2,5,13,2,3106.859,2 1,West,3,7,12
2,5,13,3,3107.327,2 1,North,3,7,12
2,5,13,2,3108.01,1 1,North,3,7,12
2,5,13,1,3108.54,1 1,West,3,7,12
2,5,13,2,3109.176,1 0,West,3,7,12
2,5,13,1,3109.773,1 0,South,3,7,12
2,5,13,2,3110.33,2 0,South,3,7,12
2,5,13,2,3111.055,3 0,South,3,7,12
2,5,13,2,3111.771,3 0,South,3,7,13
2,5,13,1,3112.352,3 0,East,3,7,13
2,5,13,2,3113.005,3 1,East,3,7,13
2,5,13,3,3113.679,3 1,South,3,7,13
2,5,13,2,3114.28,3 1,South,3,7,14
2,5,13,1,3114.969,3 1,East,3,7,14
2,5,13,2,3115.629,3 2,East,3,7,14
2,5,13,3,3116.778,3 2,South,3,7,14
2,5,13,2,3117.36,4 2,South,3,7,14
2,5,13,3,3117.928,4 2,West,3,7,14
2,5,13,2,3118.586,4 1,West,3,7,14
2,5,13,6,3119,4 1,West,3,8,14
1,5,14,1,3124.458,4 3,North,3,0,14
1,5,14,1,3125,4 2,North,3,0,14
1,5,14,2,3128.957,3 2,North,3,0,14
1,5,14,1,3129.951,3 1,North,3,0,14
1,5,14,1,3130.937,3 0,North,3,0,14
1,5,14,2,3132.958,2 0,North,3,0,14
1,5,14,2,3133.805,1 0,North,3,0,14
1,5,14,3,3134.618,1 1,North,3,0,14
1,5,14,6,3135.02,1 1,North,3,1,14
1,5,14,4,3135.552,2 1,North,3,1,14
1,5,14,3,3136.285,2 2,North,3,1,14
1,5,14,2,3136.969,1 2,North,3,1,14
1,5,14,2,3137.563,0 2,North,3,1,14
1,5,14,6,3137.94,0 2,North,3,2,14
1,5,14,4,3138.525,1 2,North,3,2,14
1,5,14,4,3139.07,2 2,North,3,2,14
1,5,14,1,3139.792,2 1,North,3,2,14
1,5,14,1,3140.779,2 1,North,3,2,14
1,5,14,2,3140.795,1 1,North,3,2,14
1,5,14,1,3141.487,1 0,North,3,2,14
1,5,14,4,3142.172,2 0,North,3,2,14
1,5,14,4,3142.686,3 0,North,3,2,14
1,5,14,3,3143.376,3 1,North,3,2,14
1,5,14,3,3144.011,3 2,North,3,2,14
1,5,14,4,3144.893,4 2,North,3,2,14
1,5,14,3,3145.681,4 3,North,3,2,14
1,5,14,3,3146.347,4 4,North,3,2,14
1,5,14,2,3147.068,3 4,North,3,2,14
1,5,14,1,3147.772,3 3,North,3,2,14
1,5,14,2,3148.543,2 3,North,3,2,14
1,5,14,2,3149.311,1 3,North,3,2,14
1,5,14,6,3149.7,1 3,North,3,3,14
1,5,14,4,3150.397,2 3,North,3,3,14
1,5,14,4,3151.372,3 3,North,3,3,14
1,5,14,3,3152.093,3 4,North,3,3,14
1,5,14,4,3152.67,4 4,North,3,3,14
1,5,14,1,3153.197,4 3,North,3,3,14
1,5,14,1,3153.848,4 2,North,3,3,14
1,5,14,2,3154.479,3 2,North,3,3,14
1,5,14,1,3155.103,3 1,North,3,3,14
1,5,14,1,3155.945,3 0,North,3,3,14
1,5,14,2,3156.621,2 0,North,3,3,14
1,5,14,2,3157.389,1 0,North,3,3,14
1,5,14,3,3158.221,1 1,North,3,3,14
1,5,14,4,3159.022,2 1,North,3,3,14
1,5,14,6,3159.38,2 1,North,3,4,14
1,5,14,2,3159.979,1 1,North,3,4,14
1,5,14,1,3160.657,1 0,North,3,4,14
1,5,14,4,3161.567,2 0,North,3,4,14
1,5,14,4,3162.316,3 0,North,3,4,14
1,5,14,3,3162.877,3 1,North,3,4,14
1,5,14,3,3163.616,3 2,North,3,4,14
1,5,14,4,3164.313,4 2,North,3,4,14
1,5,14,6,3164.68,4 2,North,3,5,14
1,5,14,2,3166.028,3 2,North,3,5,14
1,5,14,1,3166.843,3 1,North,3,5,14
1,5,14,1,3167.656,3 0,North,3,5,14
1,5,14,2,3169.006,2 0,North,3,5,14
1,5,14,2,3169.787,1 0,North,3,5,14
1,5,14,6,3170.16,1 0,North,3,6,14
1,5,14,3,3170.781,1 1,North,3,6,14
1,5,14,4,3171.689,2 1,North,3,6,14
1,5,14,3,3172.556,2 2,North,3,6,14
1,5,14,2,3173.181,1 2,North,3,6,14
1,5,14,2,3173.757,0 2,North,3,6,14
1,5,14,1,3174.344,0 1,North,3,6,14
1,5,14,1,3175.052,0 0,North,3,6,14
1,5,14,3,3175.949,0 1,North,3,6,14
1,5,14,3,3176.557,0 2,North,3,6,14
1,5,14,4,3177.145,1 2,North,3,6,14
1,5,14,4,3177.754,2 2,North,3,6,14
1,5,14,1,3178.586,2 1,North,3,6,14
1,5,14,2,3179.199,1 1,North,3,6,14
1,5,14,1,3179.913,1 0,North,3,6,14
1,5,14,4,3180.476,2 0,North,3,6,14
1,5,14,4,3181.391,3 0,North,3,6,14
1,5,14,3,3182.061,3 1,North,3,6,14
1,5,14,3,3182.706,3 2,North,3,6,14
1,5,14,4,3183.482,4 2,North,3,6,14
1,5,14,4,3184.027,4 2,North,3,6,14
1,5,14,1,3184.425,4 1,North,3,6,14
1,5,14,6,3184.84,4 1,North,3,7,14
1,5,14,3,3185.167,4 2,North,3,7,14
1,5,14,3,3185.854,4 3,North,3,7,14
1,5,14,3,3186.618,4 4,North,3,7,14
1,5,14,2,3187.295,3 4,North,3,7,14
1,5,14,1,3187.854,3 3,North,3,7,14
1,5,14,2,3188.561,2 3,North,3,7,14
1,5,14,2,3189.195,1 3,North,3,7,14
1,5,14,2,3189.856,0 3,North,3,7,14
1,5,14,3,3192.51,0 4,North,3,7,14
1,5,14,4,3193.244,1 4,North,3,7,14
1,5,14,6,3193.62,1 4,North,3,8,14
2,5,14,1,3204.78,4 4,West,3,0,0
2,5,14,2,3205.838,4 3,West,3,0,0
2,5,14,2,3206.545,4 2,West,3,0,0
2,5,14,3,3207.346,4 2,North,3,0,0
2,5,14,2,3209.552,3 2,North,3,0,0
2,5,14,1,3210.32,3 2,West,3,0,0
2,5,14,3,3211.659,3 2,North,3,0,0
2,5,14,1,3212.589,3 2,West,3,0,0
2,5,14,2,3213.266,3 1,West,3,0,0
2,5,14,3,3213.838,3 1,North,3,0,0
2,5,14,2,3214.461,3 1,North,3,0,1
2,5,14,1,3216.778,3 1,West,3,0,1
2,5,14,2,3217.375,3 0,West,3,0,1
2,5,14,3,3217.935,3 0,North,3,0,1
2,5,14,2,3218.603,2 0,North,3,0,1
2,5,14,3,3219.241,2 0,East,3,0,1
2,5,14,2,3219.995,2 0,East,3,0,2
2,5,14,1,3220.553,2 0,North,3,0,2
2,5,14,2,3222.477,1 0,North,3,0,2
2,5,14,3,3225.409,1 0,East,3,0,2
2,5,14,1,3226.205,1 0,North,3,0,2
2,5,14,2,3226.893,1 0,North,3,0,3
2,5,14,3,3227.42,1 0,East,3,0,3
2,5,14,2,3228.094,1 1,East,3,0,3
2,5,14,3,3228.735,1 1,South,3,0,3
2,5,14,2,3229.391,2 1,South,3,0,3
2,5,14,6,3229.78,2 1,South,3,1,3
2,5,14,1,3230.313,2 1,East,3,1,3
2,5,14,1,3230.897,2 1,North,3,1,3
2,5,14,2,3231.583,1 1,North,3,1,3
2,5,14,2,3232.572,1 1,North,3,1,4
2,5,14,1,3233.003,1 1,West,3,1,4
2,5,14,2,3233.599,1 0,West,3,1,4
2,5,14,1,3234.138,1 0,South,3,1,4
2,5,14,2,3234.728,2 0,South,3,1,4
2,5,14,2,3235.417,3 0,South,3,1,4
2,5,14,3,3236.141,3 0,West,3,1,4
2,5,14,1,3236.844,3 0,South,3,1,4
2,5,14,1,3237.727,3 0,East,3,1,4
2,5,14,3,3238.381,3 0,South,3,1,4
2,5,14,2,3239.097,3 0,South,3,1,5
2,5,14,1,3239.48,3 0,East,3,1,5
2,5,14,2,3240.059,3 1,East,3,1,5
2,5,14,2,3240.717,3 2,East,3,1,5
2,5,14,3,3241.248,3 2,South,3,1,5
2,5,14,2,3241.773,4 2,South,3,1,5
2,5,14,6,3242.14,4 2,South,3,2,5
2,5,14,3,3242.448,4 2,West,3,2,5
2,5,14,3,3243.002,4 2,North,3,2,5
2,5,14,2,3244.46,3 2,North,3,2,5
2,5,14,2,3245.565,3 2,North,3,2,6
2,5,14,1,3246.168,3 2,West,3,2,6
2,5,14,2,3246.746,3 1,West,3,2,6
2,5,14,2,3250.768,3 0,West,3,2,6
2,5,14,3,3251.646,3 0,North,3,2,6
2,5,14,3,3252.36,3 0,East,3,2,6
2,5,14,2,3253.002,3 1,East,3,2,6
2,5,14,1,3253.707,3 1,North,3,2,6
2,5,14,1,3254.271,3 1,West,3,2,6
2,5,14,2,3254.785,3 0,West,3,2,6
2,5,14,3,3255.326,3 0,North,3,2,6
2,5,14,2,3256.221,2 0,North,3,2,6
2,5,14,2,3256.926,1 0,North,3,2,6
2,5,14,3,3257.537,1 0,East,3,2,6
2,5,14,2,3258.879,1 1,East,3,2,6
2,5,14,6,3259.28,1 1,East,3,3,6
2,5,14,3,3259.775,1 1,South,3,3,6
2,5,14,3,3260.432,1 1,West,3,3,6
2,5,14,2,3261.071,1 0,West,3,3,6
2,5,14,1,3261.626,1 0,South,3,3,6
2,5,14,2,3262.522,2 0,South,3,3,6
2,5,14,2,3263.345,3 0,South,3,3,6
2,5,14,1,3263.965,3 0,East,3,3,6
2,5,14,2,3264.618,3 1,East,3,3,6
2,5,14,2,3265.375,3 2,East,3,3,6
2,5,14,3,3266.026,3 2,South,3,3,6
2,5,14,2,3266.814,4 2,South,3,3,6
2,5,14,1,3267.499,4 2,East,3,3,6
2,5,14,2,3268.033,4 3,East,3,3,6
2,5,14,6,3268.44,4 3,East,3,4,6
2,5,14,1,3268.955,4 3,North,3,4,6
2,5,14,3,3270.585,4 3,East,3,4,6
2,5,14,2,3271.578,4 4,East,3,4,6
2,5,14,1,3272.249,4 4,North,3,4,6
2,5,14,2,3273.163,3 4,North,3,4,6
2,5,14,2,3274.025,3 4,North,3,4,7
2,5,14,1,3274.512,3 4,West,3,4,7
2,5,14,2,3275.184,3 3,West,3,4,7
2,5,14,3,3276.174,3 3,North,3,4,7
2,5,14,2,3276.876,2 3,North,3,4,7
2,5,14,2,3277.498,1 3,North,3,4,7
2,5,14,2,3278.042,0 3,North,3,4,7
2,5,14,3,3278.623,0 3,East,3,4,7
2,5,14,2,3279.214,0 4,East,3,4,7
2,5,14,3,3279.736,0 4,South,3,4,7
2,5,14,2,3280.272,1 4,South,3,4,7
2,5,14,6,3280.64,1 4,South,3,5,7
2,5,14,1,3280.894,1 4,East,3,5,7
2,5,14,1,3281.568,1 4,North,3,5,7
2,5,14,1,3282.46,1 4,West,3,5,7
2,5,14,3,3283.424,1 4,North,3,5,7
2,5,14,2,3283.977,0 4,North,3,5,7
2,5,14,1,3284.497,0 4,West,3,5,7
2,5,14,2,3285.146,0 3,West,3,5,7
2,5,14,1,3286.062,0 3,South,3,5,7
2,5,14,2,3286.827,1 3,South,3,5,7
2,5,14,2,3287.373,2 3,South,3,5,7
2,5,14,2,3288.226,3 3,South,3,5,7
2,5,14,3,3288.978,3 3,West,3,5,7
2,5,14,2,3289.705,3 3,West,3,5,8
2,5,14,1,3290.189,3 3,South,3,5,8
2,5,14,2,3290.849,3 3,South,3,5,9
2,5,14,1,3291.354,3 3,East,3,5,9
2,5,14,2,3291.93,3 4,East,3,5,9
2,5,14,3,3292.488,3 4,South,3,5,9
2,5,14,2,3293.085,4 4,South,3,5,9
2,5,14,3,3293.721,4 4,West,3,5,9
2,5,14,2,3294.428,4 3,West,3,5,9
2,5,14,2,3294.953,4 2,West,3,5,9
2,5,14,2,3295.584,4 1,West,3,5,9
2,5,14,6,3296,4 1,West,3,6,9
2,5,14,3,3296.284,4 1,North,3,6,9
2,5,14,3,3297.145,4 1,East,3,6,9
2,5,14,2,3297.824,4 2,East,3,6,9
2,5,14,1,3299.247,4 2,North,3,6,9
2,5,14,3,3300.767,4 2,East,3,6,9
2,5,14,3,3302.08,4 2,South,3,6,9
2,5,14,1,3302.668,4 2,East,3,6,9
2,5,14,2,3303.308,4 3,East,3,6,9
2,5,14,1,3303.918,4 3,North,3,6,9
2,5,14,1,3304.53,4 3,West,3,6,9
2,5,14,2,3305.177,4 2,West,3,6,9
2,5,14,3,3306.075,4 2,North,3,6,9
2,5,14,2,3307.082,3 2,North,3,6,9
2,5,14,3,3308.015,3 2,East,3,6,9
2,5,14,2,3308.815,3 2,East,3,6,10
2,5,14,1,3309.372,3 2,North,3,6,10
2,5,14,2,3310.2,3 2,North,3,6,11
2,5,14,3,3310.832,3 2,East,3,6,11
2,5,14,3,3311.5,3 2,South,3,6,11
2,5,14,2,3312.123,4 2,South,3,6,11
2,5,14,1,3312.64,4 2,East,3,6,11
2,5,14,2,3313.554,4 3,East,3,6,11
2,5,14,2,3314.835,4 4,East,3,6,11
2,5,14,1,3315.355,4 4,North,3,6,11
2,5,14,2,3316.032,3 4,North,3,6,11
2,5,14,6,3316.42,3 4,North,3,7,11
2,5,14,1,3317.614,3 4,West,3,7,11
2,5,14,1,3318.125,3 4,South,3,7,11
2,5,14,2,3319.114,4 4,South,3,7,11
2,5,14,3,3319.777,4 4,West,3,7,11
2,5,14,2,3320.347,4 3,West,3,7,11
2,5,14,2,3320.958,4 2,West,3,7,11
2,5,14,2,3321.551,4 1,West,3,7,11
2,5,14,2,3322.125,4 0,West,3,7,11
2,5,14,6,3322.54,4 0,West,3,8,11
1,5,15,1,3326.697,4 3,North,3,0,11
1,5,15,3,3327.329,4 4,North,3,0,11
1,5,15,2,3328.011,3 4,North,3,0,11
1,5,15,1,3329.021,3 3,North,3,0,11
1,5,15,2,3329.535,2 3,North,3,0,11
1,5,15,2,3330.089,1 3,North,3,0,11
1,5,15,2,3330.778,0 3,North,3,0,11
1,5,15,3,3331.402,0 4,North,3,0,11
1,5,15,6,3331.8,0 4,North,3,1,11
1,5,15,1,3333.146,0 3,North,3,1,11
1,5,15,4,3333.848,1 3,North,3,1,11
1,5,15,4,3334.364,2 3,North,3,1,11
1,5,15,4,3335.018,3 3,North,3,1,11
1,5,15,3,3335.787,3 4,North,3,1,11
1,5,15,4,3336.457,4 4,North,3,1,11
1,5,15,1,3337.183,4 3,North,3,1,11
1,5,15,1,3337.71,4 2,North,3,1,11
1,5,15,3,3340.638,4 3,North,3,1,11
1,5,15,3,3341.181,4 4,North,3,1,11
1,5,15,3,3341.791,4 4,North,3,1,11
1,5,15,2,3342.633,3 4,North,3,1,11
1,5,15,4,3343.913,4 4,North,3,1,11
1,5,15,1,3344.558,4 3,North,3,1,11
1,5,15,1,3345.084,4 2,North,3,1,11
1,5,15,2,3346.044,3 2,North,3,1,11
1,5,15,1,3346.912,3 1,North,3,1,11
1,5,15,1,3347.482,3 0,North,3,1,11
1,5,15,2,3348.159,2 0,North,3,1,11
1,5,15,4,3349.965,3 0,North,3,1,11
1,5,15,2,3350.523,2 0,North,3,1,11
1,5,15,2,3351.241,1 0,North,3,1,11
1,5,15,3,3352.074,1 1,North,3,1,11
1,5,15,4,3353.101,2 1,North,3,1,11
1,5,15,3,3354.576,2 2,North,3,1,11
1,5,15,2,3355.434,1 2,North,3,1,11
1,5,15,6,3355.82,1 2,North,3,2,11
1,5,15,4,3356.272,2 2,North,3,2,11
1,5,15,1,3356.913,2 1,North,3,2,11
1,5,15,2,3357.471,1 1,North,3,2,11
1,5,15,1,3358.188,1 0,North,3,2,11
1,5,15,4,3358.809,2 0,North,3,2,11
1,5,15,6,3359.18,2 0,North,3,3,11
1,5,15,4,3359.536,3 0,North,3,3,11
1,5,15,3,3360.224,3 1,North,3,3,11
1,5,15,3,3360.825,3 2,North,3,3,11
1,5,15,4,3361.421,4 2,North,3,3,11
1,5,15,3,3362.108,4 3,North,3,3,11
1,5,15,6,3362.5,4 3,North,3,4,11
1,5,15,1,3363.145,4 2,North,3,4,11
1,5,15,2,3363.688,3 2,North,3,4,11
1,5,15,1,3364.491,3 1,North,3,4,11
1,5,15,1,3365.273,3 0,North,3,4,11
1,5,15,2,3366.031,2 0,North,3,4,11
1,5,15,2,3366.654,1 0,North,3,4,11
1,5,15,3,3367.197,1 1,North,3,4,11
1,5,15,4,3367.804,2 1,North,3,4,11
1,5,15,3,3368.492,2 2,North,3,4,11
1,5,15,2,3369.07,1 2,North,3,4,11
1,5,15,2,3369.945,0 2,North,3,4,11
1,5,15,1,3370.624,0 1,North,3,4,11
1,5,15,1,3371.163,0 0,North,3,4,11
1,5,15,6,3371.56,0 0,North,3,5,11
1,5,15,3,3371.808,0 1,North,3,5,11
1,5,15,3,3372.4,0 2,North,3,5,11
1,5,15,4,3372.988,1 2,North,3,5,11
1,5,15,4,3373.567,2 2,North,3,5,11
1,5,15,6,3373.94,2 2,North,3,6,11
1,5,15,1,3374.284,2 1,North,3,6,11
1,5,15,2,3375.199,1 1,North,3,6,11
1,5,15,1,3375.821,1 0,North,3,6,11
1,5,15,4,3376.417,2 0,North,3,6,11
1,5,15,4,3377.371,3 0,North,3,6,11
1,5,15,3,3377.886,3 1,North,3,6,11
1,5,15,3,3378.491,3 2,North,3,6,11
1,5,15,4,3379.036,4 2,North,3,6,11
1,5,15,1,3379.77,4 1,North,3,6,11
1,5,15,1,3380.288,4 0,North,3,6,11
1,5,15,6,3380.68,4 0,North,3,7,11
1,5,15,3,3381.067,4 1,North,3,7,11
1,5,15,3,3381.614,4 2,North,3,7,11
1,5,15,3,3382.194,4 3,North,3,7,11
1,5,15,1,3382.908,4 2,North,3,7,11
1,5,15,2,3383.661,3 2,North,3,7,11
1,5,15,4,3384.427,4 2,North,3,7,11
1,5,15,3,3386.153,4 3,North,3,7,11
1,5,15,3,3387.984,4 4,North,3,7,11
1,5,15,2,3388.609,3 4,North,3,7,11
1,5,15,6,3389,3 4,North,3,8,11
2,5,15,2,3397.867,3 4,North,3,0,0
2,5,15,2,3399.641,3 4,North,3,0,1
2,5,15,1,3400.397,3 4,West,3,0,1
2,5,15,2,3402.703,3 3,West,3,0,1
2,5,15,1,3404.897,3 3,South,3,0,1
2,5,15,1,3405.68,3 3,East,3,0,1
2,5,15,2,3406.252,3 4,East,3,0,1
2,5,15,3,3407.166,3 4,South,3,0,1
2,5,15,2,3407.758,4 4,South,3,0,1
2,5,15,3,3408.414,4 4,West,3,0,1
2,5,15,2,3408.976,4 3,West,3,0,1
2,5,15,2,3409.584,4 2,West,3,0,1
2,5,15,3,3410.555,4 2,North,3,0,1
2,5,15,2,3413.196,3 2,North,3,0,1
2,5,15,1,3415.152,3 2,West,3,0,1
2,5,15,2,3415.834,3 1,West,3,0,1
2,5,15,2,3417.275,3 0,West,3,0,1
2,5,15,3,3417.834,3 0,North,3,0,1
2,5,15,2,3419.104,2 0,North,3,0,1
2,5,15,3,3419.857,2 0,East,3,0,1
2,5,15,2,3420.555,2 0,East,3,0,2
2,5,15,1,3420.971,2 0,North,3,0,2
2,5,15,2,3421.616,1 0,North,3,0,2
2,5,15,3,3422.144,1 0,East,3,0,2
2,5,15,2,3422.75,1 1,East,3,0,2
2,5,15,2,3423.408,1 1,East,3,0,3
2,5,15,1,3424.013,1 1,North,3,0,3
2,5,15,2,3425.849,1 1,North,3,0,4
2,5,15,3,3426.604,1 1,East,3,0,4
2,5,15,3,3427.361,1 1,South,3,0,4
2,5,15,2,3428,2 1,South,3,0,4
2,5,15,1,3428.625,2 1,East,3,0,4
2,5,15,2,3429.262,2 2,East,3,0,4
2,5,15,1,3429.87,2 2,North,3,0,4
2,5,15,2,3430.555,1 2,North,3,0,4
2,5,15,6,3430.94,1 2,North,3,1,4
2,5,15,3,3431.483,1 2,East,3,1,4
2,5,15,3,3432.073,1 2,South,3,1,4
2,5,15,2,3432.718,2 2,South,3,1,4
2,5,15,3,3433.342,2 2,West,3,1,4
2,5,15,2,3433.917,2 1,West,3,1,4
2,5,15,2,3435.003,2 1,West,3,1,5
2,5,15,1,3435.422,2 1,South,3,1,5
2,5,15,2,3436.026,2 1,South,3,1,6
2,5,15,1,3436.537,2 1,East,3,1,6
2,5,15,2,3437.166,2 2,East,3,1,6
2,5,15,3,3437.737,2 2,South,3,1,6
2,5,15,2,3438.361,2 2,South,3,1,7
2,5,15,3,3438.953,2 2,West,3,1,7
2,5,15,1,3439.548,2 2,South,3,1,7
2,5,15,3,3440.525,2 2,West,3,1,7
2,5,15,2,3441.114,2 1,West,3,1,7
2,5,15,1,3441.71,2 1,South,3,1,7
2,5,15,2,3442.606,2 1,South,3,1,8
2,5,15,1,3443.115,2 1,East,3,1,8
2,5,15,2,3443.771,2 2,East,3,1,8
2,5,15,2,3444.634,2 2,East,3,1,9
2,5,15,1,3445.146,2 2,North,3,1,9
2,5,15,2,3445.983,1 2,North,3,1,9
2,5,15,3,3447.068,1 2,East,3,1,9
2,5,15,2,3447.82,1 2,East,3,1,10
2,5,15,3,3448.255,1 2,South,3,1,10
2,5,15,2,3448.914,2 2,South,3,1,10
2,5,15,2,3449.615,2 2,South,3,1,11
2,5,15,3,3450.22,2 2,West,3,1,11
2,5,15,2,3450.816,2 1,West,3,1,11
2,5,15,2,3451.504,2 1,West,3,1,12
2,5,15,1,3451.998,2 1,South,3,1,12
2,5,15,2,3452.64,2 1,South,3,1,13
2,5,15,1,3453.264,2 1,East,3,1,13
2,5,15,2,3453.791,2 2,East,3,1,13
2,5,15,2,3454.543,2 2,East,3,1,14
2,5,15,1,3455.081,2 2,North,3,1,14
2,5,15,2,3455.817,1 2,North,3,1,14
2,5,15,1,3456.431,1 2,West,3,1,14
2,5,15,2,3457.101,1 2,West,3,1,15
2,5,15,3,3457.705,1 2,North,3,1,15
2,5,15,3,3458.751,1 2,East,3,1,15
2,5,15,2,3459.355,1 2,East,3,1,16
2,5,15,3,3459.898,1 2,South,3,1,16
2,5,15,3,3460.558,1 2,West,3,1,16
2,5,15,2,3461.132,1 2,West,3,1,17
2,5,15,3,3461.692,1 2,North,3,1,17
2,5,15,3,3462.255,1 2,East,3,1,17
2,5,15,1,3463.146,1 2,North,3,1,17
2,5,15,2,3463.743,0 2,North,3,1,17
2,5,15,1,3464.328,0 2,West,3,1,17
2,5,15,2,3465.918,0 1,West,3,1,17
2,5,15,1,3467.084,0 1,South,3,1,17
2,5,15,2,3469.005,0 1,South,3,1,18
2,5,15,3,3469.505,0 1,West,3,1,18
2,5,15,2,3470.129,0 0,West,3,1,18
2,5,15,1,3471.195,0 0,South,3,1,18
2,5,15,2,3471.985,0 0,South,3,1,19
2,5,15,1,3472.481,0 0,East,3,1,19
2,5,15,2,3473.324,0 1,East,3,1,19
2,5,15,2,3473.964,0 2,East,3,1,19
2,5,15,3,3474.65,0 2,South,3,1,19
2,5,15,2,3475.325,1 2,South,3,1,19
2,5,15,2,3476.009,2 2,South,3,1,19
2,5,15,3,3477.353,2 2,West,3,1,19
2,5,15,2,3478.401,2 1,West,3,1,19
2,5,15,2,3479.309,2 1,West,3,1,20
2,5,15,1,3479.787,2 1,South,3,1,20
2,5,15,2,3480.508,2 1,South,3,1,21
2,5,15,1,3481.164,2 1,East,3,1,21
2,5,15,2,3481.691,2 2,East,3,1,21
2,5,15,3,3482.274,2 2,South,3,1,21
2,5,15,2,3482.969,2 2,South,3,1,22
2,5,15,3,3483.481,2 2,West,3,1,22
2,5,15,2,3484.06,2 1,West,3,1,22
2,5,15,1,3484.751,2 1,South,3,1,22
2,5,15,3,3485.547,2 1,West,3,1,22
2,5,15,2,3486.192,2 1,West,3,1,23
2,5,15,1,3486.67,2 1,South,3,1,23
2,5,15,2,3487.259,2 1,South,3,1,24
2,5,15,1,3488.01,2 1,East,3,1,24
2,5,15,2,3488.844,2 2,East,3,1,24
2,5,15,3,3489.426,2 2,South,3,1,24
2,5,15,2,3490.057,2 2,South,3,1,25
2,5,15,3,3491.339,2 2,West,3,1,25
2,5,15,2,3492.079,2 1,West,3,1,25
2,5,15,1,3492.908,2 1,South,3,1,25
2,5,15,2,3493.486,2 1,South,3,1,26
2,5,15,1,3493.979,2 1,East,3,1,26
2,5,15,2,3494.589,2 2,East,3,1,26
2,5,15,3,3495.312,2 2,South,3,1,26
2,5,15,2,3495.962,2 2,South,3,1,27
2,5,15,1,3496.541,2 2,East,3,1,27
2,5,15,2,3497.118,2 2,East,3,1,28
2,5,15,3,3497.706,2 2,South,3,1,28
2,5,15,3,3498.51,2 2,West,3,1,28
2,5,15,2,3499.039,2 1,West,3,1,28
2,5,15,3,3499.818,2 1,North,3,1,28
2,5,15,1,3500.585,2 1,West,3,1,28
2,5,15,3,3501.305,2 1,North,3,1,28
2,5,15,2,3501.921,1 1,North,3,1,28
2,5,15,1,3502.794,1 1,West,3,1,28
2,5,15,2,3503.375,1 0,West,3,1,28
2,5,15,1,3503.931,1 0,South,3,1,28
2,5,15,2,3504.529,2 0,South,3,1,28
2,5,15,2,3505.45,3 0,South,3,1,28
2,5,15,1,3506.093,3 0,East,3,1,28
2,5,15,2,3506.624,3 1,East,3,1,28
2,5,15,3,3507.359,3 1,South,3,1,28
2,5,15,1,3508.288,3 1,East,3,1,28
2,5,15,2,3508.896,3 2,East,3,1,28
2,5,15,3,3509.468,3 2,South,3,1,28
2,5,15,2,3510.081,4 2,South,3,1,28
2,5,15,1,3510.601,4 2,East,3,1,28
2,5,15,2,3511.153,4 3,East,3,1,28
2,5,15,6,3511.56,4 3,East,3,2,28
2,5,15,1,3511.919,4 3,North,3,2,28
2,5,15,1,3512.769,4 3,West,3,2,28
2,5,15,2,3513.631,4 2,West,3,2,28
2,5,15,3,3514.172,4 2,North,3,2,28
2,5,15,2,3515.336,3 2,North,3,2,28
2,5,15,1,3516.144,3 2,West,3,2,28
2,5,15,3,3516.971,3 2,North,3,2,28
2,5,15,2,3517.71,3 2,North,3,2,29
2,5,15,1,3518.321,3 2,West,3,2,29
2,5,15,2,3518.896,3 1,West,3,2,29
2,5,15,2,3520.268,3 0,West,3,2,29
2,5,15,3,3520.874,3 0,North,3,2,29
2,5,15,2,3521.627,2 0,North,3,2,29
2,5,15,6,3522.02,2 0,North,3,3,29
2,5,15,3,3522.338,2 0,East,3,3,29
2,5,15,3,3523.809,2 0,South,3,3,29
2,5,15,2,3524.364,3 0,South,3,3,29
2,5,15,1,3525.322,3 0,East,3,3,29
2,5,15,2,3525.866,3 1,East,3,3,29
2,5,15,2,3526.545,3 2,East,3,3,29
2,5,15,3,3527.452,3 2,South,3,3,29
2,5,15,2,3528.127,4 2,South,3,3,29
2,5,15,2,3528.665,4 2,South,3,3,29
2,5,15,3,3528.928,4 2,West,3,3,29
2,5,15,3,3529.645,4 2,North,3,3,29
2,5,15,2,3531.022,3 2,North,3,3,29
2,5,15,2,3532.107,3 2,North,3,3,30
2,5,15,1,3532.891,3 2,West,3,3,30
2,5,15,2,3534.237,3 1,West,3,3,30
2,5,15,2,3535.035,3 0,West,3,3,30
2,5,15,3,3535.835,3 0,North,3,3,30
2,5,15,2,3536.634,2 0,North,3,3,30
2,5,15,3,3537.706,2 0,East,3,3,30
2,5,15,2,3538.56,2 0,East,3,3,31
2,5,15,1,3538.986,2 0,North,3,3,31
2,5,15,2,3539.61,1 0,North,3,3,31
2,5,15,3,3540.591,1 0,East,3,3,31
2,5,15,2,3541.489,1 1,East,3,3,31
2,5,15,2,3542.236,1 1,East,3,3,32
2,5,15,1,3543.003,1 1,North,3,3,32
2,5,15,2,3543.761,1 1,North,3,3,33
2,5,15,1,3544.314,1 1,West,3,3,33
2,5,15,2,3545,1 0,West,3,3,33
2,5,15,3,3545.61,1 0,North,3,3,33
2,5,15,2,3546.21,1 0,North,3,3,34
2,5,15,3,3546.842,1 0,East,3,3,34
2,5,15,2,3547.712,1 1,East,3,3,34
2,5,15,3,3548.427,1 1,South,3,3,34
2,5,15,2,3549.035,2 1,South,3,3,34
2,5,15,1,3549.565,2 1,East,3,3,34
2,5,15,2,3550.129,2 2,East,3,3,34
2,5,15,1,3550.732,2 2,North,3,3,34
2,5,15,2,3551.345,1 2,North,3,3,34
2,5,15,2,3552.011,0 2,North,3,3,34
2,5,15,6,3552.4,0 2,North,3,4,34
2,5,15,3,3552.639,0 2,East,3,4,34
2,5,15,3,3553.305,0 2,South,3,4,34
2,5,15,2,3553.897,1 2,South,3,4,34
2,5,15,2,3554.558,2 2,South,3,4,34
2,5,15,3,3555.29,2 2,West,3,4,34
2,5,15,2,3555.839,2 1,West,3,4,34
2,5,15,1,3556.493,2 1,South,3,4,34
2,5,15,2,3557.118,2 1,South,3,4,35
2,5,15,3,3557.629,2 1,West,3,4,35
2,5,15,2,3558.203,2 1,West,3,4,36
2,5,15,1,3558.894,2 1,South,3,4,36
2,5,15,1,3559.489,2 1,East,3,4,36
2,5,15,2,3560.024,2 2,East,3,4,36
2,5,15,3,3560.543,2 2,South,3,4,36
2,5,15,2,3561.101,2 2,South,3,4,37
2,5,15,3,3562.048,2 2,West,3,4,37
2,5,15,3,3562.623,2 2,North,3,4,37
2,5,15,2,3563.18,1 2,North,3,4,37
2,5,15,1,3565.161,1 2,West,3,4,37
2,5,15,2,3565.746,1 2,West,3,4,38
2,5,15,1,3566.38,1 2,South,3,4,38
2,5,15,2,3566.97,2 2,South,3,4,38
2,5,15,2,3567.694,2 2,South,3,4,39
2,5,15,1,3568.288,2 2,East,3,4,39
2,5,15,2,3568.876,2 2,East,3,4,40
2,5,15,3,3569.436,2 2,South,3,4,40
2,5,15,3,3570.114,2 2,West,3,4,40
2,5,15,2,3570.699,2 1,West,3,4,40
2,5,15,1,3571.598,2 1,South,3,4,40
2,5,15,2,3572.381,2 1,South,3,4,41
2,5,15,3,3572.797,2 1,West,3,4,41
2,5,15,2,3573.434,2 1,West,3,4,42
2,5,15,3,3574.042,2 1,North,3,4,42
2,5,15,2,3574.686,1 1,North,3,4,42
2,5,15,3,3575.246,1 1,East,3,4,42
2,5,15,2,3575.951,1 1,East,3,4,43
2,5,15,1,3576.523,1 1,North,3,4,43
2,5,15,2,3577.149,1 1,North,3,4,44
2,5,15,1,3577.904,1 1,West,3,4,44
2,5,15,2,3578.457,1 0,West,3,4,44
2,5,15,1,3579.101,1 0,South,3,4,44
2,5,15,2,3579.776,2 0,South,3,4,44
2,5,15,2,3580.557,3 0,South,3,4,44
2,5,15,2,3581.23,3 0,South,3,4,45
2,5,15,1,3581.821,3 0,East,3,4,45
2,5,15,2,3582.699,3 1,East,3,4,45
2,5,15,2,3583.406,3 2,East,3,4,45
2,5,15,3,3583.933,3 2,South,3,4,45
2,5,15,2,3584.623,4 2,South,3,4,45
2,5,15,3,3585.134,4 2,West,3,4,45
2,5,15,2,3585.696,4 1,West,3,4,45
2,5,15,2,3586.384,4 0,West,3,4,45
2,5,15,6,3586.8,4 0,West,3,5,45
2,5,15,3,3587.102,4 0,North,3,5,45
2,5,15,3,3587.771,4 0,East,3,5,45
2,5,15,2,3588.297,4 1,East,3,5,45
2,5,15,2,3588.927,4 2,East,3,5,45
2,5,15,1,3589.451,4 2,North,3,5,45
2,5,15,2,3590.288,3 2,North,3,5,45
2,5,15,3,3591.532,3 2,East,3,5,45
2,5,15,1,3592.281,3 2,North,3,5,45
2,5,15,1,3593.774,3 2,West,3,5,45
2,5,15,2,3594.351,3 1,West,3,5,45
2,5,15,2,3595.035,3 0,West,3,5,45
2,5,15,3,3596.169,3 0,North,3,5,45
2,5,15,2,3596.768,2 0,North,3,5,45
2,5,15,3,3597.31,2 0,East,3,5,45
2,5,15,2,3597.838,2 0,East,3,5,46
2,5,15,1,3598.506,2 0,North,3,5,46
2,5,15,2,3600.81,1 0,North,3,5,46
2,5,15,3,3601.422,1 0,East,3,5,46
2,5,15,2,3602.093,1 1,East,3,5,46
2,5,15,3,3602.761,1 1,South,3,5,46
2,5,15,2,3603.529,2 1,South,3,5,46
2,5,15,1,3604.108,2 1,East,3,5,46
2,5,15,2,3604.81,2 2,East,3,5,46
2,5,15,6,3605.22,2 2,East,3,6,46
2,5,15,1,3605.599,2 2,North,3,6,46
2,5,15,1,3606.735,2 2,West,3,6,46
2,5,15,2,3607.343,2 1,West,3,6,46
2,5,15,3,3607.92,2 1,North,3,6,46
2,5,15,2,3608.504,1 1,North,3,6,46
2,5,15,1,3609.066,1 1,West,3,6,46
2,5,15,2,3609.744,1 0,West,3,6,46
2,5,15,1,3610.282,1 0,South,3,6,46
2,5,15,2,3610.937,2 0,South,3,6,46
2,5,15,2,3611.615,3 0,South,3,6,46
2,5,15,1,3612.219,3 0,East,3,6,46
2,5,15,2,3612.824,3 1,East,3,6,46
2,5,15,2,3613.436,3 2,East,3,6,46
2,5,15,3,3614.033,3 2,South,3,6,46
2,5,15,2,3614.603,4 2,South,3,6,46
2,5,15,2,3615.229,4 2,South,3,6,46
2,5,15,1,3615.689,4 2,East,3,6,46
2,5,15,1,3616.236,4 2,North,3,6,46
2,5,15,3,3617.241,4 2,East,3,6,46
2,5,15,2,3617.937,4 3,East,3,6,46
2,5,15,2,3619.437,4 4,East,3,6,46
2,5,15,1,3619.966,4 4,North,3,6,46
2,5,15,2,3620.697,3 4,North,3,6,46
2,5,15,2,3621.996,3 4,North,3,6,47
2,5,15,1,3622.494,3 4,West,3,6,47
2,5,15,2,3623.049,3 3,West,3,6,47
2,5,15,3,3623.616,3 3,North,3,6,47
2,5,15,2,3624.19,2 3,North,3,6,47
2,5,15,2,3624.747,1 3,North,3,6,47
2,5,15,2,3625.485,0 3,North,3,6,47
2,5,15,3,3626.063,0 3,East,3,6,47
2,5,15,2,3626.712,0 4,East,3,6,47
2,5,15,6,3627.12,0 4,East,3,7,47
2,5,15,3,3627.312,0 4,South,3,7,47
2,5,15,3,3628.193,0 4,West,3,7,47
2,5,15,2,3628.733,0 3,West,3,7,47
2,5,15,1,3629.761,0 3,South,3,7,47
2,5,15,2,3630.496,1 3,South,3,7,47
2,5,15,2,3631.067,2 3,South,3,7,47
2,5,15,2,3631.615,3 3,South,3,7,47
2,5,15,1,3632.271,3 3,East,3,7,47
2,5,15,2,3633.004,3 4,East,3,7,47
2,5,15,3,3633.887,3 4,South,3,7,47
2,5,15,2,3634.473,4 4,South,3,7,47
2,5,15,3,3635.032,4 4,West,3,7,47
2,5,15,2,3635.566,4 3,West,3,7,47
2,5,15,2,3636.108,4 2,West,3,7,47
2,5,15,3,3637.12,4 2,North,3,7,47
2,5,15,2,3637.854,3 2,North,3,7,47
2,5,15,6,3638.24,3 2,North,3,8,47
1,6,16,1,3646.911,4 3,North,3,0,47
1,6,16,3,3647.645,4 4,North,3,0,47
1,6,16,1,3650.336,4 3,North,3,0,47
1,6,16,1,3650.865,4 2,North,3,0,47
1,6,16,2,3651.519,3 2,North,3,0,47
1,6,16,1,3652.194,3 1,North,3,0,47
1,6,16,1,3652.824,3 0,North,3,0,47
1,6,16,6,3653.22,3 0,North,3,1,47
1,6,16,3,3653.744,3 1,North,3,1,47
1,6,16,3,3654.333,3 2,North,3,1,47
1,6,16,4,3655.215,4 2,North,3,1,47
1,6,16,2,3656.081,3 2,North,3,1,47
1,6,16,1,3656.704,3 1,North,3,1,47
1,6,16,1,3657.293,3 0,North,3,1,47
1,6,16,2,3662.796,2 0,North,3,1,47
1,6,16,2,3663.504,1 0,North,3,1,47
1,6,16,4,3664.125,2 0,North,3,1,47
1,6,16,4,3664.762,3 0,North,3,1,47
1,6,16,3,3665.296,3 1,North,3,1,47
1,6,16,3,3665.822,3 2,North,3,1,47
1,6,16,4,3666.764,4 2,North,3,1,47
1,6,16,3,3667.362,4 3,North,3,1,47
1,6,16,3,3668.03,4 4,North,3,1,47
1,6,16,2,3668.573,3 4,North,3,1,47
1,6,16,1,3669.151,3 3,North,3,1,47
1,6,16,2,3669.71,2 3,North,3,1,47
1,6,16,6,3670.1,2 3,North,3,2,47
1,6,16,4,3670.479,3 3,North,3,2,47
1,6,16,3,3671.162,3 4,North,3,2,47
1,6,16,4,3671.804,4 4,North,3,2,47
1,6,16,1,3672.447,4 3,North,3,2,47
1,6,16,1,3673.119,4 2,North,3,2,47
1,6,16,1,3673.728,4 1,North,3,2,47
1,6,16,1,3674.269,4 0,North,3,2,47
1,6,16,6,3674.68,4 0,North,3,3,47
1,6,16,3,3674.955,4 1,North,3,3,47
1,6,16,3,3675.883,4 2,North,3,3,47
1,6,16,2,3676.505,3 2,North,3,3,47
1,6,16,1,3677.306,3 1,North,3,3,47
1,6,16,1,3677.983,3 0,North,3,3,47
1,6,16,2,3678.634,2 0,North,3,3,47
1,6,16,2,3679.407,1 0,North,3,3,47
1,6,16,3,3680.155,1 1,North,3,3,47
1,6,16,4,3680.86,2 1,North,3,3,47
1,6,16,3,3681.529,2 2,North,3,3,47
1,6,16,2,3682.142,1 2,North,3,3,47
1,6,16,2,3682.701,0 2,North,3,3,47
1,6,16,1,3683.29,0 1,North,3,3,47
1,6,16,6,3683.7,0 1,North,3,4,47
1,6,16,3,3684.042,0 2,North,3,4,47
1,6,16,4,3684.717,1 2,North,3,4,47
1,6,16,4,3685.355,2 2,North,3,4,47
1,6,16,1,3685.948,2 1,North,3,4,47
1,6,16,2,3686.777,1 1,North,3,4,47
1,6,16,1,3687.498,1 0,North,3,4,47
1,6,16,4,3688.077,2 0,North,3,4,47
1,6,16,4,3688.799,3 0,North,3,4,47
1,6,16,3,3689.729,3 1,North,3,4,47
1,6,16,3,3690.397,3 2,North,3,4,47
1,6,16,4,3690.938,4 2,North,3,4,47
1,6,16,3,3691.563,4 3,North,3,4,47
1,6,16,6,3691.96,4 3,North,3,5,47
1,6,16,1,3692.494,4 2,North,3,5,47
1,6,16,2,3693.083,3 2,North,3,5,47
1,6,16,1,3693.677,3 1,North,3,5,47
1,6,16,1,3694.413,3 0,North,3,5,47
1,6,16,2,3695.551,2 0,North,3,5,47
1,6,16,2,3696.155,1 0,North,3,5,47
1,6,16,4,3699.289,2 0,North,3,5,47
1,6,16,4,3699.933,3 0,North,3,5,47
1,6,16,3,3700.59,3 1,North,3,5,47
1,6,16,3,3701.264,3 2,North,3,5,47
1,6,16,4,3701.98,4 2,North,3,5,47
1,6,16,2,3702.587,3 2,North,3,5,47
1,6,16,1,3703.936,3 1,North,3,5,47
1,6,16,1,3704.54,3 0,North,3,5,47
1,6,16,2,3705.517,2 0,North,3,5,47
1,6,16,2,3706.191,1 0,North,3,5,47
1,6,16,3,3707.408,1 1,North,3,5,47
1,6,16,4,3708.97,2 1,North,3,5,47
1,6,16,3,3710.521,2 2,North,3,5,47
1,6,16,2,3712.379,1 2,North,3,5,47
1,6,16,2,3713.001,0 2,North,3,5,47
1,6,16,1,3713.744,0 1,North,3,5,47
1,6,16,1,3714.347,0 0,North,3,5,47
1,6,16,6,3714.74,0 0,North,3,6,47
1,6,16,3,3715.434,0 1,North,3,6,47
1,6,16,3,3716.112,0 2,North,3,6,47
1,6,16,4,3716.923,1 2,North,3,6,47
1,6,16,4,3717.499,2 2,North,3,6,47
1,6,16,1,3718.14,2 1,North,3,6,47
1,6,16,2,3718.699,1 1,North,3,6,47
1,6,16,1,3719.294,1 0,North,3,6,47
1,6,16,4,3719.819,2 0,North,3,6,47
1,6,16,4,3720.382,3 0,North,3,6,47
1,6,16,3,3721.04,3 1,North,3,6,47
1,6,16,3,3721.644,3 2,North,3,6,47
1,6,16,4,3722.458,4 2,North,3,6,47
1,6,16,3,3724.402,4 3,North,3,6,47
1,6,16,3,3724.973,4 4,North,3,6,47
1,6,16,2,3725.489,3 4,North,3,6,47
1,6,16,6,3725.88,3 4,North,3,7,47
1,6,16,4,3726.459,4 4,North,3,7,47
1,6,16,1,3726.993,4 3,North,3,7,47
1,6,16,1,3727.81,4 2,North,3,7,47
1,6,16,2,3728.335,3 2,North,3,7,47
1,6,16,1,3728.96,3 1,North,3,7,47
1,6,16,4,3730.157,3 1,North,3,7,47
1,6,16,3,3730.491,3 2,North,3,7,47
1,6,16,4,3731.613,4 2,North,3,7,47
1,6,16,2,3732.335,3 2,North,3,7,47
1,6,16,1,3733.164,3 1,North,3,7,47
1,6,16,1,3734.145,3 0,North,3,7,47
1,6,16,2,3734.841,2 0,North,3,7,47
1,6,16,2,3735.532,1 0,North,3,7,47
1,6,16,3,3736.542,1 1,North,3,7,47
1,6,16,4,3737.133,2 1,North,3,7,47
1,6,16,3,3737.791,2 2,North,3,7,47
1,6,16,6,3738.2,2 2,North,3,8,47
2,6,16,1,3743.28,4 4,West,3,0,0
2,6,16,2,3744.107,4 3,West,3,0,0
2,6,16,2,3744.764,4 2,West,3,0,0
2,6,16,2,3745.405,4 1,West,3,0,0
2,6,16,2,3746.075,4 0,West,3,0,0
2,6,16,6,3746.48,4 0,West,3,1,0
2,6,16,3,3746.702,4 0,North,3,1,0
2,6,16,3,3749.035,4 0,East,3,1,0
2,6,16,2,3749.776,4 1,East,3,1,0
2,6,16,2,3750.396,4 2,East,3,1,0
2,6,16,1,3751.393,4 2,North,3,1,0
2,6,16,2,3752.153,3 2,North,3,1,0
2,6,16,1,3752.715,3 2,West,3,1,0
2,6,16,2,3753.282,3 1,West,3,1,0
2,6,16,2,3753.807,3 0,West,3,1,0
2,6,16,3,3754.433,3 0,North,3,1,0
2,6,16,2,3754.973,2 0,North,3,1,0
2,6,16,2,3755.583,1 0,North,3,1,0
2,6,16,3,3756.186,1 0,East,3,1,0
2,6,16,2,3757.181,1 1,East,3,1,0
2,6,16,3,3759.499,1 1,South,3,1,0
2,6,16,2,3760.129,2 1,South,3,1,0
2,6,16,1,3760.669,2 1,East,3,1,0
2,6,16,2,3761.28,2 2,East,3,1,0
2,6,16,1,3761.947,2 2,North,3,1,0
2,6,16,2,3762.685,1 2,North,3,1,0
2,6,16,2,3763.376,0 2,North,3,1,0
2,6,16,1,3763.953,0 2,West,3,1,0
2,6,16,2,3764.525,0 1,West,3,1,0
2,6,16,6,3764.94,0 1,West,3,2,0
2,6,16,3,3765.186,0 1,North,3,2,0
2,6,16,3,3765.793,0 1,East,3,2,0
2,6,16,2,3766.444,0 2,East,3,2,0
2,6,16,3,3767.082,0 2,South,3,2,0
2,6,16,2,3767.808,1 2,South,3,2,0
2,6,16,3,3768.895,1 2,West,3,2,0
2,6,16,2,3770.095,1 2,West,3,2,1
2,6,16,1,3770.702,1 2,South,3,2,1
2,6,16,2,3771.326,2 2,South,3,2,1
2,6,16,3,3772.059,2 2,West,3,2,1
2,6,16,2,3772.895,2 1,West,3,2,1
2,6,16,1,3773.596,2 1,South,3,2,1
2,6,16,2,3774.203,2 1,South,3,2,2
2,6,16,3,3775.039,2 1,West,3,2,2
2,6,16,2,3775.698,2 1,West,3,2,3
2,6,16,1,3776.081,2 1,South,3,2,3
2,6,16,1,3776.736,2 1,East,3,2,3
2,6,16,2,3777.337,2 2,East,3,2,3
2,6,16,3,3777.921,2 2,South,3,2,3
2,6,16,2,3778.602,2 2,South,3,2,4
2,6,16,3,3779.187,2 2,West,3,2,4
2,6,16,1,3780.35,2 2,South,3,2,4
2,6,16,1,3783.261,2 2,East,3,2,4
2,6,16,2,3783.875,2 2,East,3,2,5
2,6,16,3,3784.842,2 2,South,3,2,5
2,6,16,3,3785.521,2 2,West,3,2,5
2,6,16,2,3786.128,2 1,West,3,2,5
2,6,16,1,3786.762,2 1,South,3,2,5
2,6,16,2,3787.626,2 1,South,3,2,6
2,6,16,3,3788.11,2 1,West,3,2,6
2,6,16,2,3789.018,2 1,West,3,2,7
2,6,16,3,3789.77,2 1,North,3,2,7
2,6,16,2,3790.431,1 1,North,3,2,7
2,6,16,1,3791.116,1 1,West,3,2,7
2,6,16,1,3791.963,1 1,South,3,2,7
2,6,16,1,3792.585,1 1,East,3,2,7
2,6,16,2,3793.314,1 1,East,3,2,8
2,6,16,3,3793.918,1 1,South,3,2,8
2,6,16,2,3794.445,2 1,South,3,2,8
2,6,16,2,3795.101,2 1,South,3,2,9
2,6,16,1,3795.612,2 1,East,3,2,9
2,6,16,3,3796.192,2 1,South,3,2,9
2,6,16,3,3796.866,2 1,West,3,2,9
2,6,16,2,3797.418,2 1,West,3,2,10
2,6,16,1,3797.969,2 1,South,3,2,10
2,6,16,1,3798.592,2 1,East,3,2,10
2,6,16,2,3799.564,2 2,East,3,2,10
2,6,16,2,3800.56,2 2,East,3,2,11
2,6,16,3,3801.023,2 2,South,3,2,11
2,6,16,2,3801.711,2 2,South,3,2,12
2,6,16,3,3802.529,2 2,West,3,2,12
2,6,16,3,3803.219,2 2,North,3,2,12
2,6,16,2,3804.109,1 2,North,3,2,12
2,6,16,1,3807.886,1 2,West,3,2,12
2,6,16,2,3808.474,1 2,West,3,2,13
2,6,16,3,3809.146,1 2,North,3,2,13
2,6,16,2,3809.752,0 2,North,3,2,13
2,6,16,3,3810.415,0 2,East,3,2,13
2,6,16,1,3810.954,0 2,North,3,2,13
2,6,16,1,3811.513,0 2,West,3,2,13
2,6,16,2,3812.16,0 1,West,3,2,13
2,6,16,2,3812.921,0 0,West,3,2,13
2,6,16,3,3814.523,0 0,North,3,2,13
2,6,16,2,3815.291,0 0,North,3,2,13
2,6,16,3,3815.724,0 0,East,3,2,13
2,6,16,2,3816.333,0 1,East,3,2,13
2,6,16,2,3816.941,0 2,East,3,2,13
2,6,16,3,3817.594,0 2,South,3,2,13
2,6,16,2,3818.208,1 2,South,3,2,13
2,6,16,2,3818.937,2 2,South,3,2,13
2,6,16,3,3819.595,2 2,West,3,2,13
2,6,16,2,3820.655,2 1,West,3,2,13
2,6,16,1,3822.031,2 1,South,3,2,13
2,6,16,2,3822.863,2 1,South,3,2,14
2,6,16,3,3823.613,2 1,West,3,2,14
2,6,16,2,3824.222,2 1,West,3,2,15
2,6,16,1,3824.749,2 1,South,3,2,15
2,6,16,1,3825.662,2 1,East,3,2,15
2,6,16,2,3826.29,2 2,East,3,2,15
2,6,16,3,3826.861,2 2,South,3,2,15
2,6,16,2,3827.501,2 2,South,3,2,16
2,6,16,3,3829.753,2 2,West,3,2,16
2,6,16,2,3830.831,2 1,West,3,2,16
2,6,16,3,3831.613,2 1,North,3,2,16
2,6,16,2,3832.267,1 1,North,3,2,16
2,6,16,1,3832.875,1 1,West,3,2,16
2,6,16,2,3833.466,1 0,West,3,2,16
2,6,16,1,3834.082,1 0,South,3,2,16
2,6,16,2,3834.689,2 0,South,3,2,16
2,6,16,2,3835.34,3 0,South,3,2,16
2,6,16,1,3836.219,3 0,East,3,2,16
2,6,16,2,3836.91,3 1,East,3,2,16
2,6,16,2,3837.599,3 2,East,3,2,16
2,6,16,3,3838.22,3 2,South,3,2,16
2,6,16,2,3838.907,4 2,South,3,2,16
2,6,16,3,3839.694,4 2,West,3,2,16
2,6,16,3,3840.24,4 2,North,3,2,16
2,6,16,2,3841.678,3 2,North,3,2,16
2,6,16,3,3844.349,3 2,East,3,2,16
2,6,16,3,3844.992,3 2,South,3,2,16
2,6,16,2,3845.535,4 2,South,3,2,16
2,6,16,1,3846.354,4 2,East,3,2,16
2,6,16,2,3846.926,4 3,East,3,2,16
2,6,16,2,3847.451,4 4,East,3,2,16
2,6,16,1,3848.139,4 4,North,3,2,16
2,6,16,2,3849.248,3 4,North,3,2,16
2,6,16,2,3849.952,3 4,North,3,2,17
2,6,16,1,3850.507,3 4,West,3,2,17
2,6,16,2,3851.225,3 3,West,3,2,17
2,6,16,3,3851.774,3 3,North,3,2,17
2,6,16,2,3852.332,2 3,North,3,2,17
2,6,16,6,3852.72,2 3,North,3,3,17
2,6,16,2,3853.323,1 3,North,3,3,17
2,6,16,2,3853.914,0 3,North,3,3,17
2,6,16,3,3854.491,0 3,East,3,3,17
2,6,16,2,3855.057,0 4,East,3,3,17
2,6,16,3,3855.761,0 4,South,3,3,17
2,6,16,2,3856.336,1 4,South,3,3,17
2,6,16,6,3856.72,1 4,South,3,4,17
2,6,16,3,3856.927,1 4,West,3,4,17
2,6,16,3,3857.833,1 4,North,3,4,17
2,6,16,2,3858.367,0 4,North,3,4,17
2,6,16,1,3858.906,0 4,West,3,4,17
2,6,16,2,3859.822,0 3,West,3,4,17
2,6,16,2,3860.879,0 3,West,3,4,18
2,6,16,1,3860.898,0 3,South,3,4,18
2,6,16,3,3862.025,0 3,West,3,4,18
2,6,16,2,3862.603,0 3,West,3,4,19
2,6,16,1,3863.129,0 3,South,3,4,19
2,6,16,2,3863.659,1 3,South,3,4,19
2,6,16,2,3864.33,2 3,South,3,4,19
2,6,16,2,3865.293,3 3,South,3,4,19
2,6,16,1,3866.83,3 3,East,3,4,19
2,6,16,2,3867.999,3 4,East,3,4,19
2,6,16,3,3868.634,3 4,South,3,4,19
2,6,16,2,3869.21,4 4,South,3,4,19
2,6,16,3,3869.826,4 4,West,3,4,19
2,6,16,2,3870.493,4 3,West,3,4,19
2,6,16,2,3871.121,4 2,West,3,4,19
2,6,16,3,3871.817,4 2,North,3,4,19
2,6,16,2,3874.417,3 2,North,3,4,19
2,6,16,2,3876.752,3 2,North,3,4,20
2,6,16,1,3877.28,3 2,West,3,4,20
2,6,16,2,3877.931,3 1,West,3,4,20
2,6,16,2,3878.513,3 0,West,3,4,20
2,6,16,3,3879.145,3 0,North,3,4,20
2,6,16,2,3879.773,2 0,North,3,4,20
2,6,16,2,3880.315,1 0,North,3,4,20
2,6,16,3,3880.859,1 0,East,3,4,20
2,6,16,2,3881.728,1 1,East,3,4,20
2,6,16,1,3884.73,1 1,North,3,4,20
2,6,16,3,3886.459,1 1,East,3,4,20
2,6,16,2,3887.338,1 1,East,3,4,21
2,6,16,3,3887.885,1 1,South,3,4,21
2,6,16,2,3888.459,2 1,South,3,4,21
2,6,16,1,3889.405,2 1,East,3,4,21
2,6,16,2,3890.11,2 2,East,3,4,21
2,6,16,6,3890.52,2 2,East,3,5,21
2,6,16,3,3891.026,2 2,South,3,5,21
2,6,16,3,3891.585,2 2,West,3,5,21
2,6,16,2,3892.746,2 1,West,3,5,21
2,6,16,3,3893.343,2 1,North,3,5,21
2,6,16,3,3894.11,2 1,East,3,5,21
2,6,16,2,3894.719,2 2,East,3,5,21
2,6,16,1,3895.618,2 2,North,3,5,21
2,6,16,2,3896.352,1 2,North,3,5,21
2,6,16,1,3897.003,1 2,West,3,5,21
2,6,16,2,3897.517,1 2,West,3,5,22
2,6,16,3,3898.092,1 2,North,3,5,22
2,6,16,2,3898.797,0 2,North,3,5,22
2,6,16,1,3899.314,0 2,West,3,5,22
2,6,16,2,3899.903,0 1,West,3,5,22
2,6,16,2,3900.6,0 0,West,3,5,22
2,6,16,3,3901.662,0 0,North,3,5,22
2,6,16,3,3902.443,0 0,East,3,5,22
2,6,16,2,3903.055,0 1,East,3,5,22
2,6,16,2,3903.663,0 2,East,3,5,22
2,6,16,3,3904.206,0 2,South,3,5,22
2,6,16,2,3904.911,1 2,South,3,5,22
2,6,16,3,3905.481,1 2,West,3,5,22
2,6,16,2,3906.366,1 2,West,3,5,23
2,6,16,1,3906.793,1 2,South,3,5,23
2,6,16,2,3907.537,2 2,South,3,5,23
2,6,16,3,3908.222,2 2,West,3,5,23
2,6,16,2,3909.803,2 1,West,3,5,23
2,6,16,3,3910.429,2 1,North,3,5,23
2,6,16,2,3911.183,1 1,North,3,5,23
2,6,16,6,3911.56,1 1,North,3,6,23
2,6,16,1,3912.704,1 1,West,3,6,23
2,6,16,1,3913.273,1 1,South,3,6,23
2,6,16,2,3914.126,2 1,South,3,6,23
2,6,16,3,3915.407,2 1,West,3,6,23
2,6,16,2,3916.045,2 1,West,3,6,24
2,6,16,1,3916.53,2 1,South,3,6,24
2,6,16,2,3917.248,2 1,South,3,6,25
2,6,16,1,3917.856,2 1,East,3,6,25
2,6,16,2,3918.475,2 2,East,3,6,25
2,6,16,3,3919.154,2 2,South,3,6,25
2,6,16,2,3919.775,2 2,South,3,6,26
2,6,16,3,3921.324,2 2,West,3,6,26
2,6,16,2,3922.428,2 1,West,3,6,26
2,6,16,2,3923.194,2 1,West,3,6,27
2,6,16,3,3923.774,2 1,North,3,6,27
2,6,16,2,3924.475,1 1,North,3,6,27
2,6,16,1,3925.006,1 1,West,3,6,27
2,6,16,2,3925.595,1 0,West,3,6,27
2,6,16,1,3926.189,1 0,South,3,6,27
2,6,16,2,3926.785,2 0,South,3,6,27
2,6,16,2,3927.517,3 0,South,3,6,27
2,6,16,1,3928.137,3 0,East,3,6,27
2,6,16,2,3928.716,3 1,East,3,6,27
2,6,16,2,3929.296,3 2,East,3,6,27
2,6,16,2,3930.234,3 2,East,3,6,28
2,6,16,3,3930.715,3 2,South,3,6,28
2,6,16,2,3931.307,4 2,South,3,6,28
2,6,16,1,3931.833,4 2,East,3,6,28
2,6,16,1,3932.367,4 2,North,3,6,28
2,6,16,3,3933.308,4 2,East,3,6,28
2,6,16,2,3934.156,4 3,East,3,6,28
2,6,16,2,3934.833,4 4,East,3,6,28
2,6,16,1,3935.356,4 4,North,3,6,28
2,6,16,2,3935.937,3 4,North,3,6,28
2,6,16,1,3936.449,3 4,West,3,6,28
2,6,16,2,3937.024,3 3,West,3,6,28
2,6,16,6,3937.44,3 3,West,3,7,28
2,6,16,3,3937.674,3 3,North,3,7,28
2,6,16,3,3938.369,3 3,East,3,7,28
2,6,16,2,3939.387,3 4,East,3,7,28
2,6,16,3,3939.966,3 4,South,3,7,28
2,6,16,2,3940.588,4 4,South,3,7,28
2,6,16,3,3941.121,4 4,West,3,7,28
2,6,16,2,3941.712,4 3,West,3,7,28
2,6,16,2,3942.24,4 2,West,3,7,28
2,6,16,2,3942.831,4 1,West,3,7,28
2,6,16,6,3943.24,4 1,West,3,8,28
1,6,17,1,3947.756,4 3,North,3,0,28
1,6,17,1,3948.494,4 2,North,3,0,28
1,6,17,1,3949.498,4 1,North,3,0,28
1,6,17,6,3949.9,4 1,North,3,1,28
1,6,17,3,3950.345,4 2,North,3,1,28
1,6,17,2,3950.972,3 2,North,3,1,28
1,6,17,1,3951.615,3 1,North,3,1,28
1,6,17,3,3952.635,3 2,North,3,1,28
1,6,17,1,3953.309,3 1,North,3,1,28
1,6,17,1,3953.995,3 0,North,3,1,28
1,6,17,2,3954.601,2 0,North,3,1,28
1,6,17,6,3954.98,2 0,North,3,2,28
1,6,17,4,3955.849,3 0,North,3,2,28
1,6,17,3,3956.365,3 1,North,3,2,28
1,6,17,6,3956.76,3 1,North,3,3,28
1,6,17,3,3957.281,3 2,North,3,3,28
1,6,17,4,3958.025,4 2,North,3,3,28
1,6,17,3,3958.558,4 3,North,3,3,28
1,6,17,3,3959.069,4 4,North,3,3,28
1,6,17,2,3959.802,3 4,North,3,3,28
1,6,17,1,3960.449,3 3,North,3,3,28
1,6,17,2,3961.278,2 3,North,3,3,28
1,6,17,2,3961.801,1 3,North,3,3,28
1,6,17,2,3962.458,0 3,North,3,3,28
1,6,17,3,3963.021,0 4,North,3,3,28
1,6,17,4,3963.627,1 4,North,3,3,28
1,6,17,6,3964,1 4,North,3,4,28
1,6,17,2,3964.274,0 4,North,3,4,28
1,6,17,1,3964.91,0 3,North,3,4,28
1,6,17,4,3965.615,1 3,North,3,4,28
1,6,17,4,3966.271,2 3,North,3,4,28
1,6,17,4,3966.779,3 3,North,3,4,28
1,6,17,3,3967.372,3 4,North,3,4,28
1,6,17,4,3967.886,4 4,North,3,4,28
1,6,17,1,3968.6,4 3,North,3,4,28
1,6,17,1,3969.183,4 2,North,3,4,28
1,6,17,6,3969.58,4 2,North,3,5,28
1,6,17,3,3970.173,4 3,North,3,5,28
1,6,17,3,3970.763,4 4,North,3,5,28
1,6,17,2,3971.437,3 4,North,3,5,28
1,6,17,1,3971.979,3 3,North,3,5,28
1,6,17,2,3972.56,2 3,North,3,5,28
1,6,17,2,3973.103,1 3,North,3,5,28
1,6,17,2,3973.632,0 3,North,3,5,28
1,6,17,3,3974.25,0 4,North,3,5,28
1,6,17,4,3974.876,1 4,North,3,5,28
1,6,17,4,3975.519,2 4,North,3,5,28
1,6,17,6,3975.88,2 4,North,3,6,28
1,6,17,2,3976.236,1 4,North,3,6,28
1,6,17,2,3977.161,0 4,North,3,6,28
1,6,17,1,3977.738,0 3,North,3,6,28
1,6,17,1,3978.253,0 3,North,3,6,28
1,6,17,4,3978.669,1 3,North,3,6,28
1,6,17,1,3979.565,1 3,North,3,6,28
1,6,17,1,3980.043,1 3,North,3,6,28
1,6,17,4,3980.624,2 3,North,3,6,28
1,6,17,4,3981.337,3 3,North,3,6,28
1,6,17,3,3981.9,3 4,North,3,6,28
1,6,17,4,3982.623,4 4,North,3,6,28
1,6,17,1,3983.262,4 3,North,3,6,28
1,6,17,1,3984.063,4 2,North,3,6,28
1,6,17,2,3984.992,3 2,North,3,6,28
1,6,17,1,3985.643,3 1,North,3,6,28
1,6,17,1,3986.253,3 0,North,3,6,28
1,6,17,2,3986.846,2 0,North,3,6,28
1,6,17,2,3987.537,1 0,North,3,6,28
1,6,17,3,3988.074,1 1,North,3,6,28
1,6,17,6,3988.48,1 1,North,3,7,28
1,6,17,4,3989.311,2 1,North,3,7,28
1,6,17,3,3989.963,2 2,North,3,7,28
1,6,17,2,3990.652,1 2,North,3,7,28
1,6,17,2,3991.323,0 2,North,3,7,28
1,6,17,1,3991.92,0 1,North,3,7,28
1,6,17,1,3992.459,0 0,North,3,7,28
1,6,17,3,3993.581,0 1,North,3,7,28
1,6,17,3,3994.577,0 2,North,3,7,28
1,6,17,4,3995.394,1 2,North,3,7,28
1,6,17,4,3995.918,2 2,North,3,7,28
1,6,17,1,3997.086,2 1,North,3,7,28
1,6,17,2,3997.712,1 1,North,3,7,28
1,6,17,1,3998.334,1 0,North,3,7,28
1,6,17,4,3998.941,2 0,North,3,7,28
1,6,17,4,3999.548,3 0,North,3,7,28
1,6,17,3,4000.553,3 1,North,3,7,28
1,6,17,3,4001.149,3 2,North,3,7,28
1,6,17,4,4002.336,4 2,North,3,7,28
1,6,17,2,4002.924,3 2,North,3,7,28
1,6,17,1,4003.485,3 1,North,3,7,28
1,6,17,1,4004.027,3 0,North,3,7,28
1,6,17,2,4004.736,2 0,North,3,7,28
1,6,17,2,4005.323,1 0,North,3,7,28
1,6,17,3,4005.982,1 1,North,3,7,28
1,6,17,4,4006.67,2 1,North,3,7,28
1,6,17,3,4007.322,2 2,North,3,7,28
1,6,17,2,4007.855,1 2,North,3,7,28
1,6,17,2,4008.461,0 2,North,3,7,28
1,6,17,1,4009.312,0 1,North,3,7,28
1,6,17,1,4009.918,0 0,North,3,7,28
1,6,17,3,4010.943,0 1,North,3,7,28
1,6,17,3,4011.936,0 2,North,3,7,28
1,6,17,4,4012.751,1 2,North,3,7,28
1,6,17,4,4013.385,2 2,North,3,7,28
1,6,17,1,4014.255,2 1,North,3,7,28
1,6,17,2,4014.827,1 1,North,3,7,28
1,6,17,1,4015.426,1 0,North,3,7,28
1,6,17,4,4016.017,2 0,North,3,7,28
1,6,17,4,4016.605,3 0,North,3,7,28
1,6,17,3,4017.549,3 1,North,3,7,28
1,6,17,3,4018.091,3 2,North,3,7,28
1,6,17,3,4018.654,3 2,North,3,7,28
1,6,17,1,4019.468,3 1,North,3,7,28
1,6,17,1,4020.014,3 0,North,3,7,28
1,6,17,3,4020.603,3 1,North,3,7,28
1,6,17,3,4021.167,3 2,North,3,7,28
1,6,17,4,4021.756,4 2,North,3,7,28
1,6,17,3,4022.271,4 3,North,3,7,28
1,6,17,3,4022.842,4 4,North,3,7,28
1,6,17,2,4023.37,3 4,North,3,7,28
1,6,17,1,4023.933,3 3,North,3,7,28
1,6,17,2,4024.783,2 3,North,3,7,28
1,6,17,2,4025.328,1 3,North,3,7,28
1,6,17,2,4025.93,0 3,North,3,7,28
1,6,17,6,4026.32,0 3,North,3,8,28
2,6,17,1,4031.561,4 4,West,3,0,0
2,6,17,3,4032.609,4 4,North,3,0,0
2,6,17,2,4033.499,3 4,North,3,0,0
2,6,17,1,4034.061,3 4,West,3,0,0
2,6,17,2,4034.699,3 3,West,3,0,0
2,6,17,3,4035.281,3 3,North,3,0,0
2,6,17,2,4035.833,2 3,North,3,0,0
2,6,17,2,4036.513,1 3,North,3,0,0
2,6,17,2,4037.182,0 3,North,3,0,0
2,6,17,3,4038.14,0 3,East,3,0,0
2,6,17,2,4038.77,0 4,East,3,0,0
2,6,17,3,4039.33,0 4,South,3,0,0
2,6,17,2,4039.93,1 4,South,3,0,0
2,6,17,6,4040.32,1 4,South,3,1,0
2,6,17,3,4040.604,1 4,West,3,1,0
2,6,17,3,4041.282,1 4,North,3,1,0
2,6,17,2,4041.833,0 4,North,3,1,0
2,6,17,1,4042.36,0 4,West,3,1,0
2,6,17,2,4043.021,0 3,West,3,1,0
2,6,17,6,4043.44,0 3,West,3,2,0
2,6,17,1,4043.614,0 3,South,3,2,0
2,6,17,2,4044.177,1 3,South,3,2,0
2,6,17,2,4044.748,2 3,South,3,2,0
2,6,17,2,4045.39,3 3,South,3,2,0
2,6,17,1,4046.014,3 3,East,3,2,0
2,6,17,2,4046.604,3 4,East,3,2,0
2,6,17,3,4047.15,3 4,South,3,2,0
2,6,17,2,4047.771,4 4,South,3,2,0
2,6,17,3,4048.313,4 4,West,3,2,0
2,6,17,2,4048.913,4 3,West,3,2,0
2,6,17,2,4049.426,4 2,West,3,2,0
2,6,17,2,4050.046,4 1,West,3,2,0
2,6,17,6,4050.46,4 1,West,3,3,0
2,6,17,3,4050.642,4 1,North,3,3,0
2,6,17,3,4051.472,4 1,East,3,3,0
2,6,17,2,4052.057,4 2,East,3,3,0
2,6,17,2,4052.618,4 3,East,3,3,0
2,6,17,1,4053.166,4 3,North,3,3,0
2,6,17,3,4054.127,4 3,East,3,3,0
2,6,17,2,4054.856,4 4,East,3,3,0
2,6,17,2,4055.771,4 4,East,3,3,0
2,6,17,1,4056.206,4 4,North,3,3,0
2,6,17,2,4056.8,3 4,North,3,3,0
2,6,17,1,4057.313,3 4,West,3,3,0
2,6,17,2,4058.025,3 3,West,3,3,0
2,6,17,3,4058.618,3 3,North,3,3,0
2,6,17,2,4059.181,2 3,North,3,3,0
2,6,17,2,4059.901,1 3,North,3,3,0
2,6,17,2,4060.451,0 3,North,3,3,0
2,6,17,3,4061.315,0 3,East,3,3,0
2,6,17,2,4061.917,0 4,East,3,3,0
2,6,17,3,4062.466,0 4,South,3,3,0
2,6,17,2,4063.25,1 4,South,3,3,0
2,6,17,2,4063.87,2 4,South,3,3,0
2,6,17,6,4064.26,2 4,South,3,4,0
2,6,17,3,4064.555,2 4,West,3,4,0
2,6,17,3,4065.086,2 4,North,3,4,0
2,6,17,2,4065.804,1 4,North,3,4,0
2,6,17,2,4066.38,0 4,North,3,4,0
2,6,17,1,4067.083,0 4,West,3,4,0
2,6,17,2,4067.76,0 3,West,3,4,0
2,6,17,1,4068.332,0 3,South,3,4,0
2,6,17,2,4068.992,1 3,South,3,4,0
2,6,17,2,4069.53,2 3,South,3,4,0
2,6,17,2,4070.091,3 3,South,3,4,0
2,6,17,1,4070.602,3 3,East,3,4,0
2,6,17,2,4071.136,3 4,East,3,4,0
2,6,17,3,4071.657,3 4,South,3,4,0
2,6,17,2,4072.557,4 4,South,3,4,0
2,6,17,3,4073.233,4 4,West,3,4,0
2,6,17,2,4073.872,4 3,West,3,4,0
2,6,17,2,4074.521,4 2,West,3,4,0
2,6,17,6,4074.94,4 2,West,3,5,0
2,6,17,3,4075.21,4 2,North,3,5,0
2,6,17,1,4078.092,4 2,West,3,5,0
2,6,17,3,4079.853,4 2,North,3,5,0
2,6,17,2,4080.557,3 2,North,3,5,0
2,6,17,1,4081.103,3 2,West,3,5,0
2,6,17,2,4081.808,3 1,West,3,5,0
2,6,17,2,4082.462,3 0,West,3,5,0
2,6,17,6,4082.88,3 0,West,3,6,0
2,6,17,3,4083.101,3 0,North,3,6,0
2,6,17,3,4083.986,3 0,East,3,6,0
2,6,17,2,4084.636,3 1,East,3,6,0
2,6,17,2,4085.292,3 2,East,3,6,0
2,6,17,3,4085.841,3 2,South,3,6,0
2,6,17,2,4086.525,4 2,South,3,6,0
2,6,17,1,4087.169,4 2,East,3,6,0
2,6,17,2,4088.014,4 3,East,3,6,0
2,6,17,2,4088.713,4 4,East,3,6,0
2,6,17,1,4089.409,4 4,North,3,6,0
2,6,17,2,4090.076,3 4,North,3,6,0
2,6,17,1,4090.607,3 4,West,3,6,0
2,6,17,2,4091.568,3 3,West,3,6,0
2,6,17,3,4092.569,3 3,North,3,6,0
2,6,17,2,4093.194,2 3,North,3,6,0
2,6,17,2,4093.77,1 3,North,3,6,0
2,6,17,2,4094.302,0 3,North,3,6,0
2,6,17,3,4094.842,0 3,East,3,6,0
2,6,17,2,4095.435,0 4,East,3,6,0
2,6,17,6,4095.86,0 4,East,3,7,0
2,6,17,3,4095.996,0 4,South,3,7,0
2,6,17,3,4096.97,0 4,West,3,7,0
2,6,17,2,4097.566,0 3,West,3,7,0
2,6,17,1,4098.125,0 3,South,3,7,0
2,6,17,2,4098.777,1 3,South,3,7,0
2,6,17,2,4099.423,2 3,South,3,7,0
2,6,17,2,4100.077,3 3,South,3,7,0
2,6,17,1,4100.715,3 3,East,3,7,0
2,6,17,2,4101.276,3 4,East,3,7,0
2,6,17,3,4102.204,3 4,South,3,7,0
2,6,17,2,4102.767,4 4,South,3,7,0
2,6,17,2,4103.279,4 4,South,3,7,0
2,6,17,3,4103.578,4 4,West,3,7,0
2,6,17,2,4104.396,4 3,West,3,7,0
2,6,17,2,4104.989,4 2,West,3,7,0
2,6,17,3,4105.897,4 2,North,3,7,0
2,6,17,2,4106.809,3 2,North,3,7,0
2,6,17,6,4107.18,3 2,North,3,8,0
1,6,18,1,4111.545,4 3,North,3,0,0
1,6,18,1,4112.38,4 2,North,3,0,0
1,6,18,2,4113.007,3 2,North,3,0,0
1,6,18,1,4113.597,3 1,North,3,0,0
1,6,18,1,4114.204,3 0,North,3,0,0
1,6,18,2,4114.73,2 0,North,3,0,0
1,6,18,2,4115.264,1 0,North,3,0,0
1,6,18,3,4115.772,1 1,North,3,0,0
1,6,18,4,4116.334,2 1,North,3,0,0
1,6,18,6,4116.7,2 1,North,3,1,0
1,6,18,3,4117.666,2 2,North,3,1,0
1,6,18,2,4118.301,1 2,North,3,1,0
1,6,18,2,4118.937,0 2,North,3,1,0
1,6,18,6,4119.32,0 2,North,3,2,0
1,6,18,4,4119.903,1 2,North,3,2,0
1,6,18,4,4120.86,2 2,North,3,2,0
1,6,18,1,4121.872,2 1,North,3,2,0
1,6,18,2,4122.512,1 1,North,3,2,0
1,6,18,1,4123.104,1 0,North,3,2,0
1,6,18,4,4123.666,2 0,North,3,2,0
1,6,18,4,4124.208,3 0,North,3,2,0
1,6,18,3,4124.778,3 1,North,3,2,0
1,6,18,3,4125.421,3 2,North,3,2,0
1,6,18,4,4126.361,4 2,North,3,2,0
1,6,18,3,4127.023,4 3,North,3,2,0
1,6,18,3,4127.579,4 4,North,3,2,0
1,6,18,2,4128.221,3 4,North,3,2,0
1,6,18,1,4128.763,3 3,North,3,2,0
1,6,18,2,4129.408,2 3,North,3,2,0
1,6,18,2,4129.945,1 3,North,3,2,0
1,6,18,6,4130.32,1 3,North,3,3,0
1,6,18,4,4130.718,2 3,North,3,3,0
1,6,18,4,4131.246,3 3,North,3,3,0
1,6,18,3,4131.79,3 4,North,3,3,0
1,6,18,4,4132.398,4 4,North,3,3,0
1,6,18,1,4133.021,4 3,North,3,3,0
1,6,18,1,4133.626,4 2,North,3,3,0
1,6,18,2,4134.142,3 2,North,3,3,0
1,6,18,6,4134.52,3 2,North,3,4,0
1,6,18,1,4135.07,3 1,North,3,4,0
1,6,18,1,4135.649,3 0,North,3,4,0
1,6,18,2,4136.337,2 0,North,3,4,0
1,6,18,2,4136.89,1 0,North,3,4,0
1,6,18,6,4137.28,1 0,North,3,5,0
1,6,18,4,4138.05,2 0,North,3,5,0
1,6,18,4,4138.603,3 0,North,3,5,0
1,6,18,3,4139.265,3 1,North,3,5,0
1,6,18,3,4139.834,3 2,North,3,5,0
1,6,18,4,4140.379,4 2,North,3,5,0
1,6,18,3,4141.437,4 3,North,3,5,0
1,6,18,3,4142.093,4 4,North,3,5,0
1,6,18,2,4142.608,3 4,North,3,5,0
1,6,18,1,4143.179,3 3,North,3,5,0
1,6,18,6,4143.58,3 3,North,3,6,0
1,6,18,3,4143.983,3 4,North,3,6,0
1,6,18,4,4144.617,4 4,North,3,6,0
1,6,18,1,4145.233,4 3,North,3,6,0
1,6,18,1,4145.837,4 2,North,3,6,0
1,6,18,2,4146.489,3 2,North,3,6,0
1,6,18,1,4147.328,3 1,North,3,6,0
1,6,18,1,4147.981,3 0,North,3,6,0
1,6,18,2,4148.703,2 0,North,3,6,0
1,6,18,2,4149.649,1 0,North,3,6,0
1,6,18,3,4150.336,1 1,North,3,6,0
1,6,18,4,4150.895,2 1,North,3,6,0
1,6,18,3,4151.661,2 2,North,3,6,0
1,6,18,2,4152.433,1 2,North,3,6,0
1,6,18,6,4152.82,1 2,North,3,7,0
1,6,18,4,4154.062,2 2,North,3,7,0
1,6,18,1,4155.198,2 1,North,3,7,0
1,6,18,2,4156.017,1 1,North,3,7,0
1,6,18,1,4157.151,1 0,North,3,7,0
1,6,18,4,4157.979,2 0,North,3,7,0
1,6,18,4,4158.688,3 0,North,3,7,0
1,6,18,3,4159.23,3 1,North,3,7,0
1,6,18,4,4159.87,3 1,North,3,7,0
1,6,18,3,4160.41,3 2,North,3,7,0
1,6,18,4,4161.131,4 2,North,3,7,0
1,6,18,3,4161.679,4 3,North,3,7,0
1,6,18,3,4162.875,4 4,North,3,7,0
1,6,18,2,4163.698,3 4,North,3,7,0
1,6,18,1,4164.25,3 3,North,3,7,0
1,6,18,1,4166.155,3 3,North,3,7,0
1,6,18,2,4167.307,2 3,North,3,7,0
1,6,18,2,4167.868,1 3,North,3,7,0
1,6,18,2,4168.393,0 3,North,3,7,0
1,6,18,3,4169.325,0 4,North,3,7,0
1,6,18,6,4169.72,0 4,North,3,8,0
2,6,18,2,4173.921,3 4,North,3,0,0
2,6,18,1,4174.491,3 4,West,3,0,0
2,6,18,1,4175.344,3 4,South,3,0,0
2,6,18,2,4176.027,4 4,South,3,0,0
2,6,18,3,4176.604,4 4,West,3,0,0
2,6,18,3,4177.87,4 4,North,3,0,0
2,6,18,2,4178.608,3 4,North,3,0,0
2,6,18,1,4179.163,3 4,West,3,0,0
2,6,18,2,4179.773,3 3,West,3,0,0
2,6,18,6,4180.2,3 3,West,3,1,0
2,6,18,3,4180.512,3 3,North,3,1,0
2,6,18,2,4181.327,2 3,North,3,1,0
2,6,18,2,4181.838,1 3,North,3,1,0
2,6,18,2,4182.478,0 3,North,3,1,0
2,6,18,3,4183.085,0 3,East,3,1,0
2,6,18,2,4183.695,0 4,East,3,1,0
2,6,18,6,4184.1,0 4,East,3,2,0
2,6,18,3,4184.249,0 4,South,3,2,0
2,6,18,3,4185.057,0 4,West,3,2,0
2,6,18,2,4185.597,0 3,West,3,2,0
2,6,18,1,4186.475,0 3,South,3,2,0
2,6,18,2,4187.138,1 3,South,3,2,0
2,6,18,2,4187.694,2 3,South,3,2,0
2,6,18,2,4188.572,3 3,South,3,2,0
2,6,18,1,4189.105,3 3,East,3,2,0
2,6,18,2,4189.658,3 4,East,3,2,0
2,6,18,3,4190.171,3 4,South,3,2,0
2,6,18,2,4190.907,4 4,South,3,2,0
2,6,18,3,4191.806,4 4,West,3,2,0
2,6,18,2,4192.609,4 3,West,3,2,0
2,6,18,2,4193.212,4 2,West,3,2,0
2,6,18,2,4193.775,4 1,West,3,2,0
2,6,18,3,4194.465,4 1,North,3,2,0
2,6,18,3,4195.483,4 1,East,3,2,0
2,6,18,2,4196.126,4 2,East,3,2,0
2,6,18,1,4196.986,4 2,North,3,2,0
2,6,18,2,4197.729,3 2,North,3,2,0
2,6,18,1,4198.779,3 2,West,3,2,0
2,6,18,2,4199.305,3 1,West,3,2,0
2,6,18,2,4200.077,3 0,West,3,2,0
2,6,18,3,4200.922,3 0,North,3,2,0
2,6,18,2,4201.514,2 0,North,3,2,0
2,6,18,2,4202.094,1 0,North,3,2,0
2,6,18,3,4202.639,1 0,East,3,2,0
2,6,18,2,4203.265,1 1,East,3,2,0
2,6,18,3,4203.869,1 1,South,3,2,0
2,6,18,2,4204.49,2 1,South,3,2,0
2,6,18,6,4204.86,2 1,South,3,3,0
2,6,18,1,4205.275,2 1,East,3,3,0
2,6,18,2,4206.018,2 2,East,3,3,0
2,6,18,1,4207.009,2 2,North,3,3,0
2,6,18,2,4207.66,1 2,North,3,3,0
2,6,18,2,4208.352,0 2,North,3,3,0
2,6,18,1,4208.927,0 2,West,3,3,0
2,6,18,2,4209.471,0 1,West,3,3,0
2,6,18,2,4210.137,0 0,West,3,3,0
2,6,18,3,4210.782,0 0,North,3,3,0
2,6,18,3,4211.389,0 0,East,3,3,0
2,6,18,2,4212,0 1,East,3,3,0
2,6,18,2,4212.609,0 2,East,3,3,0
2,6,18,3,4213.197,0 2,South,3,3,0
2,6,18,2,4213.836,1 2,South,3,3,0
2,6,18,2,4214.466,2 2,South,3,3,0
2,6,18,3,4215.103,2 2,West,3,3,0
2,6,18,2,4215.698,2 1,West,3,3,0
2,6,18,1,4216.256,2 1,South,3,3,0
2,6,18,2,4216.842,2 1,South,3,3,1
2,6,18,3,4217.437,2 1,West,3,3,1
2,6,18,1,4218.191,2 1,South,3,3,1
2,6,18,1,4218.834,2 1,East,3,3,1
2,6,18,2,4219.391,2 2,East,3,3,1
2,6,18,3,4219.915,2 2,South,3,3,1
2,6,18,2,4220.576,2 2,South,3,3,2
2,6,18,3,4221.086,2 2,West,3,3,2
2,6,18,2,4221.808,2 1,West,3,3,2
2,6,18,2,4222.875,2 1,West,3,3,3
2,6,18,1,4223.372,2 1,South,3,3,3
2,6,18,2,4224.044,2 1,South,3,3,4
2,6,18,3,4224.538,2 1,West,3,3,4
2,6,18,3,4225.12,2 1,North,3,3,4
2,6,18,2,4225.707,1 1,North,3,3,4
2,6,18,1,4226.239,1 1,West,3,3,4
2,6,18,2,4226.809,1 0,West,3,3,4
2,6,18,1,4227.37,1 0,South,3,3,4
2,6,18,2,4227.978,2 0,South,3,3,4
2,6,18,2,4228.636,3 0,South,3,3,4
2,6,18,1,4229.257,3 0,East,3,3,4
2,6,18,2,4229.825,3 1,East,3,3,4
2,6,18,2,4230.463,3 2,East,3,3,4
2,6,18,6,4230.88,3 2,East,3,4,4
2,6,18,3,4231.195,3 2,South,3,4,4
2,6,18,2,4232.089,4 2,South,3,4,4
2,6,18,3,4232.761,4 2,West,3,4,4
2,6,18,3,4233.44,4 2,North,3,4,4
2,6,18,2,4235.47,3 2,North,3,4,4
2,6,18,1,4235.984,3 2,West,3,4,4
2,6,18,2,4237.088,3 1,West,3,4,4
2,6,18,2,4237.662,3 0,West,3,4,4
2,6,18,3,4238.239,3 0,North,3,4,4
2,6,18,2,4238.849,2 0,North,3,4,4
2,6,18,2,4239.457,1 0,North,3,4,4
2,6,18,6,4239.84,1 0,North,3,5,4
2,6,18,3,4240.106,1 0,East,3,5,4
2,6,18,3,4240.793,1 0,South,3,5,4
2,6,18,2,4241.37,2 0,South,3,5,4
2,6,18,2,4241.903,3 0,South,3,5,4
2,6,18,1,4242.458,3 0,East,3,5,4
2,6,18,2,4242.987,3 1,East,3,5,4
2,6,18,2,4243.551,3 2,East,3,5,4
2,6,18,3,4244.076,3 2,South,3,5,4
2,6,18,2,4244.706,4 2,South,3,5,4
2,6,18,1,4245.357,4 2,East,3,5,4
2,6,18,2,4246.128,4 3,East,3,5,4
2,6,18,2,4246.685,4 4,East,3,5,4
2,6,18,1,4247.264,4 4,North,3,5,4
2,6,18,2,4247.907,3 4,North,3,5,4
2,6,18,6,4248.28,3 4,North,3,6,4
2,6,18,1,4248.859,3 4,West,3,6,4
2,6,18,2,4249.424,3 3,West,3,6,4
2,6,18,3,4250.29,3 3,North,3,6,4
2,6,18,2,4250.879,2 3,North,3,6,4
2,6,18,2,4251.483,1 3,North,3,6,4
2,6,18,6,4251.86,1 3,North,3,7,4
2,6,18,3,4252.162,1 3,East,3,7,4
2,6,18,3,4252.735,1 3,South,3,7,4
2,6,18,2,4253.482,2 3,South,3,7,4
2,6,18,2,4254.384,3 3,South,3,7,4
2,6,18,1,4254.945,3 3,East,3,7,4
2,6,18,2,4255.516,3 4,East,3,7,4
2,6,18,3,4256.394,3 4,South,3,7,4
2,6,18,2,4257.026,4 4,South,3,7,4
2,6,18,3,4257.69,4 4,West,3,7,4
2,6,18,2,4258.236,4 3,West,3,7,4
2,6,18,2,4259.055,4 2,West,3,7,4
2,6,18,3,4259.74,4 2,North,3,7,4
2,6,18,2,4260.698,3 2,North,3,7,4
2,6,18,1,4261.276,3 2,West,3,7,4
2,6,18,2,4261.805,3 1,West,3,7,4
2,6,18,2,4262.688,3 0,West,3,7,4
2,6,18,3,4263.275,3 0,North,3,7,4
2,6,18,2,4263.867,2 0,North,3,7,4
2,6,18,6,4264.24,2 0,North,3,8,4
