PhaseView,Run,Trial,Key,Time,Location,Direction,MazeType,Diamonds,WallBumped
0,3,7,2,630.0943,3 4,North,2,0,3
0,3,7,2,630.7811,2 4,North,2,0,3
0,3,7,2,632.2234,1 4,North,2,0,3
0,3,7,1,633.4828,1 4,West,2,0,3
0,3,7,2,634.2341,1 3,West,2,0,3
0,3,7,1,634.7939,1 3,South,2,0,3
0,3,7,2,635.4023,2 3,South,2,0,3
0,3,7,3,636.4658,2 3,West,2,0,3
0,3,7,2,637.2166,2 2,West,2,0,3
0,3,7,3,638.0973,2 2,North,2,0,3
0,3,7,2,638.7479,1 2,North,2,0,3
0,3,7,2,639.5872,0 2,North,2,0,3
0,3,7,1,640.5704,0 2,West,2,0,3
0,3,7,2,641.3149,0 1,West,2,0,3
0,3,7,2,642.1436,0 0,West,2,0,3
0,3,7,2,643.0991,0 0,West,2,0,3
0,3,7,2,643.7554,0 0,West,2,0,3
0,3,7,2,644.6669,0 0,West,2,0,3
0,3,7,2,645.124,0 0,West,2,0,3
0,3,7,2,646.8307,0 0,West,2,0,3
0,3,7,1,650.1213,0 0,South,2,0,3
0,3,7,1,650.6343,0 0,East,2,0,3
0,3,7,2,651.1975,0 1,East,2,0,3
0,3,7,2,652.1062,0 2,East,2,0,3
0,3,7,3,652.6918,0 2,South,2,0,3
0,3,7,2,653.6279,1 2,South,2,0,3
0,3,7,2,654.4424,2 2,South,2,0,3
0,3,7,1,655.3151,2 2,East,2,0,3
0,3,7,2,656.0096,2 3,East,2,0,3
0,3,7,1,656.844,2 3,North,2,0,3
0,3,7,2,657.664,1 3,North,2,0,3
0,3,7,3,658.4678,1 3,East,2,0,3
0,3,7,2,659.0848,1 4,East,2,0,3
0,3,7,1,660.0357,1 4,North,2,0,3
0,3,7,2,660.6512,0 4,North,2,0,3
0,3,7,2,661.164,0 4,North,2,0,3
0,3,7,1,661.6818,0 4,West,2,0,3
0,3,7,1,662.5578,0 4,South,2,0,3
0,3,7,2,663.3079,1 4,South,2,0,3
0,3,7,2,664.2889,2 4,South,2,0,3
0,3,7,2,664.9866,3 4,South,2,0,3
0,3,7,3,665.8693,3 4,West,2,0,3
0,3,7,1,666.6355,3 4,South,2,0,3
0,3,7,2,667.3221,4 4,South,2,0,3
0,3,7,3,668.1254,4 4,West,2,0,3
0,3,7,2,668.796,4 3,West,2,0,3
0,3,7,2,669.6259,4 2,West,2,0,3
0,3,7,3,670.188,4 2,North,2,0,3
0,3,7,2,670.767,3 2,North,2,0,3
0,3,7,1,671.601,3 2,West,2,0,3
0,3,7,2,672.1798,3 1,West,2,0,3
0,3,7,6,672.58,3 1,West,2,1,3
0,3,7,3,673.4515,3 1,North,2,1,3
0,3,7,2,674.0952,2 1,North,2,1,3
0,3,7,2,674.7372,1 1,North,2,1,3
0,3,7,1,675.6594,1 1,West,2,1,3
0,3,7,2,676.3182,1 0,West,2,1,3
0,3,7,1,677.0405,1 0,South,2,1,3
0,3,7,2,677.6971,2 0,South,2,1,3
0,3,7,2,678.4479,3 0,South,2,1,3
0,3,7,2,679.3432,4 0,South,2,1,3
0,3,7,1,679.98,4 0,East,2,1,3
0,3,7,2,680.6016,4 1,East,2,1,3
0,3,7,1,681.9481,4 1,North,2,1,3
0,3,7,1,682.5765,4 1,West,2,1,3
0,3,7,2,683.1485,4 0,West,2,1,3
0,3,7,3,683.8526,4 0,North,2,1,3
0,3,7,2,684.4589,3 0,North,2,1,3
0,3,7,2,685.0506,2 0,North,2,1,3
0,3,7,2,685.629,1 0,North,2,1,3
0,3,7,3,686.4741,1 0,East,2,1,3
0,3,7,2,687.3433,1 1,East,2,1,3
0,3,7,3,688.2034,1 1,South,2,1,3
0,3,7,2,688.7493,2 1,South,2,1,3
0,3,7,2,689.373,3 1,South,2,1,3
0,3,7,1,689.9296,3 1,East,2,1,3
0,3,7,2,690.5577,3 2,East,2,1,3
0,3,7,3,691.262,3 2,South,2,1,3
0,3,7,2,692.1312,4 2,South,2,1,3
0,3,7,1,692.8131,4 2,East,2,1,3
0,3,7,2,693.3632,4 3,East,2,1,3
0,3,7,2,694.0613,4 4,East,2,1,3
0,3,7,1,694.6534,4 4,North,2,1,3
0,3,7,2,695.1786,3 4,North,2,1,3
0,3,7,2,695.9022,2 4,North,2,1,3
0,3,7,2,696.4266,1 4,North,2,1,3
0,3,7,6,696.82,1 4,North,2,2,3
0,3,7,2,697.0099,0 4,North,2,2,3
0,3,7,1,697.6274,0 4,West,2,2,3
0,3,7,2,698.1951,0 3,West,2,2,3
0,3,7,6,698.6,0 3,West,2,3,3
0,3,7,1,699.1653,0 3,South,2,3,3
0,3,7,1,700.0833,0 3,East,2,3,3
0,3,7,2,700.6998,0 4,East,2,3,3
0,3,7,3,701.4196,0 4,South,2,3,3
0,3,7,2,702.0759,1 4,South,2,3,3
0,3,7,3,702.6998,1 4,West,2,3,3
0,3,7,2,703.2354,1 3,West,2,3,3
0,3,7,1,703.9831,1 3,South,2,3,3
0,3,7,2,704.7367,2 3,South,2,3,3
0,3,7,3,705.2943,2 3,West,2,3,3
0,3,7,2,706.2208,2 2,West,2,3,3
0,3,7,3,706.8664,2 2,North,2,3,3
0,3,7,2,707.406,1 2,North,2,3,3
0,3,7,2,708.0198,0 2,North,2,3,3
0,3,7,1,708.6887,0 2,West,2,3,3
0,3,7,2,709.2343,0 1,West,2,3,3
0,3,7,1,709.9959,0 1,South,2,3,3
0,3,7,1,710.5292,0 1,East,2,3,3
0,3,7,2,711.2611,0 2,East,2,3,3
0,3,7,3,711.9343,0 2,South,2,3,3
0,3,7,2,712.7249,1 2,South,2,3,3
0,3,7,2,713.5484,2 2,South,2,3,3
0,3,7,1,714.1102,2 2,East,2,3,3
0,3,7,2,715.0342,2 3,East,2,3,3
0,3,7,1,715.8545,2 3,North,2,3,3
0,3,7,2,716.5962,1 3,North,2,3,3
0,3,7,3,717.358,1 3,East,2,3,3
0,3,7,2,718.0925,1 4,East,2,3,3
0,3,7,3,718.9285,1 4,South,2,3,3
0,3,7,2,719.9211,2 4,South,2,3,3
0,3,7,2,720.5151,3 4,South,2,3,3
0,3,7,3,721.0548,3 4,West,2,3,3
0,3,7,1,722.0512,3 4,South,2,3,3
0,3,7,2,722.8271,4 4,South,2,3,3
0,3,7,3,723.4886,4 4,West,2,3,3
0,3,7,2,724.0745,4 3,West,2,3,3
0,3,7,3,724.8197,4 3,North,2,3,3
0,3,7,1,725.5505,4 3,West,2,3,3
0,3,7,2,726.1464,4 2,West,2,3,3
0,3,7,3,726.8632,4 2,North,2,3,3
0,3,7,2,727.6973,3 2,North,2,3,3
0,3,7,1,728.561,3 2,West,2,3,3
0,3,7,2,729.2458,3 1,West,2,3,3
0,3,7,3,729.9541,3 1,North,2,3,3
0,3,7,2,730.5104,2 1,North,2,3,3
0,3,7,2,731.0672,1 1,North,2,3,3
0,3,7,6,731.46,1 1,North,2,4,3
0,3,7,1,731.972,1 1,West,2,4,3
0,3,7,2,732.4897,1 0,West,2,4,3
0,3,7,1,733.2733,1 0,South,2,4,3
0,3,7,2,733.8356,2 0,South,2,4,3
0,3,7,2,734.3994,3 0,South,2,4,3
0,3,7,2,735.1998,4 0,South,2,4,3
0,3,7,1,735.8089,4 0,East,2,4,3
0,3,7,2,736.3524,4 1,East,2,4,3
0,3,7,1,736.9385,4 1,North,2,4,3
0,3,7,1,737.744,4 1,West,2,4,3
0,3,7,2,738.3503,4 0,West,2,4,3
0,3,7,3,738.9479,4 0,North,2,4,3
0,3,7,2,739.5154,3 0,North,2,4,3
0,3,7,2,740.0292,2 0,North,2,4,3
0,3,7,3,740.8025,2 0,East,2,4,3
0,3,7,1,741.5834,2 0,North,2,4,3
0,3,7,2,742.3201,1 0,North,2,4,3
0,3,7,3,743.0346,1 0,East,2,4,3
0,3,7,2,743.5537,1 1,East,2,4,3
0,3,7,3,744.3624,1 1,South,2,4,3
0,3,7,2,744.9241,2 1,South,2,4,3
0,3,7,2,745.506,3 1,South,2,4,3
0,3,7,1,746.321,3 1,East,2,4,3
0,3,7,2,747.1803,3 2,East,2,4,3
0,3,7,3,747.819,3 2,South,2,4,3
0,3,7,2,748.4148,4 2,South,2,4,3
0,3,7,1,749.1164,4 2,East,2,4,3
0,3,7,2,749.6931,4 3,East,2,4,3
0,3,7,2,750.5608,4 4,East,2,4,3
0,3,7,1,751.4072,4 4,North,2,4,3
0,3,7,2,752.0816,3 4,North,2,4,3
0,3,7,2,752.6595,2 4,North,2,4,3
0,3,7,2,753.2821,1 4,North,2,4,3
0,3,7,2,754.1468,0 4,North,2,4,3
0,3,7,6,754.52,0 4,North,2,5,3
0,3,7,1,755.0746,0 4,West,2,5,3
0,3,7,1,755.5957,0 4,South,2,5,3
0,3,7,2,756.4335,1 4,South,2,5,3
0,3,7,3,757.1851,1 4,West,2,5,3
0,3,7,2,757.7272,1 3,West,2,5,3
0,3,7,6,758.14,1 3,West,2,6,3
0,3,7,1,758.7979,1 3,South,2,6,3
0,3,7,2,759.3453,2 3,South,2,6,3
0,3,7,3,760.0325,2 3,West,2,6,3
0,3,7,2,760.57,2 2,West,2,6,3
0,3,7,3,761.2041,2 2,North,2,6,3
0,3,7,2,761.7412,1 2,North,2,6,3
0,3,7,2,762.3308,0 2,North,2,6,3
0,3,7,1,762.9769,0 2,West,2,6,3
0,3,7,2,763.5168,0 1,West,2,6,3
0,3,7,1,764.3942,0 1,South,2,6,3
0,3,7,1,765.0858,0 1,East,2,6,3
0,3,7,2,765.7433,0 2,East,2,6,3
0,3,7,3,766.3398,0 2,South,2,6,3
0,3,7,2,767.0381,1 2,South,2,6,3
0,3,7,1,767.6473,1 2,East,2,6,3
0,3,7,3,768.1718,1 2,South,2,6,3
0,3,7,2,768.9865,2 2,South,2,6,3
0,3,7,1,769.6628,2 2,East,2,6,3
0,3,7,2,770.2743,2 3,East,2,6,3
0,3,7,1,770.9771,2 3,North,2,6,3
0,3,7,2,771.5142,1 3,North,2,6,3
0,3,7,3,772.2606,1 3,East,2,6,3
0,3,7,2,772.9064,1 4,East,2,6,3
0,3,7,3,773.566,1 4,South,2,6,3
0,3,7,1,774.2747,1 4,East,2,6,3
0,3,7,1,774.8951,1 4,North,2,6,3
0,3,7,2,775.7588,0 4,North,2,6,3
0,3,7,1,776.41,0 4,West,2,6,3
0,3,7,1,777.1022,0 4,South,2,6,3
0,3,7,2,777.9164,1 4,South,2,6,3
0,3,7,2,779.02,2 4,South,2,6,3
0,3,7,2,779.7158,3 4,South,2,6,3
0,3,7,2,780.8521,4 4,South,2,6,3
0,3,7,3,781.4857,4 4,West,2,6,3
0,3,7,2,782.0311,4 3,West,2,6,3
0,3,7,2,782.6348,4 2,West,2,6,3
0,3,7,3,783.4348,4 2,North,2,6,3
0,3,7,2,784.1783,3 2,North,2,6,3
0,3,7,3,784.8947,3 2,East,2,6,3
0,3,7,1,785.756,3 2,North,2,6,3
0,3,7,1,786.682,3 2,West,2,6,3
0,3,7,2,787.2042,3 1,West,2,6,3
0,3,7,3,787.7701,3 1,North,2,6,3
0,3,7,2,788.3893,2 1,North,2,6,3
0,3,7,2,788.9087,1 1,North,2,6,3
0,3,7,1,789.4874,1 1,West,2,6,3
0,3,7,2,790.3238,1 0,West,2,6,3
0,3,7,1,790.9771,1 0,South,2,6,3
0,3,7,2,791.7388,2 0,South,2,6,3
0,3,7,2,792.306,3 0,South,2,6,3
0,3,7,2,793.0038,4 0,South,2,6,3
0,3,7,6,793.38,4 0,South,2,7,3
0,3,7,1,793.5857,4 0,East,2,7,3
0,3,7,2,794.1468,4 1,East,2,7,3
0,3,7,1,794.6911,4 1,North,2,7,3
0,3,7,1,795.2419,4 1,West,2,7,3
0,3,7,2,795.9646,4 0,West,2,7,3
0,3,7,3,796.7345,4 0,North,2,7,3
0,3,7,2,797.4026,3 0,North,2,7,3
0,3,7,2,798.1219,2 0,North,2,7,3
0,3,7,2,798.7032,1 0,North,2,7,3
0,3,7,3,799.58,1 0,East,2,7,3
0,3,7,2,800.2376,1 1,East,2,7,3
0,3,7,3,800.8932,1 1,South,2,7,3
0,3,7,2,801.4561,2 1,South,2,7,3
0,3,7,2,802.1392,3 1,South,2,7,3
0,3,7,1,802.9734,3 1,East,2,7,3
0,3,7,2,803.4858,3 2,East,2,7,3
0,3,7,3,804.2218,3 2,South,2,7,3
0,3,7,2,804.834,4 2,South,2,7,3
0,3,7,1,805.6121,4 2,East,2,7,3
0,3,7,2,806.4597,4 3,East,2,7,3
0,3,7,6,806.86,4 3,East,2,8,3
3,3,7,1,813.9483,4 3,North,2,0,0
3,3,7,6,814.34,4 3,North,2,1,0
3,3,7,3,815.5865,4 4,North,2,1,0
3,3,7,2,817.0574,3 4,North,2,1,0
3,3,7,2,817.8251,2 4,North,2,1,0
3,3,7,2,818.8258,1 4,North,2,1,0
3,3,7,6,819.22,1 4,North,2,2,0
3,3,7,2,820.2896,0 4,North,2,2,0
3,3,7,1,821.0865,0 3,North,2,2,0
3,3,7,6,821.5,0 3,North,2,3,0
3,3,7,3,824.0537,0 4,North,2,3,0
3,3,7,4,824.8416,1 4,North,2,3,0
3,3,7,4,825.5248,2 4,North,2,3,0
3,3,7,4,826.348,3 4,North,2,3,0
3,3,7,4,827.2599,4 4,North,2,3,0
3,3,7,1,827.8387,4 3,North,2,3,0
3,3,7,2,828.4149,4 3,North,2,3,1
3,3,7,1,829.0732,4 2,North,2,3,1
3,3,7,1,829.6273,4 2,North,2,3,2
3,3,7,2,830.0833,3 2,North,2,3,2
3,3,7,1,830.7724,3 1,North,2,3,2
3,3,7,4,831.5316,3 1,North,2,3,3
3,3,7,1,832.0748,3 1,North,2,3,4
3,3,7,2,832.7321,2 1,North,2,3,4
3,3,7,1,833.3428,2 1,North,2,3,5
3,3,7,2,834.7369,1 1,North,2,3,5
3,3,7,1,835.5302,1 0,North,2,3,5
3,3,7,4,836.0434,2 0,North,2,3,5
3,3,7,4,836.6678,3 0,North,2,3,5
3,3,7,4,837.4133,4 0,North,2,3,5
3,3,7,6,837.78,4 0,North,2,4,5
3,3,7,2,838.5477,3 0,North,2,4,5
3,3,7,2,839.3483,2 0,North,2,4,5
3,3,7,2,839.9825,1 0,North,2,4,5
3,3,7,3,840.6514,1 1,North,2,4,5
3,3,7,4,841.5021,2 1,North,2,4,5
3,3,7,4,842.9423,3 1,North,2,4,5
3,3,7,3,844.2061,3 2,North,2,4,5
3,3,7,6,844.62,3 2,North,2,5,5
3,3,7,3,844.8106,3 3,North,2,5,5
3,3,7,1,845.5074,3 2,North,2,5,5
3,3,7,1,846.4352,3 1,North,2,5,5
3,3,7,2,847.1882,2 1,North,2,5,5
3,3,7,2,847.9211,1 1,North,2,5,5
3,3,7,2,848.4897,1 1,North,2,5,6
3,3,7,1,848.8751,1 0,North,2,5,6
3,3,7,6,849.28,1 0,North,2,6,6
3,3,7,3,849.6971,1 1,North,2,6,6
3,3,7,6,850.1,1 1,North,2,7,6
3,3,7,4,850.5095,2 1,North,2,7,6
3,3,7,1,851.1627,2 1,North,2,7,7
3,3,7,2,851.713,1 1,North,2,7,7
3,3,7,1,852.3233,1 0,North,2,7,7
3,3,7,4,852.8457,2 0,North,2,7,7
3,3,7,6,853.22,2 0,North,2,8,7
0,3,8,2,857.5686,3 4,North,2,0,7
0,3,8,6,857.96,3 4,North,2,1,7
0,3,8,2,860.9959,2 4,North,2,1,7
0,3,8,2,861.616,1 4,North,2,1,7
0,3,8,1,862.5087,1 4,West,2,1,7
0,3,8,2,863.2648,1 3,West,2,1,7
0,3,8,1,863.8873,1 3,South,2,1,7
0,3,8,2,864.4523,2 3,South,2,1,7
0,3,8,6,864.82,2 3,South,2,2,7
0,3,8,3,865.274,2 3,West,2,2,7
0,3,8,2,865.8871,2 2,West,2,2,7
0,3,8,3,866.7021,2 2,North,2,2,7
0,3,8,2,867.2318,1 2,North,2,2,7
0,3,8,6,867.62,1 2,North,2,3,7
0,3,8,2,867.871,0 2,North,2,3,7
0,3,8,1,868.6209,0 2,West,2,3,7
0,3,8,2,869.2943,0 1,West,2,3,7
0,3,8,1,871.4544,0 1,South,2,3,7
0,3,8,1,872.0338,0 1,East,2,3,7
0,3,8,2,872.8588,0 2,East,2,3,7
0,3,8,3,873.665,0 2,South,2,3,7
0,3,8,2,874.2377,1 2,South,2,3,7
0,3,8,2,875.0537,2 2,South,2,3,7
0,3,8,1,875.5963,2 2,East,2,3,7
0,3,8,2,876.1459,2 3,East,2,3,7
0,3,8,1,876.877,2 3,North,2,3,7
0,3,8,2,877.7962,1 3,North,2,3,7
0,3,8,3,878.4832,1 3,East,2,3,7
0,3,8,2,879.0898,1 4,East,2,3,7
0,3,8,3,879.7861,1 4,South,2,3,7
0,3,8,3,880.6573,1 4,West,2,3,7
0,3,8,1,881.8068,1 4,South,2,3,7
0,3,8,2,882.4589,2 4,South,2,3,7
0,3,8,2,882.9933,3 4,South,2,3,7
0,3,8,2,883.6843,4 4,South,2,3,7
0,3,8,3,884.4937,4 4,West,2,3,7
0,3,8,2,885.0356,4 3,West,2,3,7
0,3,8,2,885.6192,4 2,West,2,3,7
0,3,8,3,886.3026,4 2,North,2,3,7
0,3,8,2,887.1192,3 2,North,2,3,7
0,3,8,3,887.7379,3 2,East,2,3,7
0,3,8,2,888.2748,3 3,East,2,3,7
0,3,8,6,888.68,3 3,East,2,4,7
0,3,8,1,888.9725,3 3,North,2,4,7
0,3,8,1,889.7859,3 3,West,2,4,7
0,3,8,2,890.42,3 2,West,2,4,7
0,3,8,2,891.1827,3 1,West,2,4,7
0,3,8,3,891.9213,3 1,North,2,4,7
0,3,8,2,892.4503,2 1,North,2,4,7
0,3,8,2,893.2921,1 1,North,2,4,7
0,3,8,1,894.0785,1 1,West,2,4,7
0,3,8,2,894.7661,1 0,West,2,4,7
0,3,8,1,895.5194,1 0,South,2,4,7
0,3,8,2,896.1141,2 0,South,2,4,7
0,3,8,2,896.7491,3 0,South,2,4,7
0,3,8,1,897.5346,3 0,East,2,4,7
0,3,8,3,898.1266,3 0,South,2,4,7
0,3,8,2,898.7545,4 0,South,2,4,7
0,3,8,1,899.5043,4 0,East,2,4,7
0,3,8,2,900.1425,4 1,East,2,4,7
0,3,8,1,901.9982,4 1,North,2,4,7
0,3,8,1,902.6696,4 1,West,2,4,7
0,3,8,2,903.3096,4 0,West,2,4,7
0,3,8,3,904.0817,4 0,North,2,4,7
0,3,8,2,904.8015,3 0,North,2,4,7
0,3,8,2,905.3743,2 0,North,2,4,7
0,3,8,2,906.1861,1 0,North,2,4,7
0,3,8,3,906.9456,1 0,East,2,4,7
0,3,8,2,907.5542,1 1,East,2,4,7
0,3,8,3,908.2885,1 1,South,2,4,7
0,3,8,2,908.8582,2 1,South,2,4,7
0,3,8,2,909.6316,3 1,South,2,4,7
0,3,8,1,910.2085,3 1,East,2,4,7
0,3,8,2,911.0903,3 2,East,2,4,7
0,3,8,3,911.8041,3 2,South,2,4,7
0,3,8,2,912.4946,4 2,South,2,4,7
0,3,8,1,913.264,4 2,East,2,4,7
0,3,8,2,913.8984,4 3,East,2,4,7
0,3,8,2,914.4259,4 4,East,2,4,7
0,3,8,1,915.1153,4 4,North,2,4,7
0,3,8,2,915.7249,3 4,North,2,4,7
0,3,8,2,916.2859,2 4,North,2,4,7
0,3,8,6,916.66,2 4,North,2,5,7
0,3,8,1,917.1376,2 4,West,2,5,7
0,3,8,3,917.7258,2 4,North,2,5,7
0,3,8,2,918.2714,1 4,North,2,5,7
0,3,8,2,918.863,0 4,North,2,5,7
0,3,8,1,919.7142,0 4,West,2,5,7
0,3,8,1,920.3009,0 4,South,2,5,7
0,3,8,2,921.0876,1 4,South,2,5,7
0,3,8,3,921.7327,1 4,West,2,5,7
0,3,8,2,922.416,1 3,West,2,5,7
0,3,8,1,923.1636,1 3,South,2,5,7
0,3,8,2,923.8672,2 3,South,2,5,7
0,3,8,3,924.6044,2 3,West,2,5,7
0,3,8,2,925.1778,2 2,West,2,5,7
0,3,8,3,925.9025,2 2,North,2,5,7
0,3,8,2,926.4619,1 2,North,2,5,7
0,3,8,2,927.087,0 2,North,2,5,7
0,3,8,1,927.9404,0 2,West,2,5,7
0,3,8,2,928.5571,0 1,West,2,5,7
0,3,8,1,929.7227,0 1,South,2,5,7
0,3,8,1,930.3397,0 1,East,2,5,7
0,3,8,2,931.132,0 2,East,2,5,7
0,3,8,3,931.9221,0 2,South,2,5,7
0,3,8,2,932.6581,1 2,South,2,5,7
0,3,8,2,933.5013,2 2,South,2,5,7
0,3,8,1,934.1448,2 2,East,2,5,7
0,3,8,2,934.683,2 3,East,2,5,7
0,3,8,1,935.2935,2 3,North,2,5,7
0,3,8,2,935.8413,1 3,North,2,5,7
0,3,8,3,936.6703,1 3,East,2,5,7
0,3,8,2,937.3154,1 4,East,2,5,7
0,3,8,3,938.0298,1 4,South,2,5,7
0,3,8,2,938.5479,2 4,South,2,5,7
0,3,8,2,939.183,3 4,South,2,5,7
0,3,8,2,939.8362,4 4,South,2,5,7
0,3,8,3,940.7533,4 4,West,2,5,7
0,3,8,2,941.3389,4 3,West,2,5,7
0,3,8,3,942.1082,4 3,North,2,5,7
0,3,8,1,942.9776,4 3,West,2,5,7
0,3,8,2,943.6003,4 2,West,2,5,7
0,3,8,3,944.3312,4 2,North,2,5,7
0,3,8,2,945.1158,3 2,North,2,5,7
0,3,8,6,945.5,3 2,North,2,6,7
0,3,8,3,946.1115,3 2,East,2,6,7
0,3,8,1,946.6359,3 2,North,2,6,7
0,3,8,1,947.5535,3 2,West,2,6,7
0,3,8,2,948.1266,3 1,West,2,6,7
0,3,8,3,948.8112,3 1,North,2,6,7
0,3,8,2,949.3383,2 1,North,2,6,7
0,3,8,2,949.892,1 1,North,2,6,7
0,3,8,1,950.6061,1 1,West,2,6,7
0,3,8,1,951.2757,1 1,South,2,6,7
0,3,8,3,952.2062,1 1,West,2,6,7
0,3,8,2,952.8638,1 0,West,2,6,7
0,3,8,1,953.6277,1 0,South,2,6,7
0,3,8,2,954.5071,2 0,South,2,6,7
0,3,8,2,955.0277,3 0,South,2,6,7
0,3,8,1,955.8101,3 0,East,2,6,7
0,3,8,3,956.5891,3 0,South,2,6,7
0,3,8,2,957.3593,4 0,South,2,6,7
0,3,8,1,958.0955,4 0,East,2,6,7
0,3,8,2,958.7823,4 1,East,2,6,7
0,3,8,1,959.9055,4 1,North,2,6,7
0,3,8,1,960.4284,4 1,West,2,6,7
0,3,8,2,960.9626,4 0,West,2,6,7
0,3,8,3,961.7147,4 0,North,2,6,7
0,3,8,2,962.3851,3 0,North,2,6,7
0,3,8,2,962.9916,2 0,North,2,6,7
0,3,8,3,963.8224,2 0,East,2,6,7
0,3,8,1,964.5864,2 0,North,2,6,7
0,3,8,2,965.3737,1 0,North,2,6,7
0,3,8,3,966.062,1 0,East,2,6,7
0,3,8,2,966.6727,1 1,East,2,6,7
0,3,8,3,967.3923,1 1,South,2,6,7
0,3,8,2,968.1429,2 1,South,2,6,7
0,3,8,2,968.7936,3 1,South,2,6,7
0,3,8,1,969.4103,3 1,East,2,6,7
0,3,8,2,969.9724,3 2,East,2,6,7
0,3,8,3,970.5088,3 2,South,2,6,7
0,3,8,2,971.0276,4 2,South,2,6,7
0,3,8,1,971.8349,4 2,East,2,6,7
0,3,8,2,972.3797,4 3,East,2,6,7
0,3,8,2,973.1943,4 4,East,2,6,7
0,3,8,1,973.7278,4 4,North,2,6,7
0,3,8,2,974.3563,3 4,North,2,6,7
0,3,8,2,974.929,2 4,North,2,6,7
0,3,8,2,975.5234,1 4,North,2,6,7
0,3,8,2,976.3298,0 4,North,2,6,7
0,3,8,1,976.9077,0 4,West,2,6,7
0,3,8,1,977.7787,0 4,South,2,6,7
0,3,8,2,978.5929,1 4,South,2,6,7
0,3,8,3,979.3552,1 4,West,2,6,7
0,3,8,2,979.8708,1 3,West,2,6,7
0,3,8,1,980.6226,1 3,South,2,6,7
0,3,8,2,981.2952,2 3,South,2,6,7
0,3,8,3,981.8571,2 3,West,2,6,7
0,3,8,2,982.5078,2 2,West,2,6,7
0,3,8,3,983.1998,2 2,North,2,6,7
0,3,8,2,983.9481,1 2,North,2,6,7
0,3,8,2,984.7977,0 2,North,2,6,7
0,3,8,1,985.5545,0 2,West,2,6,7
0,3,8,2,986.1578,0 1,West,2,6,7
0,3,8,2,986.9227,0 0,West,2,6,7
0,3,8,6,987.34,0 0,West,2,7,7
0,3,8,1,987.9542,0 0,South,2,7,7
0,3,8,1,988.5239,0 0,East,2,7,7
0,3,8,2,989.226,0 1,East,2,7,7
0,3,8,2,989.7384,0 2,East,2,7,7
0,3,8,6,990.14,0 2,East,2,8,7
3,3,8,1,994.9539,4 3,North,2,0,0
3,3,8,2,995.5645,4 3,North,2,0,1
3,3,8,1,996.1814,4 2,North,2,0,1
3,3,8,2,996.7535,3 2,North,2,0,1
3,3,8,3,997.4088,3 3,North,2,0,1
3,3,8,6,997.82,3 3,North,2,1,1
3,3,8,2,999.0132,3 3,North,2,1,2
3,3,8,1,999.4284,3 2,North,2,1,2
3,3,8,4,1000.257,4 2,North,2,1,2
3,3,8,3,1001.135,4 3,North,2,1,2
3,3,8,3,1001.792,4 4,North,2,1,2
3,3,8,2,1002.416,3 4,North,2,1,2
3,3,8,2,1002.971,2 4,North,2,1,2
3,3,8,2,1003.788,1 4,North,2,1,2
3,3,8,1,1004.494,1 3,North,2,1,2
3,3,8,2,1005.12,1 3,North,2,1,3
3,3,8,2,1005.663,1 3,North,2,1,4
3,3,8,1,1006.14,1 3,North,2,1,5
3,3,8,1,1006.821,1 3,North,2,1,6
3,3,8,3,1007.39,1 4,North,2,1,6
3,3,8,2,1008.002,0 4,North,2,1,6
3,3,8,1,1008.82,0 3,North,2,1,6
3,3,8,1,1009.477,0 3,North,2,1,7
3,3,8,4,1010.096,0 3,North,2,1,8
3,3,8,3,1011.404,0 4,North,2,1,8
3,3,8,4,1012.276,1 4,North,2,1,8
3,3,8,2,1013.533,0 4,North,2,1,8
3,3,8,4,1014.395,1 4,North,2,1,8
3,3,8,1,1015.186,1 3,North,2,1,8
3,3,8,1,1015.935,1 3,North,2,1,9
3,3,8,4,1016.533,2 3,North,2,1,9
3,3,8,1,1017.249,2 2,North,2,1,9
3,3,8,2,1018.127,1 2,North,2,1,9
3,3,8,2,1018.881,0 2,North,2,1,9
3,3,8,6,1019.26,0 2,North,2,2,9
3,3,8,4,1019.71,1 2,North,2,2,9
3,3,8,4,1020.562,2 2,North,2,2,9
3,3,8,3,1021.147,2 3,North,2,2,9
3,3,8,2,1022.004,1 3,North,2,2,9
3,3,8,3,1022.788,1 4,North,2,2,9
3,3,8,4,1023.555,2 4,North,2,2,9
3,3,8,6,1023.92,2 4,North,2,3,9
3,3,8,2,1024.341,1 4,North,2,3,9
3,3,8,1,1024.866,1 3,North,2,3,9
3,3,8,4,1025.425,2 3,North,2,3,9
3,3,8,1,1026.37,2 2,North,2,3,9
3,3,8,4,1027.037,2 2,North,2,3,10
3,3,8,1,1027.681,2 2,North,2,3,11
3,3,8,3,1028.528,2 3,North,2,3,11
3,3,8,2,1029.309,1 3,North,2,3,11
3,3,8,3,1029.87,1 4,North,2,3,11
3,3,8,4,1030.72,2 4,North,2,3,11
3,3,8,4,1031.291,3 4,North,2,3,11
3,3,8,1,1032.061,3 4,North,2,3,12
3,3,8,4,1032.578,4 4,North,2,3,12
3,3,8,1,1033.259,4 3,North,2,3,12
3,3,8,1,1033.925,4 2,North,2,3,12
3,3,8,2,1034.785,3 2,North,2,3,12
3,3,8,6,1035.18,3 2,North,2,4,12
3,3,8,4,1035.762,4 2,North,2,4,12
3,3,8,3,1036.353,4 3,North,2,4,12
3,3,8,3,1037.262,4 4,North,2,4,12
3,3,8,3,1037.805,4 4,North,2,4,12
3,3,8,2,1038.164,3 4,North,2,4,12
3,3,8,2,1038.707,2 4,North,2,4,12
3,3,8,2,1039.28,1 4,North,2,4,12
3,3,8,2,1039.823,0 4,North,2,4,12
3,3,8,6,1040.2,0 4,North,2,5,12
3,3,8,4,1040.766,1 4,North,2,5,12
3,3,8,1,1041.659,1 3,North,2,5,12
3,3,8,6,1042.06,1 3,North,2,6,12
3,3,8,1,1043.206,1 3,North,2,6,13
3,3,8,2,1043.691,1 3,North,2,6,14
3,3,8,4,1044.778,2 3,North,2,6,14
3,3,8,1,1045.423,2 2,North,2,6,14
3,3,8,1,1046.187,2 2,North,2,6,15
3,3,8,2,1046.846,1 2,North,2,6,15
3,3,8,1,1047.437,1 2,North,2,6,16
3,3,8,3,1048.092,1 2,North,2,6,17
3,3,8,2,1048.803,0 2,North,2,6,17
3,3,8,1,1049.538,0 1,North,2,6,17
3,3,8,6,1049.94,0 1,North,2,7,17
3,3,8,1,1050.961,0 0,North,2,7,17
3,3,8,4,1051.581,0 0,North,2,7,18
3,3,8,3,1052.095,0 1,North,2,7,18
3,3,8,4,1052.666,0 1,North,2,7,19
3,3,8,3,1053.293,0 2,North,2,7,19
3,3,8,3,1054.017,0 2,North,2,7,20
3,3,8,4,1054.395,1 2,North,2,7,20
3,3,8,4,1055.006,2 2,North,2,7,20
3,3,8,1,1055.714,2 2,North,2,7,21
3,3,8,2,1056.57,1 2,North,2,7,21
3,3,8,1,1057.345,1 2,North,2,7,22
3,3,8,4,1057.997,2 2,North,2,7,22
3,3,8,4,1058.588,2 2,North,2,7,23
3,3,8,3,1059.285,2 3,North,2,7,23
3,3,8,4,1059.857,2 3,North,2,7,24
3,3,8,2,1060.607,1 3,North,2,7,24
3,3,8,3,1061.5,1 4,North,2,7,24
3,3,8,4,1062.116,2 4,North,2,7,24
3,3,8,4,1062.643,3 4,North,2,7,24
3,3,8,1,1063.343,3 4,North,2,7,25
3,3,8,4,1063.804,4 4,North,2,7,25
3,3,8,1,1064.589,4 3,North,2,7,25
3,3,8,1,1065.301,4 2,North,2,7,25
3,3,8,1,1065.952,4 2,North,2,7,26
3,3,8,2,1066.46,3 2,North,2,7,26
3,3,8,1,1067.179,3 1,North,2,7,26
3,3,8,1,1067.909,3 1,North,2,7,27
3,3,8,2,1068.42,2 1,North,2,7,27
3,3,8,1,1069.086,2 1,North,2,7,28
3,3,8,4,1069.622,3 1,North,2,7,28
3,3,8,4,1070.159,3 1,North,2,7,29
3,3,8,4,1070.573,3 1,North,2,7,30
3,3,8,4,1071.215,3 1,North,2,7,31
3,3,8,3,1071.649,3 2,North,2,7,31
3,3,8,2,1072.46,3 2,North,2,7,32
3,3,8,3,1073.313,3 3,North,2,7,32
3,3,8,2,1073.885,3 3,North,2,7,33
3,3,8,3,1074.396,3 3,North,2,7,34
3,3,8,3,1074.928,3 3,North,2,7,35
3,3,8,3,1076.237,3 3,North,2,7,36
3,3,8,2,1078.402,3 3,North,2,7,37
3,3,8,4,1079.345,3 3,North,2,7,38
3,3,8,3,1080.366,3 3,North,2,7,39
3,3,8,1,1081.302,3 2,North,2,7,39
3,3,8,1,1082.173,3 1,North,2,7,39
3,3,8,1,1082.849,3 1,North,2,7,40
3,3,8,2,1084.116,2 1,North,2,7,40
3,3,8,1,1084.973,2 1,North,2,7,41
3,3,8,2,1085.619,1 1,North,2,7,41
3,3,8,1,1086.475,1 0,North,2,7,41
3,3,8,4,1087.155,2 0,North,2,7,41
3,3,8,4,1087.996,3 0,North,2,7,41
3,3,8,6,1088.36,3 0,North,2,8,41
0,3,9,2,1093.648,3 4,North,2,0,41
0,3,9,2,1094.547,2 4,North,2,0,41
0,3,9,2,1095.182,1 4,North,2,0,41
0,3,9,2,1095.809,0 4,North,2,0,41
0,3,9,1,1096.657,0 4,West,2,0,41
0,3,9,1,1097.411,0 4,South,2,0,41
0,3,9,2,1098.031,1 4,South,2,0,41
0,3,9,3,1098.625,1 4,West,2,0,41
0,3,9,2,1099.185,1 3,West,2,0,41
0,3,9,1,1100.13,1 3,South,2,0,41
0,3,9,2,1100.85,2 3,South,2,0,41
0,3,9,3,1101.503,2 3,West,2,0,41
0,3,9,2,1102.094,2 2,West,2,0,41
0,3,9,3,1102.881,2 2,North,2,0,41
0,3,9,2,1103.73,1 2,North,2,0,41
0,3,9,2,1104.413,0 2,North,2,0,41
0,3,9,1,1105.005,0 2,West,2,0,41
0,3,9,2,1105.681,0 1,West,2,0,41
0,3,9,1,1106.603,0 1,South,2,0,41
0,3,9,1,1107.312,0 1,East,2,0,41
0,3,9,2,1107.889,0 2,East,2,0,41
0,3,9,3,1108.509,0 2,South,2,0,41
0,3,9,2,1109.137,1 2,South,2,0,41
0,3,9,2,1109.947,2 2,South,2,0,41
0,3,9,1,1110.735,2 2,East,2,0,41
0,3,9,2,1111.323,2 3,East,2,0,41
0,3,9,1,1111.899,2 3,North,2,0,41
0,3,9,2,1112.757,1 3,North,2,0,41
0,3,9,3,1113.554,1 3,East,2,0,41
0,3,9,2,1114.25,1 4,East,2,0,41
0,3,9,3,1114.979,1 4,South,2,0,41
0,3,9,2,1115.535,2 4,South,2,0,41
0,3,9,2,1116.093,3 4,South,2,0,41
0,3,9,3,1116.961,3 4,West,2,0,41
0,3,9,1,1117.774,3 4,South,2,0,41
0,3,9,2,1118.514,4 4,South,2,0,41
0,3,9,3,1119.152,4 4,West,2,0,41
0,3,9,2,1119.855,4 3,West,2,0,41
0,3,9,2,1120.369,4 2,West,2,0,41
0,3,9,3,1121.167,4 2,North,2,0,41
0,3,9,2,1121.905,3 2,North,2,0,41
0,3,9,3,1122.565,3 2,East,2,0,41
0,3,9,1,1123.276,3 2,North,2,0,41
0,3,9,1,1123.938,3 2,West,2,0,41
0,3,9,2,1124.559,3 1,West,2,0,41
0,3,9,3,1125.203,3 1,North,2,0,41
0,3,9,2,1125.804,2 1,North,2,0,41
0,3,9,2,1126.404,1 1,North,2,0,41
0,3,9,1,1127.229,1 1,West,2,0,41
0,3,9,2,1128.111,1 0,West,2,0,41
0,3,9,1,1128.82,1 0,South,2,0,41
0,3,9,2,1129.387,2 0,South,2,0,41
0,3,9,2,1130.079,3 0,South,2,0,41
0,3,9,2,1130.674,4 0,South,2,0,41
0,3,9,1,1131.292,4 0,East,2,0,41
0,3,9,2,1131.844,4 1,East,2,0,41
0,3,9,6,1132.26,4 1,East,2,1,41
0,3,9,1,1132.42,4 1,North,2,1,41
0,3,9,1,1132.945,4 1,West,2,1,41
0,3,9,2,1133.484,4 0,West,2,1,41
0,3,9,3,1134.155,4 0,North,2,1,41
0,3,9,2,1134.928,3 0,North,2,1,41
0,3,9,2,1135.475,2 0,North,2,1,41
0,3,9,2,1136.316,1 0,North,2,1,41
0,3,9,6,1136.7,1 0,North,2,2,41
0,3,9,3,1137.069,1 0,East,2,2,41
0,3,9,2,1137.712,1 1,East,2,2,41
0,3,9,3,1138.253,1 1,South,2,2,41
0,3,9,2,1138.814,2 1,South,2,2,41
0,3,9,6,1139.18,2 1,South,2,3,41
0,3,9,2,1139.354,3 1,South,2,3,41
0,3,9,1,1140.171,3 1,East,2,3,41
0,3,9,2,1141.071,3 2,East,2,3,41
0,3,9,3,1141.664,3 2,South,2,3,41
0,3,9,2,1142.203,4 2,South,2,3,41
0,3,9,6,1142.58,4 2,South,2,4,41
0,3,9,1,1143.054,4 2,East,2,4,41
0,3,9,2,1143.616,4 3,East,2,4,41
0,3,9,2,1144.163,4 4,East,2,4,41
0,3,9,1,1144.994,4 4,North,2,4,41
0,3,9,2,1145.618,3 4,North,2,4,41
0,3,9,2,1146.256,2 4,North,2,4,41
0,3,9,2,1146.788,1 4,North,2,4,41
0,3,9,2,1147.327,0 4,North,2,4,41
0,3,9,1,1147.969,0 4,West,2,4,41
0,3,9,1,1148.604,0 4,South,2,4,41
0,3,9,2,1149.153,1 4,South,2,4,41
0,3,9,3,1149.97,1 4,West,2,4,41
0,3,9,2,1150.54,1 3,West,2,4,41
0,3,9,1,1151.28,1 3,South,2,4,41
0,3,9,2,1151.875,2 3,South,2,4,41
0,3,9,3,1152.498,2 3,West,2,4,41
0,3,9,2,1153.138,2 2,West,2,4,41
0,3,9,3,1153.706,2 2,North,2,4,41
0,3,9,2,1154.305,1 2,North,2,4,41
0,3,9,2,1155.173,0 2,North,2,4,41
0,3,9,1,1155.759,0 2,West,2,4,41
0,3,9,2,1156.268,0 1,West,2,4,41
0,3,9,6,1156.68,0 1,West,2,5,41
0,3,9,1,1157.194,0 1,South,2,5,41
0,3,9,1,1157.941,0 1,East,2,5,41
0,3,9,2,1158.833,0 2,East,2,5,41
0,3,9,3,1159.565,0 2,South,2,5,41
0,3,9,2,1160.288,1 2,South,2,5,41
0,3,9,1,1161.119,1 2,East,2,5,41
0,3,9,3,1162.015,1 2,South,2,5,41
0,3,9,2,1163.195,2 2,South,2,5,41
0,3,9,1,1163.952,2 2,East,2,5,41
0,3,9,2,1164.798,2 3,East,2,5,41
0,3,9,1,1165.425,2 3,North,2,5,41
0,3,9,2,1165.985,1 3,North,2,5,41
0,3,9,3,1166.771,1 3,East,2,5,41
0,3,9,2,1167.55,1 4,East,2,5,41
0,3,9,3,1168.372,1 4,South,2,5,41
0,3,9,2,1168.986,2 4,South,2,5,41
0,3,9,2,1169.646,3 4,South,2,5,41
0,3,9,2,1170.346,4 4,South,2,5,41
0,3,9,3,1170.925,4 4,West,2,5,41
0,3,9,2,1171.492,4 3,West,2,5,41
0,3,9,2,1172.05,4 2,West,2,5,41
0,3,9,3,1173.04,4 2,North,2,5,41
0,3,9,2,1173.762,3 2,North,2,5,41
0,3,9,3,1174.414,3 2,East,2,5,41
0,3,9,1,1175.025,3 2,North,2,5,41
0,3,9,1,1175.695,3 2,West,2,5,41
0,3,9,2,1176.333,3 1,West,2,5,41
0,3,9,3,1176.959,3 1,North,2,5,41
0,3,9,2,1177.549,2 1,North,2,5,41
0,3,9,2,1178.097,1 1,North,2,5,41
0,3,9,1,1178.644,1 1,West,2,5,41
0,3,9,2,1179.214,1 0,West,2,5,41
0,3,9,1,1180.018,1 0,South,2,5,41
0,3,9,2,1180.643,2 0,South,2,5,41
0,3,9,2,1181.244,3 0,South,2,5,41
0,3,9,6,1181.62,3 0,South,2,6,41
0,3,9,1,1182.047,3 0,East,2,6,41
0,3,9,3,1182.818,3 0,South,2,6,41
0,3,9,2,1183.454,4 0,South,2,6,41
0,3,9,1,1184.275,4 0,East,2,6,41
0,3,9,2,1184.813,4 1,East,2,6,41
0,3,9,1,1185.375,4 1,North,2,6,41
0,3,9,2,1186.301,4 1,North,2,6,41
0,3,9,1,1186.655,4 1,West,2,6,41
0,3,9,2,1187.45,4 0,West,2,6,41
0,3,9,3,1188.286,4 0,North,2,6,41
0,3,9,2,1188.992,3 0,North,2,6,41
0,3,9,2,1189.822,2 0,North,2,6,41
0,3,9,2,1190.718,1 0,North,2,6,41
0,3,9,3,1191.424,1 0,East,2,6,41
0,3,9,2,1192.076,1 1,East,2,6,41
0,3,9,3,1192.674,1 1,South,2,6,41
0,3,9,2,1193.29,2 1,South,2,6,41
0,3,9,2,1193.84,3 1,South,2,6,41
0,3,9,1,1194.385,3 1,East,2,6,41
0,3,9,2,1195.039,3 2,East,2,6,41
0,3,9,3,1195.651,3 2,South,2,6,41
0,3,9,2,1196.24,4 2,South,2,6,41
0,3,9,1,1196.945,4 2,East,2,6,41
0,3,9,2,1197.524,4 3,East,2,6,41
0,3,9,2,1198.394,4 4,East,2,6,41
0,3,9,1,1199.1,4 4,North,2,6,41
0,3,9,2,1199.792,3 4,North,2,6,41
0,3,9,2,1200.576,2 4,North,2,6,41
0,3,9,2,1201.18,1 4,North,2,6,41
0,3,9,2,1201.713,0 4,North,2,6,41
0,3,9,1,1202.256,0 4,West,2,6,41
0,3,9,1,1203.537,0 4,South,2,6,41
0,3,9,2,1204.318,1 4,South,2,6,41
0,3,9,3,1205.024,1 4,West,2,6,41
0,3,9,2,1205.659,1 3,West,2,6,41
0,3,9,1,1206.451,1 3,South,2,6,41
0,3,9,2,1206.977,2 3,South,2,6,41
0,3,9,3,1207.791,2 3,West,2,6,41
0,3,9,2,1208.369,2 2,West,2,6,41
0,3,9,6,1208.78,2 2,West,2,7,41
0,3,9,3,1208.96,2 2,North,2,7,41
0,3,9,2,1209.562,1 2,North,2,7,41
0,3,9,2,1210.415,0 2,North,2,7,41
0,3,9,1,1211.264,0 2,West,2,7,41
0,3,9,1,1212.737,0 2,South,2,7,41
0,3,9,2,1213.344,1 2,South,2,7,41
0,3,9,2,1214.046,2 2,South,2,7,41
0,3,9,1,1214.75,2 2,East,2,7,41
0,3,9,2,1215.711,2 3,East,2,7,41
0,3,9,1,1216.417,2 3,North,2,7,41
0,3,9,2,1216.943,1 3,North,2,7,41
0,3,9,3,1217.776,1 3,East,2,7,41
0,3,9,2,1218.58,1 4,East,2,7,41
0,3,9,3,1219.114,1 4,South,2,7,41
0,3,9,2,1219.771,2 4,South,2,7,41
0,3,9,2,1220.285,3 4,South,2,7,41
0,3,9,2,1220.979,4 4,South,2,7,41
0,3,9,3,1221.522,4 4,West,2,7,41
0,3,9,2,1222.094,4 3,West,2,7,41
0,3,9,2,1222.628,4 2,West,2,7,41
0,3,9,3,1223.518,4 2,North,2,7,41
0,3,9,2,1224.098,3 2,North,2,7,41
0,3,9,1,1224.788,3 2,West,2,7,41
0,3,9,2,1225.419,3 1,West,2,7,41
0,3,9,3,1226.206,3 1,North,2,7,41
0,3,9,2,1226.851,2 1,North,2,7,41
0,3,9,2,1227.674,1 1,North,2,7,41
0,3,9,1,1228.202,1 1,West,2,7,41
0,3,9,2,1228.779,1 0,West,2,7,41
0,3,9,1,1229.314,1 0,South,2,7,41
0,3,9,2,1230.83,2 0,South,2,7,41
0,3,9,6,1231.2,2 0,South,2,8,41
3,3,9,1,1237.887,4 3,North,2,0,0
3,3,9,1,1238.532,4 2,North,2,0,0
3,3,9,2,1239.316,3 2,North,2,0,0
3,3,9,1,1239.979,3 1,North,2,0,0
3,3,9,4,1240.722,3 1,North,2,0,1
3,3,9,1,1241.325,3 1,North,2,0,2
3,3,9,2,1241.984,2 1,North,2,0,2
3,3,9,1,1242.865,2 1,North,2,0,3
3,3,9,3,1243.276,2 1,North,2,0,4
3,3,9,3,1243.751,2 1,North,2,0,5
3,3,9,3,1245.3,2 1,North,2,0,6
3,3,9,4,1245.81,3 1,North,2,0,6
3,3,9,3,1246.405,3 2,North,2,0,6
3,3,9,4,1247.038,4 2,North,2,0,6
3,3,9,1,1247.776,4 2,North,2,0,7
3,3,9,2,1248.754,3 2,North,2,0,7
3,3,9,1,1249.909,3 1,North,2,0,7
3,3,9,2,1250.692,2 1,North,2,0,7
3,3,9,2,1251.405,1 1,North,2,0,7
3,3,9,1,1252.254,1 0,North,2,0,7
3,3,9,4,1252.942,2 0,North,2,0,7
3,3,9,4,1253.579,3 0,North,2,0,7
3,3,9,3,1254.691,3 0,North,2,0,8
3,3,9,4,1255.301,4 0,North,2,0,8
3,3,9,3,1255.981,4 1,North,2,0,8
3,3,9,6,1256.38,4 1,North,2,1,8
3,3,9,1,1256.981,4 0,North,2,1,8
3,3,9,2,1257.649,3 0,North,2,1,8
3,3,9,2,1258.261,2 0,North,2,1,8
3,3,9,2,1258.828,1 0,North,2,1,8
3,3,9,6,1259.22,1 0,North,2,2,8
3,3,9,3,1260.178,1 1,North,2,2,8
3,3,9,2,1260.848,1 1,North,2,2,9
3,3,9,1,1261.603,1 0,North,2,2,9
3,3,9,2,1262.37,1 0,North,2,2,10
3,3,9,3,1262.879,1 1,North,2,2,10
3,3,9,3,1263.562,1 1,North,2,2,11
3,3,9,4,1264.501,2 1,North,2,2,11
3,3,9,3,1265.133,2 1,North,2,2,12
3,3,9,1,1266.446,2 1,North,2,2,13
3,3,9,2,1267.807,1 1,North,2,2,13
3,3,9,2,1268.655,1 1,North,2,2,14
3,3,9,3,1270.394,1 1,North,2,2,15
3,3,9,1,1271.439,1 0,North,2,2,15
3,3,9,2,1272.595,1 0,North,2,2,16
3,3,9,4,1273.375,2 0,North,2,2,16
3,3,9,3,1274.18,2 0,North,2,2,17
3,3,9,2,1274.912,1 0,North,2,2,17
3,3,9,3,1275.884,1 1,North,2,2,17
3,3,9,4,1276.926,2 1,North,2,2,17
3,3,9,3,1277.915,2 1,North,2,2,18
3,3,9,4,1278.386,3 1,North,2,2,18
3,3,9,3,1279.011,3 2,North,2,2,18
3,3,9,2,1279.611,3 2,North,2,2,19
3,3,9,3,1280.434,3 3,North,2,2,19
3,3,9,2,1281.121,3 3,North,2,2,20
3,3,9,3,1281.613,3 3,North,2,2,21
3,3,9,3,1282.147,3 3,North,2,2,22
3,3,9,4,1282.938,3 3,North,2,2,23
3,3,9,2,1283.564,3 3,North,2,2,24
3,3,9,1,1284.556,3 2,North,2,2,24
3,3,9,2,1285.674,3 2,North,2,2,25
3,3,9,4,1286.666,4 2,North,2,2,25
3,3,9,3,1287.394,4 3,North,2,2,25
3,3,9,3,1288.027,4 4,North,2,2,25
3,3,9,2,1288.829,3 4,North,2,2,25
3,3,9,2,1289.554,2 4,North,2,2,25
3,3,9,2,1290.476,1 4,North,2,2,25
3,3,9,2,1291.34,0 4,North,2,2,25
3,3,9,1,1292.259,0 3,North,2,2,25
3,3,9,1,1293.324,0 3,North,2,2,26
3,3,9,4,1294.16,0 3,North,2,2,27
3,3,9,3,1295.123,0 4,North,2,2,27
3,3,9,4,1295.711,1 4,North,2,2,27
3,3,9,1,1296.278,1 3,North,2,2,27
3,3,9,1,1297.082,1 3,North,2,2,28
3,3,9,2,1297.854,1 3,North,2,2,29
3,3,9,3,1298.802,1 4,North,2,2,29
3,3,9,4,1299.951,2 4,North,2,2,29
3,3,9,1,1300.694,2 4,North,2,2,30
3,3,9,2,1301.341,1 4,North,2,2,30
3,3,9,1,1302.271,1 3,North,2,2,30
3,3,9,1,1303.262,1 3,North,2,2,31
3,3,9,2,1303.996,1 3,North,2,2,32
3,3,9,3,1304.817,1 4,North,2,2,32
3,3,9,2,1305.581,0 4,North,2,2,32
3,3,9,1,1306.35,0 3,North,2,2,32
3,3,9,1,1307.053,0 3,North,2,2,33
3,3,9,4,1307.695,0 3,North,2,2,34
3,3,9,3,1308.755,0 4,North,2,2,34
3,3,9,4,1309.308,1 4,North,2,2,34
3,3,9,1,1309.877,1 3,North,2,2,34
3,3,9,1,1310.593,1 3,North,2,2,35
3,3,9,2,1311.293,1 3,North,2,2,36
3,3,9,3,1312.078,1 4,North,2,2,36
3,3,9,4,1312.74,2 4,North,2,2,36
3,3,9,1,1313.328,2 4,North,2,2,37
3,3,9,4,1314.417,3 4,North,2,2,37
3,3,9,4,1318.177,4 4,North,2,2,37
3,3,9,1,1318.811,4 3,North,2,2,37
3,3,9,1,1319.629,4 2,North,2,2,37
3,3,9,1,1320.563,4 2,North,2,2,38
3,3,9,2,1321.434,3 2,North,2,2,38
3,3,9,2,1322.149,3 2,North,2,2,39
3,3,9,1,1322.89,3 1,North,2,2,39
3,3,9,2,1323.796,2 1,North,2,2,39
3,3,9,2,1324.625,1 1,North,2,2,39
3,3,9,2,1325.338,1 1,North,2,2,40
3,3,9,1,1326.005,1 0,North,2,2,40
3,3,9,2,1326.675,1 0,North,2,2,41
3,3,9,3,1327.952,1 1,North,2,2,41
3,3,9,2,1328.742,1 1,North,2,2,42
3,3,9,3,1329.73,1 1,North,2,2,43
3,3,9,1,1331.043,1 0,North,2,2,43
3,3,9,4,1332.09,2 0,North,2,2,43
3,3,9,2,1333.695,1 0,North,2,2,43
3,3,9,2,1335.792,1 0,North,2,2,44
3,3,9,3,1336.481,1 1,North,2,2,44
3,3,9,2,1337.5,1 1,North,2,2,45
3,3,9,4,1338.029,2 1,North,2,2,45
3,3,9,3,1338.643,2 1,North,2,2,46
3,3,9,4,1339.411,3 1,North,2,2,46
3,3,9,3,1340.018,3 2,North,2,2,46
3,3,9,2,1340.912,3 2,North,2,2,47
3,3,9,3,1342.415,3 3,North,2,2,47
3,3,9,2,1342.979,3 3,North,2,2,48
3,3,9,2,1343.37,3 3,North,2,2,49
3,3,9,3,1343.758,3 3,North,2,2,50
3,3,9,1,1345.482,3 2,North,2,2,50
3,3,9,1,1346.01,3 1,North,2,2,50
3,3,9,2,1346.609,2 1,North,2,2,50
3,3,9,2,1347.467,1 1,North,2,2,50
3,3,9,1,1348.291,1 0,North,2,2,50
3,3,9,2,1349.018,1 0,North,2,2,51
3,3,9,3,1349.957,1 1,North,2,2,51
3,3,9,4,1351.178,2 1,North,2,2,51
3,3,9,3,1352.096,2 1,North,2,2,52
3,3,9,4,1352.912,3 1,North,2,2,52
3,3,9,3,1354.317,3 2,North,2,2,52
3,3,9,2,1355.178,3 2,North,2,2,53
3,3,9,3,1355.595,3 3,North,2,2,53
3,3,9,3,1356.162,3 3,North,2,2,54
3,3,9,3,1356.575,3 3,North,2,2,55
3,3,9,2,1357.108,3 3,North,2,2,56
3,3,9,2,1357.858,3 3,North,2,2,57
3,3,9,1,1358.381,3 2,North,2,2,57
3,3,9,2,1359.135,3 2,North,2,2,58
3,3,9,4,1360.026,4 2,North,2,2,58
3,3,9,3,1360.655,4 3,North,2,2,58
3,3,9,3,1361.233,4 4,North,2,2,58
3,3,9,2,1361.835,3 4,North,2,2,58
3,3,9,2,1362.483,2 4,North,2,2,58
3,3,9,2,1363.054,1 4,North,2,2,58
3,3,9,2,1363.903,0 4,North,2,2,58
3,3,9,1,1364.653,0 3,North,2,2,58
3,3,9,1,1365.438,0 3,North,2,2,59
3,3,9,4,1366.189,0 3,North,2,2,60
3,3,9,3,1367.166,0 4,North,2,2,60
3,3,9,4,1367.837,1 4,North,2,2,60
3,3,9,1,1368.389,1 3,North,2,2,60
3,3,9,1,1369.184,1 3,North,2,2,61
3,3,9,2,1369.872,1 3,North,2,2,62
3,3,9,4,1370.398,2 3,North,2,2,62
3,3,9,1,1371.069,2 2,North,2,2,62
3,3,9,2,1371.69,1 2,North,2,2,62
3,3,9,1,1372.349,1 2,North,2,2,63
3,3,9,2,1373.02,0 2,North,2,2,63
3,3,9,1,1373.709,0 1,North,2,2,63
3,3,9,6,1374.1,0 1,North,2,3,63
3,3,9,3,1374.693,0 2,North,2,3,63
3,3,9,4,1375.293,1 2,North,2,3,63
3,3,9,4,1376.125,2 2,North,2,3,63
3,3,9,1,1376.767,2 2,North,2,3,64
3,3,9,3,1377.409,2 3,North,2,3,64
3,3,9,4,1378.093,2 3,North,2,3,65
3,3,9,3,1378.631,2 3,North,2,3,66
3,3,9,2,1379.345,1 3,North,2,3,66
3,3,9,3,1380.002,1 4,North,2,3,66
3,3,9,4,1380.764,2 4,North,2,3,66
3,3,9,4,1381.389,3 4,North,2,3,66
3,3,9,4,1382.047,4 4,North,2,3,66
3,3,9,1,1382.635,4 3,North,2,3,66
3,3,9,1,1383.246,4 2,North,2,3,66
3,3,9,1,1383.971,4 2,North,2,3,67
3,3,9,2,1384.605,3 2,North,2,3,67
3,3,9,2,1385.343,3 2,North,2,3,68
3,3,9,3,1386.242,3 3,North,2,3,68
3,3,9,2,1386.909,3 3,North,2,3,69
3,3,9,4,1387.79,3 3,North,2,3,70
3,3,9,1,1388.291,3 2,North,2,3,70
3,3,9,4,1389.019,4 2,North,2,3,70
3,3,9,1,1390.257,4 2,North,2,3,71
3,3,9,3,1390.669,4 3,North,2,3,71
3,3,9,3,1391.258,4 4,North,2,3,71
3,3,9,2,1391.914,3 4,North,2,3,71
3,3,9,2,1392.74,2 4,North,2,3,71
3,3,9,2,1393.573,1 4,North,2,3,71
3,3,9,1,1395.761,1 3,North,2,3,71
3,3,9,1,1396.464,1 3,North,2,3,72
3,3,9,2,1397.086,1 3,North,2,3,73
3,3,9,4,1397.595,2 3,North,2,3,73
3,3,9,1,1398.301,2 2,North,2,3,73
3,3,9,1,1399.265,2 2,North,2,3,74
3,3,9,2,1400.146,1 2,North,2,3,74
3,3,9,1,1400.989,1 2,North,2,3,75
3,3,9,2,1401.613,0 2,North,2,3,75
3,3,9,1,1402.534,0 1,North,2,3,75
3,3,9,1,1403.156,0 0,North,2,3,75
3,3,9,4,1403.812,0 0,North,2,3,76
3,3,9,3,1404.947,0 1,North,2,3,76
3,3,9,4,1405.66,0 1,North,2,3,77
3,3,9,3,1406.388,0 2,North,2,3,77
3,3,9,4,1407.075,1 2,North,2,3,77
3,3,9,1,1408.753,1 2,North,2,3,78
3,3,9,3,1409.474,1 2,North,2,3,79
3,3,9,2,1410.096,0 2,North,2,3,79
3,3,9,4,1410.673,1 2,North,2,3,79
3,3,9,4,1411.297,2 2,North,2,3,79
3,3,9,1,1412.141,2 2,North,2,3,80
3,3,9,4,1413.021,2 2,North,2,3,81
3,3,9,3,1413.57,2 3,North,2,3,81
3,3,9,4,1414.127,2 3,North,2,3,82
3,3,9,4,1414.629,2 3,North,2,3,83
3,3,9,2,1415.278,1 3,North,2,3,83
3,3,9,1,1416.015,1 3,North,2,3,84
3,3,9,4,1416.589,2 3,North,2,3,84
3,3,9,2,1417.713,1 3,North,2,3,84
3,3,9,3,1418.417,1 4,North,2,3,84
3,3,9,4,1419.068,2 4,North,2,3,84
3,3,9,4,1419.728,3 4,North,2,3,84
3,3,9,4,1420.349,4 4,North,2,3,84
3,3,9,1,1420.962,4 3,North,2,3,84
3,3,9,1,1421.616,4 2,North,2,3,84
3,3,9,1,1422.321,4 2,North,2,3,85
3,3,9,2,1422.9,3 2,North,2,3,85
3,3,9,1,1423.738,3 1,North,2,3,85
3,3,9,2,1424.475,2 1,North,2,3,85
3,3,9,1,1425.104,2 1,North,2,3,86
3,3,9,4,1425.781,3 1,North,2,3,86
3,3,9,1,1426.543,3 1,North,2,3,87
3,3,9,2,1427.054,2 1,North,2,3,87
3,3,9,2,1427.667,1 1,North,2,3,87
3,3,9,1,1428.29,1 0,North,2,3,87
3,3,9,4,1428.876,2 0,North,2,3,87
3,3,9,6,1429.24,2 0,North,2,4,87
3,3,9,2,1429.707,1 0,North,2,4,87
3,3,9,3,1430.675,1 1,North,2,4,87
3,3,9,4,1431.267,2 1,North,2,4,87
3,3,9,4,1431.963,3 1,North,2,4,87
3,3,9,3,1432.605,3 2,North,2,4,87
3,3,9,4,1433.359,4 2,North,2,4,87
3,3,9,3,1433.954,4 3,North,2,4,87
3,3,9,3,1434.482,4 4,North,2,4,87
3,3,9,2,1435.007,3 4,North,2,4,87
3,3,9,6,1435.4,3 4,North,2,5,87
3,3,9,2,1435.566,2 4,North,2,5,87
3,3,9,4,1436.947,3 4,North,2,5,87
3,3,9,4,1437.893,4 4,North,2,5,87
3,3,9,1,1438.448,4 3,North,2,5,87
3,3,9,1,1439.124,4 2,North,2,5,87
3,3,9,2,1439.936,3 2,North,2,5,87
3,3,9,1,1440.654,3 1,North,2,5,87
3,3,9,2,1441.316,2 1,North,2,5,87
3,3,9,6,1441.7,2 1,North,2,6,87
3,3,9,4,1442.096,3 1,North,2,6,87
3,3,9,3,1442.704,3 2,North,2,6,87
3,3,9,4,1443.228,4 2,North,2,6,87
3,3,9,6,1443.58,4 2,North,2,7,87
3,3,9,2,1444.09,3 2,North,2,7,87
3,3,9,1,1444.668,3 1,North,2,7,87
3,3,9,6,1445.08,3 1,North,2,8,87
0,4,10,2,1451.217,3 4,North,2,0,87
0,4,10,2,1452.42,2 4,North,2,0,87
0,4,10,2,1453.247,1 4,North,2,0,87
0,4,10,2,1453.822,0 4,North,2,0,87
0,4,10,1,1454.367,0 4,West,2,0,87
0,4,10,1,1454.992,0 4,South,2,0,87
0,4,10,2,1455.568,1 4,South,2,0,87
0,4,10,3,1456.543,1 4,West,2,0,87
0,4,10,2,1457.267,1 3,West,2,0,87
0,4,10,1,1457.795,1 3,South,2,0,87
0,4,10,2,1458.365,2 3,South,2,0,87
0,4,10,3,1459.259,2 3,West,2,0,87
0,4,10,2,1459.947,2 2,West,2,0,87
0,4,10,3,1460.611,2 2,North,2,0,87
0,4,10,2,1461.15,1 2,North,2,0,87
0,4,10,2,1461.756,0 2,North,2,0,87
0,4,10,1,1462.462,0 2,West,2,0,87
0,4,10,1,1463.393,0 2,South,2,0,87
0,4,10,2,1464.014,1 2,South,2,0,87
0,4,10,3,1465.538,1 2,West,2,0,87
0,4,10,2,1466.315,1 2,West,2,0,87
0,4,10,3,1466.641,1 2,North,2,0,87
0,4,10,2,1467.292,0 2,North,2,0,87
0,4,10,1,1467.92,0 2,West,2,0,87
0,4,10,1,1469.215,0 2,South,2,0,87
0,4,10,2,1469.949,1 2,South,2,0,87
0,4,10,2,1470.655,2 2,South,2,0,87
0,4,10,1,1471.418,2 2,East,2,0,87
0,4,10,2,1472.02,2 3,East,2,0,87
0,4,10,1,1472.587,2 3,North,2,0,87
0,4,10,2,1473.136,1 3,North,2,0,87
0,4,10,3,1473.792,1 3,East,2,0,87
0,4,10,2,1474.381,1 4,East,2,0,87
0,4,10,3,1475.133,1 4,South,2,0,87
0,4,10,2,1476.224,2 4,South,2,0,87
0,4,10,2,1476.83,3 4,South,2,0,87
0,4,10,2,1477.5,4 4,South,2,0,87
0,4,10,3,1478.018,4 4,West,2,0,87
0,4,10,2,1478.768,4 3,West,2,0,87
0,4,10,2,1479.296,4 2,West,2,0,87
0,4,10,6,1479.7,4 2,West,2,1,87
0,4,10,3,1479.932,4 2,North,2,1,87
0,4,10,3,1481.012,4 2,East,2,1,87
0,4,10,2,1481.851,4 3,East,2,1,87
0,4,10,2,1482.447,4 4,East,2,1,87
0,4,10,1,1483.181,4 4,North,2,1,87
0,4,10,2,1483.727,3 4,North,2,1,87
0,4,10,6,1484.12,3 4,North,2,2,87
0,4,10,2,1484.466,2 4,North,2,2,87
0,4,10,2,1485.323,1 4,North,2,2,87
0,4,10,1,1485.887,1 4,West,2,2,87
0,4,10,2,1486.675,1 3,West,2,2,87
0,4,10,1,1487.249,1 3,South,2,2,87
0,4,10,2,1487.809,2 3,South,2,2,87
0,4,10,3,1488.331,2 3,West,2,2,87
0,4,10,2,1488.891,2 2,West,2,2,87
0,4,10,6,1489.32,2 2,West,2,3,87
0,4,10,3,1489.404,2 2,North,2,3,87
0,4,10,2,1489.988,1 2,North,2,3,87
0,4,10,2,1490.683,0 2,North,2,3,87
0,4,10,1,1491.228,0 2,West,2,3,87
0,4,10,2,1491.807,0 1,West,2,3,87
0,4,10,1,1492.626,0 1,South,2,3,87
0,4,10,1,1493.181,0 1,East,2,3,87
0,4,10,2,1493.875,0 2,East,2,3,87
0,4,10,3,1494.495,0 2,South,2,3,87
0,4,10,2,1495.106,1 2,South,2,3,87
0,4,10,2,1495.855,2 2,South,2,3,87
0,4,10,1,1496.395,2 2,East,2,3,87
0,4,10,2,1497.293,2 3,East,2,3,87
0,4,10,1,1497.906,2 3,North,2,3,87
0,4,10,2,1498.458,1 3,North,2,3,87
0,4,10,3,1499.036,1 3,East,2,3,87
0,4,10,2,1499.693,1 4,East,2,3,87
0,4,10,3,1500.243,1 4,South,2,3,87
0,4,10,2,1501.12,2 4,South,2,3,87
0,4,10,2,1501.886,3 4,South,2,3,87
0,4,10,3,1502.604,3 4,West,2,3,87
0,4,10,1,1503.233,3 4,South,2,3,87
0,4,10,2,1503.86,4 4,South,2,3,87
0,4,10,3,1504.883,4 4,West,2,3,87
0,4,10,2,1505.44,4 3,West,2,3,87
0,4,10,2,1506.188,4 2,West,2,3,87
0,4,10,3,1506.735,4 2,North,2,3,87
0,4,10,2,1507.253,3 2,North,2,3,87
0,4,10,1,1508.139,3 2,West,2,3,87
0,4,10,2,1508.942,3 1,West,2,3,87
0,4,10,6,1509.36,3 1,West,2,4,87
0,4,10,3,1509.549,3 1,North,2,4,87
0,4,10,2,1510.205,2 1,North,2,4,87
0,4,10,2,1511.039,1 1,North,2,4,87
0,4,10,1,1511.658,1 1,West,2,4,87
0,4,10,2,1512.227,1 0,West,2,4,87
0,4,10,1,1512.99,1 0,South,2,4,87
0,4,10,2,1513.563,2 0,South,2,4,87
0,4,10,2,1514.13,3 0,South,2,4,87
0,4,10,1,1514.942,3 0,East,2,4,87
0,4,10,3,1515.745,3 0,South,2,4,87
0,4,10,2,1516.51,4 0,South,2,4,87
0,4,10,1,1517.124,4 0,East,2,4,87
0,4,10,2,1517.758,4 1,East,2,4,87
0,4,10,1,1518.69,4 1,North,2,4,87
0,4,10,1,1519.309,4 1,West,2,4,87
0,4,10,2,1519.996,4 0,West,2,4,87
0,4,10,3,1520.653,4 0,North,2,4,87
0,4,10,2,1521.263,3 0,North,2,4,87
0,4,10,2,1522.212,2 0,North,2,4,87
0,4,10,2,1523.043,1 0,North,2,4,87
0,4,10,3,1523.821,1 0,East,2,4,87
0,4,10,2,1524.494,1 1,East,2,4,87
0,4,10,3,1525.136,1 1,South,2,4,87
0,4,10,2,1525.765,2 1,South,2,4,87
0,4,10,2,1526.291,3 1,South,2,4,87
0,4,10,1,1527.186,3 1,East,2,4,87
0,4,10,2,1527.796,3 2,East,2,4,87
0,4,10,3,1528.517,3 2,South,2,4,87
0,4,10,2,1529.165,4 2,South,2,4,87
0,4,10,1,1529.823,4 2,East,2,4,87
0,4,10,2,1530.461,4 3,East,2,4,87
0,4,10,2,1530.972,4 4,East,2,4,87
0,4,10,1,1531.616,4 4,North,2,4,87
0,4,10,2,1532.192,3 4,North,2,4,87
0,4,10,2,1532.848,2 4,North,2,4,87
0,4,10,2,1533.454,1 4,North,2,4,87
0,4,10,2,1534.002,0 4,North,2,4,87
0,4,10,1,1534.915,0 4,West,2,4,87
0,4,10,1,1535.643,0 4,South,2,4,87
0,4,10,2,1536.173,1 4,South,2,4,87
0,4,10,3,1536.682,1 4,West,2,4,87
0,4,10,2,1537.583,1 3,West,2,4,87
0,4,10,1,1538.206,1 3,South,2,4,87
0,4,10,2,1539.218,2 3,South,2,4,87
0,4,10,6,1539.6,2 3,South,2,5,87
0,4,10,1,1540.546,2 3,East,2,5,87
0,4,10,1,1541.28,2 3,North,2,5,87
0,4,10,2,1541.908,1 3,North,2,5,87
0,4,10,3,1542.717,1 3,East,2,5,87
0,4,10,2,1543.388,1 4,East,2,5,87
0,4,10,1,1543.985,1 4,North,2,5,87
0,4,10,2,1544.783,0 4,North,2,5,87
0,4,10,6,1545.16,0 4,North,2,6,87
0,4,10,1,1545.404,0 4,West,2,6,87
0,4,10,1,1546.133,0 4,South,2,6,87
0,4,10,3,1547.266,0 4,West,2,6,87
0,4,10,1,1548.205,0 4,South,2,6,87
0,4,10,2,1550.368,1 4,South,2,6,87
0,4,10,2,1550.916,2 4,South,2,6,87
0,4,10,2,1551.619,3 4,South,2,6,87
0,4,10,2,1552.384,4 4,South,2,6,87
0,4,10,3,1553.251,4 4,West,2,6,87
0,4,10,2,1553.922,4 3,West,2,6,87
0,4,10,6,1554.34,4 3,West,2,7,87
0,4,10,2,1554.691,4 2,West,2,7,87
0,4,10,3,1555.537,4 2,North,2,7,87
0,4,10,2,1556.29,3 2,North,2,7,87
0,4,10,1,1556.907,3 2,West,2,7,87
0,4,10,2,1557.517,3 1,West,2,7,87
0,4,10,3,1558.06,3 1,North,2,7,87
0,4,10,2,1558.608,2 1,North,2,7,87
0,4,10,2,1559.294,1 1,North,2,7,87
0,4,10,1,1560.011,1 1,West,2,7,87
0,4,10,2,1560.74,1 0,West,2,7,87
0,4,10,1,1561.358,1 0,South,2,7,87
0,4,10,2,1562.187,2 0,South,2,7,87
0,4,10,6,1562.56,2 0,South,2,8,87
3,4,10,2,1569.523,3 4,North,2,0,0
3,4,10,6,1569.92,3 4,North,2,1,0
3,4,10,1,1571.541,3 4,North,2,1,1
3,4,10,2,1571.958,2 4,North,2,1,1
3,4,10,1,1572.709,2 4,North,2,1,2
3,4,10,4,1573.531,3 4,North,2,1,2
3,4,10,4,1574.066,4 4,North,2,1,2
3,4,10,1,1574.722,4 3,North,2,1,2
3,4,10,1,1575.389,4 2,North,2,1,2
3,4,10,2,1576.015,3 2,North,2,1,2
3,4,10,2,1576.657,3 2,North,2,1,3
3,4,10,3,1577.2,3 3,North,2,1,3
3,4,10,2,1577.857,3 3,North,2,1,4
3,4,10,1,1578.66,3 2,North,2,1,4
3,4,10,1,1579.258,3 1,North,2,1,4
3,4,10,2,1579.964,2 1,North,2,1,4
3,4,10,3,1580.685,2 1,North,2,1,5
3,4,10,2,1581.201,1 1,North,2,1,5
3,4,10,3,1581.835,1 1,North,2,1,6
3,4,10,4,1582.499,2 1,North,2,1,6
3,4,10,2,1585.085,1 1,North,2,1,6
3,4,10,2,1585.62,1 1,North,2,1,7
3,4,10,2,1586.442,1 1,North,2,1,8
3,4,10,1,1586.671,1 0,North,2,1,8
3,4,10,2,1587.355,1 0,North,2,1,9
3,4,10,4,1588.219,2 0,North,2,1,9
3,4,10,3,1588.819,2 0,North,2,1,10
3,4,10,4,1589.539,3 0,North,2,1,10
3,4,10,4,1590.129,4 0,North,2,1,10
3,4,10,3,1591.252,4 1,North,2,1,10
3,4,10,2,1592.422,4 1,North,2,1,11
3,4,10,3,1592.844,4 1,North,2,1,12
3,4,10,3,1593.793,4 1,North,2,1,13
3,4,10,2,1594.741,4 1,North,2,1,14
3,4,10,1,1595.457,4 0,North,2,1,14
3,4,10,1,1596.021,4 0,North,2,1,14
3,4,10,2,1596.304,3 0,North,2,1,14
3,4,10,2,1597.018,2 0,North,2,1,14
3,4,10,3,1597.662,2 0,North,2,1,15
3,4,10,4,1598.367,3 0,North,2,1,15
3,4,10,3,1599.07,3 0,North,2,1,16
3,4,10,2,1599.552,2 0,North,2,1,16
3,4,10,2,1600.237,1 0,North,2,1,16
3,4,10,3,1600.941,1 1,North,2,1,16
3,4,10,4,1601.579,2 1,North,2,1,16
3,4,10,3,1602.245,2 1,North,2,1,17
3,4,10,2,1602.749,1 1,North,2,1,17
3,4,10,3,1603.489,1 1,North,2,1,18
3,4,10,2,1604.19,1 1,North,2,1,19
3,4,10,4,1604.925,2 1,North,2,1,19
3,4,10,4,1605.819,3 1,North,2,1,19
3,4,10,3,1606.531,3 2,North,2,1,19
3,4,10,2,1607.755,3 2,North,2,1,20
3,4,10,3,1608.42,3 3,North,2,1,20
3,4,10,2,1609.083,3 3,North,2,1,21
3,4,10,3,1609.842,3 3,North,2,1,22
3,4,10,4,1610.513,3 3,North,2,1,23
3,4,10,1,1611.188,3 2,North,2,1,23
3,4,10,4,1611.788,4 2,North,2,1,23
3,4,10,3,1612.507,4 3,North,2,1,23
3,4,10,3,1613.488,4 4,North,2,1,23
3,4,10,2,1614.155,3 4,North,2,1,23
3,4,10,2,1614.765,2 4,North,2,1,23
3,4,10,2,1615.628,1 4,North,2,1,23
3,4,10,1,1616.324,1 3,North,2,1,23
3,4,10,1,1616.976,1 3,North,2,1,24
3,4,10,2,1617.641,1 3,North,2,1,25
3,4,10,4,1618.331,2 3,North,2,1,25
3,4,10,1,1619.059,2 2,North,2,1,25
3,4,10,6,1619.46,2 2,North,2,2,25
3,4,10,3,1619.981,2 3,North,2,2,25
3,4,10,2,1620.627,1 3,North,2,2,25
3,4,10,3,1621.171,1 4,North,2,2,25
3,4,10,4,1621.75,2 4,North,2,2,25
3,4,10,4,1622.396,3 4,North,2,2,25
3,4,10,4,1623.011,4 4,North,2,2,25
3,4,10,1,1623.614,4 3,North,2,2,25
3,4,10,6,1624.02,4 3,North,2,3,25
3,4,10,3,1624.383,4 4,North,2,3,25
3,4,10,2,1624.991,3 4,North,2,3,25
3,4,10,2,1625.571,2 4,North,2,3,25
3,4,10,2,1626.253,1 4,North,2,3,25
3,4,10,2,1626.925,0 4,North,2,3,25
3,4,10,1,1627.539,0 3,North,2,3,25
3,4,10,1,1628.416,0 3,North,2,3,26
3,4,10,4,1629.147,0 3,North,2,3,27
3,4,10,3,1629.907,0 4,North,2,3,27
3,4,10,4,1630.557,1 4,North,2,3,27
3,4,10,1,1631.71,1 3,North,2,3,27
3,4,10,1,1634.107,1 3,North,2,3,28
3,4,10,4,1634.789,2 3,North,2,3,28
3,4,10,1,1637.189,2 2,North,2,3,28
3,4,10,2,1637.888,1 2,North,2,3,28
3,4,10,2,1638.564,0 2,North,2,3,28
3,4,10,6,1638.96,0 2,North,2,4,28
3,4,10,4,1639.379,1 2,North,2,4,28
3,4,10,4,1639.919,2 2,North,2,4,28
3,4,10,3,1640.509,2 3,North,2,4,28
3,4,10,4,1641.078,2 3,North,2,4,29
3,4,10,4,1642.287,2 3,North,2,4,30
3,4,10,2,1642.877,1 3,North,2,4,30
3,4,10,3,1643.732,1 4,North,2,4,30
3,4,10,4,1644.302,2 4,North,2,4,30
3,4,10,4,1644.874,3 4,North,2,4,30
3,4,10,4,1645.553,4 4,North,2,4,30
3,4,10,1,1646.236,4 3,North,2,4,30
3,4,10,1,1646.891,4 2,North,2,4,30
3,4,10,2,1647.425,3 2,North,2,4,30
3,4,10,1,1648.02,3 1,North,2,4,30
3,4,10,6,1648.44,3 1,North,2,5,30
3,4,10,3,1648.767,3 2,North,2,5,30
3,4,10,4,1649.311,4 2,North,2,5,30
3,4,10,6,1649.68,4 2,North,2,6,30
3,4,10,2,1650.156,3 2,North,2,6,30
3,4,10,4,1651.01,4 2,North,2,6,30
3,4,10,3,1651.652,4 3,North,2,6,30
3,4,10,3,1652.219,4 4,North,2,6,30
3,4,10,2,1652.82,3 4,North,2,6,30
3,4,10,2,1653.405,2 4,North,2,6,30
3,4,10,2,1654.273,1 4,North,2,6,30
3,4,10,2,1655.148,0 4,North,2,6,30
3,4,10,1,1655.787,0 3,North,2,6,30
3,4,10,6,1656.2,0 3,North,2,7,30
3,4,10,1,1658.179,0 3,North,2,7,31
3,4,10,4,1658.524,0 3,North,2,7,32
3,4,10,3,1659.061,0 4,North,2,7,32
3,4,10,4,1659.662,1 4,North,2,7,32
3,4,10,1,1662.287,1 3,North,2,7,32
3,4,10,1,1663.014,1 3,North,2,7,33
3,4,10,2,1663.485,1 3,North,2,7,34
3,4,10,2,1664.082,1 3,North,2,7,35
3,4,10,4,1664.486,2 3,North,2,7,35
3,4,10,1,1665.147,2 2,North,2,7,35
3,4,10,2,1666.02,1 2,North,2,7,35
3,4,10,1,1666.699,1 2,North,2,7,36
3,4,10,2,1667.933,0 2,North,2,7,36
3,4,10,1,1668.566,0 1,North,2,7,36
3,4,10,6,1668.96,0 1,North,2,8,36
0,4,11,2,1674.88,3 4,North,2,0,36
0,4,11,2,1675.429,2 4,North,2,0,36
0,4,11,2,1676.222,1 4,North,2,0,36
0,4,11,1,1677.006,1 4,West,2,0,36
0,4,11,3,1677.887,1 4,North,2,0,36
0,4,11,1,1678.444,1 4,West,2,0,36
0,4,11,2,1679.1,1 3,West,2,0,36
0,4,11,1,1679.693,1 3,South,2,0,36
0,4,11,2,1680.275,2 3,South,2,0,36
0,4,11,3,1681.009,2 3,West,2,0,36
0,4,11,2,1681.73,2 2,West,2,0,36
0,4,11,3,1682.689,2 2,North,2,0,36
0,4,11,2,1683.379,1 2,North,2,0,36
0,4,11,2,1683.971,0 2,North,2,0,36
0,4,11,1,1684.784,0 2,West,2,0,36
0,4,11,2,1685.422,0 1,West,2,0,36
0,4,11,1,1686.317,0 1,South,2,0,36
0,4,11,1,1687.022,0 1,East,2,0,36
0,4,11,2,1687.554,0 2,East,2,0,36
0,4,11,3,1688.291,0 2,South,2,0,36
0,4,11,2,1688.85,1 2,South,2,0,36
0,4,11,2,1689.372,2 2,South,2,0,36
0,4,11,1,1689.906,2 2,East,2,0,36
0,4,11,2,1690.559,2 3,East,2,0,36
0,4,11,1,1691.118,2 3,North,2,0,36
0,4,11,2,1691.66,1 3,North,2,0,36
0,4,11,3,1692.338,1 3,East,2,0,36
0,4,11,2,1693.041,1 4,East,2,0,36
0,4,11,3,1693.556,1 4,South,2,0,36
0,4,11,2,1694.413,2 4,South,2,0,36
0,4,11,2,1694.925,3 4,South,2,0,36
0,4,11,2,1695.826,4 4,South,2,0,36
0,4,11,3,1696.558,4 4,West,2,0,36
0,4,11,2,1697.281,4 3,West,2,0,36
0,4,11,2,1697.856,4 2,West,2,0,36
0,4,11,3,1698.709,4 2,North,2,0,36
0,4,11,2,1699.425,3 2,North,2,0,36
0,4,11,1,1700.061,3 2,West,2,0,36
0,4,11,2,1700.659,3 1,West,2,0,36
0,4,11,3,1701.532,3 1,North,2,0,36
0,4,11,2,1702.172,2 1,North,2,0,36
0,4,11,2,1702.908,1 1,North,2,0,36
0,4,11,6,1703.3,1 1,North,2,1,36
0,4,11,1,1703.728,1 1,West,2,1,36
0,4,11,2,1704.459,1 0,West,2,1,36
0,4,11,1,1705.005,1 0,South,2,1,36
0,4,11,1,1706.1,1 0,East,2,1,36
0,4,11,2,1706.691,1 1,East,2,1,36
0,4,11,3,1707.418,1 1,South,2,1,36
0,4,11,2,1708.043,2 1,South,2,1,36
0,4,11,2,1708.64,3 1,South,2,1,36
0,4,11,1,1709.357,3 1,East,2,1,36
0,4,11,2,1709.906,3 2,East,2,1,36
0,4,11,6,1710.32,3 2,East,2,2,36
0,4,11,3,1710.509,3 2,South,2,2,36
0,4,11,2,1711.071,4 2,South,2,2,36
0,4,11,1,1711.835,4 2,East,2,2,36
0,4,11,2,1712.527,4 3,East,2,2,36
0,4,11,2,1713.138,4 4,East,2,2,36
0,4,11,1,1713.808,4 4,North,2,2,36
0,4,11,2,1714.64,3 4,North,2,2,36
0,4,11,2,1715.408,2 4,North,2,2,36
0,4,11,2,1716.061,1 4,North,2,2,36
0,4,11,2,1716.642,0 4,North,2,2,36
0,4,11,1,1717.248,0 4,West,2,2,36
0,4,11,1,1717.888,0 4,South,2,2,36
0,4,11,2,1718.494,1 4,South,2,2,36
0,4,11,3,1719.105,1 4,West,2,2,36
0,4,11,2,1719.938,1 3,West,2,2,36
0,4,11,1,1720.515,1 3,South,2,2,36
0,4,11,2,1721.393,2 3,South,2,2,36
0,4,11,3,1721.919,2 3,West,2,2,36
0,4,11,2,1722.596,2 2,West,2,2,36
0,4,11,3,1723.163,2 2,North,2,2,36
0,4,11,2,1723.875,1 2,North,2,2,36
0,4,11,2,1724.479,0 2,North,2,2,36
0,4,11,1,1725.101,0 2,West,2,2,36
0,4,11,1,1725.949,0 2,South,2,2,36
0,4,11,2,1727.406,1 2,South,2,2,36
0,4,11,2,1728.235,2 2,South,2,2,36
0,4,11,1,1728.929,2 2,East,2,2,36
0,4,11,2,1729.49,2 3,East,2,2,36
0,4,11,1,1730.1,2 3,North,2,2,36
0,4,11,2,1730.893,1 3,North,2,2,36
0,4,11,3,1731.468,1 3,East,2,2,36
0,4,11,2,1732.044,1 4,East,2,2,36
0,4,11,3,1732.715,1 4,South,2,2,36
0,4,11,2,1733.323,2 4,South,2,2,36
0,4,11,2,1734.174,3 4,South,2,2,36
0,4,11,2,1734.763,4 4,South,2,2,36
0,4,11,3,1735.438,4 4,West,2,2,36
0,4,11,2,1736.014,4 3,West,2,2,36
0,4,11,2,1736.573,4 2,West,2,2,36
0,4,11,3,1737.089,4 2,North,2,2,36
0,4,11,2,1737.999,3 2,North,2,2,36
0,4,11,1,1738.64,3 2,West,2,2,36
0,4,11,2,1739.33,3 1,West,2,2,36
0,4,11,3,1739.905,3 1,North,2,2,36
0,4,11,2,1740.481,2 1,North,2,2,36
0,4,11,6,1740.86,2 1,North,2,3,36
0,4,11,2,1741.267,1 1,North,2,3,36
0,4,11,1,1742.11,1 1,West,2,3,36
0,4,11,2,1742.675,1 0,West,2,3,36
0,4,11,1,1743.454,1 0,South,2,3,36
0,4,11,2,1744.448,2 0,South,2,3,36
0,4,11,2,1745.023,3 0,South,2,3,36
0,4,11,2,1745.663,4 0,South,2,3,36
0,4,11,1,1746.319,4 0,East,2,3,36
0,4,11,1,1747.04,4 0,North,2,3,36
0,4,11,2,1747.583,3 0,North,2,3,36
0,4,11,2,1748.412,2 0,North,2,3,36
0,4,11,2,1748.949,1 0,North,2,3,36
0,4,11,3,1749.6,1 0,East,2,3,36
0,4,11,3,1750.557,1 0,South,2,3,36
0,4,11,1,1751.457,1 0,East,2,3,36
0,4,11,2,1752.175,1 1,East,2,3,36
0,4,11,3,1752.687,1 1,South,2,3,36
0,4,11,2,1753.211,2 1,South,2,3,36
0,4,11,2,1753.886,3 1,South,2,3,36
0,4,11,1,1754.723,3 1,East,2,3,36
0,4,11,2,1755.277,3 2,East,2,3,36
0,4,11,3,1756.005,3 2,South,2,3,36
0,4,11,2,1756.605,4 2,South,2,3,36
0,4,11,1,1757.373,4 2,East,2,3,36
0,4,11,2,1757.949,4 3,East,2,3,36
0,4,11,2,1758.476,4 4,East,2,3,36
0,4,11,1,1758.994,4 4,North,2,3,36
0,4,11,2,1759.508,3 4,North,2,3,36
0,4,11,2,1760.334,2 4,North,2,3,36
0,4,11,2,1760.875,1 4,North,2,3,36
0,4,11,2,1761.539,0 4,North,2,3,36
0,4,11,1,1762.062,0 4,West,2,3,36
0,4,11,1,1762.586,0 4,South,2,3,36
0,4,11,2,1763.108,1 4,South,2,3,36
0,4,11,3,1764.059,1 4,West,2,3,36
0,4,11,2,1764.779,1 3,West,2,3,36
0,4,11,1,1765.756,1 3,South,2,3,36
0,4,11,2,1766.494,2 3,South,2,3,36
0,4,11,3,1767.106,2 3,West,2,3,36
0,4,11,2,1767.92,2 2,West,2,3,36
0,4,11,3,1768.588,2 2,North,2,3,36
0,4,11,2,1769.219,1 2,North,2,3,36
0,4,11,2,1769.747,0 2,North,2,3,36
0,4,11,6,1770.14,0 2,North,2,4,36
0,4,11,1,1770.286,0 2,West,2,4,36
0,4,11,1,1771.301,0 2,South,2,4,36
0,4,11,2,1772.771,1 2,South,2,4,36
0,4,11,2,1773.282,2 2,South,2,4,36
0,4,11,1,1774.173,2 2,East,2,4,36
0,4,11,2,1774.862,2 3,East,2,4,36
0,4,11,1,1775.474,2 3,North,2,4,36
0,4,11,2,1776.018,1 3,North,2,4,36
0,4,11,3,1776.576,1 3,East,2,4,36
0,4,11,2,1777.147,1 4,East,2,4,36
0,4,11,1,1777.932,1 4,North,2,4,36
0,4,11,2,1778.737,0 4,North,2,4,36
0,4,11,1,1779.36,0 4,West,2,4,36
0,4,11,1,1780.097,0 4,South,2,4,36
0,4,11,2,1780.765,1 4,South,2,4,36
0,4,11,2,1781.371,2 4,South,2,4,36
0,4,11,2,1781.918,3 4,South,2,4,36
0,4,11,2,1782.479,4 4,South,2,4,36
0,4,11,3,1783.28,4 4,West,2,4,36
0,4,11,2,1784,4 3,West,2,4,36
0,4,11,2,1784.965,4 2,West,2,4,36
0,4,11,3,1785.729,4 2,North,2,4,36
0,4,11,2,1786.465,3 2,North,2,4,36
0,4,11,3,1787.052,3 2,East,2,4,36
0,4,11,2,1787.581,3 3,East,2,4,36
0,4,11,6,1788,3 3,East,2,5,36
0,4,11,3,1788.098,3 3,South,2,5,36
0,4,11,3,1789.187,3 3,West,2,5,36
0,4,11,2,1789.874,3 2,West,2,5,36
0,4,11,2,1790.5,3 1,West,2,5,36
0,4,11,3,1791.072,3 1,North,2,5,36
0,4,11,2,1791.793,2 1,North,2,5,36
0,4,11,2,1792.381,1 1,North,2,5,36
0,4,11,1,1793.071,1 1,West,2,5,36
0,4,11,2,1793.695,1 0,West,2,5,36
0,4,11,1,1794.353,1 0,South,2,5,36
0,4,11,2,1795.374,2 0,South,2,5,36
0,4,11,2,1795.963,3 0,South,2,5,36
0,4,11,2,1797.005,4 0,South,2,5,36
0,4,11,1,1797.517,4 0,East,2,5,36
0,4,11,1,1798.362,4 0,North,2,5,36
0,4,11,2,1799.043,3 0,North,2,5,36
0,4,11,2,1799.666,2 0,North,2,5,36
0,4,11,2,1800.275,1 0,North,2,5,36
0,4,11,3,1801.217,1 0,East,2,5,36
0,4,11,2,1802.196,1 1,East,2,5,36
0,4,11,3,1802.767,1 1,South,2,5,36
0,4,11,2,1803.313,2 1,South,2,5,36
0,4,11,2,1804.067,3 1,South,2,5,36
0,4,11,1,1804.737,3 1,East,2,5,36
0,4,11,2,1805.292,3 2,East,2,5,36
0,4,11,3,1805.98,3 2,South,2,5,36
0,4,11,2,1806.578,4 2,South,2,5,36
0,4,11,1,1807.39,4 2,East,2,5,36
0,4,11,2,1807.986,4 3,East,2,5,36
0,4,11,2,1808.719,4 4,East,2,5,36
0,4,11,1,1809.235,4 4,North,2,5,36
0,4,11,2,1809.922,3 4,North,2,5,36
0,4,11,2,1810.435,2 4,North,2,5,36
0,4,11,2,1811.693,1 4,North,2,5,36
0,4,11,6,1812.08,1 4,North,2,6,36
0,4,11,2,1812.211,0 4,North,2,6,36
0,4,11,1,1813.038,0 4,West,2,6,36
0,4,11,1,1813.788,0 4,South,2,6,36
0,4,11,2,1814.403,1 4,South,2,6,36
0,4,11,3,1815.023,1 4,West,2,6,36
0,4,11,2,1815.556,1 3,West,2,6,36
0,4,11,1,1816.204,1 3,South,2,6,36
0,4,11,2,1816.731,2 3,South,2,6,36
0,4,11,3,1817.539,2 3,West,2,6,36
0,4,11,2,1818.059,2 2,West,2,6,36
0,4,11,3,1818.59,2 2,North,2,6,36
0,4,11,2,1819.109,1 2,North,2,6,36
0,4,11,6,1819.5,1 2,North,2,7,36
0,4,11,2,1819.874,0 2,North,2,7,36
0,4,11,1,1820.689,0 2,West,2,7,36
0,4,11,1,1821.539,0 2,South,2,7,36
0,4,11,2,1822.223,1 2,South,2,7,36
0,4,11,2,1822.847,2 2,South,2,7,36
0,4,11,1,1823.483,2 2,East,2,7,36
0,4,11,1,1824.014,2 2,North,2,7,36
0,4,11,3,1824.581,2 2,East,2,7,36
0,4,11,2,1825.117,2 3,East,2,7,36
0,4,11,1,1825.901,2 3,North,2,7,36
0,4,11,2,1826.532,1 3,North,2,7,36
0,4,11,3,1827.133,1 3,East,2,7,36
0,4,11,2,1828.064,1 4,East,2,7,36
0,4,11,3,1828.62,1 4,South,2,7,36
0,4,11,3,1829.268,1 4,West,2,7,36
0,4,11,1,1830.636,1 4,South,2,7,36
0,4,11,2,1831.234,2 4,South,2,7,36
0,4,11,2,1831.873,3 4,South,2,7,36
0,4,11,2,1832.531,4 4,South,2,7,36
0,4,11,3,1833.411,4 4,West,2,7,36
0,4,11,2,1834.205,4 3,West,2,7,36
0,4,11,2,1834.717,4 2,West,2,7,36
0,4,11,3,1835.359,4 2,North,2,7,36
0,4,11,2,1835.97,3 2,North,2,7,36
0,4,11,1,1836.668,3 2,West,2,7,36
0,4,11,2,1837.227,3 1,West,2,7,36
0,4,11,3,1838.176,3 1,North,2,7,36
0,4,11,2,1838.927,2 1,North,2,7,36
0,4,11,2,1839.568,1 1,North,2,7,36
0,4,11,1,1840.093,1 1,West,2,7,36
0,4,11,2,1840.651,1 0,West,2,7,36
0,4,11,6,1841.06,1 0,West,2,8,36
3,4,11,2,1853.186,3 4,North,2,0,0
3,4,11,4,1854.688,4 4,North,2,0,0
3,4,11,1,1855.476,4 3,North,2,0,0
3,4,11,1,1856.96,4 2,North,2,0,0
3,4,11,2,1857.555,3 2,North,2,0,0
3,4,11,1,1858.365,3 1,North,2,0,0
3,4,11,2,1859.057,2 1,North,2,0,0
3,4,11,1,1859.79,2 1,North,2,0,1
3,4,11,3,1860.34,2 1,North,2,0,2
3,4,11,2,1861.069,1 1,North,2,0,2
3,4,11,1,1861.758,1 0,North,2,0,2
3,4,11,6,1862.16,1 0,North,2,1,2
3,4,11,3,1862.619,1 1,North,2,1,2
3,4,11,4,1863.213,2 1,North,2,1,2
3,4,11,4,1863.761,3 1,North,2,1,2
3,4,11,3,1864.395,3 2,North,2,1,2
3,4,11,3,1865.037,3 3,North,2,1,2
3,4,11,6,1865.44,3 3,North,2,2,2
3,4,11,1,1865.871,3 2,North,2,2,2
3,4,11,1,1866.417,3 1,North,2,2,2
3,4,11,2,1867.012,2 1,North,2,2,2
3,4,11,6,1867.4,2 1,North,2,3,2
3,4,11,4,1867.758,3 1,North,2,3,2
3,4,11,3,1868.38,3 2,North,2,3,2
3,4,11,6,1868.78,3 2,North,2,4,2
3,4,11,1,1869.15,3 1,North,2,4,2
3,4,11,2,1869.715,2 1,North,2,4,2
3,4,11,1,1870.55,2 1,North,2,4,3
3,4,11,2,1872.701,1 1,North,2,4,3
3,4,11,1,1873.358,1 0,North,2,4,3
3,4,11,4,1874.059,2 0,North,2,4,3
3,4,11,6,1874.42,2 0,North,2,5,3
3,4,11,2,1874.925,1 0,North,2,5,3
3,4,11,3,1875.453,1 1,North,2,5,3
3,4,11,6,1875.86,1 1,North,2,6,3
3,4,11,4,1876.239,2 1,North,2,6,3
3,4,11,4,1877.042,3 1,North,2,6,3
3,4,11,3,1877.62,3 2,North,2,6,3
3,4,11,3,1878.194,3 3,North,2,6,3
3,4,11,2,1878.85,3 3,North,2,6,4
3,4,11,3,1879.756,3 3,North,2,6,5
3,4,11,1,1880.381,3 2,North,2,6,5
3,4,11,2,1881.091,3 2,North,2,6,6
3,4,11,4,1881.836,4 2,North,2,6,6
3,4,11,3,1882.434,4 3,North,2,6,6
3,4,11,3,1883.01,4 4,North,2,6,6
3,4,11,2,1883.554,3 4,North,2,6,6
3,4,11,2,1884.128,2 4,North,2,6,6
3,4,11,1,1884.868,2 4,North,2,6,7
3,4,11,2,1885.331,1 4,North,2,6,7
3,4,11,1,1885.981,1 3,North,2,6,7
3,4,11,4,1886.644,2 3,North,2,6,7
3,4,11,6,1887,2 3,North,2,7,7
3,4,11,2,1887.535,1 3,North,2,7,7
3,4,11,1,1888.258,1 3,North,2,7,8
3,4,11,3,1888.716,1 4,North,2,7,8
3,4,11,2,1890.417,0 4,North,2,7,8
3,4,11,1,1891.027,0 3,North,2,7,8
3,4,11,1,1892.3,0 3,North,2,7,9
3,4,11,4,1892.621,0 3,North,2,7,10
3,4,11,4,1893.169,0 3,North,2,7,11
3,4,11,3,1893.646,0 4,North,2,7,11
3,4,11,4,1894.438,1 4,North,2,7,11
3,4,11,1,1895.829,1 3,North,2,7,11
3,4,11,4,1896.607,2 3,North,2,7,11
3,4,11,1,1897.339,2 2,North,2,7,11
3,4,11,2,1898.048,1 2,North,2,7,11
3,4,11,6,1898.44,1 2,North,2,8,11
0,4,12,2,1902.685,3 4,North,2,0,11
0,4,12,2,1903.519,2 4,North,2,0,11
0,4,12,6,1903.9,2 4,North,2,1,11
0,4,12,2,1904.253,1 4,North,2,1,11
0,4,12,2,1904.861,0 4,North,2,1,11
0,4,12,1,1905.467,0 4,West,2,1,11
0,4,12,1,1906.448,0 4,South,2,1,11
0,4,12,2,1907.186,1 4,South,2,1,11
0,4,12,3,1907.744,1 4,West,2,1,11
0,4,12,2,1908.574,1 3,West,2,1,11
0,4,12,1,1909.296,1 3,South,2,1,11
0,4,12,2,1909.935,2 3,South,2,1,11
0,4,12,3,1910.485,2 3,West,2,1,11
0,4,12,2,1911.073,2 2,West,2,1,11
0,4,12,3,1911.603,2 2,North,2,1,11
0,4,12,2,1912.464,1 2,North,2,1,11
0,4,12,2,1913.122,0 2,North,2,1,11
0,4,12,1,1913.726,0 2,West,2,1,11
0,4,12,2,1914.369,0 1,West,2,1,11
0,4,12,1,1915.245,0 1,South,2,1,11
0,4,12,1,1915.762,0 1,East,2,1,11
0,4,12,2,1916.69,0 2,East,2,1,11
0,4,12,3,1917.405,0 2,South,2,1,11
0,4,12,2,1918.08,1 2,South,2,1,11
0,4,12,2,1918.624,2 2,South,2,1,11
0,4,12,1,1919.409,2 2,East,2,1,11
0,4,12,1,1919.988,2 2,North,2,1,11
0,4,12,3,1920.66,2 2,East,2,1,11
0,4,12,2,1921.309,2 3,East,2,1,11
0,4,12,1,1922.172,2 3,North,2,1,11
0,4,12,2,1922.75,1 3,North,2,1,11
0,4,12,3,1923.469,1 3,East,2,1,11
0,4,12,2,1924.209,1 4,East,2,1,11
0,4,12,3,1924.867,1 4,South,2,1,11
0,4,12,2,1925.5,2 4,South,2,1,11
0,4,12,2,1926.159,3 4,South,2,1,11
0,4,12,2,1927.03,4 4,South,2,1,11
0,4,12,3,1927.566,4 4,West,2,1,11
0,4,12,2,1928.222,4 3,West,2,1,11
0,4,12,2,1928.795,4 2,West,2,1,11
0,4,12,3,1929.617,4 2,North,2,1,11
0,4,12,2,1930.385,3 2,North,2,1,11
0,4,12,3,1931.135,3 2,East,2,1,11
0,4,12,1,1931.874,3 2,North,2,1,11
0,4,12,1,1932.46,3 2,West,2,1,11
0,4,12,2,1933.073,3 1,West,2,1,11
0,4,12,3,1933.693,3 1,North,2,1,11
0,4,12,2,1934.257,2 1,North,2,1,11
0,4,12,2,1934.805,1 1,North,2,1,11
0,4,12,1,1935.633,1 1,West,2,1,11
0,4,12,2,1936.288,1 0,West,2,1,11
0,4,12,1,1937.023,1 0,South,2,1,11
0,4,12,2,1937.691,2 0,South,2,1,11
0,4,12,2,1938.37,3 0,South,2,1,11
0,4,12,2,1939.292,4 0,South,2,1,11
0,4,12,1,1939.906,4 0,East,2,1,11
0,4,12,2,1940.42,4 1,East,2,1,11
0,4,12,6,1940.82,4 1,East,2,2,11
0,4,12,1,1941.091,4 1,North,2,2,11
0,4,12,1,1941.841,4 1,West,2,2,11
0,4,12,2,1942.447,4 0,West,2,2,11
0,4,12,3,1943.012,4 0,North,2,2,11
0,4,12,2,1943.619,3 0,North,2,2,11
0,4,12,2,1944.294,2 0,North,2,2,11
0,4,12,2,1944.893,1 0,North,2,2,11
0,4,12,3,1945.456,1 0,East,2,2,11
0,4,12,2,1946.099,1 1,East,2,2,11
0,4,12,3,1946.638,1 1,South,2,2,11
0,4,12,2,1947.199,2 1,South,2,2,11
0,4,12,2,1947.748,3 1,South,2,2,11
0,4,12,1,1948.306,3 1,East,2,2,11
0,4,12,2,1949.211,3 2,East,2,2,11
0,4,12,3,1949.781,3 2,South,2,2,11
0,4,12,2,1950.349,4 2,South,2,2,11
0,4,12,1,1950.941,4 2,East,2,2,11
0,4,12,2,1951.519,4 3,East,2,2,11
0,4,12,2,1952.353,4 4,East,2,2,11
0,4,12,1,1953.196,4 4,North,2,2,11
0,4,12,2,1953.727,3 4,North,2,2,11
0,4,12,2,1954.461,2 4,North,2,2,11
0,4,12,2,1955.183,1 4,North,2,2,11
0,4,12,1,1955.859,1 4,West,2,2,11
0,4,12,2,1956.526,1 3,West,2,2,11
0,4,12,6,1956.94,1 3,West,2,3,11
0,4,12,3,1957.653,1 3,North,2,3,11
0,4,12,3,1958.515,1 3,East,2,3,11
0,4,12,2,1959.053,1 4,East,2,3,11
0,4,12,1,1959.876,1 4,North,2,3,11
0,4,12,2,1960.56,0 4,North,2,3,11
0,4,12,1,1961.164,0 4,West,2,3,11
0,4,12,1,1961.758,0 4,South,2,3,11
0,4,12,2,1962.339,1 4,South,2,3,11
0,4,12,3,1963.461,1 4,West,2,3,11
0,4,12,2,1964.051,1 3,West,2,3,11
0,4,12,1,1964.803,1 3,South,2,3,11
0,4,12,2,1965.343,2 3,South,2,3,11
0,4,12,3,1966.261,2 3,West,2,3,11
0,4,12,2,1966.892,2 2,West,2,3,11
0,4,12,3,1967.502,2 2,North,2,3,11
0,4,12,2,1968.141,1 2,North,2,3,11
0,4,12,2,1968.867,0 2,North,2,3,11
0,4,12,1,1969.403,0 2,West,2,3,11
0,4,12,2,1969.949,0 1,West,2,3,11
0,4,12,6,1970.36,0 1,West,2,4,11
0,4,12,3,1970.785,0 1,North,2,4,11
0,4,12,3,1971.391,0 1,East,2,4,11
0,4,12,2,1972.223,0 2,East,2,4,11
0,4,12,3,1972.945,0 2,South,2,4,11
0,4,12,2,1973.518,1 2,South,2,4,11
0,4,12,2,1974.033,2 2,South,2,4,11
0,4,12,1,1974.587,2 2,East,2,4,11
0,4,12,2,1975.118,2 3,East,2,4,11
0,4,12,1,1975.636,2 3,North,2,4,11
0,4,12,2,1976.162,1 3,North,2,4,11
0,4,12,3,1977.118,1 3,East,2,4,11
0,4,12,2,1977.774,1 4,East,2,4,11
0,4,12,1,1978.431,1 4,North,2,4,11
0,4,12,2,1979.009,0 4,North,2,4,11
0,4,12,1,1979.566,0 4,West,2,4,11
0,4,12,1,1980.123,0 4,South,2,4,11
0,4,12,2,1980.716,1 4,South,2,4,11
0,4,12,2,1981.341,2 4,South,2,4,11
0,4,12,2,1981.932,3 4,South,2,4,11
0,4,12,2,1982.636,4 4,South,2,4,11
0,4,12,3,1983.468,4 4,West,2,4,11
0,4,12,2,1984.079,4 3,West,2,4,11
0,4,12,2,1984.733,4 2,West,2,4,11
0,4,12,3,1985.291,4 2,North,2,4,11
0,4,12,2,1985.887,3 2,North,2,4,11
0,4,12,3,1986.751,3 2,East,2,4,11
0,4,12,1,1987.344,3 2,North,2,4,11
0,4,12,1,1988.013,3 2,West,2,4,11
0,4,12,2,1988.622,3 1,West,2,4,11
0,4,12,3,1989.277,3 1,North,2,4,11
0,4,12,2,1989.89,2 1,North,2,4,11
0,4,12,2,1990.498,1 1,North,2,4,11
0,4,12,1,1991.091,1 1,West,2,4,11
0,4,12,2,1991.746,1 0,West,2,4,11
0,4,12,1,1992.259,1 0,South,2,4,11
0,4,12,2,1992.926,2 0,South,2,4,11
0,4,12,2,1993.585,3 0,South,2,4,11
0,4,12,6,1993.96,3 0,South,2,5,11
0,4,12,2,1994.288,4 0,South,2,5,11
0,4,12,1,1995.11,4 0,East,2,5,11
0,4,12,1,1995.82,4 0,North,2,5,11
0,4,12,2,1996.626,3 0,North,2,5,11
0,4,12,2,1997.296,2 0,North,2,5,11
0,4,12,2,1997.807,1 0,North,2,5,11
0,4,12,3,1998.672,1 0,East,2,5,11
0,4,12,2,1999.375,1 1,East,2,5,11
0,4,12,3,2000.027,1 1,South,2,5,11
0,4,12,2,2000.657,2 1,South,2,5,11
0,4,12,2,2001.315,3 1,South,2,5,11
0,4,12,1,2002.172,3 1,East,2,5,11
0,4,12,2,2002.862,3 2,East,2,5,11
0,4,12,3,2003.485,3 2,South,2,5,11
0,4,12,2,2004.095,4 2,South,2,5,11
0,4,12,1,2004.716,4 2,East,2,5,11
0,4,12,2,2005.244,4 3,East,2,5,11
0,4,12,2,2005.92,4 4,East,2,5,11
0,4,12,1,2006.528,4 4,North,2,5,11
0,4,12,2,2007.084,3 4,North,2,5,11
0,4,12,2,2007.635,2 4,North,2,5,11
0,4,12,2,2008.163,1 4,North,2,5,11
0,4,12,2,2008.732,0 4,North,2,5,11
0,4,12,1,2009.317,0 4,West,2,5,11
0,4,12,2,2010.315,0 3,West,2,5,11
0,4,12,6,2010.72,0 3,West,2,6,11
0,4,12,3,2011.133,0 3,North,2,6,11
0,4,12,3,2012.049,0 3,East,2,6,11
0,4,12,2,2012.656,0 4,East,2,6,11
0,4,12,3,2013.375,0 4,South,2,6,11
0,4,12,2,2014.015,1 4,South,2,6,11
0,4,12,3,2014.674,1 4,West,2,6,11
0,4,12,2,2015.325,1 3,West,2,6,11
0,4,12,1,2015.867,1 3,South,2,6,11
0,4,12,2,2016.589,2 3,South,2,6,11
0,4,12,3,2017.323,2 3,West,2,6,11
0,4,12,2,2018.078,2 2,West,2,6,11
0,4,12,3,2018.607,2 2,North,2,6,11
0,4,12,2,2019.188,1 2,North,2,6,11
0,4,12,2,2020.176,0 2,North,2,6,11
0,4,12,1,2020.837,0 2,West,2,6,11
0,4,12,1,2021.694,0 2,South,2,6,11
0,4,12,2,2023.859,1 2,South,2,6,11
0,4,12,2,2024.716,2 2,South,2,6,11
0,4,12,1,2025.327,2 2,East,2,6,11
0,4,12,2,2025.92,2 3,East,2,6,11
0,4,12,1,2026.587,2 3,North,2,6,11
0,4,12,2,2027.443,1 3,North,2,6,11
0,4,12,3,2028.076,1 3,East,2,6,11
0,4,12,2,2028.753,1 4,East,2,6,11
0,4,12,3,2029.603,1 4,South,2,6,11
0,4,12,2,2030.228,2 4,South,2,6,11
0,4,12,2,2030.882,3 4,South,2,6,11
0,4,12,2,2031.441,4 4,South,2,6,11
0,4,12,3,2032.18,4 4,West,2,6,11
0,4,12,2,2032.717,4 3,West,2,6,11
0,4,12,2,2033.276,4 2,West,2,6,11
0,4,12,3,2034.085,4 2,North,2,6,11
0,4,12,2,2034.61,3 2,North,2,6,11
0,4,12,3,2035.453,3 2,East,2,6,11
0,4,12,1,2036.203,3 2,North,2,6,11
0,4,12,1,2036.945,3 2,West,2,6,11
0,4,12,2,2037.501,3 1,West,2,6,11
0,4,12,3,2038.174,3 1,North,2,6,11
0,4,12,2,2038.814,2 1,North,2,6,11
0,4,12,2,2039.419,1 1,North,2,6,11
0,4,12,1,2040.228,1 1,West,2,6,11
0,4,12,2,2040.82,1 0,West,2,6,11
0,4,12,1,2041.519,1 0,South,2,6,11
0,4,12,2,2042.155,2 0,South,2,6,11
0,4,12,2,2042.716,3 0,South,2,6,11
0,4,12,2,2043.539,4 0,South,2,6,11
0,4,12,6,2043.92,4 0,South,2,7,11
0,4,12,1,2044.159,4 0,East,2,7,11
0,4,12,1,2044.756,4 0,North,2,7,11
0,4,12,2,2045.31,3 0,North,2,7,11
0,4,12,2,2045.986,2 0,North,2,7,11
0,4,12,2,2046.995,1 0,North,2,7,11
0,4,12,3,2047.759,1 0,East,2,7,11
0,4,12,2,2048.349,1 1,East,2,7,11
0,4,12,3,2048.916,1 1,South,2,7,11
0,4,12,2,2049.486,2 1,South,2,7,11
0,4,12,2,2050.273,3 1,South,2,7,11
0,4,12,1,2051.107,3 1,East,2,7,11
0,4,12,2,2051.758,3 2,East,2,7,11
0,4,12,3,2052.336,3 2,South,2,7,11
0,4,12,2,2052.997,4 2,South,2,7,11
0,4,12,1,2053.68,4 2,East,2,7,11
0,4,12,2,2054.452,4 3,East,2,7,11
0,4,12,2,2055.025,4 4,East,2,7,11
0,4,12,1,2055.835,4 4,North,2,7,11
0,4,12,2,2056.419,3 4,North,2,7,11
0,4,12,2,2056.99,2 4,North,2,7,11
0,4,12,1,2057.807,2 4,West,2,7,11
0,4,12,3,2058.677,2 4,North,2,7,11
0,4,12,2,2059.277,1 4,North,2,7,11
0,4,12,2,2059.886,0 4,North,2,7,11
0,4,12,1,2060.787,0 4,West,2,7,11
0,4,12,1,2061.327,0 4,South,2,7,11
0,4,12,2,2062.111,1 4,South,2,7,11
0,4,12,3,2062.644,1 4,West,2,7,11
0,4,12,2,2063.445,1 3,West,2,7,11
0,4,12,1,2064.129,1 3,South,2,7,11
0,4,12,2,2064.883,2 3,South,2,7,11
0,4,12,3,2065.616,2 3,West,2,7,11
0,4,12,2,2066.156,2 2,West,2,7,11
0,4,12,3,2066.831,2 2,North,2,7,11
0,4,12,2,2067.412,1 2,North,2,7,11
0,4,12,2,2068.046,0 2,North,2,7,11
0,4,12,1,2068.626,0 2,West,2,7,11
0,4,12,2,2069.453,0 1,West,2,7,11
0,4,12,2,2070.77,0 0,West,2,7,11
0,4,12,6,2071.18,0 0,West,2,8,11
3,4,12,2,2076.78,3 4,North,2,0,0
3,4,12,2,2077.391,2 4,North,2,0,0
3,4,12,2,2078.048,1 4,North,2,0,0
3,4,12,1,2078.652,1 3,North,2,0,0
3,4,12,6,2079.06,1 3,North,2,1,0
3,4,12,3,2079.549,1 4,North,2,1,0
3,4,12,4,2080.211,2 4,North,2,1,0
3,4,12,6,2080.58,2 4,North,2,2,0
3,4,12,2,2083.477,1 4,North,2,2,0
3,4,12,1,2084.351,1 3,North,2,2,0
3,4,12,1,2085.046,1 3,North,2,2,1
3,4,12,4,2085.747,2 3,North,2,2,1
3,4,12,1,2086.499,2 2,North,2,2,1
3,4,12,2,2087.211,1 2,North,2,2,1
3,4,12,1,2087.869,1 2,North,2,2,2
3,4,12,4,2088.848,2 2,North,2,2,2
3,4,12,3,2089.489,2 3,North,2,2,2
3,4,12,2,2090.014,1 3,North,2,2,2
3,4,12,2,2090.583,1 3,North,2,2,3
3,4,12,3,2091.693,1 4,North,2,2,3
3,4,12,2,2092.318,0 4,North,2,2,3
3,4,12,1,2093.086,0 3,North,2,2,3
3,4,12,1,2093.708,0 3,North,2,2,4
3,4,12,4,2094.21,0 3,North,2,2,5
3,4,12,3,2095.02,0 4,North,2,2,5
3,4,12,4,2095.679,1 4,North,2,2,5
3,4,12,4,2096.289,2 4,North,2,2,5
3,4,12,1,2096.996,2 4,North,2,2,6
3,4,12,2,2097.472,1 4,North,2,2,6
3,4,12,1,2098.102,1 3,North,2,2,6
3,4,12,1,2098.855,1 3,North,2,2,7
3,4,12,4,2099.341,2 3,North,2,2,7
3,4,12,1,2100.078,2 2,North,2,2,7
3,4,12,2,2100.787,1 2,North,2,2,7
3,4,12,1,2101.442,1 2,North,2,2,8
3,4,12,2,2101.982,0 2,North,2,2,8
3,4,12,1,2102.594,0 1,North,2,2,8
3,4,12,6,2103,0 1,North,2,3,8
3,4,12,3,2103.333,0 2,North,2,3,8
3,4,12,4,2104.227,1 2,North,2,3,8
3,4,12,4,2104.834,2 2,North,2,3,8
3,4,12,3,2105.376,2 3,North,2,3,8
3,4,12,2,2105.949,1 3,North,2,3,8
3,4,12,3,2106.496,1 4,North,2,3,8
3,4,12,6,2106.9,1 4,North,2,4,8
3,4,12,1,2107.23,1 3,North,2,4,8
3,4,12,4,2107.835,2 3,North,2,4,8
3,4,12,1,2108.402,2 2,North,2,4,8
3,4,12,2,2109.099,1 2,North,2,4,8
3,4,12,1,2110.036,1 2,North,2,4,9
3,4,12,2,2110.454,0 2,North,2,4,9
3,4,12,1,2111.019,0 1,North,2,4,9
3,4,12,1,2111.709,0 0,North,2,4,9
3,4,12,6,2112.12,0 0,North,2,5,9
3,4,12,3,2112.315,0 1,North,2,5,9
3,4,12,3,2113.188,0 2,North,2,5,9
3,4,12,4,2113.742,1 2,North,2,5,9
3,4,12,4,2114.34,2 2,North,2,5,9
3,4,12,1,2115.925,2 2,North,2,5,10
3,4,12,2,2116.385,1 2,North,2,5,10
3,4,12,1,2116.989,1 2,North,2,5,11
3,4,12,3,2117.494,1 2,North,2,5,12
3,4,12,4,2117.925,2 2,North,2,5,12
3,4,12,3,2118.859,2 3,North,2,5,12
3,4,12,2,2119.739,1 3,North,2,5,12
3,4,12,3,2120.323,1 4,North,2,5,12
3,4,12,4,2121.026,2 4,North,2,5,12
3,4,12,4,2121.695,3 4,North,2,5,12
3,4,12,4,2122.363,4 4,North,2,5,12
3,4,12,1,2122.963,4 3,North,2,5,12
3,4,12,1,2123.584,4 2,North,2,5,12
3,4,12,2,2124.157,3 2,North,2,5,12
3,4,12,1,2124.709,3 1,North,2,5,12
3,4,12,4,2125.565,3 1,North,2,5,13
3,4,12,1,2125.965,3 1,North,2,5,14
3,4,12,2,2126.531,2 1,North,2,5,14
3,4,12,1,2127.148,2 1,North,2,5,15
3,4,12,4,2127.811,3 1,North,2,5,15
3,4,12,1,2128.623,3 1,North,2,5,16
3,4,12,4,2129.094,3 1,North,2,5,17
3,4,12,3,2129.66,3 2,North,2,5,17
3,4,12,4,2130.256,4 2,North,2,5,17
3,4,12,1,2130.865,4 2,North,2,5,18
3,4,12,2,2131.372,3 2,North,2,5,18
3,4,12,2,2131.893,3 2,North,2,5,19
3,4,12,2,2132.27,3 2,North,2,5,20
3,4,12,1,2132.637,3 1,North,2,5,20
3,4,12,2,2133.332,2 1,North,2,5,20
3,4,12,1,2134.099,2 1,North,2,5,21
3,4,12,2,2134.556,1 1,North,2,5,21
3,4,12,1,2135.275,1 0,North,2,5,21
3,4,12,4,2135.838,2 0,North,2,5,21
3,4,12,4,2136.414,3 0,North,2,5,21
3,4,12,3,2137.204,3 0,North,2,5,22
3,4,12,4,2137.771,4 0,North,2,5,22
3,4,12,3,2138.546,4 1,North,2,5,22
3,4,12,6,2138.96,4 1,North,2,6,22
3,4,12,1,2139.425,4 0,North,2,6,22
3,4,12,2,2140.082,3 0,North,2,6,22
3,4,12,6,2140.48,3 0,North,2,7,22
3,4,12,4,2140.99,4 0,North,2,7,22
3,4,12,6,2141.36,4 0,North,2,8,22
0,5,13,2,2252.687,3 4,North,3,0,22
0,5,13,1,2253.374,3 4,West,3,0,22
0,5,13,2,2254.589,3 3,West,3,0,22
0,5,13,3,2255.15,3 3,North,3,0,22
0,5,13,2,2255.843,2 3,North,3,0,22
0,5,13,2,2256.525,1 3,North,3,0,22
0,5,13,6,2256.9,1 3,North,3,1,22
0,5,13,2,2257.299,0 3,North,3,1,22
0,5,13,3,2258.02,0 3,East,3,1,22
0,5,13,2,2258.756,0 4,East,3,1,22
0,5,13,3,2259.359,0 4,South,3,1,22
0,5,13,2,2260.068,1 4,South,3,1,22
0,5,13,3,2261.265,1 4,West,3,1,22
0,5,13,3,2262.045,1 4,North,3,1,22
0,5,13,2,2262.755,0 4,North,3,1,22
0,5,13,1,2263.423,0 4,West,3,1,22
0,5,13,2,2264.028,0 3,West,3,1,22
0,5,13,1,2264.625,0 3,South,3,1,22
0,5,13,2,2266.149,1 3,South,3,1,22
0,5,13,2,2266.769,2 3,South,3,1,22
0,5,13,2,2267.603,3 3,South,3,1,22
0,5,13,1,2268.13,3 3,East,3,1,22
0,5,13,2,2268.799,3 4,East,3,1,22
0,5,13,3,2269.409,3 4,South,3,1,22
0,5,13,2,2270.06,4 4,South,3,1,22
0,5,13,3,2270.574,4 4,West,3,1,22
0,5,13,2,2271.169,4 3,West,3,1,22
0,5,13,2,2272.114,4 2,West,3,1,22
0,5,13,1,2273.821,4 2,South,3,1,22
0,5,13,1,2274.43,4 2,East,3,1,22
0,5,13,1,2275.41,4 2,North,3,1,22
0,5,13,2,2276.256,3 2,North,3,1,22
0,5,13,1,2276.835,3 2,West,3,1,22
0,5,13,2,2277.471,3 1,West,3,1,22
0,5,13,2,2278.32,3 0,West,3,1,22
0,5,13,6,2278.74,3 0,West,3,2,22
0,5,13,3,2279.059,3 0,North,3,2,22
0,5,13,2,2279.74,2 0,North,3,2,22
0,5,13,2,2280.588,1 0,North,3,2,22
0,5,13,3,2281.197,1 0,East,3,2,22
0,5,13,2,2281.862,1 1,East,3,2,22
0,5,13,3,2282.383,1 1,South,3,2,22
0,5,13,2,2283.021,2 1,South,3,2,22
0,5,13,1,2283.566,2 1,East,3,2,22
0,5,13,2,2284.434,2 2,East,3,2,22
0,5,13,1,2285.078,2 2,North,3,2,22
0,5,13,2,2285.709,1 2,North,3,2,22
0,5,13,6,2286.1,1 2,North,3,3,22
0,5,13,2,2286.447,0 2,North,3,3,22
0,5,13,1,2287.123,0 2,West,3,3,22
0,5,13,2,2287.841,0 1,West,3,3,22
0,5,13,1,2288.603,0 1,South,3,3,22
0,5,13,1,2289.181,0 1,East,3,3,22
0,5,13,2,2289.811,0 2,East,3,3,22
0,5,13,3,2290.338,0 2,South,3,3,22
0,5,13,2,2291.169,1 2,South,3,3,22
0,5,13,2,2291.757,2 2,South,3,3,22
0,5,13,3,2292.416,2 2,West,3,3,22
0,5,13,2,2293.057,2 1,West,3,3,22
0,5,13,3,2293.585,2 1,North,3,3,22
0,5,13,2,2294.222,1 1,North,3,3,22
0,5,13,1,2294.737,1 1,West,3,3,22
0,5,13,2,2295.373,1 0,West,3,3,22
0,5,13,1,2295.92,1 0,South,3,3,22
0,5,13,2,2296.434,2 0,South,3,3,22
0,5,13,2,2296.963,3 0,South,3,3,22
0,5,13,1,2297.699,3 0,East,3,3,22
0,5,13,2,2298.269,3 1,East,3,3,22
0,5,13,2,2298.895,3 2,East,3,3,22
0,5,13,3,2299.971,3 2,South,3,3,22
0,5,13,2,2300.588,4 2,South,3,3,22
0,5,13,1,2301.197,4 2,East,3,3,22
0,5,13,1,2301.836,4 2,North,3,3,22
0,5,13,1,2302.491,4 2,West,3,3,22
0,5,13,3,2303.874,4 2,North,3,3,22
0,5,13,3,2304.514,4 2,East,3,3,22
0,5,13,2,2305.268,4 3,East,3,3,22
0,5,13,2,2305.86,4 4,East,3,3,22
0,5,13,1,2306.66,4 4,North,3,3,22
0,5,13,2,2307.279,3 4,North,3,3,22
0,5,13,1,2307.877,3 4,West,3,3,22
0,5,13,2,2308.445,3 3,West,3,3,22
0,5,13,6,2308.86,3 3,West,3,4,22
0,5,13,3,2308.965,3 3,North,3,4,22
0,5,13,2,2309.492,2 3,North,3,4,22
0,5,13,2,2310.126,1 3,North,3,4,22
0,5,13,2,2310.732,0 3,North,3,4,22
0,5,13,3,2311.297,0 3,East,3,4,22
0,5,13,2,2311.95,0 4,East,3,4,22
0,5,13,3,2312.476,0 4,South,3,4,22
0,5,13,3,2314.492,0 4,West,3,4,22
0,5,13,2,2315.199,0 3,West,3,4,22
0,5,13,1,2315.826,0 3,South,3,4,22
0,5,13,2,2317.365,1 3,South,3,4,22
0,5,13,2,2317.952,2 3,South,3,4,22
0,5,13,2,2318.589,3 3,South,3,4,22
0,5,13,1,2319.167,3 3,East,3,4,22
0,5,13,2,2319.873,3 4,East,3,4,22
0,5,13,3,2320.401,3 4,South,3,4,22
0,5,13,2,2320.927,4 4,South,3,4,22
0,5,13,3,2321.541,4 4,West,3,4,22
0,5,13,2,2322.305,4 3,West,3,4,22
0,5,13,2,2323.059,4 2,West,3,4,22
0,5,13,3,2323.663,4 2,North,3,4,22
0,5,13,2,2324.224,3 2,North,3,4,22
0,5,13,1,2324.764,3 2,West,3,4,22
0,5,13,2,2325.556,3 1,West,3,4,22
0,5,13,2,2326.156,3 0,West,3,4,22
0,5,13,3,2327.168,3 0,North,3,4,22
0,5,13,2,2327.777,2 0,North,3,4,22
0,5,13,2,2328.317,1 0,North,3,4,22
0,5,13,3,2328.828,1 0,East,3,4,22
0,5,13,2,2329.397,1 1,East,3,4,22
0,5,13,3,2330.224,1 1,South,3,4,22
0,5,13,2,2330.885,2 1,South,3,4,22
0,5,13,1,2331.477,2 1,East,3,4,22
0,5,13,2,2331.996,2 2,East,3,4,22
0,5,13,1,2332.658,2 2,North,3,4,22
0,5,13,2,2333.218,1 2,North,3,4,22
0,5,13,2,2333.775,0 2,North,3,4,22
0,5,13,6,2334.16,0 2,North,3,5,22
0,5,13,1,2334.352,0 2,West,3,5,22
0,5,13,1,2335.683,0 2,South,3,5,22
0,5,13,2,2336.448,1 2,South,3,5,22
0,5,13,2,2337.038,2 2,South,3,5,22
0,5,13,3,2337.597,2 2,West,3,5,22
0,5,13,2,2338.275,2 1,West,3,5,22
0,5,13,3,2338.814,2 1,North,3,5,22
0,5,13,2,2339.659,1 1,North,3,5,22
0,5,13,1,2340.256,1 1,West,3,5,22
0,5,13,2,2340.863,1 0,West,3,5,22
0,5,13,1,2341.563,1 0,South,3,5,22
0,5,13,2,2342.131,2 0,South,3,5,22
0,5,13,2,2342.709,3 0,South,3,5,22
0,5,13,1,2343.315,3 0,East,3,5,22
0,5,13,2,2343.827,3 1,East,3,5,22
0,5,13,2,2344.405,3 2,East,3,5,22
0,5,13,3,2345.024,3 2,South,3,5,22
0,5,13,2,2345.839,4 2,South,3,5,22
0,5,13,1,2346.435,4 2,East,3,5,22
0,5,13,2,2347.31,4 3,East,3,5,22
0,5,13,2,2347.999,4 4,East,3,5,22
0,5,13,1,2348.594,4 4,North,3,5,22
0,5,13,2,2349.17,3 4,North,3,5,22
0,5,13,6,2349.54,3 4,North,3,6,22
0,5,13,1,2349.681,3 4,West,3,6,22
0,5,13,2,2350.371,3 3,West,3,6,22
0,5,13,3,2351.268,3 3,North,3,6,22
0,5,13,2,2352.205,2 3,North,3,6,22
0,5,13,2,2352.939,1 3,North,3,6,22
0,5,13,2,2353.74,0 3,North,3,6,22
0,5,13,3,2354.496,0 3,East,3,6,22
0,5,13,2,2355.136,0 4,East,3,6,22
0,5,13,3,2355.759,0 4,South,3,6,22
0,5,13,3,2356.879,0 4,West,3,6,22
0,5,13,2,2357.552,0 3,West,3,6,22
0,5,13,1,2358.161,0 3,South,3,6,22
0,5,13,2,2358.751,1 3,South,3,6,22
0,5,13,2,2359.345,2 3,South,3,6,22
0,5,13,2,2359.987,3 3,South,3,6,22
0,5,13,1,2360.557,3 3,East,3,6,22
0,5,13,2,2361.071,3 4,East,3,6,22
0,5,13,3,2361.618,3 4,South,3,6,22
0,5,13,2,2362.175,4 4,South,3,6,22
0,5,13,3,2362.703,4 4,West,3,6,22
0,5,13,2,2363.299,4 3,West,3,6,22
0,5,13,2,2364.357,4 2,West,3,6,22
0,5,13,3,2364.891,4 2,North,3,6,22
0,5,13,2,2365.524,3 2,North,3,6,22
0,5,13,1,2366.081,3 2,West,3,6,22
0,5,13,2,2368.21,3 1,West,3,6,22
0,5,13,2,2368.748,3 0,West,3,6,22
0,5,13,3,2369.408,3 0,North,3,6,22
0,5,13,2,2370.059,2 0,North,3,6,22
0,5,13,2,2370.771,1 0,North,3,6,22
0,5,13,3,2371.395,1 0,East,3,6,22
0,5,13,2,2372.047,1 1,East,3,6,22
0,5,13,3,2372.637,1 1,South,3,6,22
0,5,13,2,2373.265,2 1,South,3,6,22
0,5,13,1,2373.856,2 1,East,3,6,22
0,5,13,2,2374.421,2 2,East,3,6,22
0,5,13,1,2375.022,2 2,North,3,6,22
0,5,13,2,2375.693,1 2,North,3,6,22
0,5,13,2,2376.273,0 2,North,3,6,22
0,5,13,1,2376.909,0 2,West,3,6,22
0,5,13,2,2377.426,0 1,West,3,6,22
0,5,13,6,2377.84,0 1,West,3,7,22
0,5,13,2,2378.675,0 0,West,3,7,22
0,5,13,6,2379.08,0 0,West,3,8,22
3,5,13,1,2387.011,4 3,North,3,0,0
3,5,13,1,2387.527,4 2,North,3,0,0
3,5,13,2,2388.914,3 2,North,3,0,0
3,5,13,2,2391.167,3 2,North,3,0,1
3,5,13,1,2391.634,3 1,North,3,0,1
3,5,13,2,2392.369,3 1,North,3,0,2
3,5,13,1,2392.869,3 0,North,3,0,2
3,5,13,2,2393.636,2 0,North,3,0,2
3,5,13,2,2394.304,1 0,North,3,0,2
3,5,13,2,2394.947,1 0,North,3,0,3
3,5,13,3,2395.693,1 1,North,3,0,3
3,5,13,2,2396.453,1 1,North,3,0,4
3,5,13,3,2400.66,1 1,North,3,0,5
3,5,13,1,2401.74,1 0,North,3,0,5
3,5,13,2,2402.396,1 0,North,3,0,6
3,5,13,3,2403.325,1 1,North,3,0,6
3,5,13,4,2403.971,2 1,North,3,0,6
3,5,13,3,2404.612,2 2,North,3,0,6
3,5,13,2,2405.808,1 2,North,3,0,6
3,5,13,2,2406.619,0 2,North,3,0,6
3,5,13,1,2407.201,0 1,North,3,0,6
3,5,13,1,2407.814,0 0,North,3,0,6
3,5,13,6,2408.22,0 0,North,3,1,6
3,5,13,3,2408.463,0 1,North,3,1,6
3,5,13,3,2409.072,0 2,North,3,1,6
3,5,13,4,2409.696,1 2,North,3,1,6
3,5,13,4,2410.252,2 2,North,3,1,6
3,5,13,4,2410.783,2 2,North,3,1,7
3,5,13,1,2411.328,2 1,North,3,1,7
3,5,13,4,2411.949,2 1,North,3,1,8
3,5,13,3,2412.418,2 2,North,3,1,8
3,5,13,3,2413.099,2 2,North,3,1,9
3,5,13,2,2413.775,1 2,North,3,1,9
3,5,13,3,2414.454,1 2,North,3,1,10
3,5,13,1,2415.334,1 2,North,3,1,11
3,5,13,4,2415.851,2 2,North,3,1,11
3,5,13,1,2416.575,2 1,North,3,1,11
3,5,13,1,2417.439,2 1,North,3,1,12
3,5,13,4,2418,2 1,North,3,1,13
3,5,13,3,2418.503,2 2,North,3,1,13
3,5,13,4,2419.085,2 2,North,3,1,14
3,5,13,2,2420.157,1 2,North,3,1,14
3,5,13,2,2420.781,0 2,North,3,1,14
3,5,13,3,2421.425,0 2,North,3,1,15
3,5,13,4,2421.986,1 2,North,3,1,15
3,5,13,3,2422.875,1 2,North,3,1,16
3,5,13,1,2423.442,1 2,North,3,1,17
3,5,13,1,2423.858,1 2,North,3,1,18
3,5,13,2,2424.065,0 2,North,3,1,18
3,5,13,1,2424.775,0 1,North,3,1,18
3,5,13,4,2425.41,0 1,North,3,1,19
3,5,13,1,2426.174,0 0,North,3,1,19
3,5,13,4,2426.795,0 0,North,3,1,20
3,5,13,3,2427.276,0 1,North,3,1,20
3,5,13,4,2427.891,0 1,North,3,1,21
3,5,13,3,2428.335,0 2,North,3,1,21
3,5,13,4,2429.48,1 2,North,3,1,21
3,5,13,4,2430.239,2 2,North,3,1,21
3,5,13,4,2430.929,2 2,North,3,1,22
3,5,13,3,2431.462,2 2,North,3,1,23
3,5,13,1,2432.131,2 1,North,3,1,23
3,5,13,4,2432.932,2 1,North,3,1,24
3,5,13,1,2433.475,2 1,North,3,1,25
3,5,13,2,2434.134,1 1,North,3,1,25
3,5,13,1,2434.94,1 0,North,3,1,25
3,5,13,4,2435.718,2 0,North,3,1,25
3,5,13,4,2436.435,3 0,North,3,1,25
3,5,13,4,2437.156,3 0,North,3,1,26
3,5,13,3,2437.811,3 1,North,3,1,26
3,5,13,4,2438.656,3 1,North,3,1,27
3,5,13,3,2439.821,3 2,North,3,1,27
3,5,13,4,2440.525,4 2,North,3,1,27
3,5,13,3,2441.311,4 3,North,3,1,27
3,5,13,2,2442.02,4 3,North,3,1,28
3,5,13,1,2443.197,4 2,North,3,1,28
3,5,13,2,2443.939,3 2,North,3,1,28
3,5,13,3,2444.732,3 2,North,3,1,29
3,5,13,2,2445.601,3 2,North,3,1,30
3,5,13,4,2446.676,4 2,North,3,1,30
3,5,13,3,2447.348,4 3,North,3,1,30
3,5,13,3,2447.98,4 4,North,3,1,30
3,5,13,2,2448.67,3 4,North,3,1,30
3,5,13,1,2449.362,3 3,North,3,1,30
3,5,13,6,2449.76,3 3,North,3,2,30
3,5,13,3,2451.846,3 4,North,3,2,30
3,5,13,2,2452.502,3 4,North,3,2,31
3,5,13,1,2453.052,3 3,North,3,2,31
3,5,13,2,2453.74,2 3,North,3,2,31
3,5,13,2,2454.419,1 3,North,3,2,31
3,5,13,2,2455.025,0 3,North,3,2,31
3,5,13,1,2455.691,0 3,North,3,2,32
3,5,13,4,2456.942,1 3,North,3,2,32
3,5,13,1,2457.703,1 3,North,3,2,33
3,5,13,4,2458.208,2 3,North,3,2,33
3,5,13,1,2458.868,2 3,North,3,2,34
3,5,13,4,2459.548,3 3,North,3,2,34
3,5,13,1,2460.179,3 3,North,3,2,35
3,5,13,4,2460.805,3 3,North,3,2,36
3,5,13,3,2461.664,3 4,North,3,2,36
3,5,13,4,2462.39,4 4,North,3,2,36
3,5,13,1,2463.356,4 3,North,3,2,36
3,5,13,1,2464.077,4 2,North,3,2,36
3,5,13,2,2464.775,3 2,North,3,2,36
3,5,13,2,2465.424,3 2,North,3,2,37
3,5,13,1,2465.979,3 1,North,3,2,37
3,5,13,2,2466.646,3 1,North,3,2,38
3,5,13,1,2467.869,3 0,North,3,2,38
3,5,13,2,2469.404,2 0,North,3,2,38
3,5,13,2,2470.045,1 0,North,3,2,38
3,5,13,2,2470.615,1 0,North,3,2,39
3,5,13,3,2471.104,1 1,North,3,2,39
3,5,13,2,2471.811,1 1,North,3,2,40
3,5,13,3,2472.365,1 1,North,3,2,41
3,5,13,4,2473.053,2 1,North,3,2,41
3,5,13,3,2473.986,2 2,North,3,2,41
3,5,13,2,2474.95,1 2,North,3,2,41
3,5,13,2,2475.618,0 2,North,3,2,41
3,5,13,6,2476,0 2,North,3,3,41
3,5,13,4,2476.614,1 2,North,3,3,41
3,5,13,4,2477.245,2 2,North,3,3,41
3,5,13,1,2477.969,2 1,North,3,3,41
3,5,13,2,2478.69,1 1,North,3,3,41
3,5,13,1,2479.358,1 0,North,3,3,41
3,5,13,4,2479.966,2 0,North,3,3,41
3,5,13,6,2480.34,2 0,North,3,4,41
3,5,13,2,2480.693,1 0,North,3,4,41
3,5,13,3,2481.308,1 1,North,3,4,41
3,5,13,4,2481.891,2 1,North,3,4,41
3,5,13,3,2482.477,2 2,North,3,4,41
3,5,13,2,2483.055,1 2,North,3,4,41
3,5,13,6,2483.44,1 2,North,3,5,41
3,5,13,4,2483.837,2 2,North,3,5,41
3,5,13,1,2484.479,2 1,North,3,5,41
3,5,13,6,2484.88,2 1,North,3,6,41
3,5,13,3,2485.391,2 2,North,3,6,41
3,5,13,2,2486.111,1 2,North,3,6,41
3,5,13,2,2486.659,0 2,North,3,6,41
3,5,13,3,2487.313,0 2,North,3,6,42
3,5,13,4,2487.888,1 2,North,3,6,42
3,5,13,3,2488.549,1 2,North,3,6,43
3,5,13,4,2489.172,2 2,North,3,6,43
3,5,13,3,2489.822,2 2,North,3,6,44
3,5,13,4,2490.37,2 2,North,3,6,45
3,5,13,1,2491.063,2 1,North,3,6,45
3,5,13,4,2491.883,2 1,North,3,6,46
3,5,13,1,2492.723,2 1,North,3,6,47
3,5,13,2,2493.324,1 1,North,3,6,47
3,5,13,3,2494.356,1 1,North,3,6,48
3,5,13,1,2495.342,1 0,North,3,6,48
3,5,13,4,2495.951,2 0,North,3,6,48
3,5,13,4,2496.461,3 0,North,3,6,48
3,5,13,3,2497.117,3 1,North,3,6,48
3,5,13,4,2498.084,3 1,North,3,6,49
3,5,13,3,2498.656,3 2,North,3,6,49
3,5,13,4,2499.536,4 2,North,3,6,49
3,5,13,2,2500.419,3 2,North,3,6,49
3,5,13,3,2501.168,3 2,North,3,6,50
3,5,13,2,2501.837,3 2,North,3,6,51
3,5,13,1,2502.692,3 1,North,3,6,51
3,5,13,2,2503.344,3 1,North,3,6,52
3,5,13,2,2505.266,3 1,North,3,6,53
3,5,13,3,2505.646,3 2,North,3,6,53
3,5,13,4,2506.224,4 2,North,3,6,53
3,5,13,3,2506.864,4 3,North,3,6,53
3,5,13,3,2507.441,4 4,North,3,6,53
3,5,13,2,2508.143,3 4,North,3,6,53
3,5,13,2,2508.765,3 4,North,3,6,54
3,5,13,1,2509.249,3 3,North,3,6,54
3,5,13,2,2509.861,2 3,North,3,6,54
3,5,13,3,2510.549,2 3,North,3,6,55
3,5,13,2,2511.072,1 3,North,3,6,55
3,5,13,6,2511.46,1 3,North,3,7,55
3,5,13,4,2511.981,2 3,North,3,7,55
3,5,13,4,2512.501,3 3,North,3,7,55
3,5,13,1,2513.378,3 3,North,3,7,56
3,5,13,4,2513.888,3 3,North,3,7,57
3,5,13,3,2514.435,3 4,North,3,7,57
3,5,13,4,2514.992,4 4,North,3,7,57
3,5,13,1,2515.616,4 3,North,3,7,57
3,5,13,1,2516.403,4 2,North,3,7,57
3,5,13,1,2517.133,4 1,North,3,7,57
3,5,13,2,2517.789,4 1,North,3,7,58
3,5,13,1,2518.723,4 0,North,3,7,58
3,5,13,2,2519.357,4 0,North,3,7,59
3,5,13,3,2519.92,4 1,North,3,7,59
3,5,13,3,2520.557,4 2,North,3,7,59
3,5,13,2,2521.454,3 2,North,3,7,59
3,5,13,1,2522.259,3 1,North,3,7,59
3,5,13,6,2522.66,3 1,North,3,8,59
0,5,14,2,2527.667,3 4,North,3,0,59
0,5,14,1,2528.251,3 4,West,3,0,59
0,5,14,2,2528.893,3 3,West,3,0,59
0,5,14,3,2529.49,3 3,North,3,0,59
0,5,14,2,2530.358,2 3,North,3,0,59
0,5,14,2,2531.134,1 3,North,3,0,59
0,5,14,2,2531.916,0 3,North,3,0,59
0,5,14,3,2532.613,0 3,East,3,0,59
0,5,14,2,2533.26,0 4,East,3,0,59
0,5,14,6,2533.68,0 4,East,3,1,59
0,5,14,3,2533.836,0 4,South,3,1,59
0,5,14,2,2534.45,1 4,South,3,1,59
0,5,14,3,2535.504,1 4,West,3,1,59
0,5,14,3,2536.146,1 4,North,3,1,59
0,5,14,2,2536.836,0 4,North,3,1,59
0,5,14,1,2537.439,0 4,West,3,1,59
0,5,14,2,2538.043,0 3,West,3,1,59
0,5,14,1,2538.704,0 3,South,3,1,59
0,5,14,2,2539.533,1 3,South,3,1,59
0,5,14,2,2540.275,2 3,South,3,1,59
0,5,14,6,2540.66,2 3,South,3,2,59
0,5,14,2,2541.147,3 3,South,3,2,59
0,5,14,1,2541.789,3 3,East,3,2,59
0,5,14,2,2542.437,3 4,East,3,2,59
0,5,14,3,2543.091,3 4,South,3,2,59
0,5,14,2,2543.777,4 4,South,3,2,59
0,5,14,3,2544.415,4 4,West,3,2,59
0,5,14,2,2545.024,4 3,West,3,2,59
0,5,14,2,2546.338,4 2,West,3,2,59
0,5,14,3,2547.012,4 2,North,3,2,59
0,5,14,2,2547.94,3 2,North,3,2,59
0,5,14,1,2548.556,3 2,West,3,2,59
0,5,14,2,2549.667,3 1,West,3,2,59
0,5,14,6,2550.08,3 1,West,3,3,59
0,5,14,2,2550.541,3 0,West,3,3,59
0,5,14,3,2551.167,3 0,North,3,3,59
0,5,14,2,2551.795,2 0,North,3,3,59
0,5,14,6,2552.18,2 0,North,3,4,59
0,5,14,2,2552.632,1 0,North,3,4,59
0,5,14,3,2553.266,1 0,East,3,4,59
0,5,14,2,2553.997,1 1,East,3,4,59
0,5,14,3,2554.623,1 1,South,3,4,59
0,5,14,2,2555.214,2 1,South,3,4,59
0,5,14,1,2555.824,2 1,East,3,4,59
0,5,14,2,2556.404,2 2,East,3,4,59
0,5,14,1,2556.927,2 2,North,3,4,59
0,5,14,2,2557.555,1 2,North,3,4,59
0,5,14,2,2558.173,0 2,North,3,4,59
0,5,14,1,2558.731,0 2,West,3,4,59
0,5,14,1,2559.327,0 2,South,3,4,59
0,5,14,2,2560.001,1 2,South,3,4,59
0,5,14,2,2560.612,2 2,South,3,4,59
0,5,14,3,2561.621,2 2,West,3,4,59
0,5,14,2,2562.322,2 1,West,3,4,59
0,5,14,3,2563.068,2 1,North,3,4,59
0,5,14,2,2563.869,1 1,North,3,4,59
0,5,14,1,2564.414,1 1,West,3,4,59
0,5,14,2,2564.962,1 0,West,3,4,59
0,5,14,1,2565.589,1 0,South,3,4,59
0,5,14,2,2566.141,2 0,South,3,4,59
0,5,14,2,2566.688,3 0,South,3,4,59
0,5,14,1,2567.234,3 0,East,3,4,59
0,5,14,2,2567.807,3 1,East,3,4,59
0,5,14,3,2568.515,3 1,South,3,4,59
0,5,14,1,2569.102,3 1,East,3,4,59
0,5,14,2,2569.78,3 2,East,3,4,59
0,5,14,3,2570.592,3 2,South,3,4,59
0,5,14,2,2571.25,4 2,South,3,4,59
0,5,14,3,2571.868,4 2,West,3,4,59
0,5,14,1,2572.849,4 2,South,3,4,59
0,5,14,1,2573.582,4 2,East,3,4,59
0,5,14,2,2574.189,4 3,East,3,4,59
0,5,14,2,2574.781,4 4,East,3,4,59
0,5,14,1,2575.38,4 4,North,3,4,59
0,5,14,2,2575.985,3 4,North,3,4,59
0,5,14,1,2576.513,3 4,West,3,4,59
0,5,14,2,2577.053,3 3,West,3,4,59
0,5,14,3,2577.939,3 3,North,3,4,59
0,5,14,2,2578.593,2 3,North,3,4,59
0,5,14,2,2579.154,1 3,North,3,4,59
0,5,14,2,2579.694,0 3,North,3,4,59
0,5,14,3,2580.221,0 3,East,3,4,59
0,5,14,2,2580.783,0 4,East,3,4,59
0,5,14,3,2581.3,0 4,South,3,4,59
0,5,14,2,2582.272,1 4,South,3,4,59
0,5,14,6,2582.66,1 4,South,3,5,59
0,5,14,3,2583.525,1 4,West,3,5,59
0,5,14,3,2584.052,1 4,North,3,5,59
0,5,14,1,2584.812,1 4,West,3,5,59
0,5,14,1,2585.42,1 4,South,3,5,59
0,5,14,3,2586.769,1 4,West,3,5,59
0,5,14,3,2587.589,1 4,North,3,5,59
0,5,14,1,2588.126,1 4,West,3,5,59
0,5,14,1,2588.844,1 4,South,3,5,59
0,5,14,2,2589.891,2 4,South,3,5,59
0,5,14,3,2590.724,2 4,West,3,5,59
0,5,14,3,2591.634,2 4,North,3,5,59
0,5,14,2,2592.462,1 4,North,3,5,59
0,5,14,2,2593.041,0 4,North,3,5,59
0,5,14,1,2593.697,0 4,West,3,5,59
0,5,14,2,2594.273,0 3,West,3,5,59
0,5,14,1,2594.815,0 3,South,3,5,59
0,5,14,2,2595.437,1 3,South,3,5,59
0,5,14,2,2596.051,2 3,South,3,5,59
0,5,14,2,2596.571,3 3,South,3,5,59
0,5,14,1,2597.172,3 3,East,3,5,59
0,5,14,2,2598.545,3 4,East,3,5,59
0,5,14,3,2599.115,3 4,South,3,5,59
0,5,14,2,2599.655,4 4,South,3,5,59
0,5,14,3,2600.24,4 4,West,3,5,59
0,5,14,2,2600.899,4 3,West,3,5,59
0,5,14,2,2601.535,4 2,West,3,5,59
0,5,14,2,2602.196,4 1,West,3,5,59
0,5,14,2,2602.78,4 0,West,3,5,59
0,5,14,6,2603.2,4 0,West,3,6,59
0,5,14,3,2603.405,4 0,North,3,6,59
0,5,14,3,2603.935,4 0,East,3,6,59
0,5,14,2,2604.525,4 1,East,3,6,59
0,5,14,2,2605.44,4 2,East,3,6,59
0,5,14,1,2606.333,4 2,North,3,6,59
0,5,14,2,2606.914,3 2,North,3,6,59
0,5,14,6,2607.3,3 2,North,3,7,59
0,5,14,1,2607.549,3 2,West,3,7,59
0,5,14,2,2608.139,3 1,West,3,7,59
0,5,14,1,2608.909,3 1,South,3,7,59
0,5,14,1,2609.485,3 1,East,3,7,59
0,5,14,2,2610.002,3 2,East,3,7,59
0,5,14,3,2611.008,3 2,South,3,7,59
0,5,14,2,2611.648,4 2,South,3,7,59
0,5,14,3,2612.165,4 2,West,3,7,59
0,5,14,3,2612.813,4 2,North,3,7,59
0,5,14,3,2613.421,4 2,East,3,7,59
0,5,14,2,2613.983,4 3,East,3,7,59
0,5,14,2,2614.703,4 4,East,3,7,59
0,5,14,1,2615.298,4 4,North,3,7,59
0,5,14,2,2616.669,3 4,North,3,7,59
0,5,14,1,2617.186,3 4,West,3,7,59
0,5,14,1,2617.772,3 4,South,3,7,59
0,5,14,2,2618.397,4 4,South,3,7,59
0,5,14,3,2618.914,4 4,West,3,7,59
0,5,14,2,2619.632,4 3,West,3,7,59
0,5,14,2,2620.227,4 2,West,3,7,59
0,5,14,2,2620.908,4 1,West,3,7,59
0,5,14,6,2621.32,4 1,West,3,8,59
3,5,14,1,2626.091,4 3,North,3,0,0
3,5,14,1,2626.867,4 2,North,3,0,0
3,5,14,2,2627.491,3 2,North,3,0,0
3,5,14,3,2628.012,3 2,North,3,0,1
3,5,14,3,2629.748,3 2,North,3,0,2
3,5,14,4,2630.78,4 2,North,3,0,2
3,5,14,3,2631.42,4 3,North,3,0,2
3,5,14,2,2632.238,4 3,North,3,0,3
3,5,14,3,2632.662,4 4,North,3,0,3
3,5,14,2,2633.297,3 4,North,3,0,3
3,5,14,2,2634.035,3 4,North,3,0,4
3,5,14,1,2634.431,3 3,North,3,0,4
3,5,14,2,2635.052,2 3,North,3,0,4
3,5,14,6,2635.44,2 3,North,3,1,4
3,5,14,4,2635.876,3 3,North,3,1,4
3,5,14,3,2636.575,3 4,North,3,1,4
3,5,14,4,2637.133,4 4,North,3,1,4
3,5,14,1,2637.777,4 3,North,3,1,4
3,5,14,1,2638.4,4 2,North,3,1,4
3,5,14,1,2639.043,4 1,North,3,1,4
3,5,14,6,2639.46,4 1,North,3,2,4
3,5,14,2,2640.796,4 1,North,3,2,5
3,5,14,1,2641.246,4 0,North,3,2,5
3,5,14,2,2641.925,4 0,North,3,2,6
3,5,14,3,2642.69,4 1,North,3,2,6
3,5,14,3,2643.236,4 2,North,3,2,6
3,5,14,2,2643.775,3 2,North,3,2,6
3,5,14,2,2644.671,3 2,North,3,2,7
3,5,14,1,2645.06,3 1,North,3,2,7
3,5,14,2,2645.694,3 1,North,3,2,8
3,5,14,1,2646.155,3 0,North,3,2,8
3,5,14,2,2646.759,2 0,North,3,2,8
3,5,14,6,2647.14,2 0,North,3,3,8
3,5,14,4,2647.485,3 0,North,3,3,8
3,5,14,3,2648.03,3 1,North,3,3,8
3,5,14,3,2648.685,3 2,North,3,3,8
3,5,14,4,2649.359,4 2,North,3,3,8
3,5,14,3,2649.926,4 3,North,3,3,8
3,5,14,3,2650.494,4 4,North,3,3,8
3,5,14,2,2651.195,3 4,North,3,3,8
3,5,14,2,2651.805,3 4,North,3,3,9
3,5,14,1,2652.288,3 3,North,3,3,9
3,5,14,1,2653.78,3 3,North,3,3,10
3,5,14,2,2654.402,2 3,North,3,3,10
3,5,14,3,2655.236,2 3,North,3,3,11
3,5,14,2,2655.631,1 3,North,3,3,11
3,5,14,3,2656.289,1 3,North,3,3,12
3,5,14,2,2657.681,0 3,North,3,3,12
3,5,14,3,2658.323,0 4,North,3,3,12
3,5,14,4,2658.914,1 4,North,3,3,12
3,5,14,6,2659.28,1 4,North,3,4,12
3,5,14,2,2659.628,0 4,North,3,4,12
3,5,14,1,2660.206,0 3,North,3,4,12
3,5,14,4,2660.787,1 3,North,3,4,12
3,5,14,4,2661.597,2 3,North,3,4,12
3,5,14,1,2662.175,2 3,North,3,4,13
3,5,14,4,2662.839,3 3,North,3,4,13
3,5,14,1,2663.537,3 3,North,3,4,14
3,5,14,4,2664.559,3 3,North,3,4,15
3,5,14,3,2664.994,3 4,North,3,4,15
3,5,14,4,2665.675,4 4,North,3,4,15
3,5,14,1,2666.284,4 3,North,3,4,15
3,5,14,1,2666.895,4 2,North,3,4,15
3,5,14,2,2667.459,3 2,North,3,4,15
3,5,14,6,2667.84,3 2,North,3,5,15
3,5,14,2,2670.382,3 2,North,3,5,16
3,5,14,1,2670.782,3 1,North,3,5,16
3,5,14,1,2671.694,3 0,North,3,5,16
3,5,14,2,2672.229,2 0,North,3,5,16
3,5,14,3,2672.819,2 0,North,3,5,17
3,5,14,2,2673.44,1 0,North,3,5,17
3,5,14,6,2673.82,1 0,North,3,6,17
3,5,14,2,2675.584,1 0,North,3,6,18
3,5,14,3,2676.016,1 1,North,3,6,18
3,5,14,3,2677.09,1 1,North,3,6,19
3,5,14,2,2677.619,1 1,North,3,6,20
3,5,14,4,2678.126,2 1,North,3,6,20
3,5,14,3,2678.7,2 2,North,3,6,20
3,5,14,2,2679.301,1 2,North,3,6,20
3,5,14,2,2679.89,0 2,North,3,6,20
3,5,14,1,2680.534,0 1,North,3,6,20
3,5,14,6,2680.94,0 1,North,3,7,20
3,5,14,3,2681.222,0 2,North,3,7,20
3,5,14,4,2681.789,1 2,North,3,7,20
3,5,14,4,2682.722,2 2,North,3,7,20
3,5,14,1,2683.347,2 1,North,3,7,20
3,5,14,1,2684.005,2 1,North,3,7,21
3,5,14,4,2684.531,2 1,North,3,7,22
3,5,14,2,2685.406,1 1,North,3,7,22
3,5,14,1,2685.976,1 0,North,3,7,22
3,5,14,4,2686.611,2 0,North,3,7,22
3,5,14,4,2687.236,3 0,North,3,7,22
3,5,14,6,2687.6,3 0,North,3,8,22
0,5,15,2,2691.826,3 4,North,3,0,22
0,5,15,1,2692.431,3 4,West,3,0,22
0,5,15,1,2693.409,3 4,South,3,0,22
0,5,15,2,2694.065,4 4,South,3,0,22
0,5,15,3,2694.783,4 4,West,3,0,22
0,5,15,2,2695.684,4 3,West,3,0,22
0,5,15,2,2696.284,4 2,West,3,0,22
0,5,15,6,2696.7,4 2,West,3,1,22
0,5,15,3,2696.865,4 2,North,3,1,22
0,5,15,2,2697.682,3 2,North,3,1,22
0,5,15,1,2698.403,3 2,West,3,1,22
0,5,15,2,2699.006,3 1,West,3,1,22
0,5,15,2,2699.636,3 0,West,3,1,22
0,5,15,3,2700.541,3 0,North,3,1,22
0,5,15,2,2701.183,2 0,North,3,1,22
0,5,15,2,2701.702,1 0,North,3,1,22
0,5,15,3,2702.511,1 0,East,3,1,22
0,5,15,2,2703.168,1 1,East,3,1,22
0,5,15,3,2704.035,1 1,South,3,1,22
0,5,15,2,2704.736,2 1,South,3,1,22
0,5,15,1,2705.277,2 1,East,3,1,22
0,5,15,2,2705.826,2 2,East,3,1,22
0,5,15,1,2706.365,2 2,North,3,1,22
0,5,15,2,2706.893,1 2,North,3,1,22
0,5,15,2,2707.421,0 2,North,3,1,22
0,5,15,1,2707.958,0 2,West,3,1,22
0,5,15,1,2711.216,0 2,South,3,1,22
0,5,15,2,2712.013,1 2,South,3,1,22
0,5,15,2,2712.609,2 2,South,3,1,22
0,5,15,3,2713.409,2 2,West,3,1,22
0,5,15,2,2714.079,2 1,West,3,1,22
0,5,15,3,2714.646,2 1,North,3,1,22
0,5,15,2,2715.184,1 1,North,3,1,22
0,5,15,1,2716.015,1 1,West,3,1,22
0,5,15,2,2716.64,1 0,West,3,1,22
0,5,15,1,2717.18,1 0,South,3,1,22
0,5,15,2,2717.986,2 0,South,3,1,22
0,5,15,2,2718.981,3 0,South,3,1,22
0,5,15,1,2719.757,3 0,East,3,1,22
0,5,15,2,2720.306,3 1,East,3,1,22
0,5,15,3,2721.041,3 1,South,3,1,22
0,5,15,1,2721.65,3 1,East,3,1,22
0,5,15,2,2722.3,3 2,East,3,1,22
0,5,15,3,2722.837,3 2,South,3,1,22
0,5,15,2,2723.424,4 2,South,3,1,22
0,5,15,3,2723.973,4 2,West,3,1,22
0,5,15,1,2724.669,4 2,South,3,1,22
0,5,15,1,2725.189,4 2,East,3,1,22
0,5,15,2,2725.795,4 3,East,3,1,22
0,5,15,2,2726.384,4 4,East,3,1,22
0,5,15,1,2726.979,4 4,North,3,1,22
0,5,15,2,2727.515,3 4,North,3,1,22
0,5,15,1,2728.116,3 4,West,3,1,22
0,5,15,2,2728.675,3 3,West,3,1,22
0,5,15,3,2729.572,3 3,North,3,1,22
0,5,15,2,2730.196,2 3,North,3,1,22
0,5,15,2,2730.813,1 3,North,3,1,22
0,5,15,2,2731.533,0 3,North,3,1,22
0,5,15,6,2731.92,0 3,North,3,2,22
0,5,15,3,2732.274,0 3,East,3,2,22
0,5,15,2,2732.931,0 4,East,3,2,22
0,5,15,3,2733.504,0 4,South,3,2,22
0,5,15,2,2734.143,1 4,South,3,2,22
0,5,15,3,2735.022,1 4,West,3,2,22
0,5,15,1,2736.267,1 4,South,3,2,22
0,5,15,3,2736.895,1 4,West,3,2,22
0,5,15,3,2737.485,1 4,North,3,2,22
0,5,15,2,2738.191,0 4,North,3,2,22
0,5,15,1,2738.896,0 4,West,3,2,22
0,5,15,2,2739.602,0 3,West,3,2,22
0,5,15,1,2740.501,0 3,South,3,2,22
0,5,15,2,2741.283,1 3,South,3,2,22
0,5,15,2,2742.195,2 3,South,3,2,22
0,5,15,2,2742.848,3 3,South,3,2,22
0,5,15,1,2743.556,3 3,East,3,2,22
0,5,15,2,2744.177,3 4,East,3,2,22
0,5,15,3,2744.757,3 4,South,3,2,22
0,5,15,2,2745.678,4 4,South,3,2,22
0,5,15,3,2746.259,4 4,West,3,2,22
0,5,15,2,2746.865,4 3,West,3,2,22
0,5,15,2,2747.666,4 2,West,3,2,22
0,5,15,3,2748.365,4 2,North,3,2,22
0,5,15,2,2748.978,3 2,North,3,2,22
0,5,15,1,2749.553,3 2,West,3,2,22
0,5,15,2,2750.273,3 1,West,3,2,22
0,5,15,2,2750.832,3 0,West,3,2,22
0,5,15,3,2751.381,3 0,North,3,2,22
0,5,15,2,2752.017,2 0,North,3,2,22
0,5,15,2,2752.563,1 0,North,3,2,22
0,5,15,3,2753.5,1 0,East,3,2,22
0,5,15,2,2754.293,1 1,East,3,2,22
0,5,15,3,2754.977,1 1,South,3,2,22
0,5,15,2,2755.586,2 1,South,3,2,22
0,5,15,6,2755.96,2 1,South,3,3,22
0,5,15,1,2756.302,2 1,East,3,3,22
0,5,15,2,2756.977,2 2,East,3,3,22
0,5,15,1,2757.507,2 2,North,3,3,22
0,5,15,2,2758.286,1 2,North,3,3,22
0,5,15,2,2758.913,0 2,North,3,3,22
0,5,15,1,2759.443,0 2,West,3,3,22
0,5,15,2,2760.156,0 1,West,3,3,22
0,5,15,1,2760.994,0 1,South,3,3,22
0,5,15,1,2761.745,0 1,East,3,3,22
0,5,15,2,2762.562,0 2,East,3,3,22
0,5,15,3,2763.203,0 2,South,3,3,22
0,5,15,2,2763.871,1 2,South,3,3,22
0,5,15,2,2764.453,2 2,South,3,3,22
0,5,15,3,2765.072,2 2,West,3,3,22
0,5,15,2,2765.744,2 1,West,3,3,22
0,5,15,3,2766.323,2 1,North,3,3,22
0,5,15,2,2767.253,1 1,North,3,3,22
0,5,15,1,2767.891,1 1,West,3,3,22
0,5,15,2,2768.546,1 0,West,3,3,22
0,5,15,6,2768.96,1 0,West,3,4,22
0,5,15,1,2769.09,1 0,South,3,4,22
0,5,15,2,2769.951,2 0,South,3,4,22
0,5,15,2,2770.526,3 0,South,3,4,22
0,5,15,1,2771.06,3 0,East,3,4,22
0,5,15,2,2771.661,3 1,East,3,4,22
0,5,15,3,2772.358,3 1,South,3,4,22
0,5,15,1,2772.88,3 1,East,3,4,22
0,5,15,2,2773.455,3 2,East,3,4,22
0,5,15,3,2774.001,3 2,South,3,4,22
0,5,15,2,2774.63,4 2,South,3,4,22
0,5,15,3,2775.155,4 2,West,3,4,22
0,5,15,1,2775.749,4 2,South,3,4,22
0,5,15,1,2776.383,4 2,East,3,4,22
0,5,15,2,2777.204,4 3,East,3,4,22
0,5,15,2,2777.938,4 4,East,3,4,22
0,5,15,1,2778.608,4 4,North,3,4,22
0,5,15,2,2779.503,3 4,North,3,4,22
0,5,15,1,2780.081,3 4,West,3,4,22
0,5,15,2,2780.771,3 3,West,3,4,22
0,5,15,3,2781.686,3 3,North,3,4,22
0,5,15,2,2782.34,2 3,North,3,4,22
0,5,15,2,2782.959,1 3,North,3,4,22
0,5,15,2,2783.556,0 3,North,3,4,22
0,5,15,3,2784.243,0 3,East,3,4,22
0,5,15,2,2785.205,0 4,East,3,4,22
0,5,15,3,2785.842,0 4,South,3,4,22
0,5,15,2,2786.603,1 4,South,3,4,22
0,5,15,2,2787.296,2 4,South,3,4,22
0,5,15,6,2787.68,2 4,South,3,5,22
0,5,15,1,2788.533,2 4,East,3,5,22
0,5,15,1,2789.077,2 4,North,3,5,22
0,5,15,2,2789.692,1 4,North,3,5,22
0,5,15,2,2790.429,0 4,North,3,5,22
0,5,15,1,2791.212,0 4,West,3,5,22
0,5,15,2,2791.877,0 3,West,3,5,22
0,5,15,1,2792.574,0 3,South,3,5,22
0,5,15,2,2793.184,1 3,South,3,5,22
0,5,15,2,2793.86,2 3,South,3,5,22
0,5,15,2,2794.716,3 3,South,3,5,22
0,5,15,1,2795.372,3 3,East,3,5,22
0,5,15,2,2796.002,3 4,East,3,5,22
0,5,15,3,2796.621,3 4,South,3,5,22
0,5,15,2,2797.212,4 4,South,3,5,22
0,5,15,3,2797.788,4 4,West,3,5,22
0,5,15,2,2798.316,4 3,West,3,5,22
0,5,15,2,2799.164,4 2,West,3,5,22
0,5,15,3,2799.747,4 2,North,3,5,22
0,5,15,2,2800.335,3 2,North,3,5,22
0,5,15,1,2800.854,3 2,West,3,5,22
0,5,15,2,2801.647,3 1,West,3,5,22
0,5,15,2,2802.285,3 0,West,3,5,22
0,5,15,3,2802.803,3 0,North,3,5,22
0,5,15,2,2803.424,2 0,North,3,5,22
0,5,15,2,2803.94,1 0,North,3,5,22
0,5,15,3,2804.788,1 0,East,3,5,22
0,5,15,2,2805.389,1 1,East,3,5,22
0,5,15,6,2805.8,1 1,East,3,6,22
0,5,15,3,2805.938,1 1,South,3,6,22
0,5,15,2,2806.448,2 1,South,3,6,22
0,5,15,1,2806.959,2 1,East,3,6,22
0,5,15,2,2807.861,2 2,East,3,6,22
0,5,15,6,2808.26,2 2,East,3,7,22
0,5,15,1,2808.822,2 2,North,3,7,22
0,5,15,2,2809.631,1 2,North,3,7,22
0,5,15,2,2810.148,0 2,North,3,7,22
0,5,15,1,2810.881,0 2,West,3,7,22
0,5,15,1,2811.691,0 2,South,3,7,22
0,5,15,2,2812.37,1 2,South,3,7,22
0,5,15,2,2813.234,2 2,South,3,7,22
0,5,15,3,2813.909,2 2,West,3,7,22
0,5,15,2,2814.566,2 1,West,3,7,22
0,5,15,3,2815.406,2 1,North,3,7,22
0,5,15,2,2816.06,1 1,North,3,7,22
0,5,15,1,2816.737,1 1,West,3,7,22
0,5,15,2,2817.582,1 0,West,3,7,22
0,5,15,1,2818.229,1 0,South,3,7,22
0,5,15,2,2818.813,2 0,South,3,7,22
0,5,15,2,2819.444,3 0,South,3,7,22
0,5,15,1,2820.07,3 0,East,3,7,22
0,5,15,2,2820.69,3 1,East,3,7,22
0,5,15,2,2821.535,3 2,East,3,7,22
0,5,15,3,2822.371,3 2,South,3,7,22
0,5,15,2,2823.325,4 2,South,3,7,22
0,5,15,3,2823.983,4 2,West,3,7,22
0,5,15,3,2827.04,4 2,North,3,7,22
0,5,15,3,2827.746,4 2,East,3,7,22
0,5,15,2,2828.591,4 3,East,3,7,22
0,5,15,6,2829,4 3,East,3,8,22
3,5,15,2,2837.903,3 4,North,3,0,0
3,5,15,2,2839.217,3 4,North,3,0,1
3,5,15,1,2839.601,3 3,North,3,0,1
3,5,15,1,2841.341,3 3,North,3,0,2
3,5,15,2,2841.811,2 3,North,3,0,2
3,5,15,3,2842.358,2 3,North,3,0,3
3,5,15,2,2842.925,1 3,North,3,0,3
3,5,15,3,2843.597,1 3,North,3,0,4
3,5,15,2,2844.084,0 3,North,3,0,4
3,5,15,3,2844.722,0 4,North,3,0,4
3,5,15,4,2845.358,1 4,North,3,0,4
3,5,15,4,2845.936,2 4,North,3,0,4
3,5,15,6,2846.3,2 4,North,3,1,4
3,5,15,2,2846.656,1 4,North,3,1,4
3,5,15,2,2847.214,0 4,North,3,1,4
3,5,15,1,2847.804,0 3,North,3,1,4
3,5,15,4,2848.406,1 3,North,3,1,4
3,5,15,4,2849.059,2 3,North,3,1,4
3,5,15,1,2849.925,2 3,North,3,1,5
3,5,15,2,2850.414,1 3,North,3,1,5
3,5,15,1,2851.087,1 3,North,3,1,6
3,5,15,4,2851.63,2 3,North,3,1,6
3,5,15,4,2852.211,3 3,North,3,1,6
3,5,15,1,2852.976,3 3,North,3,1,7
3,5,15,4,2853.712,3 3,North,3,1,8
3,5,15,1,2855.523,3 3,North,3,1,9
3,5,15,3,2857.245,3 4,North,3,1,9
3,5,15,4,2857.92,4 4,North,3,1,9
3,5,15,1,2858.587,4 3,North,3,1,9
3,5,15,1,2859.341,4 2,North,3,1,9
3,5,15,6,2859.74,4 2,North,3,2,9
3,5,15,2,2860.412,3 2,North,3,2,9
3,5,15,2,2861.14,3 2,North,3,2,10
3,5,15,1,2862.511,3 1,North,3,2,10
3,5,15,1,2863.023,3 0,North,3,2,10
3,5,15,2,2863.558,2 0,North,3,2,10
3,5,15,3,2864.071,2 0,North,3,2,11
3,5,15,2,2865.025,1 0,North,3,2,11
3,5,15,3,2865.541,1 1,North,3,2,11
3,5,15,6,2865.94,1 1,North,3,3,11
3,5,15,1,2866.374,1 0,North,3,3,11
3,5,15,4,2866.942,2 0,North,3,3,11
3,5,15,4,2867.856,3 0,North,3,3,11
3,5,15,3,2868.579,3 1,North,3,3,11
3,5,15,3,2869.166,3 2,North,3,3,11
3,5,15,4,2869.741,4 2,North,3,3,11
3,5,15,3,2870.259,4 3,North,3,3,11
3,5,15,6,2870.66,4 3,North,3,4,11
3,5,15,1,2871.026,4 2,North,3,4,11
3,5,15,2,2871.569,3 2,North,3,4,11
3,5,15,1,2872.862,3 1,North,3,4,11
3,5,15,1,2873.461,3 0,North,3,4,11
3,5,15,2,2874.029,2 0,North,3,4,11
3,5,15,3,2874.63,2 0,North,3,4,12
3,5,15,2,2875.43,1 0,North,3,4,12
3,5,15,3,2876.02,1 1,North,3,4,12
3,5,15,3,2876.637,1 1,North,3,4,13
3,5,15,4,2877.154,2 1,North,3,4,13
3,5,15,3,2877.791,2 2,North,3,4,13
3,5,15,6,2878.18,2 2,North,3,5,13
3,5,15,1,2878.549,2 1,North,3,5,13
3,5,15,2,2879.248,1 1,North,3,5,13
3,5,15,1,2879.806,1 0,North,3,5,13
3,5,15,3,2881.667,1 1,North,3,5,13
3,5,15,2,2882.276,1 1,North,3,5,14
3,5,15,1,2883.389,1 0,North,3,5,14
3,5,15,2,2884.357,1 0,North,3,5,15
3,5,15,4,2884.914,2 0,North,3,5,15
3,5,15,3,2885.973,2 0,North,3,5,16
3,5,15,4,2886.399,3 0,North,3,5,16
3,5,15,3,2887.061,3 1,North,3,5,16
3,5,15,3,2888.539,3 2,North,3,5,16
3,5,15,4,2889.122,4 2,North,3,5,16
3,5,15,3,2890.018,4 3,North,3,5,16
3,5,15,3,2890.548,4 4,North,3,5,16
3,5,15,2,2891.169,3 4,North,3,5,16
3,5,15,2,2892.049,3 4,North,3,5,17
3,5,15,1,2892.398,3 3,North,3,5,17
3,5,15,1,2894.112,3 3,North,3,5,18
3,5,15,2,2894.694,2 3,North,3,5,18
3,5,15,2,2895.456,1 3,North,3,5,18
3,5,15,3,2896.081,1 3,North,3,5,19
3,5,15,1,2896.532,1 3,North,3,5,20
3,5,15,1,2897.149,1 3,North,3,5,21
3,5,15,4,2897.588,2 3,North,3,5,21
3,5,15,1,2898.192,2 3,North,3,5,22
3,5,15,3,2898.941,2 3,North,3,5,23
3,5,15,2,2899.908,1 3,North,3,5,23
3,5,15,3,2900.725,1 3,North,3,5,24
3,5,15,2,2901.232,0 3,North,3,5,24
3,5,15,3,2901.937,0 4,North,3,5,24
3,5,15,6,2902.34,0 4,North,3,6,24
3,5,15,1,2902.574,0 3,North,3,6,24
3,5,15,4,2903.484,1 3,North,3,6,24
3,5,15,4,2904.15,2 3,North,3,6,24
3,5,15,4,2904.754,3 3,North,3,6,24
3,5,15,3,2905.388,3 4,North,3,6,24
3,5,15,6,2905.8,3 4,North,3,7,24
3,5,15,1,2906.71,3 3,North,3,7,24
3,5,15,2,2907.299,2 3,North,3,7,24
3,5,15,2,2907.957,1 3,North,3,7,24
3,5,15,2,2908.525,0 3,North,3,7,24
3,5,15,6,2908.9,0 3,North,3,8,24
0,6,16,2,2915.121,3 4,North,3,0,24
0,6,16,1,2915.729,3 4,West,3,0,24
0,6,16,2,2916.652,3 3,West,3,0,24
0,6,16,3,2917.214,3 3,North,3,0,24
0,6,16,2,2917.853,2 3,North,3,0,24
0,6,16,2,2918.479,1 3,North,3,0,24
0,6,16,2,2919.366,0 3,North,3,0,24
0,6,16,3,2920.052,0 3,East,3,0,24
0,6,16,2,2920.797,0 4,East,3,0,24
0,6,16,3,2921.356,0 4,South,3,0,24
0,6,16,2,2922.094,1 4,South,3,0,24
0,6,16,6,2922.48,1 4,South,3,1,24
0,6,16,1,2922.705,1 4,East,3,1,24
0,6,16,1,2923.484,1 4,North,3,1,24
0,6,16,2,2924.128,0 4,North,3,1,24
0,6,16,1,2924.787,0 4,West,3,1,24
0,6,16,2,2925.326,0 3,West,3,1,24
0,6,16,1,2926.03,0 3,South,3,1,24
0,6,16,2,2926.655,1 3,South,3,1,24
0,6,16,2,2927.458,2 3,South,3,1,24
0,6,16,2,2928.255,3 3,South,3,1,24
0,6,16,1,2928.821,3 3,East,3,1,24
0,6,16,2,2929.471,3 4,East,3,1,24
0,6,16,3,2930.046,3 4,South,3,1,24
0,6,16,2,2930.635,4 4,South,3,1,24
0,6,16,3,2931.212,4 4,West,3,1,24
0,6,16,2,2931.775,4 3,West,3,1,24
0,6,16,2,2932.374,4 2,West,3,1,24
0,6,16,3,2932.961,4 2,North,3,1,24
0,6,16,2,2933.52,3 2,North,3,1,24
0,6,16,1,2934.083,3 2,West,3,1,24
0,6,16,2,2934.604,3 1,West,3,1,24
0,6,16,2,2935.153,3 0,West,3,1,24
0,6,16,3,2935.712,3 0,North,3,1,24
0,6,16,2,2936.271,2 0,North,3,1,24
0,6,16,2,2936.799,1 0,North,3,1,24
0,6,16,3,2937.665,1 0,East,3,1,24
0,6,16,2,2938.203,1 1,East,3,1,24
0,6,16,3,2938.795,1 1,South,3,1,24
0,6,16,2,2939.332,2 1,South,3,1,24
0,6,16,1,2939.868,2 1,East,3,1,24
0,6,16,2,2940.453,2 2,East,3,1,24
0,6,16,1,2940.964,2 2,North,3,1,24
0,6,16,2,2941.876,1 2,North,3,1,24
0,6,16,2,2942.45,0 2,North,3,1,24
0,6,16,6,2942.84,0 2,North,3,2,24
0,6,16,1,2943.344,0 2,West,3,2,24
0,6,16,2,2943.869,0 1,West,3,2,24
0,6,16,1,2944.579,0 1,South,3,2,24
0,6,16,1,2945.107,0 1,East,3,2,24
0,6,16,2,2945.795,0 2,East,3,2,24
0,6,16,3,2946.38,0 2,South,3,2,24
0,6,16,2,2946.898,1 2,South,3,2,24
0,6,16,2,2947.775,2 2,South,3,2,24
0,6,16,3,2948.359,2 2,West,3,2,24
0,6,16,2,2948.956,2 1,West,3,2,24
0,6,16,6,2949.38,2 1,West,3,3,24
0,6,16,3,2949.826,2 1,North,3,3,24
0,6,16,2,2950.371,1 1,North,3,3,24
0,6,16,1,2951.216,1 1,West,3,3,24
0,6,16,2,2951.868,1 0,West,3,3,24
0,6,16,1,2952.541,1 0,South,3,3,24
0,6,16,2,2953.053,2 0,South,3,3,24
0,6,16,2,2953.917,3 0,South,3,3,24
0,6,16,1,2954.659,3 0,East,3,3,24
0,6,16,2,2955.268,3 1,East,3,3,24
0,6,16,2,2955.893,3 2,East,3,3,24
0,6,16,3,2956.464,3 2,South,3,3,24
0,6,16,2,2957.133,4 2,South,3,3,24
0,6,16,3,2957.781,4 2,West,3,3,24
0,6,16,3,2958.399,4 2,North,3,3,24
0,6,16,3,2959.052,4 2,East,3,3,24
0,6,16,2,2959.725,4 3,East,3,3,24
0,6,16,2,2960.353,4 4,East,3,3,24
0,6,16,1,2960.909,4 4,North,3,3,24
0,6,16,2,2961.506,3 4,North,3,3,24
0,6,16,1,2962.117,3 4,West,3,3,24
0,6,16,2,2962.676,3 3,West,3,3,24
0,6,16,3,2963.238,3 3,North,3,3,24
0,6,16,2,2963.756,2 3,North,3,3,24
0,6,16,2,2964.673,1 3,North,3,3,24
0,6,16,2,2965.505,0 3,North,3,3,24
0,6,16,3,2966.16,0 3,East,3,3,24
0,6,16,2,2966.781,0 4,East,3,3,24
0,6,16,6,2967.18,0 4,East,3,4,24
0,6,16,3,2967.376,0 4,South,3,4,24
0,6,16,3,2968.356,0 4,West,3,4,24
0,6,16,2,2968.993,0 3,West,3,4,24
0,6,16,1,2969.683,0 3,South,3,4,24
0,6,16,2,2972.157,1 3,South,3,4,24
0,6,16,6,2972.54,1 3,South,3,5,24
0,6,16,2,2972.671,2 3,South,3,5,24
0,6,16,2,2973.552,3 3,South,3,5,24
0,6,16,1,2974.114,3 3,East,3,5,24
0,6,16,2,2974.7,3 4,East,3,5,24
0,6,16,3,2975.328,3 4,South,3,5,24
0,6,16,2,2976.096,4 4,South,3,5,24
0,6,16,3,2976.626,4 4,West,3,5,24
0,6,16,2,2977.344,4 3,West,3,5,24
0,6,16,2,2977.952,4 2,West,3,5,24
0,6,16,3,2978.481,4 2,North,3,5,24
0,6,16,2,2979.087,3 2,North,3,5,24
0,6,16,6,2979.48,3 2,North,3,6,24
0,6,16,1,2979.637,3 2,West,3,6,24
0,6,16,2,2980.229,3 1,West,3,6,24
0,6,16,2,2980.77,3 0,West,3,6,24
0,6,16,3,2981.33,3 0,North,3,6,24
0,6,16,2,2981.933,2 0,North,3,6,24
0,6,16,2,2982.448,1 0,North,3,6,24
0,6,16,6,2982.84,1 0,North,3,7,24
0,6,16,3,2983.458,1 0,East,3,7,24
0,6,16,2,2984.141,1 1,East,3,7,24
0,6,16,3,2985.089,1 1,South,3,7,24
0,6,16,2,2985.78,2 1,South,3,7,24
0,6,16,1,2986.485,2 1,East,3,7,24
0,6,16,2,2987.023,2 2,East,3,7,24
0,6,16,1,2987.824,2 2,North,3,7,24
0,6,16,2,2988.453,1 2,North,3,7,24
0,6,16,2,2989.156,0 2,North,3,7,24
0,6,16,2,2989.713,0 2,North,3,7,24
0,6,16,1,2990.094,0 2,West,3,7,24
0,6,16,1,2990.884,0 2,South,3,7,24
0,6,16,2,2991.437,1 2,South,3,7,24
0,6,16,2,2991.965,2 2,South,3,7,24
0,6,16,3,2992.719,2 2,West,3,7,24
0,6,16,2,2993.39,2 1,West,3,7,24
0,6,16,3,2993.936,2 1,North,3,7,24
0,6,16,2,2994.497,1 1,North,3,7,24
0,6,16,1,2995.028,1 1,West,3,7,24
0,6,16,2,2995.972,1 0,West,3,7,24
0,6,16,1,2996.582,1 0,South,3,7,24
0,6,16,2,2997.139,2 0,South,3,7,24
0,6,16,2,2997.717,3 0,South,3,7,24
0,6,16,1,2998.272,3 0,East,3,7,24
0,6,16,2,2999.299,3 1,East,3,7,24
0,6,16,6,2999.7,3 1,East,3,8,24
3,6,16,1,3004.72,4 3,North,3,0,0
3,6,16,1,3005.453,4 2,North,3,0,0
3,6,16,2,3006.259,3 2,North,3,0,0
3,6,16,6,3006.64,3 2,North,3,1,0
3,6,16,1,3010.045,3 1,North,3,1,0
3,6,16,2,3010.71,3 1,North,3,1,1
3,6,16,1,3011.233,3 0,North,3,1,1
3,6,16,2,3011.948,2 0,North,3,1,1
3,6,16,3,3012.663,2 0,North,3,1,2
3,6,16,2,3013.166,1 0,North,3,1,2
3,6,16,3,3013.875,1 1,North,3,1,2
3,6,16,4,3014.647,2 1,North,3,1,2
3,6,16,6,3015.02,2 1,North,3,2,2
3,6,16,2,3015.429,1 1,North,3,2,2
3,6,16,3,3016.198,1 1,North,3,2,3
3,6,16,1,3016.695,1 0,North,3,2,3
3,6,16,4,3017.312,2 0,North,3,2,3
3,6,16,4,3018.891,3 0,North,3,2,3
3,6,16,3,3019.437,3 1,North,3,2,3
3,6,16,3,3021.116,3 2,North,3,2,3
3,6,16,4,3025.053,4 2,North,3,2,3
3,6,16,3,3025.621,4 3,North,3,2,3
3,6,16,2,3026.509,4 3,North,3,2,4
3,6,16,3,3026.835,4 4,North,3,2,4
3,6,16,2,3027.493,3 4,North,3,2,4
3,6,16,1,3028.083,3 3,North,3,2,4
3,6,16,2,3028.694,2 3,North,3,2,4
3,6,16,2,3029.282,1 3,North,3,2,4
3,6,16,2,3029.888,0 3,North,3,2,4
3,6,16,1,3030.498,0 3,North,3,2,5
3,6,16,4,3031.069,1 3,North,3,2,5
3,6,16,1,3031.694,1 3,North,3,2,6
3,6,16,4,3035.823,2 3,North,3,2,6
3,6,16,1,3036.5,2 3,North,3,2,7
3,6,16,4,3036.963,3 3,North,3,2,7
3,6,16,1,3037.563,3 3,North,3,2,8
3,6,16,4,3038.319,3 3,North,3,2,9
3,6,16,1,3039.198,3 3,North,3,2,10
3,6,16,3,3040.542,3 4,North,3,2,10
3,6,16,4,3041.167,4 4,North,3,2,10
3,6,16,1,3041.922,4 3,North,3,2,10
3,6,16,1,3042.589,4 2,North,3,2,10
3,6,16,2,3043.438,3 2,North,3,2,10
3,6,16,1,3045.389,3 1,North,3,2,10
3,6,16,2,3046.563,3 1,North,3,2,11
3,6,16,1,3046.956,3 0,North,3,2,11
3,6,16,2,3047.539,2 0,North,3,2,11
3,6,16,2,3048.574,1 0,North,3,2,11
3,6,16,3,3049.253,1 1,North,3,2,11
3,6,16,2,3050.476,1 1,North,3,2,12
3,6,16,3,3051.589,1 1,North,3,2,13
3,6,16,4,3052.162,2 1,North,3,2,13
3,6,16,2,3052.876,1 1,North,3,2,13
3,6,16,1,3053.566,1 0,North,3,2,13
3,6,16,2,3054.225,1 0,North,3,2,14
3,6,16,3,3054.928,1 1,North,3,2,14
3,6,16,3,3055.502,1 1,North,3,2,15
3,6,16,2,3056.044,1 1,North,3,2,16
3,6,16,4,3056.551,2 1,North,3,2,16
3,6,16,3,3057.356,2 2,North,3,2,16
3,6,16,2,3058.068,1 2,North,3,2,16
3,6,16,2,3058.749,0 2,North,3,2,16
3,6,16,6,3059.14,0 2,North,3,3,16
3,6,16,4,3059.54,1 2,North,3,3,16
3,6,16,4,3060.132,2 2,North,3,3,16
3,6,16,1,3062.35,2 1,North,3,3,16
3,6,16,4,3063.252,2 1,North,3,3,17
3,6,16,1,3063.895,2 1,North,3,3,18
3,6,16,2,3064.486,1 1,North,3,3,18
3,6,16,1,3065.155,1 0,North,3,3,18
3,6,16,4,3065.772,2 0,North,3,3,18
3,6,16,4,3066.462,3 0,North,3,3,18
3,6,16,3,3067.221,3 1,North,3,3,18
3,6,16,6,3067.62,3 1,North,3,4,18
3,6,16,3,3071.813,3 2,North,3,4,18
3,6,16,4,3072.447,4 2,North,3,4,18
3,6,16,3,3073.138,4 3,North,3,4,18
3,6,16,3,3074.003,4 4,North,3,4,18
3,6,16,2,3074.829,3 4,North,3,4,18
3,6,16,1,3075.485,3 3,North,3,4,18
3,6,16,2,3076.083,2 3,North,3,4,18
3,6,16,6,3076.46,2 3,North,3,5,18
3,6,16,4,3076.996,3 3,North,3,5,18
3,6,16,3,3077.551,3 4,North,3,5,18
3,6,16,4,3078.097,4 4,North,3,5,18
3,6,16,1,3078.82,4 3,North,3,5,18
3,6,16,1,3079.341,4 2,North,3,5,18
3,6,16,1,3079.92,4 1,North,3,5,18
3,6,16,6,3080.32,4 1,North,3,6,18
3,6,16,3,3082.701,4 2,North,3,6,18
3,6,16,2,3083.268,3 2,North,3,6,18
3,6,16,1,3083.844,3 1,North,3,6,18
3,6,16,1,3085.136,3 0,North,3,6,18
3,6,16,2,3085.904,2 0,North,3,6,18
3,6,16,6,3086.28,2 0,North,3,7,18
3,6,16,3,3088.607,2 0,North,3,7,19
3,6,16,4,3089.101,3 0,North,3,7,19
3,6,16,3,3089.804,3 1,North,3,7,19
3,6,16,3,3090.59,3 2,North,3,7,19
3,6,16,2,3091.229,3 2,North,3,7,20
3,6,16,1,3093.235,3 1,North,3,7,20
3,6,16,1,3093.798,3 0,North,3,7,20
3,6,16,2,3094.365,2 0,North,3,7,20
3,6,16,2,3094.995,1 0,North,3,7,20
3,6,16,3,3095.559,1 1,North,3,7,20
3,6,16,3,3096.11,1 1,North,3,7,21
3,6,16,2,3096.56,1 1,North,3,7,22
3,6,16,2,3097.202,1 1,North,3,7,23
3,6,16,4,3097.799,2 1,North,3,7,23
3,6,16,3,3098.369,2 2,North,3,7,23
3,6,16,6,3098.78,2 2,North,3,8,23
0,6,17,1,3103.648,4 4,West,3,0,23
0,6,17,2,3104.368,4 3,West,3,0,23
0,6,17,2,3104.959,4 2,West,3,0,23
0,6,17,3,3105.536,4 2,North,3,0,23
0,6,17,2,3106.195,3 2,North,3,0,23
0,6,17,1,3106.79,3 2,West,3,0,23
0,6,17,2,3107.387,3 1,West,3,0,23
0,6,17,2,3107.918,3 0,West,3,0,23
0,6,17,3,3108.852,3 0,North,3,0,23
0,6,17,2,3109.532,2 0,North,3,0,23
0,6,17,2,3110.109,1 0,North,3,0,23
0,6,17,3,3110.687,1 0,East,3,0,23
0,6,17,2,3111.232,1 1,East,3,0,23
0,6,17,6,3111.64,1 1,East,3,1,23
0,6,17,3,3112.142,1 1,South,3,1,23
0,6,17,2,3112.781,2 1,South,3,1,23
0,6,17,1,3113.315,2 1,East,3,1,23
0,6,17,2,3114.23,2 2,East,3,1,23
0,6,17,1,3114.91,2 2,North,3,1,23
0,6,17,2,3115.598,1 2,North,3,1,23
0,6,17,2,3116.262,0 2,North,3,1,23
0,6,17,1,3116.818,0 2,West,3,1,23
0,6,17,1,3117.666,0 2,South,3,1,23
0,6,17,2,3118.195,1 2,South,3,1,23
0,6,17,2,3118.849,2 2,South,3,1,23
0,6,17,3,3119.537,2 2,West,3,1,23
0,6,17,2,3120.174,2 1,West,3,1,23
0,6,17,3,3120.732,2 1,North,3,1,23
0,6,17,2,3121.519,1 1,North,3,1,23
0,6,17,1,3122.13,1 1,West,3,1,23
0,6,17,2,3122.786,1 0,West,3,1,23
0,6,17,1,3123.484,1 0,South,3,1,23
0,6,17,2,3124.149,2 0,South,3,1,23
0,6,17,2,3124.732,3 0,South,3,1,23
0,6,17,1,3125.373,3 0,East,3,1,23
0,6,17,2,3125.984,3 1,East,3,1,23
0,6,17,2,3126.637,3 2,East,3,1,23
0,6,17,3,3127.218,3 2,South,3,1,23
0,6,17,2,3127.84,4 2,South,3,1,23
0,6,17,3,3128.469,4 2,West,3,1,23
0,6,17,3,3129.325,4 2,North,3,1,23
0,6,17,3,3129.906,4 2,East,3,1,23
0,6,17,2,3130.557,4 3,East,3,1,23
0,6,17,2,3131.094,4 4,East,3,1,23
0,6,17,1,3131.616,4 4,North,3,1,23
0,6,17,2,3132.174,3 4,North,3,1,23
0,6,17,1,3132.767,3 4,West,3,1,23
0,6,17,2,3133.612,3 3,West,3,1,23
0,6,17,3,3134.209,3 3,North,3,1,23
0,6,17,2,3134.849,2 3,North,3,1,23
0,6,17,6,3135.24,2 3,North,3,2,23
0,6,17,2,3135.406,1 3,North,3,2,23
0,6,17,2,3135.95,0 3,North,3,2,23
0,6,17,3,3136.545,0 3,East,3,2,23
0,6,17,2,3137.181,0 4,East,3,2,23
0,6,17,3,3137.746,0 4,South,3,2,23
0,6,17,2,3138.482,1 4,South,3,2,23
0,6,17,3,3139.139,1 4,West,3,2,23
0,6,17,3,3139.79,1 4,North,3,2,23
0,6,17,2,3140.448,0 4,North,3,2,23
0,6,17,1,3141.052,0 4,West,3,2,23
0,6,17,2,3141.65,0 3,West,3,2,23
0,6,17,1,3142.225,0 3,South,3,2,23
0,6,17,2,3142.797,1 3,South,3,2,23
0,6,17,2,3143.347,2 3,South,3,2,23
0,6,17,2,3144.127,3 3,South,3,2,23
0,6,17,1,3144.685,3 3,East,3,2,23
0,6,17,2,3145.311,3 4,East,3,2,23
0,6,17,3,3145.854,3 4,South,3,2,23
0,6,17,2,3146.429,4 4,South,3,2,23
0,6,17,3,3147.076,4 4,West,3,2,23
0,6,17,2,3147.73,4 3,West,3,2,23
0,6,17,2,3148.515,4 2,West,3,2,23
0,6,17,3,3149.092,4 2,North,3,2,23
0,6,17,2,3149.73,3 2,North,3,2,23
0,6,17,1,3150.256,3 2,West,3,2,23
0,6,17,2,3150.804,3 1,West,3,2,23
0,6,17,2,3151.33,3 0,West,3,2,23
0,6,17,3,3152.252,3 0,North,3,2,23
0,6,17,2,3152.942,2 0,North,3,2,23
0,6,17,2,3153.487,1 0,North,3,2,23
0,6,17,3,3154.414,1 0,East,3,2,23
0,6,17,2,3154.992,1 1,East,3,2,23
0,6,17,3,3155.763,1 1,South,3,2,23
0,6,17,2,3156.434,2 1,South,3,2,23
0,6,17,1,3157.004,2 1,East,3,2,23
0,6,17,2,3157.533,2 2,East,3,2,23
0,6,17,1,3158.117,2 2,North,3,2,23
0,6,17,2,3158.636,1 2,North,3,2,23
0,6,17,6,3159.02,1 2,North,3,3,23
0,6,17,2,3159.186,0 2,North,3,3,23
0,6,17,1,3159.823,0 2,West,3,3,23
0,6,17,1,3160.676,0 2,South,3,3,23
0,6,17,2,3161.279,1 2,South,3,3,23
0,6,17,2,3161.888,2 2,South,3,3,23
0,6,17,3,3162.436,2 2,West,3,3,23
0,6,17,2,3162.997,2 1,West,3,3,23
0,6,17,3,3163.92,2 1,North,3,3,23
0,6,17,2,3164.606,1 1,North,3,3,23
0,6,17,1,3165.236,1 1,West,3,3,23
0,6,17,2,3165.822,1 0,West,3,3,23
0,6,17,1,3166.467,1 0,South,3,3,23
0,6,17,2,3167.027,2 0,South,3,3,23
0,6,17,2,3167.605,3 0,South,3,3,23
0,6,17,1,3168.16,3 0,East,3,3,23
0,6,17,2,3168.701,3 1,East,3,3,23
0,6,17,2,3169.589,3 2,East,3,3,23
0,6,17,3,3170.126,3 2,South,3,3,23
0,6,17,2,3170.691,4 2,South,3,3,23
0,6,17,3,3171.229,4 2,West,3,3,23
0,6,17,2,3171.933,4 1,West,3,3,23
0,6,17,2,3172.528,4 0,West,3,3,23
0,6,17,6,3172.94,4 0,West,3,4,23
0,6,17,3,3173.212,4 0,North,3,4,23
0,6,17,3,3173.789,4 0,East,3,4,23
0,6,17,2,3174.557,4 1,East,3,4,23
0,6,17,2,3175.293,4 2,East,3,4,23
0,6,17,2,3175.837,4 3,East,3,4,23
0,6,17,2,3176.706,4 4,East,3,4,23
0,6,17,1,3177.537,4 4,North,3,4,23
0,6,17,2,3178.227,3 4,North,3,4,23
0,6,17,1,3178.844,3 4,West,3,4,23
0,6,17,2,3179.392,3 3,West,3,4,23
0,6,17,3,3179.967,3 3,North,3,4,23
0,6,17,2,3180.557,2 3,North,3,4,23
0,6,17,2,3181.198,1 3,North,3,4,23
0,6,17,2,3181.759,0 3,North,3,4,23
0,6,17,3,3182.305,0 3,East,3,4,23
0,6,17,2,3182.834,0 4,East,3,4,23
0,6,17,3,3183.459,0 4,South,3,4,23
0,6,17,3,3184.435,0 4,West,3,4,23
0,6,17,2,3185.155,0 3,West,3,4,23
0,6,17,1,3185.724,0 3,South,3,4,23
0,6,17,2,3186.307,1 3,South,3,4,23
0,6,17,2,3186.958,2 3,South,3,4,23
0,6,17,2,3187.678,3 3,South,3,4,23
0,6,17,1,3188.288,3 3,East,3,4,23
0,6,17,2,3188.853,3 4,East,3,4,23
0,6,17,3,3189.422,3 4,South,3,4,23
0,6,17,2,3190.289,4 4,South,3,4,23
0,6,17,3,3190.995,4 4,West,3,4,23
0,6,17,2,3191.714,4 3,West,3,4,23
0,6,17,2,3192.272,4 2,West,3,4,23
0,6,17,3,3193.117,4 2,North,3,4,23
0,6,17,2,3193.756,3 2,North,3,4,23
0,6,17,1,3194.548,3 2,West,3,4,23
0,6,17,2,3195.166,3 1,West,3,4,23
0,6,17,2,3195.987,3 0,West,3,4,23
0,6,17,3,3196.754,3 0,North,3,4,23
0,6,17,2,3197.382,2 0,North,3,4,23
0,6,17,2,3198.141,1 0,North,3,4,23
0,6,17,3,3198.8,1 0,East,3,4,23
0,6,17,2,3199.397,1 1,East,3,4,23
0,6,17,3,3199.964,1 1,South,3,4,23
0,6,17,2,3200.547,2 1,South,3,4,23
0,6,17,1,3201.43,2 1,East,3,4,23
0,6,17,2,3202.035,2 2,East,3,4,23
0,6,17,6,3202.44,2 2,East,3,5,23
0,6,17,1,3202.846,2 2,North,3,5,23
0,6,17,2,3203.443,1 2,North,3,5,23
0,6,17,2,3204.083,0 2,North,3,5,23
0,6,17,1,3204.784,0 2,West,3,5,23
0,6,17,2,3205.453,0 1,West,3,5,23
0,6,17,2,3205.999,0 0,West,3,5,23
0,6,17,6,3206.42,0 0,West,3,6,23
0,6,17,3,3206.604,0 0,North,3,6,23
0,6,17,3,3207.27,0 0,East,3,6,23
0,6,17,2,3207.954,0 1,East,3,6,23
0,6,17,2,3208.76,0 2,East,3,6,23
0,6,17,3,3209.356,0 2,South,3,6,23
0,6,17,2,3209.987,1 2,South,3,6,23
0,6,17,2,3210.593,2 2,South,3,6,23
0,6,17,3,3211.363,2 2,West,3,6,23
0,6,17,2,3212.081,2 1,West,3,6,23
0,6,17,3,3212.708,2 1,North,3,6,23
0,6,17,2,3213.267,1 1,North,3,6,23
0,6,17,1,3213.806,1 1,West,3,6,23
0,6,17,2,3214.646,1 0,West,3,6,23
0,6,17,1,3215.329,1 0,South,3,6,23
0,6,17,2,3215.903,2 0,South,3,6,23
0,6,17,2,3216.511,3 0,South,3,6,23
0,6,17,1,3217.297,3 0,East,3,6,23
0,6,17,2,3217.935,3 1,East,3,6,23
0,6,17,2,3218.543,3 2,East,3,6,23
0,6,17,3,3219.139,3 2,South,3,6,23
0,6,17,2,3219.73,4 2,South,3,6,23
0,6,17,1,3220.445,4 2,East,3,6,23
0,6,17,2,3221.334,4 3,East,3,6,23
0,6,17,2,3221.951,4 4,East,3,6,23
0,6,17,1,3222.496,4 4,North,3,6,23
0,6,17,1,3223.042,4 4,West,3,6,23
0,6,17,3,3223.614,4 4,North,3,6,23
0,6,17,2,3224.143,3 4,North,3,6,23
0,6,17,1,3224.965,3 4,West,3,6,23
0,6,17,2,3225.588,3 3,West,3,6,23
0,6,17,6,3226,3 3,West,3,7,23
0,6,17,3,3226.419,3 3,North,3,7,23
0,6,17,2,3227.087,2 3,North,3,7,23
0,6,17,2,3227.651,1 3,North,3,7,23
0,6,17,2,3228.241,0 3,North,3,7,23
0,6,17,3,3228.847,0 3,East,3,7,23
0,6,17,2,3229.502,0 4,East,3,7,23
0,6,17,3,3230.131,0 4,South,3,7,23
0,6,17,3,3231.426,0 4,West,3,7,23
0,6,17,2,3232.065,0 3,West,3,7,23
0,6,17,1,3232.641,0 3,South,3,7,23
0,6,17,2,3233.198,1 3,South,3,7,23
0,6,17,2,3233.984,2 3,South,3,7,23
0,6,17,2,3234.652,3 3,South,3,7,23
0,6,17,1,3235.486,3 3,East,3,7,23
0,6,17,2,3236.044,3 4,East,3,7,23
0,6,17,3,3236.861,3 4,South,3,7,23
0,6,17,2,3237.518,4 4,South,3,7,23
0,6,17,3,3238.223,4 4,West,3,7,23
0,6,17,2,3238.96,4 3,West,3,7,23
0,6,17,2,3239.494,4 2,West,3,7,23
0,6,17,3,3240.081,4 2,North,3,7,23
0,6,17,2,3240.621,3 2,North,3,7,23
0,6,17,1,3241.504,3 2,West,3,7,23
0,6,17,2,3242.052,3 1,West,3,7,23
0,6,17,2,3242.592,3 0,West,3,7,23
0,6,17,3,3243.153,3 0,North,3,7,23
0,6,17,2,3243.709,2 0,North,3,7,23
0,6,17,6,3244.1,2 0,North,3,8,23
3,6,17,1,3252.096,4 3,North,3,0,0
3,6,17,1,3253.19,4 2,North,3,0,0
3,6,17,2,3253.918,3 2,North,3,0,0
3,6,17,2,3254.58,3 2,North,3,0,1
3,6,17,2,3254.814,3 2,North,3,0,2
3,6,17,1,3255.036,3 1,North,3,0,2
3,6,17,2,3255.998,3 1,North,3,0,3
3,6,17,1,3256.382,3 0,North,3,0,3
3,6,17,2,3257.006,2 0,North,3,0,3
3,6,17,3,3257.846,2 0,North,3,0,4
3,6,17,2,3258.197,1 0,North,3,0,4
3,6,17,3,3258.772,1 1,North,3,0,4
3,6,17,3,3260.389,1 1,North,3,0,5
3,6,17,4,3261.55,2 1,North,3,0,5
3,6,17,3,3262.237,2 2,North,3,0,5
3,6,17,6,3262.64,2 2,North,3,1,5
3,6,17,1,3264.117,2 1,North,3,1,5
3,6,17,2,3264.672,1 1,North,3,1,5
3,6,17,6,3265.06,1 1,North,3,2,5
3,6,17,4,3265.983,2 1,North,3,2,5
3,6,17,3,3266.863,2 2,North,3,2,5
3,6,17,2,3267.421,1 2,North,3,2,5
3,6,17,2,3268.022,0 2,North,3,2,5
3,6,17,1,3268.675,0 1,North,3,2,5
3,6,17,1,3269.266,0 0,North,3,2,5
3,6,17,6,3269.68,0 0,North,3,3,5
3,6,17,3,3269.975,0 1,North,3,3,5
3,6,17,3,3270.564,0 2,North,3,3,5
3,6,17,4,3271.087,1 2,North,3,3,5
3,6,17,6,3271.46,1 2,North,3,4,5
3,6,17,4,3271.825,2 2,North,3,4,5
3,6,17,4,3273.533,2 2,North,3,4,6
3,6,17,1,3274.013,2 1,North,3,4,6
3,6,17,3,3274.864,2 2,North,3,4,6
3,6,17,3,3275.55,2 2,North,3,4,7
3,6,17,1,3275.943,2 1,North,3,4,7
3,6,17,4,3276.766,2 1,North,3,4,8
3,6,17,1,3277.216,2 1,North,3,4,9
3,6,17,1,3277.732,2 1,North,3,4,10
3,6,17,2,3278.256,1 1,North,3,4,10
3,6,17,1,3278.883,1 0,North,3,4,10
3,6,17,4,3279.414,2 0,North,3,4,10
3,6,17,4,3280.116,3 0,North,3,4,10
3,6,17,4,3281.491,3 0,North,3,4,11
3,6,17,3,3281.954,3 1,North,3,4,11
3,6,17,4,3282.591,3 1,North,3,4,12
3,6,17,3,3284.433,3 2,North,3,4,12
3,6,17,4,3285.037,4 2,North,3,4,12
3,6,17,3,3286.045,4 3,North,3,4,12
3,6,17,3,3286.59,4 4,North,3,4,12
3,6,17,2,3287.18,3 4,North,3,4,12
3,6,17,6,3287.56,3 4,North,3,5,12
3,6,17,1,3289.677,3 3,North,3,5,12
3,6,17,2,3290.356,2 3,North,3,5,12
3,6,17,2,3291.11,1 3,North,3,5,12
3,6,17,2,3291.871,0 3,North,3,5,12
3,6,17,6,3292.24,0 3,North,3,6,12
3,6,17,1,3297.277,0 3,North,3,6,13
3,6,17,4,3297.744,1 3,North,3,6,13
3,6,17,4,3299.232,2 3,North,3,6,13
3,6,17,1,3299.924,2 3,North,3,6,14
3,6,17,4,3300.574,3 3,North,3,6,14
3,6,17,1,3302.031,3 3,North,3,6,15
3,6,17,4,3304.193,3 3,North,3,6,16
3,6,17,1,3304.732,3 3,North,3,6,17
3,6,17,3,3305.156,3 4,North,3,6,17
3,6,17,4,3305.837,4 4,North,3,6,17
3,6,17,1,3306.352,4 3,North,3,6,17
3,6,17,1,3307.196,4 2,North,3,6,17
3,6,17,2,3307.872,3 2,North,3,6,17
3,6,17,2,3308.764,3 2,North,3,6,18
3,6,17,1,3309.23,3 1,North,3,6,18
3,6,17,2,3309.889,3 1,North,3,6,19
3,6,17,1,3310.259,3 0,North,3,6,19
3,6,17,2,3310.929,2 0,North,3,6,19
3,6,17,2,3311.55,1 0,North,3,6,19
3,6,17,6,3311.92,1 0,North,3,7,19
3,6,17,4,3313.356,2 0,North,3,7,19
3,6,17,4,3313.981,3 0,North,3,7,19
3,6,17,3,3314.877,3 1,North,3,7,19
3,6,17,3,3315.708,3 2,North,3,7,19
3,6,17,4,3316.381,4 2,North,3,7,19
3,6,17,3,3316.948,4 3,North,3,7,19
3,6,17,3,3318.417,4 4,North,3,7,19
3,6,17,2,3319.04,3 4,North,3,7,19
3,6,17,1,3319.631,3 3,North,3,7,19
3,6,17,2,3320.206,2 3,North,3,7,19
3,6,17,2,3320.752,1 3,North,3,7,19
3,6,17,3,3321.288,1 3,North,3,7,20
3,6,17,2,3321.718,0 3,North,3,7,20
3,6,17,3,3322.253,0 4,North,3,7,20
3,6,17,4,3323.164,1 4,North,3,7,20
3,6,17,6,3323.52,1 4,North,3,8,20
0,6,18,2,3328.494,3 4,North,3,0,20
0,6,18,6,3328.88,3 4,North,3,1,20
0,6,18,1,3329.663,3 4,West,3,1,20
0,6,18,1,3330.639,3 4,South,3,1,20
0,6,18,2,3331.372,4 4,South,3,1,20
0,6,18,3,3332.029,4 4,West,3,1,20
0,6,18,2,3333.393,4 3,West,3,1,20
0,6,18,2,3333.917,4 2,West,3,1,20
0,6,18,6,3334.34,4 2,West,3,2,20
0,6,18,3,3334.739,4 2,North,3,2,20
0,6,18,2,3335.468,3 2,North,3,2,20
0,6,18,1,3336.157,3 2,West,3,2,20
0,6,18,2,3336.774,3 1,West,3,2,20
0,6,18,2,3337.695,3 0,West,3,2,20
0,6,18,3,3338.343,3 0,North,3,2,20
0,6,18,2,3339.059,2 0,North,3,2,20
0,6,18,2,3339.665,1 0,North,3,2,20
0,6,18,3,3340.193,1 0,East,3,2,20
0,6,18,2,3340.781,1 1,East,3,2,20
0,6,18,3,3341.316,1 1,South,3,2,20
0,6,18,2,3341.845,2 1,South,3,2,20
0,6,18,1,3342.671,2 1,East,3,2,20
0,6,18,2,3343.281,2 2,East,3,2,20
0,6,18,1,3343.838,2 2,North,3,2,20
0,6,18,2,3344.386,1 2,North,3,2,20
0,6,18,2,3345.009,0 2,North,3,2,20
0,6,18,1,3345.597,0 2,West,3,2,20
0,6,18,1,3346.224,0 2,South,3,2,20
0,6,18,2,3346.836,1 2,South,3,2,20
0,6,18,2,3347.395,2 2,South,3,2,20
0,6,18,3,3348.273,2 2,West,3,2,20
0,6,18,2,3348.91,2 1,West,3,2,20
0,6,18,3,3349.487,2 1,North,3,2,20
0,6,18,2,3350.077,1 1,North,3,2,20
0,6,18,1,3350.931,1 1,West,3,2,20
0,6,18,2,3351.456,1 0,West,3,2,20
0,6,18,1,3352.02,1 0,South,3,2,20
0,6,18,2,3352.654,2 0,South,3,2,20
0,6,18,2,3353.199,3 0,South,3,2,20
0,6,18,1,3354.046,3 0,East,3,2,20
0,6,18,2,3354.78,3 1,East,3,2,20
0,6,18,2,3355.39,3 2,East,3,2,20
0,6,18,3,3355.91,3 2,South,3,2,20
0,6,18,2,3356.56,4 2,South,3,2,20
0,6,18,3,3357.217,4 2,West,3,2,20
0,6,18,3,3358.125,4 2,North,3,2,20
0,6,18,3,3358.659,4 2,East,3,2,20
0,6,18,2,3359.235,4 3,East,3,2,20
0,6,18,2,3359.857,4 4,East,3,2,20
0,6,18,1,3360.53,4 4,North,3,2,20
0,6,18,2,3361.187,3 4,North,3,2,20
0,6,18,1,3361.734,3 4,West,3,2,20
0,6,18,2,3362.518,3 3,West,3,2,20
0,6,18,3,3363.155,3 3,North,3,2,20
0,6,18,2,3363.805,2 3,North,3,2,20
0,6,18,2,3364.673,1 3,North,3,2,20
0,6,18,2,3365.252,0 3,North,3,2,20
0,6,18,3,3365.826,0 3,East,3,2,20
0,6,18,2,3366.468,0 4,East,3,2,20
0,6,18,3,3367.138,0 4,South,3,2,20
0,6,18,2,3367.886,1 4,South,3,2,20
0,6,18,2,3368.412,2 4,South,3,2,20
0,6,18,6,3368.78,2 4,South,3,3,20
0,6,18,1,3369.087,2 4,East,3,3,20
0,6,18,1,3369.663,2 4,North,3,3,20
0,6,18,2,3370.257,1 4,North,3,3,20
0,6,18,2,3370.797,0 4,North,3,3,20
0,6,18,1,3371.693,0 4,West,3,3,20
0,6,18,2,3372.398,0 3,West,3,3,20
0,6,18,1,3373.06,0 3,South,3,3,20
0,6,18,2,3373.667,1 3,South,3,3,20
0,6,18,2,3374.236,2 3,South,3,3,20
0,6,18,2,3374.836,3 3,South,3,3,20
0,6,18,1,3375.355,3 3,East,3,3,20
0,6,18,2,3375.968,3 4,East,3,3,20
0,6,18,3,3376.566,3 4,South,3,3,20
0,6,18,2,3377.152,4 4,South,3,3,20
0,6,18,3,3377.727,4 4,West,3,3,20
0,6,18,2,3378.364,4 3,West,3,3,20
0,6,18,2,3379.011,4 2,West,3,3,20
0,6,18,3,3379.566,4 2,North,3,3,20
0,6,18,2,3380.126,3 2,North,3,3,20
0,6,18,1,3380.673,3 2,West,3,3,20
0,6,18,2,3381.203,3 1,West,3,3,20
0,6,18,2,3381.749,3 0,West,3,3,20
0,6,18,6,3382.16,3 0,West,3,4,20
0,6,18,3,3382.674,3 0,North,3,4,20
0,6,18,2,3383.313,2 0,North,3,4,20
0,6,18,2,3383.923,1 0,North,3,4,20
0,6,18,3,3384.515,1 0,East,3,4,20
0,6,18,2,3385.116,1 1,East,3,4,20
0,6,18,3,3385.685,1 1,South,3,4,20
0,6,18,2,3386.257,2 1,South,3,4,20
0,6,18,1,3387.278,2 1,East,3,4,20
0,6,18,2,3387.891,2 2,East,3,4,20
0,6,18,1,3388.416,2 2,North,3,4,20
0,6,18,2,3388.934,1 2,North,3,4,20
0,6,18,2,3389.521,0 2,North,3,4,20
0,6,18,1,3390.068,0 2,West,3,4,20
0,6,18,1,3391.731,0 2,South,3,4,20
0,6,18,2,3392.415,1 2,South,3,4,20
0,6,18,2,3392.977,2 2,South,3,4,20
0,6,18,3,3393.894,2 2,West,3,4,20
0,6,18,2,3394.511,2 1,West,3,4,20
0,6,18,3,3395.116,2 1,North,3,4,20
0,6,18,2,3395.715,1 1,North,3,4,20
0,6,18,1,3396.277,1 1,West,3,4,20
0,6,18,2,3396.835,1 0,West,3,4,20
0,6,18,1,3397.413,1 0,South,3,4,20
0,6,18,2,3398.32,2 0,South,3,4,20
0,6,18,2,3398.946,3 0,South,3,4,20
0,6,18,1,3399.617,3 0,East,3,4,20
0,6,18,2,3400.227,3 1,East,3,4,20
0,6,18,2,3401.053,3 2,East,3,4,20
0,6,18,3,3401.681,3 2,South,3,4,20
0,6,18,2,3402.348,4 2,South,3,4,20
0,6,18,3,3402.924,4 2,West,3,4,20
0,6,18,2,3403.468,4 1,West,3,4,20
0,6,18,6,3403.88,4 1,West,3,5,20
0,6,18,1,3405.119,4 1,South,3,5,20
0,6,18,1,3405.776,4 1,East,3,5,20
0,6,18,2,3408.07,4 2,East,3,5,20
0,6,18,2,3408.691,4 3,East,3,5,20
0,6,18,2,3409.618,4 4,East,3,5,20
0,6,18,1,3410.302,4 4,North,3,5,20
0,6,18,2,3410.861,3 4,North,3,5,20
0,6,18,1,3411.389,3 4,West,3,5,20
0,6,18,2,3411.916,3 3,West,3,5,20
0,6,18,3,3412.813,3 3,North,3,5,20
0,6,18,2,3413.66,2 3,North,3,5,20
0,6,18,2,3414.286,1 3,North,3,5,20
0,6,18,2,3415.005,0 3,North,3,5,20
0,6,18,6,3415.4,0 3,North,3,6,20
0,6,18,3,3415.616,0 3,East,3,6,20
0,6,18,2,3416.465,0 4,East,3,6,20
0,6,18,3,3417.392,0 4,South,3,6,20
0,6,18,3,3418.241,0 4,West,3,6,20
0,6,18,2,3418.768,0 3,West,3,6,20
0,6,18,1,3419.28,0 3,South,3,6,20
0,6,18,2,3420.063,1 3,South,3,6,20
0,6,18,2,3420.656,2 3,South,3,6,20
0,6,18,2,3421.475,3 3,South,3,6,20
0,6,18,1,3422.337,3 3,East,3,6,20
0,6,18,2,3423.029,3 4,East,3,6,20
0,6,18,3,3423.601,3 4,South,3,6,20
0,6,18,2,3424.486,4 4,South,3,6,20
0,6,18,3,3425.269,4 4,West,3,6,20
0,6,18,2,3425.981,4 3,West,3,6,20
0,6,18,2,3426.556,4 2,West,3,6,20
0,6,18,3,3427.236,4 2,North,3,6,20
0,6,18,2,3427.793,3 2,North,3,6,20
0,6,18,1,3428.388,3 2,West,3,6,20
0,6,18,2,3429.335,3 1,West,3,6,20
0,6,18,3,3430.097,3 1,North,3,6,20
0,6,18,1,3430.685,3 1,West,3,6,20
0,6,18,2,3431.298,3 0,West,3,6,20
0,6,18,3,3432.208,3 0,North,3,6,20
0,6,18,2,3432.829,2 0,North,3,6,20
0,6,18,2,3433.347,1 0,North,3,6,20
0,6,18,3,3433.871,1 0,East,3,6,20
0,6,18,2,3434.43,1 1,East,3,6,20
0,6,18,3,3435.344,1 1,South,3,6,20
0,6,18,2,3435.934,2 1,South,3,6,20
0,6,18,1,3436.66,2 1,East,3,6,20
0,6,18,2,3437.486,2 2,East,3,6,20
0,6,18,1,3438.195,2 2,North,3,6,20
0,6,18,2,3438.831,1 2,North,3,6,20
0,6,18,2,3439.398,0 2,North,3,6,20
0,6,18,1,3440.243,0 2,West,3,6,20
0,6,18,2,3440.896,0 1,West,3,6,20
0,6,18,6,3441.3,0 1,West,3,7,20
0,6,18,3,3442.706,0 1,North,3,7,20
0,6,18,3,3443.295,0 1,East,3,7,20
0,6,18,2,3443.922,0 2,East,3,7,20
0,6,18,3,3444.596,0 2,South,3,7,20
0,6,18,2,3445.217,1 2,South,3,7,20
0,6,18,2,3445.776,2 2,South,3,7,20
0,6,18,3,3446.598,2 2,West,3,7,20
0,6,18,2,3447.239,2 1,West,3,7,20
0,6,18,3,3447.886,2 1,North,3,7,20
0,6,18,2,3448.436,1 1,North,3,7,20
0,6,18,1,3449.024,1 1,West,3,7,20
0,6,18,2,3449.567,1 0,West,3,7,20
0,6,18,1,3450.39,1 0,South,3,7,20
0,6,18,2,3451.058,2 0,South,3,7,20
0,6,18,2,3451.936,3 0,South,3,7,20
0,6,18,1,3452.558,3 0,East,3,7,20
0,6,18,2,3453.187,3 1,East,3,7,20
0,6,18,2,3453.727,3 2,East,3,7,20
0,6,18,3,3454.51,3 2,South,3,7,20
0,6,18,2,3455.188,4 2,South,3,7,20
0,6,18,1,3455.825,4 2,East,3,7,20
0,6,18,2,3456.656,4 3,East,3,7,20
0,6,18,6,3457.06,4 3,East,3,8,20
3,6,18,1,3461.311,4 3,North,3,0,0
3,6,18,6,3461.72,4 3,North,3,1,0
3,6,18,3,3463.164,4 4,North,3,1,0
3,6,18,2,3464.388,3 4,North,3,1,0
3,6,18,1,3465.036,3 3,North,3,1,0
3,6,18,2,3466.045,2 3,North,3,1,0
3,6,18,2,3466.667,1 3,North,3,1,0
3,6,18,2,3467.394,0 3,North,3,1,0
3,6,18,3,3468.045,0 4,North,3,1,0
3,6,18,4,3468.591,1 4,North,3,1,0
3,6,18,4,3469.2,2 4,North,3,1,0
3,6,18,6,3469.56,2 4,North,3,2,0
3,6,18,2,3470.097,1 4,North,3,2,0
3,6,18,2,3470.677,0 4,North,3,2,0
3,6,18,1,3471.269,0 3,North,3,2,0
3,6,18,4,3471.813,1 3,North,3,2,0
3,6,18,4,3474.359,2 3,North,3,2,0
3,6,18,1,3480.451,2 3,North,3,2,1
3,6,18,4,3480.989,3 3,North,3,2,1
3,6,18,1,3482.437,3 3,North,3,2,2
3,6,18,3,3483.282,3 4,North,3,2,2
3,6,18,4,3484.004,4 4,North,3,2,2
3,6,18,1,3484.738,4 3,North,3,2,2
3,6,18,1,3485.358,4 2,North,3,2,2
3,6,18,6,3485.76,4 2,North,3,3,2
3,6,18,3,3486.799,4 3,North,3,3,2
3,6,18,3,3487.326,4 4,North,3,3,2
3,6,18,2,3488.179,3 4,North,3,3,2
3,6,18,1,3488.837,3 3,North,3,3,2
3,6,18,2,3489.39,2 3,North,3,3,2
3,6,18,2,3490.371,1 3,North,3,3,2
3,6,18,2,3490.972,0 3,North,3,3,2
3,6,18,3,3491.535,0 4,North,3,3,2
3,6,18,6,3491.94,0 4,North,3,4,2
3,6,18,1,3492.608,0 3,North,3,4,2
3,6,18,4,3493.197,1 3,North,3,4,2
3,6,18,4,3494.109,2 3,North,3,4,2
3,6,18,4,3494.662,3 3,North,3,4,2
3,6,18,3,3495.236,3 4,North,3,4,2
3,6,18,4,3495.792,4 4,North,3,4,2
3,6,18,1,3496.326,4 3,North,3,4,2
3,6,18,1,3496.835,4 2,North,3,4,2
3,6,18,1,3497.485,4 1,North,3,4,2
3,6,18,6,3497.9,4 1,North,3,5,2
3,6,18,3,3499.397,4 2,North,3,5,2
3,6,18,3,3499.981,4 3,North,3,5,2
3,6,18,3,3500.621,4 4,North,3,5,2
3,6,18,2,3501.204,3 4,North,3,5,2
3,6,18,1,3501.832,3 3,North,3,5,2
3,6,18,6,3502.24,3 3,North,3,6,2
3,6,18,2,3506.222,2 3,North,3,6,2
3,6,18,2,3506.877,1 3,North,3,6,2
3,6,18,3,3508.429,1 3,North,3,6,3
3,6,18,2,3508.805,0 3,North,3,6,3
3,6,18,1,3509.428,0 3,North,3,6,4
3,6,18,3,3509.943,0 4,North,3,6,4
3,6,18,1,3511.476,0 3,North,3,6,4
3,6,18,4,3512.087,1 3,North,3,6,4
3,6,18,1,3512.897,1 3,North,3,6,5
3,6,18,4,3513.091,2 3,North,3,6,5
3,6,18,1,3513.694,2 3,North,3,6,6
3,6,18,4,3514.096,3 3,North,3,6,6
3,6,18,3,3515.108,3 4,North,3,6,6
3,6,18,4,3515.684,4 4,North,3,6,6
3,6,18,1,3516.243,4 3,North,3,6,6
3,6,18,1,3516.864,4 2,North,3,6,6
3,6,18,2,3518.194,3 2,North,3,6,6
3,6,18,1,3519.121,3 1,North,3,6,6
3,6,18,1,3519.927,3 0,North,3,6,6
3,6,18,2,3520.556,2 0,North,3,6,6
3,6,18,2,3521.102,1 0,North,3,6,6
3,6,18,3,3522.541,1 1,North,3,6,6
3,6,18,3,3523.556,1 1,North,3,6,7
3,6,18,2,3523.984,1 1,North,3,6,8
3,6,18,2,3524.597,1 1,North,3,6,9
3,6,18,4,3525.186,2 1,North,3,6,9
3,6,18,3,3525.76,2 2,North,3,6,9
3,6,18,2,3526.371,1 2,North,3,6,9
3,6,18,2,3526.928,0 2,North,3,6,9
3,6,18,1,3527.471,0 1,North,3,6,9
3,6,18,6,3527.88,0 1,North,3,7,9
3,6,18,3,3528.053,0 2,North,3,7,9
3,6,18,4,3528.628,1 2,North,3,7,9
3,6,18,4,3529.206,2 2,North,3,7,9
3,6,18,1,3529.791,2 1,North,3,7,9
3,6,18,2,3530.405,1 1,North,3,7,9
3,6,18,1,3530.948,1 0,North,3,7,9
3,6,18,4,3531.49,2 0,North,3,7,9
3,6,18,4,3532.006,3 0,North,3,7,9
3,6,18,6,3532.36,3 0,North,3,8,9
