PhaseView,Run,Trial,Key,Time,Location,Direction,MazeType,Diamonds,WallBumped
1,3,7,2,1023.831,3 4,North,2,0,6
1,3,7,4,1024.378,4 4,North,2,0,6
1,3,7,1,1029.065,4 3,North,2,0,6
1,3,7,1,1030.182,4 2,North,2,0,6
1,3,7,2,1030.859,3 2,North,2,0,6
1,3,7,6,1031.24,3 2,North,2,1,6
1,3,7,4,1031.769,4 2,North,2,1,6
1,3,7,3,1032.407,4 3,North,2,1,6
1,3,7,3,1033.475,4 4,North,2,1,6
1,3,7,2,1034.156,3 4,North,2,1,6
1,3,7,2,1035.064,2 4,North,2,1,6
1,3,7,2,1035.673,1 4,North,2,1,6
1,3,7,1,1037.174,1 3,North,2,1,6
1,3,7,6,1037.58,1 3,North,2,2,6
1,3,7,3,1037.929,1 4,North,2,2,6
1,3,7,4,1038.552,2 4,North,2,2,6
1,3,7,4,1039.479,3 4,North,2,2,6
1,3,7,4,1040.121,4 4,North,2,2,6
1,3,7,1,1040.694,4 3,North,2,2,6
1,3,7,1,1041.237,4 2,North,2,2,6
1,3,7,2,1041.833,3 2,North,2,2,6
1,3,7,1,1042.411,3 1,North,2,2,6
1,3,7,2,1042.965,2 1,North,2,2,6
1,3,7,2,1043.514,1 1,North,2,2,6
1,3,7,1,1044.44,1 0,North,2,2,6
1,3,7,4,1045,2 0,North,2,2,6
1,3,7,4,1045.588,3 0,North,2,2,6
1,3,7,6,1045.94,3 0,North,2,3,6
1,3,7,2,1046.234,2 0,North,2,3,6
1,3,7,2,1046.775,1 0,North,2,3,6
1,3,7,3,1047.351,1 1,North,2,3,6
1,3,7,4,1047.94,2 1,North,2,3,6
1,3,7,4,1048.536,3 1,North,2,3,6
1,3,7,3,1049.124,3 2,North,2,3,6
1,3,7,4,1049.675,4 2,North,2,3,6
1,3,7,3,1050.227,4 3,North,2,3,6
1,3,7,3,1050.787,4 4,North,2,3,6
1,3,7,2,1051.419,3 4,North,2,3,6
1,3,7,2,1052.458,2 4,North,2,3,6
1,3,7,2,1053.144,1 4,North,2,3,6
1,3,7,2,1053.751,0 4,North,2,3,6
1,3,7,1,1054.403,0 3,North,2,3,6
1,3,7,6,1054.8,0 3,North,2,4,6
1,3,7,3,1054.915,0 4,North,2,4,6
1,3,7,4,1055.446,1 4,North,2,4,6
1,3,7,1,1056.435,1 3,North,2,4,6
1,3,7,4,1056.963,2 3,North,2,4,6
1,3,7,1,1057.513,2 2,North,2,4,6
1,3,7,2,1058.1,1 2,North,2,4,6
1,3,7,4,1058.761,2 2,North,2,4,6
1,3,7,3,1059.302,2 3,North,2,4,6
1,3,7,2,1059.883,1 3,North,2,4,6
1,3,7,3,1060.457,1 4,North,2,4,6
1,3,7,4,1061.027,2 4,North,2,4,6
1,3,7,4,1061.557,3 4,North,2,4,6
1,3,7,4,1062.102,4 4,North,2,4,6
1,3,7,1,1062.662,4 3,North,2,4,6
1,3,7,1,1063.175,4 2,North,2,4,6
1,3,7,2,1063.988,3 2,North,2,4,6
1,3,7,1,1064.627,3 1,North,2,4,6
1,3,7,2,1065.24,2 1,North,2,4,6
1,3,7,2,1065.762,1 1,North,2,4,6
1,3,7,6,1066.14,1 1,North,2,5,6
1,3,7,4,1066.408,2 1,North,2,5,6
1,3,7,4,1067.4,3 1,North,2,5,6
1,3,7,3,1067.977,3 2,North,2,5,6
1,3,7,4,1068.563,4 2,North,2,5,6
1,3,7,3,1069.078,4 3,North,2,5,6
1,3,7,3,1069.592,4 4,North,2,5,6
1,3,7,2,1070.439,3 4,North,2,5,6
1,3,7,6,1070.82,3 4,North,2,6,6
1,3,7,4,1071.207,4 4,North,2,6,6
1,3,7,1,1071.766,4 3,North,2,6,6
1,3,7,6,1072.18,4 3,North,2,7,6
1,3,7,1,1072.568,4 2,North,2,7,6
1,3,7,2,1073.094,3 2,North,2,7,6
1,3,7,1,1073.611,3 1,North,2,7,6
1,3,7,2,1074.152,2 1,North,2,7,6
1,3,7,6,1074.54,2 1,North,2,8,6
2,3,7,1,1079.202,4 4,West,2,0,0
2,3,7,3,1080.104,4 4,North,2,0,0
2,3,7,2,1080.882,3 4,North,2,0,0
2,3,7,6,1081.26,3 4,North,2,1,0
2,3,7,1,1081.539,3 4,West,2,1,0
2,3,7,1,1082.17,3 4,South,2,1,0
2,3,7,2,1082.903,4 4,South,2,1,0
2,3,7,3,1083.88,4 4,West,2,1,0
2,3,7,2,1084.441,4 3,West,2,1,0
2,3,7,3,1085.065,4 3,North,2,1,0
2,3,7,2,1085.685,4 3,North,2,1,1
2,3,7,1,1086.25,4 3,West,2,1,1
2,3,7,2,1086.875,4 2,West,2,1,1
2,3,7,3,1087.479,4 2,North,2,1,1
2,3,7,2,1088.008,3 2,North,2,1,1
2,3,7,2,1088.57,3 2,North,2,1,2
2,3,7,1,1088.981,3 2,West,2,1,2
2,3,7,2,1089.547,3 1,West,2,1,2
2,3,7,3,1090.123,3 1,North,2,1,2
2,3,7,2,1090.633,2 1,North,2,1,2
2,3,7,6,1091.02,2 1,North,2,2,2
2,3,7,3,1091.162,2 1,East,2,2,2
2,3,7,3,1091.72,2 1,South,2,2,2
2,3,7,2,1092.311,3 1,South,2,2,2
2,3,7,1,1092.841,3 1,East,2,2,2
2,3,7,2,1093.385,3 2,East,2,2,2
2,3,7,6,1093.8,3 2,East,2,3,2
2,3,7,1,1093.941,3 2,North,2,3,2
2,3,7,3,1094.868,3 2,East,2,3,2
2,3,7,2,1095.593,3 3,East,2,3,2
2,3,7,3,1096.131,3 3,South,2,3,2
2,3,7,2,1096.681,3 3,South,2,3,3
2,3,7,1,1097.227,3 3,East,2,3,3
2,3,7,2,1097.844,3 3,East,2,3,4
2,3,7,3,1098.306,3 3,South,2,3,4
2,3,7,3,1098.917,3 3,West,2,3,4
2,3,7,2,1099.596,3 2,West,2,3,4
2,3,7,1,1100.264,3 2,South,2,3,4
2,3,7,2,1100.794,4 2,South,2,3,4
2,3,7,1,1101.787,4 2,East,2,3,4
2,3,7,2,1102.473,4 3,East,2,3,4
2,3,7,6,1102.88,4 3,East,2,4,4
2,3,7,1,1103.171,4 3,North,2,4,4
2,3,7,3,1103.785,4 3,East,2,4,4
2,3,7,2,1104.452,4 4,East,2,4,4
2,3,7,1,1105.027,4 4,North,2,4,4
2,3,7,2,1105.704,3 4,North,2,4,4
2,3,7,2,1106.25,2 4,North,2,4,4
2,3,7,2,1106.807,1 4,North,2,4,4
2,3,7,6,1107.18,1 4,North,2,5,4
2,3,7,1,1107.749,1 4,West,2,5,4
2,3,7,1,1108.475,1 4,South,2,5,4
2,3,7,1,1109.048,1 4,East,2,5,4
2,3,7,3,1109.799,1 4,South,2,5,4
2,3,7,2,1110.389,2 4,South,2,5,4
2,3,7,2,1110.9,3 4,South,2,5,4
2,3,7,2,1111.414,4 4,South,2,5,4
2,3,7,3,1112.02,4 4,West,2,5,4
2,3,7,2,1112.53,4 3,West,2,5,4
2,3,7,2,1113.06,4 2,West,2,5,4
2,3,7,3,1113.657,4 2,North,2,5,4
2,3,7,2,1114.196,3 2,North,2,5,4
2,3,7,1,1115.082,3 2,West,2,5,4
2,3,7,2,1115.749,3 1,West,2,5,4
2,3,7,3,1116.747,3 1,North,2,5,4
2,3,7,2,1117.431,2 1,North,2,5,4
2,3,7,1,1118.022,2 1,West,2,5,4
2,3,7,2,1118.583,2 1,West,2,5,5
2,3,7,1,1119.078,2 1,South,2,5,5
2,3,7,2,1119.958,3 1,South,2,5,5
2,3,7,3,1120.631,3 1,West,2,5,5
2,3,7,2,1121.268,3 1,West,2,5,6
2,3,7,1,1121.674,3 1,South,2,5,6
2,3,7,2,1122.275,3 1,South,2,5,7
2,3,7,1,1122.826,3 1,East,2,5,7
2,3,7,2,1123.46,3 2,East,2,5,7
2,3,7,3,1124.121,3 2,South,2,5,7
2,3,7,2,1124.747,4 2,South,2,5,7
2,3,7,3,1125.29,4 2,West,2,5,7
2,3,7,2,1125.828,4 2,West,2,5,8
2,3,7,3,1126.739,4 2,North,2,5,8
2,3,7,3,1127.561,4 2,East,2,5,8
2,3,7,2,1128.406,4 3,East,2,5,8
2,3,7,2,1128.994,4 4,East,2,5,8
2,3,7,1,1129.609,4 4,North,2,5,8
2,3,7,2,1130.219,3 4,North,2,5,8
2,3,7,2,1130.73,2 4,North,2,5,8
2,3,7,2,1131.587,1 4,North,2,5,8
2,3,7,2,1132.165,0 4,North,2,5,8
2,3,7,1,1132.691,0 4,West,2,5,8
2,3,7,2,1133.267,0 3,West,2,5,8
2,3,7,2,1133.779,0 3,West,2,5,9
2,3,7,2,1133.976,0 3,West,2,5,10
2,3,7,2,1134.152,0 3,West,2,5,11
2,3,7,1,1134.469,0 3,South,2,5,11
2,3,7,2,1135.253,0 3,South,2,5,12
2,3,7,1,1135.945,0 3,East,2,5,12
2,3,7,2,1136.523,0 4,East,2,5,12
2,3,7,3,1137.082,0 4,South,2,5,12
2,3,7,2,1137.67,1 4,South,2,5,12
2,3,7,3,1138.548,1 4,West,2,5,12
2,3,7,2,1139.273,1 3,West,2,5,12
2,3,7,2,1140.057,1 3,West,2,5,13
2,3,7,1,1140.537,1 3,South,2,5,13
2,3,7,2,1141.273,2 3,South,2,5,13
2,3,7,3,1141.962,2 3,West,2,5,13
2,3,7,2,1142.564,2 2,West,2,5,13
2,3,7,2,1143.234,2 2,West,2,5,14
2,3,7,1,1143.685,2 2,South,2,5,14
2,3,7,2,1144.364,2 2,South,2,5,15
2,3,7,1,1145.236,2 2,East,2,5,15
2,3,7,1,1145.994,2 2,North,2,5,15
2,3,7,2,1146.644,1 2,North,2,5,15
2,3,7,2,1147.316,0 2,North,2,5,15
2,3,7,1,1147.908,0 2,West,2,5,15
2,3,7,2,1148.522,0 1,West,2,5,15
2,3,7,2,1149.143,0 0,West,2,5,15
2,3,7,1,1149.768,0 0,South,2,5,15
2,3,7,2,1150.328,0 0,South,2,5,16
2,3,7,1,1151.266,0 0,East,2,5,16
2,3,7,2,1152.17,0 1,East,2,5,16
2,3,7,3,1152.997,0 1,South,2,5,16
2,3,7,2,1153.724,0 1,South,2,5,17
2,3,7,1,1154.212,0 1,East,2,5,17
2,3,7,2,1154.931,0 2,East,2,5,17
2,3,7,3,1155.865,0 2,South,2,5,17
2,3,7,2,1156.762,1 2,South,2,5,17
2,3,7,2,1157.4,2 2,South,2,5,17
2,3,7,2,1158.23,2 2,South,2,5,18
2,3,7,3,1158.778,2 2,West,2,5,18
2,3,7,2,1159.497,2 2,West,2,5,19
2,3,7,3,1160.066,2 2,North,2,5,19
2,3,7,2,1160.646,1 2,North,2,5,19
2,3,7,1,1161.222,1 2,West,2,5,19
2,3,7,2,1161.929,1 2,West,2,5,20
2,3,7,3,1162.629,1 2,North,2,5,20
2,3,7,3,1163.204,1 2,East,2,5,20
2,3,7,2,1163.851,1 2,East,2,5,21
2,3,7,3,1164.409,1 2,South,2,5,21
2,3,7,2,1165.05,2 2,South,2,5,21
2,3,7,2,1165.64,2 2,South,2,5,22
2,3,7,3,1166.219,2 2,West,2,5,22
2,3,7,2,1166.885,2 2,West,2,5,23
2,3,7,1,1167.366,2 2,South,2,5,23
2,3,7,1,1168.052,2 2,East,2,5,23
2,3,7,2,1168.741,2 3,East,2,5,23
2,3,7,3,1169.458,2 3,South,2,5,23
2,3,7,2,1170.228,2 3,South,2,5,24
2,3,7,1,1170.697,2 3,East,2,5,24
2,3,7,2,1171.371,2 3,East,2,5,25
2,3,7,1,1171.922,2 3,North,2,5,25
2,3,7,2,1172.628,1 3,North,2,5,25
2,3,7,3,1173.317,1 3,East,2,5,25
2,3,7,2,1173.993,1 4,East,2,5,25
2,3,7,3,1174.744,1 4,South,2,5,25
2,3,7,2,1175.642,2 4,South,2,5,25
2,3,7,2,1176.325,3 4,South,2,5,25
2,3,7,2,1177.174,4 4,South,2,5,25
2,3,7,3,1178.022,4 4,West,2,5,25
2,3,7,2,1178.676,4 3,West,2,5,25
2,3,7,2,1179.364,4 2,West,2,5,25
2,3,7,2,1180.09,4 2,West,2,5,26
2,3,7,3,1180.632,4 2,North,2,5,26
2,3,7,2,1181.21,3 2,North,2,5,26
2,3,7,1,1181.782,3 2,West,2,5,26
2,3,7,2,1182.469,3 1,West,2,5,26
2,3,7,1,1183.091,3 1,South,2,5,26
2,3,7,2,1183.736,3 1,South,2,5,27
2,3,7,3,1184.154,3 1,West,2,5,27
2,3,7,2,1184.79,3 1,West,2,5,28
2,3,7,3,1185.205,3 1,North,2,5,28
2,3,7,2,1186.372,2 1,North,2,5,28
2,3,7,1,1186.983,2 1,West,2,5,28
2,3,7,2,1187.835,2 1,West,2,5,29
2,3,7,1,1188.278,2 1,South,2,5,29
2,3,7,2,1188.855,3 1,South,2,5,29
2,3,7,2,1189.459,3 1,South,2,5,30
2,3,7,3,1190.455,3 1,West,2,5,30
2,3,7,1,1191.525,3 1,South,2,5,30
2,3,7,3,1192.563,3 1,West,2,5,30
2,3,7,2,1193.381,3 1,West,2,5,31
2,3,7,3,1193.817,3 1,North,2,5,31
2,3,7,1,1194.883,3 1,West,2,5,31
2,3,7,3,1195.709,3 1,North,2,5,31
2,3,7,2,1196.419,2 1,North,2,5,31
2,3,7,1,1197.244,2 1,West,2,5,31
2,3,7,2,1197.864,2 1,West,2,5,32
2,3,7,3,1198.28,2 1,North,2,5,32
2,3,7,2,1198.971,1 1,North,2,5,32
2,3,7,1,1199.547,1 1,West,2,5,32
2,3,7,2,1200.394,1 0,West,2,5,32
2,3,7,1,1200.996,1 0,South,2,5,32
2,3,7,2,1201.621,2 0,South,2,5,32
2,3,7,2,1202.201,3 0,South,2,5,32
2,3,7,2,1202.809,4 0,South,2,5,32
2,3,7,6,1203.18,4 0,South,2,6,32
2,3,7,3,1203.474,4 0,West,2,6,32
2,3,7,3,1203.992,4 0,North,2,6,32
2,3,7,2,1204.793,3 0,North,2,6,32
2,3,7,2,1205.332,2 0,North,2,6,32
2,3,7,3,1205.932,2 0,East,2,6,32
2,3,7,2,1206.868,2 0,East,2,6,33
2,3,7,1,1207.299,2 0,North,2,6,33
2,3,7,2,1207.846,1 0,North,2,6,33
2,3,7,3,1208.554,1 0,East,2,6,33
2,3,7,2,1209.129,1 1,East,2,6,33
2,3,7,3,1209.672,1 1,South,2,6,33
2,3,7,2,1210.244,2 1,South,2,6,33
2,3,7,2,1210.807,3 1,South,2,6,33
2,3,7,6,1211.18,3 1,South,2,7,33
2,3,7,1,1211.385,3 1,East,2,7,33
2,3,7,1,1212.003,3 1,North,2,7,33
2,3,7,3,1212.775,3 1,East,2,7,33
2,3,7,2,1213.481,3 2,East,2,7,33
2,3,7,2,1214.007,3 3,East,2,7,33
2,3,7,1,1214.595,3 3,North,2,7,33
2,3,7,2,1215.141,3 3,North,2,7,34
2,3,7,3,1215.544,3 3,East,2,7,34
2,3,7,2,1216.199,3 3,East,2,7,35
2,3,7,1,1216.596,3 3,North,2,7,35
2,3,7,1,1217.127,3 3,West,2,7,35
2,3,7,2,1217.719,3 2,West,2,7,35
2,3,7,3,1218.311,3 2,North,2,7,35
2,3,7,2,1218.825,3 2,North,2,7,36
2,3,7,1,1219.418,3 2,West,2,7,36
2,3,7,2,1220.002,3 1,West,2,7,36
2,3,7,3,1220.57,3 1,North,2,7,36
2,3,7,2,1221.099,2 1,North,2,7,36
2,3,7,3,1221.623,2 1,East,2,7,36
2,3,7,2,1222.166,2 1,East,2,7,37
2,3,7,1,1222.597,2 1,North,2,7,37
2,3,7,2,1223.267,1 1,North,2,7,37
2,3,7,3,1223.846,1 1,East,2,7,37
2,3,7,2,1224.439,1 1,East,2,7,38
2,3,7,1,1224.918,1 1,North,2,7,38
2,3,7,2,1225.573,1 1,North,2,7,39
2,3,7,1,1226.231,1 1,West,2,7,39
2,3,7,2,1226.77,1 0,West,2,7,39
2,3,7,3,1227.316,1 0,North,2,7,39
2,3,7,2,1227.992,1 0,North,2,7,40
2,3,7,3,1228.488,1 0,East,2,7,40
2,3,7,2,1229.076,1 1,East,2,7,40
2,3,7,3,1229.754,1 1,South,2,7,40
2,3,7,2,1230.296,2 1,South,2,7,40
2,3,7,1,1231.08,2 1,East,2,7,40
2,3,7,2,1231.719,2 1,East,2,7,41
2,3,7,3,1232.102,2 1,South,2,7,41
2,3,7,2,1232.744,3 1,South,2,7,41
2,3,7,1,1233.367,3 1,East,2,7,41
2,3,7,2,1233.943,3 2,East,2,7,41
2,3,7,2,1234.564,3 3,East,2,7,41
2,3,7,2,1235.189,3 3,East,2,7,42
2,3,7,1,1235.577,3 3,North,2,7,42
2,3,7,2,1236.086,3 3,North,2,7,43
2,3,7,1,1236.915,3 3,West,2,7,43
2,3,7,1,1237.993,3 3,South,2,7,43
2,3,7,2,1238.646,3 3,South,2,7,44
2,3,7,1,1239.205,3 3,East,2,7,44
2,3,7,2,1239.896,3 3,East,2,7,45
2,3,7,1,1240.312,3 3,North,2,7,45
2,3,7,1,1241.384,3 3,West,2,7,45
2,3,7,2,1242.022,3 2,West,2,7,45
2,3,7,3,1242.7,3 2,North,2,7,45
2,3,7,2,1243.321,3 2,North,2,7,46
2,3,7,1,1243.917,3 2,West,2,7,46
2,3,7,2,1244.488,3 1,West,2,7,46
2,3,7,3,1245.209,3 1,North,2,7,46
2,3,7,2,1245.864,2 1,North,2,7,46
2,3,7,3,1246.504,2 1,East,2,7,46
2,3,7,2,1247.162,2 1,East,2,7,47
2,3,7,1,1247.604,2 1,North,2,7,47
2,3,7,2,1248.284,1 1,North,2,7,47
2,3,7,3,1248.888,1 1,East,2,7,47
2,3,7,2,1249.434,1 1,East,2,7,48
2,3,7,1,1249.828,1 1,North,2,7,48
2,3,7,2,1250.438,1 1,North,2,7,49
2,3,7,1,1251.01,1 1,West,2,7,49
2,3,7,2,1251.587,1 0,West,2,7,49
2,3,7,3,1252.212,1 0,North,2,7,49
2,3,7,2,1252.871,1 0,North,2,7,50
2,3,7,1,1253.316,1 0,West,2,7,50
2,3,7,1,1253.915,1 0,South,2,7,50
2,3,7,2,1254.522,2 0,South,2,7,50
2,3,7,1,1255.175,2 0,East,2,7,50
2,3,7,2,1255.817,2 0,East,2,7,51
2,3,7,3,1256.212,2 0,South,2,7,51
2,3,7,2,1256.807,3 0,South,2,7,51
2,3,7,2,1257.33,4 0,South,2,7,51
2,3,7,1,1257.847,4 0,East,2,7,51
2,3,7,2,1258.804,4 1,East,2,7,51
2,3,7,2,1259.4,4 1,East,2,7,52
2,3,7,1,1259.894,4 1,North,2,7,52
2,3,7,2,1260.457,4 1,North,2,7,53
2,3,7,1,1260.917,4 1,West,2,7,53
2,3,7,3,1261.831,4 1,North,2,7,53
2,3,7,3,1262.379,4 1,East,2,7,53
2,3,7,2,1263.155,4 1,East,2,7,54
2,3,7,1,1263.522,4 1,North,2,7,54
2,3,7,2,1264.091,4 1,North,2,7,55
2,3,7,1,1264.407,4 1,West,2,7,55
2,3,7,2,1265.048,4 0,West,2,7,55
2,3,7,3,1265.771,4 0,North,2,7,55
2,3,7,2,1266.485,3 0,North,2,7,55
2,3,7,3,1267.284,3 0,East,2,7,55
2,3,7,2,1267.99,3 0,East,2,7,56
2,3,7,1,1268.375,3 0,North,2,7,56
2,3,7,2,1268.922,2 0,North,2,7,56
2,3,7,2,1269.77,1 0,North,2,7,56
2,3,7,3,1270.505,1 0,East,2,7,56
2,3,7,2,1271.274,1 1,East,2,7,56
2,3,7,1,1271.961,1 1,North,2,7,56
2,3,7,2,1272.779,1 1,North,2,7,57
2,3,7,3,1273.224,1 1,East,2,7,57
2,3,7,2,1273.973,1 1,East,2,7,58
2,3,7,3,1274.423,1 1,South,2,7,58
2,3,7,2,1275.095,2 1,South,2,7,58
2,3,7,1,1275.715,2 1,East,2,7,58
2,3,7,2,1276.392,2 1,East,2,7,59
2,3,7,3,1276.851,2 1,South,2,7,59
2,3,7,2,1277.498,3 1,South,2,7,59
2,3,7,1,1278.326,3 1,East,2,7,59
2,3,7,2,1279.033,3 2,East,2,7,59
2,3,7,2,1279.814,3 3,East,2,7,59
2,3,7,1,1280.459,3 3,North,2,7,59
2,3,7,2,1281.098,3 3,North,2,7,60
2,3,7,3,1282.234,3 3,East,2,7,60
2,3,7,2,1282.982,3 3,East,2,7,61
2,3,7,1,1283.417,3 3,North,2,7,61
2,3,7,1,1283.971,3 3,West,2,7,61
2,3,7,2,1284.665,3 2,West,2,7,61
2,3,7,3,1285.256,3 2,North,2,7,61
2,3,7,2,1285.882,3 2,North,2,7,62
2,3,7,1,1286.494,3 2,West,2,7,62
2,3,7,2,1287.115,3 1,West,2,7,62
2,3,7,3,1287.689,3 1,North,2,7,62
2,3,7,2,1288.344,2 1,North,2,7,62
2,3,7,3,1288.917,2 1,East,2,7,62
2,3,7,2,1289.507,2 1,East,2,7,63
2,3,7,1,1290.405,2 1,North,2,7,63
2,3,7,2,1291.255,1 1,North,2,7,63
2,3,7,3,1291.923,1 1,East,2,7,63
2,3,7,2,1292.611,1 1,East,2,7,64
2,3,7,1,1293.205,1 1,North,2,7,64
2,3,7,2,1293.848,1 1,North,2,7,65
2,3,7,3,1295.124,1 1,East,2,7,65
2,3,7,1,1295.716,1 1,North,2,7,65
2,3,7,1,1296.406,1 1,West,2,7,65
2,3,7,2,1297.047,1 0,West,2,7,65
2,3,7,3,1297.618,1 0,North,2,7,65
2,3,7,2,1298.466,1 0,North,2,7,66
2,3,7,3,1299.016,1 0,East,2,7,66
2,3,7,3,1299.609,1 0,South,2,7,66
2,3,7,2,1300.348,2 0,South,2,7,66
2,3,7,2,1301.474,3 0,South,2,7,66
2,3,7,2,1302.09,4 0,South,2,7,66
2,3,7,1,1302.742,4 0,East,2,7,66
2,3,7,2,1303.354,4 1,East,2,7,66
2,3,7,2,1303.942,4 1,East,2,7,67
2,3,7,1,1304.521,4 1,North,2,7,67
2,3,7,2,1305.226,4 1,North,2,7,68
2,3,7,3,1305.667,4 1,East,2,7,68
2,3,7,2,1306.198,4 1,East,2,7,69
2,3,7,1,1306.676,4 1,North,2,7,69
2,3,7,1,1307.24,4 1,West,2,7,69
2,3,7,2,1307.845,4 0,West,2,7,69
2,3,7,3,1308.469,4 0,North,2,7,69
2,3,7,2,1309.114,3 0,North,2,7,69
2,3,7,2,1310.571,2 0,North,2,7,69
2,3,7,2,1311.109,1 0,North,2,7,69
2,3,7,2,1311.669,1 0,North,2,7,70
2,3,7,3,1312.259,1 0,East,2,7,70
2,3,7,3,1313.683,1 0,South,2,7,70
2,3,7,1,1314.899,1 0,East,2,7,70
2,3,7,2,1315.635,1 1,East,2,7,70
2,3,7,2,1316.294,1 1,East,2,7,71
2,3,7,3,1316.773,1 1,South,2,7,71
2,3,7,2,1317.384,2 1,South,2,7,71
2,3,7,2,1318.003,3 1,South,2,7,71
2,3,7,1,1318.725,3 1,East,2,7,71
2,3,7,2,1319.467,3 2,East,2,7,71
2,3,7,2,1320.182,3 3,East,2,7,71
2,3,7,1,1320.883,3 3,North,2,7,71
2,3,7,2,1321.545,3 3,North,2,7,72
2,3,7,3,1321.986,3 3,East,2,7,72
2,3,7,2,1322.565,3 3,East,2,7,73
2,3,7,3,1323.287,3 3,South,2,7,73
2,3,7,2,1323.892,3 3,South,2,7,74
2,3,7,1,1324.82,3 3,East,2,7,74
2,3,7,1,1325.668,3 3,North,2,7,74
2,3,7,1,1326.251,3 3,West,2,7,74
2,3,7,2,1327.109,3 2,West,2,7,74
2,3,7,3,1327.787,3 2,North,2,7,74
2,3,7,2,1328.5,3 2,North,2,7,75
2,3,7,1,1329.126,3 2,West,2,7,75
2,3,7,2,1329.785,3 1,West,2,7,75
2,3,7,3,1330.39,3 1,North,2,7,75
2,3,7,2,1331.036,2 1,North,2,7,75
2,3,7,3,1331.578,2 1,East,2,7,75
2,3,7,2,1332.198,2 1,East,2,7,76
2,3,7,1,1332.842,2 1,North,2,7,76
2,3,7,2,1333.462,1 1,North,2,7,76
2,3,7,3,1334.354,1 1,East,2,7,76
2,3,7,2,1335.016,1 1,East,2,7,77
2,3,7,1,1335.447,1 1,North,2,7,77
2,3,7,2,1336.217,1 1,North,2,7,78
2,3,7,1,1336.79,1 1,West,2,7,78
2,3,7,2,1337.442,1 0,West,2,7,78
2,3,7,1,1337.976,1 0,South,2,7,78
2,3,7,2,1338.584,2 0,South,2,7,78
2,3,7,1,1339.228,2 0,East,2,7,78
2,3,7,2,1339.849,2 0,East,2,7,79
2,3,7,3,1340.612,2 0,South,2,7,79
2,3,7,2,1341.38,3 0,South,2,7,79
2,3,7,1,1342.597,3 0,East,2,7,79
2,3,7,2,1343.562,3 0,East,2,7,80
2,3,7,3,1344.187,3 0,South,2,7,80
2,3,7,2,1344.858,4 0,South,2,7,80
2,3,7,1,1345.835,4 0,East,2,7,80
2,3,7,2,1346.518,4 1,East,2,7,80
2,3,7,3,1347.495,4 1,South,2,7,80
2,3,7,2,1348.139,4 1,South,2,7,80
2,3,7,1,1348.618,4 1,East,2,7,80
2,3,7,2,1349.317,4 1,East,2,7,81
2,3,7,1,1349.956,4 1,North,2,7,81
2,3,7,2,1350.691,4 1,North,2,7,82
2,3,7,1,1351.669,4 1,West,2,7,82
2,3,7,2,1352.355,4 0,West,2,7,82
2,3,7,3,1353.048,4 0,North,2,7,82
2,3,7,2,1353.751,3 0,North,2,7,82
2,3,7,2,1354.922,2 0,North,2,7,82
2,3,7,2,1355.829,1 0,North,2,7,82
2,3,7,2,1356.514,1 0,North,2,7,83
2,3,7,3,1357.156,1 0,East,2,7,83
2,3,7,2,1358.007,1 1,East,2,7,83
2,3,7,1,1358.731,1 1,North,2,7,83
2,3,7,2,1359.56,1 1,North,2,7,84
2,3,7,3,1360.121,1 1,East,2,7,84
2,3,7,2,1361.221,1 1,East,2,7,85
2,3,7,3,1361.577,1 1,South,2,7,85
2,3,7,2,1362.233,2 1,South,2,7,85
2,3,7,1,1362.922,2 1,East,2,7,85
2,3,7,2,1363.831,2 1,East,2,7,86
2,3,7,3,1364.379,2 1,South,2,7,86
2,3,7,2,1365.113,3 1,South,2,7,86
2,3,7,1,1365.97,3 1,East,2,7,86
2,3,7,2,1366.716,3 2,East,2,7,86
2,3,7,2,1367.499,3 3,East,2,7,86
2,3,7,1,1368.245,3 3,North,2,7,86
2,3,7,2,1369.127,3 3,North,2,7,87
2,3,7,1,1369.482,3 3,West,2,7,87
2,3,7,2,1370.103,3 2,West,2,7,87
2,3,7,3,1371.22,3 2,North,2,7,87
2,3,7,2,1372.021,3 2,North,2,7,88
2,3,7,2,1374.442,3 2,North,2,7,89
2,3,7,3,1374.79,3 2,East,2,7,89
2,3,7,2,1375.46,3 3,East,2,7,89
2,3,7,2,1376.9,3 3,East,2,7,90
2,3,7,3,1377.442,3 3,South,2,7,90
2,3,7,2,1378.052,3 3,South,2,7,91
2,3,7,1,1378.644,3 3,East,2,7,91
2,3,7,1,1379.305,3 3,North,2,7,91
2,3,7,2,1379.958,3 3,North,2,7,92
2,3,7,1,1380.408,3 3,West,2,7,92
2,3,7,2,1381.06,3 2,West,2,7,92
2,3,7,3,1381.698,3 2,North,2,7,92
2,3,7,2,1382.246,3 2,North,2,7,93
2,3,7,2,1382.711,3 2,North,2,7,94
2,3,7,1,1383.14,3 2,West,2,7,94
2,3,7,2,1383.771,3 1,West,2,7,94
2,3,7,3,1384.5,3 1,North,2,7,94
2,3,7,2,1385.124,2 1,North,2,7,94
2,3,7,2,1385.735,1 1,North,2,7,94
2,3,7,1,1386.381,1 1,West,2,7,94
2,3,7,2,1387.028,1 0,West,2,7,94
2,3,7,1,1387.911,1 0,South,2,7,94
2,3,7,2,1388.498,2 0,South,2,7,94
2,3,7,2,1389.093,3 0,South,2,7,94
2,3,7,2,1389.7,4 0,South,2,7,94
2,3,7,1,1390.216,4 0,East,2,7,94
2,3,7,2,1390.884,4 1,East,2,7,94
2,3,7,2,1391.411,4 1,East,2,7,95
2,3,7,1,1391.961,4 1,North,2,7,95
2,3,7,2,1392.473,4 1,North,2,7,96
2,3,7,3,1393.02,4 1,East,2,7,96
2,3,7,1,1393.557,4 1,North,2,7,96
2,3,7,1,1394.139,4 1,West,2,7,96
2,3,7,2,1394.746,4 0,West,2,7,96
2,3,7,3,1395.704,4 0,North,2,7,96
2,3,7,2,1396.281,3 0,North,2,7,96
2,3,7,2,1397.252,2 0,North,2,7,96
2,3,7,2,1397.797,1 0,North,2,7,96
2,3,7,2,1398.661,1 0,North,2,7,97
2,3,7,3,1399.415,1 0,East,2,7,97
2,3,7,2,1400.104,1 1,East,2,7,97
2,3,7,1,1401.059,1 1,North,2,7,97
2,3,7,2,1402.009,1 1,North,2,7,98
2,3,7,3,1402.518,1 1,East,2,7,98
2,3,7,2,1403.284,1 1,East,2,7,99
2,3,7,3,1404.041,1 1,South,2,7,99
2,3,7,2,1404.681,2 1,South,2,7,99
2,3,7,1,1405.399,2 1,East,2,7,99
2,3,7,2,1405.933,2 1,East,2,7,100
2,3,7,3,1406.61,2 1,South,2,7,100
2,3,7,2,1407.299,3 1,South,2,7,100
2,3,7,1,1408.584,3 1,East,2,7,100
2,3,7,1,1409.508,3 1,North,2,7,100
2,3,7,2,1410.146,2 1,North,2,7,100
2,3,7,1,1410.872,2 1,West,2,7,100
2,3,7,2,1411.62,2 1,West,2,7,101
2,3,7,3,1412.171,2 1,North,2,7,101
2,3,7,3,1413.142,2 1,East,2,7,101
2,3,7,2,1413.771,2 1,East,2,7,102
2,3,7,3,1414.181,2 1,South,2,7,102
2,3,7,2,1414.89,3 1,South,2,7,102
2,3,7,2,1415.459,3 1,South,2,7,103
2,3,7,1,1416.392,3 1,East,2,7,103
2,3,7,2,1417.222,3 2,East,2,7,103
2,3,7,2,1418.197,3 3,East,2,7,103
2,3,7,2,1418.999,3 3,East,2,7,104
2,3,7,3,1419.636,3 3,South,2,7,104
2,3,7,2,1420.213,3 3,South,2,7,105
2,3,7,3,1420.58,3 3,West,2,7,105
2,3,7,2,1421.172,3 2,West,2,7,105
2,3,7,3,1421.815,3 2,North,2,7,105
2,3,7,2,1422.376,3 2,North,2,7,106
2,3,7,1,1422.823,3 2,West,2,7,106
2,3,7,2,1423.474,3 1,West,2,7,106
2,3,7,3,1424.057,3 1,North,2,7,106
2,3,7,2,1424.708,2 1,North,2,7,106
2,3,7,3,1425.38,2 1,East,2,7,106
2,3,7,2,1425.988,2 1,East,2,7,107
2,3,7,2,1426.97,2 1,East,2,7,108
2,3,7,1,1427.239,2 1,North,2,7,108
2,3,7,2,1427.911,1 1,North,2,7,108
2,3,7,3,1428.467,1 1,East,2,7,108
2,3,7,2,1429.143,1 1,East,2,7,109
2,3,7,1,1429.526,1 1,North,2,7,109
2,3,7,2,1430.228,1 1,North,2,7,110
2,3,7,3,1430.907,1 1,East,2,7,110
2,3,7,3,1431.481,1 1,South,2,7,110
2,3,7,2,1432.034,2 1,South,2,7,110
2,3,7,1,1432.569,2 1,East,2,7,110
2,3,7,3,1433.178,2 1,South,2,7,110
2,3,7,2,1433.77,3 1,South,2,7,110
2,3,7,1,1434.328,3 1,East,2,7,110
2,3,7,2,1434.931,3 2,East,2,7,110
2,3,7,1,1435.524,3 2,North,2,7,110
2,3,7,2,1436.171,3 2,North,2,7,111
2,3,7,3,1436.581,3 2,East,2,7,111
2,3,7,2,1437.302,3 3,East,2,7,111
2,3,7,1,1438.012,3 3,North,2,7,111
2,3,7,2,1438.779,3 3,North,2,7,112
2,3,7,3,1439.266,3 3,East,2,7,112
2,3,7,2,1439.816,3 3,East,2,7,113
2,3,7,1,1440.299,3 3,North,2,7,113
2,3,7,1,1440.828,3 3,West,2,7,113
2,3,7,2,1441.399,3 2,West,2,7,113
2,3,7,3,1441.989,3 2,North,2,7,113
2,3,7,2,1442.552,3 2,North,2,7,114
2,3,7,1,1442.935,3 2,West,2,7,114
2,3,7,2,1443.608,3 1,West,2,7,114
2,3,7,3,1444.456,3 1,North,2,7,114
2,3,7,2,1445.207,2 1,North,2,7,114
2,3,7,3,1445.932,2 1,East,2,7,114
2,3,7,2,1446.563,2 1,East,2,7,115
2,3,7,1,1446.967,2 1,North,2,7,115
2,3,7,2,1447.673,1 1,North,2,7,115
2,3,7,3,1448.298,1 1,East,2,7,115
2,3,7,2,1448.937,1 1,East,2,7,116
2,3,7,1,1449.351,1 1,North,2,7,116
2,3,7,2,1450.025,1 1,North,2,7,117
2,3,7,1,1451.019,1 1,West,2,7,117
2,3,7,2,1451.607,1 0,West,2,7,117
2,3,7,3,1452.307,1 0,North,2,7,117
2,3,7,2,1452.889,1 0,North,2,7,118
2,3,7,1,1453.432,1 0,West,2,7,118
2,3,7,1,1454.342,1 0,South,2,7,118
2,3,7,2,1454.967,2 0,South,2,7,118
2,3,7,2,1455.563,3 0,South,2,7,118
2,3,7,2,1456.104,4 0,South,2,7,118
2,3,7,3,1456.806,4 0,West,2,7,118
2,3,7,3,1457.394,4 0,North,2,7,118
2,3,7,3,1458.182,4 0,East,2,7,118
2,3,7,1,1459.017,4 0,North,2,7,118
2,3,7,3,1460.379,4 0,East,2,7,118
2,3,7,2,1461.4,4 1,East,2,7,118
2,3,7,1,1463.155,4 1,North,2,7,118
2,3,7,2,1463.932,4 1,North,2,7,119
2,3,7,3,1464.585,4 1,East,2,7,119
2,3,7,2,1465.492,4 1,East,2,7,120
2,3,7,1,1466.276,4 1,North,2,7,120
2,3,7,1,1467.06,4 1,West,2,7,120
2,3,7,2,1467.718,4 0,West,2,7,120
2,3,7,3,1468.372,4 0,North,2,7,120
2,3,7,2,1469.112,3 0,North,2,7,120
2,3,7,3,1469.766,3 0,East,2,7,120
2,3,7,2,1470.438,3 0,East,2,7,121
2,3,7,1,1471.079,3 0,North,2,7,121
2,3,7,2,1471.72,2 0,North,2,7,121
2,3,7,3,1472.68,2 0,East,2,7,121
2,3,7,2,1473.588,2 0,East,2,7,122
2,3,7,1,1474.211,2 0,North,2,7,122
2,3,7,2,1474.873,1 0,North,2,7,122
2,3,7,3,1475.628,1 0,East,2,7,122
2,3,7,2,1476.395,1 1,East,2,7,122
2,3,7,1,1478.052,1 1,North,2,7,122
2,3,7,1,1478.949,1 1,West,2,7,122
2,3,7,2,1479.589,1 0,West,2,7,122
2,3,7,3,1480.229,1 0,North,2,7,122
2,3,7,2,1480.963,1 0,North,2,7,123
2,3,7,3,1481.478,1 0,East,2,7,123
2,3,7,2,1482.104,1 1,East,2,7,123
2,3,7,1,1482.773,1 1,North,2,7,123
2,3,7,2,1483.523,1 1,North,2,7,124
2,3,7,3,1484.006,1 1,East,2,7,124
2,3,7,2,1484.754,1 1,East,2,7,125
2,3,7,3,1485.319,1 1,South,2,7,125
2,3,7,2,1485.991,2 1,South,2,7,125
2,3,7,1,1486.873,2 1,East,2,7,125
2,3,7,2,1487.493,2 1,East,2,7,126
2,3,7,3,1487.944,2 1,South,2,7,126
2,3,7,3,1488.827,2 1,West,2,7,126
2,3,7,2,1489.415,2 1,West,2,7,127
2,3,7,1,1489.812,2 1,South,2,7,127
2,3,7,2,1490.456,3 1,South,2,7,127
2,3,7,1,1491.157,3 1,East,2,7,127
2,3,7,2,1491.912,3 2,East,2,7,127
2,3,7,3,1492.981,3 2,South,2,7,127
2,3,7,3,1493.492,3 2,West,2,7,127
2,3,7,2,1494.039,3 1,West,2,7,127
2,3,7,1,1494.633,3 1,South,2,7,127
2,3,7,2,1495.224,3 1,South,2,7,128
2,3,7,1,1495.756,3 1,East,2,7,128
2,3,7,2,1496.454,3 2,East,2,7,128
2,3,7,2,1497.477,3 3,East,2,7,128
2,3,7,1,1498.39,3 3,North,2,7,128
2,3,7,1,1499.015,3 3,West,2,7,128
2,3,7,2,1499.654,3 2,West,2,7,128
2,3,7,3,1500.38,3 2,North,2,7,128
2,3,7,2,1501.238,3 2,North,2,7,129
2,3,7,3,1501.832,3 2,East,2,7,129
2,3,7,2,1502.551,3 3,East,2,7,129
2,3,7,1,1503.271,3 3,North,2,7,129
2,3,7,2,1504.168,3 3,North,2,7,130
2,3,7,3,1504.65,3 3,East,2,7,130
2,3,7,2,1505.317,3 3,East,2,7,131
2,3,7,3,1505.974,3 3,South,2,7,131
2,3,7,2,1506.65,3 3,South,2,7,132
2,3,7,3,1507.272,3 3,West,2,7,132
2,3,7,2,1507.875,3 2,West,2,7,132
2,3,7,1,1508.489,3 2,South,2,7,132
2,3,7,2,1509.094,4 2,South,2,7,132
2,3,7,1,1510.038,4 2,East,2,7,132
2,3,7,2,1510.712,4 3,East,2,7,132
2,3,7,2,1511.363,4 4,East,2,7,132
2,3,7,1,1512.07,4 4,North,2,7,132
2,3,7,2,1512.696,3 4,North,2,7,132
2,3,7,2,1513.243,2 4,North,2,7,132
2,3,7,2,1513.865,1 4,North,2,7,132
2,3,7,2,1514.55,0 4,North,2,7,132
2,3,7,6,1514.94,0 4,North,2,8,132
1,3,8,3,1530.025,4 4,North,2,0,132
1,3,8,2,1535.154,3 4,North,2,0,132
1,3,8,2,1536.086,2 4,North,2,0,132
1,3,8,2,1536.73,1 4,North,2,0,132
1,3,8,1,1543.812,1 3,North,2,0,132
1,3,8,4,1544.407,2 3,North,2,0,132
1,3,8,1,1545.016,2 2,North,2,0,132
1,3,8,6,1545.42,2 2,North,2,1,132
1,3,8,3,1545.624,2 3,North,2,1,132
1,3,8,2,1546.152,1 3,North,2,1,132
1,3,8,3,1546.674,1 4,North,2,1,132
1,3,8,4,1547.208,2 4,North,2,1,132
1,3,8,4,1547.859,3 4,North,2,1,132
1,3,8,4,1548.469,4 4,North,2,1,132
1,3,8,1,1549.028,4 3,North,2,1,132
1,3,8,1,1549.577,4 2,North,2,1,132
1,3,8,2,1550.147,3 2,North,2,1,132
1,3,8,1,1550.773,3 1,North,2,1,132
1,3,8,2,1551.368,2 1,North,2,1,132
1,3,8,2,1551.99,1 1,North,2,1,132
1,3,8,1,1552.678,1 0,North,2,1,132
1,3,8,4,1553.718,2 0,North,2,1,132
1,3,8,4,1554.294,3 0,North,2,1,132
1,3,8,4,1556.149,4 0,North,2,1,132
1,3,8,3,1556.728,4 1,North,2,1,132
1,3,8,6,1557.14,4 1,North,2,2,132
1,3,8,1,1557.464,4 0,North,2,2,132
1,3,8,2,1558.051,3 0,North,2,2,132
1,3,8,2,1558.674,2 0,North,2,2,132
1,3,8,2,1559.444,1 0,North,2,2,132
1,3,8,3,1562.23,1 1,North,2,2,132
1,3,8,4,1562.793,2 1,North,2,2,132
1,3,8,4,1563.306,3 1,North,2,2,132
1,3,8,3,1564.262,3 2,North,2,2,132
1,3,8,4,1566.568,4 2,North,2,2,132
1,3,8,3,1567.13,4 3,North,2,2,132
1,3,8,3,1567.682,4 4,North,2,2,132
1,3,8,2,1568.299,3 4,North,2,2,132
1,3,8,2,1568.886,2 4,North,2,2,132
1,3,8,6,1569.26,2 4,North,2,3,132
1,3,8,4,1569.543,3 4,North,2,3,132
1,3,8,4,1570.085,4 4,North,2,3,132
1,3,8,1,1570.6,4 3,North,2,3,132
1,3,8,1,1571.301,4 2,North,2,3,132
1,3,8,2,1571.882,3 2,North,2,3,132
1,3,8,1,1576.827,3 1,North,2,3,132
1,3,8,6,1577.24,3 1,North,2,4,132
1,3,8,3,1577.859,3 2,North,2,4,132
1,3,8,4,1578.871,4 2,North,2,4,132
1,3,8,3,1579.735,4 3,North,2,4,132
1,3,8,3,1580.278,4 4,North,2,4,132
1,3,8,2,1580.901,3 4,North,2,4,132
1,3,8,2,1581.815,2 4,North,2,4,132
1,3,8,2,1582.393,1 4,North,2,4,132
1,3,8,1,1583.275,1 3,North,2,4,132
1,3,8,4,1584.583,2 3,North,2,4,132
1,3,8,1,1585.235,2 2,North,2,4,132
1,3,8,2,1586.778,1 2,North,2,4,132
1,3,8,2,1587.364,0 2,North,2,4,132
1,3,8,1,1587.991,0 1,North,2,4,132
1,3,8,1,1588.563,0 0,North,2,4,132
1,3,8,6,1588.96,0 0,North,2,5,132
1,3,8,3,1589.253,0 1,North,2,5,132
1,3,8,3,1590.275,0 2,North,2,5,132
1,3,8,4,1590.858,1 2,North,2,5,132
1,3,8,6,1591.22,1 2,North,2,6,132
1,3,8,4,1591.539,2 2,North,2,6,132
1,3,8,2,1592.055,1 2,North,2,6,132
1,3,8,2,1592.627,0 2,North,2,6,132
1,3,8,1,1593.252,0 1,North,2,6,132
1,3,8,6,1593.66,0 1,North,2,7,132
1,3,8,3,1593.814,0 2,North,2,7,132
1,3,8,4,1594.374,1 2,North,2,7,132
1,3,8,4,1594.889,2 2,North,2,7,132
1,3,8,3,1595.819,2 3,North,2,7,132
1,3,8,2,1596.371,1 3,North,2,7,132
1,3,8,2,1596.884,1 3,North,2,7,132
1,3,8,3,1597.29,1 4,North,2,7,132
1,3,8,4,1597.827,2 4,North,2,7,132
1,3,8,4,1598.451,3 4,North,2,7,132
1,3,8,4,1599.031,4 4,North,2,7,132
1,3,8,1,1599.742,4 3,North,2,7,132
1,3,8,1,1600.276,4 2,North,2,7,132
1,3,8,2,1601.242,3 2,North,2,7,132
1,3,8,1,1601.828,3 1,North,2,7,132
1,3,8,2,1602.411,2 1,North,2,7,132
1,3,8,2,1602.951,1 1,North,2,7,132
1,3,8,1,1603.494,1 0,North,2,7,132
1,3,8,4,1604.106,2 0,North,2,7,132
1,3,8,6,1604.46,2 0,North,2,8,132
2,3,8,1,1607.907,4 4,West,2,0,0
2,3,8,3,1609.053,4 4,North,2,0,0
2,3,8,2,1610.355,3 4,North,2,0,0
2,3,8,2,1610.885,2 4,North,2,0,0
2,3,8,2,1611.453,1 4,North,2,0,0
2,3,8,1,1612.055,1 4,West,2,0,0
2,3,8,2,1612.63,1 3,West,2,0,0
2,3,8,1,1613.289,1 3,South,2,0,0
2,3,8,2,1613.843,2 3,South,2,0,0
2,3,8,3,1614.407,2 3,West,2,0,0
2,3,8,2,1614.969,2 2,West,2,0,0
2,3,8,3,1615.525,2 2,North,2,0,0
2,3,8,2,1616.09,1 2,North,2,0,0
2,3,8,2,1616.694,0 2,North,2,0,0
2,3,8,1,1617.287,0 2,West,2,0,0
2,3,8,2,1617.816,0 1,West,2,0,0
2,3,8,2,1618.827,0 0,West,2,0,0
2,3,8,6,1619.24,0 0,West,2,1,0
2,3,8,3,1619.363,0 0,North,2,1,0
2,3,8,3,1619.99,0 0,East,2,1,0
2,3,8,2,1620.743,0 1,East,2,1,0
2,3,8,2,1621.254,0 2,East,2,1,0
2,3,8,3,1621.843,0 2,South,2,1,0
2,3,8,2,1622.411,1 2,South,2,1,0
2,3,8,2,1622.963,2 2,South,2,1,0
2,3,8,1,1623.621,2 2,East,2,1,0
2,3,8,2,1624.195,2 3,East,2,1,0
2,3,8,1,1624.762,2 3,North,2,1,0
2,3,8,2,1625.333,1 3,North,2,1,0
2,3,8,3,1625.973,1 3,East,2,1,0
2,3,8,2,1626.534,1 4,East,2,1,0
2,3,8,3,1627.13,1 4,South,2,1,0
2,3,8,2,1627.7,2 4,South,2,1,0
2,3,8,6,1628.08,2 4,South,2,2,0
2,3,8,3,1628.349,2 4,West,2,2,0
2,3,8,1,1629.266,2 4,South,2,2,0
2,3,8,2,1630.745,3 4,South,2,2,0
2,3,8,2,1631.379,4 4,South,2,2,0
2,3,8,3,1632.051,4 4,West,2,2,0
2,3,8,2,1632.756,4 3,West,2,2,0
2,3,8,3,1633.337,4 3,North,2,2,0
2,3,8,2,1635.429,4 3,North,2,2,1
2,3,8,1,1635.897,4 3,West,2,2,1
2,3,8,2,1636.57,4 2,West,2,2,1
2,3,8,3,1637.272,4 2,North,2,2,1
2,3,8,2,1637.826,3 2,North,2,2,1
2,3,8,1,1638.392,3 2,West,2,2,1
2,3,8,2,1639.012,3 1,West,2,2,1
2,3,8,6,1639.42,3 1,West,2,3,1
2,3,8,3,1639.572,3 1,North,2,3,1
2,3,8,3,1640.26,3 1,East,2,3,1
2,3,8,2,1641.211,3 2,East,2,3,1
2,3,8,1,1642.117,3 2,North,2,3,1
2,3,8,1,1642.643,3 2,West,2,3,1
2,3,8,2,1643.205,3 1,West,2,3,1
2,3,8,3,1643.818,3 1,North,2,3,1
2,3,8,2,1644.488,2 1,North,2,3,1
2,3,8,2,1645.099,1 1,North,2,3,1
2,3,8,3,1645.702,1 1,East,2,3,1
2,3,8,2,1646.358,1 1,East,2,3,2
2,3,8,3,1646.771,1 1,South,2,3,2
2,3,8,2,1647.396,2 1,South,2,3,2
2,3,8,1,1647.976,2 1,East,2,3,2
2,3,8,2,1648.634,2 1,East,2,3,3
2,3,8,3,1649.227,2 1,South,2,3,3
2,3,8,2,1650.051,3 1,South,2,3,3
2,3,8,1,1650.634,3 1,East,2,3,3
2,3,8,2,1651.254,3 2,East,2,3,3
2,3,8,1,1651.835,3 2,North,2,3,3
2,3,8,2,1652.442,3 2,North,2,3,4
2,3,8,3,1652.835,3 2,East,2,3,4
2,3,8,2,1653.497,3 3,East,2,3,4
2,3,8,1,1654.091,3 3,North,2,3,4
2,3,8,2,1654.73,3 3,North,2,3,5
2,3,8,3,1655.276,3 3,East,2,3,5
2,3,8,2,1655.891,3 3,East,2,3,6
2,3,8,3,1656.212,3 3,South,2,3,6
2,3,8,2,1656.791,3 3,South,2,3,7
2,3,8,2,1657.331,3 3,South,2,3,8
2,3,8,3,1657.577,3 3,West,2,3,8
2,3,8,2,1658.18,3 2,West,2,3,8
2,3,8,1,1658.714,3 2,South,2,3,8
2,3,8,2,1659.307,4 2,South,2,3,8
2,3,8,1,1660.298,4 2,East,2,3,8
2,3,8,2,1660.967,4 3,East,2,3,8
2,3,8,2,1661.564,4 4,East,2,3,8
2,3,8,1,1662.186,4 4,North,2,3,8
2,3,8,2,1662.838,3 4,North,2,3,8
2,3,8,2,1663.387,2 4,North,2,3,8
2,3,8,2,1664.633,1 4,North,2,3,8
2,3,8,1,1665.46,1 4,West,2,3,8
2,3,8,2,1666.117,1 3,West,2,3,8
2,3,8,2,1666.691,1 3,West,2,3,9
2,3,8,1,1667.304,1 3,South,2,3,9
2,3,8,2,1667.946,2 3,South,2,3,9
2,3,8,3,1668.547,2 3,West,2,3,9
2,3,8,2,1669.126,2 2,West,2,3,9
2,3,8,3,1669.684,2 2,North,2,3,9
2,3,8,2,1670.294,1 2,North,2,3,9
2,3,8,6,1670.68,1 2,North,2,4,9
2,3,8,1,1670.999,1 2,West,2,4,9
2,3,8,1,1671.62,1 2,South,2,4,9
2,3,8,2,1672.183,2 2,South,2,4,9
2,3,8,1,1672.709,2 2,East,2,4,9
2,3,8,2,1673.291,2 3,East,2,4,9
2,3,8,1,1673.82,2 3,North,2,4,9
2,3,8,2,1674.393,1 3,North,2,4,9
2,3,8,3,1675.094,1 3,East,2,4,9
2,3,8,2,1675.69,1 4,East,2,4,9
2,3,8,3,1676.235,1 4,South,2,4,9
2,3,8,2,1676.823,2 4,South,2,4,9
2,3,8,2,1677.467,3 4,South,2,4,9
2,3,8,2,1678.211,4 4,South,2,4,9
2,3,8,3,1678.804,4 4,West,2,4,9
2,3,8,2,1679.43,4 3,West,2,4,9
2,3,8,2,1680.123,4 2,West,2,4,9
2,3,8,2,1681.307,4 2,West,2,4,10
2,3,8,3,1681.78,4 2,North,2,4,10
2,3,8,2,1682.403,3 2,North,2,4,10
2,3,8,1,1683.253,3 2,West,2,4,10
2,3,8,2,1684.018,3 1,West,2,4,10
2,3,8,1,1684.547,3 1,South,2,4,10
2,3,8,2,1685.163,3 1,South,2,4,11
2,3,8,3,1685.56,3 1,West,2,4,11
2,3,8,3,1686.181,3 1,North,2,4,11
2,3,8,2,1686.725,2 1,North,2,4,11
2,3,8,1,1687.384,2 1,West,2,4,11
2,3,8,2,1687.912,2 1,West,2,4,12
2,3,8,3,1688.25,2 1,North,2,4,12
2,3,8,2,1688.806,1 1,North,2,4,12
2,3,8,1,1689.401,1 1,West,2,4,12
2,3,8,2,1689.914,1 0,West,2,4,12
2,3,8,1,1690.866,1 0,South,2,4,12
2,3,8,2,1691.48,2 0,South,2,4,12
2,3,8,2,1692.068,3 0,South,2,4,12
2,3,8,2,1692.628,4 0,South,2,4,12
2,3,8,1,1693.195,4 0,East,2,4,12
2,3,8,2,1693.812,4 1,East,2,4,12
2,3,8,6,1694.22,4 1,East,2,5,12
2,3,8,1,1694.44,4 1,North,2,5,12
2,3,8,1,1695.004,4 1,West,2,5,12
2,3,8,2,1695.708,4 0,West,2,5,12
2,3,8,3,1696.283,4 0,North,2,5,12
2,3,8,2,1696.844,3 0,North,2,5,12
2,3,8,2,1697.412,2 0,North,2,5,12
2,3,8,2,1698.05,1 0,North,2,5,12
2,3,8,3,1698.661,1 0,East,2,5,12
2,3,8,2,1699.179,1 1,East,2,5,12
2,3,8,3,1699.731,1 1,South,2,5,12
2,3,8,2,1700.306,2 1,South,2,5,12
2,3,8,2,1700.867,3 1,South,2,5,12
2,3,8,1,1701.481,3 1,East,2,5,12
2,3,8,2,1702.058,3 2,East,2,5,12
2,3,8,2,1703.002,3 3,East,2,5,12
2,3,8,6,1703.42,3 3,East,2,6,12
2,3,8,1,1703.545,3 3,North,2,6,12
2,3,8,3,1704.293,3 3,East,2,6,12
2,3,8,1,1705.063,3 3,North,2,6,12
2,3,8,3,1706.115,3 3,East,2,6,12
2,3,8,2,1706.915,3 3,East,2,6,13
2,3,8,3,1707.284,3 3,South,2,6,13
2,3,8,2,1707.884,3 3,South,2,6,14
2,3,8,1,1708.357,3 3,East,2,6,14
2,3,8,1,1708.937,3 3,North,2,6,14
2,3,8,3,1709.53,3 3,East,2,6,14
2,3,8,3,1710.058,3 3,South,2,6,14
2,3,8,3,1710.695,3 3,West,2,6,14
2,3,8,2,1711.27,3 2,West,2,6,14
2,3,8,1,1711.785,3 2,South,2,6,14
2,3,8,2,1712.313,4 2,South,2,6,14
2,3,8,1,1713.316,4 2,East,2,6,14
2,3,8,2,1713.944,4 3,East,2,6,14
2,3,8,2,1714.507,4 4,East,2,6,14
2,3,8,1,1715.046,4 4,North,2,6,14
2,3,8,2,1715.654,3 4,North,2,6,14
2,3,8,2,1716.614,2 4,North,2,6,14
2,3,8,2,1717.19,1 4,North,2,6,14
2,3,8,1,1717.81,1 4,West,2,6,14
2,3,8,2,1718.442,1 3,West,2,6,14
2,3,8,3,1719.08,1 3,North,2,6,14
2,3,8,2,1719.61,1 3,North,2,6,15
2,3,8,1,1720.103,1 3,West,2,6,15
2,3,8,2,1720.646,1 3,West,2,6,16
2,3,8,1,1721.173,1 3,South,2,6,16
2,3,8,2,1722.052,2 3,South,2,6,16
2,3,8,3,1722.664,2 3,West,2,6,16
2,3,8,2,1723.572,2 2,West,2,6,16
2,3,8,3,1724.167,2 2,North,2,6,16
2,3,8,2,1724.788,1 2,North,2,6,16
2,3,8,2,1725.431,0 2,North,2,6,16
2,3,8,3,1726.084,0 2,East,2,6,16
2,3,8,2,1726.682,0 2,East,2,6,17
2,3,8,3,1727.364,0 2,South,2,6,17
2,3,8,2,1727.975,1 2,South,2,6,17
2,3,8,1,1728.663,1 2,East,2,6,17
2,3,8,2,1729.57,1 2,East,2,6,18
2,3,8,3,1729.973,1 2,South,2,6,18
2,3,8,2,1730.597,2 2,South,2,6,18
2,3,8,1,1731.274,2 2,East,2,6,18
2,3,8,2,1731.877,2 3,East,2,6,18
2,3,8,2,1732.441,2 3,East,2,6,19
2,3,8,1,1732.971,2 3,North,2,6,19
2,3,8,2,1733.531,1 3,North,2,6,19
2,3,8,2,1734.105,1 3,North,2,6,20
2,3,8,3,1734.568,1 3,East,2,6,20
2,3,8,2,1735.273,1 4,East,2,6,20
2,3,8,1,1735.798,1 4,North,2,6,20
2,3,8,2,1736.455,0 4,North,2,6,20
2,3,8,1,1737,0 4,West,2,6,20
2,3,8,2,1737.609,0 3,West,2,6,20
2,3,8,6,1738.02,0 3,West,2,7,20
2,3,8,3,1738.331,0 3,North,2,7,20
2,3,8,3,1738.859,0 3,East,2,7,20
2,3,8,2,1739.381,0 4,East,2,7,20
2,3,8,3,1739.908,0 4,South,2,7,20
2,3,8,2,1740.451,1 4,South,2,7,20
2,3,8,2,1741.048,2 4,South,2,7,20
2,3,8,3,1742.104,2 4,West,2,7,20
2,3,8,2,1742.983,2 4,West,2,7,21
2,3,8,3,1743.367,2 4,North,2,7,21
2,3,8,2,1743.976,1 4,North,2,7,21
2,3,8,1,1744.535,1 4,West,2,7,21
2,3,8,2,1745.11,1 3,West,2,7,21
2,3,8,1,1745.623,1 3,South,2,7,21
2,3,8,2,1746.196,2 3,South,2,7,21
2,3,8,6,1746.56,2 3,South,2,8,21
1,3,9,2,1764.453,3 4,North,2,0,21
1,3,9,2,1765.38,2 4,North,2,0,21
1,3,9,2,1766.011,1 4,North,2,0,21
1,3,9,6,1766.38,1 4,North,2,1,21
1,3,9,4,1766.819,2 4,North,2,1,21
1,3,9,4,1767.699,3 4,North,2,1,21
1,3,9,4,1768.249,4 4,North,2,1,21
1,3,9,1,1768.835,4 3,North,2,1,21
1,3,9,1,1769.442,4 2,North,2,1,21
1,3,9,6,1769.84,4 2,North,2,2,21
1,3,9,2,1770.251,3 2,North,2,2,21
1,3,9,1,1770.948,3 1,North,2,2,21
1,3,9,2,1771.554,2 1,North,2,2,21
1,3,9,2,1772.151,1 1,North,2,2,21
1,3,9,1,1772.808,1 0,North,2,2,21
1,3,9,6,1773.22,1 0,North,2,3,21
1,3,9,3,1773.587,1 1,North,2,3,21
1,3,9,4,1774.534,2 1,North,2,3,21
1,3,9,4,1775.158,3 1,North,2,3,21
1,3,9,3,1775.781,3 2,North,2,3,21
1,3,9,4,1776.389,4 2,North,2,3,21
1,3,9,3,1777.029,4 3,North,2,3,21
1,3,9,3,1777.542,4 4,North,2,3,21
1,3,9,2,1778.074,3 4,North,2,3,21
1,3,9,2,1779.013,2 4,North,2,3,21
1,3,9,2,1779.626,1 4,North,2,3,21
1,3,9,1,1780.231,1 3,North,2,3,21
1,3,9,4,1780.812,2 3,North,2,3,21
1,3,9,1,1781.397,2 2,North,2,3,21
1,3,9,2,1781.929,1 2,North,2,3,21
1,3,9,2,1782.551,0 2,North,2,3,21
1,3,9,6,1782.94,0 2,North,2,4,21
1,3,9,4,1783.192,1 2,North,2,4,21
1,3,9,4,1783.751,2 2,North,2,4,21
1,3,9,3,1784.274,2 3,North,2,4,21
1,3,9,2,1784.824,1 3,North,2,4,21
1,3,9,3,1785.354,1 4,North,2,4,21
1,3,9,4,1786.312,2 4,North,2,4,21
1,3,9,4,1786.851,3 4,North,2,4,21
1,3,9,4,1787.482,4 4,North,2,4,21
1,3,9,1,1788.027,4 3,North,2,4,21
1,3,9,1,1788.997,4 2,North,2,4,21
1,3,9,2,1789.607,3 2,North,2,4,21
1,3,9,1,1790.164,3 1,North,2,4,21
1,3,9,2,1790.692,2 1,North,2,4,21
1,3,9,2,1791.51,1 1,North,2,4,21
1,3,9,1,1792.117,1 0,North,2,4,21
1,3,9,4,1792.714,2 0,North,2,4,21
1,3,9,4,1793.3,3 0,North,2,4,21
1,3,9,4,1793.875,4 0,North,2,4,21
1,3,9,6,1794.24,4 0,North,2,5,21
1,3,9,2,1794.547,3 0,North,2,5,21
1,3,9,2,1795.146,2 0,North,2,5,21
1,3,9,2,1795.688,1 0,North,2,5,21
1,3,9,3,1796.265,1 1,North,2,5,21
1,3,9,4,1796.934,2 1,North,2,5,21
1,3,9,4,1797.466,3 1,North,2,5,21
1,3,9,3,1798.038,3 2,North,2,5,21
1,3,9,3,1798.614,3 3,North,2,5,21
1,3,9,6,1799.02,3 3,North,2,6,21
1,3,9,1,1799.259,3 2,North,2,6,21
1,3,9,4,1799.801,4 2,North,2,6,21
1,3,9,3,1800.343,4 3,North,2,6,21
1,3,9,3,1800.901,4 4,North,2,6,21
1,3,9,2,1801.434,3 4,North,2,6,21
1,3,9,2,1802.007,2 4,North,2,6,21
1,3,9,2,1802.632,1 4,North,2,6,21
1,3,9,2,1803.286,0 4,North,2,6,21
1,3,9,6,1803.66,0 4,North,2,7,21
1,3,9,4,1803.883,1 4,North,2,7,21
1,3,9,1,1804.434,1 3,North,2,7,21
1,3,9,4,1805.049,2 3,North,2,7,21
1,3,9,6,1805.42,2 3,North,2,8,21
2,3,9,1,1810.614,4 4,West,2,0,0
2,3,9,2,1811.287,4 3,West,2,0,0
2,3,9,3,1811.882,4 3,North,2,0,0
2,3,9,2,1812.42,4 3,North,2,0,1
2,3,9,1,1812.89,4 3,West,2,0,1
2,3,9,2,1813.895,4 2,West,2,0,1
2,3,9,3,1814.77,4 2,North,2,0,1
2,3,9,2,1815.498,3 2,North,2,0,1
2,3,9,3,1816.489,3 2,East,2,0,1
2,3,9,2,1817.081,3 3,East,2,0,1
2,3,9,6,1817.5,3 3,East,2,1,1
2,3,9,1,1817.716,3 3,North,2,1,1
2,3,9,1,1818.311,3 3,West,2,1,1
2,3,9,2,1818.901,3 2,West,2,1,1
2,3,9,1,1819.434,3 2,South,2,1,1
2,3,9,2,1820.021,4 2,South,2,1,1
2,3,9,1,1820.584,4 2,East,2,1,1
2,3,9,2,1821.225,4 3,East,2,1,1
2,3,9,2,1821.748,4 4,East,2,1,1
2,3,9,1,1822.306,4 4,North,2,1,1
2,3,9,2,1822.924,3 4,North,2,1,1
2,3,9,2,1823.498,2 4,North,2,1,1
2,3,9,2,1824.02,1 4,North,2,1,1
2,3,9,6,1824.4,1 4,North,2,2,1
2,3,9,1,1824.538,1 4,West,2,2,1
2,3,9,2,1825.099,1 3,West,2,2,1
2,3,9,1,1825.671,1 3,South,2,2,1
2,3,9,2,1826.246,2 3,South,2,2,1
2,3,9,3,1826.771,2 3,West,2,2,1
2,3,9,2,1827.286,2 2,West,2,2,1
2,3,9,3,1827.814,2 2,North,2,2,1
2,3,9,2,1828.341,1 2,North,2,2,1
2,3,9,2,1828.858,0 2,North,2,2,1
2,3,9,6,1829.24,0 2,North,2,3,1
2,3,9,1,1829.925,0 2,West,2,3,1
2,3,9,1,1830.467,0 2,South,2,3,1
2,3,9,3,1831.269,0 2,West,2,3,1
2,3,9,2,1832.278,0 1,West,2,3,1
2,3,9,1,1832.85,0 1,South,2,3,1
2,3,9,2,1833.721,0 1,South,2,3,2
2,3,9,1,1834.184,0 1,East,2,3,2
2,3,9,3,1835.637,0 1,South,2,3,2
2,3,9,3,1836.582,0 1,West,2,3,2
2,3,9,2,1837.251,0 0,West,2,3,2
2,3,9,1,1837.831,0 0,South,2,3,2
2,3,9,2,1838.584,0 0,South,2,3,3
2,3,9,1,1838.963,0 0,East,2,3,3
2,3,9,2,1839.666,0 1,East,2,3,3
2,3,9,2,1840.227,0 2,East,2,3,3
2,3,9,3,1840.834,0 2,South,2,3,3
2,3,9,2,1841.369,1 2,South,2,3,3
2,3,9,1,1841.923,1 2,East,2,3,3
2,3,9,2,1842.532,1 2,East,2,3,4
2,3,9,1,1843.043,1 2,North,2,3,4
2,3,9,3,1843.635,1 2,East,2,3,4
2,3,9,3,1844.211,1 2,South,2,3,4
2,3,9,2,1844.804,2 2,South,2,3,4
2,3,9,1,1845.635,2 2,East,2,3,4
2,3,9,2,1846.229,2 3,East,2,3,4
2,3,9,1,1846.805,2 3,North,2,3,4
2,3,9,2,1847.37,1 3,North,2,3,4
2,3,9,3,1847.929,1 3,East,2,3,4
2,3,9,2,1848.499,1 4,East,2,3,4
2,3,9,3,1849.063,1 4,South,2,3,4
2,3,9,2,1849.651,2 4,South,2,3,4
2,3,9,2,1850.182,3 4,South,2,3,4
2,3,9,2,1850.727,4 4,South,2,3,4
2,3,9,3,1851.353,4 4,West,2,3,4
2,3,9,2,1852.227,4 3,West,2,3,4
2,3,9,2,1854.123,4 2,West,2,3,4
2,3,9,3,1854.758,4 2,North,2,3,4
2,3,9,2,1855.723,3 2,North,2,3,4
2,3,9,1,1856.293,3 2,West,2,3,4
2,3,9,2,1857.004,3 1,West,2,3,4
2,3,9,3,1857.639,3 1,North,2,3,4
2,3,9,2,1858.251,2 1,North,2,3,4
2,3,9,2,1858.854,1 1,North,2,3,4
2,3,9,6,1859.24,1 1,North,2,4,4
2,3,9,3,1859.595,1 1,East,2,4,4
2,3,9,3,1860.247,1 1,South,2,4,4
2,3,9,2,1860.858,2 1,South,2,4,4
2,3,9,2,1861.452,3 1,South,2,4,4
2,3,9,1,1862.147,3 1,East,2,4,4
2,3,9,2,1862.676,3 2,East,2,4,4
2,3,9,3,1863.193,3 2,South,2,4,4
2,3,9,2,1863.751,4 2,South,2,4,4
2,3,9,1,1864.345,4 2,East,2,4,4
2,3,9,2,1864.962,4 3,East,2,4,4
2,3,9,2,1865.479,4 4,East,2,4,4
2,3,9,1,1866.392,4 4,North,2,4,4
2,3,9,2,1867.001,3 4,North,2,4,4
2,3,9,2,1867.539,2 4,North,2,4,4
2,3,9,2,1868.099,1 4,North,2,4,4
2,3,9,1,1868.757,1 4,West,2,4,4
2,3,9,2,1869.331,1 3,West,2,4,4
2,3,9,1,1869.941,1 3,South,2,4,4
2,3,9,2,1870.506,2 3,South,2,4,4
2,3,9,3,1871.109,2 3,West,2,4,4
2,3,9,2,1871.675,2 2,West,2,4,4
2,3,9,3,1872.25,2 2,North,2,4,4
2,3,9,2,1872.776,1 2,North,2,4,4
2,3,9,2,1873.362,0 2,North,2,4,4
2,3,9,3,1873.994,0 2,East,2,4,4
2,3,9,2,1874.919,0 2,East,2,4,5
2,3,9,3,1875.832,0 2,South,2,4,5
2,3,9,2,1876.964,1 2,South,2,4,5
2,3,9,1,1877.544,1 2,East,2,4,5
2,3,9,2,1878.165,1 2,East,2,4,6
2,3,9,3,1878.803,1 2,South,2,4,6
2,3,9,2,1879.395,2 2,South,2,4,6
2,3,9,1,1879.989,2 2,East,2,4,6
2,3,9,2,1880.524,2 3,East,2,4,6
2,3,9,2,1881.059,2 3,East,2,4,7
2,3,9,1,1881.636,2 3,North,2,4,7
2,3,9,2,1882.251,1 3,North,2,4,7
2,3,9,3,1882.867,1 3,East,2,4,7
2,3,9,2,1883.481,1 4,East,2,4,7
2,3,9,1,1884.066,1 4,North,2,4,7
2,3,9,2,1884.646,0 4,North,2,4,7
2,3,9,6,1885.02,0 4,North,2,5,7
2,3,9,3,1885.195,0 4,East,2,5,7
2,3,9,3,1885.768,0 4,South,2,5,7
2,3,9,3,1886.599,0 4,West,2,5,7
2,3,9,1,1887.221,0 4,South,2,5,7
2,3,9,3,1888.005,0 4,West,2,5,7
2,3,9,1,1888.698,0 4,South,2,5,7
2,3,9,2,1889.251,1 4,South,2,5,7
2,3,9,3,1890.252,1 4,West,2,5,7
2,3,9,1,1890.997,1 4,South,2,5,7
2,3,9,3,1891.894,1 4,West,2,5,7
2,3,9,2,1892.547,1 3,West,2,5,7
2,3,9,3,1893.147,1 3,North,2,5,7
2,3,9,1,1893.77,1 3,West,2,5,7
2,3,9,1,1894.341,1 3,South,2,5,7
2,3,9,2,1894.972,2 3,South,2,5,7
2,3,9,3,1895.545,2 3,West,2,5,7
2,3,9,2,1896.155,2 2,West,2,5,7
2,3,9,3,1896.679,2 2,North,2,5,7
2,3,9,2,1897.251,1 2,North,2,5,7
2,3,9,2,1897.77,0 2,North,2,5,7
2,3,9,1,1898.324,0 2,West,2,5,7
2,3,9,2,1898.904,0 1,West,2,5,7
2,3,9,2,1899.81,0 0,West,2,5,7
2,3,9,1,1900.377,0 0,South,2,5,7
2,3,9,2,1900.917,0 0,South,2,5,8
2,3,9,1,1901.369,0 0,East,2,5,8
2,3,9,2,1901.975,0 1,East,2,5,8
2,3,9,3,1902.907,0 1,South,2,5,8
2,3,9,2,1903.48,0 1,South,2,5,9
2,3,9,1,1903.913,0 1,East,2,5,9
2,3,9,2,1904.467,0 2,East,2,5,9
2,3,9,3,1905.033,0 2,South,2,5,9
2,3,9,2,1905.58,1 2,South,2,5,9
2,3,9,1,1906.154,1 2,East,2,5,9
2,3,9,2,1906.746,1 2,East,2,5,10
2,3,9,3,1907.379,1 2,South,2,5,10
2,3,9,2,1907.894,2 2,South,2,5,10
2,3,9,1,1908.791,2 2,East,2,5,10
2,3,9,2,1909.338,2 3,East,2,5,10
2,3,9,1,1910.326,2 3,North,2,5,10
2,3,9,2,1910.854,1 3,North,2,5,10
2,3,9,3,1911.433,1 3,East,2,5,10
2,3,9,2,1911.944,1 4,East,2,5,10
2,3,9,3,1912.851,1 4,South,2,5,10
2,3,9,2,1913.398,2 4,South,2,5,10
2,3,9,2,1914.151,3 4,South,2,5,10
2,3,9,2,1914.77,4 4,South,2,5,10
2,3,9,3,1915.368,4 4,West,2,5,10
2,3,9,2,1915.975,4 3,West,2,5,10
2,3,9,2,1916.515,4 2,West,2,5,10
2,3,9,3,1917.275,4 2,North,2,5,10
2,3,9,2,1917.861,3 2,North,2,5,10
2,3,9,1,1918.455,3 2,West,2,5,10
2,3,9,2,1918.998,3 1,West,2,5,10
2,3,9,3,1919.603,3 1,North,2,5,10
2,3,9,2,1920.188,2 1,North,2,5,10
2,3,9,2,1920.779,1 1,North,2,5,10
2,3,9,1,1921.366,1 1,West,2,5,10
2,3,9,2,1921.992,1 0,West,2,5,10
2,3,9,6,1922.4,1 0,West,2,6,10
2,3,9,1,1922.569,1 0,South,2,6,10
2,3,9,1,1923.157,1 0,East,2,6,10
2,3,9,2,1923.814,1 1,East,2,6,10
2,3,9,3,1924.921,1 1,South,2,6,10
2,3,9,2,1925.847,2 1,South,2,6,10
2,3,9,2,1926.456,3 1,South,2,6,10
2,3,9,1,1927.033,3 1,East,2,6,10
2,3,9,2,1927.61,3 2,East,2,6,10
2,3,9,3,1928.25,3 2,South,2,6,10
2,3,9,2,1928.819,4 2,South,2,6,10
2,3,9,1,1929.384,4 2,East,2,6,10
2,3,9,2,1929.981,4 3,East,2,6,10
2,3,9,2,1930.553,4 4,East,2,6,10
2,3,9,1,1931.09,4 4,North,2,6,10
2,3,9,2,1931.721,3 4,North,2,6,10
2,3,9,2,1932.25,2 4,North,2,6,10
2,3,9,2,1932.789,1 4,North,2,6,10
2,3,9,1,1933.35,1 4,West,2,6,10
2,3,9,2,1933.924,1 3,West,2,6,10
2,3,9,6,1934.34,1 3,West,2,7,10
2,3,9,1,1934.519,1 3,South,2,7,10
2,3,9,1,1935.083,1 3,East,2,7,10
2,3,9,2,1935.717,1 4,East,2,7,10
2,3,9,3,1936.3,1 4,South,2,7,10
2,3,9,2,1936.875,2 4,South,2,7,10
2,3,9,2,1937.772,3 4,South,2,7,10
2,3,9,2,1938.423,4 4,South,2,7,10
2,3,9,3,1939.047,4 4,West,2,7,10
2,3,9,2,1939.674,4 3,West,2,7,10
2,3,9,2,1940.278,4 2,West,2,7,10
2,3,9,3,1940.905,4 2,North,2,7,10
2,3,9,2,1941.461,3 2,North,2,7,10
2,3,9,1,1942.025,3 2,West,2,7,10
2,3,9,2,1942.644,3 1,West,2,7,10
2,3,9,3,1943.208,3 1,North,2,7,10
2,3,9,2,1943.781,2 1,North,2,7,10
2,3,9,2,1944.394,1 1,North,2,7,10
2,3,9,1,1944.95,1 1,West,2,7,10
2,3,9,2,1945.509,1 0,West,2,7,10
2,3,9,1,1946.044,1 0,South,2,7,10
2,3,9,2,1946.602,2 0,South,2,7,10
2,3,9,2,1947.131,3 0,South,2,7,10
2,3,9,6,1947.5,3 0,South,2,8,10
1,4,10,1,1951.282,4 3,North,2,0,10
1,4,10,1,1952.227,4 2,North,2,0,10
1,4,10,2,1952.823,3 2,North,2,0,10
1,4,10,1,1953.402,3 1,North,2,0,10
1,4,10,2,1953.925,2 1,North,2,0,10
1,4,10,2,1954.468,1 1,North,2,0,10
1,4,10,1,1955.065,1 0,North,2,0,10
1,4,10,6,1955.46,1 0,North,2,1,10
1,4,10,3,1955.638,1 1,North,2,1,10
1,4,10,4,1956.627,2 1,North,2,1,10
1,4,10,4,1957.177,3 1,North,2,1,10
1,4,10,3,1957.721,3 2,North,2,1,10
1,4,10,4,1958.438,4 2,North,2,1,10
1,4,10,3,1959.221,4 3,North,2,1,10
1,4,10,3,1959.844,4 4,North,2,1,10
1,4,10,2,1960.49,3 4,North,2,1,10
1,4,10,2,1961.379,2 4,North,2,1,10
1,4,10,2,1962.44,1 4,North,2,1,10
1,4,10,1,1963.24,1 3,North,2,1,10
1,4,10,4,1964.148,2 3,North,2,1,10
1,4,10,1,1964.868,2 2,North,2,1,10
1,4,10,2,1965.587,1 2,North,2,1,10
1,4,10,2,1966.185,0 2,North,2,1,10
1,4,10,1,1966.815,0 1,North,2,1,10
1,4,10,6,1967.22,0 1,North,2,2,10
1,4,10,3,1967.385,0 2,North,2,2,10
1,4,10,4,1967.973,1 2,North,2,2,10
1,4,10,4,1968.626,2 2,North,2,2,10
1,4,10,6,1968.98,2 2,North,2,3,10
1,4,10,3,1969.162,2 3,North,2,3,10
1,4,10,1,1969.734,2 2,North,2,3,10
1,4,10,2,1970.275,1 2,North,2,3,10
1,4,10,2,1970.791,0 2,North,2,3,10
1,4,10,1,1971.334,0 1,North,2,3,10
1,4,10,1,1972.276,0 0,North,2,3,10
1,4,10,6,1972.68,0 0,North,2,4,10
1,4,10,3,1972.839,0 1,North,2,4,10
1,4,10,3,1973.731,0 2,North,2,4,10
1,4,10,4,1974.339,1 2,North,2,4,10
1,4,10,4,1974.871,2 2,North,2,4,10
1,4,10,3,1975.458,2 3,North,2,4,10
1,4,10,2,1976.007,1 3,North,2,4,10
1,4,10,3,1976.597,1 4,North,2,4,10
1,4,10,4,1977.222,2 4,North,2,4,10
1,4,10,4,1977.736,3 4,North,2,4,10
1,4,10,4,1978.612,4 4,North,2,4,10
1,4,10,1,1979.174,4 3,North,2,4,10
1,4,10,1,1979.689,4 2,North,2,4,10
1,4,10,2,1980.233,3 2,North,2,4,10
1,4,10,1,1980.807,3 1,North,2,4,10
1,4,10,2,1981.366,2 1,North,2,4,10
1,4,10,6,1981.74,2 1,North,2,5,10
1,4,10,4,1981.959,3 1,North,2,5,10
1,4,10,2,1982.492,2 1,North,2,5,10
1,4,10,2,1983.369,1 1,North,2,5,10
1,4,10,1,1983.977,1 0,North,2,5,10
1,4,10,4,1984.519,2 0,North,2,5,10
1,4,10,4,1985.129,3 0,North,2,5,10
1,4,10,4,1985.701,4 0,North,2,5,10
1,4,10,6,1986.06,4 0,North,2,6,10
1,4,10,2,1986.246,3 0,North,2,6,10
1,4,10,2,1986.788,2 0,North,2,6,10
1,4,10,2,1987.367,1 0,North,2,6,10
1,4,10,3,1988.022,1 1,North,2,6,10
1,4,10,4,1988.565,2 1,North,2,6,10
1,4,10,4,1989.128,3 1,North,2,6,10
1,4,10,3,1989.688,3 2,North,2,6,10
1,4,10,4,1990.549,4 2,North,2,6,10
1,4,10,3,1991.095,4 3,North,2,6,10
1,4,10,3,1991.749,4 4,North,2,6,10
1,4,10,2,1992.405,3 4,North,2,6,10
1,4,10,2,1992.997,2 4,North,2,6,10
1,4,10,2,1993.522,1 4,North,2,6,10
1,4,10,2,1994.056,0 4,North,2,6,10
1,4,10,1,1994.611,0 3,North,2,6,10
1,4,10,6,1995.02,0 3,North,2,7,10
1,4,10,3,1995.442,0 4,North,2,7,10
1,4,10,6,1995.86,0 4,North,2,8,10
2,4,10,2,1999.845,3 4,North,2,0,0
2,4,10,2,2000.392,2 4,North,2,0,0
2,4,10,2,2001.014,1 4,North,2,0,0
2,4,10,2,2001.593,0 4,North,2,0,0
2,4,10,1,2002.188,0 4,West,2,0,0
2,4,10,2,2002.772,0 3,West,2,0,0
2,4,10,6,2003.18,0 3,West,2,1,0
2,4,10,1,2003.309,0 3,South,2,1,0
2,4,10,1,2003.861,0 3,East,2,1,0
2,4,10,2,2004.486,0 4,East,2,1,0
2,4,10,3,2005.013,0 4,South,2,1,0
2,4,10,2,2005.627,1 4,South,2,1,0
2,4,10,3,2006.183,1 4,West,2,1,0
2,4,10,2,2006.747,1 3,West,2,1,0
2,4,10,1,2007.32,1 3,South,2,1,0
2,4,10,2,2007.864,2 3,South,2,1,0
2,4,10,3,2008.407,2 3,West,2,1,0
2,4,10,2,2008.952,2 2,West,2,1,0
2,4,10,6,2009.36,2 2,West,2,2,0
2,4,10,3,2009.812,2 2,North,2,2,0
2,4,10,2,2010.564,1 2,North,2,2,0
2,4,10,2,2011.109,0 2,North,2,2,0
2,4,10,1,2011.642,0 2,West,2,2,0
2,4,10,2,2012.181,0 1,West,2,2,0
2,4,10,2,2012.71,0 0,West,2,2,0
2,4,10,1,2013.254,0 0,South,2,2,0
2,4,10,2,2013.784,0 0,South,2,2,1
2,4,10,1,2014.293,0 0,East,2,2,1
2,4,10,2,2015.049,0 1,East,2,2,1
2,4,10,3,2016.124,0 1,South,2,2,1
2,4,10,2,2016.81,0 1,South,2,2,2
2,4,10,1,2017.193,0 1,East,2,2,2
2,4,10,2,2017.769,0 2,East,2,2,2
2,4,10,3,2018.674,0 2,South,2,2,2
2,4,10,2,2019.219,1 2,South,2,2,2
2,4,10,1,2019.816,1 2,East,2,2,2
2,4,10,2,2020.379,1 2,East,2,2,3
2,4,10,3,2020.89,1 2,South,2,2,3
2,4,10,2,2021.492,2 2,South,2,2,3
2,4,10,1,2022.122,2 2,East,2,2,3
2,4,10,2,2023.017,2 3,East,2,2,3
2,4,10,1,2023.639,2 3,North,2,2,3
2,4,10,2,2024.182,1 3,North,2,2,3
2,4,10,3,2024.757,1 3,East,2,2,3
2,4,10,2,2025.331,1 4,East,2,2,3
2,4,10,3,2025.944,1 4,South,2,2,3
2,4,10,2,2026.568,2 4,South,2,2,3
2,4,10,2,2027.172,3 4,South,2,2,3
2,4,10,2,2027.733,4 4,South,2,2,3
2,4,10,3,2028.338,4 4,West,2,2,3
2,4,10,2,2028.906,4 3,West,2,2,3
2,4,10,2,2029.469,4 2,West,2,2,3
2,4,10,3,2030.131,4 2,North,2,2,3
2,4,10,2,2031.176,3 2,North,2,2,3
2,4,10,1,2031.786,3 2,West,2,2,3
2,4,10,2,2032.387,3 1,West,2,2,3
2,4,10,3,2032.964,3 1,North,2,2,3
2,4,10,2,2033.576,2 1,North,2,2,3
2,4,10,2,2034.17,1 1,North,2,2,3
2,4,10,1,2034.791,1 1,West,2,2,3
2,4,10,2,2035.386,1 0,West,2,2,3
2,4,10,6,2035.8,1 0,West,2,3,3
2,4,10,1,2035.955,1 0,South,2,3,3
2,4,10,1,2036.53,1 0,East,2,3,3
2,4,10,2,2037.159,1 1,East,2,3,3
2,4,10,3,2037.877,1 1,South,2,3,3
2,4,10,2,2038.411,2 1,South,2,3,3
2,4,10,2,2039.316,3 1,South,2,3,3
2,4,10,1,2039.882,3 1,East,2,3,3
2,4,10,2,2040.439,3 2,East,2,3,3
2,4,10,3,2041.004,3 2,South,2,3,3
2,4,10,2,2041.635,4 2,South,2,3,3
2,4,10,1,2042.171,4 2,East,2,3,3
2,4,10,2,2042.741,4 3,East,2,3,3
2,4,10,2,2043.274,4 4,East,2,3,3
2,4,10,1,2043.812,4 4,North,2,3,3
2,4,10,2,2044.371,3 4,North,2,3,3
2,4,10,2,2044.939,2 4,North,2,3,3
2,4,10,2,2045.449,1 4,North,2,3,3
2,4,10,1,2046.028,1 4,West,2,3,3
2,4,10,2,2046.698,1 3,West,2,3,3
2,4,10,3,2047.3,1 3,North,2,3,3
2,4,10,2,2048.218,1 3,North,2,3,4
2,4,10,1,2048.681,1 3,West,2,3,4
2,4,10,2,2050.154,1 3,West,2,3,5
2,4,10,1,2050.645,1 3,South,2,3,5
2,4,10,2,2051.221,2 3,South,2,3,5
2,4,10,3,2051.814,2 3,West,2,3,5
2,4,10,2,2052.386,2 2,West,2,3,5
2,4,10,3,2052.989,2 2,North,2,3,5
2,4,10,2,2053.572,1 2,North,2,3,5
2,4,10,2,2054.119,0 2,North,2,3,5
2,4,10,1,2055.111,0 2,West,2,3,5
2,4,10,2,2055.738,0 1,West,2,3,5
2,4,10,6,2056.14,0 1,West,2,4,5
2,4,10,1,2056.341,0 1,South,2,4,5
2,4,10,1,2056.907,0 1,East,2,4,5
2,4,10,2,2057.498,0 2,East,2,4,5
2,4,10,3,2058.507,0 2,South,2,4,5
2,4,10,2,2059.052,1 2,South,2,4,5
2,4,10,1,2060.489,1 2,East,2,4,5
2,4,10,2,2061.092,1 2,East,2,4,6
2,4,10,3,2061.447,1 2,South,2,4,6
2,4,10,2,2062.059,2 2,South,2,4,6
2,4,10,1,2062.601,2 2,East,2,4,6
2,4,10,2,2063.444,2 3,East,2,4,6
2,4,10,1,2064.023,2 3,North,2,4,6
2,4,10,2,2064.537,1 3,North,2,4,6
2,4,10,2,2065.066,1 3,North,2,4,7
2,4,10,3,2065.608,1 3,East,2,4,7
2,4,10,2,2066.331,1 4,East,2,4,7
2,4,10,3,2067.219,1 4,South,2,4,7
2,4,10,2,2067.779,2 4,South,2,4,7
2,4,10,2,2068.396,3 4,South,2,4,7
2,4,10,2,2068.986,4 4,South,2,4,7
2,4,10,3,2069.563,4 4,West,2,4,7
2,4,10,2,2070.133,4 3,West,2,4,7
2,4,10,2,2070.73,4 2,West,2,4,7
2,4,10,3,2071.385,4 2,North,2,4,7
2,4,10,2,2071.986,3 2,North,2,4,7
2,4,10,1,2072.547,3 2,West,2,4,7
2,4,10,2,2073.509,3 1,West,2,4,7
2,4,10,3,2074.662,3 1,North,2,4,7
2,4,10,2,2075.22,2 1,North,2,4,7
2,4,10,2,2075.859,1 1,North,2,4,7
2,4,10,1,2076.54,1 1,West,2,4,7
2,4,10,2,2077.13,1 0,West,2,4,7
2,4,10,1,2077.684,1 0,South,2,4,7
2,4,10,2,2078.357,2 0,South,2,4,7
2,4,10,2,2079.225,3 0,South,2,4,7
2,4,10,2,2079.849,4 0,South,2,4,7
2,4,10,6,2080.24,4 0,South,2,5,7
2,4,10,3,2080.478,4 0,West,2,5,7
2,4,10,3,2081.031,4 0,North,2,5,7
2,4,10,2,2081.621,3 0,North,2,5,7
2,4,10,3,2082.281,3 0,East,2,5,7
2,4,10,1,2083.163,3 0,North,2,5,7
2,4,10,2,2083.753,2 0,North,2,5,7
2,4,10,3,2084.364,2 0,East,2,5,7
2,4,10,2,2084.947,2 0,East,2,5,8
2,4,10,3,2085.482,2 0,South,2,5,8
2,4,10,2,2086.038,3 0,South,2,5,8
2,4,10,1,2086.743,3 0,East,2,5,8
2,4,10,2,2087.382,3 0,East,2,5,9
2,4,10,1,2087.881,3 0,North,2,5,9
2,4,10,2,2089.128,2 0,North,2,5,9
2,4,10,2,2089.831,1 0,North,2,5,9
2,4,10,3,2090.45,1 0,East,2,5,9
2,4,10,2,2091.045,1 1,East,2,5,9
2,4,10,3,2091.625,1 1,South,2,5,9
2,4,10,2,2092.236,2 1,South,2,5,9
2,4,10,2,2093.142,3 1,South,2,5,9
2,4,10,6,2093.52,3 1,South,2,6,9
2,4,10,1,2093.828,3 1,East,2,6,9
2,4,10,1,2094.631,3 1,North,2,6,9
2,4,10,2,2095.479,2 1,North,2,6,9
2,4,10,1,2096.102,2 1,West,2,6,9
2,4,10,3,2096.613,2 1,North,2,6,9
2,4,10,2,2097.285,1 1,North,2,6,9
2,4,10,1,2097.795,1 1,West,2,6,9
2,4,10,2,2098.392,1 0,West,2,6,9
2,4,10,1,2098.947,1 0,South,2,6,9
2,4,10,2,2099.574,2 0,South,2,6,9
2,4,10,6,2099.96,2 0,South,2,7,9
2,4,10,3,2100.31,2 0,West,2,7,9
2,4,10,3,2100.876,2 0,North,2,7,9
2,4,10,2,2101.482,1 0,North,2,7,9
2,4,10,3,2102.005,1 0,East,2,7,9
2,4,10,2,2102.579,1 1,East,2,7,9
2,4,10,3,2103.141,1 1,South,2,7,9
2,4,10,2,2103.686,2 1,South,2,7,9
2,4,10,2,2104.278,3 1,South,2,7,9
2,4,10,1,2104.93,3 1,East,2,7,9
2,4,10,2,2105.476,3 2,East,2,7,9
2,4,10,3,2106.259,3 2,South,2,7,9
2,4,10,2,2107.08,4 2,South,2,7,9
2,4,10,1,2107.605,4 2,East,2,7,9
2,4,10,2,2108.234,4 3,East,2,7,9
2,4,10,1,2108.853,4 3,North,2,7,9
2,4,10,2,2109.429,4 3,North,2,7,10
2,4,10,3,2109.907,4 3,East,2,7,10
2,4,10,2,2110.491,4 4,East,2,7,10
2,4,10,1,2111.059,4 4,North,2,7,10
2,4,10,2,2111.688,3 4,North,2,7,10
2,4,10,1,2112.234,3 4,West,2,7,10
2,4,10,2,2112.873,3 4,West,2,7,11
2,4,10,3,2113.208,3 4,North,2,7,11
2,4,10,2,2113.755,2 4,North,2,7,11
2,4,10,2,2114.323,1 4,North,2,7,11
2,4,10,1,2114.884,1 4,West,2,7,11
2,4,10,2,2115.477,1 3,West,2,7,11
2,4,10,1,2116.021,1 3,South,2,7,11
2,4,10,2,2116.562,2 3,South,2,7,11
2,4,10,2,2117.128,2 3,South,2,7,12
2,4,10,3,2117.524,2 3,West,2,7,12
2,4,10,2,2118.119,2 2,West,2,7,12
2,4,10,3,2118.919,2 2,North,2,7,12
2,4,10,3,2119.541,2 2,East,2,7,12
2,4,10,2,2120.123,2 3,East,2,7,12
2,4,10,1,2120.678,2 3,North,2,7,12
2,4,10,2,2121.242,1 3,North,2,7,12
2,4,10,3,2121.798,1 3,East,2,7,12
2,4,10,2,2122.346,1 4,East,2,7,12
2,4,10,3,2123.317,1 4,South,2,7,12
2,4,10,2,2123.989,2 4,South,2,7,12
2,4,10,2,2124.548,3 4,South,2,7,12
2,4,10,3,2125.291,3 4,West,2,7,12
2,4,10,2,2125.893,3 4,West,2,7,13
2,4,10,1,2126.2,3 4,South,2,7,13
2,4,10,2,2126.779,4 4,South,2,7,13
2,4,10,3,2127.298,4 4,West,2,7,13
2,4,10,2,2127.875,4 3,West,2,7,13
2,4,10,2,2128.471,4 2,West,2,7,13
2,4,10,3,2129.067,4 2,North,2,7,13
2,4,10,2,2129.64,3 2,North,2,7,13
2,4,10,3,2130.615,3 2,East,2,7,13
2,4,10,2,2131.206,3 3,East,2,7,13
2,4,10,6,2131.62,3 3,East,2,8,13
1,4,11,2,2135.705,3 4,North,2,0,13
1,4,11,2,2136.679,2 4,North,2,0,13
1,4,11,2,2137.257,1 4,North,2,0,13
1,4,11,1,2137.883,1 3,North,2,0,13
1,4,11,4,2138.423,2 3,North,2,0,13
1,4,11,6,2138.78,2 3,North,2,1,13
1,4,11,2,2139.253,1 3,North,2,1,13
1,4,11,3,2139.912,1 4,North,2,1,13
1,4,11,4,2140.489,2 4,North,2,1,13
1,4,11,4,2141.509,3 4,North,2,1,13
1,4,11,4,2142.066,4 4,North,2,1,13
1,4,11,1,2142.68,4 3,North,2,1,13
1,4,11,1,2143.26,4 2,North,2,1,13
1,4,11,2,2143.844,3 2,North,2,1,13
1,4,11,1,2144.376,3 1,North,2,1,13
1,4,11,2,2144.907,2 1,North,2,1,13
1,4,11,2,2145.43,1 1,North,2,1,13
1,4,11,1,2145.945,1 0,North,2,1,13
1,4,11,4,2146.549,2 0,North,2,1,13
1,4,11,4,2147.126,3 0,North,2,1,13
1,4,11,6,2147.48,3 0,North,2,2,13
1,4,11,2,2147.771,2 0,North,2,2,13
1,4,11,2,2148.298,1 0,North,2,2,13
1,4,11,3,2148.811,1 1,North,2,2,13
1,4,11,4,2149.369,2 1,North,2,2,13
1,4,11,4,2150.33,3 1,North,2,2,13
1,4,11,3,2150.918,3 2,North,2,2,13
1,4,11,4,2151.433,4 2,North,2,2,13
1,4,11,6,2151.78,4 2,North,2,3,13
1,4,11,3,2151.977,4 3,North,2,3,13
1,4,11,3,2152.548,4 4,North,2,3,13
1,4,11,1,2153.064,4 3,North,2,3,13
1,4,11,1,2153.624,4 2,North,2,3,13
1,4,11,2,2154.183,3 2,North,2,3,13
1,4,11,1,2154.807,3 1,North,2,3,13
1,4,11,6,2155.2,3 1,North,2,4,13
1,4,11,3,2155.558,3 2,North,2,4,13
1,4,11,4,2156.073,4 2,North,2,4,13
1,4,11,3,2156.594,4 3,North,2,4,13
1,4,11,3,2157.155,4 4,North,2,4,13
1,4,11,2,2157.7,3 4,North,2,4,13
1,4,11,6,2158.08,3 4,North,2,5,13
1,4,11,2,2158.418,2 4,North,2,5,13
1,4,11,4,2158.951,3 4,North,2,5,13
1,4,11,4,2159.481,4 4,North,2,5,13
1,4,11,1,2160.073,4 3,North,2,5,13
1,4,11,1,2161.049,4 2,North,2,5,13
1,4,11,2,2161.574,3 2,North,2,5,13
1,4,11,1,2162.146,3 1,North,2,5,13
1,4,11,2,2162.664,2 1,North,2,5,13
1,4,11,2,2163.206,1 1,North,2,5,13
1,4,11,6,2163.58,1 1,North,2,6,13
1,4,11,4,2163.731,2 1,North,2,6,13
1,4,11,4,2164.627,3 1,North,2,6,13
1,4,11,3,2165.208,3 2,North,2,6,13
1,4,11,3,2165.75,3 3,North,2,6,13
1,4,11,6,2166.14,3 3,North,2,7,13
1,4,11,1,2166.516,3 2,North,2,7,13
1,4,11,1,2167.033,3 1,North,2,7,13
1,4,11,2,2167.879,2 1,North,2,7,13
1,4,11,2,2168.404,1 1,North,2,7,13
1,4,11,1,2169.031,1 0,North,2,7,13
1,4,11,4,2169.549,2 0,North,2,7,13
1,4,11,4,2170.059,3 0,North,2,7,13
1,4,11,4,2170.882,4 0,North,2,7,13
1,4,11,3,2171.594,4 1,North,2,7,13
1,4,11,6,2172,4 1,North,2,8,13
2,4,11,1,2175.607,4 4,West,2,0,0
2,4,11,2,2177.067,4 3,West,2,0,0
2,4,11,2,2178.214,4 2,West,2,0,0
2,4,11,3,2178.84,4 2,North,2,0,0
2,4,11,2,2179.451,3 2,North,2,0,0
2,4,11,1,2180.092,3 2,West,2,0,0
2,4,11,2,2180.666,3 1,West,2,0,0
2,4,11,6,2181.08,3 1,West,2,1,0
2,4,11,3,2181.416,3 1,North,2,1,0
2,4,11,3,2182.01,3 1,East,2,1,0
2,4,11,2,2182.663,3 2,East,2,1,0
2,4,11,3,2183.258,3 2,South,2,1,0
2,4,11,2,2183.874,4 2,South,2,1,0
2,4,11,6,2184.26,4 2,South,2,2,0
2,4,11,1,2184.412,4 2,East,2,2,0
2,4,11,1,2184.97,4 2,North,2,2,0
2,4,11,3,2185.763,4 2,East,2,2,0
2,4,11,1,2186.58,4 2,North,2,2,0
2,4,11,3,2187.219,4 2,East,2,2,0
2,4,11,2,2187.812,4 3,East,2,2,0
2,4,11,2,2188.325,4 4,East,2,2,0
2,4,11,1,2189.299,4 4,North,2,2,0
2,4,11,2,2189.86,3 4,North,2,2,0
2,4,11,2,2190.39,2 4,North,2,2,0
2,4,11,2,2190.969,1 4,North,2,2,0
2,4,11,1,2191.88,1 4,West,2,2,0
2,4,11,2,2192.468,1 3,West,2,2,0
2,4,11,1,2193.076,1 3,South,2,2,0
2,4,11,2,2193.651,2 3,South,2,2,0
2,4,11,6,2194.02,2 3,South,2,3,0
2,4,11,3,2194.377,2 3,West,2,3,0
2,4,11,1,2195.477,2 3,South,2,3,0
2,4,11,3,2198.246,2 3,West,2,3,0
2,4,11,3,2198.772,2 3,North,2,3,0
2,4,11,2,2199.309,1 3,North,2,3,0
2,4,11,3,2200.164,1 3,East,2,3,0
2,4,11,2,2200.677,1 4,East,2,3,0
2,4,11,3,2201.499,1 4,South,2,3,0
2,4,11,2,2202.035,2 4,South,2,3,0
2,4,11,2,2202.566,3 4,South,2,3,0
2,4,11,2,2203.562,4 4,South,2,3,0
2,4,11,3,2204.169,4 4,West,2,3,0
2,4,11,2,2204.791,4 3,West,2,3,0
2,4,11,2,2205.351,4 2,West,2,3,0
2,4,11,3,2206.007,4 2,North,2,3,0
2,4,11,2,2206.599,3 2,North,2,3,0
2,4,11,1,2207.194,3 2,West,2,3,0
2,4,11,2,2207.883,3 1,West,2,3,0
2,4,11,3,2208.483,3 1,North,2,3,0
2,4,11,2,2209.164,2 1,North,2,3,0
2,4,11,2,2209.717,1 1,North,2,3,0
2,4,11,1,2210.44,1 1,West,2,3,0
2,4,11,2,2211.048,1 0,West,2,3,0
2,4,11,1,2211.573,1 0,South,2,3,0
2,4,11,2,2212.179,2 0,South,2,3,0
2,4,11,2,2212.699,3 0,South,2,3,0
2,4,11,2,2213.223,4 0,South,2,3,0
2,4,11,1,2213.75,4 0,East,2,3,0
2,4,11,2,2214.31,4 1,East,2,3,0
2,4,11,6,2214.72,4 1,East,2,4,0
2,4,11,1,2215.239,4 1,North,2,4,0
2,4,11,1,2215.815,4 1,West,2,4,0
2,4,11,2,2216.422,4 0,West,2,4,0
2,4,11,3,2216.999,4 0,North,2,4,0
2,4,11,2,2217.605,3 0,North,2,4,0
2,4,11,2,2218.18,2 0,North,2,4,0
2,4,11,2,2219.16,1 0,North,2,4,0
2,4,11,3,2219.722,1 0,East,2,4,0
2,4,11,2,2220.325,1 1,East,2,4,0
2,4,11,3,2220.899,1 1,South,2,4,0
2,4,11,2,2221.495,2 1,South,2,4,0
2,4,11,2,2222.133,3 1,South,2,4,0
2,4,11,1,2222.758,3 1,East,2,4,0
2,4,11,2,2223.332,3 2,East,2,4,0
2,4,11,3,2223.876,3 2,South,2,4,0
2,4,11,2,2224.418,4 2,South,2,4,0
2,4,11,1,2224.972,4 2,East,2,4,0
2,4,11,2,2225.523,4 3,East,2,4,0
2,4,11,2,2226.066,4 4,East,2,4,0
2,4,11,1,2226.614,4 4,North,2,4,0
2,4,11,2,2227.511,3 4,North,2,4,0
2,4,11,2,2228.037,2 4,North,2,4,0
2,4,11,6,2228.42,2 4,North,2,5,0
2,4,11,2,2229.69,1 4,North,2,5,0
2,4,11,1,2230.261,1 4,West,2,5,0
2,4,11,2,2230.841,1 3,West,2,5,0
2,4,11,1,2231.419,1 3,South,2,5,0
2,4,11,2,2232.021,2 3,South,2,5,0
2,4,11,3,2232.632,2 3,West,2,5,0
2,4,11,2,2233.196,2 2,West,2,5,0
2,4,11,3,2233.779,2 2,North,2,5,0
2,4,11,2,2234.356,1 2,North,2,5,0
2,4,11,2,2234.902,0 2,North,2,5,0
2,4,11,6,2235.28,0 2,North,2,6,0
2,4,11,1,2235.43,0 2,West,2,6,0
2,4,11,1,2236.021,0 2,South,2,6,0
2,4,11,3,2236.691,0 2,West,2,6,0
2,4,11,2,2237.336,0 1,West,2,6,0
2,4,11,1,2237.909,0 1,South,2,6,0
2,4,11,1,2239.097,0 1,East,2,6,0
2,4,11,2,2239.692,0 2,East,2,6,0
2,4,11,3,2240.263,0 2,South,2,6,0
2,4,11,2,2240.853,1 2,South,2,6,0
2,4,11,1,2241.765,1 2,East,2,6,0
2,4,11,2,2242.471,1 2,East,2,6,1
2,4,11,3,2242.856,1 2,South,2,6,1
2,4,11,2,2243.48,2 2,South,2,6,1
2,4,11,1,2244.005,2 2,East,2,6,1
2,4,11,2,2244.567,2 3,East,2,6,1
2,4,11,1,2245.238,2 3,North,2,6,1
2,4,11,2,2245.801,1 3,North,2,6,1
2,4,11,3,2246.34,1 3,East,2,6,1
2,4,11,2,2246.918,1 4,East,2,6,1
2,4,11,3,2247.482,1 4,South,2,6,1
2,4,11,2,2248.038,2 4,South,2,6,1
2,4,11,2,2248.931,3 4,South,2,6,1
2,4,11,2,2249.513,4 4,South,2,6,1
2,4,11,3,2250.1,4 4,West,2,6,1
2,4,11,2,2250.698,4 3,West,2,6,1
2,4,11,2,2251.227,4 2,West,2,6,1
2,4,11,3,2251.859,4 2,North,2,6,1
2,4,11,2,2252.406,3 2,North,2,6,1
2,4,11,1,2252.949,3 2,West,2,6,1
2,4,11,2,2253.492,3 1,West,2,6,1
2,4,11,3,2254.053,3 1,North,2,6,1
2,4,11,2,2254.583,2 1,North,2,6,1
2,4,11,2,2255.139,1 1,North,2,6,1
2,4,11,6,2255.52,1 1,North,2,7,1
2,4,11,1,2255.699,1 1,West,2,7,1
2,4,11,1,2256.293,1 1,South,2,7,1
2,4,11,2,2256.804,2 1,South,2,7,1
2,4,11,2,2257.357,3 1,South,2,7,1
2,4,11,1,2257.941,3 1,East,2,7,1
2,4,11,2,2258.453,3 2,East,2,7,1
2,4,11,6,2258.86,3 2,East,2,8,1
1,4,12,1,2263.193,4 3,North,2,0,1
1,4,12,1,2264.198,4 2,North,2,0,1
1,4,12,2,2264.841,3 2,North,2,0,1
1,4,12,6,2265.24,3 2,North,2,1,1
1,4,12,4,2265.448,4 2,North,2,1,1
1,4,12,3,2266.293,4 3,North,2,1,1
1,4,12,3,2267.174,4 4,North,2,1,1
1,4,12,2,2267.753,3 4,North,2,1,1
1,4,12,2,2268.277,2 4,North,2,1,1
1,4,12,2,2268.791,1 4,North,2,1,1
1,4,12,6,2269.16,1 4,North,2,2,1
1,4,12,4,2269.334,2 4,North,2,2,1
1,4,12,4,2270.183,3 4,North,2,2,1
1,4,12,4,2270.725,4 4,North,2,2,1
1,4,12,1,2271.348,4 3,North,2,2,1
1,4,12,6,2271.76,4 3,North,2,3,1
1,4,12,1,2272.103,4 2,North,2,3,1
1,4,12,2,2273.013,3 2,North,2,3,1
1,4,12,1,2273.618,3 1,North,2,3,1
1,4,12,2,2274.187,2 1,North,2,3,1
1,4,12,2,2274.731,1 1,North,2,3,1
1,4,12,1,2275.593,1 0,North,2,3,1
1,4,12,4,2276.199,2 0,North,2,3,1
1,4,12,6,2276.56,2 0,North,2,4,1
1,4,12,2,2276.771,1 0,North,2,4,1
1,4,12,3,2277.335,1 1,North,2,4,1
1,4,12,4,2277.859,2 1,North,2,4,1
1,4,12,4,2278.404,3 1,North,2,4,1
1,4,12,3,2278.917,3 2,North,2,4,1
1,4,12,4,2279.45,4 2,North,2,4,1
1,4,12,3,2280.008,4 3,North,2,4,1
1,4,12,3,2280.522,4 4,North,2,4,1
1,4,12,2,2281.064,3 4,North,2,4,1
1,4,12,2,2281.591,2 4,North,2,4,1
1,4,12,2,2282.124,1 4,North,2,4,1
1,4,12,1,2282.666,1 3,North,2,4,1
1,4,12,4,2283.667,2 3,North,2,4,1
1,4,12,1,2284.213,2 2,North,2,4,1
1,4,12,2,2284.763,1 2,North,2,4,1
1,4,12,6,2285.14,1 2,North,2,5,1
1,4,12,4,2285.305,2 2,North,2,5,1
1,4,12,3,2285.849,2 3,North,2,5,1
1,4,12,2,2286.359,1 3,North,2,5,1
1,4,12,3,2287.195,1 4,North,2,5,1
1,4,12,4,2287.846,2 4,North,2,5,1
1,4,12,6,2288.2,2 4,North,2,6,1
1,4,12,2,2288.634,1 4,North,2,6,1
1,4,12,1,2289.221,1 3,North,2,6,1
1,4,12,6,2289.62,1 3,North,2,7,1
1,4,12,3,2289.796,1 4,North,2,7,1
1,4,12,1,2290.355,1 3,North,2,7,1
1,4,12,4,2290.984,2 3,North,2,7,1
1,4,12,1,2291.831,2 2,North,2,7,1
1,4,12,2,2292.428,1 2,North,2,7,1
1,4,12,2,2293.031,0 2,North,2,7,1
1,4,12,6,2293.42,0 2,North,2,8,1
2,4,12,1,2296.822,4 4,West,2,0,0
2,4,12,2,2297.657,4 3,West,2,0,0
2,4,12,2,2298.217,4 2,West,2,0,0
2,4,12,3,2298.792,4 2,North,2,0,0
2,4,12,2,2299.319,3 2,North,2,0,0
2,4,12,1,2299.909,3 2,West,2,0,0
2,4,12,2,2300.454,3 1,West,2,0,0
2,4,12,3,2301.059,3 1,North,2,0,0
2,4,12,2,2301.603,2 1,North,2,0,0
2,4,12,2,2302.183,1 1,North,2,0,0
2,4,12,1,2302.741,1 1,West,2,0,0
2,4,12,2,2303.288,1 0,West,2,0,0
2,4,12,1,2303.834,1 0,South,2,0,0
2,4,12,2,2304.405,2 0,South,2,0,0
2,4,12,6,2304.78,2 0,South,2,1,0
2,4,12,3,2304.947,2 0,West,2,1,0
2,4,12,3,2305.541,2 0,North,2,1,0
2,4,12,2,2306.117,1 0,North,2,1,0
2,4,12,3,2306.708,1 0,East,2,1,0
2,4,12,2,2307.226,1 1,East,2,1,0
2,4,12,3,2307.77,1 1,South,2,1,0
2,4,12,2,2308.347,2 1,South,2,1,0
2,4,12,2,2308.892,3 1,South,2,1,0
2,4,12,1,2309.431,3 1,East,2,1,0
2,4,12,2,2309.988,3 2,East,2,1,0
2,4,12,3,2310.953,3 2,South,2,1,0
2,4,12,2,2311.514,4 2,South,2,1,0
2,4,12,1,2312.585,4 2,East,2,1,0
2,4,12,2,2313.173,4 3,East,2,1,0
2,4,12,2,2313.783,4 4,East,2,1,0
2,4,12,1,2314.379,4 4,North,2,1,0
2,4,12,2,2314.92,3 4,North,2,1,0
2,4,12,2,2315.46,2 4,North,2,1,0
2,4,12,2,2316.067,1 4,North,2,1,0
2,4,12,1,2316.647,1 4,West,2,1,0
2,4,12,2,2317.193,1 3,West,2,1,0
2,4,12,1,2317.795,1 3,South,2,1,0
2,4,12,2,2318.406,2 3,South,2,1,0
2,4,12,3,2318.984,2 3,West,2,1,0
2,4,12,2,2319.526,2 2,West,2,1,0
2,4,12,3,2320.052,2 2,North,2,1,0
2,4,12,2,2320.596,1 2,North,2,1,0
2,4,12,6,2320.98,1 2,North,2,2,0
2,4,12,1,2321.143,1 2,West,2,2,0
2,4,12,1,2321.699,1 2,South,2,2,0
2,4,12,2,2322.244,2 2,South,2,2,0
2,4,12,1,2322.789,2 2,East,2,2,0
2,4,12,2,2323.314,2 3,East,2,2,0
2,4,12,1,2323.909,2 3,North,2,2,0
2,4,12,2,2324.457,1 3,North,2,2,0
2,4,12,3,2325.111,1 3,East,2,2,0
2,4,12,2,2325.651,1 4,East,2,2,0
2,4,12,3,2326.546,1 4,South,2,2,0
2,4,12,2,2327.098,2 4,South,2,2,0
2,4,12,6,2327.48,2 4,South,2,3,0
2,4,12,3,2327.718,2 4,West,2,3,0
2,4,12,1,2328.524,2 4,South,2,3,0
2,4,12,2,2329.147,3 4,South,2,3,0
2,4,12,2,2329.688,4 4,South,2,3,0
2,4,12,3,2330.246,4 4,West,2,3,0
2,4,12,2,2330.884,4 3,West,2,3,0
2,4,12,2,2331.483,4 2,West,2,3,0
2,4,12,3,2332.012,4 2,North,2,3,0
2,4,12,2,2332.585,3 2,North,2,3,0
2,4,12,1,2333.319,3 2,West,2,3,0
2,4,12,2,2333.833,3 1,West,2,3,0
2,4,12,3,2334.364,3 1,North,2,3,0
2,4,12,2,2335.368,2 1,North,2,3,0
2,4,12,2,2335.978,1 1,North,2,3,0
2,4,12,1,2336.604,1 1,West,2,3,0
2,4,12,2,2337.192,1 0,West,2,3,0
2,4,12,1,2337.736,1 0,South,2,3,0
2,4,12,2,2338.739,2 0,South,2,3,0
2,4,12,2,2339.306,3 0,South,2,3,0
2,4,12,6,2339.68,3 0,South,2,4,0
2,4,12,3,2339.867,3 0,West,2,4,0
2,4,12,3,2340.423,3 0,North,2,4,0
2,4,12,2,2341.002,2 0,North,2,4,0
2,4,12,2,2341.78,1 0,North,2,4,0
2,4,12,3,2342.39,1 0,East,2,4,0
2,4,12,2,2342.956,1 1,East,2,4,0
2,4,12,3,2343.508,1 1,South,2,4,0
2,4,12,2,2344.025,2 1,South,2,4,0
2,4,12,2,2344.579,3 1,South,2,4,0
2,4,12,1,2345.156,3 1,East,2,4,0
2,4,12,2,2345.731,3 2,East,2,4,0
2,4,12,3,2346.295,3 2,South,2,4,0
2,4,12,2,2346.842,4 2,South,2,4,0
2,4,12,1,2347.913,4 2,East,2,4,0
2,4,12,2,2348.531,4 3,East,2,4,0
2,4,12,2,2349.092,4 4,East,2,4,0
2,4,12,1,2349.687,4 4,North,2,4,0
2,4,12,2,2350.26,3 4,North,2,4,0
2,4,12,2,2350.836,2 4,North,2,4,0
2,4,12,2,2351.652,1 4,North,2,4,0
2,4,12,6,2352.04,1 4,North,2,5,0
2,4,12,1,2352.243,1 4,West,2,5,0
2,4,12,1,2352.885,1 4,South,2,5,0
2,4,12,2,2353.562,2 4,South,2,5,0
2,4,12,2,2354.146,3 4,South,2,5,0
2,4,12,2,2354.726,4 4,South,2,5,0
2,4,12,3,2355.352,4 4,West,2,5,0
2,4,12,2,2355.931,4 3,West,2,5,0
2,4,12,6,2356.34,4 3,West,2,6,0
2,4,12,3,2356.637,4 3,North,2,6,0
2,4,12,3,2357.412,4 3,East,2,6,0
2,4,12,2,2358.039,4 4,East,2,6,0
2,4,12,1,2358.648,4 4,North,2,6,0
2,4,12,2,2359.219,3 4,North,2,6,0
2,4,12,6,2359.6,3 4,North,2,7,0
2,4,12,1,2359.867,3 4,West,2,7,0
2,4,12,3,2360.535,3 4,North,2,7,0
2,4,12,2,2361.672,2 4,North,2,7,0
2,4,12,2,2362.211,1 4,North,2,7,0
2,4,12,2,2362.743,0 4,North,2,7,0
2,4,12,6,2363.12,0 4,North,2,8,0
1,5,13,1,2463.444,4 3,North,3,0,0
1,5,13,1,2463.96,4 2,North,3,0,0
1,5,13,2,2464.612,3 2,North,3,0,0
1,5,13,1,2467.349,3 1,North,3,0,0
1,5,13,1,2467.908,3 0,North,3,0,0
1,5,13,6,2468.32,3 0,North,3,1,0
1,5,13,3,2468.763,3 1,North,3,1,0
1,5,13,3,2469.323,3 2,North,3,1,0
1,5,13,4,2469.909,4 2,North,3,1,0
1,5,13,3,2475.228,4 3,North,3,1,0
1,5,13,3,2476.181,4 4,North,3,1,0
1,5,13,2,2476.805,3 4,North,3,1,0
1,5,13,1,2477.353,3 3,North,3,1,0
1,5,13,2,2477.893,2 3,North,3,1,0
1,5,13,2,2478.455,1 3,North,3,1,0
1,5,13,2,2479.052,0 3,North,3,1,0
1,5,13,3,2479.667,0 4,North,3,1,0
1,5,13,4,2480.244,1 4,North,3,1,0
1,5,13,6,2480.6,1 4,North,3,2,0
1,5,13,2,2480.891,0 4,North,3,2,0
1,5,13,1,2481.494,0 3,North,3,2,0
1,5,13,4,2482.089,1 3,North,3,2,0
1,5,13,4,2482.611,2 3,North,3,2,0
1,5,13,4,2483.161,3 3,North,3,2,0
1,5,13,3,2483.784,3 4,North,3,2,0
1,5,13,4,2484.36,4 4,North,3,2,0
1,5,13,1,2493.481,4 3,North,3,2,0
1,5,13,1,2493.993,4 2,North,3,2,0
1,5,13,2,2494.579,3 2,North,3,2,0
1,5,13,1,2495.13,3 1,North,3,2,0
1,5,13,1,2495.651,3 0,North,3,2,0
1,5,13,2,2496.2,2 0,North,3,2,0
1,5,13,2,2496.758,1 0,North,3,2,0
1,5,13,3,2497.331,1 1,North,3,2,0
1,5,13,4,2497.877,2 1,North,3,2,0
1,5,13,6,2498.24,2 1,North,3,3,0
1,5,13,2,2498.759,1 1,North,3,3,0
1,5,13,1,2499.271,1 0,North,3,3,0
1,5,13,4,2499.85,2 0,North,3,3,0
1,5,13,4,2500.361,3 0,North,3,3,0
1,5,13,3,2500.903,3 1,North,3,3,0
1,5,13,3,2501.417,3 2,North,3,3,0
1,5,13,4,2501.96,4 2,North,3,3,0
1,5,13,3,2502.502,4 3,North,3,3,0
1,5,13,3,2503.06,4 4,North,3,3,0
1,5,13,2,2503.673,3 4,North,3,3,0
1,5,13,6,2504.06,3 4,North,3,4,0
1,5,13,4,2504.346,4 4,North,3,4,0
1,5,13,1,2504.859,4 3,North,3,4,0
1,5,13,1,2505.849,4 2,North,3,4,0
1,5,13,2,2506.408,3 2,North,3,4,0
1,5,13,1,2506.996,3 1,North,3,4,0
1,5,13,1,2507.544,3 0,North,3,4,0
1,5,13,2,2508.186,2 0,North,3,4,0
1,5,13,2,2508.758,1 0,North,3,4,0
1,5,13,3,2509.384,1 1,North,3,4,0
1,5,13,4,2509.906,2 1,North,3,4,0
1,5,13,3,2510.418,2 2,North,3,4,0
1,5,13,2,2510.97,1 2,North,3,4,0
1,5,13,6,2511.36,1 2,North,3,5,0
1,5,13,4,2511.589,2 2,North,3,5,0
1,5,13,1,2512.628,2 1,North,3,5,0
1,5,13,2,2513.143,1 1,North,3,5,0
1,5,13,1,2513.721,1 0,North,3,5,0
1,5,13,4,2514.307,2 0,North,3,5,0
1,5,13,4,2515.013,3 0,North,3,5,0
1,5,13,3,2515.572,3 1,North,3,5,0
1,5,13,3,2516.548,3 2,North,3,5,0
1,5,13,4,2517.063,4 2,North,3,5,0
1,5,13,3,2517.603,4 3,North,3,5,0
1,5,13,6,2518,4 3,North,3,6,0
1,5,13,1,2518.364,4 2,North,3,6,0
1,5,13,2,2518.921,3 2,North,3,6,0
1,5,13,6,2519.3,3 2,North,3,7,0
1,5,13,4,2519.703,4 2,North,3,7,0
1,5,13,3,2520.596,4 3,North,3,7,0
1,5,13,3,2521.176,4 4,North,3,7,0
1,5,13,2,2521.775,3 4,North,3,7,0
1,5,13,1,2522.329,3 3,North,3,7,0
1,5,13,2,2522.891,2 3,North,3,7,0
1,5,13,2,2523.57,1 3,North,3,7,0
1,5,13,2,2524.219,0 3,North,3,7,0
1,5,13,3,2524.85,0 4,North,3,7,0
1,5,13,6,2525.26,0 4,North,3,8,0
2,5,13,1,2528.601,4 4,West,3,0,0
2,5,13,2,2530.295,4 3,West,3,0,0
2,5,13,3,2530.932,4 3,North,3,0,0
2,5,13,2,2532.365,4 3,North,3,0,1
2,5,13,1,2532.854,4 3,West,3,0,1
2,5,13,2,2533.606,4 2,West,3,0,1
2,5,13,3,2534.262,4 2,North,3,0,1
2,5,13,2,2534.806,3 2,North,3,0,1
2,5,13,6,2535.18,3 2,North,3,1,1
2,5,13,1,2536.603,3 2,West,3,1,1
2,5,13,2,2537.547,3 1,West,3,1,1
2,5,13,3,2538.152,3 1,North,3,1,1
2,5,13,2,2538.711,3 1,North,3,1,2
2,5,13,3,2539.221,3 1,East,3,1,2
2,5,13,1,2539.75,3 1,North,3,1,2
2,5,13,1,2540.341,3 1,West,3,1,2
2,5,13,2,2541.026,3 0,West,3,1,2
2,5,13,3,2541.573,3 0,North,3,1,2
2,5,13,2,2542.169,2 0,North,3,1,2
2,5,13,3,2542.758,2 0,East,3,1,2
2,5,13,2,2543.275,2 0,East,3,1,3
2,5,13,3,2543.859,2 0,South,3,1,3
2,5,13,1,2544.522,2 0,East,3,1,3
2,5,13,1,2545.191,2 0,North,3,1,3
2,5,13,2,2545.883,1 0,North,3,1,3
2,5,13,3,2546.491,1 0,East,3,1,3
2,5,13,2,2547.124,1 1,East,3,1,3
2,5,13,3,2547.722,1 1,South,3,1,3
2,5,13,2,2548.313,2 1,South,3,1,3
2,5,13,6,2548.68,2 1,South,3,2,3
2,5,13,1,2548.94,2 1,East,3,2,3
2,5,13,1,2549.54,2 1,North,3,2,3
2,5,13,2,2550.083,1 1,North,3,2,3
2,5,13,1,2550.629,1 1,West,3,2,3
2,5,13,2,2551.172,1 0,West,3,2,3
2,5,13,1,2551.747,1 0,South,3,2,3
2,5,13,2,2552.295,2 0,South,3,2,3
2,5,13,2,2552.843,3 0,South,3,2,3
2,5,13,1,2553.434,3 0,East,3,2,3
2,5,13,2,2553.972,3 1,East,3,2,3
2,5,13,2,2554.516,3 2,East,3,2,3
2,5,13,3,2555.091,3 2,South,3,2,3
2,5,13,2,2555.67,4 2,South,3,2,3
2,5,13,1,2556.724,4 2,East,3,2,3
2,5,13,2,2557.256,4 3,East,3,2,3
2,5,13,6,2557.66,4 3,East,3,3,3
2,5,13,1,2557.939,4 3,North,3,3,3
2,5,13,3,2558.92,4 3,East,3,3,3
2,5,13,2,2559.461,4 4,East,3,3,3
2,5,13,1,2560.088,4 4,North,3,3,3
2,5,13,2,2561.338,3 4,North,3,3,3
2,5,13,1,2561.914,3 4,West,3,3,3
2,5,13,2,2562.491,3 3,West,3,3,3
2,5,13,3,2563.092,3 3,North,3,3,3
2,5,13,2,2563.673,2 3,North,3,3,3
2,5,13,2,2564.282,1 3,North,3,3,3
2,5,13,2,2564.811,0 3,North,3,3,3
2,5,13,3,2565.339,0 3,East,3,3,3
2,5,13,2,2565.89,0 4,East,3,3,3
2,5,13,3,2566.456,0 4,South,3,3,3
2,5,13,2,2567.016,1 4,South,3,3,3
2,5,13,6,2567.4,1 4,South,3,4,3
2,5,13,1,2567.608,1 4,East,3,4,3
2,5,13,1,2568.153,1 4,North,3,4,3
2,5,13,2,2569.066,0 4,North,3,4,3
2,5,13,1,2569.635,0 4,West,3,4,3
2,5,13,2,2570.233,0 3,West,3,4,3
2,5,13,6,2570.64,0 3,West,3,5,3
2,5,13,1,2570.775,0 3,South,3,5,3
2,5,13,2,2571.347,1 3,South,3,5,3
2,5,13,2,2572.292,2 3,South,3,5,3
2,5,13,1,2572.81,2 3,East,3,5,3
2,5,13,2,2573.396,2 3,East,3,5,4
2,5,13,1,2573.929,2 3,North,3,5,4
2,5,13,2,2574.486,1 3,North,3,5,4
2,5,13,3,2575.015,1 3,East,3,5,4
2,5,13,2,2575.546,1 3,East,3,5,5
2,5,13,3,2576.003,1 3,South,3,5,5
2,5,13,2,2576.906,2 3,South,3,5,5
2,5,13,2,2577.45,3 3,South,3,5,5
2,5,13,1,2578.057,3 3,East,3,5,5
2,5,13,2,2578.644,3 4,East,3,5,5
2,5,13,3,2579.191,3 4,South,3,5,5
2,5,13,2,2579.784,4 4,South,3,5,5
2,5,13,3,2580.34,4 4,West,3,5,5
2,5,13,2,2580.969,4 3,West,3,5,5
2,5,13,3,2581.603,4 3,North,3,5,5
2,5,13,2,2582.187,4 3,North,3,5,6
2,5,13,1,2582.581,4 3,West,3,5,6
2,5,13,2,2583.258,4 2,West,3,5,6
2,5,13,3,2583.93,4 2,North,3,5,6
2,5,13,2,2584.572,3 2,North,3,5,6
2,5,13,2,2585.527,3 2,North,3,5,7
2,5,13,1,2585.942,3 2,West,3,5,7
2,5,13,2,2586.651,3 1,West,3,5,7
2,5,13,3,2587.798,3 1,North,3,5,7
2,5,13,3,2588.356,3 1,East,3,5,7
2,5,13,2,2588.87,3 2,East,3,5,7
2,5,13,2,2589.399,3 2,East,3,5,8
2,5,13,1,2589.891,3 2,North,3,5,8
2,5,13,1,2590.454,3 2,West,3,5,8
2,5,13,2,2591.079,3 1,West,3,5,8
2,5,13,2,2591.832,3 0,West,3,5,8
2,5,13,3,2592.408,3 0,North,3,5,8
2,5,13,2,2593.065,2 0,North,3,5,8
2,5,13,3,2593.689,2 0,East,3,5,8
2,5,13,2,2594.246,2 0,East,3,5,9
2,5,13,1,2594.771,2 0,North,3,5,9
2,5,13,2,2595.37,1 0,North,3,5,9
2,5,13,3,2595.97,1 0,East,3,5,9
2,5,13,2,2596.546,1 1,East,3,5,9
2,5,13,3,2597.146,1 1,South,3,5,9
2,5,13,2,2597.785,2 1,South,3,5,9
2,5,13,1,2598.342,2 1,East,3,5,9
2,5,13,2,2598.935,2 2,East,3,5,9
2,5,13,6,2599.34,2 2,East,3,6,9
2,5,13,1,2599.49,2 2,North,3,6,9
2,5,13,1,2600.086,2 2,West,3,6,9
2,5,13,2,2600.695,2 1,West,3,6,9
2,5,13,3,2601.282,2 1,North,3,6,9
2,5,13,2,2601.883,1 1,North,3,6,9
2,5,13,1,2602.419,1 1,West,3,6,9
2,5,13,2,2602.985,1 0,West,3,6,9
2,5,13,1,2603.539,1 0,South,3,6,9
2,5,13,2,2604.105,2 0,South,3,6,9
2,5,13,2,2604.713,3 0,South,3,6,9
2,5,13,1,2605.371,3 0,East,3,6,9
2,5,13,2,2605.991,3 1,East,3,6,9
2,5,13,2,2606.554,3 2,East,3,6,9
2,5,13,3,2607.211,3 2,South,3,6,9
2,5,13,2,2607.731,4 2,South,3,6,9
2,5,13,1,2608.634,4 2,East,3,6,9
2,5,13,2,2609.251,4 3,East,3,6,9
2,5,13,1,2610.277,4 3,North,3,6,9
2,5,13,2,2611.224,4 3,North,3,6,10
2,5,13,3,2611.716,4 3,East,3,6,10
2,5,13,2,2612.324,4 4,East,3,6,10
2,5,13,1,2612.883,4 4,North,3,6,10
2,5,13,2,2613.531,3 4,North,3,6,10
2,5,13,6,2613.92,3 4,North,3,7,10
2,5,13,1,2614.235,3 4,West,3,7,10
2,5,13,1,2615.363,3 4,South,3,7,10
2,5,13,3,2616.549,3 4,West,3,7,10
2,5,13,3,2617.132,3 4,North,3,7,10
2,5,13,1,2617.866,3 4,West,3,7,10
2,5,13,1,2618.404,3 4,South,3,7,10
2,5,13,2,2619.001,4 4,South,3,7,10
2,5,13,3,2619.556,4 4,West,3,7,10
2,5,13,2,2620.106,4 3,West,3,7,10
2,5,13,2,2620.682,4 2,West,3,7,10
2,5,13,3,2621.403,4 2,North,3,7,10
2,5,13,2,2621.977,3 2,North,3,7,10
2,5,13,1,2622.712,3 2,West,3,7,10
2,5,13,2,2623.323,3 1,West,3,7,10
2,5,13,2,2623.858,3 0,West,3,7,10
2,5,13,3,2624.548,3 0,North,3,7,10
2,5,13,2,2625.237,2 0,North,3,7,10
2,5,13,2,2626.196,1 0,North,3,7,10
2,5,13,3,2626.841,1 0,East,3,7,10
2,5,13,2,2627.397,1 1,East,3,7,10
2,5,13,3,2628.027,1 1,South,3,7,10
2,5,13,2,2628.612,2 1,South,3,7,10
2,5,13,1,2629.235,2 1,East,3,7,10
2,5,13,2,2629.828,2 2,East,3,7,10
2,5,13,1,2630.41,2 2,North,3,7,10
2,5,13,2,2630.965,1 2,North,3,7,10
2,5,13,6,2631.34,1 2,North,3,8,10
1,5,14,1,2638.853,4 3,North,3,0,10
1,5,14,1,2639.782,4 2,North,3,0,10
1,5,14,1,2640.405,4 1,North,3,0,10
1,5,14,6,2640.82,4 1,North,3,1,10
1,5,14,3,2640.99,4 2,North,3,1,10
1,5,14,2,2641.941,3 2,North,3,1,10
1,5,14,1,2642.71,3 1,North,3,1,10
1,5,14,1,2643.252,3 0,North,3,1,10
1,5,14,2,2643.864,2 0,North,3,1,10
1,5,14,2,2644.419,1 0,North,3,1,10
1,5,14,3,2645.003,1 1,North,3,1,10
1,5,14,4,2645.977,2 1,North,3,1,10
1,5,14,3,2646.563,2 2,North,3,1,10
1,5,14,2,2647.08,1 2,North,3,1,10
1,5,14,2,2647.64,0 2,North,3,1,10
1,5,14,6,2648.02,0 2,North,3,2,10
1,5,14,4,2648.211,1 2,North,3,2,10
1,5,14,4,2648.743,2 2,North,3,2,10
1,5,14,1,2649.268,2 1,North,3,2,10
1,5,14,2,2649.782,1 1,North,3,2,10
1,5,14,1,2650.324,1 0,North,3,2,10
1,5,14,6,2650.72,1 0,North,3,3,10
1,5,14,4,2650.869,2 0,North,3,3,10
1,5,14,2,2651.626,1 0,North,3,3,10
1,5,14,3,2652.249,1 1,North,3,3,10
1,5,14,4,2652.834,2 1,North,3,3,10
1,5,14,3,2653.654,2 2,North,3,3,10
1,5,14,6,2654.06,2 2,North,3,4,10
1,5,14,1,2654.492,2 1,North,3,4,10
1,5,14,2,2655.051,1 1,North,3,4,10
1,5,14,1,2655.637,1 0,North,3,4,10
1,5,14,4,2656.235,2 0,North,3,4,10
1,5,14,4,2656.774,3 0,North,3,4,10
1,5,14,3,2657.363,3 1,North,3,4,10
1,5,14,6,2657.76,3 1,North,3,5,10
1,5,14,3,2658.089,3 2,North,3,5,10
1,5,14,4,2658.632,4 2,North,3,5,10
1,5,14,3,2659.19,4 3,North,3,5,10
1,5,14,3,2659.715,4 4,North,3,5,10
1,5,14,2,2660.31,3 4,North,3,5,10
1,5,14,1,2661.433,3 3,North,3,5,10
1,5,14,2,2662.005,2 3,North,3,5,10
1,5,14,2,2662.553,1 3,North,3,5,10
1,5,14,2,2663.1,0 3,North,3,5,10
1,5,14,3,2663.705,0 4,North,3,5,10
1,5,14,4,2664.266,1 4,North,3,5,10
1,5,14,4,2665.338,2 4,North,3,5,10
1,5,14,6,2665.7,2 4,North,3,6,10
1,5,14,2,2665.96,1 4,North,3,6,10
1,5,14,2,2666.521,0 4,North,3,6,10
1,5,14,1,2667.171,0 3,North,3,6,10
1,5,14,4,2667.732,1 3,North,3,6,10
1,5,14,4,2668.292,2 3,North,3,6,10
1,5,14,4,2668.871,3 3,North,3,6,10
1,5,14,3,2669.412,3 4,North,3,6,10
1,5,14,4,2669.957,4 4,North,3,6,10
1,5,14,1,2670.506,4 3,North,3,6,10
1,5,14,1,2671.443,4 2,North,3,6,10
1,5,14,2,2672.084,3 2,North,3,6,10
1,5,14,1,2672.648,3 1,North,3,6,10
1,5,14,1,2673.272,3 0,North,3,6,10
1,5,14,2,2673.832,2 0,North,3,6,10
1,5,14,2,2674.436,1 0,North,3,6,10
1,5,14,3,2675.1,1 1,North,3,6,10
1,5,14,4,2675.652,2 1,North,3,6,10
1,5,14,3,2676.249,2 2,North,3,6,10
1,5,14,2,2676.827,1 2,North,3,6,10
1,5,14,2,2677.37,0 2,North,3,6,10
1,5,14,1,2678.967,0 1,North,3,6,10
1,5,14,1,2679.491,0 0,North,3,6,10
1,5,14,6,2679.9,0 0,North,3,7,10
1,5,14,3,2680.036,0 1,North,3,7,10
1,5,14,6,2680.44,0 1,North,3,8,10
2,5,14,1,2684.955,4 4,West,3,0,0
2,5,14,3,2686.132,4 4,North,3,0,0
2,5,14,2,2688.216,3 4,North,3,0,0
2,5,14,1,2688.791,3 4,West,3,0,0
2,5,14,1,2689.748,3 4,South,3,0,0
2,5,14,2,2690.423,4 4,South,3,0,0
2,5,14,3,2691.028,4 4,West,3,0,0
2,5,14,2,2691.701,4 3,West,3,0,0
2,5,14,2,2692.309,4 2,West,3,0,0
2,5,14,3,2693.019,4 2,North,3,0,0
2,5,14,2,2693.642,3 2,North,3,0,0
2,5,14,1,2694.184,3 2,West,3,0,0
2,5,14,2,2694.805,3 1,West,3,0,0
2,5,14,2,2695.363,3 0,West,3,0,0
2,5,14,3,2695.948,3 0,North,3,0,0
2,5,14,2,2696.565,2 0,North,3,0,0
2,5,14,2,2697.142,1 0,North,3,0,0
2,5,14,3,2697.734,1 0,East,3,0,0
2,5,14,2,2698.31,1 1,East,3,0,0
2,5,14,3,2698.853,1 1,South,3,0,0
2,5,14,2,2699.475,2 1,South,3,0,0
2,5,14,1,2700.01,2 1,East,3,0,0
2,5,14,2,2700.554,2 2,East,3,0,0
2,5,14,1,2701.1,2 2,North,3,0,0
2,5,14,2,2701.654,1 2,North,3,0,0
2,5,14,2,2702.218,0 2,North,3,0,0
2,5,14,6,2702.6,0 2,North,3,1,0
2,5,14,1,2702.746,0 2,West,3,1,0
2,5,14,1,2703.356,0 2,South,3,1,0
2,5,14,2,2703.923,1 2,South,3,1,0
2,5,14,2,2704.474,2 2,South,3,1,0
2,5,14,3,2705.094,2 2,West,3,1,0
2,5,14,2,2705.653,2 1,West,3,1,0
2,5,14,3,2706.197,2 1,North,3,1,0
2,5,14,2,2706.744,1 1,North,3,1,0
2,5,14,1,2707.33,1 1,West,3,1,0
2,5,14,2,2707.86,1 0,West,3,1,0
2,5,14,1,2708.375,1 0,South,3,1,0
2,5,14,2,2708.955,2 0,South,3,1,0
2,5,14,2,2709.511,3 0,South,3,1,0
2,5,14,1,2710.052,3 0,East,3,1,0
2,5,14,2,2710.599,3 1,East,3,1,0
2,5,14,2,2711.268,3 2,East,3,1,0
2,5,14,3,2712.18,3 2,South,3,1,0
2,5,14,2,2712.691,4 2,South,3,1,0
2,5,14,1,2713.225,4 2,East,3,1,0
2,5,14,2,2713.802,4 3,East,3,1,0
2,5,14,2,2714.354,4 4,East,3,1,0
2,5,14,1,2714.882,4 4,North,3,1,0
2,5,14,2,2715.451,3 4,North,3,1,0
2,5,14,1,2715.99,3 4,West,3,1,0
2,5,14,2,2716.602,3 3,West,3,1,0
2,5,14,3,2717.125,3 3,North,3,1,0
2,5,14,2,2717.688,2 3,North,3,1,0
2,5,14,2,2718.252,1 3,North,3,1,0
2,5,14,2,2719.132,0 3,North,3,1,0
2,5,14,3,2719.656,0 3,East,3,1,0
2,5,14,2,2720.197,0 4,East,3,1,0
2,5,14,3,2721.131,0 4,South,3,1,0
2,5,14,2,2721.786,1 4,South,3,1,0
2,5,14,2,2722.361,2 4,South,3,1,0
2,5,14,6,2722.74,2 4,South,3,2,0
2,5,14,3,2722.905,2 4,West,3,2,0
2,5,14,3,2723.467,2 4,North,3,2,0
2,5,14,2,2724.021,1 4,North,3,2,0
2,5,14,2,2724.553,0 4,North,3,2,0
2,5,14,1,2725.125,0 4,West,3,2,0
2,5,14,2,2725.772,0 3,West,3,2,0
2,5,14,1,2727.363,0 3,South,3,2,0
2,5,14,2,2728.115,1 3,South,3,2,0
2,5,14,2,2729.691,2 3,South,3,2,0
2,5,14,2,2730.397,3 3,South,3,2,0
2,5,14,1,2730.951,3 3,East,3,2,0
2,5,14,2,2731.527,3 4,East,3,2,0
2,5,14,3,2732.13,3 4,South,3,2,0
2,5,14,2,2732.764,4 4,South,3,2,0
2,5,14,3,2733.299,4 4,West,3,2,0
2,5,14,2,2733.864,4 3,West,3,2,0
2,5,14,2,2734.486,4 2,West,3,2,0
2,5,14,3,2735.077,4 2,North,3,2,0
2,5,14,2,2735.704,3 2,North,3,2,0
2,5,14,1,2736.307,3 2,West,3,2,0
2,5,14,2,2736.9,3 1,West,3,2,0
2,5,14,2,2737.531,3 0,West,3,2,0
2,5,14,3,2738.054,3 0,North,3,2,0
2,5,14,2,2738.651,2 0,North,3,2,0
2,5,14,2,2739.208,1 0,North,3,2,0
2,5,14,3,2739.767,1 0,East,3,2,0
2,5,14,2,2740.331,1 1,East,3,2,0
2,5,14,3,2740.932,1 1,South,3,2,0
2,5,14,2,2741.484,2 1,South,3,2,0
2,5,14,1,2742.058,2 1,East,3,2,0
2,5,14,2,2742.649,2 2,East,3,2,0
2,5,14,1,2743.203,2 2,North,3,2,0
2,5,14,2,2743.812,1 2,North,3,2,0
2,5,14,2,2744.357,0 2,North,3,2,0
2,5,14,1,2744.889,0 2,West,3,2,0
2,5,14,2,2745.476,0 1,West,3,2,0
2,5,14,2,2746.037,0 0,West,3,2,0
2,5,14,6,2746.44,0 0,West,3,3,0
2,5,14,3,2746.603,0 0,North,3,3,0
2,5,14,3,2747.186,0 0,East,3,3,0
2,5,14,2,2747.763,0 1,East,3,3,0
2,5,14,2,2748.329,0 2,East,3,3,0
2,5,14,3,2748.875,0 2,South,3,3,0
2,5,14,2,2749.401,1 2,South,3,3,0
2,5,14,2,2750.536,2 2,South,3,3,0
2,5,14,6,2750.92,2 2,South,3,4,0
2,5,14,3,2751.14,2 2,West,3,4,0
2,5,14,2,2752.499,2 1,West,3,4,0
2,5,14,2,2754.217,2 1,West,3,4,1
2,5,14,1,2754.7,2 1,South,3,4,1
2,5,14,2,2755.286,2 1,South,3,4,2
2,5,14,1,2756.086,2 1,East,3,4,2
2,5,14,2,2756.716,2 2,East,3,4,2
2,5,14,1,2758.117,2 2,North,3,4,2
2,5,14,2,2758.709,1 2,North,3,4,2
2,5,14,1,2759.38,1 2,West,3,4,2
2,5,14,2,2760.038,1 2,West,3,4,3
2,5,14,1,2760.517,1 2,South,3,4,3
2,5,14,2,2761.367,2 2,South,3,4,3
2,5,14,3,2761.941,2 2,West,3,4,3
2,5,14,2,2762.634,2 1,West,3,4,3
2,5,14,2,2763.226,2 1,West,3,4,4
2,5,14,1,2763.768,2 1,South,3,4,4
2,5,14,2,2764.499,2 1,South,3,4,5
2,5,14,3,2764.875,2 1,West,3,4,5
2,5,14,3,2765.419,2 1,North,3,4,5
2,5,14,2,2765.956,1 1,North,3,4,5
2,5,14,1,2766.485,1 1,West,3,4,5
2,5,14,2,2767.032,1 0,West,3,4,5
2,5,14,1,2767.577,1 0,South,3,4,5
2,5,14,2,2768.107,2 0,South,3,4,5
2,5,14,2,2768.645,3 0,South,3,4,5
2,5,14,6,2769.02,3 0,South,3,5,5
2,5,14,1,2769.159,3 0,East,3,5,5
2,5,14,1,2769.86,3 0,North,3,5,5
2,5,14,2,2770.503,2 0,North,3,5,5
2,5,14,2,2771.014,1 0,North,3,5,5
2,5,14,3,2771.528,1 0,East,3,5,5
2,5,14,2,2772.054,1 1,East,3,5,5
2,5,14,3,2772.597,1 1,South,3,5,5
2,5,14,2,2773.18,2 1,South,3,5,5
2,5,14,1,2773.733,2 1,East,3,5,5
2,5,14,2,2774.265,2 2,East,3,5,5
2,5,14,1,2774.821,2 2,North,3,5,5
2,5,14,2,2775.365,1 2,North,3,5,5
2,5,14,2,2775.891,0 2,North,3,5,5
2,5,14,1,2776.407,0 2,West,3,5,5
2,5,14,2,2776.967,0 1,West,3,5,5
2,5,14,6,2777.38,0 1,West,3,6,5
2,5,14,3,2777.881,0 1,North,3,6,5
2,5,14,3,2778.905,0 1,East,3,6,5
2,5,14,2,2779.532,0 2,East,3,6,5
2,5,14,3,2780.099,0 2,South,3,6,5
2,5,14,2,2780.652,1 2,South,3,6,5
2,5,14,2,2781.204,2 2,South,3,6,5
2,5,14,3,2781.721,2 2,West,3,6,5
2,5,14,2,2782.274,2 1,West,3,6,5
2,5,14,3,2783.491,2 1,North,3,6,5
2,5,14,2,2785.08,1 1,North,3,6,5
2,5,14,1,2785.625,1 1,West,3,6,5
2,5,14,2,2786.203,1 0,West,3,6,5
2,5,14,1,2786.739,1 0,South,3,6,5
2,5,14,2,2787.673,2 0,South,3,6,5
2,5,14,6,2788.06,2 0,South,3,7,5
2,5,14,1,2788.245,2 0,East,3,7,5
2,5,14,1,2789.716,2 0,North,3,7,5
2,5,14,3,2790.761,2 0,East,3,7,5
2,5,14,3,2791.429,2 0,South,3,7,5
2,5,14,1,2793.253,2 0,East,3,7,5
2,5,14,2,2794.745,2 0,East,3,7,6
2,5,14,3,2795.128,2 0,South,3,7,6
2,5,14,2,2795.733,3 0,South,3,7,6
2,5,14,1,2796.614,3 0,East,3,7,6
2,5,14,3,2797.206,3 0,South,3,7,6
2,5,14,2,2798.249,3 0,South,3,7,7
2,5,14,1,2798.666,3 0,East,3,7,7
2,5,14,2,2799.224,3 1,East,3,7,7
2,5,14,2,2800.31,3 2,East,3,7,7
2,5,14,3,2800.931,3 2,South,3,7,7
2,5,14,2,2801.482,4 2,South,3,7,7
2,5,14,1,2802.308,4 2,East,3,7,7
2,5,14,2,2802.888,4 3,East,3,7,7
2,5,14,2,2803.88,4 4,East,3,7,7
2,5,14,1,2804.489,4 4,North,3,7,7
2,5,14,2,2805.077,3 4,North,3,7,7
2,5,14,2,2805.604,3 4,North,3,7,8
2,5,14,1,2806.203,3 4,West,3,7,8
2,5,14,2,2806.795,3 3,West,3,7,8
2,5,14,3,2807.339,3 3,North,3,7,8
2,5,14,2,2807.929,2 3,North,3,7,8
2,5,14,2,2808.876,1 3,North,3,7,8
2,5,14,2,2809.459,0 3,North,3,7,8
2,5,14,3,2810.051,0 3,East,3,7,8
2,5,14,2,2810.582,0 4,East,3,7,8
2,5,14,6,2811,0 4,East,3,8,8
1,5,15,1,2816.373,4 3,North,3,0,8
1,5,15,1,2817.252,4 2,North,3,0,8
1,5,15,6,2817.66,4 2,North,3,1,8
1,5,15,3,2818.136,4 3,North,3,1,8
1,5,15,3,2818.715,4 4,North,3,1,8
1,5,15,2,2819.349,3 4,North,3,1,8
1,5,15,1,2819.898,3 3,North,3,1,8
1,5,15,2,2820.458,2 3,North,3,1,8
1,5,15,6,2820.84,2 3,North,3,2,8
1,5,15,4,2821.068,3 3,North,3,2,8
1,5,15,3,2821.635,3 4,North,3,2,8
1,5,15,4,2822.185,4 4,North,3,2,8
1,5,15,1,2822.773,4 3,North,3,2,8
1,5,15,1,2823.299,4 2,North,3,2,8
1,5,15,1,2823.94,4 1,North,3,2,8
1,5,15,1,2824.583,4 0,North,3,2,8
1,5,15,6,2824.98,4 0,North,3,3,8
1,5,15,3,2825.127,4 1,North,3,3,8
1,5,15,3,2825.669,4 2,North,3,3,8
1,5,15,3,2826.245,4 3,North,3,3,8
1,5,15,3,2826.76,4 4,North,3,3,8
1,5,15,2,2827.331,3 4,North,3,3,8
1,5,15,1,2827.879,3 3,North,3,3,8
1,5,15,2,2828.392,2 3,North,3,3,8
1,5,15,2,2828.997,1 3,North,3,3,8
1,5,15,2,2829.558,0 3,North,3,3,8
1,5,15,6,2829.94,0 3,North,3,4,8
1,5,15,4,2830.083,1 3,North,3,4,8
1,5,15,4,2830.598,2 3,North,3,4,8
1,5,15,4,2831.124,3 3,North,3,4,8
1,5,15,3,2831.674,3 4,North,3,4,8
1,5,15,4,2832.216,4 4,North,3,4,8
1,5,15,1,2832.795,4 3,North,3,4,8
1,5,15,1,2833.765,4 2,North,3,4,8
1,5,15,2,2834.325,3 2,North,3,4,8
1,5,15,1,2834.884,3 1,North,3,4,8
1,5,15,1,2835.433,3 0,North,3,4,8
1,5,15,2,2836.058,2 0,North,3,4,8
1,5,15,6,2836.44,2 0,North,3,5,8
1,5,15,4,2836.787,3 0,North,3,5,8
1,5,15,3,2837.338,3 1,North,3,5,8
1,5,15,3,2837.898,3 2,North,3,5,8
1,5,15,4,2838.438,4 2,North,3,5,8
1,5,15,3,2839.333,4 3,North,3,5,8
1,5,15,3,2839.865,4 4,North,3,5,8
1,5,15,2,2840.387,3 4,North,3,5,8
1,5,15,1,2840.92,3 3,North,3,5,8
1,5,15,6,2841.32,3 3,North,3,6,8
1,5,15,3,2841.493,3 4,North,3,6,8
1,5,15,4,2842.024,4 4,North,3,6,8
1,5,15,1,2842.566,4 3,North,3,6,8
1,5,15,1,2843.115,4 2,North,3,6,8
1,5,15,2,2843.669,3 2,North,3,6,8
1,5,15,1,2844.613,3 1,North,3,6,8
1,5,15,1,2845.146,3 0,North,3,6,8
1,5,15,2,2845.715,2 0,North,3,6,8
1,5,15,2,2846.229,1 0,North,3,6,8
1,5,15,3,2846.806,1 1,North,3,6,8
1,5,15,6,2847.22,1 1,North,3,7,8
1,5,15,1,2847.698,1 0,North,3,7,8
1,5,15,4,2848.325,2 0,North,3,7,8
1,5,15,4,2848.888,3 0,North,3,7,8
1,5,15,3,2849.797,3 1,North,3,7,8
1,5,15,3,2850.771,3 2,North,3,7,8
1,5,15,4,2851.385,4 2,North,3,7,8
1,5,15,3,2851.928,4 3,North,3,7,8
1,5,15,3,2852.553,4 4,North,3,7,8
1,5,15,2,2853.162,3 4,North,3,7,8
1,5,15,1,2853.724,3 3,North,3,7,8
1,5,15,2,2854.244,2 3,North,3,7,8
1,5,15,2,2854.775,1 3,North,3,7,8
1,5,15,6,2855.16,1 3,North,3,8,8
2,5,15,2,2859.507,3 4,North,3,0,0
2,5,15,1,2860.037,3 4,West,3,0,0
2,5,15,2,2860.564,3 3,West,3,0,0
2,5,15,3,2861.127,3 3,North,3,0,0
2,5,15,2,2862.072,2 3,North,3,0,0
2,5,15,2,2863.123,1 3,North,3,0,0
2,5,15,2,2863.689,0 3,North,3,0,0
2,5,15,6,2864.08,0 3,North,3,1,0
2,5,15,3,2864.266,0 3,East,3,1,0
2,5,15,3,2864.807,0 3,South,3,1,0
2,5,15,2,2865.37,1 3,South,3,1,0
2,5,15,2,2865.942,2 3,South,3,1,0
2,5,15,2,2867.241,3 3,South,3,1,0
2,5,15,1,2867.781,3 3,East,3,1,0
2,5,15,2,2868.341,3 4,East,3,1,0
2,5,15,3,2868.867,3 4,South,3,1,0
2,5,15,2,2869.477,4 4,South,3,1,0
2,5,15,3,2870.073,4 4,West,3,1,0
2,5,15,2,2870.595,4 3,West,3,1,0
2,5,15,2,2871.145,4 2,West,3,1,0
2,5,15,2,2871.715,4 1,West,3,1,0
2,5,15,2,2872.275,4 0,West,3,1,0
2,5,15,6,2872.68,4 0,West,3,2,0
2,5,15,3,2873.252,4 0,North,3,2,0
2,5,15,3,2873.85,4 0,East,3,2,0
2,5,15,2,2874.436,4 1,East,3,2,0
2,5,15,2,2875.066,4 2,East,3,2,0
2,5,15,1,2875.702,4 2,North,3,2,0
2,5,15,3,2876.707,4 2,East,3,2,0
2,5,15,2,2877.291,4 3,East,3,2,0
2,5,15,2,2877.835,4 4,East,3,2,0
2,5,15,1,2878.373,4 4,North,3,2,0
2,5,15,2,2878.953,3 4,North,3,2,0
2,5,15,1,2879.514,3 4,West,3,2,0
2,5,15,2,2880.087,3 3,West,3,2,0
2,5,15,6,2880.5,3 3,West,3,3,0
2,5,15,3,2880.691,3 3,North,3,3,0
2,5,15,3,2881.238,3 3,East,3,3,0
2,5,15,2,2881.794,3 4,East,3,3,0
2,5,15,3,2882.34,3 4,South,3,3,0
2,5,15,2,2882.872,4 4,South,3,3,0
2,5,15,3,2883.446,4 4,West,3,3,0
2,5,15,2,2883.989,4 3,West,3,3,0
2,5,15,2,2884.612,4 2,West,3,3,0
2,5,15,3,2885.172,4 2,North,3,3,0
2,5,15,2,2885.717,3 2,North,3,3,0
2,5,15,1,2886.308,3 2,West,3,3,0
2,5,15,2,2886.899,3 1,West,3,3,0
2,5,15,2,2887.427,3 0,West,3,3,0
2,5,15,3,2887.963,3 0,North,3,3,0
2,5,15,2,2888.522,2 0,North,3,3,0
2,5,15,2,2889.804,1 0,North,3,3,0
2,5,15,3,2890.79,1 0,East,3,3,0
2,5,15,2,2891.619,1 1,East,3,3,0
2,5,15,6,2892.04,1 1,East,3,4,0
2,5,15,3,2892.386,1 1,South,3,4,0
2,5,15,3,2893.98,1 1,West,3,4,0
2,5,15,2,2894.646,1 0,West,3,4,0
2,5,15,1,2895.306,1 0,South,3,4,0
2,5,15,2,2895.884,2 0,South,3,4,0
2,5,15,2,2896.473,3 0,South,3,4,0
2,5,15,1,2897.033,3 0,East,3,4,0
2,5,15,2,2897.608,3 1,East,3,4,0
2,5,15,2,2898.259,3 2,East,3,4,0
2,5,15,3,2898.841,3 2,South,3,4,0
2,5,15,2,2899.381,4 2,South,3,4,0
2,5,15,6,2899.76,4 2,South,3,5,0
2,5,15,3,2900.299,4 2,West,3,5,0
2,5,15,3,2900.838,4 2,North,3,5,0
2,5,15,2,2901.481,3 2,North,3,5,0
2,5,15,2,2902.083,3 2,North,3,5,1
2,5,15,1,2902.62,3 2,West,3,5,1
2,5,15,2,2903.175,3 1,West,3,5,1
2,5,15,2,2904.038,3 0,West,3,5,1
2,5,15,3,2904.617,3 0,North,3,5,1
2,5,15,2,2905.206,2 0,North,3,5,1
2,5,15,2,2905.781,1 0,North,3,5,1
2,5,15,6,2906.16,1 0,North,3,6,1
2,5,15,3,2906.314,1 0,East,3,6,1
2,5,15,3,2907.176,1 0,South,3,6,1
2,5,15,2,2908.156,2 0,South,3,6,1
2,5,15,2,2908.762,3 0,South,3,6,1
2,5,15,1,2909.305,3 0,East,3,6,1
2,5,15,2,2910.024,3 1,East,3,6,1
2,5,15,6,2910.44,3 1,East,3,7,1
2,5,15,1,2910.818,3 1,North,3,7,1
2,5,15,1,2912.134,3 1,West,3,7,1
2,5,15,2,2912.76,3 0,West,3,7,1
2,5,15,3,2913.669,3 0,North,3,7,1
2,5,15,2,2914.315,2 0,North,3,7,1
2,5,15,2,2914.883,1 0,North,3,7,1
2,5,15,3,2915.482,1 0,East,3,7,1
2,5,15,2,2916.083,1 1,East,3,7,1
2,5,15,3,2916.998,1 1,South,3,7,1
2,5,15,2,2917.572,2 1,South,3,7,1
2,5,15,1,2918.116,2 1,East,3,7,1
2,5,15,2,2918.707,2 2,East,3,7,1
2,5,15,1,2919.317,2 2,North,3,7,1
2,5,15,2,2919.996,1 2,North,3,7,1
2,5,15,3,2920.553,1 2,East,3,7,1
2,5,15,2,2921.131,1 2,East,3,7,2
2,5,15,3,2921.514,1 2,South,3,7,2
2,5,15,2,2922.089,2 2,South,3,7,2
2,5,15,3,2922.615,2 2,West,3,7,2
2,5,15,2,2923.156,2 1,West,3,7,2
2,5,15,3,2924.138,2 1,North,3,7,2
2,5,15,2,2924.741,1 1,North,3,7,2
2,5,15,1,2925.338,1 1,West,3,7,2
2,5,15,2,2925.907,1 0,West,3,7,2
2,5,15,1,2926.473,1 0,South,3,7,2
2,5,15,2,2927.08,2 0,South,3,7,2
2,5,15,2,2927.62,3 0,South,3,7,2
2,5,15,1,2928.229,3 0,East,3,7,2
2,5,15,2,2929.226,3 1,East,3,7,2
2,5,15,2,2929.796,3 2,East,3,7,2
2,5,15,3,2930.374,3 2,South,3,7,2
2,5,15,2,2930.905,4 2,South,3,7,2
2,5,15,1,2931.431,4 2,East,3,7,2
2,5,15,2,2932.011,4 3,East,3,7,2
2,5,15,2,2932.532,4 4,East,3,7,2
2,5,15,1,2933.129,4 4,North,3,7,2
2,5,15,2,2933.653,3 4,North,3,7,2
2,5,15,1,2934.25,3 4,West,3,7,2
2,5,15,2,2935.251,3 3,West,3,7,2
2,5,15,3,2935.813,3 3,North,3,7,2
2,5,15,2,2936.356,2 3,North,3,7,2
2,5,15,2,2936.932,1 3,North,3,7,2
2,5,15,6,2937.32,1 3,North,3,8,2
1,6,16,2,2941.171,3 4,North,3,0,2
1,6,16,4,2942.053,4 4,North,3,0,2
1,6,16,1,2942.873,4 3,North,3,0,2
1,6,16,1,2943.394,4 2,North,3,0,2
1,6,16,2,2943.908,3 2,North,3,0,2
1,6,16,1,2944.469,3 1,North,3,0,2
1,6,16,1,2945.003,3 0,North,3,0,2
1,6,16,2,2945.86,2 0,North,3,0,2
1,6,16,2,2946.41,1 0,North,3,0,2
1,6,16,3,2946.998,1 1,North,3,0,2
1,6,16,4,2947.543,2 1,North,3,0,2
1,6,16,3,2948.103,2 2,North,3,0,2
1,6,16,2,2949.076,1 2,North,3,0,2
1,6,16,2,2949.611,0 2,North,3,0,2
1,6,16,1,2950.2,0 1,North,3,0,2
1,6,16,1,2950.744,0 0,North,3,0,2
1,6,16,6,2951.14,0 0,North,3,1,2
1,6,16,3,2951.306,0 1,North,3,1,2
1,6,16,3,2951.826,0 2,North,3,1,2
1,6,16,4,2952.362,1 2,North,3,1,2
1,6,16,4,2953.3,2 2,North,3,1,2
1,6,16,1,2953.861,2 1,North,3,1,2
1,6,16,2,2954.379,1 1,North,3,1,2
1,6,16,1,2954.938,1 0,North,3,1,2
1,6,16,4,2955.481,2 0,North,3,1,2
1,6,16,4,2956.484,3 0,North,3,1,2
1,6,16,3,2957.064,3 1,North,3,1,2
1,6,16,6,2957.46,3 1,North,3,2,2
1,6,16,3,2957.868,3 2,North,3,2,2
1,6,16,4,2958.454,4 2,North,3,2,2
1,6,16,3,2959.016,4 3,North,3,2,2
1,6,16,3,2959.562,4 4,North,3,2,2
1,6,16,2,2960.146,3 4,North,3,2,2
1,6,16,1,2960.698,3 3,North,3,2,2
1,6,16,2,2961.673,2 3,North,3,2,2
1,6,16,2,2962.216,1 3,North,3,2,2
1,6,16,2,2962.773,0 3,North,3,2,2
1,6,16,6,2963.16,0 3,North,3,3,2
1,6,16,4,2963.305,1 3,North,3,3,2
1,6,16,4,2963.897,2 3,North,3,3,2
1,6,16,4,2964.419,3 3,North,3,3,2
1,6,16,3,2964.951,3 4,North,3,3,2
1,6,16,4,2965.526,4 4,North,3,3,2
1,6,16,1,2966.09,4 3,North,3,3,2
1,6,16,1,2966.612,4 2,North,3,3,2
1,6,16,2,2967.208,3 2,North,3,3,2
1,6,16,1,2967.812,3 1,North,3,3,2
1,6,16,1,2968.74,3 0,North,3,3,2
1,6,16,2,2969.447,2 0,North,3,3,2
1,6,16,6,2969.82,2 0,North,3,4,2
1,6,16,2,2970.211,1 0,North,3,4,2
1,6,16,3,2970.771,1 1,North,3,4,2
1,6,16,4,2971.668,2 1,North,3,4,2
1,6,16,3,2972.282,2 2,North,3,4,2
1,6,16,2,2972.805,1 2,North,3,4,2
1,6,16,2,2973.323,0 2,North,3,4,2
1,6,16,1,2973.865,0 1,North,3,4,2
1,6,16,6,2974.28,0 1,North,3,5,2
1,6,16,3,2974.378,0 2,North,3,5,2
1,6,16,4,2975.353,1 2,North,3,5,2
1,6,16,4,2976.344,2 2,North,3,5,2
1,6,16,1,2976.903,2 1,North,3,5,2
1,6,16,2,2977.462,1 1,North,3,5,2
1,6,16,1,2978.005,1 0,North,3,5,2
1,6,16,4,2978.537,2 0,North,3,5,2
1,6,16,4,2979.08,3 0,North,3,5,2
1,6,16,3,2980.025,3 1,North,3,5,2
1,6,16,3,2981.016,3 2,North,3,5,2
1,6,16,4,2981.576,4 2,North,3,5,2
1,6,16,1,2982.434,4 1,North,3,5,2
1,6,16,1,2982.994,4 0,North,3,5,2
1,6,16,6,2983.4,4 0,North,3,6,2
1,6,16,3,2983.62,4 1,North,3,6,2
1,6,16,3,2984.604,4 2,North,3,6,2
1,6,16,2,2985.19,3 2,North,3,6,2
1,6,16,1,2985.787,3 1,North,3,6,2
1,6,16,1,2986.396,3 0,North,3,6,2
1,6,16,2,2986.985,2 0,North,3,6,2
1,6,16,2,2987.541,1 0,North,3,6,2
1,6,16,3,2988.132,1 1,North,3,6,2
1,6,16,4,2988.664,2 1,North,3,6,2
1,6,16,3,2989.189,2 2,North,3,6,2
1,6,16,2,2990.186,1 2,North,3,6,2
1,6,16,2,2990.725,0 2,North,3,6,2
1,6,16,6,2991.1,0 2,North,3,7,2
1,6,16,4,2991.316,1 2,North,3,7,2
1,6,16,4,2991.832,2 2,North,3,7,2
1,6,16,1,2992.778,2 1,North,3,7,2
1,6,16,2,2993.339,1 1,North,3,7,2
1,6,16,1,2994.323,1 0,North,3,7,2
1,6,16,6,2994.74,1 0,North,3,8,2
2,6,16,1,2998.603,4 4,West,3,0,0
2,6,16,3,2999.624,4 4,North,3,0,0
2,6,16,1,3000.268,4 4,West,3,0,0
2,6,16,2,3000.891,4 3,West,3,0,0
2,6,16,2,3001.458,4 2,West,3,0,0
2,6,16,2,3002.019,4 1,West,3,0,0
2,6,16,2,3002.597,4 0,West,3,0,0
2,6,16,6,3003,4 0,West,3,1,0
2,6,16,3,3003.142,4 0,North,3,1,0
2,6,16,3,3003.879,4 0,East,3,1,0
2,6,16,2,3004.521,4 1,East,3,1,0
2,6,16,2,3005.052,4 2,East,3,1,0
2,6,16,1,3005.62,4 2,North,3,1,0
2,6,16,2,3006.155,3 2,North,3,1,0
2,6,16,1,3006.774,3 2,West,3,1,0
2,6,16,2,3007.337,3 1,West,3,1,0
2,6,16,2,3007.851,3 0,West,3,1,0
2,6,16,3,3008.892,3 0,North,3,1,0
2,6,16,2,3009.45,2 0,North,3,1,0
2,6,16,2,3010.01,1 0,North,3,1,0
2,6,16,3,3010.571,1 0,East,3,1,0
2,6,16,2,3011.139,1 1,East,3,1,0
2,6,16,3,3011.707,1 1,South,3,1,0
2,6,16,2,3012.26,2 1,South,3,1,0
2,6,16,1,3012.775,2 1,East,3,1,0
2,6,16,2,3013.299,2 2,East,3,1,0
2,6,16,1,3013.862,2 2,North,3,1,0
2,6,16,2,3014.76,1 2,North,3,1,0
2,6,16,2,3015.305,0 2,North,3,1,0
2,6,16,1,3015.88,0 2,West,3,1,0
2,6,16,2,3016.419,0 1,West,3,1,0
2,6,16,6,3016.84,0 1,West,3,2,0
2,6,16,3,3016.983,0 1,North,3,2,0
2,6,16,3,3017.571,0 1,East,3,2,0
2,6,16,2,3018.123,0 2,East,3,2,0
2,6,16,3,3018.748,0 2,South,3,2,0
2,6,16,2,3019.303,1 2,South,3,2,0
2,6,16,2,3020.181,2 2,South,3,2,0
2,6,16,3,3020.742,2 2,West,3,2,0
2,6,16,2,3021.3,2 1,West,3,2,0
2,6,16,3,3021.868,2 1,North,3,2,0
2,6,16,2,3022.436,1 1,North,3,2,0
2,6,16,1,3023.011,1 1,West,3,2,0
2,6,16,2,3023.541,1 0,West,3,2,0
2,6,16,1,3024.069,1 0,South,3,2,0
2,6,16,2,3024.646,2 0,South,3,2,0
2,6,16,6,3025.02,2 0,South,3,3,0
2,6,16,1,3025.208,2 0,East,3,3,0
2,6,16,2,3025.801,2 0,East,3,3,1
2,6,16,3,3026.23,2 0,South,3,3,1
2,6,16,2,3026.76,3 0,South,3,3,1
2,6,16,1,3027.319,3 0,East,3,3,1
2,6,16,2,3027.829,3 1,East,3,3,1
2,6,16,6,3028.24,3 1,East,3,4,1
2,6,16,1,3028.681,3 1,North,3,4,1
2,6,16,3,3030.196,3 1,East,3,4,1
2,6,16,2,3030.904,3 2,East,3,4,1
2,6,16,3,3031.458,3 2,South,3,4,1
2,6,16,2,3032.008,4 2,South,3,4,1
2,6,16,1,3032.521,4 2,East,3,4,1
2,6,16,2,3033.128,4 3,East,3,4,1
2,6,16,2,3033.701,4 4,East,3,4,1
2,6,16,1,3034.298,4 4,North,3,4,1
2,6,16,2,3034.819,3 4,North,3,4,1
2,6,16,1,3035.396,3 4,West,3,4,1
2,6,16,2,3035.932,3 3,West,3,4,1
2,6,16,3,3036.458,3 3,North,3,4,1
2,6,16,2,3036.982,2 3,North,3,4,1
2,6,16,2,3037.549,1 3,North,3,4,1
2,6,16,2,3038.074,0 3,North,3,4,1
2,6,16,6,3038.46,0 3,North,3,5,1
2,6,16,3,3038.915,0 3,East,3,5,1
2,6,16,3,3039.449,0 3,South,3,5,1
2,6,16,2,3040.502,1 3,South,3,5,1
2,6,16,2,3041.049,2 3,South,3,5,1
2,6,16,1,3042.068,2 3,East,3,5,1
2,6,16,2,3042.664,2 3,East,3,5,2
2,6,16,3,3043.156,2 3,South,3,5,2
2,6,16,2,3043.717,3 3,South,3,5,2
2,6,16,6,3044.1,3 3,South,3,6,2
2,6,16,1,3044.248,3 3,East,3,6,2
2,6,16,2,3044.825,3 4,East,3,6,2
2,6,16,3,3045.878,3 4,South,3,6,2
2,6,16,2,3046.451,4 4,South,3,6,2
2,6,16,3,3047.018,4 4,West,3,6,2
2,6,16,2,3047.865,4 3,West,3,6,2
2,6,16,2,3048.68,4 2,West,3,6,2
2,6,16,3,3049.314,4 2,North,3,6,2
2,6,16,2,3049.86,3 2,North,3,6,2
2,6,16,1,3050.508,3 2,West,3,6,2
2,6,16,2,3051.082,3 1,West,3,6,2
2,6,16,2,3051.64,3 0,West,3,6,2
2,6,16,3,3052.165,3 0,North,3,6,2
2,6,16,2,3052.774,2 0,North,3,6,2
2,6,16,2,3053.379,1 0,North,3,6,2
2,6,16,3,3053.958,1 0,East,3,6,2
2,6,16,2,3054.535,1 1,East,3,6,2
2,6,16,3,3055.098,1 1,South,3,6,2
2,6,16,2,3055.66,2 1,South,3,6,2
2,6,16,1,3056.197,2 1,East,3,6,2
2,6,16,2,3056.759,2 2,East,3,6,2
2,6,16,1,3057.333,2 2,North,3,6,2
2,6,16,2,3057.86,1 2,North,3,6,2
2,6,16,2,3058.396,0 2,North,3,6,2
2,6,16,1,3059.348,0 2,West,3,6,2
2,6,16,2,3059.924,0 1,West,3,6,2
2,6,16,2,3060.466,0 0,West,3,6,2
2,6,16,6,3060.88,0 0,West,3,7,2
2,6,16,1,3061.046,0 0,South,3,7,2
2,6,16,1,3061.652,0 0,East,3,7,2
2,6,16,2,3062.227,0 1,East,3,7,2
2,6,16,2,3062.748,0 2,East,3,7,2
2,6,16,3,3063.316,0 2,South,3,7,2
2,6,16,2,3063.843,1 2,South,3,7,2
2,6,16,3,3064.436,1 2,West,3,7,2
2,6,16,2,3064.971,1 2,West,3,7,3
2,6,16,1,3065.513,1 2,South,3,7,3
2,6,16,2,3066.489,2 2,South,3,7,3
2,6,16,3,3067.081,2 2,West,3,7,3
2,6,16,2,3067.752,2 1,West,3,7,3
2,6,16,2,3068.277,2 1,West,3,7,4
2,6,16,1,3068.761,2 1,South,3,7,4
2,6,16,2,3069.444,2 1,South,3,7,5
2,6,16,1,3069.795,2 1,East,3,7,5
2,6,16,2,3071.497,2 2,East,3,7,5
2,6,16,3,3072.234,2 2,South,3,7,5
2,6,16,2,3073.259,2 2,South,3,7,6
2,6,16,3,3073.971,2 2,West,3,7,6
2,6,16,3,3076.332,2 2,North,3,7,6
2,6,16,2,3077.06,1 2,North,3,7,6
2,6,16,1,3077.652,1 2,West,3,7,6
2,6,16,1,3079.174,1 2,South,3,7,6
2,6,16,2,3079.958,2 2,South,3,7,6
2,6,16,3,3080.597,2 2,West,3,7,6
2,6,16,2,3081.236,2 1,West,3,7,6
2,6,16,2,3081.803,2 1,West,3,7,7
2,6,16,1,3082.439,2 1,South,3,7,7
2,6,16,1,3083.621,2 1,East,3,7,7
2,6,16,3,3084.791,2 1,South,3,7,7
2,6,16,2,3085.479,2 1,South,3,7,8
2,6,16,1,3085.816,2 1,East,3,7,8
2,6,16,1,3086.34,2 1,North,3,7,8
2,6,16,2,3086.903,1 1,North,3,7,8
2,6,16,1,3087.804,1 1,West,3,7,8
2,6,16,2,3088.389,1 0,West,3,7,8
2,6,16,1,3088.903,1 0,South,3,7,8
2,6,16,2,3089.546,2 0,South,3,7,8
2,6,16,2,3090.075,3 0,South,3,7,8
2,6,16,1,3090.615,3 0,East,3,7,8
2,6,16,2,3091.142,3 1,East,3,7,8
2,6,16,2,3091.734,3 2,East,3,7,8
2,6,16,3,3092.314,3 2,South,3,7,8
2,6,16,2,3092.891,4 2,South,3,7,8
2,6,16,1,3093.434,4 2,East,3,7,8
2,6,16,2,3093.974,4 3,East,3,7,8
2,6,16,6,3094.38,4 3,East,3,8,8
1,6,17,1,3098.934,4 3,North,3,0,8
1,6,17,1,3099.767,4 2,North,3,0,8
1,6,17,1,3100.379,4 1,North,3,0,8
1,6,17,6,3100.78,4 1,North,3,1,8
1,6,17,3,3100.931,4 2,North,3,1,8
1,6,17,2,3101.508,3 2,North,3,1,8
1,6,17,1,3102.04,3 1,North,3,1,8
1,6,17,1,3102.553,3 0,North,3,1,8
1,6,17,6,3102.96,3 0,North,3,2,8
1,6,17,1,3103.418,3 0,North,3,2,8
1,6,17,2,3103.638,2 0,North,3,2,8
1,6,17,2,3104.179,1 0,North,3,2,8
1,6,17,3,3104.699,1 1,North,3,2,8
1,6,17,4,3105.652,2 1,North,3,2,8
1,6,17,6,3106.02,2 1,North,3,3,8
1,6,17,3,3106.45,2 2,North,3,3,8
1,6,17,2,3107.017,1 2,North,3,3,8
1,6,17,6,3107.4,1 2,North,3,4,8
1,6,17,4,3107.634,2 2,North,3,4,8
1,6,17,1,3108.155,2 1,North,3,4,8
1,6,17,2,3108.711,1 1,North,3,4,8
1,6,17,1,3109.242,1 0,North,3,4,8
1,6,17,4,3109.784,2 0,North,3,4,8
1,6,17,4,3110.298,3 0,North,3,4,8
1,6,17,3,3111.241,3 1,North,3,4,8
1,6,17,3,3111.755,3 2,North,3,4,8
1,6,17,4,3112.314,4 2,North,3,4,8
1,6,17,3,3112.839,4 3,North,3,4,8
1,6,17,3,3113.827,4 4,North,3,4,8
1,6,17,2,3114.386,3 4,North,3,4,8
1,6,17,6,3114.76,3 4,North,3,5,8
1,6,17,4,3114.933,4 4,North,3,5,8
1,6,17,1,3115.447,4 3,North,3,5,8
1,6,17,1,3115.978,4 2,North,3,5,8
1,6,17,2,3116.518,3 2,North,3,5,8
1,6,17,1,3117.031,3 1,North,3,5,8
1,6,17,1,3117.555,3 0,North,3,5,8
1,6,17,2,3118.136,2 0,North,3,5,8
1,6,17,2,3119.115,1 0,North,3,5,8
1,6,17,3,3119.651,1 1,North,3,5,8
1,6,17,4,3120.2,2 1,North,3,5,8
1,6,17,3,3120.713,2 2,North,3,5,8
1,6,17,6,3121.12,2 2,North,3,6,8
1,6,17,1,3121.305,2 1,North,3,6,8
1,6,17,2,3121.819,1 1,North,3,6,8
1,6,17,1,3122.341,1 0,North,3,6,8
1,6,17,4,3123.351,2 0,North,3,6,8
1,6,17,4,3123.911,3 0,North,3,6,8
1,6,17,3,3124.454,3 1,North,3,6,8
1,6,17,3,3124.994,3 2,North,3,6,8
1,6,17,6,3125.4,3 2,North,3,7,8
1,6,17,4,3125.75,4 2,North,3,7,8
1,6,17,6,3126.1,4 2,North,3,8,8
2,6,17,1,3129.482,4 4,West,3,0,0
2,6,17,2,3130.948,4 3,West,3,0,0
2,6,17,2,3131.513,4 2,West,3,0,0
2,6,17,3,3132.122,4 2,North,3,0,0
2,6,17,2,3132.762,3 2,North,3,0,0
2,6,17,1,3134.473,3 2,West,3,0,0
2,6,17,2,3135.028,3 1,West,3,0,0
2,6,17,2,3135.594,3 0,West,3,0,0
2,6,17,6,3136,3 0,West,3,1,0
2,6,17,3,3136.149,3 0,North,3,1,0
2,6,17,3,3136.888,3 0,East,3,1,0
2,6,17,2,3137.625,3 1,East,3,1,0
2,6,17,2,3138.171,3 2,East,3,1,0
2,6,17,3,3138.743,3 2,South,3,1,0
2,6,17,2,3139.33,4 2,South,3,1,0
2,6,17,6,3139.7,4 2,South,3,2,0
2,6,17,1,3139.898,4 2,East,3,2,0
2,6,17,1,3140.535,4 2,North,3,2,0
2,6,17,2,3141.349,3 2,North,3,2,0
2,6,17,1,3142.407,3 2,West,3,2,0
2,6,17,3,3143.993,3 2,North,3,2,0
2,6,17,2,3144.901,3 2,North,3,2,1
2,6,17,1,3145.332,3 2,West,3,2,1
2,6,17,2,3145.896,3 1,West,3,2,1
2,6,17,2,3146.646,3 0,West,3,2,1
2,6,17,3,3147.219,3 0,North,3,2,1
2,6,17,2,3147.845,2 0,North,3,2,1
2,6,17,3,3148.442,2 0,East,3,2,1
2,6,17,2,3149.036,2 0,East,3,2,2
2,6,17,1,3149.621,2 0,North,3,2,2
2,6,17,2,3150.28,1 0,North,3,2,2
2,6,17,3,3150.902,1 0,East,3,2,2
2,6,17,2,3151.877,1 1,East,3,2,2
2,6,17,3,3152.488,1 1,South,3,2,2
2,6,17,2,3153.098,2 1,South,3,2,2
2,6,17,6,3153.48,2 1,South,3,3,2
2,6,17,1,3153.673,2 1,East,3,3,2
2,6,17,1,3154.502,2 1,North,3,3,2
2,6,17,2,3155.076,1 1,North,3,3,2
2,6,17,1,3155.644,1 1,West,3,3,2
2,6,17,2,3156.163,1 0,West,3,3,2
2,6,17,1,3156.728,1 0,South,3,3,2
2,6,17,2,3157.303,2 0,South,3,3,2
2,6,17,2,3158.246,3 0,South,3,3,2
2,6,17,1,3158.806,3 0,East,3,3,2
2,6,17,2,3159.365,3 1,East,3,3,2
2,6,17,2,3159.955,3 2,East,3,3,2
2,6,17,3,3160.617,3 2,South,3,3,2
2,6,17,2,3161.654,4 2,South,3,3,2
2,6,17,1,3162.229,4 2,East,3,3,2
2,6,17,2,3162.788,4 3,East,3,3,2
2,6,17,2,3163.38,4 4,East,3,3,2
2,6,17,1,3163.993,4 4,North,3,3,2
2,6,17,2,3164.555,3 4,North,3,3,2
2,6,17,2,3165.158,3 4,North,3,3,3
2,6,17,1,3165.517,3 4,West,3,3,3
2,6,17,2,3166.091,3 3,West,3,3,3
2,6,17,3,3166.616,3 3,North,3,3,3
2,6,17,2,3167.225,2 3,North,3,3,3
2,6,17,2,3168.296,1 3,North,3,3,3
2,6,17,2,3168.853,0 3,North,3,3,3
2,6,17,3,3169.465,0 3,East,3,3,3
2,6,17,2,3170.039,0 4,East,3,3,3
2,6,17,3,3170.682,0 4,South,3,3,3
2,6,17,2,3171.299,1 4,South,3,3,3
2,6,17,6,3171.68,1 4,South,3,4,3
2,6,17,3,3171.944,1 4,West,3,4,3
2,6,17,3,3172.534,1 4,North,3,4,3
2,6,17,2,3173.162,0 4,North,3,4,3
2,6,17,1,3173.689,0 4,West,3,4,3
2,6,17,2,3174.267,0 3,West,3,4,3
2,6,17,1,3174.779,0 3,South,3,4,3
2,6,17,2,3175.332,1 3,South,3,4,3
2,6,17,2,3176.26,2 3,South,3,4,3
2,6,17,2,3176.853,3 3,South,3,4,3
2,6,17,1,3177.411,3 3,East,3,4,3
2,6,17,2,3177.991,3 4,East,3,4,3
2,6,17,3,3178.505,3 4,South,3,4,3
2,6,17,2,3179.115,4 4,South,3,4,3
2,6,17,3,3179.671,4 4,West,3,4,3
2,6,17,2,3180.231,4 3,West,3,4,3
2,6,17,2,3181.267,4 2,West,3,4,3
2,6,17,3,3181.865,4 2,North,3,4,3
2,6,17,2,3182.486,3 2,North,3,4,3
2,6,17,1,3183.115,3 2,West,3,4,3
2,6,17,2,3183.687,3 1,West,3,4,3
2,6,17,2,3184.264,3 0,West,3,4,3
2,6,17,3,3184.79,3 0,North,3,4,3
2,6,17,2,3185.365,2 0,North,3,4,3
2,6,17,2,3186.18,1 0,North,3,4,3
2,6,17,3,3186.789,1 0,East,3,4,3
2,6,17,2,3187.333,1 1,East,3,4,3
2,6,17,3,3187.914,1 1,South,3,4,3
2,6,17,2,3188.47,2 1,South,3,4,3
2,6,17,1,3189.051,2 1,East,3,4,3
2,6,17,2,3189.642,2 2,East,3,4,3
2,6,17,6,3190.06,2 2,East,3,5,3
2,6,17,1,3190.211,2 2,North,3,5,3
2,6,17,1,3191.205,2 2,West,3,5,3
2,6,17,2,3191.788,2 1,West,3,5,3
2,6,17,3,3192.325,2 1,North,3,5,3
2,6,17,2,3192.917,1 1,North,3,5,3
2,6,17,6,3193.3,1 1,North,3,6,3
2,6,17,3,3194.167,1 1,East,3,6,3
2,6,17,3,3194.683,1 1,South,3,6,3
2,6,17,2,3195.236,2 1,South,3,6,3
2,6,17,1,3196.211,2 1,East,3,6,3
2,6,17,2,3196.771,2 2,East,3,6,3
2,6,17,1,3197.347,2 2,North,3,6,3
2,6,17,2,3197.928,1 2,North,3,6,3
2,6,17,2,3198.532,0 2,North,3,6,3
2,6,17,6,3198.92,0 2,North,3,7,3
2,6,17,1,3199.4,0 2,West,3,7,3
2,6,17,1,3199.987,0 2,South,3,7,3
2,6,17,2,3200.57,1 2,South,3,7,3
2,6,17,2,3201.147,2 2,South,3,7,3
2,6,17,3,3201.689,2 2,West,3,7,3
2,6,17,2,3202.263,2 1,West,3,7,3
2,6,17,3,3202.788,2 1,North,3,7,3
2,6,17,2,3203.332,1 1,North,3,7,3
2,6,17,1,3203.86,1 1,West,3,7,3
2,6,17,2,3204.438,1 0,West,3,7,3
2,6,17,1,3204.952,1 0,South,3,7,3
2,6,17,2,3205.691,2 0,South,3,7,3
2,6,17,2,3206.251,3 0,South,3,7,3
2,6,17,1,3206.82,3 0,East,3,7,3
2,6,17,2,3207.384,3 1,East,3,7,3
2,6,17,2,3207.928,3 2,East,3,7,3
2,6,17,3,3208.501,3 2,South,3,7,3
2,6,17,2,3209.018,4 2,South,3,7,3
2,6,17,1,3209.686,4 2,East,3,7,3
2,6,17,2,3210.31,4 3,East,3,7,3
2,6,17,2,3210.841,4 4,East,3,7,3
2,6,17,1,3211.436,4 4,North,3,7,3
2,6,17,2,3212.099,3 4,North,3,7,3
2,6,17,2,3212.677,3 4,North,3,7,4
2,6,17,1,3213.159,3 4,West,3,7,4
2,6,17,2,3213.751,3 3,West,3,7,4
2,6,17,3,3214.296,3 3,North,3,7,4
2,6,17,2,3214.936,2 3,North,3,7,4
2,6,17,2,3215.891,1 3,North,3,7,4
2,6,17,6,3216.28,1 3,North,3,8,4
1,6,18,2,3220.073,3 4,North,3,0,4
1,6,18,1,3220.646,3 3,North,3,0,4
1,6,18,2,3221.16,2 3,North,3,0,4
1,6,18,2,3221.754,1 3,North,3,0,4
1,6,18,2,3222.277,0 3,North,3,0,4
1,6,18,3,3222.836,0 4,North,3,0,4
1,6,18,4,3223.369,1 4,North,3,0,4
1,6,18,4,3223.91,2 4,North,3,0,4
1,6,18,6,3224.26,2 4,North,3,1,4
1,6,18,2,3224.49,1 4,North,3,1,4
1,6,18,2,3225.5,0 4,North,3,1,4
1,6,18,1,3226.069,0 3,North,3,1,4
1,6,18,4,3227.098,1 3,North,3,1,4
1,6,18,4,3227.668,2 3,North,3,1,4
1,6,18,4,3228.245,3 3,North,3,1,4
1,6,18,3,3228.804,3 4,North,3,1,4
1,6,18,4,3229.363,4 4,North,3,1,4
1,6,18,1,3229.908,4 3,North,3,1,4
1,6,18,6,3230.3,4 3,North,3,2,4
1,6,18,3,3230.634,4 4,North,3,2,4
1,6,18,2,3231.221,3 4,North,3,2,4
1,6,18,1,3231.811,3 3,North,3,2,4
1,6,18,2,3232.392,2 3,North,3,2,4
1,6,18,2,3233.034,1 3,North,3,2,4
1,6,18,2,3233.594,0 3,North,3,2,4
1,6,18,3,3234.227,0 4,North,3,2,4
1,6,18,6,3234.62,0 4,North,3,3,4
1,6,18,1,3234.746,0 3,North,3,3,4
1,6,18,4,3235.315,1 3,North,3,3,4
1,6,18,6,3235.68,1 3,North,3,4,4
1,6,18,4,3235.926,2 3,North,3,4,4
1,6,18,4,3236.52,3 3,North,3,4,4
1,6,18,3,3237.046,3 4,North,3,4,4
1,6,18,4,3237.579,4 4,North,3,4,4
1,6,18,1,3238.793,4 3,North,3,4,4
1,6,18,1,3239.319,4 2,North,3,4,4
1,6,18,2,3239.881,3 2,North,3,4,4
1,6,18,1,3240.443,3 1,North,3,4,4
1,6,18,1,3240.984,3 0,North,3,4,4
1,6,18,2,3241.497,2 0,North,3,4,4
1,6,18,2,3242.051,1 0,North,3,4,4
1,6,18,3,3242.601,1 1,North,3,4,4
1,6,18,6,3243,1 1,North,3,5,4
1,6,18,1,3243.131,1 0,North,3,5,4
1,6,18,4,3243.642,2 0,North,3,5,4
1,6,18,4,3244.174,3 0,North,3,5,4
1,6,18,3,3244.693,3 1,North,3,5,4
1,6,18,3,3245.208,3 2,North,3,5,4
1,6,18,4,3246.187,4 2,North,3,5,4
1,6,18,3,3247.032,4 3,North,3,5,4
1,6,18,3,3248.071,4 4,North,3,5,4
1,6,18,2,3248.633,3 4,North,3,5,4
1,6,18,1,3249.146,3 3,North,3,5,4
1,6,18,2,3249.708,2 3,North,3,5,4
1,6,18,6,3250.08,2 3,North,3,6,4
1,6,18,4,3250.281,3 3,North,3,6,4
1,6,18,2,3250.891,2 3,North,3,6,4
1,6,18,2,3251.436,1 3,North,3,6,4
1,6,18,2,3252.024,0 3,North,3,6,4
1,6,18,3,3252.603,0 4,North,3,6,4
1,6,18,4,3253.189,1 4,North,3,6,4
1,6,18,6,3253.56,1 4,North,3,7,4
1,6,18,2,3254.147,0 4,North,3,7,4
1,6,18,1,3254.697,0 3,North,3,7,4
1,6,18,4,3255.228,1 3,North,3,7,4
1,6,18,4,3255.8,2 3,North,3,7,4
1,6,18,4,3256.344,3 3,North,3,7,4
1,6,18,6,3256.7,3 3,North,3,8,4
2,6,18,1,3259.721,4 4,West,3,0,0
2,6,18,3,3260.357,4 4,North,3,0,0
2,6,18,2,3261.146,3 4,North,3,0,0
2,6,18,1,3261.721,3 4,West,3,0,0
2,6,18,2,3262.275,3 3,West,3,0,0
2,6,18,3,3262.885,3 3,North,3,0,0
2,6,18,2,3263.468,2 3,North,3,0,0
2,6,18,2,3264.041,1 3,North,3,0,0
2,6,18,2,3264.58,0 3,North,3,0,0
2,6,18,3,3265.161,0 3,East,3,0,0
2,6,18,2,3265.704,0 4,East,3,0,0
2,6,18,3,3266.251,0 4,South,3,0,0
2,6,18,2,3266.792,1 4,South,3,0,0
2,6,18,2,3267.779,2 4,South,3,0,0
2,6,18,6,3268.16,2 4,South,3,1,0
2,6,18,3,3268.379,2 4,West,3,1,0
2,6,18,3,3269.003,2 4,North,3,1,0
2,6,18,2,3269.623,1 4,North,3,1,0
2,6,18,2,3270.261,0 4,North,3,1,0
2,6,18,1,3270.82,0 4,West,3,1,0
2,6,18,2,3271.417,0 3,West,3,1,0
2,6,18,1,3271.958,0 3,South,3,1,0
2,6,18,2,3272.523,1 3,South,3,1,0
2,6,18,6,3272.9,1 3,South,3,2,0
2,6,18,2,3273.109,2 3,South,3,2,0
2,6,18,2,3273.989,3 3,South,3,2,0
2,6,18,1,3274.514,3 3,East,3,2,0
2,6,18,2,3275.075,3 4,East,3,2,0
2,6,18,3,3275.845,3 4,South,3,2,0
2,6,18,2,3276.378,4 4,South,3,2,0
2,6,18,3,3276.904,4 4,West,3,2,0
2,6,18,2,3277.546,4 3,West,3,2,0
2,6,18,2,3278.084,4 2,West,3,2,0
2,6,18,3,3278.664,4 2,North,3,2,0
2,6,18,2,3279.523,3 2,North,3,2,0
2,6,18,6,3279.9,3 2,North,3,3,0
2,6,18,1,3280.281,3 2,West,3,3,0
2,6,18,1,3281.049,3 2,South,3,3,0
2,6,18,2,3281.675,4 2,South,3,3,0
2,6,18,1,3282.232,4 2,East,3,3,0
2,6,18,2,3282.858,4 3,East,3,3,0
2,6,18,6,3283.26,4 3,East,3,4,0
2,6,18,1,3283.509,4 3,North,3,4,0
2,6,18,1,3284.214,4 3,West,3,4,0
2,6,18,2,3284.825,4 2,West,3,4,0
2,6,18,3,3285.412,4 2,North,3,4,0
2,6,18,2,3285.976,3 2,North,3,4,0
2,6,18,2,3286.549,3 2,North,3,4,1
2,6,18,1,3287.077,3 2,West,3,4,1
2,6,18,2,3287.719,3 1,West,3,4,1
2,6,18,2,3288.44,3 0,West,3,4,1
2,6,18,3,3288.986,3 0,North,3,4,1
2,6,18,2,3289.611,2 0,North,3,4,1
2,6,18,2,3290.18,1 0,North,3,4,1
2,6,18,6,3290.56,1 0,North,3,5,1
2,6,18,3,3290.773,1 0,East,3,5,1
2,6,18,3,3291.349,1 0,South,3,5,1
2,6,18,2,3291.942,2 0,South,3,5,1
2,6,18,2,3292.451,3 0,South,3,5,1
2,6,18,1,3293.43,3 0,East,3,5,1
2,6,18,2,3293.987,3 1,East,3,5,1
2,6,18,2,3294.617,3 2,East,3,5,1
2,6,18,3,3295.21,3 2,South,3,5,1
2,6,18,2,3295.786,4 2,South,3,5,1
2,6,18,1,3296.731,4 2,East,3,5,1
2,6,18,2,3297.348,4 3,East,3,5,1
2,6,18,2,3297.88,4 4,East,3,5,1
2,6,18,1,3298.469,4 4,North,3,5,1
2,6,18,2,3299.067,3 4,North,3,5,1
2,6,18,1,3299.627,3 4,West,3,5,1
2,6,18,2,3300.267,3 3,West,3,5,1
2,6,18,3,3301.194,3 3,North,3,5,1
2,6,18,2,3301.851,2 3,North,3,5,1
2,6,18,6,3302.24,2 3,North,3,6,1
2,6,18,3,3302.408,2 3,East,3,6,1
2,6,18,3,3303.042,2 3,South,3,6,1
2,6,18,2,3303.62,3 3,South,3,6,1
2,6,18,1,3304.17,3 3,East,3,6,1
2,6,18,2,3304.74,3 4,East,3,6,1
2,6,18,3,3305.255,3 4,South,3,6,1
2,6,18,2,3305.877,4 4,South,3,6,1
2,6,18,3,3306.454,4 4,West,3,6,1
2,6,18,2,3307.062,4 3,West,3,6,1
2,6,18,2,3307.604,4 2,West,3,6,1
2,6,18,3,3308.201,4 2,North,3,6,1
2,6,18,2,3309.205,3 2,North,3,6,1
2,6,18,1,3309.769,3 2,West,3,6,1
2,6,18,2,3310.33,3 1,West,3,6,1
2,6,18,2,3310.851,3 0,West,3,6,1
2,6,18,3,3311.858,3 0,North,3,6,1
2,6,18,2,3312.454,2 0,North,3,6,1
2,6,18,2,3313,1 0,North,3,6,1
2,6,18,3,3313.571,1 0,East,3,6,1
2,6,18,2,3314.147,1 1,East,3,6,1
2,6,18,6,3314.56,1 1,East,3,7,1
2,6,18,3,3315.322,1 1,South,3,7,1
2,6,18,3,3316.389,1 1,West,3,7,1
2,6,18,2,3316.948,1 0,West,3,7,1
2,6,18,1,3317.496,1 0,South,3,7,1
2,6,18,2,3318.102,2 0,South,3,7,1
2,6,18,2,3319.113,3 0,South,3,7,1
2,6,18,1,3319.731,3 0,East,3,7,1
2,6,18,2,3320.328,3 1,East,3,7,1
2,6,18,2,3320.873,3 2,East,3,7,1
2,6,18,3,3321.466,3 2,South,3,7,1
2,6,18,2,3322.072,4 2,South,3,7,1
2,6,18,3,3323.171,4 2,West,3,7,1
2,6,18,2,3323.819,4 1,West,3,7,1
2,6,18,6,3324.24,4 1,West,3,8,1
