PhaseView,Run,Trial,Key,Time,Location,Direction,MazeType,Diamonds,WallBumped
0,3,7,2,481.7,3 4,North,2,0,1
0,3,7,2,482.5621,2 4,North,2,0,1
0,3,7,2,483.5091,1 4,North,2,0,1
0,3,7,1,484.1498,1 4,West,2,0,1
0,3,7,2,485.7673,1 3,West,2,0,1
0,3,7,1,486.328,1 3,South,2,0,1
0,3,7,2,487.1062,2 3,South,2,0,1
0,3,7,3,487.9378,2 3,West,2,0,1
0,3,7,2,488.633,2 2,West,2,0,1
0,3,7,3,489.2514,2 2,North,2,0,1
0,3,7,2,490.3836,1 2,North,2,0,1
0,3,7,2,491.0948,0 2,North,2,0,1
0,3,7,1,492.1782,0 2,West,2,0,1
0,3,7,2,492.9915,0 1,West,2,0,1
0,3,7,2,493.9408,0 0,West,2,0,1
0,3,7,2,494.8073,0 0,West,2,0,1
0,3,7,1,496.4541,0 0,South,2,0,1
0,3,7,1,496.978,0 0,East,2,0,1
0,3,7,2,497.6235,0 1,East,2,0,1
0,3,7,2,498.643,0 2,East,2,0,1
0,3,7,3,499.672,0 2,South,2,0,1
0,3,7,2,500.3359,1 2,South,2,0,1
0,3,7,2,501.0253,2 2,South,2,0,1
0,3,7,1,501.9038,2 2,East,2,0,1
0,3,7,2,502.5598,2 3,East,2,0,1
0,3,7,1,503.1208,2 3,North,2,0,1
0,3,7,2,503.7468,1 3,North,2,0,1
0,3,7,3,504.3034,1 3,East,2,0,1
0,3,7,2,505.1038,1 4,East,2,0,1
0,3,7,3,505.972,1 4,South,2,0,1
0,3,7,3,507.0464,1 4,West,2,0,1
0,3,7,1,508.5638,1 4,South,2,0,1
0,3,7,2,509.2471,2 4,South,2,0,1
0,3,7,2,509.9099,3 4,South,2,0,1
0,3,7,2,510.8197,4 4,South,2,0,1
0,3,7,3,511.4234,4 4,West,2,0,1
0,3,7,2,512.2751,4 3,West,2,0,1
0,3,7,2,513.2335,4 2,West,2,0,1
0,3,7,3,514.2009,4 2,North,2,0,1
0,3,7,2,514.9606,3 2,North,2,0,1
0,3,7,3,515.6537,3 2,East,2,0,1
0,3,7,3,517.0389,3 2,South,2,0,1
0,3,7,3,517.6207,3 2,West,2,0,1
0,3,7,2,518.2566,3 1,West,2,0,1
0,3,7,3,518.8381,3 1,North,2,0,1
0,3,7,2,519.535,2 1,North,2,0,1
0,3,7,2,520.2115,1 1,North,2,0,1
0,3,7,1,521.0582,1 1,West,2,0,1
0,3,7,2,521.7824,1 0,West,2,0,1
0,3,7,1,522.3704,1 0,South,2,0,1
0,3,7,2,523.1755,2 0,South,2,0,1
0,3,7,6,523.56,2 0,South,2,1,1
0,3,7,2,525.2497,3 0,South,2,1,1
0,3,7,2,525.9115,4 0,South,2,1,1
0,3,7,1,526.4994,4 0,East,2,1,1
0,3,7,2,527.3456,4 1,East,2,1,1
0,3,7,1,528.8546,4 1,North,2,1,1
0,3,7,1,529.3806,4 1,West,2,1,1
0,3,7,2,529.9841,4 0,West,2,1,1
0,3,7,3,530.5149,4 0,North,2,1,1
0,3,7,2,531.217,3 0,North,2,1,1
0,3,7,2,532.005,2 0,North,2,1,1
0,3,7,2,532.7517,1 0,North,2,1,1
0,3,7,3,533.6012,1 0,East,2,1,1
0,3,7,2,534.2939,1 1,East,2,1,1
0,3,7,3,534.9443,1 1,South,2,1,1
0,3,7,2,535.6219,2 1,South,2,1,1
0,3,7,2,536.2938,3 1,South,2,1,1
0,3,7,1,536.8328,3 1,East,2,1,1
0,3,7,2,537.6512,3 2,East,2,1,1
0,3,7,3,538.358,3 2,South,2,1,1
0,3,7,2,539.3786,4 2,South,2,1,1
0,3,7,1,540.0552,4 2,East,2,1,1
0,3,7,2,541.0087,4 3,East,2,1,1
0,3,7,6,541.42,4 3,East,2,2,1
0,3,7,2,542.437,4 4,East,2,2,1
0,3,7,1,542.9757,4 4,North,2,2,1
0,3,7,1,543.9675,4 4,West,2,2,1
0,3,7,3,544.8865,4 4,North,2,2,1
0,3,7,2,545.4946,3 4,North,2,2,1
0,3,7,2,546.2142,2 4,North,2,2,1
0,3,7,1,546.9339,2 4,West,2,2,1
0,3,7,3,547.6155,2 4,North,2,2,1
0,3,7,2,548.2073,1 4,North,2,2,1
0,3,7,2,549.3464,0 4,North,2,2,1
0,3,7,1,549.8635,0 4,West,2,2,1
0,3,7,1,551.2657,0 4,South,2,2,1
0,3,7,2,551.9411,1 4,South,2,2,1
0,3,7,3,552.471,1 4,West,2,2,1
0,3,7,2,553.1029,1 3,West,2,2,1
0,3,7,1,553.6175,1 3,South,2,2,1
0,3,7,2,554.2448,2 3,South,2,2,1
0,3,7,3,555.2637,2 3,West,2,2,1
0,3,7,2,555.8627,2 2,West,2,2,1
0,3,7,3,556.7399,2 2,North,2,2,1
0,3,7,2,557.4599,1 2,North,2,2,1
0,3,7,2,557.9995,0 2,North,2,2,1
0,3,7,1,558.9755,0 2,West,2,2,1
0,3,7,2,559.6366,0 1,West,2,2,1
0,3,7,2,560.4662,0 0,West,2,2,1
0,3,7,6,560.88,0 0,West,2,3,1
0,3,7,1,561.5437,0 0,South,2,3,1
0,3,7,1,562.147,0 0,East,2,3,1
0,3,7,2,562.837,0 1,East,2,3,1
0,3,7,2,563.4728,0 2,East,2,3,1
0,3,7,3,564.513,0 2,South,2,3,1
0,3,7,2,565.2183,1 2,South,2,3,1
0,3,7,2,565.7974,2 2,South,2,3,1
0,3,7,1,566.6631,2 2,East,2,3,1
0,3,7,2,567.3765,2 3,East,2,3,1
0,3,7,1,568.0833,2 3,North,2,3,1
0,3,7,2,568.7888,1 3,North,2,3,1
0,3,7,3,569.4249,1 3,East,2,3,1
0,3,7,2,570.2154,1 4,East,2,3,1
0,3,7,3,571.6329,1 4,South,2,3,1
0,3,7,2,572.2952,2 4,South,2,3,1
0,3,7,2,572.9617,3 4,South,2,3,1
0,3,7,2,573.9229,4 4,South,2,3,1
0,3,7,3,574.8306,4 4,West,2,3,1
0,3,7,2,575.6159,4 3,West,2,3,1
0,3,7,2,576.4193,4 2,West,2,3,1
0,3,7,3,577.3197,4 2,North,2,3,1
0,3,7,2,578.0663,3 2,North,2,3,1
0,3,7,6,578.44,3 2,North,2,4,1
0,3,7,3,579.1694,3 2,East,2,4,1
0,3,7,3,579.855,3 2,South,2,4,1
0,3,7,3,580.71,3 2,West,2,4,1
0,3,7,2,581.3005,3 1,West,2,4,1
0,3,7,3,581.8801,3 1,North,2,4,1
0,3,7,2,582.5447,2 1,North,2,4,1
0,3,7,2,583.5087,1 1,North,2,4,1
0,3,7,1,584.0967,1 1,West,2,4,1
0,3,7,2,584.7598,1 0,West,2,4,1
0,3,7,1,585.4303,1 0,South,2,4,1
0,3,7,2,586.131,2 0,South,2,4,1
0,3,7,2,586.7568,3 0,South,2,4,1
0,3,7,2,587.4764,4 0,South,2,4,1
0,3,7,1,588.5332,4 0,East,2,4,1
0,3,7,1,589.6652,4 0,North,2,4,1
0,3,7,2,590.3121,3 0,North,2,4,1
0,3,7,2,591.0307,2 0,North,2,4,1
0,3,7,2,591.6634,1 0,North,2,4,1
0,3,7,3,592.519,1 0,East,2,4,1
0,3,7,2,593.204,1 1,East,2,4,1
0,3,7,3,593.8401,1 1,South,2,4,1
0,3,7,2,594.5593,2 1,South,2,4,1
0,3,7,2,595.0924,3 1,South,2,4,1
0,3,7,1,596.0558,3 1,East,2,4,1
0,3,7,2,597.5699,3 2,East,2,4,1
0,3,7,3,598.4999,3 2,South,2,4,1
0,3,7,2,599.2046,4 2,South,2,4,1
0,3,7,1,599.7466,4 2,East,2,4,1
0,3,7,2,600.3597,4 3,East,2,4,1
0,3,7,2,601.0309,4 4,East,2,4,1
0,3,7,1,601.9421,4 4,North,2,4,1
0,3,7,2,602.614,3 4,North,2,4,1
0,3,7,2,603.2208,2 4,North,2,4,1
0,3,7,2,604.0834,1 4,North,2,4,1
0,3,7,1,604.6436,1 4,West,2,4,1
0,3,7,3,605.5059,1 4,North,2,4,1
0,3,7,2,606.1143,0 4,North,2,4,1
0,3,7,1,607.0164,0 4,West,2,4,1
0,3,7,2,607.574,0 3,West,2,4,1
0,3,7,6,607.98,0 3,West,2,5,1
0,3,7,1,609.0555,0 3,South,2,5,1
0,3,7,1,609.6547,0 3,East,2,5,1
0,3,7,2,610.2789,0 4,East,2,5,1
0,3,7,3,610.8849,0 4,South,2,5,1
0,3,7,2,611.6697,1 4,South,2,5,1
0,3,7,3,612.2093,1 4,West,2,5,1
0,3,7,2,612.8552,1 3,West,2,5,1
0,3,7,1,613.398,1 3,South,2,5,1
0,3,7,2,613.9863,2 3,South,2,5,1
0,3,7,3,614.9036,2 3,West,2,5,1
0,3,7,2,615.5236,2 2,West,2,5,1
0,3,7,3,616.4373,2 2,North,2,5,1
0,3,7,2,617.0909,1 2,North,2,5,1
0,3,7,2,617.6029,0 2,North,2,5,1
0,3,7,1,618.577,0 2,West,2,5,1
0,3,7,2,619.2951,0 1,West,2,5,1
0,3,7,1,620.2915,0 1,South,2,5,1
0,3,7,1,620.9004,0 1,East,2,5,1
0,3,7,2,621.4891,0 2,East,2,5,1
0,3,7,3,622.1323,0 2,South,2,5,1
0,3,7,2,622.752,1 2,South,2,5,1
0,3,7,2,623.3148,2 2,South,2,5,1
0,3,7,1,624.1645,2 2,East,2,5,1
0,3,7,2,624.8795,2 3,East,2,5,1
0,3,7,1,625.522,2 3,North,2,5,1
0,3,7,2,626.1671,1 3,North,2,5,1
0,3,7,3,626.6879,1 3,East,2,5,1
0,3,7,2,627.3612,1 4,East,2,5,1
0,3,7,3,627.9842,1 4,South,2,5,1
0,3,7,2,628.6326,2 4,South,2,5,1
0,3,7,2,629.2501,3 4,South,2,5,1
0,3,7,2,629.9673,4 4,South,2,5,1
0,3,7,3,630.5795,4 4,West,2,5,1
0,3,7,2,631.2526,4 3,West,2,5,1
0,3,7,2,631.8335,4 2,West,2,5,1
0,3,7,3,632.8472,4 2,North,2,5,1
0,3,7,2,633.5856,3 2,North,2,5,1
0,3,7,3,634.2876,3 2,East,2,5,1
0,3,7,1,635.0078,3 2,North,2,5,1
0,3,7,1,635.6342,3 2,West,2,5,1
0,3,7,2,636.4147,3 1,West,2,5,1
0,3,7,3,637.0632,3 1,North,2,5,1
0,3,7,2,637.8242,2 1,North,2,5,1
0,3,7,2,638.4539,1 1,North,2,5,1
0,3,7,1,639.3275,1 1,West,2,5,1
0,3,7,2,640.0546,1 0,West,2,5,1
0,3,7,1,640.7401,1 0,South,2,5,1
0,3,7,2,641.3928,2 0,South,2,5,1
0,3,7,2,641.9892,3 0,South,2,5,1
0,3,7,2,642.7857,4 0,South,2,5,1
0,3,7,6,643.16,4 0,South,2,6,1
0,3,7,1,643.6959,4 0,East,2,6,1
0,3,7,1,644.6086,4 0,North,2,6,1
0,3,7,2,645.2503,3 0,North,2,6,1
0,3,7,2,645.9055,2 0,North,2,6,1
0,3,7,2,646.7673,1 0,North,2,6,1
0,3,7,3,647.4276,1 0,East,2,6,1
0,3,7,2,648.0651,1 1,East,2,6,1
0,3,7,3,648.7225,1 1,South,2,6,1
0,3,7,2,649.3792,2 1,South,2,6,1
0,3,7,2,649.9125,3 1,South,2,6,1
0,3,7,1,650.8202,3 1,East,2,6,1
0,3,7,2,651.7338,3 2,East,2,6,1
0,3,7,3,652.3406,3 2,South,2,6,1
0,3,7,2,653.1383,4 2,South,2,6,1
0,3,7,1,653.7658,4 2,East,2,6,1
0,3,7,2,654.4189,4 3,East,2,6,1
0,3,7,2,655.0424,4 4,East,2,6,1
0,3,7,1,655.8568,4 4,North,2,6,1
0,3,7,2,656.726,3 4,North,2,6,1
0,3,7,2,657.619,2 4,North,2,6,1
0,3,7,1,658.403,2 4,West,2,6,1
0,3,7,3,659.0549,2 4,North,2,6,1
0,3,7,2,659.6321,1 4,North,2,6,1
0,3,7,2,660.2084,0 4,North,2,6,1
0,3,7,1,660.8711,0 4,West,2,6,1
0,3,7,1,661.409,0 4,South,2,6,1
0,3,7,2,661.9761,1 4,South,2,6,1
0,3,7,3,662.6078,1 4,West,2,6,1
0,3,7,2,663.2634,1 3,West,2,6,1
0,3,7,1,663.8127,1 3,South,2,6,1
0,3,7,2,664.418,2 3,South,2,6,1
0,3,7,3,664.9801,2 3,West,2,6,1
0,3,7,2,665.6467,2 2,West,2,6,1
0,3,7,3,666.2434,2 2,North,2,6,1
0,3,7,2,667.0593,1 2,North,2,6,1
0,3,7,6,667.44,1 2,North,2,7,1
0,3,7,2,668.2298,0 2,North,2,7,1
0,3,7,1,668.8055,0 2,West,2,7,1
0,3,7,2,669.3923,0 1,West,2,7,1
0,3,7,1,669.9526,0 1,South,2,7,1
0,3,7,1,670.5303,0 1,East,2,7,1
0,3,7,2,671.041,0 2,East,2,7,1
0,3,7,3,671.6224,0 2,South,2,7,1
0,3,7,2,672.2427,1 2,South,2,7,1
0,3,7,2,672.7575,2 2,South,2,7,1
0,3,7,1,673.5684,2 2,East,2,7,1
0,3,7,2,674.1658,2 3,East,2,7,1
0,3,7,1,675.0563,2 3,North,2,7,1
0,3,7,2,675.8284,1 3,North,2,7,1
0,3,7,3,676.3412,1 3,East,2,7,1
0,3,7,2,676.8724,1 4,East,2,7,1
0,3,7,3,677.4923,1 4,South,2,7,1
0,3,7,3,678.0379,1 4,West,2,7,1
0,3,7,1,678.8972,1 4,South,2,7,1
0,3,7,2,679.428,2 4,South,2,7,1
0,3,7,2,680.5129,3 4,South,2,7,1
0,3,7,2,681.0746,4 4,South,2,7,1
0,3,7,3,681.9603,4 4,West,2,7,1
0,3,7,2,682.5813,4 3,West,2,7,1
0,3,7,2,683.1093,4 2,West,2,7,1
0,3,7,3,684.0167,4 2,North,2,7,1
0,3,7,2,684.8671,3 2,North,2,7,1
0,3,7,1,685.5692,3 2,West,2,7,1
0,3,7,2,686.2869,3 1,West,2,7,1
0,3,7,3,686.8864,3 1,North,2,7,1
0,3,7,2,687.7613,2 1,North,2,7,1
0,3,7,6,688.14,2 1,North,2,8,1
3,3,7,1,694.8018,4 3,North,2,0,0
3,3,7,1,695.8006,4 2,North,2,0,0
3,3,7,2,696.4844,3 2,North,2,0,0
3,3,7,6,696.86,3 2,North,2,1,0
3,3,7,1,700.5169,3 1,North,2,1,0
3,3,7,2,701.184,2 1,North,2,1,0
3,3,7,6,701.56,2 1,North,2,2,0
3,3,7,4,702.0822,3 1,North,2,2,0
3,3,7,3,702.7385,3 2,North,2,2,0
3,3,7,3,704.0089,3 3,North,2,2,0
3,3,7,3,705.8606,3 3,North,2,2,1
3,3,7,2,706.326,3 3,North,2,2,2
3,3,7,2,706.8959,3 3,North,2,2,3
3,3,7,1,707.3502,3 2,North,2,2,3
3,3,7,2,708.0195,3 2,North,2,2,4
3,3,7,1,708.6618,3 1,North,2,2,4
3,3,7,2,710.4978,2 1,North,2,2,4
3,3,7,3,712.3045,2 1,North,2,2,5
3,3,7,2,712.9501,1 1,North,2,2,5
3,3,7,3,713.9371,1 1,North,2,2,6
3,3,7,2,714.419,1 1,North,2,2,7
3,3,7,2,714.8714,1 1,North,2,2,8
3,3,7,1,715.4631,1 0,North,2,2,8
3,3,7,2,716.2764,1 0,North,2,2,9
3,3,7,4,717.0881,2 0,North,2,2,9
3,3,7,3,718.0687,2 0,North,2,2,10
3,3,7,2,720.5966,1 0,North,2,2,10
3,3,7,3,721.1703,1 1,North,2,2,10
3,3,7,4,721.6815,2 1,North,2,2,10
3,3,7,4,722.2399,3 1,North,2,2,10
3,3,7,4,722.825,3 1,North,2,2,11
3,3,7,3,723.5104,3 2,North,2,2,11
3,3,7,4,724.0696,4 2,North,2,2,11
3,3,7,3,724.7434,4 3,North,2,2,11
3,3,7,3,725.3975,4 4,North,2,2,11
3,3,7,2,726.0554,3 4,North,2,2,11
3,3,7,2,726.8858,2 4,North,2,2,11
3,3,7,2,727.6633,1 4,North,2,2,11
3,3,7,2,728.4224,0 4,North,2,2,11
3,3,7,1,729.0335,0 3,North,2,2,11
3,3,7,6,729.44,0 3,North,2,3,11
3,3,7,3,729.8301,0 4,North,2,3,11
3,3,7,1,731.3043,0 3,North,2,3,11
3,3,7,1,731.9243,0 3,North,2,3,12
3,3,7,3,732.4149,0 4,North,2,3,12
3,3,7,4,732.9974,1 4,North,2,3,12
3,3,7,4,733.5549,2 4,North,2,3,12
3,3,7,4,734.6138,3 4,North,2,3,12
3,3,7,4,735.2247,4 4,North,2,3,12
3,3,7,1,735.8789,4 3,North,2,3,12
3,3,7,1,736.4028,4 2,North,2,3,12
3,3,7,1,738.1927,4 2,North,2,3,13
3,3,7,2,738.8234,3 2,North,2,3,13
3,3,7,2,739.447,3 2,North,2,3,14
3,3,7,1,739.923,3 1,North,2,3,14
3,3,7,2,740.5493,2 1,North,2,3,14
3,3,7,3,741.2216,2 1,North,2,3,15
3,3,7,2,741.7293,1 1,North,2,3,15
3,3,7,3,742.3548,1 1,North,2,3,16
3,3,7,1,742.975,1 0,North,2,3,16
3,3,7,2,743.6335,1 0,North,2,3,17
3,3,7,4,744.3419,2 0,North,2,3,17
3,3,7,3,745.3462,2 0,North,2,3,18
3,3,7,2,746.1658,1 0,North,2,3,18
3,3,7,3,746.9041,1 1,North,2,3,18
3,3,7,3,747.6859,1 1,North,2,3,19
3,3,7,4,748.2126,2 1,North,2,3,19
3,3,7,3,748.8167,2 1,North,2,3,20
3,3,7,4,749.5228,3 1,North,2,3,20
3,3,7,3,750.1815,3 2,North,2,3,20
3,3,7,2,750.9474,3 2,North,2,3,21
3,3,7,3,751.4959,3 3,North,2,3,21
3,3,7,2,752.164,3 3,North,2,3,22
3,3,7,3,752.8218,3 3,North,2,3,23
3,3,7,1,753.8733,3 2,North,2,3,23
3,3,7,1,755.2628,3 1,North,2,3,23
3,3,7,4,755.7761,3 1,North,2,3,24
3,3,7,1,756.8799,3 1,North,2,3,25
3,3,7,2,757.3473,2 1,North,2,3,25
3,3,7,3,759.6089,2 1,North,2,3,26
3,3,7,2,760.533,1 1,North,2,3,26
3,3,7,2,761.3004,1 1,North,2,3,27
3,3,7,1,761.8625,1 0,North,2,3,27
3,3,7,2,762.5941,1 0,North,2,3,28
3,3,7,4,763.4462,2 0,North,2,3,28
3,3,7,4,764.4632,3 0,North,2,3,28
3,3,7,3,765.8889,3 0,North,2,3,29
3,3,7,1,766.3673,3 0,North,2,3,29
3,3,7,4,766.7837,4 0,North,2,3,29
3,3,7,3,767.6636,4 1,North,2,3,29
3,3,7,3,768.23,4 1,North,2,3,30
3,3,7,2,768.9443,4 1,North,2,3,31
3,3,7,1,769.5726,4 0,North,2,3,31
3,3,7,2,770.2651,3 0,North,2,3,31
3,3,7,3,770.9192,3 0,North,2,3,32
3,3,7,2,771.7433,2 0,North,2,3,32
3,3,7,3,772.5181,2 0,North,2,3,33
3,3,7,2,773.1694,1 0,North,2,3,33
3,3,7,3,773.8175,1 1,North,2,3,33
3,3,7,3,774.6007,1 1,North,2,3,34
3,3,7,4,775.1365,2 1,North,2,3,34
3,3,7,4,775.7283,3 1,North,2,3,34
3,3,7,4,776.6122,3 1,North,2,3,35
3,3,7,3,777.0136,3 2,North,2,3,35
3,3,7,4,777.7433,4 2,North,2,3,35
3,3,7,3,778.5208,4 3,North,2,3,35
3,3,7,3,779.1865,4 4,North,2,3,35
3,3,7,2,779.9211,3 4,North,2,3,35
3,3,7,1,780.6643,3 4,North,2,3,36
3,3,7,2,781.207,2 4,North,2,3,36
3,3,7,1,781.9669,2 4,North,2,3,37
3,3,7,2,782.3564,1 4,North,2,3,37
3,3,7,1,783.0264,1 3,North,2,3,37
3,3,7,1,783.6539,1 3,North,2,3,38
3,3,7,3,784.3043,1 4,North,2,3,38
3,3,7,2,784.9318,0 4,North,2,3,38
3,3,7,1,785.4918,0 3,North,2,3,38
3,3,7,1,786.3538,0 3,North,2,3,39
3,3,7,4,786.9474,0 3,North,2,3,40
3,3,7,3,787.3924,0 4,North,2,3,40
3,3,7,4,788.1454,1 4,North,2,3,40
3,3,7,1,788.7225,1 3,North,2,3,40
3,3,7,1,789.2866,1 3,North,2,3,41
3,3,7,4,789.8779,2 3,North,2,3,41
3,3,7,1,790.4352,2 2,North,2,3,41
3,3,7,2,791.0631,1 2,North,2,3,41
3,3,7,6,791.44,1 2,North,2,4,41
3,3,7,4,791.8407,2 2,North,2,4,41
3,3,7,3,792.3577,2 3,North,2,4,41
3,3,7,4,792.8705,2 3,North,2,4,42
3,3,7,3,793.3488,2 3,North,2,4,43
3,3,7,3,793.888,2 3,North,2,4,44
3,3,7,1,794.3551,2 2,North,2,4,44
3,3,7,4,794.9012,2 2,North,2,4,45
3,3,7,2,795.4459,1 2,North,2,4,45
3,3,7,4,796.6887,2 2,North,2,4,45
3,3,7,3,797.2634,2 3,North,2,4,45
3,3,7,2,797.8906,1 3,North,2,4,45
3,3,7,3,798.5622,1 4,North,2,4,45
3,3,7,4,799.2232,2 4,North,2,4,45
3,3,7,4,799.7934,3 4,North,2,4,45
3,3,7,4,800.3216,4 4,North,2,4,45
3,3,7,1,801.0892,4 3,North,2,4,45
3,3,7,6,801.5,4 3,North,2,5,45
3,3,7,3,802.0174,4 4,North,2,5,45
3,3,7,2,802.7082,3 4,North,2,5,45
3,3,7,2,803.6812,2 4,North,2,5,45
3,3,7,2,804.3441,1 4,North,2,5,45
3,3,7,2,804.9912,0 4,North,2,5,45
3,3,7,6,805.38,0 4,North,2,6,45
3,3,7,4,805.7195,1 4,North,2,6,45
3,3,7,4,806.7683,2 4,North,2,6,45
3,3,7,4,807.7596,3 4,North,2,6,45
3,3,7,1,808.3993,3 4,North,2,6,46
3,3,7,4,808.8982,4 4,North,2,6,46
3,3,7,1,809.458,4 3,North,2,6,46
3,3,7,2,810.0147,4 3,North,2,6,47
3,3,7,1,810.8018,4 2,North,2,6,47
3,3,7,2,811.3132,3 2,North,2,6,47
3,3,7,3,811.905,3 3,North,2,6,47
3,3,7,6,812.3,3 3,North,2,7,47
3,3,7,1,812.773,3 2,North,2,7,47
3,3,7,4,813.7045,4 2,North,2,7,47
3,3,7,3,814.3203,4 3,North,2,7,47
3,3,7,3,815.2003,4 4,North,2,7,47
3,3,7,3,815.8721,4 4,North,2,7,47
3,3,7,2,816.2235,3 4,North,2,7,47
3,3,7,2,816.8238,2 4,North,2,7,47
3,3,7,2,817.6566,1 4,North,2,7,47
3,3,7,6,818.04,1 4,North,2,8,47
0,3,8,1,823.825,4 4,West,2,0,47
0,3,8,3,825.3834,4 4,North,2,0,47
0,3,8,1,827.1385,4 4,West,2,0,47
0,3,8,2,828.0023,4 3,West,2,0,47
0,3,8,2,828.6938,4 2,West,2,0,47
0,3,8,6,829.1,4 2,West,2,1,47
0,3,8,3,830.1492,4 2,North,2,1,47
0,3,8,2,830.8794,3 2,North,2,1,47
0,3,8,3,831.4755,3 2,East,2,1,47
0,3,8,1,832.2971,3 2,North,2,1,47
0,3,8,1,832.8655,3 2,West,2,1,47
0,3,8,2,833.5213,3 1,West,2,1,47
0,3,8,3,834.1315,3 1,North,2,1,47
0,3,8,2,834.7865,2 1,North,2,1,47
0,3,8,2,835.4801,1 1,North,2,1,47
0,3,8,1,836.3049,1 1,West,2,1,47
0,3,8,2,836.9969,1 0,West,2,1,47
0,3,8,1,837.689,1 0,South,2,1,47
0,3,8,1,838.8389,1 0,East,2,1,47
0,3,8,2,839.4948,1 1,East,2,1,47
0,3,8,3,840.1371,1 1,South,2,1,47
0,3,8,2,840.8088,2 1,South,2,1,47
0,3,8,2,841.4081,3 1,South,2,1,47
0,3,8,1,842.2141,3 1,East,2,1,47
0,3,8,2,842.944,3 2,East,2,1,47
0,3,8,3,843.5244,3 2,South,2,1,47
0,3,8,2,844.2129,4 2,South,2,1,47
0,3,8,1,844.7742,4 2,East,2,1,47
0,3,8,2,845.3665,4 3,East,2,1,47
0,3,8,2,846.0009,4 4,East,2,1,47
0,3,8,1,846.837,4 4,North,2,1,47
0,3,8,2,847.5096,3 4,North,2,1,47
0,3,8,2,848.0709,2 4,North,2,1,47
0,3,8,2,849.1039,1 4,North,2,1,47
0,3,8,6,849.48,1 4,North,2,2,47
0,3,8,2,849.985,0 4,North,2,2,47
0,3,8,1,850.9028,0 4,West,2,2,47
0,3,8,1,851.8408,0 4,South,2,2,47
0,3,8,2,852.6476,1 4,South,2,2,47
0,3,8,3,853.3771,1 4,West,2,2,47
0,3,8,2,854.0707,1 3,West,2,2,47
0,3,8,1,854.7245,1 3,South,2,2,47
0,3,8,2,855.3912,2 3,South,2,2,47
0,3,8,3,856.0204,2 3,West,2,2,47
0,3,8,2,856.6759,2 2,West,2,2,47
0,3,8,3,857.2955,2 2,North,2,2,47
0,3,8,2,857.9246,1 2,North,2,2,47
0,3,8,2,858.4852,0 2,North,2,2,47
0,3,8,1,859.2986,0 2,West,2,2,47
0,3,8,2,859.9083,0 1,West,2,2,47
0,3,8,1,860.8186,0 1,South,2,2,47
0,3,8,1,861.5579,0 1,East,2,2,47
0,3,8,2,862.5304,0 2,East,2,2,47
0,3,8,3,863.424,0 2,South,2,2,47
0,3,8,2,864.0342,1 2,South,2,2,47
0,3,8,2,864.8823,2 2,South,2,2,47
0,3,8,1,865.7316,2 2,East,2,2,47
0,3,8,2,866.4252,2 3,East,2,2,47
0,3,8,1,867.0794,2 3,North,2,2,47
0,3,8,2,867.6556,1 3,North,2,2,47
0,3,8,3,868.2894,1 3,East,2,2,47
0,3,8,2,868.916,1 4,East,2,2,47
0,3,8,3,869.4263,1 4,South,2,2,47
0,3,8,2,870.0866,2 4,South,2,2,47
0,3,8,2,871.3295,3 4,South,2,2,47
0,3,8,2,872.1477,4 4,South,2,2,47
0,3,8,3,872.9614,4 4,West,2,2,47
0,3,8,2,873.503,4 3,West,2,2,47
0,3,8,2,874.337,4 2,West,2,2,47
0,3,8,3,874.8857,4 2,North,2,2,47
0,3,8,2,875.4561,3 2,North,2,2,47
0,3,8,3,876.0631,3 2,East,2,2,47
0,3,8,3,876.7076,3 2,South,2,2,47
0,3,8,3,877.6054,3 2,West,2,2,47
0,3,8,2,878.2272,3 1,West,2,2,47
0,3,8,3,878.8954,3 1,North,2,2,47
0,3,8,2,879.5215,2 1,North,2,2,47
0,3,8,2,880.4378,1 1,North,2,2,47
0,3,8,1,881.0727,1 1,West,2,2,47
0,3,8,2,881.684,1 0,West,2,2,47
0,3,8,1,882.3381,1 0,South,2,2,47
0,3,8,2,882.9338,2 0,South,2,2,47
0,3,8,2,883.7769,3 0,South,2,2,47
0,3,8,2,884.4183,4 0,South,2,2,47
0,3,8,1,885.3271,4 0,East,2,2,47
0,3,8,2,885.9706,4 1,East,2,2,47
0,3,8,6,886.38,4 1,East,2,3,47
0,3,8,1,886.6319,4 1,North,2,3,47
0,3,8,1,887.3829,4 1,West,2,3,47
0,3,8,2,888.0168,4 0,West,2,3,47
0,3,8,3,888.6304,4 0,North,2,3,47
0,3,8,2,889.2171,3 0,North,2,3,47
0,3,8,2,889.7966,2 0,North,2,3,47
0,3,8,2,890.3556,1 0,North,2,3,47
0,3,8,3,891.2206,1 0,East,2,3,47
0,3,8,2,891.8897,1 1,East,2,3,47
0,3,8,3,892.5119,1 1,South,2,3,47
0,3,8,2,893.138,2 1,South,2,3,47
0,3,8,2,893.7686,3 1,South,2,3,47
0,3,8,1,894.5942,3 1,East,2,3,47
0,3,8,2,895.4393,3 2,East,2,3,47
0,3,8,3,896.1357,3 2,South,2,3,47
0,3,8,2,896.8485,4 2,South,2,3,47
0,3,8,1,897.5052,4 2,East,2,3,47
0,3,8,2,898.0725,4 3,East,2,3,47
0,3,8,2,898.755,4 4,East,2,3,47
0,3,8,1,899.6537,4 4,North,2,3,47
0,3,8,2,900.2889,3 4,North,2,3,47
0,3,8,2,900.9167,2 4,North,2,3,47
0,3,8,2,901.7169,1 4,North,2,3,47
0,3,8,1,902.3591,1 4,West,2,3,47
0,3,8,3,903.185,1 4,North,2,3,47
0,3,8,1,903.8767,1 4,West,2,3,47
0,3,8,2,904.7576,1 3,West,2,3,47
0,3,8,1,905.3178,1 3,South,2,3,47
0,3,8,2,905.8954,2 3,South,2,3,47
0,3,8,6,906.26,2 3,South,2,4,47
0,3,8,3,906.821,2 3,West,2,4,47
0,3,8,2,907.3814,2 2,West,2,4,47
0,3,8,3,907.9258,2 2,North,2,4,47
0,3,8,2,908.5431,1 2,North,2,4,47
0,3,8,2,909.4167,0 2,North,2,4,47
0,3,8,6,909.8,0 2,North,2,5,47
0,3,8,1,910.2738,0 2,West,2,5,47
0,3,8,2,910.8511,0 1,West,2,5,47
0,3,8,1,911.5588,0 1,South,2,5,47
0,3,8,1,912.1294,0 1,East,2,5,47
0,3,8,2,912.723,0 2,East,2,5,47
0,3,8,3,913.7473,0 2,South,2,5,47
0,3,8,2,914.355,1 2,South,2,5,47
0,3,8,2,915.3159,2 2,South,2,5,47
0,3,8,1,915.9995,2 2,East,2,5,47
0,3,8,2,916.6437,2 3,East,2,5,47
0,3,8,1,917.2203,2 3,North,2,5,47
0,3,8,2,917.7759,1 3,North,2,5,47
0,3,8,3,918.7053,1 3,East,2,5,47
0,3,8,2,919.3188,1 4,East,2,5,47
0,3,8,1,919.8392,1 4,North,2,5,47
0,3,8,2,920.7062,0 4,North,2,5,47
0,3,8,1,921.6083,0 4,West,2,5,47
0,3,8,1,922.2733,0 4,South,2,5,47
0,3,8,2,923.0117,1 4,South,2,5,47
0,3,8,2,923.6183,2 4,South,2,5,47
0,3,8,2,924.2438,3 4,South,2,5,47
0,3,8,6,924.62,3 4,South,2,6,47
0,3,8,2,925.0112,4 4,South,2,6,47
0,3,8,3,925.5699,4 4,West,2,6,47
0,3,8,2,926.4652,4 3,West,2,6,47
0,3,8,2,927.0605,4 2,West,2,6,47
0,3,8,3,927.921,4 2,North,2,6,47
0,3,8,2,928.66,3 2,North,2,6,47
0,3,8,3,929.3055,3 2,East,2,6,47
0,3,8,3,929.8444,3 2,South,2,6,47
0,3,8,3,930.7545,3 2,West,2,6,47
0,3,8,2,931.4141,3 1,West,2,6,47
0,3,8,3,932.0509,3 1,North,2,6,47
0,3,8,2,932.6801,2 1,North,2,6,47
0,3,8,2,933.6537,1 1,North,2,6,47
0,3,8,1,934.2785,1 1,West,2,6,47
0,3,8,2,934.9814,1 0,West,2,6,47
0,3,8,1,935.5867,1 0,South,2,6,47
0,3,8,2,936.1443,2 0,South,2,6,47
0,3,8,2,936.9276,3 0,South,2,6,47
0,3,8,2,937.4774,4 0,South,2,6,47
0,3,8,1,938.015,4 0,East,2,6,47
0,3,8,1,939.0579,4 0,North,2,6,47
0,3,8,2,939.813,3 0,North,2,6,47
0,3,8,2,940.4675,2 0,North,2,6,47
0,3,8,2,941.4608,1 0,North,2,6,47
0,3,8,3,942.3209,1 0,East,2,6,47
0,3,8,2,942.966,1 1,East,2,6,47
0,3,8,3,943.72,1 1,South,2,6,47
0,3,8,2,944.3209,2 1,South,2,6,47
0,3,8,2,945.2026,3 1,South,2,6,47
0,3,8,1,945.7986,3 1,East,2,6,47
0,3,8,2,946.8342,3 2,East,2,6,47
0,3,8,3,947.3669,3 2,South,2,6,47
0,3,8,2,947.9924,4 2,South,2,6,47
0,3,8,1,948.5927,4 2,East,2,6,47
0,3,8,2,949.2059,4 3,East,2,6,47
0,3,8,2,950.1303,4 4,East,2,6,47
0,3,8,1,950.9292,4 4,North,2,6,47
0,3,8,2,951.4792,3 4,North,2,6,47
0,3,8,2,951.99,2 4,North,2,6,47
0,3,8,2,952.8527,1 4,North,2,6,47
0,3,8,2,953.5527,0 4,North,2,6,47
0,3,8,1,954.071,0 4,West,2,6,47
0,3,8,1,954.7412,0 4,South,2,6,47
0,3,8,2,955.3152,1 4,South,2,6,47
0,3,8,3,956.1752,1 4,West,2,6,47
0,3,8,2,956.7727,1 3,West,2,6,47
0,3,8,1,957.3347,1 3,South,2,6,47
0,3,8,2,957.9257,2 3,South,2,6,47
0,3,8,3,958.439,2 3,West,2,6,47
0,3,8,2,959.304,2 2,West,2,6,47
0,3,8,6,959.72,2 2,West,2,7,47
0,3,8,3,960.0709,2 2,North,2,7,47
0,3,8,2,960.9514,1 2,North,2,7,47
0,3,8,2,961.473,0 2,North,2,7,47
0,3,8,1,962.2413,0 2,West,2,7,47
0,3,8,2,962.7996,0 1,West,2,7,47
0,3,8,2,964.4329,0 0,West,2,7,47
0,3,8,2,965.0895,0 0,West,2,7,47
0,3,8,1,965.4595,0 0,South,2,7,47
0,3,8,1,966.0645,0 0,East,2,7,47
0,3,8,2,966.7098,0 1,East,2,7,47
0,3,8,2,967.3172,0 2,East,2,7,47
0,3,8,3,968.163,0 2,South,2,7,47
0,3,8,2,968.7709,1 2,South,2,7,47
0,3,8,2,969.7189,2 2,South,2,7,47
0,3,8,1,970.2807,2 2,East,2,7,47
0,3,8,2,970.832,2 3,East,2,7,47
0,3,8,1,971.3462,2 3,North,2,7,47
0,3,8,2,971.8565,1 3,North,2,7,47
0,3,8,3,972.7571,1 3,East,2,7,47
0,3,8,2,973.3511,1 4,East,2,7,47
0,3,8,3,973.9865,1 4,South,2,7,47
0,3,8,3,974.9016,1 4,West,2,7,47
0,3,8,1,976.5663,1 4,South,2,7,47
0,3,8,2,977.7845,2 4,South,2,7,47
0,3,8,6,978.16,2 4,South,2,8,47
3,3,8,1,985.1412,4 3,North,2,0,0
3,3,8,1,985.6572,4 2,North,2,0,0
3,3,8,2,986.2313,3 2,North,2,0,0
3,3,8,2,987.0598,3 2,North,2,0,1
3,3,8,1,987.5258,3 1,North,2,0,1
3,3,8,2,988.1029,2 1,North,2,0,1
3,3,8,3,988.6926,2 1,North,2,0,2
3,3,8,2,990.0481,1 1,North,2,0,2
3,3,8,3,990.6503,1 1,North,2,0,3
3,3,8,4,992.2454,2 1,North,2,0,3
3,3,8,4,992.9494,3 1,North,2,0,3
3,3,8,3,993.5563,3 2,North,2,0,3
3,3,8,3,994.2258,3 3,North,2,0,3
3,3,8,2,994.8538,3 3,North,2,0,4
3,3,8,4,995.4741,3 3,North,2,0,5
3,3,8,1,995.8892,3 2,North,2,0,5
3,3,8,1,996.5986,3 1,North,2,0,5
3,3,8,4,997.1229,3 1,North,2,0,6
3,3,8,3,997.5992,3 2,North,2,0,6
3,3,8,4,998.1635,4 2,North,2,0,6
3,3,8,3,999.0746,4 3,North,2,0,6
3,3,8,3,999.9705,4 4,North,2,0,6
3,3,8,2,1000.537,3 4,North,2,0,6
3,3,8,2,1001.159,2 4,North,2,0,6
3,3,8,1,1001.75,2 4,North,2,0,7
3,3,8,2,1002.407,1 4,North,2,0,7
3,3,8,1,1002.916,1 3,North,2,0,7
3,3,8,1,1003.512,1 3,North,2,0,8
3,3,8,4,1004.184,2 3,North,2,0,8
3,3,8,1,1004.786,2 2,North,2,0,8
3,3,8,6,1005.18,2 2,North,2,1,8
3,3,8,3,1005.747,2 3,North,2,1,8
3,3,8,3,1006.404,2 3,North,2,1,9
3,3,8,2,1006.882,1 3,North,2,1,9
3,3,8,3,1007.449,1 4,North,2,1,9
3,3,8,4,1008.149,2 4,North,2,1,9
3,3,8,4,1008.703,3 4,North,2,1,9
3,3,8,6,1009.06,3 4,North,2,2,9
3,3,8,2,1009.607,2 4,North,2,2,9
3,3,8,2,1010.201,1 4,North,2,2,9
3,3,8,1,1010.746,1 3,North,2,2,9
3,3,8,4,1011.3,2 3,North,2,2,9
3,3,8,6,1011.66,2 3,North,2,3,9
3,3,8,2,1012.119,1 3,North,2,3,9
3,3,8,3,1012.849,1 4,North,2,3,9
3,3,8,4,1013.573,2 4,North,2,3,9
3,3,8,4,1014.115,3 4,North,2,3,9
3,3,8,4,1014.643,4 4,North,2,3,9
3,3,8,1,1015.224,4 3,North,2,3,9
3,3,8,1,1016,4 2,North,2,3,9
3,3,8,6,1016.4,4 2,North,2,4,9
3,3,8,3,1016.895,4 3,North,2,4,9
3,3,8,3,1017.461,4 4,North,2,4,9
3,3,8,2,1018.339,3 4,North,2,4,9
3,3,8,2,1019.045,2 4,North,2,4,9
3,3,8,6,1019.42,2 4,North,2,5,9
3,3,8,4,1020.193,3 4,North,2,5,9
3,3,8,4,1020.833,4 4,North,2,5,9
3,3,8,1,1021.682,4 3,North,2,5,9
3,3,8,1,1022.258,4 2,North,2,5,9
3,3,8,1,1023.266,4 2,North,2,5,10
3,3,8,2,1023.891,3 2,North,2,5,10
3,3,8,2,1024.756,3 2,North,2,5,11
3,3,8,1,1025.106,3 1,North,2,5,11
3,3,8,2,1025.712,2 1,North,2,5,11
3,3,8,2,1027.064,1 1,North,2,5,11
3,3,8,1,1027.665,1 0,North,2,5,11
3,3,8,6,1028.06,1 0,North,2,6,11
3,3,8,3,1028.355,1 1,North,2,6,11
3,3,8,4,1028.917,2 1,North,2,6,11
3,3,8,4,1029.488,3 1,North,2,6,11
3,3,8,6,1029.86,3 1,North,2,7,11
3,3,8,3,1030.087,3 2,North,2,7,11
3,3,8,4,1032.612,4 2,North,2,7,11
3,3,8,3,1033.222,4 3,North,2,7,11
3,3,8,3,1033.766,4 4,North,2,7,11
3,3,8,2,1034.371,3 4,North,2,7,11
3,3,8,2,1034.921,2 4,North,2,7,11
3,3,8,2,1035.541,1 4,North,2,7,11
3,3,8,2,1036.207,0 4,North,2,7,11
3,3,8,1,1036.85,0 3,North,2,7,11
3,3,8,1,1037.49,0 3,North,2,7,12
3,3,8,3,1038.161,0 4,North,2,7,12
3,3,8,3,1038.868,0 4,North,2,7,12
3,3,8,4,1039.457,1 4,North,2,7,12
3,3,8,2,1040.275,0 4,North,2,7,12
3,3,8,1,1040.868,0 3,North,2,7,12
3,3,8,4,1041.583,0 3,North,2,7,13
3,3,8,1,1042.41,0 3,North,2,7,14
3,3,8,3,1042.795,0 4,North,2,7,14
3,3,8,4,1043.879,1 4,North,2,7,14
3,3,8,4,1044.405,2 4,North,2,7,14
3,3,8,4,1045.616,3 4,North,2,7,14
3,3,8,4,1046.226,4 4,North,2,7,14
3,3,8,1,1046.837,4 3,North,2,7,14
3,3,8,1,1047.351,4 2,North,2,7,14
3,3,8,2,1048.482,3 2,North,2,7,14
3,3,8,1,1049.445,3 1,North,2,7,14
3,3,8,2,1050.111,2 1,North,2,7,14
3,3,8,3,1050.673,2 1,North,2,7,15
3,3,8,1,1051.369,2 1,North,2,7,16
3,3,8,2,1051.827,1 1,North,2,7,16
3,3,8,2,1052.785,1 1,North,2,7,17
3,3,8,1,1053.33,1 0,North,2,7,17
3,3,8,2,1053.99,1 0,North,2,7,18
3,3,8,3,1055.699,1 1,North,2,7,18
3,3,8,3,1056.335,1 1,North,2,7,19
3,3,8,4,1057.06,2 1,North,2,7,19
3,3,8,3,1057.671,2 1,North,2,7,20
3,3,8,2,1058.437,1 1,North,2,7,20
3,3,8,2,1059.905,1 1,North,2,7,21
3,3,8,3,1060.37,1 1,North,2,7,22
3,3,8,3,1060.915,1 1,North,2,7,23
3,3,8,4,1061.315,2 1,North,2,7,23
3,3,8,4,1061.888,3 1,North,2,7,23
3,3,8,2,1063.232,2 1,North,2,7,23
3,3,8,3,1063.891,2 1,North,2,7,24
3,3,8,4,1064.377,3 1,North,2,7,24
3,3,8,3,1064.995,3 2,North,2,7,24
3,3,8,2,1066.2,3 2,North,2,7,25
3,3,8,3,1066.769,3 3,North,2,7,25
3,3,8,2,1067.395,3 3,North,2,7,26
3,3,8,1,1067.891,3 2,North,2,7,26
3,3,8,1,1068.465,3 1,North,2,7,26
3,3,8,3,1069.782,3 2,North,2,7,26
3,3,8,2,1070.376,3 2,North,2,7,27
3,3,8,4,1071.189,4 2,North,2,7,27
3,3,8,3,1073.301,4 3,North,2,7,27
3,3,8,2,1073.864,4 3,North,2,7,28
3,3,8,3,1074.576,4 4,North,2,7,28
3,3,8,2,1075.224,3 4,North,2,7,28
3,3,8,2,1075.833,2 4,North,2,7,28
3,3,8,1,1076.578,2 4,North,2,7,29
3,3,8,2,1077.185,1 4,North,2,7,29
3,3,8,1,1077.729,1 3,North,2,7,29
3,3,8,4,1078.679,2 3,North,2,7,29
3,3,8,1,1079.238,2 2,North,2,7,29
3,3,8,2,1079.874,1 2,North,2,7,29
3,3,8,2,1080.506,0 2,North,2,7,29
3,3,8,6,1080.88,0 2,North,2,8,29
0,3,9,2,1087.095,3 4,North,2,0,29
0,3,9,2,1087.714,2 4,North,2,0,29
0,3,9,2,1088.515,1 4,North,2,0,29
0,3,9,2,1089.381,0 4,North,2,0,29
0,3,9,1,1089.968,0 4,West,2,0,29
0,3,9,3,1091.702,0 4,North,2,0,29
0,3,9,3,1092.354,0 4,East,2,0,29
0,3,9,3,1093.089,0 4,South,2,0,29
0,3,9,2,1093.75,1 4,South,2,0,29
0,3,9,2,1094.5,2 4,South,2,0,29
0,3,9,3,1096.497,2 4,West,2,0,29
0,3,9,3,1097.302,2 4,North,2,0,29
0,3,9,2,1097.878,1 4,North,2,0,29
0,3,9,1,1098.753,1 4,West,2,0,29
0,3,9,2,1099.444,1 3,West,2,0,29
0,3,9,1,1100.086,1 3,South,2,0,29
0,3,9,2,1100.739,2 3,South,2,0,29
0,3,9,3,1101.352,2 3,West,2,0,29
0,3,9,2,1102.006,2 2,West,2,0,29
0,3,9,3,1102.568,2 2,North,2,0,29
0,3,9,2,1103.185,1 2,North,2,0,29
0,3,9,2,1103.794,0 2,North,2,0,29
0,3,9,1,1104.609,0 2,West,2,0,29
0,3,9,2,1105.224,0 1,West,2,0,29
0,3,9,3,1106.048,0 1,North,2,0,29
0,3,9,3,1107.028,0 1,East,2,0,29
0,3,9,2,1107.669,0 2,East,2,0,29
0,3,9,3,1108.241,0 2,South,2,0,29
0,3,9,2,1108.888,1 2,South,2,0,29
0,3,9,2,1109.887,2 2,South,2,0,29
0,3,9,1,1110.405,2 2,East,2,0,29
0,3,9,2,1110.993,2 3,East,2,0,29
0,3,9,1,1111.607,2 3,North,2,0,29
0,3,9,2,1112.231,1 3,North,2,0,29
0,3,9,3,1112.744,1 3,East,2,0,29
0,3,9,2,1113.329,1 4,East,2,0,29
0,3,9,3,1113.849,1 4,South,2,0,29
0,3,9,2,1114.47,2 4,South,2,0,29
0,3,9,2,1115.383,3 4,South,2,0,29
0,3,9,2,1116.082,4 4,South,2,0,29
0,3,9,3,1116.932,4 4,West,2,0,29
0,3,9,2,1117.509,4 3,West,2,0,29
0,3,9,2,1118.021,4 2,West,2,0,29
0,3,9,3,1118.852,4 2,North,2,0,29
0,3,9,2,1119.651,3 2,North,2,0,29
0,3,9,1,1120.161,3 2,West,2,0,29
0,3,9,2,1120.76,3 1,West,2,0,29
0,3,9,3,1121.584,3 1,North,2,0,29
0,3,9,2,1122.162,2 1,North,2,0,29
0,3,9,2,1122.705,1 1,North,2,0,29
0,3,9,6,1123.08,1 1,North,2,1,29
0,3,9,1,1123.747,1 1,West,2,1,29
0,3,9,1,1124.581,1 1,South,2,1,29
0,3,9,3,1125.159,1 1,West,2,1,29
0,3,9,2,1125.716,1 0,West,2,1,29
0,3,9,1,1126.387,1 0,South,2,1,29
0,3,9,2,1127.062,2 0,South,2,1,29
0,3,9,2,1128.065,3 0,South,2,1,29
0,3,9,6,1128.44,3 0,South,2,2,29
0,3,9,2,1129.297,4 0,South,2,2,29
0,3,9,1,1129.881,4 0,East,2,2,29
0,3,9,2,1130.534,4 1,East,2,2,29
0,3,9,3,1131.444,4 1,South,2,2,29
0,3,9,3,1132.085,4 1,West,2,2,29
0,3,9,3,1132.689,4 1,North,2,2,29
0,3,9,1,1133.332,4 1,West,2,2,29
0,3,9,2,1133.842,4 0,West,2,2,29
0,3,9,3,1134.672,4 0,North,2,2,29
0,3,9,2,1135.303,3 0,North,2,2,29
0,3,9,2,1136.13,2 0,North,2,2,29
0,3,9,2,1137.024,1 0,North,2,2,29
0,3,9,3,1137.67,1 0,East,2,2,29
0,3,9,2,1138.29,1 1,East,2,2,29
0,3,9,3,1138.918,1 1,South,2,2,29
0,3,9,2,1139.523,2 1,South,2,2,29
0,3,9,2,1140.054,3 1,South,2,2,29
0,3,9,1,1140.98,3 1,East,2,2,29
0,3,9,2,1141.764,3 2,East,2,2,29
0,3,9,3,1142.323,3 2,South,2,2,29
0,3,9,2,1142.95,4 2,South,2,2,29
0,3,9,1,1143.728,4 2,East,2,2,29
0,3,9,2,1144.34,4 3,East,2,2,29
0,3,9,2,1144.851,4 4,East,2,2,29
0,3,9,1,1145.681,4 4,North,2,2,29
0,3,9,2,1146.255,3 4,North,2,2,29
0,3,9,2,1146.783,2 4,North,2,2,29
0,3,9,2,1147.729,1 4,North,2,2,29
0,3,9,2,1148.465,0 4,North,2,2,29
0,3,9,1,1148.991,0 4,West,2,2,29
0,3,9,1,1149.813,0 4,South,2,2,29
0,3,9,2,1150.418,1 4,South,2,2,29
0,3,9,3,1150.993,1 4,West,2,2,29
0,3,9,2,1151.919,1 3,West,2,2,29
0,3,9,1,1152.656,1 3,South,2,2,29
0,3,9,2,1153.281,2 3,South,2,2,29
0,3,9,3,1153.954,2 3,West,2,2,29
0,3,9,2,1154.485,2 2,West,2,2,29
0,3,9,3,1155.375,2 2,North,2,2,29
0,3,9,2,1155.991,1 2,North,2,2,29
0,3,9,2,1156.517,0 2,North,2,2,29
0,3,9,1,1157.234,0 2,West,2,2,29
0,3,9,2,1157.873,0 1,West,2,2,29
0,3,9,6,1158.28,0 1,West,2,3,29
0,3,9,3,1158.869,0 1,North,2,3,29
0,3,9,3,1160.144,0 1,East,2,3,29
0,3,9,2,1161.187,0 2,East,2,3,29
0,3,9,3,1162.004,0 2,South,2,3,29
0,3,9,2,1162.545,1 2,South,2,3,29
0,3,9,2,1163.574,2 2,South,2,3,29
0,3,9,1,1164.096,2 2,East,2,3,29
0,3,9,2,1164.663,2 3,East,2,3,29
0,3,9,1,1165.239,2 3,North,2,3,29
0,3,9,2,1165.767,1 3,North,2,3,29
0,3,9,3,1166.369,1 3,East,2,3,29
0,3,9,2,1166.913,1 4,East,2,3,29
0,3,9,3,1167.496,1 4,South,2,3,29
0,3,9,2,1168.082,2 4,South,2,3,29
0,3,9,2,1168.978,3 4,South,2,3,29
0,3,9,2,1169.507,4 4,South,2,3,29
0,3,9,3,1170.329,4 4,West,2,3,29
0,3,9,2,1170.999,4 3,West,2,3,29
0,3,9,2,1171.604,4 2,West,2,3,29
0,3,9,3,1172.449,4 2,North,2,3,29
0,3,9,2,1173.007,3 2,North,2,3,29
0,3,9,1,1173.537,3 2,West,2,3,29
0,3,9,2,1174.098,3 1,West,2,3,29
0,3,9,3,1174.9,3 1,North,2,3,29
0,3,9,2,1175.414,2 1,North,2,3,29
0,3,9,2,1175.929,1 1,North,2,3,29
0,3,9,1,1176.784,1 1,West,2,3,29
0,3,9,2,1177.686,1 0,West,2,3,29
0,3,9,6,1178.1,1 0,West,2,4,29
0,3,9,1,1178.562,1 0,South,2,4,29
0,3,9,2,1179.59,2 0,South,2,4,29
0,3,9,2,1180.176,3 0,South,2,4,29
0,3,9,2,1180.705,4 0,South,2,4,29
0,3,9,1,1181.859,4 0,East,2,4,29
0,3,9,1,1182.561,4 0,North,2,4,29
0,3,9,2,1183.104,3 0,North,2,4,29
0,3,9,2,1183.616,2 0,North,2,4,29
0,3,9,2,1184.23,1 0,North,2,4,29
0,3,9,3,1185.008,1 0,East,2,4,29
0,3,9,2,1185.617,1 1,East,2,4,29
0,3,9,3,1186.209,1 1,South,2,4,29
0,3,9,2,1186.807,2 1,South,2,4,29
0,3,9,2,1187.831,3 1,South,2,4,29
0,3,9,1,1188.383,3 1,East,2,4,29
0,3,9,2,1189.142,3 2,East,2,4,29
0,3,9,3,1189.664,3 2,South,2,4,29
0,3,9,2,1190.29,4 2,South,2,4,29
0,3,9,1,1190.88,4 2,East,2,4,29
0,3,9,2,1191.462,4 3,East,2,4,29
0,3,9,2,1191.992,4 4,East,2,4,29
0,3,9,1,1192.871,4 4,North,2,4,29
0,3,9,2,1193.44,3 4,North,2,4,29
0,3,9,2,1194.389,2 4,North,2,4,29
0,3,9,2,1195.031,1 4,North,2,4,29
0,3,9,2,1195.88,0 4,North,2,4,29
0,3,9,6,1196.26,0 4,North,2,5,29
0,3,9,1,1196.6,0 4,West,2,5,29
0,3,9,1,1197.175,0 4,South,2,5,29
0,3,9,2,1198.32,1 4,South,2,5,29
0,3,9,3,1198.867,1 4,West,2,5,29
0,3,9,2,1199.398,1 3,West,2,5,29
0,3,9,1,1200.067,1 3,South,2,5,29
0,3,9,2,1200.58,2 3,South,2,5,29
0,3,9,3,1201.192,2 3,West,2,5,29
0,3,9,2,1202.224,2 2,West,2,5,29
0,3,9,3,1202.966,2 2,North,2,5,29
0,3,9,2,1203.537,1 2,North,2,5,29
0,3,9,2,1204.501,0 2,North,2,5,29
0,3,9,1,1205.297,0 2,West,2,5,29
0,3,9,1,1206.064,0 2,South,2,5,29
0,3,9,2,1206.799,1 2,South,2,5,29
0,3,9,1,1207.493,1 2,East,2,5,29
0,3,9,3,1208.052,1 2,South,2,5,29
0,3,9,2,1208.864,2 2,South,2,5,29
0,3,9,1,1209.477,2 2,East,2,5,29
0,3,9,2,1210.017,2 3,East,2,5,29
0,3,9,1,1210.608,2 3,North,2,5,29
0,3,9,2,1211.185,1 3,North,2,5,29
0,3,9,3,1212.198,1 3,East,2,5,29
0,3,9,2,1212.774,1 4,East,2,5,29
0,3,9,3,1213.351,1 4,South,2,5,29
0,3,9,2,1213.974,2 4,South,2,5,29
0,3,9,2,1214.866,3 4,South,2,5,29
0,3,9,2,1215.491,4 4,South,2,5,29
0,3,9,3,1216.006,4 4,West,2,5,29
0,3,9,2,1216.593,4 3,West,2,5,29
0,3,9,2,1217.638,4 2,West,2,5,29
0,3,9,3,1218.16,4 2,North,2,5,29
0,3,9,2,1218.711,3 2,North,2,5,29
0,3,9,1,1219.624,3 2,West,2,5,29
0,3,9,2,1220.167,3 1,West,2,5,29
0,3,9,6,1220.58,3 1,West,2,6,29
0,3,9,3,1220.918,3 1,North,2,6,29
0,3,9,2,1221.477,2 1,North,2,6,29
0,3,9,2,1222.29,1 1,North,2,6,29
0,3,9,1,1223.09,1 1,West,2,6,29
0,3,9,1,1223.971,1 1,South,2,6,29
0,3,9,3,1224.549,1 1,West,2,6,29
0,3,9,2,1225.157,1 0,West,2,6,29
0,3,9,1,1225.705,1 0,South,2,6,29
0,3,9,2,1226.581,2 0,South,2,6,29
0,3,9,2,1227.428,3 0,South,2,6,29
0,3,9,2,1228.28,4 0,South,2,6,29
0,3,9,1,1229.209,4 0,East,2,6,29
0,3,9,1,1230.15,4 0,North,2,6,29
0,3,9,2,1230.713,3 0,North,2,6,29
0,3,9,2,1231.599,2 0,North,2,6,29
0,3,9,2,1232.472,1 0,North,2,6,29
0,3,9,3,1233.106,1 0,East,2,6,29
0,3,9,2,1233.697,1 1,East,2,6,29
0,3,9,3,1234.501,1 1,South,2,6,29
0,3,9,2,1235.088,2 1,South,2,6,29
0,3,9,2,1235.889,3 1,South,2,6,29
0,3,9,1,1236.821,3 1,East,2,6,29
0,3,9,2,1237.524,3 2,East,2,6,29
0,3,9,3,1238.055,3 2,South,2,6,29
0,3,9,2,1238.656,4 2,South,2,6,29
0,3,9,1,1239.187,4 2,East,2,6,29
0,3,9,2,1239.842,4 3,East,2,6,29
0,3,9,1,1240.537,4 3,North,2,6,29
0,3,9,3,1241.591,4 3,East,2,6,29
0,3,9,2,1242.279,4 4,East,2,6,29
0,3,9,1,1242.992,4 4,North,2,6,29
0,3,9,2,1243.522,3 4,North,2,6,29
0,3,9,2,1244.21,2 4,North,2,6,29
0,3,9,2,1244.85,1 4,North,2,6,29
0,3,9,1,1245.57,1 4,West,2,6,29
0,3,9,2,1246.129,1 3,West,2,6,29
0,3,9,6,1246.54,1 3,West,2,7,29
0,3,9,3,1248.291,1 3,North,2,7,29
0,3,9,3,1248.916,1 3,East,2,7,29
0,3,9,2,1249.495,1 4,East,2,7,29
0,3,9,1,1250.069,1 4,North,2,7,29
0,3,9,2,1250.72,0 4,North,2,7,29
0,3,9,1,1251.239,0 4,West,2,7,29
0,3,9,1,1251.783,0 4,South,2,7,29
0,3,9,2,1252.662,1 4,South,2,7,29
0,3,9,3,1253.2,1 4,West,2,7,29
0,3,9,2,1253.815,1 3,West,2,7,29
0,3,9,1,1254.663,1 3,South,2,7,29
0,3,9,2,1255.186,2 3,South,2,7,29
0,3,9,3,1255.699,2 3,West,2,7,29
0,3,9,2,1256.291,2 2,West,2,7,29
0,3,9,3,1257.12,2 2,North,2,7,29
0,3,9,2,1257.699,1 2,North,2,7,29
0,3,9,2,1258.26,0 2,North,2,7,29
0,3,9,1,1259.125,0 2,West,2,7,29
0,3,9,1,1259.654,0 2,South,2,7,29
0,3,9,2,1260.419,1 2,South,2,7,29
0,3,9,1,1261.143,1 2,East,2,7,29
0,3,9,3,1261.893,1 2,South,2,7,29
0,3,9,2,1262.776,2 2,South,2,7,29
0,3,9,1,1263.476,2 2,East,2,7,29
0,3,9,2,1264.21,2 3,East,2,7,29
0,3,9,2,1265.013,2 3,East,2,7,29
0,3,9,1,1265.392,2 3,North,2,7,29
0,3,9,2,1266.214,1 3,North,2,7,29
0,3,9,3,1267.129,1 3,East,2,7,29
0,3,9,2,1267.76,1 4,East,2,7,29
0,3,9,3,1268.309,1 4,South,2,7,29
0,3,9,2,1268.896,2 4,South,2,7,29
0,3,9,2,1269.606,3 4,South,2,7,29
0,3,9,2,1270.487,4 4,South,2,7,29
0,3,9,3,1271.251,4 4,West,2,7,29
0,3,9,2,1271.94,4 3,West,2,7,29
0,3,9,2,1272.529,4 2,West,2,7,29
0,3,9,3,1273.078,4 2,North,2,7,29
0,3,9,2,1273.67,3 2,North,2,7,29
0,3,9,3,1274.24,3 2,East,2,7,29
0,3,9,2,1274.821,3 3,East,2,7,29
0,3,9,6,1275.24,3 3,East,2,8,29
3,3,9,2,1280.07,3 4,North,2,0,0
3,3,9,2,1281.267,2 4,North,2,0,0
3,3,9,2,1281.906,1 4,North,2,0,0
3,3,9,2,1282.486,0 4,North,2,0,0
3,3,9,6,1282.88,0 4,North,2,1,0
3,3,9,4,1283.382,1 4,North,2,1,0
3,3,9,4,1285.106,2 4,North,2,1,0
3,3,9,4,1285.946,3 4,North,2,1,0
3,3,9,4,1286.596,4 4,North,2,1,0
3,3,9,1,1287.33,4 3,North,2,1,0
3,3,9,2,1288.006,4 3,North,2,1,1
3,3,9,3,1289.363,4 4,North,2,1,1
3,3,9,2,1289.898,3 4,North,2,1,1
3,3,9,1,1290.768,3 4,North,2,1,2
3,3,9,4,1292.133,4 4,North,2,1,2
3,3,9,1,1292.786,4 3,North,2,1,2
3,3,9,1,1293.343,4 2,North,2,1,2
3,3,9,2,1293.989,3 2,North,2,1,2
3,3,9,3,1294.646,3 3,North,2,1,2
3,3,9,6,1295.04,3 3,North,2,2,2
3,3,9,1,1295.448,3 2,North,2,2,2
3,3,9,1,1298.608,3 1,North,2,2,2
3,3,9,2,1300.466,2 1,North,2,2,2
3,3,9,3,1301.073,2 1,North,2,2,3
3,3,9,1,1302.018,2 1,North,2,2,4
3,3,9,2,1304.506,1 1,North,2,2,4
3,3,9,6,1304.88,1 1,North,2,3,4
3,3,9,4,1305.368,2 1,North,2,3,4
3,3,9,4,1306.946,3 1,North,2,3,4
3,3,9,1,1308.452,3 1,North,2,3,5
3,3,9,4,1308.96,3 1,North,2,3,6
3,3,9,4,1309.795,3 1,North,2,3,7
3,3,9,3,1310.451,3 2,North,2,3,7
3,3,9,4,1311.065,4 2,North,2,3,7
3,3,9,1,1311.749,4 2,North,2,3,8
3,3,9,2,1315.716,3 2,North,2,3,8
3,3,9,1,1316.485,3 1,North,2,3,8
3,3,9,2,1317.888,2 1,North,2,3,8
3,3,9,3,1318.576,2 1,North,2,3,9
3,3,9,1,1319.185,2 1,North,2,3,10
3,3,9,2,1319.701,1 1,North,2,3,10
3,3,9,2,1320.87,1 1,North,2,3,11
3,3,9,1,1321.312,1 0,North,2,3,11
3,3,9,4,1321.985,2 0,North,2,3,11
3,3,9,4,1322.568,3 0,North,2,3,11
3,3,9,6,1322.92,3 0,North,2,4,11
3,3,9,2,1323.225,2 0,North,2,4,11
3,3,9,2,1323.826,1 0,North,2,4,11
3,3,9,3,1324.443,1 1,North,2,4,11
3,3,9,3,1325.017,1 1,North,2,4,12
3,3,9,4,1325.618,2 1,North,2,4,12
3,3,9,4,1326.377,3 1,North,2,4,12
3,3,9,3,1328.384,3 2,North,2,4,12
3,3,9,4,1329.081,4 2,North,2,4,12
3,3,9,3,1329.943,4 3,North,2,4,12
3,3,9,3,1330.61,4 4,North,2,4,12
3,3,9,2,1331.446,3 4,North,2,4,12
3,3,9,2,1332.069,2 4,North,2,4,12
3,3,9,2,1332.679,1 4,North,2,4,12
3,3,9,1,1333.285,1 3,North,2,4,12
3,3,9,6,1333.7,1 3,North,2,5,12
3,3,9,3,1334.084,1 4,North,2,5,12
3,3,9,4,1334.869,2 4,North,2,5,12
3,3,9,4,1335.442,3 4,North,2,5,12
3,3,9,4,1336.114,4 4,North,2,5,12
3,3,9,1,1336.807,4 3,North,2,5,12
3,3,9,1,1337.364,4 2,North,2,5,12
3,3,9,1,1337.959,4 2,North,2,5,13
3,3,9,2,1338.602,3 2,North,2,5,13
3,3,9,1,1339.318,3 1,North,2,5,13
3,3,9,2,1340.201,2 1,North,2,5,13
3,3,9,3,1341.076,2 1,North,2,5,14
3,3,9,1,1341.637,2 1,North,2,5,15
3,3,9,2,1342.084,1 1,North,2,5,15
3,3,9,1,1343.522,1 0,North,2,5,15
3,3,9,2,1344.179,1 0,North,2,5,16
3,3,9,3,1344.837,1 1,North,2,5,16
3,3,9,2,1345.481,1 1,North,2,5,17
3,3,9,1,1346.138,1 0,North,2,5,17
3,3,9,3,1347.496,1 1,North,2,5,17
3,3,9,3,1348.102,1 1,North,2,5,18
3,3,9,2,1349.216,1 1,North,2,5,19
3,3,9,4,1349.586,2 1,North,2,5,19
3,3,9,3,1350.23,2 1,North,2,5,20
3,3,9,4,1350.897,3 1,North,2,5,20
3,3,9,3,1352.616,3 2,North,2,5,20
3,3,9,2,1353.239,3 2,North,2,5,21
3,3,9,1,1354.611,3 1,North,2,5,21
3,3,9,3,1355.224,3 2,North,2,5,21
3,3,9,3,1355.778,3 3,North,2,5,21
3,3,9,2,1356.406,3 3,North,2,5,22
3,3,9,2,1357.14,3 3,North,2,5,23
3,3,9,1,1357.464,3 2,North,2,5,23
3,3,9,2,1361.249,3 2,North,2,5,24
3,3,9,1,1361.623,3 1,North,2,5,24
3,3,9,4,1362.231,3 1,North,2,5,25
3,3,9,1,1362.937,3 1,North,2,5,26
3,3,9,2,1363.526,2 1,North,2,5,26
3,3,9,1,1364.312,2 1,North,2,5,27
3,3,9,1,1366.243,2 1,North,2,5,28
3,3,9,4,1366.689,3 1,North,2,5,28
3,3,9,1,1367.318,3 1,North,2,5,29
3,3,9,3,1368.135,3 2,North,2,5,29
3,3,9,3,1368.769,3 3,North,2,5,29
3,3,9,4,1369.6,3 3,North,2,5,30
3,3,9,1,1370.307,3 2,North,2,5,30
3,3,9,4,1371.014,4 2,North,2,5,30
3,3,9,1,1371.748,4 2,North,2,5,31
3,3,9,2,1372.275,3 2,North,2,5,31
3,3,9,2,1372.871,3 2,North,2,5,32
3,3,9,1,1373.449,3 1,North,2,5,32
3,3,9,1,1374.535,3 1,North,2,5,33
3,3,9,2,1374.995,2 1,North,2,5,33
3,3,9,2,1375.686,1 1,North,2,5,33
3,3,9,3,1377.142,1 1,North,2,5,34
3,3,9,1,1377.681,1 0,North,2,5,34
3,3,9,2,1378.277,1 0,North,2,5,35
3,3,9,3,1379.383,1 1,North,2,5,35
3,3,9,4,1384.735,2 1,North,2,5,35
3,3,9,3,1385.464,2 1,North,2,5,36
3,3,9,1,1386.05,2 1,North,2,5,37
3,3,9,4,1386.673,3 1,North,2,5,37
3,3,9,3,1387.279,3 2,North,2,5,37
3,3,9,2,1388.025,3 2,North,2,5,38
3,3,9,3,1388.565,3 3,North,2,5,38
3,3,9,2,1389.156,3 3,North,2,5,39
3,3,9,3,1389.81,3 3,North,2,5,40
3,3,9,1,1390.626,3 2,North,2,5,40
3,3,9,4,1391.268,4 2,North,2,5,40
3,3,9,3,1392.033,4 3,North,2,5,40
3,3,9,3,1392.583,4 4,North,2,5,40
3,3,9,2,1393.199,3 4,North,2,5,40
3,3,9,2,1393.828,2 4,North,2,5,40
3,3,9,2,1394.512,1 4,North,2,5,40
3,3,9,1,1395.157,1 3,North,2,5,40
3,3,9,4,1395.896,2 3,North,2,5,40
3,3,9,1,1396.472,2 2,North,2,5,40
3,3,9,2,1397.126,1 2,North,2,5,40
3,3,9,1,1398.978,1 2,North,2,5,41
3,3,9,2,1399.521,0 2,North,2,5,41
3,3,9,1,1400.15,0 1,North,2,5,41
3,3,9,6,1400.56,0 1,North,2,6,41
3,3,9,3,1400.89,0 2,North,2,6,41
3,3,9,4,1401.478,1 2,North,2,6,41
3,3,9,4,1401.991,2 2,North,2,6,41
3,3,9,3,1402.658,2 3,North,2,6,41
3,3,9,2,1403.216,1 3,North,2,6,41
3,3,9,3,1403.941,1 4,North,2,6,41
3,3,9,4,1404.754,2 4,North,2,6,41
3,3,9,4,1405.44,3 4,North,2,6,41
3,3,9,4,1406.307,4 4,North,2,6,41
3,3,9,1,1406.946,4 3,North,2,6,41
3,3,9,1,1407.489,4 2,North,2,6,41
3,3,9,2,1408.16,3 2,North,2,6,41
3,3,9,2,1409.042,3 2,North,2,6,42
3,3,9,1,1409.443,3 1,North,2,6,42
3,3,9,2,1410.05,2 1,North,2,6,42
3,3,9,1,1410.745,2 1,North,2,6,43
3,3,9,2,1411.904,1 1,North,2,6,43
3,3,9,1,1412.484,1 0,North,2,6,43
3,3,9,4,1413.121,2 0,North,2,6,43
3,3,9,6,1413.48,2 0,North,2,7,43
3,3,9,2,1413.781,1 0,North,2,7,43
3,3,9,3,1414.418,1 1,North,2,7,43
3,3,9,4,1415.43,2 1,North,2,7,43
3,3,9,3,1416.112,2 1,North,2,7,44
3,3,9,4,1417.124,3 1,North,2,7,44
3,3,9,3,1418.1,3 2,North,2,7,44
3,3,9,1,1419.753,3 1,North,2,7,44
3,3,9,3,1420.849,3 2,North,2,7,44
3,3,9,4,1421.459,4 2,North,2,7,44
3,3,9,1,1422.102,4 2,North,2,7,45
3,3,9,2,1422.586,3 2,North,2,7,45
3,3,9,1,1423.235,3 1,North,2,7,45
3,3,9,4,1423.887,3 1,North,2,7,46
3,3,9,1,1424.497,3 1,North,2,7,47
3,3,9,3,1426.567,3 2,North,2,7,47
3,3,9,1,1428.484,3 1,North,2,7,47
3,3,9,2,1429.077,2 1,North,2,7,47
3,3,9,1,1429.642,2 1,North,2,7,48
3,3,9,2,1430.793,1 1,North,2,7,48
3,3,9,1,1431.382,1 0,North,2,7,48
3,3,9,4,1432.018,2 0,North,2,7,48
3,3,9,4,1432.713,3 0,North,2,7,48
3,3,9,4,1433.313,4 0,North,2,7,48
3,3,9,3,1433.944,4 1,North,2,7,48
3,3,9,6,1434.34,4 1,North,2,8,48
0,4,10,2,1440.672,3 4,North,2,0,48
0,4,10,2,1441.279,2 4,North,2,0,48
0,4,10,2,1441.957,1 4,North,2,0,48
0,4,10,1,1442.599,1 4,West,2,0,48
0,4,10,2,1443.52,1 3,West,2,0,48
0,4,10,1,1444.137,1 3,South,2,0,48
0,4,10,2,1444.753,2 3,South,2,0,48
0,4,10,3,1445.398,2 3,West,2,0,48
0,4,10,2,1446.196,2 2,West,2,0,48
0,4,10,6,1446.62,2 2,West,2,1,48
0,4,10,3,1446.966,2 2,North,2,1,48
0,4,10,2,1447.637,1 2,North,2,1,48
0,4,10,2,1448.246,0 2,North,2,1,48
0,4,10,1,1449.071,0 2,West,2,1,48
0,4,10,1,1450.002,0 2,South,2,1,48
0,4,10,2,1450.631,1 2,South,2,1,48
0,4,10,2,1451.248,2 2,South,2,1,48
0,4,10,1,1451.827,2 2,East,2,1,48
0,4,10,2,1452.482,2 3,East,2,1,48
0,4,10,1,1453.06,2 3,North,2,1,48
0,4,10,2,1453.731,1 3,North,2,1,48
0,4,10,3,1454.323,1 3,East,2,1,48
0,4,10,2,1454.995,1 4,East,2,1,48
0,4,10,6,1455.4,1 4,East,2,2,48
0,4,10,3,1455.639,1 4,South,2,2,48
0,4,10,2,1456.213,2 4,South,2,2,48
0,4,10,2,1457.001,3 4,South,2,2,48
0,4,10,2,1457.557,4 4,South,2,2,48
0,4,10,3,1458.406,4 4,West,2,2,48
0,4,10,2,1459.013,4 3,West,2,2,48
0,4,10,2,1460.006,4 2,West,2,2,48
0,4,10,3,1460.601,4 2,North,2,2,48
0,4,10,2,1461.231,3 2,North,2,2,48
0,4,10,1,1461.809,3 2,West,2,2,48
0,4,10,2,1462.434,3 1,West,2,2,48
0,4,10,6,1462.84,3 1,West,2,3,48
0,4,10,3,1463.063,3 1,North,2,3,48
0,4,10,2,1463.673,2 1,North,2,3,48
0,4,10,2,1464.185,1 1,North,2,3,48
0,4,10,1,1464.963,1 1,West,2,3,48
0,4,10,2,1466.005,1 0,West,2,3,48
0,4,10,1,1466.611,1 0,South,2,3,48
0,4,10,2,1467.539,2 0,South,2,3,48
0,4,10,2,1468.439,3 0,South,2,3,48
0,4,10,2,1469.061,4 0,South,2,3,48
0,4,10,1,1469.606,4 0,East,2,3,48
0,4,10,2,1470.197,4 1,East,2,3,48
0,4,10,1,1470.712,4 1,North,2,3,48
0,4,10,1,1471.592,4 1,West,2,3,48
0,4,10,2,1472.119,4 0,West,2,3,48
0,4,10,3,1472.745,4 0,North,2,3,48
0,4,10,2,1473.332,3 0,North,2,3,48
0,4,10,2,1473.888,2 0,North,2,3,48
0,4,10,2,1474.512,1 0,North,2,3,48
0,4,10,3,1475.044,1 0,East,2,3,48
0,4,10,2,1475.623,1 1,East,2,3,48
0,4,10,3,1476.175,1 1,South,2,3,48
0,4,10,2,1476.754,2 1,South,2,3,48
0,4,10,2,1477.762,3 1,South,2,3,48
0,4,10,1,1478.357,3 1,East,2,3,48
0,4,10,2,1478.945,3 2,East,2,3,48
0,4,10,3,1479.556,3 2,South,2,3,48
0,4,10,2,1480.153,4 2,South,2,3,48
0,4,10,1,1480.675,4 2,East,2,3,48
0,4,10,2,1481.203,4 3,East,2,3,48
0,4,10,2,1482.112,4 4,East,2,3,48
0,4,10,1,1482.962,4 4,North,2,3,48
0,4,10,2,1483.539,3 4,North,2,3,48
0,4,10,2,1484.272,2 4,North,2,3,48
0,4,10,2,1484.898,1 4,North,2,3,48
0,4,10,2,1485.636,0 4,North,2,3,48
0,4,10,1,1486.58,0 4,West,2,3,48
0,4,10,1,1487.185,0 4,South,2,3,48
0,4,10,2,1487.698,1 4,South,2,3,48
0,4,10,3,1488.614,1 4,West,2,3,48
0,4,10,2,1489.186,1 3,West,2,3,48
0,4,10,1,1489.735,1 3,South,2,3,48
0,4,10,2,1490.368,2 3,South,2,3,48
0,4,10,3,1491.217,2 3,West,2,3,48
0,4,10,2,1491.76,2 2,West,2,3,48
0,4,10,3,1492.329,2 2,North,2,3,48
0,4,10,2,1492.852,1 2,North,2,3,48
0,4,10,6,1493.24,1 2,North,2,4,48
0,4,10,2,1493.977,0 2,North,2,4,48
0,4,10,1,1494.809,0 2,West,2,4,48
0,4,10,2,1495.413,0 1,West,2,4,48
0,4,10,1,1496.018,0 1,South,2,4,48
0,4,10,1,1496.577,0 1,East,2,4,48
0,4,10,2,1497.601,0 2,East,2,4,48
0,4,10,3,1498.143,0 2,South,2,4,48
0,4,10,2,1498.752,1 2,South,2,4,48
0,4,10,2,1499.648,2 2,South,2,4,48
0,4,10,1,1500.211,2 2,East,2,4,48
0,4,10,2,1500.727,2 3,East,2,4,48
0,4,10,1,1501.312,2 3,North,2,4,48
0,4,10,2,1501.907,1 3,North,2,4,48
0,4,10,3,1502.417,1 3,East,2,4,48
0,4,10,2,1503.001,1 4,East,2,4,48
0,4,10,3,1503.649,1 4,South,2,4,48
0,4,10,2,1504.196,2 4,South,2,4,48
0,4,10,6,1504.58,2 4,South,2,5,48
0,4,10,2,1504.759,3 4,South,2,5,48
0,4,10,2,1505.395,4 4,South,2,5,48
0,4,10,3,1506.262,4 4,West,2,5,48
0,4,10,3,1507.025,4 4,North,2,5,48
0,4,10,2,1507.698,3 4,North,2,5,48
0,4,10,2,1508.211,2 4,North,2,5,48
0,4,10,2,1508.809,1 4,North,2,5,48
0,4,10,2,1509.68,0 4,North,2,5,48
0,4,10,1,1510.193,0 4,West,2,5,48
0,4,10,1,1511.12,0 4,South,2,5,48
0,4,10,2,1511.825,1 4,South,2,5,48
0,4,10,2,1512.423,2 4,South,2,5,48
0,4,10,2,1513.031,3 4,South,2,5,48
0,4,10,2,1513.576,4 4,South,2,5,48
0,4,10,3,1514.483,4 4,West,2,5,48
0,4,10,2,1515.124,4 3,West,2,5,48
0,4,10,2,1515.713,4 2,West,2,5,48
0,4,10,3,1516.233,4 2,North,2,5,48
0,4,10,2,1516.838,3 2,North,2,5,48
0,4,10,1,1517.831,3 2,West,2,5,48
0,4,10,2,1518.355,3 1,West,2,5,48
0,4,10,3,1518.898,3 1,North,2,5,48
0,4,10,2,1519.494,2 1,North,2,5,48
0,4,10,2,1520.068,1 1,North,2,5,48
0,4,10,1,1520.886,1 1,West,2,5,48
0,4,10,2,1521.52,1 0,West,2,5,48
0,4,10,1,1522.037,1 0,South,2,5,48
0,4,10,2,1523.074,2 0,South,2,5,48
0,4,10,2,1523.877,3 0,South,2,5,48
0,4,10,2,1524.773,4 0,South,2,5,48
0,4,10,1,1525.64,4 0,East,2,5,48
0,4,10,3,1526.521,4 0,South,2,5,48
0,4,10,3,1527.343,4 0,West,2,5,48
0,4,10,3,1528.481,4 0,North,2,5,48
0,4,10,2,1529.093,3 0,North,2,5,48
0,4,10,2,1529.699,2 0,North,2,5,48
0,4,10,2,1530.258,1 0,North,2,5,48
0,4,10,3,1530.865,1 0,East,2,5,48
0,4,10,2,1531.476,1 1,East,2,5,48
0,4,10,3,1532.088,1 1,South,2,5,48
0,4,10,2,1532.64,2 1,South,2,5,48
0,4,10,2,1533.524,3 1,South,2,5,48
0,4,10,1,1534.08,3 1,East,2,5,48
0,4,10,2,1534.728,3 2,East,2,5,48
0,4,10,3,1535.27,3 2,South,2,5,48
0,4,10,2,1535.83,4 2,South,2,5,48
0,4,10,1,1536.371,4 2,East,2,5,48
0,4,10,2,1537.281,4 3,East,2,5,48
0,4,10,2,1538.115,4 4,East,2,5,48
0,4,10,1,1538.864,4 4,North,2,5,48
0,4,10,2,1539.698,3 4,North,2,5,48
0,4,10,2,1540.211,2 4,North,2,5,48
0,4,10,2,1541.061,1 4,North,2,5,48
0,4,10,2,1541.637,0 4,North,2,5,48
0,4,10,1,1542.149,0 4,West,2,5,48
0,4,10,1,1542.839,0 4,South,2,5,48
0,4,10,2,1543.809,1 4,South,2,5,48
0,4,10,3,1544.423,1 4,West,2,5,48
0,4,10,2,1544.964,1 3,West,2,5,48
0,4,10,1,1545.943,1 3,South,2,5,48
0,4,10,2,1546.455,2 3,South,2,5,48
0,4,10,3,1547.044,2 3,West,2,5,48
0,4,10,2,1547.584,2 2,West,2,5,48
0,4,10,3,1548.13,2 2,North,2,5,48
0,4,10,2,1548.691,1 2,North,2,5,48
0,4,10,2,1549.553,0 2,North,2,5,48
0,4,10,6,1549.94,0 2,North,2,6,48
0,4,10,1,1550.231,0 2,West,2,6,48
0,4,10,1,1551.267,0 2,South,2,6,48
0,4,10,2,1552.194,1 2,South,2,6,48
0,4,10,2,1552.804,2 2,South,2,6,48
0,4,10,1,1553.671,2 2,East,2,6,48
0,4,10,2,1554.231,2 3,East,2,6,48
0,4,10,6,1554.64,2 3,East,2,7,48
0,4,10,1,1555.106,2 3,North,2,7,48
0,4,10,2,1555.616,1 3,North,2,7,48
0,4,10,3,1556.183,1 3,East,2,7,48
0,4,10,2,1556.696,1 4,East,2,7,48
0,4,10,1,1557.327,1 4,North,2,7,48
0,4,10,3,1557.97,1 4,East,2,7,48
0,4,10,3,1558.497,1 4,South,2,7,48
0,4,10,3,1559.121,1 4,West,2,7,48
0,4,10,1,1560.115,1 4,South,2,7,48
0,4,10,2,1560.722,2 4,South,2,7,48
0,4,10,2,1561.491,3 4,South,2,7,48
0,4,10,2,1562.176,4 4,South,2,7,48
0,4,10,3,1562.79,4 4,West,2,7,48
0,4,10,2,1563.367,4 3,West,2,7,48
0,4,10,2,1564.214,4 2,West,2,7,48
0,4,10,3,1564.774,4 2,North,2,7,48
0,4,10,2,1565.352,3 2,North,2,7,48
0,4,10,3,1566.169,3 2,East,2,7,48
0,4,10,3,1566.771,3 2,South,2,7,48
0,4,10,3,1567.574,3 2,West,2,7,48
0,4,10,2,1568.197,3 1,West,2,7,48
0,4,10,3,1568.841,3 1,North,2,7,48
0,4,10,2,1569.4,2 1,North,2,7,48
0,4,10,2,1570.183,1 1,North,2,7,48
0,4,10,1,1571.091,1 1,West,2,7,48
0,4,10,2,1571.776,1 0,West,2,7,48
0,4,10,1,1572.326,1 0,South,2,7,48
0,4,10,2,1573.413,2 0,South,2,7,48
0,4,10,6,1573.8,2 0,South,2,8,48
3,4,10,2,1579.219,3 4,North,2,0,0
3,4,10,2,1580.197,2 4,North,2,0,0
3,4,10,2,1580.906,1 4,North,2,0,0
3,4,10,6,1581.28,1 4,North,2,1,0
3,4,10,2,1581.745,0 4,North,2,1,0
3,4,10,1,1582.536,0 3,North,2,1,0
3,4,10,1,1583.319,0 3,North,2,1,1
3,4,10,3,1584.274,0 4,North,2,1,1
3,4,10,4,1584.98,1 4,North,2,1,1
3,4,10,4,1585.571,2 4,North,2,1,1
3,4,10,4,1588.054,3 4,North,2,1,1
3,4,10,4,1588.594,4 4,North,2,1,1
3,4,10,1,1589.208,4 3,North,2,1,1
3,4,10,1,1589.764,4 2,North,2,1,1
3,4,10,2,1590.336,3 2,North,2,1,1
3,4,10,1,1593.159,3 1,North,2,1,1
3,4,10,2,1593.712,2 1,North,2,1,1
3,4,10,3,1594.339,2 1,North,2,1,2
3,4,10,1,1596.147,2 1,North,2,1,3
3,4,10,3,1596.678,2 1,North,2,1,4
3,4,10,4,1597.187,3 1,North,2,1,4
3,4,10,3,1597.78,3 2,North,2,1,4
3,4,10,2,1598.383,3 2,North,2,1,5
3,4,10,1,1598.982,3 1,North,2,1,5
3,4,10,2,1599.64,2 1,North,2,1,5
3,4,10,2,1600.25,1 1,North,2,1,5
3,4,10,3,1602.97,1 1,North,2,1,6
3,4,10,2,1603.542,1 1,North,2,1,7
3,4,10,1,1604.561,1 0,North,2,1,7
3,4,10,2,1605.156,1 0,North,2,1,8
3,4,10,3,1606.665,1 1,North,2,1,8
3,4,10,3,1607.271,1 1,North,2,1,9
3,4,10,4,1607.786,2 1,North,2,1,9
3,4,10,3,1608.391,2 1,North,2,1,10
3,4,10,4,1608.992,3 1,North,2,1,10
3,4,10,3,1609.56,3 2,North,2,1,10
3,4,10,2,1610.196,3 2,North,2,1,11
3,4,10,1,1611.285,3 1,North,2,1,11
3,4,10,2,1612.18,2 1,North,2,1,11
3,4,10,1,1614.289,2 1,North,2,1,12
3,4,10,2,1614.886,1 1,North,2,1,12
3,4,10,1,1615.84,1 0,North,2,1,12
3,4,10,2,1616.567,1 0,North,2,1,13
3,4,10,3,1617.368,1 1,North,2,1,13
3,4,10,2,1618.016,1 1,North,2,1,14
3,4,10,3,1618.52,1 1,North,2,1,15
3,4,10,4,1619.186,2 1,North,2,1,15
3,4,10,4,1622.325,3 1,North,2,1,15
3,4,10,3,1622.929,3 2,North,2,1,15
3,4,10,4,1624.217,4 2,North,2,1,15
3,4,10,3,1624.801,4 3,North,2,1,15
3,4,10,2,1625.527,4 3,North,2,1,16
3,4,10,3,1626.082,4 4,North,2,1,16
3,4,10,2,1626.693,3 4,North,2,1,16
3,4,10,1,1627.333,3 4,North,2,1,17
3,4,10,2,1627.857,2 4,North,2,1,17
3,4,10,1,1628.857,2 4,North,2,1,18
3,4,10,2,1629.347,1 4,North,2,1,18
3,4,10,2,1630.048,0 4,North,2,1,18
3,4,10,1,1630.681,0 3,North,2,1,18
3,4,10,1,1631.243,0 3,North,2,1,19
3,4,10,3,1632.05,0 4,North,2,1,19
3,4,10,4,1632.821,1 4,North,2,1,19
3,4,10,4,1633.445,2 4,North,2,1,19
3,4,10,1,1634.119,2 4,North,2,1,20
3,4,10,4,1634.706,3 4,North,2,1,20
3,4,10,4,1635.52,4 4,North,2,1,20
3,4,10,1,1636.144,4 3,North,2,1,20
3,4,10,1,1636.768,4 2,North,2,1,20
3,4,10,2,1637.362,3 2,North,2,1,20
3,4,10,2,1638.085,3 2,North,2,1,21
3,4,10,1,1638.499,3 1,North,2,1,21
3,4,10,2,1639.231,2 1,North,2,1,21
3,4,10,1,1640.564,2 1,North,2,1,22
3,4,10,2,1641.184,1 1,North,2,1,22
3,4,10,2,1646.578,1 1,North,2,1,23
3,4,10,4,1647.207,2 1,North,2,1,23
3,4,10,1,1647.872,2 1,North,2,1,24
3,4,10,2,1649.51,1 1,North,2,1,24
3,4,10,3,1650.134,1 1,North,2,1,25
3,4,10,2,1650.882,1 1,North,2,1,26
3,4,10,1,1651.21,1 0,North,2,1,26
3,4,10,2,1651.988,1 0,North,2,1,27
3,4,10,4,1652.673,2 0,North,2,1,27
3,4,10,3,1653.462,2 0,North,2,1,28
3,4,10,4,1654.132,3 0,North,2,1,28
3,4,10,2,1655.177,2 0,North,2,1,28
3,4,10,2,1655.861,1 0,North,2,1,28
3,4,10,2,1656.885,1 0,North,2,1,29
3,4,10,3,1657.265,1 1,North,2,1,29
3,4,10,2,1658.488,1 1,North,2,1,30
3,4,10,3,1659.057,1 1,North,2,1,31
3,4,10,4,1659.745,2 1,North,2,1,31
3,4,10,3,1660.391,2 1,North,2,1,32
3,4,10,4,1661.048,3 1,North,2,1,32
3,4,10,3,1661.574,3 2,North,2,1,32
3,4,10,2,1662.278,3 2,North,2,1,33
3,4,10,3,1662.839,3 3,North,2,1,33
3,4,10,2,1663.503,3 3,North,2,1,34
3,4,10,1,1663.972,3 2,North,2,1,34
3,4,10,3,1665.188,3 3,North,2,1,34
3,4,10,3,1667.382,3 3,North,2,1,35
3,4,10,1,1667.859,3 2,North,2,1,35
3,4,10,1,1668.487,3 1,North,2,1,35
3,4,10,2,1669.154,2 1,North,2,1,35
3,4,10,3,1669.926,2 1,North,2,1,36
3,4,10,2,1670.453,1 1,North,2,1,36
3,4,10,3,1671.11,1 1,North,2,1,37
3,4,10,2,1671.712,1 1,North,2,1,38
3,4,10,4,1672.752,2 1,North,2,1,38
3,4,10,4,1673.301,3 1,North,2,1,38
3,4,10,3,1673.845,3 2,North,2,1,38
3,4,10,3,1674.449,3 3,North,2,1,38
3,4,10,2,1679.493,3 3,North,2,1,39
3,4,10,3,1680.001,3 3,North,2,1,40
3,4,10,4,1680.456,3 3,North,2,1,41
3,4,10,1,1681.081,3 2,North,2,1,41
3,4,10,4,1681.633,4 2,North,2,1,41
3,4,10,3,1682.338,4 3,North,2,1,41
3,4,10,3,1682.92,4 4,North,2,1,41
3,4,10,2,1683.54,3 4,North,2,1,41
3,4,10,2,1684.122,2 4,North,2,1,41
3,4,10,2,1684.744,1 4,North,2,1,41
3,4,10,1,1685.443,1 3,North,2,1,41
3,4,10,4,1686.105,2 3,North,2,1,41
3,4,10,1,1686.706,2 2,North,2,1,41
3,4,10,2,1687.299,1 2,North,2,1,41
3,4,10,2,1687.941,0 2,North,2,1,41
3,4,10,6,1688.32,0 2,North,2,2,41
3,4,10,4,1688.578,1 2,North,2,2,41
3,4,10,4,1689.217,2 2,North,2,2,41
3,4,10,3,1689.764,2 3,North,2,2,41
3,4,10,6,1690.16,2 3,North,2,3,41
3,4,10,2,1690.355,1 3,North,2,3,41
3,4,10,3,1691.093,1 4,North,2,3,41
3,4,10,3,1691.607,1 4,North,2,3,41
3,4,10,4,1691.93,2 4,North,2,3,41
3,4,10,4,1692.502,3 4,North,2,3,41
3,4,10,4,1693.146,4 4,North,2,3,41
3,4,10,1,1693.808,4 3,North,2,3,41
3,4,10,1,1694.499,4 2,North,2,3,41
3,4,10,2,1695.155,3 2,North,2,3,41
3,4,10,1,1695.831,3 1,North,2,3,41
3,4,10,6,1696.24,3 1,North,2,4,41
3,4,10,3,1696.501,3 2,North,2,4,41
3,4,10,4,1697.078,4 2,North,2,4,41
3,4,10,6,1697.44,4 2,North,2,5,41
3,4,10,2,1697.828,3 2,North,2,5,41
3,4,10,4,1698.586,4 2,North,2,5,41
3,4,10,3,1699.098,4 3,North,2,5,41
3,4,10,3,1699.991,4 4,North,2,5,41
3,4,10,2,1700.6,3 4,North,2,5,41
3,4,10,6,1700.98,3 4,North,2,6,41
3,4,10,4,1701.208,4 4,North,2,6,41
3,4,10,1,1701.944,4 3,North,2,6,41
3,4,10,1,1703.322,4 2,North,2,6,41
3,4,10,2,1703.874,3 2,North,2,6,41
3,4,10,1,1704.58,3 1,North,2,6,41
3,4,10,2,1705.497,2 1,North,2,6,41
3,4,10,3,1706.115,2 1,North,2,6,42
3,4,10,2,1706.645,1 1,North,2,6,42
3,4,10,3,1707.302,1 1,North,2,6,43
3,4,10,2,1708.29,1 1,North,2,6,44
3,4,10,1,1708.69,1 0,North,2,6,44
3,4,10,2,1709.321,1 0,North,2,6,45
3,4,10,1,1709.785,1 0,North,2,6,45
3,4,10,4,1710.713,2 0,North,2,6,45
3,4,10,2,1711.348,1 0,North,2,6,45
3,4,10,3,1711.984,1 1,North,2,6,45
3,4,10,4,1712.613,2 1,North,2,6,45
3,4,10,3,1713.317,2 1,North,2,6,46
3,4,10,4,1713.878,3 1,North,2,6,46
3,4,10,3,1714.548,3 2,North,2,6,46
3,4,10,2,1715.479,3 2,North,2,6,47
3,4,10,3,1715.976,3 3,North,2,6,47
3,4,10,2,1716.534,3 3,North,2,6,48
3,4,10,4,1717.25,3 3,North,2,6,49
3,4,10,1,1717.584,3 2,North,2,6,49
3,4,10,4,1718.161,4 2,North,2,6,49
3,4,10,3,1718.746,4 3,North,2,6,49
3,4,10,3,1719.605,4 4,North,2,6,49
3,4,10,2,1720.296,3 4,North,2,6,49
3,4,10,2,1720.855,2 4,North,2,6,49
3,4,10,2,1721.783,1 4,North,2,6,49
3,4,10,2,1722.387,0 4,North,2,6,49
3,4,10,1,1723.315,0 3,North,2,6,49
3,4,10,4,1724.264,0 3,North,2,6,50
3,4,10,1,1724.69,0 3,North,2,6,51
3,4,10,1,1725.285,0 3,North,2,6,52
3,4,10,4,1725.794,0 3,North,2,6,53
3,4,10,3,1726.198,0 4,North,2,6,53
3,4,10,4,1726.866,1 4,North,2,6,53
3,4,10,1,1727.477,1 3,North,2,6,53
3,4,10,1,1728.167,1 3,North,2,6,54
3,4,10,2,1728.745,1 3,North,2,6,55
3,4,10,1,1729.584,1 3,North,2,6,56
3,4,10,2,1729.873,1 3,North,2,6,57
3,4,10,3,1730.178,1 4,North,2,6,57
3,4,10,1,1731.478,1 3,North,2,6,57
3,4,10,4,1732.072,2 3,North,2,6,57
3,4,10,1,1732.674,2 2,North,2,6,57
3,4,10,2,1733.32,1 2,North,2,6,57
3,4,10,6,1733.7,1 2,North,2,7,57
3,4,10,4,1734.081,2 2,North,2,7,57
3,4,10,3,1734.626,2 3,North,2,7,57
3,4,10,2,1735.302,1 3,North,2,7,57
3,4,10,6,1735.68,1 3,North,2,8,57
0,4,11,2,1741.081,3 4,North,2,0,57
0,4,11,6,1741.46,3 4,North,2,1,57
0,4,11,2,1741.936,2 4,North,2,1,57
0,4,11,2,1742.66,1 4,North,2,1,57
0,4,11,1,1743.283,1 4,West,2,1,57
0,4,11,2,1743.953,1 3,West,2,1,57
0,4,11,6,1744.36,1 3,West,2,2,57
0,4,11,1,1744.609,1 3,South,2,2,57
0,4,11,2,1745.19,2 3,South,2,2,57
0,4,11,3,1745.777,2 3,West,2,2,57
0,4,11,2,1746.338,2 2,West,2,2,57
0,4,11,3,1746.953,2 2,North,2,2,57
0,4,11,2,1747.527,1 2,North,2,2,57
0,4,11,2,1748.18,0 2,North,2,2,57
0,4,11,1,1748.738,0 2,West,2,2,57
0,4,11,2,1749.348,0 1,West,2,2,57
0,4,11,1,1749.862,0 1,South,2,2,57
0,4,11,1,1750.549,0 1,East,2,2,57
0,4,11,2,1751.175,0 2,East,2,2,57
0,4,11,3,1751.731,0 2,South,2,2,57
0,4,11,2,1752.342,1 2,South,2,2,57
0,4,11,2,1752.883,2 2,South,2,2,57
0,4,11,1,1753.703,2 2,East,2,2,57
0,4,11,2,1754.388,2 3,East,2,2,57
0,4,11,1,1755.087,2 3,North,2,2,57
0,4,11,2,1755.719,1 3,North,2,2,57
0,4,11,3,1756.277,1 3,East,2,2,57
0,4,11,2,1756.88,1 4,East,2,2,57
0,4,11,1,1757.465,1 4,North,2,2,57
0,4,11,1,1758.036,1 4,West,2,2,57
0,4,11,1,1758.839,1 4,South,2,2,57
0,4,11,2,1759.464,2 4,South,2,2,57
0,4,11,2,1760.018,3 4,South,2,2,57
0,4,11,2,1760.723,4 4,South,2,2,57
0,4,11,3,1761.315,4 4,West,2,2,57
0,4,11,2,1761.89,4 3,West,2,2,57
0,4,11,2,1762.466,4 2,West,2,2,57
0,4,11,3,1763.45,4 2,North,2,2,57
0,4,11,2,1764.128,3 2,North,2,2,57
0,4,11,1,1764.742,3 2,West,2,2,57
0,4,11,2,1765.385,3 1,West,2,2,57
0,4,11,3,1765.908,3 1,North,2,2,57
0,4,11,2,1766.465,2 1,North,2,2,57
0,4,11,2,1766.995,1 1,North,2,2,57
0,4,11,1,1767.776,1 1,West,2,2,57
0,4,11,2,1768.37,1 0,West,2,2,57
0,4,11,1,1768.936,1 0,South,2,2,57
0,4,11,2,1769.463,2 0,South,2,2,57
0,4,11,2,1770.296,3 0,South,2,2,57
0,4,11,2,1770.826,4 0,South,2,2,57
0,4,11,6,1771.2,4 0,South,2,3,57
0,4,11,1,1771.445,4 0,East,2,3,57
0,4,11,1,1772.099,4 0,North,2,3,57
0,4,11,2,1772.663,3 0,North,2,3,57
0,4,11,2,1773.175,2 0,North,2,3,57
0,4,11,2,1774.177,1 0,North,2,3,57
0,4,11,3,1774.692,1 0,East,2,3,57
0,4,11,2,1775.222,1 1,East,2,3,57
0,4,11,3,1775.833,1 1,South,2,3,57
0,4,11,2,1776.393,2 1,South,2,3,57
0,4,11,6,1776.78,2 1,South,2,4,57
0,4,11,2,1777.128,3 1,South,2,4,57
0,4,11,1,1777.745,3 1,East,2,4,57
0,4,11,2,1778.34,3 2,East,2,4,57
0,4,11,3,1778.913,3 2,South,2,4,57
0,4,11,2,1779.509,4 2,South,2,4,57
0,4,11,1,1780.087,4 2,East,2,4,57
0,4,11,2,1780.995,4 3,East,2,4,57
0,4,11,2,1781.525,4 4,East,2,4,57
0,4,11,1,1782.387,4 4,North,2,4,57
0,4,11,2,1782.899,3 4,North,2,4,57
0,4,11,2,1783.633,2 4,North,2,4,57
0,4,11,2,1784.165,1 4,North,2,4,57
0,4,11,1,1784.968,1 4,West,2,4,57
0,4,11,2,1785.744,1 3,West,2,4,57
0,4,11,1,1786.359,1 3,South,2,4,57
0,4,11,2,1786.871,2 3,South,2,4,57
0,4,11,3,1787.393,2 3,West,2,4,57
0,4,11,2,1788.326,2 2,West,2,4,57
0,4,11,3,1788.954,2 2,North,2,4,57
0,4,11,2,1789.496,1 2,North,2,4,57
0,4,11,2,1790.017,0 2,North,2,4,57
0,4,11,1,1790.835,0 2,West,2,4,57
0,4,11,1,1792.053,0 2,South,2,4,57
0,4,11,2,1792.625,1 2,South,2,4,57
0,4,11,2,1793.287,2 2,South,2,4,57
0,4,11,1,1794.136,2 2,East,2,4,57
0,4,11,2,1794.791,2 3,East,2,4,57
0,4,11,1,1795.427,2 3,North,2,4,57
0,4,11,2,1796.278,1 3,North,2,4,57
0,4,11,3,1797.251,1 3,East,2,4,57
0,4,11,2,1797.987,1 4,East,2,4,57
0,4,11,1,1798.61,1 4,North,2,4,57
0,4,11,2,1799.335,0 4,North,2,4,57
0,4,11,1,1799.987,0 4,West,2,4,57
0,4,11,1,1800.705,0 4,South,2,4,57
0,4,11,2,1801.256,1 4,South,2,4,57
0,4,11,2,1801.779,2 4,South,2,4,57
0,4,11,2,1802.343,3 4,South,2,4,57
0,4,11,2,1803.368,4 4,South,2,4,57
0,4,11,3,1803.877,4 4,West,2,4,57
0,4,11,2,1804.487,4 3,West,2,4,57
0,4,11,2,1805.048,4 2,West,2,4,57
0,4,11,3,1805.673,4 2,North,2,4,57
0,4,11,2,1806.307,3 2,North,2,4,57
0,4,11,1,1807.106,3 2,West,2,4,57
0,4,11,2,1807.731,3 1,West,2,4,57
0,4,11,3,1808.34,3 1,North,2,4,57
0,4,11,2,1808.904,2 1,North,2,4,57
0,4,11,2,1809.874,1 1,North,2,4,57
0,4,11,1,1810.708,1 1,West,2,4,57
0,4,11,2,1811.552,1 0,West,2,4,57
0,4,11,6,1811.96,1 0,West,2,5,57
0,4,11,1,1812.135,1 0,South,2,5,57
0,4,11,2,1812.743,2 0,South,2,5,57
0,4,11,1,1813.86,2 0,East,2,5,57
0,4,11,1,1814.787,2 0,North,2,5,57
0,4,11,2,1815.431,1 0,North,2,5,57
0,4,11,3,1815.992,1 0,East,2,5,57
0,4,11,2,1816.865,1 1,East,2,5,57
0,4,11,3,1817.445,1 1,South,2,5,57
0,4,11,2,1818.004,2 1,South,2,5,57
0,4,11,2,1818.678,3 1,South,2,5,57
0,4,11,1,1819.268,3 1,East,2,5,57
0,4,11,2,1819.826,3 2,East,2,5,57
0,4,11,3,1820.37,3 2,South,2,5,57
0,4,11,2,1820.983,4 2,South,2,5,57
0,4,11,1,1821.498,4 2,East,2,5,57
0,4,11,2,1822.099,4 3,East,2,5,57
0,4,11,6,1822.5,4 3,East,2,6,57
0,4,11,1,1823.042,4 3,North,2,6,57
0,4,11,1,1823.882,4 3,West,2,6,57
0,4,11,2,1824.512,4 2,West,2,6,57
0,4,11,3,1825.684,4 2,North,2,6,57
0,4,11,2,1826.289,3 2,North,2,6,57
0,4,11,3,1826.912,3 2,East,2,6,57
0,4,11,2,1827.494,3 3,East,2,6,57
0,4,11,6,1827.9,3 3,East,2,7,57
0,4,11,3,1828.288,3 3,South,2,7,57
0,4,11,3,1829.187,3 3,West,2,7,57
0,4,11,2,1829.813,3 2,West,2,7,57
0,4,11,1,1830.401,3 2,South,2,7,57
0,4,11,2,1831.028,4 2,South,2,7,57
0,4,11,6,1831.42,4 2,South,2,8,57
3,4,11,1,1834.932,4 3,North,2,0,0
3,4,11,6,1835.34,4 3,North,2,1,0
3,4,11,1,1837.713,4 2,North,2,1,0
3,4,11,2,1838.498,3 2,North,2,1,0
3,4,11,1,1839.203,3 1,North,2,1,0
3,4,11,2,1840.566,2 1,North,2,1,0
3,4,11,4,1842.658,3 1,North,2,1,0
3,4,11,3,1843.398,3 2,North,2,1,0
3,4,11,1,1844.388,3 1,North,2,1,0
3,4,11,2,1845.076,2 1,North,2,1,0
3,4,11,4,1846.978,3 1,North,2,1,0
3,4,11,3,1847.605,3 2,North,2,1,0
3,4,11,4,1848.198,4 2,North,2,1,0
3,4,11,3,1848.761,4 3,North,2,1,0
3,4,11,3,1849.626,4 4,North,2,1,0
3,4,11,2,1850.441,3 4,North,2,1,0
3,4,11,2,1850.961,2 4,North,2,1,0
3,4,11,2,1851.511,1 4,North,2,1,0
3,4,11,1,1852.264,1 3,North,2,1,0
3,4,11,4,1852.919,2 3,North,2,1,0
3,4,11,1,1853.553,2 2,North,2,1,0
3,4,11,6,1853.96,2 2,North,2,2,0
3,4,11,3,1854.183,2 3,North,2,2,0
3,4,11,2,1854.778,1 3,North,2,2,0
3,4,11,6,1855.16,1 3,North,2,3,0
3,4,11,3,1855.569,1 4,North,2,3,0
3,4,11,4,1856.176,2 4,North,2,3,0
3,4,11,4,1856.949,3 4,North,2,3,0
3,4,11,4,1857.594,4 4,North,2,3,0
3,4,11,1,1858.245,4 3,North,2,3,0
3,4,11,1,1859.08,4 2,North,2,3,0
3,4,11,6,1859.48,4 2,North,2,4,0
3,4,11,3,1859.736,4 3,North,2,4,0
3,4,11,3,1860.516,4 4,North,2,4,0
3,4,11,3,1861.04,4 4,North,2,4,0
3,4,11,2,1861.363,3 4,North,2,4,0
3,4,11,2,1861.926,2 4,North,2,4,0
3,4,11,2,1862.455,1 4,North,2,4,0
3,4,11,2,1863.01,0 4,North,2,4,0
3,4,11,1,1863.705,0 3,North,2,4,0
3,4,11,6,1864.12,0 3,North,2,5,0
3,4,11,3,1864.31,0 4,North,2,5,0
3,4,11,4,1864.955,1 4,North,2,5,0
3,4,11,4,1865.575,2 4,North,2,5,0
3,4,11,4,1866.151,3 4,North,2,5,0
3,4,11,4,1866.754,4 4,North,2,5,0
3,4,11,1,1867.44,4 3,North,2,5,0
3,4,11,1,1867.973,4 2,North,2,5,0
3,4,11,2,1869.911,3 2,North,2,5,0
3,4,11,1,1870.441,3 1,North,2,5,0
3,4,11,2,1871.033,2 1,North,2,5,0
3,4,11,3,1871.577,2 1,North,2,5,1
3,4,11,1,1872.185,2 1,North,2,5,2
3,4,11,2,1873.025,1 1,North,2,5,2
3,4,11,1,1873.73,1 0,North,2,5,2
3,4,11,4,1874.418,2 0,North,2,5,2
3,4,11,4,1875.585,3 0,North,2,5,2
3,4,11,4,1876.248,4 0,North,2,5,2
3,4,11,6,1876.6,4 0,North,2,6,2
3,4,11,2,1876.901,3 0,North,2,6,2
3,4,11,2,1877.572,2 0,North,2,6,2
3,4,11,2,1878.184,1 0,North,2,6,2
3,4,11,3,1878.802,1 1,North,2,6,2
3,4,11,4,1879.427,2 1,North,2,6,2
3,4,11,4,1880.241,3 1,North,2,6,2
3,4,11,3,1880.95,3 2,North,2,6,2
3,4,11,4,1882.937,4 2,North,2,6,2
3,4,11,3,1883.928,4 3,North,2,6,2
3,4,11,3,1884.499,4 4,North,2,6,2
3,4,11,1,1885.302,4 3,North,2,6,2
3,4,11,1,1885.989,4 2,North,2,6,2
3,4,11,3,1886.503,4 3,North,2,6,2
3,4,11,2,1887.319,4 3,North,2,6,3
3,4,11,1,1887.792,4 2,North,2,6,3
3,4,11,2,1888.437,3 2,North,2,6,3
3,4,11,3,1888.965,3 3,North,2,6,3
3,4,11,6,1889.36,3 3,North,2,7,3
3,4,11,1,1889.577,3 2,North,2,7,3
3,4,11,1,1890.792,3 1,North,2,7,3
3,4,11,2,1891.672,2 1,North,2,7,3
3,4,11,1,1892.626,2 1,North,2,7,4
3,4,11,1,1893.153,2 1,North,2,7,5
3,4,11,4,1893.64,3 1,North,2,7,5
3,4,11,1,1894.337,3 1,North,2,7,6
3,4,11,2,1894.952,2 1,North,2,7,6
3,4,11,2,1895.587,1 1,North,2,7,6
3,4,11,1,1896.209,1 0,North,2,7,6
3,4,11,2,1897.216,1 0,North,2,7,7
3,4,11,3,1897.985,1 1,North,2,7,7
3,4,11,2,1898.602,1 1,North,2,7,8
3,4,11,1,1899.138,1 0,North,2,7,8
3,4,11,3,1901.266,1 1,North,2,7,8
3,4,11,4,1903.907,2 1,North,2,7,8
3,4,11,4,1905.266,3 1,North,2,7,8
3,4,11,4,1906.097,3 1,North,2,7,9
3,4,11,3,1906.822,3 2,North,2,7,9
3,4,11,4,1908.181,4 2,North,2,7,9
3,4,11,3,1908.858,4 3,North,2,7,9
3,4,11,3,1909.369,4 4,North,2,7,9
3,4,11,2,1910.049,3 4,North,2,7,9
3,4,11,2,1910.628,2 4,North,2,7,9
3,4,11,2,1911.25,1 4,North,2,7,9
3,4,11,2,1912.118,0 4,North,2,7,9
3,4,11,1,1912.802,0 3,North,2,7,9
3,4,11,1,1913.446,0 3,North,2,7,10
3,4,11,4,1914.008,0 3,North,2,7,11
3,4,11,3,1914.679,0 4,North,2,7,11
3,4,11,4,1915.365,1 4,North,2,7,11
3,4,11,1,1915.987,1 3,North,2,7,11
3,4,11,4,1916.698,2 3,North,2,7,11
3,4,11,1,1917.288,2 2,North,2,7,11
3,4,11,2,1917.923,1 2,North,2,7,11
3,4,11,2,1918.69,0 2,North,2,7,11
3,4,11,1,1919.363,0 1,North,2,7,11
3,4,11,6,1919.78,0 1,North,2,8,11
0,4,12,2,1922.871,3 4,North,2,0,11
0,4,12,2,1923.767,2 4,North,2,0,11
0,4,12,2,1924.533,1 4,North,2,0,11
0,4,12,2,1925.267,0 4,North,2,0,11
0,4,12,1,1925.844,0 4,West,2,0,11
0,4,12,1,1926.386,0 4,South,2,0,11
0,4,12,2,1926.962,1 4,South,2,0,11
0,4,12,3,1927.571,1 4,West,2,0,11
0,4,12,2,1928.196,1 3,West,2,0,11
0,4,12,1,1928.776,1 3,South,2,0,11
0,4,12,2,1929.393,2 3,South,2,0,11
0,4,12,3,1930.006,2 3,West,2,0,11
0,4,12,2,1930.565,2 2,West,2,0,11
0,4,12,3,1931.193,2 2,North,2,0,11
0,4,12,2,1931.764,1 2,North,2,0,11
0,4,12,2,1932.34,0 2,North,2,0,11
0,4,12,1,1933.273,0 2,West,2,0,11
0,4,12,2,1933.923,0 1,West,2,0,11
0,4,12,2,1934.856,0 0,West,2,0,11
0,4,12,6,1935.26,0 0,West,2,1,11
0,4,12,1,1935.411,0 0,South,2,1,11
0,4,12,1,1935.987,0 0,East,2,1,11
0,4,12,2,1936.551,0 1,East,2,1,11
0,4,12,2,1937.16,0 2,East,2,1,11
0,4,12,3,1937.735,0 2,South,2,1,11
0,4,12,2,1938.306,1 2,South,2,1,11
0,4,12,2,1939.206,2 2,South,2,1,11
0,4,12,1,1939.823,2 2,East,2,1,11
0,4,12,2,1940.405,2 3,East,2,1,11
0,4,12,1,1941.046,2 3,North,2,1,11
0,4,12,2,1941.623,1 3,North,2,1,11
0,4,12,3,1942.232,1 3,East,2,1,11
0,4,12,2,1942.818,1 4,East,2,1,11
0,4,12,3,1943.348,1 4,South,2,1,11
0,4,12,2,1943.858,2 4,South,2,1,11
0,4,12,2,1944.582,3 4,South,2,1,11
0,4,12,2,1945.284,4 4,South,2,1,11
0,4,12,3,1945.89,4 4,West,2,1,11
0,4,12,2,1946.418,4 3,West,2,1,11
0,4,12,2,1947.346,4 2,West,2,1,11
0,4,12,3,1948.25,4 2,North,2,1,11
0,4,12,2,1949.142,3 2,North,2,1,11
0,4,12,1,1950.019,3 2,West,2,1,11
0,4,12,2,1950.616,3 1,West,2,1,11
0,4,12,3,1951.171,3 1,North,2,1,11
0,4,12,2,1951.751,2 1,North,2,1,11
0,4,12,2,1952.656,1 1,North,2,1,11
0,4,12,6,1953.04,1 1,North,2,2,11
0,4,12,1,1953.219,1 1,West,2,2,11
0,4,12,1,1953.92,1 1,South,2,2,11
0,4,12,3,1954.469,1 1,West,2,2,11
0,4,12,2,1955.078,1 0,West,2,2,11
0,4,12,1,1955.895,1 0,South,2,2,11
0,4,12,2,1956.615,2 0,South,2,2,11
0,4,12,2,1957.218,3 0,South,2,2,11
0,4,12,2,1957.752,4 0,South,2,2,11
0,4,12,1,1958.369,4 0,East,2,2,11
0,4,12,1,1958.948,4 0,North,2,2,11
0,4,12,2,1959.474,3 0,North,2,2,11
0,4,12,2,1960.04,2 0,North,2,2,11
0,4,12,2,1960.585,1 0,North,2,2,11
0,4,12,3,1961.192,1 0,East,2,2,11
0,4,12,2,1961.817,1 1,East,2,2,11
0,4,12,3,1962.688,1 1,South,2,2,11
0,4,12,2,1963.381,2 1,South,2,2,11
0,4,12,2,1963.942,3 1,South,2,2,11
0,4,12,1,1964.609,3 1,East,2,2,11
0,4,12,2,1965.122,3 2,East,2,2,11
0,4,12,3,1965.637,3 2,South,2,2,11
0,4,12,2,1966.245,4 2,South,2,2,11
0,4,12,1,1967.059,4 2,East,2,2,11
0,4,12,2,1967.605,4 3,East,2,2,11
0,4,12,2,1968.453,4 4,East,2,2,11
0,4,12,1,1969.209,4 4,North,2,2,11
0,4,12,2,1969.958,3 4,North,2,2,11
0,4,12,2,1970.514,2 4,North,2,2,11
0,4,12,2,1971.088,1 4,North,2,2,11
0,4,12,1,1972.017,1 4,West,2,2,11
0,4,12,3,1972.674,1 4,North,2,2,11
0,4,12,2,1973.299,0 4,North,2,2,11
0,4,12,1,1973.84,0 4,West,2,2,11
0,4,12,2,1974.417,0 3,West,2,2,11
0,4,12,6,1974.84,0 3,West,2,3,11
0,4,12,3,1975.062,0 3,North,2,3,11
0,4,12,3,1975.593,0 3,East,2,3,11
0,4,12,2,1976.18,0 4,East,2,3,11
0,4,12,3,1976.738,0 4,South,2,3,11
0,4,12,2,1977.345,1 4,South,2,3,11
0,4,12,3,1977.914,1 4,West,2,3,11
0,4,12,2,1978.453,1 3,West,2,3,11
0,4,12,1,1979.432,1 3,South,2,3,11
0,4,12,2,1980.067,2 3,South,2,3,11
0,4,12,3,1980.929,2 3,West,2,3,11
0,4,12,2,1981.555,2 2,West,2,3,11
0,4,12,3,1982.163,2 2,North,2,3,11
0,4,12,2,1982.759,1 2,North,2,3,11
0,4,12,2,1983.64,0 2,North,2,3,11
0,4,12,1,1984.438,0 2,West,2,3,11
0,4,12,2,1985.042,0 1,West,2,3,11
0,4,12,1,1985.573,0 1,South,2,3,11
0,4,12,1,1986.112,0 1,East,2,3,11
0,4,12,2,1987.176,0 2,East,2,3,11
0,4,12,3,1987.687,0 2,South,2,3,11
0,4,12,2,1988.304,1 2,South,2,3,11
0,4,12,2,1988.858,2 2,South,2,3,11
0,4,12,1,1989.639,2 2,East,2,3,11
0,4,12,2,1990.164,2 3,East,2,3,11
0,4,12,1,1990.98,2 3,North,2,3,11
0,4,12,2,1991.586,1 3,North,2,3,11
0,4,12,3,1992.18,1 3,East,2,3,11
0,4,12,2,1992.726,1 4,East,2,3,11
0,4,12,3,1993.302,1 4,South,2,3,11
0,4,12,2,1993.896,2 4,South,2,3,11
0,4,12,2,1994.599,3 4,South,2,3,11
0,4,12,2,1995.408,4 4,South,2,3,11
0,4,12,3,1996.295,4 4,West,2,3,11
0,4,12,2,1996.869,4 3,West,2,3,11
0,4,12,2,1997.412,4 2,West,2,3,11
0,4,12,3,1997.944,4 2,North,2,3,11
0,4,12,2,1998.55,3 2,North,2,3,11
0,4,12,1,1999.445,3 2,West,2,3,11
0,4,12,2,2000.037,3 1,West,2,3,11
0,4,12,3,2000.672,3 1,North,2,3,11
0,4,12,2,2001.464,2 1,North,2,3,11
0,4,12,2,2002.066,1 1,North,2,3,11
0,4,12,1,2002.882,1 1,West,2,3,11
0,4,12,2,2003.427,1 0,West,2,3,11
0,4,12,1,2003.938,1 0,South,2,3,11
0,4,12,2,2004.791,2 0,South,2,3,11
0,4,12,2,2005.444,3 0,South,2,3,11
0,4,12,2,2006.05,4 0,South,2,3,11
0,4,12,1,2006.985,4 0,East,2,3,11
0,4,12,2,2007.59,4 1,East,2,3,11
0,4,12,6,2008,4 1,East,2,4,11
0,4,12,1,2008.26,4 1,North,2,4,11
0,4,12,1,2008.822,4 1,West,2,4,11
0,4,12,2,2009.443,4 0,West,2,4,11
0,4,12,3,2009.986,4 0,North,2,4,11
0,4,12,2,2010.514,3 0,North,2,4,11
0,4,12,6,2010.9,3 0,North,2,5,11
0,4,12,2,2011.092,2 0,North,2,5,11
0,4,12,3,2011.765,2 0,East,2,5,11
0,4,12,3,2012.44,2 0,South,2,5,11
0,4,12,1,2013.045,2 0,East,2,5,11
0,4,12,1,2014.118,2 0,North,2,5,11
0,4,12,2,2014.707,1 0,North,2,5,11
0,4,12,3,2015.218,1 0,East,2,5,11
0,4,12,2,2015.848,1 1,East,2,5,11
0,4,12,3,2016.371,1 1,South,2,5,11
0,4,12,2,2017.009,2 1,South,2,5,11
0,4,12,2,2017.914,3 1,South,2,5,11
0,4,12,1,2018.644,3 1,East,2,5,11
0,4,12,2,2019.572,3 2,East,2,5,11
0,4,12,3,2020.116,3 2,South,2,5,11
0,4,12,2,2020.665,4 2,South,2,5,11
0,4,12,1,2021.253,4 2,East,2,5,11
0,4,12,2,2021.812,4 3,East,2,5,11
0,4,12,2,2022.401,4 4,East,2,5,11
0,4,12,1,2023.234,4 4,North,2,5,11
0,4,12,2,2023.849,3 4,North,2,5,11
0,4,12,2,2024.504,2 4,North,2,5,11
0,4,12,2,2025.097,1 4,North,2,5,11
0,4,12,2,2025.809,0 4,North,2,5,11
0,4,12,6,2026.2,0 4,North,2,6,11
0,4,12,1,2026.438,0 4,West,2,6,11
0,4,12,1,2027.092,0 4,South,2,6,11
0,4,12,2,2027.987,1 4,South,2,6,11
0,4,12,3,2028.516,1 4,West,2,6,11
0,4,12,2,2029.075,1 3,West,2,6,11
0,4,12,1,2029.635,1 3,South,2,6,11
0,4,12,2,2030.28,2 3,South,2,6,11
0,4,12,3,2030.929,2 3,West,2,6,11
0,4,12,2,2031.506,2 2,West,2,6,11
0,4,12,3,2032.084,2 2,North,2,6,11
0,4,12,2,2032.674,1 2,North,2,6,11
0,4,12,2,2033.27,0 2,North,2,6,11
0,4,12,1,2033.809,0 2,West,2,6,11
0,4,12,2,2034.594,0 1,West,2,6,11
0,4,12,2,2035.368,0 0,West,2,6,11
0,4,12,1,2036.336,0 0,South,2,6,11
0,4,12,1,2037.046,0 0,East,2,6,11
0,4,12,2,2037.625,0 1,East,2,6,11
0,4,12,2,2038.214,0 2,East,2,6,11
0,4,12,3,2038.746,0 2,South,2,6,11
0,4,12,2,2039.315,1 2,South,2,6,11
0,4,12,2,2040.289,2 2,South,2,6,11
0,4,12,1,2040.821,2 2,East,2,6,11
0,4,12,2,2041.385,2 3,East,2,6,11
0,4,12,1,2041.992,2 3,North,2,6,11
0,4,12,2,2042.532,1 3,North,2,6,11
0,4,12,3,2043.121,1 3,East,2,6,11
0,4,12,2,2043.652,1 4,East,2,6,11
0,4,12,3,2044.531,1 4,South,2,6,11
0,4,12,2,2045.092,2 4,South,2,6,11
0,4,12,2,2045.754,3 4,South,2,6,11
0,4,12,2,2046.561,4 4,South,2,6,11
0,4,12,3,2047.424,4 4,West,2,6,11
0,4,12,2,2048.02,4 3,West,2,6,11
0,4,12,2,2048.673,4 2,West,2,6,11
0,4,12,3,2049.288,4 2,North,2,6,11
0,4,12,2,2049.859,3 2,North,2,6,11
0,4,12,6,2050.24,3 2,North,2,7,11
0,4,12,3,2050.576,3 2,East,2,7,11
0,4,12,3,2051.329,3 2,South,2,7,11
0,4,12,3,2052.057,3 2,West,2,7,11
0,4,12,2,2052.695,3 1,West,2,7,11
0,4,12,3,2053.217,3 1,North,2,7,11
0,4,12,2,2053.826,2 1,North,2,7,11
0,4,12,2,2054.657,1 1,North,2,7,11
0,4,12,1,2055.474,1 1,West,2,7,11
0,4,12,2,2056.024,1 0,West,2,7,11
0,4,12,1,2056.658,1 0,South,2,7,11
0,4,12,2,2057.205,2 0,South,2,7,11
0,4,12,2,2057.816,3 0,South,2,7,11
0,4,12,2,2058.406,4 0,South,2,7,11
0,4,12,1,2059.033,4 0,East,2,7,11
0,4,12,1,2059.64,4 0,North,2,7,11
0,4,12,2,2060.329,3 0,North,2,7,11
0,4,12,2,2060.869,2 0,North,2,7,11
0,4,12,3,2061.585,2 0,East,2,7,11
0,4,12,1,2062.498,2 0,North,2,7,11
0,4,12,2,2063.171,1 0,North,2,7,11
0,4,12,3,2064.04,1 0,East,2,7,11
0,4,12,2,2064.709,1 1,East,2,7,11
0,4,12,3,2065.254,1 1,South,2,7,11
0,4,12,2,2065.922,2 1,South,2,7,11
0,4,12,2,2066.85,3 1,South,2,7,11
0,4,12,1,2067.392,3 1,East,2,7,11
0,4,12,2,2068.068,3 2,East,2,7,11
0,4,12,3,2068.914,3 2,South,2,7,11
0,4,12,2,2069.475,4 2,South,2,7,11
0,4,12,1,2070.002,4 2,East,2,7,11
0,4,12,2,2070.74,4 3,East,2,7,11
0,4,12,2,2071.286,4 4,East,2,7,11
0,4,12,1,2071.905,4 4,North,2,7,11
0,4,12,2,2072.615,3 4,North,2,7,11
0,4,12,2,2073.159,2 4,North,2,7,11
0,4,12,2,2074.039,1 4,North,2,7,11
0,4,12,2,2074.657,0 4,North,2,7,11
0,4,12,1,2075.175,0 4,West,2,7,11
0,4,12,1,2075.744,0 4,South,2,7,11
0,4,12,2,2076.64,1 4,South,2,7,11
0,4,12,3,2077.207,1 4,West,2,7,11
0,4,12,2,2077.749,1 3,West,2,7,11
0,4,12,1,2078.355,1 3,South,2,7,11
0,4,12,2,2078.9,2 3,South,2,7,11
0,4,12,3,2079.44,2 3,West,2,7,11
0,4,12,2,2080.356,2 2,West,2,7,11
0,4,12,3,2080.966,2 2,North,2,7,11
0,4,12,2,2081.525,1 2,North,2,7,11
0,4,12,2,2082.326,0 2,North,2,7,11
0,4,12,1,2083.336,0 2,West,2,7,11
0,4,12,2,2084.055,0 1,West,2,7,11
0,4,12,6,2084.48,0 1,West,2,8,11
3,4,12,1,2092.518,4 3,North,2,0,0
3,4,12,3,2095.108,4 4,North,2,0,0
3,4,12,2,2095.977,3 4,North,2,0,0
3,4,12,2,2096.871,2 4,North,2,0,0
3,4,12,2,2097.67,1 4,North,2,0,0
3,4,12,2,2098.917,0 4,North,2,0,0
3,4,12,4,2099.698,1 4,North,2,0,0
3,4,12,1,2100.341,1 3,North,2,0,0
3,4,12,4,2101.27,2 3,North,2,0,0
3,4,12,1,2101.878,2 2,North,2,0,0
3,4,12,2,2102.608,1 2,North,2,0,0
3,4,12,2,2103.333,0 2,North,2,0,0
3,4,12,1,2104.004,0 1,North,2,0,0
3,4,12,6,2104.42,0 1,North,2,1,0
3,4,12,3,2104.692,0 2,North,2,1,0
3,4,12,4,2105.281,1 2,North,2,1,0
3,4,12,4,2105.877,2 2,North,2,1,0
3,4,12,3,2106.465,2 3,North,2,1,0
3,4,12,2,2107.202,1 3,North,2,1,0
3,4,12,3,2108.024,1 4,North,2,1,0
3,4,12,4,2108.808,2 4,North,2,1,0
3,4,12,4,2109.493,3 4,North,2,1,0
3,4,12,4,2110.208,4 4,North,2,1,0
3,4,12,1,2110.89,4 3,North,2,1,0
3,4,12,1,2112.71,4 2,North,2,1,0
3,4,12,2,2113.985,3 2,North,2,1,0
3,4,12,6,2114.38,3 2,North,2,2,0
3,4,12,1,2115.577,3 1,North,2,2,0
3,4,12,2,2116.274,2 1,North,2,2,0
3,4,12,3,2117.234,2 1,North,2,2,1
3,4,12,2,2117.7,1 1,North,2,2,1
3,4,12,1,2118.835,1 0,North,2,2,1
3,4,12,2,2119.493,1 0,North,2,2,2
3,4,12,3,2120.231,1 1,North,2,2,2
3,4,12,4,2124.821,2 1,North,2,2,2
3,4,12,4,2125.45,3 1,North,2,2,2
3,4,12,4,2126.227,3 1,North,2,2,3
3,4,12,3,2126.712,3 2,North,2,2,3
3,4,12,4,2127.268,4 2,North,2,2,3
3,4,12,3,2127.83,4 3,North,2,2,3
3,4,12,3,2128.343,4 4,North,2,2,3
3,4,12,2,2129.208,3 4,North,2,2,3
3,4,12,2,2129.795,2 4,North,2,2,3
3,4,12,2,2131.465,1 4,North,2,2,3
3,4,12,2,2132.292,0 4,North,2,2,3
3,4,12,4,2133.315,1 4,North,2,2,3
3,4,12,1,2134.292,1 3,North,2,2,3
3,4,12,4,2134.983,2 3,North,2,2,3
3,4,12,1,2135.674,2 2,North,2,2,3
3,4,12,2,2136.289,1 2,North,2,2,3
3,4,12,2,2136.918,0 2,North,2,2,3
3,4,12,1,2137.589,0 1,North,2,2,3
3,4,12,1,2138.243,0 0,North,2,2,3
3,4,12,6,2138.66,0 0,North,2,3,3
3,4,12,3,2138.931,0 1,North,2,3,3
3,4,12,4,2139.545,0 1,North,2,3,4
3,4,12,1,2140.646,0 0,North,2,3,4
3,4,12,4,2141.352,0 0,North,2,3,5
3,4,12,3,2141.799,0 1,North,2,3,5
3,4,12,3,2142.438,0 2,North,2,3,5
3,4,12,4,2143.123,1 2,North,2,3,5
3,4,12,1,2143.792,1 2,North,2,3,6
3,4,12,4,2144.389,2 2,North,2,3,6
3,4,12,3,2145.06,2 3,North,2,3,6
3,4,12,2,2145.749,1 3,North,2,3,6
3,4,12,2,2146.329,1 3,North,2,3,7
3,4,12,3,2146.834,1 4,North,2,3,7
3,4,12,4,2147.526,2 4,North,2,3,7
3,4,12,4,2148.135,3 4,North,2,3,7
3,4,12,4,2148.92,4 4,North,2,3,7
3,4,12,1,2149.51,4 3,North,2,3,7
3,4,12,1,2150.087,4 2,North,2,3,7
3,4,12,2,2150.724,3 2,North,2,3,7
3,4,12,1,2151.428,3 1,North,2,3,7
3,4,12,2,2152.906,2 1,North,2,3,7
3,4,12,3,2154.816,2 1,North,2,3,8
3,4,12,2,2155.252,1 1,North,2,3,8
3,4,12,6,2155.64,1 1,North,2,4,8
3,4,12,4,2156.018,2 1,North,2,4,8
3,4,12,1,2156.802,2 1,North,2,4,9
3,4,12,4,2157.24,3 1,North,2,4,9
3,4,12,1,2157.877,3 1,North,2,4,10
3,4,12,4,2158.583,3 1,North,2,4,11
3,4,12,2,2159.589,2 1,North,2,4,11
3,4,12,2,2160.999,1 1,North,2,4,11
3,4,12,1,2161.686,1 0,North,2,4,11
3,4,12,4,2162.375,2 0,North,2,4,11
3,4,12,4,2162.948,3 0,North,2,4,11
3,4,12,6,2163.32,3 0,North,2,5,11
3,4,12,2,2163.623,2 0,North,2,5,11
3,4,12,2,2164.244,1 0,North,2,5,11
3,4,12,3,2164.853,1 1,North,2,5,11
3,4,12,4,2165.458,2 1,North,2,5,11
3,4,12,4,2166.088,3 1,North,2,5,11
3,4,12,4,2168.419,3 1,North,2,5,12
3,4,12,3,2168.856,3 2,North,2,5,12
3,4,12,4,2169.397,4 2,North,2,5,12
3,4,12,3,2169.975,4 3,North,2,5,12
3,4,12,3,2170.689,4 4,North,2,5,12
3,4,12,2,2171.399,3 4,North,2,5,12
3,4,12,2,2171.972,2 4,North,2,5,12
3,4,12,2,2172.504,1 4,North,2,5,12
3,4,12,2,2173.187,0 4,North,2,5,12
3,4,12,6,2173.58,0 4,North,2,6,12
3,4,12,4,2174.306,1 4,North,2,6,12
3,4,12,4,2174.906,2 4,North,2,6,12
3,4,12,4,2175.431,3 4,North,2,6,12
3,4,12,4,2176.281,4 4,North,2,6,12
3,4,12,1,2177.047,4 3,North,2,6,12
3,4,12,1,2177.651,4 2,North,2,6,12
3,4,12,2,2178.358,3 2,North,2,6,12
3,4,12,1,2178.948,3 1,North,2,6,12
3,4,12,4,2179.972,3 1,North,2,6,13
3,4,12,1,2180.739,3 1,North,2,6,14
3,4,12,2,2181.104,2 1,North,2,6,14
3,4,12,2,2182.904,1 1,North,2,6,14
3,4,12,1,2183.651,1 0,North,2,6,14
3,4,12,4,2184.329,2 0,North,2,6,14
3,4,12,4,2184.904,3 0,North,2,6,14
3,4,12,4,2185.81,4 0,North,2,6,14
3,4,12,3,2186.487,4 1,North,2,6,14
3,4,12,6,2186.88,4 1,North,2,7,14
3,4,12,1,2187.221,4 0,North,2,7,14
3,4,12,2,2187.986,3 0,North,2,7,14
3,4,12,2,2188.534,2 0,North,2,7,14
3,4,12,6,2188.92,2 0,North,2,8,14
0,5,13,2,2257.445,3 4,North,3,0,14
0,5,13,1,2258.18,3 4,West,3,0,14
0,5,13,2,2258.918,3 3,West,3,0,14
0,5,13,3,2259.616,3 3,North,3,0,14
0,5,13,2,2260.246,2 3,North,3,0,14
0,5,13,2,2260.881,1 3,North,3,0,14
0,5,13,2,2261.658,0 3,North,3,0,14
0,5,13,3,2262.33,0 3,East,3,0,14
0,5,13,2,2262.952,0 4,East,3,0,14
0,5,13,3,2263.602,0 4,South,3,0,14
0,5,13,2,2264.208,1 4,South,3,0,14
0,5,13,3,2265.298,1 4,West,3,0,14
0,5,13,3,2265.809,1 4,North,3,0,14
0,5,13,2,2266.358,0 4,North,3,0,14
0,5,13,1,2266.934,0 4,West,3,0,14
0,5,13,2,2267.538,0 3,West,3,0,14
0,5,13,1,2268.087,0 3,South,3,0,14
0,5,13,2,2268.641,1 3,South,3,0,14
0,5,13,2,2269.221,2 3,South,3,0,14
0,5,13,1,2269.96,2 3,East,3,0,14
0,5,13,3,2270.481,2 3,South,3,0,14
0,5,13,2,2271.091,3 3,South,3,0,14
0,5,13,1,2271.669,3 3,East,3,0,14
0,5,13,2,2272.353,3 4,East,3,0,14
0,5,13,3,2272.883,3 4,South,3,0,14
0,5,13,2,2273.444,4 4,South,3,0,14
0,5,13,3,2274.057,4 4,West,3,0,14
0,5,13,2,2274.595,4 3,West,3,0,14
0,5,13,2,2275.3,4 2,West,3,0,14
0,5,13,2,2275.891,4 1,West,3,0,14
0,5,13,2,2276.501,4 0,West,3,0,14
0,5,13,6,2276.92,4 0,West,3,1,14
0,5,13,3,2277.208,4 0,North,3,1,14
0,5,13,3,2277.75,4 0,East,3,1,14
0,5,13,2,2278.629,4 1,East,3,1,14
0,5,13,2,2279.188,4 2,East,3,1,14
0,5,13,1,2279.776,4 2,North,3,1,14
0,5,13,2,2280.433,3 2,North,3,1,14
0,5,13,1,2280.977,3 2,West,3,1,14
0,5,13,2,2281.536,3 1,West,3,1,14
0,5,13,2,2282.097,3 0,West,3,1,14
0,5,13,3,2282.885,3 0,North,3,1,14
0,5,13,2,2283.463,2 0,North,3,1,14
0,5,13,2,2284.164,1 0,North,3,1,14
0,5,13,3,2284.772,1 0,East,3,1,14
0,5,13,2,2285.382,1 1,East,3,1,14
0,5,13,3,2286.017,1 1,South,3,1,14
0,5,13,2,2286.632,2 1,South,3,1,14
0,5,13,1,2287.184,2 1,East,3,1,14
0,5,13,2,2287.783,2 2,East,3,1,14
0,5,13,1,2288.391,2 2,North,3,1,14
0,5,13,2,2288.98,1 2,North,3,1,14
0,5,13,2,2289.526,0 2,North,3,1,14
0,5,13,6,2289.9,0 2,North,3,2,14
0,5,13,1,2290.469,0 2,West,3,2,14
0,5,13,1,2291.064,0 2,South,3,2,14
0,5,13,2,2291.667,1 2,South,3,2,14
0,5,13,2,2292.225,2 2,South,3,2,14
0,5,13,3,2292.776,2 2,West,3,2,14
0,5,13,2,2293.379,2 1,West,3,2,14
0,5,13,3,2294.007,2 1,North,3,2,14
0,5,13,2,2294.613,1 1,North,3,2,14
0,5,13,1,2295.193,1 1,West,3,2,14
0,5,13,2,2295.732,1 0,West,3,2,14
0,5,13,1,2296.276,1 0,South,3,2,14
0,5,13,2,2296.825,2 0,South,3,2,14
0,5,13,2,2297.383,3 0,South,3,2,14
0,5,13,1,2297.895,3 0,East,3,2,14
0,5,13,2,2298.419,3 1,East,3,2,14
0,5,13,2,2299.059,3 2,East,3,2,14
0,5,13,3,2299.569,3 2,South,3,2,14
0,5,13,2,2300.231,4 2,South,3,2,14
0,5,13,3,2300.773,4 2,West,3,2,14
0,5,13,3,2301.377,4 2,North,3,2,14
0,5,13,3,2302.321,4 2,East,3,2,14
0,5,13,2,2303.304,4 3,East,3,2,14
0,5,13,2,2303.846,4 4,East,3,2,14
0,5,13,1,2304.373,4 4,North,3,2,14
0,5,13,2,2305.418,3 4,North,3,2,14
0,5,13,1,2306.052,3 4,West,3,2,14
0,5,13,2,2307.143,3 3,West,3,2,14
0,5,13,3,2308.193,3 3,North,3,2,14
0,5,13,2,2308.821,2 3,North,3,2,14
0,5,13,2,2309.634,1 3,North,3,2,14
0,5,13,6,2310.02,1 3,North,3,3,14
0,5,13,2,2310.805,0 3,North,3,3,14
0,5,13,3,2311.735,0 3,East,3,3,14
0,5,13,2,2312.37,0 4,East,3,3,14
0,5,13,6,2312.78,0 4,East,3,4,14
0,5,13,3,2312.978,0 4,South,3,4,14
0,5,13,3,2313.961,0 4,West,3,4,14
0,5,13,2,2314.484,0 3,West,3,4,14
0,5,13,1,2315.076,0 3,South,3,4,14
0,5,13,2,2316.009,1 3,South,3,4,14
0,5,13,2,2316.579,2 3,South,3,4,14
0,5,13,2,2317.14,3 3,South,3,4,14
0,5,13,1,2318.023,3 3,East,3,4,14
0,5,13,2,2318.696,3 4,East,3,4,14
0,5,13,3,2319.587,3 4,South,3,4,14
0,5,13,2,2320.26,4 4,South,3,4,14
0,5,13,3,2320.835,4 4,West,3,4,14
0,5,13,2,2321.44,4 3,West,3,4,14
0,5,13,2,2321.952,4 2,West,3,4,14
0,5,13,6,2322.36,4 2,West,3,5,14
0,5,13,3,2322.532,4 2,North,3,5,14
0,5,13,2,2323.16,3 2,North,3,5,14
0,5,13,1,2324.019,3 2,West,3,5,14
0,5,13,2,2324.626,3 1,West,3,5,14
0,5,13,2,2325.255,3 0,West,3,5,14
0,5,13,6,2325.66,3 0,West,3,6,14
0,5,13,3,2325.792,3 0,North,3,6,14
0,5,13,2,2326.436,2 0,North,3,6,14
0,5,13,2,2327.104,1 0,North,3,6,14
0,5,13,6,2327.48,1 0,North,3,7,14
0,5,13,3,2327.653,1 0,East,3,7,14
0,5,13,3,2328.403,1 0,South,3,7,14
0,5,13,2,2329.076,2 0,South,3,7,14
0,5,13,2,2330.018,3 0,South,3,7,14
0,5,13,1,2330.568,3 0,East,3,7,14
0,5,13,2,2331.08,3 1,East,3,7,14
0,5,13,6,2331.5,3 1,East,3,8,14
3,5,13,2,2336.051,3 4,North,3,0,0
3,5,13,1,2336.633,3 3,North,3,0,0
3,5,13,4,2337.562,3 3,North,3,0,1
3,5,13,1,2338.144,3 3,North,3,0,2
3,5,13,2,2338.497,2 3,North,3,0,2
3,5,13,1,2339.128,2 3,North,3,0,3
3,5,13,2,2339.994,1 3,North,3,0,3
3,5,13,1,2340.818,1 3,North,3,0,4
3,5,13,2,2341.372,0 3,North,3,0,4
3,5,13,1,2342.053,0 3,North,3,0,5
3,5,13,4,2343.251,1 3,North,3,0,5
3,5,13,4,2343.923,2 3,North,3,0,5
3,5,13,4,2344.646,3 3,North,3,0,5
3,5,13,3,2345.396,3 4,North,3,0,5
3,5,13,4,2346.035,4 4,North,3,0,5
3,5,13,1,2346.666,4 3,North,3,0,5
3,5,13,1,2347.304,4 2,North,3,0,5
3,5,13,2,2348.037,3 2,North,3,0,5
3,5,13,1,2348.658,3 1,North,3,0,5
3,5,13,1,2349.344,3 0,North,3,0,5
3,5,13,6,2349.74,3 0,North,3,1,5
3,5,13,3,2350.088,3 1,North,3,1,5
3,5,13,3,2350.676,3 2,North,3,1,5
3,5,13,4,2351.525,4 2,North,3,1,5
3,5,13,3,2352.21,4 3,North,3,1,5
3,5,13,3,2352.855,4 4,North,3,1,5
3,5,13,2,2353.495,3 4,North,3,1,5
3,5,13,2,2354.099,3 4,North,3,1,6
3,5,13,1,2354.713,3 3,North,3,1,6
3,5,13,2,2355.312,2 3,North,3,1,6
3,5,13,2,2355.938,1 3,North,3,1,6
3,5,13,6,2356.32,1 3,North,3,2,6
3,5,13,4,2356.659,2 3,North,3,2,6
3,5,13,4,2357.319,3 3,North,3,2,6
3,5,13,3,2357.906,3 4,North,3,2,6
3,5,13,4,2358.546,4 4,North,3,2,6
3,5,13,1,2359.16,4 3,North,3,2,6
3,5,13,1,2359.849,4 2,North,3,2,6
3,5,13,2,2360.968,3 2,North,3,2,6
3,5,13,1,2361.571,3 1,North,3,2,6
3,5,13,1,2362.26,3 0,North,3,2,6
3,5,13,4,2362.867,3 0,North,3,2,7
3,5,13,3,2363.366,3 1,North,3,2,7
3,5,13,3,2363.974,3 2,North,3,2,7
3,5,13,4,2364.562,4 2,North,3,2,7
3,5,13,1,2365.573,4 1,North,3,2,7
3,5,13,1,2366.114,4 0,North,3,2,7
3,5,13,6,2366.52,4 0,North,3,3,7
3,5,13,3,2366.806,4 1,North,3,3,7
3,5,13,3,2367.393,4 2,North,3,3,7
3,5,13,2,2368.088,3 2,North,3,3,7
3,5,13,1,2368.724,3 1,North,3,3,7
3,5,13,6,2369.14,3 1,North,3,4,7
3,5,13,3,2369.394,3 2,North,3,4,7
3,5,13,4,2370.007,4 2,North,3,4,7
3,5,13,3,2370.561,4 3,North,3,4,7
3,5,13,3,2371.105,4 4,North,3,4,7
3,5,13,2,2371.974,3 4,North,3,4,7
3,5,13,2,2372.532,3 4,North,3,4,8
3,5,13,1,2373.109,3 3,North,3,4,8
3,5,13,2,2373.811,2 3,North,3,4,8
3,5,13,2,2374.417,1 3,North,3,4,8
3,5,13,2,2375.028,0 3,North,3,4,8
3,5,13,6,2375.42,0 3,North,3,5,8
3,5,13,4,2375.697,1 3,North,3,5,8
3,5,13,4,2376.233,2 3,North,3,5,8
3,5,13,4,2376.873,3 3,North,3,5,8
3,5,13,3,2377.427,3 4,North,3,5,8
3,5,13,4,2378.096,4 4,North,3,5,8
3,5,13,1,2378.85,4 3,North,3,5,8
3,5,13,1,2379.731,4 2,North,3,5,8
3,5,13,2,2384.708,3 2,North,3,5,8
3,5,13,1,2385.505,3 1,North,3,5,8
3,5,13,4,2386.17,3 1,North,3,5,9
3,5,13,1,2386.587,3 0,North,3,5,9
3,5,13,4,2387.221,3 0,North,3,5,10
3,5,13,3,2387.882,3 1,North,3,5,10
3,5,13,3,2388.467,3 2,North,3,5,10
3,5,13,4,2389.441,4 2,North,3,5,10
3,5,13,1,2390.086,4 1,North,3,5,10
3,5,13,6,2390.5,4 1,North,3,6,10
3,5,13,3,2390.9,4 2,North,3,6,10
3,5,13,3,2391.463,4 3,North,3,6,10
3,5,13,3,2392.04,4 4,North,3,6,10
3,5,13,2,2392.66,3 4,North,3,6,10
3,5,13,2,2393.333,3 4,North,3,6,11
3,5,13,1,2393.865,3 3,North,3,6,11
3,5,13,2,2394.711,2 3,North,3,6,11
3,5,13,3,2395.331,2 3,North,3,6,12
3,5,13,2,2395.908,1 3,North,3,6,12
3,5,13,2,2396.759,0 3,North,3,6,12
3,5,13,3,2397.335,0 4,North,3,6,12
3,5,13,4,2397.992,1 4,North,3,6,12
3,5,13,4,2398.633,2 4,North,3,6,12
3,5,13,6,2399,2 4,North,3,7,12
3,5,13,2,2399.539,1 4,North,3,7,12
3,5,13,2,2400.07,0 4,North,3,7,12
3,5,13,1,2400.662,0 3,North,3,7,12
3,5,13,4,2401.473,1 3,North,3,7,12
3,5,13,4,2402.051,2 3,North,3,7,12
3,5,13,4,2402.723,3 3,North,3,7,12
3,5,13,6,2403.1,3 3,North,3,8,12
0,5,14,2,2407.911,3 4,North,3,0,12
0,5,14,1,2408.482,3 4,West,3,0,12
0,5,14,2,2409.079,3 3,West,3,0,12
0,5,14,3,2409.699,3 3,North,3,0,12
0,5,14,2,2411.222,2 3,North,3,0,12
0,5,14,6,2411.6,2 3,North,3,1,12
0,5,14,2,2411.749,1 3,North,3,1,12
0,5,14,2,2412.373,0 3,North,3,1,12
0,5,14,3,2412.932,0 3,East,3,1,12
0,5,14,2,2413.527,0 4,East,3,1,12
0,5,14,3,2414.104,0 4,South,3,1,12
0,5,14,3,2414.726,0 4,West,3,1,12
0,5,14,2,2415.315,0 3,West,3,1,12
0,5,14,1,2415.875,0 3,South,3,1,12
0,5,14,2,2416.456,1 3,South,3,1,12
0,5,14,2,2417.026,2 3,South,3,1,12
0,5,14,2,2417.56,3 3,South,3,1,12
0,5,14,1,2418.496,3 3,East,3,1,12
0,5,14,2,2419.11,3 4,East,3,1,12
0,5,14,3,2419.67,3 4,South,3,1,12
0,5,14,2,2420.228,4 4,South,3,1,12
0,5,14,3,2420.825,4 4,West,3,1,12
0,5,14,2,2421.38,4 3,West,3,1,12
0,5,14,2,2421.969,4 2,West,3,1,12
0,5,14,3,2422.53,4 2,North,3,1,12
0,5,14,2,2423.096,3 2,North,3,1,12
0,5,14,1,2424.07,3 2,West,3,1,12
0,5,14,2,2424.964,3 1,West,3,1,12
0,5,14,2,2425.489,3 0,West,3,1,12
0,5,14,3,2426.36,3 0,North,3,1,12
0,5,14,2,2426.948,2 0,North,3,1,12
0,5,14,2,2427.96,1 0,North,3,1,12
0,5,14,3,2428.569,1 0,East,3,1,12
0,5,14,2,2429.128,1 1,East,3,1,12
0,5,14,6,2429.54,1 1,East,3,2,12
0,5,14,3,2429.702,1 1,South,3,2,12
0,5,14,2,2430.279,2 1,South,3,2,12
0,5,14,1,2431.044,2 1,East,3,2,12
0,5,14,2,2431.585,2 2,East,3,2,12
0,5,14,1,2432.146,2 2,North,3,2,12
0,5,14,2,2433.059,1 2,North,3,2,12
0,5,14,2,2433.684,0 2,North,3,2,12
0,5,14,1,2434.469,0 2,West,3,2,12
0,5,14,1,2435.321,0 2,South,3,2,12
0,5,14,2,2435.861,1 2,South,3,2,12
0,5,14,2,2436.375,2 2,South,3,2,12
0,5,14,3,2437.415,2 2,West,3,2,12
0,5,14,2,2438.115,2 1,West,3,2,12
0,5,14,3,2438.729,2 1,North,3,2,12
0,5,14,2,2439.345,1 1,North,3,2,12
0,5,14,1,2439.942,1 1,West,3,2,12
0,5,14,2,2440.453,1 0,West,3,2,12
0,5,14,1,2441.04,1 0,South,3,2,12
0,5,14,2,2441.588,2 0,South,3,2,12
0,5,14,1,2442.45,2 0,East,3,2,12
0,5,14,3,2442.964,2 0,South,3,2,12
0,5,14,2,2443.513,3 0,South,3,2,12
0,5,14,1,2444.274,3 0,East,3,2,12
0,5,14,2,2444.808,3 1,East,3,2,12
0,5,14,2,2445.715,3 2,East,3,2,12
0,5,14,3,2446.296,3 2,South,3,2,12
0,5,14,2,2446.825,4 2,South,3,2,12
0,5,14,3,2447.431,4 2,West,3,2,12
0,5,14,3,2447.974,4 2,North,3,2,12
0,5,14,3,2448.758,4 2,East,3,2,12
0,5,14,2,2449.312,4 3,East,3,2,12
0,5,14,2,2449.825,4 4,East,3,2,12
0,5,14,1,2450.679,4 4,North,3,2,12
0,5,14,2,2451.441,3 4,North,3,2,12
0,5,14,1,2452.02,3 4,West,3,2,12
0,5,14,2,2452.889,3 3,West,3,2,12
0,5,14,6,2453.3,3 3,West,3,3,12
0,5,14,3,2453.458,3 3,North,3,3,12
0,5,14,2,2454.018,2 3,North,3,3,12
0,5,14,2,2454.642,1 3,North,3,3,12
0,5,14,2,2455.558,0 3,North,3,3,12
0,5,14,3,2456.089,0 3,East,3,3,12
0,5,14,2,2456.646,0 4,East,3,3,12
0,5,14,3,2457.193,0 4,South,3,3,12
0,5,14,3,2458.084,0 4,West,3,3,12
0,5,14,2,2458.74,0 3,West,3,3,12
0,5,14,1,2459.411,0 3,South,3,3,12
0,5,14,2,2459.975,1 3,South,3,3,12
0,5,14,2,2460.628,2 3,South,3,3,12
0,5,14,1,2461.364,2 3,East,3,3,12
0,5,14,3,2461.969,2 3,South,3,3,12
0,5,14,2,2462.488,3 3,South,3,3,12
0,5,14,1,2463.009,3 3,East,3,3,12
0,5,14,2,2463.536,3 4,East,3,3,12
0,5,14,3,2464.087,3 4,South,3,3,12
0,5,14,2,2464.682,4 4,South,3,3,12
0,5,14,3,2465.473,4 4,West,3,3,12
0,5,14,2,2466.019,4 3,West,3,3,12
0,5,14,2,2466.58,4 2,West,3,3,12
0,5,14,3,2467.172,4 2,North,3,3,12
0,5,14,2,2467.779,3 2,North,3,3,12
0,5,14,1,2468.648,3 2,West,3,3,12
0,5,14,2,2469.32,3 1,West,3,3,12
0,5,14,2,2469.975,3 0,West,3,3,12
0,5,14,3,2470.774,3 0,North,3,3,12
0,5,14,2,2471.349,2 0,North,3,3,12
0,5,14,2,2471.878,1 0,North,3,3,12
0,5,14,3,2472.628,1 0,East,3,3,12
0,5,14,2,2473.426,1 1,East,3,3,12
0,5,14,3,2473.986,1 1,South,3,3,12
0,5,14,2,2474.582,2 1,South,3,3,12
0,5,14,6,2474.96,2 1,South,3,4,12
0,5,14,2,2475.442,2 1,South,3,4,12
0,5,14,1,2475.539,2 1,East,3,4,12
0,5,14,2,2476.115,2 2,East,3,4,12
0,5,14,1,2476.966,2 2,North,3,4,12
0,5,14,2,2477.537,1 2,North,3,4,12
0,5,14,2,2478.161,0 2,North,3,4,12
0,5,14,1,2478.692,0 2,West,3,4,12
0,5,14,2,2479.333,0 1,West,3,4,12
0,5,14,2,2479.923,0 0,West,3,4,12
0,5,14,6,2480.32,0 0,West,3,5,12
0,5,14,1,2480.658,0 0,South,3,5,12
0,5,14,1,2481.187,0 0,East,3,5,12
0,5,14,2,2481.747,0 1,East,3,5,12
0,5,14,2,2482.727,0 2,East,3,5,12
0,5,14,3,2483.655,0 2,South,3,5,12
0,5,14,2,2484.321,1 2,South,3,5,12
0,5,14,2,2484.92,2 2,South,3,5,12
0,5,14,3,2485.606,2 2,West,3,5,12
0,5,14,2,2486.167,2 1,West,3,5,12
0,5,14,3,2486.802,2 1,North,3,5,12
0,5,14,2,2487.367,1 1,North,3,5,12
0,5,14,1,2488.135,1 1,West,3,5,12
0,5,14,2,2488.775,1 0,West,3,5,12
0,5,14,1,2489.401,1 0,South,3,5,12
0,5,14,2,2490.145,2 0,South,3,5,12
0,5,14,2,2490.839,3 0,South,3,5,12
0,5,14,1,2491.542,3 0,East,3,5,12
0,5,14,2,2492.42,3 1,East,3,5,12
0,5,14,2,2493.238,3 2,East,3,5,12
0,5,14,3,2493.86,3 2,South,3,5,12
0,5,14,2,2494.457,4 2,South,3,5,12
0,5,14,1,2494.976,4 2,East,3,5,12
0,5,14,2,2495.544,4 3,East,3,5,12
0,5,14,6,2495.96,4 3,East,3,6,12
0,5,14,2,2496.117,4 4,East,3,6,12
0,5,14,1,2496.756,4 4,North,3,6,12
0,5,14,1,2497.463,4 4,West,3,6,12
0,5,14,3,2498.135,4 4,North,3,6,12
0,5,14,2,2498.695,3 4,North,3,6,12
0,5,14,1,2499.461,3 4,West,3,6,12
0,5,14,2,2500.167,3 3,West,3,6,12
0,5,14,3,2500.677,3 3,North,3,6,12
0,5,14,2,2501.254,2 3,North,3,6,12
0,5,14,2,2501.86,1 3,North,3,6,12
0,5,14,2,2502.775,0 3,North,3,6,12
0,5,14,3,2503.368,0 3,East,3,6,12
0,5,14,2,2504.274,0 4,East,3,6,12
0,5,14,3,2504.823,0 4,South,3,6,12
0,5,14,2,2505.427,1 4,South,3,6,12
0,5,14,3,2506.224,1 4,West,3,6,12
0,5,14,3,2506.995,1 4,North,3,6,12
0,5,14,2,2507.607,0 4,North,3,6,12
0,5,14,1,2508.135,0 4,West,3,6,12
0,5,14,2,2508.645,0 3,West,3,6,12
0,5,14,1,2509.218,0 3,South,3,6,12
0,5,14,2,2509.939,1 3,South,3,6,12
0,5,14,2,2510.469,2 3,South,3,6,12
0,5,14,2,2511.017,3 3,South,3,6,12
0,5,14,1,2511.767,3 3,East,3,6,12
0,5,14,2,2512.372,3 4,East,3,6,12
0,5,14,3,2513.302,3 4,South,3,6,12
0,5,14,2,2513.953,4 4,South,3,6,12
0,5,14,3,2514.522,4 4,West,3,6,12
0,5,14,2,2515.125,4 3,West,3,6,12
0,5,14,2,2515.734,4 2,West,3,6,12
0,5,14,3,2516.564,4 2,North,3,6,12
0,5,14,2,2517.283,3 2,North,3,6,12
0,5,14,1,2517.971,3 2,West,3,6,12
0,5,14,2,2518.521,3 1,West,3,6,12
0,5,14,2,2519.063,3 0,West,3,6,12
0,5,14,3,2519.688,3 0,North,3,6,12
0,5,14,2,2520.292,2 0,North,3,6,12
0,5,14,2,2520.886,1 0,North,3,6,12
0,5,14,3,2521.765,1 0,East,3,6,12
0,5,14,2,2522.403,1 1,East,3,6,12
0,5,14,3,2522.947,1 1,South,3,6,12
0,5,14,2,2523.457,2 1,South,3,6,12
0,5,14,1,2524.193,2 1,East,3,6,12
0,5,14,2,2524.723,2 2,East,3,6,12
0,5,14,1,2525.479,2 2,North,3,6,12
0,5,14,2,2526.341,1 2,North,3,6,12
0,5,14,2,2527.271,0 2,North,3,6,12
0,5,14,1,2527.847,0 2,West,3,6,12
0,5,14,2,2528.725,0 1,West,3,6,12
0,5,14,6,2529.14,0 1,West,3,7,12
0,5,14,1,2529.267,0 1,South,3,7,12
0,5,14,1,2529.83,0 1,East,3,7,12
0,5,14,2,2530.371,0 2,East,3,7,12
0,5,14,3,2531.188,0 2,South,3,7,12
0,5,14,2,2531.752,1 2,South,3,7,12
0,5,14,2,2532.425,2 2,South,3,7,12
0,5,14,3,2533.123,2 2,West,3,7,12
0,5,14,2,2533.653,2 1,West,3,7,12
0,5,14,3,2534.184,2 1,North,3,7,12
0,5,14,2,2534.837,1 1,North,3,7,12
0,5,14,1,2535.349,1 1,West,3,7,12
0,5,14,2,2535.879,1 0,West,3,7,12
0,5,14,1,2536.402,1 0,South,3,7,12
0,5,14,2,2536.968,2 0,South,3,7,12
0,5,14,2,2537.764,3 0,South,3,7,12
0,5,14,1,2538.647,3 0,East,3,7,12
0,5,14,2,2539.224,3 1,East,3,7,12
0,5,14,2,2539.794,3 2,East,3,7,12
0,5,14,3,2540.704,3 2,South,3,7,12
0,5,14,2,2541.304,4 2,South,3,7,12
0,5,14,3,2542.246,4 2,West,3,7,12
0,5,14,3,2543.01,4 2,North,3,7,12
0,5,14,3,2543.875,4 2,East,3,7,12
0,5,14,2,2544.405,4 3,East,3,7,12
0,5,14,2,2545.238,4 4,East,3,7,12
0,5,14,1,2545.817,4 4,North,3,7,12
0,5,14,2,2546.392,3 4,North,3,7,12
0,5,14,1,2546.97,3 4,West,3,7,12
0,5,14,2,2547.53,3 3,West,3,7,12
0,5,14,3,2548.342,3 3,North,3,7,12
0,5,14,2,2548.931,2 3,North,3,7,12
0,5,14,2,2549.591,1 3,North,3,7,12
0,5,14,2,2550.137,0 3,North,3,7,12
0,5,14,6,2550.52,0 3,North,3,8,12
3,5,14,1,2555.026,4 3,North,3,0,0
3,5,14,1,2555.889,4 2,North,3,0,0
3,5,14,2,2556.577,3 2,North,3,0,0
3,5,14,1,2557.283,3 1,North,3,0,0
3,5,14,1,2557.922,3 0,North,3,0,0
3,5,14,2,2558.55,2 0,North,3,0,0
3,5,14,3,2559.162,2 0,North,3,0,1
3,5,14,2,2560.07,1 0,North,3,0,1
3,5,14,3,2560.69,1 1,North,3,0,1
3,5,14,4,2561.274,2 1,North,3,0,1
3,5,14,6,2561.64,2 1,North,3,1,1
3,5,14,2,2561.989,1 1,North,3,1,1
3,5,14,1,2562.613,1 0,North,3,1,1
3,5,14,4,2563.332,2 0,North,3,1,1
3,5,14,4,2563.957,3 0,North,3,1,1
3,5,14,3,2564.517,3 1,North,3,1,1
3,5,14,3,2565.397,3 2,North,3,1,1
3,5,14,4,2566.002,4 2,North,3,1,1
3,5,14,3,2566.625,4 3,North,3,1,1
3,5,14,3,2567.352,4 4,North,3,1,1
3,5,14,1,2568.308,4 3,North,3,1,1
3,5,14,3,2568.935,4 4,North,3,1,1
3,5,14,2,2570.244,3 4,North,3,1,1
3,5,14,1,2571.249,3 3,North,3,1,1
3,5,14,2,2571.866,2 3,North,3,1,1
3,5,14,2,2572.514,1 3,North,3,1,1
3,5,14,2,2573.095,0 3,North,3,1,1
3,5,14,6,2573.48,0 3,North,3,2,1
3,5,14,4,2573.844,1 3,North,3,2,1
3,5,14,4,2574.482,2 3,North,3,2,1
3,5,14,2,2575.476,1 3,North,3,2,1
3,5,14,2,2576.516,0 3,North,3,2,1
3,5,14,1,2577.24,0 3,North,3,2,2
3,5,14,4,2577.922,1 3,North,3,2,2
3,5,14,4,2578.466,2 3,North,3,2,2
3,5,14,1,2579.179,2 3,North,3,2,3
3,5,14,4,2579.522,3 3,North,3,2,3
3,5,14,3,2580.677,3 4,North,3,2,3
3,5,14,4,2581.428,4 4,North,3,2,3
3,5,14,1,2582.12,4 3,North,3,2,3
3,5,14,1,2582.705,4 2,North,3,2,3
3,5,14,2,2583.332,3 2,North,3,2,3
3,5,14,2,2584.228,3 2,North,3,2,4
3,5,14,1,2584.578,3 1,North,3,2,4
3,5,14,1,2585.191,3 0,North,3,2,4
3,5,14,2,2585.862,2 0,North,3,2,4
3,5,14,3,2586.433,2 0,North,3,2,5
3,5,14,2,2586.947,1 0,North,3,2,5
3,5,14,3,2587.625,1 1,North,3,2,5
3,5,14,4,2588.323,2 1,North,3,2,5
3,5,14,3,2588.944,2 2,North,3,2,5
3,5,14,6,2589.34,2 2,North,3,3,5
3,5,14,1,2589.718,2 1,North,3,3,5
3,5,14,2,2590.324,1 1,North,3,3,5
3,5,14,1,2590.936,1 0,North,3,3,5
3,5,14,2,2591.585,1 0,North,3,3,6
3,5,14,3,2592.018,1 1,North,3,3,6
3,5,14,2,2592.658,1 1,North,3,3,7
3,5,14,3,2593.121,1 1,North,3,3,8
3,5,14,4,2593.719,2 1,North,3,3,8
3,5,14,3,2594.359,2 2,North,3,3,8
3,5,14,2,2595.026,1 2,North,3,3,8
3,5,14,1,2595.603,1 2,North,3,3,9
3,5,14,2,2596.273,0 2,North,3,3,9
3,5,14,1,2596.966,0 1,North,3,3,9
3,5,14,1,2597.556,0 0,North,3,3,9
3,5,14,6,2597.96,0 0,North,3,4,9
3,5,14,3,2598.243,0 1,North,3,4,9
3,5,14,3,2598.856,0 2,North,3,4,9
3,5,14,4,2599.591,1 2,North,3,4,9
3,5,14,6,2599.94,1 2,North,3,5,9
3,5,14,2,2600.481,0 2,North,3,5,9
3,5,14,1,2601.185,0 1,North,3,5,9
3,5,14,6,2601.6,0 1,North,3,6,9
3,5,14,3,2601.799,0 2,North,3,6,9
3,5,14,4,2602.442,1 2,North,3,6,9
3,5,14,4,2603.506,2 2,North,3,6,9
3,5,14,1,2604.133,2 1,North,3,6,9
3,5,14,4,2605.733,2 1,North,3,6,10
3,5,14,1,2606.167,2 1,North,3,6,11
3,5,14,2,2606.673,1 1,North,3,6,11
3,5,14,1,2607.314,1 0,North,3,6,11
3,5,14,4,2607.96,2 0,North,3,6,11
3,5,14,4,2608.793,3 0,North,3,6,11
3,5,14,3,2609.385,3 1,North,3,6,11
3,5,14,3,2610.089,3 2,North,3,6,11
3,5,14,4,2610.678,4 2,North,3,6,11
3,5,14,6,2611.04,4 2,North,3,7,11
3,5,14,3,2611.429,4 3,North,3,7,11
3,5,14,3,2612.433,4 4,North,3,7,11
3,5,14,2,2613.187,3 4,North,3,7,11
3,5,14,1,2614.099,3 3,North,3,7,11
3,5,14,2,2615.107,2 3,North,3,7,11
3,5,14,2,2615.877,1 3,North,3,7,11
3,5,14,2,2616.563,0 3,North,3,7,11
3,5,14,3,2617.281,0 4,North,3,7,11
3,5,14,6,2617.68,0 4,North,3,8,11
0,5,15,2,2621.303,3 4,North,3,0,11
0,5,15,1,2621.844,3 4,West,3,0,11
0,5,15,2,2622.435,3 3,West,3,0,11
0,5,15,1,2623.652,3 3,South,3,0,11
0,5,15,1,2624.564,3 3,East,3,0,11
0,5,15,2,2625.235,3 4,East,3,0,11
0,5,15,3,2625.862,3 4,South,3,0,11
0,5,15,2,2626.455,4 4,South,3,0,11
0,5,15,3,2627.128,4 4,West,3,0,11
0,5,15,2,2627.815,4 3,West,3,0,11
0,5,15,2,2628.326,4 2,West,3,0,11
0,5,15,2,2628.96,4 1,West,3,0,11
0,5,15,6,2629.38,4 1,West,3,1,11
0,5,15,3,2629.573,4 1,North,3,1,11
0,5,15,3,2630.084,4 1,East,3,1,11
0,5,15,2,2630.755,4 2,East,3,1,11
0,5,15,2,2631.607,4 3,East,3,1,11
0,5,15,2,2632.279,4 4,East,3,1,11
0,5,15,1,2632.836,4 4,North,3,1,11
0,5,15,2,2633.78,3 4,North,3,1,11
0,5,15,1,2634.471,3 4,West,3,1,11
0,5,15,2,2635.011,3 3,West,3,1,11
0,5,15,3,2635.745,3 3,North,3,1,11
0,5,15,2,2636.337,2 3,North,3,1,11
0,5,15,2,2637.015,1 3,North,3,1,11
0,5,15,2,2637.541,0 3,North,3,1,11
0,5,15,3,2638.178,0 3,East,3,1,11
0,5,15,2,2638.762,0 4,East,3,1,11
0,5,15,3,2639.346,0 4,South,3,1,11
0,5,15,3,2639.969,0 4,West,3,1,11
0,5,15,2,2640.482,0 3,West,3,1,11
0,5,15,1,2641.191,0 3,South,3,1,11
0,5,15,2,2641.859,1 3,South,3,1,11
0,5,15,2,2642.408,2 3,South,3,1,11
0,5,15,2,2643.013,3 3,South,3,1,11
0,5,15,1,2643.856,3 3,East,3,1,11
0,5,15,2,2644.519,3 4,East,3,1,11
0,5,15,3,2645.319,3 4,South,3,1,11
0,5,15,2,2645.905,4 4,South,3,1,11
0,5,15,3,2646.482,4 4,West,3,1,11
0,5,15,2,2647.033,4 3,West,3,1,11
0,5,15,2,2648.066,4 2,West,3,1,11
0,5,15,3,2649.033,4 2,North,3,1,11
0,5,15,2,2649.64,3 2,North,3,1,11
0,5,15,1,2650.257,3 2,West,3,1,11
0,5,15,2,2651.019,3 1,West,3,1,11
0,5,15,2,2651.65,3 0,West,3,1,11
0,5,15,3,2652.512,3 0,North,3,1,11
0,5,15,2,2653.299,2 0,North,3,1,11
0,5,15,2,2653.86,1 0,North,3,1,11
0,5,15,3,2654.677,1 0,East,3,1,11
0,5,15,2,2655.286,1 1,East,3,1,11
0,5,15,3,2655.895,1 1,South,3,1,11
0,5,15,2,2656.437,2 1,South,3,1,11
0,5,15,1,2656.969,2 1,East,3,1,11
0,5,15,2,2657.864,2 2,East,3,1,11
0,5,15,1,2658.593,2 2,North,3,1,11
0,5,15,2,2659.105,1 2,North,3,1,11
0,5,15,6,2659.48,1 2,North,3,2,11
0,5,15,2,2659.841,0 2,North,3,2,11
0,5,15,1,2660.694,0 2,West,3,2,11
0,5,15,1,2661.366,0 2,South,3,2,11
0,5,15,2,2661.927,1 2,South,3,2,11
0,5,15,2,2662.45,2 2,South,3,2,11
0,5,15,3,2662.966,2 2,West,3,2,11
0,5,15,2,2663.554,2 1,West,3,2,11
0,5,15,3,2664.114,2 1,North,3,2,11
0,5,15,2,2664.664,1 1,North,3,2,11
0,5,15,1,2665.461,1 1,West,3,2,11
0,5,15,2,2666.02,1 0,West,3,2,11
0,5,15,1,2666.551,1 0,South,3,2,11
0,5,15,2,2667.415,2 0,South,3,2,11
0,5,15,6,2667.8,2 0,South,3,3,11
0,5,15,2,2668.113,3 0,South,3,3,11
0,5,15,1,2668.66,3 0,East,3,3,11
0,5,15,2,2669.604,3 1,East,3,3,11
0,5,15,2,2670.148,3 2,East,3,3,11
0,5,15,3,2670.984,3 2,South,3,3,11
0,5,15,2,2671.618,4 2,South,3,3,11
0,5,15,3,2672.213,4 2,West,3,3,11
0,5,15,3,2672.856,4 2,North,3,3,11
0,5,15,3,2673.671,4 2,East,3,3,11
0,5,15,2,2674.26,4 3,East,3,3,11
0,5,15,2,2675.094,4 4,East,3,3,11
0,5,15,1,2675.713,4 4,North,3,3,11
0,5,15,2,2676.29,3 4,North,3,3,11
0,5,15,1,2676.904,3 4,West,3,3,11
0,5,15,2,2677.426,3 3,West,3,3,11
0,5,15,3,2677.939,3 3,North,3,3,11
0,5,15,2,2678.483,2 3,North,3,3,11
0,5,15,2,2679.01,1 3,North,3,3,11
0,5,15,3,2679.765,1 3,East,3,3,11
0,5,15,1,2680.295,1 3,North,3,3,11
0,5,15,2,2680.883,0 3,North,3,3,11
0,5,15,3,2681.641,0 3,East,3,3,11
0,5,15,2,2682.196,0 4,East,3,3,11
0,5,15,3,2682.755,0 4,South,3,3,11
0,5,15,2,2683.284,1 4,South,3,3,11
0,5,15,6,2683.66,1 4,South,3,4,11
0,5,15,3,2683.944,1 4,West,3,4,11
0,5,15,3,2684.458,1 4,North,3,4,11
0,5,15,2,2684.998,0 4,North,3,4,11
0,5,15,1,2685.603,0 4,West,3,4,11
0,5,15,2,2686.513,0 3,West,3,4,11
0,5,15,1,2687.105,0 3,South,3,4,11
0,5,15,2,2687.792,1 3,South,3,4,11
0,5,15,2,2688.376,2 3,South,3,4,11
0,5,15,2,2689.218,3 3,South,3,4,11
0,5,15,1,2689.865,3 3,East,3,4,11
0,5,15,2,2690.689,3 4,East,3,4,11
0,5,15,3,2691.24,3 4,South,3,4,11
0,5,15,2,2691.782,4 4,South,3,4,11
0,5,15,3,2692.34,4 4,West,3,4,11
0,5,15,2,2692.886,4 3,West,3,4,11
0,5,15,2,2693.409,4 2,West,3,4,11
0,5,15,3,2693.953,4 2,North,3,4,11
0,5,15,2,2694.502,3 2,North,3,4,11
0,5,15,6,2694.88,3 2,North,3,5,11
0,5,15,1,2695.798,3 2,West,3,5,11
0,5,15,2,2696.313,3 1,West,3,5,11
0,5,15,2,2697.03,3 0,West,3,5,11
0,5,15,3,2697.544,3 0,North,3,5,11
0,5,15,2,2698.133,2 0,North,3,5,11
0,5,15,2,2698.757,1 0,North,3,5,11
0,5,15,3,2699.51,1 0,East,3,5,11
0,5,15,3,2700.327,1 0,South,3,5,11
0,5,15,1,2701.306,1 0,East,3,5,11
0,5,15,2,2701.938,1 1,East,3,5,11
0,5,15,3,2702.786,1 1,South,3,5,11
0,5,15,2,2703.364,2 1,South,3,5,11
0,5,15,1,2704.087,2 1,East,3,5,11
0,5,15,2,2704.836,2 2,East,3,5,11
0,5,15,1,2705.394,2 2,North,3,5,11
0,5,15,1,2706.264,2 2,West,3,5,11
0,5,15,3,2706.933,2 2,North,3,5,11
0,5,15,2,2707.49,1 2,North,3,5,11
0,5,15,2,2708.098,0 2,North,3,5,11
0,5,15,1,2708.839,0 2,West,3,5,11
0,5,15,1,2709.49,0 2,South,3,5,11
0,5,15,2,2710.034,1 2,South,3,5,11
0,5,15,2,2710.967,2 2,South,3,5,11
0,5,15,3,2711.824,2 2,West,3,5,11
0,5,15,2,2712.373,2 1,West,3,5,11
0,5,15,3,2712.92,2 1,North,3,5,11
0,5,15,2,2713.509,1 1,North,3,5,11
0,5,15,1,2714.218,1 1,West,3,5,11
0,5,15,2,2714.792,1 0,West,3,5,11
0,5,15,1,2715.367,1 0,South,3,5,11
0,5,15,2,2716.037,2 0,South,3,5,11
0,5,15,2,2716.61,3 0,South,3,5,11
0,5,15,1,2717.369,3 0,East,3,5,11
0,5,15,2,2717.909,3 1,East,3,5,11
0,5,15,2,2718.424,3 2,East,3,5,11
0,5,15,3,2719.175,3 2,South,3,5,11
0,5,15,2,2719.767,4 2,South,3,5,11
0,5,15,3,2720.312,4 2,West,3,5,11
0,5,15,3,2720.869,4 2,North,3,5,11
0,5,15,3,2721.544,4 2,East,3,5,11
0,5,15,2,2722.102,4 3,East,3,5,11
0,5,15,2,2722.769,4 4,East,3,5,11
0,5,15,1,2723.592,4 4,North,3,5,11
0,5,15,1,2724.167,4 4,West,3,5,11
0,5,15,3,2724.771,4 4,North,3,5,11
0,5,15,2,2725.361,3 4,North,3,5,11
0,5,15,1,2726.184,3 4,West,3,5,11
0,5,15,2,2726.754,3 3,West,3,5,11
0,5,15,3,2727.462,3 3,North,3,5,11
0,5,15,2,2727.991,2 3,North,3,5,11
0,5,15,2,2728.535,1 3,North,3,5,11
0,5,15,2,2729.065,0 3,North,3,5,11
0,5,15,3,2729.927,0 3,East,3,5,11
0,5,15,2,2730.52,0 4,East,3,5,11
0,5,15,3,2731.048,0 4,South,3,5,11
0,5,15,2,2731.623,1 4,South,3,5,11
0,5,15,2,2732.292,2 4,South,3,5,11
0,5,15,6,2732.68,2 4,South,3,6,11
0,5,15,3,2732.855,2 4,West,3,6,11
0,5,15,3,2733.368,2 4,North,3,6,11
0,5,15,2,2734.166,1 4,North,3,6,11
0,5,15,2,2734.857,0 4,North,3,6,11
0,5,15,1,2735.479,0 4,West,3,6,11
0,5,15,2,2736.39,0 3,West,3,6,11
0,5,15,1,2736.97,0 3,South,3,6,11
0,5,15,2,2737.654,1 3,South,3,6,11
0,5,15,2,2738.312,2 3,South,3,6,11
0,5,15,1,2739.011,2 3,East,3,6,11
0,5,15,3,2739.524,2 3,South,3,6,11
0,5,15,2,2740.043,3 3,South,3,6,11
0,5,15,1,2740.914,3 3,East,3,6,11
0,5,15,2,2741.481,3 4,East,3,6,11
0,5,15,6,2741.9,3 4,East,3,7,11
0,5,15,3,2742.339,3 4,South,3,7,11
0,5,15,2,2742.867,4 4,South,3,7,11
0,5,15,3,2743.719,4 4,West,3,7,11
0,5,15,2,2744.455,4 3,West,3,7,11
0,5,15,2,2745.186,4 2,West,3,7,11
0,5,15,3,2746.008,4 2,North,3,7,11
0,5,15,2,2746.595,3 2,North,3,7,11
0,5,15,1,2747.281,3 2,West,3,7,11
0,5,15,2,2747.826,3 1,West,3,7,11
0,5,15,2,2748.453,3 0,West,3,7,11
0,5,15,3,2749.011,3 0,North,3,7,11
0,5,15,2,2749.667,2 0,North,3,7,11
0,5,15,2,2750.515,1 0,North,3,7,11
0,5,15,3,2751.169,1 0,East,3,7,11
0,5,15,2,2751.81,1 1,East,3,7,11
0,5,15,3,2752.628,1 1,South,3,7,11
0,5,15,2,2753.206,2 1,South,3,7,11
0,5,15,1,2753.928,2 1,East,3,7,11
0,5,15,2,2754.598,2 2,East,3,7,11
0,5,15,6,2755.02,2 2,East,3,8,11
3,5,15,2,2760.225,3 4,North,3,0,0
3,5,15,1,2762.245,3 3,North,3,0,0
3,5,15,3,2763.131,3 4,North,3,0,0
3,5,15,4,2764.299,4 4,North,3,0,0
3,5,15,1,2765.012,4 3,North,3,0,0
3,5,15,1,2765.589,4 2,North,3,0,0
3,5,15,2,2766.146,3 2,North,3,0,0
3,5,15,1,2767.08,3 1,North,3,0,0
3,5,15,1,2767.634,3 0,North,3,0,0
3,5,15,2,2768.213,2 0,North,3,0,0
3,5,15,3,2768.771,2 0,North,3,0,1
3,5,15,2,2769.265,1 0,North,3,0,1
3,5,15,3,2769.813,1 1,North,3,0,1
3,5,15,4,2770.347,2 1,North,3,0,1
3,5,15,3,2770.917,2 2,North,3,0,1
3,5,15,6,2771.32,2 2,North,3,1,1
3,5,15,1,2771.578,2 1,North,3,1,1
3,5,15,2,2772.166,1 1,North,3,1,1
3,5,15,1,2772.729,1 0,North,3,1,1
3,5,15,4,2773.428,2 0,North,3,1,1
3,5,15,4,2773.973,3 0,North,3,1,1
3,5,15,3,2774.531,3 1,North,3,1,1
3,5,15,3,2775.047,3 2,North,3,1,1
3,5,15,4,2775.643,4 2,North,3,1,1
3,5,15,3,2776.216,4 3,North,3,1,1
3,5,15,3,2776.79,4 4,North,3,1,1
3,5,15,2,2777.429,3 4,North,3,1,1
3,5,15,6,2777.8,3 4,North,3,2,1
3,5,15,1,2779.366,3 3,North,3,2,1
3,5,15,2,2779.893,2 3,North,3,2,1
3,5,15,2,2780.612,1 3,North,3,2,1
3,5,15,1,2781.282,1 3,North,3,2,2
3,5,15,2,2781.828,0 3,North,3,2,2
3,5,15,1,2782.469,0 3,North,3,2,3
3,5,15,4,2784.218,1 3,North,3,2,3
3,5,15,4,2785.65,2 3,North,3,2,3
3,5,15,1,2786.457,2 3,North,3,2,4
3,5,15,4,2787.018,3 3,North,3,2,4
3,5,15,3,2788.025,3 4,North,3,2,4
3,5,15,4,2788.648,4 4,North,3,2,4
3,5,15,1,2789.29,4 3,North,3,2,4
3,5,15,1,2789.817,4 2,North,3,2,4
3,5,15,2,2790.359,3 2,North,3,2,4
3,5,15,1,2791.27,3 1,North,3,2,4
3,5,15,1,2792.134,3 0,North,3,2,4
3,5,15,2,2792.755,2 0,North,3,2,4
3,5,15,3,2793.48,2 0,North,3,2,5
3,5,15,2,2794.007,1 0,North,3,2,5
3,5,15,3,2794.596,1 1,North,3,2,5
3,5,15,3,2795.257,1 1,North,3,2,6
3,5,15,2,2795.761,1 1,North,3,2,7
3,5,15,2,2796.327,1 1,North,3,2,8
3,5,15,1,2796.727,1 0,North,3,2,8
3,5,15,2,2797.347,1 0,North,3,2,9
3,5,15,4,2798.122,2 0,North,3,2,9
3,5,15,3,2798.642,2 0,North,3,2,10
3,5,15,2,2799.691,1 0,North,3,2,10
3,5,15,4,2800.456,2 0,North,3,2,10
3,5,15,3,2801.095,2 0,North,3,2,11
3,5,15,4,2801.514,3 0,North,3,2,11
3,5,15,3,2802.036,3 1,North,3,2,11
3,5,15,3,2802.665,3 2,North,3,2,11
3,5,15,2,2803.259,3 2,North,3,2,12
3,5,15,3,2803.767,3 2,North,3,2,13
3,5,15,3,2804.294,3 2,North,3,2,14
3,5,15,1,2805.334,3 1,North,3,2,14
3,5,15,2,2805.877,3 1,North,3,2,15
3,5,15,4,2806.468,3 1,North,3,2,16
3,5,15,3,2807.048,3 2,North,3,2,16
3,5,15,4,2807.591,4 2,North,3,2,16
3,5,15,3,2808.166,4 3,North,3,2,16
3,5,15,3,2808.987,4 4,North,3,2,16
3,5,15,2,2809.542,3 4,North,3,2,16
3,5,15,2,2810.114,3 4,North,3,2,17
3,5,15,1,2810.917,3 3,North,3,2,17
3,5,15,2,2811.537,2 3,North,3,2,17
3,5,15,2,2812.243,1 3,North,3,2,17
3,5,15,2,2812.836,0 3,North,3,2,17
3,5,15,1,2813.624,0 3,North,3,2,18
3,5,15,3,2815.096,0 4,North,3,2,18
3,5,15,4,2816.473,1 4,North,3,2,18
3,5,15,4,2817.988,2 4,North,3,2,18
3,5,15,4,2818.665,2 4,North,3,2,19
3,5,15,2,2819.283,1 4,North,3,2,19
3,5,15,2,2819.882,0 4,North,3,2,19
3,5,15,1,2820.759,0 3,North,3,2,19
3,5,15,1,2821.349,0 3,North,3,2,20
3,5,15,4,2823.32,1 3,North,3,2,20
3,5,15,1,2823.96,1 3,North,3,2,21
3,5,15,4,2824.433,2 3,North,3,2,21
3,5,15,1,2825.045,2 3,North,3,2,22
3,5,15,4,2825.688,3 3,North,3,2,22
3,5,15,1,2826.756,3 3,North,3,2,23
3,5,15,4,2827.448,3 3,North,3,2,24
3,5,15,3,2827.974,3 4,North,3,2,24
3,5,15,2,2828.586,3 4,North,3,2,25
3,5,15,1,2830.306,3 3,North,3,2,25
3,5,15,2,2830.854,2 3,North,3,2,25
3,5,15,3,2831.449,2 3,North,3,2,26
3,5,15,4,2832.138,3 3,North,3,2,26
3,5,15,3,2832.761,3 4,North,3,2,26
3,5,15,4,2833.379,4 4,North,3,2,26
3,5,15,1,2833.96,4 3,North,3,2,26
3,5,15,1,2834.729,4 2,North,3,2,26
3,5,15,2,2835.301,3 2,North,3,2,26
3,5,15,1,2835.923,3 1,North,3,2,26
3,5,15,2,2836.515,3 1,North,3,2,27
3,5,15,1,2837.002,3 0,North,3,2,27
3,5,15,2,2837.621,2 0,North,3,2,27
3,5,15,2,2838.2,1 0,North,3,2,27
3,5,15,3,2838.891,1 1,North,3,2,27
3,5,15,3,2839.414,1 1,North,3,2,28
3,5,15,2,2840.066,1 1,North,3,2,29
3,5,15,1,2840.485,1 0,North,3,2,29
3,5,15,2,2841.096,1 0,North,3,2,30
3,5,15,3,2842.849,1 1,North,3,2,30
3,5,15,2,2843.381,1 1,North,3,2,31
3,5,15,4,2844.032,2 1,North,3,2,31
3,5,15,3,2844.592,2 2,North,3,2,31
3,5,15,2,2845.176,1 2,North,3,2,31
3,5,15,6,2845.56,1 2,North,3,3,31
3,5,15,4,2845.861,2 2,North,3,3,31
3,5,15,1,2846.456,2 1,North,3,3,31
3,5,15,2,2847.034,1 1,North,3,3,31
3,5,15,1,2847.687,1 0,North,3,3,31
3,5,15,4,2848.375,2 0,North,3,3,31
3,5,15,6,2848.74,2 0,North,3,4,31
3,5,15,2,2849.156,1 0,North,3,4,31
3,5,15,4,2849.771,2 0,North,3,4,31
3,5,15,4,2850.355,3 0,North,3,4,31
3,5,15,3,2850.883,3 1,North,3,4,31
3,5,15,3,2851.449,3 2,North,3,4,31
3,5,15,6,2851.84,3 2,North,3,5,31
3,5,15,4,2852.122,4 2,North,3,5,31
3,5,15,3,2852.755,4 3,North,3,5,31
3,5,15,3,2853.29,4 4,North,3,5,31
3,5,15,2,2853.939,3 4,North,3,5,31
3,5,15,1,2854.889,3 3,North,3,5,31
3,5,15,2,2855.474,2 3,North,3,5,31
3,5,15,2,2856.051,1 3,North,3,5,31
3,5,15,2,2856.746,0 3,North,3,5,31
3,5,15,3,2857.365,0 4,North,3,5,31
3,5,15,4,2857.957,1 4,North,3,5,31
3,5,15,6,2858.32,1 4,North,3,6,31
3,5,15,2,2858.549,0 4,North,3,6,31
3,5,15,1,2859.174,0 3,North,3,6,31
3,5,15,1,2860.178,0 3,North,3,6,32
3,5,15,4,2860.581,1 3,North,3,6,32
3,5,15,4,2861.195,2 3,North,3,6,32
3,5,15,3,2864.049,2 3,North,3,6,33
3,5,15,4,2864.443,3 3,North,3,6,33
3,5,15,3,2865.001,3 4,North,3,6,33
3,5,15,4,2865.579,4 4,North,3,6,33
3,5,15,1,2866.167,4 3,North,3,6,33
3,5,15,1,2866.744,4 2,North,3,6,33
3,5,15,2,2867.254,3 2,North,3,6,33
3,5,15,1,2868.082,3 1,North,3,6,33
3,5,15,1,2868.633,3 0,North,3,6,33
3,5,15,2,2869.168,2 0,North,3,6,33
3,5,15,2,2869.747,1 0,North,3,6,33
3,5,15,3,2870.563,1 1,North,3,6,33
3,5,15,4,2871.094,2 1,North,3,6,33
3,5,15,3,2871.621,2 2,North,3,6,33
3,5,15,2,2872.146,1 2,North,3,6,33
3,5,15,2,2872.698,0 2,North,3,6,33
3,5,15,6,2873.08,0 2,North,3,7,33
3,5,15,4,2873.457,1 2,North,3,7,33
3,5,15,4,2874.075,2 2,North,3,7,33
3,5,15,1,2874.755,2 1,North,3,7,33
3,5,15,2,2875.463,1 1,North,3,7,33
3,5,15,1,2876.12,1 0,North,3,7,33
3,5,15,4,2876.728,2 0,North,3,7,33
3,5,15,4,2877.303,3 0,North,3,7,33
3,5,15,3,2878.265,3 1,North,3,7,33
3,5,15,3,2878.887,3 2,North,3,7,33
3,5,15,4,2879.473,4 2,North,3,7,33
3,5,15,3,2880.209,4 3,North,3,7,33
3,5,15,3,2880.771,4 4,North,3,7,33
3,5,15,2,2881.4,3 4,North,3,7,33
3,5,15,1,2882.073,3 3,North,3,7,33
3,5,15,2,2882.648,2 3,North,3,7,33
3,5,15,6,2883.02,2 3,North,3,8,33
0,6,16,2,2887.139,3 4,North,3,0,33
0,6,16,2,2887.649,3 4,North,3,0,33
0,6,16,1,2888.055,3 4,West,3,0,33
0,6,16,2,2888.774,3 3,West,3,0,33
0,6,16,3,2889.336,3 3,North,3,0,33
0,6,16,2,2889.988,2 3,North,3,0,33
0,6,16,2,2890.552,1 3,North,3,0,33
0,6,16,2,2891.159,0 3,North,3,0,33
0,6,16,3,2891.672,0 3,East,3,0,33
0,6,16,2,2892.244,0 4,East,3,0,33
0,6,16,3,2893.009,0 4,South,3,0,33
0,6,16,2,2893.682,1 4,South,3,0,33
0,6,16,2,2894.328,2 4,South,3,0,33
0,6,16,6,2894.72,2 4,South,3,1,33
0,6,16,3,2894.865,2 4,West,3,1,33
0,6,16,3,2895.397,2 4,North,3,1,33
0,6,16,2,2896.038,1 4,North,3,1,33
0,6,16,2,2896.646,0 4,North,3,1,33
0,6,16,1,2897.158,0 4,West,3,1,33
0,6,16,2,2897.973,0 3,West,3,1,33
0,6,16,1,2898.53,0 3,South,3,1,33
0,6,16,2,2899.274,1 3,South,3,1,33
0,6,16,2,2899.876,2 3,South,3,1,33
0,6,16,2,2900.442,3 3,South,3,1,33
0,6,16,1,2901.201,3 3,East,3,1,33
0,6,16,2,2901.845,3 4,East,3,1,33
0,6,16,3,2902.358,3 4,South,3,1,33
0,6,16,2,2902.915,4 4,South,3,1,33
0,6,16,3,2903.432,4 4,West,3,1,33
0,6,16,2,2904.056,4 3,West,3,1,33
0,6,16,2,2904.628,4 2,West,3,1,33
0,6,16,2,2905.226,4 1,West,3,1,33
0,6,16,2,2905.813,4 0,West,3,1,33
0,6,16,6,2906.22,4 0,West,3,2,33
0,6,16,3,2906.434,4 0,North,3,2,33
0,6,16,3,2906.978,4 0,East,3,2,33
0,6,16,2,2907.603,4 1,East,3,2,33
0,6,16,2,2908.214,4 2,East,3,2,33
0,6,16,1,2909,4 2,North,3,2,33
0,6,16,2,2909.657,3 2,North,3,2,33
0,6,16,1,2910.438,3 2,West,3,2,33
0,6,16,2,2911.186,3 1,West,3,2,33
0,6,16,2,2911.825,3 0,West,3,2,33
0,6,16,3,2912.582,3 0,North,3,2,33
0,6,16,2,2913.139,2 0,North,3,2,33
0,6,16,2,2913.731,1 0,North,3,2,33
0,6,16,3,2914.281,1 0,East,3,2,33
0,6,16,2,2914.947,1 1,East,3,2,33
0,6,16,3,2915.688,1 1,South,3,2,33
0,6,16,2,2916.375,2 1,South,3,2,33
0,6,16,1,2916.947,2 1,East,3,2,33
0,6,16,2,2917.672,2 2,East,3,2,33
0,6,16,1,2918.467,2 2,North,3,2,33
0,6,16,2,2919.144,1 2,North,3,2,33
0,6,16,6,2919.54,1 2,North,3,3,33
0,6,16,2,2919.784,0 2,North,3,3,33
0,6,16,1,2920.343,0 2,West,3,3,33
0,6,16,1,2921.026,0 2,South,3,3,33
0,6,16,2,2921.777,1 2,South,3,3,33
0,6,16,2,2922.33,2 2,South,3,3,33
0,6,16,3,2923.25,2 2,West,3,3,33
0,6,16,2,2923.877,2 1,West,3,3,33
0,6,16,3,2924.452,2 1,North,3,3,33
0,6,16,2,2925.076,1 1,North,3,3,33
0,6,16,1,2925.589,1 1,West,3,3,33
0,6,16,2,2926.535,1 0,West,3,3,33
0,6,16,1,2927.397,1 0,South,3,3,33
0,6,16,2,2927.929,2 0,South,3,3,33
0,6,16,2,2928.549,3 0,South,3,3,33
0,6,16,1,2929.364,3 0,East,3,3,33
0,6,16,2,2929.878,3 1,East,3,3,33
0,6,16,2,2930.469,3 2,East,3,3,33
0,6,16,3,2931.304,3 2,South,3,3,33
0,6,16,2,2931.955,4 2,South,3,3,33
0,6,16,3,2932.533,4 2,West,3,3,33
0,6,16,3,2933.361,4 2,North,3,3,33
0,6,16,3,2934.036,4 2,East,3,3,33
0,6,16,2,2934.817,4 3,East,3,3,33
0,6,16,2,2935.621,4 4,East,3,3,33
0,6,16,1,2936.34,4 4,North,3,3,33
0,6,16,2,2937.297,3 4,North,3,3,33
0,6,16,1,2937.94,3 4,West,3,3,33
0,6,16,2,2938.727,3 3,West,3,3,33
0,6,16,3,2939.252,3 3,North,3,3,33
0,6,16,2,2939.955,2 3,North,3,3,33
0,6,16,2,2940.564,1 3,North,3,3,33
0,6,16,2,2941.27,0 3,North,3,3,33
0,6,16,3,2941.961,0 3,East,3,3,33
0,6,16,2,2942.538,0 4,East,3,3,33
0,6,16,6,2942.96,0 4,East,3,4,33
0,6,16,3,2943.195,0 4,South,3,4,33
0,6,16,3,2944.035,0 4,West,3,4,33
0,6,16,2,2944.547,0 3,West,3,4,33
0,6,16,1,2945.25,0 3,South,3,4,33
0,6,16,2,2945.953,1 3,South,3,4,33
0,6,16,2,2946.577,2 3,South,3,4,33
0,6,16,1,2947.367,2 3,East,3,4,33
0,6,16,3,2947.923,2 3,South,3,4,33
0,6,16,2,2948.436,3 3,South,3,4,33
0,6,16,1,2948.985,3 3,East,3,4,33
0,6,16,2,2949.606,3 4,East,3,4,33
0,6,16,3,2950.452,3 4,South,3,4,33
0,6,16,2,2951.034,4 4,South,3,4,33
0,6,16,3,2951.64,4 4,West,3,4,33
0,6,16,2,2952.273,4 3,West,3,4,33
0,6,16,2,2953.225,4 2,West,3,4,33
0,6,16,3,2953.969,4 2,North,3,4,33
0,6,16,2,2954.805,3 2,North,3,4,33
0,6,16,6,2955.18,3 2,North,3,5,33
0,6,16,1,2955.575,3 2,West,3,5,33
0,6,16,2,2956.114,3 1,West,3,5,33
0,6,16,2,2956.785,3 0,West,3,5,33
0,6,16,3,2957.56,3 0,North,3,5,33
0,6,16,2,2958.241,2 0,North,3,5,33
0,6,16,2,2958.849,1 0,North,3,5,33
0,6,16,6,2959.24,1 0,North,3,6,33
0,6,16,3,2959.625,1 0,East,3,6,33
0,6,16,3,2960.295,1 0,South,3,6,33
0,6,16,1,2961.092,1 0,East,3,6,33
0,6,16,2,2961.634,1 1,East,3,6,33
0,6,16,3,2962.356,1 1,South,3,6,33
0,6,16,2,2962.913,2 1,South,3,6,33
0,6,16,1,2963.72,2 1,East,3,6,33
0,6,16,2,2964.279,2 2,East,3,6,33
0,6,16,1,2964.809,2 2,North,3,6,33
0,6,16,1,2965.426,2 2,West,3,6,33
0,6,16,3,2966.114,2 2,North,3,6,33
0,6,16,2,2966.632,1 2,North,3,6,33
0,6,16,2,2967.25,0 2,North,3,6,33
0,6,16,1,2967.764,0 2,West,3,6,33
0,6,16,1,2968.388,0 2,South,3,6,33
0,6,16,2,2969.026,1 2,South,3,6,33
0,6,16,2,2969.635,2 2,South,3,6,33
0,6,16,3,2970.291,2 2,West,3,6,33
0,6,16,2,2970.936,2 1,West,3,6,33
0,6,16,3,2971.866,2 1,North,3,6,33
0,6,16,2,2972.695,1 1,North,3,6,33
0,6,16,1,2973.434,1 1,West,3,6,33
0,6,16,2,2974.184,1 0,West,3,6,33
0,6,16,1,2974.869,1 0,South,3,6,33
0,6,16,2,2975.523,2 0,South,3,6,33
0,6,16,2,2976.135,3 0,South,3,6,33
0,6,16,1,2976.808,3 0,East,3,6,33
0,6,16,2,2977.458,3 1,East,3,6,33
0,6,16,2,2978.425,3 2,East,3,6,33
0,6,16,3,2979.157,3 2,South,3,6,33
0,6,16,2,2979.716,4 2,South,3,6,33
0,6,16,3,2980.358,4 2,West,3,6,33
0,6,16,3,2980.915,4 2,North,3,6,33
0,6,16,3,2981.525,4 2,East,3,6,33
0,6,16,2,2982.21,4 3,East,3,6,33
0,6,16,2,2982.804,4 4,East,3,6,33
0,6,16,1,2983.881,4 4,North,3,6,33
0,6,16,2,2984.433,3 4,North,3,6,33
0,6,16,6,2984.82,3 4,North,3,7,33
0,6,16,1,2985.336,3 4,West,3,7,33
0,6,16,3,2986.182,3 4,North,3,7,33
0,6,16,1,2987.123,3 4,West,3,7,33
0,6,16,2,2987.841,3 3,West,3,7,33
0,6,16,3,2988.502,3 3,North,3,7,33
0,6,16,2,2989.074,2 3,North,3,7,33
0,6,16,2,2989.763,1 3,North,3,7,33
0,6,16,2,2990.354,0 3,North,3,7,33
0,6,16,3,2991.142,0 3,East,3,7,33
0,6,16,2,2991.701,0 4,East,3,7,33
0,6,16,3,2992.289,0 4,South,3,7,33
0,6,16,3,2992.867,0 4,West,3,7,33
0,6,16,2,2993.589,0 3,West,3,7,33
0,6,16,1,2994.246,0 3,South,3,7,33
0,6,16,2,2994.945,1 3,South,3,7,33
0,6,16,2,2995.493,2 3,South,3,7,33
0,6,16,2,2996.02,3 3,South,3,7,33
0,6,16,1,2996.647,3 3,East,3,7,33
0,6,16,2,2997.281,3 4,East,3,7,33
0,6,16,3,2998.128,3 4,South,3,7,33
0,6,16,2,2998.771,4 4,South,3,7,33
0,6,16,3,2999.281,4 4,West,3,7,33
0,6,16,2,2999.957,4 3,West,3,7,33
0,6,16,2,3000.53,4 2,West,3,7,33
0,6,16,3,3001.4,4 2,North,3,7,33
0,6,16,2,3001.959,3 2,North,3,7,33
0,6,16,1,3002.641,3 2,West,3,7,33
0,6,16,2,3003.203,3 1,West,3,7,33
0,6,16,2,3003.864,3 0,West,3,7,33
0,6,16,3,3004.408,3 0,North,3,7,33
0,6,16,2,3005.064,2 0,North,3,7,33
0,6,16,2,3005.684,1 0,North,3,7,33
0,6,16,3,3006.388,1 0,East,3,7,33
0,6,16,2,3006.904,1 1,East,3,7,33
0,6,16,6,3007.32,1 1,East,3,8,33
3,6,16,1,3012.743,4 3,North,3,0,0
3,6,16,1,3013.906,4 2,North,3,0,0
3,6,16,2,3014.585,3 2,North,3,0,0
3,6,16,1,3015.556,3 1,North,3,0,0
3,6,16,1,3016.162,3 0,North,3,0,0
3,6,16,2,3016.793,2 0,North,3,0,0
3,6,16,2,3017.541,1 0,North,3,0,0
3,6,16,3,3018.137,1 1,North,3,0,0
3,6,16,6,3018.54,1 1,North,3,1,0
3,6,16,1,3019.082,1 0,North,3,1,0
3,6,16,4,3019.713,2 0,North,3,1,0
3,6,16,4,3020.277,3 0,North,3,1,0
3,6,16,3,3020.788,3 1,North,3,1,0
3,6,16,3,3021.365,3 2,North,3,1,0
3,6,16,4,3021.973,4 2,North,3,1,0
3,6,16,3,3022.497,4 3,North,3,1,0
3,6,16,3,3023.289,4 4,North,3,1,0
3,6,16,2,3023.971,3 4,North,3,1,0
3,6,16,1,3025.154,3 3,North,3,1,0
3,6,16,2,3025.783,2 3,North,3,1,0
3,6,16,2,3026.389,1 3,North,3,1,0
3,6,16,2,3026.981,0 3,North,3,1,0
3,6,16,3,3027.623,0 4,North,3,1,0
3,6,16,6,3028.02,0 4,North,3,2,0
3,6,16,1,3028.443,0 3,North,3,2,0
3,6,16,4,3029.237,1 3,North,3,2,0
3,6,16,4,3029.908,2 3,North,3,2,0
3,6,16,4,3031.992,3 3,North,3,2,0
3,6,16,3,3032.531,3 4,North,3,2,0
3,6,16,4,3033.191,4 4,North,3,2,0
3,6,16,1,3033.783,4 3,North,3,2,0
3,6,16,1,3034.321,4 2,North,3,2,0
3,6,16,2,3034.874,3 2,North,3,2,0
3,6,16,1,3035.489,3 1,North,3,2,0
3,6,16,1,3036.135,3 0,North,3,2,0
3,6,16,2,3036.727,2 0,North,3,2,0
3,6,16,2,3037.329,1 0,North,3,2,0
3,6,16,3,3037.927,1 1,North,3,2,0
3,6,16,4,3038.47,2 1,North,3,2,0
3,6,16,3,3039.048,2 2,North,3,2,0
3,6,16,2,3039.666,1 2,North,3,2,0
3,6,16,6,3040.04,1 2,North,3,3,0
3,6,16,4,3040.314,2 2,North,3,3,0
3,6,16,1,3040.931,2 1,North,3,3,0
3,6,16,2,3041.489,1 1,North,3,3,0
3,6,16,1,3042.058,1 0,North,3,3,0
3,6,16,4,3042.665,2 0,North,3,3,0
3,6,16,4,3043.25,3 0,North,3,3,0
3,6,16,3,3043.831,3 1,North,3,3,0
3,6,16,3,3044.387,3 2,North,3,3,0
3,6,16,4,3044.961,4 2,North,3,3,0
3,6,16,3,3045.526,4 3,North,3,3,0
3,6,16,3,3046.088,4 4,North,3,3,0
3,6,16,2,3046.709,3 4,North,3,3,0
3,6,16,1,3047.289,3 3,North,3,3,0
3,6,16,2,3047.899,2 3,North,3,3,0
3,6,16,2,3048.515,1 3,North,3,3,0
3,6,16,2,3049.065,0 3,North,3,3,0
3,6,16,3,3049.674,0 4,North,3,3,0
3,6,16,4,3050.235,1 4,North,3,3,0
3,6,16,4,3050.806,2 4,North,3,3,0
3,6,16,6,3051.16,2 4,North,3,4,0
3,6,16,2,3051.416,1 4,North,3,4,0
3,6,16,2,3052.021,0 4,North,3,4,0
3,6,16,1,3052.76,0 3,North,3,4,0
3,6,16,4,3053.284,1 3,North,3,4,0
3,6,16,4,3053.84,2 3,North,3,4,0
3,6,16,4,3054.421,3 3,North,3,4,0
3,6,16,3,3054.986,3 4,North,3,4,0
3,6,16,4,3055.585,4 4,North,3,4,0
3,6,16,1,3056.229,4 3,North,3,4,0
3,6,16,1,3057.144,4 2,North,3,4,0
3,6,16,2,3057.777,3 2,North,3,4,0
3,6,16,1,3058.486,3 1,North,3,4,0
3,6,16,1,3059.113,3 0,North,3,4,0
3,6,16,3,3060.725,3 1,North,3,4,0
3,6,16,3,3061.276,3 2,North,3,4,0
3,6,16,4,3061.849,4 2,North,3,4,0
3,6,16,1,3062.486,4 1,North,3,4,0
3,6,16,1,3063.049,4 0,North,3,4,0
3,6,16,6,3063.46,4 0,North,3,5,0
3,6,16,3,3063.649,4 1,North,3,5,0
3,6,16,3,3064.274,4 2,North,3,5,0
3,6,16,3,3065.112,4 3,North,3,5,0
3,6,16,3,3065.847,4 4,North,3,5,0
3,6,16,2,3066.443,3 4,North,3,5,0
3,6,16,1,3067.043,3 3,North,3,5,0
3,6,16,2,3067.589,2 3,North,3,5,0
3,6,16,2,3068.217,1 3,North,3,5,0
3,6,16,2,3068.818,0 3,North,3,5,0
3,6,16,3,3069.448,0 4,North,3,5,0
3,6,16,4,3070.073,1 4,North,3,5,0
3,6,16,6,3070.44,1 4,North,3,6,0
3,6,16,2,3070.675,0 4,North,3,6,0
3,6,16,1,3071.298,0 3,North,3,6,0
3,6,16,1,3071.825,0 3,North,3,6,1
3,6,16,4,3072.356,1 3,North,3,6,1
3,6,16,4,3073.019,2 3,North,3,6,1
3,6,16,4,3073.556,3 3,North,3,6,1
3,6,16,3,3074.132,3 4,North,3,6,1
3,6,16,4,3074.699,4 4,North,3,6,1
3,6,16,1,3075.266,4 3,North,3,6,1
3,6,16,1,3075.811,4 2,North,3,6,1
3,6,16,2,3076.417,3 2,North,3,6,1
3,6,16,1,3076.996,3 1,North,3,6,1
3,6,16,1,3077.57,3 0,North,3,6,1
3,6,16,6,3077.98,3 0,North,3,7,1
3,6,16,3,3078.211,3 1,North,3,7,1
3,6,16,3,3078.922,3 2,North,3,7,1
3,6,16,4,3079.576,4 2,North,3,7,1
3,6,16,3,3080.198,4 3,North,3,7,1
3,6,16,3,3080.741,4 4,North,3,7,1
3,6,16,2,3081.387,3 4,North,3,7,1
3,6,16,1,3082.04,3 3,North,3,7,1
3,6,16,6,3082.44,3 3,North,3,8,1
0,6,17,2,3086.567,3 4,North,3,0,1
0,6,17,1,3087.098,3 4,West,3,0,1
0,6,17,2,3087.666,3 3,West,3,0,1
0,6,17,3,3088.179,3 3,North,3,0,1
0,6,17,2,3088.73,2 3,North,3,0,1
0,6,17,2,3089.333,1 3,North,3,0,1
0,6,17,2,3089.912,0 3,North,3,0,1
0,6,17,3,3090.614,0 3,East,3,0,1
0,6,17,2,3091.129,0 4,East,3,0,1
0,6,17,3,3091.638,0 4,South,3,0,1
0,6,17,3,3092.197,0 4,West,3,0,1
0,6,17,2,3093.017,0 3,West,3,0,1
0,6,17,1,3093.721,0 3,South,3,0,1
0,6,17,2,3094.368,1 3,South,3,0,1
0,6,17,2,3094.954,2 3,South,3,0,1
0,6,17,2,3095.537,3 3,South,3,0,1
0,6,17,1,3096.083,3 3,East,3,0,1
0,6,17,2,3096.657,3 4,East,3,0,1
0,6,17,3,3097.379,3 4,South,3,0,1
0,6,17,2,3097.986,4 4,South,3,0,1
0,6,17,3,3098.695,4 4,West,3,0,1
0,6,17,2,3099.413,4 3,West,3,0,1
0,6,17,2,3100.022,4 2,West,3,0,1
0,6,17,3,3100.977,4 2,North,3,0,1
0,6,17,2,3101.525,3 2,North,3,0,1
0,6,17,1,3102.295,3 2,West,3,0,1
0,6,17,2,3102.867,3 1,West,3,0,1
0,6,17,2,3103.49,3 0,West,3,0,1
0,6,17,3,3104.163,3 0,North,3,0,1
0,6,17,2,3104.76,2 0,North,3,0,1
0,6,17,2,3105.493,1 0,North,3,0,1
0,6,17,3,3106.177,1 0,East,3,0,1
0,6,17,2,3106.74,1 1,East,3,0,1
0,6,17,3,3107.348,1 1,South,3,0,1
0,6,17,2,3107.906,2 1,South,3,0,1
0,6,17,1,3108.802,2 1,East,3,0,1
0,6,17,2,3109.365,2 2,East,3,0,1
0,6,17,1,3109.987,2 2,North,3,0,1
0,6,17,2,3110.5,1 2,North,3,0,1
0,6,17,2,3111.335,0 2,North,3,0,1
0,6,17,6,3111.72,0 2,North,3,1,1
0,6,17,1,3112.024,0 2,West,3,1,1
0,6,17,2,3112.867,0 1,West,3,1,1
0,6,17,1,3113.685,0 1,South,3,1,1
0,6,17,1,3114.226,0 1,East,3,1,1
0,6,17,2,3114.786,0 2,East,3,1,1
0,6,17,3,3115.573,0 2,South,3,1,1
0,6,17,2,3116.136,1 2,South,3,1,1
0,6,17,2,3116.708,2 2,South,3,1,1
0,6,17,3,3117.508,2 2,West,3,1,1
0,6,17,2,3118.086,2 1,West,3,1,1
0,6,17,3,3118.609,2 1,North,3,1,1
0,6,17,2,3119.253,1 1,North,3,1,1
0,6,17,1,3119.762,1 1,West,3,1,1
0,6,17,2,3120.322,1 0,West,3,1,1
0,6,17,1,3120.874,1 0,South,3,1,1
0,6,17,2,3121.733,2 0,South,3,1,1
0,6,17,6,3122.1,2 0,South,3,2,1
0,6,17,2,3122.376,3 0,South,3,2,1
0,6,17,1,3122.918,3 0,East,3,2,1
0,6,17,2,3123.801,3 1,East,3,2,1
0,6,17,3,3124.691,3 1,South,3,2,1
0,6,17,1,3125.61,3 1,East,3,2,1
0,6,17,2,3126.298,3 2,East,3,2,1
0,6,17,3,3127.202,3 2,South,3,2,1
0,6,17,2,3127.816,4 2,South,3,2,1
0,6,17,3,3128.391,4 2,West,3,2,1
0,6,17,3,3128.919,4 2,North,3,2,1
0,6,17,3,3129.747,4 2,East,3,2,1
0,6,17,2,3130.361,4 3,East,3,2,1
0,6,17,2,3130.996,4 4,East,3,2,1
0,6,17,1,3131.763,4 4,North,3,2,1
0,6,17,2,3132.274,3 4,North,3,2,1
0,6,17,1,3132.805,3 4,West,3,2,1
0,6,17,2,3133.337,3 3,West,3,2,1
0,6,17,3,3134.053,3 3,North,3,2,1
0,6,17,2,3134.787,2 3,North,3,2,1
0,6,17,2,3135.409,1 3,North,3,2,1
0,6,17,2,3136.04,0 3,North,3,2,1
0,6,17,6,3136.42,0 3,North,3,3,1
0,6,17,3,3136.761,0 3,East,3,3,1
0,6,17,2,3137.907,0 4,East,3,3,1
0,6,17,3,3138.484,0 4,South,3,3,1
0,6,17,3,3139.155,0 4,West,3,3,1
0,6,17,2,3139.687,0 3,West,3,3,1
0,6,17,1,3140.259,0 3,South,3,3,1
0,6,17,2,3141.016,1 3,South,3,3,1
0,6,17,2,3141.575,2 3,South,3,3,1
0,6,17,2,3142.198,3 3,South,3,3,1
0,6,17,1,3143.075,3 3,East,3,3,1
0,6,17,2,3143.698,3 4,East,3,3,1
0,6,17,3,3144.21,3 4,South,3,3,1
0,6,17,2,3144.758,4 4,South,3,3,1
0,6,17,3,3145.367,4 4,West,3,3,1
0,6,17,2,3145.897,4 3,West,3,3,1
0,6,17,2,3146.499,4 2,West,3,3,1
0,6,17,3,3147.235,4 2,North,3,3,1
0,6,17,2,3147.779,3 2,North,3,3,1
0,6,17,1,3148.292,3 2,West,3,3,1
0,6,17,2,3149.11,3 1,West,3,3,1
0,6,17,6,3149.52,3 1,West,3,4,1
0,6,17,2,3149.995,3 0,West,3,4,1
0,6,17,3,3150.902,3 0,North,3,4,1
0,6,17,2,3151.48,2 0,North,3,4,1
0,6,17,2,3152.469,1 0,North,3,4,1
0,6,17,3,3153.188,1 0,East,3,4,1
0,6,17,2,3153.848,1 1,East,3,4,1
0,6,17,3,3154.401,1 1,South,3,4,1
0,6,17,2,3154.969,2 1,South,3,4,1
0,6,17,1,3155.714,2 1,East,3,4,1
0,6,17,2,3156.265,2 2,East,3,4,1
0,6,17,1,3156.803,2 2,North,3,4,1
0,6,17,2,3157.81,1 2,North,3,4,1
0,6,17,2,3158.441,0 2,North,3,4,1
0,6,17,1,3158.993,0 2,West,3,4,1
0,6,17,2,3159.608,0 1,West,3,4,1
0,6,17,2,3160.197,0 0,West,3,4,1
0,6,17,6,3160.6,0 0,West,3,5,1
0,6,17,3,3160.755,0 0,North,3,5,1
0,6,17,3,3161.367,0 0,East,3,5,1
0,6,17,2,3161.889,0 1,East,3,5,1
0,6,17,2,3162.529,0 2,East,3,5,1
0,6,17,3,3163.045,0 2,South,3,5,1
0,6,17,2,3163.621,1 2,South,3,5,1
0,6,17,2,3164.426,2 2,South,3,5,1
0,6,17,3,3164.979,2 2,West,3,5,1
0,6,17,2,3165.573,2 1,West,3,5,1
0,6,17,6,3165.98,2 1,West,3,6,1
0,6,17,3,3166.195,2 1,North,3,6,1
0,6,17,2,3166.744,1 1,North,3,6,1
0,6,17,1,3167.495,1 1,West,3,6,1
0,6,17,2,3168.406,1 0,West,3,6,1
0,6,17,1,3168.936,1 0,South,3,6,1
0,6,17,2,3169.571,2 0,South,3,6,1
0,6,17,2,3170.147,3 0,South,3,6,1
0,6,17,6,3170.52,3 0,South,3,7,1
0,6,17,1,3170.675,3 0,East,3,7,1
0,6,17,2,3171.429,3 1,East,3,7,1
0,6,17,2,3172.072,3 2,East,3,7,1
0,6,17,3,3172.949,3 2,South,3,7,1
0,6,17,2,3173.554,4 2,South,3,7,1
0,6,17,1,3174.308,4 2,East,3,7,1
0,6,17,2,3174.985,4 3,East,3,7,1
0,6,17,2,3175.577,4 4,East,3,7,1
0,6,17,1,3176.138,4 4,North,3,7,1
0,6,17,2,3176.887,3 4,North,3,7,1
0,6,17,1,3177.397,3 4,West,3,7,1
0,6,17,2,3177.977,3 3,West,3,7,1
0,6,17,3,3178.675,3 3,North,3,7,1
0,6,17,2,3179.382,2 3,North,3,7,1
0,6,17,2,3179.959,1 3,North,3,7,1
0,6,17,2,3180.58,0 3,North,3,7,1
0,6,17,3,3181.225,0 3,East,3,7,1
0,6,17,2,3181.89,0 4,East,3,7,1
0,6,17,3,3182.417,0 4,South,3,7,1
0,6,17,2,3183.063,1 4,South,3,7,1
0,6,17,3,3183.604,1 4,West,3,7,1
0,6,17,3,3184.645,1 4,North,3,7,1
0,6,17,2,3185.21,0 4,North,3,7,1
0,6,17,1,3185.88,0 4,West,3,7,1
0,6,17,2,3186.44,0 3,West,3,7,1
0,6,17,1,3187.077,0 3,South,3,7,1
0,6,17,2,3187.751,1 3,South,3,7,1
0,6,17,2,3188.309,2 3,South,3,7,1
0,6,17,1,3189.014,2 3,East,3,7,1
0,6,17,3,3189.955,2 3,South,3,7,1
0,6,17,2,3190.673,3 3,South,3,7,1
0,6,17,1,3191.494,3 3,East,3,7,1
0,6,17,2,3192.097,3 4,East,3,7,1
0,6,17,3,3192.999,3 4,South,3,7,1
0,6,17,2,3193.575,4 4,South,3,7,1
0,6,17,3,3194.115,4 4,West,3,7,1
0,6,17,2,3194.713,4 3,West,3,7,1
0,6,17,2,3195.301,4 2,West,3,7,1
0,6,17,3,3195.867,4 2,North,3,7,1
0,6,17,2,3196.483,3 2,North,3,7,1
0,6,17,1,3197.14,3 2,West,3,7,1
0,6,17,2,3197.834,3 1,West,3,7,1
0,6,17,2,3198.453,3 0,West,3,7,1
0,6,17,3,3198.962,3 0,North,3,7,1
0,6,17,2,3199.558,2 0,North,3,7,1
0,6,17,2,3200.195,1 0,North,3,7,1
0,6,17,3,3200.779,1 0,East,3,7,1
0,6,17,2,3201.398,1 1,East,3,7,1
0,6,17,3,3201.971,1 1,South,3,7,1
0,6,17,2,3202.584,2 1,South,3,7,1
0,6,17,1,3203.268,2 1,East,3,7,1
0,6,17,2,3204.084,2 2,East,3,7,1
0,6,17,1,3204.65,2 2,North,3,7,1
0,6,17,2,3205.161,1 2,North,3,7,1
0,6,17,2,3205.809,0 2,North,3,7,1
0,6,17,1,3206.776,0 2,West,3,7,1
0,6,17,2,3207.32,0 1,West,3,7,1
0,6,17,6,3207.72,0 1,West,3,8,1
3,6,17,1,3211.522,4 3,North,3,0,0
3,6,17,1,3212.04,4 2,North,3,0,0
3,6,17,2,3212.583,3 2,North,3,0,0
3,6,17,1,3213.137,3 1,North,3,0,0
3,6,17,1,3214.082,3 0,North,3,0,0
3,6,17,6,3214.48,3 0,North,3,1,0
3,6,17,3,3214.745,3 1,North,3,1,0
3,6,17,3,3215.786,3 2,North,3,1,0
3,6,17,4,3216.362,4 2,North,3,1,0
3,6,17,3,3216.945,4 3,North,3,1,0
3,6,17,3,3217.496,4 4,North,3,1,0
3,6,17,2,3218.104,3 4,North,3,1,0
3,6,17,1,3218.677,3 3,North,3,1,0
3,6,17,2,3219.682,2 3,North,3,1,0
3,6,17,2,3220.215,1 3,North,3,1,0
3,6,17,2,3220.745,0 3,North,3,1,0
3,6,17,6,3221.14,0 3,North,3,2,0
3,6,17,4,3221.56,1 3,North,3,2,0
3,6,17,4,3222.146,2 3,North,3,2,0
3,6,17,4,3222.918,3 3,North,3,2,0
3,6,17,3,3223.554,3 4,North,3,2,0
3,6,17,4,3224.123,4 4,North,3,2,0
3,6,17,1,3224.712,4 3,North,3,2,0
3,6,17,1,3225.239,4 2,North,3,2,0
3,6,17,2,3225.811,3 2,North,3,2,0
3,6,17,1,3226.394,3 1,North,3,2,0
3,6,17,1,3226.97,3 0,North,3,2,0
3,6,17,2,3227.65,2 0,North,3,2,0
3,6,17,2,3228.232,1 0,North,3,2,0
3,6,17,3,3228.859,1 1,North,3,2,0
3,6,17,4,3229.414,2 1,North,3,2,0
3,6,17,6,3229.78,2 1,North,3,3,0
3,6,17,2,3230.129,1 1,North,3,3,0
3,6,17,1,3231.961,1 0,North,3,3,0
3,6,17,4,3232.706,2 0,North,3,3,0
3,6,17,4,3234.852,3 0,North,3,3,0
3,6,17,3,3236.035,3 1,North,3,3,0
3,6,17,3,3236.673,3 2,North,3,3,0
3,6,17,4,3237.236,4 2,North,3,3,0
3,6,17,3,3237.827,4 3,North,3,3,0
3,6,17,3,3238.377,4 4,North,3,3,0
3,6,17,2,3239.511,3 4,North,3,3,0
3,6,17,1,3243.192,3 3,North,3,3,0
3,6,17,2,3243.739,2 3,North,3,3,0
3,6,17,2,3244.532,1 3,North,3,3,0
3,6,17,2,3245.125,0 3,North,3,3,0
3,6,17,1,3245.828,0 3,North,3,3,1
3,6,17,4,3246.594,1 3,North,3,3,1
3,6,17,1,3247.14,1 3,North,3,3,2
3,6,17,4,3247.541,2 3,North,3,3,2
3,6,17,4,3248.183,3 3,North,3,3,2
3,6,17,3,3248.761,3 4,North,3,3,2
3,6,17,4,3249.348,4 4,North,3,3,2
3,6,17,1,3249.96,4 3,North,3,3,2
3,6,17,1,3250.936,4 2,North,3,3,2
3,6,17,2,3251.531,3 2,North,3,3,2
3,6,17,1,3252.215,3 1,North,3,3,2
3,6,17,1,3252.852,3 0,North,3,3,2
3,6,17,2,3253.573,2 0,North,3,3,2
3,6,17,2,3254.121,1 0,North,3,3,2
3,6,17,3,3254.756,1 1,North,3,3,2
3,6,17,4,3255.321,2 1,North,3,3,2
3,6,17,3,3255.91,2 2,North,3,3,2
3,6,17,2,3256.435,1 2,North,3,3,2
3,6,17,2,3256.994,0 2,North,3,3,2
3,6,17,1,3257.592,0 1,North,3,3,2
3,6,17,1,3258.193,0 0,North,3,3,2
3,6,17,6,3258.6,0 0,North,3,4,2
3,6,17,3,3258.778,0 1,North,3,4,2
3,6,17,3,3259.339,0 2,North,3,4,2
3,6,17,4,3260.065,1 2,North,3,4,2
3,6,17,4,3260.644,2 2,North,3,4,2
3,6,17,1,3261.266,2 1,North,3,4,2
3,6,17,2,3261.8,1 1,North,3,4,2
3,6,17,1,3262.458,1 0,North,3,4,2
3,6,17,4,3263.146,2 0,North,3,4,2
3,6,17,4,3263.718,3 0,North,3,4,2
3,6,17,3,3264.311,3 1,North,3,4,2
3,6,17,3,3264.865,3 2,North,3,4,2
3,6,17,4,3265.457,4 2,North,3,4,2
3,6,17,1,3266.091,4 1,North,3,4,2
3,6,17,6,3266.5,4 1,North,3,5,2
3,6,17,3,3266.777,4 2,North,3,5,2
3,6,17,2,3272.199,3 2,North,3,5,2
3,6,17,1,3274.753,3 1,North,3,5,2
3,6,17,1,3275.317,3 0,North,3,5,2
3,6,17,2,3275.893,2 0,North,3,5,2
3,6,17,2,3276.483,1 0,North,3,5,2
3,6,17,3,3277.204,1 1,North,3,5,2
3,6,17,4,3277.735,2 1,North,3,5,2
3,6,17,3,3278.28,2 2,North,3,5,2
3,6,17,2,3278.857,1 2,North,3,5,2
3,6,17,2,3279.414,0 2,North,3,5,2
3,6,17,6,3279.8,0 2,North,3,6,2
3,6,17,4,3280.193,1 2,North,3,6,2
3,6,17,4,3280.706,2 2,North,3,6,2
3,6,17,6,3281.06,2 2,North,3,7,2
3,6,17,1,3281.828,2 1,North,3,7,2
3,6,17,2,3282.642,1 1,North,3,7,2
3,6,17,1,3283.255,1 0,North,3,7,2
3,6,17,4,3283.892,2 0,North,3,7,2
3,6,17,4,3284.452,3 0,North,3,7,2
3,6,17,3,3285.032,3 1,North,3,7,2
3,6,17,3,3285.586,3 2,North,3,7,2
3,6,17,6,3285.98,3 2,North,3,8,2
0,6,18,2,3289.525,3 4,North,3,0,2
0,6,18,1,3290.082,3 4,West,3,0,2
0,6,18,2,3290.707,3 3,West,3,0,2
0,6,18,6,3291.12,3 3,West,3,1,2
0,6,18,3,3291.321,3 3,North,3,1,2
0,6,18,2,3291.912,2 3,North,3,1,2
0,6,18,2,3292.456,1 3,North,3,1,2
0,6,18,2,3293.048,0 3,North,3,1,2
0,6,18,3,3293.769,0 3,East,3,1,2
0,6,18,2,3294.326,0 4,East,3,1,2
0,6,18,3,3295.047,0 4,South,3,1,2
0,6,18,3,3295.906,0 4,West,3,1,2
0,6,18,2,3296.516,0 3,West,3,1,2
0,6,18,1,3297.287,0 3,South,3,1,2
0,6,18,2,3297.892,1 3,South,3,1,2
0,6,18,2,3298.489,2 3,South,3,1,2
0,6,18,2,3299.043,3 3,South,3,1,2
0,6,18,1,3299.556,3 3,East,3,1,2
0,6,18,2,3300.171,3 4,East,3,1,2
0,6,18,3,3300.819,3 4,South,3,1,2
0,6,18,2,3301.348,4 4,South,3,1,2
0,6,18,3,3301.875,4 4,West,3,1,2
0,6,18,2,3302.535,4 3,West,3,1,2
0,6,18,2,3303.048,4 2,West,3,1,2
0,6,18,3,3304.009,4 2,North,3,1,2
0,6,18,2,3304.644,3 2,North,3,1,2
0,6,18,1,3305.396,3 2,West,3,1,2
0,6,18,2,3305.953,3 1,West,3,1,2
0,6,18,2,3306.611,3 0,West,3,1,2
0,6,18,3,3307.364,3 0,North,3,1,2
0,6,18,2,3307.91,2 0,North,3,1,2
0,6,18,2,3308.613,1 0,North,3,1,2
0,6,18,3,3309.337,1 0,East,3,1,2
0,6,18,2,3310.373,1 1,East,3,1,2
0,6,18,3,3310.933,1 1,South,3,1,2
0,6,18,2,3311.556,2 1,South,3,1,2
0,6,18,1,3312.376,2 1,East,3,1,2
0,6,18,2,3312.936,2 2,East,3,1,2
0,6,18,6,3313.34,2 2,East,3,2,2
0,6,18,1,3313.558,2 2,North,3,2,2
0,6,18,2,3314.12,1 2,North,3,2,2
0,6,18,2,3315.01,0 2,North,3,2,2
0,6,18,1,3315.905,0 2,West,3,2,2
0,6,18,1,3316.472,0 2,South,3,2,2
0,6,18,2,3317.099,1 2,South,3,2,2
0,6,18,2,3317.829,2 2,South,3,2,2
0,6,18,3,3318.468,2 2,West,3,2,2
0,6,18,2,3319.058,2 1,West,3,2,2
0,6,18,3,3319.669,2 1,North,3,2,2
0,6,18,2,3320.244,1 1,North,3,2,2
0,6,18,1,3320.805,1 1,West,3,2,2
0,6,18,2,3321.429,1 0,West,3,2,2
0,6,18,1,3321.94,1 0,South,3,2,2
0,6,18,2,3322.695,2 0,South,3,2,2
0,6,18,2,3323.297,3 0,South,3,2,2
0,6,18,1,3323.847,3 0,East,3,2,2
0,6,18,2,3324.616,3 1,East,3,2,2
0,6,18,2,3325.313,3 2,East,3,2,2
0,6,18,3,3325.961,3 2,South,3,2,2
0,6,18,2,3326.601,4 2,South,3,2,2
0,6,18,1,3327.242,4 2,East,3,2,2
0,6,18,2,3327.769,4 3,East,3,2,2
0,6,18,2,3328.313,4 4,East,3,2,2
0,6,18,1,3329.065,4 4,North,3,2,2
0,6,18,2,3329.913,3 4,North,3,2,2
0,6,18,1,3330.452,3 4,West,3,2,2
0,6,18,2,3331.001,3 3,West,3,2,2
0,6,18,3,3331.896,3 3,North,3,2,2
0,6,18,2,3332.595,2 3,North,3,2,2
0,6,18,2,3333.172,1 3,North,3,2,2
0,6,18,6,3333.56,1 3,North,3,3,2
0,6,18,2,3333.846,0 3,North,3,3,2
0,6,18,3,3334.549,0 3,East,3,3,2
0,6,18,2,3335.523,0 4,East,3,3,2
0,6,18,3,3336.052,0 4,South,3,3,2
0,6,18,2,3336.68,1 4,South,3,3,2
0,6,18,3,3337.413,1 4,West,3,3,2
0,6,18,3,3338.261,1 4,North,3,3,2
0,6,18,2,3338.79,0 4,North,3,3,2
0,6,18,1,3339.491,0 4,West,3,3,2
0,6,18,2,3340.409,0 3,West,3,3,2
0,6,18,1,3341.027,0 3,South,3,3,2
0,6,18,2,3341.735,1 3,South,3,3,2
0,6,18,2,3342.31,2 3,South,3,3,2
0,6,18,2,3343.217,3 3,South,3,3,2
0,6,18,1,3344.101,3 3,East,3,3,2
0,6,18,2,3344.708,3 4,East,3,3,2
0,6,18,3,3345.382,3 4,South,3,3,2
0,6,18,2,3345.91,4 4,South,3,3,2
0,6,18,3,3346.47,4 4,West,3,3,2
0,6,18,2,3347.058,4 3,West,3,3,2
0,6,18,2,3347.704,4 2,West,3,3,2
0,6,18,6,3348.12,4 2,West,3,4,2
0,6,18,3,3348.315,4 2,North,3,4,2
0,6,18,2,3348.875,3 2,North,3,4,2
0,6,18,1,3349.75,3 2,West,3,4,2
0,6,18,2,3350.307,3 1,West,3,4,2
0,6,18,2,3350.978,3 0,West,3,4,2
0,6,18,3,3351.572,3 0,North,3,4,2
0,6,18,2,3352.13,2 0,North,3,4,2
0,6,18,2,3352.646,1 0,North,3,4,2
0,6,18,3,3353.41,1 0,East,3,4,2
0,6,18,2,3354.391,1 1,East,3,4,2
0,6,18,3,3354.914,1 1,South,3,4,2
0,6,18,2,3355.465,2 1,South,3,4,2
0,6,18,1,3356.235,2 1,East,3,4,2
0,6,18,2,3356.777,2 2,East,3,4,2
0,6,18,1,3357.511,2 2,North,3,4,2
0,6,18,2,3358.023,1 2,North,3,4,2
0,6,18,2,3358.887,0 2,North,3,4,2
0,6,18,1,3359.682,0 2,West,3,4,2
0,6,18,1,3360.371,0 2,South,3,4,2
0,6,18,2,3360.921,1 2,South,3,4,2
0,6,18,2,3361.591,2 2,South,3,4,2
0,6,18,3,3362.307,2 2,West,3,4,2
0,6,18,2,3362.82,2 1,West,3,4,2
0,6,18,3,3363.445,2 1,North,3,4,2
0,6,18,2,3364.091,1 1,North,3,4,2
0,6,18,1,3364.776,1 1,West,3,4,2
0,6,18,1,3365.59,1 1,South,3,4,2
0,6,18,3,3366.102,1 1,West,3,4,2
0,6,18,2,3366.746,1 0,West,3,4,2
0,6,18,1,3367.747,1 0,South,3,4,2
0,6,18,2,3368.306,2 0,South,3,4,2
0,6,18,2,3368.945,3 0,South,3,4,2
0,6,18,1,3369.636,3 0,East,3,4,2
0,6,18,2,3370.392,3 1,East,3,4,2
0,6,18,2,3371.272,3 2,East,3,4,2
0,6,18,3,3371.831,3 2,South,3,4,2
0,6,18,2,3372.34,4 2,South,3,4,2
0,6,18,3,3373.06,4 2,West,3,4,2
0,6,18,3,3373.818,4 2,North,3,4,2
0,6,18,3,3374.449,4 2,East,3,4,2
0,6,18,2,3375.012,4 3,East,3,4,2
0,6,18,2,3375.633,4 4,East,3,4,2
0,6,18,1,3376.401,4 4,North,3,4,2
0,6,18,2,3376.995,3 4,North,3,4,2
0,6,18,1,3377.576,3 4,West,3,4,2
0,6,18,2,3378.471,3 3,West,3,4,2
0,6,18,3,3378.995,3 3,North,3,4,2
0,6,18,2,3379.529,2 3,North,3,4,2
0,6,18,6,3379.92,2 3,North,3,5,2
0,6,18,2,3380.214,1 3,North,3,5,2
0,6,18,2,3380.951,0 3,North,3,5,2
0,6,18,3,3381.91,0 3,East,3,5,2
0,6,18,2,3382.488,0 4,East,3,5,2
0,6,18,3,3383.074,0 4,South,3,5,2
0,6,18,3,3383.604,0 4,West,3,5,2
0,6,18,2,3384.138,0 3,West,3,5,2
0,6,18,1,3384.678,0 3,South,3,5,2
0,6,18,2,3385.191,1 3,South,3,5,2
0,6,18,2,3385.879,2 3,South,3,5,2
0,6,18,2,3386.53,3 3,South,3,5,2
0,6,18,1,3387.253,3 3,East,3,5,2
0,6,18,2,3387.927,3 4,East,3,5,2
0,6,18,3,3388.933,3 4,South,3,5,2
0,6,18,2,3389.51,4 4,South,3,5,2
0,6,18,3,3390.087,4 4,West,3,5,2
0,6,18,2,3390.79,4 3,West,3,5,2
0,6,18,2,3391.382,4 2,West,3,5,2
0,6,18,2,3391.972,4 1,West,3,5,2
0,6,18,6,3392.38,4 1,West,3,6,2
0,6,18,3,3392.711,4 1,North,3,6,2
0,6,18,3,3393.299,4 1,East,3,6,2
0,6,18,2,3393.905,4 2,East,3,6,2
0,6,18,1,3394.77,4 2,North,3,6,2
0,6,18,2,3395.704,3 2,North,3,6,2
0,6,18,1,3396.554,3 2,West,3,6,2
0,6,18,2,3397.367,3 1,West,3,6,2
0,6,18,2,3398.036,3 0,West,3,6,2
0,6,18,3,3398.569,3 0,North,3,6,2
0,6,18,2,3399.206,2 0,North,3,6,2
0,6,18,2,3399.864,1 0,North,3,6,2
0,6,18,3,3400.418,1 0,East,3,6,2
0,6,18,2,3401.073,1 1,East,3,6,2
0,6,18,3,3401.656,1 1,South,3,6,2
0,6,18,2,3402.215,2 1,South,3,6,2
0,6,18,1,3402.903,2 1,East,3,6,2
0,6,18,2,3403.419,2 2,East,3,6,2
0,6,18,1,3404.146,2 2,North,3,6,2
0,6,18,2,3404.866,1 2,North,3,6,2
0,6,18,2,3405.428,0 2,North,3,6,2
0,6,18,1,3406.162,0 2,West,3,6,2
0,6,18,1,3406.776,0 2,South,3,6,2
0,6,18,2,3407.291,1 2,South,3,6,2
0,6,18,2,3407.857,2 2,South,3,6,2
0,6,18,3,3408.613,2 2,West,3,6,2
0,6,18,2,3409.143,2 1,West,3,6,2
0,6,18,3,3409.685,2 1,North,3,6,2
0,6,18,3,3410.197,2 1,East,3,6,2
0,6,18,1,3411.417,2 1,North,3,6,2
0,6,18,2,3412.118,1 1,North,3,6,2
0,6,18,1,3412.803,1 1,West,3,6,2
0,6,18,2,3413.714,1 0,West,3,6,2
0,6,18,1,3414.355,1 0,South,3,6,2
0,6,18,2,3414.902,2 0,South,3,6,2
0,6,18,2,3415.448,3 0,South,3,6,2
0,6,18,1,3416.007,3 0,East,3,6,2
0,6,18,2,3416.73,3 1,East,3,6,2
0,6,18,2,3417.572,3 2,East,3,6,2
0,6,18,3,3418.103,3 2,South,3,6,2
0,6,18,2,3418.629,4 2,South,3,6,2
0,6,18,3,3419.302,4 2,West,3,6,2
0,6,18,3,3420.088,4 2,North,3,6,2
0,6,18,3,3420.598,4 2,East,3,6,2
0,6,18,2,3421.219,4 3,East,3,6,2
0,6,18,2,3421.779,4 4,East,3,6,2
0,6,18,1,3422.539,4 4,North,3,6,2
0,6,18,2,3423.54,3 4,North,3,6,2
0,6,18,1,3424.135,3 4,West,3,6,2
0,6,18,2,3424.721,3 3,West,3,6,2
0,6,18,3,3425.25,3 3,North,3,6,2
0,6,18,2,3425.798,2 3,North,3,6,2
0,6,18,2,3426.473,1 3,North,3,6,2
0,6,18,2,3427.13,0 3,North,3,6,2
0,6,18,3,3427.83,0 3,East,3,6,2
0,6,18,2,3428.387,0 4,East,3,6,2
0,6,18,3,3428.983,0 4,South,3,6,2
0,6,18,2,3429.53,1 4,South,3,6,2
0,6,18,6,3429.9,1 4,South,3,7,2
0,6,18,3,3430.104,1 4,West,3,7,2
0,6,18,3,3431.158,1 4,North,3,7,2
0,6,18,2,3431.779,0 4,North,3,7,2
0,6,18,1,3432.551,0 4,West,3,7,2
0,6,18,2,3433.156,0 3,West,3,7,2
0,6,18,1,3433.716,0 3,South,3,7,2
0,6,18,2,3434.315,1 3,South,3,7,2
0,6,18,2,3434.881,2 3,South,3,7,2
0,6,18,2,3435.848,3 3,South,3,7,2
0,6,18,1,3436.376,3 3,East,3,7,2
0,6,18,2,3436.933,3 4,East,3,7,2
0,6,18,3,3437.458,3 4,South,3,7,2
0,6,18,2,3438.055,4 4,South,3,7,2
0,6,18,3,3438.634,4 4,West,3,7,2
0,6,18,2,3439.16,4 3,West,3,7,2
0,6,18,6,3439.56,4 3,West,3,8,2
3,6,18,2,3444.182,3 4,North,3,0,0
3,6,18,1,3444.775,3 3,North,3,0,0
3,6,18,6,3445.18,3 3,North,3,1,0
3,6,18,3,3446.019,3 4,North,3,1,0
3,6,18,4,3446.858,4 4,North,3,1,0
3,6,18,1,3447.46,4 3,North,3,1,0
3,6,18,1,3448.313,4 2,North,3,1,0
3,6,18,2,3448.904,3 2,North,3,1,0
3,6,18,1,3449.538,3 1,North,3,1,0
3,6,18,1,3450.051,3 0,North,3,1,0
3,6,18,2,3450.616,2 0,North,3,1,0
3,6,18,2,3451.156,1 0,North,3,1,0
3,6,18,3,3451.699,1 1,North,3,1,0
3,6,18,4,3452.276,2 1,North,3,1,0
3,6,18,3,3452.835,2 2,North,3,1,0
3,6,18,6,3453.24,2 2,North,3,2,0
3,6,18,1,3453.428,2 1,North,3,2,0
3,6,18,2,3453.958,1 1,North,3,2,0
3,6,18,1,3454.531,1 0,North,3,2,0
3,6,18,4,3455.219,2 0,North,3,2,0
3,6,18,4,3455.782,3 0,North,3,2,0
3,6,18,3,3456.33,3 1,North,3,2,0
3,6,18,3,3456.855,3 2,North,3,2,0
3,6,18,4,3457.46,4 2,North,3,2,0
3,6,18,3,3458.035,4 3,North,3,2,0
3,6,18,3,3458.579,4 4,North,3,2,0
3,6,18,2,3459.233,3 4,North,3,2,0
3,6,18,1,3459.811,3 3,North,3,2,0
3,6,18,2,3460.326,2 3,North,3,2,0
3,6,18,2,3460.873,1 3,North,3,2,0
3,6,18,6,3461.26,1 3,North,3,3,0
3,6,18,4,3461.78,2 3,North,3,3,0
3,6,18,4,3462.369,3 3,North,3,3,0
3,6,18,3,3462.936,3 4,North,3,3,0
3,6,18,4,3463.493,4 4,North,3,3,0
3,6,18,1,3464.051,4 3,North,3,3,0
3,6,18,1,3464.629,4 2,North,3,3,0
3,6,18,2,3465.224,3 2,North,3,3,0
3,6,18,1,3465.797,3 1,North,3,3,0
3,6,18,1,3466.369,3 0,North,3,3,0
3,6,18,2,3467.064,2 0,North,3,3,0
3,6,18,2,3468.027,1 0,North,3,3,0
3,6,18,3,3468.613,1 1,North,3,3,0
3,6,18,4,3469.155,2 1,North,3,3,0
3,6,18,3,3469.798,2 2,North,3,3,0
3,6,18,2,3470.535,1 2,North,3,3,0
3,6,18,2,3471.115,0 2,North,3,3,0
3,6,18,1,3471.754,0 1,North,3,3,0
3,6,18,6,3472.16,0 1,North,3,4,0
3,6,18,3,3472.33,0 2,North,3,4,0
3,6,18,4,3472.919,1 2,North,3,4,0
3,6,18,4,3473.499,2 2,North,3,4,0
3,6,18,1,3474.169,2 1,North,3,4,0
3,6,18,2,3474.715,1 1,North,3,4,0
3,6,18,1,3475.298,1 0,North,3,4,0
3,6,18,4,3475.883,2 0,North,3,4,0
3,6,18,4,3476.456,3 0,North,3,4,0
3,6,18,3,3476.986,3 1,North,3,4,0
3,6,18,3,3477.77,3 2,North,3,4,0
3,6,18,4,3478.342,4 2,North,3,4,0
3,6,18,3,3478.873,4 3,North,3,4,0
3,6,18,6,3479.28,4 3,North,3,5,0
3,6,18,1,3479.666,4 2,North,3,5,0
3,6,18,2,3480.453,3 2,North,3,5,0
3,6,18,1,3481.127,3 1,North,3,5,0
3,6,18,1,3481.67,3 0,North,3,5,0
3,6,18,2,3482.28,2 0,North,3,5,0
3,6,18,6,3482.66,2 0,North,3,6,0
3,6,18,4,3482.97,3 0,North,3,6,0
3,6,18,3,3483.553,3 1,North,3,6,0
3,6,18,6,3483.96,3 1,North,3,7,0
3,6,18,3,3484.125,3 2,North,3,7,0
3,6,18,4,3484.76,4 2,North,3,7,0
3,6,18,3,3485.354,4 3,North,3,7,0
3,6,18,3,3485.889,4 4,North,3,7,0
3,6,18,2,3486.498,3 4,North,3,7,0
3,6,18,1,3487.201,3 3,North,3,7,0
3,6,18,2,3487.749,2 3,North,3,7,0
3,6,18,6,3488.12,2 3,North,3,8,0
