PhaseView,Run,Trial,Key,Time,Location,Direction,MazeType,Diamonds,WallBumped
0,3,7,1,721.5679,4 4,West,2,0,2
0,3,7,2,723.8069,4 3,West,2,0,2
0,3,7,6,724.22,4 3,West,2,1,2
0,3,7,2,724.69,4 2,West,2,1,2
0,3,7,3,725.3586,4 2,North,2,1,2
0,3,7,2,726.069,3 2,North,2,1,2
0,3,7,1,726.6897,3 2,West,2,1,2
0,3,7,2,728.2839,3 1,West,2,1,2
0,3,7,6,728.7,3 1,West,2,2,2
0,3,7,3,728.9948,3 1,North,2,2,2
0,3,7,3,729.761,3 1,East,2,2,2
0,3,7,2,730.8179,3 2,East,2,2,2
0,3,7,3,731.4074,3 2,South,2,2,2
0,3,7,2,732.0005,4 2,South,2,2,2
0,3,7,1,732.6247,4 2,East,2,2,2
0,3,7,2,733.3153,4 3,East,2,2,2
0,3,7,2,733.9702,4 4,East,2,2,2
0,3,7,1,734.5606,4 4,North,2,2,2
0,3,7,2,735.553,3 4,North,2,2,2
0,3,7,2,736.1461,2 4,North,2,2,2
0,3,7,2,736.7839,1 4,North,2,2,2
0,3,7,2,737.6488,0 4,North,2,2,2
0,3,7,1,738.1613,0 4,West,2,2,2
0,3,7,1,738.7515,0 4,South,2,2,2
0,3,7,2,739.3622,1 4,South,2,2,2
0,3,7,3,739.9183,1 4,West,2,2,2
0,3,7,2,740.5004,1 3,West,2,2,2
0,3,7,1,741.0717,1 3,South,2,2,2
0,3,7,2,741.7115,2 3,South,2,2,2
0,3,7,3,742.2584,2 3,West,2,2,2
0,3,7,2,742.8511,2 2,West,2,2,2
0,3,7,3,743.6926,2 2,North,2,2,2
0,3,7,2,744.2881,1 2,North,2,2,2
0,3,7,2,744.9083,0 2,North,2,2,2
0,3,7,1,745.4219,0 2,West,2,2,2
0,3,7,2,746.0795,0 1,West,2,2,2
0,3,7,2,746.7722,0 0,West,2,2,2
0,3,7,6,747.18,0 0,West,2,3,2
0,3,7,1,747.9091,0 0,South,2,3,2
0,3,7,1,748.4802,0 0,East,2,3,2
0,3,7,2,749.0579,0 1,East,2,3,2
0,3,7,2,749.6686,0 2,East,2,3,2
0,3,7,3,750.2915,0 2,South,2,3,2
0,3,7,2,750.9129,1 2,South,2,3,2
0,3,7,2,751.4907,2 2,South,2,3,2
0,3,7,1,752.3839,2 2,East,2,3,2
0,3,7,2,752.9479,2 3,East,2,3,2
0,3,7,1,753.4927,2 3,North,2,3,2
0,3,7,2,754.0464,1 3,North,2,3,2
0,3,7,3,754.9324,1 3,East,2,3,2
0,3,7,2,755.4534,1 4,East,2,3,2
0,3,7,3,756.1008,1 4,South,2,3,2
0,3,7,2,756.8159,2 4,South,2,3,2
0,3,7,2,757.4551,3 4,South,2,3,2
0,3,7,6,757.82,3 4,South,2,4,2
0,3,7,2,758.3181,4 4,South,2,4,2
0,3,7,3,759.1538,4 4,West,2,4,2
0,3,7,2,759.8738,4 3,West,2,4,2
0,3,7,2,760.4982,4 2,West,2,4,2
0,3,7,3,761.0204,4 2,North,2,4,2
0,3,7,2,761.5844,3 2,North,2,4,2
0,3,7,1,762.1937,3 2,West,2,4,2
0,3,7,2,762.9482,3 1,West,2,4,2
0,3,7,3,763.4847,3 1,North,2,4,2
0,3,7,2,764.0488,2 1,North,2,4,2
0,3,7,2,764.738,1 1,North,2,4,2
0,3,7,1,765.3333,1 1,West,2,4,2
0,3,7,2,765.8859,1 0,West,2,4,2
0,3,7,1,766.4949,1 0,South,2,4,2
0,3,7,2,767.1805,2 0,South,2,4,2
0,3,7,2,767.6983,3 0,South,2,4,2
0,3,7,2,768.6445,4 0,South,2,4,2
0,3,7,6,769.02,4 0,South,2,5,2
0,3,7,1,769.2162,4 0,East,2,5,2
0,3,7,1,769.8598,4 0,North,2,5,2
0,3,7,2,770.3887,3 0,North,2,5,2
0,3,7,2,770.961,2 0,North,2,5,2
0,3,7,2,771.7324,1 0,North,2,5,2
0,3,7,3,772.7576,1 0,East,2,5,2
0,3,7,2,773.3883,1 1,East,2,5,2
0,3,7,3,775.1045,1 1,South,2,5,2
0,3,7,2,775.7449,2 1,South,2,5,2
0,3,7,2,776.2875,3 1,South,2,5,2
0,3,7,1,776.8833,3 1,East,2,5,2
0,3,7,2,777.5714,3 2,East,2,5,2
0,3,7,2,778.2269,3 3,East,2,5,2
0,3,7,6,778.64,3 3,East,2,6,2
0,3,7,3,778.8634,3 3,South,2,6,2
0,3,7,3,779.5162,3 3,West,2,6,2
0,3,7,2,780.3564,3 2,West,2,6,2
0,3,7,1,781.2928,3 2,South,2,6,2
0,3,7,2,781.9205,4 2,South,2,6,2
0,3,7,1,782.5902,4 2,East,2,6,2
0,3,7,2,783.188,4 3,East,2,6,2
0,3,7,2,783.809,4 4,East,2,6,2
0,3,7,1,784.6752,4 4,North,2,6,2
0,3,7,2,786.0284,3 4,North,2,6,2
0,3,7,2,786.8643,2 4,North,2,6,2
0,3,7,2,787.4382,1 4,North,2,6,2
0,3,7,2,787.9708,0 4,North,2,6,2
0,3,7,1,788.4958,0 4,West,2,6,2
0,3,7,1,789.1649,0 4,South,2,6,2
0,3,7,2,789.7787,1 4,South,2,6,2
0,3,7,3,790.3417,1 4,West,2,6,2
0,3,7,2,790.9485,1 3,West,2,6,2
0,3,7,1,791.5057,1 3,South,2,6,2
0,3,7,2,792.1752,2 3,South,2,6,2
0,3,7,3,792.7679,2 3,West,2,6,2
0,3,7,2,793.6522,2 2,West,2,6,2
0,3,7,3,794.5937,2 2,North,2,6,2
0,3,7,2,795.3766,1 2,North,2,6,2
0,3,7,2,796.097,0 2,North,2,6,2
0,3,7,1,796.66,0 2,West,2,6,2
0,3,7,2,797.3287,0 1,West,2,6,2
0,3,7,1,798.1244,0 1,South,2,6,2
0,3,7,1,799.1184,0 1,East,2,6,2
0,3,7,2,799.683,0 2,East,2,6,2
0,3,7,3,800.2297,0 2,South,2,6,2
0,3,7,2,800.8639,1 2,South,2,6,2
0,3,7,2,801.5059,2 2,South,2,6,2
0,3,7,1,802.0359,2 2,East,2,6,2
0,3,7,2,802.7007,2 3,East,2,6,2
0,3,7,1,803.2174,2 3,North,2,6,2
0,3,7,2,803.7601,1 3,North,2,6,2
0,3,7,3,804.2767,1 3,East,2,6,2
0,3,7,2,804.851,1 4,East,2,6,2
0,3,7,3,805.762,1 4,South,2,6,2
0,3,7,2,806.3045,2 4,South,2,6,2
0,3,7,2,806.8489,3 4,South,2,6,2
0,3,7,2,807.5853,4 4,South,2,6,2
0,3,7,3,808.2227,4 4,West,2,6,2
0,3,7,2,808.7866,4 3,West,2,6,2
0,3,7,2,809.3802,4 2,West,2,6,2
0,3,7,3,810.2101,4 2,North,2,6,2
0,3,7,2,810.8016,3 2,North,2,6,2
0,3,7,1,811.3943,3 2,West,2,6,2
0,3,7,2,812.0181,3 1,West,2,6,2
0,3,7,3,812.5465,3 1,North,2,6,2
0,3,7,2,813.07,2 1,North,2,6,2
0,3,7,2,813.5982,1 1,North,2,6,2
0,3,7,1,814.4123,1 1,West,2,6,2
0,3,7,2,814.9651,1 0,West,2,6,2
0,3,7,1,815.7778,1 0,South,2,6,2
0,3,7,2,816.417,2 0,South,2,6,2
0,3,7,2,816.9892,3 0,South,2,6,2
0,3,7,2,817.9238,4 0,South,2,6,2
0,3,7,1,818.5657,4 0,East,2,6,2
0,3,7,2,819.6919,4 1,East,2,6,2
0,3,7,6,820.1,4 1,East,2,7,2
0,3,7,1,820.3203,4 1,North,2,7,2
0,3,7,1,820.964,4 1,West,2,7,2
0,3,7,2,821.5558,4 0,West,2,7,2
0,3,7,3,822.1737,4 0,North,2,7,2
0,3,7,2,822.8036,3 0,North,2,7,2
0,3,7,6,823.18,3 0,North,2,8,2
2,3,7,1,828.109,4 4,West,2,0,0
2,3,7,3,830.3058,4 4,North,2,0,0
2,3,7,2,830.9168,3 4,North,2,0,0
2,3,7,2,831.7147,2 4,North,2,0,0
2,3,7,1,832.5812,2 4,West,2,0,0
2,3,7,2,833.2366,2 4,West,2,0,1
2,3,7,1,833.7885,2 4,South,2,0,1
2,3,7,2,834.7219,3 4,South,2,0,1
2,3,7,3,835.4068,3 4,West,2,0,1
2,3,7,2,836.0775,3 4,West,2,0,2
2,3,7,1,836.6458,3 4,South,2,0,2
2,3,7,2,837.236,4 4,South,2,0,2
2,3,7,3,837.9508,4 4,West,2,0,2
2,3,7,3,838.5741,4 4,North,2,0,2
2,3,7,1,839.5643,4 4,West,2,0,2
2,3,7,2,840.2735,4 3,West,2,0,2
2,3,7,2,841.8278,4 2,West,2,0,2
2,3,7,3,842.5326,4 2,North,2,0,2
2,3,7,2,843.4114,3 2,North,2,0,2
2,3,7,1,844.0453,3 2,West,2,0,2
2,3,7,2,844.8645,3 1,West,2,0,2
2,3,7,6,845.28,3 1,West,2,1,2
2,3,7,1,845.7255,3 1,South,2,1,2
2,3,7,1,846.3483,3 1,East,2,1,2
2,3,7,1,847.6787,3 1,North,2,1,2
2,3,7,3,849.3002,3 1,East,2,1,2
2,3,7,2,849.8395,3 2,East,2,1,2
2,3,7,3,850.4629,3 2,South,2,1,2
2,3,7,2,851.0566,4 2,South,2,1,2
2,3,7,1,851.6292,4 2,East,2,1,2
2,3,7,2,852.3409,4 3,East,2,1,2
2,3,7,1,853.1873,4 3,North,2,1,2
2,3,7,2,853.8923,4 3,North,2,1,3
2,3,7,1,854.384,4 3,West,2,1,3
2,3,7,2,854.9634,4 2,West,2,1,3
2,3,7,3,855.6633,4 2,North,2,1,3
2,3,7,3,856.2703,4 2,East,2,1,3
2,3,7,2,856.9186,4 3,East,2,1,3
2,3,7,2,857.5326,4 4,East,2,1,3
2,3,7,1,858.1812,4 4,North,2,1,3
2,3,7,2,858.7521,3 4,North,2,1,3
2,3,7,2,859.3415,2 4,North,2,1,3
2,3,7,2,860.0139,1 4,North,2,1,3
2,3,7,1,860.8528,1 4,West,2,1,3
2,3,7,2,861.54,1 3,West,2,1,3
2,3,7,2,862.174,1 3,West,2,1,4
2,3,7,1,862.9659,1 3,South,2,1,4
2,3,7,2,863.8444,2 3,South,2,1,4
2,3,7,3,864.5593,2 3,West,2,1,4
2,3,7,2,865.1165,2 2,West,2,1,4
2,3,7,3,865.7298,2 2,North,2,1,4
2,3,7,2,866.4529,1 2,North,2,1,4
2,3,7,1,867.0926,1 2,West,2,1,4
2,3,7,2,867.7306,1 2,West,2,1,5
2,3,7,3,868.3823,1 2,North,2,1,5
2,3,7,2,869.198,0 2,North,2,1,5
2,3,7,1,869.8413,0 2,West,2,1,5
2,3,7,2,871.1683,0 1,West,2,1,5
2,3,7,2,871.9003,0 0,West,2,1,5
2,3,7,6,872.32,0 0,West,2,2,5
2,3,7,1,872.6571,0 0,South,2,2,5
2,3,7,1,873.2285,0 0,East,2,2,5
2,3,7,2,873.8299,0 1,East,2,2,5
2,3,7,2,874.3512,0 2,East,2,2,5
2,3,7,3,874.8652,0 2,South,2,2,5
2,3,7,2,875.4391,1 2,South,2,2,5
2,3,7,2,876.3715,2 2,South,2,2,5
2,3,7,1,877.1233,2 2,East,2,2,5
2,3,7,2,877.7151,2 3,East,2,2,5
2,3,7,3,878.3057,2 3,South,2,2,5
2,3,7,2,878.9632,2 3,South,2,2,6
2,3,7,1,879.519,2 3,East,2,2,6
2,3,7,2,880.0962,2 3,East,2,2,7
2,3,7,3,880.6717,2 3,South,2,2,7
2,3,7,3,881.6028,2 3,West,2,2,7
2,3,7,2,882.1805,2 2,West,2,2,7
2,3,7,1,882.7526,2 2,South,2,2,7
2,3,7,2,883.583,2 2,South,2,2,8
2,3,7,1,884.3835,2 2,East,2,2,8
2,3,7,1,885.165,2 2,North,2,2,8
2,3,7,1,886.1299,2 2,West,2,2,8
2,3,7,2,886.7485,2 2,West,2,2,9
2,3,7,2,887.2139,2 2,West,2,2,10
2,3,7,3,887.7162,2 2,North,2,2,10
2,3,7,2,888.3655,1 2,North,2,2,10
2,3,7,1,888.9952,1 2,West,2,2,10
2,3,7,2,889.8844,1 2,West,2,2,11
2,3,7,3,890.5636,1 2,North,2,2,11
2,3,7,2,892.5949,0 2,North,2,2,11
2,3,7,3,893.1807,0 2,East,2,2,11
2,3,7,3,894.3548,0 2,South,2,2,11
2,3,7,1,900.7047,0 2,East,2,2,11
2,3,7,2,901.4226,0 2,East,2,2,12
2,3,7,3,901.934,0 2,South,2,2,12
2,3,7,3,903.2333,0 2,West,2,2,12
2,3,7,1,907.0696,0 2,South,2,2,12
2,3,7,3,909.8621,0 2,West,2,2,12
2,3,7,2,910.3831,0 1,West,2,2,12
2,3,7,1,911.3922,0 1,South,2,2,12
2,3,7,2,912.0124,0 1,South,2,2,13
2,3,7,3,912.4959,0 1,West,2,2,13
2,3,7,2,913.104,0 0,West,2,2,13
2,3,7,1,913.6934,0 0,South,2,2,13
2,3,7,2,914.3547,0 0,South,2,2,14
2,3,7,1,915.165,0 0,East,2,2,14
2,3,7,2,915.7924,0 1,East,2,2,14
2,3,7,2,916.4149,0 2,East,2,2,14
2,3,7,2,917.0572,0 2,East,2,2,15
2,3,7,3,917.5993,0 2,South,2,2,15
2,3,7,2,918.1293,1 2,South,2,2,15
2,3,7,2,920.1799,2 2,South,2,2,15
2,3,7,2,921.6163,2 2,South,2,2,16
2,3,7,3,922.1479,2 2,West,2,2,16
2,3,7,2,922.8647,2 2,West,2,2,17
2,3,7,3,925.7098,2 2,North,2,2,17
2,3,7,2,927.6791,1 2,North,2,2,17
2,3,7,1,928.2404,1 2,West,2,2,17
2,3,7,2,929.1987,1 2,West,2,2,18
2,3,7,1,929.7126,1 2,South,2,2,18
2,3,7,1,930.2249,1 2,East,2,2,18
2,3,7,2,931.0115,1 2,East,2,2,19
2,3,7,3,931.5167,1 2,South,2,2,19
2,3,7,2,932.1248,2 2,South,2,2,19
2,3,7,1,932.7686,2 2,East,2,2,19
2,3,7,2,933.4579,2 3,East,2,2,19
2,3,7,3,934.1084,2 3,South,2,2,19
2,3,7,2,934.7101,2 3,South,2,2,20
2,3,7,1,935.5815,2 3,East,2,2,20
2,3,7,2,936.1647,2 3,East,2,2,21
2,3,7,3,936.8013,2 3,South,2,2,21
2,3,7,1,937.6807,2 3,East,2,2,21
2,3,7,1,938.2556,2 3,North,2,2,21
2,3,7,2,938.896,1 3,North,2,2,21
2,3,7,3,939.4874,1 3,East,2,2,21
2,3,7,2,940.9107,1 4,East,2,2,21
2,3,7,3,941.5078,1 4,South,2,2,21
2,3,7,2,942.4043,2 4,South,2,2,21
2,3,7,2,943.3012,3 4,South,2,2,21
2,3,7,2,943.9699,4 4,South,2,2,21
2,3,7,3,944.4824,4 4,West,2,2,21
2,3,7,2,945.0383,4 3,West,2,2,21
2,3,7,6,945.44,4 3,West,2,3,21
2,3,7,3,945.7289,4 3,North,2,3,21
2,3,7,3,946.5273,4 3,East,2,3,21
2,3,7,2,947.1556,4 4,East,2,3,21
2,3,7,1,947.6957,4 4,North,2,3,21
2,3,7,2,948.305,3 4,North,2,3,21
2,3,7,1,948.9148,3 4,West,2,3,21
2,3,7,3,949.5028,3 4,North,2,3,21
2,3,7,2,950.079,2 4,North,2,3,21
2,3,7,1,950.7333,2 4,West,2,3,21
2,3,7,2,951.2936,2 4,West,2,3,22
2,3,7,3,951.9406,2 4,North,2,3,22
2,3,7,2,952.5569,1 4,North,2,3,22
2,3,7,1,953.0751,1 4,West,2,3,22
2,3,7,2,953.6669,1 3,West,2,3,22
2,3,7,1,954.2451,1 3,South,2,3,22
2,3,7,2,954.801,2 3,South,2,3,22
2,3,7,3,955.3433,2 3,West,2,3,22
2,3,7,2,955.9099,2 2,West,2,3,22
2,3,7,6,956.32,2 2,West,2,4,22
2,3,7,3,956.5167,2 2,North,2,4,22
2,3,7,2,957.1523,1 2,North,2,4,22
2,3,7,1,957.7439,1 2,West,2,4,22
2,3,7,2,958.3558,1 2,West,2,4,23
2,3,7,3,958.8699,1 2,North,2,4,23
2,3,7,2,959.4379,0 2,North,2,4,23
2,3,7,1,960.0166,0 2,West,2,4,23
2,3,7,2,960.5599,0 1,West,2,4,23
2,3,7,2,961.1675,0 0,West,2,4,23
2,3,7,1,961.7572,0 0,South,2,4,23
2,3,7,2,962.4005,0 0,South,2,4,24
2,3,7,1,963.0871,0 0,East,2,4,24
2,3,7,2,963.5994,0 1,East,2,4,24
2,3,7,3,964.182,0 1,South,2,4,24
2,3,7,2,964.8345,0 1,South,2,4,25
2,3,7,1,965.2297,0 1,East,2,4,25
2,3,7,2,965.8439,0 2,East,2,4,25
2,3,7,3,966.7397,0 2,South,2,4,25
2,3,7,2,967.3925,1 2,South,2,4,25
2,3,7,2,968.2548,2 2,South,2,4,25
2,3,7,2,970.2841,2 2,South,2,4,26
2,3,7,1,970.7557,2 2,East,2,4,26
2,3,7,3,971.3965,2 2,South,2,4,26
2,3,7,3,971.9189,2 2,West,2,4,26
2,3,7,2,972.6062,2 2,West,2,4,27
2,3,7,1,973.109,2 2,South,2,4,27
2,3,7,1,973.6202,2 2,East,2,4,27
2,3,7,2,974.1443,2 3,East,2,4,27
2,3,7,3,974.6547,2 3,South,2,4,27
2,3,7,2,975.2473,2 3,South,2,4,28
2,3,7,1,975.7783,2 3,East,2,4,28
2,3,7,2,976.3231,2 3,East,2,4,29
2,3,7,1,977.0259,2 3,North,2,4,29
2,3,7,2,978.3187,1 3,North,2,4,29
2,3,7,3,978.8813,1 3,East,2,4,29
2,3,7,2,979.4421,1 4,East,2,4,29
2,3,7,3,979.9697,1 4,South,2,4,29
2,3,7,2,980.8041,2 4,South,2,4,29
2,3,7,2,981.6523,3 4,South,2,4,29
2,3,7,2,982.5885,4 4,South,2,4,29
2,3,7,2,984.0519,4 4,South,2,4,29
2,3,7,3,984.5012,4 4,West,2,4,29
2,3,7,2,986.2905,4 3,West,2,4,29
2,3,7,2,987.0557,4 2,West,2,4,29
2,3,7,2,988.3369,4 2,West,2,4,30
2,3,7,3,988.8317,4 2,North,2,4,30
2,3,7,2,989.3438,3 2,North,2,4,30
2,3,7,1,989.9566,3 2,West,2,4,30
2,3,7,2,990.6561,3 1,West,2,4,30
2,3,7,2,991.2495,3 1,West,2,4,31
2,3,7,1,991.6793,3 1,South,2,4,31
2,3,7,2,992.2567,3 1,South,2,4,32
2,3,7,3,992.861,3 1,West,2,4,32
2,3,7,3,993.4077,3 1,North,2,4,32
2,3,7,2,993.9692,2 1,North,2,4,32
2,3,7,1,994.5002,2 1,West,2,4,32
2,3,7,2,995.1204,2 1,West,2,4,33
2,3,7,3,995.6285,2 1,North,2,4,33
2,3,7,2,996.5592,1 1,North,2,4,33
2,3,7,1,997.5197,1 1,West,2,4,33
2,3,7,2,998.3084,1 0,West,2,4,33
2,3,7,1,998.925,1 0,South,2,4,33
2,3,7,2,999.5489,2 0,South,2,4,33
2,3,7,2,1000.191,3 0,South,2,4,33
2,3,7,2,1000.898,4 0,South,2,4,33
2,3,7,6,1001.26,4 0,South,2,5,33
2,3,7,1,1001.715,4 0,East,2,5,33
2,3,7,1,1002.308,4 0,North,2,5,33
2,3,7,2,1002.96,3 0,North,2,5,33
2,3,7,2,1003.533,2 0,North,2,5,33
2,3,7,3,1004.145,2 0,East,2,5,33
2,3,7,2,1004.722,2 0,East,2,5,34
2,3,7,1,1005.33,2 0,North,2,5,34
2,3,7,2,1005.854,1 0,North,2,5,34
2,3,7,3,1006.481,1 0,East,2,5,34
2,3,7,2,1007.092,1 1,East,2,5,34
2,3,7,3,1007.631,1 1,South,2,5,34
2,3,7,2,1008.21,2 1,South,2,5,34
2,3,7,1,1008.789,2 1,East,2,5,34
2,3,7,2,1009.441,2 1,East,2,5,35
2,3,7,3,1010.049,2 1,South,2,5,35
2,3,7,2,1010.64,3 1,South,2,5,35
2,3,7,1,1011.552,3 1,East,2,5,35
2,3,7,2,1012.374,3 2,East,2,5,35
2,3,7,1,1013.52,3 2,North,2,5,35
2,3,7,2,1014.864,3 2,North,2,5,36
2,3,7,3,1015.492,3 2,East,2,5,36
2,3,7,2,1016.27,3 3,East,2,5,36
2,3,7,1,1016.962,3 3,North,2,5,36
2,3,7,2,1017.601,3 3,North,2,5,37
2,3,7,3,1018.15,3 3,East,2,5,37
2,3,7,1,1019.379,3 3,North,2,5,37
2,3,7,1,1021.43,3 3,West,2,5,37
2,3,7,3,1023.622,3 3,North,2,5,37
2,3,7,1,1027.361,3 3,West,2,5,37
2,3,7,1,1028.613,3 3,South,2,5,37
2,3,7,2,1029.587,3 3,South,2,5,38
2,3,7,1,1030.242,3 3,East,2,5,38
2,3,7,1,1031.696,3 3,North,2,5,38
2,3,7,3,1032.549,3 3,East,2,5,38
2,3,7,2,1033.308,3 3,East,2,5,39
2,3,7,1,1033.661,3 3,North,2,5,39
2,3,7,1,1038.421,3 3,West,2,5,39
2,3,7,2,1039.44,3 2,West,2,5,39
2,3,7,3,1040.126,3 2,North,2,5,39
2,3,7,2,1040.785,3 2,North,2,5,40
2,3,7,1,1041.439,3 2,West,2,5,40
2,3,7,2,1042.021,3 1,West,2,5,40
2,3,7,3,1042.574,3 1,North,2,5,40
2,3,7,2,1043.261,2 1,North,2,5,40
2,3,7,3,1043.902,2 1,East,2,5,40
2,3,7,2,1044.862,2 1,East,2,5,41
2,3,7,1,1045.411,2 1,North,2,5,41
2,3,7,2,1046.078,1 1,North,2,5,41
2,3,7,3,1046.768,1 1,East,2,5,41
2,3,7,1,1048.109,1 1,North,2,5,41
2,3,7,2,1048.772,1 1,North,2,5,42
2,3,7,3,1049.174,1 1,East,2,5,42
2,3,7,2,1049.778,1 1,East,2,5,43
2,3,7,3,1050.205,1 1,South,2,5,43
2,3,7,3,1050.774,1 1,West,2,5,43
2,3,7,1,1051.97,1 1,South,2,5,43
2,3,7,1,1053.062,1 1,East,2,5,43
2,3,7,3,1058.114,1 1,South,2,5,43
2,3,7,2,1058.655,2 1,South,2,5,43
2,3,7,3,1059.234,2 1,West,2,5,43
2,3,7,2,1059.956,2 1,West,2,5,44
2,3,7,1,1060.493,2 1,South,2,5,44
2,3,7,2,1061.157,3 1,South,2,5,44
2,3,7,1,1061.731,3 1,East,2,5,44
2,3,7,3,1063.694,3 1,South,2,5,44
2,3,7,3,1064.335,3 1,West,2,5,44
2,3,7,2,1064.854,3 1,West,2,5,45
2,3,7,1,1065.411,3 1,South,2,5,45
2,3,7,2,1065.97,3 1,South,2,5,46
2,3,7,1,1066.576,3 1,East,2,5,46
2,3,7,2,1067.525,3 2,East,2,5,46
2,3,7,2,1068.608,3 3,East,2,5,46
2,3,7,1,1070.612,3 3,North,2,5,46
2,3,7,1,1071.281,3 3,West,2,5,46
2,3,7,2,1072.061,3 2,West,2,5,46
2,3,7,3,1072.735,3 2,North,2,5,46
2,3,7,2,1073.478,3 2,North,2,5,47
2,3,7,1,1074.047,3 2,West,2,5,47
2,3,7,3,1074.83,3 2,North,2,5,47
2,3,7,3,1075.381,3 2,East,2,5,47
2,3,7,2,1076.082,3 3,East,2,5,47
2,3,7,2,1076.803,3 3,East,2,5,48
2,3,7,3,1077.296,3 3,South,2,5,48
2,3,7,2,1079.282,3 3,South,2,5,49
2,3,7,3,1080.085,3 3,West,2,5,49
2,3,7,3,1080.819,3 3,North,2,5,49
2,3,7,2,1081.429,3 3,North,2,5,50
2,3,7,1,1081.892,3 3,West,2,5,50
2,3,7,2,1082.453,3 2,West,2,5,50
2,3,7,2,1083.041,3 1,West,2,5,50
2,3,7,1,1083.556,3 1,South,2,5,50
2,3,7,2,1084.112,3 1,South,2,5,51
2,3,7,3,1084.642,3 1,West,2,5,51
2,3,7,3,1085.501,3 1,North,2,5,51
2,3,7,2,1086.204,2 1,North,2,5,51
2,3,7,3,1086.724,2 1,East,2,5,51
2,3,7,1,1089.57,2 1,North,2,5,51
2,3,7,2,1090.823,1 1,North,2,5,51
2,3,7,2,1091.714,1 1,North,2,5,52
2,3,7,3,1092.125,1 1,East,2,5,52
2,3,7,2,1092.705,1 1,East,2,5,53
2,3,7,1,1093.189,1 1,North,2,5,53
2,3,7,1,1094.083,1 1,West,2,5,53
2,3,7,2,1094.646,1 0,West,2,5,53
2,3,7,3,1095.201,1 0,North,2,5,53
2,3,7,2,1095.813,1 0,North,2,5,54
2,3,7,3,1096.351,1 0,East,2,5,54
2,3,7,3,1097.788,1 0,South,2,5,54
2,3,7,2,1098.483,2 0,South,2,5,54
2,3,7,1,1099.124,2 0,East,2,5,54
2,3,7,2,1100.334,2 0,East,2,5,55
2,3,7,3,1108.564,2 0,South,2,5,55
2,3,7,1,1110.654,2 0,East,2,5,55
2,3,7,3,1112.321,2 0,South,2,5,55
2,3,7,2,1112.909,3 0,South,2,5,55
2,3,7,2,1116.542,4 0,South,2,5,55
2,3,7,1,1117.442,4 0,East,2,5,55
2,3,7,2,1119.445,4 1,East,2,5,55
2,3,7,2,1120.192,4 1,East,2,5,56
2,3,7,1,1120.879,4 1,North,2,5,56
2,3,7,2,1121.524,4 1,North,2,5,57
2,3,7,1,1122.165,4 1,West,2,5,57
2,3,7,2,1123.152,4 0,West,2,5,57
2,3,7,3,1123.781,4 0,North,2,5,57
2,3,7,2,1124.366,3 0,North,2,5,57
2,3,7,2,1125.282,2 0,North,2,5,57
2,3,7,2,1125.954,1 0,North,2,5,57
2,3,7,3,1126.579,1 0,East,2,5,57
2,3,7,2,1129.011,1 1,East,2,5,57
2,3,7,2,1131.589,1 1,East,2,5,58
2,3,7,1,1132.227,1 1,North,2,5,58
2,3,7,2,1133.169,1 1,North,2,5,59
2,3,7,3,1134.546,1 1,East,2,5,59
2,3,7,3,1135.31,1 1,South,2,5,59
2,3,7,2,1136.097,2 1,South,2,5,59
2,3,7,2,1137.35,3 1,South,2,5,59
2,3,7,1,1138.284,3 1,East,2,5,59
2,3,7,2,1140.513,3 2,East,2,5,59
2,3,7,1,1141.185,3 2,North,2,5,59
2,3,7,2,1141.809,3 2,North,2,5,60
2,3,7,1,1142.273,3 2,West,2,5,60
2,3,7,2,1142.803,3 1,West,2,5,60
2,3,7,3,1143.34,3 1,North,2,5,60
2,3,7,2,1144.037,2 1,North,2,5,60
2,3,7,3,1144.578,2 1,East,2,5,60
2,3,7,2,1145.154,2 1,East,2,5,61
2,3,7,1,1145.653,2 1,North,2,5,61
2,3,7,2,1146.205,1 1,North,2,5,61
2,3,7,3,1147.166,1 1,East,2,5,61
2,3,7,2,1147.796,1 1,East,2,5,62
2,3,7,1,1148.29,1 1,North,2,5,62
2,3,7,2,1152.389,1 1,North,2,5,63
2,3,7,1,1160.582,1 1,West,2,5,63
2,3,7,1,1166.196,1 1,South,2,5,63
2,3,7,3,1168.173,1 1,West,2,5,63
2,3,7,2,1169.389,1 0,West,2,5,63
2,3,7,3,1169.909,1 0,North,2,5,63
2,3,7,2,1170.493,1 0,North,2,5,64
2,3,7,3,1171.101,1 0,East,2,5,64
2,3,7,1,1171.779,1 0,North,2,5,64
2,3,7,1,1172.453,1 0,West,2,5,64
2,3,7,1,1173.06,1 0,South,2,5,64
2,3,7,1,1174.631,1 0,East,2,5,64
2,3,7,2,1175.296,1 1,East,2,5,64
2,3,7,3,1176.181,1 1,South,2,5,64
2,3,7,2,1176.749,2 1,South,2,5,64
2,3,7,2,1177.443,3 1,South,2,5,64
2,3,7,1,1178.116,3 1,East,2,5,64
2,3,7,2,1178.657,3 2,East,2,5,64
2,3,7,3,1179.264,3 2,South,2,5,64
2,3,7,2,1179.81,4 2,South,2,5,64
2,3,7,1,1180.348,4 2,East,2,5,64
2,3,7,2,1180.981,4 3,East,2,5,64
2,3,7,2,1181.597,4 4,East,2,5,64
2,3,7,1,1182.236,4 4,North,2,5,64
2,3,7,2,1183.269,3 4,North,2,5,64
2,3,7,2,1183.842,2 4,North,2,5,64
2,3,7,1,1184.437,2 4,West,2,5,64
2,3,7,2,1185.036,2 4,West,2,5,65
2,3,7,3,1187.489,2 4,North,2,5,65
2,3,7,1,1188.802,2 4,West,2,5,65
2,3,7,3,1189.678,2 4,North,2,5,65
2,3,7,2,1190.386,1 4,North,2,5,65
2,3,7,1,1190.916,1 4,West,2,5,65
2,3,7,2,1191.574,1 3,West,2,5,65
2,3,7,1,1192.451,1 3,South,2,5,65
2,3,7,2,1193.213,2 3,South,2,5,65
2,3,7,6,1193.6,2 3,South,2,6,65
2,3,7,1,1195.296,2 3,East,2,6,65
2,3,7,1,1195.869,2 3,North,2,6,65
2,3,7,1,1196.433,2 3,West,2,6,65
2,3,7,3,1197.421,2 3,North,2,6,65
2,3,7,2,1197.969,1 3,North,2,6,65
2,3,7,3,1198.524,1 3,East,2,6,65
2,3,7,2,1199.109,1 4,East,2,6,65
2,3,7,3,1199.983,1 4,South,2,6,65
2,3,7,2,1200.575,2 4,South,2,6,65
2,3,7,2,1201.15,3 4,South,2,6,65
2,3,7,2,1201.774,4 4,South,2,6,65
2,3,7,3,1202.373,4 4,West,2,6,65
2,3,7,2,1203.026,4 3,West,2,6,65
2,3,7,2,1203.631,4 2,West,2,6,65
2,3,7,3,1204.214,4 2,North,2,6,65
2,3,7,2,1204.925,3 2,North,2,6,65
2,3,7,2,1205.509,3 2,North,2,6,66
2,3,7,1,1205.973,3 2,West,2,6,66
2,3,7,2,1206.496,3 1,West,2,6,66
2,3,7,3,1207.218,3 1,North,2,6,66
2,3,7,2,1207.843,2 1,North,2,6,66
2,3,7,1,1208.451,2 1,West,2,6,66
2,3,7,3,1209.395,2 1,North,2,6,66
2,3,7,2,1209.938,1 1,North,2,6,66
2,3,7,1,1210.452,1 1,West,2,6,66
2,3,7,2,1211.054,1 0,West,2,6,66
2,3,7,6,1211.46,1 0,West,2,7,66
2,3,7,1,1211.759,1 0,South,2,7,66
2,3,7,1,1212.293,1 0,East,2,7,66
2,3,7,2,1213.118,1 1,East,2,7,66
2,3,7,2,1213.695,1 1,East,2,7,67
2,3,7,3,1214.157,1 1,South,2,7,67
2,3,7,2,1214.676,2 1,South,2,7,67
2,3,7,1,1215.331,2 1,East,2,7,67
2,3,7,2,1215.904,2 1,East,2,7,68
2,3,7,3,1216.596,2 1,South,2,7,68
2,3,7,2,1217.17,3 1,South,2,7,68
2,3,7,2,1217.934,3 1,South,2,7,69
2,3,7,1,1218.383,3 1,East,2,7,69
2,3,7,2,1218.972,3 2,East,2,7,69
2,3,7,3,1219.878,3 2,South,2,7,69
2,3,7,2,1220.801,4 2,South,2,7,69
2,3,7,1,1221.365,4 2,East,2,7,69
2,3,7,2,1222.162,4 3,East,2,7,69
2,3,7,2,1222.737,4 4,East,2,7,69
2,3,7,1,1223.343,4 4,North,2,7,69
2,3,7,2,1223.986,3 4,North,2,7,69
2,3,7,2,1224.654,2 4,North,2,7,69
2,3,7,2,1225.39,1 4,North,2,7,69
2,3,7,2,1226.177,0 4,North,2,7,69
2,3,7,6,1226.56,0 4,North,2,8,69
0,3,8,1,1240.365,4 4,West,2,0,69
0,3,8,3,1241.283,4 4,North,2,0,69
0,3,8,2,1243.167,3 4,North,2,0,69
0,3,8,2,1243.712,2 4,North,2,0,69
0,3,8,2,1244.399,1 4,North,2,0,69
0,3,8,1,1244.982,1 4,West,2,0,69
0,3,8,2,1247.123,1 3,West,2,0,69
0,3,8,1,1248.097,1 3,South,2,0,69
0,3,8,2,1248.671,2 3,South,2,0,69
0,3,8,3,1249.235,2 3,West,2,0,69
0,3,8,2,1249.869,2 2,West,2,0,69
0,3,8,6,1250.28,2 2,West,2,1,69
0,3,8,3,1250.449,2 2,North,2,1,69
0,3,8,2,1251.123,1 2,North,2,1,69
0,3,8,2,1251.746,0 2,North,2,1,69
0,3,8,1,1252.26,0 2,West,2,1,69
0,3,8,2,1252.945,0 1,West,2,1,69
0,3,8,6,1253.36,0 1,West,2,2,69
0,3,8,1,1253.632,0 1,South,2,2,69
0,3,8,1,1254.293,0 1,East,2,2,69
0,3,8,2,1254.894,0 2,East,2,2,69
0,3,8,3,1255.507,0 2,South,2,2,69
0,3,8,2,1256.158,1 2,South,2,2,69
0,3,8,2,1256.765,2 2,South,2,2,69
0,3,8,1,1257.328,2 2,East,2,2,69
0,3,8,2,1258.015,2 3,East,2,2,69
0,3,8,1,1258.544,2 3,North,2,2,69
0,3,8,2,1259.172,1 3,North,2,2,69
0,3,8,6,1259.56,1 3,North,2,3,69
0,3,8,3,1259.794,1 3,East,2,3,69
0,3,8,2,1260.365,1 4,East,2,3,69
0,3,8,1,1261.229,1 4,North,2,3,69
0,3,8,2,1261.969,0 4,North,2,3,69
0,3,8,1,1262.787,0 4,West,2,3,69
0,3,8,1,1263.437,0 4,South,2,3,69
0,3,8,1,1264.08,0 4,East,2,3,69
0,3,8,3,1264.592,0 4,South,2,3,69
0,3,8,2,1265.269,1 4,South,2,3,69
0,3,8,2,1266.099,2 4,South,2,3,69
0,3,8,2,1267.796,3 4,South,2,3,69
0,3,8,2,1268.438,4 4,South,2,3,69
0,3,8,3,1268.989,4 4,West,2,3,69
0,3,8,2,1269.844,4 3,West,2,3,69
0,3,8,2,1270.478,4 2,West,2,3,69
0,3,8,3,1271.375,4 2,North,2,3,69
0,3,8,2,1271.965,3 2,North,2,3,69
0,3,8,1,1272.749,3 2,West,2,3,69
0,3,8,2,1273.36,3 1,West,2,3,69
0,3,8,3,1273.906,3 1,North,2,3,69
0,3,8,2,1274.525,2 1,North,2,3,69
0,3,8,2,1275.311,1 1,North,2,3,69
0,3,8,1,1276.143,1 1,West,2,3,69
0,3,8,2,1276.769,1 0,West,2,3,69
0,3,8,1,1277.459,1 0,South,2,3,69
0,3,8,1,1278.191,1 0,East,2,3,69
0,3,8,3,1278.733,1 0,South,2,3,69
0,3,8,2,1279.442,2 0,South,2,3,69
0,3,8,2,1280.081,3 0,South,2,3,69
0,3,8,2,1280.831,4 0,South,2,3,69
0,3,8,1,1281.455,4 0,East,2,3,69
0,3,8,1,1282.317,4 0,North,2,3,69
0,3,8,2,1282.997,3 0,North,2,3,69
0,3,8,2,1283.875,2 0,North,2,3,69
0,3,8,2,1284.525,1 0,North,2,3,69
0,3,8,3,1285.135,1 0,East,2,3,69
0,3,8,2,1285.87,1 1,East,2,3,69
0,3,8,3,1286.85,1 1,South,2,3,69
0,3,8,2,1287.538,2 1,South,2,3,69
0,3,8,2,1288.291,3 1,South,2,3,69
0,3,8,1,1288.895,3 1,East,2,3,69
0,3,8,2,1289.517,3 2,East,2,3,69
0,3,8,3,1290.036,3 2,South,2,3,69
0,3,8,2,1290.578,4 2,South,2,3,69
0,3,8,1,1291.153,4 2,East,2,3,69
0,3,8,2,1291.664,4 3,East,2,3,69
0,3,8,2,1292.371,4 4,East,2,3,69
0,3,8,1,1293.36,4 4,North,2,3,69
0,3,8,2,1294.759,3 4,North,2,3,69
0,3,8,2,1295.668,2 4,North,2,3,69
0,3,8,2,1296.544,1 4,North,2,3,69
0,3,8,1,1297.085,1 4,West,2,3,69
0,3,8,3,1297.667,1 4,North,2,3,69
0,3,8,1,1298.321,1 4,West,2,3,69
0,3,8,2,1298.98,1 3,West,2,3,69
0,3,8,1,1299.91,1 3,South,2,3,69
0,3,8,2,1300.578,2 3,South,2,3,69
0,3,8,3,1301.43,2 3,West,2,3,69
0,3,8,2,1301.983,2 2,West,2,3,69
0,3,8,3,1302.557,2 2,North,2,3,69
0,3,8,2,1303.168,1 2,North,2,3,69
0,3,8,2,1303.855,0 2,North,2,3,69
0,3,8,6,1304.24,0 2,North,2,4,69
0,3,8,1,1304.4,0 2,West,2,4,69
0,3,8,1,1305.437,0 2,South,2,4,69
0,3,8,2,1306.69,1 2,South,2,4,69
0,3,8,2,1307.342,2 2,South,2,4,69
0,3,8,1,1307.917,2 2,East,2,4,69
0,3,8,2,1308.51,2 3,East,2,4,69
0,3,8,1,1309.054,2 3,North,2,4,69
0,3,8,2,1309.59,1 3,North,2,4,69
0,3,8,3,1310.134,1 3,East,2,4,69
0,3,8,2,1310.772,1 4,East,2,4,69
0,3,8,3,1311.312,1 4,South,2,4,69
0,3,8,2,1311.921,2 4,South,2,4,69
0,3,8,6,1312.3,2 4,South,2,5,69
0,3,8,3,1313.028,2 4,West,2,5,69
0,3,8,3,1313.541,2 4,North,2,5,69
0,3,8,2,1314.525,1 4,North,2,5,69
0,3,8,2,1315.164,0 4,North,2,5,69
0,3,8,1,1315.713,0 4,West,2,5,69
0,3,8,1,1316.574,0 4,South,2,5,69
0,3,8,2,1317.183,1 4,South,2,5,69
0,3,8,2,1318.067,2 4,South,2,5,69
0,3,8,2,1318.642,3 4,South,2,5,69
0,3,8,2,1319.43,4 4,South,2,5,69
0,3,8,3,1320.046,4 4,West,2,5,69
0,3,8,2,1320.705,4 3,West,2,5,69
0,3,8,2,1321.373,4 2,West,2,5,69
0,3,8,6,1321.78,4 2,West,2,6,69
0,3,8,3,1321.983,4 2,North,2,6,69
0,3,8,2,1322.593,3 2,North,2,6,69
0,3,8,1,1323.118,3 2,West,2,6,69
0,3,8,3,1323.939,3 2,North,2,6,69
0,3,8,3,1324.723,3 2,East,2,6,69
0,3,8,1,1326.67,3 2,North,2,6,69
0,3,8,1,1327.251,3 2,West,2,6,69
0,3,8,2,1327.775,3 1,West,2,6,69
0,3,8,3,1328.61,3 1,North,2,6,69
0,3,8,2,1329.155,2 1,North,2,6,69
0,3,8,2,1329.779,1 1,North,2,6,69
0,3,8,1,1330.725,1 1,West,2,6,69
0,3,8,1,1331.404,1 1,South,2,6,69
0,3,8,3,1331.998,1 1,West,2,6,69
0,3,8,2,1332.656,1 0,West,2,6,69
0,3,8,1,1333.188,1 0,South,2,6,69
0,3,8,2,1333.861,2 0,South,2,6,69
0,3,8,6,1334.24,2 0,South,2,7,69
0,3,8,1,1334.484,2 0,East,2,7,69
0,3,8,3,1335.123,2 0,South,2,7,69
0,3,8,2,1335.652,3 0,South,2,7,69
0,3,8,2,1336.223,4 0,South,2,7,69
0,3,8,1,1336.757,4 0,East,2,7,69
0,3,8,1,1337.356,4 0,North,2,7,69
0,3,8,2,1337.988,3 0,North,2,7,69
0,3,8,2,1338.513,2 0,North,2,7,69
0,3,8,2,1339.037,1 0,North,2,7,69
0,3,8,3,1339.954,1 0,East,2,7,69
0,3,8,2,1340.644,1 1,East,2,7,69
0,3,8,3,1341.519,1 1,South,2,7,69
0,3,8,2,1342.198,2 1,South,2,7,69
0,3,8,2,1342.74,3 1,South,2,7,69
0,3,8,1,1343.292,3 1,East,2,7,69
0,3,8,2,1343.837,3 2,East,2,7,69
0,3,8,3,1344.353,3 2,South,2,7,69
0,3,8,2,1344.897,4 2,South,2,7,69
0,3,8,1,1345.47,4 2,East,2,7,69
0,3,8,2,1346.029,4 3,East,2,7,69
0,3,8,2,1347.134,4 4,East,2,7,69
0,3,8,1,1347.749,4 4,North,2,7,69
0,3,8,2,1348.338,3 4,North,2,7,69
0,3,8,2,1349.197,2 4,North,2,7,69
0,3,8,2,1349.776,1 4,North,2,7,69
0,3,8,2,1350.594,0 4,North,2,7,69
0,3,8,1,1351.139,0 4,West,2,7,69
0,3,8,1,1351.987,0 4,South,2,7,69
0,3,8,2,1352.558,1 4,South,2,7,69
0,3,8,3,1353.138,1 4,West,2,7,69
0,3,8,2,1353.682,1 3,West,2,7,69
0,3,8,1,1354.208,1 3,South,2,7,69
0,3,8,2,1354.768,2 3,South,2,7,69
0,3,8,3,1355.672,2 3,West,2,7,69
0,3,8,2,1356.291,2 2,West,2,7,69
0,3,8,3,1357.182,2 2,North,2,7,69
0,3,8,2,1358.015,1 2,North,2,7,69
0,3,8,6,1358.4,1 2,North,2,8,69
2,3,8,1,1366.886,4 4,West,2,0,0
2,3,8,3,1368.9,4 4,North,2,0,0
2,3,8,2,1369.54,3 4,North,2,0,0
2,3,8,2,1370.095,2 4,North,2,0,0
2,3,8,1,1370.789,2 4,West,2,0,0
2,3,8,2,1371.396,2 4,West,2,0,1
2,3,8,3,1373.551,2 4,North,2,0,1
2,3,8,2,1375.213,1 4,North,2,0,1
2,3,8,1,1375.83,1 4,West,2,0,1
2,3,8,2,1376.375,1 3,West,2,0,1
2,3,8,1,1377.04,1 3,South,2,0,1
2,3,8,2,1377.6,2 3,South,2,0,1
2,3,8,3,1378.21,2 3,West,2,0,1
2,3,8,2,1378.845,2 2,West,2,0,1
2,3,8,6,1379.26,2 2,West,2,1,1
2,3,8,3,1379.569,2 2,North,2,1,1
2,3,8,3,1380.239,2 2,East,2,1,1
2,3,8,2,1380.924,2 3,East,2,1,1
2,3,8,1,1381.458,2 3,North,2,1,1
2,3,8,2,1382.021,1 3,North,2,1,1
2,3,8,3,1382.546,1 3,East,2,1,1
2,3,8,3,1383.12,1 3,South,2,1,1
2,3,8,2,1383.859,2 3,South,2,1,1
2,3,8,1,1384.653,2 3,East,2,1,1
2,3,8,3,1385.533,2 3,South,2,1,1
2,3,8,2,1386.161,2 3,South,2,1,2
2,3,8,3,1386.725,2 3,West,2,1,2
2,3,8,1,1387.334,2 3,South,2,1,2
2,3,8,3,1388.484,2 3,West,2,1,2
2,3,8,1,1389.325,2 3,South,2,1,2
2,3,8,1,1390.243,2 3,East,2,1,2
2,3,8,1,1390.83,2 3,North,2,1,2
2,3,8,2,1391.376,1 3,North,2,1,2
2,3,8,3,1391.95,1 3,East,2,1,2
2,3,8,2,1392.527,1 4,East,2,1,2
2,3,8,3,1393.125,1 4,South,2,1,2
2,3,8,2,1393.982,2 4,South,2,1,2
2,3,8,2,1394.579,3 4,South,2,1,2
2,3,8,2,1395.167,4 4,South,2,1,2
2,3,8,3,1395.859,4 4,West,2,1,2
2,3,8,2,1396.482,4 3,West,2,1,2
2,3,8,3,1397.154,4 3,North,2,1,2
2,3,8,2,1397.82,4 3,North,2,1,3
2,3,8,1,1400.037,4 3,West,2,1,3
2,3,8,2,1400.56,4 2,West,2,1,3
2,3,8,3,1401.074,4 2,North,2,1,3
2,3,8,2,1401.711,3 2,North,2,1,3
2,3,8,3,1402.222,3 2,East,2,1,3
2,3,8,2,1402.849,3 3,East,2,1,3
2,3,8,6,1403.26,3 3,East,2,2,3
2,3,8,1,1403.552,3 3,North,2,2,3
2,3,8,1,1404.084,3 3,West,2,2,3
2,3,8,2,1404.689,3 2,West,2,2,3
2,3,8,1,1405.261,3 2,South,2,2,3
2,3,8,2,1405.837,4 2,South,2,2,3
2,3,8,6,1406.22,4 2,South,2,3,3
2,3,8,1,1406.493,4 2,East,2,3,3
2,3,8,2,1407.126,4 3,East,2,3,3
2,3,8,2,1407.713,4 4,East,2,3,3
2,3,8,1,1408.334,4 4,North,2,3,3
2,3,8,2,1408.946,3 4,North,2,3,3
2,3,8,2,1409.646,2 4,North,2,3,3
2,3,8,6,1410.02,2 4,North,2,4,3
2,3,8,1,1410.304,2 4,West,2,4,3
2,3,8,3,1410.941,2 4,North,2,4,3
2,3,8,2,1411.629,1 4,North,2,4,3
2,3,8,2,1412.676,0 4,North,2,4,3
2,3,8,1,1413.295,0 4,West,2,4,3
2,3,8,2,1413.909,0 3,West,2,4,3
2,3,8,2,1414.573,0 3,West,2,4,4
2,3,8,1,1416.365,0 3,South,2,4,4
2,3,8,1,1416.916,0 3,East,2,4,4
2,3,8,2,1417.444,0 4,East,2,4,4
2,3,8,3,1417.967,0 4,South,2,4,4
2,3,8,2,1418.532,1 4,South,2,4,4
2,3,8,3,1419.583,1 4,West,2,4,4
2,3,8,1,1420.897,1 4,South,2,4,4
2,3,8,2,1421.457,2 4,South,2,4,4
2,3,8,3,1422.357,2 4,West,2,4,4
2,3,8,2,1422.898,2 4,West,2,4,5
2,3,8,3,1423.757,2 4,North,2,4,5
2,3,8,2,1424.318,1 4,North,2,4,5
2,3,8,1,1424.894,1 4,West,2,4,5
2,3,8,2,1425.505,1 3,West,2,4,5
2,3,8,3,1426.141,1 3,North,2,4,5
2,3,8,2,1427.029,1 3,North,2,4,6
2,3,8,1,1427.556,1 3,West,2,4,6
2,3,8,1,1428.438,1 3,South,2,4,6
2,3,8,3,1429.085,1 3,West,2,4,6
2,3,8,2,1429.712,1 3,West,2,4,7
2,3,8,1,1430.206,1 3,South,2,4,7
2,3,8,2,1430.725,2 3,South,2,4,7
2,3,8,3,1431.342,2 3,West,2,4,7
2,3,8,2,1431.921,2 2,West,2,4,7
2,3,8,3,1432.431,2 2,North,2,4,7
2,3,8,2,1432.992,1 2,North,2,4,7
2,3,8,1,1433.534,1 2,West,2,4,7
2,3,8,2,1434.164,1 2,West,2,4,8
2,3,8,3,1434.708,1 2,North,2,4,8
2,3,8,2,1435.374,0 2,North,2,4,8
2,3,8,6,1435.76,0 2,North,2,5,8
2,3,8,1,1436.06,0 2,West,2,5,8
2,3,8,1,1436.799,0 2,South,2,5,8
2,3,8,2,1437.33,1 2,South,2,5,8
2,3,8,1,1438.294,1 2,East,2,5,8
2,3,8,3,1438.9,1 2,South,2,5,8
2,3,8,2,1439.43,2 2,South,2,5,8
2,3,8,1,1439.949,2 2,East,2,5,8
2,3,8,2,1440.5,2 3,East,2,5,8
2,3,8,1,1441.697,2 3,North,2,5,8
2,3,8,2,1442.278,1 3,North,2,5,8
2,3,8,3,1442.813,1 3,East,2,5,8
2,3,8,2,1443.398,1 4,East,2,5,8
2,3,8,3,1443.919,1 4,South,2,5,8
2,3,8,2,1444.466,2 4,South,2,5,8
2,3,8,2,1445.088,3 4,South,2,5,8
2,3,8,6,1445.46,3 4,South,2,6,8
2,3,8,3,1445.854,3 4,West,2,6,8
2,3,8,3,1446.399,3 4,North,2,6,8
2,3,8,2,1447.007,2 4,North,2,6,8
2,3,8,2,1447.827,1 4,North,2,6,8
2,3,8,2,1448.513,0 4,North,2,6,8
2,3,8,1,1449.153,0 4,West,2,6,8
2,3,8,2,1449.757,0 3,West,2,6,8
2,3,8,6,1450.16,0 3,West,2,7,8
2,3,8,1,1450.371,0 3,South,2,7,8
2,3,8,3,1450.992,0 3,West,2,7,8
2,3,8,1,1451.585,0 3,South,2,7,8
2,3,8,1,1452.192,0 3,East,2,7,8
2,3,8,2,1452.787,0 4,East,2,7,8
2,3,8,3,1453.377,0 4,South,2,7,8
2,3,8,2,1453.95,1 4,South,2,7,8
2,3,8,2,1454.497,2 4,South,2,7,8
2,3,8,3,1455.111,2 4,West,2,7,8
2,3,8,2,1455.651,2 4,West,2,7,9
2,3,8,3,1456.133,2 4,North,2,7,9
2,3,8,2,1456.656,1 4,North,2,7,9
2,3,8,1,1457.558,1 4,West,2,7,9
2,3,8,2,1458.11,1 3,West,2,7,9
2,3,8,3,1458.803,1 3,North,2,7,9
2,3,8,1,1459.7,1 3,West,2,7,9
2,3,8,1,1460.253,1 3,South,2,7,9
2,3,8,2,1460.831,2 3,South,2,7,9
2,3,8,3,1461.73,2 3,West,2,7,9
2,3,8,2,1462.431,2 2,West,2,7,9
2,3,8,3,1463.04,2 2,North,2,7,9
2,3,8,2,1463.715,1 2,North,2,7,9
2,3,8,1,1464.236,1 2,West,2,7,9
2,3,8,2,1464.886,1 2,West,2,7,10
2,3,8,3,1465.382,1 2,North,2,7,10
2,3,8,2,1466.018,0 2,North,2,7,10
2,3,8,1,1466.655,0 2,West,2,7,10
2,3,8,2,1467.269,0 1,West,2,7,10
2,3,8,6,1467.68,0 1,West,2,8,10
0,3,9,1,1471.469,4 4,West,2,0,10
0,3,9,2,1472.111,4 3,West,2,0,10
0,3,9,2,1472.64,4 2,West,2,0,10
0,3,9,3,1473.166,4 2,North,2,0,10
0,3,9,2,1473.94,3 2,North,2,0,10
0,3,9,3,1474.783,3 2,East,2,0,10
0,3,9,3,1475.501,3 2,South,2,0,10
0,3,9,3,1476.227,3 2,West,2,0,10
0,3,9,2,1476.926,3 1,West,2,0,10
0,3,9,3,1477.744,3 1,North,2,0,10
0,3,9,2,1478.403,2 1,North,2,0,10
0,3,9,2,1478.948,1 1,North,2,0,10
0,3,9,1,1479.477,1 1,West,2,0,10
0,3,9,2,1480.077,1 0,West,2,0,10
0,3,9,1,1480.685,1 0,South,2,0,10
0,3,9,1,1481.379,1 0,East,2,0,10
0,3,9,2,1481.973,1 1,East,2,0,10
0,3,9,3,1482.528,1 1,South,2,0,10
0,3,9,2,1483.072,2 1,South,2,0,10
0,3,9,2,1484.05,3 1,South,2,0,10
0,3,9,1,1484.565,3 1,East,2,0,10
0,3,9,2,1485.166,3 2,East,2,0,10
0,3,9,3,1485.701,3 2,South,2,0,10
0,3,9,2,1486.257,4 2,South,2,0,10
0,3,9,1,1487.117,4 2,East,2,0,10
0,3,9,2,1487.79,4 3,East,2,0,10
0,3,9,2,1488.381,4 4,East,2,0,10
0,3,9,1,1489.171,4 4,North,2,0,10
0,3,9,2,1489.838,3 4,North,2,0,10
0,3,9,2,1490.641,2 4,North,2,0,10
0,3,9,2,1491.197,1 4,North,2,0,10
0,3,9,2,1491.78,0 4,North,2,0,10
0,3,9,1,1492.644,0 4,West,2,0,10
0,3,9,2,1493.173,0 3,West,2,0,10
0,3,9,6,1493.58,0 3,West,2,1,10
0,3,9,1,1493.999,0 3,South,2,1,10
0,3,9,1,1494.544,0 3,East,2,1,10
0,3,9,2,1495.084,0 4,East,2,1,10
0,3,9,3,1495.637,0 4,South,2,1,10
0,3,9,2,1496.323,1 4,South,2,1,10
0,3,9,3,1496.835,1 4,West,2,1,10
0,3,9,2,1497.774,1 3,West,2,1,10
0,3,9,1,1498.336,1 3,South,2,1,10
0,3,9,2,1498.88,2 3,South,2,1,10
0,3,9,3,1499.524,2 3,West,2,1,10
0,3,9,2,1500.082,2 2,West,2,1,10
0,3,9,3,1500.636,2 2,North,2,1,10
0,3,9,2,1501.202,1 2,North,2,1,10
0,3,9,2,1501.729,0 2,North,2,1,10
0,3,9,1,1502.246,0 2,West,2,1,10
0,3,9,1,1502.868,0 2,South,2,1,10
0,3,9,2,1503.445,1 2,South,2,1,10
0,3,9,1,1504.29,1 2,East,2,1,10
0,3,9,3,1505.23,1 2,South,2,1,10
0,3,9,2,1505.814,2 2,South,2,1,10
0,3,9,1,1506.782,2 2,East,2,1,10
0,3,9,2,1507.349,2 3,East,2,1,10
0,3,9,1,1507.935,2 3,North,2,1,10
0,3,9,2,1508.478,1 3,North,2,1,10
0,3,9,3,1509.3,1 3,East,2,1,10
0,3,9,2,1509.856,1 4,East,2,1,10
0,3,9,3,1510.39,1 4,South,2,1,10
0,3,9,2,1510.96,2 4,South,2,1,10
0,3,9,2,1512.061,3 4,South,2,1,10
0,3,9,2,1512.703,4 4,South,2,1,10
0,3,9,3,1513.264,4 4,West,2,1,10
0,3,9,2,1513.827,4 3,West,2,1,10
0,3,9,2,1514.382,4 2,West,2,1,10
0,3,9,3,1514.915,4 2,North,2,1,10
0,3,9,2,1515.507,3 2,North,2,1,10
0,3,9,3,1516.07,3 2,East,2,1,10
0,3,9,1,1516.884,3 2,North,2,1,10
0,3,9,1,1517.459,3 2,West,2,1,10
0,3,9,2,1518.002,3 1,West,2,1,10
0,3,9,3,1518.869,3 1,North,2,1,10
0,3,9,2,1519.445,2 1,North,2,1,10
0,3,9,6,1519.82,2 1,North,2,2,10
0,3,9,2,1520.099,1 1,North,2,2,10
0,3,9,1,1520.834,1 1,West,2,2,10
0,3,9,2,1521.393,1 0,West,2,2,10
0,3,9,1,1521.965,1 0,South,2,2,10
0,3,9,2,1522.546,2 0,South,2,2,10
0,3,9,2,1523.062,3 0,South,2,2,10
0,3,9,1,1523.845,3 0,East,2,2,10
0,3,9,3,1524.653,3 0,South,2,2,10
0,3,9,1,1525.409,3 0,East,2,2,10
0,3,9,1,1526.116,3 0,North,2,2,10
0,3,9,2,1526.755,2 0,North,2,2,10
0,3,9,2,1527.798,1 0,North,2,2,10
0,3,9,3,1528.445,1 0,East,2,2,10
0,3,9,2,1529.021,1 1,East,2,2,10
0,3,9,3,1529.551,1 1,South,2,2,10
0,3,9,2,1530.1,2 1,South,2,2,10
0,3,9,2,1530.676,3 1,South,2,2,10
0,3,9,1,1531.586,3 1,East,2,2,10
0,3,9,2,1532.322,3 2,East,2,2,10
0,3,9,3,1532.853,3 2,South,2,2,10
0,3,9,2,1533.541,4 2,South,2,2,10
0,3,9,1,1534.144,4 2,East,2,2,10
0,3,9,2,1534.802,4 3,East,2,2,10
0,3,9,2,1535.557,4 4,East,2,2,10
0,3,9,1,1536.128,4 4,North,2,2,10
0,3,9,2,1536.977,3 4,North,2,2,10
0,3,9,2,1537.525,2 4,North,2,2,10
0,3,9,2,1538.336,1 4,North,2,2,10
0,3,9,2,1538.869,0 4,North,2,2,10
0,3,9,6,1539.26,0 4,North,2,3,10
0,3,9,1,1539.778,0 4,West,2,3,10
0,3,9,1,1540.37,0 4,South,2,3,10
0,3,9,2,1540.916,1 4,South,2,3,10
0,3,9,2,1541.517,2 4,South,2,3,10
0,3,9,2,1542.206,3 4,South,2,3,10
0,3,9,2,1542.98,4 4,South,2,3,10
0,3,9,3,1543.501,4 4,West,2,3,10
0,3,9,2,1544.036,4 3,West,2,3,10
0,3,9,2,1544.591,4 2,West,2,3,10
0,3,9,3,1545.154,4 2,North,2,3,10
0,3,9,2,1546.16,3 2,North,2,3,10
0,3,9,1,1546.688,3 2,West,2,3,10
0,3,9,2,1547.348,3 1,West,2,3,10
0,3,9,3,1547.94,3 1,North,2,3,10
0,3,9,2,1548.59,2 1,North,2,3,10
0,3,9,2,1549.217,1 1,North,2,3,10
0,3,9,6,1549.6,1 1,North,2,4,10
0,3,9,1,1549.778,1 1,West,2,4,10
0,3,9,2,1550.509,1 0,West,2,4,10
0,3,9,1,1551.187,1 0,South,2,4,10
0,3,9,2,1551.777,2 0,South,2,4,10
0,3,9,2,1552.321,3 0,South,2,4,10
0,3,9,1,1553.277,3 0,East,2,4,10
0,3,9,1,1553.84,3 0,North,2,4,10
0,3,9,2,1554.404,2 0,North,2,4,10
0,3,9,2,1555.357,1 0,North,2,4,10
0,3,9,3,1555.893,1 0,East,2,4,10
0,3,9,2,1556.497,1 1,East,2,4,10
0,3,9,3,1557.409,1 1,South,2,4,10
0,3,9,2,1558.032,2 1,South,2,4,10
0,3,9,2,1558.644,3 1,South,2,4,10
0,3,9,1,1559.186,3 1,East,2,4,10
0,3,9,2,1559.953,3 2,East,2,4,10
0,3,9,3,1560.493,3 2,South,2,4,10
0,3,9,2,1561.189,4 2,South,2,4,10
0,3,9,1,1561.744,4 2,East,2,4,10
0,3,9,2,1562.372,4 3,East,2,4,10
0,3,9,2,1562.975,4 4,East,2,4,10
0,3,9,1,1563.506,4 4,North,2,4,10
0,3,9,2,1564.08,3 4,North,2,4,10
0,3,9,2,1564.598,2 4,North,2,4,10
0,3,9,2,1565.534,1 4,North,2,4,10
0,3,9,2,1566.18,0 4,North,2,4,10
0,3,9,1,1567.03,0 4,West,2,4,10
0,3,9,1,1567.715,0 4,South,2,4,10
0,3,9,2,1568.324,1 4,South,2,4,10
0,3,9,3,1568.96,1 4,West,2,4,10
0,3,9,2,1569.583,1 3,West,2,4,10
0,3,9,1,1570.173,1 3,South,2,4,10
0,3,9,2,1571.102,2 3,South,2,4,10
0,3,9,6,1571.48,2 3,South,2,5,10
0,3,9,3,1571.964,2 3,West,2,5,10
0,3,9,2,1572.898,2 2,West,2,5,10
0,3,9,3,1573.442,2 2,North,2,5,10
0,3,9,2,1574.227,1 2,North,2,5,10
0,3,9,2,1574.845,0 2,North,2,5,10
0,3,9,1,1575.682,0 2,West,2,5,10
0,3,9,1,1576.273,0 2,South,2,5,10
0,3,9,2,1576.941,1 2,South,2,5,10
0,3,9,2,1577.552,2 2,South,2,5,10
0,3,9,1,1578.547,2 2,East,2,5,10
0,3,9,2,1579.168,2 3,East,2,5,10
0,3,9,1,1579.682,2 3,North,2,5,10
0,3,9,2,1580.214,1 3,North,2,5,10
0,3,9,3,1580.736,1 3,East,2,5,10
0,3,9,2,1581.316,1 4,East,2,5,10
0,3,9,3,1581.875,1 4,South,2,5,10
0,3,9,2,1582.879,2 4,South,2,5,10
0,3,9,2,1583.422,3 4,South,2,5,10
0,3,9,2,1584.003,4 4,South,2,5,10
0,3,9,3,1584.769,4 4,West,2,5,10
0,3,9,2,1585.424,4 3,West,2,5,10
0,3,9,2,1586.036,4 2,West,2,5,10
0,3,9,3,1586.614,4 2,North,2,5,10
0,3,9,2,1587.185,3 2,North,2,5,10
0,3,9,1,1587.733,3 2,West,2,5,10
0,3,9,2,1588.275,3 1,West,2,5,10
0,3,9,3,1588.982,3 1,North,2,5,10
0,3,9,2,1589.669,2 1,North,2,5,10
0,3,9,2,1590.208,1 1,North,2,5,10
0,3,9,1,1590.751,1 1,West,2,5,10
0,3,9,2,1591.333,1 0,West,2,5,10
0,3,9,6,1591.74,1 0,West,2,6,10
0,3,9,1,1591.973,1 0,South,2,6,10
0,3,9,1,1592.99,1 0,East,2,6,10
0,3,9,2,1593.553,1 1,East,2,6,10
0,3,9,3,1594.454,1 1,South,2,6,10
0,3,9,2,1595.039,2 1,South,2,6,10
0,3,9,2,1595.666,3 1,South,2,6,10
0,3,9,1,1596.526,3 1,East,2,6,10
0,3,9,2,1597.206,3 2,East,2,6,10
0,3,9,6,1597.62,3 2,East,2,7,10
0,3,9,3,1597.935,3 2,South,2,7,10
0,3,9,2,1598.463,4 2,South,2,7,10
0,3,9,1,1599.025,4 2,East,2,7,10
0,3,9,1,1599.683,4 2,North,2,7,10
0,3,9,2,1600.245,3 2,North,2,7,10
0,3,9,1,1601.182,3 2,West,2,7,10
0,3,9,2,1601.757,3 1,West,2,7,10
0,3,9,3,1602.34,3 1,North,2,7,10
0,3,9,2,1602.932,2 1,North,2,7,10
0,3,9,2,1603.573,1 1,North,2,7,10
0,3,9,1,1604.465,1 1,West,2,7,10
0,3,9,2,1605.123,1 0,West,2,7,10
0,3,9,1,1605.685,1 0,South,2,7,10
0,3,9,2,1606.514,2 0,South,2,7,10
0,3,9,2,1607.438,3 0,South,2,7,10
0,3,9,1,1608.077,3 0,East,2,7,10
0,3,9,1,1608.685,3 0,North,2,7,10
0,3,9,2,1609.26,2 0,North,2,7,10
0,3,9,2,1609.812,1 0,North,2,7,10
0,3,9,3,1610.433,1 0,East,2,7,10
0,3,9,2,1611.092,1 1,East,2,7,10
0,3,9,3,1611.613,1 1,South,2,7,10
0,3,9,2,1612.157,2 1,South,2,7,10
0,3,9,2,1612.756,3 1,South,2,7,10
0,3,9,1,1613.281,3 1,East,2,7,10
0,3,9,2,1613.922,3 2,East,2,7,10
0,3,9,3,1614.466,3 2,South,2,7,10
0,3,9,2,1615.029,4 2,South,2,7,10
0,3,9,1,1615.557,4 2,East,2,7,10
0,3,9,2,1616.159,4 3,East,2,7,10
0,3,9,2,1616.7,4 4,East,2,7,10
0,3,9,1,1617.232,4 4,North,2,7,10
0,3,9,2,1617.844,3 4,North,2,7,10
0,3,9,2,1618.726,2 4,North,2,7,10
0,3,9,2,1619.374,1 4,North,2,7,10
0,3,9,6,1619.76,1 4,North,2,8,10
2,3,9,2,1623.617,3 4,North,2,0,0
2,3,9,1,1624.141,3 4,West,2,0,0
2,3,9,3,1631.173,3 4,North,2,0,0
2,3,9,2,1631.735,2 4,North,2,0,0
2,3,9,2,1632.29,1 4,North,2,0,0
2,3,9,1,1632.854,1 4,West,2,0,0
2,3,9,2,1633.378,1 3,West,2,0,0
2,3,9,1,1633.926,1 3,South,2,0,0
2,3,9,2,1634.455,2 3,South,2,0,0
2,3,9,3,1634.977,2 3,West,2,0,0
2,3,9,2,1635.506,2 2,West,2,0,0
2,3,9,3,1636.082,2 2,North,2,0,0
2,3,9,2,1636.612,1 2,North,2,0,0
2,3,9,1,1637.172,1 2,West,2,0,0
2,3,9,2,1637.698,1 2,West,2,0,1
2,3,9,3,1640.546,1 2,North,2,0,1
2,3,9,1,1641.343,1 2,West,2,0,1
2,3,9,1,1642.5,1 2,South,2,0,1
2,3,9,2,1643.078,2 2,South,2,0,1
2,3,9,3,1643.666,2 2,West,2,0,1
2,3,9,2,1644.32,2 2,West,2,0,2
2,3,9,1,1644.785,2 2,South,2,0,2
2,3,9,1,1645.537,2 2,East,2,0,2
2,3,9,2,1646.493,2 3,East,2,0,2
2,3,9,1,1647.007,2 3,North,2,0,2
2,3,9,2,1647.521,1 3,North,2,0,2
2,3,9,3,1648.433,1 3,East,2,0,2
2,3,9,2,1649.044,1 4,East,2,0,2
2,3,9,3,1649.984,1 4,South,2,0,2
2,3,9,2,1650.576,2 4,South,2,0,2
2,3,9,2,1651.172,3 4,South,2,0,2
2,3,9,2,1651.973,4 4,South,2,0,2
2,3,9,3,1652.718,4 4,West,2,0,2
2,3,9,2,1653.313,4 3,West,2,0,2
2,3,9,2,1653.908,4 2,West,2,0,2
2,3,9,3,1654.804,4 2,North,2,0,2
2,3,9,2,1655.314,3 2,North,2,0,2
2,3,9,3,1655.89,3 2,East,2,0,2
2,3,9,1,1656.497,3 2,North,2,0,2
2,3,9,1,1657.106,3 2,West,2,0,2
2,3,9,2,1657.758,3 1,West,2,0,2
2,3,9,3,1658.34,3 1,North,2,0,2
2,3,9,2,1658.88,2 1,North,2,0,2
2,3,9,3,1659.534,2 1,East,2,0,2
2,3,9,1,1660.374,2 1,North,2,0,2
2,3,9,2,1660.961,1 1,North,2,0,2
2,3,9,6,1661.34,1 1,North,2,1,2
2,3,9,3,1661.766,1 1,East,2,1,2
2,3,9,3,1662.414,1 1,South,2,1,2
2,3,9,2,1662.943,2 1,South,2,1,2
2,3,9,2,1663.711,3 1,South,2,1,2
2,3,9,1,1664.371,3 1,East,2,1,2
2,3,9,2,1664.933,3 2,East,2,1,2
2,3,9,3,1665.49,3 2,South,2,1,2
2,3,9,2,1666.017,4 2,South,2,1,2
2,3,9,1,1666.526,4 2,East,2,1,2
2,3,9,2,1667.071,4 3,East,2,1,2
2,3,9,2,1667.685,4 4,East,2,1,2
2,3,9,1,1668.275,4 4,North,2,1,2
2,3,9,2,1668.801,3 4,North,2,1,2
2,3,9,2,1669.325,2 4,North,2,1,2
2,3,9,2,1670.292,1 4,North,2,1,2
2,3,9,2,1670.966,0 4,North,2,1,2
2,3,9,1,1671.622,0 4,West,2,1,2
2,3,9,2,1672.175,0 3,West,2,1,2
2,3,9,6,1672.58,0 3,West,2,2,2
2,3,9,1,1672.703,0 3,South,2,2,2
2,3,9,1,1673.285,0 3,East,2,2,2
2,3,9,2,1674.211,0 4,East,2,2,2
2,3,9,3,1674.848,0 4,South,2,2,2
2,3,9,2,1675.454,1 4,South,2,2,2
2,3,9,3,1676.801,1 4,West,2,2,2
2,3,9,2,1677.604,1 3,West,2,2,2
2,3,9,1,1678.16,1 3,South,2,2,2
2,3,9,2,1679.055,2 3,South,2,2,2
2,3,9,3,1679.759,2 3,West,2,2,2
2,3,9,2,1680.287,2 2,West,2,2,2
2,3,9,3,1680.93,2 2,North,2,2,2
2,3,9,2,1681.855,1 2,North,2,2,2
2,3,9,1,1682.678,1 2,West,2,2,2
2,3,9,2,1683.373,1 2,West,2,2,3
2,3,9,3,1684.1,1 2,North,2,2,3
2,3,9,2,1684.733,0 2,North,2,2,3
2,3,9,1,1685.301,0 2,West,2,2,3
2,3,9,2,1685.922,0 1,West,2,2,3
2,3,9,2,1686.549,0 0,West,2,2,3
2,3,9,1,1687.117,0 0,South,2,2,3
2,3,9,2,1687.747,0 0,South,2,2,4
2,3,9,1,1688.653,0 0,East,2,2,4
2,3,9,2,1689.218,0 1,East,2,2,4
2,3,9,3,1690.052,0 1,South,2,2,4
2,3,9,2,1690.735,0 1,South,2,2,5
2,3,9,1,1691.201,0 1,East,2,2,5
2,3,9,2,1691.869,0 2,East,2,2,5
2,3,9,3,1692.47,0 2,South,2,2,5
2,3,9,2,1693.057,1 2,South,2,2,5
2,3,9,2,1693.614,2 2,South,2,2,5
2,3,9,3,1694.239,2 2,West,2,2,5
2,3,9,2,1694.931,2 2,West,2,2,6
2,3,9,3,1695.395,2 2,North,2,2,6
2,3,9,3,1695.933,2 2,East,2,2,6
2,3,9,2,1696.526,2 3,East,2,2,6
2,3,9,1,1697.156,2 3,North,2,2,6
2,3,9,2,1697.715,1 3,North,2,2,6
2,3,9,3,1698.449,1 3,East,2,2,6
2,3,9,2,1699.059,1 4,East,2,2,6
2,3,9,3,1699.652,1 4,South,2,2,6
2,3,9,2,1700.338,2 4,South,2,2,6
2,3,9,2,1701.361,3 4,South,2,2,6
2,3,9,2,1702.083,4 4,South,2,2,6
2,3,9,3,1702.719,4 4,West,2,2,6
2,3,9,2,1703.406,4 3,West,2,2,6
2,3,9,2,1703.981,4 2,West,2,2,6
2,3,9,2,1705.149,4 2,West,2,2,7
2,3,9,3,1705.796,4 2,North,2,2,7
2,3,9,2,1706.307,3 2,North,2,2,7
2,3,9,1,1706.929,3 2,West,2,2,7
2,3,9,2,1707.52,3 1,West,2,2,7
2,3,9,3,1708.469,3 1,North,2,2,7
2,3,9,2,1709.134,2 1,North,2,2,7
2,3,9,1,1711.395,2 1,West,2,2,7
2,3,9,2,1712.035,2 1,West,2,2,8
2,3,9,3,1712.454,2 1,North,2,2,8
2,3,9,2,1713.076,1 1,North,2,2,8
2,3,9,1,1713.677,1 1,West,2,2,8
2,3,9,2,1714.356,1 0,West,2,2,8
2,3,9,6,1714.76,1 0,West,2,3,8
2,3,9,1,1715.14,1 0,South,2,3,8
2,3,9,1,1715.76,1 0,East,2,3,8
2,3,9,2,1716.338,1 1,East,2,3,8
2,3,9,3,1717.217,1 1,South,2,3,8
2,3,9,2,1717.859,2 1,South,2,3,8
2,3,9,6,1718.24,2 1,South,2,4,8
2,3,9,1,1718.423,2 1,East,2,4,8
2,3,9,1,1719.236,2 1,North,2,4,8
2,3,9,3,1719.778,2 1,East,2,4,8
2,3,9,3,1722.464,2 1,South,2,4,8
2,3,9,2,1723.215,3 1,South,2,4,8
2,3,9,1,1723.766,3 1,East,2,4,8
2,3,9,2,1724.355,3 2,East,2,4,8
2,3,9,3,1725.174,3 2,South,2,4,8
2,3,9,2,1725.781,4 2,South,2,4,8
2,3,9,1,1726.718,4 2,East,2,4,8
2,3,9,2,1727.33,4 3,East,2,4,8
2,3,9,2,1727.965,4 4,East,2,4,8
2,3,9,1,1728.51,4 4,North,2,4,8
2,3,9,2,1729.107,3 4,North,2,4,8
2,3,9,2,1729.661,2 4,North,2,4,8
2,3,9,2,1730.285,1 4,North,2,4,8
2,3,9,1,1730.862,1 4,West,2,4,8
2,3,9,2,1731.425,1 3,West,2,4,8
2,3,9,1,1731.953,1 3,South,2,4,8
2,3,9,2,1732.559,2 3,South,2,4,8
2,3,9,3,1733.072,2 3,West,2,4,8
2,3,9,2,1733.668,2 2,West,2,4,8
2,3,9,3,1734.178,2 2,North,2,4,8
2,3,9,2,1734.72,1 2,North,2,4,8
2,3,9,6,1735.1,1 2,North,2,5,8
2,3,9,3,1735.616,1 2,East,2,5,8
2,3,9,3,1736.227,1 2,South,2,5,8
2,3,9,3,1737.007,1 2,West,2,5,8
2,3,9,1,1737.517,1 2,South,2,5,8
2,3,9,2,1738.145,2 2,South,2,5,8
2,3,9,1,1738.694,2 2,East,2,5,8
2,3,9,2,1739.263,2 3,East,2,5,8
2,3,9,1,1739.846,2 3,North,2,5,8
2,3,9,2,1740.437,1 3,North,2,5,8
2,3,9,3,1740.981,1 3,East,2,5,8
2,3,9,2,1741.568,1 4,East,2,5,8
2,3,9,3,1742.274,1 4,South,2,5,8
2,3,9,2,1742.83,2 4,South,2,5,8
2,3,9,2,1743.414,3 4,South,2,5,8
2,3,9,3,1743.95,3 4,West,2,5,8
2,3,9,1,1745.925,3 4,South,2,5,8
2,3,9,2,1746.704,4 4,South,2,5,8
2,3,9,3,1747.409,4 4,West,2,5,8
2,3,9,2,1748.094,4 3,West,2,5,8
2,3,9,2,1748.657,4 2,West,2,5,8
2,3,9,2,1749.407,4 2,West,2,5,9
2,3,9,3,1750.095,4 2,North,2,5,9
2,3,9,2,1751.169,3 2,North,2,5,9
2,3,9,1,1751.725,3 2,West,2,5,9
2,3,9,2,1752.238,3 1,West,2,5,9
2,3,9,3,1752.879,3 1,North,2,5,9
2,3,9,2,1753.394,2 1,North,2,5,9
2,3,9,2,1753.938,1 1,North,2,5,9
2,3,9,2,1754.529,1 1,North,2,5,10
2,3,9,1,1754.98,1 1,West,2,5,10
2,3,9,2,1755.536,1 0,West,2,5,10
2,3,9,1,1756.212,1 0,South,2,5,10
2,3,9,2,1756.757,2 0,South,2,5,10
2,3,9,2,1757.295,3 0,South,2,5,10
2,3,9,6,1757.68,3 0,South,2,6,10
2,3,9,1,1757.94,3 0,East,2,6,10
2,3,9,1,1758.543,3 0,North,2,6,10
2,3,9,2,1759.551,2 0,North,2,6,10
2,3,9,3,1760.194,2 0,East,2,6,10
2,3,9,1,1761.169,2 0,North,2,6,10
2,3,9,2,1761.809,1 0,North,2,6,10
2,3,9,3,1762.58,1 0,East,2,6,10
2,3,9,2,1763.25,1 1,East,2,6,10
2,3,9,2,1764.078,1 1,East,2,6,11
2,3,9,3,1764.53,1 1,South,2,6,11
2,3,9,2,1765.167,2 1,South,2,6,11
2,3,9,2,1765.727,3 1,South,2,6,11
2,3,9,2,1766.372,3 1,South,2,6,12
2,3,9,1,1766.862,3 1,East,2,6,12
2,3,9,2,1767.491,3 2,East,2,6,12
2,3,9,1,1768.276,3 2,North,2,6,12
2,3,9,2,1769.053,3 2,North,2,6,13
2,3,9,3,1769.654,3 2,East,2,6,13
2,3,9,2,1770.999,3 3,East,2,6,13
2,3,9,1,1773.278,3 3,North,2,6,13
2,3,9,3,1774.242,3 3,East,2,6,13
2,3,9,3,1774.757,3 3,South,2,6,13
2,3,9,2,1775.91,3 3,South,2,6,14
2,3,9,3,1776.495,3 3,West,2,6,14
2,3,9,3,1777.682,3 3,North,2,6,14
2,3,9,1,1778.901,3 3,West,2,6,14
2,3,9,2,1779.922,3 2,West,2,6,14
2,3,9,1,1780.741,3 2,South,2,6,14
2,3,9,2,1781.327,4 2,South,2,6,14
2,3,9,1,1781.874,4 2,East,2,6,14
2,3,9,2,1782.42,4 3,East,2,6,14
2,3,9,2,1783.313,4 4,East,2,6,14
2,3,9,1,1784.198,4 4,North,2,6,14
2,3,9,2,1784.821,3 4,North,2,6,14
2,3,9,2,1785.367,2 4,North,2,6,14
2,3,9,2,1786.19,1 4,North,2,6,14
2,3,9,1,1786.707,1 4,West,2,6,14
2,3,9,2,1787.422,1 3,West,2,6,14
2,3,9,6,1787.84,1 3,West,2,7,14
2,3,9,1,1788.193,1 3,South,2,7,14
2,3,9,1,1788.803,1 3,East,2,7,14
2,3,9,2,1789.395,1 4,East,2,7,14
2,3,9,6,1789.82,1 4,East,2,8,14
0,4,10,1,1852.606,4 4,West,2,0,14
0,4,10,3,1853.334,4 4,North,2,0,14
0,4,10,2,1853.973,3 4,North,2,0,14
0,4,10,2,1854.547,2 4,North,2,0,14
0,4,10,2,1855.232,1 4,North,2,0,14
0,4,10,6,1855.62,1 4,North,2,1,14
0,4,10,1,1855.778,1 4,West,2,1,14
0,4,10,2,1857.573,1 3,West,2,1,14
0,4,10,1,1858.445,1 3,South,2,1,14
0,4,10,2,1859.181,2 3,South,2,1,14
0,4,10,3,1859.793,2 3,West,2,1,14
0,4,10,2,1860.373,2 2,West,2,1,14
0,4,10,3,1860.899,2 2,North,2,1,14
0,4,10,2,1861.426,1 2,North,2,1,14
0,4,10,2,1861.954,0 2,North,2,1,14
0,4,10,1,1862.689,0 2,West,2,1,14
0,4,10,1,1863.252,0 2,South,2,1,14
0,4,10,2,1863.781,1 2,South,2,1,14
0,4,10,2,1864.317,2 2,South,2,1,14
0,4,10,1,1865.184,2 2,East,2,1,14
0,4,10,2,1865.757,2 3,East,2,1,14
0,4,10,1,1866.291,2 3,North,2,1,14
0,4,10,2,1866.863,1 3,North,2,1,14
0,4,10,3,1867.446,1 3,East,2,1,14
0,4,10,2,1867.997,1 4,East,2,1,14
0,4,10,3,1868.576,1 4,South,2,1,14
0,4,10,2,1869.155,2 4,South,2,1,14
0,4,10,2,1869.702,3 4,South,2,1,14
0,4,10,2,1870.4,4 4,South,2,1,14
0,4,10,3,1870.975,4 4,West,2,1,14
0,4,10,2,1871.875,4 3,West,2,1,14
0,4,10,2,1872.449,4 2,West,2,1,14
0,4,10,3,1872.973,4 2,North,2,1,14
0,4,10,2,1873.49,3 2,North,2,1,14
0,4,10,1,1874.095,3 2,West,2,1,14
0,4,10,3,1874.641,3 2,North,2,1,14
0,4,10,3,1875.235,3 2,East,2,1,14
0,4,10,1,1875.778,3 2,North,2,1,14
0,4,10,1,1876.336,3 2,West,2,1,14
0,4,10,2,1876.91,3 1,West,2,1,14
0,4,10,3,1877.437,3 1,North,2,1,14
0,4,10,2,1878,2 1,North,2,1,14
0,4,10,6,1878.38,2 1,North,2,2,14
0,4,10,1,1878.82,2 1,West,2,2,14
0,4,10,3,1879.391,2 1,North,2,2,14
0,4,10,2,1880,1 1,North,2,2,14
0,4,10,1,1880.885,1 1,West,2,2,14
0,4,10,2,1881.429,1 0,West,2,2,14
0,4,10,6,1881.84,1 0,West,2,3,14
0,4,10,1,1881.999,1 0,South,2,3,14
0,4,10,2,1882.625,2 0,South,2,3,14
0,4,10,2,1883.167,3 0,South,2,3,14
0,4,10,2,1883.682,4 0,South,2,3,14
0,4,10,1,1884.53,4 0,East,2,3,14
0,4,10,1,1885.122,4 0,North,2,3,14
0,4,10,2,1885.747,3 0,North,2,3,14
0,4,10,2,1886.58,2 0,North,2,3,14
0,4,10,2,1887.285,1 0,North,2,3,14
0,4,10,3,1887.887,1 0,East,2,3,14
0,4,10,2,1888.415,1 1,East,2,3,14
0,4,10,3,1888.944,1 1,South,2,3,14
0,4,10,2,1889.488,2 1,South,2,3,14
0,4,10,2,1890.034,3 1,South,2,3,14
0,4,10,1,1890.559,3 1,East,2,3,14
0,4,10,2,1891.172,3 2,East,2,3,14
0,4,10,3,1892.018,3 2,South,2,3,14
0,4,10,2,1892.661,4 2,South,2,3,14
0,4,10,1,1893.284,4 2,East,2,3,14
0,4,10,2,1893.837,4 3,East,2,3,14
0,4,10,2,1894.39,4 4,East,2,3,14
0,4,10,1,1894.943,4 4,North,2,3,14
0,4,10,2,1895.535,3 4,North,2,3,14
0,4,10,2,1896.195,2 4,North,2,3,14
0,4,10,6,1896.58,2 4,North,2,4,14
0,4,10,2,1896.894,1 4,North,2,4,14
0,4,10,1,1897.581,1 4,West,2,4,14
0,4,10,2,1898.402,1 3,West,2,4,14
0,4,10,1,1898.975,1 3,South,2,4,14
0,4,10,2,1899.54,2 3,South,2,4,14
0,4,10,3,1900.067,2 3,West,2,4,14
0,4,10,2,1900.612,2 2,West,2,4,14
0,4,10,3,1901.216,2 2,North,2,4,14
0,4,10,2,1901.811,1 2,North,2,4,14
0,4,10,2,1902.511,0 2,North,2,4,14
0,4,10,1,1903.11,0 2,West,2,4,14
0,4,10,2,1903.711,0 1,West,2,4,14
0,4,10,1,1904.509,0 1,South,2,4,14
0,4,10,1,1905.185,0 1,East,2,4,14
0,4,10,2,1905.748,0 2,East,2,4,14
0,4,10,3,1906.334,0 2,South,2,4,14
0,4,10,2,1906.863,1 2,South,2,4,14
0,4,10,2,1907.552,2 2,South,2,4,14
0,4,10,1,1908.158,2 2,East,2,4,14
0,4,10,2,1908.735,2 3,East,2,4,14
0,4,10,1,1909.269,2 3,North,2,4,14
0,4,10,2,1909.887,1 3,North,2,4,14
0,4,10,3,1910.638,1 3,East,2,4,14
0,4,10,2,1911.459,1 4,East,2,4,14
0,4,10,3,1912.03,1 4,South,2,4,14
0,4,10,2,1912.562,2 4,South,2,4,14
0,4,10,2,1913.12,3 4,South,2,4,14
0,4,10,2,1913.909,4 4,South,2,4,14
0,4,10,3,1914.519,4 4,West,2,4,14
0,4,10,2,1915.092,4 3,West,2,4,14
0,4,10,2,1915.63,4 2,West,2,4,14
0,4,10,3,1916.163,4 2,North,2,4,14
0,4,10,2,1916.765,3 2,North,2,4,14
0,4,10,1,1917.348,3 2,West,2,4,14
0,4,10,2,1918.05,3 1,West,2,4,14
0,4,10,3,1918.692,3 1,North,2,4,14
0,4,10,2,1919.247,2 1,North,2,4,14
0,4,10,2,1919.813,1 1,North,2,4,14
0,4,10,1,1920.734,1 1,West,2,4,14
0,4,10,2,1921.669,1 0,West,2,4,14
0,4,10,1,1922.597,1 0,South,2,4,14
0,4,10,2,1923.187,2 0,South,2,4,14
0,4,10,2,1923.732,3 0,South,2,4,14
0,4,10,1,1924.342,3 0,East,2,4,14
0,4,10,3,1925.01,3 0,South,2,4,14
0,4,10,2,1925.629,4 0,South,2,4,14
0,4,10,1,1926.189,4 0,East,2,4,14
0,4,10,2,1926.82,4 1,East,2,4,14
0,4,10,6,1927.24,4 1,East,2,5,14
0,4,10,1,1927.458,4 1,North,2,5,14
0,4,10,1,1928.049,4 1,West,2,5,14
0,4,10,2,1928.637,4 0,West,2,5,14
0,4,10,3,1929.522,4 0,North,2,5,14
0,4,10,2,1930.083,3 0,North,2,5,14
0,4,10,2,1930.692,2 0,North,2,5,14
0,4,10,2,1931.27,1 0,North,2,5,14
0,4,10,3,1932.196,1 0,East,2,5,14
0,4,10,2,1932.806,1 1,East,2,5,14
0,4,10,3,1933.427,1 1,South,2,5,14
0,4,10,2,1934.03,2 1,South,2,5,14
0,4,10,2,1934.64,3 1,South,2,5,14
0,4,10,1,1935.269,3 1,East,2,5,14
0,4,10,2,1935.869,3 2,East,2,5,14
0,4,10,3,1936.461,3 2,South,2,5,14
0,4,10,2,1937.071,4 2,South,2,5,14
0,4,10,1,1937.938,4 2,East,2,5,14
0,4,10,2,1938.575,4 3,East,2,5,14
0,4,10,2,1939.184,4 4,East,2,5,14
0,4,10,1,1939.695,4 4,North,2,5,14
0,4,10,2,1940.34,3 4,North,2,5,14
0,4,10,2,1940.991,2 4,North,2,5,14
0,4,10,2,1941.779,1 4,North,2,5,14
0,4,10,1,1942.385,1 4,West,2,5,14
0,4,10,2,1943.11,1 3,West,2,5,14
0,4,10,1,1944.003,1 3,South,2,5,14
0,4,10,2,1944.545,2 3,South,2,5,14
0,4,10,3,1945.127,2 3,West,2,5,14
0,4,10,2,1945.749,2 2,West,2,5,14
0,4,10,3,1946.322,2 2,North,2,5,14
0,4,10,2,1946.847,1 2,North,2,5,14
0,4,10,6,1947.22,1 2,North,2,6,14
0,4,10,2,1947.524,0 2,North,2,6,14
0,4,10,1,1948.353,0 2,West,2,6,14
0,4,10,1,1948.885,0 2,South,2,6,14
0,4,10,2,1949.406,1 2,South,2,6,14
0,4,10,2,1949.955,2 2,South,2,6,14
0,4,10,1,1950.85,2 2,East,2,6,14
0,4,10,2,1951.439,2 3,East,2,6,14
0,4,10,1,1951.971,2 3,North,2,6,14
0,4,10,2,1952.541,1 3,North,2,6,14
0,4,10,3,1953.119,1 3,East,2,6,14
0,4,10,2,1953.743,1 4,East,2,6,14
0,4,10,3,1954.321,1 4,South,2,6,14
0,4,10,2,1954.863,2 4,South,2,6,14
0,4,10,2,1955.489,3 4,South,2,6,14
0,4,10,2,1956.078,4 4,South,2,6,14
0,4,10,3,1956.589,4 4,West,2,6,14
0,4,10,2,1957.152,4 3,West,2,6,14
0,4,10,2,1957.742,4 2,West,2,6,14
0,4,10,3,1958.256,4 2,North,2,6,14
0,4,10,2,1958.789,3 2,North,2,6,14
0,4,10,1,1959.343,3 2,West,2,6,14
0,4,10,2,1959.955,3 1,West,2,6,14
0,4,10,3,1960.595,3 1,North,2,6,14
0,4,10,2,1961.123,2 1,North,2,6,14
0,4,10,2,1961.709,1 1,North,2,6,14
0,4,10,1,1962.244,1 1,West,2,6,14
0,4,10,2,1962.958,1 0,West,2,6,14
0,4,10,1,1963.517,1 0,South,2,6,14
0,4,10,2,1964.242,2 0,South,2,6,14
0,4,10,2,1965.268,3 0,South,2,6,14
0,4,10,2,1965.856,4 0,South,2,6,14
0,4,10,6,1966.22,4 0,South,2,7,14
0,4,10,1,1966.74,4 0,East,2,7,14
0,4,10,1,1967.349,4 0,North,2,7,14
0,4,10,2,1967.933,3 0,North,2,7,14
0,4,10,2,1968.852,2 0,North,2,7,14
0,4,10,2,1969.728,1 0,North,2,7,14
0,4,10,3,1970.626,1 0,East,2,7,14
0,4,10,2,1972.077,1 1,East,2,7,14
0,4,10,6,1972.5,1 1,East,2,8,14
2,4,10,1,1975.598,4 4,West,2,0,0
2,4,10,2,1978.082,4 3,West,2,0,0
2,4,10,2,1978.608,4 2,West,2,0,0
2,4,10,2,1979.151,4 2,West,2,0,1
2,4,10,3,1979.299,4 2,North,2,0,1
2,4,10,2,1980.05,3 2,North,2,0,1
2,4,10,1,1981.183,3 2,West,2,0,1
2,4,10,2,1981.827,3 1,West,2,0,1
2,4,10,3,1982.398,3 1,North,2,0,1
2,4,10,2,1982.991,2 1,North,2,0,1
2,4,10,1,1983.57,2 1,West,2,0,1
2,4,10,2,1984.213,2 1,West,2,0,2
2,4,10,1,1984.789,2 1,South,2,0,2
2,4,10,2,1986.324,3 1,South,2,0,2
2,4,10,3,1986.929,3 1,West,2,0,2
2,4,10,2,1987.523,3 1,West,2,0,3
2,4,10,1,1988.034,3 1,South,2,0,3
2,4,10,2,1988.609,3 1,South,2,0,4
2,4,10,1,1989.509,3 1,East,2,0,4
2,4,10,1,1990.592,3 1,North,2,0,4
2,4,10,3,1992.179,3 1,East,2,0,4
2,4,10,1,1993.14,3 1,North,2,0,4
2,4,10,2,1993.728,2 1,North,2,0,4
2,4,10,2,1994.258,1 1,North,2,0,4
2,4,10,2,1994.802,1 1,North,2,0,5
2,4,10,1,1995.251,1 1,West,2,0,5
2,4,10,2,1995.776,1 0,West,2,0,5
2,4,10,3,1996.353,1 0,North,2,0,5
2,4,10,1,1996.896,1 0,West,2,0,5
2,4,10,1,1997.845,1 0,South,2,0,5
2,4,10,2,1998.368,2 0,South,2,0,5
2,4,10,2,1998.915,3 0,South,2,0,5
2,4,10,2,1999.696,4 0,South,2,0,5
2,4,10,6,2000.06,4 0,South,2,1,5
2,4,10,1,2000.405,4 0,East,2,1,5
2,4,10,1,2000.941,4 0,North,2,1,5
2,4,10,2,2001.476,3 0,North,2,1,5
2,4,10,2,2001.991,2 0,North,2,1,5
2,4,10,3,2002.72,2 0,East,2,1,5
2,4,10,2,2003.25,2 0,East,2,1,6
2,4,10,1,2003.717,2 0,North,2,1,6
2,4,10,2,2004.279,1 0,North,2,1,6
2,4,10,3,2005.118,1 0,East,2,1,6
2,4,10,2,2005.681,1 1,East,2,1,6
2,4,10,3,2006.547,1 1,South,2,1,6
2,4,10,1,2007.198,1 1,East,2,1,6
2,4,10,2,2011.678,1 1,East,2,1,7
2,4,10,3,2012.045,1 1,South,2,1,7
2,4,10,2,2012.625,2 1,South,2,1,7
2,4,10,1,2013.222,2 1,East,2,1,7
2,4,10,2,2014.068,2 1,East,2,1,8
2,4,10,3,2014.577,2 1,South,2,1,8
2,4,10,2,2015.107,3 1,South,2,1,8
2,4,10,2,2016.127,3 1,South,2,1,9
2,4,10,1,2016.557,3 1,East,2,1,9
2,4,10,2,2017.215,3 2,East,2,1,9
2,4,10,3,2017.871,3 2,South,2,1,9
2,4,10,2,2018.454,4 2,South,2,1,9
2,4,10,1,2019.359,4 2,East,2,1,9
2,4,10,2,2019.941,4 3,East,2,1,9
2,4,10,2,2020.469,4 4,East,2,1,9
2,4,10,1,2021.058,4 4,North,2,1,9
2,4,10,2,2021.653,3 4,North,2,1,9
2,4,10,2,2022.229,2 4,North,2,1,9
2,4,10,2,2022.743,1 4,North,2,1,9
2,4,10,6,2023.12,1 4,North,2,2,9
2,4,10,1,2023.397,1 4,West,2,2,9
2,4,10,1,2024.229,1 4,South,2,2,9
2,4,10,2,2024.865,2 4,South,2,2,9
2,4,10,2,2025.395,3 4,South,2,2,9
2,4,10,2,2025.971,4 4,South,2,2,9
2,4,10,3,2026.53,4 4,West,2,2,9
2,4,10,2,2027.117,4 3,West,2,2,9
2,4,10,2,2027.773,4 2,West,2,2,9
2,4,10,2,2028.495,4 2,West,2,2,10
2,4,10,3,2028.991,4 2,North,2,2,10
2,4,10,2,2029.599,3 2,North,2,2,10
2,4,10,1,2030.64,3 2,West,2,2,10
2,4,10,2,2031.248,3 1,West,2,2,10
2,4,10,1,2031.858,3 1,South,2,2,10
2,4,10,2,2032.51,3 1,South,2,2,11
2,4,10,3,2037.25,3 1,West,2,2,11
2,4,10,3,2038.159,3 1,North,2,2,11
2,4,10,2,2038.704,2 1,North,2,2,11
2,4,10,2,2039.378,1 1,North,2,2,11
2,4,10,1,2039.989,1 1,West,2,2,11
2,4,10,2,2040.533,1 0,West,2,2,11
2,4,10,1,2041.091,1 0,South,2,2,11
2,4,10,2,2041.712,2 0,South,2,2,11
2,4,10,2,2042.326,3 0,South,2,2,11
2,4,10,2,2042.961,4 0,South,2,2,11
2,4,10,1,2043.52,4 0,East,2,2,11
2,4,10,2,2044.083,4 1,East,2,2,11
2,4,10,6,2044.5,4 1,East,2,3,11
2,4,10,1,2044.627,4 1,North,2,3,11
2,4,10,1,2045.197,4 1,West,2,3,11
2,4,10,2,2045.811,4 0,West,2,3,11
2,4,10,3,2046.399,4 0,North,2,3,11
2,4,10,2,2046.943,3 0,North,2,3,11
2,4,10,2,2047.477,2 0,North,2,3,11
2,4,10,2,2048.34,1 0,North,2,3,11
2,4,10,3,2049.103,1 0,East,2,3,11
2,4,10,2,2049.635,1 1,East,2,3,11
2,4,10,2,2051.438,1 1,East,2,3,12
2,4,10,1,2051.905,1 1,North,2,3,12
2,4,10,3,2052.545,1 1,East,2,3,12
2,4,10,3,2053.135,1 1,South,2,3,12
2,4,10,1,2054.066,1 1,East,2,3,12
2,4,10,1,2055.854,1 1,North,2,3,12
2,4,10,2,2056.609,1 1,North,2,3,13
2,4,10,3,2057.106,1 1,East,2,3,13
2,4,10,3,2058.032,1 1,South,2,3,13
2,4,10,2,2058.639,2 1,South,2,3,13
2,4,10,1,2059.474,2 1,East,2,3,13
2,4,10,2,2060.022,2 1,East,2,3,14
2,4,10,3,2060.727,2 1,South,2,3,14
2,4,10,2,2061.313,3 1,South,2,3,14
2,4,10,1,2061.844,3 1,East,2,3,14
2,4,10,2,2062.432,3 2,East,2,3,14
2,4,10,1,2062.98,3 2,North,2,3,14
2,4,10,2,2063.538,3 2,North,2,3,15
2,4,10,3,2064.241,3 2,East,2,3,15
2,4,10,3,2064.798,3 2,South,2,3,15
2,4,10,2,2065.38,4 2,South,2,3,15
2,4,10,1,2066.179,4 2,East,2,3,15
2,4,10,2,2066.829,4 3,East,2,3,15
2,4,10,2,2067.395,4 4,East,2,3,15
2,4,10,1,2067.971,4 4,North,2,3,15
2,4,10,2,2068.622,3 4,North,2,3,15
2,4,10,2,2069.198,2 4,North,2,3,15
2,4,10,2,2069.984,1 4,North,2,3,15
2,4,10,1,2070.513,1 4,West,2,3,15
2,4,10,2,2071.109,1 3,West,2,3,15
2,4,10,1,2071.667,1 3,South,2,3,15
2,4,10,2,2072.272,2 3,South,2,3,15
2,4,10,3,2072.802,2 3,West,2,3,15
2,4,10,2,2073.379,2 2,West,2,3,15
2,4,10,3,2073.956,2 2,North,2,3,15
2,4,10,2,2074.535,1 2,North,2,3,15
2,4,10,6,2074.92,1 2,North,2,4,15
2,4,10,3,2075.174,1 2,East,2,4,15
2,4,10,3,2075.728,1 2,South,2,4,15
2,4,10,2,2076.356,2 2,South,2,4,15
2,4,10,1,2076.93,2 2,East,2,4,15
2,4,10,2,2077.472,2 3,East,2,4,15
2,4,10,1,2078.032,2 3,North,2,4,15
2,4,10,2,2078.961,1 3,North,2,4,15
2,4,10,3,2079.553,1 3,East,2,4,15
2,4,10,2,2080.156,1 4,East,2,4,15
2,4,10,1,2080.694,1 4,North,2,4,15
2,4,10,2,2081.309,0 4,North,2,4,15
2,4,10,1,2081.86,0 4,West,2,4,15
2,4,10,2,2082.426,0 3,West,2,4,15
2,4,10,6,2082.84,0 3,West,2,5,15
2,4,10,1,2082.942,0 3,South,2,5,15
2,4,10,1,2083.519,0 3,East,2,5,15
2,4,10,2,2084.084,0 4,East,2,5,15
2,4,10,3,2084.625,0 4,South,2,5,15
2,4,10,2,2085.152,1 4,South,2,5,15
2,4,10,2,2086.272,2 4,South,2,5,15
2,4,10,2,2086.914,3 4,South,2,5,15
2,4,10,6,2087.28,3 4,South,2,6,15
2,4,10,3,2087.472,3 4,West,2,6,15
2,4,10,3,2087.999,3 4,North,2,6,15
2,4,10,1,2089.25,3 4,West,2,6,15
2,4,10,3,2089.808,3 4,North,2,6,15
2,4,10,1,2090.349,3 4,West,2,6,15
2,4,10,1,2091.517,3 4,South,2,6,15
2,4,10,2,2092.16,4 4,South,2,6,15
2,4,10,3,2092.703,4 4,West,2,6,15
2,4,10,2,2093.646,4 3,West,2,6,15
2,4,10,2,2094.222,4 2,West,2,6,15
2,4,10,2,2094.816,4 2,West,2,6,16
2,4,10,3,2095.346,4 2,North,2,6,16
2,4,10,2,2095.87,3 2,North,2,6,16
2,4,10,1,2096.59,3 2,West,2,6,16
2,4,10,2,2097.158,3 1,West,2,6,16
2,4,10,3,2097.715,3 1,North,2,6,16
2,4,10,2,2098.259,2 1,North,2,6,16
2,4,10,2,2098.819,1 1,North,2,6,16
2,4,10,1,2099.41,1 1,West,2,6,16
2,4,10,2,2099.966,1 0,West,2,6,16
2,4,10,1,2100.543,1 0,South,2,6,16
2,4,10,2,2101.109,2 0,South,2,6,16
2,4,10,6,2101.48,2 0,South,2,7,16
2,4,10,1,2101.684,2 0,East,2,7,16
2,4,10,3,2102.197,2 0,South,2,7,16
2,4,10,2,2102.815,3 0,South,2,7,16
2,4,10,6,2103.2,3 0,South,2,8,16
0,4,11,1,2126.947,4 4,West,2,0,16
0,4,11,2,2127.588,4 3,West,2,0,16
0,4,11,6,2128,4 3,West,2,1,16
0,4,11,3,2128.276,4 3,North,2,1,16
0,4,11,1,2129.029,4 3,West,2,1,16
0,4,11,2,2129.647,4 2,West,2,1,16
0,4,11,3,2130.275,4 2,North,2,1,16
0,4,11,2,2130.846,3 2,North,2,1,16
0,4,11,1,2131.409,3 2,West,2,1,16
0,4,11,2,2132.004,3 1,West,2,1,16
0,4,11,3,2132.535,3 1,North,2,1,16
0,4,11,2,2133.093,2 1,North,2,1,16
0,4,11,1,2133.652,2 1,West,2,1,16
0,4,11,3,2134.223,2 1,North,2,1,16
0,4,11,2,2134.806,1 1,North,2,1,16
0,4,11,1,2135.317,1 1,West,2,1,16
0,4,11,2,2135.891,1 0,West,2,1,16
0,4,11,1,2136.417,1 0,South,2,1,16
0,4,11,2,2137.026,2 0,South,2,1,16
0,4,11,6,2137.4,2 0,South,2,2,16
0,4,11,2,2137.794,3 0,South,2,2,16
0,4,11,1,2138.414,3 0,East,2,2,16
0,4,11,1,2138.948,3 0,North,2,2,16
0,4,11,2,2139.493,2 0,North,2,2,16
0,4,11,2,2140.078,1 0,North,2,2,16
0,4,11,3,2140.595,1 0,East,2,2,16
0,4,11,2,2141.141,1 1,East,2,2,16
0,4,11,3,2141.745,1 1,South,2,2,16
0,4,11,2,2142.293,2 1,South,2,2,16
0,4,11,2,2142.838,3 1,South,2,2,16
0,4,11,1,2143.363,3 1,East,2,2,16
0,4,11,2,2143.935,3 2,East,2,2,16
0,4,11,3,2144.484,3 2,South,2,2,16
0,4,11,2,2145.078,4 2,South,2,2,16
0,4,11,1,2145.614,4 2,East,2,2,16
0,4,11,1,2146.148,4 2,North,2,2,16
0,4,11,3,2147.104,4 2,East,2,2,16
0,4,11,2,2147.65,4 3,East,2,2,16
0,4,11,2,2148.212,4 4,East,2,2,16
0,4,11,1,2149.149,4 4,North,2,2,16
0,4,11,2,2149.761,3 4,North,2,2,16
0,4,11,2,2150.277,2 4,North,2,2,16
0,4,11,2,2150.863,1 4,North,2,2,16
0,4,11,1,2151.551,1 4,West,2,2,16
0,4,11,2,2152.133,1 3,West,2,2,16
0,4,11,6,2152.54,1 3,West,2,3,16
0,4,11,1,2152.675,1 3,South,2,3,16
0,4,11,2,2153.217,2 3,South,2,3,16
0,4,11,3,2153.727,2 3,West,2,3,16
0,4,11,2,2154.303,2 2,West,2,3,16
0,4,11,3,2154.877,2 2,North,2,3,16
0,4,11,2,2155.407,1 2,North,2,3,16
0,4,11,2,2155.972,0 2,North,2,3,16
0,4,11,1,2156.527,0 2,West,2,3,16
0,4,11,2,2157.119,0 1,West,2,3,16
0,4,11,6,2157.54,0 1,West,2,4,16
0,4,11,2,2157.925,0 0,West,2,4,16
0,4,11,1,2159.303,0 0,South,2,4,16
0,4,11,1,2159.857,0 0,East,2,4,16
0,4,11,2,2160.797,0 1,East,2,4,16
0,4,11,2,2161.429,0 2,East,2,4,16
0,4,11,3,2162.095,0 2,South,2,4,16
0,4,11,2,2162.813,1 2,South,2,4,16
0,4,11,2,2163.421,2 2,South,2,4,16
0,4,11,1,2163.95,2 2,East,2,4,16
0,4,11,2,2164.468,2 3,East,2,4,16
0,4,11,1,2165.427,2 3,North,2,4,16
0,4,11,2,2165.95,1 3,North,2,4,16
0,4,11,3,2166.817,1 3,East,2,4,16
0,4,11,2,2167.396,1 4,East,2,4,16
0,4,11,1,2167.938,1 4,North,2,4,16
0,4,11,1,2168.573,1 4,West,2,4,16
0,4,11,1,2169.174,1 4,South,2,4,16
0,4,11,2,2169.745,2 4,South,2,4,16
0,4,11,2,2170.373,3 4,South,2,4,16
0,4,11,2,2170.966,4 4,South,2,4,16
0,4,11,3,2171.508,4 4,West,2,4,16
0,4,11,2,2172.13,4 3,West,2,4,16
0,4,11,2,2172.692,4 2,West,2,4,16
0,4,11,3,2173.376,4 2,North,2,4,16
0,4,11,2,2174.004,3 2,North,2,4,16
0,4,11,3,2174.654,3 2,East,2,4,16
0,4,11,2,2175.237,3 3,East,2,4,16
0,4,11,6,2175.64,3 3,East,2,5,16
0,4,11,1,2176.103,3 3,North,2,5,16
0,4,11,1,2177.023,3 3,West,2,5,16
0,4,11,2,2177.635,3 2,West,2,5,16
0,4,11,2,2178.238,3 1,West,2,5,16
0,4,11,3,2178.784,3 1,North,2,5,16
0,4,11,2,2179.36,2 1,North,2,5,16
0,4,11,2,2179.974,1 1,North,2,5,16
0,4,11,1,2180.548,1 1,West,2,5,16
0,4,11,2,2181.122,1 0,West,2,5,16
0,4,11,1,2181.649,1 0,South,2,5,16
0,4,11,2,2182.276,2 0,South,2,5,16
0,4,11,2,2182.8,3 0,South,2,5,16
0,4,11,1,2183.669,3 0,East,2,5,16
0,4,11,1,2184.242,3 0,North,2,5,16
0,4,11,2,2184.899,2 0,North,2,5,16
0,4,11,2,2185.462,1 0,North,2,5,16
0,4,11,3,2186.461,1 0,East,2,5,16
0,4,11,2,2187.008,1 1,East,2,5,16
0,4,11,3,2187.62,1 1,South,2,5,16
0,4,11,2,2188.175,2 1,South,2,5,16
0,4,11,2,2188.694,3 1,South,2,5,16
0,4,11,1,2189.526,3 1,East,2,5,16
0,4,11,2,2190.148,3 2,East,2,5,16
0,4,11,3,2191.088,3 2,South,2,5,16
0,4,11,2,2191.742,4 2,South,2,5,16
0,4,11,1,2192.305,4 2,East,2,5,16
0,4,11,2,2192.877,4 3,East,2,5,16
0,4,11,2,2193.422,4 4,East,2,5,16
0,4,11,1,2193.936,4 4,North,2,5,16
0,4,11,2,2194.525,3 4,North,2,5,16
0,4,11,2,2195.061,2 4,North,2,5,16
0,4,11,2,2196.013,1 4,North,2,5,16
0,4,11,1,2196.527,1 4,West,2,5,16
0,4,11,2,2197.233,1 3,West,2,5,16
0,4,11,1,2198.246,1 3,South,2,5,16
0,4,11,2,2198.79,2 3,South,2,5,16
0,4,11,3,2199.67,2 3,West,2,5,16
0,4,11,2,2200.293,2 2,West,2,5,16
0,4,11,3,2201.126,2 2,North,2,5,16
0,4,11,2,2202.131,1 2,North,2,5,16
0,4,11,1,2202.671,1 2,West,2,5,16
0,4,11,3,2203.346,1 2,North,2,5,16
0,4,11,2,2203.934,0 2,North,2,5,16
0,4,11,1,2204.765,0 2,West,2,5,16
0,4,11,2,2205.363,0 1,West,2,5,16
0,4,11,2,2206.07,0 0,West,2,5,16
0,4,11,6,2206.48,0 0,West,2,6,16
0,4,11,1,2206.625,0 0,South,2,6,16
0,4,11,1,2207.392,0 0,East,2,6,16
0,4,11,1,2207.935,0 0,North,2,6,16
0,4,11,3,2208.463,0 0,East,2,6,16
0,4,11,2,2208.993,0 1,East,2,6,16
0,4,11,2,2209.565,0 2,East,2,6,16
0,4,11,3,2210.1,0 2,South,2,6,16
0,4,11,2,2210.656,1 2,South,2,6,16
0,4,11,2,2211.215,2 2,South,2,6,16
0,4,11,1,2212.093,2 2,East,2,6,16
0,4,11,2,2212.707,2 3,East,2,6,16
0,4,11,1,2213.28,2 3,North,2,6,16
0,4,11,2,2213.957,1 3,North,2,6,16
0,4,11,3,2214.549,1 3,East,2,6,16
0,4,11,2,2215.459,1 4,East,2,6,16
0,4,11,3,2216.16,1 4,South,2,6,16
0,4,11,2,2216.774,2 4,South,2,6,16
0,4,11,2,2217.297,3 4,South,2,6,16
0,4,11,2,2217.841,4 4,South,2,6,16
0,4,11,3,2218.373,4 4,West,2,6,16
0,4,11,2,2219.005,4 3,West,2,6,16
0,4,11,2,2219.597,4 2,West,2,6,16
0,4,11,3,2220.245,4 2,North,2,6,16
0,4,11,2,2220.915,3 2,North,2,6,16
0,4,11,6,2221.3,3 2,North,2,7,16
0,4,11,1,2221.455,3 2,West,2,7,16
0,4,11,2,2222.035,3 1,West,2,7,16
0,4,11,3,2222.563,3 1,North,2,7,16
0,4,11,2,2223.069,2 1,North,2,7,16
0,4,11,2,2223.617,1 1,North,2,7,16
0,4,11,1,2224.558,1 1,West,2,7,16
0,4,11,2,2225.11,1 0,West,2,7,16
0,4,11,1,2225.664,1 0,South,2,7,16
0,4,11,2,2226.225,2 0,South,2,7,16
0,4,11,1,2226.786,2 0,East,2,7,16
0,4,11,1,2227.33,2 0,North,2,7,16
0,4,11,2,2228.289,1 0,North,2,7,16
0,4,11,3,2228.948,1 0,East,2,7,16
0,4,11,2,2229.6,1 1,East,2,7,16
0,4,11,3,2230.157,1 1,South,2,7,16
0,4,11,2,2230.752,2 1,South,2,7,16
0,4,11,2,2231.298,3 1,South,2,7,16
0,4,11,1,2231.843,3 1,East,2,7,16
0,4,11,2,2232.398,3 2,East,2,7,16
0,4,11,3,2232.93,3 2,South,2,7,16
0,4,11,2,2233.457,4 2,South,2,7,16
0,4,11,6,2233.84,4 2,South,2,8,16
2,4,11,1,2244.129,4 4,West,2,0,0
2,4,11,2,2244.799,4 3,West,2,0,0
2,4,11,2,2245.325,4 2,West,2,0,0
2,4,11,3,2246.27,4 2,North,2,0,0
2,4,11,2,2247.235,3 2,North,2,0,0
2,4,11,3,2247.813,3 2,East,2,0,0
2,4,11,2,2248.323,3 3,East,2,0,0
2,4,11,6,2248.74,3 3,East,2,1,0
2,4,11,1,2248.851,3 3,North,2,1,0
2,4,11,1,2249.376,3 3,West,2,1,0
2,4,11,2,2249.922,3 2,West,2,1,0
2,4,11,3,2251.662,3 2,North,2,1,0
2,4,11,2,2252.259,3 2,North,2,1,1
2,4,11,1,2252.772,3 2,West,2,1,1
2,4,11,2,2253.344,3 1,West,2,1,1
2,4,11,3,2254.317,3 1,North,2,1,1
2,4,11,1,2256.239,3 1,West,2,1,1
2,4,11,1,2256.772,3 1,South,2,1,1
2,4,11,1,2257.425,3 1,East,2,1,1
2,4,11,2,2257.99,3 2,East,2,1,1
2,4,11,3,2258.51,3 2,South,2,1,1
2,4,11,2,2259.058,4 2,South,2,1,1
2,4,11,1,2259.889,4 2,East,2,1,1
2,4,11,2,2260.454,4 3,East,2,1,1
2,4,11,2,2261.375,4 4,East,2,1,1
2,4,11,1,2261.985,4 4,North,2,1,1
2,4,11,2,2262.591,3 4,North,2,1,1
2,4,11,2,2263.174,2 4,North,2,1,1
2,4,11,2,2263.728,1 4,North,2,1,1
2,4,11,1,2264.323,1 4,West,2,1,1
2,4,11,2,2264.879,1 3,West,2,1,1
2,4,11,1,2265.39,1 3,South,2,1,1
2,4,11,2,2265.967,2 3,South,2,1,1
2,4,11,3,2266.48,2 3,West,2,1,1
2,4,11,2,2267.038,2 2,West,2,1,1
2,4,11,3,2268.031,2 2,North,2,1,1
2,4,11,2,2268.562,1 2,North,2,1,1
2,4,11,1,2269.076,1 2,West,2,1,1
2,4,11,3,2270.257,1 2,North,2,1,1
2,4,11,2,2270.816,0 2,North,2,1,1
2,4,11,1,2271.374,0 2,West,2,1,1
2,4,11,2,2272.065,0 1,West,2,1,1
2,4,11,2,2272.661,0 0,West,2,1,1
2,4,11,6,2273.08,0 0,West,2,2,1
2,4,11,1,2273.261,0 0,South,2,2,1
2,4,11,1,2273.844,0 0,East,2,2,1
2,4,11,2,2274.381,0 1,East,2,2,1
2,4,11,2,2274.974,0 2,East,2,2,1
2,4,11,3,2275.542,0 2,South,2,2,1
2,4,11,2,2276.112,1 2,South,2,2,1
2,4,11,1,2276.629,1 2,East,2,2,1
2,4,11,2,2277.174,1 2,East,2,2,2
2,4,11,3,2277.72,1 2,South,2,2,2
2,4,11,2,2278.335,2 2,South,2,2,2
2,4,11,1,2278.903,2 2,East,2,2,2
2,4,11,2,2279.492,2 3,East,2,2,2
2,4,11,1,2280.018,2 3,North,2,2,2
2,4,11,2,2280.561,1 3,North,2,2,2
2,4,11,3,2281.151,1 3,East,2,2,2
2,4,11,2,2281.757,1 4,East,2,2,2
2,4,11,3,2282.383,1 4,South,2,2,2
2,4,11,2,2283.013,2 4,South,2,2,2
2,4,11,2,2283.602,3 4,South,2,2,2
2,4,11,3,2284.24,3 4,West,2,2,2
2,4,11,1,2284.851,3 4,South,2,2,2
2,4,11,2,2285.453,4 4,South,2,2,2
2,4,11,3,2286.061,4 4,West,2,2,2
2,4,11,2,2286.734,4 3,West,2,2,2
2,4,11,2,2287.317,4 2,West,2,2,2
2,4,11,3,2287.842,4 2,North,2,2,2
2,4,11,2,2288.398,3 2,North,2,2,2
2,4,11,6,2288.78,3 2,North,2,3,2
2,4,11,3,2288.948,3 2,East,2,3,2
2,4,11,1,2289.747,3 2,North,2,3,2
2,4,11,1,2290.58,3 2,West,2,3,2
2,4,11,3,2292.014,3 2,North,2,3,2
2,4,11,2,2292.896,3 2,North,2,3,3
2,4,11,1,2293.329,3 2,West,2,3,3
2,4,11,2,2293.838,3 1,West,2,3,3
2,4,11,3,2294.352,3 1,North,2,3,3
2,4,11,2,2294.931,2 1,North,2,3,3
2,4,11,1,2295.455,2 1,West,2,3,3
2,4,11,2,2295.988,2 1,West,2,3,4
2,4,11,3,2296.768,2 1,North,2,3,4
2,4,11,2,2297.743,1 1,North,2,3,4
2,4,11,1,2298.289,1 1,West,2,3,4
2,4,11,2,2298.852,1 0,West,2,3,4
2,4,11,1,2299.409,1 0,South,2,3,4
2,4,11,2,2300.021,2 0,South,2,3,4
2,4,11,6,2300.4,2 0,South,2,4,4
2,4,11,1,2300.673,2 0,East,2,4,4
2,4,11,1,2301.23,2 0,North,2,4,4
2,4,11,2,2302.849,1 0,North,2,4,4
2,4,11,3,2303.843,1 0,East,2,4,4
2,4,11,2,2304.435,1 1,East,2,4,4
2,4,11,1,2309.33,1 1,North,2,4,4
2,4,11,2,2309.92,1 1,North,2,4,5
2,4,11,3,2310.339,1 1,East,2,4,5
2,4,11,2,2310.919,1 1,East,2,4,6
2,4,11,3,2311.408,1 1,South,2,4,6
2,4,11,2,2311.938,2 1,South,2,4,6
2,4,11,1,2312.464,2 1,East,2,4,6
2,4,11,2,2313.031,2 1,East,2,4,7
2,4,11,3,2313.557,2 1,South,2,4,7
2,4,11,2,2314.183,3 1,South,2,4,7
2,4,11,1,2314.705,3 1,East,2,4,7
2,4,11,2,2315.235,3 2,East,2,4,7
2,4,11,3,2315.812,3 2,South,2,4,7
2,4,11,2,2316.432,4 2,South,2,4,7
2,4,11,1,2316.958,4 2,East,2,4,7
2,4,11,2,2317.504,4 3,East,2,4,7
2,4,11,2,2318.031,4 4,East,2,4,7
2,4,11,1,2318.542,4 4,North,2,4,7
2,4,11,2,2319.136,3 4,North,2,4,7
2,4,11,2,2319.682,2 4,North,2,4,7
2,4,11,2,2320.96,1 4,North,2,4,7
2,4,11,2,2321.534,0 4,North,2,4,7
2,4,11,1,2322.113,0 4,West,2,4,7
2,4,11,2,2322.786,0 3,West,2,4,7
2,4,11,2,2323.601,0 3,West,2,4,8
2,4,11,1,2324.13,0 3,South,2,4,8
2,4,11,1,2324.736,0 3,East,2,4,8
2,4,11,2,2325.313,0 4,East,2,4,8
2,4,11,3,2325.893,0 4,South,2,4,8
2,4,11,2,2326.447,1 4,South,2,4,8
2,4,11,3,2327.041,1 4,West,2,4,8
2,4,11,2,2327.696,1 3,West,2,4,8
2,4,11,1,2328.296,1 3,South,2,4,8
2,4,11,2,2328.851,2 3,South,2,4,8
2,4,11,3,2329.396,2 3,West,2,4,8
2,4,11,2,2330,2 2,West,2,4,8
2,4,11,3,2330.528,2 2,North,2,4,8
2,4,11,2,2331.106,1 2,North,2,4,8
2,4,11,2,2331.679,0 2,North,2,4,8
2,4,11,6,2332.06,0 2,North,2,5,8
2,4,11,1,2332.301,0 2,West,2,5,8
2,4,11,1,2332.95,0 2,South,2,5,8
2,4,11,2,2333.585,1 2,South,2,5,8
2,4,11,1,2334.158,1 2,East,2,5,8
2,4,11,3,2334.834,1 2,South,2,5,8
2,4,11,1,2335.52,1 2,East,2,5,8
2,4,11,2,2336.512,1 2,East,2,5,9
2,4,11,3,2336.976,1 2,South,2,5,9
2,4,11,2,2337.584,2 2,South,2,5,9
2,4,11,1,2338.114,2 2,East,2,5,9
2,4,11,2,2338.656,2 3,East,2,5,9
2,4,11,1,2339.666,2 3,North,2,5,9
2,4,11,2,2340.228,1 3,North,2,5,9
2,4,11,3,2340.772,1 3,East,2,5,9
2,4,11,2,2341.347,1 4,East,2,5,9
2,4,11,3,2341.906,1 4,South,2,5,9
2,4,11,2,2342.546,2 4,South,2,5,9
2,4,11,2,2343.493,3 4,South,2,5,9
2,4,11,2,2344.146,4 4,South,2,5,9
2,4,11,3,2344.756,4 4,West,2,5,9
2,4,11,2,2345.358,4 3,West,2,5,9
2,4,11,2,2345.92,4 2,West,2,5,9
2,4,11,2,2346.485,4 2,West,2,5,10
2,4,11,3,2346.965,4 2,North,2,5,10
2,4,11,2,2349.11,3 2,North,2,5,10
2,4,11,1,2349.879,3 2,West,2,5,10
2,4,11,2,2350.59,3 1,West,2,5,10
2,4,11,3,2351.117,3 1,North,2,5,10
2,4,11,2,2351.67,2 1,North,2,5,10
2,4,11,2,2352.19,1 1,North,2,5,10
2,4,11,1,2353.053,1 1,West,2,5,10
2,4,11,2,2353.647,1 0,West,2,5,10
2,4,11,6,2354.06,1 0,West,2,6,10
2,4,11,1,2354.325,1 0,South,2,6,10
2,4,11,1,2354.878,1 0,East,2,6,10
2,4,11,2,2355.427,1 1,East,2,6,10
2,4,11,3,2356.014,1 1,South,2,6,10
2,4,11,2,2356.579,2 1,South,2,6,10
2,4,11,1,2357.207,2 1,East,2,6,10
2,4,11,2,2357.776,2 1,East,2,6,11
2,4,11,3,2358.336,2 1,South,2,6,11
2,4,11,2,2358.914,3 1,South,2,6,11
2,4,11,1,2359.653,3 1,East,2,6,11
2,4,11,2,2360.447,3 2,East,2,6,11
2,4,11,1,2361.103,3 2,North,2,6,11
2,4,11,3,2362.11,3 2,East,2,6,11
2,4,11,2,2362.725,3 3,East,2,6,11
2,4,11,3,2363.649,3 3,South,2,6,11
2,4,11,2,2364.339,3 3,South,2,6,12
2,4,11,3,2364.885,3 3,West,2,6,12
2,4,11,2,2365.63,3 2,West,2,6,12
2,4,11,1,2366.19,3 2,South,2,6,12
2,4,11,2,2366.774,4 2,South,2,6,12
2,4,11,1,2367.701,4 2,East,2,6,12
2,4,11,2,2368.273,4 3,East,2,6,12
2,4,11,2,2368.861,4 4,East,2,6,12
2,4,11,1,2369.411,4 4,North,2,6,12
2,4,11,2,2370.183,3 4,North,2,6,12
2,4,11,2,2370.949,2 4,North,2,6,12
2,4,11,6,2371.32,2 4,North,2,7,12
2,4,11,1,2371.702,2 4,West,2,7,12
2,4,11,1,2372.319,2 4,South,2,7,12
2,4,11,2,2372.909,3 4,South,2,7,12
2,4,11,2,2373.509,4 4,South,2,7,12
2,4,11,3,2374.05,4 4,West,2,7,12
2,4,11,2,2374.741,4 3,West,2,7,12
2,4,11,2,2376.112,4 2,West,2,7,12
2,4,11,3,2376.816,4 2,North,2,7,12
2,4,11,2,2377.412,3 2,North,2,7,12
2,4,11,2,2378.16,3 2,North,2,7,13
2,4,11,1,2382.806,3 2,West,2,7,13
2,4,11,2,2383.663,3 1,West,2,7,13
2,4,11,3,2384.197,3 1,North,2,7,13
2,4,11,2,2384.853,2 1,North,2,7,13
2,4,11,3,2385.552,2 1,East,2,7,13
2,4,11,2,2386.223,2 1,East,2,7,14
2,4,11,1,2389.327,2 1,North,2,7,14
2,4,11,3,2390.114,2 1,East,2,7,14
2,4,11,3,2391.697,2 1,South,2,7,14
2,4,11,2,2392.255,3 1,South,2,7,14
2,4,11,1,2392.769,3 1,East,2,7,14
2,4,11,2,2393.406,3 2,East,2,7,14
2,4,11,1,2393.969,3 2,North,2,7,14
2,4,11,2,2394.676,3 2,North,2,7,15
2,4,11,3,2400.594,3 2,East,2,7,15
2,4,11,3,2401.565,3 2,South,2,7,15
2,4,11,2,2402.276,4 2,South,2,7,15
2,4,11,1,2402.863,4 2,East,2,7,15
2,4,11,2,2403.39,4 3,East,2,7,15
2,4,11,2,2403.927,4 4,East,2,7,15
2,4,11,1,2404.497,4 4,North,2,7,15
2,4,11,2,2405.109,3 4,North,2,7,15
2,4,11,2,2405.632,2 4,North,2,7,15
2,4,11,1,2406.205,2 4,West,2,7,15
2,4,11,3,2406.862,2 4,North,2,7,15
2,4,11,2,2407.431,1 4,North,2,7,15
2,4,11,1,2408.309,1 4,West,2,7,15
2,4,11,2,2408.849,1 3,West,2,7,15
2,4,11,1,2409.398,1 3,South,2,7,15
2,4,11,2,2409.966,2 3,South,2,7,15
2,4,11,3,2410.582,2 3,West,2,7,15
2,4,11,2,2411.198,2 2,West,2,7,15
2,4,11,6,2411.62,2 2,West,2,8,15
0,4,12,1,2417.267,4 4,West,2,0,15
0,4,12,2,2418.004,4 3,West,2,0,15
0,4,12,2,2418.818,4 2,West,2,0,15
0,4,12,3,2419.812,4 2,North,2,0,15
0,4,12,2,2420.481,3 2,North,2,0,15
0,4,12,3,2421.086,3 2,East,2,0,15
0,4,12,1,2421.638,3 2,North,2,0,15
0,4,12,1,2422.194,3 2,West,2,0,15
0,4,12,2,2422.806,3 1,West,2,0,15
0,4,12,3,2423.39,3 1,North,2,0,15
0,4,12,2,2424.047,2 1,North,2,0,15
0,4,12,2,2424.71,1 1,North,2,0,15
0,4,12,1,2425.348,1 1,West,2,0,15
0,4,12,2,2426.053,1 0,West,2,0,15
0,4,12,1,2426.672,1 0,South,2,0,15
0,4,12,2,2427.527,2 0,South,2,0,15
0,4,12,2,2428.383,3 0,South,2,0,15
0,4,12,1,2429.029,3 0,East,2,0,15
0,4,12,1,2429.602,3 0,North,2,0,15
0,4,12,2,2430.222,2 0,North,2,0,15
0,4,12,2,2430.93,1 0,North,2,0,15
0,4,12,3,2431.464,1 0,East,2,0,15
0,4,12,2,2432.135,1 1,East,2,0,15
0,4,12,3,2432.71,1 1,South,2,0,15
0,4,12,2,2433.265,2 1,South,2,0,15
0,4,12,2,2433.837,3 1,South,2,0,15
0,4,12,1,2434.402,3 1,East,2,0,15
0,4,12,2,2434.974,3 2,East,2,0,15
0,4,12,3,2435.809,3 2,South,2,0,15
0,4,12,2,2436.404,4 2,South,2,0,15
0,4,12,1,2436.975,4 2,East,2,0,15
0,4,12,2,2437.566,4 3,East,2,0,15
0,4,12,2,2438.099,4 4,East,2,0,15
0,4,12,1,2438.623,4 4,North,2,0,15
0,4,12,2,2439.185,3 4,North,2,0,15
0,4,12,2,2440.085,2 4,North,2,0,15
0,4,12,2,2440.677,1 4,North,2,0,15
0,4,12,1,2441.67,1 4,West,2,0,15
0,4,12,2,2442.479,1 3,West,2,0,15
0,4,12,1,2443.044,1 3,South,2,0,15
0,4,12,2,2443.639,2 3,South,2,0,15
0,4,12,3,2444.48,2 3,West,2,0,15
0,4,12,2,2445.139,2 2,West,2,0,15
0,4,12,6,2445.56,2 2,West,2,1,15
0,4,12,3,2445.862,2 2,North,2,1,15
0,4,12,2,2446.482,1 2,North,2,1,15
0,4,12,2,2447.143,0 2,North,2,1,15
0,4,12,1,2447.667,0 2,West,2,1,15
0,4,12,1,2448.238,0 2,South,2,1,15
0,4,12,2,2448.802,1 2,South,2,1,15
0,4,12,2,2449.378,2 2,South,2,1,15
0,4,12,1,2450.319,2 2,East,2,1,15
0,4,12,2,2450.882,2 3,East,2,1,15
0,4,12,1,2451.522,2 3,North,2,1,15
0,4,12,2,2452.141,1 3,North,2,1,15
0,4,12,3,2452.819,1 3,East,2,1,15
0,4,12,2,2453.492,1 4,East,2,1,15
0,4,12,1,2454.016,1 4,North,2,1,15
0,4,12,1,2454.659,1 4,West,2,1,15
0,4,12,1,2455.282,1 4,South,2,1,15
0,4,12,2,2455.905,2 4,South,2,1,15
0,4,12,2,2456.532,3 4,South,2,1,15
0,4,12,2,2457.074,4 4,South,2,1,15
0,4,12,3,2457.646,4 4,West,2,1,15
0,4,12,2,2458.286,4 3,West,2,1,15
0,4,12,2,2458.87,4 2,West,2,1,15
0,4,12,3,2459.414,4 2,North,2,1,15
0,4,12,2,2459.951,3 2,North,2,1,15
0,4,12,1,2460.581,3 2,West,2,1,15
0,4,12,2,2461.472,3 1,West,2,1,15
0,4,12,6,2461.88,3 1,West,2,2,15
0,4,12,1,2462.147,3 1,South,2,2,15
0,4,12,3,2462.815,3 1,West,2,2,15
0,4,12,3,2463.638,3 1,North,2,2,15
0,4,12,2,2464.182,2 1,North,2,2,15
0,4,12,2,2464.742,1 1,North,2,2,15
0,4,12,1,2465.622,1 1,West,2,2,15
0,4,12,2,2466.546,1 0,West,2,2,15
0,4,12,1,2467.149,1 0,South,2,2,15
0,4,12,2,2467.826,2 0,South,2,2,15
0,4,12,2,2468.35,3 0,South,2,2,15
0,4,12,1,2469.231,3 0,East,2,2,15
0,4,12,1,2469.889,3 0,North,2,2,15
0,4,12,2,2470.493,2 0,North,2,2,15
0,4,12,2,2471.153,1 0,North,2,2,15
0,4,12,3,2472.037,1 0,East,2,2,15
0,4,12,2,2472.688,1 1,East,2,2,15
0,4,12,3,2473.295,1 1,South,2,2,15
0,4,12,2,2473.907,2 1,South,2,2,15
0,4,12,2,2474.432,3 1,South,2,2,15
0,4,12,1,2475.31,3 1,East,2,2,15
0,4,12,2,2476.03,3 2,East,2,2,15
0,4,12,3,2476.607,3 2,South,2,2,15
0,4,12,2,2477.221,4 2,South,2,2,15
0,4,12,1,2477.814,4 2,East,2,2,15
0,4,12,2,2478.369,4 3,East,2,2,15
0,4,12,2,2478.893,4 4,East,2,2,15
0,4,12,1,2479.762,4 4,North,2,2,15
0,4,12,2,2480.354,3 4,North,2,2,15
0,4,12,2,2480.902,2 4,North,2,2,15
0,4,12,1,2481.502,2 4,West,2,2,15
0,4,12,3,2482.131,2 4,North,2,2,15
0,4,12,2,2482.706,1 4,North,2,2,15
0,4,12,2,2483.319,0 4,North,2,2,15
0,4,12,1,2483.854,0 4,West,2,2,15
0,4,12,2,2484.464,0 3,West,2,2,15
0,4,12,6,2484.88,0 3,West,2,3,15
0,4,12,1,2485.361,0 3,South,2,3,15
0,4,12,1,2485.955,0 3,East,2,3,15
0,4,12,2,2486.622,0 4,East,2,3,15
0,4,12,3,2487.174,0 4,South,2,3,15
0,4,12,2,2487.748,1 4,South,2,3,15
0,4,12,3,2488.386,1 4,West,2,3,15
0,4,12,2,2489.026,1 3,West,2,3,15
0,4,12,1,2489.601,1 3,South,2,3,15
0,4,12,2,2490.176,2 3,South,2,3,15
0,4,12,3,2491.011,2 3,West,2,3,15
0,4,12,2,2492.014,2 2,West,2,3,15
0,4,12,3,2492.558,2 2,North,2,3,15
0,4,12,2,2493.122,1 2,North,2,3,15
0,4,12,2,2493.668,0 2,North,2,3,15
0,4,12,1,2494.191,0 2,West,2,3,15
0,4,12,1,2494.773,0 2,South,2,3,15
0,4,12,2,2495.31,1 2,South,2,3,15
0,4,12,2,2495.826,2 2,South,2,3,15
0,4,12,1,2496.734,2 2,East,2,3,15
0,4,12,2,2497.251,2 3,East,2,3,15
0,4,12,1,2497.777,2 3,North,2,3,15
0,4,12,2,2498.655,1 3,North,2,3,15
0,4,12,3,2499.267,1 3,East,2,3,15
0,4,12,2,2499.857,1 4,East,2,3,15
0,4,12,3,2500.418,1 4,South,2,3,15
0,4,12,2,2500.96,2 4,South,2,3,15
0,4,12,2,2501.485,3 4,South,2,3,15
0,4,12,2,2502.449,4 4,South,2,3,15
0,4,12,3,2503.023,4 4,West,2,3,15
0,4,12,2,2503.585,4 3,West,2,3,15
0,4,12,2,2504.142,4 2,West,2,3,15
0,4,12,3,2504.992,4 2,North,2,3,15
0,4,12,2,2505.603,3 2,North,2,3,15
0,4,12,1,2506.13,3 2,West,2,3,15
0,4,12,2,2506.752,3 1,West,2,3,15
0,4,12,3,2507.269,3 1,North,2,3,15
0,4,12,2,2507.814,2 1,North,2,3,15
0,4,12,2,2508.371,1 1,North,2,3,15
0,4,12,1,2509.349,1 1,West,2,3,15
0,4,12,2,2510.162,1 0,West,2,3,15
0,4,12,1,2510.726,1 0,South,2,3,15
0,4,12,2,2511.438,2 0,South,2,3,15
0,4,12,2,2512.031,3 0,South,2,3,15
0,4,12,6,2512.4,3 0,South,2,4,15
0,4,12,1,2512.711,3 0,East,2,4,15
0,4,12,1,2513.36,3 0,North,2,4,15
0,4,12,2,2513.953,2 0,North,2,4,15
0,4,12,2,2514.918,1 0,North,2,4,15
0,4,12,3,2515.456,1 0,East,2,4,15
0,4,12,2,2516.033,1 1,East,2,4,15
0,4,12,3,2516.608,1 1,South,2,4,15
0,4,12,2,2517.202,2 1,South,2,4,15
0,4,12,2,2517.73,3 1,South,2,4,15
0,4,12,1,2518.321,3 1,East,2,4,15
0,4,12,2,2518.886,3 2,East,2,4,15
0,4,12,3,2519.422,3 2,South,2,4,15
0,4,12,2,2520.014,4 2,South,2,4,15
0,4,12,1,2520.531,4 2,East,2,4,15
0,4,12,2,2521.073,4 3,East,2,4,15
0,4,12,2,2522.098,4 4,East,2,4,15
0,4,12,1,2522.622,4 4,North,2,4,15
0,4,12,2,2523.175,3 4,North,2,4,15
0,4,12,2,2523.749,2 4,North,2,4,15
0,4,12,2,2524.351,1 4,North,2,4,15
0,4,12,1,2525.039,1 4,West,2,4,15
0,4,12,2,2525.781,1 3,West,2,4,15
0,4,12,1,2526.672,1 3,South,2,4,15
0,4,12,2,2527.312,2 3,South,2,4,15
0,4,12,3,2527.888,2 3,West,2,4,15
0,4,12,2,2528.481,2 2,West,2,4,15
0,4,12,3,2529.045,2 2,North,2,4,15
0,4,12,2,2529.621,1 2,North,2,4,15
0,4,12,2,2530.197,0 2,North,2,4,15
0,4,12,6,2530.58,0 2,North,2,5,15
0,4,12,1,2530.819,0 2,West,2,5,15
0,4,12,1,2531.377,0 2,South,2,5,15
0,4,12,2,2531.965,1 2,South,2,5,15
0,4,12,2,2532.495,2 2,South,2,5,15
0,4,12,1,2533.423,2 2,East,2,5,15
0,4,12,2,2533.969,2 3,East,2,5,15
0,4,12,1,2534.495,2 3,North,2,5,15
0,4,12,2,2535.391,1 3,North,2,5,15
0,4,12,3,2536.356,1 3,East,2,5,15
0,4,12,2,2536.944,1 4,East,2,5,15
0,4,12,1,2537.505,1 4,North,2,5,15
0,4,12,1,2538.351,1 4,West,2,5,15
0,4,12,1,2538.992,1 4,South,2,5,15
0,4,12,2,2539.622,2 4,South,2,5,15
0,4,12,2,2540.146,3 4,South,2,5,15
0,4,12,6,2540.52,3 4,South,2,6,15
0,4,12,2,2540.911,4 4,South,2,6,15
0,4,12,3,2541.425,4 4,West,2,6,15
0,4,12,2,2541.938,4 3,West,2,6,15
0,4,12,2,2542.481,4 2,West,2,6,15
0,4,12,3,2543.008,4 2,North,2,6,15
0,4,12,2,2543.526,3 2,North,2,6,15
0,4,12,3,2544.579,3 2,East,2,6,15
0,4,12,1,2545.521,3 2,North,2,6,15
0,4,12,1,2546.189,3 2,West,2,6,15
0,4,12,2,2546.949,3 1,West,2,6,15
0,4,12,3,2547.59,3 1,North,2,6,15
0,4,12,2,2548.146,2 1,North,2,6,15
0,4,12,2,2548.669,1 1,North,2,6,15
0,4,12,1,2549.536,1 1,West,2,6,15
0,4,12,1,2550.181,1 1,South,2,6,15
0,4,12,3,2550.943,1 1,West,2,6,15
0,4,12,2,2551.78,1 0,West,2,6,15
0,4,12,1,2552.355,1 0,South,2,6,15
0,4,12,2,2553.038,2 0,South,2,6,15
0,4,12,2,2553.618,3 0,South,2,6,15
0,4,12,1,2554.273,3 0,East,2,6,15
0,4,12,1,2554.893,3 0,North,2,6,15
0,4,12,2,2555.503,2 0,North,2,6,15
0,4,12,2,2556.047,1 0,North,2,6,15
0,4,12,3,2556.607,1 0,East,2,6,15
0,4,12,2,2557.185,1 1,East,2,6,15
0,4,12,3,2557.761,1 1,South,2,6,15
0,4,12,2,2558.307,2 1,South,2,6,15
0,4,12,2,2558.899,3 1,South,2,6,15
0,4,12,1,2559.438,3 1,East,2,6,15
0,4,12,2,2560.013,3 2,East,2,6,15
0,4,12,3,2560.629,3 2,South,2,6,15
0,4,12,2,2561.253,4 2,South,2,6,15
0,4,12,1,2561.876,4 2,East,2,6,15
0,4,12,2,2562.399,4 3,East,2,6,15
0,4,12,2,2562.932,4 4,East,2,6,15
0,4,12,1,2563.874,4 4,North,2,6,15
0,4,12,2,2564.495,3 4,North,2,6,15
0,4,12,2,2565.013,2 4,North,2,6,15
0,4,12,2,2565.984,1 4,North,2,6,15
0,4,12,1,2566.899,1 4,West,2,6,15
0,4,12,2,2567.51,1 3,West,2,6,15
0,4,12,1,2568.159,1 3,South,2,6,15
0,4,12,2,2568.942,2 3,South,2,6,15
0,4,12,6,2569.32,2 3,South,2,7,15
0,4,12,3,2569.604,2 3,West,2,7,15
0,4,12,2,2570.131,2 2,West,2,7,15
0,4,12,3,2570.723,2 2,North,2,7,15
0,4,12,2,2571.566,1 2,North,2,7,15
0,4,12,3,2572.159,1 2,East,2,7,15
0,4,12,3,2572.757,1 2,South,2,7,15
0,4,12,2,2573.35,2 2,South,2,7,15
0,4,12,1,2574.221,2 2,East,2,7,15
0,4,12,2,2574.864,2 3,East,2,7,15
0,4,12,1,2575.533,2 3,North,2,7,15
0,4,12,2,2576.579,1 3,North,2,7,15
0,4,12,2,2577.139,1 3,North,2,7,15
0,4,12,3,2577.521,1 3,East,2,7,15
0,4,12,2,2578.303,1 4,East,2,7,15
0,4,12,1,2578.903,1 4,North,2,7,15
0,4,12,2,2579.701,0 4,North,2,7,15
0,4,12,6,2580.08,0 4,North,2,8,15
2,4,12,1,2584.03,4 4,West,2,0,0
2,4,12,2,2586.485,4 3,West,2,0,0
2,4,12,2,2587.44,4 2,West,2,0,0
2,4,12,2,2588.015,4 2,West,2,0,1
2,4,12,3,2588.631,4 2,North,2,0,1
2,4,12,2,2589.152,3 2,North,2,0,1
2,4,12,1,2589.718,3 2,West,2,0,1
2,4,12,2,2590.383,3 1,West,2,0,1
2,4,12,3,2590.931,3 1,North,2,0,1
2,4,12,2,2591.533,2 1,North,2,0,1
2,4,12,2,2592.067,1 1,North,2,0,1
2,4,12,1,2592.61,1 1,West,2,0,1
2,4,12,2,2593.184,1 0,West,2,0,1
2,4,12,1,2593.734,1 0,South,2,0,1
2,4,12,2,2594.307,2 0,South,2,0,1
2,4,12,2,2594.92,3 0,South,2,0,1
2,4,12,6,2595.3,3 0,South,2,1,1
2,4,12,1,2595.489,3 0,East,2,1,1
2,4,12,1,2596.065,3 0,North,2,1,1
2,4,12,2,2597.054,2 0,North,2,1,1
2,4,12,2,2597.637,1 0,North,2,1,1
2,4,12,3,2598.175,1 0,East,2,1,1
2,4,12,2,2598.719,1 1,East,2,1,1
2,4,12,3,2599.287,1 1,South,2,1,1
2,4,12,2,2599.862,2 1,South,2,1,1
2,4,12,2,2600.407,3 1,South,2,1,1
2,4,12,1,2601.313,3 1,East,2,1,1
2,4,12,2,2601.838,3 2,East,2,1,1
2,4,12,3,2602.389,3 2,South,2,1,1
2,4,12,2,2602.981,4 2,South,2,1,1
2,4,12,1,2603.503,4 2,East,2,1,1
2,4,12,2,2604.096,4 3,East,2,1,1
2,4,12,2,2604.643,4 4,East,2,1,1
2,4,12,1,2605.509,4 4,North,2,1,1
2,4,12,2,2606.142,3 4,North,2,1,1
2,4,12,2,2606.961,2 4,North,2,1,1
2,4,12,2,2607.574,1 4,North,2,1,1
2,4,12,2,2608.13,0 4,North,2,1,1
2,4,12,1,2608.69,0 4,West,2,1,1
2,4,12,2,2609.235,0 3,West,2,1,1
2,4,12,6,2609.64,0 3,West,2,2,1
2,4,12,1,2610.175,0 3,South,2,2,1
2,4,12,1,2610.686,0 3,East,2,2,1
2,4,12,2,2611.409,0 4,East,2,2,1
2,4,12,3,2612.019,0 4,South,2,2,1
2,4,12,2,2612.672,1 4,South,2,2,1
2,4,12,2,2613.2,2 4,South,2,2,1
2,4,12,2,2613.718,3 4,South,2,2,1
2,4,12,6,2614.08,3 4,South,2,3,1
2,4,12,3,2614.239,3 4,West,2,3,1
2,4,12,3,2614.917,3 4,North,2,3,1
2,4,12,1,2616.276,3 4,West,2,3,1
2,4,12,3,2618.337,3 4,North,2,3,1
2,4,12,2,2618.967,2 4,North,2,3,1
2,4,12,2,2619.942,1 4,North,2,3,1
2,4,12,1,2620.607,1 4,West,2,3,1
2,4,12,2,2621.36,1 3,West,2,3,1
2,4,12,1,2621.941,1 3,South,2,3,1
2,4,12,2,2622.48,2 3,South,2,3,1
2,4,12,3,2623.089,2 3,West,2,3,1
2,4,12,2,2623.635,2 2,West,2,3,1
2,4,12,3,2624.214,2 2,North,2,3,1
2,4,12,2,2624.815,1 2,North,2,3,1
2,4,12,2,2625.359,0 2,North,2,3,1
2,4,12,1,2625.935,0 2,West,2,3,1
2,4,12,2,2626.5,0 1,West,2,3,1
2,4,12,6,2626.92,0 1,West,2,4,1
2,4,12,1,2627.109,0 1,South,2,4,1
2,4,12,1,2627.71,0 1,East,2,4,1
2,4,12,2,2628.292,0 2,East,2,4,1
2,4,12,3,2628.87,0 2,South,2,4,1
2,4,12,2,2629.393,1 2,South,2,4,1
2,4,12,1,2629.939,1 2,East,2,4,1
2,4,12,3,2632.614,1 2,South,2,4,1
2,4,12,2,2633.202,2 2,South,2,4,1
2,4,12,1,2633.764,2 2,East,2,4,1
2,4,12,2,2634.382,2 3,East,2,4,1
2,4,12,6,2634.78,2 3,East,2,5,1
2,4,12,1,2635.014,2 3,North,2,5,1
2,4,12,2,2636.143,1 3,North,2,5,1
2,4,12,3,2636.69,1 3,East,2,5,1
2,4,12,2,2637.255,1 4,East,2,5,1
2,4,12,1,2637.825,1 4,North,2,5,1
2,4,12,2,2638.471,0 4,North,2,5,1
2,4,12,6,2638.86,0 4,North,2,6,1
2,4,12,1,2639.108,0 4,West,2,6,1
2,4,12,1,2639.703,0 4,South,2,6,1
2,4,12,2,2640.405,1 4,South,2,6,1
2,4,12,2,2641.379,2 4,South,2,6,1
2,4,12,2,2642.004,3 4,South,2,6,1
2,4,12,2,2642.612,4 4,South,2,6,1
2,4,12,3,2643.222,4 4,West,2,6,1
2,4,12,2,2643.808,4 3,West,2,6,1
2,4,12,2,2644.4,4 2,West,2,6,1
2,4,12,2,2645.2,4 2,West,2,6,2
2,4,12,3,2645.701,4 2,North,2,6,2
2,4,12,2,2646.271,3 2,North,2,6,2
2,4,12,1,2646.917,3 2,West,2,6,2
2,4,12,2,2647.52,3 1,West,2,6,2
2,4,12,6,2647.94,3 1,West,2,7,2
2,4,12,3,2648.141,3 1,North,2,7,2
2,4,12,2,2648.719,2 1,North,2,7,2
2,4,12,6,2649.1,2 1,North,2,8,2
0,5,13,2,2734.18,3 4,North,3,0,2
0,5,13,6,2734.56,3 4,North,3,1,2
0,5,13,1,2734.945,3 4,West,3,1,2
0,5,13,1,2735.966,3 4,South,3,1,2
0,5,13,2,2736.574,4 4,South,3,1,2
0,5,13,3,2737.185,4 4,West,3,1,2
0,5,13,2,2737.926,4 3,West,3,1,2
0,5,13,2,2738.63,4 2,West,3,1,2
0,5,13,6,2739.04,4 2,West,3,2,2
0,5,13,3,2739.186,4 2,North,3,2,2
0,5,13,2,2739.825,3 2,North,3,2,2
0,5,13,1,2740.401,3 2,West,3,2,2
0,5,13,2,2740.992,3 1,West,3,2,2
0,5,13,2,2741.605,3 0,West,3,2,2
0,5,13,3,2742.482,3 0,North,3,2,2
0,5,13,2,2743.442,2 0,North,3,2,2
0,5,13,2,2744.063,1 0,North,3,2,2
0,5,13,3,2744.959,1 0,East,3,2,2
0,5,13,2,2745.79,1 1,East,3,2,2
0,5,13,3,2746.337,1 1,South,3,2,2
0,5,13,2,2747.091,2 1,South,3,2,2
0,5,13,1,2747.634,2 1,East,3,2,2
0,5,13,2,2748.238,2 2,East,3,2,2
0,5,13,1,2748.833,2 2,North,3,2,2
0,5,13,2,2749.52,1 2,North,3,2,2
0,5,13,1,2750.245,1 2,West,3,2,2
0,5,13,1,2751.062,1 2,South,3,2,2
0,5,13,3,2751.982,1 2,West,3,2,2
0,5,13,3,2752.722,1 2,North,3,2,2
0,5,13,1,2753.378,1 2,West,3,2,2
0,5,13,1,2754.054,1 2,South,3,2,2
0,5,13,2,2754.654,2 2,South,3,2,2
0,5,13,3,2755.266,2 2,West,3,2,2
0,5,13,2,2755.863,2 1,West,3,2,2
0,5,13,3,2756.416,2 1,North,3,2,2
0,5,13,2,2756.978,1 1,North,3,2,2
0,5,13,1,2757.589,1 1,West,3,2,2
0,5,13,2,2758.18,1 0,West,3,2,2
0,5,13,1,2758.771,1 0,South,3,2,2
0,5,13,2,2759.399,2 0,South,3,2,2
0,5,13,2,2760.085,3 0,South,3,2,2
0,5,13,1,2760.611,3 0,East,3,2,2
0,5,13,2,2761.206,3 1,East,3,2,2
0,5,13,2,2761.855,3 2,East,3,2,2
0,5,13,3,2762.733,3 2,South,3,2,2
0,5,13,2,2763.411,4 2,South,3,2,2
0,5,13,3,2763.99,4 2,West,3,2,2
0,5,13,1,2764.577,4 2,South,3,2,2
0,5,13,1,2765.149,4 2,East,3,2,2
0,5,13,2,2765.749,4 3,East,3,2,2
0,5,13,2,2766.351,4 4,East,3,2,2
0,5,13,1,2766.93,4 4,North,3,2,2
0,5,13,2,2767.693,3 4,North,3,2,2
0,5,13,1,2768.494,3 4,West,3,2,2
0,5,13,2,2769.599,3 3,West,3,2,2
0,5,13,6,2770.02,3 3,West,3,3,2
0,5,13,3,2770.224,3 3,North,3,3,2
0,5,13,2,2771.181,2 3,North,3,3,2
0,5,13,2,2771.813,1 3,North,3,3,2
0,5,13,2,2772.452,0 3,North,3,3,2
0,5,13,3,2773.061,0 3,East,3,3,2
0,5,13,2,2773.679,0 4,East,3,3,2
0,5,13,3,2774.247,0 4,South,3,3,2
0,5,13,2,2774.829,1 4,South,3,3,2
0,5,13,6,2775.2,1 4,South,3,4,2
0,5,13,3,2775.413,1 4,West,3,4,2
0,5,13,3,2776.014,1 4,North,3,4,2
0,5,13,2,2776.631,0 4,North,3,4,2
0,5,13,1,2777.314,0 4,West,3,4,2
0,5,13,2,2777.903,0 3,West,3,4,2
0,5,13,1,2778.438,0 3,South,3,4,2
0,5,13,2,2779.247,1 3,South,3,4,2
0,5,13,2,2779.966,2 3,South,3,4,2
0,5,13,2,2780.51,3 3,South,3,4,2
0,5,13,1,2781.472,3 3,East,3,4,2
0,5,13,2,2782.436,3 4,East,3,4,2
0,5,13,3,2783.027,3 4,South,3,4,2
0,5,13,2,2783.614,4 4,South,3,4,2
0,5,13,3,2784.212,4 4,West,3,4,2
0,5,13,2,2784.848,4 3,West,3,4,2
0,5,13,2,2785.571,4 2,West,3,4,2
0,5,13,3,2786.118,4 2,North,3,4,2
0,5,13,2,2786.692,3 2,North,3,4,2
0,5,13,1,2787.247,3 2,West,3,4,2
0,5,13,2,2787.856,3 1,West,3,4,2
0,5,13,2,2788.437,3 0,West,3,4,2
0,5,13,3,2789.045,3 0,North,3,4,2
0,5,13,2,2789.681,2 0,North,3,4,2
0,5,13,6,2790.06,2 0,North,3,5,2
0,5,13,2,2790.275,1 0,North,3,5,2
0,5,13,3,2791.19,1 0,East,3,5,2
0,5,13,2,2792.512,1 1,East,3,5,2
0,5,13,3,2793.028,1 1,South,3,5,2
0,5,13,2,2793.935,2 1,South,3,5,2
0,5,13,1,2794.479,2 1,East,3,5,2
0,5,13,2,2795.087,2 2,East,3,5,2
0,5,13,1,2795.615,2 2,North,3,5,2
0,5,13,2,2796.206,1 2,North,3,5,2
0,5,13,6,2796.58,1 2,North,3,6,2
0,5,13,2,2796.962,0 2,North,3,6,2
0,5,13,1,2797.81,0 2,West,3,6,2
0,5,13,2,2798.477,0 1,West,3,6,2
0,5,13,2,2799.077,0 0,West,3,6,2
0,5,13,6,2799.48,0 0,West,3,7,2
0,5,13,1,2800.145,0 0,South,3,7,2
0,5,13,1,2800.943,0 0,East,3,7,2
0,5,13,2,2801.776,0 1,East,3,7,2
0,5,13,2,2802.339,0 2,East,3,7,2
0,5,13,3,2802.868,0 2,South,3,7,2
0,5,13,2,2803.423,1 2,South,3,7,2
0,5,13,2,2804.259,2 2,South,3,7,2
0,5,13,6,2804.64,2 2,South,3,8,2
2,5,13,1,2809.073,4 4,West,3,0,0
2,5,13,2,2809.966,4 3,West,3,0,0
2,5,13,2,2810.512,4 2,West,3,0,0
2,5,13,2,2811.047,4 1,West,3,0,0
2,5,13,3,2811.633,4 1,North,3,0,0
2,5,13,2,2813.006,4 1,North,3,0,1
2,5,13,1,2813.493,4 1,West,3,0,1
2,5,13,2,2814.03,4 0,West,3,0,1
2,5,13,3,2814.56,4 0,North,3,0,1
2,5,13,2,2815.155,4 0,North,3,0,2
2,5,13,3,2815.663,4 0,East,3,0,2
2,5,13,2,2816.18,4 1,East,3,0,2
2,5,13,2,2816.726,4 2,East,3,0,2
2,5,13,1,2817.31,4 2,North,3,0,2
2,5,13,2,2817.889,3 2,North,3,0,2
2,5,13,1,2818.783,3 2,West,3,0,2
2,5,13,2,2820.734,3 1,West,3,0,2
2,5,13,3,2821.453,3 1,North,3,0,2
2,5,13,2,2822.287,3 1,North,3,0,3
2,5,13,1,2822.898,3 1,West,3,0,3
2,5,13,2,2823.571,3 0,West,3,0,3
2,5,13,3,2824.165,3 0,North,3,0,3
2,5,13,2,2825.03,2 0,North,3,0,3
2,5,13,2,2825.877,1 0,North,3,0,3
2,5,13,2,2826.864,1 0,North,3,0,4
2,5,13,3,2827.325,1 0,East,3,0,4
2,5,13,2,2827.855,1 1,East,3,0,4
2,5,13,1,2828.423,1 1,North,3,0,4
2,5,13,2,2829.077,1 1,North,3,0,5
2,5,13,3,2829.597,1 1,East,3,0,5
2,5,13,2,2830.162,1 1,East,3,0,6
2,5,13,3,2830.769,1 1,South,3,0,6
2,5,13,2,2831.36,2 1,South,3,0,6
2,5,13,1,2831.941,2 1,East,3,0,6
2,5,13,2,2832.646,2 2,East,3,0,6
2,5,13,1,2833.283,2 2,North,3,0,6
2,5,13,2,2834.372,1 2,North,3,0,6
2,5,13,2,2835.091,0 2,North,3,0,6
2,5,13,1,2835.679,0 2,West,3,0,6
2,5,13,2,2836.339,0 1,West,3,0,6
2,5,13,2,2836.925,0 0,West,3,0,6
2,5,13,6,2837.34,0 0,West,3,1,6
2,5,13,1,2837.487,0 0,South,3,1,6
2,5,13,1,2838.061,0 0,East,3,1,6
2,5,13,2,2838.606,0 1,East,3,1,6
2,5,13,2,2839.122,0 2,East,3,1,6
2,5,13,3,2839.718,0 2,South,3,1,6
2,5,13,2,2840.288,1 2,South,3,1,6
2,5,13,2,2840.912,2 2,South,3,1,6
2,5,13,6,2841.28,2 2,South,3,2,6
2,5,13,3,2841.649,2 2,West,3,2,6
2,5,13,2,2842.818,2 1,West,3,2,6
2,5,13,3,2843.378,2 1,North,3,2,6
2,5,13,2,2843.904,1 1,North,3,2,6
2,5,13,1,2844.469,1 1,West,3,2,6
2,5,13,2,2845.012,1 0,West,3,2,6
2,5,13,6,2845.42,1 0,West,3,3,6
2,5,13,1,2845.584,1 0,South,3,3,6
2,5,13,1,2846.325,1 0,East,3,3,6
2,5,13,2,2846.894,1 1,East,3,3,6
2,5,13,3,2847.493,1 1,South,3,3,6
2,5,13,2,2848.022,2 1,South,3,3,6
2,5,13,1,2848.562,2 1,East,3,3,6
2,5,13,2,2849.167,2 2,East,3,3,6
2,5,13,3,2849.892,2 2,South,3,3,6
2,5,13,2,2850.453,2 2,South,3,3,7
2,5,13,1,2851.187,2 2,East,3,3,7
2,5,13,2,2851.748,2 2,East,3,3,8
2,5,13,3,2852.35,2 2,South,3,3,8
2,5,13,3,2853.01,2 2,West,3,3,8
2,5,13,2,2853.552,2 1,West,3,3,8
2,5,13,1,2854.096,2 1,South,3,3,8
2,5,13,2,2854.677,2 1,South,3,3,9
2,5,13,3,2856.242,2 1,West,3,3,9
2,5,13,3,2857.284,2 1,North,3,3,9
2,5,13,3,2858.339,2 1,East,3,3,9
2,5,13,1,2860.934,2 1,North,3,3,9
2,5,13,2,2861.95,1 1,North,3,3,9
2,5,13,1,2862.513,1 1,West,3,3,9
2,5,13,2,2863.106,1 0,West,3,3,9
2,5,13,1,2863.666,1 0,South,3,3,9
2,5,13,2,2864.32,2 0,South,3,3,9
2,5,13,2,2864.932,3 0,South,3,3,9
2,5,13,2,2865.521,3 0,South,3,3,10
2,5,13,1,2866.07,3 0,East,3,3,10
2,5,13,2,2866.973,3 1,East,3,3,10
2,5,13,3,2867.6,3 1,South,3,3,10
2,5,13,2,2868.261,3 1,South,3,3,11
2,5,13,1,2868.722,3 1,East,3,3,11
2,5,13,2,2869.334,3 2,East,3,3,11
2,5,13,3,2870.032,3 2,South,3,3,11
2,5,13,2,2870.85,4 2,South,3,3,11
2,5,13,6,2871.22,4 2,South,3,4,11
2,5,13,1,2871.57,4 2,East,3,4,11
2,5,13,1,2872.115,4 2,North,3,4,11
2,5,13,3,2873.394,4 2,East,3,4,11
2,5,13,2,2873.973,4 3,East,3,4,11
2,5,13,2,2874.512,4 4,East,3,4,11
2,5,13,1,2875.027,4 4,North,3,4,11
2,5,13,2,2875.622,3 4,North,3,4,11
2,5,13,2,2876.175,3 4,North,3,4,12
2,5,13,3,2877.236,3 4,East,3,4,12
2,5,13,1,2877.766,3 4,North,3,4,12
2,5,13,1,2878.303,3 4,West,3,4,12
2,5,13,2,2878.853,3 3,West,3,4,12
2,5,13,3,2879.459,3 3,North,3,4,12
2,5,13,2,2880.055,2 3,North,3,4,12
2,5,13,2,2880.863,1 3,North,3,4,12
2,5,13,2,2881.535,0 3,North,3,4,12
2,5,13,6,2881.92,0 3,North,3,5,12
2,5,13,1,2882.271,0 3,West,3,5,12
2,5,13,1,2882.856,0 3,South,3,5,12
2,5,13,2,2883.377,1 3,South,3,5,12
2,5,13,3,2884.449,1 3,West,3,5,12
2,5,13,2,2885.026,1 3,West,3,5,13
2,5,13,1,2885.454,1 3,South,3,5,13
2,5,13,2,2886.023,2 3,South,3,5,13
2,5,13,2,2886.867,3 3,South,3,5,13
2,5,13,1,2887.458,3 3,East,3,5,13
2,5,13,2,2888.08,3 4,East,3,5,13
2,5,13,3,2888.627,3 4,South,3,5,13
2,5,13,2,2889.198,4 4,South,3,5,13
2,5,13,3,2889.727,4 4,West,3,5,13
2,5,13,2,2890.261,4 3,West,3,5,13
2,5,13,2,2890.853,4 2,West,3,5,13
2,5,13,3,2891.454,4 2,North,3,5,13
2,5,13,2,2891.986,3 2,North,3,5,13
2,5,13,2,2892.562,3 2,North,3,5,14
2,5,13,1,2893.333,3 2,West,3,5,14
2,5,13,2,2894.048,3 1,West,3,5,14
2,5,13,3,2894.63,3 1,North,3,5,14
2,5,13,2,2895.247,3 1,North,3,5,15
2,5,13,1,2896.848,3 1,West,3,5,15
2,5,13,2,2897.537,3 0,West,3,5,15
2,5,13,3,2898.142,3 0,North,3,5,15
2,5,13,2,2898.722,2 0,North,3,5,15
2,5,13,2,2899.248,1 0,North,3,5,15
2,5,13,3,2899.766,1 0,East,3,5,15
2,5,13,2,2900.318,1 1,East,3,5,15
2,5,13,3,2900.885,1 1,South,3,5,15
2,5,13,2,2901.413,2 1,South,3,5,15
2,5,13,1,2901.953,2 1,East,3,5,15
2,5,13,2,2902.51,2 2,East,3,5,15
2,5,13,1,2903.09,2 2,North,3,5,15
2,5,13,2,2903.639,1 2,North,3,5,15
2,5,13,6,2904.02,1 2,North,3,6,15
2,5,13,1,2904.192,1 2,West,3,6,15
2,5,13,1,2904.802,1 2,South,3,6,15
2,5,13,2,2905.376,2 2,South,3,6,15
2,5,13,3,2905.965,2 2,West,3,6,15
2,5,13,2,2906.543,2 1,West,3,6,15
2,5,13,3,2907.075,2 1,North,3,6,15
2,5,13,2,2907.616,1 1,North,3,6,15
2,5,13,1,2908.131,1 1,West,3,6,15
2,5,13,2,2908.725,1 0,West,3,6,15
2,5,13,1,2909.68,1 0,South,3,6,15
2,5,13,2,2910.262,2 0,South,3,6,15
2,5,13,2,2910.836,3 0,South,3,6,15
2,5,13,2,2911.421,3 0,South,3,6,16
2,5,13,1,2912.08,3 0,East,3,6,16
2,5,13,2,2912.645,3 1,East,3,6,16
2,5,13,3,2913.165,3 1,South,3,6,16
2,5,13,2,2913.729,3 1,South,3,6,17
2,5,13,1,2914.323,3 1,East,3,6,17
2,5,13,2,2914.935,3 2,East,3,6,17
2,5,13,3,2915.474,3 2,South,3,6,17
2,5,13,2,2916.021,4 2,South,3,6,17
2,5,13,3,2916.542,4 2,West,3,6,17
2,5,13,2,2917.185,4 1,West,3,6,17
2,5,13,6,2917.6,4 1,West,3,7,17
2,5,13,3,2917.764,4 1,North,3,7,17
2,5,13,3,2919.282,4 1,East,3,7,17
2,5,13,2,2921.055,4 2,East,3,7,17
2,5,13,1,2921.649,4 2,North,3,7,17
2,5,13,2,2922.161,3 2,North,3,7,17
2,5,13,1,2922.718,3 2,West,3,7,17
2,5,13,2,2923.294,3 1,West,3,7,17
2,5,13,3,2923.828,3 1,North,3,7,17
2,5,13,2,2924.372,3 1,North,3,7,18
2,5,13,3,2924.993,3 1,East,3,7,18
2,5,13,2,2925.541,3 2,East,3,7,18
2,5,13,2,2926.207,3 2,East,3,7,19
2,5,13,1,2926.661,3 2,North,3,7,19
2,5,13,2,2927.249,3 2,North,3,7,20
2,5,13,1,2927.908,3 2,West,3,7,20
2,5,13,1,2928.958,3 2,South,3,7,20
2,5,13,2,2929.893,4 2,South,3,7,20
2,5,13,3,2930.413,4 2,West,3,7,20
2,5,13,2,2931.015,4 1,West,3,7,20
2,5,13,3,2931.62,4 1,North,3,7,20
2,5,13,2,2932.213,4 1,North,3,7,21
2,5,13,1,2932.88,4 1,West,3,7,21
2,5,13,2,2933.552,4 0,West,3,7,21
2,5,13,3,2934.164,4 0,North,3,7,21
2,5,13,2,2934.768,4 0,North,3,7,22
2,5,13,3,2935.774,4 0,East,3,7,22
2,5,13,2,2936.599,4 1,East,3,7,22
2,5,13,2,2937.359,4 2,East,3,7,22
2,5,13,2,2938.004,4 3,East,3,7,22
2,5,13,2,2938.592,4 4,East,3,7,22
2,5,13,1,2939.103,4 4,North,3,7,22
2,5,13,2,2939.822,3 4,North,3,7,22
2,5,13,2,2940.438,3 4,North,3,7,23
2,5,13,1,2941.493,3 4,West,3,7,23
2,5,13,2,2942.784,3 3,West,3,7,23
2,5,13,3,2943.412,3 3,North,3,7,23
2,5,13,2,2943.987,2 3,North,3,7,23
2,5,13,2,2944.644,1 3,North,3,7,23
2,5,13,2,2945.285,0 3,North,3,7,23
2,5,13,1,2945.824,0 3,West,3,7,23
2,5,13,2,2946.419,0 3,West,3,7,24
2,5,13,1,2954.312,0 3,South,3,7,24
2,5,13,2,2955.077,1 3,South,3,7,24
2,5,13,3,2955.982,1 3,West,3,7,24
2,5,13,2,2956.837,1 3,West,3,7,25
2,5,13,1,2957.408,1 3,South,3,7,25
2,5,13,2,2957.951,2 3,South,3,7,25
2,5,13,3,2958.625,2 3,West,3,7,25
2,5,13,2,2959.271,2 3,West,3,7,26
2,5,13,1,2962.26,2 3,South,3,7,26
2,5,13,2,2962.945,3 3,South,3,7,26
2,5,13,3,2963.667,3 3,West,3,7,26
2,5,13,2,2964.478,3 3,West,3,7,27
2,5,13,1,2965.732,3 3,South,3,7,27
2,5,13,1,2966.32,3 3,East,3,7,27
2,5,13,2,2966.961,3 4,East,3,7,27
2,5,13,3,2967.559,3 4,South,3,7,27
2,5,13,2,2968.21,4 4,South,3,7,27
2,5,13,3,2968.818,4 4,West,3,7,27
2,5,13,2,2969.519,4 3,West,3,7,27
2,5,13,2,2970.181,4 2,West,3,7,27
2,5,13,3,2971.313,4 2,North,3,7,27
2,5,13,1,2973.685,4 2,West,3,7,27
2,5,13,3,2974.382,4 2,North,3,7,27
2,5,13,2,2975.075,3 2,North,3,7,27
2,5,13,1,2975.711,3 2,West,3,7,27
2,5,13,2,2976.288,3 1,West,3,7,27
2,5,13,3,2976.863,3 1,North,3,7,27
2,5,13,2,2977.44,3 1,North,3,7,28
2,5,13,1,2978.045,3 1,West,3,7,28
2,5,13,2,2978.638,3 0,West,3,7,28
2,5,13,3,2979.216,3 0,North,3,7,28
2,5,13,2,2979.777,2 0,North,3,7,28
2,5,13,2,2980.401,1 0,North,3,7,28
2,5,13,3,2980.977,1 0,East,3,7,28
2,5,13,2,2981.599,1 1,East,3,7,28
2,5,13,3,2982.177,1 1,South,3,7,28
2,5,13,2,2982.775,2 1,South,3,7,28
2,5,13,1,2983.351,2 1,East,3,7,28
2,5,13,2,2983.957,2 2,East,3,7,28
2,5,13,1,2984.528,2 2,North,3,7,28
2,5,13,2,2985.106,1 2,North,3,7,28
2,5,13,2,2985.694,0 2,North,3,7,28
2,5,13,6,2986.08,0 2,North,3,8,28
0,5,14,2,3001.538,3 4,North,3,0,28
0,5,14,1,3002.462,3 4,West,3,0,28
0,5,14,2,3003.058,3 3,West,3,0,28
0,5,14,1,3003.921,3 3,South,3,0,28
0,5,14,1,3004.591,3 3,East,3,0,28
0,5,14,2,3005.155,3 4,East,3,0,28
0,5,14,3,3005.776,3 4,South,3,0,28
0,5,14,2,3006.32,4 4,South,3,0,28
0,5,14,3,3006.958,4 4,West,3,0,28
0,5,14,2,3007.557,4 3,West,3,0,28
0,5,14,2,3008.146,4 2,West,3,0,28
0,5,14,2,3008.724,4 1,West,3,0,28
0,5,14,6,3009.14,4 1,West,3,1,28
0,5,14,3,3009.237,4 1,North,3,1,28
0,5,14,2,3010.001,4 1,North,3,1,28
0,5,14,3,3010.448,4 1,East,3,1,28
0,5,14,2,3010.964,4 2,East,3,1,28
0,5,14,1,3011.806,4 2,North,3,1,28
0,5,14,2,3012.752,3 2,North,3,1,28
0,5,14,1,3013.279,3 2,West,3,1,28
0,5,14,2,3014.241,3 1,West,3,1,28
0,5,14,2,3014.862,3 0,West,3,1,28
0,5,14,3,3015.525,3 0,North,3,1,28
0,5,14,2,3016.098,2 0,North,3,1,28
0,5,14,2,3016.678,1 0,North,3,1,28
0,5,14,3,3017.218,1 0,East,3,1,28
0,5,14,2,3017.856,1 1,East,3,1,28
0,5,14,3,3018.385,1 1,South,3,1,28
0,5,14,2,3018.967,2 1,South,3,1,28
0,5,14,1,3019.539,2 1,East,3,1,28
0,5,14,2,3020.113,2 2,East,3,1,28
0,5,14,1,3020.688,2 2,North,3,1,28
0,5,14,2,3021.319,1 2,North,3,1,28
0,5,14,2,3021.906,0 2,North,3,1,28
0,5,14,1,3022.453,0 2,West,3,1,28
0,5,14,1,3023.043,0 2,South,3,1,28
0,5,14,2,3023.621,1 2,South,3,1,28
0,5,14,2,3024.159,2 2,South,3,1,28
0,5,14,3,3025.15,2 2,West,3,1,28
0,5,14,2,3025.751,2 1,West,3,1,28
0,5,14,3,3026.326,2 1,North,3,1,28
0,5,14,2,3026.896,1 1,North,3,1,28
0,5,14,1,3027.458,1 1,West,3,1,28
0,5,14,2,3028.071,1 0,West,3,1,28
0,5,14,1,3028.592,1 0,South,3,1,28
0,5,14,2,3029.184,2 0,South,3,1,28
0,5,14,2,3029.759,3 0,South,3,1,28
0,5,14,1,3030.273,3 0,East,3,1,28
0,5,14,2,3030.894,3 1,East,3,1,28
0,5,14,2,3031.441,3 2,East,3,1,28
0,5,14,3,3031.951,3 2,South,3,1,28
0,5,14,2,3032.578,4 2,South,3,1,28
0,5,14,1,3033.154,4 2,East,3,1,28
0,5,14,2,3033.699,4 3,East,3,1,28
0,5,14,2,3034.288,4 4,East,3,1,28
0,5,14,1,3034.847,4 4,North,3,1,28
0,5,14,2,3035.416,3 4,North,3,1,28
0,5,14,1,3035.956,3 4,West,3,1,28
0,5,14,2,3036.549,3 3,West,3,1,28
0,5,14,3,3037.072,3 3,North,3,1,28
0,5,14,2,3037.616,2 3,North,3,1,28
0,5,14,2,3038.164,1 3,North,3,1,28
0,5,14,6,3038.54,1 3,North,3,2,28
0,5,14,2,3038.686,0 3,North,3,2,28
0,5,14,3,3039.697,0 3,East,3,2,28
0,5,14,2,3040.224,0 4,East,3,2,28
0,5,14,3,3040.8,0 4,South,3,2,28
0,5,14,3,3041.333,0 4,West,3,2,28
0,5,14,2,3041.906,0 3,West,3,2,28
0,5,14,1,3042.433,0 3,South,3,2,28
0,5,14,2,3042.999,1 3,South,3,2,28
0,5,14,2,3043.534,2 3,South,3,2,28
0,5,14,1,3044.146,2 3,East,3,2,28
0,5,14,3,3044.66,2 3,South,3,2,28
0,5,14,2,3045.236,3 3,South,3,2,28
0,5,14,1,3045.76,3 3,East,3,2,28
0,5,14,2,3046.304,3 4,East,3,2,28
0,5,14,3,3047.263,3 4,South,3,2,28
0,5,14,2,3047.813,4 4,South,3,2,28
0,5,14,3,3048.383,4 4,West,3,2,28
0,5,14,2,3048.943,4 3,West,3,2,28
0,5,14,2,3049.47,4 2,West,3,2,28
0,5,14,3,3050.385,4 2,North,3,2,28
0,5,14,2,3051.005,3 2,North,3,2,28
0,5,14,6,3051.4,3 2,North,3,3,28
0,5,14,1,3051.519,3 2,West,3,3,28
0,5,14,2,3052.129,3 1,West,3,3,28
0,5,14,2,3052.703,3 0,West,3,3,28
0,5,14,3,3053.237,3 0,North,3,3,28
0,5,14,2,3053.847,2 0,North,3,3,28
0,5,14,2,3054.547,1 0,North,3,3,28
0,5,14,6,3054.94,1 0,North,3,4,28
0,5,14,3,3055.571,1 0,East,3,4,28
0,5,14,2,3056.338,1 1,East,3,4,28
0,5,14,3,3057.182,1 1,South,3,4,28
0,5,14,2,3057.839,2 1,South,3,4,28
0,5,14,2,3058.414,2 1,South,3,4,28
0,5,14,1,3058.646,2 1,East,3,4,28
0,5,14,2,3059.282,2 2,East,3,4,28
0,5,14,1,3060.191,2 2,North,3,4,28
0,5,14,2,3060.802,1 2,North,3,4,28
0,5,14,1,3061.73,1 2,West,3,4,28
0,5,14,3,3062.357,1 2,North,3,4,28
0,5,14,2,3063.108,0 2,North,3,4,28
0,5,14,1,3063.622,0 2,West,3,4,28
0,5,14,1,3064.53,0 2,South,3,4,28
0,5,14,2,3065.199,1 2,South,3,4,28
0,5,14,2,3065.775,2 2,South,3,4,28
0,5,14,3,3066.352,2 2,West,3,4,28
0,5,14,2,3067.039,2 1,West,3,4,28
0,5,14,3,3068.095,2 1,North,3,4,28
0,5,14,2,3068.756,1 1,North,3,4,28
0,5,14,1,3069.299,1 1,West,3,4,28
0,5,14,2,3069.872,1 0,West,3,4,28
0,5,14,1,3070.767,1 0,South,3,4,28
0,5,14,2,3071.478,2 0,South,3,4,28
0,5,14,2,3072.069,3 0,South,3,4,28
0,5,14,1,3072.613,3 0,East,3,4,28
0,5,14,2,3073.266,3 1,East,3,4,28
0,5,14,6,3073.68,3 1,East,3,5,28
0,5,14,2,3073.911,3 2,East,3,5,28
0,5,14,3,3074.494,3 2,South,3,5,28
0,5,14,2,3075.149,4 2,South,3,5,28
0,5,14,3,3075.805,4 2,West,3,5,28
0,5,14,1,3076.387,4 2,South,3,5,28
0,5,14,1,3076.966,4 2,East,3,5,28
0,5,14,2,3077.555,4 3,East,3,5,28
0,5,14,2,3078.151,4 4,East,3,5,28
0,5,14,1,3078.719,4 4,North,3,5,28
0,5,14,2,3079.35,3 4,North,3,5,28
0,5,14,1,3080.287,3 4,West,3,5,28
0,5,14,2,3080.909,3 3,West,3,5,28
0,5,14,3,3081.533,3 3,North,3,5,28
0,5,14,2,3082.166,2 3,North,3,5,28
0,5,14,2,3082.752,1 3,North,3,5,28
0,5,14,2,3083.287,0 3,North,3,5,28
0,5,14,3,3084.259,0 3,East,3,5,28
0,5,14,2,3084.897,0 4,East,3,5,28
0,5,14,3,3085.536,0 4,South,3,5,28
0,5,14,3,3086.096,0 4,West,3,5,28
0,5,14,2,3086.757,0 3,West,3,5,28
0,5,14,1,3087.331,0 3,South,3,5,28
0,5,14,2,3088.069,1 3,South,3,5,28
0,5,14,2,3088.702,2 3,South,3,5,28
0,5,14,2,3089.285,3 3,South,3,5,28
0,5,14,1,3089.859,3 3,East,3,5,28
0,5,14,2,3090.469,3 4,East,3,5,28
0,5,14,3,3091.089,3 4,South,3,5,28
0,5,14,2,3091.63,4 4,South,3,5,28
0,5,14,3,3092.241,4 4,West,3,5,28
0,5,14,2,3092.783,4 3,West,3,5,28
0,5,14,2,3093.365,4 2,West,3,5,28
0,5,14,3,3093.887,4 2,North,3,5,28
0,5,14,2,3094.414,3 2,North,3,5,28
0,5,14,1,3095.333,3 2,West,3,5,28
0,5,14,2,3096.27,3 1,West,3,5,28
0,5,14,2,3096.894,3 0,West,3,5,28
0,5,14,3,3097.428,3 0,North,3,5,28
0,5,14,2,3098.018,2 0,North,3,5,28
0,5,14,2,3098.542,1 0,North,3,5,28
0,5,14,3,3099.054,1 0,East,3,5,28
0,5,14,2,3099.582,1 1,East,3,5,28
0,5,14,6,3100,1 1,East,3,6,28
0,5,14,3,3100.206,1 1,South,3,6,28
0,5,14,2,3100.815,2 1,South,3,6,28
0,5,14,6,3101.18,2 1,South,3,7,28
0,5,14,1,3101.368,2 1,East,3,7,28
0,5,14,2,3101.918,2 2,East,3,7,28
0,5,14,1,3102.465,2 2,North,3,7,28
0,5,14,2,3103.056,1 2,North,3,7,28
0,5,14,2,3103.65,0 2,North,3,7,28
0,5,14,1,3104.192,0 2,West,3,7,28
0,5,14,2,3104.734,0 1,West,3,7,28
0,5,14,6,3105.14,0 1,West,3,8,28
2,5,14,2,3108.212,3 4,North,3,0,0
2,5,14,2,3108.835,3 4,North,3,0,1
2,5,14,1,3109.442,3 4,West,3,0,1
2,5,14,2,3109.952,3 3,West,3,0,1
2,5,14,1,3111.986,3 3,South,3,0,1
2,5,14,1,3113.026,3 3,East,3,0,1
2,5,14,2,3113.629,3 4,East,3,0,1
2,5,14,3,3114.149,3 4,South,3,0,1
2,5,14,2,3114.701,4 4,South,3,0,1
2,5,14,3,3115.251,4 4,West,3,0,1
2,5,14,2,3115.827,4 3,West,3,0,1
2,5,14,2,3116.382,4 2,West,3,0,1
2,5,14,3,3116.973,4 2,North,3,0,1
2,5,14,2,3117.541,3 2,North,3,0,1
2,5,14,1,3118.119,3 2,West,3,0,1
2,5,14,2,3118.687,3 1,West,3,0,1
2,5,14,3,3119.221,3 1,North,3,0,1
2,5,14,2,3119.791,3 1,North,3,0,2
2,5,14,1,3120.302,3 1,West,3,0,2
2,5,14,2,3120.838,3 0,West,3,0,2
2,5,14,3,3121.358,3 0,North,3,0,2
2,5,14,2,3121.94,2 0,North,3,0,2
2,5,14,2,3122.466,1 0,North,3,0,2
2,5,14,3,3123.461,1 0,East,3,0,2
2,5,14,2,3124.034,1 1,East,3,0,2
2,5,14,6,3124.44,1 1,East,3,1,2
2,5,14,3,3124.547,1 1,South,3,1,2
2,5,14,2,3125.172,2 1,South,3,1,2
2,5,14,1,3126.26,2 1,East,3,1,2
2,5,14,2,3126.904,2 2,East,3,1,2
2,5,14,1,3127.616,2 2,North,3,1,2
2,5,14,1,3128.214,2 2,West,3,1,2
2,5,14,2,3128.736,2 1,West,3,1,2
2,5,14,3,3129.295,2 1,North,3,1,2
2,5,14,2,3129.887,1 1,North,3,1,2
2,5,14,1,3130.422,1 1,West,3,1,2
2,5,14,2,3131.026,1 0,West,3,1,2
2,5,14,1,3131.553,1 0,South,3,1,2
2,5,14,2,3132.144,2 0,South,3,1,2
2,5,14,2,3132.705,3 0,South,3,1,2
2,5,14,1,3133.262,3 0,East,3,1,2
2,5,14,2,3133.812,3 1,East,3,1,2
2,5,14,2,3134.342,3 2,East,3,1,2
2,5,14,6,3134.76,3 2,East,3,2,2
2,5,14,1,3135.027,3 2,North,3,2,2
2,5,14,3,3136.07,3 2,East,3,2,2
2,5,14,3,3137.351,3 2,South,3,2,2
2,5,14,2,3137.941,4 2,South,3,2,2
2,5,14,1,3138.48,4 2,East,3,2,2
2,5,14,2,3139.062,4 3,East,3,2,2
2,5,14,2,3139.599,4 4,East,3,2,2
2,5,14,1,3140.127,4 4,North,3,2,2
2,5,14,2,3140.702,3 4,North,3,2,2
2,5,14,1,3141.238,3 4,West,3,2,2
2,5,14,2,3141.767,3 3,West,3,2,2
2,5,14,3,3142.288,3 3,North,3,2,2
2,5,14,2,3142.833,2 3,North,3,2,2
2,5,14,3,3143.427,2 3,East,3,2,2
2,5,14,2,3143.971,2 3,East,3,2,3
2,5,14,1,3144.546,2 3,North,3,2,3
2,5,14,2,3145.119,1 3,North,3,2,3
2,5,14,6,3145.5,1 3,North,3,3,3
2,5,14,1,3145.825,1 3,West,3,3,3
2,5,14,1,3146.356,1 3,South,3,3,3
2,5,14,2,3147.28,2 3,South,3,3,3
2,5,14,2,3147.846,3 3,South,3,3,3
2,5,14,1,3148.371,3 3,East,3,3,3
2,5,14,2,3148.883,3 4,East,3,3,3
2,5,14,3,3149.44,3 4,South,3,3,3
2,5,14,2,3150.003,4 4,South,3,3,3
2,5,14,3,3150.561,4 4,West,3,3,3
2,5,14,2,3151.143,4 3,West,3,3,3
2,5,14,2,3151.715,4 2,West,3,3,3
2,5,14,2,3152.287,4 1,West,3,3,3
2,5,14,6,3152.7,4 1,West,3,4,3
2,5,14,3,3152.836,4 1,North,3,4,3
2,5,14,2,3153.458,4 1,North,3,4,4
2,5,14,3,3154.001,4 1,East,3,4,4
2,5,14,1,3154.629,4 1,North,3,4,4
2,5,14,1,3155.616,4 1,West,3,4,4
2,5,14,2,3156.183,4 0,West,3,4,4
2,5,14,3,3156.704,4 0,North,3,4,4
2,5,14,2,3157.27,4 0,North,3,4,5
2,5,14,3,3157.757,4 0,East,3,4,5
2,5,14,2,3158.302,4 1,East,3,4,5
2,5,14,2,3158.847,4 2,East,3,4,5
2,5,14,2,3159.541,4 3,East,3,4,5
2,5,14,1,3160.051,4 3,North,3,4,5
2,5,14,2,3161.15,4 3,North,3,4,6
2,5,14,1,3161.671,4 3,West,3,4,6
2,5,14,2,3162.243,4 2,West,3,4,6
2,5,14,3,3163.151,4 2,North,3,4,6
2,5,14,2,3163.823,3 2,North,3,4,6
2,5,14,1,3164.37,3 2,West,3,4,6
2,5,14,2,3165.008,3 1,West,3,4,6
2,5,14,3,3165.533,3 1,North,3,4,6
2,5,14,2,3166.192,3 1,North,3,4,7
2,5,14,1,3166.738,3 1,West,3,4,7
2,5,14,2,3167.36,3 0,West,3,4,7
2,5,14,3,3168.262,3 0,North,3,4,7
2,5,14,2,3168.846,2 0,North,3,4,7
2,5,14,2,3169.363,1 0,North,3,4,7
2,5,14,6,3169.74,1 0,North,3,5,7
2,5,14,3,3169.877,1 0,East,3,5,7
2,5,14,3,3170.512,1 0,South,3,5,7
2,5,14,2,3171.122,2 0,South,3,5,7
2,5,14,2,3171.698,3 0,South,3,5,7
2,5,14,1,3172.61,3 0,East,3,5,7
2,5,14,2,3173.375,3 1,East,3,5,7
2,5,14,6,3173.78,3 1,East,3,6,7
2,5,14,1,3174.031,3 1,North,3,6,7
2,5,14,3,3174.562,3 1,East,3,6,7
2,5,14,3,3175.552,3 1,South,3,6,7
2,5,14,2,3176.447,3 1,South,3,6,8
2,5,14,1,3176.917,3 1,East,3,6,8
2,5,14,1,3177.982,3 1,North,3,6,8
2,5,14,2,3178.595,3 1,North,3,6,9
2,5,14,1,3179.231,3 1,West,3,6,9
2,5,14,2,3179.854,3 0,West,3,6,9
2,5,14,1,3180.405,3 0,South,3,6,9
2,5,14,2,3181.04,3 0,South,3,6,10
2,5,14,1,3181.62,3 0,East,3,6,10
2,5,14,2,3182.192,3 1,East,3,6,10
2,5,14,3,3182.82,3 1,South,3,6,10
2,5,14,2,3183.462,3 1,South,3,6,11
2,5,14,1,3183.934,3 1,East,3,6,11
2,5,14,2,3184.518,3 2,East,3,6,11
2,5,14,2,3185.318,3 2,East,3,6,12
2,5,14,1,3185.841,3 2,North,3,6,12
2,5,14,2,3186.401,3 2,North,3,6,13
2,5,14,1,3186.853,3 2,West,3,6,13
2,5,14,2,3187.365,3 1,West,3,6,13
2,5,14,3,3187.91,3 1,North,3,6,13
2,5,14,2,3188.798,3 1,North,3,6,14
2,5,14,1,3194.4,3 1,West,3,6,14
2,5,14,2,3195.024,3 0,West,3,6,14
2,5,14,1,3195.554,3 0,South,3,6,14
2,5,14,2,3196.147,3 0,South,3,6,15
2,5,14,1,3197.149,3 0,East,3,6,15
2,5,14,1,3198.83,3 0,North,3,6,15
2,5,14,2,3199.441,2 0,North,3,6,15
2,5,14,3,3200.066,2 0,East,3,6,15
2,5,14,2,3200.752,2 0,East,3,6,16
2,5,14,1,3201.215,2 0,North,3,6,16
2,5,14,2,3201.794,1 0,North,3,6,16
2,5,14,3,3202.336,1 0,East,3,6,16
2,5,14,2,3202.927,1 1,East,3,6,16
2,5,14,3,3203.486,1 1,South,3,6,16
2,5,14,2,3204.053,2 1,South,3,6,16
2,5,14,1,3204.612,2 1,East,3,6,16
2,5,14,2,3205.184,2 2,East,3,6,16
2,5,14,3,3205.751,2 2,South,3,6,16
2,5,14,2,3206.291,2 2,South,3,6,17
2,5,14,1,3206.804,2 2,East,3,6,17
2,5,14,2,3207.726,2 2,East,3,6,18
2,5,14,1,3208.258,2 2,North,3,6,18
2,5,14,2,3209.07,1 2,North,3,6,18
2,5,14,3,3209.661,1 2,East,3,6,18
2,5,14,2,3210.562,1 2,East,3,6,19
2,5,14,1,3211.152,1 2,North,3,6,19
2,5,14,2,3211.885,0 2,North,3,6,19
2,5,14,1,3213.107,0 2,West,3,6,19
2,5,14,1,3213.65,0 2,South,3,6,19
2,5,14,2,3214.211,1 2,South,3,6,19
2,5,14,2,3214.768,2 2,South,3,6,19
2,5,14,3,3215.634,2 2,West,3,6,19
2,5,14,2,3216.254,2 1,West,3,6,19
2,5,14,3,3216.798,2 1,North,3,6,19
2,5,14,2,3217.315,1 1,North,3,6,19
2,5,14,1,3217.831,1 1,West,3,6,19
2,5,14,2,3218.405,1 0,West,3,6,19
2,5,14,1,3219.375,1 0,South,3,6,19
2,5,14,2,3219.939,2 0,South,3,6,19
2,5,14,2,3220.926,3 0,South,3,6,19
2,5,14,2,3221.797,3 0,South,3,6,20
2,5,14,1,3223.121,3 0,East,3,6,20
2,5,14,2,3223.712,3 1,East,3,6,20
2,5,14,3,3224.224,3 1,South,3,6,20
2,5,14,2,3224.872,3 1,South,3,6,21
2,5,14,1,3225.378,3 1,East,3,6,21
2,5,14,2,3225.971,3 2,East,3,6,21
2,5,14,3,3226.753,3 2,South,3,6,21
2,5,14,2,3227.487,4 2,South,3,6,21
2,5,14,1,3228.112,4 2,East,3,6,21
2,5,14,2,3228.776,4 3,East,3,6,21
2,5,14,2,3229.344,4 4,East,3,6,21
2,5,14,1,3230.327,4 4,North,3,6,21
2,5,14,2,3230.912,3 4,North,3,6,21
2,5,14,2,3231.798,3 4,North,3,6,22
2,5,14,1,3232.326,3 4,West,3,6,22
2,5,14,2,3232.927,3 3,West,3,6,22
2,5,14,3,3233.475,3 3,North,3,6,22
2,5,14,2,3234.08,2 3,North,3,6,22
2,5,14,3,3234.641,2 3,East,3,6,22
2,5,14,2,3235.155,2 3,East,3,6,23
2,5,14,1,3235.773,2 3,North,3,6,23
2,5,14,2,3236.402,1 3,North,3,6,23
2,5,14,3,3236.917,1 3,East,3,6,23
2,5,14,2,3237.444,1 3,East,3,6,24
2,5,14,1,3241.717,1 3,North,3,6,24
2,5,14,1,3242.661,1 3,West,3,6,24
2,5,14,2,3243.234,1 3,West,3,6,25
2,5,14,1,3243.718,1 3,South,3,6,25
2,5,14,2,3244.259,2 3,South,3,6,25
2,5,14,3,3244.819,2 3,West,3,6,25
2,5,14,2,3246.528,2 3,West,3,6,26
2,5,14,1,3246.974,2 3,South,3,6,26
2,5,14,1,3252.163,2 3,East,3,6,26
2,5,14,2,3255.479,2 3,East,3,6,27
2,5,14,1,3256.447,2 3,North,3,6,27
2,5,14,2,3266.593,1 3,North,3,6,27
2,5,14,3,3267.231,1 3,East,3,6,27
2,5,14,2,3268.015,1 3,East,3,6,28
2,5,14,3,3271.059,1 3,South,3,6,28
2,5,14,2,3271.922,2 3,South,3,6,28
2,5,14,3,3272.45,2 3,West,3,6,28
2,5,14,2,3273.412,2 3,West,3,6,29
2,5,14,1,3274.162,2 3,South,3,6,29
2,5,14,1,3274.72,2 3,East,3,6,29
2,5,14,3,3276.526,2 3,South,3,6,29
2,5,14,2,3277.318,3 3,South,3,6,29
2,5,14,1,3277.892,3 3,East,3,6,29
2,5,14,3,3279.681,3 3,South,3,6,29
2,5,14,2,3280.468,3 3,South,3,6,30
2,5,14,1,3280.997,3 3,East,3,6,30
2,5,14,2,3281.621,3 4,East,3,6,30
2,5,14,1,3282.143,3 4,North,3,6,30
2,5,14,1,3284.819,3 4,West,3,6,30
2,5,14,2,3285.446,3 3,West,3,6,30
2,5,14,3,3286.101,3 3,North,3,6,30
2,5,14,2,3286.638,2 3,North,3,6,30
2,5,14,3,3287.235,2 3,East,3,6,30
2,5,14,2,3287.838,2 3,East,3,6,31
2,5,14,1,3288.434,2 3,North,3,6,31
2,5,14,2,3289.026,1 3,North,3,6,31
2,5,14,3,3290.007,1 3,East,3,6,31
2,5,14,2,3290.58,1 3,East,3,6,32
2,5,14,1,3291.108,1 3,North,3,6,32
2,5,14,2,3291.813,0 3,North,3,6,32
2,5,14,3,3292.866,0 3,East,3,6,32
2,5,14,2,3293.55,0 4,East,3,6,32
2,5,14,3,3294.21,0 4,South,3,6,32
2,5,14,2,3294.784,1 4,South,3,6,32
2,5,14,6,3295.16,1 4,South,3,7,32
2,5,14,3,3295.331,1 4,West,3,7,32
2,5,14,3,3295.863,1 4,North,3,7,32
2,5,14,2,3296.419,0 4,North,3,7,32
2,5,14,1,3296.931,0 4,West,3,7,32
2,5,14,2,3297.543,0 3,West,3,7,32
2,5,14,1,3298.129,0 3,South,3,7,32
2,5,14,2,3298.71,1 3,South,3,7,32
2,5,14,2,3299.25,2 3,South,3,7,32
2,5,14,1,3299.779,2 3,East,3,7,32
2,5,14,2,3300.352,2 3,East,3,7,33
2,5,14,3,3300.93,2 3,South,3,7,33
2,5,14,2,3301.586,3 3,South,3,7,33
2,5,14,1,3302.111,3 3,East,3,7,33
2,5,14,2,3302.706,3 4,East,3,7,33
2,5,14,3,3303.294,3 4,South,3,7,33
2,5,14,2,3303.858,4 4,South,3,7,33
2,5,14,3,3304.449,4 4,West,3,7,33
2,5,14,2,3305.092,4 3,West,3,7,33
2,5,14,2,3305.671,4 2,West,3,7,33
2,5,14,2,3310.487,4 1,West,3,7,33
2,5,14,2,3311.007,4 0,West,3,7,33
2,5,14,3,3311.607,4 0,North,3,7,33
2,5,14,2,3312.241,4 0,North,3,7,34
2,5,14,3,3312.807,4 0,East,3,7,34
2,5,14,2,3313.362,4 1,East,3,7,34
2,5,14,1,3313.935,4 1,North,3,7,34
2,5,14,2,3314.544,4 1,North,3,7,35
2,5,14,3,3315.123,4 1,East,3,7,35
2,5,14,2,3315.713,4 2,East,3,7,35
2,5,14,1,3316.286,4 2,North,3,7,35
2,5,14,2,3316.883,3 2,North,3,7,35
2,5,14,1,3317.422,3 2,West,3,7,35
2,5,14,2,3318,3 1,West,3,7,35
2,5,14,2,3318.678,3 0,West,3,7,35
2,5,14,6,3319.1,3 0,West,3,8,35
0,5,15,2,3329.903,3 4,North,3,0,35
0,5,15,1,3330.437,3 4,West,3,0,35
0,5,15,2,3330.976,3 3,West,3,0,35
0,5,15,3,3331.854,3 3,North,3,0,35
0,5,15,2,3332.707,2 3,North,3,0,35
0,5,15,2,3333.245,1 3,North,3,0,35
0,5,15,2,3333.791,0 3,North,3,0,35
0,5,15,3,3334.343,0 3,East,3,0,35
0,5,15,2,3334.894,0 4,East,3,0,35
0,5,15,3,3335.458,0 4,South,3,0,35
0,5,15,3,3335.983,0 4,West,3,0,35
0,5,15,2,3336.53,0 3,West,3,0,35
0,5,15,1,3337.086,0 3,South,3,0,35
0,5,15,2,3337.713,1 3,South,3,0,35
0,5,15,2,3338.229,2 3,South,3,0,35
0,5,15,2,3338.767,3 3,South,3,0,35
0,5,15,1,3339.331,3 3,East,3,0,35
0,5,15,2,3339.873,3 4,East,3,0,35
0,5,15,3,3340.533,3 4,South,3,0,35
0,5,15,2,3341.441,4 4,South,3,0,35
0,5,15,3,3341.955,4 4,West,3,0,35
0,5,15,2,3342.51,4 3,West,3,0,35
0,5,15,2,3343.026,4 2,West,3,0,35
0,5,15,2,3343.891,4 1,West,3,0,35
0,5,15,2,3344.455,4 0,West,3,0,35
0,5,15,6,3344.86,4 0,West,3,1,35
0,5,15,3,3345.266,4 0,North,3,1,35
0,5,15,3,3345.79,4 0,East,3,1,35
0,5,15,2,3346.324,4 1,East,3,1,35
0,5,15,2,3346.882,4 2,East,3,1,35
0,5,15,1,3347.474,4 2,North,3,1,35
0,5,15,2,3348.021,3 2,North,3,1,35
0,5,15,1,3348.575,3 2,West,3,1,35
0,5,15,2,3349.121,3 1,West,3,1,35
0,5,15,2,3350.097,3 0,West,3,1,35
0,5,15,3,3350.66,3 0,North,3,1,35
0,5,15,2,3351.617,2 0,North,3,1,35
0,5,15,2,3352.163,1 0,North,3,1,35
0,5,15,3,3353.055,1 0,East,3,1,35
0,5,15,2,3353.601,1 1,East,3,1,35
0,5,15,3,3354.118,1 1,South,3,1,35
0,5,15,2,3354.67,2 1,South,3,1,35
0,5,15,1,3355.187,2 1,East,3,1,35
0,5,15,2,3355.716,2 2,East,3,1,35
0,5,15,1,3356.294,2 2,North,3,1,35
0,5,15,2,3356.818,1 2,North,3,1,35
0,5,15,1,3357.393,1 2,West,3,1,35
0,5,15,3,3358,1 2,North,3,1,35
0,5,15,2,3358.599,0 2,North,3,1,35
0,5,15,1,3359.125,0 2,West,3,1,35
0,5,15,1,3359.667,0 2,South,3,1,35
0,5,15,2,3360.195,1 2,South,3,1,35
0,5,15,2,3360.723,2 2,South,3,1,35
0,5,15,3,3361.636,2 2,West,3,1,35
0,5,15,2,3362.209,2 1,West,3,1,35
0,5,15,3,3363.137,2 1,North,3,1,35
0,5,15,2,3363.767,1 1,North,3,1,35
0,5,15,1,3364.454,1 1,West,3,1,35
0,5,15,2,3365.151,1 0,West,3,1,35
0,5,15,1,3365.887,1 0,South,3,1,35
0,5,15,2,3366.501,2 0,South,3,1,35
0,5,15,2,3367.092,3 0,South,3,1,35
0,5,15,1,3368.135,3 0,East,3,1,35
0,5,15,2,3368.719,3 1,East,3,1,35
0,5,15,2,3369.255,3 2,East,3,1,35
0,5,15,3,3370.488,3 2,South,3,1,35
0,5,15,2,3371.135,4 2,South,3,1,35
0,5,15,1,3371.761,4 2,East,3,1,35
0,5,15,2,3372.399,4 3,East,3,1,35
0,5,15,2,3373.013,4 4,East,3,1,35
0,5,15,1,3373.555,4 4,North,3,1,35
0,5,15,2,3374.132,3 4,North,3,1,35
0,5,15,1,3375.152,3 4,West,3,1,35
0,5,15,2,3375.764,3 3,West,3,1,35
0,5,15,3,3376.327,3 3,North,3,1,35
0,5,15,2,3377.075,2 3,North,3,1,35
0,5,15,6,3377.46,2 3,North,3,2,35
0,5,15,2,3380.182,1 3,North,3,2,35
0,5,15,2,3381.135,0 3,North,3,2,35
0,5,15,3,3381.831,0 3,East,3,2,35
0,5,15,2,3382.495,0 4,East,3,2,35
0,5,15,6,3382.9,0 4,East,3,3,35
0,5,15,3,3383.056,0 4,South,3,3,35
0,5,15,3,3383.684,0 4,West,3,3,35
0,5,15,2,3384.239,0 3,West,3,3,35
0,5,15,1,3384.774,0 3,South,3,3,35
0,5,15,2,3385.318,1 3,South,3,3,35
0,5,15,2,3385.861,2 3,South,3,3,35
0,5,15,2,3386.837,3 3,South,3,3,35
0,5,15,1,3387.446,3 3,East,3,3,35
0,5,15,2,3387.988,3 4,East,3,3,35
0,5,15,3,3388.532,3 4,South,3,3,35
0,5,15,2,3389.119,4 4,South,3,3,35
0,5,15,3,3389.65,4 4,West,3,3,35
0,5,15,2,3390.256,4 3,West,3,3,35
0,5,15,2,3390.864,4 2,West,3,3,35
0,5,15,3,3391.443,4 2,North,3,3,35
0,5,15,2,3391.958,3 2,North,3,3,35
0,5,15,1,3392.483,3 2,West,3,3,35
0,5,15,2,3393.039,3 1,West,3,3,35
0,5,15,2,3393.647,3 0,West,3,3,35
0,5,15,6,3394.06,3 0,West,3,4,35
0,5,15,3,3394.196,3 0,North,3,4,35
0,5,15,2,3394.791,2 0,North,3,4,35
0,5,15,2,3395.364,1 0,North,3,4,35
0,5,15,3,3395.983,1 0,East,3,4,35
0,5,15,2,3396.756,1 1,East,3,4,35
0,5,15,3,3397.647,1 1,South,3,4,35
0,5,15,2,3398.449,2 1,South,3,4,35
0,5,15,1,3399.061,2 1,East,3,4,35
0,5,15,1,3399.971,2 1,North,3,4,35
0,5,15,3,3400.593,2 1,East,3,4,35
0,5,15,2,3401.185,2 2,East,3,4,35
0,5,15,1,3401.732,2 2,North,3,4,35
0,5,15,2,3402.334,1 2,North,3,4,35
0,5,15,2,3403.03,0 2,North,3,4,35
0,5,15,1,3403.552,0 2,West,3,4,35
0,5,15,1,3404.179,0 2,South,3,4,35
0,5,15,2,3404.945,1 2,South,3,4,35
0,5,15,2,3405.539,2 2,South,3,4,35
0,5,15,3,3406.341,2 2,West,3,4,35
0,5,15,2,3406.99,2 1,West,3,4,35
0,5,15,3,3407.505,2 1,North,3,4,35
0,5,15,2,3408.21,1 1,North,3,4,35
0,5,15,1,3408.775,1 1,West,3,4,35
0,5,15,2,3409.363,1 0,West,3,4,35
0,5,15,1,3409.925,1 0,South,3,4,35
0,5,15,2,3410.531,2 0,South,3,4,35
0,5,15,2,3411.123,3 0,South,3,4,35
0,5,15,1,3411.648,3 0,East,3,4,35
0,5,15,2,3412.271,3 1,East,3,4,35
0,5,15,2,3412.798,3 2,East,3,4,35
0,5,15,3,3413.696,3 2,South,3,4,35
0,5,15,2,3414.43,4 2,South,3,4,35
0,5,15,3,3415.313,4 2,West,3,4,35
0,5,15,1,3416.27,4 2,South,3,4,35
0,5,15,1,3416.819,4 2,East,3,4,35
0,5,15,2,3417.409,4 3,East,3,4,35
0,5,15,2,3417.999,4 4,East,3,4,35
0,5,15,1,3418.847,4 4,North,3,4,35
0,5,15,2,3419.456,3 4,North,3,4,35
0,5,15,1,3420.351,3 4,West,3,4,35
0,5,15,2,3420.945,3 3,West,3,4,35
0,5,15,3,3421.527,3 3,North,3,4,35
0,5,15,2,3422.133,2 3,North,3,4,35
0,5,15,2,3422.719,1 3,North,3,4,35
0,5,15,2,3423.286,0 3,North,3,4,35
0,5,15,3,3423.847,0 3,East,3,4,35
0,5,15,2,3424.465,0 4,East,3,4,35
0,5,15,3,3425.091,0 4,South,3,4,35
0,5,15,2,3425.703,1 4,South,3,4,35
0,5,15,2,3426.305,2 4,South,3,4,35
0,5,15,6,3426.68,2 4,South,3,5,35
0,5,15,3,3426.834,2 4,West,3,5,35
0,5,15,3,3427.425,2 4,North,3,5,35
0,5,15,2,3427.983,1 4,North,3,5,35
0,5,15,2,3428.563,0 4,North,3,5,35
0,5,15,1,3429.076,0 4,West,3,5,35
0,5,15,2,3429.668,0 3,West,3,5,35
0,5,15,1,3430.222,0 3,South,3,5,35
0,5,15,2,3430.798,1 3,South,3,5,35
0,5,15,2,3431.344,2 3,South,3,5,35
0,5,15,2,3431.872,3 3,South,3,5,35
0,5,15,1,3432.416,3 3,East,3,5,35
0,5,15,2,3432.932,3 4,East,3,5,35
0,5,15,3,3434.002,3 4,South,3,5,35
0,5,15,2,3434.574,4 4,South,3,5,35
0,5,15,3,3435.231,4 4,West,3,5,35
0,5,15,2,3435.891,4 3,West,3,5,35
0,5,15,2,3436.5,4 2,West,3,5,35
0,5,15,3,3437.108,4 2,North,3,5,35
0,5,15,2,3437.663,3 2,North,3,5,35
0,5,15,1,3438.399,3 2,West,3,5,35
0,5,15,2,3438.99,3 1,West,3,5,35
0,5,15,2,3439.622,3 0,West,3,5,35
0,5,15,3,3440.159,3 0,North,3,5,35
0,5,15,2,3440.798,2 0,North,3,5,35
0,5,15,2,3441.39,1 0,North,3,5,35
0,5,15,3,3441.925,1 0,East,3,5,35
0,5,15,2,3442.484,1 1,East,3,5,35
0,5,15,3,3443.009,1 1,South,3,5,35
0,5,15,2,3443.536,2 1,South,3,5,35
0,5,15,1,3444.052,2 1,East,3,5,35
0,5,15,2,3444.561,2 2,East,3,5,35
0,5,15,1,3445.126,2 2,North,3,5,35
0,5,15,2,3445.681,1 2,North,3,5,35
0,5,15,2,3446.31,0 2,North,3,5,35
0,5,15,6,3446.7,0 2,North,3,6,35
0,5,15,1,3446.862,0 2,West,3,6,35
0,5,15,1,3447.429,0 2,South,3,6,35
0,5,15,2,3448.032,1 2,South,3,6,35
0,5,15,2,3448.913,2 2,South,3,6,35
0,5,15,3,3449.472,2 2,West,3,6,35
0,5,15,2,3450.13,2 1,West,3,6,35
0,5,15,3,3450.645,2 1,North,3,6,35
0,5,15,2,3451.537,1 1,North,3,6,35
0,5,15,1,3452.129,1 1,West,3,6,35
0,5,15,2,3452.722,1 0,West,3,6,35
0,5,15,1,3453.288,1 0,South,3,6,35
0,5,15,2,3453.842,2 0,South,3,6,35
0,5,15,2,3454.385,3 0,South,3,6,35
0,5,15,1,3454.901,3 0,East,3,6,35
0,5,15,2,3455.445,3 1,East,3,6,35
0,5,15,2,3456.146,3 2,East,3,6,35
0,5,15,3,3456.743,3 2,South,3,6,35
0,5,15,2,3457.38,4 2,South,3,6,35
0,5,15,1,3457.921,4 2,East,3,6,35
0,5,15,2,3458.495,4 3,East,3,6,35
0,5,15,6,3458.9,4 3,East,3,7,35
0,5,15,1,3459.089,4 3,North,3,7,35
0,5,15,1,3459.68,4 3,West,3,7,35
0,5,15,3,3460.213,4 3,North,3,7,35
0,5,15,3,3460.755,4 3,East,3,7,35
0,5,15,2,3461.714,4 4,East,3,7,35
0,5,15,1,3462.227,4 4,North,3,7,35
0,5,15,2,3462.788,3 4,North,3,7,35
0,5,15,1,3463.364,3 4,West,3,7,35
0,5,15,2,3464.319,3 3,West,3,7,35
0,5,15,3,3465.103,3 3,North,3,7,35
0,5,15,2,3465.668,2 3,North,3,7,35
0,5,15,2,3466.37,1 3,North,3,7,35
0,5,15,2,3466.879,0 3,North,3,7,35
0,5,15,6,3467.26,0 3,North,3,8,35
2,5,15,2,3470.432,3 4,North,3,0,0
2,5,15,2,3471.027,3 4,North,3,0,1
2,5,15,1,3471.511,3 4,West,3,0,1
2,5,15,2,3472.033,3 3,West,3,0,1
2,5,15,3,3472.593,3 3,North,3,0,1
2,5,15,2,3473.143,2 3,North,3,0,1
2,5,15,6,3473.52,2 3,North,3,1,1
2,5,15,3,3473.828,2 3,East,3,1,1
2,5,15,3,3474.655,2 3,South,3,1,1
2,5,15,3,3475.362,2 3,West,3,1,1
2,5,15,1,3475.918,2 3,South,3,1,1
2,5,15,2,3476.527,3 3,South,3,1,1
2,5,15,1,3477.443,3 3,East,3,1,1
2,5,15,2,3478.017,3 4,East,3,1,1
2,5,15,3,3478.595,3 4,South,3,1,1
2,5,15,2,3479.206,4 4,South,3,1,1
2,5,15,3,3479.775,4 4,West,3,1,1
2,5,15,2,3480.438,4 3,West,3,1,1
2,5,15,2,3481.43,4 2,West,3,1,1
2,5,15,2,3482.081,4 1,West,3,1,1
2,5,15,2,3482.705,4 0,West,3,1,1
2,5,15,6,3483.12,4 0,West,3,2,1
2,5,15,3,3483.398,4 0,North,3,2,1
2,5,15,3,3483.953,4 0,East,3,2,1
2,5,15,2,3484.562,4 1,East,3,2,1
2,5,15,2,3485.174,4 2,East,3,2,1
2,5,15,1,3485.759,4 2,North,3,2,1
2,5,15,2,3486.337,3 2,North,3,2,1
2,5,15,1,3486.944,3 2,West,3,2,1
2,5,15,2,3487.492,3 1,West,3,2,1
2,5,15,3,3488.113,3 1,North,3,2,1
2,5,15,2,3488.912,3 1,North,3,2,2
2,5,15,1,3489.364,3 1,West,3,2,2
2,5,15,2,3489.982,3 0,West,3,2,2
2,5,15,3,3490.547,3 0,North,3,2,2
2,5,15,2,3491.074,2 0,North,3,2,2
2,5,15,2,3491.646,1 0,North,3,2,2
2,5,15,3,3492.273,1 0,East,3,2,2
2,5,15,2,3492.833,1 1,East,3,2,2
2,5,15,3,3493.412,1 1,South,3,2,2
2,5,15,2,3493.951,2 1,South,3,2,2
2,5,15,1,3494.48,2 1,East,3,2,2
2,5,15,2,3495.094,2 2,East,3,2,2
2,5,15,1,3495.662,2 2,North,3,2,2
2,5,15,2,3496.246,1 2,North,3,2,2
2,5,15,2,3496.814,0 2,North,3,2,2
2,5,15,6,3497.2,0 2,North,3,3,2
2,5,15,1,3497.838,0 2,West,3,3,2
2,5,15,1,3498.448,0 2,South,3,3,2
2,5,15,2,3499.006,1 2,South,3,3,2
2,5,15,2,3499.554,2 2,South,3,3,2
2,5,15,3,3500.101,2 2,West,3,3,2
2,5,15,2,3500.631,2 1,West,3,3,2
2,5,15,3,3501.2,2 1,North,3,3,2
2,5,15,2,3501.762,1 1,North,3,3,2
2,5,15,1,3502.278,1 1,West,3,3,2
2,5,15,2,3502.85,1 0,West,3,3,2
2,5,15,1,3503.376,1 0,South,3,3,2
2,5,15,2,3503.967,2 0,South,3,3,2
2,5,15,2,3504.501,3 0,South,3,3,2
2,5,15,2,3505.039,3 0,South,3,3,3
2,5,15,1,3505.586,3 0,East,3,3,3
2,5,15,2,3506.159,3 1,East,3,3,3
2,5,15,2,3506.766,3 2,East,3,3,3
2,5,15,2,3507.456,3 2,East,3,3,4
2,5,15,2,3507.872,3 2,East,3,3,5
2,5,15,3,3508.355,3 2,South,3,3,5
2,5,15,2,3509.365,4 2,South,3,3,5
2,5,15,1,3509.892,4 2,East,3,3,5
2,5,15,2,3510.513,4 3,East,3,3,5
2,5,15,6,3510.92,4 3,East,3,4,5
2,5,15,1,3511.238,4 3,North,3,4,5
2,5,15,3,3511.781,4 3,East,3,4,5
2,5,15,2,3512.434,4 4,East,3,4,5
2,5,15,1,3513.024,4 4,North,3,4,5
2,5,15,2,3513.688,3 4,North,3,4,5
2,5,15,6,3514.06,3 4,North,3,5,5
2,5,15,1,3514.406,3 4,West,3,5,5
2,5,15,1,3515.011,3 4,South,3,5,5
2,5,15,2,3515.52,4 4,South,3,5,5
2,5,15,3,3516.098,4 4,West,3,5,5
2,5,15,2,3516.67,4 3,West,3,5,5
2,5,15,2,3517.216,4 2,West,3,5,5
2,5,15,3,3517.764,4 2,North,3,5,5
2,5,15,2,3518.321,3 2,North,3,5,5
2,5,15,1,3518.897,3 2,West,3,5,5
2,5,15,2,3519.678,3 1,West,3,5,5
2,5,15,2,3520.447,3 0,West,3,5,5
2,5,15,3,3521.007,3 0,North,3,5,5
2,5,15,2,3521.603,2 0,North,3,5,5
2,5,15,6,3521.98,2 0,North,3,6,5
2,5,15,3,3522.28,2 0,East,3,6,5
2,5,15,3,3522.867,2 0,South,3,6,5
2,5,15,2,3523.397,3 0,South,3,6,5
2,5,15,1,3523.953,3 0,East,3,6,5
2,5,15,2,3524.515,3 1,East,3,6,5
2,5,15,2,3525.056,3 2,East,3,6,5
2,5,15,3,3525.636,3 2,South,3,6,5
2,5,15,2,3526.182,4 2,South,3,6,5
2,5,15,1,3526.708,4 2,East,3,6,5
2,5,15,2,3527.262,4 3,East,3,6,5
2,5,15,2,3527.829,4 4,East,3,6,5
2,5,15,1,3528.383,4 4,North,3,6,5
2,5,15,2,3528.93,3 4,North,3,6,5
2,5,15,1,3529.553,3 4,West,3,6,5
2,5,15,2,3530.466,3 3,West,3,6,5
2,5,15,3,3531.12,3 3,North,3,6,5
2,5,15,2,3531.67,2 3,North,3,6,5
2,5,15,2,3532.287,1 3,North,3,6,5
2,5,15,2,3532.887,0 3,North,3,6,5
2,5,15,3,3533.397,0 3,East,3,6,5
2,5,15,2,3533.954,0 4,East,3,6,5
2,5,15,6,3534.36,0 4,East,3,7,5
2,5,15,3,3534.51,0 4,South,3,7,5
2,5,15,3,3535.122,0 4,West,3,7,5
2,5,15,2,3536.178,0 3,West,3,7,5
2,5,15,1,3537.014,0 3,South,3,7,5
2,5,15,2,3537.731,1 3,South,3,7,5
2,5,15,2,3538.337,2 3,South,3,7,5
2,5,15,1,3538.916,2 3,East,3,7,5
2,5,15,2,3539.454,2 3,East,3,7,6
2,5,15,3,3539.951,2 3,South,3,7,6
2,5,15,2,3540.566,3 3,South,3,7,6
2,5,15,1,3541.494,3 3,East,3,7,6
2,5,15,2,3542.02,3 4,East,3,7,6
2,5,15,3,3542.567,3 4,South,3,7,6
2,5,15,2,3543.169,4 4,South,3,7,6
2,5,15,3,3543.681,4 4,West,3,7,6
2,5,15,2,3544.303,4 3,West,3,7,6
2,5,15,2,3544.947,4 2,West,3,7,6
2,5,15,3,3546.019,4 2,North,3,7,6
2,5,15,2,3546.576,3 2,North,3,7,6
2,5,15,1,3547.239,3 2,West,3,7,6
2,5,15,2,3547.876,3 1,West,3,7,6
2,5,15,2,3549.345,3 0,West,3,7,6
2,5,15,3,3549.973,3 0,North,3,7,6
2,5,15,2,3550.595,2 0,North,3,7,6
2,5,15,2,3551.156,1 0,North,3,7,6
2,5,15,3,3551.762,1 0,East,3,7,6
2,5,15,2,3552.306,1 1,East,3,7,6
2,5,15,3,3552.883,1 1,South,3,7,6
2,5,15,2,3553.491,2 1,South,3,7,6
2,5,15,1,3554.101,2 1,East,3,7,6
2,5,15,2,3554.708,2 2,East,3,7,6
2,5,15,1,3555.286,2 2,North,3,7,6
2,5,15,2,3555.846,1 2,North,3,7,6
2,5,15,2,3556.465,0 2,North,3,7,6
2,5,15,1,3557.045,0 2,West,3,7,6
2,5,15,2,3557.637,0 1,West,3,7,6
2,5,15,6,3558.04,0 1,West,3,8,6
0,6,16,2,3566.724,3 4,North,3,0,6
0,6,16,1,3567.25,3 4,West,3,0,6
0,6,16,2,3567.874,3 3,West,3,0,6
0,6,16,3,3568.448,3 3,North,3,0,6
0,6,16,2,3568.978,2 3,North,3,0,6
0,6,16,6,3569.36,2 3,North,3,1,6
0,6,16,2,3569.68,1 3,North,3,1,6
0,6,16,2,3570.244,0 3,North,3,1,6
0,6,16,3,3570.769,0 3,East,3,1,6
0,6,16,2,3571.303,0 4,East,3,1,6
0,6,16,3,3571.886,0 4,South,3,1,6
0,6,16,3,3572.423,0 4,West,3,1,6
0,6,16,2,3573.007,0 3,West,3,1,6
0,6,16,1,3573.543,0 3,South,3,1,6
0,6,16,2,3574.118,1 3,South,3,1,6
0,6,16,2,3574.677,2 3,South,3,1,6
0,6,16,2,3575.223,3 3,South,3,1,6
0,6,16,1,3575.844,3 3,East,3,1,6
0,6,16,2,3576.453,3 4,East,3,1,6
0,6,16,3,3576.964,3 4,South,3,1,6
0,6,16,2,3577.526,4 4,South,3,1,6
0,6,16,3,3578.078,4 4,West,3,1,6
0,6,16,2,3578.678,4 3,West,3,1,6
0,6,16,2,3579.376,4 2,West,3,1,6
0,6,16,3,3579.906,4 2,North,3,1,6
0,6,16,2,3580.497,3 2,North,3,1,6
0,6,16,6,3580.88,3 2,North,3,2,6
0,6,16,1,3581.041,3 2,West,3,2,6
0,6,16,2,3581.606,3 1,West,3,2,6
0,6,16,2,3582.141,3 0,West,3,2,6
0,6,16,3,3583.057,3 0,North,3,2,6
0,6,16,2,3583.621,2 0,North,3,2,6
0,6,16,2,3584.148,1 0,North,3,2,6
0,6,16,3,3584.702,1 0,East,3,2,6
0,6,16,2,3585.287,1 1,East,3,2,6
0,6,16,3,3585.815,1 1,South,3,2,6
0,6,16,2,3586.34,2 1,South,3,2,6
0,6,16,6,3586.72,2 1,South,3,3,6
0,6,16,1,3586.868,2 1,East,3,3,6
0,6,16,2,3587.444,2 2,East,3,3,6
0,6,16,1,3588.382,2 2,North,3,3,6
0,6,16,2,3588.919,1 2,North,3,3,6
0,6,16,2,3589.493,0 2,North,3,3,6
0,6,16,1,3590.304,0 2,West,3,3,6
0,6,16,1,3590.821,0 2,South,3,3,6
0,6,16,2,3591.376,1 2,South,3,3,6
0,6,16,2,3591.934,2 2,South,3,3,6
0,6,16,3,3592.469,2 2,West,3,3,6
0,6,16,2,3593.427,2 1,West,3,3,6
0,6,16,3,3594.113,2 1,North,3,3,6
0,6,16,2,3594.724,1 1,North,3,3,6
0,6,16,1,3595.3,1 1,West,3,3,6
0,6,16,2,3595.94,1 0,West,3,3,6
0,6,16,1,3596.463,1 0,South,3,3,6
0,6,16,2,3597.047,2 0,South,3,3,6
0,6,16,2,3597.583,3 0,South,3,3,6
0,6,16,1,3598.127,3 0,East,3,3,6
0,6,16,2,3598.703,3 1,East,3,3,6
0,6,16,2,3599.231,3 2,East,3,3,6
0,6,16,3,3599.798,3 2,South,3,3,6
0,6,16,2,3600.368,4 2,South,3,3,6
0,6,16,3,3600.894,4 2,West,3,3,6
0,6,16,3,3601.447,4 2,North,3,3,6
0,6,16,3,3601.985,4 2,East,3,3,6
0,6,16,2,3602.56,4 3,East,3,3,6
0,6,16,2,3603.124,4 4,East,3,3,6
0,6,16,1,3603.679,4 4,North,3,3,6
0,6,16,2,3604.215,3 4,North,3,3,6
0,6,16,1,3604.758,3 4,West,3,3,6
0,6,16,2,3605.315,3 3,West,3,3,6
0,6,16,3,3605.889,3 3,North,3,3,6
0,6,16,2,3606.418,2 3,North,3,3,6
0,6,16,2,3606.999,1 3,North,3,3,6
0,6,16,6,3607.38,1 3,North,3,4,6
0,6,16,2,3607.525,0 3,North,3,4,6
0,6,16,3,3608.048,0 3,East,3,4,6
0,6,16,2,3608.606,0 4,East,3,4,6
0,6,16,3,3609.168,0 4,South,3,4,6
0,6,16,3,3609.701,0 4,West,3,4,6
0,6,16,2,3610.303,0 3,West,3,4,6
0,6,16,1,3610.867,0 3,South,3,4,6
0,6,16,2,3611.456,1 3,South,3,4,6
0,6,16,2,3612.432,2 3,South,3,4,6
0,6,16,2,3613.061,3 3,South,3,4,6
0,6,16,1,3613.615,3 3,East,3,4,6
0,6,16,2,3614.224,3 4,East,3,4,6
0,6,16,3,3614.759,3 4,South,3,4,6
0,6,16,2,3615.318,4 4,South,3,4,6
0,6,16,3,3615.844,4 4,West,3,4,6
0,6,16,2,3616.421,4 3,West,3,4,6
0,6,16,2,3617.007,4 2,West,3,4,6
0,6,16,2,3617.632,4 1,West,3,4,6
0,6,16,6,3618.04,4 1,West,3,5,6
0,6,16,3,3618.513,4 1,North,3,5,6
0,6,16,3,3619.121,4 1,East,3,5,6
0,6,16,2,3619.711,4 2,East,3,5,6
0,6,16,1,3620.258,4 2,North,3,5,6
0,6,16,2,3620.819,3 2,North,3,5,6
0,6,16,3,3621.395,3 2,East,3,5,6
0,6,16,3,3621.975,3 2,South,3,5,6
0,6,16,2,3622.531,4 2,South,3,5,6
0,6,16,1,3623.543,4 2,East,3,5,6
0,6,16,2,3624.083,4 3,East,3,5,6
0,6,16,2,3624.647,4 4,East,3,5,6
0,6,16,1,3625.521,4 4,North,3,5,6
0,6,16,2,3626.198,3 4,North,3,5,6
0,6,16,6,3626.58,3 4,North,3,6,6
0,6,16,1,3626.867,3 4,West,3,6,6
0,6,16,2,3627.585,3 3,West,3,6,6
0,6,16,3,3628.177,3 3,North,3,6,6
0,6,16,2,3628.74,2 3,North,3,6,6
0,6,16,2,3629.298,1 3,North,3,6,6
0,6,16,2,3629.822,0 3,North,3,6,6
0,6,16,3,3630.355,0 3,East,3,6,6
0,6,16,2,3630.916,0 4,East,3,6,6
0,6,16,3,3631.477,0 4,South,3,6,6
0,6,16,3,3632.432,0 4,West,3,6,6
0,6,16,2,3633.092,0 3,West,3,6,6
0,6,16,1,3633.617,0 3,South,3,6,6
0,6,16,2,3634.165,1 3,South,3,6,6
0,6,16,2,3634.722,2 3,South,3,6,6
0,6,16,2,3635.247,3 3,South,3,6,6
0,6,16,1,3635.781,3 3,East,3,6,6
0,6,16,2,3636.404,3 4,East,3,6,6
0,6,16,3,3637.318,3 4,South,3,6,6
0,6,16,2,3637.927,4 4,South,3,6,6
0,6,16,3,3638.469,4 4,West,3,6,6
0,6,16,2,3639.012,4 3,West,3,6,6
0,6,16,2,3639.554,4 2,West,3,6,6
0,6,16,3,3640.068,4 2,North,3,6,6
0,6,16,2,3640.63,3 2,North,3,6,6
0,6,16,1,3641.139,3 2,West,3,6,6
0,6,16,2,3641.742,3 1,West,3,6,6
0,6,16,2,3642.736,3 0,West,3,6,6
0,6,16,3,3643.301,3 0,North,3,6,6
0,6,16,2,3643.863,2 0,North,3,6,6
0,6,16,2,3644.482,1 0,North,3,6,6
0,6,16,3,3645.35,1 0,East,3,6,6
0,6,16,2,3645.954,1 1,East,3,6,6
0,6,16,3,3646.479,1 1,South,3,6,6
0,6,16,2,3647.014,2 1,South,3,6,6
0,6,16,1,3647.538,2 1,East,3,6,6
0,6,16,2,3648.135,2 2,East,3,6,6
0,6,16,1,3648.707,2 2,North,3,6,6
0,6,16,2,3649.253,1 2,North,3,6,6
0,6,16,2,3649.776,0 2,North,3,6,6
0,6,16,1,3650.655,0 2,West,3,6,6
0,6,16,2,3651.35,0 1,West,3,6,6
0,6,16,2,3651.971,0 0,West,3,6,6
0,6,16,6,3652.38,0 0,West,3,7,6
0,6,16,1,3652.52,0 0,South,3,7,6
0,6,16,1,3653.187,0 0,East,3,7,6
0,6,16,2,3653.79,0 1,East,3,7,6
0,6,16,2,3654.324,0 2,East,3,7,6
0,6,16,3,3655.253,0 2,South,3,7,6
0,6,16,2,3655.895,1 2,South,3,7,6
0,6,16,2,3656.43,2 2,South,3,7,6
0,6,16,3,3656.959,2 2,West,3,7,6
0,6,16,2,3657.522,2 1,West,3,7,6
0,6,16,3,3658.064,2 1,North,3,7,6
0,6,16,2,3658.598,1 1,North,3,7,6
0,6,16,1,3659.126,1 1,West,3,7,6
0,6,16,2,3659.668,1 0,West,3,7,6
0,6,16,1,3660.192,1 0,South,3,7,6
0,6,16,2,3660.791,2 0,South,3,7,6
0,6,16,2,3661.317,3 0,South,3,7,6
0,6,16,6,3661.7,3 0,South,3,8,6
2,6,16,2,3664.629,3 4,North,3,0,0
2,6,16,1,3665.493,3 4,West,3,0,0
2,6,16,1,3666.72,3 4,South,3,0,0
2,6,16,2,3667.236,4 4,South,3,0,0
2,6,16,3,3667.748,4 4,West,3,0,0
2,6,16,2,3668.371,4 3,West,3,0,0
2,6,16,2,3668.887,4 2,West,3,0,0
2,6,16,3,3669.425,4 2,North,3,0,0
2,6,16,2,3669.974,3 2,North,3,0,0
2,6,16,1,3670.495,3 2,West,3,0,0
2,6,16,2,3671.056,3 1,West,3,0,0
2,6,16,3,3671.601,3 1,North,3,0,0
2,6,16,2,3672.194,3 1,North,3,0,1
2,6,16,1,3673.905,3 1,West,3,0,1
2,6,16,2,3674.43,3 0,West,3,0,1
2,6,16,3,3674.95,3 0,North,3,0,1
2,6,16,2,3675.505,2 0,North,3,0,1
2,6,16,2,3676.04,1 0,North,3,0,1
2,6,16,3,3676.596,1 0,East,3,0,1
2,6,16,2,3677.112,1 1,East,3,0,1
2,6,16,3,3677.67,1 1,South,3,0,1
2,6,16,2,3678.308,2 1,South,3,0,1
2,6,16,6,3678.68,2 1,South,3,1,1
2,6,16,3,3678.83,2 1,West,3,1,1
2,6,16,3,3679.365,2 1,North,3,1,1
2,6,16,2,3679.888,1 1,North,3,1,1
2,6,16,1,3680.453,1 1,West,3,1,1
2,6,16,2,3680.979,1 0,West,3,1,1
2,6,16,1,3681.51,1 0,South,3,1,1
2,6,16,2,3682.034,2 0,South,3,1,1
2,6,16,2,3682.551,3 0,South,3,1,1
2,6,16,1,3683.107,3 0,East,3,1,1
2,6,16,2,3683.68,3 1,East,3,1,1
2,6,16,2,3684.2,3 2,East,3,1,1
2,6,16,6,3684.6,3 2,East,3,2,1
2,6,16,3,3684.801,3 2,South,3,2,1
2,6,16,2,3685.335,4 2,South,3,2,1
2,6,16,1,3686.192,4 2,East,3,2,1
2,6,16,2,3686.755,4 3,East,3,2,1
2,6,16,2,3687.743,4 4,East,3,2,1
2,6,16,1,3688.582,4 4,North,3,2,1
2,6,16,2,3689.567,3 4,North,3,2,1
2,6,16,1,3690.103,3 4,West,3,2,1
2,6,16,2,3690.992,3 3,West,3,2,1
2,6,16,3,3691.582,3 3,North,3,2,1
2,6,16,2,3692.13,2 3,North,3,2,1
2,6,16,6,3692.52,2 3,North,3,3,1
2,6,16,3,3692.703,2 3,East,3,3,1
2,6,16,3,3693.237,2 3,South,3,3,1
2,6,16,2,3693.761,3 3,South,3,3,1
2,6,16,1,3694.375,3 3,East,3,3,1
2,6,16,2,3694.931,3 4,East,3,3,1
2,6,16,3,3695.46,3 4,South,3,3,1
2,6,16,2,3696.082,4 4,South,3,3,1
2,6,16,3,3696.642,4 4,West,3,3,1
2,6,16,2,3697.217,4 3,West,3,3,1
2,6,16,2,3698.23,4 2,West,3,3,1
2,6,16,2,3698.903,4 1,West,3,3,1
2,6,16,6,3699.32,4 1,West,3,4,1
2,6,16,3,3699.618,4 1,North,3,4,1
2,6,16,3,3700.402,4 1,East,3,4,1
2,6,16,2,3701.267,4 2,East,3,4,1
2,6,16,2,3701.794,4 3,East,3,4,1
2,6,16,2,3702.735,4 4,East,3,4,1
2,6,16,1,3703.431,4 4,North,3,4,1
2,6,16,2,3704.435,3 4,North,3,4,1
2,6,16,1,3705.058,3 4,West,3,4,1
2,6,16,2,3705.588,3 3,West,3,4,1
2,6,16,3,3706.176,3 3,North,3,4,1
2,6,16,2,3706.838,2 3,North,3,4,1
2,6,16,2,3707.35,1 3,North,3,4,1
2,6,16,2,3708.178,0 3,North,3,4,1
2,6,16,6,3708.56,0 3,North,3,5,1
2,6,16,3,3708.711,0 3,East,3,5,1
2,6,16,3,3709.54,0 3,South,3,5,1
2,6,16,2,3710.063,1 3,South,3,5,1
2,6,16,2,3710.612,2 3,South,3,5,1
2,6,16,2,3711.204,3 3,South,3,5,1
2,6,16,1,3711.719,3 3,East,3,5,1
2,6,16,2,3712.273,3 4,East,3,5,1
2,6,16,6,3712.68,3 4,East,3,6,1
2,6,16,3,3712.855,3 4,South,3,6,1
2,6,16,2,3713.398,4 4,South,3,6,1
2,6,16,3,3713.989,4 4,West,3,6,1
2,6,16,2,3714.689,4 3,West,3,6,1
2,6,16,2,3715.263,4 2,West,3,6,1
2,6,16,2,3715.925,4 1,West,3,6,1
2,6,16,3,3716.63,4 1,North,3,6,1
2,6,16,3,3717.311,4 1,East,3,6,1
2,6,16,2,3717.86,4 2,East,3,6,1
2,6,16,1,3718.385,4 2,North,3,6,1
2,6,16,2,3718.993,3 2,North,3,6,1
2,6,16,1,3719.567,3 2,West,3,6,1
2,6,16,2,3720.115,3 1,West,3,6,1
2,6,16,2,3721.09,3 0,West,3,6,1
2,6,16,3,3721.669,3 0,North,3,6,1
2,6,16,2,3722.224,2 0,North,3,6,1
2,6,16,6,3722.6,2 0,North,3,7,1
2,6,16,3,3722.802,2 0,East,3,7,1
2,6,16,3,3723.864,2 0,South,3,7,1
2,6,16,2,3724.503,3 0,South,3,7,1
2,6,16,1,3725.141,3 0,East,3,7,1
2,6,16,2,3725.713,3 1,East,3,7,1
2,6,16,3,3726.623,3 1,South,3,7,1
2,6,16,2,3727.215,3 1,South,3,7,2
2,6,16,1,3727.701,3 1,East,3,7,2
2,6,16,2,3728.511,3 2,East,3,7,2
2,6,16,3,3729.106,3 2,South,3,7,2
2,6,16,2,3729.622,4 2,South,3,7,2
2,6,16,1,3730.147,4 2,East,3,7,2
2,6,16,2,3730.72,4 3,East,3,7,2
2,6,16,2,3731.278,4 4,East,3,7,2
2,6,16,1,3731.893,4 4,North,3,7,2
2,6,16,2,3732.514,3 4,North,3,7,2
2,6,16,1,3733.079,3 4,West,3,7,2
2,6,16,2,3733.62,3 3,West,3,7,2
2,6,16,3,3734.165,3 3,North,3,7,2
2,6,16,2,3734.739,2 3,North,3,7,2
2,6,16,2,3735.266,1 3,North,3,7,2
2,6,16,2,3735.808,0 3,North,3,7,2
2,6,16,3,3736.328,0 3,East,3,7,2
2,6,16,2,3736.964,0 4,East,3,7,2
2,6,16,3,3737.522,0 4,South,3,7,2
2,6,16,2,3738.182,1 4,South,3,7,2
2,6,16,2,3738.821,2 4,South,3,7,2
2,6,16,6,3739.2,2 4,South,3,8,2
0,6,17,2,3749.959,3 4,North,3,0,2
0,6,17,1,3750.567,3 4,West,3,0,2
0,6,17,2,3751.156,3 3,West,3,0,2
0,6,17,3,3752.094,3 3,North,3,0,2
0,6,17,2,3752.991,2 3,North,3,0,2
0,6,17,2,3753.536,1 3,North,3,0,2
0,6,17,2,3754.053,0 3,North,3,0,2
0,6,17,3,3754.994,0 3,East,3,0,2
0,6,17,2,3755.59,0 4,East,3,0,2
0,6,17,3,3756.147,0 4,South,3,0,2
0,6,17,3,3757.006,0 4,West,3,0,2
0,6,17,2,3757.607,0 3,West,3,0,2
0,6,17,1,3758.228,0 3,South,3,0,2
0,6,17,2,3758.785,1 3,South,3,0,2
0,6,17,2,3759.349,2 3,South,3,0,2
0,6,17,2,3760.29,3 3,South,3,0,2
0,6,17,1,3760.868,3 3,East,3,0,2
0,6,17,2,3761.441,3 4,East,3,0,2
0,6,17,3,3762.004,3 4,South,3,0,2
0,6,17,2,3762.64,4 4,South,3,0,2
0,6,17,3,3763.202,4 4,West,3,0,2
0,6,17,2,3764.03,4 3,West,3,0,2
0,6,17,2,3764.648,4 2,West,3,0,2
0,6,17,3,3765.521,4 2,North,3,0,2
0,6,17,2,3766.083,3 2,North,3,0,2
0,6,17,1,3766.628,3 2,West,3,0,2
0,6,17,2,3767.19,3 1,West,3,0,2
0,6,17,2,3767.743,3 0,West,3,0,2
0,6,17,3,3768.286,3 0,North,3,0,2
0,6,17,2,3768.885,2 0,North,3,0,2
0,6,17,2,3769.524,1 0,North,3,0,2
0,6,17,6,3769.9,1 0,North,3,1,2
0,6,17,3,3770.063,1 0,East,3,1,2
0,6,17,2,3770.607,1 1,East,3,1,2
0,6,17,3,3771.141,1 1,South,3,1,2
0,6,17,2,3771.668,2 1,South,3,1,2
0,6,17,1,3772.595,2 1,East,3,1,2
0,6,17,2,3773.169,2 2,East,3,1,2
0,6,17,1,3773.713,2 2,North,3,1,2
0,6,17,2,3774.276,1 2,North,3,1,2
0,6,17,2,3774.802,0 2,North,3,1,2
0,6,17,1,3775.342,0 2,West,3,1,2
0,6,17,1,3775.855,0 2,South,3,1,2
0,6,17,2,3776.389,1 2,South,3,1,2
0,6,17,2,3776.994,2 2,South,3,1,2
0,6,17,3,3777.51,2 2,West,3,1,2
0,6,17,2,3778.112,2 1,West,3,1,2
0,6,17,3,3778.625,2 1,North,3,1,2
0,6,17,2,3779.15,1 1,North,3,1,2
0,6,17,1,3779.684,1 1,West,3,1,2
0,6,17,2,3780.246,1 0,West,3,1,2
0,6,17,1,3780.786,1 0,South,3,1,2
0,6,17,2,3781.359,2 0,South,3,1,2
0,6,17,2,3781.902,3 0,South,3,1,2
0,6,17,1,3782.417,3 0,East,3,1,2
0,6,17,2,3783.064,3 1,East,3,1,2
0,6,17,2,3784.112,3 2,East,3,1,2
0,6,17,3,3784.655,3 2,South,3,1,2
0,6,17,2,3785.187,4 2,South,3,1,2
0,6,17,3,3785.7,4 2,West,3,1,2
0,6,17,1,3786.263,4 2,South,3,1,2
0,6,17,1,3786.803,4 2,East,3,1,2
0,6,17,2,3787.726,4 3,East,3,1,2
0,6,17,2,3788.26,4 4,East,3,1,2
0,6,17,1,3788.831,4 4,North,3,1,2
0,6,17,2,3789.35,3 4,North,3,1,2
0,6,17,1,3790.291,3 4,West,3,1,2
0,6,17,2,3790.917,3 3,West,3,1,2
0,6,17,3,3791.844,3 3,North,3,1,2
0,6,17,2,3792.446,2 3,North,3,1,2
0,6,17,2,3793.314,1 3,North,3,1,2
0,6,17,2,3793.937,0 3,North,3,1,2
0,6,17,3,3794.449,0 3,East,3,1,2
0,6,17,2,3795.076,0 4,East,3,1,2
0,6,17,3,3795.602,0 4,South,3,1,2
0,6,17,2,3796.288,1 4,South,3,1,2
0,6,17,2,3796.917,2 4,South,3,1,2
0,6,17,6,3797.3,2 4,South,3,2,2
0,6,17,3,3797.457,2 4,West,3,2,2
0,6,17,3,3798.051,2 4,North,3,2,2
0,6,17,2,3798.595,1 4,North,3,2,2
0,6,17,2,3799.205,0 4,North,3,2,2
0,6,17,1,3799.727,0 4,West,3,2,2
0,6,17,2,3800.244,0 3,West,3,2,2
0,6,17,1,3800.771,0 3,South,3,2,2
0,6,17,2,3801.669,1 3,South,3,2,2
0,6,17,2,3802.198,2 3,South,3,2,2
0,6,17,2,3802.734,3 3,South,3,2,2
0,6,17,1,3803.249,3 3,East,3,2,2
0,6,17,2,3803.812,3 4,East,3,2,2
0,6,17,3,3804.708,3 4,South,3,2,2
0,6,17,2,3805.27,4 4,South,3,2,2
0,6,17,3,3805.792,4 4,West,3,2,2
0,6,17,2,3806.353,4 3,West,3,2,2
0,6,17,2,3807.014,4 2,West,3,2,2
0,6,17,3,3807.583,4 2,North,3,2,2
0,6,17,2,3808.116,3 2,North,3,2,2
0,6,17,1,3808.643,3 2,West,3,2,2
0,6,17,2,3809.219,3 1,West,3,2,2
0,6,17,2,3810.12,3 0,West,3,2,2
0,6,17,3,3810.739,3 0,North,3,2,2
0,6,17,2,3811.304,2 0,North,3,2,2
0,6,17,2,3811.838,1 0,North,3,2,2
0,6,17,3,3812.756,1 0,East,3,2,2
0,6,17,2,3813.397,1 1,East,3,2,2
0,6,17,3,3813.909,1 1,South,3,2,2
0,6,17,2,3814.547,2 1,South,3,2,2
0,6,17,1,3815.17,2 1,East,3,2,2
0,6,17,2,3815.732,2 2,East,3,2,2
0,6,17,1,3816.291,2 2,North,3,2,2
0,6,17,2,3816.865,1 2,North,3,2,2
0,6,17,2,3817.492,0 2,North,3,2,2
0,6,17,6,3817.88,0 2,North,3,3,2
0,6,17,1,3818.466,0 2,West,3,3,2
0,6,17,1,3819.008,0 2,South,3,3,2
0,6,17,2,3819.543,1 2,South,3,3,2
0,6,17,2,3820.079,2 2,South,3,3,2
0,6,17,3,3820.627,2 2,West,3,3,2
0,6,17,2,3821.17,2 1,West,3,3,2
0,6,17,3,3821.684,2 1,North,3,3,2
0,6,17,2,3822.245,1 1,North,3,3,2
0,6,17,1,3822.798,1 1,West,3,3,2
0,6,17,2,3823.361,1 0,West,3,3,2
0,6,17,1,3823.874,1 0,South,3,3,2
0,6,17,2,3824.435,2 0,South,3,3,2
0,6,17,2,3825.015,3 0,South,3,3,2
0,6,17,1,3825.541,3 0,East,3,3,2
0,6,17,2,3826.085,3 1,East,3,3,2
0,6,17,2,3826.641,3 2,East,3,3,2
0,6,17,3,3827.184,3 2,South,3,3,2
0,6,17,2,3827.765,4 2,South,3,3,2
0,6,17,1,3828.304,4 2,East,3,3,2
0,6,17,2,3828.911,4 3,East,3,3,2
0,6,17,6,3829.32,4 3,East,3,4,2
0,6,17,2,3829.439,4 4,East,3,4,2
0,6,17,1,3830.404,4 4,North,3,4,2
0,6,17,2,3831.36,3 4,North,3,4,2
0,6,17,1,3831.951,3 4,West,3,4,2
0,6,17,2,3832.526,3 3,West,3,4,2
0,6,17,3,3833.092,3 3,North,3,4,2
0,6,17,2,3833.62,2 3,North,3,4,2
0,6,17,2,3834.628,1 3,North,3,4,2
0,6,17,2,3835.221,0 3,North,3,4,2
0,6,17,3,3835.744,0 3,East,3,4,2
0,6,17,2,3836.294,0 4,East,3,4,2
0,6,17,3,3836.895,0 4,South,3,4,2
0,6,17,3,3837.456,0 4,West,3,4,2
0,6,17,2,3838.16,0 3,West,3,4,2
0,6,17,1,3838.79,0 3,South,3,4,2
0,6,17,2,3839.366,1 3,South,3,4,2
0,6,17,2,3839.97,2 3,South,3,4,2
0,6,17,2,3840.496,3 3,South,3,4,2
0,6,17,1,3841.057,3 3,East,3,4,2
0,6,17,2,3841.601,3 4,East,3,4,2
0,6,17,3,3842.144,3 4,South,3,4,2
0,6,17,2,3842.723,4 4,South,3,4,2
0,6,17,3,3843.264,4 4,West,3,4,2
0,6,17,2,3843.809,4 3,West,3,4,2
0,6,17,2,3844.39,4 2,West,3,4,2
0,6,17,3,3844.913,4 2,North,3,4,2
0,6,17,2,3845.495,3 2,North,3,4,2
0,6,17,1,3846.053,3 2,West,3,4,2
0,6,17,2,3846.625,3 1,West,3,4,2
0,6,17,2,3847.199,3 0,West,3,4,2
0,6,17,3,3847.767,3 0,North,3,4,2
0,6,17,2,3848.336,2 0,North,3,4,2
0,6,17,2,3848.869,1 0,North,3,4,2
0,6,17,3,3849.84,1 0,East,3,4,2
0,6,17,2,3850.356,1 1,East,3,4,2
0,6,17,3,3850.942,1 1,South,3,4,2
0,6,17,2,3851.457,2 1,South,3,4,2
0,6,17,1,3851.97,2 1,East,3,4,2
0,6,17,2,3852.503,2 2,East,3,4,2
0,6,17,6,3852.92,2 2,East,3,5,2
0,6,17,1,3853.396,2 2,North,3,5,2
0,6,17,2,3854.303,1 2,North,3,5,2
0,6,17,1,3854.835,1 2,West,3,5,2
0,6,17,3,3855.582,1 2,North,3,5,2
0,6,17,2,3856.177,0 2,North,3,5,2
0,6,17,1,3856.824,0 2,West,3,5,2
0,6,17,1,3857.362,0 2,South,3,5,2
0,6,17,2,3857.926,1 2,South,3,5,2
0,6,17,2,3858.884,2 2,South,3,5,2
0,6,17,3,3859.427,2 2,West,3,5,2
0,6,17,2,3860.085,2 1,West,3,5,2
0,6,17,3,3860.627,2 1,North,3,5,2
0,6,17,2,3861.186,1 1,North,3,5,2
0,6,17,1,3861.7,1 1,West,3,5,2
0,6,17,2,3862.244,1 0,West,3,5,2
0,6,17,1,3862.816,1 0,South,3,5,2
0,6,17,2,3863.366,2 0,South,3,5,2
0,6,17,2,3863.911,3 0,South,3,5,2
0,6,17,1,3864.804,3 0,East,3,5,2
0,6,17,2,3865.348,3 1,East,3,5,2
0,6,17,2,3865.896,3 2,East,3,5,2
0,6,17,3,3866.902,3 2,South,3,5,2
0,6,17,2,3867.491,4 2,South,3,5,2
0,6,17,3,3868.069,4 2,West,3,5,2
0,6,17,2,3868.766,4 1,West,3,5,2
0,6,17,2,3869.345,4 0,West,3,5,2
0,6,17,6,3869.76,4 0,West,3,6,2
0,6,17,3,3869.877,4 0,North,3,6,2
0,6,17,3,3870.45,4 0,East,3,6,2
0,6,17,2,3871.012,4 1,East,3,6,2
0,6,17,2,3871.937,4 2,East,3,6,2
0,6,17,2,3872.534,4 3,East,3,6,2
0,6,17,2,3873.093,4 4,East,3,6,2
0,6,17,1,3873.988,4 4,North,3,6,2
0,6,17,2,3874.51,3 4,North,3,6,2
0,6,17,1,3875.424,3 4,West,3,6,2
0,6,17,2,3875.958,3 3,West,3,6,2
0,6,17,3,3876.531,3 3,North,3,6,2
0,6,17,2,3877.123,2 3,North,3,6,2
0,6,17,2,3877.776,1 3,North,3,6,2
0,6,17,2,3878.319,0 3,North,3,6,2
0,6,17,3,3878.855,0 3,East,3,6,2
0,6,17,2,3879.426,0 4,East,3,6,2
0,6,17,3,3879.987,0 4,South,3,6,2
0,6,17,3,3880.894,0 4,West,3,6,2
0,6,17,2,3881.686,0 3,West,3,6,2
0,6,17,1,3882.288,0 3,South,3,6,2
0,6,17,2,3882.805,1 3,South,3,6,2
0,6,17,2,3883.383,2 3,South,3,6,2
0,6,17,2,3883.938,3 3,South,3,6,2
0,6,17,1,3884.883,3 3,East,3,6,2
0,6,17,2,3885.459,3 4,East,3,6,2
0,6,17,3,3886.049,3 4,South,3,6,2
0,6,17,2,3886.638,4 4,South,3,6,2
0,6,17,3,3887.17,4 4,West,3,6,2
0,6,17,2,3887.826,4 3,West,3,6,2
0,6,17,2,3888.341,4 2,West,3,6,2
0,6,17,3,3889.302,4 2,North,3,6,2
0,6,17,2,3889.936,3 2,North,3,6,2
0,6,17,1,3890.846,3 2,West,3,6,2
0,6,17,2,3891.488,3 1,West,3,6,2
0,6,17,2,3892.034,3 0,West,3,6,2
0,6,17,3,3892.903,3 0,North,3,6,2
0,6,17,2,3893.475,2 0,North,3,6,2
0,6,17,2,3894.039,1 0,North,3,6,2
0,6,17,3,3894.993,1 0,East,3,6,2
0,6,17,2,3895.54,1 1,East,3,6,2
0,6,17,3,3896.055,1 1,South,3,6,2
0,6,17,2,3896.742,2 1,South,3,6,2
0,6,17,1,3897.346,2 1,East,3,6,2
0,6,17,2,3897.921,2 2,East,3,6,2
0,6,17,1,3898.487,2 2,North,3,6,2
0,6,17,2,3899.396,1 2,North,3,6,2
0,6,17,6,3899.78,1 2,North,3,7,2
0,6,17,2,3899.951,0 2,North,3,7,2
0,6,17,1,3900.483,0 2,West,3,7,2
0,6,17,1,3901.044,0 2,South,3,7,2
0,6,17,2,3901.603,1 2,South,3,7,2
0,6,17,2,3902.206,2 2,South,3,7,2
0,6,17,3,3902.743,2 2,West,3,7,2
0,6,17,2,3903.332,2 1,West,3,7,2
0,6,17,3,3903.859,2 1,North,3,7,2
0,6,17,2,3904.4,1 1,North,3,7,2
0,6,17,1,3904.944,1 1,West,3,7,2
0,6,17,2,3905.504,1 0,West,3,7,2
0,6,17,1,3906.03,1 0,South,3,7,2
0,6,17,2,3906.582,2 0,South,3,7,2
0,6,17,2,3907.142,3 0,South,3,7,2
0,6,17,1,3907.678,3 0,East,3,7,2
0,6,17,2,3908.233,3 1,East,3,7,2
0,6,17,2,3908.8,3 2,East,3,7,2
0,6,17,3,3909.318,3 2,South,3,7,2
0,6,17,2,3909.828,4 2,South,3,7,2
0,6,17,6,3910.22,4 2,South,3,8,2
2,6,17,1,3913.46,4 4,West,3,0,0
2,6,17,2,3915.15,4 3,West,3,0,0
2,6,17,2,3916.175,4 2,West,3,0,0
2,6,17,2,3917.808,4 1,West,3,0,0
2,6,17,2,3918.511,4 0,West,3,0,0
2,6,17,6,3918.92,4 0,West,3,1,0
2,6,17,3,3919.141,4 0,North,3,1,0
2,6,17,3,3919.774,4 0,East,3,1,0
2,6,17,2,3920.319,4 1,East,3,1,0
2,6,17,2,3921.253,4 2,East,3,1,0
2,6,17,2,3921.862,4 3,East,3,1,0
2,6,17,2,3922.399,4 4,East,3,1,0
2,6,17,1,3923.59,4 4,North,3,1,0
2,6,17,2,3924.224,3 4,North,3,1,0
2,6,17,1,3924.799,3 4,West,3,1,0
2,6,17,2,3925.407,3 3,West,3,1,0
2,6,17,3,3925.973,3 3,North,3,1,0
2,6,17,2,3926.502,2 3,North,3,1,0
2,6,17,2,3927.059,1 3,North,3,1,0
2,6,17,2,3927.603,0 3,North,3,1,0
2,6,17,3,3928.115,0 3,East,3,1,0
2,6,17,2,3928.677,0 4,East,3,1,0
2,6,17,3,3929.268,0 4,South,3,1,0
2,6,17,2,3929.793,1 4,South,3,1,0
2,6,17,2,3930.359,2 4,South,3,1,0
2,6,17,6,3930.74,2 4,South,3,2,0
2,6,17,3,3930.966,2 4,West,3,2,0
2,6,17,3,3931.503,2 4,North,3,2,0
2,6,17,2,3932.063,1 4,North,3,2,0
2,6,17,2,3932.641,0 4,North,3,2,0
2,6,17,1,3933.591,0 4,West,3,2,0
2,6,17,2,3934.195,0 3,West,3,2,0
2,6,17,1,3934.753,0 3,South,3,2,0
2,6,17,2,3935.31,1 3,South,3,2,0
2,6,17,2,3935.86,2 3,South,3,2,0
2,6,17,2,3936.689,3 3,South,3,2,0
2,6,17,1,3937.299,3 3,East,3,2,0
2,6,17,2,3937.858,3 4,East,3,2,0
2,6,17,3,3938.415,3 4,South,3,2,0
2,6,17,2,3938.991,4 4,South,3,2,0
2,6,17,3,3939.845,4 4,West,3,2,0
2,6,17,2,3940.431,4 3,West,3,2,0
2,6,17,6,3940.84,4 3,West,3,3,0
2,6,17,3,3941.201,4 3,North,3,3,0
2,6,17,1,3942.322,4 3,West,3,3,0
2,6,17,2,3942.98,4 2,West,3,3,0
2,6,17,3,3943.535,4 2,North,3,3,0
2,6,17,2,3944.2,3 2,North,3,3,0
2,6,17,1,3944.712,3 2,West,3,3,0
2,6,17,2,3945.329,3 1,West,3,3,0
2,6,17,2,3945.844,3 0,West,3,3,0
2,6,17,3,3946.851,3 0,North,3,3,0
2,6,17,2,3947.425,2 0,North,3,3,0
2,6,17,2,3948.002,1 0,North,3,3,0
2,6,17,3,3948.57,1 0,East,3,3,0
2,6,17,2,3949.583,1 1,East,3,3,0
2,6,17,3,3950.151,1 1,South,3,3,0
2,6,17,2,3950.711,2 1,South,3,3,0
2,6,17,1,3951.223,2 1,East,3,3,0
2,6,17,2,3951.84,2 2,East,3,3,0
2,6,17,1,3952.495,2 2,North,3,3,0
2,6,17,2,3953.141,1 2,North,3,3,0
2,6,17,6,3953.52,1 2,North,3,4,0
2,6,17,1,3953.795,1 2,West,3,4,0
2,6,17,1,3954.408,1 2,South,3,4,0
2,6,17,1,3955.06,1 2,East,3,4,0
2,6,17,2,3955.715,1 2,East,3,4,1
2,6,17,3,3957.329,1 2,South,3,4,1
2,6,17,2,3957.888,2 2,South,3,4,1
2,6,17,3,3958.405,2 2,West,3,4,1
2,6,17,2,3958.928,2 1,West,3,4,1
2,6,17,1,3959.493,2 1,South,3,4,1
2,6,17,2,3960.065,2 1,South,3,4,2
2,6,17,3,3961.478,2 1,West,3,4,2
2,6,17,2,3962.052,2 1,West,3,4,3
2,6,17,1,3962.63,2 1,South,3,4,3
2,6,17,1,3963.215,2 1,East,3,4,3
2,6,17,1,3965.407,2 1,North,3,4,3
2,6,17,2,3966.014,1 1,North,3,4,3
2,6,17,1,3966.87,1 1,West,3,4,3
2,6,17,2,3967.414,1 0,West,3,4,3
2,6,17,1,3968.322,1 0,South,3,4,3
2,6,17,2,3968.915,2 0,South,3,4,3
2,6,17,2,3969.488,3 0,South,3,4,3
2,6,17,1,3970.102,3 0,East,3,4,3
2,6,17,2,3970.711,3 1,East,3,4,3
2,6,17,3,3971.57,3 1,South,3,4,3
2,6,17,1,3972.096,3 1,East,3,4,3
2,6,17,2,3972.675,3 2,East,3,4,3
2,6,17,3,3973.639,3 2,South,3,4,3
2,6,17,2,3974.242,4 2,South,3,4,3
2,6,17,1,3974.759,4 2,East,3,4,3
2,6,17,2,3975.333,4 3,East,3,4,3
2,6,17,2,3975.919,4 4,East,3,4,3
2,6,17,1,3976.45,4 4,North,3,4,3
2,6,17,2,3977.073,3 4,North,3,4,3
2,6,17,1,3977.682,3 4,West,3,4,3
2,6,17,2,3978.296,3 3,West,3,4,3
2,6,17,3,3978.884,3 3,North,3,4,3
2,6,17,2,3979.494,2 3,North,3,4,3
2,6,17,2,3980.1,1 3,North,3,4,3
2,6,17,2,3980.692,0 3,North,3,4,3
2,6,17,3,3981.219,0 3,East,3,4,3
2,6,17,2,3981.825,0 4,East,3,4,3
2,6,17,6,3982.24,0 4,East,3,5,3
2,6,17,3,3982.384,0 4,South,3,5,3
2,6,17,3,3982.95,0 4,West,3,5,3
2,6,17,2,3983.56,0 3,West,3,5,3
2,6,17,1,3984.114,0 3,South,3,5,3
2,6,17,2,3984.72,1 3,South,3,5,3
2,6,17,2,3985.298,2 3,South,3,5,3
2,6,17,2,3985.807,3 3,South,3,5,3
2,6,17,1,3986.341,3 3,East,3,5,3
2,6,17,2,3986.895,3 4,East,3,5,3
2,6,17,3,3987.462,3 4,South,3,5,3
2,6,17,2,3988.113,4 4,South,3,5,3
2,6,17,3,3988.739,4 4,West,3,5,3
2,6,17,2,3989.284,4 3,West,3,5,3
2,6,17,2,3989.855,4 2,West,3,5,3
2,6,17,6,3990.26,4 2,West,3,6,3
2,6,17,3,3990.382,4 2,North,3,6,3
2,6,17,3,3990.929,4 2,East,3,6,3
2,6,17,2,3991.519,4 3,East,3,6,3
2,6,17,2,3992.116,4 4,East,3,6,3
2,6,17,1,3993.028,4 4,North,3,6,3
2,6,17,2,3993.648,3 4,North,3,6,3
2,6,17,1,3994.241,3 4,West,3,6,3
2,6,17,2,3994.791,3 3,West,3,6,3
2,6,17,3,3995.398,3 3,North,3,6,3
2,6,17,2,3996.03,2 3,North,3,6,3
2,6,17,2,3996.645,1 3,North,3,6,3
2,6,17,2,3997.167,0 3,North,3,6,3
2,6,17,3,3998.135,0 3,East,3,6,3
2,6,17,2,3998.789,0 4,East,3,6,3
2,6,17,3,3999.477,0 4,South,3,6,3
2,6,17,2,4000.131,1 4,South,3,6,3
2,6,17,6,4000.5,1 4,South,3,7,3
2,6,17,3,4000.705,1 4,West,3,7,3
2,6,17,3,4001.331,1 4,North,3,7,3
2,6,17,2,4001.907,0 4,North,3,7,3
2,6,17,1,4002.79,0 4,West,3,7,3
2,6,17,2,4003.383,0 3,West,3,7,3
2,6,17,1,4004.286,0 3,South,3,7,3
2,6,17,2,4004.9,1 3,South,3,7,3
2,6,17,2,4005.471,2 3,South,3,7,3
2,6,17,1,4006.116,2 3,East,3,7,3
2,6,17,3,4006.659,2 3,South,3,7,3
2,6,17,2,4007.326,3 3,South,3,7,3
2,6,17,1,4007.909,3 3,East,3,7,3
2,6,17,2,4008.534,3 4,East,3,7,3
2,6,17,3,4009.12,3 4,South,3,7,3
2,6,17,2,4009.684,4 4,South,3,7,3
2,6,17,3,4010.254,4 4,West,3,7,3
2,6,17,2,4010.817,4 3,West,3,7,3
2,6,17,2,4011.379,4 2,West,3,7,3
2,6,17,3,4011.953,4 2,North,3,7,3
2,6,17,2,4012.532,3 2,North,3,7,3
2,6,17,1,4013.137,3 2,West,3,7,3
2,6,17,2,4013.78,3 1,West,3,7,3
2,6,17,2,4014.334,3 0,West,3,7,3
2,6,17,3,4014.853,3 0,North,3,7,3
2,6,17,2,4015.457,2 0,North,3,7,3
2,6,17,2,4016.031,1 0,North,3,7,3
2,6,17,3,4016.548,1 0,East,3,7,3
2,6,17,2,4017.11,1 1,East,3,7,3
2,6,17,3,4017.668,1 1,South,3,7,3
2,6,17,2,4018.239,2 1,South,3,7,3
2,6,17,1,4018.785,2 1,East,3,7,3
2,6,17,2,4019.315,2 2,East,3,7,3
2,6,17,1,4019.845,2 2,North,3,7,3
2,6,17,2,4020.386,1 2,North,3,7,3
2,6,17,2,4020.928,0 2,North,3,7,3
2,6,17,6,4021.32,0 2,North,3,8,3
0,6,18,2,4053.073,3 4,North,3,0,3
0,6,18,1,4053.636,3 4,West,3,0,3
0,6,18,2,4054.239,3 3,West,3,0,3
0,6,18,3,4054.757,3 3,North,3,0,3
0,6,18,2,4055.361,2 3,North,3,0,3
0,6,18,2,4055.908,1 3,North,3,0,3
0,6,18,2,4056.482,0 3,North,3,0,3
0,6,18,3,4057.024,0 3,East,3,0,3
0,6,18,2,4057.656,0 4,East,3,0,3
0,6,18,3,4058.244,0 4,South,3,0,3
0,6,18,3,4058.768,0 4,West,3,0,3
0,6,18,2,4059.38,0 3,West,3,0,3
0,6,18,1,4059.907,0 3,South,3,0,3
0,6,18,2,4060.549,1 3,South,3,0,3
0,6,18,2,4061.094,2 3,South,3,0,3
0,6,18,2,4062.085,3 3,South,3,0,3
0,6,18,1,4062.726,3 3,East,3,0,3
0,6,18,2,4063.411,3 4,East,3,0,3
0,6,18,3,4063.984,3 4,South,3,0,3
0,6,18,2,4064.559,4 4,South,3,0,3
0,6,18,3,4065.136,4 4,West,3,0,3
0,6,18,2,4065.699,4 3,West,3,0,3
0,6,18,2,4066.215,4 2,West,3,0,3
0,6,18,3,4066.817,4 2,North,3,0,3
0,6,18,2,4067.342,3 2,North,3,0,3
0,6,18,1,4067.888,3 2,West,3,0,3
0,6,18,2,4068.434,3 1,West,3,0,3
0,6,18,2,4069.383,3 0,West,3,0,3
0,6,18,3,4069.936,3 0,North,3,0,3
0,6,18,2,4070.451,2 0,North,3,0,3
0,6,18,2,4071.015,1 0,North,3,0,3
0,6,18,3,4071.954,1 0,East,3,0,3
0,6,18,2,4072.574,1 1,East,3,0,3
0,6,18,6,4072.98,1 1,East,3,1,3
0,6,18,3,4073.447,1 1,South,3,1,3
0,6,18,2,4073.984,2 1,South,3,1,3
0,6,18,3,4074.77,2 1,West,3,1,3
0,6,18,3,4075.288,2 1,North,3,1,3
0,6,18,2,4075.862,1 1,North,3,1,3
0,6,18,1,4076.502,1 1,West,3,1,3
0,6,18,2,4077.093,1 0,West,3,1,3
0,6,18,1,4077.638,1 0,South,3,1,3
0,6,18,2,4078.23,2 0,South,3,1,3
0,6,18,6,4078.6,2 0,South,3,2,3
0,6,18,2,4078.775,3 0,South,3,2,3
0,6,18,1,4079.295,3 0,East,3,2,3
0,6,18,2,4079.823,3 1,East,3,2,3
0,6,18,2,4080.373,3 2,East,3,2,3
0,6,18,3,4081.27,3 2,South,3,2,3
0,6,18,2,4081.795,4 2,South,3,2,3
0,6,18,1,4082.336,4 2,East,3,2,3
0,6,18,2,4082.885,4 3,East,3,2,3
0,6,18,2,4083.409,4 4,East,3,2,3
0,6,18,1,4084.352,4 4,North,3,2,3
0,6,18,2,4084.896,3 4,North,3,2,3
0,6,18,1,4085.822,3 4,West,3,2,3
0,6,18,2,4086.406,3 3,West,3,2,3
0,6,18,3,4087.281,3 3,North,3,2,3
0,6,18,2,4088.272,2 3,North,3,2,3
0,6,18,2,4088.789,1 3,North,3,2,3
0,6,18,2,4089.746,0 3,North,3,2,3
0,6,18,3,4090.4,0 3,East,3,2,3
0,6,18,2,4090.944,0 4,East,3,2,3
0,6,18,3,4091.494,0 4,South,3,2,3
0,6,18,3,4092.019,0 4,West,3,2,3
0,6,18,2,4092.562,0 3,West,3,2,3
0,6,18,1,4093.167,0 3,South,3,2,3
0,6,18,2,4093.749,1 3,South,3,2,3
0,6,18,2,4094.324,2 3,South,3,2,3
0,6,18,2,4094.869,3 3,South,3,2,3
0,6,18,1,4095.83,3 3,East,3,2,3
0,6,18,2,4096.42,3 4,East,3,2,3
0,6,18,3,4096.947,3 4,South,3,2,3
0,6,18,2,4097.507,4 4,South,3,2,3
0,6,18,3,4098.05,4 4,West,3,2,3
0,6,18,2,4098.592,4 3,West,3,2,3
0,6,18,2,4099.126,4 2,West,3,2,3
0,6,18,3,4099.685,4 2,North,3,2,3
0,6,18,2,4100.209,3 2,North,3,2,3
0,6,18,1,4101.127,3 2,West,3,2,3
0,6,18,2,4101.76,3 1,West,3,2,3
0,6,18,2,4102.275,3 0,West,3,2,3
0,6,18,3,4103.111,3 0,North,3,2,3
0,6,18,2,4103.729,2 0,North,3,2,3
0,6,18,2,4104.263,1 0,North,3,2,3
0,6,18,3,4105.236,1 0,East,3,2,3
0,6,18,2,4105.839,1 1,East,3,2,3
0,6,18,3,4106.382,1 1,South,3,2,3
0,6,18,2,4106.964,2 1,South,3,2,3
0,6,18,1,4107.621,2 1,East,3,2,3
0,6,18,2,4108.207,2 2,East,3,2,3
0,6,18,1,4108.741,2 2,North,3,2,3
0,6,18,2,4109.284,1 2,North,3,2,3
0,6,18,1,4109.892,1 2,West,3,2,3
0,6,18,3,4110.464,1 2,North,3,2,3
0,6,18,2,4111.032,0 2,North,3,2,3
0,6,18,1,4111.602,0 2,West,3,2,3
0,6,18,2,4112.152,0 1,West,3,2,3
0,6,18,6,4112.56,0 1,West,3,3,3
0,6,18,1,4112.682,0 1,South,3,3,3
0,6,18,1,4113.268,0 1,East,3,3,3
0,6,18,2,4113.783,0 2,East,3,3,3
0,6,18,3,4114.373,0 2,South,3,3,3
0,6,18,2,4115.361,1 2,South,3,3,3
0,6,18,2,4115.973,2 2,South,3,3,3
0,6,18,3,4116.805,2 2,West,3,3,3
0,6,18,2,4117.474,2 1,West,3,3,3
0,6,18,3,4118.446,2 1,North,3,3,3
0,6,18,2,4119.028,1 1,North,3,3,3
0,6,18,1,4119.678,1 1,West,3,3,3
0,6,18,2,4120.289,1 0,West,3,3,3
0,6,18,1,4120.898,1 0,South,3,3,3
0,6,18,2,4121.536,2 0,South,3,3,3
0,6,18,2,4122.099,3 0,South,3,3,3
0,6,18,1,4122.959,3 0,East,3,3,3
0,6,18,2,4123.569,3 1,East,3,3,3
0,6,18,2,4124.131,3 2,East,3,3,3
0,6,18,3,4124.655,3 2,South,3,3,3
0,6,18,2,4125.254,4 2,South,3,3,3
0,6,18,1,4125.767,4 2,East,3,3,3
0,6,18,2,4126.328,4 3,East,3,3,3
0,6,18,2,4126.895,4 4,East,3,3,3
0,6,18,1,4127.604,4 4,North,3,3,3
0,6,18,2,4128.215,3 4,North,3,3,3
0,6,18,1,4128.769,3 4,West,3,3,3
0,6,18,2,4129.364,3 3,West,3,3,3
0,6,18,3,4130.271,3 3,North,3,3,3
0,6,18,2,4130.814,2 3,North,3,3,3
0,6,18,2,4131.4,1 3,North,3,3,3
0,6,18,2,4131.924,0 3,North,3,3,3
0,6,18,3,4132.438,0 3,East,3,3,3
0,6,18,2,4132.996,0 4,East,3,3,3
0,6,18,3,4133.538,0 4,South,3,3,3
0,6,18,2,4134.102,1 4,South,3,3,3
0,6,18,6,4134.48,1 4,South,3,4,3
0,6,18,3,4134.678,1 4,West,3,4,3
0,6,18,3,4135.224,1 4,North,3,4,3
0,6,18,2,4135.764,0 4,North,3,4,3
0,6,18,1,4136.338,0 4,West,3,4,3
0,6,18,2,4136.872,0 3,West,3,4,3
0,6,18,1,4137.407,0 3,South,3,4,3
0,6,18,2,4138.02,1 3,South,3,4,3
0,6,18,2,4138.655,2 3,South,3,4,3
0,6,18,2,4139.239,3 3,South,3,4,3
0,6,18,6,4139.62,3 3,South,3,5,3
0,6,18,1,4139.843,3 3,East,3,5,3
0,6,18,2,4140.406,3 4,East,3,5,3
0,6,18,3,4141.01,3 4,South,3,5,3
0,6,18,2,4141.553,4 4,South,3,5,3
0,6,18,3,4142.115,4 4,West,3,5,3
0,6,18,2,4142.678,4 3,West,3,5,3
0,6,18,2,4143.251,4 2,West,3,5,3
0,6,18,3,4143.944,4 2,North,3,5,3
0,6,18,2,4144.881,3 2,North,3,5,3
0,6,18,1,4145.648,3 2,West,3,5,3
0,6,18,2,4146.286,3 1,West,3,5,3
0,6,18,2,4146.839,3 0,West,3,5,3
0,6,18,3,4147.391,3 0,North,3,5,3
0,6,18,2,4147.983,2 0,North,3,5,3
0,6,18,2,4148.546,1 0,North,3,5,3
0,6,18,3,4149.09,1 0,East,3,5,3
0,6,18,2,4149.664,1 1,East,3,5,3
0,6,18,3,4150.259,1 1,South,3,5,3
0,6,18,2,4150.774,2 1,South,3,5,3
0,6,18,1,4151.351,2 1,East,3,5,3
0,6,18,2,4151.905,2 2,East,3,5,3
0,6,18,1,4152.502,2 2,North,3,5,3
0,6,18,2,4153.058,1 2,North,3,5,3
0,6,18,2,4153.846,0 2,North,3,5,3
0,6,18,1,4154.689,0 2,West,3,5,3
0,6,18,1,4155.203,0 2,South,3,5,3
0,6,18,2,4155.72,1 2,South,3,5,3
0,6,18,2,4156.255,2 2,South,3,5,3
0,6,18,3,4157.12,2 2,West,3,5,3
0,6,18,2,4157.71,2 1,West,3,5,3
0,6,18,3,4158.302,2 1,North,3,5,3
0,6,18,2,4158.816,1 1,North,3,5,3
0,6,18,1,4159.35,1 1,West,3,5,3
0,6,18,2,4159.905,1 0,West,3,5,3
0,6,18,1,4160.467,1 0,South,3,5,3
0,6,18,2,4161.029,2 0,South,3,5,3
0,6,18,2,4161.601,3 0,South,3,5,3
0,6,18,1,4162.213,3 0,East,3,5,3
0,6,18,2,4162.895,3 1,East,3,5,3
0,6,18,2,4163.491,3 2,East,3,5,3
0,6,18,3,4164.063,3 2,South,3,5,3
0,6,18,2,4164.646,4 2,South,3,5,3
0,6,18,1,4165.216,4 2,East,3,5,3
0,6,18,2,4165.76,4 3,East,3,5,3
0,6,18,2,4166.369,4 4,East,3,5,3
0,6,18,1,4166.933,4 4,North,3,5,3
0,6,18,2,4167.495,3 4,North,3,5,3
0,6,18,1,4168.142,3 4,West,3,5,3
0,6,18,2,4168.722,3 3,West,3,5,3
0,6,18,3,4169.599,3 3,North,3,5,3
0,6,18,2,4170.162,2 3,North,3,5,3
0,6,18,2,4170.719,1 3,North,3,5,3
0,6,18,2,4171.266,0 3,North,3,5,3
0,6,18,3,4171.809,0 3,East,3,5,3
0,6,18,2,4172.389,0 4,East,3,5,3
0,6,18,6,4172.8,0 4,East,3,6,3
0,6,18,3,4172.932,0 4,South,3,6,3
0,6,18,3,4173.477,0 4,West,3,6,3
0,6,18,2,4174.005,0 3,West,3,6,3
0,6,18,1,4174.551,0 3,South,3,6,3
0,6,18,2,4175.106,1 3,South,3,6,3
0,6,18,2,4176.095,2 3,South,3,6,3
0,6,18,2,4176.679,3 3,South,3,6,3
0,6,18,1,4177.623,3 3,East,3,6,3
0,6,18,2,4178.241,3 4,East,3,6,3
0,6,18,3,4178.786,3 4,South,3,6,3
0,6,18,2,4179.317,4 4,South,3,6,3
0,6,18,3,4179.888,4 4,West,3,6,3
0,6,18,2,4180.479,4 3,West,3,6,3
0,6,18,2,4181.012,4 2,West,3,6,3
0,6,18,3,4181.574,4 2,North,3,6,3
0,6,18,2,4182.117,3 2,North,3,6,3
0,6,18,1,4182.695,3 2,West,3,6,3
0,6,18,2,4183.248,3 1,West,3,6,3
0,6,18,6,4183.66,3 1,West,3,7,3
0,6,18,2,4183.863,3 0,West,3,7,3
0,6,18,3,4184.434,3 0,North,3,7,3
0,6,18,2,4184.979,2 0,North,3,7,3
0,6,18,2,4185.589,1 0,North,3,7,3
0,6,18,3,4186.277,1 0,East,3,7,3
0,6,18,2,4186.832,1 1,East,3,7,3
0,6,18,3,4187.445,1 1,South,3,7,3
0,6,18,2,4188.036,2 1,South,3,7,3
0,6,18,1,4188.655,2 1,East,3,7,3
0,6,18,2,4189.232,2 2,East,3,7,3
0,6,18,1,4189.78,2 2,North,3,7,3
0,6,18,2,4190.37,1 2,North,3,7,3
0,6,18,2,4191.365,0 2,North,3,7,3
0,6,18,1,4191.954,0 2,West,3,7,3
0,6,18,1,4192.486,0 2,South,3,7,3
0,6,18,2,4193.03,1 2,South,3,7,3
0,6,18,2,4193.615,2 2,South,3,7,3
0,6,18,3,4194.129,2 2,West,3,7,3
0,6,18,2,4194.657,2 1,West,3,7,3
0,6,18,3,4195.22,2 1,North,3,7,3
0,6,18,2,4195.781,1 1,North,3,7,3
0,6,18,1,4196.336,1 1,West,3,7,3
0,6,18,2,4196.87,1 0,West,3,7,3
0,6,18,1,4197.41,1 0,South,3,7,3
0,6,18,2,4197.972,2 0,South,3,7,3
0,6,18,2,4198.494,3 0,South,3,7,3
0,6,18,1,4199.363,3 0,East,3,7,3
0,6,18,2,4199.877,3 1,East,3,7,3
0,6,18,2,4200.405,3 2,East,3,7,3
0,6,18,3,4201.312,3 2,South,3,7,3
0,6,18,2,4201.902,4 2,South,3,7,3
0,6,18,1,4202.527,4 2,East,3,7,3
0,6,18,2,4203.078,4 3,East,3,7,3
0,6,18,2,4203.621,4 4,East,3,7,3
0,6,18,1,4204.527,4 4,North,3,7,3
0,6,18,2,4205.298,3 4,North,3,7,3
0,6,18,1,4205.927,3 4,West,3,7,3
0,6,18,2,4206.5,3 3,West,3,7,3
0,6,18,3,4207.121,3 3,North,3,7,3
0,6,18,2,4207.664,2 3,North,3,7,3
0,6,18,2,4208.264,1 3,North,3,7,3
0,6,18,2,4209.016,0 3,North,3,7,3
0,6,18,6,4209.4,0 3,North,3,8,3
2,6,18,2,4213.795,3 4,North,3,0,0
2,6,18,1,4214.321,3 4,West,3,0,0
2,6,18,2,4214.833,3 3,West,3,0,0
2,6,18,3,4215.727,3 3,North,3,0,0
2,6,18,2,4216.292,2 3,North,3,0,0
2,6,18,2,4216.87,1 3,North,3,0,0
2,6,18,2,4217.393,0 3,North,3,0,0
2,6,18,6,4217.78,0 3,North,3,1,0
2,6,18,3,4217.921,0 3,East,3,1,0
2,6,18,3,4218.483,0 3,South,3,1,0
2,6,18,2,4219.026,1 3,South,3,1,0
2,6,18,2,4219.574,2 3,South,3,1,0
2,6,18,2,4220.114,3 3,South,3,1,0
2,6,18,1,4220.639,3 3,East,3,1,0
2,6,18,2,4221.201,3 4,East,3,1,0
2,6,18,3,4221.718,3 4,South,3,1,0
2,6,18,2,4222.271,4 4,South,3,1,0
2,6,18,3,4222.839,4 4,West,3,1,0
2,6,18,2,4223.614,4 3,West,3,1,0
2,6,18,2,4224.292,4 2,West,3,1,0
2,6,18,3,4224.895,4 2,North,3,1,0
2,6,18,2,4225.462,3 2,North,3,1,0
2,6,18,1,4226,3 2,West,3,1,0
2,6,18,2,4226.548,3 1,West,3,1,0
2,6,18,2,4227.119,3 0,West,3,1,0
2,6,18,3,4227.667,3 0,North,3,1,0
2,6,18,2,4228.222,2 0,North,3,1,0
2,6,18,6,4228.6,2 0,North,3,2,0
2,6,18,3,4228.769,2 0,East,3,2,0
2,6,18,3,4229.457,2 0,South,3,2,0
2,6,18,2,4230.103,3 0,South,3,2,0
2,6,18,1,4230.658,3 0,East,3,2,0
2,6,18,2,4231.236,3 1,East,3,2,0
2,6,18,3,4232.105,3 1,South,3,2,0
2,6,18,1,4232.656,3 1,East,3,2,0
2,6,18,2,4233.235,3 2,East,3,2,0
2,6,18,3,4233.782,3 2,South,3,2,0
2,6,18,2,4234.384,4 2,South,3,2,0
2,6,18,1,4234.948,4 2,East,3,2,0
2,6,18,2,4235.713,4 3,East,3,2,0
2,6,18,2,4236.279,4 4,East,3,2,0
2,6,18,1,4236.816,4 4,North,3,2,0
2,6,18,2,4237.392,3 4,North,3,2,0
2,6,18,1,4237.954,3 4,West,3,2,0
2,6,18,2,4238.486,3 3,West,3,2,0
2,6,18,3,4239.044,3 3,North,3,2,0
2,6,18,2,4239.617,2 3,North,3,2,0
2,6,18,2,4240.177,1 3,North,3,2,0
2,6,18,2,4240.719,0 3,North,3,2,0
2,6,18,3,4241.231,0 3,East,3,2,0
2,6,18,2,4241.76,0 4,East,3,2,0
2,6,18,6,4242.18,0 4,East,3,3,0
2,6,18,3,4242.323,0 4,South,3,3,0
2,6,18,3,4242.897,0 4,West,3,3,0
2,6,18,2,4243.442,0 3,West,3,3,0
2,6,18,1,4243.968,0 3,South,3,3,0
2,6,18,2,4244.512,1 3,South,3,3,0
2,6,18,6,4244.88,1 3,South,3,4,0
2,6,18,3,4245.112,1 3,West,3,4,0
2,6,18,1,4246.082,1 3,South,3,4,0
2,6,18,2,4246.706,2 3,South,3,4,0
2,6,18,2,4247.297,3 3,South,3,4,0
2,6,18,1,4247.862,3 3,East,3,4,0
2,6,18,2,4248.417,3 4,East,3,4,0
2,6,18,3,4248.946,3 4,South,3,4,0
2,6,18,2,4249.537,4 4,South,3,4,0
2,6,18,3,4250.08,4 4,West,3,4,0
2,6,18,2,4250.664,4 3,West,3,4,0
2,6,18,2,4251.201,4 2,West,3,4,0
2,6,18,3,4251.718,4 2,North,3,4,0
2,6,18,2,4252.278,3 2,North,3,4,0
2,6,18,1,4252.854,3 2,West,3,4,0
2,6,18,2,4253.393,3 1,West,3,4,0
2,6,18,2,4253.938,3 0,West,3,4,0
2,6,18,3,4254.867,3 0,North,3,4,0
2,6,18,2,4255.423,2 0,North,3,4,0
2,6,18,2,4255.976,1 0,North,3,4,0
2,6,18,3,4256.504,1 0,East,3,4,0
2,6,18,2,4257.076,1 1,East,3,4,0
2,6,18,3,4257.619,1 1,South,3,4,0
2,6,18,2,4258.224,2 1,South,3,4,0
2,6,18,1,4258.755,2 1,East,3,4,0
2,6,18,2,4259.313,2 2,East,3,4,0
2,6,18,1,4259.873,2 2,North,3,4,0
2,6,18,2,4260.481,1 2,North,3,4,0
2,6,18,2,4261.062,0 2,North,3,4,0
2,6,18,1,4261.894,0 2,West,3,4,0
2,6,18,2,4262.466,0 1,West,3,4,0
2,6,18,2,4263.075,0 0,West,3,4,0
2,6,18,6,4263.48,0 0,West,3,5,0
2,6,18,3,4263.649,0 0,North,3,5,0
2,6,18,3,4264.197,0 0,East,3,5,0
2,6,18,2,4264.711,0 1,East,3,5,0
2,6,18,2,4265.253,0 2,East,3,5,0
2,6,18,3,4266.198,0 2,South,3,5,0
2,6,18,2,4266.709,1 2,South,3,5,0
2,6,18,2,4267.249,2 2,South,3,5,0
2,6,18,3,4267.807,2 2,West,3,5,0
2,6,18,2,4268.321,2 1,West,3,5,0
2,6,18,3,4268.835,2 1,North,3,5,0
2,6,18,2,4269.698,1 1,North,3,5,0
2,6,18,1,4270.274,1 1,West,3,5,0
2,6,18,2,4270.818,1 0,West,3,5,0
2,6,18,1,4271.427,1 0,South,3,5,0
2,6,18,2,4272.372,2 0,South,3,5,0
2,6,18,2,4272.926,3 0,South,3,5,0
2,6,18,1,4273.454,3 0,East,3,5,0
2,6,18,2,4274.038,3 1,East,3,5,0
2,6,18,2,4274.625,3 2,East,3,5,0
2,6,18,3,4275.186,3 2,South,3,5,0
2,6,18,2,4275.731,4 2,South,3,5,0
2,6,18,1,4276.31,4 2,East,3,5,0
2,6,18,2,4276.887,4 3,East,3,5,0
2,6,18,2,4277.425,4 4,East,3,5,0
2,6,18,1,4278.37,4 4,North,3,5,0
2,6,18,2,4278.982,3 4,North,3,5,0
2,6,18,1,4279.559,3 4,West,3,5,0
2,6,18,2,4280.098,3 3,West,3,5,0
2,6,18,3,4280.622,3 3,North,3,5,0
2,6,18,2,4281.208,2 3,North,3,5,0
2,6,18,2,4281.746,1 3,North,3,5,0
2,6,18,2,4282.318,0 3,North,3,5,0
2,6,18,3,4282.866,0 3,East,3,5,0
2,6,18,2,4283.406,0 4,East,3,5,0
2,6,18,3,4283.975,0 4,South,3,5,0
2,6,18,2,4284.532,1 4,South,3,5,0
2,6,18,6,4284.92,1 4,South,3,6,0
2,6,18,3,4285.087,1 4,West,3,6,0
2,6,18,3,4285.687,1 4,North,3,6,0
2,6,18,2,4286.263,0 4,North,3,6,0
2,6,18,1,4287.106,0 4,West,3,6,0
2,6,18,2,4287.651,0 3,West,3,6,0
2,6,18,1,4288.197,0 3,South,3,6,0
2,6,18,2,4288.774,1 3,South,3,6,0
2,6,18,2,4289.314,2 3,South,3,6,0
2,6,18,2,4289.892,3 3,South,3,6,0
2,6,18,1,4290.42,3 3,East,3,6,0
2,6,18,2,4291.062,3 4,East,3,6,0
2,6,18,3,4291.622,3 4,South,3,6,0
2,6,18,2,4292.177,4 4,South,3,6,0
2,6,18,3,4292.787,4 4,West,3,6,0
2,6,18,2,4293.362,4 3,West,3,6,0
2,6,18,2,4293.89,4 2,West,3,6,0
2,6,18,3,4294.436,4 2,North,3,6,0
2,6,18,2,4294.975,3 2,North,3,6,0
2,6,18,1,4295.524,3 2,West,3,6,0
2,6,18,2,4296.063,3 1,West,3,6,0
2,6,18,2,4296.606,3 0,West,3,6,0
2,6,18,3,4297.138,3 0,North,3,6,0
2,6,18,2,4297.673,2 0,North,3,6,0
2,6,18,2,4298.247,1 0,North,3,6,0
2,6,18,3,4298.805,1 0,East,3,6,0
2,6,18,2,4299.347,1 1,East,3,6,0
2,6,18,3,4299.877,1 1,South,3,6,0
2,6,18,2,4300.447,2 1,South,3,6,0
2,6,18,1,4301.008,2 1,East,3,6,0
2,6,18,2,4301.576,2 2,East,3,6,0
2,6,18,1,4302.132,2 2,North,3,6,0
2,6,18,2,4302.674,1 2,North,3,6,0
2,6,18,2,4303.218,0 2,North,3,6,0
2,6,18,1,4303.796,0 2,West,3,6,0
2,6,18,2,4304.312,0 1,West,3,6,0
2,6,18,6,4304.72,0 1,West,3,7,0
2,6,18,1,4304.882,0 1,South,3,7,0
2,6,18,1,4305.447,0 1,East,3,7,0
2,6,18,2,4306,0 2,East,3,7,0
2,6,18,3,4306.543,0 2,South,3,7,0
2,6,18,2,4307.093,1 2,South,3,7,0
2,6,18,2,4307.62,2 2,South,3,7,0
2,6,18,3,4308.177,2 2,West,3,7,0
2,6,18,2,4309.153,2 1,West,3,7,0
2,6,18,3,4309.735,2 1,North,3,7,0
2,6,18,2,4310.324,1 1,North,3,7,0
2,6,18,1,4310.879,1 1,West,3,7,0
2,6,18,2,4311.393,1 0,West,3,7,0
2,6,18,1,4311.935,1 0,South,3,7,0
2,6,18,2,4312.545,2 0,South,3,7,0
2,6,18,2,4313.072,3 0,South,3,7,0
2,6,18,1,4313.62,3 0,East,3,7,0
2,6,18,2,4314.231,3 1,East,3,7,0
2,6,18,6,4314.64,3 1,East,3,8,0
