PhaseView,Run,Trial,Key,Time,Location,Direction,MazeType,Diamonds,WallBumped
0,3,7,2,501.3389,3 4,North,2,0,0
0,3,7,2,502.2176,2 4,North,2,0,0
0,3,7,2,503.1629,1 4,North,2,0,0
0,3,7,2,504.2053,0 4,North,2,0,0
0,3,7,1,504.76,0 4,West,2,0,0
0,3,7,3,506.6645,0 4,North,2,0,0
0,3,7,1,508.2625,0 4,West,2,0,0
0,3,7,1,508.9394,0 4,South,2,0,0
0,3,7,3,510.1173,0 4,West,2,0,0
0,3,7,1,510.9046,0 4,South,2,0,0
0,3,7,3,512.0245,0 4,West,2,0,0
0,3,7,1,513.1757,0 4,South,2,0,0
0,3,7,2,514.2663,1 4,South,2,0,0
0,3,7,3,515.175,1 4,West,2,0,0
0,3,7,2,515.8177,1 3,West,2,0,0
0,3,7,1,516.7565,1 3,South,2,0,0
0,3,7,2,517.389,2 3,South,2,0,0
0,3,7,3,517.9096,2 3,West,2,0,0
0,3,7,2,518.4761,2 2,West,2,0,0
0,3,7,3,519.3961,2 2,North,2,0,0
0,3,7,2,519.9088,1 2,North,2,0,0
0,3,7,2,520.7609,0 2,North,2,0,0
0,3,7,1,521.6238,0 2,West,2,0,0
0,3,7,2,522.1968,0 1,West,2,0,0
0,3,7,1,523.788,0 1,South,2,0,0
0,3,7,1,524.7966,0 1,East,2,0,0
0,3,7,2,525.4484,0 2,East,2,0,0
0,3,7,3,525.9754,0 2,South,2,0,0
0,3,7,2,526.6182,1 2,South,2,0,0
0,3,7,1,527.3057,1 2,East,2,0,0
0,3,7,3,528.1995,1 2,South,2,0,0
0,3,7,2,528.7733,2 2,South,2,0,0
0,3,7,1,529.7075,2 2,East,2,0,0
0,3,7,2,530.4703,2 3,East,2,0,0
0,3,7,1,530.9877,2 3,North,2,0,0
0,3,7,2,531.5818,1 3,North,2,0,0
0,3,7,3,533.0518,1 3,East,2,0,0
0,3,7,3,533.9012,1 3,South,2,0,0
0,3,7,2,534.518,2 3,South,2,0,0
0,3,7,3,535.1307,2 3,West,2,0,0
0,3,7,3,535.6575,2 3,North,2,0,0
0,3,7,1,539.4785,2 3,West,2,0,0
0,3,7,2,540.4106,2 2,West,2,0,0
0,3,7,3,541.1605,2 2,North,2,0,0
0,3,7,2,541.7641,1 2,North,2,0,0
0,3,7,2,542.4774,0 2,North,2,0,0
0,3,7,1,543.0017,0 2,West,2,0,0
0,3,7,3,547.1113,0 2,North,2,0,0
0,3,7,3,547.8642,0 2,East,2,0,0
0,3,7,3,548.7758,0 2,South,2,0,0
0,3,7,2,549.7166,1 2,South,2,0,0
0,3,7,2,550.2961,2 2,South,2,0,0
0,3,7,1,551.1461,2 2,East,2,0,0
0,3,7,2,551.7501,2 3,East,2,0,0
0,3,7,1,552.3641,2 3,North,2,0,0
0,3,7,2,556.9185,1 3,North,2,0,0
0,3,7,3,557.4536,1 3,East,2,0,0
0,3,7,2,558.025,1 4,East,2,0,0
0,3,7,1,558.7802,1 4,North,2,0,0
0,3,7,2,559.3804,0 4,North,2,0,0
0,3,7,1,559.9241,0 4,West,2,0,0
0,3,7,1,560.9575,0 4,South,2,0,0
0,3,7,2,562.5836,1 4,South,2,0,0
0,3,7,2,563.1001,2 4,South,2,0,0
0,3,7,2,563.9731,3 4,South,2,0,0
0,3,7,2,564.5881,4 4,South,2,0,0
0,3,7,3,565.3059,4 4,West,2,0,0
0,3,7,2,565.8813,4 3,West,2,0,0
0,3,7,2,566.5181,4 2,West,2,0,0
0,3,7,3,567.0652,4 2,North,2,0,0
0,3,7,2,567.6857,3 2,North,2,0,0
0,3,7,3,568.3129,3 2,East,2,0,0
0,3,7,1,569.7642,3 2,North,2,0,0
0,3,7,1,570.6495,3 2,West,2,0,0
0,3,7,2,571.1773,3 1,West,2,0,0
0,3,7,3,572.0438,3 1,North,2,0,0
0,3,7,2,572.6921,2 1,North,2,0,0
0,3,7,2,573.2585,1 1,North,2,0,0
0,3,7,1,573.8152,1 1,West,2,0,0
0,3,7,2,574.4266,1 0,West,2,0,0
0,3,7,1,574.9663,1 0,South,2,0,0
0,3,7,2,575.6416,2 0,South,2,0,0
0,3,7,2,576.5714,3 0,South,2,0,0
0,3,7,6,576.94,3 0,South,2,1,0
0,3,7,2,577.5294,4 0,South,2,1,0
0,3,7,1,578.1045,4 0,East,2,1,0
0,3,7,1,579.3533,4 0,North,2,1,0
0,3,7,3,588.4107,4 0,East,2,1,0
0,3,7,1,588.9988,4 0,North,2,1,0
0,3,7,2,589.6359,3 0,North,2,1,0
0,3,7,2,590.2445,2 0,North,2,1,0
0,3,7,2,591.0519,1 0,North,2,1,0
0,3,7,3,591.5645,1 0,East,2,1,0
0,3,7,2,592.0772,1 1,East,2,1,0
0,3,7,3,592.9646,1 1,South,2,1,0
0,3,7,2,596.0095,2 1,South,2,1,0
0,3,7,2,596.5993,3 1,South,2,1,0
0,3,7,1,597.1176,3 1,East,2,1,0
0,3,7,2,597.9913,3 2,East,2,1,0
0,3,7,3,598.955,3 2,South,2,1,0
0,3,7,2,599.6082,4 2,South,2,1,0
0,3,7,1,600.5031,4 2,East,2,1,0
0,3,7,2,601.1438,4 3,East,2,1,0
0,3,7,2,601.7806,4 4,East,2,1,0
0,3,7,1,602.347,4 4,North,2,1,0
0,3,7,2,602.972,3 4,North,2,1,0
0,3,7,2,603.4833,2 4,North,2,1,0
0,3,7,2,604.0757,1 4,North,2,1,0
0,3,7,1,604.8454,1 4,West,2,1,0
0,3,7,3,605.5143,1 4,North,2,1,0
0,3,7,1,606.0434,1 4,West,2,1,0
0,3,7,2,606.5526,1 3,West,2,1,0
0,3,7,1,607.0941,1 3,South,2,1,0
0,3,7,2,607.6886,2 3,South,2,1,0
0,3,7,3,608.8772,2 3,West,2,1,0
0,3,7,2,609.5007,2 2,West,2,1,0
0,3,7,3,610.1235,2 2,North,2,1,0
0,3,7,2,610.6768,1 2,North,2,1,0
0,3,7,2,611.6683,0 2,North,2,1,0
0,3,7,1,612.3008,0 2,West,2,1,0
0,3,7,2,612.9064,0 1,West,2,1,0
0,3,7,6,613.32,0 1,West,2,2,0
0,3,7,3,614.8412,0 1,North,2,2,0
0,3,7,3,615.9147,0 1,East,2,2,0
0,3,7,2,616.4698,0 2,East,2,2,0
0,3,7,3,617.1255,0 2,South,2,2,0
0,3,7,2,617.6557,1 2,South,2,2,0
0,3,7,6,618.04,1 2,South,2,3,0
0,3,7,2,618.1857,2 2,South,2,3,0
0,3,7,1,618.8762,2 2,East,2,3,0
0,3,7,2,619.8005,2 3,East,2,3,0
0,3,7,1,620.4198,2 3,North,2,3,0
0,3,7,2,621.0212,1 3,North,2,3,0
0,3,7,3,621.6049,1 3,East,2,3,0
0,3,7,2,622.1882,1 4,East,2,3,0
0,3,7,1,622.6973,1 4,North,2,3,0
0,3,7,1,623.2851,1 4,West,2,3,0
0,3,7,1,624.0112,1 4,South,2,3,0
0,3,7,3,625.1777,1 4,West,2,3,0
0,3,7,3,625.8457,1 4,North,2,3,0
0,3,7,1,627.1493,1 4,West,2,3,0
0,3,7,1,628.4128,1 4,South,2,3,0
0,3,7,2,629.0349,2 4,South,2,3,0
0,3,7,2,629.6095,3 4,South,2,3,0
0,3,7,2,630.4615,4 4,South,2,3,0
0,3,7,3,631.2518,4 4,West,2,3,0
0,3,7,2,631.8152,4 3,West,2,3,0
0,3,7,2,632.5053,4 2,West,2,3,0
0,3,7,3,633.4327,4 2,North,2,3,0
0,3,7,3,634.5179,4 2,East,2,3,0
0,3,7,1,635.5177,4 2,North,2,3,0
0,3,7,2,636.436,3 2,North,2,3,0
0,3,7,1,637.129,3 2,West,2,3,0
0,3,7,2,638.6693,3 1,West,2,3,0
0,3,7,3,644.9186,3 1,North,2,3,0
0,3,7,2,645.9136,2 1,North,2,3,0
0,3,7,6,646.3,2 1,North,2,4,0
0,3,7,3,647.4175,2 1,East,2,4,0
0,3,7,3,648.0246,2 1,South,2,4,0
0,3,7,2,648.5687,3 1,South,2,4,0
0,3,7,1,649.3959,3 1,East,2,4,0
0,3,7,2,649.9312,3 2,East,2,4,0
0,3,7,3,650.6027,3 2,South,2,4,0
0,3,7,2,651.1981,4 2,South,2,4,0
0,3,7,1,651.7384,4 2,East,2,4,0
0,3,7,2,652.314,4 3,East,2,4,0
0,3,7,1,653.2883,4 3,North,2,4,0
0,3,7,3,654.1403,4 3,East,2,4,0
0,3,7,2,654.732,4 4,East,2,4,0
0,3,7,1,655.2764,4 4,North,2,4,0
0,3,7,1,667.2087,4 4,West,2,4,0
0,3,7,2,668.0882,4 3,West,2,4,0
0,3,7,2,668.7119,4 2,West,2,4,0
0,3,7,3,669.8956,4 2,North,2,4,0
0,3,7,2,673.4299,3 2,North,2,4,0
0,3,7,1,675.9331,3 2,West,2,4,0
0,3,7,2,676.8057,3 1,West,2,4,0
0,3,7,3,681.1417,3 1,North,2,4,0
0,3,7,2,683.4979,2 1,North,2,4,0
0,3,7,2,686.8754,1 1,North,2,4,0
0,3,7,1,687.6533,1 1,West,2,4,0
0,3,7,2,688.3405,1 0,West,2,4,0
0,3,7,1,688.9337,1 0,South,2,4,0
0,3,7,2,690.8221,2 0,South,2,4,0
0,3,7,2,692.0082,3 0,South,2,4,0
0,3,7,2,692.6032,4 0,South,2,4,0
0,3,7,1,693.4929,4 0,East,2,4,0
0,3,7,1,694.2318,4 0,North,2,4,0
0,3,7,2,694.8874,3 0,North,2,4,0
0,3,7,2,695.524,2 0,North,2,4,0
0,3,7,2,696.1653,1 0,North,2,4,0
0,3,7,3,696.6954,1 0,East,2,4,0
0,3,7,2,697.24,1 1,East,2,4,0
0,3,7,3,698.0551,1 1,South,2,4,0
0,3,7,2,698.6941,2 1,South,2,4,0
0,3,7,2,699.2256,3 1,South,2,4,0
0,3,7,1,699.8617,3 1,East,2,4,0
0,3,7,2,700.3932,3 2,East,2,4,0
0,3,7,3,701.0151,3 2,South,2,4,0
0,3,7,2,701.5753,4 2,South,2,4,0
0,3,7,1,702.1357,4 2,East,2,4,0
0,3,7,2,702.6804,4 3,East,2,4,0
0,3,7,2,703.2104,4 4,East,2,4,0
0,3,7,1,703.8508,4 4,North,2,4,0
0,3,7,2,704.3613,3 4,North,2,4,0
0,3,7,2,704.8727,2 4,North,2,4,0
0,3,7,2,705.5281,1 4,North,2,4,0
0,3,7,2,706.1714,0 4,North,2,4,0
0,3,7,1,706.6974,0 4,West,2,4,0
0,3,7,1,707.3859,0 4,South,2,4,0
0,3,7,2,707.9963,1 4,South,2,4,0
0,3,7,3,708.6764,1 4,West,2,4,0
0,3,7,2,709.3389,1 3,West,2,4,0
0,3,7,1,709.9118,1 3,South,2,4,0
0,3,7,2,710.6032,2 3,South,2,4,0
0,3,7,3,711.1649,2 3,West,2,4,0
0,3,7,2,711.6859,2 2,West,2,4,0
0,3,7,3,712.3459,2 2,North,2,4,0
0,3,7,2,712.9712,1 2,North,2,4,0
0,3,7,2,713.4849,0 2,North,2,4,0
0,3,7,6,713.86,0 2,North,2,5,0
0,3,7,1,714.1385,0 2,West,2,5,0
0,3,7,2,714.6759,0 1,West,2,5,0
0,3,7,1,715.463,0 1,South,2,5,0
0,3,7,1,716.2617,0 1,East,2,5,0
0,3,7,2,717.4116,0 2,East,2,5,0
0,3,7,3,718.0056,0 2,South,2,5,0
0,3,7,2,718.5846,1 2,South,2,5,0
0,3,7,2,719.1459,2 2,South,2,5,0
0,3,7,1,719.7972,2 2,East,2,5,0
0,3,7,2,720.3887,2 3,East,2,5,0
0,3,7,1,721.0358,2 3,North,2,5,0
0,3,7,3,721.8621,2 3,East,2,5,0
0,3,7,1,722.4924,2 3,North,2,5,0
0,3,7,2,723.1246,1 3,North,2,5,0
0,3,7,3,723.644,1 3,East,2,5,0
0,3,7,2,724.2007,1 4,East,2,5,0
0,3,7,1,724.8058,1 4,North,2,5,0
0,3,7,1,725.3229,1 4,West,2,5,0
0,3,7,1,726.0597,1 4,South,2,5,0
0,3,7,2,726.665,2 4,South,2,5,0
0,3,7,2,727.3005,3 4,South,2,5,0
0,3,7,2,727.8611,4 4,South,2,5,0
0,3,7,3,728.4857,4 4,West,2,5,0
0,3,7,2,729.0156,4 3,West,2,5,0
0,3,7,2,729.6436,4 2,West,2,5,0
0,3,7,3,730.26,4 2,North,2,5,0
0,3,7,2,730.8841,3 2,North,2,5,0
0,3,7,1,731.5145,3 2,West,2,5,0
0,3,7,2,732.18,3 1,West,2,5,0
0,3,7,3,732.7794,3 1,North,2,5,0
0,3,7,2,733.4487,2 1,North,2,5,0
0,3,7,2,733.9922,1 1,North,2,5,0
0,3,7,6,734.38,1 1,North,2,6,0
0,3,7,1,734.6373,1 1,West,2,6,0
0,3,7,1,735.3961,1 1,South,2,6,0
0,3,7,3,736.4709,1 1,West,2,6,0
0,3,7,2,736.9957,1 0,West,2,6,0
0,3,7,1,737.5452,1 0,South,2,6,0
0,3,7,1,738.2839,1 0,East,2,6,0
0,3,7,2,739.116,1 1,East,2,6,0
0,3,7,3,739.7549,1 1,South,2,6,0
0,3,7,2,740.4403,2 1,South,2,6,0
0,3,7,2,740.9706,3 1,South,2,6,0
0,3,7,1,741.6058,3 1,East,2,6,0
0,3,7,2,742.1366,3 2,East,2,6,0
0,3,7,2,743.0053,3 3,East,2,6,0
0,3,7,6,743.42,3 3,East,2,7,0
0,3,7,1,744.542,3 3,North,2,7,0
0,3,7,1,745.2091,3 3,West,2,7,0
0,3,7,2,746.0073,3 2,West,2,7,0
0,3,7,2,746.5185,3 1,West,2,7,0
0,3,7,3,747.1603,3 1,North,2,7,0
0,3,7,2,747.7418,2 1,North,2,7,0
0,3,7,2,748.4092,1 1,North,2,7,0
0,3,7,1,749.0466,1 1,West,2,7,0
0,3,7,2,749.6264,1 0,West,2,7,0
0,3,7,1,750.1524,1 0,South,2,7,0
0,3,7,2,750.7654,2 0,South,2,7,0
0,3,7,2,751.3028,3 0,South,2,7,0
0,3,7,2,752.1684,4 0,South,2,7,0
0,3,7,1,752.7123,4 0,East,2,7,0
0,3,7,1,753.3537,4 0,North,2,7,0
0,3,7,2,753.9143,3 0,North,2,7,0
0,3,7,2,755.8361,2 0,North,2,7,0
0,3,7,2,756.3658,1 0,North,2,7,0
0,3,7,3,756.8864,1 0,East,2,7,0
0,3,7,3,757.64,1 0,South,2,7,0
0,3,7,1,758.2771,1 0,East,2,7,0
0,3,7,2,758.824,1 1,East,2,7,0
0,3,7,2,759.5248,1 1,East,2,7,0
0,3,7,3,759.9,1 1,South,2,7,0
0,3,7,2,760.4105,2 1,South,2,7,0
0,3,7,2,760.9413,3 1,South,2,7,0
0,3,7,1,761.4618,3 1,East,2,7,0
0,3,7,2,761.9897,3 2,East,2,7,0
0,3,7,3,762.5205,3 2,South,2,7,0
0,3,7,2,763.0379,4 2,South,2,7,0
0,3,7,1,763.6752,4 2,East,2,7,0
0,3,7,2,764.1867,4 3,East,2,7,0
0,3,7,2,764.8113,4 4,East,2,7,0
0,3,7,1,765.4628,4 4,North,2,7,0
0,3,7,2,766.1063,3 4,North,2,7,0
0,3,7,2,766.7433,2 4,North,2,7,0
0,3,7,2,767.3491,1 4,North,2,7,0
0,3,7,1,767.8964,1 4,West,2,7,0
0,3,7,3,768.4544,1 4,North,2,7,0
0,3,7,2,768.9718,0 4,North,2,7,0
0,3,7,1,769.6264,0 4,West,2,7,0
0,3,7,2,770.2978,0 3,West,2,7,0
0,3,7,6,770.72,0 3,West,2,8,0
3,3,7,1,779.556,4 3,North,2,0,0
3,3,7,1,780.1501,4 2,North,2,0,0
3,3,7,2,781.8544,3 2,North,2,0,0
3,3,7,1,783.96,3 1,North,2,0,0
3,3,7,2,785.4956,2 1,North,2,0,0
3,3,7,1,786.0463,2 1,North,2,0,1
3,3,7,4,787.3322,3 1,North,2,0,1
3,3,7,1,788.0094,3 1,North,2,0,2
3,3,7,2,789.3504,2 1,North,2,0,2
3,3,7,2,790.1684,1 1,North,2,0,2
3,3,7,1,790.8727,1 0,North,2,0,2
3,3,7,1,794.567,1 0,North,2,0,2
3,3,7,4,794.938,2 0,North,2,0,2
3,3,7,4,795.4978,3 0,North,2,0,2
3,3,7,6,795.86,3 0,North,2,1,2
3,3,7,2,796.3476,2 0,North,2,1,2
3,3,7,2,796.8924,1 0,North,2,1,2
3,3,7,3,797.4855,1 1,North,2,1,2
3,3,7,4,798.4249,2 1,North,2,1,2
3,3,7,4,799.1774,3 1,North,2,1,2
3,3,7,3,799.7475,3 2,North,2,1,2
3,3,7,3,806.0451,3 3,North,2,1,2
3,3,7,1,807.0193,3 2,North,2,1,2
3,3,7,4,807.931,4 2,North,2,1,2
3,3,7,3,808.47,4 3,North,2,1,2
3,3,7,3,809.2906,4 4,North,2,1,2
3,3,7,2,809.9479,3 4,North,2,1,2
3,3,7,2,810.4725,2 4,North,2,1,2
3,3,7,2,810.9988,1 4,North,2,1,2
3,3,7,2,811.8203,0 4,North,2,1,2
3,3,7,1,812.4281,0 3,North,2,1,2
3,3,7,6,812.84,0 3,North,2,2,2
3,3,7,3,812.9645,0 4,North,2,2,2
3,3,7,4,813.4994,1 4,North,2,2,2
3,3,7,1,816.5057,1 3,North,2,2,2
3,3,7,1,819.4355,1 3,North,2,2,3
3,3,7,2,820.0533,1 3,North,2,2,4
3,3,7,4,821.1591,2 3,North,2,2,4
3,3,7,1,821.7039,2 2,North,2,2,4
3,3,7,2,822.3162,1 2,North,2,2,4
3,3,7,6,822.7,1 2,North,2,3,4
3,3,7,4,830.4767,2 2,North,2,3,4
3,3,7,3,832.196,2 3,North,2,3,4
3,3,7,2,832.7495,1 3,North,2,3,4
3,3,7,3,833.3378,1 4,North,2,3,4
3,3,7,4,833.8798,2 4,North,2,3,4
3,3,7,4,834.438,3 4,North,2,3,4
3,3,7,4,835.0049,4 4,North,2,3,4
3,3,7,1,835.582,4 3,North,2,3,4
3,3,7,1,836.1235,4 2,North,2,3,4
3,3,7,2,836.7766,3 2,North,2,3,4
3,3,7,2,840.1522,3 2,North,2,3,5
3,3,7,1,840.6531,3 1,North,2,3,5
3,3,7,2,841.5478,2 1,North,2,3,5
3,3,7,6,841.94,2 1,North,2,4,5
3,3,7,4,842.3105,3 1,North,2,4,5
3,3,7,3,842.9037,3 2,North,2,4,5
3,3,7,4,843.422,4 2,North,2,4,5
3,3,7,6,843.78,4 2,North,2,5,5
3,3,7,2,847.2604,3 2,North,2,5,5
3,3,7,1,848.7628,3 1,North,2,5,5
3,3,7,2,849.3857,2 1,North,2,5,5
3,3,7,2,849.9465,1 1,North,2,5,5
3,3,7,2,850.6631,1 1,North,2,5,6
3,3,7,1,851.1108,1 0,North,2,5,6
3,3,7,2,851.7704,1 0,North,2,5,7
3,3,7,3,852.8236,1 1,North,2,5,7
3,3,7,4,853.3535,2 1,North,2,5,7
3,3,7,3,854.0067,2 1,North,2,5,8
3,3,7,4,854.5084,3 1,North,2,5,8
3,3,7,3,855.0649,3 2,North,2,5,8
3,3,7,4,855.6899,4 2,North,2,5,8
3,3,7,3,856.2042,4 3,North,2,5,8
3,3,7,3,856.84,4 4,North,2,5,8
3,3,7,2,857.3733,3 4,North,2,5,8
3,3,7,2,857.9006,2 4,North,2,5,8
3,3,7,2,859.1953,1 4,North,2,5,8
3,3,7,1,859.7244,1 3,North,2,5,8
3,3,7,1,861.0056,1 3,North,2,5,9
3,3,7,4,861.6763,2 3,North,2,5,9
3,3,7,1,862.2148,2 2,North,2,5,9
3,3,7,2,862.744,1 2,North,2,5,9
3,3,7,2,863.9611,0 2,North,2,5,9
3,3,7,1,864.5559,0 1,North,2,5,9
3,3,7,1,865.1769,0 0,North,2,5,9
3,3,7,6,865.58,0 0,North,2,6,9
3,3,7,3,865.7849,0 1,North,2,6,9
3,3,7,3,866.2992,0 2,North,2,6,9
3,3,7,4,867.1439,1 2,North,2,6,9
3,3,7,4,867.656,2 2,North,2,6,9
3,3,7,3,868.5648,2 3,North,2,6,9
3,3,7,2,869.2206,1 3,North,2,6,9
3,3,7,3,869.7864,1 4,North,2,6,9
3,3,7,4,870.3257,2 4,North,2,6,9
3,3,7,4,870.9117,3 4,North,2,6,9
3,3,7,4,871.7059,4 4,North,2,6,9
3,3,7,1,872.3128,4 3,North,2,6,9
3,3,7,1,872.8542,4 2,North,2,6,9
3,3,7,2,873.4338,3 2,North,2,6,9
3,3,7,1,874.5181,3 1,North,2,6,9
3,3,7,6,874.92,3 1,North,2,7,9
3,3,7,3,875.3358,3 2,North,2,7,9
3,3,7,4,875.892,4 2,North,2,7,9
3,3,7,3,876.4271,4 3,North,2,7,9
3,3,7,3,876.985,4 4,North,2,7,9
3,3,7,2,877.6224,3 4,North,2,7,9
3,3,7,2,878.2656,2 4,North,2,7,9
3,3,7,2,878.853,1 4,North,2,7,9
3,3,7,2,879.4784,0 4,North,2,7,9
3,3,7,6,879.86,0 4,North,2,8,9
0,3,8,2,883.4026,3 4,North,2,0,9
0,3,8,2,883.9279,2 4,North,2,0,9
0,3,8,2,884.4567,1 4,North,2,0,9
0,3,8,1,885.2053,1 4,West,2,0,9
0,3,8,3,886.2944,1 4,North,2,0,9
0,3,8,1,887.0484,1 4,West,2,0,9
0,3,8,2,887.6517,1 3,West,2,0,9
0,3,8,1,888.6622,1 3,South,2,0,9
0,3,8,2,889.2255,2 3,South,2,0,9
0,3,8,3,890.1221,2 3,West,2,0,9
0,3,8,2,890.6771,2 2,West,2,0,9
0,3,8,3,891.2922,2 2,North,2,0,9
0,3,8,2,891.9088,1 2,North,2,0,9
0,3,8,2,892.4395,0 2,North,2,0,9
0,3,8,1,893.0848,0 2,West,2,0,9
0,3,8,2,893.6579,0 1,West,2,0,9
0,3,8,2,894.6648,0 0,West,2,0,9
0,3,8,1,896.2335,0 0,South,2,0,9
0,3,8,1,896.8921,0 0,East,2,0,9
0,3,8,2,897.5013,0 1,East,2,0,9
0,3,8,2,898.0224,0 2,East,2,0,9
0,3,8,3,898.6207,0 2,South,2,0,9
0,3,8,2,899.1741,1 2,South,2,0,9
0,3,8,2,899.7011,2 2,South,2,0,9
0,3,8,1,900.2625,2 2,East,2,0,9
0,3,8,2,900.8251,2 3,East,2,0,9
0,3,8,1,901.3401,2 3,North,2,0,9
0,3,8,3,902.0365,2 3,East,2,0,9
0,3,8,1,902.7452,2 3,North,2,0,9
0,3,8,2,903.2555,1 3,North,2,0,9
0,3,8,3,903.7972,1 3,East,2,0,9
0,3,8,2,904.4711,1 4,East,2,0,9
0,3,8,3,905.0772,1 4,South,2,0,9
0,3,8,2,905.6062,2 4,South,2,0,9
0,3,8,2,906.1667,3 4,South,2,0,9
0,3,8,2,906.7729,4 4,South,2,0,9
0,3,8,3,907.29,4 4,West,2,0,9
0,3,8,2,907.8013,4 3,West,2,0,9
0,3,8,2,908.4605,4 2,West,2,0,9
0,3,8,6,908.88,4 2,West,2,1,9
0,3,8,3,909.0839,4 2,North,2,1,9
0,3,8,2,909.7501,3 2,North,2,1,9
0,3,8,1,910.359,3 2,West,2,1,9
0,3,8,2,910.9576,3 1,West,2,1,9
0,3,8,6,911.36,3 1,West,2,2,9
0,3,8,3,911.6301,3 1,North,2,2,9
0,3,8,2,912.2186,2 1,North,2,2,9
0,3,8,2,912.8903,1 1,North,2,2,9
0,3,8,1,913.5296,1 1,West,2,2,9
0,3,8,2,914.0687,1 0,West,2,2,9
0,3,8,1,914.5988,1 0,South,2,2,9
0,3,8,2,916.0046,2 0,South,2,2,9
0,3,8,2,916.6519,3 0,South,2,2,9
0,3,8,3,917.2068,3 0,West,2,2,9
0,3,8,3,917.835,3 0,North,2,2,9
0,3,8,2,918.4277,2 0,North,2,2,9
0,3,8,2,919.0364,1 0,North,2,2,9
0,3,8,3,919.6857,1 0,East,2,2,9
0,3,8,2,920.3334,1 1,East,2,2,9
0,3,8,3,920.8577,1 1,South,2,2,9
0,3,8,2,921.3684,2 1,South,2,2,9
0,3,8,2,922.0275,3 1,South,2,2,9
0,3,8,1,922.5411,3 1,East,2,2,9
0,3,8,3,923.3576,3 1,South,2,2,9
0,3,8,1,923.8829,3 1,East,2,2,9
0,3,8,2,924.7156,3 2,East,2,2,9
0,3,8,3,925.3242,3 2,South,2,2,9
0,3,8,2,925.893,4 2,South,2,2,9
0,3,8,1,926.4088,4 2,East,2,2,9
0,3,8,2,926.9514,4 3,East,2,2,9
0,3,8,6,927.36,4 3,East,2,3,9
0,3,8,3,927.8474,4 3,South,2,3,9
0,3,8,3,928.3774,4 3,West,2,3,9
0,3,8,2,929.0029,4 2,West,2,3,9
0,3,8,3,929.6085,4 2,North,2,3,9
0,3,8,3,930.1348,4 2,East,2,3,9
0,3,8,2,930.6641,4 3,East,2,3,9
0,3,8,2,931.1962,4 4,East,2,3,9
0,3,8,1,931.7168,4 4,North,2,3,9
0,3,8,2,932.2281,3 4,North,2,3,9
0,3,8,2,932.8562,2 4,North,2,3,9
0,3,8,2,933.4677,1 4,North,2,3,9
0,3,8,1,934.1209,1 4,West,2,3,9
0,3,8,2,934.747,1 3,West,2,3,9
0,3,8,1,935.408,1 3,South,2,3,9
0,3,8,2,936.0543,2 3,South,2,3,9
0,3,8,3,936.6472,2 3,West,2,3,9
0,3,8,2,937.2266,2 2,West,2,3,9
0,3,8,6,937.64,2 2,West,2,4,9
0,3,8,3,937.8815,2 2,North,2,4,9
0,3,8,2,938.3911,1 2,North,2,4,9
0,3,8,2,938.9246,0 2,North,2,4,9
0,3,8,1,939.4929,0 2,West,2,4,9
0,3,8,1,940.1208,0 2,South,2,4,9
0,3,8,2,940.6634,1 2,South,2,4,9
0,3,8,2,941.318,2 2,South,2,4,9
0,3,8,1,941.8792,2 2,East,2,4,9
0,3,8,2,942.5319,2 3,East,2,4,9
0,3,8,1,943.1616,2 3,North,2,4,9
0,3,8,2,943.6908,1 3,North,2,4,9
0,3,8,3,944.346,1 3,East,2,4,9
0,3,8,2,944.9829,1 4,East,2,4,9
0,3,8,1,945.5888,1 4,North,2,4,9
0,3,8,1,946.1077,1 4,West,2,4,9
0,3,8,1,946.811,1 4,South,2,4,9
0,3,8,2,947.4132,2 4,South,2,4,9
0,3,8,2,948.0052,3 4,South,2,4,9
0,3,8,2,948.6336,4 4,South,2,4,9
0,3,8,3,949.2225,4 4,West,2,4,9
0,3,8,2,949.7525,4 3,West,2,4,9
0,3,8,2,950.4113,4 2,West,2,4,9
0,3,8,3,951.0488,4 2,North,2,4,9
0,3,8,2,951.6122,3 2,North,2,4,9
0,3,8,1,952.5717,3 2,West,2,4,9
0,3,8,2,953.131,3 1,West,2,4,9
0,3,8,3,953.6857,3 1,North,2,4,9
0,3,8,2,954.2172,2 1,North,2,4,9
0,3,8,2,954.7312,1 1,North,2,4,9
0,3,8,1,955.3392,1 1,West,2,4,9
0,3,8,2,955.9966,1 0,West,2,4,9
0,3,8,1,956.5065,1 0,South,2,4,9
0,3,8,2,957.0644,2 0,South,2,4,9
0,3,8,2,957.5943,3 0,South,2,4,9
0,3,8,2,958.2031,4 0,South,2,4,9
0,3,8,1,958.7325,4 0,East,2,4,9
0,3,8,2,959.2439,4 1,East,2,4,9
0,3,8,6,959.66,4 1,East,2,5,9
0,3,8,3,959.8282,4 1,South,2,5,9
0,3,8,3,960.3575,4 1,West,2,5,9
0,3,8,2,960.9675,4 0,West,2,5,9
0,3,8,3,961.527,4 0,North,2,5,9
0,3,8,2,962.1169,3 0,North,2,5,9
0,3,8,2,962.645,2 0,North,2,5,9
0,3,8,2,963.285,1 0,North,2,5,9
0,3,8,3,963.8153,1 0,East,2,5,9
0,3,8,2,964.4919,1 1,East,2,5,9
0,3,8,3,965.0474,1 1,South,2,5,9
0,3,8,2,965.6447,2 1,South,2,5,9
0,3,8,2,966.4908,3 1,South,2,5,9
0,3,8,1,967.0676,3 1,East,2,5,9
0,3,8,2,968.8577,3 2,East,2,5,9
0,3,8,3,969.7654,3 2,South,2,5,9
0,3,8,2,970.3631,4 2,South,2,5,9
0,3,8,1,970.8766,4 2,East,2,5,9
0,3,8,2,971.3964,4 3,East,2,5,9
0,3,8,2,971.9098,4 4,East,2,5,9
0,3,8,1,972.5258,4 4,North,2,5,9
0,3,8,2,973.0832,3 4,North,2,5,9
0,3,8,2,973.7501,2 4,North,2,5,9
0,3,8,2,974.3809,1 4,North,2,5,9
0,3,8,1,974.9196,1 4,West,2,5,9
0,3,8,2,975.5607,1 3,West,2,5,9
0,3,8,6,975.96,1 3,West,2,6,9
0,3,8,1,976.1058,1 3,South,2,6,9
0,3,8,2,976.7582,2 3,South,2,6,9
0,3,8,3,977.3224,2 3,West,2,6,9
0,3,8,2,977.9924,2 2,West,2,6,9
0,3,8,3,978.516,2 2,North,2,6,9
0,3,8,2,979.0773,1 2,North,2,6,9
0,3,8,2,979.5916,0 2,North,2,6,9
0,3,8,1,980.2016,0 2,West,2,6,9
0,3,8,1,981.0156,0 2,South,2,6,9
0,3,8,2,981.6565,1 2,South,2,6,9
0,3,8,2,982.2977,2 2,South,2,6,9
0,3,8,1,982.9409,2 2,East,2,6,9
0,3,8,2,983.5286,2 3,East,2,6,9
0,3,8,1,984.1537,2 3,North,2,6,9
0,3,8,2,984.8253,1 3,North,2,6,9
0,3,8,3,985.4921,1 3,East,2,6,9
0,3,8,2,986.1042,1 4,East,2,6,9
0,3,8,1,986.6979,1 4,North,2,6,9
0,3,8,1,987.369,1 4,West,2,6,9
0,3,8,1,988.0073,1 4,South,2,6,9
0,3,8,2,988.5176,2 4,South,2,6,9
0,3,8,2,989.1724,3 4,South,2,6,9
0,3,8,2,989.7977,4 4,South,2,6,9
0,3,8,3,990.421,4 4,West,2,6,9
0,3,8,2,990.9382,4 3,West,2,6,9
0,3,8,2,991.6126,4 2,West,2,6,9
0,3,8,3,992.23,4 2,North,2,6,9
0,3,8,2,992.8718,3 2,North,2,6,9
0,3,8,1,993.4781,3 2,West,2,6,9
0,3,8,2,994.1217,3 1,West,2,6,9
0,3,8,3,994.7433,3 1,North,2,6,9
0,3,8,3,995.3035,3 1,East,2,6,9
0,3,8,1,995.8604,3 1,North,2,6,9
0,3,8,2,996.506,2 1,North,2,6,9
0,3,8,2,997.1974,1 1,North,2,6,9
0,3,8,1,997.834,1 1,West,2,6,9
0,3,8,2,998.3431,1 0,West,2,6,9
0,3,8,1,998.9818,1 0,South,2,6,9
0,3,8,2,999.5487,2 0,South,2,6,9
0,3,8,6,999.92,2 0,South,2,7,9
0,3,8,2,1000.365,3 0,South,2,7,9
0,3,8,2,1001.046,4 0,South,2,7,9
0,3,8,1,1001.659,4 0,East,2,7,9
0,3,8,1,1002.325,4 0,North,2,7,9
0,3,8,2,1002.971,3 0,North,2,7,9
0,3,8,2,1003.59,2 0,North,2,7,9
0,3,8,2,1004.189,1 0,North,2,7,9
0,3,8,3,1004.795,1 0,East,2,7,9
0,3,8,2,1005.382,1 1,East,2,7,9
0,3,8,3,1005.977,1 1,South,2,7,9
0,3,8,2,1006.648,2 1,South,2,7,9
0,3,8,2,1007.254,3 1,South,2,7,9
0,3,8,1,1007.9,3 1,East,2,7,9
0,3,8,2,1008.469,3 2,East,2,7,9
0,3,8,3,1009.146,3 2,South,2,7,9
0,3,8,2,1009.694,4 2,South,2,7,9
0,3,8,1,1010.231,4 2,East,2,7,9
0,3,8,2,1010.904,4 3,East,2,7,9
0,3,8,2,1011.547,4 4,East,2,7,9
0,3,8,1,1012.2,4 4,North,2,7,9
0,3,8,2,1012.761,3 4,North,2,7,9
0,3,8,2,1013.272,2 4,North,2,7,9
0,3,8,2,1013.898,1 4,North,2,7,9
0,3,8,6,1014.28,1 4,North,2,8,9
3,3,8,1,1018.488,4 3,North,2,0,0
3,3,8,6,1018.9,4 3,North,2,1,0
3,3,8,1,1020.586,4 2,North,2,1,0
3,3,8,2,1021.453,3 2,North,2,1,0
3,3,8,2,1022.526,3 2,North,2,1,1
3,3,8,1,1023.035,3 1,North,2,1,1
3,3,8,6,1023.44,3 1,North,2,2,1
3,3,8,4,1024.854,3 1,North,2,2,2
3,3,8,1,1025.638,3 1,North,2,2,3
3,3,8,2,1026.278,2 1,North,2,2,3
3,3,8,1,1026.9,2 1,North,2,2,4
3,3,8,2,1030.714,1 1,North,2,2,4
3,3,8,1,1031.694,1 0,North,2,2,4
3,3,8,4,1032.269,2 0,North,2,2,4
3,3,8,6,1032.64,2 0,North,2,3,4
3,3,8,2,1034.183,1 0,North,2,3,4
3,3,8,3,1035.135,1 1,North,2,3,4
3,3,8,4,1035.805,2 1,North,2,3,4
3,3,8,4,1036.437,3 1,North,2,3,4
3,3,8,3,1037.098,3 2,North,2,3,4
3,3,8,4,1038.027,4 2,North,2,3,4
3,3,8,6,1038.38,4 2,North,2,4,4
3,3,8,2,1038.826,3 2,North,2,4,4
3,3,8,1,1039.383,3 1,North,2,4,4
3,3,8,2,1039.95,2 1,North,2,4,4
3,3,8,2,1040.873,1 1,North,2,4,4
3,3,8,1,1041.495,1 0,North,2,4,4
3,3,8,6,1041.9,1 0,North,2,5,4
3,3,8,3,1042.077,1 1,North,2,5,4
3,3,8,4,1042.648,2 1,North,2,5,4
3,3,8,2,1043.544,1 1,North,2,5,4
3,3,8,1,1044.15,1 0,North,2,5,4
3,3,8,4,1044.712,2 0,North,2,5,4
3,3,8,4,1045.372,3 0,North,2,5,4
3,3,8,4,1045.948,4 0,North,2,5,4
3,3,8,3,1046.525,4 1,North,2,5,4
3,3,8,6,1046.94,4 1,North,2,6,4
3,3,8,1,1047.093,4 0,North,2,6,4
3,3,8,2,1047.773,3 0,North,2,6,4
3,3,8,2,1048.285,2 0,North,2,6,4
3,3,8,2,1049.157,1 0,North,2,6,4
3,3,8,3,1050.046,1 1,North,2,6,4
3,3,8,4,1050.615,2 1,North,2,6,4
3,3,8,4,1052.648,3 1,North,2,6,4
3,3,8,3,1053.198,3 2,North,2,6,4
3,3,8,4,1053.86,4 2,North,2,6,4
3,3,8,3,1054.438,4 3,North,2,6,4
3,3,8,3,1055.1,4 4,North,2,6,4
3,3,8,2,1055.614,3 4,North,2,6,4
3,3,8,2,1056.286,2 4,North,2,6,4
3,3,8,2,1056.936,1 4,North,2,6,4
3,3,8,1,1057.548,1 3,North,2,6,4
3,3,8,4,1058.535,2 3,North,2,6,4
3,3,8,1,1059.161,2 2,North,2,6,4
3,3,8,6,1059.56,2 2,North,2,7,4
3,3,8,3,1060.359,2 3,North,2,7,4
3,3,8,2,1060.952,1 3,North,2,7,4
3,3,8,3,1061.5,1 4,North,2,7,4
3,3,8,4,1062.071,2 4,North,2,7,4
3,3,8,4,1062.663,3 4,North,2,7,4
3,3,8,4,1063.336,4 4,North,2,7,4
3,3,8,1,1063.941,4 3,North,2,7,4
3,3,8,1,1064.589,4 2,North,2,7,4
3,3,8,2,1065.177,3 2,North,2,7,4
3,3,8,1,1071.613,3 1,North,2,7,4
3,3,8,2,1072.221,2 1,North,2,7,4
3,3,8,2,1072.936,1 1,North,2,7,4
3,3,8,1,1073.557,1 0,North,2,7,4
3,3,8,4,1074.214,2 0,North,2,7,4
3,3,8,4,1074.878,3 0,North,2,7,4
3,3,8,4,1075.467,4 0,North,2,7,4
3,3,8,6,1075.84,4 0,North,2,8,4
0,3,9,2,1079.577,3 4,North,2,0,4
0,3,9,1,1080.231,3 4,West,2,0,4
0,3,9,3,1081.174,3 4,North,2,0,4
0,3,9,2,1081.724,2 4,North,2,0,4
0,3,9,2,1082.359,1 4,North,2,0,4
0,3,9,2,1082.955,0 4,North,2,0,4
0,3,9,1,1083.577,0 4,West,2,0,4
0,3,9,1,1084.09,0 4,South,2,0,4
0,3,9,2,1084.957,1 4,South,2,0,4
0,3,9,3,1085.531,1 4,West,2,0,4
0,3,9,2,1086.117,1 3,West,2,0,4
0,3,9,1,1086.646,1 3,South,2,0,4
0,3,9,2,1087.213,2 3,South,2,0,4
0,3,9,6,1087.6,2 3,South,2,1,4
0,3,9,3,1087.74,2 3,West,2,1,4
0,3,9,2,1088.396,2 2,West,2,1,4
0,3,9,3,1088.919,2 2,North,2,1,4
0,3,9,2,1089.461,1 2,North,2,1,4
0,3,9,2,1090.108,0 2,North,2,1,4
0,3,9,1,1090.697,0 2,West,2,1,4
0,3,9,1,1091.414,0 2,South,2,1,4
0,3,9,2,1091.947,1 2,South,2,1,4
0,3,9,2,1092.617,2 2,South,2,1,4
0,3,9,1,1093.239,2 2,East,2,1,4
0,3,9,2,1093.848,2 3,East,2,1,4
0,3,9,1,1094.845,2 3,North,2,1,4
0,3,9,2,1095.433,1 3,North,2,1,4
0,3,9,3,1095.963,1 3,East,2,1,4
0,3,9,2,1096.646,1 4,East,2,1,4
0,3,9,1,1097.208,1 4,North,2,1,4
0,3,9,1,1097.817,1 4,West,2,1,4
0,3,9,1,1098.397,1 4,South,2,1,4
0,3,9,2,1098.937,2 4,South,2,1,4
0,3,9,2,1099.543,3 4,South,2,1,4
0,3,9,2,1100.073,4 4,South,2,1,4
0,3,9,3,1100.918,4 4,West,2,1,4
0,3,9,2,1101.561,4 3,West,2,1,4
0,3,9,2,1102.216,4 2,West,2,1,4
0,3,9,3,1102.853,4 2,North,2,1,4
0,3,9,2,1103.495,3 2,North,2,1,4
0,3,9,6,1103.88,3 2,North,2,2,4
0,3,9,1,1104.924,3 2,West,2,2,4
0,3,9,2,1105.462,3 1,West,2,2,4
0,3,9,2,1106.215,3 1,West,2,2,4
0,3,9,3,1106.484,3 1,North,2,2,4
0,3,9,2,1107.094,2 1,North,2,2,4
0,3,9,2,1107.608,1 1,North,2,2,4
0,3,9,1,1108.254,1 1,West,2,2,4
0,3,9,2,1108.878,1 0,West,2,2,4
0,3,9,1,1109.464,1 0,South,2,2,4
0,3,9,2,1110.085,2 0,South,2,2,4
0,3,9,2,1110.748,3 0,South,2,2,4
0,3,9,2,1111.325,4 0,South,2,2,4
0,3,9,1,1111.958,4 0,East,2,2,4
0,3,9,1,1112.554,4 0,North,2,2,4
0,3,9,2,1113.077,3 0,North,2,2,4
0,3,9,2,1113.705,2 0,North,2,2,4
0,3,9,2,1114.266,1 0,North,2,2,4
0,3,9,3,1114.92,1 0,East,2,2,4
0,3,9,3,1115.579,1 0,South,2,2,4
0,3,9,1,1116.182,1 0,East,2,2,4
0,3,9,2,1116.732,1 1,East,2,2,4
0,3,9,3,1117.564,1 1,South,2,2,4
0,3,9,2,1118.181,2 1,South,2,2,4
0,3,9,1,1118.837,2 1,East,2,2,4
0,3,9,3,1119.594,2 1,South,2,2,4
0,3,9,2,1120.122,3 1,South,2,2,4
0,3,9,1,1121.083,3 1,East,2,2,4
0,3,9,2,1121.628,3 2,East,2,2,4
0,3,9,3,1122.151,3 2,South,2,2,4
0,3,9,2,1122.729,4 2,South,2,2,4
0,3,9,1,1123.241,4 2,East,2,2,4
0,3,9,2,1123.789,4 3,East,2,2,4
0,3,9,2,1124.393,4 4,East,2,2,4
0,3,9,1,1124.922,4 4,North,2,2,4
0,3,9,2,1125.509,3 4,North,2,2,4
0,3,9,2,1126.04,2 4,North,2,2,4
0,3,9,6,1126.42,2 4,North,2,3,4
0,3,9,2,1126.599,1 4,North,2,3,4
0,3,9,1,1127.26,1 4,West,2,3,4
0,3,9,2,1128.045,1 3,West,2,3,4
0,3,9,1,1128.78,1 3,South,2,3,4
0,3,9,2,1129.332,2 3,South,2,3,4
0,3,9,3,1129.862,2 3,West,2,3,4
0,3,9,2,1130.462,2 2,West,2,3,4
0,3,9,3,1131.013,2 2,North,2,3,4
0,3,9,2,1131.545,1 2,North,2,3,4
0,3,9,2,1132.091,0 2,North,2,3,4
0,3,9,1,1132.62,0 2,West,2,3,4
0,3,9,1,1133.244,0 2,South,2,3,4
0,3,9,2,1133.782,1 2,South,2,3,4
0,3,9,2,1134.327,2 2,South,2,3,4
0,3,9,1,1135.181,2 2,East,2,3,4
0,3,9,2,1135.723,2 3,East,2,3,4
0,3,9,1,1136.246,2 3,North,2,3,4
0,3,9,2,1136.92,1 3,North,2,3,4
0,3,9,3,1137.433,1 3,East,2,3,4
0,3,9,2,1138.072,1 4,East,2,3,4
0,3,9,3,1138.839,1 4,South,2,3,4
0,3,9,2,1139.435,2 4,South,2,3,4
0,3,9,2,1140.053,3 4,South,2,3,4
0,3,9,3,1140.679,3 4,West,2,3,4
0,3,9,1,1141.276,3 4,South,2,3,4
0,3,9,2,1141.817,4 4,South,2,3,4
0,3,9,3,1142.685,4 4,West,2,3,4
0,3,9,2,1143.27,4 3,West,2,3,4
0,3,9,3,1144.039,4 3,North,2,3,4
0,3,9,1,1144.587,4 3,West,2,3,4
0,3,9,2,1145.172,4 2,West,2,3,4
0,3,9,3,1145.688,4 2,North,2,3,4
0,3,9,2,1146.245,3 2,North,2,3,4
0,3,9,1,1146.904,3 2,West,2,3,4
0,3,9,2,1147.51,3 1,West,2,3,4
0,3,9,3,1148.055,3 1,North,2,3,4
0,3,9,2,1148.607,2 1,North,2,3,4
0,3,9,2,1149.24,1 1,North,2,3,4
0,3,9,1,1149.797,1 1,West,2,3,4
0,3,9,2,1150.358,1 0,West,2,3,4
0,3,9,6,1150.78,1 0,West,2,4,4
0,3,9,1,1150.887,1 0,South,2,4,4
0,3,9,2,1151.562,2 0,South,2,4,4
0,3,9,2,1152.11,3 0,South,2,4,4
0,3,9,1,1152.811,3 0,East,2,4,4
0,3,9,1,1153.381,3 0,North,2,4,4
0,3,9,2,1153.894,2 0,North,2,4,4
0,3,9,2,1154.406,1 0,North,2,4,4
0,3,9,3,1154.937,1 0,East,2,4,4
0,3,9,2,1155.451,1 1,East,2,4,4
0,3,9,3,1155.962,1 1,South,2,4,4
0,3,9,2,1156.598,2 1,South,2,4,4
0,3,9,2,1157.485,3 1,South,2,4,4
0,3,9,1,1158.315,3 1,East,2,4,4
0,3,9,2,1158.94,3 2,East,2,4,4
0,3,9,3,1159.464,3 2,South,2,4,4
0,3,9,2,1160.014,4 2,South,2,4,4
0,3,9,1,1160.663,4 2,East,2,4,4
0,3,9,2,1161.317,4 3,East,2,4,4
0,3,9,2,1161.837,4 4,East,2,4,4
0,3,9,1,1162.373,4 4,North,2,4,4
0,3,9,2,1163.07,3 4,North,2,4,4
0,3,9,2,1163.758,2 4,North,2,4,4
0,3,9,2,1164.375,1 4,North,2,4,4
0,3,9,2,1165.053,0 4,North,2,4,4
0,3,9,6,1165.44,0 4,North,2,5,4
0,3,9,1,1165.704,0 4,West,2,5,4
0,3,9,1,1166.217,0 4,South,2,5,4
0,3,9,2,1167.029,1 4,South,2,5,4
0,3,9,3,1167.99,1 4,West,2,5,4
0,3,9,2,1168.651,1 3,West,2,5,4
0,3,9,1,1169.316,1 3,South,2,5,4
0,3,9,2,1169.879,2 3,South,2,5,4
0,3,9,3,1170.518,2 3,West,2,5,4
0,3,9,2,1171.177,2 2,West,2,5,4
0,3,9,3,1171.785,2 2,North,2,5,4
0,3,9,2,1172.329,1 2,North,2,5,4
0,3,9,2,1172.842,0 2,North,2,5,4
0,3,9,1,1173.352,0 2,West,2,5,4
0,3,9,1,1174.052,0 2,South,2,5,4
0,3,9,2,1174.568,1 2,South,2,5,4
0,3,9,2,1175.19,2 2,South,2,5,4
0,3,9,1,1175.706,2 2,East,2,5,4
0,3,9,2,1176.344,2 3,East,2,5,4
0,3,9,1,1176.869,2 3,North,2,5,4
0,3,9,2,1177.38,1 3,North,2,5,4
0,3,9,3,1178.04,1 3,East,2,5,4
0,3,9,2,1178.779,1 4,East,2,5,4
0,3,9,3,1179.386,1 4,South,2,5,4
0,3,9,2,1180.036,2 4,South,2,5,4
0,3,9,2,1180.568,3 4,South,2,5,4
0,3,9,3,1181.338,3 4,West,2,5,4
0,3,9,1,1181.945,3 4,South,2,5,4
0,3,9,2,1182.473,4 4,South,2,5,4
0,3,9,3,1183.146,4 4,West,2,5,4
0,3,9,2,1183.821,4 3,West,2,5,4
0,3,9,2,1184.389,4 2,West,2,5,4
0,3,9,3,1185.051,4 2,North,2,5,4
0,3,9,2,1185.591,3 2,North,2,5,4
0,3,9,1,1186.12,3 2,West,2,5,4
0,3,9,2,1186.726,3 1,West,2,5,4
0,3,9,3,1187.404,3 1,North,2,5,4
0,3,9,2,1188.004,2 1,North,2,5,4
0,3,9,2,1188.535,1 1,North,2,5,4
0,3,9,1,1189.194,1 1,West,2,5,4
0,3,9,2,1189.801,1 0,West,2,5,4
0,3,9,1,1190.332,1 0,South,2,5,4
0,3,9,2,1190.986,2 0,South,2,5,4
0,3,9,2,1191.624,3 0,South,2,5,4
0,3,9,2,1192.281,4 0,South,2,5,4
0,3,9,6,1192.66,4 0,South,2,6,4
0,3,9,1,1192.905,4 0,East,2,6,4
0,3,9,1,1193.436,4 0,North,2,6,4
0,3,9,2,1194.009,3 0,North,2,6,4
0,3,9,2,1194.57,2 0,North,2,6,4
0,3,9,2,1195.228,1 0,North,2,6,4
0,3,9,3,1195.804,1 0,East,2,6,4
0,3,9,2,1196.346,1 1,East,2,6,4
0,3,9,3,1197.02,1 1,South,2,6,4
0,3,9,2,1197.532,2 1,South,2,6,4
0,3,9,2,1198.044,3 1,South,2,6,4
0,3,9,1,1198.66,3 1,East,2,6,4
0,3,9,2,1199.319,3 2,East,2,6,4
0,3,9,3,1199.977,3 2,South,2,6,4
0,3,9,2,1200.636,4 2,South,2,6,4
0,3,9,2,1201.371,4 2,South,2,6,4
0,3,9,1,1201.706,4 2,East,2,6,4
0,3,9,2,1202.283,4 3,East,2,6,4
0,3,9,2,1202.792,4 4,East,2,6,4
0,3,9,2,1203.62,4 4,East,2,6,4
0,3,9,1,1203.915,4 4,North,2,6,4
0,3,9,2,1204.567,3 4,North,2,6,4
0,3,9,6,1204.94,3 4,North,2,7,4
0,3,9,2,1205.196,2 4,North,2,7,4
0,3,9,2,1205.765,1 4,North,2,7,4
0,3,9,1,1206.312,1 4,West,2,7,4
0,3,9,2,1207.31,1 3,West,2,7,4
0,3,9,1,1207.829,1 3,South,2,7,4
0,3,9,2,1208.408,2 3,South,2,7,4
0,3,9,3,1209.053,2 3,West,2,7,4
0,3,9,2,1209.692,2 2,West,2,7,4
0,3,9,3,1210.646,2 2,North,2,7,4
0,3,9,2,1211.175,1 2,North,2,7,4
0,3,9,2,1211.741,0 2,North,2,7,4
0,3,9,1,1212.347,0 2,West,2,7,4
0,3,9,2,1212.904,0 1,West,2,7,4
0,3,9,2,1213.463,0 0,West,2,7,4
0,3,9,6,1213.88,0 0,West,2,8,4
3,3,9,2,1217.093,3 4,North,2,0,0
3,3,9,2,1217.639,2 4,North,2,0,0
3,3,9,6,1218.02,2 4,North,2,1,0
3,3,9,4,1219.928,3 4,North,2,1,0
3,3,9,4,1220.789,4 4,North,2,1,0
3,3,9,1,1221.502,4 3,North,2,1,0
3,3,9,1,1222.087,4 2,North,2,1,0
3,3,9,2,1222.792,3 2,North,2,1,0
3,3,9,1,1223.383,3 1,North,2,1,0
3,3,9,2,1224.358,2 1,North,2,1,0
3,3,9,2,1224.99,1 1,North,2,1,0
3,3,9,1,1225.589,1 0,North,2,1,0
3,3,9,6,1225.98,1 0,North,2,2,0
3,3,9,3,1226.278,1 1,North,2,2,0
3,3,9,4,1227.098,2 1,North,2,2,0
3,3,9,4,1227.71,3 1,North,2,2,0
3,3,9,3,1228.281,3 2,North,2,2,0
3,3,9,4,1229.195,4 2,North,2,2,0
3,3,9,3,1229.734,4 3,North,2,2,0
3,3,9,3,1230.311,4 4,North,2,2,0
3,3,9,2,1230.895,3 4,North,2,2,0
3,3,9,6,1231.28,3 4,North,2,3,0
3,3,9,2,1234.494,2 4,North,2,3,0
3,3,9,2,1235.081,1 4,North,2,3,0
3,3,9,1,1235.639,1 3,North,2,3,0
3,3,9,4,1236.253,2 3,North,2,3,0
3,3,9,6,1236.62,2 3,North,2,4,0
3,3,9,1,1237.161,2 2,North,2,4,0
3,3,9,3,1237.883,2 3,North,2,4,0
3,3,9,1,1238.425,2 2,North,2,4,0
3,3,9,2,1239.159,1 2,North,2,4,0
3,3,9,2,1249.647,0 2,North,2,4,0
3,3,9,1,1250.309,0 1,North,2,4,0
3,3,9,6,1250.72,0 1,North,2,5,0
3,3,9,3,1252.249,0 2,North,2,5,0
3,3,9,4,1252.815,1 2,North,2,5,0
3,3,9,4,1253.402,2 2,North,2,5,0
3,3,9,3,1254.027,2 3,North,2,5,0
3,3,9,2,1254.599,1 3,North,2,5,0
3,3,9,3,1255.111,1 4,North,2,5,0
3,3,9,6,1255.5,1 4,North,2,6,0
3,3,9,4,1255.895,2 4,North,2,6,0
3,3,9,4,1256.475,3 4,North,2,6,0
3,3,9,4,1257.03,4 4,North,2,6,0
3,3,9,1,1257.963,4 3,North,2,6,0
3,3,9,1,1259.032,4 2,North,2,6,0
3,3,9,2,1259.623,3 2,North,2,6,0
3,3,9,3,1260.222,3 3,North,2,6,0
3,3,9,6,1260.62,3 3,North,2,7,0
3,3,9,1,1260.917,3 2,North,2,7,0
3,3,9,1,1271.558,3 1,North,2,7,0
3,3,9,2,1272.22,2 1,North,2,7,0
3,3,9,2,1272.742,1 1,North,2,7,0
3,3,9,6,1273.12,1 1,North,2,8,0
0,4,10,2,1276.65,3 4,North,2,0,0
0,4,10,2,1277.182,2 4,North,2,0,0
0,4,10,2,1277.8,1 4,North,2,0,0
0,4,10,1,1278.309,1 4,West,2,0,0
0,4,10,2,1279.031,1 3,West,2,0,0
0,4,10,1,1279.636,1 3,South,2,0,0
0,4,10,2,1280.203,2 3,South,2,0,0
0,4,10,3,1280.728,2 3,West,2,0,0
0,4,10,2,1281.291,2 2,West,2,0,0
0,4,10,3,1281.941,2 2,North,2,0,0
0,4,10,2,1282.537,1 2,North,2,0,0
0,4,10,2,1283.177,0 2,North,2,0,0
0,4,10,1,1283.79,0 2,West,2,0,0
0,4,10,2,1284.318,0 1,West,2,0,0
0,4,10,3,1285.305,0 1,North,2,0,0
0,4,10,3,1285.845,0 1,East,2,0,0
0,4,10,2,1286.508,0 2,East,2,0,0
0,4,10,3,1287.031,0 2,South,2,0,0
0,4,10,2,1287.563,1 2,South,2,0,0
0,4,10,2,1288.12,2 2,South,2,0,0
0,4,10,1,1288.68,2 2,East,2,0,0
0,4,10,1,1289.223,2 2,North,2,0,0
0,4,10,3,1291.352,2 2,East,2,0,0
0,4,10,2,1291.909,2 3,East,2,0,0
0,4,10,1,1292.43,2 3,North,2,0,0
0,4,10,2,1293.188,1 3,North,2,0,0
0,4,10,3,1293.718,1 3,East,2,0,0
0,4,10,2,1294.363,1 4,East,2,0,0
0,4,10,3,1294.986,1 4,South,2,0,0
0,4,10,2,1295.534,2 4,South,2,0,0
0,4,10,2,1296.181,3 4,South,2,0,0
0,4,10,2,1296.761,4 4,South,2,0,0
0,4,10,3,1297.368,4 4,West,2,0,0
0,4,10,2,1297.949,4 3,West,2,0,0
0,4,10,2,1298.586,4 2,West,2,0,0
0,4,10,3,1299.259,4 2,North,2,0,0
0,4,10,2,1299.814,3 2,North,2,0,0
0,4,10,1,1300.334,3 2,West,2,0,0
0,4,10,2,1300.853,3 1,West,2,0,0
0,4,10,3,1301.541,3 1,North,2,0,0
0,4,10,2,1302.093,2 1,North,2,0,0
0,4,10,2,1302.711,1 1,North,2,0,0
0,4,10,1,1303.349,1 1,West,2,0,0
0,4,10,2,1303.87,1 0,West,2,0,0
0,4,10,1,1304.44,1 0,South,2,0,0
0,4,10,2,1305,2 0,South,2,0,0
0,4,10,2,1305.53,3 0,South,2,0,0
0,4,10,2,1306.427,4 0,South,2,0,0
0,4,10,6,1306.8,4 0,South,2,1,0
0,4,10,1,1307.005,4 0,East,2,1,0
0,4,10,1,1307.563,4 0,North,2,1,0
0,4,10,2,1308.12,3 0,North,2,1,0
0,4,10,2,1308.797,2 0,North,2,1,0
0,4,10,2,1309.436,1 0,North,2,1,0
0,4,10,3,1310.025,1 0,East,2,1,0
0,4,10,2,1310.556,1 1,East,2,1,0
0,4,10,6,1310.96,1 1,East,2,2,0
0,4,10,3,1311.286,1 1,South,2,2,0
0,4,10,2,1312.009,2 1,South,2,2,0
0,4,10,2,1312.603,3 1,South,2,2,0
0,4,10,1,1313.451,3 1,East,2,2,0
0,4,10,2,1314.126,3 2,East,2,2,0
0,4,10,3,1314.698,3 2,South,2,2,0
0,4,10,2,1315.26,4 2,South,2,2,0
0,4,10,6,1315.64,4 2,South,2,3,0
0,4,10,3,1315.948,4 2,West,2,3,0
0,4,10,3,1316.522,4 2,North,2,3,0
0,4,10,3,1317.094,4 2,East,2,3,0
0,4,10,1,1317.69,4 2,North,2,3,0
0,4,10,2,1318.312,3 2,North,2,3,0
0,4,10,3,1318.95,3 2,East,2,3,0
0,4,10,2,1319.606,3 3,East,2,3,0
0,4,10,6,1320.02,3 3,East,2,4,0
0,4,10,3,1320.41,3 3,South,2,4,0
0,4,10,3,1320.921,3 3,West,2,4,0
0,4,10,2,1321.599,3 2,West,2,4,0
0,4,10,2,1322.189,3 1,West,2,4,0
0,4,10,3,1322.766,3 1,North,2,4,0
0,4,10,3,1323.317,3 1,East,2,4,0
0,4,10,3,1323.848,3 1,South,2,4,0
0,4,10,1,1324.406,3 1,East,2,4,0
0,4,10,2,1324.957,3 2,East,2,4,0
0,4,10,3,1325.606,3 2,South,2,4,0
0,4,10,2,1326.215,4 2,South,2,4,0
0,4,10,2,1326.841,4 2,South,2,4,0
0,4,10,1,1327.16,4 2,East,2,4,0
0,4,10,2,1327.72,4 3,East,2,4,0
0,4,10,2,1328.357,4 4,East,2,4,0
0,4,10,1,1328.973,4 4,North,2,4,0
0,4,10,2,1329.621,3 4,North,2,4,0
0,4,10,2,1330.247,2 4,North,2,4,0
0,4,10,2,1330.857,1 4,North,2,4,0
0,4,10,1,1331.403,1 4,West,2,4,0
0,4,10,2,1331.945,1 3,West,2,4,0
0,4,10,1,1332.503,1 3,South,2,4,0
0,4,10,2,1333.174,2 3,South,2,4,0
0,4,10,3,1333.687,2 3,West,2,4,0
0,4,10,2,1334.251,2 2,West,2,4,0
0,4,10,3,1334.765,2 2,North,2,4,0
0,4,10,2,1335.325,1 2,North,2,4,0
0,4,10,2,1335.836,0 2,North,2,4,0
0,4,10,1,1336.405,0 2,West,2,4,0
0,4,10,1,1337.048,0 2,South,2,4,0
0,4,10,2,1337.589,1 2,South,2,4,0
0,4,10,2,1338.184,2 2,South,2,4,0
0,4,10,1,1338.743,2 2,East,2,4,0
0,4,10,2,1339.318,2 3,East,2,4,0
0,4,10,1,1339.879,2 3,North,2,4,0
0,4,10,2,1340.523,1 3,North,2,4,0
0,4,10,3,1341.064,1 3,East,2,4,0
0,4,10,2,1341.975,1 4,East,2,4,0
0,4,10,3,1342.532,1 4,South,2,4,0
0,4,10,2,1343.081,2 4,South,2,4,0
0,4,10,2,1343.657,3 4,South,2,4,0
0,4,10,2,1344.218,4 4,South,2,4,0
0,4,10,3,1344.804,4 4,West,2,4,0
0,4,10,2,1345.43,4 3,West,2,4,0
0,4,10,2,1346.039,4 2,West,2,4,0
0,4,10,3,1346.665,4 2,North,2,4,0
0,4,10,2,1347.226,3 2,North,2,4,0
0,4,10,1,1347.766,3 2,West,2,4,0
0,4,10,2,1348.297,3 1,West,2,4,0
0,4,10,3,1348.939,3 1,North,2,4,0
0,4,10,2,1349.545,2 1,North,2,4,0
0,4,10,2,1350.204,1 1,North,2,4,0
0,4,10,1,1350.84,1 1,West,2,4,0
0,4,10,2,1351.416,1 0,West,2,4,0
0,4,10,2,1352.103,1 0,West,2,4,0
0,4,10,1,1352.476,1 0,South,2,4,0
0,4,10,2,1353.099,2 0,South,2,4,0
0,4,10,6,1353.48,2 0,South,2,5,0
0,4,10,2,1353.771,3 0,South,2,5,0
0,4,10,1,1354.359,3 0,East,2,5,0
0,4,10,1,1354.874,3 0,North,2,5,0
0,4,10,2,1355.479,2 0,North,2,5,0
0,4,10,2,1355.997,1 0,North,2,5,0
0,4,10,3,1356.537,1 0,East,2,5,0
0,4,10,2,1357.097,1 1,East,2,5,0
0,4,10,3,1357.736,1 1,South,2,5,0
0,4,10,2,1358.265,2 1,South,2,5,0
0,4,10,2,1359.049,3 1,South,2,5,0
0,4,10,1,1359.575,3 1,East,2,5,0
0,4,10,2,1360.294,3 2,East,2,5,0
0,4,10,3,1360.89,3 2,South,2,5,0
0,4,10,2,1361.415,4 2,South,2,5,0
0,4,10,1,1362.041,4 2,East,2,5,0
0,4,10,2,1362.711,4 3,East,2,5,0
0,4,10,2,1363.367,4 4,East,2,5,0
0,4,10,1,1363.886,4 4,North,2,5,0
0,4,10,2,1364.412,3 4,North,2,5,0
0,4,10,6,1364.8,3 4,North,2,6,0
0,4,10,2,1365.02,2 4,North,2,6,0
0,4,10,2,1365.558,1 4,North,2,6,0
0,4,10,1,1366.074,1 4,West,2,6,0
0,4,10,1,1366.603,1 4,South,2,6,0
0,4,10,3,1367.293,1 4,West,2,6,0
0,4,10,2,1368.205,1 3,West,2,6,0
0,4,10,1,1368.741,1 3,South,2,6,0
0,4,10,2,1369.415,2 3,South,2,6,0
0,4,10,3,1369.928,2 3,West,2,6,0
0,4,10,2,1370.525,2 2,West,2,6,0
0,4,10,3,1371.164,2 2,North,2,6,0
0,4,10,2,1371.701,1 2,North,2,6,0
0,4,10,2,1372.214,0 2,North,2,6,0
0,4,10,1,1372.792,0 2,West,2,6,0
0,4,10,1,1373.336,0 2,South,2,6,0
0,4,10,2,1373.909,1 2,South,2,6,0
0,4,10,2,1374.421,2 2,South,2,6,0
0,4,10,1,1374.985,2 2,East,2,6,0
0,4,10,2,1375.625,2 3,East,2,6,0
0,4,10,1,1376.281,2 3,North,2,6,0
0,4,10,2,1376.936,1 3,North,2,6,0
0,4,10,3,1377.477,1 3,East,2,6,0
0,4,10,2,1378.014,1 4,East,2,6,0
0,4,10,3,1378.532,1 4,South,2,6,0
0,4,10,2,1379.118,2 4,South,2,6,0
0,4,10,2,1379.688,3 4,South,2,6,0
0,4,10,2,1380.198,4 4,South,2,6,0
0,4,10,3,1380.743,4 4,West,2,6,0
0,4,10,2,1381.417,4 3,West,2,6,0
0,4,10,2,1382.085,4 2,West,2,6,0
0,4,10,3,1382.708,4 2,North,2,6,0
0,4,10,2,1383.226,3 2,North,2,6,0
0,4,10,1,1383.865,3 2,West,2,6,0
0,4,10,2,1384.524,3 1,West,2,6,0
0,4,10,3,1385.126,3 1,North,2,6,0
0,4,10,2,1385.656,2 1,North,2,6,0
0,4,10,2,1386.171,1 1,North,2,6,0
0,4,10,1,1386.742,1 1,West,2,6,0
0,4,10,2,1387.322,1 0,West,2,6,0
0,4,10,6,1387.72,1 0,West,2,7,0
0,4,10,1,1387.996,1 0,South,2,7,0
0,4,10,2,1388.523,2 0,South,2,7,0
0,4,10,3,1389.176,2 0,West,2,7,0
0,4,10,3,1389.817,2 0,North,2,7,0
0,4,10,2,1390.412,1 0,North,2,7,0
0,4,10,3,1391.031,1 0,East,2,7,0
0,4,10,2,1391.899,1 1,East,2,7,0
0,4,10,3,1392.452,1 1,South,2,7,0
0,4,10,2,1392.964,2 1,South,2,7,0
0,4,10,2,1393.624,3 1,South,2,7,0
0,4,10,1,1394.269,3 1,East,2,7,0
0,4,10,2,1394.829,3 2,East,2,7,0
0,4,10,6,1395.24,3 2,East,2,8,0
3,4,10,1,1400.014,4 3,North,2,0,0
3,4,10,1,1400.585,4 2,North,2,0,0
3,4,10,6,1400.98,4 2,North,2,1,0
3,4,10,3,1401.477,4 3,North,2,1,0
3,4,10,3,1402.004,4 4,North,2,1,0
3,4,10,2,1402.524,3 4,North,2,1,0
3,4,10,6,1402.9,3 4,North,2,2,0
3,4,10,4,1403.289,4 4,North,2,2,0
3,4,10,1,1403.979,4 3,North,2,2,0
3,4,10,1,1404.903,4 2,North,2,2,0
3,4,10,2,1405.502,3 2,North,2,2,0
3,4,10,1,1406.732,3 1,North,2,2,0
3,4,10,2,1407.333,2 1,North,2,2,0
3,4,10,2,1407.925,1 1,North,2,2,0
3,4,10,1,1408.46,1 0,North,2,2,0
3,4,10,4,1409.084,2 0,North,2,2,0
3,4,10,4,1409.606,3 0,North,2,2,0
3,4,10,4,1410.518,4 0,North,2,2,0
3,4,10,6,1410.88,4 0,North,2,3,0
3,4,10,2,1411.083,3 0,North,2,3,0
3,4,10,2,1411.732,2 0,North,2,3,0
3,4,10,2,1412.635,1 0,North,2,3,0
3,4,10,3,1413.269,1 1,North,2,3,0
3,4,10,4,1413.882,2 1,North,2,3,0
3,4,10,4,1415.222,3 1,North,2,3,0
3,4,10,3,1415.847,3 2,North,2,3,0
3,4,10,6,1416.24,3 2,North,2,4,0
3,4,10,4,1416.583,4 2,North,2,4,0
3,4,10,3,1417.149,4 3,North,2,4,0
3,4,10,6,1417.56,4 3,North,2,5,0
3,4,10,1,1418.104,4 2,North,2,5,0
3,4,10,3,1418.664,4 3,North,2,5,0
3,4,10,3,1419.596,4 4,North,2,5,0
3,4,10,2,1420.252,3 4,North,2,5,0
3,4,10,2,1420.796,2 4,North,2,5,0
3,4,10,2,1421.51,1 4,North,2,5,0
3,4,10,1,1422.239,1 3,North,2,5,0
3,4,10,4,1422.791,2 3,North,2,5,0
3,4,10,1,1423.335,2 2,North,2,5,0
3,4,10,6,1423.74,2 2,North,2,6,0
3,4,10,3,1424.197,2 3,North,2,6,0
3,4,10,2,1424.761,1 3,North,2,6,0
3,4,10,3,1425.274,1 4,North,2,6,0
3,4,10,4,1425.845,2 4,North,2,6,0
3,4,10,4,1426.698,3 4,North,2,6,0
3,4,10,4,1427.308,4 4,North,2,6,0
3,4,10,1,1427.914,4 3,North,2,6,0
3,4,10,1,1428.732,4 2,North,2,6,0
3,4,10,2,1429.34,3 2,North,2,6,0
3,4,10,1,1430.011,3 1,North,2,6,0
3,4,10,6,1430.42,3 1,North,2,7,0
3,4,10,3,1430.708,3 2,North,2,7,0
3,4,10,1,1431.327,3 1,North,2,7,0
3,4,10,2,1431.958,2 1,North,2,7,0
3,4,10,6,1432.34,2 1,North,2,8,0
0,4,11,1,1436.83,4 4,West,2,0,0
0,4,11,3,1437.493,4 4,North,2,0,0
0,4,11,2,1438.279,3 4,North,2,0,0
0,4,11,2,1438.925,2 4,North,2,0,0
0,4,11,2,1439.599,1 4,North,2,0,0
0,4,11,1,1440.188,1 4,West,2,0,0
0,4,11,2,1440.714,1 3,West,2,0,0
0,4,11,1,1441.302,1 3,South,2,0,0
0,4,11,2,1441.94,2 3,South,2,0,0
0,4,11,3,1442.493,2 3,West,2,0,0
0,4,11,2,1443.116,2 2,West,2,0,0
0,4,11,3,1443.736,2 2,North,2,0,0
0,4,11,2,1444.246,1 2,North,2,0,0
0,4,11,6,1444.64,1 2,North,2,1,0
0,4,11,2,1444.795,0 2,North,2,1,0
0,4,11,1,1445.42,0 2,West,2,1,0
0,4,11,1,1446.044,0 2,South,2,1,0
0,4,11,2,1446.613,1 2,South,2,1,0
0,4,11,2,1447.243,2 2,South,2,1,0
0,4,11,1,1447.854,2 2,East,2,1,0
0,4,11,2,1448.374,2 3,East,2,1,0
0,4,11,1,1448.991,2 3,North,2,1,0
0,4,11,2,1449.66,1 3,North,2,1,0
0,4,11,3,1450.228,1 3,East,2,1,0
0,4,11,2,1450.889,1 4,East,2,1,0
0,4,11,1,1451.405,1 4,North,2,1,0
0,4,11,2,1451.94,0 4,North,2,1,0
0,4,11,6,1452.32,0 4,North,2,2,0
0,4,11,3,1452.631,0 4,East,2,2,0
0,4,11,3,1453.178,0 4,South,2,2,0
0,4,11,3,1453.725,0 4,West,2,2,0
0,4,11,1,1454.292,0 4,South,2,2,0
0,4,11,2,1454.895,1 4,South,2,2,0
0,4,11,3,1455.529,1 4,West,2,2,0
0,4,11,1,1456.297,1 4,South,2,2,0
0,4,11,3,1457.085,1 4,West,2,2,0
0,4,11,2,1457.621,1 3,West,2,2,0
0,4,11,1,1458.181,1 3,South,2,2,0
0,4,11,2,1458.708,2 3,South,2,2,0
0,4,11,3,1459.466,2 3,West,2,2,0
0,4,11,2,1460.139,2 2,West,2,2,0
0,4,11,3,1460.748,2 2,North,2,2,0
0,4,11,2,1461.334,1 2,North,2,2,0
0,4,11,2,1461.99,0 2,North,2,2,0
0,4,11,1,1462.636,0 2,West,2,2,0
0,4,11,1,1463.259,0 2,South,2,2,0
0,4,11,2,1463.781,1 2,South,2,2,0
0,4,11,2,1464.311,2 2,South,2,2,0
0,4,11,1,1464.822,2 2,East,2,2,0
0,4,11,2,1465.38,2 3,East,2,2,0
0,4,11,1,1466.168,2 3,North,2,2,0
0,4,11,2,1466.828,1 3,North,2,2,0
0,4,11,3,1467.405,1 3,East,2,2,0
0,4,11,2,1468.076,1 4,East,2,2,0
0,4,11,3,1468.715,1 4,South,2,2,0
0,4,11,2,1469.269,2 4,South,2,2,0
0,4,11,2,1469.949,3 4,South,2,2,0
0,4,11,2,1470.538,4 4,South,2,2,0
0,4,11,3,1471.162,4 4,West,2,2,0
0,4,11,2,1471.675,4 3,West,2,2,0
0,4,11,2,1472.261,4 2,West,2,2,0
0,4,11,3,1472.846,4 2,North,2,2,0
0,4,11,2,1473.383,3 2,North,2,2,0
0,4,11,1,1474.037,3 2,West,2,2,0
0,4,11,2,1474.682,3 1,West,2,2,0
0,4,11,3,1475.384,3 1,North,2,2,0
0,4,11,3,1476.094,3 1,East,2,2,0
0,4,11,1,1477.099,3 1,North,2,2,0
0,4,11,2,1477.661,2 1,North,2,2,0
0,4,11,2,1478.202,1 1,North,2,2,0
0,4,11,1,1478.748,1 1,West,2,2,0
0,4,11,2,1479.352,1 0,West,2,2,0
0,4,11,1,1479.863,1 0,South,2,2,0
0,4,11,2,1480.438,2 0,South,2,2,0
0,4,11,2,1481.014,3 0,South,2,2,0
0,4,11,2,1481.646,4 0,South,2,2,0
0,4,11,1,1482.268,4 0,East,2,2,0
0,4,11,2,1482.807,4 1,East,2,2,0
0,4,11,6,1483.22,4 1,East,2,3,0
0,4,11,3,1483.339,4 1,South,2,3,0
0,4,11,3,1484.012,4 1,West,2,3,0
0,4,11,2,1484.618,4 0,West,2,3,0
0,4,11,3,1485.24,4 0,North,2,3,0
0,4,11,2,1485.768,3 0,North,2,3,0
0,4,11,2,1486.296,2 0,North,2,3,0
0,4,11,2,1486.955,1 0,North,2,3,0
0,4,11,3,1487.484,1 0,East,2,3,0
0,4,11,2,1487.993,1 1,East,2,3,0
0,4,11,3,1488.631,1 1,South,2,3,0
0,4,11,2,1489.259,2 1,South,2,3,0
0,4,11,2,1489.864,3 1,South,2,3,0
0,4,11,1,1490.441,3 1,East,2,3,0
0,4,11,2,1490.989,3 2,East,2,3,0
0,4,11,3,1491.637,3 2,South,2,3,0
0,4,11,2,1492.326,4 2,South,2,3,0
0,4,11,1,1492.924,4 2,East,2,3,0
0,4,11,2,1493.45,4 3,East,2,3,0
0,4,11,2,1493.981,4 4,East,2,3,0
0,4,11,1,1494.538,4 4,North,2,3,0
0,4,11,2,1495.228,3 4,North,2,3,0
0,4,11,2,1495.768,2 4,North,2,3,0
0,4,11,2,1496.293,1 4,North,2,3,0
0,4,11,1,1496.81,1 4,West,2,3,0
0,4,11,2,1497.319,1 3,West,2,3,0
0,4,11,1,1498.173,1 3,South,2,3,0
0,4,11,2,1498.807,2 3,South,2,3,0
0,4,11,3,1499.318,2 3,West,2,3,0
0,4,11,2,1499.886,2 2,West,2,3,0
0,4,11,3,1500.438,2 2,North,2,3,0
0,4,11,2,1501.031,1 2,North,2,3,0
0,4,11,2,1501.545,0 2,North,2,3,0
0,4,11,1,1502.381,0 2,West,2,3,0
0,4,11,2,1502.951,0 1,West,2,3,0
0,4,11,2,1503.485,0 0,West,2,3,0
0,4,11,6,1503.9,0 0,West,2,4,0
0,4,11,3,1504.104,0 0,North,2,4,0
0,4,11,3,1504.653,0 0,East,2,4,0
0,4,11,2,1505.239,0 1,East,2,4,0
0,4,11,2,1505.917,0 2,East,2,4,0
0,4,11,3,1506.44,0 2,South,2,4,0
0,4,11,2,1507.013,1 2,South,2,4,0
0,4,11,2,1507.559,2 2,South,2,4,0
0,4,11,6,1507.94,2 2,South,2,5,0
0,4,11,3,1508.266,2 2,West,2,5,0
0,4,11,3,1508.826,2 2,North,2,5,0
0,4,11,2,1509.404,1 2,North,2,5,0
0,4,11,1,1510.174,1 2,West,2,5,0
0,4,11,1,1510.772,1 2,South,2,5,0
0,4,11,2,1511.35,2 2,South,2,5,0
0,4,11,1,1511.96,2 2,East,2,5,0
0,4,11,2,1512.619,2 3,East,2,5,0
0,4,11,1,1513.162,2 3,North,2,5,0
0,4,11,2,1513.692,1 3,North,2,5,0
0,4,11,6,1514.08,1 3,North,2,6,0
0,4,11,3,1514.459,1 3,East,2,6,0
0,4,11,2,1514.997,1 4,East,2,6,0
0,4,11,1,1515.564,1 4,North,2,6,0
0,4,11,1,1516.236,1 4,West,2,6,0
0,4,11,1,1516.986,1 4,South,2,6,0
0,4,11,3,1517.644,1 4,West,2,6,0
0,4,11,2,1518.171,1 3,West,2,6,0
0,4,11,1,1518.84,1 3,South,2,6,0
0,4,11,2,1519.35,2 3,South,2,6,0
0,4,11,3,1519.913,2 3,West,2,6,0
0,4,11,2,1520.445,2 2,West,2,6,0
0,4,11,3,1521.095,2 2,North,2,6,0
0,4,11,2,1521.604,1 2,North,2,6,0
0,4,11,2,1522.248,0 2,North,2,6,0
0,4,11,6,1522.64,0 2,North,2,7,0
0,4,11,1,1522.773,0 2,West,2,7,0
0,4,11,1,1523.389,0 2,South,2,7,0
0,4,11,2,1523.91,1 2,South,2,7,0
0,4,11,2,1524.555,2 2,South,2,7,0
0,4,11,1,1525.175,2 2,East,2,7,0
0,4,11,2,1525.689,2 3,East,2,7,0
0,4,11,6,1526.1,2 3,East,2,8,0
3,4,11,2,1530.504,3 4,North,2,0,0
3,4,11,2,1531.05,2 4,North,2,0,0
3,4,11,2,1531.884,1 4,North,2,0,0
3,4,11,1,1532.478,1 3,North,2,0,0
3,4,11,4,1533.03,2 3,North,2,0,0
3,4,11,6,1533.4,2 3,North,2,1,0
3,4,11,1,1536.35,2 2,North,2,1,0
3,4,11,2,1538.294,1 2,North,2,1,0
3,4,11,2,1540.711,0 2,North,2,1,0
3,4,11,1,1541.382,0 1,North,2,1,0
3,4,11,1,1542.058,0 0,North,2,1,0
3,4,11,6,1542.46,0 0,North,2,2,0
3,4,11,3,1542.671,0 1,North,2,2,0
3,4,11,3,1543.26,0 2,North,2,2,0
3,4,11,4,1543.786,1 2,North,2,2,0
3,4,11,4,1544.743,2 2,North,2,2,0
3,4,11,3,1545.337,2 3,North,2,2,0
3,4,11,2,1545.897,1 3,North,2,2,0
3,4,11,3,1546.458,1 4,North,2,2,0
3,4,11,4,1547.115,2 4,North,2,2,0
3,4,11,4,1547.655,3 4,North,2,2,0
3,4,11,4,1548.204,4 4,North,2,2,0
3,4,11,1,1548.875,4 3,North,2,2,0
3,4,11,1,1549.51,4 2,North,2,2,0
3,4,11,2,1550.173,3 2,North,2,2,0
3,4,11,1,1551.113,3 1,North,2,2,0
3,4,11,2,1552.618,2 1,North,2,2,0
3,4,11,2,1553.262,1 1,North,2,2,0
3,4,11,1,1553.912,1 0,North,2,2,0
3,4,11,4,1554.536,2 0,North,2,2,0
3,4,11,4,1555.194,3 0,North,2,2,0
3,4,11,4,1555.836,4 0,North,2,2,0
3,4,11,3,1556.41,4 1,North,2,2,0
3,4,11,6,1556.82,4 1,North,2,3,0
3,4,11,1,1556.99,4 0,North,2,3,0
3,4,11,2,1557.561,3 0,North,2,3,0
3,4,11,2,1558.269,2 0,North,2,3,0
3,4,11,2,1558.923,1 0,North,2,3,0
3,4,11,3,1559.463,1 1,North,2,3,0
3,4,11,4,1560.056,2 1,North,2,3,0
3,4,11,4,1560.665,3 1,North,2,3,0
3,4,11,3,1561.195,3 2,North,2,3,0
3,4,11,4,1561.784,4 2,North,2,3,0
3,4,11,3,1562.342,4 3,North,2,3,0
3,4,11,3,1562.89,4 4,North,2,3,0
3,4,11,2,1563.415,3 4,North,2,3,0
3,4,11,2,1564.428,2 4,North,2,3,0
3,4,11,2,1565.341,1 4,North,2,3,0
3,4,11,1,1568.315,1 3,North,2,3,0
3,4,11,4,1569.047,2 3,North,2,3,0
3,4,11,1,1569.637,2 2,North,2,3,0
3,4,11,2,1570.239,1 2,North,2,3,0
3,4,11,2,1570.781,0 2,North,2,3,0
3,4,11,6,1571.16,0 2,North,2,4,0
3,4,11,4,1571.422,1 2,North,2,4,0
3,4,11,4,1572.568,2 2,North,2,4,0
3,4,11,3,1573.08,2 3,North,2,4,0
3,4,11,3,1573.703,2 3,North,2,4,1
3,4,11,2,1574.543,1 3,North,2,4,1
3,4,11,3,1575.29,1 4,North,2,4,1
3,4,11,4,1576.172,2 4,North,2,4,1
3,4,11,4,1576.765,3 4,North,2,4,1
3,4,11,4,1577.289,4 4,North,2,4,1
3,4,11,1,1577.886,4 3,North,2,4,1
3,4,11,1,1578.886,4 2,North,2,4,1
3,4,11,2,1579.581,3 2,North,2,4,1
3,4,11,1,1580.52,3 1,North,2,4,1
3,4,11,2,1581.446,2 1,North,2,4,1
3,4,11,2,1582.076,1 1,North,2,4,1
3,4,11,1,1582.655,1 0,North,2,4,1
3,4,11,6,1583.06,1 0,North,2,5,1
3,4,11,3,1583.366,1 1,North,2,5,1
3,4,11,4,1583.925,2 1,North,2,5,1
3,4,11,4,1584.566,3 1,North,2,5,1
3,4,11,3,1585.125,3 2,North,2,5,1
3,4,11,4,1585.673,4 2,North,2,5,1
3,4,11,3,1586.229,4 3,North,2,5,1
3,4,11,3,1586.75,4 4,North,2,5,1
3,4,11,2,1587.261,3 4,North,2,5,1
3,4,11,2,1587.785,2 4,North,2,5,1
3,4,11,6,1588.16,2 4,North,2,6,1
3,4,11,4,1588.709,3 4,North,2,6,1
3,4,11,4,1589.325,4 4,North,2,6,1
3,4,11,1,1590.215,4 3,North,2,6,1
3,4,11,1,1590.828,4 2,North,2,6,1
3,4,11,2,1591.758,3 2,North,2,6,1
3,4,11,1,1592.325,3 1,North,2,6,1
3,4,11,2,1593.239,2 1,North,2,6,1
3,4,11,2,1593.829,1 1,North,2,6,1
3,4,11,1,1594.459,1 0,North,2,6,1
3,4,11,4,1595.198,2 0,North,2,6,1
3,4,11,4,1595.783,3 0,North,2,6,1
3,4,11,6,1596.14,3 0,North,2,7,1
3,4,11,2,1596.422,2 0,North,2,7,1
3,4,11,6,1596.82,2 0,North,2,8,1
0,4,12,1,1600.078,4 4,West,2,0,1
0,4,12,3,1600.605,4 4,North,2,0,1
0,4,12,2,1601.289,3 4,North,2,0,1
0,4,12,2,1601.929,2 4,North,2,0,1
0,4,12,2,1602.572,1 4,North,2,0,1
0,4,12,6,1602.96,1 4,North,2,1,1
0,4,12,1,1603.176,1 4,West,2,1,1
0,4,12,1,1603.688,1 4,South,2,1,1
0,4,12,3,1604.549,1 4,West,2,1,1
0,4,12,2,1605.174,1 3,West,2,1,1
0,4,12,1,1605.781,1 3,South,2,1,1
0,4,12,2,1606.342,2 3,South,2,1,1
0,4,12,3,1606.985,2 3,West,2,1,1
0,4,12,2,1607.542,2 2,West,2,1,1
0,4,12,3,1608.088,2 2,North,2,1,1
0,4,12,2,1608.639,1 2,North,2,1,1
0,4,12,1,1609.354,1 2,West,2,1,1
0,4,12,3,1610.025,1 2,North,2,1,1
0,4,12,2,1610.649,0 2,North,2,1,1
0,4,12,1,1611.179,0 2,West,2,1,1
0,4,12,1,1612.25,0 2,South,2,1,1
0,4,12,2,1612.782,1 2,South,2,1,1
0,4,12,2,1613.415,2 2,South,2,1,1
0,4,12,1,1614.069,2 2,East,2,1,1
0,4,12,2,1614.63,2 3,East,2,1,1
0,4,12,1,1615.174,2 3,North,2,1,1
0,4,12,2,1615.786,1 3,North,2,1,1
0,4,12,3,1616.392,1 3,East,2,1,1
0,4,12,2,1617.015,1 4,East,2,1,1
0,4,12,3,1617.66,1 4,South,2,1,1
0,4,12,2,1618.198,2 4,South,2,1,1
0,4,12,2,1618.805,3 4,South,2,1,1
0,4,12,2,1619.403,4 4,South,2,1,1
0,4,12,3,1620.06,4 4,West,2,1,1
0,4,12,2,1620.663,4 3,West,2,1,1
0,4,12,6,1621.08,4 3,West,2,2,1
0,4,12,3,1621.324,4 3,North,2,2,1
0,4,12,3,1622.091,4 3,East,2,2,1
0,4,12,2,1622.742,4 4,East,2,2,1
0,4,12,1,1623.387,4 4,North,2,2,1
0,4,12,2,1623.921,3 4,North,2,2,1
0,4,12,2,1624.442,2 4,North,2,2,1
0,4,12,2,1625.079,1 4,North,2,2,1
0,4,12,1,1625.656,1 4,West,2,2,1
0,4,12,2,1626.284,1 3,West,2,2,1
0,4,12,1,1626.857,1 3,South,2,2,1
0,4,12,2,1627.389,2 3,South,2,2,1
0,4,12,2,1628.136,2 3,South,2,2,1
0,4,12,3,1628.396,2 3,West,2,2,1
0,4,12,2,1628.969,2 2,West,2,2,1
0,4,12,3,1629.498,2 2,North,2,2,1
0,4,12,2,1630.06,1 2,North,2,2,1
0,4,12,2,1630.582,0 2,North,2,2,1
0,4,12,1,1631.326,0 2,West,2,2,1
0,4,12,1,1631.837,0 2,South,2,2,1
0,4,12,2,1632.388,1 2,South,2,2,1
0,4,12,2,1633.02,2 2,South,2,2,1
0,4,12,1,1633.623,2 2,East,2,2,1
0,4,12,2,1634.26,2 3,East,2,2,1
0,4,12,1,1634.908,2 3,North,2,2,1
0,4,12,2,1635.561,1 3,North,2,2,1
0,4,12,3,1636.217,1 3,East,2,2,1
0,4,12,2,1636.773,1 4,East,2,2,1
0,4,12,3,1637.417,1 4,South,2,2,1
0,4,12,2,1638.109,2 4,South,2,2,1
0,4,12,2,1638.619,3 4,South,2,2,1
0,4,12,2,1639.237,4 4,South,2,2,1
0,4,12,3,1639.766,4 4,West,2,2,1
0,4,12,2,1640.317,4 3,West,2,2,1
0,4,12,2,1640.838,4 2,West,2,2,1
0,4,12,3,1641.834,4 2,North,2,2,1
0,4,12,2,1642.346,3 2,North,2,2,1
0,4,12,1,1642.919,3 2,West,2,2,1
0,4,12,2,1643.594,3 1,West,2,2,1
0,4,12,3,1644.171,3 1,North,2,2,1
0,4,12,2,1644.761,2 1,North,2,2,1
0,4,12,2,1645.287,1 1,North,2,2,1
0,4,12,1,1645.93,1 1,West,2,2,1
0,4,12,2,1646.492,1 0,West,2,2,1
0,4,12,1,1647.077,1 0,South,2,2,1
0,4,12,2,1647.685,2 0,South,2,2,1
0,4,12,2,1648.246,3 0,South,2,2,1
0,4,12,6,1648.62,3 0,South,2,3,1
0,4,12,1,1648.953,3 0,East,2,3,1
0,4,12,1,1649.527,3 0,North,2,3,1
0,4,12,2,1650.086,2 0,North,2,3,1
0,4,12,3,1650.81,2 0,East,2,3,1
0,4,12,1,1651.447,2 0,North,2,3,1
0,4,12,2,1652.027,1 0,North,2,3,1
0,4,12,3,1652.548,1 0,East,2,3,1
0,4,12,2,1653.129,1 1,East,2,3,1
0,4,12,3,1653.646,1 1,South,2,3,1
0,4,12,2,1654.218,2 1,South,2,3,1
0,4,12,2,1654.761,3 1,South,2,3,1
0,4,12,1,1655.417,3 1,East,2,3,1
0,4,12,2,1655.961,3 2,East,2,3,1
0,4,12,3,1656.597,3 2,South,2,3,1
0,4,12,2,1657.204,4 2,South,2,3,1
0,4,12,1,1657.738,4 2,East,2,3,1
0,4,12,2,1658.278,4 3,East,2,3,1
0,4,12,2,1658.829,4 4,East,2,3,1
0,4,12,1,1659.386,4 4,North,2,3,1
0,4,12,2,1660.061,3 4,North,2,3,1
0,4,12,2,1660.729,2 4,North,2,3,1
0,4,12,2,1661.355,1 4,North,2,3,1
0,4,12,1,1661.868,1 4,West,2,3,1
0,4,12,3,1662.39,1 4,North,2,3,1
0,4,12,2,1662.981,0 4,North,2,3,1
0,4,12,1,1663.609,0 4,West,2,3,1
0,4,12,2,1664.246,0 3,West,2,3,1
0,4,12,6,1664.66,0 3,West,2,4,1
0,4,12,1,1664.889,0 3,South,2,4,1
0,4,12,1,1665.486,0 3,East,2,4,1
0,4,12,2,1666.069,0 4,East,2,4,1
0,4,12,3,1666.712,0 4,South,2,4,1
0,4,12,2,1667.368,1 4,South,2,4,1
0,4,12,3,1667.976,1 4,West,2,4,1
0,4,12,2,1668.603,1 3,West,2,4,1
0,4,12,1,1669.26,1 3,South,2,4,1
0,4,12,2,1669.773,2 3,South,2,4,1
0,4,12,3,1670.407,2 3,West,2,4,1
0,4,12,2,1670.968,2 2,West,2,4,1
0,4,12,3,1671.588,2 2,North,2,4,1
0,4,12,2,1672.239,1 2,North,2,4,1
0,4,12,2,1672.84,0 2,North,2,4,1
0,4,12,1,1673.446,0 2,West,2,4,1
0,4,12,1,1674.061,0 2,South,2,4,1
0,4,12,2,1674.653,1 2,South,2,4,1
0,4,12,2,1675.303,2 2,South,2,4,1
0,4,12,1,1675.893,2 2,East,2,4,1
0,4,12,2,1676.55,2 3,East,2,4,1
0,4,12,1,1677.095,2 3,North,2,4,1
0,4,12,2,1677.75,1 3,North,2,4,1
0,4,12,3,1678.427,1 3,East,2,4,1
0,4,12,2,1679.015,1 4,East,2,4,1
0,4,12,3,1679.669,1 4,South,2,4,1
0,4,12,2,1680.314,2 4,South,2,4,1
0,4,12,2,1681.764,3 4,South,2,4,1
0,4,12,2,1682.392,4 4,South,2,4,1
0,4,12,3,1682.998,4 4,West,2,4,1
0,4,12,2,1683.655,4 3,West,2,4,1
0,4,12,2,1684.205,4 2,West,2,4,1
0,4,12,3,1684.872,4 2,North,2,4,1
0,4,12,2,1685.478,3 2,North,2,4,1
0,4,12,1,1686.089,3 2,West,2,4,1
0,4,12,2,1686.65,3 1,West,2,4,1
0,4,12,6,1687.06,3 1,West,2,5,1
0,4,12,3,1687.206,3 1,North,2,5,1
0,4,12,3,1687.767,3 1,East,2,5,1
0,4,12,1,1688.281,3 1,North,2,5,1
0,4,12,2,1688.805,2 1,North,2,5,1
0,4,12,2,1689.686,1 1,North,2,5,1
0,4,12,2,1690.44,1 1,North,2,5,1
0,4,12,1,1690.758,1 1,West,2,5,1
0,4,12,2,1691.354,1 0,West,2,5,1
0,4,12,1,1691.961,1 0,South,2,5,1
0,4,12,2,1692.51,2 0,South,2,5,1
0,4,12,2,1693.067,3 0,South,2,5,1
0,4,12,2,1693.673,4 0,South,2,5,1
0,4,12,1,1694.346,4 0,East,2,5,1
0,4,12,1,1694.988,4 0,North,2,5,1
0,4,12,2,1695.513,3 0,North,2,5,1
0,4,12,2,1696.133,2 0,North,2,5,1
0,4,12,2,1696.762,1 0,North,2,5,1
0,4,12,3,1697.452,1 0,East,2,5,1
0,4,12,2,1698.11,1 1,East,2,5,1
0,4,12,3,1698.683,1 1,South,2,5,1
0,4,12,2,1699.354,2 1,South,2,5,1
0,4,12,2,1699.914,3 1,South,2,5,1
0,4,12,1,1700.521,3 1,East,2,5,1
0,4,12,3,1701.371,3 1,South,2,5,1
0,4,12,1,1702.103,3 1,East,2,5,1
0,4,12,2,1702.728,3 2,East,2,5,1
0,4,12,3,1703.373,3 2,South,2,5,1
0,4,12,2,1703.989,4 2,South,2,5,1
0,4,12,1,1704.605,4 2,East,2,5,1
0,4,12,2,1705.237,4 3,East,2,5,1
0,4,12,2,1705.88,4 4,East,2,5,1
0,4,12,1,1706.486,4 4,North,2,5,1
0,4,12,2,1707.134,3 4,North,2,5,1
0,4,12,2,1707.676,2 4,North,2,5,1
0,4,12,6,1708.06,2 4,North,2,6,1
0,4,12,2,1708.214,1 4,North,2,6,1
0,4,12,1,1708.839,1 4,West,2,6,1
0,4,12,1,1709.719,1 4,South,2,6,1
0,4,12,3,1710.725,1 4,West,2,6,1
0,4,12,2,1711.383,1 3,West,2,6,1
0,4,12,1,1711.98,1 3,South,2,6,1
0,4,12,2,1712.566,2 3,South,2,6,1
0,4,12,3,1713.081,2 3,West,2,6,1
0,4,12,2,1713.861,2 2,West,2,6,1
0,4,12,3,1714.486,2 2,North,2,6,1
0,4,12,2,1715.018,1 2,North,2,6,1
0,4,12,2,1715.561,0 2,North,2,6,1
0,4,12,1,1716.213,0 2,West,2,6,1
0,4,12,2,1716.731,0 1,West,2,6,1
0,4,12,6,1717.14,0 1,West,2,7,1
0,4,12,3,1717.261,0 1,North,2,7,1
0,4,12,3,1717.788,0 1,East,2,7,1
0,4,12,2,1718.412,0 2,East,2,7,1
0,4,12,3,1718.981,0 2,South,2,7,1
0,4,12,2,1719.511,1 2,South,2,7,1
0,4,12,2,1720.412,2 2,South,2,7,1
0,4,12,1,1720.934,2 2,East,2,7,1
0,4,12,2,1721.452,2 3,East,2,7,1
0,4,12,1,1721.964,2 3,North,2,7,1
0,4,12,2,1722.475,1 3,North,2,7,1
0,4,12,3,1723.13,1 3,East,2,7,1
0,4,12,2,1723.769,1 4,East,2,7,1
0,4,12,1,1724.317,1 4,North,2,7,1
0,4,12,1,1724.843,1 4,West,2,7,1
0,4,12,1,1725.477,1 4,South,2,7,1
0,4,12,2,1726.123,2 4,South,2,7,1
0,4,12,2,1726.75,3 4,South,2,7,1
0,4,12,3,1727.337,3 4,West,2,7,1
0,4,12,1,1727.892,3 4,South,2,7,1
0,4,12,2,1728.459,4 4,South,2,7,1
0,4,12,3,1729.049,4 4,West,2,7,1
0,4,12,2,1729.642,4 3,West,2,7,1
0,4,12,2,1730.295,4 2,West,2,7,1
0,4,12,3,1730.969,4 2,North,2,7,1
0,4,12,2,1731.546,3 2,North,2,7,1
0,4,12,1,1732.172,3 2,West,2,7,1
0,4,12,2,1732.729,3 1,West,2,7,1
0,4,12,3,1733.389,3 1,North,2,7,1
0,4,12,2,1733.901,2 1,North,2,7,1
0,4,12,6,1734.28,2 1,North,2,8,1
3,4,12,1,1737.885,4 3,North,2,0,0
3,4,12,6,1738.3,4 3,North,2,1,0
3,4,12,1,1739.143,4 2,North,2,1,0
3,4,12,2,1739.67,3 2,North,2,1,0
3,4,12,1,1740.33,3 1,North,2,1,0
3,4,12,6,1740.74,3 1,North,2,2,0
3,4,12,3,1741.078,3 2,North,2,2,0
3,4,12,4,1741.896,4 2,North,2,2,0
3,4,12,3,1742.423,4 3,North,2,2,0
3,4,12,3,1742.983,4 4,North,2,2,0
3,4,12,2,1743.64,3 4,North,2,2,0
3,4,12,2,1744.154,2 4,North,2,2,0
3,4,12,6,1744.54,2 4,North,2,3,0
3,4,12,4,1744.903,3 4,North,2,3,0
3,4,12,4,1745.448,4 4,North,2,3,0
3,4,12,1,1746.075,4 3,North,2,3,0
3,4,12,1,1746.619,4 2,North,2,3,0
3,4,12,2,1747.3,3 2,North,2,3,0
3,4,12,1,1747.837,3 1,North,2,3,0
3,4,12,2,1748.394,2 1,North,2,3,0
3,4,12,2,1748.925,1 1,North,2,3,0
3,4,12,1,1749.448,1 0,North,2,3,0
3,4,12,4,1750.299,2 0,North,2,3,0
3,4,12,4,1750.838,3 0,North,2,3,0
3,4,12,6,1751.2,3 0,North,2,4,0
3,4,12,2,1751.373,2 0,North,2,4,0
3,4,12,2,1751.979,1 0,North,2,4,0
3,4,12,3,1752.506,1 1,North,2,4,0
3,4,12,4,1753.385,2 1,North,2,4,0
3,4,12,4,1754.014,3 1,North,2,4,0
3,4,12,3,1754.573,3 2,North,2,4,0
3,4,12,4,1755.481,4 2,North,2,4,0
3,4,12,3,1756.02,4 3,North,2,4,0
3,4,12,3,1757.002,4 4,North,2,4,0
3,4,12,2,1757.513,3 4,North,2,4,0
3,4,12,2,1758.059,2 4,North,2,4,0
3,4,12,2,1758.606,1 4,North,2,4,0
3,4,12,2,1759.156,0 4,North,2,4,0
3,4,12,6,1759.54,0 4,North,2,5,0
3,4,12,4,1759.95,1 4,North,2,5,0
3,4,12,6,1760.32,1 4,North,2,6,0
3,4,12,1,1760.793,1 3,North,2,6,0
3,4,12,4,1761.723,2 3,North,2,6,0
3,4,12,1,1762.6,2 2,North,2,6,0
3,4,12,2,1763.213,1 2,North,2,6,0
3,4,12,2,1763.766,0 2,North,2,6,0
3,4,12,1,1764.33,0 1,North,2,6,0
3,4,12,6,1764.74,0 1,North,2,7,0
3,4,12,3,1764.856,0 2,North,2,7,0
3,4,12,4,1765.805,1 2,North,2,7,0
3,4,12,4,1766.472,2 2,North,2,7,0
3,4,12,3,1767.046,2 3,North,2,7,0
3,4,12,2,1767.576,1 3,North,2,7,0
3,4,12,3,1768.125,1 4,North,2,7,0
3,4,12,2,1768.695,0 4,North,2,7,0
3,4,12,1,1769.656,0 3,North,2,7,0
3,4,12,6,1770.06,0 3,North,2,8,0
0,5,13,1,1792.566,4 4,West,3,0,0
0,5,13,3,1793.468,4 4,North,3,0,0
0,5,13,1,1794.311,4 4,West,3,0,0
0,5,13,3,1795.343,4 4,North,3,0,0
0,5,13,1,1795.898,4 4,West,3,0,0
0,5,13,3,1796.633,4 4,North,3,0,0
0,5,13,2,1797.369,3 4,North,3,0,0
0,5,13,6,1797.76,3 4,North,3,1,0
0,5,13,1,1797.899,3 4,West,3,1,0
0,5,13,2,1798.571,3 3,West,3,1,0
0,5,13,3,1799.436,3 3,North,3,1,0
0,5,13,3,1800.645,3 3,East,3,1,0
0,5,13,1,1801.574,3 3,North,3,1,0
0,5,13,3,1805.544,3 3,East,3,1,0
0,5,13,2,1806.071,3 4,East,3,1,0
0,5,13,3,1806.6,3 4,South,3,1,0
0,5,13,3,1807.173,3 4,West,3,1,0
0,5,13,3,1809.11,3 4,North,3,1,0
0,5,13,1,1811.462,3 4,West,3,1,0
0,5,13,2,1820.427,3 3,West,3,1,0
0,5,13,3,1821.034,3 3,North,3,1,0
0,5,13,2,1826.166,2 3,North,3,1,0
0,5,13,2,1826.759,1 3,North,3,1,0
0,5,13,2,1827.786,0 3,North,3,1,0
0,5,13,3,1828.49,0 3,East,3,1,0
0,5,13,2,1832.427,0 4,East,3,1,0
0,5,13,3,1832.955,0 4,South,3,1,0
0,5,13,3,1840.557,0 4,West,3,1,0
0,5,13,1,1841.656,0 4,South,3,1,0
0,5,13,3,1842.522,0 4,West,3,1,0
0,5,13,2,1843.061,0 3,West,3,1,0
0,5,13,1,1843.63,0 3,South,3,1,0
0,5,13,1,1844.446,0 3,East,3,1,0
0,5,13,1,1845.307,0 3,North,3,1,0
0,5,13,3,1848.54,0 3,East,3,1,0
0,5,13,3,1849.274,0 3,South,3,1,0
0,5,13,2,1851.612,1 3,South,3,1,0
0,5,13,2,1852.245,2 3,South,3,1,0
0,5,13,2,1852.838,3 3,South,3,1,0
0,5,13,1,1853.446,3 3,East,3,1,0
0,5,13,1,1854.233,3 3,North,3,1,0
0,5,13,3,1861.884,3 3,East,3,1,0
0,5,13,2,1862.413,3 4,East,3,1,0
0,5,13,3,1862.955,3 4,South,3,1,0
0,5,13,2,1863.53,4 4,South,3,1,0
0,5,13,3,1864.076,4 4,West,3,1,0
0,5,13,2,1865.173,4 3,West,3,1,0
0,5,13,2,1866.301,4 2,West,3,1,0
0,5,13,3,1866.877,4 2,North,3,1,0
0,5,13,1,1872.696,4 2,West,3,1,0
0,5,13,3,1876.119,4 2,North,3,1,0
0,5,13,2,1876.665,3 2,North,3,1,0
0,5,13,1,1877.34,3 2,West,3,1,0
0,5,13,3,1880.251,3 2,North,3,1,0
0,5,13,2,1884.089,3 2,North,3,1,0
0,5,13,1,1884.429,3 2,West,3,1,0
0,5,13,2,1884.997,3 1,West,3,1,0
0,5,13,2,1885.527,3 0,West,3,1,0
0,5,13,3,1886.089,3 0,North,3,1,0
0,5,13,2,1886.701,2 0,North,3,1,0
0,5,13,2,1888.109,1 0,North,3,1,0
0,5,13,3,1890.134,1 0,East,3,1,0
0,5,13,2,1890.781,1 1,East,3,1,0
0,5,13,3,1891.608,1 1,South,3,1,0
0,5,13,2,1895.915,2 1,South,3,1,0
0,5,13,1,1897.398,2 1,East,3,1,0
0,5,13,2,1897.996,2 2,East,3,1,0
0,5,13,1,1898.619,2 2,North,3,1,0
0,5,13,2,1899.495,1 2,North,3,1,0
0,5,13,2,1900.954,0 2,North,3,1,0
0,5,13,1,1901.484,0 2,West,3,1,0
0,5,13,2,1902.07,0 1,West,3,1,0
0,5,13,2,1902.746,0 0,West,3,1,0
0,5,13,6,1903.16,0 0,West,3,2,0
0,5,13,3,1903.278,0 0,North,3,2,0
0,5,13,3,1903.925,0 0,East,3,2,0
0,5,13,2,1904.522,0 1,East,3,2,0
0,5,13,2,1905.142,0 2,East,3,2,0
0,5,13,3,1905.677,0 2,South,3,2,0
0,5,13,2,1906.22,1 2,South,3,2,0
0,5,13,6,1906.6,1 2,South,3,3,0
0,5,13,3,1906.843,1 2,West,3,3,0
0,5,13,3,1907.535,1 2,North,3,3,0
0,5,13,1,1908.133,1 2,West,3,3,0
0,5,13,1,1908.761,1 2,South,3,3,0
0,5,13,2,1909.39,2 2,South,3,3,0
0,5,13,3,1910.023,2 2,West,3,3,0
0,5,13,2,1910.65,2 1,West,3,3,0
0,5,13,3,1911.325,2 1,North,3,3,0
0,5,13,2,1911.979,1 1,North,3,3,0
0,5,13,1,1912.573,1 1,West,3,3,0
0,5,13,2,1913.19,1 0,West,3,3,0
0,5,13,1,1913.749,1 0,South,3,3,0
0,5,13,2,1914.299,2 0,South,3,3,0
0,5,13,2,1914.958,3 0,South,3,3,0
0,5,13,1,1915.501,3 0,East,3,3,0
0,5,13,2,1916.044,3 1,East,3,3,0
0,5,13,2,1916.667,3 2,East,3,3,0
0,5,13,3,1917.241,3 2,South,3,3,0
0,5,13,2,1917.837,4 2,South,3,3,0
0,5,13,3,1918.357,4 2,West,3,3,0
0,5,13,1,1918.875,4 2,South,3,3,0
0,5,13,1,1919.513,4 2,East,3,3,0
0,5,13,2,1920.063,4 3,East,3,3,0
0,5,13,2,1920.73,4 4,East,3,3,0
0,5,13,1,1921.24,4 4,North,3,3,0
0,5,13,2,1923.079,3 4,North,3,3,0
0,5,13,1,1923.703,3 4,West,3,3,0
0,5,13,1,1925.355,3 4,South,3,3,0
0,5,13,3,1925.99,3 4,West,3,3,0
0,5,13,2,1926.569,3 3,West,3,3,0
0,5,13,3,1927.084,3 3,North,3,3,0
0,5,13,2,1927.626,2 3,North,3,3,0
0,5,13,2,1928.278,1 3,North,3,3,0
0,5,13,2,1928.891,0 3,North,3,3,0
0,5,13,2,1930.037,0 3,North,3,3,0
0,5,13,3,1930.221,0 3,East,3,3,0
0,5,13,2,1930.759,0 4,East,3,3,0
0,5,13,3,1931.302,0 4,South,3,3,0
0,5,13,2,1931.899,1 4,South,3,3,0
0,5,13,2,1932.459,2 4,South,3,3,0
0,5,13,6,1932.84,2 4,South,3,4,0
0,5,13,3,1933.257,2 4,West,3,4,0
0,5,13,3,1933.896,2 4,North,3,4,0
0,5,13,2,1934.554,1 4,North,3,4,0
0,5,13,2,1935.436,0 4,North,3,4,0
0,5,13,1,1935.96,0 4,West,3,4,0
0,5,13,2,1936.526,0 3,West,3,4,0
0,5,13,1,1937.383,0 3,South,3,4,0
0,5,13,2,1937.946,1 3,South,3,4,0
0,5,13,2,1938.485,2 3,South,3,4,0
0,5,13,2,1939.036,3 3,South,3,4,0
0,5,13,1,1939.574,3 3,East,3,4,0
0,5,13,2,1940.138,3 4,East,3,4,0
0,5,13,3,1940.667,3 4,South,3,4,0
0,5,13,2,1941.194,4 4,South,3,4,0
0,5,13,3,1942.187,4 4,West,3,4,0
0,5,13,2,1943.098,4 3,West,3,4,0
0,5,13,6,1943.5,4 3,West,3,5,0
0,5,13,3,1943.932,4 3,North,3,5,0
0,5,13,1,1945.019,4 3,West,3,5,0
0,5,13,2,1945.926,4 2,West,3,5,0
0,5,13,3,1946.458,4 2,North,3,5,0
0,5,13,2,1947.019,3 2,North,3,5,0
0,5,13,1,1947.541,3 2,West,3,5,0
0,5,13,2,1948.074,3 1,West,3,5,0
0,5,13,2,1948.621,3 0,West,3,5,0
0,5,13,3,1949.542,3 0,North,3,5,0
0,5,13,2,1950.106,2 0,North,3,5,0
0,5,13,2,1950.652,1 0,North,3,5,0
0,5,13,3,1951.209,1 0,East,3,5,0
0,5,13,2,1951.756,1 1,East,3,5,0
0,5,13,3,1952.662,1 1,South,3,5,0
0,5,13,2,1953.258,2 1,South,3,5,0
0,5,13,1,1954.133,2 1,East,3,5,0
0,5,13,2,1954.731,2 2,East,3,5,0
0,5,13,1,1955.318,2 2,North,3,5,0
0,5,13,2,1955.867,1 2,North,3,5,0
0,5,13,2,1956.423,0 2,North,3,5,0
0,5,13,1,1957.368,0 2,West,3,5,0
0,5,13,1,1958.058,0 2,South,3,5,0
0,5,13,2,1960.012,1 2,South,3,5,0
0,5,13,2,1961.653,2 2,South,3,5,0
0,5,13,3,1962.284,2 2,West,3,5,0
0,5,13,2,1962.911,2 1,West,3,5,0
0,5,13,3,1963.431,2 1,North,3,5,0
0,5,13,2,1964.074,1 1,North,3,5,0
0,5,13,1,1964.599,1 1,West,3,5,0
0,5,13,2,1965.229,1 0,West,3,5,0
0,5,13,1,1965.738,1 0,South,3,5,0
0,5,13,2,1966.25,2 0,South,3,5,0
0,5,13,2,1966.888,3 0,South,3,5,0
0,5,13,1,1967.419,3 0,East,3,5,0
0,5,13,2,1967.958,3 1,East,3,5,0
0,5,13,2,1968.854,3 2,East,3,5,0
0,5,13,3,1969.445,3 2,South,3,5,0
0,5,13,2,1969.974,4 2,South,3,5,0
0,5,13,1,1970.747,4 2,East,3,5,0
0,5,13,1,1971.288,4 2,North,3,5,0
0,5,13,1,1971.803,4 2,West,3,5,0
0,5,13,3,1972.391,4 2,North,3,5,0
0,5,13,3,1973.049,4 2,East,3,5,0
0,5,13,2,1973.573,4 3,East,3,5,0
0,5,13,2,1974.087,4 4,East,3,5,0
0,5,13,1,1974.603,4 4,North,3,5,0
0,5,13,2,1975.162,3 4,North,3,5,0
0,5,13,1,1975.837,3 4,West,3,5,0
0,5,13,2,1976.376,3 3,West,3,5,0
0,5,13,2,1977.116,3 3,West,3,5,0
0,5,13,3,1977.367,3 3,North,3,5,0
0,5,13,2,1977.978,2 3,North,3,5,0
0,5,13,2,1978.501,1 3,North,3,5,0
0,5,13,2,1979.207,0 3,North,3,5,0
0,5,13,3,1979.803,0 3,East,3,5,0
0,5,13,2,1980.421,0 4,East,3,5,0
0,5,13,3,1980.952,0 4,South,3,5,0
0,5,13,2,1981.626,1 4,South,3,5,0
0,5,13,6,1982,1 4,South,3,6,0
0,5,13,3,1982.295,1 4,West,3,6,0
0,5,13,3,1982.829,1 4,North,3,6,0
0,5,13,2,1983.445,0 4,North,3,6,0
0,5,13,1,1984.346,0 4,West,3,6,0
0,5,13,2,1985.002,0 3,West,3,6,0
0,5,13,1,1985.542,0 3,South,3,6,0
0,5,13,2,1986.056,1 3,South,3,6,0
0,5,13,2,1986.677,2 3,South,3,6,0
0,5,13,2,1987.241,3 3,South,3,6,0
0,5,13,1,1987.783,3 3,East,3,6,0
0,5,13,2,1988.302,3 4,East,3,6,0
0,5,13,3,1988.841,3 4,South,3,6,0
0,5,13,2,1989.451,4 4,South,3,6,0
0,5,13,3,1990.009,4 4,West,3,6,0
0,5,13,2,1990.568,4 3,West,3,6,0
0,5,13,2,1991.213,4 2,West,3,6,0
0,5,13,2,1991.781,4 1,West,3,6,0
0,5,13,2,1992.615,4 0,West,3,6,0
0,5,13,6,1993.02,4 0,West,3,7,0
0,5,13,3,1993.245,4 0,North,3,7,0
0,5,13,3,1993.805,4 0,East,3,7,0
0,5,13,2,1994.375,4 1,East,3,7,0
0,5,13,6,1994.78,4 1,East,3,8,0
3,5,13,1,1999.16,4 3,North,3,0,0
3,5,13,1,1999.72,4 2,North,3,0,0
3,5,13,1,2000.374,4 1,North,3,0,0
3,5,13,1,2000.922,4 0,North,3,0,0
3,5,13,6,2001.32,4 0,North,3,1,0
3,5,13,3,2001.55,4 1,North,3,1,0
3,5,13,3,2002.135,4 2,North,3,1,0
3,5,13,3,2002.697,4 3,North,3,1,0
3,5,13,3,2003.567,4 4,North,3,1,0
3,5,13,2,2004.181,3 4,North,3,1,0
3,5,13,1,2004.757,3 3,North,3,1,0
3,5,13,2,2005.32,2 3,North,3,1,0
3,5,13,2,2005.87,1 3,North,3,1,0
3,5,13,2,2006.392,0 3,North,3,1,0
3,5,13,3,2006.958,0 4,North,3,1,0
3,5,13,4,2007.881,1 4,North,3,1,0
3,5,13,6,2008.24,1 4,North,3,2,0
3,5,13,2,2008.407,0 4,North,3,2,0
3,5,13,1,2008.92,0 3,North,3,2,0
3,5,13,4,2009.434,1 3,North,3,2,0
3,5,13,4,2009.975,2 3,North,3,2,0
3,5,13,4,2010.909,3 3,North,3,2,0
3,5,13,3,2011.502,3 4,North,3,2,0
3,5,13,4,2012.359,4 4,North,3,2,0
3,5,13,1,2012.926,4 3,North,3,2,0
3,5,13,6,2013.34,4 3,North,3,3,0
3,5,13,1,2016.758,4 2,North,3,3,0
3,5,13,2,2019.621,3 2,North,3,3,0
3,5,13,1,2020.779,3 1,North,3,3,0
3,5,13,1,2024.188,3 0,North,3,3,0
3,5,13,2,2024.954,2 0,North,3,3,0
3,5,13,3,2027.739,2 0,North,3,3,1
3,5,13,2,2028.492,1 0,North,3,3,1
3,5,13,3,2031.164,1 1,North,3,3,1
3,5,13,6,2031.56,1 1,North,3,4,1
3,5,13,1,2032.254,1 0,North,3,4,1
3,5,13,4,2032.859,2 0,North,3,4,1
3,5,13,6,2033.22,2 0,North,3,5,1
3,5,13,2,2033.672,1 0,North,3,5,1
3,5,13,3,2034.232,1 1,North,3,5,1
3,5,13,4,2034.878,2 1,North,3,5,1
3,5,13,3,2035.453,2 2,North,3,5,1
3,5,13,2,2035.982,1 2,North,3,5,1
3,5,13,2,2037.528,0 2,North,3,5,1
3,5,13,1,2038.06,0 1,North,3,5,1
3,5,13,6,2038.46,0 1,North,3,6,1
3,5,13,3,2038.67,0 2,North,3,6,1
3,5,13,4,2039.195,1 2,North,3,6,1
3,5,13,4,2039.788,2 2,North,3,6,1
3,5,13,1,2040.325,2 1,North,3,6,1
3,5,13,6,2040.72,2 1,North,3,7,1
3,5,13,2,2041.178,1 1,North,3,7,1
3,5,13,1,2041.692,1 0,North,3,7,1
3,5,13,4,2042.231,2 0,North,3,7,1
3,5,13,4,2044.503,3 0,North,3,7,1
3,5,13,3,2045.069,3 1,North,3,7,1
3,5,13,3,2047.238,3 2,North,3,7,1
3,5,13,4,2047.786,4 2,North,3,7,1
3,5,13,1,2048.334,4 1,North,3,7,1
3,5,13,6,2048.74,4 1,North,3,8,1
0,5,14,2,2052.172,3 4,North,3,0,1
0,5,14,1,2053.064,3 4,West,3,0,1
0,5,14,1,2053.853,3 4,South,3,0,1
0,5,14,2,2054.393,4 4,South,3,0,1
0,5,14,3,2054.95,4 4,West,3,0,1
0,5,14,2,2055.806,4 3,West,3,0,1
0,5,14,2,2056.316,4 2,West,3,0,1
0,5,14,3,2056.955,4 2,North,3,0,1
0,5,14,2,2057.573,3 2,North,3,0,1
0,5,14,1,2058.201,3 2,West,3,0,1
0,5,14,2,2058.869,3 1,West,3,0,1
0,5,14,2,2059.547,3 0,West,3,0,1
0,5,14,6,2059.96,3 0,West,3,1,1
0,5,14,3,2060.12,3 0,North,3,1,1
0,5,14,2,2060.761,2 0,North,3,1,1
0,5,14,2,2061.382,1 0,North,3,1,1
0,5,14,3,2061.93,1 0,East,3,1,1
0,5,14,2,2062.472,1 1,East,3,1,1
0,5,14,3,2063.111,1 1,South,3,1,1
0,5,14,2,2063.737,2 1,South,3,1,1
0,5,14,1,2064.333,2 1,East,3,1,1
0,5,14,2,2064.922,2 2,East,3,1,1
0,5,14,1,2065.435,2 2,North,3,1,1
0,5,14,2,2066.023,1 2,North,3,1,1
0,5,14,2,2066.552,0 2,North,3,1,1
0,5,14,6,2066.94,0 2,North,3,2,1
0,5,14,1,2067.065,0 2,West,3,2,1
0,5,14,1,2069.673,0 2,South,3,2,1
0,5,14,2,2070.3,1 2,South,3,2,1
0,5,14,2,2073.691,2 2,South,3,2,1
0,5,14,3,2074.971,2 2,West,3,2,1
0,5,14,2,2075.642,2 1,West,3,2,1
0,5,14,3,2076.246,2 1,North,3,2,1
0,5,14,2,2076.917,1 1,North,3,2,1
0,5,14,1,2077.565,1 1,West,3,2,1
0,5,14,2,2078.171,1 0,West,3,2,1
0,5,14,1,2079,1 0,South,3,2,1
0,5,14,2,2079.766,2 0,South,3,2,1
0,5,14,2,2080.776,3 0,South,3,2,1
0,5,14,1,2081.302,3 0,East,3,2,1
0,5,14,2,2081.884,3 1,East,3,2,1
0,5,14,2,2082.526,3 2,East,3,2,1
0,5,14,3,2083.144,3 2,South,3,2,1
0,5,14,2,2083.756,4 2,South,3,2,1
0,5,14,3,2084.444,4 2,West,3,2,1
0,5,14,1,2085.079,4 2,South,3,2,1
0,5,14,1,2085.701,4 2,East,3,2,1
0,5,14,2,2086.333,4 3,East,3,2,1
0,5,14,2,2086.954,4 4,East,3,2,1
0,5,14,1,2087.482,4 4,North,3,2,1
0,5,14,2,2088.022,3 4,North,3,2,1
0,5,14,1,2088.598,3 4,West,3,2,1
0,5,14,2,2089.158,3 3,West,3,2,1
0,5,14,3,2089.798,3 3,North,3,2,1
0,5,14,2,2090.377,2 3,North,3,2,1
0,5,14,6,2090.76,2 3,North,3,3,1
0,5,14,2,2091.062,1 3,North,3,3,1
0,5,14,2,2091.593,0 3,North,3,3,1
0,5,14,3,2092.141,0 3,East,3,3,1
0,5,14,2,2092.762,0 4,East,3,3,1
0,5,14,3,2093.292,0 4,South,3,3,1
0,5,14,3,2093.831,0 4,West,3,3,1
0,5,14,2,2094.469,0 3,West,3,3,1
0,5,14,1,2095.048,0 3,South,3,3,1
0,5,14,2,2095.59,1 3,South,3,3,1
0,5,14,2,2096.251,2 3,South,3,3,1
0,5,14,2,2096.91,3 3,South,3,3,1
0,5,14,1,2097.449,3 3,East,3,3,1
0,5,14,2,2097.959,3 4,East,3,3,1
0,5,14,3,2098.638,3 4,South,3,3,1
0,5,14,2,2099.177,4 4,South,3,3,1
0,5,14,3,2099.817,4 4,West,3,3,1
0,5,14,2,2100.413,4 3,West,3,3,1
0,5,14,2,2101.069,4 2,West,3,3,1
0,5,14,3,2101.605,4 2,North,3,3,1
0,5,14,2,2102.135,3 2,North,3,3,1
0,5,14,6,2102.52,3 2,North,3,4,1
0,5,14,1,2102.76,3 2,West,3,4,1
0,5,14,2,2103.326,3 1,West,3,4,1
0,5,14,2,2103.991,3 0,West,3,4,1
0,5,14,3,2104.539,3 0,North,3,4,1
0,5,14,2,2105.175,2 0,North,3,4,1
0,5,14,6,2105.56,2 0,North,3,5,1
0,5,14,2,2105.781,1 0,North,3,5,1
0,5,14,3,2106.38,1 0,East,3,5,1
0,5,14,2,2107.029,1 1,East,3,5,1
0,5,14,3,2107.705,1 1,South,3,5,1
0,5,14,2,2108.36,2 1,South,3,5,1
0,5,14,1,2108.94,2 1,East,3,5,1
0,5,14,2,2109.578,2 2,East,3,5,1
0,5,14,2,2111.42,2 2,East,3,5,1
0,5,14,1,2111.72,2 2,North,3,5,1
0,5,14,2,2112.568,1 2,North,3,5,1
0,5,14,2,2113.502,0 2,North,3,5,1
0,5,14,1,2114.011,0 2,West,3,5,1
0,5,14,2,2114.549,0 1,West,3,5,1
0,5,14,6,2114.96,0 1,West,3,6,1
0,5,14,3,2115.238,0 1,North,3,6,1
0,5,14,3,2115.766,0 1,East,3,6,1
0,5,14,2,2116.333,0 2,East,3,6,1
0,5,14,3,2116.934,0 2,South,3,6,1
0,5,14,2,2117.593,1 2,South,3,6,1
0,5,14,2,2118.126,2 2,South,3,6,1
0,5,14,6,2118.5,2 2,South,3,7,1
0,5,14,3,2118.795,2 2,West,3,7,1
0,5,14,3,2119.366,2 2,North,3,7,1
0,5,14,1,2119.916,2 2,West,3,7,1
0,5,14,2,2120.473,2 1,West,3,7,1
0,5,14,3,2121.02,2 1,North,3,7,1
0,5,14,2,2121.704,1 1,North,3,7,1
0,5,14,1,2122.235,1 1,West,3,7,1
0,5,14,2,2122.823,1 0,West,3,7,1
0,5,14,6,2123.24,1 0,West,3,8,1
3,5,14,1,2127.771,4 3,North,3,0,0
3,5,14,1,2128.301,4 2,North,3,0,0
3,5,14,2,2129.707,3 2,North,3,0,0
3,5,14,1,2130.234,3 1,North,3,0,0
3,5,14,1,2131.341,3 0,North,3,0,0
3,5,14,2,2131.893,2 0,North,3,0,0
3,5,14,2,2136.781,1 0,North,3,0,0
3,5,14,3,2138.101,1 1,North,3,0,0
3,5,14,4,2138.613,2 1,North,3,0,0
3,5,14,3,2139.126,2 2,North,3,0,0
3,5,14,6,2139.52,2 2,North,3,1,0
3,5,14,2,2140.135,1 2,North,3,1,0
3,5,14,2,2140.669,0 2,North,3,1,0
3,5,14,1,2141.511,0 1,North,3,1,0
3,5,14,6,2141.92,0 1,North,3,2,0
3,5,14,3,2142.111,0 2,North,3,2,0
3,5,14,4,2142.966,1 2,North,3,2,0
3,5,14,4,2143.529,2 2,North,3,2,0
3,5,14,1,2144.102,2 1,North,3,2,0
3,5,14,2,2144.967,1 1,North,3,2,0
3,5,14,1,2145.48,1 0,North,3,2,0
3,5,14,4,2146.35,2 0,North,3,2,0
3,5,14,4,2147.036,3 0,North,3,2,0
3,5,14,3,2147.959,3 1,North,3,2,0
3,5,14,3,2148.503,3 2,North,3,2,0
3,5,14,4,2149.05,4 2,North,3,2,0
3,5,14,3,2149.607,4 3,North,3,2,0
3,5,14,3,2150.166,4 4,North,3,2,0
3,5,14,2,2150.688,3 4,North,3,2,0
3,5,14,1,2151.575,3 3,North,3,2,0
3,5,14,2,2152.428,2 3,North,3,2,0
3,5,14,6,2152.82,2 3,North,3,3,0
3,5,14,4,2155.5,3 3,North,3,3,0
3,5,14,3,2156.124,3 4,North,3,3,0
3,5,14,1,2158.877,3 3,North,3,3,0
3,5,14,3,2160.554,3 4,North,3,3,0
3,5,14,4,2161.367,4 4,North,3,3,0
3,5,14,1,2162.014,4 3,North,3,3,0
3,5,14,1,2162.854,4 2,North,3,3,0
3,5,14,2,2163.689,3 2,North,3,3,0
3,5,14,1,2165.546,3 1,North,3,3,0
3,5,14,1,2166.103,3 0,North,3,3,0
3,5,14,2,2166.664,2 0,North,3,3,0
3,5,14,2,2168.443,1 0,North,3,3,0
3,5,14,3,2169.065,1 1,North,3,3,0
3,5,14,4,2169.595,2 1,North,3,3,0
3,5,14,3,2170.491,2 2,North,3,3,0
3,5,14,2,2171.135,1 2,North,3,3,0
3,5,14,2,2171.774,0 2,North,3,3,0
3,5,14,6,2172.16,0 2,North,3,4,0
3,5,14,4,2172.551,1 2,North,3,4,0
3,5,14,4,2173.093,2 2,North,3,4,0
3,5,14,1,2173.688,2 1,North,3,4,0
3,5,14,2,2174.605,1 1,North,3,4,0
3,5,14,1,2175.244,1 0,North,3,4,0
3,5,14,4,2175.786,2 0,North,3,4,0
3,5,14,4,2176.398,3 0,North,3,4,0
3,5,14,3,2176.951,3 1,North,3,4,0
3,5,14,3,2177.566,3 2,North,3,4,0
3,5,14,4,2178.156,4 2,North,3,4,0
3,5,14,3,2178.743,4 3,North,3,4,0
3,5,14,3,2179.353,4 4,North,3,4,0
3,5,14,2,2180.217,3 4,North,3,4,0
3,5,14,6,2180.6,3 4,North,3,5,0
3,5,14,4,2181.246,4 4,North,3,5,0
3,5,14,1,2181.862,4 3,North,3,5,0
3,5,14,1,2182.535,4 2,North,3,5,0
3,5,14,2,2183.643,3 2,North,3,5,0
3,5,14,1,2184.167,3 1,North,3,5,0
3,5,14,1,2184.713,3 0,North,3,5,0
3,5,14,2,2185.692,2 0,North,3,5,0
3,5,14,2,2186.281,1 0,North,3,5,0
3,5,14,3,2186.842,1 1,North,3,5,0
3,5,14,4,2187.784,2 1,North,3,5,0
3,5,14,3,2188.377,2 2,North,3,5,0
3,5,14,2,2189.189,1 2,North,3,5,0
3,5,14,6,2189.58,1 2,North,3,6,0
3,5,14,4,2190.23,2 2,North,3,6,0
3,5,14,1,2190.823,2 1,North,3,6,0
3,5,14,2,2191.383,1 1,North,3,6,0
3,5,14,1,2191.896,1 0,North,3,6,0
3,5,14,4,2192.427,2 0,North,3,6,0
3,5,14,4,2192.955,3 0,North,3,6,0
3,5,14,3,2193.469,3 1,North,3,6,0
3,5,14,3,2194.422,3 2,North,3,6,0
3,5,14,4,2195.033,4 2,North,3,6,0
3,5,14,3,2195.591,4 3,North,3,6,0
3,5,14,3,2196.109,4 4,North,3,6,0
3,5,14,2,2196.943,3 4,North,3,6,0
3,5,14,1,2197.623,3 3,North,3,6,0
3,5,14,2,2198.559,2 3,North,3,6,0
3,5,14,2,2199.19,1 3,North,3,6,0
3,5,14,2,2199.853,0 3,North,3,6,0
3,5,14,6,2200.24,0 3,North,3,7,0
3,5,14,4,2200.566,1 3,North,3,7,0
3,5,14,4,2201.143,2 3,North,3,7,0
3,5,14,4,2201.759,3 3,North,3,7,0
3,5,14,3,2202.329,3 4,North,3,7,0
3,5,14,4,2202.901,4 4,North,3,7,0
3,5,14,1,2203.738,4 3,North,3,7,0
3,5,14,1,2204.299,4 2,North,3,7,0
3,5,14,6,2204.7,4 2,North,3,8,0
0,5,15,2,2207.718,3 4,North,3,0,0
0,5,15,1,2208.746,3 4,West,3,0,0
0,5,15,1,2209.527,3 4,South,3,0,0
0,5,15,2,2210.104,4 4,South,3,0,0
0,5,15,3,2210.65,4 4,West,3,0,0
0,5,15,2,2211.196,4 3,West,3,0,0
0,5,15,2,2211.707,4 2,West,3,0,0
0,5,15,3,2212.653,4 2,North,3,0,0
0,5,15,2,2213.289,3 2,North,3,0,0
0,5,15,1,2213.836,3 2,West,3,0,0
0,5,15,2,2214.491,3 1,West,3,0,0
0,5,15,2,2215.129,3 0,West,3,0,0
0,5,15,3,2215.645,3 0,North,3,0,0
0,5,15,2,2216.188,2 0,North,3,0,0
0,5,15,2,2216.857,1 0,North,3,0,0
0,5,15,3,2217.406,1 0,East,3,0,0
0,5,15,2,2217.916,1 1,East,3,0,0
0,5,15,3,2218.441,1 1,South,3,0,0
0,5,15,2,2218.981,2 1,South,3,0,0
0,5,15,1,2219.641,2 1,East,3,0,0
0,5,15,2,2220.173,2 2,East,3,0,0
0,5,15,1,2220.698,2 2,North,3,0,0
0,5,15,2,2221.229,1 2,North,3,0,0
0,5,15,2,2221.894,0 2,North,3,0,0
0,5,15,1,2222.414,0 2,West,3,0,0
0,5,15,1,2223,0 2,South,3,0,0
0,5,15,2,2223.549,1 2,South,3,0,0
0,5,15,2,2224.061,2 2,South,3,0,0
0,5,15,3,2224.661,2 2,West,3,0,0
0,5,15,2,2225.306,2 1,West,3,0,0
0,5,15,3,2225.833,2 1,North,3,0,0
0,5,15,2,2226.344,1 1,North,3,0,0
0,5,15,1,2226.875,1 1,West,3,0,0
0,5,15,2,2227.387,1 0,West,3,0,0
0,5,15,1,2227.926,1 0,South,3,0,0
0,5,15,2,2228.485,2 0,South,3,0,0
0,5,15,2,2229.142,3 0,South,3,0,0
0,5,15,1,2229.672,3 0,East,3,0,0
0,5,15,2,2230.185,3 1,East,3,0,0
0,5,15,2,2230.826,3 2,East,3,0,0
0,5,15,3,2231.351,3 2,South,3,0,0
0,5,15,2,2231.87,4 2,South,3,0,0
0,5,15,3,2232.567,4 2,West,3,0,0
0,5,15,1,2233.158,4 2,South,3,0,0
0,5,15,1,2233.821,4 2,East,3,0,0
0,5,15,2,2234.346,4 3,East,3,0,0
0,5,15,2,2234.857,4 4,East,3,0,0
0,5,15,1,2235.366,4 4,North,3,0,0
0,5,15,2,2235.927,3 4,North,3,0,0
0,5,15,1,2236.438,3 4,West,3,0,0
0,5,15,2,2236.949,3 3,West,3,0,0
0,5,15,3,2237.608,3 3,North,3,0,0
0,5,15,2,2238.268,2 3,North,3,0,0
0,5,15,2,2238.792,1 3,North,3,0,0
0,5,15,2,2239.382,0 3,North,3,0,0
0,5,15,3,2239.894,0 3,East,3,0,0
0,5,15,2,2240.472,0 4,East,3,0,0
0,5,15,6,2240.88,0 4,East,3,1,0
0,5,15,3,2241.079,0 4,South,3,1,0
0,5,15,3,2241.816,0 4,West,3,1,0
0,5,15,2,2242.376,0 3,West,3,1,0
0,5,15,1,2242.887,0 3,South,3,1,0
0,5,15,2,2243.449,1 3,South,3,1,0
0,5,15,2,2243.983,2 3,South,3,1,0
0,5,15,2,2244.652,3 3,South,3,1,0
0,5,15,1,2245.166,3 3,East,3,1,0
0,5,15,2,2245.815,3 4,East,3,1,0
0,5,15,3,2246.346,3 4,South,3,1,0
0,5,15,2,2246.984,4 4,South,3,1,0
0,5,15,3,2247.498,4 4,West,3,1,0
0,5,15,2,2248.025,4 3,West,3,1,0
0,5,15,2,2248.565,4 2,West,3,1,0
0,5,15,3,2249.244,4 2,North,3,1,0
0,5,15,2,2249.895,3 2,North,3,1,0
0,5,15,1,2250.604,3 2,West,3,1,0
0,5,15,2,2251.175,3 1,West,3,1,0
0,5,15,2,2251.706,3 0,West,3,1,0
0,5,15,3,2252.374,3 0,North,3,1,0
0,5,15,2,2252.941,2 0,North,3,1,0
0,5,15,2,2253.463,1 0,North,3,1,0
0,5,15,3,2254.142,1 0,East,3,1,0
0,5,15,2,2254.686,1 1,East,3,1,0
0,5,15,6,2255.1,1 1,East,3,2,0
0,5,15,3,2255.29,1 1,South,3,2,0
0,5,15,1,2256.12,1 1,East,3,2,0
0,5,15,3,2256.795,1 1,South,3,2,0
0,5,15,2,2257.413,2 1,South,3,2,0
0,5,15,1,2258.023,2 1,East,3,2,0
0,5,15,2,2258.646,2 2,East,3,2,0
0,5,15,1,2259.227,2 2,North,3,2,0
0,5,15,2,2260.062,1 2,North,3,2,0
0,5,15,2,2260.71,0 2,North,3,2,0
0,5,15,1,2261.241,0 2,West,3,2,0
0,5,15,1,2261.759,0 2,South,3,2,0
0,5,15,2,2262.311,1 2,South,3,2,0
0,5,15,2,2262.952,2 2,South,3,2,0
0,5,15,3,2263.623,2 2,West,3,2,0
0,5,15,2,2264.134,2 1,West,3,2,0
0,5,15,3,2264.684,2 1,North,3,2,0
0,5,15,2,2265.215,1 1,North,3,2,0
0,5,15,1,2265.768,1 1,West,3,2,0
0,5,15,2,2266.3,1 0,West,3,2,0
0,5,15,1,2266.908,1 0,South,3,2,0
0,5,15,2,2267.418,2 0,South,3,2,0
0,5,15,2,2267.931,3 0,South,3,2,0
0,5,15,1,2268.492,3 0,East,3,2,0
0,5,15,2,2269.015,3 1,East,3,2,0
0,5,15,2,2269.531,3 2,East,3,2,0
0,5,15,3,2270.172,3 2,South,3,2,0
0,5,15,2,2270.717,4 2,South,3,2,0
0,5,15,3,2271.273,4 2,West,3,2,0
0,5,15,1,2271.867,4 2,South,3,2,0
0,5,15,1,2272.377,4 2,East,3,2,0
0,5,15,2,2272.973,4 3,East,3,2,0
0,5,15,2,2273.485,4 4,East,3,2,0
0,5,15,1,2274.024,4 4,North,3,2,0
0,5,15,2,2274.538,3 4,North,3,2,0
0,5,15,1,2275.118,3 4,West,3,2,0
0,5,15,2,2275.737,3 3,West,3,2,0
0,5,15,3,2276.298,3 3,North,3,2,0
0,5,15,2,2276.822,2 3,North,3,2,0
0,5,15,2,2277.339,1 3,North,3,2,0
0,5,15,2,2278.218,0 3,North,3,2,0
0,5,15,6,2278.6,0 3,North,3,3,0
0,5,15,3,2278.892,0 3,East,3,3,0
0,5,15,3,2279.528,0 3,South,3,3,0
0,5,15,1,2280.152,0 3,East,3,3,0
0,5,15,2,2280.779,0 4,East,3,3,0
0,5,15,3,2281.385,0 4,South,3,3,0
0,5,15,2,2281.995,1 4,South,3,3,0
0,5,15,3,2282.631,1 4,West,3,3,0
0,5,15,3,2283.144,1 4,North,3,3,0
0,5,15,2,2283.694,0 4,North,3,3,0
0,5,15,1,2284.231,0 4,West,3,3,0
0,5,15,2,2284.791,0 3,West,3,3,0
0,5,15,1,2285.302,0 3,South,3,3,0
0,5,15,2,2285.963,1 3,South,3,3,0
0,5,15,2,2286.537,2 3,South,3,3,0
0,5,15,2,2287.159,3 3,South,3,3,0
0,5,15,2,2287.912,3 3,South,3,3,0
0,5,15,1,2288.2,3 3,East,3,3,0
0,5,15,2,2288.839,3 4,East,3,3,0
0,5,15,3,2289.37,3 4,South,3,3,0
0,5,15,2,2289.948,4 4,South,3,3,0
0,5,15,3,2290.459,4 4,West,3,3,0
0,5,15,2,2291.02,4 3,West,3,3,0
0,5,15,2,2291.542,4 2,West,3,3,0
0,5,15,3,2292.167,4 2,North,3,3,0
0,5,15,2,2292.777,3 2,North,3,3,0
0,5,15,1,2293.293,3 2,West,3,3,0
0,5,15,2,2293.884,3 1,West,3,3,0
0,5,15,6,2294.28,3 1,West,3,4,0
0,5,15,3,2294.647,3 1,North,3,4,0
0,5,15,1,2295.246,3 1,West,3,4,0
0,5,15,2,2295.806,3 0,West,3,4,0
0,5,15,3,2296.318,3 0,North,3,4,0
0,5,15,2,2296.869,2 0,North,3,4,0
0,5,15,2,2297.51,1 0,North,3,4,0
0,5,15,3,2298.166,1 0,East,3,4,0
0,5,15,2,2298.678,1 1,East,3,4,0
0,5,15,3,2299.191,1 1,South,3,4,0
0,5,15,2,2299.84,2 1,South,3,4,0
0,5,15,1,2300.364,2 1,East,3,4,0
0,5,15,2,2300.888,2 2,East,3,4,0
0,5,15,1,2301.432,2 2,North,3,4,0
0,5,15,2,2301.945,1 2,North,3,4,0
0,5,15,2,2302.583,0 2,North,3,4,0
0,5,15,1,2303.131,0 2,West,3,4,0
0,5,15,1,2303.642,0 2,South,3,4,0
0,5,15,2,2304.301,1 2,South,3,4,0
0,5,15,2,2304.895,2 2,South,3,4,0
0,5,15,3,2305.414,2 2,West,3,4,0
0,5,15,2,2306.087,2 1,West,3,4,0
0,5,15,3,2306.601,2 1,North,3,4,0
0,5,15,2,2307.115,1 1,North,3,4,0
0,5,15,1,2307.639,1 1,West,3,4,0
0,5,15,2,2308.151,1 0,West,3,4,0
0,5,15,1,2308.662,1 0,South,3,4,0
0,5,15,2,2309.174,2 0,South,3,4,0
0,5,15,2,2309.821,3 0,South,3,4,0
0,5,15,1,2310.332,3 0,East,3,4,0
0,5,15,2,2310.844,3 1,East,3,4,0
0,5,15,2,2311.486,3 2,East,3,4,0
0,5,15,3,2312.008,3 2,South,3,4,0
0,5,15,2,2312.519,4 2,South,3,4,0
0,5,15,6,2312.9,4 2,South,3,5,0
0,5,15,3,2313.135,4 2,West,3,5,0
0,5,15,3,2313.721,4 2,North,3,5,0
0,5,15,3,2314.407,4 2,East,3,5,0
0,5,15,2,2315.032,4 3,East,3,5,0
0,5,15,2,2315.559,4 4,East,3,5,0
0,5,15,1,2316.089,4 4,North,3,5,0
0,5,15,2,2316.599,3 4,North,3,5,0
0,5,15,1,2317.463,3 4,West,3,5,0
0,5,15,2,2318.061,3 3,West,3,5,0
0,5,15,3,2318.732,3 3,North,3,5,0
0,5,15,2,2319.351,2 3,North,3,5,0
0,5,15,2,2319.992,1 3,North,3,5,0
0,5,15,2,2320.574,0 3,North,3,5,0
0,5,15,3,2321.129,0 3,East,3,5,0
0,5,15,2,2321.801,0 4,East,3,5,0
0,5,15,3,2322.474,0 4,South,3,5,0
0,5,15,3,2323.003,0 4,West,3,5,0
0,5,15,2,2323.56,0 3,West,3,5,0
0,5,15,1,2324.187,0 3,South,3,5,0
0,5,15,2,2324.732,1 3,South,3,5,0
0,5,15,2,2325.335,2 3,South,3,5,0
0,5,15,2,2325.924,3 3,South,3,5,0
0,5,15,1,2326.446,3 3,East,3,5,0
0,5,15,2,2326.965,3 4,East,3,5,0
0,5,15,3,2327.615,3 4,South,3,5,0
0,5,15,2,2328.231,4 4,South,3,5,0
0,5,15,3,2328.75,4 4,West,3,5,0
0,5,15,2,2329.287,4 3,West,3,5,0
0,5,15,2,2329.934,4 2,West,3,5,0
0,5,15,3,2330.551,4 2,North,3,5,0
0,5,15,2,2331.146,3 2,North,3,5,0
0,5,15,1,2331.783,3 2,West,3,5,0
0,5,15,2,2332.303,3 1,West,3,5,0
0,5,15,2,2332.94,3 0,West,3,5,0
0,5,15,3,2333.45,3 0,North,3,5,0
0,5,15,2,2334.009,2 0,North,3,5,0
0,5,15,2,2334.629,1 0,North,3,5,0
0,5,15,3,2335.286,1 0,East,3,5,0
0,5,15,2,2335.837,1 1,East,3,5,0
0,5,15,3,2336.412,1 1,South,3,5,0
0,5,15,2,2337.021,2 1,South,3,5,0
0,5,15,6,2337.4,2 1,South,3,6,0
0,5,15,1,2337.591,2 1,East,3,6,0
0,5,15,2,2338.327,2 2,East,3,6,0
0,5,15,1,2338.842,2 2,North,3,6,0
0,5,15,2,2339.421,1 2,North,3,6,0
0,5,15,2,2339.961,0 2,North,3,6,0
0,5,15,1,2340.616,0 2,West,3,6,0
0,5,15,1,2341.165,0 2,South,3,6,0
0,5,15,2,2341.832,1 2,South,3,6,0
0,5,15,2,2342.445,2 2,South,3,6,0
0,5,15,3,2343.033,2 2,West,3,6,0
0,5,15,2,2343.566,2 1,West,3,6,0
0,5,15,2,2344.218,2 1,West,3,6,0
0,5,15,3,2344.6,2 1,North,3,6,0
0,5,15,2,2345.177,1 1,North,3,6,0
0,5,15,1,2345.789,1 1,West,3,6,0
0,5,15,2,2346.318,1 0,West,3,6,0
0,5,15,1,2346.955,1 0,South,3,6,0
0,5,15,2,2347.482,2 0,South,3,6,0
0,5,15,2,2348.101,3 0,South,3,6,0
0,5,15,1,2348.68,3 0,East,3,6,0
0,5,15,2,2349.338,3 1,East,3,6,0
0,5,15,2,2349.963,3 2,East,3,6,0
0,5,15,3,2350.54,3 2,South,3,6,0
0,5,15,2,2351.119,4 2,South,3,6,0
0,5,15,1,2351.749,4 2,East,3,6,0
0,5,15,1,2352.442,4 2,North,3,6,0
0,5,15,1,2353.053,4 2,West,3,6,0
0,5,15,3,2353.623,4 2,North,3,6,0
0,5,15,3,2354.173,4 2,East,3,6,0
0,5,15,2,2354.747,4 3,East,3,6,0
0,5,15,2,2355.406,4 4,East,3,6,0
0,5,15,1,2355.978,4 4,North,3,6,0
0,5,15,2,2356.636,3 4,North,3,6,0
0,5,15,1,2357.324,3 4,West,3,6,0
0,5,15,2,2357.944,3 3,West,3,6,0
0,5,15,6,2358.36,3 3,West,3,7,0
0,5,15,3,2358.537,3 3,North,3,7,0
0,5,15,2,2359.078,2 3,North,3,7,0
0,5,15,2,2359.622,1 3,North,3,7,0
0,5,15,6,2360,1 3,North,3,8,0
3,5,15,2,2364.365,3 4,North,3,0,0
3,5,15,1,2364.888,3 3,North,3,0,0
3,5,15,6,2365.3,3 3,North,3,1,0
3,5,15,3,2365.631,3 4,North,3,1,0
3,5,15,4,2366.141,4 4,North,3,1,0
3,5,15,1,2366.708,4 3,North,3,1,0
3,5,15,1,2367.625,4 2,North,3,1,0
3,5,15,2,2368.671,3 2,North,3,1,0
3,5,15,1,2369.5,3 1,North,3,1,0
3,5,15,1,2370.061,3 0,North,3,1,0
3,5,15,2,2370.582,2 0,North,3,1,0
3,5,15,2,2371.528,1 0,North,3,1,0
3,5,15,3,2372.172,1 1,North,3,1,0
3,5,15,4,2372.713,2 1,North,3,1,0
3,5,15,6,2373.08,2 1,North,3,2,0
3,5,15,2,2373.501,1 1,North,3,2,0
3,5,15,1,2374.341,1 0,North,3,2,0
3,5,15,4,2374.924,2 0,North,3,2,0
3,5,15,4,2375.487,3 0,North,3,2,0
3,5,15,3,2376.042,3 1,North,3,2,0
3,5,15,3,2376.603,3 2,North,3,2,0
3,5,15,4,2377.18,4 2,North,3,2,0
3,5,15,6,2377.54,4 2,North,3,3,0
3,5,15,3,2377.979,4 3,North,3,3,0
3,5,15,3,2378.511,4 4,North,3,3,0
3,5,15,2,2379.052,3 4,North,3,3,0
3,5,15,1,2379.883,3 3,North,3,3,0
3,5,15,2,2380.634,2 3,North,3,3,0
3,5,15,2,2381.197,1 3,North,3,3,0
3,5,15,6,2381.58,1 3,North,3,4,0
3,5,15,4,2381.981,2 3,North,3,4,0
3,5,15,4,2382.557,3 3,North,3,4,0
3,5,15,3,2383.116,3 4,North,3,4,0
3,5,15,4,2383.678,4 4,North,3,4,0
3,5,15,1,2384.57,4 3,North,3,4,0
3,5,15,1,2385.193,4 2,North,3,4,0
3,5,15,2,2385.896,3 2,North,3,4,0
3,5,15,1,2386.63,3 1,North,3,4,0
3,5,15,6,2387.04,3 1,North,3,5,0
3,5,15,1,2390.459,3 0,North,3,5,0
3,5,15,2,2391.053,2 0,North,3,5,0
3,5,15,2,2392.362,1 0,North,3,5,0
3,5,15,3,2393.288,1 1,North,3,5,0
3,5,15,4,2393.838,2 1,North,3,5,0
3,5,15,3,2394.413,2 2,North,3,5,0
3,5,15,2,2395.325,1 2,North,3,5,0
3,5,15,2,2395.881,0 2,North,3,5,0
3,5,15,1,2396.444,0 1,North,3,5,0
3,5,15,1,2396.966,0 0,North,3,5,0
3,5,15,6,2397.38,0 0,North,3,6,0
3,5,15,3,2397.547,0 1,North,3,6,0
3,5,15,3,2398.125,0 2,North,3,6,0
3,5,15,4,2398.649,1 2,North,3,6,0
3,5,15,4,2399.192,2 2,North,3,6,0
3,5,15,1,2399.756,2 1,North,3,6,0
3,5,15,2,2400.694,1 1,North,3,6,0
3,5,15,1,2401.534,1 0,North,3,6,0
3,5,15,4,2403.053,2 0,North,3,6,0
3,5,15,4,2403.706,3 0,North,3,6,0
3,5,15,6,2404.08,3 0,North,3,7,0
3,5,15,3,2404.622,3 1,North,3,7,0
3,5,15,3,2405.246,3 2,North,3,7,0
3,5,15,4,2405.814,4 2,North,3,7,0
3,5,15,3,2406.331,4 3,North,3,7,0
3,5,15,3,2406.888,4 4,North,3,7,0
3,5,15,2,2407.413,3 4,North,3,7,0
3,5,15,1,2407.947,3 3,North,3,7,0
3,5,15,2,2408.519,2 3,North,3,7,0
3,5,15,2,2409.465,1 3,North,3,7,0
3,5,15,2,2410.076,0 3,North,3,7,0
3,5,15,3,2410.65,0 4,North,3,7,0
3,5,15,6,2411.06,0 4,North,3,8,0
0,6,16,1,2415.705,4 4,West,3,0,0
0,6,16,2,2416.424,4 3,West,3,0,0
0,6,16,2,2417.049,4 2,West,3,0,0
0,6,16,3,2417.673,4 2,North,3,0,0
0,6,16,2,2418.331,3 2,North,3,0,0
0,6,16,1,2418.856,3 2,West,3,0,0
0,6,16,2,2419.435,3 1,West,3,0,0
0,6,16,2,2420.076,3 0,West,3,0,0
0,6,16,3,2420.647,3 0,North,3,0,0
0,6,16,2,2421.31,2 0,North,3,0,0
0,6,16,2,2421.946,1 0,North,3,0,0
0,6,16,3,2422.526,1 0,East,3,0,0
0,6,16,2,2423.115,1 1,East,3,0,0
0,6,16,3,2423.687,1 1,South,3,0,0
0,6,16,2,2424.312,2 1,South,3,0,0
0,6,16,1,2424.941,2 1,East,3,0,0
0,6,16,2,2425.5,2 2,East,3,0,0
0,6,16,1,2426.119,2 2,North,3,0,0
0,6,16,2,2426.761,1 2,North,3,0,0
0,6,16,2,2427.271,0 2,North,3,0,0
0,6,16,1,2427.927,0 2,West,3,0,0
0,6,16,2,2428.569,0 1,West,3,0,0
0,6,16,2,2429.118,0 0,West,3,0,0
0,6,16,6,2429.54,0 0,West,3,1,0
0,6,16,3,2429.659,0 0,North,3,1,0
0,6,16,3,2430.205,0 0,East,3,1,0
0,6,16,2,2430.886,0 1,East,3,1,0
0,6,16,2,2431.406,0 2,East,3,1,0
0,6,16,3,2431.973,0 2,South,3,1,0
0,6,16,2,2432.553,1 2,South,3,1,0
0,6,16,2,2433.085,2 2,South,3,1,0
0,6,16,3,2433.751,2 2,West,3,1,0
0,6,16,2,2434.311,2 1,West,3,1,0
0,6,16,3,2434.885,2 1,North,3,1,0
0,6,16,2,2435.45,1 1,North,3,1,0
0,6,16,1,2436.108,1 1,West,3,1,0
0,6,16,2,2436.729,1 0,West,3,1,0
0,6,16,1,2437.324,1 0,South,3,1,0
0,6,16,2,2437.877,2 0,South,3,1,0
0,6,16,2,2438.426,3 0,South,3,1,0
0,6,16,1,2439.338,3 0,East,3,1,0
0,6,16,2,2439.877,3 1,East,3,1,0
0,6,16,2,2440.41,3 2,East,3,1,0
0,6,16,3,2441.084,3 2,South,3,1,0
0,6,16,3,2441.799,3 2,West,3,1,0
0,6,16,1,2442.509,3 2,South,3,1,0
0,6,16,2,2443.1,4 2,South,3,1,0
0,6,16,3,2443.72,4 2,West,3,1,0
0,6,16,1,2444.389,4 2,South,3,1,0
0,6,16,1,2445.021,4 2,East,3,1,0
0,6,16,2,2445.672,4 3,East,3,1,0
0,6,16,2,2446.2,4 4,East,3,1,0
0,6,16,1,2446.717,4 4,North,3,1,0
0,6,16,2,2447.277,3 4,North,3,1,0
0,6,16,1,2447.958,3 4,West,3,1,0
0,6,16,2,2448.491,3 3,West,3,1,0
0,6,16,3,2449.015,3 3,North,3,1,0
0,6,16,2,2449.655,2 3,North,3,1,0
0,6,16,2,2450.168,1 3,North,3,1,0
0,6,16,2,2450.776,0 3,North,3,1,0
0,6,16,3,2451.321,0 3,East,3,1,0
0,6,16,2,2451.993,0 4,East,3,1,0
0,6,16,3,2452.569,0 4,South,3,1,0
0,6,16,2,2453.145,1 4,South,3,1,0
0,6,16,2,2453.686,2 4,South,3,1,0
0,6,16,6,2454.06,2 4,South,3,2,0
0,6,16,3,2454.232,2 4,West,3,2,0
0,6,16,3,2454.743,2 4,North,3,2,0
0,6,16,2,2455.256,1 4,North,3,2,0
0,6,16,2,2455.785,0 4,North,3,2,0
0,6,16,1,2456.295,0 4,West,3,2,0
0,6,16,2,2456.826,0 3,West,3,2,0
0,6,16,1,2457.495,0 3,South,3,2,0
0,6,16,2,2458.038,1 3,South,3,2,0
0,6,16,2,2458.554,2 3,South,3,2,0
0,6,16,2,2459.194,3 3,South,3,2,0
0,6,16,1,2459.723,3 3,East,3,2,0
0,6,16,2,2460.359,3 4,East,3,2,0
0,6,16,3,2460.918,3 4,South,3,2,0
0,6,16,2,2461.532,4 4,South,3,2,0
0,6,16,3,2462.213,4 4,West,3,2,0
0,6,16,2,2462.903,4 3,West,3,2,0
0,6,16,2,2463.511,4 2,West,3,2,0
0,6,16,2,2464.028,4 1,West,3,2,0
0,6,16,3,2464.712,4 1,North,3,2,0
0,6,16,1,2465.279,4 1,West,3,2,0
0,6,16,2,2465.789,4 0,West,3,2,0
0,6,16,6,2466.2,4 0,West,3,3,0
0,6,16,3,2466.376,4 0,North,3,3,0
0,6,16,3,2466.893,4 0,East,3,3,0
0,6,16,2,2467.493,4 1,East,3,3,0
0,6,16,2,2468.046,4 2,East,3,3,0
0,6,16,2,2468.603,4 3,East,3,3,0
0,6,16,1,2469.142,4 3,North,3,3,0
0,6,16,1,2469.966,4 3,West,3,3,0
0,6,16,2,2470.601,4 2,West,3,3,0
0,6,16,3,2471.166,4 2,North,3,3,0
0,6,16,2,2471.784,3 2,North,3,3,0
0,6,16,1,2472.424,3 2,West,3,3,0
0,6,16,2,2473.035,3 1,West,3,3,0
0,6,16,6,2473.44,3 1,West,3,4,0
0,6,16,2,2473.637,3 0,West,3,4,0
0,6,16,3,2474.232,3 0,North,3,4,0
0,6,16,2,2474.905,2 0,North,3,4,0
0,6,16,6,2475.28,2 0,North,3,5,0
0,6,16,2,2475.591,1 0,North,3,5,0
0,6,16,2,2476.581,1 0,North,3,5,0
0,6,16,3,2476.87,1 0,East,3,5,0
0,6,16,2,2477.419,1 1,East,3,5,0
0,6,16,3,2477.99,1 1,South,3,5,0
0,6,16,2,2478.509,2 1,South,3,5,0
0,6,16,1,2479.165,2 1,East,3,5,0
0,6,16,2,2479.816,2 2,East,3,5,0
0,6,16,1,2480.379,2 2,North,3,5,0
0,6,16,2,2480.939,1 2,North,3,5,0
0,6,16,2,2481.448,0 2,North,3,5,0
0,6,16,1,2482.075,0 2,West,3,5,0
0,6,16,1,2482.956,0 2,South,3,5,0
0,6,16,2,2483.612,1 2,South,3,5,0
0,6,16,3,2484.407,1 2,West,3,5,0
0,6,16,1,2484.974,1 2,South,3,5,0
0,6,16,2,2485.638,2 2,South,3,5,0
0,6,16,3,2486.267,2 2,West,3,5,0
0,6,16,2,2486.861,2 1,West,3,5,0
0,6,16,3,2487.389,2 1,North,3,5,0
0,6,16,2,2487.911,1 1,North,3,5,0
0,6,16,1,2488.423,1 1,West,3,5,0
0,6,16,2,2489.081,1 0,West,3,5,0
0,6,16,1,2489.591,1 0,South,3,5,0
0,6,16,2,2490.102,2 0,South,3,5,0
0,6,16,2,2490.766,3 0,South,3,5,0
0,6,16,1,2491.434,3 0,East,3,5,0
0,6,16,2,2492.092,3 1,East,3,5,0
0,6,16,2,2492.635,3 2,East,3,5,0
0,6,16,3,2493.177,3 2,South,3,5,0
0,6,16,2,2493.709,4 2,South,3,5,0
0,6,16,1,2494.38,4 2,East,3,5,0
0,6,16,2,2494.985,4 3,East,3,5,0
0,6,16,6,2495.38,4 3,East,3,6,0
0,6,16,3,2495.496,4 3,South,3,6,0
0,6,16,3,2496.055,4 3,West,3,6,0
0,6,16,3,2496.572,4 3,North,3,6,0
0,6,16,3,2497.401,4 3,East,3,6,0
0,6,16,2,2497.995,4 4,East,3,6,0
0,6,16,1,2498.525,4 4,North,3,6,0
0,6,16,2,2499.036,3 4,North,3,6,0
0,6,16,1,2499.674,3 4,West,3,6,0
0,6,16,2,2500.262,3 3,West,3,6,0
0,6,16,3,2500.887,3 3,North,3,6,0
0,6,16,2,2501.575,2 3,North,3,6,0
0,6,16,2,2502.168,1 3,North,3,6,0
0,6,16,2,2502.808,0 3,North,3,6,0
0,6,16,3,2503.464,0 3,East,3,6,0
0,6,16,2,2504.344,0 4,East,3,6,0
0,6,16,3,2504.87,0 4,South,3,6,0
0,6,16,3,2505.401,0 4,West,3,6,0
0,6,16,2,2506.029,0 3,West,3,6,0
0,6,16,1,2506.653,0 3,South,3,6,0
0,6,16,2,2507.166,1 3,South,3,6,0
0,6,16,2,2507.751,2 3,South,3,6,0
0,6,16,2,2508.361,3 3,South,3,6,0
0,6,16,1,2508.871,3 3,East,3,6,0
0,6,16,2,2509.535,3 4,East,3,6,0
0,6,16,3,2510.105,3 4,South,3,6,0
0,6,16,2,2510.681,4 4,South,3,6,0
0,6,16,3,2511.335,4 4,West,3,6,0
0,6,16,2,2511.978,4 3,West,3,6,0
0,6,16,2,2512.509,4 2,West,3,6,0
0,6,16,3,2513.035,4 2,North,3,6,0
0,6,16,2,2513.609,3 2,North,3,6,0
0,6,16,1,2514.187,3 2,West,3,6,0
0,6,16,2,2514.843,3 1,West,3,6,0
0,6,16,2,2515.499,3 0,West,3,6,0
0,6,16,3,2516.172,3 0,North,3,6,0
0,6,16,2,2516.712,2 0,North,3,6,0
0,6,16,2,2517.244,1 0,North,3,6,0
0,6,16,3,2517.87,1 0,East,3,6,0
0,6,16,2,2518.412,1 1,East,3,6,0
0,6,16,3,2519.005,1 1,South,3,6,0
0,6,16,2,2519.612,2 1,South,3,6,0
0,6,16,1,2520.213,2 1,East,3,6,0
0,6,16,2,2520.75,2 2,East,3,6,0
0,6,16,6,2521.16,2 2,East,3,7,0
0,6,16,1,2521.389,2 2,North,3,7,0
0,6,16,2,2522.04,1 2,North,3,7,0
0,6,16,2,2522.549,0 2,North,3,7,0
0,6,16,1,2523.385,0 2,West,3,7,0
0,6,16,1,2524.04,0 2,South,3,7,0
0,6,16,2,2524.57,1 2,South,3,7,0
0,6,16,2,2525.082,2 2,South,3,7,0
0,6,16,3,2525.625,2 2,West,3,7,0
0,6,16,2,2526.186,2 1,West,3,7,0
0,6,16,3,2526.839,2 1,North,3,7,0
0,6,16,2,2527.453,1 1,North,3,7,0
0,6,16,1,2528.061,1 1,West,3,7,0
0,6,16,2,2528.573,1 0,West,3,7,0
0,6,16,1,2529.158,1 0,South,3,7,0
0,6,16,2,2529.725,2 0,South,3,7,0
0,6,16,2,2530.236,3 0,South,3,7,0
0,6,16,1,2530.775,3 0,East,3,7,0
0,6,16,2,2531.287,3 1,East,3,7,0
0,6,16,2,2531.801,3 2,East,3,7,0
0,6,16,3,2532.351,3 2,South,3,7,0
0,6,16,2,2532.906,4 2,South,3,7,0
0,6,16,3,2533.485,4 2,West,3,7,0
0,6,16,3,2534.059,4 2,North,3,7,0
0,6,16,3,2534.734,4 2,East,3,7,0
0,6,16,2,2535.246,4 3,East,3,7,0
0,6,16,2,2535.77,4 4,East,3,7,0
0,6,16,1,2536.28,4 4,North,3,7,0
0,6,16,2,2536.956,3 4,North,3,7,0
0,6,16,6,2537.34,3 4,North,3,8,0
3,6,16,1,2541.416,4 3,North,3,0,0
3,6,16,6,2541.82,4 3,North,3,1,0
3,6,16,3,2542.249,4 4,North,3,1,0
3,6,16,2,2542.824,3 4,North,3,1,0
3,6,16,6,2543.2,3 4,North,3,2,0
3,6,16,4,2543.671,4 4,North,3,2,0
3,6,16,1,2544.183,4 3,North,3,2,0
3,6,16,1,2544.745,4 2,North,3,2,0
3,6,16,1,2545.259,4 1,North,3,2,0
3,6,16,1,2546.25,4 0,North,3,2,0
3,6,16,6,2546.66,4 0,North,3,3,0
3,6,16,3,2546.973,4 1,North,3,3,0
3,6,16,3,2547.99,4 2,North,3,3,0
3,6,16,2,2549.003,3 2,North,3,3,0
3,6,16,1,2549.852,3 1,North,3,3,0
3,6,16,1,2550.46,3 0,North,3,3,0
3,6,16,2,2551.032,2 0,North,3,3,0
3,6,16,2,2551.558,1 0,North,3,3,0
3,6,16,3,2552.138,1 1,North,3,3,0
3,6,16,4,2553.07,2 1,North,3,3,0
3,6,16,3,2553.624,2 2,North,3,3,0
3,6,16,6,2554.02,2 2,North,3,4,0
3,6,16,1,2554.427,2 1,North,3,4,0
3,6,16,2,2555,1 1,North,3,4,0
3,6,16,1,2555.512,1 0,North,3,4,0
3,6,16,4,2556.03,2 0,North,3,4,0
3,6,16,4,2556.558,3 0,North,3,4,0
3,6,16,3,2557.113,3 1,North,3,4,0
3,6,16,3,2557.655,3 2,North,3,4,0
3,6,16,4,2558.192,4 2,North,3,4,0
3,6,16,3,2558.86,4 3,North,3,4,0
3,6,16,3,2559.85,4 4,North,3,4,0
3,6,16,2,2560.475,3 4,North,3,4,0
3,6,16,1,2561.039,3 3,North,3,4,0
3,6,16,2,2561.91,2 3,North,3,4,0
3,6,16,2,2562.492,1 3,North,3,4,0
3,6,16,2,2563.014,0 3,North,3,4,0
3,6,16,3,2563.678,0 4,North,3,4,0
3,6,16,4,2564.318,1 4,North,3,4,0
3,6,16,6,2564.68,1 4,North,3,5,0
3,6,16,2,2565.189,0 4,North,3,5,0
3,6,16,1,2565.838,0 3,North,3,5,0
3,6,16,4,2566.415,1 3,North,3,5,0
3,6,16,4,2567.367,2 3,North,3,5,0
3,6,16,4,2567.994,3 3,North,3,5,0
3,6,16,3,2568.635,3 4,North,3,5,0
3,6,16,4,2569.208,4 4,North,3,5,0
3,6,16,1,2569.75,4 3,North,3,5,0
3,6,16,1,2570.282,4 2,North,3,5,0
3,6,16,2,2570.799,3 2,North,3,5,0
3,6,16,1,2571.335,3 1,North,3,5,0
3,6,16,1,2571.883,3 0,North,3,5,0
3,6,16,2,2572.394,2 0,North,3,5,0
3,6,16,2,2572.939,1 0,North,3,5,0
3,6,16,3,2573.498,1 1,North,3,5,0
3,6,16,4,2574.406,2 1,North,3,5,0
3,6,16,6,2574.78,2 1,North,3,6,0
3,6,16,2,2575.101,1 1,North,3,6,0
3,6,16,1,2575.613,1 0,North,3,6,0
3,6,16,4,2576.517,2 0,North,3,6,0
3,6,16,4,2577.109,3 0,North,3,6,0
3,6,16,3,2577.642,3 1,North,3,6,0
3,6,16,3,2578.219,3 2,North,3,6,0
3,6,16,4,2578.745,4 2,North,3,6,0
3,6,16,6,2579.1,4 2,North,3,7,0
3,6,16,1,2579.564,4 1,North,3,7,0
3,6,16,6,2579.96,4 1,North,3,8,0
0,6,17,1,2583.227,4 4,West,3,0,0
0,6,17,2,2583.917,4 3,West,3,0,0
0,6,17,2,2584.495,4 2,West,3,0,0
0,6,17,3,2585.175,4 2,North,3,0,0
0,6,17,2,2585.749,3 2,North,3,0,0
0,6,17,1,2586.343,3 2,West,3,0,0
0,6,17,2,2586.854,3 1,West,3,0,0
0,6,17,2,2587.463,3 0,West,3,0,0
0,6,17,3,2588.12,3 0,North,3,0,0
0,6,17,2,2588.678,2 0,North,3,0,0
0,6,17,2,2589.285,1 0,North,3,0,0
0,6,17,3,2589.902,1 0,East,3,0,0
0,6,17,2,2590.494,1 1,East,3,0,0
0,6,17,6,2590.9,1 1,East,3,1,0
0,6,17,3,2591.066,1 1,South,3,1,0
0,6,17,2,2591.596,2 1,South,3,1,0
0,6,17,1,2592.167,2 1,East,3,1,0
0,6,17,2,2592.775,2 2,East,3,1,0
0,6,17,1,2593.436,2 2,North,3,1,0
0,6,17,2,2593.959,1 2,North,3,1,0
0,6,17,2,2594.6,0 2,North,3,1,0
0,6,17,1,2595.239,0 2,West,3,1,0
0,6,17,1,2595.846,0 2,South,3,1,0
0,6,17,2,2596.476,1 2,South,3,1,0
0,6,17,2,2597.118,2 2,South,3,1,0
0,6,17,3,2597.67,2 2,West,3,1,0
0,6,17,2,2598.22,2 1,West,3,1,0
0,6,17,3,2598.837,2 1,North,3,1,0
0,6,17,2,2599.423,1 1,North,3,1,0
0,6,17,1,2600.092,1 1,West,3,1,0
0,6,17,2,2600.649,1 0,West,3,1,0
0,6,17,1,2601.176,1 0,South,3,1,0
0,6,17,2,2601.725,2 0,South,3,1,0
0,6,17,2,2602.393,3 0,South,3,1,0
0,6,17,1,2603.049,3 0,East,3,1,0
0,6,17,2,2603.629,3 1,East,3,1,0
0,6,17,2,2604.264,3 2,East,3,1,0
0,6,17,3,2604.797,3 2,South,3,1,0
0,6,17,2,2605.336,4 2,South,3,1,0
0,6,17,3,2605.894,4 2,West,3,1,0
0,6,17,1,2606.469,4 2,South,3,1,0
0,6,17,1,2607.068,4 2,East,3,1,0
0,6,17,2,2607.597,4 3,East,3,1,0
0,6,17,2,2608.246,4 4,East,3,1,0
0,6,17,1,2608.853,4 4,North,3,1,0
0,6,17,2,2609.517,3 4,North,3,1,0
0,6,17,1,2610.155,3 4,West,3,1,0
0,6,17,2,2610.775,3 3,West,3,1,0
0,6,17,3,2611.308,3 3,North,3,1,0
0,6,17,2,2611.916,2 3,North,3,1,0
0,6,17,2,2612.539,1 3,North,3,1,0
0,6,17,2,2613.142,0 3,North,3,1,0
0,6,17,6,2613.52,0 3,North,3,2,0
0,6,17,3,2613.687,0 3,East,3,2,0
0,6,17,2,2614.236,0 4,East,3,2,0
0,6,17,3,2614.745,0 4,South,3,2,0
0,6,17,3,2615.304,0 4,West,3,2,0
0,6,17,2,2615.893,0 3,West,3,2,0
0,6,17,1,2616.485,0 3,South,3,2,0
0,6,17,2,2617.036,1 3,South,3,2,0
0,6,17,2,2617.669,2 3,South,3,2,0
0,6,17,2,2618.319,3 3,South,3,2,0
0,6,17,1,2618.869,3 3,East,3,2,0
0,6,17,2,2619.437,3 4,East,3,2,0
0,6,17,3,2620.06,3 4,South,3,2,0
0,6,17,2,2620.638,4 4,South,3,2,0
0,6,17,3,2621.294,4 4,West,3,2,0
0,6,17,2,2621.881,4 3,West,3,2,0
0,6,17,2,2622.559,4 2,West,3,2,0
0,6,17,3,2623.116,4 2,North,3,2,0
0,6,17,2,2623.706,3 2,North,3,2,0
0,6,17,1,2624.22,3 2,West,3,2,0
0,6,17,2,2624.918,3 1,West,3,2,0
0,6,17,2,2625.565,3 0,West,3,2,0
0,6,17,3,2626.134,3 0,North,3,2,0
0,6,17,2,2626.831,2 0,North,3,2,0
0,6,17,2,2627.39,1 0,North,3,2,0
0,6,17,6,2627.78,1 0,North,3,3,0
0,6,17,3,2627.982,1 0,East,3,3,0
0,6,17,2,2628.571,1 1,East,3,3,0
0,6,17,3,2629.182,1 1,South,3,3,0
0,6,17,2,2629.752,2 1,South,3,3,0
0,6,17,1,2630.366,2 1,East,3,3,0
0,6,17,2,2631.035,2 2,East,3,3,0
0,6,17,1,2631.564,2 2,North,3,3,0
0,6,17,2,2632.105,1 2,North,3,3,0
0,6,17,1,2632.874,1 2,West,3,3,0
0,6,17,3,2633.502,1 2,North,3,3,0
0,6,17,2,2634.071,0 2,North,3,3,0
0,6,17,1,2634.629,0 2,West,3,3,0
0,6,17,1,2635.15,0 2,South,3,3,0
0,6,17,2,2635.671,1 2,South,3,3,0
0,6,17,2,2636.294,2 2,South,3,3,0
0,6,17,3,2636.942,2 2,West,3,3,0
0,6,17,2,2637.579,2 1,West,3,3,0
0,6,17,3,2638.092,2 1,North,3,3,0
0,6,17,2,2638.699,1 1,North,3,3,0
0,6,17,1,2639.27,1 1,West,3,3,0
0,6,17,2,2639.791,1 0,West,3,3,0
0,6,17,1,2640.429,1 0,South,3,3,0
0,6,17,2,2640.941,2 0,South,3,3,0
0,6,17,2,2641.597,3 0,South,3,3,0
0,6,17,1,2642.118,3 0,East,3,3,0
0,6,17,2,2642.652,3 1,East,3,3,0
0,6,17,2,2643.324,3 2,East,3,3,0
0,6,17,6,2643.74,3 2,East,3,4,0
0,6,17,3,2643.854,3 2,South,3,4,0
0,6,17,2,2644.362,4 2,South,3,4,0
0,6,17,3,2644.894,4 2,West,3,4,0
0,6,17,3,2645.469,4 2,North,3,4,0
0,6,17,3,2645.999,4 2,East,3,4,0
0,6,17,2,2646.617,4 3,East,3,4,0
0,6,17,2,2647.133,4 4,East,3,4,0
0,6,17,1,2647.71,4 4,North,3,4,0
0,6,17,2,2648.378,3 4,North,3,4,0
0,6,17,1,2648.91,3 4,West,3,4,0
0,6,17,2,2649.542,3 3,West,3,4,0
0,6,17,3,2650.069,3 3,North,3,4,0
0,6,17,2,2650.583,2 3,North,3,4,0
0,6,17,2,2651.118,1 3,North,3,4,0
0,6,17,6,2651.5,1 3,North,3,5,0
0,6,17,2,2651.781,0 3,North,3,5,0
0,6,17,3,2652.405,0 3,East,3,5,0
0,6,17,2,2653.021,0 4,East,3,5,0
0,6,17,3,2653.56,0 4,South,3,5,0
0,6,17,3,2654.123,0 4,West,3,5,0
0,6,17,2,2654.733,0 3,West,3,5,0
0,6,17,1,2655.374,0 3,South,3,5,0
0,6,17,2,2656.044,1 3,South,3,5,0
0,6,17,2,2656.63,2 3,South,3,5,0
0,6,17,2,2657.271,3 3,South,3,5,0
0,6,17,1,2657.847,3 3,East,3,5,0
0,6,17,2,2658.509,3 4,East,3,5,0
0,6,17,3,2659.048,3 4,South,3,5,0
0,6,17,2,2659.654,4 4,South,3,5,0
0,6,17,3,2660.279,4 4,West,3,5,0
0,6,17,2,2660.975,4 3,West,3,5,0
0,6,17,2,2661.613,4 2,West,3,5,0
0,6,17,3,2662.14,4 2,North,3,5,0
0,6,17,2,2662.693,3 2,North,3,5,0
0,6,17,1,2663.351,3 2,West,3,5,0
0,6,17,2,2663.979,3 1,West,3,5,0
0,6,17,2,2664.494,3 0,West,3,5,0
0,6,17,3,2665.115,3 0,North,3,5,0
0,6,17,2,2665.759,2 0,North,3,5,0
0,6,17,2,2666.414,1 0,North,3,5,0
0,6,17,3,2666.982,1 0,East,3,5,0
0,6,17,2,2667.575,1 1,East,3,5,0
0,6,17,3,2668.122,1 1,South,3,5,0
0,6,17,2,2668.681,2 1,South,3,5,0
0,6,17,1,2669.34,2 1,East,3,5,0
0,6,17,2,2669.958,2 2,East,3,5,0
0,6,17,1,2670.501,2 2,North,3,5,0
0,6,17,2,2671.053,1 2,North,3,5,0
0,6,17,2,2671.593,0 2,North,3,5,0
0,6,17,1,2672.27,0 2,West,3,5,0
0,6,17,2,2672.827,0 1,West,3,5,0
0,6,17,6,2673.24,0 1,West,3,6,0
0,6,17,3,2673.478,0 1,North,3,6,0
0,6,17,3,2674.006,0 1,East,3,6,0
0,6,17,2,2674.568,0 2,East,3,6,0
0,6,17,3,2675.213,0 2,South,3,6,0
0,6,17,2,2675.832,1 2,South,3,6,0
0,6,17,2,2676.369,2 2,South,3,6,0
0,6,17,3,2677.013,2 2,West,3,6,0
0,6,17,2,2677.639,2 1,West,3,6,0
0,6,17,3,2678.263,2 1,North,3,6,0
0,6,17,2,2678.853,1 1,North,3,6,0
0,6,17,1,2679.461,1 1,West,3,6,0
0,6,17,2,2680.069,1 0,West,3,6,0
0,6,17,1,2680.733,1 0,South,3,6,0
0,6,17,2,2681.256,2 0,South,3,6,0
0,6,17,2,2681.766,3 0,South,3,6,0
0,6,17,1,2682.297,3 0,East,3,6,0
0,6,17,2,2682.858,3 1,East,3,6,0
0,6,17,2,2683.517,3 2,East,3,6,0
0,6,17,3,2684.041,3 2,South,3,6,0
0,6,17,2,2684.636,4 2,South,3,6,0
0,6,17,3,2685.175,4 2,West,3,6,0
0,6,17,1,2685.72,4 2,South,3,6,0
0,6,17,1,2686.326,4 2,East,3,6,0
0,6,17,2,2686.966,4 3,East,3,6,0
0,6,17,2,2687.477,4 4,East,3,6,0
0,6,17,1,2688.14,4 4,North,3,6,0
0,6,17,2,2688.793,3 4,North,3,6,0
0,6,17,1,2689.447,3 4,West,3,6,0
0,6,17,2,2690.094,3 3,West,3,6,0
0,6,17,3,2690.745,3 3,North,3,6,0
0,6,17,2,2691.335,2 3,North,3,6,0
0,6,17,6,2691.72,2 3,North,3,7,0
0,6,17,2,2691.928,1 3,North,3,7,0
0,6,17,2,2692.632,0 3,North,3,7,0
0,6,17,3,2693.21,0 3,East,3,7,0
0,6,17,2,2693.836,0 4,East,3,7,0
0,6,17,3,2694.375,0 4,South,3,7,0
0,6,17,3,2694.922,0 4,West,3,7,0
0,6,17,2,2695.533,0 3,West,3,7,0
0,6,17,1,2696.141,0 3,South,3,7,0
0,6,17,2,2696.76,1 3,South,3,7,0
0,6,17,2,2697.287,2 3,South,3,7,0
0,6,17,2,2697.927,3 3,South,3,7,0
0,6,17,2,2698.678,3 3,South,3,7,0
0,6,17,1,2698.965,3 3,East,3,7,0
0,6,17,2,2699.605,3 4,East,3,7,0
0,6,17,3,2700.271,3 4,South,3,7,0
0,6,17,2,2700.857,4 4,South,3,7,0
0,6,17,3,2701.51,4 4,West,3,7,0
0,6,17,2,2702.126,4 3,West,3,7,0
0,6,17,2,2702.763,4 2,West,3,7,0
0,6,17,3,2703.415,4 2,North,3,7,0
0,6,17,2,2704.014,3 2,North,3,7,0
0,6,17,1,2704.587,3 2,West,3,7,0
0,6,17,2,2705.127,3 1,West,3,7,0
0,6,17,2,2705.658,3 0,West,3,7,0
0,6,17,3,2706.215,3 0,North,3,7,0
0,6,17,2,2706.812,2 0,North,3,7,0
0,6,17,2,2707.371,1 0,North,3,7,0
0,6,17,3,2707.911,1 0,East,3,7,0
0,6,17,3,2708.667,1 0,South,3,7,0
0,6,17,1,2709.244,1 0,East,3,7,0
0,6,17,2,2709.831,1 1,East,3,7,0
0,6,17,3,2710.395,1 1,South,3,7,0
0,6,17,2,2710.935,2 1,South,3,7,0
0,6,17,1,2711.533,2 1,East,3,7,0
0,6,17,2,2712.171,2 2,East,3,7,0
0,6,17,1,2712.715,2 2,North,3,7,0
0,6,17,2,2713.226,1 2,North,3,7,0
0,6,17,2,2713.749,0 2,North,3,7,0
0,6,17,6,2714.14,0 2,North,3,8,0
3,6,17,2,2718.269,3 4,North,3,0,0
3,6,17,1,2719.129,3 3,North,3,0,0
3,6,17,2,2719.66,2 3,North,3,0,0
3,6,17,2,2720.213,1 3,North,3,0,0
3,6,17,6,2720.6,1 3,North,3,1,0
3,6,17,4,2720.91,2 3,North,3,1,0
3,6,17,4,2721.531,3 3,North,3,1,0
3,6,17,3,2722.094,3 4,North,3,1,0
3,6,17,4,2722.678,4 4,North,3,1,0
3,6,17,1,2723.212,4 3,North,3,1,0
3,6,17,1,2723.846,4 2,North,3,1,0
3,6,17,2,2724.982,3 2,North,3,1,0
3,6,17,6,2725.36,3 2,North,3,2,0
3,6,17,4,2726.009,4 2,North,3,2,0
3,6,17,3,2726.83,4 3,North,3,2,0
3,6,17,3,2727.399,4 4,North,3,2,0
3,6,17,2,2728.045,3 4,North,3,2,0
3,6,17,1,2728.714,3 3,North,3,2,0
3,6,17,2,2729.286,2 3,North,3,2,0
3,6,17,6,2729.66,2 3,North,3,3,0
3,6,17,4,2729.915,3 3,North,3,3,0
3,6,17,3,2730.505,3 4,North,3,3,0
3,6,17,4,2731.08,4 4,North,3,3,0
3,6,17,1,2731.645,4 3,North,3,3,0
3,6,17,1,2732.197,4 2,North,3,3,0
3,6,17,2,2732.776,3 2,North,3,3,0
3,6,17,1,2733.591,3 1,North,3,3,0
3,6,17,1,2734.151,3 0,North,3,3,0
3,6,17,2,2734.662,2 0,North,3,3,0
3,6,17,2,2735.19,1 0,North,3,3,0
3,6,17,3,2735.751,1 1,North,3,3,0
3,6,17,4,2736.269,2 1,North,3,3,0
3,6,17,3,2736.843,2 2,North,3,3,0
3,6,17,2,2737.662,1 2,North,3,3,0
3,6,17,2,2738.22,0 2,North,3,3,0
3,6,17,1,2738.762,0 1,North,3,3,0
3,6,17,6,2739.16,0 1,North,3,4,0
3,6,17,3,2739.276,0 2,North,3,4,0
3,6,17,4,2739.789,1 2,North,3,4,0
3,6,17,6,2740.16,1 2,North,3,5,0
3,6,17,4,2740.492,2 2,North,3,5,0
3,6,17,1,2741.071,2 1,North,3,5,0
3,6,17,2,2741.965,1 1,North,3,5,0
3,6,17,1,2742.616,1 0,North,3,5,0
3,6,17,4,2743.146,2 0,North,3,5,0
3,6,17,4,2743.696,3 0,North,3,5,0
3,6,17,6,2744.06,3 0,North,3,6,0
3,6,17,2,2744.507,2 0,North,3,6,0
3,6,17,2,2745.48,1 0,North,3,6,0
3,6,17,3,2746.102,1 1,North,3,6,0
3,6,17,4,2746.631,2 1,North,3,6,0
3,6,17,3,2747.177,2 2,North,3,6,0
3,6,17,2,2748.039,1 2,North,3,6,0
3,6,17,2,2748.606,0 2,North,3,6,0
3,6,17,1,2749.162,0 1,North,3,6,0
3,6,17,1,2750.135,0 0,North,3,6,0
3,6,17,6,2750.54,0 0,North,3,7,0
3,6,17,3,2750.663,0 1,North,3,7,0
3,6,17,3,2751.324,0 2,North,3,7,0
3,6,17,4,2751.869,1 2,North,3,7,0
3,6,17,4,2752.79,2 2,North,3,7,0
3,6,17,1,2753.323,2 1,North,3,7,0
3,6,17,2,2753.884,1 1,North,3,7,0
3,6,17,1,2754.492,1 0,North,3,7,0
3,6,17,6,2754.9,1 0,North,3,8,0
0,6,18,2,2758.779,3 4,North,3,0,0
0,6,18,3,2759.815,3 4,East,3,0,0
0,6,18,3,2760.394,3 4,South,3,0,0
0,6,18,2,2760.971,4 4,South,3,0,0
0,6,18,3,2761.577,4 4,West,3,0,0
0,6,18,2,2762.219,4 3,West,3,0,0
0,6,18,3,2762.984,4 3,North,3,0,0
0,6,18,1,2763.799,4 3,West,3,0,0
0,6,18,2,2764.462,4 2,West,3,0,0
0,6,18,3,2764.998,4 2,North,3,0,0
0,6,18,2,2765.557,3 2,North,3,0,0
0,6,18,1,2766.167,3 2,West,3,0,0
0,6,18,2,2766.696,3 1,West,3,0,0
0,6,18,2,2767.24,3 0,West,3,0,0
0,6,18,3,2767.896,3 0,North,3,0,0
0,6,18,2,2768.538,2 0,North,3,0,0
0,6,18,2,2769.05,1 0,North,3,0,0
0,6,18,3,2769.58,1 0,East,3,0,0
0,6,18,2,2770.172,1 1,East,3,0,0
0,6,18,3,2770.695,1 1,South,3,0,0
0,6,18,2,2771.246,2 1,South,3,0,0
0,6,18,1,2771.757,2 1,East,3,0,0
0,6,18,2,2772.409,2 2,East,3,0,0
0,6,18,2,2772.923,2 2,East,3,0,0
0,6,18,2,2774.282,2 2,East,3,0,0
0,6,18,1,2774.437,2 2,North,3,0,0
0,6,18,2,2775.067,1 2,North,3,0,0
0,6,18,2,2775.694,0 2,North,3,0,0
0,6,18,2,2776.271,0 2,North,3,0,0
0,6,18,1,2776.52,0 2,West,3,0,0
0,6,18,1,2777.321,0 2,South,3,0,0
0,6,18,1,2777.902,0 2,East,3,0,0
0,6,18,2,2778.587,0 2,East,3,0,0
0,6,18,3,2778.76,0 2,South,3,0,0
0,6,18,2,2779.272,1 2,South,3,0,0
0,6,18,2,2779.896,2 2,South,3,0,0
0,6,18,3,2780.44,2 2,West,3,0,0
0,6,18,2,2780.971,2 1,West,3,0,0
0,6,18,3,2781.5,2 1,North,3,0,0
0,6,18,2,2782.073,1 1,North,3,0,0
0,6,18,1,2782.585,1 1,West,3,0,0
0,6,18,2,2783.259,1 0,West,3,0,0
0,6,18,1,2783.931,1 0,South,3,0,0
0,6,18,2,2784.493,2 0,South,3,0,0
0,6,18,2,2785.023,3 0,South,3,0,0
0,6,18,1,2785.542,3 0,East,3,0,0
0,6,18,2,2786.094,3 1,East,3,0,0
0,6,18,2,2786.746,3 2,East,3,0,0
0,6,18,3,2787.334,3 2,South,3,0,0
0,6,18,2,2787.998,4 2,South,3,0,0
0,6,18,3,2788.614,4 2,West,3,0,0
0,6,18,1,2789.198,4 2,South,3,0,0
0,6,18,1,2789.783,4 2,East,3,0,0
0,6,18,2,2790.398,4 3,East,3,0,0
0,6,18,2,2791,4 4,East,3,0,0
0,6,18,1,2791.622,4 4,North,3,0,0
0,6,18,2,2792.219,3 4,North,3,0,0
0,6,18,1,2792.749,3 4,West,3,0,0
0,6,18,2,2793.321,3 3,West,3,0,0
0,6,18,3,2793.979,3 3,North,3,0,0
0,6,18,2,2794.654,2 3,North,3,0,0
0,6,18,2,2795.197,1 3,North,3,0,0
0,6,18,3,2795.942,1 3,East,3,0,0
0,6,18,1,2796.536,1 3,North,3,0,0
0,6,18,2,2797.176,0 3,North,3,0,0
0,6,18,3,2797.822,0 3,East,3,0,0
0,6,18,2,2798.455,0 4,East,3,0,0
0,6,18,3,2799.021,0 4,South,3,0,0
0,6,18,2,2799.625,1 4,South,3,0,0
0,6,18,6,2800,1 4,South,3,1,0
0,6,18,3,2800.265,1 4,West,3,1,0
0,6,18,3,2800.894,1 4,North,3,1,0
0,6,18,2,2801.547,0 4,North,3,1,0
0,6,18,1,2802.071,0 4,West,3,1,0
0,6,18,2,2802.743,0 3,West,3,1,0
0,6,18,1,2803.276,0 3,South,3,1,0
0,6,18,2,2803.788,1 3,South,3,1,0
0,6,18,2,2804.441,2 3,South,3,1,0
0,6,18,2,2805.099,3 3,South,3,1,0
0,6,18,2,2805.821,3 3,South,3,1,0
0,6,18,1,2806.11,3 3,East,3,1,0
0,6,18,2,2806.678,3 4,East,3,1,0
0,6,18,3,2807.319,3 4,South,3,1,0
0,6,18,2,2807.934,4 4,South,3,1,0
0,6,18,3,2808.473,4 4,West,3,1,0
0,6,18,2,2809.014,4 3,West,3,1,0
0,6,18,2,2809.545,4 2,West,3,1,0
0,6,18,3,2810.237,4 2,North,3,1,0
0,6,18,2,2810.778,3 2,North,3,1,0
0,6,18,1,2811.446,3 2,West,3,1,0
0,6,18,2,2812.103,3 1,West,3,1,0
0,6,18,2,2812.733,3 0,West,3,1,0
0,6,18,3,2813.367,3 0,North,3,1,0
0,6,18,2,2814.023,2 0,North,3,1,0
0,6,18,2,2814.68,1 0,North,3,1,0
0,6,18,3,2815.354,1 0,East,3,1,0
0,6,18,2,2816.014,1 1,East,3,1,0
0,6,18,3,2816.567,1 1,South,3,1,0
0,6,18,2,2817.162,2 1,South,3,1,0
0,6,18,6,2817.54,2 1,South,3,2,0
0,6,18,1,2817.782,2 1,East,3,2,0
0,6,18,2,2818.412,2 2,East,3,2,0
0,6,18,1,2819.064,2 2,North,3,2,0
0,6,18,2,2819.644,1 2,North,3,2,0
0,6,18,2,2820.302,0 2,North,3,2,0
0,6,18,1,2820.813,0 2,West,3,2,0
0,6,18,1,2821.371,0 2,South,3,2,0
0,6,18,2,2821.893,1 2,South,3,2,0
0,6,18,2,2822.534,2 2,South,3,2,0
0,6,18,3,2823.078,2 2,West,3,2,0
0,6,18,2,2823.687,2 1,West,3,2,0
0,6,18,3,2824.331,2 1,North,3,2,0
0,6,18,2,2825.369,1 1,North,3,2,0
0,6,18,1,2826.046,1 1,West,3,2,0
0,6,18,2,2826.699,1 0,West,3,2,0
0,6,18,1,2827.21,1 0,South,3,2,0
0,6,18,2,2827.836,2 0,South,3,2,0
0,6,18,2,2828.376,3 0,South,3,2,0
0,6,18,1,2829,3 0,East,3,2,0
0,6,18,2,2829.543,3 1,East,3,2,0
0,6,18,3,2830.281,3 1,South,3,2,0
0,6,18,1,2830.847,3 1,East,3,2,0
0,6,18,2,2831.454,3 2,East,3,2,0
0,6,18,3,2832.025,3 2,South,3,2,0
0,6,18,2,2832.679,4 2,South,3,2,0
0,6,18,3,2833.292,4 2,West,3,2,0
0,6,18,1,2833.913,4 2,South,3,2,0
0,6,18,1,2834.538,4 2,East,3,2,0
0,6,18,2,2835.065,4 3,East,3,2,0
0,6,18,2,2835.606,4 4,East,3,2,0
0,6,18,1,2836.125,4 4,North,3,2,0
0,6,18,2,2836.684,3 4,North,3,2,0
0,6,18,1,2837.194,3 4,West,3,2,0
0,6,18,2,2837.833,3 3,West,3,2,0
0,6,18,6,2838.24,3 3,West,3,3,0
0,6,18,3,2838.412,3 3,North,3,3,0
0,6,18,2,2839.111,2 3,North,3,3,0
0,6,18,2,2839.625,1 3,North,3,3,0
0,6,18,2,2840.245,0 3,North,3,3,0
0,6,18,2,2841.014,0 3,North,3,3,0
0,6,18,3,2841.335,0 3,East,3,3,0
0,6,18,2,2841.911,0 4,East,3,3,0
0,6,18,3,2842.422,0 4,South,3,3,0
0,6,18,3,2842.95,0 4,West,3,3,0
0,6,18,2,2843.6,0 3,West,3,3,0
0,6,18,1,2844.124,0 3,South,3,3,0
0,6,18,2,2844.647,1 3,South,3,3,0
0,6,18,2,2845.325,2 3,South,3,3,0
0,6,18,2,2845.835,3 3,South,3,3,0
0,6,18,1,2846.359,3 3,East,3,3,0
0,6,18,2,2846.888,3 4,East,3,3,0
0,6,18,3,2847.42,3 4,South,3,3,0
0,6,18,2,2847.93,4 4,South,3,3,0
0,6,18,3,2848.443,4 4,West,3,3,0
0,6,18,2,2848.97,4 3,West,3,3,0
0,6,18,2,2849.51,4 2,West,3,3,0
0,6,18,6,2849.92,4 2,West,3,4,0
0,6,18,3,2850.056,4 2,North,3,4,0
0,6,18,3,2850.598,4 2,East,3,4,0
0,6,18,1,2851.167,4 2,North,3,4,0
0,6,18,2,2851.901,3 2,North,3,4,0
0,6,18,1,2852.534,3 2,West,3,4,0
0,6,18,2,2853.086,3 1,West,3,4,0
0,6,18,2,2853.736,3 0,West,3,4,0
0,6,18,3,2854.266,3 0,North,3,4,0
0,6,18,2,2854.968,2 0,North,3,4,0
0,6,18,2,2855.599,1 0,North,3,4,0
0,6,18,3,2856.198,1 0,East,3,4,0
0,6,18,2,2856.748,1 1,East,3,4,0
0,6,18,3,2857.403,1 1,South,3,4,0
0,6,18,2,2857.927,2 1,South,3,4,0
0,6,18,1,2858.518,2 1,East,3,4,0
0,6,18,2,2859.05,2 2,East,3,4,0
0,6,18,1,2859.643,2 2,North,3,4,0
0,6,18,2,2860.157,1 2,North,3,4,0
0,6,18,1,2860.794,1 2,West,3,4,0
0,6,18,3,2861.39,1 2,North,3,4,0
0,6,18,2,2862.006,0 2,North,3,4,0
0,6,18,1,2862.6,0 2,West,3,4,0
0,6,18,1,2863.223,0 2,South,3,4,0
0,6,18,2,2863.832,1 2,South,3,4,0
0,6,18,2,2864.358,2 2,South,3,4,0
0,6,18,3,2864.957,2 2,West,3,4,0
0,6,18,3,2865.562,2 2,North,3,4,0
0,6,18,1,2866.118,2 2,West,3,4,0
0,6,18,2,2866.775,2 1,West,3,4,0
0,6,18,3,2867.371,2 1,North,3,4,0
0,6,18,2,2868.025,1 1,North,3,4,0
0,6,18,1,2868.614,1 1,West,3,4,0
0,6,18,2,2869.262,1 0,West,3,4,0
0,6,18,1,2869.879,1 0,South,3,4,0
0,6,18,2,2870.454,2 0,South,3,4,0
0,6,18,2,2870.973,3 0,South,3,4,0
0,6,18,1,2871.641,3 0,East,3,4,0
0,6,18,2,2872.219,3 1,East,3,4,0
0,6,18,2,2872.741,3 2,East,3,4,0
0,6,18,3,2873.254,3 2,South,3,4,0
0,6,18,2,2873.83,4 2,South,3,4,0
0,6,18,3,2874.423,4 2,West,3,4,0
0,6,18,1,2875.063,4 2,South,3,4,0
0,6,18,1,2875.686,4 2,East,3,4,0
0,6,18,2,2876.333,4 3,East,3,4,0
0,6,18,2,2876.989,4 4,East,3,4,0
0,6,18,1,2877.545,4 4,North,3,4,0
0,6,18,2,2878.172,3 4,North,3,4,0
0,6,18,1,2878.75,3 4,West,3,4,0
0,6,18,2,2879.338,3 3,West,3,4,0
0,6,18,3,2879.992,3 3,North,3,4,0
0,6,18,2,2880.651,2 3,North,3,4,0
0,6,18,2,2881.27,1 3,North,3,4,0
0,6,18,2,2881.877,0 3,North,3,4,0
0,6,18,3,2882.493,0 3,East,3,4,0
0,6,18,2,2883.033,0 4,East,3,4,0
0,6,18,6,2883.46,0 4,East,3,5,0
0,6,18,3,2883.593,0 4,South,3,5,0
0,6,18,3,2884.172,0 4,West,3,5,0
0,6,18,2,2884.807,0 3,West,3,5,0
0,6,18,1,2885.351,0 3,South,3,5,0
0,6,18,2,2885.981,1 3,South,3,5,0
0,6,18,2,2886.503,2 3,South,3,5,0
0,6,18,2,2887.033,3 3,South,3,5,0
0,6,18,1,2887.625,3 3,East,3,5,0
0,6,18,2,2888.248,3 4,East,3,5,0
0,6,18,3,2888.778,3 4,South,3,5,0
0,6,18,2,2889.287,4 4,South,3,5,0
0,6,18,3,2889.806,4 4,West,3,5,0
0,6,18,2,2890.345,4 3,West,3,5,0
0,6,18,2,2891.016,4 2,West,3,5,0
0,6,18,3,2891.582,4 2,North,3,5,0
0,6,18,2,2892.182,3 2,North,3,5,0
0,6,18,1,2892.813,3 2,West,3,5,0
0,6,18,2,2893.325,3 1,West,3,5,0
0,6,18,2,2893.963,3 0,West,3,5,0
0,6,18,3,2894.492,3 0,North,3,5,0
0,6,18,2,2895.02,2 0,North,3,5,0
0,6,18,2,2895.532,1 0,North,3,5,0
0,6,18,3,2896.071,1 0,East,3,5,0
0,6,18,2,2896.634,1 1,East,3,5,0
0,6,18,3,2897.548,1 1,South,3,5,0
0,6,18,2,2898.135,2 1,South,3,5,0
0,6,18,1,2898.767,2 1,East,3,5,0
0,6,18,2,2899.339,2 2,East,3,5,0
0,6,18,1,2899.978,2 2,North,3,5,0
0,6,18,2,2900.558,1 2,North,3,5,0
0,6,18,6,2900.94,1 2,North,3,6,0
0,6,18,2,2901.16,0 2,North,3,6,0
0,6,18,1,2901.781,0 2,West,3,6,0
0,6,18,1,2902.423,0 2,South,3,6,0
0,6,18,2,2903.096,1 2,South,3,6,0
0,6,18,2,2903.623,2 2,South,3,6,0
0,6,18,3,2904.298,2 2,West,3,6,0
0,6,18,2,2904.845,2 1,West,3,6,0
0,6,18,3,2905.374,2 1,North,3,6,0
0,6,18,2,2905.974,1 1,North,3,6,0
0,6,18,1,2906.935,1 1,West,3,6,0
0,6,18,2,2907.51,1 0,West,3,6,0
0,6,18,1,2908.103,1 0,South,3,6,0
0,6,18,2,2908.695,2 0,South,3,6,0
0,6,18,2,2909.269,3 0,South,3,6,0
0,6,18,6,2909.64,3 0,South,3,7,0
0,6,18,1,2910.232,3 0,East,3,7,0
0,6,18,2,2910.838,3 1,East,3,7,0
0,6,18,1,2911.627,3 1,North,3,7,0
0,6,18,3,2912.438,3 1,East,3,7,0
0,6,18,2,2913.013,3 2,East,3,7,0
0,6,18,3,2913.606,3 2,South,3,7,0
0,6,18,2,2914.248,4 2,South,3,7,0
0,6,18,3,2914.839,4 2,West,3,7,0
0,6,18,2,2915.367,4 1,West,3,7,0
0,6,18,6,2915.78,4 1,West,3,8,0
3,6,18,2,2921.274,3 4,North,3,0,0
3,6,18,1,2922.15,3 3,North,3,0,0
3,6,18,2,2922.732,2 3,North,3,0,0
3,6,18,2,2923.688,1 3,North,3,0,0
3,6,18,2,2924.429,0 3,North,3,0,0
3,6,18,3,2925.001,0 4,North,3,0,0
3,6,18,4,2925.533,1 4,North,3,0,0
3,6,18,6,2925.9,1 4,North,3,1,0
3,6,18,2,2926.095,0 4,North,3,1,0
3,6,18,1,2926.668,0 3,North,3,1,0
3,6,18,4,2927.542,1 3,North,3,1,0
3,6,18,4,2928.41,2 3,North,3,1,0
3,6,18,4,2928.965,3 3,North,3,1,0
3,6,18,6,2929.32,3 3,North,3,2,0
3,6,18,3,2929.568,3 4,North,3,2,0
3,6,18,1,2930.183,3 3,North,3,2,0
3,6,18,2,2930.733,2 3,North,3,2,0
3,6,18,2,2931.324,1 3,North,3,2,0
3,6,18,2,2931.915,0 3,North,3,2,0
3,6,18,3,2932.584,0 4,North,3,2,0
3,6,18,6,2932.98,0 4,North,3,3,0
3,6,18,1,2933.183,0 3,North,3,3,0
3,6,18,4,2933.738,1 3,North,3,3,0
3,6,18,4,2934.293,2 3,North,3,3,0
3,6,18,4,2934.905,3 3,North,3,3,0
3,6,18,3,2935.465,3 4,North,3,3,0
3,6,18,4,2935.997,4 4,North,3,3,0
3,6,18,1,2936.552,4 3,North,3,3,0
3,6,18,1,2937.133,4 2,North,3,3,0
3,6,18,2,2937.692,3 2,North,3,3,0
3,6,18,1,2938.229,3 1,North,3,3,0
3,6,18,1,2938.776,3 0,North,3,3,0
3,6,18,6,2939.18,3 0,North,3,4,0
3,6,18,2,2940.892,2 0,North,3,4,0
3,6,18,2,2941.447,1 0,North,3,4,0
3,6,18,3,2942.059,1 1,North,3,4,0
3,6,18,4,2942.599,2 1,North,3,4,0
3,6,18,3,2943.143,2 2,North,3,4,0
3,6,18,2,2943.663,1 2,North,3,4,0
3,6,18,2,2944.269,0 2,North,3,4,0
3,6,18,6,2944.66,0 2,North,3,5,0
3,6,18,4,2944.858,1 2,North,3,5,0
3,6,18,4,2945.461,2 2,North,3,5,0
3,6,18,1,2946.013,2 1,North,3,5,0
3,6,18,2,2946.523,1 1,North,3,5,0
3,6,18,1,2947.464,1 0,North,3,5,0
3,6,18,4,2948.076,2 0,North,3,5,0
3,6,18,4,2948.615,3 0,North,3,5,0
3,6,18,3,2949.159,3 1,North,3,5,0
3,6,18,6,2949.56,3 1,North,3,6,0
3,6,18,1,2949.964,3 0,North,3,6,0
3,6,18,2,2950.487,2 0,North,3,6,0
3,6,18,6,2950.88,2 0,North,3,7,0
3,6,18,4,2951.328,3 0,North,3,7,0
3,6,18,3,2952.28,3 1,North,3,7,0
3,6,18,3,2952.906,3 2,North,3,7,0
3,6,18,4,2953.485,4 2,North,3,7,0
3,6,18,3,2954.023,4 3,North,3,7,0
3,6,18,3,2954.633,4 4,North,3,7,0
3,6,18,2,2955.205,3 4,North,3,7,0
3,6,18,1,2956.056,3 3,North,3,7,0
3,6,18,2,2956.597,2 3,North,3,7,0
3,6,18,2,2957.449,1 3,North,3,7,0
3,6,18,2,2958.311,0 3,North,3,7,0
3,6,18,6,2958.7,0 3,North,3,8,0
