PhaseView,Run,Trial,Key,Time,Location,Direction,MazeType,Diamonds,WallBumped
0,3,7,1,498.678,4 4,West,2,0,0
0,3,7,1,499.2201,4 4,South,2,0,0
0,3,7,3,500.2923,4 4,West,2,0,0
0,3,7,3,500.8689,4 4,North,2,0,0
0,3,7,2,501.8143,3 4,North,2,0,0
0,3,7,2,502.4517,2 4,North,2,0,0
0,3,7,2,503.6899,1 4,North,2,0,0
0,3,7,2,505.7969,0 4,North,2,0,0
0,3,7,1,507.4148,0 4,West,2,0,0
0,3,7,1,507.9914,0 4,South,2,0,0
0,3,7,2,508.6738,1 4,South,2,0,0
0,3,7,3,509.2018,1 4,West,2,0,0
0,3,7,2,509.7802,1 3,West,2,0,0
0,3,7,1,510.3871,1 3,South,2,0,0
0,3,7,2,511.0259,2 3,South,2,0,0
0,3,7,3,511.5876,2 3,West,2,0,0
0,3,7,2,512.2123,2 2,West,2,0,0
0,3,7,3,512.7272,2 2,North,2,0,0
0,3,7,2,513.3622,1 2,North,2,0,0
0,3,7,2,514.2278,0 2,North,2,0,0
0,3,7,1,514.8978,0 2,West,2,0,0
0,3,7,2,515.7361,0 1,West,2,0,0
0,3,7,1,518.7715,0 1,South,2,0,0
0,3,7,1,519.6039,0 1,East,2,0,0
0,3,7,2,521.4456,0 2,East,2,0,0
0,3,7,3,522.0048,0 2,South,2,0,0
0,3,7,2,523.3938,1 2,South,2,0,0
0,3,7,2,524.0701,2 2,South,2,0,0
0,3,7,1,524.6309,2 2,East,2,0,0
0,3,7,2,525.7985,2 3,East,2,0,0
0,3,7,1,526.4247,2 3,North,2,0,0
0,3,7,2,527.2271,1 3,North,2,0,0
0,3,7,3,527.7964,1 3,East,2,0,0
0,3,7,2,528.4366,1 4,East,2,0,0
0,3,7,3,528.9684,1 4,South,2,0,0
0,3,7,2,529.5764,2 4,South,2,0,0
0,3,7,2,530.1984,3 4,South,2,0,0
0,3,7,2,531.0588,4 4,South,2,0,0
0,3,7,3,531.6423,4 4,West,2,0,0
0,3,7,2,532.3616,4 3,West,2,0,0
0,3,7,2,533.015,4 2,West,2,0,0
0,3,7,3,533.6069,4 2,North,2,0,0
0,3,7,2,534.2436,3 2,North,2,0,0
0,3,7,1,534.8409,3 2,West,2,0,0
0,3,7,2,535.3958,3 1,West,2,0,0
0,3,7,3,535.9735,3 1,North,2,0,0
0,3,7,2,536.5159,2 1,North,2,0,0
0,3,7,2,537.079,1 1,North,2,0,0
0,3,7,1,537.6359,1 1,West,2,0,0
0,3,7,2,538.1936,1 0,West,2,0,0
0,3,7,6,538.62,1 0,West,2,1,0
0,3,7,1,539.1698,1 0,South,2,1,0
0,3,7,1,540.1339,1 0,East,2,1,0
0,3,7,2,540.6631,1 1,East,2,1,0
0,3,7,3,541.2549,1 1,South,2,1,0
0,3,7,2,541.8195,2 1,South,2,1,0
0,3,7,2,542.4059,3 1,South,2,1,0
0,3,7,6,542.78,3 1,South,2,2,0
0,3,7,1,543.2225,3 1,East,2,2,0
0,3,7,2,543.8327,3 2,East,2,2,0
0,3,7,3,544.4493,3 2,South,2,2,0
0,3,7,2,545.2405,4 2,South,2,2,0
0,3,7,6,545.62,4 2,South,2,3,0
0,3,7,1,545.8328,4 2,East,2,3,0
0,3,7,2,546.4681,4 3,East,2,3,0
0,3,7,2,547.0267,4 4,East,2,3,0
0,3,7,1,547.9893,4 4,North,2,3,0
0,3,7,2,548.6126,3 4,North,2,3,0
0,3,7,1,549.9622,3 4,West,2,3,0
0,3,7,1,550.8373,3 4,South,2,3,0
0,3,7,2,551.5377,4 4,South,2,3,0
0,3,7,3,552.3954,4 4,West,2,3,0
0,3,7,3,553.0615,4 4,North,2,3,0
0,3,7,2,553.9698,3 4,North,2,3,0
0,3,7,2,554.6327,2 4,North,2,3,0
0,3,7,2,555.3639,1 4,North,2,3,0
0,3,7,2,556.0242,0 4,North,2,3,0
0,3,7,1,556.5811,0 4,West,2,3,0
0,3,7,1,557.1704,0 4,South,2,3,0
0,3,7,2,557.7314,1 4,South,2,3,0
0,3,7,3,558.3077,1 4,West,2,3,0
0,3,7,2,559.5895,1 3,West,2,3,0
0,3,7,1,560.1868,1 3,South,2,3,0
0,3,7,2,560.8209,2 3,South,2,3,0
0,3,7,3,561.3845,2 3,West,2,3,0
0,3,7,2,562.0245,2 2,West,2,3,0
0,3,7,3,562.6137,2 2,North,2,3,0
0,3,7,2,563.2415,1 2,North,2,3,0
0,3,7,2,564.106,0 2,North,2,3,0
0,3,7,1,564.7295,0 2,West,2,3,0
0,3,7,1,565.6092,0 2,South,2,3,0
0,3,7,2,566.3136,1 2,South,2,3,0
0,3,7,2,566.8585,2 2,South,2,3,0
0,3,7,1,567.7814,2 2,East,2,3,0
0,3,7,2,568.5512,2 3,East,2,3,0
0,3,7,1,569.1401,2 3,North,2,3,0
0,3,7,2,569.8282,1 3,North,2,3,0
0,3,7,3,570.4253,1 3,East,2,3,0
0,3,7,2,570.9874,1 4,East,2,3,0
0,3,7,1,571.5136,1 4,North,2,3,0
0,3,7,2,572.4751,0 4,North,2,3,0
0,3,7,1,573.0619,0 4,West,2,3,0
0,3,7,1,574.5458,0 4,South,2,3,0
0,3,7,2,575.4577,1 4,South,2,3,0
0,3,7,2,576.0527,2 4,South,2,3,0
0,3,7,2,576.6119,3 4,South,2,3,0
0,3,7,2,577.187,4 4,South,2,3,0
0,3,7,3,578.019,4 4,West,2,3,0
0,3,7,2,578.5937,4 3,West,2,3,0
0,3,7,2,579.1901,4 2,West,2,3,0
0,3,7,3,579.7955,4 2,North,2,3,0
0,3,7,2,580.7635,3 2,North,2,3,0
0,3,7,1,581.3493,3 2,West,2,3,0
0,3,7,2,581.864,3 1,West,2,3,0
0,3,7,3,582.4081,3 1,North,2,3,0
0,3,7,2,582.9878,2 1,North,2,3,0
0,3,7,6,583.36,2 1,North,2,4,0
0,3,7,2,583.9774,1 1,North,2,4,0
0,3,7,1,584.7099,1 1,West,2,4,0
0,3,7,2,585.2408,1 0,West,2,4,0
0,3,7,1,585.7499,1 0,South,2,4,0
0,3,7,1,586.4424,1 0,East,2,4,0
0,3,7,2,587.012,1 1,East,2,4,0
0,3,7,3,587.6995,1 1,South,2,4,0
0,3,7,2,590.5898,2 1,South,2,4,0
0,3,7,2,591.1462,3 1,South,2,4,0
0,3,7,1,591.8003,3 1,East,2,4,0
0,3,7,2,592.4082,3 2,East,2,4,0
0,3,7,3,593.0294,3 2,South,2,4,0
0,3,7,2,593.6572,4 2,South,2,4,0
0,3,7,1,594.2947,4 2,East,2,4,0
0,3,7,2,594.9183,4 3,East,2,4,0
0,3,7,2,595.479,4 4,East,2,4,0
0,3,7,1,596.0821,4 4,North,2,4,0
0,3,7,2,596.6966,3 4,North,2,4,0
0,3,7,2,597.4475,2 4,North,2,4,0
0,3,7,2,598.2628,1 4,North,2,4,0
0,3,7,1,598.9046,1 4,West,2,4,0
0,3,7,2,602.195,1 3,West,2,4,0
0,3,7,1,602.8697,1 3,South,2,4,0
0,3,7,2,603.5594,2 3,South,2,4,0
0,3,7,3,604.138,2 3,West,2,4,0
0,3,7,2,604.7453,2 2,West,2,4,0
0,3,7,3,605.3046,2 2,North,2,4,0
0,3,7,2,610.8264,1 2,North,2,4,0
0,3,7,6,611.2,1 2,North,2,5,0
0,3,7,2,611.6591,0 2,North,2,5,0
0,3,7,1,612.1852,0 2,West,2,5,0
0,3,7,1,613.3044,0 2,South,2,5,0
0,3,7,2,614.804,1 2,South,2,5,0
0,3,7,2,615.3649,2 2,South,2,5,0
0,3,7,1,615.9251,2 2,East,2,5,0
0,3,7,2,616.5514,2 3,East,2,5,0
0,3,7,1,617.1253,2 3,North,2,5,0
0,3,7,2,617.8349,1 3,North,2,5,0
0,3,7,3,618.4876,1 3,East,2,5,0
0,3,7,2,619.2406,1 4,East,2,5,0
0,3,7,3,619.816,1 4,South,2,5,0
0,3,7,2,620.4659,2 4,South,2,5,0
0,3,7,2,621.1278,3 4,South,2,5,0
0,3,7,2,621.9225,4 4,South,2,5,0
0,3,7,3,622.4911,4 4,West,2,5,0
0,3,7,2,623.1437,4 3,West,2,5,0
0,3,7,2,623.8425,4 2,West,2,5,0
0,3,7,3,624.4356,4 2,North,2,5,0
0,3,7,2,628.0886,3 2,North,2,5,0
0,3,7,1,628.7102,3 2,West,2,5,0
0,3,7,2,629.4011,3 1,West,2,5,0
0,3,7,3,629.9928,3 1,North,2,5,0
0,3,7,2,631.4588,2 1,North,2,5,0
0,3,7,2,632.0101,1 1,North,2,5,0
0,3,7,1,632.5795,1 1,West,2,5,0
0,3,7,2,633.1946,1 0,West,2,5,0
0,3,7,1,633.7635,1 0,South,2,5,0
0,3,7,1,634.5649,1 0,East,2,5,0
0,3,7,2,635.1613,1 1,East,2,5,0
0,3,7,3,635.7504,1 1,South,2,5,0
0,3,7,2,636.467,2 1,South,2,5,0
0,3,7,2,637.0259,3 1,South,2,5,0
0,3,7,3,638.1676,3 1,West,2,5,0
0,3,7,3,638.6771,3 1,North,2,5,0
0,3,7,2,639.2397,2 1,North,2,5,0
0,3,7,2,639.7818,1 1,North,2,5,0
0,3,7,1,640.3466,1 1,West,2,5,0
0,3,7,2,640.8841,1 0,West,2,5,0
0,3,7,1,641.6899,1 0,South,2,5,0
0,3,7,2,642.2455,2 0,South,2,5,0
0,3,7,2,642.8031,3 0,South,2,5,0
0,3,7,2,643.3355,4 0,South,2,5,0
0,3,7,1,643.9453,4 0,East,2,5,0
0,3,7,2,644.5698,4 1,East,2,5,0
0,3,7,6,644.98,4 1,East,2,6,0
0,3,7,1,645.3517,4 1,North,2,6,0
0,3,7,1,646.0247,4 1,West,2,6,0
0,3,7,2,646.6759,4 0,West,2,6,0
0,3,7,3,647.2889,4 0,North,2,6,0
0,3,7,2,647.955,3 0,North,2,6,0
0,3,7,2,648.5038,2 0,North,2,6,0
0,3,7,6,648.88,2 0,North,2,7,0
0,3,7,2,649.2817,1 0,North,2,7,0
0,3,7,3,650.2124,1 0,East,2,7,0
0,3,7,2,651.1696,1 1,East,2,7,0
0,3,7,3,651.7784,1 1,South,2,7,0
0,3,7,2,657.7971,2 1,South,2,7,0
0,3,7,2,658.7923,3 1,South,2,7,0
0,3,7,1,659.4485,3 1,East,2,7,0
0,3,7,2,660.5366,3 2,East,2,7,0
0,3,7,3,661.1063,3 2,South,2,7,0
0,3,7,2,661.667,4 2,South,2,7,0
0,3,7,1,662.1869,4 2,East,2,7,0
0,3,7,2,662.7411,4 3,East,2,7,0
0,3,7,2,663.2874,4 4,East,2,7,0
0,3,7,1,663.8804,4 4,North,2,7,0
0,3,7,2,664.6935,3 4,North,2,7,0
0,3,7,2,665.2532,2 4,North,2,7,0
0,3,7,2,665.78,1 4,North,2,7,0
0,3,7,2,666.3434,0 4,North,2,7,0
0,3,7,1,666.9175,0 4,West,2,7,0
0,3,7,2,667.7397,0 3,West,2,7,0
0,3,7,6,668.14,0 3,West,2,8,0
3,3,7,1,683.2682,4 3,North,2,0,0
3,3,7,2,684.8031,4 3,North,2,0,1
3,3,7,1,685.4598,4 2,North,2,0,1
3,3,7,2,686.3621,3 2,North,2,0,1
3,3,7,1,687.4108,3 1,North,2,0,1
3,3,7,2,688.1522,2 1,North,2,0,1
3,3,7,6,688.54,2 1,North,2,1,1
3,3,7,4,689.2189,3 1,North,2,1,1
3,3,7,3,689.9142,3 2,North,2,1,1
3,3,7,4,690.6132,4 2,North,2,1,1
3,3,7,3,691.2914,4 3,North,2,1,1
3,3,7,3,692.0118,4 4,North,2,1,1
3,3,7,2,692.7884,3 4,North,2,1,1
3,3,7,2,693.4951,2 4,North,2,1,1
3,3,7,2,694.0979,1 4,North,2,1,1
3,3,7,2,694.7477,0 4,North,2,1,1
3,3,7,1,695.396,0 3,North,2,1,1
3,3,7,6,695.8,0 3,North,2,2,1
3,3,7,3,696.0236,0 4,North,2,2,1
3,3,7,4,696.7235,1 4,North,2,2,1
3,3,7,4,697.5764,2 4,North,2,2,1
3,3,7,4,698.1721,3 4,North,2,2,1
3,3,7,4,698.8707,4 4,North,2,2,1
3,3,7,1,699.5554,4 3,North,2,2,1
3,3,7,1,700.6046,4 2,North,2,2,1
3,3,7,2,702.2345,3 2,North,2,2,1
3,3,7,1,704.2365,3 1,North,2,2,1
3,3,7,2,705.0768,2 1,North,2,2,1
3,3,7,2,709.973,1 1,North,2,2,1
3,3,7,1,710.7537,1 0,North,2,2,1
3,3,7,4,711.4477,2 0,North,2,2,1
3,3,7,4,712.0538,3 0,North,2,2,1
3,3,7,4,712.6897,4 0,North,2,2,1
3,3,7,3,713.3145,4 1,North,2,2,1
3,3,7,6,713.72,4 1,North,2,3,1
3,3,7,1,714.0396,4 0,North,2,3,1
3,3,7,2,714.723,3 0,North,2,3,1
3,3,7,2,715.5773,2 0,North,2,3,1
3,3,7,2,718.2155,1 0,North,2,3,1
3,3,7,3,720.3468,1 1,North,2,3,1
3,3,7,2,726.1943,1 1,North,2,3,2
3,3,7,4,727.2997,2 1,North,2,3,2
3,3,7,4,727.8505,3 1,North,2,3,2
3,3,7,3,728.4579,3 2,North,2,3,2
3,3,7,4,729.1142,4 2,North,2,3,2
3,3,7,3,729.8952,4 3,North,2,3,2
3,3,7,3,730.5616,4 4,North,2,3,2
3,3,7,2,731.2429,3 4,North,2,3,2
3,3,7,2,732.0829,2 4,North,2,3,2
3,3,7,2,733.0289,1 4,North,2,3,2
3,3,7,1,733.7701,1 3,North,2,3,2
3,3,7,4,736.2123,2 3,North,2,3,2
3,3,7,1,736.8734,2 2,North,2,3,2
3,3,7,2,737.5316,1 2,North,2,3,2
3,3,7,2,738.5842,0 2,North,2,3,2
3,3,7,6,738.98,0 2,North,2,4,2
3,3,7,4,739.3864,1 2,North,2,4,2
3,3,7,4,740.0065,2 2,North,2,4,2
3,3,7,3,740.6587,2 3,North,2,4,2
3,3,7,2,742.8868,1 3,North,2,4,2
3,3,7,3,743.6377,1 4,North,2,4,2
3,3,7,4,744.5193,2 4,North,2,4,2
3,3,7,4,745.113,3 4,North,2,4,2
3,3,7,4,745.8799,4 4,North,2,4,2
3,3,7,1,746.5317,4 3,North,2,4,2
3,3,7,1,747.1309,4 2,North,2,4,2
3,3,7,2,747.8175,3 2,North,2,4,2
3,3,7,1,748.9326,3 1,North,2,4,2
3,3,7,2,749.6102,2 1,North,2,4,2
3,3,7,2,752.308,1 1,North,2,4,2
3,3,7,1,752.883,1 0,North,2,4,2
3,3,7,4,753.5266,2 0,North,2,4,2
3,3,7,4,754.1007,3 0,North,2,4,2
3,3,7,4,754.7134,4 0,North,2,4,2
3,3,7,6,755.08,4 0,North,2,5,2
3,3,7,2,755.3947,3 0,North,2,5,2
3,3,7,2,757.1457,2 0,North,2,5,2
3,3,7,2,764.4362,1 0,North,2,5,2
3,3,7,3,765.0751,1 1,North,2,5,2
3,3,7,4,765.6834,2 1,North,2,5,2
3,3,7,4,766.308,3 1,North,2,5,2
3,3,7,6,766.66,3 1,North,2,6,2
3,3,7,3,767.6896,3 2,North,2,6,2
3,3,7,4,768.2636,4 2,North,2,6,2
3,3,7,3,768.9185,4 3,North,2,6,2
3,3,7,3,769.5078,4 4,North,2,6,2
3,3,7,2,770.2335,3 4,North,2,6,2
3,3,7,2,770.8986,2 4,North,2,6,2
3,3,7,2,771.4484,1 4,North,2,6,2
3,3,7,6,771.84,1 4,North,2,7,2
3,3,7,4,772.3784,2 4,North,2,7,2
3,3,7,4,773.3831,3 4,North,2,7,2
3,3,7,4,774.059,4 4,North,2,7,2
3,3,7,1,774.8668,4 3,North,2,7,2
3,3,7,1,775.4498,4 2,North,2,7,2
3,3,7,2,776.3626,3 2,North,2,7,2
3,3,7,1,777.0499,3 1,North,2,7,2
3,3,7,2,777.7482,2 1,North,2,7,2
3,3,7,2,778.3703,1 1,North,2,7,2
3,3,7,1,778.9839,1 0,North,2,7,2
3,3,7,6,779.38,1 0,North,2,8,2
0,3,8,2,783.8124,3 4,North,2,0,2
0,3,8,2,784.3445,2 4,North,2,0,2
0,3,8,1,785.2025,2 4,West,2,0,2
0,3,8,3,785.7984,2 4,North,2,0,2
0,3,8,2,786.3699,1 4,North,2,0,2
0,3,8,1,786.9071,1 4,West,2,0,2
0,3,8,3,787.5287,1 4,North,2,0,2
0,3,8,1,788.1191,1 4,West,2,0,2
0,3,8,2,788.7256,1 3,West,2,0,2
0,3,8,1,789.2668,1 3,South,2,0,2
0,3,8,2,789.8155,2 3,South,2,0,2
0,3,8,3,790.4089,2 3,West,2,0,2
0,3,8,2,791.208,2 2,West,2,0,2
0,3,8,3,791.7476,2 2,North,2,0,2
0,3,8,2,792.6638,1 2,North,2,0,2
0,3,8,2,793.204,0 2,North,2,0,2
0,3,8,1,793.7825,0 2,West,2,0,2
0,3,8,1,794.7762,0 2,South,2,0,2
0,3,8,2,795.3649,1 2,South,2,0,2
0,3,8,2,796.1946,2 2,South,2,0,2
0,3,8,1,796.7542,2 2,East,2,0,2
0,3,8,2,797.3355,2 3,East,2,0,2
0,3,8,1,797.8488,2 3,North,2,0,2
0,3,8,2,798.795,1 3,North,2,0,2
0,3,8,3,799.3827,1 3,East,2,0,2
0,3,8,2,799.9578,1 4,East,2,0,2
0,3,8,3,800.5643,1 4,South,2,0,2
0,3,8,2,801.1575,2 4,South,2,0,2
0,3,8,2,801.7365,3 4,South,2,0,2
0,3,8,2,802.5963,4 4,South,2,0,2
0,3,8,3,803.4935,4 4,West,2,0,2
0,3,8,2,804.0086,4 3,West,2,0,2
0,3,8,6,804.42,4 3,West,2,1,2
0,3,8,2,804.742,4 2,West,2,1,2
0,3,8,3,805.3197,4 2,North,2,1,2
0,3,8,2,806.0895,3 2,North,2,1,2
0,3,8,1,806.6768,3 2,West,2,1,2
0,3,8,2,807.2073,3 1,West,2,1,2
0,3,8,3,807.8818,3 1,North,2,1,2
0,3,8,2,808.4527,2 1,North,2,1,2
0,3,8,2,809.308,1 1,North,2,1,2
0,3,8,6,809.68,1 1,North,2,2,2
0,3,8,1,809.9756,1 1,West,2,2,2
0,3,8,2,810.7247,1 0,West,2,2,2
0,3,8,1,811.3848,1 0,South,2,2,2
0,3,8,2,812.1974,2 0,South,2,2,2
0,3,8,2,812.759,3 0,South,2,2,2
0,3,8,2,813.418,4 0,South,2,2,2
0,3,8,1,814.0687,4 0,East,2,2,2
0,3,8,1,814.6,4 0,North,2,2,2
0,3,8,2,815.1274,3 0,North,2,2,2
0,3,8,2,815.7009,2 0,North,2,2,2
0,3,8,2,816.3732,1 0,North,2,2,2
0,3,8,3,816.9684,1 0,East,2,2,2
0,3,8,2,817.5382,1 1,East,2,2,2
0,3,8,3,818.1198,1 1,South,2,2,2
0,3,8,2,818.9167,2 1,South,2,2,2
0,3,8,2,819.9146,3 1,South,2,2,2
0,3,8,1,820.5479,3 1,East,2,2,2
0,3,8,2,821.1717,3 2,East,2,2,2
0,3,8,2,822.088,3 3,East,2,2,2
0,3,8,6,822.5,3 3,East,2,3,2
0,3,8,3,822.8999,3 3,South,2,3,2
0,3,8,3,823.4762,3 3,West,2,3,2
0,3,8,2,824.3422,3 2,West,2,3,2
0,3,8,2,824.9027,3 1,West,2,3,2
0,3,8,3,825.7967,3 1,North,2,3,2
0,3,8,2,826.4066,2 1,North,2,3,2
0,3,8,2,826.9301,1 1,North,2,3,2
0,3,8,1,827.5286,1 1,West,2,3,2
0,3,8,2,828.0889,1 0,West,2,3,2
0,3,8,1,828.6606,1 0,South,2,3,2
0,3,8,2,829.386,2 0,South,2,3,2
0,3,8,2,830.0103,3 0,South,2,3,2
0,3,8,2,830.6659,4 0,South,2,3,2
0,3,8,1,831.5279,4 0,East,2,3,2
0,3,8,1,832.1643,4 0,North,2,3,2
0,3,8,2,832.7751,3 0,North,2,3,2
0,3,8,2,833.3969,2 0,North,2,3,2
0,3,8,2,834.0717,1 0,North,2,3,2
0,3,8,3,834.5964,1 0,East,2,3,2
0,3,8,2,835.4479,1 1,East,2,3,2
0,3,8,3,836.0024,1 1,South,2,3,2
0,3,8,2,836.5794,2 1,South,2,3,2
0,3,8,2,837.091,3 1,South,2,3,2
0,3,8,1,837.7018,3 1,East,2,3,2
0,3,8,2,838.4031,3 2,East,2,3,2
0,3,8,3,839.0023,3 2,South,2,3,2
0,3,8,2,839.6097,4 2,South,2,3,2
0,3,8,1,840.2769,4 2,East,2,3,2
0,3,8,2,840.8735,4 3,East,2,3,2
0,3,8,2,841.4517,4 4,East,2,3,2
0,3,8,1,842.0674,4 4,North,2,3,2
0,3,8,2,842.6649,3 4,North,2,3,2
0,3,8,2,843.258,2 4,North,2,3,2
0,3,8,2,844.201,1 4,North,2,3,2
0,3,8,2,844.7867,0 4,North,2,3,2
0,3,8,1,845.4164,0 4,West,2,3,2
0,3,8,1,845.9739,0 4,South,2,3,2
0,3,8,2,846.5549,1 4,South,2,3,2
0,3,8,3,847.1068,1 4,West,2,3,2
0,3,8,2,847.7487,1 3,West,2,3,2
0,3,8,1,848.3259,1 3,South,2,3,2
0,3,8,2,848.9337,2 3,South,2,3,2
0,3,8,3,849.7146,2 3,West,2,3,2
0,3,8,2,850.3778,2 2,West,2,3,2
0,3,8,3,851.0115,2 2,North,2,3,2
0,3,8,2,851.5259,1 2,North,2,3,2
0,3,8,2,852.1033,0 2,North,2,3,2
0,3,8,1,852.71,0 2,West,2,3,2
0,3,8,2,853.285,0 1,West,2,3,2
0,3,8,6,853.7,0 1,West,2,4,2
0,3,8,1,854.1987,0 1,South,2,4,2
0,3,8,1,854.7296,0 1,East,2,4,2
0,3,8,2,855.3829,0 2,East,2,4,2
0,3,8,3,855.9147,0 2,South,2,4,2
0,3,8,2,856.4361,1 2,South,2,4,2
0,3,8,2,857.046,2 2,South,2,4,2
0,3,8,1,857.5782,2 2,East,2,4,2
0,3,8,2,858.0901,2 3,East,2,4,2
0,3,8,1,858.6417,2 3,North,2,4,2
0,3,8,2,859.6722,1 3,North,2,4,2
0,3,8,3,860.2673,1 3,East,2,4,2
0,3,8,2,860.8729,1 4,East,2,4,2
0,3,8,1,861.4279,1 4,North,2,4,2
0,3,8,1,861.9927,1 4,West,2,4,2
0,3,8,1,862.8846,1 4,South,2,4,2
0,3,8,2,863.4815,2 4,South,2,4,2
0,3,8,2,864.0706,3 4,South,2,4,2
0,3,8,2,864.9192,4 4,South,2,4,2
0,3,8,3,865.4946,4 4,West,2,4,2
0,3,8,2,866.3749,4 3,West,2,4,2
0,3,8,2,866.9315,4 2,West,2,4,2
0,3,8,3,867.481,4 2,North,2,4,2
0,3,8,2,868.373,3 2,North,2,4,2
0,3,8,6,868.76,3 2,North,2,5,2
0,3,8,3,869.2089,3 2,East,2,5,2
0,3,8,3,869.7708,3 2,South,2,5,2
0,3,8,3,870.6147,3 2,West,2,5,2
0,3,8,2,871.1948,3 1,West,2,5,2
0,3,8,3,871.8492,3 1,North,2,5,2
0,3,8,2,872.6916,2 1,North,2,5,2
0,3,8,2,873.2249,1 1,North,2,5,2
0,3,8,1,873.8305,1 1,West,2,5,2
0,3,8,2,874.3723,1 0,West,2,5,2
0,3,8,1,874.9863,1 0,South,2,5,2
0,3,8,2,875.5899,2 0,South,2,5,2
0,3,8,2,876.1202,3 0,South,2,5,2
0,3,8,2,876.7554,4 0,South,2,5,2
0,3,8,1,877.4794,4 0,East,2,5,2
0,3,8,1,878.2971,4 0,North,2,5,2
0,3,8,2,878.8987,3 0,North,2,5,2
0,3,8,2,879.459,2 0,North,2,5,2
0,3,8,2,880.3291,1 0,North,2,5,2
0,3,8,3,881.0126,1 0,East,2,5,2
0,3,8,2,881.6575,1 1,East,2,5,2
0,3,8,3,882.2188,1 1,South,2,5,2
0,3,8,2,882.7872,2 1,South,2,5,2
0,3,8,2,883.3963,3 1,South,2,5,2
0,3,8,1,884.0212,3 1,East,2,5,2
0,3,8,2,884.7601,3 2,East,2,5,2
0,3,8,3,885.3873,3 2,South,2,5,2
0,3,8,2,885.986,4 2,South,2,5,2
0,3,8,1,886.5817,4 2,East,2,5,2
0,3,8,2,887.1462,4 3,East,2,5,2
0,3,8,2,888.1035,4 4,East,2,5,2
0,3,8,1,888.7239,4 4,North,2,5,2
0,3,8,2,889.2715,3 4,North,2,5,2
0,3,8,2,889.8804,2 4,North,2,5,2
0,3,8,2,890.439,1 4,North,2,5,2
0,3,8,2,891.1448,0 4,North,2,5,2
0,3,8,1,891.6917,0 4,West,2,5,2
0,3,8,1,892.2637,0 4,South,2,5,2
0,3,8,2,892.8267,1 4,South,2,5,2
0,3,8,3,893.3862,1 4,West,2,5,2
0,3,8,2,893.9574,1 3,West,2,5,2
0,3,8,1,894.53,1 3,South,2,5,2
0,3,8,2,895.0892,2 3,South,2,5,2
0,3,8,6,895.48,2 3,South,2,6,2
0,3,8,3,895.7205,2 3,West,2,6,2
0,3,8,2,896.6433,2 2,West,2,6,2
0,3,8,3,897.2521,2 2,North,2,6,2
0,3,8,2,897.7856,1 2,North,2,6,2
0,3,8,2,898.3557,0 2,North,2,6,2
0,3,8,1,898.9984,0 2,West,2,6,2
0,3,8,1,899.5557,0 2,South,2,6,2
0,3,8,2,900.1661,1 2,South,2,6,2
0,3,8,2,900.9189,2 2,South,2,6,2
0,3,8,1,901.4902,2 2,East,2,6,2
0,3,8,2,902.0023,2 3,East,2,6,2
0,3,8,1,902.5536,2 3,North,2,6,2
0,3,8,2,903.1456,1 3,North,2,6,2
0,3,8,3,903.7202,1 3,East,2,6,2
0,3,8,2,904.245,1 4,East,2,6,2
0,3,8,1,904.8391,1 4,North,2,6,2
0,3,8,1,905.8104,1 4,West,2,6,2
0,3,8,1,906.5059,1 4,South,2,6,2
0,3,8,2,907.1404,2 4,South,2,6,2
0,3,8,2,907.7188,3 4,South,2,6,2
0,3,8,2,908.2792,4 4,South,2,6,2
0,3,8,3,908.8726,4 4,West,2,6,2
0,3,8,2,909.4301,4 3,West,2,6,2
0,3,8,2,910.3231,4 2,West,2,6,2
0,3,8,3,910.9214,4 2,North,2,6,2
0,3,8,2,911.6028,3 2,North,2,6,2
0,3,8,3,912.2322,3 2,East,2,6,2
0,3,8,1,913.0422,3 2,North,2,6,2
0,3,8,1,913.6115,3 2,West,2,6,2
0,3,8,2,914.2004,3 1,West,2,6,2
0,3,8,3,914.7626,3 1,North,2,6,2
0,3,8,2,915.2856,2 1,North,2,6,2
0,3,8,2,915.9919,1 1,North,2,6,2
0,3,8,1,916.5977,1 1,West,2,6,2
0,3,8,2,917.2237,1 0,West,2,6,2
0,3,8,1,917.8118,1 0,South,2,6,2
0,3,8,2,918.34,2 0,South,2,6,2
0,3,8,2,919.1731,3 0,South,2,6,2
0,3,8,6,919.56,3 0,South,2,7,2
0,3,8,2,919.8303,4 0,South,2,7,2
0,3,8,1,920.581,4 0,East,2,7,2
0,3,8,1,921.1578,4 0,North,2,7,2
0,3,8,2,921.7324,3 0,North,2,7,2
0,3,8,2,922.2935,2 0,North,2,7,2
0,3,8,2,922.852,1 0,North,2,7,2
0,3,8,3,923.4667,1 0,East,2,7,2
0,3,8,2,924.3614,1 1,East,2,7,2
0,3,8,3,924.9641,1 1,South,2,7,2
0,3,8,2,925.5065,2 1,South,2,7,2
0,3,8,2,926.0191,3 1,South,2,7,2
0,3,8,1,926.9016,3 1,East,2,7,2
0,3,8,2,927.4607,3 2,East,2,7,2
0,3,8,3,928.119,3 2,South,2,7,2
0,3,8,2,928.7749,4 2,South,2,7,2
0,3,8,1,929.4465,4 2,East,2,7,2
0,3,8,2,929.9948,4 3,East,2,7,2
0,3,8,2,930.5341,4 4,East,2,7,2
0,3,8,1,931.1292,4 4,North,2,7,2
0,3,8,2,931.66,3 4,North,2,7,2
0,3,8,2,932.2003,2 4,North,2,7,2
0,3,8,2,932.8536,1 4,North,2,7,2
0,3,8,1,933.5258,1 4,West,2,7,2
0,3,8,2,934.4707,1 3,West,2,7,2
0,3,8,1,935.129,1 3,South,2,7,2
0,3,8,2,935.7477,2 3,South,2,7,2
0,3,8,3,936.3391,2 3,West,2,7,2
0,3,8,2,937.3948,2 2,West,2,7,2
0,3,8,6,937.8,2 2,West,2,8,2
3,3,8,1,942.0112,4 3,North,2,0,0
3,3,8,1,942.8393,4 2,North,2,0,0
3,3,8,2,944.3705,3 2,North,2,0,0
3,3,8,1,944.9465,3 1,North,2,0,0
3,3,8,2,945.5447,2 1,North,2,0,0
3,3,8,2,946.9488,1 1,North,2,0,0
3,3,8,1,947.4608,1 0,North,2,0,0
3,3,8,4,948.0413,2 0,North,2,0,0
3,3,8,4,948.6172,3 0,North,2,0,0
3,3,8,6,948.98,3 0,North,2,1,0
3,3,8,2,949.2673,2 0,North,2,1,0
3,3,8,2,949.7987,1 0,North,2,1,0
3,3,8,3,950.7894,1 1,North,2,1,0
3,3,8,4,952.4276,2 1,North,2,1,0
3,3,8,4,953.0634,3 1,North,2,1,0
3,3,8,3,953.6841,3 2,North,2,1,0
3,3,8,4,954.2917,4 2,North,2,1,0
3,3,8,3,954.8257,4 3,North,2,1,0
3,3,8,6,955.22,4 3,North,2,2,0
3,3,8,1,955.7348,4 2,North,2,2,0
3,3,8,2,956.3228,3 2,North,2,2,0
3,3,8,6,956.7,3 2,North,2,3,0
3,3,8,4,957.1605,4 2,North,2,3,0
3,3,8,3,957.7362,4 3,North,2,3,0
3,3,8,3,958.3644,4 4,North,2,3,0
3,3,8,2,958.9055,3 4,North,2,3,0
3,3,8,2,959.572,2 4,North,2,3,0
3,3,8,2,960.2271,1 4,North,2,3,0
3,3,8,2,960.9545,0 4,North,2,3,0
3,3,8,6,961.34,0 4,North,2,4,0
3,3,8,4,961.7644,1 4,North,2,4,0
3,3,8,4,962.3785,2 4,North,2,4,0
3,3,8,4,963.028,3 4,North,2,4,0
3,3,8,4,963.5884,4 4,North,2,4,0
3,3,8,1,964.2292,4 3,North,2,4,0
3,3,8,1,965.1915,4 2,North,2,4,0
3,3,8,2,965.8146,3 2,North,2,4,0
3,3,8,3,966.4547,3 3,North,2,4,0
3,3,8,6,966.86,3 3,North,2,5,0
3,3,8,1,967.2817,3 2,North,2,5,0
3,3,8,4,969.6381,4 2,North,2,5,0
3,3,8,3,970.2949,4 3,North,2,5,0
3,3,8,3,970.8978,4 4,North,2,5,0
3,3,8,2,971.5071,3 4,North,2,5,0
3,3,8,2,972.0845,2 4,North,2,5,0
3,3,8,2,972.6902,1 4,North,2,5,0
3,3,8,1,973.3071,1 3,North,2,5,0
3,3,8,4,974.153,2 3,North,2,5,0
3,3,8,1,974.7629,2 2,North,2,5,0
3,3,8,6,975.16,2 2,North,2,6,0
3,3,8,3,975.579,2 3,North,2,6,0
3,3,8,2,976.4842,1 3,North,2,6,0
3,3,8,3,977.1309,1 4,North,2,6,0
3,3,8,4,977.8466,2 4,North,2,6,0
3,3,8,4,978.5165,3 4,North,2,6,0
3,3,8,6,978.88,3 4,North,2,7,0
3,3,8,2,979.33,2 4,North,2,7,0
3,3,8,2,980.0245,1 4,North,2,7,0
3,3,8,1,980.6933,1 3,North,2,7,0
3,3,8,4,981.5943,2 3,North,2,7,0
3,3,8,1,982.2503,2 2,North,2,7,0
3,3,8,2,983.0746,1 2,North,2,7,0
3,3,8,6,983.46,1 2,North,2,8,0
0,3,9,2,986.9653,3 4,North,2,0,0
0,3,9,6,987.34,3 4,North,2,1,0
0,3,9,2,987.4774,2 4,North,2,1,0
0,3,9,2,988.0046,1 4,North,2,1,0
0,3,9,1,988.5967,1 4,West,2,1,0
0,3,9,2,989.2053,1 3,West,2,1,0
0,3,9,1,989.7532,1 3,South,2,1,0
0,3,9,2,990.5002,2 3,South,2,1,0
0,3,9,3,991.0333,2 3,West,2,1,0
0,3,9,2,991.5927,2 2,West,2,1,0
0,3,9,3,992.1342,2 2,North,2,1,0
0,3,9,2,992.7418,1 2,North,2,1,0
0,3,9,2,993.285,0 2,North,2,1,0
0,3,9,6,993.66,0 2,North,2,2,0
0,3,9,1,993.8934,0 2,West,2,2,0
0,3,9,1,994.4507,0 2,South,2,2,0
0,3,9,2,995.0295,1 2,South,2,2,0
0,3,9,2,995.6033,2 2,South,2,2,0
0,3,9,1,996.1817,2 2,East,2,2,0
0,3,9,2,996.7289,2 3,East,2,2,0
0,3,9,1,997.3173,2 3,North,2,2,0
0,3,9,2,997.9903,1 3,North,2,2,0
0,3,9,3,998.5843,1 3,East,2,2,0
0,3,9,2,999.2235,1 4,East,2,2,0
0,3,9,1,999.9286,1 4,North,2,2,0
0,3,9,1,1000.938,1 4,West,2,2,0
0,3,9,1,1001.541,1 4,South,2,2,0
0,3,9,2,1002.165,2 4,South,2,2,0
0,3,9,2,1003.048,3 4,South,2,2,0
0,3,9,2,1003.623,4 4,South,2,2,0
0,3,9,3,1004.281,4 4,West,2,2,0
0,3,9,2,1004.869,4 3,West,2,2,0
0,3,9,2,1005.529,4 2,West,2,2,0
0,3,9,3,1006.132,4 2,North,2,2,0
0,3,9,2,1006.644,3 2,North,2,2,0
0,3,9,3,1007.224,3 2,East,2,2,0
0,3,9,1,1007.734,3 2,North,2,2,0
0,3,9,1,1008.263,3 2,West,2,2,0
0,3,9,2,1008.937,3 1,West,2,2,0
0,3,9,3,1009.641,3 1,North,2,2,0
0,3,9,2,1010.21,2 1,North,2,2,0
0,3,9,2,1011.124,1 1,North,2,2,0
0,3,9,1,1011.73,1 1,West,2,2,0
0,3,9,2,1012.486,1 0,West,2,2,0
0,3,9,1,1013.11,1 0,South,2,2,0
0,3,9,2,1013.714,2 0,South,2,2,0
0,3,9,2,1014.311,3 0,South,2,2,0
0,3,9,2,1015.157,4 0,South,2,2,0
0,3,9,6,1015.54,4 0,South,2,3,0
0,3,9,1,1015.829,4 0,East,2,3,0
0,3,9,1,1016.342,4 0,North,2,3,0
0,3,9,2,1016.855,3 0,North,2,3,0
0,3,9,2,1017.427,2 0,North,2,3,0
0,3,9,2,1018.04,1 0,North,2,3,0
0,3,9,3,1018.629,1 0,East,2,3,0
0,3,9,2,1019.235,1 1,East,2,3,0
0,3,9,3,1019.769,1 1,South,2,3,0
0,3,9,2,1020.3,2 1,South,2,3,0
0,3,9,2,1020.851,3 1,South,2,3,0
0,3,9,1,1021.475,3 1,East,2,3,0
0,3,9,2,1022.004,3 2,East,2,3,0
0,3,9,3,1022.63,3 2,South,2,3,0
0,3,9,2,1023.218,4 2,South,2,3,0
0,3,9,1,1023.795,4 2,East,2,3,0
0,3,9,2,1024.313,4 3,East,2,3,0
0,3,9,2,1024.955,4 4,East,2,3,0
0,3,9,1,1025.512,4 4,North,2,3,0
0,3,9,2,1026.537,3 4,North,2,3,0
0,3,9,2,1027.428,2 4,North,2,3,0
0,3,9,2,1028.027,1 4,North,2,3,0
0,3,9,6,1028.4,1 4,North,2,4,0
0,3,9,1,1028.82,1 4,West,2,4,0
0,3,9,1,1029.714,1 4,South,2,4,0
0,3,9,3,1030.276,1 4,West,2,4,0
0,3,9,2,1030.807,1 3,West,2,4,0
0,3,9,1,1031.401,1 3,South,2,4,0
0,3,9,2,1031.948,2 3,South,2,4,0
0,3,9,3,1032.458,2 3,West,2,4,0
0,3,9,2,1033.018,2 2,West,2,4,0
0,3,9,3,1033.542,2 2,North,2,4,0
0,3,9,2,1034.396,1 2,North,2,4,0
0,3,9,2,1034.996,0 2,North,2,4,0
0,3,9,1,1035.637,0 2,West,2,4,0
0,3,9,2,1036.261,0 1,West,2,4,0
0,3,9,2,1036.84,0 0,West,2,4,0
0,3,9,6,1037.24,0 0,West,2,5,0
0,3,9,3,1037.497,0 0,North,2,5,0
0,3,9,3,1038.07,0 0,East,2,5,0
0,3,9,2,1038.617,0 1,East,2,5,0
0,3,9,2,1039.157,0 2,East,2,5,0
0,3,9,3,1039.687,0 2,South,2,5,0
0,3,9,2,1040.489,1 2,South,2,5,0
0,3,9,2,1041.452,2 2,South,2,5,0
0,3,9,1,1042.04,2 2,East,2,5,0
0,3,9,2,1042.676,2 3,East,2,5,0
0,3,9,1,1043.206,2 3,North,2,5,0
0,3,9,2,1043.803,1 3,North,2,5,0
0,3,9,6,1044.18,1 3,North,2,6,0
0,3,9,3,1044.374,1 3,East,2,6,0
0,3,9,2,1044.929,1 4,East,2,6,0
0,3,9,3,1045.572,1 4,South,2,6,0
0,3,9,2,1046.405,2 4,South,2,6,0
0,3,9,6,1046.78,2 4,South,2,7,0
0,3,9,2,1047.003,3 4,South,2,7,0
0,3,9,2,1047.957,4 4,South,2,7,0
0,3,9,3,1048.47,4 4,West,2,7,0
0,3,9,2,1049.015,4 3,West,2,7,0
0,3,9,2,1049.574,4 2,West,2,7,0
0,3,9,3,1050.408,4 2,North,2,7,0
0,3,9,2,1050.936,3 2,North,2,7,0
0,3,9,3,1051.494,3 2,East,2,7,0
0,3,9,1,1052.09,3 2,North,2,7,0
0,3,9,1,1052.86,3 2,West,2,7,0
0,3,9,2,1053.417,3 1,West,2,7,0
0,3,9,3,1054.007,3 1,North,2,7,0
0,3,9,2,1054.563,2 1,North,2,7,0
0,3,9,2,1055.115,1 1,North,2,7,0
0,3,9,1,1055.978,1 1,West,2,7,0
0,3,9,2,1056.648,1 0,West,2,7,0
0,3,9,1,1057.222,1 0,South,2,7,0
0,3,9,2,1057.801,2 0,South,2,7,0
0,3,9,2,1058.441,3 0,South,2,7,0
0,3,9,2,1059.044,4 0,South,2,7,0
0,3,9,1,1059.608,4 0,East,2,7,0
0,3,9,1,1060.216,4 0,North,2,7,0
0,3,9,2,1060.758,3 0,North,2,7,0
0,3,9,2,1061.33,2 0,North,2,7,0
0,3,9,2,1062.116,1 0,North,2,7,0
0,3,9,3,1062.711,1 0,East,2,7,0
0,3,9,2,1063.394,1 1,East,2,7,0
0,3,9,3,1063.994,1 1,South,2,7,0
0,3,9,2,1064.773,2 1,South,2,7,0
0,3,9,2,1065.624,3 1,South,2,7,0
0,3,9,1,1066.18,3 1,East,2,7,0
0,3,9,2,1066.806,3 2,East,2,7,0
0,3,9,3,1067.383,3 2,South,2,7,0
0,3,9,2,1067.97,4 2,South,2,7,0
0,3,9,1,1068.631,4 2,East,2,7,0
0,3,9,2,1069.226,4 3,East,2,7,0
0,3,9,2,1069.763,4 4,East,2,7,0
0,3,9,1,1070.375,4 4,North,2,7,0
0,3,9,2,1071.018,3 4,North,2,7,0
0,3,9,2,1071.772,2 4,North,2,7,0
0,3,9,2,1072.537,1 4,North,2,7,0
0,3,9,2,1073.331,0 4,North,2,7,0
0,3,9,6,1073.7,0 4,North,2,8,0
3,3,9,2,1077.35,3 4,North,2,0,0
3,3,9,2,1078.298,2 4,North,2,0,0
3,3,9,6,1078.68,2 4,North,2,1,0
3,3,9,2,1079.435,1 4,North,2,1,0
3,3,9,1,1082.789,1 3,North,2,1,0
3,3,9,6,1083.18,1 3,North,2,2,0
3,3,9,3,1083.878,1 4,North,2,2,0
3,3,9,1,1085.108,1 3,North,2,2,0
3,3,9,4,1085.779,2 3,North,2,2,0
3,3,9,1,1086.931,2 2,North,2,2,0
3,3,9,2,1088.329,1 2,North,2,2,0
3,3,9,2,1089.255,0 2,North,2,2,0
3,3,9,1,1089.995,0 1,North,2,2,0
3,3,9,1,1090.599,0 0,North,2,2,0
3,3,9,6,1091,0 0,North,2,3,0
3,3,9,3,1091.323,0 1,North,2,3,0
3,3,9,3,1091.907,0 2,North,2,3,0
3,3,9,4,1092.489,1 2,North,2,3,0
3,3,9,4,1093.091,2 2,North,2,3,0
3,3,9,3,1093.691,2 3,North,2,3,0
3,3,9,2,1094.37,1 3,North,2,3,0
3,3,9,3,1095.047,1 4,North,2,3,0
3,3,9,4,1095.655,2 4,North,2,3,0
3,3,9,4,1096.211,3 4,North,2,3,0
3,3,9,4,1096.788,4 4,North,2,3,0
3,3,9,1,1097.35,4 3,North,2,3,0
3,3,9,1,1097.906,4 2,North,2,3,0
3,3,9,6,1098.3,4 2,North,2,4,0
3,3,9,2,1098.947,3 2,North,2,4,0
3,3,9,1,1100.052,3 1,North,2,4,0
3,3,9,2,1100.731,2 1,North,2,4,0
3,3,9,2,1101.382,1 1,North,2,4,0
3,3,9,1,1102.006,1 0,North,2,4,0
3,3,9,4,1102.627,2 0,North,2,4,0
3,3,9,6,1103,2 0,North,2,5,0
3,3,9,2,1103.318,1 0,North,2,5,0
3,3,9,3,1103.895,1 1,North,2,5,0
3,3,9,4,1104.474,2 1,North,2,5,0
3,3,9,4,1105.062,3 1,North,2,5,0
3,3,9,3,1105.639,3 2,North,2,5,0
3,3,9,4,1106.155,4 2,North,2,5,0
3,3,9,3,1106.762,4 3,North,2,5,0
3,3,9,3,1107.338,4 4,North,2,5,0
3,3,9,2,1107.988,3 4,North,2,5,0
3,3,9,2,1108.549,2 4,North,2,5,0
3,3,9,2,1109.176,1 4,North,2,5,0
3,3,9,1,1109.971,1 3,North,2,5,0
3,3,9,4,1110.588,2 3,North,2,5,0
3,3,9,1,1111.241,2 2,North,2,5,0
3,3,9,2,1112.808,1 2,North,2,5,0
3,3,9,2,1113.527,0 2,North,2,5,0
3,3,9,1,1114.194,0 1,North,2,5,0
3,3,9,6,1114.6,0 1,North,2,6,0
3,3,9,3,1114.899,0 2,North,2,6,0
3,3,9,6,1115.3,0 2,North,2,7,0
3,3,9,4,1115.922,1 2,North,2,7,0
3,3,9,4,1116.546,2 2,North,2,7,0
3,3,9,3,1117.46,2 3,North,2,7,0
3,3,9,2,1118.566,1 3,North,2,7,0
3,3,9,3,1119.241,1 4,North,2,7,0
3,3,9,4,1119.893,2 4,North,2,7,0
3,3,9,4,1120.759,3 4,North,2,7,0
3,3,9,4,1121.398,4 4,North,2,7,0
3,3,9,1,1122.082,4 3,North,2,7,0
3,3,9,1,1122.691,4 2,North,2,7,0
3,3,9,2,1123.267,3 2,North,2,7,0
3,3,9,1,1123.895,3 1,North,2,7,0
3,3,9,2,1124.554,2 1,North,2,7,0
3,3,9,2,1125.172,1 1,North,2,7,0
3,3,9,6,1125.56,1 1,North,2,8,0
0,4,10,2,1129.493,3 4,North,2,0,0
0,4,10,2,1130.346,2 4,North,2,0,0
0,4,10,2,1130.904,1 4,North,2,0,0
0,4,10,1,1131.462,1 4,West,2,0,0
0,4,10,2,1132.066,1 3,West,2,0,0
0,4,10,1,1132.616,1 3,South,2,0,0
0,4,10,2,1133.206,2 3,South,2,0,0
0,4,10,3,1133.736,2 3,West,2,0,0
0,4,10,2,1134.342,2 2,West,2,0,0
0,4,10,3,1134.9,2 2,North,2,0,0
0,4,10,2,1135.492,1 2,North,2,0,0
0,4,10,2,1136.068,0 2,North,2,0,0
0,4,10,1,1136.627,0 2,West,2,0,0
0,4,10,1,1137.237,0 2,South,2,0,0
0,4,10,2,1137.83,1 2,South,2,0,0
0,4,10,2,1138.39,2 2,South,2,0,0
0,4,10,1,1138.953,2 2,East,2,0,0
0,4,10,2,1139.562,2 3,East,2,0,0
0,4,10,1,1140.121,2 3,North,2,0,0
0,4,10,2,1140.774,1 3,North,2,0,0
0,4,10,3,1141.368,1 3,East,2,0,0
0,4,10,2,1141.99,1 4,East,2,0,0
0,4,10,3,1142.586,1 4,South,2,0,0
0,4,10,2,1143.177,2 4,South,2,0,0
0,4,10,2,1143.783,3 4,South,2,0,0
0,4,10,2,1144.341,4 4,South,2,0,0
0,4,10,3,1144.938,4 4,West,2,0,0
0,4,10,2,1145.542,4 3,West,2,0,0
0,4,10,6,1145.96,4 3,West,2,1,0
0,4,10,2,1146.211,4 2,West,2,1,0
0,4,10,3,1146.836,4 2,North,2,1,0
0,4,10,2,1147.574,3 2,North,2,1,0
0,4,10,3,1148.227,3 2,East,2,1,0
0,4,10,3,1148.872,3 2,South,2,1,0
0,4,10,1,1149.432,3 2,East,2,1,0
0,4,10,1,1150.242,3 2,North,2,1,0
0,4,10,1,1150.822,3 2,West,2,1,0
0,4,10,2,1151.413,3 1,West,2,1,0
0,4,10,3,1152.042,3 1,North,2,1,0
0,4,10,2,1152.631,2 1,North,2,1,0
0,4,10,2,1153.145,1 1,North,2,1,0
0,4,10,1,1153.72,1 1,West,2,1,0
0,4,10,2,1154.328,1 0,West,2,1,0
0,4,10,1,1154.887,1 0,South,2,1,0
0,4,10,2,1155.492,2 0,South,2,1,0
0,4,10,2,1156.098,3 0,South,2,1,0
0,4,10,2,1156.779,4 0,South,2,1,0
0,4,10,1,1157.318,4 0,East,2,1,0
0,4,10,1,1157.896,4 0,North,2,1,0
0,4,10,2,1158.47,3 0,North,2,1,0
0,4,10,2,1159.109,2 0,North,2,1,0
0,4,10,2,1159.848,1 0,North,2,1,0
0,4,10,3,1160.57,1 0,East,2,1,0
0,4,10,2,1161.188,1 1,East,2,1,0
0,4,10,3,1161.733,1 1,South,2,1,0
0,4,10,2,1162.455,2 1,South,2,1,0
0,4,10,2,1162.999,3 1,South,2,1,0
0,4,10,1,1163.623,3 1,East,2,1,0
0,4,10,2,1164.183,3 2,East,2,1,0
0,4,10,3,1164.79,3 2,South,2,1,0
0,4,10,2,1165.4,4 2,South,2,1,0
0,4,10,1,1166.035,4 2,East,2,1,0
0,4,10,2,1166.601,4 3,East,2,1,0
0,4,10,2,1167.218,4 4,East,2,1,0
0,4,10,1,1167.764,4 4,North,2,1,0
0,4,10,2,1168.323,3 4,North,2,1,0
0,4,10,2,1168.882,2 4,North,2,1,0
0,4,10,2,1169.49,1 4,North,2,1,0
0,4,10,1,1170.114,1 4,West,2,1,0
0,4,10,2,1171.08,1 3,West,2,1,0
0,4,10,1,1171.642,1 3,South,2,1,0
0,4,10,2,1172.25,2 3,South,2,1,0
0,4,10,3,1172.823,2 3,West,2,1,0
0,4,10,2,1173.428,2 2,West,2,1,0
0,4,10,3,1173.96,2 2,North,2,1,0
0,4,10,2,1174.485,1 2,North,2,1,0
0,4,10,2,1175.027,0 2,North,2,1,0
0,4,10,1,1175.604,0 2,West,2,1,0
0,4,10,2,1176.507,0 1,West,2,1,0
0,4,10,2,1177.029,0 0,West,2,1,0
0,4,10,6,1177.44,0 0,West,2,2,0
0,4,10,3,1177.722,0 0,North,2,2,0
0,4,10,3,1178.328,0 0,East,2,2,0
0,4,10,2,1178.885,0 1,East,2,2,0
0,4,10,2,1179.499,0 2,East,2,2,0
0,4,10,3,1180.457,0 2,South,2,2,0
0,4,10,2,1181.002,1 2,South,2,2,0
0,4,10,2,1181.556,2 2,South,2,2,0
0,4,10,1,1182.472,2 2,East,2,2,0
0,4,10,2,1183.033,2 3,East,2,2,0
0,4,10,6,1183.44,2 3,East,2,3,0
0,4,10,1,1183.559,2 3,North,2,3,0
0,4,10,1,1184.165,2 3,West,2,3,0
0,4,10,2,1184.677,2 2,West,2,3,0
0,4,10,3,1185.256,2 2,North,2,3,0
0,4,10,2,1186.121,1 2,North,2,3,0
0,4,10,2,1187.035,0 2,North,2,3,0
0,4,10,1,1187.634,0 2,West,2,3,0
0,4,10,1,1188.523,0 2,South,2,3,0
0,4,10,2,1189.122,1 2,South,2,3,0
0,4,10,2,1189.672,2 2,South,2,3,0
0,4,10,1,1190.311,2 2,East,2,3,0
0,4,10,2,1191.032,2 3,East,2,3,0
0,4,10,1,1191.573,2 3,North,2,3,0
0,4,10,2,1192.124,1 3,North,2,3,0
0,4,10,3,1192.76,1 3,East,2,3,0
0,4,10,2,1193.639,1 4,East,2,3,0
0,4,10,1,1194.233,1 4,North,2,3,0
0,4,10,1,1194.875,1 4,West,2,3,0
0,4,10,1,1195.564,1 4,South,2,3,0
0,4,10,2,1196.245,2 4,South,2,3,0
0,4,10,2,1196.844,3 4,South,2,3,0
0,4,10,6,1197.22,3 4,South,2,4,0
0,4,10,2,1197.379,4 4,South,2,4,0
0,4,10,3,1197.928,4 4,West,2,4,0
0,4,10,2,1198.459,4 3,West,2,4,0
0,4,10,2,1199.286,4 2,West,2,4,0
0,4,10,3,1200.165,4 2,North,2,4,0
0,4,10,2,1200.722,3 2,North,2,4,0
0,4,10,1,1201.399,3 2,West,2,4,0
0,4,10,2,1201.976,3 1,West,2,4,0
0,4,10,3,1202.58,3 1,North,2,4,0
0,4,10,2,1203.419,2 1,North,2,4,0
0,4,10,6,1203.8,2 1,North,2,5,0
0,4,10,2,1204.026,1 1,North,2,5,0
0,4,10,1,1204.567,1 1,West,2,5,0
0,4,10,2,1205.16,1 0,West,2,5,0
0,4,10,1,1205.767,1 0,South,2,5,0
0,4,10,2,1206.677,2 0,South,2,5,0
0,4,10,2,1207.318,3 0,South,2,5,0
0,4,10,2,1207.941,4 0,South,2,5,0
0,4,10,1,1208.488,4 0,East,2,5,0
0,4,10,1,1209.015,4 0,North,2,5,0
0,4,10,2,1209.748,3 0,North,2,5,0
0,4,10,2,1210.263,2 0,North,2,5,0
0,4,10,2,1211.143,1 0,North,2,5,0
0,4,10,3,1211.717,1 0,East,2,5,0
0,4,10,2,1212.26,1 1,East,2,5,0
0,4,10,3,1212.84,1 1,South,2,5,0
0,4,10,2,1213.579,2 1,South,2,5,0
0,4,10,2,1214.216,3 1,South,2,5,0
0,4,10,1,1214.851,3 1,East,2,5,0
0,4,10,2,1215.417,3 2,East,2,5,0
0,4,10,2,1215.987,3 3,East,2,5,0
0,4,10,6,1216.4,3 3,East,2,6,0
0,4,10,3,1216.525,3 3,South,2,6,0
0,4,10,3,1217.347,3 3,West,2,6,0
0,4,10,2,1217.924,3 2,West,2,6,0
0,4,10,2,1218.519,3 1,West,2,6,0
0,4,10,3,1219.113,3 1,North,2,6,0
0,4,10,2,1219.624,2 1,North,2,6,0
0,4,10,2,1220.213,1 1,North,2,6,0
0,4,10,1,1220.743,1 1,West,2,6,0
0,4,10,2,1221.369,1 0,West,2,6,0
0,4,10,1,1222.23,1 0,South,2,6,0
0,4,10,2,1222.825,2 0,South,2,6,0
0,4,10,6,1223.2,2 0,South,2,7,0
0,4,10,2,1223.46,3 0,South,2,7,0
0,4,10,1,1224.101,3 0,East,2,7,0
0,4,10,1,1224.757,3 0,North,2,7,0
0,4,10,2,1225.315,2 0,North,2,7,0
0,4,10,2,1225.923,1 0,North,2,7,0
0,4,10,3,1226.635,1 0,East,2,7,0
0,4,10,2,1227.24,1 1,East,2,7,0
0,4,10,3,1227.844,1 1,South,2,7,0
0,4,10,2,1228.547,2 1,South,2,7,0
0,4,10,2,1229.097,3 1,South,2,7,0
0,4,10,1,1229.704,3 1,East,2,7,0
0,4,10,2,1230.548,3 2,East,2,7,0
0,4,10,3,1231.366,3 2,South,2,7,0
0,4,10,2,1231.995,4 2,South,2,7,0
0,4,10,1,1232.601,4 2,East,2,7,0
0,4,10,2,1233.222,4 3,East,2,7,0
0,4,10,2,1233.769,4 4,East,2,7,0
0,4,10,1,1234.395,4 4,North,2,7,0
0,4,10,2,1234.933,3 4,North,2,7,0
0,4,10,2,1235.448,2 4,North,2,7,0
0,4,10,2,1236.026,1 4,North,2,7,0
0,4,10,1,1236.594,1 4,West,2,7,0
0,4,10,1,1237.495,1 4,South,2,7,0
0,4,10,3,1238.005,1 4,West,2,7,0
0,4,10,2,1238.553,1 3,West,2,7,0
0,4,10,1,1239.142,1 3,South,2,7,0
0,4,10,2,1239.702,2 3,South,2,7,0
0,4,10,3,1240.548,2 3,West,2,7,0
0,4,10,2,1241.14,2 2,West,2,7,0
0,4,10,6,1241.56,2 2,West,2,8,0
3,4,10,2,1247.063,3 4,North,2,0,0
3,4,10,2,1248.009,2 4,North,2,0,0
3,4,10,2,1248.596,1 4,North,2,0,0
3,4,10,1,1249.193,1 3,North,2,0,0
3,4,10,4,1249.781,2 3,North,2,0,0
3,4,10,1,1250.395,2 2,North,2,0,0
3,4,10,2,1250.95,1 2,North,2,0,0
3,4,10,2,1251.556,0 2,North,2,0,0
3,4,10,1,1252.149,0 1,North,2,0,0
3,4,10,1,1252.723,0 0,North,2,0,0
3,4,10,6,1253.12,0 0,North,2,1,0
3,4,10,3,1253.35,0 1,North,2,1,0
3,4,10,3,1253.923,0 2,North,2,1,0
3,4,10,4,1254.486,1 2,North,2,1,0
3,4,10,4,1255.047,2 2,North,2,1,0
3,4,10,6,1255.4,2 2,North,2,2,0
3,4,10,3,1255.638,2 3,North,2,2,0
3,4,10,2,1256.713,1 3,North,2,2,0
3,4,10,3,1257.309,1 4,North,2,2,0
3,4,10,4,1257.91,2 4,North,2,2,0
3,4,10,4,1258.516,3 4,North,2,2,0
3,4,10,4,1259.11,4 4,North,2,2,0
3,4,10,1,1259.682,4 3,North,2,2,0
3,4,10,1,1260.2,4 2,North,2,2,0
3,4,10,2,1260.723,3 2,North,2,2,0
3,4,10,3,1261.317,3 3,North,2,2,0
3,4,10,6,1261.72,3 3,North,2,3,0
3,4,10,1,1262.153,3 2,North,2,3,0
3,4,10,1,1262.722,3 1,North,2,3,0
3,4,10,2,1263.299,2 1,North,2,3,0
3,4,10,2,1263.928,1 1,North,2,3,0
3,4,10,1,1264.534,1 0,North,2,3,0
3,4,10,4,1265.148,2 0,North,2,3,0
3,4,10,6,1265.52,2 0,North,2,4,0
3,4,10,2,1265.917,1 0,North,2,4,0
3,4,10,3,1266.9,1 1,North,2,4,0
3,4,10,4,1267.51,2 1,North,2,4,0
3,4,10,4,1268.115,3 1,North,2,4,0
3,4,10,3,1268.746,3 2,North,2,4,0
3,4,10,4,1269.332,4 2,North,2,4,0
3,4,10,3,1269.865,4 3,North,2,4,0
3,4,10,3,1270.505,4 4,North,2,4,0
3,4,10,2,1271.159,3 4,North,2,4,0
3,4,10,2,1271.783,2 4,North,2,4,0
3,4,10,2,1272.315,1 4,North,2,4,0
3,4,10,2,1273.033,0 4,North,2,4,0
3,4,10,4,1273.991,1 4,North,2,4,0
3,4,10,2,1274.891,0 4,North,2,4,0
3,4,10,1,1275.613,0 3,North,2,4,0
3,4,10,6,1276.02,0 3,North,2,5,0
3,4,10,3,1276.212,0 4,North,2,5,0
3,4,10,4,1277.126,1 4,North,2,5,0
3,4,10,4,1277.719,2 4,North,2,5,0
3,4,10,4,1278.265,3 4,North,2,5,0
3,4,10,4,1279.181,4 4,North,2,5,0
3,4,10,1,1279.794,4 3,North,2,5,0
3,4,10,1,1280.394,4 2,North,2,5,0
3,4,10,2,1280.949,3 2,North,2,5,0
3,4,10,1,1281.484,3 1,North,2,5,0
3,4,10,2,1282.362,2 1,North,2,5,0
3,4,10,2,1282.962,1 1,North,2,5,0
3,4,10,1,1283.62,1 0,North,2,5,0
3,4,10,6,1284.02,1 0,North,2,6,0
3,4,10,3,1284.393,1 1,North,2,6,0
3,4,10,4,1285.002,2 1,North,2,6,0
3,4,10,4,1285.627,3 1,North,2,6,0
3,4,10,3,1286.217,3 2,North,2,6,0
3,4,10,4,1286.835,4 2,North,2,6,0
3,4,10,1,1287.443,4 2,North,2,6,1
3,4,10,2,1288.578,3 2,North,2,6,1
3,4,10,1,1289.268,3 1,North,2,6,1
3,4,10,2,1289.835,2 1,North,2,6,1
3,4,10,2,1290.455,1 1,North,2,6,1
3,4,10,1,1290.998,1 0,North,2,6,1
3,4,10,4,1291.661,2 0,North,2,6,1
3,4,10,4,1292.658,3 0,North,2,6,1
3,4,10,4,1293.241,4 0,North,2,6,1
3,4,10,3,1293.878,4 1,North,2,6,1
3,4,10,6,1294.28,4 1,North,2,7,1
3,4,10,1,1294.501,4 0,North,2,7,1
3,4,10,2,1295.129,3 0,North,2,7,1
3,4,10,2,1295.784,2 0,North,2,7,1
3,4,10,2,1296.515,1 0,North,2,7,1
3,4,10,3,1297.21,1 1,North,2,7,1
3,4,10,4,1297.812,2 1,North,2,7,1
3,4,10,4,1298.5,3 1,North,2,7,1
3,4,10,3,1299.131,3 2,North,2,7,1
3,4,10,4,1299.831,4 2,North,2,7,1
3,4,10,3,1300.45,4 3,North,2,7,1
3,4,10,3,1301.163,4 4,North,2,7,1
3,4,10,2,1301.837,3 4,North,2,7,1
3,4,10,2,1302.504,2 4,North,2,7,1
3,4,10,2,1303.16,1 4,North,2,7,1
3,4,10,1,1303.94,1 3,North,2,7,1
3,4,10,4,1304.601,2 3,North,2,7,1
3,4,10,6,1304.96,2 3,North,2,8,1
0,4,11,2,1309.252,3 4,North,2,0,1
0,4,11,2,1310.134,2 4,North,2,0,1
0,4,11,2,1310.728,1 4,North,2,0,1
0,4,11,1,1311.307,1 4,West,2,0,1
0,4,11,2,1312.148,1 3,West,2,0,1
0,4,11,1,1312.756,1 3,South,2,0,1
0,4,11,2,1313.401,2 3,South,2,0,1
0,4,11,3,1314.005,2 3,West,2,0,1
0,4,11,2,1314.679,2 2,West,2,0,1
0,4,11,3,1315.26,2 2,North,2,0,1
0,4,11,2,1315.849,1 2,North,2,0,1
0,4,11,2,1316.411,0 2,North,2,0,1
0,4,11,1,1316.949,0 2,West,2,0,1
0,4,11,1,1317.526,0 2,South,2,0,1
0,4,11,2,1318.137,1 2,South,2,0,1
0,4,11,2,1318.68,2 2,South,2,0,1
0,4,11,1,1319.3,2 2,East,2,0,1
0,4,11,2,1319.907,2 3,East,2,0,1
0,4,11,1,1320.517,2 3,North,2,0,1
0,4,11,2,1321.074,1 3,North,2,0,1
0,4,11,3,1321.654,1 3,East,2,0,1
0,4,11,2,1322.297,1 4,East,2,0,1
0,4,11,3,1322.808,1 4,South,2,0,1
0,4,11,2,1323.335,2 4,South,2,0,1
0,4,11,2,1323.975,3 4,South,2,0,1
0,4,11,2,1324.996,4 4,South,2,0,1
0,4,11,3,1325.67,4 4,West,2,0,1
0,4,11,2,1326.295,4 3,West,2,0,1
0,4,11,2,1327.156,4 2,West,2,0,1
0,4,11,3,1327.75,4 2,North,2,0,1
0,4,11,2,1328.299,3 2,North,2,0,1
0,4,11,6,1328.68,3 2,North,2,1,1
0,4,11,1,1328.916,3 2,West,2,1,1
0,4,11,1,1329.74,3 2,South,2,1,1
0,4,11,1,1330.727,3 2,East,2,1,1
0,4,11,3,1331.38,3 2,South,2,1,1
0,4,11,3,1332.008,3 2,West,2,1,1
0,4,11,2,1332.549,3 1,West,2,1,1
0,4,11,3,1333.128,3 1,North,2,1,1
0,4,11,2,1333.733,2 1,North,2,1,1
0,4,11,2,1334.341,1 1,North,2,1,1
0,4,11,1,1334.946,1 1,West,2,1,1
0,4,11,2,1335.596,1 0,West,2,1,1
0,4,11,1,1336.162,1 0,South,2,1,1
0,4,11,2,1336.759,2 0,South,2,1,1
0,4,11,2,1337.38,3 0,South,2,1,1
0,4,11,1,1338.132,3 0,East,2,1,1
0,4,11,1,1338.86,3 0,North,2,1,1
0,4,11,2,1339.433,2 0,North,2,1,1
0,4,11,2,1340.217,1 0,North,2,1,1
0,4,11,3,1340.795,1 0,East,2,1,1
0,4,11,2,1341.478,1 1,East,2,1,1
0,4,11,3,1342.037,1 1,South,2,1,1
0,4,11,2,1342.615,2 1,South,2,1,1
0,4,11,2,1343.252,3 1,South,2,1,1
0,4,11,1,1343.864,3 1,East,2,1,1
0,4,11,2,1344.744,3 2,East,2,1,1
0,4,11,3,1345.316,3 2,South,2,1,1
0,4,11,2,1345.988,4 2,South,2,1,1
0,4,11,1,1346.603,4 2,East,2,1,1
0,4,11,2,1347.205,4 3,East,2,1,1
0,4,11,2,1347.763,4 4,East,2,1,1
0,4,11,1,1348.374,4 4,North,2,1,1
0,4,11,2,1348.987,3 4,North,2,1,1
0,4,11,2,1349.573,2 4,North,2,1,1
0,4,11,2,1350.13,1 4,North,2,1,1
0,4,11,1,1350.771,1 4,West,2,1,1
0,4,11,3,1351.431,1 4,North,2,1,1
0,4,11,2,1352.039,0 4,North,2,1,1
0,4,11,1,1352.594,0 4,West,2,1,1
0,4,11,2,1353.284,0 3,West,2,1,1
0,4,11,6,1353.7,0 3,West,2,2,1
0,4,11,1,1353.881,0 3,South,2,2,1
0,4,11,1,1354.484,0 3,East,2,2,1
0,4,11,2,1355.051,0 4,East,2,2,1
0,4,11,3,1355.673,0 4,South,2,2,1
0,4,11,2,1356.259,1 4,South,2,2,1
0,4,11,6,1356.64,1 4,South,2,3,1
0,4,11,3,1357.209,1 4,West,2,3,1
0,4,11,2,1357.786,1 3,West,2,3,1
0,4,11,1,1358.391,1 3,South,2,3,1
0,4,11,2,1358.971,2 3,South,2,3,1
0,4,11,3,1359.513,2 3,West,2,3,1
0,4,11,2,1360.099,2 2,West,2,3,1
0,4,11,3,1360.65,2 2,North,2,3,1
0,4,11,2,1361.211,1 2,North,2,3,1
0,4,11,2,1361.732,0 2,North,2,3,1
0,4,11,1,1362.584,0 2,West,2,3,1
0,4,11,1,1363.188,0 2,South,2,3,1
0,4,11,2,1363.781,1 2,South,2,3,1
0,4,11,2,1364.371,2 2,South,2,3,1
0,4,11,1,1364.932,2 2,East,2,3,1
0,4,11,2,1365.576,2 3,East,2,3,1
0,4,11,1,1366.117,2 3,North,2,3,1
0,4,11,2,1366.728,1 3,North,2,3,1
0,4,11,3,1367.316,1 3,East,2,3,1
0,4,11,2,1367.972,1 4,East,2,3,1
0,4,11,3,1368.501,1 4,South,2,3,1
0,4,11,2,1369.112,2 4,South,2,3,1
0,4,11,2,1369.718,3 4,South,2,3,1
0,4,11,2,1370.265,4 4,South,2,3,1
0,4,11,3,1370.887,4 4,West,2,3,1
0,4,11,2,1371.491,4 3,West,2,3,1
0,4,11,2,1372.124,4 2,West,2,3,1
0,4,11,6,1372.54,4 2,West,2,4,1
0,4,11,3,1372.761,4 2,North,2,4,1
0,4,11,2,1373.395,3 2,North,2,4,1
0,4,11,3,1374.026,3 2,East,2,4,1
0,4,11,1,1374.547,3 2,North,2,4,1
0,4,11,1,1375.111,3 2,West,2,4,1
0,4,11,2,1375.716,3 1,West,2,4,1
0,4,11,3,1376.266,3 1,North,2,4,1
0,4,11,2,1376.931,2 1,North,2,4,1
0,4,11,2,1377.446,1 1,North,2,4,1
0,4,11,1,1377.958,1 1,West,2,4,1
0,4,11,2,1378.597,1 0,West,2,4,1
0,4,11,1,1379.128,1 0,South,2,4,1
0,4,11,2,1379.676,2 0,South,2,4,1
0,4,11,2,1380.202,3 0,South,2,4,1
0,4,11,2,1380.739,4 0,South,2,4,1
0,4,11,1,1381.446,4 0,East,2,4,1
0,4,11,1,1382.246,4 0,North,2,4,1
0,4,11,2,1382.872,3 0,North,2,4,1
0,4,11,2,1383.402,2 0,North,2,4,1
0,4,11,2,1383.923,1 0,North,2,4,1
0,4,11,3,1384.499,1 0,East,2,4,1
0,4,11,2,1385.077,1 1,East,2,4,1
0,4,11,3,1385.657,1 1,South,2,4,1
0,4,11,2,1386.183,2 1,South,2,4,1
0,4,11,2,1386.809,3 1,South,2,4,1
0,4,11,1,1387.396,3 1,East,2,4,1
0,4,11,2,1388.327,3 2,East,2,4,1
0,4,11,3,1388.936,3 2,South,2,4,1
0,4,11,2,1389.484,4 2,South,2,4,1
0,4,11,1,1390.088,4 2,East,2,4,1
0,4,11,2,1390.627,4 3,East,2,4,1
0,4,11,2,1391.267,4 4,East,2,4,1
0,4,11,1,1392.116,4 4,North,2,4,1
0,4,11,2,1392.712,3 4,North,2,4,1
0,4,11,2,1393.275,2 4,North,2,4,1
0,4,11,2,1394.133,1 4,North,2,4,1
0,4,11,2,1394.661,0 4,North,2,4,1
0,4,11,6,1395.04,0 4,North,2,5,1
0,4,11,1,1395.25,0 4,West,2,5,1
0,4,11,1,1395.768,0 4,South,2,5,1
0,4,11,2,1396.393,1 4,South,2,5,1
0,4,11,3,1396.996,1 4,West,2,5,1
0,4,11,2,1397.556,1 3,West,2,5,1
0,4,11,1,1398.168,1 3,South,2,5,1
0,4,11,2,1398.679,2 3,South,2,5,1
0,4,11,3,1399.322,2 3,West,2,5,1
0,4,11,2,1400.133,2 2,West,2,5,1
0,4,11,3,1400.74,2 2,North,2,5,1
0,4,11,2,1401.603,1 2,North,2,5,1
0,4,11,2,1402.211,0 2,North,2,5,1
0,4,11,1,1402.787,0 2,West,2,5,1
0,4,11,1,1403.353,0 2,South,2,5,1
0,4,11,2,1403.906,1 2,South,2,5,1
0,4,11,2,1404.534,2 2,South,2,5,1
0,4,11,1,1405.114,2 2,East,2,5,1
0,4,11,2,1405.832,2 3,East,2,5,1
0,4,11,1,1406.437,2 3,North,2,5,1
0,4,11,2,1407.032,1 3,North,2,5,1
0,4,11,3,1407.672,1 3,East,2,5,1
0,4,11,2,1408.2,1 4,East,2,5,1
0,4,11,3,1408.774,1 4,South,2,5,1
0,4,11,2,1409.621,2 4,South,2,5,1
0,4,11,2,1410.169,3 4,South,2,5,1
0,4,11,2,1410.84,4 4,South,2,5,1
0,4,11,3,1411.45,4 4,West,2,5,1
0,4,11,2,1411.987,4 3,West,2,5,1
0,4,11,2,1412.516,4 2,West,2,5,1
0,4,11,3,1413.075,4 2,North,2,5,1
0,4,11,2,1413.623,3 2,North,2,5,1
0,4,11,1,1414.227,3 2,West,2,5,1
0,4,11,2,1414.745,3 1,West,2,5,1
0,4,11,3,1415.415,3 1,North,2,5,1
0,4,11,2,1416.277,2 1,North,2,5,1
0,4,11,2,1416.827,1 1,North,2,5,1
0,4,11,6,1417.2,1 1,North,2,6,1
0,4,11,1,1417.466,1 1,West,2,6,1
0,4,11,2,1418.071,1 0,West,2,6,1
0,4,11,1,1418.676,1 0,South,2,6,1
0,4,11,2,1419.287,2 0,South,2,6,1
0,4,11,2,1419.874,3 0,South,2,6,1
0,4,11,1,1420.506,3 0,East,2,6,1
0,4,11,1,1421.063,3 0,North,2,6,1
0,4,11,2,1421.621,2 0,North,2,6,1
0,4,11,2,1422.279,1 0,North,2,6,1
0,4,11,3,1422.949,1 0,East,2,6,1
0,4,11,2,1423.557,1 1,East,2,6,1
0,4,11,3,1424.17,1 1,South,2,6,1
0,4,11,2,1424.747,2 1,South,2,6,1
0,4,11,2,1425.267,3 1,South,2,6,1
0,4,11,1,1425.834,3 1,East,2,6,1
0,4,11,3,1426.486,3 1,South,2,6,1
0,4,11,1,1427.027,3 1,East,2,6,1
0,4,11,2,1427.653,3 2,East,2,6,1
0,4,11,3,1428.204,3 2,South,2,6,1
0,4,11,2,1428.742,4 2,South,2,6,1
0,4,11,1,1429.304,4 2,East,2,6,1
0,4,11,2,1429.895,4 3,East,2,6,1
0,4,11,2,1430.536,4 4,East,2,6,1
0,4,11,1,1431.091,4 4,North,2,6,1
0,4,11,2,1431.67,3 4,North,2,6,1
0,4,11,2,1432.201,2 4,North,2,6,1
0,4,11,2,1432.946,1 4,North,2,6,1
0,4,11,1,1433.799,1 4,West,2,6,1
0,4,11,2,1434.375,1 3,West,2,6,1
0,4,11,6,1434.78,1 3,West,2,7,1
0,4,11,1,1435.19,1 3,South,2,7,1
0,4,11,2,1435.779,2 3,South,2,7,1
0,4,11,3,1436.29,2 3,West,2,7,1
0,4,11,2,1436.81,2 2,West,2,7,1
0,4,11,3,1437.332,2 2,North,2,7,1
0,4,11,2,1438.262,1 2,North,2,7,1
0,4,11,2,1438.811,0 2,North,2,7,1
0,4,11,1,1439.368,0 2,West,2,7,1
0,4,11,1,1439.897,0 2,South,2,7,1
0,4,11,2,1440.469,1 2,South,2,7,1
0,4,11,2,1441.364,2 2,South,2,7,1
0,4,11,1,1441.906,2 2,East,2,7,1
0,4,11,2,1442.486,2 3,East,2,7,1
0,4,11,1,1443.099,2 3,North,2,7,1
0,4,11,2,1443.625,1 3,North,2,7,1
0,4,11,3,1444.228,1 3,East,2,7,1
0,4,11,2,1444.839,1 4,East,2,7,1
0,4,11,3,1445.412,1 4,South,2,7,1
0,4,11,2,1446.057,2 4,South,2,7,1
0,4,11,2,1446.598,3 4,South,2,7,1
0,4,11,2,1447.335,4 4,South,2,7,1
0,4,11,3,1447.908,4 4,West,2,7,1
0,4,11,2,1448.746,4 3,West,2,7,1
0,4,11,2,1449.269,4 2,West,2,7,1
0,4,11,3,1449.879,4 2,North,2,7,1
0,4,11,2,1450.456,3 2,North,2,7,1
0,4,11,1,1451.033,3 2,West,2,7,1
0,4,11,2,1451.575,3 1,West,2,7,1
0,4,11,3,1452.199,3 1,North,2,7,1
0,4,11,2,1452.74,2 1,North,2,7,1
0,4,11,2,1453.763,1 1,North,2,7,1
0,4,11,1,1454.407,1 1,West,2,7,1
0,4,11,2,1455.077,1 0,West,2,7,1
0,4,11,6,1455.5,1 0,West,2,8,1
3,4,11,2,1459.508,3 4,North,2,0,0
3,4,11,2,1460.422,2 4,North,2,0,0
3,4,11,2,1461.014,1 4,North,2,0,0
3,4,11,2,1461.738,0 4,North,2,0,0
3,4,11,6,1462.12,0 4,North,2,1,0
3,4,11,4,1462.618,1 4,North,2,1,0
3,4,11,1,1463.22,1 3,North,2,1,0
3,4,11,6,1463.62,1 3,North,2,2,0
3,4,11,3,1464.232,1 4,North,2,2,0
3,4,11,4,1464.872,2 4,North,2,2,0
3,4,11,4,1465.394,3 4,North,2,2,0
3,4,11,4,1466.008,4 4,North,2,2,0
3,4,11,1,1466.6,4 3,North,2,2,0
3,4,11,1,1467.16,4 2,North,2,2,0
3,4,11,6,1467.56,4 2,North,2,3,0
3,4,11,2,1469.068,3 2,North,2,3,0
3,4,11,1,1469.625,3 1,North,2,3,0
3,4,11,2,1470.252,2 1,North,2,3,0
3,4,11,2,1470.787,1 1,North,2,3,0
3,4,11,1,1471.403,1 0,North,2,3,0
3,4,11,6,1471.8,1 0,North,2,4,0
3,4,11,3,1472.025,1 1,North,2,4,0
3,4,11,4,1472.644,2 1,North,2,4,0
3,4,11,4,1473.236,3 1,North,2,4,0
3,4,11,3,1473.814,3 2,North,2,4,0
3,4,11,4,1474.329,4 2,North,2,4,0
3,4,11,3,1474.904,4 3,North,2,4,0
3,4,11,3,1475.46,4 4,North,2,4,0
3,4,11,2,1476.041,3 4,North,2,4,0
3,4,11,2,1476.551,2 4,North,2,4,0
3,4,11,2,1477.238,1 4,North,2,4,0
3,4,11,1,1477.882,1 3,North,2,4,0
3,4,11,4,1478.618,2 3,North,2,4,0
3,4,11,1,1479.634,2 2,North,2,4,0
3,4,11,2,1480.316,1 2,North,2,4,0
3,4,11,2,1480.901,0 2,North,2,4,0
3,4,11,6,1481.28,0 2,North,2,5,0
3,4,11,4,1481.687,1 2,North,2,5,0
3,4,11,4,1482.268,2 2,North,2,5,0
3,4,11,3,1482.838,2 3,North,2,5,0
3,4,11,2,1484.147,1 3,North,2,5,0
3,4,11,3,1484.792,1 4,North,2,5,0
3,4,11,6,1485.2,1 4,North,2,6,0
3,4,11,1,1485.783,1 3,North,2,6,0
3,4,11,4,1486.488,2 3,North,2,6,0
3,4,11,1,1487.091,2 2,North,2,6,0
3,4,11,2,1487.783,1 2,North,2,6,0
3,4,11,2,1488.387,0 2,North,2,6,0
3,4,11,1,1489.062,0 1,North,2,6,0
3,4,11,6,1489.46,0 1,North,2,7,0
3,4,11,3,1489.788,0 2,North,2,7,0
3,4,11,4,1490.435,1 2,North,2,7,0
3,4,11,4,1491.037,2 2,North,2,7,0
3,4,11,3,1491.64,2 3,North,2,7,0
3,4,11,2,1493.031,1 3,North,2,7,0
3,4,11,3,1493.772,1 4,North,2,7,0
3,4,11,4,1494.455,2 4,North,2,7,0
3,4,11,4,1495.001,3 4,North,2,7,0
3,4,11,4,1495.698,4 4,North,2,7,0
3,4,11,1,1496.396,4 3,North,2,7,0
3,4,11,1,1496.956,4 2,North,2,7,0
3,4,11,2,1497.737,3 2,North,2,7,0
3,4,11,1,1498.307,3 1,North,2,7,0
3,4,11,2,1499.047,2 1,North,2,7,0
3,4,11,6,1499.42,2 1,North,2,8,0
0,4,12,2,1503.669,3 4,North,2,0,0
0,4,12,2,1504.2,2 4,North,2,0,0
0,4,12,2,1504.787,1 4,North,2,0,0
0,4,12,1,1505.638,1 4,West,2,0,0
0,4,12,2,1506.52,1 3,West,2,0,0
0,4,12,1,1507.109,1 3,South,2,0,0
0,4,12,2,1507.719,2 3,South,2,0,0
0,4,12,3,1508.307,2 3,West,2,0,0
0,4,12,2,1509.24,2 2,West,2,0,0
0,4,12,3,1509.819,2 2,North,2,0,0
0,4,12,2,1510.371,1 2,North,2,0,0
0,4,12,2,1510.902,0 2,North,2,0,0
0,4,12,1,1511.45,0 2,West,2,0,0
0,4,12,1,1512.037,0 2,South,2,0,0
0,4,12,2,1512.554,1 2,South,2,0,0
0,4,12,2,1513.11,2 2,South,2,0,0
0,4,12,1,1513.699,2 2,East,2,0,0
0,4,12,2,1514.232,2 3,East,2,0,0
0,4,12,1,1514.823,2 3,North,2,0,0
0,4,12,2,1515.446,1 3,North,2,0,0
0,4,12,3,1516.005,1 3,East,2,0,0
0,4,12,2,1516.597,1 4,East,2,0,0
0,4,12,1,1517.13,1 4,North,2,0,0
0,4,12,1,1517.686,1 4,West,2,0,0
0,4,12,1,1518.539,1 4,South,2,0,0
0,4,12,2,1519.147,2 4,South,2,0,0
0,4,12,2,1519.88,3 4,South,2,0,0
0,4,12,2,1520.41,4 4,South,2,0,0
0,4,12,3,1521.202,4 4,West,2,0,0
0,4,12,2,1521.97,4 3,West,2,0,0
0,4,12,2,1522.74,4 2,West,2,0,0
0,4,12,3,1523.301,4 2,North,2,0,0
0,4,12,2,1523.9,3 2,North,2,0,0
0,4,12,1,1524.517,3 2,West,2,0,0
0,4,12,2,1525.115,3 1,West,2,0,0
0,4,12,6,1525.52,3 1,West,2,1,0
0,4,12,3,1525.689,3 1,North,2,1,0
0,4,12,3,1526.356,3 1,East,2,1,0
0,4,12,2,1527.203,3 2,East,2,1,0
0,4,12,3,1527.753,3 2,South,2,1,0
0,4,12,2,1528.307,4 2,South,2,1,0
0,4,12,1,1528.887,4 2,East,2,1,0
0,4,12,2,1529.492,4 3,East,2,1,0
0,4,12,2,1530.04,4 4,East,2,1,0
0,4,12,1,1530.636,4 4,North,2,1,0
0,4,12,2,1531.174,3 4,North,2,1,0
0,4,12,2,1531.848,2 4,North,2,1,0
0,4,12,2,1532.388,1 4,North,2,1,0
0,4,12,1,1533.06,1 4,West,2,1,0
0,4,12,2,1533.683,1 3,West,2,1,0
0,4,12,1,1534.261,1 3,South,2,1,0
0,4,12,2,1534.859,2 3,South,2,1,0
0,4,12,3,1535.429,2 3,West,2,1,0
0,4,12,2,1535.99,2 2,West,2,1,0
0,4,12,3,1536.523,2 2,North,2,1,0
0,4,12,2,1537.13,1 2,North,2,1,0
0,4,12,2,1537.692,0 2,North,2,1,0
0,4,12,6,1538.08,0 2,North,2,2,0
0,4,12,1,1538.267,0 2,West,2,2,0
0,4,12,1,1538.794,0 2,South,2,2,0
0,4,12,2,1539.434,1 2,South,2,2,0
0,4,12,2,1540.362,2 2,South,2,2,0
0,4,12,1,1540.904,2 2,East,2,2,0
0,4,12,2,1541.427,2 3,East,2,2,0
0,4,12,1,1542.009,2 3,North,2,2,0
0,4,12,2,1542.537,1 3,North,2,2,0
0,4,12,3,1543.128,1 3,East,2,2,0
0,4,12,2,1543.673,1 4,East,2,2,0
0,4,12,1,1544.218,1 4,North,2,2,0
0,4,12,1,1544.857,1 4,West,2,2,0
0,4,12,1,1545.5,1 4,South,2,2,0
0,4,12,2,1546.034,2 4,South,2,2,0
0,4,12,2,1546.681,3 4,South,2,2,0
0,4,12,2,1547.239,4 4,South,2,2,0
0,4,12,3,1547.852,4 4,West,2,2,0
0,4,12,2,1548.745,4 3,West,2,2,0
0,4,12,2,1549.322,4 2,West,2,2,0
0,4,12,3,1549.897,4 2,North,2,2,0
0,4,12,2,1550.457,3 2,North,2,2,0
0,4,12,3,1551.018,3 2,East,2,2,0
0,4,12,1,1551.77,3 2,North,2,2,0
0,4,12,1,1552.31,3 2,West,2,2,0
0,4,12,2,1552.903,3 1,West,2,2,0
0,4,12,3,1553.627,3 1,North,2,2,0
0,4,12,2,1554.438,2 1,North,2,2,0
0,4,12,2,1554.97,1 1,North,2,2,0
0,4,12,1,1555.779,1 1,West,2,2,0
0,4,12,2,1556.451,1 0,West,2,2,0
0,4,12,1,1556.981,1 0,South,2,2,0
0,4,12,2,1557.56,2 0,South,2,2,0
0,4,12,2,1558.091,3 0,South,2,2,0
0,4,12,2,1558.628,4 0,South,2,2,0
0,4,12,6,1559,4 0,South,2,3,0
0,4,12,1,1559.444,4 0,East,2,3,0
0,4,12,1,1560.082,4 0,North,2,3,0
0,4,12,2,1560.855,3 0,North,2,3,0
0,4,12,2,1561.588,2 0,North,2,3,0
0,4,12,2,1562.101,1 0,North,2,3,0
0,4,12,3,1562.731,1 0,East,2,3,0
0,4,12,2,1563.33,1 1,East,2,3,0
0,4,12,3,1563.845,1 1,South,2,3,0
0,4,12,2,1564.442,2 1,South,2,3,0
0,4,12,2,1564.953,3 1,South,2,3,0
0,4,12,1,1565.465,3 1,East,2,3,0
0,4,12,2,1565.974,3 2,East,2,3,0
0,4,12,3,1566.506,3 2,South,2,3,0
0,4,12,2,1567.38,4 2,South,2,3,0
0,4,12,1,1567.927,4 2,East,2,3,0
0,4,12,2,1568.519,4 3,East,2,3,0
0,4,12,2,1569.161,4 4,East,2,3,0
0,4,12,1,1569.688,4 4,North,2,3,0
0,4,12,2,1570.473,3 4,North,2,3,0
0,4,12,2,1571.381,2 4,North,2,3,0
0,4,12,2,1571.987,1 4,North,2,3,0
0,4,12,1,1572.553,1 4,West,2,3,0
0,4,12,2,1573.123,1 3,West,2,3,0
0,4,12,1,1573.703,1 3,South,2,3,0
0,4,12,2,1574.26,2 3,South,2,3,0
0,4,12,3,1574.802,2 3,West,2,3,0
0,4,12,2,1575.404,2 2,West,2,3,0
0,4,12,3,1575.994,2 2,North,2,3,0
0,4,12,2,1576.971,1 2,North,2,3,0
0,4,12,2,1577.529,0 2,North,2,3,0
0,4,12,1,1578.108,0 2,West,2,3,0
0,4,12,2,1578.739,0 1,West,2,3,0
0,4,12,6,1579.14,0 1,West,2,4,0
0,4,12,3,1579.412,0 1,North,2,4,0
0,4,12,3,1580.043,0 1,East,2,4,0
0,4,12,2,1580.659,0 2,East,2,4,0
0,4,12,3,1581.254,0 2,South,2,4,0
0,4,12,2,1581.899,1 2,South,2,4,0
0,4,12,2,1582.839,2 2,South,2,4,0
0,4,12,1,1583.382,2 2,East,2,4,0
0,4,12,2,1584.15,2 3,East,2,4,0
0,4,12,1,1584.822,2 3,North,2,4,0
0,4,12,2,1585.511,1 3,North,2,4,0
0,4,12,3,1586.074,1 3,East,2,4,0
0,4,12,2,1586.601,1 4,East,2,4,0
0,4,12,1,1587.24,1 4,North,2,4,0
0,4,12,1,1588.083,1 4,West,2,4,0
0,4,12,1,1588.954,1 4,South,2,4,0
0,4,12,2,1589.571,2 4,South,2,4,0
0,4,12,2,1590.154,3 4,South,2,4,0
0,4,12,2,1590.744,4 4,South,2,4,0
0,4,12,3,1591.37,4 4,West,2,4,0
0,4,12,2,1591.908,4 3,West,2,4,0
0,4,12,2,1592.523,4 2,West,2,4,0
0,4,12,3,1593.175,4 2,North,2,4,0
0,4,12,2,1593.723,3 2,North,2,4,0
0,4,12,1,1594.471,3 2,West,2,4,0
0,4,12,2,1594.98,3 1,West,2,4,0
0,4,12,3,1595.589,3 1,North,2,4,0
0,4,12,3,1596.131,3 1,East,2,4,0
0,4,12,1,1596.741,3 1,North,2,4,0
0,4,12,2,1597.302,2 1,North,2,4,0
0,4,12,2,1597.828,1 1,North,2,4,0
0,4,12,1,1598.339,1 1,West,2,4,0
0,4,12,2,1598.916,1 0,West,2,4,0
0,4,12,1,1599.428,1 0,South,2,4,0
0,4,12,2,1599.959,2 0,South,2,4,0
0,4,12,2,1600.522,3 0,South,2,4,0
0,4,12,6,1600.9,3 0,South,2,5,0
0,4,12,1,1601.366,3 0,East,2,5,0
0,4,12,1,1601.963,3 0,North,2,5,0
0,4,12,2,1602.522,2 0,North,2,5,0
0,4,12,2,1603.237,1 0,North,2,5,0
0,4,12,3,1603.778,1 0,East,2,5,0
0,4,12,2,1604.358,1 1,East,2,5,0
0,4,12,3,1604.921,1 1,South,2,5,0
0,4,12,2,1605.463,2 1,South,2,5,0
0,4,12,2,1606.119,3 1,South,2,5,0
0,4,12,1,1606.676,3 1,East,2,5,0
0,4,12,2,1607.465,3 2,East,2,5,0
0,4,12,3,1608.006,3 2,South,2,5,0
0,4,12,2,1608.549,4 2,South,2,5,0
0,4,12,1,1609.098,4 2,East,2,5,0
0,4,12,2,1609.654,4 3,East,2,5,0
0,4,12,2,1610.251,4 4,East,2,5,0
0,4,12,1,1610.788,4 4,North,2,5,0
0,4,12,2,1611.364,3 4,North,2,5,0
0,4,12,2,1611.944,2 4,North,2,5,0
0,4,12,6,1612.32,2 4,North,2,6,0
0,4,12,2,1612.554,1 4,North,2,6,0
0,4,12,1,1613.111,1 4,West,2,6,0
0,4,12,2,1614.325,1 3,West,2,6,0
0,4,12,1,1615.13,1 3,South,2,6,0
0,4,12,2,1615.708,2 3,South,2,6,0
0,4,12,3,1616.259,2 3,West,2,6,0
0,4,12,2,1617.18,2 2,West,2,6,0
0,4,12,3,1617.702,2 2,North,2,6,0
0,4,12,2,1618.263,1 2,North,2,6,0
0,4,12,6,1618.64,1 2,North,2,7,0
0,4,12,2,1619.21,0 2,North,2,7,0
0,4,12,1,1619.796,0 2,West,2,7,0
0,4,12,1,1620.361,0 2,South,2,7,0
0,4,12,2,1620.93,1 2,South,2,7,0
0,4,12,2,1621.447,2 2,South,2,7,0
0,4,12,1,1622.371,2 2,East,2,7,0
0,4,12,2,1623.046,2 3,East,2,7,0
0,4,12,1,1623.653,2 3,North,2,7,0
0,4,12,2,1624.181,1 3,North,2,7,0
0,4,12,3,1624.748,1 3,East,2,7,0
0,4,12,2,1625.321,1 4,East,2,7,0
0,4,12,1,1626.103,1 4,North,2,7,0
0,4,12,1,1627.061,1 4,West,2,7,0
0,4,12,1,1627.61,1 4,South,2,7,0
0,4,12,2,1628.201,2 4,South,2,7,0
0,4,12,2,1628.904,3 4,South,2,7,0
0,4,12,2,1629.786,4 4,South,2,7,0
0,4,12,3,1630.421,4 4,West,2,7,0
0,4,12,2,1630.951,4 3,West,2,7,0
0,4,12,2,1631.622,4 2,West,2,7,0
0,4,12,3,1632.2,4 2,North,2,7,0
0,4,12,2,1632.837,3 2,North,2,7,0
0,4,12,3,1633.368,3 2,East,2,7,0
0,4,12,1,1634.121,3 2,North,2,7,0
0,4,12,1,1635.027,3 2,West,2,7,0
0,4,12,2,1635.577,3 1,West,2,7,0
0,4,12,3,1636.138,3 1,North,2,7,0
0,4,12,2,1636.739,2 1,North,2,7,0
0,4,12,2,1637.308,1 1,North,2,7,0
0,4,12,1,1637.829,1 1,West,2,7,0
0,4,12,2,1638.388,1 0,West,2,7,0
0,4,12,1,1638.986,1 0,South,2,7,0
0,4,12,2,1639.525,2 0,South,2,7,0
0,4,12,2,1640.132,3 0,South,2,7,0
0,4,12,2,1640.691,4 0,South,2,7,0
0,4,12,1,1641.315,4 0,East,2,7,0
0,4,12,2,1641.893,4 1,East,2,7,0
0,4,12,6,1642.3,4 1,East,2,8,0
3,4,12,1,1645.658,4 3,North,2,0,0
3,4,12,1,1646.231,4 2,North,2,0,0
3,4,12,2,1646.888,3 2,North,2,0,0
3,4,12,1,1647.496,3 1,North,2,0,0
3,4,12,6,1647.9,3 1,North,2,1,0
3,4,12,3,1648.425,3 2,North,2,1,0
3,4,12,4,1649.004,4 2,North,2,1,0
3,4,12,3,1649.589,4 3,North,2,1,0
3,4,12,3,1650.217,4 4,North,2,1,0
3,4,12,2,1650.786,3 4,North,2,1,0
3,4,12,2,1651.381,2 4,North,2,1,0
3,4,12,2,1652.038,1 4,North,2,1,0
3,4,12,1,1652.646,1 3,North,2,1,0
3,4,12,4,1653.237,2 3,North,2,1,0
3,4,12,1,1653.821,2 2,North,2,1,0
3,4,12,2,1654.411,1 2,North,2,1,0
3,4,12,6,1654.8,1 2,North,2,2,0
3,4,12,4,1655.258,2 2,North,2,2,0
3,4,12,3,1655.827,2 3,North,2,2,0
3,4,12,2,1656.466,1 3,North,2,2,0
3,4,12,3,1657.043,1 4,North,2,2,0
3,4,12,4,1657.652,2 4,North,2,2,0
3,4,12,4,1658.167,3 4,North,2,2,0
3,4,12,4,1659.08,4 4,North,2,2,0
3,4,12,1,1659.83,4 3,North,2,2,0
3,4,12,1,1660.565,4 2,North,2,2,0
3,4,12,2,1661.385,3 2,North,2,2,0
3,4,12,1,1662.012,3 1,North,2,2,0
3,4,12,2,1662.682,2 1,North,2,2,0
3,4,12,2,1663.354,1 1,North,2,2,0
3,4,12,1,1663.991,1 0,North,2,2,0
3,4,12,4,1664.981,2 0,North,2,2,0
3,4,12,4,1665.543,3 0,North,2,2,0
3,4,12,4,1666.458,4 0,North,2,2,0
3,4,12,3,1667.123,4 1,North,2,2,0
3,4,12,6,1667.52,4 1,North,2,3,0
3,4,12,1,1667.731,4 0,North,2,3,0
3,4,12,2,1668.435,3 0,North,2,3,0
3,4,12,2,1669.078,2 0,North,2,3,0
3,4,12,2,1669.767,1 0,North,2,3,0
3,4,12,3,1670.421,1 1,North,2,3,0
3,4,12,4,1671,2 1,North,2,3,0
3,4,12,4,1671.656,3 1,North,2,3,0
3,4,12,3,1672.347,3 2,North,2,3,0
3,4,12,6,1672.74,3 2,North,2,4,0
3,4,12,1,1674.181,3 1,North,2,4,0
3,4,12,2,1675.367,2 1,North,2,4,0
3,4,12,2,1676.01,1 1,North,2,4,0
3,4,12,1,1676.63,1 0,North,2,4,0
3,4,12,4,1677.269,2 0,North,2,4,0
3,4,12,4,1677.846,3 0,North,2,4,0
3,4,12,4,1678.473,4 0,North,2,4,0
3,4,12,6,1678.84,4 0,North,2,5,0
3,4,12,2,1679.091,3 0,North,2,5,0
3,4,12,2,1679.652,2 0,North,2,5,0
3,4,12,2,1680.246,1 0,North,2,5,0
3,4,12,3,1680.937,1 1,North,2,5,0
3,4,12,4,1681.516,2 1,North,2,5,0
3,4,12,4,1682.098,3 1,North,2,5,0
3,4,12,3,1682.723,3 2,North,2,5,0
3,4,12,4,1683.236,4 2,North,2,5,0
3,4,12,3,1683.811,4 3,North,2,5,0
3,4,12,3,1684.345,4 4,North,2,5,0
3,4,12,2,1684.995,3 4,North,2,5,0
3,4,12,2,1685.513,2 4,North,2,5,0
3,4,12,2,1686.407,1 4,North,2,5,0
3,4,12,1,1687.131,1 3,North,2,5,0
3,4,12,4,1687.739,2 3,North,2,5,0
3,4,12,1,1688.534,2 2,North,2,5,0
3,4,12,2,1689.161,1 2,North,2,5,0
3,4,12,2,1689.812,0 2,North,2,5,0
3,4,12,1,1690.435,0 1,North,2,5,0
3,4,12,6,1690.84,0 1,North,2,6,0
3,4,12,3,1691.03,0 2,North,2,6,0
3,4,12,4,1691.707,1 2,North,2,6,0
3,4,12,4,1692.274,2 2,North,2,6,0
3,4,12,3,1692.876,2 3,North,2,6,0
3,4,12,2,1693.589,1 3,North,2,6,0
3,4,12,3,1694.265,1 4,North,2,6,0
3,4,12,4,1694.885,2 4,North,2,6,0
3,4,12,4,1695.482,3 4,North,2,6,0
3,4,12,4,1696.034,4 4,North,2,6,0
3,4,12,1,1696.665,4 3,North,2,6,0
3,4,12,6,1697.06,4 3,North,2,7,0
3,4,12,1,1697.78,4 2,North,2,7,0
3,4,12,2,1698.409,3 2,North,2,7,0
3,4,12,1,1699.013,3 1,North,2,7,0
3,4,12,2,1699.698,2 1,North,2,7,0
3,4,12,2,1700.316,1 1,North,2,7,0
3,4,12,6,1700.7,1 1,North,2,8,0
0,5,13,1,1739.573,4 4,West,3,0,0
0,5,13,3,1740.506,4 4,North,3,0,0
0,5,13,2,1741.735,3 4,North,3,0,0
0,5,13,1,1742.548,3 4,West,3,0,0
0,5,13,2,1743.289,3 3,West,3,0,0
0,5,13,3,1744.059,3 3,North,3,0,0
0,5,13,2,1744.968,2 3,North,3,0,0
0,5,13,2,1745.675,1 3,North,3,0,0
0,5,13,2,1746.474,0 3,North,3,0,0
0,5,13,6,1746.86,0 3,North,3,1,0
0,5,13,3,1747.139,0 3,East,3,1,0
0,5,13,2,1747.924,0 4,East,3,1,0
0,5,13,3,1748.538,0 4,South,3,1,0
0,5,13,3,1749.924,0 4,West,3,1,0
0,5,13,2,1750.549,0 3,West,3,1,0
0,5,13,1,1751.127,0 3,South,3,1,0
0,5,13,2,1751.913,1 3,South,3,1,0
0,5,13,2,1752.535,2 3,South,3,1,0
0,5,13,2,1753.37,3 3,South,3,1,0
0,5,13,1,1754.087,3 3,East,3,1,0
0,5,13,2,1754.711,3 4,East,3,1,0
0,5,13,3,1755.382,3 4,South,3,1,0
0,5,13,2,1756.071,4 4,South,3,1,0
0,5,13,3,1756.71,4 4,West,3,1,0
0,5,13,2,1757.945,4 3,West,3,1,0
0,5,13,2,1758.541,4 2,West,3,1,0
0,5,13,3,1759.175,4 2,North,3,1,0
0,5,13,2,1759.864,3 2,North,3,1,0
0,5,13,1,1760.492,3 2,West,3,1,0
0,5,13,2,1761.193,3 1,West,3,1,0
0,5,13,2,1761.8,3 0,West,3,1,0
0,5,13,3,1762.403,3 0,North,3,1,0
0,5,13,2,1762.969,2 0,North,3,1,0
0,5,13,6,1763.36,2 0,North,3,2,0
0,5,13,2,1763.684,1 0,North,3,2,0
0,5,13,3,1764.265,1 0,East,3,2,0
0,5,13,2,1765.063,1 1,East,3,2,0
0,5,13,3,1765.669,1 1,South,3,2,0
0,5,13,2,1766.295,2 1,South,3,2,0
0,5,13,1,1766.823,2 1,East,3,2,0
0,5,13,2,1767.451,2 2,East,3,2,0
0,5,13,1,1768.057,2 2,North,3,2,0
0,5,13,1,1768.804,2 2,West,3,2,0
0,5,13,3,1769.381,2 2,North,3,2,0
0,5,13,2,1770.059,1 2,North,3,2,0
0,5,13,2,1770.628,0 2,North,3,2,0
0,5,13,1,1771.204,0 2,West,3,2,0
0,5,13,2,1772.212,0 1,West,3,2,0
0,5,13,2,1772.807,0 0,West,3,2,0
0,5,13,3,1773.496,0 0,North,3,2,0
0,5,13,3,1774.117,0 0,East,3,2,0
0,5,13,2,1774.757,0 1,East,3,2,0
0,5,13,2,1775.381,0 2,East,3,2,0
0,5,13,3,1775.978,0 2,South,3,2,0
0,5,13,2,1776.536,1 2,South,3,2,0
0,5,13,2,1777.114,2 2,South,3,2,0
0,5,13,3,1777.723,2 2,West,3,2,0
0,5,13,2,1778.533,2 1,West,3,2,0
0,5,13,3,1779.205,2 1,North,3,2,0
0,5,13,2,1779.782,1 1,North,3,2,0
0,5,13,1,1780.341,1 1,West,3,2,0
0,5,13,2,1780.953,1 0,West,3,2,0
0,5,13,1,1781.492,1 0,South,3,2,0
0,5,13,2,1782.229,2 0,South,3,2,0
0,5,13,2,1782.777,3 0,South,3,2,0
0,5,13,1,1783.315,3 0,East,3,2,0
0,5,13,2,1783.912,3 1,East,3,2,0
0,5,13,2,1784.522,3 2,East,3,2,0
0,5,13,3,1785.062,3 2,South,3,2,0
0,5,13,2,1785.675,4 2,South,3,2,0
0,5,13,3,1786.249,4 2,West,3,2,0
0,5,13,1,1786.963,4 2,South,3,2,0
0,5,13,1,1787.923,4 2,East,3,2,0
0,5,13,2,1788.62,4 3,East,3,2,0
0,5,13,2,1789.18,4 4,East,3,2,0
0,5,13,1,1789.735,4 4,North,3,2,0
0,5,13,2,1790.375,3 4,North,3,2,0
0,5,13,1,1790.933,3 4,West,3,2,0
0,5,13,2,1791.531,3 3,West,3,2,0
0,5,13,3,1792.151,3 3,North,3,2,0
0,5,13,2,1792.757,2 3,North,3,2,0
0,5,13,2,1793.366,1 3,North,3,2,0
0,5,13,2,1794.389,0 3,North,3,2,0
0,5,13,3,1794.936,0 3,East,3,2,0
0,5,13,2,1795.51,0 4,East,3,2,0
0,5,13,6,1795.92,0 4,East,3,3,0
0,5,13,3,1796.073,0 4,South,3,3,0
0,5,13,3,1796.664,0 4,West,3,3,0
0,5,13,2,1797.195,0 3,West,3,3,0
0,5,13,1,1798.037,0 3,South,3,3,0
0,5,13,2,1798.633,1 3,South,3,3,0
0,5,13,2,1799.241,2 3,South,3,3,0
0,5,13,6,1799.62,2 3,South,3,4,0
0,5,13,2,1799.803,3 3,South,3,4,0
0,5,13,1,1800.411,3 3,East,3,4,0
0,5,13,2,1800.94,3 4,East,3,4,0
0,5,13,3,1801.546,3 4,South,3,4,0
0,5,13,2,1802.148,4 4,South,3,4,0
0,5,13,3,1802.716,4 4,West,3,4,0
0,5,13,2,1803.33,4 3,West,3,4,0
0,5,13,2,1804.102,4 2,West,3,4,0
0,5,13,3,1804.855,4 2,North,3,4,0
0,5,13,3,1805.931,4 2,East,3,4,0
0,5,13,1,1806.642,4 2,North,3,4,0
0,5,13,2,1807.251,3 2,North,3,4,0
0,5,13,6,1807.64,3 2,North,3,5,0
0,5,13,1,1807.813,3 2,West,3,5,0
0,5,13,2,1808.387,3 1,West,3,5,0
0,5,13,2,1808.906,3 0,West,3,5,0
0,5,13,3,1809.466,3 0,North,3,5,0
0,5,13,2,1810.152,2 0,North,3,5,0
0,5,13,2,1810.791,1 0,North,3,5,0
0,5,13,3,1811.366,1 0,East,3,5,0
0,5,13,2,1812.132,1 1,East,3,5,0
0,5,13,3,1812.661,1 1,South,3,5,0
0,5,13,2,1813.239,2 1,South,3,5,0
0,5,13,1,1814.102,2 1,East,3,5,0
0,5,13,2,1814.694,2 2,East,3,5,0
0,5,13,1,1815.322,2 2,North,3,5,0
0,5,13,2,1815.848,1 2,North,3,5,0
0,5,13,2,1816.502,0 2,North,3,5,0
0,5,13,1,1817.046,0 2,West,3,5,0
0,5,13,1,1817.911,0 2,South,3,5,0
0,5,13,2,1818.509,1 2,South,3,5,0
0,5,13,2,1819.048,2 2,South,3,5,0
0,5,13,3,1819.671,2 2,West,3,5,0
0,5,13,2,1820.218,2 1,West,3,5,0
0,5,13,3,1820.794,2 1,North,3,5,0
0,5,13,2,1821.331,1 1,North,3,5,0
0,5,13,1,1821.944,1 1,West,3,5,0
0,5,13,2,1822.536,1 0,West,3,5,0
0,5,13,1,1823.078,1 0,South,3,5,0
0,5,13,2,1823.746,2 0,South,3,5,0
0,5,13,2,1824.339,3 0,South,3,5,0
0,5,13,1,1824.903,3 0,East,3,5,0
0,5,13,2,1825.512,3 1,East,3,5,0
0,5,13,2,1826.072,3 2,East,3,5,0
0,5,13,3,1826.649,3 2,South,3,5,0
0,5,13,2,1827.251,4 2,South,3,5,0
0,5,13,3,1827.836,4 2,West,3,5,0
0,5,13,1,1828.425,4 2,South,3,5,0
0,5,13,1,1828.97,4 2,East,3,5,0
0,5,13,2,1829.544,4 3,East,3,5,0
0,5,13,2,1830.132,4 4,East,3,5,0
0,5,13,1,1830.652,4 4,North,3,5,0
0,5,13,2,1831.206,3 4,North,3,5,0
0,5,13,1,1831.735,3 4,West,3,5,0
0,5,13,2,1832.315,3 3,West,3,5,0
0,5,13,3,1833.258,3 3,North,3,5,0
0,5,13,2,1833.818,2 3,North,3,5,0
0,5,13,2,1834.342,1 3,North,3,5,0
0,5,13,2,1835.176,0 3,North,3,5,0
0,5,13,3,1835.772,0 3,East,3,5,0
0,5,13,2,1836.421,0 4,East,3,5,0
0,5,13,3,1836.97,0 4,South,3,5,0
0,5,13,2,1837.545,1 4,South,3,5,0
0,5,13,2,1838.107,2 4,South,3,5,0
0,5,13,6,1838.48,2 4,South,3,6,0
0,5,13,3,1838.71,2 4,West,3,6,0
0,5,13,3,1839.225,2 4,North,3,6,0
0,5,13,2,1839.846,1 4,North,3,6,0
0,5,13,2,1840.395,0 4,North,3,6,0
0,5,13,1,1841.252,0 4,West,3,6,0
0,5,13,2,1841.879,0 3,West,3,6,0
0,5,13,1,1842.467,0 3,South,3,6,0
0,5,13,2,1843.065,1 3,South,3,6,0
0,5,13,2,1843.636,2 3,South,3,6,0
0,5,13,2,1844.17,3 3,South,3,6,0
0,5,13,6,1844.56,3 3,South,3,7,0
0,5,13,1,1844.808,3 3,East,3,7,0
0,5,13,2,1845.366,3 4,East,3,7,0
0,5,13,3,1845.907,3 4,South,3,7,0
0,5,13,2,1846.569,4 4,South,3,7,0
0,5,13,3,1847.239,4 4,West,3,7,0
0,5,13,2,1847.843,4 3,West,3,7,0
0,5,13,2,1848.697,4 2,West,3,7,0
0,5,13,3,1849.251,4 2,North,3,7,0
0,5,13,2,1849.971,3 2,North,3,7,0
0,5,13,1,1850.514,3 2,West,3,7,0
0,5,13,2,1851.045,3 1,West,3,7,0
0,5,13,2,1851.641,3 0,West,3,7,0
0,5,13,3,1852.152,3 0,North,3,7,0
0,5,13,2,1852.775,2 0,North,3,7,0
0,5,13,2,1853.384,1 0,North,3,7,0
0,5,13,3,1853.958,1 0,East,3,7,0
0,5,13,2,1854.727,1 1,East,3,7,0
0,5,13,3,1855.364,1 1,South,3,7,0
0,5,13,2,1855.941,2 1,South,3,7,0
0,5,13,1,1856.49,2 1,East,3,7,0
0,5,13,2,1857.032,2 2,East,3,7,0
0,5,13,1,1857.642,2 2,North,3,7,0
0,5,13,2,1858.474,1 2,North,3,7,0
0,5,13,2,1859.032,0 2,North,3,7,0
0,5,13,1,1859.628,0 2,West,3,7,0
0,5,13,1,1860.308,0 2,South,3,7,0
0,5,13,2,1860.907,1 2,South,3,7,0
0,5,13,2,1861.467,2 2,South,3,7,0
0,5,13,3,1862.037,2 2,West,3,7,0
0,5,13,2,1862.676,2 1,West,3,7,0
0,5,13,3,1863.27,2 1,North,3,7,0
0,5,13,2,1863.812,1 1,North,3,7,0
0,5,13,1,1864.372,1 1,West,3,7,0
0,5,13,2,1864.98,1 0,West,3,7,0
0,5,13,1,1865.556,1 0,South,3,7,0
0,5,13,2,1866.104,2 0,South,3,7,0
0,5,13,2,1866.695,3 0,South,3,7,0
0,5,13,1,1867.271,3 0,East,3,7,0
0,5,13,2,1867.85,3 1,East,3,7,0
0,5,13,2,1868.412,3 2,East,3,7,0
0,5,13,3,1868.984,3 2,South,3,7,0
0,5,13,2,1869.625,4 2,South,3,7,0
0,5,13,3,1870.152,4 2,West,3,7,0
0,5,13,1,1870.725,4 2,South,3,7,0
0,5,13,1,1871.321,4 2,East,3,7,0
0,5,13,2,1871.878,4 3,East,3,7,0
0,5,13,2,1872.457,4 4,East,3,7,0
0,5,13,1,1873.043,4 4,North,3,7,0
0,5,13,2,1873.627,3 4,North,3,7,0
0,5,13,1,1874.211,3 4,West,3,7,0
0,5,13,2,1874.838,3 3,West,3,7,0
0,5,13,3,1875.436,3 3,North,3,7,0
0,5,13,2,1876.01,2 3,North,3,7,0
0,5,13,2,1876.553,1 3,North,3,7,0
0,5,13,2,1877.094,0 3,North,3,7,0
0,5,13,3,1878.051,0 3,East,3,7,0
0,5,13,2,1878.659,0 4,East,3,7,0
0,5,13,3,1879.235,0 4,South,3,7,0
0,5,13,2,1879.832,1 4,South,3,7,0
0,5,13,6,1880.22,1 4,South,3,8,0
3,5,13,2,1889.268,3 4,North,3,0,0
3,5,13,1,1891.049,3 3,North,3,0,0
3,5,13,2,1891.639,2 3,North,3,0,0
3,5,13,6,1892.02,2 3,North,3,1,0
3,5,13,2,1892.603,1 3,North,3,1,0
3,5,13,2,1893.157,0 3,North,3,1,0
3,5,13,3,1893.742,0 4,North,3,1,0
3,5,13,4,1894.285,1 4,North,3,1,0
3,5,13,6,1894.64,1 4,North,3,2,0
3,5,13,2,1894.837,0 4,North,3,2,0
3,5,13,1,1895.421,0 3,North,3,2,0
3,5,13,4,1895.962,1 3,North,3,2,0
3,5,13,4,1896.548,2 3,North,3,2,0
3,5,13,4,1899.355,3 3,North,3,2,0
3,5,13,3,1900.118,3 4,North,3,2,0
3,5,13,4,1900.698,4 4,North,3,2,0
3,5,13,1,1901.293,4 3,North,3,2,0
3,5,13,1,1901.843,4 2,North,3,2,0
3,5,13,2,1903.835,3 2,North,3,2,0
3,5,13,1,1905.274,3 1,North,3,2,0
3,5,13,1,1906.005,3 0,North,3,2,0
3,5,13,2,1906.681,2 0,North,3,2,0
3,5,13,6,1907.06,2 0,North,3,3,0
3,5,13,4,1907.925,3 0,North,3,3,0
3,5,13,3,1908.552,3 1,North,3,3,0
3,5,13,3,1909.109,3 2,North,3,3,0
3,5,13,4,1909.674,4 2,North,3,3,0
3,5,13,3,1910.21,4 3,North,3,3,0
3,5,13,6,1910.62,4 3,North,3,4,0
3,5,13,3,1911.222,4 4,North,3,4,0
3,5,13,2,1911.925,3 4,North,3,4,0
3,5,13,1,1912.686,3 3,North,3,4,0
3,5,13,2,1913.275,2 3,North,3,4,0
3,5,13,2,1914.051,1 3,North,3,4,0
3,5,13,2,1915.747,0 3,North,3,4,0
3,5,13,3,1916.393,0 4,North,3,4,0
3,5,13,4,1917.02,1 4,North,3,4,0
3,5,13,4,1917.689,2 4,North,3,4,0
3,5,13,6,1918.06,2 4,North,3,5,0
3,5,13,2,1918.298,1 4,North,3,5,0
3,5,13,2,1918.889,0 4,North,3,5,0
3,5,13,1,1919.462,0 3,North,3,5,0
3,5,13,4,1919.993,1 3,North,3,5,0
3,5,13,4,1920.596,2 3,North,3,5,0
3,5,13,4,1921.748,3 3,North,3,5,0
3,5,13,3,1922.378,3 4,North,3,5,0
3,5,13,4,1922.936,4 4,North,3,5,0
3,5,13,1,1923.53,4 3,North,3,5,0
3,5,13,1,1924.077,4 2,North,3,5,0
3,5,13,1,1924.613,4 1,North,3,5,0
3,5,13,6,1925.02,4 1,North,3,6,0
3,5,13,3,1925.417,4 2,North,3,6,0
3,5,13,3,1926.296,4 3,North,3,6,0
3,5,13,3,1926.922,4 4,North,3,6,0
3,5,13,2,1927.575,3 4,North,3,6,0
3,5,13,1,1928.167,3 3,North,3,6,0
3,5,13,2,1928.747,2 3,North,3,6,0
3,5,13,2,1929.364,1 3,North,3,6,0
3,5,13,2,1930.021,0 3,North,3,6,0
3,5,13,3,1930.602,0 4,North,3,6,0
3,5,13,6,1931,0 4,North,3,7,0
3,5,13,1,1931.367,0 3,North,3,7,0
3,5,13,4,1931.959,1 3,North,3,7,0
3,5,13,4,1932.573,2 3,North,3,7,0
3,5,13,4,1933.143,3 3,North,3,7,0
3,5,13,3,1933.784,3 4,North,3,7,0
3,5,13,4,1934.371,4 4,North,3,7,0
3,5,13,1,1935.315,4 3,North,3,7,0
3,5,13,1,1935.971,4 2,North,3,7,0
3,5,13,2,1936.649,3 2,North,3,7,0
3,5,13,1,1937.563,3 1,North,3,7,0
3,5,13,1,1938.2,3 0,North,3,7,0
3,5,13,2,1938.811,2 0,North,3,7,0
3,5,13,2,1939.479,1 0,North,3,7,0
3,5,13,3,1939.991,1 1,North,3,7,0
3,5,13,4,1940.58,2 1,North,3,7,0
3,5,13,6,1940.94,2 1,North,3,8,0
0,5,14,2,1944.871,3 4,North,3,0,0
0,5,14,1,1945.382,3 4,West,3,0,0
0,5,14,2,1945.943,3 3,West,3,0,0
0,5,14,3,1946.474,3 3,North,3,0,0
0,5,14,2,1947.082,2 3,North,3,0,0
0,5,14,2,1947.67,1 3,North,3,0,0
0,5,14,2,1948.213,0 3,North,3,0,0
0,5,14,3,1949.223,0 3,East,3,0,0
0,5,14,2,1949.75,0 4,East,3,0,0
0,5,14,3,1950.308,0 4,South,3,0,0
0,5,14,3,1950.903,0 4,West,3,0,0
0,5,14,2,1951.484,0 3,West,3,0,0
0,5,14,1,1952.024,0 3,South,3,0,0
0,5,14,2,1952.634,1 3,South,3,0,0
0,5,14,2,1953.178,2 3,South,3,0,0
0,5,14,2,1953.722,3 3,South,3,0,0
0,5,14,1,1954.262,3 3,East,3,0,0
0,5,14,2,1954.819,3 4,East,3,0,0
0,5,14,3,1955.371,3 4,South,3,0,0
0,5,14,2,1955.945,4 4,South,3,0,0
0,5,14,3,1956.614,4 4,West,3,0,0
0,5,14,2,1957.209,4 3,West,3,0,0
0,5,14,2,1957.766,4 2,West,3,0,0
0,5,14,3,1958.522,4 2,North,3,0,0
0,5,14,2,1959.062,3 2,North,3,0,0
0,5,14,1,1959.644,3 2,West,3,0,0
0,5,14,2,1960.202,3 1,West,3,0,0
0,5,14,2,1960.724,3 0,West,3,0,0
0,5,14,6,1961.14,3 0,West,3,1,0
0,5,14,3,1961.253,3 0,North,3,1,0
0,5,14,2,1962.069,2 0,North,3,1,0
0,5,14,2,1962.665,1 0,North,3,1,0
0,5,14,3,1963.622,1 0,East,3,1,0
0,5,14,2,1964.233,1 1,East,3,1,0
0,5,14,3,1964.794,1 1,South,3,1,0
0,5,14,2,1965.399,2 1,South,3,1,0
0,5,14,1,1965.939,2 1,East,3,1,0
0,5,14,2,1966.503,2 2,East,3,1,0
0,5,14,1,1967.093,2 2,North,3,1,0
0,5,14,2,1967.623,1 2,North,3,1,0
0,5,14,2,1968.182,0 2,North,3,1,0
0,5,14,1,1968.744,0 2,West,3,1,0
0,5,14,1,1969.301,0 2,South,3,1,0
0,5,14,2,1969.833,1 2,South,3,1,0
0,5,14,2,1970.394,2 2,South,3,1,0
0,5,14,3,1970.918,2 2,West,3,1,0
0,5,14,2,1971.485,2 1,West,3,1,0
0,5,14,3,1972.004,2 1,North,3,1,0
0,5,14,2,1972.522,1 1,North,3,1,0
0,5,14,1,1973.079,1 1,West,3,1,0
0,5,14,2,1973.67,1 0,West,3,1,0
0,5,14,1,1974.182,1 0,South,3,1,0
0,5,14,2,1974.711,2 0,South,3,1,0
0,5,14,2,1975.251,3 0,South,3,1,0
0,5,14,1,1975.763,3 0,East,3,1,0
0,5,14,2,1976.323,3 1,East,3,1,0
0,5,14,2,1976.931,3 2,East,3,1,0
0,5,14,3,1977.499,3 2,South,3,1,0
0,5,14,2,1978.421,4 2,South,3,1,0
0,5,14,1,1978.967,4 2,East,3,1,0
0,5,14,2,1979.507,4 3,East,3,1,0
0,5,14,6,1979.92,4 3,East,3,2,0
0,5,14,1,1980.212,4 3,North,3,2,0
0,5,14,1,1981.195,4 3,West,3,2,0
0,5,14,2,1981.781,4 2,West,3,2,0
0,5,14,3,1982.46,4 2,North,3,2,0
0,5,14,3,1983.029,4 2,East,3,2,0
0,5,14,2,1983.563,4 3,East,3,2,0
0,5,14,2,1984.084,4 4,East,3,2,0
0,5,14,1,1984.872,4 4,North,3,2,0
0,5,14,2,1985.431,3 4,North,3,2,0
0,5,14,1,1986.259,3 4,West,3,2,0
0,5,14,2,1986.812,3 3,West,3,2,0
0,5,14,3,1987.449,3 3,North,3,2,0
0,5,14,2,1988.021,2 3,North,3,2,0
0,5,14,2,1988.583,1 3,North,3,2,0
0,5,14,2,1989.098,0 3,North,3,2,0
0,5,14,3,1989.626,0 3,East,3,2,0
0,5,14,2,1990.202,0 4,East,3,2,0
0,5,14,3,1990.741,0 4,South,3,2,0
0,5,14,3,1991.45,0 4,West,3,2,0
0,5,14,2,1992.009,0 3,West,3,2,0
0,5,14,1,1992.551,0 3,South,3,2,0
0,5,14,2,1993.352,1 3,South,3,2,0
0,5,14,2,1994.243,2 3,South,3,2,0
0,5,14,2,1994.804,3 3,South,3,2,0
0,5,14,1,1995.353,3 3,East,3,2,0
0,5,14,2,1995.923,3 4,East,3,2,0
0,5,14,3,1996.54,3 4,South,3,2,0
0,5,14,2,1997.078,4 4,South,3,2,0
0,5,14,3,1997.719,4 4,West,3,2,0
0,5,14,2,1998.259,4 3,West,3,2,0
0,5,14,2,1998.875,4 2,West,3,2,0
0,5,14,3,1999.412,4 2,North,3,2,0
0,5,14,2,1999.944,3 2,North,3,2,0
0,5,14,1,2000.489,3 2,West,3,2,0
0,5,14,2,2001.047,3 1,West,3,2,0
0,5,14,2,2001.571,3 0,West,3,2,0
0,5,14,3,2002.518,3 0,North,3,2,0
0,5,14,2,2003.048,2 0,North,3,2,0
0,5,14,2,2003.609,1 0,North,3,2,0
0,5,14,6,2003.98,1 0,North,3,3,0
0,5,14,3,2004.226,1 0,East,3,3,0
0,5,14,2,2005.227,1 1,East,3,3,0
0,5,14,3,2006.09,1 1,South,3,3,0
0,5,14,2,2006.648,2 1,South,3,3,0
0,5,14,1,2007.172,2 1,East,3,3,0
0,5,14,2,2007.734,2 2,East,3,3,0
0,5,14,6,2008.14,2 2,East,3,4,0
0,5,14,1,2008.282,2 2,North,3,4,0
0,5,14,2,2008.79,1 2,North,3,4,0
0,5,14,1,2009.381,1 2,West,3,4,0
0,5,14,1,2010.006,1 2,South,3,4,0
0,5,14,2,2010.582,2 2,South,3,4,0
0,5,14,3,2011.143,2 2,West,3,4,0
0,5,14,2,2012.038,2 1,West,3,4,0
0,5,14,3,2012.664,2 1,North,3,4,0
0,5,14,2,2013.203,1 1,North,3,4,0
0,5,14,6,2013.58,1 1,North,3,5,0
0,5,14,3,2013.813,1 1,East,3,5,0
0,5,14,3,2014.747,1 1,South,3,5,0
0,5,14,2,2015.288,2 1,South,3,5,0
0,5,14,1,2015.802,2 1,East,3,5,0
0,5,14,2,2016.614,2 2,East,3,5,0
0,5,14,1,2017.252,2 2,North,3,5,0
0,5,14,2,2017.82,1 2,North,3,5,0
0,5,14,2,2018.33,0 2,North,3,5,0
0,5,14,1,2018.871,0 2,West,3,5,0
0,5,14,1,2019.723,0 2,South,3,5,0
0,5,14,2,2020.274,1 2,South,3,5,0
0,5,14,2,2020.856,2 2,South,3,5,0
0,5,14,3,2021.747,2 2,West,3,5,0
0,5,14,2,2022.373,2 1,West,3,5,0
0,5,14,3,2022.981,2 1,North,3,5,0
0,5,14,2,2023.513,1 1,North,3,5,0
0,5,14,1,2024.101,1 1,West,3,5,0
0,5,14,2,2024.698,1 0,West,3,5,0
0,5,14,1,2025.285,1 0,South,3,5,0
0,5,14,2,2025.833,2 0,South,3,5,0
0,5,14,2,2026.393,3 0,South,3,5,0
0,5,14,1,2026.969,3 0,East,3,5,0
0,5,14,2,2027.541,3 1,East,3,5,0
0,5,14,2,2028.458,3 2,East,3,5,0
0,5,14,3,2029.03,3 2,South,3,5,0
0,5,14,2,2029.635,4 2,South,3,5,0
0,5,14,3,2030.164,4 2,West,3,5,0
0,5,14,1,2030.756,4 2,South,3,5,0
0,5,14,1,2031.331,4 2,East,3,5,0
0,5,14,2,2031.868,4 3,East,3,5,0
0,5,14,2,2032.437,4 4,East,3,5,0
0,5,14,1,2032.984,4 4,North,3,5,0
0,5,14,2,2033.496,3 4,North,3,5,0
0,5,14,6,2033.88,3 4,North,3,6,0
0,5,14,1,2034.058,3 4,West,3,6,0
0,5,14,2,2034.939,3 3,West,3,6,0
0,5,14,3,2035.48,3 3,North,3,6,0
0,5,14,2,2036.052,2 3,North,3,6,0
0,5,14,2,2036.68,1 3,North,3,6,0
0,5,14,6,2037.06,1 3,North,3,7,0
0,5,14,2,2037.235,0 3,North,3,7,0
0,5,14,3,2037.798,0 3,East,3,7,0
0,5,14,2,2038.361,0 4,East,3,7,0
0,5,14,3,2039.321,0 4,South,3,7,0
0,5,14,3,2039.907,0 4,West,3,7,0
0,5,14,2,2040.521,0 3,West,3,7,0
0,5,14,1,2041.083,0 3,South,3,7,0
0,5,14,2,2041.683,1 3,South,3,7,0
0,5,14,2,2042.26,2 3,South,3,7,0
0,5,14,2,2042.837,3 3,South,3,7,0
0,5,14,1,2043.464,3 3,East,3,7,0
0,5,14,2,2044.011,3 4,East,3,7,0
0,5,14,3,2044.534,3 4,South,3,7,0
0,5,14,2,2045.222,4 4,South,3,7,0
0,5,14,3,2045.75,4 4,West,3,7,0
0,5,14,2,2046.395,4 3,West,3,7,0
0,5,14,2,2046.969,4 2,West,3,7,0
0,5,14,2,2047.962,4 1,West,3,7,0
0,5,14,6,2048.38,4 1,West,3,8,0
3,5,14,1,2052.618,4 3,North,3,0,0
3,5,14,1,2053.492,4 2,North,3,0,0
3,5,14,1,2054.085,4 1,North,3,0,0
3,5,14,6,2054.5,4 1,North,3,1,0
3,5,14,3,2054.787,4 2,North,3,1,0
3,5,14,2,2055.37,3 2,North,3,1,0
3,5,14,1,2059.833,3 1,North,3,1,0
3,5,14,1,2061.159,3 0,North,3,1,0
3,5,14,2,2062.058,2 0,North,3,1,0
3,5,14,2,2062.69,1 0,North,3,1,0
3,5,14,6,2063.08,1 0,North,3,2,0
3,5,14,4,2063.929,2 0,North,3,2,0
3,5,14,4,2064.503,3 0,North,3,2,0
3,5,14,3,2065.115,3 1,North,3,2,0
3,5,14,3,2065.686,3 2,North,3,2,0
3,5,14,4,2066.218,4 2,North,3,2,0
3,5,14,3,2066.823,4 3,North,3,2,0
3,5,14,3,2067.367,4 4,North,3,2,0
3,5,14,2,2067.957,3 4,North,3,2,0
3,5,14,6,2068.34,3 4,North,3,3,0
3,5,14,4,2068.515,4 4,North,3,3,0
3,5,14,1,2069.125,4 3,North,3,3,0
3,5,14,1,2070.136,4 2,North,3,3,0
3,5,14,2,2070.822,3 2,North,3,3,0
3,5,14,1,2071.5,3 1,North,3,3,0
3,5,14,1,2072.054,3 0,North,3,3,0
3,5,14,2,2072.644,2 0,North,3,3,0
3,5,14,2,2073.26,1 0,North,3,3,0
3,5,14,3,2073.819,1 1,North,3,3,0
3,5,14,4,2074.501,2 1,North,3,3,0
3,5,14,3,2075.164,2 2,North,3,3,0
3,5,14,2,2075.781,1 2,North,3,3,0
3,5,14,6,2076.16,1 2,North,3,4,0
3,5,14,4,2076.627,2 2,North,3,4,0
3,5,14,1,2077.238,2 1,North,3,4,0
3,5,14,2,2077.828,1 1,North,3,4,0
3,5,14,1,2078.476,1 0,North,3,4,0
3,5,14,4,2079.158,2 0,North,3,4,0
3,5,14,4,2080.099,3 0,North,3,4,0
3,5,14,6,2080.46,3 0,North,3,5,0
3,5,14,2,2082.406,2 0,North,3,5,0
3,5,14,2,2083.06,1 0,North,3,5,0
3,5,14,3,2083.732,1 1,North,3,5,0
3,5,14,4,2084.404,2 1,North,3,5,0
3,5,14,3,2085.399,2 2,North,3,5,0
3,5,14,6,2085.8,2 2,North,3,6,0
3,5,14,2,2086.667,1 2,North,3,6,0
3,5,14,2,2087.532,0 2,North,3,6,0
3,5,14,1,2088.147,0 1,North,3,6,0
3,5,14,1,2088.709,0 0,North,3,6,0
3,5,14,6,2089.12,0 0,North,3,7,0
3,5,14,3,2089.335,0 1,North,3,7,0
3,5,14,3,2089.962,0 2,North,3,7,0
3,5,14,6,2090.36,0 2,North,3,8,0
0,5,15,2,2094.392,3 4,North,3,0,0
0,5,15,1,2094.938,3 4,West,3,0,0
0,5,15,2,2095.478,3 3,West,3,0,0
0,5,15,3,2096.059,3 3,North,3,0,0
0,5,15,2,2096.964,2 3,North,3,0,0
0,5,15,2,2097.507,1 3,North,3,0,0
0,5,15,2,2098.139,0 3,North,3,0,0
0,5,15,3,2098.715,0 3,East,3,0,0
0,5,15,2,2099.355,0 4,East,3,0,0
0,5,15,3,2099.893,0 4,South,3,0,0
0,5,15,3,2100.424,0 4,West,3,0,0
0,5,15,2,2100.984,0 3,West,3,0,0
0,5,15,1,2101.545,0 3,South,3,0,0
0,5,15,2,2102.107,1 3,South,3,0,0
0,5,15,2,2102.666,2 3,South,3,0,0
0,5,15,2,2103.21,3 3,South,3,0,0
0,5,15,1,2103.768,3 3,East,3,0,0
0,5,15,2,2104.582,3 4,East,3,0,0
0,5,15,3,2105.208,3 4,South,3,0,0
0,5,15,2,2105.755,4 4,South,3,0,0
0,5,15,3,2106.296,4 4,West,3,0,0
0,5,15,2,2106.87,4 3,West,3,0,0
0,5,15,2,2107.543,4 2,West,3,0,0
0,5,15,3,2108.07,4 2,North,3,0,0
0,5,15,2,2108.629,3 2,North,3,0,0
0,5,15,1,2109.142,3 2,West,3,0,0
0,5,15,2,2109.78,3 1,West,3,0,0
0,5,15,2,2110.291,3 0,West,3,0,0
0,5,15,3,2110.828,3 0,North,3,0,0
0,5,15,2,2111.45,2 0,North,3,0,0
0,5,15,2,2111.993,1 0,North,3,0,0
0,5,15,3,2112.521,1 0,East,3,0,0
0,5,15,2,2113.128,1 1,East,3,0,0
0,5,15,3,2113.689,1 1,South,3,0,0
0,5,15,2,2114.295,2 1,South,3,0,0
0,5,15,1,2114.826,2 1,East,3,0,0
0,5,15,2,2115.387,2 2,East,3,0,0
0,5,15,1,2115.91,2 2,North,3,0,0
0,5,15,2,2116.452,1 2,North,3,0,0
0,5,15,6,2116.84,1 2,North,3,1,0
0,5,15,2,2117.004,0 2,North,3,1,0
0,5,15,1,2117.531,0 2,West,3,1,0
0,5,15,1,2118.088,0 2,South,3,1,0
0,5,15,2,2118.891,1 2,South,3,1,0
0,5,15,2,2119.815,2 2,South,3,1,0
0,5,15,3,2120.393,2 2,West,3,1,0
0,5,15,2,2120.981,2 1,West,3,1,0
0,5,15,6,2121.38,2 1,West,3,2,0
0,5,15,3,2121.787,2 1,North,3,2,0
0,5,15,3,2122.582,2 1,East,3,2,0
0,5,15,2,2123.108,2 2,East,3,2,0
0,5,15,1,2123.881,2 2,North,3,2,0
0,5,15,2,2124.487,1 2,North,3,2,0
0,5,15,2,2125.083,0 2,North,3,2,0
0,5,15,6,2125.46,0 2,North,3,3,0
0,5,15,1,2125.947,0 2,West,3,3,0
0,5,15,1,2126.484,0 2,South,3,3,0
0,5,15,2,2127.044,1 2,South,3,3,0
0,5,15,2,2127.559,2 2,South,3,3,0
0,5,15,3,2128.379,2 2,West,3,3,0
0,5,15,2,2128.984,2 1,West,3,3,0
0,5,15,3,2129.523,2 1,North,3,3,0
0,5,15,2,2130.037,1 1,North,3,3,0
0,5,15,1,2130.825,1 1,West,3,3,0
0,5,15,2,2131.383,1 0,West,3,3,0
0,5,15,1,2131.987,1 0,South,3,3,0
0,5,15,2,2132.677,2 0,South,3,3,0
0,5,15,2,2133.254,3 0,South,3,3,0
0,5,15,1,2133.879,3 0,East,3,3,0
0,5,15,2,2134.421,3 1,East,3,3,0
0,5,15,2,2135.051,3 2,East,3,3,0
0,5,15,3,2135.619,3 2,South,3,3,0
0,5,15,2,2136.252,4 2,South,3,3,0
0,5,15,3,2136.779,4 2,West,3,3,0
0,5,15,2,2137.429,4 1,West,3,3,0
0,5,15,2,2138.053,4 0,West,3,3,0
0,5,15,6,2138.46,4 0,West,3,4,0
0,5,15,3,2138.661,4 0,North,3,4,0
0,5,15,3,2139.175,4 0,East,3,4,0
0,5,15,2,2139.734,4 1,East,3,4,0
0,5,15,2,2140.567,4 2,East,3,4,0
0,5,15,2,2141.078,4 3,East,3,4,0
0,5,15,2,2141.622,4 4,East,3,4,0
0,5,15,1,2142.184,4 4,North,3,4,0
0,5,15,2,2142.741,3 4,North,3,4,0
0,5,15,1,2143.3,3 4,West,3,4,0
0,5,15,2,2143.88,3 3,West,3,4,0
0,5,15,3,2144.459,3 3,North,3,4,0
0,5,15,2,2144.979,2 3,North,3,4,0
0,5,15,2,2145.596,1 3,North,3,4,0
0,5,15,2,2146.488,0 3,North,3,4,0
0,5,15,3,2147.331,0 3,East,3,4,0
0,5,15,2,2147.916,0 4,East,3,4,0
0,5,15,3,2148.503,0 4,South,3,4,0
0,5,15,3,2149.062,0 4,West,3,4,0
0,5,15,2,2149.619,0 3,West,3,4,0
0,5,15,1,2150.139,0 3,South,3,4,0
0,5,15,2,2150.664,1 3,South,3,4,0
0,5,15,2,2151.205,2 3,South,3,4,0
0,5,15,2,2151.975,3 3,South,3,4,0
0,5,15,1,2152.599,3 3,East,3,4,0
0,5,15,2,2153.142,3 4,East,3,4,0
0,5,15,3,2153.768,3 4,South,3,4,0
0,5,15,2,2154.323,4 4,South,3,4,0
0,5,15,3,2154.962,4 4,West,3,4,0
0,5,15,2,2155.53,4 3,West,3,4,0
0,5,15,3,2156.152,4 3,North,3,4,0
0,5,15,1,2156.699,4 3,West,3,4,0
0,5,15,2,2157.291,4 2,West,3,4,0
0,5,15,3,2158.14,4 2,North,3,4,0
0,5,15,2,2158.729,3 2,North,3,4,0
0,5,15,1,2159.3,3 2,West,3,4,0
0,5,15,2,2159.844,3 1,West,3,4,0
0,5,15,6,2160.26,3 1,West,3,5,0
0,5,15,2,2160.359,3 0,West,3,5,0
0,5,15,3,2160.916,3 0,North,3,5,0
0,5,15,2,2161.461,2 0,North,3,5,0
0,5,15,2,2161.973,1 0,North,3,5,0
0,5,15,3,2162.827,1 0,East,3,5,0
0,5,15,2,2163.48,1 1,East,3,5,0
0,5,15,3,2164.019,1 1,South,3,5,0
0,5,15,2,2164.551,2 1,South,3,5,0
0,5,15,1,2165.063,2 1,East,3,5,0
0,5,15,2,2165.593,2 2,East,3,5,0
0,5,15,1,2166.135,2 2,North,3,5,0
0,5,15,2,2166.648,1 2,North,3,5,0
0,5,15,2,2167.196,0 2,North,3,5,0
0,5,15,1,2167.706,0 2,West,3,5,0
0,5,15,2,2168.329,0 1,West,3,5,0
0,5,15,2,2168.84,0 0,West,3,5,0
0,5,15,6,2169.24,0 0,West,3,6,0
0,5,15,3,2169.412,0 0,North,3,6,0
0,5,15,3,2169.948,0 0,East,3,6,0
0,5,15,2,2170.501,0 1,East,3,6,0
0,5,15,2,2171.379,0 2,East,3,6,0
0,5,15,3,2172.36,0 2,South,3,6,0
0,5,15,2,2172.965,1 2,South,3,6,0
0,5,15,2,2173.499,2 2,South,3,6,0
0,5,15,3,2174.02,2 2,West,3,6,0
0,5,15,2,2174.587,2 1,West,3,6,0
0,5,15,3,2175.462,2 1,North,3,6,0
0,5,15,2,2176.021,1 1,North,3,6,0
0,5,15,1,2176.891,1 1,West,3,6,0
0,5,15,2,2177.513,1 0,West,3,6,0
0,5,15,1,2178.148,1 0,South,3,6,0
0,5,15,2,2178.741,2 0,South,3,6,0
0,5,15,2,2179.306,3 0,South,3,6,0
0,5,15,1,2180.183,3 0,East,3,6,0
0,5,15,2,2180.774,3 1,East,3,6,0
0,5,15,2,2181.307,3 2,East,3,6,0
0,5,15,3,2181.844,3 2,South,3,6,0
0,5,15,2,2182.374,4 2,South,3,6,0
0,5,15,6,2182.76,4 2,South,3,7,0
0,5,15,1,2183.243,4 2,East,3,7,0
0,5,15,3,2183.882,4 2,South,3,7,0
0,5,15,3,2184.853,4 2,West,3,7,0
0,5,15,1,2185.482,4 2,South,3,7,0
0,5,15,1,2186.138,4 2,East,3,7,0
0,5,15,2,2186.693,4 3,East,3,7,0
0,5,15,2,2187.205,4 4,East,3,7,0
0,5,15,1,2187.815,4 4,North,3,7,0
0,5,15,2,2188.411,3 4,North,3,7,0
0,5,15,1,2188.986,3 4,West,3,7,0
0,5,15,2,2189.529,3 3,West,3,7,0
0,5,15,3,2190.154,3 3,North,3,7,0
0,5,15,2,2190.787,2 3,North,3,7,0
0,5,15,2,2191.606,1 3,North,3,7,0
0,5,15,2,2192.488,0 3,North,3,7,0
0,5,15,3,2193.094,0 3,East,3,7,0
0,5,15,2,2193.607,0 4,East,3,7,0
0,5,15,3,2194.149,0 4,South,3,7,0
0,5,15,3,2194.761,0 4,West,3,7,0
0,5,15,2,2195.54,0 3,West,3,7,0
0,5,15,1,2196.597,0 3,South,3,7,0
0,5,15,2,2197.13,1 3,South,3,7,0
0,5,15,2,2197.654,2 3,South,3,7,0
0,5,15,2,2198.523,3 3,South,3,7,0
0,5,15,1,2199.034,3 3,East,3,7,0
0,5,15,2,2199.61,3 4,East,3,7,0
0,5,15,3,2200.17,3 4,South,3,7,0
0,5,15,2,2200.746,4 4,South,3,7,0
0,5,15,3,2201.304,4 4,West,3,7,0
0,5,15,2,2201.879,4 3,West,3,7,0
0,5,15,2,2202.501,4 2,West,3,7,0
0,5,15,3,2203.079,4 2,North,3,7,0
0,5,15,2,2203.62,3 2,North,3,7,0
0,5,15,1,2204.184,3 2,West,3,7,0
0,5,15,2,2205.145,3 1,West,3,7,0
0,5,15,2,2205.735,3 0,West,3,7,0
0,5,15,3,2206.323,3 0,North,3,7,0
0,5,15,2,2206.916,2 0,North,3,7,0
0,5,15,2,2207.477,1 0,North,3,7,0
0,5,15,3,2208.028,1 0,East,3,7,0
0,5,15,2,2208.616,1 1,East,3,7,0
0,5,15,3,2209.224,1 1,South,3,7,0
0,5,15,2,2209.813,2 1,South,3,7,0
0,5,15,1,2210.374,2 1,East,3,7,0
0,5,15,2,2210.999,2 2,East,3,7,0
0,5,15,1,2211.635,2 2,North,3,7,0
0,5,15,2,2212.262,1 2,North,3,7,0
0,5,15,2,2212.889,0 2,North,3,7,0
0,5,15,1,2213.54,0 2,West,3,7,0
0,5,15,2,2214.136,0 1,West,3,7,0
0,5,15,6,2214.54,0 1,West,3,8,0
3,5,15,1,2225.492,4 3,North,3,0,0
3,5,15,1,2226.011,4 2,North,3,0,0
3,5,15,2,2226.55,3 2,North,3,0,0
3,5,15,1,2227.096,3 1,North,3,0,0
3,5,15,1,2227.64,3 0,North,3,0,0
3,5,15,2,2228.599,2 0,North,3,0,0
3,5,15,2,2229.235,1 0,North,3,0,0
3,5,15,3,2229.897,1 1,North,3,0,0
3,5,15,4,2230.773,2 1,North,3,0,0
3,5,15,3,2231.387,2 2,North,3,0,0
3,5,15,2,2232.037,1 2,North,3,0,0
3,5,15,2,2232.62,0 2,North,3,0,0
3,5,15,6,2233,0 2,North,3,1,0
3,5,15,4,2233.432,1 2,North,3,1,0
3,5,15,4,2234.003,2 2,North,3,1,0
3,5,15,1,2234.563,2 1,North,3,1,0
3,5,15,2,2235.608,1 1,North,3,1,0
3,5,15,1,2236.269,1 0,North,3,1,0
3,5,15,4,2236.869,2 0,North,3,1,0
3,5,15,4,2237.498,3 0,North,3,1,0
3,5,15,3,2238.187,3 1,North,3,1,0
3,5,15,6,2238.6,3 1,North,3,2,0
3,5,15,4,2239.077,3 1,North,3,2,1
3,5,15,3,2239.725,3 2,North,3,2,1
3,5,15,4,2240.28,4 2,North,3,2,1
3,5,15,6,2240.64,4 2,North,3,3,1
3,5,15,2,2241.126,3 2,North,3,3,1
3,5,15,1,2241.797,3 1,North,3,3,1
3,5,15,1,2242.361,3 0,North,3,3,1
3,5,15,2,2243.014,2 0,North,3,3,1
3,5,15,2,2243.629,1 0,North,3,3,1
3,5,15,3,2244.217,1 1,North,3,3,1
3,5,15,4,2244.852,2 1,North,3,3,1
3,5,15,6,2245.22,2 1,North,3,4,1
3,5,15,2,2245.943,1 1,North,3,4,1
3,5,15,1,2246.6,1 0,North,3,4,1
3,5,15,4,2247.243,2 0,North,3,4,1
3,5,15,4,2248.028,3 0,North,3,4,1
3,5,15,3,2248.663,3 1,North,3,4,1
3,5,15,3,2249.254,3 2,North,3,4,1
3,5,15,6,2249.66,3 2,North,3,5,1
3,5,15,4,2250.339,4 2,North,3,5,1
3,5,15,3,2250.948,4 3,North,3,5,1
3,5,15,3,2251.565,4 4,North,3,5,1
3,5,15,2,2252.186,3 4,North,3,5,1
3,5,15,1,2252.842,3 3,North,3,5,1
3,5,15,2,2253.41,2 3,North,3,5,1
3,5,15,2,2254.072,1 3,North,3,5,1
3,5,15,6,2254.46,1 3,North,3,6,1
3,5,15,4,2254.901,2 3,North,3,6,1
3,5,15,4,2255.59,3 3,North,3,6,1
3,5,15,6,2255.96,3 3,North,3,7,1
3,5,15,2,2256.388,2 3,North,3,7,1
3,5,15,2,2256.964,1 3,North,3,7,1
3,5,15,2,2257.603,0 3,North,3,7,1
3,5,15,6,2257.98,0 3,North,3,8,1
0,6,16,2,2261.24,3 4,North,3,0,1
0,6,16,1,2261.816,3 4,West,3,0,1
0,6,16,2,2262.36,3 3,West,3,0,1
0,6,16,3,2262.891,3 3,North,3,0,1
0,6,16,2,2263.464,2 3,North,3,0,1
0,6,16,2,2264.036,1 3,North,3,0,1
0,6,16,2,2264.586,0 3,North,3,0,1
0,6,16,3,2265.163,0 3,East,3,0,1
0,6,16,2,2265.683,0 4,East,3,0,1
0,6,16,3,2266.212,0 4,South,3,0,1
0,6,16,3,2266.759,0 4,West,3,0,1
0,6,16,2,2267.317,0 3,West,3,0,1
0,6,16,1,2267.833,0 3,South,3,0,1
0,6,16,2,2268.748,1 3,South,3,0,1
0,6,16,2,2269.317,2 3,South,3,0,1
0,6,16,2,2269.868,3 3,South,3,0,1
0,6,16,1,2270.503,3 3,East,3,0,1
0,6,16,2,2271.175,3 4,East,3,0,1
0,6,16,3,2271.747,3 4,South,3,0,1
0,6,16,2,2272.371,4 4,South,3,0,1
0,6,16,3,2273.049,4 4,West,3,0,1
0,6,16,2,2273.673,4 3,West,3,0,1
0,6,16,2,2274.214,4 2,West,3,0,1
0,6,16,3,2274.827,4 2,North,3,0,1
0,6,16,2,2275.339,3 2,North,3,0,1
0,6,16,1,2276.011,3 2,West,3,0,1
0,6,16,2,2276.597,3 1,West,3,0,1
0,6,16,2,2277.14,3 0,West,3,0,1
0,6,16,3,2277.755,3 0,North,3,0,1
0,6,16,2,2278.339,2 0,North,3,0,1
0,6,16,2,2278.89,1 0,North,3,0,1
0,6,16,3,2279.412,1 0,East,3,0,1
0,6,16,2,2280.023,1 1,East,3,0,1
0,6,16,3,2280.612,1 1,South,3,0,1
0,6,16,2,2281.144,2 1,South,3,0,1
0,6,16,1,2281.686,2 1,East,3,0,1
0,6,16,2,2282.246,2 2,East,3,0,1
0,6,16,1,2282.826,2 2,North,3,0,1
0,6,16,2,2283.368,1 2,North,3,0,1
0,6,16,2,2283.944,0 2,North,3,0,1
0,6,16,1,2284.822,0 2,West,3,0,1
0,6,16,2,2285.341,0 1,West,3,0,1
0,6,16,6,2285.74,0 1,West,3,1,1
0,6,16,1,2285.909,0 1,South,3,1,1
0,6,16,1,2286.452,0 1,East,3,1,1
0,6,16,2,2287.333,0 2,East,3,1,1
0,6,16,3,2287.912,0 2,South,3,1,1
0,6,16,2,2288.422,1 2,South,3,1,1
0,6,16,6,2288.8,1 2,South,3,2,1
0,6,16,3,2289.017,1 2,West,3,2,1
0,6,16,3,2289.564,1 2,North,3,2,1
0,6,16,2,2290.131,0 2,North,3,2,1
0,6,16,1,2290.697,0 2,West,3,2,1
0,6,16,2,2291.225,0 1,West,3,2,1
0,6,16,2,2291.83,0 0,West,3,2,1
0,6,16,6,2292.24,0 0,West,3,3,1
0,6,16,3,2292.379,0 0,North,3,3,1
0,6,16,3,2292.901,0 0,East,3,3,1
0,6,16,2,2293.427,0 1,East,3,3,1
0,6,16,2,2294.101,0 2,East,3,3,1
0,6,16,3,2294.966,0 2,South,3,3,1
0,6,16,2,2295.525,1 2,South,3,3,1
0,6,16,2,2296.124,2 2,South,3,3,1
0,6,16,3,2296.643,2 2,West,3,3,1
0,6,16,2,2297.224,2 1,West,3,3,1
0,6,16,3,2297.735,2 1,North,3,3,1
0,6,16,2,2298.3,1 1,North,3,3,1
0,6,16,6,2298.68,1 1,North,3,4,1
0,6,16,3,2298.886,1 1,East,3,4,1
0,6,16,3,2299.756,1 1,South,3,4,1
0,6,16,2,2300.611,2 1,South,3,4,1
0,6,16,1,2301.253,2 1,East,3,4,1
0,6,16,2,2302.186,2 2,East,3,4,1
0,6,16,6,2302.6,2 2,East,3,5,1
0,6,16,1,2302.855,2 2,North,3,5,1
0,6,16,1,2303.395,2 2,West,3,5,1
0,6,16,2,2304.23,2 1,West,3,5,1
0,6,16,3,2304.807,2 1,North,3,5,1
0,6,16,2,2305.402,1 1,North,3,5,1
0,6,16,1,2305.97,1 1,West,3,5,1
0,6,16,2,2306.567,1 0,West,3,5,1
0,6,16,1,2307.143,1 0,South,3,5,1
0,6,16,2,2307.735,2 0,South,3,5,1
0,6,16,2,2308.277,3 0,South,3,5,1
0,6,16,1,2308.835,3 0,East,3,5,1
0,6,16,2,2309.355,3 1,East,3,5,1
0,6,16,2,2310.135,3 2,East,3,5,1
0,6,16,3,2310.699,3 2,South,3,5,1
0,6,16,2,2311.235,4 2,South,3,5,1
0,6,16,1,2311.764,4 2,East,3,5,1
0,6,16,2,2312.71,4 3,East,3,5,1
0,6,16,6,2313.12,4 3,East,3,6,1
0,6,16,3,2313.245,4 3,South,3,6,1
0,6,16,3,2313.788,4 3,West,3,6,1
0,6,16,3,2314.391,4 3,North,3,6,1
0,6,16,3,2315.29,4 3,East,3,6,1
0,6,16,2,2315.883,4 4,East,3,6,1
0,6,16,1,2316.42,4 4,North,3,6,1
0,6,16,2,2316.987,3 4,North,3,6,1
0,6,16,1,2317.621,3 4,West,3,6,1
0,6,16,2,2318.181,3 3,West,3,6,1
0,6,16,3,2318.743,3 3,North,3,6,1
0,6,16,2,2319.331,2 3,North,3,6,1
0,6,16,2,2319.914,1 3,North,3,6,1
0,6,16,2,2320.474,0 3,North,3,6,1
0,6,16,3,2321.031,0 3,East,3,6,1
0,6,16,2,2321.578,0 4,East,3,6,1
0,6,16,3,2322.138,0 4,South,3,6,1
0,6,16,3,2322.828,0 4,West,3,6,1
0,6,16,2,2323.388,0 3,West,3,6,1
0,6,16,1,2324.23,0 3,South,3,6,1
0,6,16,2,2324.746,1 3,South,3,6,1
0,6,16,2,2325.381,2 3,South,3,6,1
0,6,16,2,2325.93,3 3,South,3,6,1
0,6,16,1,2326.759,3 3,East,3,6,1
0,6,16,2,2327.316,3 4,East,3,6,1
0,6,16,3,2327.913,3 4,South,3,6,1
0,6,16,2,2328.49,4 4,South,3,6,1
0,6,16,3,2329.145,4 4,West,3,6,1
0,6,16,2,2329.773,4 3,West,3,6,1
0,6,16,2,2330.381,4 2,West,3,6,1
0,6,16,3,2330.9,4 2,North,3,6,1
0,6,16,2,2331.451,3 2,North,3,6,1
0,6,16,1,2332.024,3 2,West,3,6,1
0,6,16,2,2332.604,3 1,West,3,6,1
0,6,16,2,2333.114,3 0,West,3,6,1
0,6,16,3,2333.624,3 0,North,3,6,1
0,6,16,2,2334.499,2 0,North,3,6,1
0,6,16,2,2335.526,1 0,North,3,6,1
0,6,16,3,2336.15,1 0,East,3,6,1
0,6,16,2,2336.794,1 1,East,3,6,1
0,6,16,3,2337.382,1 1,South,3,6,1
0,6,16,2,2337.961,2 1,South,3,6,1
0,6,16,6,2338.34,2 1,South,3,7,1
0,6,16,1,2338.722,2 1,East,3,7,1
0,6,16,1,2339.273,2 1,North,3,7,1
0,6,16,3,2340.391,2 1,East,3,7,1
0,6,16,2,2340.922,2 2,East,3,7,1
0,6,16,1,2341.546,2 2,North,3,7,1
0,6,16,1,2342.099,2 2,West,3,7,1
0,6,16,2,2342.612,2 1,West,3,7,1
0,6,16,3,2343.162,2 1,North,3,7,1
0,6,16,2,2343.723,1 1,North,3,7,1
0,6,16,1,2344.586,1 1,West,3,7,1
0,6,16,2,2345.222,1 0,West,3,7,1
0,6,16,1,2345.875,1 0,South,3,7,1
0,6,16,2,2346.426,2 0,South,3,7,1
0,6,16,2,2346.997,3 0,South,3,7,1
0,6,16,1,2347.62,3 0,East,3,7,1
0,6,16,2,2348.163,3 1,East,3,7,1
0,6,16,2,2348.744,3 2,East,3,7,1
0,6,16,3,2349.285,3 2,South,3,7,1
0,6,16,2,2349.89,4 2,South,3,7,1
0,6,16,3,2350.788,4 2,West,3,7,1
0,6,16,1,2351.43,4 2,South,3,7,1
0,6,16,1,2352.392,4 2,East,3,7,1
0,6,16,2,2353.035,4 3,East,3,7,1
0,6,16,2,2353.579,4 4,East,3,7,1
0,6,16,1,2354.249,4 4,North,3,7,1
0,6,16,2,2354.855,3 4,North,3,7,1
0,6,16,1,2355.482,3 4,West,3,7,1
0,6,16,2,2356.12,3 3,West,3,7,1
0,6,16,3,2356.739,3 3,North,3,7,1
0,6,16,2,2357.251,2 3,North,3,7,1
0,6,16,2,2357.814,1 3,North,3,7,1
0,6,16,2,2358.519,0 3,North,3,7,1
0,6,16,6,2358.9,0 3,North,3,8,1
3,6,16,1,2363.236,4 3,North,3,0,0
3,6,16,1,2363.785,4 2,North,3,0,0
3,6,16,2,2364.536,3 2,North,3,0,0
3,6,16,1,2367.016,3 1,North,3,0,0
3,6,16,1,2367.594,3 0,North,3,0,0
3,6,16,2,2368.231,2 0,North,3,0,0
3,6,16,2,2368.828,1 0,North,3,0,0
3,6,16,3,2369.467,1 1,North,3,0,0
3,6,16,4,2370.09,2 1,North,3,0,0
3,6,16,3,2370.729,2 2,North,3,0,0
3,6,16,6,2371.14,2 2,North,3,1,0
3,6,16,1,2371.691,2 1,North,3,1,0
3,6,16,2,2372.314,1 1,North,3,1,0
3,6,16,1,2373.045,1 0,North,3,1,0
3,6,16,4,2373.69,2 0,North,3,1,0
3,6,16,4,2374.268,3 0,North,3,1,0
3,6,16,3,2374.871,3 1,North,3,1,0
3,6,16,3,2375.46,3 2,North,3,1,0
3,6,16,4,2376.055,4 2,North,3,1,0
3,6,16,3,2376.643,4 3,North,3,1,0
3,6,16,6,2377.04,4 3,North,3,2,0
3,6,16,1,2377.961,4 2,North,3,2,0
3,6,16,2,2378.661,3 2,North,3,2,0
3,6,16,1,2379.319,3 1,North,3,2,0
3,6,16,1,2380.007,3 0,North,3,2,0
3,6,16,2,2380.599,2 0,North,3,2,0
3,6,16,2,2381.194,1 0,North,3,2,0
3,6,16,3,2381.805,1 1,North,3,2,0
3,6,16,4,2382.393,2 1,North,3,2,0
3,6,16,3,2383.047,2 2,North,3,2,0
3,6,16,2,2383.685,1 2,North,3,2,0
3,6,16,6,2384.06,1 2,North,3,3,0
3,6,16,4,2384.567,2 2,North,3,3,0
3,6,16,1,2385.159,2 1,North,3,3,0
3,6,16,2,2385.737,1 1,North,3,3,0
3,6,16,1,2386.312,1 0,North,3,3,0
3,6,16,4,2386.933,2 0,North,3,3,0
3,6,16,4,2387.492,3 0,North,3,3,0
3,6,16,3,2388.052,3 1,North,3,3,0
3,6,16,3,2388.601,3 2,North,3,3,0
3,6,16,4,2389.188,4 2,North,3,3,0
3,6,16,1,2389.723,4 1,North,3,3,0
3,6,16,6,2390.12,4 1,North,3,4,0
3,6,16,3,2390.76,4 2,North,3,4,0
3,6,16,3,2391.829,4 3,North,3,4,0
3,6,16,3,2392.484,4 4,North,3,4,0
3,6,16,2,2393.193,3 4,North,3,4,0
3,6,16,1,2393.817,3 3,North,3,4,0
3,6,16,2,2394.348,2 3,North,3,4,0
3,6,16,2,2394.999,1 3,North,3,4,0
3,6,16,2,2395.594,0 3,North,3,4,0
3,6,16,3,2396.196,0 4,North,3,4,0
3,6,16,4,2396.812,1 4,North,3,4,0
3,6,16,4,2397.386,2 4,North,3,4,0
3,6,16,6,2397.76,2 4,North,3,5,0
3,6,16,2,2397.991,1 4,North,3,5,0
3,6,16,2,2398.6,0 4,North,3,5,0
3,6,16,1,2399.16,0 3,North,3,5,0
3,6,16,4,2399.692,1 3,North,3,5,0
3,6,16,4,2400.326,2 3,North,3,5,0
3,6,16,4,2400.89,3 3,North,3,5,0
3,6,16,3,2401.509,3 4,North,3,5,0
3,6,16,4,2402.173,4 4,North,3,5,0
3,6,16,1,2402.754,4 3,North,3,5,0
3,6,16,1,2403.31,4 2,North,3,5,0
3,6,16,2,2403.896,3 2,North,3,5,0
3,6,16,1,2404.422,3 1,North,3,5,0
3,6,16,1,2405.035,3 0,North,3,5,0
3,6,16,2,2405.627,2 0,North,3,5,0
3,6,16,2,2406.17,1 0,North,3,5,0
3,6,16,3,2407.205,1 1,North,3,5,0
3,6,16,6,2407.6,1 1,North,3,6,0
3,6,16,1,2409.364,1 0,North,3,6,0
3,6,16,4,2409.995,2 0,North,3,6,0
3,6,16,4,2410.536,3 0,North,3,6,0
3,6,16,3,2411.107,3 1,North,3,6,0
3,6,16,3,2411.675,3 2,North,3,6,0
3,6,16,4,2412.316,4 2,North,3,6,0
3,6,16,3,2412.901,4 3,North,3,6,0
3,6,16,3,2413.498,4 4,North,3,6,0
3,6,16,2,2414.1,3 4,North,3,6,0
3,6,16,1,2414.684,3 3,North,3,6,0
3,6,16,2,2415.272,2 3,North,3,6,0
3,6,16,6,2415.66,2 3,North,3,7,0
3,6,16,4,2416.552,3 3,North,3,7,0
3,6,16,3,2417.128,3 4,North,3,7,0
3,6,16,4,2417.771,4 4,North,3,7,0
3,6,16,1,2418.309,4 3,North,3,7,0
3,6,16,1,2418.858,4 2,North,3,7,0
3,6,16,2,2419.43,3 2,North,3,7,0
3,6,16,1,2420.055,3 1,North,3,7,0
3,6,16,1,2420.888,3 0,North,3,7,0
3,6,16,2,2421.56,2 0,North,3,7,0
3,6,16,2,2422.15,1 0,North,3,7,0
3,6,16,3,2422.747,1 1,North,3,7,0
3,6,16,4,2423.334,2 1,North,3,7,0
3,6,16,3,2423.989,2 2,North,3,7,0
3,6,16,2,2425.096,1 2,North,3,7,0
3,6,16,2,2425.741,0 2,North,3,7,0
3,6,16,6,2426.12,0 2,North,3,8,0
0,6,17,2,2430.044,3 4,North,3,0,0
0,6,17,1,2430.63,3 4,West,3,0,0
0,6,17,2,2431.179,3 3,West,3,0,0
0,6,17,1,2431.947,3 3,South,3,0,0
0,6,17,1,2432.553,3 3,East,3,0,0
0,6,17,2,2433.132,3 4,East,3,0,0
0,6,17,3,2433.719,3 4,South,3,0,0
0,6,17,2,2434.341,4 4,South,3,0,0
0,6,17,3,2435.02,4 4,West,3,0,0
0,6,17,2,2435.653,4 3,West,3,0,0
0,6,17,2,2436.217,4 2,West,3,0,0
0,6,17,2,2436.764,4 1,West,3,0,0
0,6,17,6,2437.18,4 1,West,3,1,0
0,6,17,3,2437.332,4 1,North,3,1,0
0,6,17,3,2437.957,4 1,East,3,1,0
0,6,17,2,2438.517,4 2,East,3,1,0
0,6,17,1,2439.063,4 2,North,3,1,0
0,6,17,2,2439.978,3 2,North,3,1,0
0,6,17,6,2440.36,3 2,North,3,2,0
0,6,17,1,2440.553,3 2,West,3,2,0
0,6,17,2,2441.062,3 1,West,3,2,0
0,6,17,2,2441.574,3 0,West,3,2,0
0,6,17,3,2442.087,3 0,North,3,2,0
0,6,17,2,2442.643,2 0,North,3,2,0
0,6,17,2,2443.191,1 0,North,3,2,0
0,6,17,3,2444.168,1 0,East,3,2,0
0,6,17,2,2444.759,1 1,East,3,2,0
0,6,17,3,2445.383,1 1,South,3,2,0
0,6,17,2,2445.913,2 1,South,3,2,0
0,6,17,1,2446.444,2 1,East,3,2,0
0,6,17,2,2446.997,2 2,East,3,2,0
0,6,17,1,2447.558,2 2,North,3,2,0
0,6,17,2,2448.486,1 2,North,3,2,0
0,6,17,2,2449.028,0 2,North,3,2,0
0,6,17,1,2449.577,0 2,West,3,2,0
0,6,17,1,2450.115,0 2,South,3,2,0
0,6,17,2,2450.684,1 2,South,3,2,0
0,6,17,2,2451.245,2 2,South,3,2,0
0,6,17,3,2452.169,2 2,West,3,2,0
0,6,17,2,2452.747,2 1,West,3,2,0
0,6,17,3,2453.323,2 1,North,3,2,0
0,6,17,2,2453.999,1 1,North,3,2,0
0,6,17,1,2454.554,1 1,West,3,2,0
0,6,17,2,2455.459,1 0,West,3,2,0
0,6,17,1,2456.085,1 0,South,3,2,0
0,6,17,2,2456.612,2 0,South,3,2,0
0,6,17,2,2457.123,3 0,South,3,2,0
0,6,17,1,2457.717,3 0,East,3,2,0
0,6,17,2,2458.295,3 1,East,3,2,0
0,6,17,2,2458.868,3 2,East,3,2,0
0,6,17,3,2459.444,3 2,South,3,2,0
0,6,17,2,2459.992,4 2,South,3,2,0
0,6,17,3,2460.587,4 2,West,3,2,0
0,6,17,1,2461.124,4 2,South,3,2,0
0,6,17,1,2461.687,4 2,East,3,2,0
0,6,17,2,2462.537,4 3,East,3,2,0
0,6,17,2,2463.096,4 4,East,3,2,0
0,6,17,1,2463.708,4 4,North,3,2,0
0,6,17,2,2464.323,3 4,North,3,2,0
0,6,17,1,2464.87,3 4,West,3,2,0
0,6,17,2,2465.48,3 3,West,3,2,0
0,6,17,3,2466.019,3 3,North,3,2,0
0,6,17,2,2466.552,2 3,North,3,2,0
0,6,17,2,2467.111,1 3,North,3,2,0
0,6,17,2,2467.696,0 3,North,3,2,0
0,6,17,3,2468.505,0 3,East,3,2,0
0,6,17,2,2469.414,0 4,East,3,2,0
0,6,17,6,2469.82,0 4,East,3,3,0
0,6,17,3,2469.996,0 4,South,3,3,0
0,6,17,3,2470.981,0 4,West,3,3,0
0,6,17,2,2471.558,0 3,West,3,3,0
0,6,17,1,2472.121,0 3,South,3,3,0
0,6,17,2,2472.652,1 3,South,3,3,0
0,6,17,2,2473.197,2 3,South,3,3,0
0,6,17,6,2473.56,2 3,South,3,4,0
0,6,17,3,2473.884,2 3,West,3,4,0
0,6,17,3,2474.723,2 3,North,3,4,0
0,6,17,2,2475.32,1 3,North,3,4,0
0,6,17,2,2475.832,0 3,North,3,4,0
0,6,17,3,2476.693,0 3,East,3,4,0
0,6,17,2,2477.221,0 4,East,3,4,0
0,6,17,3,2477.833,0 4,South,3,4,0
0,6,17,3,2478.387,0 4,West,3,4,0
0,6,17,2,2479.014,0 3,West,3,4,0
0,6,17,1,2479.545,0 3,South,3,4,0
0,6,17,2,2480.276,1 3,South,3,4,0
0,6,17,2,2481.131,2 3,South,3,4,0
0,6,17,2,2481.731,3 3,South,3,4,0
0,6,17,1,2482.261,3 3,East,3,4,0
0,6,17,2,2482.867,3 4,East,3,4,0
0,6,17,3,2483.417,3 4,South,3,4,0
0,6,17,2,2484.262,4 4,South,3,4,0
0,6,17,3,2484.837,4 4,West,3,4,0
0,6,17,2,2485.412,4 3,West,3,4,0
0,6,17,2,2485.961,4 2,West,3,4,0
0,6,17,2,2486.536,4 1,West,3,4,0
0,6,17,2,2487.063,4 0,West,3,4,0
0,6,17,6,2487.48,4 0,West,3,5,0
0,6,17,3,2487.929,4 0,North,3,5,0
0,6,17,3,2488.47,4 0,East,3,5,0
0,6,17,2,2489.299,4 1,East,3,5,0
0,6,17,2,2489.847,4 2,East,3,5,0
0,6,17,1,2490.378,4 2,North,3,5,0
0,6,17,2,2491.48,3 2,North,3,5,0
0,6,17,1,2492.279,3 2,West,3,5,0
0,6,17,2,2492.885,3 1,West,3,5,0
0,6,17,2,2493.464,3 0,West,3,5,0
0,6,17,3,2494.021,3 0,North,3,5,0
0,6,17,2,2494.598,2 0,North,3,5,0
0,6,17,2,2495.181,1 0,North,3,5,0
0,6,17,3,2495.718,1 0,East,3,5,0
0,6,17,2,2496.293,1 1,East,3,5,0
0,6,17,3,2496.853,1 1,South,3,5,0
0,6,17,2,2497.363,2 1,South,3,5,0
0,6,17,1,2497.912,2 1,East,3,5,0
0,6,17,2,2498.424,2 2,East,3,5,0
0,6,17,1,2498.985,2 2,North,3,5,0
0,6,17,2,2499.78,1 2,North,3,5,0
0,6,17,2,2500.325,0 2,North,3,5,0
0,6,17,1,2501.194,0 2,West,3,5,0
0,6,17,1,2501.816,0 2,South,3,5,0
0,6,17,2,2502.404,1 2,South,3,5,0
0,6,17,2,2502.935,2 2,South,3,5,0
0,6,17,3,2503.466,2 2,West,3,5,0
0,6,17,2,2503.989,2 1,West,3,5,0
0,6,17,3,2504.536,2 1,North,3,5,0
0,6,17,2,2505.095,1 1,North,3,5,0
0,6,17,1,2505.625,1 1,West,3,5,0
0,6,17,2,2506.181,1 0,West,3,5,0
0,6,17,1,2506.759,1 0,South,3,5,0
0,6,17,2,2507.316,2 0,South,3,5,0
0,6,17,2,2507.845,3 0,South,3,5,0
0,6,17,1,2508.442,3 0,East,3,5,0
0,6,17,2,2509.016,3 1,East,3,5,0
0,6,17,2,2509.547,3 2,East,3,5,0
0,6,17,3,2510.072,3 2,South,3,5,0
0,6,17,2,2510.611,4 2,South,3,5,0
0,6,17,1,2511.529,4 2,East,3,5,0
0,6,17,2,2512.103,4 3,East,3,5,0
0,6,17,2,2512.662,4 4,East,3,5,0
0,6,17,1,2513.188,4 4,North,3,5,0
0,6,17,2,2513.718,3 4,North,3,5,0
0,6,17,1,2514.341,3 4,West,3,5,0
0,6,17,2,2514.92,3 3,West,3,5,0
0,6,17,3,2515.575,3 3,North,3,5,0
0,6,17,2,2516.171,2 3,North,3,5,0
0,6,17,2,2516.76,1 3,North,3,5,0
0,6,17,2,2517.319,0 3,North,3,5,0
0,6,17,3,2517.85,0 3,East,3,5,0
0,6,17,2,2518.423,0 4,East,3,5,0
0,6,17,3,2519.019,0 4,South,3,5,0
0,6,17,2,2519.528,1 4,South,3,5,0
0,6,17,6,2519.9,1 4,South,3,6,0
0,6,17,3,2520.041,1 4,West,3,6,0
0,6,17,3,2520.661,1 4,North,3,6,0
0,6,17,2,2521.539,0 4,North,3,6,0
0,6,17,1,2522.092,0 4,West,3,6,0
0,6,17,2,2522.66,0 3,West,3,6,0
0,6,17,1,2523.273,0 3,South,3,6,0
0,6,17,2,2523.897,1 3,South,3,6,0
0,6,17,2,2524.774,2 3,South,3,6,0
0,6,17,2,2525.323,3 3,South,3,6,0
0,6,17,1,2525.909,3 3,East,3,6,0
0,6,17,2,2526.553,3 4,East,3,6,0
0,6,17,3,2527.131,3 4,South,3,6,0
0,6,17,2,2527.771,4 4,South,3,6,0
0,6,17,3,2528.328,4 4,West,3,6,0
0,6,17,2,2528.893,4 3,West,3,6,0
0,6,17,2,2529.449,4 2,West,3,6,0
0,6,17,6,2529.86,4 2,West,3,7,0
0,6,17,3,2529.979,4 2,North,3,7,0
0,6,17,2,2530.555,3 2,North,3,7,0
0,6,17,1,2531.067,3 2,West,3,7,0
0,6,17,2,2531.58,3 1,West,3,7,0
0,6,17,3,2532.233,3 1,North,3,7,0
0,6,17,1,2532.824,3 1,West,3,7,0
0,6,17,2,2533.813,3 0,West,3,7,0
0,6,17,3,2534.436,3 0,North,3,7,0
0,6,17,2,2534.981,2 0,North,3,7,0
0,6,17,2,2535.5,1 0,North,3,7,0
0,6,17,6,2535.88,1 0,North,3,8,0
3,6,17,2,2540.955,3 4,North,3,0,0
3,6,17,1,2541.514,3 3,North,3,0,0
3,6,17,2,2542.054,2 3,North,3,0,0
3,6,17,6,2542.44,2 3,North,3,1,0
3,6,17,4,2542.953,3 3,North,3,1,0
3,6,17,3,2543.509,3 4,North,3,1,0
3,6,17,4,2544.132,4 4,North,3,1,0
3,6,17,1,2544.661,4 3,North,3,1,0
3,6,17,1,2545.196,4 2,North,3,1,0
3,6,17,6,2545.6,4 2,North,3,2,0
3,6,17,2,2546.52,3 2,North,3,2,0
3,6,17,1,2553.08,3 1,North,3,2,0
3,6,17,1,2554.456,3 0,North,3,2,0
3,6,17,2,2555.113,2 0,North,3,2,0
3,6,17,6,2555.5,2 0,North,3,3,0
3,6,17,4,2556.344,3 0,North,3,3,0
3,6,17,3,2556.969,3 1,North,3,3,0
3,6,17,3,2557.539,3 2,North,3,3,0
3,6,17,6,2557.94,3 2,North,3,4,0
3,6,17,4,2558.406,4 2,North,3,4,0
3,6,17,1,2558.951,4 1,North,3,4,0
3,6,17,6,2559.36,4 1,North,3,5,0
3,6,17,3,2559.99,4 2,North,3,5,0
3,6,17,2,2560.628,3 2,North,3,5,0
3,6,17,1,2561.187,3 1,North,3,5,0
3,6,17,1,2561.814,3 0,North,3,5,0
3,6,17,2,2562.393,2 0,North,3,5,0
3,6,17,2,2562.987,1 0,North,3,5,0
3,6,17,6,2563.38,1 0,North,3,6,0
3,6,17,4,2564.021,2 0,North,3,6,0
3,6,17,4,2564.597,3 0,North,3,6,0
3,6,17,3,2565.16,3 1,North,3,6,0
3,6,17,3,2565.782,3 2,North,3,6,0
3,6,17,4,2566.39,4 2,North,3,6,0
3,6,17,3,2566.953,4 3,North,3,6,0
3,6,17,3,2567.524,4 4,North,3,6,0
3,6,17,2,2568.124,3 4,North,3,6,0
3,6,17,1,2568.708,3 3,North,3,6,0
3,6,17,2,2569.337,2 3,North,3,6,0
3,6,17,2,2569.978,1 3,North,3,6,0
3,6,17,2,2570.595,0 3,North,3,6,0
3,6,17,6,2570.98,0 3,North,3,7,0
3,6,17,4,2571.479,1 3,North,3,7,0
3,6,17,4,2572.458,2 3,North,3,7,0
3,6,17,4,2573.063,3 3,North,3,7,0
3,6,17,3,2573.659,3 4,North,3,7,0
3,6,17,4,2574.265,4 4,North,3,7,0
3,6,17,1,2574.837,4 3,North,3,7,0
3,6,17,1,2575.418,4 2,North,3,7,0
3,6,17,2,2576.026,3 2,North,3,7,0
3,6,17,1,2576.965,3 1,North,3,7,0
3,6,17,1,2577.622,3 0,North,3,7,0
3,6,17,6,2578.02,3 0,North,3,8,0
0,6,18,2,2581.638,3 4,North,3,0,0
0,6,18,1,2582.237,3 4,West,3,0,0
0,6,18,2,2582.793,3 3,West,3,0,0
0,6,18,6,2583.2,3 3,West,3,1,0
0,6,18,3,2583.413,3 3,North,3,1,0
0,6,18,2,2583.955,2 3,North,3,1,0
0,6,18,2,2584.5,1 3,North,3,1,0
0,6,18,2,2585.078,0 3,North,3,1,0
0,6,18,3,2585.673,0 3,East,3,1,0
0,6,18,3,2586.279,0 3,South,3,1,0
0,6,18,1,2587.364,0 3,East,3,1,0
0,6,18,2,2587.913,0 4,East,3,1,0
0,6,18,3,2588.536,0 4,South,3,1,0
0,6,18,2,2589.077,1 4,South,3,1,0
0,6,18,2,2589.675,2 4,South,3,1,0
0,6,18,6,2590.04,2 4,South,3,2,0
0,6,18,3,2590.278,2 4,West,3,2,0
0,6,18,3,2590.922,2 4,North,3,2,0
0,6,18,2,2591.562,1 4,North,3,2,0
0,6,18,2,2592.083,0 4,North,3,2,0
0,6,18,1,2592.649,0 4,West,3,2,0
0,6,18,2,2593.212,0 3,West,3,2,0
0,6,18,1,2593.752,0 3,South,3,2,0
0,6,18,2,2594.316,1 3,South,3,2,0
0,6,18,2,2594.869,2 3,South,3,2,0
0,6,18,2,2595.653,3 3,South,3,2,0
0,6,18,1,2596.269,3 3,East,3,2,0
0,6,18,2,2596.857,3 4,East,3,2,0
0,6,18,3,2597.4,3 4,South,3,2,0
0,6,18,2,2598.036,4 4,South,3,2,0
0,6,18,3,2598.585,4 4,West,3,2,0
0,6,18,2,2599.095,4 3,West,3,2,0
0,6,18,3,2599.72,4 3,North,3,2,0
0,6,18,1,2600.667,4 3,West,3,2,0
0,6,18,2,2601.301,4 2,West,3,2,0
0,6,18,3,2601.895,4 2,North,3,2,0
0,6,18,2,2602.438,3 2,North,3,2,0
0,6,18,1,2603.094,3 2,West,3,2,0
0,6,18,2,2603.608,3 1,West,3,2,0
0,6,18,6,2604.02,3 1,West,3,3,0
0,6,18,2,2604.2,3 0,West,3,3,0
0,6,18,3,2604.771,3 0,North,3,3,0
0,6,18,2,2605.347,2 0,North,3,3,0
0,6,18,2,2605.908,1 0,North,3,3,0
0,6,18,3,2606.503,1 0,East,3,3,0
0,6,18,2,2607.113,1 1,East,3,3,0
0,6,18,3,2607.685,1 1,South,3,3,0
0,6,18,2,2608.216,2 1,South,3,3,0
0,6,18,1,2608.787,2 1,East,3,3,0
0,6,18,2,2609.324,2 2,East,3,3,0
0,6,18,1,2609.896,2 2,North,3,3,0
0,6,18,2,2610.503,1 2,North,3,3,0
0,6,18,2,2611.129,0 2,North,3,3,0
0,6,18,6,2611.52,0 2,North,3,4,0
0,6,18,1,2611.651,0 2,West,3,4,0
0,6,18,1,2612.213,0 2,South,3,4,0
0,6,18,2,2612.765,1 2,South,3,4,0
0,6,18,2,2613.347,2 2,South,3,4,0
0,6,18,3,2613.882,2 2,West,3,4,0
0,6,18,2,2614.396,2 1,West,3,4,0
0,6,18,3,2614.935,2 1,North,3,4,0
0,6,18,2,2615.484,1 1,North,3,4,0
0,6,18,1,2616.006,1 1,West,3,4,0
0,6,18,2,2616.567,1 0,West,3,4,0
0,6,18,1,2617.22,1 0,South,3,4,0
0,6,18,2,2617.786,2 0,South,3,4,0
0,6,18,2,2618.345,3 0,South,3,4,0
0,6,18,1,2619.193,3 0,East,3,4,0
0,6,18,2,2619.803,3 1,East,3,4,0
0,6,18,2,2620.326,3 2,East,3,4,0
0,6,18,3,2620.89,3 2,South,3,4,0
0,6,18,2,2621.43,4 2,South,3,4,0
0,6,18,3,2621.988,4 2,West,3,4,0
0,6,18,1,2622.581,4 2,South,3,4,0
0,6,18,1,2623.111,4 2,East,3,4,0
0,6,18,2,2623.688,4 3,East,3,4,0
0,6,18,2,2624.267,4 4,East,3,4,0
0,6,18,1,2624.79,4 4,North,3,4,0
0,6,18,2,2625.739,3 4,North,3,4,0
0,6,18,6,2626.12,3 4,North,3,5,0
0,6,18,1,2626.299,3 4,West,3,5,0
0,6,18,2,2627.092,3 3,West,3,5,0
0,6,18,3,2627.752,3 3,North,3,5,0
0,6,18,2,2628.378,2 3,North,3,5,0
0,6,18,2,2628.903,1 3,North,3,5,0
0,6,18,2,2629.448,0 3,North,3,5,0
0,6,18,3,2630.379,0 3,East,3,5,0
0,6,18,3,2630.917,0 3,South,3,5,0
0,6,18,2,2631.733,1 3,South,3,5,0
0,6,18,2,2632.536,2 3,South,3,5,0
0,6,18,2,2633.107,3 3,South,3,5,0
0,6,18,1,2633.721,3 3,East,3,5,0
0,6,18,2,2634.534,3 4,East,3,5,0
0,6,18,3,2635.187,3 4,South,3,5,0
0,6,18,2,2635.754,4 4,South,3,5,0
0,6,18,3,2636.599,4 4,West,3,5,0
0,6,18,2,2637.21,4 3,West,3,5,0
0,6,18,2,2637.75,4 2,West,3,5,0
0,6,18,3,2638.278,4 2,North,3,5,0
0,6,18,2,2639.092,3 2,North,3,5,0
0,6,18,1,2639.701,3 2,West,3,5,0
0,6,18,2,2640.213,3 1,West,3,5,0
0,6,18,2,2640.794,3 0,West,3,5,0
0,6,18,3,2641.381,3 0,North,3,5,0
0,6,18,2,2641.94,2 0,North,3,5,0
0,6,18,6,2642.32,2 0,North,3,6,0
0,6,18,2,2642.899,1 0,North,3,6,0
0,6,18,3,2643.431,1 0,East,3,6,0
0,6,18,2,2644.019,1 1,East,3,6,0
0,6,18,3,2644.616,1 1,South,3,6,0
0,6,18,2,2645.43,2 1,South,3,6,0
0,6,18,1,2645.992,2 1,East,3,6,0
0,6,18,2,2646.54,2 2,East,3,6,0
0,6,18,1,2647.11,2 2,North,3,6,0
0,6,18,2,2647.624,1 2,North,3,6,0
0,6,18,1,2648.343,1 2,West,3,6,0
0,6,18,1,2649.638,1 2,South,3,6,0
0,6,18,2,2650.445,2 2,South,3,6,0
0,6,18,3,2651.05,2 2,West,3,6,0
0,6,18,2,2651.589,2 1,West,3,6,0
0,6,18,3,2652.147,2 1,North,3,6,0
0,6,18,2,2652.764,1 1,North,3,6,0
0,6,18,1,2653.273,1 1,West,3,6,0
0,6,18,2,2653.916,1 0,West,3,6,0
0,6,18,1,2654.455,1 0,South,3,6,0
0,6,18,2,2655.034,2 0,South,3,6,0
0,6,18,2,2655.572,3 0,South,3,6,0
0,6,18,1,2656.091,3 0,East,3,6,0
0,6,18,2,2656.709,3 1,East,3,6,0
0,6,18,2,2657.271,3 2,East,3,6,0
0,6,18,3,2657.811,3 2,South,3,6,0
0,6,18,2,2658.341,4 2,South,3,6,0
0,6,18,3,2659.291,4 2,West,3,6,0
0,6,18,1,2659.843,4 2,South,3,6,0
0,6,18,1,2660.411,4 2,East,3,6,0
0,6,18,2,2660.996,4 3,East,3,6,0
0,6,18,2,2661.561,4 4,East,3,6,0
0,6,18,1,2662.086,4 4,North,3,6,0
0,6,18,2,2662.615,3 4,North,3,6,0
0,6,18,1,2663.143,3 4,West,3,6,0
0,6,18,2,2663.739,3 3,West,3,6,0
0,6,18,3,2664.711,3 3,North,3,6,0
0,6,18,2,2665.308,2 3,North,3,6,0
0,6,18,2,2665.926,1 3,North,3,6,0
0,6,18,6,2666.3,1 3,North,3,7,0
0,6,18,2,2666.518,0 3,North,3,7,0
0,6,18,3,2667.094,0 3,East,3,7,0
0,6,18,3,2667.668,0 3,South,3,7,0
0,6,18,2,2668.472,1 3,South,3,7,0
0,6,18,2,2669.292,2 3,South,3,7,0
0,6,18,2,2669.943,3 3,South,3,7,0
0,6,18,1,2670.505,3 3,East,3,7,0
0,6,18,2,2671.017,3 4,East,3,7,0
0,6,18,3,2671.795,3 4,South,3,7,0
0,6,18,2,2672.381,4 4,South,3,7,0
0,6,18,3,2672.9,4 4,West,3,7,0
0,6,18,2,2673.478,4 3,West,3,7,0
0,6,18,2,2673.987,4 2,West,3,7,0
0,6,18,3,2674.7,4 2,North,3,7,0
0,6,18,2,2675.336,3 2,North,3,7,0
0,6,18,1,2675.86,3 2,West,3,7,0
0,6,18,2,2676.648,3 1,West,3,7,0
0,6,18,2,2677.58,3 0,West,3,7,0
0,6,18,6,2677.98,3 0,West,3,8,0
3,6,18,1,2681.962,4 3,North,3,0,0
3,6,18,1,2682.553,4 2,North,3,0,0
3,6,18,2,2683.323,3 2,North,3,0,0
3,6,18,1,2684.134,3 1,North,3,0,0
3,6,18,1,2684.777,3 0,North,3,0,0
3,6,18,2,2685.416,2 0,North,3,0,0
3,6,18,2,2685.989,1 0,North,3,0,0
3,6,18,3,2686.501,1 1,North,3,0,0
3,6,18,4,2687.029,2 1,North,3,0,0
3,6,18,3,2687.613,2 2,North,3,0,0
3,6,18,2,2688.202,1 2,North,3,0,0
3,6,18,2,2688.774,0 2,North,3,0,0
3,6,18,6,2689.16,0 2,North,3,1,0
3,6,18,4,2689.579,1 2,North,3,1,0
3,6,18,4,2690.118,2 2,North,3,1,0
3,6,18,1,2690.855,2 1,North,3,1,0
3,6,18,2,2691.56,1 1,North,3,1,0
3,6,18,1,2692.219,1 0,North,3,1,0
3,6,18,4,2692.852,2 0,North,3,1,0
3,6,18,4,2693.515,3 0,North,3,1,0
3,6,18,3,2694.171,3 1,North,3,1,0
3,6,18,3,2694.762,3 2,North,3,1,0
3,6,18,4,2695.45,4 2,North,3,1,0
3,6,18,3,2696.039,4 3,North,3,1,0
3,6,18,3,2696.616,4 4,North,3,1,0
3,6,18,2,2697.196,3 4,North,3,1,0
3,6,18,1,2697.865,3 3,North,3,1,0
3,6,18,6,2698.26,3 3,North,3,2,0
3,6,18,3,2698.789,3 4,North,3,2,0
3,6,18,4,2699.402,4 4,North,3,2,0
3,6,18,1,2700.003,4 3,North,3,2,0
3,6,18,1,2700.52,4 2,North,3,2,0
3,6,18,2,2701.085,3 2,North,3,2,0
3,6,18,1,2701.623,3 1,North,3,2,0
3,6,18,1,2702.251,3 0,North,3,2,0
3,6,18,2,2702.853,2 0,North,3,2,0
3,6,18,2,2703.466,1 0,North,3,2,0
3,6,18,3,2704.011,1 1,North,3,2,0
3,6,18,4,2704.583,2 1,North,3,2,0
3,6,18,6,2704.94,2 1,North,3,3,0
3,6,18,2,2705.429,1 1,North,3,3,0
3,6,18,1,2706.037,1 0,North,3,3,0
3,6,18,4,2706.618,2 0,North,3,3,0
3,6,18,4,2707.301,3 0,North,3,3,0
3,6,18,6,2707.66,3 0,North,3,4,0
3,6,18,3,2708.156,3 1,North,3,4,0
3,6,18,3,2708.714,3 2,North,3,4,0
3,6,18,4,2709.331,4 2,North,3,4,0
3,6,18,3,2709.898,4 3,North,3,4,0
3,6,18,3,2710.486,4 4,North,3,4,0
3,6,18,2,2711.034,3 4,North,3,4,0
3,6,18,1,2711.639,3 3,North,3,4,0
3,6,18,2,2712.168,2 3,North,3,4,0
3,6,18,2,2712.778,1 3,North,3,4,0
3,6,18,6,2713.16,1 3,North,3,5,0
3,6,18,4,2713.627,2 3,North,3,5,0
3,6,18,4,2714.667,3 3,North,3,5,0
3,6,18,3,2715.307,3 4,North,3,5,0
3,6,18,4,2715.99,4 4,North,3,5,0
3,6,18,1,2716.853,4 3,North,3,5,0
3,6,18,1,2717.511,4 2,North,3,5,0
3,6,18,2,2718.165,3 2,North,3,5,0
3,6,18,1,2718.873,3 1,North,3,5,0
3,6,18,6,2719.28,3 1,North,3,6,0
3,6,18,3,2719.783,3 2,North,3,6,0
3,6,18,4,2720.443,4 2,North,3,6,0
3,6,18,3,2720.997,4 3,North,3,6,0
3,6,18,3,2721.594,4 4,North,3,6,0
3,6,18,2,2722.195,3 4,North,3,6,0
3,6,18,1,2722.81,3 3,North,3,6,0
3,6,18,2,2723.339,2 3,North,3,6,0
3,6,18,2,2724.021,1 3,North,3,6,0
3,6,18,2,2724.583,0 3,North,3,6,0
3,6,18,3,2725.207,0 4,North,3,6,0
3,6,18,4,2725.814,1 4,North,3,6,0
3,6,18,6,2726.18,1 4,North,3,7,0
3,6,18,2,2726.631,0 4,North,3,7,0
3,6,18,6,2727.02,0 4,North,3,8,0
